ID,Season,Display Season,Team,Franchise,HR,3B,2B,1B,BB,IBB,FO,SO,Auto K,PO,RGO,LGO,LO,SF,SH,GO,GIDP,GITP,SB,CS,1RHR,2RHR,3RHR,4RHR,H_RISP,AB_RISP,H,PA,AB,TB,TB+,G_list,G,R,RBI,Total Diff,Total Plays,RE24,WPA,WAR,0 Diffs,500 Diffs,Last Team,Last Session,nH,nTB,nBB,nFO,nSH,nPA,nAB,SF value,nSF,lgnH,lgnBB,lgnPA,lgnAB,lgnTB,lgnOBP,lgnSLG,BA,BARISP,OBP,SLG,OPS,ISO,BABIP,SB%,HR%,K%,BB%,GB%,FB%,GB/FB,nOBP,nSLG,Avg Diff,Name,Batting Type,Pitching Type,Handedness,Position,OPS+
7,3,S3,TOL,TOL,0,0,0,0,0,0,1,0,0,0,0,0,0,0,0,0,0,0,0,0,0,0,0,0,0.0,0.0,0,1,1,0,0,{3008},1,0,0,233.0,1,-0.17639751552795027,-0.0317,-0.009620459023027711,0,0,TOL,2,0,0,0,1,0,1,0.9653679653679653,0.03463203463203463,0.03463203463203463,50,23,230,205.37229437229436,111,0.3173913043478261,0.5404818616808247,0.0,,0.0,0.0,0.0,0.0,0.0,,0.0,0.0,0.0,0.0,1.0,0.0,0.0,0.0,233.0,Tony McGooch,BN,,Right,2B,-100.0
9,3,S3,TCU,TCU,1,0,0,0,1,1,1,0,0,0,0,0,0,0,0,0,0,0,0,0,0,0,1,0,1.0,2.0,1,3,2,4,4,"{3002, 3007}",2,1,3,186.0,2,3.316666666666667,0.46579999999999994,0.3557245442559686,0,0,TCU,2,1,4,1,1,0,3,1.9653679653679654,0.03463203463203463,0.03463203463203463,50,23,230,205.37229437229436,111,0.3173913043478261,0.5404818616808247,0.5,0.5,0.6666666666666666,2.0,2.6666666666666665,1.5,0.0,,0.3333333333333333,0.0,0.3333333333333333,0.0,1.0,0.0,0.6666666666666665,2.0352422907488985,93.0,Odin Luka,BN,,Right,3B,486.6063637712903
13,3,S3,WSU,WSU,0,0,0,0,1,0,0,0,0,1,0,0,0,0,0,0,0,0,0,0,0,0,0,0,0.0,0.0,0,2,1,0,1,"{3005, 3007}",2,0,0,430.0,2,-0.17211943362459212,0.0040999999999999995,-0.0011733583029245771,0,0,WSU,2,0,0,1,0,0,2,1.0,0.03463203463203463,0.0,50,23,230,205.37229437229436,111,0.3173913043478261,0.5404818616808247,0.0,,0.5,0.0,0.5,0.0,0.0,,0.0,0.0,0.5,0.0,0.0,,0.5,0.0,215.0,Reimer Gonzalez,BN,,Right,SS,57.53424657534247
28,3,S3,TCU,TCU,0,0,1,1,0,0,0,0,0,1,0,0,0,0,0,0,0,0,0,0,0,0,0,0,0.0,1.0,2,3,3,3,3,"{3002, 3007}",2,2,0,577.0,3,0.943840579710145,0.188,0.11844193556031646,0,0,TCU,2,2,3,0,0,0,3,3.0,0.03463203463203463,0.0,50,23,230,205.37229437229436,111,0.3173913043478261,0.5404818616808247,0.6666666666666666,0.0,0.6666666666666666,1.0,1.6666666666666665,0.33333333333333337,0.6666666666666666,,0.0,0.0,0.0,0.0,0.0,,0.6666666666666666,1.0,192.33333333333334,Barney Turbo,BN,,Right,SS,295.06574712054163
29,3,S3,RIC,RIC,0,0,1,0,0,0,1,0,0,0,0,1,0,0,0,1,0,0,0,0,0,0,0,0,0.0,0.0,1,3,3,2,2,"{3010, 3003}",2,0,0,743.0,3,-0.9378026634382566,-0.050399999999999986,-0.06972238875452372,0,0,RIC,2,1,2,0,1,0,3,2.965367965367965,0.03463203463203463,0.03463203463203463,50,23,230,205.37229437229436,111,0.3173913043478261,0.5404818616808247,0.3333333333333333,,0.3333333333333333,0.6666666666666666,1.0,0.3333333333333333,0.3333333333333333,,0.0,0.0,0.0,0.5,0.5,1.0,0.3333333333333333,0.6744525547445256,247.66666666666666,Eric Leeder,BC,,Right,SS,129.81010007107398
34,12,S12,FUR,FUR,0,0,0,0,0,0,1,0,0,0,0,0,1,0,0,0,0,0,0,0,0,0,0,0,0.0,0.0,0,2,2,0,0,{12010},1,0,0,719.0,2,-1.0576923076923077,-0.15200000000000002,-0.09839528807524756,0,1,FUR,4,0,0,0,1,0,2,1.93446088794926,0.06553911205073996,0.06553911205073996,236,72,932,850.169133192389,464,0.33047210300429186,0.5457737547559247,0.0,,0.0,0.0,0.0,0.0,0.0,,0.0,0.0,0.0,0.0,1.0,0.0,0.0,0.0,359.5,Dixon Uraz,WC,,Left,RF,-100.0
36,3,S3,RIC,RIC,0,0,0,0,0,0,0,1,0,0,0,1,0,0,0,1,0,0,0,0,0,0,0,0,0.0,0.0,0,2,2,0,0,"{3010, 3003}",2,0,0,786.0,2,-0.8756908621960207,-0.0858,-0.07153050116006744,0,0,RIC,2,0,0,0,0,0,2,2.0,0.03463203463203463,0.0,50,23,230,205.37229437229436,111,0.3173913043478261,0.5404818616808247,0.0,,0.0,0.0,0.0,0.0,0.0,,0.0,0.5,0.0,1.0,0.0,inf,0.0,0.0,393.0,Jericho Caulfield,BN,,Right,2B,-100.0
61,3,S3,TOL,TOL,0,0,0,0,1,0,0,0,0,1,0,1,0,0,0,1,0,0,0,0,0,0,0,0,0.0,0.0,0,3,2,0,1,"{3008, 3002}",2,0,0,1016.0,3,-1.1263817243920413,-0.0546,-0.08858029484990218,0,0,TOL,2,0,0,1,0,0,3,2.0,0.03463203463203463,0.0,50,23,230,205.37229437229436,111,0.3173913043478261,0.5404818616808247,0.0,,0.3333333333333333,0.0,0.3333333333333333,0.0,0.0,,0.0,0.0,0.3333333333333333,0.5,0.0,inf,0.3333333333333333,0.0,338.6666666666667,Ronald McChimbus,BN,BB-B,Right,P,5.022831050228316
63,3,S3,IND,IND,0,0,0,0,0,0,0,0,0,0,1,1,0,0,0,2,1,0,0,0,0,0,0,0,0.0,2.0,0,2,2,0,0,"{3008, 3004}",2,0,0,923.0,2,-1.4166666666666667,-0.251,-0.12562808160713204,0,0,IND,2,0,0,0,0,0,2,2.0,0.03463203463203463,0.0,50,23,230,205.37229437229436,111,0.3173913043478261,0.5404818616808247,0.0,0.0,0.0,0.0,0.0,0.0,0.0,,0.0,0.0,0.0,1.0,0.0,inf,0.0,0.0,461.5,Michael Ikenberry,BN,BB-B,Right,C,-100.0
64,3,S3,VT,VT,0,0,0,0,1,0,0,1,1,0,0,0,0,0,0,0,0,0,0,0,0,0,0,0,0.0,0.0,0,2,1,0,1,"{3009, 3005}",2,1,0,119.0,1,0.35912552198477016,0.0342,0.05195113725801165,0,0,VT,2,0,0,1,0,0,2,1.0,0.03463203463203463,0.0,50,23,230,205.37229437229436,111,0.3173913043478261,0.5404818616808247,0.0,,0.5,0.0,0.5,0.0,,,0.0,0.5,0.5,,,,0.5,0.0,119.0,Biggie Moonshota,BN,,Right,DH,57.53424657534247
66,3,S3,NEB,NEB,0,0,0,0,0,0,0,2,0,2,0,0,0,0,0,0,0,0,0,0,0,0,0,0,0.0,3.0,0,4,4,0,0,"{3003, 3006}",2,0,0,1527.0,4,-1.0631908621960207,-0.21800000000000003,-0.0742419161005328,0,0,NEB,2,0,0,0,0,0,4,4.0,0.03463203463203463,0.0,50,23,230,205.37229437229436,111,0.3173913043478261,0.5404818616808247,0.0,0.0,0.0,0.0,0.0,0.0,0.0,,0.0,0.5,0.0,0.0,0.0,,0.0,0.0,381.75,Daniel Dove,BC,,Right,2B,-100.0
67,3,S3,IND,IND,0,0,0,0,0,0,0,0,0,0,1,1,0,0,0,2,0,0,0,0,0,0,0,0,0.0,0.0,0,2,2,0,0,{3008},1,0,0,839.0,2,-0.48461943362459214,-0.0849,-0.03242335830292458,0,0,IND,2,0,0,0,0,0,2,2.0,0.03463203463203463,0.0,50,23,230,205.37229437229436,111,0.3173913043478261,0.5404818616808247,0.0,,0.0,0.0,0.0,0.0,0.0,,0.0,0.0,0.0,1.0,0.0,inf,0.0,0.0,419.5,Dean Wesrey,BN,,Left,2B,-100.0
68,3,S3,UOM,UOM,1,0,1,0,0,0,0,0,0,0,0,0,0,0,0,0,0,0,0,0,1,0,0,0,0.0,0.0,2,2,2,6,6,"{3009, 3004}",2,2,1,62.0,2,2.125,0.3347,0.22853858505953462,0,0,UOM,2,2,6,0,0,0,2,2.0,0.03463203463203463,0.0,50,23,230,205.37229437229436,111,0.3173913043478261,0.5404818616808247,1.0,,1.0,3.0,4.0,2.0,1.0,,0.5,0.0,0.0,,,,1.0,3.0,31.0,Erin Pickles,BN,,Right,2B,770.12874821094
70,3,S3,WSU,WSU,0,0,0,1,0,0,1,0,0,0,0,1,0,0,0,1,0,0,0,0,0,0,0,0,0.0,1.0,1,3,3,1,1,"{3005, 3007}",2,1,0,785.0,3,-2.8585403726708076,-0.052899999999999996,-0.26179615967777886,0,0,WSU,2,1,1,0,1,0,3,2.965367965367965,0.03463203463203463,0.03463203463203463,50,23,230,205.37229437229436,111,0.3173913043478261,0.5404818616808247,0.3333333333333333,0.0,0.3333333333333333,0.3333333333333333,0.6666666666666666,0.0,0.3333333333333333,,0.0,0.0,0.0,0.5,0.5,1.0,0.3333333333333333,0.3372262773722628,261.6666666666667,Nicholas Verduci,BN,,Left,LF,67.41646556065115
77,3,S3,NEB,NEB,0,0,1,0,0,0,0,0,0,0,0,1,0,0,0,1,0,0,0,0,0,0,0,0,0.0,1.0,1,2,2,2,2,"{3003, 3006}",2,0,2,297.0,2,0.1875,0.0354,0.03478858505953464,0,0,NEB,2,1,2,0,0,0,2,2.0,0.03463203463203463,0.0,50,23,230,205.37229437229436,111,0.3173913043478261,0.5404818616808247,0.5,0.0,0.5,1.0,1.5,0.5,0.5,,0.0,0.0,0.0,1.0,0.0,inf,0.5,1.0,148.5,Buttfart McPoopus,BP,,Right,C,242.55433159542744
78,7,S7,USF,USF,0,0,0,0,0,0,1,1,0,1,1,1,0,0,0,2,0,0,0,0,0,0,0,0,0.0,1.0,0,5,5,0,0,"{7001, 7012, 7005}",3,0,0,1524.0,5,-0.8458551835417506,-0.1487,-0.05900796376782061,0,0,USF,4,0,0,0,1,0,5,4.944866920152092,0.055133079847908745,0.055133079847908745,117,45,517,467.92015209125475,241,0.31334622823984526,0.5150451394814038,0.0,0.0,0.0,0.0,0.0,0.0,0.0,,0.0,0.2,0.0,0.5,0.25,2.0,0.0,0.0,304.8,Crimson Chin,HK,,Right,LF,-100.0
83,3,S3,VT,VT,0,0,0,0,0,0,1,0,0,0,1,1,0,0,0,2,1,0,0,0,0,0,0,0,0.0,0.0,0,3,3,0,0,"{3009, 3005}",2,0,0,1048.0,3,-1.651493139628733,-0.1747,-0.14109143637357133,0,0,VT,2,0,0,0,1,0,3,2.965367965367965,0.03463203463203463,0.03463203463203463,50,23,230,205.37229437229436,111,0.3173913043478261,0.5404818616808247,0.0,,0.0,0.0,0.0,0.0,0.0,,0.0,0.0,0.0,0.6666666666666666,0.3333333333333333,2.0,0.0,0.0,349.3333333333333,Les Dee-Ache,BN,,Right,2B,-100.0
116,3,S3,NEB,NEB,0,1,0,1,0,0,1,1,0,0,0,0,0,0,0,0,0,0,0,0,0,0,0,0,0.0,1.0,2,4,4,4,4,"{3003, 3006}",2,1,0,738.0,4,1.7764830508474574,0.18730000000000002,0.20972547520381501,0,0,NEB,2,2,4,0,1,0,4,3.965367965367965,0.03463203463203463,0.03463203463203463,50,23,230,205.37229437229436,111,0.3173913043478261,0.5404818616808247,0.5,0.0,0.5,1.0,1.5,0.5,0.6666666666666666,,0.0,0.25,0.0,0.0,1.0,0.0,0.5,1.0087336244541485,184.5,Mattress Cadaire,BN,,Right,2B,244.17022753446753
117,3,S3,HOF,HOF,0,1,0,0,0,0,0,1,0,1,0,0,0,0,0,0,0,0,0,0,0,0,0,0,0.0,0.0,1,3,3,3,3,"{3001, 3006}",2,1,1,807.0,3,1.2869047619047618,-0.028599999999999993,0.1527483537797781,0,0,HOF,2,1,3,0,0,0,3,3.0,0.03463203463203463,0.0,50,23,230,205.37229437229436,111,0.3173913043478261,0.5404818616808247,0.3333333333333333,,0.3333333333333333,1.0,1.3333333333333333,0.6666666666666667,0.5,,0.0,0.3333333333333333,0.0,0.0,0.0,,0.3333333333333333,1.0,269.0,Harry Peritestes,BN,BS-B,Right,3B,190.04291607031334
118,3,S3,WSU,WSU,0,0,0,0,0,0,0,0,0,0,1,0,0,0,0,1,0,0,0,0,0,0,0,0,0.0,0.0,0,1,1,0,0,{3005},1,0,0,380.0,1,-0.1714285714285714,-0.0368,-0.009123564613089824,0,0,WSU,1,0,0,0,0,0,1,1.0,0.03463203463203463,0.0,50,23,230,205.37229437229436,111,0.3173913043478261,0.5404818616808247,0.0,,0.0,0.0,0.0,0.0,0.0,,0.0,0.0,0.0,1.0,0.0,inf,0.0,0.0,380.0,Luap Renraw,BC,,Right,3B,-100.0
121,3,S3,TCU,TCU,0,0,0,1,0,0,2,0,0,0,0,0,0,0,0,0,0,0,0,0,0,0,0,0,0.0,2.0,1,3,3,1,1,"{3002, 3007}",2,0,0,546.0,3,-0.5755952380952382,-0.030699999999999998,-0.033501646220221865,0,0,TCU,2,1,1,0,2,0,3,2.930735930735931,0.03463203463203463,0.06926406926406926,50,23,230,205.37229437229436,111,0.3173913043478261,0.5404818616808247,0.3333333333333333,0.0,0.3333333333333333,0.3333333333333333,0.6666666666666666,0.0,0.3333333333333333,,0.0,0.0,0.0,0.0,1.0,0.0,0.3333333333333333,0.3412112259970458,182.0,Chaz McDunnough,BN,,Right,LF,68.15376109400914
132,3,S3,CSUF,CSUF,0,0,0,1,0,0,0,1,0,1,0,0,0,0,0,0,0,0,0,0,0,0,0,0,0.0,2.0,1,3,3,1,1,"{3001, 3010}",2,1,0,777.0,3,0.5999999999999999,-0.030400000000000017,0.08405787758930196,0,0,CSUF,2,1,1,0,0,0,3,3.0,0.03463203463203463,0.0,50,23,230,205.37229437229436,111,0.3173913043478261,0.5404818616808247,0.3333333333333333,0.0,0.3333333333333333,0.3333333333333333,0.6666666666666666,0.0,0.5,,0.0,0.3333333333333333,0.0,0.0,0.0,,0.3333333333333333,0.3333333333333333,259.0,Carlos Brownson,BN,,Right,C,66.69619272358997
134,3,S3,TOL,TOL,0,0,0,0,0,0,1,1,0,0,1,0,0,1,0,1,0,0,0,0,0,0,0,0,0.0,0.0,0,3,2,0,0,"{3008, 3002}",2,0,1,776.0,3,0.3472049689440994,-0.0738,0.0587783744837119,0,0,TOL,2,0,0,0,1,0,3,2.965367965367965,0.03463203463203463,0.03463203463203463,50,23,230,205.37229437229436,111,0.3173913043478261,0.5404818616808247,0.0,,0.0,0.0,0.0,0.0,0.0,,0.0,0.3333333333333333,0.0,0.5,0.5,1.0,0.0,0.0,258.6666666666667,Dart Ragusa,BN,BB-B,Right,1B,-100.0
134,5,S5,SLC,SLC,0,0,0,0,0,0,1,1,0,1,0,1,0,0,0,1,0,0,0,0,0,0,0,0,0.0,2.0,0,4,4,0,0,"{5002, 5020, 5021}",3,0,0,1130.0,4,-1.4818316935743399,-0.1242,-0.12195780974810595,0,0,SLC,6,0,0,0,1,0,4,3.96085409252669,0.03914590747330961,0.03914590747330961,183,73,827,748.7544483985765,362,0.309552599758162,0.4834695817490494,0.0,0.0,0.0,0.0,0.0,0.0,0.0,,0.0,0.25,0.0,0.3333333333333333,0.3333333333333333,1.0,0.0,0.0,282.5,Dart Ragusa,MH,,Right,1B,-100.0
135,3,S3,CSUF,CSUF,0,0,0,0,0,0,0,2,0,0,0,0,0,0,0,0,0,0,0,0,0,0,0,0,0.0,1.0,0,2,2,0,0,"{3001, 3010}",2,0,0,687.0,2,-0.643064182194617,-0.08560000000000001,-0.04826783315992707,0,0,CSUF,2,0,0,0,0,0,2,2.0,0.03463203463203463,0.0,50,23,230,205.37229437229436,111,0.3173913043478261,0.5404818616808247,0.0,0.0,0.0,0.0,0.0,0.0,,,0.0,1.0,0.0,,,,0.0,0.0,343.5,Lloyd Gross,BN,,Left,1B,-100.0
136,3,S3,WSU,WSU,0,0,1,0,0,0,0,0,0,0,1,1,0,0,0,2,0,0,0,0,0,0,0,0,0.0,0.0,1,3,3,2,2,"{3005, 3007}",2,1,0,915.0,3,2.3543636172228655,0.012100000000000014,0.2594942393115885,0,0,WSU,2,1,2,0,0,0,3,3.0,0.03463203463203463,0.0,50,23,230,205.37229437229436,111,0.3173913043478261,0.5404818616808247,0.3333333333333333,,0.3333333333333333,0.6666666666666666,1.0,0.3333333333333333,0.3333333333333333,,0.0,0.0,0.0,1.0,0.0,inf,0.3333333333333333,0.6666666666666666,305.0,Tyler Gordon,BN,,Left,1B,128.36955439695163
138,3,S3,CSUF,CSUF,0,0,0,0,1,0,0,0,0,0,0,0,0,0,0,0,0,0,0,0,0,0,0,0,0.0,0.0,0,1,0,0,0,{3001},1,0,0,0,0,0.1410714285714286,0.0022,0.022126435386910177,0,0,CSUF,1,0,0,1,0,0,1,0.0,0.03463203463203463,0.0,50,23,230,205.37229437229436,111,0.3173913043478261,0.5404818616808247,,,1.0,,,,,,0.0,0.0,1.0,,,,1.0,,,Donnie Draper,BN,,Right,SS,
140,3,S3,WSU,WSU,1,0,0,0,1,0,0,0,0,1,0,1,0,0,0,1,0,0,0,0,0,1,0,0,0.0,1.0,1,4,3,4,5,"{3005, 3007}",2,1,2,1023.0,4,1.5114209390462154,0.3552,0.18321926402369076,0,0,WSU,2,1,4,1,0,0,4,3.0,0.03463203463203463,0.0,50,23,230,205.37229437229436,111,0.3173913043478261,0.5404818616808247,0.3333333333333333,0.0,0.5,1.3333333333333333,1.8333333333333333,1.0,0.0,,0.25,0.0,0.25,0.5,0.0,inf,0.5,1.3333333333333333,255.75,Rob Patterson,BN,BS-B,Left,CF,304.22769326878904
141,3,S3,NEB,NEB,0,0,0,0,1,0,1,1,0,0,0,0,0,0,0,0,0,0,0,0,0,0,0,0,0.0,0.0,0,3,2,0,1,"{3003, 3006}",2,0,0,625.0,3,-1.075,-0.0040999999999999995,-0.08344212241069804,0,0,NEB,2,0,0,1,1,0,3,1.9653679653679654,0.03463203463203463,0.03463203463203463,50,23,230,205.37229437229436,111,0.3173913043478261,0.5404818616808247,0.0,,0.3333333333333333,0.0,0.3333333333333333,0.0,0.0,,0.0,0.3333333333333333,0.3333333333333333,0.0,1.0,0.0,0.33333333333333326,0.0,208.33333333333334,Slapshot Brady,BN,,Right,CF,5.022831050228294
143,3,S3,RIC,RIC,0,0,0,0,0,0,0,2,0,0,0,0,0,0,0,0,0,0,0,0,0,0,0,0,0.0,0.0,0,2,2,0,0,"{3010, 3003}",2,0,0,697.0,2,-0.489588377723971,-0.0888,-0.03292025271286247,0,0,RIC,2,0,0,0,0,0,2,2.0,0.03463203463203463,0.0,50,23,230,205.37229437229436,111,0.3173913043478261,0.5404818616808247,0.0,,0.0,0.0,0.0,0.0,,,0.0,1.0,0.0,,,,0.0,0.0,348.5,Tommy Oldman,BN,,Right,CF,-100.0
144,3,S3,IND,IND,0,0,0,0,1,0,0,0,0,0,0,0,0,0,0,0,0,0,0,0,0,0,0,0,0.0,0.0,0,1,0,0,1,{3004},1,0,0,160.0,1,0.5271739130434783,0.0533,0.060736683834115145,0,0,IND,1,0,0,1,0,0,1,0.0,0.03463203463203463,0.0,50,23,230,205.37229437229436,111,0.3173913043478261,0.5404818616808247,,,1.0,,,,,,0.0,0.0,1.0,,,,1.0,,160.0,Homer Pimpson,BN,,Left,RF,
145,3,S3,WSU,WSU,0,0,0,0,0,0,1,0,0,0,1,0,0,0,0,1,0,0,0,0,0,0,0,0,0.0,1.0,0,2,2,0,0,"{3005, 3007}",2,0,0,620.0,2,-0.5631908621960207,-0.0841,-0.04028050116006744,0,0,WSU,2,0,0,0,1,0,2,1.9653679653679654,0.03463203463203463,0.03463203463203463,50,23,230,205.37229437229436,111,0.3173913043478261,0.5404818616808247,0.0,0.0,0.0,0.0,0.0,0.0,0.0,,0.0,0.0,0.0,0.5,0.5,1.0,0.0,0.0,310.0,Jack Meloy,BP,,Right,RF,-100.0
146,3,S3,TOL,TOL,0,0,0,0,1,0,0,0,0,0,0,0,0,0,0,0,0,0,0,0,0,0,0,0,0.0,0.0,0,1,0,0,0,{3002},1,0,0,0,0,0.880952380952381,0.051,0.09611453062500543,0,0,TOL,1,0,0,1,0,0,1,0.0,0.03463203463203463,0.0,50,23,230,205.37229437229436,111,0.3173913043478261,0.5404818616808247,,,1.0,,,,,,0.0,0.0,1.0,,,,1.0,,,Jerry Jingles,BN,,Right,RF,
152,3,S3,VT,VT,1,0,0,0,0,0,1,0,0,0,0,0,0,0,0,0,0,0,0,0,0,1,0,0,0.0,0.0,1,2,2,4,4,"{3009, 3005}",2,1,2,215.0,2,1.3013975155279502,0.4331,0.14617833661232965,0,0,VT,2,1,4,0,1,0,2,1.9653679653679654,0.03463203463203463,0.03463203463203463,50,23,230,205.37229437229436,111,0.3173913043478261,0.5404818616808247,0.5,,0.5,2.0,2.5,1.5,0.0,,0.5,0.0,0.0,0.0,1.0,0.0,0.5,2.0352422907488985,107.5,Kris Jaxon,BP,,Left,C,434.0949482461762
154,3,S3,CSUF,CSUF,0,0,0,0,0,0,0,0,0,1,0,0,0,0,0,0,0,0,0,0,0,0,0,0,0.0,0.0,0,1,1,0,0,{3001},1,0,0,406.0,1,-0.3131908621960207,-0.003,-0.023299793689834754,0,0,CSUF,1,0,0,0,0,0,1,1.0,0.03463203463203463,0.0,50,23,230,205.37229437229436,111,0.3173913043478261,0.5404818616808247,0.0,,0.0,0.0,0.0,0.0,0.0,,0.0,0.0,0.0,0.0,0.0,,0.0,0.0,406.0,Mac Aves,BC,,Right,2B,-100.0
156,3,S3,HOF,HOF,0,0,0,0,1,0,0,1,0,0,0,0,0,0,0,0,0,0,0,0,0,0,0,0,0.0,0.0,0,2,1,0,1,"{3001, 3006}",2,1,0,471.0,2,-0.3430641821946172,0.0228,-0.01826783315992709,0,0,HOF,2,0,0,1,0,0,2,1.0,0.03463203463203463,0.0,50,23,230,205.37229437229436,111,0.3173913043478261,0.5404818616808247,0.0,,0.5,0.0,0.5,0.0,,,0.0,0.5,0.5,,,,0.5,0.0,235.5,Owen Thirlwell,BC,,Right,2B,57.53424657534247
161,3,S3,UOM,UOM,0,0,0,0,0,0,3,0,0,0,0,0,0,0,0,0,0,0,0,0,0,0,0,0,0.0,0.0,0,3,3,0,0,"{3009, 3004}",2,0,0,554.0,3,-0.806159420289855,-0.0857,-0.056558064439683545,0,0,UOM,2,0,0,0,3,0,3,2.896103896103896,0.03463203463203463,0.1038961038961039,50,23,230,205.37229437229436,111,0.3173913043478261,0.5404818616808247,0.0,,0.0,0.0,0.0,0.0,0.0,,0.0,0.0,0.0,0.0,1.0,0.0,0.0,0.0,184.66666666666666,Girth Brooks,BN,,Right,LF,-100.0
172,3,S3,CSUF,CSUF,0,0,0,0,0,0,0,0,0,0,0,1,0,0,0,1,0,0,0,0,0,0,0,0,0.0,0.0,0,1,1,0,0,{3001},1,0,0,495.0,1,-0.1714285714285714,-0.0052,-0.009123564613089824,0,0,CSUF,1,0,0,0,0,0,1,1.0,0.03463203463203463,0.0,50,23,230,205.37229437229436,111,0.3173913043478261,0.5404818616808247,0.0,,0.0,0.0,0.0,0.0,0.0,,0.0,0.0,0.0,1.0,0.0,inf,0.0,0.0,495.0,Chad Berry,BN,,Right,3B,-100.0
180,3,S3,UOM,UOM,0,0,0,0,0,0,2,0,0,0,0,0,0,0,0,0,0,0,0,0,0,0,0,0,0.0,0.0,0,2,2,0,0,"{3009, 3004}",2,0,0,496.0,2,-0.489588377723971,-0.0282,-0.03292025271286247,0,0,UOM,2,0,0,0,2,0,2,1.9307359307359306,0.03463203463203463,0.06926406926406926,50,23,230,205.37229437229436,111,0.3173913043478261,0.5404818616808247,0.0,,0.0,0.0,0.0,0.0,0.0,,0.0,0.0,0.0,0.0,1.0,0.0,0.0,0.0,248.0,Demetrios Ooga,BC,BB-B,Left,C,-100.0
184,3,S3,NEB,NEB,1,0,1,0,0,0,0,0,0,0,0,0,0,0,0,0,0,0,0,0,1,0,0,0,0.0,0.0,2,2,2,6,6,"{3003, 3006}",2,1,1,88.0,2,2.125,0.174,0.22853858505953462,0,0,NEB,2,2,6,0,0,0,2,2.0,0.03463203463203463,0.0,50,23,230,205.37229437229436,111,0.3173913043478261,0.5404818616808247,1.0,,1.0,3.0,4.0,2.0,1.0,,0.5,0.0,0.0,,,,1.0,3.0,44.0,Henry Crowell,BN,,Right,C,770.12874821094
185,3,S3,NEB,NEB,0,0,0,2,0,0,1,0,0,0,1,0,0,0,0,1,0,0,0,0,0,0,0,0,1.0,2.0,2,4,4,2,2,"{3003, 3006}",2,1,1,806.0,4,-0.7957477980138254,0.0067000000000000115,-0.04749760968231331,0,0,NEB,2,2,2,0,1,0,4,3.965367965367965,0.03463203463203463,0.03463203463203463,50,23,230,205.37229437229436,111,0.3173913043478261,0.5404818616808247,0.5,0.5,0.5,0.5,1.0,0.0,0.5,,0.0,0.0,0.0,0.5,0.5,1.0,0.5,0.5043668122270742,201.5,Antonin Periwinkle,BN,,Left,1B,150.85223705490498
186,3,S3,HOF,HOF,0,0,0,0,0,0,1,1,0,0,0,0,0,0,0,0,0,0,0,0,0,0,0,0,0.0,0.0,0,2,2,0,0,"{3001, 3006}",2,0,0,624.0,2,-0.3478260869565217,-0.0228,-0.018744023636117536,0,0,HOF,2,0,0,0,1,0,2,1.9653679653679654,0.03463203463203463,0.03463203463203463,50,23,230,205.37229437229436,111,0.3173913043478261,0.5404818616808247,0.0,,0.0,0.0,0.0,0.0,0.0,,0.0,0.5,0.0,0.0,1.0,0.0,0.0,0.0,312.0,Ian Brandon Owen Bust,BN,,Right,2B,-100.0
191,3,S3,RIC,RIC,1,0,0,0,0,0,1,0,0,0,1,0,0,0,0,1,0,0,0,0,0,1,0,0,0.0,1.0,1,3,3,4,4,"{3010, 3003}",2,1,2,617.0,3,2.7351190476190474,0.265,0.29756978235120674,0,0,RIC,2,1,4,0,1,0,3,2.965367965367965,0.03463203463203463,0.03463203463203463,50,23,230,205.37229437229436,111,0.3173913043478261,0.5404818616808247,0.3333333333333333,0.0,0.3333333333333333,1.3333333333333333,1.6666666666666665,1.0,0.0,,0.3333333333333333,0.0,0.0,0.5,0.5,1.0,0.3333333333333333,1.3489051094890512,205.66666666666666,Andrew Nova,BN,,Left,LF,254.5973690919196
192,3,S3,CSUF,CSUF,0,0,1,0,0,0,0,1,0,0,0,0,0,0,0,0,0,0,0,0,0,0,0,0,0.0,1.0,1,2,2,2,2,"{3001, 3010}",2,1,0,324.0,2,-2.0880952380952373,0.0011999999999999997,-0.19277093874998916,0,0,CSUF,2,1,2,0,0,0,2,2.0,0.03463203463203463,0.0,50,23,230,205.37229437229436,111,0.3173913043478261,0.5404818616808247,0.5,0.0,0.5,1.0,1.5,0.5,1.0,,0.0,0.5,0.0,,,,0.5,1.0,162.0,Javier Tootblan,BN,,Right,LF,242.55433159542744
204,3,S3,TOL,TOL,1,0,0,1,0,0,1,0,0,0,0,0,0,0,0,0,0,0,0,0,1,0,0,0,1.0,1.0,2,3,3,5,5,"{3008, 3002}",2,1,1,290.0,3,2.042857142857143,0.1377,0.22834359187501627,0,0,TOL,2,2,5,0,1,0,3,2.965367965367965,0.03463203463203463,0.03463203463203463,50,23,230,205.37229437229436,111,0.3173913043478261,0.5404818616808247,0.6666666666666666,1.0,0.6666666666666666,1.6666666666666667,2.3333333333333335,1.0,0.5,,0.3333333333333333,0.0,0.0,0.0,1.0,0.0,0.6666666666666666,1.686131386861314,96.66666666666667,Coco Watanabe,BN,,Right,C,422.01383465257084
208,3,S3,RIC,RIC,0,0,0,0,0,0,1,1,0,0,0,0,0,0,0,0,0,0,0,0,0,0,0,0,0.0,0.0,0,2,2,0,0,"{3010, 3003}",2,0,0,497.0,2,-0.6256908621960207,-0.1211,-0.04653050116006743,0,0,RIC,2,0,0,0,1,0,2,1.9653679653679654,0.03463203463203463,0.03463203463203463,50,23,230,205.37229437229436,111,0.3173913043478261,0.5404818616808247,0.0,,0.0,0.0,0.0,0.0,0.0,,0.0,0.5,0.0,0.0,1.0,0.0,0.0,0.0,248.5,Tommy Testudo,BN,,Right,3B,-100.0
215,9,S9,HVD,HVD,0,0,0,1,1,0,2,0,0,0,2,1,0,1,0,3,0,0,0,1,0,0,0,0,0.0,1.0,1,7,5,1,2,"{9001, 9013, 9009}",3,1,1,2225.0,8,-0.7131643259100459,-0.0924,-0.0359001808502604,0,0,HVD,5,1,1,1,2,0,7,5.90193842645382,0.04903078677309008,0.09806157354618016,166,71,819,740.2531356898518,318,0.2893772893772894,0.4295827800900182,0.2,0.0,0.2857142857142857,0.2,0.4857142857142857,0.0,0.16666666666666666,0.0,0.0,0.0,0.14285714285714285,0.6,0.4,1.4999999999999998,0.2857142857142857,0.16943585780525502,278.125,Sloppy Dock,BP,,Left,1B,38.17613477451056
220,3,S3,TCU,TCU,0,0,1,0,0,0,0,1,0,0,0,0,0,0,0,0,0,0,0,0,0,0,0,0,0.0,0.0,1,2,2,2,2,"{3002, 3007}",2,0,0,329.0,2,-0.23850931677018625,0.0177,-0.007812346617483992,0,0,TCU,2,1,2,0,0,0,2,2.0,0.03463203463203463,0.0,50,23,230,205.37229437229436,111,0.3173913043478261,0.5404818616808247,0.5,,0.5,1.0,1.5,0.5,1.0,,0.0,0.5,0.0,,,,0.5,1.0,164.5,Charles Magnus,BP,BS-B,Right,P,242.55433159542744
228,3,S3,CSUF,CSUF,0,0,0,0,1,0,0,0,0,0,1,0,0,0,0,1,0,0,0,0,0,0,0,0,0.0,0.0,0,2,1,0,1,{3010},1,0,0,529.0,2,0.13680913780397924,-0.028400000000000005,0.02971949883993256,0,0,CSUF,2,0,0,1,0,0,2,1.0,0.03463203463203463,0.0,50,23,230,205.37229437229436,111,0.3173913043478261,0.5404818616808247,0.0,,0.5,0.0,0.5,0.0,0.0,,0.0,0.0,0.5,1.0,0.0,inf,0.5,0.0,264.5,Ozzie Baez,BN,,Right,SS,57.53424657534247
230,12,S12,FUR,FUR,0,2,1,0,0,0,2,0,0,0,1,0,0,0,0,1,0,0,0,0,0,0,0,0,0.0,1.0,3,6,6,8,8,"{12017, 12014}",2,2,0,887.0,6,0.4650771343797443,-0.027100000000000013,0.06862954151992409,0,0,FUR,6,3,8,0,2,0,6,5.86892177589852,0.06553911205073996,0.13107822410147993,236,72,932,850.169133192389,464,0.33047210300429186,0.5457737547559247,0.5,0.0,0.5,1.3333333333333333,1.8333333333333333,0.8333333333333333,0.5,,0.0,0.0,0.0,0.3333333333333333,0.6666666666666666,0.5,0.5,1.3631123919308357,147.83333333333334,Howie Feltersnatch,XB,,Right,3B,301.0564773098311
254,3,S3,UOM,UOM,0,0,0,0,0,0,1,1,0,0,0,0,0,0,0,0,0,0,0,0,0,0,0,0,0.0,0.0,0,2,2,0,0,"{3009, 3004}",2,0,0,554.0,2,-0.8756908621960207,-0.0232,-0.07153050116006744,0,0,UOM,2,0,0,0,1,0,2,1.9653679653679654,0.03463203463203463,0.03463203463203463,50,23,230,205.37229437229436,111,0.3173913043478261,0.5404818616808247,0.0,,0.0,0.0,0.0,0.0,0.0,,0.0,0.5,0.0,0.0,1.0,0.0,0.0,0.0,277.0,Biff Studd,BN,,Right,C,-100.0
256,7,S7,UVA,UVA,0,0,0,0,1,0,0,0,0,0,0,0,0,0,0,0,0,0,0,0,0,0,0,0,0.0,0.0,0,1,0,0,1,{7009},1,0,0,102.0,1,0.0,0.0002,0.00511551091727089,0,0,UVA,3,0,0,1,0,0,1,0.0,0.055133079847908745,0.0,117,45,517,467.92015209125475,241,0.31334622823984526,0.5150451394814038,,,1.0,,,,,,0.0,0.0,1.0,,,,1.0,,102.0,Threefinger Jansen lll,WC,EG-H,Left,P,
261,3,S3,TCU,TCU,0,0,2,0,0,0,0,1,0,0,0,0,0,0,0,0,0,0,0,0,0,0,0,0,1.0,2.0,2,3,3,4,4,"{3002, 3007}",2,0,1,494.0,3,0.9712215320910973,0.01899999999999999,0.12118003079841168,0,0,TCU,2,2,4,0,0,0,3,3.0,0.03463203463203463,0.0,50,23,230,205.37229437229436,111,0.3173913043478261,0.5404818616808247,0.6666666666666666,0.5,0.6666666666666666,1.3333333333333333,2.0,0.6666666666666666,1.0,,0.0,0.3333333333333333,0.0,,,,0.6666666666666666,1.3333333333333333,164.66666666666666,Walnuts Labonte,BN,,Right,2B,356.73910879390326
262,3,S3,VT,VT,0,0,0,1,0,0,0,0,0,0,0,1,0,0,0,1,0,0,0,0,0,0,0,0,0.0,0.0,1,2,2,1,1,"{3009, 3005}",2,0,0,596.0,2,-0.035326086956521674,-0.013199999999999996,0.012505976363882466,0,0,VT,2,1,1,0,0,0,2,2.0,0.03463203463203463,0.0,50,23,230,205.37229437229436,111,0.3173913043478261,0.5404818616808247,0.5,,0.5,0.5,1.0,0.0,0.5,,0.0,0.0,0.0,1.0,0.0,inf,0.5,0.5,298.0,Dirtbag Darrell,BN,,Left,3B,150.04428908538497
263,3,S3,IND,IND,0,0,0,0,0,0,1,0,0,0,0,1,0,0,0,1,0,0,0,0,0,0,0,0,0.0,0.0,0,2,2,0,0,"{3008, 3004}",2,0,0,715.0,2,-0.6256908621960207,-0.1464,-0.04653050116006743,0,0,IND,2,0,0,0,1,0,2,1.9653679653679654,0.03463203463203463,0.03463203463203463,50,23,230,205.37229437229436,111,0.3173913043478261,0.5404818616808247,0.0,,0.0,0.0,0.0,0.0,0.0,,0.0,0.0,0.0,0.5,0.5,1.0,0.0,0.0,357.5,Rapid Eagle,BN,,Right,3B,-100.0
265,3,S3,CSUF,CSUF,0,0,0,1,1,0,1,0,0,0,0,0,0,0,0,0,0,0,0,0,0,0,0,0,0.0,0.0,1,3,2,1,1,"{3001, 3010}",2,1,0,279.0,2,0.7466255219847702,-0.006400000000000003,0.09872042978777897,0,0,CSUF,2,1,1,1,1,0,3,1.9653679653679654,0.03463203463203463,0.03463203463203463,50,23,230,205.37229437229436,111,0.3173913043478261,0.5404818616808247,0.5,,0.6666666666666666,0.5,1.1666666666666665,0.0,0.5,,0.0,0.0,0.3333333333333333,0.0,1.0,0.0,0.6666666666666665,0.5088105726872246,139.5,Jeffy Jefferson,BN,BB-B,Right,CF,204.18583751816502
272,3,S3,HOF,HOF,0,0,0,0,0,0,1,0,0,0,0,0,0,0,0,0,0,0,0,0,0,0,0,0,0.0,0.0,0,1,1,0,0,{3001},1,0,0,183.0,1,-0.17639751552795027,-0.0167,-0.009620459023027711,0,0,HOF,1,0,0,0,1,0,1,0.9653679653679653,0.03463203463203463,0.03463203463203463,50,23,230,205.37229437229436,111,0.3173913043478261,0.5404818616808247,0.0,,0.0,0.0,0.0,0.0,0.0,,0.0,0.0,0.0,0.0,1.0,0.0,0.0,0.0,183.0,Jimjon Jonjim,BN,BB-B,Left,1B,-100.0
273,7,S7,RU,RU,0,1,0,1,0,0,1,0,0,1,0,2,0,0,0,2,1,0,0,0,0,0,0,0,0.0,1.0,2,6,6,4,4,"{7013, 7003, 7005, 7007}",4,1,0,1746.0,6,-1.4269500710732053,-0.035,-0.1120019416036952,0,0,RU,5,2,4,0,1,0,6,5.944866920152092,0.055133079847908745,0.055133079847908745,117,45,517,467.92015209125475,241,0.31334622823984526,0.5150451394814038,0.3333333333333333,0.0,0.3333333333333333,0.6666666666666666,1.0,0.3333333333333333,0.3333333333333333,,0.0,0.0,0.0,0.5,0.25,2.0,0.3333333333333333,0.6728493763991046,291.0,Max Wasson,BN,,Right,SS,137.01751473971538
295,3,S3,WSU,WSU,0,0,1,0,0,0,0,1,0,0,0,0,0,0,0,0,0,0,0,0,0,0,0,0,1.0,1.0,1,2,2,2,2,"{3005, 3007}",2,0,1,434.0,2,0.8236024844720498,0.16310000000000002,0.0983988335067396,0,0,WSU,2,1,2,0,0,0,2,2.0,0.03463203463203463,0.0,50,23,230,205.37229437229436,111,0.3173913043478261,0.5404818616808247,0.5,1.0,0.5,1.0,1.5,0.5,1.0,,0.0,0.5,0.0,,,,0.5,1.0,217.0,Jocko Jones,BN,,Right,2B,242.55433159542744
298,3,S3,NEB,NEB,0,0,0,0,1,0,1,0,0,0,0,0,0,0,0,0,0,0,0,0,0,0,0,0,0.0,0.0,0,2,1,0,1,"{3003, 3006}",2,0,1,321.0,2,0.6868091378039793,0.1524,0.08471949883993256,0,0,NEB,2,0,0,1,1,0,2,0.9653679653679653,0.03463203463203463,0.03463203463203463,50,23,230,205.37229437229436,111,0.3173913043478261,0.5404818616808247,0.0,,0.5,0.0,0.5,0.0,0.0,,0.0,0.0,0.5,0.0,1.0,0.0,0.5000000000000001,0.0,160.5,Jeff Dingerhitter,BN,,Right,SS,57.53424657534249
301,8,S8,UCL,UCL,0,0,0,0,0,0,1,0,0,0,0,0,0,0,0,0,0,0,0,0,0,0,0,0,0.0,0.0,0,1,1,0,0,{8009},1,0,0,192.0,1,-0.1353305785123967,-0.038900000000000004,-0.009697558415961965,0,0,UCL,3,0,0,0,1,0,1,0.9317073170731707,0.06829268292682927,0.06829268292682927,190,87,795,699.3951219512195,382,0.3484276729559748,0.546186251534427,0.0,,0.0,0.0,0.0,0.0,0.0,,0.0,0.0,0.0,0.0,1.0,0.0,0.0,0.0,192.0,Joe Pidgeon,WC,WC-S,Right,CF,-100.0
320,3,S3,IND,IND,0,0,0,0,0,0,2,1,0,0,0,0,0,0,0,0,0,0,0,0,0,0,0,0,0.0,0.0,0,3,3,0,0,"{3008, 3004}",2,0,0,801.0,3,-0.806159420289855,-0.1505,-0.056558064439683545,0,0,IND,2,0,0,0,2,0,3,2.930735930735931,0.03463203463203463,0.06926406926406926,50,23,230,205.37229437229436,111,0.3173913043478261,0.5404818616808247,0.0,,0.0,0.0,0.0,0.0,0.0,,0.0,0.3333333333333333,0.0,0.0,1.0,0.0,0.0,0.0,267.0,Filet-Mignon Jackson,BN,BB-B,Left,P,-100.0
333,3,S3,UOM,UOM,0,0,0,0,1,0,0,2,0,0,0,0,0,0,0,0,0,0,0,0,0,0,0,0,0.0,0.0,0,3,2,0,1,"{3009, 3004}",2,1,0,726.0,3,0.18272800645681986,-0.020900000000000005,0.04233067823498394,0,0,UOM,2,0,0,1,0,0,3,2.0,0.03463203463203463,0.0,50,23,230,205.37229437229436,111,0.3173913043478261,0.5404818616808247,0.0,,0.3333333333333333,0.0,0.3333333333333333,0.0,,,0.0,0.6666666666666666,0.3333333333333333,,,,0.3333333333333333,0.0,242.0,Benjamin Baeurkemper,BN,,Left,CF,5.022831050228316
335,3,S3,TCU,TCU,0,0,0,1,0,0,0,1,0,0,1,0,0,0,0,1,0,0,0,0,0,0,0,0,0.0,1.0,1,3,3,1,1,"{3002, 3007}",2,1,1,964.0,3,-0.021524195529353973,0.09749999999999999,0.02190545803636655,0,0,TCU,2,1,1,0,0,0,3,3.0,0.03463203463203463,0.0,50,23,230,205.37229437229436,111,0.3173913043478261,0.5404818616808247,0.3333333333333333,0.0,0.3333333333333333,0.3333333333333333,0.6666666666666666,0.0,0.5,,0.0,0.3333333333333333,0.0,1.0,0.0,inf,0.3333333333333333,0.3333333333333333,321.3333333333333,Solf J. Kimblee,BN,,Left,CF,66.69619272358997
339,3,S3,WSU,WSU,0,0,0,0,0,0,0,1,0,1,0,0,0,0,0,0,0,0,0,0,0,0,0,0,0.0,0.0,0,2,2,0,0,"{3005, 3007}",2,0,0,583.0,2,-0.489588377723971,-0.0865,-0.03292025271286247,0,0,WSU,2,0,0,0,0,0,2,2.0,0.03463203463203463,0.0,50,23,230,205.37229437229436,111,0.3173913043478261,0.5404818616808247,0.0,,0.0,0.0,0.0,0.0,0.0,,0.0,0.5,0.0,0.0,0.0,,0.0,0.0,291.5,Isaac Snowbender,BN,,Right,C,-100.0
342,3,S3,TCU,TCU,0,0,0,1,0,0,1,1,0,0,0,1,0,0,0,1,0,0,0,0,0,0,0,0,0.0,1.0,1,4,4,1,1,"{3002, 3007}",2,1,0,1057.0,4,0.15198266484191303,-0.0316,0.04727543660326057,0,0,TCU,2,1,1,0,1,0,4,3.965367965367965,0.03463203463203463,0.03463203463203463,50,23,230,205.37229437229436,111,0.3173913043478261,0.5404818616808247,0.25,0.0,0.25,0.25,0.5,0.0,0.3333333333333333,,0.0,0.25,0.0,0.5,0.5,1.0,0.25,0.2521834061135371,264.25,River Ride,BN,,Right,2B,25.42611852745249
343,3,S3,VT,VT,0,0,0,0,0,0,0,1,0,0,1,0,0,0,0,1,0,0,0,0,0,0,0,0,0.0,0.0,0,2,2,0,0,"{3009, 3005}",2,0,0,757.0,2,-0.4839285714285714,-0.0476,-0.032354272083322505,0,0,VT,2,0,0,0,0,0,2,2.0,0.03463203463203463,0.0,50,23,230,205.37229437229436,111,0.3173913043478261,0.5404818616808247,0.0,,0.0,0.0,0.0,0.0,0.0,,0.0,0.5,0.0,1.0,0.0,inf,0.0,0.0,378.5,Heinrich Frosch,BN,,Left,2B,-100.0
348,3,S3,IND,IND,0,0,1,0,1,0,0,0,0,0,0,0,0,0,0,0,0,0,0,0,0,0,0,0,0.0,0.0,1,2,1,2,3,"{3008, 3004}",2,0,0,175.0,2,0.37023809523809537,0.1113,0.053062394583344163,0,0,IND,2,1,2,1,0,0,2,1.0,0.03463203463203463,0.0,50,23,230,205.37229437229436,111,0.3173913043478261,0.5404818616808247,1.0,,1.0,2.0,3.0,1.0,1.0,,0.0,0.0,0.5,,,,1.0,2.0,87.5,Chunky Dongmeister,BN,,Left,CF,585.1086631908549
355,11,S11,KSU,KSU,1,0,1,1,1,0,2,3,0,0,1,1,0,0,0,2,0,0,0,0,0,1,0,0,2.0,6.0,3,11,10,7,8,"{11016, 11015, 11005, 11007}",4,1,2,2424.0,11,2.6038287908381124,0.10859999999999999,0.2985822377770475,0,0,KSU,6,3,7,1,2,0,11,9.909947643979057,0.04502617801047121,0.09005235602094241,225,77,912,828.8764397905759,460,0.33114035087719296,0.5549681205997647,0.3,0.3333333333333333,0.36363636363636365,0.7,1.0636363636363635,0.39999999999999997,0.3333333333333333,,0.09090909090909091,0.2727272727272727,0.09090909090909091,0.5,0.5,1.0,0.36363636363636365,0.7063609467455622,220.36363636363637,Alvin and the Chipmunks The Squeakquel,BP,,Left,C,137.09291908284413
356,3,S3,IND,IND,0,0,0,0,0,0,0,0,0,0,1,1,0,0,0,2,0,0,0,0,0,0,0,0,0.0,0.0,0,2,2,0,0,"{3008, 3004}",2,0,0,918.0,2,-0.6263817243920414,-0.1008,-0.04659958737966951,0,0,IND,2,0,0,0,0,0,2,2.0,0.03463203463203463,0.0,50,23,230,205.37229437229436,111,0.3173913043478261,0.5404818616808247,0.0,,0.0,0.0,0.0,0.0,0.0,,0.0,0.0,0.0,1.0,0.0,inf,0.0,0.0,459.0,Clip Toller,BP,,Left,1B,-100.0
358,3,S3,TCU,TCU,0,0,0,0,0,0,0,2,0,0,0,0,0,0,0,0,0,0,0,0,0,0,0,0,0.0,0.0,0,2,2,0,0,"{3002, 3007}",2,0,0,655.0,2,-0.6263817243920414,-0.0198,-0.04659958737966951,0,0,TCU,2,0,0,0,0,0,2,2.0,0.03463203463203463,0.0,50,23,230,205.37229437229436,111,0.3173913043478261,0.5404818616808247,0.0,,0.0,0.0,0.0,0.0,,,0.0,1.0,0.0,,,,0.0,0.0,327.5,Aaron IceCream,BN,,Right,2B,-100.0
360,3,S3,IND,IND,0,0,0,0,0,0,0,0,0,1,0,0,0,0,0,0,0,0,0,0,0,0,0,0,0.0,0.0,0,1,1,0,0,{3008},1,0,0,402.0,1,-0.17639751552795027,-0.039,-0.009620459023027711,0,0,IND,2,0,0,0,0,0,1,1.0,0.03463203463203463,0.0,50,23,230,205.37229437229436,111,0.3173913043478261,0.5404818616808247,0.0,,0.0,0.0,0.0,0.0,0.0,,0.0,0.0,0.0,0.0,0.0,,0.0,0.0,402.0,Goldie Jones,BN,,Right,2B,-100.0
367,10,S10,NWU,NWU,2,0,0,0,0,0,2,8,0,0,1,1,0,0,0,2,1,0,0,0,1,1,0,0,0.0,3.0,2,14,14,8,8,"{10002, 10005, 10008, 10012, 10015}",5,2,3,3867.0,14,1.6894581557926622,-0.1906,0.2194319441518921,0,0,NWU,5,2,8,0,2,0,14,13.941333333333333,0.029333333333333333,0.058666666666666666,175,50,732,678.304,366,0.3073770491803279,0.5395810727933198,0.14285714285714285,0.0,0.14285714285714285,0.5714285714285714,0.7142857142857142,0.42857142857142855,0.0,,0.14285714285714285,0.5714285714285714,0.0,0.5,0.5,1.0,0.14285714285714285,0.5738332058148432,276.2142857142857,Buzz Schwinghammer,BP,,Right,CF,52.824102726745494
368,3,S3,IND,IND,0,0,0,0,0,0,1,1,0,0,0,0,0,0,0,0,0,0,0,0,0,0,0,0,0.0,0.0,0,2,2,0,0,"{3008, 3004}",2,0,0,539.0,2,-0.48461943362459214,-0.1184,-0.03242335830292458,0,0,IND,2,0,0,0,1,0,2,1.9653679653679654,0.03463203463203463,0.03463203463203463,50,23,230,205.37229437229436,111,0.3173913043478261,0.5404818616808247,0.0,,0.0,0.0,0.0,0.0,0.0,,0.0,0.5,0.0,0.0,1.0,0.0,0.0,0.0,269.5,Captain Bryzzo,BN,,Left,RF,-100.0
381,3,S3,UOM,UOM,0,0,0,0,0,0,0,2,2,0,0,0,0,0,0,0,0,0,0,0,0,0,0,0,0.0,0.0,0,2,2,0,0,"{3009, 3004}",2,0,0,0,0,-0.48461943362459214,-0.0193,-0.03242335830292458,0,0,UOM,2,0,0,0,0,0,2,2.0,0.03463203463203463,0.0,50,23,230,205.37229437229436,111,0.3173913043478261,0.5404818616808247,0.0,,0.0,0.0,0.0,0.0,,,0.0,1.0,0.0,,,,0.0,0.0,,Cue Anon,BN,,Right,3B,-100.0
391,11,S11,BSU,BSU,1,1,1,2,1,0,1,4,0,0,1,1,0,0,0,2,1,0,0,0,1,0,0,0,2.0,2.0,5,13,12,11,12,"{11010, 11013, 11017, 11001, 11004}",5,3,3,2720.0,13,2.5293798939614804,0.05899999999999994,0.2980826860336091,0,0,BSU,6,5,11,1,1,0,13,11.95497382198953,0.04502617801047121,0.04502617801047121,225,77,912,828.8764397905759,460,0.33114035087719296,0.5549681205997647,0.4166666666666667,1.0,0.46153846153846156,0.9166666666666666,1.3782051282051282,0.49999999999999994,0.5714285714285714,,0.07692307692307693,0.3076923076923077,0.07692307692307693,0.6666666666666666,0.3333333333333333,2.0,0.46153846153846156,0.9201191206096172,209.23076923076923,Jasper Waxe,WC,,Right,2B,205.17525465635202
409,3,S3,HOF,HOF,0,1,0,0,0,0,1,1,0,0,0,0,0,0,0,0,0,0,0,0,0,0,0,0,0.0,0.0,1,3,3,3,3,"{3001, 3006}",2,1,0,527.0,3,0.39038056637540786,-0.0548,0.06309593422684275,0,0,HOF,2,1,3,0,1,0,3,2.965367965367965,0.03463203463203463,0.03463203463203463,50,23,230,205.37229437229436,111,0.3173913043478261,0.5404818616808247,0.3333333333333333,,0.3333333333333333,1.0,1.3333333333333333,0.6666666666666667,0.5,,0.0,0.3333333333333333,0.0,0.0,1.0,0.0,0.3333333333333333,1.0116788321167884,175.66666666666666,Josh Gordon,BN,,Left,CF,192.20373458149683
419,3,S3,VT,VT,0,0,0,1,0,0,2,0,0,0,0,0,0,0,0,0,0,0,0,0,0,0,0,0,0.0,0.0,1,3,3,1,1,"{3009, 3005}",2,0,0,485.0,3,0.18769695055619876,-0.0451,0.042827572644921826,0,0,VT,2,1,1,0,2,0,3,2.930735930735931,0.03463203463203463,0.06926406926406926,50,23,230,205.37229437229436,111,0.3173913043478261,0.5404818616808247,0.3333333333333333,,0.3333333333333333,0.3333333333333333,0.6666666666666666,0.0,0.3333333333333333,,0.0,0.0,0.0,0.0,1.0,0.0,0.3333333333333333,0.3412112259970458,161.66666666666666,Takahiro Hirasawa,BC,,Left,2B,68.15376109400914
420,3,S3,TOL,TOL,0,0,1,0,0,0,1,0,0,0,0,0,0,0,0,0,0,0,0,0,0,0,0,0,0.0,1.0,1,2,2,2,2,{3002},1,1,0,314.0,2,-0.7621118012422359,-0.0335,-0.06017259506468896,0,0,TOL,1,1,2,0,1,0,2,1.9653679653679654,0.03463203463203463,0.03463203463203463,50,23,230,205.37229437229436,111,0.3173913043478261,0.5404818616808247,0.5,0.0,0.5,1.0,1.5,0.5,0.5,,0.0,0.0,0.0,0.0,1.0,0.0,0.5,1.0176211453744493,157.0,Jered Bentley,BN,,Right,3B,245.81459741075938
424,3,S3,NEB,NEB,0,0,0,1,2,0,0,0,0,0,0,0,0,0,0,0,0,0,0,1,0,0,0,0,0.0,0.0,1,3,1,1,3,"{3003, 3006}",2,2,0,388.0,3,1.4141642102677474,0.036199999999999996,0.173493591145844,0,0,NEB,2,1,1,2,0,0,3,1.0,0.03463203463203463,0.0,50,23,230,205.37229437229436,111,0.3173913043478261,0.5404818616808247,1.0,,1.0,1.0,2.0,0.0,1.0,0.0,0.0,0.0,0.6666666666666666,,,,1.0,1.0,129.33333333333334,Xander Macander,BN,,Right,DH,400.08857817076995
427,3,S3,TOL,TOL,0,0,0,0,0,0,1,0,0,2,0,0,0,0,0,0,0,0,0,0,0,0,0,0,0.0,1.0,0,3,3,0,0,"{3008, 3002}",2,0,0,1014.0,3,-1.093048391058708,-0.1373,-0.08524696151656887,0,0,TOL,2,0,0,0,1,0,3,2.965367965367965,0.03463203463203463,0.03463203463203463,50,23,230,205.37229437229436,111,0.3173913043478261,0.5404818616808247,0.0,0.0,0.0,0.0,0.0,0.0,0.0,,0.0,0.0,0.0,0.0,0.3333333333333333,0.0,0.0,0.0,338.0,Benji Bjorn,BN,,Right,3B,-100.0
430,3,S3,RIC,RIC,0,0,0,0,1,0,0,1,1,0,0,0,0,0,0,0,0,0,0,0,0,0,0,0,0.0,0.0,0,2,1,0,1,"{3010, 3003}",2,0,0,144.0,1,0.350776397515528,0.016800000000000002,0.051116224811087435,0,0,RIC,2,0,0,1,0,0,2,1.0,0.03463203463203463,0.0,50,23,230,205.37229437229436,111,0.3173913043478261,0.5404818616808247,0.0,,0.5,0.0,0.5,0.0,,,0.0,0.5,0.5,,,,0.5,0.0,144.0,Niko Banks,BN,,Right,DH,57.53424657534247
433,3,S3,CSUF,CSUF,0,0,0,0,0,0,1,0,0,0,0,0,0,0,0,0,0,0,0,0,0,0,0,0,0.0,0.0,0,1,1,0,0,{3010},1,0,0,187.0,1,-0.5625,-0.0318,-0.048230707470232684,0,0,CSUF,2,0,0,0,1,0,1,0.9653679653679653,0.03463203463203463,0.03463203463203463,50,23,230,205.37229437229436,111,0.3173913043478261,0.5404818616808247,0.0,,0.0,0.0,0.0,0.0,0.0,,0.0,0.0,0.0,0.0,1.0,0.0,0.0,0.0,187.0,AJ McMann,BN,,Right,DH,-100.0
435,3,S3,HOF,HOF,0,0,1,0,1,0,0,1,1,0,0,0,0,0,0,0,0,0,0,0,0,0,0,0,0.0,0.0,1,3,2,2,3,"{3001, 3006}",2,1,0,179.0,2,3.1987994350282483,0.1471,0.3439378210921268,0,0,HOF,2,1,2,1,0,0,3,2.0,0.03463203463203463,0.0,50,23,230,205.37229437229436,111,0.3173913043478261,0.5404818616808247,0.5,,0.6666666666666666,1.0,1.6666666666666665,0.5,1.0,,0.0,0.3333333333333333,0.3333333333333333,,,,0.6666666666666666,1.0,89.5,Jack Medof,BN,,Right,DH,295.06574712054163
437,3,S3,TOL,TOL,1,0,1,0,0,0,0,0,0,0,0,0,0,0,0,0,0,0,0,0,1,0,0,0,0.0,0.0,2,2,2,6,6,"{3008, 3002}",2,1,1,30.0,2,0.9378881987577641,0.4648,0.10982740493531104,1,0,TOL,2,2,6,0,0,0,2,2.0,0.03463203463203463,0.0,50,23,230,205.37229437229436,111,0.3173913043478261,0.5404818616808247,1.0,,1.0,3.0,4.0,2.0,1.0,,0.5,0.0,0.0,,,,1.0,3.0,15.0,Boof Boog,BN,,Right,DH,770.12874821094
442,3,S3,CSUF,CSUF,0,0,0,0,1,0,0,0,0,1,0,0,0,0,0,0,0,0,0,0,0,0,0,0,0.0,0.0,0,2,1,0,1,"{3001, 3010}",2,0,0,476.0,2,0.21110248447204968,0.0313,0.03714883350673961,0,0,CSUF,2,0,0,1,0,0,2,1.0,0.03463203463203463,0.0,50,23,230,205.37229437229436,111,0.3173913043478261,0.5404818616808247,0.0,,0.5,0.0,0.5,0.0,0.0,,0.0,0.0,0.5,0.0,0.0,,0.5,0.0,238.0,Ryan Vauhn,BN,,Right,DH,57.53424657534247
447,3,S3,UOM,UOM,0,0,0,0,0,0,1,1,1,0,0,0,0,0,0,0,0,0,0,0,0,0,0,0,0.0,0.0,0,2,2,0,0,"{3009, 3004}",2,0,0,263.0,1,-0.48889751552795024,-0.0409,-0.03285116649326039,0,0,UOM,2,0,0,0,1,0,2,1.9653679653679654,0.03463203463203463,0.03463203463203463,50,23,230,205.37229437229436,111,0.3173913043478261,0.5404818616808247,0.0,,0.0,0.0,0.0,0.0,0.0,,0.0,0.5,0.0,0.0,1.0,0.0,0.0,0.0,263.0,Two Fingers Fernhaus,BN,,Right,DH,-100.0
448,3,S3,CSUF,CSUF,0,0,0,0,1,0,1,0,0,0,0,0,0,0,0,0,0,0,0,0,0,0,0,0,0.0,1.0,0,2,1,0,0,{3010},1,0,0,283.0,1,-0.17282608695652169,-0.009499999999999998,-0.0012440236361175305,0,0,CSUF,2,0,0,1,1,0,2,0.9653679653679653,0.03463203463203463,0.03463203463203463,50,23,230,205.37229437229436,111,0.3173913043478261,0.5404818616808247,0.0,0.0,0.5,0.0,0.5,0.0,0.0,,0.0,0.0,0.5,0.0,1.0,0.0,0.5000000000000001,0.0,283.0,Dednuts,BN,,Right,DH,57.53424657534249
452,5,S5,CCU,CCU,0,0,0,2,2,0,0,1,0,0,1,0,0,0,0,1,0,0,0,0,0,0,0,0,1.0,1.0,2,6,4,2,4,"{5009, 5017, 5022}",3,2,1,1126.0,6,1.512747674607513,0.1847,0.19061280687474333,0,0,CCU,6,2,2,2,0,0,6,4.0,0.03914590747330961,0.0,183,73,827,748.7544483985765,362,0.309552599758162,0.4834695817490494,0.5,1.0,0.6666666666666666,0.5,1.1666666666666665,0.0,0.6666666666666666,,0.0,0.16666666666666666,0.3333333333333333,1.0,0.0,inf,0.6666666666666666,0.5,187.66666666666666,Grigury Polinko,EN,,Right,RF,218.78370604031906
455,3,S3,WSU,WSU,1,0,0,0,0,0,0,0,0,0,0,0,0,0,0,0,0,0,0,0,1,0,0,0,0.0,0.0,1,1,1,4,4,{3005},1,1,1,13.0,1,1.0,0.2844,0.10801929252976732,0,0,WSU,1,1,4,0,0,0,1,1.0,0.03463203463203463,0.0,50,23,230,205.37229437229436,111,0.3173913043478261,0.5404818616808247,1.0,,1.0,4.0,5.0,3.0,,,1.0,0.0,0.0,,,,1.0,4.0,13.0,Gordan Freemon,BN,,Right,DH,955.1488332310249
461,3,S3,HOF,HOF,1,0,0,0,0,0,1,0,0,0,0,0,0,0,0,0,0,0,0,0,0,0,1,0,1.0,1.0,1,2,2,4,4,"{3001, 3006}",2,1,3,322.0,2,-0.23481638418079065,0.47980000000000006,-0.007443053358544428,0,0,HOF,2,1,4,0,1,0,2,1.9653679653679654,0.03463203463203463,0.03463203463203463,50,23,230,205.37229437229436,111,0.3173913043478261,0.5404818616808247,0.5,1.0,0.5,2.0,2.5,1.5,0.0,,0.5,0.0,0.0,0.0,1.0,0.0,0.5,2.0352422907488985,161.0,Overdi Fenz,BN,,Right,SS,434.0949482461762
465,3,S3,VT,VT,0,0,0,0,0,0,1,0,0,1,0,0,0,0,0,0,0,0,0,0,0,0,0,0,0.0,0.0,0,2,2,0,0,"{3009, 3005}",2,0,0,534.0,2,-0.6347308488612835,-0.075,-0.047434499826593715,0,0,VT,2,0,0,0,1,0,2,1.9653679653679654,0.03463203463203463,0.03463203463203463,50,23,230,205.37229437229436,111,0.3173913043478261,0.5404818616808247,0.0,,0.0,0.0,0.0,0.0,0.0,,0.0,0.0,0.0,0.0,0.5,0.0,0.0,0.0,267.0,Robert Callahan,BN,,Right,DH,-100.0
468,4,S4,MIC,MIC,0,0,0,0,0,0,2,0,0,0,0,0,0,1,0,0,0,0,0,0,0,0,0,0,0.0,0.0,0,2,1,0,0,{4012},1,0,1,434.0,2,0.2231292517006801,-0.009000000000000001,0.03331589045874758,0,0,MIC,2,0,0,0,2,0,2,1.8841309823677581,0.05793450881612091,0.11586901763224182,78,35,382,341.8866498740554,168,0.29581151832460734,0.4913909334040625,0.0,,0.0,0.0,0.0,0.0,0.0,,0.0,0.0,0.0,0.0,1.0,0.0,0.0,0.0,217.0,Chadimir Guerrero Jr.,BC,,Right,2B,-100.0
470,4,S4,WWU,WWU,0,0,0,0,1,0,1,0,0,0,0,0,0,0,0,0,0,0,0,0,0,0,0,0,0.0,0.0,0,2,1,0,1,{4002},1,0,0,250.0,2,0.061224489795918324,-0.0085,0.017125414268271404,0,0,WWU,1,0,0,1,1,0,2,0.9420654911838791,0.05793450881612091,0.05793450881612091,78,35,382,341.8866498740554,168,0.29581151832460734,0.4913909334040625,0.0,,0.5,0.0,0.5,0.0,0.0,,0.0,0.0,0.5,0.0,1.0,0.0,0.5,0.0,125.0,Blue Duck,TT,,Right,C,69.02654867256636
472,4,S4,NU,NU,0,0,0,1,1,0,1,0,0,0,0,0,0,0,0,0,0,0,1,0,0,0,0,0,0.0,0.0,1,3,2,1,3,"{4005, 4007}",2,0,0,703.0,4,0.04455782312925172,0.14529999999999998,0.026461712890284327,0,0,NU,2,1,1,1,1,0,3,1.942065491183879,0.05793450881612091,0.05793450881612091,78,35,382,341.8866498740554,168,0.29581151832460734,0.4913909334040625,0.5,,0.6666666666666666,0.5,1.1666666666666665,0.0,0.5,1.0,0.0,0.0,0.3333333333333333,0.0,1.0,0.0,0.6666666666666667,0.5149156939040208,175.75,Hefe Rojo,1B,,Right,LF,230.15611344224345
473,4,S4,UWO,UWO,0,0,1,0,1,0,0,1,0,0,0,0,0,0,0,0,0,0,0,0,0,0,0,0,1.0,1.0,1,3,2,2,3,"{4001, 4009}",2,0,1,423.0,3,1.8153846153846154,0.11919999999999999,0.1980429094714809,0,0,UWO,2,1,2,1,0,0,3,2.0,0.05793450881612091,0.0,78,35,382,341.8866498740554,168,0.29581151832460734,0.4913909334040625,0.5,1.0,0.6666666666666666,1.0,1.6666666666666665,0.5,1.0,,0.0,0.3333333333333333,0.3333333333333333,,,,0.6666666666666666,1.0,141.0,Bill Bisquick,XB,,Right,3B,328.8726898217881
475,4,S4,UWO,UWO,0,0,0,0,0,0,1,2,0,0,0,0,0,0,0,0,0,0,0,0,0,0,0,0,0.0,0.0,0,3,3,0,0,"{4001, 4009}",2,0,0,923.0,3,-0.414102564102564,-0.10239999999999999,-0.024905808477237036,0,0,UWO,2,0,0,0,1,0,3,2.9420654911838793,0.05793450881612091,0.05793450881612091,78,35,382,341.8866498740554,168,0.29581151832460734,0.4913909334040625,0.0,,0.0,0.0,0.0,0.0,0.0,,0.0,0.6666666666666666,0.0,0.0,1.0,0.0,0.0,0.0,307.6666666666667,Rage Cagemeister,BC,,Right,SS,-100.0
476,4,S4,UWO,UWO,0,0,0,0,0,0,0,0,0,0,1,0,0,0,0,1,0,0,0,0,0,0,0,0,0.0,0.0,0,1,1,0,0,{4001},1,0,0,437.0,1,-0.08205128205128201,-0.0516,-0.0027036455607884133,0,0,UWO,1,0,0,0,0,0,1,1.0,0.05793450881612091,0.0,78,35,382,341.8866498740554,168,0.29581151832460734,0.4913909334040625,0.0,,0.0,0.0,0.0,0.0,0.0,,0.0,0.0,0.0,1.0,0.0,inf,0.0,0.0,437.0,Eddie Swingstyle,EN,,Right,SS,-100.0
477,4,S4,GT,GT,0,0,0,0,0,0,0,1,0,1,0,0,0,0,0,0,0,0,0,0,0,0,0,0,0.0,0.0,0,2,2,0,0,{4011},1,0,0,551.0,2,-0.2666666666666666,-0.0465,-0.015663701377987088,0,0,GT,2,0,0,0,0,0,2,2.0,0.05793450881612091,0.0,78,35,382,341.8866498740554,168,0.29581151832460734,0.4913909334040625,0.0,,0.0,0.0,0.0,0.0,0.0,,0.0,0.5,0.0,0.0,0.0,,0.0,0.0,275.5,Abraham Lincoln,WC,EG-S,Left,2B,-100.0
479,4,S4,GT,GT,0,0,0,0,0,0,0,1,0,0,1,0,0,0,0,1,0,0,0,0,0,0,0,0,0.0,1.0,0,2,2,0,0,{4003},1,0,0,697.0,2,-3.082051282051282,-0.1714,-0.2972021629164486,0,0,GT,1,0,0,0,0,0,2,2.0,0.05793450881612091,0.0,78,35,382,341.8866498740554,168,0.29581151832460734,0.4913909334040625,0.0,0.0,0.0,0.0,0.0,0.0,0.0,,0.0,0.5,0.0,1.0,0.0,inf,0.0,0.0,348.5,Revan Skywalker,1B,TD-S,Right,2B,-100.0
480,4,S4,GT,GT,0,1,0,0,0,0,0,0,0,1,0,0,0,0,0,0,0,0,0,0,0,0,0,0,0.0,0.0,1,2,2,3,3,{4011},1,0,0,316.0,2,0.4897959183673469,0.023600000000000003,0.05998255712541427,0,0,GT,2,1,3,0,0,0,2,2.0,0.05793450881612091,0.0,78,35,382,341.8866498740554,168,0.29581151832460734,0.4913909334040625,0.5,,0.5,1.5,2.0,1.0,0.5,,0.0,0.0,0.0,0.0,0.0,,0.5,1.5,158.0,Captain Harry C Legs,1B,,Left,2B,374.2824860601159
481,4,S4,WSU,WSU,0,0,0,0,0,0,0,0,0,0,0,1,0,0,0,1,0,0,0,0,0,0,0,0,0.0,0.0,0,1,1,0,0,{4011},1,0,0,479.0,1,-0.1846153846153846,-0.044500000000000005,-0.012960055817198673,0,0,WSU,2,0,0,0,0,0,1,1.0,0.05793450881612091,0.0,78,35,382,341.8866498740554,168,0.29581151832460734,0.4913909334040625,0.0,,0.0,0.0,0.0,0.0,0.0,,0.0,0.0,0.0,1.0,0.0,inf,0.0,0.0,479.0,Jordan Lamas,BC,NH-H,Right,P,-100.0
482,4,S4,GT,GT,0,0,0,0,0,0,0,1,0,1,0,0,0,0,0,0,0,0,0,0,0,0,0,0,0.0,1.0,0,2,2,0,0,{4011},1,0,0,563.0,2,-0.7487179487179487,-0.0864,-0.0638688295831153,0,0,GT,2,0,0,0,0,0,2,2.0,0.05793450881612091,0.0,78,35,382,341.8866498740554,168,0.29581151832460734,0.4913909334040625,0.0,0.0,0.0,0.0,0.0,0.0,0.0,,0.0,0.5,0.0,0.0,0.0,,0.0,0.0,281.5,Oil Can Titcomb,XB,,Right,1B,-100.0
483,4,S4,UWO,UWO,0,0,0,2,0,0,0,1,0,0,0,0,0,0,0,0,0,0,0,0,0,0,0,0,0.0,0.0,2,3,3,2,2,"{4001, 4009}",2,2,0,509.0,3,0.7914965986394562,0.010299999999999997,0.09565410779696498,0,0,UWO,2,2,2,0,0,0,3,3.0,0.05793450881612091,0.0,78,35,382,341.8866498740554,168,0.29581151832460734,0.4913909334040625,0.6666666666666666,,0.6666666666666666,0.6666666666666666,1.3333333333333333,0.0,1.0,,0.0,0.3333333333333333,0.0,,,,0.6666666666666666,0.6666666666666666,169.66666666666666,Blose Blerblanblez,BC,,Right,3B,261.03803706899936
485,4,S4,CLM,CLM,0,0,0,0,1,0,1,0,0,0,0,1,0,0,0,1,0,0,0,0,0,0,0,0,0.0,0.0,0,3,2,0,1,"{4008, 4003}",2,0,0,839.0,3,-0.0644688644688644,0.0031999999999999997,0.010057561486132922,0,0,CLM,2,0,0,1,1,0,3,1.942065491183879,0.05793450881612091,0.05793450881612091,78,35,382,341.8866498740554,168,0.29581151832460734,0.4913909334040625,0.0,,0.3333333333333333,0.0,0.3333333333333333,0.0,0.0,,0.0,0.0,0.3333333333333333,0.5,0.5,1.0,0.33333333333333337,0.0,279.6666666666667,Francois Onime,WC,TD-H,Right,2B,12.684365781710927
486,4,S4,CLM,CLM,0,0,1,0,0,0,0,0,0,0,0,0,0,0,0,0,0,0,0,0,0,0,0,0,0.0,0.0,1,1,1,2,2,{4003},1,1,0,53.0,1,0.6231292517006802,0.10369999999999999,0.06781440781440781,0,0,CLM,1,1,2,0,0,0,1,1.0,0.05793450881612091,0.0,78,35,382,341.8866498740554,168,0.29581151832460734,0.4913909334040625,1.0,,1.0,2.0,3.0,1.0,1.0,,0.0,0.0,0.0,,,,1.0,2.0,53.0,Gonzo Alonzo,BP,,Right,SS,645.0610138618654
487,4,S4,ULA,ULA,2,0,0,0,0,0,1,0,0,0,0,0,0,0,0,0,0,0,0,0,2,0,0,0,0.0,0.0,2,3,3,8,8,"{4010, 4005}",2,2,2,276.0,3,1.7564625850340136,0.3074,0.1921507064364207,0,0,ULA,2,2,8,0,1,0,3,2.9420654911838793,0.05793450881612091,0.05793450881612091,78,35,382,341.8866498740554,168,0.29581151832460734,0.4913909334040625,0.6666666666666666,,0.6666666666666666,2.6666666666666665,3.333333333333333,2.0,0.0,,0.6666666666666666,0.0,0.0,0.0,1.0,0.0,0.6666666666666666,2.719178082191781,92.0,Dick Richards,BC,BS-B,Right,2B,678.7322344988424
488,4,S4,SBU,SBU,0,0,0,0,0,0,1,0,0,0,0,0,0,0,0,0,0,0,0,0,0,0,0,0,0.0,1.0,0,1,1,0,0,{4004},1,0,0,150.0,1,-0.8833333333333333,-0.0663,-0.08283185068899354,0,0,SBU,1,0,0,0,1,0,1,0.9420654911838791,0.05793450881612091,0.05793450881612091,78,35,382,341.8866498740554,168,0.29581151832460734,0.4913909334040625,0.0,0.0,0.0,0.0,0.0,0.0,0.0,,0.0,0.0,0.0,0.0,1.0,0.0,0.0,0.0,150.0,Major Catfish,BP,TT-H,Right,1B,-100.0
489,4,S4,CLM,CLM,0,1,0,0,0,0,0,1,0,0,0,0,0,0,0,0,0,0,0,0,0,0,0,0,1.0,2.0,1,2,2,3,3,{4003},1,0,1,319.0,2,0.75,0.10579999999999999,0.08600296528867958,0,0,CLM,1,1,3,0,0,0,2,2.0,0.05793450881612091,0.0,78,35,382,341.8866498740554,168,0.29581151832460734,0.4913909334040625,0.5,0.5,0.5,1.5,2.0,1.0,1.0,,0.0,0.5,0.0,,,,0.5,1.5,159.5,MikeTrout ShoheiOhtani,S,,Left,CF,374.2824860601159
490,4,S4,VT,VT,0,0,0,0,0,0,1,1,0,0,1,1,0,0,0,2,0,0,0,0,0,0,0,0,0.0,1.0,0,4,4,0,0,"{4009, 4002}",2,0,0,1281.0,4,-0.7089220303506018,-0.12,-0.048886272457701024,0,0,VT,2,0,0,0,1,0,4,3.9420654911838793,0.05793450881612091,0.05793450881612091,78,35,382,341.8866498740554,168,0.29581151832460734,0.4913909334040625,0.0,0.0,0.0,0.0,0.0,0.0,0.0,,0.0,0.25,0.0,0.6666666666666666,0.3333333333333333,2.0,0.0,0.0,320.25,Zelk Antilles,1B,NT-H,Right,3B,-100.0
491,4,S4,MIC,MIC,0,0,0,0,2,0,0,1,0,0,0,0,0,0,0,0,0,0,1,1,0,0,0,0,0.0,0.0,0,3,1,0,3,"{4001, 4012}",2,1,0,1346.0,5,0.4932757718472004,0.009000000000000008,0.07683499040641897,0,0,MIC,2,0,0,2,0,0,3,1.0,0.05793450881612091,0.0,78,35,382,341.8866498740554,168,0.29581151832460734,0.4913909334040625,0.0,,0.6666666666666666,0.0,0.6666666666666666,0.0,,0.5,0.0,0.3333333333333333,0.6666666666666666,,,,0.6666666666666666,0.0,269.2,Harry Paratesstykals,S,,Right,CF,125.3687315634218
492,4,S4,ULA,ULA,0,0,0,1,0,0,1,1,0,0,0,0,0,0,0,0,0,0,0,1,0,0,0,0,0.0,0.0,1,3,3,1,1,"{4010, 4005}",2,0,0,899.0,4,-0.5691261119832549,-0.049,-0.03490668062096634,0,0,ULA,2,1,1,0,1,0,3,2.9420654911838793,0.05793450881612091,0.05793450881612091,78,35,382,341.8866498740554,168,0.29581151832460734,0.4913909334040625,0.3333333333333333,,0.3333333333333333,0.3333333333333333,0.6666666666666666,0.0,0.5,0.0,0.0,0.3333333333333333,0.0,0.0,1.0,0.0,0.3333333333333333,0.3398972602739726,224.75,Wallace Grommet,BC,WC-S,Right,2B,81.85480364863848
493,4,S4,VT,VT,1,0,0,2,0,0,0,0,0,1,1,0,0,0,0,1,0,0,0,0,0,1,0,0,1.0,2.0,3,5,5,6,6,"{4009, 4002}",2,1,3,908.0,5,2.0064625850340136,0.24309999999999998,0.22815367172510026,0,0,VT,2,3,6,0,0,0,5,5.0,0.05793450881612091,0.0,78,35,382,341.8866498740554,168,0.29581151832460734,0.4913909334040625,0.6,0.5,0.6,1.2,1.7999999999999998,0.6,0.5,,0.2,0.0,0.0,0.5,0.0,inf,0.6,1.2,181.6,Mutton Happleburth,BP,,Left,3B,347.0366083171192
494,4,S4,ULA,ULA,0,0,0,0,0,0,0,0,0,0,1,1,0,0,0,2,0,0,0,0,0,0,0,0,0.0,0.0,0,2,2,0,0,{4010},1,0,0,907.0,2,-0.4281527995813711,-0.0525,-0.03181231466945753,0,0,ULA,2,0,0,0,0,0,2,2.0,0.05793450881612091,0.0,78,35,382,341.8866498740554,168,0.29581151832460734,0.4913909334040625,0.0,,0.0,0.0,0.0,0.0,0.0,,0.0,0.0,0.0,1.0,0.0,inf,0.0,0.0,453.5,Dee Snutts,WC,,Left,3B,-100.0
496,4,S4,UWO,UWO,0,0,0,0,0,0,0,2,0,0,0,0,0,0,0,0,0,0,0,0,0,0,0,0,0.0,1.0,0,2,2,0,0,{4001},1,0,0,650.0,2,-0.5768707482993198,-0.2133,-0.0466841095412524,0,0,UWO,1,0,0,0,0,0,2,2.0,0.05793450881612091,0.0,78,35,382,341.8866498740554,168,0.29581151832460734,0.4913909334040625,0.0,0.0,0.0,0.0,0.0,0.0,,,0.0,1.0,0.0,,,,0.0,0.0,325.0,Mike Hunt,BC,EG-H,Right,P,-100.0
497,4,S4,WWU,WWU,1,0,0,1,0,0,0,0,0,1,0,0,0,0,0,0,0,0,0,0,1,0,0,0,0.0,1.0,2,3,3,5,5,{4012},1,1,1,501.0,3,1.2231292517006807,-0.031899999999999984,0.1388173731030874,0,0,WWU,2,2,5,0,0,0,3,3.0,0.05793450881612091,0.0,78,35,382,341.8866498740554,168,0.29581151832460734,0.4913909334040625,0.6666666666666666,0.0,0.6666666666666666,1.6666666666666667,2.3333333333333335,1.0,0.5,,0.3333333333333333,0.0,0.0,0.0,0.0,,0.6666666666666666,1.6666666666666667,167.0,LisaLisa LisaLisa,BC,,Right,SS,464.54199532736567
498,4,S4,GT,GT,0,0,0,1,0,0,1,0,0,1,0,0,0,0,0,0,0,0,0,0,0,0,0,0,1.0,3.0,1,3,3,1,1,"{4003, 4011}",2,0,1,455.0,3,-0.6452380952380952,-0.1078,-0.048019361590790156,0,0,GT,2,1,1,0,1,0,3,2.9420654911838793,0.05793450881612091,0.05793450881612091,78,35,382,341.8866498740554,168,0.29581151832460734,0.4913909334040625,0.3333333333333333,0.3333333333333333,0.3333333333333333,0.3333333333333333,0.6666666666666666,0.0,0.3333333333333333,,0.0,0.0,0.0,0.0,0.5,0.0,0.3333333333333333,0.3398972602739726,151.66666666666666,TJ McConnell,MH,,Right,CF,81.85480364863848
499,4,S4,WSU,WSU,0,0,0,0,0,0,0,1,0,0,0,0,0,0,0,0,0,0,0,0,0,0,0,0,0.0,0.0,0,1,1,0,0,{4011},1,0,0,301.0,1,-0.24353741496598647,-0.0438,-0.018852258852258857,0,0,WSU,2,0,0,0,0,0,1,1.0,0.05793450881612091,0.0,78,35,382,341.8866498740554,168,0.29581151832460734,0.4913909334040625,0.0,,0.0,0.0,0.0,0.0,,,0.0,1.0,0.0,,,,0.0,0.0,301.0,Dixie Normous Jr.,EN,,Right,3B,-100.0
500,4,S4,WSU,WSU,0,0,0,0,0,0,1,0,0,0,0,0,0,0,0,0,0,0,0,0,0,0,0,0,0.0,0.0,0,1,1,0,0,{4011},1,0,0,166.0,1,-0.08205128205128201,-0.0391,-0.0027036455607884133,0,0,WSU,2,0,0,0,1,0,1,0.9420654911838791,0.05793450881612091,0.05793450881612091,78,35,382,341.8866498740554,168,0.29581151832460734,0.4913909334040625,0.0,,0.0,0.0,0.0,0.0,0.0,,0.0,0.0,0.0,0.0,1.0,0.0,0.0,0.0,166.0,Orlando Champagne,BP,BS-H,Right,3B,-100.0
501,4,S4,WSU,WSU,0,0,0,0,0,0,1,0,0,1,0,0,0,0,0,0,0,0,0,0,0,0,0,0,0.0,0.0,0,2,2,0,0,{4011},1,0,0,538.0,2,-0.48707482993197293,-0.11399999999999999,-0.037704517704517715,0,0,WSU,2,0,0,0,1,0,2,1.942065491183879,0.05793450881612091,0.05793450881612091,78,35,382,341.8866498740554,168,0.29581151832460734,0.4913909334040625,0.0,,0.0,0.0,0.0,0.0,0.0,,0.0,0.0,0.0,0.0,0.5,0.0,0.0,0.0,269.0,Fuzzy Spit,XB,,Right,3B,-100.0
502,4,S4,WWU,WWU,0,0,1,0,0,0,0,1,0,0,0,0,0,0,0,0,0,0,0,0,0,0,0,0,0.0,0.0,1,2,2,2,2,{4002},1,0,0,300.0,2,1.4333333333333331,0.14600000000000002,0.15433629862201287,0,0,WWU,1,1,2,0,0,0,2,2.0,0.05793450881612091,0.0,78,35,382,341.8866498740554,168,0.29581151832460734,0.4913909334040625,0.5,,0.5,1.0,1.5,0.5,1.0,,0.0,0.5,0.0,,,,0.5,1.0,150.0,Johnnie Twofingers,XB,TT-H,Right,3B,272.5305069309327
504,4,S4,WWU,WWU,0,1,0,0,0,0,0,0,0,0,0,1,0,0,0,1,1,0,0,0,0,0,0,0,0.0,0.0,1,2,2,3,3,{4012},1,1,0,494.0,2,-0.7333333333333335,-0.012199999999999989,-0.06233036804465378,0,0,WWU,2,1,3,0,0,0,2,2.0,0.05793450881612091,0.0,78,35,382,341.8866498740554,168,0.29581151832460734,0.4913909334040625,0.5,,0.5,1.5,2.0,1.0,0.5,,0.0,0.0,0.0,1.0,0.0,inf,0.5,1.5,247.0,Joe McQueen,XB,,Right,3B,374.2824860601159
505,4,S4,ULA,ULA,0,0,0,0,0,0,1,0,0,0,1,1,0,0,0,2,0,0,0,0,0,0,0,0,0.0,1.0,0,3,3,0,0,"{4010, 4005}",2,0,0,1031.0,3,-0.6653846153846154,-0.1176,-0.050034013605442164,0,0,ULA,2,0,0,0,1,0,3,2.9420654911838793,0.05793450881612091,0.05793450881612091,78,35,382,341.8866498740554,168,0.29581151832460734,0.4913909334040625,0.0,0.0,0.0,0.0,0.0,0.0,0.0,,0.0,0.0,0.0,0.6666666666666666,0.3333333333333333,2.0,0.0,0.0,343.6666666666667,Poopio Cartez,XB,,Left,RF,-100.0
506,4,S4,MIC,MIC,0,0,0,0,0,0,0,2,0,0,0,0,0,0,0,0,0,0,0,0,0,0,0,0,0.0,1.0,0,2,2,0,0,{4001},1,0,0,649.0,2,-1.067948717948718,-0.0707,-0.09579190650619221,0,0,MIC,1,0,0,0,0,0,2,2.0,0.05793450881612091,0.0,78,35,382,341.8866498740554,168,0.29581151832460734,0.4913909334040625,0.0,0.0,0.0,0.0,0.0,0.0,,,0.0,1.0,0.0,,,,0.0,0.0,324.5,Kanye East,XB,,Right,1B,-100.0
507,4,S4,WWU,WWU,0,0,0,0,0,0,0,2,2,0,0,0,0,0,0,0,0,0,0,0,0,0,0,0,0.0,0.0,0,2,2,0,0,{4012},1,0,0,0,0,-0.32558869701726845,-0.0836,-0.02155590441304727,0,0,WWU,2,0,0,0,0,0,2,2.0,0.05793450881612091,0.0,78,35,382,341.8866498740554,168,0.29581151832460734,0.4913909334040625,0.0,,0.0,0.0,0.0,0.0,,,0.0,1.0,0.0,,,,0.0,0.0,,Talladega Knight,BP,,Right,3B,-100.0
509,4,S4,UWO,UWO,0,0,0,0,0,0,0,0,0,0,1,0,0,0,0,1,0,0,0,0,0,0,0,0,0.0,0.0,0,1,1,0,0,{4001},1,0,0,417.0,1,-0.08205128205128201,-0.0317,-0.0027036455607884133,0,0,UWO,1,0,0,0,0,0,1,1.0,0.05793450881612091,0.0,78,35,382,341.8866498740554,168,0.29581151832460734,0.4913909334040625,0.0,,0.0,0.0,0.0,0.0,0.0,,0.0,0.0,0.0,1.0,0.0,inf,0.0,0.0,417.0,R.K. Maroon,1B,,Right,3B,-100.0
510,4,S4,MIC,MIC,1,0,0,0,0,0,0,1,0,0,0,0,0,0,0,0,0,0,0,0,0,1,0,0,1.0,1.0,1,2,2,4,4,{4012},1,2,2,342.0,2,1.0554421768707483,0.16610000000000003,0.11654718297575441,0,0,MIC,2,1,4,0,0,0,2,2.0,0.05793450881612091,0.0,78,35,382,341.8866498740554,168,0.29581151832460734,0.4913909334040625,0.5,1.0,0.5,2.0,2.5,1.5,,,0.5,0.5,0.0,,,,0.5,2.0,171.0,Ray Dingerz,1B,,Right,LF,476.034465189299
511,4,S4,WSU,WSU,0,0,0,1,0,0,0,0,0,0,0,1,0,0,0,1,0,0,0,0,0,0,0,0,0.0,0.0,1,2,2,1,1,{4004},1,0,0,536.0,2,-0.17815279958137106,0.012400000000000001,-0.006812314669457529,0,0,WSU,1,1,1,0,0,0,2,2.0,0.05793450881612091,0.0,78,35,382,341.8866498740554,168,0.29581151832460734,0.4913909334040625,0.5,,0.5,0.5,1.0,0.0,0.5,,0.0,0.0,0.0,1.0,0.0,inf,0.5,0.5,268.0,Miles Huh,XB,,Right,SS,170.77852780174956
513,4,S4,WSU,WSU,0,0,0,1,0,0,1,0,0,0,0,0,0,0,0,0,0,0,0,0,0,0,0,0,0.0,0.0,1,2,2,1,1,{4004},1,1,0,225.0,2,-0.14871794871794888,0.0435,-0.003868829583115313,0,0,WSU,1,1,1,0,1,0,2,1.942065491183879,0.05793450881612091,0.05793450881612091,78,35,382,341.8866498740554,168,0.29581151832460734,0.4913909334040625,0.5,,0.5,0.5,1.0,0.0,0.5,,0.0,0.0,0.0,0.0,1.0,0.0,0.5,0.5149156939040208,112.5,Slacker JonnyHustle,BP,FP-H,Right,SS,173.81393055138795
514,4,S4,WSU,WSU,2,0,0,0,0,0,0,0,0,0,0,0,0,0,0,0,0,0,0,0,1,0,1,0,1.0,1.0,2,2,2,8,8,{4004},1,2,4,26.0,2,3.510204081632653,0.42310000000000003,0.3620233734519449,0,0,WSU,1,2,8,0,0,0,2,2.0,0.05793450881612091,0.0,78,35,382,341.8866498740554,168,0.29581151832460734,0.4913909334040625,1.0,1.0,1.0,4.0,5.0,3.0,,,1.0,0.0,0.0,,,,1.0,4.0,13.0,Red Lobsterologist,EN,EN-B,Right,2B,1052.068930378598
515,4,S4,WSU,WSU,0,0,0,0,0,0,0,1,0,0,0,1,0,0,0,1,0,0,0,0,0,0,0,0,0.0,0.0,0,2,2,0,0,{4011},1,0,0,742.0,2,-0.3692307692307692,-0.0909,-0.025920111634397346,0,0,WSU,2,0,0,0,0,0,2,2.0,0.05793450881612091,0.0,78,35,382,341.8866498740554,168,0.29581151832460734,0.4913909334040625,0.0,,0.0,0.0,0.0,0.0,0.0,,0.0,0.5,0.0,1.0,0.0,inf,0.0,0.0,371.0,Elwood Blues,BP,,Right,C,-100.0
516,4,S4,CLM,CLM,0,0,0,1,0,0,1,0,0,0,0,1,0,1,0,1,0,0,0,0,0,0,0,0,1.0,2.0,1,3,2,1,1,"{4008, 4003}",2,0,2,823.0,3,1.3012820512820513,0.2406,0.14663265306122447,0,1,CLM,2,1,1,0,1,0,3,2.9420654911838793,0.05793450881612091,0.05793450881612091,78,35,382,341.8866498740554,168,0.29581151832460734,0.4913909334040625,0.5,0.5,0.3333333333333333,0.5,0.8333333333333333,0.0,0.3333333333333333,,0.0,0.0,0.0,0.5,0.5,1.0,0.3333333333333333,0.3398972602739726,274.3333333333333,Blackbean Burrito,1B,EG-H,Right,C,81.85480364863848
518,4,S4,CLM,CLM,0,0,1,0,0,0,2,0,0,0,1,0,0,0,0,1,0,0,0,0,0,0,0,0,0.0,1.0,1,4,4,2,2,"{4008, 4003}",2,1,0,858.0,4,-0.5857927786499215,-0.03509999999999999,-0.036573347287633,0,0,CLM,2,1,2,0,2,0,4,3.884130982367758,0.05793450881612091,0.11586901763224182,78,35,382,341.8866498740554,168,0.29581151832460734,0.4913909334040625,0.25,0.0,0.25,0.5,0.75,0.25,0.25,,0.0,0.0,0.0,0.3333333333333333,0.6666666666666666,0.5,0.25,0.5149156939040208,214.5,Arthur Vandelay,1B,NT-H,Right,2B,89.30065621510477
519,4,S4,CLM,CLM,0,0,0,0,0,0,0,0,0,0,1,0,0,0,0,1,0,0,0,0,0,0,0,0,0.0,0.0,0,1,1,0,0,{4008},1,0,0,392.0,1,-0.24353741496598647,-0.0187,-0.018852258852258857,0,0,CLM,2,0,0,0,0,0,1,1.0,0.05793450881612091,0.0,78,35,382,341.8866498740554,168,0.29581151832460734,0.4913909334040625,0.0,,0.0,0.0,0.0,0.0,0.0,,0.0,0.0,0.0,1.0,0.0,inf,0.0,0.0,392.0,Don El Patron,XB,,Right,SS,-100.0
521,4,S4,SBU,SBU,0,0,0,0,0,0,0,2,0,0,0,0,0,0,0,0,0,0,0,0,0,0,0,0,0.0,0.0,0,2,2,0,0,"{4008, 4004}",2,0,0,603.0,2,-0.332051282051282,-0.0996,-0.022202162916448623,0,0,SBU,2,0,0,0,0,0,2,2.0,0.05793450881612091,0.0,78,35,382,341.8866498740554,168,0.29581151832460734,0.4913909334040625,0.0,,0.0,0.0,0.0,0.0,,,0.0,1.0,0.0,,,,0.0,0.0,301.5,Jon Jay's Booty,1B,,Left,CF,-100.0
522,4,S4,ULA,ULA,0,0,0,0,0,0,1,2,0,1,0,0,0,0,0,0,0,0,0,0,0,0,0,0,0.0,0.0,0,4,4,0,0,"{4010, 4005}",2,0,0,1276.0,4,-0.7602040816326531,-0.1026,-0.054014477585906155,0,0,ULA,2,0,0,0,1,0,4,3.9420654911838793,0.05793450881612091,0.05793450881612091,78,35,382,341.8866498740554,168,0.29581151832460734,0.4913909334040625,0.0,,0.0,0.0,0.0,0.0,0.0,,0.0,0.5,0.0,0.0,0.5,0.0,0.0,0.0,319.0,Good Doggo,BC,EG-S,Right,2B,-100.0
523,4,S4,WWU,WWU,0,0,0,0,1,0,0,1,0,0,0,0,0,0,0,0,0,0,0,0,0,0,0,0,0.0,0.0,0,2,1,0,1,{4002},1,0,0,455.0,2,0.22271062271062278,-0.0032000000000000015,0.033274027559741855,0,0,WWU,1,0,0,1,0,0,2,1.0,0.05793450881612091,0.0,78,35,382,341.8866498740554,168,0.29581151832460734,0.4913909334040625,0.0,,0.5,0.0,0.5,0.0,,,0.0,0.5,0.5,,,,0.5,0.0,227.5,Luke Admadik,1B,,Left,SS,69.02654867256636
525,4,S4,VT,VT,0,0,0,0,0,0,1,1,0,0,0,2,0,0,0,2,0,0,0,0,0,0,0,0,0.0,1.0,0,4,4,0,0,"{4009, 4002}",2,0,0,1325.0,4,-1.397278911564626,-0.0814,-0.11772196057910346,0,0,VT,2,0,0,0,1,0,4,3.9420654911838793,0.05793450881612091,0.05793450881612091,78,35,382,341.8866498740554,168,0.29581151832460734,0.4913909334040625,0.0,0.0,0.0,0.0,0.0,0.0,0.0,,0.0,0.25,0.0,0.6666666666666666,0.3333333333333333,2.0,0.0,0.0,331.25,Cam'ron West,1B,,Right,2B,-100.0
526,4,S4,MIC,MIC,0,1,0,0,0,0,1,1,0,0,0,0,0,0,0,0,0,0,0,0,0,0,0,0,0.0,0.0,1,3,3,3,3,{4012},1,1,0,558.0,3,-0.07943485086342222,-0.1191,0.00856096284667714,0,0,MIC,2,1,3,0,1,0,3,2.9420654911838793,0.05793450881612091,0.05793450881612091,78,35,382,341.8866498740554,168,0.29581151832460734,0.4913909334040625,0.3333333333333333,,0.3333333333333333,1.0,1.3333333333333333,0.6666666666666667,0.5,,0.0,0.3333333333333333,0.0,0.0,1.0,0.0,0.3333333333333333,1.0196917808219177,186.0,Holden MaGroin,1B,,Right,SS,220.19567938249364
529,4,S4,VT,VT,0,0,0,1,0,0,1,1,0,0,1,0,0,0,0,1,0,0,0,0,0,0,0,0,0.0,1.0,1,4,4,1,1,"{4009, 4002}",2,1,1,946.0,4,0.8285714285714287,-0.1028,0.10486307343450202,0,0,VT,2,1,1,0,1,0,4,3.9420654911838793,0.05793450881612091,0.05793450881612091,78,35,382,341.8866498740554,168,0.29581151832460734,0.4913909334040625,0.25,0.0,0.25,0.25,0.5,0.0,0.3333333333333333,,0.0,0.25,0.0,0.5,0.5,1.0,0.25,0.2536741214057508,236.5,Wheeler Walker Jr.,XB,EG-S,Right,2B,36.13696215006685
530,4,S4,ULA,ULA,0,0,0,0,0,0,1,0,0,1,0,0,0,0,0,0,0,0,0,0,0,0,0,0,0.0,0.0,0,2,2,0,0,{4005},1,0,0,429.0,2,-0.32558869701726845,-0.0315,-0.02155590441304727,0,0,ULA,1,0,0,0,1,0,2,1.942065491183879,0.05793450881612091,0.05793450881612091,78,35,382,341.8866498740554,168,0.29581151832460734,0.4913909334040625,0.0,,0.0,0.0,0.0,0.0,0.0,,0.0,0.0,0.0,0.0,0.5,0.0,0.0,0.0,214.5,Ping Pong,MH,,Left,1B,-100.0
531,4,S4,MIC,MIC,0,0,0,0,0,0,1,0,0,0,0,0,0,0,0,0,0,0,0,0,0,0,0,0,0.0,0.0,0,1,1,0,0,{4001},1,0,0,262.0,1,-0.08205128205128201,-0.0319,-0.0027036455607884133,0,0,MIC,1,0,0,0,1,0,1,0.9420654911838791,0.05793450881612091,0.05793450881612091,78,35,382,341.8866498740554,168,0.29581151832460734,0.4913909334040625,0.0,,0.0,0.0,0.0,0.0,0.0,,0.0,0.0,0.0,0.0,1.0,0.0,0.0,0.0,262.0,Devaunte Rider,S,,Right,SS,-100.0
533,4,S4,ULA,ULA,0,0,0,0,0,0,1,0,0,0,0,1,0,0,0,1,0,0,0,0,0,0,0,0,0.0,0.0,0,2,2,0,0,{4005},1,0,0,699.0,2,-0.2666666666666666,-0.0294,-0.015663701377987088,0,0,ULA,1,0,0,0,1,0,2,1.942065491183879,0.05793450881612091,0.05793450881612091,78,35,382,341.8866498740554,168,0.29581151832460734,0.4913909334040625,0.0,,0.0,0.0,0.0,0.0,0.0,,0.0,0.0,0.0,0.5,0.5,1.0,0.0,0.0,349.5,Dr. Tuna Altuna,S,FP-S,Right,CF,-100.0
534,4,S4,SBU,SBU,0,0,0,0,1,0,1,1,0,1,0,0,0,0,0,0,0,0,0,0,0,0,0,0,0.0,0.0,0,4,3,0,1,"{4008, 4004}",2,0,0,1082.0,4,0.5487179487179488,-0.0441,0.07687772544915403,0,0,SBU,2,0,0,1,1,0,4,2.9420654911838793,0.05793450881612091,0.05793450881612091,78,35,382,341.8866498740554,168,0.29581151832460734,0.4913909334040625,0.0,,0.25,0.0,0.25,0.0,0.0,,0.0,0.25,0.25,0.0,0.5,0.0,0.25,0.0,270.5,Roger Over,WC,,Right,RF,-15.486725663716816
534,11,S11,BSU,BSU,0,0,0,3,1,0,1,1,0,2,0,2,0,0,0,2,0,0,0,0,0,0,0,0,1.0,2.0,3,10,9,3,4,"{11017, 11004, 11013, 11007}",4,2,1,2716.0,10,-1.1340728398659494,0.013600000000000008,-0.07868059426547108,0,0,BSU,6,3,3,1,1,0,10,8.95497382198953,0.04502617801047121,0.04502617801047121,225,77,912,828.8764397905759,460,0.33114035087719296,0.5549681205997647,0.3333333333333333,0.5,0.4,0.3333333333333333,0.7333333333333334,0.0,0.375,,0.0,0.1,0.1,0.4,0.2,2.0,0.4,0.3350093545369504,271.6,Bill Billiamson,1B,,Right,CF,81.16021526613028
536,4,S4,SBU,SBU,0,0,0,1,0,0,1,0,0,0,0,0,0,1,0,0,0,0,0,1,0,0,0,0,1.0,1.0,1,2,1,1,1,"{4008, 4004}",2,0,2,747.0,3,-0.08333333333333326,0.0938,0.00817111459968603,0,0,SBU,2,1,1,0,1,0,2,1.942065491183879,0.05793450881612091,0.05793450881612091,78,35,382,341.8866498740554,168,0.29581151832460734,0.4913909334040625,1.0,1.0,0.5,1.0,1.5,0.0,0.5,0.0,0.0,0.0,0.0,0.0,1.0,0.0,0.5,0.5149156939040208,249.0,Dingleberry McHotsauce,BP,,Left,3B,173.81393055138795
537,4,S4,UWO,UWO,0,0,0,0,0,0,0,1,0,0,1,1,0,0,0,2,0,0,0,0,0,0,0,0,0.0,2.0,0,3,3,0,0,"{4001, 4009}",2,0,1,1290.0,3,0.2064625850340135,-0.1298,0.03715070643642072,0,0,UWO,2,0,0,0,0,0,3,3.0,0.05793450881612091,0.0,78,35,382,341.8866498740554,168,0.29581151832460734,0.4913909334040625,0.0,0.0,0.0,0.0,0.0,0.0,0.0,,0.0,0.3333333333333333,0.0,1.0,0.0,inf,0.0,0.0,430.0,Dale Gale,WC,,Right,2B,-100.0
538,4,S4,VT,VT,1,0,0,0,0,0,0,1,0,0,2,1,0,0,0,3,0,0,0,0,1,0,0,0,0.0,2.0,1,5,5,4,4,"{4009, 4002}",2,1,1,1660.0,5,-0.4935374149659865,-0.056100000000000004,-0.021846328274899712,0,0,VT,2,1,4,0,0,0,5,5.0,0.05793450881612091,0.0,78,35,382,341.8866498740554,168,0.29581151832460734,0.4913909334040625,0.2,0.0,0.2,0.8,1.0,0.6000000000000001,0.0,,0.2,0.2,0.0,1.0,0.0,inf,0.2,0.8,332.0,Reuben Sand-Witch,BP,,Left,1B,130.4137860757196
539,4,S4,UWO,UWO,0,0,0,1,0,0,1,0,0,0,0,0,0,0,0,0,0,0,0,0,0,0,0,0,0.0,0.0,1,2,2,1,1,{4001},1,0,0,278.0,2,0.061224489795918324,-0.056299999999999996,0.01712541426827141,0,0,UWO,1,1,1,0,1,0,2,1.942065491183879,0.05793450881612091,0.05793450881612091,78,35,382,341.8866498740554,168,0.29581151832460734,0.4913909334040625,0.5,,0.5,0.5,1.0,0.0,0.5,,0.0,0.0,0.0,0.0,1.0,0.0,0.5,0.5149156939040208,139.0,Stubby Footman,BN,,Right,3B,173.81393055138795
540,4,S4,VT,VT,0,1,1,1,1,0,1,0,0,0,0,0,0,0,0,0,0,0,0,0,0,0,0,0,1.0,1.0,3,5,4,6,7,"{4009, 4002}",2,2,3,507.0,5,2.597435897435897,0.1813,0.28725100296528866,0,0,VT,2,3,6,1,1,0,5,3.9420654911838793,0.05793450881612091,0.05793450881612091,78,35,382,341.8866498740554,168,0.29581151832460734,0.4913909334040625,0.75,1.0,0.8,1.5,2.3,0.75,0.75,,0.0,0.0,0.2,0.0,1.0,0.0,0.8,1.5220447284345047,101.4,Cockus Mclong,S,,Right,CF,480.18460475880823
541,4,S4,NU,NU,0,0,0,0,0,0,1,1,0,0,0,0,0,0,0,0,0,0,0,0,0,0,0,0,0.0,1.0,0,2,2,0,0,{4005},1,0,0,467.0,2,-1.0435374149659866,-0.15410000000000001,-0.09335077620791908,0,0,NU,1,0,0,0,1,0,2,1.942065491183879,0.05793450881612091,0.05793450881612091,78,35,382,341.8866498740554,168,0.29581151832460734,0.4913909334040625,0.0,0.0,0.0,0.0,0.0,0.0,0.0,,0.0,0.5,0.0,0.0,1.0,0.0,0.0,0.0,233.5,Dookie Stane,1B,EG-S,Left,SS,-100.0
543,4,S4,UWO,UWO,0,0,0,0,0,0,1,3,0,0,0,0,0,0,0,0,0,0,0,0,0,0,0,0,0.0,0.0,0,4,4,0,0,"{4001, 4009}",2,0,0,1319.0,4,-0.7973835688121402,-0.1136,-0.057732426303854875,0,0,UWO,2,0,0,0,1,0,4,3.9420654911838793,0.05793450881612091,0.05793450881612091,78,35,382,341.8866498740554,168,0.29581151832460734,0.4913909334040625,0.0,,0.0,0.0,0.0,0.0,0.0,,0.0,0.75,0.0,0.0,1.0,0.0,0.0,0.0,329.75,Finn Elvis,S,,Right,2B,-100.0
544,4,S4,SBU,SBU,0,0,1,0,0,0,1,0,0,0,0,0,0,0,0,0,0,0,0,0,0,0,0,0,0.0,0.0,1,2,2,2,2,{4008},1,0,0,300.0,2,0.37959183673469377,0.09640000000000001,0.048962148962148955,0,0,SBU,2,1,2,0,1,0,2,1.942065491183879,0.05793450881612091,0.05793450881612091,78,35,382,341.8866498740554,168,0.29581151832460734,0.4913909334040625,0.5,,0.5,1.0,1.5,0.5,0.5,,0.0,0.0,0.0,0.0,1.0,0.0,0.5,1.0298313878080416,150.0,Threepointsix Roentgen,S,,Left,2B,278.60131243020953
545,4,S4,WWU,WWU,2,0,0,0,0,0,1,1,0,0,0,1,0,0,0,1,0,0,0,0,2,0,0,0,0.0,1.0,2,5,5,8,8,"{4002, 4012}",2,2,2,1012.0,5,1.757744636316065,0.2718,0.20328187685330543,0,0,WWU,2,2,8,0,1,0,5,4.942065491183879,0.05793450881612091,0.05793450881612091,78,35,382,341.8866498740554,168,0.29581151832460734,0.4913909334040625,0.4,0.0,0.4,1.6,2.0,1.2000000000000002,0.0,,0.4,0.2,0.0,0.5,0.5,1.0,0.4,1.618756371049949,202.4,Randy Poovey,1B,,Left,1B,364.6445679026665
546,4,S4,GT,GT,0,0,0,0,1,0,0,0,0,0,0,2,0,0,0,2,1,0,0,1,0,0,0,0,0.0,1.0,0,3,2,0,1,{4003},1,0,0,1397.0,4,-2.1952380952380954,-0.25980000000000003,-0.19751787894645037,0,0,GT,1,0,0,1,0,0,3,2.0,0.05793450881612091,0.0,78,35,382,341.8866498740554,168,0.29581151832460734,0.4913909334040625,0.0,0.0,0.3333333333333333,0.0,0.3333333333333333,0.0,0.0,0.0,0.0,0.0,0.3333333333333333,1.0,0.0,inf,0.3333333333333333,0.0,349.25,Cal Otter,1B,,Left,1B,12.684365781710905
547,4,S4,GT,GT,0,0,1,0,0,0,0,1,0,0,0,0,0,0,0,0,0,0,0,0,0,0,0,0,1.0,1.0,1,2,2,2,2,{4003},1,1,1,339.0,2,1.3153846153846154,0.2945,0.1425414268271411,0,0,GT,1,1,2,0,0,0,2,2.0,0.05793450881612091,0.0,78,35,382,341.8866498740554,168,0.29581151832460734,0.4913909334040625,0.5,1.0,0.5,1.0,1.5,0.5,1.0,,0.0,0.5,0.0,,,,0.5,1.0,169.5,Red Arrow,BC,BS-H,Right,2B,272.5305069309327
549,4,S4,GT,GT,0,0,0,0,0,0,2,0,0,0,0,0,0,0,0,0,0,0,0,0,0,0,0,0,0.0,0.0,0,2,2,0,0,{4011},1,0,0,434.0,2,-0.4281527995813711,-0.0402,-0.03181231466945753,0,0,GT,2,0,0,0,2,0,2,1.8841309823677581,0.05793450881612091,0.11586901763224182,78,35,382,341.8866498740554,168,0.29581151832460734,0.4913909334040625,0.0,,0.0,0.0,0.0,0.0,0.0,,0.0,0.0,0.0,0.0,1.0,0.0,0.0,0.0,217.0,Paddy O'Connor,BC,TT-H,Left,SS,-100.0
550,4,S4,WSU,WSU,0,0,0,1,0,0,0,0,0,0,0,0,0,0,0,0,0,0,0,0,0,0,0,0,0.0,0.0,1,1,1,1,1,{4004},1,0,0,103.0,1,0.0653846153846154,0.0265,0.012039944182801328,0,0,WSU,1,1,1,0,0,0,1,1.0,0.05793450881612091,0.0,78,35,382,341.8866498740554,168,0.29581151832460734,0.4913909334040625,1.0,,1.0,1.0,2.0,0.0,1.0,,0.0,0.0,0.0,,,,1.0,1.0,103.0,Clapper Cheeks,BC,,Left,2B,441.5570556034991
552,4,S4,CLM,CLM,0,0,0,1,0,0,1,0,0,0,0,0,0,0,0,0,0,0,0,0,0,0,0,0,0.0,0.0,1,2,2,1,1,{4008},1,1,0,309.0,2,0.12014652014652019,0.015600000000000004,0.023017617303331593,0,0,CLM,2,1,1,0,1,0,2,1.942065491183879,0.05793450881612091,0.05793450881612091,78,35,382,341.8866498740554,168,0.29581151832460734,0.4913909334040625,0.5,,0.5,0.5,1.0,0.0,0.5,,0.0,0.0,0.0,0.0,1.0,0.0,0.5,0.5149156939040208,154.5,Mike Dexter,S,BB-B,Right,2B,173.81393055138795
553,4,S4,SBU,SBU,0,0,0,1,0,0,1,0,0,1,0,1,0,0,0,1,0,0,1,0,0,0,0,0,0.0,1.0,1,4,4,1,2,"{4008, 4004}",2,1,0,1464.0,5,-0.14481946624803768,-0.04960000000000001,0.013025466596895172,0,0,SBU,2,1,1,0,1,0,4,3.9420654911838793,0.05793450881612091,0.05793450881612091,78,35,382,341.8866498740554,168,0.29581151832460734,0.4913909334040625,0.25,0.0,0.25,0.25,0.5,0.0,0.25,1.0,0.0,0.0,0.0,0.3333333333333333,0.3333333333333333,1.0,0.25,0.2536741214057508,292.8,Joshua Jones,BP,EG-H,Left,C,36.13696215006685
554,4,S4,MIC,MIC,1,0,0,0,0,0,0,0,0,0,0,0,0,0,0,0,0,0,0,0,1,0,0,0,0.0,0.0,1,1,1,4,4,{4001},1,1,1,6.0,1,1.0,0.2502,0.10550148264433978,0,0,MIC,1,1,4,0,0,0,1,1.0,0.05793450881612091,0.0,78,35,382,341.8866498740554,168,0.29581151832460734,0.4913909334040625,1.0,,1.0,4.0,5.0,3.0,,,1.0,0.0,0.0,,,,1.0,4.0,6.0,Trey Womancini,1B,,Right,3B,1052.068930378598
555,4,S4,GT,GT,0,0,1,0,0,0,0,0,0,0,0,0,0,0,0,0,0,0,0,0,0,0,0,0,0.0,0.0,1,1,1,2,2,{4011},1,0,0,60.0,1,0.14871794871794872,0.030600000000000002,0.020373277516134658,0,0,GT,2,1,2,0,0,0,1,1.0,0.05793450881612091,0.0,78,35,382,341.8866498740554,168,0.29581151832460734,0.4913909334040625,1.0,,1.0,2.0,3.0,1.0,1.0,,0.0,0.0,0.0,,,,1.0,2.0,60.0,Terry Jerry-Larry,BP,,Right,3B,645.0610138618654
556,4,S4,WWU,WWU,0,0,0,0,0,0,0,0,0,1,0,0,0,0,0,0,0,0,0,0,0,0,0,0,0.0,0.0,0,1,1,0,0,{4002},1,0,0,436.0,1,-0.24353741496598647,-0.057699999999999994,-0.018852258852258857,0,0,WWU,1,0,0,0,0,0,1,1.0,0.05793450881612091,0.0,78,35,382,341.8866498740554,168,0.29581151832460734,0.4913909334040625,0.0,,0.0,0.0,0.0,0.0,0.0,,0.0,0.0,0.0,0.0,0.0,,0.0,0.0,436.0,Millistingo Ansherwaras,S,,Right,2B,-100.0
557,4,S4,SBU,SBU,0,0,0,1,0,0,0,0,0,1,0,0,0,0,0,0,0,0,0,0,0,0,0,0,0.0,1.0,1,2,2,1,1,{4008},1,0,0,524.0,2,0.14871794871794872,-0.05129999999999999,0.02587476016047445,0,0,SBU,2,1,1,0,0,0,2,2.0,0.05793450881612091,0.0,78,35,382,341.8866498740554,168,0.29581151832460734,0.4913909334040625,0.5,0.0,0.5,0.5,1.0,0.0,0.5,,0.0,0.0,0.0,0.0,0.0,,0.5,0.5,262.0,Monty Johnson,WC,,Left,C,170.77852780174956
558,4,S4,ULA,ULA,0,0,0,0,0,0,1,0,0,0,0,0,0,0,0,0,0,0,0,0,0,0,0,0,0.0,0.0,0,1,1,0,0,{4010},1,0,0,210.0,1,-0.1846153846153846,-0.019299999999999998,-0.012960055817198673,0,0,ULA,2,0,0,0,1,0,1,0.9420654911838791,0.05793450881612091,0.05793450881612091,78,35,382,341.8866498740554,168,0.29581151832460734,0.4913909334040625,0.0,,0.0,0.0,0.0,0.0,0.0,,0.0,0.0,0.0,0.0,1.0,0.0,0.0,0.0,210.0,Star Burns,BP,EG-B,Right,C,-100.0
559,4,S4,SBU,SBU,0,0,0,0,0,0,1,0,0,1,0,0,0,0,0,0,0,0,0,0,0,0,0,0,0.0,0.0,0,2,2,0,0,{4004},1,0,0,614.0,2,-0.4281527995813711,-0.0654,-0.03181231466945753,0,0,SBU,1,0,0,0,1,0,2,1.942065491183879,0.05793450881612091,0.05793450881612091,78,35,382,341.8866498740554,168,0.29581151832460734,0.4913909334040625,0.0,,0.0,0.0,0.0,0.0,0.0,,0.0,0.0,0.0,0.0,0.5,0.0,0.0,0.0,307.0,Trevor Mouseman,BC,,Right,SS,-100.0
560,4,S4,ULA,ULA,0,0,1,0,0,0,3,0,0,0,0,0,0,0,0,0,0,0,0,0,0,0,0,0,1.0,1.0,1,4,4,2,2,"{4010, 4005}",2,0,1,459.0,4,0.411904761904762,0.0882,0.06319640676783535,0,0,ULA,2,1,2,0,3,0,4,3.8261964735516374,0.05793450881612091,0.17380352644836272,78,35,382,341.8866498740554,168,0.29581151832460734,0.4913909334040625,0.25,1.0,0.25,0.5,0.75,0.25,0.25,,0.0,0.0,0.0,0.0,1.0,0.0,0.25,0.5227123107307439,114.75,Napoleon Shortsleeve,XB,BB-H,Left,SS,90.88729860036668
561,4,S4,UWO,UWO,0,0,0,0,0,0,0,2,1,0,0,0,0,0,0,0,0,0,0,0,0,0,0,0,0.0,2.0,0,2,2,0,0,{4009},1,0,0,307.0,1,-0.5833333333333335,-0.09509999999999999,-0.047330368044653764,0,0,UWO,2,0,0,0,0,0,2,2.0,0.05793450881612091,0.0,78,35,382,341.8866498740554,168,0.29581151832460734,0.4913909334040625,0.0,0.0,0.0,0.0,0.0,0.0,,,0.0,1.0,0.0,,,,0.0,0.0,307.0,Larry Bigawls,XB,,Right,CF,-100.0
563,4,S4,ULA,ULA,0,0,0,0,0,0,1,1,0,0,0,0,0,0,0,0,0,0,0,0,0,0,0,0,0.0,0.0,0,2,2,0,0,{4010},1,0,0,495.0,2,-0.32558869701726845,-0.058499999999999996,-0.02155590441304727,0,0,ULA,2,0,0,0,1,0,2,1.942065491183879,0.05793450881612091,0.05793450881612091,78,35,382,341.8866498740554,168,0.29581151832460734,0.4913909334040625,0.0,,0.0,0.0,0.0,0.0,0.0,,0.0,0.5,0.0,0.0,1.0,0.0,0.0,0.0,247.5,Fizzber Doormat,XB,,Left,2B,-100.0
564,4,S4,GT,GT,0,0,0,1,0,0,0,0,0,1,0,1,0,0,0,1,0,0,0,0,0,0,0,0,1.0,1.0,1,3,3,1,1,"{4003, 4011}",2,1,0,934.0,3,3.379591836734694,0.09240000000000001,0.35446363160648875,0,0,GT,2,1,1,0,0,0,3,3.0,0.05793450881612091,0.0,78,35,382,341.8866498740554,168,0.29581151832460734,0.4913909334040625,0.3333333333333333,1.0,0.3333333333333333,0.3333333333333333,0.6666666666666666,0.0,0.3333333333333333,,0.0,0.0,0.0,0.5,0.0,inf,0.3333333333333333,0.3333333333333333,311.3333333333333,Nate Kondylis,XB,,Right,C,80.51901853449968
565,4,S4,WSU,WSU,0,0,0,1,0,0,0,1,0,0,0,0,0,0,0,0,0,0,0,0,0,0,0,0,0.0,0.0,1,2,2,1,1,{4004},1,1,0,426.0,2,0.31292517006802734,0.002600000000000005,0.04229548229548231,0,0,WSU,1,1,1,0,0,0,2,2.0,0.05793450881612091,0.0,78,35,382,341.8866498740554,168,0.29581151832460734,0.4913909334040625,0.5,,0.5,0.5,1.0,0.0,1.0,,0.0,0.5,0.0,,,,0.5,0.5,213.0,Taco Sanchez,S,,Right,2B,170.77852780174956
567,4,S4,WSU,WSU,0,0,0,0,0,0,1,0,0,0,2,1,0,0,0,3,0,0,0,0,0,0,0,0,0.0,0.0,0,4,4,0,0,"{4011, 4004}",2,0,0,1551.0,4,-0.592255363683935,-0.1401,-0.03721960579103436,0,0,WSU,2,0,0,0,1,0,4,3.9420654911838793,0.05793450881612091,0.05793450881612091,78,35,382,341.8866498740554,168,0.29581151832460734,0.4913909334040625,0.0,,0.0,0.0,0.0,0.0,0.0,,0.0,0.0,0.0,0.75,0.25,3.0,0.0,0.0,387.75,Tucker Doubt,BN,,Left,LF,-100.0
567,8,S8,ORD,ORD,0,0,0,1,1,0,2,1,0,4,1,2,0,0,0,3,1,0,0,0,0,0,0,0,1.0,4.0,1,12,11,1,1,"{8001, 8010, 8014, 8006}",4,0,2,3639.0,11,-1.6592723774541955,-0.17810000000000004,-0.11990124452208711,0,0,ORD,4,1,1,1,2,0,12,10.863414634146341,0.06829268292682927,0.13658536585365855,190,87,795,699.3951219512195,382,0.3484276729559748,0.546186251534427,0.09090909090909091,0.25,0.16666666666666666,0.09090909090909091,0.25757575757575757,0.0,0.1,,0.0,0.08333333333333333,0.08333333333333333,0.3333333333333333,0.2222222222222222,1.5,0.16666666666666666,0.09205208801077683,330.8181818181818,Tucker Doubt,SF,FP-B,Left,LF,-35.31245730651447
567,10,S10,TOL,TOL,0,0,0,1,0,0,1,0,0,0,0,0,0,0,0,0,0,0,0,0,0,0,0,0,0.0,1.0,1,2,2,1,1,"{10010, 10005}",2,0,0,357.0,2,0.21136950904392765,0.001800000000000003,0.028349254986196462,0,0,TOL,4,1,1,0,1,0,2,1.9706666666666666,0.029333333333333333,0.029333333333333333,175,50,732,678.304,366,0.3073770491803279,0.5395810727933198,0.5,0.0,0.5,0.5,1.0,0.0,0.5,,0.0,0.0,0.0,0.0,1.0,0.0,0.5,0.5074424898511503,178.5,Tucker Doubt,SF,FP-B,Left,LF,156.71045645792202
570,4,S4,MIC,MIC,0,0,0,0,0,0,0,2,0,0,0,0,0,0,0,0,0,0,0,0,0,0,0,0,0.0,0.0,0,2,2,0,0,{4001},1,0,0,585.0,2,-0.4281527995813711,-0.0508,-0.03181231466945753,0,0,MIC,1,0,0,0,0,0,2,2.0,0.05793450881612091,0.0,78,35,382,341.8866498740554,168,0.29581151832460734,0.4913909334040625,0.0,,0.0,0.0,0.0,0.0,,,0.0,1.0,0.0,,,,0.0,0.0,292.5,Deku Matsui,BP,,Right,C,-100.0
571,4,S4,GT,GT,0,1,1,0,0,0,0,0,0,0,0,0,0,0,0,0,0,0,0,0,0,0,0,0,2.0,2.0,2,2,2,5,5,{4003},1,1,4,47.0,2,1.3333333333333333,0.41169999999999995,0.1443362986220129,0,0,GT,1,2,5,0,0,0,2,2.0,0.05793450881612091,0.0,78,35,382,341.8866498740554,168,0.29581151832460734,0.4913909334040625,1.0,1.0,1.0,2.5,3.5,1.5,1.0,,0.0,0.0,0.0,,,,1.0,2.5,23.5,Tony Ragebringer,1B,,Right,3B,746.8129929910485
572,4,S4,SBU,SBU,0,0,0,0,0,0,0,0,0,1,0,0,0,0,0,0,0,0,0,0,0,0,0,0,0.0,1.0,0,1,1,0,0,{4004},1,0,0,370.0,1,0.08333333333333331,-0.060599999999999994,0.01383481597767312,0,0,SBU,1,0,0,0,0,0,1,1.0,0.05793450881612091,0.0,78,35,382,341.8866498740554,168,0.29581151832460734,0.4913909334040625,0.0,0.0,0.0,0.0,0.0,0.0,0.0,,0.0,0.0,0.0,0.0,0.0,,0.0,0.0,370.0,Johnny Johnson,XB,,Right,SS,-100.0
573,4,S4,WWU,WWU,0,0,1,0,1,0,0,0,0,1,1,0,0,0,0,1,1,0,0,0,0,0,0,0,0.0,0.0,1,4,3,2,3,"{4002, 4012}",2,0,0,949.0,4,-0.4393772893772893,-0.08629999999999999,-0.021931798360369785,0,0,WWU,2,1,2,1,0,0,4,3.0,0.05793450881612091,0.0,78,35,382,341.8866498740554,168,0.29581151832460734,0.4913909334040625,0.3333333333333333,,0.5,0.6666666666666666,1.1666666666666665,0.3333333333333333,0.3333333333333333,,0.0,0.0,0.25,0.5,0.0,inf,0.5,0.6666666666666666,237.25,Anthony Stark,XB,,Right,2B,204.69585417814392
574,4,S4,VT,VT,0,0,0,0,1,0,0,1,0,0,1,0,0,0,0,1,0,0,1,0,0,0,0,0,0.0,0.0,0,3,2,0,1,"{4009, 4002}",2,1,0,794.0,3,0.25389848246991104,-0.007099999999999999,0.04739577882435025,0,0,VT,2,0,0,1,0,0,3,2.0,0.05793450881612091,0.0,78,35,382,341.8866498740554,168,0.29581151832460734,0.4913909334040625,0.0,,0.3333333333333333,0.0,0.3333333333333333,0.0,0.0,1.0,0.0,0.3333333333333333,0.3333333333333333,1.0,0.0,inf,0.3333333333333333,0.0,264.6666666666667,Phoenix Wright,TT,,Right,C,12.684365781710905
577,4,S4,MIC,MIC,0,0,0,0,0,0,0,1,0,1,0,0,0,0,0,0,0,0,0,0,0,0,0,0,0.0,0.0,0,2,2,0,0,{4012},1,0,0,708.0,2,-0.16410256410256402,-0.0322,-0.0054072911215768266,0,0,MIC,2,0,0,0,0,0,2,2.0,0.05793450881612091,0.0,78,35,382,341.8866498740554,168,0.29581151832460734,0.4913909334040625,0.0,,0.0,0.0,0.0,0.0,0.0,,0.0,0.5,0.0,0.0,0.0,,0.0,0.0,354.0,H.E. Pennypacker,WC,,Right,C,-100.0
578,4,S4,NU,NU,0,0,0,0,0,0,0,1,1,0,0,0,0,0,0,0,0,0,0,0,0,0,0,0,0.0,0.0,0,1,1,0,0,{4007},1,0,0,0,0,-0.1846153846153846,-0.0287,-0.012960055817198673,0,0,NU,2,0,0,0,0,0,1,1.0,0.05793450881612091,0.0,78,35,382,341.8866498740554,168,0.29581151832460734,0.4913909334040625,0.0,,0.0,0.0,0.0,0.0,,,0.0,1.0,0.0,,,,0.0,0.0,,Ruiz Nomad,EN,,Right,3B,-100.0
579,4,S4,GT,GT,1,1,0,0,1,1,0,0,0,1,0,0,0,0,0,0,0,0,0,0,1,0,0,0,0.0,1.0,2,4,3,7,7,"{4003, 4011}",2,3,1,365.0,3,2.4564625850340134,0.36970000000000003,0.2676521890807605,0,0,GT,2,2,7,1,0,0,4,3.0,0.05793450881612091,0.0,78,35,382,341.8866498740554,168,0.29581151832460734,0.4913909334040625,0.6666666666666666,0.0,0.75,2.3333333333333335,3.0833333333333335,1.666666666666667,0.5,,0.25,0.0,0.25,0.0,0.0,,0.75,2.3333333333333335,121.66666666666667,Magnus Dongfest,XB,,Right,SS,628.3823922783711
580,4,S4,WWU,WWU,0,0,0,0,0,0,2,0,0,0,0,0,0,0,0,0,0,0,0,0,0,0,0,0,0.0,1.0,0,2,2,0,0,{4012},1,0,0,349.0,2,-1.1268707482993197,-0.1774,-0.1016841095412524,0,0,WWU,2,0,0,0,2,0,2,1.8841309823677581,0.05793450881612091,0.11586901763224182,78,35,382,341.8866498740554,168,0.29581151832460734,0.4913909334040625,0.0,0.0,0.0,0.0,0.0,0.0,0.0,,0.0,0.0,0.0,0.0,1.0,0.0,0.0,0.0,174.5,Derek Tombides,EN,,Right,2B,-100.0
582,4,S4,MIC,MIC,0,0,0,0,0,0,1,1,0,0,1,0,0,0,1,1,0,0,0,0,0,0,0,0,0.0,1.0,0,4,3,0,0,"{4001, 4012}",2,0,0,1051.0,4,-0.537074829931973,-0.0631,-0.031701552415838136,0,0,MIC,2,0,0,0,1,1,4,2.9420654911838793,0.05793450881612091,0.05793450881612091,78,35,382,341.8866498740554,168,0.29581151832460734,0.4913909334040625,0.0,0.0,0.0,0.0,0.0,0.0,0.0,,0.0,0.25,0.0,0.5,0.5,1.0,0.0,0.0,262.75,Richard Donkus IV,BP,EG-S,Left,RF,-100.0
583,4,S4,WWU,WWU,0,0,0,2,0,0,0,1,0,0,1,0,0,0,0,1,0,0,0,0,0,0,0,0,1.0,1.0,2,4,4,2,2,"{4002, 4012}",2,1,1,841.0,4,1.038513867085296,0.22549999999999998,0.12585731728588873,0,0,WWU,2,2,2,0,0,0,4,4.0,0.05793450881612091,0.0,78,35,382,341.8866498740554,168,0.29581151832460734,0.4913909334040625,0.5,1.0,0.5,0.5,1.0,0.0,0.6666666666666666,,0.0,0.25,0.0,1.0,0.0,inf,0.5,0.5,210.25,Roland Kholin,1B,NH-B,Left,CF,170.77852780174956
584,4,S4,SBU,SBU,0,1,0,0,0,0,0,1,0,0,0,0,0,0,0,0,0,0,0,0,0,0,0,0,0.0,0.0,1,2,2,3,3,{4008},1,1,0,316.0,2,0.04625850340136051,0.04490000000000001,0.01562881562881563,0,0,SBU,2,1,3,0,0,0,2,2.0,0.05793450881612091,0.0,78,35,382,341.8866498740554,168,0.29581151832460734,0.4913909334040625,0.5,,0.5,1.5,2.0,1.0,1.0,,0.0,0.5,0.0,,,,0.5,1.5,158.0,Eadwyn Mustafa,BP,,Right,3B,374.2824860601159
586,4,S4,ULA,ULA,0,0,1,0,1,0,0,0,0,0,0,0,0,0,0,0,0,0,0,0,0,0,0,0,1.0,1.0,1,2,1,2,3,{4005},1,1,0,214.0,2,1.3047619047619048,0.0181,0.14147915576487005,0,0,ULA,1,1,2,1,0,0,2,1.0,0.05793450881612091,0.0,78,35,382,341.8866498740554,168,0.29581151832460734,0.4913909334040625,1.0,1.0,1.0,2.0,3.0,1.0,1.0,,0.0,0.0,0.5,,,,1.0,2.0,107.0,Sniffer Pownes,BP,,Right,C,645.0610138618654
587,4,S4,NU,NU,0,0,0,0,0,0,0,2,0,0,0,1,0,0,0,1,0,0,0,0,0,0,0,0,0.0,0.0,0,3,3,0,0,"{4005, 4007}",2,0,0,1009.0,3,-0.588095238095238,-0.1118,-0.042305075876504436,0,0,NU,2,0,0,0,0,0,3,3.0,0.05793450881612091,0.0,78,35,382,341.8866498740554,168,0.29581151832460734,0.4913909334040625,0.0,,0.0,0.0,0.0,0.0,0.0,,0.0,0.6666666666666666,0.0,1.0,0.0,inf,0.0,0.0,336.3333333333333,Ichabod Crane Weiner IV,XB,,Right,3B,-100.0
588,4,S4,WWU,WWU,0,0,0,0,0,0,0,1,1,0,0,0,0,0,0,0,0,0,0,0,0,0,0,0,0.0,1.0,0,1,1,0,0,{4012},1,0,0,0,0,-0.3333333333333333,-0.0641,-0.02783185068899354,0,0,WWU,2,0,0,0,0,0,1,1.0,0.05793450881612091,0.0,78,35,382,341.8866498740554,168,0.29581151832460734,0.4913909334040625,0.0,0.0,0.0,0.0,0.0,0.0,,,0.0,1.0,0.0,,,,0.0,0.0,,Willie Mo Penis,MH,,Right,RF,-100.0
589,4,S4,WWU,WWU,0,0,0,0,0,0,0,1,1,0,0,0,0,0,0,0,0,0,0,0,0,0,0,0,0.0,0.0,0,1,1,0,0,{4002},1,0,0,0,0,-0.25,-0.0691,-0.01949851735566021,0,0,WWU,1,0,0,0,0,0,1,1.0,0.05793450881612091,0.0,78,35,382,341.8866498740554,168,0.29581151832460734,0.4913909334040625,0.0,,0.0,0.0,0.0,0.0,,,0.0,1.0,0.0,,,,0.0,0.0,,Farch Assterfield,WC,,Right,2B,-100.0
590,4,S4,GT,GT,0,0,1,0,0,0,1,0,0,0,0,0,0,0,0,0,0,0,0,0,0,0,0,0,0.0,0.0,1,2,2,2,2,{4003},1,1,0,230.0,2,0.30170068027210883,0.1438,0.041173033315890464,0,0,GT,1,1,2,0,1,0,2,1.942065491183879,0.05793450881612091,0.05793450881612091,78,35,382,341.8866498740554,168,0.29581151832460734,0.4913909334040625,0.5,,0.5,1.0,1.5,0.5,0.5,,0.0,0.0,0.0,0.0,1.0,0.0,0.5,1.0298313878080416,115.0,Buttington Plugsworth,BC,,Right,C,278.60131243020953
592,4,S4,ULA,ULA,1,0,0,0,1,0,1,0,0,0,0,0,0,0,0,0,0,0,0,0,1,0,0,0,0.0,0.0,1,3,2,4,5,"{4010, 4005}",2,1,1,373.0,3,0.8218472004186289,0.1376,0.09868916797488225,0,0,ULA,2,1,4,1,1,0,3,1.942065491183879,0.05793450881612091,0.05793450881612091,78,35,382,341.8866498740554,168,0.29581151832460734,0.4913909334040625,0.5,,0.6666666666666666,2.0,2.6666666666666665,1.5,0.0,,0.3333333333333333,0.0,0.3333333333333333,0.0,1.0,0.0,0.6666666666666667,2.0596627756160832,124.33333333333333,D'Pez Poopsie,S,,Left,3B,544.5182590787082
593,4,S4,MIC,MIC,0,0,0,0,0,0,1,0,0,0,0,0,0,0,0,0,0,0,0,0,0,0,0,0,0.0,0.0,0,1,1,0,0,{4001},1,0,0,207.0,1,-0.24353741496598647,-0.0431,-0.018852258852258857,0,0,MIC,1,0,0,0,1,0,1,0.9420654911838791,0.05793450881612091,0.05793450881612091,78,35,382,341.8866498740554,168,0.29581151832460734,0.4913909334040625,0.0,,0.0,0.0,0.0,0.0,0.0,,0.0,0.0,0.0,0.0,1.0,0.0,0.0,0.0,207.0,Austin Otterson,S,,Right,3B,-100.0
594,4,S4,CLM,CLM,0,0,0,0,0,0,1,0,0,0,2,0,0,0,0,2,0,0,0,0,0,0,0,0,0.0,1.0,0,3,3,0,0,"{4008, 4003}",2,0,0,976.0,3,-0.7614861329147044,-0.0681,-0.05964416535845107,0,0,CLM,2,0,0,0,1,0,3,2.9420654911838793,0.05793450881612091,0.05793450881612091,78,35,382,341.8866498740554,168,0.29581151832460734,0.4913909334040625,0.0,0.0,0.0,0.0,0.0,0.0,0.0,,0.0,0.0,0.0,0.6666666666666666,0.3333333333333333,2.0,0.0,0.0,325.3333333333333,Deej Gambino,WC,,Right,3B,-100.0
595,4,S4,CLM,CLM,0,1,0,0,0,0,0,0,0,0,0,0,0,0,0,0,0,0,0,0,0,0,0,0,0.0,0.0,1,1,1,3,3,{4008},1,1,1,27.0,1,1.4285714285714286,0.2025,0.14835862550148265,0,0,CLM,2,1,3,0,0,0,1,1.0,0.05793450881612091,0.0,78,35,382,341.8866498740554,168,0.29581151832460734,0.4913909334040625,1.0,,1.0,3.0,4.0,2.0,1.0,,0.0,0.0,0.0,,,,1.0,3.0,27.0,Dudenstein Candyman,XB,,Right,3B,848.5649721202318
596,4,S4,CLM,CLM,0,0,0,0,0,0,0,3,0,0,0,0,0,0,0,0,0,0,0,0,0,0,0,0,0.0,0.0,0,3,3,0,0,"{4008, 4003}",2,0,0,853.0,3,-0.4076399790685505,-0.0431,-0.024259549973835684,0,0,CLM,2,0,0,0,0,0,3,3.0,0.05793450881612091,0.0,78,35,382,341.8866498740554,168,0.29581151832460734,0.4913909334040625,0.0,,0.0,0.0,0.0,0.0,,,0.0,1.0,0.0,,,,0.0,0.0,284.3333333333333,Poop McGee,XB,BS-H,Left,3B,-100.0
597,4,S4,CLM,CLM,0,0,0,0,0,0,0,1,0,1,0,0,0,0,0,0,0,0,0,0,0,0,0,0,0.0,1.0,0,2,2,0,0,{4003},1,0,0,631.0,2,-0.9166666666666667,-0.0799,-0.08066370137798709,0,0,CLM,1,0,0,0,0,0,2,2.0,0.05793450881612091,0.0,78,35,382,341.8866498740554,168,0.29581151832460734,0.4913909334040625,0.0,0.0,0.0,0.0,0.0,0.0,0.0,,0.0,0.5,0.0,0.0,0.0,,0.0,0.0,315.5,Charpasm Chim,XB,SF-H,Left,RF,-100.0
599,4,S4,CLM,CLM,0,0,0,0,0,0,0,0,0,0,2,0,0,0,0,2,1,0,0,0,0,0,0,0,0.0,0.0,0,2,2,0,0,"{4008, 4003}",2,0,0,771.0,2,-0.8149659863945579,-0.0619,-0.07049363335077621,0,0,CLM,2,0,0,0,0,0,2,2.0,0.05793450881612091,0.0,78,35,382,341.8866498740554,168,0.29581151832460734,0.4913909334040625,0.0,,0.0,0.0,0.0,0.0,0.0,,0.0,0.0,0.0,1.0,0.0,inf,0.0,0.0,385.5,P'quilla Porgsby,XB,,Right,LF,-100.0
602,4,S4,GT,GT,0,0,0,1,0,0,1,1,0,0,0,0,0,0,0,0,0,0,0,0,0,0,0,0,1.0,1.0,1,3,3,1,1,{4003},1,0,0,622.0,3,1.1850340136054422,0.0507,0.13500784929356358,0,0,GT,1,1,1,0,1,0,3,2.9420654911838793,0.05793450881612091,0.05793450881612091,78,35,382,341.8866498740554,168,0.29581151832460734,0.4913909334040625,0.3333333333333333,1.0,0.3333333333333333,0.3333333333333333,0.6666666666666666,0.0,0.5,,0.0,0.3333333333333333,0.0,0.0,1.0,0.0,0.3333333333333333,0.3398972602739726,207.33333333333334,Duke Silver,WC,,Right,C,81.85480364863848
606,4,S4,MIC,MIC,0,0,0,0,0,0,0,1,0,1,0,2,0,0,0,2,0,0,0,0,0,0,0,0,0.0,2.0,0,4,4,0,0,"{4001, 4012}",2,0,1,1561.0,4,-0.3128205128205127,0.04749999999999999,-0.009276120704692116,0,0,MIC,2,0,0,0,0,0,4,4.0,0.05793450881612091,0.0,78,35,382,341.8866498740554,168,0.29581151832460734,0.4913909334040625,0.0,0.0,0.0,0.0,0.0,0.0,0.0,,0.0,0.25,0.0,0.6666666666666666,0.0,inf,0.0,0.0,390.25,Homer Nocker,1B,EG-S,Right,C,-100.0
607,4,S4,MIC,MIC,0,0,1,0,0,0,0,0,0,0,0,1,0,0,0,1,0,0,0,0,0,0,0,0,0.0,0.0,1,2,2,2,2,{4001},1,0,0,516.0,2,0.5410779696493982,0.0563,0.06511076225361939,0,0,MIC,1,1,2,0,0,0,2,2.0,0.05793450881612091,0.0,78,35,382,341.8866498740554,168,0.29581151832460734,0.4913909334040625,0.5,,0.5,1.0,1.5,0.5,0.5,,0.0,0.0,0.0,1.0,0.0,inf,0.5,1.0,258.0,Eli Sasak,BN,,Right,2B,272.5305069309327
608,4,S4,MIC,MIC,0,0,0,0,1,0,0,1,0,0,0,0,0,0,0,0,0,0,0,0,0,0,0,0,0.0,0.0,0,2,1,0,1,{4012},1,0,0,480.0,2,-0.1192307692307692,0.006200000000000002,-0.0009201116343973449,0,0,MIC,2,0,0,1,0,0,2,1.0,0.05793450881612091,0.0,78,35,382,341.8866498740554,168,0.29581151832460734,0.4913909334040625,0.0,,0.5,0.0,0.5,0.0,,,0.0,0.5,0.5,,,,0.5,0.0,240.0,Jimmy Doolittle,XB,,Right,3B,69.02654867256636
609,4,S4,MIC,MIC,0,0,0,0,0,0,0,1,0,0,1,0,0,0,0,1,0,0,0,0,0,0,0,0,0.0,0.0,0,2,2,0,0,{4012},1,0,0,750.0,2,-0.49353741496598647,-0.0901,-0.03835077620791907,0,0,MIC,2,0,0,0,0,0,2,2.0,0.05793450881612091,0.0,78,35,382,341.8866498740554,168,0.29581151832460734,0.4913909334040625,0.0,,0.0,0.0,0.0,0.0,0.0,,0.0,0.5,0.0,1.0,0.0,inf,0.0,0.0,375.0,Roy Hobbs,1B,,Right,LF,-100.0
612,4,S4,NU,NU,0,0,0,0,1,0,0,0,0,0,0,0,0,0,0,0,0,0,0,0,0,0,0,0,0.0,0.0,0,1,0,0,1,{4007},1,0,0,173.0,1,0.5564625850340138,0.030899999999999997,0.061147741147741165,0,0,NU,2,0,0,1,0,0,1,0.0,0.05793450881612091,0.0,78,35,382,341.8866498740554,168,0.29581151832460734,0.4913909334040625,,,1.0,,,,,,0.0,0.0,1.0,,,,1.0,,173.0,Barry McKockiner,BN,BS-H,Left,C,
613,4,S4,NU,NU,0,0,0,0,0,0,0,1,1,0,0,0,0,0,0,0,0,0,0,0,0,0,0,0,0.0,0.0,0,1,1,0,0,{4007},1,0,0,0,0,-0.08205128205128201,-0.0317,-0.0027036455607884133,0,0,NU,2,0,0,0,0,0,1,1.0,0.05793450881612091,0.0,78,35,382,341.8866498740554,168,0.29581151832460734,0.4913909334040625,0.0,,0.0,0.0,0.0,0.0,,,0.0,1.0,0.0,,,,0.0,0.0,,Senior Poopfeast,WC,,Right,C,-100.0
614,4,S4,NU,NU,0,0,0,1,0,0,0,0,0,0,0,0,0,0,0,0,0,0,0,0,0,0,0,0,0.0,0.0,1,1,1,1,1,{4005},1,0,0,75.0,1,0.55,0.0492,0.060501482644339785,0,0,NU,1,1,1,0,0,0,1,1.0,0.05793450881612091,0.0,78,35,382,341.8866498740554,168,0.29581151832460734,0.4913909334040625,1.0,,1.0,1.0,2.0,0.0,1.0,,0.0,0.0,0.0,,,,1.0,1.0,75.0,Joe Nastasi,WC,,Right,C,441.5570556034991
616,4,S4,NU,NU,0,0,0,0,0,0,0,0,0,0,0,1,0,0,0,1,0,0,0,0,0,0,0,0,0.0,0.0,0,1,1,0,0,{4007},1,0,0,486.0,1,-0.24353741496598647,-0.034300000000000004,-0.018852258852258857,0,0,NU,2,0,0,0,0,0,1,1.0,0.05793450881612091,0.0,78,35,382,341.8866498740554,168,0.29581151832460734,0.4913909334040625,0.0,,0.0,0.0,0.0,0.0,0.0,,0.0,0.0,0.0,1.0,0.0,inf,0.0,0.0,486.0,Christian King,BP,,Right,2B,-100.0
616,5,S5,SLC,SLC,0,0,1,0,0,0,1,2,0,0,2,0,0,0,0,2,1,0,0,0,0,0,0,0,0.0,1.0,1,6,6,2,2,"{5015, 5002, 5021, 5007}",4,0,0,1588.0,6,-0.9803587365406188,-0.2489,-0.05869783424006984,0,0,SLC,6,1,2,0,1,0,6,5.960854092526691,0.03914590747330961,0.03914590747330961,183,73,827,748.7544483985765,362,0.309552599758162,0.4834695817490494,0.16666666666666666,0.0,0.16666666666666666,0.3333333333333333,0.5,0.16666666666666666,0.25,,0.0,0.3333333333333333,0.0,0.6666666666666666,0.3333333333333333,2.0,0.16666666666666666,0.33552238805970147,264.6666666666667,Christian Bevan,XB,,Right,3B,23.240007876707615
616,9,S9,HVD,HVD,0,0,1,1,0,0,2,0,0,1,0,3,0,0,0,3,0,0,1,0,0,0,0,0,0.0,1.0,2,8,8,3,4,"{9001, 9013, 9009}",3,0,0,2355.0,9,-0.19742158426368958,-0.10209999999999998,0.02010112478196825,0,0,HVD,5,2,3,0,2,0,8,7.90193842645382,0.04903078677309008,0.09806157354618016,166,71,819,740.2531356898518,318,0.2893772893772894,0.4295827800900182,0.25,0.0,0.25,0.375,0.625,0.125,0.25,1.0,0.0,0.0,0.0,0.5,0.3333333333333333,1.5,0.25,0.37965367965367963,261.6666666666667,Mr. Beevan,XB,,Right,3B,74.76970910097252
617,4,S4,NU,NU,0,0,0,0,0,0,1,0,0,1,0,0,0,0,0,0,0,0,0,0,0,0,0,0,0.0,1.0,0,2,2,0,0,{4005},1,0,0,522.0,2,-0.6547619047619047,-0.2221,-0.054473225187510896,0,0,NU,1,0,0,0,1,0,2,1.942065491183879,0.05793450881612091,0.05793450881612091,78,35,382,341.8866498740554,168,0.29581151832460734,0.4913909334040625,0.0,0.0,0.0,0.0,0.0,0.0,0.0,,0.0,0.0,0.0,0.0,0.5,0.0,0.0,0.0,261.0,D'Lo Brown,WC,,Left,2B,-100.0
618,4,S4,NU,NU,0,0,0,0,0,0,0,0,0,0,0,1,0,0,0,1,1,0,0,0,0,0,0,0,0.0,0.0,0,1,1,0,0,{4007},1,0,0,481.0,1,-0.8820512820512822,-0.08929999999999999,-0.08270364556078844,0,0,NU,2,0,0,0,0,0,1,1.0,0.05793450881612091,0.0,78,35,382,341.8866498740554,168,0.29581151832460734,0.4913909334040625,0.0,,0.0,0.0,0.0,0.0,0.0,,0.0,0.0,0.0,1.0,0.0,inf,0.0,0.0,481.0,Finley Mulligan,1B,,Right,2B,-100.0
619,4,S4,NU,NU,0,0,0,1,0,0,0,0,0,1,0,0,0,0,0,0,0,0,0,0,0,0,0,0,0.0,0.0,1,2,2,1,1,{4005},1,0,0,461.0,2,0.061224489795918324,-0.024599999999999997,0.01712541426827141,0,0,NU,1,1,1,0,0,0,2,2.0,0.05793450881612091,0.0,78,35,382,341.8866498740554,168,0.29581151832460734,0.4913909334040625,0.5,,0.5,0.5,1.0,0.0,0.5,,0.0,0.0,0.0,0.0,0.0,,0.5,0.5,230.5,Dingus Dongus,S,,Right,3B,170.77852780174956
620,4,S4,NU,NU,0,0,0,0,0,0,0,0,0,2,0,0,0,0,0,0,0,0,0,0,0,0,0,0,0.0,0.0,0,2,2,0,0,{4005},1,0,0,829.0,2,-0.4346153846153846,-0.097,-0.032458573172858884,0,0,NU,1,0,0,0,0,0,2,2.0,0.05793450881612091,0.0,78,35,382,341.8866498740554,168,0.29581151832460734,0.4913909334040625,0.0,,0.0,0.0,0.0,0.0,0.0,,0.0,0.0,0.0,0.0,0.0,,0.0,0.0,414.5,Edward Duncan,TT,BB-B,Right,RF,-100.0
622,4,S4,NU,NU,1,0,0,0,1,0,0,0,0,0,0,1,0,0,0,1,0,0,0,1,1,0,0,0,0.0,0.0,1,3,2,4,5,"{4005, 4007}",2,1,1,1063.0,4,0.5129251700680271,0.021500000000000005,0.07329844758416185,0,0,NU,2,1,4,1,0,0,3,2.0,0.05793450881612091,0.0,78,35,382,341.8866498740554,168,0.29581151832460734,0.4913909334040625,0.5,,0.6666666666666666,2.0,2.6666666666666665,1.5,0.0,0.0,0.3333333333333333,0.0,0.3333333333333333,1.0,0.0,inf,0.6666666666666666,2.0,265.75,Delta Airlines,1B,,Left,CF,532.3766480801545
623,4,S4,NU,NU,0,0,0,0,1,0,0,0,0,0,1,1,0,0,0,2,1,0,0,0,0,0,0,0,0.0,1.0,0,3,2,0,1,"{4005, 4007}",2,0,0,903.0,3,-0.1833333333333333,-0.1892,-0.0018288854003139648,0,0,NU,2,0,0,1,0,0,3,2.0,0.05793450881612091,0.0,78,35,382,341.8866498740554,168,0.29581151832460734,0.4913909334040625,0.0,0.0,0.3333333333333333,0.0,0.3333333333333333,0.0,0.0,,0.0,0.0,0.3333333333333333,1.0,0.0,inf,0.3333333333333333,0.0,301.0,Thelonius Junk,1B,,Left,CF,12.684365781710905
628,4,S4,SBU,SBU,0,0,0,0,0,0,0,1,0,0,0,1,0,0,0,1,0,0,0,0,0,0,0,0,0.0,1.0,0,2,2,0,0,{4008},1,0,0,745.0,2,-0.9653846153846153,-0.10980000000000001,-0.08553549624978196,0,0,SBU,2,0,0,0,0,0,2,2.0,0.05793450881612091,0.0,78,35,382,341.8866498740554,168,0.29581151832460734,0.4913909334040625,0.0,0.0,0.0,0.0,0.0,0.0,0.0,,0.0,0.5,0.0,1.0,0.0,inf,0.0,0.0,372.5,John Lindros,EN,,Left,1B,-100.0
629,4,S4,SBU,SBU,0,0,0,0,0,0,0,1,0,1,0,0,0,0,0,0,0,0,0,0,0,0,0,0,0.0,0.0,0,2,2,0,0,{4004},1,0,0,736.0,2,-0.32558869701726845,-0.0468,-0.02155590441304727,0,0,SBU,1,0,0,0,0,0,2,2.0,0.05793450881612091,0.0,78,35,382,341.8866498740554,168,0.29581151832460734,0.4913909334040625,0.0,,0.0,0.0,0.0,0.0,0.0,,0.0,0.5,0.0,0.0,0.0,,0.0,0.0,368.0,J.J. Romero,BN,,Right,2B,-100.0
630,4,S4,SBU,SBU,0,0,0,0,0,0,0,1,0,0,0,0,0,0,0,0,0,0,0,0,0,0,0,0,0.0,0.0,0,1,1,0,0,{4004},1,0,0,333.0,1,-0.24353741496598647,-0.0431,-0.018852258852258857,0,0,SBU,1,0,0,0,0,0,1,1.0,0.05793450881612091,0.0,78,35,382,341.8866498740554,168,0.29581151832460734,0.4913909334040625,0.0,,0.0,0.0,0.0,0.0,,,0.0,1.0,0.0,,,,0.0,0.0,333.0,Prince Fuzzdong,WC,,Left,2B,-100.0
631,4,S4,SBU,SBU,0,0,0,0,0,0,0,2,1,0,0,0,0,0,0,0,0,0,0,0,0,0,0,0,0.0,1.0,0,2,2,0,0,{4008},1,0,0,296.0,1,0.11794871794871795,-0.1157,0.022797837083551372,0,0,SBU,2,0,0,0,0,0,2,2.0,0.05793450881612091,0.0,78,35,382,341.8866498740554,168,0.29581151832460734,0.4913909334040625,0.0,0.0,0.0,0.0,0.0,0.0,,,0.0,1.0,0.0,,,,0.0,0.0,296.0,Oswald Thatendswald,TT,,Left,2B,-100.0
638,4,S4,VT,VT,0,1,0,1,0,0,0,1,0,0,0,1,0,0,0,1,0,0,0,0,0,0,0,0,1.0,1.0,2,4,4,4,4,"{4009, 4002}",2,1,1,786.0,4,1.667948717948718,0.18359999999999999,0.18880080237223096,0,0,VT,2,2,4,0,0,0,4,4.0,0.05793450881612091,0.0,78,35,382,341.8866498740554,168,0.29581151832460734,0.4913909334040625,0.5,1.0,0.5,1.0,1.5,0.5,0.6666666666666666,,0.0,0.25,0.0,1.0,0.0,inf,0.5,1.0,196.5,Sablo Panchez,BC,,Right,SS,272.5305069309327
639,4,S4,VT,VT,0,0,0,1,2,0,1,0,0,0,1,0,0,0,0,1,0,0,0,0,0,0,0,0,1.0,1.0,1,5,3,1,3,"{4009, 4002}",2,3,1,943.0,5,1.1637885923600213,0.025599999999999998,0.14388627245770108,0,0,VT,2,1,1,2,1,0,5,2.9420654911838793,0.05793450881612091,0.05793450881612091,78,35,382,341.8866498740554,168,0.29581151832460734,0.4913909334040625,0.3333333333333333,1.0,0.6,0.3333333333333333,0.9333333333333333,0.0,0.3333333333333333,,0.0,0.0,0.4,0.5,0.5,1.0,0.6,0.3398972602739726,188.6,Bingo Hammersmith,WC,,Left,SS,172.00229627400722
640,4,S4,WWU,WWU,0,0,0,0,0,0,1,1,0,0,1,0,0,1,0,1,0,0,0,0,0,0,0,0,0.0,0.0,0,3,2,0,0,"{4002, 4012}",2,0,1,905.0,3,-1.6727106227106225,-0.05579999999999999,-0.1507666143380429,0,0,WWU,2,0,0,0,1,0,3,2.9420654911838793,0.05793450881612091,0.05793450881612091,78,35,382,341.8866498740554,168,0.29581151832460734,0.4913909334040625,0.0,,0.0,0.0,0.0,0.0,0.0,,0.0,0.3333333333333333,0.0,0.5,0.5,1.0,0.0,0.0,301.6666666666667,Caleb Craven,BC,,Right,2B,-100.0
642,4,S4,WWU,WWU,0,0,0,0,0,0,1,1,0,0,0,0,0,0,0,0,0,0,0,0,0,0,0,0,0.0,0.0,0,2,2,0,0,{4012},1,0,0,490.0,2,-0.49353741496598647,-0.1062,-0.03835077620791907,0,0,WWU,2,0,0,0,1,0,2,1.942065491183879,0.05793450881612091,0.05793450881612091,78,35,382,341.8866498740554,168,0.29581151832460734,0.4913909334040625,0.0,,0.0,0.0,0.0,0.0,0.0,,0.0,0.5,0.0,0.0,1.0,0.0,0.0,0.0,245.0,Rod Stewart,1B,,Left,1B,-100.0
643,4,S4,UWO,UWO,0,0,1,0,0,0,0,0,0,0,1,1,0,0,0,2,0,0,0,0,0,0,0,0,0.0,2.0,1,3,3,2,2,"{4001, 4009}",2,0,0,804.0,3,-1.5179487179487179,0.018800000000000004,-0.13529042386185244,0,0,UWO,2,1,2,0,0,0,3,3.0,0.05793450881612091,0.0,78,35,382,341.8866498740554,168,0.29581151832460734,0.4913909334040625,0.3333333333333333,0.0,0.3333333333333333,0.6666666666666666,1.0,0.3333333333333333,0.3333333333333333,,0.0,0.0,0.0,1.0,0.0,inf,0.3333333333333333,0.6666666666666666,268.0,Max Hammersmith,MH,,Right,C,148.35367128728842
644,4,S4,UWO,UWO,0,1,1,0,0,0,0,0,0,1,0,0,0,0,0,0,0,0,0,0,0,0,0,0,0.0,0.0,2,3,3,5,5,"{4001, 4009}",2,1,1,421.0,3,0.5846153846153843,0.11980000000000002,0.07496598639455777,0,0,UWO,2,2,5,0,0,0,3,3.0,0.05793450881612091,0.0,78,35,382,341.8866498740554,168,0.29581151832460734,0.4913909334040625,0.6666666666666666,,0.6666666666666666,1.6666666666666667,2.3333333333333335,1.0,0.6666666666666666,,0.0,0.0,0.0,0.0,0.0,,0.6666666666666666,1.6666666666666667,140.33333333333334,Rhys Wilson,EN,,Left,C,464.54199532736567
645,4,S4,UWO,UWO,0,0,0,0,0,0,1,0,0,1,0,0,0,0,0,0,0,0,0,0,0,0,0,0,0.0,0.0,0,2,2,0,0,{4009},1,0,0,579.0,2,-0.48707482993197293,-0.0697,-0.037704517704517715,0,0,UWO,2,0,0,0,1,0,2,1.942065491183879,0.05793450881612091,0.05793450881612091,78,35,382,341.8866498740554,168,0.29581151832460734,0.4913909334040625,0.0,,0.0,0.0,0.0,0.0,0.0,,0.0,0.0,0.0,0.0,0.5,0.0,0.0,0.0,289.5,Sir Ebe Rau-Paulsy,EN,,Left,LF,-100.0
646,4,S4,WSU,WSU,0,0,0,0,0,0,1,0,0,0,0,0,0,0,0,0,0,0,0,0,0,0,0,0,0.0,0.0,0,1,1,0,0,{4011},1,0,0,163.0,1,-0.08205128205128201,-0.0516,-0.0027036455607884133,0,0,WSU,2,0,0,0,1,0,1,0.9420654911838791,0.05793450881612091,0.05793450881612091,78,35,382,341.8866498740554,168,0.29581151832460734,0.4913909334040625,0.0,,0.0,0.0,0.0,0.0,0.0,,0.0,0.0,0.0,0.0,1.0,0.0,0.0,0.0,163.0,Aaron Burr,BN,TT-H,Right,P,-100.0
647,4,S4,WSU,WSU,0,0,0,0,0,0,0,0,0,1,0,0,0,0,0,0,0,0,0,0,0,0,0,0,0.0,0.0,0,1,1,0,0,{4011},1,0,0,399.0,1,-0.24353741496598647,-0.057699999999999994,-0.018852258852258857,0,0,WSU,2,0,0,0,0,0,1,1.0,0.05793450881612091,0.0,78,35,382,341.8866498740554,168,0.29581151832460734,0.4913909334040625,0.0,,0.0,0.0,0.0,0.0,0.0,,0.0,0.0,0.0,0.0,0.0,,0.0,0.0,399.0,Walter Yeller Weller,BN,,Left,3B,-100.0
648,4,S4,WSU,WSU,0,0,0,0,0,0,0,0,0,0,0,2,0,0,0,2,0,0,0,0,0,0,0,0,0.0,0.0,0,2,2,0,0,{4004},1,0,0,872.0,2,-0.332051282051282,-0.0347,-0.022202162916448623,0,0,WSU,1,0,0,0,0,0,2,2.0,0.05793450881612091,0.0,78,35,382,341.8866498740554,168,0.29581151832460734,0.4913909334040625,0.0,,0.0,0.0,0.0,0.0,0.0,,0.0,0.0,0.0,1.0,0.0,inf,0.0,0.0,436.0,Randy Townsend,MH,,Right,2B,-100.0
649,4,S4,WSU,WSU,0,0,0,0,0,0,0,1,0,0,0,0,0,0,0,0,0,0,0,0,0,0,0,0,0.0,0.0,0,1,1,0,0,{4011},1,0,0,209.0,1,-0.1846153846153846,-0.032400000000000005,-0.012960055817198673,0,0,WSU,2,0,0,0,0,0,1,1.0,0.05793450881612091,0.0,78,35,382,341.8866498740554,168,0.29581151832460734,0.4913909334040625,0.0,,0.0,0.0,0.0,0.0,,,0.0,1.0,0.0,,,,0.0,0.0,209.0,Nelson Van Halen,XB,,Right,RF,-100.0
650,4,S4,WSU,WSU,0,0,0,0,0,0,0,0,0,0,0,1,0,0,0,1,0,0,0,0,0,0,0,0,0.0,0.0,0,1,1,0,0,{4004},1,0,0,461.0,1,-0.08205128205128201,-0.0317,-0.0027036455607884133,0,0,WSU,1,0,0,0,0,0,1,1.0,0.05793450881612091,0.0,78,35,382,341.8866498740554,168,0.29581151832460734,0.4913909334040625,0.0,,0.0,0.0,0.0,0.0,0.0,,0.0,0.0,0.0,1.0,0.0,inf,0.0,0.0,461.0,Chody McCarty,EN,,Left,CF,-100.0
651,4,S4,WSU,WSU,0,0,0,0,0,0,0,1,1,0,0,0,0,0,0,0,0,0,0,0,0,0,0,0,0.0,0.0,0,1,1,0,0,{4004},1,0,0,0,0,-0.25,-0.0552,-0.01949851735566021,0,0,WSU,1,0,0,0,0,0,1,1.0,0.05793450881612091,0.0,78,35,382,341.8866498740554,168,0.29581151832460734,0.4913909334040625,0.0,,0.0,0.0,0.0,0.0,,,0.0,1.0,0.0,,,,0.0,0.0,,Rusty Nails,XB,EG-S,Left,CF,-100.0
654,4,S4,GT,GT,0,0,0,0,0,0,1,0,0,0,0,1,0,0,0,1,0,0,0,0,0,0,0,0,0.0,0.0,0,2,2,0,0,{4011},1,0,0,711.0,2,-0.32558869701726845,-0.05109999999999999,-0.02155590441304727,0,0,GT,2,0,0,0,1,0,2,1.942065491183879,0.05793450881612091,0.05793450881612091,78,35,382,341.8866498740554,168,0.29581151832460734,0.4913909334040625,0.0,,0.0,0.0,0.0,0.0,0.0,,0.0,0.0,0.0,0.5,0.5,1.0,0.0,0.0,355.5,Cole Schmole,BC,,Right,3B,-100.0
657,4,S4,UNC,UNC,0,0,0,0,0,0,0,2,0,0,0,0,0,0,0,0,0,0,0,0,0,0,0,0,0.0,1.0,0,2,2,0,0,{4006},1,0,0,583.0,2,-0.6547619047619047,-0.1002,-0.054473225187510896,0,0,UNC,1,0,0,0,0,0,2,2.0,0.05793450881612091,0.0,78,35,382,341.8866498740554,168,0.29581151832460734,0.4913909334040625,0.0,0.0,0.0,0.0,0.0,0.0,,,0.0,1.0,0.0,,,,0.0,0.0,291.5,Phuc N Twat,XB,TT-S,Right,C,-100.0
658,4,S4,UNC,UNC,0,0,0,0,0,0,1,0,0,0,1,0,0,0,0,1,0,0,0,0,0,0,0,0,0.0,0.0,0,2,2,0,0,{4006},1,0,0,725.0,2,-0.32558869701726845,-0.08810000000000001,-0.02155590441304727,0,0,UNC,1,0,0,0,1,0,2,1.942065491183879,0.05793450881612091,0.05793450881612091,78,35,382,341.8866498740554,168,0.29581151832460734,0.4913909334040625,0.0,,0.0,0.0,0.0,0.0,0.0,,0.0,0.0,0.0,0.5,0.5,1.0,0.0,0.0,362.5,Qwerty Jenkins,BP,,Left,1B,-100.0
659,4,S4,UNC,UNC,0,0,0,0,0,0,0,1,0,0,0,0,0,0,0,0,0,0,0,0,0,0,0,0,0.0,0.0,0,1,1,0,0,{4007},1,0,0,320.0,1,-0.4952380952380955,-0.0496,-0.04402232687946976,0,0,UNC,2,0,0,0,0,0,1,1.0,0.05793450881612091,0.0,78,35,382,341.8866498740554,168,0.29581151832460734,0.4913909334040625,0.0,,0.0,0.0,0.0,0.0,,,0.0,1.0,0.0,,,,0.0,0.0,320.0,Johnny Brujo,BP,,Left,1B,-100.0
660,4,S4,UNC,UNC,0,0,0,0,0,0,0,0,0,1,0,1,0,0,0,1,1,0,0,0,0,0,0,0,0.0,0.0,0,2,2,0,0,{4007},1,0,0,840.0,2,-0.8149659863945579,-0.1391,-0.07049363335077621,0,0,UNC,2,0,0,0,0,0,2,2.0,0.05793450881612091,0.0,78,35,382,341.8866498740554,168,0.29581151832460734,0.4913909334040625,0.0,,0.0,0.0,0.0,0.0,0.0,,0.0,0.0,0.0,0.5,0.0,inf,0.0,0.0,420.0,Carlos Keller,1B,,Right,1B,-100.0
661,4,S4,UNC,UNC,0,0,0,0,1,0,1,1,0,0,0,0,0,0,0,0,0,0,0,0,0,0,0,0,0.0,0.0,0,3,2,0,1,"{4006, 4007}",2,1,0,659.0,3,-0.09871794871794862,-0.0499,0.006632653061224502,0,0,UNC,2,0,0,1,1,0,3,1.942065491183879,0.05793450881612091,0.05793450881612091,78,35,382,341.8866498740554,168,0.29581151832460734,0.4913909334040625,0.0,,0.3333333333333333,0.0,0.3333333333333333,0.0,0.0,,0.0,0.3333333333333333,0.3333333333333333,0.0,1.0,0.0,0.33333333333333337,0.0,219.66666666666666,Lincoln Lincoln,WC,,Right,2B,12.684365781710927
662,4,S4,UNC,UNC,0,0,0,0,0,0,1,1,0,0,0,1,0,0,0,1,0,0,0,0,0,0,0,0,0.0,0.0,0,3,3,0,0,"{4006, 4007}",2,0,0,1013.0,3,-0.6781527995813711,-0.1358,-0.05131083202511774,0,0,UNC,2,0,0,0,1,0,3,2.9420654911838793,0.05793450881612091,0.05793450881612091,78,35,382,341.8866498740554,168,0.29581151832460734,0.4913909334040625,0.0,,0.0,0.0,0.0,0.0,0.0,,0.0,0.3333333333333333,0.0,0.5,0.5,1.0,0.0,0.0,337.6666666666667,Joey Wheeler,BP,BS-B,Right,2B,-100.0
663,4,S4,UNC,UNC,0,0,0,0,1,0,1,0,0,0,1,1,0,0,0,2,0,0,1,0,0,0,0,0,0.0,1.0,0,4,3,0,2,"{4006, 4007}",2,0,0,1369.0,5,-0.8435374149659864,-0.2879,-0.05684632827489969,0,0,UNC,2,0,0,1,1,0,4,2.9420654911838793,0.05793450881612091,0.05793450881612091,78,35,382,341.8866498740554,168,0.29581151832460734,0.4913909334040625,0.0,0.0,0.25,0.0,0.25,0.0,0.0,1.0,0.0,0.0,0.25,0.6666666666666666,0.3333333333333333,2.0,0.25,0.0,273.8,Nico Bico,TT,TD-S,Left,SS,-15.486725663716816
664,4,S4,UNC,UNC,0,0,0,0,1,0,1,0,0,0,0,0,0,0,0,0,0,0,0,0,0,0,0,0,0.0,0.0,0,2,1,0,1,{4006},1,0,0,400.0,2,0.8987179487179486,-0.006000000000000005,0.10087476016047445,0,0,UNC,1,0,0,1,1,0,2,0.9420654911838791,0.05793450881612091,0.05793450881612091,78,35,382,341.8866498740554,168,0.29581151832460734,0.4913909334040625,0.0,,0.5,0.0,0.5,0.0,0.0,,0.0,0.0,0.5,0.0,1.0,0.0,0.5,0.0,200.0,Orville Pigdicker,WC,,Right,3B,69.02654867256636
665,4,S4,UNC,UNC,0,0,0,0,0,0,0,1,0,4,0,0,0,0,0,0,0,0,0,0,0,0,0,0,0.0,2.0,0,5,5,0,0,"{4006, 4007}",2,0,0,1825.0,5,-1.2857927786499217,-0.2807,-0.10107186464329324,0,0,UNC,2,0,0,0,0,0,5,5.0,0.05793450881612091,0.0,78,35,382,341.8866498740554,168,0.29581151832460734,0.4913909334040625,0.0,0.0,0.0,0.0,0.0,0.0,0.0,,0.0,0.2,0.0,0.0,0.0,,0.0,0.0,365.0,Bench Warmer,XB,BS-H,Right,RF,-100.0
667,4,S4,UNC,UNC,0,0,0,1,0,0,1,0,0,0,0,0,0,0,0,0,0,0,0,0,0,0,0,0,1.0,2.0,1,2,2,1,1,{4006},1,0,1,273.0,2,-0.4166666666666665,0.08800000000000001,-0.03066370137798708,0,0,UNC,1,1,1,0,1,0,2,1.942065491183879,0.05793450881612091,0.05793450881612091,78,35,382,341.8866498740554,168,0.29581151832460734,0.4913909334040625,0.5,0.5,0.5,0.5,1.0,0.0,0.5,,0.0,0.0,0.0,0.0,1.0,0.0,0.5,0.5149156939040208,136.5,Cavendish Cannon,XB,,Left,CF,173.81393055138795
668,4,S4,UNC,UNC,0,0,0,0,1,0,1,0,0,1,0,0,0,0,0,0,0,0,0,0,0,0,0,0,0.0,1.0,0,3,2,0,1,"{4006, 4007}",2,0,0,734.0,3,0.14455782312925164,-0.047299999999999995,0.030960230245944534,0,0,UNC,2,0,0,1,1,0,3,1.942065491183879,0.05793450881612091,0.05793450881612091,78,35,382,341.8866498740554,168,0.29581151832460734,0.4913909334040625,0.0,0.0,0.3333333333333333,0.0,0.3333333333333333,0.0,0.0,,0.0,0.0,0.3333333333333333,0.0,0.5,0.0,0.33333333333333337,0.0,244.66666666666666,Sammy SoSheesh,BP,,Right,LF,12.684365781710927
670,4,S4,VAN,VAN,0,0,0,0,0,0,0,2,0,0,0,0,0,0,0,0,0,0,0,0,0,0,0,0,0.0,1.0,0,2,2,0,0,{4006},1,0,0,590.0,2,0.75,-0.1084,0.08600296528867957,0,0,VAN,1,0,0,0,0,0,2,2.0,0.05793450881612091,0.0,78,35,382,341.8866498740554,168,0.29581151832460734,0.4913909334040625,0.0,0.0,0.0,0.0,0.0,0.0,,,0.0,1.0,0.0,,,,0.0,0.0,295.0,Tank Tucker,TT,,Left,C,-100.0
671,4,S4,VAN,VAN,0,0,0,1,0,0,2,1,0,0,0,0,0,0,0,0,0,0,0,0,0,0,0,0,1.0,2.0,1,4,4,1,1,"{4010, 4006}",2,0,2,733.0,4,-1.35,0.20479999999999998,-0.11299406942264086,0,0,VAN,2,1,1,0,2,0,4,3.884130982367758,0.05793450881612091,0.11586901763224182,78,35,382,341.8866498740554,168,0.29581151832460734,0.4913909334040625,0.25,0.5,0.25,0.25,0.5,0.0,0.3333333333333333,,0.0,0.25,0.0,0.0,1.0,0.0,0.25,0.2574578469520104,183.25,Heechul Kim,BN,,Right,2B,36.90696527569397
672,4,S4,VAN,VAN,1,0,0,0,1,0,0,1,0,0,0,1,0,0,0,1,0,0,0,0,1,0,0,0,0.0,1.0,1,4,3,4,5,"{4010, 4006}",2,3,1,914.0,4,0.667948717948718,-0.0801,0.08880080237223092,0,0,VAN,2,1,4,1,0,0,4,3.0,0.05793450881612091,0.0,78,35,382,341.8866498740554,168,0.29581151832460734,0.4913909334040625,0.3333333333333333,0.0,0.5,1.3333333333333333,1.8333333333333333,1.0,0.0,,0.25,0.25,0.25,1.0,0.0,inf,0.5,1.3333333333333333,228.5,Clarinet Clarinet,BC,,Left,1B,340.36515968372146
674,4,S4,VAN,VAN,0,0,1,0,0,0,0,1,0,1,1,0,0,0,0,1,0,0,0,0,0,0,0,0,0.0,1.0,1,4,4,2,2,"{4010, 4006}",2,0,0,1208.0,4,-1.1704081632653063,-0.1243,-0.09503488574917147,0,0,VAN,2,1,2,0,0,0,4,4.0,0.05793450881612091,0.0,78,35,382,341.8866498740554,168,0.29581151832460734,0.4913909334040625,0.25,0.0,0.25,0.5,0.75,0.25,0.3333333333333333,,0.0,0.25,0.0,0.5,0.0,inf,0.25,0.5,302.0,Tsun Dere,XB,,Right,3B,86.26525346546634
675,4,S4,VAN,VAN,0,1,0,0,2,0,1,0,0,0,0,0,0,0,0,0,0,0,1,0,0,0,0,0,1.0,1.0,1,4,2,3,6,"{4010, 4006}",2,1,1,661.0,5,3.7962585034013605,0.42289999999999994,0.407133263561835,0,0,VAN,2,1,3,2,1,0,4,1.942065491183879,0.05793450881612091,0.05793450881612091,78,35,382,341.8866498740554,168,0.29581151832460734,0.4913909334040625,0.5,1.0,0.75,1.5,2.25,1.0,0.5,1.0,0.0,0.0,0.5,0.0,1.0,0.0,0.7500000000000001,1.5447470817120623,132.2,Speedo Meter,S,TD-B,Right,SS,467.90196864531435
676,4,S4,VAN,VAN,0,0,0,2,2,0,0,0,0,0,0,0,0,0,0,0,0,0,0,0,0,0,0,0,1.0,1.0,2,4,2,2,3,"{4010, 4006}",2,0,1,258.0,3,0.9974358974358974,0.1239,0.1217495203209489,0,0,VAN,2,2,2,2,0,0,4,2.0,0.05793450881612091,0.0,78,35,382,341.8866498740554,168,0.29581151832460734,0.4913909334040625,1.0,1.0,1.0,1.0,2.0,0.0,1.0,,0.0,0.0,0.5,,,,1.0,1.0,86.0,Joe King,BP,,Left,3B,441.5570556034991
677,4,S4,VAN,VAN,0,0,0,0,0,0,0,2,2,0,0,0,0,0,0,0,0,0,0,0,0,0,0,0,0.0,1.0,0,2,2,0,0,{4010},1,0,0,0,0,-1.5768707482993198,-0.0841,-0.1466841095412524,0,0,VAN,2,0,0,0,0,0,2,2.0,0.05793450881612091,0.0,78,35,382,341.8866498740554,168,0.29581151832460734,0.4913909334040625,0.0,0.0,0.0,0.0,0.0,0.0,,,0.0,1.0,0.0,,,,0.0,0.0,,Johnny Maxwell,BN,,Right,3B,-100.0
678,4,S4,VAN,VAN,0,0,0,0,1,0,0,1,0,0,0,0,0,0,0,0,0,0,0,0,0,0,0,0,0.0,0.0,0,2,1,0,1,{4006},1,0,0,409.0,2,-0.37687074829931977,-0.0299,-0.0266841095412524,0,0,VAN,1,0,0,1,0,0,2,1.0,0.05793450881612091,0.0,78,35,382,341.8866498740554,168,0.29581151832460734,0.4913909334040625,0.0,,0.5,0.0,0.5,0.0,,,0.0,0.5,0.5,,,,0.5,0.0,204.5,Randy McRandom,WC,,Right,LF,69.02654867256636
679,4,S4,VAN,VAN,0,0,0,0,0,0,0,1,0,0,0,0,0,0,0,0,0,0,0,0,0,0,0,0,0.0,0.0,0,1,1,0,0,{4006},1,0,0,273.0,1,-0.08205128205128201,-0.018000000000000002,-0.0027036455607884133,0,0,VAN,1,0,0,0,0,0,1,1.0,0.05793450881612091,0.0,78,35,382,341.8866498740554,168,0.29581151832460734,0.4913909334040625,0.0,,0.0,0.0,0.0,0.0,,,0.0,1.0,0.0,,,,0.0,0.0,273.0,Scherbie Fully-Loaded,S,,Right,CF,-100.0
680,4,S4,VAN,VAN,1,0,0,0,1,0,0,0,0,1,0,1,0,0,0,1,0,1,0,0,1,0,0,0,0.0,2.0,1,4,3,4,5,"{4010, 4006}",2,2,1,1049.0,4,0.3880952380952381,-0.025500000000000037,0.06081545438688296,0,0,VAN,2,1,4,1,0,0,4,3.0,0.05793450881612091,0.0,78,35,382,341.8866498740554,168,0.29581151832460734,0.4913909334040625,0.3333333333333333,0.0,0.5,1.3333333333333333,1.8333333333333333,1.0,0.0,,0.25,0.0,0.25,0.5,0.0,inf,0.5,1.3333333333333333,262.25,Dooper McPooperscooper,1B,,Left,CF,340.36515968372146
681,4,S4,VAN,VAN,0,0,0,0,1,0,0,0,0,1,0,0,0,0,0,0,0,0,0,0,0,0,0,0,0.0,1.0,0,2,1,0,1,{4010},1,0,0,481.0,2,0.2833333333333332,0.0007999999999999986,0.03933629862201289,0,0,VAN,2,0,0,1,0,0,2,1.0,0.05793450881612091,0.0,78,35,382,341.8866498740554,168,0.29581151832460734,0.4913909334040625,0.0,0.0,0.5,0.0,0.5,0.0,0.0,,0.0,0.0,0.5,0.0,0.0,,0.5,0.0,240.5,Billy McBeans,BP,,Right,SS,69.02654867256636
683,4,S4,VAN,VAN,0,0,1,0,0,0,2,0,0,0,0,0,0,0,0,0,0,0,0,0,0,0,0,0,0.0,1.0,1,3,3,2,2,"{4010, 4006}",2,0,0,503.0,3,-0.03163265306122448,0.0695,0.01334118262689692,0,0,VAN,2,1,2,0,2,0,3,2.884130982367758,0.05793450881612091,0.11586901763224182,78,35,382,341.8866498740554,168,0.29581151832460734,0.4913909334040625,0.3333333333333333,0.0,0.3333333333333333,0.6666666666666666,1.0,0.3333333333333333,0.3333333333333333,,0.0,0.0,0.0,0.0,1.0,0.0,0.3333333333333333,0.6934497816593886,167.66666666666666,Kris Kringle,1B,,Right,LF,153.80414120279636
685,4,S4,UNC,UNC,0,0,0,0,1,0,0,0,0,0,0,0,0,0,0,0,0,0,0,0,0,0,0,0,0.0,0.0,0,1,0,0,1,{4007},1,0,0,155.0,1,0.5564625850340138,0.0412,0.061147741147741165,0,0,UNC,2,0,0,1,0,0,1,0.0,0.05793450881612091,0.0,78,35,382,341.8866498740554,168,0.29581151832460734,0.4913909334040625,,,1.0,,,,,,0.0,0.0,1.0,,,,1.0,,155.0,Yeety Pete,TT,,Right,C,
686,4,S4,UNC,UNC,0,0,0,0,1,0,0,0,0,0,0,0,0,0,0,0,0,0,0,0,0,0,0,0,0.0,0.0,0,1,0,0,1,{4007},1,0,0,126.0,1,0.0653846153846154,0.025,0.012039944182801328,0,0,UNC,2,0,0,1,0,0,1,0.0,0.05793450881612091,0.0,78,35,382,341.8866498740554,168,0.29581151832460734,0.4913909334040625,,,1.0,,,,,,0.0,0.0,1.0,,,,1.0,,126.0,Julio Escobar,MH,,Right,SS,
727,3,S3,TOL,TOL,0,0,0,0,0,0,0,0,0,1,0,0,0,0,0,0,0,0,0,0,0,0,0,0,0.0,0.0,0,1,1,0,0,{3008},1,0,0,411.0,1,-0.1714285714285714,-0.0368,-0.009123564613089824,0,0,TOL,2,0,0,0,0,0,1,1.0,0.03463203463203463,0.0,50,23,230,205.37229437229436,111,0.3173913043478261,0.5404818616808247,0.0,,0.0,0.0,0.0,0.0,0.0,,0.0,0.0,0.0,0.0,0.0,,0.0,0.0,411.0,Matt Conzo,BN,,Right,DH,-100.0
814,5,S5,NEB,NEB,0,0,0,0,1,0,1,4,0,0,0,0,0,0,0,0,0,0,0,0,0,0,0,0,0.0,1.0,0,6,5,0,1,"{5024, 5019, 5015}",3,1,0,1576.0,6,-0.761758971055076,-0.23079999999999998,-0.036837857691515555,0,0,NEB,6,0,0,1,1,0,6,4.960854092526691,0.03914590747330961,0.03914590747330961,183,73,827,748.7544483985765,362,0.309552599758162,0.4834695817490494,0.0,0.0,0.16666666666666666,0.0,0.16666666666666666,0.0,0.0,,0.0,0.6666666666666666,0.16666666666666666,0.0,1.0,0.0,0.16666666666666666,0.0,262.6666666666667,Saito Syde,TT,,Right,C,-46.158854166666664
1687,5,S5,GT,GT,0,0,0,0,0,0,1,0,0,0,0,0,0,0,0,0,0,0,0,0,0,0,0,0,0.0,1.0,0,1,1,0,0,{5013},1,0,0,142.0,1,-0.5769230769230771,-0.045599999999999995,-0.0511359677899757,0,0,GT,4,0,0,0,1,0,1,0.9608540925266904,0.03914590747330961,0.03914590747330961,183,73,827,748.7544483985765,362,0.309552599758162,0.4834695817490494,0.0,0.0,0.0,0.0,0.0,0.0,0.0,,0.0,0.0,0.0,0.0,1.0,0.0,0.0,0.0,142.0,Steven Seagal,MH,FP-H,Right,P,-100.0
1688,5,S5,CCU,CCU,0,0,0,0,0,0,2,1,0,0,0,0,0,0,0,0,0,0,0,0,0,0,0,0,0.0,0.0,0,3,3,0,0,"{5001, 5013}",2,0,0,622.0,3,-0.7303171304529301,-0.0657,-0.053362693338297,0,0,CCU,4,0,0,0,2,0,3,2.921708185053381,0.03914590747330961,0.07829181494661921,183,73,827,748.7544483985765,362,0.309552599758162,0.4834695817490494,0.0,,0.0,0.0,0.0,0.0,0.0,,0.0,0.3333333333333333,0.0,0.0,1.0,0.0,0.0,0.0,207.33333333333334,Sal Grommet,XB,,Right,1B,-100.0
1689,5,S5,NCS,NCS,0,1,0,0,1,0,1,2,0,0,2,0,0,0,0,2,0,0,0,0,0,0,0,0,0.0,1.0,1,7,6,3,4,"{5001, 5018, 5011}",3,0,0,1961.0,7,-1.3759467404470596,-0.07399999999999998,-0.09170029472838188,0,0,NCS,5,1,3,1,1,0,7,5.960854092526691,0.03914590747330961,0.03914590747330961,183,73,827,748.7544483985765,362,0.309552599758162,0.4834695817490494,0.16666666666666666,0.0,0.2857142857142857,0.5,0.7857142857142857,0.33333333333333337,0.25,,0.0,0.2857142857142857,0.14285714285714285,0.6666666666666666,0.3333333333333333,2.0,0.2857142857142857,0.5032835820895523,280.14285714285717,Oliver Flame,S,,Right,SS,96.39740020791858
1690,5,S5,GT,GT,0,0,1,0,0,0,3,0,0,1,0,0,0,0,0,0,0,0,0,0,0,0,0,0,0.0,0.0,1,5,5,2,2,"{5020, 5011, 5004}",3,0,0,990.0,5,-0.22808131868471487,-0.1075,0.009973567643188547,0,0,GT,5,1,2,0,3,0,5,4.882562277580071,0.03914590747330961,0.11743772241992882,183,73,827,748.7544483985765,362,0.309552599758162,0.4834695817490494,0.2,,0.2,0.4,0.6000000000000001,0.2,0.2,,0.0,0.0,0.0,0.0,0.75,0.0,0.2,0.4096209912536443,198.0,Drax Frost,1B,,Left,1B,49.33466211563553
1691,5,S5,CCU,CCU,0,0,0,4,2,0,0,0,0,0,1,1,0,0,0,2,1,0,0,0,0,0,0,0,1.0,2.0,4,8,6,4,6,"{5001, 5013, 5022}",3,1,0,1393.0,8,1.673259095285553,0.08009999999999999,0.21977662874721138,0,0,CCU,6,4,4,2,0,0,8,6.0,0.03914590747330961,0.0,183,73,827,748.7544483985765,362,0.309552599758162,0.4834695817490494,0.6666666666666666,0.5,0.75,0.6666666666666666,1.4166666666666665,0.0,0.6666666666666666,,0.0,0.0,0.25,1.0,0.0,inf,0.75,0.6666666666666666,174.125,Late Train Dave Vein,MH,,Right,RF,280.17731985931425
1692,5,S5,LOU,LOU,0,0,0,0,0,0,0,0,0,1,0,0,0,0,0,0,0,0,0,0,0,0,0,0,0.0,1.0,0,1,1,0,0,{5014},1,0,0,373.0,1,-0.6666666666666666,-0.0947,-0.06011032676433466,0,0,LOU,4,0,0,0,0,0,1,1.0,0.03914590747330961,0.0,183,73,827,748.7544483985765,362,0.309552599758162,0.4834695817490494,0.0,0.0,0.0,0.0,0.0,0.0,0.0,,0.0,0.0,0.0,0.0,0.0,,0.0,0.0,373.0,Tristan Leung,BN,TT-S,Left,P,-100.0
1694,5,S5,GT,GT,0,0,0,2,0,0,0,0,0,0,0,1,0,0,0,1,1,0,0,0,0,0,0,0,1.0,1.0,2,3,3,2,2,"{5011, 5004}",2,0,1,641.0,3,0.8203957696438902,-0.0255,0.10170859667138502,0,0,GT,3,2,2,0,0,0,3,3.0,0.03914590747330961,0.0,183,73,827,748.7544483985765,362,0.309552599758162,0.4834695817490494,0.6666666666666666,1.0,0.6666666666666666,0.6666666666666666,1.3333333333333333,0.0,0.6666666666666666,,0.0,0.0,0.0,1.0,0.0,inf,0.6666666666666666,0.6666666666666666,213.66666666666666,Steven Wilson,BC,,Right,2B,253.25674694264762
1695,5,S5,CCU,CCU,0,0,0,0,0,0,0,1,0,0,0,0,0,0,0,0,0,0,0,0,0,0,0,0,0.0,0.0,0,1,1,0,0,{5022},1,0,0,277.0,1,-0.1145038167938931,-0.0006,-0.004894041777057304,0,0,CCU,6,0,0,0,0,0,1,1.0,0.03914590747330961,0.0,183,73,827,748.7544483985765,362,0.309552599758162,0.4834695817490494,0.0,,0.0,0.0,0.0,0.0,,,0.0,1.0,0.0,,,,0.0,0.0,277.0,Jin Yang,1B,WC-B,Right,P,-100.0
1696,5,S5,CCU,CCU,0,0,1,0,1,0,0,1,0,1,1,0,0,0,0,1,0,0,0,0,0,0,0,0,1.0,1.0,1,5,4,2,3,"{5009, 5005, 5022}",3,0,2,1141.0,5,0.6842596400799341,0.27259999999999995,0.10120766351965343,0,0,CCU,6,1,2,1,0,0,5,4.0,0.03914590747330961,0.0,183,73,827,748.7544483985765,362,0.309552599758162,0.4834695817490494,0.25,1.0,0.4,0.5,0.9,0.25,0.3333333333333333,,0.0,0.2,0.2,0.5,0.0,inf,0.4,0.5,228.2,Ron Swanson,XB,,Right,CF,132.6378727069857
1697,5,S5,SLC,SLC,0,0,2,1,0,0,1,1,0,1,0,1,0,0,0,1,1,0,0,0,0,0,0,0,1.0,3.0,3,7,7,5,5,"{5020, 5012, 5021, 5015}",4,0,1,1678.0,7,0.11114451586149687,-0.20929999999999999,0.057008830902473745,0,0,SLC,6,3,5,0,1,0,7,6.960854092526691,0.03914590747330961,0.03914590747330961,183,73,827,748.7544483985765,362,0.309552599758162,0.4834695817490494,0.42857142857142855,0.3333333333333333,0.42857142857142855,0.7142857142857143,1.1428571428571428,0.28571428571428575,0.5,,0.0,0.14285714285714285,0.0,0.3333333333333333,0.3333333333333333,1.0,0.42857142857142855,0.7183026584867075,239.71428571428572,Lamar Andrews,S,,Right,SS,187.0211222718674
1698,5,S5,GT,GT,1,0,1,0,2,1,1,2,0,0,1,1,0,0,0,2,0,0,0,0,0,1,0,0,1.0,2.0,2,9,7,6,6,"{5021, 5011, 5013, 5006}",4,2,2,1739.0,7,0.9113834050712328,0.19419999999999998,0.15014539962811135,0,0,GT,6,2,6,2,1,0,9,6.960854092526691,0.03914590747330961,0.03914590747330961,183,73,827,748.7544483985765,362,0.309552599758162,0.4834695817490494,0.2857142857142857,0.5,0.4444444444444444,0.8571428571428571,1.3015873015873014,0.5714285714285714,0.25,,0.1111111111111111,0.2222222222222222,0.2222222222222222,0.6666666666666666,0.3333333333333333,2.0,0.44444444444444436,0.8619631901840491,248.42857142857142,Jonny Mac,S,,Right,3B,221.86334275798694
1699,5,S5,GT,GT,0,0,2,1,1,0,1,2,0,0,1,0,0,1,0,1,0,0,1,0,0,0,0,0,2.0,3.0,3,8,6,5,7,"{5020, 5011, 5004, 5021}",4,1,5,1769.0,9,3.3607456460983434,0.3262,0.3950816237308224,0,0,GT,6,3,5,1,1,0,8,6.960854092526691,0.03914590747330961,0.03914590747330961,183,73,827,748.7544483985765,362,0.309552599758162,0.4834695817490494,0.5,0.6666666666666666,0.5,0.8333333333333334,1.3333333333333335,0.33333333333333337,0.6,1.0,0.0,0.25,0.125,0.5,0.5,1.0,0.5,0.7183026584867075,196.55555555555554,Pork Torkleton,BP,,Right,C,210.09589905758173
1700,5,S5,NCS,NCS,0,0,1,1,0,0,2,2,0,1,0,1,0,0,0,1,0,0,0,0,0,0,0,0,0.0,1.0,2,8,8,3,3,"{5001, 5018, 5011, 5023}",4,0,0,1918.0,8,-0.8174804640137794,0.027999999999999997,-0.029297327182721877,0,0,NCS,6,2,3,0,2,0,8,7.92170818505338,0.03914590747330961,0.07829181494661921,183,73,827,748.7544483985765,362,0.309552599758162,0.4834695817490494,0.25,0.0,0.25,0.375,0.625,0.125,0.3333333333333333,,0.0,0.25,0.0,0.25,0.5,0.5,0.25,0.37870619946091644,239.75,KlentakPay TheFuckingTax,WC,,Right,2B,59.09264457388943
1701,5,S5,GT,GT,0,1,0,0,1,0,0,2,0,1,0,1,0,0,0,1,0,0,0,0,0,0,0,0,0.0,1.0,1,6,5,3,4,"{5011, 5004, 5021}",3,2,0,1528.0,6,0.01175503108298509,-0.1143,0.04051354252229056,0,0,GT,6,1,3,1,0,0,6,5.0,0.03914590747330961,0.0,183,73,827,748.7544483985765,362,0.309552599758162,0.4834695817490494,0.2,0.0,0.3333333333333333,0.6,0.9333333333333333,0.39999999999999997,0.3333333333333333,,0.0,0.3333333333333333,0.16666666666666666,0.5,0.0,inf,0.3333333333333333,0.6,254.66666666666666,DeVon Pepper,XB,,Right,SS,131.78523891504952
1702,5,S5,LOU,LOU,0,0,1,1,0,0,2,2,0,0,0,0,0,0,0,0,0,0,0,0,0,0,0,0,1.0,2.0,2,6,6,3,3,"{5024, 5002, 5010}",3,0,1,1214.0,6,0.26191569710027474,-0.06770000000000001,0.06552960912401952,0,0,LOU,6,2,3,0,2,0,6,5.92170818505338,0.03914590747330961,0.07829181494661921,183,73,827,748.7544483985765,362,0.309552599758162,0.4834695817490494,0.3333333333333333,0.5,0.3333333333333333,0.5,0.8333333333333333,0.16666666666666669,0.5,,0.0,0.3333333333333333,0.0,0.0,1.0,0.0,0.3333333333333333,0.506610576923077,202.33333333333334,Hilikus Kesyr,BN,,Right,1B,112.46873450559569
1704,5,S5,NEB,NEB,0,0,0,2,0,0,2,3,0,0,2,0,0,0,0,2,0,0,0,0,0,0,0,0,0.0,1.0,2,9,9,2,2,"{5024, 5003, 5006, 5010, 5019}",5,1,0,2440.0,9,-0.6632748993097979,-0.1877,-0.007320430809991719,0,0,NEB,6,1,1,1,2,0,9,7.92170818505338,0.03914590747330961,0.07829181494661921,183,73,827,748.7544483985765,362,0.309552599758162,0.4834695817490494,0.2222222222222222,0.0,0.2222222222222222,0.2222222222222222,0.4444444444444444,0.0,0.3333333333333333,,0.0,0.3333333333333333,0.0,0.5,0.5,1.0,0.22222222222222227,0.1262353998203055,271.1111111111111,Jeffrey Salmon,BP,,Right,2B,-2.101496947592385
1705,5,S5,GT,GT,0,0,0,0,0,0,1,0,0,1,1,0,0,0,0,1,0,0,0,0,0,0,0,0,0.0,0.0,0,3,3,0,0,"{5020, 5006}",2,0,0,1045.0,3,-0.4977410811652905,-0.0504,-0.030105088409533028,0,0,GT,5,0,0,0,1,0,3,2.96085409252669,0.03914590747330961,0.03914590747330961,183,73,827,748.7544483985765,362,0.309552599758162,0.4834695817490494,0.0,,0.0,0.0,0.0,0.0,0.0,,0.0,0.0,0.0,0.3333333333333333,0.3333333333333333,1.0,0.0,0.0,348.3333333333333,Alex Curvingsonworth,BC,EG-S,Right,P,-100.0
1705,11,S11,KSU,KSU,0,0,1,1,1,0,0,6,0,0,1,1,0,0,0,2,0,0,2,0,0,0,0,0,1.0,3.0,2,11,10,3,6,"{11011, 11015, 11016, 11003, 11005}",5,1,1,3380.0,13,-0.1616739579054992,0.13440000000000005,0.028977300846911132,0,0,KSU,6,2,3,1,0,0,11,10.0,0.04502617801047121,0.0,225,77,912,828.8764397905759,460,0.33114035087719296,0.5549681205997647,0.2,0.3333333333333333,0.2727272727272727,0.3,0.5727272727272728,0.09999999999999998,0.5,1.0,0.0,0.5454545454545454,0.09090909090909091,1.0,0.0,inf,0.2727272727272727,0.3,260.0,Usada Pekora,S,,Left,SS,36.41718319865508
1706,5,S5,LOU,LOU,0,1,0,2,1,0,1,1,0,2,1,1,0,0,0,2,0,0,0,0,0,0,0,0,1.0,1.0,3,10,9,5,6,"{5024, 5005, 5010, 5014, 5018}",5,3,1,2369.0,10,1.136810383387203,0.2375,0.17924443736204032,0,0,LOU,6,3,5,1,1,0,10,8.96085409252669,0.03914590747330961,0.03914590747330961,183,73,827,748.7544483985765,362,0.309552599758162,0.4834695817490494,0.3333333333333333,1.0,0.4,0.5555555555555556,0.9555555555555556,0.22222222222222227,0.375,,0.0,0.1,0.1,0.4,0.2,2.0,0.4,0.5579825258141382,236.9,Ferret McGivins,XB,,Right,C,144.63087661105237
1707,5,S5,GT,GT,0,0,1,1,0,0,1,0,0,1,0,1,0,0,0,1,1,0,1,0,0,0,0,0,0.0,2.0,2,5,5,3,4,"{5020, 5013, 5006}",3,2,0,1480.0,6,0.5900738467491076,-0.1394,0.09834542408890279,0,0,GT,5,2,3,0,1,0,5,4.960854092526691,0.03914590747330961,0.03914590747330961,183,73,827,748.7544483985765,362,0.309552599758162,0.4834695817490494,0.4,0.0,0.4,0.6,1.0,0.19999999999999996,0.4,1.0,0.0,0.0,0.0,0.3333333333333333,0.3333333333333333,1.0,0.4,0.6047345767575323,246.66666666666666,Victor Oneto,EN,,Right,LF,154.30098879768863
1708,5,S5,SLC,SLC,1,0,0,0,0,0,0,0,0,2,0,0,0,0,0,0,0,0,0,0,1,0,0,0,0.0,1.0,1,3,3,4,4,"{5002, 5012, 5007}",3,1,1,753.0,3,0.38131369864136894,0.2903,0.05780038957113291,0,0,SLC,3,1,4,0,0,0,3,3.0,0.03914590747330961,0.0,183,73,827,748.7544483985765,362,0.309552599758162,0.4834695817490494,0.3333333333333333,0.0,0.3333333333333333,1.3333333333333333,1.6666666666666665,1.0,0.0,,0.3333333333333333,0.0,0.0,0.0,0.0,,0.3333333333333333,1.3333333333333333,251.0,Vanilla Danish,EN,,Right,2B,283.46661888529525
1709,5,S5,NEB,NEB,0,0,0,0,0,0,3,1,0,0,0,0,0,0,0,0,0,0,0,0,0,0,0,0,0.0,2.0,0,4,4,0,0,"{5019, 5006, 5015}",3,0,0,993.0,4,-1.315103219665179,-0.15460000000000002,-0.10528496235718988,0,0,NEB,5,0,0,0,3,0,4,3.882562277580071,0.03914590747330961,0.11743772241992882,183,73,827,748.7544483985765,362,0.309552599758162,0.4834695817490494,0.0,0.0,0.0,0.0,0.0,0.0,0.0,,0.0,0.25,0.0,0.0,1.0,0.0,0.0,0.0,248.25,Sean Carr,S,,Right,CF,-100.0
1709,9,S9,TOL,TOL,3,0,0,1,1,0,1,1,0,1,4,0,0,0,0,4,1,0,1,0,2,1,0,0,0.0,3.0,4,12,11,13,15,"{9016, 9009, 9002, 9014}",4,5,4,2997.0,13,2.5942472555979212,0.30479999999999996,0.31697613463850144,1,0,TOL,6,4,13,1,1,0,12,10.95096921322691,0.04903078677309008,0.04903078677309008,166,71,819,740.2531356898518,318,0.2893772893772894,0.4295827800900182,0.36363636363636365,0.0,0.4166666666666667,1.1818181818181819,1.5984848484848486,0.8181818181818182,0.14285714285714285,1.0,0.25,0.08333333333333333,0.08333333333333333,0.6666666666666666,0.16666666666666666,4.0,0.4166666666666667,1.187109537692628,230.53846153846155,Sean Carrcrash,WC,,Right,LF,320.3274542514909
1710,5,S5,SLC,SLC,1,0,0,0,1,0,0,1,0,0,2,1,0,0,0,3,0,0,0,0,0,1,0,0,0.0,4.0,1,6,5,4,5,"{5015, 5002, 5021, 5007}",4,2,3,1468.0,6,1.5092221581794572,0.16350000000000003,0.19026025523193776,0,0,SLC,6,1,4,1,0,0,6,5.0,0.03914590747330961,0.0,183,73,827,748.7544483985765,362,0.309552599758162,0.4834695817490494,0.2,0.0,0.3333333333333333,0.8,1.1333333333333333,0.6000000000000001,0.0,,0.16666666666666666,0.16666666666666666,0.16666666666666666,1.0,0.0,inf,0.3333333333333333,0.8,244.66666666666666,Chase Hillinger,MH,,Right,CF,173.1528879978438
1711,5,S5,WSU,WSU,1,0,0,0,1,1,0,3,0,1,1,0,0,0,0,1,0,0,0,0,0,1,0,0,1.0,1.0,1,7,6,4,4,"{5008, 5003, 5022, 5014}",4,1,2,1524.0,6,0.06070489680797392,0.1238,0.051964868997121424,1,0,WSU,6,1,4,1,0,0,7,6.0,0.03914590747330961,0.0,183,73,827,748.7544483985765,362,0.309552599758162,0.4834695817490494,0.16666666666666666,1.0,0.2857142857142857,0.6666666666666666,0.9523809523809523,0.5,0.0,,0.14285714285714285,0.42857142857142855,0.14285714285714285,0.5,0.0,inf,0.2857142857142857,0.6666666666666666,254.0,AR Margiela,HK,,Right,SS,130.1912707521714
1712,5,S5,UNC,UNC,0,0,0,1,0,0,0,3,0,2,0,1,0,0,0,1,0,0,0,0,0,0,0,0,0.0,0.0,1,7,7,1,1,"{5009, 5004, 5023}",3,0,0,2424.0,7,-1.1306920206121869,-0.0551,-0.06717482274489464,0,0,UNC,6,1,1,0,0,0,7,7.0,0.03914590747330961,0.0,183,73,827,748.7544483985765,362,0.309552599758162,0.4834695817490494,0.14285714285714285,,0.14285714285714285,0.14285714285714285,0.2857142857142857,0.0,0.25,,0.0,0.42857142857142855,0.0,0.3333333333333333,0.0,inf,0.14285714285714285,0.14285714285714285,346.2857142857143,Gregory Taint,S,,Left,CF,-24.302125655146945
1713,5,S5,NEB,NEB,0,0,0,0,0,0,0,1,0,1,0,0,0,0,0,0,0,0,0,0,0,0,0,0,0.0,0.0,0,2,2,0,0,"{5003, 5015}",2,0,0,748.0,2,-0.5386984982672315,-0.0738,-0.040757170022059135,0,0,NEB,4,0,0,0,0,0,2,2.0,0.03914590747330961,0.0,183,73,827,748.7544483985765,362,0.309552599758162,0.4834695817490494,0.0,,0.0,0.0,0.0,0.0,0.0,,0.0,0.5,0.0,0.0,0.0,,0.0,0.0,374.0,Joe Mama,WC,,Left,3B,-100.0
1714,5,S5,WSU,WSU,1,0,1,1,1,0,2,2,0,0,1,1,0,0,0,2,0,0,0,0,0,0,1,0,1.0,2.0,3,10,9,7,7,"{5008, 5012, 5014, 5017, 5022}",5,1,3,2150.0,9,1.441124082317384,0.16309999999999997,0.2096758072550585,0,0,WSU,6,3,7,1,2,0,10,8.921708185053381,0.03914590747330961,0.07829181494661921,183,73,827,748.7544483985765,362,0.309552599758162,0.4834695817490494,0.3333333333333333,0.5,0.4,0.7777777777777778,1.1777777777777778,0.4444444444444445,0.3333333333333333,,0.1,0.2,0.1,0.5,0.5,1.0,0.4,0.7846031112883924,238.88888888888889,Mac Daddy,BP,,Right,3B,191.50468088523405
1715,5,S5,UNC,UNC,0,0,0,0,0,0,1,1,0,0,1,1,0,0,0,2,0,0,0,0,0,0,0,0,0.0,0.0,0,4,4,0,0,"{5009, 5004}",2,0,0,1300.0,4,-0.8448209472468233,-0.126,-0.0582567351153543,0,0,UNC,3,0,0,0,1,0,4,3.96085409252669,0.03914590747330961,0.03914590747330961,183,73,827,748.7544483985765,362,0.309552599758162,0.4834695817490494,0.0,,0.0,0.0,0.0,0.0,0.0,,0.0,0.25,0.0,0.6666666666666666,0.3333333333333333,2.0,0.0,0.0,325.0,Dinglebop McKringleberry,1B,,Right,2B,-100.0
1716,5,S5,NCS,NCS,0,0,0,1,1,0,1,0,0,1,1,0,0,0,0,1,0,0,0,0,0,0,0,0,0.0,1.0,1,5,4,1,2,"{5018, 5011, 5007}",3,0,0,1246.0,5,-0.2977410811652904,-0.1071,0.0030075913951309943,0,0,NCS,5,1,1,1,1,0,5,3.96085409252669,0.03914590747330961,0.03914590747330961,183,73,827,748.7544483985765,362,0.309552599758162,0.4834695817490494,0.25,0.0,0.4,0.25,0.65,0.0,0.25,,0.0,0.0,0.2,0.3333333333333333,0.3333333333333333,1.0,0.4000000000000001,0.252470799640611,249.2,Jaden Starr,S,,Right,RF,81.43936721592632
1717,5,S5,UNC,UNC,0,0,0,0,1,0,2,0,0,0,1,0,0,0,0,1,0,0,0,0,0,0,0,0,0.0,0.0,0,4,3,0,1,"{5009, 5019, 5004}",3,0,0,954.0,4,-0.2233706911594197,-0.08289999999999999,0.003888290493386057,0,0,UNC,5,0,0,1,2,0,4,2.921708185053381,0.03914590747330961,0.07829181494661921,183,73,827,748.7544483985765,362,0.309552599758162,0.4834695817490494,0.0,,0.25,0.0,0.25,0.0,0.0,,0.0,0.0,0.25,0.3333333333333333,0.6666666666666666,0.5,0.25,0.0,238.5,Corey Scooter,BP,,Right,1B,-19.23828125
1720,5,S5,WSU,WSU,0,0,1,0,0,0,1,0,0,3,3,1,0,0,0,4,1,0,0,0,0,0,0,0,0.0,3.0,1,9,9,2,2,"{5003, 5008, 5014, 5017, 5022}",5,1,0,3121.0,9,-1.3839626741656237,-0.2984,-0.0793892082955743,0,0,WSU,6,1,2,0,1,0,9,8.96085409252669,0.03914590747330961,0.03914590747330961,183,73,827,748.7544483985765,362,0.309552599758162,0.4834695817490494,0.1111111111111111,0.0,0.1111111111111111,0.2222222222222222,0.3333333333333333,0.1111111111111111,0.1111111111111111,,0.0,0.0,0.0,0.5,0.125,4.0,0.1111111111111111,0.2231930103256553,346.77777777777777,Henryk Szydlowski,WC,,Right,1B,-17.941052133356827
1721,5,S5,NCS,NCS,1,0,0,0,0,0,1,3,0,1,0,1,0,0,0,1,1,0,0,0,0,1,0,0,0.0,0.0,1,7,7,4,4,"{5001, 5011, 5023}",3,1,2,1937.0,7,0.1858120069679503,0.21860000000000002,0.06447558001311907,0,0,NCS,6,1,4,0,1,0,7,6.960854092526691,0.03914590747330961,0.03914590747330961,183,73,827,748.7544483985765,362,0.309552599758162,0.4834695817490494,0.14285714285714285,,0.14285714285714285,0.5714285714285714,0.7142857142857142,0.42857142857142855,0.0,,0.14285714285714285,0.42857142857142855,0.0,0.3333333333333333,0.3333333333333333,1.0,0.14285714285714285,0.574642126789366,276.7142857142857,Zack Markel,WC,,Right,C,65.0075228174939
1722,5,S5,WSU,WSU,0,1,1,1,1,0,4,2,0,0,1,2,0,1,0,3,1,0,0,0,0,0,0,0,0.0,2.0,3,13,11,6,7,"{5003, 5008, 5012, 5014, 5017, 5022}",6,1,1,3173.0,13,-2.335378839826528,-0.1681,-0.14830546525233668,0,0,WSU,6,3,6,1,4,0,13,11.84341637010676,0.03914590747330961,0.15658362989323843,183,73,827,748.7544483985765,362,0.309552599758162,0.4834695817490494,0.2727272727272727,0.0,0.3076923076923077,0.5454545454545454,0.8531468531468531,0.2727272727272727,0.3,,0.0,0.15384615384615385,0.07692307692307693,0.42857142857142855,0.5714285714285714,0.75,0.3076923076923077,0.506610576923077,244.07692307692307,James Jameson LXIX,1B,,Left,CF,104.1854813004675
1723,5,S5,CCU,CCU,0,0,0,0,1,0,1,2,0,0,0,1,0,0,0,1,0,0,0,0,0,0,0,0,0.0,0.0,0,5,4,0,1,"{5017, 5005, 5022}",3,0,0,1242.0,5,0.1978433074918745,-0.20109999999999997,0.05256603026084748,0,0,CCU,6,0,0,1,1,0,5,3.96085409252669,0.03914590747330961,0.03914590747330961,183,73,827,748.7544483985765,362,0.309552599758162,0.4834695817490494,0.0,,0.2,0.0,0.2,0.0,0.0,,0.0,0.4,0.2,0.5,0.5,1.0,0.20000000000000004,0.0,248.4,William Lloyd Garrison,XB,,Right,1B,-35.390624999999986
1724,5,S5,UNC,UNC,1,0,0,1,2,0,0,0,0,0,1,1,0,0,0,2,0,0,0,0,0,0,1,0,1.0,2.0,2,6,4,5,7,"{5009, 5019, 5004, 5023}",4,1,3,1242.0,6,3.1450111542592745,0.012300000000000007,0.35383915483991946,0,0,UNC,6,2,5,2,0,0,6,4.0,0.03914590747330961,0.0,183,73,827,748.7544483985765,362,0.309552599758162,0.4834695817490494,0.5,0.5,0.6666666666666666,1.25,1.9166666666666665,0.75,0.3333333333333333,,0.16666666666666666,0.0,0.3333333333333333,1.0,0.0,inf,0.6666666666666666,1.25,207.0,Hannibal Bligh,BN,,Right,3B,373.91239010079767
1725,5,S5,WSU,WSU,0,0,0,5,2,0,0,2,0,0,0,0,0,0,0,0,0,0,1,0,0,0,0,0,3.0,4.0,5,9,7,5,8,"{5003, 5012, 5014, 5017, 5022}",5,2,2,1667.0,10,3.2589296501537715,0.5203,0.3914563640386972,0,0,WSU,6,5,5,2,0,0,9,7.0,0.03914590747330961,0.0,183,73,827,748.7544483985765,362,0.309552599758162,0.4834695817490494,0.7142857142857143,0.75,0.7777777777777778,0.7142857142857143,1.492063492063492,0.0,1.0,1.0,0.0,0.2222222222222222,0.2222222222222222,,,,0.7777777777777778,0.7142857142857143,166.7,Trevor Rose,BN,,Right,SS,299.0002844226781
1726,5,S5,WSU,WSU,0,0,0,1,0,0,1,0,0,0,1,1,0,0,0,2,0,0,0,0,0,0,0,0,0.0,1.0,1,4,4,1,1,"{5003, 5012, 5014}",3,0,0,1238.0,4,-0.18026792565041444,-0.001899999999999999,0.008198567044286585,0,0,WSU,4,1,1,0,1,0,4,3.96085409252669,0.03914590747330961,0.03914590747330961,183,73,827,748.7544483985765,362,0.309552599758162,0.4834695817490494,0.25,0.0,0.25,0.25,0.5,0.0,0.25,,0.0,0.0,0.0,0.6666666666666666,0.3333333333333333,2.0,0.25,0.252470799640611,309.5,Ryan Hinds,BC,,Right,3B,32.9823359659263
1727,5,S5,UNC,UNC,0,0,0,0,0,0,3,0,0,0,1,0,0,0,0,1,0,0,0,0,0,0,0,0,0.0,0.0,0,4,4,0,0,"{5016, 5009, 5019}",3,0,0,1118.0,4,-0.8448209472468233,-0.1068,-0.0582567351153543,0,0,UNC,5,0,0,0,3,0,4,3.882562277580071,0.03914590747330961,0.11743772241992882,183,73,827,748.7544483985765,362,0.309552599758162,0.4834695817490494,0.0,,0.0,0.0,0.0,0.0,0.0,,0.0,0.0,0.0,0.25,0.75,0.3333333333333333,0.0,0.0,279.5,Dash Supernova,BP,,Right,1B,-100.0
1728,5,S5,CCU,CCU,1,0,0,1,0,0,2,1,0,0,1,0,0,0,0,1,0,0,0,0,0,1,0,0,0.0,2.0,2,6,6,5,5,"{5001, 5013, 5022}",3,2,2,1288.0,6,1.0179279196509299,-0.041999999999999996,0.14113083137908503,0,0,CCU,6,2,5,0,2,0,6,5.92170818505338,0.03914590747330961,0.07829181494661921,183,73,827,748.7544483985765,362,0.309552599758162,0.4834695817490494,0.3333333333333333,0.0,0.3333333333333333,0.8333333333333334,1.1666666666666667,0.5,0.25,,0.16666666666666666,0.16666666666666666,0.0,0.3333333333333333,0.6666666666666666,0.5,0.3333333333333333,0.8443509615384616,214.66666666666666,Scott Medge,TT,,Right,3B,182.32636306488175
1729,5,S5,GT,GT,0,0,1,1,0,0,0,4,0,1,1,1,0,0,0,2,0,0,0,0,0,0,0,0,0.0,4.0,2,9,9,3,3,"{5004, 5006, 5011, 5013, 5021}",5,0,0,2749.0,9,-1.6799675093252548,-0.1329,-0.10898969181153739,0,0,GT,6,2,3,0,0,0,9,9.0,0.03914590747330961,0.0,183,73,827,748.7544483985765,362,0.309552599758162,0.4834695817490494,0.2222222222222222,0.0,0.2222222222222222,0.3333333333333333,0.5555555555555556,0.1111111111111111,0.4,,0.0,0.4444444444444444,0.0,0.6666666666666666,0.0,inf,0.2222222222222222,0.3333333333333333,305.44444444444446,Cali Guerensk,BP,,Right,3B,40.734276249101576
1730,5,S5,NEB,NEB,0,0,0,1,0,0,0,0,0,0,1,1,0,0,0,2,0,0,0,0,0,0,0,0,0.0,0.0,1,3,3,1,1,"{5003, 5006, 5015}",3,0,0,1018.0,3,0.030024485092899345,-0.014200000000000004,0.022671468216285948,0,1,NEB,4,1,1,0,0,0,3,3.0,0.03914590747330961,0.0,183,73,827,748.7544483985765,362,0.309552599758162,0.4834695817490494,0.3333333333333333,,0.3333333333333333,0.3333333333333333,0.6666666666666666,0.0,0.3333333333333333,,0.0,0.0,0.0,1.0,0.0,inf,0.3333333333333333,0.3333333333333333,339.3333333333333,Mike Wazowski,WC,,Right,LF,76.62837347132381
1731,5,S5,CCU,CCU,0,0,0,0,1,0,1,2,0,0,0,2,0,0,0,2,0,0,0,0,0,0,0,0,0.0,2.0,0,6,5,0,1,"{5001, 5017, 5013, 5022}",4,1,0,2037.0,6,-1.8844460570875665,-0.17500000000000002,-0.1491065662947646,0,0,CCU,6,0,0,1,1,0,6,4.960854092526691,0.03914590747330961,0.03914590747330961,183,73,827,748.7544483985765,362,0.309552599758162,0.4834695817490494,0.0,0.0,0.16666666666666666,0.0,0.16666666666666666,0.0,0.0,,0.0,0.3333333333333333,0.16666666666666666,0.6666666666666666,0.3333333333333333,2.0,0.16666666666666666,0.0,339.5,Jaxson Martyn,WC,,Left,SS,-46.158854166666664
1732,5,S5,NCS,NCS,0,0,1,3,0,0,1,0,0,2,0,0,0,0,0,0,0,0,1,0,0,0,0,0,1.0,1.0,4,7,7,5,6,"{5001, 5011, 5023}",3,0,0,1468.0,8,-0.15253318299424123,0.09150000000000001,0.037197400919231946,0,0,NCS,6,4,5,0,0,0,7,7.0,0.03914590747330961,0.0,183,73,827,748.7544483985765,362,0.309552599758162,0.4834695817490494,0.5714285714285714,1.0,0.5714285714285714,0.7142857142857143,1.2857142857142856,0.1428571428571429,0.5714285714285714,1.0,0.0,0.0,0.0,0.0,0.3333333333333333,0.0,0.5714285714285714,0.7142857142857143,183.5,Gang Weed,BC,,Left,3B,232.33981815283676
1733,5,S5,CCU,CCU,0,0,0,1,1,0,1,1,0,1,0,1,0,0,0,1,0,0,0,0,0,0,0,0,0.0,1.0,1,6,5,1,2,"{5009, 5017, 5005, 5022}",4,1,0,1673.0,6,0.27610923708036755,-0.1253,0.0669489631220288,0,0,CCU,6,1,1,1,1,0,6,4.960854092526691,0.03914590747330961,0.03914590747330961,183,73,827,748.7544483985765,362,0.309552599758162,0.4834695817490494,0.2,0.0,0.3333333333333333,0.2,0.5333333333333333,0.0,0.25,,0.0,0.16666666666666666,0.16666666666666666,0.3333333333333333,0.3333333333333333,1.0,0.3333333333333333,0.20157819225251075,278.8333333333333,Calcium “Cal” McTrowell,WC,,Right,CF,49.3763712658962
1734,5,S5,WSU,WSU,1,1,1,2,1,0,1,3,0,2,0,0,0,0,0,0,0,0,2,0,0,1,0,0,2.0,2.0,5,12,11,11,14,"{5003, 5008, 5012, 5014, 5017, 5022}",6,3,4,2527.0,14,3.4833286776775325,0.4805000000000001,0.4401216264004013,0,0,WSU,6,5,11,1,1,0,12,10.96085409252669,0.03914590747330961,0.03914590747330961,183,73,827,748.7544483985765,362,0.309552599758162,0.4834695817490494,0.45454545454545453,1.0,0.5,1.0,1.5,0.5454545454545454,0.5714285714285714,1.0,0.08333333333333333,0.25,0.08333333333333333,0.0,0.3333333333333333,0.0,0.5,1.0035714285714286,180.5,Streetlamp LeMoose,EN,,Right,2B,269.10039093330704
1735,5,S5,CCU,CCU,0,0,0,0,0,0,3,2,0,0,0,0,0,1,0,0,0,0,0,0,0,0,0,0,0.0,0.0,0,5,4,0,0,"{5001, 5009, 5022, 5017}",4,0,1,1259.0,5,-2.1701986505500837,-0.053000000000000005,-0.18423816554334835,0,0,CCU,6,0,0,0,3,0,5,4.882562277580071,0.03914590747330961,0.11743772241992882,183,73,827,748.7544483985765,362,0.309552599758162,0.4834695817490494,0.0,,0.0,0.0,0.0,0.0,0.0,,0.0,0.4,0.0,0.0,1.0,0.0,0.0,0.0,251.8,Michael Realman,S,,Right,2B,-100.0
1736,5,S5,NEB,NEB,1,0,1,0,1,0,0,2,0,2,0,2,0,0,0,2,0,0,0,0,1,0,0,0,0.0,1.0,2,9,8,6,7,"{5024, 5003, 5010, 5015, 5019}",5,1,1,2541.0,9,-0.5675989439166258,-0.03309999999999998,0.0022471647293254605,0,0,NEB,6,2,6,1,0,0,9,8.0,0.03914590747330961,0.0,183,73,827,748.7544483985765,362,0.309552599758162,0.4834695817490494,0.25,0.0,0.3333333333333333,0.75,1.0833333333333333,0.5,0.2,,0.1111111111111111,0.2222222222222222,0.1111111111111111,0.5,0.0,inf,0.3333333333333333,0.75,282.3333333333333,Bob Dobby,WC,,Right,C,162.81097572714523
1737,5,S5,GT,GT,0,0,0,0,0,0,0,0,0,1,1,2,0,0,0,3,0,0,0,0,0,0,0,0,0.0,1.0,0,4,4,0,0,"{5021, 5013, 5006}",3,0,0,1809.0,4,-1.2137383979867538,-0.17459999999999998,-0.09514848018934735,0,0,GT,6,0,0,0,0,0,4,4.0,0.03914590747330961,0.0,183,73,827,748.7544483985765,362,0.309552599758162,0.4834695817490494,0.0,0.0,0.0,0.0,0.0,0.0,0.0,,0.0,0.0,0.0,0.75,0.0,inf,0.0,0.0,452.25,Slappy McBatty,BN,,Right,2B,-100.0
1738,5,S5,GT,GT,1,0,0,1,1,0,0,1,0,2,1,2,0,0,0,3,0,0,1,0,1,0,0,0,0.0,2.0,2,9,8,5,7,"{5020, 5011, 5004, 5021}",4,2,1,2655.0,10,0.22211134332892724,0.22359999999999997,0.08777453335621278,0,0,GT,6,2,5,1,0,0,9,8.0,0.03914590747330961,0.0,183,73,827,748.7544483985765,362,0.309552599758162,0.4834695817490494,0.25,0.0,0.3333333333333333,0.625,0.9583333333333333,0.375,0.16666666666666666,1.0,0.1111111111111111,0.1111111111111111,0.1111111111111111,0.6,0.0,inf,0.3333333333333333,0.625,265.5,Leroy Hawk,1B,,Left,CF,136.95619505039883
1740,5,S5,SLC,SLC,0,1,0,0,1,0,3,1,0,0,0,1,0,0,0,1,0,0,0,0,0,0,0,0,0.0,2.0,1,7,6,3,4,"{5020, 5012, 5021, 5007}",4,2,0,1576.0,7,-1.0474221574519489,0.018100000000000005,-0.05884783642887083,0,0,SLC,6,1,3,1,3,0,7,5.882562277580071,0.03914590747330961,0.11743772241992882,183,73,827,748.7544483985765,362,0.309552599758162,0.4834695817490494,0.16666666666666666,0.0,0.2857142857142857,0.5,0.7857142857142857,0.33333333333333337,0.2,,0.0,0.14285714285714285,0.14285714285714285,0.25,0.75,0.3333333333333333,0.2857142857142857,0.5099818511796733,225.14285714285714,Old timer Nobody,TT,,Right,RF,97.78285843382986
1741,5,S5,LOU,LOU,1,1,1,1,0,0,0,0,0,3,0,0,0,0,0,0,0,0,0,0,1,0,0,0,0.0,0.0,4,7,7,10,10,"{5024, 5010, 5005, 5014}",4,2,2,1062.0,7,1.794283281857406,0.2871,0.22532270750206462,0,0,LOU,6,4,10,0,0,0,7,7.0,0.03914590747330961,0.0,183,73,827,748.7544483985765,362,0.309552599758162,0.4834695817490494,0.5714285714285714,,0.5714285714285714,1.4285714285714286,2.0,0.8571428571428572,0.5,,0.14285714285714285,0.0,0.0,0.0,0.0,,0.5714285714285714,1.4285714285714286,151.71428571428572,Kaladin Batblessed,EN,,Right,1B,380.0814220199592
1742,5,S5,UNC,UNC,0,0,1,0,1,0,2,2,0,0,1,0,0,0,0,1,1,0,0,0,0,0,0,0,0.0,1.0,1,7,6,2,3,"{5009, 5019, 5004, 5023}",4,2,0,1437.0,7,0.09554956948385096,-0.15270000000000003,0.055449336264709145,0,0,UNC,6,1,2,1,2,0,7,5.92170818505338,0.03914590747330961,0.07829181494661921,183,73,827,748.7544483985765,362,0.309552599758162,0.4834695817490494,0.16666666666666666,0.0,0.2857142857142857,0.3333333333333333,0.6190476190476191,0.16666666666666666,0.25,,0.0,0.2857142857142857,0.14285714285714285,0.3333333333333333,0.6666666666666666,0.5,0.2857142857142857,0.33774038461538464,205.28571428571428,David Roidtiz,TT,,Right,RF,62.15673570214317
1744,5,S5,SLC,SLC,0,0,0,1,1,0,0,1,0,0,0,0,0,0,0,0,0,0,0,0,0,0,0,0,1.0,2.0,1,3,2,1,1,"{5015, 5002, 5007}",3,1,0,457.0,2,1.3471109823642093,0.0874,0.15438011794341697,0,0,SLC,4,0,0,2,0,0,3,1.0,0.03914590747330961,0.0,183,73,827,748.7544483985765,362,0.309552599758162,0.4834695817490494,0.5,0.5,0.6666666666666666,0.5,1.1666666666666665,0.0,1.0,,0.0,0.3333333333333333,0.3333333333333333,,,,0.6666666666666666,0.0,228.5,Jack Gorillacakes,BP,,Right,C,115.36458333333334
1745,5,S5,NCS,NCS,1,0,1,1,0,0,0,0,0,1,1,3,0,0,0,4,1,0,0,0,0,0,1,0,1.0,3.0,3,8,8,7,7,"{5016, 5001, 5023, 5007}",4,2,3,2334.0,8,0.795177352468693,0.13569999999999996,0.1319684544655254,0,0,NCS,6,3,7,0,0,0,8,8.0,0.03914590747330961,0.0,183,73,827,748.7544483985765,362,0.309552599758162,0.4834695817490494,0.375,0.3333333333333333,0.375,0.875,1.25,0.5,0.2857142857142857,,0.125,0.0,0.0,0.8,0.0,inf,0.375,0.875,291.75,Robbie Liapis,BP,,Left,1B,202.126042862225
1746,5,S5,NEB,NEB,1,0,1,0,0,0,2,3,0,0,2,1,0,0,0,3,0,0,0,0,0,1,0,0,1.0,3.0,2,10,10,6,6,"{5024, 5010, 5003, 5019}",4,1,3,2683.0,10,2.6955676419081636,0.5931,0.3351201632141364,0,0,NEB,6,2,6,0,2,0,10,9.921708185053381,0.03914590747330961,0.07829181494661921,183,73,827,748.7544483985765,362,0.309552599758162,0.4834695817490494,0.2,0.3333333333333333,0.2,0.6,0.8,0.39999999999999997,0.16666666666666666,,0.1,0.3,0.0,0.6,0.4,1.4999999999999998,0.2,0.6047345767575323,268.3,Patty Ice,1B,,Right,SS,89.6916137976886
1747,5,S5,UNC,UNC,0,0,1,0,0,0,0,1,0,0,0,1,0,0,0,1,0,0,0,0,0,0,0,0,0.0,0.0,1,3,3,2,2,"{5008, 5016}",2,1,0,900.0,3,0.32595545090770184,0.06050000000000001,0.0522645647977662,0,0,UNC,4,1,2,0,0,0,3,3.0,0.03914590747330961,0.0,183,73,827,748.7544483985765,362,0.309552599758162,0.4834695817490494,0.3333333333333333,,0.3333333333333333,0.6666666666666666,1.0,0.3333333333333333,0.5,,0.0,0.3333333333333333,0.0,1.0,0.0,inf,0.3333333333333333,0.6666666666666666,300.0,Benji Lyons,WC,,Right,C,145.57445527598097
1748,5,S5,UNC,UNC,3,0,0,0,1,0,2,0,0,0,1,0,0,1,0,1,0,0,0,0,2,1,0,0,0.0,0.0,3,7,5,12,13,"{5008, 5016, 5023}",3,3,5,1055.0,7,2.6850463552619885,0.25989999999999996,0.3143990148425229,0,0,UNC,6,3,12,1,2,0,7,5.92170818505338,0.03914590747330961,0.07829181494661921,183,73,827,748.7544483985765,362,0.309552599758162,0.4834695817490494,0.6,,0.5714285714285714,2.4,2.9714285714285715,1.7999999999999998,0.0,,0.42857142857142855,0.0,0.14285714285714285,0.3333333333333333,0.6666666666666666,0.5,0.5714285714285714,2.026442307692308,150.71428571428572,Roe Jogan,BP,,Right,3B,503.7439856414304
1750,5,S5,WSU,WSU,0,0,0,1,1,0,4,0,0,0,0,2,0,1,0,2,0,1,0,0,0,0,0,0,0.0,2.0,1,8,6,1,1,"{5003, 5012, 5014, 5017, 5022}",5,0,1,2024.0,7,-2.4147684869787294,-0.24870000000000003,-0.18902612947921688,0,0,WSU,6,1,1,1,4,0,8,6.843416370106762,0.03914590747330961,0.15658362989323843,183,73,827,748.7544483985765,362,0.309552599758162,0.4834695817490494,0.16666666666666666,0.0,0.25,0.16666666666666666,0.41666666666666663,0.0,0.14285714285714285,,0.0,0.0,0.125,0.3333333333333333,0.6666666666666666,0.5,0.25,0.14612584503380135,289.14285714285717,Jordan Alomar,BC,,Right,C,10.986132146425366
1751,5,S5,NCS,NCS,0,0,1,1,1,0,1,0,0,0,1,0,0,0,0,1,0,0,1,0,0,0,0,0,1.0,1.0,2,5,4,3,5,"{5016, 5018, 5007}",3,2,1,1105.0,6,0.7302376049237658,0.29810000000000003,0.1123617999063686,0,0,NCS,5,2,3,1,1,0,5,3.96085409252669,0.03914590747330961,0.03914590747330961,183,73,827,748.7544483985765,362,0.309552599758162,0.4834695817490494,0.5,1.0,0.6,0.75,1.35,0.25,0.5,1.0,0.0,0.0,0.2,0.5,0.5,1.0,0.6000000000000001,0.7574123989218329,184.16666666666666,Hyunwon Song,SF,,Right,CF,250.48997664777892
1752,5,S5,NEB,NEB,1,0,0,1,2,0,1,2,0,1,1,1,0,0,0,2,0,0,0,0,1,0,0,0,0.0,1.0,2,10,8,5,7,"{5024, 5003, 5006, 5010, 5019}",5,1,1,2583.0,10,0.9804494461375575,0.0879,0.16360834363707583,0,0,NEB,6,2,5,2,1,0,10,7.960854092526691,0.03914590747330961,0.03914590747330961,183,73,827,748.7544483985765,362,0.309552599758162,0.4834695817490494,0.25,0.0,0.4,0.625,1.025,0.375,0.2,,0.1,0.2,0.2,0.5,0.25,2.0,0.3999999999999999,0.6280733124720608,258.3,Brian Talapia,BP,,Left,CF,159.12833194306205
1753,5,S5,LOU,LOU,0,0,0,0,0,0,1,1,0,1,0,0,0,0,0,0,0,0,0,0,0,0,0,0,0.0,0.0,0,3,3,0,0,"{5002, 5005, 5014}",3,0,0,677.0,3,-0.8080477474008472,-0.0823,-0.0611357550330887,0,0,LOU,4,0,0,0,1,0,3,2.96085409252669,0.03914590747330961,0.03914590747330961,183,73,827,748.7544483985765,362,0.309552599758162,0.4834695817490494,0.0,,0.0,0.0,0.0,0.0,0.0,,0.0,0.3333333333333333,0.0,0.0,0.5,0.0,0.0,0.0,225.66666666666666,Stringer Bell,XB,,Right,2B,-100.0
1754,5,S5,NCS,NCS,0,0,0,0,0,0,0,1,1,0,0,0,0,0,0,0,0,0,0,0,0,0,0,0,0.0,0.0,0,1,1,0,0,{5007},1,0,0,0,0,-0.1145038167938931,-0.0275,-0.004894041777057304,0,0,NCS,2,0,0,0,0,0,1,1.0,0.03914590747330961,0.0,183,73,827,748.7544483985765,362,0.309552599758162,0.4834695817490494,0.0,,0.0,0.0,0.0,0.0,,,0.0,1.0,0.0,,,,0.0,0.0,,Alejandro Caeser,EN,,Left,2B,-100.0
1755,5,S5,GT,GT,0,0,1,1,1,0,1,1,0,0,0,1,0,0,0,1,0,0,1,0,0,0,0,0,0.0,1.0,2,6,5,3,5,"{5021, 5020, 5013, 5006}",4,0,0,1395.0,7,-0.32075467250747386,-0.11449999999999999,0.013818912065576672,0,0,GT,6,2,3,1,1,0,6,4.960854092526691,0.03914590747330961,0.03914590747330961,183,73,827,748.7544483985765,362,0.309552599758162,0.4834695817490494,0.4,0.0,0.5,0.6,1.1,0.19999999999999996,0.5,1.0,0.0,0.16666666666666666,0.16666666666666666,0.5,0.5,1.0,0.5,0.6047345767575323,199.28571428571428,Joe Whomper,XB,,Right,1B,186.6056762976886
1756,5,S5,NCS,NCS,1,0,0,0,1,0,2,1,0,0,0,0,0,0,0,0,0,0,0,0,0,1,0,0,1.0,2.0,1,5,4,4,5,"{5001, 5018, 5011}",3,1,2,846.0,5,1.800071081991532,0.008599999999999997,0.21278880771081324,0,0,NCS,5,1,4,1,2,0,5,3.921708185053381,0.03914590747330961,0.07829181494661921,183,73,827,748.7544483985765,362,0.309552599758162,0.4834695817490494,0.25,0.5,0.4,1.0,1.4,0.75,0.0,,0.2,0.2,0.2,0.0,1.0,0.0,0.3999999999999999,1.0199637023593466,169.2,Speedy Claxton,S,,Right,2B,240.1862525819454
1757,5,S5,NEB,NEB,0,0,1,0,1,0,0,2,0,0,1,0,0,0,0,1,0,0,0,0,0,0,0,0,0.0,0.0,1,5,4,2,3,"{5010, 5006}",2,0,0,1314.0,5,0.5932232434958719,-0.0266,0.09210402386124722,0,0,NEB,3,1,2,1,0,0,5,4.0,0.03914590747330961,0.0,183,73,827,748.7544483985765,362,0.309552599758162,0.4834695817490494,0.25,,0.4,0.5,0.9,0.25,0.5,,0.0,0.4,0.2,1.0,0.0,inf,0.4,0.5,262.8,James Charles,WC,,Right,C,132.6378727069857
1758,5,S5,UNC,UNC,0,0,0,1,0,0,0,0,0,0,1,1,0,0,0,2,1,0,0,0,0,0,0,0,1.0,2.0,1,3,3,1,1,"{5008, 5019, 5016}",3,0,1,978.0,3,-2.271571471355838,-0.0793,-0.2074881274285878,0,0,UNC,5,1,1,0,0,0,3,3.0,0.03914590747330961,0.0,183,73,827,748.7544483985765,362,0.309552599758162,0.4834695817490494,0.3333333333333333,0.5,0.3333333333333333,0.3333333333333333,0.6666666666666666,0.0,0.3333333333333333,,0.0,0.0,0.0,1.0,0.0,inf,0.3333333333333333,0.3333333333333333,326.0,Pete Jones,EN,,Right,CF,76.62837347132381
1760,5,S5,LOU,LOU,1,0,1,0,0,0,1,1,0,2,3,0,0,0,0,3,2,0,0,0,1,0,0,0,1.0,3.0,2,9,9,6,6,"{5024, 5002, 5010, 5014, 5018}",5,1,2,2642.0,9,-1.0630296810602178,-0.15139999999999998,-0.04729590898503372,0,0,LOU,6,2,6,0,1,0,9,8.96085409252669,0.03914590747330961,0.03914590747330961,183,73,827,748.7544483985765,362,0.309552599758162,0.4834695817490494,0.2222222222222222,0.3333333333333333,0.2222222222222222,0.6666666666666666,0.8888888888888888,0.4444444444444444,0.14285714285714285,,0.1111111111111111,0.1111111111111111,0.0,0.5,0.16666666666666666,3.0,0.2222222222222222,0.6695790309769659,293.55555555555554,Anita Shower,WC,,Left,3B,110.28274637770733
1761,5,S5,SLC,SLC,0,0,0,1,0,0,0,0,0,1,3,1,0,0,0,4,0,0,0,0,0,0,0,0,0.0,3.0,1,6,6,1,1,"{5020, 5002, 5012, 5021}",4,1,0,2244.0,6,-0.5401313951316304,-0.09269999999999999,-0.014675100099171015,0,0,SLC,6,0,0,1,0,0,6,5.0,0.03914590747330961,0.0,183,73,827,748.7544483985765,362,0.309552599758162,0.4834695817490494,0.16666666666666666,0.0,0.16666666666666666,0.16666666666666666,0.3333333333333333,0.0,0.16666666666666666,,0.0,0.0,0.0,0.8,0.0,inf,0.16666666666666666,0.0,374.0,Ignatius Legit,WC,,Right,2B,-46.158854166666664
1762,5,S5,GT,GT,0,2,1,0,1,0,0,3,0,1,0,1,0,0,0,1,0,0,1,0,0,0,0,0,1.0,6.0,3,9,8,8,10,"{5020, 5011, 5004, 5021}",4,1,2,2168.0,10,1.2455831261567312,0.35600000000000004,0.19012171163899316,0,0,GT,6,3,8,1,0,0,9,8.0,0.03914590747330961,0.0,183,73,827,748.7544483985765,362,0.309552599758162,0.4834695817490494,0.375,0.16666666666666666,0.4444444444444444,1.0,1.4444444444444444,0.625,0.6,1.0,0.0,0.3333333333333333,0.1111111111111111,0.5,0.0,inf,0.4444444444444444,1.0,216.8,Shogun OfHarlem,XB,,Right,3B,250.4146343028603
1763,5,S5,UNC,UNC,0,0,0,2,0,0,2,3,0,0,0,0,0,0,0,0,0,0,0,0,0,0,0,0,0.0,1.0,2,7,7,2,2,"{5008, 5019, 5023}",3,1,0,1538.0,7,-1.3251852531406016,0.029200000000000004,-0.08662414599773612,0,0,UNC,6,2,2,0,2,0,7,6.92170818505338,0.03914590747330961,0.07829181494661921,183,73,827,748.7544483985765,362,0.309552599758162,0.4834695817490494,0.2857142857142857,0.0,0.2857142857142857,0.2857142857142857,0.5714285714285714,0.0,0.5,,0.0,0.42857142857142855,0.0,0.0,1.0,0.0,0.2857142857142857,0.28894601542416454,219.71428571428572,Dermot Mulveiny,SF,,Right,2B,52.06419399254965
1764,5,S5,UNC,UNC,0,0,0,2,0,0,2,1,0,0,0,2,0,0,0,2,0,0,0,0,0,0,0,0,0.0,0.0,2,7,7,2,2,"{5009, 5004, 5023}",3,0,0,1721.0,7,-0.7955204715861903,-0.04649999999999999,-0.03365766784229498,0,0,UNC,6,2,3,0,2,0,7,6.92170818505338,0.03914590747330961,0.07829181494661921,183,73,827,748.7544483985765,362,0.309552599758162,0.4834695817490494,0.2857142857142857,,0.2857142857142857,0.2857142857142857,0.5714285714285714,0.0,0.3333333333333333,,0.0,0.14285714285714285,0.0,0.5,0.5,1.0,0.2857142857142857,0.4334190231362468,245.85714285714286,Ross Ewage,XB,,Right,1B,81.94673741739591
1765,5,S5,NEB,NEB,0,0,0,0,0,0,0,2,0,0,1,0,0,0,0,1,0,0,0,0,0,0,0,0,0.0,0.0,0,3,3,0,0,"{5006, 5015}",2,0,0,1064.0,3,-0.5754716981132075,-0.062299999999999994,-0.037878150104324736,0,0,NEB,4,0,0,0,0,0,3,3.0,0.03914590747330961,0.0,183,73,827,748.7544483985765,362,0.309552599758162,0.4834695817490494,0.0,,0.0,0.0,0.0,0.0,0.0,,0.0,0.6666666666666666,0.0,1.0,0.0,inf,0.0,0.0,354.6666666666667,Nick Poulos,XB,,Right,3B,-100.0
1768,5,S5,SLC,SLC,0,0,0,0,1,0,0,2,1,0,1,0,0,0,0,1,0,0,0,0,0,0,0,0,0.0,0.0,0,4,3,0,1,"{5015, 5002, 5021, 5007}",4,1,1,937.0,3,0.5634196613452185,0.0026999999999999906,0.08256732574384987,0,0,SLC,6,0,0,1,0,0,4,3.0,0.03914590747330961,0.0,183,73,827,748.7544483985765,362,0.309552599758162,0.4834695817490494,0.0,,0.25,0.0,0.25,0.0,0.0,,0.0,0.5,0.25,1.0,0.0,inf,0.25,0.0,312.3333333333333,Cam Caminiti,TT,,Right,LF,-19.23828125
1769,5,S5,SLC,SLC,0,0,0,0,1,0,1,1,0,0,0,0,0,0,0,0,0,0,0,0,0,0,0,0,0.0,0.0,0,3,2,0,1,"{5002, 5012}",2,1,0,527.0,3,-0.25789095824239117,0.0003000000000000051,-0.006120076117243096,0,0,SLC,3,0,0,1,1,0,3,1.9608540925266904,0.03914590747330961,0.03914590747330961,183,73,827,748.7544483985765,362,0.309552599758162,0.4834695817490494,0.0,,0.3333333333333333,0.0,0.3333333333333333,0.0,0.0,,0.0,0.3333333333333333,0.3333333333333333,0.0,1.0,0.0,0.33333333333333326,0.0,175.66666666666666,Jamar Miller,XB,,Right,3B,7.682291666666652
1770,5,S5,WSU,WSU,0,0,0,0,0,0,0,3,0,0,1,2,0,0,0,3,0,0,0,0,0,0,0,0,0.0,2.0,0,6,6,0,0,"{5017, 5003, 5012}",3,0,1,2238.0,6,-1.0750760096561625,-0.0681,-0.06816956155162421,0,0,WSU,5,0,0,0,0,0,6,6.0,0.03914590747330961,0.0,183,73,827,748.7544483985765,362,0.309552599758162,0.4834695817490494,0.0,0.0,0.0,0.0,0.0,0.0,0.0,,0.0,0.5,0.0,1.0,0.0,inf,0.0,0.0,373.0,Husky Pawson,WC,,Right,CF,-100.0
1771,5,S5,CCU,CCU,0,0,0,2,2,0,0,0,0,0,1,1,0,0,0,2,0,0,0,0,0,0,0,0,0.0,0.0,2,6,4,2,4,"{5001, 5013, 5022}",3,2,0,1371.0,6,0.968961486241172,-0.005699999999999997,0.13623418803810922,0,0,CCU,6,2,2,2,0,0,6,4.0,0.03914590747330961,0.0,183,73,827,748.7544483985765,362,0.309552599758162,0.4834695817490494,0.5,,0.6666666666666666,0.5,1.1666666666666665,0.0,0.5,,0.0,0.0,0.3333333333333333,1.0,0.0,inf,0.6666666666666666,0.5,228.5,Pierre Bryant,BC,,Left,CF,218.78370604031906
1772,5,S5,WSU,WSU,0,0,2,0,0,0,0,0,0,3,4,0,0,0,0,4,0,0,0,0,0,0,0,0,1.0,3.0,2,9,9,4,4,"{5008, 5022, 5012, 5014}",4,1,1,2198.0,9,-0.2765628386736111,-0.09240000000000001,0.031350775253626964,0,0,WSU,6,2,4,0,0,0,9,9.0,0.03914590747330961,0.0,183,73,827,748.7544483985765,362,0.309552599758162,0.4834695817490494,0.2222222222222222,0.3333333333333333,0.2222222222222222,0.4444444444444444,0.6666666666666666,0.2222222222222222,0.2222222222222222,,0.0,0.0,0.0,0.5714285714285714,0.0,inf,0.2222222222222222,0.4444444444444444,244.22222222222223,"Adrian ""Pudge"" Young",MH,,Right,1B,63.716303517320625
1773,5,S5,SLC,SLC,1,0,0,0,0,0,4,1,0,0,1,0,0,0,0,1,0,0,0,0,0,0,0,1,1.0,1.0,1,7,7,4,4,"{5002, 5012, 5021}",3,1,4,1701.0,7,0.17191394334354354,0.20959999999999995,0.0630857736506784,0,0,SLC,6,1,4,0,4,0,7,6.843416370106762,0.03914590747330961,0.15658362989323843,183,73,827,748.7544483985765,362,0.309552599758162,0.4834695817490494,0.14285714285714285,1.0,0.14285714285714285,0.5714285714285714,0.7142857142857142,0.42857142857142855,0.0,,0.14285714285714285,0.14285714285714285,0.0,0.2,0.8,0.25,0.14285714285714285,0.5845033801352054,243.0,Skippy Gustafsson,WC,,Left,1B,67.04720715713002
1774,5,S5,WSU,WSU,0,0,3,2,1,0,3,2,0,1,0,0,0,0,0,0,0,0,1,0,0,0,0,0,2.0,3.0,5,12,11,8,10,"{5003, 5008, 5012, 5014, 5017, 5022}",6,4,1,2208.0,13,2.4423511540261793,-0.10269999999999999,0.329467534132934,0,0,WSU,6,5,8,1,3,0,12,10.882562277580071,0.03914590747330961,0.11743772241992882,183,73,827,748.7544483985765,362,0.309552599758162,0.4834695817490494,0.45454545454545453,0.6666666666666666,0.5,0.7272727272727273,1.2272727272727273,0.27272727272727276,0.5555555555555556,1.0,0.0,0.16666666666666666,0.08333333333333333,0.0,0.75,0.0,0.5,0.7351209941137998,169.84615384615384,Steve Robs,S,,Right,RF,213.57457408947278
1775,5,S5,GT,GT,0,0,0,1,1,0,0,1,0,1,0,1,0,0,0,1,0,0,0,0,0,0,0,0,0.0,0.0,1,5,4,1,2,"{5013, 5006}",2,0,0,1420.0,5,-0.15243999637324884,-0.065,0.017537699874335157,0,0,GT,4,1,1,1,0,0,5,4.0,0.03914590747330961,0.0,183,73,827,748.7544483985765,362,0.309552599758162,0.4834695817490494,0.25,,0.4,0.25,0.65,0.0,0.3333333333333333,,0.0,0.2,0.2,0.5,0.0,inf,0.4,0.25,284.0,Larry Kenobi,WC,,Right,CF,80.92831135349286
1776,5,S5,LOU,LOU,0,0,1,0,0,0,1,3,0,1,2,0,0,1,0,2,0,0,0,0,0,0,0,0,0.0,0.0,1,8,7,2,2,"{5024, 5002, 5005, 5014, 5018}",5,1,1,2447.0,8,0.2957257410097885,-0.009899999999999992,0.08202329331963489,0,0,LOU,6,1,2,0,1,0,8,7.960854092526691,0.03914590747330961,0.03914590747330961,183,73,827,748.7544483985765,362,0.309552599758162,0.4834695817490494,0.14285714285714285,,0.125,0.2857142857142857,0.4107142857142857,0.14285714285714285,0.2,,0.0,0.375,0.0,0.5,0.25,2.0,0.125,0.25122932498882433,305.875,Nicholas Fouss,S,,Right,CF,-7.655307847775172
1778,5,S5,SLC,SLC,1,0,1,1,1,0,0,1,0,0,0,1,0,0,0,1,0,0,0,0,1,0,0,0,0.0,0.0,3,6,5,7,8,"{5020, 5002, 5012, 5021}",4,1,1,1085.0,6,1.8267177695955774,0.25139999999999996,0.2220098163735498,0,0,SLC,6,3,7,1,0,0,6,5.0,0.03914590747330961,0.0,183,73,827,748.7544483985765,362,0.309552599758162,0.4834695817490494,0.6,,0.6666666666666666,1.4,2.0666666666666664,0.7999999999999999,0.6666666666666666,,0.16666666666666666,0.16666666666666666,0.16666666666666666,1.0,0.0,inf,0.6666666666666666,1.4,180.83333333333334,Tommy Tightpants,BP,,Right,SS,404.93812691289327
1779,5,S5,LOU,LOU,0,0,0,2,2,0,0,1,0,2,1,1,0,0,0,2,1,0,0,0,0,0,0,0,0.0,2.0,2,9,7,2,4,"{5018, 5002, 5024, 5010}",4,1,0,2366.0,9,-0.6631513885440325,-0.0604,-0.007308079733415178,0,0,LOU,6,2,2,2,0,0,9,7.0,0.03914590747330961,0.0,183,73,827,748.7544483985765,362,0.309552599758162,0.4834695817490494,0.2857142857142857,0.0,0.4444444444444444,0.2857142857142857,0.7301587301587301,0.0,0.3333333333333333,,0.0,0.1111111111111111,0.2222222222222222,0.5,0.0,inf,0.4444444444444444,0.2857142857142857,262.8888888888889,Herderber Derperger III,BC,,Right,C,102.67303043573786
1780,5,S5,GT,GT,0,0,0,1,0,0,0,0,0,0,0,0,0,0,0,0,0,0,0,0,0,0,0,0,1.0,1.0,1,1,1,1,1,{5006},1,1,1,62.0,1,1.126518218623482,0.1751,0.11920816176468019,0,0,GT,2,1,1,0,0,0,1,1.0,0.03914590747330961,0.0,183,73,827,748.7544483985765,362,0.309552599758162,0.4834695817490494,1.0,1.0,1.0,1.0,2.0,0.0,1.0,,0.0,0.0,0.0,,,,1.0,1.0,62.0,Mitch Gervowski,BP,,Left,C,429.8851204139714
1781,5,S5,NCS,NCS,0,0,0,1,0,0,3,2,0,0,0,0,0,0,0,0,0,0,0,0,0,0,0,0,0.0,2.0,1,6,6,1,1,"{5001, 5018, 5011}",3,0,0,1301.0,6,-1.1005537190504309,-0.2501,-0.07071733249105103,0,0,NCS,5,1,1,0,3,0,6,5.882562277580071,0.03914590747330961,0.11743772241992882,183,73,827,748.7544483985765,362,0.309552599758162,0.4834695817490494,0.16666666666666666,0.0,0.16666666666666666,0.16666666666666666,0.3333333333333333,0.0,0.25,,0.0,0.3333333333333333,0.0,0.0,1.0,0.0,0.16666666666666666,0.16999395039322446,216.83333333333334,Dirk Leschnewski,BP,,Right,CF,-10.99760373634242
1782,5,S5,SLC,SLC,0,0,0,0,3,1,1,0,0,1,1,0,0,0,0,1,0,0,0,0,0,0,0,0,0.0,0.0,0,6,3,0,2,"{5015, 5002, 5021, 5007}",4,0,0,1207.0,5,-0.5875596102011196,0.01780000000000001,-0.019417921606119923,0,0,SLC,6,0,0,3,1,0,6,2.96085409252669,0.03914590747330961,0.03914590747330961,183,73,827,748.7544483985765,362,0.309552599758162,0.4834695817490494,0.0,,0.5,0.0,0.5,0.0,0.0,,0.0,0.0,0.5,0.3333333333333333,0.3333333333333333,1.0,0.5000000000000001,0.0,241.4,James Chalmers,TT,,Left,C,61.52343750000004
1783,5,S5,CCU,CCU,0,0,0,1,0,0,1,1,0,0,2,0,0,0,0,2,1,0,0,0,0,0,0,0,1.0,1.0,1,5,5,1,1,"{5017, 5005, 5022}",3,0,2,1242.0,5,0.07119496855345919,-0.2535,0.03990119636700594,0,0,CCU,6,1,1,0,1,0,5,4.960854092526691,0.03914590747330961,0.03914590747330961,183,73,827,748.7544483985765,362,0.309552599758162,0.4834695817490494,0.2,1.0,0.2,0.2,0.4,0.0,0.25,,0.0,0.2,0.0,0.6666666666666666,0.3333333333333333,2.0,0.2,0.20157819225251075,248.4,Boomer Magruder,MH,,Left,1B,6.303454599229541
1784,5,S5,NEB,NEB,1,0,0,0,0,0,1,5,0,0,0,2,0,1,0,2,0,0,0,0,1,0,0,0,0.0,1.0,1,9,8,4,4,"{5024, 5003, 5010, 5015, 5019}",5,1,2,2815.0,9,-2.0285141238966125,-0.34069999999999995,-0.14384435326867323,1,1,NEB,6,1,4,0,1,0,9,8.96085409252669,0.03914590747330961,0.03914590747330961,183,73,827,748.7544483985765,362,0.309552599758162,0.4834695817490494,0.125,0.0,0.1111111111111111,0.5,0.6111111111111112,0.375,0.0,,0.1111111111111111,0.5555555555555556,0.0,0.6666666666666666,0.3333333333333333,2.0,0.1111111111111111,0.4463860206513106,312.77777777777777,Dick Nutter LXIX,BP,,Right,CF,28.223798511064135
1784,8,S8,UCL,UCL,0,0,0,0,0,0,1,2,0,0,0,0,0,0,0,0,0,0,0,0,0,0,0,0,0.0,1.0,0,3,3,0,0,{8009},1,0,0,798.0,3,-1.4101720669902487,-0.1407,-0.12951070839319176,0,0,UCL,3,0,0,0,1,0,3,2.9317073170731707,0.06829268292682927,0.06829268292682927,190,87,795,699.3951219512195,382,0.3484276729559748,0.546186251534427,0.0,0.0,0.0,0.0,0.0,0.0,0.0,,0.0,0.6666666666666666,0.0,0.0,1.0,0.0,0.0,0.0,266.0,Dick Nutter VI,BP,BS-S,Right,CF,-100.0
1785,5,S5,UNC,UNC,0,0,0,0,1,0,1,2,0,3,0,0,0,0,0,0,0,0,0,0,0,0,0,0,0.0,0.0,0,7,6,0,1,"{5016, 5004, 5023}",3,1,0,2090.0,7,-0.9863280116110305,-0.0252,-0.05273842184477899,0,0,UNC,6,0,0,1,1,0,7,5.960854092526691,0.03914590747330961,0.03914590747330961,183,73,827,748.7544483985765,362,0.309552599758162,0.4834695817490494,0.0,,0.14285714285714285,0.0,0.14285714285714285,0.0,0.0,,0.0,0.2857142857142857,0.14285714285714285,0.0,0.25,0.0,0.14285714285714285,0.0,298.57142857142856,Elmo Seabreeze,WC,,Right,3B,-53.85044642857143
1787,5,S5,LOU,LOU,0,0,0,2,0,0,1,0,0,1,2,2,0,0,0,4,1,0,0,0,0,0,0,0,0.0,3.0,2,8,8,2,2,"{5024, 5002, 5014, 5010}",4,0,0,2387.0,8,-1.577891187169099,-0.2148,-0.10533839949825384,0,0,LOU,6,2,2,0,1,0,8,7.960854092526691,0.03914590747330961,0.03914590747330961,183,73,827,748.7544483985765,362,0.309552599758162,0.4834695817490494,0.25,0.0,0.25,0.25,0.5,0.0,0.25,,0.0,0.0,0.0,0.6666666666666666,0.16666666666666666,4.0,0.25,0.25122932498882433,298.375,Jeremy Nakamoto,BC,,Right,2B,32.72555152722483
1788,5,S5,SLC,SLC,0,0,0,0,1,0,2,1,0,0,3,1,0,0,0,4,0,0,0,0,0,0,0,0,0.0,0.0,0,8,7,0,1,"{5002, 5020, 5021, 5015}",4,0,0,2510.0,8,-1.33530069136641,-0.14390000000000003,-0.08107934991798493,0,0,SLC,6,0,0,1,2,0,8,6.92170818505338,0.03914590747330961,0.07829181494661921,183,73,827,748.7544483985765,362,0.309552599758162,0.4834695817490494,0.0,,0.125,0.0,0.125,0.0,0.0,,0.0,0.125,0.125,0.6666666666666666,0.3333333333333333,2.0,0.125,0.0,313.75,Apple Watch,BC,,Left,CF,-59.619140625
1789,5,S5,NCS,NCS,0,0,0,0,1,0,1,1,0,1,1,0,0,0,0,1,0,0,0,0,0,0,0,0,0.0,0.0,0,5,4,0,1,"{5016, 5018, 5007}",3,0,0,1522.0,5,-0.517017071733024,-0.1028,-0.01892000766164237,0,0,NCS,5,0,0,1,1,0,5,3.96085409252669,0.03914590747330961,0.03914590747330961,183,73,827,748.7544483985765,362,0.309552599758162,0.4834695817490494,0.0,,0.2,0.0,0.2,0.0,0.0,,0.0,0.2,0.2,0.3333333333333333,0.3333333333333333,1.0,0.20000000000000004,0.0,304.4,George Bush,S,,Right,SS,-35.390624999999986
1790,5,S5,NEB,NEB,0,0,0,1,0,0,0,3,0,1,1,3,0,0,0,4,0,0,0,0,0,0,0,0,1.0,3.0,1,9,9,1,1,"{5024, 5010, 5006, 5015}",4,1,1,3219.0,9,-2.537440538652448,-0.7089,-0.19473699474425674,0,0,NEB,6,0,0,1,0,0,9,8.0,0.03914590747330961,0.0,183,73,827,748.7544483985765,362,0.309552599758162,0.4834695817490494,0.1111111111111111,0.3333333333333333,0.1111111111111111,0.1111111111111111,0.2222222222222222,0.0,0.16666666666666666,,0.0,0.3333333333333333,0.0,0.8,0.0,inf,0.1111111111111111,0.0,357.6666666666667,Almondo Albuterol,TT,,Right,1B,-64.10590277777779
1791,5,S5,WSU,WSU,0,0,0,2,0,0,2,0,0,2,1,0,0,0,0,1,0,0,0,0,0,0,0,0,0.0,2.0,2,7,7,2,2,"{5008, 5017, 5012, 5022}",4,1,0,1869.0,7,-0.839921206421809,-0.16709999999999997,-0.038097741325856825,0,0,WSU,6,2,2,0,2,0,7,6.92170818505338,0.03914590747330961,0.07829181494661921,183,73,827,748.7544483985765,362,0.309552599758162,0.4834695817490494,0.2857142857142857,0.0,0.2857142857142857,0.2857142857142857,0.5714285714285714,0.0,0.2857142857142857,,0.0,0.0,0.0,0.2,0.4,0.5,0.2857142857142857,0.28894601542416454,267.0,Willians Armadillo,SM,,Right,C,52.06419399254965
1792,5,S5,UNC,UNC,0,0,0,0,0,0,1,0,0,0,2,0,0,0,0,2,0,0,0,0,0,0,0,0,0.0,1.0,0,3,3,0,0,"{5008, 5016}",2,0,0,1159.0,3,-0.6219119226638024,-0.0713,-0.04252217255938421,0,0,UNC,4,0,0,0,1,0,3,2.96085409252669,0.03914590747330961,0.03914590747330961,183,73,827,748.7544483985765,362,0.309552599758162,0.4834695817490494,0.0,0.0,0.0,0.0,0.0,0.0,0.0,,0.0,0.0,0.0,0.6666666666666666,0.3333333333333333,2.0,0.0,0.0,386.3333333333333,Simba Martinez,S,,Right,LF,-100.0
1793,5,S5,SLC,SLC,0,0,2,1,0,0,0,1,0,1,0,1,0,0,0,1,0,0,1,0,0,0,0,0,1.0,1.0,3,6,6,5,6,"{5002, 5007, 5015, 5020, 5021}",5,1,1,1536.0,7,1.2125398156913971,0.30829999999999996,0.16714836088546375,0,0,SLC,6,3,5,0,0,0,6,6.0,0.03914590747330961,0.0,183,73,827,748.7544483985765,362,0.309552599758162,0.4834695817490494,0.5,1.0,0.5,0.8333333333333334,1.3333333333333335,0.33333333333333337,0.6,1.0,0.0,0.16666666666666666,0.0,0.5,0.0,inf,0.5,0.8333333333333334,219.42857142857142,Hamish McSmashithard,XB,,Left,SS,233.88864201164284
1794,5,S5,CCU,CCU,0,0,0,2,1,0,2,2,1,0,1,0,0,0,0,1,0,0,0,0,0,0,0,0,0.0,1.0,2,8,7,2,3,"{5001, 5013, 5022}",3,1,0,1563.0,7,-0.9251234102216159,-0.022200000000000004,-0.04006162180350553,0,0,CCU,6,2,2,1,2,0,8,6.92170818505338,0.03914590747330961,0.07829181494661921,183,73,827,748.7544483985765,362,0.309552599758162,0.4834695817490494,0.2857142857142857,0.0,0.375,0.2857142857142857,0.6607142857142857,0.0,0.4,,0.0,0.25,0.125,0.3333333333333333,0.6666666666666666,0.5,0.375,0.28894601542416454,223.28571428571428,Truck Month,1B,,Right,RF,80.90766497469252
1795,5,S5,WSU,WSU,0,0,0,1,0,0,0,1,1,0,0,0,0,0,0,0,0,0,0,0,0,0,0,0,0.0,1.0,1,2,2,1,1,{5008},1,1,0,120.0,1,-0.4527891156462585,-0.1002,-0.03216623175996184,0,0,WSU,2,1,1,0,0,0,2,2.0,0.03914590747330961,0.0,183,73,827,748.7544483985765,362,0.309552599758162,0.4834695817490494,0.5,0.0,0.5,0.5,1.0,0.0,1.0,,0.0,0.5,0.0,,,,0.5,0.5,120.0,Darren Dingerball,HK,,Left,LF,164.9425602069857
1796,5,S5,CCU,CCU,1,0,1,1,0,0,0,1,0,2,0,0,0,0,0,0,0,0,0,0,1,0,0,0,1.0,2.0,3,6,6,7,7,"{5009, 5017, 5022}",3,1,2,1181.0,6,2.1027595424389296,0.26,0.24961399365788497,0,0,CCU,6,3,7,0,0,0,6,6.0,0.03914590747330961,0.0,183,73,827,748.7544483985765,362,0.309552599758162,0.4834695817490494,0.5,0.5,0.5,1.1666666666666667,1.6666666666666667,0.6666666666666667,0.5,,0.16666666666666666,0.16666666666666666,0.0,0.0,0.0,,0.5,1.1666666666666667,196.83333333333334,Albert Ichiro Pujolsuzuki,EN,,Right,RF,302.8347238163001
1797,5,S5,NCS,NCS,0,0,0,3,0,0,1,1,0,1,0,0,0,0,0,0,0,0,0,0,0,0,0,0,0.0,2.0,3,6,6,3,3,"{5016, 5023, 5007}",3,0,0,1141.0,6,0.481553563980469,-0.04920000000000001,0.08749339581203894,0,0,NCS,6,3,3,0,1,0,6,5.960854092526691,0.03914590747330961,0.03914590747330961,183,73,827,748.7544483985765,362,0.309552599758162,0.4834695817490494,0.5,0.0,0.5,0.5,1.0,0.0,0.6,,0.0,0.16666666666666666,0.0,0.0,0.5,0.0,0.5,0.5032835820895523,190.16666666666666,Andrew Rowell,SF,,Right,3B,165.62173056506145
1798,5,S5,NEB,NEB,1,0,0,1,0,0,2,2,0,0,1,2,0,0,0,3,0,0,0,0,1,0,0,0,0.0,1.0,2,9,9,5,5,"{5024, 5003, 5006, 5010, 5019}",5,1,1,2134.0,9,-1.0359348060397857,0.3776999999999999,-0.044586421482990496,0,0,NEB,6,2,5,0,2,0,9,8.921708185053381,0.03914590747330961,0.07829181494661921,183,73,827,748.7544483985765,362,0.309552599758162,0.4834695817490494,0.2222222222222222,0.0,0.2222222222222222,0.5555555555555556,0.7777777777777778,0.33333333333333337,0.16666666666666666,,0.1111111111111111,0.2222222222222222,0.0,0.6,0.4,1.4999999999999998,0.2222222222222222,0.5604307937774232,237.11111111111111,Pedro Cerrano-Spaz,MH,,Left,2B,87.70671650532591
1799,5,S5,UNC,UNC,0,0,1,0,0,0,2,3,0,0,2,0,0,0,0,2,0,0,0,0,0,0,0,0,1.0,3.0,1,8,8,2,2,"{5008, 5016, 5023}",3,0,1,2162.0,8,0.7117566971983547,0.07830000000000001,0.12362638893849154,0,0,UNC,6,1,2,0,2,0,8,7.92170818505338,0.03914590747330961,0.07829181494661921,183,73,827,748.7544483985765,362,0.309552599758162,0.4834695817490494,0.125,0.3333333333333333,0.125,0.25,0.375,0.125,0.2,,0.0,0.375,0.0,0.5,0.5,1.0,0.125,0.252470799640611,270.25,All Starlin,XB,,Right,2B,-7.398523409073698
1800,5,S5,NCS,NCS,0,0,0,1,0,0,0,3,0,0,3,0,0,0,0,3,1,0,0,0,0,0,0,0,1.0,2.0,1,7,7,1,1,"{5016, 5023, 5007}",3,0,1,2386.0,7,-0.41475910432783736,-0.3009,0.004418468883540305,0,0,NCS,6,1,1,0,0,0,7,7.0,0.03914590747330961,0.0,183,73,827,748.7544483985765,362,0.309552599758162,0.4834695817490494,0.14285714285714285,0.5,0.14285714285714285,0.14285714285714285,0.2857142857142857,0.0,0.25,,0.0,0.42857142857142855,0.0,1.0,0.0,inf,0.14285714285714285,0.14285714285714285,340.85714285714283,Kirby Birch,WC,,Right,LF,-24.302125655146945
1801,5,S5,UNC,UNC,2,0,1,0,0,0,1,0,0,1,1,1,0,0,0,2,0,0,0,0,0,2,0,0,1.0,2.0,3,7,7,10,10,"{5009, 5004, 5023}",3,3,4,1542.0,7,3.1845221175948937,-0.04360000000000002,0.36434659107581335,0,0,UNC,6,3,10,0,1,0,7,6.960854092526691,0.03914590747330961,0.03914590747330961,183,73,827,748.7544483985765,362,0.309552599758162,0.4834695817490494,0.42857142857142855,0.5,0.42857142857142855,1.4285714285714286,1.8571428571428572,1.0,0.2,,0.2857142857142857,0.0,0.0,0.5,0.25,2.0,0.42857142857142855,1.436605316973415,220.28571428571428,Doc McBiggins,BP,,Right,C,335.59358382944913
1802,5,S5,CCU,CCU,1,0,0,1,1,0,0,3,0,2,1,0,0,0,0,1,0,0,0,0,1,0,0,0,1.0,3.0,2,9,8,5,6,"{5001, 5013, 5022}",3,2,2,2436.0,9,-1.1489995987839654,-0.03690000000000001,-0.055892900757408506,1,0,CCU,6,2,5,1,0,0,9,8.0,0.03914590747330961,0.0,183,73,827,748.7544483985765,362,0.309552599758162,0.4834695817490494,0.25,0.3333333333333333,0.3333333333333333,0.625,0.9583333333333333,0.375,0.25,,0.1111111111111111,0.3333333333333333,0.1111111111111111,0.3333333333333333,0.0,inf,0.3333333333333333,0.625,270.6666666666667,Mantis Toboggan,BP,,Right,3B,136.95619505039883
1803,5,S5,CCU,CCU,0,0,1,0,1,0,2,0,0,0,0,2,0,0,0,2,0,0,0,0,0,0,0,0,1.0,2.0,1,6,5,2,3,"{5022, 5005, 5013}",3,0,2,1512.0,6,1.0904202255376534,-0.017499999999999988,0.14838006196775738,0,0,CCU,6,1,2,1,2,0,6,4.92170818505338,0.03914590747330961,0.07829181494661921,183,73,827,748.7544483985765,362,0.309552599758162,0.4834695817490494,0.2,0.5,0.3333333333333333,0.4,0.7333333333333334,0.2,0.2,,0.0,0.0,0.16666666666666666,0.5,0.5,1.0,0.3333333333333333,0.40636297903109186,252.0,JT Longbottoms,EN,,Right,C,91.73369725065217
1804,5,S5,GT,GT,0,0,0,0,0,0,1,0,0,0,0,0,0,0,0,0,0,0,0,0,0,0,0,0,0.0,1.0,0,1,1,0,0,{5006},1,0,0,236.0,1,-0.3157894736842105,-0.0601,-0.02502260746608904,0,0,GT,2,0,0,0,1,0,1,0.9608540925266904,0.03914590747330961,0.03914590747330961,183,73,827,748.7544483985765,362,0.309552599758162,0.4834695817490494,0.0,0.0,0.0,0.0,0.0,0.0,0.0,,0.0,0.0,0.0,0.0,1.0,0.0,0.0,0.0,236.0,Bucky Rosotto Jr.,TT,,Right,C,-100.0
1805,5,S5,NCS,NCS,0,1,0,0,0,0,2,1,0,0,0,0,0,0,0,0,0,0,0,0,0,0,0,0,1.0,2.0,1,4,4,3,3,"{5016, 5007}",2,0,1,726.0,4,0.5437554655092955,0.16970000000000002,0.08060090616025756,0,0,NCS,4,1,3,0,2,0,4,3.921708185053381,0.03914590747330961,0.07829181494661921,183,73,827,748.7544483985765,362,0.309552599758162,0.4834695817490494,0.25,0.5,0.25,0.75,1.0,0.5,0.3333333333333333,,0.0,0.25,0.0,0.0,1.0,0.0,0.25,0.7649727767695099,181.5,LeBron James Jr.,S,,Left,CF,138.98734568645907
1806,5,S5,UNC,UNC,0,0,0,1,1,0,0,1,0,0,0,0,0,0,0,0,0,0,0,0,0,0,0,0,0.0,0.0,1,3,2,1,2,"{5008, 5016}",2,1,0,548.0,3,-0.37613518059916984,0.0074,-0.017944498352920953,0,0,UNC,4,1,1,1,0,0,3,2.0,0.03914590747330961,0.0,183,73,827,748.7544483985765,362,0.309552599758162,0.4834695817490494,0.5,,0.6666666666666666,0.5,1.1666666666666665,0.0,1.0,,0.0,0.3333333333333333,0.3333333333333333,,,,0.6666666666666666,0.5,182.66666666666666,Chuck Wyo,WC,,Right,CF,218.78370604031906
1807,5,S5,UNC,UNC,0,0,1,0,1,0,1,0,0,0,0,0,0,0,0,0,0,0,0,0,0,0,0,0,0.0,0.0,1,3,2,2,3,"{5009, 5019, 5004}",3,0,1,349.0,3,1.0867818400964242,0.15580000000000002,0.12834720371663844,0,0,UNC,5,1,2,1,1,0,3,1.9608540925266904,0.03914590747330961,0.03914590747330961,183,73,827,748.7544483985765,362,0.309552599758162,0.4834695817490494,0.5,,0.6666666666666666,1.0,1.6666666666666665,0.5,0.5,,0.0,0.0,0.3333333333333333,0.0,1.0,0.0,0.6666666666666665,1.0199637023593466,116.33333333333333,Scrappy Whiteguy,SM,,Right,2B,326.33208591527875
1808,5,S5,LOU,LOU,0,0,1,0,0,0,0,1,1,0,1,1,0,0,0,2,0,0,0,0,0,0,0,0,1.0,1.0,1,4,4,2,2,"{5002, 5005, 5014}",3,1,1,945.0,3,0.022278037913518622,0.008099999999999993,0.02845316340067989,0,0,LOU,4,1,2,0,0,0,4,4.0,0.03914590747330961,0.0,183,73,827,748.7544483985765,362,0.309552599758162,0.4834695817490494,0.25,1.0,0.25,0.5,0.75,0.25,0.3333333333333333,,0.0,0.25,0.0,1.0,0.0,inf,0.25,0.5,315.0,Cap Keeler,XB,,Right,3B,84.1808414569857
1810,5,S5,NCS,NCS,1,0,0,3,0,0,2,1,0,1,0,1,0,0,0,1,0,0,0,0,1,0,0,0,0.0,2.0,4,9,9,7,7,"{5001, 5011, 5016, 5018, 5023}",5,2,1,1847.0,9,-0.10870012552134112,0.08870000000000004,0.04813704656885398,0,0,NCS,6,4,7,0,2,0,9,8.921708185053381,0.03914590747330961,0.07829181494661921,183,73,827,748.7544483985765,362,0.309552599758162,0.4834695817490494,0.4444444444444444,0.0,0.4444444444444444,0.7777777777777778,1.2222222222222223,0.33333333333333337,0.42857142857142855,,0.1111111111111111,0.1111111111111111,0.0,0.25,0.5,0.5,0.4444444444444444,0.7846031112883924,205.22222222222223,Jason Varitek,SM,,Right,C,205.86231977412294
1811,5,S5,NCS,NCS,0,0,0,2,0,0,0,1,0,2,1,2,0,0,0,3,1,0,0,0,0,0,0,0,0.0,1.0,2,8,8,2,2,"{5016, 5001, 5011, 5023}",4,2,0,2625.0,8,-2.00784011061742,-0.10969999999999998,-0.1483332918430859,0,0,NCS,6,2,2,0,0,0,8,8.0,0.03914590747330961,0.0,183,73,827,748.7544483985765,362,0.309552599758162,0.4834695817490494,0.25,0.0,0.25,0.25,0.5,0.0,0.2857142857142857,,0.0,0.125,0.0,0.6,0.0,inf,0.25,0.25,328.125,Doc Crudelly,BC,,Right,LF,32.47128010349285
1812,5,S5,GT,GT,0,1,0,0,1,0,1,3,0,0,0,0,0,0,0,0,0,0,0,0,0,0,0,0,0.0,2.0,1,6,5,3,4,"{5020, 5011, 5004, 5021}",4,1,0,1392.0,6,-1.0462778091041316,-0.32609999999999995,-0.06528974149642111,0,0,GT,6,1,3,1,1,0,6,4.960854092526691,0.03914590747330961,0.03914590747330961,183,73,827,748.7544483985765,362,0.309552599758162,0.4834695817490494,0.2,0.0,0.3333333333333333,0.6,0.9333333333333333,0.39999999999999997,0.5,,0.0,0.5,0.16666666666666666,0.0,1.0,0.0,0.3333333333333333,0.6047345767575323,232.0,Louie Scoville,HK,,Right,C,132.76453046435526
1813,5,S5,NCS,NCS,0,0,0,0,2,0,1,2,0,1,0,0,0,0,0,0,0,0,0,0,0,0,0,0,0.0,1.0,0,6,4,0,2,"{5016, 5023, 5007}",3,0,0,1493.0,6,-1.4567833797091723,-0.0791,-0.1063402985569252,0,0,NCS,6,0,0,2,1,0,6,3.96085409252669,0.03914590747330961,0.03914590747330961,183,73,827,748.7544483985765,362,0.309552599758162,0.4834695817490494,0.0,0.0,0.3333333333333333,0.0,0.3333333333333333,0.0,0.0,,0.0,0.3333333333333333,0.3333333333333333,0.0,0.5,0.0,0.33333333333333337,0.0,248.83333333333334,Freddie Huff,WC,,Right,3B,7.682291666666674
1814,5,S5,UNC,UNC,0,0,0,1,1,0,2,1,0,0,0,0,0,0,0,0,0,0,1,0,0,0,0,0,0.0,0.0,1,5,4,1,3,"{5008, 5019, 5023}",3,2,0,1054.0,6,0.09067328548973669,0.07659999999999999,0.04840536796296571,0,0,UNC,6,1,1,1,2,0,5,3.921708185053381,0.03914590747330961,0.07829181494661921,183,73,827,748.7544483985765,362,0.309552599758162,0.4834695817490494,0.25,,0.4,0.25,0.65,0.0,0.3333333333333333,1.0,0.0,0.2,0.2,0.0,1.0,0.0,0.3999999999999999,0.25499092558983666,175.66666666666666,Mo Jungo,XB,,Right,C,81.96062564548635
1815,5,S5,LOU,LOU,0,0,1,0,0,0,0,2,0,0,3,0,0,0,0,3,0,0,0,0,0,0,0,0,0.0,1.0,1,6,6,2,2,"{5018, 5002, 5014, 5010}",4,1,1,1902.0,6,-0.3581334141991328,-0.0403,0.003524697994078757,0,0,LOU,5,1,2,0,0,0,6,6.0,0.03914590747330961,0.0,183,73,827,748.7544483985765,362,0.309552599758162,0.4834695817490494,0.16666666666666666,0.0,0.16666666666666666,0.3333333333333333,0.5,0.16666666666666666,0.25,,0.0,0.3333333333333333,0.0,1.0,0.0,inf,0.16666666666666666,0.3333333333333333,317.0,Hubert Farnsworth,XB,,Right,3B,22.787227637990483
1816,5,S5,NEB,NEB,0,0,2,0,0,0,2,3,0,1,1,1,0,0,0,2,0,0,0,0,0,0,0,0,0.0,2.0,2,10,10,4,4,"{5024, 5003, 5006, 5010, 5019}",5,1,0,2763.0,10,-0.6010777209717127,-0.34800000000000003,0.0054556269261487895,0,0,NEB,6,2,3,0,2,0,10,9.921708185053381,0.03914590747330961,0.07829181494661921,183,73,827,748.7544483985765,362,0.309552599758162,0.4834695817490494,0.2,0.0,0.2,0.4,0.6000000000000001,0.2,0.2857142857142857,,0.0,0.3,0.0,0.4,0.4,1.0,0.2,0.30236728837876614,276.3,Ray Saint Pete,1B,,Right,C,27.150494398844316
1817,5,S5,GT,GT,3,0,0,0,1,0,2,0,0,1,0,0,0,0,0,0,0,0,0,0,2,1,0,0,0.0,0.0,3,7,6,12,13,"{5021, 5020, 5013, 5006}",4,3,4,1042.0,7,2.2558886558690197,0.5028999999999999,0.271483244903226,0,0,GT,6,3,12,1,2,0,7,5.92170818505338,0.03914590747330961,0.07829181494661921,183,73,827,748.7544483985765,362,0.309552599758162,0.4834695817490494,0.5,,0.5714285714285714,2.0,2.571428571428571,1.5,0.0,,0.42857142857142855,0.0,0.14285714285714285,0.0,0.6666666666666666,0.0,0.5714285714285714,2.026442307692308,148.85714285714286,Babraham Thincoln,BP,,Left,RF,503.7439856414304
1819,5,S5,SLC,SLC,1,0,1,0,0,0,2,1,0,0,0,0,0,1,0,0,0,0,0,0,0,1,0,0,1.0,2.0,2,5,4,6,6,"{5020, 5012, 5021, 5007}",4,2,3,810.0,5,1.6086977864244034,0.46010000000000006,0.19365147815410036,0,0,SLC,6,2,6,0,2,0,5,4.92170818505338,0.03914590747330961,0.07829181494661921,183,73,827,748.7544483985765,362,0.309552599758162,0.4834695817490494,0.5,0.5,0.4,1.5,1.9,1.0,0.3333333333333333,,0.2,0.2,0.0,0.0,1.0,0.0,0.4,1.2190889370932756,162.0,Nate Savage,XB,,Right,RF,281.37296675195654
1821,5,S5,CCU,CCU,0,0,0,1,1,0,0,2,0,0,1,0,0,0,0,1,0,0,0,0,0,0,0,0,0.0,0.0,1,5,4,1,2,"{5009, 5017, 5005, 5022}",4,0,0,1220.0,5,0.1773865928862739,-0.0818,0.05052035880028742,0,0,CCU,6,1,1,1,0,0,5,4.0,0.03914590747330961,0.0,183,73,827,748.7544483985765,362,0.309552599758162,0.4834695817490494,0.25,,0.4,0.25,0.65,0.0,0.5,,0.0,0.4,0.2,1.0,0.0,inf,0.4,0.25,244.0,Zachary Hommes,BC,,Right,CF,80.92831135349286
1822,5,S5,LOU,LOU,0,0,0,0,0,0,2,1,0,0,0,2,0,0,0,2,1,0,0,0,0,0,0,0,0.0,2.0,0,5,5,0,0,"{5010, 5005, 5018}",3,0,0,1541.0,5,-1.6736554692293095,-0.1295,-0.1345838474112709,0,0,LOU,5,0,0,0,2,0,5,4.92170818505338,0.03914590747330961,0.07829181494661921,183,73,827,748.7544483985765,362,0.309552599758162,0.4834695817490494,0.0,0.0,0.0,0.0,0.0,0.0,0.0,,0.0,0.2,0.0,0.5,0.5,1.0,0.0,0.0,308.2,Joey Semenhands,XB,,Right,SS,-100.0
1823,5,S5,SLC,SLC,0,0,1,1,0,0,2,0,0,0,1,1,0,0,0,2,0,0,0,1,0,0,0,0,0.0,0.0,2,6,6,3,3,"{5015, 5002, 5021, 5007}",4,0,0,1994.0,7,-0.4814764949370339,-0.0608,-0.0022532701773793455,0,0,SLC,6,2,3,0,2,0,6,5.92170818505338,0.03914590747330961,0.07829181494661921,183,73,827,748.7544483985765,362,0.309552599758162,0.4834695817490494,0.3333333333333333,,0.3333333333333333,0.5,0.8333333333333333,0.16666666666666669,0.3333333333333333,0.0,0.0,0.0,0.0,0.5,0.5,1.0,0.3333333333333333,0.506610576923077,284.85714285714283,That's Amore,SF,,Right,2B,112.46873450559569
1824,5,S5,LOU,LOU,0,0,1,0,1,0,1,4,0,2,0,0,0,0,0,0,0,0,0,0,0,0,0,0,0.0,0.0,1,9,8,2,3,"{5024, 5010, 5005, 5018}",4,1,0,2374.0,9,-0.8773753306692498,-0.15889999999999999,-0.028730473945936905,0,0,LOU,6,1,2,1,1,0,9,7.960854092526691,0.03914590747330961,0.03914590747330961,183,73,827,748.7544483985765,362,0.309552599758162,0.4834695817490494,0.125,,0.2222222222222222,0.25,0.4722222222222222,0.125,0.25,,0.0,0.4444444444444444,0.1111111111111111,0.0,0.3333333333333333,0.0,0.22222222222222218,0.25122932498882433,263.77777777777777,Ax Finesse,TT,,Right,C,23.75202722166927
1826,5,S5,LOU,LOU,2,0,1,1,0,0,0,2,0,2,0,2,0,0,0,2,0,0,0,0,2,0,0,0,1.0,3.0,4,10,10,11,11,"{5024, 5018, 5005, 5014}",4,2,4,2610.0,10,2.7366478613340224,0.42480000000000007,0.33922818515672226,0,0,LOU,6,4,11,0,0,0,10,10.0,0.03914590747330961,0.0,183,73,827,748.7544483985765,362,0.309552599758162,0.4834695817490494,0.4,0.3333333333333333,0.4,1.1,1.5,0.7000000000000001,0.3333333333333333,,0.2,0.2,0.0,0.5,0.0,inf,0.4,1.1,261.0,Jimmy Haase,BP,,Right,1B,256.7408199553686
1827,5,S5,UNC,UNC,0,0,0,0,0,0,0,0,0,0,1,0,0,0,0,1,0,0,0,0,0,0,0,0,0.0,1.0,0,1,1,0,0,{5008},1,0,0,461.0,1,0.09178743961352676,-0.004,0.015735083863684683,0,0,UNC,2,0,0,0,0,0,1,1.0,0.03914590747330961,0.0,183,73,827,748.7544483985765,362,0.309552599758162,0.4834695817490494,0.0,0.0,0.0,0.0,0.0,0.0,0.0,,0.0,0.0,0.0,1.0,0.0,inf,0.0,0.0,461.0,Travis Bickle,BN,,Left,LF,-100.0
1827,6,S6,GEO,GEO,1,0,0,0,0,0,1,0,0,0,0,1,0,0,0,1,0,0,0,0,1,0,0,0,0.0,0.0,1,3,3,4,4,"{6004, 6007}",2,1,1,720.0,3,0.9066433566433567,-0.0461,0.10623601719562742,0,0,GEO,4,1,4,0,1,0,3,2.9726962457337884,0.027303754266211604,0.027303754266211604,52,24,284,258.9078498293515,113,0.2676056338028169,0.43644872132876356,0.3333333333333333,,0.3333333333333333,1.3333333333333333,1.6666666666666665,1.0,0.0,,0.3333333333333333,0.0,0.0,0.5,0.5,1.0,0.3333333333333333,1.3455797933409874,240.0,God Carew,1B,,Left,1B,332.8633248076553
1830,5,S5,CCU,CCU,0,0,0,1,0,0,1,3,0,2,0,0,0,0,0,0,0,0,0,0,0,0,0,0,0.0,3.0,1,7,7,1,1,"{5009, 5017, 5022}",3,1,0,2258.0,7,-1.7476678225994087,-0.15480000000000002,-0.1288724029436168,0,0,CCU,6,1,1,0,1,0,7,6.960854092526691,0.03914590747330961,0.03914590747330961,183,73,827,748.7544483985765,362,0.309552599758162,0.4834695817490494,0.14285714285714285,0.0,0.14285714285714285,0.14285714285714285,0.2857142857142857,0.0,0.25,,0.0,0.42857142857142855,0.0,0.0,0.3333333333333333,0.0,0.14285714285714285,0.1436605316973415,322.57142857142856,Guido Ligiorno,S,,Left,CF,-24.135954117055093
1832,5,S5,UNC,UNC,0,0,0,0,0,0,0,2,0,0,0,1,0,0,0,1,0,0,0,0,0,0,0,0,0.0,0.0,0,3,3,0,0,"{5016, 5019}",2,0,0,1223.0,3,-0.8080477474008472,-0.06839999999999999,-0.0611357550330887,0,1,UNC,5,0,0,0,0,0,3,3.0,0.03914590747330961,0.0,183,73,827,748.7544483985765,362,0.309552599758162,0.4834695817490494,0.0,,0.0,0.0,0.0,0.0,0.0,,0.0,0.6666666666666666,0.0,1.0,0.0,inf,0.0,0.0,407.6666666666667,John Valor,BP,,Right,1B,-100.0
1839,5,S5,NCS,NCS,0,0,1,0,0,0,0,1,0,0,0,0,0,0,0,0,0,0,0,0,0,0,0,0,0.0,0.0,1,2,2,2,2,{5018},1,1,0,304.0,2,0.44045926770159494,0.11120000000000001,0.05715860657482351,0,0,NCS,5,1,2,0,0,0,2,2.0,0.03914590747330961,0.0,183,73,827,748.7544483985765,362,0.309552599758162,0.4834695817490494,0.5,,0.5,1.0,1.5,0.5,1.0,,0.0,0.5,0.0,,,,0.5,1.0,152.0,Cooper McBurney,WC,,Right,1B,268.3616829139714
1839,6,S6,OSU,OSU,0,0,1,1,0,0,0,2,0,0,2,0,0,0,0,2,0,0,0,0,0,0,0,0,0.0,1.0,2,6,6,3,3,"{6001, 6004, 6007}",3,0,0,1520.0,6,-0.5382290956424718,0.0848,-0.02267954650166365,0,0,OSU,4,2,3,0,0,0,6,6.0,0.027303754266211604,0.0,52,24,284,258.9078498293515,113,0.2676056338028169,0.43644872132876356,0.3333333333333333,0.0,0.3333333333333333,0.5,0.8333333333333333,0.16666666666666669,0.5,,0.0,0.3333333333333333,0.0,1.0,0.0,inf,0.3333333333333333,0.5,253.33333333333334,Smoke Anderson,BN,,Right,C,139.122399008485
1840,5,S5,LOU,LOU,0,0,0,0,0,0,0,5,0,0,0,0,0,0,0,0,0,0,0,0,0,0,0,0,0.0,1.0,0,5,5,0,0,"{5024, 5018}",2,0,0,1538.0,5,-1.154667970050459,-0.19629999999999997,-0.08268509749338586,0,0,LOU,6,0,0,0,0,0,5,5.0,0.03914590747330961,0.0,183,73,827,748.7544483985765,362,0.309552599758162,0.4834695817490494,0.0,0.0,0.0,0.0,0.0,0.0,,,0.0,1.0,0.0,,,,0.0,0.0,307.6,Jacky Duddy,TT,,Left,3B,-100.0
1946,6,S6,GT,GT,0,0,0,0,1,0,1,1,0,0,2,1,0,0,0,3,0,0,1,0,0,0,0,0,0.0,0.0,0,6,5,0,2,"{6008, 6002, 6003}",3,0,0,1999.0,7,-0.48363189322093425,-0.05460000000000001,-0.01202926574907933,0,0,GT,4,0,0,1,1,0,6,4.972696245733788,0.027303754266211604,0.027303754266211604,52,24,284,258.9078498293515,113,0.2676056338028169,0.43644872132876356,0.0,,0.16666666666666666,0.0,0.16666666666666666,0.0,0.0,1.0,0.0,0.16666666666666666,0.16666666666666666,0.75,0.25,3.0,0.16666666666666666,0.0,285.57142857142856,Hornet Hives,BP,,Left,SS,-37.71929824561403
2173,6,S6,OSU,OSU,0,0,2,0,0,0,0,3,1,1,0,0,0,0,0,0,0,0,0,0,0,0,0,0,0.0,0.0,2,6,6,4,4,"{6001, 6004, 6007}",3,0,0,1092.0,5,0.33180267221363124,-0.0666,0.06432363028394662,0,0,OSU,4,2,4,0,0,0,6,6.0,0.027303754266211604,0.0,52,24,284,258.9078498293515,113,0.2676056338028169,0.43644872132876356,0.3333333333333333,,0.3333333333333333,0.6666666666666666,1.0,0.3333333333333333,0.6666666666666666,,0.0,0.5,0.0,0.0,0.0,,0.3333333333333333,0.6666666666666666,218.4,Patrick Stump,EN,,Right,C,177.30939750838934
2212,9,S9,TOL,TOL,0,0,0,2,2,0,1,1,0,1,1,0,0,0,0,1,0,0,0,0,0,0,0,0,0.0,1.0,2,8,6,2,4,"{9009, 9005, 9014}",3,2,0,1722.0,8,0.06978102504418282,-0.18539999999999998,0.04239435424516246,0,0,TOL,5,2,2,2,1,0,8,5.95096921322691,0.04903078677309008,0.04903078677309008,166,71,819,740.2531356898518,318,0.2893772893772894,0.4295827800900182,0.3333333333333333,0.0,0.5,0.3333333333333333,0.8333333333333333,0.0,0.4,,0.0,0.125,0.25,0.3333333333333333,0.3333333333333333,1.0,0.5,0.33607970875646676,215.25,Kyle Brambley,BC,,Right,2B,151.01879070793655
2216,10,S10,BSU,BSU,0,0,1,0,0,0,0,5,0,1,2,1,0,0,0,3,1,0,0,0,0,0,0,0,0.0,2.0,1,10,10,2,2,"{10010, 10004, 10014, 10007}",4,0,0,3051.0,10,-1.7168242914093848,-0.3519,-0.13562090873191995,0,0,BSU,5,1,2,0,0,0,10,10.0,0.029333333333333333,0.0,175,50,732,678.304,366,0.3073770491803279,0.5395810727933198,0.1,0.0,0.1,0.2,0.30000000000000004,0.1,0.2,,0.0,0.5,0.0,0.75,0.0,inf,0.1,0.2,305.1,Zyrok Young,XB,,Right,SS,-30.400874316939884
2222,11,S11,ZOO,ZOO,0,0,0,0,0,0,0,1,0,1,2,0,0,0,0,2,0,0,0,0,0,0,0,0,0.0,1.0,0,4,4,0,0,"{11016, 11015}",2,0,0,1482.0,4,-0.7454164280391089,-0.14,-0.06065096691546134,0,0,ZOO,6,0,0,0,0,0,4,4.0,0.04502617801047121,0.0,225,77,912,828.8764397905759,460,0.33114035087719296,0.5549681205997647,0.0,0.0,0.0,0.0,0.0,0.0,0.0,,0.0,0.25,0.0,0.6666666666666666,0.0,inf,0.0,0.0,370.5,Dazzy Zastempowski,XB,TT-H,Right,1B,-100.0
2281,6,S6,OSU,OSU,1,0,0,0,1,0,1,1,0,1,2,0,0,0,0,2,0,0,0,0,1,0,0,0,0.0,2.0,1,7,6,4,5,"{6001, 6006, 6007}",3,2,1,1813.0,7,-0.5847738884805765,0.005499999999999977,-0.02214346527504354,1,0,OSU,4,1,4,1,1,0,7,5.972696245733788,0.027303754266211604,0.027303754266211604,52,24,284,258.9078498293515,113,0.2676056338028169,0.43644872132876356,0.16666666666666666,0.0,0.2857142857142857,0.6666666666666666,0.9523809523809523,0.5,0.0,,0.14285714285714285,0.14285714285714285,0.14285714285714285,0.5,0.25,2.0,0.2857142857142857,0.6697142857142857,259.0,Edge Rocks,WC,,Right,3B,160.21318783684873
2282,6,S6,GT,GT,0,0,0,0,0,0,0,0,0,1,1,2,0,0,0,3,1,0,0,0,0,0,0,0,0.0,1.0,0,4,4,0,0,"{6002, 6006}",2,0,0,1705.0,4,-0.43747119117787925,-0.2868,-0.022984877076065585,0,0,GT,3,0,0,0,0,0,4,4.0,0.027303754266211604,0.0,52,24,284,258.9078498293515,113,0.2676056338028169,0.43644872132876356,0.0,0.0,0.0,0.0,0.0,0.0,0.0,,0.0,0.0,0.0,0.75,0.0,inf,0.0,0.0,426.25,Troy Pressing,BP,,Left,1B,-100.0
2285,6,S6,NEB,NEB,0,0,1,0,0,0,3,0,0,1,0,0,0,0,0,0,0,0,0,0,0,0,0,0,0.0,1.0,1,5,5,2,2,"{6008, 6001, 6005}",3,0,0,1146.0,5,-0.7664835164835164,-0.02460000000000001,-0.05069554909619872,0,0,NEB,4,1,2,0,3,0,5,4.918088737201365,0.027303754266211604,0.08191126279863481,52,24,284,258.9078498293515,113,0.2676056338028169,0.43644872132876356,0.2,0.0,0.2,0.4,0.6000000000000001,0.2,0.2,,0.0,0.0,0.0,0.0,0.75,0.0,0.2,0.40666204024982655,229.2,Josh Peterson,BN,,Right,2B,67.9120584311922
2291,6,S6,NEB,NEB,0,0,0,0,0,0,0,2,0,1,1,1,0,0,0,2,1,0,0,0,0,0,0,0,0.0,3.0,0,5,5,0,0,"{6008, 6003}",2,0,0,1835.0,5,-2.133405648877043,-0.7821,-0.18738776233555135,0,0,NEB,4,0,0,0,0,0,5,5.0,0.027303754266211604,0.0,52,24,284,258.9078498293515,113,0.2676056338028169,0.43644872132876356,0.0,0.0,0.0,0.0,0.0,0.0,0.0,,0.0,0.4,0.0,0.6666666666666666,0.0,inf,0.0,0.0,367.0,Richard Avery,SF,,Right,3B,-100.0
2327,6,S6,GT,GT,0,0,0,1,0,0,4,0,0,1,0,0,0,0,0,0,0,0,0,0,0,0,0,0,1.0,2.0,1,6,6,1,1,"{6008, 6002, 6006}",3,0,0,1347.0,6,-0.40263641810781214,-0.054599999999999996,-0.009120278748197708,0,0,GT,4,1,1,0,4,0,6,5.890784982935154,0.027303754266211604,0.10921501706484642,52,24,284,258.9078498293515,113,0.2676056338028169,0.43644872132876356,0.16666666666666666,0.5,0.16666666666666666,0.16666666666666666,0.3333333333333333,0.0,0.16666666666666666,,0.0,0.0,0.0,0.0,0.8,0.0,0.16666666666666666,0.16975666280417148,224.5,Pope Coswi,BC,,Right,2B,1.1756863214959612
2327,10,S10,NWU,NWU,1,0,0,1,1,0,1,1,0,1,1,1,0,0,0,2,1,0,0,0,1,0,0,0,1.0,1.0,2,8,7,5,6,"{10008, 10002, 10005, 10015}",4,1,1,2068.0,8,0.6702944579579189,-0.1169,0.09587866212300666,0,0,NWU,5,2,5,1,1,0,8,6.970666666666666,0.029333333333333333,0.029333333333333333,175,50,732,678.304,366,0.3073770491803279,0.5395810727933198,0.2857142857142857,1.0,0.375,0.7142857142857143,1.0892857142857144,0.4285714285714286,0.2,,0.125,0.125,0.125,0.5,0.25,2.0,0.375,0.717291507268554,258.5,Pope Coswi,BC,EG-S,Left,2B,154.9348903131938
2328,6,S6,GEO,GEO,0,0,0,0,0,0,1,0,0,2,1,0,0,0,0,1,0,0,0,0,0,0,0,0,0.0,3.0,0,4,4,0,0,"{6002, 6005, 6007}",3,0,0,1399.0,4,-1.2536630036630036,-0.2944,-0.10460405832457802,0,0,GEO,4,0,0,0,1,0,4,3.9726962457337884,0.027303754266211604,0.027303754266211604,52,24,284,258.9078498293515,113,0.2676056338028169,0.43644872132876356,0.0,0.0,0.0,0.0,0.0,0.0,0.0,,0.0,0.0,0.0,0.25,0.25,1.0,0.0,0.0,349.75,Wazz Up,BN,,Right,RF,-100.0
2329,6,S6,GT,GT,1,0,0,0,2,0,0,1,0,0,0,1,0,0,0,1,0,0,0,0,0,1,0,0,0.0,0.0,1,5,3,4,5,"{6008, 6002, 6006}",3,1,2,1043.0,4,2.1638763197586726,0.5198,0.24234043452802018,0,1,GT,4,1,4,2,0,0,5,3.0,0.027303754266211604,0.0,52,24,284,258.9078498293515,113,0.2676056338028169,0.43644872132876356,0.3333333333333333,,0.6,1.3333333333333333,1.9333333333333331,1.0,0.0,,0.2,0.2,0.4,1.0,0.0,inf,0.6,1.3333333333333333,260.75,Tencer Sporkelson,TT,,Left,3B,429.7065143150244
2332,6,S6,OSU,OSU,0,0,0,2,2,0,0,2,0,1,0,1,0,0,0,1,0,0,0,0,0,0,0,0,2.0,4.0,2,8,6,2,4,"{6001, 6004, 6006, 6007}",4,1,1,1988.0,8,1.2595669036845507,-0.1473,0.16748117445189975,0,0,OSU,4,2,2,2,0,0,8,6.0,0.027303754266211604,0.0,52,24,284,258.9078498293515,113,0.2676056338028169,0.43644872132876356,0.3333333333333333,0.5,0.5,0.3333333333333333,0.8333333333333333,0.0,0.5,,0.0,0.25,0.25,0.5,0.0,inf,0.5,0.3333333333333333,248.5,Perry Platypus,1B,,Left,SS,163.21610226296661
2333,6,S6,NEB,NEB,0,0,1,0,0,0,0,0,0,0,0,2,0,0,0,2,0,0,0,0,0,0,0,0,0.0,0.0,1,3,3,2,2,"{6001, 6005}",2,0,0,1027.0,3,-0.6233031674208145,0.11090000000000003,-0.046758635210789684,0,0,NEB,3,1,2,0,0,0,3,3.0,0.027303754266211604,0.0,52,24,284,258.9078498293515,113,0.2676056338028169,0.43644872132876356,0.3333333333333333,,0.3333333333333333,0.6666666666666666,1.0,0.3333333333333333,0.3333333333333333,,0.0,0.0,0.0,1.0,0.0,inf,0.3333333333333333,0.6666666666666666,342.3333333333333,Juran Riley,XB,,Right,LF,177.30939750838934
2334,6,S6,GEO,GEO,0,1,0,1,1,0,1,1,0,0,0,0,0,0,0,0,0,0,1,1,0,0,0,0,0.0,0.0,2,5,4,4,6,"{6002, 6005, 6007}",3,2,0,1532.0,7,1.3606427818756588,0.20380000000000004,0.17239820176057996,0,0,GEO,4,2,4,1,1,0,5,3.9726962457337884,0.027303754266211604,0.027303754266211604,52,24,284,258.9078498293515,113,0.2676056338028169,0.43644872132876356,0.5,,0.6,1.0,1.6,0.5,0.6666666666666666,0.5,0.0,0.2,0.2,0.0,1.0,0.0,0.6,1.006872852233677,218.85714285714286,Buck Maverick,XB,,Left,3B,354.9072389028405
2335,6,S6,OSU,OSU,0,0,0,0,0,0,1,1,0,1,2,0,0,0,0,2,0,0,0,0,0,0,0,0,0.0,2.0,0,5,5,0,0,"{6006, 6007}",2,0,0,1763.0,5,-2.424358974358974,-0.1707,-0.2164830948837445,0,0,OSU,4,0,0,0,1,0,5,4.972696245733788,0.027303754266211604,0.027303754266211604,52,24,284,258.9078498293515,113,0.2676056338028169,0.43644872132876356,0.0,0.0,0.0,0.0,0.0,0.0,0.0,,0.0,0.2,0.0,0.5,0.25,2.0,0.0,0.0,352.6,MELTZ Slander,BC,POS,Right,SS,-100.0
2337,6,S6,NEB,NEB,0,0,0,0,0,0,2,1,0,0,2,1,0,0,0,3,0,0,0,0,0,0,0,0,0.0,1.0,0,6,6,0,0,"{6008, 6001, 6005}",3,0,0,1716.0,6,-1.1588142316990018,-0.5130999999999999,-0.08473806010731667,0,0,NEB,4,0,0,0,2,0,6,5.945392491467577,0.027303754266211604,0.05460750853242321,52,24,284,258.9078498293515,113,0.2676056338028169,0.43644872132876356,0.0,0.0,0.0,0.0,0.0,0.0,0.0,,0.0,0.16666666666666666,0.0,0.6,0.4,1.4999999999999998,0.0,0.0,286.0,Corn Barn,MH,,Right,2B,-100.0
2337,11,S11,ZOO,ZOO,3,0,0,0,2,0,1,2,0,1,2,2,0,0,0,4,1,0,1,0,2,1,0,0,1.0,4.0,3,13,11,12,15,"{11008, 11015, 11016, 11002, 11004}",5,5,4,2929.0,14,0.7307634768200114,0.14010000000000003,0.12169371329157457,1,0,ZOO,6,3,12,2,1,0,13,10.95497382198953,0.04502617801047121,0.04502617801047121,225,77,912,828.8764397905759,460,0.33114035087719296,0.5549681205997647,0.2727272727272727,0.25,0.38461538461538464,1.0909090909090908,1.4755244755244754,0.8181818181818181,0.0,1.0,0.23076923076923078,0.15384615384615385,0.15384615384615385,0.6666666666666666,0.16666666666666666,4.0,0.38461538461538464,1.095392850315427,209.21428571428572,Evil Corn Barn,MH,,Left,2B,213.52817059327666
2337,12,S12,FUR,FUR,1,0,0,1,2,0,2,2,0,0,2,2,0,0,0,4,1,0,0,0,1,0,0,0,0.0,2.0,2,12,10,5,7,"{12001, 12005, 12007, 12014, 12017}",5,2,2,2647.0,12,0.7052193574338341,0.12509999999999996,0.11476559190728275,0,0,FUR,6,2,5,2,2,0,12,9.86892177589852,0.06553911205073996,0.13107822410147993,236,72,932,850.169133192389,464,0.33047210300429186,0.5457737547559247,0.2,0.0,0.3333333333333333,0.5,0.8333333333333333,0.3,0.14285714285714285,,0.08333333333333333,0.16666666666666666,0.16666666666666666,0.6666666666666666,0.3333333333333333,2.0,0.3333333333333333,0.5066409597257926,220.58333333333334,Evil Corn Barn,MH,TT-H,Left,LF,93.69565120412781
2338,6,S6,NEB,NEB,0,0,0,0,0,0,0,0,0,0,0,1,0,0,0,1,0,0,0,0,0,0,0,0,0.0,0.0,0,1,1,0,0,{6001},1,0,0,484.0,1,0.02149631190727086,-0.030699999999999998,0.0073401917011576695,0,0,NEB,1,0,0,0,0,0,1,1.0,0.027303754266211604,0.0,52,24,284,258.9078498293515,113,0.2676056338028169,0.43644872132876356,0.0,,0.0,0.0,0.0,0.0,0.0,,0.0,0.0,0.0,1.0,0.0,inf,0.0,0.0,484.0,Jack Micro,BN,,Right,SS,-100.0
2340,6,S6,GEO,GEO,1,0,0,1,1,0,0,1,0,1,1,0,0,0,0,1,0,0,1,0,0,0,1,0,1.0,3.0,2,6,5,5,7,"{6002, 6005, 6007}",3,1,3,1504.0,7,0.9668199380528149,0.18019999999999997,0.13301591737829557,0,0,GEO,4,2,5,1,0,0,6,5.0,0.027303754266211604,0.0,52,24,284,258.9078498293515,113,0.2676056338028169,0.43644872132876356,0.4,0.3333333333333333,0.5,1.0,1.5,0.6,0.3333333333333333,1.0,0.16666666666666666,0.16666666666666666,0.16666666666666666,0.5,0.0,inf,0.5,1.0,214.85714285714286,Guthlac son of Romund,WC,,Left,C,315.964096262584
2341,6,S6,GEO,GEO,0,0,2,0,0,0,0,3,0,0,0,0,0,0,0,0,0,0,0,0,0,0,0,0,0.0,1.0,2,5,5,4,4,"{6004, 6007}",2,1,1,979.0,5,1.4922846693998992,0.20820000000000005,0.17518126949214285,0,0,GEO,4,2,4,0,0,0,5,5.0,0.027303754266211604,0.0,52,24,284,258.9078498293515,113,0.2676056338028169,0.43644872132876356,0.4,0.0,0.4,0.8,1.2000000000000002,0.4,1.0,,0.0,0.6,0.0,,,,0.4,0.8,195.8,Noah Clemens,XB,,Right,C,232.77127701006722
2342,6,S6,OSU,OSU,0,0,1,0,1,0,2,0,0,1,1,0,0,0,0,1,0,0,0,0,0,0,0,0,0.0,1.0,1,6,5,2,3,"{6001, 6006, 6007}",3,1,0,1344.0,6,0.025087000026565054,-0.1132,0.033652063065240004,0,0,OSU,4,1,2,1,2,0,6,4.945392491467577,0.027303754266211604,0.05460750853242321,52,24,284,258.9078498293515,113,0.2676056338028169,0.43644872132876356,0.2,0.0,0.3333333333333333,0.4,0.7333333333333334,0.2,0.2,,0.0,0.0,0.16666666666666666,0.25,0.5,0.5,0.3333333333333333,0.4044168391994479,224.0,Egor Kucherov,BC,,Left,SS,117.2221948998442
2343,6,S6,NEB,NEB,0,0,0,0,1,0,1,0,0,0,0,1,0,0,0,1,0,0,0,0,0,0,0,0,0.0,0.0,0,3,2,0,1,"{6003, 6005}",2,0,0,809.0,3,-0.33619599578503684,0.00839999999999999,-0.01804791804721193,0,0,NEB,3,0,0,1,1,0,3,1.9726962457337884,0.027303754266211604,0.027303754266211604,52,24,284,258.9078498293515,113,0.2676056338028169,0.43644872132876356,0.0,,0.3333333333333333,0.0,0.3333333333333333,0.0,0.0,,0.0,0.0,0.3333333333333333,0.5,0.5,1.0,0.3333333333333333,0.0,269.6666666666667,Fredrick Pabst,EN,,Left,SS,24.56140350877194
2344,6,S6,NEB,NEB,0,0,2,1,0,0,0,0,0,1,1,0,0,0,0,1,0,0,0,0,0,0,0,0,1.0,2.0,3,5,5,5,5,"{6008, 6003}",2,2,1,827.0,5,2.5397435897435896,0.06840000000000002,0.27992716152651187,0,0,NEB,4,3,5,0,0,0,5,5.0,0.027303754266211604,0.0,52,24,284,258.9078498293515,113,0.2676056338028169,0.43644872132876356,0.6,0.5,0.6,1.0,1.6,0.4,0.6,,0.0,0.0,0.0,0.5,0.0,inf,0.6,1.0,165.4,Cybeast Falzar,1B,,Right,SS,353.3325173152156
2346,6,S6,GT,GT,0,0,0,0,0,0,1,2,0,0,0,0,0,0,0,0,0,0,0,0,0,0,0,0,0.0,0.0,0,3,3,0,0,"{6002, 6006}",2,0,0,706.0,3,-0.5807692307692307,-0.0743,-0.04250524154563132,0,0,GT,3,0,0,0,1,0,3,2.9726962457337884,0.027303754266211604,0.027303754266211604,52,24,284,258.9078498293515,113,0.2676056338028169,0.43644872132876356,0.0,,0.0,0.0,0.0,0.0,0.0,,0.0,0.6666666666666666,0.0,0.0,1.0,0.0,0.0,0.0,235.33333333333334,Pancake Blankenship,EN,,Left,CF,-100.0
2347,6,S6,GEO,GEO,0,0,0,0,0,0,2,1,0,0,0,1,0,0,0,1,0,0,0,0,0,0,0,0,0.0,1.0,0,4,4,0,0,"{6002, 6005, 6007}",3,0,0,1297.0,4,0.05475732969689462,-0.13269999999999998,0.026237975011411795,0,0,GEO,4,0,0,0,2,0,4,3.945392491467577,0.027303754266211604,0.05460750853242321,52,24,284,258.9078498293515,113,0.2676056338028169,0.43644872132876356,0.0,0.0,0.0,0.0,0.0,0.0,0.0,,0.0,0.25,0.0,0.3333333333333333,0.6666666666666666,0.5,0.0,0.0,324.25,Waffles O'Laughlin,BC,,Left,2B,-100.0
2348,6,S6,NEB,NEB,0,0,0,0,1,0,0,1,0,1,0,0,0,0,0,0,0,0,0,0,0,0,0,0,0.0,0.0,0,3,2,0,1,"{6001, 6005}",2,0,0,785.0,3,-0.003161222339304437,-0.09129999999999999,0.015255559297361308,0,0,NEB,3,0,0,1,0,0,3,2.0,0.027303754266211604,0.0,52,24,284,258.9078498293515,113,0.2676056338028169,0.43644872132876356,0.0,,0.3333333333333333,0.0,0.3333333333333333,0.0,0.0,,0.0,0.3333333333333333,0.3333333333333333,0.0,0.0,,0.3333333333333333,0.0,261.6666666666667,Alton Beasley,WC,,Right,3B,24.56140350877194
2349,6,S6,OSU,OSU,1,0,0,0,0,0,0,0,0,0,0,1,0,0,0,1,0,0,0,0,0,0,1,0,1.0,1.0,1,2,2,4,4,{6006},1,1,3,467.0,2,1.1346153846153846,0.2676,0.12384265948239961,0,0,OSU,3,1,4,0,0,0,2,2.0,0.027303754266211604,0.0,52,24,284,258.9078498293515,113,0.2676056338028169,0.43644872132876356,0.5,1.0,0.5,2.0,2.5,1.5,0.0,,0.5,0.0,0.0,1.0,0.0,inf,0.5,2.0,233.5,Terry Gaskins,XB,,Left,C,545.0860872620101
2350,6,S6,GT,GT,0,0,0,0,0,0,0,1,0,1,0,2,0,0,0,2,0,0,0,0,0,0,0,0,0.0,0.0,0,4,4,0,0,"{6002, 6006}",2,0,0,1534.0,4,-0.07012644889357203,-0.1276,0.013749597152365131,0,0,GT,3,0,0,0,0,0,4,4.0,0.027303754266211604,0.0,52,24,284,258.9078498293515,113,0.2676056338028169,0.43644872132876356,0.0,,0.0,0.0,0.0,0.0,0.0,,0.0,0.25,0.0,0.6666666666666666,0.0,inf,0.0,0.0,383.5,Bad Mulligan,1B,,Left,C,-100.0
2351,6,S6,GEO,GEO,0,0,0,0,0,0,0,3,0,0,0,1,0,0,0,1,0,0,0,0,0,0,0,0,0.0,1.0,0,4,4,0,0,"{6002, 6005, 6007}",3,0,0,1491.0,4,-1.4822344322344323,-0.23750000000000002,-0.12746120118172088,0,0,GEO,4,0,0,0,0,0,4,4.0,0.027303754266211604,0.0,52,24,284,258.9078498293515,113,0.2676056338028169,0.43644872132876356,0.0,0.0,0.0,0.0,0.0,0.0,0.0,,0.0,0.75,0.0,1.0,0.0,inf,0.0,0.0,372.75,Owen Doar,WC,,Right,2B,-100.0
2352,6,S6,NEB,NEB,0,0,0,0,2,0,0,1,0,1,0,0,0,0,0,0,0,0,0,0,0,0,0,0,0.0,0.0,0,4,2,0,2,"{6001, 6005}",2,1,0,1020.0,4,0.10814479638009047,-0.05169999999999999,0.031576721679731384,0,0,NEB,3,0,0,2,0,0,4,2.0,0.027303754266211604,0.0,52,24,284,258.9078498293515,113,0.2676056338028169,0.43644872132876356,0.0,,0.5,0.0,0.5,0.0,0.0,,0.0,0.25,0.5,0.0,0.0,,0.5,0.0,255.0,Warren Peace,XB,,Right,2B,86.84210526315792
2353,6,S6,GT,GT,2,0,0,1,0,0,0,2,0,0,1,1,0,0,0,2,0,0,0,0,1,1,0,0,0.0,2.0,3,7,7,9,9,"{6008, 6002, 6003}",3,2,3,1539.0,7,0.08001132630463781,-0.1707,0.04433505620347791,0,0,GT,4,3,9,0,0,0,7,7.0,0.027303754266211604,0.0,52,24,284,258.9078498293515,113,0.2676056338028169,0.43644872132876356,0.42857142857142855,0.0,0.42857142857142855,1.2857142857142858,1.7142857142857144,0.8571428571428572,0.3333333333333333,,0.2857142857142857,0.2857142857142857,0.0,1.0,0.0,inf,0.42857142857142855,1.2857142857142858,219.85714285714286,Theo Rodder,BC,,Right,1B,354.7357929391118
2354,6,S6,GEO,GEO,0,0,0,0,0,0,6,1,0,0,0,0,0,0,0,0,0,0,0,0,0,0,0,0,0.0,0.0,0,7,7,0,0,"{6002, 6004, 6005, 6007}",4,0,0,1647.0,7,-0.6814386660881422,-0.17859999999999998,-0.03180994303580013,0,0,GEO,4,0,0,0,4,0,7,6.890784982935154,0.027303754266211604,0.10921501706484642,52,24,284,258.9078498293515,113,0.2676056338028169,0.43644872132876356,0.0,,0.0,0.0,0.0,0.0,0.0,,0.0,0.14285714285714285,0.0,0.0,1.0,0.0,0.0,0.0,235.28571428571428,Roidy Magoo,BC,,Right,RF,-100.0
2355,6,S6,NEB,NEB,0,1,1,0,0,0,0,0,0,1,1,1,0,0,0,2,0,0,0,0,0,0,0,0,1.0,1.0,2,5,5,5,5,"{6008, 6003}",2,1,2,1325.0,5,1.3196894563937271,0.08270000000000002,0.15792174819152566,0,0,NEB,4,2,5,0,0,0,5,5.0,0.027303754266211604,0.0,52,24,284,258.9078498293515,113,0.2676056338028169,0.43644872132876356,0.4,1.0,0.4,1.0,1.4,0.6,0.4,,0.0,0.0,0.0,0.6666666666666666,0.0,inf,0.4,1.0,265.0,Bosephis Alexander,WC,,Right,3B,278.59567520995245
2356,6,S6,OSU,OSU,0,0,0,0,0,0,1,1,0,0,0,0,0,0,0,0,0,0,0,0,0,0,0,0,0.0,0.0,0,2,2,0,0,{6001},1,0,0,503.0,2,-0.4461538461538461,-0.0625,-0.034234263594523445,0,0,OSU,1,0,0,0,1,0,2,1.9726962457337884,0.027303754266211604,0.027303754266211604,52,24,284,258.9078498293515,113,0.2676056338028169,0.43644872132876356,0.0,,0.0,0.0,0.0,0.0,0.0,,0.0,0.5,0.0,0.0,1.0,0.0,0.0,0.0,251.5,Tristan Philip-guide,WC,,Left,1B,-100.0
2357,6,S6,GEO,GEO,0,0,0,0,1,0,4,1,0,0,0,0,0,1,0,0,0,0,0,0,0,0,0,0,0.0,1.0,0,6,4,0,1,"{6004, 6005, 6007}",3,0,1,1354.0,6,-4.687222581340228,-0.7275,-0.43757889507143927,0,0,GEO,4,0,0,1,2,0,6,4.945392491467577,0.027303754266211604,0.05460750853242321,52,24,284,258.9078498293515,113,0.2676056338028169,0.43644872132876356,0.0,0.0,0.16666666666666666,0.0,0.16666666666666666,0.0,0.0,,0.0,0.16666666666666666,0.16666666666666666,0.0,1.0,0.0,0.16666666666666666,0.0,225.66666666666666,Hugh Jass,WC,,Right,CF,-37.71929824561403
2358,6,S6,GT,GT,0,0,0,0,0,0,0,1,0,0,0,0,0,0,0,0,0,0,0,0,0,0,0,0,0.0,0.0,0,1,1,0,0,{6003},1,0,0,332.0,1,-0.31153846153846154,-0.011899999999999999,-0.025963285643415566,0,0,GT,2,0,0,0,0,0,1,1.0,0.027303754266211604,0.0,52,24,284,258.9078498293515,113,0.2676056338028169,0.43644872132876356,0.0,,0.0,0.0,0.0,0.0,,,0.0,1.0,0.0,,,,0.0,0.0,332.0,Harvey Strays,BN,,Right,C,-100.0
2359,6,S6,GEO,GEO,1,0,0,0,1,0,0,1,0,0,0,1,0,0,0,1,0,0,0,0,0,0,1,0,1.0,1.0,1,4,3,4,5,"{6002, 6004, 6007}",3,1,3,862.0,4,1.4238273142382731,0.1366,0.16314497346554965,0,0,GEO,4,1,4,1,0,0,4,3.0,0.027303754266211604,0.0,52,24,284,258.9078498293515,113,0.2676056338028169,0.43644872132876356,0.3333333333333333,1.0,0.5,1.3333333333333333,1.8333333333333333,1.0,0.0,,0.25,0.25,0.25,1.0,0.0,inf,0.5,1.3333333333333333,215.5,Tremendous Masters,BP,,Right,1B,392.3380932623927
2360,6,S6,NEB,NEB,0,0,0,0,0,0,0,1,1,1,1,0,0,0,0,1,0,0,0,0,0,0,0,0,0.0,0.0,0,3,3,0,0,"{6008, 6001, 6005}",3,0,0,738.0,2,-0.24773445732349836,-0.1144,-0.009201764201058085,0,0,NEB,4,0,0,0,0,0,3,3.0,0.027303754266211604,0.0,52,24,284,258.9078498293515,113,0.2676056338028169,0.43644872132876356,0.0,,0.0,0.0,0.0,0.0,0.0,,0.0,0.3333333333333333,0.0,0.5,0.0,inf,0.0,0.0,369.0,Don Foster,BP,,Left,C,-100.0
2361,6,S6,OSU,OSU,0,0,0,0,0,0,0,1,1,0,0,0,0,0,0,0,0,0,0,0,0,0,0,0,0.0,0.0,0,1,1,0,0,{6006},1,0,0,0,0,0.02149631190727086,-0.030299999999999997,0.0073401917011576695,0,0,OSU,3,0,0,0,0,0,1,1.0,0.027303754266211604,0.0,52,24,284,258.9078498293515,113,0.2676056338028169,0.43644872132876356,0.0,,0.0,0.0,0.0,0.0,,,0.0,1.0,0.0,,,,0.0,0.0,,Rebecca Weems,BP,,Right,3B,-100.0
2363,6,S6,GEO,GEO,0,0,0,0,1,1,1,3,0,0,1,0,0,0,0,1,0,0,0,0,0,0,0,0,0.0,1.0,0,6,5,0,0,"{6002, 6005, 6007}",3,1,0,1692.0,5,0.30378069419165327,-0.1623,0.06152143248174883,0,0,GEO,4,0,0,1,1,0,6,4.972696245733788,0.027303754266211604,0.027303754266211604,52,24,284,258.9078498293515,113,0.2676056338028169,0.43644872132876356,0.0,0.0,0.16666666666666666,0.0,0.16666666666666666,0.0,0.0,,0.0,0.5,0.16666666666666666,0.5,0.5,1.0,0.16666666666666666,0.0,338.4,Kilometers Man,XB,,Right,SS,-37.71929824561403
2364,6,S6,NEB,NEB,0,0,1,1,1,0,1,1,0,0,0,0,0,0,0,0,0,0,0,0,0,0,0,0,1.0,2.0,2,5,4,3,4,"{6008, 6003}",2,0,1,715.0,5,0.9194570135746607,0.3373,0.11789850390961899,0,0,NEB,4,2,3,1,1,0,5,3.9726962457337884,0.027303754266211604,0.027303754266211604,52,24,284,258.9078498293515,113,0.2676056338028169,0.43644872132876356,0.5,0.5,0.6,0.75,1.35,0.25,0.6666666666666666,,0.0,0.2,0.2,0.0,1.0,0.0,0.6,0.7551546391752577,143.0,Speven McDinkims,BC,,Right,3B,297.2330607560778
2365,6,S6,OSU,OSU,0,0,0,1,0,0,1,0,0,0,0,0,0,0,0,0,0,0,0,0,0,0,0,0,0.0,0.0,1,2,2,1,1,{6004},1,0,0,301.0,2,-0.22134304052112266,0.021799999999999996,-0.0117531830312511,0,0,OSU,2,1,1,0,1,0,2,1.9726962457337884,0.027303754266211604,0.027303754266211604,52,24,284,258.9078498293515,113,0.2676056338028169,0.43644872132876356,0.5,,0.5,0.5,1.0,0.0,0.5,,0.0,0.0,0.0,0.0,1.0,0.0,0.5,0.5069204152249135,150.5,Memento Mori,BC,,Right,C,202.9887200777459
2366,6,S6,OSU,OSU,0,1,0,0,0,0,1,1,0,1,1,0,0,0,0,1,0,0,0,0,0,0,0,0,1.0,2.0,1,5,5,3,3,"{6004, 6007}",2,0,1,1203.0,5,1.0121802988845696,0.174,0.1271708324406099,0,0,OSU,4,1,3,0,1,0,5,4.972696245733788,0.027303754266211604,0.027303754266211604,52,24,284,258.9078498293515,113,0.2676056338028169,0.43644872132876356,0.2,0.5,0.2,0.6,0.8,0.39999999999999997,0.25,,0.0,0.2,0.0,0.3333333333333333,0.3333333333333333,1.0,0.2,0.6032944406314346,240.6,Briek Vermeesch,XB,,Right,CF,112.96486550162253
2367,6,S6,GT,GT,0,0,0,0,1,0,1,4,0,0,0,0,0,0,0,0,0,0,0,0,0,0,0,0,0.0,1.0,0,6,5,0,1,"{6008, 6003, 6006}",3,0,0,1563.0,6,-0.9328815020595842,-0.19879999999999998,-0.062144787143374916,0,0,GT,4,0,0,1,1,0,6,4.972696245733788,0.027303754266211604,0.027303754266211604,52,24,284,258.9078498293515,113,0.2676056338028169,0.43644872132876356,0.0,0.0,0.16666666666666666,0.0,0.16666666666666666,0.0,0.0,,0.0,0.6666666666666666,0.16666666666666666,0.0,1.0,0.0,0.16666666666666666,0.0,260.5,Dick Sledge,TT,,Right,1B,-37.71929824561403
2368,6,S6,GEO,GEO,0,1,0,0,2,0,0,0,0,0,0,1,0,0,0,1,0,0,0,0,0,0,0,0,1.0,1.0,1,4,2,3,5,"{6004, 6007}",2,2,1,775.0,4,4.679896574014221,0.21999999999999997,0.4887518994431444,0,0,GEO,4,1,3,2,0,0,4,2.0,0.027303754266211604,0.0,52,24,284,258.9078498293515,113,0.2676056338028169,0.43644872132876356,0.5,1.0,0.75,1.5,2.25,1.0,0.5,,0.0,0.0,0.5,1.0,0.0,inf,0.75,1.5,193.75,Theodore Charmsek,1B,,Right,3B,523.946144393876
2369,6,S6,NEB,NEB,0,0,0,0,0,0,0,0,0,1,0,1,0,0,0,1,0,0,0,0,0,0,0,0,0.0,0.0,0,2,2,0,0,"{6001, 6005}",2,0,0,898.0,2,-0.2900421496311907,-0.0722,-0.018623093942257897,0,0,NEB,3,0,0,0,0,0,2,2.0,0.027303754266211604,0.0,52,24,284,258.9078498293515,113,0.2676056338028169,0.43644872132876356,0.0,,0.0,0.0,0.0,0.0,0.0,,0.0,0.0,0.0,0.5,0.0,inf,0.0,0.0,449.0,Guillermo  Rodríguez,BP,,Right,2B,-100.0
2370,6,S6,GEO,GEO,0,0,1,0,0,0,1,1,0,0,0,0,0,0,0,0,0,0,0,0,0,0,0,0,1.0,1.0,1,3,3,2,2,"{6002, 6005}",2,0,1,539.0,3,0.5538461538461539,0.07359999999999998,0.07095629691590716,0,0,GEO,3,1,2,0,1,0,3,2.9726962457337884,0.027303754266211604,0.027303754266211604,52,24,284,258.9078498293515,113,0.2676056338028169,0.43644872132876356,0.3333333333333333,1.0,0.3333333333333333,0.6666666666666666,1.0,0.3333333333333333,0.5,,0.0,0.3333333333333333,0.0,0.0,1.0,0.0,0.3333333333333333,0.6727898966704937,179.66666666666666,Ronald (Ron) Redmers,BC,,Left,SS,178.7123641582136
2371,6,S6,GT,GT,1,0,0,0,0,0,0,1,0,1,0,0,0,0,0,0,0,0,0,0,1,0,0,0,0.0,0.0,1,3,3,4,4,"{6003, 6006}",2,1,1,694.0,3,1.0835664335664337,0.132,0.12392832488793512,0,0,GT,3,1,4,0,0,0,3,3.0,0.027303754266211604,0.0,52,24,284,258.9078498293515,113,0.2676056338028169,0.43644872132876356,0.3333333333333333,,0.3333333333333333,1.3333333333333333,1.6666666666666665,1.0,0.0,,0.3333333333333333,0.3333333333333333,0.0,0.0,0.0,,0.3333333333333333,1.3333333333333333,231.33333333333334,Frederick Thunderpants,BP,,Right,SS,330.0573915080068
2373,6,S6,GT,GT,0,0,0,0,0,0,0,0,0,1,0,0,0,0,0,0,0,0,0,0,0,0,0,0,0.0,0.0,0,1,1,0,0,{6002},1,0,0,385.0,1,-0.31153846153846154,-0.039,-0.025963285643415566,0,0,GT,1,0,0,0,0,0,1,1.0,0.027303754266211604,0.0,52,24,284,258.9078498293515,113,0.2676056338028169,0.43644872132876356,0.0,,0.0,0.0,0.0,0.0,0.0,,0.0,0.0,0.0,0.0,0.0,,0.0,0.0,385.0,Mike Griffey,EN,,Right,SS,-100.0
2374,6,S6,OSU,OSU,0,0,0,0,0,0,0,1,0,0,2,0,0,0,0,2,0,0,0,0,0,0,0,0,0.0,0.0,0,3,3,0,0,"{6001, 6006}",2,0,0,1024.0,3,-0.09162276080084289,-0.0847,0.006409405451207462,0,0,OSU,3,0,0,0,0,0,3,3.0,0.027303754266211604,0.0,52,24,284,258.9078498293515,113,0.2676056338028169,0.43644872132876356,0.0,,0.0,0.0,0.0,0.0,0.0,,0.0,0.3333333333333333,0.0,1.0,0.0,inf,0.0,0.0,341.3333333333333,Lionel Houser,XB,,Right,RF,-100.0
2375,6,S6,NEB,NEB,0,0,0,1,0,0,0,0,0,1,0,1,0,0,0,1,0,0,0,0,0,0,0,0,1.0,1.0,1,3,3,1,1,"{6001, 6005}",2,0,1,895.0,3,2.5429926238145413,0.08030000000000001,0.26987094391274596,0,0,NEB,3,1,1,0,0,0,3,3.0,0.027303754266211604,0.0,52,24,284,258.9078498293515,113,0.2676056338028169,0.43644872132876356,0.3333333333333333,1.0,0.3333333333333333,0.3333333333333333,0.6666666666666666,0.0,0.3333333333333333,,0.0,0.0,0.0,0.5,0.0,inf,0.3333333333333333,0.3333333333333333,298.3333333333333,Richard Thumpus,BP,,Right,3B,100.93540050858066
2376,6,S6,GEO,GEO,0,0,0,0,0,0,2,0,0,0,1,2,0,0,0,3,1,0,0,0,0,0,0,0,0.0,1.0,0,5,5,0,0,"{6004, 6007}",2,0,0,1733.0,5,-0.814401123990165,-0.2989,-0.055487309846863585,0,0,GEO,4,0,0,0,1,0,5,4.972696245733788,0.027303754266211604,0.027303754266211604,52,24,284,258.9078498293515,113,0.2676056338028169,0.43644872132876356,0.0,0.0,0.0,0.0,0.0,0.0,0.0,,0.0,0.0,0.0,0.6,0.4,1.4999999999999998,0.0,0.0,346.6,Nate Park,BC,,Right,2B,-100.0
2378,6,S6,OSU,OSU,0,0,0,0,0,0,2,1,1,0,0,1,0,0,0,1,0,0,0,0,0,0,0,0,0.0,1.0,0,4,4,0,0,"{6001, 6006, 6007}",3,0,0,895.0,3,-0.5807692307692307,-0.1527,-0.03731468103520074,0,0,OSU,4,0,0,0,2,0,4,3.945392491467577,0.027303754266211604,0.05460750853242321,52,24,284,258.9078498293515,113,0.2676056338028169,0.43644872132876356,0.0,0.0,0.0,0.0,0.0,0.0,0.0,,0.0,0.25,0.0,0.3333333333333333,0.6666666666666666,0.5,0.0,0.0,298.3333333333333,Stan Francisco,BC,,Left,3B,-100.0
2379,6,S6,GT,GT,1,0,0,4,0,0,1,0,0,1,0,0,0,0,0,0,0,0,0,1,1,0,0,0,0.0,0.0,5,7,7,8,8,"{6008, 6002, 6003, 6006}",4,2,1,1260.0,8,1.4165220355792476,0.18999999999999997,0.18317668764136946,1,0,GT,4,5,8,0,1,0,7,6.972696245733788,0.027303754266211604,0.027303754266211604,52,24,284,258.9078498293515,113,0.2676056338028169,0.43644872132876356,0.7142857142857143,,0.7142857142857143,1.1428571428571428,1.8571428571428572,0.4285714285714285,0.6666666666666666,0.0,0.14285714285714285,0.0,0.0,0.0,0.5,0.0,0.7142857142857143,1.1473323543808125,157.5,Anthony Billanti,1B,EG-S,Right,LF,429.7963666068736
2380,6,S6,GEO,GEO,0,0,0,0,2,0,0,0,0,0,1,0,0,0,0,1,0,0,0,1,0,0,0,0,0.0,0.0,0,3,1,0,2,"{6004, 6007}",2,1,0,1038.0,4,-0.26945701357466073,-0.01469999999999999,-0.0061834593157437286,0,0,GEO,4,0,0,1,0,0,3,2.0,0.027303754266211604,0.0,52,24,284,258.9078498293515,113,0.2676056338028169,0.43644872132876356,0.0,,0.6666666666666666,0.0,0.6666666666666666,0.0,0.0,0.0,0.0,0.0,0.6666666666666666,1.0,0.0,inf,0.3333333333333333,0.0,259.5,Robben Banks,WC,,Right,2B,24.56140350877194
2381,6,S6,GT,GT,0,1,0,1,0,0,0,0,0,1,0,1,0,0,0,1,0,0,0,0,0,0,0,0,0.0,0.0,2,4,4,4,4,"{6008, 6003}",2,1,0,939.0,4,-0.4708113804004215,0.008999999999999994,-0.026318895998319807,0,0,GT,4,2,4,0,0,0,4,4.0,0.027303754266211604,0.0,52,24,284,258.9078498293515,113,0.2676056338028169,0.43644872132876356,0.5,,0.5,1.0,1.5,0.5,0.5,,0.0,0.0,0.0,0.5,0.0,inf,0.5,1.0,234.75,Lou Bronco,EN,,Right,2B,315.964096262584
2383,6,S6,OSU,OSU,0,0,1,0,0,0,0,2,0,0,0,1,0,0,0,1,0,0,0,0,0,0,0,0,0.0,0.0,1,4,4,2,2,"{6004, 6006}",2,0,0,1132.0,4,0.3067966280295049,-0.034899999999999994,0.051441904844672835,0,0,OSU,3,1,2,0,0,0,4,4.0,0.027303754266211604,0.0,52,24,284,258.9078498293515,113,0.2676056338028169,0.43644872132876356,0.25,,0.25,0.5,0.75,0.25,0.5,,0.0,0.5,0.0,1.0,0.0,inf,0.25,0.5,283.0,Boots Malarkey,BP,,Left,1B,107.982048131292
2384,6,S6,GT,GT,0,0,0,0,0,0,0,3,0,0,1,0,0,0,0,1,0,0,0,0,0,0,0,0,0.0,0.0,0,4,4,0,0,"{6008, 6003}",2,0,0,1329.0,4,-0.4031612223393044,-0.1291,-0.019553880192208106,0,0,GT,4,0,0,0,0,0,4,4.0,0.027303754266211604,0.0,52,24,284,258.9078498293515,113,0.2676056338028169,0.43644872132876356,0.0,,0.0,0.0,0.0,0.0,0.0,,0.0,0.75,0.0,1.0,0.0,inf,0.0,0.0,332.25,Kyl Saltzer,WC,,Right,3B,-100.0
2385,6,S6,GEO,GEO,0,0,2,0,0,0,0,0,0,0,1,1,0,0,0,2,0,0,0,0,0,0,0,0,0.0,0.0,2,4,4,4,4,"{6004, 6007}",2,1,0,939.0,4,0.2482362386471976,0.06659999999999999,0.04558586590644209,0,0,GEO,4,2,5,0,0,0,4,4.0,0.027303754266211604,0.0,52,24,284,258.9078498293515,113,0.2676056338028169,0.43644872132876356,0.5,,0.5,1.0,1.5,0.5,0.5,,0.0,0.0,0.0,1.0,0.0,inf,0.5,1.25,234.75,Randy Scrub,XB,,Right,CF,373.24459401244053
2386,6,S6,NEB,NEB,0,0,1,0,1,0,0,0,0,1,2,0,0,0,0,2,0,0,0,0,0,0,0,0,0.0,0.0,1,5,4,2,3,"{6008, 6003}",2,1,1,1360.0,5,0.600508637212908,0.3755,0.08600366627344373,0,0,NEB,4,1,2,1,0,0,5,4.0,0.027303754266211604,0.0,52,24,284,258.9078498293515,113,0.2676056338028169,0.43644872132876356,0.25,,0.4,0.5,0.9,0.25,0.25,,0.0,0.0,0.2,0.6666666666666666,0.0,inf,0.4,0.5,272.0,Adam  Page,WC,,Right,2B,164.0346797102394
2388,6,S6,OSU,OSU,0,0,0,0,0,0,0,1,0,1,0,0,0,0,0,0,0,0,0,0,0,0,0,0,0.0,1.0,0,2,2,0,0,{6004},1,0,0,729.0,2,-0.5358543417366948,-0.047,-0.0432043131528083,0,0,OSU,2,0,0,0,0,0,2,2.0,0.027303754266211604,0.0,52,24,284,258.9078498293515,113,0.2676056338028169,0.43644872132876356,0.0,0.0,0.0,0.0,0.0,0.0,0.0,,0.0,0.5,0.0,0.0,0.0,,0.0,0.0,364.5,Michael Pizza,SF,,Right,3B,-100.0
2389,6,S6,GT,GT,0,0,0,0,1,0,0,0,0,0,3,1,0,0,0,4,1,0,0,0,0,0,0,0,0.0,0.0,0,5,4,0,1,"{6008, 6003, 6006}",3,0,0,1881.0,5,-0.5585879873551105,-0.2385,-0.02990599618335813,0,0,GT,4,0,0,1,0,0,5,4.0,0.027303754266211604,0.0,52,24,284,258.9078498293515,113,0.2676056338028169,0.43644872132876356,0.0,,0.2,0.0,0.2,0.0,0.0,,0.0,0.0,0.2,1.0,0.0,inf,0.2,0.0,376.2,Gerald McCoy,BP,,Left,C,-25.263157894736832
2391,6,S6,NEB,NEB,0,0,0,2,0,0,0,2,0,0,0,0,0,0,0,0,0,0,0,0,0,0,0,0,0.0,0.0,2,4,4,2,2,"{6008, 6003}",2,1,0,804.0,4,-0.5120701216591628,-0.0133,-0.03044477012419393,0,0,NEB,4,2,2,0,0,0,4,4.0,0.027303754266211604,0.0,52,24,284,258.9078498293515,113,0.2676056338028169,0.43644872132876356,0.5,,0.5,0.5,1.0,0.0,1.0,,0.0,0.5,0.0,,,,0.5,0.5,201.0,Chromosomatic Turbine,1B,,Right,LF,201.403100762871
2392,6,S6,OSU,OSU,0,0,0,0,1,0,0,1,0,0,0,0,0,0,0,0,0,0,0,0,0,0,0,0,0.0,1.0,0,2,1,0,1,{6004},1,0,0,491.0,2,-0.27046972635207933,-0.0086,-0.016665851614346756,0,0,OSU,2,0,0,1,0,0,2,1.0,0.027303754266211604,0.0,52,24,284,258.9078498293515,113,0.2676056338028169,0.43644872132876356,0.0,0.0,0.5,0.0,0.5,0.0,,,0.0,0.5,0.5,,,,0.5,0.0,245.5,Grice Maxim,BP,,Right,1B,86.84210526315792
2393,6,S6,NEB,NEB,0,0,0,0,0,0,0,3,0,0,0,2,0,0,0,2,0,0,0,0,0,0,0,0,0.0,1.0,0,5,5,0,0,"{6008, 6003, 6005}",3,0,0,1784.0,5,-1.2461538461538462,-0.3003,-0.09866258206323168,0,0,NEB,4,0,0,0,0,0,5,5.0,0.027303754266211604,0.0,52,24,284,258.9078498293515,113,0.2676056338028169,0.43644872132876356,0.0,0.0,0.0,0.0,0.0,0.0,0.0,,0.0,0.6,0.0,1.0,0.0,inf,0.0,0.0,356.8,tanguy chan,XB,,Left,CF,-100.0
2394,6,S6,OSU,OSU,0,0,0,1,0,0,1,1,0,2,0,0,0,0,0,0,0,0,1,0,0,0,0,0,0.0,2.0,1,5,5,1,2,"{6004, 6007}",2,1,0,1696.0,6,-0.2256410256410256,-0.21339999999999998,0.008579260498480944,0,0,OSU,4,1,1,0,1,0,5,4.972696245733788,0.027303754266211604,0.027303754266211604,52,24,284,258.9078498293515,113,0.2676056338028169,0.43644872132876356,0.2,0.0,0.2,0.2,0.4,0.0,0.25,1.0,0.0,0.2,0.0,0.0,0.3333333333333333,0.0,0.2,0.20109814687714483,282.6666666666667,Betardo Carrero,SF,,Right,LF,20.812849904049614
2396,6,S6,NEB,NEB,0,0,0,0,0,0,0,0,0,0,1,1,0,0,0,2,1,0,0,0,0,0,0,0,0.0,0.0,0,2,2,0,0,"{6001, 6003}",2,0,0,777.0,2,-0.37850368809272916,-0.1392,-0.027469247788411748,0,0,NEB,2,0,0,0,0,0,2,2.0,0.027303754266211604,0.0,52,24,284,258.9078498293515,113,0.2676056338028169,0.43644872132876356,0.0,,0.0,0.0,0.0,0.0,0.0,,0.0,0.0,0.0,1.0,0.0,inf,0.0,0.0,388.5,Ayrton Bullseye,MH,,Right,CF,-100.0
2452,6,S6,OSU,OSU,1,0,0,0,0,0,1,0,0,1,2,1,0,0,0,3,0,0,0,0,1,0,0,0,0.0,2.0,1,6,6,4,4,"{6001, 6006, 6007}",3,1,1,1713.0,6,0.1838351146570325,-0.3912,0.04952687452828677,0,0,OSU,4,1,4,0,1,0,6,5.972696245733788,0.027303754266211604,0.027303754266211604,52,24,284,258.9078498293515,113,0.2676056338028169,0.43644872132876356,0.16666666666666666,0.0,0.16666666666666666,0.6666666666666666,0.8333333333333333,0.5,0.0,,0.16666666666666666,0.0,0.0,0.6,0.2,2.9999999999999996,0.16666666666666666,0.6697142857142857,285.5,Large Attractive,BP,,Right,CF,115.72697229800161
2472,11,S11,ZOO,ZOO,0,0,1,0,1,0,3,1,0,3,0,0,0,0,0,0,0,0,1,0,0,0,0,0,1.0,3.0,1,9,8,2,4,"{11016, 11012, 11015}",3,2,1,2476.0,10,-2.0251679552025568,-0.10400000000000001,-0.16779010579913176,0,0,ZOO,6,1,2,1,3,0,9,7.864921465968586,0.04502617801047121,0.13507853403141362,225,77,912,828.8764397905759,460,0.33114035087719296,0.5549681205997647,0.125,0.3333333333333333,0.2222222222222222,0.25,0.4722222222222222,0.125,0.14285714285714285,1.0,0.0,0.1111111111111111,0.1111111111111111,0.0,0.5,0.0,0.22222222222222227,0.25429370256956463,247.6,Marcel Oakland,S,,Right,LF,12.929484911076905
2499,7,S7,LBS,LBS,0,0,0,0,0,0,2,2,0,0,0,2,0,0,0,2,1,0,0,0,0,0,0,0,0.0,1.0,0,6,6,0,0,"{7009, 7014, 7003, 7006}",4,0,0,1909.0,6,-1.2989198553564223,-0.26250000000000007,-0.09919892003201689,0,0,LBS,5,0,0,0,2,0,6,5.889733840304182,0.055133079847908745,0.11026615969581749,117,45,517,467.92015209125475,241,0.31334622823984526,0.5150451394814038,0.0,0.0,0.0,0.0,0.0,0.0,0.0,,0.0,0.3333333333333333,0.0,0.5,0.5,1.0,0.0,0.0,318.1666666666667,Freddie Confinedman,XB,,Left,1B,-100.0
2500,7,S7,LBS,LBS,1,0,0,0,2,0,1,2,0,0,0,0,0,0,0,0,0,0,0,0,1,0,0,0,0.0,1.0,1,6,4,4,6,"{7009, 7014, 7003, 7006}",4,1,1,1236.0,6,0.6323198198198198,0.04920000000000002,0.09392504748560732,0,0,LBS,5,1,4,2,1,0,6,3.944866920152091,0.055133079847908745,0.055133079847908745,117,45,517,467.92015209125475,241,0.31334622823984526,0.5150451394814038,0.25,0.0,0.5,1.0,1.5,0.75,0.0,,0.16666666666666666,0.3333333333333333,0.3333333333333333,0.0,1.0,0.0,0.5000000000000001,1.0139759036144578,206.0,Reggie Kleggie,BC,,Left,LF,256.4391705441715
2501,7,S7,LBS,LBS,0,0,0,3,0,0,1,2,0,0,0,0,0,0,0,0,0,0,0,0,0,0,0,0,0.0,0.0,3,6,6,3,3,"{7009, 7014, 7003, 7006}",4,1,0,1174.0,6,-0.2924044113409784,0.0331,0.0014526243695274985,0,0,LBS,5,3,3,0,1,0,6,5.944866920152092,0.055133079847908745,0.055133079847908745,117,45,517,467.92015209125475,241,0.31334622823984526,0.5150451394814038,0.5,,0.5,0.5,1.0,0.0,0.75,,0.0,0.3333333333333333,0.0,0.0,1.0,0.0,0.5,0.5046370322993284,195.66666666666666,Hakuna Moncada,WC,,Right,C,157.54708667207046
2502,7,S7,LBS,LBS,0,0,0,1,1,0,1,1,0,0,1,1,0,0,0,2,0,0,0,1,0,0,0,0,0.0,0.0,1,6,5,1,2,"{7009, 7014, 7003, 7006}",4,1,0,2022.0,7,-0.6708644278606962,-0.0845,-0.0312778663651734,0,0,LBS,5,1,1,1,1,0,6,4.944866920152092,0.055133079847908745,0.055133079847908745,117,45,517,467.92015209125475,241,0.31334622823984526,0.5150451394814038,0.2,,0.3333333333333333,0.2,0.5333333333333333,0.0,0.25,0.0,0.0,0.16666666666666666,0.16666666666666666,0.6666666666666666,0.3333333333333333,2.0,0.3333333333333333,0.2022299115724721,288.85714285714283,Tony BigStickz,XB,,Right,RF,45.643103304535785
2503,3,S3,IND,IND,0,0,0,0,0,0,0,1,0,0,0,0,0,0,0,0,0,0,0,0,0,0,0,0,0.0,0.0,0,1,1,0,0,{3004},1,0,0,266.0,1,-0.5625,-0.0574,-0.048230707470232684,0,0,IND,1,0,0,0,0,0,1,1.0,0.03463203463203463,0.0,50,23,230,205.37229437229436,111,0.3173913043478261,0.5404818616808247,0.0,,0.0,0.0,0.0,0.0,,,0.0,1.0,0.0,,,,0.0,0.0,266.0,Lambo Rice,BN,,Right,DH,-100.0
2503,7,S7,LBS,LBS,0,0,0,0,1,0,0,1,0,1,1,1,0,0,0,2,0,0,0,0,0,0,0,0,0.0,0.0,0,5,4,0,1,"{7014, 7010, 7003, 7006}",4,0,0,1701.0,5,-0.5267190831556503,-0.1215,-0.027094353729210586,0,0,LBS,5,0,0,1,0,0,5,4.0,0.055133079847908745,0.0,117,45,517,467.92015209125475,241,0.31334622823984526,0.5150451394814038,0.0,,0.2,0.0,0.2,0.0,0.0,,0.0,0.2,0.2,0.6666666666666666,0.0,inf,0.2,0.0,340.2,Bobby Corwen,1B,,Left,RF,-36.172839506172835
2504,7,S7,LBS,LBS,1,0,0,0,1,0,0,2,1,1,1,0,0,0,0,1,0,0,0,0,0,1,0,0,0.0,0.0,1,6,5,4,5,"{7009, 7014, 7003, 7006}",4,1,2,1273.0,5,1.3468594527363187,0.11880000000000002,0.1653790107772572,0,0,LBS,5,1,4,1,0,0,6,5.0,0.055133079847908745,0.0,117,45,517,467.92015209125475,241,0.31334622823984526,0.5150451394814038,0.2,,0.3333333333333333,0.8,1.1333333333333333,0.6000000000000001,0.0,,0.16666666666666666,0.3333333333333333,0.16666666666666666,0.5,0.0,inf,0.3333333333333333,0.8,254.6,Peter Hoomanawanui,XB,,Right,2B,161.70479238860702
2507,7,S7,LBS,LBS,0,0,0,1,1,0,0,2,1,1,0,1,0,0,0,1,0,0,0,0,0,0,0,0,1.0,2.0,1,6,5,1,2,"{7009, 7010, 7003, 7014}",4,1,1,1402.0,5,0.5491737739872069,0.04659999999999996,0.08561044290234603,0,0,LBS,5,1,1,1,0,0,6,5.0,0.055133079847908745,0.0,117,45,517,467.92015209125475,241,0.31334622823984526,0.5150451394814038,0.2,0.5,0.3333333333333333,0.2,0.5333333333333333,0.0,0.3333333333333333,,0.0,0.3333333333333333,0.16666666666666666,0.5,0.0,inf,0.3333333333333333,0.2,280.4,Hank Braun,S,,Left,LF,45.21014871443572
2508,7,S7,LBS,LBS,0,0,0,0,1,0,1,1,0,1,3,1,0,0,0,4,0,0,0,0,0,0,0,0,0.0,1.0,0,8,7,0,1,"{7009, 7010, 7014, 7003, 7006}",5,1,0,2807.0,8,-1.133111589734724,-0.1493,-0.0723870716353053,0,0,LBS,5,0,0,1,1,0,8,6.944866920152092,0.055133079847908745,0.055133079847908745,117,45,517,467.92015209125475,241,0.31334622823984526,0.5150451394814038,0.0,0.0,0.125,0.0,0.125,0.0,0.0,,0.0,0.125,0.125,0.6666666666666666,0.16666666666666666,4.0,0.125,0.0,350.875,Fatts Richard,WC,,Right,2B,-60.10802469135803
2509,7,S7,MICH,MICH,0,0,0,0,0,0,0,1,0,0,0,0,0,0,0,0,0,0,0,0,0,0,0,0,0.0,0.0,0,1,1,0,0,{7002},1,0,0,241.0,1,-0.1711309523809524,-0.038900000000000004,-0.011997584320824352,0,0,MICH,1,0,0,0,0,0,1,1.0,0.055133079847908745,0.0,117,45,517,467.92015209125475,241,0.31334622823984526,0.5150451394814038,0.0,,0.0,0.0,0.0,0.0,,,0.0,1.0,0.0,,,,0.0,0.0,241.0,Chicano Bradley,P,TD-B,Right,P,-100.0
2510,7,S7,MICH,MICH,1,0,0,2,0,0,1,1,0,1,1,1,0,0,0,2,1,0,1,0,1,0,0,0,0.0,0.0,3,8,8,6,7,"{7012, 7002, 7004, 7013}",4,2,1,2090.0,9,0.5712860648494976,0.038700000000000005,0.10316820474038778,0,0,MICH,5,3,6,0,1,0,8,7.944866920152092,0.055133079847908745,0.055133079847908745,117,45,517,467.92015209125475,241,0.31334622823984526,0.5150451394814038,0.375,,0.375,0.75,1.125,0.375,0.3333333333333333,1.0,0.125,0.125,0.0,0.5,0.25,2.0,0.375,0.7552045944005743,232.22222222222223,George Pinetar,BC,,Right,2B,166.3047428022459
2511,7,S7,MICH,MICH,0,0,1,1,0,0,0,2,0,0,0,1,0,0,0,1,0,0,0,0,0,0,0,0,1.0,1.0,2,5,5,3,3,"{7012, 7002, 7004, 7013}",4,1,0,1201.0,5,1.7934305307439635,0.226,0.2049206076607508,0,0,MICH,5,2,3,0,0,0,5,5.0,0.055133079847908745,0.0,117,45,517,467.92015209125475,241,0.31334622823984526,0.5150451394814038,0.4,1.0,0.4,0.6,1.0,0.19999999999999996,0.6666666666666666,,0.0,0.4,0.0,1.0,0.0,inf,0.4,0.6,240.2,Ryan PINGU,BC,,Right,C,144.14896466182566
2512,7,S7,MICH,MICH,1,0,0,0,0,0,2,0,0,0,0,1,0,0,0,1,0,0,0,0,1,0,0,0,0.0,0.0,1,4,4,4,4,"{7012, 7004}",2,1,1,864.0,4,0.4778118336886995,0.03139999999999999,0.0682432270379535,0,0,MICH,4,1,4,0,2,0,4,3.8897338403041823,0.055133079847908745,0.11026615969581749,117,45,517,467.92015209125475,241,0.31334622823984526,0.5150451394814038,0.25,,0.25,1.0,1.25,0.75,0.0,,0.25,0.0,0.0,0.3333333333333333,0.6666666666666666,0.5,0.25,1.0283479960899315,216.0,Joe Castle,XB,,Right,CF,179.44567291319174
2513,7,S7,MICH,MICH,2,1,0,0,1,0,1,1,0,0,0,1,0,0,0,1,0,0,0,0,1,0,1,0,1.0,1.0,3,7,6,11,12,"{7002, 7012, 7013, 7007}",4,3,4,1046.0,7,0.3645833333333335,0.48109999999999997,0.07226690975422956,1,0,MICH,5,3,11,1,1,0,7,5.944866920152092,0.055133079847908745,0.055133079847908745,117,45,517,467.92015209125475,241,0.31334622823984526,0.5150451394814038,0.5,1.0,0.5714285714285714,1.8333333333333333,2.4047619047619047,1.3333333333333333,0.3333333333333333,,0.2857142857142857,0.14285714285714285,0.14285714285714285,0.5,0.5,1.0,0.5714285714285714,1.8503357850975375,149.42857142857142,Rick Role,XB,,Right,SS,441.62032896749173
2514,7,S7,MICH,MICH,1,0,0,0,0,0,1,2,0,1,1,0,0,0,0,1,1,0,0,0,0,1,0,0,0.0,2.0,1,6,6,4,4,"{7002, 7004, 7013, 7007}",4,1,2,1566.0,6,0.1830357142857144,-0.4438000000000001,0.0489966369321968,0,0,MICH,5,1,4,0,1,0,6,5.944866920152092,0.055133079847908745,0.055133079847908745,117,45,517,467.92015209125475,241,0.31334622823984526,0.5150451394814038,0.16666666666666666,0.0,0.16666666666666666,0.6666666666666666,0.8333333333333333,0.5,0.0,,0.16666666666666666,0.3333333333333333,0.0,0.3333333333333333,0.3333333333333333,1.0,0.16666666666666666,0.6728493763991046,261.0,Ty Spain,BC,,Right,3B,83.82821432819271
2516,7,S7,MICH,MICH,1,0,0,0,0,0,1,0,0,0,2,3,0,0,0,5,0,0,0,0,0,1,0,0,1.0,3.0,1,7,7,4,4,"{7002, 7004, 7013, 7007}",4,1,2,2374.0,7,-0.357009594882729,0.11940000000000003,0.00010761693262334275,0,0,MICH,5,1,4,0,1,0,7,6.944866920152092,0.055133079847908745,0.055133079847908745,117,45,517,467.92015209125475,241,0.31334622823984526,0.5150451394814038,0.14285714285714285,0.3333333333333333,0.14285714285714285,0.5714285714285714,0.7142857142857142,0.42857142857142855,0.0,,0.14285714285714285,0.0,0.0,0.8333333333333334,0.16666666666666666,5.000000000000001,0.14285714285714285,0.5759649603065973,339.14285714285717,Sam Hicks,BC,,Right,SS,57.418883623704374
2517,7,S7,MICH,MICH,0,1,0,1,1,0,0,2,0,1,0,2,0,0,0,2,1,0,0,0,0,0,0,0,0.0,2.0,2,8,7,4,5,"{7002, 7012, 7013, 7007}",4,1,1,2044.0,8,0.8679019237787895,-0.018500000000000044,0.12771427971604604,0,0,MICH,5,2,4,1,0,0,8,7.0,0.055133079847908745,0.0,117,45,517,467.92015209125475,241,0.31334622823984526,0.5150451394814038,0.2857142857142857,0.0,0.375,0.5714285714285714,0.9464285714285714,0.2857142857142857,0.4,,0.0,0.25,0.125,0.6666666666666666,0.0,inf,0.375,0.5714285714285714,255.5,Stumpy Malone,XB,,Left,C,130.6232056156129
2518,7,S7,MICH,MICH,0,1,0,2,1,0,1,1,0,1,0,1,0,0,0,1,0,0,0,0,0,0,0,0,0.0,0.0,3,8,7,5,6,"{7002, 7004, 7013, 7007}",4,1,0,1714.0,8,0.12297405347778514,-0.2842,0.05322149268594562,0,0,MICH,5,3,5,1,1,0,8,6.944866920152092,0.055133079847908745,0.055133079847908745,117,45,517,467.92015209125475,241,0.31334622823984526,0.5150451394814038,0.42857142857142855,,0.5,0.7142857142857143,1.2142857142857144,0.28571428571428575,0.5,,0.0,0.125,0.125,0.3333333333333333,0.3333333333333333,1.0,0.5,0.7199562003832466,214.25,Sammy Scully,S,,Left,2B,199.35296960899552
2519,7,S7,MICH,MICH,0,0,0,1,0,0,1,1,0,0,2,0,0,0,0,2,1,0,0,0,0,0,0,0,0.0,1.0,1,5,5,1,1,"{7002, 7013, 7007}",3,1,0,1322.0,5,-0.730588130774698,-0.26480000000000004,-0.04748125849111534,0,0,MICH,5,1,1,0,1,0,5,4.944866920152092,0.055133079847908745,0.055133079847908745,117,45,517,467.92015209125475,241,0.31334622823984526,0.5150451394814038,0.2,0.0,0.2,0.2,0.4,0.0,0.25,,0.0,0.2,0.0,0.6666666666666666,0.3333333333333333,2.0,0.2,0.2022299115724721,264.4,Joe Jam,BC,,Right,CF,3.091662975317666
2520,7,S7,USF,USF,0,0,1,0,1,0,0,2,0,0,4,0,0,0,0,4,0,0,0,0,0,0,0,0,0.0,2.0,1,8,7,2,3,"{7008, 7001, 7005, 7014}",4,0,1,2383.0,8,0.6592928216062547,-0.007799999999999984,0.10685336949879258,0,0,USF,5,1,2,1,0,0,8,7.0,0.055133079847908745,0.0,117,45,517,467.92015209125475,241,0.31334622823984526,0.5150451394814038,0.14285714285714285,0.0,0.25,0.2857142857142857,0.5357142857142857,0.14285714285714285,0.2,,0.0,0.25,0.125,1.0,0.0,inf,0.25,0.2857142857142857,297.875,Rollie Dingers,1B,,Right,SS,35.25759046212742
2521,7,S7,USF,USF,0,0,0,2,0,0,0,2,0,0,0,2,0,0,0,2,1,0,0,0,0,0,0,0,1.0,2.0,2,6,6,2,2,"{7008, 7005, 7014}",3,0,1,1720.0,6,-0.3852834044065386,-0.0765,-0.007835274937028507,0,0,USF,5,2,2,0,0,0,6,6.0,0.055133079847908745,0.0,117,45,517,467.92015209125475,241,0.31334622823984526,0.5150451394814038,0.3333333333333333,0.5,0.3333333333333333,0.3333333333333333,0.6666666666666666,0.0,0.5,,0.0,0.3333333333333333,0.0,1.0,0.0,inf,0.3333333333333333,0.3333333333333333,286.6666666666667,Ricky Tejada,1B,,Left,3B,71.09784730869598
2522,7,S7,USF,USF,1,0,0,0,1,0,1,2,0,0,0,2,0,0,0,2,0,0,0,0,1,0,0,0,0.0,1.0,1,7,6,4,5,"{7001, 7012, 7005, 7014}",4,1,1,1794.0,7,-0.7484452736318408,-0.127,-0.039035950942287845,0,0,USF,5,1,4,1,1,0,7,5.944866920152092,0.055133079847908745,0.055133079847908745,117,45,517,467.92015209125475,241,0.31334622823984526,0.5150451394814038,0.16666666666666666,0.0,0.2857142857142857,0.6666666666666666,0.9523809523809523,0.5,0.0,,0.14285714285714285,0.2857142857142857,0.14285714285714285,0.6666666666666666,0.3333333333333333,2.0,0.2857142857142857,0.6728493763991046,256.2857142857143,Jordan Alvarez,1B,,Right,2B,121.82057176499458
2524,7,S7,USF,USF,0,0,0,3,0,0,1,1,0,1,0,0,0,1,0,0,0,0,1,0,0,0,0,0,1.0,2.0,3,6,5,3,4,"{7008, 7001, 7012, 7005}",4,0,1,1291.0,7,-0.5018741956241954,0.15589999999999998,-0.014378843141523323,0,0,USF,4,3,3,0,1,0,6,5.944866920152092,0.055133079847908745,0.055133079847908745,117,45,517,467.92015209125475,241,0.31334622823984526,0.5150451394814038,0.6,0.5,0.5,0.6,1.1,0.0,0.6,1.0,0.0,0.16666666666666666,0.0,0.0,0.5,0.0,0.5,0.5046370322993284,184.42857142857142,WoodCutter Jones,BC,,Left,3B,157.54708667207046
2527,7,S7,USF,USF,0,1,0,0,1,0,3,0,0,1,1,0,0,0,0,1,0,0,0,0,0,0,0,0,0.0,2.0,1,7,6,3,4,"{7008, 7001, 7005, 7014}",4,1,0,1532.0,7,-1.4786910044372727,0.04860000000000004,-0.11206052402283105,0,0,USF,5,1,3,1,3,0,7,5.834600760456274,0.055133079847908745,0.16539923954372623,117,45,517,467.92015209125475,241,0.31334622823984526,0.5150451394814038,0.16666666666666666,0.0,0.2857142857142857,0.5,0.7857142857142857,0.33333333333333337,0.16666666666666666,,0.0,0.0,0.14285714285714285,0.2,0.6,0.33333333333333337,0.2857142857142857,0.5141739980449658,218.85714285714286,Chipper James,S,,Right,SS,91.0125189962784
2528,7,S7,USF,USF,0,1,1,0,0,0,1,0,0,1,1,1,0,0,0,2,0,0,0,0,0,0,0,0,1.0,3.0,2,6,6,5,5,"{7008, 7001, 7012, 7005}",4,2,1,1578.0,6,0.46801225532568813,0.036199999999999996,0.07749429103619414,0,0,USF,4,2,5,0,1,0,6,5.944866920152092,0.055133079847908745,0.055133079847908745,117,45,517,467.92015209125475,241,0.31334622823984526,0.5150451394814038,0.3333333333333333,0.3333333333333333,0.3333333333333333,0.8333333333333334,1.1666666666666667,0.5,0.3333333333333333,,0.0,0.0,0.0,0.5,0.25,2.0,0.3333333333333333,0.8410617204988806,263.0,Christina Olsen,XB,,Left,LF,169.6772432188829
2530,7,S7,USF,USF,0,0,0,0,1,0,1,3,1,0,1,0,0,0,0,1,0,0,0,0,0,0,0,0,0.0,1.0,0,6,5,0,1,"{7008, 7001, 7012}",3,0,0,1397.0,6,-0.9031405472636815,-0.0377,-0.05962098922274281,1,0,USF,4,0,0,1,1,0,6,4.944866920152092,0.055133079847908745,0.055133079847908745,117,45,517,467.92015209125475,241,0.31334622823984526,0.5150451394814038,0.0,0.0,0.16666666666666666,0.0,0.16666666666666666,0.0,0.0,,0.0,0.5,0.16666666666666666,0.5,0.5,1.0,0.16666666666666666,0.0,232.83333333333334,Iosef Mere,WC,,Left,1B,-46.81069958847737
2531,7,S7,USF,USF,1,0,0,0,0,0,2,4,0,0,0,1,0,0,0,1,0,0,0,0,1,0,0,0,0.0,2.0,1,8,8,4,4,"{7008, 7001, 7005, 7014}",4,1,1,2130.0,8,-0.15909292821606238,-0.0685,0.02501479451656088,0,0,USF,5,1,4,0,2,0,8,7.889733840304182,0.055133079847908745,0.11026615969581749,117,45,517,467.92015209125475,241,0.31334622823984526,0.5150451394814038,0.125,0.0,0.125,0.5,0.625,0.375,0.0,,0.125,0.5,0.0,0.3333333333333333,0.6666666666666666,0.5,0.125,0.5069879518072289,266.25,Billy Wurtz,BP,,Left,C,38.327609963443756
2532,7,S7,UVA,UVA,0,1,2,0,0,0,2,3,0,2,0,0,0,0,0,0,0,0,0,0,0,0,0,0,1.0,5.0,3,10,10,7,7,"{7009, 7011, 7015, 7001, 7004}",5,2,1,2121.0,10,0.3192693626462284,-0.1394,0.08308204543733172,0,0,UVA,5,3,7,0,2,0,10,9.889733840304183,0.055133079847908745,0.11026615969581749,117,45,517,467.92015209125475,241,0.31334622823984526,0.5150451394814038,0.3,0.2,0.3,0.7,1.0,0.39999999999999997,0.42857142857142855,,0.0,0.3,0.0,0.0,0.5,0.0,0.3,0.7078046905036524,212.1,Herb Bumbleflower,S,,Right,CF,133.16649942595754
2535,7,S7,UVA,UVA,0,0,0,0,3,0,1,1,0,1,1,1,0,0,0,2,1,0,0,0,0,0,0,0,0.0,2.0,0,8,5,0,3,"{7001, 7004, 7009, 7015}",4,1,0,2236.0,8,1.9249781497915825,-0.34199999999999997,0.23342190231732535,0,0,UVA,5,0,0,3,1,0,8,4.944866920152092,0.055133079847908745,0.055133079847908745,117,45,517,467.92015209125475,241,0.31334622823984526,0.5150451394814038,0.0,0.0,0.375,0.0,0.375,0.0,0.0,,0.0,0.125,0.375,0.5,0.25,2.0,0.375,0.0,279.5,Jake Kim,S,,Right,CF,19.67592592592593
2536,7,S7,UVA,UVA,0,0,1,0,0,0,1,2,0,1,0,0,0,0,0,0,0,0,0,0,0,0,0,0,0.0,2.0,1,5,5,2,2,"{7001, 7004, 7009}",3,0,0,1058.0,5,1.543154761904762,-0.06550000000000006,0.17989303077683064,0,0,UVA,3,1,2,0,1,0,5,4.944866920152092,0.055133079847908745,0.055133079847908745,117,45,517,467.92015209125475,241,0.31334622823984526,0.5150451394814038,0.2,0.0,0.2,0.4,0.6000000000000001,0.2,0.3333333333333333,,0.0,0.4,0.0,0.0,0.5,0.0,0.2,0.4044598231449442,211.6,Bim Bam,XB,,Right,C,42.356165456808185
2537,7,S7,UVA,UVA,0,0,0,1,0,0,3,3,0,1,1,1,0,0,0,2,0,0,0,0,0,0,0,0,1.0,4.0,1,10,10,1,1,"{7009, 7011, 7015, 7001, 7004}",5,0,0,2819.0,10,-5.249733475479744,-0.48939999999999995,-0.47381823837526554,0,0,UVA,5,1,1,0,3,0,10,9.834600760456274,0.055133079847908745,0.16539923954372623,117,45,517,467.92015209125475,241,0.31334622823984526,0.5150451394814038,0.1,0.25,0.1,0.1,0.2,0.0,0.14285714285714285,,0.0,0.3,0.0,0.3333333333333333,0.5,0.6666666666666666,0.1,0.10168180939493524,281.9,Brayden Ennis,BP,,Right,RF,-48.344109497073106
2539,7,S7,UVA,UVA,0,1,1,2,1,0,3,3,0,1,0,0,0,0,0,0,0,0,0,0,0,0,0,0,1.0,7.0,4,12,11,7,8,"{7009, 7011, 7015, 7001, 7004}",5,1,2,2510.0,12,0.7242404051172713,0.05450000000000001,0.13381017151897776,0,0,UVA,5,4,7,1,3,0,12,10.834600760456274,0.055133079847908745,0.16539923954372623,117,45,517,467.92015209125475,241,0.31334622823984526,0.5150451394814038,0.36363636363636365,0.14285714285714285,0.4166666666666667,0.6363636363636364,1.053030303030303,0.2727272727272727,0.5,,0.0,0.25,0.08333333333333333,0.0,0.75,0.0,0.4166666666666667,0.6460782593437445,209.16666666666666,Bill Stokes,BC,,Right,2B,158.41434537527053
2541,7,S7,UVA,UVA,0,0,0,1,0,0,1,0,0,0,0,1,0,0,0,1,0,0,0,0,0,0,0,0,1.0,2.0,1,3,3,1,1,"{7001, 7004}",2,1,0,787.0,3,2.681547619047619,0.053500000000000006,0.28350129465657453,0,0,UVA,2,1,1,0,1,0,3,2.944866920152091,0.055133079847908745,0.055133079847908745,117,45,517,467.92015209125475,241,0.31334622823984526,0.5150451394814038,0.3333333333333333,0.5,0.3333333333333333,0.3333333333333333,0.6666666666666666,0.0,0.3333333333333333,,0.0,0.0,0.0,0.5,0.5,1.0,0.3333333333333333,0.3395739186571982,262.3333333333333,Nima Meile,1B,,Right,C,72.30950524806583
2542,7,S7,UVA,UVA,0,0,3,1,0,0,1,0,0,0,2,3,0,0,0,5,3,0,1,0,0,0,0,0,1.0,3.0,4,10,10,7,8,"{7009, 7011, 7015, 7001, 7004}",5,0,3,2710.0,11,-1.5468239161336175,0.27099999999999996,-0.09841177152338192,0,1,UVA,5,4,7,0,1,0,10,9.94486692015209,0.055133079847908745,0.055133079847908745,117,45,517,467.92015209125475,241,0.31334622823984526,0.5150451394814038,0.4,0.3333333333333333,0.4,0.7,1.1,0.29999999999999993,0.4,1.0,0.0,0.0,0.0,0.8333333333333334,0.16666666666666666,5.000000000000001,0.4,0.7038807111450965,246.36363636363637,Ovaltine Jenkins,XB,,Left,RF,164.3182087109382
2543,7,S7,UVA,UVA,0,0,1,3,1,0,0,2,0,3,0,1,0,0,0,1,0,0,0,0,0,0,0,0,1.0,4.0,4,11,10,5,6,"{7009, 7011, 7015, 7001, 7004}",5,3,0,2684.0,11,-1.1361544113409785,-0.016000000000000014,-0.057344821044118074,0,0,UVA,5,4,5,1,0,0,11,10.0,0.055133079847908745,0.0,117,45,517,467.92015209125475,241,0.31334622823984526,0.5150451394814038,0.4,0.25,0.45454545454545453,0.5,0.9545454545454546,0.09999999999999998,0.5,,0.0,0.18181818181818182,0.09090909090909091,0.25,0.0,inf,0.45454545454545453,0.5,244.0,Numbers Spector,1B,,Right,3B,142.14059812353784
2544,10,S10,NWU,NWU,1,0,0,0,0,0,0,2,0,0,1,1,0,0,0,2,0,0,0,0,1,0,0,0,0.0,0.0,1,5,5,4,4,"{10005, 10015}",2,1,1,1474.0,5,0.5046525652475922,-0.06020000000000002,0.06849601672926844,0,0,NWU,5,1,4,0,0,0,5,5.0,0.029333333333333333,0.0,175,50,732,678.304,366,0.3073770491803279,0.5395810727933198,0.2,,0.2,0.8,1.0,0.6000000000000001,0.0,,0.2,0.4,0.0,1.0,0.0,inf,0.2,0.8,294.8,Mark Schihne,HK,EG-H,Right,P,113.3298360655738
2545,7,S7,RU,RU,0,0,0,1,0,0,1,1,0,1,1,2,0,0,0,3,0,0,0,0,0,0,0,0,0.0,0.0,1,7,7,1,1,"{7010, 7003, 7013, 7007}",4,0,0,2278.0,7,-0.7907290286021629,-0.6346,-0.04326432643932006,0,0,RU,5,1,1,0,1,0,7,6.944866920152092,0.055133079847908745,0.055133079847908745,117,45,517,467.92015209125475,241,0.31334622823984526,0.5150451394814038,0.14285714285714285,,0.14285714285714285,0.14285714285714285,0.2857142857142857,0.0,0.16666666666666666,,0.0,0.14285714285714285,0.0,0.6,0.2,2.9999999999999996,0.14285714285714285,0.14399124007664932,325.42857142857144,Leashy Hittem,SF,,Right,RF,-26.452157400952213
2546,7,S7,RU,RU,0,0,1,1,0,0,1,1,0,0,1,1,0,0,0,2,0,0,0,0,0,0,0,0,1.0,4.0,2,6,6,3,3,"{7013, 7003, 7005, 7007}",4,1,1,1474.0,6,0.9470904406538735,0.06400000000000002,0.12540210956901268,0,0,RU,5,2,3,0,1,0,6,5.944866920152092,0.055133079847908745,0.055133079847908745,117,45,517,467.92015209125475,241,0.31334622823984526,0.5150451394814038,0.3333333333333333,0.25,0.3333333333333333,0.5,0.8333333333333333,0.16666666666666669,0.4,,0.0,0.16666666666666666,0.0,0.6666666666666666,0.3333333333333333,2.0,0.3333333333333333,0.5046370322993284,245.66666666666666,Jimmy Kalkowski,WC,,Left,RF,104.35778626054785
2547,7,S7,RU,RU,0,1,0,0,1,0,2,0,0,1,0,2,0,0,0,2,0,0,0,0,0,0,0,0,0.0,2.0,1,7,6,3,4,"{7013, 7003, 7005, 7007}",4,0,0,1956.0,7,-0.7593905472636815,0.1338,-0.04013047830547192,0,1,RU,5,1,3,1,2,0,7,5.889733840304182,0.055133079847908745,0.11026615969581749,117,45,517,467.92015209125475,241,0.31334622823984526,0.5150451394814038,0.16666666666666666,0.0,0.2857142857142857,0.5,0.7857142857142857,0.33333333333333337,0.16666666666666666,,0.0,0.0,0.14285714285714285,0.4,0.4,1.0,0.2857142857142857,0.5093608779857973,279.42857142857144,Cameron gall,S,,Right,2B,90.07801448585538
2548,7,S7,RU,RU,0,0,1,2,1,0,1,0,0,0,0,0,0,0,0,0,0,0,0,0,0,0,0,0,1.0,2.0,3,5,4,4,5,"{7003, 7005, 7007}",3,1,1,566.0,5,1.126962676962677,0.14379999999999998,0.13827382228262217,0,0,RU,3,3,4,1,1,0,5,3.944866920152091,0.055133079847908745,0.055133079847908745,117,45,517,467.92015209125475,241,0.31334622823984526,0.5150451394814038,0.75,0.5,0.8,1.0,1.8,0.25,0.75,,0.0,0.0,0.2,0.0,1.0,0.0,0.8000000000000002,1.0139759036144578,113.2,Chad McRad,BN,,Right,2B,352.17991128491224
2549,7,S7,UCLA,UCLA,1,0,0,0,1,0,0,1,1,1,0,0,0,0,0,0,0,0,0,0,1,0,0,0,0.0,1.0,1,4,3,4,5,"{7008, 7006}",2,1,1,491.0,4,0.5788690476190476,0.19450000000000003,0.07834894843098832,1,0,UCLA,3,1,4,1,0,0,4,3.0,0.055133079847908745,0.0,117,45,517,467.92015209125475,241,0.31334622823984526,0.5150451394814038,0.3333333333333333,0.0,0.5,1.3333333333333333,1.8333333333333333,1.0,0.0,,0.25,0.25,0.25,0.0,0.0,,0.5,1.3333333333333333,122.75,TheDude,S,,Left,LF,318.4448871771708
2550,7,S7,RU,RU,0,0,0,0,0,0,0,2,0,1,0,2,0,0,0,2,1,0,0,0,0,0,0,0,0.0,1.0,0,5,5,0,0,"{7003, 7013, 7007}",3,0,0,1806.0,5,-1.1412357853589197,-0.27049999999999996,-0.0885460239495375,0,0,RU,5,0,0,0,0,0,5,5.0,0.055133079847908745,0.0,117,45,517,467.92015209125475,241,0.31334622823984526,0.5150451394814038,0.0,0.0,0.0,0.0,0.0,0.0,0.0,,0.0,0.4,0.0,0.6666666666666666,0.0,inf,0.0,0.0,361.2,Juice McRoids,XB,,Left,CF,-100.0
2551,7,S7,RU,RU,0,1,1,0,1,0,1,1,0,0,0,0,0,0,0,0,0,0,0,0,0,0,0,0,0.0,1.0,2,5,4,5,6,"{7013, 7005, 7007}",3,1,1,706.0,5,1.1759916633050964,0.013000000000000012,0.1431767209168641,0,0,RU,5,2,5,1,1,0,5,3.944866920152091,0.055133079847908745,0.055133079847908745,117,45,517,467.92015209125475,241,0.31334622823984526,0.5150451394814038,0.5,0.0,0.6,1.25,1.85,0.75,0.6666666666666666,,0.0,0.2,0.2,0.0,1.0,0.0,0.6000000000000001,1.2674698795180723,141.2,Zippee Sluggoroni,BP,,Right,1B,337.57056811848594
2552,7,S7,RU,RU,0,0,0,2,0,0,1,0,0,1,0,2,0,0,0,2,0,0,0,0,0,0,0,0,1.0,3.0,2,6,6,2,2,"{7013, 7003, 7005, 7007}",4,0,1,1648.0,6,-0.05362545381202097,0.0039000000000000146,0.02533052012242324,0,0,RU,5,2,2,0,1,0,6,5.944866920152092,0.055133079847908745,0.055133079847908745,117,45,517,467.92015209125475,241,0.31334622823984526,0.5150451394814038,0.3333333333333333,0.3333333333333333,0.3333333333333333,0.3333333333333333,0.6666666666666666,0.0,0.3333333333333333,,0.0,0.0,0.0,0.5,0.25,2.0,0.3333333333333333,0.3364246881995523,274.6666666666667,Helen Hywater,SF,,Right,3B,71.6980577813803
2553,7,S7,RU,RU,0,0,0,0,0,0,2,0,0,1,0,1,0,0,0,1,0,0,0,0,0,0,0,0,0.0,2.0,0,4,4,0,0,"{7010, 7003, 7005}",3,0,0,1249.0,4,-1.0466595593461265,-0.28469999999999995,-0.08420391226552909,0,0,RU,4,0,0,0,2,0,4,3.8897338403041823,0.055133079847908745,0.11026615969581749,117,45,517,467.92015209125475,241,0.31334622823984526,0.5150451394814038,0.0,0.0,0.0,0.0,0.0,0.0,0.0,,0.0,0.0,0.0,0.25,0.5,0.5,0.0,0.0,312.25,High-Socks McSorely,WC,,Left,RF,-100.0
2554,7,S7,RU,RU,0,0,0,0,0,0,1,1,0,0,2,1,0,0,0,3,0,0,0,0,0,0,0,0,0.0,0.0,0,5,5,0,0,"{7013, 7010, 7003, 7005}",4,0,0,1772.0,5,-0.7894282208647879,-0.1232,-0.05336526750012434,0,0,RU,5,0,0,0,1,0,5,4.944866920152092,0.055133079847908745,0.055133079847908745,117,45,517,467.92015209125475,241,0.31334622823984526,0.5150451394814038,0.0,,0.0,0.0,0.0,0.0,0.0,,0.0,0.2,0.0,0.75,0.25,3.0,0.0,0.0,354.4,Molded Cheese,BC,,Right,C,-100.0
2556,7,S7,UCLA,UCLA,0,0,0,0,0,0,1,2,1,0,1,0,0,0,0,1,1,0,0,0,0,0,0,0,0.0,0.0,0,4,4,0,0,"{7008, 7002, 7011}",3,0,0,799.0,4,-1.1456334399431414,-0.1633,-0.09410130032523056,1,0,UCLA,4,0,0,0,1,0,4,3.944866920152091,0.055133079847908745,0.055133079847908745,117,45,517,467.92015209125475,241,0.31334622823984526,0.5150451394814038,0.0,,0.0,0.0,0.0,0.0,0.0,,0.0,0.5,0.0,0.5,0.5,1.0,0.0,0.0,199.75,Joseph Phillips,XB,,Right,3B,-100.0
2558,7,S7,UCLA,UCLA,1,0,0,0,1,0,0,0,0,0,0,3,0,0,0,3,1,0,0,0,1,0,0,0,0.0,2.0,1,5,4,4,5,"{7008, 7002, 7011}",3,1,1,1367.0,5,0.23676225532568818,-0.14460000000000003,0.04925378011892327,0,0,UCLA,4,1,4,1,0,0,5,4.0,0.055133079847908745,0.0,117,45,517,467.92015209125475,241,0.31334622823984526,0.5150451394814038,0.25,0.0,0.4,1.0,1.4,0.75,0.0,,0.2,0.0,0.2,1.0,0.0,inf,0.4,1.0,273.4,Grover Grimes,MH,,Right,RF,221.81206044460652
2559,7,S7,UCLA,UCLA,0,1,0,1,0,0,0,4,0,1,0,1,0,0,0,1,0,0,0,1,0,0,0,0,0.0,1.0,2,8,8,4,4,"{7002, 7011, 7006, 7015}",4,0,0,2608.0,9,-0.9552238805970148,-0.00789999999999998,-0.049482789804263475,0,0,UCLA,5,2,4,0,0,0,8,8.0,0.055133079847908745,0.0,117,45,517,467.92015209125475,241,0.31334622823984526,0.5150451394814038,0.25,0.0,0.25,0.5,0.75,0.25,0.5,0.0,0.0,0.5,0.0,0.5,0.0,inf,0.25,0.5,289.77777777777777,Xavier Gordon,XB,,Right,2B,76.86282034576004
2561,7,S7,UCLA,UCLA,0,0,0,0,3,0,1,3,0,1,1,0,0,0,0,1,0,0,0,0,0,0,0,0,0.0,1.0,0,9,6,0,3,"{7008, 7002, 7006, 7015}",4,0,0,2320.0,9,-0.7082540963137977,-0.1506,-0.024785811375941783,0,0,UCLA,5,0,0,3,1,0,9,5.944866920152092,0.055133079847908745,0.055133079847908745,117,45,517,467.92015209125475,241,0.31334622823984526,0.5150451394814038,0.0,0.0,0.3333333333333333,0.0,0.3333333333333333,0.0,0.0,,0.0,0.3333333333333333,0.3333333333333333,0.3333333333333333,0.3333333333333333,1.0,0.3333333333333333,0.0,257.77777777777777,Rod deBod,XB,,Left,CF,6.378600823045266
2563,7,S7,UCLA,UCLA,0,0,2,1,0,0,0,2,0,1,0,1,0,0,0,1,0,0,0,0,0,0,0,0,0.0,1.0,3,7,7,5,5,"{7008, 7002, 7015}",3,0,1,1610.0,7,0.5126872875007205,-0.08099999999999999,0.08707730517096827,0,0,UCLA,5,3,5,0,0,0,7,7.0,0.055133079847908745,0.0,117,45,517,467.92015209125475,241,0.31334622823984526,0.5150451394814038,0.42857142857142855,0.0,0.42857142857142855,0.7142857142857143,1.1428571428571428,0.28571428571428575,0.6,,0.0,0.2857142857142857,0.0,0.5,0.0,inf,0.42857142857142855,0.7142857142857143,230.0,Howie DeWitt,XB,,Right,RF,175.45658638459548
2564,7,S7,UCLA,UCLA,0,0,1,0,1,0,1,0,0,0,1,1,0,0,0,2,0,0,0,0,0,0,0,0,0.0,0.0,1,5,4,2,3,"{7008, 7002, 7006}",3,0,1,1253.0,5,0.3908852215755203,0.2522,0.06466607674390648,0,0,UCLA,3,1,2,1,1,0,5,3.944866920152091,0.055133079847908745,0.055133079847908745,117,45,517,467.92015209125475,241,0.31334622823984526,0.5150451394814038,0.25,,0.4,0.5,0.9,0.25,0.25,,0.0,0.0,0.2,0.6666666666666666,0.3333333333333333,2.0,0.4000000000000001,0.5069879518072289,250.6,Liam Pennies,BP,,Left,SS,126.08995564245613
2565,7,S7,UCLA,UCLA,0,0,0,2,0,0,0,0,0,0,2,0,0,0,0,2,0,0,0,0,0,0,0,0,0.0,1.0,2,4,4,2,2,"{7002, 7011, 7006}",3,0,0,947.0,4,-0.26770203038859747,-0.1504,-0.0063081593697761895,0,0,UCLA,4,2,2,0,0,0,4,4.0,0.055133079847908745,0.0,117,45,517,467.92015209125475,241,0.31334622823984526,0.5150451394814038,0.5,0.0,0.5,0.5,1.0,0.0,0.5,,0.0,0.0,0.0,1.0,0.0,inf,0.5,0.5,236.75,Troy Pistachio,BC,,Right,3B,156.646770963044
2566,7,S7,UCLA,UCLA,0,0,0,0,1,0,1,1,1,0,0,2,0,0,0,2,0,0,0,0,0,0,0,0,0.0,1.0,0,5,4,0,1,"{7008, 7002, 7006}",3,1,0,1253.0,5,-0.642945624195624,-0.1791,-0.03871700783320796,1,0,UCLA,3,0,0,1,1,0,5,3.944866920152091,0.055133079847908745,0.055133079847908745,117,45,517,467.92015209125475,241,0.31334622823984526,0.5150451394814038,0.0,0.0,0.2,0.0,0.2,0.0,0.0,,0.0,0.2,0.2,0.6666666666666666,0.3333333333333333,2.0,0.20000000000000004,0.0,250.6,Potato Jones,WC,,Right,SS,-36.17283950617283
2567,7,S7,UCLA,UCLA,0,0,0,1,1,0,1,1,0,0,0,0,0,0,0,0,0,0,0,0,0,0,0,0,0.0,0.0,1,4,3,1,2,"{7002, 7011, 7006}",3,0,0,814.0,4,0.23829513148543024,-0.015600000000000008,0.04429155681762657,0,0,UCLA,4,1,1,1,1,0,4,2.944866920152091,0.055133079847908745,0.055133079847908745,117,45,517,467.92015209125475,241,0.31334622823984526,0.5150451394814038,0.3333333333333333,,0.5,0.3333333333333333,0.8333333333333333,0.0,0.5,,0.0,0.25,0.25,0.0,1.0,0.0,0.5,0.3395739186571982,203.5,Cardiac Kemba,TT,,Right,3B,125.49880565958844
2568,7,S7,USF,USF,0,1,0,1,1,0,2,2,0,0,1,0,0,1,0,1,0,0,2,0,0,0,0,0,1.0,2.0,2,8,6,4,7,"{7008, 7012, 7014, 7001, 7005}",5,3,2,1994.0,10,2.178353046543345,0.304,0.2689904138270434,0,0,USF,5,2,4,1,2,0,8,6.889733840304182,0.055133079847908745,0.11026615969581749,117,45,517,467.92015209125475,241,0.31334622823984526,0.5150451394814038,0.3333333333333333,0.5,0.375,0.6666666666666666,1.0416666666666665,0.3333333333333333,0.4,1.0,0.0,0.25,0.125,0.3333333333333333,0.6666666666666666,0.5,0.375,0.5805739514348786,199.4,Munki Oshu,SF,,Left,2B,132.3988519241123
2568,13,S13,SLG,SLG,0,0,0,0,0,0,0,1,0,0,0,0,0,0,0,0,0,0,0,0,0,0,0,0,0.0,0.0,0,1,1,0,0,{13001},1,0,0,346.0,1,0.0,-0.025099999999999997,0.05590909090909091,0,0,SLG,1,0,0,0,0,0,1,1.0,0.09090909090909091,0.0,1,3,10,7.0,1,0.4,0.14285714285714285,0.0,,0.0,0.0,0.0,0.0,,,0.0,1.0,0.0,,,,0.0,0.0,346.0,Munki Oshu,1B,BF-S,Right,2B,-100.0
2569,7,S7,UVA,UVA,0,0,1,2,1,0,2,2,0,2,0,0,0,0,0,0,0,0,0,0,0,0,0,0,1.0,5.0,3,10,9,4,5,"{7009, 7011, 7015, 7001, 7004}",5,1,1,2052.0,10,0.3786069651741297,-0.06340000000000001,0.08901580569012185,0,0,UVA,5,3,4,1,2,0,10,8.889733840304183,0.055133079847908745,0.11026615969581749,117,45,517,467.92015209125475,241,0.31334622823984526,0.5150451394814038,0.3333333333333333,0.2,0.4,0.4444444444444444,0.8444444444444444,0.1111111111111111,0.42857142857142855,,0.0,0.2,0.1,0.0,0.5,0.0,0.4,0.44995722840034214,205.2,Medium Goose,SF,,Right,2B,115.01699930618025
2570,7,S7,LBS,LBS,0,0,0,1,0,0,2,1,0,1,0,1,0,0,0,1,0,0,0,0,0,0,0,0,0.0,0.0,1,6,6,1,1,"{7014, 7010, 7003, 7006}",4,0,0,1433.0,6,-0.8552675810138495,-0.1066,-0.05483369259775961,0,0,LBS,5,1,1,0,2,0,6,5.889733840304182,0.055133079847908745,0.11026615969581749,117,45,517,467.92015209125475,241,0.31334622823984526,0.5150451394814038,0.16666666666666666,,0.16666666666666666,0.16666666666666666,0.3333333333333333,0.0,0.2,,0.0,0.16666666666666666,0.0,0.25,0.5,0.5,0.16666666666666666,0.1697869593285991,238.83333333333334,Don Bon,MH,,Left,SS,-13.845247375967084
2571,7,S7,LBS,LBS,0,0,0,0,0,0,0,1,1,0,0,0,0,0,0,0,0,0,0,0,0,0,0,0,0.0,1.0,0,1,1,0,0,{7003},1,0,0,0.0,1,-0.3333333333333333,-0.0361,-0.028217822416062445,1,0,LBS,1,0,0,0,0,0,1,1.0,0.055133079847908745,0.0,117,45,517,467.92015209125475,241,0.31334622823984526,0.5150451394814038,0.0,0.0,0.0,0.0,0.0,0.0,,,0.0,1.0,0.0,,,,0.0,0.0,0.0,Brady Sizemore,XB,,Right,2B,-100.0
2572,7,S7,MICH,MICH,0,0,0,0,0,0,1,0,0,0,3,0,0,0,0,3,0,0,0,0,0,0,0,0,0.0,2.0,0,4,4,0,0,"{7004, 7007}",2,0,0,1175.0,4,-0.8966595593461265,-0.2551,-0.06920391226552909,0,0,MICH,3,0,0,0,1,0,4,3.944866920152091,0.055133079847908745,0.055133079847908745,117,45,517,467.92015209125475,241,0.31334622823984526,0.5150451394814038,0.0,0.0,0.0,0.0,0.0,0.0,0.0,,0.0,0.0,0.0,0.75,0.25,3.0,0.0,0.0,293.75,Chet Slamburger,MH,,Right,C,-100.0
2573,7,S7,MICH,MICH,0,0,1,0,0,0,1,1,0,0,1,1,0,0,0,2,0,0,0,0,0,0,0,0,1.0,3.0,1,5,5,2,2,"{7002, 7004, 7007}",3,0,1,1689.0,5,0.6616737739872071,-0.0865,0.09174493198507516,0,1,MICH,3,1,2,0,1,0,5,4.944866920152092,0.055133079847908745,0.055133079847908745,117,45,517,467.92015209125475,241,0.31334622823984526,0.5150451394814038,0.2,0.3333333333333333,0.2,0.4,0.6000000000000001,0.2,0.25,,0.0,0.2,0.0,0.6666666666666666,0.3333333333333333,2.0,0.2,0.4044598231449442,337.8,Giles Sweeney,MH,,Right,1B,42.356165456808185
2573,12,S12,OWL,OWL,2,0,0,0,0,0,1,1,0,0,2,0,0,0,0,2,0,0,0,0,2,0,0,0,0.0,2.0,2,6,6,8,8,"{12016, 12013}",2,2,3,1425.0,6,1.5665872991646062,-0.08579999999999999,0.17878055799841028,0,0,OWL,6,2,8,0,1,0,6,5.93446088794926,0.06553911205073996,0.06553911205073996,236,72,932,850.169133192389,464,0.33047210300429186,0.5457737547559247,0.3333333333333333,0.0,0.3333333333333333,1.3333333333333333,1.6666666666666665,1.0,0.0,,0.3333333333333333,0.16666666666666666,0.0,0.6666666666666666,0.3333333333333333,2.0,0.3333333333333333,1.3480584253651584,237.5,Giles Sweeney,BN,,Right,1B,247.8652971988598
2576,7,S7,UCLA,UCLA,0,0,1,0,1,0,0,1,0,1,0,2,0,0,0,2,0,0,0,0,0,0,0,0,0.0,1.0,1,6,5,2,3,"{7008, 7006, 7015}",3,0,0,1778.0,6,0.3007951314854303,-0.1247,0.060772578652168355,0,0,UCLA,5,1,2,1,0,0,6,5.0,0.055133079847908745,0.0,117,45,517,467.92015209125475,241,0.31334622823984526,0.5150451394814038,0.2,0.0,0.3333333333333333,0.4,0.7333333333333334,0.2,0.25,,0.0,0.16666666666666666,0.16666666666666666,0.6666666666666666,0.0,inf,0.3333333333333333,0.4,296.3333333333333,"Hiram ""3 Eggs"" Delacroix",XB,,Right,SS,84.04169660582615
2577,7,S7,LBS,LBS,2,0,0,0,0,0,1,2,0,0,0,0,0,0,0,0,0,0,0,0,2,0,0,0,0.0,0.0,2,5,5,8,8,"{7009, 7010, 7006, 7014}",4,2,2,786.0,5,1.6071428571428572,0.3529,0.1862918403006402,0,0,LBS,5,2,8,0,1,0,5,4.944866920152092,0.055133079847908745,0.055133079847908745,117,45,517,467.92015209125475,241,0.31334622823984526,0.5150451394814038,0.4,,0.4,1.6,2.0,1.2000000000000002,0.0,,0.4,0.4,0.0,0.0,1.0,0.0,0.4,1.6178392925797769,157.2,Joe DiBango,BP,,Left,C,341.7703408395784
2578,7,S7,RU,RU,1,0,0,1,0,0,1,2,0,1,0,0,0,0,0,0,0,0,0,0,1,0,0,0,0.0,0.0,2,6,6,5,5,"{7013, 7010, 7005, 7007}",4,1,1,1214.0,6,0.5917114475883135,-0.48719999999999997,0.08986421026245668,0,0,RU,5,2,5,0,1,0,6,5.944866920152092,0.055133079847908745,0.055133079847908745,117,45,517,467.92015209125475,241,0.31334622823984526,0.5150451394814038,0.3333333333333333,,0.3333333333333333,0.8333333333333334,1.1666666666666667,0.5,0.3333333333333333,,0.16666666666666666,0.3333333333333333,0.0,0.0,0.5,0.0,0.3333333333333333,0.8410617204988806,202.33333333333334,Levi Walker,BC,,Right,3B,169.6772432188829
2579,7,S7,UCLA,UCLA,0,0,0,0,0,0,1,0,0,0,2,0,0,0,0,2,0,0,0,0,0,0,0,0,0.0,1.0,0,3,3,0,0,"{7008, 7006}",2,0,0,1085.0,3,-0.4672619047619048,-0.1192,-0.03137965772437781,0,0,UCLA,3,0,0,0,1,0,3,2.944866920152091,0.055133079847908745,0.055133079847908745,117,45,517,467.92015209125475,241,0.31334622823984526,0.5150451394814038,0.0,0.0,0.0,0.0,0.0,0.0,0.0,,0.0,0.0,0.0,0.6666666666666666,0.3333333333333333,2.0,0.0,0.0,361.6666666666667,Backwoods Charlatan,S,,Left,LF,-100.0
2580,7,S7,MICH,MICH,0,0,0,0,1,0,0,0,0,1,0,0,0,0,0,0,0,0,0,0,0,0,0,0,0.0,1.0,0,2,1,0,1,{7004},1,0,0,497.0,2,0.006756756756756799,-0.0431,0.010906697510217458,0,0,MICH,2,0,0,1,0,0,2,1.0,0.055133079847908745,0.0,117,45,517,467.92015209125475,241,0.31334622823984526,0.5150451394814038,0.0,0.0,0.5,0.0,0.5,0.0,0.0,,0.0,0.0,0.5,0.0,0.0,,0.5,0.0,248.5,Studly Hungwell,S,,Right,CF,59.5679012345679
2581,7,S7,LBS,LBS,0,0,0,0,0,0,0,3,0,0,1,0,0,0,0,1,0,0,0,0,0,0,0,0,0.0,1.0,0,4,4,0,0,"{7009, 7010, 7014}",3,0,0,1413.0,4,-1.330290511727079,-0.1573,-0.11256700750362433,0,0,LBS,5,0,0,0,0,0,4,4.0,0.055133079847908745,0.0,117,45,517,467.92015209125475,241,0.31334622823984526,0.5150451394814038,0.0,0.0,0.0,0.0,0.0,0.0,0.0,,0.0,0.75,0.0,1.0,0.0,inf,0.0,0.0,353.25,Milk Man Dan,BP,,Right,LF,-100.0
2583,7,S7,USF,USF,0,0,1,1,2,0,0,1,0,1,0,1,0,0,0,1,0,0,1,0,0,0,0,0,1.0,2.0,2,7,5,3,6,"{7008, 7012, 7014}",3,0,1,1716.0,8,1.0804237739872071,0.11879999999999999,0.14896646473688782,0,0,USF,5,2,3,2,0,0,7,5.0,0.055133079847908745,0.0,117,45,517,467.92015209125475,241,0.31334622823984526,0.5150451394814038,0.4,0.5,0.5714285714285714,0.6,1.1714285714285713,0.19999999999999996,0.5,1.0,0.0,0.14285714285714285,0.2857142857142857,0.5,0.0,inf,0.5714285714285714,0.6,214.5,Dog Water,XB,,Left,2B,198.8579593708203
2583,8,S8,ORD,ORD,0,0,0,1,1,0,0,2,0,0,0,1,0,0,0,1,0,0,0,0,0,0,0,0,0.0,1.0,1,5,4,1,2,"{8001, 8010}",2,1,0,1353.0,5,-0.27408609908609927,-0.0451,-0.008231112732221414,0,0,ORD,3,1,1,1,0,0,5,4.0,0.06829268292682927,0.0,190,87,795,699.3951219512195,382,0.3484276729559748,0.546186251534427,0.25,0.0,0.4,0.25,0.65,0.0,0.5,,0.0,0.4,0.2,1.0,0.0,inf,0.4,0.25,270.6,Dog Water,BC,,Left,2B,60.57337610819169
2584,7,S7,UCLA,UCLA,0,0,0,0,0,0,1,1,0,0,0,1,0,0,0,1,0,0,0,0,0,0,0,0,0.0,0.0,0,3,3,0,0,"{7011, 7015}",2,0,0,998.0,3,-0.5497242311607982,-0.0714,-0.039625890364267155,0,0,UCLA,5,0,0,0,1,0,3,2.944866920152091,0.055133079847908745,0.055133079847908745,117,45,517,467.92015209125475,241,0.31334622823984526,0.5150451394814038,0.0,,0.0,0.0,0.0,0.0,0.0,,0.0,0.3333333333333333,0.0,0.5,0.5,1.0,0.0,0.0,332.6666666666667,Robbie Tightpants,BC,,Left,3B,-100.0
2587,7,S7,UVA,UVA,1,0,1,0,1,0,1,2,0,0,1,0,0,0,0,1,0,0,0,0,1,0,0,0,1.0,2.0,2,7,6,6,7,"{7009, 7011, 7015}",3,2,4,1353.0,7,0.6345904406538736,0.14529999999999998,0.09926762048628358,0,0,UVA,5,2,6,1,1,0,7,5.944866920152092,0.055133079847908745,0.055133079847908745,117,45,517,467.92015209125475,241,0.31334622823984526,0.5150451394814038,0.3333333333333333,0.5,0.42857142857142855,1.0,1.4285714285714286,0.6666666666666667,0.3333333333333333,,0.14285714285714285,0.2857142857142857,0.14285714285714285,0.5,0.5,1.0,0.42857142857142855,1.0092740645986569,193.28571428571428,toronto mans,XB,,Right,2B,232.7308576474919
2588,7,S7,RU,RU,0,0,0,0,0,0,1,1,0,0,2,0,0,0,0,2,0,0,0,0,0,0,0,0,0.0,1.0,0,4,4,0,0,"{7010, 7013}",2,0,0,1280.0,4,-0.7776119402985073,-0.1573,-0.05729915036076718,0,0,RU,5,0,0,0,1,0,4,3.944866920152091,0.055133079847908745,0.055133079847908745,117,45,517,467.92015209125475,241,0.31334622823984526,0.5150451394814038,0.0,0.0,0.0,0.0,0.0,0.0,0.0,,0.0,0.25,0.0,0.6666666666666666,0.3333333333333333,2.0,0.0,0.0,320.0,Derek Rasmussen,BC,,Right,2B,-100.0
2589,7,S7,MICH,MICH,1,0,0,1,1,0,0,1,0,0,1,0,0,0,0,1,0,0,0,0,1,0,0,0,0.0,1.0,2,5,4,5,6,"{7012, 7013, 7007}",3,1,1,871.0,5,0.5307213930348259,-0.07240000000000002,0.07864969388983704,0,0,MICH,5,2,5,1,0,0,5,4.0,0.055133079847908745,0.0,117,45,517,467.92015209125475,241,0.31334622823984526,0.5150451394814038,0.5,0.0,0.6,1.25,1.85,0.75,0.5,,0.2,0.2,0.2,1.0,0.0,inf,0.6,1.25,174.2,Jordan Hass,XB,,Left,3B,334.1786558026717
2590,8,S8,TEN,TEN,0,1,1,0,0,0,0,0,0,1,0,0,0,0,0,0,0,0,0,0,0,0,0,0,0.0,0.0,2,3,3,5,5,{8014},1,1,0,460.0,3,1.2541269841269842,0.2024,0.13691919671853153,0,0,TEN,4,2,5,0,0,0,3,3.0,0.06829268292682927,0.0,190,87,795,699.3951219512195,382,0.3484276729559748,0.546186251534427,0.6666666666666666,,0.6666666666666666,1.6666666666666667,2.3333333333333335,1.0,0.6666666666666666,,0.0,0.0,0.0,0.0,0.0,,0.6666666666666666,1.6666666666666667,153.33333333333334,jon jon,XB,,Right,3B,396.48195383800476
2591,7,S7,RU,RU,2,0,0,0,0,0,0,0,0,0,1,0,0,0,0,1,0,0,0,0,2,0,0,0,0.0,0.0,2,3,3,8,8,"{7010, 7013}",2,2,2,298.0,3,1.8288690476190474,0.4918,0.19823343751371744,0,0,RU,5,2,8,0,0,0,3,3.0,0.055133079847908745,0.0,117,45,517,467.92015209125475,241,0.31334622823984526,0.5150451394814038,0.6666666666666666,,0.6666666666666666,2.6666666666666665,3.333333333333333,2.0,0.0,,0.6666666666666666,0.0,0.0,1.0,0.0,inf,0.6666666666666666,2.6666666666666665,99.33333333333333,Hunter D. Parker,MH,,Right,C,630.5111735312962
2592,7,S7,USF,USF,0,0,1,1,1,0,0,2,0,0,1,0,0,0,0,1,0,0,0,0,0,0,0,0,0.0,1.0,2,6,5,3,4,"{7012, 7014}",2,1,0,1227.0,6,0.26504638967325556,0.0944,0.057197704470950884,0,0,USF,5,2,3,1,0,0,6,5.0,0.055133079847908745,0.0,117,45,517,467.92015209125475,241,0.31334622823984526,0.5150451394814038,0.4,0.0,0.5,0.6,1.1,0.19999999999999996,0.6666666666666666,,0.0,0.3333333333333333,0.16666666666666666,1.0,0.0,inf,0.5,0.6,204.5,Marcel Medellin,WC,,Right,RF,176.06254490873923
2593,7,S7,LBS,LBS,2,0,1,0,0,0,1,1,0,0,0,0,0,0,0,0,0,0,0,0,1,1,0,0,0.0,0.0,3,5,5,10,10,"{7009, 7010, 7014}",3,2,3,542.0,5,3.255952380952381,0.17169999999999996,0.35117279268159257,1,0,LBS,5,3,10,0,1,0,5,4.944866920152092,0.055133079847908745,0.055133079847908745,117,45,517,467.92015209125475,241,0.31334622823984526,0.5150451394814038,0.6,,0.6,2.0,2.6,1.4,0.5,,0.4,0.2,0.0,0.0,1.0,0.0,0.6,2.022299115724721,108.4,Jake Crouton,WC,,Right,CF,484.1265062963867
2594,7,S7,MICH,MICH,0,0,1,0,1,0,1,1,0,0,1,1,0,0,0,2,0,0,0,0,0,0,0,0,0.0,0.0,1,6,5,2,3,"{7012, 7013, 7007}",3,0,0,1585.0,6,0.11915903109932982,-0.01759999999999999,0.04260896861355831,0,0,MICH,5,1,2,1,1,0,6,4.944866920152092,0.055133079847908745,0.055133079847908745,117,45,517,467.92015209125475,241,0.31334622823984526,0.5150451394814038,0.2,,0.3333333333333333,0.4,0.7333333333333334,0.2,0.25,,0.0,0.16666666666666666,0.16666666666666666,0.6666666666666666,0.3333333333333333,2.0,0.3333333333333333,0.4044598231449442,264.1666666666667,Hunter West,BC,,Right,1B,84.9076057860263
2597,7,S7,MICH,MICH,0,0,1,0,0,0,1,0,0,0,0,1,0,0,0,1,0,0,0,0,0,0,0,0,1.0,1.0,1,3,3,2,2,"{7012, 7007}",2,0,1,712.0,3,0.5534289219923547,0.2815,0.07068942495104814,0,0,MICH,4,1,2,0,1,0,3,2.944866920152091,0.055133079847908745,0.055133079847908745,117,45,517,467.92015209125475,241,0.31334622823984526,0.5150451394814038,0.3333333333333333,1.0,0.3333333333333333,0.6666666666666666,1.0,0.3333333333333333,0.3333333333333333,,0.0,0.0,0.0,0.5,0.5,1.0,0.3333333333333333,0.6791478373143964,237.33333333333334,Rod Kimball,BC,,Right,RF,138.2404096730864
2598,7,S7,UVA,UVA,0,0,1,1,0,0,0,1,0,0,0,0,0,0,0,0,0,0,0,0,0,0,0,0,1.0,1.0,2,3,3,3,3,"{7009, 7011}",2,1,1,400.0,3,1.5624781497915827,-0.012399999999999994,0.17159434773097093,0,0,UVA,4,2,3,0,0,0,3,3.0,0.055133079847908745,0.0,117,45,517,467.92015209125475,241,0.31334622823984526,0.5150451394814038,0.6666666666666666,1.0,0.6666666666666666,1.0,1.6666666666666665,0.33333333333333337,1.0,,0.0,0.3333333333333333,0.0,,,,0.6666666666666666,1.0,133.33333333333334,Mattie Christewson,s,,Left,2B,306.9149411030427
2599,7,S7,RU,RU,0,0,0,0,0,0,0,0,0,0,1,0,0,0,0,1,0,0,0,0,0,0,0,0,0.0,0.0,0,1,1,0,0,{7010},1,0,0,424.0,1,-0.17552860696517408,-0.0187,-0.012437349779246518,0,0,RU,4,0,0,0,0,0,1,1.0,0.055133079847908745,0.0,117,45,517,467.92015209125475,241,0.31334622823984526,0.5150451394814038,0.0,,0.0,0.0,0.0,0.0,0.0,,0.0,0.0,0.0,1.0,0.0,inf,0.0,0.0,424.0,Pete Parking,XB,,Right,LF,-100.0
2601,7,S7,UCLA,UCLA,0,0,0,0,0,0,1,0,0,2,1,0,0,0,0,1,0,0,0,0,0,0,0,0,0.0,1.0,0,4,4,0,0,"{7011, 7015}",2,0,0,1273.0,4,-1.0871138996138996,-0.1068,-0.08824934629230641,0,0,UCLA,5,0,0,0,1,0,4,3.944866920152091,0.055133079847908745,0.055133079847908745,117,45,517,467.92015209125475,241,0.31334622823984526,0.5150451394814038,0.0,0.0,0.0,0.0,0.0,0.0,0.0,,0.0,0.0,0.0,0.25,0.25,1.0,0.0,0.0,318.25,Tobias Fünke,XB,,Right,LF,-100.0
2602,7,S7,UVA,UVA,0,0,0,0,0,0,0,2,2,0,0,0,0,0,0,0,0,0,0,0,0,0,0,0,0.0,0.0,0,2,2,0,0,"{7009, 7015}",2,0,0,0,0,-0.41666666666666663,-0.063,-0.03143564483212488,0,0,UVA,5,0,0,0,0,0,2,2.0,0.055133079847908745,0.0,117,45,517,467.92015209125475,241,0.31334622823984526,0.5150451394814038,0.0,,0.0,0.0,0.0,0.0,,,0.0,1.0,0.0,,,,0.0,0.0,,Chad Dongers,HK,,Right,1B,-100.0
2603,7,S7,RU,RU,0,0,0,0,0,0,0,1,0,0,0,0,0,0,0,0,0,0,0,0,0,0,0,0,0.0,0.0,0,1,1,0,0,{7010},1,0,0,223.0,1,-0.1309523809523809,-0.016200000000000003,-0.0079797271779672,0,0,RU,4,0,0,0,0,0,1,1.0,0.055133079847908745,0.0,117,45,517,467.92015209125475,241,0.31334622823984526,0.5150451394814038,0.0,,0.0,0.0,0.0,0.0,,,0.0,1.0,0.0,,,,0.0,0.0,223.0,Ross Reddick,MH,,Right,C,-100.0
2604,7,S7,USF,USF,0,0,0,1,0,0,0,3,0,1,0,0,0,0,0,0,0,0,0,0,0,0,0,0,0.0,2.0,1,5,5,1,1,"{7012, 7014}",2,0,0,1434.0,5,-0.18098455598455618,-0.1901,0.007479098987898825,0,0,USF,5,1,1,0,0,0,5,5.0,0.055133079847908745,0.0,117,45,517,467.92015209125475,241,0.31334622823984526,0.5150451394814038,0.2,0.0,0.2,0.2,0.4,0.0,0.5,,0.0,0.6,0.0,0.0,0.0,,0.2,0.2,286.8,Teddie Teeman,BP,,Left,1B,2.658708385217601
2606,7,S7,LBS,LBS,0,0,0,0,1,0,0,2,1,0,0,1,0,0,0,1,0,0,0,0,0,0,0,0,0.0,0.0,0,4,3,0,1,"{7009, 7010, 7014}",3,0,0,889.0,3,-0.5831460458326129,0.0179,-0.037852560914177734,0,0,LBS,5,0,0,1,0,0,4,3.0,0.055133079847908745,0.0,117,45,517,467.92015209125475,241,0.31334622823984526,0.5150451394814038,0.0,,0.25,0.0,0.25,0.0,0.0,,0.0,0.5,0.25,1.0,0.0,inf,0.25,0.0,296.3333333333333,Peachy Keen,BC,,Right,SS,-20.21604938271605
2607,7,S7,RU,RU,0,0,0,0,0,0,1,0,0,0,2,1,0,0,0,3,0,0,0,0,0,0,0,0,0.0,0.0,0,4,4,0,0,"{7010, 7013}",2,0,0,1451.0,4,-0.6531405472636815,-0.059800000000000006,-0.04485201105728459,0,0,RU,5,0,0,0,1,0,4,3.944866920152091,0.055133079847908745,0.055133079847908745,117,45,517,467.92015209125475,241,0.31334622823984526,0.5150451394814038,0.0,,0.0,0.0,0.0,0.0,0.0,,0.0,0.0,0.0,0.75,0.25,3.0,0.0,0.0,362.75,Brit Kennedy,HK,,Right,SS,-100.0
2609,7,S7,UCLA,UCLA,1,0,0,0,0,0,1,1,0,0,1,0,0,0,0,1,0,0,0,0,1,0,0,0,0.0,0.0,1,4,4,4,4,"{7011, 7015}",2,1,1,1024.0,4,0.4822094882729211,-0.043600000000000014,0.06868299249637567,0,0,UCLA,5,1,4,0,1,0,4,3.944866920152091,0.055133079847908745,0.055133079847908745,117,45,517,467.92015209125475,241,0.31334622823984526,0.5150451394814038,0.25,,0.25,1.0,1.25,0.75,0.0,,0.25,0.25,0.0,0.5,0.5,1.0,0.25,1.0139759036144578,256.0,Rabe Booth,WC,,Left,C,176.6552199268875
2610,7,S7,LBS,LBS,0,0,1,1,0,0,0,1,1,0,1,1,0,0,0,2,0,0,0,0,0,0,0,0,0.0,0.0,2,5,5,3,3,"{7009, 7010, 7014}",3,0,0,984.0,4,-0.200759594882729,-0.07319999999999999,0.00550159509808155,0,0,LBS,5,2,3,0,0,0,5,5.0,0.055133079847908745,0.0,117,45,517,467.92015209125475,241,0.31334622823984526,0.5150451394814038,0.4,,0.4,0.6,1.0,0.19999999999999996,0.5,,0.0,0.2,0.0,1.0,0.0,inf,0.4,0.6,246.0,Jay Delahunt,XB,,Right,2B,144.14896466182566
2612,7,S7,LBS,LBS,1,0,0,0,1,0,0,1,0,2,1,0,0,0,0,1,0,0,0,0,0,1,0,0,0.0,0.0,1,6,5,4,5,"{7009, 7010, 7014}",3,1,2,1555.0,6,1.1412483912483913,0.21660000000000001,0.1448179046284645,0,0,LBS,5,1,4,1,0,0,6,5.0,0.055133079847908745,0.0,117,45,517,467.92015209125475,241,0.31334622823984526,0.5150451394814038,0.2,,0.3333333333333333,0.8,1.1333333333333333,0.6000000000000001,0.0,,0.16666666666666666,0.16666666666666666,0.16666666666666666,0.3333333333333333,0.0,inf,0.3333333333333333,0.8,259.1666666666667,Randy Riceandsandy,XB,,Right,LF,161.70479238860702
2614,7,S7,MICH,MICH,0,0,0,0,0,0,0,0,0,0,1,0,0,0,0,1,0,0,0,0,0,0,0,0,0.0,1.0,0,1,1,0,0,{7007},1,0,0,331.0,1,-0.25,-0.09480000000000001,-0.019884489082729113,0,0,MICH,3,0,0,0,0,0,1,1.0,0.055133079847908745,0.0,117,45,517,467.92015209125475,241,0.31334622823984526,0.5150451394814038,0.0,0.0,0.0,0.0,0.0,0.0,0.0,,0.0,0.0,0.0,1.0,0.0,inf,0.0,0.0,331.0,Baja Juárez,1B,,Right,CF,-100.0
2616,7,S7,UVA,UVA,0,0,0,0,2,0,2,1,0,2,0,0,0,0,0,0,0,0,0,0,0,0,0,0,0.0,0.0,0,7,5,0,2,"{7009, 7011, 7015}",3,1,1,1892.0,7,3.2159070717839375,-0.19029999999999997,0.35739928359928996,0,0,UVA,5,0,0,2,2,0,7,4.889733840304182,0.055133079847908745,0.11026615969581749,117,45,517,467.92015209125475,241,0.31334622823984526,0.5150451394814038,0.0,,0.2857142857142857,0.0,0.2857142857142857,0.0,0.0,,0.0,0.14285714285714285,0.2857142857142857,0.0,0.5,0.0,0.2857142857142857,0.0,270.2857142857143,Peter Hadley,WC,,Right,C,-8.818342151675484
2617,7,S7,MICH,MICH,0,0,0,2,0,0,0,0,0,0,0,1,0,0,0,1,0,0,0,0,0,0,0,0,0.0,0.0,2,3,3,2,2,{7012},1,1,0,590.0,3,0.253726541039974,0.0395,0.040719186855810066,0,0,MICH,4,2,2,0,0,0,3,3.0,0.055133079847908745,0.0,117,45,517,467.92015209125475,241,0.31334622823984526,0.5150451394814038,0.6666666666666666,,0.6666666666666666,0.6666666666666666,1.3333333333333333,0.0,0.6666666666666666,,0.0,0.0,0.0,1.0,0.0,inf,0.6666666666666666,0.6666666666666666,196.66666666666666,Joe Kasey,BP,,Left,C,242.19569461739195
2618,7,S7,UCLA,UCLA,0,0,0,1,0,0,0,1,1,0,0,1,0,0,0,1,0,0,0,0,0,0,0,0,0.0,0.0,1,3,3,1,1,"{7008, 7011}",2,1,0,525.0,2,-0.1941901256266927,-0.012999999999999996,-0.004072479810856599,0,0,UCLA,4,1,1,0,0,0,3,3.0,0.055133079847908745,0.0,117,45,517,467.92015209125475,241,0.31334622823984526,0.5150451394814038,0.3333333333333333,,0.3333333333333333,0.3333333333333333,0.6666666666666666,0.0,0.5,,0.0,0.3333333333333333,0.0,1.0,0.0,inf,0.3333333333333333,0.3333333333333333,262.5,Ricky Robert,XB,,Right,SS,71.09784730869598
2619,7,S7,LBS,LBS,0,0,0,0,0,0,0,1,1,0,0,0,0,0,0,0,0,0,0,0,0,0,0,0,0.0,0.0,0,1,1,0,0,{7009},1,0,0,0,0,-0.17552860696517408,-0.0011,-0.012437349779246518,0,0,LBS,3,0,0,0,0,0,1,1.0,0.055133079847908745,0.0,117,45,517,467.92015209125475,241,0.31334622823984526,0.5150451394814038,0.0,,0.0,0.0,0.0,0.0,,,0.0,1.0,0.0,,,,0.0,0.0,,Barry Mays,BP,,Left,LF,-100.0
2622,7,S7,UCLA,UCLA,1,0,0,1,0,0,0,1,0,0,0,0,0,0,0,0,0,0,0,0,1,0,0,0,1.0,1.0,2,3,3,5,5,{7015},1,1,1,440.0,3,0.5089285714285714,0.14329999999999998,0.0662393898946698,0,0,UCLA,5,2,5,0,0,0,3,3.0,0.055133079847908745,0.0,117,45,517,467.92015209125475,241,0.31334622823984526,0.5150451394814038,0.6666666666666666,1.0,0.6666666666666666,1.6666666666666667,2.3333333333333335,1.0,1.0,,0.3333333333333333,0.3333333333333333,0.0,,,,0.6666666666666666,1.6666666666666667,146.66666666666666,Hans Freii,EN,,Left,LF,436.3534340743442
2624,7,S7,UCLA,UCLA,0,0,0,1,0,0,0,0,0,0,1,1,0,0,0,2,1,0,1,0,0,0,0,0,0.0,0.0,1,3,3,1,2,{7015},1,0,0,1186.0,4,-0.6309523809523809,-0.0555,-0.04263319442615453,0,0,UCLA,5,1,1,0,0,0,3,3.0,0.055133079847908745,0.0,117,45,517,467.92015209125475,241,0.31334622823984526,0.5150451394814038,0.3333333333333333,,0.3333333333333333,0.3333333333333333,0.6666666666666666,0.0,0.3333333333333333,1.0,0.0,0.0,0.0,1.0,0.0,inf,0.3333333333333333,0.3333333333333333,296.5,Kilometers Straw,S,,Right,CF,71.09784730869598
2651,10,S10,TOL,TOL,0,0,1,1,3,0,3,2,0,2,1,0,0,0,0,1,0,0,0,0,0,0,0,0,0.0,0.0,2,13,10,3,6,"{10001, 10005, 10009, 10010, 10014}",5,1,1,2865.0,13,-0.12131996649853533,0.11950000000000001,0.03474797988187052,0,0,TOL,5,2,3,3,3,0,13,9.912,0.029333333333333333,0.088,175,50,732,678.304,366,0.3073770491803279,0.5395810727933198,0.2,,0.38461538461538464,0.3,0.6846153846153846,0.09999999999999998,0.25,,0.0,0.15384615384615385,0.23076923076923078,0.16666666666666666,0.5,0.3333333333333333,0.38461538461538464,0.3026634382566586,220.3846153846154,Mack MacMack,EN,,Left,2B,81.2205058995834
2660,8,S8,MSU,MSU,0,0,1,0,0,0,1,0,0,0,1,1,0,0,0,2,0,0,0,0,0,0,0,0,0.0,1.0,1,4,4,2,2,"{8011, 8007}",2,1,0,1145.0,4,-0.325,-0.06299999999999999,-0.01715800225888918,0,0,MSU,3,1,2,0,1,0,4,3.9317073170731707,0.06829268292682927,0.06829268292682927,190,87,795,699.3951219512195,382,0.3484276729559748,0.546186251534427,0.25,0.0,0.25,0.5,0.75,0.25,0.25,,0.0,0.0,0.0,0.6666666666666666,0.3333333333333333,2.0,0.25,0.5086848635235732,286.25,Ronnie Pickering,XB,EN-B,Right,1B,64.88485858959123
2661,8,S8,PUR,PUR,0,0,1,2,0,0,1,0,0,2,2,0,0,1,0,2,0,0,0,2,0,0,0,0,0.0,0.0,3,8,7,4,4,"{8009, 8013, 8006}",3,1,1,3093.0,10,-0.50109755564301,-0.1649,-0.01175476121152395,0,0,PUR,4,3,4,0,1,0,8,7.931707317073171,0.06829268292682927,0.06829268292682927,190,87,795,699.3951219512195,382,0.3484276729559748,0.546186251534427,0.42857142857142855,,0.375,0.5714285714285714,0.9464285714285714,0.14285714285714285,0.375,0.0,0.0,0.0,0.0,0.4,0.2,2.0,0.375,0.5043050430504306,309.3,Stevey Swinger,S,,Right,2B,99.95841847251708
2662,8,S8,HRW,HRW,0,0,2,0,1,0,1,0,0,4,0,2,0,0,0,2,1,0,0,0,0,0,0,0,2.0,5.0,2,10,9,4,5,"{8010, 8002, 8005, 8015}",4,0,4,2811.0,10,0.6475121343303163,-0.1769,0.10310620778580866,0,0,HRW,4,2,4,1,1,0,10,8.93170731707317,0.06829268292682927,0.06829268292682927,190,87,795,699.3951219512195,382,0.3484276729559748,0.546186251534427,0.2222222222222222,0.4,0.3,0.4444444444444444,0.7444444444444445,0.2222222222222222,0.2222222222222222,,0.0,0.0,0.1,0.2857142857142857,0.14285714285714285,2.0,0.3,0.4478427089022392,281.1,Buster McColligan,XB,EG-B,Right,SS,68.09558722297425
2663,8,S8,HRW,HRW,0,0,1,0,1,0,2,1,0,1,1,0,0,0,0,1,0,0,1,0,0,0,0,0,1.0,2.0,1,7,6,2,4,"{8010, 8005, 8015}",3,1,1,1873.0,8,-1.2022617954436137,-0.052199999999999996,-0.08954218406213972,0,0,HRW,4,1,2,1,2,0,7,5.863414634146341,0.06829268292682927,0.13658536585365855,190,87,795,699.3951219512195,382,0.3484276729559748,0.546186251534427,0.16666666666666666,0.5,0.2857142857142857,0.3333333333333333,0.6190476190476191,0.16666666666666666,0.2,1.0,0.0,0.14285714285714285,0.14285714285714285,0.25,0.5,0.5,0.2857142857142857,0.34109816971713813,234.125,Toastman,S,,Right,C,44.451920466493114
2664,8,S8,MSU,MSU,0,0,0,1,1,0,2,1,0,0,1,3,0,0,0,4,0,0,0,0,0,0,0,0,0.0,3.0,1,9,8,1,2,"{8016, 8011, 8003}",3,0,0,2586.0,9,-2.29633608815427,-0.3062,-0.19511411389792765,0,0,MSU,4,1,1,1,2,0,9,7.863414634146341,0.06829268292682927,0.13658536585365855,190,87,795,699.3951219512195,382,0.3484276729559748,0.546186251534427,0.125,0.0,0.2222222222222222,0.125,0.3472222222222222,0.0,0.14285714285714285,,0.0,0.1111111111111111,0.1111111111111111,0.6666666666666666,0.3333333333333333,2.0,0.2222222222222222,0.1271712158808933,287.3333333333333,Robert Glasses,EN,,Right,3B,-12.937930960303756
2667,8,S8,MCH,MCH,1,0,1,0,2,0,2,0,0,0,0,2,0,0,0,2,0,0,0,0,0,1,0,0,0.0,0.0,2,8,6,6,8,"{8008, 8004, 8015}",3,3,2,1720.0,8,1.7843519611701433,0.11090000000000003,0.20911919159923598,0,0,MCH,4,2,6,2,2,0,8,5.863414634146341,0.06829268292682927,0.13658536585365855,190,87,795,699.3951219512195,382,0.3484276729559748,0.546186251534427,0.3333333333333333,,0.5,1.0,1.5,0.6666666666666667,0.2,,0.125,0.0,0.25,0.5,0.5,1.0,0.5,1.0232945091514143,215.0,Herbie Bucket,WC,,Right,LF,230.8544720750853
2668,8,S8,TEN,TEN,0,0,0,4,1,0,2,0,0,1,1,1,0,1,0,2,0,0,1,0,0,0,0,0,0.0,1.0,4,10,8,4,6,"{8012, 8004, 8014, 8007}",4,2,1,2334.0,11,0.1808201058201061,-0.07419999999999999,0.06027250437006536,0,0,TEN,4,4,4,1,2,0,10,8.863414634146341,0.06829268292682927,0.13658536585365855,190,87,795,699.3951219512195,382,0.3484276729559748,0.546186251534427,0.5,0.0,0.5,0.5,1.0,0.0,0.4444444444444444,1.0,0.0,0.0,0.1,0.4,0.4,1.0,0.5,0.45129334067143645,212.1818181818182,Biff Sexy Hotbod,BC,,Left,SS,126.12807757631721
2669,8,S8,TEN,TEN,0,0,0,2,0,0,2,0,0,2,0,0,0,0,0,0,0,0,0,0,0,0,0,0,2.0,4.0,2,6,6,2,2,"{8004, 8014, 8012}",3,0,2,1342.0,6,-0.7548808430626606,0.11309999999999998,-0.05247508769459984,0,0,TEN,4,2,2,0,2,0,6,5.863414634146341,0.06829268292682927,0.13658536585365855,190,87,795,699.3951219512195,382,0.3484276729559748,0.546186251534427,0.3333333333333333,0.5,0.3333333333333333,0.3333333333333333,0.6666666666666666,0.0,0.3333333333333333,,0.0,0.0,0.0,0.0,0.5,0.0,0.3333333333333333,0.34109816971713813,223.66666666666666,Thomas Sharp,WC,,Right,LF,58.118759043078995
2670,8,S8,MSU,MSU,1,0,1,0,2,0,1,1,0,1,0,0,0,1,0,0,0,0,0,0,1,0,0,0,0.0,0.0,2,7,4,6,8,"{8016, 8011, 8003}",3,1,3,1213.0,7,2.6866402116402117,0.2113,0.29551251721096505,0,0,MSU,4,2,6,2,1,0,7,4.931707317073171,0.06829268292682927,0.06829268292682927,190,87,795,699.3951219512195,382,0.3484276729559748,0.546186251534427,0.5,,0.5714285714285714,1.5,2.071428571428571,1.0,0.3333333333333333,,0.14285714285714285,0.14285714285714285,0.2857142857142857,0.0,0.5,0.0,0.5714285714285714,1.2166172106824926,173.28571428571428,Han Soto,S,,Left,RF,286.749744184275
2671,8,S8,HRW,HRW,0,0,0,1,0,0,0,3,0,1,0,2,0,0,0,2,0,0,0,0,0,0,0,0,0.0,2.0,1,7,7,1,1,"{8002, 8005, 8015}",3,0,0,2260.0,7,-1.1815658247476428,-0.0579,-0.09130808642782035,0,0,HRW,4,1,1,0,0,0,7,7.0,0.06829268292682927,0.0,190,87,795,699.3951219512195,382,0.3484276729559748,0.546186251534427,0.14285714285714285,0.0,0.14285714285714285,0.14285714285714285,0.2857142857142857,0.0,0.25,,0.0,0.42857142857142855,0.0,0.6666666666666666,0.0,inf,0.14285714285714285,0.14285714285714285,322.85714285714283,Rich Driver,BP,,Left,3B,-32.84409451888789
2672,8,S8,UCL,UCL,0,0,0,0,1,0,2,1,0,1,1,0,0,1,0,1,0,0,0,0,0,0,0,0,0.0,0.0,0,6,4,0,1,"{8016, 8001, 8005}",3,0,1,1710.0,6,0.3885632885632887,-0.082,0.06186932546799508,0,0,UCL,4,0,0,1,2,0,6,4.863414634146341,0.06829268292682927,0.13658536585365855,190,87,795,699.3951219512195,382,0.3484276729559748,0.546186251534427,0.0,,0.16666666666666666,0.0,0.16666666666666666,0.0,0.0,,0.0,0.16666666666666666,0.16666666666666666,0.25,0.5,0.5,0.16666666666666666,0.0,285.0,Trey Henderson,BC,,Right,3B,-52.166064981949454
2673,8,S8,MCH,MCH,0,1,0,0,1,0,1,0,0,1,2,1,0,0,0,3,0,0,0,0,0,0,0,0,0.0,2.0,1,7,6,3,4,"{8008, 8011, 8015}",3,1,0,2185.0,7,-0.4211377847741484,-0.1053,-0.015265282430470914,0,0,MCH,4,1,3,1,1,0,7,5.931707317073171,0.06829268292682927,0.06829268292682927,190,87,795,699.3951219512195,382,0.3484276729559748,0.546186251534427,0.16666666666666666,0.0,0.2857142857142857,0.5,0.7857142857142857,0.33333333333333337,0.16666666666666666,,0.0,0.0,0.14285714285714285,0.6,0.2,2.9999999999999996,0.2857142857142857,0.5057565789473685,312.14285714285717,Noah Diamond,S,,Left,CF,74.59885455127603
2676,8,S8,PAN,PAN,1,0,0,2,3,0,1,3,0,0,1,0,0,0,0,1,1,0,0,0,0,1,0,0,3.0,6.0,3,11,8,6,9,"{8008, 8003, 8012, 8013}",4,3,4,2178.0,11,1.8801720669902489,0.0767,0.23020770048707961,0,0,PAN,4,3,6,3,1,0,11,7.931707317073171,0.06829268292682927,0.06829268292682927,190,87,795,699.3951219512195,382,0.3484276729559748,0.546186251534427,0.375,0.5,0.5454545454545454,0.75,1.2954545454545454,0.375,0.5,,0.09090909090909091,0.2727272727272727,0.2727272727272727,0.5,0.5,1.0,0.5454545454545454,0.7564575645756457,198.0,Brutus Devlin,TT,,Right,1B,195.04552071829315
2677,8,S8,PUR,PUR,0,2,0,0,0,0,0,1,0,1,0,1,0,0,0,1,0,0,0,0,0,0,0,0,0.0,1.0,2,5,5,6,6,"{8009, 8006}",2,1,1,1249.0,5,1.5189426734881282,0.2938999999999999,0.17107176452520131,0,0,PUR,3,2,6,0,0,0,5,5.0,0.06829268292682927,0.0,190,87,795,699.3951219512195,382,0.3484276729559748,0.546186251534427,0.4,0.0,0.4,1.2,1.6,0.7999999999999999,0.5,,0.0,0.2,0.0,0.5,0.0,inf,0.4,1.2,249.8,Tony Sandals,XB,,Right,1B,234.50671795469918
2679,8,S8,MSU,MSU,0,0,0,2,2,0,0,1,0,0,3,1,0,0,0,4,1,0,0,0,0,0,0,0,0.0,3.0,2,9,7,2,4,"{8016, 8011, 8003, 8007}",4,1,2,2533.0,9,-0.909981684981685,0.014499999999999985,-0.05647867358066917,0,0,MSU,4,2,2,2,0,0,9,7.0,0.06829268292682927,0.0,190,87,795,699.3951219512195,382,0.3484276729559748,0.546186251534427,0.2857142857142857,0.0,0.4444444444444444,0.2857142857142857,0.7301587301587301,0.0,0.3333333333333333,,0.0,0.1111111111111111,0.2222222222222222,1.0,0.0,inf,0.4444444444444444,0.2857142857142857,281.44444444444446,"Kiwi Cleveland, Esq.",BC,,Right,2B,79.86793955084379
2680,8,S8,HRW,HRW,0,0,0,0,1,0,3,3,0,1,1,0,0,0,0,1,0,0,0,0,0,0,0,0,0.0,1.0,0,9,8,0,1,"{8002, 8010, 8015}",3,1,0,2416.0,9,-2.090846779483143,-0.16309999999999997,-0.17456518303081495,0,0,HRW,4,0,0,1,3,0,9,7.795121951219512,0.06829268292682927,0.20487804878048782,190,87,795,699.3951219512195,382,0.3484276729559748,0.546186251534427,0.0,0.0,0.1111111111111111,0.0,0.1111111111111111,0.0,0.0,,0.0,0.3333333333333333,0.1111111111111111,0.2,0.6,0.33333333333333337,0.1111111111111111,0.0,268.44444444444446,Cherry Garcia,XB,,Right,2B,-68.11070998796632
2681,8,S8,ORD,ORD,1,0,1,2,1,0,0,3,0,1,1,2,0,0,0,3,0,0,0,0,0,1,0,0,1.0,2.0,4,12,11,8,9,"{8001, 8010, 8014, 8006}",4,2,3,2727.0,12,0.874171535535172,0.26330000000000003,0.13344314677684965,0,0,ORD,4,4,8,1,0,0,12,11.0,0.06829268292682927,0.0,190,87,795,699.3951219512195,382,0.3484276729559748,0.546186251534427,0.36363636363636365,0.5,0.4166666666666667,0.7272727272727273,1.143939393939394,0.36363636363636365,0.42857142857142855,,0.08333333333333333,0.25,0.08333333333333333,0.75,0.0,inf,0.4166666666666667,0.7272727272727273,227.25,Jim Johnman,HK,,Right,RF,152.73954900656744
2682,8,S8,UCL,UCL,0,0,0,0,1,0,2,1,0,0,1,1,0,0,0,2,0,0,0,0,0,0,0,0,0.0,1.0,0,6,5,0,1,"{8016, 8005}",2,0,0,1848.0,6,-0.8506930275112092,-0.0752,-0.06205630613945469,0,0,UCL,4,0,0,1,2,0,6,4.863414634146341,0.06829268292682927,0.13658536585365855,190,87,795,699.3951219512195,382,0.3484276729559748,0.546186251534427,0.0,0.0,0.16666666666666666,0.0,0.16666666666666666,0.0,0.0,,0.0,0.16666666666666666,0.16666666666666666,0.5,0.5,1.0,0.16666666666666666,0.0,308.0,Takeo Balfour,WC,,Left,2B,-52.166064981949454
2683,8,S8,PAN,PAN,0,2,0,2,1,0,2,2,0,1,0,0,0,0,0,0,0,0,3,0,0,0,0,0,0.0,1.0,4,10,9,8,12,"{8003, 8012, 8013}",3,3,0,2364.0,13,1.1267206699024883,0.14069999999999996,0.162533559648859,0,0,PAN,4,4,8,1,2,0,10,8.863414634146341,0.06829268292682927,0.13658536585365855,190,87,795,699.3951219512195,382,0.3484276729559748,0.546186251534427,0.4444444444444444,0.0,0.5,0.8888888888888888,1.3888888888888888,0.4444444444444444,0.5714285714285714,1.0,0.0,0.2,0.1,0.0,0.6666666666666666,0.0,0.5,0.9025866813428729,181.84615384615384,Huell Babineaux,S,,Left,2B,208.7543500984828
2685,8,S8,PUR,PUR,1,0,0,1,0,0,1,0,0,0,0,2,0,0,0,2,0,0,0,0,0,0,1,0,2.0,2.0,2,5,5,5,5,"{8002, 8006}",2,2,4,1142.0,5,1.43097385779204,0.3378,0.1622748829555925,1,0,PUR,2,2,5,0,1,0,5,4.931707317073171,0.06829268292682927,0.06829268292682927,190,87,795,699.3951219512195,382,0.3484276729559748,0.546186251534427,0.4,1.0,0.4,1.0,1.4,0.6,0.25,,0.2,0.0,0.0,0.6666666666666666,0.3333333333333333,2.0,0.4,1.0138476755687438,228.4,Patroclus Ankle,HK,,Left,SS,200.42451176435847
2686,8,S8,TEN,TEN,0,0,0,0,1,0,2,0,0,2,0,0,0,0,0,0,0,0,1,0,0,0,0,0,0.0,0.0,0,5,4,0,2,"{8004, 8014, 8012}",3,0,0,1530.0,6,-1.2636507936507937,-0.0791,-0.10335208275341314,0,0,TEN,4,0,0,1,2,0,5,3.8634146341463413,0.06829268292682927,0.13658536585365855,190,87,795,699.3951219512195,382,0.3484276729559748,0.546186251534427,0.0,,0.2,0.0,0.2,0.0,0.0,1.0,0.0,0.0,0.2,0.0,0.5,0.0,0.2,0.0,255.0,Maple Boxcutter Jones,S,,Right,3B,-42.599277978339344
2687,8,S8,PAN,PAN,0,0,2,1,0,0,2,1,0,0,0,1,0,0,0,1,0,1,0,0,0,0,0,0,1.0,3.0,3,7,7,5,5,"{8008, 8003, 8012}",3,0,0,1455.0,7,-1.1854377104377107,-0.037300000000000014,-0.09169527499682717,0,0,PAN,3,3,5,0,2,0,7,6.863414634146341,0.06829268292682927,0.13658536585365855,190,87,795,699.3951219512195,382,0.3484276729559748,0.546186251534427,0.42857142857142855,0.3333333333333333,0.42857142857142855,0.7142857142857143,1.1428571428571428,0.28571428571428575,0.5,,0.0,0.14285714285714285,0.0,0.3333333333333333,0.6666666666666666,0.5,0.42857142857142855,0.728500355366027,207.85714285714286,Jett Johnson,BN,,Right,C,156.38102228946371
2688,8,S8,PUR,PUR,0,0,0,0,1,0,0,2,0,3,0,0,0,0,0,0,0,0,0,0,0,0,0,0,0.0,1.0,0,6,5,0,0,"{8009, 8002}",2,0,0,1608.0,5,-1.1932406314224495,-0.06020000000000001,-0.09631106653057872,0,0,PUR,3,0,0,1,0,0,6,5.0,0.06829268292682927,0.0,190,87,795,699.3951219512195,382,0.3484276729559748,0.546186251534427,0.0,0.0,0.16666666666666666,0.0,0.16666666666666666,0.0,0.0,,0.0,0.3333333333333333,0.16666666666666666,0.0,0.0,,0.16666666666666666,0.0,321.6,Greg Potts,EN,,Right,C,-52.166064981949454
2689,8,S8,HRW,HRW,2,0,1,1,1,0,2,1,0,0,0,0,0,1,0,0,0,0,0,0,1,1,0,0,1.0,1.0,4,8,6,11,12,"{8010, 8005, 8015}",3,3,6,1031.0,8,4.966944335126153,0.5518000000000001,0.527378428994837,0,0,HRW,4,4,11,1,2,0,8,6.863414634146341,0.06829268292682927,0.13658536585365855,190,87,795,699.3951219512195,382,0.3484276729559748,0.546186251534427,0.6666666666666666,1.0,0.625,1.8333333333333333,2.458333333333333,1.1666666666666665,0.5,,0.25,0.125,0.125,0.0,1.0,0.0,0.625,1.6027007818052594,128.875,Brent Chillwater,BP,,Left,1B,372.8121015381095
2690,8,S8,ORD,ORD,0,0,0,1,3,0,1,1,0,0,0,0,0,0,0,0,0,0,0,0,0,0,0,0,1.0,2.0,1,6,3,1,4,"{8014, 8006}",2,2,1,1054.0,6,1.3365343915343915,0.06690000000000002,0.15666643576510536,0,0,ORD,4,1,1,3,1,0,6,2.9317073170731707,0.06829268292682927,0.06829268292682927,190,87,795,699.3951219512195,382,0.3484276729559748,0.546186251534427,0.3333333333333333,0.5,0.6666666666666666,0.3333333333333333,1.0,0.0,0.5,,0.0,0.16666666666666666,0.5,0.0,1.0,0.0,0.6666666666666666,0.34109816971713813,175.66666666666666,Taro Tsujimoto,WC,,Right,2B,153.78662907918005
2691,8,S8,UCL,UCL,1,1,1,1,2,0,1,0,0,1,1,0,0,0,0,1,0,0,0,0,0,1,0,0,3.0,3.0,4,9,7,10,12,"{8009, 8001, 8016}",3,1,5,1326.0,8,6.761807300443664,1.1131000000000002,0.7107002249618657,0,0,UCL,4,4,10,2,1,0,9,6.931707317073171,0.06829268292682927,0.06829268292682927,190,87,795,699.3951219512195,382,0.3484276729559748,0.546186251534427,0.5714285714285714,1.0,0.6666666666666666,1.4285714285714286,2.0952380952380953,0.8571428571428572,0.5,,0.1111111111111111,0.0,0.2222222222222222,0.3333333333333333,0.3333333333333333,1.0,0.6666666666666666,1.4426460239268122,165.75,Francesco Hardgust,BC,,Left,CF,355.4665232755358
2692,8,S8,PAN,PAN,0,1,0,2,1,0,3,3,0,1,1,2,0,1,0,3,1,0,0,1,0,0,0,0,1.0,5.0,3,14,12,5,5,"{8008, 8003, 8012, 8013}",4,1,2,4036.0,14,-3.3819296864751407,-0.08879999999999999,-0.2806604771183485,0,0,PAN,4,3,5,1,3,0,14,12.795121951219512,0.06829268292682927,0.20487804878048782,190,87,795,699.3951219512195,382,0.3484276729559748,0.546186251534427,0.25,0.2,0.2857142857142857,0.4166666666666667,0.7023809523809523,0.16666666666666669,0.3,0.0,0.0,0.21428571428571427,0.07142857142857142,0.42857142857142855,0.42857142857142855,1.0,0.2857142857142857,0.390773922988944,288.2857142857143,Bryce Parker,WC,,Right,SS,53.546941282606554
2693,8,S8,UCL,UCL,0,0,0,0,0,0,2,2,1,0,0,0,0,0,0,0,0,0,0,0,0,0,0,0,0.0,1.0,0,4,4,0,0,"{8009, 8005}",2,0,0,697.0,3,-1.9844313262495081,-0.1322,-0.18310113488384,0,0,UCL,3,0,0,0,2,0,4,3.8634146341463413,0.06829268292682927,0.13658536585365855,190,87,795,699.3951219512195,382,0.3484276729559748,0.546186251534427,0.0,0.0,0.0,0.0,0.0,0.0,0.0,,0.0,0.5,0.0,0.0,1.0,0.0,0.0,0.0,232.33333333333334,Alex York,BC,,Right,RF,-100.0
2696,8,S8,MSU,MSU,0,0,1,0,0,0,2,3,0,0,0,1,0,0,0,1,0,0,0,0,0,0,0,0,1.0,5.0,1,7,7,2,2,"{8016, 8007}",2,0,1,2070.0,7,-1.2160411978593797,-0.26680000000000004,-0.09475562373899404,0,0,MSU,4,1,2,0,2,0,7,6.863414634146341,0.06829268292682927,0.13658536585365855,190,87,795,699.3951219512195,382,0.3484276729559748,0.546186251534427,0.14285714285714285,0.2,0.14285714285714285,0.2857142857142857,0.42857142857142855,0.14285714285714285,0.25,,0.0,0.42857142857142855,0.0,0.3333333333333333,0.6666666666666666,0.5,0.14285714285714285,0.2914001421464108,295.7142857142857,Seanye West,TT,,Left,C,-5.647694230166045
2697,8,S8,HRW,HRW,0,0,1,0,2,0,2,0,0,1,0,0,0,0,0,0,0,0,0,0,0,0,0,0,0.0,1.0,1,6,4,2,3,"{8010, 8005}",2,1,0,994.0,5,-1.3772620140801957,0.038500000000000006,-0.11471320479635333,0,0,HRW,3,1,2,2,2,0,6,3.8634146341463413,0.06829268292682927,0.13658536585365855,190,87,795,699.3951219512195,382,0.3484276729559748,0.546186251534427,0.25,0.0,0.5,0.5,1.0,0.25,0.25,,0.0,0.0,0.3333333333333333,0.0,0.6666666666666666,0.0,0.5,0.5176767676767677,198.8,Pistachio Chuckleworth,XB,,Left,1B,138.28206842080246
2698,8,S8,UCL,UCL,0,0,0,0,0,0,1,5,0,1,1,1,0,0,0,2,0,0,0,0,0,0,0,0,0.0,1.0,0,9,9,0,0,"{8009, 8001, 8016, 8005}",4,0,0,3152.0,9,-2.364669202851021,-0.20450000000000002,-0.20194742536760277,0,0,UCL,4,0,0,0,1,0,9,8.93170731707317,0.06829268292682927,0.06829268292682927,190,87,795,699.3951219512195,382,0.3484276729559748,0.546186251534427,0.0,0.0,0.0,0.0,0.0,0.0,0.0,,0.0,0.5555555555555556,0.0,0.5,0.25,2.0,0.0,0.0,350.22222222222223,Bubba Sanders,TT,,Right,C,-100.0
2699,8,S8,ORD,ORD,0,0,1,0,1,0,2,0,0,0,2,1,0,0,0,3,2,0,0,0,0,0,0,0,0.0,2.0,1,7,6,2,3,"{8014, 8010, 8006}",3,0,0,1913.0,7,-2.890873015873016,-0.1796,-0.2622388055403576,0,0,ORD,4,1,2,1,2,0,7,5.863414634146341,0.06829268292682927,0.13658536585365855,190,87,795,699.3951219512195,382,0.3484276729559748,0.546186251534427,0.16666666666666666,0.0,0.2857142857142857,0.3333333333333333,0.6190476190476191,0.16666666666666666,0.16666666666666666,,0.0,0.0,0.14285714285714285,0.6,0.4,1.4999999999999998,0.2857142857142857,0.34109816971713813,273.2857142857143,Marcus Dead,EN,,Left,SS,44.451920466493114
2700,8,S8,MCH,MCH,0,0,0,1,0,0,0,3,1,0,1,0,0,0,0,1,0,0,0,0,0,0,0,0,0.0,0.0,1,5,5,1,1,"{8008, 8015}",2,0,0,1153.0,4,-0.5533679283679284,-0.008399999999999998,-0.03615929566040431,0,0,MCH,4,1,1,0,0,0,5,5.0,0.06829268292682927,0.0,190,87,795,699.3951219512195,382,0.3484276729559748,0.546186251534427,0.2,,0.2,0.2,0.4,0.0,0.5,,0.0,0.6,0.0,1.0,0.0,inf,0.2,0.2,288.25,Desmond Miles,BN,,Right,SS,-5.981732326443034
2701,8,S8,PAN,PAN,0,0,0,2,1,0,0,1,0,0,1,2,0,0,0,3,0,0,0,0,0,0,0,0,2.0,3.0,2,7,6,2,3,"{8003, 8012}",2,2,2,1969.0,7,0.41416655734837554,-0.012299999999999995,0.06826515178178148,0,0,PAN,3,2,2,1,0,0,7,6.0,0.06829268292682927,0.0,190,87,795,699.3951219512195,382,0.3484276729559748,0.546186251534427,0.3333333333333333,0.6666666666666666,0.42857142857142855,0.3333333333333333,0.7619047619047619,0.0,0.4,,0.0,0.14285714285714285,0.14285714285714285,1.0,0.0,inf,0.42857142857142855,0.3333333333333333,281.2857142857143,Bartholomew J. Ringwald,BC,,Left,2B,84.03078994243333
2702,8,S8,PUR,PUR,1,0,1,2,1,0,1,2,0,0,0,0,0,0,0,0,0,0,0,1,0,1,0,0,0.0,1.0,4,8,7,8,9,"{8009, 8002, 8013, 8006}",4,3,2,1619.0,9,1.719634607816426,0.18850000000000003,0.20648295569914193,0,0,PUR,4,4,8,1,1,0,8,6.931707317073171,0.06829268292682927,0.06829268292682927,190,87,795,699.3951219512195,382,0.3484276729559748,0.546186251534427,0.5714285714285714,0.0,0.625,1.1428571428571428,1.7678571428571428,0.5714285714285714,0.75,0.0,0.125,0.25,0.125,0.0,1.0,0.0,0.625,1.1541168191414497,179.88888888888889,Tomathius Neillson,SM,,Right,2B,290.68188288035645
2704,8,S8,MSU,MSU,0,0,1,2,0,0,1,2,0,1,0,0,0,0,0,0,0,0,1,0,0,0,0,0,2.0,2.0,3,7,7,4,5,"{8016, 8007}",2,1,1,1734.0,8,0.7029233897415716,0.23010000000000003,0.10097633445637881,0,0,MSU,4,3,4,0,1,0,7,6.931707317073171,0.06829268292682927,0.06829268292682927,190,87,795,699.3951219512195,382,0.3484276729559748,0.546186251534427,0.42857142857142855,1.0,0.42857142857142855,0.5714285714285714,1.0,0.14285714285714285,0.6,1.0,0.0,0.2857142857142857,0.0,0.0,0.5,0.0,0.42857142857142855,0.5770584095707249,216.75,Dirk Diggler,S,,Right,SS,128.65386047060633
2705,8,S8,HRW,HRW,0,0,0,0,1,0,5,0,0,1,1,0,0,0,0,1,0,0,0,0,0,0,0,0,0.0,2.0,0,8,7,0,1,"{8002, 8005, 8015}",3,1,0,2038.0,8,-1.178272064635701,-0.0706,-0.08714321098134846,0,0,HRW,4,0,0,1,5,0,8,6.658536585365853,0.06829268292682927,0.34146341463414637,190,87,795,699.3951219512195,382,0.3484276729559748,0.546186251534427,0.0,0.0,0.125,0.0,0.125,0.0,0.0,,0.0,0.0,0.125,0.14285714285714285,0.7142857142857143,0.19999999999999998,0.125,0.0,254.75,Pepe Silva,BN,,Right,LF,-64.12454873646209
2706,8,S8,ORD,ORD,0,0,0,0,0,0,2,2,0,0,1,1,0,1,0,2,0,0,0,0,0,0,0,0,0.0,0.0,0,6,5,0,0,"{8001, 8014, 8006}",3,0,1,1943.0,6,-0.3277646595828415,-0.0819,-0.009763469346617922,0,0,ORD,4,0,0,0,2,0,6,5.863414634146341,0.06829268292682927,0.13658536585365855,190,87,795,699.3951219512195,382,0.3484276729559748,0.546186251534427,0.0,,0.0,0.0,0.0,0.0,0.0,,0.0,0.3333333333333333,0.0,0.5,0.5,1.0,0.0,0.0,323.8333333333333,Cameron Trinidad,BP,,Right,1B,-100.0
2708,8,S8,MCH,MCH,0,0,1,0,1,0,0,2,0,0,1,1,0,0,0,2,1,0,0,0,0,0,0,0,0.0,1.0,1,6,5,2,3,"{8008, 8004, 8015}",3,0,1,1633.0,6,-1.2021426385062743,-0.032100000000000004,-0.09720126723896122,0,0,MCH,4,1,2,1,0,0,6,5.0,0.06829268292682927,0.0,190,87,795,699.3951219512195,382,0.3484276729559748,0.546186251534427,0.2,0.0,0.3333333333333333,0.4,0.7333333333333334,0.2,0.3333333333333333,,0.0,0.3333333333333333,0.16666666666666666,1.0,0.0,inf,0.3333333333333333,0.4,272.1666666666667,Saul Pewald,WC,,Right,1B,68.90296133989371
2709,8,S8,PAN,PAN,1,0,0,1,1,0,0,1,0,1,0,1,0,0,0,1,0,0,0,0,0,1,0,0,0.0,2.0,2,6,5,5,6,"{8003, 8012}",2,1,2,1459.0,6,2.009907516725699,0.1543,0.22400374828423608,0,0,PAN,3,2,5,1,0,0,6,5.0,0.06829268292682927,0.0,190,87,795,699.3951219512195,382,0.3484276729559748,0.546186251534427,0.4,0.0,0.5,1.0,1.5,0.6,0.3333333333333333,,0.16666666666666666,0.16666666666666666,0.16666666666666666,0.5,0.0,inf,0.5,1.0,243.16666666666666,Batslap McGriff,1B,,Right,3B,226.58953331363313
2710,8,S8,PUR,PUR,2,0,1,1,0,0,0,1,0,0,1,0,0,0,0,1,1,0,0,0,2,0,0,0,1.0,1.0,4,6,6,11,11,"{8013, 8006}",2,2,3,870.0,6,2.5307142857142857,0.16000000000000003,0.2760844251830948,0,0,PUR,4,4,11,0,0,0,6,6.0,0.06829268292682927,0.0,190,87,795,699.3951219512195,382,0.3484276729559748,0.546186251534427,0.6666666666666666,1.0,0.6666666666666666,1.8333333333333333,2.5,1.1666666666666665,0.6666666666666666,,0.3333333333333333,0.16666666666666666,0.0,1.0,0.0,inf,0.6666666666666666,1.8333333333333333,145.0,Sterling Turlington,HK,,Right,CF,426.99657521458494
2712,8,S8,MCH,MCH,0,0,0,1,1,0,0,3,0,0,1,0,0,0,0,1,0,0,0,0,0,0,0,0,0.0,1.0,1,6,5,1,2,"{8008, 8004, 8015}",3,1,0,1568.0,6,-0.24028286528286524,-0.1123,-0.001015289916620296,0,0,MCH,4,1,1,1,0,0,6,5.0,0.06829268292682927,0.0,190,87,795,699.3951219512195,382,0.3484276729559748,0.546186251534427,0.2,0.0,0.3333333333333333,0.2,0.5333333333333333,0.0,0.5,,0.0,0.5,0.16666666666666666,1.0,0.0,inf,0.3333333333333333,0.2,261.3333333333333,Neddy Edgewise,BC,,Left,C,32.285415687997386
2713,8,S8,PAN,PAN,1,0,1,1,1,0,1,1,0,0,1,1,0,0,0,2,0,0,0,1,0,1,0,0,0.0,1.0,3,8,7,7,8,"{8003, 8012, 8013}",3,1,2,2068.0,9,0.03326730508548731,0.12519999999999998,0.03784622542604805,0,0,PAN,4,3,7,1,1,0,8,6.931707317073171,0.06829268292682927,0.06829268292682927,190,87,795,699.3951219512195,382,0.3484276729559748,0.546186251534427,0.42857142857142855,0.0,0.5,1.0,1.5,0.5714285714285714,0.4,0.0,0.125,0.125,0.125,0.6666666666666666,0.3333333333333333,2.0,0.5,1.0098522167487685,229.77777777777777,Derry Murbles,XB,,Right,3B,228.3933532964852
2715,8,S8,ORD,ORD,1,0,1,0,0,0,4,0,0,1,1,1,0,0,0,2,2,0,0,0,1,0,0,0,0.0,1.0,2,9,9,6,6,"{8001, 8014, 8006}",3,2,1,2142.0,9,-2.6367510099328277,-0.1569,-0.22915560607578345,0,0,ORD,4,2,6,0,4,0,9,8.726829268292683,0.06829268292682927,0.2731707317073171,190,87,795,699.3951219512195,382,0.3484276729559748,0.546186251534427,0.2222222222222222,0.0,0.2222222222222222,0.6666666666666666,0.8888888888888888,0.4444444444444444,0.125,,0.1111111111111111,0.0,0.0,0.2857142857142857,0.5714285714285714,0.5,0.2222222222222222,0.6875349357182784,238.0,King Raj,1B,,Right,2B,89.65778950375562
2716,8,S8,MCH,MCH,0,0,0,0,2,0,1,2,0,0,0,0,0,1,0,0,0,0,0,0,0,0,0,0,0.0,0.0,0,5,2,0,2,"{8011, 8004, 8015}",3,0,1,1033.0,5,0.6562748194566375,0.0148,0.08480497912205227,0,0,MCH,4,0,0,2,1,0,5,2.9317073170731707,0.06829268292682927,0.06829268292682927,190,87,795,699.3951219512195,382,0.3484276729559748,0.546186251534427,0.0,,0.4,0.0,0.4,0.0,0.0,,0.0,0.4,0.4,0.0,1.0,0.0,0.4,0.0,206.6,Pinch Panchley,WC,,Right,LF,14.801444043321311
2717,8,S8,PUR,PUR,0,0,0,0,1,0,1,0,0,2,1,0,0,0,0,1,0,0,0,0,0,0,0,0,0.0,2.0,0,5,4,0,1,"{8009, 8006}",2,1,0,1536.0,5,-1.0369058550876735,-0.062,-0.08451308833237882,0,0,PUR,3,0,0,1,1,0,5,3.9317073170731707,0.06829268292682927,0.06829268292682927,190,87,795,699.3951219512195,382,0.3484276729559748,0.546186251534427,0.0,0.0,0.2,0.0,0.2,0.0,0.0,,0.0,0.0,0.2,0.25,0.25,1.0,0.2,0.0,307.2,Jim Bob Bunting,BP,,Right,2B,-42.599277978339344
2718,8,S8,MSU,MSU,0,0,1,1,0,0,0,1,0,2,1,0,0,0,0,1,0,0,0,0,0,0,0,0,1.0,2.0,2,6,6,3,3,"{8016, 8007}",2,0,0,1643.0,6,-1.0281004349186165,-0.018899999999999986,-0.07979704688019543,0,0,MSU,4,2,3,0,0,0,6,6.0,0.06829268292682927,0.0,190,87,795,699.3951219512195,382,0.3484276729559748,0.546186251534427,0.3333333333333333,0.5,0.3333333333333333,0.5,0.8333333333333333,0.16666666666666669,0.4,,0.0,0.16666666666666666,0.0,0.3333333333333333,0.0,inf,0.3333333333333333,0.5,273.8333333333333,Ghee Buttersnaps,XB,,Right,3B,87.21173416584185
2719,8,S8,MSU,MSU,0,0,0,0,0,0,0,1,0,1,2,2,0,0,0,4,0,0,0,0,0,0,0,0,0.0,1.0,0,6,6,0,0,"{8011, 8003}",2,0,0,2401.0,6,-1.82644190826009,-0.09949999999999999,-0.15963119421434277,0,0,MSU,3,0,0,0,0,0,6,6.0,0.06829268292682927,0.0,190,87,795,699.3951219512195,382,0.3484276729559748,0.546186251534427,0.0,0.0,0.0,0.0,0.0,0.0,0.0,,0.0,0.16666666666666666,0.0,0.8,0.0,inf,0.0,0.0,400.1666666666667,Bill Ponderosa,XB,,Left,RF,-100.0
2720,8,S8,HRW,HRW,0,0,1,2,0,0,0,0,0,2,2,1,0,0,0,3,0,0,0,0,0,0,0,0,1.0,1.0,3,8,8,4,4,"{8002, 8010, 8015}",3,0,1,2314.0,8,0.4732804232804233,0.0053999999999999986,0.07801203781026396,0,0,HRW,4,3,4,0,0,0,8,8.0,0.06829268292682927,0.0,190,87,795,699.3951219512195,382,0.3484276729559748,0.546186251534427,0.375,1.0,0.375,0.5,0.875,0.125,0.375,,0.0,0.0,0.0,0.6,0.0,inf,0.375,0.5,289.25,Lee Luda,SF,,Left,C,99.17021792035447
2722,8,S8,HRW,HRW,0,2,0,1,1,0,0,1,0,1,0,2,0,0,0,2,0,0,1,1,0,0,0,0,0.0,0.0,3,8,7,7,9,"{8002, 8010, 8015}",3,1,0,2308.0,10,-0.3914143600507237,-0.0075000000000000015,-0.0007864416522953249,0,0,HRW,4,3,7,1,0,0,8,7.0,0.06829268292682927,0.0,190,87,795,699.3951219512195,382,0.3484276729559748,0.546186251534427,0.42857142857142855,,0.5,1.0,1.5,0.5714285714285714,0.5,0.5,0.0,0.125,0.125,0.6666666666666666,0.0,inf,0.5,1.0,230.8,Teddy Bigstick,BC,,Right,2B,226.58953331363313
2723,11,S11,BDE,BDE,1,0,2,1,0,0,1,2,0,1,2,2,0,0,0,4,1,0,0,0,1,0,0,0,1.0,5.0,4,12,12,9,9,"{11008, 11010, 11014, 11017, 11006}",5,1,2,2727.0,12,0.24433124843652787,0.0798,0.06610515250900144,1,0,BDE,6,4,9,0,1,0,12,11.95497382198953,0.04502617801047121,0.04502617801047121,225,77,912,828.8764397905759,460,0.33114035087719296,0.5549681205997647,0.3333333333333333,0.2,0.3333333333333333,0.75,1.0833333333333333,0.4166666666666667,0.3333333333333333,,0.08333333333333333,0.16666666666666666,0.0,0.6666666666666666,0.16666666666666666,4.0,0.3333333333333333,0.7528247350442322,227.25,Matias Thagod,MH,,Left,C,136.3141399534002
2725,8,S8,MCH,MCH,1,0,0,0,0,0,1,3,0,0,1,1,0,0,0,2,1,0,0,0,0,1,0,0,0.0,0.0,1,7,7,4,4,"{8011, 8004, 8015}",3,1,2,1815.0,7,-0.14595216231579866,0.17519999999999997,0.01225327981536406,0,0,MCH,4,1,4,0,1,0,7,6.931707317073171,0.06829268292682927,0.06829268292682927,190,87,795,699.3951219512195,382,0.3484276729559748,0.546186251534427,0.14285714285714285,,0.14285714285714285,0.5714285714285714,0.7142857142857142,0.42857142857142855,0.0,,0.14285714285714285,0.42857142857142855,0.0,0.6666666666666666,0.3333333333333333,2.0,0.14285714285714285,0.5770584095707249,259.2857142857143,Grandé Büll,XB,,Right,RF,46.65282901109107
2726,8,S8,ORD,ORD,1,0,1,1,1,0,0,1,0,1,0,0,0,0,0,0,0,0,0,0,0,1,0,0,2.0,2.0,3,6,5,7,7,"{8010, 8006}",2,2,2,827.0,5,2.799550483186847,1.0146,0.3029680449303509,1,0,ORD,3,3,7,1,0,0,6,5.0,0.06829268292682927,0.0,190,87,795,699.3951219512195,382,0.3484276729559748,0.546186251534427,0.6,1.0,0.6666666666666666,1.4,2.0666666666666664,0.7999999999999999,0.6666666666666666,,0.16666666666666666,0.16666666666666666,0.16666666666666666,0.0,0.0,,0.6666666666666666,1.4,165.4,Jay Martell,TT,,Left,SS,347.6585596354763
2727,8,S8,PUR,PUR,0,0,0,1,2,0,1,1,0,2,0,1,0,0,0,1,0,0,0,0,0,0,0,0,1.0,3.0,1,8,6,1,3,"{8002, 8013, 8006}",3,2,0,1908.0,8,-1.2914274782456603,0.026200000000000005,-0.0984587523423444,0,0,PUR,4,1,1,2,1,0,8,5.931707317073171,0.06829268292682927,0.06829268292682927,190,87,795,699.3951219512195,382,0.3484276729559748,0.546186251534427,0.16666666666666666,0.3333333333333333,0.375,0.16666666666666666,0.5416666666666666,0.0,0.2,,0.0,0.125,0.25,0.25,0.25,1.0,0.375,0.16858552631578946,238.5,Brendan Donahue,XB,,Left,3B,38.492294821200645
2728,8,S8,MSU,MSU,0,0,0,1,1,0,1,0,0,0,3,2,0,0,0,5,1,0,0,0,0,0,0,0,1.0,3.0,1,8,7,1,1,"{8016, 8011, 8007}",3,1,1,2564.0,7,-0.7624917506735689,-0.04970000000000001,-0.04556517958513525,0,0,MSU,4,1,1,1,1,0,8,6.931707317073171,0.06829268292682927,0.06829268292682927,190,87,795,699.3951219512195,382,0.3484276729559748,0.546186251534427,0.14285714285714285,0.3333333333333333,0.25,0.14285714285714285,0.39285714285714285,0.0,0.14285714285714285,,0.0,0.0,0.125,0.8333333333333334,0.16666666666666666,5.000000000000001,0.25,0.1442646023926812,366.2857142857143,Clintek Starkiller,XB,,Right,C,-1.8360191525908176
2729,8,S8,TEN,TEN,1,0,0,0,0,0,1,2,1,2,0,1,0,0,0,1,0,0,0,0,0,0,1,0,1.0,1.0,1,7,7,4,4,"{8012, 8004, 8014, 8007}",4,1,3,1699.0,6,0.5004895273077093,0.07650000000000001,0.07689744877771487,0,0,TEN,4,1,4,0,1,0,7,6.931707317073171,0.06829268292682927,0.06829268292682927,190,87,795,699.3951219512195,382,0.3484276729559748,0.546186251534427,0.14285714285714285,1.0,0.14285714285714285,0.5714285714285714,0.7142857142857142,0.42857142857142855,0.0,,0.14285714285714285,0.2857142857142857,0.0,0.25,0.25,1.0,0.14285714285714285,0.5770584095707249,283.1666666666667,Nobes Savage,WC,,Right,2B,46.65282901109107
2730,8,S8,ORD,ORD,0,0,1,2,1,0,1,0,0,1,2,1,0,0,0,3,0,0,0,0,0,0,0,0,1.0,2.0,3,9,8,4,5,"{8001, 8010, 8014, 8006}",4,1,1,1912.0,9,1.874100310463947,0.11320000000000004,0.22192952596389404,0,0,ORD,4,3,4,1,1,0,9,7.931707317073171,0.06829268292682927,0.06829268292682927,190,87,795,699.3951219512195,382,0.3484276729559748,0.546186251534427,0.375,0.5,0.4444444444444444,0.5,0.9444444444444444,0.125,0.375,,0.0,0.0,0.1111111111111111,0.6,0.2,2.9999999999999996,0.4444444444444444,0.5043050430504306,212.44444444444446,Laars Nootbaar jr,MH,,Left,1B,119.88922473003814
2732,8,S8,PUR,PUR,1,0,0,0,1,0,2,2,0,1,1,0,0,0,0,1,0,0,0,0,1,0,0,0,0.0,0.0,1,8,7,4,5,"{8009, 8002, 8013}",3,1,1,2238.0,8,0.045899470899470995,0.07469999999999999,0.03527394257216873,0,0,PUR,4,1,4,1,2,0,8,6.863414634146341,0.06829268292682927,0.13658536585365855,190,87,795,699.3951219512195,382,0.3484276729559748,0.546186251534427,0.14285714285714285,,0.25,0.5714285714285714,0.8214285714285714,0.42857142857142855,0.0,,0.125,0.25,0.125,0.25,0.5,0.5,0.25,0.5828002842928216,279.75,Satoshi Okamoto,BP,,Right,SS,78.45448260722851
2733,8,S8,TEN,TEN,0,0,0,0,1,0,2,0,0,2,1,1,0,2,0,2,0,0,0,0,0,0,0,0,0.0,2.0,0,7,4,0,0,"{8004, 8014, 8007}",3,1,2,2053.0,6,-3.0549457781275966,-0.16469999999999999,-0.27864608176581573,0,0,TEN,4,0,0,1,2,0,7,5.863414634146341,0.06829268292682927,0.13658536585365855,190,87,795,699.3951219512195,382,0.3484276729559748,0.546186251534427,0.0,0.0,0.14285714285714285,0.0,0.14285714285714285,0.0,0.0,,0.0,0.0,0.14285714285714285,0.3333333333333333,0.3333333333333333,1.0,0.14285714285714285,0.0,342.1666666666667,Deebo Rodriguez,BP,,Right,CF,-58.9994842702424
2734,8,S8,MSU,MSU,0,0,1,1,0,0,2,2,0,0,0,2,0,0,0,2,0,0,0,0,0,0,0,0,1.0,4.0,2,8,8,3,3,"{8011, 8003, 8007}",3,0,0,2102.0,8,-1.4637828501464865,-0.1544,-0.11569428953242701,0,0,MSU,3,2,3,0,2,0,8,7.863414634146341,0.06829268292682927,0.13658536585365855,190,87,795,699.3951219512195,382,0.3484276729559748,0.546186251534427,0.25,0.25,0.25,0.375,0.625,0.125,0.3333333333333333,,0.0,0.25,0.0,0.5,0.5,1.0,0.25,0.3815136476426799,262.75,Enrique Rosales,XB,,Right,3B,41.60136957396239
2736,8,S8,PAN,PAN,0,0,0,1,1,0,2,1,0,0,1,0,0,0,0,1,1,0,0,1,0,0,0,0,1.0,3.0,1,6,5,1,2,"{8008, 8013}",2,0,1,1812.0,7,-0.21612444794262975,-0.2793,0.005236051252680972,0,0,PAN,4,1,1,1,2,0,6,4.863414634146341,0.06829268292682927,0.13658536585365855,190,87,795,699.3951219512195,382,0.3484276729559748,0.546186251534427,0.2,0.3333333333333333,0.3333333333333333,0.2,0.5333333333333333,0.0,0.25,0.0,0.0,0.16666666666666666,0.16666666666666666,0.3333333333333333,0.6666666666666666,0.5,0.3333333333333333,0.20561685055165496,258.85714285714283,James Jameson CDXX,S,NH-S,Left,3B,33.31379209547292
2737,8,S8,MSU,MSU,0,0,1,1,0,0,0,4,0,3,0,0,0,0,0,0,0,0,0,0,0,0,0,0,0.0,1.0,2,9,9,3,3,"{8011, 8003, 8007}",3,1,0,2305.0,9,-1.4902247584065764,-0.026000000000000023,-0.1145029809231583,0,0,MSU,3,2,3,0,0,0,9,9.0,0.06829268292682927,0.0,190,87,795,699.3951219512195,382,0.3484276729559748,0.546186251534427,0.2222222222222222,0.0,0.2222222222222222,0.3333333333333333,0.5555555555555556,0.1111111111111111,0.4,,0.0,0.4444444444444444,0.0,0.0,0.0,,0.2222222222222222,0.3333333333333333,256.1111111111111,J.T. Foxx,XB,,Right,SS,24.807822777227884
2739,8,S8,ORD,ORD,0,1,1,0,0,0,1,1,0,0,1,1,0,0,0,2,1,0,0,0,0,0,0,0,1.0,2.0,2,6,6,5,5,"{8001, 8010}",2,1,2,1343.0,6,-0.05544951681315258,-0.03399999999999999,0.01746804493035095,0,0,ORD,3,2,5,0,1,0,6,5.931707317073171,0.06829268292682927,0.06829268292682927,190,87,795,699.3951219512195,382,0.3484276729559748,0.546186251534427,0.3333333333333333,0.5,0.3333333333333333,0.8333333333333334,1.1666666666666667,0.5,0.4,,0.0,0.16666666666666666,0.0,0.6666666666666666,0.3333333333333333,2.0,0.3333333333333333,0.8429276315789473,223.83333333333334,Jim Holden,BP,,Left,3B,149.99757518903576
2740,8,S8,MCH,MCH,0,0,1,2,2,0,1,0,0,1,0,0,0,0,0,0,0,0,0,0,0,0,0,0,1.0,1.0,3,7,5,4,6,"{8011, 8004, 8015}",3,2,1,1007.0,7,1.8998331298331297,0.1281,0.2168318090302569,0,0,MCH,4,3,4,2,1,0,7,4.931707317073171,0.06829268292682927,0.06829268292682927,190,87,795,699.3951219512195,382,0.3484276729559748,0.546186251534427,0.6,1.0,0.7142857142857143,0.8,1.5142857142857142,0.20000000000000007,0.6,,0.0,0.0,0.2857142857142857,0.0,0.5,0.0,0.7142857142857143,0.811078140454995,143.85714285714286,Justin P. L. Griffin,XB,,Right,2B,253.50103282561776
2742,8,S8,PAN,PAN,1,0,0,0,1,0,0,1,0,1,1,1,0,0,0,2,1,0,1,0,0,1,0,0,0.0,2.0,1,6,5,4,6,"{8008, 8003}",2,1,2,1784.0,7,-0.34894179894179866,-0.05659999999999997,-0.00804568384723596,0,0,PAN,2,1,4,1,0,0,6,5.0,0.06829268292682927,0.0,190,87,795,699.3951219512195,382,0.3484276729559748,0.546186251534427,0.2,0.0,0.3333333333333333,0.8,1.1333333333333333,0.6000000000000001,0.0,1.0,0.16666666666666666,0.16666666666666666,0.16666666666666666,0.6666666666666666,0.0,inf,0.3333333333333333,0.8,254.85714285714286,Sheesh McBauls,WC,,Right,RF,142.1380526436863
2745,8,S8,TEN,TEN,0,0,1,2,1,0,0,1,0,0,3,2,0,0,0,5,0,0,1,1,0,0,0,0,1.0,5.0,3,10,9,4,6,"{8004, 8014, 8012}",3,1,1,3092.0,12,-0.22875530193712007,-0.278,0.023150463029620427,1,0,TEN,4,3,4,1,0,0,10,9.0,0.06829268292682927,0.0,190,87,795,699.3951219512195,382,0.3484276729559748,0.546186251534427,0.3333333333333333,0.2,0.4,0.4444444444444444,0.8444444444444444,0.1111111111111111,0.375,0.5,0.0,0.1,0.1,1.0,0.0,inf,0.4,0.4444444444444444,257.6666666666667,Nicholas van leer,BC,,Right,C,96.17376771420199
2746,8,S8,MSU,MSU,0,0,1,4,3,0,1,0,0,0,1,1,0,0,0,2,0,0,0,0,0,0,0,0,0.0,1.0,5,11,8,6,9,"{8016, 8011, 8003, 8007}",4,1,0,1850.0,11,1.9146029559665927,0.1526,0.233650789384714,0,0,MSU,4,5,6,3,1,0,11,7.931707317073171,0.06829268292682927,0.06829268292682927,190,87,795,699.3951219512195,382,0.3484276729559748,0.546186251534427,0.625,0.0,0.7272727272727273,0.75,1.4772727272727273,0.125,0.625,,0.0,0.0,0.2727272727272727,0.6666666666666666,0.3333333333333333,2.0,0.7272727272727273,0.7564575645756457,168.1818181818182,Jaquezz Thompson,WC,,Right,SS,247.2279952834392
2747,8,S8,ORD,ORD,0,0,2,1,0,0,0,1,0,1,0,0,0,0,0,0,0,0,0,0,0,0,0,0,0.0,0.0,3,5,5,5,5,"{8014, 8006}",2,1,0,808.0,5,0.850410162228344,0.0751,0.10421851339922292,0,0,ORD,4,3,5,0,0,0,5,5.0,0.06829268292682927,0.0,190,87,795,699.3951219512195,382,0.3484276729559748,0.546186251534427,0.6,,0.6,1.0,1.6,0.4,0.75,,0.0,0.2,0.0,0.0,0.0,,0.6,1.0,161.6,Franklin Poffenberger,XB,,Left,2B,255.28989432446346
2748,8,S8,MCH,MCH,0,0,0,1,0,0,1,1,0,0,0,4,0,0,0,4,1,0,0,0,0,0,0,0,0.0,2.0,1,7,7,1,1,"{8008, 8011, 8004, 8015}",4,0,0,2627.0,7,-2.5252645502645503,-0.16299999999999998,-0.2256779589795111,0,0,MCH,4,1,1,0,1,0,7,6.931707317073171,0.06829268292682927,0.06829268292682927,190,87,795,699.3951219512195,382,0.3484276729559748,0.546186251534427,0.14285714285714285,0.0,0.14285714285714285,0.14285714285714285,0.2857142857142857,0.0,0.16666666666666666,,0.0,0.14285714285714285,0.0,0.8,0.2,4.0,0.14285714285714285,0.1442646023926812,375.2857142857143,Tootblan,BC,,Right,2B,-32.58640594990902
2749,8,S8,HRW,HRW,0,0,0,1,1,0,2,1,0,0,0,0,0,0,0,0,0,0,0,0,0,0,0,0,0.0,1.0,1,5,4,1,2,"{8002, 8005}",2,1,0,935.0,5,-0.26408221408221405,0.0321,-0.00723072423183288,0,0,HRW,2,1,1,1,2,0,5,3.8634146341463413,0.06829268292682927,0.13658536585365855,190,87,795,699.3951219512195,382,0.3484276729559748,0.546186251534427,0.25,0.0,0.4,0.25,0.65,0.0,0.3333333333333333,,0.0,0.2,0.2,0.0,1.0,0.0,0.4,0.25883838383838387,187.0,Jamaal Akbar Shabazz Baglins,EN,,Right,SS,62.19157572664671
2752,8,S8,PAN,PAN,2,0,0,1,2,0,1,2,0,1,0,0,0,0,0,0,0,0,1,0,2,0,0,0,0.0,1.0,3,9,7,9,12,"{8008, 8003, 8013}",3,3,2,1753.0,10,1.3704415954415952,0.16960000000000003,0.17539915389693655,0,0,PAN,4,3,9,2,1,0,9,6.931707317073171,0.06829268292682927,0.06829268292682927,190,87,795,699.3951219512195,382,0.3484276729559748,0.546186251534427,0.42857142857142855,0.0,0.5555555555555556,1.2857142857142858,1.8412698412698414,0.8571428571428572,0.3333333333333333,1.0,0.2222222222222222,0.2222222222222222,0.2222222222222222,0.0,0.5,0.0,0.5555555555555556,1.298381421534131,175.3,Henry Thibodeau,XB,,Right,C,297.1641549431688
2754,8,S8,PUR,PUR,0,1,0,0,1,0,1,3,0,0,1,1,0,0,0,2,1,0,0,0,0,0,0,0,0.0,0.0,1,8,7,3,4,"{8009, 8002, 8013}",3,2,1,2196.0,8,-0.24777755914119526,-0.209,0.005906239568102097,0,0,PUR,4,1,3,1,1,0,8,6.931707317073171,0.06829268292682927,0.06829268292682927,190,87,795,699.3951219512195,382,0.3484276729559748,0.546186251534427,0.14285714285714285,,0.25,0.42857142857142855,0.6785714285714286,0.2857142857142857,0.25,,0.0,0.375,0.125,0.6666666666666666,0.3333333333333333,2.0,0.25,0.4327938071780436,274.5,Jacques François,1B,,Right,2B,50.9901374880759
2759,8,S8,ORD,ORD,0,0,0,1,0,0,0,0,0,0,1,0,0,0,0,1,0,0,0,0,0,0,0,0,1.0,1.0,1,2,2,1,1,{8001},1,1,1,444.0,2,0.7131337181337182,0.11589999999999999,0.07898437068392723,0,0,ORD,1,1,1,0,0,0,2,2.0,0.06829268292682927,0.0,190,87,795,699.3951219512195,382,0.3484276729559748,0.546186251534427,0.5,1.0,0.5,0.5,1.0,0.0,0.5,,0.0,0.0,0.0,1.0,0.0,inf,0.5,0.5,222.0,Bubba Nimbus,1B,,Right,RF,135.04566918389241
2760,8,S8,HRW,HRW,0,1,0,0,1,0,2,1,0,0,2,1,0,0,0,3,2,0,0,0,0,0,0,0,0.0,1.0,1,8,7,3,4,"{8002, 8010, 8015}",3,2,0,2179.0,8,-0.9290740740740742,-0.1661,-0.06222341192518579,0,0,HRW,4,1,3,1,2,0,8,6.863414634146341,0.06829268292682927,0.13658536585365855,190,87,795,699.3951219512195,382,0.3484276729559748,0.546186251534427,0.14285714285714285,0.0,0.25,0.42857142857142855,0.6785714285714286,0.2857142857142857,0.16666666666666666,,0.0,0.125,0.125,0.6,0.4,1.4999999999999998,0.25,0.43710021321961623,272.375,Shorty McDougall,WC,,Left,SS,51.77858758719034
2761,8,S8,HRW,HRW,0,1,0,1,0,0,1,2,0,0,1,1,0,0,0,2,0,0,0,0,0,0,0,0,0.0,0.0,2,7,7,4,4,"{8002, 8005, 8015}",3,1,0,1744.0,7,0.5174471992653811,-0.0077999999999999944,0.07859321597348204,0,0,HRW,4,2,4,0,1,0,7,6.931707317073171,0.06829268292682927,0.06829268292682927,190,87,795,699.3951219512195,382,0.3484276729559748,0.546186251534427,0.2857142857142857,,0.2857142857142857,0.5714285714285714,0.8571428571428571,0.2857142857142857,0.4,,0.0,0.2857142857142857,0.0,0.6666666666666666,0.3333333333333333,2.0,0.2857142857142857,0.5770584095707249,249.14285714285714,Mike LaViva,EN,,Right,C,87.6533447408487
2762,8,S8,PAN,PAN,0,0,2,0,2,0,0,0,0,1,0,1,0,0,0,1,0,0,0,0,0,0,0,0,0.0,2.0,2,6,4,4,6,"{8008, 8013}",2,2,0,1274.0,6,0.5965027396845578,0.030700000000000012,0.08266327058012202,0,0,PAN,4,2,4,2,0,0,6,4.0,0.06829268292682927,0.0,190,87,795,699.3951219512195,382,0.3484276729559748,0.546186251534427,0.5,0.0,0.6666666666666666,1.0,1.6666666666666665,0.5,0.5,,0.0,0.0,0.3333333333333333,0.5,0.0,inf,0.6666666666666666,1.0,212.33333333333334,Billy Beane,BC,,Right,RF,274.4234683316837
2763,8,S8,PUR,PUR,0,0,0,0,2,0,0,1,0,2,1,0,0,0,0,1,0,0,0,0,0,0,0,0,0.0,0.0,0,6,4,0,2,"{8009, 8002}",2,1,0,1844.0,6,0.10410052910052905,-0.043800000000000006,0.03342304952171913,0,0,PUR,3,0,0,2,0,0,6,4.0,0.06829268292682927,0.0,190,87,795,699.3951219512195,382,0.3484276729559748,0.546186251534427,0.0,,0.3333333333333333,0.0,0.3333333333333333,0.0,0.0,,0.0,0.16666666666666666,0.3333333333333333,0.3333333333333333,0.0,inf,0.3333333333333333,0.0,307.3333333333333,BJ Surhoff III,WC,,Right,C,-4.332129963898912
2764,8,S8,UCL,UCL,0,0,0,0,0,0,1,3,0,0,0,1,0,0,0,1,1,0,0,0,0,0,0,0,0.0,1.0,0,5,5,0,0,"{8009, 8001}",2,0,0,1424.0,5,-3.4185316367134546,-0.3304,-0.32267566649495694,0,0,UCL,3,0,0,0,1,0,5,4.931707317073171,0.06829268292682927,0.06829268292682927,190,87,795,699.3951219512195,382,0.3484276729559748,0.546186251534427,0.0,0.0,0.0,0.0,0.0,0.0,0.0,,0.0,0.6,0.0,0.5,0.5,1.0,0.0,0.0,284.8,MiWolfy,XB,,Left,2B,-100.0
2765,8,S8,ORD,ORD,0,0,0,1,0,0,1,0,0,0,1,1,0,0,0,2,0,0,0,0,0,0,0,0,0.0,1.0,1,4,4,1,1,"{8001, 8010}",2,1,0,1187.0,4,-0.8200000000000001,-0.05679999999999999,-0.06665800225888918,0,0,ORD,3,1,1,0,1,0,4,3.9317073170731707,0.06829268292682927,0.06829268292682927,190,87,795,699.3951219512195,382,0.3484276729559748,0.546186251534427,0.25,0.0,0.25,0.25,0.5,0.0,0.25,,0.0,0.0,0.0,0.6666666666666666,0.3333333333333333,2.0,0.25,0.2543424317617866,296.75,Marty Stanky,BP,,Left,1B,18.317880558333542
2768,8,S8,TEN,TEN,0,0,1,0,0,0,0,2,0,2,0,0,0,0,0,0,0,0,0,0,0,0,0,0,0.0,1.0,1,5,5,2,2,"{8004, 8014, 8007}",3,0,0,1373.0,5,0.37949735449735406,0.008899999999999998,0.057127232626123924,0,0,TEN,4,1,2,0,0,0,5,5.0,0.06829268292682927,0.0,190,87,795,699.3951219512195,382,0.3484276729559748,0.546186251534427,0.2,0.0,0.2,0.4,0.6000000000000001,0.2,0.3333333333333333,,0.0,0.4,0.0,0.0,0.0,,0.2,0.4,274.6,Spencer Hart,BP,,Right,1B,30.635813325453263
2770,8,S8,PUR,PUR,0,0,0,0,0,0,0,2,0,0,3,0,0,0,0,3,0,0,0,0,0,0,0,0,0.0,2.0,0,5,5,0,0,"{8013, 8006}",2,0,0,1855.0,5,-1.5915475097293277,-0.16979999999999998,-0.13997725379654424,0,0,PUR,4,0,0,0,0,0,5,5.0,0.06829268292682927,0.0,190,87,795,699.3951219512195,382,0.3484276729559748,0.546186251534427,0.0,0.0,0.0,0.0,0.0,0.0,0.0,,0.0,0.4,0.0,1.0,0.0,inf,0.0,0.0,371.0,Good Juju,HK,,Right,1B,-100.0
2771,8,S8,MCH,MCH,1,0,0,1,1,0,0,1,0,0,1,2,0,0,0,3,0,0,0,0,1,0,0,0,1.0,1.0,2,7,6,5,6,"{8008, 8011, 8004, 8015}",4,1,1,1766.0,7,0.45544973544973555,0.05619999999999999,0.07239346959191749,0,0,MCH,4,2,5,1,0,0,7,6.0,0.06829268292682927,0.0,190,87,795,699.3951219512195,382,0.3484276729559748,0.546186251534427,0.3333333333333333,1.0,0.42857142857142855,0.8333333333333334,1.2619047619047619,0.5,0.25,,0.14285714285714285,0.14285714285714285,0.14285714285714285,1.0,0.0,inf,0.42857142857142855,0.8333333333333334,252.28571428571428,Adam Quinn,MH,,Right,3B,175.57465407217416
2773,8,S8,PAN,PAN,1,0,1,1,1,0,1,4,0,0,0,1,0,0,0,1,1,0,0,0,1,0,0,0,1.0,5.0,3,10,9,7,8,"{8008, 8012, 8013}",3,2,3,2226.0,10,1.5663094144912328,-0.0766,0.19498593580190032,0,0,PAN,4,3,7,1,1,0,10,8.93170731707317,0.06829268292682927,0.06829268292682927,190,87,795,699.3951219512195,382,0.3484276729559748,0.546186251534427,0.3333333333333333,0.2,0.4,0.7777777777777778,1.1777777777777778,0.4444444444444445,0.5,,0.1,0.4,0.1,0.5,0.5,1.0,0.4,0.7837247405789186,222.6,Toky Oto,TT,,Right,LF,158.29182637666702
2774,8,S8,PUR,PUR,0,0,0,0,1,0,1,2,0,1,1,0,0,0,0,1,0,0,0,0,0,0,0,0,0.0,1.0,0,6,5,0,1,"{8009, 8002}",2,0,0,1709.0,6,-0.8864948183130001,-0.0749,-0.06563648521963379,0,0,PUR,3,0,0,1,1,0,6,4.931707317073171,0.06829268292682927,0.06829268292682927,190,87,795,699.3951219512195,382,0.3484276729559748,0.546186251534427,0.0,0.0,0.16666666666666666,0.0,0.16666666666666666,0.0,0.0,,0.0,0.3333333333333333,0.16666666666666666,0.3333333333333333,0.3333333333333333,1.0,0.16666666666666666,0.0,284.8333333333333,Bill Aural Jr. III,XB,,Left,LF,-52.166064981949454
2775,8,S8,MCH,MCH,1,0,0,0,0,0,2,1,0,1,1,1,0,0,0,2,0,0,0,0,0,1,0,0,1.0,1.0,1,7,7,4,4,"{8011, 8004, 8015}",3,1,2,1709.0,7,0.044444444444444425,-0.0991,0.03129294049138838,0,0,MCH,4,1,4,0,2,0,7,6.863414634146341,0.06829268292682927,0.13658536585365855,190,87,795,699.3951219512195,382,0.3484276729559748,0.546186251534427,0.14285714285714285,1.0,0.14285714285714285,0.5714285714285714,0.7142857142857142,0.42857142857142855,0.0,,0.14285714285714285,0.14285714285714285,0.0,0.4,0.4,1.0,0.14285714285714285,0.5828002842928216,244.14285714285714,Hiro Shima,MH,,Right,1B,47.70409580991031
2776,8,S8,MCH,MCH,1,0,0,2,0,0,2,1,0,0,0,0,0,0,0,0,0,0,0,1,1,0,0,0,1.0,1.0,3,6,6,6,6,"{8008, 8011, 8004, 8015}",4,1,2,1340.0,7,0.7869178800996984,0.07129999999999997,0.10554028405691374,0,0,MCH,4,3,6,0,2,0,6,5.863414634146341,0.06829268292682927,0.13658536585365855,190,87,795,699.3951219512195,382,0.3484276729559748,0.546186251534427,0.5,1.0,0.5,1.0,1.5,0.5,0.5,0.0,0.16666666666666666,0.16666666666666666,0.0,0.0,1.0,0.0,0.5,1.0232945091514143,191.42857142857142,Paulie Whippet,XB,,Right,3B,230.8544720750853
2777,8,S8,PAN,PAN,1,0,0,0,0,0,1,1,0,1,0,0,0,0,0,0,0,0,0,0,1,0,0,0,0.0,2.0,1,4,4,4,4,"{8008, 8012}",2,1,1,892.0,4,-0.3807949626131445,-0.0263,-0.02273749852020364,0,0,PAN,3,1,4,0,1,0,4,3.9317073170731707,0.06829268292682927,0.06829268292682927,190,87,795,699.3951219512195,382,0.3484276729559748,0.546186251534427,0.25,0.0,0.25,1.0,1.25,0.75,0.0,,0.25,0.25,0.0,0.0,0.5,0.0,0.25,1.0173697270471465,223.0,Grassfed Cottonwood,XB,,Left,1B,158.01881465210664
2778,8,S8,PUR,PUR,2,0,2,0,0,0,2,1,0,1,0,0,0,0,0,0,0,0,0,0,1,1,0,0,2.0,2.0,4,8,8,12,12,"{8002, 8013, 8006}",3,2,5,730.0,8,3.056506624688443,0.22680000000000003,0.33633465795106593,0,0,PUR,4,4,12,0,2,0,8,7.863414634146341,0.06829268292682927,0.13658536585365855,190,87,795,699.3951219512195,382,0.3484276729559748,0.546186251534427,0.5,1.0,0.5,1.5,2.0,1.0,0.4,,0.25,0.125,0.0,0.0,0.6666666666666666,0.0,0.5,1.5260545905707197,91.25,Elvis Carmichael,XB,,Right,2B,322.9036732416979
2780,8,S8,UCL,UCL,0,0,0,0,1,0,3,1,0,0,1,0,0,0,0,1,0,0,0,0,0,0,0,0,0.0,1.0,0,6,5,0,1,"{8016, 8005}",2,1,0,1565.0,6,-1.542737985919804,-0.0699,-0.1312608019803142,0,0,UCL,4,0,0,1,3,0,6,4.795121951219512,0.06829268292682927,0.20487804878048782,190,87,795,699.3951219512195,382,0.3484276729559748,0.546186251534427,0.0,0.0,0.16666666666666666,0.0,0.16666666666666666,0.0,0.0,,0.0,0.16666666666666666,0.16666666666666666,0.25,0.75,0.3333333333333333,0.16666666666666666,0.0,260.8333333333333,Jimmy Payne,BC,,Right,LF,-52.166064981949454
2781,8,S8,UCL,UCL,1,0,1,2,2,0,0,1,0,0,0,0,0,0,0,0,0,0,0,0,1,0,0,0,1.0,1.0,4,7,5,8,10,"{8016, 8009, 8005}",3,3,1,757.0,7,2.234444225807862,0.1478,0.2502929186277302,1,0,UCL,4,4,8,2,0,0,7,5.0,0.06829268292682927,0.0,190,87,795,699.3951219512195,382,0.3484276729559748,0.546186251534427,0.8,1.0,0.8571428571428571,1.6,2.4571428571428573,0.8,1.0,,0.14285714285714285,0.14285714285714285,0.2857142857142857,,,,0.8571428571428571,1.6,108.14285714285714,Max Potato,WC,,Right,3B,438.94345959371617
2783,8,S8,MSU,MSU,0,0,2,1,1,0,2,0,0,2,1,0,0,0,0,1,1,0,0,0,0,0,0,0,1.0,3.0,3,9,8,5,6,"{8016, 8003, 8007}",3,3,1,1944.0,9,1.4485991954173771,-0.1499,0.1793794144592371,0,0,MSU,4,3,5,1,2,0,9,7.863414634146341,0.06829268292682927,0.13658536585365855,190,87,795,699.3951219512195,382,0.3484276729559748,0.546186251534427,0.375,0.3333333333333333,0.4444444444444444,0.625,1.0694444444444444,0.25,0.375,,0.0,0.0,0.1111111111111111,0.2,0.4,0.5,0.4444444444444444,0.6358560794044665,216.0,Pepè Dingler,XB,,Right,C,143.97460512627907
2784,8,S8,ORD,ORD,0,0,0,0,0,0,0,1,1,0,2,0,0,0,0,2,0,0,0,0,0,0,0,0,0.0,1.0,0,3,3,0,0,{8001},1,0,0,860.0,2,0.10210328392146573,-0.0317,0.021716826697979683,0,0,ORD,1,0,0,0,0,0,3,3.0,0.06829268292682927,0.0,190,87,795,699.3951219512195,382,0.3484276729559748,0.546186251534427,0.0,0.0,0.0,0.0,0.0,0.0,0.0,,0.0,0.3333333333333333,0.0,1.0,0.0,inf,0.0,0.0,430.0,Noah Evans,WC,,Left,2B,-100.0
2785,8,S8,MCH,MCH,1,0,0,1,3,0,0,1,0,1,0,1,0,0,0,1,0,0,0,0,0,0,1,0,1.0,2.0,2,8,5,5,8,"{8011, 8004, 8015}",3,4,3,1705.0,8,2.9979046374500924,0.19659999999999997,0.3304744592272309,0,0,MCH,4,2,5,3,0,0,8,5.0,0.06829268292682927,0.0,190,87,795,699.3951219512195,382,0.3484276729559748,0.546186251534427,0.4,0.5,0.625,1.0,1.625,0.6,0.3333333333333333,,0.125,0.125,0.375,0.5,0.0,inf,0.625,1.0,213.125,Kai Johnson,BP,,Right,C,262.4649845771711
2787,8,S8,HRW,HRW,1,0,0,1,1,0,3,0,0,0,0,0,0,0,0,0,0,0,0,0,1,0,0,0,1.0,3.0,2,6,5,5,6,"{8010, 8005}",2,2,2,985.0,6,1.1630341880341881,0.022499999999999992,0.13931641541508502,0,0,HRW,3,2,5,1,3,0,6,4.795121951219512,0.06829268292682927,0.20487804878048782,190,87,795,699.3951219512195,382,0.3484276729559748,0.546186251534427,0.4,0.3333333333333333,0.5,1.0,1.5,0.6,0.25,,0.16666666666666666,0.0,0.16666666666666666,0.0,1.0,0.0,0.5,1.0427263479145474,164.16666666666666,Buster Worthington,BC,,Right,C,234.4122032901319
2788,8,S8,UCL,UCL,1,0,0,1,0,0,0,1,0,0,1,1,0,0,0,2,0,0,0,0,0,1,0,0,0.0,1.0,2,5,5,5,5,"{8016, 8005}",2,2,2,1368.0,5,0.8860977742795924,0.2914,0.10778727460434774,0,0,UCL,4,2,5,0,0,0,5,5.0,0.06829268292682927,0.0,190,87,795,699.3951219512195,382,0.3484276729559748,0.546186251534427,0.4,0.0,0.4,1.0,1.4,0.6,0.3333333333333333,,0.2,0.2,0.0,1.0,0.0,inf,0.4,1.0,273.6,Cole Freeman,BP,,Left,2B,197.88917230280285
2789,8,S8,TEN,TEN,0,0,1,1,1,0,1,2,0,1,0,1,0,0,0,1,0,0,1,0,0,0,0,0,0.0,3.0,2,8,7,3,5,"{8012, 8004, 8014, 8007}",4,1,0,2169.0,9,0.228849097030915,0.1215,0.05740440462059083,0,0,TEN,4,2,3,1,1,0,8,6.931707317073171,0.06829268292682927,0.06829268292682927,190,87,795,699.3951219512195,382,0.3484276729559748,0.546186251534427,0.2857142857142857,0.0,0.375,0.42857142857142855,0.8035714285714286,0.14285714285714285,0.4,1.0,0.0,0.25,0.125,0.3333333333333333,0.3333333333333333,1.0,0.375,0.4327938071780436,241.0,Roosevelt Sandoval,BC,,Right,2B,86.86558875161381
2790,8,S8,UCL,UCL,0,0,0,0,0,0,1,0,0,0,1,0,0,0,0,1,0,0,0,0,0,0,0,0,0.0,0.0,0,2,2,0,0,{8001},1,0,0,611.0,2,-0.8905026455026455,-0.088,-0.08137926567970914,0,0,UCL,1,0,0,0,1,0,2,1.9317073170731707,0.06829268292682927,0.06829268292682927,190,87,795,699.3951219512195,382,0.3484276729559748,0.546186251534427,0.0,,0.0,0.0,0.0,0.0,0.0,,0.0,0.0,0.0,0.5,0.5,1.0,0.0,0.0,305.5,Larry Bonds,HK,,Right,1B,-100.0
2791,8,S8,TEN,TEN,0,1,1,1,0,0,0,3,0,0,1,1,0,0,0,2,0,0,0,0,0,0,0,0,0.0,1.0,3,8,8,6,6,"{8012, 8004, 8007}",3,2,0,1884.0,8,1.541838515020333,0.08609999999999998,0.18486784698425496,0,0,TEN,3,3,6,0,0,0,8,8.0,0.06829268292682927,0.0,190,87,795,699.3951219512195,382,0.3484276729559748,0.546186251534427,0.375,0.0,0.375,0.75,1.125,0.375,0.6,,0.0,0.375,0.0,1.0,0.0,inf,0.375,0.75,235.5,Pete Harper,1B,WC-S,Right,P,144.94214998522486
2793,8,S8,UCL,UCL,0,0,0,0,2,0,1,2,0,0,0,0,0,0,0,0,0,0,0,0,0,0,0,0,0.0,0.0,0,5,3,0,2,"{8009, 8001}",2,1,0,845.0,5,0.06866391184573006,-0.043800000000000006,0.02604388836096153,0,0,UCL,3,0,0,2,1,0,5,2.9317073170731707,0.06829268292682927,0.06829268292682927,190,87,795,699.3951219512195,382,0.3484276729559748,0.546186251534427,0.0,,0.4,0.0,0.4,0.0,0.0,,0.0,0.4,0.4,0.0,1.0,0.0,0.4,0.0,169.0,Matthew Gee,BP,,Right,SS,14.801444043321311
2794,8,S8,MCH,MCH,0,0,0,0,0,0,1,2,0,2,1,1,0,0,0,2,1,0,0,0,0,0,0,0,0.0,3.0,0,7,7,0,0,"{8008, 8011, 8004, 8015}",4,0,0,2460.0,7,-2.8380868794505156,-0.22589999999999996,-0.25696019189810765,0,0,MCH,4,0,0,0,1,0,7,6.931707317073171,0.06829268292682927,0.06829268292682927,190,87,795,699.3951219512195,382,0.3484276729559748,0.546186251534427,0.0,0.0,0.0,0.0,0.0,0.0,0.0,,0.0,0.2857142857142857,0.0,0.4,0.2,2.0,0.0,0.0,351.42857142857144,Tyler Helman,1B,,Left,SS,-100.0
2795,8,S8,TEN,TEN,0,0,2,1,1,0,1,1,0,0,0,1,0,0,0,1,0,0,0,0,0,0,0,0,0.0,2.0,3,7,6,5,6,"{8012, 8004, 8007}",3,2,0,1183.0,7,-0.3371575057938695,0.0183,-0.0068672545324430165,0,0,TEN,3,3,5,1,1,0,7,5.931707317073171,0.06829268292682927,0.06829268292682927,190,87,795,699.3951219512195,382,0.3484276729559748,0.546186251534427,0.5,0.0,0.5714285714285714,0.8333333333333334,1.4047619047619047,0.33333333333333337,0.6,,0.0,0.14285714285714285,0.14285714285714285,0.5,0.5,1.0,0.5714285714285714,0.8429276315789473,169.0,Leigh Dell Leedle Lee-Daughly,HK,,Right,C,218.33176807196512
2796,8,S8,MSU,MSU,0,0,0,0,0,0,0,1,0,0,1,1,0,0,0,2,1,0,0,0,0,0,0,0,0.0,1.0,0,3,3,0,0,{8003},1,0,0,1087.0,3,-0.9264285714285714,-0.0464,-0.08113635883702404,0,0,MSU,1,0,0,0,0,0,3,3.0,0.06829268292682927,0.0,190,87,795,699.3951219512195,382,0.3484276729559748,0.546186251534427,0.0,0.0,0.0,0.0,0.0,0.0,0.0,,0.0,0.3333333333333333,0.0,1.0,0.0,inf,0.0,0.0,362.3333333333333,x ae a-12,MH,,Left,1B,-100.0
2797,8,S8,UCL,UCL,0,0,2,1,0,0,1,0,0,2,0,0,0,0,0,0,0,0,0,0,0,0,0,0,0.0,0.0,3,6,6,5,5,"{8009, 8001, 8005}",3,3,0,1071.0,6,1.5396825396825398,0.22139999999999999,0.1769812505799202,0,0,UCL,3,3,5,0,1,0,6,5.931707317073171,0.06829268292682927,0.06829268292682927,190,87,795,699.3951219512195,382,0.3484276729559748,0.546186251534427,0.5,,0.5,0.8333333333333334,1.3333333333333335,0.33333333333333337,0.5,,0.0,0.0,0.0,0.0,0.3333333333333333,0.0,0.5,0.8429276315789473,178.5,Millsy O'Doodlebong,S,,Right,C,197.83151020708632
2798,8,S8,TEN,TEN,0,0,0,1,0,0,0,1,0,2,0,1,0,0,0,1,0,0,0,0,0,0,0,0,0.0,2.0,1,5,5,1,1,"{8004, 8012}",2,0,0,1541.0,5,-0.8863347763347763,-0.2263,-0.06945598045708912,0,0,TEN,3,1,1,0,0,0,5,5.0,0.06829268292682927,0.0,190,87,795,699.3951219512195,382,0.3484276729559748,0.546186251534427,0.2,0.0,0.2,0.2,0.4,0.0,0.25,,0.0,0.2,0.0,0.3333333333333333,0.0,inf,0.2,0.2,308.2,Camden Correau,XB,,Right,LF,-5.981732326443034
2799,8,S8,TEN,TEN,1,0,1,1,0,0,0,1,0,0,1,0,0,0,0,1,0,0,0,0,1,0,0,0,0.0,0.0,3,5,5,7,7,"{8012, 8014}",2,1,1,930.0,5,0.9661375661375662,0.0547,0.11579125379014514,0,0,TEN,4,3,7,0,0,0,5,5.0,0.06829268292682927,0.0,190,87,795,699.3951219512195,382,0.3484276729559748,0.546186251534427,0.6,,0.6,1.4,2.0,0.7999999999999999,0.6666666666666666,,0.2,0.2,0.0,1.0,0.0,inf,0.6,1.4,186.0,Balthazar Moss,WC,WC-H,Left,2B,328.52498562825605
2800,8,S8,UCL,UCL,1,0,0,1,1,0,1,1,0,3,0,0,0,0,0,0,0,0,0,0,0,1,0,0,0.0,1.0,2,8,7,5,6,"{8016, 8001, 8005}",3,2,2,1588.0,8,1.0559261445625083,0.30739999999999995,0.13627660993847246,0,0,UCL,4,2,5,1,1,0,8,6.931707317073171,0.06829268292682927,0.06829268292682927,190,87,795,699.3951219512195,382,0.3484276729559748,0.546186251534427,0.2857142857142857,0.0,0.375,0.7142857142857143,1.0892857142857144,0.4285714285714286,0.2,,0.125,0.125,0.125,0.0,0.25,0.0,0.375,0.7213230119634061,198.5,Buzz Carlton,XB,,Right,RF,139.69174539228052
2801,8,S8,UCL,UCL,0,0,1,0,0,0,1,2,0,0,1,0,0,0,0,1,0,0,0,0,0,0,0,0,1.0,3.0,1,5,5,2,2,"{8001, 8005}",2,1,2,1238.0,5,-0.18962443280625077,-0.09269999999999998,0.00021505389576344756,0,0,UCL,2,1,2,0,1,0,5,4.931707317073171,0.06829268292682927,0.06829268292682927,190,87,795,699.3951219512195,382,0.3484276729559748,0.546186251534427,0.2,0.3333333333333333,0.2,0.4,0.6000000000000001,0.2,0.3333333333333333,,0.0,0.4,0.0,0.5,0.5,1.0,0.2,0.4055390702274975,247.6,Bill Dozer,XB,,Left,1B,31.649949110075504
2802,8,S8,TEN,TEN,0,0,0,0,0,0,0,4,0,2,0,1,0,0,0,1,0,0,0,0,0,0,0,0,0.0,2.0,0,7,7,0,0,"{8012, 8004, 8014, 8007}",4,0,0,2350.0,7,-1.4806747124928943,-0.3755,-0.12121897520234548,0,0,TEN,4,0,0,0,0,0,7,7.0,0.06829268292682927,0.0,190,87,795,699.3951219512195,382,0.3484276729559748,0.546186251534427,0.0,0.0,0.0,0.0,0.0,0.0,0.0,,0.0,0.5714285714285714,0.0,0.3333333333333333,0.0,inf,0.0,0.0,335.7142857142857,Abel Greene,WC,,Left,SS,-100.0
2804,8,S8,UCL,UCL,0,0,2,1,0,0,3,1,0,1,0,0,0,0,0,0,0,0,0,0,0,0,0,0,1.0,2.0,3,8,8,5,5,"{8016, 8009, 8005}",3,0,1,1542.0,8,0.5605024268660636,-0.15890000000000004,0.086734238168828,0,0,UCL,4,3,5,0,3,0,8,7.795121951219512,0.06829268292682927,0.20487804878048782,190,87,795,699.3951219512195,382,0.3484276729559748,0.546186251534427,0.375,0.5,0.375,0.625,1.0,0.25,0.42857142857142855,,0.0,0.125,0.0,0.0,0.75,0.0,0.375,0.6414267834793492,192.75,Billy TheKid,WC,,Right,2B,125.0637264226341
2805,8,S8,PAN,PAN,0,1,2,0,3,0,1,0,0,0,2,1,0,0,0,3,0,0,4,0,0,0,0,0,1.0,2.0,3,10,7,7,14,"{8008, 8012, 8013}",3,2,1,2469.0,14,3.0236772486772487,0.387,0.3560647169616127,0,0,PAN,4,3,7,3,1,0,10,6.931707317073171,0.06829268292682927,0.06829268292682927,190,87,795,699.3951219512195,382,0.3484276729559748,0.546186251534427,0.42857142857142855,0.5,0.6,1.0,1.6,0.5714285714285714,0.42857142857142855,1.0,0.0,0.0,0.3,0.75,0.25,3.0,0.6,1.0098522167487685,176.35714285714286,Calvin Ball,BC,1B-S,Left,CF,257.0937143073155
2806,8,S8,ORD,ORD,0,0,0,0,0,0,1,1,0,2,1,0,0,0,0,1,0,0,0,0,0,0,0,0,0.0,1.0,0,5,5,0,0,"{8010, 8014}",2,0,0,1660.0,5,-1.1382012768376404,-0.2243,-0.09464263050737551,0,0,ORD,4,0,0,0,1,0,5,4.931707317073171,0.06829268292682927,0.06829268292682927,190,87,795,699.3951219512195,382,0.3484276729559748,0.546186251534427,0.0,0.0,0.0,0.0,0.0,0.0,0.0,,0.0,0.2,0.0,0.25,0.25,1.0,0.0,0.0,332.0,Warp Darkmatter,BP,,Right,C,-100.0
2808,8,S8,PUR,PUR,0,0,0,1,0,0,2,0,0,1,0,1,0,0,0,1,0,0,0,0,0,0,0,0,0.0,0.0,1,5,5,1,1,"{8009, 8013}",2,0,0,1362.0,5,-0.504841488477852,-0.1038,-0.031306651671396686,0,0,PUR,4,1,1,0,2,0,5,4.863414634146341,0.06829268292682927,0.13658536585365855,190,87,795,699.3951219512195,382,0.3484276729559748,0.546186251534427,0.2,,0.2,0.2,0.4,0.0,0.2,,0.0,0.0,0.0,0.25,0.5,0.5,0.2,0.20561685055165496,272.4,Connor Derksen,BC,BF-S,Right,3B,-4.953355918967517
2811,8,S8,TEN,TEN,1,0,0,0,0,0,2,0,0,2,1,0,0,0,0,1,1,0,0,0,0,0,1,0,1.0,2.0,1,6,6,4,4,"{8012, 8014, 8007}",3,1,3,1662.0,6,0.8252514320696143,-0.01840000000000001,0.10553813981862765,0,0,TEN,4,1,4,0,2,0,6,5.863414634146341,0.06829268292682927,0.13658536585365855,190,87,795,699.3951219512195,382,0.3484276729559748,0.546186251534427,0.16666666666666666,0.5,0.16666666666666666,0.6666666666666666,0.8333333333333333,0.5,0.0,,0.16666666666666666,0.0,0.0,0.2,0.4,0.5,0.16666666666666666,0.6821963394342763,277.0,Jeb Barnes,TT,,Right,1B,72.73571303200632
2815,9,S9,UGA,UGA,1,0,1,3,2,0,3,2,0,3,0,1,0,1,0,1,0,0,0,0,1,0,0,0,0.0,3.0,5,16,13,9,11,"{9003, 9006, 9008, 9011, 9014, 9017}",6,3,2,3493.0,16,1.1797679300271715,0.1929,0.18880929648420552,0,0,UGA,6,5,9,2,3,0,16,13.85290763968073,0.04903078677309008,0.14709236031927023,166,71,819,740.2531356898518,318,0.2893772893772894,0.4295827800900182,0.38461538461538464,0.0,0.4375,0.6923076923076923,1.1298076923076923,0.30769230769230765,0.36363636363636365,,0.0625,0.125,0.125,0.14285714285714285,0.42857142857142855,0.3333333333333333,0.4375,0.6496831014898345,218.3125,Jamal Jackson,BN,,Right,SS,202.42254316345077
2816,12,S12,OWL,OWL,0,0,1,6,1,0,2,2,0,2,3,1,0,0,0,4,2,0,1,0,0,0,0,0,2.0,4.0,7,18,17,8,10,"{12003, 12004, 12008, 12010, 12013, 12016}",6,4,2,4352.0,19,-0.6734895087231403,-0.3396,0.0027035047205265957,0,0,OWL,6,7,8,1,2,0,18,16.86892177589852,0.06553911205073996,0.13107822410147993,236,72,932,850.169133192389,464,0.33047210300429186,0.5457737547559247,0.4117647058823529,0.5,0.4444444444444444,0.47058823529411764,0.9150326797385621,0.05882352941176472,0.4666666666666667,1.0,0.0,0.1111111111111111,0.05555555555555555,0.5,0.25,2.0,0.4444444444444444,0.47424489284371474,229.05263157894737,Ferris Wheeler,BC,WC-S,Right,2B,121.38177963210053
2824,9,S9,UCC,UCC,0,0,3,1,2,0,0,2,0,2,2,0,0,0,0,2,0,0,0,0,0,0,0,0,2.0,4.0,4,12,10,7,9,"{9002, 9004, 9011, 9013, 9017}",5,0,2,2193.0,12,1.842693671900282,0.13630000000000003,0.23739374480114445,0,0,UCC,6,4,7,2,0,0,12,10.0,0.04903078677309008,0.0,166,71,819,740.2531356898518,318,0.2893772893772894,0.4295827800900182,0.4,0.5,0.5,0.7,1.2,0.29999999999999993,0.5,,0.0,0.16666666666666666,0.16666666666666666,0.5,0.0,inf,0.5,0.7,182.75,DeAaron Taylor,MH,,Left,1B,235.73361358032318
2825,9,S9,WSU,WSU,0,0,1,3,1,0,1,2,0,2,2,0,0,0,0,2,0,0,0,0,0,0,0,0,1.0,2.0,4,12,11,5,6,"{9003, 9005, 9007, 9010, 9018}",5,0,1,2763.0,12,0.27780357171606396,-0.0218,0.08090473478272268,0,0,WSU,6,4,5,1,1,0,12,10.95096921322691,0.04903078677309008,0.04903078677309008,166,71,819,740.2531356898518,318,0.2893772893772894,0.4295827800900182,0.36363636363636365,0.5,0.4166666666666667,0.45454545454545453,0.8712121212121212,0.09090909090909088,0.4444444444444444,,0.0,0.16666666666666666,0.08333333333333333,0.4,0.2,2.0,0.4166666666666667,0.45658059142024154,230.25,Casper Greenwell,BC,,Left,2B,150.2720004180515
2826,9,S9,TEN,TEN,1,0,1,3,1,0,2,2,0,0,0,1,0,1,0,1,0,0,0,0,1,0,0,0,2.0,4.0,5,11,9,9,10,"{9001, 9004, 9008, 9015, 9016}",5,2,3,1906.0,11,1.3257461369438692,0.6047999999999999,0.1812719598379102,0,0,TEN,6,5,9,1,2,0,11,9.90193842645382,0.04903078677309008,0.09806157354618016,166,71,819,740.2531356898518,318,0.2893772893772894,0.4295827800900182,0.5555555555555556,0.5,0.5454545454545454,1.0,1.5454545454545454,0.4444444444444444,0.5714285714285714,,0.09090909090909091,0.18181818181818182,0.09090909090909091,0.3333333333333333,0.6666666666666666,0.5,0.5454545454545454,0.9089129433440811,173.27272727272728,fridayphd,XB,,Left,1B,300.07291522599803
2827,9,S9,TOL,TOL,1,0,0,0,1,0,1,4,0,1,0,1,0,0,0,1,0,0,0,0,0,0,1,0,1.0,3.0,1,9,8,4,5,"{9009, 9002, 9014}",3,1,3,2452.0,9,1.469367487376365,0.11269999999999998,0.18678003194597367,0,0,TOL,5,1,4,1,1,0,9,7.95096921322691,0.04903078677309008,0.04903078677309008,166,71,819,740.2531356898518,318,0.2893772893772894,0.4295827800900182,0.125,0.3333333333333333,0.2222222222222222,0.5,0.7222222222222222,0.375,0.0,,0.1111111111111111,0.4444444444444444,0.1111111111111111,0.3333333333333333,0.3333333333333333,1.0,0.22222222222222227,0.5030833213824752,272.44444444444446,Corbin Christmas Carol,BP,,Right,1B,93.90299931201649
2833,9,S9,HVD,HVD,1,0,0,0,2,0,2,0,0,1,1,1,0,0,0,2,0,0,0,0,1,0,0,0,0.0,0.0,1,8,6,4,6,"{9001, 9010, 9018, 9006}",4,2,1,2069.0,8,0.4446217332188461,0.04070000000000001,0.0798784250626288,0,0,HVD,6,1,4,2,2,0,8,5.90193842645382,0.04903078677309008,0.09806157354618016,166,71,819,740.2531356898518,318,0.2893772893772894,0.4295827800900182,0.16666666666666666,,0.375,0.6666666666666666,1.0416666666666665,0.5,0.0,,0.125,0.0,0.25,0.4,0.4,1.0,0.375,0.6777434312210201,258.625,Dayman Nightman,BN,,Right,SS,187.35643783221957
2834,9,S9,UGA,UGA,0,0,1,2,2,0,3,4,0,0,2,1,0,0,0,3,1,0,0,0,0,0,0,0,0.0,2.0,3,15,13,4,6,"{9003, 9006, 9008, 9011, 9017}",5,2,0,3671.0,15,-0.6078041022294816,-0.2715,0.005625061790947197,0,0,UGA,6,3,4,2,3,0,15,12.85290763968073,0.04903078677309008,0.14709236031927023,166,71,819,740.2531356898518,318,0.2893772893772894,0.4295827800900182,0.23076923076923078,0.0,0.3333333333333333,0.3076923076923077,0.641025641025641,0.07692307692307693,0.3333333333333333,,0.0,0.26666666666666666,0.13333333333333333,0.5,0.5,1.0,0.3333333333333333,0.3112136266855926,244.73333333333332,Mack Quackerson,BC,,Right,C,87.63542782760227
2835,9,S9,WSU,WSU,1,0,1,0,2,0,1,4,0,1,1,1,0,0,0,2,2,0,0,1,1,0,0,0,0.0,2.0,2,12,10,6,8,"{9003, 9005, 9010, 9015, 9018}",5,2,1,3373.0,13,-1.3050725016165732,-0.36289999999999994,-0.072955841082948,0,0,WSU,6,2,6,2,1,0,12,9.95096921322691,0.04903078677309008,0.04903078677309008,166,71,819,740.2531356898518,318,0.2893772893772894,0.4295827800900182,0.2,0.0,0.3333333333333333,0.6,0.9333333333333333,0.39999999999999997,0.2,0.0,0.08333333333333333,0.3333333333333333,0.16666666666666666,0.5,0.25,2.0,0.3333333333333333,0.6029563423856995,259.46153846153845,Salsa Steve,BC,,Right,CF,155.54846559856995
2835,12,S12,SYR,SYR,0,0,0,0,1,0,0,1,0,0,1,0,0,0,0,1,1,0,0,0,0,0,0,0,0.0,1.0,0,3,2,0,0,"{12017, 12007}",2,0,0,730.0,2,-0.5395927601809956,-0.0628,-0.04289836197712471,0,0,SYR,6,0,0,1,0,0,3,2.0,0.06553911205073996,0.0,236,72,932,850.169133192389,464,0.33047210300429186,0.5457737547559247,0.0,0.0,0.3333333333333333,0.0,0.3333333333333333,0.0,0.0,,0.0,0.3333333333333333,0.3333333333333333,1.0,0.0,inf,0.3333333333333333,0.0,365.0,Salsa Steve,BC,,Right,CF,0.8658008658008587
2836,9,S9,TEN,TEN,0,0,0,0,0,0,1,0,0,0,0,0,0,0,0,0,0,0,0,0,0,0,0,0,0.0,0.0,0,1,1,0,0,{9004},1,0,0,186.0,1,-0.37020202020202025,-0.014499999999999999,-0.032593170552609005,0,0,TEN,2,0,0,0,1,0,1,0.95096921322691,0.04903078677309008,0.04903078677309008,166,71,819,740.2531356898518,318,0.2893772893772894,0.4295827800900182,0.0,,0.0,0.0,0.0,0.0,0.0,,0.0,0.0,0.0,0.0,1.0,0.0,0.0,0.0,186.0,Fidel Cashflow,S,,Right,CF,-100.0
2838,9,S9,UCC,UCC,0,0,0,2,0,0,1,2,0,3,1,0,0,0,0,2,1,0,1,0,0,0,0,0,1.0,3.0,2,10,10,2,3,"{9017, 9002, 9011, 9007}",4,0,0,3375.0,11,-1.1652381137423475,-0.17369999999999997,-0.06782646523071151,0,0,UCC,6,2,2,0,1,0,10,9.95096921322691,0.04903078677309008,0.04903078677309008,166,71,819,740.2531356898518,318,0.2893772893772894,0.4295827800900182,0.2,0.3333333333333333,0.2,0.2,0.4,0.0,0.25,1.0,0.0,0.2,0.0,0.2,0.2,1.0,0.2,0.20098544746189984,306.8181818181818,Ringo Swingo,BC,,Right,CF,15.900121444249038
2840,9,S9,HVD,HVD,0,0,0,1,1,0,2,4,0,0,0,0,0,0,0,0,0,0,2,0,0,0,0,0,1.0,1.0,1,8,7,1,4,"{9010, 9018, 9006}",3,1,1,2453.0,10,0.5240009999046147,0.006300000000000007,0.09667041466639169,0,0,HVD,6,1,1,1,2,0,8,6.90193842645382,0.04903078677309008,0.09806157354618016,166,71,819,740.2531356898518,318,0.2893772893772894,0.4295827800900182,0.14285714285714285,1.0,0.25,0.14285714285714285,0.39285714285714285,0.0,0.3333333333333333,1.0,0.0,0.5,0.125,0.0,1.0,0.0,0.25,0.1448868329753841,245.3,Wheezy Whifflesworth,WC,,Right,C,20.11974230549236
2842,9,S9,WSU,WSU,0,0,0,0,0,0,0,2,0,2,2,1,0,0,0,3,0,0,0,0,0,0,0,0,0.0,2.0,0,7,7,0,0,"{9010, 9005, 9015}",3,0,0,2478.0,7,-1.8036805668906832,-0.2021,-0.14937883641591715,0,0,WSU,5,0,0,0,0,0,7,7.0,0.04903078677309008,0.0,166,71,819,740.2531356898518,318,0.2893772893772894,0.4295827800900182,0.0,0.0,0.0,0.0,0.0,0.0,0.0,,0.0,0.2857142857142857,0.0,0.6,0.0,inf,0.0,0.0,354.0,Moon Malarkey,SF,,Right,SS,-100.0
2843,9,S9,TEN,TEN,1,0,1,1,2,0,2,2,0,0,1,1,0,0,0,2,0,0,1,0,0,1,0,0,1.0,2.0,3,11,9,7,10,"{9008, 9001, 9016, 9012}",4,2,3,2560.0,12,1.9265480328947824,0.18220000000000003,0.2457791809005945,0,0,TEN,6,3,7,2,2,0,11,8.90193842645382,0.04903078677309008,0.09806157354618016,166,71,819,740.2531356898518,318,0.2893772893772894,0.4295827800900182,0.3333333333333333,0.5,0.45454545454545453,0.7777777777777778,1.2323232323232323,0.4444444444444445,0.3333333333333333,1.0,0.09090909090909091,0.18181818181818182,0.18181818181818182,0.5,0.5,1.0,0.45454545454545453,0.7863455872934546,213.33333333333334,Warren Peace,TT,,Left,SS,240.1257751873571
2844,9,S9,TOL,TOL,1,1,1,1,1,0,2,2,0,0,0,0,0,0,0,0,0,0,0,0,0,0,1,0,2.0,2.0,4,9,8,10,11,"{9016, 9009, 9005, 9014}",4,2,5,1475.0,9,4.373545099137251,0.47319999999999995,0.4771977931220623,0,0,TOL,6,4,10,1,2,0,9,7.90193842645382,0.04903078677309008,0.09806157354618016,166,71,819,740.2531356898518,318,0.2893772893772894,0.4295827800900182,0.5,1.0,0.5555555555555556,1.25,1.8055555555555556,0.75,0.6,,0.1111111111111111,0.2222222222222222,0.1111111111111111,0.0,1.0,0.0,0.5555555555555555,1.2655122655122655,163.88888888888889,Tony Pizza,BP,,Right,C,386.5741358218071
2845,9,S9,UCC,UCC,1,0,2,1,1,0,2,0,0,0,2,1,0,1,0,3,0,0,1,0,1,0,0,0,2.0,3.0,4,10,8,9,10,"{9017, 9004, 9013, 9007}",4,2,4,2054.0,10,1.3245431684556603,0.1635,0.17672463152149628,0,0,UCC,6,4,9,1,2,0,10,8.90193842645382,0.04903078677309008,0.09806157354618016,166,71,819,740.2531356898518,318,0.2893772893772894,0.4295827800900182,0.5,0.6666666666666666,0.5,1.125,1.625,0.625,0.375,1.0,0.1,0.0,0.1,0.6,0.4,1.4999999999999998,0.5,1.0110157550915846,205.4,Ashington Swift,BC,,Left,2B,308.1331066480882
2845,12,S12,UOM,UOM,0,0,0,3,1,0,0,2,0,1,2,1,0,0,0,3,0,0,0,0,0,0,0,0,1.0,3.0,3,10,9,3,4,"{12009, 12002, 12005, 12013}",4,0,0,2542.0,10,-0.8703281549592778,-0.0734,-0.05016310202601168,0,0,UOM,5,3,3,1,0,0,10,9.0,0.06553911205073996,0.0,236,72,932,850.169133192389,464,0.33047210300429186,0.5457737547559247,0.3333333333333333,0.3333333333333333,0.4,0.3333333333333333,0.7333333333333334,0.0,0.42857142857142855,,0.0,0.2,0.1,0.75,0.0,inf,0.4,0.3333333333333333,254.2,Butts Carlton,1B,,Left,LF,82.11432980278208
2846,9,S9,UGA,UGA,0,0,2,2,0,0,3,4,0,0,1,2,0,1,0,3,0,0,1,0,0,0,0,0,2.0,3.0,4,14,13,6,7,"{9003, 9006, 9008, 9011, 9014, 9017}",6,0,3,3896.0,15,0.20175854840333163,0.5470999999999999,0.08658132685422852,0,0,UGA,6,4,6,0,3,0,14,13.85290763968073,0.04903078677309008,0.14709236031927023,166,71,819,740.2531356898518,318,0.2893772893772894,0.4295827800900182,0.3076923076923077,0.6666666666666666,0.2857142857142857,0.46153846153846156,0.7472527472527473,0.15384615384615385,0.4,1.0,0.0,0.2857142857142857,0.0,0.5,0.5,1.0,0.2857142857142857,0.4331220676598897,259.73333333333335,Dante Dagostino,BP,,Left,CF,99.55806675031735
2847,9,S9,WSU,WSU,0,0,0,1,0,0,2,3,0,2,1,1,0,0,0,2,0,0,0,0,0,0,0,0,1.0,2.0,1,10,10,1,1,"{9015, 9018, 9005, 9007}",4,0,1,2933.0,10,-0.3072298316376799,-0.3679,0.013547331512162239,0,0,WSU,6,1,1,0,2,0,10,9.90193842645382,0.04903078677309008,0.09806157354618016,166,71,819,740.2531356898518,318,0.2893772893772894,0.4295827800900182,0.1,0.5,0.1,0.1,0.2,0.0,0.14285714285714285,,0.0,0.3,0.0,0.3333333333333333,0.3333333333333333,1.0,0.1,0.10099032703823124,293.3,Jorbel Boykins,BC,,Right,2B,-41.93410518713817
2848,9,S9,HVD,HVD,0,0,0,1,1,0,3,1,0,0,2,1,0,0,0,3,0,0,2,0,0,0,0,0,0.0,3.0,1,9,8,1,4,"{9001, 9018, 9013, 9009}",4,1,0,2670.0,11,-1.312365270260007,-0.06110000000000001,-0.08253918088247744,0,0,HVD,6,1,1,1,3,0,9,7.85290763968073,0.04903078677309008,0.14709236031927023,166,71,819,740.2531356898518,318,0.2893772893772894,0.4295827800900182,0.125,0.0,0.2222222222222222,0.125,0.3472222222222222,0.0,0.14285714285714285,1.0,0.0,0.1111111111111111,0.1111111111111111,0.5,0.5,1.0,0.2222222222222222,0.12734136779439523,242.72727272727272,Axkoa Griffin,WC,,Right,RF,6.436282534089721
2849,9,S9,TEN,TEN,0,0,1,1,2,0,2,2,0,1,0,2,0,0,0,2,0,0,1,0,0,0,0,0,1.0,6.0,2,11,9,3,6,"{9001, 9004, 9008, 9012, 9015}",5,3,1,2931.0,12,0.24082133958481455,-0.12669999999999995,0.07720651156959775,0,0,TEN,5,2,3,2,2,0,11,8.90193842645382,0.04903078677309008,0.09806157354618016,166,71,819,740.2531356898518,318,0.2893772893772894,0.4295827800900182,0.2222222222222222,0.16666666666666666,0.36363636363636365,0.3333333333333333,0.696969696969697,0.1111111111111111,0.2857142857142857,1.0,0.0,0.18181818181818182,0.18181818181818182,0.4,0.4,1.0,0.36363636363636365,0.33700525169719486,244.25,Johnmaine Chupri,BC,,Right,LF,104.11111226589513
2850,9,S9,TEN,TEN,3,0,0,1,0,0,0,3,0,0,2,0,0,0,0,2,0,0,0,0,0,3,0,0,2.0,4.0,4,9,9,13,13,"{9001, 9004, 9012, 9015, 9016}",5,3,6,1951.0,9,4.692976538125555,0.2985,0.5091409370208927,0,0,TEN,6,4,13,0,0,0,9,9.0,0.04903078677309008,0.0,166,71,819,740.2531356898518,318,0.2893772893772894,0.4295827800900182,0.4444444444444444,0.5,0.4444444444444444,1.4444444444444444,1.8888888888888888,1.0,0.3333333333333333,,0.3333333333333333,0.3333333333333333,0.0,1.0,0.0,inf,0.4444444444444444,1.4444444444444444,216.77777777777777,"One Beer, Please",BP,,Right,LF,389.8300605726179
2851,9,S9,WSU,WSU,0,0,1,0,4,0,0,3,0,0,0,2,0,0,0,2,0,0,0,0,0,0,0,0,1.0,1.0,1,10,6,2,6,"{9010, 9003, 9018, 9005}",4,0,1,2494.0,10,0.5249781653825072,0.20849999999999996,0.09676813121418096,0,0,WSU,6,1,2,4,0,0,10,6.0,0.04903078677309008,0.0,166,71,819,740.2531356898518,318,0.2893772893772894,0.4295827800900182,0.16666666666666666,1.0,0.5,0.3333333333333333,0.8333333333333333,0.16666666666666666,0.3333333333333333,,0.0,0.3,0.4,1.0,0.0,inf,0.5,0.3333333333333333,249.4,Kyle Lew,SF,,Left,LF,150.37947843788749
2852,9,S9,WSU,WSU,0,0,0,1,0,0,3,0,0,1,2,0,0,0,0,2,1,0,0,0,0,0,0,0,0.0,0.0,1,7,7,1,1,"{9003, 9015, 9007}",3,0,0,1992.0,7,-1.3848451539376232,-0.2189,-0.10749529512061114,0,0,WSU,5,1,1,0,3,0,7,6.85290763968073,0.04903078677309008,0.14709236031927023,166,71,819,740.2531356898518,318,0.2893772893772894,0.4295827800900182,0.14285714285714285,,0.14285714285714285,0.14285714285714285,0.2857142857142857,0.0,0.14285714285714285,,0.0,0.0,0.0,0.3333333333333333,0.5,0.6666666666666666,0.14285714285714285,0.1459234608985025,284.57142857142856,Dusty Jabroni,BN,,Left,3B,-16.664263750634014
2853,9,S9,HVD,HVD,0,0,0,0,1,0,3,3,0,0,0,1,0,0,0,1,0,0,1,0,0,0,0,0,0.0,0.0,0,8,7,0,2,"{9001, 9013, 9009}",3,0,0,2430.0,9,-0.5820976478871218,-0.1683,-0.018366481580374974,0,0,HVD,5,0,0,1,3,0,8,6.85290763968073,0.04903078677309008,0.14709236031927023,166,71,819,740.2531356898518,318,0.2893772893772894,0.4295827800900182,0.0,,0.125,0.0,0.125,0.0,0.0,1.0,0.0,0.375,0.125,0.25,0.75,0.3333333333333333,0.125,0.0,270.0,John McDonald Jr.,BN,,Left,C,-56.80379746835443
2854,9,S9,UGA,UGA,1,0,0,1,0,0,5,0,0,3,1,1,0,0,0,2,0,0,0,0,0,1,0,0,2.0,4.0,2,12,12,5,5,"{9003, 9006, 9008, 9011, 9017}",5,2,2,3027.0,12,0.657640359600522,-0.017000000000000036,0.1188884135711685,1,0,UGA,6,2,5,0,5,0,12,11.754846066134549,0.04903078677309008,0.2451539338654504,166,71,819,740.2531356898518,318,0.2893772893772894,0.4295827800900182,0.16666666666666666,0.5,0.16666666666666666,0.4166666666666667,0.5833333333333334,0.25,0.09090909090909091,,0.08333333333333333,0.0,0.0,0.2,0.5,0.4,0.16666666666666666,0.4253564846250849,252.25,Verde Jack,BC,,Right,LF,56.61112272449955
2856,9,S9,UGA,UGA,0,0,1,1,0,0,4,1,0,2,1,0,0,0,0,1,0,0,0,0,0,0,0,0,1.0,2.0,2,10,10,3,3,"{9008, 9017, 9003, 9014}",4,0,1,2258.0,10,-0.4303773235661781,-0.0959,0.0012325823193124197,0,0,UGA,6,2,3,0,4,0,10,9.80387685290764,0.04903078677309008,0.1961231470923603,166,71,819,740.2531356898518,318,0.2893772893772894,0.4295827800900182,0.2,0.5,0.2,0.3,0.5,0.09999999999999998,0.2222222222222222,,0.0,0.1,0.0,0.14285714285714285,0.5714285714285714,0.25,0.2,0.3060013956734124,225.8,Willie Gardner,XB,,Left,SS,40.34615445085761
2857,9,S9,UCC,UCC,1,0,0,0,0,0,3,6,0,1,0,0,0,0,0,0,0,0,0,0,1,0,0,0,0.0,3.0,1,11,11,4,4,"{9017, 9002, 9013, 9007}",4,1,1,2826.0,11,-1.1773646160139504,-0.25999999999999995,-0.06903911545787177,0,0,UCC,6,1,4,0,3,0,11,10.85290763968073,0.04903078677309008,0.14709236031927023,166,71,819,740.2531356898518,318,0.2893772893772894,0.4295827800900182,0.09090909090909091,0.0,0.09090909090909091,0.36363636363636365,0.4545454545454546,0.2727272727272727,0.0,,0.09090909090909091,0.5454545454545454,0.0,0.0,0.75,0.0,0.09090909090909091,0.36856482454297124,256.90909090909093,River James,S,,Right,SS,17.211415957893728
2858,9,S9,TOL,TOL,0,0,0,1,2,0,0,3,0,1,1,1,0,0,0,2,0,0,0,0,0,0,0,0,0.0,1.0,1,9,7,1,3,"{9016, 9009, 9002}",3,0,0,2555.0,9,-0.7006201711020985,-0.08739999999999999,-0.030218733901872637,0,0,TOL,6,1,1,2,0,0,9,7.0,0.04903078677309008,0.0,166,71,819,740.2531356898518,318,0.2893772893772894,0.4295827800900182,0.14285714285714285,0.0,0.3333333333333333,0.14285714285714285,0.47619047619047616,0.0,0.25,,0.0,0.3333333333333333,0.2222222222222222,0.6666666666666666,0.0,inf,0.3333333333333333,0.14285714285714285,283.8888888888889,16-bit Griffey,BN,,Right,CF,48.44473126542375
2859,9,S9,WSU,WSU,0,0,0,0,1,0,0,0,0,0,0,0,0,0,0,0,0,0,0,0,0,0,0,0,0.0,0.0,0,1,0,0,1,{9015},1,0,0,148.0,1,0.301948051948052,0.027200000000000002,0.03462183666239822,0,0,WSU,5,0,0,1,0,0,1,0.0,0.04903078677309008,0.0,166,71,819,740.2531356898518,318,0.2893772893772894,0.4295827800900182,,,1.0,,,,,,0.0,0.0,1.0,,,,1.0,,148.0,Whiff Sniff,TT,,Left,RF,
2861,9,S9,HVD,HVD,0,0,0,0,2,0,2,0,0,2,0,1,0,0,0,1,0,0,0,2,0,0,0,0,0.0,1.0,0,7,5,0,2,"{9010, 9018, 9006}",3,0,0,2992.0,9,-1.1988864808776034,-0.1902,-0.08004536487942313,0,0,HVD,6,0,0,2,2,0,7,4.90193842645382,0.04903078677309008,0.09806157354618016,166,71,819,740.2531356898518,318,0.2893772893772894,0.4295827800900182,0.0,0.0,0.2857142857142857,0.0,0.2857142857142857,0.0,0.0,0.0,0.0,0.0,0.2857142857142857,0.2,0.4,0.5,0.2857142857142857,0.0,332.44444444444446,Demarquavis Unberskelaeton,WC,,Left,2B,-1.2658227848101444
2864,9,S9,UGA,UGA,0,0,0,0,1,0,5,1,0,4,1,2,0,0,0,3,0,0,1,0,0,0,0,0,0.0,6.0,0,14,13,0,2,"{9003, 9008, 9011, 9014, 9017}",5,1,0,4511.0,15,-3.642186135686453,-0.7686999999999999,-0.29781314155474997,0,0,UGA,6,0,0,1,5,0,14,12.754846066134549,0.04903078677309008,0.2451539338654504,166,71,819,740.2531356898518,318,0.2893772893772894,0.4295827800900182,0.0,0.0,0.07142857142857142,0.0,0.07142857142857142,0.0,0.0,1.0,0.0,0.07142857142857142,0.07142857142857142,0.25,0.4166666666666667,0.6,0.07142857142857142,0.0,300.73333333333335,Scoreson McCorkle,S,,Left,CF,-75.31645569620254
2865,9,S9,WSU,WSU,0,0,0,1,1,0,1,0,0,1,0,0,0,0,0,0,0,0,0,0,0,0,0,0,0.0,1.0,1,4,3,1,2,"{9010, 9003}",2,0,0,793.0,4,-0.2681595471069155,0.008200000000000002,-0.009107828840319456,0,0,WSU,4,1,1,1,1,0,4,2.95096921322691,0.04903078677309008,0.04903078677309008,166,71,819,740.2531356898518,318,0.2893772893772894,0.4295827800900182,0.3333333333333333,0.0,0.5,0.3333333333333333,0.8333333333333333,0.0,0.3333333333333333,,0.0,0.0,0.25,0.0,0.5,0.0,0.5,0.33887171561051005,198.25,John-Carlos Tanten,BP,,Right,LF,151.6687252452237
2866,9,S9,TOL,TOL,0,0,1,0,0,0,5,1,0,0,1,1,0,0,0,2,0,0,0,0,0,0,0,0,1.0,6.0,1,9,9,2,2,"{9002, 9005, 9014}",3,0,3,2393.0,9,0.04370419551142457,-0.6256,0.04421370275947964,0,0,TOL,5,1,2,0,5,0,9,8.754846066134549,0.04903078677309008,0.2451539338654504,166,71,819,740.2531356898518,318,0.2893772893772894,0.4295827800900182,0.1111111111111111,0.16666666666666666,0.1111111111111111,0.2222222222222222,0.3333333333333333,0.1111111111111111,0.125,,0.0,0.1111111111111111,0.0,0.2857142857142857,0.7142857142857143,0.39999999999999997,0.1111111111111111,0.2284449075280021,265.8888888888889,Stupido Einsteiny,SM,,Left,2B,-8.425055046299823
2868,9,S9,UCC,UCC,0,1,0,0,1,0,2,2,0,2,2,1,0,0,0,3,0,0,1,0,0,0,0,0,0.0,3.0,1,11,10,3,5,"{9002, 9011, 9004, 9007}",4,1,0,3750.0,12,-1.4423333908376244,-0.12090000000000001,-0.09110896147264616,0,0,UCC,4,1,3,1,2,0,11,9.90193842645382,0.04903078677309008,0.09806157354618016,166,71,819,740.2531356898518,318,0.2893772893772894,0.4295827800900182,0.1,0.0,0.18181818181818182,0.3,0.4818181818181818,0.19999999999999998,0.125,1.0,0.0,0.18181818181818182,0.09090909090909091,0.42857142857142855,0.2857142857142857,1.5,0.18181818181818182,0.3029709811146937,312.5,TWs Frozen Head,SM,,Right,2B,33.357638408666055
2869,9,S9,HVD,HVD,0,0,0,0,0,0,2,2,0,1,0,1,0,0,0,1,0,0,0,0,0,0,0,0,0.0,4.0,0,6,6,0,0,"{9010, 9013, 9006}",3,0,0,1825.0,6,-1.7534019323493009,-0.25470000000000004,-0.14877800442937195,0,0,HVD,5,0,0,0,2,0,6,5.90193842645382,0.04903078677309008,0.09806157354618016,166,71,819,740.2531356898518,318,0.2893772893772894,0.4295827800900182,0.0,0.0,0.0,0.0,0.0,0.0,0.0,,0.0,0.3333333333333333,0.0,0.25,0.5,0.5,0.0,0.0,304.1666666666667,Charles Vella,BP,,Right,C,-100.0
2870,9,S9,UGA,UGA,0,0,0,1,1,0,4,3,0,0,0,2,0,0,0,2,1,0,0,0,0,0,0,0,0.0,1.0,1,11,10,1,2,"{9003, 9006, 9008, 9011, 9017}",5,0,0,2852.0,11,-1.9761731193619738,-0.40630000000000005,-0.14891996579267414,0,0,UGA,6,1,1,1,4,0,11,9.80387685290764,0.04903078677309008,0.1961231470923603,166,71,819,740.2531356898518,318,0.2893772893772894,0.4295827800900182,0.1,0.0,0.18181818181818182,0.1,0.28181818181818186,0.0,0.14285714285714285,,0.0,0.2727272727272727,0.09090909090909091,0.3333333333333333,0.6666666666666666,0.5,0.18181818181818182,0.1020004652244708,259.27272727272725,Lincoln Pickett,1B,,Left,2B,-13.42508315389519
2872,9,S9,WSU,WSU,1,0,0,0,0,0,1,1,0,0,0,2,0,0,0,2,0,0,0,0,1,0,0,0,0.0,0.0,1,5,5,4,4,"{9010, 9018, 9005}",3,1,1,1403.0,5,0.08938864924354861,-0.09459999999999999,0.031074022262319978,0,0,WSU,6,1,4,0,1,0,5,4.95096921322691,0.04903078677309008,0.04903078677309008,166,71,819,740.2531356898518,318,0.2893772893772894,0.4295827800900182,0.2,,0.2,0.8,1.0,0.6000000000000001,0.0,,0.2,0.2,0.0,0.6666666666666666,0.3333333333333333,2.0,0.2,0.8079226163058499,280.6,Charlie Slay,1B,,Right,1B,157.1853863509959
2873,9,S9,TEN,TEN,1,0,1,1,0,0,3,3,0,1,0,0,0,0,0,0,0,0,0,1,0,1,0,0,2.0,4.0,3,10,10,7,7,"{9008, 9016, 9004, 9015}",4,1,3,2697.0,11,0.7016903437956069,0.11969999999999997,0.11886638052308393,0,0,TEN,6,3,7,0,3,0,10,9.85290763968073,0.04903078677309008,0.14709236031927023,166,71,819,740.2531356898518,318,0.2893772893772894,0.4295827800900182,0.3,0.5,0.3,0.7,1.0,0.39999999999999997,0.3333333333333333,0.0,0.1,0.3,0.0,0.0,0.75,0.0,0.3,0.7104501793773869,245.1818181818182,Jihmih Tyranus,SM,,Right,C,169.05232413743624
2874,9,S9,TOL,TOL,0,0,0,0,1,0,5,2,0,0,1,1,0,0,0,2,0,0,0,0,0,0,0,0,0.0,1.0,0,10,9,0,1,"{9016, 9002, 9012, 9005}",4,0,0,2729.0,10,-1.143613560898801,-0.1675,-0.07009104141394985,0,0,TOL,6,0,0,1,5,0,10,8.754846066134549,0.04903078677309008,0.2451539338654504,166,71,819,740.2531356898518,318,0.2893772893772894,0.4295827800900182,0.0,0.0,0.1,0.0,0.1,0.0,0.0,,0.0,0.2,0.1,0.2857142857142857,0.7142857142857143,0.39999999999999997,0.1,0.0,272.9,Ace Ventura,BP,,Right,3B,-65.44303797468353
2875,9,S9,UGA,UGA,0,0,0,0,0,0,0,1,0,0,0,0,0,0,0,0,0,0,0,0,0,0,0,0,0.0,0.0,0,1,1,0,0,{9008},1,0,0,207.0,1,-0.37020202020202025,-0.0356,-0.032593170552609005,0,0,UGA,3,0,0,0,0,0,1,1.0,0.04903078677309008,0.0,166,71,819,740.2531356898518,318,0.2893772893772894,0.4295827800900182,0.0,,0.0,0.0,0.0,0.0,,,0.0,1.0,0.0,,,,0.0,0.0,207.0,Leopold Pollersbeck,P,WC-S,Right,P,-100.0
2878,9,S9,TEN,TEN,0,1,0,2,1,0,1,2,0,0,2,2,0,0,0,4,0,0,1,1,0,0,0,0,0.0,0.0,3,11,10,5,7,"{9008, 9001, 9012, 9015}",4,1,0,3738.0,13,1.560968750494656,-0.02469999999999998,0.2136482841281749,0,0,TEN,5,3,5,1,1,0,11,9.95096921322691,0.04903078677309008,0.04903078677309008,166,71,819,740.2531356898518,318,0.2893772893772894,0.4295827800900182,0.3,,0.36363636363636365,0.5,0.8636363636363636,0.2,0.375,0.5,0.0,0.18181818181818182,0.09090909090909091,0.8,0.2,4.0,0.36363636363636365,0.5024636186547496,287.53846153846155,Goaty McGoatFace,WC,,Left,C,142.62717357610018
2879,9,S9,UGA,UGA,2,0,0,3,0,0,1,1,0,0,1,2,0,0,0,3,1,0,0,0,2,0,0,0,0.0,1.0,5,10,10,11,11,"{9011, 9003, 9014, 9017}",4,2,2,2109.0,10,1.1394070521005504,0.4552,0.15821101988598527,0,0,UGA,6,5,11,0,1,0,10,9.95096921322691,0.04903078677309008,0.04903078677309008,166,71,819,740.2531356898518,318,0.2893772893772894,0.4295827800900182,0.5,0.0,0.5,1.1,1.6,0.6000000000000001,0.42857142857142855,,0.2,0.1,0.0,0.75,0.25,3.0,0.5,1.1054199610404492,210.9,Hickey Renderson,BP,,Right,SS,330.108895791471
2880,9,S9,WSU,WSU,0,0,1,3,0,0,1,3,0,0,1,0,0,0,0,1,0,0,0,1,0,0,0,0,0.0,2.0,4,9,9,5,5,"{9018, 9003, 9015, 9007}",4,0,0,1951.0,10,-0.9628590659028198,-0.06479999999999997,-0.05201559191435173,0,0,WSU,6,4,5,0,1,0,9,8.95096921322691,0.04903078677309008,0.04903078677309008,166,71,819,740.2531356898518,318,0.2893772893772894,0.4295827800900182,0.4444444444444444,0.0,0.4444444444444444,0.5555555555555556,1.0,0.11111111111111116,0.6666666666666666,0.0,0.0,0.3333333333333333,0.0,0.5,0.5,1.0,0.4444444444444444,0.5585987261146497,195.1,Ryan McBryan,SF,,Right,LF,183.61934650624693
2881,9,S9,TEN,TEN,0,0,1,0,0,0,1,0,0,0,0,1,0,0,0,1,0,0,0,0,0,0,0,0,0.0,0.0,1,3,3,2,2,{9001},1,0,0,762.0,3,0.016411592315206947,-0.0673,0.014922253634299762,0,0,TEN,1,1,2,0,1,0,3,2.95096921322691,0.04903078677309008,0.04903078677309008,166,71,819,740.2531356898518,318,0.2893772893772894,0.4295827800900182,0.3333333333333333,,0.3333333333333333,0.6666666666666666,1.0,0.3333333333333333,0.3333333333333333,,0.0,0.0,0.0,0.5,0.5,1.0,0.3333333333333333,0.6777434312210201,254.0,Connor McDavid,XB,,Left,RF,172.95770365500437
2882,9,S9,TOL,TOL,0,0,0,2,1,0,0,0,0,2,2,2,0,0,0,4,2,0,0,0,0,0,0,0,0.0,1.0,2,9,8,2,3,"{9016, 9012, 9005}",3,2,0,2756.0,9,-0.5723888401384765,-0.16130000000000003,-0.017395600805510423,0,0,TOL,6,2,2,1,0,0,9,8.0,0.04903078677309008,0.0,166,71,819,740.2531356898518,318,0.2893772893772894,0.4295827800900182,0.25,0.0,0.3333333333333333,0.25,0.5833333333333333,0.0,0.25,,0.0,0.0,0.1111111111111111,0.6666666666666666,0.0,inf,0.3333333333333333,0.25,306.22222222222223,Mîke Ock,BP,,Right,RF,73.38587465120044
2883,9,S9,UCC,UCC,0,0,1,0,0,0,0,1,0,0,1,0,0,0,0,1,0,0,0,0,0,0,0,0,0.0,1.0,1,3,3,2,2,"{9002, 9011}",2,1,0,735.0,3,0.37178969769331205,0.10640000000000001,0.05046006417211029,0,0,UCC,4,1,2,0,0,0,3,3.0,0.04903078677309008,0.0,166,71,819,740.2531356898518,318,0.2893772893772894,0.4295827800900182,0.3333333333333333,0.0,0.3333333333333333,0.6666666666666666,1.0,0.3333333333333333,0.5,,0.0,0.3333333333333333,0.0,1.0,0.0,inf,0.3333333333333333,0.6666666666666666,245.0,Johnny Baseknocks,XB,,Left,3B,170.37921004033194
2884,9,S9,HVD,HVD,0,0,0,1,0,0,0,1,0,2,1,3,0,0,0,4,0,0,0,0,0,0,0,0,1.0,3.0,1,8,8,1,1,"{9001, 9013, 9009}",3,1,1,2881.0,8,-0.9207621626081844,-0.3069,-0.056659964520074255,0,0,HVD,5,1,1,0,0,0,8,8.0,0.04903078677309008,0.0,166,71,819,740.2531356898518,318,0.2893772893772894,0.4295827800900182,0.125,0.3333333333333333,0.125,0.125,0.25,0.0,0.14285714285714285,,0.0,0.125,0.0,0.6666666666666666,0.0,inf,0.125,0.125,360.125,Jake Lazer,1B,,Right,LF,-27.705796851614984
2886,9,S9,WSU,WSU,0,0,0,2,2,0,2,0,0,1,0,3,0,0,0,3,0,0,0,0,0,0,0,0,0.0,0.0,2,10,8,2,4,"{9015, 9018, 9005, 9007}",4,0,0,2592.0,10,0.1700091060268613,0.04819999999999999,0.061271225278616365,0,0,WSU,6,2,2,2,2,0,10,7.90193842645382,0.04903078677309008,0.09806157354618016,166,71,819,740.2531356898518,318,0.2893772893772894,0.4295827800900182,0.25,,0.4,0.25,0.65,0.0,0.25,,0.0,0.0,0.2,0.5,0.3333333333333333,1.5,0.3999999999999999,0.2531024531024531,259.2,Justin Time,BC,,Right,C,97.14605079305339
2886,12,S12,LSU,LSU,0,0,0,0,0,0,1,0,0,0,0,0,0,0,0,0,0,0,0,0,0,0,0,0,0.0,0.0,0,1,1,0,0,{12011},1,0,0,186.0,1,-0.15384615384615385,-0.011200000000000002,-0.011697644037623774,0,0,LSU,4,0,0,0,1,0,1,0.9344608879492601,0.06553911205073996,0.06553911205073996,236,72,932,850.169133192389,464,0.33047210300429186,0.5457737547559247,0.0,,0.0,0.0,0.0,0.0,0.0,,0.0,0.0,0.0,0.0,1.0,0.0,0.0,0.0,186.0,Justin Time,BC,,Right,C,-100.0
2888,9,S9,TEN,TEN,0,0,0,0,0,0,2,1,0,1,0,0,0,0,0,0,0,0,0,0,0,0,0,0,0.0,1.0,0,4,4,0,0,"{9001, 9004}",2,0,0,1285.0,4,-0.9870467515997006,-0.18480000000000002,-0.08099654928959796,0,0,TEN,2,0,0,0,2,0,4,3.9019384264538197,0.04903078677309008,0.09806157354618016,166,71,819,740.2531356898518,318,0.2893772893772894,0.4295827800900182,0.0,0.0,0.0,0.0,0.0,0.0,0.0,,0.0,0.25,0.0,0.0,0.6666666666666666,0.0,0.0,0.0,321.25,Just A. Guy,P,SF-S,Left,P,-100.0
2889,9,S9,TOL,TOL,0,0,0,1,0,0,0,2,0,0,1,0,0,0,0,1,0,0,0,0,0,0,0,0,0.0,1.0,1,4,4,1,1,"{9012, 9005}",2,0,0,977.0,4,-0.5289704271631981,-0.08080000000000001,-0.035188916845947715,0,0,TOL,4,1,1,0,0,0,4,4.0,0.04903078677309008,0.0,166,71,819,740.2531356898518,318,0.2893772893772894,0.4295827800900182,0.25,0.0,0.25,0.25,0.5,0.0,0.5,,0.0,0.5,0.0,1.0,0.0,inf,0.25,0.25,244.25,Primero Ultimo,XB,,Left,1B,44.58840629677003
2891,9,S9,TOL,TOL,1,0,0,0,2,0,0,1,0,3,1,0,0,0,0,1,0,0,1,0,1,0,0,0,0.0,1.0,1,8,6,4,7,"{9009, 9005, 9014}",3,1,2,2259.0,9,1.7954738068244724,0.42289999999999994,0.21939066389078446,0,0,TOL,5,1,4,2,0,0,8,6.0,0.04903078677309008,0.0,166,71,819,740.2531356898518,318,0.2893772893772894,0.4295827800900182,0.16666666666666666,0.0,0.375,0.6666666666666666,1.0416666666666665,0.5,0.0,1.0,0.125,0.125,0.25,0.25,0.0,inf,0.375,0.6666666666666666,251.0,Chad Isotope,S,,Right,CF,184.77794421754714
2893,9,S9,HVD,HVD,0,0,1,0,1,0,2,1,0,0,1,1,0,0,0,2,0,0,0,0,0,0,0,0,1.0,1.0,1,7,6,2,3,"{9010, 9018, 9006}",3,0,1,1465.0,7,0.22544327208805537,-0.03660000000000001,0.0535335474819567,0,0,HVD,6,1,2,1,2,0,7,5.90193842645382,0.04903078677309008,0.09806157354618016,166,71,819,740.2531356898518,318,0.2893772893772894,0.4295827800900182,0.16666666666666666,1.0,0.2857142857142857,0.3333333333333333,0.6190476190476191,0.16666666666666666,0.2,,0.0,0.14285714285714285,0.14285714285714285,0.5,0.5,1.0,0.2857142857142857,0.33887171561051005,209.28571428571428,Hitgood McChunky,MH,,Right,1B,77.6180923338313
2894,9,S9,UGA,UGA,0,0,0,1,2,0,0,1,0,3,0,1,0,0,0,1,0,0,1,0,0,0,0,0,0.0,0.0,1,8,6,1,4,"{9014, 9011, 9006}",3,1,0,2421.0,9,0.1681978858953008,-0.08419999999999997,0.05666307179786728,0,0,UGA,5,1,1,2,0,0,8,6.0,0.04903078677309008,0.0,166,71,819,740.2531356898518,318,0.2893772893772894,0.4295827800900182,0.16666666666666666,,0.375,0.16666666666666666,0.5416666666666666,0.0,0.2,1.0,0.0,0.125,0.25,0.25,0.0,inf,0.375,0.16666666666666666,269.0,Plankton Theodinian,BN,,Right,1B,68.3859417505893
2895,9,S9,WSU,WSU,0,0,0,0,1,0,0,1,0,1,0,1,0,0,0,1,0,0,0,0,0,0,0,0,0.0,1.0,0,4,3,0,1,"{9015, 9007}",2,0,0,1162.0,4,-0.06384179764014897,-0.0358,0.011323946106357194,0,0,WSU,5,0,0,1,0,0,4,3.0,0.04903078677309008,0.0,166,71,819,740.2531356898518,318,0.2893772893772894,0.4295827800900182,0.0,0.0,0.25,0.0,0.25,0.0,0.0,,0.0,0.25,0.25,0.5,0.0,inf,0.25,0.0,290.5,Gravy Stains McGee,XB,,Right,2B,-13.607594936708868
2896,9,S9,TEN,TEN,1,0,0,0,1,0,2,2,0,2,2,0,0,1,0,2,0,0,1,0,0,1,0,0,1.0,3.0,1,10,8,4,6,"{9001, 9004, 9012, 9015}",4,2,3,2786.0,11,0.9853092677125647,0.013799999999999955,0.14722827291477972,0,0,TEN,5,1,4,1,2,0,10,8.90193842645382,0.04903078677309008,0.09806157354618016,166,71,819,740.2531356898518,318,0.2893772893772894,0.4295827800900182,0.125,0.3333333333333333,0.2,0.5,0.7,0.375,0.0,1.0,0.1,0.2,0.1,0.3333333333333333,0.3333333333333333,1.0,0.2,0.4493403355962598,253.27272727272728,Gooch Jones,EN,,Right,C,73.71316694907999
2897,9,S9,UCC,UCC,0,0,2,1,1,0,4,0,0,0,1,0,0,0,0,1,0,0,2,1,0,0,0,0,1.0,2.0,3,9,8,5,8,"{9017, 9002, 9011, 9013}",4,2,0,2407.0,12,0.8223919404008181,-0.006400000000000003,0.1353635716511981,0,0,UCC,6,3,5,1,4,0,9,7.803876852907639,0.04903078677309008,0.1961231470923603,166,71,819,740.2531356898518,318,0.2893772893772894,0.4295827800900182,0.375,0.5,0.4444444444444444,0.625,1.0694444444444444,0.25,0.375,0.6666666666666666,0.0,0.0,0.1111111111111111,0.2,0.8,0.25,0.44444444444444453,0.6407071887784921,200.58333333333334,Choc Banana,SM,,Left,C,202.7328832841031
2898,9,S9,UCC,UCC,0,0,2,1,0,0,0,3,0,1,2,0,0,0,0,2,0,0,0,0,0,0,0,0,1.0,3.0,3,9,9,5,5,"{9017, 9002, 9013, 9007}",4,0,1,2181.0,9,0.4700443992510088,-0.07450000000000001,0.08684772313343811,0,0,UCC,6,3,5,0,0,0,9,9.0,0.04903078677309008,0.0,166,71,819,740.2531356898518,318,0.2893772893772894,0.4295827800900182,0.3333333333333333,0.3333333333333333,0.3333333333333333,0.5555555555555556,0.8888888888888888,0.22222222222222227,0.5,,0.0,0.3333333333333333,0.0,0.6666666666666666,0.0,inf,0.3333333333333333,0.5555555555555556,242.33333333333334,Javi D. Modelo,XB,,Right,C,144.5143206032302
2899,9,S9,HVD,HVD,0,0,0,0,1,0,0,1,0,2,1,0,0,0,0,1,0,0,0,0,0,0,0,0,0.0,1.0,0,5,4,0,1,"{9010, 9006}",2,1,0,1724.0,5,-0.5529039992895414,-0.0713,-0.03315524259098901,0,0,HVD,4,0,0,1,0,0,5,4.0,0.04903078677309008,0.0,166,71,819,740.2531356898518,318,0.2893772893772894,0.4295827800900182,0.0,0.0,0.2,0.0,0.2,0.0,0.0,,0.0,0.2,0.2,0.3333333333333333,0.0,inf,0.2,0.0,344.8,Rip Van Winkle,BP,,Right,SS,-30.886075949367086
2901,9,S9,WSU,WSU,0,0,0,1,0,0,0,1,0,0,1,1,0,0,0,2,1,0,0,0,0,0,0,0,0.0,0.0,1,4,4,1,1,"{9010, 9005}",2,0,0,1187.0,4,0.09418168479118169,-0.13920000000000002,0.027126294349490265,0,0,WSU,4,1,1,0,0,0,4,4.0,0.04903078677309008,0.0,166,71,819,740.2531356898518,318,0.2893772893772894,0.4295827800900182,0.25,,0.25,0.25,0.5,0.0,0.3333333333333333,,0.0,0.25,0.0,1.0,0.0,inf,0.25,0.25,296.75,Seth Jaws,XB,,Right,CF,44.58840629677003
2902,9,S9,HVD,HVD,0,0,0,0,0,0,2,3,0,1,0,1,0,0,0,1,0,0,0,0,0,0,0,0,0.0,0.0,0,7,7,0,0,"{9010, 9018, 9006}",3,0,0,2123.0,7,-1.1663174098177271,-0.1725,-0.08564252070862155,0,0,HVD,6,0,0,0,2,0,7,6.90193842645382,0.04903078677309008,0.09806157354618016,166,71,819,740.2531356898518,318,0.2893772893772894,0.4295827800900182,0.0,,0.0,0.0,0.0,0.0,0.0,,0.0,0.42857142857142855,0.0,0.25,0.5,0.5,0.0,0.0,303.2857142857143,Hippo Jars,1B,,Right,3B,-100.0
2903,9,S9,TOL,TOL,0,1,0,1,0,0,1,1,0,0,0,1,0,0,0,1,0,0,0,0,0,0,0,0,0.0,0.0,2,5,5,4,4,"{9002, 9012}",2,2,0,1181.0,5,0.5269951431967919,0.0338,0.0748346716576443,0,0,TOL,4,2,4,0,1,0,5,4.95096921322691,0.04903078677309008,0.04903078677309008,166,71,819,740.2531356898518,318,0.2893772893772894,0.4295827800900182,0.4,,0.4,0.8,1.2000000000000002,0.4,0.5,,0.0,0.2,0.0,0.5,0.5,1.0,0.4,0.8079226163058499,236.2,George P. Burdell,BN,,Right,2B,226.29931040162882
2904,9,S9,UCC,UCC,0,0,2,1,0,0,0,2,0,2,1,2,0,0,0,3,0,0,0,0,0,0,0,0,2.0,3.0,3,10,10,5,5,"{9017, 9011, 9004, 9013}",4,1,3,2862.0,10,1.7474203301350901,0.4836,0.21901234768943922,0,0,UCC,6,3,5,0,0,0,10,10.0,0.04903078677309008,0.0,166,71,819,740.2531356898518,318,0.2893772893772894,0.4295827800900182,0.3,0.6666666666666666,0.3,0.5,0.8,0.2,0.375,,0.0,0.2,0.0,0.6,0.0,inf,0.3,0.5,286.2,Nicaragua del Toro,1B,,Left,2B,120.06288854290719
2905,9,S9,HVD,HVD,0,0,0,1,1,0,2,2,0,1,0,2,0,0,0,2,0,0,0,1,0,0,0,0,0.0,0.0,1,9,8,1,2,"{9001, 9018, 9013, 9009}",4,0,0,2904.0,10,-1.282860212119043,-0.15400000000000003,-0.08401570653597408,0,0,HVD,6,1,1,1,2,0,9,7.90193842645382,0.04903078677309008,0.09806157354618016,166,71,819,740.2531356898518,318,0.2893772893772894,0.4295827800900182,0.125,,0.2222222222222222,0.125,0.3472222222222222,0.0,0.16666666666666666,0.0,0.0,0.2222222222222222,0.1111111111111111,0.4,0.4,1.0,0.22222222222222218,0.12655122655122655,290.4,Jose Can-Fake-O,MH,,Right,RF,6.252350291041475
2906,9,S9,UGA,UGA,0,0,0,1,0,0,0,0,0,0,1,1,0,0,0,2,0,0,0,0,0,0,0,0,0.0,1.0,1,3,3,1,1,{9006},1,0,0,804.0,3,-0.384553543944047,-0.0446,-0.025174259991625626,0,0,UGA,2,1,1,0,0,0,3,3.0,0.04903078677309008,0.0,166,71,819,740.2531356898518,318,0.2893772893772894,0.4295827800900182,0.3333333333333333,0.0,0.3333333333333333,0.3333333333333333,0.6666666666666666,0.0,0.3333333333333333,,0.0,0.0,0.0,1.0,0.0,inf,0.3333333333333333,0.3333333333333333,268.0,Beckham Hudson,MH,,Left,1B,92.78454172902673
2908,9,S9,WSU,WSU,0,1,1,0,1,0,2,3,0,3,0,0,0,1,0,0,0,0,0,1,0,0,0,0,0.0,2.0,2,11,9,5,6,"{9018, 9003, 9015, 9007}",4,1,1,3010.0,12,0.39140936442215835,-0.1507,0.09226531405333213,0,0,WSU,6,2,5,1,2,0,11,9.90193842645382,0.04903078677309008,0.09806157354618016,166,71,819,740.2531356898518,318,0.2893772893772894,0.4295827800900182,0.2222222222222222,0.0,0.2727272727272727,0.5555555555555556,0.8282828282828283,0.33333333333333337,0.2857142857142857,0.0,0.0,0.2727272727272727,0.09090909090909091,0.0,0.4,0.0,0.2727272727272727,0.5049516351911562,250.83333333333334,T-Rav,S,,Right,SS,111.79092400677173
2909,9,S9,UCC,UCC,0,0,1,0,0,0,1,1,0,0,0,1,0,0,0,1,0,0,0,0,0,0,0,0,0.0,0.0,1,4,4,2,2,"{9004, 9007}",2,1,0,1012.0,4,0.16315095040523045,0.0275,0.034023220910895144,0,0,UCC,3,1,2,0,1,0,4,3.95096921322691,0.04903078677309008,0.04903078677309008,166,71,819,740.2531356898518,318,0.2893772893772894,0.4295827800900182,0.25,,0.25,0.5,0.75,0.25,0.3333333333333333,,0.0,0.25,0.0,0.5,0.5,1.0,0.25,0.5062049062049062,253.0,Baxter Bean,EN,,Left,RF,104.22881044686632
2910,9,S9,TOL,TOL,0,0,0,2,0,0,2,1,0,1,0,0,0,0,0,0,0,0,0,0,0,0,0,0,0.0,0.0,2,6,6,2,2,"{9009, 9002, 9012}",3,1,0,1258.0,6,-0.5384717816606361,-0.0383,-0.027284989360505475,0,0,TOL,4,2,2,0,2,0,6,5.90193842645382,0.04903078677309008,0.09806157354618016,166,71,819,740.2531356898518,318,0.2893772893772894,0.4295827800900182,0.3333333333333333,,0.3333333333333333,0.3333333333333333,0.6666666666666666,0.0,0.4,,0.0,0.16666666666666666,0.0,0.0,0.6666666666666666,0.0,0.3333333333333333,0.33887171561051005,209.66666666666666,Mustard Fatherson,BN,,Left,LF,94.07378853636294
2913,9,S9,TEN,TEN,0,0,0,4,1,0,1,0,0,2,1,0,0,0,0,1,0,0,1,0,0,0,0,0,0.0,1.0,4,9,8,4,6,"{9008, 9001, 9012, 9015}",4,3,0,2129.0,10,0.8260961456007896,-0.05729999999999999,0.1268799292360092,0,0,TEN,5,4,4,1,1,0,9,7.95096921322691,0.04903078677309008,0.04903078677309008,166,71,819,740.2531356898518,318,0.2893772893772894,0.4295827800900182,0.5,0.0,0.5555555555555556,0.5,1.0555555555555556,0.0,0.5,1.0,0.0,0.0,0.1111111111111111,0.25,0.25,1.0,0.5555555555555557,0.5030833213824752,212.9,Scoot Heller,SF,,Left,SS,209.09287272973805
2914,9,S9,UCC,UCC,0,0,0,0,1,0,2,3,0,3,0,1,0,0,0,1,0,0,0,1,0,0,0,0,0.0,5.0,0,10,9,0,1,"{9017, 9002, 9011, 9004}",4,0,0,3642.0,11,-3.4763509454434143,-0.45439999999999997,-0.2989377484008182,0,0,UCC,6,0,0,1,2,0,10,8.90193842645382,0.04903078677309008,0.09806157354618016,166,71,819,740.2531356898518,318,0.2893772893772894,0.4295827800900182,0.0,0.0,0.1,0.0,0.1,0.0,0.0,0.0,0.0,0.3,0.1,0.16666666666666666,0.3333333333333333,0.5,0.1,0.0,331.09090909090907,Skarch McGooter,WC,,Right,2B,-65.44303797468353
2916,9,S9,WSU,WSU,0,0,1,1,0,0,4,2,0,0,0,1,0,0,0,1,0,0,0,0,0,0,0,0,1.0,2.0,2,9,9,3,3,"{9010, 9003, 9018, 9007}",4,1,0,2022.0,9,-1.3191351864204266,-0.1032,-0.09207023543370543,0,0,WSU,6,2,3,0,4,0,9,8.80387685290764,0.04903078677309008,0.1961231470923603,166,71,819,740.2531356898518,318,0.2893772893772894,0.4295827800900182,0.2222222222222222,0.5,0.2222222222222222,0.3333333333333333,0.5555555555555556,0.1111111111111111,0.2857142857142857,,0.0,0.2222222222222222,0.0,0.2,0.8,0.25,0.2222222222222222,0.3407589690454604,224.66666666666666,Strawberry Jones,BP,,Left,C,56.116486476702136
2917,9,S9,UGA,UGA,0,0,0,0,1,0,1,6,0,0,1,0,0,0,0,1,0,0,0,0,0,0,0,0,0.0,2.0,0,9,8,0,1,"{9008, 9017, 9003, 9014}",4,1,0,2407.0,9,-0.9145793902237636,-0.7076,-0.05161465581403914,0,0,UGA,6,0,0,1,1,0,9,7.95096921322691,0.04903078677309008,0.04903078677309008,166,71,819,740.2531356898518,318,0.2893772893772894,0.4295827800900182,0.0,0.0,0.1111111111111111,0.0,0.1111111111111111,0.0,0.0,,0.0,0.6666666666666666,0.1111111111111111,0.5,0.5,1.0,0.11111111111111113,0.0,267.44444444444446,Kai Sedillo,BP,,Right,3B,-61.60337552742617
2922,9,S9,HVD,HVD,0,0,0,1,0,0,0,2,0,1,2,2,0,0,0,4,0,0,0,0,0,0,0,0,0.0,4.0,1,8,8,1,1,"{9001, 9018, 9013, 9009}",4,0,0,2937.0,8,-1.4154264654264652,-0.15959999999999996,-0.10612639480190234,0,0,HVD,6,1,1,0,0,0,8,8.0,0.04903078677309008,0.0,166,71,819,740.2531356898518,318,0.2893772893772894,0.4295827800900182,0.125,0.0,0.125,0.125,0.25,0.0,0.16666666666666666,,0.0,0.25,0.0,0.8,0.0,inf,0.125,0.125,367.125,Randy Mann,WC,,Left,2B,-27.705796851614984
2923,9,S9,TEN,TEN,0,1,0,0,1,0,1,4,1,0,0,1,0,0,0,1,0,0,1,0,0,0,0,0,0.0,2.0,1,8,7,3,5,"{9001, 9004, 9012, 9015, 9016}",5,0,0,1941.0,8,-0.5427662912705249,0.0382,-0.014433345918715285,0,0,TEN,6,1,3,1,1,0,8,6.95096921322691,0.04903078677309008,0.04903078677309008,166,71,819,740.2531356898518,318,0.2893772893772894,0.4295827800900182,0.14285714285714285,0.0,0.25,0.42857142857142855,0.6785714285714286,0.2857142857142857,0.3333333333333333,1.0,0.0,0.5,0.125,0.5,0.5,1.0,0.25,0.4315944881889764,242.625,Peanuts Lee,BC,,Left,C,86.86069853132462
2929,9,S9,TOL,TOL,0,0,0,0,1,0,2,5,0,1,0,0,0,0,0,0,0,0,0,0,0,0,0,0,0.0,0.0,0,9,8,0,1,"{9016, 9002, 9012, 9005}",4,0,0,2390.0,9,-1.4975699671268323,-0.15810000000000002,-0.10991371350434603,0,0,TOL,6,0,0,1,2,0,9,7.90193842645382,0.04903078677309008,0.09806157354618016,166,71,819,740.2531356898518,318,0.2893772893772894,0.4295827800900182,0.0,,0.1111111111111111,0.0,0.1111111111111111,0.0,0.0,,0.0,0.5555555555555556,0.1111111111111111,0.0,0.6666666666666666,0.0,0.11111111111111109,0.0,265.55555555555554,Johnny Appleseed,BP,,Right,C,-61.60337552742617
2930,9,S9,WSU,WSU,1,0,0,0,0,0,2,2,0,3,0,0,0,0,0,0,0,0,0,0,1,0,0,0,0.0,2.0,1,8,8,4,4,"{9003, 9015, 9007}",3,1,1,2035.0,8,-0.49196944682042953,-0.0513,-0.013780692941298776,0,0,WSU,5,1,4,0,2,0,8,7.90193842645382,0.04903078677309008,0.09806157354618016,166,71,819,740.2531356898518,318,0.2893772893772894,0.4295827800900182,0.125,0.0,0.125,0.5,0.625,0.375,0.0,,0.125,0.25,0.0,0.0,0.4,0.0,0.125,0.5062049062049062,254.375,Zeke Euselachii,XB,,Right,RF,61.03260791522076
2931,9,S9,HVD,HVD,0,0,0,0,1,0,2,2,0,3,1,0,0,0,0,1,0,0,1,0,0,0,0,0,0.0,0.0,0,9,8,0,2,"{9009, 9018, 9013, 9006}",4,1,0,3116.0,10,-0.5024108182002921,-0.23270000000000002,-0.005970767144098976,0,0,HVD,6,0,0,1,2,0,9,7.90193842645382,0.04903078677309008,0.09806157354618016,166,71,819,740.2531356898518,318,0.2893772893772894,0.4295827800900182,0.0,,0.1111111111111111,0.0,0.1111111111111111,0.0,0.0,1.0,0.0,0.2222222222222222,0.1111111111111111,0.16666666666666666,0.3333333333333333,0.5,0.11111111111111109,0.0,311.6,Jeff Newman,S,,Left,2B,-61.60337552742617
2932,9,S9,UCC,UCC,0,0,0,0,3,0,4,4,0,0,0,0,0,0,0,0,0,0,1,1,0,0,0,0,0.0,2.0,0,11,8,0,4,"{9002, 9007, 9011, 9013, 9017}",5,2,0,2625.0,13,-0.5901374366815081,-0.3221,-0.0014623345894415017,0,0,UCC,6,0,0,3,4,0,11,7.803876852907639,0.04903078677309008,0.1961231470923603,166,71,819,740.2531356898518,318,0.2893772893772894,0.4295827800900182,0.0,0.0,0.2727272727272727,0.0,0.2727272727272727,0.0,0.0,0.5,0.0,0.36363636363636365,0.2727272727272727,0.0,1.0,0.0,0.27272727272727276,0.0,201.92307692307693,Seth Kablamo,BP,,Right,CF,-5.753739930955115
2933,9,S9,TOL,TOL,0,0,1,4,0,0,1,1,0,2,1,2,0,0,0,3,1,0,1,0,0,0,0,0,2.0,4.0,5,12,12,6,7,"{9016, 9002, 9012, 9014}",4,3,1,3060.0,13,0.4860142781195411,0.004200000000000006,0.10615283689066342,0,0,TOL,6,5,6,0,1,0,12,11.95096921322691,0.04903078677309008,0.04903078677309008,166,71,819,740.2531356898518,318,0.2893772893772894,0.4295827800900182,0.4166666666666667,0.5,0.4166666666666667,0.5,0.9166666666666667,0.08333333333333331,0.45454545454545453,1.0,0.0,0.08333333333333333,0.0,0.5,0.16666666666666666,3.0,0.4166666666666667,0.5020513309798683,235.3846153846154,Boomer Fisher,BC,,Left,3B,160.8568612800485
2934,9,S9,UGA,UGA,0,0,1,1,1,0,3,1,0,2,0,0,0,0,0,0,0,0,0,2,0,0,0,0,2.0,4.0,2,9,8,3,4,"{9014, 9017, 9011, 9006}",4,1,2,2559.0,11,0.5899748467859922,-0.2393,0.10769483082212249,0,0,UGA,6,2,3,1,3,0,9,7.85290763968073,0.04903078677309008,0.14709236031927023,166,71,819,740.2531356898518,318,0.2893772893772894,0.4295827800900182,0.25,0.5,0.3333333333333333,0.375,0.7083333333333333,0.125,0.2857142857142857,0.0,0.0,0.1111111111111111,0.1111111111111111,0.0,0.6,0.0,0.3333333333333333,0.3820241033831857,232.63636363636363,Pontos Napoleon,S,,Right,2B,104.11897418454772
2935,9,S9,HVD,HVD,0,0,2,0,1,0,0,1,0,2,0,2,0,0,0,2,0,0,0,1,0,0,0,0,1.0,1.0,2,8,7,4,5,"{9001, 9010, 9018, 9009}",4,0,2,2443.0,9,2.4019944430683364,0.17710000000000004,0.28004272751517084,0,0,HVD,6,2,4,1,0,0,8,7.0,0.04903078677309008,0.0,166,71,819,740.2531356898518,318,0.2893772893772894,0.4295827800900182,0.2857142857142857,1.0,0.375,0.5714285714285714,0.9464285714285714,0.2857142857142857,0.3333333333333333,0.0,0.0,0.125,0.125,0.5,0.0,inf,0.375,0.5714285714285714,271.44444444444446,Rex Renfield,XB,,Left,C,162.60803898574565
2936,9,S9,TEN,TEN,1,0,1,0,1,0,2,2,0,2,0,1,0,0,0,1,1,0,1,0,1,0,0,0,0.0,1.0,2,10,9,6,8,"{9008, 9016, 9004, 9012}",4,2,1,2561.0,11,0.45001810863648306,0.09109999999999996,0.09369915700717156,0,0,TEN,6,2,6,1,2,0,10,8.90193842645382,0.04903078677309008,0.09806157354618016,166,71,819,740.2531356898518,318,0.2893772893772894,0.4295827800900182,0.2222222222222222,0.0,0.3,0.6666666666666666,0.9666666666666666,0.4444444444444444,0.16666666666666666,1.0,0.1,0.2,0.1,0.2,0.4,0.5,0.3,0.6740105033943897,232.8181818181818,Hal Pipken,WC,,Right,SS,160.56975042361995
2938,9,S9,WSU,WSU,0,0,1,0,0,0,1,1,0,0,4,2,0,0,0,6,0,0,0,0,0,0,0,0,0.0,2.0,1,9,9,2,2,"{9010, 9018, 9005}",3,1,0,3157.0,9,-1.5840738209159264,-0.47,-0.11856409888325542,0,0,WSU,6,1,2,0,1,0,9,8.95096921322691,0.04903078677309008,0.04903078677309008,166,71,819,740.2531356898518,318,0.2893772893772894,0.4295827800900182,0.1111111111111111,0.0,0.1111111111111111,0.2222222222222222,0.3333333333333333,0.1111111111111111,0.125,,0.0,0.1111111111111111,0.0,0.8571428571428571,0.14285714285714285,6.0,0.1111111111111111,0.22343949044585987,350.77777777777777,Fernando Macias,1B,,Left,1B,-9.590236081045521
2940,9,S9,UCC,UCC,0,0,0,2,0,0,2,0,0,0,0,0,0,1,0,0,0,0,1,0,0,0,0,0,1.0,1.0,2,4,3,2,3,"{9011, 9004}",2,1,1,835.0,5,0.8582393180942175,0.0102,0.10795908914738687,0,0,UCC,4,2,2,0,2,0,4,3.9019384264538197,0.04903078677309008,0.09806157354618016,166,71,819,740.2531356898518,318,0.2893772893772894,0.4295827800900182,0.6666666666666666,1.0,0.5,0.6666666666666666,1.1666666666666665,0.0,0.5,1.0,0.0,0.0,0.0,0.0,1.0,0.0,0.5,0.5125657510227937,167.0,Leland Poindexter,BN,,Right,DH,192.1019184416284
2942,9,S9,UCC,UCC,2,0,0,2,0,0,3,3,0,0,0,1,0,0,0,1,0,0,2,0,2,0,0,0,1.0,1.0,4,11,11,10,12,"{9011, 9004, 9013, 9007}",4,4,3,2378.0,13,2.693271432332941,0.2542,0.32687855231200347,0,0,UCC,5,4,10,0,3,0,11,10.85290763968073,0.04903078677309008,0.14709236031927023,166,71,819,740.2531356898518,318,0.2893772893772894,0.4295827800900182,0.36363636363636365,1.0,0.36363636363636365,0.9090909090909091,1.2727272727272727,0.5454545454545454,0.3333333333333333,1.0,0.18181818181818182,0.2727272727272727,0.0,0.25,0.75,0.3333333333333333,0.36363636363636365,0.921412061357428,182.92307692307693,Tleyber Alfredo Cruz Fernandez III,1B,,Left,CF,240.1516699292568
2943,9,S9,TEN,TEN,0,0,1,0,2,0,1,1,0,3,2,0,0,0,0,2,1,0,0,1,0,0,0,0,0.0,2.0,1,10,8,2,4,"{9008, 9016, 9004, 9012}",4,1,0,3080.0,11,-1.3160074525380951,-0.2003,-0.08290339911028625,0,0,TEN,6,1,2,2,1,0,10,7.95096921322691,0.04903078677309008,0.04903078677309008,166,71,819,740.2531356898518,318,0.2893772893772894,0.4295827800900182,0.125,0.0,0.3,0.25,0.55,0.125,0.14285714285714285,0.0,0.0,0.1,0.2,0.3333333333333333,0.16666666666666666,2.0,0.30000000000000004,0.2515416606912376,280.0,Mo Bonzalez,BN,,Right,2B,62.22576125938377
2946,9,S9,HVD,HVD,1,0,2,1,0,0,0,0,0,0,1,1,0,0,0,2,0,0,0,1,1,0,0,0,0.0,0.0,4,6,6,9,9,"{9010, 9018, 9006}",3,2,3,1533.0,7,2.9301875258009393,0.44580000000000003,0.3240079728532451,0,0,HVD,6,4,9,0,0,0,6,6.0,0.04903078677309008,0.0,166,71,819,740.2531356898518,318,0.2893772893772894,0.4295827800900182,0.6666666666666666,,0.6666666666666666,1.5,2.1666666666666665,0.8333333333333334,0.6,0.0,0.16666666666666666,0.0,0.0,1.0,0.0,inf,0.6666666666666666,1.5,219.0,Tueballs Wunbatt,BP,,Right,3B,479.5557542363165
2947,9,S9,UCC,UCC,1,0,0,1,0,0,3,1,0,2,1,0,0,0,0,1,1,0,1,0,0,1,0,0,2.0,5.0,2,9,9,5,6,"{9011, 9004, 9013, 9007}",4,2,3,2191.0,10,1.166447582649231,0.0763,0.16091507294085333,0,0,UCC,5,2,5,0,3,0,9,8.85290763968073,0.04903078677309008,0.14709236031927023,166,71,819,740.2531356898518,318,0.2893772893772894,0.4295827800900182,0.2222222222222222,0.4,0.2222222222222222,0.5555555555555556,0.7777777777777778,0.33333333333333337,0.14285714285714285,1.0,0.1111111111111111,0.1111111111111111,0.0,0.16666666666666666,0.5,0.3333333333333333,0.2222222222222222,0.5647861926841834,219.1,Mama Luigi,XB,,Right,3B,108.26644080955003
2948,9,S9,TOL,TOL,0,0,1,0,0,0,3,3,0,0,0,0,0,0,0,0,0,0,0,0,0,0,0,0,0.0,1.0,1,7,7,2,2,"{9009, 9005, 9014}",3,0,0,1626.0,7,-0.7288370059771454,-0.18119999999999997,-0.041894480324563374,0,0,TOL,5,1,2,0,3,0,7,6.85290763968073,0.04903078677309008,0.14709236031927023,166,71,819,740.2531356898518,318,0.2893772893772894,0.4295827800900182,0.14285714285714285,0.0,0.14285714285714285,0.2857142857142857,0.42857142857142855,0.14285714285714285,0.25,,0.0,0.42857142857142855,0.0,0.0,1.0,0.0,0.14285714285714285,0.291846921797005,232.28571428571428,Grunt Manly,TT,,Left,3B,17.304383891137043
2949,9,S9,UGA,UGA,0,0,1,3,0,0,1,3,0,1,0,2,0,0,0,2,1,0,0,1,0,0,0,0,2.0,4.0,4,11,11,5,5,"{9008, 9017, 9011, 9006}",4,1,2,3155.0,12,0.34357878083306115,-0.1234,0.08748225569442238,0,0,UGA,6,4,5,0,1,0,11,10.95096921322691,0.04903078677309008,0.04903078677309008,166,71,819,740.2531356898518,318,0.2893772893772894,0.4295827800900182,0.36363636363636365,0.5,0.36363636363636365,0.45454545454545453,0.8181818181818181,0.09090909090909088,0.5,0.0,0.0,0.2727272727272727,0.0,0.5,0.25,2.0,0.36363636363636365,0.45658059142024154,262.9166666666667,Antony Joy,XB,,Right,RF,131.94633873795945
2950,9,S9,TEN,TEN,1,0,0,1,0,0,1,1,0,0,2,2,0,0,0,4,1,0,0,0,1,0,0,0,0.0,2.0,2,8,8,5,5,"{9008, 9016, 9004, 9012}",4,1,1,2363.0,8,-1.463351011702312,-0.02099999999999999,-0.110918849429487,0,0,TEN,6,2,5,0,1,0,8,7.95096921322691,0.04903078677309008,0.04903078677309008,166,71,819,740.2531356898518,318,0.2893772893772894,0.4295827800900182,0.25,0.0,0.25,0.625,0.875,0.375,0.16666666666666666,,0.125,0.125,0.0,0.8,0.2,4.0,0.25,0.6288541517280941,295.375,Anthony Esposito III,BC,,Right,RF,132.77959302187713
2951,9,S9,TOL,TOL,1,0,0,0,1,0,3,4,0,1,0,0,0,0,0,0,0,0,0,0,0,1,0,0,1.0,2.0,1,10,9,4,5,"{9016, 9009, 9012}",3,1,2,2290.0,10,-0.3351956398936894,0.18030000000000007,0.01075075068656127,0,0,TOL,6,1,4,1,3,0,10,8.85290763968073,0.04903078677309008,0.14709236031927023,166,71,819,740.2531356898518,318,0.2893772893772894,0.4295827800900182,0.1111111111111111,0.5,0.2,0.4444444444444444,0.6444444444444444,0.3333333333333333,0.0,,0.1,0.4,0.1,0.0,0.75,0.0,0.2,0.45182895414734675,229.0,Brandon Rice III,S,,Left,SS,74.29247754215483
2953,9,S9,TOL,TOL,2,0,0,2,0,0,1,2,0,0,1,1,0,0,0,2,0,0,0,1,2,0,0,0,0.0,2.0,4,9,9,10,10,"{9016, 9012, 9014}",3,2,2,2238.0,10,0.1850733174766145,0.08319999999999995,0.06277764642359168,1,0,TOL,6,4,10,0,1,0,9,8.95096921322691,0.04903078677309008,0.04903078677309008,166,71,819,740.2531356898518,318,0.2893772893772894,0.4295827800900182,0.4444444444444444,0.0,0.4444444444444444,1.1111111111111112,1.5555555555555556,0.6666666666666667,0.4,0.0,0.2222222222222222,0.2222222222222222,0.0,0.6666666666666666,0.3333333333333333,2.0,0.4444444444444444,1.1171974522292993,223.8,Trashstar Ratryox,XB,,Right,2B,313.6521951221986
2956,9,S9,UGA,UGA,0,0,0,1,1,0,0,0,0,2,0,0,0,0,0,0,0,0,0,1,0,0,0,0,0.0,1.0,1,4,3,1,1,"{9017, 9014}",2,0,0,1254.0,4,-0.26907724621738566,-0.1137,-0.004772567283773448,0,0,UGA,6,1,1,1,0,0,4,3.0,0.04903078677309008,0.0,166,71,819,740.2531356898518,318,0.2893772893772894,0.4295827800900182,0.3333333333333333,0.0,0.5,0.3333333333333333,0.8333333333333333,0.0,0.3333333333333333,0.0,0.0,0.0,0.25,0.0,0.0,,0.5,0.3333333333333333,313.5,Ernie Steele,S,,Right,C,150.37947843788749
2957,9,S9,TEN,TEN,0,0,0,0,0,0,1,3,0,0,1,0,0,0,0,1,0,0,0,0,0,0,0,0,0.0,3.0,0,5,5,0,0,"{9016, 9015}",2,0,0,1525.0,5,-0.9422908212381896,-0.1082,-0.07209392478585384,0,0,TEN,6,0,0,0,1,0,5,4.95096921322691,0.04903078677309008,0.04903078677309008,166,71,819,740.2531356898518,318,0.2893772893772894,0.4295827800900182,0.0,0.0,0.0,0.0,0.0,0.0,0.0,,0.0,0.6,0.0,0.5,0.5,1.0,0.0,0.0,305.0,Winston Pepperwood,BP,,Right,RF,-100.0
2958,9,S9,TOL,TOL,0,0,0,0,0,0,0,0,0,1,0,1,0,0,0,1,1,0,0,0,0,0,0,0,0.0,0.0,0,2,2,0,0,{9014},1,0,0,773.0,2,-0.7111111111111111,-0.1195,-0.062257048175925075,0,0,TOL,5,0,0,0,0,0,2,2.0,0.04903078677309008,0.0,166,71,819,740.2531356898518,318,0.2893772893772894,0.4295827800900182,0.0,,0.0,0.0,0.0,0.0,0.0,,0.0,0.0,0.0,0.5,0.0,inf,0.0,0.0,386.5,Luke fromm,MH,,Right,C,-100.0
2965,10,S10,NWU,NWU,0,0,0,0,0,0,0,2,0,0,0,0,0,0,0,0,0,0,0,0,0,0,0,0,0.0,0.0,0,2,2,0,0,"{10002, 10015}",2,0,0,562.0,2,-0.3425530131589976,-0.0589,-0.02704299723409606,0,0,NWU,5,0,0,0,0,0,2,2.0,0.029333333333333333,0.0,175,50,732,678.304,366,0.3073770491803279,0.5395810727933198,0.0,,0.0,0.0,0.0,0.0,,,0.0,1.0,0.0,,,,0.0,0.0,281.0,Randall Peppers,BP,,Right,3B,-100.0
2976,10,S10,BSU,BSU,0,0,2,2,1,0,1,3,0,1,0,1,0,0,0,1,0,0,0,0,0,0,0,0,0.0,2.0,4,11,10,6,7,"{10010, 10003, 10004, 10014}",4,0,0,2326.0,11,-1.2564726401661077,0.15940000000000004,-0.08597959156669041,0,0,BSU,5,4,6,1,1,0,11,9.970666666666666,0.029333333333333333,0.029333333333333333,175,50,732,678.304,366,0.3073770491803279,0.5395810727933198,0.4,0.0,0.45454545454545453,0.6,1.0545454545454545,0.19999999999999996,0.5714285714285714,,0.0,0.2727272727272727,0.09090909090909091,0.3333333333333333,0.3333333333333333,1.0,0.45454545454545453,0.6017651778550415,211.45454545454547,Junior Antonius,XB,,Right,RF,159.40330350714476
2977,10,S10,FOK,FOK,0,0,0,0,0,0,0,1,0,0,0,0,0,0,0,0,0,0,0,0,0,0,0,0,0.0,0.0,0,1,1,0,0,{10001},1,0,0,329.0,1,-0.11589289420881482,-0.025099999999999997,-0.00798313737997963,0,0,FOK,1,0,0,0,0,0,1,1.0,0.029333333333333333,0.0,175,50,732,678.304,366,0.3073770491803279,0.5395810727933198,0.0,,0.0,0.0,0.0,0.0,,,0.0,1.0,0.0,,,,0.0,0.0,329.0,Dolphin Dingers,BN,,Right,DH,-100.0
2978,10,S10,FOK,FOK,3,0,0,0,0,0,1,5,0,1,3,1,0,0,0,4,1,0,0,0,1,2,0,0,1.0,5.0,3,14,14,12,12,"{10001, 10004, 10008, 10011, 10015}",5,3,5,3650.0,14,1.292342177680057,-0.2985,0.1797203463406316,0,0,FOK,5,3,12,0,1,0,14,13.970666666666666,0.029333333333333333,0.029333333333333333,175,50,732,678.304,366,0.3073770491803279,0.5395810727933198,0.21428571428571427,0.2,0.21428571428571427,0.8571428571428571,1.0714285714285714,0.6428571428571428,0.0,,0.21428571428571427,0.35714285714285715,0.0,0.6666666666666666,0.16666666666666666,4.0,0.21428571428571427,0.8589425462874595,260.7142857142857,Corva Johnson,XB,,Right,SS,128.90121601946848
2981,10,S10,TXS,TXS,1,0,2,0,0,0,2,1,0,2,0,0,0,0,0,0,0,0,0,0,1,0,0,0,0.0,0.0,3,8,8,8,8,"{10002, 10011, 10013, 10006}",4,2,1,1517.0,8,0.5203759635240441,0.1597,0.0808868126796192,0,0,TXS,5,3,8,0,2,0,8,7.941333333333334,0.029333333333333333,0.058666666666666666,175,50,732,678.304,366,0.3073770491803279,0.5395810727933198,0.375,,0.375,1.0,1.375,0.625,0.3333333333333333,,0.125,0.125,0.0,0.0,0.5,0.0,0.375,1.0073875083948958,189.625,Maverick Madera,S,,Left,CF,208.69808100936922
2982,10,S10,UNA,UNA,0,0,1,0,2,0,3,1,0,2,1,0,0,1,0,1,0,0,0,0,0,0,0,0,0.0,2.0,1,10,7,2,4,"{10009, 10003, 10012, 10013}",4,0,1,2627.0,10,-0.4591069976785143,-0.0541,-0.00984917935883292,0,0,UNA,5,1,2,2,3,0,10,7.912,0.029333333333333333,0.088,175,50,732,678.304,366,0.3073770491803279,0.5395810727933198,0.14285714285714285,0.0,0.3,0.2857142857142857,0.5857142857142856,0.14285714285714285,0.14285714285714285,,0.0,0.1,0.2,0.16666666666666666,0.5,0.3333333333333333,0.30000000000000004,0.2527805864509606,262.7,Broon Lurkst,S,,Right,3B,44.447563637167335
2982,11,S11,KSU,KSU,0,0,0,3,0,0,0,2,0,4,0,0,0,0,0,0,0,0,0,0,0,0,0,0,0.0,3.0,3,9,9,3,3,"{11016, 11011, 11005, 11007}",4,1,0,2134.0,9,-1.526264870684348,-0.06409999999999999,-0.12137246631942328,0,0,KSU,6,3,3,0,0,0,9,9.0,0.04502617801047121,0.0,225,77,912,828.8764397905759,460,0.33114035087719296,0.5549681205997647,0.3333333333333333,0.0,0.3333333333333333,0.3333333333333333,0.6666666666666666,0.0,0.42857142857142855,,0.0,0.2222222222222222,0.0,0.0,0.0,,0.3333333333333333,0.3333333333333333,237.11111111111111,Broon Lurkxst,SF,,Right,3B,60.725761785381
2983,10,S10,BSU,BSU,1,0,1,2,1,0,2,0,0,2,2,1,0,0,0,3,1,0,1,0,1,0,0,0,1.0,4.0,4,12,11,8,10,"{10003, 10004, 10007, 10010, 10014}",5,1,1,2766.0,13,0.5985779240053399,-0.05249999999999998,0.10673776893225805,0,0,BSU,5,4,8,1,2,0,12,10.941333333333333,0.029333333333333333,0.058666666666666666,175,50,732,678.304,366,0.3073770491803279,0.5395810727933198,0.36363636363636365,0.25,0.4166666666666667,0.7272727272727273,1.143939393939394,0.36363636363636365,0.3,1.0,0.08333333333333333,0.0,0.08333333333333333,0.42857142857142855,0.2857142857142857,1.5,0.4166666666666667,0.73117231294175,212.76923076923077,Liru Wolf,BN,,Right,3B,171.0629611723973
2987,10,S10,TOL,TOL,0,0,0,1,1,0,3,2,0,3,2,1,0,0,0,3,2,0,0,0,0,0,0,0,0.0,2.0,1,13,12,1,2,"{10001, 10005, 10009, 10010, 10014}",5,1,0,3949.0,13,-2.4367994404866202,-0.43910000000000005,-0.19679996751693796,0,0,TOL,5,1,1,1,3,0,13,11.912,0.029333333333333333,0.088,175,50,732,678.304,366,0.3073770491803279,0.5395810727933198,0.08333333333333333,0.0,0.15384615384615385,0.08333333333333333,0.23717948717948717,0.0,0.1,,0.0,0.15384615384615385,0.07692307692307693,0.3333333333333333,0.3333333333333333,1.0,0.15384615384615385,0.08394895903290799,303.7692307692308,Kyogo Jota,S,,Right,1B,-34.39054453127051
2988,10,S10,NWU,NWU,2,1,0,2,2,0,0,2,0,3,0,1,0,0,0,1,0,0,1,0,2,0,0,0,1.0,2.0,5,13,11,13,15,"{10002, 10005, 10008, 10012, 10015}",5,3,3,2626.0,13,0.8543772121346499,0.4144,0.13231769774518903,0,0,NWU,5,5,13,2,0,0,13,11.0,0.029333333333333333,0.0,175,50,732,678.304,366,0.3073770491803279,0.5395810727933198,0.45454545454545453,0.5,0.5384615384615384,1.1818181818181819,1.7202797202797204,0.7272727272727273,0.42857142857142855,1.0,0.15384615384615385,0.15384615384615385,0.15384615384615385,0.25,0.0,inf,0.5384615384615384,1.1818181818181819,202.0,AJ Kushner,XB,,Left,RF,294.20462379150905
2989,10,S10,TOL,TOL,0,0,0,0,0,0,0,2,0,1,1,0,0,0,0,1,0,0,0,0,0,0,0,0,0.0,0.0,0,4,4,0,0,"{10001, 10009}",2,0,0,1287.0,4,-0.6210475333840726,-0.1008,-0.04768014517479985,0,0,TOL,3,0,0,0,0,0,4,4.0,0.029333333333333333,0.0,175,50,732,678.304,366,0.3073770491803279,0.5395810727933198,0.0,,0.0,0.0,0.0,0.0,0.0,,0.0,0.5,0.0,0.5,0.0,inf,0.0,0.0,321.75,Serengeti Fingers,P,WC-S,Right,P,-100.0
2990,10,S10,TOL,TOL,1,0,0,1,0,0,3,1,0,2,0,1,0,0,0,1,0,0,0,0,1,0,0,0,0.0,0.0,2,9,9,5,5,"{10010, 10005, 10014}",3,1,1,2342.0,9,1.1540087584050613,0.044999999999999984,0.14785624420862276,0,0,TOL,5,2,5,0,3,0,9,8.912,0.029333333333333333,0.088,175,50,732,678.304,366,0.3073770491803279,0.5395810727933198,0.2222222222222222,,0.2222222222222222,0.5555555555555556,0.7777777777777778,0.33333333333333337,0.14285714285714285,,0.1111111111111111,0.1111111111111111,0.0,0.16666666666666666,0.5,0.3333333333333333,0.2222222222222222,0.5610412926391382,260.22222222222223,Finnegan Craigellachie,1B,SF-S,Right,SS,76.27349655921924
2992,10,S10,TXS,TXS,0,1,0,0,0,0,4,4,0,2,0,2,0,0,0,2,1,0,0,0,0,0,0,0,1.0,1.0,1,13,13,3,3,"{10002, 10006, 10007, 10011, 10013}",5,0,1,3459.0,13,-2.017668373121625,-0.21109999999999998,-0.15488686078043845,0,0,TXS,5,1,3,0,4,0,13,12.882666666666667,0.029333333333333333,0.11733333333333333,175,50,732,678.304,366,0.3073770491803279,0.5395810727933198,0.07692307692307693,1.0,0.07692307692307693,0.23076923076923078,0.3076923076923077,0.15384615384615385,0.1111111111111111,,0.0,0.3076923076923077,0.0,0.25,0.5,0.5,0.07692307692307693,0.23287104119229973,266.0769230769231,Butch Sterling,EN,,Right,CF,-31.81661068886671
2993,10,S10,UNA,UNA,0,0,0,0,1,0,0,1,0,2,0,1,0,0,0,1,0,0,0,0,0,0,0,0,0.0,0.0,0,5,4,0,1,"{10009, 10003, 10006}",3,0,0,1622.0,5,-0.4409489495141782,-0.0739,-0.026064134746908565,0,0,UNA,3,0,0,1,0,0,5,4.0,0.029333333333333333,0.0,175,50,732,678.304,366,0.3073770491803279,0.5395810727933198,0.0,,0.2,0.0,0.2,0.0,0.0,,0.0,0.2,0.2,0.3333333333333333,0.0,inf,0.2,0.0,324.4,Chase SakOfDonuts,BN,,Right,DH,-34.93333333333333
2995,10,S10,FOK,FOK,1,0,1,1,0,0,2,3,0,2,2,2,0,0,0,4,0,0,0,0,0,1,0,0,1.0,3.0,3,14,14,7,7,"{10001, 10004, 10008, 10011, 10015}",5,1,2,3414.0,14,-0.6522972557700588,0.12040000000000001,-0.014743597004379983,0,0,FOK,5,3,7,0,2,0,14,13.941333333333333,0.029333333333333333,0.058666666666666666,175,50,732,678.304,366,0.3073770491803279,0.5395810727933198,0.21428571428571427,0.3333333333333333,0.21428571428571427,0.5,0.7142857142857143,0.2857142857142857,0.2,,0.07142857142857142,0.21428571428571427,0.0,0.5,0.25,2.0,0.21428571428571427,0.5021040550879878,243.85714285714286,Dickle Fingerford,MH,,Right,SS,62.76870893352138
2996,10,S10,TOL,TOL,2,0,1,0,2,0,0,2,0,2,0,3,1,0,0,3,0,0,0,0,1,1,0,0,0.0,3.0,3,13,11,10,12,"{10001, 10005, 10009, 10010, 10014}",5,2,4,3566.0,13,2.642092125310655,-0.0015999999999999834,0.31108918906278954,0,0,TOL,5,3,10,2,0,0,13,11.0,0.029333333333333333,0.0,175,50,732,678.304,366,0.3073770491803279,0.5395810727933198,0.2727272727272727,0.0,0.38461538461538464,0.9090909090909091,1.2937062937062938,0.6363636363636364,0.14285714285714285,,0.15384615384615385,0.15384615384615385,0.15384615384615385,0.6,0.0,inf,0.38461538461538464,0.9090909090909091,274.3076923076923,Chico Pappas,XB,,Left,RF,193.60907944514506
2999,10,S10,NWU,NWU,0,0,0,2,0,0,1,3,0,1,1,4,0,0,0,5,0,0,0,0,0,0,0,0,0.0,3.0,2,12,12,2,2,"{10002, 10005, 10008, 10012, 10015}",5,0,0,4014.0,12,-2.482135027944956,-0.3784,-0.2049396783036734,0,1,NWU,5,2,2,0,1,0,12,11.970666666666666,0.029333333333333333,0.029333333333333333,175,50,732,678.304,366,0.3073770491803279,0.5395810727933198,0.16666666666666666,0.0,0.16666666666666666,0.16666666666666666,0.3333333333333333,0.0,0.2222222222222222,,0.0,0.25,0.0,0.7142857142857143,0.14285714285714285,5.0,0.16666666666666666,0.16707507239919805,334.5,Rex McStrange,BP,,Left,C,-14.813928075956573
3000,10,S10,BSU,BSU,1,0,1,1,0,0,1,2,0,2,4,0,0,0,0,4,2,0,0,0,0,1,0,0,2.0,4.0,3,12,12,7,7,"{10003, 10004, 10007, 10010, 10014}",5,2,3,2918.0,12,-1.2753558620349144,-0.16440000000000002,-0.0842617617126692,0,0,BSU,5,3,7,0,1,0,12,11.970666666666666,0.029333333333333333,0.029333333333333333,175,50,732,678.304,366,0.3073770491803279,0.5395810727933198,0.25,0.5,0.25,0.5833333333333334,0.8333333333333334,0.33333333333333337,0.2222222222222222,,0.08333333333333333,0.16666666666666666,0.0,0.5714285714285714,0.14285714285714285,4.0,0.25,0.5847627533971932,243.16666666666666,Cornbread House,MH,,Left,1B,89.7068072897076
3001,10,S10,TXS,TXS,1,0,0,2,1,0,1,0,0,2,2,5,0,0,0,7,0,0,0,0,1,0,0,0,1.0,3.0,3,14,13,6,7,"{10002, 10006, 10007, 10011, 10013}",5,1,2,3928.0,14,0.9422265107829195,0.3038,0.14470877965091786,0,0,TXS,5,3,6,1,1,0,14,12.970666666666666,0.029333333333333333,0.029333333333333333,175,50,732,678.304,366,0.3073770491803279,0.5395810727933198,0.23076923076923078,0.3333333333333333,0.2857142857142857,0.46153846153846156,0.7472527472527473,0.23076923076923078,0.16666666666666666,,0.07142857142857142,0.0,0.07142857142857142,0.7,0.1,6.999999999999999,0.2857142857142857,0.46258223684210525,280.57142857142856,Chungus McApplebees Horchata Torx,MH,,Right,LF,78.68226662968895
3002,10,S10,UNA,UNA,1,0,1,6,1,0,4,1,0,0,0,1,0,0,0,1,1,0,0,0,0,1,0,0,3.0,4.0,8,15,14,12,13,"{10003, 10006, 10009, 10012, 10013}",5,5,4,2429.0,15,0.7631877482584879,0.31329999999999997,0.13041105543937653,0,0,UNA,5,8,12,1,4,0,15,13.882666666666667,0.029333333333333333,0.11733333333333333,175,50,732,678.304,366,0.3073770491803279,0.5395810727933198,0.5714285714285714,0.75,0.6,0.8571428571428571,1.457142857142857,0.2857142857142857,0.5833333333333334,,0.06666666666666667,0.06666666666666667,0.06666666666666667,0.2,0.8,0.25,0.6,0.8643872454859777,161.93333333333334,Shag McBenny,BP,,Right,SS,255.39599075467777
3003,10,S10,BSU,BSU,2,1,2,0,1,0,2,1,0,3,0,0,0,0,0,0,0,0,0,0,1,1,0,0,1.0,5.0,5,12,11,15,16,"{10003, 10004, 10014, 10007}",4,4,3,1953.0,12,2.2809241942351495,0.3819,0.2713662439143371,1,0,BSU,5,5,15,1,2,0,12,10.941333333333333,0.029333333333333333,0.058666666666666666,175,50,732,678.304,366,0.3073770491803279,0.5395810727933198,0.45454545454545453,0.2,0.5,1.3636363636363635,1.8636363636363635,0.909090909090909,0.375,,0.16666666666666666,0.08333333333333333,0.08333333333333333,0.0,0.4,0.0,0.5,1.3709480867657813,162.75,Tacitus Kilgore,EN,,Right,LF,316.743052198245
3005,10,S10,BSU,BSU,3,0,0,0,0,0,0,3,0,1,2,2,0,0,0,4,1,0,0,0,2,1,0,0,1.0,4.0,3,11,11,12,12,"{10003, 10004, 10007, 10010, 10014}",5,3,4,3148.0,11,3.2648983659007556,-0.0885,0.3661575090399959,0,0,BSU,5,3,12,0,0,0,11,11.0,0.029333333333333333,0.0,175,50,732,678.304,366,0.3073770491803279,0.5395810727933198,0.2727272727272727,0.25,0.2727272727272727,1.0909090909090908,1.3636363636363635,0.8181818181818181,0.0,,0.2727272727272727,0.2727272727272727,0.0,0.8,0.0,inf,0.2727272727272727,1.0909090909090908,286.1818181818182,Murphy Brisslefields,BP,,Right,3B,190.90432190760058
3006,10,S10,BSU,BSU,0,0,1,2,1,0,2,3,0,3,0,1,0,0,0,1,0,0,1,1,0,0,0,0,1.0,5.0,3,13,12,4,6,"{10003, 10004, 10007, 10010, 10014}",5,1,1,3817.0,15,0.6099969942181425,0.03600000000000001,0.11509198003534199,0,0,BSU,5,3,4,1,2,0,13,11.941333333333333,0.029333333333333333,0.058666666666666666,175,50,732,678.304,366,0.3073770491803279,0.5395810727933198,0.25,0.2,0.3076923076923077,0.3333333333333333,0.641025641025641,0.08333333333333331,0.3333333333333333,0.5,0.0,0.23076923076923078,0.07692307692307693,0.16666666666666666,0.3333333333333333,0.5,0.3076923076923077,0.33497096918267083,254.46666666666667,Not Gaca,WC,,Left,3B,62.18238603712214
3007,10,S10,FOK,FOK,0,0,0,1,1,0,8,1,0,0,2,1,0,1,0,3,0,0,0,0,0,0,0,0,0.0,3.0,1,14,12,1,2,"{10001, 10004, 10008, 10011, 10015}",5,1,1,3309.0,14,-3.011227095071973,-0.1941,-0.25063658093457136,0,0,FOK,5,1,1,1,8,0,14,12.765333333333333,0.029333333333333333,0.23466666666666666,175,50,732,678.304,366,0.3073770491803279,0.5395810727933198,0.08333333333333333,0.0,0.14285714285714285,0.08333333333333333,0.22619047619047616,0.0,0.08333333333333333,,0.0,0.07142857142857142,0.07142857142857142,0.2727272727272727,0.7272727272727273,0.37499999999999994,0.14285714285714285,0.07833716315019845,236.35714285714286,Carmelo Anthony,BP,,Right,SS,-39.0056644108499
3008,10,S10,FOK,FOK,1,0,3,3,0,0,2,2,0,0,1,2,0,0,0,3,0,0,0,0,1,0,0,0,1.0,2.0,7,14,14,13,13,"{10001, 10004, 10008, 10011, 10015}",5,4,2,2684.0,14,4.372067670945238,0.2531,0.4876928956671498,0,0,FOK,5,7,13,0,2,0,14,13.941333333333333,0.029333333333333333,0.058666666666666666,175,50,732,678.304,366,0.3073770491803279,0.5395810727933198,0.5,0.5,0.5,0.9285714285714286,1.4285714285714286,0.4285714285714286,0.5454545454545454,,0.07142857142857142,0.14285714285714285,0.0,0.6,0.4,1.4999999999999998,0.5,0.9324789594491202,191.71428571428572,Joan Wilkes Booth,EN,,Right,C,235.4820240738186
3009,10,S10,TXS,TXS,2,0,0,1,0,0,3,2,0,3,0,0,0,0,0,0,0,0,1,0,1,0,1,0,1.0,5.0,3,11,11,9,10,"{10002, 10006, 10007, 10011, 10013}",5,2,4,2759.0,12,2.938585674774992,0.27869999999999995,0.33713239196832145,0,0,TXS,5,3,9,0,3,0,11,10.912,0.029333333333333333,0.088,175,50,732,678.304,366,0.3073770491803279,0.5395810727933198,0.2727272727272727,0.2,0.2727272727272727,0.8181818181818182,1.0909090909090908,0.5454545454545455,0.14285714285714285,1.0,0.18181818181818182,0.18181818181818182,0.0,0.0,0.5,0.0,0.2727272727272727,0.8247800586510263,229.91666666666666,CJ Colt,SM,,Left,3B,141.5829046680448
3011,10,S10,NWU,NWU,0,0,0,3,1,0,2,2,0,0,2,1,0,0,0,3,0,0,0,0,0,0,0,0,0.0,0.0,3,11,10,3,4,"{10008, 10002, 10012, 10005}",4,1,0,2765.0,11,-1.0222715393201498,-0.04449999999999999,-0.06255948148209464,0,0,NWU,4,3,3,1,2,0,11,9.941333333333333,0.029333333333333333,0.058666666666666666,175,50,732,678.304,366,0.3073770491803279,0.5395810727933198,0.3,,0.36363636363636365,0.3,0.6636363636363636,0.0,0.375,,0.0,0.18181818181818182,0.09090909090909091,0.6,0.4,1.4999999999999998,0.36363636363636365,0.3017703862660944,251.36363636363637,Marlboro Jesus,WC,,Right,RF,74.22982267620979
3012,10,S10,NWU,NWU,1,0,3,2,0,0,2,2,0,0,3,1,0,0,0,4,2,0,0,0,0,1,0,0,1.0,2.0,6,14,14,12,12,"{10002, 10005, 10008, 10012, 10015}",5,2,3,3093.0,14,0.4671187460764595,0.10160000000000001,0.09719800318027184,0,0,NWU,5,6,12,0,2,0,14,13.941333333333333,0.029333333333333333,0.058666666666666666,175,50,732,678.304,366,0.3073770491803279,0.5395810727933198,0.42857142857142855,0.5,0.42857142857142855,0.8571428571428571,1.2857142857142856,0.42857142857142855,0.45454545454545453,,0.07142857142857142,0.14285714285714285,0.0,0.6666666666666666,0.3333333333333333,2.0,0.42857142857142855,0.8607498087222648,220.92857142857142,Erling De La Cruz,BC,,Right,SS,198.95043980440397
3013,10,S10,UNA,UNA,2,0,2,1,1,0,5,2,0,3,0,0,0,0,0,0,0,0,1,0,0,1,1,0,3.0,3.0,5,16,15,13,15,"{10003, 10006, 10009, 10012, 10013}",5,4,8,3413.0,17,4.069146091018191,0.47109999999999996,0.46821919379715055,0,0,UNA,5,5,13,1,5,0,16,14.853333333333333,0.029333333333333333,0.14666666666666667,175,50,732,678.304,366,0.3073770491803279,0.5395810727933198,0.3333333333333333,1.0,0.375,0.8666666666666667,1.2416666666666667,0.5333333333333334,0.2727272727272727,1.0,0.125,0.125,0.0625,0.0,0.625,0.0,0.375,0.8752244165170556,200.76470588235293,Total Dial,BC,,Right,RF,184.2044324101598
3017,10,S10,TOL,TOL,1,0,0,0,0,0,0,0,0,0,0,2,0,0,0,2,0,0,0,0,0,1,0,0,0.0,0.0,1,3,3,4,4,"{10001, 10009}",2,1,2,866.0,3,1.36658117822974,0.04080000000000001,0.14747657394567956,0,0,TOL,3,1,4,0,0,0,3,3.0,0.029333333333333333,0.0,175,50,732,678.304,366,0.3073770491803279,0.5395810727933198,0.3333333333333333,,0.3333333333333333,1.3333333333333333,1.6666666666666665,1.0,0.0,,0.3333333333333333,0.0,0.0,1.0,0.0,inf,0.3333333333333333,1.3333333333333333,288.6666666666667,Jordan Kurdi,MH,,Left,LF,255.5497267759563
3018,10,S10,UNA,UNA,0,0,1,3,3,0,1,4,0,2,0,1,0,0,0,1,0,0,0,0,0,0,0,0,3.0,5.0,4,15,12,5,8,"{10003, 10006, 10009, 10012, 10013}",5,3,3,3396.0,15,3.1842319527760816,0.029600000000000005,0.37251547589113587,0,0,UNA,5,4,5,3,1,0,15,11.970666666666666,0.029333333333333333,0.029333333333333333,175,50,732,678.304,366,0.3073770491803279,0.5395810727933198,0.3333333333333333,0.6,0.4666666666666667,0.4166666666666667,0.8833333333333333,0.08333333333333337,0.5,,0.0,0.26666666666666666,0.2,0.25,0.25,1.0,0.4666666666666667,0.41768768099799514,226.4,"Fin ""Shark"" Maddox",WC,,Right,1B,129.23184647677525
3020,10,S10,TOL,TOL,0,0,0,1,0,0,1,7,0,1,2,1,0,0,0,3,0,0,0,0,0,0,0,0,0.0,3.0,1,13,13,1,1,"{10001, 10005, 10009, 10010, 10014}",5,0,0,4042.0,13,-3.626516232757956,-0.3909,-0.31577164674407154,0,0,TOL,5,1,1,0,1,0,13,12.970666666666666,0.029333333333333333,0.029333333333333333,175,50,732,678.304,366,0.3073770491803279,0.5395810727933198,0.07692307692307693,0.0,0.07692307692307693,0.07692307692307693,0.15384615384615385,0.0,0.16666666666666666,,0.0,0.5384615384615384,0.0,0.6,0.2,2.9999999999999996,0.07692307692307693,0.07709703947368421,310.9230769230769,Homer Pimpson II,BP,,Right,RF,-60.68604469480764
3021,10,S10,TXS,TXS,0,2,0,2,0,0,4,3,0,1,0,1,0,0,0,1,0,0,1,0,0,0,0,0,1.0,2.0,4,13,13,8,9,"{10002, 10006, 10007, 10011, 10013}",5,2,1,3023.0,14,-1.319672386028728,-0.034300000000000004,-0.0814811100302469,0,0,TXS,5,4,8,0,4,0,13,12.882666666666667,0.029333333333333333,0.11733333333333333,175,50,732,678.304,366,0.3073770491803279,0.5395810727933198,0.3076923076923077,0.5,0.3076923076923077,0.6153846153846154,0.9230769230769231,0.3076923076923077,0.4,1.0,0.0,0.23076923076923078,0.0,0.16666666666666666,0.6666666666666666,0.25,0.3076923076923077,0.6209894431794659,215.92857142857142,Jason Sensation,BC,,Right,CF,115.18989286387678
3022,10,S10,BSU,BSU,0,0,2,2,0,0,2,1,0,1,2,1,0,0,0,3,0,0,0,0,0,0,0,0,0.0,1.0,4,11,11,6,6,"{10003, 10004, 10007, 10010, 10014}",5,1,0,2459.0,11,-1.3789710495456664,-0.0421,-0.09822943250464627,0,0,BSU,5,4,6,0,2,0,11,10.941333333333333,0.029333333333333333,0.058666666666666666,175,50,732,678.304,366,0.3073770491803279,0.5395810727933198,0.36363636363636365,0.0,0.36363636363636365,0.5454545454545454,0.9090909090909091,0.18181818181818177,0.4,,0.0,0.09090909090909091,0.0,0.5,0.3333333333333333,1.5,0.36363636363636365,0.5483792347063124,223.54545454545453,Clayton Bigsby,XB,,Left,SS,119.93358451566164
3023,10,S10,UNA,UNA,2,0,0,0,1,0,3,2,0,1,0,3,0,0,0,3,2,0,0,0,2,0,0,0,0.0,4.0,2,12,11,8,9,"{10003, 10006, 10009, 10012, 10013}",5,2,2,3235.0,12,1.3095088862219662,0.06019999999999999,0.17422471311301882,0,0,UNA,5,2,8,1,3,0,12,10.912,0.029333333333333333,0.088,175,50,732,678.304,366,0.3073770491803279,0.5395810727933198,0.18181818181818182,0.0,0.25,0.7272727272727273,0.9772727272727273,0.5454545454545454,0.0,,0.16666666666666666,0.16666666666666666,0.08333333333333333,0.42857142857142855,0.42857142857142855,1.0,0.25,0.7331378299120234,269.5833333333333,Duke Houston,BP,,Right,C,117.20500616957517
3025,10,S10,FOK,FOK,2,0,0,3,1,0,4,1,0,2,1,1,0,0,0,2,0,0,1,0,2,0,0,0,0.0,3.0,5,15,14,11,13,"{10001, 10004, 10008, 10011, 10015}",5,4,2,3326.0,16,-0.4139051385309258,-0.03430000000000001,0.01630791880133703,0,0,FOK,5,5,11,1,4,0,15,13.882666666666667,0.029333333333333333,0.11733333333333333,175,50,732,678.304,366,0.3073770491803279,0.5395810727933198,0.35714285714285715,0.0,0.4,0.7857142857142857,1.1857142857142857,0.42857142857142855,0.2727272727272727,1.0,0.13333333333333333,0.06666666666666667,0.06666666666666667,0.25,0.5,0.5,0.4,0.7923549750288129,207.875,Acuña Matata,BP,,Right,C,176.97965819178796
3026,10,S10,FOK,FOK,0,0,2,2,0,0,2,2,0,3,1,2,0,0,0,3,0,0,0,0,0,0,0,0,0.0,2.0,4,14,14,6,6,"{10001, 10004, 10008, 10011, 10015}",5,0,0,3736.0,14,-0.923803521663026,-0.27379999999999993,-0.0418942235936767,0,0,FOK,5,4,6,0,2,0,14,13.941333333333333,0.029333333333333333,0.058666666666666666,175,50,732,678.304,366,0.3073770491803279,0.5395810727933198,0.2857142857142857,0.0,0.2857142857142857,0.42857142857142855,0.7142857142857142,0.14285714285714285,0.3333333333333333,,0.0,0.14285714285714285,0.0,0.375,0.25,1.5,0.2857142857142857,0.4303749043611324,266.85714285714283,John Applebees,XB,,Left,RF,72.71331514029723
3030,10,S10,TOL,TOL,1,0,1,1,2,0,0,5,0,0,2,2,0,0,0,4,1,0,0,0,1,0,0,0,0.0,4.0,3,14,12,7,9,"{10001, 10005, 10009, 10010, 10014}",5,2,1,3504.0,14,-0.8793453274437684,0.08519999999999997,-0.037448404171750924,0,0,TOL,5,3,7,2,0,0,14,12.0,0.029333333333333333,0.0,175,50,732,678.304,366,0.3073770491803279,0.5395810727933198,0.25,0.0,0.35714285714285715,0.5833333333333334,0.9404761904761905,0.33333333333333337,0.3333333333333333,,0.07142857142857142,0.35714285714285715,0.14285714285714285,1.0,0.0,inf,0.35714285714285715,0.5833333333333334,250.28571428571428,Cared Jarrabis,XB,,Left,1B,124.29903721051261
3031,10,S10,NWU,NWU,0,0,0,1,2,0,1,3,0,1,2,1,0,0,0,3,0,0,0,0,0,0,0,0,1.0,2.0,1,11,9,1,3,"{10008, 10002, 10012, 10005}",4,0,1,3418.0,11,0.7685762894173562,-0.16099999999999998,0.11652530139165598,0,0,NWU,4,1,1,2,1,0,11,8.970666666666666,0.029333333333333333,0.029333333333333333,175,50,732,678.304,366,0.3073770491803279,0.5395810727933198,0.1111111111111111,0.5,0.2727272727272727,0.1111111111111111,0.3838383838383838,0.0,0.16666666666666666,,0.0,0.2727272727272727,0.18181818181818182,0.6,0.2,2.9999999999999996,0.2727272727272727,0.11147443519619502,310.72727272727275,Steve Holt!,BN,,Right,3B,9.386714063698909
3032,10,S10,TXS,TXS,1,1,0,1,1,0,5,1,0,3,1,1,0,0,0,2,0,0,0,0,1,0,0,0,1.0,4.0,3,15,14,8,9,"{10002, 10006, 10007, 10011, 10013}",5,2,1,3494.0,15,-0.22676055262791417,-0.1023,0.03141622535073635,0,0,TXS,5,3,8,1,5,0,15,13.853333333333333,0.029333333333333333,0.14666666666666667,175,50,732,678.304,366,0.3073770491803279,0.5395810727933198,0.21428571428571427,0.25,0.26666666666666666,0.5714285714285714,0.838095238095238,0.3571428571428571,0.16666666666666666,,0.06666666666666667,0.06666666666666667,0.06666666666666667,0.2,0.5,0.4,0.26666666666666666,0.5774783445620789,232.93333333333334,Sid Hugo IV,BP,,Left,SS,93.7790175855655
3034,10,S10,UNA,UNA,0,0,1,0,0,0,4,1,0,6,0,2,0,0,0,2,0,0,0,0,0,0,0,0,0.0,4.0,1,14,14,2,2,"{10003, 10006, 10009, 10012, 10013}",5,0,0,4149.0,14,-1.975645348312959,-0.2593,-0.14707840625867002,0,0,UNA,5,1,2,0,4,0,14,13.882666666666667,0.029333333333333333,0.11733333333333333,175,50,732,678.304,366,0.3073770491803279,0.5395810727933198,0.07142857142857142,0.0,0.07142857142857142,0.14285714285714285,0.21428571428571427,0.07142857142857142,0.07692307692307693,,0.0,0.07142857142857142,0.0,0.16666666666666666,0.3333333333333333,0.5,0.07142857142857142,0.1440645409143296,296.35714285714283,Beans Returns,XB,,Left,C,-50.06257296945847
3035,10,S10,BSU,BSU,0,0,0,1,0,0,3,1,1,2,1,1,0,0,0,2,0,0,0,0,0,0,0,0,1.0,3.0,1,9,9,1,1,"{10010, 10003, 10014, 10007}",4,0,0,2180.0,8,-0.9982627835308886,-0.18719999999999998,-0.0673709099849722,0,0,BSU,5,1,1,0,3,0,9,8.912,0.029333333333333333,0.088,175,50,732,678.304,366,0.3073770491803279,0.5395810727933198,0.1111111111111111,0.3333333333333333,0.1111111111111111,0.1111111111111111,0.2222222222222222,0.0,0.125,,0.0,0.1111111111111111,0.0,0.2857142857142857,0.42857142857142855,0.6666666666666666,0.1111111111111111,0.11220825852782763,272.5,Andre Pope,SF,,Right,RF,-43.056411799267266
3036,10,S10,TOL,TOL,0,0,0,1,1,0,0,1,0,1,2,2,0,0,0,4,0,0,0,0,0,0,0,0,1.0,1.0,1,8,7,1,2,"{10001, 10005, 10009}",3,0,0,2336.0,8,-0.5074876529176673,-0.04190000000000001,-0.021899548964551943,0,0,TOL,3,1,1,1,0,0,8,7.0,0.029333333333333333,0.0,175,50,732,678.304,366,0.3073770491803279,0.5395810727933198,0.14285714285714285,1.0,0.25,0.14285714285714285,0.39285714285714285,0.0,0.16666666666666666,,0.0,0.125,0.125,0.8,0.0,inf,0.25,0.14285714285714285,292.0,Parker Story,MH,,Right,SS,7.808899297423899
3037,10,S10,UNA,UNA,0,0,4,3,1,0,2,1,0,3,0,1,0,0,0,1,0,0,0,0,0,0,0,0,1.0,2.0,7,15,14,11,12,"{10003, 10006, 10009, 10012, 10013}",5,4,2,2910.0,15,1.5765730909994389,0.09149999999999997,0.21174958971347166,0,0,UNA,5,7,11,1,2,0,15,13.941333333333333,0.029333333333333333,0.058666666666666666,175,50,732,678.304,366,0.3073770491803279,0.5395810727933198,0.5,0.5,0.5333333333333333,0.7857142857142857,1.319047619047619,0.2857142857142857,0.5384615384615384,,0.0,0.06666666666666667,0.06666666666666667,0.16666666666666666,0.3333333333333333,0.5,0.5333333333333333,0.7890206579954093,194.0,Matt Pudds,S,,Left,CF,219.73949045562424
3038,10,S10,TOL,TOL,2,1,2,3,0,0,3,2,0,1,1,0,0,1,0,1,0,0,1,2,2,0,0,0,1.0,2.0,8,15,14,18,19,"{10001, 10005, 10009, 10010, 10014}",5,2,5,3373.0,18,3.188154745211486,0.28370000000000006,0.3837262112573819,0,0,TOL,5,8,18,0,3,0,15,14.912,0.029333333333333333,0.088,175,50,732,678.304,366,0.3073770491803279,0.5395810727933198,0.5714285714285714,0.5,0.5333333333333333,1.2857142857142858,1.8190476190476192,0.7142857142857144,0.5454545454545454,0.3333333333333333,0.13333333333333333,0.13333333333333333,0.0,0.2,0.6,0.33333333333333337,0.5333333333333333,1.2070815450643777,187.38888888888889,Stealing Seconds,S,,Left,3B,297.21828060382904
3039,10,S10,TOL,TOL,0,1,0,0,0,0,0,0,0,3,0,0,0,0,0,0,0,0,0,0,0,0,0,0,0.0,1.0,1,4,4,3,3,"{10009, 10014}",2,1,0,1263.0,4,-0.3890431037052243,0.04319999999999999,-0.024479702206915026,0,0,TOL,5,1,3,0,0,0,4,4.0,0.029333333333333333,0.0,175,50,732,678.304,366,0.3073770491803279,0.5395810727933198,0.25,0.0,0.25,0.75,1.0,0.5,0.25,,0.0,0.0,0.0,0.0,0.0,,0.25,0.75,315.75,Speed Shark,P,BF-S,Right,P,120.33005464480877
3040,10,S10,BSU,BSU,0,0,2,0,0,0,2,4,0,4,0,0,0,0,0,0,0,0,0,0,0,0,0,0,1.0,3.0,2,12,12,4,4,"{10010, 10003, 10004, 10007}",4,1,1,3283.0,12,-1.7103535807081192,-0.1249,-0.1277615335799897,0,0,BSU,4,2,4,0,2,0,12,11.941333333333333,0.029333333333333333,0.058666666666666666,175,50,732,678.304,366,0.3073770491803279,0.5395810727933198,0.16666666666666666,0.3333333333333333,0.16666666666666666,0.3333333333333333,0.5,0.16666666666666666,0.25,,0.0,0.3333333333333333,0.0,0.0,0.3333333333333333,0.0,0.16666666666666666,0.33497096918267083,273.5833333333333,Cole Slaw,S,,Left,CF,16.302044156780227
3041,10,S10,FOK,FOK,0,0,0,1,0,0,1,0,0,0,0,1,0,0,0,1,0,0,0,0,0,0,0,0,0.0,0.0,1,3,3,1,1,{10001},1,1,0,820.0,3,-0.028964162984781605,-0.0026000000000000016,0.007922039824227395,0,0,FOK,1,1,1,0,1,0,3,2.970666666666667,0.029333333333333333,0.029333333333333333,175,50,732,678.304,366,0.3073770491803279,0.5395810727933198,0.3333333333333333,,0.3333333333333333,0.3333333333333333,0.6666666666666666,0.0,0.3333333333333333,,0.0,0.0,0.0,0.5,0.5,1.0,0.3333333333333333,0.3366247755834829,273.3333333333333,Raymond Philippe,P,TT-H,Left,P,70.83076460219822
3042,10,S10,FOK,FOK,0,1,0,2,1,0,4,1,0,1,1,2,0,0,0,3,1,0,0,1,0,0,0,0,1.0,4.0,3,13,12,5,6,"{10001, 10004, 10008, 10011, 10015}",5,0,1,3397.0,14,-1.5291544528371916,-0.03169999999999999,-0.10242931671109325,0,0,FOK,5,3,5,1,4,0,13,11.882666666666667,0.029333333333333333,0.11733333333333333,175,50,732,678.304,366,0.3073770491803279,0.5395810727933198,0.25,0.25,0.3076923076923077,0.4166666666666667,0.7243589743589745,0.16666666666666669,0.2727272727272727,0.0,0.0,0.07692307692307693,0.07692307692307693,0.375,0.5,0.75,0.3076923076923077,0.4207809694793537,242.64285714285714,Archie Henderson,BC,,Right,RF,78.08546429975634
3044,10,S10,TXS,TXS,0,0,0,1,1,0,3,1,0,0,0,0,0,0,0,0,0,0,0,1,0,0,0,0,1.0,2.0,1,6,5,1,2,"{10002, 10006, 10007}",3,0,0,1520.0,7,-0.7476060263179951,-0.0991,-0.049517538345486556,0,0,TXS,3,1,1,1,3,0,6,4.912,0.029333333333333333,0.088,175,50,732,678.304,366,0.3073770491803279,0.5395810727933198,0.2,0.5,0.3333333333333333,0.2,0.5333333333333333,0.0,0.25,0.0,0.0,0.16666666666666666,0.16666666666666666,0.0,1.0,0.0,0.3333333333333333,0.20358306188925082,217.14285714285714,Cat ToeBeans,BC,WC-S,Left,P,46.17428193398716
3045,10,S10,TXS,TXS,0,0,1,1,0,0,1,8,0,2,1,1,0,0,0,2,0,0,1,0,0,0,0,0,1.0,5.0,2,15,15,3,4,"{10002, 10006, 10007, 10011, 10013}",5,1,1,3950.0,16,-1.944528899055237,-0.19429999999999994,-0.13675445725109409,0,0,TXS,5,2,3,0,1,0,15,14.970666666666666,0.029333333333333333,0.029333333333333333,175,50,732,678.304,366,0.3073770491803279,0.5395810727933198,0.13333333333333333,0.2,0.13333333333333333,0.2,0.33333333333333337,0.06666666666666668,0.2857142857142857,1.0,0.0,0.5333333333333333,0.0,0.4,0.2,2.0,0.13333333333333333,0.20039187744923406,246.875,Keith Bourgignon,XB,,Right,2B,-19.483803631696194
3046,10,S10,NWU,NWU,0,0,1,1,1,0,2,5,0,1,1,3,0,0,0,4,0,0,0,0,0,0,0,0,0.0,2.0,2,15,14,3,4,"{10002, 10005, 10008, 10012, 10015}",5,1,0,4330.0,15,-2.687026825434881,-0.36119999999999997,-0.21461040192996034,0,0,NWU,5,2,3,1,2,0,15,13.941333333333333,0.029333333333333333,0.058666666666666666,175,50,732,678.304,366,0.3073770491803279,0.5395810727933198,0.14285714285714285,0.0,0.2,0.21428571428571427,0.41428571428571426,0.07142857142857142,0.2222222222222222,,0.0,0.3333333333333333,0.06666666666666667,0.5714285714285714,0.2857142857142857,2.0,0.2,0.2151874521805662,288.6666666666667,Norm Niner,XB,,Right,SS,4.947133760624811
3047,10,S10,TOL,TOL,0,0,0,0,0,0,1,1,0,1,0,0,0,0,0,0,0,0,0,0,0,0,0,0,0.0,0.0,0,3,3,0,0,"{10010, 10005}",2,0,0,633.0,3,-0.5692131321091805,-0.0795,-0.04610285708821249,0,0,TOL,4,0,0,0,1,0,3,2.970666666666667,0.029333333333333333,0.029333333333333333,175,50,732,678.304,366,0.3073770491803279,0.5395810727933198,0.0,,0.0,0.0,0.0,0.0,0.0,,0.0,0.3333333333333333,0.0,0.0,0.5,0.0,0.0,0.0,211.0,Electric Windgodfist,P,BS-H,Right,P,-100.0
3048,10,S10,UNA,UNA,0,0,0,3,1,0,2,2,0,4,3,1,0,0,0,4,1,0,0,0,0,0,0,0,1.0,3.0,3,16,15,3,4,"{10003, 10006, 10009, 10012, 10013}",5,2,1,4682.0,16,-1.5511886450219785,-0.14230000000000004,-0.09742043184776823,0,0,UNA,5,3,3,1,2,0,16,14.941333333333333,0.029333333333333333,0.058666666666666666,175,50,732,678.304,366,0.3073770491803279,0.5395810727933198,0.2,0.3333333333333333,0.25,0.2,0.45,0.0,0.23076923076923078,,0.0,0.125,0.0625,0.4,0.2,2.0,0.25,0.20078529359271818,292.625,Cliff Griffin,WC,,Right,2B,18.54466332926643
3051,10,S10,TXS,TXS,0,1,0,2,1,0,3,0,0,4,1,0,0,0,0,1,1,0,2,0,0,0,0,0,2.0,4.0,3,12,11,5,8,"{10002, 10006, 10007, 10011, 10013}",5,2,2,3054.0,14,0.5844505940373002,-0.10180000000000003,0.10893118797635594,0,0,TXS,5,3,5,1,3,0,12,10.912,0.029333333333333333,0.088,175,50,732,678.304,366,0.3073770491803279,0.5395810727933198,0.2727272727272727,0.5,0.3333333333333333,0.45454545454545453,0.7878787878787878,0.18181818181818182,0.2727272727272727,1.0,0.0,0.0,0.08333333333333333,0.125,0.375,0.3333333333333333,0.3333333333333333,0.45821114369501464,218.14285714285714,Jed I. Knight,S,,Right,CF,93.36423996709557
3052,10,S10,UNA,UNA,1,0,3,0,1,0,1,3,0,1,1,1,0,0,0,2,0,0,0,0,1,0,0,0,1.0,4.0,4,12,11,10,11,"{10003, 10006, 10009, 10012, 10013}",5,4,2,2647.0,12,2.8747576351709907,0.21090000000000006,0.33074958800792126,0,0,UNA,5,4,10,1,1,0,12,10.970666666666666,0.029333333333333333,0.029333333333333333,175,50,732,678.304,366,0.3073770491803279,0.5395810727933198,0.36363636363636365,0.25,0.4166666666666667,0.9090909090909091,1.3257575757575757,0.5454545454545454,0.42857142857142855,,0.08333333333333333,0.25,0.08333333333333333,0.5,0.25,2.0,0.4166666666666667,0.9115216334467672,220.58333333333334,Arxy Winkler,BP,,Right,SS,204.48691349366374
3056,10,S10,NWU,NWU,0,0,1,3,1,0,3,2,0,0,1,1,0,0,0,2,0,0,0,0,0,0,0,0,1.0,2.0,4,12,11,5,6,"{10002, 10005, 10008, 10012, 10015}",5,2,1,2794.0,12,-0.013606472165122396,-0.043599999999999986,0.04191317727430995,0,0,NWU,5,4,5,1,3,0,12,10.912,0.029333333333333333,0.088,175,50,732,678.304,366,0.3073770491803279,0.5395810727933198,0.36363636363636365,0.5,0.4166666666666667,0.45454545454545453,0.8712121212121212,0.09090909090909088,0.4444444444444444,,0.0,0.16666666666666666,0.08333333333333333,0.4,0.6,0.6666666666666667,0.4166666666666667,0.45821114369501464,232.83333333333334,TheGreatBambi,BC,,Right,3B,120.4753510782067
3058,10,S10,FOK,FOK,1,0,1,0,3,0,2,1,0,3,0,1,0,0,0,1,0,0,0,0,0,1,0,0,0.0,0.0,2,12,9,6,9,"{10001, 10004, 10008, 10011, 10015}",5,1,2,2850.0,12,2.60317556352801,0.41519999999999996,0.3035913808436232,0,0,FOK,5,2,6,3,2,0,12,8.941333333333333,0.029333333333333333,0.058666666666666666,175,50,732,678.304,366,0.3073770491803279,0.5395810727933198,0.2222222222222222,,0.4166666666666667,0.6666666666666666,1.0833333333333333,0.4444444444444444,0.14285714285714285,,0.08333333333333333,0.08333333333333333,0.25,0.16666666666666666,0.3333333333333333,0.5,0.4166666666666667,0.6710408589322995,237.5,Jerk McGurkin,BC,,Left,CF,159.91886123239013
3060,10,S10,FOK,FOK,0,0,1,1,0,0,2,2,0,3,1,0,0,0,0,1,0,0,0,0,0,0,0,0,0.0,1.0,2,10,10,3,3,"{10008, 10011, 10004, 10015}",4,0,0,2760.0,10,-1.7469800663442656,-0.10690000000000001,-0.13863648622540806,0,0,FOK,5,2,3,0,2,0,10,9.941333333333333,0.029333333333333333,0.058666666666666666,175,50,732,678.304,366,0.3073770491803279,0.5395810727933198,0.2,0.0,0.2,0.3,0.5,0.09999999999999998,0.25,,0.0,0.2,0.0,0.16666666666666666,0.3333333333333333,0.5,0.2,0.3017703862660944,276.0,Dark Brother,BC,,Left,3B,20.993459039846172
3061,10,S10,TXS,TXS,1,0,1,1,1,0,0,1,0,1,2,1,0,0,0,3,1,0,1,0,1,0,0,0,0.0,1.0,3,9,8,7,9,"{10011, 10013, 10007}",3,3,2,2605.0,10,1.278559944790772,-0.010100000000000008,0.1639175148880957,0,0,TXS,5,3,7,1,0,0,9,8.0,0.029333333333333333,0.0,175,50,732,678.304,366,0.3073770491803279,0.5395810727933198,0.375,0.0,0.4444444444444444,0.875,1.3194444444444444,0.5,0.3333333333333333,1.0,0.1111111111111111,0.1111111111111111,0.1111111111111111,0.75,0.0,inf,0.4444444444444444,0.875,260.5,Slick Grifter,SM,,Right,3B,206.75543412264722
3063,10,S10,BSU,BSU,0,0,1,0,1,0,2,1,0,0,1,0,0,0,0,1,1,0,0,0,0,0,0,0,0.0,2.0,1,6,5,2,3,"{10010, 10014}",2,0,0,1316.0,6,-0.5727964462220381,-0.1861,-0.035642732376792705,0,0,BSU,5,1,2,1,2,0,6,4.941333333333334,0.029333333333333333,0.058666666666666666,175,50,732,678.304,366,0.3073770491803279,0.5395810727933198,0.2,0.0,0.3333333333333333,0.4,0.7333333333333334,0.2,0.25,,0.0,0.16666666666666666,0.16666666666666666,0.3333333333333333,0.6666666666666666,0.5,0.3333333333333333,0.4047490555855369,219.33333333333334,Albino Albono,HK,,Right,1B,83.45616668485209
3064,10,S10,TOL,TOL,0,0,0,0,3,0,0,3,0,0,0,0,0,0,0,0,0,0,0,0,0,0,0,0,0.0,0.0,0,6,3,0,3,"{10010, 10014}",2,3,0,1317.0,6,-0.5660731021555765,-0.012600000000000007,-0.03497039797014654,0,0,TOL,5,0,0,3,0,0,6,3.0,0.029333333333333333,0.0,175,50,732,678.304,366,0.3073770491803279,0.5395810727933198,0.0,,0.5,0.0,0.5,0.0,,,0.0,0.5,0.5,,,,0.5,0.0,219.5,Coco Mohawk,XB,,Right,3B,62.66666666666667
3065,10,S10,NWU,NWU,0,0,0,0,2,0,1,1,0,1,1,0,0,0,0,1,0,0,0,1,0,0,0,0,0.0,1.0,0,6,4,0,2,"{10012, 10015}",2,0,0,1649.0,7,-0.5615237238602631,-0.1463,-0.030909308099713352,0,0,NWU,5,0,0,2,1,0,6,3.970666666666667,0.029333333333333333,0.029333333333333333,175,50,732,678.304,366,0.3073770491803279,0.5395810727933198,0.0,0.0,0.3333333333333333,0.0,0.3333333333333333,0.0,0.0,0.0,0.0,0.16666666666666666,0.3333333333333333,0.3333333333333333,0.3333333333333333,1.0,0.3333333333333333,0.0,235.57142857142858,Tori Nori Balimory,S,,Right,C,8.444444444444432
3068,11,S11,KSU,KSU,1,1,1,1,1,0,1,3,0,0,0,1,0,0,0,1,0,0,0,0,1,0,0,0,2.0,4.0,4,10,9,10,11,"{11016, 11003, 11015, 11007}",4,2,3,2121.0,10,2.2095191942784878,0.19110000000000002,0.2556786091489726,0,0,KSU,6,4,10,1,1,0,10,8.95497382198953,0.04502617801047121,0.04502617801047121,225,77,912,828.8764397905759,460,0.33114035087719296,0.5549681205997647,0.4444444444444444,0.5,0.5,1.1111111111111112,1.6111111111111112,0.6666666666666667,0.6,,0.1,0.3,0.1,0.5,0.5,1.0,0.5,1.1166978484565013,212.1,Osha Wott,BC,BB-B,Right,LF,252.2117550813613
3072,11,S11,BDE,BDE,0,0,1,1,1,0,1,2,0,1,1,0,0,0,0,1,0,0,0,0,0,0,0,0,1.0,3.0,2,8,7,3,4,"{11008, 11010, 11003, 11006}",4,1,1,1769.0,8,0.03851622489805445,-0.0178,0.03163297426670454,0,0,BDE,4,2,3,1,1,0,8,6.954973821989529,0.04502617801047121,0.04502617801047121,225,77,912,828.8764397905759,460,0.33114035087719296,0.5549681205997647,0.2857142857142857,0.3333333333333333,0.375,0.42857142857142855,0.8035714285714286,0.14285714285714285,0.4,,0.0,0.25,0.125,0.3333333333333333,0.3333333333333333,1.0,0.375,0.4313459801264679,221.125,Uncle Crush,TT,WC-S,Right,P,90.96949405284435
3073,11,S11,CSU,CSU,1,0,1,0,0,0,3,2,0,1,1,0,0,0,0,1,0,0,0,0,1,0,0,0,1.0,3.0,2,9,9,6,6,"{11018, 11002, 11011, 11006}",4,1,2,2134.0,9,-0.07325631126410082,0.0106,0.02392838962260141,0,0,CSU,6,2,6,0,3,0,9,8.864921465968587,0.04502617801047121,0.13507853403141362,225,77,912,828.8764397905759,460,0.33114035087719296,0.5549681205997647,0.2222222222222222,0.3333333333333333,0.2222222222222222,0.6666666666666666,0.8888888888888888,0.4444444444444444,0.16666666666666666,,0.1111111111111111,0.2222222222222222,0.0,0.2,0.6,0.33333333333333337,0.2222222222222222,0.6768249468462083,237.11111111111111,Flash Sanderson,S,,Right,RF,89.06561392331747
3074,11,S11,KSU,KSU,0,0,0,0,0,0,3,5,0,1,1,1,0,0,0,2,1,0,0,0,0,0,0,0,0.0,4.0,0,11,11,0,0,"{11015, 11016, 11003, 11005, 11007}",5,0,0,3385.0,11,-3.8808843411862592,-0.4042,-0.3498890754253896,0,0,KSU,6,0,0,0,3,0,11,10.864921465968587,0.04502617801047121,0.13507853403141362,225,77,912,828.8764397905759,460,0.33114035087719296,0.5549681205997647,0.0,0.0,0.0,0.0,0.0,0.0,0.0,,0.0,0.45454545454545453,0.0,0.3333333333333333,0.5,0.6666666666666666,0.0,0.0,307.72727272727275,Vern Solomon,BP,,Left,SS,-100.0
3076,11,S11,ZOO,ZOO,1,0,0,0,2,0,0,3,0,0,0,0,0,0,0,0,0,0,0,0,1,0,0,0,0.0,3.0,1,6,4,4,6,"{11008, 11004}",2,2,1,1278.0,6,0.14835790201581364,-0.015899999999999997,0.0356718040342557,0,0,ZOO,3,1,4,2,0,0,6,4.0,0.04502617801047121,0.0,225,77,912,828.8764397905759,460,0.33114035087719296,0.5549681205997647,0.25,0.0,0.5,1.0,1.5,0.75,,,0.16666666666666666,0.5,0.3333333333333333,,,,0.5,1.0,213.0,Honu SWAGner,WC,,Right,LF,231.18390787269936
3079,11,S11,BSU,BSU,0,1,2,1,0,0,6,0,0,0,1,0,0,0,0,1,0,0,0,0,0,0,0,0,0.0,1.0,4,11,11,8,8,"{11001, 11013, 11017, 11007}",4,3,1,1918.0,11,0.14109832883844417,-0.057400000000000014,0.05230919157708067,0,0,BSU,6,4,8,0,6,0,11,10.729842931937172,0.04502617801047121,0.27015706806282724,225,77,912,828.8764397905759,460,0.33114035087719296,0.5549681205997647,0.36363636363636365,0.0,0.36363636363636365,0.7272727272727273,1.0909090909090908,0.36363636363636365,0.36363636363636365,,0.0,0.0,0.0,0.14285714285714285,0.8571428571428571,0.16666666666666666,0.36363636363636365,0.7455840733873329,174.36363636363637,LeCheesestick Turtle,TT,,Right,RF,144.16055507594976
3081,11,S11,CSU,CSU,0,0,0,0,0,0,1,1,0,1,1,3,0,0,0,4,0,0,0,0,0,0,0,0,0.0,1.0,0,7,7,0,0,"{11009, 11013, 11006}",3,0,0,2674.0,7,-1.2085712720967752,-0.23049999999999998,-0.09654844440489081,0,0,CSU,5,0,0,0,1,0,7,6.954973821989529,0.04502617801047121,0.04502617801047121,225,77,912,828.8764397905759,460,0.33114035087719296,0.5549681205997647,0.0,0.0,0.0,0.0,0.0,0.0,0.0,,0.0,0.14285714285714285,0.0,0.6666666666666666,0.16666666666666666,4.0,0.0,0.0,382.0,Ray 'Cole Train' Cole,XB,BS-B,Left,RF,-100.0
3083,11,S11,UWU,UWU,0,0,0,3,1,0,6,1,0,0,1,1,0,0,0,2,0,0,0,1,0,0,0,0,1.0,3.0,3,13,12,3,4,"{11009, 11014, 11018, 11001, 11005}",5,0,1,3370.0,14,-0.9870968245812275,-0.17729999999999996,-0.05009231684854932,0,0,UWU,6,3,3,1,6,0,13,11.729842931937172,0.04502617801047121,0.27015706806282724,225,77,912,828.8764397905759,460,0.33114035087719296,0.5549681205997647,0.25,0.3333333333333333,0.3076923076923077,0.25,0.5576923076923077,0.0,0.2727272727272727,0.0,0.0,0.07692307692307693,0.07692307692307693,0.25,0.75,0.3333333333333333,0.3076923076923077,0.25575790037493307,240.71428571428572,Dirk Buckaroo,BC,,Right,SS,39.004153248074644
3085,11,S11,ZOO,ZOO,0,2,3,1,4,0,4,1,0,2,1,0,0,0,0,1,0,0,1,0,0,0,0,0,0.0,4.0,6,18,14,13,18,"{11008, 11012, 11015, 11016, 11002, 11004}",6,4,1,3181.0,19,2.781612267432299,0.1523,0.3441419372133653,0,0,ZOO,6,6,13,4,4,0,18,13.819895287958115,0.04502617801047121,0.18010471204188483,225,77,912,828.8764397905759,460,0.33114035087719296,0.5549681205997647,0.42857142857142855,0.0,0.5555555555555556,0.9285714285714286,1.4841269841269842,0.5,0.46153846153846156,1.0,0.0,0.05555555555555555,0.2222222222222222,0.14285714285714285,0.5714285714285714,0.25,0.5555555555555556,0.9406728292165479,167.42105263157896,PickYrSpot n'Swing,S,,Right,CF,237.27075544534006
3087,11,S11,ZOO,ZOO,0,0,0,0,0,0,0,1,0,3,0,0,0,0,0,0,0,0,0,0,0,0,0,0,0.0,2.0,0,4,4,0,0,"{11016, 11002}",2,0,0,1306.0,4,0.3731671247850058,-0.1565,0.05120738836695013,0,0,ZOO,6,0,0,0,0,0,4,4.0,0.04502617801047121,0.0,225,77,912,828.8764397905759,460,0.33114035087719296,0.5549681205997647,0.0,0.0,0.0,0.0,0.0,0.0,0.0,,0.0,0.25,0.0,0.0,0.0,,0.0,0.0,326.5,Wheezy Wiggleborn,S,,Right,SS,-100.0
3088,11,S11,CSU,CSU,0,0,1,3,2,0,0,3,0,2,0,0,0,0,0,0,0,0,1,2,0,0,0,0,1.0,2.0,4,11,9,5,8,"{11009, 11011, 11013, 11018, 11002}",5,0,2,3066.0,14,1.2940594128752294,-0.14609999999999992,0.17802330689709642,0,0,CSU,6,4,5,2,0,0,11,9.0,0.04502617801047121,0.0,225,77,912,828.8764397905759,460,0.33114035087719296,0.5549681205997647,0.4444444444444444,0.5,0.5454545454545454,0.5555555555555556,1.101010101010101,0.11111111111111116,0.6666666666666666,0.3333333333333333,0.0,0.2727272727272727,0.18181818181818182,0.0,0.0,,0.5454545454545454,0.5555555555555556,219.0,Brad Hatley,WC,,Left,C,164.82589838000993
3090,11,S11,UWU,UWU,0,0,0,0,1,0,0,2,0,0,0,0,0,0,0,0,0,0,0,0,0,0,0,0,0.0,1.0,0,3,2,0,1,"{11001, 11005}",2,1,0,711.0,3,-0.1878495822276588,-0.0702,-0.008366951306428713,0,0,UWU,2,0,0,1,0,0,3,2.0,0.04502617801047121,0.0,225,77,912,828.8764397905759,460,0.33114035087719296,0.5549681205997647,0.0,0.0,0.3333333333333333,0.0,0.3333333333333333,0.0,,,0.0,0.6666666666666666,0.3333333333333333,,,,0.3333333333333333,0.0,237.0,Steely McPage,BP,,Left,CF,0.6622516556291425
3092,11,S11,BDE,BDE,0,1,2,1,0,0,2,4,0,1,2,1,0,0,0,3,1,0,0,1,0,0,0,0,0.0,3.0,4,14,14,8,8,"{11008, 11010, 11014, 11017, 11003, 11006}",6,1,0,3970.0,15,-2.3176947571408277,-0.14039999999999997,-0.17967944113239692,0,0,BDE,6,4,8,0,2,0,14,13.909947643979057,0.04502617801047121,0.09005235602094241,225,77,912,828.8764397905759,460,0.33114035087719296,0.5549681205997647,0.2857142857142857,0.0,0.2857142857142857,0.5714285714285714,0.8571428571428571,0.2857142857142857,0.4,0.0,0.0,0.2857142857142857,0.0,0.5,0.3333333333333333,1.5,0.2857142857142857,0.5751279735019572,264.6666666666667,Shmitty Von Flabbergasted,XB,,Right,2B,89.9145445775547
3093,11,S11,ZOO,ZOO,0,0,4,0,2,0,0,2,0,2,2,1,0,0,0,3,0,0,0,1,0,0,0,0,1.0,5.0,4,13,11,8,10,"{11012, 11015, 11016, 11002, 11004}",5,1,1,3342.0,14,0.7735083757218415,0.013599999999999973,0.12596820318175758,0,0,ZOO,6,4,8,2,0,0,13,11.0,0.04502617801047121,0.0,225,77,912,828.8764397905759,460,0.33114035087719296,0.5549681205997647,0.36363636363636365,0.2,0.46153846153846156,0.7272727272727273,1.1888111888111887,0.36363636363636365,0.4444444444444444,0.0,0.0,0.15384615384615385,0.15384615384615385,0.6,0.0,inf,0.46153846153846156,0.7272727272727273,238.71428571428572,Archie 'Clumsy' Sybil,XB,,Right,2B,170.4261607573228
3094,11,S11,BSU,BSU,0,1,0,1,1,0,0,1,0,3,0,5,0,0,0,5,0,0,0,0,0,0,0,0,0.0,0.0,2,12,11,4,5,"{11001, 11013, 11017, 11007}",4,1,0,3982.0,12,0.7912678166436318,0.040699999999999986,0.12079880932971182,0,0,BSU,6,2,4,1,0,0,12,11.0,0.04502617801047121,0.0,225,77,912,828.8764397905759,460,0.33114035087719296,0.5549681205997647,0.18181818181818182,,0.25,0.36363636363636365,0.6136363636363636,0.18181818181818182,0.2,,0.0,0.08333333333333333,0.08333333333333333,0.625,0.0,inf,0.25,0.36363636363636365,331.8333333333333,Lou Zrectum,WC,,Right,RF,41.020517974178446
3095,11,S11,UWU,UWU,0,0,2,2,2,0,1,1,0,1,2,0,0,0,0,2,0,0,0,0,0,0,0,0,1.0,1.0,4,11,9,6,8,"{11009, 11014, 11018, 11001, 11005}",5,1,1,2362.0,11,1.892776083578988,0.10969999999999999,0.22747696705113507,0,0,UWU,6,4,6,2,1,0,11,8.95497382198953,0.04502617801047121,0.04502617801047121,225,77,912,828.8764397905759,460,0.33114035087719296,0.5549681205997647,0.4444444444444444,1.0,0.5454545454545454,0.6666666666666666,1.212121212121212,0.2222222222222222,0.5,,0.0,0.09090909090909091,0.18181818181818182,0.5,0.25,2.0,0.5454545454545454,0.6700187090739008,214.72727272727272,Tommy Tripleton,1B,,Right,LF,185.45107472250731
3096,11,S11,BDE,BDE,1,0,0,1,0,0,1,2,0,2,4,2,0,1,0,6,0,0,0,0,0,0,1,0,1.0,3.0,2,13,12,5,5,"{11008, 11010, 11014, 11017, 11003, 11006}",6,1,4,3645.0,13,0.050757937623880034,-0.1303,0.05022049039984907,0,0,BDE,6,2,5,0,1,0,13,12.95497382198953,0.04502617801047121,0.04502617801047121,225,77,912,828.8764397905759,460,0.33114035087719296,0.5549681205997647,0.16666666666666666,0.3333333333333333,0.15384615384615385,0.4166666666666667,0.5705128205128205,0.25,0.1,,0.07692307692307693,0.15384615384615385,0.0,0.6666666666666666,0.1111111111111111,6.0,0.15384615384615385,0.3859521500161655,280.38461538461536,Dingerz McLongball,MH,,Right,RF,16.00442338042294
3097,11,S11,BSU,BSU,0,0,0,1,1,0,2,1,0,4,3,1,0,0,0,4,0,0,0,0,0,0,0,0,0.0,2.0,1,13,12,1,2,"{11010, 11013, 11017, 11001, 11007}",5,1,0,4119.0,13,-2.880582042160182,-0.15109999999999998,-0.24291350757855718,0,0,BSU,6,1,1,1,2,0,13,11.909947643979057,0.04502617801047121,0.09005235602094241,225,77,912,828.8764397905759,460,0.33114035087719296,0.5549681205997647,0.08333333333333333,0.0,0.15384615384615385,0.08333333333333333,0.23717948717948717,0.0,0.09090909090909091,,0.0,0.07692307692307693,0.07692307692307693,0.4,0.2,2.0,0.15384615384615385,0.08396342535607526,316.84615384615387,Bubson Dugnutt,BN,,Right,2B,-38.411085087653596
3099,11,S11,CSU,CSU,0,0,1,2,0,0,2,0,0,1,1,0,0,0,0,1,0,0,1,1,0,0,0,0,1.0,1.0,3,7,7,4,5,"{11002, 11011, 11006}",3,1,1,2229.0,9,0.3620869467582277,0.10740000000000001,0.06746271542483426,0,0,CSU,4,3,4,0,2,0,7,6.9099476439790575,0.04502617801047121,0.09005235602094241,225,77,912,828.8764397905759,460,0.33114035087719296,0.5549681205997647,0.42857142857142855,1.0,0.42857142857142855,0.5714285714285714,1.0,0.14285714285714285,0.42857142857142855,0.5,0.0,0.0,0.0,0.25,0.5,0.5,0.42857142857142855,0.5788755872101834,247.66666666666666,Dirk Nurple,BC,BF-H,Right,3B,133.73079407460366
3099,12,S12,OWL,OWL,0,0,0,0,0,0,0,0,0,1,0,0,0,0,0,0,0,0,0,0,0,0,0,0,0.0,1.0,0,1,1,0,0,{12016},1,0,0,349.0,1,-0.3333333333333333,-0.0017000000000000001,-0.02964636198634172,0,0,OWL,6,0,0,0,0,0,1,1.0,0.06553911205073996,0.0,236,72,932,850.169133192389,464,0.33047210300429186,0.5457737547559247,0.0,0.0,0.0,0.0,0.0,0.0,0.0,,0.0,0.0,0.0,0.0,0.0,,0.0,0.0,349.0,Dirk Nurple,BC,,Right,3B,-100.0
3101,11,S11,UWU,UWU,2,0,1,2,0,0,3,3,0,1,0,1,0,0,0,1,0,0,0,0,1,0,1,0,2.0,3.0,5,13,13,12,12,"{11009, 11012, 11014, 11018, 11001, 11005}",6,4,4,2670.0,13,2.933902291799089,0.1408,0.33853492581736994,0,0,UWU,6,5,12,0,3,0,13,12.864921465968587,0.04502617801047121,0.13507853403141362,225,77,912,828.8764397905759,460,0.33114035087719296,0.5549681205997647,0.38461538461538464,0.6666666666666666,0.38461538461538464,0.9230769230769231,1.3076923076923077,0.5384615384615385,0.375,,0.15384615384615385,0.23076923076923078,0.0,0.2,0.6,0.33333333333333337,0.38461538461538464,0.932769005371968,205.3846153846154,Cash Thrower,BP,,Right,1B,184.22489371897467
3102,11,S11,KSU,KSU,0,0,0,2,0,0,1,3,0,0,4,0,0,0,0,4,0,0,0,0,0,0,0,0,0.0,2.0,2,10,10,2,2,"{11011, 11015, 11016, 11003, 11007}",5,1,0,2834.0,10,-0.347927094075278,-0.1856,-6.601968640392031e-05,0,0,KSU,6,2,2,0,1,0,10,9.95497382198953,0.04502617801047121,0.04502617801047121,225,77,912,828.8764397905759,460,0.33114035087719296,0.5549681205997647,0.2,0.0,0.2,0.2,0.4,0.0,0.2857142857142857,,0.0,0.3,0.0,0.8,0.2,4.0,0.2,0.20090459661302196,283.4,Nathaniel Pewterson,HK,,Right,CF,-3.4015431852826294
3103,11,S11,KSU,KSU,3,0,1,1,1,0,1,2,0,1,0,2,0,0,0,2,0,0,0,0,3,0,0,0,1.0,3.0,5,12,11,15,16,"{11011, 11015, 11016, 11003, 11007}",5,4,4,2490.0,12,3.3109169103196603,0.44699999999999995,0.37276371869731467,1,0,KSU,6,5,15,1,1,0,12,10.95497382198953,0.04502617801047121,0.04502617801047121,225,77,912,828.8764397905759,460,0.33114035087719296,0.5549681205997647,0.45454545454545453,0.3333333333333333,0.5,1.3636363636363635,1.8636363636363635,0.909090909090909,0.3333333333333333,,0.25,0.16666666666666666,0.08333333333333333,0.5,0.25,2.0,0.5,1.369241062894284,207.5,Psykokwak,S,,Right,LF,297.7176508371129
3104,11,S11,BSU,BSU,1,0,0,1,1,0,1,1,0,3,0,1,0,0,0,1,0,0,0,0,1,0,0,0,0.0,1.0,2,9,8,5,6,"{11001, 11010, 11004, 11017}",4,2,1,2423.0,9,0.0905282536206315,-0.0875,0.040306846111074636,0,0,BSU,6,2,5,1,1,0,9,7.954973821989529,0.04502617801047121,0.04502617801047121,225,77,912,828.8764397905759,460,0.33114035087719296,0.5549681205997647,0.25,0.0,0.3333333333333333,0.625,0.9583333333333333,0.375,0.16666666666666666,,0.1111111111111111,0.1111111111111111,0.1111111111111111,0.2,0.2,1.0,0.3333333333333333,0.6285375806239305,269.22222222222223,Otis Stubbs,WC,,Right,2B,113.91877167783471
3105,11,S11,BDE,BDE,1,0,2,0,3,0,3,2,0,2,0,1,0,0,0,1,0,0,1,0,1,0,0,0,0.0,3.0,3,14,11,8,12,"{11008, 11010, 11014, 11017, 11003, 11006}",6,3,1,3014.0,15,1.055487293091737,0.049399999999999986,0.15763876389085954,0,0,BDE,6,3,8,3,3,0,14,10.864921465968587,0.04502617801047121,0.13507853403141362,225,77,912,828.8764397905759,460,0.33114035087719296,0.5549681205997647,0.2727272727272727,0.0,0.42857142857142855,0.7272727272727273,1.155844155844156,0.4545454545454546,0.25,1.0,0.07142857142857142,0.14285714285714285,0.21428571428571427,0.16666666666666666,0.5,0.3333333333333333,0.42857142857142855,0.7363145720894371,200.93333333333334,Jacob Thomas,WC,,Right,RF,162.09980826394235
3106,11,S11,CSU,CSU,0,0,0,1,0,0,0,1,0,3,3,0,0,0,0,3,0,0,0,0,0,0,0,0,0.0,1.0,1,8,8,1,1,"{11009, 11002, 11013, 11006}",4,0,0,2791.0,8,-1.0896889033070738,-0.26,-0.08118753855380828,0,0,CSU,5,1,1,0,0,0,8,8.0,0.04502617801047121,0.0,225,77,912,828.8764397905759,460,0.33114035087719296,0.5549681205997647,0.125,0.0,0.125,0.125,0.25,0.0,0.14285714285714285,,0.0,0.125,0.0,0.5,0.0,inf,0.125,0.125,348.875,Tomothy Toledo,SM,,Left,3B,-39.72783933048212
3107,11,S11,ZOO,ZOO,2,2,3,1,0,0,4,2,0,2,1,1,0,0,0,2,0,0,0,1,1,1,0,0,4.0,9.0,8,18,18,21,21,"{11008, 11012, 11015, 11016, 11002}",5,3,8,3854.0,19,6.198249405464085,0.5996,0.6858056510165439,0,0,ZOO,6,8,21,0,4,0,18,17.819895287958115,0.04502617801047121,0.18010471204188483,225,77,912,828.8764397905759,460,0.33114035087719296,0.5549681205997647,0.4444444444444444,0.4444444444444444,0.4444444444444444,1.1666666666666667,1.6111111111111112,0.7222222222222223,0.42857142857142855,0.0,0.1111111111111111,0.1111111111111111,0.0,0.25,0.5,0.5,0.4444444444444444,1.178458103184863,202.8421052631579,Elijah Walker,S,,Right,SS,246.56332619523545
3108,11,S11,UWU,UWU,0,0,1,1,0,0,2,3,0,2,1,3,0,0,0,4,0,0,0,1,0,0,0,0,2.0,5.0,2,13,13,3,3,"{11009, 11012, 11014, 11018, 11001, 11005}",6,0,3,4486.0,14,0.3012481283138392,-0.2532,0.07874217844095734,0,0,UWU,6,2,3,0,2,0,13,12.909947643979057,0.04502617801047121,0.09005235602094241,225,77,912,828.8764397905759,460,0.33114035087719296,0.5549681205997647,0.15384615384615385,0.4,0.15384615384615385,0.23076923076923078,0.38461538461538464,0.07692307692307693,0.2,0.0,0.0,0.23076923076923078,0.0,0.5,0.25,2.0,0.15384615384615385,0.23237894395328088,320.42857142857144,Cormac Karona,S,,Right,CF,-11.668014073626676
3109,11,S11,CSU,CSU,1,0,0,2,1,0,1,3,0,1,1,2,0,0,0,3,1,0,0,0,1,0,0,0,0.0,3.0,3,12,11,6,7,"{11011, 11013, 11018, 11002, 11006}",5,2,1,3153.0,12,-1.4711349243365301,-0.22709999999999997,-0.10544146476830434,0,0,CSU,6,3,6,1,1,0,12,10.95497382198953,0.04502617801047121,0.04502617801047121,225,77,912,828.8764397905759,460,0.33114035087719296,0.5549681205997647,0.2727272727272727,0.0,0.3333333333333333,0.5454545454545454,0.8787878787878787,0.2727272727272727,0.2857142857142857,,0.08333333333333333,0.25,0.08333333333333333,0.6,0.2,2.9999999999999996,0.3333333333333333,0.5476964251577136,262.75,Jersey Wooders,BP,,Left,1B,99.3519609970968
3109,12,S12,SYR,SYR,1,0,0,0,0,0,0,2,0,1,1,1,0,0,0,2,0,0,0,0,0,0,1,0,1.0,2.0,1,6,6,4,4,"{12017, 12015}",2,1,3,1908.0,6,0.8599403996962078,-0.0393,0.10811586805157045,0,0,SYR,6,1,4,0,0,0,6,6.0,0.06553911205073996,0.0,236,72,932,850.169133192389,464,0.33047210300429186,0.5457737547559247,0.16666666666666666,0.5,0.16666666666666666,0.6666666666666666,0.8333333333333333,0.5,0.0,,0.16666666666666666,0.3333333333333333,0.0,0.6666666666666666,0.0,inf,0.16666666666666666,0.6666666666666666,318.0,Jersey Wooders,BP,,Left,1B,72.58363796054252
3110,11,S11,BDE,BDE,2,0,0,2,5,0,1,3,0,1,0,0,0,0,0,0,0,0,1,2,2,0,0,0,0.0,2.0,4,14,9,10,16,"{11008, 11010, 11014, 11017, 11003, 11006}",6,4,2,3489.0,17,1.1433586104383822,0.29969999999999997,0.17337123356974882,0,0,BDE,6,4,10,5,1,0,14,8.95497382198953,0.04502617801047121,0.04502617801047121,225,77,912,828.8764397905759,460,0.33114035087719296,0.5549681205997647,0.4444444444444444,0.0,0.6428571428571429,1.1111111111111112,1.753968253968254,0.6666666666666667,0.5,0.3333333333333333,0.14285714285714285,0.21428571428571427,0.35714285714285715,0.0,0.5,0.0,0.6428571428571429,1.1166978484565013,205.23529411764707,Katelyn 'River' Hoshino,WC,,Right,2B,295.35272007663093
3111,11,S11,ZOO,ZOO,0,0,0,2,2,0,3,5,0,1,1,1,0,0,0,2,2,0,1,2,0,0,0,0,2.0,5.0,2,15,13,2,5,"{11008, 11012, 11015, 11016, 11002, 11004}",6,0,2,4897.0,18,-2.505694164718843,-0.2897000000000002,-0.18806137497386136,0,0,ZOO,6,2,2,2,3,0,15,12.864921465968587,0.04502617801047121,0.13507853403141362,225,77,912,828.8764397905759,460,0.33114035087719296,0.5549681205997647,0.15384615384615385,0.4,0.26666666666666666,0.15384615384615385,0.4205128205128205,0.0,0.25,0.3333333333333333,0.0,0.3333333333333333,0.13333333333333333,0.3333333333333333,0.5,0.6666666666666666,0.26666666666666666,0.155461500895328,272.05555555555554,Deacon Bowles,WC,,Right,C,8.542491625942205
3112,11,S11,BDE,BDE,1,0,1,0,1,0,5,5,0,0,0,1,0,0,0,1,0,0,0,0,1,0,0,0,1.0,3.0,2,14,13,6,7,"{11008, 11010, 11014, 11017, 11003, 11006}",6,1,2,3202.0,14,-0.07673038734495577,-0.05909999999999997,0.040944326875077854,1,0,BDE,6,2,6,1,5,0,14,12.774869109947645,0.04502617801047121,0.22513089005235604,225,77,912,828.8764397905759,460,0.33114035087719296,0.5549681205997647,0.15384615384615385,0.3333333333333333,0.21428571428571427,0.46153846153846156,0.6758241758241759,0.3076923076923077,0.14285714285714285,,0.07142857142857142,0.35714285714285715,0.07142857142857142,0.16666666666666666,0.8333333333333334,0.19999999999999998,0.21428571428571427,0.46967213114754097,228.71428571428572,Toots 'Fat Belly' Jones,BP,,Right,LF,49.3419179134319
3113,11,S11,CSU,CSU,0,0,1,0,2,0,2,2,0,0,2,3,0,0,0,5,1,0,0,0,0,0,0,0,0.0,1.0,1,12,10,2,4,"{11011, 11013, 11018, 11002, 11006}",5,1,0,3501.0,12,-1.0359772051818465,-0.12899999999999998,-0.061925692852836,0,0,CSU,6,1,2,2,2,0,12,9.909947643979057,0.04502617801047121,0.09005235602094241,225,77,912,828.8764397905759,460,0.33114035087719296,0.5549681205997647,0.1,0.0,0.25,0.2,0.45,0.1,0.125,,0.0,0.16666666666666666,0.16666666666666666,0.7142857142857143,0.2857142857142857,2.5,0.25,0.2018174133558749,291.75,Jacob Pandermouse,1B,,Right,1B,11.86227549610459
3115,11,S11,ZOO,ZOO,0,0,1,1,1,0,0,0,0,0,2,0,0,0,0,2,0,0,0,0,0,0,0,0,0.0,0.0,2,5,4,3,4,"{11002, 11004}",2,0,0,904.0,5,0.43624349762532705,0.025799999999999997,0.060987694623094654,0,0,ZOO,2,2,3,1,0,0,5,4.0,0.04502617801047121,0.0,225,77,912,828.8764397905759,460,0.33114035087719296,0.5549681205997647,0.5,,0.6,0.75,1.35,0.25,0.5,,0.0,0.0,0.2,1.0,0.0,inf,0.6,0.75,180.8,Castilla Sanders,TT,WC-B,Right,P,216.3349507720742
3116,11,S11,UWU,UWU,0,0,1,2,0,0,1,3,0,2,2,2,0,0,0,4,0,0,0,0,0,0,0,0,2.0,6.0,3,13,13,4,4,"{11012, 11014, 11018, 11001, 11005}",5,2,1,3857.0,13,-0.4652650650789609,-0.12919999999999998,-0.0013818098704350135,0,0,UWU,6,3,4,0,1,0,13,12.95497382198953,0.04502617801047121,0.04502617801047121,225,77,912,828.8764397905759,460,0.33114035087719296,0.5549681205997647,0.23076923076923078,0.3333333333333333,0.23076923076923078,0.3076923076923077,0.5384615384615385,0.07692307692307693,0.3,,0.0,0.23076923076923078,0.0,0.5714285714285714,0.14285714285714285,4.0,0.23076923076923078,0.3087617200129324,296.6923076923077,Cy Pacifico,BC,,Left,SS,25.325189239233925
3117,11,S11,BSU,BSU,1,1,1,1,0,0,2,1,0,1,2,1,0,0,0,3,1,0,0,0,0,1,0,0,2.0,4.0,4,11,11,10,10,"{11001, 11013, 11017, 11007}",4,2,3,2526.0,11,1.8795955575504206,-0.1764,0.22615891444827832,0,0,BSU,6,4,10,0,2,0,11,10.909947643979057,0.04502617801047121,0.09005235602094241,225,77,912,828.8764397905759,460,0.33114035087719296,0.5549681205997647,0.36363636363636365,0.5,0.36363636363636365,0.9090909090909091,1.2727272727272727,0.5454545454545454,0.3333333333333333,,0.09090909090909091,0.09090909090909091,0.0,0.5,0.3333333333333333,1.5,0.36363636363636365,0.9165946827910548,229.63636363636363,Benny Barslinger,WC,,Left,SS,174.97504748659622
3118,11,S11,KSU,KSU,0,0,4,0,0,0,1,2,0,5,1,0,0,0,0,1,0,0,0,0,0,0,0,0,1.0,6.0,4,13,13,8,8,"{11011, 11015, 11016, 11003, 11007}",5,1,3,3253.0,13,-1.438151597209414,0.1614,-0.0986704630834804,0,0,KSU,6,4,8,0,1,0,13,12.95497382198953,0.04502617801047121,0.04502617801047121,225,77,912,828.8764397905759,460,0.33114035087719296,0.5549681205997647,0.3076923076923077,0.16666666666666666,0.3076923076923077,0.6153846153846154,0.9230769230769231,0.3076923076923077,0.36363636363636365,,0.0,0.15384615384615385,0.0,0.14285714285714285,0.14285714285714285,1.0,0.3076923076923077,0.6175234400258648,250.23076923076923,Domino Calzone,XB,,Right,2B,104.19087771433135
3120,11,S11,CSU,CSU,1,0,0,1,1,0,1,2,0,1,0,2,0,0,0,2,0,0,1,0,1,0,0,0,0.0,1.0,2,9,8,5,7,"{11002, 11011, 11013, 11006}",4,1,1,2563.0,10,-0.6034840125128841,-0.01989999999999999,-0.025621711530164532,0,0,CSU,5,2,5,1,1,0,9,7.954973821989529,0.04502617801047121,0.04502617801047121,225,77,912,828.8764397905759,460,0.33114035087719296,0.5549681205997647,0.25,0.0,0.3333333333333333,0.625,0.9583333333333333,0.375,0.2,1.0,0.1111111111111111,0.2222222222222222,0.1111111111111111,0.5,0.25,2.0,0.3333333333333333,0.6285375806239305,256.3,Taye Ito,S,,Left,CF,113.91877167783471
3121,11,S11,KSU,KSU,1,0,1,4,0,0,0,1,0,1,2,1,0,0,0,3,0,0,0,0,1,0,0,0,1.0,3.0,6,11,11,10,10,"{11011, 11016, 11003, 11005}",4,1,2,2505.0,11,1.3266142682936561,0.0886,0.1708607855226019,0,0,KSU,6,6,10,0,0,0,11,11.0,0.04502617801047121,0.0,225,77,912,828.8764397905759,460,0.33114035087719296,0.5549681205997647,0.5454545454545454,0.3333333333333333,0.5454545454545454,0.9090909090909091,1.4545454545454546,0.36363636363636365,0.5555555555555556,,0.09090909090909091,0.09090909090909091,0.0,0.75,0.0,inf,0.5454545454545454,0.9090909090909091,227.72727272727272,3PieceMcNuggets,BC,,Right,1B,228.52962124489827
3122,11,S11,BSU,BSU,0,0,1,1,1,0,2,1,0,2,1,1,0,0,0,2,1,0,0,0,0,0,0,0,1.0,2.0,2,10,9,3,4,"{11001, 11013, 11007}",3,1,2,2629.0,10,0.7349256817240759,-0.11539999999999999,0.10821925789353147,0,0,BSU,5,2,3,1,2,0,10,8.909947643979057,0.04502617801047121,0.09005235602094241,225,77,912,828.8764397905759,460,0.33114035087719296,0.5549681205997647,0.2222222222222222,0.5,0.3,0.3333333333333333,0.6333333333333333,0.1111111111111111,0.25,,0.0,0.1,0.1,0.3333333333333333,0.3333333333333333,1.0,0.3,0.3367023151956752,262.9,Neijel van de Beek,BC,,Right,3B,51.266595248465265
3123,11,S11,UWU,UWU,0,0,1,0,0,0,1,5,0,1,0,2,0,0,0,2,0,0,0,0,0,0,0,0,0.0,3.0,1,10,10,2,2,"{11012, 11014, 11018, 11001, 11005}",5,0,0,3165.0,10,-3.2087846256594896,-0.2162,-0.28615177284482507,0,0,UWU,6,1,2,0,1,0,10,9.95497382198953,0.04502617801047121,0.04502617801047121,225,77,912,828.8764397905759,460,0.33114035087719296,0.5549681205997647,0.1,0.0,0.1,0.2,0.30000000000000004,0.1,0.2,,0.0,0.5,0.0,0.5,0.25,2.0,0.1,0.20090459661302196,316.5,Gator McGraw,BP,,Left,SS,-33.60021868197137
3124,11,S11,ZOO,ZOO,1,0,0,0,4,0,1,4,0,1,1,0,1,0,0,1,1,0,0,0,1,0,0,0,0.0,3.0,1,13,9,4,8,"{11008, 11016, 11002, 11012}",4,2,1,3304.0,13,-1.072889084375019,-0.18910000000000002,-0.06214421180004085,0,0,ZOO,6,1,4,4,1,0,13,8.95497382198953,0.04502617801047121,0.04502617801047121,225,77,912,828.8764397905759,460,0.33114035087719296,0.5549681205997647,0.1111111111111111,0.0,0.38461538461538464,0.4444444444444444,0.829059829059829,0.3333333333333333,0.0,,0.07692307692307693,0.3076923076923077,0.3076923076923077,0.3333333333333333,0.3333333333333333,1.0,0.38461538461538464,0.4466791393826005,254.15384615384616,Bucky Sabre,WC,,Right,2B,96.63610294950837
3124,12,S12,FUR,FUR,0,0,0,2,0,0,1,0,0,0,0,0,0,0,0,0,0,0,0,0,0,0,0,0,1.0,1.0,2,3,3,2,2,"{12010, 12014}",2,0,1,399.0,3,0.6928909844249298,0.006199999999999997,0.08035001248346782,0,0,FUR,5,2,2,0,1,0,3,2.93446088794926,0.06553911205073996,0.06553911205073996,236,72,932,850.169133192389,464,0.33047210300429186,0.5457737547559247,0.6666666666666666,1.0,0.6666666666666666,0.6666666666666666,1.3333333333333333,0.0,0.6666666666666666,,0.0,0.0,0.0,0.0,1.0,0.0,0.6666666666666666,0.6815561959654178,133.0,Bucky Sabre,WC,,Right,2B,226.61048973716663
3125,11,S11,CSU,CSU,0,1,0,2,2,0,0,0,0,3,1,0,0,0,0,1,1,0,0,0,0,0,0,0,0.0,1.0,3,9,7,5,7,"{11009, 11002, 11018, 11013}",4,1,0,2095.0,9,-1.0393038447797687,-0.054599999999999996,-0.07267636372896535,0,0,CSU,6,3,5,2,0,0,9,7.0,0.04502617801047121,0.0,225,77,912,828.8764397905759,460,0.33114035087719296,0.5549681205997647,0.42857142857142855,0.0,0.5555555555555556,0.7142857142857143,1.2698412698412698,0.28571428571428575,0.42857142857142855,,0.0,0.0,0.2222222222222222,0.25,0.0,inf,0.5555555555555556,0.7142857142857143,232.77777777777777,Glen Duck,XB,,Right,CF,196.47794113265977
3126,11,S11,ZOO,ZOO,0,1,1,3,1,0,1,1,0,2,1,2,0,1,0,3,0,0,2,1,0,0,0,0,0.0,3.0,5,13,11,8,11,"{11008, 11016, 11002, 11012}",4,3,1,3826.0,16,-0.8772033881612814,0.16749999999999998,-0.03215763526232991,0,0,ZOO,6,5,8,1,1,0,13,11.95497382198953,0.04502617801047121,0.04502617801047121,225,77,912,828.8764397905759,460,0.33114035087719296,0.5549681205997647,0.45454545454545453,0.0,0.46153846153846156,0.7272727272727273,1.1888111888111887,0.27272727272727276,0.45454545454545453,0.6666666666666666,0.0,0.07692307692307693,0.07692307692307693,0.5,0.16666666666666666,3.0,0.46153846153846156,0.6691775422615398,239.125,Sleve McDichael,BC,,Left,2B,159.95795855709497
3127,11,S11,UWU,UWU,0,0,1,2,2,0,1,2,0,2,1,1,0,0,0,2,0,0,2,0,0,0,0,0,0.0,2.0,3,12,10,4,8,"{11009, 11012, 11014, 11018, 11001}",5,3,0,3405.0,14,-0.2998135096422898,0.02059999999999998,0.018636014645344458,0,0,UWU,6,3,4,2,1,0,12,9.95497382198953,0.04502617801047121,0.04502617801047121,225,77,912,828.8764397905759,460,0.33114035087719296,0.5549681205997647,0.3,0.0,0.4166666666666667,0.4,0.8166666666666667,0.10000000000000003,0.375,1.0,0.0,0.16666666666666666,0.16666666666666666,0.4,0.2,2.0,0.4166666666666667,0.4018091932260439,243.21428571428572,Tater Tots,BN,,Right,RF,98.23002621221622
3128,11,S11,BDE,BDE,1,0,0,2,1,0,5,1,0,3,1,0,0,0,0,1,0,0,0,0,0,1,0,0,1.0,6.0,3,14,13,6,7,"{11008, 11010, 11014, 11017, 11003, 11006}",6,2,2,3179.0,14,-0.5199384558810902,-0.17760000000000004,-0.003376479978535598,0,0,BDE,6,3,6,1,5,0,14,12.774869109947645,0.04502617801047121,0.22513089005235604,225,77,912,828.8764397905759,460,0.33114035087719296,0.5549681205997647,0.23076923076923078,0.16666666666666666,0.2857142857142857,0.46153846153846156,0.7472527472527473,0.23076923076923078,0.18181818181818182,,0.07142857142857142,0.07142857142857142,0.07142857142857142,0.1111111111111111,0.5555555555555556,0.19999999999999998,0.2857142857142857,0.46967213114754097,227.07142857142858,Ellis Nash,BP,,Right,SS,70.9124004110667
3130,11,S11,BSU,BSU,1,0,0,1,0,0,1,1,0,3,0,2,0,1,0,2,0,0,0,0,0,0,1,0,1.0,4.0,2,9,8,5,5,"{11001, 11010, 11004, 11017}",4,2,4,2397.0,9,1.4306798358171835,0.0487,0.1743220043307299,0,0,BSU,6,2,5,0,1,0,9,8.95497382198953,0.04502617801047121,0.04502617801047121,225,77,912,828.8764397905759,460,0.33114035087719296,0.5549681205997647,0.25,0.25,0.2222222222222222,0.625,0.8472222222222222,0.375,0.14285714285714285,,0.1111111111111111,0.1111111111111111,0.0,0.3333333333333333,0.16666666666666666,2.0,0.2222222222222222,0.5583489242282507,266.3333333333333,Zach Probst,XB,,Right,C,67.71735656937823
3131,11,S11,KSU,KSU,1,0,0,1,0,0,1,5,0,1,0,1,0,0,0,1,0,0,0,0,0,1,0,0,1.0,3.0,2,10,10,5,5,"{11011, 11016, 11003, 11005}",4,2,3,2563.0,10,0.712415572204645,0.19880000000000006,0.10596824694158838,0,0,KSU,6,2,5,0,1,0,10,9.95497382198953,0.04502617801047121,0.04502617801047121,225,77,912,828.8764397905759,460,0.33114035087719296,0.5549681205997647,0.2,0.3333333333333333,0.2,0.5,0.7,0.3,0.25,,0.1,0.5,0.0,0.3333333333333333,0.3333333333333333,1.0,0.2,0.502261491532555,256.3,Bluuper,EN,,Right,2B,50.9001155467272
3132,11,S11,BDE,BDE,0,0,1,1,5,0,0,3,0,0,2,1,1,0,0,3,0,0,0,0,0,0,0,0,0.0,2.0,2,14,9,3,8,"{11008, 11010, 11014, 11017, 11003, 11006}",6,2,1,3464.0,14,0.863980093971167,-0.19819999999999996,0.13501537500669014,0,0,BDE,6,2,3,5,0,0,14,9.0,0.04502617801047121,0.0,225,77,912,828.8764397905759,460,0.33114035087719296,0.5549681205997647,0.2222222222222222,0.0,0.5,0.3333333333333333,0.8333333333333333,0.1111111111111111,0.3333333333333333,,0.0,0.21428571428571427,0.35714285714285715,1.0,0.0,inf,0.5,0.3333333333333333,247.42857142857142,Richard Nixon,WC,,Right,1B,111.05688761319561
3133,11,S11,UWU,UWU,0,0,2,0,0,0,4,2,0,1,1,0,0,1,0,1,0,0,0,0,0,0,0,0,1.0,4.0,2,10,9,4,4,"{11012, 11014, 11018, 11001, 11005}",5,2,2,2397.0,10,-0.8333856727247716,0.11209999999999999,-0.048611877551353266,0,0,UWU,6,2,4,0,4,0,10,9.819895287958115,0.04502617801047121,0.18010471204188483,225,77,912,828.8764397905759,460,0.33114035087719296,0.5549681205997647,0.2222222222222222,0.25,0.2,0.4444444444444444,0.6444444444444444,0.2222222222222222,0.25,,0.0,0.2,0.0,0.16666666666666666,0.6666666666666666,0.25,0.2,0.4073363190445724,239.7,Bingus McGoo,S,,Right,LF,33.795498368826046
3134,11,S11,CSU,CSU,0,0,0,1,0,0,2,2,0,0,2,2,0,0,0,4,1,0,1,0,0,0,0,0,0.0,2.0,1,9,9,1,2,"{11009, 11002, 11011, 11013}",4,0,0,3138.0,10,-1.3605337440831573,-0.17140000000000002,-0.10132668468719183,0,0,CSU,5,1,1,0,2,0,9,8.909947643979057,0.04502617801047121,0.09005235602094241,225,77,912,828.8764397905759,460,0.33114035087719296,0.5549681205997647,0.1111111111111111,0.0,0.1111111111111111,0.1111111111111111,0.2222222222222222,0.0,0.14285714285714285,1.0,0.0,0.2222222222222222,0.0,0.6666666666666666,0.3333333333333333,2.0,0.1111111111111111,0.11223410506522506,313.8,Ty Taenus,BC,,Right,LF,-46.22239319532394
3135,11,S11,BSU,BSU,3,0,0,1,0,0,1,2,0,1,1,1,0,0,0,2,0,0,0,0,3,0,0,0,1.0,4.0,4,10,10,13,13,"{11001, 11010, 11004, 11017}",4,3,4,2164.0,10,0.4759978933798674,0.18439999999999998,0.0823264790591106,0,0,BSU,6,4,13,0,1,0,10,9.95497382198953,0.04502617801047121,0.04502617801047121,225,77,912,828.8764397905759,460,0.33114035087719296,0.5549681205997647,0.4,0.25,0.4,1.3,1.7000000000000002,0.9,0.2,,0.3,0.2,0.0,0.5,0.25,2.0,0.4,1.3058798779846428,216.4,Brody Page,HK,,Right,1B,256.1018898254642
3136,11,S11,UWU,UWU,1,0,1,1,2,0,1,1,1,1,1,1,0,0,0,2,0,0,1,0,1,0,0,0,0.0,0.0,3,10,8,7,10,"{11009, 11012, 11018, 11001, 11005}",5,2,1,1900.0,10,1.3675882681791978,0.13990000000000002,0.17495818551115605,0,0,UWU,6,3,7,2,1,0,10,7.954973821989529,0.04502617801047121,0.04502617801047121,225,77,912,828.8764397905759,460,0.33114035087719296,0.5549681205997647,0.375,,0.5,0.875,1.375,0.5,0.3333333333333333,1.0,0.1,0.1,0.2,0.5,0.25,2.0,0.5,0.8799526128735027,190.0,Dave Dobeur,1B,,Left,CF,209.55250551453153
3137,11,S11,BDE,BDE,0,0,2,1,2,0,0,1,0,2,3,1,0,0,0,4,0,0,0,0,0,0,0,0,1.0,3.0,3,12,10,5,7,"{11008, 11010, 11014, 11017, 11003, 11006}",6,1,1,3094.0,12,0.17375762399499434,0.03549999999999999,0.0590477900648481,0,0,BDE,6,3,5,2,0,0,12,10.0,0.04502617801047121,0.0,225,77,912,828.8764397905759,460,0.33114035087719296,0.5549681205997647,0.3,0.3333333333333333,0.4166666666666667,0.5,0.9166666666666667,0.2,0.3333333333333333,,0.0,0.08333333333333333,0.16666666666666666,0.6666666666666666,0.0,inf,0.4166666666666667,0.5,257.8333333333333,Philip Berkenshire,EN,,Right,SS,115.92307976416424
3138,11,S11,KSU,KSU,0,0,3,2,0,0,0,2,0,1,1,0,0,0,0,1,0,0,1,0,0,0,0,0,0.0,0.0,5,9,9,8,9,"{11011, 11016, 11003, 11005}",4,4,0,1993.0,10,0.4241867128117874,0.12029999999999998,0.07714536100230263,0,0,KSU,6,5,8,0,0,0,9,9.0,0.04502617801047121,0.0,225,77,912,828.8764397905759,460,0.33114035087719296,0.5549681205997647,0.5555555555555556,,0.5555555555555556,0.8888888888888888,1.4444444444444444,0.33333333333333326,0.7142857142857143,1.0,0.0,0.2222222222222222,0.0,0.5,0.0,inf,0.5555555555555556,0.8888888888888888,199.3,Matty Eight,XB,,Left,C,227.93977977205358
3139,11,S11,CSU,CSU,1,0,0,1,1,0,1,3,0,2,0,2,0,0,0,2,0,0,0,0,1,0,0,0,0.0,1.0,2,11,10,5,6,"{11009, 11013, 11018, 11002, 11006}",5,1,1,2935.0,11,0.1848276921435154,-0.18010000000000004,0.05668212790758781,0,0,CSU,6,2,5,1,1,0,11,9.95497382198953,0.04502617801047121,0.04502617801047121,225,77,912,828.8764397905759,460,0.33114035087719296,0.5549681205997647,0.2,0.0,0.2727272727272727,0.5,0.7727272727272727,0.3,0.16666666666666666,,0.09090909090909091,0.2727272727272727,0.09090909090909091,0.4,0.2,2.0,0.2727272727272727,0.502261491532555,266.8181818181818,Juan Manuel Navarrete,XB,,Right,SS,72.8627886352281
3140,11,S11,BSU,BSU,2,0,0,0,1,0,3,2,0,0,0,1,0,0,0,1,0,0,0,0,1,0,1,0,1.0,1.0,2,9,8,8,9,"{11017, 11010, 11004, 11013}",4,2,4,1987.0,9,2.1807632902989,0.12139999999999998,0.24933034977890148,0,0,BSU,6,2,8,1,3,0,9,7.864921465968586,0.04502617801047121,0.13507853403141362,225,77,912,828.8764397905759,460,0.33114035087719296,0.5549681205997647,0.25,1.0,0.3333333333333333,1.0,1.3333333333333333,0.75,0.0,,0.2222222222222222,0.2222222222222222,0.1111111111111111,0.25,0.75,0.3333333333333333,0.3333333333333334,1.0171748102782585,220.77777777777777,Scooter Buskie,BP,,Right,3B,183.94752021825903
3141,11,S11,BDE,BDE,0,1,1,1,0,0,2,4,0,0,1,1,0,0,0,2,0,0,0,0,0,0,0,0,1.0,5.0,3,11,11,6,6,"{11008, 11010, 11014, 11017, 11006}",5,0,1,2725.0,11,-1.3143482106185629,0.13590000000000002,-0.09323546236862001,0,0,BDE,6,3,6,0,2,0,11,10.909947643979057,0.04502617801047121,0.09005235602094241,225,77,912,828.8764397905759,460,0.33114035087719296,0.5549681205997647,0.2727272727272727,0.2,0.2727272727272727,0.5454545454545454,0.8181818181818181,0.2727272727272727,0.42857142857142855,,0.0,0.36363636363636365,0.0,0.5,0.5,1.0,0.2727272727272727,0.5499568096746329,247.72727272727272,Slammin Sammy Sofa,BP,,Right,2B,81.45703330833341
3142,11,S11,CSU,CSU,1,0,0,1,0,0,1,3,0,3,1,0,0,0,0,1,0,0,0,0,1,0,0,0,0.0,1.0,2,10,10,5,5,"{11009, 11013, 11018, 11002, 11006}",5,1,1,2648.0,10,-0.13550188332618118,0.031099999999999982,0.021176501388505777,0,0,CSU,6,2,5,0,1,0,10,9.95497382198953,0.04502617801047121,0.04502617801047121,225,77,912,828.8764397905759,460,0.33114035087719296,0.5549681205997647,0.2,0.0,0.2,0.5,0.7,0.3,0.16666666666666666,,0.1,0.3,0.0,0.2,0.2,1.0,0.2,0.502261491532555,264.8,Ken the Kid,XB,,Left,1B,50.9001155467272
3143,11,S11,KSU,KSU,1,0,2,0,2,0,3,2,0,1,0,2,0,0,0,2,0,0,0,1,0,1,0,0,1.0,2.0,3,13,11,8,10,"{11016, 11015, 11005, 11007}",4,2,2,3244.0,14,1.3526901107137312,0.1411,0.18388637668094654,0,0,KSU,6,3,8,2,3,0,13,10.864921465968587,0.04502617801047121,0.13507853403141362,225,77,912,828.8764397905759,460,0.33114035087719296,0.5549681205997647,0.2727272727272727,0.5,0.38461538461538464,0.7272727272727273,1.1118881118881119,0.4545454545454546,0.25,0.0,0.07692307692307693,0.15384615384615385,0.15384615384615385,0.3333333333333333,0.5,0.6666666666666666,0.38461538461538464,0.7363145720894371,231.71428571428572,Ferdinand Fritzwilliam,WC,,Right,CF,148.82566518847477
3144,11,S11,ZOO,ZOO,0,0,2,1,1,0,2,1,0,2,1,1,0,0,0,2,0,0,1,0,0,0,0,0,0.0,4.0,3,11,10,5,7,"{11016, 11004, 11012, 11015}",4,0,0,2865.0,12,-1.2986973723557353,-0.01779999999999999,-0.08819770957022484,0,0,ZOO,6,3,5,1,2,0,11,9.909947643979057,0.04502617801047121,0.09005235602094241,225,77,912,828.8764397905759,460,0.33114035087719296,0.5549681205997647,0.3,0.0,0.36363636363636365,0.5,0.8636363636363636,0.2,0.3333333333333333,1.0,0.0,0.09090909090909091,0.09090909090909091,0.3333333333333333,0.3333333333333333,1.0,0.36363636363636365,0.5045435333896873,238.75,Flame-Test Fleming,BC,EG-H,Right,C,100.72733232846139
3146,11,S11,BSU,BSU,1,0,0,1,1,0,0,3,0,1,0,1,0,0,0,1,1,0,1,0,1,0,0,0,0.0,1.0,2,8,7,5,7,"{11017, 11010, 11004, 11007}",4,2,1,2164.0,9,-0.2794412772655752,-0.009199999999999972,0.0033098930224539913,0,0,BSU,6,2,5,1,0,0,8,7.0,0.04502617801047121,0.0,225,77,912,828.8764397905759,460,0.33114035087719296,0.5549681205997647,0.2857142857142857,0.0,0.375,0.7142857142857143,1.0892857142857144,0.4285714285714286,0.3333333333333333,1.0,0.125,0.375,0.125,0.5,0.0,inf,0.375,0.7142857142857143,240.44444444444446,Shaquille Thomas Edwards Aiken-Lee,XB,,Right,2B,141.95255481919395
3147,11,S11,UWU,UWU,0,0,1,1,1,0,3,2,0,3,2,0,0,0,0,2,0,0,0,1,0,0,0,0,0.0,1.0,2,13,12,3,4,"{11009, 11012, 11014, 11018, 11005}",5,2,0,4089.0,14,-1.8172859141953797,-0.2373,-0.1331112258099645,0,0,UWU,6,2,3,1,3,0,13,11.864921465968587,0.04502617801047121,0.13507853403141362,225,77,912,828.8764397905759,460,0.33114035087719296,0.5549681205997647,0.16666666666666666,0.0,0.23076923076923078,0.25,0.4807692307692308,0.08333333333333334,0.2,0.0,0.0,0.15384615384615385,0.07692307692307693,0.25,0.375,0.6666666666666666,0.23076923076923078,0.2528461742123378,292.07142857142856,Yorgie Von Florgie,S,,Left,C,15.249737384420081
3148,11,S11,BDE,BDE,0,0,2,1,1,0,0,3,0,0,2,0,0,0,0,2,0,0,1,0,0,0,0,0,0.0,1.0,3,9,8,5,7,"{11008, 11010, 11014, 11017, 11006}",5,1,0,2183.0,10,-0.14354929686357745,-0.0314,0.020371760034766144,0,0,BDE,6,3,5,1,0,0,9,8.0,0.04502617801047121,0.0,225,77,912,828.8764397905759,460,0.33114035087719296,0.5549681205997647,0.375,0.0,0.4444444444444444,0.625,1.0694444444444444,0.25,0.6,1.0,0.0,0.3333333333333333,0.1111111111111111,1.0,0.0,inf,0.4444444444444444,0.625,218.3,Jarek Park,BC,,Right,CF,146.8354170341236
3149,11,S11,ZOO,ZOO,0,0,0,0,1,0,1,5,0,2,0,1,0,0,0,1,0,0,0,0,0,0,0,0,0.0,8.0,0,10,9,0,1,"{11008, 11004, 11012, 11015}",4,0,0,3005.0,10,-3.005083104274164,-0.37599999999999995,-0.26578162070629247,0,0,ZOO,5,0,0,1,1,0,10,8.95497382198953,0.04502617801047121,0.04502617801047121,225,77,912,828.8764397905759,460,0.33114035087719296,0.5549681205997647,0.0,0.0,0.1,0.0,0.1,0.0,0.0,,0.0,0.5,0.1,0.25,0.25,1.0,0.1,0.0,300.5,Granny Slams Pickleballs,HK,,Left,3B,-69.80132450331125
3150,11,S11,KSU,KSU,1,1,0,1,0,0,3,1,0,0,1,4,0,0,0,5,1,0,0,0,0,1,0,0,0.0,2.0,3,12,12,8,8,"{11011, 11015, 11016, 11005, 11007}",5,2,2,2974.0,12,-0.02966309754108523,-0.3314000000000001,0.03870571791124013,0,0,KSU,6,3,8,0,3,0,12,11.864921465968587,0.04502617801047121,0.13507853403141362,225,77,912,828.8764397905759,460,0.33114035087719296,0.5549681205997647,0.25,0.0,0.25,0.6666666666666666,0.9166666666666666,0.41666666666666663,0.2,,0.08333333333333333,0.08333333333333333,0.0,0.625,0.375,1.6666666666666667,0.25,0.6742564645662342,247.83333333333334,Rusty Slugger,MH,,Right,1B,96.99131871029596
3151,11,S11,UWU,UWU,1,1,0,1,0,0,3,2,0,3,0,1,0,0,0,1,0,0,0,0,1,0,0,0,2.0,6.0,3,12,12,8,8,"{11009, 11012, 11014, 11018, 11005}",5,1,4,2711.0,12,1.7225323371204275,0.5618000000000001,0.21392526137739143,0,0,UWU,6,3,8,0,3,0,12,11.864921465968587,0.04502617801047121,0.13507853403141362,225,77,912,828.8764397905759,460,0.33114035087719296,0.5549681205997647,0.25,0.3333333333333333,0.25,0.6666666666666666,0.9166666666666666,0.41666666666666663,0.2222222222222222,,0.08333333333333333,0.16666666666666666,0.0,0.14285714285714285,0.42857142857142855,0.3333333333333333,0.25,0.6742564645662342,225.91666666666666,Antonio Bubonetti,XB,,Right,C,96.99131871029596
3153,11,S11,BSU,BSU,0,0,0,3,0,0,3,0,0,0,0,1,0,0,0,1,1,0,0,1,0,0,0,0,1.0,3.0,3,7,7,3,3,"{11010, 11004, 11007}",3,2,1,1714.0,8,0.2684473943998068,-0.02680000000000001,0.05462609121687982,0,0,BSU,4,3,3,0,3,0,7,6.864921465968586,0.04502617801047121,0.13507853403141362,225,77,912,828.8764397905759,460,0.33114035087719296,0.5549681205997647,0.42857142857142855,0.3333333333333333,0.42857142857142855,0.42857142857142855,0.8571428571428571,0.0,0.42857142857142855,0.0,0.0,0.0,0.0,0.25,0.75,0.3333333333333333,0.42857142857142855,0.43700427089688837,214.25,Jay Liebling,SM,,Right,3B,108.16692634108915
3154,11,S11,ZOO,ZOO,0,0,2,5,0,0,4,2,0,1,1,1,0,0,0,2,0,0,3,0,0,0,0,0,4.0,9.0,7,16,16,9,12,"{11008, 11012, 11015, 11016, 11004}",5,1,3,4052.0,19,2.3758030953309923,0.31760000000000005,0.30356102000323465,0,0,ZOO,6,7,9,0,4,0,16,15.819895287958115,0.04502617801047121,0.18010471204188483,225,77,912,828.8764397905759,460,0.33114035087719296,0.5549681205997647,0.4375,0.4444444444444444,0.4375,0.5625,1.0,0.125,0.5,1.0,0.0,0.125,0.0,0.2857142857142857,0.5714285714285714,0.5,0.4375,0.5689038919777601,213.26315789473685,Quark McGinnis,BC,,Left,2B,134.63029933399767
3155,11,S11,BSU,BSU,1,0,1,2,1,0,1,3,0,1,1,0,0,0,0,1,0,0,0,0,0,1,0,0,1.0,3.0,4,11,10,8,9,"{11010, 11013, 11017, 11004, 11007}",5,2,3,2373.0,11,3.1600860978168095,0.12160000000000003,0.3542079684749172,0,0,BSU,6,4,8,1,1,0,11,9.95497382198953,0.04502617801047121,0.04502617801047121,225,77,912,828.8764397905759,460,0.33114035087719296,0.5549681205997647,0.4,0.3333333333333333,0.45454545454545453,0.8,1.2545454545454546,0.4,0.5,,0.09090909090909091,0.2727272727272727,0.09090909090909091,0.3333333333333333,0.3333333333333333,1.0,0.45454545454545453,0.8036183864520878,215.72727272727272,Sam Stayman,WC,,Right,SS,182.07113008849015
3156,11,S11,UWU,UWU,0,1,1,1,1,0,1,3,0,2,1,1,0,0,0,2,0,0,1,0,0,0,0,0,1.0,3.0,3,12,11,6,8,"{11009, 11012, 11014, 11018, 11005}",5,1,1,3282.0,13,-0.809333604308931,-0.12670000000000003,-0.035788663793432055,0,0,UWU,6,3,6,1,1,0,12,10.95497382198953,0.04502617801047121,0.04502617801047121,225,77,912,828.8764397905759,460,0.33114035087719296,0.5549681205997647,0.2727272727272727,0.3333333333333333,0.3333333333333333,0.5454545454545454,0.8787878787878787,0.2727272727272727,0.375,1.0,0.0,0.25,0.08333333333333333,0.4,0.2,2.0,0.3333333333333333,0.5476964251577136,252.46153846153845,Vernon St. Backstop,WC,,Right,C,99.3519609970968
3160,11,S11,CSU,CSU,0,0,0,1,0,0,1,3,0,2,3,2,0,0,0,5,1,0,0,0,0,0,0,0,0.0,0.0,1,12,12,1,1,"{11009, 11011, 11013, 11018, 11006}",5,0,0,4134.0,12,-1.7719531531713089,-0.32089999999999996,-0.13552328765178223,0,0,CSU,6,1,1,0,1,0,12,11.95497382198953,0.04502617801047121,0.04502617801047121,225,77,912,828.8764397905759,460,0.33114035087719296,0.5549681205997647,0.08333333333333333,,0.08333333333333333,0.08333333333333333,0.16666666666666666,0.0,0.1111111111111111,,0.0,0.25,0.0,0.625,0.125,5.0,0.08333333333333333,0.08364719278269248,344.5,Natasha Kanyon,XB,,Right,2B,-59.76200505300704
3163,11,S11,BDE,BDE,1,0,2,1,0,0,0,2,0,2,0,1,0,0,0,1,0,0,0,0,1,0,0,0,2.0,3.0,4,9,9,9,9,"{11008, 11017, 11010, 11014}",4,2,3,1921.0,9,1.8464211454944133,0.2575,0.2158961352984528,0,0,BDE,6,4,9,0,0,0,9,9.0,0.04502617801047121,0.0,225,77,912,828.8764397905759,460,0.33114035087719296,0.5549681205997647,0.4444444444444444,0.6666666666666666,0.4444444444444444,1.0,1.4444444444444444,0.5555555555555556,0.5,,0.1111111111111111,0.2222222222222222,0.0,0.3333333333333333,0.0,inf,0.4444444444444444,1.0,213.44444444444446,Salami,TT,,Left,C,214.40686593009448
3166,11,S11,CSU,CSU,0,0,0,0,2,0,6,1,0,1,0,0,0,0,0,0,0,0,0,0,0,0,0,0,0.0,1.0,0,10,8,0,2,"{11009, 11018, 11011, 11013}",4,0,0,2296.0,10,-2.673886394283871,-0.13920000000000002,-0.23266194970726317,0,0,CSU,6,0,0,2,6,0,10,7.729842931937172,0.04502617801047121,0.27015706806282724,225,77,912,828.8764397905759,460,0.33114035087719296,0.5549681205997647,0.0,0.0,0.2,0.0,0.2,0.0,0.0,,0.0,0.1,0.2,0.0,0.8571428571428571,0.0,0.2,0.0,229.6,Martin Van Nostrand,SM,,Left,2B,-39.60264900662251
3168,11,S11,UWU,UWU,0,0,1,0,0,0,2,2,0,2,0,2,0,0,0,2,0,0,0,0,0,0,0,0,1.0,3.0,1,9,9,2,2,"{11018, 11012, 11014}",3,0,1,2619.0,9,-0.9733640557625907,-0.22999999999999998,-0.06608238482724757,0,0,UWU,6,1,2,0,2,0,9,8.909947643979057,0.04502617801047121,0.09005235602094241,225,77,912,828.8764397905759,460,0.33114035087719296,0.5549681205997647,0.1111111111111111,0.3333333333333333,0.1111111111111111,0.2222222222222222,0.3333333333333333,0.1111111111111111,0.14285714285714285,,0.0,0.2222222222222222,0.0,0.3333333333333333,0.3333333333333333,1.0,0.1111111111111111,0.22446821013045012,291.0,Ethan Stooks,XB,,Right,2B,-25.998870275857588
3169,11,S11,KSU,KSU,0,0,0,0,0,0,0,1,0,0,4,0,0,0,0,4,0,0,0,0,0,0,0,0,0.0,3.0,0,5,5,0,0,"{11016, 11015}",2,0,0,1667.0,5,-1.0877954420599139,-0.1142,-0.09141619934542945,0,0,KSU,6,0,0,0,0,0,5,5.0,0.04502617801047121,0.0,225,77,912,828.8764397905759,460,0.33114035087719296,0.5549681205997647,0.0,0.0,0.0,0.0,0.0,0.0,0.0,,0.0,0.2,0.0,1.0,0.0,inf,0.0,0.0,333.4,Danté Martín Vega,MH,,Left,1B,-100.0
3170,11,S11,BSU,BSU,0,0,0,0,0,0,1,1,1,0,0,1,0,0,0,1,0,0,0,0,0,0,0,0,0.0,1.0,0,3,3,0,0,"{11017, 11013}",2,0,0,680.0,2,-0.7268328752149943,-0.10969999999999999,-0.06226528060516226,0,0,BSU,6,0,0,0,1,0,3,2.9549738219895287,0.04502617801047121,0.04502617801047121,225,77,912,828.8764397905759,460,0.33114035087719296,0.5549681205997647,0.0,0.0,0.0,0.0,0.0,0.0,0.0,,0.0,0.3333333333333333,0.0,0.5,0.5,1.0,0.0,0.0,340.0,Mickey Mouse Jr.,HK,,Right,C,-100.0
3172,11,S11,BSU,BSU,0,0,1,0,1,0,0,1,0,0,0,0,0,0,0,0,0,0,1,1,0,0,0,0,0.0,0.0,1,3,2,2,4,{11017},1,0,0,890.0,5,0.260905771571328,0.030299999999999994,0.04345392201769474,0,0,BSU,6,1,2,1,0,0,3,2.0,0.04502617801047121,0.0,225,77,912,828.8764397905759,460,0.33114035087719296,0.5549681205997647,0.5,,0.6666666666666666,1.0,1.6666666666666665,0.5,1.0,0.5,0.0,0.3333333333333333,0.3333333333333333,,,,0.6666666666666666,1.0,178.0,Ahab Ceeley,XB,,Left,CF,281.5150337005139
3194,12,S12,FUR,FUR,1,0,0,1,1,0,3,2,0,2,6,1,0,0,0,7,0,0,0,0,1,0,0,0,0.0,2.0,2,17,16,5,6,"{12001, 12005, 12007, 12010, 12014, 12017}",6,2,2,5039.0,17,-2.0514784123557575,-0.13739999999999997,-0.14246932833671838,0,0,FUR,6,2,5,1,3,0,17,15.80338266384778,0.06553911205073996,0.19661733615221988,236,72,932,850.169133192389,464,0.33047210300429186,0.5457737547559247,0.125,0.0,0.17647058823529413,0.3125,0.48897058823529416,0.1875,0.07692307692307693,,0.058823529411764705,0.11764705882352941,0.058823529411764705,0.5833333333333334,0.25,2.3333333333333335,0.17647058823529416,0.31638795986622076,296.4117647058824,Lucius Salem,XB,,Right,SS,11.370075598623108
3202,12,S12,SYR,SYR,1,0,0,0,5,0,3,6,0,1,0,2,0,1,0,2,0,0,0,0,1,0,0,0,0.0,1.0,1,18,12,4,9,"{12002, 12004, 12007, 12012, 12015, 12017}",6,4,2,4442.0,18,-0.062487736217085255,0.020199999999999985,0.06011671062414047,0,0,SYR,6,1,4,5,3,0,18,12.80338266384778,0.06553911205073996,0.19661733615221988,236,72,932,850.169133192389,464,0.33047210300429186,0.5457737547559247,0.08333333333333333,0.0,0.3333333333333333,0.3333333333333333,0.6666666666666666,0.25,0.0,,0.05555555555555555,0.3333333333333333,0.2777777777777778,0.3333333333333333,0.5,0.6666666666666666,0.3333333333333334,0.31241743725231175,246.77777777777777,Alex Blockman,TT,,Right,3B,58.10883143109948
3203,12,S12,LSU,LSU,1,1,3,2,1,0,0,2,0,3,2,4,0,0,0,6,1,0,0,0,1,0,0,0,3.0,4.0,7,19,18,15,16,"{12001, 12006, 12008, 12011, 12015, 12016}",6,3,6,5056.0,19,3.042088351065875,0.3593000000000001,0.37426129069942815,0,1,LSU,6,7,15,1,0,0,19,18.0,0.06553911205073996,0.0,236,72,932,850.169133192389,464,0.33047210300429186,0.5457737547559247,0.3888888888888889,0.75,0.42105263157894735,0.8333333333333334,1.2543859649122808,0.4444444444444445,0.4,,0.05263157894736842,0.10526315789473684,0.05263157894736842,0.6666666666666666,0.0,inf,0.42105263157894735,0.8333333333333334,266.10526315789474,Peter Nautilus,WC,WC-B,Right,LF,180.09785458214319
3204,12,S12,UOM,UOM,1,0,0,2,0,0,3,4,0,1,4,3,0,0,0,7,0,0,0,0,1,0,0,0,1.0,7.0,3,18,18,6,6,"{12002, 12005, 12009, 12011, 12013, 12018}",6,1,2,5260.0,18,-2.2386053358998232,-0.4569999999999999,-0.15749504934413333,0,0,UOM,6,3,6,0,3,0,18,17.80338266384778,0.06553911205073996,0.19661733615221988,236,72,932,850.169133192389,464,0.33047210300429186,0.5457737547559247,0.16666666666666666,0.14285714285714285,0.16666666666666666,0.3333333333333333,0.5,0.16666666666666666,0.15384615384615385,,0.05555555555555555,0.2222222222222222,0.0,0.6363636363636364,0.2727272727272727,2.3333333333333335,0.16666666666666666,0.3370146063412896,292.22222222222223,Cat with a Bat,BC,BS-B,Right,3B,12.182774516165162
3205,12,S12,WKU,WKU,0,0,3,2,1,0,4,3,0,1,2,2,0,0,0,4,0,0,0,0,0,0,0,0,0.0,1.0,5,18,17,8,9,"{12003, 12006, 12009, 12012, 12014, 12018}",6,3,0,4360.0,18,-0.23061068764404363,0.08969999999999999,0.04330441548144467,0,0,WKU,6,5,8,1,4,0,18,16.73784355179704,0.06553911205073996,0.26215644820295986,236,72,932,850.169133192389,464,0.33047210300429186,0.5457737547559247,0.29411764705882354,0.0,0.3333333333333333,0.47058823529411764,0.803921568627451,0.1764705882352941,0.35714285714285715,,0.0,0.16666666666666666,0.05555555555555555,0.4444444444444444,0.4444444444444444,1.0,0.3333333333333333,0.47795882278640894,242.22222222222223,faron hylia,BP,,Left,SS,88.44033493260604
3206,12,S12,WKU,WKU,2,0,0,0,0,0,2,6,0,3,1,1,0,0,0,2,0,0,0,0,0,2,0,0,2.0,5.0,2,15,15,8,8,"{12003, 12006, 12009, 12012, 12018}",5,2,4,4039.0,15,-1.699000505809324,-0.2046,-0.11459548037605821,0,0,WKU,6,2,8,0,2,0,15,14.86892177589852,0.06553911205073996,0.13107822410147993,236,72,932,850.169133192389,464,0.33047210300429186,0.5457737547559247,0.13333333333333333,0.4,0.13333333333333333,0.5333333333333333,0.6666666666666666,0.4,0.0,,0.13333333333333333,0.4,0.0,0.2857142857142857,0.2857142857142857,1.0,0.13333333333333333,0.5380349779610408,269.26666666666665,Hiram Birnbaum,XB,WC-S,Right,LF,38.928374406735024
3207,12,S12,FUR,FUR,0,0,1,0,3,0,1,2,0,1,5,3,0,0,0,8,1,0,0,0,0,0,0,0,0.0,3.0,1,16,13,2,5,"{12001, 12005, 12007, 12010, 12014, 12017}",6,2,0,5206.0,16,-2.4742675160794914,-0.26680000000000004,-0.1884352100560834,0,0,FUR,6,1,2,3,1,0,16,12.93446088794926,0.06553911205073996,0.06553911205073996,236,72,932,850.169133192389,464,0.33047210300429186,0.5457737547559247,0.07692307692307693,0.0,0.25,0.15384615384615385,0.40384615384615385,0.07692307692307693,0.09090909090909091,,0.0,0.125,0.1875,0.8,0.1,8.0,0.25,0.15462569467146126,325.375,Norman Sland,BP,,Right,C,3.980814616615125
3208,12,S12,OWL,OWL,0,3,1,2,1,0,3,2,0,5,1,0,0,0,0,1,0,0,0,0,0,0,0,0,0.0,2.0,6,18,17,13,14,"{12003, 12004, 12008, 12010, 12013, 12016}",6,2,1,4025.0,18,2.034655077770246,0.22349999999999998,0.2698309920228736,0,0,OWL,6,6,13,1,3,0,18,16.80338266384778,0.06553911205073996,0.19661733615221988,236,72,932,850.169133192389,464,0.33047210300429186,0.5457737547559247,0.35294117647058826,0.0,0.3888888888888889,0.7647058823529411,1.15359477124183,0.41176470588235287,0.4,,0.0,0.1111111111111111,0.05555555555555555,0.1111111111111111,0.3333333333333333,0.3333333333333333,0.3888888888888889,0.7736537493709109,223.61111111111111,Kendrick Lamar,S,,Right,RF,159.43033179179116
3210,12,S12,SYR,SYR,2,0,0,2,3,0,3,1,0,2,0,1,0,0,0,1,0,0,0,0,2,0,0,0,0.0,3.0,4,14,11,10,13,"{12002, 12004, 12007, 12012, 12015, 12017}",6,3,2,2882.0,14,0.651778611369045,0.1763,0.11679545999478705,0,0,SYR,6,4,10,3,3,0,14,10.80338266384778,0.06553911205073996,0.19661733615221988,236,72,932,850.169133192389,464,0.33047210300429186,0.5457737547559247,0.36363636363636365,0.0,0.5,0.9090909090909091,1.4090909090909092,0.5454545454545454,0.25,,0.14285714285714285,0.07142857142857142,0.21428571428571427,0.16666666666666666,0.5,0.3333333333333333,0.5,0.9256360078277887,205.85714285714286,James Longoria,WC,,Right,C,220.8993828561613
3213,12,S12,WKU,WKU,0,0,1,0,2,0,4,3,0,3,1,1,0,0,0,2,1,0,0,1,0,0,0,0,1.0,5.0,1,15,13,2,4,"{12003, 12006, 12009, 12012, 12014}",5,1,1,4277.0,16,-1.828890094477707,-0.3996,-0.12389746789590492,0,0,WKU,5,1,2,2,4,0,15,12.73784355179704,0.06553911205073996,0.26215644820295986,236,72,932,850.169133192389,464,0.33047210300429186,0.5457737547559247,0.07692307692307693,0.2,0.2,0.15384615384615385,0.35384615384615387,0.07692307692307693,0.1,0.0,0.0,0.2,0.13333333333333333,0.2222222222222222,0.4444444444444444,0.5,0.2,0.1570124481327801,267.3125,Henry McCade,XB,TD-S,Right,1B,-10.71173996985988
3214,12,S12,LSU,LSU,0,0,3,2,0,0,3,2,0,3,2,3,0,0,0,5,0,0,0,0,0,0,0,0,2.0,7.0,5,18,18,8,8,"{12001, 12006, 12008, 12011, 12015, 12016}",6,2,4,4717.0,18,1.112768739625779,0.12229999999999998,0.17764235820842691,0,0,LSU,6,5,8,0,3,0,18,17.80338266384778,0.06553911205073996,0.19661733615221988,236,72,932,850.169133192389,464,0.33047210300429186,0.5457737547559247,0.2777777777777778,0.2857142857142857,0.2777777777777778,0.4444444444444444,0.7222222222222222,0.16666666666666663,0.3125,,0.0,0.1111111111111111,0.0,0.45454545454545453,0.2727272727272727,1.6666666666666667,0.2777777777777778,0.4493528084550528,262.05555555555554,Napoleon Swingsalot,XB,,Right,C,66.38799949918703
3215,12,S12,SYR,SYR,1,0,2,1,2,0,1,1,0,2,3,2,0,0,0,5,2,0,0,0,0,1,0,0,1.0,3.0,4,15,13,9,11,"{12002, 12004, 12007, 12015, 12017}",5,5,3,3207.0,15,1.8802109469674897,0.1252,0.24332566490162313,1,0,SYR,6,4,9,2,1,0,15,12.93446088794926,0.06553911205073996,0.06553911205073996,236,72,932,850.169133192389,464,0.33047210300429186,0.5457737547559247,0.3076923076923077,0.3333333333333333,0.4,0.6923076923076923,1.0923076923076924,0.3846153846153846,0.2727272727272727,,0.06666666666666667,0.06666666666666667,0.13333333333333333,0.625,0.125,5.0,0.4,0.6958156260215757,213.8,Mario Goretti,MH,,Left,3B,148.5305488916512
3216,12,S12,FUR,FUR,1,0,1,5,0,0,3,1,0,1,0,4,0,0,0,4,0,0,0,0,0,1,0,0,2.0,5.0,7,16,16,11,11,"{12001, 12005, 12007, 12010, 12014, 12017}",6,2,4,3627.0,16,1.7667448637609102,0.2778,0.2356660279279568,0,0,FUR,6,7,11,0,3,0,16,15.80338266384778,0.06553911205073996,0.19661733615221988,236,72,932,850.169133192389,464,0.33047210300429186,0.5457737547559247,0.4375,0.4,0.4375,0.6875,1.125,0.25,0.42857142857142855,,0.0625,0.0625,0.0,0.5,0.375,1.3333333333333333,0.4375,0.6960535117056856,226.6875,Pike Trout,SF,,Right,2B,159.92153835669578
3217,12,S12,UOM,UOM,0,0,0,2,1,0,2,5,0,3,1,3,0,0,0,4,1,0,0,0,0,0,0,0,1.0,4.0,2,17,16,2,3,"{12002, 12005, 12009, 12011, 12013, 12018}",6,0,0,5170.0,17,-3.482424813699306,-0.3949000000000001,-0.28556396847107324,0,0,UOM,6,2,2,1,2,0,17,15.86892177589852,0.06553911205073996,0.13107822410147993,236,72,932,850.169133192389,464,0.33047210300429186,0.5457737547559247,0.125,0.25,0.17647058823529413,0.125,0.30147058823529416,0.0,0.18181818181818182,,0.0,0.29411764705882354,0.058823529411764705,0.4444444444444444,0.2222222222222222,2.0,0.17647058823529413,0.12603250732747134,304.11764705882354,jorjor wel,BP,BS-B,Right,3B,-23.508012781401376
3218,12,S12,LSU,LSU,1,1,1,1,1,0,5,2,0,5,1,1,0,0,0,2,0,0,0,0,0,0,0,1,1.0,5.0,4,19,18,10,11,"{12001, 12006, 12008, 12011, 12015, 12016}",6,3,4,4214.0,19,1.0071586093545477,-0.10780000000000005,0.17076831652829544,0,0,LSU,6,4,10,1,5,0,19,17.6723044397463,0.06553911205073996,0.32769556025369984,236,72,932,850.169133192389,464,0.33047210300429186,0.5457737547559247,0.2222222222222222,0.2,0.2631578947368421,0.5555555555555556,0.8187134502923976,0.33333333333333337,0.2,,0.05263157894736842,0.10526315789473684,0.05263157894736842,0.16666666666666666,0.4166666666666667,0.39999999999999997,0.2631578947368421,0.5658571599473622,221.78947368421052,Harry Johnson,XB,,Left,SS,83.31069955466994
3219,12,S12,UOM,UOM,0,0,0,2,1,0,4,6,0,1,3,1,0,0,0,4,1,0,0,1,0,0,0,0,0.0,4.0,2,18,17,2,3,"{12002, 12005, 12009, 12011, 12013, 12018}",6,1,0,5438.0,19,-5.835452524134914,-0.5853000000000002,-0.5134927968206507,0,0,UOM,6,2,2,1,4,0,18,16.73784355179704,0.06553911205073996,0.26215644820295986,236,72,932,850.169133192389,464,0.33047210300429186,0.5457737547559247,0.11764705882352941,0.0,0.16666666666666666,0.11764705882352941,0.28431372549019607,0.0,0.18181818181818182,0.0,0.0,0.3333333333333333,0.05555555555555555,0.4444444444444444,0.4444444444444444,1.0,0.16666666666666666,0.11948970569660224,286.2105263157895,Minto McGuire,BP,,Right,2B,-27.673466050398275
3220,12,S12,FUR,FUR,1,1,1,0,2,0,3,4,0,1,0,2,0,0,0,2,0,0,0,0,1,0,0,0,0.0,5.0,3,15,13,9,11,"{12001, 12005, 12007, 12010, 12014, 12017}",6,3,1,3556.0,15,-0.41357057350850274,0.00969999999999999,0.013947512854023899,0,0,FUR,6,3,9,2,3,0,15,12.80338266384778,0.06553911205073996,0.19661733615221988,236,72,932,850.169133192389,464,0.33047210300429186,0.5457737547559247,0.23076923076923078,0.0,0.3333333333333333,0.6923076923076923,1.0256410256410255,0.4615384615384615,0.25,,0.06666666666666667,0.26666666666666666,0.13333333333333333,0.3333333333333333,0.5,0.6666666666666666,0.3333333333333333,0.7029392338177015,237.06666666666666,Tomba,WC,,Left,1B,129.6626196377227
3221,12,S12,SYR,SYR,1,1,0,2,2,0,4,0,0,1,2,1,0,0,0,3,0,0,0,0,0,0,1,0,1.0,4.0,4,14,12,9,11,"{12002, 12004, 12007, 12012, 12017}",5,2,4,3204.0,14,1.8634243533323287,0.3418,0.2379600341911155,0,0,SYR,6,4,9,2,4,0,14,11.73784355179704,0.06553911205073996,0.26215644820295986,236,72,932,850.169133192389,464,0.33047210300429186,0.5457737547559247,0.3333333333333333,0.25,0.42857142857142855,0.75,1.1785714285714286,0.4166666666666667,0.2727272727272727,,0.07142857142857142,0.0,0.14285714285714285,0.375,0.5,0.75,0.42857142857142855,0.7667507204610952,228.85714285714286,Jimmy Sticks,BC,,Right,SS,170.17335011943308
3222,12,S12,WKU,WKU,1,1,2,2,0,0,4,2,0,3,1,2,0,0,0,3,0,0,0,0,1,0,0,0,3.0,5.0,6,18,18,13,13,"{12003, 12006, 12009, 12012, 12014, 12018}",6,3,5,4211.0,18,1.7346499550953607,0.34679999999999994,0.23983047975538505,0,0,WKU,6,6,13,0,4,0,18,17.73784355179704,0.06553911205073996,0.26215644820295986,236,72,932,850.169133192389,464,0.33047210300429186,0.5457737547559247,0.3333333333333333,0.6,0.3333333333333333,0.7222222222222222,1.0555555555555556,0.3888888888888889,0.3333333333333333,,0.05555555555555555,0.1111111111111111,0.0,0.3,0.4,0.7499999999999999,0.3333333333333333,0.7328963051251489,233.94444444444446,Steven Scola,XB,NT-B,Right,RF,135.15153716928202
3223,12,S12,OWL,OWL,1,1,2,2,0,0,1,3,0,2,3,1,0,0,0,4,0,0,0,0,1,0,0,0,3.0,5.0,6,16,16,13,13,"{12003, 12004, 12008, 12010, 12013, 12016}",6,2,6,3723.0,16,4.260678428874432,0.38410000000000005,0.48505938443930896,0,0,OWL,6,6,13,0,1,0,16,15.93446088794926,0.06553911205073996,0.06553911205073996,236,72,932,850.169133192389,464,0.33047210300429186,0.5457737547559247,0.375,0.6,0.375,0.8125,1.1875,0.4375,0.4166666666666667,,0.0625,0.1875,0.0,0.5714285714285714,0.14285714285714285,4.0,0.375,0.8158418468886824,232.6875,Mo Soso,XB,NT-S,Right,2B,162.95755092907527
3224,12,S12,FUR,FUR,1,0,0,1,1,0,3,1,0,2,0,4,0,1,0,4,1,0,0,0,0,1,0,0,1.0,3.0,2,13,11,5,6,"{12001, 12005, 12007, 12010, 12017}",5,1,3,3743.0,13,-1.2940959131684633,0.02619999999999997,-0.08147896380595543,0,0,FUR,6,2,5,1,3,0,13,11.80338266384778,0.06553911205073996,0.19661733615221988,236,72,932,850.169133192389,464,0.33047210300429186,0.5457737547559247,0.18181818181818182,0.3333333333333333,0.23076923076923078,0.45454545454545453,0.6853146853146853,0.2727272727272727,0.1,,0.07692307692307693,0.07692307692307693,0.07692307692307693,0.4444444444444444,0.3333333333333333,1.3333333333333333,0.23076923076923078,0.4236073795450475,287.9230769230769,Johnny,S,,Right,CF,47.44610058053888
3225,12,S12,LSU,LSU,0,0,3,0,2,0,3,3,0,0,3,0,0,0,0,3,0,0,0,0,0,0,0,0,1.0,4.0,3,14,12,6,8,"{12001, 12008, 12011, 12015, 12016}",5,2,2,3125.0,14,-0.23425682334925504,0.20020000000000002,0.028191916522957036,0,0,LSU,6,3,6,2,3,0,14,11.80338266384778,0.06553911205073996,0.19661733615221988,236,72,932,850.169133192389,464,0.33047210300429186,0.5457737547559247,0.25,0.25,0.35714285714285715,0.5,0.8571428571428572,0.25,0.3333333333333333,,0.0,0.21428571428571427,0.14285714285714285,0.5,0.5,1.0,0.35714285714285715,0.508328855454057,223.21428571428572,Skip Bellew,BN,BS-H,Left,2B,101.20961782808666
3226,12,S12,WKU,WKU,1,0,0,2,1,0,0,3,0,5,0,2,0,0,0,2,0,0,0,0,1,0,0,0,2.0,6.0,3,14,13,6,7,"{12003, 12006, 12012, 12014, 12018}",5,1,1,3996.0,14,-1.2487627441334714,-0.1903,-0.07325867555546457,0,0,WKU,6,3,6,1,0,0,14,13.0,0.06553911205073996,0.0,236,72,932,850.169133192389,464,0.33047210300429186,0.5457737547559247,0.23076923076923078,0.3333333333333333,0.2857142857142857,0.46153846153846156,0.7472527472527473,0.23076923076923078,0.2222222222222222,,0.07142857142857142,0.21428571428571427,0.07142857142857142,0.2857142857142857,0.0,inf,0.2857142857142857,0.46153846153846156,285.42857142857144,Ezra Wind,BC,TD-S,Left,3B,71.02229595355954
3227,12,S12,SYR,SYR,0,1,0,4,0,0,1,2,0,4,1,0,0,0,0,1,0,0,0,0,0,0,0,0,2.0,4.0,5,13,13,7,7,"{12002, 12004, 12007, 12012, 12017}",5,2,1,3239.0,13,-0.6710871788969048,0.19199999999999995,-0.01917809037879955,0,0,SYR,6,5,7,0,1,0,13,12.93446088794926,0.06553911205073996,0.06553911205073996,236,72,932,850.169133192389,464,0.33047210300429186,0.5457737547559247,0.38461538461538464,0.5,0.38461538461538464,0.5384615384615384,0.9230769230769231,0.1538461538461538,0.45454545454545453,,0.0,0.15384615384615385,0.0,0.16666666666666666,0.16666666666666666,1.0,0.38461538461538464,0.5411899313501144,249.15384615384616,Camden Yardsy,WC,WC-S,Left,CF,115.54374026904206
3228,12,S12,OWL,OWL,0,0,0,1,2,0,2,2,0,0,1,2,0,0,0,3,0,0,0,0,0,0,0,0,0.0,1.0,1,10,8,1,3,"{12008, 12010, 12003, 12004}",4,2,0,2805.0,10,-0.8766342482856715,-0.17149999999999999,-0.05079371135865102,0,0,OWL,4,1,1,2,2,0,10,7.86892177589852,0.06553911205073996,0.13107822410147993,236,72,932,850.169133192389,464,0.33047210300429186,0.5457737547559247,0.125,0.0,0.3,0.125,0.425,0.0,0.16666666666666666,,0.0,0.2,0.2,0.6,0.4,1.4999999999999998,0.3,0.12708221386351423,280.5,Jay Kwellon,BN,BB-H,Right,P,14.06400000433148
3229,12,S12,UOM,UOM,0,0,1,3,1,0,2,0,0,2,0,2,0,0,0,2,0,0,0,0,0,0,0,0,0.0,1.0,4,11,10,5,6,"{12009, 12002, 12011, 12005}",4,1,0,2485.0,11,0.3819951885199312,0.08139999999999999,0.07875620366890085,0,0,UOM,4,4,5,1,2,0,11,9.86892177589852,0.06553911205073996,0.13107822410147993,236,72,932,850.169133192389,464,0.33047210300429186,0.5457737547559247,0.4,0.0,0.45454545454545453,0.5,0.9545454545454546,0.09999999999999998,0.4,,0.0,0.0,0.09090909090909091,0.3333333333333333,0.3333333333333333,1.0,0.45454545454545453,0.5066409597257926,225.9090909090909,Ant man,SF,NH-H,Left,P,130.37412424623724
3230,12,S12,FUR,FUR,0,0,0,3,0,0,1,3,1,0,4,1,0,0,0,5,1,0,0,0,0,0,0,0,1.0,4.0,3,12,12,3,3,"{12001, 12005, 12007, 12010, 12014}",5,2,1,3174.0,11,-0.9331187526162482,-0.236,-0.04906821909772552,0,0,FUR,5,3,3,0,1,0,12,11.93446088794926,0.06553911205073996,0.06553911205073996,236,72,932,850.169133192389,464,0.33047210300429186,0.5457737547559247,0.25,0.25,0.25,0.25,0.5,0.0,0.3333333333333333,,0.0,0.25,0.0,0.8333333333333334,0.16666666666666666,5.000000000000001,0.25,0.25137289636846766,288.54545454545456,Julie Jules,BC,,Right,RF,21.707427678152456
3231,12,S12,WKU,WKU,1,0,3,1,0,0,4,5,0,2,1,0,0,1,0,1,0,0,0,0,1,0,0,0,0.0,0.0,5,17,16,11,11,"{12003, 12006, 12009, 12012, 12014, 12018}",6,2,3,3895.0,17,1.529386241623597,0.052600000000000015,0.2156171370612171,1,0,WKU,6,5,11,0,4,0,17,16.73784355179704,0.06553911205073996,0.26215644820295986,236,72,932,850.169133192389,464,0.33047210300429186,0.5457737547559247,0.3125,,0.29411764705882354,0.6875,0.9816176470588236,0.375,0.36363636363636365,,0.058823529411764705,0.29411764705882354,0.0,0.14285714285714285,0.5714285714285714,0.25,0.29411764705882354,0.6571933813313123,229.11764705882354,Dude Duderson,BP,,Left,2B,109.4142203999167
3232,12,S12,LSU,LSU,0,0,1,3,0,0,2,4,0,4,1,2,0,0,0,3,0,0,0,0,0,0,0,0,1.0,6.0,4,17,17,5,5,"{12001, 12006, 12008, 12011, 12015, 12016}",6,1,1,4395.0,17,-2.6592767729994313,-0.1321,-0.2032491644010857,0,0,LSU,6,4,5,0,2,0,17,16.86892177589852,0.06553911205073996,0.13107822410147993,236,72,932,850.169133192389,464,0.33047210300429186,0.5457737547559247,0.23529411764705882,0.16666666666666666,0.23529411764705882,0.29411764705882354,0.5294117647058824,0.05882352941176472,0.3076923076923077,,0.0,0.23529411764705882,0.0,0.3333333333333333,0.2222222222222222,1.5,0.23529411764705882,0.2964030580273217,258.52941176470586,Isao Makino,XB,,Right,CF,25.508167061676424
3233,12,S12,SYR,SYR,0,0,0,0,2,0,0,1,0,0,0,0,0,0,0,0,0,0,0,1,0,0,0,0,0.0,1.0,0,3,1,0,2,{12002},1,1,0,873.0,4,-0.5787095522853845,-0.021199999999999997,-0.043123069840572,0,0,SYR,1,0,0,2,0,0,3,1.0,0.06553911205073996,0.0,236,72,932,850.169133192389,464,0.33047210300429186,0.5457737547559247,0.0,0.0,0.6666666666666666,0.0,0.6666666666666666,0.0,,0.0,0.0,0.3333333333333333,0.6666666666666666,,,,0.6666666666666666,0.0,218.25,Booby Cancun,WC,BS-H,Right,P,101.73160173160171
3234,12,S12,OWL,OWL,0,2,0,1,3,0,2,2,1,3,3,2,0,0,0,5,0,0,1,0,0,0,0,0,0.0,4.0,3,18,15,7,11,"{12003, 12004, 12008, 12010, 12013, 12016}",6,2,0,4763.0,18,-1.1961611283993772,-0.248,-0.04956365724709713,0,0,OWL,6,3,7,3,2,0,18,14.86892177589852,0.06553911205073996,0.13107822410147993,236,72,932,850.169133192389,464,0.33047210300429186,0.5457737547559247,0.2,0.0,0.3333333333333333,0.4666666666666667,0.8,0.26666666666666666,0.23076923076923078,1.0,0.0,0.1111111111111111,0.16666666666666666,0.5,0.2,2.5,0.3333333333333333,0.4707806057159107,264.6111111111111,Joan Andreu Rosà,S,,Right,SS,87.12509816866371
3235,12,S12,LSU,LSU,0,0,1,0,1,0,3,3,0,1,0,1,1,1,0,1,0,0,0,0,0,0,0,0,0.0,3.0,1,11,9,2,3,"{12016, 12001, 12006, 12015}",4,2,1,2981.0,11,-2.1611095091138637,-0.253,-0.17555426609447866,0,0,LSU,6,1,2,1,3,0,11,9.80338266384778,0.06553911205073996,0.19661733615221988,236,72,932,850.169133192389,464,0.33047210300429186,0.5457737547559247,0.1111111111111111,0.0,0.18181818181818182,0.2222222222222222,0.40404040404040403,0.1111111111111111,0.14285714285714285,,0.0,0.2727272727272727,0.09090909090909091,0.2,0.6,0.33333333333333337,0.18181818181818182,0.20401121414707787,271.0,Gary Appalachia,1B,EN-S,Left,P,-7.602110028872955
3236,12,S12,SYR,SYR,0,0,1,7,1,0,1,1,0,0,2,2,0,0,0,4,1,0,0,0,0,0,0,0,1.0,2.0,8,15,14,9,10,"{12002, 12004, 12007, 12012, 12015, 12017}",6,3,1,3300.0,15,2.50757899990702,0.23009999999999994,0.30606247019557614,0,0,SYR,6,8,9,1,1,0,15,13.93446088794926,0.06553911205073996,0.06553911205073996,236,72,932,850.169133192389,464,0.33047210300429186,0.5457737547559247,0.5714285714285714,0.5,0.6,0.6428571428571429,1.2428571428571429,0.07142857142857151,0.6153846153846154,,0.0,0.06666666666666667,0.06666666666666667,0.8,0.2,4.0,0.6,0.6458807464724624,220.0,Jackie Jormp-Jomp,BC,,Right,RF,199.9006558632145
3237,12,S12,UOM,UOM,0,0,2,6,0,0,1,0,0,3,2,3,0,0,0,5,0,0,2,0,0,0,0,0,1.0,5.0,8,17,17,10,12,"{12002, 12005, 12009, 12011, 12013, 12018}",6,1,1,4309.0,19,0.044735660638380914,0.16219999999999996,0.07452602165667872,0,0,UOM,6,8,10,0,1,0,17,16.93446088794926,0.06553911205073996,0.06553911205073996,236,72,932,850.169133192389,464,0.33047210300429186,0.5457737547559247,0.47058823529411764,0.2,0.47058823529411764,0.5882352941176471,1.0588235294117647,0.11764705882352944,0.47058823529411764,1.0,0.0,0.0,0.0,0.5555555555555556,0.1111111111111111,5.000000000000001,0.47058823529411764,0.5905118601747815,226.78947368421052,Greggy Gabagool,SF,EN-B,Right,2B,150.59596655164947
3238,12,S12,UOM,UOM,1,0,0,3,1,0,1,2,0,2,3,2,0,0,0,5,1,0,0,0,1,0,0,0,1.0,5.0,4,15,14,7,8,"{12002, 12005, 12009, 12011, 12013, 12018}",6,1,2,4074.0,15,-0.6059371871368102,-0.2015,-0.005289148508806879,0,0,UOM,6,4,7,1,1,0,15,13.93446088794926,0.06553911205073996,0.06553911205073996,236,72,932,850.169133192389,464,0.33047210300429186,0.5457737547559247,0.2857142857142857,0.2,0.3333333333333333,0.5,0.8333333333333333,0.2142857142857143,0.2727272727272727,,0.06666666666666667,0.13333333333333333,0.06666666666666667,0.625,0.125,5.0,0.3333333333333333,0.5023516917008041,271.6,Okie,BP,,Right,1B,92.9097453250687
3239,12,S12,WKU,WKU,1,0,1,2,2,0,5,2,0,3,0,3,0,0,0,3,1,0,0,0,1,0,0,0,1.0,1.0,4,19,17,8,10,"{12003, 12006, 12009, 12012, 12014, 12018}",6,4,1,4730.0,19,0.4134630556924399,-0.34619999999999995,0.11139876116208461,0,0,WKU,6,4,8,2,5,0,19,16.6723044397463,0.06553911205073996,0.32769556025369984,236,72,932,850.169133192389,464,0.33047210300429186,0.5457737547559247,0.23529411764705882,1.0,0.3157894736842105,0.47058823529411764,0.7863777089783281,0.23529411764705882,0.21428571428571427,,0.05263157894736842,0.10526315789473684,0.10526315789473684,0.2727272727272727,0.45454545454545453,0.6,0.3157894736842105,0.4798376870403247,248.94736842105263,Justin Carlson,WC,,Right,1B,83.47586555274327
3240,12,S12,OWL,OWL,0,1,1,1,0,0,3,0,0,1,0,0,0,0,0,0,0,0,0,0,0,0,0,0,1.0,3.0,3,7,7,6,6,"{12008, 12003, 12004}",3,0,2,1151.0,7,0.6108952023586172,0.2247,0.08689831966480299,0,0,OWL,3,3,6,0,3,0,7,6.80338266384778,0.06553911205073996,0.19661733615221988,236,72,932,850.169133192389,464,0.33047210300429186,0.5457737547559247,0.42857142857142855,0.3333333333333333,0.42857142857142855,0.8571428571428571,1.2857142857142856,0.42857142857142855,0.42857142857142855,,0.0,0.0,0.0,0.0,0.75,0.0,0.42857142857142855,0.8819142324425109,164.42857142857142,Franklin Louis Henderson,S,WC-H,Right,3B,191.27431200663816
3242,12,S12,WKU,WKU,0,0,1,0,2,0,1,5,0,2,2,2,0,0,0,4,0,0,0,0,0,0,0,0,1.0,5.0,1,15,13,2,4,"{12003, 12006, 12009, 12012, 12014, 12018}",6,0,1,4541.0,15,-0.8880099296416082,0.10479999999999998,-0.03349642275928665,0,0,WKU,6,1,2,2,1,0,15,12.93446088794926,0.06553911205073996,0.06553911205073996,236,72,932,850.169133192389,464,0.33047210300429186,0.5457737547559247,0.07692307692307693,0.2,0.2,0.15384615384615385,0.35384615384615387,0.07692307692307693,0.125,,0.0,0.3333333333333333,0.13333333333333333,0.5714285714285714,0.14285714285714285,4.0,0.2,0.15462569467146126,302.73333333333335,Dusk Jackson,S,WC-B,Right,CF,-11.149055513255002
3244,12,S12,SYR,SYR,0,2,1,1,1,0,5,1,0,2,2,1,0,0,0,3,1,0,0,0,0,0,0,0,0.0,4.0,4,16,15,9,10,"{12002, 12004, 12007, 12012, 12015, 12017}",6,4,0,3836.0,16,0.10332219777494606,-0.10820000000000005,0.06932376132936036,0,0,SYR,6,4,9,1,5,0,16,14.6723044397463,0.06553911205073996,0.32769556025369984,236,72,932,850.169133192389,464,0.33047210300429186,0.5457737547559247,0.26666666666666666,0.0,0.3125,0.6,0.9125,0.3333333333333333,0.2857142857142857,,0.0,0.0625,0.0625,0.3,0.5,0.6,0.3125,0.6134005763688761,239.75,LeeLoo Dallas Multi-Guess,S,TD-B,Left,CF,106.95268751669676
3245,12,S12,LSU,LSU,0,0,0,2,0,0,1,1,1,3,1,3,0,0,0,4,1,0,0,0,0,0,0,0,0.0,4.0,2,11,11,2,2,"{12008, 12001, 12011, 12006}",4,0,0,2915.0,10,-2.3825908973611267,-0.18950000000000003,-0.19770240491920496,0,0,LSU,4,2,2,0,1,0,11,10.93446088794926,0.06553911205073996,0.06553911205073996,236,72,932,850.169133192389,464,0.33047210300429186,0.5457737547559247,0.18181818181818182,0.0,0.18181818181818182,0.18181818181818182,0.36363636363636365,0.0,0.2,,0.0,0.09090909090909091,0.0,0.5,0.125,4.0,0.18181818181818182,0.182907965970611,291.5,Harrison Cinderstone,MH,,Right,RF,-11.468776022349392
3246,12,S12,WKU,WKU,0,0,1,1,0,0,3,1,0,2,0,0,0,0,0,0,0,0,0,0,0,0,0,0,0.0,1.0,2,8,8,3,3,"{12009, 12003, 12014}",3,1,1,1763.0,8,-0.6545613272243651,-0.025400000000000006,-0.03596036194650362,0,0,WKU,5,2,3,0,3,0,8,7.80338266384778,0.06553911205073996,0.19661733615221988,236,72,932,850.169133192389,464,0.33047210300429186,0.5457737547559247,0.25,0.0,0.25,0.375,0.625,0.125,0.2857142857142857,,0.0,0.125,0.0,0.0,0.6,0.0,0.25,0.3844486589000271,220.375,Arthur Bullpendragon,SM,EG-S,Left,P,46.09038148857747
3247,12,S12,OWL,OWL,2,1,2,1,3,0,3,1,0,2,2,0,0,0,0,2,0,0,1,0,1,1,0,0,0.0,1.0,6,17,14,16,20,"{12003, 12004, 12008, 12010, 12013, 12016}",6,4,4,3229.0,18,4.3413706246747,0.25839999999999996,0.500502546713319,0,0,OWL,6,6,16,3,3,0,17,13.80338266384778,0.06553911205073996,0.19661733615221988,236,72,932,850.169133192389,464,0.33047210300429186,0.5457737547559247,0.42857142857142855,0.0,0.5294117647058824,1.1428571428571428,1.672268907563025,0.7142857142857142,0.36363636363636365,1.0,0.11764705882352941,0.058823529411764705,0.17647058823529413,0.2857142857142857,0.42857142857142855,0.6666666666666666,0.5294117647058825,1.1591361617399296,179.38888888888889,Jodie Baller,SM,,Right,LF,272.58263048174626
3248,12,S12,OWL,OWL,0,0,1,1,1,0,1,3,0,2,3,3,0,0,0,6,0,0,0,0,0,0,0,0,0.0,3.0,2,15,14,3,4,"{12003, 12004, 12008, 12010, 12013, 12016}",6,2,1,4705.0,15,-2.725959168640893,-0.2332,-0.2172913466592151,0,0,OWL,6,2,3,1,1,0,15,13.93446088794926,0.06553911205073996,0.06553911205073996,236,72,932,850.169133192389,464,0.33047210300429186,0.5457737547559247,0.14285714285714285,0.0,0.2,0.21428571428571427,0.41428571428571426,0.07142857142857142,0.18181818181818182,,0.0,0.2,0.06666666666666667,0.6666666666666666,0.1111111111111111,6.0,0.2,0.21529358215748748,313.6666666666667,Paul Crews,BP,BS-B,Right,1B,-0.03311471226182805
3249,12,S12,FUR,FUR,0,0,2,5,2,0,4,1,0,2,1,1,0,0,0,2,0,0,1,0,0,0,0,0,3.0,6.0,7,18,16,9,12,"{12001, 12005, 12007, 12010, 12014, 12017}",6,5,4,3779.0,19,1.9692971643732227,0.0040999999999999735,0.26698217203016283,0,0,FUR,6,7,9,2,4,0,18,15.73784355179704,0.06553911205073996,0.26215644820295986,236,72,932,850.169133192389,464,0.33047210300429186,0.5457737547559247,0.4375,0.5,0.5,0.5625,1.0625,0.125,0.4666666666666667,1.0,0.0,0.05555555555555555,0.1111111111111111,0.25,0.5,0.5,0.5,0.5718699623858141,198.89473684210526,Jiggs Kingman,1B,FP-S,Right,1B,156.0802078116995
3250,12,S12,SYR,SYR,2,0,2,2,1,0,4,0,0,0,5,2,0,1,0,7,3,0,0,0,1,0,1,0,2.0,2.0,6,18,16,14,15,"{12002, 12004, 12007, 12012, 12015, 12017}",6,3,8,4029.0,18,2.886840439821178,0.4473,0.3550495282279668,0,0,SYR,6,6,14,1,4,0,18,16.73784355179704,0.06553911205073996,0.26215644820295986,236,72,932,850.169133192389,464,0.33047210300429186,0.5457737547559247,0.375,1.0,0.3888888888888889,0.875,1.2638888888888888,0.5,0.26666666666666666,,0.1111111111111111,0.0,0.05555555555555555,0.6363636363636364,0.36363636363636365,1.75,0.3888888888888889,0.8364279398762157,223.83333333333334,Jack Hoffman,1B,,Left,CF,170.93220229367668
3251,12,S12,UOM,UOM,0,0,3,0,0,0,0,1,0,2,2,4,0,0,0,6,2,0,0,0,0,0,0,0,1.0,3.0,3,12,12,6,6,"{12002, 12005, 12009, 12013, 12018}",5,1,1,3763.0,12,0.1910451280919492,-0.0575,0.06334816897309424,0,0,UOM,6,3,6,0,0,0,12,12.0,0.06553911205073996,0.0,236,72,932,850.169133192389,464,0.33047210300429186,0.5457737547559247,0.25,0.3333333333333333,0.25,0.5,0.75,0.25,0.2727272727272727,,0.0,0.08333333333333333,0.0,0.75,0.0,inf,0.25,0.5,313.5833333333333,Erik Hamilton,XB,,Left,1B,67.26240379508222
3252,12,S12,OWL,OWL,1,1,0,0,0,0,2,5,0,4,1,1,0,0,0,2,0,0,0,0,1,0,0,0,1.0,6.0,2,15,15,7,7,"{12003, 12004, 12008, 12010, 12013, 12016}",6,1,3,4641.0,15,-1.8964802546190993,0.3929,-0.13434345525703578,0,0,OWL,6,2,7,0,2,0,15,14.86892177589852,0.06553911205073996,0.13107822410147993,236,72,932,850.169133192389,464,0.33047210300429186,0.5457737547559247,0.13333333333333333,0.16666666666666666,0.13333333333333333,0.4666666666666667,0.6,0.33333333333333337,0.1111111111111111,,0.06666666666666667,0.3333333333333333,0.0,0.25,0.25,1.0,0.13333333333333333,0.4707806057159107,309.4,Ricky 'The Rat' Venucci,TT,TD-B,Left,C,26.605617649183188
3253,12,S12,LSU,LSU,2,0,2,0,6,0,4,2,0,2,0,0,0,0,0,0,0,0,1,0,1,0,1,0,1.0,5.0,4,18,12,12,19,"{12001, 12006, 12008, 12011, 12015, 12016}",6,6,4,3281.0,19,4.1404225778750305,0.47450000000000014,0.4840947133803437,0,0,LSU,6,4,12,6,4,0,18,11.73784355179704,0.06553911205073996,0.26215644820295986,236,72,932,850.169133192389,464,0.33047210300429186,0.5457737547559247,0.3333333333333333,0.2,0.5555555555555556,1.0,1.5555555555555556,0.6666666666666667,0.25,1.0,0.1111111111111111,0.1111111111111111,0.3333333333333333,0.0,0.6666666666666666,0.0,0.5555555555555556,1.0223342939481268,172.68421052631578,Captain Hate,WC,TD-B,Right,2B,255.4280001180155
3254,12,S12,SYR,SYR,0,0,2,2,0,0,0,3,0,1,0,3,0,0,0,3,1,0,0,1,0,0,0,0,0.0,3.0,4,11,11,6,6,"{12012, 12015, 12004, 12007}",4,0,1,3318.0,12,-0.9299377621081512,-0.20439999999999997,-0.04875012004691581,0,0,SYR,5,4,6,0,0,0,11,11.0,0.06553911205073996,0.0,236,72,932,850.169133192389,464,0.33047210300429186,0.5457737547559247,0.36363636363636365,0.0,0.36363636363636365,0.5454545454545454,0.9090909090909091,0.18181818181818177,0.5,0.0,0.0,0.2727272727272727,0.0,0.75,0.0,inf,0.36363636363636365,0.5454545454545454,276.5,Weehaddababy Itzaboi,BC,TD-S,Left,2B,109.97693164894446
3255,12,S12,UOM,UOM,1,0,1,3,2,0,3,1,0,0,3,1,0,0,0,4,0,0,2,0,1,0,0,0,0.0,4.0,5,15,13,9,13,"{12002, 12005, 12011, 12013, 12018}",5,2,1,3260.0,17,-0.041089425198837404,-0.040899999999999964,0.058569570378973666,0,0,UOM,6,5,9,2,3,0,15,12.80338266384778,0.06553911205073996,0.19661733615221988,236,72,932,850.169133192389,464,0.33047210300429186,0.5457737547559247,0.38461538461538464,0.0,0.4666666666666667,0.6923076923076923,1.1589743589743589,0.30769230769230765,0.36363636363636365,1.0,0.06666666666666667,0.06666666666666667,0.13333333333333333,0.5714285714285714,0.42857142857142855,1.3333333333333333,0.4666666666666667,0.7029392338177015,191.76470588235293,Alph Overdale,XB,NH-S,Left,1B,170.00893998404302
3256,12,S12,FUR,FUR,2,2,3,1,1,0,4,1,1,1,3,0,0,0,0,3,0,0,0,0,1,1,0,0,2.0,5.0,8,18,17,21,22,"{12001, 12005, 12007, 12010, 12014, 12017}",6,4,6,2847.0,17,7.64699798385723,0.8428,0.831065282631572,0,0,FUR,6,8,21,1,4,0,18,16.73784355179704,0.06553911205073996,0.26215644820295986,236,72,932,850.169133192389,464,0.33047210300429186,0.5457737547559247,0.47058823529411764,0.4,0.5,1.2352941176470589,1.7352941176470589,0.7647058823529412,0.42857142857142855,,0.1111111111111111,0.05555555555555555,0.05555555555555555,0.375,0.5,0.75,0.5,1.2546419098143236,167.47058823529412,Angry Lizard,EN,BS-S,Left,CF,281.18185322406487
3257,12,S12,LSU,LSU,1,0,1,3,1,0,3,4,0,0,2,2,1,0,0,4,2,0,0,0,0,0,1,0,1.0,5.0,5,18,17,9,10,"{12001, 12006, 12008, 12011, 12015, 12016}",6,4,3,4614.0,18,0.2073198499322062,-0.09639999999999994,0.08709746923906964,0,0,LSU,6,5,9,1,3,0,18,16.80338266384778,0.06553911205073996,0.19661733615221988,236,72,932,850.169133192389,464,0.33047210300429186,0.5457737547559247,0.29411764705882354,0.2,0.3333333333333333,0.5294117647058824,0.8627450980392157,0.23529411764705882,0.3333333333333333,,0.05555555555555555,0.2222222222222222,0.05555555555555555,0.5714285714285714,0.42857142857142855,1.3333333333333333,0.3333333333333333,0.5356064418721691,256.3333333333333,Joseph Randome,1B,EN-S,Left,2B,99.0028837146633
3258,12,S12,WKU,WKU,1,0,1,1,2,0,2,2,0,3,2,0,0,0,0,2,0,0,0,1,1,0,0,0,1.0,1.0,3,14,12,7,9,"{12009, 12018, 12012, 12006}",4,3,3,3933.0,15,1.1879429558751902,0.3949,0.17409886579239317,0,0,WKU,6,3,7,2,2,0,14,11.86892177589852,0.06553911205073996,0.13107822410147993,236,72,932,850.169133192389,464,0.33047210300429186,0.5457737547559247,0.25,1.0,0.35714285714285715,0.5833333333333334,0.9404761904761905,0.33333333333333337,0.2222222222222222,0.0,0.07142857142857142,0.14285714285714285,0.14285714285714285,0.2857142857142857,0.2857142857142857,1.0,0.35714285714285715,0.5897755610972568,262.2,Soy Okey,WC,TD-H,Right,C,116.13278057335705
3259,12,S12,LSU,LSU,0,3,0,2,2,0,2,1,0,4,1,0,0,0,0,1,0,0,0,0,0,0,0,0,2.0,3.0,5,15,13,11,13,"{12006, 12008, 12011, 12015, 12016}",5,5,3,3235.0,15,3.0318041468692405,0.28990000000000005,0.35848498489179825,0,0,LSU,6,5,11,2,2,0,15,12.86892177589852,0.06553911205073996,0.13107822410147993,236,72,932,850.169133192389,464,0.33047210300429186,0.5457737547559247,0.38461538461538464,0.6666666666666666,0.4666666666666667,0.8461538461538461,1.3128205128205128,0.4615384615384615,0.4166666666666667,,0.0,0.06666666666666667,0.13333333333333333,0.14285714285714285,0.2857142857142857,0.5,0.4666666666666667,0.8547724659109577,215.66666666666666,Danny Hurley III,S,,Left,2B,197.8287519061384
3260,12,S12,UOM,UOM,0,0,1,2,0,0,1,1,0,2,0,1,0,0,0,1,0,0,0,0,0,0,0,0,1.0,2.0,3,8,8,4,4,"{12009, 12018, 12011}",3,0,1,1653.0,8,-0.010622129853667506,-0.0529,0.028433557790566145,0,0,UOM,6,3,4,0,1,0,8,7.93446088794926,0.06553911205073996,0.06553911205073996,236,72,932,850.169133192389,464,0.33047210300429186,0.5457737547559247,0.375,0.5,0.375,0.5,0.875,0.125,0.42857142857142855,,0.0,0.125,0.0,0.25,0.25,1.0,0.375,0.5041300293098854,206.625,Ruby McCade,EN,TD-B,Right,SS,105.84380830907745
3261,12,S12,OWL,OWL,1,0,1,0,0,0,0,3,0,4,1,1,0,0,0,2,0,0,0,0,1,0,0,0,0.0,4.0,2,11,11,6,6,"{12016, 12010, 12013}",3,2,1,3246.0,11,-1.6072698012611975,0.01839999999999999,-0.12017029530921204,0,0,OWL,6,2,6,0,0,0,11,11.0,0.06553911205073996,0.0,236,72,932,850.169133192389,464,0.33047210300429186,0.5457737547559247,0.18181818181818182,0.0,0.18181818181818182,0.5454545454545454,0.7272727272727273,0.3636363636363636,0.14285714285714285,,0.09090909090909091,0.2727272727272727,0.0,0.3333333333333333,0.0,inf,0.18181818181818182,0.5454545454545454,295.09090909090907,Chilidog Clayton,XB,BB-H,Right,3B,54.95922208578037
3262,12,S12,FUR,FUR,0,0,0,0,0,0,0,1,1,0,0,0,0,0,0,0,0,0,0,0,0,0,0,0,0.0,1.0,0,1,1,0,0,{12010},1,0,0,0,0,-0.7430340557275542,-0.0754,-0.07061643422576382,0,0,FUR,4,0,0,0,0,0,1,1.0,0.06553911205073996,0.0,236,72,932,850.169133192389,464,0.33047210300429186,0.5457737547559247,0.0,0.0,0.0,0.0,0.0,0.0,,,0.0,1.0,0.0,,,,0.0,0.0,,Champ Winters,BP,WC-H,Right,C,-100.0
3263,12,S12,SYR,SYR,0,0,2,0,0,0,1,3,0,0,1,2,0,0,0,3,0,0,0,0,0,0,0,0,1.0,3.0,2,9,9,4,4,"{12017, 12012, 12015}",3,1,2,2437.0,9,-0.3017530621839858,0.1381,0.0030074359045259326,0,0,SYR,6,2,4,0,1,0,9,8.93446088794926,0.06553911205073996,0.06553911205073996,236,72,932,850.169133192389,464,0.33047210300429186,0.5457737547559247,0.2222222222222222,0.3333333333333333,0.2222222222222222,0.4444444444444444,0.6666666666666666,0.2222222222222222,0.3333333333333333,,0.0,0.3333333333333333,0.0,0.75,0.25,3.0,0.2222222222222222,0.44770468528159013,270.77777777777777,Aladdin Sane,XB,TD-H,Left,1B,49.27505349645793
3265,12,S12,UOM,UOM,0,0,1,1,0,0,1,0,0,2,1,3,0,0,0,4,1,0,0,0,0,0,0,0,0.0,1.0,2,9,9,3,3,"{12018, 12011, 12013}",3,0,0,2709.0,9,-2.08267262954359,-0.1353,-0.17508452083143444,0,0,UOM,6,2,3,0,1,0,9,8.93446088794926,0.06553911205073996,0.06553911205073996,236,72,932,850.169133192389,464,0.33047210300429186,0.5457737547559247,0.2222222222222222,0.0,0.2222222222222222,0.3333333333333333,0.5555555555555556,0.1111111111111111,0.2222222222222222,,0.0,0.0,0.0,0.5714285714285714,0.14285714285714285,4.0,0.2222222222222222,0.3357785139611926,301.0,Robert Sitkowski,XB,EG-S,Right,SS,28.767256933310257
3266,12,S12,LSU,LSU,0,0,0,0,0,0,0,1,1,0,0,0,0,0,0,0,0,0,0,0,0,0,0,0,0.0,0.0,0,1,1,0,0,{12011},1,0,0,0,0,-0.10928040131465142,-0.0115,-0.007241068784473529,0,0,LSU,4,0,0,0,0,0,1,1.0,0.06553911205073996,0.0,236,72,932,850.169133192389,464,0.33047210300429186,0.5457737547559247,0.0,,0.0,0.0,0.0,0.0,,,0.0,1.0,0.0,,,,0.0,0.0,,Meezer Slippers,XB,EG-B,Left,3B,-100.0
3268,12,S12,WKU,WKU,0,0,1,0,0,0,3,0,0,0,0,0,0,0,0,0,0,0,0,0,0,0,0,0,0.0,1.0,1,4,4,2,2,"{12018, 12014}",2,1,0,640.0,4,-0.63446579337778,-0.07060000000000001,-0.048698693949811536,0,0,WKU,6,1,2,0,3,0,4,3.8033826638477803,0.06553911205073996,0.19661733615221988,236,72,932,850.169133192389,464,0.33047210300429186,0.5457737547559247,0.25,0.0,0.25,0.5,0.75,0.25,0.25,,0.0,0.0,0.0,0.0,1.0,0.0,0.25,0.5258476931628683,160.0,Dave Bartholomew,BC,FP-S,Right,1B,71.99837596993106
3270,12,S12,OWL,OWL,1,0,0,0,0,0,2,0,0,4,0,0,0,0,0,0,0,0,0,0,1,0,0,0,0.0,3.0,1,7,7,4,4,"{12016, 12013}",2,1,1,1765.0,7,-1.4050926057383109,-0.1374,-0.1147004611448898,0,0,OWL,6,1,4,0,2,0,7,6.86892177589852,0.06553911205073996,0.13107822410147993,236,72,932,850.169133192389,464,0.33047210300429186,0.5457737547559247,0.14285714285714285,0.0,0.14285714285714285,0.5714285714285714,0.7142857142857142,0.42857142857142855,0.0,,0.14285714285714285,0.0,0.0,0.0,0.3333333333333333,0.0,0.14285714285714285,0.5823330255463219,252.14285714285714,OilCanFloydTheBarber,XB,,Right,SS,49.92681320683721
3326,3,S3,UOM,UOM,1,0,0,0,0,0,0,1,0,0,0,0,0,0,0,0,0,0,0,0,0,0,1,0,1.0,1.0,1,2,2,4,4,"{3009, 3004}",2,1,3,274.0,2,1.1763975155279502,0.19179999999999997,0.13367833661232967,0,0,UOM,2,1,4,0,0,0,2,2.0,0.03463203463203463,0.0,50,23,230,205.37229437229436,111,0.3173913043478261,0.5404818616808247,0.5,1.0,0.5,2.0,2.5,1.5,,,0.5,0.5,0.0,,,,0.5,2.0,137.0,Blake Monroe,BN,,Right,DH,427.57441661551246
3327,3,S3,VT,VT,0,0,0,0,0,0,0,1,1,0,0,0,0,0,0,0,0,0,0,0,0,0,0,0,0.0,0.0,0,1,1,0,0,{3005},1,0,0,0,0,-0.17639751552795027,-0.0208,-0.009620459023027711,0,0,VT,1,0,0,0,0,0,1,1.0,0.03463203463203463,0.0,50,23,230,205.37229437229436,111,0.3173913043478261,0.5404818616808247,0.0,,0.0,0.0,0.0,0.0,,,0.0,1.0,0.0,,,,0.0,0.0,,Marty McSlugger,BN,,Right,DH,-100.0
3328,3,S3,IND,IND,0,0,0,0,0,0,0,0,0,1,0,0,0,0,0,0,0,0,0,0,0,0,0,0,0.0,0.0,0,1,1,0,0,{3008},1,0,0,356.0,1,-0.17639751552795027,-0.0508,-0.009620459023027711,0,0,IND,2,0,0,0,0,0,1,1.0,0.03463203463203463,0.0,50,23,230,205.37229437229436,111,0.3173913043478261,0.5404818616808247,0.0,,0.0,0.0,0.0,0.0,0.0,,0.0,0.0,0.0,0.0,0.0,,0.0,0.0,356.0,Silver Shore,BN,BB-B,Right,P,-100.0
3329,5,S5,CCU,CCU,0,0,0,0,1,0,1,1,0,0,0,0,0,0,0,0,0,0,0,0,0,0,0,0,0.0,1.0,0,3,2,0,1,"{5001, 5013}",2,0,0,713.0,3,-0.633926324493391,-0.060899999999999996,-0.043723612742343085,0,0,CCU,4,0,0,1,1,0,3,1.9608540925266904,0.03914590747330961,0.03914590747330961,183,73,827,748.7544483985765,362,0.309552599758162,0.4834695817490494,0.0,0.0,0.3333333333333333,0.0,0.3333333333333333,0.0,0.0,,0.0,0.3333333333333333,0.3333333333333333,0.0,1.0,0.0,0.33333333333333326,0.0,237.66666666666666,David Unjust,BC,,Right,C,7.682291666666652
3330,5,S5,LOU,LOU,0,0,0,0,0,0,0,2,1,0,0,1,0,0,0,1,0,0,0,0,0,0,0,0,0.0,0.0,0,3,3,0,0,"{5002, 5005, 5014}",3,0,0,744.0,2,-0.4977410811652905,-0.06649999999999999,-0.030105088409533028,0,0,LOU,4,0,0,0,0,0,3,3.0,0.03914590747330961,0.0,183,73,827,748.7544483985765,362,0.309552599758162,0.4834695817490494,0.0,,0.0,0.0,0.0,0.0,0.0,,0.0,0.6666666666666666,0.0,1.0,0.0,inf,0.0,0.0,372.0,Paddy McAndrew,WC,,Right,C,-100.0
3331,5,S5,GT,GT,0,0,0,0,1,0,0,1,0,1,0,1,0,0,0,1,0,0,0,0,0,0,0,0,0.0,1.0,0,4,3,0,1,"{5011, 5004}",2,1,0,1348.0,4,-0.860555212981089,-0.0075,-0.05983016168878086,0,0,GT,3,0,0,1,0,0,4,3.0,0.03914590747330961,0.0,183,73,827,748.7544483985765,362,0.309552599758162,0.4834695817490494,0.0,0.0,0.25,0.0,0.25,0.0,0.0,,0.0,0.25,0.25,0.5,0.0,inf,0.25,0.0,337.0,Slias Crumpton,WC,,Right,SS,-19.23828125
3332,5,S5,CCU,CCU,0,0,0,0,0,0,0,1,1,0,0,0,0,0,0,0,0,0,0,0,0,0,0,0,0.0,0.0,0,1,1,0,0,{5005},1,0,0,0,0,-0.1145038167938931,-0.032400000000000005,-0.004894041777057304,0,0,CCU,2,0,0,0,0,0,1,1.0,0.03914590747330961,0.0,183,73,827,748.7544483985765,362,0.309552599758162,0.4834695817490494,0.0,,0.0,0.0,0.0,0.0,,,0.0,1.0,0.0,,,,0.0,0.0,,Reiki Tanaka,SF,,Right,3B,-100.0
3333,5,S5,CCU,CCU,0,0,0,0,0,0,1,0,0,0,0,1,0,0,0,1,0,0,0,0,0,0,0,0,0.0,0.0,0,2,2,0,0,"{5009, 5005}",2,0,0,671.0,2,-0.46096788131931443,-0.0653,-0.03298410832726743,0,0,CCU,3,0,0,0,1,0,2,1.9608540925266904,0.03914590747330961,0.03914590747330961,183,73,827,748.7544483985765,362,0.309552599758162,0.4834695817490494,0.0,,0.0,0.0,0.0,0.0,0.0,,0.0,0.0,0.0,0.5,0.5,1.0,0.0,0.0,335.5,Merv Bronte,1B,,Right,C,-100.0
3334,5,S5,CCU,CCU,0,0,0,0,0,0,0,1,1,0,0,0,0,0,0,0,0,0,0,0,0,0,0,0,0.0,0.0,0,1,1,0,0,{5005},1,0,0,0,0,-0.1145038167938931,-0.044500000000000005,-0.004894041777057304,0,0,CCU,2,0,0,0,0,0,1,1.0,0.03914590747330961,0.0,183,73,827,748.7544483985765,362,0.309552599758162,0.4834695817490494,0.0,,0.0,0.0,0.0,0.0,,,0.0,1.0,0.0,,,,0.0,0.0,,Fuh Kmiketrout,WC,,Left,3B,-100.0
3335,5,S5,GT,GT,0,0,0,0,0,0,3,0,0,0,0,0,0,0,0,0,0,0,0,0,0,0,0,0,0.0,1.0,0,3,3,0,0,"{5013, 5006}",2,0,0,590.0,3,-0.8880355504922468,-0.0873,-0.06913453534222866,0,0,GT,4,0,0,0,3,0,3,2.882562277580071,0.03914590747330961,0.11743772241992882,183,73,827,748.7544483985765,362,0.309552599758162,0.4834695817490494,0.0,0.0,0.0,0.0,0.0,0.0,0.0,,0.0,0.0,0.0,0.0,1.0,0.0,0.0,0.0,196.66666666666666,Dee Licious,BP,,Right,CF,-100.0
3336,5,S5,SLC,SLC,0,0,1,0,0,0,0,1,0,0,1,1,0,0,0,2,0,0,0,0,0,0,0,0,0.0,1.0,1,4,4,2,2,"{5020, 5012, 5007}",3,1,0,1340.0,4,-0.2559576506049532,0.0795,0.0006295945488327195,0,0,SLC,5,1,2,0,0,0,4,4.0,0.03914590747330961,0.0,183,73,827,748.7544483985765,362,0.309552599758162,0.4834695817490494,0.25,0.0,0.25,0.5,0.75,0.25,0.3333333333333333,,0.0,0.25,0.0,1.0,0.0,inf,0.25,0.5,335.0,Jeremy Davis,S,,Left,LF,84.1808414569857
3337,5,S5,CCU,CCU,0,0,0,0,0,0,0,1,1,0,0,0,0,0,0,0,0,0,0,0,0,0,0,0,0.0,0.0,0,1,1,0,0,{5009},1,0,0,0,0,-0.1145038167938931,-0.016200000000000003,-0.004894041777057304,0,0,CCU,3,0,0,0,0,0,1,1.0,0.03914590747330961,0.0,183,73,827,748.7544483985765,362,0.309552599758162,0.4834695817490494,0.0,,0.0,0.0,0.0,0.0,,,0.0,1.0,0.0,,,,0.0,0.0,,JG Wentworth,S,,Right,2B,-100.0
3338,5,S5,NEB,NEB,0,0,0,0,0,0,0,1,1,0,0,0,0,0,0,0,0,0,0,0,0,0,0,0,0.0,0.0,0,1,1,0,0,{5015},1,0,0,0,0,-0.1916186321856987,-0.0277,-0.012605523316237863,0,0,NEB,4,0,0,0,0,0,1,1.0,0.03914590747330961,0.0,183,73,827,748.7544483985765,362,0.309552599758162,0.4834695817490494,0.0,,0.0,0.0,0.0,0.0,,,0.0,1.0,0.0,,,,0.0,0.0,,Steven Acefield,XB,,Right,3B,-100.0
3340,3,S3,HOF,HOF,0,0,0,1,0,0,1,2,1,0,0,0,0,0,0,0,0,0,0,0,0,0,0,0,1.0,1.0,1,4,4,1,1,"{3001, 3006}",2,0,1,665.0,3,-0.9590241955293539,-0.105,-0.06382524943386612,0,0,HOF,2,1,1,0,1,0,4,3.965367965367965,0.03463203463203463,0.03463203463203463,50,23,230,205.37229437229436,111,0.3173913043478261,0.5404818616808247,0.25,1.0,0.25,0.25,0.5,0.0,0.5,,0.0,0.5,0.0,0.0,1.0,0.0,0.25,0.2521834061135371,221.66666666666666,Lump Beefbroth,BN,,Right,DH,25.42611852745249
3341,3,S3,CSUF,CSUF,1,0,1,0,0,0,0,0,0,0,0,0,0,0,0,0,0,0,0,0,0,0,1,0,2.0,2.0,2,2,2,6,6,"{3001, 3010}",2,1,4,35.0,2,3.4714285714285715,0.5931,0.3631814422023918,0,0,CSUF,2,2,6,0,0,0,2,2.0,0.03463203463203463,0.0,50,23,230,205.37229437229436,111,0.3173913043478261,0.5404818616808247,1.0,1.0,1.0,3.0,4.0,2.0,1.0,,0.5,0.0,0.0,,,,1.0,3.0,17.5,Emile B. Beezbowl,BN,,Right,DH,770.12874821094
3342,3,S3,HOF,HOF,0,0,0,0,0,0,1,0,0,1,0,0,0,0,0,0,0,0,0,0,0,0,0,0,0.0,0.0,0,2,2,0,0,"{3001, 3006}",2,0,0,676.0,2,-0.6263817243920414,-0.036699999999999997,-0.04659958737966951,0,0,HOF,2,0,0,0,1,0,2,1.9653679653679654,0.03463203463203463,0.03463203463203463,50,23,230,205.37229437229436,111,0.3173913043478261,0.5404818616808247,0.0,,0.0,0.0,0.0,0.0,0.0,,0.0,0.0,0.0,0.0,0.5,0.0,0.0,0.0,338.0,John Johnson,BN,,Right,DH,-100.0
3343,3,S3,TOL,TOL,0,0,0,0,0,0,0,1,1,0,1,0,0,0,0,1,0,0,0,0,0,0,0,0,0.0,1.0,0,2,2,0,0,{3002},1,0,0,413.0,1,-0.8714285714285713,-0.1163,-0.0711042720833225,0,0,TOL,1,0,0,0,0,0,2,2.0,0.03463203463203463,0.0,50,23,230,205.37229437229436,111,0.3173913043478261,0.5404818616808247,0.0,0.0,0.0,0.0,0.0,0.0,0.0,,0.0,0.5,0.0,1.0,0.0,inf,0.0,0.0,413.0,Tanner Barrios,BN,,Right,DH,-100.0
3344,3,S3,TCU,TCU,0,0,0,0,0,0,0,2,0,0,0,0,0,0,0,0,0,0,0,0,0,0,0,0,0.0,1.0,0,2,2,0,0,"{3002, 3007}",2,0,0,747.0,2,-1.0125,-0.057300000000000004,-0.08521141494046536,0,0,TCU,2,0,0,0,0,0,2,2.0,0.03463203463203463,0.0,50,23,230,205.37229437229436,111,0.3173913043478261,0.5404818616808247,0.0,0.0,0.0,0.0,0.0,0.0,,,0.0,1.0,0.0,,,,0.0,0.0,373.5,Dread Scott,BN,,Right,DH,-100.0
3345,3,S3,TOL,TOL,0,0,0,0,0,0,1,1,0,0,0,0,0,0,0,0,0,0,0,0,0,0,0,0,0.0,0.0,0,2,2,0,0,"{3008, 3002}",2,0,0,558.0,2,-0.6263817243920414,-0.08839999999999999,-0.04659958737966951,0,0,TOL,2,0,0,0,1,0,2,1.9653679653679654,0.03463203463203463,0.03463203463203463,50,23,230,205.37229437229436,111,0.3173913043478261,0.5404818616808247,0.0,,0.0,0.0,0.0,0.0,0.0,,0.0,0.5,0.0,0.0,1.0,0.0,0.0,0.0,279.0,Hookie McCrash,BN,,Right,DH,-100.0
3346,3,S3,RIC,RIC,0,0,0,1,0,0,0,1,1,0,0,0,0,0,0,0,0,0,0,0,0,0,0,0,0.0,0.0,1,2,2,1,1,{3003},1,1,0,80.0,1,0.21398305084745756,0.017,0.037436890144280394,0,0,RIC,1,1,1,0,0,0,2,2.0,0.03463203463203463,0.0,50,23,230,205.37229437229436,111,0.3173913043478261,0.5404818616808247,0.5,,0.5,0.5,1.0,0.0,1.0,,0.0,0.5,0.0,,,,0.5,0.5,80.0,Rooty Duffer,BN,,Right,DH,150.04428908538497
3347,3,S3,RIC,RIC,0,0,0,0,0,0,0,2,2,0,1,0,0,0,0,1,0,0,0,0,0,0,0,0,0.0,1.0,0,3,3,0,0,"{3010, 3003}",2,0,0,417.0,1,-1.676190476190476,-0.1569,-0.14356117002974567,0,0,RIC,2,0,0,0,0,0,3,3.0,0.03463203463203463,0.0,50,23,230,205.37229437229436,111,0.3173913043478261,0.5404818616808247,0.0,0.0,0.0,0.0,0.0,0.0,0.0,,0.0,0.6666666666666666,0.0,1.0,0.0,inf,0.0,0.0,417.0,Trolley Sato,BN,,Right,DH,-100.0
3348,3,S3,NEB,NEB,1,0,0,0,0,0,1,2,0,0,0,0,0,0,0,0,0,0,0,0,1,0,0,0,0.0,1.0,1,4,4,4,4,"{3003, 3006}",2,1,1,891.0,4,-0.48750000000000004,0.36430000000000007,-0.01667282988093073,0,0,NEB,2,1,4,0,1,0,4,3.965367965367965,0.03463203463203463,0.03463203463203463,50,23,230,205.37229437229436,111,0.3173913043478261,0.5404818616808247,0.25,0.0,0.25,1.0,1.25,0.75,0.0,,0.25,0.5,0.0,0.0,1.0,0.0,0.25,1.0087336244541485,222.75,Moody Maurey,BN,,Right,DH,165.40310424679626
3349,3,S3,RIC,RIC,0,0,0,0,0,0,0,1,0,0,1,0,0,0,0,1,0,0,0,0,0,0,0,0,0.0,0.0,0,2,2,0,0,"{3010, 3003}",2,0,0,819.0,2,-0.489588377723971,-0.09809999999999999,-0.03292025271286247,0,0,RIC,2,0,0,0,0,0,2,2.0,0.03463203463203463,0.0,50,23,230,205.37229437229436,111,0.3173913043478261,0.5404818616808247,0.0,,0.0,0.0,0.0,0.0,0.0,,0.0,0.5,0.0,1.0,0.0,inf,0.0,0.0,409.5,Vorinclex Pabst,BN,,Right,DH,-100.0
3350,3,S3,IND,IND,0,0,0,0,1,0,0,1,1,0,0,0,0,0,0,0,0,0,0,0,0,0,0,0,0.0,0.0,0,2,1,0,1,{3004},1,0,0,98.0,1,0.4959188686528406,-0.028599999999999993,0.06563047192481869,0,0,IND,1,0,0,1,0,0,2,1.0,0.03463203463203463,0.0,50,23,230,205.37229437229436,111,0.3173913043478261,0.5404818616808247,0.0,,0.5,0.0,0.5,0.0,,,0.0,0.5,0.5,,,,0.5,0.0,98.0,Frank West,BN,,Right,DH,57.53424657534247
3351,3,S3,UOM,UOM,0,0,0,0,1,0,0,1,0,0,0,0,0,0,0,0,0,0,0,0,0,0,0,0,0.0,0.0,0,2,1,0,0,"{3009, 3004}",2,0,0,350.0,1,0.3557453416149069,0.012900000000000002,0.05161311922102532,0,0,UOM,2,0,0,1,0,0,2,1.0,0.03463203463203463,0.0,50,23,230,205.37229437229436,111,0.3173913043478261,0.5404818616808247,0.0,,0.5,0.0,0.5,0.0,,,0.0,0.5,0.5,,,,0.5,0.0,350.0,Dingo Herrera,BN,,Right,DH,57.53424657534247
3352,3,S3,VT,VT,0,0,0,0,0,0,0,2,2,0,0,0,0,0,0,0,0,0,0,0,0,0,0,0,0.0,0.0,0,2,2,0,0,"{3009, 3005}",2,0,0,0,0,-0.3478260869565217,-0.0403,-0.018744023636117536,0,0,VT,2,0,0,0,0,0,2,2.0,0.03463203463203463,0.0,50,23,230,205.37229437229436,111,0.3173913043478261,0.5404818616808247,0.0,,0.0,0.0,0.0,0.0,,,0.0,1.0,0.0,,,,0.0,0.0,,Melvin Dinger,BN,,Right,DH,-100.0
3353,3,S3,VT,VT,0,0,0,0,0,0,0,1,0,0,1,0,0,0,0,1,0,0,0,0,0,0,0,0,0.0,0.0,0,2,2,0,0,"{3009, 3005}",2,0,0,739.0,2,-0.48461943362459214,-0.0849,-0.03242335830292458,0,0,VT,2,0,0,0,0,0,2,2.0,0.03463203463203463,0.0,50,23,230,205.37229437229436,111,0.3173913043478261,0.5404818616808247,0.0,,0.0,0.0,0.0,0.0,0.0,,0.0,0.5,0.0,1.0,0.0,inf,0.0,0.0,369.5,Squiggly McCool,BN,,Right,DH,-100.0
3354,3,S3,HOF,HOF,0,0,0,2,0,0,0,0,0,0,0,0,0,0,0,0,0,0,0,0,0,0,0,0,1.0,1.0,2,2,2,2,2,{3006},1,1,1,140.0,2,0.506340579710145,0.1163,0.06667264303054914,0,0,HOF,2,2,2,0,0,0,2,2.0,0.03463203463203463,0.0,50,23,230,205.37229437229436,111,0.3173913043478261,0.5404818616808247,1.0,1.0,1.0,1.0,2.0,0.0,1.0,,0.0,0.0,0.0,,,,1.0,1.0,70.0,Grant Carmichael,BN,,Right,DH,400.08857817076995
3355,3,S3,NEB,NEB,0,0,0,0,0,0,0,0,0,1,0,0,0,0,0,0,0,0,0,0,0,0,0,0,0.0,0.0,0,1,1,0,0,{3006},1,0,0,388.0,1,-0.3131908621960207,-0.0131,-0.023299793689834754,0,0,NEB,2,0,0,0,0,0,1,1.0,0.03463203463203463,0.0,50,23,230,205.37229437229436,111,0.3173913043478261,0.5404818616808247,0.0,,0.0,0.0,0.0,0.0,0.0,,0.0,0.0,0.0,0.0,0.0,,0.0,0.0,388.0,Septimus Meritus,BN,,Right,DH,-100.0
3356,3,S3,WSU,WSU,0,0,0,0,0,0,1,0,0,0,1,0,0,0,0,1,0,0,0,0,0,0,0,0,0.0,1.0,0,2,2,0,0,{3007},1,0,0,667.0,2,-0.8763975155279502,-0.1719,-0.07160116649326038,0,0,WSU,2,0,0,0,1,0,2,1.9653679653679654,0.03463203463203463,0.03463203463203463,50,23,230,205.37229437229436,111,0.3173913043478261,0.5404818616808247,0.0,0.0,0.0,0.0,0.0,0.0,0.0,,0.0,0.0,0.0,0.5,0.5,1.0,0.0,0.0,333.5,Fergus Fluoride,BN,,Right,DH,-100.0
3357,3,S3,WSU,WSU,0,0,0,0,0,0,1,0,0,0,0,0,0,0,0,0,0,0,0,0,0,0,0,0,0.0,0.0,0,1,1,0,0,{3007},1,0,0,161.0,1,-0.17639751552795027,-0.0371,-0.009620459023027711,0,0,WSU,2,0,0,0,1,0,1,0.9653679653679653,0.03463203463203463,0.03463203463203463,50,23,230,205.37229437229436,111,0.3173913043478261,0.5404818616808247,0.0,,0.0,0.0,0.0,0.0,0.0,,0.0,0.0,0.0,0.0,1.0,0.0,0.0,0.0,161.0,Carola Wynne,BN,,Right,DH,-100.0
3358,3,S3,RIC,RIC,0,0,0,0,0,0,0,1,1,0,0,0,0,0,0,0,0,0,0,0,0,0,0,0,0.0,0.0,0,1,1,0,0,{3010},1,0,0,0,0,-0.1714285714285714,-0.0513,-0.009123564613089824,0,0,RIC,2,0,0,0,0,0,1,1.0,0.03463203463203463,0.0,50,23,230,205.37229437229436,111,0.3173913043478261,0.5404818616808247,0.0,,0.0,0.0,0.0,0.0,,,0.0,1.0,0.0,,,,0.0,0.0,,Shelinkel Johnson,BN,,Right,DH,-100.0
3372,13,S13,PSU,PSU,0,0,0,0,0,0,0,0,0,0,0,1,0,0,0,1,0,0,0,0,0,0,0,0,0.0,0.0,0,1,1,0,0,{13002},1,0,0,453.0,1,0.0,-0.025099999999999997,0.05590909090909091,0,0,PSU,1,0,0,0,0,0,1,1.0,0.09090909090909091,0.0,1,3,10,7.0,1,0.4,0.14285714285714285,0.0,,0.0,0.0,0.0,0.0,0.0,,0.0,0.0,0.0,1.0,0.0,inf,0.0,0.0,453.0,Cola Spritz,MH,,Left,LF,-100.0
3381,13,S13,CAL,CAL,0,0,0,0,0,0,0,1,0,0,0,0,0,0,0,0,0,0,0,0,0,0,0,0,0.0,0.0,0,1,1,0,0,{13003},1,0,0,346.0,1,0.0,-0.025099999999999997,0.05590909090909091,0,0,CAL,1,0,0,0,0,0,1,1.0,0.09090909090909091,0.0,1,3,10,7.0,1,0.4,0.14285714285714285,0.0,,0.0,0.0,0.0,0.0,,,0.0,1.0,0.0,,,,0.0,0.0,346.0,Socks Maybe,BC,TD-B,Left,CF,-100.0
3387,13,S13,CAL,CAL,0,0,0,0,0,0,0,1,0,0,0,0,0,0,0,0,0,0,0,0,0,0,0,0,0.0,1.0,0,1,1,0,0,{13003},1,0,0,357.0,1,0.0,-0.0724,0.05590909090909091,0,0,CAL,1,0,0,0,0,0,1,1.0,0.09090909090909091,0.0,1,3,10,7.0,1,0.4,0.14285714285714285,0.0,0.0,0.0,0.0,0.0,0.0,,,0.0,1.0,0.0,,,,0.0,0.0,357.0,Jahnder Franco,XB,,Left,2B,-100.0
3388,13,S13,CAL,CAL,0,0,0,1,0,0,0,0,0,0,0,0,0,0,0,0,0,0,0,0,0,0,0,0,1.0,1.0,1,1,1,1,1,{13003},1,0,0,68.0,1,0.0,0.052199999999999996,0.05590909090909091,0,0,CAL,1,1,1,0,0,0,1,1.0,0.09090909090909091,0.0,1,3,10,7.0,1,0.4,0.14285714285714285,1.0,1.0,1.0,1.0,2.0,0.0,1.0,,0.0,0.0,0.0,,,,1.0,1.0,68.0,Benny Schwa,BC,,Right,1B,850.0
3392,13,S13,SLG,SLG,0,0,0,0,0,0,0,0,0,0,1,0,0,0,0,1,1,0,0,0,0,0,0,0,0.0,0.0,0,1,1,0,0,{13001},1,0,0,462.0,1,0.0,-0.0637,0.05590909090909091,0,0,SLG,1,0,0,0,0,0,1,1.0,0.09090909090909091,0.0,1,3,10,7.0,1,0.4,0.14285714285714285,0.0,,0.0,0.0,0.0,0.0,0.0,,0.0,0.0,0.0,1.0,0.0,inf,0.0,0.0,462.0,Lefty Cobb,BP,,Left,1B,-100.0
3393,13,S13,DPU,DPU,0,0,0,0,1,0,0,0,0,0,0,0,0,0,0,0,0,0,0,0,0,0,0,0,0.0,0.0,0,1,0,0,1,{13001},1,0,0,174.0,1,0.0,0.0276,0.05590909090909091,0,0,DPU,1,0,0,1,0,0,1,0.0,0.09090909090909091,0.0,1,3,10,7.0,1,0.4,0.14285714285714285,,,1.0,,,,,,0.0,0.0,1.0,,,,1.0,,174.0,Bloop McNutt,BC,TD-B,Right,1B,
3396,13,S13,SLG,SLG,0,0,0,0,1,0,0,0,0,0,0,0,0,0,0,0,0,0,0,0,0,0,0,0,0.0,0.0,0,1,0,0,1,{13001},1,0,0,163.0,1,0.0,0.024300000000000002,0.05590909090909091,0,0,SLG,1,0,0,1,0,0,1,0.0,0.09090909090909091,0.0,1,3,10,7.0,1,0.4,0.14285714285714285,,,1.0,,,,,,0.0,0.0,1.0,,,,1.0,,163.0,Googly Moogly,BC,,Left,SS,
3401,13,S13,CAL,CAL,0,0,0,0,0,0,0,1,0,0,0,0,0,0,0,0,0,0,0,0,0,0,0,0,0.0,1.0,0,1,1,0,0,{13003},1,0,0,403.0,1,0.0,-0.06570000000000001,0.05590909090909091,0,0,CAL,1,0,0,0,0,0,1,1.0,0.09090909090909091,0.0,1,3,10,7.0,1,0.4,0.14285714285714285,0.0,0.0,0.0,0.0,0.0,0.0,,,0.0,1.0,0.0,,,,0.0,0.0,403.0,Heliotrope Selenifuge Jr.,SM,,Right,C,-100.0
3435,13,S13,CAL,CAL,0,0,0,0,1,0,0,0,0,0,0,0,0,0,0,0,0,0,1,0,0,0,0,0,0.0,0.0,0,1,0,0,2,{13003},1,0,0,389.0,2,0.0,0.0465,0.11181818181818182,0,0,CAL,1,0,0,1,0,0,1,0.0,0.09090909090909091,0.0,1,3,10,7.0,1,0.4,0.14285714285714285,,,1.0,,,,,1.0,0.0,0.0,1.0,,,,1.0,,194.5,Chooch Suzuka,WC,1B-S,Right,2B,
