G,PA,AB,H,R,1B,2B,3B,HR,TB,RBI,BB,IBB,K,Auto K,SB,CS,SH,SF,GIDP,RGO,LGO,FO,PO,LO,AVG,OBP,SLG,OPS,ISO,BABIP,SB%,HR%,SO%,BB%,GB%,FB%,GB/FB,Avg Diff,nOBP,nSLG,RE24,WPA,GB_outs,FB_outs,Type,nPA,nAB,nH,nTB,nBB,nSF,nSH,Season,Hitter ID,is_sub_row,Team,Last Team,WAR
5,13,13,0,0.0,0,0,0,0,0,0.0,0,0,4,0,0,0,0,0,0,2,1,4,2,0,0.0,0.0,0.0,0.0,0.0,0.0,,0.0,0.3076923076923077,0.0,0.3333333333333333,0.6666666666666666,0.5,320.61538461538464,0.0,0.0,-2.891406103300142,-0.3903,3,6,WC,13,13,0,0,0,0,0,S6,1.0,False,2TM,LEM,-0.24468614224490787
4,11,11,0,0.0,0,0,0,0,0,0.0,0,0,2,0,0,0,0,0,0,2,1,4,2,0,0.0,0.0,0.0,0.0,0.0,0.0,,0.0,0.18181818181818182,0.0,0.3333333333333333,0.6666666666666666,0.5,325.45454545454544,0.0,0.0,-2.4870862487279073,-0.3475,3,6,WC,11,11,0,0,0,0,0,S6,1.0,True,SAR,SAR,-0.21109330572385457
1,2,2,0,0.0,0,0,0,0,0,0.0,0,0,2,0,0,0,0,0,0,0,0,0,0,0,0.0,0.0,0.0,0.0,0.0,,,0.0,1.0,0.0,,,,294.0,0.0,0.0,-0.4043198545722348,-0.042800000000000005,0,0,WC,2,2,0,0,0,0,0,S6,1.0,True,LEM,LEM,-0.033592836521053264
5,12,11,1,1.0,0,1,0,0,2,1.0,1,0,3,0,0,0,0,0,1,1,0,5,1,0,0.09090909090909091,0.16666666666666666,0.18181818181818182,0.3484848484848485,0.09090909090909091,0.125,,0.0,0.25,0.08333333333333333,0.25,0.75,0.3333333333333333,257.4166666666667,0.16666666666666666,0.18181818181818182,-1.866554628828871,-0.08549999999999996,2,6,BP,12,11,1,2,1,0,0,S6,2.0,False,SAS,SAS,-0.1456205692658658
12,31,25,6,5.0,1,1,0,4,19,7.0,6,0,13,0,0,0,0,0,0,0,2,4,0,0,0.24,0.3870967741935484,0.76,1.1470967741935483,0.52,0.25,,0.12903225806451613,0.41935483870967744,0.1935483870967742,0.3333333333333333,0.6666666666666666,0.5,213.67741935483872,0.3548387096774194,0.7307692307692307,1.4295008544264869,0.13240000000000007,2,4,TT,31,26,6,19,5,0,0,S6,4.0,False,SAR,SAR,0.248956893953287
1,3,2,0,0.0,0,0,0,0,0,0.0,1,0,2,0,0,0,0,0,0,0,0,0,0,0,0.0,0.3333333333333333,0.0,0.3333333333333333,0.0,,,0.0,0.6666666666666666,0.3333333333333333,,,,230.33333333333334,0.3333333333333333,0.0,0.36053353365989826,0.072,0,0,TT,3,2,0,0,1,0,0,S6,5.0,False,TTT,TTT,0.046312076770245146
5,12,11,3,1.0,2,0,1,0,5,2.0,1,0,4,2,0,0,0,0,0,0,1,2,1,0,0.2727272727272727,0.3333333333333333,0.45454545454545453,0.7878787878787878,0.18181818181818182,0.42857142857142855,,0.0,0.3333333333333333,0.08333333333333333,0.25,0.75,0.3333333333333333,237.0,0.25,0.3333333333333333,0.9244603863185272,0.19669999999999993,1,3,BP,12,12,3,4,0,0,0,S6,6.0,False,TAK,TAK,0.133480932248874
8,21,17,4,1.0,3,1,0,0,5,2.0,4,0,3,2,0,0,0,0,1,1,3,5,1,0,0.23529411764705882,0.38095238095238093,0.29411764705882354,0.6750700280112045,0.05882352941176472,0.2857142857142857,,0.0,0.14285714285714285,0.19047619047619047,0.45454545454545453,0.5454545454545454,0.8333333333333334,242.57894736842104,0.3333333333333333,0.35294117647058826,-0.6253591130329523,-0.2715,5,6,1B,21,17,3,6,4,0,0,S6,10.0,False,PUK,PUK,0.009275152526492003
3,7,6,1,0.0,1,0,0,0,1,1.0,1,0,2,0,0,0,0,0,0,2,0,1,0,0,0.16666666666666666,0.2857142857142857,0.16666666666666666,0.45238095238095233,0.0,0.25,,0.0,0.2857142857142857,0.14285714285714285,0.6666666666666666,0.3333333333333333,2.0,274.57142857142856,0.2857142857142857,0.16666666666666666,-0.4577234230460343,-0.11259999999999999,2,1,WC,7,6,1,1,1,0,0,S6,13.0,False,PBA,PBA,-0.021835321028007688
7,19,17,5,3.0,2,0,1,2,13,5.0,2,0,5,2,0,0,0,0,3,4,1,2,0,0,0.29411764705882354,0.3684210526315789,0.7647058823529411,1.13312693498452,0.4705882352941176,0.3,,0.10526315789473684,0.2631578947368421,0.10526315789473684,0.8,0.2,4.0,226.1764705882353,0.3684210526315789,0.7058823529411765,0.39027383093070017,-0.33010000000000006,8,2,BP,19,17,5,12,2,0,0,S6,16.0,False,FRG,FRG,0.10399929798668703
9,25,20,6,2.0,4,1,0,1,10,4.0,5,0,4,0,0,0,0,0,1,5,2,3,0,0,0.3,0.44,0.5,0.94,0.2,0.3333333333333333,,0.04,0.16,0.2,0.7272727272727273,0.2727272727272727,2.6666666666666665,239.4,0.44,0.5,1.800208449022291,0.034500000000000045,8,3,BP,25,20,6,10,5,0,0,S6,17.0,False,CWJ,CWJ,0.26551020660435676
7,17,15,4,1.0,2,2,0,0,6,6.0,2,1,0,0,0,0,0,0,1,2,4,4,1,0,0.26666666666666666,0.35294117647058826,0.4,0.7529411764705882,0.13333333333333336,0.26666666666666666,,0.0,0.0,0.11764705882352941,0.5833333333333334,0.4166666666666667,1.4,280.8666666666667,0.35294117647058826,0.4666666666666667,2.37716156864986,0.14390000000000003,7,5,1B,17,15,4,7,2,0,0,S6,18.0,False,PUK,PUK,0.29584892282243286
5,13,12,2,3.0,0,0,0,2,8,3.0,1,0,1,0,0,0,0,0,0,3,1,2,3,0,0.16666666666666666,0.23076923076923078,0.6666666666666666,0.8974358974358974,0.5,0.0,,0.15384615384615385,0.07692307692307693,0.07692307692307693,0.4444444444444444,0.5555555555555556,0.8,299.6923076923077,0.23076923076923078,0.6666666666666666,0.0036679164325587044,0.08109999999999995,4,5,TT,13,12,2,8,1,0,0,S6,20.0,False,LID,LID,0.04482125972836225
6,17,16,0,0.0,0,0,0,0,0,0.0,1,0,6,0,0,0,0,0,1,3,4,1,2,0,0.0,0.058823529411764705,0.0,0.058823529411764705,0.0,0.0,,0.0,0.35294117647058826,0.058823529411764705,0.7272727272727273,0.2727272727272727,2.6666666666666665,348.0,0.058823529411764705,0.0,-3.7753149151502665,-0.4145,8,3,XB,17,16,0,0,1,0,0,S6,22.0,False,MPD,MPD,-0.31939872555757987
2,5,5,0,0.0,0,0,0,0,0,0.0,0,0,1,0,0,0,0,0,1,2,1,1,0,0,0.0,0.0,0.0,0.0,0.0,0.0,,0.0,0.2,0.0,0.8,0.2,4.0,363.2,0.0,0.0,-1.423755682969058,-0.23789999999999997,4,1,BC,5,5,0,0,0,0,0,S6,24.0,False,PUK,PUK,-0.12527769595648028
8,19,17,6,3.0,4,0,0,2,12,3.0,2,0,4,0,1,0,0,0,0,2,2,3,0,0,0.35294117647058826,0.42105263157894735,0.7058823529411765,1.126934984520124,0.35294117647058826,0.36363636363636365,1.0,0.10526315789473684,0.21052631578947367,0.10526315789473684,0.5714285714285714,0.42857142857142855,1.3333333333333333,239.45,0.3157894736842105,0.6111111111111112,1.5691769792032702,0.5295,4,3,BC,19,18,5,11,1,0,0,S6,28.0,False,MPD,MPD,0.22188961281394404
8,19,17,6,1.0,5,0,1,0,8,4.0,1,0,2,0,0,0,0,1,0,1,1,4,4,0,0.35294117647058826,0.3684210526315789,0.47058823529411764,0.8390092879256965,0.11764705882352938,0.375,,0.0,0.10526315789473684,0.05263157894736842,0.18181818181818182,0.8181818181818182,0.2222222222222222,227.68421052631578,0.3157894736842105,0.4117647058823529,1.3016391907180873,0.2887000000000001,2,9,SF,19,17,5,7,1,1,0,S6,29.0,False,PUK,PUK,0.19513583396542575
14,55,51,13,8.0,6,4,1,2,25,6.0,4,0,17,0,2,3,0,0,2,4,7,5,5,0,0.2549019607843137,0.3090909090909091,0.49019607843137253,0.7992869875222817,0.23529411764705882,0.34375,0.4,0.03636363636363636,0.3090909090909091,0.07272727272727272,0.5652173913043478,0.43478260869565216,1.3,273.9166666666667,0.2909090909090909,0.4807692307692308,-3.2856350077706646,-0.27329999999999993,13,10,TT,55,52,13,25,3,0,0,S6,32.0,False,3TM,TTT,-0.14048690503238562
5,12,12,5,1.0,1,4,0,0,9,2.0,0,0,3,0,0,0,0,0,0,0,2,1,1,0,0.4166666666666667,0.4166666666666667,0.75,1.1666666666666667,0.3333333333333333,0.5555555555555556,,0.0,0.25,0.0,0.5,0.5,1.0,226.5,0.4166666666666667,0.8333333333333334,0.3195553882535957,0.0030000000000000027,2,2,TT,12,12,5,10,0,0,0,S6,32.0,True,LMN,LMN,0.07299043244238083
14,36,33,6,6.0,3,0,1,2,14,4.0,3,0,13,0,2,2,0,0,2,4,4,2,4,0,0.18181818181818182,0.25,0.42424242424242425,0.6742424242424243,0.24242424242424243,0.2222222222222222,0.5,0.05555555555555555,0.3611111111111111,0.08333333333333333,0.625,0.375,1.6666666666666667,291.125,0.2222222222222222,0.38235294117647056,-2.8409699857946724,-0.13239999999999996,10,6,TT,36,34,6,13,2,0,0,S6,32.0,True,TTT,TTT,-0.16099231772840342
4,7,6,2,1.0,2,0,0,0,2,0.0,1,0,1,0,0,1,0,0,0,0,1,2,0,0,0.3333333333333333,0.42857142857142855,0.3333333333333333,0.7619047619047619,0.0,0.4,0.0,0.0,0.14285714285714285,0.14285714285714285,0.3333333333333333,0.6666666666666666,0.5,259.0,0.42857142857142855,0.3333333333333333,-0.7642204102295884,-0.1439,1,2,TT,7,6,2,2,1,0,0,S6,32.0,True,LEM,LEM,-0.052485019746363104
9,28,23,9,6.0,5,1,1,2,18,2.0,5,0,3,0,0,0,0,0,2,6,1,3,1,0,0.391304347826087,0.5,0.782608695652174,1.2826086956521738,0.391304347826087,0.3888888888888889,,0.07142857142857142,0.10714285714285714,0.17857142857142858,0.6923076923076923,0.3076923076923077,2.25,220.14285714285714,0.35714285714285715,0.6153846153846154,1.970795149740381,0.3259,9,4,BC,28,26,8,16,2,0,0,S6,33.0,False,2TM,PBA,0.2928276000804211
8,25,20,9,6.0,5,1,1,2,18,2.0,5,0,2,0,0,0,0,0,2,5,1,2,1,0,0.45,0.56,0.9,1.46,0.45,0.4375,,0.08,0.08,0.2,0.7272727272727273,0.2727272727272727,2.6666666666666665,211.04,0.4,0.6956521739130435,2.5615890686593,0.4062,8,3,BC,25,23,8,16,2,0,0,S6,33.0,True,FRG,FRG,0.34164826856805763
1,3,3,0,0.0,0,0,0,0,0,0.0,0,0,1,0,0,0,0,0,0,1,0,1,0,0,0.0,0.0,0.0,0.0,0.0,0.0,,0.0,0.3333333333333333,0.0,0.5,0.5,1.0,296.0,0.0,0.0,-0.590793918918919,-0.0803,1,1,BC,3,3,0,0,0,0,0,S6,33.0,True,PBA,PBA,-0.048820668487636575
6,14,14,1,1.0,1,0,0,0,1,1.0,0,0,1,0,1,0,0,0,1,3,2,6,1,0,0.07142857142857142,0.07142857142857142,0.07142857142857142,0.14285714285714285,0.0,0.07692307692307693,1.0,0.0,0.07142857142857142,0.0,0.46153846153846156,0.5384615384615384,0.8571428571428571,288.1333333333333,0.07142857142857142,0.07142857142857142,-3.8456507870569663,-0.5311,6,7,S,14,14,1,1,0,0,0,S6,34.0,False,3TM,PUK,-0.3366910361525052
4,10,10,1,1.0,1,0,0,0,1,1.0,0,0,0,0,1,0,0,0,0,2,2,4,1,0,0.1,0.1,0.1,0.2,0.0,0.1,1.0,0.0,0.0,0.0,0.4444444444444444,0.5555555555555556,0.8,284.27272727272725,0.1,0.1,-2.4131510501650855,-0.3526,4,5,S,10,10,1,1,0,0,0,S6,34.0,True,LMN,LMN,-0.2071193603356575
2,3,3,0,0.0,0,0,0,0,0,0.0,0,0,0,0,0,0,0,0,1,1,0,2,0,0,0.0,0.0,0.0,0.0,0.0,0.0,,0.0,0.0,0.0,0.5,0.5,1.0,292.0,0.0,0.0,-1.0345233456608527,-0.1499,2,2,S,3,3,0,0,0,0,0,S6,34.0,True,LEM,LEM,-0.09319361116182995
1,1,1,0,0.0,0,0,0,0,0,0.0,0,0,1,0,0,0,0,0,0,0,0,0,0,0,0.0,0.0,0.0,0.0,0.0,,,0.0,1.0,0.0,,,,319.0,0.0,0.0,-0.3979763912310287,-0.0286,0,0,S,1,1,0,0,0,0,0,S6,34.0,True,PUK,PUK,-0.036378064655017764
11,27,24,7,5.0,2,1,0,4,20,9.0,3,0,5,0,0,0,0,0,1,1,1,8,2,0,0.2916666666666667,0.37037037037037035,0.8333333333333334,1.2037037037037037,0.5416666666666667,0.2,,0.14814814814814814,0.18518518518518517,0.1111111111111111,0.23076923076923078,0.7692307692307693,0.3,201.07692307692307,0.37037037037037035,0.7916666666666666,4.864515666090436,0.15119999999999997,3,10,BP,27,24,7,19,3,0,0,S6,35.0,False,FRG,FRG,0.5787800772473415
3,4,4,1,0.0,0,1,0,0,2,0.0,0,0,1,0,0,0,0,0,0,0,1,0,1,0,0.25,0.25,0.5,0.75,0.25,0.3333333333333333,,0.0,0.25,0.0,0.5,0.5,1.0,312.25,0.25,0.5,-0.37994473335061035,-0.045099999999999994,1,1,SM,4,4,1,2,0,0,0,S6,37.0,False,CBC,CBC,-0.02431617546272061
10,29,25,8,7.0,2,2,2,2,20,8.0,2,0,6,1,0,0,0,2,1,5,3,4,1,0,0.32,0.3448275862068966,0.8,1.1448275862068966,0.48000000000000004,0.3157894736842105,,0.06896551724137931,0.20689655172413793,0.06896551724137931,0.5625,0.4375,1.2857142857142858,248.71428571428572,0.3448275862068966,0.7307692307692307,3.0003443114102137,0.2792,9,7,BP,29,26,7,19,3,0,0,S6,39.0,False,CBC,CBC,0.39920209071548945
6,14,14,2,1.0,2,0,0,0,2,0.0,0,0,3,0,0,0,0,0,2,1,4,3,1,0,0.14285714285714285,0.14285714285714285,0.14285714285714285,0.2857142857142857,0.0,0.18181818181818182,,0.0,0.21428571428571427,0.0,0.6363636363636364,0.36363636363636365,1.75,317.0,0.14285714285714285,0.14285714285714285,-3.6400049038928266,-0.3762000000000001,7,4,BC,14,14,2,2,0,0,0,S6,41.0,False,CWJ,CWJ,-0.3161264478360912
6,14,13,1,1.0,0,1,0,0,2,0.0,1,0,2,0,0,0,0,0,1,3,3,4,0,0,0.07692307692307693,0.14285714285714285,0.15384615384615385,0.2967032967032967,0.07692307692307693,0.09090909090909091,,0.0,0.14285714285714285,0.07142857142857142,0.6363636363636364,0.36363636363636365,1.75,305.85714285714283,0.14285714285714285,0.15384615384615385,-2.784866300990728,-0.2456,7,4,1B,14,13,1,2,1,0,0,S6,42.0,False,SUP,SUP,-0.23061258754588132
7,20,18,5,1.0,4,1,0,0,6,1.0,1,0,3,0,0,0,0,1,1,3,1,3,4,0,0.2777777777777778,0.3,0.3333333333333333,0.6333333333333333,0.055555555555555525,0.3125,,0.0,0.15,0.05,0.38461538461538464,0.6153846153846154,0.625,265.4,0.3,0.3888888888888889,-2.878474242492546,-0.4125,5,8,BC,20,18,5,7,1,1,0,S6,45.0,False,CWJ,CWJ,-0.21945593488755244
12,28,28,7,2.0,4,3,0,0,10,1.0,0,0,5,0,0,0,0,0,1,5,5,4,2,0,0.25,0.25,0.35714285714285715,0.6071428571428572,0.10714285714285715,0.30434782608695654,,0.0,0.17857142857142858,0.0,0.6470588235294118,0.35294117647058826,1.8333333333333333,278.64285714285717,0.25,0.35714285714285715,-1.6172632523887889,-0.26070000000000004,11,6,SF,28,28,7,10,0,0,0,S6,46.0,False,2TM,CWJ,-0.06597824013249591
12,26,26,7,2.0,4,3,0,0,10,1.0,0,0,5,0,0,0,0,0,1,4,4,4,2,0,0.2692307692307692,0.2692307692307692,0.38461538461538464,0.6538461538461539,0.11538461538461542,0.3333333333333333,,0.0,0.19230769230769232,0.0,0.6,0.4,1.5,266.11538461538464,0.2692307692307692,0.38461538461538464,-1.2401038467561931,-0.1855,9,6,SF,26,26,7,10,0,0,0,S6,46.0,True,CWJ,CWJ,-0.03510144850540655
1,2,2,0,0.0,0,0,0,0,0,0.0,0,0,0,0,0,0,0,0,0,1,1,0,0,0,0.0,0.0,0.0,0.0,0.0,0.0,,0.0,0.0,0.0,1.0,0.0,,441.5,0.0,0.0,-0.37715940563259553,-0.0752,2,0,SF,2,2,0,0,0,0,0,S6,46.0,True,LIM,LIM,-0.03087679162708934
6,16,14,1,0.0,1,0,0,0,1,0.0,2,0,2,0,0,0,0,0,0,0,3,6,2,0,0.07142857142857142,0.1875,0.07142857142857142,0.2589285714285714,0.0,0.08333333333333333,,0.0,0.125,0.125,0.2727272727272727,0.7272727272727273,0.375,283.25,0.125,0.13333333333333333,-2.409846531790274,-0.479,3,8,WC,16,15,1,2,1,0,0,S6,48.0,False,MPD,MPD,-0.18627146168966568
3,8,8,1,1.0,0,0,0,1,4,3.0,0,0,2,0,0,0,0,0,0,3,0,1,1,0,0.125,0.125,0.5,0.625,0.375,0.0,,0.125,0.25,0.0,0.6,0.4,1.5,295.625,0.125,0.375,1.0722060476323176,0.06969999999999998,3,2,BP,8,8,1,3,0,0,0,S6,50.0,False,SUP,SUP,0.1345772005079126
3,7,7,3,3.0,1,0,0,2,9,3.0,0,0,0,0,0,0,0,0,0,0,0,2,2,0,0.42857142857142855,0.42857142857142855,1.2857142857142858,1.7142857142857144,0.8571428571428572,0.2,,0.2857142857142857,0.0,0.0,0.0,1.0,0.0,187.42857142857142,0.5714285714285714,1.5,1.9640826877769766,0.2813,0,4,BN,7,6,3,9,1,0,0,S6,55.0,False,CWJ,CWJ,0.2203452900542934
14,40,35,14,9.0,7,4,0,3,27,3.0,5,0,3,1,0,0,0,0,1,5,6,6,1,0,0.4,0.475,0.7714285714285715,1.2464285714285714,0.37142857142857144,0.3793103448275862,,0.075,0.075,0.125,0.631578947368421,0.3684210526315789,1.7142857142857142,222.8684210526316,0.475,0.8,3.794364135289343,0.1321,12,7,1B,40,35,14,28,5,0,0,S6,59.0,False,WWC,WWC,0.5162193922523386
13,41,34,13,7.0,4,4,0,5,32,10.0,6,1,3,0,1,3,0,1,3,4,2,11,2,0,0.38235294117647056,0.4634146341463415,0.9411764705882353,1.4045911047345767,0.5588235294117647,0.2962962962962963,0.25,0.12195121951219512,0.07317073170731707,0.14634146341463414,0.391304347826087,0.6086956521739131,0.6428571428571429,209.02272727272728,0.4146341463414634,0.8648648648648649,3.3455424988815685,0.08149999999999992,9,14,BN,41,37,13,32,4,0,0,S6,63.0,False,3TM,HEL,0.4747568030796462
12,32,27,10,4.0,4,3,0,3,22,5.0,4,0,3,0,1,3,0,1,1,3,1,10,1,0,0.37037037037037035,0.4375,0.8148148148148148,1.2523148148148149,0.4444444444444444,0.3181818181818182,0.25,0.09375,0.09375,0.125,0.29411764705882354,0.7058823529411765,0.4166666666666667,209.77777777777777,0.375,0.7333333333333333,0.8311016374714415,-0.11649999999999998,5,12,BN,32,30,10,22,2,0,0,S6,63.0,True,HEL,HEL,0.19253654672586756
3,6,4,3,3.0,0,1,0,2,10,5.0,2,1,0,0,0,0,0,0,1,1,0,0,0,0,0.75,0.8333333333333334,2.5,3.3333333333333335,1.75,0.5,,0.3333333333333333,0.0,0.3333333333333333,1.0,0.0,,121.2,0.8333333333333334,2.5,3.7665599253004753,0.3374,2,0,BN,6,4,3,10,2,0,0,S6,63.0,True,LMN,LMN,0.39717343933855814
2,3,3,0,0.0,0,0,0,0,0,0.0,0,0,0,0,0,0,0,0,1,0,1,1,1,0,0.0,0.0,0.0,0.0,0.0,0.0,,0.0,0.0,0.0,0.5,0.5,1.0,346.3333333333333,0.0,0.0,-1.2521190638903483,-0.1394,2,2,BN,3,3,0,0,0,0,0,S6,63.0,True,LEM,LEM,-0.11495318298477952
10,20,17,6,4.0,3,1,2,0,11,3.0,3,0,3,0,0,0,0,0,0,2,4,0,2,0,0.35294117647058826,0.45,0.6470588235294118,1.0970588235294119,0.29411764705882354,0.42857142857142855,,0.0,0.15,0.15,0.75,0.25,3.0,254.25,0.45,0.625,2.410361894156353,0.5236000000000001,6,2,EN,20,16,5,10,4,0,0,S6,65.0,False,TAK,TAK,0.30942767877733746
6,9,8,2,1.0,2,0,0,0,2,2.0,0,0,1,0,0,0,0,1,0,1,0,3,2,0,0.25,0.2222222222222222,0.25,0.4722222222222222,0.0,0.25,,0.0,0.1111111111111111,0.0,0.14285714285714285,0.8571428571428571,0.16666666666666666,241.66666666666666,0.2222222222222222,0.25,0.27699943877938804,0.02459999999999999,1,6,SF,9,8,2,2,0,1,0,S6,66.0,False,TAK,TAK,0.058476114090704766
3,7,7,1,0.0,0,0,1,0,3,0.0,0,0,0,0,0,0,0,0,1,1,0,5,0,0,0.14285714285714285,0.14285714285714285,0.42857142857142855,0.5714285714285714,0.2857142857142857,0.14285714285714285,,0.0,0.0,0.0,0.2857142857142857,0.7142857142857143,0.4,231.14285714285714,0.14285714285714285,0.2857142857142857,-1.665570078575028,-0.08349999999999999,2,5,WC,7,7,1,2,0,0,0,S6,68.0,False,HEL,HEL,-0.14261998658090708
8,22,22,8,2.0,6,1,0,1,12,2.0,0,0,2,0,1,0,0,0,2,2,3,3,4,0,0.36363636363636365,0.36363636363636365,0.5454545454545454,0.9090909090909091,0.18181818181818177,0.3684210526315789,1.0,0.045454545454545456,0.09090909090909091,0.0,0.5,0.5,1.0,254.47826086956522,0.36363636363636365,0.5238095238095238,-1.7272506598226642,-0.3238,7,7,BC,22,21,7,11,1,0,0,S6,71.0,False,3TM,LEM,-0.09749442768439408
4,9,9,5,1.0,3,1,0,1,9,2.0,0,0,0,0,1,0,0,0,0,2,0,0,2,0,0.5555555555555556,0.5555555555555556,1.0,1.5555555555555556,0.4444444444444444,0.5,1.0,0.1111111111111111,0.0,0.0,0.5,0.5,1.0,213.2,0.5555555555555556,1.0,1.0045530929303732,0.0035999999999999956,2,2,BC,9,8,4,8,1,0,0,S6,71.0,True,LMN,LMN,0.13123147950580327
4,9,9,2,1.0,2,0,0,0,2,0.0,0,0,2,0,0,0,0,0,2,0,3,1,1,0,0.2222222222222222,0.2222222222222222,0.2222222222222222,0.4444444444444444,0.0,0.2857142857142857,,0.0,0.2222222222222222,0.0,0.7142857142857143,0.2857142857142857,2.5,300.8888888888889,0.2222222222222222,0.2222222222222222,-2.5095408793161615,-0.3274999999999999,5,2,BC,9,9,2,2,0,0,0,S6,71.0,True,PBA,PBA,-0.22017791771885017
2,4,4,1,0.0,1,0,0,0,1,0.0,0,0,0,0,0,0,0,0,0,0,0,2,1,0,0.25,0.25,0.25,0.5,0.0,0.25,,0.0,0.0,0.0,0.0,1.0,0.0,253.25,0.25,0.25,-0.22226287343687534,9.999999999998899e-05,0,3,BC,4,4,1,1,0,0,0,S6,71.0,True,LEM,LEM,-0.00854798947134711
5,12,11,2,1.0,2,0,0,0,2,1.0,0,0,2,0,0,0,0,1,0,2,1,3,2,0,0.18181818181818182,0.16666666666666666,0.18181818181818182,0.3484848484848485,0.0,0.2,,0.0,0.16666666666666666,0.0,0.3333333333333333,0.6666666666666666,0.5,278.5,0.16666666666666666,0.09090909090909091,-2.2739364493130867,-0.1528,3,6,XB,12,11,1,1,1,0,0,S6,72.0,False,HEL,HEL,-0.1863587513142874
5,12,11,3,2.0,2,0,0,1,6,2.0,1,0,1,0,0,0,0,0,0,0,3,2,2,0,0.2727272727272727,0.3333333333333333,0.5454545454545454,0.8787878787878787,0.2727272727272727,0.2222222222222222,,0.08333333333333333,0.08333333333333333,0.08333333333333333,0.42857142857142855,0.5714285714285714,0.75,271.9166666666667,0.25,0.5454545454545454,0.4348820722712812,0.09209999999999999,3,4,BN,12,11,2,6,1,0,0,S6,73.0,False,2TM,SAS,0.0845231008441494
1,2,2,1,1.0,1,0,0,0,1,0.0,0,0,1,0,0,0,0,0,0,0,0,0,0,0,0.5,0.5,0.5,1.0,0.0,1.0,,0.0,0.5,0.0,,,,185.0,0.5,1.0,0.02502826253766033,0.010599999999999998,0,0,BN,2,2,1,2,0,0,0,S6,73.0,True,LMN,LMN,0.009341975189936246
4,10,9,2,1.0,1,0,0,1,5,2.0,1,0,0,0,0,0,0,0,0,0,3,2,2,0,0.2222222222222222,0.3,0.5555555555555556,0.8555555555555556,0.33333333333333337,0.125,,0.1,0.0,0.1,0.42857142857142855,0.5714285714285714,0.75,289.3,0.2,0.4444444444444444,0.40985380973362073,0.08149999999999999,3,4,BN,10,9,1,4,1,0,0,S6,73.0,True,SAS,SAS,0.07518112565421313
3,5,5,2,1.0,1,0,0,1,5,1.0,0,0,2,0,0,0,0,0,0,0,0,1,0,0,0.4,0.4,1.0,1.4,0.6,0.5,,0.2,0.4,0.0,0.0,1.0,0.0,182.2,0.4,1.0,0.0019191389883765897,-0.1293,0,1,1B,5,5,2,5,0,0,0,S6,74.0,False,CWJ,CWJ,0.01728978623926319
5,12,12,4,3.0,2,2,0,0,6,0.0,0,0,3,0,0,1,0,0,0,1,1,3,0,0,0.3333333333333333,0.3333333333333333,0.5,0.8333333333333333,0.16666666666666669,0.4444444444444444,0.0,0.0,0.25,0.0,0.4,0.6,0.6666666666666666,228.76923076923077,0.3333333333333333,0.5454545454545454,-1.4350800004782431,-0.006399999999999989,2,3,BN,12,11,3,6,1,0,0,S6,76.0,False,SAS,SAS,-0.10247310643080305
9,23,22,4,3.0,1,1,0,2,11,5.0,1,0,5,0,0,0,0,0,1,0,5,6,2,0,0.18181818181818182,0.21739130434782608,0.5,0.717391304347826,0.3181818181818182,0.13333333333333333,,0.08695652173913043,0.21739130434782608,0.043478260869565216,0.42857142857142855,0.5714285714285714,0.75,279.59090909090907,0.21739130434782608,0.4090909090909091,0.0555146920466687,0.04309999999999995,6,8,BP,23,22,4,9,1,0,0,S6,79.0,False,MBT,MBT,0.08420168197062432
2,4,4,2,0.0,1,1,0,0,3,0.0,0,0,0,0,0,0,0,0,1,1,0,1,0,0,0.5,0.5,0.75,1.25,0.25,0.5,,0.0,0.0,0.0,0.6666666666666666,0.3333333333333333,2.0,198.0,0.5,0.75,-0.16645108589361945,-0.04190000000000001,2,1,BP,4,4,2,3,0,0,0,S6,80.0,False,SAS,SAS,-0.00296681071702152
4,8,6,1,1.0,0,0,1,0,3,0.0,2,0,0,0,0,0,0,0,1,0,2,1,2,0,0.16666666666666666,0.375,0.5,0.875,0.33333333333333337,0.16666666666666666,,0.0,0.0,0.25,0.5,0.5,1.0,276.875,0.25,0.42857142857142855,-1.84997694525464,-0.10179999999999999,3,3,S,8,7,1,3,1,0,0,S6,90.0,False,MVS,MVS,-0.15764109878078314
3,9,8,2,1.0,0,1,0,1,6,3.0,1,0,0,0,0,0,0,0,0,0,1,1,4,0,0.25,0.3333333333333333,0.75,1.0833333333333333,0.5,0.14285714285714285,,0.1111111111111111,0.0,0.1111111111111111,0.16666666666666666,0.8333333333333334,0.2,268.77777777777777,0.3333333333333333,0.75,1.493539355891199,0.1355,1,5,S,9,8,2,6,1,0,0,S6,91.0,False,HEL,HEL,0.18013010580188585
8,20,19,4,1.0,2,2,0,0,6,2.0,1,0,6,1,0,0,0,0,1,1,1,3,4,0,0.21052631578947367,0.25,0.3157894736842105,0.5657894736842105,0.10526315789473684,0.3076923076923077,,0.0,0.3,0.05,0.3,0.7,0.42857142857142855,249.3684210526316,0.25,0.2222222222222222,-2.040064663648455,-0.04590000000000002,3,7,XB,20,18,3,4,2,0,0,S6,93.0,False,TAK,TAK,-0.13561497700314334
1,3,3,0,0.0,0,0,0,0,0,0.0,0,0,1,1,0,0,0,0,1,0,1,1,0,0,0.0,0.0,0.0,0.0,0.0,0.0,,0.0,0.3333333333333333,0.0,0.6666666666666666,0.3333333333333333,2.0,304.5,0.0,0.0,-1.2750682358907603,-0.0466,2,1,BP,3,3,0,0,0,0,0,S6,97.0,False,BAC,BAC,-0.11724810018482072
4,8,6,1,1.0,1,0,0,0,1,1.0,2,0,1,0,0,0,0,0,0,2,0,1,1,0,0.16666666666666666,0.375,0.16666666666666666,0.5416666666666666,0.0,0.2,,0.0,0.125,0.25,0.5,0.5,1.0,268.375,0.375,0.16666666666666666,-0.6740546217251675,0.11920000000000006,2,2,SM,8,6,1,1,2,0,0,S6,99.0,False,BAC,BAC,-0.0400488664278359
3,9,9,3,3.0,2,0,0,1,6,2.0,0,0,1,0,0,0,0,0,1,3,0,2,0,0,0.3333333333333333,0.3333333333333333,0.6666666666666666,1.0,0.3333333333333333,0.2857142857142857,,0.1111111111111111,0.1111111111111111,0.0,0.6666666666666666,0.3333333333333333,2.0,227.55555555555554,0.3333333333333333,0.6666666666666666,-0.01702519844763689,0.05569999999999997,4,2,1B,9,9,3,6,0,0,0,S6,100.0,False,BAC,BAC,0.029073650368002267
2,3,3,0,0.0,0,0,0,0,0,0.0,0,0,2,0,0,0,0,0,0,0,1,0,0,0,0.0,0.0,0.0,0.0,0.0,0.0,,0.0,0.6666666666666666,0.0,1.0,0.0,,354.6666666666667,0.0,0.0,-0.590793918918919,-0.0558,1,0,BC,3,3,0,0,0,0,0,S6,103.0,False,BAC,BAC,-0.048820668487636575
3,7,5,2,1.0,1,1,0,0,3,1.0,2,0,0,0,0,0,0,0,0,1,0,2,0,0,0.4,0.5714285714285714,0.6,1.1714285714285713,0.19999999999999996,0.4,,0.0,0.0,0.2857142857142857,0.3333333333333333,0.6666666666666666,0.5,184.16666666666666,0.5714285714285714,0.6,0.8570077561871692,0.09069999999999999,1,2,BN,7,5,2,3,2,0,0,S6,104.0,False,BAC,BAC,0.10963779689531265
5,15,14,4,2.0,4,0,0,0,4,1.0,1,0,3,0,0,0,0,0,2,4,0,2,1,0,0.2857142857142857,0.3333333333333333,0.2857142857142857,0.6190476190476191,0.0,0.36363636363636365,,0.0,0.2,0.06666666666666667,0.6666666666666666,0.3333333333333333,2.0,256.8,0.3333333333333333,0.25,-1.6278229230599457,-0.16080000000000003,6,3,BC,15,12,2,3,3,0,0,S6,106.0,False,BAC,BAC,-0.11148867528471798
4,14,13,3,0.0,3,0,0,0,3,0.0,1,0,2,0,0,1,0,0,0,2,2,2,2,0,0.23076923076923078,0.2857142857142857,0.23076923076923078,0.5164835164835164,0.0,0.2727272727272727,0.0,0.0,0.14285714285714285,0.07142857142857142,0.5,0.5,1.0,287.46666666666664,0.2857142857142857,0.3076923076923077,-1.3971103242752647,-0.21559999999999996,4,4,BC,14,13,3,4,1,0,0,S6,108.0,False,2TM,SGP,-0.09183698987433499
4,12,11,3,0.0,3,0,0,0,3,0.0,1,0,2,0,0,1,0,0,0,2,2,1,1,0,0.2727272727272727,0.3333333333333333,0.2727272727272727,0.606060606060606,0.0,0.3333333333333333,0.0,0.0,0.16666666666666666,0.08333333333333333,0.6666666666666666,0.3333333333333333,2.0,282.61538461538464,0.3333333333333333,0.36363636363636365,-0.9970017466422572,-0.19329999999999997,4,2,BC,12,11,3,4,1,0,0,S6,108.0,True,SGP,SGP,-0.05866528104720444
1,2,2,0,0.0,0,0,0,0,0,0.0,0,0,0,0,0,0,0,0,0,0,0,1,1,0,0.0,0.0,0.0,0.0,0.0,0.0,,0.0,0.0,0.0,0.0,1.0,0.0,319.0,0.0,0.0,-0.4001085776330076,-0.0223,0,2,BC,2,2,0,0,0,0,0,S6,108.0,True,LEM,LEM,-0.033171708827130546
9,20,19,3,2.0,1,0,0,2,9,2.0,1,0,8,3,0,0,0,0,0,4,1,2,1,0,0.15789473684210525,0.2,0.47368421052631576,0.6736842105263158,0.3157894736842105,0.1111111111111111,,0.1,0.4,0.05,0.625,0.375,1.6666666666666667,297.6875,0.2,0.47368421052631576,-1.279127551142754,-0.23850000000000002,5,3,BP,20,19,3,9,1,0,0,S6,109.0,False,SGP,SGP,-0.05952126575257327
6,15,14,4,3.0,3,1,0,0,5,0.0,1,0,4,0,0,0,0,0,0,3,2,1,0,0,0.2857142857142857,0.3333333333333333,0.35714285714285715,0.6904761904761905,0.07142857142857145,0.4,,0.0,0.26666666666666666,0.06666666666666667,0.8333333333333334,0.16666666666666666,5.0,279.3333333333333,0.26666666666666666,0.23076923076923078,-1.8898359120052362,-0.18009999999999998,5,1,BC,15,13,2,3,2,0,0,S6,112.0,False,SGP,SGP,-0.13768997417924703
1,2,2,2,1.0,1,0,0,1,5,1.0,0,0,0,0,0,0,0,0,0,0,0,0,0,0,1.0,1.0,2.5,3.5,1.5,1.0,,0.5,0.0,0.0,,,,50.0,1.0,2.5,1.2120996808948201,0.07,0,0,HK,2,2,2,5,0,0,0,S6,113.0,False,LMN,LMN,0.12804911702565222
6,16,16,1,0.0,0,1,0,0,2,1.0,0,0,7,0,0,0,0,0,0,4,2,2,0,0,0.0625,0.0625,0.125,0.1875,0.0625,0.1111111111111111,,0.0,0.4375,0.0,0.75,0.25,3.0,305.4375,0.0625,0.125,-2.507749840815864,-0.41579999999999995,6,2,HK,16,16,1,2,0,0,0,S6,114.0,False,SGP,SGP,-0.1960617925922247
7,16,14,3,2.0,1,1,0,1,7,3.0,2,0,4,0,0,1,0,0,1,3,1,1,2,0,0.21428571428571427,0.3125,0.5,0.8125,0.2857142857142857,0.2222222222222222,0.0,0.0625,0.25,0.125,0.625,0.375,1.6666666666666667,279.52941176470586,0.3125,0.42857142857142855,-0.19583420927475959,-0.05699999999999998,5,3,BC,16,14,3,6,2,0,0,S6,116.0,False,2TM,CBC,0.035129770561885744
2,4,3,1,0.0,1,0,0,0,1,0.0,1,0,0,0,0,1,0,0,0,1,1,0,0,0,0.3333333333333333,0.5,0.3333333333333333,0.8333333333333333,0.0,0.3333333333333333,0.0,0.0,0.0,0.25,1.0,0.0,,288.4,0.5,0.3333333333333333,-0.2748422699547633,-0.0040000000000000036,2,0,BC,4,3,1,1,1,0,0,S6,116.0,True,LIM,LIM,-0.013805929123135904
5,12,11,2,2.0,0,1,0,1,6,3.0,1,0,4,0,0,0,0,0,1,2,0,1,2,0,0.18181818181818182,0.25,0.5454545454545454,0.7954545454545454,0.3636363636363636,0.16666666666666666,,0.08333333333333333,0.3333333333333333,0.08333333333333333,0.5,0.5,1.0,275.8333333333333,0.25,0.45454545454545453,0.07900806068000343,-0.05299999999999999,3,3,BC,12,11,2,5,1,0,0,S6,116.0,True,CBC,CBC,0.048935699685021615
14,41,37,10,9.0,5,2,0,3,21,7.0,4,0,9,0,0,0,0,0,2,8,4,5,1,0,0.2702702702702703,0.34146341463414637,0.5675675675675675,0.909030982201714,0.29729729729729726,0.28,,0.07317073170731707,0.21951219512195122,0.0975609756097561,0.7,0.3,2.3333333333333335,245.4878048780488,0.3170731707317073,0.5526315789473685,1.0549250800490955,0.6921999999999998,14,6,1B,41,38,10,21,3,0,0,S6,117.0,False,3TM,SGP,0.2456950611963989
14,36,33,7,7.0,4,0,0,3,16,7.0,3,0,9,0,0,0,0,0,2,8,4,4,1,0,0.21212121212121213,0.2777777777777778,0.48484848484848486,0.7626262626262627,0.2727272727272727,0.19047619047619047,,0.08333333333333333,0.25,0.08333333333333333,0.7368421052631579,0.2631578947368421,2.8,265.30555555555554,0.2777777777777778,0.48484848484848486,0.26447764198881984,0.6668999999999998,14,5,1B,36,33,7,16,3,0,0,S6,117.0,True,SGP,SGP,0.14955244504994583
1,3,2,1,1.0,0,1,0,0,2,0.0,1,0,0,0,0,0,0,0,0,0,0,1,0,0,0.5,0.6666666666666666,1.0,1.6666666666666665,0.5,0.5,,0.0,0.0,0.3333333333333333,0.0,1.0,0.0,148.33333333333334,0.3333333333333333,0.6666666666666666,0.36328729465792,-0.0228,0,1,1B,3,3,1,2,0,0,0,S6,117.0,True,LMN,LMN,0.04658745287004732
1,2,2,2,1.0,1,1,0,0,3,0.0,0,0,0,0,0,0,0,0,0,0,0,0,0,0,1.0,1.0,1.5,2.5,0.5,1.0,,0.0,0.0,0.0,,,,34.5,1.0,1.5,0.42716014340235586,0.0481,0,0,1B,2,2,2,3,0,0,0,S6,117.0,True,LEM,LEM,0.0495551632764058
3,7,6,1,0.0,1,0,0,0,1,0.0,1,0,2,1,0,0,0,0,0,1,1,1,0,0,0.16666666666666666,0.2857142857142857,0.16666666666666666,0.45238095238095233,0.0,0.25,,0.0,0.2857142857142857,0.14285714285714285,0.6666666666666666,0.3333333333333333,2.0,278.6666666666667,0.14285714285714285,0.2857142857142857,-0.4094159823893057,-0.0781,2,1,1B,7,7,1,2,0,0,0,S6,118.0,False,SGP,SGP,-0.017004576962334827
5,13,13,2,1.0,2,0,0,0,2,0.0,0,0,4,0,0,0,0,0,0,2,0,4,1,0,0.15384615384615385,0.15384615384615385,0.15384615384615385,0.3076923076923077,0.0,0.2222222222222222,,0.0,0.3076923076923077,0.0,0.2857142857142857,0.7142857142857143,0.4,268.2307692307692,0.15384615384615385,0.15384615384615385,-1.8228409299823911,-0.3079,2,5,1B,13,13,2,2,0,0,0,S6,119.0,False,SGP,SGP,-0.13782962491313272
9,24,21,5,2.0,3,1,0,1,9,1.0,3,0,3,0,0,0,0,0,1,3,0,9,1,0,0.23809523809523808,0.3333333333333333,0.42857142857142855,0.7619047619047619,0.19047619047619047,0.23529411764705882,,0.041666666666666664,0.125,0.125,0.2857142857142857,0.7142857142857143,0.4,213.75,0.2916666666666667,0.4090909090909091,-2.760107026557657,-0.3174,4,10,BP,24,22,5,9,2,0,0,S6,122.0,False,SGP,SGP,-0.19394091542172315
6,14,14,5,4.0,1,1,0,3,15,4.0,0,0,1,0,0,0,0,0,1,2,0,2,4,0,0.35714285714285715,0.35714285714285715,1.0714285714285714,1.4285714285714286,0.7142857142857142,0.2,,0.21428571428571427,0.07142857142857142,0.0,0.3333333333333333,0.6666666666666666,0.5,227.64285714285714,0.35714285714285715,1.0714285714285714,2.3538305293496964,0.2951,3,6,BP,14,14,5,15,0,0,0,S6,125.0,False,SGP,SGP,0.28325709548816114
2,5,5,1,0.0,1,0,0,0,1,0.0,0,0,2,0,0,0,0,0,1,1,1,0,0,0,0.2,0.2,0.2,0.4,0.0,0.3333333333333333,,0.0,0.4,0.0,1.0,0.0,,317.4,0.2,0.2,-1.7330932128126073,-0.23349999999999999,3,0,BC,5,5,1,1,0,0,0,S6,126.0,False,SGP,SGP,-0.15621144894083522
7,16,12,1,3.0,0,0,0,1,4,1.0,4,0,7,0,1,1,0,0,1,1,2,0,1,0,0.08333333333333333,0.3125,0.3333333333333333,0.6458333333333333,0.25,0.0,0.5,0.0625,0.4375,0.25,0.8,0.2,4.0,278.27777777777777,0.3125,0.3333333333333333,-1.7523504573687774,-0.2623,4,1,TT,16,12,1,4,4,0,0,S6,127.0,False,BBB,BBB,-0.12052185424751602
8,22,17,6,5.0,4,0,0,2,12,4.0,5,0,5,0,0,0,0,0,1,0,1,3,2,0,0.35294117647058826,0.5,0.7058823529411765,1.2058823529411766,0.35294117647058826,0.4,,0.09090909090909091,0.22727272727272727,0.22727272727272727,0.2857142857142857,0.7142857142857143,0.4,199.57142857142858,0.5,0.7647058823529411,1.2723682651302426,-0.1395000000000001,2,5,1B,22,17,6,13,5,0,0,S6,128.0,False,2TM,SUP,0.2024674648108966
7,19,14,5,4.0,4,0,0,1,8,3.0,5,0,5,0,0,0,0,0,1,0,1,1,2,0,0.35714285714285715,0.5263157894736842,0.5714285714285714,1.0977443609022557,0.21428571428571425,0.5,,0.05263157894736842,0.2631578947368421,0.2631578947368421,0.4,0.6,0.6666666666666666,208.11111111111111,0.5263157894736842,0.6428571428571429,0.6724768427632504,-0.21,2,3,1B,19,14,5,9,5,0,0,S6,128.0,True,SUP,SUP,0.13221959916994205
1,3,3,1,1.0,0,0,0,1,4,1.0,0,0,0,0,0,0,0,0,0,0,0,2,0,0,0.3333333333333333,0.3333333333333333,1.3333333333333333,1.6666666666666665,1.0,0.0,,0.3333333333333333,0.0,0.0,0.0,1.0,0.0,148.33333333333334,0.3333333333333333,1.3333333333333333,0.5998914223669924,0.07050000000000002,0,2,1B,3,3,1,4,0,0,0,S6,128.0,True,LMN,LMN,0.07024786564095456
7,17,15,5,2.0,2,3,0,0,8,2.0,2,0,2,0,0,0,0,0,1,2,2,1,3,0,0.3333333333333333,0.4117647058823529,0.5333333333333333,0.9450980392156862,0.2,0.38461538461538464,,0.0,0.11764705882352941,0.11764705882352941,0.5555555555555556,0.4444444444444444,1.25,242.5,0.4117647058823529,0.4666666666666667,1.4752388935338379,0.20680000000000004,5,4,XB,17,15,5,7,2,0,0,S6,129.0,False,SUP,SUP,0.2056566553108306
13,33,26,10,3.0,5,5,0,0,15,1.0,7,0,5,3,0,0,0,0,1,1,4,4,2,0,0.38461538461538464,0.5151515151515151,0.5769230769230769,1.092074592074592,0.19230769230769224,0.47619047619047616,,0.0,0.15151515151515152,0.21212121212121213,0.5,0.5,1.0,204.9,0.48484848484848486,0.6428571428571429,1.2033472894346366,0.13849999999999998,6,6,1B,33,28,11,18,5,0,0,S6,131.0,False,2TM,RBD,0.23318068639027217
13,31,24,10,3.0,5,5,0,0,15,1.0,7,0,4,2,0,0,0,0,1,1,4,4,1,0,0.4166666666666667,0.5483870967741935,0.625,1.1733870967741935,0.20833333333333331,0.5,,0.0,0.12903225806451613,0.22580645161290322,0.5454545454545454,0.45454545454545453,1.2,202.13793103448276,0.5161290322580645,0.6923076923076923,2.0064163431430764,0.22609999999999997,6,5,1B,31,26,11,18,5,0,0,S6,131.0,True,RBD,RBD,0.30664844282494597
1,2,2,0,0.0,0,0,0,0,0,0.0,0,0,1,1,0,0,0,0,0,0,0,0,1,0,0.0,0.0,0.0,0.0,0.0,0.0,,0.0,0.5,0.0,0.0,1.0,0.0,285.0,0.0,0.0,-0.80306905370844,-0.08760000000000001,0,1,1B,2,2,0,0,0,0,0,S6,131.0,True,LIM,LIM,-0.07346775643467378
10,24,17,3,5.0,2,0,0,1,6,2.0,6,1,4,2,0,0,0,1,1,2,4,5,0,0,0.17647058823529413,0.375,0.35294117647058826,0.7279411764705883,0.17647058823529413,0.15384615384615385,,0.041666666666666664,0.16666666666666666,0.25,0.5384615384615384,0.46153846153846156,1.1666666666666667,261.5263157894737,0.2916666666666667,0.3157894736842105,-0.24810870326241807,-0.2578,7,6,BN,24,19,3,6,4,1,0,S6,133.0,False,BBB,BBB,0.05725891690780074
6,11,10,1,1.0,0,1,0,0,2,2.0,1,0,2,1,0,0,0,0,2,4,1,1,1,0,0.1,0.18181818181818182,0.2,0.38181818181818183,0.1,0.125,,0.0,0.18181818181818182,0.09090909090909091,0.7777777777777778,0.2222222222222222,3.5,259.6,0.18181818181818182,0.2,-0.8684086003012564,-0.0724,7,2,MH,11,10,1,2,1,0,0,S6,134.0,False,BBB,BBB,-0.049225540881189474
10,24,22,6,6.0,4,1,0,1,10,1.0,2,0,4,0,0,1,0,0,0,2,0,7,3,0,0.2727272727272727,0.3333333333333333,0.45454545454545453,0.7878787878787878,0.18181818181818182,0.29411764705882354,0.0,0.041666666666666664,0.16666666666666666,0.08333333333333333,0.16666666666666666,0.8333333333333334,0.2,238.54166666666666,0.3333333333333333,0.5454545454545454,-2.003527100403522,-0.11710000000000001,2,10,BC,24,22,6,12,2,0,0,S6,135.0,False,PHB,PHB,-0.11828292280630966
5,15,13,3,3.0,0,0,1,2,11,3.0,1,0,1,0,0,0,0,1,0,1,1,6,2,0,0.23076923076923078,0.26666666666666666,0.8461538461538461,1.1128205128205129,0.6153846153846154,0.09090909090909091,,0.13333333333333333,0.06666666666666667,0.06666666666666667,0.18181818181818182,0.8181818181818182,0.2222222222222222,224.2,0.26666666666666666,0.7857142857142857,0.7556647336704551,0.30870000000000003,2,9,S,15,14,3,11,1,0,0,S6,137.0,False,SUP,SUP,0.12686009038832208
6,17,17,6,3.0,1,3,2,0,13,0.0,0,0,1,0,0,0,0,0,1,2,1,3,4,0,0.35294117647058826,0.35294117647058826,0.7647058823529411,1.1176470588235294,0.41176470588235287,0.375,,0.0,0.058823529411764705,0.0,0.36363636363636365,0.6363636363636364,0.5714285714285714,234.47058823529412,0.35294117647058826,0.7647058823529411,-1.0561712267090098,-0.1443,4,7,S,17,17,6,13,0,0,0,S6,138.0,False,RBD,RBD,-0.04748435671345417
2,4,4,0,0.0,0,0,0,0,0,0.0,0,0,0,0,0,0,0,0,1,1,1,1,1,0,0.0,0.0,0.0,0.0,0.0,0.0,,0.0,0.0,0.0,0.6,0.4,1.5,363.5,0.0,0.0,-1.604955444614365,-0.2767,3,2,WC,4,4,0,0,0,0,0,S6,144.0,False,SAS,SAS,-0.14681724658909606
12,31,27,9,7.0,3,3,0,3,21,6.0,4,0,5,0,0,0,0,0,0,4,5,1,3,0,0.3333333333333333,0.41935483870967744,0.7777777777777778,1.1971326164874552,0.4444444444444445,0.3157894736842105,,0.0967741935483871,0.16129032258064516,0.12903225806451613,0.6923076923076923,0.3076923076923077,2.25,258.5806451612903,0.41935483870967744,0.8076923076923077,3.9306078996074105,0.18839999999999998,9,4,BP,31,26,8,21,5,0,0,S6,146.0,False,POR,POR,0.4990675984713794
13,33,25,5,5.0,1,2,0,2,13,3.0,8,0,6,2,0,0,0,0,2,2,7,3,2,0,0.2,0.3939393939393939,0.52,0.9139393939393939,0.32,0.17647058823529413,,0.06060606060606061,0.18181818181818182,0.24242424242424243,0.6875,0.3125,2.2,266.6,0.36363636363636365,0.5384615384615384,0.10789036178566652,0.06479999999999997,11,5,WC,33,26,5,14,7,0,0,S6,149.0,False,SLT,SLT,0.12363499362537515
7,20,15,6,4.0,3,2,0,1,11,2.0,5,0,1,1,0,0,0,0,1,2,1,3,2,0,0.4,0.55,0.7333333333333333,1.2833333333333332,0.33333333333333326,0.38461538461538464,,0.05,0.05,0.25,0.4444444444444444,0.5555555555555556,0.8,197.26315789473685,0.5,0.6666666666666666,2.0713109320793106,0.2654,4,5,1B,20,15,5,10,5,0,0,S6,150.0,False,2TM,SLT,0.2755225825696332
6,17,14,5,4.0,3,1,0,1,9,2.0,3,0,1,1,0,0,0,0,1,2,1,3,2,0,0.35714285714285715,0.47058823529411764,0.6428571428571429,1.1134453781512605,0.28571428571428575,0.3333333333333333,,0.058823529411764705,0.058823529411764705,0.17647058823529413,0.4444444444444444,0.5555555555555556,0.8,212.6875,0.4117647058823529,0.5714285714285714,1.3417397447812762,0.1613,4,5,1B,17,14,4,8,3,0,0,S6,150.0,True,LID,LID,0.19230674043557444
1,3,1,1,0.0,0,1,0,0,2,0.0,2,0,0,0,0,0,0,0,0,0,0,0,0,0,1.0,1.0,2.0,3.0,1.0,1.0,,0.0,0.0,0.6666666666666666,,,,115.0,1.0,2.0,0.7295711872980346,0.1041,0,0,1B,3,1,1,2,2,0,0,S6,150.0,True,SLT,SLT,0.08321584213405878
5,15,13,3,1.0,1,2,0,0,5,2.0,1,0,1,0,0,0,0,1,0,2,3,4,1,0,0.23076923076923078,0.26666666666666666,0.38461538461538464,0.6512820512820513,0.15384615384615385,0.23076923076923078,,0.0,0.06666666666666667,0.06666666666666667,0.45454545454545453,0.5454545454545454,0.8333333333333334,277.2,0.26666666666666666,0.38461538461538464,-1.3807870975336876,-0.10709999999999999,5,6,BC,15,13,3,5,1,1,0,S6,151.0,False,SUP,SUP,-0.08678509273209216
11,27,20,7,4.0,4,1,0,2,14,3.0,7,0,4,0,2,1,0,0,1,4,3,2,0,0,0.35,0.5185185185185185,0.7,1.2185185185185183,0.35,0.35714285714285715,0.6666666666666666,0.07407407407407407,0.14814814814814814,0.25925925925925924,0.8,0.2,4.0,224.75862068965517,0.5185185185185185,0.8,1.051287560221076,0.4290999999999999,8,2,WC,27,20,7,16,7,0,0,S6,152.0,False,2TM,MVS,0.19745726666040547
7,19,14,7,3.0,4,1,0,2,14,3.0,5,0,2,0,1,1,0,0,0,1,3,1,0,0,0.5,0.631578947368421,1.0,1.631578947368421,0.5,0.5,0.5,0.10526315789473684,0.10526315789473684,0.2631578947368421,0.8,0.2,4.0,204.1,0.631578947368421,1.1428571428571428,2.200134764771411,0.6068000000000001,4,1,WC,19,14,7,16,5,0,0,S6,152.0,True,SLT,SLT,0.2849853913707581
4,8,6,0,1.0,0,0,0,0,0,0.0,2,0,2,0,1,0,0,0,1,3,0,1,0,0,0.0,0.25,0.0,0.25,0.0,0.0,1.0,0.0,0.25,0.25,0.8,0.2,4.0,270.6666666666667,0.25,0.0,-1.1488472045503357,-0.17770000000000002,4,1,WC,8,6,0,0,2,0,0,S6,152.0,True,MVS,MVS,-0.08752812471035272
5,11,11,1,1.0,0,0,0,1,4,1.0,0,0,3,3,0,0,0,0,0,1,2,3,1,0,0.09090909090909091,0.09090909090909091,0.36363636363636365,0.4545454545454546,0.2727272727272727,0.0,,0.09090909090909091,0.2727272727272727,0.0,0.42857142857142855,0.5714285714285714,0.75,292.625,0.09090909090909091,0.36363636363636365,-1.870869346726118,-0.1878,3,4,1B,11,11,1,4,0,0,0,S6,153.0,False,SLT,SLT,-0.14947161552367563
8,23,19,4,2.0,2,0,0,2,10,5.0,4,0,4,0,0,0,0,0,0,1,4,4,2,0,0.21052631578947367,0.34782608695652173,0.5263157894736842,0.8741418764302059,0.3157894736842105,0.15384615384615385,,0.08695652173913043,0.17391304347826086,0.17391304347826086,0.45454545454545453,0.5454545454545454,0.8333333333333334,260.40909090909093,0.30434782608695654,0.45,1.8262590195028408,0.2753,5,6,BP,23,20,4,9,3,0,0,S6,158.0,False,BBB,BBB,0.26127611471624157
7,17,16,1,0.0,0,0,1,0,3,0.0,1,0,3,0,0,0,0,0,0,2,1,6,3,0,0.0625,0.11764705882352941,0.1875,0.30514705882352944,0.125,0.07692307692307693,,0.0,0.17647058823529413,0.058823529411764705,0.25,0.75,0.3333333333333333,290.88235294117646,0.11764705882352941,0.1875,-2.5162066972227146,-0.27790000000000004,3,9,S,17,16,1,3,1,0,0,S6,159.0,False,CWJ,CWJ,-0.19348790376482466
7,18,17,3,2.0,1,1,0,1,7,3.0,1,0,4,1,0,0,0,0,0,3,4,2,1,0,0.17647058823529413,0.2222222222222222,0.4117647058823529,0.6339869281045751,0.2352941176470588,0.16666666666666666,,0.05555555555555555,0.2222222222222222,0.05555555555555555,0.7,0.3,2.3333333333333335,293.5882352941176,0.2222222222222222,0.4117647058823529,-0.5136923637035098,0.0447,7,3,1B,18,17,3,7,1,0,0,S6,160.0,False,RBD,RBD,0.010183104055180936
6,17,15,6,2.0,4,2,0,0,8,1.0,2,0,1,0,0,0,0,0,0,3,3,2,0,0,0.4,0.47058823529411764,0.5333333333333333,1.003921568627451,0.1333333333333333,0.42857142857142855,,0.0,0.058823529411764705,0.11764705882352941,0.75,0.25,3.0,245.64705882352942,0.4117647058823529,0.5625,0.7694973988362698,0.07140000000000002,6,2,BN,17,16,6,9,1,0,0,S6,161.0,False,LID,LID,0.13508250584107379
3,8,8,2,2.0,0,1,1,0,5,0.0,0,0,1,0,0,0,0,0,0,0,0,5,0,0,0.25,0.25,0.625,0.875,0.375,0.2857142857142857,,0.0,0.125,0.0,0.0,1.0,0.0,184.125,0.25,0.75,-1.5593625223713228,-0.2917,0,5,BC,8,8,2,6,0,0,0,S6,162.0,False,SUP,SUP,-0.12857965649245143
14,46,42,11,7.0,1,6,0,4,29,9.0,2,0,6,1,0,0,0,2,4,4,6,13,4,0,0.2619047619047619,0.2826086956521739,0.6904761904761905,0.9730848861283643,0.42857142857142855,0.20588235294117646,,0.08695652173913043,0.13043478260869565,0.043478260869565216,0.42424242424242425,0.5757575757575758,0.7368421052631579,248.37777777777777,0.2826086956521739,0.6190476190476191,-1.2194339206456006,-0.29850000000000004,14,19,BP,46,42,10,26,3,1,0,S6,163.0,False,3TM,POR,0.03535703346735484
14,36,33,7,4.0,1,3,0,3,19,6.0,2,0,5,1,0,0,0,1,3,4,4,11,3,0,0.21212121212121213,0.25,0.5757575757575758,0.8257575757575758,0.36363636363636365,0.15384615384615385,,0.08333333333333333,0.1388888888888889,0.05555555555555555,0.4230769230769231,0.5769230769230769,0.7333333333333333,253.68571428571428,0.25,0.5,-2.912944972493673,-0.39930000000000015,11,15,BP,36,32,6,16,3,1,0,S6,163.0,True,POR,POR,-0.1681898163983035
2,6,5,3,2.0,0,2,0,1,8,3.0,0,0,0,0,0,0,0,1,1,0,2,1,0,0,0.6,0.5,1.6,2.1,1.0,0.4,,0.16666666666666666,0.0,0.0,0.6,0.4,1.5,223.16666666666666,0.5,1.3333333333333333,1.8557508608024644,0.1137,3,2,BP,6,6,3,8,0,0,0,S6,163.0,True,LMN,LMN,0.20609253288875706
2,4,4,1,1.0,0,1,0,0,2,0.0,0,0,1,0,0,0,0,0,0,0,0,1,1,0,0.25,0.25,0.5,0.75,0.25,0.3333333333333333,,0.0,0.25,0.0,0.0,1.0,0.0,239.75,0.25,0.5,-0.16223980895439222,-0.012899999999999997,0,2,BP,4,4,1,2,0,0,0,S6,163.0,True,LEM,LEM,-0.0025456830230987963
8,20,18,6,3.0,1,3,1,1,14,4.0,2,0,3,0,0,0,0,0,1,2,3,2,2,0,0.3333333333333333,0.4,0.7777777777777778,1.1777777777777778,0.4444444444444445,0.35714285714285715,,0.05,0.15,0.1,0.6,0.4,1.5,241.89473684210526,0.4,0.8421052631578947,3.9075534327301096,0.4942,6,4,BN,20,19,7,16,1,0,0,S6,164.0,False,POR,POR,0.45914683263471306
12,27,23,7,4.0,3,2,1,1,14,3.0,4,0,4,0,0,1,0,0,3,3,4,5,0,0,0.30434782608695654,0.4074074074074074,0.6086956521739131,1.0161030595813205,0.30434782608695654,0.3333333333333333,0.0,0.037037037037037035,0.14814814814814814,0.14814814814814814,0.6666666666666666,0.3333333333333333,2.0,227.82142857142858,0.37037037037037035,0.64,0.17437406799073046,-0.23339999999999994,10,5,BP,27,25,8,16,2,0,0,S6,165.0,False,POR,POR,0.10976591743737092
3,8,8,5,2.0,4,0,0,1,8,3.0,0,0,2,1,0,0,0,0,0,0,1,0,0,0,0.625,0.625,1.0,1.625,0.375,0.8,,0.125,0.25,0.0,1.0,0.0,,170.85714285714286,0.625,1.0,2.896540685938523,0.41369999999999996,1,0,SF,8,7,4,7,1,0,0,S6,166.0,False,MPD,MPD,0.3170106643385332
8,15,11,2,3.0,1,1,0,0,3,0.0,4,0,7,7,0,0,0,0,1,1,0,1,0,0,0.18181818181818182,0.4,0.2727272727272727,0.6727272727272727,0.09090909090909088,0.5,,0.0,0.4666666666666667,0.26666666666666666,0.6666666666666666,0.3333333333333333,2.0,170.0,0.3333333333333333,0.4166666666666667,-0.8684555313007164,-0.026799999999999997,2,1,1B,15,12,2,5,3,0,0,S6,167.0,False,POR,POR,-0.03555193610879505
5,13,11,3,2.0,2,1,0,0,4,0.0,2,0,2,0,0,0,0,0,1,1,3,2,0,0,0.2727272727272727,0.38461538461538464,0.36363636363636365,0.7482517482517483,0.09090909090909094,0.3333333333333333,,0.0,0.15384615384615385,0.15384615384615385,0.7142857142857143,0.2857142857142857,2.5,260.9230769230769,0.38461538461538464,0.36363636363636365,-1.2767633347598624,-0.1078,5,2,BN,13,11,3,4,2,0,0,S6,168.0,False,POR,POR,-0.08322186539087986
3,9,8,0,0.0,0,0,0,0,0,0.0,1,0,2,0,0,0,0,0,0,0,2,4,0,0,0.0,0.1111111111111111,0.0,0.1111111111111111,0.0,0.0,,0.0,0.2222222222222222,0.1111111111111111,0.3333333333333333,0.6666666666666666,0.5,278.22222222222223,0.1111111111111111,0.0,-2.282645617129399,-0.0951,2,4,BN,9,8,0,0,1,0,0,S6,169.0,False,CIM,CIM,-0.19748839150017397
6,18,17,4,3.0,2,0,0,2,10,3.0,0,0,4,0,0,0,0,1,0,0,3,6,1,0,0.23529411764705882,0.2222222222222222,0.5882352941176471,0.8104575163398693,0.35294117647058826,0.16666666666666666,,0.1111111111111111,0.2222222222222222,0.0,0.2727272727272727,0.7272727272727273,0.375,243.5,0.2222222222222222,0.5555555555555556,-0.9928087733944069,-0.0493,3,8,BC,18,18,4,10,0,0,0,S6,170.0,False,POR,POR,-0.037728536913908775
11,26,21,3,2.0,2,1,0,0,4,1.0,4,0,4,0,0,0,0,1,0,4,2,6,3,0,0.14285714285714285,0.2692307692307692,0.19047619047619047,0.4597069597069597,0.047619047619047616,0.16666666666666666,,0.0,0.15384615384615385,0.15384615384615385,0.375,0.625,0.6,269.88461538461536,0.19230769230769232,0.25,-1.5183348545422815,-0.09150000000000001,6,10,BP,26,24,4,6,1,1,0,S6,176.0,False,AAL,AAL,-0.06292454928401539
5,12,12,1,0.0,1,0,0,0,1,0.0,0,0,3,0,0,0,0,0,1,0,1,3,4,0,0.08333333333333333,0.08333333333333333,0.08333333333333333,0.16666666666666666,0.0,0.1111111111111111,,0.0,0.25,0.0,0.2222222222222222,0.7777777777777778,0.2857142857142857,302.0833333333333,0.08333333333333333,0.08333333333333333,-3.1229478474041534,-0.41669999999999996,2,7,BN,12,12,1,1,0,0,0,S6,178.0,False,SLT,SLT,-0.27125989112339405
14,43,38,14,8.0,8,2,1,3,27,8.0,5,0,7,0,4,1,0,0,1,4,6,4,3,0,0.3684210526315789,0.4418604651162791,0.7105263157894737,1.1523867809057529,0.34210526315789475,0.39285714285714285,0.8,0.06976744186046512,0.16279069767441862,0.11627906976744186,0.6111111111111112,0.3888888888888889,1.5714285714285714,233.875,0.4418604651162791,0.7368421052631579,3.995203512358637,0.3438,11,7,BC,43,38,14,28,5,0,0,S6,180.0,False,CBC,CBC,0.5465620533635233
6,12,10,6,5.0,2,3,0,1,12,1.0,2,0,2,2,0,0,0,0,0,0,1,0,1,0,0.6,0.6666666666666666,1.2,1.8666666666666667,0.6,0.7142857142857143,,0.08333333333333333,0.16666666666666666,0.16666666666666666,0.5,0.5,1.0,150.3,0.6666666666666666,1.4,2.096647368490052,0.35740000000000005,1,1,WC,12,10,6,14,2,0,0,S6,184.0,False,CBC,CBC,0.2506996304660265
3,7,7,4,1.0,1,2,0,1,9,5.0,0,0,0,0,0,0,0,0,0,0,3,0,0,0,0.5714285714285714,0.5714285714285714,1.2857142857142858,1.8571428571428572,0.7142857142857144,0.5,,0.14285714285714285,0.0,0.0,1.0,0.0,,224.57142857142858,0.5714285714285714,1.2857142857142858,3.3285317604532363,0.4698,3,0,1B,7,7,4,9,0,0,0,S6,186.0,False,BAC,BAC,0.35679019732191936
9,24,21,7,4.0,5,1,0,1,11,6.0,2,0,3,0,0,0,0,1,0,1,1,9,1,0,0.3333333333333333,0.375,0.5238095238095238,0.8988095238095238,0.19047619047619052,0.3333333333333333,,0.041666666666666664,0.125,0.08333333333333333,0.15384615384615385,0.8461538461538461,0.18181818181818182,230.7391304347826,0.375,0.47619047619047616,2.0859274211458105,0.4306,2,11,SM,24,21,6,10,3,0,0,S6,187.0,False,WWC,WWC,0.29066252934862363
4,10,9,3,2.0,2,0,0,1,6,3.0,1,0,0,0,0,0,0,0,0,1,1,3,1,0,0.3333333333333333,0.4,0.6666666666666666,1.0666666666666667,0.3333333333333333,0.25,,0.1,0.0,0.1,0.3333333333333333,0.6666666666666666,0.5,234.1,0.4,0.6666666666666666,1.7784357243402982,0.6488,2,4,SM,10,9,3,6,1,0,0,S6,188.0,False,TAK,TAK,0.2120393171148809
3,7,7,3,0.0,3,0,0,0,3,0.0,0,0,0,0,0,0,0,0,0,0,1,2,1,0,0.42857142857142855,0.42857142857142855,0.42857142857142855,0.8571428571428571,0.0,0.42857142857142855,,0.0,0.0,0.0,0.25,0.75,0.3333333333333333,240.0,0.42857142857142855,0.3333333333333333,0.5409797156339811,-0.015200000000000005,1,3,BC,7,6,2,2,1,0,0,S6,189.0,False,MPD,MPD,0.07803499283999385
9,26,26,7,7.0,4,2,0,1,12,4.0,0,0,5,1,1,0,0,0,1,7,1,5,1,0,0.2692307692307692,0.2692307692307692,0.46153846153846156,0.7307692307692308,0.19230769230769235,0.3,1.0,0.038461538461538464,0.19230769230769232,0.0,0.6,0.4,1.5,254.73076923076923,0.2692307692307692,0.46153846153846156,-1.2029917347709678,0.08009999999999999,9,6,BC,26,26,7,12,0,0,0,S6,190.0,False,CBC,CBC,-0.03139023730688402
11,33,31,5,3.0,1,2,1,1,12,6.0,1,0,13,0,0,0,0,1,0,2,3,5,4,0,0.16129032258064516,0.18181818181818182,0.3870967741935484,0.5689149560117301,0.22580645161290322,0.2222222222222222,,0.030303030303030304,0.3939393939393939,0.030303030303030304,0.3333333333333333,0.6666666666666666,0.5,277.4848484848485,0.18181818181818182,0.40625,-1.2221304829327209,-0.2289,5,10,TT,33,32,5,13,1,0,0,S6,191.0,False,CBC,CBC,-0.009367090846463588
10,29,26,7,5.0,1,4,0,2,17,6.0,3,0,7,0,0,0,0,0,1,2,1,5,4,0,0.2692307692307692,0.3448275862068966,0.6538461538461539,0.9986737400530504,0.38461538461538464,0.29411764705882354,,0.06896551724137931,0.2413793103448276,0.10344827586206896,0.3076923076923077,0.6923076923076923,0.4444444444444444,217.3793103448276,0.3448275862068966,0.6538461538461539,1.1514665256617593,0.02790000000000002,4,9,XB,29,26,7,17,3,0,0,S6,192.0,False,CBC,CBC,0.21431431214064403
9,22,20,5,1.0,3,2,0,0,7,3.0,1,0,2,0,0,0,0,1,0,2,4,7,1,0,0.25,0.2727272727272727,0.35,0.6227272727272727,0.09999999999999998,0.2631578947368421,,0.0,0.09090909090909091,0.045454545454545456,0.4,0.6,0.6666666666666666,261.45454545454544,0.2727272727272727,0.38095238095238093,0.1174923871959041,-0.14249999999999996,6,9,SM,22,21,5,8,1,0,0,S6,193.0,False,RBD,RBD,0.08697987701746275
11,30,27,8,4.0,4,3,1,0,13,2.0,2,0,4,0,0,0,0,1,0,5,2,6,3,0,0.2962962962962963,0.3333333333333333,0.48148148148148145,0.8148148148148148,0.18518518518518517,0.3333333333333333,,0.0,0.13333333333333333,0.06666666666666667,0.4117647058823529,0.5882352941176471,0.7,244.63333333333333,0.3333333333333333,0.5555555555555556,-0.5832724940233499,0.0919,7,10,WC,30,27,7,15,3,0,0,S6,194.0,False,CBC,CBC,0.0442599846402182
7,15,12,4,3.0,1,1,1,1,10,5.0,2,0,1,0,0,0,0,1,0,1,1,5,1,0,0.3333333333333333,0.4,0.8333333333333334,1.2333333333333334,0.5,0.2727272727272727,,0.06666666666666667,0.06666666666666667,0.13333333333333333,0.2222222222222222,0.7777777777777778,0.2857142857142857,199.06666666666666,0.4,0.9166666666666666,3.3614930890245684,0.13090000000000002,2,7,WC,15,12,4,11,2,1,0,S6,196.0,False,PBA,PBA,0.3874429259237334
6,12,11,2,1.0,1,1,0,0,3,0.0,1,0,3,0,0,0,0,0,1,1,0,1,4,0,0.18181818181818182,0.25,0.2727272727272727,0.5227272727272727,0.09090909090909088,0.25,,0.0,0.25,0.08333333333333333,0.2857142857142857,0.7142857142857143,0.4,285.75,0.25,0.2727272727272727,-1.612977765978783,-0.22420000000000004,2,5,S,12,11,2,3,1,0,0,S6,198.0,False,2TM,MBT,-0.12026288298085701
3,6,6,1,1.0,1,0,0,0,1,0.0,0,0,1,0,0,0,0,0,0,0,0,1,3,0,0.16666666666666666,0.16666666666666666,0.16666666666666666,0.3333333333333333,0.0,0.2,,0.0,0.16666666666666666,0.0,0.0,1.0,0.0,299.8333333333333,0.16666666666666666,0.16666666666666666,-1.0638159810024708,-0.1081,0,4,S,6,6,1,1,0,0,0,S6,198.0,True,LIM,LIM,-0.08586415129173644
4,6,5,1,0.0,0,1,0,0,2,0.0,1,0,2,0,0,0,0,0,1,1,0,0,1,0,0.2,0.3333333333333333,0.4,0.7333333333333334,0.2,0.3333333333333333,,0.0,0.3333333333333333,0.16666666666666666,0.6666666666666666,0.3333333333333333,2.0,271.6666666666667,0.3333333333333333,0.4,-0.5491617849763124,-0.11610000000000001,2,1,S,6,5,1,2,1,0,0,S6,198.0,True,MBT,MBT,-0.0343987316891206
2,5,4,1,1.0,0,0,0,1,4,2.0,1,0,1,0,0,0,0,0,0,0,0,1,1,0,0.25,0.4,1.0,1.4,0.75,0.0,,0.2,0.2,0.2,0.0,1.0,0.0,206.4,0.4,1.0,1.1518072474501724,0.16519999999999999,0,2,XB,5,4,1,4,1,0,0,S6,203.0,False,BAC,BAC,0.13227859708544276
2,5,3,3,2.0,2,0,1,0,5,1.0,2,0,0,0,0,0,0,0,0,0,0,0,0,0,1.0,1.0,1.6666666666666667,2.666666666666667,0.6666666666666667,1.0,,0.0,0.0,0.4,,,,94.4,0.6,1.4,2.35349614413202,0.35509999999999997,0,0,1B,5,5,3,7,0,0,0,S6,204.0,False,POR,POR,0.25244748675362755
6,14,13,3,1.0,1,1,1,0,6,0.0,1,0,4,2,0,0,0,0,2,2,1,1,2,0,0.23076923076923078,0.2857142857142857,0.46153846153846156,0.7472527472527473,0.23076923076923078,0.3333333333333333,,0.0,0.2857142857142857,0.07142857142857142,0.625,0.375,1.6666666666666667,255.66666666666666,0.21428571428571427,0.35714285714285715,-2.324366992152915,-0.17200000000000001,5,3,BP,14,14,3,5,0,0,0,S6,205.0,False,MBT,MBT,-0.1845626566621
7,23,23,5,1.0,3,1,0,1,9,1.0,0,0,7,0,0,0,0,0,0,1,6,4,0,0,0.21739130434782608,0.21739130434782608,0.391304347826087,0.6086956521739131,0.1739130434782609,0.26666666666666666,,0.043478260869565216,0.30434782608695654,0.0,0.6363636363636364,0.36363636363636365,1.75,283.04347826086956,0.21739130434782608,0.391304347826087,-2.599229533863487,-0.49339999999999995,7,4,1B,23,23,5,9,0,0,0,S6,207.0,False,3TM,WWC,-0.18127274062039125
2,5,5,0,0.0,0,0,0,0,0,0.0,0,0,0,0,0,0,0,0,0,0,3,2,0,0,0.0,0.0,0.0,0.0,0.0,0.0,,0.0,0.0,0.0,0.6,0.4,1.5,376.4,0.0,0.0,-1.3080856515628878,-0.2263,3,2,1B,5,5,0,0,0,0,0,S6,207.0,True,LMN,LMN,-0.11371069281586325
5,12,12,4,1.0,2,1,0,1,8,1.0,0,0,5,0,0,0,0,0,0,0,1,2,0,0,0.3333333333333333,0.3333333333333333,0.6666666666666666,1.0,0.3333333333333333,0.5,,0.08333333333333333,0.4166666666666667,0.0,0.3333333333333333,0.6666666666666666,0.5,220.16666666666666,0.3333333333333333,0.6666666666666666,-0.39675718351566475,-0.1538,1,2,1B,12,12,4,8,0,0,0,S6,207.0,True,WWC,WWC,0.0013591752654547983
3,6,6,1,0.0,1,0,0,0,1,0.0,0,0,2,0,0,0,0,0,0,1,2,0,0,0,0.16666666666666666,0.16666666666666666,0.16666666666666666,0.3333333333333333,0.0,0.25,,0.0,0.3333333333333333,0.0,1.0,0.0,,331.0,0.16666666666666666,0.16666666666666666,-0.8943866987849345,-0.1133,3,0,1B,6,6,1,1,0,0,0,S6,207.0,True,LEM,LEM,-0.0689212230699828
2,4,3,0,0.0,0,0,0,0,0,0.0,1,0,0,0,0,0,0,0,0,1,0,1,1,0,0.0,0.25,0.0,0.25,0.0,0.0,,0.0,0.0,0.25,0.3333333333333333,0.6666666666666666,0.5,300.0,0.25,0.0,-0.3563424200341624,-0.0358,1,2,BN,4,3,0,0,1,0,0,S6,212.0,False,SAS,SAS,-0.021955944131075815
6,18,17,3,2.0,2,0,0,1,6,1.0,1,0,3,0,0,0,0,0,1,2,3,4,2,0,0.17647058823529413,0.2222222222222222,0.35294117647058826,0.5751633986928104,0.17647058823529413,0.15384615384615385,,0.05555555555555555,0.16666666666666666,0.05555555555555555,0.5,0.5,1.0,282.27777777777777,0.2222222222222222,0.35294117647058826,-2.2754243055798815,-0.052500000000000005,6,6,1B,18,17,3,6,1,0,0,S6,213.0,False,2TM,MPD,-0.16599009013245625
2,6,6,1,1.0,1,0,0,0,1,0.0,0,0,2,0,0,0,0,0,0,0,1,0,2,0,0.16666666666666666,0.16666666666666666,0.16666666666666666,0.3333333333333333,0.0,0.25,,0.0,0.3333333333333333,0.0,0.3333333333333333,0.6666666666666666,0.5,310.1666666666667,0.16666666666666666,0.16666666666666666,-0.7662135680564948,-0.0404,1,2,1B,6,6,1,1,0,0,0,S6,213.0,True,SUP,SUP,-0.05610390999713884
4,12,11,2,1.0,1,0,0,1,5,1.0,1,0,1,0,0,0,0,0,1,2,2,4,0,0,0.18181818181818182,0.25,0.45454545454545453,0.7045454545454546,0.2727272727272727,0.1111111111111111,,0.08333333333333333,0.08333333333333333,0.08333333333333333,0.5555555555555556,0.4444444444444444,1.25,268.3333333333333,0.25,0.45454545454545453,-1.5092107375233867,-0.012099999999999986,5,4,1B,12,11,2,5,1,0,0,S6,213.0,True,MPD,MPD,-0.1098861801353174
4,7,6,0,0.0,0,0,0,0,0,0.0,1,0,2,1,0,0,0,0,0,0,1,2,1,0,0.0,0.14285714285714285,0.0,0.14285714285714285,0.0,0.0,,0.0,0.2857142857142857,0.14285714285714285,0.25,0.75,0.3333333333333333,325.8333333333333,0.0,0.0,-1.1502004409655542,-0.1313,1,3,SM,7,7,0,0,0,0,0,S6,217.0,False,WWC,WWC,-0.09108302281995968
5,11,11,1,1.0,0,0,0,1,4,1.0,0,0,7,1,0,0,0,0,0,0,2,0,1,0,0.09090909090909091,0.09090909090909091,0.36363636363636365,0.4545454545454546,0.2727272727272727,0.0,,0.09090909090909091,0.6363636363636364,0.0,0.6666666666666666,0.3333333333333333,2.0,299.0,0.09090909090909091,0.36363636363636365,-1.0646909209829627,-0.15440000000000004,2,1,HK,11,11,1,4,0,0,0,S6,223.0,False,SAS,SAS,-0.0688537729493601
9,21,19,8,3.0,6,1,1,0,11,1.0,2,0,0,0,0,0,0,0,0,3,0,2,6,0,0.42105263157894735,0.47619047619047616,0.5789473684210527,1.055137844611529,0.1578947368421053,0.42105263157894735,,0.0,0.0,0.09523809523809523,0.2727272727272727,0.7272727272727273,0.375,243.3,0.47619047619047616,0.5625,0.6370747827459531,0.04909999999999999,3,8,SF,21,16,5,9,5,0,0,S6,226.0,False,JEF,JEF,0.13551854210438255
3,5,5,1,1.0,0,1,0,0,2,1.0,0,0,1,0,0,0,0,0,1,0,1,2,0,0,0.2,0.2,0.4,0.6000000000000001,0.2,0.25,,0.0,0.2,0.0,0.5,0.5,1.0,282.0,0.2,0.4,-1.9464699842267725,-0.3234000000000001,2,2,SM,5,5,1,2,0,0,0,S6,227.0,False,2TM,TAK,-0.17754912608225173
2,2,2,1,1.0,0,1,0,0,2,1.0,0,0,0,0,0,0,0,0,1,0,1,0,0,0,0.5,0.5,1.0,1.5,0.5,0.5,,0.0,0.0,0.0,1.0,0.0,,251.5,0.5,1.0,-1.1635647748007298,-0.26410000000000006,2,0,SM,2,2,1,2,0,0,0,S6,227.0,True,TAK,TAK,-0.10951732854390277
1,3,3,0,0.0,0,0,0,0,0,0.0,0,0,1,0,0,0,0,0,0,0,0,2,0,0,0.0,0.0,0.0,0.0,0.0,0.0,,0.0,0.3333333333333333,0.0,0.0,1.0,0.0,302.3333333333333,0.0,0.0,-0.7829052094260427,-0.0593,0,2,SM,3,3,0,0,0,0,0,S6,227.0,True,LMN,LMN,-0.06803179753834895
11,25,24,3,0.0,0,3,0,0,6,0.0,1,0,8,0,0,0,0,0,1,1,3,2,7,0,0.125,0.16,0.25,0.41000000000000003,0.125,0.1875,,0.0,0.32,0.04,0.35714285714285715,0.6428571428571429,0.5555555555555556,275.24,0.2,0.2608695652173913,-4.707169573042933,-0.40650000000000003,5,9,XB,25,23,3,6,2,0,0,S6,230.0,False,MBT,MBT,-0.38522759560216563
7,16,14,2,1.0,1,0,0,1,5,2.0,2,0,3,0,0,1,0,0,0,3,0,4,2,0,0.14285714285714285,0.25,0.35714285714285715,0.6071428571428572,0.2142857142857143,0.1,0.0,0.0625,0.1875,0.125,0.3333333333333333,0.6666666666666666,0.5,279.2352941176471,0.125,0.26666666666666666,-1.5929665217518791,-0.5347,3,6,S,16,15,1,4,1,0,0,S6,233.0,False,MPD,MPD,-0.1045834606858262
13,34,32,12,6.0,4,5,2,1,24,4.0,2,0,9,2,0,2,0,0,0,1,1,6,3,0,0.375,0.4117647058823529,0.75,1.1617647058823528,0.375,0.5,0.0,0.029411764705882353,0.2647058823529412,0.058823529411764705,0.18181818181818182,0.8181818181818182,0.2222222222222222,216.96969696969697,0.4117647058823529,0.75,2.421521452276109,0.31140000000000007,2,9,S,34,32,12,24,2,0,0,S6,235.0,False,CIM,CIM,0.3584176771425045
14,46,43,7,6.0,1,2,2,2,19,7.0,2,0,12,0,0,0,0,1,2,7,9,9,0,0,0.16279069767441862,0.1956521739130435,0.4418604651162791,0.6375126390293225,0.27906976744186046,0.16666666666666666,,0.043478260869565216,0.2608695652173913,0.043478260869565216,0.6428571428571429,0.35714285714285715,1.8,276.2608695652174,0.1956521739130435,0.46511627906976744,-4.826895572582561,-0.4577999999999999,18,10,XB,46,43,7,20,2,1,0,S6,238.0,False,3TM,CIM,-0.3253891317263412
2,6,6,2,2.0,0,0,1,1,7,1.0,0,0,0,0,0,0,0,0,0,1,1,2,0,0,0.3333333333333333,0.3333333333333333,1.1666666666666667,1.5,0.8333333333333335,0.2,,0.16666666666666666,0.0,0.0,0.5,0.5,1.0,205.33333333333334,0.3333333333333333,1.3333333333333333,0.039487009053419675,-0.01599999999999998,2,2,XB,6,6,2,8,0,0,0,S6,238.0,True,LMN,LMN,0.024466147713852603
14,35,32,3,3.0,1,1,1,0,6,3.0,2,0,12,0,0,0,0,1,2,5,6,7,0,0,0.09375,0.14285714285714285,0.1875,0.33035714285714285,0.09375,0.14285714285714285,,0.0,0.34285714285714286,0.05714285714285714,0.6190476190476191,0.38095238095238093,1.625,289.6,0.14285714285714285,0.1875,-5.822531290223176,-0.5636,13,8,XB,35,32,3,6,2,1,0,S6,238.0,True,CIM,CIM,-0.4625680226393388
2,5,5,2,1.0,0,1,0,1,6,3.0,0,0,0,0,0,0,0,0,0,1,2,0,0,0,0.4,0.4,1.2,1.6,0.7999999999999999,0.25,,0.2,0.0,0.0,1.0,0.0,,268.0,0.4,1.2,0.9561487085871947,0.1218,3,0,XB,5,5,2,6,0,0,0,S6,238.0,True,LEM,LEM,0.112712743199145
6,11,10,5,3.0,3,1,0,1,9,3.0,1,0,1,0,0,0,0,0,1,2,2,0,0,0,0.5,0.5454545454545454,0.9,1.4454545454545453,0.4,0.5,,0.09090909090909091,0.09090909090909091,0.09090909090909091,1.0,0.0,,252.0,0.45454545454545453,0.75,2.190535189973848,0.25100000000000006,5,0,HK,11,8,2,6,3,0,0,S6,241.0,False,BBB,BBB,0.25666883814632097
3,4,4,0,0.0,0,0,0,0,0,0.0,0,0,4,4,0,0,0,0,0,0,0,0,0,0,0.0,0.0,0.0,0.0,0.0,,,0.0,1.0,0.0,,,,,0.0,0.0,-0.9693792737727269,-0.0963,0,0,EN,4,4,0,0,0,0,0,S6,244.0,False,2TM,LIM,-0.08325962950493226
2,3,3,0,0.0,0,0,0,0,0,0.0,0,0,3,3,0,0,0,0,0,0,0,0,0,0,0.0,0.0,0.0,0.0,0.0,,,0.0,1.0,0.0,,,,,0.0,0.0,-0.7829052094260427,-0.08149999999999999,0,0,EN,3,3,0,0,0,0,0,S6,244.0,True,MBT,MBT,-0.06803179753834895
1,1,1,0,0.0,0,0,0,0,0,0.0,0,0,1,1,0,0,0,0,0,0,0,0,0,0,0.0,0.0,0.0,0.0,0.0,,,0.0,1.0,0.0,,,,,0.0,0.0,-0.18647406434668418,-0.0148,0,0,EN,1,1,0,0,0,0,0,S6,244.0,True,LIM,LIM,-0.01522783196658331
1,2,2,0,0.0,0,0,0,0,0,0.0,0,0,1,1,0,0,0,0,0,1,0,0,0,0,0.0,0.0,0.0,0.0,0.0,0.0,,0.0,0.5,0.0,1.0,0.0,,420.0,0.0,0.0,-0.3813706825718227,-0.0532,1,0,S,2,2,0,0,0,0,0,S6,247.0,False,LIM,LIM,-0.03129791932101206
9,20,15,2,2.0,1,1,0,0,3,1.0,4,0,4,1,0,1,0,1,2,1,6,3,0,0,0.13333333333333333,0.3,0.2,0.5,0.06666666666666668,0.16666666666666666,0.0,0.0,0.2,0.2,0.6923076923076923,0.3076923076923077,2.25,302.63157894736844,0.3,0.1875,-2.693044210424124,-0.2882,9,4,1B,20,16,2,3,4,0,0,S6,249.0,False,2TM,POR,-0.20091293168071025
7,15,12,2,2.0,1,1,0,0,3,0.0,3,0,3,1,0,0,0,0,1,1,4,2,0,0,0.16666666666666666,0.3333333333333333,0.25,0.5833333333333333,0.08333333333333334,0.2222222222222222,,0.0,0.2,0.2,0.75,0.25,3.0,294.15384615384613,0.3333333333333333,0.25,-1.6338239774460446,-0.1461,6,2,1B,15,12,2,3,3,0,0,S6,249.0,True,POR,POR,-0.11208878072332787
2,5,3,0,0.0,0,0,0,0,0,1.0,1,0,1,0,0,1,0,1,1,0,2,1,0,0,0.0,0.2,0.0,0.2,0.0,0.0,0.0,0.0,0.2,0.2,0.6,0.4,1.5,321.0,0.2,0.0,-1.0592202329780793,-0.1421,3,2,1B,5,4,0,0,1,0,0,S6,249.0,True,LIM,LIM,-0.0888241509573824
9,25,24,4,4.0,1,0,0,3,13,4.0,1,0,7,0,0,1,0,0,0,2,4,4,3,0,0.16666666666666666,0.2,0.5416666666666666,0.7416666666666667,0.375,0.07142857142857142,0.0,0.12,0.28,0.04,0.46153846153846156,0.5384615384615384,0.8571428571428571,307.11538461538464,0.16,0.52,-0.7349222935285304,0.0489,6,7,TT,25,25,4,13,0,0,0,S6,252.0,False,CIM,CIM,0.011997132349274608
6,13,12,4,0.0,2,1,1,0,7,0.0,1,0,5,1,0,0,0,0,0,0,0,2,1,0,0.3333333333333333,0.38461538461538464,0.5833333333333334,0.9679487179487181,0.25000000000000006,0.5714285714285714,,0.0,0.38461538461538464,0.07692307692307693,0.0,1.0,0.0,210.25,0.38461538461538464,0.5833333333333334,-1.2645845711504715,-0.14899999999999997,0,3,WC,13,12,4,7,1,0,0,S6,255.0,False,BBB,BBB,-0.08200398902994077
3,7,7,3,1.0,2,0,0,1,6,3.0,0,0,1,0,0,0,0,0,0,0,1,2,0,0,0.42857142857142855,0.42857142857142855,0.8571428571428571,1.2857142857142856,0.42857142857142855,0.4,,0.14285714285714285,0.14285714285714285,0.0,0.3333333333333333,0.6666666666666666,0.5,209.14285714285714,0.42857142857142855,0.8333333333333334,2.0436936589877703,0.21910000000000002,1,2,WC,7,6,2,5,1,0,0,S6,256.0,False,SUP,SUP,0.22830638717537277
10,26,24,7,3.0,2,4,0,1,14,2.0,2,0,5,1,0,0,0,0,0,1,3,5,3,0,0.2916666666666667,0.34615384615384615,0.5833333333333334,0.9294871794871795,0.2916666666666667,0.3333333333333333,,0.038461538461538464,0.19230769230769232,0.07692307692307693,0.3333333333333333,0.6666666666666666,0.5,227.36,0.34615384615384615,0.625,-0.1512439951410363,-0.2806,4,8,EN,26,24,8,15,1,1,0,S6,257.0,False,CWJ,CWJ,0.07378453665610914
13,30,27,2,4.0,0,0,0,2,8,2.0,3,0,7,0,0,0,0,0,0,6,2,8,2,0,0.07407407407407407,0.16666666666666666,0.2962962962962963,0.4629629629629629,0.2222222222222222,0.0,,0.06666666666666667,0.23333333333333334,0.1,0.4444444444444444,0.5555555555555556,0.8,276.03333333333336,0.16666666666666666,0.2962962962962963,-4.069519643899315,-0.5850000000000001,8,10,BP,30,27,2,8,3,0,0,S6,258.0,False,SGP,SGP,-0.3043647303473783
12,41,36,7,2.0,4,2,0,1,12,4.0,4,0,10,0,0,0,0,1,3,6,6,5,3,0,0.19444444444444445,0.2682926829268293,0.3333333333333333,0.6016260162601625,0.13888888888888887,0.23076923076923078,,0.024390243902439025,0.24390243902439024,0.0975609756097561,0.625,0.375,1.6666666666666667,263.3414634146341,0.2682926829268293,0.3333333333333333,-3.2159268602904696,-0.46330000000000005,15,9,XB,41,36,7,12,4,1,0,S6,259.0,False,3TM,RBD,-0.18139013283755762
11,30,27,4,1.0,2,1,0,1,8,3.0,3,0,7,0,0,0,0,0,3,5,6,3,2,0,0.14814814814814814,0.23333333333333334,0.2962962962962963,0.5296296296296297,0.14814814814814814,0.15789473684210525,,0.03333333333333333,0.23333333333333334,0.1,0.7368421052631579,0.2631578947368421,2.8,286.2,0.23333333333333334,0.2962962962962963,-3.6327156030277394,-0.5209999999999999,14,5,XB,30,27,4,8,3,0,0,S6,259.0,True,RBD,RBD,-0.26068432626022076
3,9,7,3,1.0,2,1,0,0,4,1.0,1,0,2,0,0,0,0,1,0,1,0,2,0,0,0.42857142857142855,0.4444444444444444,0.5714285714285714,1.0158730158730158,0.14285714285714285,0.5,,0.0,0.2222222222222222,0.1111111111111111,0.25,0.75,0.3333333333333333,180.0,0.4444444444444444,0.5714285714285714,0.8168973203702768,0.0863,1,3,XB,9,7,3,4,1,1,0,S6,259.0,True,LMN,LMN,0.11246590224979365
1,2,2,0,0.0,0,0,0,0,0,0.0,0,0,1,0,0,0,0,0,0,0,0,0,1,0,0.0,0.0,0.0,0.0,0.0,0.0,,0.0,0.5,0.0,0.0,1.0,0.0,295.5,0.0,0.0,-0.4001085776330076,-0.0286,0,1,XB,2,2,0,0,0,0,0,S6,259.0,True,LEM,LEM,-0.033171708827130546
7,19,17,4,2.0,3,0,0,1,7,1.0,2,0,3,0,0,0,0,0,0,3,2,4,1,0,0.23529411764705882,0.3157894736842105,0.4117647058823529,0.7275541795665634,0.1764705882352941,0.23076923076923078,,0.05263157894736842,0.15789473684210525,0.10526315789473684,0.5,0.5,1.0,243.0,0.2631578947368421,0.4444444444444444,-1.0599681566552857,0.07199999999999997,5,5,BC,19,18,4,8,1,0,0,S6,260.0,False,RBD,RBD,-0.041024900771911545
14,57,52,23,12.0,16,2,1,4,39,13.0,4,0,7,0,5,2,0,1,0,2,3,14,4,0,0.4423076923076923,0.47368421052631576,0.75,1.2236842105263157,0.3076923076923077,0.4523809523809524,0.7142857142857143,0.07017543859649122,0.12280701754385964,0.07017543859649122,0.20833333333333334,0.7916666666666666,0.2631578947368421,215.21875,0.49122807017543857,0.8,7.17684394635047,1.0914000000000001,5,19,SM,57,50,22,40,6,1,0,S6,262.0,False,3TM,LEM,0.912600139315898
14,38,35,12,7.0,9,0,1,2,20,10.0,2,0,5,0,2,1,0,1,0,2,2,13,2,0,0.34285714285714286,0.3684210526315789,0.5714285714285714,0.9398496240601504,0.22857142857142854,0.3448275862068966,0.6666666666666666,0.05263157894736842,0.13157894736842105,0.05263157894736842,0.2,0.8,0.25,234.6829268292683,0.39473684210526316,0.6363636363636364,3.0157302902919874,0.5643,4,16,SM,38,33,11,21,4,1,0,S6,262.0,True,CBC,CBC,0.43151685881643276
4,12,12,9,4.0,5,2,0,2,17,3.0,0,0,0,0,1,1,0,0,0,0,1,1,1,0,0.75,0.75,1.4166666666666667,2.166666666666667,0.6666666666666667,0.7,0.5,0.16666666666666666,0.0,0.0,0.3333333333333333,0.6666666666666666,0.5,157.78571428571428,0.75,1.4166666666666667,3.4271629740767535,0.45389999999999997,1,2,SM,12,12,9,17,0,0,0,S6,262.0,True,LMN,LMN,0.3837511910246966
3,7,5,2,1.0,2,0,0,0,2,0.0,2,0,2,0,2,0,0,0,0,0,0,0,1,0,0.4,0.5714285714285714,0.4,0.9714285714285714,0.0,0.6666666666666666,1.0,0.0,0.2857142857142857,0.2857142857142857,0.0,1.0,0.0,215.88888888888889,0.5714285714285714,0.4,0.733950681981729,0.07319999999999999,0,1,SM,7,5,2,2,2,0,0,S6,262.0,True,LEM,LEM,0.09733208947476864
12,35,29,4,0.0,4,0,0,0,4,1.0,6,0,6,1,0,0,0,0,0,3,3,6,7,0,0.13793103448275862,0.2857142857142857,0.13793103448275862,0.4236453201970443,0.0,0.17391304347826086,,0.0,0.17142857142857143,0.17142857142857143,0.3157894736842105,0.6842105263157895,0.46153846153846156,272.5,0.2857142857142857,0.20689655172413793,-3.14858321944004,-0.35400000000000004,6,13,WC,35,29,4,6,6,0,0,S6,264.0,False,2TM,SLT,-0.19517321556102527
2,5,4,0,0.0,0,0,0,0,0,0.0,1,0,0,0,0,0,0,0,0,0,0,1,3,0,0.0,0.2,0.0,0.2,0.0,0.0,,0.0,0.0,0.2,0.0,1.0,0.0,302.0,0.2,0.0,-1.0778787154242937,-0.1409,0,4,WC,5,4,0,0,1,0,0,S6,264.0,True,LMN,LMN,-0.09068999920200384
11,30,25,4,0.0,4,0,0,0,4,1.0,5,0,6,1,0,0,0,0,0,3,3,5,4,0,0.16,0.3,0.16,0.45999999999999996,0.0,0.21052631578947367,,0.0,0.2,0.16666666666666666,0.4,0.6,0.6666666666666666,267.41379310344826,0.3,0.24,-2.0707045040157466,-0.21310000000000004,6,9,WC,30,25,4,6,5,0,0,S6,264.0,True,SLT,SLT,-0.10448321635902147
9,24,21,3,5.0,1,0,1,1,8,4.0,3,0,3,0,0,0,0,0,0,4,3,5,3,0,0.14285714285714285,0.25,0.38095238095238093,0.6309523809523809,0.23809523809523808,0.11764705882352941,,0.041666666666666664,0.125,0.125,0.4666666666666667,0.5333333333333333,0.875,299.82608695652175,0.25,0.3333333333333333,0.07556318375797522,-0.00790000000000006,7,8,BP,24,21,3,7,3,0,0,S6,265.0,False,FRG,FRG,0.08962610560984006
2,5,5,1,1.0,0,1,0,0,2,0.0,0,0,1,1,0,0,0,0,0,1,2,0,0,0,0.2,0.2,0.4,0.6000000000000001,0.2,0.25,,0.0,0.2,0.0,1.0,0.0,,315.0,0.2,0.4,-0.5476809026361096,-0.0252,3,0,1B,5,5,1,2,0,0,0,S6,266.0,False,SLT,SLT,-0.03767021792318542
3,7,7,0,0.0,0,0,0,0,0,0.0,0,0,2,0,0,0,0,0,0,2,0,3,0,0,0.0,0.0,0.0,0.0,0.0,0.0,,0.0,0.2857142857142857,0.0,0.4,0.6,0.6666666666666666,318.42857142857144,0.0,0.0,-1.6290207086928823,-0.18739999999999998,2,3,SM,7,7,0,0,0,0,0,S6,268.0,False,PHB,PHB,-0.13896504959269249
9,25,24,5,1.0,2,3,0,0,8,2.0,1,0,3,0,0,0,0,0,0,3,3,3,7,0,0.20833333333333334,0.24,0.3333333333333333,0.5733333333333333,0.12499999999999997,0.23809523809523808,,0.0,0.12,0.04,0.375,0.625,0.6,281.16,0.24,0.3333333333333333,-4.328093008724297,-0.36810000000000004,6,10,XB,25,24,5,8,1,0,0,S6,269.0,False,AAL,AAL,-0.347319939170302
2,5,3,1,0.0,1,0,0,0,1,0.0,2,0,0,0,1,1,0,0,0,1,0,0,1,0,0.3333333333333333,0.6,0.3333333333333333,0.9333333333333333,0.0,0.3333333333333333,0.5,0.0,0.0,0.4,0.5,0.5,1.0,249.57142857142858,0.4,0.25,-0.35080863483174196,-0.07150000000000001,1,1,SF,5,4,1,1,1,0,0,S6,270.0,False,SAR,SAR,-0.017982991142748664
5,12,9,3,1.0,0,3,0,0,6,3.0,3,0,0,0,0,0,0,0,0,2,1,1,2,0,0.3333333333333333,0.5,0.6666666666666666,1.1666666666666665,0.3333333333333333,0.3333333333333333,,0.0,0.0,0.25,0.5,0.5,1.0,230.91666666666666,0.5,0.5555555555555556,1.8171786794094837,0.058799999999999984,3,3,XB,12,9,3,5,3,0,0,S6,271.0,False,2TM,POR,0.22275276155796964
4,8,6,1,0.0,0,1,0,0,2,1.0,2,0,0,0,0,0,0,0,0,2,1,0,2,0,0.16666666666666666,0.375,0.3333333333333333,0.7083333333333333,0.16666666666666666,0.16666666666666666,,0.0,0.0,0.25,0.6,0.4,1.5,293.375,0.375,0.16666666666666666,-0.3907135844594525,0.09549999999999999,3,2,XB,8,6,1,1,2,0,0,S6,271.0,True,PHB,PHB,-0.011714762701264397
1,4,3,2,1.0,0,2,0,0,4,2.0,1,0,0,0,0,0,0,0,0,0,0,1,0,0,0.6666666666666666,0.75,1.3333333333333333,2.083333333333333,0.6666666666666666,0.6666666666666666,,0.0,0.0,0.25,0.0,1.0,0.0,106.0,0.75,1.3333333333333333,2.2078922638689362,-0.0367,0,1,XB,4,3,2,4,1,0,0,S6,271.0,True,POR,POR,0.23446752425923406
2,6,5,2,1.0,0,1,0,1,6,2.0,1,0,1,0,0,0,0,0,0,0,1,1,0,0,0.4,0.5,1.2,1.7,0.7999999999999999,0.3333333333333333,,0.16666666666666666,0.16666666666666666,0.16666666666666666,0.5,0.5,1.0,214.0,0.3333333333333333,1.0,1.8045824573033642,0.3330000000000001,1,1,WC,6,6,2,6,0,0,0,S6,272.0,False,JEF,JEF,0.20097569253884706
2,4,4,1,1.0,0,0,0,1,4,2.0,0,0,1,0,0,0,0,0,0,0,2,0,0,0,0.25,0.25,1.0,1.25,0.75,0.0,,0.25,0.25,0.0,1.0,0.0,,321.25,0.25,1.0,1.0536146902472876,0.055999999999999994,2,0,BN,4,4,1,4,0,0,0,S6,273.0,False,SAS,SAS,0.11903976689706919
10,25,23,6,1.0,4,2,0,0,8,0.0,2,0,3,0,0,0,0,0,1,1,3,8,2,0,0.2608695652173913,0.32,0.34782608695652173,0.6678260869565218,0.08695652173913043,0.3,,0.0,0.12,0.08,0.3333333333333333,0.6666666666666666,0.5,235.56,0.32,0.43478260869565216,-1.1719865946909853,-0.1122,5,10,1B,25,23,6,10,2,0,0,S6,275.0,False,2TM,SLT,-0.03170929776697088
10,22,20,6,1.0,4,2,0,0,8,0.0,2,0,3,0,0,0,0,0,1,1,2,6,2,0,0.3,0.36363636363636365,0.4,0.7636363636363637,0.10000000000000003,0.35294117647058826,,0.0,0.13636363636363635,0.09090909090909091,0.3333333333333333,0.6666666666666666,0.5,224.77272727272728,0.36363636363636365,0.5,-0.5547748893328219,-0.015400000000000014,4,8,1B,22,20,6,10,2,0,0,S6,275.0,True,SLT,SLT,0.01975314936459015
1,3,3,0,0.0,0,0,0,0,0,0.0,0,0,0,0,0,0,0,0,0,0,1,2,0,0,0.0,0.0,0.0,0.0,0.0,0.0,,0.0,0.0,0.0,0.3333333333333333,0.6666666666666666,0.5,314.6666666666667,0.0,0.0,-0.6172117053581634,-0.0968,1,2,1B,3,3,0,0,0,0,0,S6,275.0,True,LEM,LEM,-0.05146244713156102
10,24,19,5,3.0,2,1,0,2,12,2.0,5,0,3,1,0,0,0,0,0,5,3,2,1,0,0.2631578947368421,0.4166666666666667,0.631578947368421,1.0482456140350878,0.3684210526315789,0.21428571428571427,,0.08333333333333333,0.125,0.20833333333333334,0.7272727272727273,0.2727272727272727,2.6666666666666665,261.0869565217391,0.375,0.6,1.889675400171949,0.1956,8,3,1B,24,20,5,12,4,0,0,S6,278.0,False,JEF,JEF,0.2710373272512374
4,9,9,4,1.0,3,1,0,0,5,0.0,0,0,1,0,0,0,0,0,1,2,1,1,0,0,0.4444444444444444,0.4444444444444444,0.5555555555555556,1.0,0.11111111111111116,0.5,,0.0,0.1111111111111111,0.0,0.8,0.2,4.0,254.22222222222223,0.4444444444444444,0.42857142857142855,-0.7448566651799545,-0.03409999999999999,4,1,1B,9,7,2,3,2,0,0,S6,282.0,False,JEF,JEF,-0.043709496305229495
8,23,21,7,4.0,4,0,0,3,16,6.0,1,0,3,1,1,0,0,1,2,2,0,9,1,0,0.3333333333333333,0.34782608695652173,0.7619047619047619,1.1097308488612836,0.42857142857142855,0.25,1.0,0.13043478260869565,0.13043478260869565,0.043478260869565216,0.26666666666666666,0.7333333333333333,0.36363636363636365,211.2608695652174,0.30434782608695654,0.7,0.8599302095464197,0.31399999999999995,4,11,SM,23,20,5,14,2,1,0,S6,284.0,False,WWC,WWC,0.1646432337205994
10,27,24,6,5.0,2,3,1,0,11,0.0,3,0,6,0,0,0,0,0,1,4,1,5,2,0,0.25,0.3333333333333333,0.4583333333333333,0.7916666666666666,0.20833333333333331,0.3333333333333333,,0.0,0.2222222222222222,0.1111111111111111,0.46153846153846156,0.5384615384615384,0.8571428571428571,248.59259259259258,0.2962962962962963,0.36,-4.070746189187909,-0.3735,6,7,BP,27,25,6,9,2,0,0,S6,287.0,False,JEF,JEF,-0.314746108280493
8,27,25,8,4.0,5,0,1,2,16,4.0,2,0,2,0,1,0,0,0,1,5,3,7,0,0,0.32,0.37037037037037035,0.64,1.0103703703703704,0.32,0.2857142857142857,1.0,0.07407407407407407,0.07407407407407407,0.07407407407407407,0.5625,0.4375,1.2857142857142858,239.35714285714286,0.3333333333333333,0.56,-1.2453155473037323,-0.45710000000000006,9,7,BP,27,25,7,14,2,0,0,S6,289.0,False,JEF,JEF,-0.03220304409207536
7,22,16,7,5.0,4,0,0,3,16,7.0,6,2,3,0,0,0,0,0,1,2,1,2,1,0,0.4375,0.5909090909090909,1.0,1.5909090909090908,0.5625,0.4,,0.13636363636363635,0.13636363636363635,0.2727272727272727,0.5714285714285714,0.42857142857142855,1.3333333333333333,169.0,0.6363636363636364,1.0666666666666667,4.677345420130681,0.31999999999999995,4,3,MH,22,15,7,16,7,0,0,S6,290.0,False,JEF,JEF,0.5429651803109404
10,35,32,12,2.0,8,1,2,1,20,6.0,3,0,2,0,1,0,0,0,2,2,5,3,8,0,0.375,0.42857142857142855,0.625,1.0535714285714286,0.25,0.3793103448275862,1.0,0.02857142857142857,0.05714285714285714,0.08571428571428572,0.45,0.55,0.8181818181818182,248.11111111111111,0.42857142857142855,0.6333333333333333,2.3135839208024462,0.3820000000000001,9,11,BC,35,30,10,19,5,0,0,S6,293.0,False,3TM,LEM,0.35104349846322336
3,9,8,2,1.0,1,0,0,1,5,3.0,1,0,0,0,1,0,0,0,0,1,1,1,3,0,0.25,0.3333333333333333,0.625,0.9583333333333333,0.375,0.14285714285714285,1.0,0.1111111111111111,0.0,0.1111111111111111,0.3333333333333333,0.6666666666666666,0.5,257.5,0.3333333333333333,0.625,1.7625431269827825,-0.03960000000000002,2,4,BC,9,8,2,5,1,0,0,S6,293.0,True,LMN,LMN,0.20703048291104423
9,23,21,7,1.0,5,0,2,0,11,3.0,2,0,2,0,0,0,0,0,2,1,4,2,5,0,0.3333333333333333,0.391304347826087,0.5238095238095238,0.9151138716356109,0.19047619047619052,0.3684210526315789,,0.0,0.08695652173913043,0.08695652173913043,0.5,0.5,1.0,265.0,0.391304347826087,0.5263157894736842,-0.9768799242270321,0.17740000000000009,7,7,BC,23,19,5,10,4,0,0,S6,293.0,True,JEF,JEF,-0.019037779656745756
1,3,3,3,0.0,2,1,0,0,4,0.0,0,0,0,0,0,0,0,0,0,0,0,0,0,0,1.0,1.0,1.3333333333333333,2.333333333333333,0.33333333333333326,1.0,,0.0,0.0,0.0,,,,87.33333333333333,1.0,1.3333333333333333,1.5279207180466963,0.2442,0,0,BC,3,3,3,4,0,0,0,S6,293.0,True,LEM,LEM,0.16305079520892493
4,11,11,0,0.0,0,0,0,0,0,0.0,0,0,4,1,0,0,0,0,1,0,3,1,3,0,0.0,0.0,0.0,0.0,0.0,0.0,,0.0,0.36363636363636365,0.0,0.5,0.5,1.0,356.9,0.0,0.0,-3.789230855783638,-0.4027,4,4,BN,11,11,0,0,0,0,0,S6,295.0,False,POR,POR,-0.3413077664294276
10,28,27,10,3.0,6,1,0,3,20,7.0,1,0,8,1,0,0,0,0,1,2,3,3,1,0,0.37037037037037035,0.39285714285714285,0.7407407407407407,1.1335978835978835,0.37037037037037035,0.4375,,0.10714285714285714,0.2857142857142857,0.03571428571428571,0.6,0.4,1.5,232.4814814814815,0.39285714285714285,0.6666666666666666,2.940472324766586,0.4539000000000001,6,4,HK,28,24,7,16,4,0,0,S6,298.0,False,2TM,JEF,0.38979531758304153
10,22,21,9,3.0,6,0,0,3,18,7.0,1,0,5,1,0,0,0,0,1,2,1,3,1,0,0.42857142857142855,0.45454545454545453,0.8571428571428571,1.3116883116883116,0.42857142857142855,0.46153846153846156,,0.13636363636363635,0.22727272727272727,0.045454545454545456,0.5,0.5,1.0,204.04761904761904,0.45454545454545453,0.7777777777777778,3.6468864142996984,0.5056,4,4,HK,22,18,6,14,4,0,0,S6,298.0,True,JEF,JEF,0.4399192797278422
2,6,6,1,0.0,0,1,0,0,2,0.0,0,0,3,0,0,0,0,0,0,0,2,0,0,0,0.16666666666666666,0.16666666666666666,0.3333333333333333,0.5,0.16666666666666666,0.3333333333333333,,0.0,0.5,0.0,1.0,0.0,,332.0,0.16666666666666666,0.3333333333333333,-0.7064140895331128,-0.0517,2,0,HK,6,6,1,2,0,0,0,S6,298.0,True,LMN,LMN,-0.05012396214480064
10,28,21,6,3.0,2,3,0,1,12,4.0,7,0,7,0,3,1,0,0,0,2,3,3,0,0,0.2857142857142857,0.4642857142857143,0.5714285714285714,1.0357142857142856,0.2857142857142857,0.38461538461538464,0.75,0.03571428571428571,0.25,0.25,0.625,0.375,1.6666666666666667,217.125,0.4642857142857143,0.6190476190476191,3.5789647296908806,0.22089999999999999,5,3,WC,28,21,6,13,7,0,0,S6,301.0,False,2TM,JEF,0.45364455807547105
10,26,19,5,3.0,2,2,0,1,10,3.0,7,0,6,0,3,1,0,0,0,2,3,3,0,0,0.2631578947368421,0.46153846153846156,0.5263157894736842,0.9878542510121457,0.2631578947368421,0.3333333333333333,0.75,0.038461538461538464,0.23076923076923078,0.2692307692307692,0.625,0.375,1.6666666666666667,221.36666666666667,0.46153846153846156,0.5789473684210527,3.0018816134949677,0.2218,5,3,WC,26,19,5,11,7,0,0,S6,301.0,True,JEF,JEF,0.38909709751970956
1,2,2,1,0.0,0,1,0,0,2,1.0,0,0,1,0,0,0,0,0,0,0,0,0,0,0,0.5,0.5,1.0,1.5,0.5,1.0,,0.0,0.5,0.0,,,,153.5,0.5,1.0,0.5770831161959128,-0.000899999999999998,0,0,WC,2,2,1,2,0,0,0,S6,301.0,True,LIM,LIM,0.0645474605557615
1,1,1,0,0.0,0,0,0,0,0,0.0,0,0,1,0,0,0,0,0,0,0,0,0,0,0,0.0,0.0,0.0,0.0,0.0,,,0.0,1.0,0.0,,,,286.0,0.0,0.0,-0.18647406434668418,-0.0070999999999999995,0,0,1B,1,1,0,0,0,0,0,S6,302.0,False,JEF,JEF,-0.01522783196658331
4,8,8,4,3.0,2,1,1,0,7,0.0,0,0,0,0,0,0,0,0,1,0,2,0,2,0,0.5,0.5,0.875,1.375,0.375,0.5,,0.0,0.0,0.0,0.6,0.4,1.5,252.375,0.5,0.8571428571428571,-0.47706800411923744,-0.05250000000000002,3,2,BC,8,7,3,6,1,0,0,S6,303.0,False,2TM,PBA,-0.020350204667242893
3,6,6,3,2.0,2,0,1,0,5,0.0,0,0,0,0,0,0,0,0,1,0,1,0,2,0,0.5,0.5,0.8333333333333334,1.3333333333333335,0.33333333333333337,0.5,,0.0,0.0,0.0,0.5,0.5,1.0,250.0,0.5,0.8,-0.47213543284063597,-0.015200000000000005,2,2,BC,6,5,2,4,1,0,0,S6,303.0,True,PBA,PBA,-0.02669609647555296
1,2,2,1,1.0,0,1,0,0,2,0.0,0,0,0,0,0,0,0,0,0,0,1,0,0,0,0.5,0.5,1.0,1.5,0.5,0.5,,0.0,0.0,0.0,1.0,0.0,,259.5,0.5,1.0,-0.0049325712786015274,-0.0373,1,0,BC,2,2,1,2,0,0,0,S6,303.0,True,LIM,LIM,0.00634589180831006
2,5,4,1,2.0,1,0,0,0,1,0.0,1,0,0,0,0,0,0,0,0,0,2,1,0,0,0.25,0.4,0.25,0.65,0.0,0.25,,0.0,0.0,0.2,0.6666666666666666,0.3333333333333333,2.0,285.0,0.4,0.25,-0.30999203051278196,-0.008100000000000003,2,1,WC,5,4,1,1,1,0,0,S6,304.0,False,PBA,PBA,-0.013901330710852663
10,26,23,7,3.0,5,1,0,1,11,3.0,2,0,3,1,2,0,0,1,0,2,2,9,1,0,0.30434782608695654,0.34615384615384615,0.4782608695652174,0.8244147157190636,0.17391304347826086,0.3,1.0,0.038461538461538464,0.11538461538461539,0.07692307692307693,0.26666666666666666,0.7333333333333333,0.36363636363636365,232.5185185185185,0.34615384615384615,0.5,-1.713955633054086,-0.25250000000000006,4,11,SM,26,24,7,12,2,0,0,S6,305.0,False,3TM,AAL,-0.08248662713519583
8,20,19,6,2.0,4,1,0,1,10,2.0,1,0,3,1,0,0,0,0,0,0,2,7,1,0,0.3157894736842105,0.35,0.5263157894736842,0.8763157894736842,0.21052631578947367,0.3333333333333333,,0.05,0.15,0.05,0.2,0.8,0.25,227.10526315789474,0.35,0.5789473684210527,-1.6912023953366817,-0.2678,2,8,SM,20,19,6,11,1,0,0,S6,305.0,True,AAL,AAL,-0.10072875017196603
2,4,2,1,1.0,1,0,0,0,1,1.0,1,0,0,0,2,0,0,1,0,1,0,1,0,0,0.5,0.5,0.5,1.0,0.0,0.3333333333333333,1.0,0.0,0.0,0.25,0.3333333333333333,0.6666666666666666,0.5,229.33333333333334,0.5,0.3333333333333333,0.5888576667999483,0.025800000000000003,1,2,SM,4,3,1,1,1,0,0,S6,305.0,True,LMN,LMN,0.07256406455233526
1,2,2,0,0.0,0,0,0,0,0,0.0,0,0,0,0,0,0,0,0,0,1,0,1,0,0,0.0,0.0,0.0,0.0,0.0,0.0,,0.0,0.0,0.0,0.5,0.5,1.0,293.5,0.0,0.0,-0.6116109045173521,-0.0105,1,1,SM,2,2,0,0,0,0,0,S6,305.0,True,LEM,LEM,-0.054321941515565
11,28,24,4,2.0,0,3,0,1,10,4.0,4,0,7,0,0,0,0,0,0,1,3,8,1,0,0.16666666666666666,0.2857142857142857,0.4166666666666667,0.7023809523809523,0.25,0.1875,,0.03571428571428571,0.25,0.14285714285714285,0.3076923076923077,0.6923076923076923,0.4444444444444444,236.60714285714286,0.2857142857142857,0.4583333333333333,-3.568646931622462,0.00810000000000003,4,9,TT,28,24,4,11,4,0,0,S6,306.0,False,SAR,SAR,-0.26111660805586323
11,27,24,6,1.0,5,0,0,1,9,1.0,3,2,3,0,0,4,0,0,0,1,7,4,3,0,0.25,0.3333333333333333,0.375,0.7083333333333333,0.125,0.25,0.0,0.037037037037037035,0.1111111111111111,0.1111111111111111,0.5333333333333333,0.4666666666666667,1.1428571428571428,305.6551724137931,0.3333333333333333,0.3181818181818182,-4.330500360959097,-0.6316,8,7,BC,27,22,4,7,5,0,0,S6,307.0,False,AAL,AAL,-0.3407215254576118
4,13,13,4,1.0,2,1,0,1,8,4.0,0,0,1,0,0,1,0,0,0,1,2,4,1,0,0.3076923076923077,0.3076923076923077,0.6153846153846154,0.9230769230769231,0.3076923076923077,0.2727272727272727,0.0,0.07692307692307693,0.07692307692307693,0.0,0.375,0.625,0.6,252.92857142857142,0.3076923076923077,0.6153846153846154,1.9244453730853635,0.044300000000000006,3,5,BC,13,13,4,8,0,0,0,S6,308.0,False,AAL,AAL,0.2368990053936427
6,15,15,5,2.0,1,3,0,1,11,4.0,0,0,2,0,0,0,0,0,0,2,3,1,2,0,0.3333333333333333,0.3333333333333333,0.7333333333333333,1.0666666666666667,0.39999999999999997,0.3333333333333333,,0.06666666666666667,0.13333333333333333,0.0,0.625,0.375,1.6666666666666667,281.3333333333333,0.3333333333333333,0.7142857142857143,0.4123365125136589,0.046499999999999986,5,3,BN,15,14,4,10,1,0,0,S6,309.0,False,AAL,AAL,0.09252726827264249
11,31,27,6,4.0,2,4,0,0,10,2.0,4,0,9,0,1,0,0,0,0,1,2,4,5,0,0.2222222222222222,0.3225806451612903,0.37037037037037035,0.6929510155316607,0.14814814814814814,0.3333333333333333,1.0,0.0,0.2903225806451613,0.12903225806451613,0.25,0.75,0.3333333333333333,242.65625,0.3225806451612903,0.37037037037037035,-0.8666725775682651,-0.264,3,9,WC,31,27,6,10,4,0,0,S6,310.0,False,SAR,SAR,0.019339550753811795
5,14,13,4,2.0,2,1,0,1,8,3.0,1,0,3,1,0,0,0,0,1,1,2,3,0,0,0.3076923076923077,0.35714285714285715,0.6153846153846154,0.9725274725274726,0.3076923076923077,0.3333333333333333,,0.07142857142857142,0.21428571428571427,0.07142857142857142,0.5714285714285714,0.42857142857142855,1.3333333333333333,232.92307692307693,0.35714285714285715,0.6153846153846154,1.0191457031123736,-0.012399999999999984,4,3,BN,14,13,4,8,1,0,0,S6,314.0,False,AAL,AAL,0.14978861286442885
10,26,24,5,4.0,0,3,1,1,13,6.0,2,0,5,3,0,0,0,0,0,2,1,7,4,0,0.20833333333333334,0.2692307692307692,0.5416666666666666,0.8108974358974359,0.33333333333333326,0.2222222222222222,,0.038461538461538464,0.19230769230769232,0.07692307692307693,0.21428571428571427,0.7857142857142857,0.2727272727272727,243.04545454545453,0.2692307692307692,0.5,1.9937854884188093,0.15390000000000004,3,11,S,26,24,5,12,2,0,0,S6,315.0,False,PBA,PBA,0.28828748501209367
6,14,13,4,1.0,1,2,0,1,9,2.0,1,0,1,0,0,0,0,0,0,0,0,8,0,0,0.3076923076923077,0.35714285714285715,0.6923076923076923,1.0494505494505495,0.3846153846153846,0.2727272727272727,,0.07142857142857142,0.07142857142857142,0.07142857142857142,0.0,1.0,0.0,185.64285714285714,0.35714285714285715,0.7142857142857143,0.48932145271344185,0.19899999999999998,0,8,SM,14,14,5,10,0,0,0,S6,321.0,False,CWJ,CWJ,0.09680618782453568
3,8,8,2,1.0,0,1,0,1,6,1.0,0,0,1,0,0,0,0,0,0,2,0,1,2,0,0.25,0.25,0.75,1.0,0.5,0.16666666666666666,,0.125,0.125,0.0,0.4,0.6,0.6666666666666666,240.875,0.25,0.75,-0.4026897186834949,-0.07139999999999999,2,3,SF,8,8,2,6,0,0,0,S6,323.0,False,CWJ,CWJ,-0.01291237612366864
6,18,18,4,1.0,2,1,0,1,8,2.0,0,0,5,0,0,0,0,0,0,0,1,8,0,0,0.2222222222222222,0.2222222222222222,0.4444444444444444,0.6666666666666666,0.2222222222222222,0.25,,0.05555555555555555,0.2777777777777778,0.0,0.1111111111111111,0.8888888888888888,0.125,230.77777777777777,0.2222222222222222,0.4117647058823529,-1.5785795911069593,-0.1812,1,8,BC,18,17,3,7,1,0,0,S6,324.0,False,LID,LID,-0.09630561868516402
7,19,19,7,2.0,5,2,0,0,9,2.0,0,0,3,0,0,0,0,0,0,0,2,4,3,0,0.3684210526315789,0.3684210526315789,0.47368421052631576,0.8421052631578947,0.10526315789473684,0.4375,,0.0,0.15789473684210525,0.0,0.2222222222222222,0.7777777777777778,0.2857142857142857,228.52631578947367,0.3684210526315789,0.4117647058823529,0.5256718025242807,0.09640000000000001,2,7,S,19,17,5,7,2,0,0,S6,326.0,False,LID,LID,0.1175390951460451
12,29,25,8,3.0,4,3,0,1,14,3.0,3,0,6,0,0,0,0,1,2,1,3,6,2,0,0.32,0.3793103448275862,0.56,0.9393103448275862,0.24000000000000005,0.3684210526315789,,0.034482758620689655,0.20689655172413793,0.10344827586206896,0.4,0.6,0.6666666666666666,240.03571428571428,0.3793103448275862,0.6666666666666666,-1.2188636372817416,0.20239999999999997,6,9,WC,29,24,7,16,4,1,0,S6,327.0,False,SAR,SAR,-0.022718704153706082
7,18,18,7,0.0,5,2,0,0,9,1.0,0,0,2,0,0,0,0,0,0,0,4,3,2,0,0.3888888888888889,0.3888888888888889,0.5,0.8888888888888888,0.1111111111111111,0.4375,,0.0,0.1111111111111111,0.0,0.4444444444444444,0.5555555555555556,0.8,247.55555555555554,0.3888888888888889,0.47058823529411764,-0.1571994056144465,-0.06699999999999998,4,5,BC,18,17,6,8,1,0,0,S6,329.0,False,LID,LID,0.04583239986408726
4,9,8,1,0.0,1,0,0,0,1,1.0,1,0,1,0,0,1,0,0,0,1,1,4,0,0,0.125,0.2222222222222222,0.125,0.3472222222222222,0.0,0.14285714285714285,0.0,0.0,0.1111111111111111,0.1111111111111111,0.3333333333333333,0.6666666666666666,0.5,304.5,0.2222222222222222,0.0,-1.9114413879614216,-0.2237,2,4,SM,9,7,0,0,2,0,0,S6,331.0,False,3TM,LEM,-0.1603679685833762
2,5,4,0,0.0,0,0,0,0,0,1.0,1,0,0,0,0,0,0,0,0,1,0,3,0,0,0.0,0.2,0.0,0.2,0.0,0.0,,0.0,0.0,0.2,0.25,0.75,0.3333333333333333,279.4,0.2,0.0,-0.40253522963621424,-0.0928,1,3,SM,5,4,0,0,1,0,0,S6,331.0,True,LID,LID,-0.02315565062319589
1,3,3,1,0.0,1,0,0,0,1,0.0,0,0,0,0,0,1,0,0,0,0,1,1,0,0,0.3333333333333333,0.3333333333333333,0.3333333333333333,0.6666666666666666,0.0,0.3333333333333333,0.0,0.0,0.0,0.0,0.5,0.5,1.0,322.25,0.3333333333333333,0.0,-0.7986823228745119,-0.046,1,1,SM,3,2,0,0,1,0,0,S6,331.0,True,LMN,LMN,-0.06960950888319586
1,1,1,0,0.0,0,0,0,0,0,0.0,0,0,1,0,0,0,0,0,0,0,0,0,0,0,0.0,0.0,0.0,0.0,0.0,,,0.0,1.0,0.0,,,,359.0,0.0,0.0,-0.7102238354506956,-0.0849,0,0,SM,1,1,0,0,0,0,0,S6,331.0,True,LEM,LEM,-0.06760280907698445
8,27,21,6,5.0,3,0,1,2,14,6.0,5,0,6,0,0,0,0,1,1,0,3,3,4,0,0.2857142857142857,0.4074074074074074,0.6666666666666666,1.074074074074074,0.38095238095238093,0.2857142857142857,,0.07407407407407407,0.2222222222222222,0.18518518518518517,0.3333333333333333,0.6666666666666666,0.5,231.44444444444446,0.4074074074074074,0.7142857142857143,0.836630922318481,0.17420000000000002,4,8,WC,27,21,6,15,5,1,0,S6,335.0,False,CWJ,CWJ,0.17599160287014598
11,26,23,2,3.0,1,0,0,1,5,1.0,3,0,5,0,0,0,0,0,2,4,3,5,4,0,0.08695652173913043,0.19230769230769232,0.21739130434782608,0.4096989966555184,0.13043478260869565,0.058823529411764705,,0.038461538461538464,0.19230769230769232,0.11538461538461539,0.5,0.5,1.0,294.1923076923077,0.11538461538461539,0.16,-3.3576385377788034,-0.31439999999999996,9,9,BN,26,25,2,4,1,0,0,S6,338.0,False,2TM,LIM,-0.2468549176076676
3,8,7,1,2.0,0,0,0,1,4,1.0,1,0,1,0,0,0,0,0,0,0,1,3,1,0,0.14285714285714285,0.25,0.5714285714285714,0.8214285714285714,0.42857142857142855,0.0,,0.125,0.125,0.125,0.2,0.8,0.25,258.625,0.125,0.375,0.0744489873544687,0.1473,1,4,BN,8,8,1,3,0,0,0,S6,338.0,True,MPD,MPD,0.03480149448012772
8,18,16,1,1.0,1,0,0,0,1,0.0,2,0,4,0,0,0,0,0,2,4,2,2,3,0,0.0625,0.16666666666666666,0.0625,0.22916666666666666,0.0,0.08333333333333333,,0.0,0.2222222222222222,0.1111111111111111,0.6153846153846154,0.38461538461538464,1.6,310.0,0.1111111111111111,0.058823529411764705,-3.4320875251332725,-0.46169999999999994,8,5,BN,18,17,1,1,1,0,0,S6,338.0,True,LIM,LIM,-0.28165641208779535
9,22,19,5,3.0,2,0,0,2,10,3.0,3,0,4,0,0,0,0,0,1,2,4,2,2,0,0.2631578947368421,0.36363636363636365,0.5263157894736842,0.8899521531100478,0.2631578947368421,0.23076923076923078,,0.09090909090909091,0.18181818181818182,0.13636363636363635,0.6363636363636364,0.36363636363636365,1.75,256.0,0.36363636363636365,0.5789473684210527,-0.9713090128602346,0.228,7,4,HK,22,19,5,11,3,0,0,S6,339.0,False,2TM,CWJ,-0.02190026298815112
7,17,15,5,3.0,2,0,0,2,10,3.0,2,0,4,0,0,0,0,0,0,1,2,1,2,0,0.3333333333333333,0.4117647058823529,0.6666666666666666,1.0784313725490196,0.3333333333333333,0.3333333333333333,,0.11764705882352941,0.23529411764705882,0.11764705882352941,0.5,0.5,1.0,233.11764705882354,0.4117647058823529,0.7333333333333333,0.42380445509363557,0.3990999999999999,3,3,HK,17,15,5,11,2,0,0,S6,339.0,True,CWJ,CWJ,0.10051321146681036
3,5,4,0,0.0,0,0,0,0,0,0.0,1,0,0,0,0,0,0,0,1,1,2,1,0,0,0.0,0.2,0.0,0.2,0.0,0.0,,0.0,0.0,0.2,0.8,0.2,4.0,333.8,0.2,0.0,-1.3951134679538701,-0.17109999999999997,4,1,HK,5,4,0,0,1,0,0,S6,339.0,True,LMN,LMN,-0.1224134744549615
8,22,19,8,2.0,3,5,0,0,13,6.0,3,0,4,1,1,0,0,0,1,3,0,2,2,0,0.42105263157894735,0.5,0.6842105263157895,1.1842105263157894,0.26315789473684215,0.5333333333333333,1.0,0.0,0.18181818181818182,0.13636363636363635,0.5,0.5,1.0,198.8181818181818,0.5,0.7368421052631579,4.213225013665812,0.4832,4,4,XB,22,19,8,14,3,0,0,S6,340.0,False,POR,POR,0.4965531396644535
2,6,4,2,1.0,0,1,0,1,6,4.0,1,0,0,0,0,0,0,1,0,0,1,2,0,0,0.5,0.5,1.5,2.0,1.0,0.25,,0.16666666666666666,0.0,0.16666666666666666,0.25,0.75,0.3333333333333333,192.66666666666666,0.5,1.2,3.164623108970451,0.39009999999999995,1,3,1B,6,5,2,6,1,0,0,S6,344.0,False,PBA,PBA,0.3369797577055557
9,26,17,4,3.0,1,2,0,1,9,2.0,9,0,6,0,0,1,0,0,0,2,3,1,1,0,0.23529411764705882,0.5,0.5294117647058824,1.0294117647058822,0.29411764705882354,0.3,0.0,0.038461538461538464,0.23076923076923078,0.34615384615384615,0.7142857142857143,0.2857142857142857,2.5,258.9259259259259,0.4230769230769231,0.47368421052631576,1.6992900521191645,0.39729999999999993,5,2,WC,26,19,4,9,7,0,0,S6,349.0,False,SAR,SAR,0.25883794138212923
12,26,24,10,6.0,5,0,1,4,24,6.0,2,0,3,1,0,0,0,0,1,3,1,5,2,0,0.4166666666666667,0.46153846153846156,1.0,1.4615384615384617,0.5833333333333333,0.35294117647058826,,0.15384615384615385,0.11538461538461539,0.07692307692307693,0.4166666666666667,0.5833333333333334,0.7142857142857143,196.41666666666666,0.46153846153846156,0.9583333333333334,2.974678724851346,0.28489999999999993,5,7,BC,26,24,10,23,2,0,0,S6,350.0,False,MBT,MBT,0.38637680865534735
1,2,2,0,0.0,0,0,0,0,0,0.0,0,0,0,0,0,0,0,0,0,2,0,0,0,0,0.0,0.0,0.0,0.0,0.0,0.0,,0.0,0.0,0.0,1.0,0.0,,325.5,0.0,0.0,-0.4043198545722348,-0.0485,2,0,MH,2,2,0,0,0,0,0,S6,354.0,False,PBA,PBA,-0.033592836521053264
7,15,15,3,2.0,2,0,0,1,6,2.0,0,0,4,0,0,0,0,0,0,2,1,3,2,0,0.2,0.2,0.4,0.6000000000000001,0.2,0.2,,0.06666666666666667,0.26666666666666666,0.0,0.375,0.625,0.6,287.06666666666666,0.2,0.4666666666666667,-1.2223190099164911,-0.16239999999999993,3,5,BP,15,15,3,7,0,0,0,S6,355.0,False,3TM,MBT,-0.07093828397037252
5,8,8,0,0.0,0,0,0,0,0,0.0,0,0,3,0,0,0,0,0,0,2,1,1,1,0,0.0,0.0,0.0,0.0,0.0,0.0,,0.0,0.375,0.0,0.6,0.4,1.5,372.25,0.0,0.0,-2.0323292346931474,-0.1739,3,2,BP,8,8,0,0,0,0,0,S6,355.0,True,MBT,MBT,-0.17587632772463388
2,5,5,1,1.0,1,0,0,0,1,0.0,0,0,1,0,0,0,0,0,0,0,0,2,1,0,0.2,0.2,0.2,0.4,0.0,0.25,,0.0,0.2,0.0,0.0,1.0,0.0,240.4,0.2,0.4,-0.9771492690823889,-0.0935,0,3,BP,5,5,1,2,0,0,0,S6,355.0,True,LMN,LMN,-0.08061705456781335
1,2,2,2,1.0,1,0,0,1,5,2.0,0,0,0,0,0,0,0,0,0,0,0,0,0,0,1.0,1.0,2.5,3.5,1.5,1.0,,0.5,0.0,0.0,,,,63.0,1.0,2.5,1.787159493859045,0.10500000000000001,0,0,BP,2,2,2,5,0,0,0,S6,355.0,True,LEM,LEM,0.1855550983220747
7,18,16,3,1.0,1,1,0,1,7,6.0,2,0,4,0,0,0,0,0,1,5,2,2,0,0,0.1875,0.2777777777777778,0.4375,0.7152777777777778,0.25,0.18181818181818182,,0.05555555555555555,0.2222222222222222,0.1111111111111111,0.8,0.2,4.0,273.6666666666667,0.2777777777777778,0.4375,1.9980588109770088,-0.27280000000000004,8,2,1B,18,16,3,7,2,0,0,S6,357.0,False,MBT,MBT,0.2613582215232328
11,26,21,7,3.0,3,2,0,2,15,6.0,5,0,1,0,0,0,0,0,1,3,2,6,2,0,0.3333333333333333,0.46153846153846156,0.7142857142857143,1.1758241758241759,0.380952380952381,0.2777777777777778,,0.07692307692307693,0.038461538461538464,0.19230769230769232,0.42857142857142855,0.5714285714285714,0.75,226.07692307692307,0.38461538461538464,0.6363636363636364,3.7400429015182644,0.1559,6,8,WC,26,22,6,14,4,0,0,S6,360.0,False,MBT,MBT,0.46291322632203913
1,1,0,0,0.0,0,0,0,0,0,0.0,1,0,0,0,0,0,0,0,0,0,0,0,0,0,,1.0,,,,,,0.0,0.0,1.0,,,,180.0,1.0,,0.4091332712022367,0.024399999999999998,0,0,WC,1,0,0,,1,0,0,S6,361.0,False,AAL,AAL,0.04433290158830878
3,8,8,4,2.0,4,0,0,0,4,2.0,0,0,1,0,0,0,0,0,0,0,3,0,0,0,0.5,0.5,0.5,1.0,0.0,0.5714285714285714,,0.0,0.125,0.0,1.0,0.0,,240.375,0.5,0.42857142857142855,1.0644372765696923,0.1453,3,0,BC,8,7,3,3,1,0,0,S6,362.0,False,SUP,SUP,0.1338003234016501
5,12,8,1,1.0,1,0,0,0,1,1.0,4,0,3,1,0,0,0,0,0,2,1,1,0,0,0.125,0.4166666666666667,0.125,0.5416666666666667,0.0,0.2,,0.0,0.25,0.3333333333333333,0.75,0.25,3.0,237.72727272727272,0.4166666666666667,0.125,0.22266273349131532,-0.009000000000000008,3,1,1B,12,8,1,1,4,0,0,S6,363.0,False,MVS,MVS,0.0633011669661528
7,16,14,5,5.0,1,1,0,3,15,4.0,2,0,3,1,0,0,0,0,0,0,1,4,1,0,0.35714285714285715,0.4375,1.0714285714285714,1.5089285714285714,0.7142857142857142,0.25,,0.1875,0.1875,0.125,0.16666666666666666,0.8333333333333334,0.2,192.53333333333333,0.4375,0.9230769230769231,1.4788078052968285,0.41059999999999997,1,5,BP,16,13,4,12,3,0,0,S6,369.0,False,MBT,MBT,0.20259397201904455
5,14,12,6,3.0,2,3,0,1,12,4.0,1,0,2,1,0,0,0,1,1,3,1,1,0,0,0.5,0.5,1.0,1.5,0.5,0.5,,0.07142857142857142,0.14285714285714285,0.07142857142857142,0.7142857142857143,0.2857142857142857,2.5,210.07692307692307,0.5,0.9090909090909091,2.176479720589872,0.632,5,2,1B,14,11,5,10,2,1,0,S6,377.0,False,HEL,HEL,0.26552201461217867
9,22,18,5,4.0,2,2,0,1,10,3.0,3,0,2,0,0,0,0,1,0,2,4,5,1,0,0.2777777777777778,0.36363636363636365,0.5555555555555556,0.9191919191919192,0.2777777777777778,0.25,,0.045454545454545456,0.09090909090909091,0.13636363636363635,0.46153846153846156,0.5384615384615384,0.8571428571428571,252.63636363636363,0.36363636363636365,0.5294117647058824,0.4708053285493777,0.14310000000000003,6,7,1B,22,17,4,9,4,1,0,S6,379.0,False,TTT,TTT,0.12231117115281012
14,39,36,7,4.0,5,2,0,0,9,0.0,3,0,7,4,0,0,0,0,4,9,3,8,2,0,0.19444444444444445,0.2564102564102564,0.25,0.5064102564102564,0.05555555555555555,0.2413793103448276,,0.0,0.1794871794871795,0.07692307692307693,0.6153846153846154,0.38461538461538464,1.6,269.7647058823529,0.23076923076923078,0.24324324324324326,-7.346680901423398,-0.6664999999999999,16,10,1B,39,37,7,9,2,0,0,S6,381.0,False,MBT,MBT,-0.6013046858870207
6,13,13,4,2.0,2,1,0,1,8,3.0,0,0,2,0,0,0,0,0,0,0,1,5,1,0,0.3076923076923077,0.3076923076923077,0.6153846153846154,0.9230769230769231,0.3076923076923077,0.3,,0.07692307692307693,0.15384615384615385,0.0,0.14285714285714285,0.8571428571428571,0.16666666666666666,213.92307692307693,0.3076923076923077,0.6153846153846154,0.721641507671237,0.20870000000000002,1,6,BP,13,13,4,8,0,0,0,S6,386.0,False,TAK,TAK,0.11661861885223009
5,12,11,3,1.0,1,1,0,1,7,3.0,1,0,3,0,0,0,0,0,1,1,1,3,0,0,0.2727272727272727,0.3333333333333333,0.6363636363636364,0.9696969696969697,0.36363636363636365,0.2857142857142857,,0.08333333333333333,0.25,0.08333333333333333,0.5,0.5,1.0,222.66666666666666,0.3333333333333333,0.6363636363636364,0.490466267658495,-0.008299999999999988,3,3,BC,12,11,3,7,1,0,0,S6,389.0,False,SUP,SUP,0.09008152038287078
14,38,29,4,5.0,1,2,0,1,9,5.0,9,0,8,0,0,0,0,0,1,2,7,4,4,0,0.13793103448275862,0.34210526315789475,0.3103448275862069,0.6524500907441017,0.1724137931034483,0.15,,0.02631578947368421,0.21052631578947367,0.23684210526315788,0.5555555555555556,0.4444444444444444,1.25,277.0,0.34210526315789475,0.3448275862068966,0.24627435160460076,-0.10270000000000004,10,8,TT,38,29,4,10,9,0,0,S6,390.0,False,2TM,MVS,0.1545712649476941
14,30,25,4,4.0,1,2,0,1,9,5.0,5,0,7,0,0,0,0,0,0,2,5,4,3,0,0.16,0.3,0.36,0.6599999999999999,0.19999999999999998,0.17647058823529413,,0.03333333333333333,0.23333333333333334,0.16666666666666666,0.5,0.5,1.0,276.2,0.3,0.4,0.7665556385465288,-0.01029999999999999,7,7,TT,30,25,4,10,5,0,0,S6,390.0,True,MVS,MVS,0.17924279789720607
4,8,4,0,1.0,0,0,0,0,0,0.0,4,0,1,0,0,0,0,0,1,0,2,0,1,0,0.0,0.5,0.0,0.5,0.0,0.0,,0.0,0.125,0.5,0.75,0.25,3.0,280.0,0.5,0.0,-0.5202812869419282,-0.0924,3,1,TT,8,4,0,0,4,0,0,S6,390.0,True,LIM,LIM,-0.024671532949511972
1,2,2,0,0.0,0,0,0,0,0,0.0,0,0,2,2,0,0,0,0,0,0,0,0,0,0,0.0,0.0,0.0,0.0,0.0,,,0.0,1.0,0.0,,,,,0.0,0.0,-0.4043198545722348,-0.0525,0,0,MH,2,2,0,0,0,0,0,S6,391.0,False,MVS,MVS,-0.033592836521053264
10,21,21,4,1.0,2,2,0,0,6,2.0,0,0,6,2,0,0,0,0,1,1,2,5,3,0,0.19047619047619047,0.19047619047619047,0.2857142857142857,0.47619047619047616,0.09523809523809523,0.26666666666666666,,0.0,0.2857142857142857,0.0,0.3333333333333333,0.6666666666666666,0.5,263.2631578947368,0.19047619047619047,0.2857142857142857,-3.4067332375992376,-0.3671999999999999,4,8,S,21,21,4,6,0,0,0,S6,392.0,False,MVS,MVS,-0.26886225993013657
9,26,24,4,3.0,1,1,2,0,9,4.0,1,0,10,0,0,0,0,1,0,1,1,9,0,0,0.16666666666666666,0.19230769230769232,0.375,0.5673076923076923,0.20833333333333334,0.26666666666666666,,0.0,0.38461538461538464,0.038461538461538464,0.16666666666666666,0.8333333333333334,0.2,249.07692307692307,0.19230769230769232,0.34782608695652173,-0.025337689286433485,-0.19859999999999994,2,10,S,26,23,3,8,2,1,0,S6,393.0,False,PBA,PBA,0.08637516724156942
3,7,6,0,0.0,0,0,0,0,0,0.0,1,0,4,2,0,0,0,0,0,1,0,1,0,0,0.0,0.14285714285714285,0.0,0.14285714285714285,0.0,0.0,,0.0,0.5714285714285714,0.14285714285714285,0.5,0.5,1.0,291.8,0.0,0.0,-1.9085492478454311,-0.0326,1,1,SM,7,7,0,0,0,0,0,S6,394.0,False,PBA,PBA,-0.16691790350794738
2,5,3,2,2.0,2,0,0,0,2,1.0,2,0,0,0,0,0,0,0,1,1,0,0,0,0,0.6666666666666666,0.8,0.6666666666666666,1.4666666666666668,0.0,0.6666666666666666,,0.0,0.0,0.4,1.0,0.0,,190.8,0.6,0.5,1.2055218165509765,0.06899999999999999,2,0,1B,5,4,2,2,1,0,0,S6,395.0,False,PBA,PBA,0.13765005399552316
2,4,4,1,0.0,0,1,0,0,2,1.0,0,0,0,0,0,0,0,0,0,0,0,3,0,0,0.25,0.25,0.5,0.75,0.25,0.25,,0.0,0.0,0.0,0.0,1.0,0.0,215.0,0.25,0.5,0.17549724469671935,0.05499999999999999,0,3,SM,4,4,1,2,0,0,0,S6,396.0,False,2TM,LEM,0.031228022342012364
1,2,2,1,0.0,0,1,0,0,2,1.0,0,0,0,0,0,0,0,0,0,0,0,1,0,0,0.5,0.5,1.0,1.5,0.5,0.5,,0.0,0.0,0.0,0.0,1.0,0.0,159.5,0.5,1.0,0.81287279433728,0.1161,0,1,SM,2,2,1,2,0,0,0,S6,396.0,True,LMN,LMN,0.08812642836989822
1,2,2,0,0.0,0,0,0,0,0,0.0,0,0,0,0,0,0,0,0,0,0,0,2,0,0,0.0,0.0,0.0,0.0,0.0,0.0,,0.0,0.0,0.0,0.0,1.0,0.0,270.5,0.0,0.0,-0.6373755496405606,-0.0611,0,2,SM,2,2,0,0,0,0,0,S6,396.0,True,LEM,LEM,-0.05689840602788585
1,4,4,1,0.0,0,0,1,0,3,1.0,0,0,0,0,0,0,0,0,0,2,1,0,0,0,0.25,0.25,0.75,1.0,0.5,0.25,,0.0,0.0,0.0,1.0,0.0,,332.25,0.25,0.75,0.7793019195161995,-0.0888,3,0,BC,4,4,1,3,0,0,0,S6,400.0,False,PBA,PBA,0.09160848982396039
7,17,15,3,1.0,2,1,0,0,4,2.0,2,0,5,1,0,0,0,0,0,1,1,3,2,0,0.2,0.29411764705882354,0.26666666666666666,0.5607843137254902,0.06666666666666665,0.3,,0.0,0.29411764705882354,0.11764705882352941,0.2857142857142857,0.7142857142857143,0.4,256.5,0.29411764705882354,0.26666666666666666,-0.2066143586812998,-0.30750000000000005,2,5,BP,17,15,3,4,2,0,0,S6,401.0,False,MVS,MVS,0.03747133008931683
5,12,12,5,2.0,4,1,0,0,6,1.0,0,0,3,0,0,0,0,0,1,1,1,2,0,0,0.4166666666666667,0.4166666666666667,0.5,0.9166666666666667,0.08333333333333331,0.5555555555555556,,0.0,0.25,0.0,0.6,0.4,1.5,221.41666666666666,0.4166666666666667,0.36363636363636365,0.19640523445564906,-0.038700000000000005,3,2,BC,12,11,4,4,1,0,0,S6,405.0,False,PBA,PBA,0.06067541706258618
5,13,11,4,1.0,3,0,0,1,7,2.0,2,0,4,0,0,0,0,0,0,1,2,0,0,0,0.36363636363636365,0.46153846153846156,0.6363636363636364,1.097902097902098,0.2727272727272727,0.5,,0.07692307692307693,0.3076923076923077,0.15384615384615385,1.0,0.0,,248.84615384615384,0.38461538461538464,0.5833333333333334,0.5798017937725826,0.19419999999999998,3,0,BC,13,12,4,7,1,0,0,S6,406.0,False,MVS,MVS,0.10243464746236464
1,3,2,2,1.0,1,1,0,0,3,0.0,1,1,0,0,0,0,0,0,0,0,0,0,0,0,1.0,1.0,1.5,2.5,0.5,1.0,,0.0,0.0,0.3333333333333333,,,,66.5,1.0,1.5,0.9414686418835543,0.08820000000000001,0,0,BN,3,2,2,3,1,0,0,S6,411.0,False,SAS,SAS,0.10440558759261073
12,33,29,5,4.0,1,2,0,2,13,4.0,4,1,8,0,0,1,0,0,0,0,2,11,3,0,0.1724137931034483,0.2727272727272727,0.4482758620689655,0.7210031347962382,0.27586206896551724,0.15789473684210525,0.0,0.06060606060606061,0.24242424242424243,0.12121212121212122,0.125,0.875,0.14285714285714285,247.24242424242425,0.2727272727272727,0.4482758620689655,-0.8456292920009199,0.11819999999999999,2,14,WC,33,29,5,13,4,0,0,S6,413.0,False,3TM,LEM,0.028283028246716514
3,7,7,1,0.0,0,1,0,0,2,0.0,0,0,1,0,0,0,0,0,0,0,1,3,1,0,0.14285714285714285,0.14285714285714285,0.2857142857142857,0.42857142857142855,0.14285714285714285,0.16666666666666666,,0.0,0.14285714285714285,0.0,0.2,0.8,0.25,272.7142857142857,0.14285714285714285,0.2857142857142857,-0.7620536357622412,-0.14379999999999998,1,4,WC,7,7,1,2,0,0,0,S6,413.0,True,LMN,LMN,-0.05226834229962838
10,21,18,3,4.0,1,0,0,2,9,3.0,3,1,5,0,0,0,0,0,0,0,0,8,2,0,0.16666666666666666,0.2857142857142857,0.5,0.7857142857142857,0.33333333333333337,0.09090909090909091,,0.09523809523809523,0.23809523809523808,0.14285714285714285,0.0,1.0,0.0,222.85,0.2857142857142857,0.5,0.36715735764576013,0.3671,0,10,WC,21,18,3,9,3,0,0,S6,413.0,True,SAS,SAS,0.10852679959436325
2,5,4,1,0.0,0,1,0,0,2,1.0,1,0,2,0,0,1,0,0,0,0,1,0,0,0,0.25,0.4,0.5,0.9,0.25,0.5,0.0,0.0,0.4,0.2,1.0,0.0,,298.8333333333333,0.4,0.5,-0.45073301388443887,-0.10510000000000001,1,0,WC,5,4,1,2,1,0,0,S6,413.0,True,LEM,LEM,-0.027975429048018353
3,8,6,1,0.0,1,0,0,0,1,1.0,2,0,0,0,0,0,0,0,0,1,1,1,2,0,0.16666666666666666,0.375,0.16666666666666666,0.5416666666666666,0.0,0.16666666666666666,,0.0,0.0,0.25,0.4,0.6,0.6666666666666666,313.3333333333333,0.375,0.16666666666666666,-0.24058170576396976,0.31129999999999997,2,3,1B,8,6,1,1,2,0,0,S6,414.0,False,SAS,SAS,0.003298425168283875
1,3,2,1,0.0,0,1,0,0,2,1.0,0,0,1,0,0,0,0,1,0,0,0,1,0,0,0.5,0.3333333333333333,1.0,1.3333333333333333,0.5,0.5,,0.0,0.3333333333333333,0.0,0.0,1.0,0.0,209.33333333333334,0.3333333333333333,0.6666666666666666,0.44500994732988,0.122,0,2,BP,3,3,1,2,0,0,0,S6,415.0,False,SAS,SAS,0.05475971813724332
4,9,9,2,1.0,1,0,0,1,5,1.0,0,0,3,1,0,0,0,0,1,0,2,0,2,0,0.2222222222222222,0.2222222222222222,0.5555555555555556,0.7777777777777778,0.33333333333333337,0.2,,0.1111111111111111,0.3333333333333333,0.0,0.6,0.4,1.5,299.0,0.2222222222222222,0.5555555555555556,-1.1626511985211239,-0.10059999999999998,3,2,BP,9,9,2,5,0,0,0,S6,416.0,False,SLT,SLT,-0.08548894963934643
6,11,11,4,1.0,1,2,1,0,8,6.0,0,0,4,3,0,0,0,0,0,1,0,2,0,0,0.36363636363636365,0.36363636363636365,0.7272727272727273,1.0909090909090908,0.36363636363636365,0.5714285714285714,,0.0,0.36363636363636365,0.0,0.3333333333333333,0.6666666666666666,0.5,167.25,0.36363636363636365,0.6363636363636364,2.7830047217322806,0.23029999999999995,1,2,BP,11,11,4,7,0,0,0,S6,417.0,False,2TM,TAK,0.31591579132216424
1,2,2,1,1.0,1,0,0,0,1,1.0,0,0,0,0,0,0,0,0,0,1,0,0,0,0,0.5,0.5,0.5,1.0,0.0,0.5,,0.0,0.0,0.0,1.0,0.0,,257.5,0.5,0.5,0.6262824513299567,0.06159999999999999,1,0,BP,2,2,1,1,0,0,0,S6,417.0,True,SAS,SAS,0.06946739406916588
5,9,9,3,0.0,0,2,1,0,7,5.0,0,0,4,3,0,0,0,0,0,0,0,2,0,0,0.3333333333333333,0.3333333333333333,0.7777777777777778,1.1111111111111112,0.4444444444444445,0.6,,0.0,0.4444444444444444,0.0,0.0,1.0,0.0,137.16666666666666,0.3333333333333333,0.6666666666666666,2.1567222704023234,0.16869999999999996,0,2,BP,9,9,3,6,0,0,0,S6,417.0,True,TAK,TAK,0.24644839725299833
4,8,8,1,0.0,1,0,0,0,1,0.0,0,0,4,2,0,0,0,0,0,1,0,2,0,0,0.125,0.125,0.125,0.25,0.0,0.25,,0.0,0.5,0.0,0.3333333333333333,0.6666666666666666,0.5,272.8333333333333,0.125,0.125,-1.372870533134225,-0.17650000000000002,1,2,SM,8,8,1,1,0,0,0,S6,418.0,False,MVS,MVS,-0.10993045756874165
3,6,6,2,1.0,1,0,0,1,5,1.0,0,0,0,0,0,1,0,0,0,1,0,2,1,0,0.3333333333333333,0.3333333333333333,0.8333333333333334,1.1666666666666667,0.5,0.2,0.0,0.16666666666666666,0.0,0.0,0.25,0.75,0.3333333333333333,250.42857142857142,0.3333333333333333,0.8333333333333334,-0.273303509188364,0.0595,1,3,SM,6,6,2,5,0,0,0,S6,419.0,False,SAS,SAS,-0.006812904110325762
7,16,16,2,0.0,2,0,0,0,2,0.0,0,0,3,0,0,0,0,0,0,1,1,8,1,0,0.125,0.125,0.125,0.25,0.0,0.15384615384615385,,0.0,0.1875,0.0,0.18181818181818182,0.8181818181818182,0.2222222222222222,242.8125,0.125,0.125,-3.0111999294416156,-0.4343,2,9,BP,16,16,2,2,0,0,0,S6,421.0,False,SAS,SAS,-0.24640680145479985
1,1,1,0,0.0,0,0,0,0,0,0.0,0,0,1,1,0,0,0,0,0,0,0,0,0,0,0.0,0.0,0.0,0.0,0.0,,,0.0,1.0,0.0,,,,,0.0,0.0,-0.18647406434668418,-0.014199999999999999,0,0,BN,1,1,0,0,0,0,0,S6,423.0,False,LIM,LIM,-0.01522783196658331
9,27,26,6,6.0,1,2,1,2,16,2.0,1,0,3,0,0,0,0,0,1,2,6,0,9,0,0.23076923076923078,0.25925925925925924,0.6153846153846154,0.8746438746438747,0.38461538461538464,0.19047619047619047,,0.07407407407407407,0.1111111111111111,0.037037037037037035,0.5,0.5,1.0,297.85185185185185,0.25925925925925924,0.6153846153846154,-1.1191112522029292,-0.3018,9,9,XB,27,26,6,16,1,0,0,S6,425.0,False,SUP,SUP,-0.01958261458199505
1,3,3,1,0.0,1,0,0,0,1,0.0,0,0,1,1,0,0,0,0,0,0,0,1,0,0,0.3333333333333333,0.3333333333333333,0.3333333333333333,0.6666666666666666,0.0,0.5,,0.0,0.3333333333333333,0.0,0.0,1.0,0.0,171.5,0.3333333333333333,0.3333333333333333,-0.37650626431655965,-0.0213,0,1,SM,3,3,1,1,0,0,0,S6,439.0,False,TTT,TTT,-0.027391903027400643
14,35,31,6,2.0,2,3,0,1,12,5.0,4,0,16,2,1,0,0,0,1,0,4,3,2,0,0.1935483870967742,0.2857142857142857,0.3870967741935484,0.6728110599078341,0.1935483870967742,0.35714285714285715,1.0,0.02857142857142857,0.45714285714285713,0.11428571428571428,0.5,0.5,1.0,271.88235294117646,0.2857142857142857,0.40625,-1.719598717027004,-0.2854,5,5,TT,35,32,7,13,3,0,0,S6,471.0,False,PUK,PUK,-0.05227476531972168
11,31,29,11,6.0,6,2,1,2,21,4.0,1,0,3,0,0,1,0,1,1,4,4,4,4,0,0.3793103448275862,0.3870967741935484,0.7241379310344828,1.1112347052280311,0.3448275862068966,0.36,0.0,0.06451612903225806,0.0967741935483871,0.03225806451612903,0.5,0.5,1.0,245.4375,0.3548387096774194,0.7419354838709677,0.34635241236053704,-0.16659999999999997,9,9,SF,31,31,11,23,0,0,0,S6,474.0,False,3TM,BAC,0.140642049746692
10,26,24,10,6.0,5,2,1,2,20,4.0,1,0,2,0,0,1,0,1,1,3,3,3,4,0,0.4166666666666667,0.4230769230769231,0.8333333333333334,1.2564102564102564,0.4166666666666667,0.38095238095238093,0.0,0.07692307692307693,0.07692307692307693,0.038461538461538464,0.4666666666666667,0.5333333333333333,0.875,236.8148148148148,0.38461538461538464,0.8076923076923077,1.2335783947378296,0.0824,7,8,SF,26,26,10,21,0,0,0,S6,474.0,True,BAC,BAC,0.2122667756439957
2,4,4,1,0.0,1,0,0,0,1,0.0,0,0,1,0,0,0,0,0,0,1,1,0,0,0,0.25,0.25,0.25,0.5,0.0,0.3333333333333333,,0.0,0.25,0.0,1.0,0.0,,314.25,0.25,0.5,-0.4856914555230719,-0.1109,2,0,SF,4,4,1,2,0,0,0,S6,474.0,True,LMN,LMN,-0.034890847679966766
1,1,1,0,0.0,0,0,0,0,0,0.0,0,0,0,0,0,0,0,0,0,0,0,1,0,0,0.0,0.0,0.0,0.0,0.0,0.0,,0.0,0.0,0.0,0.0,1.0,0.0,203.0,0.0,0.0,-0.40153452685422,-0.1381,0,1,SF,1,1,0,0,0,0,0,S6,474.0,True,LEM,LEM,-0.03673387821733689
3,8,8,1,1.0,0,0,0,1,4,1.0,0,0,4,2,0,0,0,0,0,1,1,0,1,0,0.125,0.125,0.5,0.625,0.375,0.0,,0.125,0.5,0.0,0.6666666666666666,0.3333333333333333,2.0,310.0,0.125,0.5,-0.5601731926916459,-0.1085,2,1,WC,8,8,1,4,0,0,0,S6,477.0,False,POR,POR,-0.02866072352448374
8,18,15,4,2.0,2,0,0,2,10,5.0,3,0,5,3,0,0,0,0,1,3,1,2,0,0,0.26666666666666666,0.3888888888888889,0.6666666666666666,1.0555555555555556,0.39999999999999997,0.25,,0.1111111111111111,0.2777777777777778,0.16666666666666666,0.7142857142857143,0.2857142857142857,2.5,231.14285714285714,0.3888888888888889,0.7333333333333333,1.388768587444133,-0.009599999999999973,5,2,WC,18,15,4,11,3,0,0,S6,478.0,False,POR,POR,0.20042919916994523
13,29,24,5,6.0,3,0,0,2,11,3.0,5,0,5,1,0,0,0,0,0,2,4,3,5,0,0.20833333333333334,0.3448275862068966,0.4583333333333333,0.8031609195402298,0.24999999999999997,0.17647058823529413,,0.06896551724137931,0.1724137931034483,0.1724137931034483,0.42857142857142855,0.5714285714285714,0.75,266.962962962963,0.3103448275862069,0.48,-0.6009393192996311,-0.1518,6,8,WC,29,25,5,12,4,0,0,S6,479.0,False,2TM,AAL,0.03907372764450497
13,27,22,3,4.0,2,0,0,1,6,2.0,5,0,5,1,0,0,0,0,0,2,4,3,5,0,0.13636363636363635,0.2962962962962963,0.2727272727272727,0.569023569023569,0.13636363636363635,0.125,,0.037037037037037035,0.18518518518518517,0.18518518518518517,0.42857142857142855,0.5714285714285714,0.75,284.32,0.25925925925925924,0.30434782608695654,-1.6857215487582575,-0.31079999999999997,6,8,WC,27,23,3,7,4,0,0,S6,479.0,True,AAL,AAL,-0.07624364423752789
1,2,2,2,2.0,1,0,0,1,5,1.0,0,0,0,0,0,0,0,0,0,0,0,0,0,0,1.0,1.0,2.5,3.5,1.5,1.0,,0.5,0.0,0.0,,,,50.0,1.0,2.5,1.0847822294586265,0.159,0,0,WC,2,2,2,5,0,0,0,S6,479.0,True,LIM,LIM,0.11531737188203287
4,12,12,4,3.0,0,2,0,2,12,5.0,0,0,1,0,0,0,0,0,1,2,1,4,0,0,0.3333333333333333,0.3333333333333333,1.0,1.3333333333333333,0.6666666666666667,0.2222222222222222,,0.16666666666666666,0.08333333333333333,0.0,0.5,0.5,1.0,222.25,0.3333333333333333,1.0,2.7936908273807366,0.16660000000000003,4,4,BP,12,12,4,12,0,0,0,S6,480.0,False,PBA,PBA,0.32040397635509493
11,29,27,10,5.0,5,1,1,3,22,6.0,2,0,3,0,0,0,0,0,0,7,0,5,2,0,0.37037037037037035,0.41379310344827586,0.8148148148148148,1.2286079182630907,0.4444444444444444,0.3333333333333333,,0.10344827586206896,0.10344827586206896,0.06896551724137931,0.5,0.5,1.0,240.32142857142858,0.41379310344827586,0.8148148148148148,4.962066725947043,1.0326,7,7,SM,29,27,10,22,2,0,0,S6,485.0,False,2TM,FRG,0.5953743321691725
11,27,25,10,5.0,5,1,1,3,22,6.0,2,0,2,0,0,0,0,0,0,7,0,4,2,0,0.4,0.4444444444444444,0.88,1.3244444444444445,0.48,0.35,,0.1111111111111111,0.07407407407407407,0.07407407407407407,0.5384615384615384,0.46153846153846156,1.1666666666666667,233.46153846153845,0.4444444444444444,0.88,5.858382464935655,1.0933999999999997,7,6,SM,27,25,10,22,2,0,0,S6,485.0,True,FRG,FRG,0.6781667571318634
1,2,2,0,0.0,0,0,0,0,0,0.0,0,0,1,0,0,0,0,0,0,0,0,1,0,0,0.0,0.0,0.0,0.0,0.0,0.0,,0.0,0.5,0.0,0.0,1.0,0.0,329.5,0.0,0.0,-0.896315738988611,-0.0608,0,1,SM,2,2,0,0,0,0,0,S6,485.0,True,LIM,LIM,-0.08279242496269089
2,4,4,1,0.0,1,0,0,0,1,1.0,0,0,1,0,0,0,0,0,0,0,2,0,0,0,0.25,0.25,0.25,0.5,0.0,0.3333333333333333,,0.0,0.25,0.0,1.0,0.0,,353.25,0.25,0.0,0.16839606169651056,-0.04639999999999999,2,0,BC,4,3,0,0,1,0,0,S6,487.0,False,FRG,FRG,0.030517904041991485
9,21,20,3,1.0,2,0,0,1,6,3.0,1,0,2,0,0,0,0,0,1,5,3,6,1,0,0.15,0.19047619047619047,0.3,0.49047619047619045,0.15,0.11764705882352941,,0.047619047619047616,0.09523809523809523,0.047619047619047616,0.5625,0.4375,1.2857142857142858,293.3333333333333,0.14285714285714285,0.2857142857142857,-0.9128951169581456,-0.2192,9,7,SF,21,21,3,6,0,0,0,S6,488.0,False,TTT,TTT,-0.019478447866027326
3,6,2,1,2.0,0,1,0,0,2,0.0,4,0,0,0,3,1,0,0,0,1,0,0,0,0,0.5,0.8333333333333334,1.0,1.8333333333333335,0.5,0.5,0.75,0.0,0.0,0.6666666666666666,1.0,0.0,,216.6,0.6666666666666666,0.6666666666666666,1.0615901906077925,0.1392,1,0,XB,6,3,1,2,3,0,0,S6,490.0,False,CWJ,CWJ,0.12667646586928988
12,28,22,5,4.0,2,0,0,3,14,7.0,6,0,8,0,0,0,0,0,1,1,2,3,3,0,0.22727272727272727,0.39285714285714285,0.6363636363636364,1.0292207792207793,0.40909090909090906,0.18181818181818182,,0.10714285714285714,0.2857142857142857,0.21428571428571427,0.4,0.6,0.6666666666666666,240.71428571428572,0.39285714285714285,0.6956521739130435,3.325554087220598,0.6813999999999998,4,6,TT,28,23,6,16,5,0,0,S6,492.0,False,CIM,CIM,0.4283034938284428
6,12,10,3,2.0,3,0,0,0,3,0.0,2,0,2,0,0,0,0,0,0,1,1,3,0,0,0.3,0.4166666666666667,0.3,0.7166666666666667,0.0,0.375,,0.0,0.16666666666666666,0.16666666666666666,0.4,0.6,0.6666666666666666,236.9090909090909,0.4166666666666667,0.125,-0.40239900000937556,-0.07619999999999999,2,3,BP,12,8,1,1,4,0,0,S6,500.0,False,CIM,CIM,0.0007949936160837167
7,20,18,6,5.0,2,0,0,4,18,5.0,2,0,2,0,0,0,0,0,1,1,5,2,2,0,0.3333333333333333,0.4,1.0,1.4,0.6666666666666667,0.16666666666666666,,0.2,0.1,0.1,0.6363636363636364,0.36363636363636365,1.75,238.45,0.4,0.9444444444444444,3.800972410568983,0.4741999999999999,7,4,XB,20,18,6,17,2,0,0,S6,501.0,False,SGP,SGP,0.4484887304186004
7,25,21,4,2.0,1,2,0,1,9,1.0,4,0,5,0,0,0,0,0,1,3,6,1,2,0,0.19047619047619047,0.32,0.42857142857142855,0.7485714285714286,0.23809523809523808,0.2,,0.04,0.2,0.16,0.7692307692307693,0.23076923076923078,3.3333333333333335,287.08,0.32,0.47619047619047616,-2.2542463177985415,-0.254,10,3,1B,25,21,4,10,4,0,0,S6,502.0,False,2TM,BAC,-0.1399352700777265
7,22,19,4,2.0,1,2,0,1,9,1.0,3,0,4,0,0,0,0,0,1,3,5,1,2,0,0.21052631578947367,0.3181818181818182,0.47368421052631576,0.7918660287081339,0.2631578947368421,0.21428571428571427,,0.045454545454545456,0.18181818181818182,0.13636363636363635,0.75,0.25,3.0,287.72727272727275,0.3181818181818182,0.5263157894736842,-1.2180752614476789,-0.12139999999999998,9,3,1B,22,19,4,10,3,0,0,S6,502.0,True,BAC,BAC,-0.046576887846895544
1,3,2,0,0.0,0,0,0,0,0,0.0,1,0,1,0,0,0,0,0,0,0,1,0,0,0,0.0,0.3333333333333333,0.0,0.3333333333333333,0.0,0.0,,0.0,0.3333333333333333,0.3333333333333333,1.0,0.0,,282.3333333333333,0.3333333333333333,0.0,-1.0361710563508624,-0.1326,1,0,1B,3,2,0,0,1,0,0,S6,502.0,True,LEM,LEM,-0.09335838223083091
7,19,16,4,1.0,3,0,0,1,7,3.0,3,0,4,0,0,0,0,0,1,3,2,3,0,0,0.25,0.3684210526315789,0.4375,0.805921052631579,0.1875,0.2727272727272727,,0.05263157894736842,0.21052631578947367,0.15789473684210525,0.6666666666666666,0.3333333333333333,2.0,247.6315789473684,0.3157894736842105,0.47058823529411764,-0.9782942855089058,-0.1773,6,3,1B,19,17,4,8,2,0,0,S6,510.0,False,RBD,RBD,-0.03285751365727356
7,15,14,3,4.0,0,1,0,2,10,3.0,1,0,1,0,0,0,0,0,1,3,4,3,0,0,0.21428571428571427,0.26666666666666666,0.7142857142857143,0.980952380952381,0.5,0.09090909090909091,,0.13333333333333333,0.06666666666666667,0.06666666666666667,0.7272727272727273,0.2727272727272727,2.6666666666666665,250.13333333333333,0.2,0.6666666666666666,0.4140095375005438,-0.12330000000000002,8,3,MH,15,15,3,10,0,0,0,S6,516.0,False,FRG,FRG,0.09269457077133098
14,34,26,1,1.0,1,0,0,0,1,1.0,8,0,6,0,0,0,0,0,1,7,5,7,0,0,0.038461538461538464,0.2647058823529412,0.038461538461538464,0.30316742081447967,0.0,0.05,,0.0,0.17647058823529413,0.23529411764705882,0.65,0.35,1.8571428571428572,297.6470588235294,0.14705882352941177,0.03333333333333333,-4.094103426389886,-0.3198,13,7,1B,34,30,1,1,4,0,0,S6,517.0,False,CIM,CIM,-0.29314481072409493
13,32,31,13,8.0,6,3,0,4,28,5.0,1,0,8,0,0,0,0,0,1,1,1,4,4,0,0.41935483870967744,0.4375,0.9032258064516129,1.340725806451613,0.48387096774193544,0.47368421052631576,,0.125,0.25,0.03125,0.2727272727272727,0.7272727272727273,0.375,197.9375,0.4375,0.896551724137931,2.5854945019216857,0.0015999999999999764,3,8,HK,32,29,11,26,3,0,0,S6,518.0,False,3TM,FRG,0.36797583317089194
12,29,28,10,8.0,5,1,0,4,23,4.0,1,0,8,0,0,0,0,0,1,1,1,4,4,0,0.35714285714285715,0.3793103448275862,0.8214285714285714,1.2007389162561575,0.46428571428571425,0.375,,0.13793103448275862,0.27586206896551724,0.034482758620689655,0.2727272727272727,0.7272727272727273,0.375,209.86206896551724,0.3793103448275862,0.8148148148148148,1.1547762228961387,-0.1149,3,8,HK,29,27,9,22,2,0,0,S6,518.0,True,FRG,FRG,0.21464528186408197
1,2,2,2,0.0,1,1,0,0,3,0.0,0,0,0,0,0,0,0,0,0,0,0,0,0,0,1.0,1.0,1.5,2.5,0.5,1.0,,0.0,0.0,0.0,,,,99.5,1.0,2.0,0.42716014340235586,0.029000000000000005,0,0,HK,2,1,1,2,1,0,0,S6,518.0,True,LMN,LMN,0.0495551632764058
1,1,1,1,0.0,0,1,0,0,2,1.0,0,0,0,0,0,0,0,0,0,0,0,0,0,0,1.0,1.0,2.0,3.0,1.0,1.0,,0.0,0.0,0.0,,,,49.0,1.0,2.0,1.0035581356231913,0.0875,0,0,HK,1,1,1,2,0,0,0,S6,518.0,True,LEM,LEM,0.10377538803040423
6,12,12,2,0.0,2,0,0,0,2,0.0,0,0,5,0,0,0,0,0,1,1,1,3,0,0,0.16666666666666666,0.16666666666666666,0.16666666666666666,0.3333333333333333,0.0,0.2857142857142857,,0.0,0.4166666666666667,0.0,0.5,0.5,1.0,252.83333333333334,0.16666666666666666,0.16666666666666666,-3.4842964586490432,-0.3238,3,3,HK,12,12,2,2,0,0,0,S6,520.0,False,CIM,CIM,-0.30739475224788304
4,9,9,1,0.0,1,0,0,0,1,0.0,0,0,3,1,0,0,0,0,1,4,0,1,0,0,0.1111111111111111,0.1111111111111111,0.1111111111111111,0.2222222222222222,0.0,0.16666666666666666,,0.0,0.3333333333333333,0.0,0.8333333333333334,0.16666666666666666,5.0,279.625,0.1111111111111111,0.2222222222222222,-1.8259599921356404,-0.2402,5,1,XB,9,9,1,2,0,0,0,S6,522.0,False,HEL,HEL,-0.1518198290007981
5,17,16,6,5.0,4,2,0,0,8,0.0,1,0,3,0,1,0,0,0,1,1,4,1,1,0,0.375,0.4117647058823529,0.5,0.9117647058823529,0.125,0.46153846153846156,1.0,0.0,0.17647058823529413,0.058823529411764705,0.75,0.25,3.0,253.94444444444446,0.4117647058823529,0.4,-0.7298766301083894,0.05760000000000001,6,2,1B,17,15,5,6,2,0,0,S6,525.0,False,2TM,LID,-0.014854897053392135
5,14,13,4,3.0,3,1,0,0,5,0.0,1,0,3,0,1,0,0,0,1,1,4,0,1,0,0.3076923076923077,0.35714285714285715,0.38461538461538464,0.7417582417582418,0.07692307692307693,0.4,1.0,0.0,0.21428571428571427,0.07142857142857142,0.8571428571428571,0.14285714285714285,6.0,278.06666666666666,0.35714285714285715,0.3076923076923077,-0.9940923096745151,0.023499999999999993,6,1,1B,14,13,4,4,1,0,0,S6,525.0,True,LID,LID,-0.051535188414260025
1,3,3,2,2.0,1,1,0,0,3,0.0,0,0,0,0,0,0,0,0,0,0,0,1,0,0,0.6666666666666666,0.6666666666666666,1.0,1.6666666666666665,0.33333333333333337,0.6666666666666666,,0.0,0.0,0.0,0.0,1.0,0.0,133.33333333333334,0.6666666666666666,1.0,0.2642156795661256,0.0341,0,1,1B,3,2,1,2,1,0,0,S6,525.0,True,LMN,LMN,0.03668029136086788
10,27,25,8,3.0,5,1,1,1,14,4.0,2,0,3,0,0,1,0,0,1,1,5,5,3,0,0.32,0.37037037037037035,0.56,0.9303703703703704,0.24000000000000005,0.3333333333333333,0.0,0.037037037037037035,0.1111111111111111,0.07407407407407407,0.4666666666666667,0.5333333333333333,0.875,253.17857142857142,0.3333333333333333,0.5384615384615384,0.11106763867054781,0.10320000000000001,7,8,SF,27,26,8,14,1,0,0,S6,529.0,False,2TM,TTT,0.10343527450535266
10,25,23,7,3.0,4,1,1,1,13,4.0,2,0,3,0,0,0,0,0,1,1,5,5,2,0,0.30434782608695654,0.36,0.5652173913043478,0.9252173913043478,0.26086956521739124,0.3157894736842105,,0.04,0.12,0.08,0.5,0.5,1.0,250.32,0.32,0.5416666666666666,0.5383366652431945,0.15939999999999993,7,7,SF,25,24,7,13,1,0,0,S6,529.0,True,TTT,TTT,0.1393230282264471
1,2,2,1,0.0,1,0,0,0,1,0.0,0,0,0,0,0,1,0,0,0,0,0,0,1,0,0.5,0.5,0.5,1.0,0.0,0.5,0.0,0.0,0.0,0.0,0.0,1.0,0.0,277.0,0.5,0.5,-0.42726902657264687,-0.0562,0,1,SF,2,2,1,1,0,0,0,S6,529.0,True,LEM,LEM,-0.03588775372109447
6,15,13,0,1.0,0,0,0,0,0,0.0,2,0,3,0,0,0,0,0,1,2,5,3,0,0,0.0,0.13333333333333333,0.0,0.13333333333333333,0.0,0.0,,0.0,0.2,0.13333333333333333,0.7272727272727273,0.2727272727272727,2.6666666666666665,297.73333333333335,0.13333333333333333,0.0,-3.984396135594296,-0.3888,8,3,MH,15,13,0,0,2,0,0,S6,530.0,False,WWC,WWC,-0.34714599653815303
4,11,9,4,2.0,2,1,0,1,8,3.0,2,0,1,0,0,0,0,0,0,0,0,3,1,0,0.4444444444444444,0.5454545454545454,0.8888888888888888,1.4343434343434343,0.4444444444444444,0.42857142857142855,,0.09090909090909091,0.09090909090909091,0.18181818181818182,0.0,1.0,0.0,165.45454545454547,0.5454545454545454,0.8888888888888888,2.658638935049181,0.1215,0,4,BN,11,9,4,8,2,0,0,S6,539.0,False,PBA,PBA,0.30347921265385425
6,15,11,2,2.0,1,0,0,1,5,1.0,4,0,3,0,0,1,0,0,0,0,2,2,2,0,0.18181818181818182,0.4,0.45454545454545453,0.8545454545454545,0.2727272727272727,0.14285714285714285,0.0,0.06666666666666667,0.2,0.26666666666666666,0.3333333333333333,0.6666666666666666,0.5,263.875,0.3333333333333333,0.4166666666666667,-0.509736289394348,-0.14150000000000001,2,4,BC,15,12,2,5,3,0,0,S6,540.0,False,BBB,BBB,0.00031998808184179327
9,23,21,9,1.0,8,1,0,0,10,1.0,2,0,6,0,0,1,0,0,0,3,0,1,2,0,0.42857142857142855,0.4782608695652174,0.47619047619047616,0.9544513457556936,0.047619047619047616,0.6,0.0,0.0,0.2608695652173913,0.08695652173913043,0.5,0.5,1.0,223.04166666666666,0.43478260869565216,0.5454545454545454,0.44269608433268237,0.002099999999999963,3,3,BN,23,22,9,12,1,0,0,S6,541.0,False,CBC,CBC,0.12291982119922569
1,2,2,1,1.0,0,0,0,1,4,1.0,0,0,0,0,0,0,0,0,0,0,1,0,0,0,0.5,0.5,2.0,2.5,1.5,0.0,,0.5,0.0,0.0,1.0,0.0,,243.5,0.5,2.0,0.7863654867136766,0.09989999999999999,1,0,1B,2,2,1,4,0,0,0,S6,546.0,False,BAC,BAC,0.08547569760753787
4,10,9,3,2.0,1,0,0,2,9,2.0,1,0,1,0,0,0,0,0,0,1,3,1,0,0,0.3333333333333333,0.4,1.0,1.4,0.6666666666666667,0.16666666666666666,,0.2,0.1,0.1,0.8,0.2,4.0,264.0,0.4,1.0,1.061539591495179,0.00980000000000001,4,1,BC,10,9,3,9,1,0,0,S6,547.0,False,PHB,PHB,0.140349703830369
3,8,8,1,0.0,1,0,0,0,1,1.0,0,0,1,0,0,0,0,0,0,1,1,3,1,0,0.125,0.125,0.125,0.25,0.0,0.14285714285714285,,0.0,0.125,0.0,0.3333333333333333,0.6666666666666666,0.5,285.625,0.125,0.125,-1.060463892089159,-0.1288,2,4,BC,8,8,1,1,0,0,0,S6,549.0,False,WWC,WWC,-0.07868979346423503
7,18,16,4,1.0,4,0,0,0,4,0.0,2,0,3,0,2,0,0,0,0,3,1,3,2,0,0.25,0.3333333333333333,0.25,0.5833333333333333,0.0,0.3076923076923077,1.0,0.0,0.16666666666666666,0.1111111111111111,0.4444444444444444,0.5555555555555556,0.8,259.6,0.3333333333333333,0.2,-0.432980632183622,-0.31540000000000007,4,5,1B,18,15,3,3,3,0,0,S6,553.0,False,BAC,BAC,0.018254277207169718
9,23,17,6,6.0,2,2,0,2,14,7.0,6,0,4,0,0,0,0,0,0,3,1,1,2,0,0.35294117647058826,0.5217391304347826,0.8235294117647058,1.3452685421994883,0.4705882352941176,0.36363636363636365,,0.08695652173913043,0.17391304347826086,0.2608695652173913,0.5714285714285714,0.42857142857142855,1.3333333333333333,221.1304347826087,0.391304347826087,0.75,5.54161646847859,0.8054000000000001,4,3,WC,23,20,6,15,3,0,0,S6,557.0,False,MBT,MBT,0.6328118596138165
3,9,9,2,1.0,0,1,0,1,6,2.0,0,0,3,0,0,0,0,0,0,2,0,1,1,0,0.2222222222222222,0.2222222222222222,0.6666666666666666,0.8888888888888888,0.4444444444444444,0.2,,0.1111111111111111,0.3333333333333333,0.0,0.5,0.5,1.0,260.3333333333333,0.2222222222222222,0.6666666666666666,0.2220390030138466,-0.1411,2,2,BC,9,9,2,6,0,0,0,S6,559.0,False,RBD,RBD,0.052980070514150615
6,12,11,3,2.0,1,1,0,1,7,3.0,1,0,2,0,1,0,0,0,0,1,2,1,2,0,0.2727272727272727,0.3333333333333333,0.6363636363636364,0.9696969696969697,0.36363636363636365,0.25,1.0,0.08333333333333333,0.16666666666666666,0.08333333333333333,0.5,0.5,1.0,259.84615384615387,0.3333333333333333,0.6,1.2510542210330362,0.13360000000000002,3,3,XB,12,10,2,6,2,0,0,S6,560.0,False,TAK,TAK,0.1661403157203249
4,9,8,2,0.0,2,0,0,0,2,2.0,0,0,2,0,0,0,0,1,0,0,1,4,0,0,0.25,0.2222222222222222,0.25,0.4722222222222222,0.0,0.2857142857142857,,0.0,0.2222222222222222,0.0,0.16666666666666666,0.8333333333333334,0.2,239.22222222222223,0.2222222222222222,0.2222222222222222,-0.10804722029861097,-0.07949999999999999,1,5,BC,9,9,2,2,0,0,0,S6,562.0,False,CBC,CBC,0.01997144818290486
7,18,16,4,2.0,3,1,0,0,5,2.0,2,0,4,0,0,0,0,0,2,2,2,1,3,0,0.25,0.3333333333333333,0.3125,0.6458333333333333,0.0625,0.3333333333333333,,0.0,0.2222222222222222,0.1111111111111111,0.6,0.4,1.5,259.6111111111111,0.3333333333333333,0.3125,-2.308317107707789,-0.2309,6,4,XB,18,16,4,5,2,0,0,S6,563.0,False,MPD,MPD,-0.169279370345247
5,14,14,1,1.0,0,0,0,1,4,3.0,0,0,6,0,0,0,0,0,0,2,0,3,2,0,0.07142857142857142,0.07142857142857142,0.2857142857142857,0.3571428571428571,0.21428571428571427,0.0,,0.07142857142857142,0.42857142857142855,0.0,0.2857142857142857,0.7142857142857143,0.4,262.85714285714283,0.07142857142857142,0.2857142857142857,-1.690558656546727,-0.0938,2,5,XB,14,14,1,4,0,0,0,S6,564.0,False,PBA,PBA,-0.12118182310148122
4,10,9,1,1.0,0,0,0,1,4,3.0,1,0,2,0,0,0,0,0,0,1,1,1,3,0,0.1111111111111111,0.2,0.4444444444444444,0.6444444444444444,0.3333333333333333,0.0,,0.1,0.2,0.1,0.3333333333333333,0.6666666666666666,0.5,297.1,0.1,0.4,0.44928130339138334,0.07160000000000005,2,4,SF,10,10,1,4,0,0,0,S6,567.0,False,2TM,LMN,0.0791238750199894
3,8,7,1,1.0,0,0,0,1,4,3.0,1,0,2,0,0,0,0,0,0,1,1,1,1,0,0.14285714285714285,0.25,0.5714285714285714,0.8214285714285714,0.42857142857142855,0.0,,0.125,0.25,0.125,0.5,0.5,1.0,281.5,0.125,0.5,1.12272526536695,0.15570000000000006,2,2,SF,8,8,1,4,0,0,0,S6,567.0,True,SAR,SAR,0.13962912228137586
1,2,2,0,0.0,0,0,0,0,0,0.0,0,0,0,0,0,0,0,0,0,0,0,0,2,0,0.0,0.0,0.0,0.0,0.0,0.0,,0.0,0.0,0.0,0.0,1.0,0.0,359.5,0.0,0.0,-0.6734439619755666,-0.08410000000000001,0,2,SF,2,2,0,0,0,0,0,S6,567.0,True,LMN,LMN,-0.06050524726138644
8,21,20,5,4.0,3,1,0,1,9,2.0,1,0,4,0,0,0,0,0,1,2,1,5,3,0,0.25,0.2857142857142857,0.45,0.7357142857142858,0.2,0.26666666666666666,,0.047619047619047616,0.19047619047619047,0.047619047619047616,0.3333333333333333,0.6666666666666666,0.5,237.71428571428572,0.2857142857142857,0.45,-1.8720841901848153,-0.1502,4,8,BC,21,20,5,9,1,0,0,S6,570.0,False,TTT,TTT,-0.11539735518869429
7,19,16,7,5.0,3,3,0,1,13,5.0,3,0,1,0,0,0,0,0,0,2,0,5,1,0,0.4375,0.5263157894736842,0.8125,1.338815789473684,0.375,0.42857142857142855,,0.05263157894736842,0.05263157894736842,0.15789473684210525,0.25,0.75,0.3333333333333333,180.21052631578948,0.5263157894736842,0.8125,4.093339021280723,0.39840000000000003,2,6,1B,19,16,7,13,3,0,0,S6,579.0,False,AAL,AAL,0.47430581702168934
9,21,20,6,3.0,1,3,0,2,15,4.0,0,0,5,3,0,0,0,1,1,2,2,4,2,0,0.3,0.2857142857142857,0.75,1.0357142857142856,0.45,0.2857142857142857,,0.09523809523809523,0.23809523809523808,0.0,0.4166666666666667,0.5833333333333334,0.7142857142857143,226.0,0.2857142857142857,0.7142857142857143,0.0901296784780159,0.12539999999999996,5,7,EN,21,21,6,15,0,0,0,S6,580.0,False,CWJ,CWJ,0.08082403167758882
11,27,26,10,8.0,5,2,1,2,20,4.0,1,0,4,0,2,1,0,0,0,3,0,5,4,0,0.38461538461538464,0.4074074074074074,0.7692307692307693,1.1766381766381766,0.38461538461538464,0.4,0.6666666666666666,0.07407407407407407,0.14814814814814814,0.037037037037037035,0.25,0.75,0.3333333333333333,232.89655172413794,0.4074074074074074,0.7692307692307693,2.724651926871978,0.297,3,9,S,27,26,10,20,1,0,0,S6,582.0,False,FRG,FRG,0.36479370332549566
9,23,21,6,2.0,4,2,0,0,8,1.0,2,0,7,0,0,0,0,0,0,3,2,3,0,0,0.2857142857142857,0.34782608695652173,0.38095238095238093,0.7287784679089027,0.09523809523809523,0.42857142857142855,,0.0,0.30434782608695654,0.08695652173913043,0.625,0.375,1.6666666666666667,256.2608695652174,0.2608695652173913,0.3181818181818182,-0.8769306801978844,-0.1706,5,3,BC,23,22,5,7,1,0,0,S6,583.0,False,MPD,MPD,-0.009042855253830995
9,19,18,4,1.0,2,1,1,0,7,1.0,1,0,3,1,0,0,0,0,0,2,2,2,5,0,0.2222222222222222,0.2631578947368421,0.3888888888888889,0.652046783625731,0.16666666666666669,0.26666666666666666,,0.0,0.15789473684210525,0.05263157894736842,0.36363636363636365,0.6363636363636364,0.5714285714285714,271.3333333333333,0.21052631578947367,0.3333333333333333,-1.8454446630368788,-0.23909999999999998,4,7,XB,19,18,3,6,1,0,0,S6,596.0,False,CIM,CIM,-0.11957255141007087
7,18,18,4,3.0,4,0,0,0,4,0.0,0,0,4,1,0,0,0,0,0,2,2,5,1,0,0.2222222222222222,0.2222222222222222,0.2222222222222222,0.4444444444444444,0.0,0.2857142857142857,,0.0,0.2222222222222222,0.0,0.4,0.6,0.6666666666666666,257.7647058823529,0.2222222222222222,0.2222222222222222,-2.201367917122645,-0.2833,4,6,XB,18,18,4,4,0,0,0,S6,597.0,False,CWJ,CWJ,-0.15858445128673257
10,23,23,3,3.0,2,0,0,1,6,2.0,0,0,6,1,0,0,0,0,1,1,5,5,3,0,0.13043478260869565,0.13043478260869565,0.2608695652173913,0.3913043478260869,0.13043478260869565,0.125,,0.043478260869565216,0.2608695652173913,0.0,0.4666666666666667,0.5333333333333333,0.875,282.72727272727275,0.13043478260869565,0.22727272727272727,-3.635873185757072,-0.32560000000000006,7,8,XB,23,22,2,5,1,0,0,S6,599.0,False,2TM,LID,-0.28493710580974974
7,16,16,1,1.0,0,0,0,1,4,2.0,0,0,4,1,0,0,0,0,0,1,4,4,2,0,0.0625,0.0625,0.25,0.3125,0.1875,0.0,,0.0625,0.25,0.0,0.45454545454545453,0.5454545454545454,0.8333333333333334,295.6666666666667,0.0625,0.25,-2.861649682000124,-0.2995,5,6,XB,16,16,1,4,0,0,0,S6,599.0,True,MVS,MVS,-0.23145177671065068
3,7,7,2,2.0,2,0,0,0,2,0.0,0,0,2,0,0,0,0,0,1,0,1,1,1,0,0.2857142857142857,0.2857142857142857,0.2857142857142857,0.5714285714285714,0.0,0.4,,0.0,0.2857142857142857,0.0,0.5,0.5,1.0,255.0,0.2857142857142857,0.16666666666666666,-0.7742235037569485,-0.026099999999999998,2,2,XB,7,6,1,1,1,0,0,S6,599.0,True,LID,LID,-0.05348532909909911
1,3,3,0,0.0,0,0,0,0,0,0.0,0,0,0,0,0,0,0,0,0,0,1,1,1,0,0.0,0.0,0.0,0.0,0.0,0.0,,0.0,0.0,0.0,0.3333333333333333,0.6666666666666666,0.5,354.0,0.0,0.0,-0.5913912729293945,-0.0789,1,2,BC,3,3,0,0,0,0,0,S6,600.0,False,WWC,WWC,-0.04888040388868413
7,18,18,8,4.0,2,4,0,2,18,4.0,0,0,2,0,0,0,0,0,0,2,2,3,1,0,0.4444444444444444,0.4444444444444444,1.0,1.4444444444444444,0.5555555555555556,0.42857142857142855,,0.1111111111111111,0.1111111111111111,0.0,0.5,0.5,1.0,196.5,0.5,0.9411764705882353,3.114901246215809,0.11259999999999999,4,4,XB,18,17,8,16,1,0,0,S6,605.0,False,PHB,PHB,0.3730424650471128
10,27,25,7,4.0,6,1,0,0,8,3.0,2,0,4,0,0,0,0,0,1,4,4,4,2,0,0.28,0.3333333333333333,0.32,0.6533333333333333,0.03999999999999998,0.3333333333333333,,0.0,0.14814814814814814,0.07407407407407407,0.6,0.4,1.5,265.4074074074074,0.3333333333333333,0.32,-1.625857105185895,-0.1793,9,6,BC,27,25,7,8,2,0,0,S6,606.0,False,3TM,FRG,-0.07025719988029164
3,10,10,2,1.0,2,0,0,0,2,0.0,0,0,1,0,0,0,0,0,1,2,2,2,1,0,0.2,0.2,0.2,0.4,0.0,0.2222222222222222,,0.0,0.1,0.0,0.625,0.375,1.6666666666666667,299.0,0.2,0.2,-2.628889487087993,-0.19349999999999998,5,3,BC,10,10,2,2,0,0,0,S6,606.0,True,LMN,LMN,-0.22869320402794827
7,13,13,4,3.0,3,1,0,0,5,3.0,0,0,3,0,0,0,0,0,0,2,2,2,0,0,0.3076923076923077,0.3076923076923077,0.38461538461538464,0.6923076923076923,0.07692307692307693,0.4,,0.0,0.23076923076923078,0.0,0.6666666666666666,0.3333333333333333,2.0,265.0769230769231,0.3076923076923077,0.38461538461538464,0.49005648950310254,-0.0647,4,2,BC,13,13,4,5,0,0,0,S6,606.0,True,FRG,FRG,0.09346011703541664
2,4,2,1,0.0,1,0,0,0,1,0.0,2,0,0,0,0,0,0,0,0,0,0,0,1,0,0.5,0.75,0.5,1.25,0.0,0.5,,0.0,0.0,0.5,0.0,1.0,0.0,182.5,0.75,0.5,0.5129758923989953,0.0789,0,1,BC,4,2,1,1,2,0,0,S6,606.0,True,LEM,LEM,0.06497588711223996
6,13,12,2,1.0,1,1,0,0,3,0.0,1,0,2,1,0,0,0,0,1,0,5,3,0,0,0.16666666666666666,0.23076923076923078,0.25,0.4807692307692308,0.08333333333333334,0.2,,0.0,0.15384615384615385,0.07692307692307693,0.6666666666666666,0.3333333333333333,2.0,291.0,0.23076923076923078,0.25,-2.437946486481394,-0.23470000000000002,6,3,BP,13,12,2,3,1,0,0,S6,607.0,False,WWC,WWC,-0.19934018056303301
3,5,4,0,0.0,0,0,0,0,0,1.0,0,0,2,1,0,0,0,1,0,0,1,2,0,0,0.0,0.0,0.0,0.0,0.0,0.0,,0.0,0.4,0.0,0.25,0.75,0.3333333333333333,299.0,0.0,0.0,-0.522241659963854,-0.09650000000000002,1,3,1B,5,4,0,0,0,1,0,S6,609.0,False,FRG,FRG,-0.03512629365595986
7,17,17,4,0.0,1,3,0,0,7,3.0,0,0,0,0,0,0,0,0,2,6,3,2,2,0,0.23529411764705882,0.23529411764705882,0.4117647058823529,0.6470588235294117,0.1764705882352941,0.23529411764705882,,0.0,0.0,0.0,0.7333333333333333,0.26666666666666666,2.75,278.8235294117647,0.23529411764705882,0.4117647058823529,-1.3981182663030682,-0.3355,11,4,MH,17,17,4,7,0,0,0,S6,610.0,False,WWC,WWC,-0.08167906067286002
10,29,23,7,5.0,2,4,0,1,14,5.0,6,0,4,0,0,0,0,0,0,4,1,1,6,0,0.30434782608695654,0.4482758620689655,0.6086956521739131,1.0569715142428786,0.30434782608695654,0.3333333333333333,,0.034482758620689655,0.13793103448275862,0.20689655172413793,0.4166666666666667,0.5833333333333334,0.7142857142857143,249.85714285714286,0.41379310344827586,0.5652173913043478,2.475699998749858,0.15640000000000007,5,7,WC,29,23,6,13,6,0,0,S6,614.0,False,LID,LID,0.3467376594494539
10,24,20,2,4.0,1,1,0,0,3,1.0,4,0,3,1,0,0,0,0,2,5,2,1,7,0,0.1,0.25,0.15,0.4,0.04999999999999999,0.11764705882352941,,0.0,0.125,0.16666666666666666,0.5294117647058824,0.47058823529411764,1.125,298.60869565217394,0.20833333333333334,0.05,-3.5475656671828437,-0.2961,9,8,XB,24,20,1,1,4,0,0,S6,616.0,False,LIM,LIM,-0.2726867794842418
5,10,9,2,1.0,0,1,0,1,6,2.0,1,0,1,1,0,0,0,0,0,2,0,3,1,0,0.2222222222222222,0.3,0.6666666666666666,0.9666666666666666,0.4444444444444444,0.14285714285714285,,0.1,0.1,0.1,0.3333333333333333,0.6666666666666666,0.5,232.875,0.3,0.6666666666666666,0.634914550421611,0.14340000000000003,2,4,BP,10,9,2,6,1,0,0,S6,620.0,False,SAS,SAS,0.09768719972301217
6,15,13,4,0.0,4,0,0,0,4,0.0,2,0,4,0,0,0,0,0,0,1,1,0,3,0,0.3076923076923077,0.4,0.3076923076923077,0.7076923076923077,0.0,0.4444444444444444,,0.0,0.26666666666666666,0.13333333333333333,0.4,0.6,0.6666666666666666,259.6,0.4,0.25,-0.39452729591760793,-0.057699999999999994,2,3,1B,15,12,3,3,3,0,0,S6,622.0,False,PUK,PUK,0.011840887429515801
2,5,4,0,0.0,0,0,0,0,0,0.0,1,0,0,0,0,0,0,0,0,0,2,1,1,0,0.0,0.2,0.0,0.2,0.0,0.0,,0.0,0.0,0.2,0.5,0.5,1.0,315.6,0.0,0.0,-0.5470277613200738,-0.0354,2,2,SF,5,5,0,0,0,0,0,S6,623.0,False,TAK,TAK,-0.037604903791581844
11,32,31,9,4.0,4,3,0,2,18,2.0,1,0,9,1,0,0,0,0,1,3,2,8,0,0,0.2903225806451613,0.3125,0.5806451612903226,0.8931451612903226,0.2903225806451613,0.35,,0.0625,0.28125,0.03125,0.42857142857142855,0.5714285714285714,0.75,224.93548387096774,0.3125,0.59375,-2.6592104868619555,-0.2945000000000001,6,8,BN,32,32,10,19,0,0,0,S6,629.0,False,CWJ,CWJ,-0.15649466570747214
5,11,9,3,3.0,1,0,0,2,9,2.0,2,0,2,0,1,0,0,0,0,1,0,0,3,0,0.3333333333333333,0.45454545454545453,1.0,1.4545454545454546,0.6666666666666667,0.2,1.0,0.18181818181818182,0.18181818181818182,0.18181818181818182,0.25,0.75,0.3333333333333333,246.66666666666666,0.45454545454545453,0.7777777777777778,1.553744515949535,0.07780000000000001,1,3,SM,11,9,3,7,2,0,0,S6,638.0,False,CIM,CIM,0.19298977074388968
2,4,3,2,1.0,2,0,0,0,2,1.0,1,0,0,0,0,0,0,0,1,0,1,0,0,0,0.6666666666666666,0.75,0.6666666666666666,1.4166666666666665,0.0,0.6666666666666666,,0.0,0.0,0.25,1.0,0.0,,228.33333333333334,0.75,0.6666666666666666,0.2129013701060838,-0.017900000000000006,2,0,WC,4,3,2,2,1,0,0,S6,639.0,False,PBA,PBA,0.034968434882948804
6,17,16,5,0.0,3,2,0,0,7,2.0,1,0,3,0,0,0,0,0,1,2,3,3,0,0,0.3125,0.35294117647058826,0.4375,0.7904411764705883,0.125,0.38461538461538464,,0.0,0.17647058823529413,0.058823529411764705,0.6666666666666666,0.3333333333333333,2.0,253.2941176470588,0.29411764705882354,0.47058823529411764,-0.5848126480789676,0.027599999999999993,6,3,BC,17,17,5,8,0,0,0,S6,640.0,False,2TM,POR,-0.000348498850449952
6,15,14,3,0.0,2,1,0,0,4,0.0,1,0,3,0,0,0,0,0,1,2,3,3,0,0,0.21428571428571427,0.26666666666666666,0.2857142857142857,0.5523809523809524,0.07142857142857142,0.2727272727272727,,0.0,0.2,0.06666666666666667,0.6666666666666666,0.3333333333333333,2.0,280.1333333333333,0.2,0.26666666666666666,-2.783244481062453,-0.24100000000000002,6,3,BC,15,15,3,4,0,0,0,S6,640.0,True,POR,POR,-0.2270308310849687
1,2,2,2,0.0,1,1,0,0,3,2.0,0,0,0,0,0,0,0,0,0,0,0,0,0,0,1.0,1.0,1.5,2.5,0.5,1.0,,0.0,0.0,0.0,,,,52.0,1.0,2.0,2.1984318329834847,0.2686,0,0,BC,2,2,2,4,0,0,0,S6,640.0,True,LIM,LIM,0.22668233223451867
9,18,18,3,1.0,1,0,2,0,7,3.0,0,0,2,0,0,0,0,0,0,4,3,3,3,0,0.16666666666666666,0.16666666666666666,0.3888888888888889,0.5555555555555556,0.22222222222222224,0.1875,,0.0,0.1111111111111111,0.0,0.5384615384615384,0.46153846153846156,1.1666666666666667,306.05555555555554,0.16666666666666666,0.3333333333333333,-0.05408949630210552,0.16689999999999997,7,6,EN,18,18,3,6,0,0,0,S6,644.0,False,MVS,MVS,0.05614339079532136
7,17,14,0,0.0,0,0,0,0,0,0.0,3,0,0,0,0,0,0,0,1,4,5,2,3,0,0.0,0.17647058823529413,0.0,0.17647058823529413,0.0,0.0,,0.0,0.0,0.17647058823529413,0.6666666666666666,0.3333333333333333,2.0,343.3529411764706,0.11764705882352941,0.0,-2.421089331909442,-0.403,10,5,EN,17,14,0,0,2,1,0,S6,646.0,False,MVS,MVS,-0.18397616723349738
10,21,21,5,1.0,1,3,1,0,10,3.0,0,0,3,0,0,0,0,0,1,3,2,6,2,0,0.23809523809523808,0.23809523809523808,0.47619047619047616,0.7142857142857142,0.23809523809523808,0.2777777777777778,,0.0,0.14285714285714285,0.0,0.42857142857142855,0.5714285714285714,0.75,256.3333333333333,0.23809523809523808,0.47619047619047616,-0.11550908111102787,0.00410000000000001,6,8,BN,21,21,5,10,0,0,0,S6,647.0,False,AAL,AAL,0.06026015571868445
6,16,15,6,3.0,4,1,0,1,10,2.0,1,0,5,0,0,0,0,0,0,2,2,0,0,0,0.4,0.4375,0.6666666666666666,1.1041666666666665,0.2666666666666666,0.5555555555555556,,0.0625,0.3125,0.0625,1.0,0.0,,242.4375,0.4375,0.7333333333333333,0.8404597578794012,0.008300000000000009,4,0,HK,16,15,6,11,1,0,0,S6,649.0,False,TTT,TTT,0.1387591672773018
11,34,29,7,3.0,5,2,0,0,9,2.0,4,0,12,1,0,0,0,1,1,3,3,4,1,0,0.2413793103448276,0.3235294117647059,0.3103448275862069,0.6338742393509128,0.06896551724137931,0.3888888888888889,,0.0,0.35294117647058826,0.11764705882352941,0.5384615384615384,0.46153846153846156,1.1666666666666667,264.3636363636364,0.29411764705882354,0.2903225806451613,-3.1707185267818048,0.22469999999999996,7,6,TT,34,31,7,9,3,0,0,S6,650.0,False,JEF,JEF,-0.20080632076328686
11,35,31,9,5.0,5,2,1,1,16,7.0,3,0,4,0,8,2,0,1,0,5,1,12,1,0,0.2903225806451613,0.34285714285714286,0.5161290322580645,0.8589861751152074,0.2258064516129032,0.2962962962962963,0.8,0.02857142857142857,0.11428571428571428,0.08571428571428572,0.3,0.7,0.42857142857142855,234.5909090909091,0.3142857142857143,0.48484848484848486,2.0395287554911863,0.5351,6,14,SM,35,33,9,16,2,0,0,S6,651.0,False,2TM,BBB,0.3236379819320973
11,26,23,9,5.0,5,2,1,1,16,6.0,3,0,2,0,8,2,0,0,0,4,1,7,0,0,0.391304347826087,0.46153846153846156,0.6956521739130435,1.1571906354515051,0.3043478260869565,0.4,0.8,0.038461538461538464,0.07692307692307693,0.11538461538461539,0.4166666666666667,0.5833333333333334,0.7142857142857143,214.82857142857142,0.4230769230769231,0.6666666666666666,4.262353745239814,0.8009999999999999,5,7,SM,26,24,9,16,2,0,0,S6,651.0,True,BBB,BBB,0.5151443106941942
3,9,8,0,0.0,0,0,0,0,0,1.0,0,0,2,0,0,0,0,1,0,1,0,5,1,0,0.0,0.0,0.0,0.0,0.0,0.0,,0.0,0.2222222222222222,0.0,0.125,0.875,0.14285714285714285,311.44444444444446,0.0,0.0,-2.2228249897486294,-0.2659,1,7,SM,9,9,0,0,0,0,0,S6,651.0,True,LMN,LMN,-0.191506328762097
10,27,25,5,3.0,3,2,0,0,7,2.0,2,0,3,0,2,0,0,0,1,5,4,5,3,0,0.2,0.25925925925925924,0.28,0.5392592592592593,0.08000000000000002,0.22727272727272727,1.0,0.0,0.1111111111111111,0.07407407407407407,0.5555555555555556,0.4444444444444444,1.25,277.1034482758621,0.18518518518518517,0.3333333333333333,-3.9258980099804854,-0.2726000000000001,10,8,BC,27,27,5,9,0,0,0,S6,654.0,False,AAL,AAL,-0.3002612903597507
1,2,1,0,0.0,0,0,0,0,0,0.0,1,0,0,0,0,0,0,0,1,0,1,0,0,0,0.0,0.5,0.0,0.5,0.0,0.0,,0.0,0.0,0.5,1.0,0.0,,295.0,0.5,0.0,-0.3549528961325783,-0.019499999999999997,2,0,1B,2,1,0,0,1,0,0,S6,657.0,False,MBT,MBT,-0.028656140677087615
4,10,7,2,2.0,0,0,0,2,8,5.0,3,0,3,0,0,0,0,0,0,1,0,1,0,0,0.2857142857142857,0.5,1.1428571428571428,1.6428571428571428,0.8571428571428571,0.0,,0.2,0.3,0.3,0.5,0.5,1.0,193.44444444444446,0.5,1.1428571428571428,3.730506430904877,0.2563,1,1,TT,10,7,2,8,3,0,0,S6,662.0,False,FRG,FRG,0.4072463877713388
4,8,7,0,0.0,0,0,0,0,0,1.0,0,0,3,1,0,0,0,1,0,1,1,2,1,0,0.0,0.0,0.0,0.0,0.0,0.0,,0.0,0.375,0.0,0.3333333333333333,0.6666666666666666,0.5,322.14285714285717,0.0,0.0,-2.501200809074577,-0.3551,2,4,BN,8,8,0,0,0,0,0,S6,663.0,False,2TM,JEF,-0.22276348516277683
1,1,1,0,0.0,0,0,0,0,0,0.0,0,0,1,1,0,0,0,0,0,0,0,0,0,0,0.0,0.0,0.0,0.0,0.0,,,0.0,1.0,0.0,,,,,0.0,0.0,-0.3979763912310287,-0.049400000000000006,0,0,BN,1,1,0,0,0,0,0,S6,663.0,True,SAS,SAS,-0.036378064655017764
3,7,6,0,0.0,0,0,0,0,0,1.0,0,0,2,0,0,0,0,1,0,1,1,2,1,0,0.0,0.0,0.0,0.0,0.0,0.0,,0.0,0.2857142857142857,0.0,0.3333333333333333,0.6666666666666666,0.5,322.14285714285717,0.0,0.0,-2.103224417843548,-0.30569999999999997,2,4,BN,7,7,0,0,0,0,0,S6,663.0,True,JEF,JEF,-0.18638542050775908
9,25,21,7,4.0,2,1,1,3,19,6.0,3,0,5,0,0,0,0,1,0,2,1,7,0,0,0.3333333333333333,0.4,0.9047619047619048,1.3047619047619048,0.5714285714285714,0.2857142857142857,,0.12,0.2,0.12,0.2727272727272727,0.7272727272727273,0.375,211.52,0.4,0.8095238095238095,2.8809920345363036,-0.09420000000000006,3,8,BP,25,21,6,17,4,0,0,S6,665.0,False,CBC,CBC,0.373588565155758
5,12,12,5,2.0,3,1,0,1,9,2.0,0,0,1,0,0,0,0,0,0,2,0,4,0,0,0.4166666666666667,0.4166666666666667,0.75,1.1666666666666667,0.3333333333333333,0.4,,0.08333333333333333,0.08333333333333333,0.0,0.3333333333333333,0.6666666666666666,0.5,192.83333333333334,0.4166666666666667,0.75,0.7471567486883275,0.13649999999999998,2,4,SM,12,12,5,9,0,0,0,S6,669.0,False,JEF,JEF,0.11575056848585401
6,17,16,6,3.0,4,1,1,0,9,8.0,1,0,1,0,0,0,0,0,0,3,2,2,2,0,0.375,0.4117647058823529,0.5625,0.9742647058823529,0.1875,0.4,,0.0,0.058823529411764705,0.058823529411764705,0.5555555555555556,0.4444444444444444,1.25,262.375,0.4117647058823529,0.625,4.466224043569609,0.3942,5,4,BN,17,16,6,10,1,0,0,S6,671.0,False,FRG,FRG,0.5047551703144076
4,11,11,3,1.0,3,0,0,0,3,1.0,0,0,0,0,0,0,0,0,0,2,2,3,1,0,0.2727272727272727,0.2727272727272727,0.2727272727272727,0.5454545454545454,0.0,0.2727272727272727,,0.0,0.0,0.0,0.5,0.5,1.0,281.3636363636364,0.2727272727272727,0.2727272727272727,-0.3363378123381422,-0.12849999999999998,4,4,BC,11,11,3,3,0,0,0,S6,672.0,False,2TM,LIM,0.0039815379151219524
3,9,9,3,1.0,3,0,0,0,3,1.0,0,0,0,0,0,0,0,0,0,2,1,2,1,0,0.3333333333333333,0.3333333333333333,0.3333333333333333,0.6666666666666666,0.0,0.3333333333333333,,0.0,0.0,0.0,0.5,0.5,1.0,261.3333333333333,0.3333333333333333,0.3333333333333333,0.09093121423450468,-0.048199999999999986,3,3,BC,9,9,3,3,0,0,0,S6,672.0,True,LID,LID,0.03986929163621643
1,2,2,0,0.0,0,0,0,0,0,0.0,0,0,0,0,0,0,0,0,0,0,1,1,0,0,0.0,0.0,0.0,0.0,0.0,0.0,,0.0,0.0,0.0,0.5,0.5,1.0,371.5,0.0,0.0,-0.42726902657264687,-0.0803,1,1,BC,2,2,0,0,0,0,0,S6,672.0,True,LIM,LIM,-0.03588775372109447
9,22,21,2,1.0,1,1,0,0,3,0.0,1,0,4,2,2,1,0,0,0,1,4,6,4,0,0.09523809523809523,0.13636363636363635,0.14285714285714285,0.2792207792207792,0.047619047619047616,0.11764705882352941,0.6666666666666666,0.0,0.18181818181818182,0.045454545454545456,0.3333333333333333,0.6666666666666666,0.5,294.2608695652174,0.09090909090909091,0.13636363636363635,-3.7363092637483746,-0.47579999999999995,5,10,S,22,22,2,3,0,0,0,S6,675.0,False,TAK,TAK,-0.2984002880769651
5,14,14,6,4.0,2,1,1,2,15,3.0,0,0,3,0,0,0,0,0,0,0,0,2,3,0,0.42857142857142855,0.42857142857142855,1.0714285714285714,1.5,0.6428571428571428,0.4444444444444444,,0.14285714285714285,0.21428571428571427,0.0,0.0,1.0,0.0,192.57142857142858,0.42857142857142855,1.0714285714285714,1.5179057792876276,0.22980000000000006,0,5,S,14,14,6,15,0,0,0,S6,679.0,False,PBA,PBA,0.19966462048195424
6,11,11,3,3.0,2,0,0,1,6,1.0,0,0,3,2,0,0,0,0,0,1,2,1,1,0,0.2727272727272727,0.2727272727272727,0.5454545454545454,0.8181818181818181,0.2727272727272727,0.2857142857142857,,0.09090909090909091,0.2727272727272727,0.0,0.6,0.4,1.5,270.22222222222223,0.2727272727272727,0.5454545454545454,-0.5195131251954357,-0.011399999999999999,3,2,1B,11,11,3,6,0,0,0,S6,683.0,False,CIM,CIM,-0.014335993370607397
6,18,16,4,2.0,3,1,0,0,5,2.0,1,0,1,1,0,0,0,1,2,4,4,3,1,0,0.25,0.2777777777777778,0.3125,0.5902777777777778,0.0625,0.25,,0.0,0.05555555555555555,0.05555555555555555,0.6666666666666666,0.3333333333333333,2.0,272.05882352941177,0.2777777777777778,0.3125,-1.7680053443355517,-0.23739999999999997,10,5,MH,18,16,4,5,1,1,0,S6,686.0,False,2TM,LIM,-0.11524819400802326
6,15,13,4,2.0,3,1,0,0,5,2.0,1,0,0,0,0,0,0,1,1,3,3,3,1,0,0.3076923076923077,0.3333333333333333,0.38461538461538464,0.717948717948718,0.07692307692307693,0.2857142857142857,,0.0,0.0,0.06666666666666667,0.5833333333333334,0.4166666666666667,1.4,250.66666666666666,0.3333333333333333,0.38461538461538464,-0.6791611007954207,-0.1274,7,5,MH,15,13,4,5,1,1,0,S6,686.0,True,BAC,BAC,-0.016622493058265474
1,3,3,0,0.0,0,0,0,0,0,0.0,0,0,1,1,0,0,0,0,1,1,1,0,0,0,0.0,0.0,0.0,0.0,0.0,0.0,,0.0,0.3333333333333333,0.0,1.0,0.0,,432.5,0.0,0.0,-1.088844243540131,-0.10999999999999999,3,0,MH,3,3,0,0,0,0,0,S6,686.0,True,LIM,LIM,-0.09862570094975778
10,27,27,6,1.0,2,3,0,1,12,3.0,0,0,7,0,0,0,0,0,0,5,1,6,2,0,0.2222222222222222,0.2222222222222222,0.4444444444444444,0.6666666666666666,0.2222222222222222,0.2631578947368421,,0.037037037037037035,0.25925925925925924,0.0,0.42857142857142855,0.5714285714285714,0.75,240.62962962962962,0.2222222222222222,0.4230769230769231,-0.7098447805111932,-0.13540000000000002,6,8,EN,27,26,5,11,1,0,0,S6,696.0,False,SGP,SGP,0.02134403258717855
3,5,5,0,0.0,0,0,0,0,0,0.0,0,0,3,3,0,0,0,0,0,0,0,2,0,0,0.0,0.0,0.0,0.0,0.0,0.0,,0.0,0.6,0.0,0.0,1.0,0.0,229.0,0.0,0.0,-1.387344055391452,-0.135,0,2,SM,5,5,0,0,0,0,0,S6,697.0,False,MVS,MVS,-0.12163653319871967
7,23,20,4,3.0,2,0,1,1,9,2.0,3,0,9,0,1,0,0,0,1,3,1,1,2,0,0.2,0.30434782608695654,0.45,0.7543478260869565,0.25,0.3,1.0,0.043478260869565216,0.391304347826087,0.13043478260869565,0.625,0.375,1.6666666666666667,265.39130434782606,0.30434782608695654,0.45,0.013720330003739678,0.050699999999999974,5,3,BC,23,20,4,9,3,0,0,S6,698.0,False,3TM,LEM,0.0800222457663314
3,10,9,2,2.0,0,0,1,1,7,2.0,1,0,3,0,0,0,0,0,1,2,0,1,1,0,0.2222222222222222,0.3,0.7777777777777778,1.0777777777777777,0.5555555555555556,0.2,,0.1,0.3,0.1,0.6,0.4,1.5,242.8,0.3,0.7777777777777778,1.1205839132872577,0.15040000000000003,3,2,BC,10,9,2,7,1,0,0,S6,698.0,True,LMN,LMN,0.14625413600957685
2,4,4,1,0.0,1,0,0,0,1,0.0,0,0,2,0,0,0,0,0,0,0,0,0,1,0,0.25,0.25,0.25,0.5,0.0,0.5,,0.0,0.5,0.0,0.0,1.0,0.0,286.75,0.25,0.25,-0.545040883408014,-0.057300000000000004,0,1,BC,4,4,1,1,0,0,0,S6,698.0,True,PBA,PBA,-0.04082579046846098
3,9,7,1,1.0,1,0,0,0,1,0.0,2,0,4,0,1,0,0,0,0,1,1,0,0,0,0.14285714285714285,0.3333333333333333,0.14285714285714285,0.47619047619047616,0.0,0.3333333333333333,1.0,0.0,0.4444444444444444,0.2222222222222222,1.0,0.0,,281.0,0.3333333333333333,0.14285714285714285,-0.5618226998755034,-0.042399999999999986,2,0,BC,9,7,1,1,2,0,0,S6,698.0,True,LEM,LEM,-0.02540609977478438
6,16,15,0,0.0,0,0,0,0,0,0.0,1,0,7,4,0,0,0,0,2,2,0,3,3,0,0.0,0.0625,0.0,0.0625,0.0,0.0,,0.0,0.4375,0.0625,0.4,0.6,0.6666666666666666,299.25,0.0625,0.0,-5.2827592467881,-0.5163,4,6,BC,16,15,0,0,1,0,0,S6,700.0,False,2TM,TTT,-0.47356273318944825
4,12,12,0,0.0,0,0,0,0,0,0.0,0,0,5,3,0,0,0,0,2,2,0,2,3,0,0.0,0.0,0.0,0.0,0.0,0.0,,0.0,0.4166666666666667,0.0,0.4444444444444444,0.5555555555555556,0.8,329.77777777777777,0.0,0.0,-4.602854795024671,-0.4001,4,5,BC,12,12,0,0,0,0,0,S6,700.0,True,LID,LID,-0.41925058588544584
2,4,3,0,0.0,0,0,0,0,0,0.0,1,0,2,1,0,0,0,0,0,0,0,1,0,0,0.0,0.25,0.0,0.25,0.0,0.0,,0.0,0.5,0.25,0.0,1.0,0.0,207.66666666666666,0.25,0.0,-0.6799044517634287,-0.1162,0,1,BC,4,3,0,0,1,0,0,S6,700.0,True,TTT,TTT,-0.054312147304002446
9,25,24,6,4.0,4,1,0,1,10,4.0,1,0,5,0,0,0,0,0,0,3,3,3,4,0,0.25,0.28,0.4166666666666667,0.6966666666666668,0.16666666666666669,0.2777777777777778,,0.04,0.2,0.04,0.46153846153846156,0.5384615384615384,0.8571428571428571,263.44,0.24,0.4,0.7110571454153087,0.14090000000000003,6,7,EN,25,25,6,10,0,0,0,S6,701.0,False,WWC,WWC,0.15659507624365854
7,21,19,1,1.0,0,1,0,0,2,2.0,1,0,6,0,0,0,0,1,0,0,0,6,7,0,0.05263157894736842,0.09523809523809523,0.10526315789473684,0.20050125313283207,0.05263157894736842,0.07142857142857142,,0.0,0.2857142857142857,0.047619047619047616,0.0,1.0,0.0,287.9047619047619,0.09523809523809523,0.10526315789473684,-3.8309887270713987,-0.4851,0,14,S,21,19,1,2,1,1,0,S6,702.0,False,TTT,TTT,-0.31128780887735263
10,25,21,8,3.0,4,2,0,2,16,3.0,4,0,5,0,1,1,0,0,0,2,0,6,0,0,0.38095238095238093,0.48,0.7619047619047619,1.2419047619047618,0.38095238095238093,0.42857142857142855,0.5,0.08,0.2,0.16,0.25,0.75,0.3333333333333333,194.03846153846155,0.44,0.7272727272727273,3.400858179039201,0.2720000000000001,2,6,BP,25,22,8,16,3,0,0,S6,703.0,False,3TM,MVS,0.4255751796060478
3,9,8,4,2.0,1,1,0,2,11,2.0,1,0,1,0,1,0,0,0,0,1,0,2,0,0,0.5,0.5555555555555556,1.375,1.9305555555555556,0.875,0.4,1.0,0.2222222222222222,0.1111111111111111,0.1111111111111111,0.3333333333333333,0.6666666666666666,0.5,165.55555555555554,0.5555555555555556,1.375,3.0488712796585027,0.2308,1,2,BP,9,8,4,11,1,0,0,S6,703.0,True,LMN,LMN,0.33566329817861623
5,11,9,2,1.0,1,1,0,0,3,1.0,2,0,3,0,0,0,0,0,0,1,0,3,0,0,0.2222222222222222,0.36363636363636365,0.3333333333333333,0.696969696969697,0.1111111111111111,0.3333333333333333,,0.0,0.2727272727272727,0.18181818181818182,0.25,0.75,0.3333333333333333,216.36363636363637,0.2727272727272727,0.3,0.36274744593322905,0.023999999999999994,1,3,BP,11,10,2,3,1,0,0,S6,703.0,True,MVS,MVS,0.07389006374225908
2,5,4,2,0.0,2,0,0,0,2,0.0,1,0,1,0,0,1,0,0,0,0,0,1,0,0,0.5,0.6,0.5,1.1,0.0,0.6666666666666666,0.0,0.0,0.2,0.2,0.0,1.0,0.0,195.83333333333334,0.6,0.5,-0.010760546552530836,0.017199999999999997,0,1,BP,5,4,2,2,1,0,0,S6,703.0,True,LEM,LEM,0.016021817685172447
6,12,11,5,4.0,1,3,0,1,11,3.0,1,0,2,1,0,0,0,0,0,2,2,0,0,0,0.45454545454545453,0.5,1.0,1.5,0.5454545454545454,0.5,,0.08333333333333333,0.16666666666666666,0.08333333333333333,1.0,0.0,,213.2,0.5,1.0,1.0385167734427063,0.18749999999999997,4,0,MH,12,11,5,11,1,0,0,S6,708.0,False,LID,LID,0.14488657096129193
6,13,12,0,1.0,0,0,0,0,0,0.0,1,0,2,1,0,0,0,0,0,2,3,4,1,0,0.0,0.07692307692307693,0.0,0.07692307692307693,0.0,0.0,,0.0,0.15384615384615385,0.07692307692307693,0.5,0.5,1.0,288.8333333333333,0.07692307692307693,0.0,-2.6490749747570943,-0.2771,5,5,MH,13,12,0,0,1,0,0,S6,711.0,False,MVS,MVS,-0.22045302939060302
5,12,12,5,4.0,2,3,0,0,8,1.0,0,0,3,0,2,0,0,0,0,0,0,3,1,0,0.4166666666666667,0.4166666666666667,0.6666666666666666,1.0833333333333333,0.24999999999999994,0.5555555555555556,1.0,0.0,0.25,0.0,0.0,1.0,0.0,186.78571428571428,0.4166666666666667,0.6666666666666666,0.515636835550081,0.0179,0,4,XB,12,12,5,8,0,0,0,S6,713.0,False,SAR,SAR,0.09259857717202938
7,16,14,5,0.0,5,0,0,0,5,1.0,2,0,2,0,0,0,0,0,0,2,1,3,1,0,0.35714285714285715,0.4375,0.35714285714285715,0.7946428571428572,0.0,0.4166666666666667,,0.0,0.125,0.125,0.42857142857142855,0.5714285714285714,0.75,231.0,0.3125,0.2857142857142857,0.11410019100352675,0.07719999999999999,3,4,SF,16,14,4,4,1,1,0,S6,714.0,False,CIM,CIM,0.06612321058971438
4,11,9,2,2.0,1,0,0,1,5,2.0,1,0,2,1,0,0,0,1,0,1,0,5,0,0,0.2222222222222222,0.2727272727272727,0.5555555555555556,0.8282828282828283,0.33333333333333337,0.14285714285714285,,0.09090909090909091,0.18181818181818182,0.09090909090909091,0.14285714285714285,0.8571428571428571,0.16666666666666666,226.4,0.2727272727272727,0.5555555555555556,0.15977567000026338,-0.11410000000000001,1,6,SM,11,9,2,5,1,1,0,S6,716.0,False,2TM,SUP,0.053592886148962515
2,6,5,2,1.0,1,0,0,1,5,2.0,0,0,0,0,0,0,0,1,0,1,0,3,0,0,0.4,0.3333333333333333,1.0,1.3333333333333333,0.6,0.2,,0.16666666666666666,0.0,0.0,0.2,0.8,0.25,218.0,0.3333333333333333,1.0,1.0628266306730096,0.00839999999999999,1,4,SM,6,5,2,5,0,1,0,S6,716.0,True,LMN,LMN,0.1268001098758116
2,5,4,0,1.0,0,0,0,0,0,0.0,1,0,2,1,0,0,0,0,0,0,0,2,0,0,0.0,0.2,0.0,0.2,0.0,0.0,,0.0,0.4,0.2,0.0,1.0,0.0,239.0,0.2,0.0,-0.9030509606727463,-0.1225,0,2,SM,5,4,0,0,1,0,0,S6,716.0,True,SUP,SUP,-0.0732072237268491
12,29,28,11,5.0,6,3,1,1,19,3.0,1,0,6,0,1,0,0,0,0,4,5,1,1,0,0.39285714285714285,0.41379310344827586,0.6785714285714286,1.0923645320197044,0.28571428571428575,0.47619047619047616,1.0,0.034482758620689655,0.20689655172413793,0.034482758620689655,0.8181818181818182,0.18181818181818182,4.5,247.7,0.41379310344827586,0.6153846153846154,3.0710115116662404,0.45899999999999996,9,2,XB,29,26,9,16,3,0,0,S6,719.0,False,2TM,HEL,0.40626881074109217
12,27,26,10,5.0,6,2,1,1,17,3.0,1,0,6,0,1,0,0,0,0,3,5,1,1,0,0.38461538461538464,0.4074074074074074,0.6538461538461539,1.0612535612535612,0.2692307692307692,0.47368421052631576,1.0,0.037037037037037035,0.2222222222222222,0.037037037037037035,0.8,0.2,4.0,248.0,0.4074074074074074,0.5833333333333334,2.983728826936483,0.4327,8,2,XB,27,24,8,14,3,0,0,S6,719.0,True,HEL,HEL,0.3907013933319462
1,2,2,1,0.0,0,1,0,0,2,0.0,0,0,0,0,0,0,0,0,0,1,0,0,0,0,0.5,0.5,1.0,1.5,0.5,0.5,,0.0,0.0,0.0,1.0,0.0,,243.5,0.5,1.0,0.08728268472975792,0.0263,1,0,XB,2,2,1,2,0,0,0,S6,719.0,True,LIM,LIM,0.015567417409146005
8,20,17,4,2.0,1,1,0,2,11,7.0,2,0,2,0,0,0,0,1,1,4,2,6,0,0,0.23529411764705882,0.3,0.6470588235294118,0.9470588235294117,0.411764705882353,0.14285714285714285,,0.1,0.1,0.1,0.5,0.5,1.0,218.89473684210526,0.3,0.5882352941176471,1.9469747715661498,0.14569999999999997,7,7,MH,20,17,4,10,2,1,0,S6,720.0,False,BAC,BAC,0.2630889665183171
7,17,17,0,0.0,0,0,0,0,0,0.0,0,0,3,0,0,0,0,0,1,3,4,3,4,0,0.0,0.0,0.0,0.0,0.0,0.0,,0.0,0.17647058823529413,0.0,0.5333333333333333,0.4666666666666667,1.1428571428571428,355.52941176470586,0.0,0.0,-4.45880918833595,-0.47230000000000005,8,7,SF,17,17,0,0,0,0,0,S6,723.0,False,TTT,TTT,-0.3877481528761482
2,5,3,1,1.0,1,0,0,0,1,0.0,2,0,2,1,0,0,0,0,0,0,0,0,0,0,0.3333333333333333,0.6,0.3333333333333333,0.9333333333333333,0.0,1.0,,0.0,0.4,0.4,,,,180.5,0.2,0.2,0.07818577103926311,0.048,0,0,WC,5,5,1,1,0,0,0,S6,724.0,False,PBA,PBA,0.024916449444351844
6,15,13,3,1.0,2,1,0,0,4,0.0,2,0,4,0,0,0,0,0,2,0,2,1,3,0,0.23076923076923078,0.3333333333333333,0.3076923076923077,0.641025641025641,0.07692307692307693,0.3333333333333333,,0.0,0.26666666666666666,0.13333333333333333,0.5,0.5,1.0,254.13333333333333,0.3333333333333333,0.35714285714285715,-2.660602890885043,-0.3692,4,4,XB,15,14,4,5,1,0,0,S6,726.0,False,MPD,MPD,-0.21476667206722772
6,16,13,4,3.0,2,2,0,0,6,1.0,3,0,3,0,1,0,0,0,0,1,1,3,1,0,0.3076923076923077,0.4375,0.46153846153846156,0.8990384615384616,0.15384615384615385,0.4,1.0,0.0,0.1875,0.1875,0.3333333333333333,0.6666666666666666,0.5,222.88235294117646,0.4375,0.5384615384615384,0.3750858897066156,0.019599999999999992,2,4,WC,16,13,4,7,3,0,0,S6,727.0,False,CBC,CBC,0.09222178046002326
5,14,14,2,1.0,0,1,0,1,6,2.0,0,0,3,0,0,0,0,0,2,3,1,2,3,0,0.14285714285714285,0.14285714285714285,0.42857142857142855,0.5714285714285714,0.2857142857142857,0.1,,0.07142857142857142,0.21428571428571427,0.0,0.5454545454545454,0.45454545454545453,1.2,291.42857142857144,0.14285714285714285,0.42857142857142855,-1.3287428552956695,-0.4124,6,5,XB,14,14,2,6,0,0,0,S6,728.0,False,LID,LID,-0.08500024297637546
3,9,6,0,0.0,0,0,0,0,0,0.0,3,0,3,0,0,0,0,0,0,1,0,1,1,0,0.0,0.3333333333333333,0.0,0.3333333333333333,0.0,0.0,,0.0,0.3333333333333333,0.3333333333333333,0.3333333333333333,0.6666666666666666,0.5,258.3333333333333,0.2222222222222222,0.0,-0.8182946685308266,-0.0773,1,2,WC,9,7,0,0,2,0,0,S6,729.0,False,HEL,HEL,-0.0510532966403167
5,15,12,4,3.0,1,1,0,2,11,4.0,2,0,3,2,0,0,0,1,0,0,3,3,0,0,0.3333333333333333,0.4,0.9166666666666666,1.3166666666666667,0.5833333333333333,0.25,,0.13333333333333333,0.2,0.13333333333333333,0.42857142857142855,0.5714285714285714,0.75,208.3846153846154,0.4,0.9166666666666666,1.01395474364061,0.34909999999999997,3,4,BC,15,12,4,11,2,1,0,S6,730.0,False,SLT,SLT,0.1526890913853376
1,1,1,1,0.0,1,0,0,0,1,0.0,0,0,0,0,0,0,0,0,0,0,0,0,0,0,1.0,1.0,1.0,2.0,0.0,1.0,,0.0,0.0,0.0,,,,65.0,1.0,1.0,0.2115023268843445,0.0215,0,0,S,1,1,1,1,0,0,0,S6,731.0,False,LIM,LIM,0.024569807156519557
6,15,13,2,1.0,1,1,0,0,3,0.0,2,0,2,0,0,0,0,0,0,0,2,2,5,0,0.15384615384615385,0.26666666666666666,0.23076923076923078,0.49743589743589745,0.07692307692307693,0.18181818181818182,,0.0,0.13333333333333333,0.13333333333333333,0.2222222222222222,0.7777777777777778,0.2857142857142857,281.4,0.2,0.21428571428571427,-2.7562402598708475,-0.2791,2,7,S,15,14,2,3,1,0,0,S6,734.0,False,MPD,MPD,-0.22433040896580816
1,3,2,2,2.0,0,0,1,1,7,2.0,1,0,0,0,0,0,0,0,0,0,0,0,0,0,1.0,1.0,3.5,4.5,2.5,1.0,,0.3333333333333333,0.0,0.3333333333333333,,,,65.33333333333333,1.0,3.5,3.297628297168335,0.34950000000000003,0,0,BC,3,2,2,7,1,0,0,S6,739.0,False,PHB,PHB,0.3400215531210888
5,14,13,2,2.0,1,0,0,1,5,2.0,1,0,2,1,0,0,0,0,0,2,1,2,4,0,0.15384615384615385,0.21428571428571427,0.38461538461538464,0.5989010989010989,0.23076923076923078,0.1,,0.07142857142857142,0.14285714285714285,0.07142857142857142,0.3333333333333333,0.6666666666666666,0.5,313.84615384615387,0.21428571428571427,0.38461538461538464,-1.5680294885880235,-0.04749999999999999,3,6,SM,14,13,2,5,1,0,0,S6,740.0,False,MVS,MVS,-0.10892890630561088
6,16,15,2,1.0,2,0,0,0,2,0.0,1,0,8,6,0,0,0,0,0,0,1,2,2,0,0.13333333333333333,0.1875,0.13333333333333333,0.3208333333333333,0.0,0.2857142857142857,,0.0,0.5,0.0625,0.2,0.8,0.25,257.6,0.1875,0.07142857142857142,-1.845624680092968,-0.30479999999999996,1,4,1B,16,14,1,1,2,0,0,S6,743.0,False,BBB,BBB,-0.1298492765199351
13,42,37,15,8.0,9,2,0,4,29,10.0,3,0,7,0,3,0,0,2,0,3,4,5,5,0,0.40540540540540543,0.42857142857142855,0.7837837837837838,1.2123552123552124,0.37837837837837834,0.39285714285714285,1.0,0.09523809523809523,0.16666666666666666,0.07142857142857142,0.3684210526315789,0.631578947368421,0.5833333333333334,219.52272727272728,0.38095238095238093,0.8157894736842105,4.985532714532845,0.5952999999999999,7,12,SF,42,38,14,31,2,2,0,S6,745.0,False,2TM,PHB,0.6421753991128589
13,34,31,11,7.0,6,2,0,3,22,7.0,2,0,6,0,3,0,0,1,0,3,4,3,5,0,0.3548387096774194,0.38235294117647056,0.7096774193548387,1.0920303605313093,0.3548387096774194,0.34782608695652173,1.0,0.08823529411764706,0.17647058823529413,0.058823529411764705,0.4375,0.5625,0.7777777777777778,233.88888888888889,0.38235294117647056,0.8064516129032258,2.7381090902188916,0.39779999999999993,7,9,SF,34,31,11,25,2,1,0,S6,745.0,True,PHB,PHB,0.3900764409367828
3,8,6,4,1.0,3,0,0,1,7,3.0,1,0,1,0,0,0,0,1,0,0,0,2,0,0,0.6666666666666666,0.625,1.1666666666666667,1.7916666666666667,0.5000000000000001,0.6,,0.125,0.125,0.125,0.0,1.0,0.0,154.875,0.375,0.8571428571428571,2.247423624313953,0.19749999999999998,0,3,SF,8,7,3,6,0,1,0,S6,745.0,True,LMN,LMN,0.25209895817607614
5,15,14,6,3.0,3,2,1,0,10,3.0,1,0,1,0,1,0,0,0,0,0,1,6,0,0,0.42857142857142855,0.4666666666666667,0.7142857142857143,1.180952380952381,0.28571428571428575,0.46153846153846156,1.0,0.0,0.06666666666666667,0.06666666666666667,0.14285714285714285,0.8571428571428571,0.16666666666666666,178.9375,0.4666666666666667,0.6153846153846154,1.9064792796187535,0.40659999999999996,1,6,1B,15,13,5,8,2,0,0,S6,746.0,False,SUP,SUP,0.24194154498315196
5,11,10,2,2.0,0,0,0,2,8,4.0,1,0,1,0,0,0,0,0,1,2,0,3,2,0,0.2,0.2727272727272727,0.8,1.0727272727272728,0.6000000000000001,0.0,,0.18181818181818182,0.09090909090909091,0.09090909090909091,0.375,0.625,0.6,237.0,0.2727272727272727,0.8,0.9590380275155359,0.3904,3,5,WC,11,10,2,8,1,0,0,S6,755.0,False,SLT,SLT,0.13351912190048976
8,21,19,4,2.0,4,0,0,0,4,0.0,2,0,5,2,0,0,0,0,1,3,1,2,4,0,0.21052631578947367,0.2857142857142857,0.21052631578947367,0.49624060150375937,0.0,0.2857142857142857,,0.0,0.23809523809523808,0.09523809523809523,0.45454545454545453,0.5454545454545454,0.8333333333333334,272.3157894736842,0.23809523809523808,0.2,-3.9502017304687214,-0.3863,5,6,BP,21,20,4,4,1,0,0,S6,756.0,False,FRG,FRG,-0.3232091092170849
2,4,4,1,0.0,1,0,0,0,1,1.0,0,0,2,0,0,0,0,0,0,1,0,0,0,0,0.25,0.25,0.25,0.5,0.0,0.5,,0.0,0.5,0.0,1.0,0.0,,276.25,0.25,0.25,0.031834188491697946,-0.004199999999999999,1,0,HK,4,4,1,1,0,0,0,S6,758.0,False,MBT,MBT,0.01686171672151022
9,20,16,3,3.0,1,0,0,2,9,3.0,4,0,6,2,0,0,0,0,1,3,1,3,0,0,0.1875,0.35,0.5625,0.9125,0.375,0.125,,0.1,0.3,0.2,0.625,0.375,1.6666666666666667,230.55555555555554,0.25,0.5263157894736842,0.6052337922097659,0.4797,5,3,1B,20,19,4,10,1,0,0,S6,762.0,False,TTT,TTT,0.12891486858267873
3,8,7,1,1.0,1,0,0,0,1,0.0,1,0,2,0,0,0,0,0,0,0,0,1,3,0,0.14285714285714285,0.25,0.14285714285714285,0.39285714285714285,0.0,0.2,,0.0,0.25,0.125,0.0,1.0,0.0,295.75,0.25,0.14285714285714285,-0.6742823773435174,-0.1459,0,4,WC,8,7,1,1,1,0,0,S6,765.0,False,CIM,CIM,-0.040071641989670885
9,26,23,4,5.0,1,1,1,1,10,3.0,3,1,3,0,0,0,0,0,0,3,3,5,5,0,0.17391304347826086,0.2692307692307692,0.43478260869565216,0.7040133779264214,0.2608695652173913,0.15789473684210525,,0.038461538461538464,0.11538461538461539,0.11538461538461539,0.375,0.625,0.6,274.52,0.19230769230769232,0.4,-0.47363312162324006,0.02000000000000003,6,10,SF,26,25,4,10,1,0,0,S6,770.0,False,2TM,PHB,0.041545624007888755
5,15,12,2,4.0,0,1,1,0,5,1.0,3,1,1,0,0,0,0,0,0,2,1,4,2,0,0.16666666666666666,0.3333333333333333,0.4166666666666667,0.75,0.25,0.18181818181818182,,0.0,0.06666666666666667,0.2,0.3333333333333333,0.6666666666666666,0.5,250.92857142857142,0.2,0.35714285714285715,-0.5245512839972157,-0.0069999999999999785,3,6,SF,15,14,2,5,1,0,0,S6,770.0,True,PHB,PHB,-0.0011615113784449794
6,11,11,2,1.0,1,0,0,1,5,2.0,0,0,2,0,0,0,0,0,0,1,2,1,3,0,0.18181818181818182,0.18181818181818182,0.45454545454545453,0.6363636363636364,0.2727272727272727,0.125,,0.09090909090909091,0.18181818181818182,0.0,0.42857142857142855,0.5714285714285714,0.75,304.54545454545456,0.18181818181818182,0.45454545454545453,0.05091816237397573,0.027000000000000003,3,4,SF,11,11,2,5,0,0,0,S6,770.0,True,LIM,LIM,0.04270713538633374
6,14,13,2,2.0,1,0,0,1,5,2.0,0,0,3,0,0,0,0,1,0,3,2,3,1,0,0.15384615384615385,0.14285714285714285,0.38461538461538464,0.5274725274725275,0.23076923076923078,0.1,,0.07142857142857142,0.21428571428571427,0.0,0.5,0.5,1.0,299.57142857142856,0.14285714285714285,0.2857142857142857,-1.0180085498577611,-0.028599999999999983,5,5,BP,14,14,2,4,0,0,0,S6,771.0,False,SAS,SAS,-0.053926812432584625
9,21,17,4,3.0,2,0,0,2,10,3.0,4,0,3,0,1,0,0,0,0,4,1,5,0,0,0.23529411764705882,0.38095238095238093,0.5882352941176471,0.969187675070028,0.35294117647058826,0.16666666666666666,1.0,0.09523809523809523,0.14285714285714285,0.19047619047619047,0.5,0.5,1.0,240.54545454545453,0.2857142857142857,0.5263157894736842,0.6531494611951771,0.6154,5,5,BC,21,19,4,10,2,0,0,S6,772.0,False,2TM,LID,0.13712600994930496
8,17,13,3,2.0,2,0,0,1,6,2.0,4,0,3,0,1,0,0,0,0,3,1,3,0,0,0.23076923076923078,0.4117647058823529,0.46153846153846156,0.8733031674208145,0.23076923076923078,0.2222222222222222,1.0,0.058823529411764705,0.17647058823529413,0.23529411764705882,0.5714285714285714,0.42857142857142855,1.3333333333333333,245.33333333333334,0.29411764705882354,0.4,0.24394338011409622,0.5321,4,3,BC,17,15,3,6,2,0,0,S6,772.0,True,LID,LID,0.08252710396885643
2,4,4,1,1.0,0,0,0,1,4,1.0,0,0,0,0,0,0,0,0,0,1,0,2,0,0,0.25,0.25,1.0,1.25,0.75,0.0,,0.25,0.0,0.0,0.3333333333333333,0.6666666666666666,0.5,219.0,0.25,1.0,0.409206081081081,0.0833,1,2,BC,4,4,1,4,0,0,0,S6,772.0,True,LIM,LIM,0.05459890598044852
10,28,27,12,9.0,6,3,0,3,24,8.0,1,0,5,0,0,0,0,0,0,4,1,2,3,0,0.4444444444444444,0.4642857142857143,0.8888888888888888,1.3531746031746033,0.4444444444444444,0.47368421052631576,,0.10714285714285714,0.17857142857142858,0.03571428571428571,0.5,0.5,1.0,222.28571428571428,0.42857142857142855,0.9230769230769231,4.620779584116242,0.4528000000000001,5,5,BP,28,26,10,24,2,0,0,S6,774.0,False,LID,LID,0.5578260435180071
5,14,13,3,2.0,1,0,1,1,8,3.0,1,0,3,0,0,0,0,0,0,2,2,1,2,0,0.23076923076923078,0.2857142857142857,0.6153846153846154,0.9010989010989011,0.38461538461538464,0.2222222222222222,,0.07142857142857142,0.21428571428571427,0.07142857142857142,0.5714285714285714,0.42857142857142855,1.3333333333333333,273.7857142857143,0.21428571428571427,0.5714285714285714,0.08703488099932583,0.07209999999999998,4,3,SF,14,14,3,8,0,0,0,S6,775.0,False,PUK,PUK,0.05657753065312408
10,24,23,5,2.0,2,2,0,1,10,2.0,1,0,4,0,0,1,0,0,1,1,2,6,5,0,0.21739130434782608,0.25,0.43478260869565216,0.6847826086956521,0.21739130434782608,0.2222222222222222,0.0,0.041666666666666664,0.16666666666666666,0.041666666666666664,0.26666666666666666,0.7333333333333333,0.36363636363636365,270.28,0.25,0.38095238095238093,-3.375283818190462,-0.417,4,11,S,24,21,3,8,3,0,0,S6,776.0,False,2TM,JEF,-0.2554585945850037
4,9,8,4,1.0,2,1,0,1,8,2.0,1,0,0,0,0,1,0,0,0,0,1,2,1,0,0.5,0.5555555555555556,1.0,1.5555555555555556,0.5,0.42857142857142855,0.0,0.1111111111111111,0.0,0.1111111111111111,0.25,0.75,0.3333333333333333,221.6,0.5555555555555556,1.0,1.4498862622312954,0.14380000000000004,1,3,S,9,6,2,6,3,0,0,S6,776.0,True,PHB,PHB,0.1757647964358955
6,15,15,1,1.0,0,1,0,0,2,0.0,0,0,4,0,0,0,0,0,1,1,1,4,4,0,0.06666666666666667,0.06666666666666667,0.13333333333333333,0.2,0.06666666666666667,0.09090909090909091,,0.0,0.26666666666666666,0.0,0.2727272727272727,0.7272727272727273,0.375,302.73333333333335,0.06666666666666667,0.13333333333333333,-4.825170080421758,-0.5608,3,8,S,15,15,1,2,0,0,0,S6,776.0,True,JEF,JEF,-0.4312233910208992
7,14,14,5,1.0,1,3,1,0,10,6.0,0,0,7,0,1,1,0,0,0,0,0,1,1,0,0.35714285714285715,0.35714285714285715,0.7142857142857143,1.0714285714285714,0.35714285714285715,0.7142857142857143,0.5,0.0,0.5,0.0,0.0,1.0,0.0,233.25,0.35714285714285715,0.6428571428571429,3.3104415480286518,0.20759999999999995,0,2,BP,14,14,5,9,0,0,0,S6,777.0,False,BBB,BBB,0.37891819735605664
6,16,15,3,2.0,1,1,1,0,6,3.0,0,0,3,0,0,0,0,1,2,3,2,3,2,0,0.2,0.1875,0.4,0.5875,0.2,0.23076923076923078,,0.0,0.1875,0.0,0.5384615384615384,0.46153846153846156,1.1666666666666667,291.125,0.1875,0.375,-1.4547333007504597,-0.08750000000000002,7,6,1B,16,16,3,6,0,0,0,S6,778.0,False,BBB,BBB,-0.09076013858568427
8,23,22,5,2.0,5,0,0,0,5,1.0,1,0,1,0,1,0,0,0,2,3,3,5,5,0,0.22727272727272727,0.2608695652173913,0.22727272727272727,0.48814229249011853,0.0,0.23809523809523808,1.0,0.0,0.043478260869565216,0.043478260869565216,0.4444444444444444,0.5555555555555556,0.8,291.375,0.21739130434782608,0.18181818181818182,-4.086967605221262,-0.6153,8,10,BC,23,22,4,4,1,0,0,S6,779.0,False,LID,LID,-0.33004654775616876
5,12,11,3,3.0,0,1,1,1,9,2.0,1,0,2,0,0,0,0,0,0,2,2,2,0,0,0.2727272727272727,0.3333333333333333,0.8181818181818182,1.1515151515151516,0.5454545454545455,0.25,,0.08333333333333333,0.16666666666666666,0.08333333333333333,0.6666666666666666,0.3333333333333333,2.0,234.16666666666666,0.3333333333333333,0.8181818181818182,1.52733563720169,0.3025,4,2,BC,12,11,3,9,1,0,0,S6,780.0,False,SAS,SAS,0.19376845733719028
6,16,12,3,5.0,0,1,0,2,10,2.0,4,0,4,2,0,0,0,0,0,0,0,4,1,0,0.25,0.4375,0.8333333333333334,1.2708333333333335,0.5833333333333334,0.16666666666666666,,0.125,0.25,0.25,0.0,1.0,0.0,188.21428571428572,0.3125,0.5714285714285714,2.2481918327107895,0.14999999999999997,0,5,BP,16,14,3,8,2,0,0,S6,781.0,False,MBT,MBT,0.2795323747604407
5,12,10,2,1.0,1,0,0,1,5,2.0,2,0,4,0,0,0,0,0,1,1,0,3,0,0,0.2,0.3333333333333333,0.5,0.8333333333333333,0.3,0.2,,0.08333333333333333,0.3333333333333333,0.16666666666666666,0.4,0.6,0.6666666666666666,218.66666666666666,0.3333333333333333,0.5,0.31429290505885754,0.11670000000000001,2,3,TT,12,10,2,5,2,0,0,S6,782.0,False,CIM,CIM,0.07246418412290703
3,8,8,1,0.0,0,1,0,0,2,0.0,0,0,2,0,0,0,0,0,0,4,0,0,1,0,0.125,0.125,0.25,0.375,0.125,0.16666666666666666,,0.0,0.25,0.0,0.8,0.2,4.0,333.625,0.125,0.25,-1.6047333574358595,-0.099,4,1,XB,8,8,1,2,0,0,0,S6,783.0,False,RBD,RBD,-0.1331167399989051
1,2,2,0,0.0,0,0,0,0,0,0.0,0,0,1,0,0,0,0,0,0,0,0,0,1,0,0.0,0.0,0.0,0.0,0.0,0.0,,0.0,0.5,0.0,0.0,1.0,0.0,278.0,0.0,0.0,-0.5886617325169401,-0.0563,0,1,BC,2,2,0,0,0,0,0,S6,784.0,False,SLT,SLT,-0.05202702431552379
4,7,7,1,1.0,0,0,0,1,4,1.0,0,0,2,1,0,0,0,0,0,0,0,2,2,0,0.14285714285714285,0.14285714285714285,0.5714285714285714,0.7142857142857142,0.42857142857142855,0.0,,0.14285714285714285,0.2857142857142857,0.0,0.0,1.0,0.0,246.33333333333334,0.14285714285714285,0.5714285714285714,-0.6622142721255142,0.15719999999999995,0,4,S,7,7,1,4,0,0,0,S6,786.0,False,2TM,FRG,-0.04228440593595568
2,4,4,0,0.0,0,0,0,0,0,0.0,0,0,1,0,0,0,0,0,0,0,0,1,2,0,0.0,0.0,0.0,0.0,0.0,0.0,,0.0,0.25,0.0,0.0,1.0,0.0,325.5,0.0,0.0,-0.9887703101499477,-0.1782,0,3,S,4,4,0,0,0,0,0,S6,786.0,True,PBA,PBA,-0.08519873314265433
2,3,3,1,1.0,0,0,0,1,4,1.0,0,0,1,1,0,0,0,0,0,0,0,1,0,0,0.3333333333333333,0.3333333333333333,1.3333333333333333,1.6666666666666665,1.0,0.0,,0.3333333333333333,0.3333333333333333,0.0,0.0,1.0,0.0,88.0,0.3333333333333333,1.3333333333333333,0.32655603802443345,0.3353999999999999,0,1,S,3,3,1,4,0,0,0,S6,786.0,True,FRG,FRG,0.04291432720669867
8,25,24,3,0.0,2,1,0,0,4,0.0,1,0,4,2,0,0,0,0,2,5,3,8,1,0,0.125,0.16,0.16666666666666666,0.32666666666666666,0.04166666666666666,0.15,,0.0,0.16,0.04,0.5263157894736842,0.47368421052631576,1.1111111111111112,305.8695652173913,0.16,0.20833333333333334,-6.690638330596765,-0.9013,10,9,SM,25,24,3,5,1,0,0,S6,788.0,False,3TM,SLT,-0.5835744713575488
7,18,17,3,0.0,2,1,0,0,4,0.0,1,0,4,2,0,0,0,0,1,3,1,5,1,0,0.17647058823529413,0.2222222222222222,0.23529411764705882,0.45751633986928103,0.05882352941176469,0.23076923076923078,,0.0,0.2222222222222222,0.05555555555555555,0.45454545454545453,0.5454545454545454,0.8333333333333334,278.1875,0.2222222222222222,0.29411764705882354,-4.600557677888129,-0.66,5,6,SM,18,17,3,5,1,0,0,S6,788.0,True,SLT,SLT,-0.398503427363281
1,2,2,0,0.0,0,0,0,0,0,0.0,0,0,0,0,0,0,0,0,0,0,0,2,0,0,0.0,0.0,0.0,0.0,0.0,0.0,,0.0,0.0,0.0,0.0,1.0,0.0,256.5,0.0,0.0,-0.6692326850363394,-0.069,0,2,SM,2,2,0,0,0,0,0,S6,788.0,True,LMN,LMN,-0.06008411956746372
2,5,5,0,0.0,0,0,0,0,0,0.0,0,0,0,0,0,0,0,0,1,2,2,1,0,0,0.0,0.0,0.0,0.0,0.0,0.0,,0.0,0.0,0.0,0.8333333333333334,0.16666666666666666,5.0,414.2,0.0,0.0,-1.4208479676722972,-0.1723,5,1,SM,5,5,0,0,0,0,0,S6,788.0,True,LEM,LEM,-0.12498692442680419
2,4,4,2,0.0,2,0,0,0,2,1.0,0,0,1,0,1,0,0,0,1,0,1,0,0,0,0.5,0.5,0.5,1.0,0.0,0.6666666666666666,1.0,0.0,0.25,0.0,1.0,0.0,,215.6,0.5,0.5,-0.771386367194493,-0.266,2,0,S,4,4,2,2,0,0,0,S6,802.0,False,BAC,BAC,-0.06346033884710887
10,22,22,2,2.0,0,0,1,1,7,3.0,0,0,6,2,0,0,0,0,0,0,5,5,4,0,0.09090909090909091,0.09090909090909091,0.3181818181818182,0.40909090909090906,0.22727272727272727,0.06666666666666667,,0.045454545454545456,0.2727272727272727,0.0,0.35714285714285715,0.6428571428571429,0.5555555555555556,314.2,0.09090909090909091,0.3181818181818182,-4.470338855121732,-0.7306000000000001,5,9,WC,22,22,2,7,0,0,0,S6,813.0,False,PUK,PUK,-0.3718032472143008
6,17,16,2,1.0,0,1,1,0,5,2.0,1,0,9,0,0,0,0,0,1,1,1,2,1,0,0.125,0.17647058823529413,0.3125,0.48897058823529416,0.1875,0.2857142857142857,,0.0,0.5294117647058824,0.058823529411764705,0.5,0.5,1.0,276.05882352941177,0.17647058823529413,0.25,-4.189745229128892,-0.3431,3,3,TT,17,16,2,4,1,0,0,S6,814.0,False,RBD,RBD,-0.3608417569554424
1,2,2,0,0.0,0,0,0,0,0,0.0,0,0,0,0,0,0,0,0,0,0,2,0,0,0,0.0,0.0,0.0,0.0,0.0,0.0,,0.0,0.0,0.0,1.0,0.0,,456.5,0.0,0.0,-0.37715940563259553,-0.0194,2,0,BC,2,2,0,0,0,0,0,S6,815.0,False,TTT,TTT,-0.03087679162708934
1,1,1,1,0.0,1,0,0,0,1,0.0,0,0,0,0,0,0,0,0,0,0,0,0,0,0,1.0,1.0,1.0,2.0,0.0,1.0,,0.0,0.0,0.0,,,,109.0,1.0,1.0,0.2572553623952494,0.0382,0,0,XB,1,1,1,1,0,0,0,S6,1687.0,False,LIM,LIM,0.029145110707610045
8,19,17,5,1.0,3,1,1,0,8,4.0,1,0,3,0,0,0,0,1,0,2,0,6,2,0,0.29411764705882354,0.3157894736842105,0.47058823529411764,0.7863777089783281,0.1764705882352941,0.3333333333333333,,0.0,0.15789473684210525,0.05263157894736842,0.18181818181818182,0.8181818181818182,0.2222222222222222,226.68421052631578,0.2631578947368421,0.4444444444444444,1.392267991579338,0.1664,2,9,S,19,18,5,8,0,1,0,S6,1692.0,False,CWJ,CWJ,0.20419871405155082
8,21,20,7,3.0,5,1,1,0,10,2.0,1,0,2,0,0,0,0,0,0,2,2,1,6,0,0.35,0.38095238095238093,0.5,0.8809523809523809,0.15000000000000002,0.3888888888888889,,0.0,0.09523809523809523,0.047619047619047616,0.36363636363636365,0.6363636363636364,0.5714285714285714,271.04761904761904,0.38095238095238093,0.5,1.0217898824972893,0.11530000000000007,4,7,S,21,20,7,10,1,0,0,S6,1698.0,False,AAL,AAL,0.17399005207951618
8,16,16,6,4.0,4,0,0,2,12,5.0,0,0,2,0,1,1,0,0,0,2,1,3,2,0,0.375,0.375,0.75,1.125,0.375,0.3333333333333333,0.5,0.125,0.125,0.0,0.375,0.625,0.6,242.66666666666666,0.375,0.75,1.174628295072536,-0.2848,3,5,SM,16,16,6,12,0,0,0,S6,1699.0,False,PHB,PHB,0.1721760209966153
4,10,10,5,1.0,2,1,1,1,11,1.0,0,0,2,0,0,0,0,0,0,0,0,2,1,0,0.5,0.5,1.1,1.6,0.6000000000000001,0.5714285714285714,,0.1,0.2,0.0,0.0,1.0,0.0,189.8,0.5,1.1111111111111112,1.2185662478417174,0.4104,0,3,WC,10,9,4,10,1,0,0,S6,1700.0,False,MVS,MVS,0.15605236946502282
3,7,7,4,1.0,1,2,0,1,9,4.0,0,0,1,0,0,0,0,0,0,0,0,2,0,0,0.5714285714285714,0.5714285714285714,1.2857142857142858,1.8571428571428572,0.7142857142857144,0.6,,0.14285714285714285,0.14285714285714285,0.0,0.0,1.0,0.0,129.0,0.5714285714285714,1.2857142857142858,3.614545042141122,0.30300000000000005,0,2,BP,7,7,4,9,0,0,0,S6,1701.0,False,MPD,MPD,0.38539152549070793
11,22,19,7,6.0,3,2,1,1,14,3.0,2,0,7,0,1,0,0,1,0,3,1,2,0,0,0.3684210526315789,0.4090909090909091,0.7368421052631579,1.145933014354067,0.3684210526315789,0.5,1.0,0.045454545454545456,0.3181818181818182,0.09090909090909091,0.5714285714285714,0.42857142857142855,1.3333333333333333,216.27272727272728,0.36363636363636365,0.7142857142857143,1.4039368822956693,0.3262999999999999,4,3,HK,22,21,7,15,1,0,0,S6,1703.0,False,2TM,LIM,0.21562432652743926
9,18,16,7,6.0,3,2,1,1,14,2.0,2,0,5,0,1,0,0,0,0,3,0,1,0,0,0.4375,0.5,0.875,1.375,0.4375,0.6,1.0,0.05555555555555555,0.2777777777777778,0.1111111111111111,0.75,0.25,3.0,201.5,0.4444444444444444,0.8823529411764706,1.9010584776859725,0.43479999999999996,3,1,HK,18,17,7,15,1,0,0,S6,1703.0,True,TTT,TTT,0.25165818819412916
2,4,3,0,0.0,0,0,0,0,0,1.0,0,0,2,0,0,0,0,1,0,0,1,1,0,0,0.0,0.0,0.0,0.0,0.0,0.0,,0.0,0.5,0.0,0.3333333333333333,0.6666666666666666,0.5,282.75,0.0,0.0,-0.4971215953903031,-0.1085,1,2,HK,4,4,0,0,0,0,0,S6,1703.0,True,LIM,LIM,-0.036033861666689884
12,34,28,8,4.0,4,1,1,2,17,6.0,5,0,2,0,2,2,0,1,0,3,2,13,1,0,0.2857142857142857,0.38235294117647056,0.6071428571428571,0.9894957983193277,0.3214285714285714,0.24,0.5,0.058823529411764705,0.058823529411764705,0.14705882352941177,0.25,0.75,0.3333333333333333,227.75675675675674,0.35294117647058826,0.5862068965517241,0.13746364545041856,0.5529,5,15,SM,34,29,8,17,4,1,0,S6,1705.0,False,3TM,LEM,0.13001189645993547
11,22,18,6,2.0,2,1,1,2,15,5.0,3,0,2,0,0,1,0,1,0,2,1,7,1,0,0.3333333333333333,0.4090909090909091,0.8333333333333334,1.2424242424242424,0.5,0.26666666666666666,0.0,0.09090909090909091,0.09090909090909091,0.13636363636363635,0.25,0.75,0.3333333333333333,227.5909090909091,0.4090909090909091,0.8333333333333334,0.599402863390441,0.6492,3,9,SM,22,18,6,15,3,1,0,S6,1705.0,True,MPD,MPD,0.13517092463691643
3,8,7,2,2.0,2,0,0,0,2,1.0,1,0,0,0,2,0,0,0,0,1,1,3,0,0,0.2857142857142857,0.375,0.2857142857142857,0.6607142857142857,0.0,0.2857142857142857,1.0,0.0,0.0,0.125,0.4,0.6,0.6666666666666666,211.4,0.25,0.14285714285714285,0.7202085490369777,0.037699999999999984,2,3,SM,8,7,1,1,1,0,0,S6,1705.0,True,LMN,LMN,0.09937745064837862
2,4,3,0,0.0,0,0,0,0,0,0.0,1,0,0,0,0,1,0,0,0,0,0,3,0,0,0.0,0.25,0.0,0.25,0.0,0.0,0.0,0.0,0.0,0.25,0.0,1.0,0.0,261.2,0.25,0.25,-1.1821477669770002,-0.134,0,3,SM,4,4,1,1,0,0,0,S6,1705.0,True,LEM,LEM,-0.10453647882535959
9,22,21,5,2.0,2,3,0,0,8,3.0,1,0,5,0,0,0,0,0,0,0,4,2,5,0,0.23809523809523808,0.2727272727272727,0.38095238095238093,0.6536796536796536,0.14285714285714285,0.3125,,0.0,0.22727272727272727,0.045454545454545456,0.36363636363636365,0.6363636363636364,0.5714285714285714,257.3181818181818,0.2727272727272727,0.35,0.6543320780647619,0.06490000000000004,4,7,XB,22,20,4,7,2,0,0,S6,1706.0,False,WWC,WWC,0.1406638461043485
4,10,9,2,1.0,1,1,0,0,3,0.0,1,0,1,0,0,0,0,0,0,3,1,1,1,0,0.2222222222222222,0.3,0.3333333333333333,0.6333333333333333,0.1111111111111111,0.25,,0.0,0.1,0.1,0.6666666666666666,0.3333333333333333,2.0,230.0,0.3,0.3333333333333333,-0.947946017091867,-0.09410000000000002,4,2,MH,10,9,2,3,1,0,0,S6,1710.0,False,BAC,BAC,-0.06059885702833563
3,7,5,0,0.0,0,0,0,0,0,0.0,2,0,4,1,0,0,0,0,0,1,0,0,0,0,0.0,0.2857142857142857,0.0,0.2857142857142857,0.0,0.0,,0.0,0.5714285714285714,0.2857142857142857,1.0,0.0,,294.4,0.2857142857142857,0.0,-0.5721091197224647,-0.1091,1,0,1B,7,5,0,0,2,0,0,S6,1715.0,False,SLT,SLT,-0.033273890695650725
13,34,30,6,3.0,1,1,3,1,16,2.0,3,0,6,0,1,0,1,0,0,3,4,7,4,0,0.2,0.2727272727272727,0.5333333333333333,0.806060606060606,0.3333333333333333,0.21739130434782608,1.0,0.029411764705882353,0.17647058823529413,0.08823529411764706,0.3888888888888889,0.6111111111111112,0.6363636363636364,234.5,0.2727272727272727,0.5333333333333333,-2.25054647091952,-0.05609999999999997,7,11,XB,34,30,6,16,3,0,1,S6,1717.0,False,HEL,HEL,-0.1087891151770584
6,22,17,6,4.0,3,3,0,0,9,2.0,5,0,0,0,0,0,0,0,0,3,2,4,2,0,0.35294117647058826,0.5,0.5294117647058824,1.0294117647058822,0.1764705882352941,0.35294117647058826,,0.0,0.0,0.22727272727272727,0.45454545454545453,0.5454545454545454,0.8333333333333334,215.9090909090909,0.36363636363636365,0.47368421052631576,2.0714686429611255,0.2569,5,6,1B,22,19,5,9,3,0,0,S6,1718.0,False,3TM,BAC,0.28237750259398486
4,15,10,5,4.0,3,2,0,0,7,2.0,5,0,0,0,0,0,0,0,0,1,1,3,0,0,0.5,0.6666666666666666,0.7,1.3666666666666667,0.19999999999999996,0.5,,0.0,0.0,0.3333333333333333,0.4,0.6,0.6666666666666666,180.0,0.4666666666666667,0.5,2.8229524812843243,0.33160000000000006,2,3,1B,15,12,4,6,3,0,0,S6,1718.0,True,CBC,CBC,0.33358886514970904
1,3,3,1,0.0,0,1,0,0,2,0.0,0,0,0,0,0,0,0,0,0,0,0,0,2,0,0.3333333333333333,0.3333333333333333,0.6666666666666666,1.0,0.3333333333333333,0.3333333333333333,,0.0,0.0,0.0,0.0,1.0,0.0,208.33333333333334,0.3333333333333333,1.0,0.05354194789251793,0.0626,0,2,1B,3,3,1,3,0,0,0,S6,1718.0,True,LIM,LIM,0.015612918193507111
2,4,4,0,0.0,0,0,0,0,0,0.0,0,0,0,0,0,0,0,0,0,2,1,1,0,0,0.0,0.0,0.0,0.0,0.0,0.0,,0.0,0.0,0.0,0.75,0.25,3.0,356.25,0.0,0.0,-0.805025786215718,-0.1373,3,1,1B,4,4,0,0,0,0,0,S6,1718.0,True,BAC,BAC,-0.06682428074923137
7,23,18,3,3.0,2,1,0,0,4,3.0,5,0,2,1,0,0,0,0,1,2,5,5,1,0,0.16666666666666666,0.34782608695652173,0.2222222222222222,0.5700483091787439,0.05555555555555555,0.1875,,0.0,0.08695652173913043,0.21739130434782608,0.5714285714285714,0.42857142857142855,1.3333333333333333,274.3181818181818,0.30434782608695654,0.21052631578947367,-2.5452459640840295,0.012099999999999965,8,6,1B,23,19,3,4,4,0,0,S6,1719.0,False,FRG,FRG,-0.1758743836424455
7,15,9,2,4.0,1,0,0,1,5,3.0,5,1,2,0,0,0,0,1,0,1,0,4,1,0,0.2222222222222222,0.4666666666666667,0.5555555555555556,1.0222222222222221,0.33333333333333337,0.14285714285714285,,0.06666666666666667,0.13333333333333333,0.3333333333333333,0.14285714285714285,0.8571428571428571,0.16666666666666666,199.78571428571428,0.4666666666666667,0.5555555555555556,1.6481067736545896,0.18610000000000002,1,6,WC,15,9,2,5,5,1,0,S6,1720.0,False,2TM,LIM,0.21610429438673556
5,10,6,1,2.0,1,0,0,0,1,1.0,3,1,1,0,0,0,0,1,0,1,0,4,0,0,0.16666666666666666,0.4,0.16666666666666666,0.5666666666666667,0.0,0.16666666666666666,,0.0,0.1,0.3,0.16666666666666666,0.8333333333333334,0.2,205.0,0.4,0.16666666666666666,-0.3267227754303012,0.0343,1,5,WC,10,6,1,1,3,1,0,S6,1720.0,True,LIM,LIM,0.001523467137820944
3,5,3,1,2.0,0,0,0,1,4,2.0,2,0,1,0,0,0,0,0,0,0,0,0,1,0,0.3333333333333333,0.6,1.3333333333333333,1.9333333333333331,1.0,0.0,,0.2,0.2,0.4,0.0,1.0,0.0,190.4,0.6,1.3333333333333333,1.9748295490848908,0.1518,0,1,WC,5,3,1,4,2,0,0,S6,1720.0,True,WWC,WWC,0.2145808272489146
4,9,5,0,0.0,0,0,0,0,0,0.0,4,0,0,0,0,0,0,0,0,2,0,2,1,0,0.0,0.4444444444444444,0.0,0.4444444444444444,0.0,0.0,,0.0,0.0,0.4444444444444444,0.4,0.6,0.6666666666666666,249.33333333333334,0.4444444444444444,0.0,0.14438913481507265,-0.0732,2,3,WC,9,5,0,0,4,0,0,S6,1721.0,False,2TM,LID,0.045215083694273225
1,4,2,0,0.0,0,0,0,0,0,0.0,2,0,0,0,0,0,0,0,0,2,0,0,0,0,0.0,0.5,0.0,0.5,0.0,0.0,,0.0,0.0,0.5,1.0,0.0,,278.0,0.5,0.0,0.28922922796489053,-0.0598,2,0,WC,4,2,0,0,2,0,0,S6,1721.0,True,PBA,PBA,0.04260122066882947
3,5,3,0,0.0,0,0,0,0,0,0.0,2,0,0,0,0,0,0,0,0,0,0,2,1,0,0.0,0.4,0.0,0.4,0.0,0.0,,0.0,0.0,0.4,0.0,1.0,0.0,226.4,0.4,0.0,-0.14484009314981788,-0.013399999999999999,0,3,WC,5,3,0,0,2,0,0,S6,1721.0,True,LID,LID,0.002613863025443744
7,16,11,2,2.0,0,2,0,0,4,1.0,5,0,5,0,0,0,0,0,0,0,2,1,1,0,0.18181818181818182,0.4375,0.36363636363636365,0.8011363636363636,0.18181818181818182,0.3333333333333333,,0.0,0.3125,0.3125,0.5,0.5,1.0,246.1875,0.375,0.3333333333333333,0.6953186144574461,0.2546,2,2,WC,16,12,2,4,4,0,0,S6,1722.0,False,BBB,BBB,0.12424505293510632
3,9,9,2,1.0,0,1,1,0,5,3.0,0,0,1,0,0,0,0,0,0,2,0,1,3,0,0.2222222222222222,0.2222222222222222,0.5555555555555556,0.7777777777777778,0.33333333333333337,0.25,,0.0,0.1111111111111111,0.0,0.3333333333333333,0.6666666666666666,0.5,259.8888888888889,0.2222222222222222,0.5555555555555556,1.6313373659775736,0.2396,2,4,XB,9,9,2,5,0,0,0,S6,1723.0,False,BAC,BAC,0.1939099068105233
9,22,20,3,1.0,1,1,1,0,6,1.0,2,1,7,0,0,0,0,0,2,2,6,0,2,0,0.15,0.22727272727272727,0.3,0.5272727272727272,0.15,0.23076923076923078,,0.0,0.3181818181818182,0.09090909090909091,0.8333333333333334,0.16666666666666666,5.0,330.5238095238095,0.22727272727272727,0.35,-3.1810736314127235,-0.5044000000000001,10,2,BN,22,20,3,7,2,0,0,S6,1724.0,False,2TM,MVS,-0.2428767248434
7,16,15,2,1.0,1,1,0,0,3,0.0,1,0,7,0,0,0,0,0,1,2,3,0,1,0,0.13333333333333333,0.1875,0.2,0.3875,0.06666666666666668,0.25,,0.0,0.4375,0.0625,0.8571428571428571,0.14285714285714285,6.0,319.6875,0.1875,0.2,-3.09336368221699,-0.3963,6,1,BN,16,15,2,3,1,0,0,S6,1724.0,True,MVS,MVS,-0.2546231767323373
3,6,5,1,0.0,0,0,1,0,3,1.0,1,1,0,0,0,0,0,0,1,0,3,0,1,0,0.2,0.3333333333333333,0.6,0.9333333333333333,0.39999999999999997,0.2,,0.0,0.0,0.16666666666666666,0.8,0.2,4.0,365.2,0.3333333333333333,0.8,-0.08770994919573288,-0.1081,4,1,BN,6,5,1,4,1,0,0,S6,1724.0,True,LIM,LIM,0.011746451888937349
8,19,18,4,0.0,4,0,0,0,4,0.0,1,0,2,0,0,0,0,0,0,2,2,3,5,0,0.2222222222222222,0.2631578947368421,0.2222222222222222,0.4853801169590643,0.0,0.25,,0.0,0.10526315789473684,0.05263157894736842,0.3333333333333333,0.6666666666666666,0.5,291.63157894736844,0.2631578947368421,0.2777777777777778,-2.323439064811221,-0.1472,4,8,BN,19,18,4,5,1,0,0,S6,1725.0,False,SAS,SAS,-0.16737199158750507
4,12,12,4,2.0,2,2,0,0,6,2.0,0,0,4,0,0,1,0,0,0,0,1,3,0,0,0.3333333333333333,0.3333333333333333,0.5,0.8333333333333333,0.16666666666666669,0.5,0.0,0.0,0.3333333333333333,0.0,0.25,0.75,0.3333333333333333,228.6153846153846,0.3333333333333333,0.45454545454545453,0.4131897020920562,0.11020000000000002,1,3,BN,12,11,3,5,1,0,0,S6,1729.0,False,PHB,PHB,0.08235386382622689
1,4,4,2,1.0,1,1,0,0,3,1.0,0,0,1,0,0,0,0,0,0,0,1,0,0,0,0.5,0.5,0.75,1.25,0.25,0.6666666666666666,,0.0,0.25,0.0,1.0,0.0,,227.25,0.5,0.75,0.6192824587442133,0.057800000000000004,1,0,BC,4,4,2,3,0,0,0,S6,1732.0,False,POR,POR,0.07560654374676176
14,41,38,11,9.0,5,4,2,0,19,3.0,3,0,3,0,1,0,0,0,2,8,4,5,7,0,0.2894736842105263,0.34146341463414637,0.5,0.8414634146341464,0.21052631578947367,0.3142857142857143,1.0,0.0,0.07317073170731707,0.07317073170731707,0.5384615384615384,0.46153846153846156,1.1666666666666667,288.7142857142857,0.3170731707317073,0.47368421052631576,0.42523912285838883,0.2818,14,12,S,41,38,10,18,3,0,0,S6,1733.0,False,SAR,SAR,0.18272646547732824
8,14,14,3,1.0,2,0,0,1,6,2.0,0,0,2,0,0,1,0,0,0,4,2,2,1,0,0.21428571428571427,0.21428571428571427,0.42857142857142855,0.6428571428571428,0.21428571428571427,0.18181818181818182,0.0,0.07142857142857142,0.14285714285714285,0.0,0.6666666666666666,0.3333333333333333,2.0,291.06666666666666,0.21428571428571427,0.42857142857142855,-0.6513888967869537,-0.24550000000000002,6,3,EN,14,14,3,6,0,0,0,S6,1734.0,False,2TM,SGP,-0.017264847125503878
2,5,5,1,0.0,1,0,0,0,1,0.0,0,0,0,0,0,0,0,0,0,3,0,0,1,0,0.2,0.2,0.2,0.4,0.0,0.2,,0.0,0.0,0.0,0.75,0.25,3.0,331.4,0.2,0.2,-0.5507755059263002,-0.023899999999999998,3,1,EN,5,5,1,1,0,0,0,S6,1734.0,True,LIM,LIM,-0.03797967825220448
6,9,9,2,1.0,1,0,0,1,5,2.0,0,0,2,0,0,1,0,0,0,1,2,2,0,0,0.2222222222222222,0.2222222222222222,0.5555555555555556,0.7777777777777778,0.33333333333333337,0.16666666666666666,0.0,0.1111111111111111,0.2222222222222222,0.0,0.6,0.4,1.5,270.9,0.2222222222222222,0.5555555555555556,-0.1006133908606533,-0.2216,3,2,EN,9,9,2,5,0,0,0,S6,1734.0,True,SGP,SGP,0.02071483112670063
12,32,26,5,3.0,1,1,1,2,14,3.0,6,0,7,3,0,0,0,0,1,2,4,5,3,0,0.19230769230769232,0.34375,0.5384615384615384,0.8822115384615384,0.34615384615384615,0.17647058823529413,,0.0625,0.21875,0.1875,0.4666666666666667,0.5333333333333333,0.875,248.0344827586207,0.28125,0.5,-1.8923265464580417,0.05169999999999991,7,8,WC,32,28,5,14,4,0,0,S6,1736.0,False,2TM,HEL,-0.07980627166708076
11,29,23,5,3.0,1,1,1,2,14,3.0,6,0,7,3,0,0,0,0,1,2,2,4,3,0,0.21739130434782608,0.3793103448275862,0.6086956521739131,0.9880059970014993,0.39130434782608703,0.21428571428571427,,0.06896551724137931,0.2413793103448276,0.20689655172413793,0.4166666666666667,0.5833333333333334,0.7142857142857143,231.6153846153846,0.3103448275862069,0.56,-1.1094213370319985,0.10239999999999994,5,7,WC,29,25,5,14,4,0,0,S6,1736.0,True,HEL,HEL,-0.011774474128731772
1,3,3,0,0.0,0,0,0,0,0,0.0,0,0,0,0,0,0,0,0,0,0,2,1,0,0,0.0,0.0,0.0,0.0,0.0,0.0,,0.0,0.0,0.0,0.6666666666666666,0.3333333333333333,2.0,390.3333333333333,0.0,0.0,-0.7829052094260427,-0.05070000000000001,2,1,WC,3,3,0,0,0,0,0,S6,1736.0,True,LIM,LIM,-0.06803179753834895
7,20,16,8,1.0,4,4,0,0,12,2.0,4,0,1,0,1,0,0,0,0,3,1,3,0,0,0.5,0.6,0.75,1.35,0.25,0.5333333333333333,1.0,0.0,0.05,0.2,0.5714285714285714,0.42857142857142855,1.3333333333333333,185.95238095238096,0.55,0.7058823529411765,3.4627508799356503,0.26539999999999997,4,3,BN,20,17,8,12,3,0,0,S6,1737.0,False,AAL,AAL,0.41466657735526713
5,15,12,5,3.0,3,1,0,1,9,2.0,2,0,1,0,0,0,0,1,0,1,1,4,1,0,0.4166666666666667,0.4666666666666667,0.75,1.2166666666666668,0.3333333333333333,0.36363636363636365,,0.06666666666666667,0.06666666666666667,0.13333333333333333,0.25,0.75,0.3333333333333333,204.13333333333333,0.5333333333333333,0.7272727272727273,0.5772295642769816,0.1244,2,6,BN,15,11,5,8,3,1,0,S6,1738.0,False,PBA,PBA,0.10901657344897475
3,7,7,1,0.0,0,1,0,0,2,0.0,0,0,1,0,0,0,0,0,0,0,1,2,2,0,0.14285714285714285,0.14285714285714285,0.2857142857142857,0.42857142857142855,0.14285714285714285,0.16666666666666666,,0.0,0.14285714285714285,0.0,0.2,0.8,0.25,296.57142857142856,0.14285714285714285,0.2857142857142857,-0.7007768633726732,0.020300000000000002,1,4,WC,7,7,1,2,0,0,0,S6,1743.0,False,PHB,PHB,-0.046140665060671576
2,5,5,2,0.0,1,1,0,0,3,2.0,0,0,1,0,0,0,0,0,0,0,0,1,1,0,0.4,0.4,0.6,1.0,0.19999999999999996,0.5,,0.0,0.2,0.0,0.0,1.0,0.0,208.4,0.4,0.6,0.756116989737925,0.11500000000000002,0,2,BP,5,5,2,3,0,0,0,S6,1745.0,False,PBA,PBA,0.09270957131421803
3,8,7,2,1.0,0,1,0,1,6,1.0,1,0,0,0,0,0,0,0,0,0,1,1,3,0,0.2857142857142857,0.375,0.8571428571428571,1.2321428571428572,0.5714285714285714,0.16666666666666666,,0.125,0.0,0.125,0.2,0.8,0.25,250.625,0.375,0.8571428571428571,0.25411879977187124,-0.03649999999999999,1,4,XB,8,7,2,6,1,0,0,S6,1748.0,False,2TM,PBA,0.05276847572186798
2,5,4,2,1.0,0,1,0,1,6,1.0,1,0,0,0,0,0,0,0,0,0,0,0,2,0,0.5,0.6,1.5,2.1,1.0,0.3333333333333333,,0.2,0.0,0.2,0.0,1.0,0.0,190.6,0.6,1.5,1.2650442747768627,0.14040000000000002,0,2,XB,5,4,2,6,1,0,0,S6,1748.0,True,LIM,LIM,0.1436022998181118
2,3,3,0,0.0,0,0,0,0,0,0.0,0,0,0,0,0,0,0,0,0,0,1,1,1,0,0.0,0.0,0.0,0.0,0.0,0.0,,0.0,0.0,0.0,0.3333333333333333,0.6666666666666666,0.5,350.6666666666667,0.0,0.0,-1.0109254750049912,-0.1769,1,2,XB,3,3,0,0,0,0,0,S6,1748.0,True,PBA,PBA,-0.0908338240962438
10,26,23,5,3.0,4,1,0,0,6,0.0,3,0,6,0,0,0,0,0,1,1,5,5,1,0,0.21739130434782608,0.3076923076923077,0.2608695652173913,0.5685618729096991,0.043478260869565216,0.29411764705882354,,0.0,0.23076923076923078,0.11538461538461539,0.5384615384615384,0.46153846153846156,1.1666666666666667,268.88461538461536,0.2692307692307692,0.25,-3.0291776945130073,-0.10369999999999999,7,6,BP,26,24,5,6,2,0,0,S6,1752.0,False,POR,POR,-0.21400883328108797
9,22,21,7,6.0,4,3,0,0,10,1.0,1,0,2,0,1,0,0,0,0,1,2,3,6,0,0.3333333333333333,0.36363636363636365,0.47619047619047616,0.8398268398268398,0.14285714285714285,0.3684210526315789,1.0,0.0,0.09090909090909091,0.045454545454545456,0.25,0.75,0.3333333333333333,243.08695652173913,0.36363636363636365,0.42105263157894735,-0.7668120191705745,-0.03239999999999999,3,9,XB,22,19,5,8,3,0,0,S6,1755.0,False,AAL,AAL,-0.001450563619185108
3,10,9,3,4.0,0,1,0,2,10,4.0,1,0,1,0,0,0,0,0,0,1,0,1,3,0,0.3333333333333333,0.4,1.1111111111111112,1.511111111111111,0.7777777777777779,0.16666666666666666,,0.2,0.1,0.1,0.2,0.8,0.25,239.0,0.4,1.1111111111111112,2.4380209962515904,0.0957,1,4,S,10,9,3,10,1,0,0,S6,1756.0,False,PBA,PBA,0.2779978443060101
12,33,31,12,7.0,7,1,0,4,25,7.0,2,0,6,0,0,0,0,0,2,7,1,4,1,0,0.3870967741935484,0.42424242424242425,0.8064516129032258,1.23069403714565,0.4193548387096774,0.38095238095238093,,0.12121212121212122,0.18181818181818182,0.06060606060606061,0.6666666666666666,0.3333333333333333,2.0,218.3939393939394,0.42424242424242425,0.8275862068965517,2.943165275160951,0.44129999999999997,10,5,BC,33,29,10,24,4,0,0,S6,1759.0,False,RBD,RBD,0.4071624849629035
1,2,2,1,1.0,0,0,0,1,4,3.0,0,0,0,0,0,0,0,0,0,1,0,0,0,0,0.5,0.5,2.0,2.5,1.5,0.0,,0.5,0.0,0.0,1.0,0.0,,216.5,0.5,2.0,2.176523815590465,0.17759999999999998,1,0,WC,2,2,1,4,0,0,0,S6,1762.0,False,BAC,BAC,0.2244915304952167
11,28,25,2,1.0,1,1,0,0,3,2.0,3,0,5,2,0,0,0,0,1,4,3,7,4,0,0.08,0.17857142857142858,0.12,0.2985714285714286,0.039999999999999994,0.1,,0.0,0.17857142857142858,0.10714285714285714,0.42105263157894735,0.5789473684210527,0.7272727272727273,301.08,0.14285714285714285,0.11538461538461539,-5.058841402499367,-0.5909,8,11,BP,28,26,2,3,2,0,0,S6,1763.0,False,SAR,SAR,-0.4101360551435538
10,28,25,6,1.0,2,3,0,1,12,4.0,3,0,7,0,0,0,0,0,1,3,1,6,2,0,0.24,0.32142857142857145,0.48,0.8014285714285714,0.24,0.29411764705882354,,0.03571428571428571,0.25,0.10714285714285714,0.38461538461538464,0.6153846153846154,0.625,235.69230769230768,0.2857142857142857,0.5,0.3051314424629428,-0.09839999999999996,5,8,XB,28,26,6,13,2,0,0,S6,1764.0,False,SAR,SAR,0.12626122935267725
2,6,6,1,1.0,0,0,0,1,4,2.0,0,0,3,0,0,0,0,0,0,0,0,1,1,0,0.16666666666666666,0.16666666666666666,0.6666666666666666,0.8333333333333333,0.5,0.0,,0.16666666666666666,0.5,0.0,0.0,1.0,0.0,253.5,0.16666666666666666,0.6666666666666666,0.7440169411848451,0.09669999999999998,0,2,BP,6,6,1,4,0,0,0,S6,1767.0,False,PBA,PBA,0.09491914092699513
11,25,23,1,1.0,0,1,0,0,2,0.0,2,0,16,4,0,0,0,0,1,2,1,3,0,0,0.043478260869565216,0.12,0.08695652173913043,0.20695652173913043,0.043478260869565216,0.14285714285714285,,0.0,0.64,0.08,0.5714285714285714,0.42857142857142855,1.3333333333333333,288.6190476190476,0.08,0.08333333333333333,-5.296754287896735,-0.5589000000000001,4,3,TT,25,24,1,2,1,0,0,S6,1768.0,False,SLT,SLT,-0.4441860670875458
6,17,15,2,1.0,1,1,0,0,3,0.0,2,0,5,0,0,0,0,0,2,4,0,4,0,0,0.13333333333333333,0.23529411764705882,0.2,0.43529411764705883,0.06666666666666668,0.2,,0.0,0.29411764705882354,0.11764705882352941,0.6,0.4,1.5,262.4117647058824,0.23529411764705882,0.2,-3.306868340387349,-0.5802,6,4,WC,17,15,2,3,2,0,0,S6,1770.0,False,MPD,MPD,-0.2725540680812881
7,17,16,1,1.0,0,0,0,1,4,3.0,1,0,2,0,0,0,0,0,2,5,7,1,0,0,0.0625,0.11764705882352941,0.25,0.36764705882352944,0.1875,0.0,,0.058823529411764705,0.11764705882352941,0.058823529411764705,0.9333333333333333,0.06666666666666667,14.0,327.7647058823529,0.058823529411764705,0.17647058823529413,-1.8748062568203936,-0.31659999999999994,14,1,MH,17,17,1,3,0,0,0,S6,1772.0,False,SUP,SUP,-0.12934785972459256
7,17,15,2,0.0,2,0,0,0,2,0.0,2,0,2,0,0,0,0,0,1,1,2,7,1,0,0.13333333333333333,0.23529411764705882,0.13333333333333333,0.3686274509803922,0.0,0.15384615384615385,,0.0,0.11764705882352941,0.11764705882352941,0.3333333333333333,0.6666666666666666,0.5,273.0,0.17647058823529413,0.125,-2.903969715393032,-0.2929,4,8,WC,17,16,2,2,1,0,0,S6,1773.0,False,MPD,MPD,-0.2322642055818564
6,14,13,2,0.0,2,0,0,0,2,0.0,1,0,2,1,0,0,0,0,2,4,3,2,0,0,0.15384615384615385,0.21428571428571427,0.15384615384615385,0.36813186813186816,0.0,0.18181818181818182,,0.0,0.14285714285714285,0.07142857142857142,0.8181818181818182,0.18181818181818182,4.5,281.4166666666667,0.21428571428571427,0.15384615384615385,-2.440205703442934,-0.2529,9,2,MH,14,13,2,2,1,0,0,S6,1774.0,False,MVS,MVS,-0.19614652779110192
12,28,27,5,3.0,0,2,2,1,14,3.0,1,1,1,0,1,0,0,0,1,4,3,8,6,0,0.18518518518518517,0.21428571428571427,0.5185185185185185,0.7328042328042328,0.3333333333333333,0.16,1.0,0.03571428571428571,0.03571428571428571,0.03571428571428571,0.36363636363636365,0.6363636363636364,0.5714285714285714,283.89285714285717,0.21428571428571427,0.4074074074074074,-2.5996329249745633,0.11359999999999992,8,14,S,28,27,5,11,1,0,0,S6,1776.0,False,3TM,SUP,-0.16421520739107337
8,18,17,2,1.0,0,1,0,1,6,3.0,1,1,1,0,0,0,0,0,0,3,0,7,4,0,0.11764705882352941,0.16666666666666666,0.35294117647058826,0.5196078431372549,0.23529411764705885,0.06666666666666667,,0.05555555555555555,0.05555555555555555,0.05555555555555555,0.21428571428571427,0.7857142857142857,0.2727272727272727,274.88235294117646,0.16666666666666666,0.23529411764705882,-1.6766762296562454,0.07329999999999998,3,11,S,18,17,2,4,1,0,0,S6,1776.0,True,SUP,SUP,-0.10611528254009261
4,8,8,2,2.0,0,0,2,0,6,0.0,0,0,0,0,1,0,0,0,1,0,3,1,2,0,0.25,0.25,0.75,1.0,0.5,0.25,1.0,0.0,0.0,0.0,0.5714285714285714,0.42857142857142855,1.3333333333333333,306.3333333333333,0.25,0.625,-0.9243826445395298,0.049900000000000014,4,3,S,8,8,2,5,0,0,0,S6,1776.0,True,LMN,LMN,-0.06508166870927212
1,2,2,1,0.0,0,1,0,0,2,0.0,0,0,0,0,0,0,0,0,0,1,0,0,0,0,0.5,0.5,1.0,1.5,0.5,0.5,,0.0,0.0,0.0,1.0,0.0,,259.5,0.5,1.0,0.0014259492212123637,-0.009600000000000004,1,0,S,2,2,1,2,0,0,0,S6,1776.0,True,LEM,LEM,0.006981743858291449
10,28,23,8,6.0,5,0,1,2,16,8.0,4,2,2,0,0,1,0,1,0,0,1,6,7,0,0.34782608695652173,0.42857142857142855,0.6956521739130435,1.124223602484472,0.34782608695652173,0.3,0.0,0.07142857142857142,0.07142857142857142,0.14285714285714285,0.06666666666666667,0.9333333333333333,0.07142857142857142,229.4814814814815,0.42857142857142855,0.5714285714285714,3.2296890824490005,0.2506,1,14,SF,28,21,6,12,6,1,0,S6,1777.0,False,2TM,BBB,0.41871699335128304
10,25,20,7,5.0,5,0,1,1,12,6.0,4,2,2,0,0,1,0,1,0,0,1,5,6,0,0.35,0.44,0.6,1.04,0.25,0.3333333333333333,0.0,0.04,0.08,0.16,0.07692307692307693,0.9230769230769231,0.08333333333333333,232.125,0.44,0.4444444444444444,2.422099702479861,0.17010000000000006,1,12,SF,25,18,5,8,6,1,0,S6,1777.0,True,BBB,BBB,0.32769933195011375
1,3,3,1,1.0,0,0,0,1,4,2.0,0,0,0,0,0,0,0,0,0,0,0,1,1,0,0.3333333333333333,0.3333333333333333,1.3333333333333333,1.6666666666666665,1.0,0.0,,0.3333333333333333,0.0,0.0,0.0,1.0,0.0,208.33333333333334,0.3333333333333333,1.3333333333333333,0.8075893799691403,0.08049999999999999,0,2,SF,3,3,1,4,0,0,0,S6,1777.0,True,LMN,LMN,0.09101766140116935
11,23,21,5,5.0,2,2,0,1,10,1.0,2,0,11,4,0,0,0,0,0,0,0,4,1,0,0.23809523809523808,0.30434782608695654,0.47619047619047616,0.7805383022774327,0.23809523809523808,0.4444444444444444,,0.043478260869565216,0.4782608695652174,0.08695652173913043,0.0,1.0,0.0,199.78947368421052,0.30434782608695654,0.47619047619047616,-1.756546116852789,-0.15029999999999996,0,5,BP,23,21,5,10,2,0,0,S6,1778.0,False,RBD,RBD,-0.09700439891932144
6,14,12,3,1.0,0,2,0,1,8,2.0,1,0,2,0,0,0,0,1,1,3,2,2,1,0,0.25,0.2857142857142857,0.6666666666666666,0.9523809523809523,0.41666666666666663,0.2,,0.07142857142857142,0.14285714285714285,0.07142857142857142,0.6,0.4,1.5,265.5,0.21428571428571427,0.6153846153846154,-0.7933888594829984,-0.0625,6,4,BC,14,13,3,8,0,1,0,S6,1779.0,False,2TM,LID,-0.031464843395108355
1,3,3,2,1.0,0,1,0,1,6,1.0,0,0,1,0,0,0,0,0,0,0,0,0,0,0,0.6666666666666666,0.6666666666666666,2.0,2.6666666666666665,1.3333333333333335,1.0,,0.3333333333333333,0.3333333333333333,0.0,,,,115.0,0.6666666666666666,2.0,0.8170840712765072,0.10720000000000002,0,0,BC,3,3,2,6,0,0,0,S6,1779.0,True,LIM,LIM,0.09196713053190604
5,11,9,1,0.0,0,1,0,0,2,1.0,1,0,1,0,0,0,0,1,1,3,2,2,1,0,0.1111111111111111,0.18181818181818182,0.2222222222222222,0.40404040404040403,0.1111111111111111,0.1111111111111111,,0.0,0.09090909090909091,0.09090909090909091,0.6,0.4,1.5,306.54545454545456,0.09090909090909091,0.2,-1.6104729307595056,-0.16970000000000002,6,4,BC,11,10,1,2,0,1,0,S6,1779.0,True,LID,LID,-0.1234319739270144
8,17,16,2,0.0,1,1,0,0,3,0.0,1,0,3,0,0,0,0,0,1,3,3,3,2,0,0.125,0.17647058823529413,0.1875,0.36397058823529416,0.0625,0.15384615384615385,,0.0,0.17647058823529413,0.058823529411764705,0.5833333333333334,0.4166666666666667,1.4,301.7647058823529,0.17647058823529413,0.1875,-4.073395879754999,-0.3653,7,5,BP,17,16,2,3,1,0,0,S6,1781.0,False,RBD,RBD,-0.34920682201805314
1,2,2,2,0.0,2,0,0,0,2,1.0,0,0,0,0,0,0,0,0,0,0,0,0,0,0,1.0,1.0,1.0,2.0,0.0,1.0,,0.0,0.0,0.0,,,,96.0,1.0,1.0,1.253697226772058,0.16010000000000002,0,0,BP,2,2,2,2,0,0,0,S6,1784.0,False,MBT,MBT,0.13220887161337602
11,28,26,7,3.0,3,2,1,1,14,8.0,2,0,4,0,1,1,0,0,1,0,1,9,5,0,0.2692307692307692,0.32142857142857145,0.5384615384615384,0.8598901098901099,0.2692307692307692,0.2857142857142857,0.5,0.03571428571428571,0.14285714285714285,0.07142857142857142,0.125,0.875,0.14285714285714285,236.26666666666668,0.32142857142857145,0.46153846153846156,0.9510120118617821,0.19690000000000005,2,14,S,28,26,7,12,2,0,0,S6,1785.0,False,2TM,SAR,0.19084928629256118
11,26,24,7,3.0,3,2,1,1,14,8.0,2,0,4,0,1,1,0,0,0,0,0,8,5,0,0.2916666666666667,0.34615384615384615,0.5833333333333334,0.9294871794871795,0.2916666666666667,0.3157894736842105,0.5,0.038461538461538464,0.15384615384615385,0.07692307692307693,0.0,1.0,0.0,230.17857142857142,0.34615384615384615,0.5,2.2607465251361183,0.38710000000000006,0,13,S,26,24,7,12,2,0,0,S6,1785.0,True,SAR,SAR,0.3149835886838246
1,2,2,0,0.0,0,0,0,0,0,0.0,0,0,0,0,0,0,0,0,1,0,1,1,0,0,0.0,0.0,0.0,0.0,0.0,0.0,,0.0,0.0,0.0,0.6666666666666666,0.3333333333333333,2.0,321.5,0.0,0.0,-1.3097345132743363,-0.1902,2,1,S,2,2,0,0,0,0,0,S6,1785.0,True,LIM,LIM,-0.12413430239126341
12,31,27,6,3.0,2,0,2,2,16,4.0,4,0,5,0,0,0,0,0,1,2,3,8,3,0,0.2222222222222222,0.3225806451612903,0.5925925925925926,0.9151732377538828,0.37037037037037035,0.2,,0.06451612903225806,0.16129032258064516,0.12903225806451613,0.35294117647058826,0.6470588235294118,0.5454545454545454,240.1290322580645,0.3225806451612903,0.7407407407407407,0.6800706367662736,0.1668000000000001,6,11,WC,31,27,6,20,4,0,0,S6,1786.0,False,SLT,SLT,0.17401387218726566
1,3,3,0,0.0,0,0,0,0,0,0.0,0,0,2,0,0,0,0,0,0,0,1,0,0,0,0.0,0.0,0.0,0.0,0.0,0.0,,0.0,0.6666666666666666,0.0,1.0,0.0,,350.6666666666667,0.0,0.0,-0.5865826419796918,-0.0513,1,0,BC,3,3,0,0,0,0,0,S6,1788.0,False,RBD,RBD,-0.048399540793713856
5,15,15,3,0.0,1,1,1,0,6,0.0,0,0,4,2,0,0,0,0,1,2,1,4,1,0,0.2,0.2,0.4,0.6000000000000001,0.2,0.2727272727272727,,0.0,0.26666666666666666,0.0,0.4444444444444444,0.5555555555555556,0.8,258.46153846153845,0.2,0.4,-1.811808541247968,-0.07259999999999998,4,5,TT,15,15,3,6,0,0,0,S6,1790.0,False,2TM,PBA,-0.1298872371035202
2,6,6,2,0.0,1,1,0,0,3,0.0,0,0,1,1,0,0,0,0,0,0,1,2,0,0,0.3333333333333333,0.3333333333333333,0.5,0.8333333333333333,0.16666666666666669,0.4,,0.0,0.16666666666666666,0.0,0.3333333333333333,0.6666666666666666,0.5,189.0,0.3333333333333333,0.6666666666666666,-0.25847338585195195,0.024300000000000002,1,2,TT,6,6,2,4,0,0,0,S6,1790.0,True,LIM,LIM,-0.0053298917766845585
3,9,9,1,0.0,0,0,1,0,3,0.0,0,0,3,1,0,0,0,0,1,2,0,2,1,0,0.1111111111111111,0.1111111111111111,0.3333333333333333,0.4444444444444444,0.2222222222222222,0.16666666666666666,,0.0,0.3333333333333333,0.0,0.5,0.5,1.0,301.875,0.1111111111111111,0.2222222222222222,-1.5533351553960157,-0.09689999999999999,3,3,TT,9,9,1,2,0,0,0,S6,1790.0,True,PBA,PBA,-0.12455734532683563
5,12,9,2,2.0,1,1,0,0,3,4.0,3,0,3,0,1,0,0,0,1,1,1,1,1,0,0.2222222222222222,0.4166666666666667,0.3333333333333333,0.75,0.1111111111111111,0.3333333333333333,1.0,0.0,0.25,0.25,0.6,0.4,1.5,246.07692307692307,0.4166666666666667,0.3333333333333333,2.5123603875828295,0.7021999999999998,3,2,S,12,9,2,3,3,0,0,S6,1792.0,False,SGP,SGP,0.2922709323753042
1,1,1,0,0.0,0,0,0,0,0,0.0,0,0,1,1,0,0,0,0,0,0,0,0,0,0,0.0,0.0,0.0,0.0,0.0,,,0.0,1.0,0.0,,,,,0.0,0.0,-0.19068534128591136,-0.027000000000000003,0,0,XB,1,1,0,0,0,0,0,S6,1793.0,False,LIM,LIM,-0.01564895966050603
4,9,8,3,2.0,1,2,0,0,5,0.0,1,0,1,0,1,0,0,0,0,0,1,2,1,0,0.375,0.4444444444444444,0.625,1.0694444444444444,0.25,0.42857142857142855,1.0,0.0,0.1111111111111111,0.1111111111111111,0.25,0.75,0.3333333333333333,206.8,0.4444444444444444,0.7142857142857143,-0.03550065338114777,0.11269999999999998,1,3,1B,9,7,2,5,2,0,0,S6,1794.0,False,TAK,TAK,0.02722610487465118
2,5,5,3,0.0,1,2,0,0,5,2.0,0,0,0,0,0,0,0,0,0,0,0,0,2,0,0.6,0.6,1.0,1.6,0.4,0.6,,0.0,0.0,0.0,0.0,1.0,0.0,174.4,0.6,1.0,2.5930533300215757,0.2905,0,2,SF,5,5,3,5,0,0,0,S6,1797.0,False,BAC,BAC,0.2764032053425831
2,5,5,2,1.0,2,0,0,0,2,0.0,0,0,0,0,0,0,0,0,0,0,1,1,1,0,0.4,0.4,0.4,0.8,0.0,0.4,,0.0,0.0,0.0,0.3333333333333333,0.6666666666666666,0.5,257.0,0.4,0.4,0.19561467475145533,0.02560000000000001,1,2,S,5,5,2,2,0,0,0,S6,1798.0,False,SAS,SAS,0.03665933981557107
9,22,18,4,0.0,1,1,2,0,9,3.0,3,1,3,0,0,0,0,1,2,3,3,2,4,0,0.2222222222222222,0.3181818181818182,0.5,0.8181818181818181,0.2777777777777778,0.25,,0.0,0.13636363636363635,0.13636363636363635,0.5333333333333333,0.4666666666666667,1.1428571428571428,260.57142857142856,0.3181818181818182,0.4444444444444444,-1.0271833231640444,-0.11759999999999998,8,7,XB,22,18,3,8,4,0,0,S6,1799.0,False,TTT,TTT,-0.027487694018532093
10,21,18,4,4.0,2,0,0,2,10,5.0,3,0,5,0,2,1,0,0,2,2,2,2,3,0,0.2222222222222222,0.3333333333333333,0.5555555555555556,0.8888888888888888,0.33333333333333337,0.18181818181818182,0.6666666666666666,0.09523809523809523,0.23809523809523808,0.14285714285714285,0.5454545454545454,0.45454545454545453,1.2,252.25,0.3333333333333333,0.5555555555555556,0.24904779819053968,0.07169999999999997,6,5,WC,21,18,4,10,3,0,0,S6,1800.0,False,SAS,SAS,0.0967158436488412
5,17,16,3,3.0,1,1,0,1,7,2.0,1,0,2,0,1,0,0,0,0,2,4,4,1,0,0.1875,0.23529411764705882,0.4375,0.6727941176470589,0.25,0.15384615384615385,1.0,0.058823529411764705,0.11764705882352941,0.058823529411764705,0.5454545454545454,0.45454545454545453,1.2,272.22222222222223,0.23529411764705882,0.4375,-0.796080963546474,-0.13290000000000002,6,5,BN,17,16,3,7,1,0,0,S6,1801.0,False,2TM,HEL,-0.021475330397200586
5,13,12,3,3.0,1,1,0,1,7,2.0,1,0,1,0,1,0,0,0,0,2,3,3,0,0,0.25,0.3076923076923077,0.5833333333333334,0.8910256410256411,0.33333333333333337,0.2,1.0,0.07692307692307693,0.07692307692307693,0.07692307692307693,0.625,0.375,1.6666666666666667,245.21428571428572,0.3076923076923077,0.5833333333333334,0.9128628409643259,0.03699999999999998,5,3,BN,13,12,3,7,1,0,0,S6,1801.0,True,HEL,HEL,0.13574075218153897
2,4,4,0,0.0,0,0,0,0,0,0.0,0,0,1,0,0,0,0,0,0,0,1,1,1,0,0.0,0.0,0.0,0.0,0.0,0.0,,0.0,0.25,0.0,0.3333333333333333,0.6666666666666666,0.5,366.75,0.0,0.0,-1.7089438045107999,-0.1699,1,2,BN,4,4,0,0,0,0,0,S6,1801.0,True,LEM,LEM,-0.15721608257873956
7,19,17,6,4.0,3,2,0,1,11,1.0,2,0,1,0,0,0,0,0,0,5,0,2,3,0,0.35294117647058826,0.42105263157894735,0.6470588235294118,1.068111455108359,0.29411764705882354,0.3333333333333333,,0.05263157894736842,0.05263157894736842,0.10526315789473684,0.5,0.5,1.0,252.55555555555554,0.42105263157894735,0.6470588235294118,0.5665198381438042,0.008100000000000024,5,5,BP,19,17,6,11,2,0,0,S6,1802.0,False,PBA,PBA,0.12162389870799743
6,16,15,5,2.0,3,2,0,0,7,0.0,1,0,4,0,1,1,0,0,0,1,0,3,2,0,0.3333333333333333,0.375,0.4666666666666667,0.8416666666666667,0.13333333333333336,0.45454545454545453,0.5,0.0,0.25,0.0625,0.16666666666666666,0.8333333333333334,0.2,231.5,0.375,0.42857142857142855,-0.6781551282494217,0.13579999999999998,1,5,BN,16,14,4,6,2,0,0,S6,1808.0,False,2TM,MPD,-0.01310232133558047
3,8,7,2,1.0,2,0,0,0,2,0.0,1,0,2,0,1,0,0,0,0,0,0,1,2,0,0.2857142857142857,0.375,0.2857142857142857,0.6607142857142857,0.0,0.4,1.0,0.0,0.25,0.125,0.0,1.0,0.0,235.55555555555554,0.375,0.2857142857142857,-0.2516974785889493,0.0435,0,3,BN,8,7,2,2,1,0,0,S6,1808.0,True,MPD,MPD,0.00218684788578592
3,8,8,3,1.0,1,2,0,0,5,0.0,0,0,2,0,0,1,0,0,0,1,0,2,0,0,0.375,0.375,0.625,1.0,0.25,0.5,0.0,0.0,0.25,0.0,0.3333333333333333,0.6666666666666666,0.5,227.44444444444446,0.375,0.5714285714285714,-0.42645764966047234,0.09229999999999998,1,2,BN,8,7,2,4,1,0,0,S6,1808.0,True,LMN,LMN,-0.015289169221366384
3,8,7,2,1.0,1,1,0,0,3,0.0,1,0,2,1,0,0,0,0,0,1,0,2,0,0,0.2857142857142857,0.375,0.42857142857142855,0.8035714285714286,0.14285714285714285,0.4,,0.0,0.25,0.125,0.3333333333333333,0.6666666666666666,0.5,198.42857142857142,0.375,0.5714285714285714,-0.7171153100996029,-0.0179,1,2,WC,8,7,2,4,1,0,0,S6,1809.0,False,WWC,WWC,-0.04435493526527944
3,8,7,0,0.0,0,0,0,0,0,0.0,1,0,0,0,0,0,0,0,0,3,1,2,1,0,0.0,0.125,0.0,0.125,0.0,0.0,,0.0,0.0,0.125,0.5714285714285714,0.42857142857142855,1.3333333333333333,347.375,0.0,0.0,-1.6560850838227914,-0.2039,4,3,SM,8,8,0,0,0,0,0,S6,1810.0,False,SAS,SAS,-0.13825191263759828
10,25,22,10,5.0,4,4,0,2,20,8.0,3,0,1,0,1,0,0,0,0,3,3,2,3,0,0.45454545454545453,0.52,0.9090909090909091,1.4290909090909092,0.45454545454545453,0.42105263157894735,1.0,0.08,0.04,0.12,0.5454545454545454,0.45454545454545453,1.2,218.76923076923077,0.48,0.9545454545454546,5.847152769029154,0.6718000000000001,6,5,BN,25,22,10,21,2,1,0,S6,1811.0,False,PHB,PHB,0.670204638605043
7,20,17,5,5.0,0,1,0,4,18,6.0,3,0,3,0,0,0,0,0,1,2,1,5,1,0,0.29411764705882354,0.4,1.0588235294117647,1.4588235294117649,0.7647058823529411,0.1,,0.2,0.15,0.15,0.4,0.6,0.6666666666666666,223.75,0.35,1.0,2.992325980111742,0.09049999999999997,4,6,WC,20,18,5,18,2,0,0,S6,1813.0,False,2TM,BAC,0.36762408737287633
5,14,12,4,3.0,0,1,0,3,14,4.0,2,0,3,0,0,0,0,0,1,2,1,2,0,0,0.3333333333333333,0.42857142857142855,1.1666666666666667,1.5952380952380953,0.8333333333333335,0.16666666666666666,,0.21428571428571427,0.21428571428571427,0.14285714285714285,0.6666666666666666,0.3333333333333333,2.0,231.0,0.35714285714285715,1.0769230769230769,2.427880705872077,0.19550000000000003,4,2,WC,14,13,4,14,1,0,0,S6,1813.0,True,LID,LID,0.29066211314039914
2,6,5,1,2.0,0,0,0,1,4,2.0,1,0,0,0,0,0,0,0,0,0,0,3,1,0,0.2,0.3333333333333333,0.8,1.1333333333333333,0.6000000000000001,0.0,,0.16666666666666666,0.0,0.16666666666666666,0.0,1.0,0.0,206.83333333333334,0.3333333333333333,0.8,0.5644452742396657,-0.10500000000000001,0,4,WC,6,5,1,4,1,0,0,S6,1813.0,True,BAC,BAC,0.07696197423247722
8,20,19,4,2.0,1,3,0,0,7,1.0,1,0,2,0,0,1,0,0,2,6,0,2,5,0,0.21052631578947367,0.25,0.3684210526315789,0.618421052631579,0.15789473684210525,0.23529411764705882,0.0,0.0,0.1,0.05,0.5333333333333333,0.4666666666666667,1.1428571428571428,278.76190476190476,0.25,0.3684210526315789,-2.6488805195431184,-0.35030000000000006,8,7,XB,20,19,4,7,1,0,0,S6,1814.0,False,SAS,SAS,-0.1964965625926097
2,6,5,0,0.0,0,0,0,0,0,0.0,1,0,1,1,0,0,0,0,0,1,1,0,2,0,0.0,0.16666666666666666,0.0,0.16666666666666666,0.0,0.0,,0.0,0.16666666666666666,0.16666666666666666,0.5,0.5,1.0,333.2,0.16666666666666666,0.0,-1.197580521493151,-0.06659999999999999,2,2,XB,6,5,0,0,1,0,0,S6,1815.0,False,SUP,SUP,-0.09924060534080445
9,23,20,5,2.0,0,3,1,1,13,5.0,3,0,2,0,0,0,0,0,0,3,3,5,2,0,0.25,0.34782608695652173,0.65,0.9978260869565218,0.4,0.23529411764705882,,0.043478260869565216,0.08695652173913043,0.13043478260869565,0.46153846153846156,0.5384615384615384,0.8571428571428571,236.43478260869566,0.30434782608695654,0.6190476190476191,2.900471888039824,0.5748,6,7,1B,23,21,5,13,2,0,0,S6,1816.0,False,LIM,LIM,0.36869740156993985
6,15,15,7,7.0,2,1,0,4,20,5.0,0,0,5,1,0,0,0,0,1,2,0,1,0,0,0.4666666666666667,0.4666666666666667,1.3333333333333333,1.7999999999999998,0.8666666666666666,0.5,,0.26666666666666666,0.3333333333333333,0.0,0.75,0.25,3.0,190.0,0.4666666666666667,1.3333333333333333,2.8864914845447283,0.2847,3,1,BP,15,15,7,20,0,0,0,S6,1817.0,False,BAC,BAC,0.3399427654757494
6,16,13,1,2.0,0,0,0,1,4,1.0,3,0,8,0,0,0,0,0,0,2,0,1,1,0,0.07692307692307693,0.25,0.3076923076923077,0.5576923076923077,0.23076923076923078,0.0,,0.0625,0.5,0.1875,0.5,0.5,1.0,275.1875,0.1875,0.2857142857142857,-2.2815282995533015,-0.04509999999999997,2,2,TT,16,14,1,4,2,0,0,S6,1824.0,False,BAC,BAC,-0.17343963846596844
5,12,9,1,1.0,1,0,0,0,1,0.0,3,0,2,0,0,0,0,0,2,2,1,2,1,0,0.1111111111111111,0.3333333333333333,0.1111111111111111,0.4444444444444444,0.0,0.14285714285714285,,0.0,0.16666666666666666,0.25,0.625,0.375,1.6666666666666667,261.9166666666667,0.3333333333333333,0.1111111111111111,-1.9636830461286634,-0.15959999999999996,5,3,1B,12,9,1,1,3,0,0,S6,1825.0,False,PUK,PUK,-0.15533341099584508
5,15,12,2,3.0,1,0,0,1,5,1.0,3,1,0,0,0,0,0,0,0,3,1,3,3,0,0.16666666666666666,0.3333333333333333,0.4166666666666667,0.75,0.25,0.09090909090909091,,0.06666666666666667,0.0,0.2,0.4,0.6,0.6666666666666666,280.07142857142856,0.3333333333333333,0.3333333333333333,-0.2348493999446512,0.09310000000000002,4,6,BP,15,12,2,4,3,0,0,S6,1826.0,False,PBA,PBA,0.027808677026811474
4,8,8,3,0.0,3,0,0,0,3,0.0,0,0,2,2,0,0,0,0,1,1,0,2,0,0,0.375,0.375,0.375,0.75,0.0,0.5,,0.0,0.25,0.0,0.5,0.5,1.0,176.33333333333334,0.375,0.625,-1.0145783275687599,-0.03409999999999999,2,2,1B,8,8,3,5,0,0,0,S6,1827.0,False,SAS,SAS,-0.07410123701219513
4,15,14,6,3.0,4,2,0,0,8,1.0,1,0,1,0,1,3,0,0,1,2,4,1,0,0,0.42857142857142855,0.4666666666666667,0.5714285714285714,1.038095238095238,0.14285714285714285,0.46153846153846156,0.25,0.0,0.06666666666666667,0.06666666666666667,0.875,0.125,7.0,297.63157894736844,0.4666666666666667,0.6428571428571429,-0.7722258771756947,0.00620000000000004,7,1,SM,15,14,6,9,1,0,0,S6,1830.0,False,2TM,PHB,-0.025928970696292873
1,2,1,1,1.0,1,0,0,0,1,0.0,1,0,0,0,1,1,0,0,0,0,0,0,0,0,1.0,1.0,1.0,2.0,0.0,1.0,0.5,0.0,0.0,0.5,,,,237.25,1.0,2.0,0.2629651842396142,0.016999999999999994,0,0,SM,2,1,1,2,1,0,0,S6,1830.0,True,LIM,LIM,0.03313566736013163
4,13,13,5,2.0,3,2,0,0,7,1.0,0,0,1,0,0,2,0,0,1,2,4,1,0,0,0.38461538461538464,0.38461538461538464,0.5384615384615384,0.9230769230769231,0.1538461538461538,0.4166666666666667,0.0,0.0,0.07692307692307693,0.0,0.875,0.125,7.0,313.73333333333335,0.38461538461538464,0.5384615384615384,-1.035191061415309,-0.010799999999999976,7,1,SM,13,13,5,7,0,0,0,S6,1830.0,True,PHB,PHB,-0.05906463805642452
4,8,8,3,2.0,0,2,0,1,8,6.0,0,0,2,0,0,0,0,0,0,1,0,1,1,0,0.375,0.375,1.0,1.375,0.625,0.4,,0.125,0.25,0.0,0.3333333333333333,0.6666666666666666,0.5,224.75,0.375,1.0,4.588864857866339,0.37650000000000006,1,2,BN,8,8,3,8,0,0,0,S6,1832.0,False,LID,LID,0.48624308153131474
8,20,19,3,2.0,1,1,0,1,7,2.0,1,0,2,0,0,1,0,0,2,3,5,4,2,0,0.15789473684210525,0.2,0.3684210526315789,0.5684210526315789,0.21052631578947367,0.125,0.0,0.05,0.1,0.05,0.625,0.375,1.6666666666666667,308.55,0.2,0.3684210526315789,-3.5157803442003193,0.06369999999999998,10,6,1B,20,19,3,7,1,0,0,S6,1834.0,False,PHB,PHB,-0.2831865450583298
9,23,22,4,2.0,2,1,0,1,8,1.0,1,0,8,0,1,0,0,0,1,2,1,4,3,0,0.18181818181818182,0.21739130434782608,0.36363636363636365,0.5810276679841897,0.18181818181818182,0.23076923076923078,1.0,0.043478260869565216,0.34782608695652173,0.043478260869565216,0.36363636363636365,0.6363636363636364,0.5714285714285714,266.9583333333333,0.21739130434782608,0.36363636363636365,-1.8098438592204702,-0.1666,4,7,WC,23,22,4,8,1,0,0,S6,1838.0,False,3TM,AAL,-0.10233417315608957
5,13,13,2,1.0,1,0,0,1,5,1.0,0,0,6,0,0,0,0,0,1,2,0,2,1,0,0.15384615384615385,0.15384615384615385,0.38461538461538464,0.5384615384615385,0.23076923076923078,0.16666666666666666,,0.07692307692307693,0.46153846153846156,0.0,0.5,0.5,1.0,293.38461538461536,0.23076923076923078,0.4166666666666667,-1.6898759080826373,-0.1406,3,3,WC,13,12,2,5,1,0,0,S6,1838.0,True,BAC,BAC,-0.12453312272315735
2,6,5,0,1.0,0,0,0,0,0,0.0,1,0,2,0,1,0,0,0,0,0,0,2,1,0,0.0,0.16666666666666666,0.0,0.16666666666666666,0.0,0.0,1.0,0.0,0.3333333333333333,0.16666666666666666,0.0,1.0,0.0,234.42857142857142,0.0,0.0,-0.600452550257783,-0.037599999999999995,0,3,WC,6,6,0,0,0,0,0,S6,1838.0,True,LMN,LMN,-0.03952780821726766
2,4,4,2,0.0,1,1,0,0,3,0.0,0,0,0,0,0,0,0,0,0,0,1,0,1,0,0.5,0.5,0.75,1.25,0.25,0.5,,0.0,0.0,0.0,0.5,0.5,1.0,238.0,0.5,0.75,0.4804845991199497,0.011599999999999996,1,1,WC,4,4,2,3,0,0,0,S6,1838.0,True,AAL,AAL,0.061726757784335395
7,19,18,7,3.0,4,1,0,2,14,2.0,1,0,5,0,0,1,0,0,1,1,2,3,0,0,0.3888888888888889,0.42105263157894735,0.7777777777777778,1.198830409356725,0.3888888888888889,0.45454545454545453,0.0,0.10526315789473684,0.2631578947368421,0.05263157894736842,0.5714285714285714,0.42857142857142855,1.3333333333333333,227.85,0.42105263157894735,0.7647058823529411,-0.466482292639905,-0.2628,4,3,BN,19,17,6,13,2,0,0,S6,1839.0,False,2TM,MPD,0.018323685629626524
6,15,14,5,1.0,3,1,0,1,9,1.0,1,0,5,0,0,1,0,0,1,1,2,1,0,0,0.35714285714285715,0.4,0.6428571428571429,1.042857142857143,0.28571428571428575,0.5,0.0,0.06666666666666667,0.3333333333333333,0.06666666666666667,0.8,0.2,4.0,255.875,0.4,0.6153846153846154,-0.8778048891295477,-0.3638,4,1,BN,15,13,4,8,2,0,0,S6,1839.0,True,MPD,MPD,-0.03648687189167817
2,4,4,2,2.0,1,0,0,1,5,1.0,0,0,0,0,0,0,0,0,0,0,0,2,0,0,0.5,0.5,1.25,1.75,0.75,0.3333333333333333,,0.25,0.0,0.0,0.0,1.0,0.0,115.75,0.5,1.25,0.41132259648964253,0.101,0,2,BN,4,4,2,5,0,0,0,S6,1839.0,True,LIM,LIM,0.05481055752130468
1,3,3,1,1.0,1,0,0,0,1,0.0,0,0,1,0,0,0,0,0,0,0,0,1,0,0,0.3333333333333333,0.3333333333333333,0.3333333333333333,0.6666666666666666,0.0,0.5,,0.0,0.3333333333333333,0.0,0.0,1.0,0.0,218.0,0.3333333333333333,0.3333333333333333,-0.4001085776330076,0.009600000000000004,0,1,TT,3,3,1,1,0,0,0,S6,1841.0,False,SUP,SUP,-0.029752134359045446
7,15,15,5,2.0,1,1,1,2,14,3.0,0,0,2,0,0,0,0,0,2,3,3,2,0,0,0.3333333333333333,0.3333333333333333,0.9333333333333333,1.2666666666666666,0.6000000000000001,0.2727272727272727,,0.13333333333333333,0.13333333333333333,0.0,0.8,0.2,4.0,246.53333333333333,0.3333333333333333,0.9285714285714286,-0.07755360932639566,0.28040000000000004,8,2,BC,15,14,4,13,1,0,0,S6,1843.0,False,PHB,PHB,0.043538256088637026
6,16,13,4,0.0,3,1,0,0,5,0.0,3,0,1,0,0,0,0,0,0,1,2,3,2,0,0.3076923076923077,0.4375,0.38461538461538464,0.8221153846153846,0.07692307692307693,0.3333333333333333,,0.0,0.0625,0.1875,0.375,0.625,0.6,237.86666666666667,0.4375,0.38461538461538464,0.45436515534627664,0.1259,3,5,BP,16,13,4,5,3,0,0,S6,1844.0,False,PUK,PUK,0.10014970702398936
7,17,14,3,4.0,0,0,0,3,12,3.0,3,0,2,0,0,0,0,0,1,1,2,4,2,0,0.21428571428571427,0.35294117647058826,0.8571428571428571,1.2100840336134453,0.6428571428571428,0.0,,0.17647058823529413,0.11764705882352941,0.17647058823529413,0.4,0.6,0.6666666666666666,245.125,0.29411764705882354,0.6666666666666666,1.0888022420105892,0.0451,4,6,BP,17,15,3,10,2,0,0,S6,1942.0,False,CIM,CIM,0.16701299015850574
9,26,26,10,8.0,4,4,0,2,20,4.0,0,0,4,0,0,0,0,0,0,2,1,5,4,0,0.38461538461538464,0.38461538461538464,0.7692307692307693,1.153846153846154,0.38461538461538464,0.4,,0.07692307692307693,0.15384615384615385,0.0,0.25,0.75,0.3333333333333333,226.73076923076923,0.38461538461538464,0.72,2.3017447480133058,0.6123999999999999,3,9,S,26,25,9,18,1,0,0,S6,1943.0,False,2TM,TAK,0.31908341097154336
7,19,19,7,5.0,2,3,0,2,16,4.0,0,0,3,0,0,0,0,0,0,0,1,5,3,0,0.3684210526315789,0.3684210526315789,0.8421052631578947,1.2105263157894737,0.47368421052631576,0.35714285714285715,,0.10526315789473684,0.15789473684210525,0.0,0.1111111111111111,0.8888888888888888,0.125,212.1578947368421,0.3684210526315789,0.8333333333333334,2.452291718806285,0.5730999999999998,1,8,S,19,18,6,15,1,0,0,S6,1943.0,True,BAC,BAC,0.3102010867742455
3,7,7,3,3.0,2,1,0,0,4,0.0,0,0,1,0,0,0,0,0,0,2,0,0,1,0,0.42857142857142855,0.42857142857142855,0.5714285714285714,1.0,0.14285714285714285,0.5,,0.0,0.14285714285714285,0.0,0.6666666666666666,0.3333333333333333,2.0,266.2857142857143,0.42857142857142855,0.42857142857142855,-0.15054697079297918,0.0393,2,1,S,7,7,3,3,0,0,0,S6,1943.0,True,TAK,TAK,0.008882324197297824
5,13,11,2,1.0,0,1,0,1,6,3.0,0,0,5,0,0,0,0,2,0,0,0,4,2,0,0.18181818181818182,0.15384615384615385,0.5454545454545454,0.6993006993006993,0.3636363636363636,0.14285714285714285,,0.07692307692307693,0.38461538461538464,0.0,0.0,1.0,0.0,238.6153846153846,0.15384615384615385,0.5,-1.0877063609224096,0.03940000000000002,0,8,BP,13,12,2,6,0,1,0,S6,1946.0,False,POR,POR,-0.06431616800713458
13,33,31,5,2.0,4,0,0,1,8,4.0,2,0,13,2,0,0,0,0,1,3,5,2,3,0,0.16129032258064516,0.21212121212121213,0.25806451612903225,0.4701857282502444,0.0967741935483871,0.23529411764705882,,0.030303030303030304,0.3939393939393939,0.06060606060606061,0.6428571428571429,0.35714285714285715,1.8,290.6774193548387,0.21212121212121213,0.20689655172413793,-3.1721556792421683,-0.4175,9,5,HK,33,29,3,6,4,0,0,S6,1947.0,False,TAK,TAK,-0.20436961047740834
6,17,14,5,1.0,3,1,0,1,9,1.0,3,0,1,0,0,0,0,0,0,1,3,3,1,0,0.35714285714285715,0.47058823529411764,0.6428571428571429,1.1134453781512605,0.28571428571428575,0.3333333333333333,,0.058823529411764705,0.058823529411764705,0.17647058823529413,0.5,0.5,1.0,226.88235294117646,0.35294117647058826,0.5625,0.3513959447680484,0.2289,4,4,BC,17,16,5,9,1,0,0,S6,1949.0,False,SUP,SUP,0.09327236043425165
4,9,9,2,0.0,0,2,0,0,4,0.0,0,0,3,0,0,0,0,0,0,0,0,4,0,0,0.2222222222222222,0.2222222222222222,0.4444444444444444,0.6666666666666666,0.2222222222222222,0.3333333333333333,,0.0,0.3333333333333333,0.0,0.0,1.0,0.0,187.66666666666666,0.2222222222222222,0.4444444444444444,-0.9651014261090898,-0.0958,0,4,XB,9,9,2,4,0,0,0,S6,1951.0,False,RBD,RBD,-0.06573397239814302
3,6,6,2,0.0,2,0,0,0,2,0.0,0,0,0,0,0,0,0,0,0,1,0,2,1,0,0.3333333333333333,0.3333333333333333,0.3333333333333333,0.6666666666666666,0.0,0.3333333333333333,,0.0,0.0,0.0,0.25,0.75,0.3333333333333333,222.33333333333334,0.3333333333333333,0.3333333333333333,-0.8685409870265972,-0.20040000000000002,1,3,1B,6,6,2,2,0,0,0,S6,1953.0,False,SAS,SAS,-0.06633665189414908
1,1,1,0,0.0,0,0,0,0,0,0.0,0,0,1,1,0,0,0,0,0,0,0,0,0,0,0.0,0.0,0.0,0.0,0.0,,,0.0,1.0,0.0,,,,,0.0,0.0,-0.19068534128591136,-0.027200000000000002,0,0,EN,1,1,0,0,0,0,0,S6,1954.0,False,AAL,AAL,-0.01564895966050603
1,2,2,1,0.0,1,0,0,0,1,0.0,0,0,1,1,0,0,0,0,0,0,0,0,0,0,0.5,0.5,0.5,1.0,0.0,1.0,,0.0,0.5,0.0,,,,84.0,0.5,0.5,0.24745336466336898,0.0481,0,0,SM,2,2,1,1,0,0,0,S6,1956.0,False,PBA,PBA,0.03158448540250711
4,10,9,2,0.0,2,0,0,0,2,0.0,1,0,3,0,0,0,0,0,1,0,1,3,0,0,0.2222222222222222,0.3,0.2222222222222222,0.5222222222222221,0.0,0.3333333333333333,,0.0,0.3,0.1,0.4,0.6,0.6666666666666666,240.3,0.3,0.2222222222222222,-1.3064458205148064,-0.144,2,3,BP,10,9,2,2,1,0,0,S6,1958.0,False,PUK,PUK,-0.09644883737062956
5,11,10,1,0.0,1,0,0,0,1,0.0,1,0,2,1,0,0,0,0,1,2,0,3,2,0,0.1,0.18181818181818182,0.1,0.28181818181818186,0.0,0.125,,0.0,0.18181818181818182,0.09090909090909091,0.375,0.625,0.6,293.6,0.18181818181818182,0.1,-2.623882093041928,-0.31759999999999994,3,5,BC,11,10,1,1,1,0,0,S6,1959.0,False,MPD,MPD,-0.22477289015525664
6,16,15,4,1.0,2,1,0,1,8,3.0,1,0,4,1,0,1,0,0,0,2,0,3,2,0,0.26666666666666666,0.3125,0.5333333333333333,0.8458333333333333,0.26666666666666666,0.3,0.0,0.0625,0.25,0.0625,0.2857142857142857,0.7142857142857143,0.4,227.25,0.3125,0.5333333333333333,-0.5105351814531577,0.07089999999999999,2,5,BP,16,15,4,8,1,0,0,S6,1960.0,False,AAL,AAL,0.003659673344045933
4,10,8,1,1.0,0,1,0,0,2,1.0,1,0,3,3,0,0,0,1,0,0,0,2,3,0,0.125,0.2,0.25,0.45,0.125,0.16666666666666666,,0.0,0.3,0.1,0.0,1.0,0.0,254.57142857142858,0.2,0.2222222222222222,-1.1153457155332707,-0.2249,0,6,S,10,9,1,2,1,0,0,S6,1961.0,False,POR,POR,-0.077338826872476
8,15,14,3,2.0,1,0,0,2,9,2.0,1,0,3,0,0,0,0,0,2,3,4,1,0,0,0.21428571428571427,0.26666666666666666,0.6428571428571429,0.9095238095238096,0.4285714285714286,0.1111111111111111,,0.13333333333333333,0.2,0.06666666666666667,0.9,0.1,9.0,299.3333333333333,0.2,0.4666666666666667,-0.7356702472415584,-0.27040000000000003,9,1,EN,15,15,3,7,0,0,0,S6,1962.0,False,MPD,MPD,-0.022273407702879243
5,14,12,4,4.0,3,0,0,1,7,2.0,2,0,3,0,0,0,0,0,0,0,0,1,4,0,0.3333333333333333,0.42857142857142855,0.5833333333333334,1.0119047619047619,0.25000000000000006,0.375,,0.07142857142857142,0.21428571428571427,0.14285714285714285,0.0,1.0,0.0,229.14285714285714,0.35714285714285715,0.5384615384615384,0.17261535233217917,-0.0314,0,5,WC,14,13,4,7,1,0,0,S6,1963.0,False,2TM,BAC,0.06513557778640941
4,11,9,3,4.0,2,0,0,1,6,1.0,2,0,2,0,0,0,0,0,0,0,0,1,3,0,0.3333333333333333,0.45454545454545453,0.6666666666666666,1.121212121212121,0.3333333333333333,0.3333333333333333,,0.09090909090909091,0.18181818181818182,0.18181818181818182,0.0,1.0,0.0,219.63636363636363,0.36363636363636365,0.6,-0.4224674390851105,-0.0784,0,4,WC,11,10,3,6,1,0,0,S6,1963.0,True,BBB,BBB,-0.0046314247595748755
1,3,3,1,0.0,1,0,0,0,1,1.0,0,0,1,0,0,0,0,0,0,0,0,0,1,0,0.3333333333333333,0.3333333333333333,0.3333333333333333,0.6666666666666666,0.0,0.5,,0.0,0.3333333333333333,0.0,0.0,1.0,0.0,264.0,0.3333333333333333,0.3333333333333333,0.5950827914172897,0.047,0,1,WC,3,3,1,1,0,0,0,S6,1963.0,True,BAC,BAC,0.0697670025459843
12,34,34,8,3.0,3,3,1,1,16,5.0,0,0,6,0,0,0,0,0,0,5,3,8,4,0,0.23529411764705882,0.23529411764705882,0.47058823529411764,0.7058823529411764,0.23529411764705882,0.25925925925925924,,0.029411764705882353,0.17647058823529413,0.0,0.4,0.6,0.6666666666666666,250.58823529411765,0.23529411764705882,0.47058823529411764,-2.0569307616611407,0.012299999999999893,8,12,XB,34,34,8,16,0,0,0,S6,1964.0,False,JEF,JEF,-0.08942754425122046
3,9,8,0,0.0,0,0,0,0,0,0.0,1,0,1,0,0,0,0,0,0,0,1,4,2,0,0.0,0.1111111111111111,0.0,0.1111111111111111,0.0,0.0,,0.0,0.1111111111111111,0.1111111111111111,0.14285714285714285,0.8571428571428571,0.16666666666666666,268.55555555555554,0.2222222222222222,0.0,-1.8393980362608655,-0.1655,1,6,XB,9,7,0,0,2,0,0,S6,2055.0,False,FRG,FRG,-0.1531636334133206
11,32,30,11,8.0,6,3,0,2,20,2.0,2,0,2,0,0,0,0,0,0,4,3,4,6,0,0.36666666666666664,0.40625,0.6666666666666666,1.0729166666666665,0.3,0.34615384615384615,,0.0625,0.0625,0.0625,0.4117647058823529,0.5882352941176471,0.7,234.4375,0.40625,0.6896551724137931,1.4328624335378706,0.34219999999999995,7,10,1B,32,29,10,20,3,0,0,S6,2206.0,False,2TM,BAC,0.25271262633251046
6,13,12,6,6.0,2,2,0,2,14,2.0,1,0,0,0,0,0,0,0,0,0,1,3,2,0,0.5,0.5384615384615384,1.1666666666666667,1.7051282051282053,0.6666666666666667,0.4,,0.15384615384615385,0.0,0.07692307692307693,0.16666666666666666,0.8333333333333334,0.2,164.3846153846154,0.5384615384615384,1.1666666666666667,2.4380307657283735,0.41789999999999994,1,5,1B,13,12,6,14,1,0,0,S6,2206.0,True,LIM,LIM,0.28825754465794373
8,19,18,5,2.0,4,1,0,0,6,0.0,1,0,2,0,0,0,0,0,0,4,2,1,4,0,0.2777777777777778,0.3157894736842105,0.3333333333333333,0.6491228070175439,0.055555555555555525,0.3125,,0.0,0.10526315789473684,0.05263157894736842,0.5454545454545454,0.45454545454545453,1.2,282.36842105263156,0.3157894736842105,0.35294117647058826,-1.0051683321905027,-0.07569999999999999,6,5,1B,19,17,4,6,2,0,0,S6,2206.0,True,BAC,BAC,-0.03554491832543325
14,39,36,11,1.0,8,2,0,1,16,2.0,3,0,8,1,0,1,0,0,2,8,5,2,2,0,0.3055555555555556,0.358974358974359,0.4444444444444444,0.8034188034188035,0.13888888888888884,0.37037037037037035,0.0,0.02564102564102564,0.20512820512820512,0.07692307692307693,0.7894736842105263,0.21052631578947367,3.75,267.1025641025641,0.3076923076923077,0.4473684210526316,-2.499537234083663,-0.24230000000000004,15,4,1B,39,38,11,17,1,0,0,S6,2207.0,False,RBD,RBD,-0.11659031915304714
6,16,15,6,3.0,2,1,2,1,14,2.0,1,0,3,0,0,0,0,0,0,1,1,1,3,0,0.4,0.4375,0.9333333333333333,1.3708333333333333,0.5333333333333333,0.45454545454545453,,0.0625,0.1875,0.0625,0.3333333333333333,0.6666666666666666,0.5,201.6875,0.4375,0.9333333333333333,0.675782105586029,-0.2627999999999999,2,4,EN,16,15,6,14,1,0,0,S6,2213.0,False,2TM,MBT,0.1222914020479646
3,8,7,2,2.0,1,0,0,1,5,2.0,1,0,2,0,0,0,0,0,0,0,1,1,1,0,0.2857142857142857,0.375,0.7142857142857143,1.0892857142857144,0.4285714285714286,0.25,,0.125,0.25,0.125,0.3333333333333333,0.6666666666666666,0.5,217.125,0.375,0.7142857142857143,0.16597988766883165,-0.188,1,2,EN,8,7,2,5,1,0,0,S6,2213.0,True,SUP,SUP,0.04395458451156402
3,8,8,4,1.0,1,1,2,0,9,0.0,0,0,1,0,0,0,0,0,0,1,0,0,2,0,0.5,0.5,1.125,1.625,0.625,0.5714285714285714,,0.0,0.125,0.0,0.3333333333333333,0.6666666666666666,0.5,186.25,0.5,1.125,0.5098022179171974,-0.07479999999999996,1,2,EN,8,8,4,9,0,0,0,S6,2213.0,True,MBT,MBT,0.07833681753640058
11,31,28,10,7.0,5,2,0,3,21,5.0,3,2,6,1,2,0,0,0,1,3,4,4,1,0,0.35714285714285715,0.41935483870967744,0.75,1.1693548387096775,0.39285714285714285,0.3684210526315789,1.0,0.0967741935483871,0.1935483870967742,0.0967741935483871,0.6153846153846154,0.38461538461538464,1.6,233.26666666666668,0.41935483870967744,0.75,2.9951495257829293,0.2465,8,5,BN,31,28,10,21,3,0,0,S6,2215.0,False,JEF,JEF,0.40552176108893123
7,16,16,4,3.0,2,1,1,0,7,1.0,0,0,4,0,0,0,0,0,0,1,1,3,3,0,0.25,0.25,0.4375,0.6875,0.1875,0.3333333333333333,,0.0,0.25,0.0,0.25,0.75,0.3333333333333333,244.9375,0.25,0.375,-0.8231539813947011,-0.2619,2,6,XB,16,16,4,6,0,0,0,S6,2220.0,False,SUP,SUP,-0.02760220665010841
12,31,18,2,5.0,0,1,1,0,5,5.0,11,0,3,0,0,0,0,2,0,2,1,7,5,0,0.1111111111111111,0.41935483870967744,0.2777777777777778,0.6971326164874552,0.16666666666666669,0.11764705882352941,,0.0,0.0967741935483871,0.3548387096774194,0.17647058823529413,0.8235294117647058,0.21428571428571427,248.57142857142858,0.3870967741935484,0.3,-0.45668117091626625,0.027799999999999978,3,14,WC,31,20,2,6,10,1,0,S6,2221.0,False,SLT,SLT,0.06033869141901168
7,18,17,6,5.0,2,3,0,1,12,3.0,1,0,4,0,0,0,0,0,0,1,0,2,4,0,0.35294117647058826,0.3888888888888889,0.7058823529411765,1.0947712418300655,0.35294117647058826,0.4166666666666667,,0.05555555555555555,0.2222222222222222,0.05555555555555555,0.14285714285714285,0.8571428571428571,0.16666666666666666,211.33333333333334,0.3888888888888889,0.7058823529411765,1.3921093707907464,0.3064,1,6,XB,18,17,6,12,1,0,0,S6,2222.0,False,BBB,BBB,0.20076327750460657
8,20,20,7,4.0,1,3,0,3,19,5.0,0,0,4,0,1,0,0,0,0,2,1,5,1,0,0.35,0.35,0.95,1.2999999999999998,0.6,0.3076923076923077,1.0,0.15,0.2,0.0,0.3333333333333333,0.6666666666666666,0.5,211.38095238095238,0.35,1.0,2.6472169035419824,0.5266,3,6,S,20,20,7,20,0,0,0,S6,2224.0,False,PHB,PHB,0.3331131797159004
10,23,19,6,5.0,3,1,1,1,12,5.0,4,0,2,0,3,1,0,0,0,2,1,7,1,0,0.3157894736842105,0.43478260869565216,0.631578947368421,1.0663615560640731,0.3157894736842105,0.3125,0.75,0.043478260869565216,0.08695652173913043,0.17391304347826086,0.2727272727272727,0.7272727272727273,0.375,196.96296296296296,0.43478260869565216,0.631578947368421,1.660829597572441,-0.07940000000000003,3,8,WC,23,19,6,12,4,0,0,S6,2225.0,False,2TM,PHB,0.24473317252320154
10,22,18,6,5.0,3,1,1,1,12,5.0,4,0,2,0,3,1,0,0,0,2,1,6,1,0,0.3333333333333333,0.45454545454545453,0.6666666666666666,1.121212121212121,0.3333333333333333,0.3333333333333333,0.75,0.045454545454545456,0.09090909090909091,0.18181818181818182,0.3,0.7,0.42857142857142855,197.19230769230768,0.45454545454545453,0.6666666666666666,2.0623641244266606,0.0099,3,7,WC,22,18,6,12,4,0,0,S6,2225.0,True,PHB,PHB,0.2814670507405384
1,1,1,0,0.0,0,0,0,0,0,0.0,0,0,0,0,0,0,0,0,0,0,0,1,0,0,0.0,0.0,0.0,0.0,0.0,0.0,,0.0,0.0,0.0,0.0,1.0,0.0,191.0,0.0,0.0,-0.40153452685422,-0.08929999999999999,0,1,WC,1,1,0,0,0,0,0,S6,2225.0,True,LIM,LIM,-0.03673387821733689
5,11,9,3,2.0,1,1,0,1,7,3.0,2,0,3,1,0,0,0,0,0,0,0,1,2,0,0.3333333333333333,0.45454545454545453,0.7777777777777778,1.2323232323232323,0.4444444444444445,0.4,,0.09090909090909091,0.2727272727272727,0.18181818181818182,0.0,1.0,0.0,188.0,0.45454545454545453,0.8,2.286016998753772,0.2975999999999999,0,3,TT,11,10,4,8,1,0,0,S6,2229.0,False,FRG,FRG,0.2662170190243134
9,23,23,7,4.0,3,1,0,3,17,5.0,0,0,4,0,0,0,0,0,1,1,3,5,3,0,0.30434782608695654,0.30434782608695654,0.7391304347826086,1.0434782608695652,0.4347826086956521,0.25,,0.13043478260869565,0.17391304347826086,0.0,0.38461538461538464,0.6153846153846154,0.625,250.08695652173913,0.30434782608695654,0.782608695652174,1.5132657249800816,-0.0865,5,8,BP,23,23,7,18,0,0,0,S6,2230.0,False,HEL,HEL,0.2299767852639656
2,5,5,2,1.0,1,0,0,1,5,1.0,0,0,1,0,0,0,0,0,0,1,1,0,0,0,0.4,0.4,1.0,1.4,0.6,0.3333333333333333,,0.2,0.2,0.0,1.0,0.0,,234.2,0.4,1.0,0.4056479454578896,-0.010100000000000003,2,0,MH,5,5,2,5,0,0,0,S6,2232.0,False,SUP,SUP,0.0576626668862145
1,1,1,0,0.0,0,0,0,0,0,0.0,0,0,1,1,0,0,0,0,0,0,0,0,0,0,0.0,0.0,0.0,0.0,0.0,,,0.0,1.0,0.0,,,,,0.0,0.0,-0.40153452685422,-0.0535,0,0,XB,1,1,0,0,0,0,0,S6,2234.0,False,PBA,PBA,-0.03673387821733689
8,24,23,9,8.0,1,4,0,4,25,10.0,1,0,5,0,0,0,0,0,0,3,2,4,0,0,0.391304347826087,0.4166666666666667,1.0869565217391304,1.5036231884057971,0.6956521739130435,0.35714285714285715,,0.16666666666666666,0.20833333333333334,0.041666666666666664,0.5555555555555556,0.4444444444444444,1.25,204.54166666666666,0.4166666666666667,1.0434782608695652,6.371700169414841,0.5655999999999999,5,4,BP,24,23,9,24,1,0,0,S6,2236.0,False,PHB,PHB,0.7192398041755267
3,7,7,1,0.0,0,1,0,0,2,0.0,0,0,2,2,0,0,0,0,0,0,1,1,2,0,0.14285714285714285,0.14285714285714285,0.2857142857142857,0.42857142857142855,0.14285714285714285,0.2,,0.0,0.2857142857142857,0.0,0.25,0.75,0.3333333333333333,264.4,0.14285714285714285,0.2857142857142857,-0.9616461486966742,-0.048799999999999996,1,3,XB,7,7,1,2,0,0,0,S6,2240.0,False,SAS,SAS,-0.07222759359307167
2,4,4,2,1.0,1,0,0,1,5,1.0,0,0,0,0,0,0,0,0,0,1,1,0,0,0,0.5,0.5,1.25,1.75,0.75,0.3333333333333333,,0.25,0.0,0.0,1.0,0.0,,246.25,0.5,1.25,0.8119911032618125,0.1184,2,0,WC,4,4,2,5,0,0,0,S6,2241.0,False,SGP,SGP,0.09487740819852167
7,17,17,5,3.0,0,3,0,2,14,6.0,0,0,3,0,0,0,0,0,0,1,2,3,3,0,0.29411764705882354,0.29411764705882354,0.8235294117647058,1.1176470588235294,0.5294117647058822,0.25,,0.11764705882352941,0.17647058823529413,0.0,0.3333333333333333,0.6666666666666666,0.5,232.05882352941177,0.29411764705882354,0.8235294117647058,2.793573635891071,0.25159999999999993,3,6,XB,17,17,5,14,0,0,0,S6,2242.0,False,SUP,SUP,0.33749012954655394
7,18,12,3,4.0,2,0,0,1,6,2.0,6,0,1,0,0,0,0,0,0,2,5,1,0,0,0.25,0.5,0.5,1.0,0.25,0.2,,0.05555555555555555,0.05555555555555555,0.3333333333333333,0.875,0.125,7.0,224.94444444444446,0.5,0.5,1.473111630141625,0.24949999999999994,7,1,MH,18,12,3,6,6,0,0,S6,2243.0,False,SGP,SGP,0.2088635034396944
1,3,3,0,0.0,0,0,0,0,0,0.0,0,0,2,2,0,0,0,0,0,0,0,1,0,0,0.0,0.0,0.0,0.0,0.0,0.0,,0.0,0.6666666666666666,0.0,0.0,1.0,0.0,205.0,0.0,0.0,-0.9830398718126345,-0.1199,0,1,WC,3,3,0,0,0,0,0,S6,2244.0,False,SLT,SLT,-0.08804526377700814
9,25,23,3,1.0,3,0,0,0,3,1.0,2,0,2,0,0,0,0,0,5,9,3,6,0,0,0.13043478260869565,0.2,0.13043478260869565,0.33043478260869563,0.0,0.14285714285714285,,0.0,0.08,0.08,0.7391304347826086,0.2608695652173913,2.8333333333333335,310.6,0.2,0.09090909090909091,-5.885691574226542,-0.6507999999999999,17,6,SM,25,22,2,2,3,0,0,S6,2246.0,False,MBT,MBT,-0.5030797957205266
1,1,1,0,0.0,0,0,0,0,0,0.0,0,0,1,1,0,0,0,0,0,0,0,0,0,0,0.0,0.0,0.0,0.0,0.0,,,0.0,1.0,0.0,,,,,0.0,0.0,-0.19068534128591136,-0.025099999999999997,0,0,TT,1,1,0,0,0,0,0,S6,2248.0,False,LIM,LIM,-0.01564895966050603
3,7,6,1,1.0,1,0,0,0,1,1.0,1,0,0,0,0,0,0,0,1,1,3,1,0,0,0.16666666666666666,0.2857142857142857,0.16666666666666666,0.45238095238095233,0.0,0.16666666666666666,,0.0,0.0,0.14285714285714285,0.8333333333333334,0.16666666666666666,5.0,299.85714285714283,0.2857142857142857,0.16666666666666666,-0.5543865022023733,-0.007900000000000018,5,1,MH,7,6,1,1,1,0,0,S6,2249.0,False,SUP,SUP,-0.031501628943641585
5,12,10,1,1.0,0,1,0,0,2,0.0,2,0,3,0,0,0,0,0,0,2,0,2,2,0,0.1,0.25,0.2,0.45,0.1,0.14285714285714285,,0.0,0.25,0.16666666666666666,0.3333333333333333,0.6666666666666666,0.5,280.75,0.16666666666666666,0.18181818181818182,-2.009426670304719,-0.2085,2,4,BN,12,11,1,2,1,0,0,S6,2251.0,False,LID,LID,-0.15990777341345064
10,26,25,8,7.0,4,2,1,1,15,2.0,1,0,9,0,2,0,0,0,0,1,4,1,2,0,0.32,0.34615384615384615,0.6,0.9461538461538461,0.27999999999999997,0.4666666666666667,1.0,0.038461538461538464,0.34615384615384615,0.038461538461538464,0.625,0.375,1.6666666666666667,275.4642857142857,0.34615384615384615,0.625,1.0598080630731401,0.32070000000000004,5,3,BC,26,24,7,15,2,0,0,S6,2252.0,False,2TM,PUK,0.19488974247752677
10,24,23,8,7.0,4,2,1,1,15,2.0,1,0,9,0,2,0,0,0,0,0,3,1,2,0,0.34782608695652173,0.375,0.6521739130434783,1.0271739130434783,0.30434782608695654,0.5384615384615384,1.0,0.041666666666666664,0.375,0.041666666666666664,0.5,0.5,1.0,262.03846153846155,0.375,0.6818181818181818,1.487077089645787,0.3841000000000001,3,3,BC,24,22,7,15,2,0,0,S6,2252.0,True,PUK,PUK,0.23077749619862126
1,2,2,0,0.0,0,0,0,0,0,0.0,0,0,0,0,0,0,0,0,0,1,1,0,0,0,0.0,0.0,0.0,0.0,0.0,0.0,,0.0,0.0,0.0,1.0,0.0,,450.0,0.0,0.0,-0.42726902657264687,-0.0634,2,0,BC,2,2,0,0,0,0,0,S6,2252.0,True,LIM,LIM,-0.03588775372109447
12,33,30,15,6.0,9,3,0,3,27,5.0,3,0,4,0,5,1,0,0,1,0,6,2,3,0,0.5,0.5454545454545454,0.9,1.4454545454545453,0.4,0.5217391304347826,0.8333333333333334,0.09090909090909091,0.12121212121212122,0.09090909090909091,0.5833333333333334,0.4166666666666667,1.4,214.02564102564102,0.45454545454545453,0.8709677419354839,3.2884172128862077,0.8572,7,5,BC,33,31,13,27,2,0,0,S6,2253.0,False,TTT,TTT,0.44168767873542925
10,29,25,10,2.0,6,3,1,0,15,2.0,4,0,2,0,0,1,0,0,0,6,3,2,2,0,0.4,0.4827586206896552,0.6,1.0827586206896551,0.19999999999999996,0.43478260869565216,0.0,0.0,0.06896551724137931,0.13793103448275862,0.6923076923076923,0.3076923076923077,2.25,232.43333333333334,0.41379310344827586,0.5925925925925926,1.7409701689851775,0.48430000000000006,9,4,1B,29,27,10,16,2,0,0,S6,2256.0,False,2TM,SUP,0.27326467647298586
4,9,7,3,1.0,3,0,0,0,3,1.0,2,0,1,0,0,1,0,0,0,2,0,0,1,0,0.42857142857142855,0.5555555555555556,0.42857142857142855,0.9841269841269842,0.0,0.5,0.0,0.0,0.1111111111111111,0.2222222222222222,0.6666666666666666,0.3333333333333333,2.0,226.3,0.4444444444444444,0.375,0.29166541610950847,-0.022699999999999984,2,1,1B,9,8,3,3,1,0,0,S6,2256.0,True,LIM,LIM,0.0599427118237168
8,20,18,7,1.0,3,3,1,0,12,1.0,2,0,1,0,0,0,0,0,0,4,3,2,1,0,0.3888888888888889,0.45,0.6666666666666666,1.1166666666666667,0.27777777777777773,0.4117647058823529,,0.0,0.05,0.1,0.7,0.3,2.3333333333333335,235.5,0.4,0.6842105263157895,1.4493047528756693,0.507,7,3,1B,20,19,7,13,1,0,0,S6,2256.0,True,SUP,SUP,0.21332196464926906
13,39,37,15,10.0,6,3,0,6,36,12.0,2,0,11,0,1,0,0,0,0,0,2,7,2,0,0.40540540540540543,0.4358974358974359,0.972972972972973,1.408870408870409,0.5675675675675675,0.45,1.0,0.15384615384615385,0.28205128205128205,0.05128205128205128,0.18181818181818182,0.8181818181818182,0.2222222222222222,181.125,0.4358974358974359,0.8611111111111112,7.25010753221846,0.7677,2,9,HK,39,36,14,31,3,0,0,S6,2258.0,False,PHB,PHB,0.8583741574771653
7,20,20,6,4.0,1,1,0,4,19,6.0,0,0,2,0,0,0,0,0,0,3,2,6,1,0,0.3,0.3,0.95,1.25,0.6499999999999999,0.14285714285714285,,0.2,0.1,0.0,0.4166666666666667,0.5833333333333334,0.7142857142857143,229.05,0.3,0.9,2.534033214577257,0.5205000000000001,5,7,BP,20,20,6,18,0,0,0,S6,2260.0,False,BBB,BBB,0.32179481081942785
3,9,8,3,1.0,1,1,1,0,6,1.0,1,0,1,0,0,0,0,0,0,0,1,2,1,0,0.375,0.4444444444444444,0.75,1.1944444444444444,0.375,0.42857142857142855,,0.0,0.1111111111111111,0.1111111111111111,0.25,0.75,0.3333333333333333,206.11111111111111,0.3333333333333333,0.5555555555555556,0.5522462274093509,0.02840000000000001,1,3,S,9,9,3,5,0,0,0,S6,2261.0,False,SUP,SUP,0.08600079295370104
11,32,30,8,5.0,5,2,0,1,13,2.0,2,0,6,0,0,0,0,0,1,2,5,4,5,0,0.26666666666666666,0.3125,0.43333333333333335,0.7458333333333333,0.16666666666666669,0.30434782608695654,,0.03125,0.1875,0.0625,0.47058823529411764,0.5294117647058824,0.8888888888888888,266.0625,0.3125,0.41379310344827586,-1.5153086233466095,-0.2376,8,9,SF,32,29,7,12,3,0,0,S6,2262.0,False,SAR,SAR,-0.04210447935593755
9,22,22,7,5.0,1,2,3,1,18,4.0,0,0,4,1,0,0,0,0,0,2,0,7,2,0,0.3181818181818182,0.3181818181818182,0.8181818181818182,1.1363636363636365,0.5,0.35294117647058826,,0.045454545454545456,0.18181818181818182,0.0,0.18181818181818182,0.8181818181818182,0.2222222222222222,207.42857142857142,0.3181818181818182,0.8181818181818182,2.498099864336125,0.255,2,9,S,22,22,7,18,0,0,0,S6,2274.0,False,FRG,FRG,0.3250406247314849
11,28,26,12,7.0,2,4,0,6,34,11.0,1,0,3,0,0,0,0,1,2,4,2,5,1,0,0.46153846153846156,0.4642857142857143,1.3076923076923077,1.771978021978022,0.8461538461538461,0.3333333333333333,,0.21428571428571427,0.10714285714285714,0.03571428571428571,0.5333333333333333,0.4666666666666667,1.1428571428571428,175.60714285714286,0.42857142857142855,1.1923076923076923,6.707498180084676,0.5469999999999999,8,7,MH,28,26,11,31,1,1,0,S6,2275.0,False,CIM,CIM,0.7664979031148506
5,16,12,1,1.0,0,1,0,0,2,0.0,4,0,7,1,0,2,0,0,0,1,2,0,1,0,0.08333333333333333,0.3125,0.16666666666666666,0.47916666666666663,0.08333333333333333,0.2,0.0,0.0,0.4375,0.25,0.75,0.25,3.0,301.4375,0.3125,0.16666666666666666,-3.4509182263982954,-0.5202,3,1,TT,16,12,1,2,4,0,0,S6,2276.0,False,BBB,BBB,-0.2903786311504678
10,28,25,5,5.0,0,3,0,2,14,3.0,3,0,6,1,0,0,0,0,0,4,0,4,6,0,0.2,0.2857142857142857,0.56,0.8457142857142858,0.36000000000000004,0.17647058823529413,,0.07142857142857142,0.21428571428571427,0.10714285714285714,0.2857142857142857,0.7142857142857143,0.4,264.48148148148147,0.2857142857142857,0.56,1.2233871970751997,0.5673999999999999,4,10,S,28,25,5,14,3,0,0,S6,2277.0,False,MVS,MVS,0.21808680481390294
4,10,9,2,0.0,2,0,0,0,2,0.0,1,0,0,0,0,0,0,0,0,0,2,1,4,0,0.2222222222222222,0.3,0.2222222222222222,0.5222222222222221,0.0,0.2222222222222222,,0.0,0.0,0.1,0.2857142857142857,0.7142857142857143,0.4,300.3,0.2,0.2,-0.716467827836134,0.017000000000000005,2,5,WC,10,10,2,2,0,0,0,S6,2281.0,False,POR,POR,-0.03745103810276234
5,13,13,2,2.0,0,0,0,2,8,2.0,0,0,3,0,0,0,0,0,0,1,1,2,4,0,0.15384615384615385,0.15384615384615385,0.6153846153846154,0.7692307692307693,0.46153846153846156,0.0,,0.15384615384615385,0.23076923076923078,0.0,0.25,0.75,0.3333333333333333,302.53846153846155,0.15384615384615385,0.6153846153846154,-0.2319128789419942,0.1737,2,6,BP,13,13,2,8,0,0,0,S6,2282.0,False,PBA,PBA,0.02126318019090696
9,22,21,4,3.0,0,1,0,3,14,8.0,1,0,8,0,0,0,0,0,0,1,2,3,3,0,0.19047619047619047,0.22727272727272727,0.6666666666666666,0.8939393939393939,0.47619047619047616,0.1,,0.13636363636363635,0.36363636363636365,0.045454545454545456,0.3333333333333333,0.6666666666666666,0.5,231.22727272727272,0.22727272727272727,0.6666666666666666,3.174481937264179,-0.2841,3,6,XB,22,21,4,14,1,0,0,S6,2285.0,False,SGP,SGP,0.3926788320242902
5,16,15,5,3.0,2,1,0,2,12,6.0,1,0,3,0,0,0,0,0,1,3,1,1,2,0,0.3333333333333333,0.375,0.8,1.175,0.46666666666666673,0.3,,0.125,0.1875,0.0625,0.625,0.375,1.6666666666666667,241.5,0.3125,0.875,1.9044488758805693,0.15590000000000004,5,3,SF,16,16,5,14,0,0,0,S6,2291.0,False,CWJ,CWJ,0.24515807907741866
6,14,12,3,2.0,2,1,0,0,4,0.0,2,0,3,1,1,0,0,0,2,1,1,3,1,0,0.25,0.35714285714285715,0.3333333333333333,0.6904761904761905,0.08333333333333331,0.3333333333333333,1.0,0.0,0.21428571428571427,0.14285714285714285,0.5,0.5,1.0,227.07142857142858,0.35714285714285715,0.38461538461538464,-1.7910122098710037,-0.314,4,4,BC,14,13,4,5,1,0,0,S6,2327.0,False,TAK,TAK,-0.13122717843390888
7,20,19,3,2.0,2,0,0,1,6,1.0,1,0,9,0,0,0,0,0,0,0,3,3,1,0,0.15789473684210525,0.2,0.3157894736842105,0.5157894736842106,0.15789473684210525,0.2222222222222222,,0.05,0.45,0.05,0.42857142857142855,0.5714285714285714,0.75,283.3,0.2,0.3157894736842105,-2.0108274994155906,-0.25849999999999995,3,4,BN,20,19,3,6,1,0,0,S6,2328.0,False,SGP,SGP,-0.13269126057985692
11,27,23,6,1.0,3,2,0,1,11,4.0,3,0,9,0,0,0,0,1,0,3,1,2,3,0,0.2608695652173913,0.3333333333333333,0.4782608695652174,0.8115942028985508,0.2173913043478261,0.35714285714285715,,0.037037037037037035,0.3333333333333333,0.1111111111111111,0.4,0.6,0.6666666666666666,252.88888888888889,0.3333333333333333,0.4782608695652174,0.4224479187343776,0.0888999999999999,4,6,TT,27,23,6,11,3,1,0,S6,2329.0,False,SAS,SAS,0.13457330251173563
14,36,33,12,6.0,5,4,1,2,24,5.0,3,0,3,0,0,1,0,0,1,4,4,7,3,0,0.36363636363636365,0.4166666666666667,0.7272727272727273,1.143939393939394,0.36363636363636365,0.35714285714285715,0.0,0.05555555555555555,0.08333333333333333,0.08333333333333333,0.47368421052631576,0.5263157894736842,0.9,231.94594594594594,0.3888888888888889,0.7352941176470589,0.6340690480255137,-0.11429999999999998,9,10,1B,36,34,12,25,2,0,0,S6,2332.0,False,TAK,TAK,0.1865115856536152
1,3,2,0,1.0,0,0,0,0,0,0.0,1,0,0,0,0,0,0,0,0,1,0,1,0,0,0.0,0.3333333333333333,0.0,0.3333333333333333,0.0,0.0,,0.0,0.0,0.3333333333333333,0.5,0.5,1.0,249.33333333333334,0.3333333333333333,0.0,-0.15591345296618964,0.0060999999999999995,1,1,XB,3,2,0,0,1,0,0,S6,2333.0,False,BAC,BAC,-0.005332621892363646
1,2,1,1,1.0,1,0,0,0,1,0.0,1,0,0,0,1,0,0,0,0,0,0,0,0,0,1.0,1.0,1.0,2.0,0.0,1.0,1.0,0.0,0.0,0.5,,,,143.0,1.0,1.0,0.66515285240987,0.0534,0,0,XB,2,0,0,,2,0,0,S6,2334.0,False,SUP,SUP,0.07335443417715722
4,11,11,4,2.0,2,0,0,2,10,2.0,0,0,0,0,0,0,0,0,1,2,2,3,0,0,0.36363636363636365,0.36363636363636365,0.9090909090909091,1.2727272727272727,0.5454545454545454,0.2222222222222222,,0.18181818181818182,0.0,0.0,0.625,0.375,1.6666666666666667,241.63636363636363,0.36363636363636365,0.9,0.641416093039836,0.05609999999999998,5,3,BC,11,10,3,9,1,0,0,S6,2335.0,False,JEF,JEF,0.10175692845291977
7,18,15,4,2.0,1,1,0,2,11,4.0,3,0,1,1,0,0,0,0,0,5,1,2,2,0,0.26666666666666666,0.3888888888888889,0.7333333333333333,1.1222222222222222,0.4666666666666666,0.16666666666666666,,0.1111111111111111,0.05555555555555555,0.16666666666666666,0.6,0.4,1.5,211.4375,0.3888888888888889,0.7333333333333333,2.6513449430193785,0.13979999999999995,6,4,MH,18,15,4,11,3,0,0,S6,2337.0,False,MVS,MVS,0.32668683472746973
5,14,14,5,4.0,0,2,1,2,15,4.0,0,0,1,0,0,0,0,0,1,2,2,4,0,0,0.35714285714285715,0.35714285714285715,1.0714285714285714,1.4285714285714286,0.7142857142857142,0.2727272727272727,,0.14285714285714285,0.07142857142857142,0.0,0.5555555555555556,0.4444444444444444,1.25,188.35714285714286,0.35714285714285715,1.0,2.1474699181198047,0.30779999999999996,5,4,MH,14,14,5,14,0,0,0,S6,2339.0,False,SUP,SUP,0.2626210343651719
3,9,9,1,0.0,0,1,0,0,2,0.0,0,0,1,1,0,0,0,0,1,2,1,2,2,0,0.1111111111111111,0.1111111111111111,0.2222222222222222,0.3333333333333333,0.1111111111111111,0.125,,0.0,0.1111111111111111,0.0,0.5,0.5,1.0,319.5,0.1111111111111111,0.2222222222222222,-2.3778437695399566,-0.5008,4,4,WC,9,9,1,2,0,0,0,S6,2340.0,False,CWJ,CWJ,-0.2070082067412297
13,32,28,3,1.0,3,0,0,0,3,0.0,4,0,6,1,0,0,0,0,2,5,2,8,4,0,0.10714285714285714,0.21875,0.10714285714285714,0.32589285714285715,0.0,0.13636363636363635,,0.0,0.1875,0.125,0.42857142857142855,0.5714285714285714,0.75,267.741935483871,0.21875,0.07407407407407407,-6.496262732957575,-0.6761999999999999,9,12,XB,32,27,2,2,5,0,0,S6,2341.0,False,TAK,TAK,-0.5401998903170341
2,4,4,1,0.0,1,0,0,0,1,0.0,0,0,1,0,0,0,0,0,0,1,0,0,1,0,0.25,0.25,0.25,0.5,0.0,0.3333333333333333,,0.0,0.25,0.0,0.5,0.5,1.0,269.75,0.25,0.25,-0.5443877420919783,-0.029999999999999992,1,1,BC,4,4,1,1,0,0,0,S6,2342.0,False,SUP,SUP,-0.0407604763368574
2,4,3,1,0.0,0,1,0,0,2,1.0,1,0,2,2,0,0,0,0,0,0,0,0,0,0,0.3333333333333333,0.5,0.6666666666666666,1.1666666666666665,0.3333333333333333,1.0,,0.0,0.5,0.25,,,,106.5,0.5,0.6666666666666666,0.7556450503837058,0.11880000000000002,0,0,EN,4,3,1,2,1,0,0,S6,2343.0,False,BAC,BAC,0.089242802910711
10,24,19,5,4.0,2,2,1,0,9,1.0,5,0,3,0,0,0,0,0,1,2,4,3,2,0,0.2631578947368421,0.4166666666666667,0.47368421052631576,0.8903508771929824,0.21052631578947367,0.3125,,0.0,0.125,0.20833333333333334,0.5833333333333334,0.4166666666666667,1.4,242.45833333333334,0.375,0.47619047619047616,-0.15853062190550193,0.09130000000000002,7,5,1B,24,21,6,10,3,0,0,S6,2344.0,False,MBT,MBT,0.06621672504349235
10,29,27,12,4.0,7,3,0,2,21,2.0,2,0,4,0,0,0,0,0,2,3,3,5,0,0,0.4444444444444444,0.4827586206896552,0.7777777777777778,1.260536398467433,0.33333333333333337,0.47619047619047616,,0.06896551724137931,0.13793103448275862,0.06896551724137931,0.6153846153846154,0.38461538461538464,1.6,205.55172413793105,0.41379310344827586,0.8148148148148148,1.7035422649323113,0.1608,8,5,BC,29,27,10,22,2,0,0,S6,2347.0,False,2TM,CWJ,0.2695218860676992
6,17,16,9,4.0,5,2,0,2,17,2.0,1,0,4,0,0,0,0,0,0,0,1,2,0,0,0.5625,0.5882352941176471,1.0625,1.6507352941176472,0.5,0.7,,0.11764705882352941,0.23529411764705882,0.058823529411764705,0.3333333333333333,0.6666666666666666,0.5,168.94117647058823,0.5294117647058824,1.0666666666666667,2.7620085747140695,0.2929,1,2,BC,17,15,7,16,2,0,0,S6,2347.0,True,LIM,LIM,0.33433362342885375
4,12,11,3,0.0,2,1,0,0,4,0.0,1,0,0,0,0,0,0,0,2,3,2,3,0,0,0.2727272727272727,0.3333333333333333,0.36363636363636365,0.696969696969697,0.09090909090909094,0.2727272727272727,,0.0,0.0,0.08333333333333333,0.7,0.3,2.3333333333333335,257.4166666666667,0.25,0.5,-1.0584663097817586,-0.1321,7,3,BC,12,12,3,6,0,0,0,S6,2347.0,True,CWJ,CWJ,-0.06481173736115459
13,33,30,8,5.0,2,4,1,1,17,4.0,2,0,2,0,2,1,0,1,0,2,5,5,9,0,0.26666666666666666,0.30303030303030304,0.5666666666666667,0.8696969696969696,0.3,0.25,0.6666666666666666,0.030303030303030304,0.06060606060606061,0.06060606060606061,0.3181818181818182,0.6818181818181818,0.4666666666666667,258.05555555555554,0.30303030303030304,0.4827586206896552,-1.7779794112559726,-0.5476999999999999,7,15,XB,33,29,7,14,3,1,0,S6,2349.0,False,HEL,HEL,-0.06495198367878877
3,6,6,2,1.0,0,2,0,0,4,0.0,0,0,1,0,0,0,0,0,0,0,1,2,0,0,0.3333333333333333,0.3333333333333333,0.6666666666666666,1.0,0.3333333333333333,0.4,,0.0,0.16666666666666666,0.0,0.3333333333333333,0.6666666666666666,0.5,219.66666666666666,0.3333333333333333,0.6666666666666666,-0.5081864692563911,-0.06819999999999998,1,2,1B,6,6,2,4,0,0,0,S6,2350.0,False,MVS,MVS,-0.030301200117128474
11,32,31,5,4.0,1,2,0,2,13,3.0,1,0,11,3,0,0,0,0,1,2,2,10,1,0,0.16129032258064516,0.1875,0.41935483870967744,0.6068548387096775,0.25806451612903225,0.16666666666666666,,0.0625,0.34375,0.03125,0.3125,0.6875,0.45454545454545453,249.24137931034483,0.1875,0.41935483870967744,-2.289360037600544,-0.4592,5,11,WC,32,31,5,13,1,0,0,S6,2351.0,False,PUK,PUK,-0.11950962078133098
7,18,17,2,3.0,1,0,0,1,5,1.0,1,0,3,1,1,0,0,0,1,5,3,3,1,0,0.11764705882352941,0.16666666666666666,0.29411764705882354,0.4607843137254902,0.17647058823529413,0.07692307692307693,1.0,0.05555555555555555,0.16666666666666666,0.05555555555555555,0.6923076923076923,0.3076923076923077,2.25,307.1666666666667,0.16666666666666666,0.3333333333333333,-2.0285331814478353,-0.12060000000000004,9,4,BC,18,18,3,6,0,0,0,S6,2353.0,False,AAL,AAL,-0.14130097771925162
10,30,27,9,3.0,6,2,0,1,14,2.0,3,0,5,0,0,0,0,0,1,4,3,3,3,0,0.3333333333333333,0.4,0.5185185185185185,0.9185185185185185,0.18518518518518517,0.38095238095238093,,0.03333333333333333,0.16666666666666666,0.1,0.5714285714285714,0.42857142857142855,1.3333333333333333,242.86666666666667,0.4,0.5555555555555556,-0.4904211245809618,0.16370000000000004,8,6,BC,30,27,9,15,3,0,0,S6,2354.0,False,2TM,LIM,0.05354512158445701
9,22,19,8,2.0,5,2,0,1,13,2.0,3,0,2,0,0,0,0,0,1,2,3,2,2,0,0.42105263157894735,0.5,0.6842105263157895,1.1842105263157894,0.26315789473684215,0.4375,,0.045454545454545456,0.09090909090909091,0.13636363636363635,0.6,0.4,1.5,226.3181818181818,0.5,0.7368421052631579,0.6914011142595144,0.296,6,4,BC,22,19,8,14,3,0,0,S6,2354.0,True,MPD,MPD,0.1443707497238238
4,8,8,1,1.0,1,0,0,0,1,0.0,0,0,3,0,0,0,0,0,0,2,0,1,1,0,0.125,0.125,0.125,0.25,0.0,0.2,,0.0,0.375,0.0,0.5,0.5,1.0,288.375,0.125,0.125,-1.1818222388404755,-0.1323,2,2,BC,8,8,1,1,0,0,0,S6,2354.0,True,LIM,LIM,-0.0908256281393667
6,17,11,2,3.0,0,0,0,2,8,2.0,6,0,2,1,0,0,0,0,0,2,1,1,3,0,0.18181818181818182,0.47058823529411764,0.7272727272727273,1.1978609625668448,0.5454545454545454,0.0,,0.11764705882352941,0.11764705882352941,0.35294117647058826,0.42857142857142855,0.5714285714285714,0.75,243.86666666666667,0.47058823529411764,0.7272727272727273,1.0786178296002553,0.25599999999999995,3,4,WC,17,11,2,8,6,0,0,S6,2356.0,False,SLT,SLT,0.16599454891747234
2,2,2,0,0.0,0,0,0,0,0,0.0,0,0,1,1,0,0,0,0,0,0,0,0,1,0,0.0,0.0,0.0,0.0,0.0,0.0,,0.0,0.5,0.0,0.0,1.0,0.0,343.0,0.0,0.0,-0.5886617325169401,-0.0686,0,1,WC,2,2,0,0,0,0,0,S6,2357.0,False,2TM,LIM,-0.05202702431552379
1,1,1,0,0.0,0,0,0,0,0,0.0,0,0,0,0,0,0,0,0,0,0,0,0,1,0,0.0,0.0,0.0,0.0,0.0,0.0,,0.0,0.0,0.0,0.0,1.0,0.0,343.0,0.0,0.0,-0.19068534128591136,-0.027200000000000002,0,1,WC,1,1,0,0,0,0,0,S6,2357.0,True,CWJ,CWJ,-0.01564895966050603
1,1,1,0,0.0,0,0,0,0,0,0.0,0,0,1,1,0,0,0,0,0,0,0,0,0,0,0.0,0.0,0.0,0.0,0.0,,,0.0,1.0,0.0,,,,,0.0,0.0,-0.3979763912310287,-0.0414,0,0,WC,1,1,0,0,0,0,0,S6,2357.0,True,LIM,LIM,-0.036378064655017764
5,13,13,2,2.0,1,0,0,1,5,3.0,0,0,3,0,0,0,0,0,0,2,1,4,1,0,0.15384615384615385,0.15384615384615385,0.38461538461538464,0.5384615384615385,0.23076923076923078,0.1111111111111111,,0.07692307692307693,0.23076923076923078,0.0,0.375,0.625,0.6,285.0,0.15384615384615385,0.25,-0.6541500914319662,-0.20220000000000005,3,5,BP,13,12,1,3,1,0,0,S6,2359.0,False,2TM,BAC,-0.020960541058090244
1,3,3,0,0.0,0,0,0,0,0,0.0,0,0,0,0,0,0,0,0,0,0,1,1,1,0,0.0,0.0,0.0,0.0,0.0,0.0,,0.0,0.0,0.0,0.3333333333333333,0.6666666666666666,0.5,332.6666666666667,0.0,0.0,-1.0766391533706947,-0.201,1,2,BP,3,3,0,0,0,0,0,S6,2359.0,True,SLT,SLT,-0.09740519193281415
4,10,10,2,2.0,1,0,0,1,5,3.0,0,0,3,0,0,0,0,0,0,2,0,3,0,0,0.2,0.2,0.5,0.7,0.3,0.16666666666666666,,0.1,0.3,0.0,0.4,0.6,0.6666666666666666,270.7,0.2,0.3333333333333333,0.42248906193872854,-0.001199999999999998,2,3,BP,10,9,1,3,1,0,0,S6,2359.0,True,BAC,BAC,0.07644465087472392
4,12,12,4,2.0,2,2,0,0,6,0.0,0,0,2,0,0,0,0,0,1,1,1,3,1,0,0.3333333333333333,0.3333333333333333,0.5,0.8333333333333333,0.16666666666666669,0.4,,0.0,0.16666666666666666,0.0,0.42857142857142855,0.5714285714285714,0.75,230.58333333333334,0.3333333333333333,0.5,-0.6692286028707648,0.047200000000000006,3,4,BC,12,12,4,6,0,0,0,S6,2362.0,False,BAC,BAC,-0.025887966670055208
6,15,14,6,4.0,1,4,0,1,13,2.0,1,0,2,0,0,0,0,0,0,1,0,1,4,0,0.42857142857142855,0.4666666666666667,0.9285714285714286,1.3952380952380952,0.5,0.45454545454545453,,0.06666666666666667,0.13333333333333333,0.06666666666666667,0.16666666666666666,0.8333333333333334,0.2,209.0,0.4,0.8571428571428571,0.9528358214921232,0.014999999999999972,1,5,XB,15,14,5,12,1,0,0,S6,2363.0,False,PBA,PBA,0.1465771991704889
9,23,22,6,0.0,4,1,1,0,9,2.0,1,0,2,1,0,0,0,0,2,4,5,2,3,0,0.2727272727272727,0.30434782608695654,0.4090909090909091,0.7134387351778657,0.1363636363636364,0.3,,0.0,0.08695652173913043,0.043478260869565216,0.6875,0.3125,2.2,288.40909090909093,0.2608695652173913,0.34782608695652173,-1.3360102643023608,-0.06880000000000004,11,5,BC,23,23,6,8,0,0,0,S6,2364.0,False,LID,LID,-0.05495081366427863
6,15,14,3,3.0,1,0,0,2,9,2.0,1,0,1,0,0,0,0,0,1,3,2,3,2,0,0.21428571428571427,0.26666666666666666,0.6428571428571429,0.9095238095238096,0.4285714285714286,0.09090909090909091,,0.13333333333333333,0.06666666666666667,0.06666666666666667,0.5454545454545454,0.45454545454545453,1.2,269.73333333333335,0.2,0.6,-0.24113350138546813,0.0163,6,5,BC,15,15,3,9,0,0,0,S6,2365.0,False,4TM,PHB,0.02718026688272978
2,6,5,1,2.0,0,0,0,1,4,1.0,1,0,0,0,0,0,0,0,0,1,0,1,2,0,0.2,0.3333333333333333,0.8,1.1333333333333333,0.6000000000000001,0.0,,0.16666666666666666,0.0,0.16666666666666666,0.25,0.75,0.3333333333333333,259.0,0.16666666666666666,0.6666666666666666,0.7159530863238319,0.0729,1,3,BC,6,6,1,4,0,0,0,S6,2365.0,True,TAK,TAK,0.09211275544089384
1,1,1,0,0.0,0,0,0,0,0,0.0,0,0,1,0,0,0,0,0,0,0,0,0,0,0,0.0,0.0,0.0,0.0,0.0,,,0.0,1.0,0.0,,,,327.0,0.0,0.0,-0.23584102278634067,-0.0521,0,0,BC,1,1,0,0,0,0,0,S6,2365.0,True,LIM,LIM,-0.02016452781054896
1,3,3,2,1.0,1,0,0,1,5,1.0,0,0,0,0,0,0,0,0,1,1,0,0,0,0,0.6666666666666666,0.6666666666666666,1.6666666666666667,2.3333333333333335,1.0,0.5,,0.3333333333333333,0.0,0.0,1.0,0.0,,139.66666666666666,0.6666666666666666,1.6666666666666667,0.24730511363903052,0.0824,2,0,BC,3,3,2,5,0,0,0,S6,2365.0,True,LMN,LMN,0.03498923476815837
2,5,5,0,0.0,0,0,0,0,0,0.0,0,0,0,0,0,0,0,0,0,1,2,2,0,0,0.0,0.0,0.0,0.0,0.0,0.0,,0.0,0.0,0.0,0.6,0.4,1.5,349.2,0.0,0.0,-0.9685506785619902,-0.0869,3,2,BC,5,5,0,0,0,0,0,S6,2365.0,True,PHB,PHB,-0.07975719551577348
12,32,30,8,5.0,1,2,0,5,25,12.0,2,1,10,0,0,0,0,0,1,0,4,8,0,0,0.26666666666666666,0.3125,0.8333333333333334,1.1458333333333335,0.5666666666666667,0.2,,0.15625,0.3125,0.0625,0.38461538461538464,0.6153846153846154,0.625,231.2258064516129,0.3125,0.8333333333333334,4.8068768436159,0.4097,5,8,TT,32,30,8,25,2,0,0,S6,2367.0,False,WWC,WWC,0.5901140673403134
9,25,22,5,3.0,3,2,0,0,7,1.0,3,0,4,0,0,0,0,0,2,2,6,5,0,0,0.22727272727272727,0.32,0.3181818181818182,0.6381818181818182,0.09090909090909091,0.2777777777777778,,0.0,0.16,0.12,0.6666666666666666,0.3333333333333333,2.0,268.04,0.32,0.3181818181818182,-2.2505042374576116,0.023899999999999946,10,5,1B,25,22,5,7,3,0,0,S6,2368.0,False,WWC,WWC,-0.13956106204363353
10,26,24,7,4.0,3,1,1,2,16,5.0,2,0,6,0,0,0,0,0,0,4,1,4,2,0,0.2916666666666667,0.34615384615384615,0.6666666666666666,1.0128205128205128,0.37499999999999994,0.3125,,0.07692307692307693,0.23076923076923078,0.07692307692307693,0.45454545454545453,0.5454545454545454,0.8333333333333334,236.03846153846155,0.34615384615384615,0.6666666666666666,1.1826860815698934,-0.07770000000000005,5,6,BP,26,24,7,16,2,0,0,S6,2371.0,False,HEL,HEL,0.2071775443272021
7,20,19,4,3.0,1,0,0,3,13,5.0,1,0,2,0,0,0,0,0,2,4,6,3,0,0,0.21052631578947367,0.25,0.6842105263157895,0.9342105263157895,0.4736842105263158,0.07142857142857142,,0.15,0.1,0.05,0.8,0.2,4.0,272.7,0.25,0.6842105263157895,0.2588080065811374,0.061999999999999986,12,3,MH,20,19,4,13,1,0,0,S6,2372.0,False,JEF,JEF,0.09427229001981588
14,34,33,6,2.0,2,2,0,2,14,7.0,1,0,8,1,0,0,0,0,3,9,4,2,4,0,0.18181818181818182,0.20588235294117646,0.42424242424242425,0.6301247771836007,0.24242424242424243,0.17391304347826086,,0.058823529411764705,0.23529411764705882,0.029411764705882353,0.7272727272727273,0.2727272727272727,2.6666666666666665,293.4848484848485,0.20588235294117646,0.42424242424242425,-0.27814770949971196,-0.254,16,6,EN,34,33,6,14,1,0,0,S6,2373.0,False,LIM,LIM,0.08845076096492241
10,26,23,6,3.0,2,2,0,2,14,5.0,3,0,4,1,0,0,0,0,1,2,1,6,4,0,0.2608695652173913,0.34615384615384615,0.6086956521739131,0.9548494983277592,0.3478260869565218,0.23529411764705882,,0.07692307692307693,0.15384615384615385,0.11538461538461539,0.2857142857142857,0.7142857142857143,0.4,204.54166666666666,0.34615384615384615,0.6086956521739131,1.5655088838809732,0.19110000000000002,4,10,XB,26,23,6,14,3,0,0,S6,2374.0,False,LIM,LIM,0.24545982455831009
5,14,14,2,1.0,2,0,0,0,2,1.0,0,0,2,0,0,0,0,0,0,1,2,6,1,0,0.14285714285714285,0.14285714285714285,0.14285714285714285,0.2857142857142857,0.0,0.16666666666666666,,0.0,0.14285714285714285,0.0,0.3,0.7,0.42857142857142855,282.14285714285717,0.14285714285714285,0.14285714285714285,-1.9307557039833072,-0.38160000000000005,3,7,BP,14,14,2,2,0,0,0,S6,2375.0,False,BBB,BBB,-0.14520152784513923
8,22,21,4,3.0,0,1,0,3,14,4.0,1,0,3,0,0,0,0,0,3,4,1,7,2,0,0.19047619047619047,0.22727272727272727,0.6666666666666666,0.8939393939393939,0.47619047619047616,0.06666666666666667,,0.13636363636363635,0.13636363636363635,0.045454545454545456,0.47058823529411764,0.5294117647058824,0.8888888888888888,243.63636363636363,0.22727272727272727,0.6666666666666666,-1.943062345687194,-0.3235,8,9,BC,22,21,4,14,1,0,0,S6,2376.0,False,2TM,SUP,-0.11907559627084705
6,16,16,3,3.0,0,0,0,3,12,4.0,0,0,1,0,0,0,0,0,2,2,1,7,2,0,0.1875,0.1875,0.75,0.9375,0.5625,0.0,,0.1875,0.0625,0.0,0.35714285714285715,0.6428571428571429,0.5555555555555556,234.25,0.1875,0.75,-1.3761148347167553,-0.1859,5,9,BC,16,16,3,12,0,0,0,S6,2376.0,True,LIM,LIM,-0.08289829198231383
2,6,5,1,0.0,0,1,0,0,2,0.0,1,0,2,0,0,0,0,0,1,2,0,0,0,0,0.2,0.3333333333333333,0.4,0.7333333333333334,0.2,0.3333333333333333,,0.0,0.3333333333333333,0.16666666666666666,1.0,0.0,,268.6666666666667,0.3333333333333333,0.4,-0.5669475109704389,-0.1376,3,0,BC,6,5,1,2,1,0,0,S6,2376.0,True,SUP,SUP,-0.03617730428853326
10,25,22,6,2.0,1,2,3,0,14,2.0,3,0,5,0,0,1,0,0,1,1,1,8,1,0,0.2727272727272727,0.36,0.6363636363636364,0.9963636363636363,0.36363636363636365,0.35294117647058826,0.0,0.0,0.2,0.12,0.25,0.75,0.3333333333333333,216.80769230769232,0.36,0.6363636363636364,-2.3903935201312967,-0.49670000000000003,3,9,S,25,22,6,14,3,0,0,S6,2377.0,False,HEL,HEL,-0.15354999031100203
8,21,14,5,4.0,4,1,0,0,6,2.0,7,0,1,0,1,2,0,0,1,1,3,3,1,0,0.35714285714285715,0.5714285714285714,0.42857142857142855,1.0,0.0714285714285714,0.38461538461538464,0.3333333333333333,0.0,0.047619047619047616,0.3333333333333333,0.5555555555555556,0.4444444444444444,1.25,219.875,0.47619047619047616,0.4375,1.2089726872767939,0.3113,5,4,1B,21,16,5,7,5,0,0,S6,2379.0,False,TTT,TTT,0.1927083325574666
12,34,28,8,9.0,4,1,0,3,18,4.0,5,0,3,2,0,0,0,1,1,4,4,5,5,0,0.2857142857142857,0.38235294117647056,0.6428571428571429,1.0252100840336134,0.3571428571428572,0.21739130434782608,,0.08823529411764706,0.08823529411764706,0.14705882352941177,0.45,0.55,0.8181818181818182,254.71875,0.3235294117647059,0.6129032258064516,0.5757535044596855,0.2025,9,11,WC,34,31,8,19,3,0,0,S6,2380.0,False,PUK,PUK,0.17384088236086218
9,27,25,6,5.0,2,2,1,1,13,4.0,1,0,4,0,0,0,0,1,2,4,4,4,4,0,0.24,0.25925925925925924,0.52,0.7792592592592593,0.28,0.23809523809523808,,0.037037037037037035,0.14814814814814814,0.037037037037037035,0.5263157894736842,0.47368421052631576,1.1111111111111112,266.8888888888889,0.25925925925925924,0.48,-0.960164804413369,-0.28940000000000005,10,9,EN,27,25,6,12,1,1,0,S6,2381.0,False,PBA,PBA,-0.0036879698030390373
8,21,20,3,3.0,1,1,0,1,7,2.0,0,0,8,1,0,0,0,1,0,1,1,6,2,0,0.15,0.14285714285714285,0.35,0.4928571428571428,0.19999999999999998,0.16666666666666666,,0.047619047619047616,0.38095238095238093,0.0,0.18181818181818182,0.8181818181818182,0.2222222222222222,264.95,0.14285714285714285,0.35,-2.869694476692733,-0.27409999999999995,2,9,BP,21,20,3,7,0,1,0,S6,2383.0,False,FRG,FRG,-0.21515838383948607
7,20,18,7,2.0,6,0,0,1,10,5.0,2,0,1,0,0,0,0,0,1,2,1,4,3,0,0.3888888888888889,0.45,0.5555555555555556,1.0055555555555555,0.16666666666666669,0.375,,0.05,0.05,0.1,0.36363636363636365,0.6363636363636364,0.5714285714285714,227.9,0.45,0.5555555555555556,1.9357524740255418,0.32489999999999997,4,7,WC,20,18,7,10,2,0,0,S6,2384.0,False,TTT,TTT,0.2619667367642563
11,27,26,7,3.0,0,4,1,2,19,4.0,1,0,8,0,0,0,0,0,0,2,1,3,5,0,0.2692307692307692,0.2962962962962963,0.7307692307692307,1.0270655270655271,0.4615384615384615,0.3125,,0.07407407407407407,0.2962962962962963,0.037037037037037035,0.2727272727272727,0.7272727272727273,0.375,224.2962962962963,0.2962962962962963,0.7307692307692307,-1.0640489895808636,0.061199999999999956,3,8,XB,27,26,7,19,1,0,0,S6,2385.0,False,TAK,TAK,-0.014076388319788491
3,9,8,1,1.0,0,0,0,1,4,2.0,1,0,0,0,0,0,0,0,0,1,1,4,1,0,0.125,0.2222222222222222,0.5,0.7222222222222222,0.375,0.0,,0.1111111111111111,0.0,0.1111111111111111,0.2857142857142857,0.7142857142857143,0.4,255.66666666666666,0.2222222222222222,0.5,0.08400828290295242,-0.017699999999999973,2,5,WC,9,8,1,4,1,0,0,S6,2386.0,False,SUP,SUP,0.0391769985030612
8,23,19,4,2.0,3,0,0,1,7,2.0,4,0,3,0,0,0,0,0,2,3,3,2,4,0,0.21052631578947367,0.34782608695652173,0.3684210526315789,0.7162471395881007,0.15789473684210525,0.2,,0.043478260869565216,0.13043478260869565,0.17391304347826086,0.5714285714285714,0.42857142857142855,1.3333333333333333,261.04347826086956,0.30434782608695654,0.45,-1.211721472882735,-0.1768,8,6,SF,23,20,4,9,3,0,0,S6,2388.0,False,SLT,SLT,-0.04252193452231605
13,35,32,10,8.0,7,1,0,2,17,5.0,3,0,10,0,0,0,0,0,1,3,1,6,2,0,0.3125,0.37142857142857144,0.53125,0.9026785714285714,0.21875,0.4,,0.05714285714285714,0.2857142857142857,0.08571428571428572,0.38461538461538464,0.6153846153846154,0.625,238.27272727272728,0.37142857142857144,0.5625,0.06639629178700951,0.28119999999999995,5,8,BP,35,32,10,18,3,0,0,S6,2389.0,False,WWC,WWC,0.12632473556167967
4,12,12,3,0.0,2,1,0,0,4,0.0,0,0,1,0,1,0,0,0,1,3,2,1,2,0,0.25,0.25,0.3333333333333333,0.5833333333333333,0.08333333333333331,0.2727272727272727,1.0,0.0,0.08333333333333333,0.0,0.6666666666666666,0.3333333333333333,2.0,307.0769230769231,0.25,0.3333333333333333,-1.793737364858902,-0.22299999999999998,6,3,XB,12,12,3,4,0,0,0,S6,2393.0,False,SAS,SAS,-0.1383388428688689
10,25,23,9,3.0,7,2,0,0,11,0.0,2,1,3,0,0,0,0,0,1,1,1,1,8,0,0.391304347826087,0.44,0.4782608695652174,0.9182608695652175,0.08695652173913043,0.45,,0.0,0.12,0.08,0.25,0.75,0.3333333333333333,226.91666666666666,0.44,0.4782608695652174,-1.6181257034993863,-0.3012,3,9,SF,25,23,9,11,2,0,0,S6,2394.0,False,WWC,WWC,-0.07632320864781098
9,19,19,6,5.0,2,1,0,3,16,6.0,0,0,4,0,0,0,0,0,0,2,4,3,0,0,0.3157894736842105,0.3157894736842105,0.8421052631578947,1.1578947368421053,0.5263157894736842,0.25,,0.15789473684210525,0.21052631578947367,0.0,0.6666666666666666,0.3333333333333333,2.0,227.6315789473684,0.3157894736842105,0.7368421052631579,2.5098899865035573,0.191,6,3,MH,19,19,6,14,0,0,0,S6,2397.0,False,CBC,CBC,0.31596091354397277
5,12,12,3,2.0,1,1,0,1,7,2.0,0,0,4,1,0,0,0,0,1,1,1,2,1,0,0.25,0.25,0.5833333333333334,0.8333333333333334,0.33333333333333337,0.2857142857142857,,0.08333333333333333,0.3333333333333333,0.0,0.5,0.5,1.0,257.3636363636364,0.25,0.5833333333333334,-0.3380949166932488,0.006000000000000005,3,3,BP,12,12,3,7,0,0,0,S6,2452.0,False,CIM,CIM,0.007225401947696391
6,18,17,3,1.0,2,1,0,0,4,1.0,1,0,9,0,0,0,0,0,0,0,0,3,2,0,0.17647058823529413,0.2222222222222222,0.23529411764705882,0.45751633986928103,0.05882352941176469,0.375,,0.0,0.5,0.05555555555555555,0.0,1.0,0.0,243.55555555555554,0.2222222222222222,0.29411764705882354,-3.2851321479723152,-0.3335,0,5,TT,18,17,3,5,1,0,0,S6,2455.0,False,MPD,MPD,-0.26696087437169963
14,39,32,5,5.0,2,1,0,2,12,2.0,7,0,10,3,0,1,0,0,0,3,0,13,1,0,0.15625,0.3076923076923077,0.375,0.6826923076923077,0.21875,0.15,0.0,0.05128205128205128,0.2564102564102564,0.1794871794871795,0.17647058823529413,0.8235294117647058,0.21428571428571427,251.7027027027027,0.28205128205128205,0.34375,-1.2446268471407873,-0.2395,3,14,SM,39,32,4,11,7,0,0,S6,2456.0,False,PUK,PUK,0.00890071954124041
8,20,18,9,5.0,4,2,1,2,19,4.0,2,0,2,0,0,0,0,0,0,3,1,2,1,0,0.5,0.55,1.0555555555555556,1.6055555555555556,0.5555555555555556,0.5,,0.1,0.1,0.1,0.5714285714285714,0.42857142857142855,1.3333333333333333,198.55,0.55,1.0555555555555556,3.807619453996013,0.6985000000000001,4,3,BN,20,18,9,19,2,0,0,S6,2457.0,False,MPD,MPD,0.4491534347613034
7,17,16,7,2.0,5,1,0,1,11,2.0,1,0,2,2,0,1,0,0,1,1,2,3,1,0,0.4375,0.47058823529411764,0.6875,1.1580882352941178,0.25,0.46153846153846156,0.0,0.058823529411764705,0.11764705882352941,0.058823529411764705,0.5,0.5,1.0,227.8,0.47058823529411764,0.6875,-0.5607520699460031,-0.17820000000000005,4,4,BC,17,16,7,11,1,0,0,S6,2458.0,False,BBB,BBB,0.0020575589628464954
7,21,20,4,1.0,2,1,0,1,8,1.0,1,0,3,0,0,0,0,0,1,4,2,5,2,0,0.2,0.23809523809523808,0.4,0.638095238095238,0.2,0.1875,,0.047619047619047616,0.14285714285714285,0.047619047619047616,0.5,0.5,1.0,269.6666666666667,0.19047619047619047,0.38095238095238093,-2.2713813644412237,-0.16340000000000002,7,7,WC,21,21,4,8,0,0,0,S6,2460.0,False,RBD,RBD,-0.15532707261433515
3,8,7,1,1.0,1,0,0,0,1,0.0,1,0,1,1,0,0,0,0,0,1,0,3,1,0,0.14285714285714285,0.25,0.14285714285714285,0.39285714285714285,0.0,0.16666666666666666,,0.0,0.125,0.125,0.2,0.8,0.25,251.14285714285714,0.25,0.14285714285714285,-0.9362478287806544,-0.12240000000000001,1,4,SF,8,7,1,1,1,0,0,S6,2462.0,False,SAS,SAS,-0.06626818713338459
7,16,13,1,3.0,0,0,0,1,4,1.0,3,0,2,1,0,0,0,0,1,2,2,5,1,0,0.07692307692307693,0.25,0.3076923076923077,0.5576923076923077,0.23076923076923078,0.0,,0.0625,0.125,0.1875,0.45454545454545453,0.5454545454545454,0.8333333333333334,267.06666666666666,0.1875,0.35714285714285715,-1.7772333425181301,-0.1111,5,6,WC,16,14,2,5,1,1,0,S6,2463.0,False,2TM,LIM,-0.1230101427624513
5,13,10,1,3.0,0,0,0,1,4,1.0,3,0,1,0,0,0,0,0,0,2,1,4,1,0,0.1,0.3076923076923077,0.4,0.7076923076923077,0.30000000000000004,0.0,,0.07692307692307693,0.07692307692307693,0.23076923076923078,0.375,0.625,0.6,250.84615384615384,0.23076923076923078,0.45454545454545453,-0.5514228589003043,0.048900000000000006,3,5,WC,13,11,2,5,1,1,0,S6,2463.0,True,MVS,MVS,-0.01068781780492405
2,3,3,0,0.0,0,0,0,0,0,0.0,0,0,1,1,0,0,0,0,1,0,1,1,0,0,0.0,0.0,0.0,0.0,0.0,0.0,,0.0,0.3333333333333333,0.0,0.6666666666666666,0.3333333333333333,2.0,372.5,0.0,0.0,-1.2258104836178263,-0.16,2,1,WC,3,3,0,0,0,0,0,S6,2463.0,True,LIM,LIM,-0.11232232495752732
3,6,5,2,1.0,1,0,0,1,5,1.0,1,0,2,1,1,0,0,0,0,0,0,1,0,0,0.4,0.5,1.0,1.5,0.6,0.5,1.0,0.16666666666666666,0.3333333333333333,0.16666666666666666,0.0,1.0,0.0,147.5,0.5,1.0,0.9885863121314333,0.05620000000000001,0,1,BN,6,5,2,5,1,0,0,S6,2464.0,False,BBB,BBB,0.11937607802165398
2,6,4,2,2.0,1,0,0,1,5,3.0,2,0,2,1,0,0,0,0,0,0,0,0,0,0,0.5,0.6666666666666666,1.25,1.9166666666666665,0.75,1.0,,0.16666666666666666,0.3333333333333333,0.3333333333333333,,,,134.8,0.5,1.0,3.0637042865510202,0.2879,0,0,BP,6,4,1,4,2,0,0,S6,2467.0,False,SLT,SLT,0.32688787546361264
5,13,11,1,2.0,1,0,0,0,1,0.0,2,0,5,1,1,0,0,0,0,1,0,4,0,0,0.09090909090909091,0.23076923076923078,0.09090909090909091,0.32167832167832167,0.0,0.16666666666666666,1.0,0.0,0.38461538461538464,0.15384615384615385,0.2,0.8,0.25,215.6153846153846,0.23076923076923078,0.09090909090909091,-1.2982628613890408,-0.1424,1,4,BP,13,11,1,1,2,0,0,S6,2468.0,False,TAK,TAK,-0.0853718180537977
2,4,4,1,0.0,1,0,0,0,1,0.0,0,0,1,0,0,0,0,0,0,0,0,2,0,0,0.25,0.25,0.25,0.5,0.0,0.3333333333333333,,0.0,0.25,0.0,0.0,1.0,0.0,189.75,0.25,0.25,-0.615137057481502,-0.08650000000000002,0,2,BC,4,4,1,1,0,0,0,S6,2469.0,False,SUP,SUP,-0.047835407875809775
11,31,29,5,3.0,1,2,1,1,12,3.0,2,0,5,0,0,0,0,0,1,2,3,10,4,0,0.1724137931034483,0.22580645161290322,0.41379310344827586,0.639599555061179,0.24137931034482757,0.17391304347826086,,0.03225806451612903,0.16129032258064516,0.06451612903225806,0.3,0.7,0.42857142857142855,254.90322580645162,0.25806451612903225,0.39285714285714285,-2.250785595867808,-0.4445,6,14,S,31,28,5,11,3,0,0,S6,2470.0,False,HEL,HEL,-0.1190717510761425
7,17,15,3,2.0,2,1,0,0,4,1.0,1,0,1,0,1,0,0,1,0,5,1,4,2,0,0.2,0.23529411764705882,0.26666666666666666,0.5019607843137255,0.06666666666666665,0.2,1.0,0.0,0.058823529411764705,0.058823529411764705,0.46153846153846156,0.5384615384615384,0.8571428571428571,253.66666666666666,0.23529411764705882,0.375,-1.2017945620168449,-0.07930000000000001,6,7,SF,17,16,3,6,1,0,0,S6,2472.0,False,2TM,SAS,-0.06204669024423768
4,9,7,2,2.0,1,1,0,0,3,1.0,1,0,1,0,1,0,0,1,0,3,0,2,0,0,0.2857142857142857,0.3333333333333333,0.42857142857142855,0.7619047619047619,0.14285714285714285,0.2857142857142857,1.0,0.0,0.1111111111111111,0.1111111111111111,0.5,0.5,1.0,215.7,0.3333333333333333,0.625,-0.10912856327828141,0.020899999999999995,3,3,SF,9,8,2,5,1,0,0,S6,2472.0,True,PHB,PHB,0.019863313884937818
3,8,8,1,0.0,1,0,0,0,1,0.0,0,0,0,0,0,0,0,0,0,2,1,2,2,0,0.125,0.125,0.125,0.25,0.0,0.125,,0.0,0.0,0.0,0.42857142857142855,0.5714285714285714,0.75,301.125,0.125,0.125,-1.0926659987385634,-0.1002,3,4,SF,8,8,1,1,0,0,0,S6,2472.0,True,SAS,SAS,-0.08191000412917548
6,15,9,4,3.0,2,0,1,1,9,3.0,6,0,2,0,0,2,0,0,0,0,0,2,1,0,0.4444444444444444,0.6666666666666666,1.0,1.6666666666666665,0.5555555555555556,0.5,0.0,0.06666666666666667,0.13333333333333333,0.4,0.0,1.0,0.0,184.05882352941177,0.6,0.9,3.0793433256935527,0.4506,0,3,WC,15,10,4,9,5,0,0,S6,2474.0,False,TAK,TAK,0.35922794959063187
6,16,13,3,3.0,1,0,0,2,9,3.0,3,0,6,0,0,0,0,0,0,0,0,3,1,0,0.23076923076923078,0.375,0.6923076923076923,1.0673076923076923,0.4615384615384615,0.2,,0.125,0.375,0.1875,0.0,1.0,0.0,212.625,0.375,0.6153846153846154,0.3738202839322904,0.41380000000000006,0,4,TT,16,13,3,8,3,0,0,S6,2476.0,False,BAC,BAC,0.09209521988259074
2,2,2,0,0.0,0,0,0,0,0,0.0,0,0,1,0,0,0,0,0,0,0,1,0,0,0,0.0,0.0,0.0,0.0,0.0,0.0,,0.0,0.5,0.0,1.0,0.0,,384.0,0.0,0.0,-0.8842931475438751,-0.1533,1,0,SF,2,2,0,0,0,0,0,S6,2478.0,False,BAC,BAC,-0.08159016581821729
6,17,14,1,1.0,1,0,0,0,1,2.0,3,0,4,0,0,0,0,0,0,1,0,6,2,0,0.07142857142857142,0.23529411764705882,0.07142857142857142,0.3067226890756303,0.0,0.1,,0.0,0.23529411764705882,0.17647058823529413,0.1111111111111111,0.8888888888888888,0.125,248.88235294117646,0.17647058823529413,0.06666666666666667,-1.370316856786359,0.3356999999999999,1,8,WC,17,15,1,1,2,0,0,S6,2479.0,False,BAC,BAC,-0.07889891972118909
3,6,6,3,2.0,1,0,0,2,9,5.0,0,0,1,0,0,0,0,0,0,1,0,1,0,0,0.5,0.5,1.5,2.0,1.0,0.3333333333333333,,0.3333333333333333,0.16666666666666666,0.0,0.5,0.5,1.0,149.5,0.5,1.5,3.5542111292108576,0.4447,1,1,1B,6,6,3,9,0,0,0,S6,2483.0,False,TTT,TTT,0.3759385597295964
4,7,7,2,1.0,1,0,1,0,4,2.0,0,0,1,1,0,0,0,0,0,0,2,1,1,0,0.2857142857142857,0.2857142857142857,0.5714285714285714,0.8571428571428571,0.2857142857142857,0.3333333333333333,,0.0,0.14285714285714285,0.0,0.5,0.5,1.0,293.0,0.2857142857142857,0.5714285714285714,0.4974328957802159,0.031200000000000012,2,2,BN,7,7,2,4,0,0,0,S6,2484.0,False,POR,POR,0.07368031085461732
2,2,2,1,0.0,1,0,0,0,1,0.0,0,0,0,0,0,0,0,0,0,0,0,0,1,0,0.5,0.5,0.5,1.0,0.0,0.5,,0.0,0.0,0.0,0.0,1.0,0.0,208.0,0.5,0.5,-0.21081720290926714,0.0479,0,1,BC,2,2,1,1,0,0,0,S6,2487.0,False,PHB,PHB,-0.014242571354756501
2,6,6,2,1.0,2,0,0,0,2,0.0,0,0,1,0,0,1,0,0,0,0,0,1,2,0,0.3333333333333333,0.3333333333333333,0.3333333333333333,0.6666666666666666,0.0,0.4,0.0,0.0,0.16666666666666666,0.0,0.0,1.0,0.0,256.2857142857143,0.3333333333333333,0.3333333333333333,-0.9533598039863236,-0.16349999999999998,0,3,BN,6,6,2,2,0,0,0,S6,2488.0,False,BAC,BAC,-0.07481853359012172
2,5,4,1,1.0,0,0,1,0,3,1.0,1,0,0,0,0,0,0,0,0,0,1,2,0,0,0.25,0.4,0.75,1.15,0.5,0.25,,0.0,0.0,0.2,0.3333333333333333,0.6666666666666666,0.5,215.2,0.4,0.5,1.141830751740635,0.07740000000000001,1,2,S,5,4,1,2,1,0,0,S6,2489.0,False,TAK,TAK,0.13128094751448902
1,3,2,0,1.0,0,0,0,0,0,0.0,1,0,1,0,1,0,0,0,0,0,0,1,0,0,0.0,0.3333333333333333,0.0,0.3333333333333333,0.0,0.0,1.0,0.0,0.3333333333333333,0.3333333333333333,0.0,1.0,0.0,243.75,0.3333333333333333,0.0,0.020022978453064777,-0.0213,0,1,WC,3,2,0,0,1,0,0,S6,2490.0,False,PHB,PHB,0.012261021249561795
1,2,2,1,0.0,0,1,0,0,2,0.0,0,0,0,0,0,0,0,0,0,0,1,0,0,0,0.5,0.5,1.0,1.5,0.5,0.5,,0.0,0.0,0.0,1.0,0.0,,257.0,0.5,1.0,0.09592694828975318,0.021199999999999997,1,0,WC,2,2,1,2,0,0,0,S6,2492.0,False,TAK,TAK,0.016431843765145532
7,15,13,0,1.0,0,0,0,0,0,1.0,1,0,2,0,0,0,0,1,0,5,0,5,2,0,0.0,0.06666666666666667,0.0,0.06666666666666667,0.0,0.0,,0.0,0.13333333333333333,0.06666666666666667,0.38461538461538464,0.6153846153846154,0.625,303.2,0.06666666666666667,0.0,-2.8924609344861945,-0.28790000000000004,5,8,,15,13,0,0,1,1,0,S6,2557.0,False,PUK,PUK,-0.23795247642734285
