G,PA,AB,H,R,1B,2B,3B,HR,TB,RBI,BB,IBB,K,Auto K,SB,CS,SH,SF,GIDP,RGO,LGO,FO,PO,LO,AVG,OBP,SLG,OPS,ISO,BABIP,SB%,HR%,SO%,BB%,GB%,FB%,GB/FB,Avg Diff,nOBP,nSLG,RE24,WPA,GB_outs,FB_outs,Type,nPA,nAB,nH,nTB,nBB,nSF,nSH,Season,Hitter ID,is_sub_row,Team,Last Team,WAR
4,10,10,2,1,0,1,1,0,5,2,0,0,2,0,0,0,0,0,1,1,3,2,0,0,0.2,0.2,0.5,0.7,0.3,0.25,,0.0,0.2,0.0,0.7142857142857143,0.2857142857142857,2.5,293.7,0.2,0.5,-1.0772377766689454,-0.15939999999999996,5,2,BP,10,10,2,5,0,0,0,S5,1,False,TAC,TAC,-0.0730654300770787
7,19,17,3,2,1,0,0,2,9,5,2,0,7,0,0,0,0,0,0,1,0,3,3,0,0.17647058823529413,0.2631578947368421,0.5294117647058824,0.7925696594427245,0.3529411764705882,0.125,,0.10526315789473684,0.3684210526315789,0.10526315789473684,0.14285714285714285,0.8571428571428571,0.16666666666666666,254.22222222222223,0.2631578947368421,0.5294117647058824,0.34325797552447235,-0.2844,1,6,BP,19,17,3,9,2,0,0,S5,2,False,KTY,KTY,0.10017665797309731
6,17,16,2,2,0,0,1,1,7,1,1,0,3,0,0,0,0,0,0,3,2,4,2,0,0.125,0.17647058823529413,0.4375,0.6139705882352942,0.3125,0.08333333333333333,,0.058823529411764705,0.17647058823529413,0.058823529411764705,0.45454545454545453,0.5454545454545454,0.8333333333333334,236.52941176470588,0.11764705882352941,0.35294117647058826,-1.5344965103100936,-0.13353800000000002,5,6,MH,17,17,2,6,0,0,0,S5,4,False,TAI,TAI,-0.09453046012832245
4,11,10,3,3,1,2,0,0,5,1,1,0,5,1,0,0,0,0,0,0,0,2,0,0,0.3,0.36363636363636365,0.5,0.8636363636363636,0.2,0.6,,0.0,0.45454545454545453,0.09090909090909091,0.0,1.0,0.0,205.2,0.36363636363636365,0.5,-1.0761283256227456,-0.053700000000000005,0,2,BP,11,10,3,5,1,0,0,S5,6,False,GTY,GTY,-0.06948865021347714
2,6,6,1,1,0,1,0,0,2,0,0,0,1,0,0,0,0,0,1,2,1,1,0,0,0.16666666666666666,0.16666666666666666,0.3333333333333333,0.5,0.16666666666666666,0.2,,0.0,0.16666666666666666,0.0,0.8,0.2,4.0,319.0,0.16666666666666666,0.3333333333333333,-0.9844918115666265,-0.14700000000000002,4,1,1B,6,6,1,2,0,0,0,S5,10,False,PPP,PPP,-0.07765417260277314
3,6,6,2,0,1,1,0,0,3,0,0,0,3,0,0,0,0,0,0,0,1,0,0,0,0.3333333333333333,0.3333333333333333,0.5,0.8333333333333333,0.16666666666666669,0.6666666666666666,,0.0,0.5,0.0,1.0,0.0,,246.66666666666666,0.3333333333333333,0.4,-0.21170392861062926,-0.0242,1,0,WC,6,5,1,2,1,0,0,S5,13,False,2TM,POR,-0.00037538430717342643
2,4,4,1,0,1,0,0,0,1,0,0,0,2,0,0,0,0,0,0,0,1,0,0,0,0.25,0.25,0.25,0.5,0.0,0.5,,0.0,0.5,0.0,1.0,0.0,,281.0,0.25,0.0,-0.6144777653099441,-0.0343,1,0,WC,4,3,0,0,1,0,0,S5,13,True,NUL,NUL,-0.04758443749506808
1,2,2,1,0,0,1,0,0,2,0,0,0,1,0,0,0,0,0,0,0,0,0,0,0,0.5,0.5,1.0,1.5,0.5,1.0,,0.0,0.5,0.0,,,,178.0,0.5,1.0,0.40277383669931494,0.010100000000000001,0,0,WC,2,2,1,2,0,0,0,S5,13,True,POR,POR,0.04720905318789466
6,15,14,3,4,1,0,0,2,9,5,1,0,7,1,0,0,0,0,0,1,2,1,0,0,0.21428571428571427,0.26666666666666666,0.6428571428571429,0.9095238095238096,0.4285714285714286,0.2,,0.13333333333333333,0.4666666666666667,0.06666666666666667,0.75,0.25,3.0,261.0,0.26666666666666666,0.6428571428571429,1.2814000118598843,0.023900000000000025,3,1,TT,15,14,3,9,1,0,0,S5,14,False,PHB,PHB,0.18012752257071218
11,25,22,3,4,1,0,1,1,8,2,3,0,6,0,0,0,0,0,1,2,2,7,2,0,0.13636363636363635,0.24,0.36363636363636365,0.6036363636363636,0.2272727272727273,0.13333333333333333,,0.04,0.24,0.12,0.35714285714285715,0.6428571428571429,0.5555555555555556,242.6,0.24,0.36363636363636365,-3.1211624617824074,-0.194891,5,9,BP,25,22,3,8,3,0,0,S5,16,False,KRB,KRB,-0.22547037720370114
3,8,8,3,2,1,2,0,0,5,1,0,0,2,0,0,0,0,0,0,0,1,2,0,0,0.375,0.375,0.625,1.0,0.25,0.5,,0.0,0.25,0.0,0.3333333333333333,0.6666666666666666,0.5,207.625,0.375,0.625,0.19590140251822907,0.04790000000000001,1,2,BP,8,8,3,5,0,0,0,S5,17,False,YUM,YUM,0.047316818323675576
4,12,10,3,2,1,2,0,0,5,2,2,0,3,0,0,0,0,0,1,2,1,1,0,0,0.3,0.4166666666666667,0.5,0.9166666666666667,0.2,0.42857142857142855,,0.0,0.25,0.16666666666666666,0.8,0.2,4.0,239.33333333333334,0.4166666666666667,0.5,0.5918892391863566,0.1301,4,1,1B,12,10,3,5,2,0,0,S5,18,False,MVM,MVM,0.10077894102641465
3,9,9,2,1,1,0,0,1,5,1,0,0,4,0,0,0,0,0,0,0,1,2,0,0,0.2222222222222222,0.2222222222222222,0.5555555555555556,0.7777777777777778,0.33333333333333337,0.25,,0.1111111111111111,0.4444444444444444,0.0,0.3333333333333333,0.6666666666666666,0.5,251.66666666666666,0.2222222222222222,0.5555555555555556,-1.154531406467395,-0.1857,1,2,TT,9,9,2,5,0,0,0,S5,20,False,POR,POR,-0.08426062781590525
9,22,16,2,3,0,1,0,1,6,1,6,0,6,0,0,1,0,0,0,1,1,4,2,0,0.125,0.36363636363636365,0.375,0.7386363636363636,0.25,0.1111111111111111,0.0,0.045454545454545456,0.2727272727272727,0.2727272727272727,0.25,0.75,0.3333333333333333,215.95652173913044,0.36363636363636365,0.4117647058823529,-0.49290883552681686,0.06863400000000003,2,6,XB,22,17,3,7,5,0,0,S5,22,False,PPP,PPP,0.026957481144913153
1,3,3,1,0,1,0,0,0,1,1,0,0,0,0,0,0,0,0,0,0,1,1,0,0,0.3333333333333333,0.3333333333333333,0.3333333333333333,0.6666666666666666,0.0,0.3333333333333333,,0.0,0.0,0.0,0.5,0.5,1.0,279.6666666666667,0.3333333333333333,0.3333333333333333,0.34973711281229136,0.08749999999999998,1,1,BC,3,3,1,1,0,0,0,S5,24,False,MVM,MVM,0.04537121555817388
5,14,12,1,0,1,0,0,0,1,0,2,0,1,0,0,0,0,0,1,1,1,3,5,0,0.08333333333333333,0.21428571428571427,0.08333333333333333,0.2976190476190476,0.0,0.09090909090909091,,0.0,0.07142857142857142,0.14285714285714285,0.2727272727272727,0.7272727272727273,0.375,286.85714285714283,0.07142857142857142,0.07142857142857142,-3.791942957044421,-0.20733500000000002,3,8,SF,14,14,1,1,0,0,0,S5,29,False,PPP,PPP,-0.33067260907869994
14,48,41,9,7,3,1,1,4,24,12,7,0,17,0,0,0,0,0,2,9,0,4,2,0,0.21951219512195122,0.3333333333333333,0.5853658536585366,0.9186991869918699,0.36585365853658536,0.25,,0.08333333333333333,0.3541666666666667,0.14583333333333334,0.6470588235294118,0.35294117647058826,1.8333333333333333,242.14583333333334,0.3333333333333333,0.5952380952380952,2.6661379238310334,-0.17446699999999998,11,6,TT,48,42,10,25,6,0,0,S5,32,False,2TM,LMN,0.43297386081421935
13,34,30,7,3,3,0,1,3,18,9,4,0,13,0,0,0,0,0,2,7,0,2,1,0,0.23333333333333334,0.3235294117647059,0.6,0.9235294117647059,0.36666666666666664,0.2857142857142857,,0.08823529411764706,0.38235294117647056,0.11764705882352941,0.75,0.25,3.0,247.0,0.3235294117647059,0.6129032258064516,1.7744715704332665,-0.11256700000000006,9,3,TT,34,31,8,19,3,0,0,S5,32,True,PPP,PPP,0.29528553884870046
5,14,11,2,4,0,1,0,1,6,3,3,0,4,0,0,0,0,0,0,2,0,2,1,0,0.18181818181818182,0.35714285714285715,0.5454545454545454,0.9025974025974026,0.3636363636363636,0.16666666666666666,,0.07142857142857142,0.2857142857142857,0.21428571428571427,0.4,0.6,0.6666666666666666,230.35714285714286,0.35714285714285715,0.5454545454545454,0.8916663533977668,-0.06190000000000001,2,3,TT,14,11,2,6,3,0,0,S5,32,True,LMN,LMN,0.13768832196551886
6,18,17,7,2,3,2,0,2,15,2,1,0,3,0,0,0,0,0,1,2,2,3,0,0,0.4117647058823529,0.4444444444444444,0.8823529411764706,1.326797385620915,0.47058823529411764,0.4166666666666667,,0.1111111111111111,0.16666666666666666,0.05555555555555555,0.625,0.375,1.6666666666666667,214.0,0.4444444444444444,0.8823529411764706,0.6221094982491044,0.2202,5,3,BC,18,17,7,15,1,0,0,S5,33,False,KRB,KRB,0.12459597548657894
7,20,17,3,1,2,1,0,0,4,2,3,1,2,0,1,0,0,0,0,1,3,5,3,0,0.17647058823529413,0.3,0.23529411764705882,0.5352941176470588,0.05882352941176469,0.2,1.0,0.0,0.1,0.15,0.3333333333333333,0.6666666666666666,0.5,285.75,0.25,0.2222222222222222,-1.1718606360520645,0.13431500000000005,4,8,S,20,18,3,4,2,0,0,S5,34,False,2TM,MVM,-0.04786936842557478
6,17,15,3,0,2,1,0,0,4,2,2,1,2,0,1,0,0,0,0,1,1,5,3,0,0.2,0.29411764705882354,0.26666666666666666,0.5607843137254902,0.06666666666666665,0.23076923076923078,1.0,0.0,0.11764705882352941,0.11764705882352941,0.2,0.8,0.25,271.88235294117646,0.29411764705882354,0.26666666666666666,-0.5083516936053356,0.19221500000000002,2,8,S,17,15,3,4,2,0,0,S5,34,True,LMN,LMN,0.008084021542153352
1,3,2,0,1,0,0,0,0,0,0,1,0,0,0,0,0,0,0,0,0,2,0,0,0,0.0,0.3333333333333333,0.0,0.3333333333333333,0.0,0.0,,0.0,0.0,0.3333333333333333,1.0,0.0,,364.3333333333333,0.0,0.0,-0.6635089424467289,-0.0579,2,0,S,3,3,0,0,0,0,0,S5,34,True,MVM,MVM,-0.05595338996772814
4,10,9,1,0,0,1,0,0,2,0,1,0,4,0,0,0,0,0,0,1,0,3,0,0,0.1111111111111111,0.2,0.2222222222222222,0.4222222222222222,0.1111111111111111,0.2,,0.0,0.4,0.1,0.25,0.75,0.3333333333333333,254.5,0.2,0.2222222222222222,-1.7991424275341201,-0.26339999999999997,1,3,BP,10,9,1,2,1,0,0,S5,35,False,ISO,ISO,-0.1452558951635962
3,12,11,5,3,3,1,0,1,9,4,0,0,1,0,0,0,0,1,0,1,2,2,1,0,0.45454545454545453,0.4166666666666667,0.8181818181818182,1.2348484848484849,0.3636363636363637,0.4,,0.08333333333333333,0.08333333333333333,0.0,0.42857142857142855,0.5714285714285714,0.75,221.41666666666666,0.4166666666666667,0.8181818181818182,2.3481354650256185,0.1626,3,4,WC,12,11,5,9,0,1,0,S5,36,False,2TM,LMN,0.27640356361034085
3,10,9,4,3,2,1,0,1,8,4,0,0,1,0,0,0,0,1,0,1,2,1,1,0,0.4444444444444444,0.4,0.8888888888888888,1.2888888888888888,0.4444444444444444,0.375,,0.1,0.1,0.0,0.5,0.5,1.0,236.6,0.4,0.8888888888888888,2.2938198680649196,0.12279999999999999,3,3,WC,10,9,4,8,0,1,0,S5,36,True,YUM,YUM,0.2640403343963078
1,2,2,1,0,1,0,0,0,1,0,0,0,0,0,0,0,0,0,0,0,0,1,0,0,0.5,0.5,0.5,1.0,0.0,0.5,,0.0,0.0,0.0,0.0,1.0,0.0,145.5,0.5,0.5,0.054315596960699375,0.0398,0,1,WC,2,2,1,1,0,0,0,S5,36,True,LMN,LMN,0.012363229214033104
1,1,0,0,0,0,0,0,0,0,1,0,0,0,0,0,0,0,1,0,0,0,1,0,0,,0.0,,,,0.0,,0.0,0.0,0.0,0.0,1.0,0.0,273.0,0.0,,-0.06575270271207367,0.042199999999999994,0,2,SM,1,0,0,,0,1,0,S5,37,False,GBC,GBC,-0.003109435512225784
12,34,29,10,5,6,4,0,0,14,3,5,0,4,1,0,0,0,0,0,3,5,3,4,0,0.3448275862068966,0.4411764705882353,0.4827586206896552,0.9239350912778905,0.13793103448275862,0.4,,0.0,0.11764705882352941,0.14705882352941177,0.5333333333333333,0.4666666666666667,1.1428571428571428,241.66666666666666,0.35294117647058826,0.46875,1.0021518127191105,0.18825500000000003,8,7,1B,34,32,10,15,2,0,0,S5,39,False,GBC,GBC,0.2180535630772849
4,13,11,2,2,0,1,1,0,5,2,2,1,3,1,0,0,0,0,0,2,1,3,0,0,0.18181818181818182,0.3076923076923077,0.45454545454545453,0.7622377622377623,0.2727272727272727,0.25,,0.0,0.23076923076923078,0.15384615384615385,0.5,0.5,1.0,237.8181818181818,0.3076923076923077,0.45454545454545453,0.6243777339642869,0.08547199999999999,3,3,BC,13,11,2,5,2,0,0,S5,41,False,YUM,YUM,0.10749362526318926
3,6,5,0,0,0,0,0,0,0,0,1,0,3,0,0,0,0,0,0,0,1,1,0,0,0.0,0.16666666666666666,0.0,0.16666666666666666,0.0,0.0,,0.0,0.5,0.16666666666666666,0.5,0.5,1.0,279.5,0.16666666666666666,0.0,-1.6367094986142603,-0.10039999999999996,1,1,1B,6,5,0,0,1,0,0,S5,42,False,2TM,RKT,-0.14287594130753653
1,3,2,0,0,0,0,0,0,0,0,1,0,2,0,0,0,0,0,0,0,0,0,0,0,0.0,0.3333333333333333,0.0,0.3333333333333333,0.0,,,0.0,0.6666666666666666,0.3333333333333333,,,,262.0,0.3333333333333333,0.0,-0.5385739480977577,0.04180000000000002,0,0,1B,3,2,0,0,1,0,0,S5,42,True,SAR,SAR,-0.04345989053283102
2,3,3,0,0,0,0,0,0,0,0,0,0,1,0,0,0,0,0,0,0,1,1,0,0,0.0,0.0,0.0,0.0,0.0,0.0,,0.0,0.3333333333333333,0.0,0.5,0.5,1.0,297.0,0.0,0.0,-1.098135550516503,-0.14219999999999997,1,1,1B,3,3,0,0,0,0,0,S5,42,True,RKT,RKT,-0.09941605077470554
3,8,8,3,1,1,0,1,1,8,2,0,0,1,0,0,0,0,0,1,2,0,2,0,0,0.375,0.375,1.0,1.375,0.625,0.3333333333333333,,0.125,0.125,0.0,0.6,0.4,1.5,193.625,0.375,1.0,0.6555264746596798,0.30430000000000007,3,2,BC,8,8,3,8,0,0,0,S5,45,False,YUM,YUM,0.09327932553782066
1,1,1,1,0,0,1,0,0,2,1,0,0,0,0,0,0,0,0,0,0,0,0,0,0,1.0,1.0,2.0,3.0,1.0,1.0,,0.0,0.0,0.0,,,,55.0,1.0,2.0,1.0389673483222235,0.35409999999999997,0,0,SF,1,1,1,2,0,0,0,S5,46,False,YUM,YUM,0.10736256959120394
4,12,11,3,2,1,1,0,1,7,5,1,0,4,0,0,0,0,0,1,1,1,1,1,0,0.2727272727272727,0.3333333333333333,0.6363636363636364,0.9696969696969697,0.36363636363636365,0.3333333333333333,,0.08333333333333333,0.3333333333333333,0.08333333333333333,0.6,0.4,1.5,253.0,0.3333333333333333,0.5454545454545454,1.5032087930565108,0.28778299999999996,3,2,WC,12,11,3,6,1,0,0,S5,48,False,YUM,YUM,0.1919108964134301
4,12,10,2,2,1,1,0,0,3,2,1,0,1,0,0,0,0,1,0,1,1,4,2,0,0.2,0.25,0.3,0.55,0.09999999999999998,0.2,,0.0,0.08333333333333333,0.08333333333333333,0.2222222222222222,0.7777777777777778,0.2857142857142857,268.0,0.25,0.2222222222222222,-0.9577249743938224,-0.07929999999999998,2,7,1B,12,9,1,2,2,1,0,S5,49,False,RKT,RKT,-0.05418248033160324
7,19,16,1,2,0,0,0,1,4,2,2,0,7,3,0,0,0,1,2,3,3,3,0,0,0.0625,0.15789473684210525,0.25,0.40789473684210525,0.1875,0.0,,0.05263157894736842,0.3684210526315789,0.10526315789473684,0.6666666666666666,0.3333333333333333,2.0,284.3125,0.15789473684210525,0.25,-2.9415393704084503,-0.37249999999999994,8,4,BP,19,16,1,4,2,1,0,S5,50,False,YUM,YUM,-0.22830307662019494
2,6,6,2,1,1,0,0,1,5,3,0,0,2,0,0,0,0,0,0,2,0,0,0,0,0.3333333333333333,0.3333333333333333,0.8333333333333334,1.1666666666666667,0.5,0.3333333333333333,,0.16666666666666666,0.3333333333333333,0.0,1.0,0.0,,227.0,0.3333333333333333,0.8333333333333334,1.3333331727997881,0.04989999999999997,2,0,EN,6,6,2,5,0,0,0,S5,54,False,CHI,CHI,0.15412832583386832
3,8,8,3,2,1,0,0,2,9,4,0,0,1,0,0,0,0,0,0,1,2,1,0,0,0.375,0.375,1.125,1.5,0.75,0.2,,0.25,0.125,0.0,0.75,0.25,3.0,240.375,0.375,1.125,2.6155288183468812,-0.02564899999999999,3,1,BN,8,8,3,9,0,0,0,S5,55,False,YUM,YUM,0.2892795599065408
6,15,14,4,3,2,0,0,2,10,4,1,0,3,1,0,0,0,0,2,4,0,2,1,0,0.2857142857142857,0.3333333333333333,0.7142857142857143,1.0476190476190477,0.4285714285714286,0.2222222222222222,,0.13333333333333333,0.2,0.06666666666666667,0.6666666666666666,0.3333333333333333,2.0,270.7857142857143,0.3333333333333333,0.6923076923076923,0.13279364105022262,-0.09120000000000002,6,3,S,15,13,3,9,2,0,0,S5,56,False,NUL,NUL,0.06526688548974602
5,9,9,1,0,0,1,0,0,2,1,0,0,1,1,0,0,0,0,0,1,3,2,1,0,0.1111111111111111,0.1111111111111111,0.2222222222222222,0.3333333333333333,0.1111111111111111,0.125,,0.0,0.1111111111111111,0.0,0.5714285714285714,0.42857142857142855,1.3333333333333333,329.0,0.1111111111111111,0.2222222222222222,-0.9427263051518342,-0.2942,4,3,1B,9,9,1,2,0,0,0,S5,59,False,CHI,CHI,-0.06308011768434917
12,33,32,11,5,6,3,0,2,20,6,1,0,1,0,0,0,0,0,0,3,1,11,5,0,0.34375,0.36363636363636365,0.625,0.9886363636363636,0.28125,0.3103448275862069,,0.06060606060606061,0.030303030303030304,0.030303030303030304,0.2,0.8,0.25,230.21212121212122,0.36363636363636365,0.59375,2.5155682924781284,0.4351,4,16,SM,33,32,11,19,1,0,0,S5,63,False,2TM,CHI,0.3659293762942051
9,20,19,5,3,2,1,0,2,12,5,1,0,1,0,0,0,0,0,0,1,0,8,4,0,0.2631578947368421,0.3,0.631578947368421,0.9315789473684211,0.3684210526315789,0.1875,,0.1,0.05,0.05,0.07692307692307693,0.9230769230769231,0.08333333333333333,239.9,0.3,0.631578947368421,1.1388917176535411,0.4633000000000001,1,12,SM,20,19,5,12,1,0,0,S5,63,True,CHI,CHI,0.18320586694498578
5,13,13,6,2,4,2,0,0,8,1,0,0,0,0,0,0,0,0,0,2,1,3,1,0,0.46153846153846156,0.46153846153846156,0.6153846153846154,1.076923076923077,0.15384615384615385,0.46153846153846156,,0.0,0.0,0.0,0.42857142857142855,0.5714285714285714,0.75,215.30769230769232,0.46153846153846156,0.5384615384615384,1.3766765748245877,-0.0282,3,4,SM,13,13,6,7,0,0,0,S5,63,True,LMN,LMN,0.18272350934921935
7,20,19,5,2,1,2,1,1,12,7,1,0,3,0,0,1,0,0,0,2,2,3,4,0,0.2631578947368421,0.3,0.631578947368421,0.9315789473684211,0.3684210526315789,0.26666666666666666,0.0,0.05,0.15,0.05,0.36363636363636365,0.6363636363636364,0.5714285714285714,276.0952380952381,0.3,0.5263157894736842,2.9854686405353656,0.046468,4,7,S,20,19,5,10,1,0,0,S5,65,False,TAC,TAC,0.3678635592331682
1,2,1,1,1,1,0,0,0,1,0,1,1,0,0,0,1,0,0,0,0,0,0,0,0,1.0,1.0,1.0,2.0,0.0,1.0,0.0,0.0,0.0,0.5,,,,240.5,1.0,1.0,-0.36459199463882275,-0.0189,0,0,SF,2,1,1,1,1,0,0,S5,66,False,TAC,TAC,-0.029527529945919107
3,8,7,4,1,2,1,0,1,8,2,1,0,1,0,1,0,0,0,1,1,1,0,0,0,0.5714285714285714,0.625,1.1428571428571428,1.7678571428571428,0.5714285714285714,0.6,1.0,0.125,0.125,0.125,1.0,0.0,,200.0,0.625,1.1666666666666667,2.29980672496417,0.15222500000000003,3,0,1B,8,6,3,7,2,0,0,S5,67,False,CHI,CHI,0.25770735056826966
4,8,8,2,1,1,0,0,1,5,1,0,0,0,0,0,0,0,0,0,1,1,4,0,0,0.25,0.25,0.625,0.875,0.375,0.14285714285714285,,0.125,0.0,0.0,0.3333333333333333,0.6666666666666666,0.5,240.5,0.25,0.625,-0.328750630988346,-0.2099,2,4,WC,8,8,2,5,0,0,0,S5,68,False,CHI,CHI,-0.005148385026981933
7,16,16,8,3,3,3,0,2,17,2,0,0,4,0,1,1,0,0,0,1,0,1,2,0,0.5,0.5,1.0625,1.5625,0.5625,0.6,0.5,0.125,0.25,0.0,0.25,0.75,0.3333333333333333,196.94444444444446,0.5,1.0625,2.2067496913549114,0.23952700000000002,1,3,BC,16,16,8,17,0,0,0,S5,71,False,CHI,CHI,0.2761283252791965
4,12,12,2,0,0,1,1,0,5,3,0,0,4,0,0,0,0,0,0,1,1,1,3,0,0.16666666666666666,0.16666666666666666,0.4166666666666667,0.5833333333333334,0.25,0.25,,0.0,0.3333333333333333,0.0,0.3333333333333333,0.6666666666666666,0.5,246.83333333333334,0.16666666666666666,0.3333333333333333,-0.0908647276575345,0.028800000000000006,2,4,XB,12,12,2,4,0,0,0,S5,72,False,CHI,CHI,0.03250354434202555
2,6,5,0,1,0,0,0,0,0,1,1,0,2,0,0,0,0,0,0,2,1,0,0,0,0.0,0.16666666666666666,0.0,0.16666666666666666,0.0,0.0,,0.0,0.3333333333333333,0.16666666666666666,1.0,0.0,,357.5,0.16666666666666666,0.0,-0.9753715483157287,-0.007899999999999999,3,0,BN,6,5,0,0,1,0,0,S5,73,False,LMN,LMN,-0.07674214627768336
3,8,6,1,2,0,0,0,1,4,1,2,0,0,0,0,0,0,0,0,3,0,1,1,0,0.16666666666666666,0.375,0.6666666666666666,1.0416666666666665,0.5,0.0,,0.125,0.0,0.25,0.6,0.4,1.5,237.75,0.375,0.6666666666666666,-0.17928919916313424,-0.04440000000000001,3,2,SF,8,6,1,4,2,0,0,S5,74,False,RKT,RKT,0.009797758155539243
5,12,10,2,0,1,1,0,0,3,1,2,0,3,0,0,2,0,0,0,1,1,2,1,0,0.2,0.3333333333333333,0.3,0.6333333333333333,0.09999999999999998,0.2857142857142857,0.0,0.0,0.25,0.16666666666666666,0.4,0.6,0.6666666666666666,263.53846153846155,0.3333333333333333,0.3,-0.7951305097925576,-0.006700000000000025,2,3,1B,12,10,2,3,2,0,0,S5,76,False,KTY,KTY,-0.03792303387147676
2,4,4,0,0,0,0,0,0,0,0,0,0,2,0,0,0,0,0,0,1,0,1,0,0,0.0,0.0,0.0,0.0,0.0,0.0,,0.0,0.5,0.0,0.5,0.5,1.0,301.5,0.0,0.0,-1.6952280454217434,-0.1026,1,1,BP,4,4,0,0,0,0,0,S5,78,False,SAR,SAR,-0.155659465506248
4,11,10,2,1,1,1,0,0,3,3,1,0,2,0,0,1,0,0,1,2,2,1,1,0,0.2,0.2727272727272727,0.3,0.5727272727272728,0.09999999999999998,0.25,0.0,0.0,0.18181818181818182,0.09090909090909091,0.7142857142857143,0.2857142857142857,2.5,313.3333333333333,0.2727272727272727,0.3,-0.9628799891183667,-0.058201,5,2,BP,11,10,2,3,1,0,0,S5,79,False,2TM,ISO,-0.05816381656303925
2,5,5,0,0,0,0,0,0,0,0,0,0,2,0,0,0,0,0,1,1,1,1,0,0,0.0,0.0,0.0,0.0,0.0,0.0,,0.0,0.4,0.0,0.75,0.25,3.0,360.4,0.0,0.0,-2.4445287322802876,-0.1722,3,1,BP,5,5,0,0,0,0,0,S5,79,True,NUL,NUL,-0.22712369943312086
2,6,5,2,1,1,1,0,0,3,3,1,0,0,0,0,1,0,0,0,1,1,0,1,0,0.4,0.5,0.6,1.1,0.19999999999999996,0.4,0.0,0.0,0.0,0.16666666666666666,0.6666666666666666,0.3333333333333333,2.0,279.7142857142857,0.5,0.6,1.4816487431619216,0.11399899999999999,2,1,BP,6,5,2,3,1,0,0,S5,79,True,ISO,ISO,0.16895988287008165
1,2,2,0,0,0,0,0,0,0,0,0,0,0,0,0,0,0,0,0,1,0,0,1,0,0.0,0.0,0.0,0.0,0.0,0.0,,0.0,0.0,0.0,0.5,0.5,1.0,395.5,0.0,0.0,-0.7508941066708134,-0.06470000000000001,1,1,BP,2,2,0,0,0,0,0,S5,80,False,KTY,KTY,-0.06815774114911817
1,3,3,1,0,1,0,0,0,1,0,0,0,0,0,0,0,0,0,0,1,1,0,0,0,0.3333333333333333,0.3333333333333333,0.3333333333333333,0.6666666666666666,0.0,0.3333333333333333,,0.0,0.0,0.0,1.0,0.0,,287.3333333333333,0.3333333333333333,0.3333333333333333,-0.02783729520465783,0.0233,2,0,1B,3,3,1,1,0,0,0,S5,82,False,KTY,KTY,0.0076137747564789665
4,11,9,2,1,0,1,1,0,5,1,2,0,2,0,0,0,0,0,0,0,1,2,2,0,0.2222222222222222,0.36363636363636365,0.5555555555555556,0.9191919191919192,0.33333333333333337,0.2857142857142857,,0.0,0.18181818181818182,0.18181818181818182,0.2,0.8,0.25,222.9090909090909,0.36363636363636365,0.5555555555555556,-0.09485333531345724,0.014299999999999981,1,4,BP,11,9,2,5,2,0,0,S5,84,False,KTY,KTY,0.028638848817451695
5,12,12,3,1,2,1,0,0,4,0,0,0,2,0,0,0,0,0,0,1,2,3,1,0,0.25,0.25,0.3333333333333333,0.5833333333333333,0.08333333333333331,0.3,,0.0,0.16666666666666666,0.0,0.42857142857142855,0.5714285714285714,0.75,267.25,0.25,0.25,-2.4107744120888115,-0.3374,3,4,S,12,12,3,3,0,0,0,S5,90,False,NUL,NUL,-0.19948742410110215
4,11,9,0,1,0,0,0,0,0,0,2,0,5,0,0,0,0,0,0,0,0,3,1,0,0.0,0.18181818181818182,0.0,0.18181818181818182,0.0,0.0,,0.0,0.45454545454545453,0.18181818181818182,0.0,1.0,0.0,261.3636363636364,0.09090909090909091,0.0,-3.0705804345144765,-0.43359999999999993,0,4,S,11,10,0,0,1,0,0,S5,91,False,JUP,JUP,-0.2689338611026503
3,8,7,1,0,0,1,0,0,2,1,0,0,0,0,0,0,0,1,1,1,0,6,0,0,0.14285714285714285,0.125,0.2857142857142857,0.4107142857142857,0.14285714285714285,0.125,,0.0,0.0,0.0,0.2222222222222222,0.7777777777777778,0.2857142857142857,256.75,0.125,0.2857142857142857,-1.2409986202745804,-0.1963,2,7,SM,8,7,1,2,0,1,0,S5,93,False,TAC,TAC,-0.09637318395560537
4,8,7,1,1,1,0,0,0,1,0,1,0,2,1,0,0,0,0,1,2,1,1,0,0,0.14285714285714285,0.25,0.14285714285714285,0.39285714285714285,0.0,0.2,,0.0,0.25,0.125,0.8,0.2,4.0,282.14285714285717,0.25,0.14285714285714285,-2.317172245974516,-0.18730000000000002,4,1,BP,8,7,1,1,1,0,0,S5,97,False,KTY,KTY,-0.20399054652559895
7,18,16,6,1,5,1,0,0,7,1,1,0,3,0,0,0,0,1,0,2,1,4,1,0,0.375,0.3888888888888889,0.4375,0.8263888888888888,0.0625,0.42857142857142855,,0.0,0.16666666666666666,0.05555555555555555,0.3333333333333333,0.6666666666666666,0.5,244.77777777777777,0.3888888888888889,0.4375,-0.7954522753093451,-0.06990000000000002,3,6,SM,18,16,6,7,1,1,0,S5,99,False,KTY,KTY,-0.017160201869266013
3,7,7,1,1,1,0,0,0,1,0,0,0,1,0,0,0,0,0,0,2,1,1,1,0,0.14285714285714285,0.14285714285714285,0.14285714285714285,0.2857142857142857,0.0,0.16666666666666666,,0.0,0.14285714285714285,0.0,0.6,0.4,1.5,304.42857142857144,0.14285714285714285,0.14285714285714285,-1.3129905489584215,-0.1295,3,2,1B,7,7,1,1,0,0,0,S5,100,False,KTY,KTY,-0.10703821158297107
1,2,2,1,1,1,0,0,0,1,0,0,0,0,0,0,0,0,0,0,0,1,0,0,0,0.5,0.5,0.5,1.0,0.0,0.5,,0.0,0.0,0.0,1.0,0.0,,275.0,0.5,0.5,0.06788633279218542,0.011300000000000001,1,0,BC,2,2,1,1,0,0,0,S5,103,False,KTY,KTY,0.01372030279718171
4,11,8,4,3,2,2,0,0,6,0,3,0,2,0,0,0,0,0,0,0,1,1,0,0,0.5,0.6363636363636364,0.75,1.3863636363636362,0.25,0.6666666666666666,,0.0,0.18181818181818182,0.2727272727272727,0.5,0.5,1.0,196.36363636363637,0.6363636363636364,0.75,1.4426619592684922,0.2238,1,1,BC,11,8,4,6,3,0,0,S5,106,False,KTY,KTY,0.18239037827564664
8,21,21,7,4,3,0,0,4,19,8,0,0,3,1,0,0,0,0,0,6,3,2,0,0,0.3333333333333333,0.3333333333333333,0.9047619047619048,1.2380952380952381,0.5714285714285714,0.21428571428571427,,0.19047619047619047,0.14285714285714285,0.0,0.8181818181818182,0.18181818181818182,4.5,227.6,0.3333333333333333,0.8571428571428571,2.821083937853848,0.09439999999999998,9,2,MH,21,21,7,18,0,0,0,S5,107,False,KTY,KTY,0.35489092372399805
1,2,2,0,0,0,0,0,0,0,0,0,0,0,0,0,0,0,0,0,1,1,0,0,0,0.0,0.0,0.0,0.0,0.0,0.0,,0.0,0.0,0.0,1.0,0.0,,387.0,0.0,0.0,-0.4195583596214511,-0.028999999999999998,2,0,1B,2,2,0,0,0,0,0,S5,109,False,JUP,JUP,-0.035024166444181944
6,14,13,2,1,2,0,0,0,2,0,1,0,4,1,0,0,0,0,0,2,1,2,2,0,0.15384615384615385,0.21428571428571427,0.15384615384615385,0.36813186813186816,0.0,0.2222222222222222,,0.0,0.2857142857142857,0.07142857142857142,0.42857142857142855,0.5714285714285714,0.75,240.15384615384616,0.21428571428571427,0.15384615384615385,-3.5314929231988024,-0.34097000000000005,3,4,MH,14,13,2,2,1,0,0,S5,113,False,KRB,KRB,-0.30462760569413805
2,6,6,0,0,0,0,0,0,0,0,0,0,3,1,0,0,0,0,0,1,1,1,0,0,0.0,0.0,0.0,0.0,0.0,0.0,,0.0,0.5,0.0,0.6666666666666666,0.3333333333333333,2.0,312.6,0.0,0.0,-2.1617160208440165,-0.14229999999999998,2,1,HK,6,6,0,0,0,0,0,S5,114,False,JUP,JUP,-0.19537659353051215
8,23,20,3,2,2,1,0,0,4,3,2,0,4,0,0,1,0,1,0,1,2,5,6,0,0.15,0.21739130434782608,0.2,0.4173913043478261,0.05000000000000002,0.17647058823529413,0.0,0.0,0.17391304347826086,0.08695652173913043,0.2,0.8,0.25,270.0833333333333,0.17391304347826086,0.23809523809523808,-4.168832008035765,-0.5778139999999999,3,12,BC,23,21,3,5,1,1,0,S5,116,False,GBC,GBC,-0.33716900134700006
13,37,33,9,6,4,1,1,3,21,5,4,0,4,0,0,0,0,0,2,2,6,8,4,0,0.2727272727272727,0.35135135135135137,0.6363636363636364,0.9877149877149878,0.36363636363636365,0.23076923076923078,,0.08108108108108109,0.10810810810810811,0.10810810810810811,0.45454545454545453,0.5454545454545454,0.8333333333333334,239.27027027027026,0.3783783783783784,0.59375,-0.7196134341355509,-0.4573000000000001,10,12,1B,37,32,9,19,5,0,0,S5,117,False,2TM,JUP,0.05627454266876351
11,27,24,8,6,3,1,1,3,20,5,3,0,4,0,0,0,0,0,1,1,3,5,3,0,0.3333333333333333,0.4074074074074074,0.8333333333333334,1.2407407407407407,0.5,0.29411764705882354,,0.1111111111111111,0.14814814814814814,0.1111111111111111,0.38461538461538464,0.6153846153846154,0.625,217.40740740740742,0.4444444444444444,0.782608695652174,1.3932867615513327,-0.08930000000000003,5,8,1B,27,23,8,18,4,0,0,S5,117,True,JUP,JUP,0.23290621464763603
4,10,9,1,0,1,0,0,0,1,0,1,0,0,0,0,0,0,0,1,1,3,3,1,0,0.1111111111111111,0.2,0.1111111111111111,0.3111111111111111,0.0,0.1111111111111111,,0.0,0.0,0.1,0.5555555555555556,0.4444444444444444,1.25,298.3,0.2,0.1111111111111111,-2.1129001956868834,-0.36800000000000005,5,4,1B,10,9,1,1,1,0,0,S5,117,True,LMN,LMN,-0.1766316719788725
2,5,5,1,0,1,0,0,0,1,0,0,0,0,0,0,0,0,0,0,1,0,3,0,0,0.2,0.2,0.2,0.4,0.0,0.2,,0.0,0.0,0.0,0.25,0.75,0.3333333333333333,204.8,0.4,0.25,-0.5167659934227222,-0.08940000000000001,1,3,1B,5,4,1,1,1,0,0,S5,118,False,JUP,JUP,-0.03434742554736431
1,3,3,0,0,0,0,0,0,0,0,0,0,1,0,0,0,0,0,0,0,0,2,0,0,0.0,0.0,0.0,0.0,0.0,0.0,,0.0,0.3333333333333333,0.0,0.0,1.0,0.0,172.33333333333334,0.0,0.0,-0.7214429812414835,-0.1327,0,2,EN,3,3,0,0,0,0,0,S5,122,False,JUP,JUP,-0.06174679384720361
7,19,17,1,2,0,0,0,1,4,2,2,0,6,1,0,0,0,0,2,2,2,4,2,0,0.058823529411764705,0.15789473684210525,0.23529411764705882,0.3931888544891641,0.1764705882352941,0.0,,0.05263157894736842,0.3157894736842105,0.10526315789473684,0.5,0.5,1.0,288.8888888888889,0.15789473684210525,0.17647058823529413,-3.985612008697972,-0.35359999999999997,6,6,BP,19,17,1,3,2,0,0,S5,125,False,JUP,JUP,-0.3327103404491471
7,17,16,6,3,1,3,0,2,15,4,1,0,5,0,2,1,0,0,0,2,1,2,0,0,0.375,0.4117647058823529,0.9375,1.3492647058823528,0.5625,0.4444444444444444,0.6666666666666666,0.11764705882352941,0.29411764705882354,0.058823529411764705,0.6,0.4,1.5,207.05,0.4117647058823529,0.9375,2.595119132501718,0.10109999999999998,3,2,TT,17,16,6,15,1,0,0,S5,127,False,TSA,TSA,0.3184311041528587
6,18,16,3,0,3,0,0,0,3,0,2,0,3,1,0,0,0,0,0,2,0,5,3,0,0.1875,0.2777777777777778,0.1875,0.4652777777777778,0.0,0.23076923076923078,,0.0,0.16666666666666666,0.1111111111111111,0.2,0.8,0.25,234.52941176470588,0.2777777777777778,0.1875,-2.5963430730222274,-0.2476,2,8,1B,18,16,3,3,2,0,0,S5,128,False,TSA,TSA,-0.19724928164055425
11,26,24,10,6,3,3,1,3,24,4,2,0,2,0,0,0,0,0,0,3,1,3,5,0,0.4166666666666667,0.46153846153846156,1.0,1.4615384615384617,0.5833333333333333,0.3684210526315789,,0.11538461538461539,0.07692307692307693,0.07692307692307693,0.3333333333333333,0.6666666666666666,0.5,214.96153846153845,0.38461538461538464,0.9230769230769231,4.205616559586959,0.847721,4,8,XB,26,26,10,24,0,0,0,S5,129,False,TSA,TSA,0.510673359692217
8,16,14,4,2,2,1,1,0,7,0,2,0,1,0,0,0,0,0,0,1,2,4,2,0,0.2857142857142857,0.375,0.5,0.875,0.2142857142857143,0.3076923076923077,,0.0,0.0625,0.125,0.3333333333333333,0.6666666666666666,0.5,241.5625,0.375,0.5,-0.5753622813654183,-0.063721,3,6,1B,16,14,4,7,2,0,0,S5,131,False,SPR,SPR,-0.0020828719928364992
8,19,14,2,2,2,0,0,0,2,1,5,0,5,1,0,0,0,0,0,3,1,2,1,0,0.14285714285714285,0.3684210526315789,0.14285714285714285,0.5112781954887218,0.0,0.2222222222222222,,0.0,0.2631578947368421,0.2631578947368421,0.5714285714285714,0.42857142857142855,1.3333333333333333,268.0,0.3684210526315789,0.15384615384615385,-1.9795254319674922,-0.1442,4,3,WC,19,13,1,2,6,0,0,S5,132,False,TSA,TSA,-0.13210168277609916
5,12,11,5,2,2,1,2,0,10,3,1,0,0,0,0,0,0,0,0,3,2,0,1,0,0.45454545454545453,0.5,0.9090909090909091,1.4090909090909092,0.45454545454545453,0.45454545454545453,,0.0,0.0,0.08333333333333333,0.8333333333333334,0.16666666666666666,5.0,247.33333333333334,0.4166666666666667,0.75,2.524508410643784,0.35740000000000005,5,1,BN,12,12,5,9,0,0,0,S5,133,False,JUP,JUP,0.29404085817215736
4,8,7,3,1,1,0,1,1,8,3,1,0,3,0,0,0,0,0,0,1,0,0,0,0,0.42857142857142855,0.5,1.1428571428571428,1.6428571428571428,0.7142857142857142,0.6666666666666666,,0.125,0.375,0.125,1.0,0.0,,197.75,0.5,1.0,1.8583599800344186,0.1799,1,0,TT,8,6,2,6,2,0,0,S5,134,False,JUP,JUP,0.21356267607529453
14,54,47,10,7,4,4,0,2,20,11,6,2,10,0,0,0,0,1,3,5,5,5,13,0,0.2127659574468085,0.2962962962962963,0.425531914893617,0.7218282111899132,0.2127659574468085,0.2222222222222222,,0.037037037037037035,0.18518518518518517,0.1111111111111111,0.40625,0.59375,0.6842105263157895,273.13461538461536,0.2962962962962963,0.41304347826086957,-0.8784280866863634,-0.41686899999999993,13,19,XB,54,46,9,19,7,1,0,S5,135,False,2TM,TSA,0.09931226831636916
13,33,30,5,2,2,3,0,0,8,3,3,0,6,0,0,0,0,0,1,3,3,4,9,0,0.16666666666666666,0.24242424242424243,0.26666666666666666,0.509090909090909,0.1,0.20833333333333334,,0.0,0.18181818181818182,0.09090909090909091,0.35,0.65,0.5384615384615384,282.3636363636364,0.24242424242424243,0.26666666666666666,-3.331935409147977,-0.4466399999999999,7,13,XB,33,30,5,8,3,0,0,S5,135,True,TSA,TSA,-0.21882099386840545
7,21,17,5,5,2,1,0,2,12,8,3,2,4,0,0,0,0,1,2,2,2,1,4,0,0.29411764705882354,0.38095238095238093,0.7058823529411765,1.0868347338935576,0.411764705882353,0.25,,0.09523809523809523,0.19047619047619047,0.14285714285714285,0.5,0.5,1.0,257.10526315789474,0.38095238095238093,0.6875,2.453507322461613,0.02977100000000003,6,6,XB,21,16,4,11,4,1,0,S5,135,True,LMN,LMN,0.31813326218477456
12,33,30,10,6,3,6,1,0,18,3,2,0,4,0,0,1,0,1,0,5,0,6,6,0,0.3333333333333333,0.36363636363636365,0.6,0.9636363636363636,0.26666666666666666,0.37037037037037035,0.0,0.0,0.12121212121212122,0.06060606060606061,0.2777777777777778,0.7222222222222222,0.38461538461538464,236.7058823529412,0.30303030303030304,0.59375,-1.4732474776011897,0.13760000000000006,5,13,S,33,32,10,19,0,1,0,S5,137,False,TSA,TSA,-0.03295220071372671
5,13,12,5,1,1,4,0,0,9,1,1,0,4,0,0,0,0,0,0,1,0,2,0,0,0.4166666666666667,0.46153846153846156,0.75,1.2115384615384617,0.3333333333333333,0.625,,0.0,0.3076923076923077,0.07692307692307693,0.3333333333333333,0.6666666666666666,0.5,203.30769230769232,0.38461538461538464,0.7692307692307693,1.2600972225385796,0.06440000000000001,1,2,S,13,13,5,10,0,0,0,S5,138,False,2TM,SPR,0.17106557412061854
3,9,8,3,1,1,2,0,0,5,0,1,0,3,0,0,0,0,0,0,1,0,1,0,0,0.375,0.4444444444444444,0.625,1.0694444444444444,0.25,0.6,,0.0,0.3333333333333333,0.1111111111111111,0.5,0.5,1.0,232.22222222222223,0.3333333333333333,0.6666666666666666,-0.06780936486762246,-0.11319999999999998,1,1,S,9,9,3,6,0,0,0,S5,138,True,TSA,TSA,0.024411576344072004
2,4,4,2,0,0,2,0,0,4,1,0,0,1,0,0,0,0,0,0,0,0,1,0,0,0.5,0.5,1.0,1.5,0.5,0.6666666666666666,,0.0,0.25,0.0,0.0,1.0,0.0,138.25,0.5,1.0,1.3279065874062024,0.17759999999999998,0,1,S,4,4,2,4,0,0,0,S5,138,True,SPR,SPR,0.14665399777654659
7,21,19,2,3,0,0,0,2,8,3,2,0,5,0,0,0,0,0,0,0,2,8,2,0,0.10526315789473684,0.19047619047619047,0.42105263157894735,0.6115288220551378,0.3157894736842105,0.0,,0.09523809523809523,0.23809523809523808,0.09523809523809523,0.16666666666666666,0.8333333333333334,0.2,242.71428571428572,0.19047619047619047,0.42105263157894735,-2.478026820205913,-0.12430000000000001,2,10,EN,21,19,2,8,2,0,0,S5,140,False,TSA,TSA,-0.17502015208197802
1,3,3,2,1,1,0,0,1,5,2,0,0,1,0,0,0,0,0,0,0,0,0,0,0,0.6666666666666666,0.6666666666666666,1.6666666666666667,2.3333333333333335,1.0,1.0,,0.3333333333333333,0.3333333333333333,0.0,,,,116.33333333333333,0.6666666666666666,1.6666666666666667,1.490015107469182,0.2312,0,0,XB,3,3,2,5,0,0,0,S5,141,False,TSA,TSA,0.15939901502386294
8,20,19,5,2,3,2,0,0,7,2,1,0,6,1,0,0,0,0,0,1,3,3,1,0,0.2631578947368421,0.3,0.3684210526315789,0.6684210526315789,0.10526315789473684,0.38461538461538464,,0.0,0.3,0.05,0.5,0.5,1.0,276.3157894736842,0.25,0.16666666666666666,-0.9769961853389904,-0.10834400000000004,4,4,WC,20,18,3,3,2,0,0,S5,144,False,NUL,NUL,-0.028382923354267363
4,10,9,1,1,0,0,0,1,4,1,1,0,2,0,0,0,0,0,0,1,1,2,2,0,0.1111111111111111,0.2,0.4444444444444444,0.6444444444444444,0.3333333333333333,0.0,,0.1,0.2,0.1,0.3333333333333333,0.6666666666666666,0.5,286.6,0.2,0.4444444444444444,-0.8155751187602006,-0.03379999999999998,2,4,BP,10,9,1,4,1,0,0,S5,146,False,PHB,PHB,-0.04689916428620423
2,5,5,0,0,0,0,0,0,0,0,0,0,1,0,0,0,0,0,0,1,0,3,0,0,0.0,0.0,0.0,0.0,0.0,0.0,,0.0,0.2,0.0,0.25,0.75,0.3333333333333333,305.4,0.0,0.0,-1.4150424446925705,-0.1547,1,3,WC,5,5,0,0,0,0,0,S5,149,False,TSA,TSA,-0.12417507067434912
2,6,6,2,2,0,0,0,2,8,5,0,0,1,0,0,0,0,0,0,2,0,0,1,0,0.3333333333333333,0.3333333333333333,1.3333333333333333,1.6666666666666665,1.0,0.0,,0.3333333333333333,0.16666666666666666,0.0,0.6666666666666666,0.3333333333333333,2.0,182.33333333333334,0.3333333333333333,1.3333333333333333,2.5195102550821202,0.2839,2,1,MH,6,6,2,8,0,0,0,S5,150,False,2TM,DAD,0.2727460340621015
1,3,3,1,1,0,0,0,1,4,2,0,0,1,0,0,0,0,0,0,0,0,0,1,0,0.3333333333333333,0.3333333333333333,1.3333333333333333,1.6666666666666665,1.0,0.0,,0.3333333333333333,0.3333333333333333,0.0,0.0,1.0,0.0,162.0,0.3333333333333333,1.3333333333333333,1.01239204988696,0.19340000000000002,0,1,MH,3,3,1,4,0,0,0,S5,150,True,GTY,GTY,0.11163670926564076
1,3,3,1,1,0,0,0,1,4,3,0,0,0,0,0,0,0,0,0,2,0,0,0,0,0.3333333333333333,0.3333333333333333,1.3333333333333333,1.6666666666666665,1.0,0.0,,0.3333333333333333,0.0,0.0,1.0,0.0,,202.66666666666666,0.3333333333333333,1.3333333333333333,1.5071182051951604,0.09050000000000001,2,0,MH,3,3,1,4,0,0,0,S5,150,True,DAD,DAD,0.16110932479646078
3,8,6,1,1,1,0,0,0,1,0,2,0,3,0,0,0,0,0,0,0,2,0,0,0,0.16666666666666666,0.375,0.16666666666666666,0.5416666666666666,0.0,0.3333333333333333,,0.0,0.375,0.25,1.0,0.0,,293.0,0.375,0.16666666666666666,-0.25380670784985293,0.02649999999999999,2,0,BC,8,6,1,1,2,0,0,S5,151,False,CHI,CHI,0.0023460072868673743
12,28,27,7,6,0,2,1,4,23,6,1,0,7,0,0,0,0,0,0,3,2,5,3,0,0.25925925925925924,0.2857142857142857,0.8518518518518519,1.1375661375661377,0.5925925925925926,0.1875,,0.14285714285714285,0.25,0.03571428571428571,0.38461538461538464,0.6153846153846154,0.625,215.35714285714286,0.2857142857142857,0.8518518518518519,2.7650723857643595,0.3363399999999999,5,8,XB,28,27,7,23,1,0,0,S5,152,False,3TM,PHB,0.37355061182792026
4,8,8,2,2,0,1,0,1,6,1,0,0,1,0,0,0,0,0,0,1,1,1,2,0,0.25,0.25,0.75,1.0,0.5,0.16666666666666666,,0.125,0.125,0.0,0.4,0.6,0.6666666666666666,251.0,0.25,0.75,0.598708860847321,0.2077,2,3,XB,8,8,2,6,0,0,0,S5,152,True,RKT,RKT,0.08759756415658478
1,2,2,2,2,0,0,1,1,7,1,0,0,0,0,0,0,0,0,0,0,0,0,0,0,1.0,1.0,3.5,4.5,2.5,1.0,,0.5,0.0,0.0,,,,29.0,1.0,3.5,2.187912849334052,0.2891,0,0,XB,2,2,2,7,0,0,0,S5,152,True,LMN,LMN,0.22572295445136836
8,18,17,3,2,0,1,0,2,10,4,1,0,6,0,0,0,0,0,0,2,1,4,1,0,0.17647058823529413,0.2222222222222222,0.5882352941176471,0.8104575163398693,0.4117647058823529,0.1111111111111111,,0.1111111111111111,0.3333333333333333,0.05555555555555555,0.375,0.625,0.6,220.22222222222223,0.2222222222222222,0.5882352941176471,-0.021549324417012294,-0.16046,3,5,XB,18,17,3,10,1,0,0,S5,152,True,PHB,PHB,0.06023009321996727
6,13,12,5,3,3,1,0,1,9,4,1,0,3,1,0,0,0,0,0,2,0,1,1,0,0.4166666666666667,0.46153846153846156,0.75,1.2115384615384617,0.3333333333333333,0.5,,0.07692307692307693,0.23076923076923078,0.07692307692307693,0.5,0.5,1.0,202.33333333333334,0.38461538461538464,0.6923076923076923,2.812027844604779,0.18946599999999997,2,2,BC,13,13,5,9,0,0,0,S5,155,False,CHI,CHI,0.3262586363272385
3,9,8,1,1,1,0,0,0,1,0,1,0,3,1,0,0,0,0,0,1,0,3,0,0,0.125,0.2222222222222222,0.125,0.3472222222222222,0.0,0.2,,0.0,0.3333333333333333,0.1111111111111111,0.25,0.75,0.3333333333333333,211.25,0.2222222222222222,0.125,-1.9177019540382094,-0.032039,1,3,BN,9,8,1,1,1,0,0,S5,157,False,YUM,YUM,-0.16057768257298669
9,23,21,5,3,2,1,0,2,12,3,2,0,7,0,0,0,0,0,1,0,5,4,0,0,0.23809523809523808,0.30434782608695654,0.5714285714285714,0.8757763975155279,0.3333333333333333,0.25,,0.08695652173913043,0.30434782608695654,0.08695652173913043,0.6,0.4,1.5,257.82608695652175,0.2608695652173913,0.5238095238095238,-1.8374571523460745,-0.39085200000000003,6,4,BP,23,21,4,11,2,0,0,S5,158,False,2TM,TAI,-0.10403151577803102
7,17,15,3,2,2,0,0,1,6,1,2,0,7,0,0,0,0,0,1,0,3,2,0,0,0.2,0.29411764705882354,0.4,0.6941176470588235,0.2,0.2857142857142857,,0.058823529411764705,0.4117647058823529,0.11764705882352941,0.6666666666666666,0.3333333333333333,2.0,261.8235294117647,0.23529411764705882,0.3333333333333333,-2.1511299003903948,-0.31695200000000007,4,2,BP,17,15,2,5,2,0,0,S5,158,True,DAD,DAD,-0.15619379913635256
2,6,6,2,1,0,1,0,1,6,2,0,0,0,0,0,0,0,0,0,0,2,2,0,0,0.3333333333333333,0.3333333333333333,1.0,1.3333333333333333,0.6666666666666667,0.2,,0.16666666666666666,0.0,0.0,0.5,0.5,1.0,246.5,0.3333333333333333,1.0,0.31367274804431977,-0.0739,2,2,BP,6,6,2,6,0,0,0,S5,158,True,TAI,TAI,0.05216228335832147
7,18,17,7,2,4,2,0,1,12,2,1,0,0,0,0,0,0,0,1,3,1,2,4,0,0.4117647058823529,0.4444444444444444,0.7058823529411765,1.1503267973856208,0.2941176470588236,0.375,,0.05555555555555555,0.0,0.05555555555555555,0.45454545454545453,0.5454545454545454,0.8333333333333334,232.72222222222223,0.5,0.7647058823529411,1.162618276918105,0.2232,5,6,S,18,17,8,13,1,0,0,S5,159,False,YUM,YUM,0.17864685335347902
5,16,12,3,3,3,0,0,0,3,0,4,0,3,0,0,0,0,0,1,4,0,2,0,0,0.25,0.4375,0.25,0.6875,0.0,0.3333333333333333,,0.0,0.1875,0.25,0.7142857142857143,0.2857142857142857,2.5,246.625,0.4375,0.25,-1.8662291298861033,-0.21980000000000002,5,2,1B,16,12,3,3,4,0,0,S5,160,False,SPR,SPR,-0.131169556844905
5,14,9,4,2,3,1,0,0,5,1,5,0,1,0,0,0,0,0,0,1,1,2,0,0,0.4444444444444444,0.6428571428571429,0.5555555555555556,1.1984126984126986,0.11111111111111116,0.5,,0.0,0.07142857142857142,0.35714285714285715,0.5,0.5,1.0,196.0,0.5,0.45454545454545453,1.9234637653332127,0.2618309999999999,2,2,BC,14,11,4,5,3,0,0,S5,162,False,RKT,RKT,0.24086806315906345
10,26,23,5,3,3,0,0,2,11,3,3,0,4,0,1,1,0,0,0,2,2,6,4,0,0.21739130434782608,0.3076923076923077,0.4782608695652174,0.7859531772575251,0.26086956521739135,0.17647058823529413,0.5,0.07692307692307693,0.15384615384615385,0.11538461538461539,0.2857142857142857,0.7142857142857143,0.4,257.07142857142856,0.2692307692307692,0.43478260869565216,-1.6365092880348941,-0.22710000000000005,4,10,BP,26,23,4,10,3,0,0,S5,163,False,2TM,LMN,-0.07353922506996825
8,18,16,3,1,2,0,0,1,6,2,2,0,3,0,0,0,0,0,0,2,2,4,2,0,0.1875,0.2777777777777778,0.375,0.6527777777777778,0.1875,0.16666666666666666,,0.05555555555555555,0.16666666666666666,0.1111111111111111,0.4,0.6,0.6666666666666666,258.1666666666667,0.2777777777777778,0.3333333333333333,-1.4514805764092797,-0.14270000000000005,4,6,BP,18,15,2,5,3,0,0,S5,163,True,POR,POR,-0.08276303197925947
3,8,7,2,2,1,0,0,1,5,1,1,0,1,0,1,1,0,0,0,0,0,2,2,0,0.2857142857142857,0.375,0.7142857142857143,1.0892857142857144,0.4285714285714286,0.2,0.5,0.125,0.125,0.125,0.0,1.0,0.0,255.1,0.25,0.625,-0.18502871162561513,-0.08440000000000002,0,4,BP,8,8,2,5,0,0,0,S5,163,True,LMN,LMN,0.009223806909291154
9,24,22,6,4,1,2,0,3,17,5,2,0,5,0,0,0,0,0,0,4,2,4,1,0,0.2727272727272727,0.3333333333333333,0.7727272727272727,1.106060606060606,0.5,0.21428571428571427,,0.125,0.20833333333333334,0.08333333333333333,0.5454545454545454,0.45454545454545453,1.2,255.20833333333334,0.3333333333333333,0.7619047619047619,1.433684990779988,0.09606999999999996,6,5,BN,24,21,5,16,3,0,0,S5,164,False,POR,POR,0.2265485332935568
13,41,38,11,6,6,3,0,2,20,6,2,0,6,0,2,0,0,1,0,3,8,8,3,0,0.2894736842105263,0.3170731707317073,0.5263157894736842,0.8433889602053914,0.23684210526315785,0.2903225806451613,1.0,0.04878048780487805,0.14634146341463414,0.04878048780487805,0.4782608695652174,0.5217391304347826,0.9166666666666666,257.3953488372093,0.3170731707317073,0.5263157894736842,1.4224269206049969,0.2873620000000001,11,12,BP,41,38,11,20,2,1,0,S5,165,False,POR,POR,0.2843419171787446
6,12,11,5,2,3,2,0,0,7,0,1,0,3,1,0,0,0,0,0,0,1,1,1,0,0.45454545454545453,0.5,0.6363636363636364,1.1363636363636362,0.18181818181818182,0.625,,0.0,0.25,0.08333333333333333,0.3333333333333333,0.6666666666666666,0.5,203.36363636363637,0.5,0.6363636363636364,-0.2633019543030177,0.0069999999999999785,1,2,SF,12,11,5,7,1,0,0,S5,166,False,PPP,PPP,0.015259821677477225
3,8,6,0,0,0,0,0,0,0,0,2,0,0,0,0,0,0,0,0,1,0,3,2,0,0.0,0.25,0.0,0.25,0.0,0.0,,0.0,0.0,0.25,0.16666666666666666,0.8333333333333334,0.2,251.125,0.125,0.0,-1.5758775660082267,-0.03112100000000001,1,5,1B,8,7,0,0,1,0,0,S5,167,False,2TM,POR,-0.12986107852897
2,6,4,0,0,0,0,0,0,0,0,2,0,0,0,0,0,0,0,0,0,0,2,2,0,0.0,0.3333333333333333,0.0,0.3333333333333333,0.0,0.0,,0.0,0.0,0.3333333333333333,0.0,1.0,0.0,245.0,0.16666666666666666,0.0,-1.1752728796892544,-0.013100000000000014,0,4,1B,6,5,0,0,1,0,0,S5,167,True,LMN,LMN,-0.09673227941503595
1,2,2,0,0,0,0,0,0,0,0,0,0,0,0,0,0,0,0,0,1,0,1,0,0,0.0,0.0,0.0,0.0,0.0,0.0,,0.0,0.0,0.0,0.5,0.5,1.0,269.5,0.0,0.0,-0.40060468631897206,-0.018021,1,1,1B,2,2,0,0,0,0,0,S5,167,True,POR,POR,-0.033128799113934036
2,6,5,1,1,0,0,0,1,4,1,1,0,0,0,0,0,0,0,0,0,3,1,0,0,0.2,0.3333333333333333,0.8,1.1333333333333333,0.6000000000000001,0.0,,0.16666666666666666,0.0,0.16666666666666666,0.75,0.25,3.0,273.5,0.3333333333333333,0.8,-0.22946935672891394,-0.013380999999999999,3,1,BN,6,5,1,4,1,0,0,S5,168,False,POR,POR,-0.0021519271190018952
3,8,7,3,3,1,1,0,1,7,2,1,0,1,0,0,0,0,0,0,1,0,2,0,0,0.42857142857142855,0.5,1.0,1.5,0.5714285714285714,0.4,,0.125,0.125,0.125,0.3333333333333333,0.6666666666666666,0.5,183.375,0.375,0.875,1.5786135985179275,0.382,1,2,BN,8,8,3,7,0,0,0,S5,169,False,MVM,MVM,0.18558803792364542
10,26,23,6,5,4,0,0,2,12,4,3,0,8,4,0,0,0,0,0,3,1,5,0,0,0.2608695652173913,0.34615384615384615,0.5217391304347826,0.8678929765886287,0.2608695652173913,0.3076923076923077,,0.07692307692307693,0.3076923076923077,0.11538461538461539,0.4444444444444444,0.5555555555555556,0.8,220.22727272727272,0.3076923076923077,0.47619047619047616,-0.2899431391024866,0.212084,4,5,BC,26,21,4,10,4,1,0,S5,170,False,POR,POR,0.06111738982327251
1,3,3,1,0,1,0,0,0,1,0,0,0,1,0,0,0,0,0,0,0,0,1,0,0,0.3333333333333333,0.3333333333333333,0.3333333333333333,0.6666666666666666,0.0,0.5,,0.0,0.3333333333333333,0.0,0.0,1.0,0.0,220.33333333333334,0.3333333333333333,0.3333333333333333,-0.1218618673080899,0.01859999999999999,0,1,1B,3,3,1,1,0,0,0,S5,173,False,POR,POR,-0.0017886824538642405
2,4,3,1,1,1,0,0,0,1,0,1,0,0,0,0,0,0,0,0,0,1,0,1,0,0.3333333333333333,0.5,0.3333333333333333,0.8333333333333333,0.0,0.3333333333333333,,0.0,0.0,0.25,0.5,0.5,1.0,256.25,0.5,0.0,0.10629829825352316,0.007199999999999995,1,1,1B,4,2,0,0,2,0,0,S5,175,False,NUL,NUL,0.02449316886127865
7,21,21,6,2,1,3,0,2,15,3,0,0,6,0,0,0,0,0,1,5,0,2,2,0,0.2857142857142857,0.2857142857142857,0.7142857142857143,1.0,0.4285714285714286,0.3076923076923077,,0.09523809523809523,0.2857142857142857,0.0,0.6,0.4,1.5,262.2857142857143,0.2857142857142857,0.6190476190476191,-0.7575382535747226,-0.023442000000000032,6,4,BP,21,21,6,13,0,0,0,S5,176,False,TSA,TSA,-0.00297129541885901
5,16,13,3,4,0,2,0,1,8,4,3,1,2,0,0,0,0,0,1,3,2,3,0,0,0.23076923076923078,0.375,0.6153846153846154,0.9903846153846154,0.38461538461538464,0.2,,0.0625,0.125,0.1875,0.6666666666666666,0.3333333333333333,2.0,261.0,0.375,0.6153846153846154,0.6495316317999884,0.06790000000000002,6,3,BN,16,13,3,8,3,0,0,S5,178,False,2TM,CHI,0.12040651932370419
3,10,8,3,3,0,2,0,1,8,4,2,0,0,0,0,0,0,0,0,2,1,2,0,0,0.375,0.5,1.0,1.5,0.625,0.2857142857142857,,0.1,0.0,0.2,0.6,0.4,1.5,218.1,0.5,1.0,3.0943907121555934,0.26130000000000003,3,2,BN,10,8,3,8,2,0,0,S5,178,True,POR,POR,0.3440974188053752
2,6,5,0,1,0,0,0,0,0,0,1,1,2,0,0,0,0,0,1,1,1,1,0,0,0.0,0.16666666666666666,0.0,0.16666666666666666,0.0,0.0,,0.0,0.3333333333333333,0.16666666666666666,0.75,0.25,3.0,346.8,0.16666666666666666,0.0,-2.444859080355605,-0.19340000000000002,3,1,BN,6,5,0,0,1,0,0,S5,178,True,CHI,CHI,-0.223690899481671
14,39,35,14,6,9,2,0,3,25,7,3,0,5,0,5,2,0,1,2,3,3,5,6,0,0.4,0.4358974358974359,0.7142857142857143,1.15018315018315,0.3142857142857143,0.39285714285714285,0.7142857142857143,0.07692307692307693,0.1282051282051282,0.07692307692307693,0.4,0.6,0.6666666666666666,229.67391304347825,0.46153846153846156,0.7272727272727273,2.753630429084521,0.5612289999999999,8,12,BC,39,33,13,24,5,1,0,S5,180,False,GBC,GBC,0.41053059850873386
2,5,4,1,2,0,0,1,0,3,0,1,0,2,0,0,0,0,0,0,0,0,1,0,0,0.25,0.4,0.75,1.15,0.5,0.5,,0.0,0.4,0.2,0.0,1.0,0.0,224.6,0.4,0.75,-0.6004262874433648,-0.05100000000000001,0,1,1B,5,4,1,3,1,0,0,S5,181,False,DAD,DAD,-0.04271345494942856
2,4,4,0,0,0,0,0,0,0,0,0,0,1,1,0,0,0,0,0,2,0,1,0,0,0.0,0.0,0.0,0.0,0.0,0.0,,0.0,0.25,0.0,0.6666666666666666,0.3333333333333333,2.0,374.0,0.0,0.0,-1.190513260034813,-0.1376,2,1,SM,4,4,0,0,0,0,0,S5,182,False,GBC,GBC,-0.10518798696755496
1,2,2,1,0,1,0,0,0,1,0,0,0,0,0,0,0,0,0,0,0,0,0,1,0,0.5,0.5,0.5,1.0,0.0,0.5,,0.0,0.0,0.0,0.0,1.0,0.0,243.0,0.5,0.0,0.13046913978591002,0.0665,0,1,XB,2,1,0,0,1,0,0,S5,183,False,CHI,CHI,0.01997858349655417
5,10,9,2,2,0,1,0,1,6,3,1,0,3,1,0,0,0,0,1,2,1,0,1,0,0.2222222222222222,0.3,0.6666666666666666,0.9666666666666666,0.4444444444444444,0.2,,0.1,0.3,0.1,0.8,0.2,4.0,271.0,0.3,0.6666666666666666,-0.17632430911603447,-0.221367,4,1,EN,10,9,2,6,1,0,0,S5,184,False,GBC,GBC,0.017025916678212388
1,3,3,1,1,0,0,0,1,4,1,0,0,2,0,0,0,0,0,0,0,0,0,0,0,0.3333333333333333,0.3333333333333333,1.3333333333333333,1.6666666666666665,1.0,,,0.3333333333333333,0.6666666666666666,0.0,,,,201.0,0.3333333333333333,1.3333333333333333,0.5172474505580541,-0.0235,0,0,XB,3,3,1,4,0,0,0,S5,185,False,PHB,PHB,0.06212224933275016
10,27,22,11,6,9,1,1,0,14,3,5,0,0,0,2,0,0,0,1,1,4,2,4,0,0.5,0.5925925925925926,0.6363636363636364,1.2289562289562288,0.13636363636363635,0.5,1.0,0.0,0.0,0.18518518518518517,0.5,0.5,1.0,193.79310344827587,0.5555555555555556,0.6521739130434783,3.5274364986113658,0.09322100000000005,6,6,1B,27,23,11,15,4,0,0,S5,186,False,2TM,TAC,0.4463211883536394
1,3,3,1,1,0,1,0,0,2,1,0,0,0,0,0,0,0,0,0,0,0,1,1,0,0.3333333333333333,0.3333333333333333,0.6666666666666666,1.0,0.3333333333333333,0.3333333333333333,,0.0,0.0,0.0,0.0,1.0,0.0,178.66666666666666,0.3333333333333333,0.6666666666666666,0.3677693809104166,0.0979,0,2,1B,3,3,1,2,0,0,0,S5,186,True,LMN,LMN,0.047174442367986416
9,24,19,10,5,9,0,1,0,12,2,5,0,0,0,2,0,0,0,1,1,4,1,3,0,0.5263157894736842,0.625,0.631578947368421,1.256578947368421,0.10526315789473684,0.5263157894736842,1.0,0.0,0.0,0.20833333333333334,0.6,0.4,1.5,195.53846153846155,0.5833333333333334,0.65,3.1596671177009497,-0.004678999999999944,6,4,1B,24,20,10,13,4,0,0,S5,186,True,TAC,TAC,0.399146745985653
6,16,12,3,3,1,0,0,2,9,4,4,0,2,0,0,0,0,0,0,1,0,4,2,0,0.25,0.4375,0.75,1.1875,0.5,0.125,,0.125,0.125,0.25,0.14285714285714285,0.8571428571428571,0.16666666666666666,202.9375,0.375,0.6923076923076923,1.6970552608780989,0.1360000000000001,1,6,SM,16,13,3,9,3,0,0,S5,187,False,WWC,WWC,0.22515888223151523
3,8,8,4,2,3,0,1,0,6,0,0,0,0,0,0,0,0,0,0,1,0,1,2,0,0.5,0.5,0.75,1.25,0.25,0.5,,0.0,0.0,0.0,0.25,0.75,0.3333333333333333,206.375,0.5,0.75,0.5091518497038239,0.07039999999999999,1,3,SM,8,8,4,6,0,0,0,S5,188,False,RKT,RKT,0.07864186304223506
2,7,7,1,0,1,0,0,0,1,0,0,0,4,1,0,0,0,0,0,1,1,0,0,0,0.14285714285714285,0.14285714285714285,0.14285714285714285,0.2857142857142857,0.0,0.3333333333333333,,0.0,0.5714285714285714,0.0,1.0,0.0,,343.3333333333333,0.14285714285714285,0.14285714285714285,-1.3483467544093268,-0.09300000000000001,2,0,XB,7,7,1,1,0,0,0,S5,189,False,SPR,SPR,-0.1105738321280616
3,6,5,2,1,1,1,0,0,3,1,1,0,1,1,0,0,0,0,0,0,0,2,0,0,0.4,0.5,0.6,1.1,0.19999999999999996,0.5,,0.0,0.16666666666666666,0.16666666666666666,0.0,1.0,0.0,172.25,0.5,0.6,1.4555595208993057,0.1507,0,2,BC,6,5,2,3,1,0,0,S5,190,False,GBC,GBC,0.16635096064382007
11,28,22,4,5,0,1,1,2,13,4,6,0,5,0,0,0,0,0,0,1,2,7,3,0,0.18181818181818182,0.35714285714285715,0.5909090909090909,0.948051948051948,0.4090909090909091,0.13333333333333333,,0.07142857142857142,0.17857142857142858,0.21428571428571427,0.23076923076923078,0.7692307692307693,0.3,232.60714285714286,0.35714285714285715,0.6521739130434783,-0.37238579874435573,-0.018858000000000003,3,10,TT,28,23,5,15,5,0,0,S5,191,False,GBC,GBC,0.05980479337704876
10,23,23,7,4,2,4,0,1,14,2,0,0,2,0,1,0,0,0,0,3,2,3,6,0,0.30434782608695654,0.30434782608695654,0.6086956521739131,0.9130434782608696,0.30434782608695654,0.3,1.0,0.043478260869565216,0.08695652173913043,0.0,0.35714285714285715,0.6428571428571429,0.5555555555555556,249.125,0.30434782608695654,0.6363636363636364,-0.9681443108685094,-0.19205599999999998,5,9,XB,23,22,6,14,1,0,0,S5,192,False,GBC,GBC,-0.01710023163027452
9,21,20,4,5,1,0,0,3,13,6,1,0,2,0,0,0,0,0,1,5,0,4,5,0,0.2,0.23809523809523808,0.65,0.888095238095238,0.45,0.06666666666666667,,0.14285714285714285,0.09523809523809523,0.047619047619047616,0.4,0.6,0.6666666666666666,296.57142857142856,0.19047619047619047,0.6190476190476191,-0.7782311266722314,0.31154999999999994,6,9,SM,21,21,4,13,0,0,0,S5,193,False,2TM,SPR,-0.005040582728609888
3,6,5,0,1,0,0,0,0,0,0,1,0,0,0,0,0,0,0,0,2,0,2,1,0,0.0,0.16666666666666666,0.0,0.16666666666666666,0.0,0.0,,0.0,0.0,0.16666666666666666,0.4,0.6,0.6666666666666666,340.8333333333333,0.0,0.0,-1.4926297464149427,-0.0872,2,3,SM,6,6,0,0,0,0,0,S5,193,True,LMN,LMN,-0.12846796608760477
6,15,15,4,4,1,0,0,3,13,6,0,0,2,0,0,0,0,0,1,3,0,2,4,0,0.26666666666666666,0.26666666666666666,0.8666666666666667,1.1333333333333333,0.6000000000000001,0.1,,0.2,0.13333333333333333,0.0,0.4,0.6,0.6666666666666666,278.8666666666667,0.26666666666666666,0.8666666666666667,0.7143986197427107,0.39874999999999994,4,6,SM,15,15,4,13,0,0,0,S5,193,True,SPR,SPR,0.12342738335899481
7,15,13,3,2,2,0,0,1,6,3,2,0,4,1,1,0,0,0,0,0,0,2,4,0,0.23076923076923078,0.3333333333333333,0.46153846153846156,0.7948717948717949,0.23076923076923078,0.25,1.0,0.06666666666666667,0.26666666666666666,0.13333333333333333,0.0,1.0,0.0,204.2,0.3333333333333333,0.46153846153846156,0.5929543361745029,-0.05539999999999998,0,6,WC,15,13,3,6,2,0,0,S5,194,False,GBC,GBC,0.11128295500217404
2,6,4,1,1,1,0,0,0,1,1,1,0,2,0,0,0,0,1,0,0,0,2,0,0,0.25,0.3333333333333333,0.25,0.5833333333333333,0.0,0.3333333333333333,,0.0,0.3333333333333333,0.16666666666666666,0.0,1.0,0.0,210.33333333333334,0.3333333333333333,0.5,-0.5873210480701356,-0.015621000000000003,0,3,WC,6,4,1,2,1,1,0,S5,196,False,YUM,YUM,-0.03793709625312407
5,11,9,2,2,0,0,1,1,7,1,2,0,1,0,0,0,0,0,0,3,2,1,0,0,0.2222222222222222,0.36363636363636365,0.7777777777777778,1.1414141414141414,0.5555555555555556,0.14285714285714285,,0.09090909090909091,0.09090909090909091,0.18181818181818182,0.8333333333333334,0.16666666666666666,5.0,242.1,0.36363636363636365,0.8888888888888888,0.18317054557761664,0.03219999999999999,5,1,MH,11,9,2,8,2,0,0,S5,197,False,WWC,WWC,0.05644123690655909
5,14,11,1,2,0,1,0,0,2,0,3,0,1,0,0,0,0,0,0,0,3,5,1,0,0.09090909090909091,0.2857142857142857,0.18181818181818182,0.4675324675324675,0.09090909090909091,0.1,,0.0,0.07142857142857142,0.21428571428571427,0.3333333333333333,0.6666666666666666,0.5,267.07142857142856,0.21428571428571427,0.23076923076923078,-2.1235278812262313,-0.12949999999999998,3,6,S,14,13,2,3,1,0,0,S5,198,False,KTY,KTY,-0.16383110149688096
1,1,0,0,1,0,0,0,0,0,0,1,0,0,0,0,0,0,0,0,0,0,0,0,0,,1.0,,,,,,0.0,0.0,1.0,,,,97.0,1.0,1.0,0.2487542606140989,0.0173,0,0,1B,1,1,1,1,0,0,0,S5,202,False,WWC,WWC,0.028341260820391474
10,30,28,10,9,3,3,3,1,22,8,2,0,6,0,0,0,0,0,0,4,2,2,4,0,0.35714285714285715,0.4,0.7857142857142857,1.1857142857142857,0.42857142857142855,0.42857142857142855,,0.03333333333333333,0.2,0.06666666666666667,0.5,0.5,1.0,235.2,0.3333333333333333,0.6785714285714286,3.435069459014842,-0.345852,6,6,XB,30,28,8,19,2,0,0,S5,203,False,SAR,SAR,0.44748198867093175
8,24,20,8,5,4,3,1,0,13,3,4,0,5,1,0,0,0,0,1,2,3,1,1,0,0.4,0.5,0.65,1.15,0.25,0.5333333333333333,,0.0,0.20833333333333334,0.16666666666666666,0.75,0.25,3.0,215.5909090909091,0.5,0.5263157894736842,2.2159578644803646,0.12242199999999999,6,2,1B,24,19,7,10,5,0,0,S5,204,False,POR,POR,0.3047758206635945
3,6,6,3,2,1,0,1,1,8,1,0,0,0,0,0,0,0,0,0,1,0,1,1,0,0.5,0.5,1.3333333333333333,1.8333333333333333,0.8333333333333333,0.4,,0.16666666666666666,0.0,0.0,0.3333333333333333,0.6666666666666666,0.5,175.66666666666666,0.5,1.5,0.6741565279953289,0.09,1,2,BP,6,6,3,9,0,0,0,S5,205,False,ISO,ISO,0.0882106613534224
8,19,18,3,3,0,1,1,1,9,3,1,0,4,0,0,0,0,0,0,1,3,4,3,0,0.16666666666666666,0.21052631578947367,0.5,0.7105263157894737,0.33333333333333337,0.15384615384615385,,0.05263157894736842,0.21052631578947367,0.05263157894736842,0.36363636363636365,0.6363636363636364,0.5714285714285714,258.42105263157896,0.15789473684210525,0.47368421052631576,-0.10026047830183327,-0.19725600000000001,4,7,XB,19,19,3,9,0,0,0,S5,206,False,PHB,PHB,0.05582481259046675
14,38,36,6,5,1,2,0,3,17,3,2,0,4,0,0,0,0,0,3,6,8,9,3,0,0.16666666666666666,0.21052631578947367,0.4722222222222222,0.6827485380116959,0.3055555555555556,0.10344827586206896,,0.07894736842105263,0.10526315789473684,0.05263157894736842,0.5862068965517241,0.41379310344827586,1.4166666666666667,283.07894736842104,0.21052631578947367,0.4722222222222222,-6.403396331166262,-1.027061,17,12,1B,38,36,6,17,2,0,0,S5,207,False,WWC,WWC,-0.5086379122753261
3,9,8,1,2,1,0,0,0,1,0,1,0,1,1,0,0,0,0,0,0,3,1,2,0,0.125,0.2222222222222222,0.125,0.3472222222222222,0.0,0.14285714285714285,,0.0,0.1111111111111111,0.1111111111111111,0.5,0.5,1.0,323.375,0.2222222222222222,0.125,-1.5715038140150672,-0.15039999999999998,3,3,BC,9,8,1,1,1,0,0,S5,209,False,JUP,JUP,-0.12595786857067245
5,14,14,5,1,3,1,1,0,8,2,0,0,3,0,0,0,0,0,0,0,4,1,1,0,0.35714285714285715,0.35714285714285715,0.5714285714285714,0.9285714285714286,0.21428571428571425,0.45454545454545453,,0.0,0.21428571428571427,0.0,0.6666666666666666,0.3333333333333333,2.0,267.2857142857143,0.35714285714285715,0.5714285714285714,0.7118347913506554,-0.13489900000000002,4,2,BC,14,14,5,8,0,0,0,S5,210,False,RKT,RKT,0.1197051657608077
5,15,12,3,2,1,2,0,0,5,1,3,0,1,0,0,0,0,0,1,2,2,3,1,0,0.25,0.4,0.4166666666666667,0.8166666666666667,0.16666666666666669,0.2727272727272727,,0.0,0.06666666666666667,0.2,0.5555555555555556,0.4444444444444444,1.25,232.13333333333333,0.25,0.2727272727272727,-1.0215582021215195,-0.07478900000000001,5,4,1B,12,11,2,3,1,0,0,S5,213,False,PPP,PPP,-0.050168298827428195
1,3,2,0,0,0,0,0,0,0,1,0,0,0,0,0,0,0,1,0,0,2,1,0,0,0.0,0.0,0.0,0.0,0.0,0.0,,0.0,0.0,0.0,0.5,0.5,1.0,337.3333333333333,0.0,0.0,-0.6963494853307355,-0.0321,2,2,1B,3,2,0,0,0,1,0,S5,216,False,GTY,GTY,-0.0592374442561288
3,4,4,1,0,1,0,0,0,1,1,0,0,1,1,0,1,0,0,0,0,0,0,2,0,0.25,0.25,0.25,0.5,0.0,0.3333333333333333,0.0,0.0,0.25,0.0,0.0,1.0,0.0,298.0,0.25,0.25,-0.14116154770429062,-0.10490000000000001,0,2,S,4,4,1,1,0,0,0,S5,217,False,WWC,WWC,-0.00025281573450272875
5,16,14,3,2,1,0,1,1,8,2,2,0,2,0,0,0,0,0,0,2,4,2,1,0,0.21428571428571427,0.3125,0.5714285714285714,0.8839285714285714,0.3571428571428571,0.18181818181818182,,0.0625,0.125,0.125,0.6666666666666666,0.3333333333333333,2.0,285.0625,0.3125,0.5714285714285714,0.07974986677348683,0.22162300000000001,6,3,WC,16,14,3,8,2,0,0,S5,218,False,2TM,LMN,0.06342834282105402
2,5,4,0,0,0,0,0,0,0,0,1,0,0,0,0,0,0,0,0,1,1,2,0,0,0.0,0.2,0.0,0.2,0.0,0.0,,0.0,0.0,0.2,0.5,0.5,1.0,286.6,0.2,0.0,-1.120154601272017,-0.0781,2,2,WC,5,4,0,0,1,0,0,S5,218,True,GTY,GTY,-0.09468628633229378
4,11,10,3,2,1,0,1,1,8,2,1,0,2,0,0,0,0,0,0,1,3,0,1,0,0.3,0.36363636363636365,0.8,1.1636363636363636,0.5,0.2857142857142857,,0.09090909090909091,0.18181818181818182,0.09090909090909091,0.8,0.2,4.0,284.3636363636364,0.36363636363636365,0.8,1.1999044680455042,0.29972299999999996,4,1,WC,11,10,3,8,1,0,0,S5,218,True,LMN,LMN,0.15811462915334784
4,8,6,1,3,0,0,0,1,4,1,2,0,2,0,1,0,0,0,0,1,0,1,1,0,0.16666666666666666,0.375,0.6666666666666666,1.0416666666666665,0.5,0.0,1.0,0.125,0.25,0.25,0.3333333333333333,0.6666666666666666,0.5,245.44444444444446,0.375,0.6666666666666666,-0.048726305389676206,0.02049999999999999,1,2,WC,8,6,1,4,2,0,0,S5,219,False,2TM,JUP,0.022854047532885047
2,4,3,1,2,0,0,0,1,4,1,1,0,0,0,0,0,0,0,0,1,0,0,1,0,0.3333333333333333,0.5,1.3333333333333333,1.8333333333333333,1.0,0.0,,0.25,0.0,0.25,0.5,0.5,1.0,238.75,0.5,1.3333333333333333,0.3955181499647443,0.0996,1,1,WC,4,3,1,4,1,0,0,S5,219,True,GTY,GTY,0.05341515403240077
2,4,3,0,1,0,0,0,0,0,0,1,0,2,0,1,0,0,0,0,0,0,1,0,0,0.0,0.25,0.0,0.25,0.0,0.0,1.0,0.0,0.5,0.25,0.0,1.0,0.0,250.8,0.25,0.0,-0.4442444553544204,-0.0791,0,1,WC,4,3,0,0,1,0,0,S5,219,True,JUP,JUP,-0.03056110649951571
5,9,7,2,0,1,1,0,0,3,0,2,0,4,2,0,0,0,0,0,0,0,0,1,0,0.2857142857142857,0.4444444444444444,0.42857142857142855,0.873015873015873,0.14285714285714285,0.6666666666666666,,0.0,0.4444444444444444,0.2222222222222222,0.0,1.0,0.0,182.71428571428572,0.3333333333333333,0.375,0.4409403369127153,-0.009500000000000015,0,1,BP,9,8,2,3,1,0,0,S5,220,False,CHI,CHI,0.07528654652210579
3,5,5,0,0,0,0,0,0,0,0,0,0,4,1,0,0,0,0,0,0,0,0,1,0,0.0,0.0,0.0,0.0,0.0,0.0,,0.0,0.8,0.0,0.0,1.0,0.0,272.25,0.0,0.0,-1.8106886872700687,-0.13319999999999999,0,1,HK,5,5,0,0,0,0,0,S5,223,False,GTY,GTY,-0.16373969493209894
14,37,32,13,7,10,2,0,1,18,7,5,0,3,0,0,0,0,0,1,2,4,8,2,0,0.40625,0.4864864864864865,0.5625,1.0489864864864864,0.15625,0.42857142857142855,,0.02702702702702703,0.08108108108108109,0.13513513513513514,0.4117647058823529,0.5882352941176471,0.7,219.0810810810811,0.4864864864864865,0.5625,3.7048307046213615,0.285515,7,10,1B,37,32,13,18,5,0,0,S5,226,False,WSH,WSH,0.4987189565444547
8,25,24,7,3,3,2,1,1,14,4,1,0,9,2,0,0,0,0,1,3,2,2,1,0,0.2916666666666667,0.32,0.5833333333333334,0.9033333333333333,0.2916666666666667,0.42857142857142855,,0.04,0.36,0.04,0.6666666666666666,0.3333333333333333,2.0,232.69565217391303,0.32,0.5652173913043478,-1.7733211844398855,-0.30614899999999995,6,3,XB,25,23,6,13,2,0,0,S5,230,False,ISO,ISO,-0.09068624946944896
8,20,19,3,2,1,0,0,2,9,3,1,0,1,0,0,0,0,0,0,3,0,8,4,0,0.15789473684210525,0.2,0.47368421052631576,0.6736842105263158,0.3157894736842105,0.0625,,0.1,0.05,0.05,0.2,0.8,0.25,249.55,0.2,0.4444444444444444,-1.021056676839297,-0.23526,3,12,S,20,18,2,8,2,0,0,S5,233,False,TAI,TAI,-0.03278897250429803
7,18,17,5,3,4,1,0,0,6,0,1,0,4,0,0,0,0,0,0,2,1,4,1,0,0.29411764705882354,0.3333333333333333,0.35294117647058826,0.6862745098039216,0.05882352941176472,0.38461538461538464,,0.0,0.2222222222222222,0.05555555555555555,0.375,0.625,0.6,250.38888888888889,0.3333333333333333,0.3125,-2.9600171816717467,-0.2385,3,5,BN,18,16,4,5,2,0,0,S5,234,False,WSH,WSH,-0.23361669250550615
2,7,7,4,2,0,2,1,1,11,8,0,0,1,0,0,0,0,0,0,0,0,1,1,0,0.5714285714285714,0.5714285714285714,1.5714285714285714,2.142857142857143,1.0,0.6,,0.14285714285714285,0.14285714285714285,0.0,0.0,1.0,0.0,161.0,0.5714285714285714,1.5714285714285714,6.674050895514007,0.10149999999999998,0,2,S,7,7,4,11,0,0,0,S5,235,False,MVM,MVM,0.6916659328642718
2,4,4,1,1,1,0,0,0,1,0,0,0,1,0,0,0,0,0,0,0,1,1,0,0,0.25,0.25,0.25,0.5,0.0,0.3333333333333333,,0.0,0.25,0.0,0.5,0.5,1.0,248.25,0.25,0.25,-0.6529643715970741,-0.022899999999999993,1,1,S,4,4,1,1,0,0,0,S5,236,False,MVM,MVM,-0.05143309812378107
9,24,21,8,5,2,3,0,3,20,7,3,0,4,0,1,0,0,0,1,2,1,2,4,0,0.38095238095238093,0.4583333333333333,0.9523809523809523,1.4107142857142856,0.5714285714285714,0.35714285714285715,1.0,0.125,0.16666666666666666,0.125,0.4,0.6,0.6666666666666666,201.36,0.4166666666666667,0.9047619047619048,2.848644769015442,0.14078300000000016,4,6,XB,24,21,8,19,2,1,0,S5,238,False,2TM,MVM,0.36804451111710224
6,11,10,3,1,1,2,0,0,5,0,1,0,3,0,0,0,0,0,1,2,1,0,1,0,0.3,0.36363636363636365,0.5,0.8636363636363636,0.2,0.42857142857142855,,0.0,0.2727272727272727,0.09090909090909091,0.8,0.2,4.0,245.45454545454547,0.36363636363636365,0.4,-1.7949438872156196,-0.35309999999999997,4,1,XB,11,10,3,4,1,0,0,S5,238,True,MVM,MVM,-0.14137020637276454
5,13,11,5,4,1,1,0,3,15,7,2,0,1,0,1,0,0,0,0,0,0,2,3,0,0.45454545454545453,0.5384615384615384,1.3636363636363635,1.902097902097902,0.909090909090909,0.2857142857142857,1.0,0.23076923076923078,0.07692307692307693,0.15384615384615385,0.0,1.0,0.0,166.71428571428572,0.46153846153846156,1.3636363636363635,4.643588656231061,0.49388299999999996,0,5,XB,13,11,5,15,1,1,0,S5,238,True,LMN,LMN,0.5094147174898667
5,14,10,5,4,1,2,0,2,13,3,4,0,1,0,0,0,0,0,1,2,0,1,1,0,0.5,0.6428571428571429,1.3,1.942857142857143,0.8,0.42857142857142855,,0.14285714285714285,0.07142857142857142,0.2857142857142857,0.6,0.4,1.5,163.0,0.6428571428571429,1.2727272727272727,3.2740180563071464,0.255071,3,2,HK,14,11,6,14,3,0,0,S5,241,False,TAI,TAI,0.3759234922564568
5,11,8,1,3,0,0,0,1,4,1,3,0,2,2,0,0,0,0,1,0,3,1,1,0,0.125,0.36363636363636365,0.5,0.8636363636363636,0.375,0.0,,0.09090909090909091,0.18181818181818182,0.2727272727272727,0.6666666666666666,0.3333333333333333,2.0,281.25,0.2727272727272727,0.4444444444444444,-1.2956260692278925,-0.05259999999999999,4,2,EN,11,9,1,4,2,0,0,S5,244,False,ISO,ISO,-0.09143842457399183
1,1,1,0,0,0,0,0,0,0,0,0,0,1,1,0,0,0,0,0,0,0,0,0,0,0.0,0.0,0.0,0.0,0.0,,,0.0,1.0,0.0,,,,,0.0,0.0,-0.2634965329799808,-0.0277,0,0,BP,1,1,0,0,0,0,0,S5,246,False,NUL,NUL,-0.0228838185390165
9,29,26,6,6,0,3,2,1,16,6,3,0,5,1,0,0,0,0,2,6,1,5,3,0,0.23076923076923078,0.3103448275862069,0.6153846153846154,0.9257294429708223,0.38461538461538464,0.25,,0.034482758620689655,0.1724137931034483,0.10344827586206896,0.5294117647058824,0.47058823529411764,1.125,249.17857142857142,0.3103448275862069,0.5384615384615384,0.0578671423156093,0.23704999999999998,9,8,S,29,26,6,14,3,0,0,S5,247,False,SAR,SAR,0.10629592224202686
4,10,9,1,1,0,0,0,1,4,1,1,0,4,0,0,0,0,0,0,1,1,1,1,0,0.1111111111111111,0.2,0.4444444444444444,0.6444444444444444,0.3333333333333333,0.0,,0.1,0.4,0.1,0.5,0.5,1.0,285.2,0.2,0.4444444444444444,-0.5422476384330075,-0.01520000000000001,2,2,BP,10,9,1,4,1,0,0,S5,249,False,POR,POR,-0.019566416253484913
3,6,5,1,1,0,1,0,0,2,0,1,1,1,0,0,0,0,0,0,1,0,1,1,0,0.2,0.3333333333333333,0.4,0.7333333333333334,0.2,0.25,,0.0,0.16666666666666666,0.16666666666666666,0.3333333333333333,0.6666666666666666,0.5,285.0,0.3333333333333333,0.4,-0.7727018431559813,-0.0012000000000000066,1,2,SM,6,5,1,2,1,0,0,S5,250,False,TAC,TAC,-0.05647517576170864
4,9,9,2,2,2,0,0,0,2,0,0,0,0,0,0,0,0,0,0,1,1,2,3,0,0.2222222222222222,0.2222222222222222,0.2222222222222222,0.4444444444444444,0.0,0.2222222222222222,,0.0,0.0,0.0,0.2857142857142857,0.7142857142857143,0.4,289.22222222222223,0.2222222222222222,0.2222222222222222,-0.8789497154049464,-0.1648,2,5,SF,9,9,2,2,0,0,0,S5,252,False,MVM,MVM,-0.05670245870966038
3,9,7,2,2,0,0,0,2,8,3,2,0,0,0,0,0,0,0,0,0,0,2,3,0,0.2857142857142857,0.4444444444444444,1.1428571428571428,1.5873015873015872,0.8571428571428571,0.0,,0.2222222222222222,0.0,0.2222222222222222,0.0,1.0,0.0,221.88888888888889,0.4444444444444444,1.1428571428571428,1.435655358937121,0.1663,0,5,WC,9,7,2,8,2,0,0,S5,256,False,SPR,SPR,0.17475804872454637
7,16,15,4,3,0,2,1,1,11,2,1,0,3,1,0,0,0,0,1,4,2,1,1,0,0.26666666666666666,0.3125,0.7333333333333333,1.0458333333333334,0.4666666666666666,0.2727272727272727,,0.0625,0.1875,0.0625,0.7777777777777778,0.2222222222222222,3.5,262.46666666666664,0.3125,0.7333333333333333,1.1178595825608466,0.14909999999999998,7,2,EN,16,15,4,11,1,0,0,S5,257,False,2TM,YUM,0.16723931439978998
5,11,10,3,2,0,2,0,1,8,2,1,0,2,1,0,0,0,0,0,3,1,1,0,0,0.3,0.36363636363636365,0.8,1.1636363636363636,0.5,0.2857142857142857,,0.09090909090909091,0.18181818181818182,0.09090909090909091,0.8,0.2,4.0,249.3,0.36363636363636365,0.8,1.8182708576492919,0.24339999999999995,4,1,EN,11,10,3,8,1,0,0,S5,257,True,DAD,DAD,0.21995126811372662
2,5,5,1,1,0,0,1,0,3,0,0,0,1,0,0,0,0,0,1,1,1,0,1,0,0.2,0.2,0.6,0.8,0.39999999999999997,0.25,,0.0,0.2,0.0,0.75,0.25,3.0,288.8,0.2,0.6,-0.7004112750884448,-0.0943,3,1,EN,5,5,1,3,0,0,0,S5,257,True,YUM,YUM,-0.05271195371393657
3,7,6,1,0,1,0,0,0,1,0,1,0,1,0,0,0,0,0,1,1,1,2,0,0,0.16666666666666666,0.2857142857142857,0.16666666666666666,0.45238095238095233,0.0,0.2,,0.0,0.14285714285714285,0.14285714285714285,0.6,0.4,1.5,297.14285714285717,0.2857142857142857,0.16666666666666666,-0.8752301001268311,-0.11150000000000002,3,2,SM,7,6,1,1,1,0,0,S5,258,False,JUP,JUP,-0.06326216669981202
6,18,17,5,3,2,0,0,3,14,9,0,0,4,0,0,0,0,1,1,1,2,5,1,0,0.29411764705882354,0.2777777777777778,0.8235294117647058,1.1013071895424837,0.5294117647058822,0.18181818181818182,,0.16666666666666666,0.2222222222222222,0.0,0.36363636363636365,0.6363636363636364,0.5714285714285714,248.38888888888889,0.2777777777777778,0.8235294117647058,2.933118809153781,0.4996,4,7,BP,18,17,5,14,0,1,0,S5,259,False,2TM,SPR,0.3556969065770466
6,16,15,4,2,2,0,0,2,10,5,0,0,4,0,0,0,0,1,0,0,2,5,1,0,0.26666666666666666,0.25,0.6666666666666666,0.9166666666666666,0.39999999999999997,0.2,,0.125,0.25,0.0,0.2222222222222222,0.7777777777777778,0.2857142857142857,255.3125,0.25,0.6666666666666666,0.5790852628832305,0.3021999999999999,2,7,BP,16,15,4,10,0,1,0,S5,259,True,SPR,SPR,0.11336188243202838
1,2,2,1,1,0,0,0,1,4,4,0,0,0,0,0,0,0,0,1,1,0,0,0,0,0.5,0.5,2.0,2.5,1.5,0.0,,0.5,0.0,0.0,1.0,0.0,,193.0,0.5,2.0,2.354033546270551,0.19740000000000002,2,0,BP,2,2,1,4,0,0,0,S5,259,True,LMN,LMN,0.24233502414501826
7,20,19,5,3,3,1,0,1,9,1,1,0,6,0,0,0,0,0,0,1,2,4,1,0,0.2631578947368421,0.3,0.47368421052631576,0.7736842105263158,0.21052631578947367,0.3333333333333333,,0.05,0.3,0.05,0.375,0.625,0.6,267.4,0.3,0.42105263157894735,-0.3367425826793069,-0.11084100000000001,3,5,BC,20,19,5,8,1,0,0,S5,260,False,SPR,SPR,0.03564243691170098
14,48,44,14,6,7,4,1,2,26,9,3,0,9,0,2,1,0,1,1,3,3,14,2,0,0.3181818181818182,0.3541666666666667,0.5909090909090909,0.9450757575757576,0.27272727272727276,0.35294117647058826,0.6666666666666666,0.041666666666666664,0.1875,0.0625,0.2916666666666667,0.7083333333333334,0.4117647058823529,218.64,0.3541666666666667,0.5909090909090909,-0.19076069853750122,0.026538999999999993,7,17,BN,48,44,14,26,3,1,0,S5,262,False,2TM,LMN,0.14728399857736588
13,37,34,12,5,6,4,1,1,21,6,2,0,6,0,1,1,0,1,1,2,3,12,0,0,0.35294117647058826,0.3783783783783784,0.6176470588235294,0.9960254372019078,0.2647058823529412,0.39285714285714285,0.5,0.02702702702702703,0.16216216216216217,0.05405405405405406,0.3157894736842105,0.6842105263157895,0.46153846153846156,209.10256410256412,0.3783783783783784,0.6470588235294118,-0.5556911080544993,0.08853900000000003,6,13,BN,37,34,12,22,2,1,0,S5,262,True,GBC,GBC,0.07266677527686867
4,11,10,2,1,1,0,0,1,5,3,1,0,3,0,1,0,0,0,0,1,0,2,2,0,0.2,0.2727272727272727,0.5,0.7727272727272727,0.3,0.16666666666666666,1.0,0.09090909090909091,0.2727272727272727,0.09090909090909091,0.2,0.8,0.25,252.45454545454547,0.2727272727272727,0.4,0.36493040951699873,-0.06200000000000003,1,4,BN,11,10,2,4,1,0,0,S5,262,True,LMN,LMN,0.07461722330049729
6,18,15,3,2,2,0,1,0,5,0,3,0,2,1,1,0,0,0,1,3,0,4,3,0,0.2,0.3333333333333333,0.3333333333333333,0.6666666666666666,0.1333333333333333,0.23076923076923078,1.0,0.0,0.1111111111111111,0.16666666666666666,0.36363636363636365,0.6363636363636364,0.5714285714285714,234.33333333333334,0.3333333333333333,0.2857142857142857,-1.3181804715406427,-0.08912900000000003,4,7,EN,18,14,2,4,4,0,0,S5,264,False,3TM,LMN,-0.06943302149239576
4,8,6,2,1,1,0,1,0,4,0,2,0,1,1,1,0,0,0,0,1,0,2,0,0,0.3333333333333333,0.5,0.6666666666666666,1.1666666666666665,0.3333333333333333,0.4,1.0,0.0,0.125,0.25,0.3333333333333333,0.6666666666666666,0.5,191.0,0.5,0.6,1.3009364668027847,0.03397099999999997,1,2,EN,8,5,1,3,3,0,0,S5,264,True,SPR,SPR,0.15782032475213115
2,5,5,0,0,0,0,0,0,0,0,0,0,1,0,0,0,0,0,0,0,0,2,2,0,0.0,0.0,0.0,0.0,0.0,0.0,,0.0,0.2,0.0,0.0,1.0,0.0,263.0,0.0,0.0,-2.0950189618417685,-0.2107,0,4,EN,5,5,0,0,0,0,0,S5,264,True,CHI,CHI,-0.1921727223892689
2,5,4,1,1,1,0,0,0,1,0,1,0,0,0,0,0,0,0,1,2,0,0,1,0,0.25,0.4,0.25,0.65,0.0,0.25,,0.0,0.0,0.2,0.75,0.25,3.0,275.0,0.4,0.25,-0.5240979765016589,0.0876,3,1,EN,5,4,1,1,1,0,0,S5,264,True,LMN,LMN,-0.035080623855257974
6,12,12,2,2,2,0,0,0,2,0,0,0,4,0,1,0,0,0,1,2,2,1,1,0,0.16666666666666666,0.16666666666666666,0.16666666666666666,0.3333333333333333,0.0,0.25,1.0,0.0,0.3333333333333333,0.0,0.7142857142857143,0.2857142857142857,2.5,303.9230769230769,0.16666666666666666,0.16666666666666666,-2.5620107696846586,-0.17890000000000003,5,2,BC,12,12,2,2,0,0,0,S5,265,False,KTY,KTY,-0.21461105986068688
6,16,15,2,1,1,1,0,0,3,2,1,0,2,0,0,0,0,0,0,1,8,2,0,0,0.13333333333333333,0.1875,0.2,0.3875,0.06666666666666668,0.15384615384615385,,0.0,0.125,0.0625,0.8181818181818182,0.18181818181818182,4.5,338.25,0.1875,0.2,-3.407922531239295,-0.139949,9,2,1B,16,15,2,3,1,0,0,S5,266,False,PHB,PHB,-0.28533889698022413
6,14,13,5,4,1,2,1,1,12,3,1,0,3,1,0,0,0,0,0,0,2,2,1,0,0.38461538461538464,0.42857142857142855,0.9230769230769231,1.3516483516483517,0.5384615384615385,0.4444444444444444,,0.07142857142857142,0.21428571428571427,0.07142857142857142,0.4,0.6,0.6666666666666666,209.92307692307693,0.42857142857142855,0.9230769230769231,2.0879434693649874,0.09270000000000003,2,3,1B,14,13,5,12,1,0,0,S5,268,False,PHB,PHB,0.2573160335622409
6,17,16,3,1,2,0,0,1,6,3,1,0,2,0,1,1,0,0,0,1,3,6,1,0,0.1875,0.23529411764705882,0.375,0.6102941176470589,0.1875,0.15384615384615385,0.5,0.058823529411764705,0.11764705882352941,0.058823529411764705,0.36363636363636365,0.6363636363636364,0.5714285714285714,285.5263157894737,0.23529411764705882,0.4117647058823529,-2.2539853061904465,-0.2137,4,7,SF,17,17,4,7,0,0,0,S5,270,False,2TM,SAR,-0.16647933971635773
3,8,7,1,0,1,0,0,0,1,1,1,0,0,0,1,1,0,0,0,1,2,2,1,0,0.14285714285714285,0.25,0.14285714285714285,0.39285714285714285,0.0,0.14285714285714285,0.5,0.0,0.0,0.125,0.5,0.5,1.0,315.2,0.25,0.25,-1.5929917484010687,-0.16720000000000002,3,3,SF,8,8,2,2,0,0,0,S5,270,True,LMN,LMN,-0.1315724967682542
4,9,9,2,1,1,0,0,1,5,2,0,0,2,0,0,0,0,0,0,0,1,4,0,0,0.2222222222222222,0.2222222222222222,0.5555555555555556,0.7777777777777778,0.33333333333333337,0.16666666666666666,,0.1111111111111111,0.2222222222222222,0.0,0.2,0.8,0.25,252.55555555555554,0.2222222222222222,0.5555555555555556,-0.660993557789378,-0.0465,1,4,SF,9,9,2,5,0,0,0,S5,270,True,SAR,SAR,-0.03490684294810355
3,9,7,2,2,1,0,0,1,5,1,2,0,1,0,0,0,0,0,0,2,0,1,1,0,0.2857142857142857,0.4444444444444444,0.7142857142857143,1.1587301587301586,0.4285714285714286,0.2,,0.1111111111111111,0.1111111111111111,0.2222222222222222,0.5,0.5,1.0,218.88888888888889,0.3333333333333333,0.5714285714285714,0.24312152850171004,0.02779999999999999,2,2,XB,9,7,1,4,2,0,0,S5,271,False,PHB,PHB,0.05550466568100525
2,4,4,1,1,0,0,0,1,4,1,0,0,2,0,0,0,0,0,0,0,0,1,0,0,0.25,0.25,1.0,1.25,0.75,0.0,,0.25,0.5,0.0,0.0,1.0,0.0,199.0,0.25,1.0,0.297991434096089,-0.028977999999999997,0,1,WC,4,4,1,4,0,0,0,S5,272,False,PHB,PHB,0.043662482445535236
6,16,16,2,1,2,0,0,0,2,0,0,0,3,2,0,0,0,0,1,3,3,4,1,0,0.125,0.125,0.125,0.25,0.0,0.15384615384615385,,0.0,0.1875,0.0,0.5833333333333334,0.4166666666666667,1.4,318.35714285714283,0.125,0.125,-5.037654177886633,-0.42149400000000004,7,5,BC,16,16,2,2,0,0,0,S5,273,False,2TM,POR,-0.44831206164495796
2,6,6,0,0,0,0,0,0,0,0,0,0,1,1,0,0,0,0,0,2,1,1,1,0,0.0,0.0,0.0,0.0,0.0,0.0,,0.0,0.16666666666666666,0.0,0.6,0.4,1.5,380.4,0.0,0.0,-1.5193369558505725,-0.16529999999999997,3,2,BC,6,6,0,0,0,0,0,S5,273,True,TAI,TAI,-0.13113868703116777
4,10,10,2,1,2,0,0,0,2,0,0,0,2,1,0,0,0,0,1,1,2,3,0,0,0.2,0.2,0.2,0.4,0.0,0.25,,0.0,0.2,0.0,0.5714285714285714,0.42857142857142855,1.3333333333333333,283.8888888888889,0.2,0.2,-3.5183172220360612,-0.25619400000000003,4,3,BC,10,10,2,2,0,0,0,S5,273,True,POR,POR,-0.31717337461379025
5,13,10,1,0,0,1,0,0,2,2,2,0,2,0,0,0,0,1,0,1,2,3,2,0,0.1,0.23076923076923078,0.2,0.4307692307692308,0.1,0.1111111111111111,,0.0,0.15384615384615385,0.15384615384615385,0.3333333333333333,0.6666666666666666,0.5,277.0769230769231,0.23076923076923078,0.2,-0.30094968785480386,-0.11199999999999999,3,6,1B,13,10,1,2,2,1,0,S5,275,False,2TM,RKT,0.014960883081280196
4,11,8,1,0,0,1,0,0,2,2,2,0,2,0,0,0,0,1,0,0,1,3,2,0,0.125,0.2727272727272727,0.25,0.5227272727272727,0.125,0.14285714285714285,,0.0,0.18181818181818182,0.18181818181818182,0.14285714285714285,0.8571428571428571,0.16666666666666666,252.45454545454547,0.2727272727272727,0.25,0.2260433781051578,-0.075,1,6,1B,11,8,1,2,2,1,0,S5,275,True,DAD,DAD,0.0607285201593132
1,2,2,0,0,0,0,0,0,0,0,0,0,0,0,0,0,0,0,0,1,1,0,0,0,0.0,0.0,0.0,0.0,0.0,0.0,,0.0,0.0,0.0,1.0,0.0,,412.5,0.0,0.0,-0.5269930659599616,-0.037,2,0,1B,2,2,0,0,0,0,0,S5,275,True,RKT,RKT,-0.045767637078033
2,6,5,1,1,0,0,0,1,4,1,1,0,1,0,0,0,0,0,0,0,1,2,0,0,0.2,0.3333333333333333,0.8,1.1333333333333333,0.6000000000000001,0.0,,0.16666666666666666,0.16666666666666666,0.16666666666666666,0.3333333333333333,0.6666666666666666,0.5,237.0,0.3333333333333333,0.8,-0.5999312325070654,0.07604699999999999,1,2,WC,6,5,1,4,1,0,0,S5,277,False,CHI,CHI,-0.03919811469681704
2,6,5,0,0,0,0,0,0,0,0,1,0,3,1,0,0,0,0,0,0,0,2,0,0,0.0,0.16666666666666666,0.0,0.16666666666666666,0.0,0.0,,0.0,0.5,0.16666666666666666,0.0,1.0,0.0,277.4,0.0,0.0,-0.9748644337787806,-0.1693,0,2,1B,6,6,0,0,0,0,0,S5,278,False,2TM,SPR,-0.07669143482398857
1,3,3,0,0,0,0,0,0,0,0,0,0,2,0,0,0,0,0,0,0,0,1,0,0,0.0,0.0,0.0,0.0,0.0,0.0,,0.0,0.6666666666666666,0.0,0.0,1.0,0.0,326.0,0.0,0.0,-0.7656834977594993,-0.113,0,1,1B,3,3,0,0,0,0,0,S5,278,True,POR,POR,-0.06617084549900518
1,3,2,0,0,0,0,0,0,0,0,1,0,1,1,0,0,0,0,0,0,0,1,0,0,0.0,0.3333333333333333,0.0,0.3333333333333333,0.0,0.0,,0.0,0.3333333333333333,0.3333333333333333,0.0,1.0,0.0,204.5,0.0,0.0,-0.20918093601928145,-0.0563,0,1,1B,3,3,0,0,0,0,0,S5,278,True,SPR,SPR,-0.010520589324983395
3,5,5,2,0,1,0,1,0,4,2,0,0,0,0,0,0,0,0,0,2,0,1,0,0,0.4,0.4,0.8,1.2000000000000002,0.4,0.4,,0.0,0.0,0.0,0.6666666666666666,0.3333333333333333,2.0,202.2,0.4,1.0,-0.11605377904911429,0.23420000000000002,2,1,1B,5,5,2,5,0,0,0,S5,282,False,ISO,ISO,0.005723795889996488
2,6,4,2,2,1,0,1,0,4,1,1,0,0,0,0,1,1,0,0,1,0,0,1,0,0.5,0.6,1.0,1.6,0.5,0.5,0.0,0.0,0.0,0.16666666666666666,0.5,0.5,1.0,243.0,0.4,0.6,-0.17824943082357414,-0.05499999999999999,1,1,SM,6,5,2,3,0,0,1,S5,284,False,SAR,SAR,0.002970065471532085
7,16,15,4,2,1,2,0,1,9,1,1,0,3,0,0,0,0,0,0,0,1,3,4,0,0.26666666666666666,0.3125,0.6,0.9125,0.3333333333333333,0.2727272727272727,,0.0625,0.1875,0.0625,0.125,0.875,0.14285714285714285,238.6875,0.3125,0.6,-0.953577536784475,-0.058200000000000016,1,7,S,16,15,4,9,1,0,0,S5,285,False,WSH,WSH,-0.03990439753474216
4,10,7,3,2,1,0,1,1,8,3,2,0,1,0,0,0,0,1,1,1,1,2,0,0,0.42857142857142855,0.5,1.1428571428571428,1.6428571428571428,0.7142857142857142,0.3333333333333333,,0.1,0.1,0.2,0.5,0.5,1.0,188.5,0.5,1.25,1.8211646182463455,0.37083600000000005,3,3,TT,10,8,4,10,1,1,0,S5,286,False,WSH,WSH,0.21677480941445038
9,26,20,5,4,2,1,0,2,12,4,6,0,5,0,0,0,0,0,0,1,1,5,3,0,0.25,0.4230769230769231,0.6,1.023076923076923,0.35,0.23076923076923078,,0.07692307692307693,0.19230769230769232,0.23076923076923078,0.2,0.8,0.25,218.6153846153846,0.4230769230769231,0.55,-0.939664318680232,-0.09849999999999998,2,8,BP,26,20,5,11,6,0,0,S5,287,False,WSH,WSH,-0.003854728134502039
6,15,14,3,1,2,1,0,0,4,3,1,0,3,0,0,0,0,0,0,1,1,4,2,0,0.21428571428571427,0.26666666666666666,0.2857142857142857,0.5523809523809524,0.07142857142857142,0.2727272727272727,,0.0,0.2,0.06666666666666667,0.25,0.75,0.3333333333333333,248.06666666666666,0.26666666666666666,0.2857142857142857,-0.31063319723832006,0.136941,2,6,BP,15,14,3,4,1,0,0,S5,289,False,WSH,WSH,0.02092420166089175
8,24,23,7,7,0,1,0,6,26,16,1,0,1,0,0,0,0,0,1,7,6,2,0,0,0.30434782608695654,0.3333333333333333,1.1304347826086956,1.4637681159420288,0.826086956521739,0.0625,,0.25,0.041666666666666664,0.041666666666666664,0.875,0.125,7.0,239.66666666666666,0.3333333333333333,1.1304347826086956,7.097900617021274,1.2876100000000001,14,2,MH,24,23,7,26,1,0,0,S5,290,False,WSH,WSH,0.7929700959176854
9,25,24,5,3,1,0,2,2,15,6,1,0,9,1,0,0,0,0,0,4,2,3,1,0,0.20833333333333334,0.24,0.625,0.865,0.41666666666666663,0.23076923076923078,,0.08,0.36,0.04,0.6,0.4,1.5,255.5,0.24,0.5652173913043478,-0.7942088937567504,0.08697899999999996,6,4,EN,25,23,4,13,2,0,0,S5,291,False,NUL,NUL,0.007224979598864545
6,19,19,8,3,1,5,0,2,19,6,0,0,5,1,0,0,0,0,0,1,1,3,1,0,0.42105263157894735,0.42105263157894735,1.0,1.4210526315789473,0.5789473684210527,0.5,,0.10526315789473684,0.2631578947368421,0.0,0.3333333333333333,0.6666666666666666,0.5,215.66666666666666,0.42105263157894735,0.7894736842105263,3.0515333841131254,0.05009999999999995,2,4,BC,19,19,8,15,0,0,0,S5,293,False,2TM,WSH,0.3710041988319626
5,13,13,5,3,0,3,0,2,14,4,0,0,5,1,0,0,0,0,0,0,1,2,0,0,0.38461538461538464,0.38461538461538464,1.0769230769230769,1.4615384615384615,0.6923076923076923,0.5,,0.15384615384615385,0.38461538461538464,0.0,0.3333333333333333,0.6666666666666666,0.5,217.5,0.38461538461538464,0.7692307692307693,1.5945498557832072,-0.10769999999999999,1,2,BC,13,13,5,10,0,0,0,S5,293,True,WSH,WSH,0.2045108374450813
2,6,6,3,0,1,2,0,0,5,2,0,0,0,0,0,0,0,0,0,1,0,1,1,0,0.5,0.5,0.8333333333333334,1.3333333333333335,0.33333333333333337,0.5,,0.0,0.0,0.0,0.3333333333333333,0.6666666666666666,0.5,212.0,0.5,0.8333333333333334,1.4569835283299188,0.15779999999999994,1,2,BC,6,6,3,5,0,0,0,S5,293,True,LMN,LMN,0.16649336138688137
1,3,1,0,1,0,0,0,0,0,0,2,0,0,0,0,0,0,0,0,1,0,0,0,0,0.0,0.6666666666666666,0.0,0.6666666666666666,0.0,0.0,,0.0,0.0,0.6666666666666666,1.0,0.0,,286.5,0.6666666666666666,0.0,-0.09760274228404664,0.054599999999999996,1,0,BN,3,1,0,0,2,0,0,S5,295,False,WSH,WSH,0.0006372300485400856
6,16,16,6,4,1,4,1,0,12,5,0,0,2,0,0,0,0,0,3,4,3,0,1,0,0.375,0.375,0.75,1.125,0.375,0.42857142857142855,,0.0,0.125,0.0,0.9090909090909091,0.09090909090909091,10.0,273.0625,0.375,0.625,0.969485074086915,-0.14159999999999995,10,1,XB,16,16,6,10,0,0,0,S5,296,False,3TM,JUP,0.15240186355239685
4,10,10,3,2,1,1,1,0,6,0,0,0,1,0,0,0,0,0,2,4,1,0,1,0,0.3,0.3,0.6,0.8999999999999999,0.3,0.3333333333333333,,0.0,0.1,0.0,0.875,0.125,7.0,291.1,0.3,0.6,-1.0281128218416429,-0.264,7,1,XB,10,10,3,6,0,0,0,S5,296,True,DAD,DAD,-0.06815293459434846
1,3,3,2,1,0,2,0,0,4,4,0,0,1,0,0,0,0,0,0,0,0,0,0,0,0.6666666666666666,0.6666666666666666,1.3333333333333333,2.0,0.6666666666666666,1.0,,0.0,0.3333333333333333,0.0,,,,162.33333333333334,0.6666666666666666,0.6666666666666666,3.135286599728662,0.10729999999999999,0,0,XB,3,3,2,2,0,0,0,S5,296,True,TAI,TAI,0.32392616424981097
1,3,3,1,1,0,1,0,0,2,1,0,0,0,0,0,0,0,0,1,0,2,0,0,0,0.3333333333333333,0.3333333333333333,0.6666666666666666,1.0,0.3333333333333333,0.3333333333333333,,0.0,0.0,0.0,1.0,0.0,,323.6666666666667,0.3333333333333333,0.6666666666666666,-1.1376887038001042,0.015100000000000013,3,0,XB,3,3,1,2,0,0,0,S5,296,True,JUP,JUP,-0.10337136610306567
7,24,23,6,6,3,1,0,2,13,5,1,0,7,0,0,0,0,0,0,6,0,2,2,0,0.2608695652173913,0.2916666666666667,0.5652173913043478,0.8568840579710144,0.3043478260869565,0.2857142857142857,,0.08333333333333333,0.2916666666666667,0.041666666666666664,0.6,0.4,1.5,251.66666666666666,0.25,0.5416666666666666,1.966167149430504,0.16599999999999998,6,4,HK,24,24,6,13,0,0,0,S5,298,False,2TM,WSH,0.27979674915860836
6,16,15,4,4,2,1,0,1,8,2,1,0,5,0,0,0,0,0,0,4,0,1,1,0,0.26666666666666666,0.3125,0.5333333333333333,0.8458333333333333,0.26666666666666666,0.3333333333333333,,0.0625,0.3125,0.0625,0.6666666666666666,0.3333333333333333,2.0,247.4375,0.25,0.5,0.5572850957842888,0.050999999999999976,4,2,HK,16,16,4,8,0,0,0,S5,298,True,WSH,WSH,0.11118186572213422
4,8,8,2,2,1,0,0,1,5,3,0,0,2,0,0,0,0,0,0,2,0,1,1,0,0.25,0.25,0.625,0.875,0.375,0.2,,0.125,0.25,0.0,0.5,0.5,1.0,260.125,0.25,0.625,1.4088820536462148,0.11500000000000003,2,2,HK,8,8,2,5,0,0,0,S5,298,True,LMN,LMN,0.16861488343647416
10,28,25,5,6,1,3,0,1,11,1,3,0,0,0,0,0,0,0,2,4,7,7,2,0,0.2,0.2857142857142857,0.44,0.7257142857142858,0.24,0.16666666666666666,,0.03571428571428571,0.0,0.10714285714285714,0.5909090909090909,0.4090909090909091,1.4444444444444444,275.07142857142856,0.2857142857142857,0.4,-0.9192565399397731,0.20668199999999998,13,9,1B,28,25,5,10,3,0,0,S5,301,False,WSH,WSH,0.005117719257507025
1,3,1,1,2,1,0,0,0,1,0,2,0,0,0,0,0,0,0,0,0,0,0,0,0,1.0,1.0,1.0,2.0,0.0,1.0,,0.0,0.0,0.6666666666666666,,,,140.33333333333334,1.0,1.0,1.330149597507328,0.2758,0,0,1B,3,1,1,1,2,0,0,S5,302,False,WSH,WSH,0.14341246402767754
11,18,14,5,5,2,1,0,2,12,5,3,0,1,0,0,0,0,1,0,3,2,3,1,0,0.35714285714285715,0.4444444444444444,0.8571428571428571,1.3015873015873014,0.49999999999999994,0.25,,0.1111111111111111,0.05555555555555555,0.16666666666666666,0.5,0.5,1.0,237.0,0.3333333333333333,0.7857142857142857,2.5344656921411484,0.0036999999999999572,5,5,BC,18,14,4,11,2,2,0,S5,303,False,TRA,TRA,0.31583159487578333
4,10,8,3,3,0,3,0,0,6,1,2,1,2,0,0,1,0,0,0,0,0,1,2,0,0.375,0.5,0.75,1.25,0.375,0.5,0.0,0.0,0.2,0.2,0.0,1.0,0.0,213.9,0.5,0.75,0.29037499031009406,0.3988999999999999,0,3,1B,10,8,3,6,2,0,0,S5,305,False,2TM,LMN,0.06369584662082524
3,9,8,3,3,0,3,0,0,6,1,1,0,2,0,0,0,0,0,0,0,0,1,2,0,0.375,0.4444444444444444,0.75,1.1944444444444444,0.375,0.5,,0.0,0.2222222222222222,0.1111111111111111,0.0,1.0,0.0,202.66666666666666,0.4444444444444444,0.75,0.5538715232900748,0.43389999999999995,0,3,1B,9,8,3,6,1,0,0,S5,305,True,LMN,LMN,0.08657966515984174
1,1,0,0,0,0,0,0,0,0,0,1,1,0,0,0,1,0,0,0,0,0,0,0,0,,1.0,,,,,0.0,0.0,0.0,1.0,,,,315.0,1.0,,-0.26349653297998077,-0.034999999999999996,0,0,1B,1,0,0,,1,0,0,S5,305,True,GTY,GTY,-0.02288381853901649
1,3,3,2,2,2,0,0,0,2,0,0,0,0,0,1,0,0,0,0,0,0,1,0,0,0.6666666666666666,0.6666666666666666,0.6666666666666666,1.3333333333333333,0.0,0.6666666666666666,1.0,0.0,0.0,0.0,0.0,1.0,0.0,174.5,0.6666666666666666,0.6666666666666666,0.6952991234244584,0.0682,0,1,BC,3,3,2,2,0,0,0,S5,307,False,GTY,GTY,0.0799274166193906
4,13,12,5,2,0,3,1,1,13,3,1,0,0,0,0,0,0,0,0,3,1,2,1,0,0.4166666666666667,0.46153846153846156,1.0833333333333333,1.5448717948717947,0.6666666666666665,0.36363636363636365,,0.07692307692307693,0.0,0.07692307692307693,0.5714285714285714,0.42857142857142855,1.3333333333333333,210.84615384615384,0.38461538461538464,1.0,2.4450743352681013,0.1562,4,3,BC,13,13,5,13,0,0,0,S5,308,False,GTY,GTY,0.2895632853935707
2,4,4,2,0,2,0,0,0,2,1,0,0,0,0,2,0,0,0,1,0,1,0,1,0,0.5,0.5,0.5,1.0,0.0,0.5,1.0,0.0,0.0,0.0,0.6666666666666666,0.3333333333333333,2.0,264.6666666666667,0.5,0.5,0.5845024047810341,0.035900000000000015,2,1,BN,4,4,2,2,0,0,0,S5,309,False,GTY,GTY,0.07231357951402975
4,8,8,1,1,0,0,0,1,4,1,0,0,1,0,0,0,0,0,1,1,2,3,0,0,0.125,0.125,0.5,0.625,0.375,0.0,,0.125,0.125,0.0,0.5714285714285714,0.42857142857142855,1.3333333333333333,277.5,0.125,0.5,-1.4373199854916434,-0.16930000000000003,4,3,BP,8,8,1,4,0,0,0,S5,310,False,PHB,PHB,-0.11600532047731167
13,37,36,6,4,4,1,0,1,10,3,1,0,7,0,0,0,0,0,2,3,6,10,4,0,0.16666666666666666,0.1891891891891892,0.2777777777777778,0.466966966966967,0.11111111111111113,0.17857142857142858,,0.02702702702702703,0.1891891891891892,0.02702702702702703,0.44,0.56,0.7857142857142857,288.3783783783784,0.1891891891891892,0.23529411764705882,-6.783633174136073,-0.6958,11,14,S,37,34,4,8,3,0,0,S5,315,False,TRA,TRA,-0.5501274313312887
1,2,2,0,0,0,0,0,0,0,0,0,0,0,0,0,0,0,0,0,0,0,1,1,0,0.0,0.0,0.0,0.0,0.0,0.0,,0.0,0.0,0.0,0.0,1.0,0.0,285.5,0.0,0.0,-0.5269930659599616,-0.0839,0,2,SM,2,2,0,0,0,0,0,S5,321,False,YUM,YUM,-0.045767637078033
6,19,16,6,3,5,0,0,1,9,3,2,0,2,0,0,0,0,1,0,1,1,5,2,0,0.375,0.42105263157894735,0.5625,0.9835526315789473,0.1875,0.35714285714285715,,0.05263157894736842,0.10526315789473684,0.10526315789473684,0.2,0.8,0.25,203.10526315789474,0.3684210526315789,0.5294117647058824,1.086048778082043,-0.03722400000000002,2,8,SF,19,17,6,9,1,1,0,S5,323,False,YUM,YUM,0.17445573822885438
8,23,19,4,3,2,0,0,2,10,2,4,0,5,0,0,0,0,0,3,3,4,3,0,0,0.21052631578947367,0.34782608695652173,0.5263157894736842,0.8741418764302059,0.3157894736842105,0.16666666666666666,,0.08695652173913043,0.21739130434782608,0.17391304347826086,0.7692307692307693,0.23076923076923078,3.3333333333333335,258.9130434782609,0.34782608695652173,0.5263157894736842,-2.9998535620958338,-0.0968,10,3,BC,23,19,4,10,4,0,0,S5,324,False,DAD,DAD,-0.22027115675300696
2,4,4,2,1,0,1,0,1,6,2,0,0,1,0,0,0,0,0,0,1,0,0,0,0,0.5,0.5,1.5,2.0,1.0,0.5,,0.25,0.25,0.0,1.0,0.0,,184.25,0.5,1.5,1.5562147988802777,0.213782,1,0,BP,4,4,2,6,0,0,0,S5,325,False,CHI,CHI,0.16948481892395412
3,8,8,2,1,1,1,0,0,3,0,0,0,3,2,1,0,0,0,0,1,0,0,2,0,0.25,0.25,0.375,0.625,0.125,0.4,1.0,0.0,0.375,0.0,0.3333333333333333,0.6666666666666666,0.5,265.0,0.25,0.375,-1.0482514866878017,-0.021300000000000003,1,2,S,8,8,2,3,0,0,0,S5,326,False,ISO,ISO,-0.0770984705969275
11,32,29,10,6,5,4,0,1,17,3,3,0,6,1,0,0,0,0,0,2,4,6,1,0,0.3448275862068966,0.40625,0.5862068965517241,0.9924568965517241,0.2413793103448275,0.4090909090909091,,0.03125,0.1875,0.09375,0.46153846153846156,0.5384615384615384,0.8571428571428571,247.3548387096774,0.40625,0.48148148148148145,0.5196571167435553,0.450083,6,7,WC,32,27,8,13,5,0,0,S5,327,False,SAR,SAR,0.1628724239617662
7,18,14,4,4,3,1,0,0,5,0,4,0,4,0,0,0,0,0,0,1,0,5,0,0,0.2857142857142857,0.4444444444444444,0.35714285714285715,0.8015873015873016,0.07142857142857145,0.4,,0.0,0.2222222222222222,0.2222222222222222,0.16666666666666666,0.8333333333333334,0.2,205.22222222222223,0.3888888888888889,0.3333333333333333,-0.22249437117558046,0.0026520000000000016,1,5,BC,18,15,4,5,3,0,0,S5,329,False,DAD,DAD,0.04013558854411046
10,24,23,8,7,1,1,2,4,25,7,1,0,5,0,0,0,0,0,1,1,3,4,2,0,0.34782608695652173,0.375,1.0869565217391304,1.4619565217391304,0.7391304347826086,0.2857142857142857,,0.16666666666666666,0.20833333333333334,0.041666666666666664,0.45454545454545453,0.5454545454545454,0.8333333333333334,225.08695652173913,0.375,1.0434782608695652,3.8223211349403674,0.09054499999999999,5,6,BC,24,23,8,24,1,0,0,S5,331,False,2TM,DAD,0.46541214770959477
10,20,20,7,6,1,1,2,3,21,6,0,0,3,0,0,0,0,0,1,1,3,4,2,0,0.35,0.35,1.05,1.4,0.7000000000000001,0.2857142857142857,,0.15,0.15,0.0,0.45454545454545453,0.5454545454545454,0.8333333333333334,223.1,0.35,1.0,2.9744515608353943,0.11104499999999999,5,6,BC,20,20,7,20,0,0,0,S5,331,True,DAD,DAD,0.36676185126317107
2,4,3,1,1,0,0,0,1,4,1,1,0,2,0,0,0,0,0,0,0,0,0,0,0,0.3333333333333333,0.5,1.3333333333333333,1.8333333333333333,1.0,,,0.25,0.5,0.25,,,,238.33333333333334,0.5,1.3333333333333333,0.8478695741049739,-0.020499999999999997,0,0,BC,4,3,1,4,1,0,0,S5,331,True,LMN,LMN,0.09865029644642373
13,32,29,8,2,5,1,1,1,14,3,3,0,8,0,0,0,0,0,0,0,4,6,3,0,0.27586206896551724,0.34375,0.4827586206896552,0.8265086206896552,0.20689655172413796,0.35,,0.03125,0.25,0.09375,0.3076923076923077,0.6923076923076923,0.4444444444444444,240.34375,0.3125,0.4666666666666667,-0.4326751098034769,0.15624299999999997,4,9,S,32,30,8,14,2,0,0,S5,332,False,DAD,DAD,0.06763920130706298
6,14,10,2,3,1,1,0,0,3,2,3,0,2,0,0,0,0,1,0,1,0,4,2,0,0.2,0.35714285714285715,0.3,0.6571428571428571,0.09999999999999998,0.2222222222222222,,0.0,0.14285714285714285,0.21428571428571427,0.125,0.875,0.14285714285714285,219.64285714285714,0.35714285714285715,0.2222222222222222,0.11361657429310557,-0.09210500000000002,1,7,XB,14,9,1,2,4,1,0,S5,334,False,MVM,MVM,0.059883344055052724
6,17,13,3,1,2,1,0,0,4,1,3,0,4,2,0,0,0,1,2,4,2,1,0,0,0.23076923076923078,0.35294117647058826,0.3076923076923077,0.660633484162896,0.07692307692307693,0.3,,0.0,0.23529411764705882,0.17647058823529413,0.8,0.2,4.0,281.92857142857144,0.35294117647058826,0.3076923076923077,-2.5421850674460793,-0.5346000000000001,8,2,WC,17,13,3,4,3,1,0,S5,335,False,YUM,YUM,-0.195299315841921
4,10,10,2,2,1,0,0,1,5,3,0,0,0,0,0,0,0,0,1,3,4,1,0,0,0.2,0.2,0.5,0.7,0.3,0.1111111111111111,,0.1,0.0,0.0,0.8888888888888888,0.1111111111111111,8.0,335.7,0.2,0.5,-1.101222897814155,-0.46729999999999994,8,1,1B,10,10,2,5,0,0,0,S5,336,False,2TM,LMN,-0.07546394219159966
3,8,8,2,2,1,0,0,1,5,3,0,0,0,0,0,0,0,0,1,2,4,0,0,0,0.25,0.25,0.625,0.875,0.375,0.14285714285714285,,0.125,0.0,0.0,1.0,0.0,,338.875,0.25,0.625,-0.3877658208059511,-0.37589999999999996,7,0,1B,8,8,2,5,0,0,0,S5,336,True,LMN,LMN,-0.011049904008742445
1,2,2,0,0,0,0,0,0,0,0,0,0,0,0,0,0,0,0,0,1,0,1,0,0,0.0,0.0,0.0,0.0,0.0,0.0,,0.0,0.0,0.0,0.5,0.5,1.0,323.0,0.0,0.0,-0.7134570770082034,-0.09140000000000001,1,1,1B,2,2,0,0,0,0,0,S5,336,True,JUP,JUP,-0.06441403818285717
6,17,17,7,2,4,2,1,0,11,5,0,0,4,1,0,0,0,0,1,1,3,1,1,0,0.4117647058823529,0.4117647058823529,0.6470588235294118,1.0588235294117647,0.23529411764705888,0.5384615384615384,,0.0,0.23529411764705882,0.0,0.7142857142857143,0.2857142857142857,2.5,252.3125,0.4117647058823529,0.5625,1.2689337256920064,0.13980600000000004,5,2,BN,17,16,6,9,1,0,0,S5,337,False,POR,POR,0.18581256347188754
3,8,8,4,4,2,0,1,1,9,1,0,0,1,0,0,0,0,0,1,1,0,2,0,0,0.5,0.5,1.125,1.625,0.625,0.5,,0.125,0.125,0.0,0.5,0.5,1.0,185.125,0.5,1.0,1.1748548139388209,0.028499999999999998,2,2,BN,8,6,2,6,2,0,0,S5,338,False,JUP,JUP,0.14521215946573476
4,7,6,1,1,1,0,0,0,1,0,0,0,2,0,1,0,1,0,0,0,1,1,1,0,0.16666666666666666,0.16666666666666666,0.16666666666666666,0.3333333333333333,0.0,0.25,1.0,0.0,0.2857142857142857,0.0,0.3333333333333333,0.6666666666666666,0.5,261.75,0.16666666666666666,0.16666666666666666,-1.3719234596167134,-0.0474,1,2,BC,7,6,1,1,0,0,1,S5,339,False,LMN,LMN,-0.11293150264880025
5,14,13,3,1,0,2,0,1,8,2,1,0,1,0,0,0,0,0,0,3,2,1,3,0,0.23076923076923078,0.2857142857142857,0.6153846153846154,0.9010989010989011,0.38461538461538464,0.18181818181818182,,0.07142857142857142,0.07142857142857142,0.07142857142857142,0.5555555555555556,0.4444444444444444,1.25,291.57142857142856,0.2857142857142857,0.6153846153846154,-1.0868708475807625,0.011057999999999993,5,4,XB,14,13,3,8,1,0,0,S5,340,False,POR,POR,-0.06016539813233408
1,1,1,0,0,0,0,0,0,0,0,0,0,1,0,0,0,0,0,0,0,0,0,0,0,0.0,0.0,0.0,0.0,0.0,,,0.0,1.0,0.0,,,,300.0,0.0,0.0,-0.20030234315948603,-0.015600000000000001,0,0,BC,1,1,0,0,0,0,0,S5,342,False,KRB,KRB,-0.016564399556967018
9,21,17,1,0,1,0,0,0,1,1,3,0,2,0,0,0,0,1,0,3,3,6,3,0,0.058823529411764705,0.19047619047619047,0.058823529411764705,0.24929971988795518,0.0,0.0625,,0.0,0.09523809523809523,0.14285714285714285,0.375,0.625,0.6,293.14285714285717,0.19047619047619047,0.058823529411764705,-3.6923029866933774,-0.308421,6,10,1B,21,17,1,1,3,1,0,S5,344,False,RKT,RKT,-0.2964477687307245
2,5,5,1,1,0,0,1,0,3,0,0,0,1,0,0,0,0,0,1,1,1,1,0,0,0.2,0.2,0.6,0.8,0.39999999999999997,0.25,,0.0,0.2,0.0,0.75,0.25,3.0,299.4,0.2,0.4,-1.0406367956634464,-0.2549159999999999,3,1,1B,5,5,1,2,0,0,0,S5,347,False,CHI,CHI,-0.08673450577143672
3,6,6,2,1,1,0,0,1,5,2,0,0,1,0,0,0,0,0,0,0,3,0,0,0,0.3333333333333333,0.3333333333333333,0.8333333333333334,1.1666666666666667,0.5,0.25,,0.16666666666666666,0.16666666666666666,0.0,1.0,0.0,,303.0,0.3333333333333333,0.6666666666666666,0.40664670372750694,0.022000000000000002,3,0,1B,6,6,2,4,0,0,0,S5,349,False,TAC,TAC,0.06145967892664019
7,17,16,8,2,4,2,1,1,15,6,1,0,0,0,0,0,0,0,1,2,4,2,0,0,0.5,0.5294117647058824,0.9375,1.4669117647058822,0.4375,0.4666666666666667,,0.058823529411764705,0.0,0.058823529411764705,0.7777777777777778,0.2222222222222222,3.5,229.1875,0.5294117647058824,0.9375,2.1258438545835627,0.185,7,2,BC,17,16,8,15,1,0,0,S5,350,False,JUP,JUP,0.2715035763610432
3,6,6,1,0,0,1,0,0,2,0,0,0,2,0,0,0,0,0,0,0,2,1,0,0,0.16666666666666666,0.16666666666666666,0.3333333333333333,0.5,0.16666666666666666,0.25,,0.0,0.3333333333333333,0.0,0.6666666666666666,0.3333333333333333,2.0,266.0,0.16666666666666666,0.3333333333333333,-0.815205340810303,-0.13090000000000002,2,1,MH,6,6,1,2,0,0,0,S5,354,False,KRB,KRB,-0.06072552552714081
4,16,14,4,1,2,2,0,0,6,4,2,0,3,0,1,0,0,0,0,3,1,3,0,0,0.2857142857142857,0.375,0.42857142857142855,0.8035714285714286,0.14285714285714285,0.36363636363636365,1.0,0.0,0.1875,0.125,0.5714285714285714,0.42857142857142855,1.3333333333333333,231.7058823529412,0.3125,0.2857142857142857,0.8787910597937365,0.3971,4,3,BP,16,14,4,4,1,1,0,S5,355,False,2TM,ISO,0.14333246212307899
3,8,8,0,0,0,0,0,0,0,0,0,0,3,0,0,0,0,0,0,1,1,3,0,0,0.0,0.0,0.0,0.0,0.0,0.0,,0.0,0.375,0.0,0.4,0.6,0.6666666666666666,305.375,0.0,0.0,-2.5208608874358345,-0.2809,2,3,BP,8,8,0,0,0,0,0,S5,355,True,LMN,LMN,-0.22435941067173076
3,8,6,4,1,2,2,0,0,6,4,2,0,0,0,1,0,0,0,0,2,0,0,0,0,0.6666666666666666,0.75,1.0,1.75,0.33333333333333337,0.6666666666666666,1.0,0.0,0.0,0.25,1.0,0.0,,166.22222222222223,0.625,0.6666666666666666,3.3996519472295708,0.6779999999999999,2,0,BP,8,6,4,4,1,1,0,S5,355,True,ISO,ISO,0.36769187279480975
4,10,9,1,1,0,0,0,1,4,1,1,0,2,1,0,0,0,0,0,1,1,1,3,0,0.1111111111111111,0.2,0.4444444444444444,0.6444444444444444,0.3333333333333333,0.0,,0.1,0.2,0.1,0.3333333333333333,0.6666666666666666,0.5,302.0,0.2,0.4444444444444444,-1.0410355755416245,-0.0832,2,4,1B,10,9,1,4,1,0,0,S5,357,False,ISO,ISO,-0.06944520996434662
1,3,3,1,1,0,0,0,1,4,2,0,0,0,0,0,0,0,0,0,1,0,1,0,0,0.3333333333333333,0.3333333333333333,1.3333333333333333,1.6666666666666665,1.0,0.0,,0.3333333333333333,0.0,0.0,0.5,0.5,1.0,229.33333333333334,0.3333333333333333,1.3333333333333333,1.2110020686029483,0.1317,1,1,BN,3,3,1,4,0,0,0,S5,358,False,CHI,CHI,0.13149771113723957
3,4,3,0,0,0,0,0,0,0,0,1,0,0,0,0,1,0,0,0,0,0,1,2,0,0.0,0.25,0.0,0.25,0.0,0.0,0.0,0.0,0.0,0.25,0.0,1.0,0.0,287.4,0.25,0.0,-1.1457920014817036,-0.13379999999999997,0,3,WC,4,3,0,0,1,0,0,S5,361,False,GTY,GTY,-0.10071586111224402
1,3,3,1,0,0,1,0,0,2,0,0,0,1,1,0,0,0,0,0,0,0,1,0,0,0.3333333333333333,0.3333333333333333,0.6666666666666666,1.0,0.3333333333333333,0.5,,0.0,0.3333333333333333,0.0,0.0,1.0,0.0,160.5,0.3333333333333333,0.6666666666666666,0.3715678442420461,0.19870000000000002,0,1,BC,3,3,1,2,0,0,0,S5,362,False,ISO,ISO,0.04755428870114936
7,11,8,2,1,0,2,0,0,4,1,3,0,4,4,0,0,0,0,0,0,0,2,0,0,0.25,0.45454545454545453,0.5,0.9545454545454546,0.25,0.5,,0.0,0.36363636363636365,0.2727272727272727,0.0,1.0,0.0,145.83333333333334,0.45454545454545453,0.5,0.811550352656257,0.077,0,2,1B,11,8,2,4,3,0,0,S5,363,False,3TM,CHI,0.1192792176144231
1,2,2,0,0,0,0,0,0,0,0,0,0,2,2,0,0,0,0,0,0,0,0,0,0,0.0,0.0,0.0,0.0,0.0,,,0.0,1.0,0.0,,,,,0.0,0.0,-0.7179360742245587,-0.048600000000000004,0,0,1B,2,2,0,0,0,0,0,S5,363,True,ISO,ISO,-0.06486193790449271
1,2,2,0,0,0,0,0,0,0,0,0,0,2,2,0,0,0,0,0,0,0,0,0,0,0.0,0.0,0.0,0.0,0.0,,,0.0,1.0,0.0,,,,,0.0,0.0,-0.5021869647795185,-0.0403,0,0,1B,2,2,0,0,0,0,0,S5,363,True,NUL,NUL,-0.043287026959988685
5,7,4,2,1,0,2,0,0,4,1,3,0,0,0,0,0,0,0,0,0,0,2,0,0,0.5,0.7142857142857143,1.0,1.7142857142857144,0.5,0.5,,0.0,0.0,0.42857142857142855,0.0,1.0,0.0,145.83333333333334,0.7142857142857143,1.0,2.0316733916603344,0.16589999999999996,0,2,1B,7,4,2,4,3,0,0,S5,363,True,CHI,CHI,0.22742818247890453
2,4,4,2,2,2,0,0,0,2,1,0,0,0,0,1,0,0,0,0,1,1,0,0,0,0.5,0.5,0.5,1.0,0.0,0.5,1.0,0.0,0.0,0.0,1.0,0.0,,254.4,0.5,0.3333333333333333,-0.299585288465324,0.05790000000000001,2,0,BP,4,3,1,1,1,0,0,S5,367,False,MVM,MVM,-0.016095189810606068
1,1,1,0,0,0,0,0,0,0,0,0,0,0,0,0,0,0,0,0,0,0,1,0,0,0.0,0.0,0.0,0.0,0.0,0.0,,0.0,0.0,0.0,0.0,1.0,0.0,264.0,0.0,0.0,-0.4880239520958084,-0.046799999999999994,0,1,BP,1,1,0,0,0,0,0,S5,369,False,ISO,ISO,-0.04533656045059926
1,2,2,0,0,0,0,0,0,0,0,0,0,1,1,0,0,0,0,0,0,0,1,0,0,0.0,0.0,0.0,0.0,0.0,0.0,,0.0,0.5,0.0,0.0,1.0,0.0,182.0,0.0,0.0,-0.5021869647795185,-0.0647,0,1,1B,2,2,0,0,0,0,0,S5,370,False,ISO,ISO,-0.043287026959988685
3,7,5,0,1,0,0,0,0,0,0,2,0,2,1,0,0,0,0,2,0,2,1,0,0,0.0,0.2857142857142857,0.0,0.2857142857142857,0.0,0.0,,0.0,0.2857142857142857,0.2857142857142857,0.8,0.2,4.0,260.3333333333333,0.2857142857142857,0.0,-2.543596471449278,-0.21250000000000002,4,1,TT,7,5,0,0,2,0,0,S5,371,False,TAC,TAC,-0.2300988038320567
9,19,16,0,2,0,0,0,0,0,0,3,0,7,4,0,0,0,0,1,1,1,5,2,0,0.0,0.15789473684210525,0.0,0.15789473684210525,0.0,0.0,,0.0,0.3684210526315789,0.15789473684210525,0.3,0.7,0.42857142857142855,305.7142857142857,0.15789473684210525,0.0,-4.418902810120913,-0.293006,3,7,BN,19,16,0,0,3,0,0,S5,375,False,SPR,SPR,-0.3760394205914412
3,10,7,2,1,1,1,0,0,3,1,3,0,0,0,0,0,0,0,0,0,1,3,1,0,0.2857142857142857,0.5,0.42857142857142855,0.9285714285714286,0.14285714285714285,0.2857142857142857,,0.0,0.0,0.3,0.2,0.8,0.25,204.7,0.5,0.42857142857142855,0.8205724700993821,0.159,1,4,1B,10,7,2,3,3,0,0,S5,377,False,CHI,CHI,0.11671559459975404
12,37,30,14,9,10,1,3,0,21,7,7,0,4,0,0,0,0,0,1,3,4,3,2,0,0.4666666666666667,0.5675675675675675,0.7,1.2675675675675675,0.23333333333333328,0.5384615384615384,,0.0,0.10810810810810811,0.1891891891891892,0.6153846153846154,0.38461538461538464,1.6,211.7027027027027,0.5135135135135135,0.6206896551724138,6.655829461731324,0.6822550000000002,8,5,1B,37,29,12,18,7,1,0,S5,379,False,SAR,SAR,0.7938188322554509
7,19,17,5,3,2,1,0,2,12,3,2,0,4,0,0,0,0,0,0,2,1,2,3,0,0.29411764705882354,0.3684210526315789,0.7058823529411765,1.0743034055727554,0.411764705882353,0.2727272727272727,,0.10526315789473684,0.21052631578947367,0.10526315789473684,0.375,0.625,0.6,239.0,0.3157894736842105,0.6,-1.945029607835758,0.011156,3,5,BP,19,15,3,9,3,1,0,S5,380,False,SAR,SAR,-0.12865210036292574
3,10,8,4,3,1,2,0,1,9,4,1,0,1,0,0,0,0,1,0,2,0,1,1,0,0.5,0.5,1.125,1.625,0.625,0.42857142857142855,,0.1,0.1,0.1,0.4,0.6,0.6666666666666666,187.4,0.5,1.125,3.083712547035652,0.15700000000000003,2,3,1B,10,8,4,9,1,1,0,S5,381,False,JUP,JUP,0.3430296022933811
10,29,26,11,7,6,2,1,2,21,9,3,0,4,0,0,0,0,0,0,3,4,3,1,0,0.4230769230769231,0.4827586206896552,0.8076923076923077,1.290450928381963,0.38461538461538464,0.45,,0.06896551724137931,0.13793103448275862,0.10344827586206896,0.6363636363636364,0.36363636363636365,1.75,229.79310344827587,0.4482758620689655,0.68,6.731329268872197,0.544681,7,4,WC,29,25,9,17,4,0,0,S5,382,False,SAR,SAR,0.7736421348976856
1,3,3,1,0,1,0,0,0,1,0,0,0,1,0,0,0,0,0,0,1,0,0,0,0,0.3333333333333333,0.3333333333333333,0.3333333333333333,0.6666666666666666,0.0,0.5,,0.0,0.3333333333333333,0.0,1.0,0.0,,229.33333333333334,0.3333333333333333,0.3333333333333333,-0.649078946742918,-0.11229999999999998,1,0,HK,3,3,1,1,0,0,0,S5,383,False,YUM,YUM,-0.05451039039734705
3,8,7,1,2,0,0,0,1,4,3,1,0,3,0,1,0,0,0,1,0,1,0,2,0,0.14285714285714285,0.25,0.5714285714285714,0.8214285714285714,0.42857142857142855,0.0,1.0,0.125,0.375,0.125,0.5,0.5,1.0,300.3333333333333,0.25,0.5714285714285714,-0.4538708616834389,-0.0741,2,2,BP,8,7,1,4,1,0,0,S5,386,False,TAC,TAC,-0.01766040809649122
3,6,5,3,2,2,0,0,1,6,2,0,0,1,0,0,0,0,1,0,0,0,1,1,0,0.6,0.5,1.2,1.7,0.6,0.5,,0.16666666666666666,0.16666666666666666,0.0,0.0,1.0,0.0,171.16666666666666,0.5,1.2,1.1402944154232535,0.05579999999999999,0,3,BC,6,5,3,6,0,1,0,S5,389,False,RKT,RKT,0.13482445009621485
10,29,28,9,6,6,1,0,2,16,6,1,0,1,0,0,0,0,0,2,6,7,5,0,0,0.32142857142857145,0.3448275862068966,0.5714285714285714,0.916256157635468,0.24999999999999994,0.28,,0.06896551724137931,0.034482758620689655,0.034482758620689655,0.75,0.25,3.0,239.53571428571428,0.3448275862068966,0.48,1.3171782682257058,-0.402465,15,5,MH,29,25,6,12,4,0,0,S5,390,False,2TM,NUL,0.2322270348330365
10,24,23,7,5,6,0,0,1,10,2,1,0,1,0,0,0,0,0,2,5,5,5,0,0,0.30434782608695654,0.3333333333333333,0.43478260869565216,0.7681159420289855,0.13043478260869562,0.2857142857142857,,0.041666666666666664,0.041666666666666664,0.041666666666666664,0.7058823529411765,0.29411764705882354,2.4,234.65217391304347,0.3333333333333333,0.35,-1.7948800577914892,-0.5336650000000001,12,5,MH,24,20,4,7,4,0,0,S5,390,True,NUL,NUL,-0.09630797156359092
2,5,5,2,1,0,1,0,1,6,4,0,0,0,0,0,0,0,0,0,1,2,0,0,0,0.4,0.4,1.2,1.6,0.7999999999999999,0.25,,0.2,0.0,0.0,1.0,0.0,,262.0,0.4,1.0,3.112058326017195,0.13119999999999998,3,0,MH,5,5,2,5,0,0,0,S5,390,True,LMN,LMN,0.32853500639662736
4,6,6,1,0,1,0,0,0,1,0,0,0,4,4,0,0,0,0,0,0,0,1,0,0,0.16666666666666666,0.16666666666666666,0.16666666666666666,0.3333333333333333,0.0,0.5,,0.0,0.6666666666666666,0.0,0.0,1.0,0.0,118.0,0.16666666666666666,0.16666666666666666,-1.3465638350481608,-0.05700000000000001,0,1,MH,6,6,1,1,0,0,0,S5,391,False,NUL,NUL,-0.11386137495092659
12,32,30,8,6,4,2,2,0,14,6,2,0,7,1,0,0,0,0,0,5,2,5,3,0,0.26666666666666666,0.3125,0.4666666666666667,0.7791666666666667,0.2,0.34782608695652173,,0.0,0.21875,0.0625,0.4666666666666667,0.5333333333333333,0.875,266.258064516129,0.3125,0.39285714285714285,1.148910099363726,-0.019939000000000012,7,8,S,32,28,6,11,4,0,0,S5,392,False,2TM,NUL,0.2257977222237833
12,29,27,6,5,3,2,1,0,10,2,2,0,7,1,0,0,0,0,0,5,2,4,3,0,0.2222222222222222,0.27586206896551724,0.37037037037037035,0.6462324393358876,0.14814814814814814,0.3,,0.0,0.2413793103448276,0.06896551724137931,0.5,0.5,1.0,280.42857142857144,0.27586206896551724,0.28,-2.46988394858653,-0.22383899999999998,7,7,S,29,25,4,7,4,0,0,S5,392,True,NUL,NUL,-0.1464791868481871
1,3,3,2,1,1,0,1,0,4,4,0,0,0,0,0,0,0,0,0,0,0,1,0,0,0.6666666666666666,0.6666666666666666,1.3333333333333333,2.0,0.6666666666666666,0.6666666666666666,,0.0,0.0,0.0,0.0,1.0,0.0,134.0,0.6666666666666666,1.3333333333333333,3.6187940479502556,0.2039,0,1,S,3,3,2,4,0,0,0,S5,392,True,LMN,LMN,0.3722769090719703
13,33,27,5,3,2,2,1,0,9,0,6,0,5,0,1,0,0,0,1,2,1,8,6,0,0.18518518518518517,0.3333333333333333,0.3333333333333333,0.6666666666666666,0.14814814814814814,0.22727272727272727,1.0,0.0,0.15151515151515152,0.18181818181818182,0.2222222222222222,0.7777777777777778,0.2857142857142857,243.7941176470588,0.30303030303030304,0.32142857142857145,-3.8265976151907677,-0.229162,4,14,S,33,28,5,9,5,0,0,S5,393,False,2TM,TRA,-0.26828721447268455
13,31,25,4,3,1,2,1,0,8,0,6,0,5,0,1,0,0,0,1,2,1,7,6,0,0.16,0.3225806451612903,0.32,0.6425806451612903,0.16,0.2,1.0,0.0,0.16129032258064516,0.1935483870967742,0.23529411764705882,0.7647058823529411,0.3076923076923077,248.03125,0.2903225806451613,0.3076923076923077,-3.2806269991070405,-0.221762,4,13,S,31,26,4,8,5,0,0,S5,393,True,TRA,TRA,-0.22062182238227496
1,2,2,1,0,1,0,0,0,1,0,0,0,0,0,0,0,0,0,0,0,0,1,0,0,0.5,0.5,0.5,1.0,0.0,0.5,,0.0,0.0,0.0,0.0,1.0,0.0,176.0,0.5,0.5,-0.5459706160837268,-0.0074,0,1,S,2,2,1,1,0,0,0,S5,393,True,LMN,LMN,-0.04766539209040951
7,16,14,6,2,3,2,0,1,11,4,2,0,1,0,0,0,0,0,1,2,2,3,0,0,0.42857142857142855,0.5,0.7857142857142857,1.2857142857142856,0.35714285714285715,0.4166666666666667,,0.0625,0.0625,0.125,0.625,0.375,1.6666666666666667,213.6875,0.5,0.7857142857142857,2.0392110776015118,0.079348,5,3,BC,16,14,6,11,2,0,0,S5,396,False,TRA,TRA,0.25937446390385654
4,11,10,2,2,0,0,0,2,8,4,0,0,1,0,0,0,0,1,1,1,4,2,1,0,0.2,0.18181818181818182,0.8,0.9818181818181819,0.6000000000000001,0.0,,0.18181818181818182,0.09090909090909091,0.0,0.6,0.4,1.5,318.6363636363636,0.18181818181818182,0.8,0.22582361571355314,0.020999999999999963,6,4,BP,11,10,2,8,0,1,0,S5,397,False,2TM,CHI,0.060706543920152733
2,5,4,1,1,0,0,0,1,4,3,0,0,1,0,0,0,0,1,0,1,1,1,0,0,0.25,0.2,1.0,1.2,0.75,0.0,,0.2,0.2,0.0,0.5,0.5,1.0,300.4,0.2,1.0,1.1305238489728535,0.0716,2,2,BP,5,4,1,4,0,1,0,S5,397,True,NUL,NUL,0.13038155869219328
2,6,6,1,1,0,0,0,1,4,1,0,0,0,0,0,0,0,0,1,0,3,1,1,0,0.16666666666666666,0.16666666666666666,0.6666666666666666,0.8333333333333333,0.5,0.0,,0.16666666666666666,0.0,0.0,0.6666666666666666,0.3333333333333333,2.0,333.8333333333333,0.16666666666666666,0.6666666666666666,-0.9047002332593002,-0.050600000000000006,4,2,BP,6,6,1,4,0,0,0,S5,397,True,CHI,CHI,-0.06967501477204052
7,18,18,2,0,2,0,0,0,2,0,0,0,2,1,0,0,0,0,1,4,3,5,2,0,0.1111111111111111,0.1111111111111111,0.1111111111111111,0.2222222222222222,0.0,0.125,,0.0,0.1111111111111111,0.0,0.5333333333333333,0.4666666666666667,1.1428571428571428,303.1764705882353,0.1111111111111111,0.1111111111111111,-3.961762530331693,-0.3926,8,7,HK,18,18,2,2,0,0,0,S5,399,False,RKT,RKT,-0.3337912273715008
4,6,6,4,1,2,2,0,0,6,1,0,0,0,0,0,0,0,0,0,0,0,2,0,0,0.6666666666666666,0.6666666666666666,1.0,1.6666666666666665,0.33333333333333337,0.6666666666666666,,0.0,0.0,0.0,0.0,1.0,0.0,138.33333333333334,0.6666666666666666,1.0,1.7662444968951714,0.3244,0,2,BC,6,5,3,5,1,0,0,S5,400,False,TRA,TRA,0.19741945824340662
5,14,12,5,3,2,1,0,2,12,5,2,0,1,0,0,0,0,0,0,2,1,2,1,0,0.4166666666666667,0.5,1.0,1.5,0.5833333333333333,0.3333333333333333,,0.14285714285714285,0.07142857142857142,0.14285714285714285,0.5,0.5,1.0,206.57142857142858,0.42857142857142855,0.9230769230769231,2.877746811263471,0.25932599999999995,3,3,BP,14,13,5,12,1,0,0,S5,401,False,NUL,NUL,0.33629636775208926
5,13,12,2,1,2,0,0,0,2,0,1,0,2,0,0,0,0,0,1,2,4,2,0,0,0.16666666666666666,0.23076923076923078,0.16666666666666666,0.39743589743589747,0.0,0.2,,0.0,0.15384615384615385,0.07692307692307693,0.7777777777777778,0.2222222222222222,3.5,308.3076923076923,0.23076923076923078,0.16666666666666666,-2.6207962960180335,-0.16034199999999998,7,2,BC,13,12,2,2,1,0,0,S5,405,False,TRA,TRA,-0.21702377773504278
6,12,11,2,0,2,0,0,0,2,1,1,0,2,0,0,0,0,0,2,3,1,2,1,0,0.18181818181818182,0.25,0.18181818181818182,0.4318181818181818,0.0,0.2222222222222222,,0.0,0.16666666666666666,0.08333333333333333,0.6666666666666666,0.3333333333333333,2.0,283.6666666666667,0.25,0.18181818181818182,-2.484514939739809,-0.010301000000000005,6,3,BC,12,11,2,2,1,0,0,S5,406,False,NUL,NUL,-0.2068614768662019
6,20,16,5,2,2,2,1,0,9,2,2,0,1,0,0,0,0,2,0,1,1,9,1,0,0.3125,0.35,0.5625,0.9125,0.25,0.29411764705882354,,0.0,0.05,0.1,0.14285714285714285,0.8571428571428571,0.16666666666666666,213.8,0.4,0.4375,0.4937754284996427,-0.23610000000000006,2,12,S,20,16,5,7,3,1,0,S5,408,False,SAR,SAR,0.11869423802959593
4,12,11,2,2,0,1,0,1,6,1,1,0,5,0,0,0,0,0,1,1,1,1,1,0,0.18181818181818182,0.25,0.5454545454545454,0.7954545454545454,0.3636363636363636,0.2,,0.08333333333333333,0.4166666666666667,0.08333333333333333,0.6,0.4,1.5,251.0,0.25,0.5454545454545454,-0.9180126144109444,-0.18930000000000002,3,2,BN,12,11,2,6,1,0,0,S5,411,False,YUM,YUM,-0.05021124433331544
6,21,19,7,4,4,1,0,2,14,4,2,0,3,0,0,0,0,0,1,2,1,3,3,0,0.3684210526315789,0.42857142857142855,0.7368421052631579,1.1654135338345863,0.3684210526315789,0.35714285714285715,,0.09523809523809523,0.14285714285714285,0.09523809523809523,0.4,0.6,0.6666666666666666,226.33333333333334,0.42857142857142855,0.7222222222222222,0.6190373424651044,0.28330000000000005,4,6,1B,21,18,6,13,3,0,0,S5,413,False,2TM,LMN,0.1346862641851237
4,11,9,4,2,2,1,0,1,8,2,2,0,1,0,0,0,0,0,0,1,0,2,1,0,0.4444444444444444,0.5454545454545454,0.8888888888888888,1.4343434343434343,0.4444444444444444,0.42857142857142855,,0.09090909090909091,0.09090909090909091,0.18181818181818182,0.25,0.75,0.3333333333333333,184.8181818181818,0.5454545454545454,0.875,1.5215039325923927,0.3218,1,3,1B,11,8,3,7,3,0,0,S5,413,True,LMN,LMN,0.19027457560803668
4,10,10,3,2,2,0,0,1,6,2,0,0,2,0,0,0,0,0,1,1,1,1,2,0,0.3,0.3,0.6,0.8999999999999999,0.3,0.2857142857142857,,0.1,0.2,0.0,0.5,0.5,1.0,272.0,0.3,0.6,-0.9024665901272888,-0.0385,3,3,1B,10,10,3,6,0,0,0,S5,413,True,YUM,YUM,-0.05558831142291305
5,12,10,2,2,1,0,1,0,4,0,2,0,2,0,0,0,0,0,0,1,4,1,0,0,0.2,0.3333333333333333,0.4,0.7333333333333334,0.2,0.25,,0.0,0.16666666666666666,0.16666666666666666,0.8333333333333334,0.16666666666666666,5.0,285.0833333333333,0.3333333333333333,0.4,-0.6179274857712331,-0.20902000000000004,5,1,1B,12,10,2,4,2,0,0,S5,414,False,YUM,YUM,-0.020202731469344315
5,13,13,1,0,1,0,0,0,1,0,0,0,4,0,0,0,0,0,1,1,2,3,2,0,0.07692307692307693,0.07692307692307693,0.07692307692307693,0.15384615384615385,0.0,0.1111111111111111,,0.0,0.3076923076923077,0.0,0.4444444444444444,0.5555555555555556,0.8,293.6923076923077,0.07692307692307693,0.07692307692307693,-4.000319118174471,-0.45009999999999994,4,5,BP,13,13,1,1,0,0,0,S5,417,False,YUM,YUM,-0.35497605995068654
6,16,16,4,2,1,1,1,1,10,3,0,0,4,2,0,0,0,0,0,0,3,4,1,0,0.25,0.25,0.625,0.875,0.375,0.2727272727272727,,0.0625,0.25,0.0,0.375,0.625,0.6,264.07142857142856,0.25,0.5333333333333333,0.09422012014375758,0.04769900000000002,3,5,SM,16,15,3,8,1,0,0,S5,418,False,NUL,NUL,0.06487536815808109
2,6,5,1,1,1,0,0,0,1,0,1,0,0,0,0,0,0,0,0,1,1,1,1,0,0.2,0.3333333333333333,0.2,0.5333333333333333,0.0,0.2,,0.0,0.0,0.16666666666666666,0.5,0.5,1.0,299.0,0.16666666666666666,0.16666666666666666,-0.6204329838907258,0.048265999999999996,2,2,SM,6,6,1,1,0,0,0,S5,419,False,YUM,YUM,-0.041248289835183076
1,3,3,1,1,0,1,0,0,2,0,0,0,1,0,0,0,0,0,0,0,1,0,0,0,0.3333333333333333,0.3333333333333333,0.6666666666666666,1.0,0.3333333333333333,0.5,,0.0,0.3333333333333333,0.0,1.0,0.0,,281.3333333333333,0.3333333333333333,0.6666666666666666,-0.21446535584319615,-0.00035499999999999996,1,0,BP,3,3,1,2,0,0,0,S5,421,False,YUM,YUM,-0.011049031307374866
2,4,3,1,1,0,1,0,0,2,1,0,0,2,1,0,0,0,1,0,0,0,1,0,0,0.3333333333333333,0.25,0.6666666666666666,0.9166666666666666,0.3333333333333333,0.5,,0.0,0.5,0.0,0.0,1.0,0.0,171.33333333333334,0.25,0.6666666666666666,-0.2489378887742037,0.1702,0,2,BP,4,3,1,2,0,1,0,S5,422,False,YUM,YUM,-0.011030449841494035
7,15,14,1,0,0,1,0,0,2,1,1,0,7,2,0,0,0,0,0,3,0,2,1,0,0.07142857142857142,0.13333333333333333,0.14285714285714285,0.2761904761904762,0.07142857142857142,0.14285714285714285,,0.0,0.4666666666666667,0.06666666666666667,0.5,0.5,1.0,271.0,0.2,0.15384615384615385,-3.0795535779159673,-0.333,3,3,BN,15,13,1,2,2,0,0,S5,423,False,YUM,YUM,-0.255967836406873
4,7,6,1,0,1,0,0,0,1,1,0,0,1,0,0,0,0,1,1,3,0,2,0,0,0.16666666666666666,0.14285714285714285,0.16666666666666666,0.30952380952380953,0.0,0.16666666666666666,,0.0,0.14285714285714285,0.0,0.5714285714285714,0.42857142857142855,1.3333333333333333,291.85714285714283,0.14285714285714285,0.14285714285714285,-1.089448452160084,-0.038566,4,3,XB,7,7,1,1,0,0,0,S5,425,False,TSA,TSA,-0.08468400190313732
3,8,8,2,1,1,0,1,0,4,2,0,0,3,0,0,0,0,0,0,1,1,0,1,0,0.25,0.25,0.5,0.75,0.25,0.4,,0.0,0.375,0.0,0.6666666666666666,0.3333333333333333,2.0,292.75,0.25,0.2857142857142857,-0.34280648290563187,-0.04772,2,1,WC,8,7,1,2,1,0,0,S5,439,False,SAR,SAR,-0.006553970218710519
14,38,37,13,7,7,2,3,1,24,3,1,0,10,4,0,0,0,0,1,7,5,2,0,0,0.35135135135135137,0.3684210526315789,0.6486486486486487,1.0170697012802277,0.2972972972972973,0.46153846153846156,,0.02631578947368421,0.2631578947368421,0.02631578947368421,0.8666666666666667,0.13333333333333333,6.5,250.8235294117647,0.3684210526315789,0.5833333333333334,0.6078611325452599,-0.122703,13,2,BC,38,36,12,21,2,0,0,S5,452,False,2TM,GTY,0.19248783409582615
12,33,32,11,7,5,2,3,1,22,3,1,0,9,4,0,0,0,0,1,6,5,1,0,0,0.34375,0.36363636363636365,0.6875,1.0511363636363638,0.34375,0.45454545454545453,,0.030303030303030304,0.2727272727272727,0.030303030303030304,0.9230769230769231,0.07692307692307693,12.0,254.27586206896552,0.36363636363636365,0.6129032258064516,0.5035345290549886,-0.10950300000000002,12,1,BC,33,31,10,19,2,0,0,S5,452,True,POR,POR,0.16472599995189113
2,5,5,2,0,2,0,0,0,2,0,0,0,1,0,0,0,0,0,0,1,0,1,0,0,0.4,0.4,0.4,0.8,0.0,0.5,,0.0,0.2,0.0,0.5,0.5,1.0,230.8,0.4,0.4,0.10432660349027117,-0.01319999999999999,1,1,BC,5,5,2,2,0,0,0,S5,452,True,GTY,GTY,0.027761834143935037
8,22,21,6,5,4,0,1,1,11,2,1,0,0,0,0,0,0,0,0,1,1,7,6,0,0.2857142857142857,0.3181818181818182,0.5238095238095238,0.8419913419913421,0.23809523809523814,0.25,,0.045454545454545456,0.0,0.045454545454545456,0.13333333333333333,0.8666666666666667,0.15384615384615385,227.36363636363637,0.3181818181818182,0.55,-1.1677757123584538,-0.1612,2,13,SF,22,20,5,11,2,0,0,S5,474,False,2TM,KTY,-0.04052920653825054
3,10,9,4,4,2,0,1,1,9,2,1,0,0,0,0,0,0,0,0,1,0,3,1,0,0.4444444444444444,0.5,1.0,1.5,0.5555555555555556,0.375,,0.1,0.0,0.1,0.2,0.8,0.25,180.1,0.5,1.125,1.759433368667669,0.010200000000000015,1,4,SF,10,8,3,9,2,0,0,S5,474,True,LMN,LMN,0.21060168445658273
5,12,12,2,1,2,0,0,0,2,0,0,0,0,0,0,0,0,0,0,0,1,4,5,0,0.16666666666666666,0.16666666666666666,0.16666666666666666,0.3333333333333333,0.0,0.16666666666666666,,0.0,0.0,0.0,0.1,0.9,0.1111111111111111,266.75,0.16666666666666666,0.16666666666666666,-2.927209081026122,-0.1714,1,9,SF,12,12,2,2,0,0,0,S5,474,True,KTY,KTY,-0.2511308909948332
4,10,6,1,2,0,1,0,0,2,0,4,0,1,0,3,0,0,0,0,1,0,2,1,0,0.16666666666666666,0.5,0.3333333333333333,0.8333333333333333,0.16666666666666666,0.2,1.0,0.0,0.1,0.4,0.25,0.75,0.3333333333333333,188.92307692307693,0.5,0.3333333333333333,0.9328328211981513,0.11259999999999999,1,3,WC,10,6,1,2,4,0,0,S5,477,False,GTY,GTY,0.12794162970963097
10,32,28,3,3,0,1,0,2,10,5,4,0,6,3,0,0,0,0,1,4,6,6,3,0,0.10714285714285714,0.21875,0.35714285714285715,0.5758928571428572,0.25,0.05,,0.0625,0.1875,0.125,0.55,0.45,1.2222222222222223,308.2068965517241,0.21875,0.35714285714285715,-5.83632222714661,-0.5829000000000001,11,9,WC,32,28,3,10,4,0,0,S5,478,False,POR,POR,-0.4727255104272503
5,9,8,3,2,1,0,0,2,9,6,1,0,0,0,0,0,0,0,1,1,1,2,1,0,0.375,0.4444444444444444,1.125,1.5694444444444444,0.75,0.16666666666666666,,0.2222222222222222,0.0,0.1111111111111111,0.5,0.5,1.0,186.88888888888889,0.4444444444444444,1.125,3.770084086578592,0.36422,3,3,1B,9,8,3,9,1,0,0,S5,479,False,GTY,GTY,0.4082009214886934
12,36,32,8,6,2,4,0,2,18,3,4,0,8,0,0,0,0,0,2,7,4,4,1,0,0.25,0.3333333333333333,0.5625,0.8958333333333333,0.3125,0.2727272727272727,,0.05555555555555555,0.2222222222222222,0.1111111111111111,0.7222222222222222,0.2777777777777778,2.6,259.8611111111111,0.3611111111111111,0.5333333333333333,-3.5956038483264545,-0.32430000000000003,13,5,BP,36,30,7,16,6,0,0,S5,480,False,TRA,TRA,-0.23479033350930845
10,27,26,7,4,3,1,1,2,16,5,1,0,5,0,0,0,0,0,1,2,4,7,1,0,0.2692307692307692,0.2962962962962963,0.6153846153846154,0.9116809116809117,0.3461538461538462,0.2631578947368421,,0.07407407407407407,0.18518518518518517,0.037037037037037035,0.4666666666666667,0.5333333333333333,0.875,245.77777777777777,0.2962962962962963,0.6153846153846154,0.04466530567793986,-0.28913,7,8,BC,27,26,7,16,1,0,0,S5,481,False,2TM,POR,0.09804406906029675
8,22,21,4,2,2,1,0,1,8,2,1,0,3,0,0,0,0,0,1,2,4,7,1,0,0.19047619047619047,0.22727272727272727,0.38095238095238093,0.6082251082251082,0.19047619047619047,0.17647058823529413,,0.045454545454545456,0.13636363636363635,0.045454545454545456,0.4666666666666667,0.5333333333333333,0.875,274.54545454545456,0.22727272727272727,0.38095238095238093,-2.7010302066264176,-0.47153,7,8,BC,22,21,4,8,1,0,0,S5,481,True,SPR,SPR,-0.19385465596504692
2,5,5,3,2,1,0,1,1,8,3,0,0,2,0,0,0,0,0,0,0,0,0,0,0,0.6,0.6,1.6,2.2,1.0,1.0,,0.2,0.4,0.0,,,,119.2,0.6,1.6,2.7456955123043576,0.18240000000000003,0,0,BC,5,5,3,8,0,0,0,S5,481,True,POR,POR,0.29189872502534364
10,24,20,3,3,1,1,0,1,7,3,4,0,5,0,0,0,0,0,0,2,0,4,6,0,0.15,0.2916666666666667,0.35,0.6416666666666666,0.19999999999999998,0.14285714285714285,,0.041666666666666664,0.20833333333333334,0.16666666666666666,0.16666666666666666,0.8333333333333334,0.2,266.6666666666667,0.2916666666666667,0.35,-2.0904093179725463,-0.32935000000000003,2,10,WC,24,20,3,7,4,0,0,S5,485,False,KRB,KRB,-0.12586089758169663
13,42,39,12,10,6,3,1,2,23,6,2,0,7,0,1,0,0,1,1,5,8,6,2,0,0.3076923076923077,0.3333333333333333,0.5897435897435898,0.9230769230769231,0.28205128205128205,0.3225806451612903,1.0,0.047619047619047616,0.16666666666666666,0.047619047619047616,0.6086956521739131,0.391304347826087,1.5555555555555556,257.06976744186045,0.3333333333333333,0.5897435897435898,0.8513203751353413,-0.12089999999999995,14,9,BC,42,39,12,23,2,1,0,S5,487,False,MVM,MVM,0.23069709739076064
13,33,29,12,4,10,1,0,1,16,3,4,0,3,0,0,1,0,0,2,2,6,3,3,0,0.41379310344827586,0.48484848484848486,0.5517241379310345,1.0365726227795193,0.13793103448275862,0.44,0.0,0.030303030303030304,0.09090909090909091,0.12121212121212122,0.625,0.375,1.6666666666666667,250.3235294117647,0.3939393939393939,0.5,-0.3921319728064714,0.31269800000000003,10,6,SF,33,32,12,16,1,0,0,S5,488,False,PPP,PPP,0.07515934976574512
6,13,12,5,0,5,0,0,0,5,1,1,1,3,0,0,1,0,0,0,2,1,0,1,0,0.4166666666666667,0.46153846153846156,0.4166666666666667,0.8782051282051282,0.0,0.5555555555555556,0.0,0.0,0.23076923076923078,0.07692307692307693,0.75,0.25,3.0,258.2307692307692,0.46153846153846156,0.36363636363636365,-0.6263407520954903,-0.011235000000000012,3,1,SF,13,11,4,4,2,0,0,S5,490,False,2TM,LMN,-0.01757822334278845
3,6,6,4,0,4,0,0,0,4,1,0,0,1,0,0,0,0,0,0,1,0,0,0,0,0.6666666666666666,0.6666666666666666,0.6666666666666666,1.3333333333333333,0.0,0.8,,0.0,0.16666666666666666,0.0,1.0,0.0,,185.16666666666666,0.6666666666666666,0.6,1.1671235517410659,0.12879999999999997,1,0,SF,6,5,3,3,1,0,0,S5,490,True,YUM,YUM,0.13750736372799607
4,7,6,1,0,1,0,0,0,1,0,1,1,2,0,0,1,0,0,0,1,1,0,1,0,0.16666666666666666,0.2857142857142857,0.16666666666666666,0.45238095238095233,0.0,0.25,0.0,0.0,0.2857142857142857,0.14285714285714285,0.6666666666666666,0.3333333333333333,2.0,320.85714285714283,0.2857142857142857,0.16666666666666666,-1.793464303836556,-0.14003500000000002,2,1,SF,7,6,1,1,1,0,0,S5,490,True,LMN,LMN,-0.15508558707078451
1,1,1,0,0,0,0,0,0,0,0,0,0,0,0,0,0,0,0,0,0,0,1,0,0,0.0,0.0,0.0,0.0,0.0,0.0,,0.0,0.0,0.0,0.0,1.0,0.0,191.0,0.0,0.0,-0.21925601646196508,-0.0179,0,1,BC,1,1,0,0,0,0,0,S5,492,False,MVM,MVM,-0.018459766887214922
4,12,12,1,1,0,0,0,1,4,3,0,0,2,0,0,0,0,0,0,3,1,4,1,0,0.08333333333333333,0.08333333333333333,0.3333333333333333,0.41666666666666663,0.25,0.0,,0.08333333333333333,0.16666666666666666,0.0,0.4444444444444444,0.5555555555555556,0.8,294.0,0.08333333333333333,0.3333333333333333,-1.3764415096682687,-0.044000000000000025,4,5,BP,12,12,1,4,0,0,0,S5,493,False,TSA,TSA,-0.09605413385904787
7,20,20,5,4,3,0,1,1,10,2,0,0,2,0,1,0,0,0,1,3,5,4,1,0,0.25,0.25,0.5,0.75,0.25,0.23529411764705882,1.0,0.05,0.1,0.0,0.6428571428571429,0.35714285714285715,1.8,269.14285714285717,0.25,0.47368421052631576,-2.2137551248996914,-0.197083,9,5,EN,20,19,4,9,1,0,0,S5,497,False,2TM,TAI,-0.1520588173103375
2,7,7,3,3,2,0,0,1,6,2,0,0,1,0,1,0,0,0,1,0,2,1,0,0,0.42857142857142855,0.42857142857142855,0.8571428571428571,1.2857142857142856,0.42857142857142855,0.4,1.0,0.14285714285714285,0.14285714285714285,0.0,0.75,0.25,3.0,214.75,0.42857142857142855,0.6666666666666666,0.013414453842655272,0.12319999999999998,3,1,EN,7,6,2,4,1,0,0,S5,497,True,LMN,LMN,0.02560228869713661
5,13,13,2,1,1,0,1,0,4,0,0,0,1,0,0,0,0,0,0,3,3,3,1,0,0.15384615384615385,0.15384615384615385,0.3076923076923077,0.46153846153846156,0.15384615384615385,0.16666666666666666,,0.0,0.07692307692307693,0.0,0.6,0.4,1.5,302.61538461538464,0.15384615384615385,0.38461538461538464,-2.227169578742347,-0.320283,6,4,EN,13,13,2,5,0,0,0,S5,497,True,TAI,TAI,-0.17766110600747412
9,22,20,5,5,1,2,0,2,13,3,2,0,1,0,1,1,0,0,0,5,3,2,4,0,0.25,0.3181818181818182,0.65,0.9681818181818183,0.4,0.17647058823529413,0.5,0.09090909090909091,0.045454545454545456,0.09090909090909091,0.5714285714285714,0.42857142857142855,1.3333333333333333,254.75,0.3181818181818182,0.6666666666666666,0.05447817763205964,-0.05211600000000002,8,6,EN,22,21,6,14,1,0,0,S5,499,False,GTY,GTY,0.0816961824608008
5,13,13,1,0,1,0,0,0,1,0,0,0,1,0,0,0,0,0,2,2,3,4,2,0,0.07692307692307693,0.07692307692307693,0.07692307692307693,0.15384615384615385,0.0,0.08333333333333333,,0.0,0.07692307692307693,0.0,0.5384615384615384,0.46153846153846156,1.1666666666666667,323.0,0.07692307692307693,0.07692307692307693,-4.063369094262533,-0.4588,7,6,BP,13,13,1,1,0,0,0,S5,500,False,MVM,MVM,-0.3612810575594927
5,14,14,4,4,0,1,0,3,14,6,0,0,2,0,0,0,0,0,0,0,4,2,2,0,0.2857142857142857,0.2857142857142857,1.0,1.2857142857142856,0.7142857142857143,0.1111111111111111,,0.21428571428571427,0.14285714285714285,0.0,0.5,0.5,1.0,245.14285714285714,0.2857142857142857,1.0,0.3353948298135842,0.04129999999999996,4,4,XB,14,14,4,14,0,0,0,S5,501,False,JUP,JUP,0.0820611696071006
6,17,15,8,5,4,3,0,1,14,3,2,0,1,0,0,2,0,0,0,0,1,1,4,0,0.5333333333333333,0.5882352941176471,0.9333333333333333,1.5215686274509803,0.4,0.5384615384615384,0.0,0.058823529411764705,0.058823529411764705,0.11764705882352941,0.16666666666666666,0.8333333333333334,0.2,196.66666666666666,0.5882352941176471,0.9333333333333333,2.438222327472176,0.1361,1,5,1B,17,15,8,14,2,0,0,S5,502,False,GTY,GTY,0.30274142364990453
5,13,11,3,1,3,0,0,0,3,1,2,0,2,0,0,0,0,0,1,1,1,2,2,0,0.2727272727272727,0.38461538461538464,0.2727272727272727,0.6573426573426573,0.0,0.3333333333333333,,0.0,0.15384615384615385,0.15384615384615385,0.42857142857142855,0.5714285714285714,0.75,241.33333333333334,0.38461538461538464,0.2727272727272727,-1.3189538214737992,0.05873500000000001,3,4,1B,13,11,3,3,2,0,0,S5,510,False,SPR,SPR,-0.08683953028061935
6,13,13,4,2,0,2,1,1,11,1,0,0,3,0,0,0,0,0,0,0,0,4,2,0,0.3076923076923077,0.3076923076923077,0.8461538461538461,1.1538461538461537,0.5384615384615384,0.3333333333333333,,0.07692307692307693,0.23076923076923078,0.0,0.0,1.0,0.0,217.6153846153846,0.3076923076923077,0.9230769230769231,0.599683186691329,0.023800000000000026,0,6,BP,13,13,4,12,0,0,0,S5,513,False,CHI,CHI,0.10502417053589348
4,9,8,2,3,2,0,0,0,2,0,1,0,2,0,0,0,0,0,1,0,2,2,0,0,0.25,0.3333333333333333,0.25,0.5833333333333333,0.0,0.3333333333333333,,0.0,0.2222222222222222,0.1111111111111111,0.6,0.4,1.5,256.8888888888889,0.3333333333333333,0.25,-1.5401547605944663,0.022699999999999977,3,2,1B,9,8,2,2,1,0,0,S5,516,False,CHI,CHI,-0.12282296322861237
4,8,8,4,0,3,1,0,0,5,1,0,0,0,0,0,1,0,0,2,2,0,2,0,0,0.5,0.5,0.625,1.125,0.125,0.5,0.0,0.0,0.0,0.0,0.6666666666666666,0.3333333333333333,2.0,226.55555555555554,0.5,0.625,-0.9632135317362269,-0.1724,4,2,1B,8,8,4,5,0,0,0,S5,517,False,MVM,MVM,-0.06859467510177002
9,22,20,3,1,2,0,0,1,6,2,2,0,6,0,0,0,0,0,0,5,1,2,3,0,0.15,0.22727272727272727,0.3,0.5272727272727272,0.15,0.15384615384615385,,0.045454545454545456,0.2727272727272727,0.09090909090909091,0.5454545454545454,0.45454545454545453,1.2,293.0,0.18181818181818182,0.2857142857142857,-2.854491837711067,-0.2903,6,5,HK,22,21,3,6,1,0,0,S5,518,False,2TM,KRB,-0.20920081907351187
1,4,3,0,0,0,0,0,0,0,1,1,0,1,0,0,0,0,0,0,1,0,1,0,0,0.0,0.25,0.0,0.25,0.0,0.0,,0.0,0.25,0.25,0.5,0.5,1.0,312.6666666666667,0.25,0.0,-0.2803165762023481,-0.0117,1,1,HK,4,3,0,0,1,0,0,S5,518,True,LMN,LMN,-0.01416831858430848
8,18,17,3,1,2,0,0,1,6,1,1,0,5,0,0,0,0,0,0,4,1,1,3,0,0.17647058823529413,0.2222222222222222,0.35294117647058826,0.5751633986928104,0.17647058823529413,0.18181818181818182,,0.05555555555555555,0.2777777777777778,0.05555555555555555,0.5555555555555556,0.4444444444444444,1.25,289.72222222222223,0.16666666666666666,0.3333333333333333,-2.574175261508719,-0.2786,5,4,HK,18,18,3,6,0,0,0,S5,518,True,KRB,KRB,-0.1950325004892034
6,18,16,5,3,0,3,0,2,14,3,2,0,7,1,0,0,0,0,0,2,1,1,0,0,0.3125,0.3888888888888889,0.875,1.2638888888888888,0.5625,0.42857142857142855,,0.1111111111111111,0.3888888888888889,0.1111111111111111,0.75,0.25,3.0,204.7058823529412,0.3888888888888889,0.875,1.5920355785326106,0.038799999999999994,3,1,HK,18,16,5,14,2,0,0,S5,520,False,JUP,JUP,0.22158858351492955
5,10,10,2,0,2,0,0,0,2,0,0,0,2,1,1,0,0,0,0,2,1,2,1,0,0.2,0.2,0.2,0.4,0.0,0.25,1.0,0.0,0.2,0.0,0.5,0.5,1.0,283.2,0.2,0.2,-1.1985365345127297,-0.21999999999999995,3,3,BC,10,10,2,2,0,0,0,S5,522,False,CHI,CHI,-0.08519530586145714
10,18,15,5,3,2,2,0,1,10,3,2,0,3,0,0,0,0,1,1,1,2,3,2,0,0.3333333333333333,0.3888888888888889,0.6666666666666666,1.0555555555555556,0.3333333333333333,0.3333333333333333,,0.05555555555555555,0.16666666666666666,0.1111111111111111,0.4,0.6,0.6666666666666666,228.38888888888889,0.3888888888888889,0.6666666666666666,-1.037539837363068,0.02416200000000001,4,6,1B,18,15,5,10,2,1,0,S5,525,False,DAD,DAD,-0.04136895807463829
12,23,21,4,3,2,0,0,2,10,2,2,0,6,0,0,1,0,0,0,3,1,4,3,0,0.19047619047619047,0.2608695652173913,0.47619047619047616,0.7370600414078674,0.2857142857142857,0.15384615384615385,0.0,0.08695652173913043,0.2608695652173913,0.08695652173913043,0.36363636363636365,0.6363636363636364,0.5714285714285714,276.1666666666667,0.21739130434782608,0.42857142857142855,-2.889245371401677,-0.391719,4,7,BC,23,21,3,9,2,0,0,S5,529,False,PPP,PPP,-0.20921033768359126
7,19,19,6,4,2,0,1,3,17,6,0,0,2,0,0,0,0,0,2,4,4,0,3,0,0.3157894736842105,0.3157894736842105,0.8947368421052632,1.2105263157894737,0.5789473684210527,0.21428571428571427,,0.15789473684210525,0.10526315789473684,0.0,0.7692307692307693,0.23076923076923078,3.3333333333333335,246.73684210526315,0.3157894736842105,0.8947368421052632,1.371221286604063,0.42230000000000006,10,3,MH,19,19,6,17,0,0,0,S5,530,False,2TM,WWC,0.20297298908105638
3,10,10,2,2,0,0,1,1,7,1,0,0,2,0,0,0,0,0,0,3,1,0,2,0,0.2,0.2,0.7,0.8999999999999999,0.49999999999999994,0.14285714285714285,,0.1,0.2,0.0,0.6666666666666666,0.3333333333333333,2.0,263.1,0.2,0.7,-0.26277415446422364,0.14710000000000004,4,2,MH,10,10,2,7,0,0,0,S5,530,True,KRB,KRB,0.008380932143393471
4,9,9,4,2,2,0,0,2,10,5,0,0,0,0,0,0,0,0,2,1,3,0,1,0,0.4444444444444444,0.4444444444444444,1.1111111111111112,1.5555555555555556,0.6666666666666667,0.2857142857142857,,0.2222222222222222,0.0,0.0,0.8571428571428571,0.14285714285714285,6.0,228.55555555555554,0.4444444444444444,1.1111111111111112,1.6339954410682864,0.2752,6,1,MH,9,9,4,10,0,0,0,S5,530,True,WWC,WWC,0.1945920569376629
4,10,10,5,3,2,2,0,1,10,2,0,0,2,1,0,0,0,0,0,0,1,1,1,0,0.5,0.5,1.0,1.5,0.5,0.5714285714285714,,0.1,0.2,0.0,0.3333333333333333,0.6666666666666666,0.5,185.11111111111111,0.5,1.0,2.2832467504103584,0.12279999999999996,1,2,SF,10,10,5,10,0,0,0,S5,533,False,RKT,RKT,0.2629830226308517
6,11,11,3,0,3,0,0,0,3,1,0,0,4,2,0,0,0,0,2,2,1,0,1,0,0.2727272727272727,0.2727272727272727,0.2727272727272727,0.5454545454545454,0.0,0.42857142857142855,,0.0,0.36363636363636365,0.0,0.8333333333333334,0.16666666666666666,5.0,284.6666666666667,0.2727272727272727,0.2727272727272727,-2.8456265665088254,-0.2544,5,1,BN,11,11,3,3,0,0,0,S5,539,False,ISO,ISO,-0.2464384743020851
2,6,6,2,0,1,0,1,0,4,0,0,0,0,0,0,0,0,0,0,1,0,3,0,0,0.3333333333333333,0.3333333333333333,0.6666666666666666,1.0,0.3333333333333333,0.3333333333333333,,0.0,0.0,0.0,0.25,0.75,0.3333333333333333,204.83333333333334,0.3333333333333333,0.6,-0.5443895879927876,-0.0774,1,3,BC,6,5,1,3,1,0,0,S5,540,False,TAI,TAI,-0.033643950245389256
1,3,2,2,2,0,1,1,0,5,0,1,0,0,0,0,0,0,0,0,0,0,0,0,0,1.0,1.0,2.5,3.5,1.5,1.0,,0.0,0.0,0.3333333333333333,,,,93.33333333333333,0.6666666666666666,1.3333333333333333,2.3773720542806203,0.2348,0,0,1B,3,3,2,4,0,0,0,S5,545,False,POR,POR,0.24813470970500678
1,3,2,0,1,0,0,0,0,0,0,1,0,0,0,0,0,0,0,0,1,0,1,0,0,0.0,0.3333333333333333,0.0,0.3333333333333333,0.0,0.0,,0.0,0.0,0.3333333333333333,0.5,0.5,1.0,253.33333333333334,0.3333333333333333,0.0,0.034239570372026074,0.035300000000000005,1,1,1B,3,2,0,0,1,0,0,S5,546,False,KTY,KTY,0.013821461314147358
7,16,14,3,1,1,0,1,1,8,2,2,0,5,1,0,0,0,0,0,2,1,2,1,0,0.21428571428571427,0.3125,0.5714285714285714,0.8839285714285714,0.3571428571428571,0.25,,0.0625,0.3125,0.125,0.5,0.5,1.0,252.33333333333334,0.3125,0.5,-0.09450978510643304,0.009699999999999986,3,3,BC,16,14,3,7,2,0,0,S5,547,False,PHB,PHB,0.04600237763306203
12,29,27,9,4,8,1,0,0,10,3,1,0,4,0,0,0,0,1,0,1,4,7,3,0,0.3333333333333333,0.3448275862068966,0.37037037037037035,0.7151979565772669,0.037037037037037035,0.375,,0.0,0.13793103448275862,0.034482758620689655,0.3125,0.6875,0.45454545454545453,244.72413793103448,0.3448275862068966,0.37037037037037035,-1.2916657278221098,-0.095677,5,11,BC,29,27,9,10,1,1,0,S5,549,False,WWC,WWC,-0.028657364771745054
3,6,6,1,0,1,0,0,0,1,0,0,0,1,0,0,0,0,0,0,0,4,0,0,0,0.16666666666666666,0.16666666666666666,0.16666666666666666,0.3333333333333333,0.0,0.2,,0.0,0.16666666666666666,0.0,1.0,0.0,,347.5,0.16666666666666666,0.16666666666666666,-1.1646474272742127,-0.0218,4,0,1B,6,6,1,1,0,0,0,S5,553,False,KTY,KTY,-0.09566973417353178
6,20,18,7,5,5,2,0,0,9,2,2,0,2,0,0,0,0,0,0,2,2,4,1,0,0.3888888888888889,0.45,0.5,0.95,0.1111111111111111,0.4375,,0.0,0.1,0.1,0.4444444444444444,0.5555555555555556,0.8,221.8,0.45,0.5,1.7676741729607695,0.1595,4,5,WC,20,18,7,9,2,0,0,S5,557,False,2TM,ISO,0.24608411247570863
2,8,8,4,4,2,2,0,0,6,2,0,0,1,0,0,0,0,0,0,0,1,1,1,0,0.5,0.5,0.75,1.25,0.25,0.5714285714285714,,0.0,0.125,0.0,0.3333333333333333,0.6666666666666666,0.5,224.25,0.5,0.75,1.793228371198617,0.1326,1,2,WC,8,8,4,6,0,0,0,S5,557,True,LMN,LMN,0.20704951519171436
4,12,10,3,1,3,0,0,0,3,0,2,0,1,0,0,0,0,0,0,2,1,3,0,0,0.3,0.4166666666666667,0.3,0.7166666666666667,0.0,0.3333333333333333,,0.0,0.08333333333333333,0.16666666666666666,0.5,0.5,1.0,220.16666666666666,0.4166666666666667,0.3,-0.02555419823784738,0.02690000000000001,3,3,WC,12,10,3,3,2,0,0,S5,557,True,ISO,ISO,0.03903459728399426
3,9,9,3,1,2,0,1,0,5,3,0,0,1,0,0,0,0,0,0,2,1,2,0,0,0.3333333333333333,0.3333333333333333,0.5555555555555556,0.8888888888888888,0.22222222222222227,0.375,,0.0,0.1111111111111111,0.0,0.6,0.4,1.5,256.0,0.3333333333333333,0.375,0.6611110838336485,-0.005199999999999996,3,2,BP,9,8,2,3,1,0,0,S5,558,False,MVM,MVM,0.0973036212141991
3,7,7,3,2,1,0,1,1,8,3,0,0,0,0,0,0,0,0,0,0,1,2,1,0,0.42857142857142855,0.42857142857142855,1.1428571428571428,1.5714285714285714,0.7142857142857142,0.3333333333333333,,0.14285714285714285,0.0,0.0,0.25,0.75,0.3333333333333333,200.85714285714286,0.42857142857142855,1.1428571428571428,1.974326697034775,0.222673,1,3,BC,7,7,3,8,0,0,0,S5,559,False,SPR,SPR,0.22169351301634857
6,16,16,4,2,1,2,0,1,9,2,0,0,4,0,0,0,0,0,1,3,0,3,2,0,0.25,0.25,0.5625,0.8125,0.3125,0.2727272727272727,,0.0625,0.25,0.0,0.4444444444444444,0.5555555555555556,0.8,258.875,0.25,0.5,-0.8101676887964795,-0.029600000000000043,4,5,S,16,16,4,8,0,0,0,S5,560,False,TAC,TAC,-0.025563412735942613
10,25,23,9,4,6,0,1,2,17,6,2,0,5,0,1,1,0,0,0,2,4,2,1,0,0.391304347826087,0.44,0.7391304347826086,1.1791304347826086,0.3478260869565217,0.4375,0.5,0.08,0.2,0.08,0.6666666666666666,0.3333333333333333,2.0,248.03703703703704,0.44,0.75,2.8202308756650925,-0.004399999999999942,6,3,BC,25,24,10,18,1,0,0,S5,562,False,GBC,GBC,0.36866895654104886
2,4,4,2,1,0,2,0,0,4,1,0,0,2,0,0,0,0,0,0,0,0,0,0,0,0.5,0.5,1.0,1.5,0.5,1.0,,0.0,0.5,0.0,,,,195.5,0.5,0.75,1.5217326897636476,0.11059999999999998,0,0,XB,4,4,2,3,0,0,0,S5,563,False,MVM,MVM,0.1660366080122911
11,26,23,4,3,4,0,0,0,4,2,2,1,2,0,0,0,0,1,1,5,2,4,7,0,0.17391304347826086,0.23076923076923078,0.17391304347826086,0.40468227424749165,0.0,0.18181818181818182,,0.0,0.07692307692307693,0.07692307692307693,0.4,0.6,0.6666666666666666,295.96,0.23076923076923078,0.17391304347826086,-4.9813686432755215,-0.1537699999999999,8,12,BN,26,23,4,4,2,1,0,S5,567,False,2TM,LMN,-0.408025160594031
9,20,19,2,0,2,0,0,0,2,2,0,0,1,0,0,0,0,1,1,4,2,4,7,0,0.10526315789473684,0.1,0.10526315789473684,0.20526315789473684,0.0,0.10526315789473684,,0.0,0.05,0.0,0.3684210526315789,0.631578947368421,0.5833333333333334,316.2,0.1,0.10526315789473684,-4.907861739937937,-0.22326999999999997,7,12,BN,20,19,2,2,0,1,0,S5,567,True,SAR,SAR,-0.421469478814162
2,6,4,2,3,2,0,0,0,2,0,2,1,1,0,0,0,0,0,0,1,0,0,0,0,0.5,0.6666666666666666,0.5,1.1666666666666665,0.0,0.6666666666666666,,0.0,0.16666666666666666,0.3333333333333333,1.0,0.0,,215.0,0.6666666666666666,0.5,-0.07350690333758386,0.0695,1,0,BN,6,4,2,2,2,0,0,S5,567,True,LMN,LMN,0.013444318220131113
3,5,4,0,0,0,0,0,0,0,0,1,0,2,0,0,0,0,0,0,0,2,0,0,0,0.0,0.2,0.0,0.2,0.0,0.0,,0.0,0.4,0.2,1.0,0.0,,332.6,0.2,0.0,-0.7167508382697929,-0.1149,2,0,BC,5,4,0,0,1,0,0,S5,570,False,PPP,PPP,-0.05434591003207138
8,22,16,3,4,2,0,1,0,5,2,6,0,3,0,1,0,0,0,0,1,5,3,1,0,0.1875,0.4090909090909091,0.3125,0.7215909090909092,0.125,0.23076923076923078,1.0,0.0,0.13636363636363635,0.2727272727272727,0.6,0.4,1.5,256.8695652173913,0.4090909090909091,0.3125,-1.3860661400304688,0.21136599999999994,6,4,1B,22,16,3,5,6,0,0,S5,579,False,GTY,GTY,-0.06235824930545204
9,25,23,8,3,4,1,1,2,17,3,1,0,3,0,0,0,0,1,0,4,4,4,1,0,0.34782608695652173,0.36,0.7391304347826086,1.0991304347826087,0.3913043478260869,0.3157894736842105,,0.08,0.12,0.04,0.5714285714285714,0.42857142857142855,1.3333333333333333,240.88,0.36,0.7391304347826086,0.06889626778844277,0.01020000000000005,8,6,EN,25,23,8,17,1,1,0,S5,580,False,YUM,YUM,0.09353549575338387
3,7,7,1,1,0,0,1,0,3,2,0,0,0,0,0,0,0,0,1,1,1,2,2,0,0.14285714285714285,0.14285714285714285,0.42857142857142855,0.5714285714285714,0.2857142857142857,0.14285714285714285,,0.0,0.0,0.0,0.42857142857142855,0.5714285714285714,0.75,313.2857142857143,0.14285714285714285,0.42857142857142855,-0.662897706736518,-0.16341900000000004,3,4,S,7,7,1,3,0,0,0,S5,582,False,KRB,KRB,-0.04202892736078072
4,8,8,1,0,1,0,0,0,1,0,0,0,3,0,0,0,0,0,0,1,1,0,2,0,0.125,0.125,0.125,0.25,0.0,0.2,,0.0,0.375,0.0,0.5,0.5,1.0,340.25,0.125,0.125,-1.9839282374275466,-0.2233,2,2,BC,8,8,1,1,0,0,0,S5,583,False,WWC,WWC,-0.170666145670902
6,17,15,3,4,2,0,0,1,6,4,2,0,2,0,0,0,0,0,1,1,3,3,3,0,0.2,0.29411764705882354,0.4,0.6941176470588235,0.2,0.16666666666666666,,0.058823529411764705,0.11764705882352941,0.11764705882352941,0.45454545454545453,0.5454545454545454,0.8333333333333334,281.94117647058823,0.29411764705882354,0.4,-0.16011507076133452,-0.010799999999999988,5,6,WC,17,15,3,6,2,0,0,S5,594,False,MVM,MVM,0.04290768382655346
13,35,31,6,5,0,3,0,3,18,5,3,0,10,1,1,0,0,1,1,1,2,6,7,0,0.1935483870967742,0.2571428571428571,0.5806451612903226,0.8377880184331797,0.38709677419354843,0.15789473684210525,1.0,0.08571428571428572,0.2857142857142857,0.08571428571428572,0.2222222222222222,0.7777777777777778,0.2857142857142857,219.9142857142857,0.2571428571428571,0.6129032258064516,-2.7030597070226308,-0.08519399999999994,4,14,XB,35,31,6,19,3,1,0,S5,596,False,PPP,PPP,-0.14900175413790767
5,15,15,4,1,0,2,2,0,10,2,0,0,3,0,0,0,0,0,1,2,1,1,4,0,0.26666666666666666,0.26666666666666666,0.6666666666666666,0.9333333333333333,0.39999999999999997,0.3333333333333333,,0.0,0.2,0.0,0.4444444444444444,0.5555555555555556,0.8,262.6,0.26666666666666666,0.7333333333333333,0.4417248572369014,0.022375000000000013,4,5,XB,15,15,4,11,0,0,0,S5,597,False,2TM,GTY,0.09616000710841391
3,10,10,3,0,0,2,1,0,7,1,0,0,3,0,0,0,0,0,0,1,0,1,2,0,0.3,0.3,0.7,1.0,0.39999999999999997,0.42857142857142855,,0.0,0.3,0.0,0.25,0.75,0.3333333333333333,230.7,0.3,0.7,0.6604680692939255,0.09260000000000002,1,3,XB,10,10,3,7,0,0,0,S5,597,True,JUP,JUP,0.10070515451920839
2,5,5,1,1,0,0,1,0,3,1,0,0,0,0,0,0,0,0,1,1,1,0,2,0,0.2,0.2,0.6,0.8,0.39999999999999997,0.2,,0.0,0.0,0.0,0.6,0.4,1.5,326.4,0.2,0.8,-0.21874321205702407,-0.070225,3,2,XB,5,5,1,4,0,0,0,S5,597,True,GTY,GTY,-0.00454514741079449
3,8,8,3,2,1,1,1,0,6,2,0,0,1,0,0,0,0,0,0,0,1,1,2,0,0.375,0.375,0.75,1.125,0.375,0.42857142857142855,,0.0,0.125,0.0,0.25,0.75,0.3333333333333333,242.25,0.375,0.75,1.1259321247243252,0.15239999999999998,1,3,XB,8,8,3,6,0,0,0,S5,599,False,YUM,YUM,0.1403198905442852
8,20,16,3,2,2,0,0,1,6,4,3,0,5,0,0,0,0,1,1,3,1,4,1,0,0.1875,0.3,0.375,0.675,0.1875,0.18181818181818182,,0.05,0.25,0.15,0.45454545454545453,0.5454545454545454,0.8333333333333334,264.2,0.15,0.3157894736842105,0.6872764719483966,0.029743999999999944,5,6,BC,20,19,3,6,0,1,0,S5,600,False,WWC,WWC,0.13804434237447133
12,31,27,6,2,3,2,0,1,11,3,4,0,5,0,0,0,0,0,2,3,3,7,3,0,0.2222222222222222,0.3225806451612903,0.4074074074074074,0.7299880525686977,0.18518518518518517,0.23809523809523808,,0.03225806451612903,0.16129032258064516,0.12903225806451613,0.4444444444444444,0.5555555555555556,0.8,251.19354838709677,0.3225806451612903,0.36,-3.132521956139154,-0.31170000000000003,8,10,WC,31,25,4,9,6,0,0,S5,602,False,TAI,TAI,-0.2058113180854863
3,7,6,4,4,1,0,1,2,12,2,1,0,0,0,0,0,0,0,0,1,1,0,0,0,0.6666666666666666,0.7142857142857143,2.0,2.7142857142857144,1.3333333333333335,0.5,,0.2857142857142857,0.0,0.14285714285714285,1.0,0.0,,147.14285714285714,0.7142857142857143,1.6666666666666667,3.3267256859654175,0.3112,2,0,MH,7,6,4,10,1,0,0,S5,604,False,NUL,NUL,0.35693341190941286
3,4,3,0,0,0,0,0,0,0,0,1,0,0,0,0,0,0,0,0,1,1,0,1,0,0.0,0.25,0.0,0.25,0.0,0.0,,0.0,0.0,0.25,0.6666666666666666,0.3333333333333333,2.0,327.25,0.25,0.0,-0.4154775994765307,-0.058300000000000005,2,1,1B,4,3,0,0,1,0,0,S5,605,False,PPP,PPP,-0.027684420911726737
9,20,19,7,3,4,0,1,2,15,5,1,0,4,0,0,0,0,0,1,1,3,2,2,0,0.3684210526315789,0.4,0.7894736842105263,1.1894736842105265,0.4210526315789474,0.38461538461538464,,0.1,0.2,0.05,0.5555555555555556,0.4444444444444444,1.25,219.2,0.4,0.7894736842105263,2.2125386480097258,0.35764299999999993,5,4,SF,20,19,7,15,1,0,0,S5,606,False,2TM,LMN,0.2905705599806042
5,7,7,3,1,2,0,0,1,6,3,0,0,0,0,0,0,0,0,1,0,2,1,1,0,0.42857142857142855,0.42857142857142855,0.8571428571428571,1.2857142857142856,0.42857142857142855,0.3333333333333333,,0.14285714285714285,0.0,0.0,0.6,0.4,1.5,227.0,0.42857142857142855,0.8571428571428571,0.39704470597337804,0.20329999999999995,3,2,SF,7,7,3,6,0,0,0,S5,606,True,KRB,KRB,0.06396531391020889
4,13,12,4,2,2,0,1,1,9,2,1,0,4,0,0,0,0,0,0,1,1,1,1,0,0.3333333333333333,0.38461538461538464,0.75,1.1346153846153846,0.4166666666666667,0.42857142857142855,,0.07692307692307693,0.3076923076923077,0.07692307692307693,0.5,0.5,1.0,215.0,0.38461538461538464,0.75,1.8154939420363478,0.15434299999999995,2,2,SF,13,12,4,9,1,0,0,S5,606,True,LMN,LMN,0.2266052460703954
6,16,15,5,2,3,2,0,0,7,0,1,0,5,0,0,0,0,0,0,0,4,0,1,0,0.3333333333333333,0.375,0.4666666666666667,0.8416666666666667,0.13333333333333336,0.5,,0.0,0.3125,0.0625,0.8,0.2,4.0,274.0625,0.3125,0.4375,-0.7410830813292577,0.0884,4,1,BN,16,16,5,7,0,0,0,S5,607,False,WWC,WWC,-0.018654951989220438
10,23,20,2,1,1,0,0,1,5,5,2,0,9,3,0,0,0,1,0,3,2,2,3,0,0.1,0.17391304347826086,0.25,0.42391304347826086,0.15,0.09090909090909091,,0.043478260869565216,0.391304347826087,0.08695652173913043,0.45454545454545453,0.5454545454545454,0.8333333333333334,292.65,0.17391304347826086,0.25,-1.8297646853027365,-0.20087899999999997,5,6,1B,23,20,2,5,2,1,0,S5,609,False,KRB,KRB,-0.10326226907369725
5,12,10,5,4,1,2,0,2,13,4,1,0,1,0,0,0,0,1,0,0,3,2,0,0,0.5,0.5,1.3,1.8,0.8,0.375,,0.16666666666666666,0.08333333333333333,0.08333333333333333,0.5,0.5,1.0,210.0909090909091,0.5,1.2,2.7783914443056856,0.47363999999999995,3,3,MH,12,10,5,12,1,1,0,S5,610,False,WWC,WWC,0.31942916153834755
9,21,19,10,4,9,1,0,0,11,2,2,0,2,0,0,0,0,0,0,0,1,1,5,0,0.5263157894736842,0.5714285714285714,0.5789473684210527,1.150375939849624,0.052631578947368474,0.5882352941176471,,0.0,0.09523809523809523,0.09523809523809523,0.14285714285714285,0.8571428571428571,0.16666666666666666,220.57142857142858,0.5714285714285714,0.5789473684210527,2.67239267465683,0.22526700000000005,1,6,SF,21,19,10,11,2,0,0,S5,612,False,TAC,TAC,0.3400217974042962
7,18,17,5,5,0,2,0,3,16,5,1,1,5,0,0,0,0,0,0,1,0,3,3,0,0.29411764705882354,0.3333333333333333,0.9411764705882353,1.2745098039215685,0.6470588235294117,0.2222222222222222,,0.16666666666666666,0.2777777777777778,0.05555555555555555,0.14285714285714285,0.8571428571428571,0.16666666666666666,230.76470588235293,0.3333333333333333,0.8823529411764706,0.8128701463031739,-0.12405200000000002,1,6,WC,18,17,5,15,1,0,0,S5,614,False,2TM,DAD,0.1436720402919859
6,15,14,5,5,0,2,0,3,16,5,1,1,2,0,0,0,0,0,0,1,0,3,3,0,0.35714285714285715,0.4,1.1428571428571428,1.5428571428571427,0.7857142857142856,0.2222222222222222,,0.2,0.13333333333333333,0.06666666666666667,0.14285714285714285,0.8571428571428571,0.16666666666666666,209.71428571428572,0.4,1.0714285714285714,1.810567327527386,0.05754800000000003,1,6,WC,15,14,5,15,1,0,0,S5,614,True,RKT,RKT,0.23304425413746235
1,3,3,0,0,0,0,0,0,0,0,0,0,3,0,0,0,0,0,0,0,0,0,0,0,0.0,0.0,0.0,0.0,0.0,,,0.0,1.0,0.0,,,,329.0,0.0,0.0,-0.9976971812242126,-0.1816,0,0,WC,3,3,0,0,0,0,0,S5,614,True,DAD,DAD,-0.08937221384547651
11,28,25,9,5,3,2,1,3,22,3,3,0,4,0,0,0,0,0,4,3,2,4,3,0,0.36,0.42857142857142855,0.88,1.3085714285714285,0.52,0.3333333333333333,,0.10714285714285714,0.14285714285714285,0.10714285714285714,0.5625,0.4375,1.2857142857142858,208.71428571428572,0.39285714285714285,0.8461538461538461,0.44914055235715,0.40105900000000005,9,7,XB,28,26,9,22,2,0,0,S5,616,False,KRB,KRB,0.14195742848719933
4,10,8,0,0,0,0,0,0,0,0,2,0,1,0,0,0,0,0,0,1,1,4,1,0,0.0,0.2,0.0,0.2,0.0,0.0,,0.0,0.1,0.2,0.2857142857142857,0.7142857142857143,0.4,264.2,0.2,0.0,-1.2687252082585445,-0.10719999999999998,2,5,BP,10,8,0,0,2,0,0,S5,620,False,KTY,KTY,-0.09221417323603862
1,3,3,1,0,1,0,0,0,1,0,0,0,2,0,0,0,0,0,0,0,0,0,0,0,0.3333333333333333,0.3333333333333333,0.3333333333333333,0.6666666666666666,0.0,1.0,,0.0,0.6666666666666666,0.0,,,,229.66666666666666,0.3333333333333333,0.3333333333333333,-0.3570251691959973,-0.0865,0,0,1B,3,3,1,1,0,0,0,S5,622,False,MVM,MVM,-0.02530501264265498
8,18,17,6,4,5,0,1,0,8,2,1,0,2,0,0,0,0,0,0,1,3,2,3,0,0.35294117647058826,0.3888888888888889,0.47058823529411764,0.8594771241830066,0.11764705882352938,0.4,,0.0,0.1111111111111111,0.05555555555555555,0.4444444444444444,0.5555555555555556,0.8,251.16666666666666,0.3888888888888889,0.47058823529411764,2.0695670360583307,0.016620000000000003,4,5,SF,18,17,6,8,1,0,0,S5,623,False,2TM,TAC,0.2693417292675016
5,10,10,5,2,5,0,0,0,5,1,0,0,2,0,0,0,0,0,0,0,2,0,1,0,0.5,0.5,0.5,1.0,0.0,0.625,,0.0,0.2,0.0,0.6666666666666666,0.3333333333333333,2.0,216.8,0.5,0.5,1.515471905843721,0.041720000000000014,2,1,SF,10,10,5,5,0,0,0,S5,623,True,TAC,TAC,0.18620553817418792
3,8,7,1,2,0,0,1,0,3,1,1,0,0,0,0,0,0,0,0,1,1,2,2,0,0.14285714285714285,0.25,0.42857142857142855,0.6785714285714286,0.2857142857142857,0.14285714285714285,,0.0,0.0,0.125,0.3333333333333333,0.6666666666666666,0.5,294.125,0.25,0.42857142857142855,0.5540951302146102,-0.0251,2,4,SF,8,7,1,3,1,0,0,S5,623,True,LMN,LMN,0.08313619109331369
4,10,9,5,2,3,0,2,0,9,3,1,1,1,1,0,1,0,0,1,1,2,0,0,0,0.5555555555555556,0.6,1.0,1.6,0.4444444444444444,0.625,0.0,0.0,0.1,0.1,1.0,0.0,,218.11111111111111,0.6,1.0,3.249277862212458,0.16788099999999997,4,0,BN,10,8,4,8,2,0,0,S5,629,False,RKT,RKT,0.35958613381106164
3,9,6,2,2,0,1,1,0,5,1,3,0,1,0,0,0,0,0,0,1,1,1,0,0,0.3333333333333333,0.5555555555555556,0.8333333333333334,1.3888888888888888,0.5,0.4,,0.0,0.1111111111111111,0.3333333333333333,0.6666666666666666,0.3333333333333333,2.0,216.55555555555554,0.5555555555555556,1.0,1.1250184188603984,-0.05850000000000003,2,1,WC,9,6,2,6,3,0,0,S5,639,False,ISO,ISO,0.14369435471687408
4,12,10,2,1,2,0,0,0,2,0,2,0,0,0,0,0,0,0,1,2,4,1,1,0,0.2,0.3333333333333333,0.2,0.5333333333333333,0.0,0.2,,0.0,0.0,0.16666666666666666,0.7777777777777778,0.2222222222222222,3.5,291.4166666666667,0.3333333333333333,0.2,-1.722463393529425,-0.09387800000000002,7,2,BC,12,10,2,2,2,0,0,S5,640,False,POR,POR,-0.1306563222451635
2,5,4,1,1,0,0,1,0,3,0,1,0,2,2,0,0,0,0,0,0,0,0,1,0,0.25,0.4,0.75,1.15,0.5,0.5,,0.0,0.4,0.2,0.0,1.0,0.0,181.33333333333334,0.4,0.75,-0.23746437905881157,0.0663,0,1,EN,5,4,1,3,1,0,0,S5,644,False,2TM,JUP,-0.006417264110973239
1,3,2,0,0,0,0,0,0,0,0,1,0,1,1,0,0,0,0,0,0,0,0,1,0,0.0,0.3333333333333333,0.0,0.3333333333333333,0.0,0.0,,0.0,0.3333333333333333,0.3333333333333333,0.0,1.0,0.0,251.0,0.3333333333333333,0.0,-0.8204645323289391,-0.0518,0,1,EN,3,2,0,0,1,0,0,S5,644,True,NUL,NUL,-0.07164894895594917
1,2,2,1,1,0,0,1,0,3,0,0,0,1,1,0,0,0,0,0,0,0,0,0,0,0.5,0.5,1.5,2.0,1.0,1.0,,0.0,0.5,0.0,,,,42.0,0.5,1.5,0.5830001532701277,0.11809999999999998,0,0,EN,2,2,1,3,0,0,0,S5,644,True,JUP,JUP,0.06523168484497593
1,3,3,1,0,0,1,0,0,2,0,0,0,1,0,0,0,0,0,0,0,1,0,0,0,0.3333333333333333,0.3333333333333333,0.6666666666666666,1.0,0.3333333333333333,0.5,,0.0,0.3333333333333333,0.0,1.0,0.0,,278.0,0.3333333333333333,0.6666666666666666,0.07991410357864981,-0.028800000000000003,1,0,BN,3,3,1,2,0,0,0,S5,646,False,SAR,SAR,0.018388914634809732
1,1,1,0,0,0,0,0,0,0,0,0,0,0,0,0,0,0,0,0,1,0,0,0,0,0.0,0.0,0.0,0.0,0.0,0.0,,0.0,0.0,0.0,1.0,0.0,,403.0,0.0,0.0,-0.2634965329799808,-0.041100000000000005,1,0,BN,1,1,0,0,0,0,0,S5,647,False,GTY,GTY,-0.0228838185390165
5,10,9,0,0,0,0,0,0,0,0,1,0,3,2,0,0,0,0,2,1,4,1,0,0,0.0,0.1,0.0,0.1,0.0,0.0,,0.0,0.3,0.1,0.875,0.125,7.0,339.5,0.1,0.0,-3.21189150434142,-0.261157,7,1,MH,10,9,0,0,1,0,0,S5,648,False,ISO,ISO,-0.28653080284432614
5,12,11,1,1,1,0,0,0,1,0,1,0,2,0,0,0,0,0,1,2,2,4,0,0,0.09090909090909091,0.16666666666666666,0.09090909090909091,0.25757575757575757,0.0,0.1111111111111111,,0.0,0.16666666666666666,0.08333333333333333,0.5555555555555556,0.4444444444444444,1.25,267.0,0.16666666666666666,0.09090909090909091,-2.850622045813437,-0.2771,5,4,HK,12,11,1,1,1,0,0,S5,649,False,PPP,PPP,-0.24347218747356472
5,16,14,3,2,2,1,0,0,4,1,2,0,1,0,0,0,0,0,2,4,3,2,1,0,0.21428571428571427,0.3125,0.2857142857142857,0.5982142857142857,0.07142857142857142,0.23076923076923078,,0.0,0.0625,0.125,0.75,0.25,3.0,297.06666666666666,0.25,0.2857142857142857,-1.7791592796038693,-0.16070000000000004,9,3,EN,16,14,2,4,2,0,0,S5,650,False,WSH,WSH,-0.12246257181668159
9,33,28,8,7,3,3,0,2,17,7,5,0,4,1,5,1,0,0,0,3,4,7,2,0,0.2857142857142857,0.3939393939393939,0.6071428571428571,1.001082251082251,0.3214285714285714,0.2727272727272727,0.8333333333333334,0.06060606060606061,0.12121212121212122,0.15151515151515152,0.4375,0.5625,0.7777777777777778,234.78947368421052,0.3939393939393939,0.6071428571428571,1.796005976998312,-0.04400000000000008,7,9,SM,33,28,8,17,5,0,0,S5,651,False,2TM,TAI,0.29397314474622344
9,21,16,4,4,1,2,0,1,9,3,5,0,2,1,2,0,0,0,0,2,2,6,0,0,0.25,0.42857142857142855,0.5625,0.9910714285714286,0.3125,0.23076923076923078,1.0,0.047619047619047616,0.09523809523809523,0.23809523809523808,0.4,0.6,0.6666666666666666,224.1818181818182,0.42857142857142855,0.5625,1.642326257993516,0.24519999999999995,4,6,SM,21,16,4,9,5,0,0,S5,651,True,TAI,TAI,0.23701515573796486
4,12,12,4,3,2,1,0,1,8,4,0,0,2,0,3,1,0,0,0,1,2,1,2,0,0.3333333333333333,0.3333333333333333,0.6666666666666666,1.0,0.3333333333333333,0.3333333333333333,0.75,0.08333333333333333,0.16666666666666666,0.0,0.5,0.5,1.0,249.375,0.3333333333333333,0.6666666666666666,0.15367971900479716,-0.2892,3,3,SM,12,12,4,8,0,0,0,S5,651,True,LMN,LMN,0.056957989008258714
1,2,2,0,0,0,0,0,0,0,0,0,0,0,0,0,0,0,0,0,0,2,0,0,0,0.0,0.0,0.0,0.0,0.0,0.0,,0.0,0.0,0.0,1.0,0.0,,460.5,0.0,0.0,-0.7531543215467109,-0.07970000000000001,2,0,BC,2,2,0,0,0,0,0,S5,654,False,GTY,GTY,-0.06838376263670792
3,8,6,1,1,1,0,0,0,1,0,2,0,1,0,2,0,0,0,0,0,0,1,3,0,0.16666666666666666,0.375,0.16666666666666666,0.5416666666666666,0.0,0.2,1.0,0.0,0.125,0.25,0.0,1.0,0.0,219.4,0.375,0.16666666666666666,0.8222070985446072,0.019402000000000003,0,4,WC,8,6,1,1,2,0,0,S5,661,False,GTY,GTY,0.10994738792631338
4,11,11,3,1,2,0,0,1,6,3,0,0,0,0,0,0,0,0,2,3,3,1,1,0,0.2727272727272727,0.2727272727272727,0.5454545454545454,0.8181818181818181,0.2727272727272727,0.2,,0.09090909090909091,0.0,0.0,0.8,0.2,4.0,290.3636363636364,0.2727272727272727,0.5454545454545454,-0.19689428940173764,-0.32667399999999996,8,2,MH,11,11,3,6,0,0,0,S5,662,False,KRB,KRB,0.018434753408623654
4,11,8,4,3,1,2,0,1,9,3,3,0,1,0,0,0,0,0,0,0,2,1,0,0,0.5,0.6363636363636364,1.125,1.7613636363636362,0.625,0.5,,0.09090909090909091,0.09090909090909091,0.2727272727272727,0.6666666666666666,0.3333333333333333,2.0,183.45454545454547,0.6363636363636364,1.125,3.196362123100649,0.11549999999999999,2,1,BN,11,8,4,9,3,0,0,S5,663,False,KTY,KTY,0.35776039465886234
10,28,26,5,4,1,1,1,2,14,2,2,0,10,0,0,0,0,0,0,1,3,4,3,0,0.19230769230769232,0.25,0.5384615384615384,0.7884615384615384,0.34615384615384615,0.21428571428571427,,0.07142857142857142,0.35714285714285715,0.07142857142857142,0.36363636363636365,0.6363636363636364,0.5714285714285714,239.60714285714286,0.25,0.5,-2.9982849036251675,-0.5221720000000001,4,7,BP,28,26,5,13,2,0,0,S5,665,False,GBC,GBC,-0.20278511711103242
11,24,19,6,3,4,1,1,0,9,2,5,0,2,0,0,0,0,0,0,0,2,5,4,0,0.3157894736842105,0.4583333333333333,0.47368421052631576,0.9320175438596491,0.15789473684210525,0.35294117647058826,,0.0,0.08333333333333333,0.20833333333333334,0.18181818181818182,0.8181818181818182,0.2222222222222222,229.41666666666666,0.4583333333333333,0.4444444444444444,0.386402955084153,-0.13740000000000002,2,9,SM,24,18,5,8,6,0,0,S5,669,False,WSH,WSH,0.1218203297239733
2,5,4,2,1,2,0,0,0,2,0,1,0,0,0,0,0,0,0,0,0,1,1,0,0,0.5,0.6,0.5,1.1,0.0,0.5,,0.0,0.0,0.2,0.5,0.5,1.0,207.8,0.6,0.5,0.47192708600075994,0.05149999999999999,1,1,BN,5,4,2,2,1,0,0,S5,671,False,KRB,KRB,0.06452188239498391
1,4,3,0,0,0,0,0,0,0,0,1,0,1,0,0,0,0,0,0,2,0,0,0,0,0.0,0.25,0.0,0.25,0.0,0.0,,0.0,0.25,0.25,1.0,0.0,,319.75,0.25,0.0,-0.6877079338561409,-0.038589000000000005,2,0,BC,4,3,0,0,1,0,0,S5,672,False,DAD,DAD,-0.05490745434968776
5,8,7,2,1,1,1,0,0,3,0,1,0,2,0,2,1,0,0,0,1,1,1,0,0,0.2857142857142857,0.375,0.42857142857142855,0.8035714285714286,0.14285714285714285,0.4,0.6666666666666666,0.0,0.25,0.125,0.6666666666666666,0.3333333333333333,2.0,239.9090909090909,0.25,0.25,-1.2783514562473175,-0.1102,2,1,S,8,8,2,2,0,0,0,S5,675,False,2TM,ISO,-0.10010846755287908
4,5,4,1,1,0,1,0,0,2,0,1,0,1,0,2,1,0,0,0,1,0,1,0,0,0.25,0.4,0.5,0.9,0.25,0.3333333333333333,0.6666666666666666,0.0,0.2,0.2,0.5,0.5,1.0,223.625,0.2,0.2,-0.16458090507251105,-0.026800000000000004,1,1,S,5,5,1,1,0,0,0,S5,675,True,LMN,LMN,0.0008710832876568126
1,3,3,1,0,1,0,0,0,1,0,0,0,1,0,0,0,0,0,0,0,1,0,0,0,0.3333333333333333,0.3333333333333333,0.3333333333333333,0.6666666666666666,0.0,0.5,,0.0,0.3333333333333333,0.0,1.0,0.0,,283.3333333333333,0.3333333333333333,0.3333333333333333,-1.1137705511748064,-0.0834,1,0,S,3,3,1,1,0,0,0,S5,675,True,ISO,ISO,-0.10097955084053589
10,31,31,12,6,4,3,1,4,29,9,0,0,3,0,0,0,0,0,0,2,0,7,7,0,0.3870967741935484,0.3870967741935484,0.9354838709677419,1.3225806451612903,0.5483870967741935,0.3333333333333333,,0.12903225806451613,0.0967741935483871,0.0,0.125,0.875,0.14285714285714285,217.29032258064515,0.3870967741935484,0.9,4.385538911136513,0.44917,2,14,S,31,30,11,27,1,0,0,S5,679,False,TRA,TRA,0.5459947686420804
8,23,19,5,4,1,1,0,3,15,9,3,0,4,1,0,0,0,1,1,1,4,6,0,0,0.2631578947368421,0.34782608695652173,0.7894736842105263,1.137299771167048,0.5263157894736843,0.15384615384615385,,0.13043478260869565,0.17391304347826086,0.13043478260869565,0.46153846153846156,0.5384615384615384,0.8571428571428571,240.36363636363637,0.34782608695652173,0.7368421052631579,3.483417223350566,0.5000660000000001,6,7,BP,23,19,4,14,4,0,0,S5,681,False,WSH,WSH,0.428055921791633
3,9,8,4,3,1,0,2,1,11,2,1,0,0,0,0,0,0,0,0,2,1,1,0,0,0.5,0.5555555555555556,1.375,1.9305555555555556,0.875,0.42857142857142855,,0.1111111111111111,0.0,0.1111111111111111,0.75,0.25,3.0,191.11111111111111,0.5555555555555556,1.375,2.5453911553814708,0.25639999999999996,3,1,1B,9,8,4,11,1,0,0,S5,683,False,MVM,MVM,0.28573162836898136
13,36,32,9,6,5,1,1,2,18,5,4,0,1,0,1,0,0,0,2,4,12,2,4,0,0.28125,0.3611111111111111,0.5625,0.9236111111111112,0.28125,0.2413793103448276,1.0,0.05555555555555555,0.027777777777777776,0.1111111111111111,0.75,0.25,3.0,257.4864864864865,0.3333333333333333,0.5454545454545454,-1.3815438905678996,0.05542700000000003,18,6,MH,36,33,9,18,3,0,0,S5,686,False,TAC,TAC,-0.013384337733452956
8,19,18,5,5,1,3,0,1,11,2,0,0,6,4,0,0,1,0,0,2,0,5,0,0,0.2777777777777778,0.2777777777777778,0.6111111111111112,0.888888888888889,0.33333333333333337,0.36363636363636365,,0.05263157894736842,0.3157894736842105,0.0,0.2857142857142857,0.7142857142857143,0.4,219.53333333333333,0.2777777777777778,0.5294117647058824,-0.5735130924198597,-0.083004,2,5,SM,19,17,4,9,1,0,1,S5,689,False,RKT,RKT,0.00849955117866411
3,6,4,2,1,2,0,0,0,2,0,2,2,0,0,0,0,0,0,0,0,1,1,0,0,0.5,0.6666666666666666,0.5,1.1666666666666665,0.0,0.5,,0.0,0.0,0.3333333333333333,0.5,0.5,1.0,217.0,0.6666666666666666,0.5,0.42798322302365627,0.11750000000000001,1,1,1B,6,4,2,2,2,0,0,S5,691,False,YUM,YUM,0.06359333085625513
2,6,5,2,0,1,1,0,0,3,1,1,0,0,0,0,0,0,0,0,2,1,0,0,0,0.4,0.5,0.6,1.1,0.19999999999999996,0.4,,0.0,0.0,0.16666666666666666,1.0,0.0,,242.5,0.5,0.6,1.6658285183635269,0.0749,3,0,BC,6,5,2,3,1,0,0,S5,693,False,TAC,TAC,0.18737786039024218
7,20,20,7,3,3,4,0,0,11,1,0,0,5,3,0,0,0,0,2,4,1,1,2,0,0.35,0.35,0.55,0.9,0.20000000000000007,0.4666666666666667,,0.0,0.25,0.0,0.7,0.3,2.3333333333333335,234.52941176470588,0.35,0.5,-1.2874550185908977,-0.04330000000000002,7,3,EN,20,18,5,9,2,0,0,S5,696,False,POR,POR,-0.0594288066794581
6,13,10,4,3,1,2,1,0,8,1,3,0,2,0,0,0,0,0,0,1,0,2,1,0,0.4,0.5384615384615384,0.8,1.3384615384615386,0.4,0.5,,0.0,0.15384615384615385,0.23076923076923078,0.25,0.75,0.3333333333333333,220.0,0.5384615384615384,0.7,1.4634533560096146,0.17290000000000005,1,3,SM,13,10,4,7,3,0,0,S5,697,False,NUL,NUL,0.19140118746772203
5,13,11,2,2,1,1,0,0,3,1,2,0,3,0,1,0,0,0,1,1,3,1,1,0,0.18181818181818182,0.3076923076923077,0.2727272727272727,0.5804195804195804,0.09090909090909088,0.25,1.0,0.0,0.23076923076923078,0.15384615384615385,0.7142857142857143,0.2857142857142857,2.5,274.7142857142857,0.3076923076923077,0.2727272727272727,-0.07267231578757538,-0.08599999999999998,5,2,BC,13,11,2,3,2,0,0,S5,698,False,YUM,YUM,0.03778862028800305
3,9,8,2,1,1,0,1,0,4,1,1,0,0,0,0,0,0,0,0,0,2,1,3,0,0.25,0.3333333333333333,0.5,0.8333333333333333,0.25,0.25,,0.0,0.0,0.1111111111111111,0.3333333333333333,0.6666666666666666,0.5,281.3333333333333,0.3333333333333333,0.5,-0.5279802123778267,0.024100000000000045,2,4,S,9,8,2,4,1,0,0,S5,699,False,TAC,TAC,-0.021605508406948415
6,14,12,3,1,2,0,0,1,6,3,1,0,6,5,0,0,0,1,0,1,1,2,0,0,0.25,0.2857142857142857,0.5,0.7857142857142857,0.25,0.3333333333333333,,0.07142857142857142,0.42857142857142855,0.07142857142857142,0.4,0.6,0.6666666666666666,234.88888888888889,0.2857142857142857,0.4166666666666667,-0.3372024204906596,-0.027886000000000005,2,3,BC,14,12,3,5,1,1,0,S5,700,False,POR,POR,0.014801444576676204
5,13,13,4,0,1,3,0,0,7,3,0,0,3,0,0,0,0,0,0,2,1,2,1,0,0.3076923076923077,0.3076923076923077,0.5384615384615384,0.8461538461538461,0.23076923076923073,0.4,,0.0,0.23076923076923078,0.0,0.5,0.5,1.0,245.30769230769232,0.3076923076923077,0.46153846153846156,1.3571811548048323,0.07722000000000001,3,3,EN,13,13,4,6,0,0,0,S5,701,False,PHB,PHB,0.1807739673472438
12,26,24,5,3,1,2,0,2,13,6,2,0,6,0,0,0,0,0,1,3,6,2,2,0,0.20833333333333334,0.2692307692307692,0.5416666666666666,0.8108974358974359,0.33333333333333326,0.1875,,0.07692307692307693,0.23076923076923078,0.07692307692307693,0.7142857142857143,0.2857142857142857,2.5,274.9230769230769,0.2692307692307692,0.5416666666666666,0.16496184670031866,0.06228200000000003,10,4,EN,26,24,5,13,2,0,0,S5,702,False,TAI,TAI,0.10660788840355302
10,26,23,9,7,1,6,0,2,21,5,3,0,2,0,0,0,0,0,0,1,4,6,1,0,0.391304347826087,0.46153846153846156,0.9130434782608695,1.374581939799331,0.5217391304347825,0.3684210526315789,,0.07692307692307693,0.07692307692307693,0.11538461538461539,0.4166666666666667,0.5833333333333334,0.7142857142857143,205.46153846153845,0.38461538461538464,0.8,3.7723336049516134,0.8451000000000001,5,7,BP,26,25,9,20,1,0,0,S5,703,False,NUL,NUL,0.46734506422868255
9,20,17,4,3,3,1,0,0,5,1,2,0,2,0,0,0,0,1,3,2,4,5,1,0,0.23529411764705882,0.3,0.29411764705882354,0.5941176470588235,0.05882352941176472,0.25,,0.0,0.1,0.1,0.5625,0.4375,1.2857142857142858,260.35,0.3,0.23529411764705882,-4.937417245005349,-0.5530999999999999,9,7,1B,20,17,3,4,3,0,0,S5,705,False,TAI,TAI,-0.4244250293209032
8,27,25,4,1,2,1,0,1,8,2,2,1,6,0,1,1,0,0,0,4,4,7,0,0,0.16,0.2222222222222222,0.32,0.5422222222222222,0.16,0.16666666666666666,0.5,0.037037037037037035,0.2222222222222222,0.07407407407407407,0.5333333333333333,0.4666666666666667,1.1428571428571428,273.85714285714283,0.2222222222222222,0.2916666666666667,-3.876593438076087,-0.23955700000000002,8,7,BP,27,24,3,7,3,0,0,S5,707,False,2TM,LMN,-0.29408180531510597
8,23,21,3,1,2,0,0,1,6,2,2,1,6,0,1,1,0,0,0,3,3,6,0,0,0.14285714285714285,0.21739130434782608,0.2857142857142857,0.5031055900621118,0.14285714285714285,0.14285714285714285,0.5,0.043478260869565216,0.2608695652173913,0.08695652173913043,0.5,0.5,1.0,271.5,0.21739130434782608,0.3,-3.4370196378929614,-0.19640399999999997,6,6,BP,23,20,2,6,3,0,0,S5,707,True,RKT,RKT,-0.2639877643327197
2,4,4,1,0,0,1,0,0,2,0,0,0,0,0,0,0,0,0,0,1,1,1,0,0,0.25,0.25,0.5,0.75,0.25,0.25,,0.0,0.0,0.0,0.6666666666666666,0.3333333333333333,2.0,288.0,0.25,0.25,-0.4395738001831253,-0.043153000000000004,2,1,BP,4,4,1,1,0,0,0,S5,707,True,LMN,LMN,-0.030094040982386196
3,4,4,0,0,0,0,0,0,0,0,0,0,2,0,0,0,0,0,0,1,1,0,0,0,0.0,0.0,0.0,0.0,0.0,0.0,,0.0,0.5,0.0,1.0,0.0,,286.75,0.0,0.0,-1.3805857567989628,-0.079939,2,0,MH,4,4,0,0,0,0,0,S5,708,False,DAD,DAD,-0.12419523664396995
5,12,11,3,1,1,2,0,0,5,3,1,0,1,0,0,0,0,0,3,1,5,1,0,0,0.2727272727272727,0.3333333333333333,0.45454545454545453,0.7878787878787878,0.18181818181818182,0.3,,0.0,0.08333333333333333,0.08333333333333333,0.9,0.1,9.0,295.5833333333333,0.25,0.2,-1.0251866811618144,-0.15419999999999998,9,1,MH,12,10,2,2,1,1,0,S5,711,False,NUL,NUL,-0.060928651008402446
5,16,14,4,2,1,1,1,1,10,3,2,0,1,0,0,0,0,0,0,4,1,2,2,0,0.2857142857142857,0.375,0.7142857142857143,1.0892857142857144,0.4285714285714286,0.25,,0.0625,0.0625,0.125,0.5555555555555556,0.4444444444444444,1.25,241.6875,0.375,0.6153846153846154,0.0547569650874935,-0.0022999999999999826,5,4,WC,16,13,3,8,3,0,0,S5,712,False,2TM,JUP,0.060929052652454685
1,3,3,1,0,1,0,0,0,1,0,0,0,0,0,0,0,0,0,0,0,1,0,1,0,0.3333333333333333,0.3333333333333333,0.3333333333333333,0.6666666666666666,0.0,0.3333333333333333,,0.0,0.0,0.0,0.5,0.5,1.0,282.6666666666667,0.3333333333333333,0.0,-0.3820742112360372,0.02590000000000002,1,1,WC,3,2,0,0,1,0,0,S5,712,True,PHB,PHB,-0.027809916846658966
4,13,11,3,2,0,1,1,1,9,3,2,0,1,0,0,0,0,0,0,4,0,2,1,0,0.2727272727272727,0.38461538461538464,0.8181818181818182,1.202797202797203,0.5454545454545455,0.2222222222222222,,0.07692307692307693,0.07692307692307693,0.15384615384615385,0.5714285714285714,0.42857142857142855,1.3333333333333333,232.23076923076923,0.38461538461538464,0.7272727272727273,0.43683117632353086,-0.02820000000000001,4,3,WC,13,11,3,8,2,0,0,S5,712,True,JUP,JUP,0.08873896949911367
4,11,10,3,0,3,0,0,0,3,2,0,0,3,2,0,0,0,1,0,1,2,2,0,0,0.3,0.2727272727272727,0.3,0.5727272727272728,0.0,0.375,,0.0,0.2727272727272727,0.0,0.5,0.5,1.0,266.1111111111111,0.2727272727272727,0.3,-0.6478461994201057,-0.031800000000000016,3,3,SF,11,10,3,3,0,1,0,S5,714,False,RKT,RKT,-0.026660437593213147
2,6,6,1,0,1,0,0,0,1,0,0,0,0,0,0,0,0,0,0,1,0,1,3,0,0.16666666666666666,0.16666666666666666,0.16666666666666666,0.3333333333333333,0.0,0.16666666666666666,,0.0,0.0,0.0,0.2,0.8,0.25,322.1666666666667,0.16666666666666666,0.16666666666666666,-1.287893322826334,-0.0989,1,4,WC,6,6,1,1,0,0,0,S5,715,False,CHI,CHI,-0.10799432372874392
9,21,17,6,4,2,2,0,2,14,7,3,0,4,1,0,1,0,1,0,0,5,3,0,0,0.35294117647058826,0.42857142857142855,0.8235294117647058,1.2521008403361344,0.4705882352941176,0.3333333333333333,0.0,0.09523809523809523,0.19047619047619047,0.14285714285714285,0.5555555555555556,0.4444444444444444,1.25,240.57142857142858,0.42857142857142855,0.8235294117647058,2.938420460351993,0.6371100000000001,5,4,1B,21,17,6,14,3,1,0,S5,716,False,RKT,RKT,0.36662457597381254
10,26,25,6,3,3,1,0,2,13,5,1,0,5,2,0,0,0,0,1,6,0,4,4,0,0.24,0.2692307692307692,0.52,0.7892307692307692,0.28,0.2222222222222222,,0.07692307692307693,0.19230769230769232,0.038461538461538464,0.4666666666666667,0.5333333333333333,0.875,224.125,0.2692307692307692,0.5,-0.9959876986566669,0.018624999999999933,7,8,EN,26,24,5,12,2,0,0,S5,717,False,2TM,RKT,-0.009487066132145528
9,24,23,6,3,3,1,0,2,13,5,1,0,4,2,0,0,0,0,1,6,0,4,3,0,0.2608695652173913,0.2916666666666667,0.5652173913043478,0.8568840579710144,0.3043478260869565,0.23529411764705882,,0.08333333333333333,0.16666666666666666,0.041666666666666664,0.5,0.5,1.0,220.04545454545453,0.2916666666666667,0.5454545454545454,-0.4689946326967054,0.08522499999999994,7,7,EN,24,22,5,12,2,0,0,S5,717,True,DAD,DAD,0.03628057094588746
1,2,2,0,0,0,0,0,0,0,0,0,0,1,0,0,0,0,0,0,0,0,0,1,0,0.0,0.0,0.0,0.0,0.0,0.0,,0.0,0.5,0.0,0.0,1.0,0.0,269.0,0.0,0.0,-0.5269930659599616,-0.0666,0,1,EN,2,2,0,0,0,0,0,S5,717,True,RKT,RKT,-0.045767637078033
8,17,17,8,1,6,2,0,0,10,1,0,0,1,0,1,0,0,0,1,3,2,0,3,0,0.47058823529411764,0.47058823529411764,0.5882352941176471,1.0588235294117647,0.11764705882352944,0.5,1.0,0.0,0.058823529411764705,0.0,0.6666666666666666,0.3333333333333333,2.0,234.66666666666666,0.47058823529411764,0.5,1.7981160064842494,0.42234499999999997,6,3,1B,17,16,7,8,1,0,0,S5,719,False,CHI,CHI,0.23873079155111182
8,19,19,9,2,7,1,0,1,13,1,0,0,1,0,1,0,0,0,0,2,3,2,2,0,0.47368421052631576,0.47368421052631576,0.6842105263157895,1.1578947368421053,0.21052631578947373,0.47058823529411764,1.0,0.05263157894736842,0.05263157894736842,0.0,0.5555555555555556,0.4444444444444444,1.25,207.35,0.47368421052631576,0.6842105263157895,1.2520794160526763,0.21830899999999998,5,4,SF,19,19,9,13,0,0,0,S5,723,False,PPP,PPP,0.1910588020259177
10,27,20,5,4,1,2,1,1,12,2,7,0,6,0,0,0,0,0,1,0,1,6,2,0,0.25,0.4444444444444444,0.6,1.0444444444444443,0.35,0.3076923076923077,,0.037037037037037035,0.2222222222222222,0.25925925925925924,0.2,0.8,0.25,215.74074074074073,0.4074074074074074,0.42857142857142855,-0.04434452473186007,-0.15090199999999998,2,8,WC,27,21,5,9,6,0,0,S5,724,False,TRA,TRA,0.08914308601931675
4,13,12,2,1,1,0,0,1,5,2,1,1,5,0,0,0,0,0,0,0,1,1,3,0,0.16666666666666666,0.23076923076923078,0.4166666666666667,0.6474358974358975,0.25,0.16666666666666666,,0.07692307692307693,0.38461538461538464,0.07692307692307693,0.2,0.8,0.25,271.3333333333333,0.23076923076923078,0.4166666666666667,-1.537889367930318,-0.05859999999999997,1,4,XB,13,12,2,5,1,0,0,S5,726,False,JUP,JUP,-0.10873308492627123
3,9,9,0,0,0,0,0,0,0,0,0,0,5,0,0,0,0,0,0,1,1,2,0,0,0.0,0.0,0.0,0.0,0.0,0.0,,0.0,0.5555555555555556,0.0,0.5,0.5,1.0,318.8888888888889,0.0,0.0,-2.8795392647414695,-0.2778,2,2,WC,9,9,0,0,0,0,0,S5,727,False,GBC,GBC,-0.2567614136433127
10,29,28,7,2,3,2,0,2,15,6,1,0,6,0,0,0,0,0,0,3,4,2,6,0,0.25,0.27586206896551724,0.5357142857142857,0.8115763546798029,0.2857142857142857,0.25,,0.06896551724137931,0.20689655172413793,0.034482758620689655,0.4666666666666667,0.5333333333333333,0.875,275.17241379310343,0.2413793103448276,0.5,-2.3289839556159895,0.13047099999999995,7,8,XB,29,28,6,14,1,0,0,S5,728,False,MVM,MVM,-0.13238918755113302
2,4,3,0,0,0,0,0,0,0,1,0,0,0,0,0,0,0,1,0,1,1,1,1,0,0.0,0.0,0.0,0.0,0.0,0.0,,0.0,0.0,0.0,0.4,0.6,0.6666666666666666,384.25,0.0,0.0,-0.7488075953135056,-0.070913,2,3,WC,4,3,0,0,0,1,0,S5,729,False,CHI,CHI,-0.061017420495424225
3,10,7,1,1,1,0,0,0,1,0,3,0,1,0,1,1,0,0,0,0,0,3,2,0,0.14285714285714285,0.4,0.14285714285714285,0.5428571428571429,0.0,0.16666666666666666,0.5,0.0,0.1,0.3,0.0,1.0,0.0,227.45454545454547,0.4,0.14285714285714285,-1.6322211855154949,-0.022099999999999967,0,5,BC,10,7,1,1,3,0,0,S5,730,False,RKT,RKT,-0.12856377096173366
4,9,9,1,1,1,0,0,0,1,0,0,0,1,1,0,0,0,0,1,2,3,1,1,0,0.1111111111111111,0.1111111111111111,0.1111111111111111,0.2222222222222222,0.0,0.125,,0.0,0.1111111111111111,0.0,0.75,0.25,3.0,368.375,0.1111111111111111,0.1111111111111111,-2.1181270716952487,-0.18550000000000003,6,2,S,9,9,1,1,0,0,0,S5,731,False,GTY,GTY,-0.18062019433869062
4,13,12,5,5,1,1,2,1,13,2,1,0,0,0,0,0,0,0,0,1,0,4,2,0,0.4166666666666667,0.46153846153846156,1.0833333333333333,1.5448717948717947,0.6666666666666665,0.36363636363636365,,0.07692307692307693,0.0,0.07692307692307693,0.14285714285714285,0.8571428571428571,0.16666666666666666,192.30769230769232,0.46153846153846156,1.0,2.778857517564524,0.0563,1,6,S,13,12,5,12,1,0,0,S5,734,False,JUP,JUP,0.322941603623213
10,27,25,6,4,3,2,0,1,11,3,1,0,5,0,0,0,0,1,3,2,5,4,4,0,0.24,0.25925925925925924,0.44,0.6992592592592592,0.2,0.25,,0.037037037037037035,0.18518518518518517,0.037037037037037035,0.5263157894736842,0.47368421052631576,1.1111111111111112,275.7037037037037,0.25925925925925924,0.4230769230769231,-3.246056836631765,-0.45985899999999996,10,9,BC,27,26,7,11,0,1,0,S5,738,False,PHB,PHB,-0.23102814517067377
7,18,16,8,4,3,2,0,3,19,7,1,0,0,0,0,0,0,1,1,2,3,3,1,0,0.5,0.5,1.1875,1.6875,0.6875,0.35714285714285715,,0.16666666666666666,0.0,0.05555555555555555,0.5454545454545454,0.45454545454545453,1.2,221.64705882352942,0.5,1.1333333333333333,3.5978646020860934,0.374,6,5,BC,18,15,7,17,2,1,0,S5,739,False,PHB,PHB,0.42217148587027786
4,12,11,3,2,2,0,0,1,6,5,1,0,3,0,0,0,0,0,0,1,1,3,0,0,0.2727272727272727,0.3333333333333333,0.5454545454545454,0.8787878787878787,0.2727272727272727,0.2857142857142857,,0.08333333333333333,0.25,0.08333333333333333,0.4,0.6,0.6666666666666666,272.3333333333333,0.3333333333333333,0.4,1.9994785349091146,-0.05600000000000001,2,3,SM,12,10,2,4,2,0,0,S5,740,False,NUL,NUL,0.24153787059869045
1,1,1,0,0,0,0,0,0,0,0,0,0,1,1,0,0,0,0,0,0,0,0,0,0,0.0,0.0,0.0,0.0,0.0,,,0.0,1.0,0.0,,,,,0.0,0.0,-0.2634965329799808,-0.0252,0,0,1B,1,1,0,0,0,0,0,S5,741,False,CHI,CHI,-0.0228838185390165
3,5,4,1,1,0,1,0,0,2,1,1,0,0,0,0,0,0,0,0,1,1,1,0,0,0.25,0.4,0.5,0.9,0.25,0.25,,0.0,0.0,0.2,0.6666666666666666,0.3333333333333333,2.0,222.2,0.4,0.5,0.8841231518284096,0.17759999999999998,2,1,1B,5,4,1,2,1,0,0,S5,743,False,TAI,TAI,0.10574148897774889
11,26,25,6,6,0,0,0,6,24,7,1,0,3,0,0,0,0,0,0,6,4,2,4,0,0.24,0.2692307692307692,0.96,1.2292307692307691,0.72,0.0,,0.23076923076923078,0.11538461538461539,0.038461538461538464,0.625,0.375,1.6666666666666667,229.30769230769232,0.2692307692307692,0.84,0.21324895920431175,0.07096600000000002,10,6,MH,26,25,6,21,1,0,0,S5,745,False,2TM,PHB,0.11143659965395233
11,24,23,6,6,0,0,0,6,24,7,1,0,2,0,0,0,0,0,0,5,4,2,4,0,0.2608695652173913,0.2916666666666667,1.0434782608695652,1.335144927536232,0.7826086956521738,0.0,,0.25,0.08333333333333333,0.041666666666666664,0.6,0.4,1.5,226.95833333333334,0.2916666666666667,0.9130434782608695,1.246664267701675,0.071987,9,6,MH,24,23,6,21,1,0,0,S5,745,True,PHB,PHB,0.20784646098572548
1,2,2,0,0,0,0,0,0,0,0,0,0,1,0,0,0,0,0,0,1,0,0,0,0,0.0,0.0,0.0,0.0,0.0,0.0,,0.0,0.5,0.0,1.0,0.0,,257.5,0.0,0.0,-1.0334153084973634,-0.001021,1,0,MH,2,2,0,0,0,0,0,S5,745,True,LMN,LMN,-0.09640986133177318
5,14,12,3,3,2,0,0,1,6,1,2,0,4,0,0,0,0,0,1,2,2,0,1,0,0.25,0.35714285714285715,0.5,0.8571428571428572,0.25,0.2857142857142857,,0.07142857142857142,0.2857142857142857,0.14285714285714285,0.8333333333333334,0.16666666666666666,5.0,266.0,0.35714285714285715,0.4166666666666667,-1.074165087807632,-0.05570100000000001,5,1,1B,14,12,3,5,2,0,0,S5,746,False,DAD,DAD,-0.058894822155021044
5,13,13,3,2,1,0,0,2,9,2,0,0,1,0,0,0,0,0,2,1,3,3,2,0,0.23076923076923078,0.23076923076923078,0.6923076923076923,0.9230769230769231,0.4615384615384615,0.1,,0.15384615384615385,0.07692307692307693,0.0,0.5454545454545454,0.45454545454545453,1.2,293.3076923076923,0.23076923076923078,0.6923076923076923,-1.6768043631001157,-0.3632,6,5,BN,13,13,3,9,0,0,0,S5,752,False,YUM,YUM,-0.122624584443251
4,9,7,2,3,0,1,0,1,6,3,2,0,1,1,0,0,0,0,2,3,0,1,0,0,0.2857142857142857,0.4444444444444444,0.8571428571428571,1.3015873015873014,0.5714285714285714,0.2,,0.1111111111111111,0.1111111111111111,0.2222222222222222,0.8333333333333334,0.16666666666666666,5.0,241.28571428571428,0.4444444444444444,0.7142857142857143,0.45947569421670775,0.10140000000000002,5,1,WC,9,7,2,5,2,0,0,S5,754,False,SAR,SAR,0.07714008225250503
6,17,12,5,4,2,2,0,1,10,2,5,0,2,0,1,1,0,0,0,2,1,0,2,0,0.4166666666666667,0.5882352941176471,0.8333333333333334,1.4215686274509804,0.4166666666666667,0.4444444444444444,0.5,0.058823529411764705,0.11764705882352941,0.29411764705882354,0.6,0.4,1.5,223.0,0.5882352941176471,0.8333333333333334,2.6519422315012644,0.22363900000000003,3,2,WC,17,12,5,10,5,0,0,S5,755,False,PHB,PHB,0.32411341405281335
8,22,21,5,2,1,3,0,1,11,2,1,0,4,0,0,0,0,0,2,4,2,6,0,0,0.23809523809523808,0.2727272727272727,0.5238095238095238,0.7965367965367965,0.28571428571428575,0.25,,0.045454545454545456,0.18181818181818182,0.045454545454545456,0.5714285714285714,0.42857142857142855,1.3333333333333333,245.95454545454547,0.2727272727272727,0.5238095238095238,-1.393979464990699,-0.034700000000000036,8,6,BP,22,21,5,11,1,0,0,S5,756,False,KRB,KRB,-0.06314958180147505
1,2,2,0,0,0,0,0,0,0,0,0,0,2,0,0,0,0,0,0,0,0,0,0,0,0.0,0.0,0.0,0.0,0.0,,,0.0,1.0,0.0,,,,267.5,0.0,0.0,-0.7342006482442318,-0.1336,0,0,HK,2,2,0,0,0,0,0,S5,758,False,ISO,ISO,-0.06648839530646002
9,24,22,8,3,0,3,4,1,22,7,1,0,3,0,1,0,1,0,2,2,5,2,2,0,0.36363636363636365,0.391304347826087,1.0,1.391304347826087,0.6363636363636364,0.3888888888888889,1.0,0.041666666666666664,0.125,0.041666666666666664,0.6923076923076923,0.3076923076923077,2.25,234.44,0.34782608695652173,0.9130434782608695,5.542077290476338,0.548813,9,4,XB,24,23,8,21,0,0,1,S5,759,False,2TM,RKT,0.6373877632631918
5,15,14,6,2,0,3,2,1,16,3,1,0,3,0,1,0,0,0,2,1,4,0,0,0,0.42857142857142855,0.4666666666666667,1.1428571428571428,1.6095238095238096,0.7142857142857142,0.5,1.0,0.06666666666666667,0.2,0.06666666666666667,1.0,0.0,,229.25,0.4,1.0,2.527825424900427,0.34330000000000005,7,0,XB,15,15,6,15,0,0,0,S5,759,True,PHB,PHB,0.30477006387476646
4,9,8,2,1,0,0,2,0,6,4,0,0,0,0,0,0,1,0,0,1,1,2,2,0,0.25,0.25,0.75,1.0,0.5,0.25,,0.0,0.0,0.0,0.3333333333333333,0.6666666666666666,0.5,243.66666666666666,0.25,0.75,3.0142518655759094,0.205513,2,4,XB,9,8,2,6,0,0,1,S5,759,True,RKT,RKT,0.3326176993884252
5,15,13,3,2,1,2,0,0,5,3,2,0,4,0,0,0,0,0,1,2,1,2,1,0,0.23076923076923078,0.3333333333333333,0.38461538461538464,0.717948717948718,0.15384615384615385,0.3333333333333333,,0.0,0.26666666666666666,0.13333333333333333,0.5714285714285714,0.42857142857142855,1.3333333333333333,261.4,0.4166666666666667,0.4444444444444444,-0.26231221222810647,-0.16347099999999998,4,3,1B,12,9,2,4,3,0,0,S5,762,False,PPP,PPP,0.02575630016191311
7,20,17,6,4,1,2,1,2,16,5,3,0,3,0,0,0,0,0,0,3,3,1,1,0,0.35294117647058826,0.45,0.9411764705882353,1.3911764705882352,0.588235294117647,0.3333333333333333,,0.1,0.15,0.15,0.75,0.25,3.0,237.2,0.45,0.8823529411764706,3.1295104892634322,0.43529999999999996,6,2,WC,20,17,6,15,3,0,0,S5,765,False,MVM,MVM,0.38226774410597486
8,17,17,5,3,3,2,0,0,7,1,0,0,4,0,0,0,0,0,0,3,4,1,0,0,0.29411764705882354,0.29411764705882354,0.4117647058823529,0.7058823529411764,0.11764705882352938,0.38461538461538464,,0.0,0.23529411764705882,0.0,0.875,0.125,7.0,258.47058823529414,0.29411764705882354,0.35294117647058826,-0.9756716080672398,-0.23510000000000003,7,1,MH,17,17,5,6,0,0,0,S5,770,False,PHB,PHB,-0.03864796990403707
5,10,10,3,1,1,1,0,1,7,2,0,0,2,0,0,0,0,0,0,1,1,3,0,0,0.3,0.3,0.7,1.0,0.39999999999999997,0.2857142857142857,,0.1,0.2,0.0,0.4,0.6,0.6666666666666666,232.6,0.3,0.7,-0.5922957474232504,-0.141408,2,3,BP,10,10,3,7,0,0,0,S5,771,False,POR,POR,-0.024571227152509208
6,13,10,0,0,0,0,0,0,0,0,3,0,3,0,0,0,0,0,0,3,3,1,0,0,0.0,0.23076923076923078,0.0,0.23076923076923078,0.0,0.0,,0.0,0.23076923076923078,0.23076923076923078,0.8571428571428571,0.14285714285714285,6.0,328.46153846153845,0.0,0.0,-2.2089102432979546,-0.271298,6,1,BC,13,13,0,0,0,0,0,S5,772,False,DAD,DAD,-0.17583517246303487
7,20,17,2,1,0,1,0,1,6,2,2,0,7,1,0,0,1,0,0,3,1,4,0,0,0.11764705882352941,0.21052631578947367,0.35294117647058826,0.563467492260062,0.23529411764705885,0.1111111111111111,,0.05,0.35,0.1,0.5,0.5,1.0,250.05263157894737,0.21052631578947367,0.35294117647058826,-1.974875022394915,0.07880000000000004,4,4,BP,20,17,2,6,2,0,1,S5,774,False,DAD,DAD,-0.1281708070598598
8,20,20,5,5,3,1,0,1,9,1,0,0,5,0,1,0,0,0,0,1,1,3,5,0,0.25,0.25,0.45,0.7,0.2,0.2857142857142857,1.0,0.05,0.25,0.0,0.2,0.8,0.25,241.0,0.25,0.45,-1.252213800213376,0.08549999999999998,2,8,SF,20,20,5,9,0,0,0,S5,775,False,TAC,TAC,-0.05590468484170593
11,32,30,9,5,3,4,1,1,18,2,2,0,9,0,0,1,0,0,1,5,4,2,1,0,0.3,0.34375,0.6,0.94375,0.3,0.4,0.0,0.03125,0.28125,0.0625,0.7692307692307693,0.23076923076923078,3.3333333333333335,247.84848484848484,0.34375,0.5666666666666667,0.2740834823420934,0.09269999999999998,10,3,HK,32,30,9,17,2,0,0,S5,776,False,2TM,LMN,0.13831506052162001
11,28,26,9,5,3,4,1,1,18,2,2,0,9,0,0,1,0,0,0,4,2,1,1,0,0.34615384615384615,0.39285714285714285,0.6923076923076923,1.085164835164835,0.34615384615384615,0.5,0.0,0.03571428571428571,0.32142857142857145,0.07142857142857142,0.75,0.25,3.0,232.58620689655172,0.39285714285714285,0.6538461538461539,1.727514015674715,0.23869999999999997,6,2,HK,28,26,9,17,2,0,0,S5,776,True,TAI,TAI,0.26979477481895586
2,4,4,0,0,0,0,0,0,0,0,0,0,0,0,0,0,0,0,1,1,2,1,0,0,0.0,0.0,0.0,0.0,0.0,0.0,,0.0,0.0,0.0,0.8,0.2,4.0,358.5,0.0,0.0,-1.4534305333326218,-0.14600000000000002,4,1,HK,4,4,0,0,0,0,0,S5,776,True,LMN,LMN,-0.13147971429733585
6,13,11,1,1,0,0,1,0,3,1,2,0,2,0,0,0,0,0,2,3,1,4,0,0,0.09090909090909091,0.23076923076923078,0.2727272727272727,0.5034965034965035,0.1818181818181818,0.1111111111111111,,0.0,0.15384615384615385,0.15384615384615385,0.6,0.4,1.5,266.15384615384613,0.23076923076923078,0.25,-1.8668704888238796,-0.4602,6,4,BP,13,12,2,3,1,0,0,S5,777,False,TAI,TAI,-0.14163119701562737
5,12,10,1,2,0,0,1,0,3,0,2,0,3,0,0,0,0,0,0,2,3,1,0,0,0.1,0.25,0.3,0.55,0.19999999999999998,0.14285714285714285,,0.0,0.25,0.16666666666666666,0.8333333333333334,0.16666666666666666,5.0,295.6666666666667,0.16666666666666666,0.2727272727272727,-0.8779404454748252,-0.1436,5,1,1B,12,11,1,3,1,0,0,S5,778,False,TAI,TAI,-0.04620402743970352
4,11,11,4,3,2,1,0,1,8,1,0,0,2,0,0,0,0,0,0,3,0,2,0,0,0.36363636363636365,0.36363636363636365,0.7272727272727273,1.0909090909090908,0.36363636363636365,0.375,,0.09090909090909091,0.18181818181818182,0.0,0.6,0.4,1.5,233.8181818181818,0.36363636363636365,0.7272727272727273,-0.04027755466237065,-0.18523799999999999,3,2,BC,11,11,4,8,0,0,0,S5,779,False,RKT,RKT,0.03409642688256036
6,16,15,6,3,2,3,0,1,12,5,1,0,1,0,0,0,0,0,1,2,3,1,2,0,0.4,0.4375,0.8,1.2375,0.4,0.38461538461538464,,0.0625,0.0625,0.0625,0.6666666666666666,0.3333333333333333,2.0,255.0,0.4375,0.8,1.5683147004111966,0.32149999999999995,6,3,BC,16,15,6,12,1,0,0,S5,780,False,ISO,ISO,0.212284826184825
5,12,12,2,1,1,0,0,1,5,3,0,0,5,4,0,0,0,0,1,0,3,2,0,0,0.16666666666666666,0.16666666666666666,0.4166666666666667,0.5833333333333334,0.25,0.16666666666666666,,0.08333333333333333,0.4166666666666667,0.0,0.6666666666666666,0.3333333333333333,2.0,291.0,0.16666666666666666,0.4166666666666667,-1.2520738832843816,-0.16809999999999997,4,2,BP,12,12,2,5,0,0,0,S5,781,False,ISO,ISO,-0.08361737122065917
8,21,14,4,5,1,2,0,1,9,2,7,0,5,0,0,0,0,0,0,2,1,2,0,0,0.2857142857142857,0.5238095238095238,0.6428571428571429,1.1666666666666667,0.3571428571428572,0.375,,0.047619047619047616,0.23809523809523808,0.3333333333333333,0.6,0.4,1.5,217.04761904761904,0.47619047619047616,0.6,1.2854814544441215,0.2418,3,2,TT,21,15,4,9,6,0,0,S5,782,False,MVM,MVM,0.20133067538302543
4,10,10,3,2,0,1,0,2,10,4,0,0,0,0,0,0,0,0,2,1,1,2,3,0,0.3,0.3,1.0,1.3,0.7,0.125,,0.2,0.0,0.0,0.4444444444444444,0.5555555555555556,0.8,239.0,0.3,1.0,0.24490267109033637,-0.04126500000000002,4,5,XB,10,10,3,10,0,0,0,S5,783,False,SPR,SPR,0.05914861469884947
7,21,18,5,2,3,2,0,0,7,1,3,0,3,0,0,0,0,0,2,2,2,4,2,0,0.2777777777777778,0.38095238095238093,0.3888888888888889,0.7698412698412698,0.1111111111111111,0.3333333333333333,,0.0,0.14285714285714285,0.14285714285714285,0.5,0.5,1.0,241.38095238095238,0.38095238095238093,0.4117647058823529,-3.2773027570966615,-0.326127,6,6,BC,21,17,4,7,4,0,0,S5,784,False,2TM,RKT,-0.2549477457710529
6,18,15,5,2,3,2,0,0,7,1,3,0,3,0,0,0,0,0,0,1,1,4,1,0,0.3333333333333333,0.4444444444444444,0.4666666666666667,0.9111111111111111,0.13333333333333336,0.4166666666666667,,0.0,0.16666666666666666,0.16666666666666666,0.2857142857142857,0.7142857142857143,0.4,212.44444444444446,0.4444444444444444,0.5,-0.6298224867839849,-0.0003270000000000148,2,5,BC,18,14,4,7,4,0,0,S5,784,True,DAD,DAD,-0.0005972230167299863
1,3,3,0,0,0,0,0,0,0,0,0,0,0,0,0,0,0,0,2,1,1,0,1,0,0.0,0.0,0.0,0.0,0.0,0.0,,0.0,0.0,0.0,0.8,0.2,4.0,415.0,0.0,0.0,-2.6474802703126765,-0.32580000000000003,4,1,BC,3,3,0,0,0,0,0,S5,784,True,RKT,RKT,-0.2543505227543229
1,2,1,0,0,0,0,0,0,0,0,1,0,1,0,0,0,0,0,0,0,0,0,0,0,0.0,0.5,0.0,0.5,0.0,,,0.0,0.5,0.5,,,,190.0,0.5,0.0,0.06727494996541522,0.034999999999999996,0,0,TT,2,1,0,0,1,0,0,S5,786,False,KTY,KTY,0.01365916451450469
4,9,8,2,2,0,0,0,2,8,2,1,0,0,0,0,0,0,0,1,0,2,4,0,0,0.25,0.3333333333333333,1.0,1.3333333333333333,0.75,0.0,,0.2222222222222222,0.0,0.1111111111111111,0.42857142857142855,0.5714285714285714,0.75,233.0,0.2222222222222222,0.8888888888888888,-0.9005001097224761,-0.17770000000000008,3,4,SM,9,9,2,8,0,0,0,S5,788,False,2TM,CHI,-0.058857498141413354
3,6,5,2,2,0,0,0,2,8,2,1,0,0,0,0,0,0,0,0,0,1,2,0,0,0.4,0.5,1.6,2.1,1.2000000000000002,0.0,,0.3333333333333333,0.0,0.16666666666666666,0.3333333333333333,0.6666666666666666,0.5,178.33333333333334,0.3333333333333333,1.3333333333333333,0.9464594816657617,0.5293,1,2,SM,6,6,2,8,0,0,0,S5,788,True,CHI,CHI,0.11544095672046566
2,3,3,0,0,0,0,0,0,0,0,0,0,0,0,0,0,0,0,1,0,1,2,0,0,0.0,0.0,0.0,0.0,0.0,0.0,,0.0,0.0,0.0,0.5,0.5,1.0,342.3333333333333,0.0,0.0,-1.8469595913882375,-0.7070000000000001,2,2,SM,3,3,0,0,0,0,0,S5,788,True,LMN,LMN,-0.174298454861879
1,3,2,0,0,0,0,0,0,0,0,1,0,2,0,0,0,0,0,0,0,0,0,0,0,0.0,0.3333333333333333,0.0,0.3333333333333333,0.0,,,0.0,0.6666666666666666,0.3333333333333333,,,,264.0,0.3333333333333333,0.0,-0.8366484793898205,-0.1263,0,0,XB,3,2,0,0,1,0,0,S5,812,False,CHI,CHI,-0.0732673436620373
1,3,2,0,1,0,0,0,0,0,0,1,0,2,0,0,0,0,0,0,0,0,0,0,0,0.0,0.3333333333333333,0.0,0.3333333333333333,0.0,,,0.0,0.6666666666666666,0.3333333333333333,,,,236.33333333333334,0.3333333333333333,0.0,-0.3185874639876749,-0.0497,0,0,EN,3,2,0,0,1,0,0,S5,813,False,MVM,MVM,-0.02146124212182274
8,23,23,4,2,3,1,0,0,5,0,0,0,9,0,0,0,0,0,1,4,2,2,2,0,0.17391304347826086,0.17391304347826086,0.21739130434782608,0.3913043478260869,0.043478260869565216,0.2857142857142857,,0.0,0.391304347826087,0.0,0.6363636363636364,0.36363636363636365,1.75,303.4782608695652,0.17391304347826086,0.13636363636363635,-4.488452183813651,-0.5216999999999999,7,4,TT,23,22,3,3,1,0,0,S5,814,False,SPR,SPR,-0.36913101892478867
2,4,4,1,0,1,0,0,0,1,0,0,0,1,1,0,0,0,0,1,1,1,0,0,0,0.25,0.25,0.25,0.5,0.0,0.3333333333333333,,0.0,0.25,0.0,1.0,0.0,,325.3333333333333,0.25,0.25,-0.9519343630524058,-0.10179999999999999,3,0,BC,4,4,1,1,0,0,0,S5,815,False,WSH,WSH,-0.08133009726931424
1,2,2,0,0,0,0,0,0,0,0,0,0,1,0,0,0,0,0,0,0,0,0,1,0,0.0,0.0,0.0,0.0,0.0,0.0,,0.0,0.5,0.0,0.0,1.0,0.0,300.0,0.0,0.0,-0.7531543215467109,-0.000726,0,1,SF,2,2,0,0,0,0,0,S5,1686,False,ISO,ISO,-0.06838376263670792
3,6,6,2,2,0,1,0,1,6,2,0,0,0,0,0,0,0,0,0,1,0,1,2,0,0.3333333333333333,0.3333333333333333,1.0,1.3333333333333333,0.6666666666666667,0.2,,0.16666666666666666,0.0,0.0,0.25,0.75,0.3333333333333333,176.5,0.3333333333333333,1.0,0.24495471020906545,0.08010000000000003,1,3,MH,6,6,2,6,0,0,0,S5,1687,False,PPP,PPP,0.045290479574796046
4,5,5,0,0,0,0,0,0,0,0,0,0,2,2,0,0,0,0,0,2,0,1,0,0,0.0,0.0,0.0,0.0,0.0,0.0,,0.0,0.4,0.0,0.6666666666666666,0.3333333333333333,2.0,373.0,0.0,0.0,-1.3518482548720754,-0.1445,2,1,S,5,5,0,0,0,0,0,S5,1689,False,MVM,MVM,-0.11785565169229961
2,5,3,1,0,1,0,0,0,1,1,1,0,0,0,0,0,0,1,0,1,1,1,0,0,0.3333333333333333,0.4,0.3333333333333333,0.7333333333333334,0.0,0.25,,0.0,0.0,0.2,0.5,0.5,1.0,273.0,0.4,0.3333333333333333,-0.19699928570199288,-0.040900000000000006,2,2,BN,5,3,1,1,1,1,0,S5,1692,False,YUM,YUM,-0.00237075477529137
5,14,12,4,1,3,1,0,0,5,2,2,0,2,0,0,0,0,0,0,3,0,2,1,0,0.3333333333333333,0.42857142857142855,0.4166666666666667,0.8452380952380952,0.08333333333333337,0.4,,0.0,0.14285714285714285,0.14285714285714285,0.5,0.5,1.0,219.28571428571428,0.42857142857142855,0.4166666666666667,0.2293268305409631,-0.046100000000000016,3,3,BC,14,12,4,5,2,0,0,S5,1694,False,SPR,SPR,0.07145436967983847
10,26,18,5,5,2,1,0,2,12,2,8,0,3,0,0,0,0,0,1,7,0,0,3,0,0.2777777777777778,0.5,0.6666666666666666,1.1666666666666665,0.38888888888888884,0.23076923076923078,,0.07692307692307693,0.11538461538461539,0.3076923076923077,0.7272727272727273,0.2727272727272727,2.6666666666666665,234.73076923076923,0.5,0.6666666666666666,2.5012437205852986,0.3991,8,3,1B,26,18,5,12,8,0,0,S5,1695,False,KRB,KRB,0.340236075792051
8,22,19,5,5,2,2,0,1,10,3,3,1,5,1,2,0,0,0,0,3,0,3,3,0,0.2631578947368421,0.36363636363636365,0.5263157894736842,0.8899521531100478,0.2631578947368421,0.3076923076923077,1.0,0.045454545454545456,0.22727272727272727,0.13636363636363635,0.3333333333333333,0.6666666666666666,0.5,240.3181818181818,0.36363636363636365,0.5,1.2025443753653227,0.06668000000000002,3,6,S,22,18,4,9,4,0,0,S5,1698,False,GTY,GTY,0.1965028022341271
6,16,16,1,0,1,0,0,0,1,0,0,0,3,0,0,0,0,0,0,1,3,6,2,0,0.0625,0.0625,0.0625,0.125,0.0,0.07692307692307693,,0.0,0.1875,0.0,0.3333333333333333,0.6666666666666666,0.5,302.625,0.0625,0.0625,-3.8424944265258256,-0.3024,4,8,BP,16,16,1,1,0,0,0,S5,1699,False,PHB,PHB,-0.3287960865088772
11,30,27,12,8,3,3,3,3,30,7,3,0,5,0,0,0,0,0,1,4,2,3,1,0,0.4444444444444444,0.5,1.1111111111111112,1.6111111111111112,0.6666666666666667,0.47368421052631576,,0.1,0.16666666666666666,0.1,0.6363636363636364,0.36363636363636365,1.75,211.93333333333334,0.4666666666666667,0.9642857142857143,5.53969987406625,0.700658,7,4,WC,30,28,12,27,2,0,0,S5,1700,False,NUL,NUL,0.6579450301760725
9,24,21,6,4,3,1,0,2,13,3,2,1,3,0,0,1,0,1,0,3,2,4,4,0,0.2857142857142857,0.3333333333333333,0.6190476190476191,0.9523809523809523,0.33333333333333337,0.23529411764705882,0.0,0.08333333333333333,0.125,0.08333333333333333,0.35714285714285715,0.6428571428571429,0.5555555555555556,268.2173913043478,0.3333333333333333,0.5714285714285714,-1.4979726950092305,-0.16570000000000004,5,9,BP,24,21,5,12,3,0,0,S5,1701,False,RKT,RKT,-0.06661723528536505
6,14,14,4,1,3,0,0,1,7,2,0,0,1,0,0,1,0,0,1,2,3,2,2,0,0.2857142857142857,0.2857142857142857,0.5,0.7857142857142857,0.2142857142857143,0.25,0.0,0.07142857142857142,0.07142857142857142,0.0,0.6,0.4,1.5,306.2,0.2857142857142857,0.5,-1.7849305405734683,-0.35669999999999996,6,4,WC,14,14,4,7,0,0,0,S5,1703,False,PPP,PPP,-0.12997136743160467
10,26,23,10,5,5,1,2,2,21,5,3,0,2,0,0,0,0,0,1,3,3,5,0,0,0.43478260869565216,0.5,0.9130434782608695,1.4130434782608696,0.47826086956521735,0.42105263157894735,,0.07692307692307693,0.07692307692307693,0.11538461538461539,0.5833333333333334,0.4166666666666667,1.4,207.64,0.5,0.8695652173913043,2.8730416892439354,0.6069,7,5,BC,26,23,10,20,3,0,0,S5,1704,False,MVM,MVM,0.3774158726579147
6,10,9,5,2,1,3,1,0,10,3,1,1,2,0,0,0,0,0,0,2,0,0,0,0,0.5555555555555556,0.6,1.1111111111111112,1.7111111111111112,0.5555555555555556,0.7142857142857143,,0.0,0.2,0.1,1.0,0.0,,158.44444444444446,0.6,1.1111111111111112,4.4461516660179115,0.222395,2,0,BC,10,9,5,10,1,0,0,S5,1705,False,GTY,GTY,0.47927351419160696
12,30,28,8,7,1,3,1,3,22,8,2,0,0,0,1,0,0,0,3,7,2,5,6,0,0.2857142857142857,0.3333333333333333,0.7857142857142857,1.119047619047619,0.5,0.2,1.0,0.1,0.0,0.06666666666666667,0.5217391304347826,0.4782608695652174,1.0909090909090908,252.58064516129033,0.3333333333333333,0.75,1.9501038646524038,0.14897900000000008,12,11,XB,30,28,8,21,2,0,0,S5,1706,False,WWC,WWC,0.2989854292346879
7,19,18,4,2,1,2,0,1,9,4,1,0,3,1,0,0,0,0,2,8,2,0,1,0,0.2222222222222222,0.2631578947368421,0.5,0.763157894736842,0.2777777777777778,0.21428571428571427,,0.05263157894736842,0.15789473684210525,0.05263157894736842,0.9230769230769231,0.07692307692307693,12.0,261.1111111111111,0.2631578947368421,0.3888888888888889,-0.38635610099738316,-0.3901,12,1,MH,19,18,4,7,1,0,0,S5,1710,False,KTY,KTY,0.027215250320911766
12,30,29,6,1,1,4,0,1,13,3,1,0,8,1,0,0,0,0,1,4,2,7,2,0,0.20689655172413793,0.23333333333333334,0.4482758620689655,0.6816091954022989,0.2413793103448276,0.25,,0.03333333333333333,0.26666666666666666,0.03333333333333333,0.4375,0.5625,0.7777777777777778,270.7241379310345,0.23333333333333334,0.4482758620689655,-3.329689461453953,-0.5539,7,9,S,30,29,6,13,1,0,0,S5,1712,False,TRA,TRA,-0.22899390337594777
4,11,11,1,1,1,0,0,0,1,0,0,0,0,0,0,0,0,0,1,2,4,3,1,0,0.09090909090909091,0.09090909090909091,0.09090909090909091,0.18181818181818182,0.0,0.09090909090909091,,0.0,0.0,0.0,0.6363636363636364,0.36363636363636365,1.75,319.3636363636364,0.09090909090909091,0.0,-3.9561043138256258,-0.5304,7,4,1B,11,10,0,0,1,0,0,S5,1715,False,CHI,CHI,-0.3574862490337652
10,27,24,7,5,0,4,1,2,19,6,2,0,2,0,0,0,0,1,2,4,4,5,3,0,0.2916666666666667,0.3333333333333333,0.7916666666666666,1.125,0.49999999999999994,0.23809523809523808,,0.07407407407407407,0.07407407407407407,0.07407407407407407,0.5263157894736842,0.47368421052631576,1.1111111111111112,239.55555555555554,0.3333333333333333,0.7916666666666666,0.7266907832863355,0.24997599999999995,10,9,XB,27,24,7,19,2,1,0,S5,1717,False,2TM,CHI,0.1662466168211363
9,24,22,7,5,0,4,1,2,19,6,1,0,2,0,0,0,0,1,1,4,3,4,3,0,0.3181818181818182,0.3333333333333333,0.8636363636363636,1.196969696969697,0.5454545454545454,0.2631578947368421,,0.08333333333333333,0.08333333333333333,0.041666666666666664,0.5,0.5,1.0,239.83333333333334,0.3333333333333333,0.8636363636363636,1.3659859014048452,0.346176,8,8,XB,24,22,7,19,1,1,0,S5,1717,True,RKT,RKT,0.2197786243560425
1,3,2,0,0,0,0,0,0,0,0,1,0,0,0,0,0,0,0,1,0,1,1,0,0,0.0,0.3333333333333333,0.0,0.3333333333333333,0.0,0.0,,0.0,0.0,0.3333333333333333,0.6666666666666666,0.3333333333333333,2.0,237.33333333333334,0.3333333333333333,0.0,-0.6392951181185097,-0.09620000000000001,2,1,XB,3,2,0,0,1,0,0,S5,1717,True,CHI,CHI,-0.05353200753490622
14,33,29,9,5,5,2,1,1,16,5,4,0,5,0,0,1,0,0,2,3,4,1,7,0,0.3103448275862069,0.3939393939393939,0.5517241379310345,0.9456635318704284,0.24137931034482757,0.34782608695652173,0.0,0.030303030303030304,0.15151515151515152,0.12121212121212122,0.5294117647058824,0.47058823529411764,1.125,256.8235294117647,0.3939393939393939,0.5666666666666667,-0.6835479533788476,-0.00901800000000004,9,8,1B,33,30,10,17,3,0,0,S5,1718,False,GBC,GBC,0.046017751708507505
12,31,29,6,4,3,3,0,0,9,3,2,0,8,0,0,0,0,0,2,3,5,5,2,0,0.20689655172413793,0.25806451612903225,0.3103448275862069,0.5684093437152391,0.10344827586206898,0.2857142857142857,,0.0,0.25806451612903225,0.06451612903225806,0.5882352941176471,0.4117647058823529,1.4285714285714286,276.03225806451616,0.22580645161290322,0.27586206896551724,-3.029902130148022,-0.497019,10,7,BN,31,29,5,8,2,0,0,S5,1719,False,KRB,KRB,-0.19554933548637313
11,27,21,5,2,2,1,1,1,11,3,6,0,4,0,0,1,0,0,0,3,3,4,2,0,0.23809523809523808,0.4074074074074074,0.5238095238095238,0.9312169312169312,0.28571428571428575,0.25,0.0,0.037037037037037035,0.14814814814814814,0.2222222222222222,0.5,0.5,1.0,246.0,0.4074074074074074,0.42857142857142855,-2.0173441837571686,-0.019000000000000045,6,6,WC,27,21,5,9,6,0,0,S5,1720,False,WWC,WWC,-0.10815687988321412
10,31,23,7,5,4,1,2,0,12,4,8,1,5,0,3,1,0,0,2,5,1,2,3,0,0.30434782608695654,0.4838709677419355,0.5217391304347826,1.0056100981767182,0.21739130434782605,0.3888888888888889,0.75,0.0,0.16129032258064516,0.25806451612903225,0.6153846153846154,0.38461538461538464,1.6,237.27272727272728,0.45161290322580644,0.5,1.4921058025583598,0.20694199999999996,8,5,WC,31,24,7,12,7,0,0,S5,1721,False,GBC,GBC,0.25665145778426507
5,14,13,3,3,0,1,0,2,10,4,1,0,4,0,0,0,0,0,0,3,0,3,0,0,0.23076923076923078,0.2857142857142857,0.7692307692307693,1.054945054945055,0.5384615384615385,0.14285714285714285,,0.14285714285714285,0.2857142857142857,0.07142857142857142,0.5,0.5,1.0,231.42857142857142,0.21428571428571427,0.6428571428571429,2.047282667097443,0.341657,3,3,1B,14,14,3,9,0,0,0,S5,1722,False,TAI,TAI,0.2532499533354865
3,10,10,2,0,2,0,0,0,2,0,0,0,0,0,0,1,0,0,0,1,4,1,2,0,0.2,0.2,0.2,0.4,0.0,0.2,0.0,0.0,0.0,0.0,0.625,0.375,1.6666666666666667,318.90909090909093,0.2,0.3,-3.288677897440391,-0.5097,5,3,XB,10,10,2,3,0,0,0,S5,1723,False,GTY,GTY,-0.2942094421542233
7,17,16,6,2,3,2,0,1,11,1,1,0,5,0,0,0,0,0,0,1,1,3,0,0,0.375,0.4117647058823529,0.6875,1.0992647058823528,0.3125,0.5,,0.058823529411764705,0.29411764705882354,0.058823529411764705,0.4,0.6,0.6666666666666666,213.52941176470588,0.29411764705882354,0.5882352941176471,-0.5150786292608265,-0.005100000000000007,2,3,BN,17,17,5,10,0,0,0,S5,1724,False,NUL,NUL,0.007411327976604265
5,12,10,4,4,1,1,0,2,11,4,2,0,0,0,0,0,0,0,0,2,3,1,0,0,0.4,0.5,1.1,1.6,0.7000000000000001,0.25,,0.16666666666666666,0.0,0.16666666666666666,0.8333333333333334,0.16666666666666666,5.0,247.41666666666666,0.5,1.1,3.862657965840516,0.43550000000000005,5,1,BN,12,10,4,11,2,0,0,S5,1725,False,YUM,YUM,0.4278558136918306
2,6,4,1,1,0,0,0,1,4,1,2,0,2,0,0,0,0,0,0,0,1,0,0,0,0.25,0.5,1.0,1.5,0.75,0.0,,0.16666666666666666,0.3333333333333333,0.3333333333333333,1.0,0.0,,245.5,0.5,1.0,0.1688457274783658,0.042200000000000015,1,0,TT,6,4,1,4,2,0,0,S5,1728,False,KTY,KTY,0.03767958130172608
6,16,16,3,2,1,1,1,0,6,2,0,0,2,0,0,0,0,0,0,1,2,5,3,0,0.1875,0.1875,0.375,0.5625,0.1875,0.21428571428571427,,0.0,0.125,0.0,0.2727272727272727,0.7272727272727273,0.375,251.0625,0.1875,0.375,-1.8493343332213033,-0.3231,3,8,EN,16,16,3,6,0,0,0,S5,1729,False,RKT,RKT,-0.12948007717842497
10,26,26,8,2,6,1,1,0,11,5,0,0,2,0,2,0,0,0,3,3,4,6,3,0,0.3076923076923077,0.3076923076923077,0.4230769230769231,0.7307692307692308,0.11538461538461536,0.3333333333333333,1.0,0.0,0.07692307692307693,0.0,0.5263157894736842,0.47368421052631576,1.1111111111111112,238.53571428571428,0.3076923076923077,0.46153846153846156,-1.9307415803231762,0.102077,10,9,BC,26,26,8,12,0,0,0,S5,1732,False,TAC,TAC,-0.10296245429879644
13,43,37,15,10,5,4,4,2,33,11,5,0,6,0,0,0,0,1,2,4,7,5,1,0,0.40540540540540543,0.46511627906976744,0.8918918918918919,1.3570081709616593,0.48648648648648646,0.43333333333333335,,0.046511627906976744,0.13953488372093023,0.11627906976744186,0.65,0.35,1.8571428571428572,238.86046511627907,0.4186046511627907,0.7105263157894737,6.734349047708375,-0.344667,13,7,1B,43,38,13,27,5,0,0,S5,1733,False,SAR,SAR,0.8224657994070455
4,12,10,4,3,0,2,1,1,11,6,1,0,4,0,0,0,0,1,0,1,0,1,1,0,0.4,0.4166666666666667,1.1,1.5166666666666668,0.7000000000000001,0.5,,0.08333333333333333,0.3333333333333333,0.08333333333333333,0.25,0.75,0.3333333333333333,199.5,0.3333333333333333,0.9090909090909091,4.093750476923443,0.3301,1,3,EN,12,11,4,10,0,1,0,S5,1734,False,JUP,JUP,0.45096506480012327
12,28,22,6,4,5,1,0,0,7,4,5,0,7,0,1,0,0,1,0,3,0,3,4,0,0.2727272727272727,0.39285714285714285,0.3181818181818182,0.711038961038961,0.04545454545454547,0.375,1.0,0.0,0.25,0.17857142857142858,0.2727272727272727,0.7272727272727273,0.375,237.48275862068965,0.35714285714285715,0.34782608695652173,0.027764851970438764,0.11796999999999999,3,8,WC,28,23,6,8,4,1,0,S5,1736,False,ISO,ISO,0.09981985844852821
4,9,8,2,1,1,0,0,1,5,2,1,0,1,0,0,0,0,0,1,2,0,2,1,0,0.25,0.3333333333333333,0.625,0.9583333333333333,0.375,0.16666666666666666,,0.1111111111111111,0.1111111111111111,0.1111111111111111,0.5,0.5,1.0,233.88888888888889,0.3333333333333333,0.625,0.21881067089580392,0.08250000000000002,3,3,BN,9,8,2,5,1,0,0,S5,1737,False,GTY,GTY,0.053073579920414636
5,15,12,3,2,3,0,0,0,3,1,2,0,1,0,0,0,0,1,0,2,2,4,1,0,0.25,0.3333333333333333,0.25,0.5833333333333333,0.0,0.25,,0.0,0.06666666666666667,0.13333333333333333,0.4,0.6,0.6666666666666666,265.93333333333334,0.3333333333333333,0.09090909090909091,-0.8400072202517488,-0.026500000000000017,4,6,1B,15,11,1,1,4,0,0,S5,1738,False,ISO,ISO,-0.03201320064045112
13,32,31,7,4,3,1,0,3,17,3,1,0,11,1,0,0,0,0,1,3,3,4,3,0,0.22580645161290322,0.25,0.5483870967741935,0.7983870967741935,0.32258064516129026,0.23529411764705882,,0.09375,0.34375,0.03125,0.5,0.5,1.0,256.80645161290323,0.25,0.5333333333333333,-4.166969148756014,-0.28,7,7,TT,32,30,6,16,2,0,0,S5,1742,False,KTY,KTY,-0.3057902025881907
6,13,11,0,1,0,0,0,0,0,0,2,0,1,1,0,0,0,0,0,1,2,3,4,0,0.0,0.15384615384615385,0.0,0.15384615384615385,0.0,0.0,,0.0,0.07692307692307693,0.15384615384615385,0.3,0.7,0.42857142857142855,323.25,0.15384615384615385,0.0,-2.424471269279609,-0.141567,3,7,WC,13,11,0,0,2,0,0,S5,1743,False,WSH,WSH,-0.1973912750612003
10,30,26,10,7,6,1,1,2,19,4,4,0,2,0,0,0,0,0,2,4,2,5,3,0,0.38461538461538464,0.4666666666666667,0.7307692307692307,1.1974358974358974,0.3461538461538461,0.36363636363636365,,0.06666666666666667,0.06666666666666667,0.13333333333333333,0.5,0.5,1.0,227.86666666666667,0.4666666666666667,0.7307692307692307,0.8768759935728758,0.5196,8,8,BP,30,26,10,19,4,0,0,S5,1745,False,TRA,TRA,0.1916626421267351
4,10,8,4,1,2,1,1,0,7,2,1,0,2,1,0,0,0,1,0,1,0,1,1,0,0.5,0.5,0.875,1.375,0.375,0.5714285714285714,,0.0,0.2,0.1,0.25,0.75,0.3333333333333333,195.22222222222223,0.5,0.7777777777777778,-0.032443658078740334,0.2862,1,3,1B,10,9,4,7,1,0,0,S5,1746,False,JUP,JUP,0.031413981781941804
9,25,23,8,6,1,5,1,1,18,3,2,0,6,0,0,0,0,0,0,1,3,4,1,0,0.34782608695652173,0.4,0.782608695652174,1.182608695652174,0.4347826086956522,0.4375,,0.04,0.24,0.08,0.4444444444444444,0.5555555555555556,0.8,212.12,0.32,0.7916666666666666,1.4754523556751236,0.4469,4,5,XB,25,24,8,19,0,1,0,S5,1748,False,ISO,ISO,0.23419110454205194
8,22,22,7,5,2,1,0,4,20,5,0,0,5,0,0,0,0,0,0,2,2,4,2,0,0.3181818181818182,0.3181818181818182,0.9090909090909091,1.2272727272727273,0.5909090909090908,0.23076923076923078,,0.18181818181818182,0.22727272727272727,0.0,0.4,0.6,0.6666666666666666,233.0909090909091,0.3181818181818182,0.9090909090909091,1.6919862388708609,0.20630000000000004,4,6,BP,22,22,7,20,0,0,0,S5,1752,False,2TM,POR,0.24544698858468092
4,10,10,1,0,0,1,0,0,2,0,0,0,2,0,0,0,0,0,0,1,1,3,2,0,0.1,0.1,0.2,0.30000000000000004,0.1,0.125,,0.0,0.2,0.0,0.2857142857142857,0.7142857142857143,0.4,299.2,0.1,0.2,-2.169491467084802,-0.10049999999999998,2,5,BP,10,10,1,2,0,0,0,S5,1752,True,GTY,GTY,-0.18229079911866436
4,12,12,6,5,2,0,0,4,18,5,0,0,3,0,0,0,0,0,0,1,1,1,0,0,0.5,0.5,1.5,2.0,1.0,0.4,,0.3333333333333333,0.25,0.0,0.6666666666666666,0.3333333333333333,2.0,178.0,0.5,1.5,3.861477705955663,0.3068,2,1,BP,12,12,6,18,0,0,0,S5,1752,True,POR,POR,0.42773778770334536
9,24,24,6,3,2,2,0,2,14,7,0,0,5,1,1,0,0,0,0,3,3,2,5,0,0.25,0.25,0.5833333333333334,0.8333333333333334,0.33333333333333337,0.23529411764705882,1.0,0.08333333333333333,0.20833333333333334,0.0,0.46153846153846156,0.5384615384615384,0.8571428571428571,252.875,0.25,0.625,-0.41085855617600753,-0.00867400000000006,6,7,XB,24,24,6,15,0,0,0,S5,1755,False,GTY,GTY,0.04209417859795724
3,9,8,3,1,0,2,1,0,7,2,1,0,4,0,0,0,0,0,0,0,0,1,0,0,0.375,0.4444444444444444,0.875,1.3194444444444444,0.5,0.75,,0.0,0.4444444444444444,0.1111111111111111,0.0,1.0,0.0,187.44444444444446,0.4444444444444444,0.7777777777777778,2.63858974053225,0.1546,0,1,S,9,9,4,7,0,0,0,S5,1756,False,ISO,ISO,0.29505148688405924
10,25,23,8,1,5,3,0,0,11,5,2,0,1,0,0,0,0,0,1,4,2,4,4,0,0.34782608695652173,0.4,0.4782608695652174,0.8782608695652174,0.13043478260869568,0.36363636363636365,,0.0,0.04,0.08,0.4666666666666667,0.5333333333333333,0.875,246.52,0.4,0.4782608695652174,1.6845507932165336,-0.014800000000000025,7,8,BC,25,23,8,11,2,0,0,S5,1759,False,SPR,SPR,0.25510094829619295
4,10,8,1,2,1,0,0,0,1,0,2,0,3,0,0,0,0,0,0,0,0,3,1,0,0.125,0.3,0.125,0.425,0.0,0.2,,0.0,0.3,0.2,0.0,1.0,0.0,228.0,0.3,0.125,-0.9217203733524774,-0.008252000000000002,0,4,WC,10,8,1,1,2,0,0,S5,1760,False,ISO,ISO,-0.0575136897454319
8,21,18,6,6,3,0,0,3,15,7,3,0,2,0,2,0,0,0,0,0,4,2,4,0,0.3333333333333333,0.42857142857142855,0.8333333333333334,1.2619047619047619,0.5,0.23076923076923078,1.0,0.14285714285714285,0.09523809523809523,0.14285714285714285,0.4,0.6,0.6666666666666666,234.95652173913044,0.42857142857142855,0.8333333333333334,4.950994970691813,0.286171,4,6,WC,21,18,6,15,3,0,0,S5,1762,False,GTY,GTY,0.5678820270077946
7,19,18,10,4,5,4,0,1,17,3,1,0,2,0,0,0,0,0,1,2,2,2,0,0,0.5555555555555556,0.5789473684210527,0.9444444444444444,1.523391812865497,0.38888888888888884,0.6,,0.05263157894736842,0.10526315789473684,0.05263157894736842,0.7142857142857143,0.2857142857142857,2.5,200.55555555555554,0.5789473684210527,0.9444444444444444,2.75389648773458,0.6504,5,2,BN,19,18,10,17,1,0,0,S5,1763,False,JUP,JUP,0.3412405091941081
11,34,30,13,9,7,3,0,3,25,6,3,1,5,0,0,0,0,1,1,2,2,4,5,0,0.43333333333333335,0.47058823529411764,0.8333333333333334,1.303921568627451,0.4,0.43478260869565216,,0.08823529411764706,0.14705882352941177,0.08823529411764706,0.3333333333333333,0.6666666666666666,0.5,210.84848484848484,0.4411764705882353,0.7931034482758621,2.8565368355486456,-0.13177499999999995,5,10,XB,34,29,11,23,4,1,0,S5,1764,False,SAR,SAR,0.4034920653602384
1,2,2,0,0,0,0,0,0,0,0,0,0,1,0,0,0,0,0,0,0,1,0,0,0,0.0,0.0,0.0,0.0,0.0,0.0,,0.0,0.5,0.0,1.0,0.0,,349.5,0.0,0.0,-0.7973948380647267,-0.049100000000000005,1,0,BP,2,2,0,0,0,0,0,S5,1767,False,ISO,ISO,-0.07280781428850949
6,17,15,0,0,0,0,0,0,0,0,2,0,10,0,0,1,0,0,0,0,1,3,1,0,0.0,0.11764705882352941,0.0,0.11764705882352941,0.0,0.0,0.0,0.0,0.5882352941176471,0.11764705882352941,0.2,0.8,0.25,283.3333333333333,0.11764705882352941,0.0,-4.028316195357425,-0.5072000000000001,1,4,TT,17,15,0,0,2,0,0,S5,1768,False,PPP,PPP,-0.34391242863305554
5,16,13,3,4,1,0,0,2,9,2,3,1,2,0,0,0,0,0,0,2,1,2,3,0,0.23076923076923078,0.375,0.6923076923076923,1.0673076923076923,0.4615384615384615,0.1111111111111111,,0.125,0.125,0.1875,0.375,0.625,0.6,263.06666666666666,0.375,0.5384615384615384,-0.053896531026413286,-0.032899999999999985,3,5,WC,16,13,3,7,3,0,0,S5,1770,False,JUP,JUP,0.050063703041064
5,16,15,4,0,1,3,0,0,7,2,1,0,5,1,0,0,0,0,1,0,3,3,0,0,0.26666666666666666,0.3125,0.4666666666666667,0.7791666666666667,0.2,0.4,,0.0,0.3125,0.0625,0.5714285714285714,0.42857142857142855,1.3333333333333333,242.8,0.3125,0.4666666666666667,-0.8010105744331806,-0.21190000000000003,4,3,BC,16,15,4,7,1,0,0,S5,1771,False,KRB,KRB,-0.024647701299612725
7,18,17,3,2,1,0,1,1,8,3,0,0,1,0,0,0,0,1,3,4,6,1,3,0,0.17647058823529413,0.16666666666666666,0.47058823529411764,0.6372549019607843,0.2941176470588235,0.125,,0.05555555555555555,0.05555555555555555,0.0,0.7222222222222222,0.2777777777777778,2.6,320.22222222222223,0.16666666666666666,0.3125,-3.902292171897279,-0.59289,13,5,MH,18,16,2,5,1,1,0,S5,1772,False,TSA,TSA,-0.32784419152805944
4,13,11,2,4,0,0,2,0,6,2,2,0,0,0,0,0,0,0,0,4,1,2,2,0,0.18181818181818182,0.3076923076923077,0.5454545454545454,0.8531468531468531,0.3636363636363636,0.18181818181818182,,0.0,0.0,0.15384615384615385,0.5555555555555556,0.4444444444444444,1.25,259.0,0.23076923076923078,0.4166666666666667,1.252307174147046,-0.0267,5,4,WC,13,12,2,5,1,0,0,S5,1773,False,JUP,JUP,0.17028656928146518
11,26,19,1,1,0,1,0,0,2,3,6,0,4,0,0,0,0,1,1,3,2,7,3,0,0.05263157894736842,0.2692307692307692,0.10526315789473684,0.37449392712550605,0.05263157894736842,0.0625,,0.0,0.15384615384615385,0.23076923076923078,0.35294117647058826,0.6470588235294118,0.5454545454545454,273.15384615384613,0.19230769230769232,0.09090909090909091,-1.3770671943445456,0.01534400000000001,6,11,WC,26,22,1,2,4,0,0,S5,1774,False,2TM,NUL,-0.0475950157009334
2,5,5,0,0,0,0,0,0,0,0,0,0,1,0,0,0,0,0,0,0,1,1,2,0,0.0,0.0,0.0,0.0,0.0,0.0,,0.0,0.2,0.0,0.25,0.75,0.3333333333333333,351.6,0.0,0.0,-1.3527521951267132,-0.10289999999999999,1,3,WC,5,5,0,0,0,0,0,S5,1774,True,CHI,CHI,-0.11794604571776339
9,21,14,1,1,0,1,0,0,2,3,6,0,3,0,0,0,0,1,1,3,1,6,1,0,0.07142857142857142,0.3333333333333333,0.14285714285714285,0.47619047619047616,0.07142857142857142,0.08333333333333333,,0.0,0.14285714285714285,0.2857142857142857,0.38461538461538464,0.6153846153846154,0.625,254.47619047619048,0.23809523809523808,0.11764705882352941,-0.02431499921783309,0.11824399999999995,5,8,WC,21,17,1,2,4,0,0,S5,1774,True,NUL,NUL,0.07035103001682994
12,30,27,11,8,5,1,3,2,24,6,3,0,4,0,0,0,0,0,0,1,3,5,3,0,0.4074074074074074,0.4666666666666667,0.8888888888888888,1.3555555555555556,0.48148148148148145,0.42857142857142855,,0.06666666666666667,0.13333333333333333,0.1,0.3333333333333333,0.6666666666666666,0.5,217.89655172413794,0.4666666666666667,0.88,4.745684730963924,0.5071,4,8,S,30,25,9,22,5,0,0,S5,1776,False,TSA,TSA,0.5785435158658399
7,19,15,2,2,0,1,0,1,6,3,4,0,9,1,0,0,0,0,0,1,0,1,2,0,0.13333333333333333,0.3157894736842105,0.4,0.7157894736842105,0.2666666666666667,0.2,,0.05263157894736842,0.47368421052631576,0.21052631578947367,0.25,0.75,0.3333333333333333,252.33333333333334,0.2631578947368421,0.4,-0.3280222490322557,0.0701,1,3,TT,19,15,2,6,3,1,0,S5,1777,False,TAI,TAI,0.03304863551742451
7,19,19,8,6,2,2,0,4,22,4,0,0,6,2,0,0,0,0,0,1,1,2,1,0,0.42105263157894735,0.42105263157894735,1.1578947368421053,1.5789473684210527,0.736842105263158,0.4444444444444444,,0.21052631578947367,0.3157894736842105,0.0,0.4,0.6,0.6666666666666666,204.88235294117646,0.42105263157894735,1.1578947368421053,2.5434221128895698,0.6263,2,3,BP,19,19,8,22,0,0,0,S5,1778,False,SPR,SPR,0.32019307170960704
6,18,15,4,1,2,1,1,0,7,2,2,0,3,0,0,0,0,1,0,0,3,5,1,0,0.26666666666666666,0.3333333333333333,0.4666666666666667,0.8,0.2,0.3076923076923077,,0.0,0.16666666666666666,0.1111111111111111,0.3,0.7,0.42857142857142855,243.77777777777777,0.2777777777777778,0.4375,0.07969247829393011,0.0004860000000000194,3,7,BC,18,16,4,7,1,1,0,S5,1779,False,TRA,TRA,0.07035427349106152
11,30,25,7,7,3,3,0,1,13,2,5,0,6,0,0,0,0,0,1,2,2,7,1,0,0.28,0.4,0.52,0.92,0.24,0.3333333333333333,,0.03333333333333333,0.2,0.16666666666666666,0.38461538461538464,0.6153846153846154,0.625,219.36666666666667,0.36666666666666664,0.44,-0.24455592806845172,0.1356,5,8,BP,30,25,6,11,5,0,0,S5,1781,False,SPR,SPR,0.07951944996260234
5,13,13,1,1,1,0,0,0,1,0,0,0,2,0,0,0,0,0,0,2,1,5,2,0,0.07692307692307693,0.07692307692307693,0.07692307692307693,0.15384615384615385,0.0,0.09090909090909091,,0.0,0.15384615384615385,0.0,0.3,0.7,0.42857142857142855,308.2307692307692,0.07692307692307693,0.07692307692307693,-4.2430757653539715,-0.771245,3,7,BP,13,13,1,1,0,0,0,S5,1784,False,ISO,ISO,-0.37925172466863655
13,38,35,11,8,5,1,2,3,25,10,3,0,7,0,1,0,0,0,1,4,4,6,3,0,0.3142857142857143,0.3684210526315789,0.7142857142857143,1.0827067669172932,0.4,0.32,1.0,0.07894736842105263,0.18421052631578946,0.07894736842105263,0.5,0.5,1.0,247.4102564102564,0.3684210526315789,0.6764705882352942,4.340976830586205,0.060923999999999895,9,9,WC,38,34,10,23,4,0,0,S5,1785,False,SAR,SAR,0.5657994038999206
4,10,9,2,1,1,0,0,1,5,1,1,0,2,0,0,0,0,0,0,1,0,2,2,0,0.2222222222222222,0.3,0.5555555555555556,0.8555555555555556,0.33333333333333337,0.16666666666666666,,0.1,0.2,0.1,0.2,0.8,0.25,244.9,0.3,0.5555555555555556,-1.3108393402053315,0.13799999999999998,1,4,WC,10,9,2,5,1,0,0,S5,1786,False,CHI,CHI,-0.09642558643071733
11,30,29,6,1,3,2,1,0,10,2,1,0,6,0,0,0,0,0,3,8,4,3,2,0,0.20689655172413793,0.23333333333333334,0.3448275862068966,0.57816091954023,0.13793103448275865,0.2608695652173913,,0.0,0.2,0.03333333333333333,0.75,0.25,3.0,294.8666666666667,0.23333333333333334,0.3448275862068966,-4.354082982728723,-0.283021,15,5,BC,30,29,6,10,1,0,0,S5,1787,False,WWC,WWC,-0.33143325550342484
8,22,20,5,3,1,2,2,0,11,1,2,0,4,0,0,0,0,0,1,6,1,4,0,0,0.25,0.3181818181818182,0.55,0.8681818181818182,0.30000000000000004,0.3125,,0.0,0.18181818181818182,0.09090909090909091,0.6666666666666666,0.3333333333333333,2.0,250.3181818181818,0.3181818181818182,0.55,-0.3074575137478679,-0.034751000000000004,8,4,BC,22,20,5,11,2,0,0,S5,1788,False,2TM,SPR,0.04550261332280805
5,14,13,3,2,1,1,1,0,6,1,1,0,3,0,0,0,0,0,0,3,1,3,0,0,0.23076923076923078,0.2857142857142857,0.46153846153846156,0.7472527472527473,0.23076923076923078,0.3,,0.0,0.21428571428571427,0.07142857142857142,0.5714285714285714,0.42857142857142855,1.3333333333333333,248.92857142857142,0.2857142857142857,0.38461538461538464,-0.11149754708551907,-0.07799999999999999,4,3,BC,14,13,3,5,1,0,0,S5,1788,True,MVM,MVM,0.03737193191719026
3,8,7,2,1,0,1,1,0,5,0,1,0,1,0,0,0,0,0,1,3,0,1,0,0,0.2857142857142857,0.375,0.7142857142857143,1.0892857142857144,0.4285714285714286,0.3333333333333333,,0.0,0.125,0.125,0.8,0.2,4.0,252.75,0.375,0.8571428571428571,-0.19595996666234894,0.04324899999999999,4,1,BC,8,7,2,6,1,0,0,S5,1788,True,SPR,SPR,0.008130681405617773
6,18,14,4,5,1,1,0,2,11,3,4,0,5,0,0,0,0,0,0,0,2,1,2,0,0.2857142857142857,0.4444444444444444,0.7857142857142857,1.2301587301587302,0.5,0.2857142857142857,,0.1111111111111111,0.2777777777777778,0.2222222222222222,0.4,0.6,0.6666666666666666,241.94117647058823,0.4444444444444444,0.7142857142857143,0.26603636159409605,-0.023436999999999986,2,3,TT,18,14,4,10,4,0,0,S5,1790,False,TRA,TRA,0.0889886618210781
9,22,22,7,5,0,2,4,1,20,4,0,0,3,0,0,0,0,0,0,0,1,3,8,0,0.3181818181818182,0.3181818181818182,0.9090909090909091,1.2272727272727273,0.5909090909090908,0.3333333333333333,,0.045454545454545456,0.13636363636363635,0.0,0.08333333333333333,0.9166666666666666,0.09090909090909091,245.8181818181818,0.3181818181818182,0.8181818181818182,2.727837768792057,-0.06820000000000001,1,11,S,22,22,7,18,0,0,0,S5,1792,False,JUP,JUP,0.34903214157680057
4,12,11,2,2,1,0,0,1,5,2,1,0,1,1,0,0,0,0,0,2,1,2,3,0,0.18181818181818182,0.25,0.45454545454545453,0.7045454545454546,0.2727272727272727,0.1111111111111111,,0.08333333333333333,0.08333333333333333,0.08333333333333333,0.375,0.625,0.6,270.72727272727275,0.25,0.4,-0.36013432041575094,-0.11759999999999998,3,5,XB,12,10,1,4,2,0,0,S5,1793,False,CHI,CHI,0.005576585066203904
11,27,21,3,4,3,0,0,0,3,2,6,1,3,0,1,0,0,0,1,7,2,4,2,0,0.14285714285714285,0.3333333333333333,0.14285714285714285,0.47619047619047616,0.0,0.16666666666666666,1.0,0.0,0.1111111111111111,0.2222222222222222,0.625,0.375,1.6666666666666667,253.8148148148148,0.37037037037037035,0.15789473684210525,-3.537918134805093,-0.16260000000000002,10,6,1B,27,19,3,3,7,1,0,S5,1794,False,TAC,TAC,-0.2602142749880066
2,6,6,0,0,0,0,0,0,0,0,0,0,2,0,0,0,0,0,0,1,0,1,2,0,0.0,0.0,0.0,0.0,0.0,0.0,,0.0,0.3333333333333333,0.0,0.25,0.75,0.3333333333333333,318.6666666666667,0.0,0.0,-1.532716182693989,-0.1196,1,3,SF,6,6,0,0,0,0,0,S5,1797,False,KTY,KTY,-0.1324766097155094
8,23,20,6,2,2,3,0,1,12,2,2,0,5,0,0,0,0,1,1,4,2,4,0,0,0.3,0.34782608695652173,0.6,0.9478260869565217,0.3,0.3333333333333333,,0.043478260869565216,0.21739130434782608,0.08695652173913043,0.5833333333333334,0.4166666666666667,1.4,254.95652173913044,0.34782608695652173,0.6190476190476191,-1.2649317848638373,0.033399999999999985,7,5,S,23,21,7,13,1,1,0,S5,1798,False,KTY,KTY,-0.04677897902980731
5,15,15,4,4,0,0,0,4,16,6,0,0,4,0,0,0,0,0,0,2,1,1,3,0,0.26666666666666666,0.26666666666666666,1.0666666666666667,1.3333333333333333,0.8,0.0,,0.26666666666666666,0.26666666666666666,0.0,0.42857142857142855,0.5714285714285714,0.75,244.6,0.26666666666666666,1.0,1.865003503175097,0.1723,3,4,XB,15,15,4,15,0,0,0,S5,1799,False,DAD,DAD,0.23848787170223346
9,17,16,3,2,2,0,0,1,6,2,1,0,4,0,0,0,0,0,2,3,4,1,1,0,0.1875,0.23529411764705882,0.375,0.6102941176470589,0.1875,0.18181818181818182,,0.058823529411764705,0.23529411764705882,0.058823529411764705,0.8181818181818182,0.18181818181818182,4.5,292.0,0.29411764705882354,0.4,-1.5132477513733738,-0.026399999999999993,9,2,WC,17,15,3,6,2,0,0,S5,1800,False,KTY,KTY,-0.09240558423465046
4,12,11,3,0,2,1,0,0,4,1,0,0,2,0,0,0,0,1,1,2,0,3,2,0,0.2727272727272727,0.25,0.36363636363636365,0.6136363636363636,0.09090909090909094,0.3,,0.0,0.16666666666666666,0.0,0.3333333333333333,0.6666666666666666,0.5,260.0833333333333,0.25,0.36363636363636365,-1.666107632288847,-0.3945000000000001,3,6,BN,12,11,3,4,0,1,0,S5,1801,False,CHI,CHI,-0.1250207461211057
5,15,14,5,4,2,2,0,1,10,2,1,0,4,0,1,0,0,0,1,0,2,2,1,0,0.35714285714285715,0.4,0.7142857142857143,1.1142857142857143,0.35714285714285715,0.4444444444444444,1.0,0.06666666666666667,0.26666666666666666,0.06666666666666667,0.5,0.5,1.0,234.5625,0.4,0.7142857142857143,0.36875642611389714,0.1277,3,3,BP,15,14,5,10,1,0,0,S5,1802,False,ISO,ISO,0.08886316399611346
5,11,10,2,2,0,1,0,1,6,4,1,0,5,0,0,0,0,0,2,3,0,0,0,0,0.2,0.2727272727272727,0.6,0.8727272727272727,0.39999999999999997,0.25,,0.09090909090909091,0.45454545454545453,0.09090909090909091,1.0,0.0,,256.27272727272725,0.2727272727272727,0.6,0.46014654030687124,-0.14140000000000003,5,0,XB,11,10,2,6,1,0,0,S5,1803,False,2TM,MVM,0.08413883637948454
4,10,9,1,1,0,0,0,1,4,4,1,0,5,0,0,0,0,0,2,3,0,0,0,0,0.1111111111111111,0.2,0.4444444444444444,0.6444444444444444,0.3333333333333333,0.0,,0.1,0.5,0.1,1.0,0.0,,277.3,0.2,0.4444444444444444,-0.058279596195708716,-0.18180000000000002,5,0,XB,10,9,1,4,1,0,0,S5,1803,True,SPR,SPR,0.028830387970244963
1,1,1,1,1,0,1,0,0,2,0,0,0,0,0,0,0,0,0,0,0,0,0,0,0,1.0,1.0,2.0,3.0,1.0,1.0,,0.0,0.0,0.0,,,,46.0,1.0,2.0,0.51842613650258,0.0404,0,0,XB,1,1,1,2,0,0,0,S5,1803,True,MVM,MVM,0.055308448409239576
5,14,12,6,6,0,2,0,4,20,11,2,0,3,0,0,0,0,0,0,0,0,0,3,0,0.5,0.5714285714285714,1.6666666666666667,2.238095238095238,1.1666666666666667,0.4,,0.2857142857142857,0.21428571428571427,0.14285714285714285,0.0,1.0,0.0,168.35714285714286,0.5,1.4615384615384615,9.882041471241946,0.5791,0,3,XB,14,13,6,19,1,0,0,S5,1808,False,MVM,MVM,1.0367258337499368
5,12,9,3,2,2,1,0,0,4,2,2,0,1,0,0,0,0,1,0,1,2,3,0,0,0.3333333333333333,0.4166666666666667,0.4444444444444444,0.8611111111111112,0.1111111111111111,0.3333333333333333,,0.0,0.08333333333333333,0.16666666666666666,0.42857142857142855,0.5714285714285714,0.75,244.0,0.4166666666666667,0.3333333333333333,0.7616968180071213,-0.025900000000000017,3,4,SM,12,9,3,3,2,1,0,S5,1810,False,KTY,KTY,0.11775969890849111
11,25,25,5,1,2,0,2,1,12,5,0,0,9,0,0,0,0,0,1,2,3,4,2,0,0.2,0.2,0.48,0.6799999999999999,0.27999999999999997,0.26666666666666666,,0.04,0.36,0.0,0.5,0.5,1.0,259.92,0.2,0.375,-2.503991422813658,-0.32827100000000003,6,6,HK,25,24,4,9,1,0,0,S5,1811,False,TRA,TRA,-0.1637532733068262
2,4,3,0,0,0,0,0,0,0,1,0,0,0,0,0,0,0,1,1,0,1,3,0,0,0.0,0.0,0.0,0.0,0.0,0.0,,0.0,0.0,0.0,0.3333333333333333,0.6666666666666666,0.5,274.75,0.0,0.0,-1.680323599644734,-0.07320000000000002,2,4,HK,4,3,0,0,0,1,0,S5,1812,False,TAI,TAI,-0.15416902092854706
6,14,10,1,0,0,1,0,0,2,1,4,1,2,1,0,0,0,0,0,0,3,2,2,0,0.1,0.35714285714285715,0.2,0.5571428571428572,0.1,0.125,,0.0,0.14285714285714285,0.2857142857142857,0.42857142857142855,0.5714285714285714,0.75,279.0833333333333,0.35714285714285715,0.3,-0.6864354992800035,-0.047546999999999964,3,4,WC,14,10,1,3,4,0,0,S5,1813,False,DAD,DAD,-0.02012186330225818
7,19,16,5,2,1,2,0,2,13,5,2,0,6,0,1,0,0,1,0,2,0,1,3,0,0.3125,0.3684210526315789,0.8125,1.180921052631579,0.5,0.3333333333333333,1.0,0.10526315789473684,0.3157894736842105,0.10526315789473684,0.2857142857142857,0.7142857142857143,0.4,208.5,0.3157894736842105,0.7058823529411765,1.4428742745578191,0.1758,2,5,XB,19,17,5,12,1,1,0,S5,1814,False,KTY,KTY,0.21013828787643202
7,21,18,5,6,1,2,0,2,13,3,3,0,4,2,0,0,0,0,1,2,0,3,4,0,0.2777777777777778,0.38095238095238093,0.7222222222222222,1.1031746031746033,0.4444444444444444,0.25,,0.09523809523809523,0.19047619047619047,0.14285714285714285,0.3,0.7,0.42857142857142855,213.94736842105263,0.38095238095238093,0.7222222222222222,-0.6670572746018182,-0.12040199999999998,3,7,XB,21,18,5,13,3,0,0,S5,1815,False,WWC,WWC,0.006076802478431431
6,22,18,5,3,3,1,0,1,9,4,4,0,2,0,0,0,0,0,2,2,4,2,3,0,0.2777777777777778,0.4090909090909091,0.5,0.9090909090909092,0.2222222222222222,0.26666666666666666,,0.045454545454545456,0.09090909090909091,0.18181818181818182,0.6153846153846154,0.38461538461538464,1.6,261.59090909090907,0.4090909090909091,0.47058823529411764,-0.5889129757682744,-0.348745,8,5,1B,22,17,4,8,5,0,0,S5,1816,False,3TM,WSH,0.0173570671207674
1,3,3,1,0,1,0,0,0,1,0,0,0,0,0,0,0,0,0,1,1,0,0,1,0,0.3333333333333333,0.3333333333333333,0.3333333333333333,0.6666666666666666,0.0,0.3333333333333333,,0.0,0.0,0.0,0.6666666666666666,0.3333333333333333,2.0,299.6666666666667,0.3333333333333333,0.3333333333333333,-1.013826375546828,-0.15539999999999998,2,1,1B,3,3,1,1,0,0,0,S5,1816,True,DAD,DAD,-0.09098513327773805
5,16,14,4,3,2,1,0,1,8,4,2,0,2,0,0,0,0,0,1,1,3,2,2,0,0.2857142857142857,0.375,0.5714285714285714,0.9464285714285714,0.2857142857142857,0.2727272727272727,,0.0625,0.125,0.125,0.5555555555555556,0.4444444444444444,1.25,254.625,0.375,0.5384615384615384,0.21071434470514072,-0.19094500000000003,5,4,1B,16,13,3,7,3,0,0,S5,1816,True,WSH,WSH,0.0765247906142194
1,3,1,0,0,0,0,0,0,0,0,2,0,0,0,0,0,0,0,0,0,1,0,0,0,0.0,0.6666666666666666,0.0,0.6666666666666666,0.0,0.0,,0.0,0.0,0.6666666666666666,1.0,0.0,,260.6666666666667,0.6666666666666666,0.0,0.21419905507341308,-0.0023999999999999994,1,0,1B,3,1,0,0,2,0,0,S5,1816,True,LMN,LMN,0.03181740978428606
3,10,10,3,1,1,1,0,1,7,3,0,0,1,1,0,0,0,0,0,2,1,3,0,0,0.3,0.3,0.7,1.0,0.39999999999999997,0.25,,0.1,0.1,0.0,0.5,0.5,1.0,219.11111111111111,0.3,0.7,-0.1900517091666839,0.07740000000000001,3,3,BP,10,10,3,7,0,0,0,S5,1817,False,GTY,GTY,0.015653176673147445
9,25,17,5,3,2,2,0,1,10,3,8,0,3,0,0,0,0,0,1,1,2,4,2,0,0.29411764705882354,0.52,0.5882352941176471,1.1082352941176472,0.29411764705882354,0.3076923076923077,,0.04,0.12,0.32,0.4,0.6,0.6666666666666666,220.48,0.52,0.5882352941176471,1.075063529579692,0.034258,4,6,WC,25,17,5,10,8,0,0,S5,1818,False,KRB,KRB,0.19415222193250878
2,3,3,0,0,0,0,0,0,0,0,0,0,3,2,0,0,0,0,0,0,0,0,0,0,0.0,0.0,0.0,0.0,0.0,,,0.0,1.0,0.0,,,,236.0,0.0,0.0,-0.6641012192989528,-0.0499,0,0,XB,3,3,0,0,0,0,0,S5,1819,False,YUM,YUM,-0.056012617652950535
1,3,3,0,0,0,0,0,0,0,0,0,0,0,0,0,0,0,0,0,3,0,0,0,0,0.0,0.0,0.0,0.0,0.0,0.0,,0.0,0.0,0.0,1.0,0.0,,385.6666666666667,0.0,0.0,-0.702008565903911,-0.0864,3,0,BC,3,3,0,0,0,0,0,S5,1821,False,GBC,GBC,-0.059803352313446356
2,4,4,0,0,0,0,0,0,0,0,0,0,2,1,0,0,0,0,0,1,1,0,0,0,0.0,0.0,0.0,0.0,0.0,0.0,,0.0,0.5,0.0,1.0,0.0,,381.6666666666667,0.0,0.0,-0.9519343630524058,-0.1427,2,0,XB,4,4,0,0,0,0,0,S5,1822,False,MVM,MVM,-0.08133009726931424
3,6,5,0,0,0,0,0,0,0,1,0,0,1,0,0,0,0,1,1,0,1,3,1,0,0.0,0.0,0.0,0.0,0.0,0.0,,0.0,0.16666666666666666,0.0,0.2857142857142857,0.7142857142857143,0.4,289.8333333333333,0.0,0.0,-1.636856974046114,-0.11739999999999999,2,5,SF,6,5,0,0,0,1,0,S5,1823,False,MVM,MVM,-0.14289068885072193
3,7,4,0,0,0,0,0,0,0,1,2,0,2,1,0,0,0,1,1,0,1,2,0,0,0.0,0.2857142857142857,0.0,0.2857142857142857,0.0,0.0,,0.0,0.2857142857142857,0.2857142857142857,0.4,0.6,0.6666666666666666,215.83333333333334,0.2857142857142857,0.0,-0.7783811685867745,-0.1051,2,3,TT,7,4,0,0,2,1,0,S5,1824,False,KTY,KTY,-0.05357727354580637
4,10,10,2,1,1,1,0,0,3,0,0,0,1,0,0,0,0,0,0,0,4,2,1,0,0.2,0.2,0.3,0.5,0.09999999999999998,0.2222222222222222,,0.0,0.1,0.0,0.5714285714285714,0.42857142857142855,1.3333333333333333,323.0,0.2,0.2,-0.5587160113166151,-0.22028599999999995,4,3,BP,10,10,2,2,0,0,0,S5,1826,False,ISO,ISO,-0.021213253541845674
8,20,17,4,2,1,2,0,1,9,5,3,2,3,1,0,0,0,0,0,2,3,3,2,0,0.23529411764705882,0.35,0.5294117647058824,0.8794117647058823,0.29411764705882354,0.23076923076923078,,0.05,0.15,0.15,0.5,0.5,1.0,275.7647058823529,0.35,0.47058823529411764,3.200119522034409,0.28276699999999994,5,5,1B,20,17,4,8,3,0,0,S5,1829,False,TRA,TRA,0.38932864738307255
13,36,30,16,7,8,5,2,1,28,4,5,0,5,0,9,3,0,1,0,1,1,4,4,0,0.5333333333333333,0.5833333333333334,0.9333333333333333,1.5166666666666666,0.4,0.6,0.75,0.027777777777777776,0.1388888888888889,0.1388888888888889,0.18181818181818182,0.8181818181818182,0.2222222222222222,204.47916666666666,0.5277777777777778,0.96875,5.823770095009353,0.712993,2,9,SM,36,32,16,31,3,1,0,S5,1830,False,WWC,WWC,0.7071470608242724
8,22,19,5,5,2,0,0,3,14,6,3,1,1,0,0,0,0,0,0,1,6,3,3,0,0.2631578947368421,0.36363636363636365,0.7368421052631579,1.1004784688995215,0.47368421052631576,0.13333333333333333,,0.13636363636363635,0.045454545454545456,0.13636363636363635,0.5384615384615384,0.46153846153846156,1.1666666666666667,273.0952380952381,0.36363636363636365,0.7368421052631579,2.6412970297158633,0.17659999999999998,7,6,BP,22,19,5,14,3,0,0,S5,1832,False,3TM,DAD,0.34037806766918116
2,5,4,1,1,1,0,0,0,1,0,1,0,1,0,0,0,0,0,0,0,0,1,1,0,0.25,0.4,0.25,0.65,0.0,0.3333333333333333,,0.0,0.2,0.2,0.0,1.0,0.0,213.2,0.4,0.25,-0.3914335461309261,-0.009500000000000008,0,2,BP,5,4,1,1,1,0,0,S5,1832,True,LMN,LMN,-0.021814180818184696
2,6,5,2,2,1,0,0,1,5,2,1,1,0,0,0,0,0,0,0,1,1,0,1,0,0.4,0.5,1.0,1.5,0.6,0.25,,0.16666666666666666,0.0,0.16666666666666666,0.6666666666666666,0.3333333333333333,2.0,287.8,0.5,1.0,0.971887811286326,-0.05310000000000001,2,1,BP,6,5,2,5,1,0,0,S5,1832,True,TAI,TAI,0.1179837896825221
4,11,10,2,2,0,0,0,2,8,4,1,0,0,0,0,0,0,0,0,0,5,2,1,0,0.2,0.2727272727272727,0.8,1.0727272727272728,0.6000000000000001,0.0,,0.18181818181818182,0.0,0.09090909090909091,0.625,0.375,1.6666666666666667,293.6363636363636,0.2727272727272727,0.8,2.060842764560465,0.23919999999999997,5,3,BP,11,10,2,8,1,0,0,S5,1832,True,DAD,DAD,0.24420845880484388
9,20,16,1,3,0,1,0,0,2,0,4,0,6,0,0,0,0,0,1,5,1,2,1,0,0.0625,0.25,0.125,0.375,0.0625,0.1,,0.0,0.3,0.2,0.7,0.3,2.3333333333333335,293.65,0.25,0.0625,-2.672846733892389,-0.05,7,3,WC,20,16,1,1,4,0,0,S5,1834,False,PHB,PHB,-0.19796797820960724
7,12,11,2,2,2,0,0,0,2,0,1,0,0,0,1,0,0,0,1,1,3,4,1,0,0.18181818181818182,0.25,0.18181818181818182,0.4318181818181818,0.0,0.18181818181818182,1.0,0.0,0.0,0.08333333333333333,0.5,0.5,1.0,266.46153846153845,0.25,0.18181818181818182,-2.445362638059851,-0.3765999999999999,5,5,SM,12,11,2,2,1,0,0,S5,1838,False,GTY,GTY,-0.2029462466982061
3,9,8,3,3,1,0,0,2,9,3,1,0,5,0,0,0,0,0,0,0,0,0,0,0,0.375,0.4444444444444444,1.125,1.5694444444444444,0.75,1.0,,0.2222222222222222,0.5555555555555556,0.1111111111111111,,,,198.11111111111111,0.4444444444444444,1.125,1.5593737402431933,0.3005,0,0,TT,9,8,3,9,1,0,0,S5,1841,False,RKT,RKT,0.18712988685515358
11,28,27,9,3,7,0,0,2,15,6,1,0,5,0,0,0,0,0,1,3,5,4,1,0,0.3333333333333333,0.35714285714285715,0.5555555555555556,0.9126984126984128,0.22222222222222227,0.35,,0.07142857142857142,0.17857142857142858,0.03571428571428571,0.6428571428571429,0.35714285714285715,1.8,264.14285714285717,0.35714285714285715,0.5384615384615384,0.44522955556119287,-0.04640000000000005,9,5,BC,28,26,8,14,2,0,0,S5,1843,False,WWC,WWC,0.14156632880760361
3,6,6,2,1,1,0,0,1,5,1,0,0,1,0,0,0,0,0,1,0,2,1,0,0,0.3333333333333333,0.3333333333333333,0.8333333333333334,1.1666666666666667,0.5,0.25,,0.16666666666666666,0.16666666666666666,0.0,0.75,0.25,3.0,260.0,0.3333333333333333,0.8333333333333334,-0.7160586589100714,-0.3592,3,1,HK,6,6,2,5,0,0,0,S5,1844,False,MVM,MVM,-0.05081085733711763
3,7,7,4,3,1,2,0,1,9,3,0,0,1,0,0,0,0,0,0,1,0,1,0,0,0.5714285714285714,0.5714285714285714,1.2857142857142858,1.8571428571428572,0.7142857142857144,0.6,,0.14285714285714285,0.14285714285714285,0.0,0.5,0.5,1.0,177.42857142857142,0.5714285714285714,1.2857142857142858,1.8333479082190085,0.4092,1,1,BP,7,7,4,9,0,0,0,S5,1942,False,MVM,MVM,0.20759563413477194
11,30,28,6,4,3,0,2,1,13,5,1,0,10,0,0,0,0,1,0,1,0,10,2,0,0.21428571428571427,0.23333333333333334,0.4642857142857143,0.6976190476190476,0.25,0.2777777777777778,,0.03333333333333333,0.3333333333333333,0.03333333333333333,0.07142857142857142,0.9285714285714286,0.07692307692307693,228.58620689655172,0.26666666666666666,0.5,-1.328558795107349,-0.357327,1,13,S,30,28,6,14,2,0,0,S5,1943,False,2TM,TAC,-0.028880836741287386
2,4,4,0,0,0,0,0,0,0,0,0,0,2,0,0,0,0,0,0,1,0,1,0,0,0.0,0.0,0.0,0.0,0.0,0.0,,0.0,0.5,0.0,0.5,0.5,1.0,319.0,0.0,0.0,-1.6293400174130614,-0.1574,1,1,S,4,4,0,0,0,0,0,S5,1943,True,CHI,CHI,-0.1490706627053798
9,26,24,6,4,3,0,2,1,13,5,1,0,8,0,0,0,0,1,0,0,0,9,2,0,0.25,0.2692307692307692,0.5416666666666666,0.8108974358974359,0.29166666666666663,0.3125,,0.038461538461538464,0.3076923076923077,0.038461538461538464,0.0,1.0,0.0,214.12,0.3076923076923077,0.5833333333333334,0.30078122230571264,-0.19992700000000002,0,12,S,26,24,6,14,2,0,0,S5,1943,True,TAC,TAC,0.12018982596409242
14,38,37,14,9,7,2,1,4,30,9,1,0,8,0,1,0,0,0,1,7,4,3,1,0,0.3783783783783784,0.39473684210526316,0.8108108108108109,1.205547652916074,0.43243243243243246,0.4,1.0,0.10526315789473684,0.21052631578947367,0.02631578947368421,0.75,0.25,3.0,246.15384615384616,0.39473684210526316,0.7714285714285715,3.227876564184983,0.6921250000000001,12,4,HK,38,35,12,27,3,0,0,S5,1947,False,TAC,TAC,0.4544893772597985
7,16,14,3,1,2,0,0,1,6,1,2,0,3,0,0,0,0,0,1,4,1,3,0,0,0.21428571428571427,0.3125,0.42857142857142855,0.7410714285714286,0.21428571428571427,0.2,,0.0625,0.1875,0.125,0.6666666666666666,0.3333333333333333,2.0,268.5,0.3125,0.42857142857142855,-0.7771152720989456,0.3552179999999999,6,3,BC,16,14,3,6,2,0,0,S5,1949,False,TSA,TSA,-0.022258171066189224
2,6,4,0,0,0,0,0,0,0,2,0,0,0,0,0,0,0,2,1,0,2,4,0,0,0.0,0.0,0.0,0.0,0.0,0.0,,0.0,0.0,0.0,0.3333333333333333,0.6666666666666666,0.5,308.5,0.0,0.0,-2.4398971502135587,-0.04530000000000001,3,6,XB,6,6,0,0,0,0,0,S5,1951,False,SPR,SPR,-0.22319470646746636
6,16,14,4,5,1,2,1,0,8,4,1,0,1,0,0,0,0,1,0,2,1,4,3,0,0.2857142857142857,0.3125,0.5714285714285714,0.8839285714285714,0.2857142857142857,0.2857142857142857,,0.0,0.0625,0.0625,0.2727272727272727,0.7272727272727273,0.375,248.1875,0.3125,0.5714285714285714,1.1405109625654157,0.5721,3,8,S,16,14,4,8,1,1,0,S5,1952,False,YUM,YUM,0.16950445240024692
3,7,5,1,1,0,1,0,0,2,0,2,0,1,0,0,0,0,0,0,1,1,1,0,0,0.2,0.42857142857142855,0.4,0.8285714285714285,0.2,0.25,,0.0,0.14285714285714285,0.2857142857142857,0.6666666666666666,0.3333333333333333,2.0,242.28571428571428,0.42857142857142855,0.4,0.055974277909942916,-0.02120000000000001,2,1,1B,7,5,1,2,2,0,0,S5,1953,False,KTY,KTY,0.029858271103865373
8,19,17,4,5,1,0,0,3,13,6,1,0,2,1,0,0,0,1,0,2,4,3,3,0,0.23529411764705882,0.2631578947368421,0.7647058823529411,1.0278637770897832,0.5294117647058822,0.07692307692307693,,0.15789473684210525,0.10526315789473684,0.05263157894736842,0.46153846153846156,0.5384615384615384,0.8571428571428571,257.6666666666667,0.2631578947368421,0.7058823529411765,0.138663880027599,-0.238114,6,7,EN,19,17,4,12,1,1,0,S5,1954,False,GTY,GTY,0.07971724842340998
7,20,16,2,1,1,0,1,0,4,0,4,0,1,0,0,0,0,0,1,7,2,4,0,0,0.125,0.3,0.25,0.55,0.125,0.13333333333333333,,0.0,0.05,0.2,0.7142857142857143,0.2857142857142857,2.5,272.45,0.3,0.25,-2.000023295298987,-0.3236,10,4,BN,20,16,2,4,4,0,0,S5,1955,False,DAD,DAD,-0.13068563435026706
1,1,1,0,0,0,0,0,0,0,0,0,0,0,0,0,0,0,0,0,0,0,1,0,0,0.0,0.0,0.0,0.0,0.0,0.0,,0.0,0.0,0.0,0.0,1.0,0.0,269.0,0.0,0.0,-0.2634965329799808,-0.008199999999999999,0,1,SM,1,1,0,0,0,0,0,S5,1956,False,KTY,KTY,-0.0228838185390165
9,22,21,6,4,2,2,0,2,14,4,1,0,3,1,0,0,0,0,0,1,1,2,8,0,0.2857142857142857,0.3181818181818182,0.6666666666666666,0.9848484848484849,0.38095238095238093,0.25,,0.09090909090909091,0.13636363636363635,0.045454545454545456,0.16666666666666666,0.8333333333333334,0.2,250.85714285714286,0.3181818181818182,0.6666666666666666,0.9797899403400676,-0.05599999999999999,2,10,SF,22,21,6,14,1,0,0,S5,1957,False,PPP,PPP,0.1742273587316016
6,17,15,3,4,1,1,0,1,7,2,2,0,4,0,0,0,0,0,0,1,3,4,0,0,0.2,0.29411764705882354,0.4666666666666667,0.7607843137254902,0.26666666666666666,0.2,,0.058823529411764705,0.23529411764705882,0.11764705882352941,0.5,0.5,1.0,265.4117647058824,0.29411764705882354,0.4,-0.4326447787563369,0.032800000000000044,4,4,BP,17,15,3,6,2,0,0,S5,1958,False,MVM,MVM,0.015654713027053225
4,12,12,3,2,0,1,0,2,10,3,0,0,2,0,0,0,0,0,0,2,4,1,0,0,0.25,0.25,0.8333333333333334,1.0833333333333335,0.5833333333333334,0.125,,0.16666666666666666,0.16666666666666666,0.0,0.8571428571428571,0.14285714285714285,6.0,283.1666666666667,0.25,0.8333333333333334,0.14857915246361153,-0.098813,6,1,BC,12,12,3,10,0,0,0,S5,1959,False,2TM,JUP,0.056447932354140154
3,9,9,2,2,0,0,0,2,8,2,0,0,2,0,0,0,0,0,0,1,3,1,0,0,0.2222222222222222,0.2222222222222222,0.8888888888888888,1.1111111111111112,0.6666666666666666,0.0,,0.2222222222222222,0.2222222222222222,0.0,0.8,0.2,4.0,288.1111111111111,0.2222222222222222,0.8888888888888888,-0.04059774834691399,-0.072513,4,1,BC,9,9,2,8,0,0,0,S5,1959,True,TAI,TAI,0.027132737996142853
1,3,3,1,0,0,1,0,0,2,1,0,0,0,0,0,0,0,0,0,1,1,0,0,0,0.3333333333333333,0.3333333333333333,0.6666666666666666,1.0,0.3333333333333333,0.3333333333333333,,0.0,0.0,0.0,1.0,0.0,,268.3333333333333,0.3333333333333333,0.6666666666666666,0.18917690081052552,-0.0263,2,0,BC,3,3,1,2,0,0,0,S5,1959,True,JUP,JUP,0.029315194357997298
6,16,14,6,4,4,1,0,1,10,4,2,0,1,0,2,0,0,0,0,2,0,5,0,0,0.42857142857142855,0.5,0.7142857142857143,1.2142857142857144,0.28571428571428575,0.4166666666666667,1.0,0.0625,0.0625,0.125,0.2857142857142857,0.7142857142857143,0.4,170.05555555555554,0.5,0.6923076923076923,3.3347088872025745,0.4288999999999999,2,5,BP,16,13,5,9,3,0,0,S5,1960,False,GTY,GTY,0.3889242448639628
2,3,3,0,0,0,0,0,0,0,0,0,0,0,0,0,0,0,0,0,2,1,0,0,0,0.0,0.0,0.0,0.0,0.0,0.0,,0.0,0.0,0.0,1.0,0.0,,391.6666666666667,0.0,0.0,-0.9707765015377543,-0.1782,3,0,1B,3,3,0,0,0,0,0,S5,1962,False,CHI,CHI,-0.08668014587683068
4,10,9,0,1,0,0,0,0,0,0,1,0,3,0,0,0,0,0,0,2,0,1,3,0,0.0,0.1,0.0,0.1,0.0,0.0,,0.0,0.3,0.1,0.3333333333333333,0.6666666666666666,0.5,307.7,0.1,0.0,-2.0007588615936673,-0.20299999999999999,2,4,XB,10,9,0,0,1,0,0,S5,1963,False,TAI,TAI,-0.1654175385695509
9,27,25,10,10,3,2,1,4,26,8,2,0,6,2,0,0,0,0,1,1,1,3,4,0,0.4,0.4444444444444444,1.04,1.4844444444444445,0.64,0.4,,0.14814814814814814,0.2222222222222222,0.07407407407407407,0.3,0.7,0.42857142857142855,186.88,0.4444444444444444,1.04,5.970002767506083,0.5653389999999999,3,7,XB,27,25,10,26,2,0,0,S5,1964,False,WSH,WSH,0.690577815243111
2,3,3,0,0,0,0,0,0,0,0,0,0,2,1,0,0,0,0,0,0,0,0,1,0,0.0,0.0,0.0,0.0,0.0,0.0,,0.0,0.6666666666666666,0.0,0.0,1.0,0.0,282.5,0.0,0.0,-0.9318091532155308,-0.1045,0,1,S,3,3,0,0,0,0,0,S5,2076,False,PHB,PHB,-0.08278341104460833
8,23,19,8,2,6,0,1,1,13,6,4,0,3,0,4,0,0,0,0,2,0,4,2,0,0.42105263157894735,0.5217391304347826,0.6842105263157895,1.205949656750572,0.26315789473684215,0.4666666666666667,1.0,0.043478260869565216,0.13043478260869565,0.17391304347826086,0.25,0.75,0.3333333333333333,167.33333333333334,0.4782608695652174,0.65,5.545553231313692,0.387572,2,6,1B,23,20,8,13,3,0,0,S5,2206,False,ISO,ISO,0.6342695225879456
1,3,3,1,0,1,0,0,0,1,0,0,0,0,0,0,0,0,0,0,0,0,1,1,0,0.3333333333333333,0.3333333333333333,0.3333333333333333,0.6666666666666666,0.0,0.3333333333333333,,0.0,0.0,0.0,0.0,1.0,0.0,246.33333333333334,0.3333333333333333,0.3333333333333333,-0.2009931376587884,-0.053000000000000005,0,2,WC,3,3,1,1,0,0,0,S5,2207,False,SPR,SPR,-0.00970180948893409
9,16,14,5,3,1,4,0,0,9,5,1,0,1,0,1,0,1,0,0,0,1,4,3,0,0.35714285714285715,0.4,0.6428571428571429,1.042857142857143,0.28571428571428575,0.38461538461538464,1.0,0.0,0.0625,0.0625,0.125,0.875,0.14285714285714285,183.52941176470588,0.3333333333333333,0.6,2.156949690741416,0.04645000000000002,1,7,S,16,15,5,9,0,0,1,S5,2213,False,2TM,GTY,0.27114832521784693
1,3,2,0,0,0,0,0,0,0,1,1,0,0,0,1,0,0,0,0,0,1,0,1,0,0.0,0.3333333333333333,0.0,0.3333333333333333,0.0,0.0,1.0,0.0,0.0,0.3333333333333333,0.5,0.5,1.0,240.25,0.0,0.0,-0.3745962380991327,-0.017599999999999998,1,1,S,3,3,0,0,0,0,0,S5,2213,True,JUP,JUP,-0.02706211953296852
8,13,12,5,3,1,4,0,0,9,4,0,0,1,0,0,0,1,0,0,0,0,4,2,0,0.4166666666666667,0.4166666666666667,0.75,1.1666666666666667,0.3333333333333333,0.45454545454545453,,0.0,0.07692307692307693,0.0,0.0,1.0,0.0,166.07692307692307,0.4166666666666667,0.75,2.531545928840548,0.06405,0,6,S,13,12,5,9,0,0,1,S5,2213,True,GTY,GTY,0.2982104447508154
8,22,21,5,3,3,0,0,2,11,3,1,0,5,0,0,0,0,0,0,4,3,4,0,0,0.23809523809523808,0.2727272727272727,0.5238095238095238,0.7965367965367965,0.28571428571428575,0.21428571428571427,,0.09090909090909091,0.22727272727272727,0.045454545454545456,0.6363636363636364,0.36363636363636365,1.75,275.1818181818182,0.2727272727272727,0.5238095238095238,-0.09838297398696061,-0.057099999999999984,7,4,BN,22,21,5,11,1,0,0,S5,2215,False,WSH,WSH,0.06641006729889878
5,14,13,5,5,1,1,2,1,13,2,1,1,4,2,0,0,0,0,1,3,1,0,0,0,0.38461538461538464,0.42857142857142855,1.0,1.4285714285714286,0.6153846153846154,0.5,,0.07142857142857142,0.2857142857142857,0.07142857142857142,1.0,0.0,,216.1818181818182,0.42857142857142855,0.9230769230769231,1.620717411052337,0.04539999999999997,5,0,EN,14,13,5,12,1,0,0,S5,2218,False,2TM,JUP,0.21059342773097586
2,6,5,4,4,0,1,2,1,12,2,1,1,0,0,0,0,0,0,1,1,0,0,0,0,0.8,0.8333333333333334,2.4,3.2333333333333334,1.5999999999999999,0.75,,0.16666666666666666,0.0,0.16666666666666666,1.0,0.0,,115.2,0.8333333333333334,2.2,2.8314100628690486,0.18929999999999997,2,0,EN,6,5,4,11,1,0,0,S5,2218,True,LMN,LMN,0.30393601484079436
3,8,8,1,1,1,0,0,0,1,0,0,0,4,2,0,0,0,0,0,2,1,0,0,0,0.125,0.125,0.125,0.25,0.0,0.25,,0.0,0.5,0.0,1.0,0.0,,300.3333333333333,0.125,0.125,-1.2106926518167116,-0.1439,3,0,EN,8,8,1,1,0,0,0,S5,2218,True,JUP,JUP,-0.09334258710981849
10,28,26,5,3,2,1,0,2,12,4,1,0,6,0,1,0,0,1,0,3,4,4,5,0,0.19230769230769232,0.21428571428571427,0.46153846153846156,0.6758241758241759,0.2692307692307693,0.15789473684210525,1.0,0.07142857142857142,0.21428571428571427,0.03571428571428571,0.4117647058823529,0.5882352941176471,0.7,277.6896551724138,0.21428571428571427,0.46153846153846156,-3.2133965433631233,0.018111,7,10,XB,28,26,5,12,1,1,0,S5,2220,False,TSA,TSA,-0.224296281084828
2,6,6,2,1,1,0,0,1,5,1,0,0,2,0,0,0,0,0,0,0,1,1,0,0,0.3333333333333333,0.3333333333333333,0.8333333333333334,1.1666666666666667,0.5,0.3333333333333333,,0.16666666666666666,0.3333333333333333,0.0,0.5,0.5,1.0,222.66666666666666,0.3333333333333333,0.8333333333333334,-0.59124618960921,-0.11490000000000002,1,1,WC,6,6,2,5,0,0,0,S5,2221,False,CHI,CHI,-0.038329610407031506
5,13,13,4,2,2,1,0,1,8,1,0,0,3,0,0,0,0,0,0,1,1,0,4,0,0.3076923076923077,0.3076923076923077,0.6153846153846154,0.9230769230769231,0.3076923076923077,0.3333333333333333,,0.07692307692307693,0.23076923076923078,0.0,0.3333333333333333,0.6666666666666666,0.5,273.3076923076923,0.3076923076923077,0.5,0.25985469506703657,0.05964400000000002,2,4,XB,13,12,3,6,1,0,0,S5,2222,False,TAI,TAI,0.07104132137346424
6,16,16,1,1,1,0,0,0,1,0,0,0,3,0,0,0,0,0,0,3,3,1,5,0,0.0625,0.0625,0.0625,0.125,0.0,0.07692307692307693,,0.0,0.1875,0.0,0.5,0.5,1.0,325.5625,0.0625,0.0625,-3.9494133532894438,-0.281087,6,6,XB,16,16,1,1,0,0,0,S5,2224,False,PHB,PHB,-0.33948797918523904
3,9,8,4,2,2,1,1,0,7,0,1,0,1,0,1,1,0,0,0,0,2,1,0,0,0.5,0.5555555555555556,0.875,1.4305555555555556,0.375,0.5714285714285714,0.5,0.0,0.1111111111111111,0.1111111111111111,0.6666666666666666,0.3333333333333333,2.0,221.9090909090909,0.5555555555555556,0.875,0.7408756700836465,0.10729999999999999,2,1,WC,9,8,4,7,1,0,0,S5,2225,False,PHB,PHB,0.10528007983919889
5,13,9,2,2,1,0,0,1,5,2,3,1,4,0,0,0,0,1,0,0,0,2,2,0,0.2222222222222222,0.38461538461538464,0.5555555555555556,0.9401709401709402,0.33333333333333337,0.2,,0.07692307692307693,0.3076923076923077,0.23076923076923078,0.0,1.0,0.0,223.33333333333334,0.38461538461538464,0.5555555555555556,-0.6509498469505557,-0.09739999999999999,0,5,TT,13,9,2,5,3,1,0,S5,2229,False,KRB,KRB,-0.020039132828294986
5,12,12,5,4,3,0,0,2,11,3,0,0,1,0,0,0,0,0,1,1,1,2,2,0,0.4166666666666667,0.4166666666666667,0.9166666666666666,1.3333333333333333,0.49999999999999994,0.3333333333333333,,0.16666666666666666,0.08333333333333333,0.0,0.42857142857142855,0.5714285714285714,0.75,221.66666666666666,0.4166666666666667,0.9166666666666666,-0.14245050024823813,-0.1276,3,4,BP,12,12,5,11,0,0,0,S5,2230,False,CHI,CHI,0.027344967082955186
3,7,7,2,1,0,2,0,0,4,0,0,0,1,0,0,1,0,0,0,1,0,1,2,0,0.2857142857142857,0.2857142857142857,0.5714285714285714,0.8571428571428571,0.2857142857142857,0.3333333333333333,0.0,0.0,0.14285714285714285,0.0,0.25,0.75,0.3333333333333333,273.25,0.2857142857142857,0.5714285714285714,-0.9875610244598905,-0.07597399999999999,1,3,XB,7,7,2,4,0,0,0,S5,2234,False,WWC,WWC,-0.07449525913311797
8,15,14,2,1,0,1,0,1,6,1,1,0,1,0,0,0,0,0,1,2,1,5,3,0,0.14285714285714285,0.2,0.42857142857142855,0.6285714285714286,0.2857142857142857,0.08333333333333333,,0.06666666666666667,0.06666666666666667,0.06666666666666667,0.3333333333333333,0.6666666666666666,0.5,261.93333333333334,0.2,0.42857142857142855,-1.7253250934917772,-0.1588,4,8,BP,15,14,2,6,1,0,0,S5,2236,False,PPP,PPP,-0.12054498796445397
6,16,12,0,3,0,0,0,0,0,0,4,0,3,0,0,0,0,0,0,2,2,4,1,0,0.0,0.25,0.0,0.25,0.0,0.0,,0.0,0.1875,0.25,0.4444444444444444,0.5555555555555556,0.8,288.75,0.1875,0.0,-3.463630559338406,-0.285327,4,5,WC,16,13,0,0,3,0,0,S5,2239,False,CHI,CHI,-0.29090969979013526
3,8,6,2,2,1,0,0,1,5,1,2,0,2,1,0,0,0,0,0,1,0,0,1,0,0.3333333333333333,0.5,0.8333333333333334,1.3333333333333335,0.5,0.3333333333333333,,0.125,0.25,0.25,0.5,0.5,1.0,198.14285714285714,0.5,0.8333333333333334,0.4152658510157167,0.12450000000000001,1,1,XB,8,6,2,5,2,0,0,S5,2240,False,YUM,YUM,0.06925326317342434
6,17,15,4,3,1,1,0,2,11,3,2,0,4,0,0,0,0,0,0,2,3,2,0,0,0.26666666666666666,0.35294117647058826,0.7333333333333333,1.0862745098039215,0.4666666666666666,0.2222222222222222,,0.11764705882352941,0.23529411764705882,0.11764705882352941,0.7142857142857143,0.2857142857142857,2.5,255.94117647058823,0.35294117647058826,0.7333333333333333,0.3297712908260361,-0.1715,5,2,1B,17,15,4,11,2,0,0,S5,2241,False,2TM,JUP,0.09189631998529053
2,6,6,1,0,1,0,0,0,1,0,0,0,3,0,0,0,0,0,0,0,2,0,0,0,0.16666666666666666,0.16666666666666666,0.16666666666666666,0.3333333333333333,0.0,0.3333333333333333,,0.0,0.5,0.0,1.0,0.0,,340.6666666666667,0.16666666666666666,0.16666666666666666,-0.9554300184412081,-0.09720000000000001,2,0,1B,6,6,1,1,0,0,0,S5,2241,True,LMN,LMN,-0.07474799329023132
4,11,9,3,3,0,1,0,2,10,3,2,0,1,0,0,0,0,0,0,2,1,2,0,0,0.3333333333333333,0.45454545454545453,1.1111111111111112,1.5656565656565657,0.7777777777777779,0.16666666666666666,,0.18181818181818182,0.09090909090909091,0.18181818181818182,0.6,0.4,1.5,209.72727272727272,0.45454545454545453,1.1111111111111112,1.2852013092672447,-0.0743,3,2,1B,11,9,3,10,2,0,0,S5,2241,True,JUP,JUP,0.1666443132755219
8,21,18,4,3,1,1,0,2,11,3,3,0,4,0,0,0,0,0,1,3,3,1,3,0,0.2222222222222222,0.3333333333333333,0.6111111111111112,0.9444444444444444,0.38888888888888895,0.16666666666666666,,0.09523809523809523,0.19047619047619047,0.14285714285714285,0.6363636363636364,0.36363636363636365,1.75,268.4761904761905,0.2857142857142857,0.631578947368421,-0.930858311231495,-0.286219,7,4,XB,21,19,4,12,2,0,0,S5,2242,False,TSA,TSA,-0.02030330118453625
5,16,14,3,2,2,0,0,1,6,2,2,0,0,0,0,0,0,0,1,2,5,2,2,0,0.21428571428571427,0.3125,0.42857142857142855,0.7410714285714286,0.21428571428571427,0.15384615384615385,,0.0625,0.0,0.125,0.6666666666666666,0.3333333333333333,2.0,265.625,0.3125,0.42857142857142855,-0.7685286178648092,0.14310000000000006,8,4,MH,16,14,3,6,2,0,0,S5,2243,False,2TM,JUP,-0.021399505642775585
1,3,3,1,0,1,0,0,0,1,0,0,0,0,0,0,0,0,0,0,0,2,0,0,0,0.3333333333333333,0.3333333333333333,0.3333333333333333,0.6666666666666666,0.0,0.3333333333333333,,0.0,0.0,0.0,1.0,0.0,,321.0,0.3333333333333333,0.3333333333333333,-0.052967117283255316,-0.013199999999999996,2,0,MH,3,3,1,1,0,0,0,S5,2243,True,LMN,LMN,0.005100792548619218
4,13,11,2,2,1,0,0,1,5,2,2,0,0,0,0,0,0,0,1,2,3,2,2,0,0.18181818181818182,0.3076923076923077,0.45454545454545453,0.7622377622377623,0.2727272727272727,0.1,,0.07692307692307693,0.0,0.15384615384615385,0.6,0.4,1.5,252.84615384615384,0.3076923076923077,0.45454545454545453,-0.7155615005815538,0.15630000000000002,6,4,MH,13,11,2,5,2,0,0,S5,2243,True,JUP,JUP,-0.026500298191394794
3,7,7,2,1,2,0,0,0,2,0,0,0,1,1,0,0,0,0,0,2,1,1,0,0,0.2857142857142857,0.2857142857142857,0.2857142857142857,0.5714285714285714,0.0,0.3333333333333333,,0.0,0.14285714285714285,0.0,0.75,0.25,3.0,283.0,0.2857142857142857,0.16666666666666666,-1.3108228512556104,-0.20239999999999997,3,1,WC,7,6,1,1,1,0,0,S5,2244,False,CHI,CHI,-0.10682144181268996
6,17,17,5,1,5,0,0,0,5,1,0,0,3,1,0,0,0,0,0,1,1,6,1,0,0.29411764705882354,0.29411764705882354,0.29411764705882354,0.5882352941176471,0.0,0.35714285714285715,,0.0,0.17647058823529413,0.0,0.2222222222222222,0.7777777777777778,0.2857142857142857,248.875,0.29411764705882354,0.25,-1.5590479077608996,-0.14639999999999997,2,7,SM,17,16,4,4,1,0,0,S5,2246,False,ISO,ISO,-0.09698559987340305
1,2,2,1,0,1,0,0,0,1,0,0,0,0,0,0,0,0,0,0,1,0,0,0,0,0.5,0.5,0.5,1.0,0.0,0.5,,0.0,0.0,0.0,1.0,0.0,,166.0,0.5,0.5,0.048932659489706376,-0.008000000000000004,1,0,MH,2,2,1,1,0,0,0,S5,2249,False,LMN,LMN,0.011824935466933804
4,12,10,2,0,1,1,0,0,3,0,2,0,0,0,0,0,0,0,3,4,3,1,0,0,0.2,0.3333333333333333,0.3,0.6333333333333333,0.09999999999999998,0.2,,0.0,0.0,0.16666666666666666,0.9090909090909091,0.09090909090909091,10.0,278.6666666666667,0.3333333333333333,0.3,-2.550010950339729,-0.5589999999999999,10,1,MH,12,10,2,3,2,0,0,S5,2251,False,DAD,DAD,-0.2134110779261939
4,12,10,3,3,3,0,0,0,3,0,2,0,1,0,1,0,0,0,0,4,1,1,0,0,0.3,0.4166666666666667,0.3,0.7166666666666667,0.0,0.3333333333333333,1.0,0.0,0.08333333333333333,0.16666666666666666,0.8333333333333334,0.16666666666666666,5.0,249.3846153846154,0.4166666666666667,0.3,0.15416000440608224,0.04059999999999998,5,1,BC,12,10,3,3,2,0,0,S5,2252,False,2TM,MVM,0.057006017548387224
2,6,5,2,2,2,0,0,0,2,0,1,0,0,0,0,0,0,0,0,3,0,0,0,0,0.4,0.5,0.4,0.9,0.0,0.4,,0.0,0.0,0.16666666666666666,1.0,0.0,,264.5,0.5,0.4,0.3065202019995209,-0.00910000000000001,3,0,BC,6,5,2,2,1,0,0,S5,2252,True,LMN,LMN,0.05144702875384159
2,6,5,1,1,1,0,0,0,1,0,1,0,1,0,1,0,0,0,0,1,1,1,0,0,0.2,0.3333333333333333,0.2,0.5333333333333333,0.0,0.25,1.0,0.0,0.16666666666666666,0.16666666666666666,0.6666666666666666,0.3333333333333333,2.0,236.42857142857142,0.3333333333333333,0.2,-0.15236019759343866,0.049699999999999994,2,1,BC,6,5,1,1,1,0,0,S5,2252,True,MVM,MVM,0.005558988794545633
4,11,8,2,0,2,0,0,0,2,2,3,0,2,1,0,1,0,0,1,2,1,1,0,0,0.25,0.45454545454545453,0.25,0.7045454545454546,0.0,0.3333333333333333,0.0,0.0,0.18181818181818182,0.2727272727272727,0.8,0.2,4.0,276.1818181818182,0.36363636363636365,0.3333333333333333,-0.5314440950574382,-0.049100000000000005,4,1,1B,11,9,2,3,2,0,0,S5,2253,False,2TM,PPP,-0.015020227156946397
1,3,2,0,0,0,0,0,0,0,0,1,0,1,1,0,0,0,0,1,1,0,0,0,0,0.0,0.3333333333333333,0.0,0.3333333333333333,0.0,0.0,,0.0,0.3333333333333333,0.3333333333333333,1.0,0.0,,293.5,0.0,0.0,-1.2750774943100929,-0.1583,2,0,1B,3,3,0,0,0,0,0,S5,2253,True,LMN,LMN,-0.11711024515406454
3,8,6,2,0,2,0,0,0,2,2,2,0,1,0,0,1,0,0,0,1,1,1,0,0,0.3333333333333333,0.5,0.3333333333333333,0.8333333333333333,0.0,0.4,0.0,0.0,0.125,0.25,0.6666666666666666,0.3333333333333333,2.0,272.3333333333333,0.5,0.5,0.7436333992526547,0.10919999999999999,2,1,1B,8,6,2,3,2,0,0,S5,2253,True,PPP,PPP,0.10209001799711814
7,18,14,5,4,2,0,0,3,14,6,4,0,7,2,0,0,0,0,0,1,0,1,0,0,0.35714285714285715,0.5,1.0,1.5,0.6428571428571428,0.5,,0.16666666666666666,0.3888888888888889,0.2222222222222222,0.5,0.5,1.0,177.6875,0.4444444444444444,0.9285714285714286,3.6811479047246136,0.598768,1,1,TT,18,14,4,13,4,0,0,S5,2254,False,TAC,TAC,0.4304998161341299
4,8,7,1,2,1,0,0,0,1,0,1,0,3,1,0,0,0,0,0,2,1,0,0,0,0.14285714285714285,0.25,0.14285714285714285,0.39285714285714285,0.0,0.25,,0.0,0.375,0.125,1.0,0.0,,288.7142857142857,0.25,0.14285714285714285,-1.317535081302998,-0.05593600000000001,3,0,1B,8,7,1,1,1,0,0,S5,2255,False,TAI,TAI,-0.10402683005844712
2,3,1,1,0,1,0,0,0,1,0,2,0,0,0,0,0,0,0,0,0,0,0,0,0,1.0,1.0,1.0,2.0,0.0,1.0,,0.0,0.0,0.6666666666666666,,,,112.0,1.0,1.0,1.0251387042611406,0.0063219999999999995,0,0,1B,3,1,1,1,2,0,0,S5,2256,False,TSA,TSA,0.11291137470305881
2,3,3,0,0,0,0,0,0,0,0,0,0,0,0,0,0,0,0,0,1,0,1,1,0,0.0,0.0,0.0,0.0,0.0,0.0,,0.0,0.0,0.0,0.3333333333333333,0.6666666666666666,0.5,293.3333333333333,0.0,0.0,-0.6830548926014319,-0.0831,1,2,1B,3,3,0,0,0,0,0,S5,2258,False,PHB,PHB,-0.05790798498319845
2,5,4,3,3,0,0,0,3,12,6,1,0,0,0,0,0,0,0,0,0,1,0,0,0,0.75,0.8,3.0,3.8,2.25,0.0,,0.6,0.0,0.2,1.0,0.0,,142.2,0.8,2.5,4.561988428566545,0.40509999999999996,1,0,BP,5,4,3,10,1,0,0,S5,2260,False,TAI,TAI,0.47352801665156247
4,9,8,2,1,0,2,0,0,4,1,1,0,0,0,0,0,0,0,0,2,0,4,0,0,0.25,0.3333333333333333,0.5,0.8333333333333333,0.25,0.25,,0.0,0.0,0.1111111111111111,0.3333333333333333,0.6666666666666666,0.5,203.33333333333334,0.3333333333333333,0.5,0.32497793728499746,0.120882,2,4,S,9,8,2,4,1,0,0,S5,2261,False,RKT,RKT,0.063690306559334
3,8,7,1,1,1,0,0,0,1,1,1,0,1,0,0,0,0,0,1,1,2,0,2,0,0.14285714285714285,0.25,0.14285714285714285,0.39285714285714285,0.0,0.16666666666666666,,0.0,0.125,0.125,0.6666666666666666,0.3333333333333333,2.0,318.375,0.25,0.14285714285714285,-1.2600420830712842,-0.214,4,2,SF,8,7,1,1,1,0,0,S5,2262,False,SAR,SAR,-0.09827753023527575
1,2,2,0,0,0,0,0,0,0,0,0,0,1,1,0,0,0,0,0,0,0,0,1,0,0.0,0.0,0.0,0.0,0.0,0.0,,0.0,0.5,0.0,0.0,1.0,0.0,263.0,0.0,0.0,-0.4881354869129389,-0.043800000000000006,0,1,XB,2,2,0,0,0,0,0,S5,2266,False,RKT,RKT,-0.04188187917333072
8,18,12,2,0,0,1,0,1,6,2,6,0,0,0,0,0,0,0,0,2,2,3,3,0,0.16666666666666666,0.4444444444444444,0.5,0.9444444444444444,0.33333333333333337,0.09090909090909091,,0.05555555555555555,0.0,0.3333333333333333,0.4,0.6,0.6666666666666666,252.33333333333334,0.3333333333333333,0.5,0.040928783932863755,0.060925999999999994,4,6,BN,18,14,3,7,3,1,0,S5,2270,False,SPR,SPR,0.06647790405495488
1,3,3,2,2,0,2,0,0,4,0,0,0,0,0,0,0,0,0,0,0,0,0,1,0,0.6666666666666666,0.6666666666666666,1.3333333333333333,2.0,0.6666666666666666,0.6666666666666666,,0.0,0.0,0.0,0.0,1.0,0.0,128.33333333333334,0.6666666666666666,1.3333333333333333,0.921199973201895,0.0785,0,1,S,3,3,2,4,0,0,0,S5,2274,False,LMN,LMN,0.10251750159713424
2,5,5,2,2,1,0,0,1,5,1,0,0,2,0,0,0,0,0,0,0,0,1,0,0,0.4,0.4,1.0,1.4,0.6,0.5,,0.2,0.4,0.0,0.0,1.0,0.0,192.8,0.4,1.0,-0.2819255939115504,0.0337,0,1,TT,5,4,1,4,1,0,0,S5,2276,False,TAI,TAI,-0.010863385596247124
1,3,2,0,1,0,0,0,0,0,0,1,0,0,0,0,0,0,0,0,0,0,2,0,0,0.0,0.3333333333333333,0.0,0.3333333333333333,0.0,0.0,,0.0,0.0,0.3333333333333333,0.0,1.0,0.0,195.33333333333334,0.3333333333333333,0.0,-0.233998288827847,-0.045899999999999996,0,2,S,3,2,0,0,1,0,0,S5,2277,False,NUL,NUL,-0.013002324605839952
