Game ID,Season,Display Season,Session,HR,3B,2B,1B,BB,IBB,Auto BB,FO,SO,PO,RGO,LGO,DP,SB,CS,H,BF,IP,ER,RE24,WAR,WPA,300+ Pitches,400+ Pitches,Teams
1001,1,S1,1,3,0,3,9,5,0,0,8,7,1,0,14,3,0,0,15,50,11.0,10,4.0769230769230775,-0.17285985067005605,-0.2564,20,12,TOR @ ATL
1002,1,S1,1,3,0,2,4,2,0,0,11,11,2,0,9,0,0,0,9,44,11.0,5,-0.9230769230769229,0.29896025448727376,0.15099999999999997,19,6,MIN (S1-2) @ PHI
1003,1,S1,1,2,1,5,7,3,0,0,13,15,1,0,12,1,0,0,15,59,14.0,7,-2.2532051282051273,0.5024228121067698,0.6915999999999999,28,14,HOU @ ARI
1004,1,S1,1,3,0,2,10,5,0,0,14,8,3,0,9,2,0,0,15,54,12.0,7,0.5384615384615387,0.19977289973787798,0.22519999999999998,20,10,PIT @ OAK
1005,1,S1,1,0,1,2,8,3,0,0,11,15,2,0,7,1,0,0,11,49,12.0,6,-0.461538461538461,0.27628965403565275,-0.23039999999999977,22,11,WSH (S1-2) @ MIL
1006,1,S1,1,0,0,3,8,1,0,0,17,10,2,0,9,1,0,0,11,50,13.0,2,-4.178348806366047,0.6526673376588564,1.179,20,9,TEX @ DET
1007,1,S1,2,3,2,0,6,1,0,0,9,5,4,0,14,4,0,0,11,44,12.0,5,-1.4615384615384612,0.3528064083334276,0.16680000000000003,22,11,DET @ MIN (S1-2)
1008,1,S1,2,4,1,6,13,4,0,0,9,9,2,0,11,5,0,0,24,59,12.0,13,7.484294871794873,-0.47132718789323025,-0.2758000000000001,17,12,WSH (S1-2) @ ARI
1009,1,S1,2,0,1,4,6,7,0,0,10,12,4,0,18,3,0,0,11,62,15.666666666666666,7,-6.7198717948717945,0.9631794261947716,1.580799999999999,31,19,MIL @ ATL
1010,1,S1,2,1,1,5,6,8,0,0,8,7,3,0,13,5,0,0,13,52,12.0,4,-1.515705128205128,0.3957962681236546,0.3663999999999999,20,13,HOU @ TEX
1011,1,S1,2,2,1,3,6,0,0,0,10,8,3,0,10,2,0,0,12,43,11.0,6,-0.6564102564102563,0.26759693868016204,-0.05380000000000009,19,9,PHI @ OAK
1012,1,S1,2,0,0,0,10,6,0,0,8,9,5,0,10,1,0,0,10,48,11.0,3,-2.210576923076923,0.4464968510490539,0.4328000000000001,20,10,PIT @ TOR
1013,1,S1,3,2,1,2,10,2,0,0,12,7,1,0,12,1,0,0,15,49,11.0,9,3.076923076923077,-0.07755649981050108,-0.0878,16,10,MIL @ DET
1014,1,S1,3,2,0,4,6,2,0,0,8,13,0,0,10,2,0,0,12,45,11.0,6,0.0769230769230771,0.20365690362771882,-0.05500000000000007,21,9,MIN (S1-2) @ ARI
1015,1,S1,3,2,2,2,5,3,0,0,6,8,1,1,14,3,0,0,11,44,11.0,5,-0.9230769230769224,0.29896025448727365,0.16160000000000002,22,10,TOR @ PIT
1016,1,S1,3,1,1,3,8,5,0,0,11,10,1,0,10,3,0,1,13,50,12.0,5,-1.4615384615384617,0.38568295231654287,-0.20159999999999995,16,9,WSH (S1-2) @ ATL
1017,1,S1,3,1,0,3,5,5,0,0,14,5,5,0,10,2,0,0,9,48,12.0,4,-2.4615384615384612,0.4715930048952077,0.42540000000000006,17,11,OAK @ HOU
1018,1,S1,3,4,1,4,6,10,0,0,10,8,3,0,9,3,0,0,15,55,11.0,13,7.076923076923077,-0.44937660496783083,-0.8659999999999998,20,10,TEX @ PHI
1019,1,S1,4,2,0,2,4,5,0,0,14,12,1,0,8,1,0,0,8,48,12.0,3,-3.4615384615384612,0.5715930048952078,0.5164,15,9,WSH (S1-2) @ TEX
1020,1,S1,4,0,0,3,6,7,0,0,8,11,0,0,12,4,1,0,9,47,11.666666666666666,3,-2.491740324892498,0.4746131912306114,0.35880000000000023,19,8,DET @ PHI
1021,1,S1,4,2,0,5,7,4,0,0,7,6,0,0,19,4,0,0,14,50,12.0,7,0.538461538461539,0.1809863031760978,-0.8598000000000005,20,16,ATL @ HOU
1022,1,S1,4,1,0,1,8,7,1,0,13,12,4,0,4,0,1,3,10,50,12.0,5,-1.461538461538461,0.39977289973787794,0.6078,19,4,OAK @ MIN (S1-2)
1023,1,S1,4,3,0,2,9,1,0,0,11,13,7,0,5,0,0,0,14,51,12.0,4,-2.4615384615384612,0.48568295231654285,0.23019999999999988,18,2,ARI @ TOR
1024,1,S1,4,1,2,1,6,5,0,0,7,7,4,0,13,4,0,1,10,46,12.0,5,-1.4615384615384612,0.3668963557547627,0.1496,22,13,PIT @ MIL
1025,1,S1,5,4,0,1,9,8,0,1,10,5,6,0,10,3,0,0,14,53,11.333333333333334,10,3.882376882376883,-0.13931528379410144,-0.7754,16,8,DET @ MIL
1026,1,S1,5,4,1,2,9,6,0,0,12,16,1,0,9,1,0,0,16,60,13.0,11,4.346794871794872,-0.15288053875278523,-0.37579999999999986,21,14,TOR @ TEX
1027,1,S1,5,3,0,4,9,3,0,0,7,15,1,0,8,2,0,0,16,50,11.0,11,5.076923076923077,-0.272859850670056,-0.8580000000000003,16,9,HOU @ PIT
1028,1,S1,5,1,0,6,7,2,0,0,13,7,1,0,13,2,0,0,14,50,12.0,3,-2.4615384615384612,0.48098630317609786,0.4023999999999999,19,11,ATL @ OAK
1029,1,S1,5,6,1,7,5,3,2,0,10,9,2,0,17,3,0,1,19,60,14.0,14,3.7467948717948723,-0.08818388961234015,-0.04820000000000013,26,12,PHI @ WSH (S1-2)
1030,1,S1,5,1,0,2,8,1,0,0,8,11,0,0,10,4,0,0,11,41,11.0,1,-4.9230769230769225,0.6848703070659387,0.7636000000000002,18,9,ARI @ MIN (S1-2)
1031,1,S1,6,1,0,2,14,5,1,0,11,7,2,0,10,4,0,0,17,52,11.333333333333334,7,2.2803970223325063,0.01618605306989107,-0.29620000000000013,18,10,TEX @ ATL
1032,1,S1,6,5,0,3,6,3,0,0,13,9,2,0,10,2,0,0,14,51,12.0,11,4.366877687529861,-0.1971586625902895,-0.3768,19,9,ARI @ DET
1033,1,S1,6,2,2,3,13,5,0,0,16,10,1,0,7,1,6,1,20,59,12.0,13,6.538461538461538,-0.3532606088576717,-0.4594,18,9,WSH (S1-2) @ PIT
1034,1,S1,6,2,0,2,5,3,1,0,7,10,0,0,16,3,0,0,9,45,12.0,3,-3.461538461538461,0.5575030574738726,0.5486,22,11,MIN (S1-2) @ HOU
1035,1,S1,6,1,2,0,5,2,0,0,8,6,4,0,14,1,1,0,8,42,11.0,5,-0.9230769230769228,0.2942636053468287,0.23979999999999996,23,10,MIL @ OAK
1036,1,S1,6,3,0,3,10,2,0,0,10,12,4,0,8,2,1,0,16,52,12.0,12,4.724175824175824,-0.2234951779739957,-0.44340000000000007,19,9,TOR @ PHI
1037,1,S1,7,1,0,4,10,2,0,0,10,13,0,0,10,2,0,1,15,50,12.0,7,0.5384615384615388,0.18568295231654283,0.003799999999999956,22,11,MIN (S1-2) @ ATL
1038,1,S1,7,4,2,2,11,4,0,0,15,14,1,0,4,1,1,1,19,57,12.0,16,9.538461538461538,-0.6767438545598969,-0.05239999999999999,14,8,PHI @ HOU
1039,1,S1,7,1,0,3,9,5,0,0,6,6,2,0,13,6,1,0,13,45,11.0,3,-2.923076923076923,0.5083535527681637,0.516,19,10,OAK @ TOR
1040,1,S1,7,1,0,3,9,6,0,0,7,7,3,0,15,4,0,0,13,51,12.0,6,-0.46153846153846123,0.28568295231654284,0.11480000000000007,25,11,MIL @ ARI
1041,1,S1,7,1,0,4,4,3,0,1,12,10,1,0,13,0,1,0,9,48,12.0,4,-2.4615384615384617,0.4762896540356528,0.006800000000000115,24,16,PIT @ TEX
1042,1,S1,7,2,0,1,9,6,0,1,8,14,2,0,10,1,1,1,12,52,12.0,7,0.5384615384615388,0.19977289973787793,0.04720000000000009,23,13,DET @ WSH (S1-2)
2001,2,S2,1,3,0,1,7,1,0,0,9,4,1,10,7,2,1,0,11,43,11.0,5,-1.6495023799221116,0.355579113533996,0.04319999999999996,19,13,SDP @ PHI
2002,2,S2,1,1,1,4,5,2,0,0,10,11,1,6,6,2,0,0,11,47,12.0,5,-2.254002596278667,0.429026558502046,0.4196,24,13,SEA (S2) @ OAK
2003,2,S2,1,1,1,2,5,7,0,0,13,19,0,3,1,0,0,0,9,52,12.0,4,-3.254002596278667,0.5506889307227034,0.26819999999999994,20,4,TEX @ BOS
2004,2,S2,1,3,0,4,8,5,0,0,10,11,0,5,7,3,0,0,15,53,12.0,9,1.5720878824766475,0.0724123572913034,-0.24279999999999985,18,12,CIN @ DET
2005,2,S2,1,2,0,3,9,3,0,0,9,7,2,4,9,4,0,1,14,48,12.0,4,-3.254002596278667,0.537691507390309,0.08959999999999987,20,12,ATL @ SFG
2006,2,S2,1,3,4,1,10,4,0,0,15,8,1,7,4,0,0,1,18,57,12.0,15,8.036958896425901,-0.5524123718829644,-0.18219999999999986,18,12,HOU @ LAD
2007,2,S2,1,4,0,2,10,3,0,1,7,8,3,7,6,2,0,0,16,50,11.0,9,0.9194653953891013,0.12467718266766362,0.1497999999999999,20,9,MIL @ PIT
2008,2,S2,1,5,0,4,11,7,0,0,12,11,4,4,1,1,0,0,20,59,11.0,13,6.350497620077888,-0.3794337698040319,-0.17419999999999997,20,4,ARI @ COL
2009,2,S2,1,3,0,6,7,5,0,0,9,2,3,11,7,4,0,0,16,53,12.0,9,1.7459974037213328,0.055021405166834854,-0.07619999999999999,22,12,MIN (S1-2) @ CLE
2010,2,S2,1,3,0,2,8,6,0,0,9,8,3,6,5,4,0,1,13,50,12.0,11,3.7459974037213324,-0.15364354372142808,-0.3373999999999999,17,11,WSH (S1-2) @ STL
2011,2,S2,1,2,1,3,12,3,0,0,10,3,5,11,7,0,0,0,18,57,12.0,7,-0.25400259627866745,0.2723513029433608,0.020800000000000013,23,8,TOR @ TBR
2012,2,S2,2,2,0,4,7,2,0,0,12,12,3,1,3,1,1,1,13,46,11.0,5,-1.6495023799221116,0.3729090113105219,0.2828000000000001,20,9,PHI @ MIL
2013,2,S2,2,1,0,1,11,3,0,0,11,9,2,7,3,4,0,0,13,48,12.0,6,-1.2540025962786672,0.3333590329461776,-0.06740000000000007,18,6,CLE @ HOU
2014,2,S2,2,5,0,1,7,7,0,0,5,11,1,4,9,4,0,0,13,50,11.333333333333334,9,2.1048781823101406,0.006135903975559673,-0.5194000000000001,22,15,BOS @ TOR
2015,2,S2,2,0,0,3,7,5,1,0,11,12,2,4,3,2,0,0,10,48,11.666666666666666,3,-3.5429934219667407,0.5622581155149848,-0.02240000000000017,20,7,LAD @ ARI
2016,2,S2,2,4,1,2,11,4,0,0,3,9,2,8,6,5,0,0,18,50,11.0,8,1.3504976200778884,0.08157396019878492,-0.17220000000000005,21,9,PIT @ SDP
2017,2,S2,2,0,0,3,7,1,0,0,9,9,1,4,7,2,0,0,10,42,11.0,3,-3.6495023799221116,0.5469141646457331,0.41519999999999996,15,12,WSH (S1-2) @ SFG
2018,2,S2,2,3,0,3,4,1,0,0,7,9,4,6,7,0,0,0,10,44,11.0,4,-2.6495023799221116,0.45557911353399605,0.19759999999999997,23,10,COL @ ATL
2019,2,S2,2,1,0,0,6,2,0,0,10,8,3,4,8,2,0,0,7,42,11.666666666666666,1,-6.111961197277953,0.7931600463813173,0.6661999999999997,22,13,STL @ MIN (S1-2)
2020,2,S2,2,2,3,5,10,8,2,0,8,12,2,2,5,4,1,0,20,57,11.0,15,8.350497620077888,-0.5837662442481634,-0.7474,18,8,DET @ SEA (S2)
2021,2,S2,2,1,2,3,4,2,0,0,8,12,0,6,5,2,0,0,10,43,11.0,3,-3.6495023799221116,0.5512466390898645,0.22639999999999982,23,12,OAK @ CIN
2022,2,S2,2,2,1,2,8,6,0,0,8,17,1,8,9,3,0,0,13,62,16.0,7,-7.266541270761651,0.9952675426123165,2.2988,30,16,TBR @ TEX
2023,2,S2,3,5,0,1,10,4,1,0,11,8,2,3,5,3,1,1,16,49,11.0,12,5.350497620077888,-0.31409356535708366,-0.7168000000000002,17,7,CIN @ TBR
2024,2,S2,3,3,0,2,10,3,0,0,15,11,0,3,3,1,0,0,15,50,11.0,9,2.3504976200778884,-0.01842603980121512,-0.3974000000000001,13,4,SEA (S2) @ CLE
2025,2,S2,3,1,1,2,6,2,0,0,6,11,3,6,6,1,0,0,10,44,11.0,3,-3.6495023799221116,0.555579113533996,0.4544000000000001,24,11,TEX @ DET
2026,2,S2,3,0,0,6,4,5,0,0,15,11,1,3,4,2,0,0,10,49,12.0,6,-1.2540025962786672,0.337691507390309,0.23979999999999987,17,6,TOR @ COL
2027,2,S2,3,0,0,5,3,5,0,0,10,8,1,10,5,2,0,0,8,47,12.0,3,-4.254002596278667,0.629026558502046,0.33179999999999993,24,14,HOU @ OAK
2028,2,S2,3,3,0,6,6,5,0,0,16,13,1,2,1,0,2,0,15,53,11.0,12,5.350497620077888,-0.2967636675805577,-0.1796,14,2,ARI @ SFG
2029,2,S2,3,3,0,0,9,5,0,0,8,10,2,5,8,3,0,0,12,50,12.0,4,-3.254002596278667,0.5420239818344404,0.5531999999999999,21,13,ATL @ PHI
2030,2,S2,3,2,1,3,8,5,3,0,13,14,2,4,5,1,0,0,14,59,13.666666666666666,6,-3.7187027703116615,0.6274862692349231,0.5322000000000002,20,9,MIN (S1-2) @ BOS
2031,2,S2,3,2,1,3,5,5,0,1,12,11,1,8,1,0,0,0,11,49,11.0,7,0.3504976200778882,0.17724148575465348,-0.08360000000000005,19,8,WSH (S1-2) @ PIT
2032,2,S2,3,5,0,3,4,6,0,1,4,6,0,3,7,2,1,0,12,38,7.333333333333333,13,8.522879047736362,-0.6833214014525087,-0.2597000000000001,12,9,SDP @ LAD
2033,2,S2,3,3,0,2,14,8,0,2,11,15,2,6,4,3,0,0,19,65,13.666666666666666,13,3.6570223281495537,-0.08409139394640952,-1.0994,25,10,MIL @ STL
2034,2,S2,4,1,1,4,10,6,1,0,9,9,4,6,2,3,0,0,16,52,11.0,10,2.3504976200778884,-0.00976109091295212,-0.2552,19,6,PHI @ CIN
2035,2,S2,4,3,1,2,7,3,0,0,14,13,1,2,1,1,0,1,13,47,11.0,8,1.3504976200778884,0.07290901131052194,-0.31880000000000003,12,5,OAK @ MIN (S1-2)
2036,2,S2,4,4,0,2,11,9,1,0,11,11,2,8,9,4,0,2,17,68,16.0,12,-2.2665412707616506,0.5299273381653683,0.7132000000000002,30,15,STL @ ARI
2037,2,S2,4,0,0,3,8,3,0,0,11,6,1,6,8,3,0,0,11,46,11.666666666666666,3,-3.7362360988167387,0.5729174343117216,0.4186000000000001,16,10,COL @ SDP
2038,2,S2,4,2,0,1,8,5,0,1,11,16,1,2,5,1,0,0,11,51,12.0,5,-2.254002596278667,0.4463564562785719,-0.06959999999999988,18,7,DET @ TOR
2039,2,S2,4,1,1,2,5,1,0,0,15,4,1,10,3,0,0,0,9,43,11.0,5,-1.6495023799221116,0.3512466390898646,0.11540000000000002,17,7,CLE @ TEX
2040,2,S2,4,1,1,2,6,6,0,1,7,6,0,9,7,4,0,0,10,45,11.0,4,-2.6495023799221116,0.45991158797812753,0.1926,21,14,SFG @ MIL
2041,2,S2,4,4,0,5,8,7,0,1,8,11,2,6,6,3,0,0,17,57,12.0,12,4.745997403721333,-0.22764869705663923,-0.7611999999999999,19,13,PIT @ ATL
2042,2,S2,4,1,0,0,9,3,0,0,5,13,0,9,6,2,1,1,10,46,12.0,4,-3.254002596278667,0.5333590329461775,0.17860000000000004,26,12,TBR @ HOU
2043,2,S2,4,1,0,4,12,9,0,1,11,12,0,3,4,3,0,0,17,56,11.0,11,4.350497620077888,-0.1924311931364263,0.12039999999999994,12,6,BOS @ SEA (S2)
2044,2,S2,4,1,1,2,10,7,0,0,6,8,2,5,6,2,2,1,14,48,10.0,11,4.954997836434444,-0.2745435869927392,-0.4721,23,13,LAD @ WSH (S1-2)
2045,2,S2,5,1,0,3,11,2,0,0,7,15,1,3,3,4,0,0,15,46,11.0,6,-0.6495023799221116,0.26424406242225906,-0.2184000000000001,20,7,TEX @ OAK
2046,2,S2,5,2,0,2,1,2,0,0,8,6,2,6,10,1,0,0,5,39,11.0,2,-4.649502379922112,0.6339167413133386,0.5674000000000001,20,10,MIN (S1-2) @ TBR
2047,2,S2,5,4,0,3,8,2,0,0,13,10,2,5,2,1,0,0,15,49,11.0,8,1.3504976200778884,0.07724148575465342,-0.2202000000000001,17,9,SEA (S2) @ SFG
2048,2,S2,5,1,0,2,3,5,1,1,7,10,1,7,4,2,2,2,6,41,11.333333333333334,1,-5.895121817689859,0.7844735317549023,0.6661999999999999,19,7,WSH (S1-2) @ PHI
2049,2,S2,5,2,0,4,6,4,0,0,8,7,3,11,6,1,0,0,12,51,12.0,8,0.7459974037213328,0.14635645627857197,-0.06339999999999997,25,16,TOR @ CLE
2050,2,S2,5,3,0,1,12,1,0,0,10,18,1,2,5,0,0,0,16,53,12.0,9,1.7459974037213328,0.05502140516683486,-0.3492000000000001,25,9,MIL @ COL
2051,2,S2,5,1,0,0,2,4,0,0,14,8,3,6,1,1,0,0,3,39,11.0,1,-5.649502379922112,0.7339167413133387,0.7147999999999998,15,6,CIN @ BOS
2052,2,S2,5,4,0,4,3,3,0,0,9,7,2,7,6,2,0,0,11,45,11.0,9,2.3504976200778884,-0.0400884120218725,-0.28559999999999997,18,10,SDP @ STL
2053,2,S2,5,4,1,2,10,4,0,0,10,7,2,5,9,3,0,0,17,54,12.0,12,4.745997403721333,-0.24064612038903363,-0.8771999999999999,17,12,ATL @ LAD
2054,2,S2,5,4,1,6,16,3,0,0,6,17,1,3,8,1,1,0,27,65,12.0,19,11.745997403721333,-0.8886564270594559,-1.2362,25,11,ARI @ PIT
2055,2,S2,5,6,0,4,8,3,0,1,8,8,2,6,5,1,0,0,18,50,10.0,14,7.954997836434444,-0.5788760614368706,-1.4040000000000001,20,10,HOU @ DET
2056,2,S2,6,2,0,2,7,4,0,0,7,12,2,5,5,2,0,0,11,46,11.0,7,0.3504976200778884,0.16424406242225897,0.04039999999999998,21,7,CIN @ CLE
2057,2,S2,6,3,1,3,19,6,0,0,9,13,2,2,5,2,1,0,26,63,11.0,19,12.350497620077888,-0.9577713975833745,-1.0307999999999995,23,8,SEA (S2) @ TBR
2058,2,S2,6,0,2,4,5,7,1,1,3,8,6,7,8,4,0,0,11,50,12.0,5,-2.254002596278667,0.44202398183444047,-0.08840000000000015,24,10,STL @ ATL
2059,2,S2,6,5,0,3,6,3,0,0,10,18,0,2,5,1,1,0,14,52,12.0,11,3.745997403721333,-0.14497859483316514,0.0033999999999999916,20,10,BOS @ HOU
2060,2,S2,6,2,0,3,6,7,0,1,11,9,1,7,6,1,0,1,11,52,12.0,5,-2.254002596278667,0.45502140516683487,0.2902000000000001,20,13,COL @ WSH (S1-2)
2061,2,S2,6,0,0,3,11,2,1,0,9,11,0,5,4,4,2,0,14,45,11.0,5,-1.6495023799221116,0.36857653686639047,0.1392,18,9,DET @ MIN (S1-2)
2062,2,S2,6,2,2,2,8,3,0,0,12,7,0,9,4,4,0,0,14,49,12.0,7,-0.25400259627866717,0.23769150739030898,0.16599999999999995,18,7,SFG @ SDP
2063,2,S2,6,1,0,2,9,6,1,0,13,14,2,5,5,3,1,0,12,57,14.0,5,-4.860744169312375,0.7373579346908631,0.8994000000000001,23,14,PIT @ TEX
2064,2,S2,6,3,0,3,8,5,0,0,10,9,1,6,7,3,0,0,14,52,12.0,8,0.7459974037213328,0.1506889307227034,-0.07919999999999999,22,11,LAD @ MIL
2065,2,S2,6,2,0,5,9,11,1,1,9,11,4,4,3,3,0,1,16,59,12.0,9,1.7459974037213328,0.0853487262757552,0.014200000000000032,20,6,PHI @ ARI
2066,2,S2,6,2,0,7,5,4,0,0,6,6,2,12,7,3,0,0,14,51,12.0,7,-0.25400259627866745,0.24635645627857194,-0.167,21,12,OAK @ TOR
2067,2,S2,7,1,0,1,6,2,0,0,4,13,1,7,6,2,1,0,8,41,11.0,2,-4.649502379922112,0.646914164645733,0.4216,22,13,HOU @ CIN
2068,2,S2,7,2,1,5,9,5,0,1,8,7,2,4,8,5,0,2,17,51,12.0,12,4.745997403721333,-0.24497859483316506,-0.17359999999999998,21,12,TOR @ TEX
2069,2,S2,7,0,1,1,4,6,0,0,13,8,1,3,9,1,1,1,6,46,12.0,3,-4.254002596278667,0.6333590329461775,0.3444,19,12,MIN (S1-2) @ SEA (S2)
2070,2,S2,7,1,0,2,5,3,0,0,8,7,3,11,5,2,0,0,8,45,12.0,3,-4.254002596278667,0.6203616096137831,0.20839999999999992,24,15,ATL @ MIL
2071,2,S2,7,1,1,3,7,6,1,0,8,9,1,4,6,3,1,2,12,46,11.0,5,-0.7540025962786672,0.28769150739030896,0.3310000000000002,18,13,ARI @ WSH (S1-2)
2072,2,S2,7,0,0,3,6,4,0,0,12,12,3,4,5,0,0,0,9,49,12.0,4,-3.254002596278667,0.5376915073903089,0.0552,21,8,OAK @ CLE
2073,2,S2,7,3,1,4,11,5,0,0,11,9,5,4,6,1,0,0,19,59,12.0,11,3.745997403721333,-0.11898374816837627,-0.6199999999999999,21,6,STL @ PIT
2074,2,S2,7,5,3,5,8,5,0,0,11,10,1,7,5,2,1,0,21,60,12.0,17,9.745997403721333,-0.7103187992801133,-0.48419999999999996,17,8,BOS @ TBR
2075,2,S2,7,0,0,1,8,6,0,2,10,12,1,5,5,3,1,0,9,48,12.0,3,-4.254002596278667,0.637691507390309,0.5888,19,9,SDP @ DET
2076,2,S2,7,2,0,1,7,4,0,0,8,5,3,7,9,1,2,1,10,46,12.0,5,-2.254002596278667,0.437691507390309,0.33619999999999994,25,19,SFG @ PHI
2077,2,S2,7,4,3,4,10,9,0,0,10,10,3,3,7,2,1,1,21,63,12.0,18,10.745997403721333,-0.7929889015035874,-0.2985999999999999,20,12,COL @ LAD
2078,2,S2,8,3,1,1,7,2,0,0,7,11,1,5,9,1,2,2,12,47,12.0,6,-1.254002596278667,0.346356456278572,-0.09560000000000005,21,11,COL @ SFG
2079,2,S2,8,8,0,6,8,5,0,0,8,12,1,7,5,3,0,0,22,60,12.0,19,11.745997403721333,-0.9146512737242448,-0.375,22,11,TOR @ MIN (S1-2)
2080,2,S2,8,4,0,3,19,4,0,0,9,8,1,9,7,2,3,0,26,64,12.0,16,8.745997403721333,-0.5843239526153244,-0.7873999999999999,22,11,PIT @ LAD
2081,2,S2,8,2,0,3,6,3,0,0,12,12,1,5,6,0,0,0,11,50,12.0,9,1.7459974037213328,0.042023981834440415,-0.07679999999999995,20,10,MIL @ WSH (S1-2)
2082,2,S2,8,2,0,4,9,2,0,0,13,5,2,9,3,3,0,1,15,49,12.0,5,-2.254002596278667,0.4420239818344404,0.2659999999999999,17,9,PHI @ STL
2083,2,S2,8,3,0,5,6,5,2,0,14,13,0,5,7,2,1,0,14,58,13.666666666666666,11,1.4552067509330235,0.11009531711045463,-0.8138000000000001,18,10,SDP @ ARI
2084,2,S2,8,1,0,3,4,1,0,0,10,11,2,5,3,2,0,0,8,40,11.0,3,-3.6495023799221116,0.5382492157574701,0.5673999999999999,16,6,TBR @ OAK
2085,2,S2,8,7,0,1,12,4,0,0,8,9,1,9,2,3,0,1,20,53,11.0,13,6.350497620077888,-0.4010961420246892,-0.4192,20,11,SEA (S2) @ HOU
2086,2,S2,8,3,0,1,7,5,0,1,8,13,1,6,7,1,1,0,11,51,12.0,4,-3.254002596278667,0.5506889307227034,0.3591999999999999,25,10,CLE @ ATL
2087,2,S2,8,0,0,0,7,4,0,1,5,15,1,4,2,2,0,1,7,38,10.0,1,-5.045002163565556,0.6734667196776831,0.6096999999999999,19,6,BOS @ DET
2088,2,S2,8,5,0,2,8,4,0,0,13,8,4,8,1,2,0,0,15,53,12.0,10,2.745997403721333,-0.04497859483316512,-0.5678000000000003,20,5,CIN @ TEX
2089,2,S2,9,3,0,4,7,4,0,0,7,4,1,10,8,6,0,0,14,48,12.0,5,-2.2540025962786676,0.43335903294617745,0.35979999999999995,20,12,CIN @ TOR
2090,2,S2,9,3,0,1,15,7,0,2,8,14,1,4,3,2,1,1,19,56,11.0,12,5.350497620077888,-0.2837662442481632,-0.15320000000000009,18,4,CLE @ BOS
2091,2,S2,9,2,0,1,10,2,2,0,13,9,3,4,2,1,3,1,13,46,11.0,6,-0.6495023799221116,0.28157396019878494,-0.20880000000000007,19,5,MIN (S1-2) @ HOU
2092,2,S2,9,1,0,1,8,7,0,0,7,11,1,7,5,4,0,1,10,48,12.0,3,-4.254002596278667,0.637691507390309,0.30400000000000005,23,9,PIT @ PHI
2093,2,S2,9,5,0,5,13,5,0,0,10,8,2,8,6,1,0,0,23,62,11.666666666666666,17,10.255256662980592,-0.7569122507619077,-0.3762,22,14,ARI @ OAK
2094,2,S2,9,4,0,0,7,7,0,0,10,17,2,4,6,2,0,1,11,57,14.0,6,-3.860744169312375,0.6373579346908631,0.48500000000000004,25,11,SFG @ LAD
2095,2,S2,9,1,1,2,12,2,0,0,14,10,1,0,7,1,0,0,16,50,11.0,6,-0.6495023799221117,0.2815739601987849,-0.05300000000000001,17,8,TEX @ SEA (S2)
2096,2,S2,9,0,0,2,5,3,0,1,7,12,4,5,3,2,0,0,7,41,11.0,2,-4.649502379922112,0.6425816902016016,0.4568,20,12,WSH (S1-2) @ ATL
2097,2,S2,9,3,1,3,5,5,0,1,7,11,0,2,4,3,0,0,12,41,9.0,8,2.5594980527909996,-0.0783183530697095,-0.28150000000000003,13,4,DET @ TBR
2098,2,S2,9,8,0,4,9,4,0,0,9,9,1,8,5,3,1,1,21,57,12.0,16,8.745997403721333,-0.6189837481683763,-0.8718000000000001,20,11,STL @ COL
2099,2,S2,9,8,0,1,9,4,0,1,15,7,1,5,8,0,0,0,18,58,12.0,15,7.745997403721333,-0.5233162226125078,-0.03360000000000003,18,12,MIL @ SDP
2100,2,S2,10,6,0,1,8,4,0,0,7,11,2,6,9,0,0,1,15,54,12.0,13,5.745997403721333,-0.33631364594490215,-0.5676,26,14,MIN (S1-2) @ CIN
2101,2,S2,10,1,0,2,3,3,0,0,10,12,1,5,11,2,0,0,6,49,14.0,2,-7.860744169312375,0.9983656646936797,1.402,24,14,TBR @ WSH (S1-2)
2102,2,S2,10,1,1,1,6,7,1,1,8,7,3,7,5,2,0,1,9,46,11.0,4,-2.6495023799221116,0.46857653686639045,0.17040000000000005,19,8,LAD @ STL
2103,2,S2,10,1,0,2,5,4,0,0,14,11,2,6,3,0,1,0,8,48,12.0,3,-4.254002596278667,0.637691507390309,0.5822,20,7,OAK @ DET
2104,2,S2,10,1,0,2,5,4,0,0,6,13,2,4,6,2,0,0,8,43,11.0,3,-3.6495023799221116,0.5512466390898646,0.21039999999999992,18,8,MIL @ BOS
2105,2,S2,10,2,0,6,8,3,0,0,9,9,2,6,10,3,1,2,16,55,13.666666666666666,7,-2.3514849100531157,0.4864320087649371,0.19,24,16,PHI @ COL
2106,2,S2,10,6,0,3,8,8,1,0,11,9,1,4,7,3,0,0,17,58,12.0,15,7.745997403721333,-0.5233162226125078,-0.42880000000000007,18,11,SFG @ PIT
2107,2,S2,10,1,2,1,10,5,0,0,10,8,0,3,7,5,2,0,14,47,11.0,6,-0.6495023799221116,0.27724148575465346,0.036800000000000006,16,10,SEA (S2) @ TOR
2108,2,S2,10,8,0,1,7,2,0,1,11,6,3,7,13,2,1,0,16,58,14.0,11,1.1392558306876248,0.1416904091349945,-0.12760000000000016,25,14,SDP @ CLE
2109,2,S2,10,4,0,4,9,3,0,0,14,14,0,2,5,1,0,0,17,55,12.0,11,3.745997403721333,-0.1363136459449022,-0.07839999999999997,16,8,ATL @ ARI
2110,2,S2,10,3,0,3,11,7,0,1,8,9,1,8,4,3,0,0,17,54,11.0,10,3.3504976200778884,-0.10109614202468914,-0.41999999999999993,16,7,HOU @ TEX
2111,2,S2,11,0,0,3,7,2,0,0,11,10,3,3,5,1,1,0,10,44,11.0,2,-4.649502379922112,0.6599115879781274,0.5603999999999998,16,7,TEX @ MIN (S1-2)
2112,2,S2,11,2,0,2,4,2,0,1,4,1,1,2,3,2,0,0,8,21,4.333333333333333,5,2.6273411895105974,-0.17175215562429874,-0.19630000000000006,7,4,WSH (S1-2) @ SDP
2113,2,S2,11,1,0,3,5,1,0,0,15,9,5,3,4,0,0,0,9,46,12.0,2,-5.254002596278667,0.7246940840579146,0.5383999999999999,21,8,TOR @ HOU
2114,2,S2,11,3,0,4,7,9,0,0,10,14,1,3,8,0,1,0,14,59,12.0,11,3.745997403721333,-0.1146512737242448,-0.12579999999999997,23,10,CLE @ TBR
2115,2,S2,11,3,1,2,7,3,0,0,8,9,1,9,6,3,0,0,13,49,12.0,5,-2.254002596278667,0.437691507390309,0.32759999999999995,21,12,STL @ SFG
2116,2,S2,11,2,0,3,8,0,0,0,11,10,1,3,5,1,0,2,13,43,11.0,3,-3.6495023799221116,0.5599115879781275,0.44239999999999996,19,11,COL @ PIT
2117,2,S2,11,6,1,3,7,5,0,0,13,14,2,3,3,1,0,0,17,57,12.0,11,3.745997403721333,-0.1276486970566392,-0.7787999999999999,14,4,BOS @ OAK
2118,2,S2,11,4,1,7,12,4,0,1,10,13,3,10,2,3,0,0,24,67,14.0,13,4.139255830687625,-0.12364979531195365,0.04740000000000007,27,9,DET @ ATL
2119,2,S2,11,2,1,3,9,4,0,1,6,12,1,7,4,3,0,0,15,49,11.0,9,2.3504976200778884,-0.02275851424534657,-0.37040000000000006,16,6,PHI @ LAD
2120,2,S2,11,0,0,1,5,5,0,0,8,16,1,2,5,4,0,0,6,43,12.0,2,-5.254002596278667,0.7116966607255201,0.5412,21,10,ARI @ MIL
2121,2,S2,11,3,1,4,4,4,0,0,4,5,1,7,4,3,0,0,12,37,8.0,7,2.163998269147555,-0.056098272481890914,-0.03779999999999998,15,10,CIN @ SEA (S2)
2122,2,S2,12,3,0,2,11,5,0,0,9,10,3,5,7,2,0,0,16,55,12.0,5,-2.254002596278667,0.4636863540550978,0.3597999999999999,19,11,SFG @ TBR
2123,2,S2,12,4,0,2,11,12,0,1,5,9,3,8,2,6,0,0,17,56,11.0,13,6.350497620077888,-0.3924311931364262,-0.23639999999999997,16,6,ATL @ SDP
2124,2,S2,12,4,0,8,12,8,0,0,10,9,2,6,3,2,0,1,24,62,11.0,18,11.350497620077888,-0.8621038720275059,-0.08639999999999995,15,7,CIN @ MIL
2125,2,S2,12,0,0,5,5,5,0,2,4,12,2,4,8,3,0,0,10,45,11.0,5,-1.6495023799221116,0.3599115879781275,-0.18300000000000002,20,8,TEX @ STL
2126,2,S2,12,3,0,2,8,2,0,1,9,7,0,7,7,3,0,0,13,45,11.0,6,-0.6495023799221116,0.2599115879781275,0.12800000000000003,16,12,DET @ CLE
2127,2,S2,12,0,0,2,12,3,0,0,10,12,2,4,6,2,0,0,14,51,12.0,5,-2.254002596278667,0.4463564562785719,0.06199999999999991,21,10,COL @ SEA (S2)
2128,2,S2,12,2,1,5,3,5,0,0,10,6,0,11,4,2,0,0,11,47,11.0,7,0.3504976200778884,0.16857653686639051,-0.2548000000000001,17,5,LAD @ TOR
2129,2,S2,12,0,1,2,3,3,0,0,9,10,3,0,4,1,0,0,6,35,9.0,1,-4.440501947209,0.5956868002655016,0.5218999999999998,14,7,ARI @ HOU
2130,2,S2,12,1,0,1,0,2,0,0,10,7,2,3,1,1,0,0,2,27,8.0,1,-3.836001730852445,0.5005769830767943,0.41780000000000006,8,4,OAK @ PHI
2131,2,S2,12,1,0,1,7,4,0,1,3,7,0,1,7,3,0,1,9,31,7.333333333333333,3,-1.4771209522636373,0.2863512774385709,0.04549999999999999,13,9,BOS @ PIT
2132,2,S2,13,1,0,5,3,7,2,0,4,7,2,6,10,4,1,0,9,45,11.0,1,-4.649502379922112,0.664244062422259,0.6662000000000001,23,14,SEA (S2) @ ARI
2133,2,S2,13,2,0,3,12,2,0,0,8,10,3,3,8,1,1,0,17,51,11.0,7,0.3504976200778884,0.19023890908704788,-0.06019999999999995,21,11,SFG @ BOS
2134,2,S2,13,1,0,1,7,5,0,0,3,15,1,5,8,3,0,1,9,46,12.0,5,-2.254002596278667,0.429026558502046,0.26979999999999993,23,12,CIN @ STL
2135,2,S2,13,1,0,3,5,4,0,1,12,8,0,5,5,3,1,0,9,43,11.0,3,-3.6495023799221116,0.555579113533996,0.5154,17,10,MIL @ DET
2136,2,S2,13,0,0,5,10,4,0,0,13,7,1,6,6,1,1,1,15,52,11.666666666666666,9,2.2552566629805924,0.008427953685040429,-0.931,16,9,CLE @ LAD
2137,2,S2,13,2,0,2,9,4,0,0,8,10,1,7,6,4,0,0,13,49,12.0,8,0.7459974037213328,0.13769150739030897,-0.08539999999999996,21,10,PIT @ HOU
2138,2,S2,13,2,0,3,8,8,0,1,7,14,1,4,4,3,0,0,13,51,11.0,9,2.3504976200778884,-0.014093565357083636,-0.3635999999999999,20,10,SDP @ TEX
2139,2,S2,13,2,0,5,7,4,0,1,9,6,1,2,3,0,2,0,14,39,7.0,7,3.4673690556644092,-0.16910545335705046,-0.5367,12,6,TBR @ PHI
2140,2,S2,13,2,1,1,12,3,0,0,11,13,1,3,6,2,0,0,16,53,12.0,5,-2.254002596278667,0.4550214051668348,0.09620000000000009,22,9,COL @ OAK
2141,2,S2,13,3,1,0,9,4,0,0,11,6,1,3,6,3,1,0,13,44,10.0,6,-0.045002163565555975,0.19946156634247192,-0.05899999999999999,15,9,ATL @ TOR
2142,2,S2,14,1,0,4,7,2,0,0,6,10,4,14,1,1,1,0,12,49,12.0,4,-3.254002596278667,0.5420239818344404,0.08079999999999998,25,9,PHI @ PIT
2143,2,S2,14,4,0,4,7,2,0,0,5,7,0,5,7,3,0,0,15,41,9.0,8,2.5594980527909996,-0.07831835306970947,-0.16090000000000002,15,9,ATL @ STL
2144,2,S2,14,0,0,4,2,2,0,1,13,10,1,6,3,0,1,0,6,41,11.0,1,-5.649502379922112,0.746914164645733,0.7574000000000002,19,10,TOR @ DET
2145,2,S2,14,0,1,1,10,6,0,0,3,7,2,7,7,6,0,1,12,44,11.0,1,-5.649502379922112,0.7599115879781275,0.7636000000000002,20,11,TEX @ TBR
2146,2,S2,14,6,1,2,7,5,0,0,11,9,2,3,7,1,0,0,16,53,11.0,13,6.350497620077888,-0.4054286164688207,-0.44779999999999964,20,9,LAD @ COL
2147,2,S2,14,4,0,3,7,2,0,1,12,9,2,7,1,1,1,1,14,47,11.0,9,2.3504976200778884,-0.02275851424534661,0.09200000000000014,17,6,ARI @ CLE
2148,2,S2,14,2,1,5,9,6,0,0,5,14,0,3,8,3,0,0,17,53,11.0,11,4.350497620077888,-0.20542861646882074,-0.5863999999999998,20,10,SDP @ SFG
2149,2,S2,14,1,1,2,6,2,0,0,5,16,3,4,5,3,0,0,10,45,12.0,3,-4.254002596278667,0.6203616096137831,0.33439999999999986,22,8,BOS @ CIN
2150,2,S2,14,2,1,2,10,4,0,1,5,6,1,3,6,3,0,0,15,40,8.0,7,2.163998269147555,-0.04310084914949647,-0.38349999999999995,11,8,OAK @ SEA (S2)
2151,2,S2,14,2,1,5,13,8,0,0,8,10,0,6,7,5,0,0,21,60,12.0,13,5.745997403721333,-0.3146512737242448,-0.6313999999999999,21,14,HOU @ MIL
2152,2,S2,15,3,0,2,12,1,0,1,9,9,0,9,6,3,0,0,17,51,12.0,6,-1.2540025962786672,0.34635645627857187,0.17900000000000005,21,10,BOS @ TEX
2153,2,S2,15,3,0,2,7,4,0,0,8,19,1,3,4,1,1,0,12,51,12.0,5,-2.254002596278667,0.4506889307227034,-0.12900000000000003,22,10,ARI @ SDP
2154,2,S2,15,0,0,3,8,3,0,0,9,5,3,8,7,4,0,0,11,46,12.0,1,-6.254002596278667,0.8246940840579146,0.9775999999999999,20,9,CLE @ COL
2155,2,S2,15,0,0,2,4,5,0,0,10,14,1,3,7,1,0,0,6,46,12.0,5,-2.254002596278667,0.42469408405791453,0.2974,20,11,MIL @ ATL
2156,2,S2,15,0,0,1,12,4,0,0,8,10,3,4,8,3,0,0,13,50,12.0,4,-3.254002596278667,0.5420239818344404,0.2764000000000001,23,12,LAD @ SFG
2157,2,S2,15,2,0,0,8,2,0,2,10,6,3,9,5,3,1,0,10,45,12.0,2,-5.254002596278667,0.7246940840579146,0.6843999999999998,21,7,OAK @ HOU
2158,2,S2,15,1,0,0,4,6,1,1,7,8,2,10,5,2,1,0,5,43,11.333333333333334,1,-5.895121817689859,0.7801410573107708,0.6661999999999999,20,9,TBR @ TOR
2159,2,S2,15,2,0,0,4,3,0,2,9,11,0,6,7,0,0,0,6,42,11.0,4,-2.6495023799221116,0.4469141646457331,0.19579999999999997,21,9,STL @ PHI
2160,2,S2,15,4,0,0,1,2,0,0,15,6,1,7,5,2,0,0,5,41,12.0,5,-2.254002596278667,0.40303171183725717,0.11959999999999994,17,8,PIT @ SEA (S2)
2161,2,S2,15,3,1,1,7,4,0,0,8,11,2,9,4,2,0,0,12,50,12.0,8,0.7459974037213328,0.14202398183444043,-0.2064,23,13,DET @ CIN
2162,2,S2,16,2,0,0,9,7,0,0,12,11,1,5,8,4,1,1,11,55,14.0,7,-2.860744169312375,0.5330254602467316,0.508,24,14,SFG @ ARI
2163,2,S2,16,4,1,1,7,6,0,0,7,16,0,6,2,2,0,0,13,50,11.0,7,0.3504976200778884,0.1815739601987849,-0.2617999999999999,19,9,DET @ BOS
2164,2,S2,16,5,0,4,9,6,0,0,5,16,0,4,7,3,0,1,18,56,12.0,13,5.745997403721333,-0.32764869705663924,-0.4202000000000001,26,11,TBR @ CIN
2165,2,S2,16,1,1,4,11,7,1,0,6,6,0,7,11,6,1,0,17,54,12.0,8,0.7459974037213327,0.1636863540550979,-0.22779999999999984,20,14,STL @ OAK
2166,2,S2,16,3,0,1,7,5,0,0,17,7,2,7,2,1,0,0,11,51,12.0,7,-0.25400259627866717,0.24635645627857194,0.1522000000000001,16,10,PHI @ ATL
2167,2,S2,16,0,1,2,7,5,0,1,10,7,0,3,5,2,0,0,10,40,9.0,4,-1.4405019472090004,0.317349172486159,0.13279999999999997,11,8,TEX @ TOR
2168,2,S2,16,0,1,4,7,5,0,1,6,17,1,5,3,4,0,0,12,49,12.0,5,-2.254002596278667,0.43769150739030893,0.0721999999999999,18,8,PIT @ MIL
2169,2,S2,16,2,0,2,11,6,1,0,16,17,2,8,2,2,1,1,15,66,16.0,10,-4.266541270761651,0.7212623892771053,1.2926000000000004,30,12,SDP @ COL
2170,2,S2,16,4,0,2,6,3,0,1,4,14,1,8,11,2,2,0,12,53,13.333333333333334,7,-1.7304920684720393,0.4113353012744351,-0.4749999999999999,32,15,HOU @ CLE
2171,2,S2,16,0,1,0,12,5,0,1,15,10,0,6,8,2,1,0,13,58,14.0,3,-6.860744169312375,0.9416904091349945,1.3954000000000002,17,13,LAD @ SEA (S2)
2172,2,S2,17,4,1,3,8,1,0,0,10,5,7,3,6,2,1,0,16,48,11.0,6,-0.6495023799221116,0.2772414857546534,0.07480000000000005,20,12,SFG @ COL
2173,2,S2,17,0,0,4,6,2,0,1,7,6,2,11,6,4,1,0,10,44,12.0,3,-4.254002596278667,0.6203616096137831,0.4248,21,10,TBR @ BOS
2174,2,S2,17,3,0,2,5,3,0,0,8,12,1,3,7,2,0,0,10,44,11.0,7,0.3504976200778884,0.155579113533996,-0.36339999999999983,20,10,MIL @ PHI
2175,2,S2,17,1,0,2,8,5,0,1,9,14,1,4,6,2,0,0,11,50,12.0,2,-5.254002596278667,0.7420239818344404,0.6187999999999999,24,9,PIT @ STL
2176,2,S2,17,1,0,0,7,2,0,0,11,7,1,4,7,3,0,0,8,40,11.0,2,-4.649502379922112,0.6382492157574701,0.5247999999999999,17,11,TOR @ CIN
2177,2,S2,17,4,0,6,8,8,0,2,9,16,0,5,3,3,0,0,18,59,12.0,16,8.745997403721333,-0.6189837481683763,-1.0816,17,6,DET @ TEX
2178,2,S2,17,3,0,0,9,2,0,0,6,9,1,5,3,1,0,2,12,38,9.0,7,1.5594980527909996,0.017349172486158984,-0.20549999999999996,17,8,LAD @ ARI
2179,2,S2,17,3,1,3,14,4,0,1,13,7,0,8,4,4,0,0,21,57,12.0,13,5.745997403721333,-0.32764869705663924,-0.30019999999999997,16,9,CLE @ OAK
2180,2,S2,17,0,1,3,6,5,0,0,2,6,0,6,8,4,0,0,10,38,9.0,4,-1.4405019472090004,0.3086842235978961,0.23420000000000007,18,14,ATL @ SEA (S2)
2181,2,S2,17,1,1,1,7,6,2,0,10,8,2,9,7,5,1,1,10,52,14.0,5,-6.659799697727943,0.899933589755894,1.8504000000000005,22,11,HOU @ SDP
2182,2,S2,18,3,1,2,9,3,0,0,7,8,3,4,6,5,0,0,15,46,11.0,6,0.35049762007788815,0.164244062422259,-0.03320000000000002,19,12,OAK @ SFG
2183,2,S2,18,1,1,2,10,8,0,0,16,5,1,8,2,1,1,0,14,54,11.0,9,2.3504976200778884,0.0032363324194422394,-0.1362,15,3,TOR @ BOS
2184,2,S2,18,0,0,3,10,6,0,0,12,12,1,4,4,2,1,1,13,52,12.0,5,-2.254002596278667,0.4593538796109664,0.2919999999999999,21,12,TBR @ DET
2185,2,S2,18,5,0,1,7,5,0,2,8,10,1,4,7,1,2,0,13,48,11.0,10,3.3504976200778884,-0.11842603980121508,-0.7186,16,9,CLE @ PHI
2186,2,S2,18,6,0,1,4,8,0,1,9,11,0,6,5,3,0,0,11,50,11.333333333333334,9,2.1048781823101406,0.0061359039755597145,-0.9974000000000001,18,9,TEX @ CIN
2187,2,S2,18,3,0,1,8,1,0,0,9,12,3,7,4,1,0,0,12,48,12.0,5,-2.254002596278667,0.4333590329461775,0.2994,21,9,LAD @ SDP
2188,2,S2,18,1,0,2,4,1,0,0,12,12,1,9,6,2,0,0,7,48,14.0,2,-7.860744169312375,0.9940331902495483,1.4020000000000001,17,9,STL @ MIL
2189,2,S2,18,0,0,3,6,8,0,5,6,6,2,0,3,1,0,0,9,34,6.0,11,7.372998701860666,-0.5899957390855964,-0.36519999999999997,9,4,HOU @ SEA (S2)
2190,2,S2,18,2,1,1,7,4,0,0,12,9,0,3,5,0,0,0,11,44,9.666666666666666,7,1.4642570956937033,0.044203165972414526,-0.5329999999999999,14,8,ATL @ PIT
2191,2,S2,18,1,1,2,7,3,1,0,13,8,3,5,3,1,2,0,11,46,11.0,6,-0.6495023799221119,0.2729090113105219,-0.00020000000000009593,16,4,COL @ ARI
3001,3,S3,1,3,1,2,1,6,0,0,7,9,5,6,4,3,0,0,7,44,11.333333333333334,3,-2.9785491154157433,0.49296462505022276,0.05980000000000013,21,8,DET @ CIN
3002,3,S3,1,2,0,3,4,1,0,0,8,12,3,5,3,2,0,0,9,41,11.0,4,-1.785714285714286,0.36037820706812373,0.1279999999999999,17,5,NYY @ BOS
3003,3,S3,1,2,4,2,0,6,0,1,7,10,6,2,6,2,0,0,8,45,11.0,6,0.21428571428571416,0.1781154537507281,-0.24219999999999997,18,8,HOU @ KCR
3004,3,S3,1,2,1,3,1,5,0,0,6,13,1,11,1,3,0,1,7,44,12.0,4,-2.311688311688312,0.4307128563481307,0.24919999999999995,20,11,ARI @ TEX
3005,3,S3,1,2,2,3,6,10,0,0,10,7,2,7,7,2,1,1,13,56,12.0,11,4.688311688311688,-0.21164109193340494,-0.5592000000000001,22,11,FLA @ PHI
3006,3,S3,1,4,0,5,9,4,0,0,5,11,2,9,6,3,0,0,18,55,12.0,9,2.688311688311688,-0.02494402694535829,-0.031000000000000003,16,9,OAK @ CLE
3007,3,S3,1,5,2,5,5,3,0,0,7,11,4,6,7,1,0,0,17,55,12.0,11,4.688311688311688,-0.22494402694535842,-0.40019999999999983,19,11,ATL @ NYM
3008,3,S3,1,2,0,3,4,4,0,0,10,9,8,4,2,0,0,0,9,46,11.0,6,0.21428571428571386,0.1825497654213792,-0.1238,14,4,SDP @ LAD
3009,3,S3,1,2,0,1,5,10,0,0,9,11,1,1,4,1,2,0,8,44,9.0,4,-0.7337662337662338,0.2773549602265739,0.07959999999999999,13,7,MIL @ CHC
3010,3,S3,1,0,0,2,7,3,0,0,3,10,0,9,6,6,0,1,9,40,11.666666666666666,1,-5.154971893777864,0.6973039678744816,0.6662000000000001,18,11,STL @ PIT
3011,3,S3,1,0,2,0,3,2,0,0,8,12,0,4,6,0,0,0,5,37,10.0,3,-2.25974025974026,0.39004355778811667,0.2824999999999999,18,6,TBR @ TOR
3012,3,S3,1,3,1,1,8,2,0,0,7,8,2,9,5,2,0,0,13,46,11.0,4,-1.7857142857142856,0.3825497654213792,0.17400000000000004,23,12,COL @ SFG
3013,3,S3,2,2,0,5,5,2,0,0,4,10,4,6,10,1,0,1,12,48,12.0,4,-3.1663913067799676,0.5339204025399007,0.04179999999999985,25,10,NYY @ CIN
3014,3,S3,2,1,0,1,2,7,2,0,7,8,2,7,6,1,2,1,4,42,11.0,1,-4.785714285714286,0.6781154537507281,0.7504,20,9,HOU @ OAK
3015,3,S3,2,1,0,2,6,2,0,0,8,8,4,4,9,3,0,0,9,44,12.0,2,-4.311688311688312,0.6262785446774797,0.6187999999999998,19,11,PHI @ PIT
3016,3,S3,2,4,0,4,3,2,1,0,4,10,1,8,9,1,1,0,11,45,11.0,7,1.214285714285714,0.08254976542137925,-0.07399999999999995,19,9,CLE @ TBR
3017,3,S3,2,1,0,1,4,4,0,0,10,13,3,4,1,1,0,1,6,41,11.0,3,-2.7857142857142856,0.46481251873877477,0.16060000000000002,14,4,SFG @ FLA
3018,3,S3,2,1,1,6,10,4,0,0,7,8,11,2,4,0,0,1,18,54,11.0,9,3.2142857142857144,-0.07754142954276093,-0.6552,20,7,TOR @ DET
3019,3,S3,2,3,0,0,8,6,0,1,13,11,1,4,2,2,2,0,11,48,11.0,5,-0.7857142857142861,0.3002870121039836,-0.09560000000000005,16,6,CHC @ COL
3020,3,S3,2,3,1,2,6,7,0,0,11,11,1,2,4,1,0,0,12,48,10.0,11,5.740259740259741,-0.36117901383472123,-0.7785000000000001,15,6,LAD @ ATL
3021,3,S3,2,2,0,4,6,5,0,1,6,5,3,5,9,2,0,0,12,45,10.0,8,3.74025974025974,-0.17448194884667456,-0.23259999999999995,20,12,MIL @ SDP
3022,3,S3,2,2,0,4,2,5,0,0,7,10,1,3,7,2,0,0,8,41,10.0,5,-0.2597402597402598,0.2077808044707211,0.02349999999999995,16,10,NYM @ STL
3023,3,S3,2,2,2,2,10,4,1,0,5,8,9,2,6,0,0,0,16,50,10.0,11,5.74025974025974,-0.35231039049341906,-0.43709999999999993,20,10,KCR @ ARI
3024,3,S3,2,2,0,3,4,4,0,1,6,6,2,7,2,1,0,0,9,36,8.0,7,2.792207792207792,-0.11958555907733961,-0.11290000000000006,9,6,TEX @ BOS
3025,3,S3,3,5,0,2,3,4,1,1,7,6,5,6,7,1,0,1,10,45,11.0,7,1.2142857142857142,0.0825497654213792,0.034800000000000025,19,13,CIN @ HOU
3026,3,S3,3,5,0,2,6,3,0,0,13,10,2,4,5,2,0,0,13,50,12.0,7,0.6883116883116882,0.1528844147013862,-0.14079999999999995,17,6,TEX @ DET
3027,3,S3,3,2,0,4,4,1,0,0,6,7,2,10,7,1,0,0,10,43,11.0,5,-0.7857142857142858,0.2692468304094258,0.18339999999999995,20,12,SDP @ PHI
3028,3,S3,3,3,1,2,7,5,2,0,5,10,3,7,7,3,1,1,13,50,12.0,8,1.6883116883116882,0.06175303804268831,-0.15579999999999994,24,10,TBR @ ARI
3029,3,S3,3,5,0,8,5,5,1,0,5,14,2,7,6,1,0,1,18,57,12.0,16,9.650942171021587,-0.7079041402043948,-0.33640000000000014,23,14,LAD @ CHC
3030,3,S3,3,1,2,5,1,4,0,0,7,12,6,3,6,2,0,0,9,47,12.0,5,-1.3116883116883118,0.3395814796894329,0.2638000000000001,21,10,FLA @ NYM
3031,3,S3,3,3,1,1,3,2,0,1,5,6,2,5,2,2,0,0,8,30,7.333333333333333,5,1.1253469884803606,0.02049465127149694,-0.03229999999999997,13,2,BOS @ TOR
3032,3,S3,3,3,1,10,7,7,0,0,10,4,7,10,2,0,1,0,21,61,11.0,18,12.681393501013755,-0.9932120265210072,-0.7667999999999997,20,9,PIT @ MIL
3033,3,S3,3,3,1,4,2,2,0,0,7,10,2,2,11,1,2,0,10,44,11.0,5,-0.7857142857142858,0.28254976542137916,0.30319999999999997,17,11,OAK @ NYY
3034,3,S3,3,5,0,6,2,4,0,0,5,13,7,6,7,4,0,0,13,55,14.0,8,-0.5562926282350743,0.29951640470931795,0.497,22,14,CLE @ KCR
3035,3,S3,3,1,1,1,3,4,0,2,9,10,2,5,5,1,0,1,6,41,11.0,1,-4.785714285714286,0.6648125187387748,0.7574000000000002,19,10,STL @ SFG
3036,3,S3,3,3,2,1,0,4,0,3,5,4,1,2,4,1,0,0,6,26,5.666666666666667,5,2.183538784264737,-0.1030617749895451,-0.18839999999999993,9,6,ATL @ COL
3037,3,S3,4,1,1,2,5,5,0,0,12,13,2,2,4,2,1,1,9,47,12.0,5,-1.3116883116883118,0.3484501030307351,0.21819999999999995,12,6,PIT @ CIN
3038,3,S3,4,4,0,4,4,5,0,0,7,13,2,7,5,1,2,1,12,51,12.0,8,1.688311688311688,0.0706216613839906,-0.34820000000000007,24,12,CHC @ HOU
3039,3,S3,4,0,3,3,4,4,3,0,9,8,3,5,6,2,3,0,10,45,11.0,5,-0.7857142857142859,0.2914183887626814,-0.005600000000000067,21,10,TBR @ FLA
3040,3,S3,4,4,1,3,6,8,0,1,8,16,2,5,4,1,0,0,14,57,12.0,12,5.688311688311688,-0.31607540360405617,-0.1438,18,7,OAK @ SDP
3041,3,S3,4,0,0,2,1,5,0,0,6,12,10,1,4,0,2,0,3,41,11.0,1,-4.785714285714286,0.6692468304094259,0.7636000000000002,20,6,TOR @ ATL
3042,3,S3,4,1,1,4,3,4,0,0,9,9,1,5,8,2,0,0,9,45,11.333333333333334,2,-2.55081874647092,0.45462589982639157,0.24740000000000006,21,12,MIL @ DET
3043,3,S3,4,5,0,3,5,7,0,0,12,12,4,4,6,2,1,1,13,59,14.0,11,3.525009805654364,-0.08200796865571928,-0.1774,27,10,TEX @ COL
3044,3,S3,4,3,0,0,5,6,0,0,10,10,0,7,6,3,0,0,8,47,12.0,5,-1.3116883116883118,0.33958147968943286,0.10100000000000006,19,9,CLE @ LAD
3045,3,S3,4,1,0,4,2,10,0,0,10,9,0,9,3,2,0,0,7,48,11.0,5,-0.785714285714286,0.29141838876268145,0.06639999999999999,19,9,STL @ KCR
3046,3,S3,4,4,0,1,3,4,0,0,9,11,2,4,4,0,1,0,8,42,10.0,9,3.74025974025974,-0.18335057218797673,-0.28030000000000005,13,7,BOS @ PHI
3047,3,S3,4,4,1,6,6,10,1,0,8,13,1,6,2,0,1,0,17,57,10.0,13,7.740259740259741,-0.5168358971282102,-0.8619000000000003,18,9,ARI @ SFG
3048,3,S3,4,5,0,2,3,7,2,1,6,11,4,6,2,1,2,0,10,46,10.0,7,1.7402597402597402,0.03882098616527879,-0.36150000000000015,13,5,NYY @ NYM
3049,3,S3,5,2,2,0,2,2,0,0,6,11,1,7,8,0,0,0,6,41,11.0,4,-1.7857142857142858,0.36037820706812373,0.20379999999999998,20,13,DET @ TBR
3050,3,S3,5,2,1,1,4,4,0,0,6,12,4,6,2,2,0,1,8,42,11.0,3,-2.7857142857142856,0.4692468304094259,0.5604000000000001,20,6,ARI @ CLE
3051,3,S3,5,2,1,3,4,7,0,0,10,8,7,3,5,2,2,1,10,50,12.0,7,0.6883116883116884,0.16618734971333943,-0.09720000000000006,18,6,KCR @ CIN
3052,3,S3,5,1,0,4,3,5,0,1,10,10,4,7,7,2,0,0,8,51,13.333333333333334,5,-2.795423063017683,0.5056922015049744,0.6328,24,12,TOR @ OAK
3053,3,S3,5,5,2,5,5,5,0,1,7,10,1,5,10,0,1,0,17,55,11.0,17,11.214285714285714,-0.8731071178721097,-0.5943999999999999,20,13,STL @ ATL
3054,3,S3,5,5,1,5,6,4,0,0,6,11,2,6,6,1,0,1,17,52,11.0,11,5.2142857142857135,-0.28641005288406307,-0.3118000000000001,23,8,NYY @ TEX
3055,3,S3,5,2,1,2,8,7,0,0,13,5,3,7,9,3,2,2,13,57,14.0,7,-1.5562926282350742,0.4261222747332245,0.29020000000000007,21,14,CHC @ PIT
3056,3,S3,5,2,0,1,9,5,3,0,12,10,3,8,11,3,1,1,12,61,16.0,5,-7.056292628235075,0.9849908980745268,2.3649999999999998,31,15,COL @ LAD
3057,3,S3,5,1,1,3,3,8,1,1,10,11,0,5,4,2,3,0,8,47,11.0,3,-2.7857142857142856,0.5002870121039835,0.4151999999999999,16,9,BOS @ HOU
3058,3,S3,5,1,1,6,5,6,0,2,5,7,3,5,5,2,1,0,13,44,9.0,10,5.266233766233766,-0.3270793514440771,-0.6456,16,10,FLA @ MIL
3059,3,S3,5,1,0,2,5,0,0,0,14,8,0,4,4,0,0,0,8,38,10.0,3,-2.2597402597402603,0.3944778694587677,0.2853,12,4,NYM @ SDP
3060,3,S3,5,3,1,1,6,7,0,0,9,11,3,2,12,5,0,0,11,55,14.0,9,0.44370737176492525,0.199516404709318,0.016599999999999906,24,14,PHI @ SFG
3061,3,S3,6,1,0,2,3,2,0,0,6,14,1,5,5,1,0,2,6,39,11.333333333333334,1,-4.978549115415744,0.6796616900382695,0.6661999999999999,15,3,TBR @ NYY
3062,3,S3,6,1,1,7,1,7,1,0,8,12,4,7,4,0,0,0,10,52,11.666666666666666,7,2.845028106222136,-0.05391860374835644,-0.6862,19,9,OAK @ ARI
3063,3,S3,6,3,1,4,7,3,0,0,11,11,4,1,5,2,3,2,15,50,12.0,3,-2.3116883116883122,0.4750559730546417,0.40979999999999994,18,10,CHC @ FLA
3064,3,S3,6,2,1,3,6,4,1,0,9,10,3,6,7,1,1,0,12,51,12.0,4,-2.311688311688312,0.4617530380426884,0.3664,20,12,TOR @ CLE
3065,3,S3,6,2,0,4,5,4,2,1,11,10,2,4,2,2,2,2,11,44,11.0,5,-0.7857142857142859,0.2914183887626814,0.31620000000000004,17,8,HOU @ DET
3066,3,S3,6,4,0,1,3,8,0,0,14,12,2,8,5,1,3,0,8,57,14.0,7,-1.5562926282350742,0.4216879630625734,0.7292000000000001,25,11,CIN @ TEX
3067,3,S3,6,2,0,1,6,6,0,1,8,12,1,6,5,1,1,0,9,47,11.0,5,-0.31860649898624616,0.24470761008987743,0.3005999999999999,15,7,MIL @ STL
3068,3,S3,6,0,1,3,7,2,0,1,10,5,4,4,4,1,1,2,11,40,10.0,3,-2.25974025974026,0.41664942781202324,0.3747,18,9,SFG @ PIT
3069,3,S3,6,3,1,1,1,3,0,0,2,9,9,8,5,2,0,0,6,42,11.666666666666666,5,-1.154971893777864,0.30173827954513255,-0.4631999999999999,26,14,SDP @ COL
3070,3,S3,6,5,0,4,7,7,0,1,14,23,4,8,4,1,0,0,16,76,18.0,20,4.26803169608925,-0.08979548263944144,0.9437999999999998,26,13,NYM @ LAD
3071,3,S3,6,4,1,5,4,1,0,0,9,7,1,3,3,1,0,0,14,38,8.0,10,5.792207792207792,-0.4107169357360374,-0.6576000000000001,11,7,ATL @ PHI
3072,3,S3,6,3,2,4,4,9,0,2,11,11,3,5,3,3,1,0,13,55,12.0,9,2.6883116883116878,-0.0205097152747072,-0.087,18,6,KCR @ BOS
3073,3,S3,7,1,0,2,4,4,0,0,12,12,0,4,7,1,0,0,7,46,12.0,1,-5.311688311688312,0.7351471680187818,0.9658000000000001,15,9,STL @ SDP
3074,3,S3,7,1,0,2,4,7,0,0,12,8,4,3,6,0,0,0,7,47,11.0,4,-1.7857142857142856,0.3869840770920303,0.23559999999999998,16,8,DET @ OAK
3075,3,S3,7,1,4,5,8,6,0,1,15,6,1,6,6,2,1,0,18,58,12.0,13,6.688311688311688,-0.40720678026275386,-0.279,19,8,NYY @ TOR
3076,3,S3,7,0,1,2,5,6,0,0,10,16,1,3,4,1,2,0,8,48,11.666666666666666,3,-2.8970541653468485,0.5114210000672399,0.4186,18,7,COL @ FLA
3077,3,S3,7,1,0,2,3,2,0,1,14,14,1,7,5,0,3,1,6,49,14.0,3,-5.556292628235074,0.7906477813680157,1.5190000000000003,19,8,ATL @ CHC
3078,3,S3,7,1,0,2,6,9,0,0,7,8,6,2,9,1,1,1,9,50,11.333333333333334,5,-0.5084968223266101,0.2814338891065182,0.14120000000000008,18,9,MIL @ PIT
3079,3,S3,7,2,0,3,9,6,0,2,11,9,0,6,2,2,0,0,14,48,10.0,7,1.7402597402597397,0.03882098616527878,-0.2106999999999998,13,4,TEX @ CLE
3080,3,S3,7,3,1,5,2,2,0,1,7,7,2,4,9,1,0,0,11,42,10.0,7,1.7402597402597402,0.012215116141372228,-0.4155000000000001,19,14,PHI @ NYM
3081,3,S3,7,5,0,3,6,7,0,0,5,14,1,1,3,0,3,0,14,45,8.0,14,9.792207792207792,-0.7663738190295264,-0.4563,14,6,HOU @ CIN
3082,3,S3,7,1,1,2,7,7,0,1,10,10,6,5,8,3,1,0,11,57,14.0,7,-1.556292628235074,0.4128193397212712,0.12360000000000033,28,13,ARI @ BOS
3083,3,S3,7,4,1,1,7,5,0,0,6,11,1,5,7,3,1,0,13,48,11.0,7,1.214285714285714,0.09585270043333248,-0.16040000000000004,20,12,LAD @ SFG
3084,3,S3,7,9,3,0,1,3,1,0,6,8,6,2,8,0,1,0,13,46,10.0,14,8.74025974025974,-0.6656133255053722,-1.3911999999999998,20,12,TBR @ KCR
3085,3,S3,8,5,0,2,3,5,0,0,9,9,3,7,4,1,3,0,10,47,11.0,7,1.2142857142857142,0.10028701210398361,-0.007800000000000118,18,8,DET @ KCR
3086,3,S3,8,1,0,2,7,2,0,0,8,9,4,6,7,2,0,0,10,46,12.0,3,-3.311688311688312,0.5351471680187818,0.22219999999999995,15,9,CLE @ NYY
3087,3,S3,8,2,2,0,4,3,0,1,10,8,2,7,4,2,0,0,8,42,11.0,4,-1.785714285714286,0.3648125187387748,0.2108,17,7,BOS @ TBR
3088,3,S3,8,2,0,4,8,5,0,0,6,8,5,4,4,4,3,2,14,46,11.0,8,1.2142857142857142,0.10472132377463465,-0.21559999999999999,18,10,CIN @ TOR
3089,3,S3,8,2,0,2,4,12,0,0,10,15,2,1,5,2,1,1,8,53,12.0,6,-0.3116883116883119,0.2750559730546417,-0.12539999999999996,14,8,TEX @ OAK
3090,3,S3,8,1,1,6,2,5,1,2,13,8,3,9,5,0,2,1,10,53,13.0,5,-2.433990469961693,0.4917205005526309,0.5942000000000001,25,11,FLA @ ATL
3091,3,S3,8,5,1,2,2,7,0,2,9,9,4,6,6,2,0,0,10,51,12.0,8,1.6883116883116882,0.05731872637203734,-0.2296,20,13,COL @ MIL
3092,3,S3,8,0,0,3,10,7,0,1,7,10,3,9,8,4,0,0,13,57,13.666666666666666,6,-3.0896259615684074,0.5617183613839535,0.5189999999999999,27,15,PIT @ NYM
3093,3,S3,8,3,0,4,5,6,3,0,7,13,5,7,3,1,4,0,12,53,12.0,8,1.6883116883116882,0.08392459639594388,-0.2941999999999999,21,11,ARI @ HOU
3094,3,S3,8,5,0,2,5,5,0,0,5,18,1,8,4,0,2,0,12,53,12.0,8,1.6883116883116884,0.0750559730546417,-0.3262000000000002,23,14,STL @ CHC
3095,3,S3,8,6,0,5,5,11,0,0,6,11,2,4,6,3,1,1,16,56,11.0,12,6.2142857142857135,-0.3642384945308076,-0.12960000000000005,17,9,LAD @ PHI
3096,3,S3,8,2,1,2,3,6,0,0,8,8,12,2,4,2,0,0,8,48,12.0,5,-1.3116883116883118,0.344015791360084,0.34440000000000004,20,9,SFG @ SDP
3097,3,S3,9,2,1,3,4,6,1,0,10,8,3,3,8,3,1,1,10,48,12.0,7,0.6883116883116882,0.15288441470138625,-0.053000000000000116,18,13,NYY @ ARI
3098,3,S3,9,3,0,4,10,2,0,0,14,7,3,6,9,2,0,0,17,58,13.666666666666666,8,-0.3995762103246263,0.29714769793022644,0.14100000000000001,22,11,SDP @ PIT
3099,3,S3,9,2,0,3,9,8,0,0,7,8,5,7,9,3,0,2,14,58,13.666666666666666,8,-0.39957621032462676,0.30601632127152867,-0.1973999999999997,30,19,FLA @ STL
3100,3,S3,9,2,1,1,4,5,0,1,7,4,4,7,6,2,4,0,8,41,10.0,6,0.7402597402597402,0.12551805115332548,-0.050600000000000006,17,12,CHC @ NYM
3101,3,S3,9,4,0,7,9,3,0,0,9,7,0,7,8,1,4,1,20,54,11.0,13,7.176916196995613,-0.45606723113114633,-0.4198,16,11,HOU @ CLE
3102,3,S3,9,2,1,6,3,2,1,0,15,6,0,7,3,2,0,0,12,45,11.0,7,1.214285714285714,0.07811545375072812,0.09179999999999998,13,8,MIL @ LAD
3103,3,S3,9,2,1,2,3,3,0,3,3,6,0,2,4,0,0,2,8,26,5.666666666666667,5,2.000872262066292,-0.07592649942839835,-0.20400000000000007,11,7,OAK @ CIN
3104,3,S3,9,1,2,5,7,9,0,1,12,10,1,4,1,2,0,0,15,52,10.0,9,3.7402597402597406,-0.14344176715211684,-0.2810000000000001,11,2,BOS @ DET
3105,3,S3,9,2,0,5,12,3,1,0,15,7,1,7,5,1,0,0,19,57,12.0,9,2.688311688311688,-0.016075403604056085,-0.044000000000000025,19,7,TBR @ TEX
3106,3,S3,9,2,0,2,2,6,0,0,7,15,1,4,3,0,0,0,6,42,10.0,8,2.74025974025974,-0.08778488385862782,-0.276,16,7,PHI @ COL
3107,3,S3,9,1,1,4,3,6,0,1,16,8,4,3,1,1,3,0,9,47,11.0,5,-0.7857142857142858,0.30028701210398356,0.016600000000000052,12,5,KCR @ TOR
3108,3,S3,9,0,1,2,4,1,0,0,6,6,1,9,8,2,0,1,7,38,11.0,1,-4.960150847017475,0.6689532398571404,0.7148,21,12,ATL @ SFG
3109,3,S3,10,4,0,5,10,5,0,0,11,6,7,4,6,2,0,0,19,58,12.0,11,4.650942171021588,-0.20790414020439496,-0.2665999999999999,21,12,TOR @ BOS
3110,3,S3,10,4,1,4,6,6,0,0,6,9,3,10,4,4,1,0,15,53,12.0,7,0.688311688311688,0.1706216613839906,-0.6798,13,7,DET @ CLE
3111,3,S3,10,5,2,5,8,3,0,0,10,13,5,3,3,1,0,1,20,57,12.0,11,4.688311688311687,-0.21164109193340497,-0.9037999999999998,18,9,KCR @ TEX
3112,3,S3,10,2,0,0,4,5,0,1,5,6,4,5,7,1,3,5,6,38,11.0,4,-1.785714285714286,0.3825497654213792,0.21559999999999996,23,12,HOU @ NYY
3113,3,S3,10,2,1,5,3,6,0,0,12,9,3,3,4,1,0,1,11,48,11.0,6,0.2142857142857144,0.19585270043333247,0.06840000000000002,15,7,PIT @ COL
3114,3,S3,10,0,1,1,8,4,0,0,18,9,3,1,4,0,2,1,10,49,12.0,2,-4.311688311688312,0.6617530380426884,0.5316,16,8,CIN @ ARI
3115,3,S3,10,1,0,3,5,6,1,0,8,11,2,7,5,3,3,0,9,48,12.0,3,-3.311688311688312,0.5573187263720373,0.4535999999999999,20,9,OAK @ TBR
3116,3,S3,10,1,2,7,5,3,0,1,8,10,1,4,9,1,0,0,15,50,11.0,12,6.214285714285714,-0.3997129878960165,-0.18639999999999987,17,13,NYM @ FLA
3117,3,S3,10,3,1,1,2,7,0,0,11,8,1,3,7,1,0,2,7,44,11.0,6,0.2142857142857144,0.18254976542137918,-0.1438000000000001,19,12,CHC @ SFG
3118,3,S3,10,2,1,6,3,5,0,0,13,17,5,8,6,1,0,0,12,66,16.666666666666668,7,-4.740108475520827,0.7666754178150553,2.6586,26,15,LAD @ STL
3119,3,S3,10,2,0,4,5,6,0,1,5,8,7,4,6,3,0,0,11,47,11.0,5,-0.7857142857142858,0.2869840770920303,0.32000000000000006,19,12,SDP @ ATL
3120,3,S3,10,2,0,0,7,6,0,1,8,6,2,7,4,2,0,0,9,42,9.666666666666666,3,-2.103023841829812,0.3965434743503274,0.1942,14,6,MIL @ PHI
3121,3,S3,11,0,0,7,4,5,0,0,7,11,1,7,6,2,1,2,11,48,12.0,6,0.15541947503972797,0.21060794769923333,-0.15679999999999994,18,10,TEX @ TOR
3122,3,S3,11,1,0,1,6,7,0,0,13,7,1,7,1,3,0,1,8,44,11.0,3,-2.785714285714286,0.4781154537507281,0.22800000000000004,17,7,TBR @ BOS
3123,3,S3,11,4,0,3,6,1,0,0,10,5,1,9,8,3,0,0,13,47,12.0,6,-0.3116883116883118,0.2395814796894329,-0.15240000000000006,20,11,PIT @ LAD
3124,3,S3,11,3,2,2,5,2,0,0,14,12,4,0,4,1,0,1,12,48,12.0,6,-0.31168831168831157,0.24845010303073506,0.1299999999999999,16,5,ATL @ FLA
3125,3,S3,11,6,3,6,7,6,0,0,4,6,8,6,6,3,2,0,22,58,11.0,20,14.214285714285714,-1.1553698711895053,-0.3544,21,10,NYY @ KCR
3126,3,S3,11,0,0,5,4,2,0,0,13,7,3,6,6,0,2,1,9,46,12.0,3,-3.311688311688312,0.548450103030735,0.44360000000000005,21,12,DET @ HOU
3127,3,S3,11,6,0,3,6,5,0,0,9,9,2,8,5,1,0,2,15,53,12.0,13,6.688311688311688,-0.4249440269453584,-0.24280000000000007,19,10,CLE @ CIN
3128,3,S3,11,0,1,5,5,11,0,2,10,14,3,2,4,2,0,0,11,55,11.666666666666666,7,3.102945834653151,-0.06640744157950462,-1.5088000000000004,19,7,ARI @ OAK
3129,3,S3,11,5,0,4,3,4,0,0,6,11,0,6,8,0,1,2,12,47,11.0,11,5.2142857142857135,-0.29971298789601647,-0.5081999999999999,23,11,PHI @ CHC
3130,3,S3,11,1,0,4,4,7,0,2,12,18,2,6,3,0,1,0,9,57,13.666666666666666,3,-5.141658481893611,0.7713559250871249,1.1303999999999998,25,7,STL @ MIL
3131,3,S3,11,2,0,5,10,3,1,0,9,10,3,2,10,1,2,1,17,54,12.0,10,3.688311688311688,-0.11607540360405617,-0.21819999999999992,19,13,SFG @ NYM
3132,3,S3,11,0,3,5,5,5,0,0,7,6,8,4,9,2,0,0,13,52,12.0,6,-0.3116883116883117,0.26175303804268835,-0.02639999999999998,21,14,COL @ SDP
3133,3,S3,12,1,1,3,2,2,0,0,6,10,4,6,3,3,0,1,7,38,11.0,3,-2.785714285714286,0.45150958372682154,0.2754,20,12,PHI @ TOR
3134,3,S3,12,3,0,2,2,5,1,0,6,11,6,8,5,3,0,1,7,50,14.0,4,-3.556292628235074,0.5817791580267135,0.8775999999999999,26,10,DET @ PIT
3135,3,S3,12,3,5,3,3,3,0,1,8,15,3,6,3,1,0,0,14,52,12.0,8,1.6883116883116887,0.06175303804268836,-0.07359999999999994,15,9,KCR @ MIL
3136,3,S3,12,2,0,2,5,3,0,1,9,13,1,5,4,0,3,1,9,44,11.0,5,-0.7857142857142858,0.29141838876268134,0.05940000000000008,18,8,HOU @ STL
3137,3,S3,12,2,0,3,9,4,0,0,7,10,9,4,4,2,0,0,14,52,12.0,5,-1.3116883116883118,0.36175303804268844,0.37339999999999995,23,10,SDP @ ARI
3138,3,S3,12,6,1,3,6,4,1,0,7,12,2,4,5,3,0,1,16,50,11.333333333333334,11,5.195887445887445,-0.29343884938553844,-0.9687999999999997,22,9,LAD @ TEX
3139,3,S3,12,1,0,3,6,1,0,0,9,14,1,5,5,2,2,0,10,45,12.0,3,-3.311688311688312,0.5395814796894329,0.4571999999999999,18,6,COL @ CLE
3140,3,S3,12,2,1,2,5,5,0,0,4,11,5,2,7,2,2,0,10,45,10.666666666666666,4,-0.4463313456053928,0.25304578308114095,0.014000000000000012,20,10,ATL @ TBR
3141,3,S3,12,0,0,2,3,5,0,0,11,11,1,4,8,1,1,0,5,45,12.0,1,-5.311688311688312,0.7351471680187818,0.9658,17,12,SFG @ OAK
3142,3,S3,12,1,0,1,4,8,2,0,10,8,6,3,9,3,2,4,6,52,15.0,4,-6.933990469961693,0.950589123893933,2.6014,24,14,FLA @ NYY
3143,3,S3,12,1,0,6,1,5,0,0,5,13,3,4,0,0,0,2,8,38,9.0,5,0.2662337662337661,0.15074909020266736,-0.06570000000000002,18,6,CIN @ CHC
3144,3,S3,12,7,0,4,2,5,0,3,9,13,1,4,7,0,1,0,13,52,11.333333333333334,14,5.828794619985546,-0.3478609434540462,-1.173,18,9,NYM @ BOS
3145,3,S3,13,1,0,0,2,4,0,1,7,7,2,4,10,2,2,1,3,37,11.0,1,-4.785714285714286,0.6559438953974726,0.7504000000000001,17,9,TOR @ NYY
3146,3,S3,13,1,3,0,4,2,0,0,3,13,8,5,5,2,0,0,8,44,12.0,1,-5.311688311688312,0.7262785446774795,0.9265999999999999,28,13,BOS @ OAK
3147,3,S3,13,0,0,1,4,3,0,0,7,13,1,9,9,3,0,0,5,47,14.0,4,-5.556292628235074,0.7640419113441091,1.4019999999999997,29,11,CLE @ TEX
3148,3,S3,13,3,2,4,5,1,0,0,7,12,1,6,5,2,0,0,14,46,11.0,5,-0.7857142857142857,0.2825497654213792,0.0476,14,6,NYM @ PHI
3149,3,S3,13,0,0,2,9,4,0,0,7,13,7,7,1,1,0,0,11,50,12.0,1,-5.311688311688312,0.7528844147013862,0.9265999999999999,20,9,FLA @ SDP
3150,3,S3,13,3,1,0,5,5,0,0,8,10,4,9,3,2,0,0,9,48,12.0,5,-1.3116883116883118,0.344015791360084,0.30599999999999994,20,8,MIL @ ATL
3151,3,S3,13,2,0,5,7,3,0,0,7,14,1,6,9,3,2,1,14,54,13.666666666666666,7,-1.2169096881261814,0.37444673403973083,-0.04559999999999986,23,14,SFG @ LAD
3152,3,S3,13,0,0,2,3,4,0,0,10,15,0,3,6,2,0,0,5,43,12.0,1,-5.311688311688312,0.7218442330068284,0.9497999999999998,18,9,COL @ STL
3153,3,S3,13,0,0,5,5,7,1,0,11,12,2,2,7,1,0,1,10,51,12.0,1,-5.311688311688312,0.7617530380426883,0.9658,18,11,CIN @ KCR
3154,3,S3,13,2,0,2,5,6,0,0,12,13,2,2,4,1,3,2,9,48,12.0,7,0.688311688311688,0.16618734971333948,0.05339999999999998,18,8,HOU @ TBR
3155,3,S3,13,1,0,3,3,6,0,0,8,16,1,5,1,2,0,0,7,44,11.0,2,-3.785714285714286,0.573681142080077,0.40260000000000007,14,4,ARI @ DET
3156,3,S3,13,3,1,5,6,7,2,0,5,10,5,8,6,1,2,1,15,56,12.0,11,4.688311688311688,-0.20720678026275394,-0.43800000000000006,23,15,PIT @ CHC
3157,3,S3,14,1,1,4,7,0,0,0,5,10,0,7,12,2,0,0,13,47,12.0,6,-0.3116883116883116,0.23958147968943286,-0.14460000000000006,24,14,CLE @ ARI
3158,3,S3,14,0,0,1,5,4,0,0,7,11,4,5,4,2,2,0,6,41,11.0,1,-4.785714285714286,0.6692468304094259,0.7148,22,9,PIT @ FLA
3159,3,S3,14,3,0,4,8,4,1,1,10,11,2,3,4,3,0,0,15,49,11.0,9,3.2142857142857144,-0.1041472995666675,-0.41819999999999996,15,8,KCR @ DET
3160,3,S3,14,0,0,3,4,3,0,0,8,11,5,5,3,1,0,0,7,42,11.0,2,-3.785714285714286,0.5648125187387748,0.43479999999999996,18,5,OAK @ TEX
3161,3,S3,14,1,2,4,8,1,0,0,10,12,1,7,5,1,0,0,15,51,12.0,6,-0.3116883116883119,0.25731872637203723,0.18319999999999997,19,11,NYM @ MIL
3162,3,S3,14,1,0,3,2,4,0,0,12,8,4,5,3,1,0,0,6,42,11.0,3,-2.7857142857142856,0.46481251873877477,0.3198000000000001,18,10,LAD @ COL
3163,3,S3,14,4,0,2,9,3,1,0,16,12,6,7,3,3,0,0,15,62,15.666666666666666,11,-0.8995762103246263,0.36488494461283083,0.9186000000000003,23,9,SDP @ SFG
3164,3,S3,14,3,0,2,2,4,0,2,8,9,2,3,1,1,0,0,7,34,8.0,5,0.7922077922077921,0.07154581758135822,-0.10899999999999996,10,4,NYY @ TBR
3165,3,S3,14,1,0,2,5,4,0,0,6,9,3,7,7,1,2,0,8,44,11.0,4,-1.785714285714286,0.3825497654213792,0.4815999999999999,22,11,TOR @ HOU
3166,3,S3,14,2,3,6,4,4,0,0,16,7,1,7,10,0,0,0,15,60,13.666666666666666,10,0.8583415181063891,0.1802245484284271,-0.5089999999999999,21,15,CIN @ BOS
3167,3,S3,14,0,2,1,3,0,0,0,11,11,1,8,4,1,0,0,6,41,12.0,2,-4.311688311688312,0.6129756096655262,0.7236,16,7,PHI @ ATL
3168,3,S3,14,2,0,2,3,5,0,1,4,13,3,7,3,2,2,1,7,42,11.0,3,-2.7857142857142856,0.4781154537507281,0.46840000000000004,21,8,CHC @ STL
3169,3,S3,15,2,0,4,3,7,0,1,9,10,1,8,2,3,0,0,9,46,11.0,3,-2.785714285714286,0.4825497654213792,0.30140000000000006,17,7,TBR @ CIN
3170,3,S3,15,0,0,2,6,3,0,1,5,6,3,10,7,2,2,0,8,42,11.0,1,-4.785714285714286,0.673681142080077,0.7385999999999998,19,8,BOS @ CLE
3171,3,S3,15,0,0,3,3,5,0,0,10,8,4,5,8,1,1,0,6,46,12.0,2,-4.311688311688312,0.6395814796894328,0.5315999999999999,19,10,DET @ NYY
3172,3,S3,15,4,1,5,5,10,0,0,7,18,0,7,1,1,2,1,15,58,11.666666666666666,13,7.102945834653152,-0.43980157155559807,-1.3566000000000003,19,10,TEX @ HOU
3173,3,S3,15,6,1,2,2,5,0,2,3,12,6,5,1,0,0,0,11,43,9.0,10,5.266233766233767,-0.3359479747853793,-0.5414000000000001,18,6,OAK @ KCR
3174,3,S3,15,3,0,4,5,2,0,0,8,5,3,8,6,0,1,0,12,44,10.0,7,1.7402597402597402,0.0255180511533255,-0.5431,16,9,ATL @ PIT
3175,3,S3,15,1,0,4,3,8,0,0,7,7,2,8,7,3,2,1,8,47,11.666666666666666,3,-2.845021645021645,0.5062177480347195,0.04799999999999999,24,15,FLA @ LAD
3176,3,S3,15,3,2,7,3,7,0,0,12,10,3,3,4,1,1,0,15,54,11.0,12,6.214285714285714,-0.37754142954276093,-0.6690000000000004,14,7,STL @ PHI
3177,3,S3,15,2,0,4,8,3,0,0,11,11,1,3,5,4,1,1,14,48,12.0,4,-2.311688311688312,0.4528844147013862,0.32180000000000014,18,9,SFG @ MIL
3178,3,S3,15,3,1,3,7,5,0,0,6,18,6,6,3,1,1,2,14,58,14.0,8,0.4437073717649258,0.2216879630625734,0.20500000000000007,23,11,COL @ NYM
3179,3,S3,15,0,1,3,9,4,0,0,8,3,10,7,4,2,1,2,13,49,12.0,3,-3.311688311688312,0.5617530380426884,0.5273999999999999,24,12,SDP @ CHC
3180,3,S3,15,1,0,6,7,6,0,0,7,15,9,3,4,1,0,0,14,58,13.0,7,0.16233766233766223,0.24095631066399759,0.1432,25,8,ARI @ TOR
3181,3,S3,16,2,0,3,5,4,0,0,7,15,0,6,5,1,0,1,10,48,12.0,3,-3.311688311688312,0.548450103030735,0.4366000000000001,12,7,TOR @ TBR
3182,3,S3,16,7,0,3,2,2,0,0,8,8,3,5,10,1,1,1,12,48,12.0,9,2.688311688311688,-0.04711558529861377,-0.5737999999999999,22,13,BOS @ NYY
3183,3,S3,16,2,0,1,3,2,0,0,13,8,2,4,9,0,1,0,6,44,12.0,2,-4.311688311688312,0.6307128563481307,0.7075999999999999,18,11,CIN @ DET
3184,3,S3,16,1,0,9,5,7,0,1,6,11,6,7,4,2,1,0,15,56,12.0,10,3.688311688311688,-0.1160754036040561,-0.162,25,12,KCR @ HOU
3185,3,S3,16,4,1,4,0,4,0,0,6,10,2,1,8,0,0,0,9,40,9.0,7,2.8625618985331216,-0.10888372302726813,-0.7114,20,10,TEX @ ARI
3186,3,S3,16,1,0,1,4,4,0,0,5,7,2,8,10,3,1,1,6,42,12.0,2,-4.311688311688312,0.6218442330068285,0.5368,22,11,CLE @ OAK
3187,3,S3,16,6,0,7,5,2,1,0,9,9,2,7,5,0,0,1,18,52,11.0,9,4.438311688311687,-0.20881265028666046,-0.9148000000000001,16,12,NYM @ ATL
3188,3,S3,16,3,0,8,8,2,0,0,5,15,2,7,4,0,3,0,19,54,11.0,11,5.81061384658507,-0.32830561943139425,-0.7650000000000001,18,9,PHI @ FLA
3189,3,S3,16,0,1,5,3,3,0,0,12,6,2,7,6,0,1,0,9,45,11.0,4,-1.785714285714286,0.38254976542137914,0.26079999999999987,19,12,PIT @ STL
3190,3,S3,16,1,0,2,2,2,0,0,9,9,3,5,5,1,0,1,5,38,11.0,1,-4.785714285714286,0.6515095837268214,0.7386,22,10,CHC @ MIL
3191,3,S3,16,2,1,2,5,4,0,0,9,11,2,5,4,2,0,0,10,45,11.0,7,1.2142857142857144,0.07811545375072801,0.09459999999999998,20,8,SFG @ COL
3192,3,S3,16,3,1,1,2,3,0,0,13,12,2,6,3,0,0,0,7,46,12.0,5,-1.3116883116883118,0.3351471680187818,0.08120000000000008,17,8,LAD @ SDP
4001,4,S4,1,1,0,5,7,5,0,0,11,4,3,7,9,2,0,0,13,52,12.0,4,-2.6753069577080493,0.49733311478576914,0.24919999999999998,22,10,TOR @ BOS
4002,4,S4,1,3,3,2,8,4,0,0,10,10,3,7,2,2,3,2,16,52,12.0,11,4.32469304229195,-0.18057049877048423,-0.3968,18,10,NYY @ TBR
4003,4,S4,1,1,1,2,4,13,1,1,4,9,3,7,5,6,1,1,8,50,12.333333333333334,5,-1.6753069577080493,0.3973331147857691,0.4115999999999999,21,15,SEA @ BAL
4004,4,S4,1,0,3,14,6,11,1,0,7,13,3,4,5,1,1,1,23,66,11.333333333333334,17,11.931530649129558,-0.8926422092780026,-1.8064000000000002,20,8,ANA @ KCR
4005,4,S4,1,4,0,3,8,1,0,0,9,11,2,5,8,1,0,0,15,51,12.0,7,0.32469304229195084,0.19291383749701982,-0.2042,19,8,DET @ MIN
4006,4,S4,1,7,0,2,7,5,0,0,10,13,4,2,5,0,1,2,16,55,12.0,10,3.3246930422919507,-0.07615122148173495,-0.0512000000000001,17,7,HOU @ TEX
4007,4,S4,1,3,0,4,5,4,0,0,3,9,1,9,8,3,0,0,12,46,11.0,4,-2.119031377899045,0.41518989307237286,0.1734,21,11,CLE @ OAK
4008,4,S4,1,2,0,4,5,4,0,0,10,9,1,7,2,1,0,0,11,44,10.0,8,2.437244201909959,-0.04927621948602612,-0.3032,17,9,MTL @ ATL
4009,4,S4,1,5,1,3,6,6,0,1,10,4,2,4,8,2,2,3,15,49,11.0,13,6.880968622100955,-0.44945588861763264,-0.9792000000000001,18,12,NYM @ PHI
4010,4,S4,1,5,2,4,11,7,1,0,8,10,1,7,6,3,0,1,22,61,12.0,17,10.324693042291951,-0.7584741123267378,-0.6799999999999999,21,13,CWS @ FLA
4011,4,S4,1,1,0,2,4,10,0,1,11,17,1,1,2,1,1,0,7,49,11.0,6,-0.11903137789904572,0.2328670022273702,-0.15580000000000002,16,3,CIN @ STL
4012,4,S4,1,3,1,3,5,7,1,0,10,11,4,3,6,0,3,1,12,54,12.0,8,1.3246930422919507,0.12384877851826503,-0.28320000000000006,23,12,CHC @ PIT
4013,4,S4,1,4,0,1,2,4,0,0,8,9,3,5,6,1,0,1,7,42,11.0,5,-1.119031377899045,0.3019320612061249,0.2584,22,11,ARI @ COL
4014,4,S4,1,1,0,2,6,3,0,0,12,3,6,6,6,0,0,0,9,45,11.0,3,-3.119031377899045,0.5107706157836236,0.22639999999999988,20,11,MIL @ SFG
4015,4,S4,1,1,3,6,5,1,0,0,10,6,7,4,4,2,0,0,15,47,11.0,9,2.880968622100955,-0.08039082963887781,-0.2835999999999999,15,7,SDP @ LAD
4016,4,S4,2,0,2,2,6,5,0,1,10,12,4,4,3,3,0,0,10,48,12.0,2,-4.67530695770805,0.6796560056307719,0.7354,18,7,NYY @ DET
4017,4,S4,2,0,0,1,7,1,0,1,6,8,4,7,6,2,1,0,8,40,11.0,1,-5.119031377899045,0.6930935066286263,0.7386,17,8,CLE @ TOR
4018,4,S4,2,2,0,1,7,6,1,0,5,15,1,7,2,2,0,1,10,46,11.0,5,-1.119031377899045,0.31960917036112224,-0.14779999999999988,20,9,OAK @ BOS
4019,4,S4,2,1,3,1,2,8,0,0,5,6,3,13,5,1,1,0,7,47,11.0,8,1.880968622100955,0.024028447649871477,0.08880000000000002,21,14,TBR @ ANA
4020,4,S4,2,2,2,3,5,3,0,1,9,10,3,9,2,2,1,1,12,48,12.0,6,-0.6753069577080494,0.2884945602082705,-0.046999999999999965,22,9,BAL @ SDP
4021,4,S4,2,2,0,7,2,5,0,0,12,13,2,3,3,0,0,0,11,49,11.0,9,2.880968622100955,-0.07155227506137918,-0.3726,17,8,KCR @ CWS
4022,4,S4,2,1,1,2,8,2,0,0,12,9,2,9,2,2,0,0,12,48,12.0,5,-1.675306957708049,0.3796560056307719,0.16920000000000002,18,7,MIN @ NYM
4023,4,S4,2,4,0,3,4,6,0,0,9,12,2,3,6,1,0,0,11,49,11.0,9,2.880968622100955,-0.07155227506137918,-0.3336000000000001,18,11,TEX @ SEA
4024,4,S4,2,2,1,3,2,4,0,0,12,3,2,6,10,2,0,1,8,45,12.0,4,-2.6753069577080493,0.47081745105327333,0.3979999999999999,19,13,HOU @ CIN
4025,4,S4,2,0,0,0,7,4,0,0,7,10,0,6,6,3,1,1,7,40,11.0,1,-5.119031377899045,0.6975127839173756,0.7574000000000002,14,8,ATL @ CHC
4026,4,S4,2,0,0,5,8,4,0,0,5,10,3,3,10,2,1,3,13,48,12.0,5,-1.6753069577080493,0.3973331147857691,0.07960000000000003,19,12,PHI @ FLA
4027,4,S4,2,2,0,1,4,3,0,1,9,9,8,4,3,0,0,0,7,43,11.0,4,-2.1190313778990455,0.40193206120612496,0.27999999999999997,16,9,ARI @ MTL
4028,4,S4,2,2,1,2,7,6,1,0,8,9,4,5,5,1,2,2,12,49,11.333333333333334,8,1.6560512920640564,0.06861656709730798,-0.47260000000000013,24,11,STL @ COL
4029,4,S4,2,4,0,1,1,1,0,0,8,11,9,2,6,0,1,0,6,43,12.0,4,-2.6753069577080493,0.46197889647577467,0.3990000000000002,25,8,PIT @ MIL
4030,4,S4,2,2,0,4,3,0,0,0,12,12,3,1,7,0,0,1,9,44,12.0,3,-3.6753069577080497,0.566398173764524,0.5918,21,9,SFG @ LAD
4031,4,S4,3,2,0,4,5,4,0,1,5,9,5,7,6,4,0,0,11,47,12.0,6,-0.6753069577080492,0.2752367283420226,-0.22879999999999986,19,12,BOS @ NYY
4032,4,S4,3,1,0,1,6,2,0,0,11,10,10,1,3,1,0,0,8,45,12.0,4,-2.6753069577080493,0.46639817376452397,0.2364,17,6,TEX @ TOR
4033,4,S4,3,6,2,8,6,2,0,0,8,16,4,5,0,0,0,0,22,57,11.0,12,5.880968622100955,-0.3361980567513847,-0.4292000000000001,19,5,TBR @ BAL
4034,4,S4,3,4,0,8,6,5,1,0,12,10,2,7,10,0,1,0,18,64,13.666666666666666,13,4.574418680891761,-0.17018884432047088,-0.12479999999999991,21,16,KCR @ OAK
4035,4,S4,3,1,1,1,4,4,1,0,11,3,4,4,7,3,1,1,7,40,11.0,1,-5.119031377899045,0.6975127839173756,0.7504,19,12,DET @ SEA
4036,4,S4,3,2,1,2,6,2,0,0,3,10,0,7,7,4,0,2,11,40,11.0,2,-4.119031377899045,0.5975127839173756,0.4818,19,8,CWS @ CLE
4037,4,S4,3,6,2,0,4,2,0,0,7,4,4,9,5,0,0,1,12,43,10.0,9,3.4372442019099587,-0.1492762194860262,-0.17599999999999982,19,10,ARI @ ANA
4038,4,S4,3,5,0,5,20,14,3,0,10,11,1,4,6,4,5,0,30,76,12.0,24,17.32469304229195,-1.3745078438405007,-0.36700000000000016,23,10,MIN @ HOU
4039,4,S4,3,4,1,3,2,7,0,0,9,14,3,1,7,2,1,0,10,51,12.0,7,0.3246930422919503,0.1973331147857692,-0.024200000000000013,18,9,LAD @ ATL
4040,4,S4,3,2,2,2,9,5,0,0,9,8,4,4,3,1,4,3,15,49,11.0,7,0.8809686221009548,0.159382665959866,-0.5693999999999999,22,9,COL @ PHI
4041,4,S4,3,0,0,3,11,4,1,0,11,13,1,5,6,4,2,0,14,54,13.333333333333334,3,-4.16673552913662,0.6641530810836236,0.7585999999999997,21,11,FLA @ STL
4042,4,S4,3,1,1,7,5,5,0,0,9,6,9,3,4,2,0,0,14,50,11.0,4,-2.119031377899045,0.4328670022273701,0.19539999999999993,17,11,MTL @ MIL
4043,4,S4,3,1,0,5,2,3,0,0,10,11,7,4,3,1,0,0,8,46,12.0,4,-2.6753069577080493,0.47081745105327333,0.054599999999999996,14,8,NYM @ CIN
4044,4,S4,3,2,1,3,9,6,0,0,7,3,2,10,7,1,2,3,15,50,11.0,9,2.880968622100955,-0.04503661132888328,0.30240000000000006,23,13,CHC @ SFG
4045,4,S4,3,3,0,4,3,2,0,0,15,9,3,4,2,0,0,0,10,45,11.0,8,1.880968622100955,0.010770615783623573,0.17419999999999994,11,5,PIT @ SDP
4046,4,S4,4,0,1,3,7,5,0,0,11,14,7,5,2,1,0,0,11,56,13.666666666666666,5,-3.584855870333885,0.60596511520335,0.8162,21,6,STL @ NYY
4047,4,S4,4,2,0,5,4,1,0,0,7,11,3,6,6,0,0,0,11,45,11.0,6,-0.11903137789904528,0.21077061578362358,-0.2848,20,6,TOR @ TBR
4048,4,S4,4,3,0,5,8,10,1,0,8,12,4,5,4,2,1,1,16,59,12.0,14,7.32469304229195,-0.4628933896154871,-0.7552,21,7,BAL @ BOS
4049,4,S4,4,7,0,2,3,3,0,0,11,14,2,7,3,2,0,0,12,52,13.0,10,1.8181114792438118,0.04799127109058304,0.2238000000000001,23,13,COL @ KCR
4050,4,S4,4,5,3,3,7,7,0,0,11,13,2,3,6,1,0,0,18,60,12.0,15,8.324693042291951,-0.5673126669042364,-0.2948,18,8,DET @ TEX
4051,4,S4,4,6,0,3,3,9,0,0,9,17,3,8,6,2,0,0,12,64,15.0,15,3.21026834198891,-0.03819308771893504,-0.4560000000000001,23,13,CWS @ OAK
4052,4,S4,4,2,1,3,3,3,1,0,10,9,4,7,5,1,0,0,9,47,12.0,6,-0.6753069577080494,0.2752367283420227,0.12,19,6,ANA @ MIN
4053,4,S4,4,5,0,1,2,4,0,0,5,15,2,6,3,1,0,1,8,43,11.0,6,-0.11903137789904528,0.20635133849487425,-2.0816681711721685e-17,19,6,ATL @ CLE
4054,4,S4,4,3,1,4,8,8,1,0,11,9,4,8,5,2,2,0,16,62,13.333333333333334,11,2.840470914271603,-0.0012133449472043582,-0.31980000000000003,21,11,SEA @ HOU
4055,4,S4,4,2,0,3,7,5,0,0,11,9,2,5,3,2,3,1,12,47,11.0,7,0.8809686221009551,0.13728627951611944,-0.12140000000000004,18,6,PHI @ CHC
4056,4,S4,4,1,2,3,1,4,1,0,7,17,0,2,6,1,1,0,7,43,11.0,3,-3.119031377899045,0.5063513384948742,0.2660000000000001,17,7,FLA @ PIT
4057,4,S4,4,1,0,0,3,2,0,0,8,9,3,4,6,2,0,1,4,36,11.0,1,-5.119031377899045,0.675416397473629,0.7636000000000002,15,8,NYM @ MTL
4058,4,S4,4,1,0,3,5,5,0,0,8,12,4,3,4,1,1,1,9,45,11.0,3,-3.119031377899045,0.5196091703611222,0.43279999999999996,20,10,MIL @ ARI
4059,4,S4,4,3,0,5,4,7,0,0,5,9,8,4,5,2,1,0,12,50,11.0,5,-1.1190313778990453,0.33728627951611945,-0.011400000000000049,19,9,CIN @ LAD
4060,4,S4,4,1,0,5,9,13,0,0,7,8,0,6,7,4,2,1,15,56,11.0,10,3.880968622100955,-0.1317787794626354,-0.5425999999999999,22,13,SDP @ SFG
4061,4,S4,5,3,2,8,3,6,0,0,6,9,8,6,7,0,0,0,16,58,12.0,11,4.32469304229195,-0.17615122148173495,-0.22079999999999977,25,13,NYY @ KCR
4062,4,S4,5,2,0,0,4,4,0,1,6,9,6,3,2,1,0,0,6,36,9.0,2,-3.006480218281037,0.4597420042230789,0.3667999999999999,15,5,TOR @ DET
4063,4,S4,5,4,1,1,7,14,0,1,7,8,4,9,4,4,0,0,13,59,12.0,14,7.32469304229195,-0.4717319441929856,-0.5766000000000002,22,10,BOS @ LAD
4064,4,S4,5,2,1,2,6,3,0,0,11,7,4,5,6,2,2,0,11,47,11.666666666666666,6,-0.2954619964677394,0.2460907867954902,-0.3144,17,9,TEX @ TBR
4065,4,S4,5,0,0,3,4,3,0,0,6,9,5,4,8,1,1,0,7,42,11.0,1,-5.119031377899045,0.701932061206125,0.7504000000000002,23,16,OAK @ BAL
4066,4,S4,5,3,0,4,4,4,0,0,11,8,2,4,9,1,0,1,11,49,12.0,7,0.32469304229195095,0.18849456020827055,-0.114,21,12,MIN @ CWS
4067,4,S4,5,1,3,1,3,7,1,0,6,12,4,5,6,2,2,1,8,48,12.0,5,-1.6753069577080495,0.39291383749701986,-0.12360000000000006,21,9,ANA @ SEA
4068,4,S4,5,9,0,5,3,6,0,1,6,11,2,7,8,2,1,0,17,57,12.0,15,8.32469304229195,-0.5761512214817349,-0.3986,22,13,CLE @ HOU
4069,4,S4,5,2,0,0,4,5,0,0,8,10,1,7,6,3,2,1,6,43,12.0,3,-3.6753069577080493,0.5708174510532733,0.29080000000000006,21,11,ATL @ FLA
4070,4,S4,5,4,2,5,5,5,0,0,12,11,1,4,6,1,0,1,16,55,12.0,13,6.32469304229195,-0.38498977605923357,-0.2046,14,9,MTL @ PHI
4071,4,S4,5,2,0,5,9,5,0,0,9,11,2,5,4,1,1,1,16,52,11.0,10,3.8809686221009554,-0.1494558886176326,-0.36339999999999995,19,10,NYM @ PIT
4072,4,S4,5,2,2,1,7,5,0,1,14,6,6,2,4,1,0,0,12,49,11.0,11,4.880968622100955,-0.2715522750613792,-0.6262,16,8,STL @ MIL
4073,4,S4,5,2,0,3,4,6,0,0,7,8,2,3,6,2,1,2,9,41,10.0,3,-2.5627557980900413,0.4507237805139739,0.23159999999999997,14,9,CHC @ CIN
4074,4,S4,5,1,4,5,10,6,0,0,8,7,1,7,7,4,2,2,20,56,12.0,9,2.324693042291951,0.03268733309576363,-0.1323999999999999,22,13,SDP @ COL
4075,4,S4,5,3,0,5,8,5,0,1,8,13,3,5,6,0,2,1,16,56,12.0,12,5.125661775878839,-0.25182881755167447,-0.30760000000000004,23,12,ARI @ SFG
4076,4,S4,6,4,0,0,7,6,1,0,8,13,5,4,5,0,0,1,11,52,12.0,11,4.32469304229195,-0.19824760792548146,-0.03780000000000005,21,10,NYY @ CWS
4077,4,S4,6,2,1,2,6,10,0,0,5,9,5,5,11,0,1,1,11,56,12.0,7,0.3246930422919506,0.223848778518265,0.11239999999999997,23,14,CHC @ TOR
4078,4,S4,6,4,0,1,3,4,0,0,12,6,8,1,4,1,1,1,8,43,11.0,5,-1.1190313778990453,0.3107706157836235,0.03420000000000005,16,5,HOU @ BOS
4079,4,S4,6,3,0,2,7,3,0,0,5,7,4,10,5,2,2,0,12,46,11.0,6,-0.11903137789904517,0.2240284476498715,0.05399999999999995,21,8,TBR @ MIN
4080,4,S4,6,2,3,2,3,5,0,0,4,10,3,5,9,1,0,1,10,46,11.0,7,0.8809686221009547,0.1196091703611222,-0.003399999999999931,22,12,BAL @ ANA
4081,4,S4,6,2,1,2,9,5,0,0,10,13,1,5,4,2,0,1,14,52,12.0,5,-1.6753069577080493,0.40175239207451846,-0.15179999999999993,21,11,KCR @ CLE
4082,4,S4,6,1,0,3,7,4,0,0,11,7,1,6,8,1,0,0,11,48,11.333333333333334,6,-0.3439487079359438,0.24652018065356135,-0.04299999999999998,21,12,SFG @ DET
4083,4,S4,6,1,1,4,5,3,0,0,8,14,0,7,2,1,0,1,11,45,11.0,6,-0.1190313778990448,0.21518989307237285,-0.08000000000000006,19,8,PHI @ TEX
4084,4,S4,6,1,1,2,4,4,0,1,2,15,4,5,7,0,1,0,8,45,11.0,1,-5.119031377899045,0.7151898930723729,0.7504000000000001,21,13,SEA @ OAK
4085,4,S4,6,2,0,1,7,7,0,0,8,10,2,8,4,1,3,1,10,49,11.333333333333334,5,-0.10387838627947765,0.24460953493166132,-0.4704000000000001,20,7,COL @ ATL
4086,4,S4,6,2,1,1,3,4,1,0,15,9,2,5,6,3,1,1,7,49,14.0,3,-5.738164100565192,0.799199551782734,1.1598000000000002,20,11,FLA @ MTL
4087,4,S4,6,2,2,2,4,2,0,0,9,11,7,4,5,0,0,0,10,48,12.0,5,-1.6753069577080493,0.3796560056307719,0.11480000000000005,17,10,ARI @ NYM
4088,4,S4,6,6,0,3,7,3,0,0,13,13,3,3,3,1,0,0,16,54,12.0,8,1.3246930422919507,0.10617166936326777,0.009999999999999981,19,5,STL @ LAD
4089,4,S4,6,2,0,5,13,9,0,0,7,14,6,4,4,1,0,0,20,64,12.0,15,8.324693042291951,-0.5496355577492391,-0.7594000000000002,21,11,PIT @ CIN
4090,4,S4,6,0,3,4,6,5,0,2,6,14,3,7,3,0,1,0,13,51,11.0,5,-1.119031377899045,0.34170555680486875,0.2264,20,8,MIL @ SDP
4091,4,S4,7,1,0,4,6,3,0,0,11,10,5,5,4,0,0,1,11,49,12.0,5,-1.6753069577080488,0.38849456020827056,0.5412000000000001,18,10,NYY @ TOR
4092,4,S4,7,2,1,1,2,5,0,1,12,6,4,7,6,1,0,0,6,46,12.0,5,-1.6753069577080497,0.3708174510532733,0.0034000000000000558,19,11,BOS @ TBR
4093,4,S4,7,5,0,4,8,3,0,0,10,8,1,7,4,2,0,1,17,50,11.0,9,2.8809686221009545,-0.06271372048388055,-0.24300000000000005,18,11,HOU @ BAL
4094,4,S4,7,1,1,4,9,12,1,0,10,14,5,2,8,2,1,0,15,66,13.666666666666666,13,4.574418680891761,-0.16135028974297225,0.2705999999999999,27,14,DET @ KCR
4095,4,S4,7,2,2,0,4,3,0,0,10,12,1,4,7,2,0,0,8,45,12.0,3,-3.6753069577080493,0.566398173764524,0.3317999999999999,22,10,CWS @ ANA
4096,4,S4,7,2,1,3,4,11,1,0,9,7,1,4,9,2,2,2,10,51,11.333333333333334,7,1.234897123924604,0.11957053848875179,-0.2712,18,12,MIN @ SEA
4097,4,S4,7,3,0,2,7,7,0,0,13,11,0,4,2,3,0,0,12,49,11.0,7,0.8809686221009548,0.1284477249386208,0.11640000000000006,12,3,CLE @ TEX
4098,4,S4,7,3,0,3,6,4,1,0,10,12,4,4,5,1,0,0,12,51,12.0,8,1.3246930422919512,0.09291383749701979,0.05639999999999997,27,12,OAK @ PIT
4099,4,S4,7,3,0,3,1,2,0,0,10,10,2,8,3,1,0,1,7,42,11.666666666666666,3,-3.521998727476742,0.5422287961638946,0.2865999999999998,19,7,NYM @ ATL
4100,4,S4,7,1,0,2,2,7,0,0,8,15,6,5,4,2,1,0,5,50,13.333333333333334,3,-4.827960018932538,0.7081791436194688,1.1368000000000003,26,10,PHI @ STL
4101,4,S4,7,2,0,1,7,6,0,0,9,7,2,5,7,1,2,1,10,47,11.0,5,-1.1190313778990446,0.33286700222737015,0.023200000000000026,22,13,COL @ FLA
4102,4,S4,7,3,1,4,4,4,0,0,11,12,2,3,7,1,0,0,12,51,12.0,9,2.324693042291951,-0.007086162502980178,-0.24920000000000003,18,8,SFG @ MTL
4103,4,S4,7,0,1,2,9,9,0,0,6,6,1,6,9,4,1,1,12,49,11.0,6,-0.1190313778990448,0.2372862795161194,0.17819999999999983,20,15,MIL @ CHC
4104,4,S4,7,0,0,3,3,7,2,0,8,12,3,7,3,2,0,1,6,46,12.0,4,-2.6753069577080493,0.47523672834202263,0.39900000000000024,16,7,CIN @ SDP
4105,4,S4,7,2,1,4,4,2,0,0,8,11,6,3,4,0,0,1,11,45,11.0,7,0.8809686221009548,0.11518989307237289,-0.12340000000000002,21,10,LAD @ ARI
4106,4,S4,8,3,0,5,5,5,1,0,10,7,11,2,3,0,0,0,13,51,11.0,12,5.880968622100955,-0.3627137204838805,-1.2734,20,7,TOR @ BAL
4107,4,S4,8,1,1,2,9,9,0,2,6,6,0,5,9,1,0,0,13,48,9.0,8,4.825303903402496,-0.27040508048028256,-0.28179999999999994,16,12,CLE @ BOS
4108,4,S4,8,2,0,4,2,6,0,0,10,14,3,5,3,1,1,0,8,49,12.0,3,-3.6753069577080493,0.5884945602082705,0.5372,16,6,TBR @ ARI
4109,4,S4,8,6,2,1,5,4,0,0,10,7,2,7,9,1,1,0,14,53,12.0,12,5.324693042291951,-0.2938283306367322,-0.22419999999999995,18,9,KCR @ MIN
4110,4,S4,8,4,1,4,13,5,0,0,7,10,4,8,10,3,1,0,22,66,14.0,15,6.261835899434808,-0.33009201159727686,-0.3714000000000002,25,16,CWS @ DET
4111,4,S4,8,5,0,2,7,1,0,1,7,18,2,1,8,0,1,0,14,51,12.0,8,1.3246930422919503,0.09733311478576918,-0.16940000000000005,17,8,ANA @ MTL
4112,4,S4,8,6,1,3,5,5,1,0,8,15,2,5,8,2,1,0,15,58,13.333333333333334,11,3.8686735062724145,-0.12612999059103205,-0.4358000000000003,24,13,OAK @ HOU
4113,4,S4,8,2,2,1,6,2,0,0,9,10,8,1,4,4,0,0,11,45,12.0,3,-3.6753069577080493,0.566398173764524,0.7054,21,5,SEA @ MIL
4114,4,S4,8,3,1,0,4,1,0,0,1,10,0,6,3,2,1,0,8,29,7.333333333333333,4,0.1284303763647624,0.11973528102600314,-0.00679999999999999,11,5,ATL @ PHI
4115,4,S4,8,4,2,4,2,5,0,0,10,7,6,6,6,1,0,0,12,52,12.0,10,3.3246930422919503,-0.1026668852142308,-0.31439999999999996,23,9,FLA @ CIN
4116,4,S4,8,0,2,1,6,6,0,0,7,12,3,7,3,1,0,0,9,47,11.0,5,-1.119031377899045,0.3196091703611222,-0.016799999999999947,20,10,SDP @ NYM
4117,4,S4,8,0,1,5,4,4,0,0,9,5,4,6,3,1,3,1,10,42,10.0,6,0.43724420190995916,0.15956233509147247,0.01240000000000007,16,9,CHC @ STL
4118,4,S4,8,2,0,3,7,7,1,0,11,5,2,3,8,4,0,0,12,48,11.0,6,-0.11903137789904514,0.22402844764987154,0.16639999999999994,17,9,PIT @ LAD
4119,4,S4,8,2,0,5,6,4,0,1,9,3,0,5,3,1,0,0,13,37,7.0,10,6.106070941336971,-0.44709383444997264,-0.21799999999999994,10,7,COL @ SFG
4120,4,S4,8,0,0,5,1,6,0,0,20,3,1,3,3,2,0,0,6,43,11.0,2,-4.119031377899045,0.601932061206125,0.4756,11,5,TEX @ NYY
4121,4,S4,9,0,0,2,11,10,0,0,8,8,5,8,4,3,0,0,13,56,12.0,7,0.32469304229195084,0.2150102239407664,0.013599999999999939,23,12,NYY @ BOS
4122,4,S4,9,0,0,3,5,5,0,1,8,7,3,7,4,4,0,0,8,42,11.0,3,-3.119031377899045,0.4975127839173756,0.5124,16,7,TOR @ SFG
4123,4,S4,9,1,2,0,2,5,0,0,3,13,6,2,7,1,3,2,5,41,11.333333333333334,3,-3.343948707935944,0.5376816260760627,0.18960000000000005,23,11,HOU @ TBR
4124,4,S4,9,1,0,0,4,2,0,0,10,5,1,8,9,1,1,1,5,40,11.666666666666666,3,-3.521998727476742,0.5378095188751453,0.6661999999999997,20,10,BAL @ MIN
4125,4,S4,9,5,0,0,5,2,0,0,5,19,3,1,5,2,0,0,10,45,11.666666666666666,8,1.4780012725232576,0.05106735074139335,-0.2982,19,8,CWS @ KCR
4126,4,S4,9,3,0,4,2,4,0,0,8,8,2,6,9,0,0,0,9,46,11.0,5,-1.119031377899045,0.3151898930723729,0.14980000000000004,21,13,DET @ ANA
4127,4,S4,9,4,0,4,3,5,0,1,7,20,4,0,2,0,0,0,11,49,11.0,9,2.8809686221009545,-0.07155227506137918,-0.2902,21,3,SEA @ CLE
4128,4,S4,9,5,0,3,6,6,0,0,8,14,1,4,5,1,0,0,14,52,11.0,9,2.8809686221009545,-0.05829444319513122,-0.25799999999999973,21,10,OAK @ TEX
4129,4,S4,9,2,1,3,4,5,0,0,8,10,6,3,8,1,1,0,10,50,12.0,6,-0.6753069577080493,0.2929138374970199,0.08340000000000004,18,10,FLA @ ATL
4130,4,S4,9,4,1,1,7,5,0,0,9,9,6,5,5,2,0,0,13,52,12.0,10,3.3246930422919507,-0.10266688521423084,-0.2258,21,10,PHI @ NYM
4131,4,S4,9,1,0,4,10,4,1,0,10,5,4,7,7,2,1,1,15,52,12.0,5,-1.6753069577080493,0.4061716693632678,0.23079999999999992,24,10,MTL @ CHC
4132,4,S4,9,2,3,3,7,13,0,1,9,15,1,3,5,3,0,0,15,61,12.0,13,6.32469304229195,-0.36289338961548695,-0.2930000000000001,19,10,STL @ PIT
4133,4,S4,9,2,2,1,6,3,0,1,8,11,2,9,1,2,0,0,11,45,11.0,4,-2.119031377899045,0.4107706157836235,0.20199999999999999,21,8,MIL @ CIN
4134,4,S4,9,2,0,3,2,6,0,0,9,9,2,9,6,1,1,0,7,48,12.0,5,-1.6753069577080493,0.3840752829195212,0.4308,25,13,LAD @ COL
4135,4,S4,9,0,0,1,3,3,0,0,9,8,6,6,4,0,2,0,4,40,11.0,1,-5.119031377899045,0.6975127839173756,0.7636000000000002,17,8,ARI @ SDP
4136,4,S4,10,1,1,1,2,3,0,0,12,7,5,4,4,0,1,1,5,40,11.0,2,-4.119031377899045,0.5975127839173756,0.5604000000000002,20,7,NYY @ COL
4137,4,S4,10,3,0,5,4,6,0,2,16,7,11,3,5,0,0,0,12,60,14.0,9,0.26183589943480756,0.23897304738147804,0.05500000000000013,21,10,BOS @ TOR
4138,4,S4,10,2,2,7,6,13,2,1,13,16,5,4,3,0,1,1,17,71,14.0,13,4.261835899434808,-0.103576347864781,-0.1863999999999999,23,7,TBR @ DET
4139,4,S4,10,2,1,7,7,2,0,0,8,11,6,3,3,2,1,0,17,50,11.0,8,1.880968622100955,0.03728627951611948,-0.5616,21,10,BAL @ CWS
4140,4,S4,10,3,0,3,4,8,0,0,8,20,1,4,3,0,0,0,10,54,12.0,12,5.32469304229195,-0.2938283306367322,-0.3036,18,4,KCR @ ATL
4141,4,S4,10,5,1,4,5,7,0,0,4,12,3,2,11,3,2,1,15,54,12.0,12,5.32469304229195,-0.28057049877048423,-1.093,25,14,ANA @ TEX
4142,4,S4,10,2,0,4,7,6,1,0,14,12,0,8,4,3,0,0,13,58,14.0,9,0.261835899434808,0.2301344928039793,0.3094,20,10,MIN @ OAK
4143,4,S4,10,1,0,2,3,6,0,0,10,10,1,6,6,3,0,0,6,45,12.0,2,-4.675306957708049,0.6663981737645239,0.6027999999999999,17,11,CLE @ STL
4144,4,S4,10,3,1,4,6,5,1,0,6,8,2,7,8,2,2,0,14,50,11.0,11,4.880968622100955,-0.2582944431951313,-0.6164000000000001,21,9,HOU @ SEA
4145,4,S4,10,2,0,2,3,3,0,0,5,10,2,6,7,3,0,0,7,40,11.0,3,-3.119031377899045,0.488674229339877,0.4332,18,8,PHI @ MTL
4146,4,S4,10,2,0,5,6,7,1,0,9,8,5,5,4,1,1,1,13,51,11.0,9,2.880968622100955,-0.05387516590638189,-0.3481999999999999,18,9,NYM @ FLA
4147,4,S4,10,4,1,3,5,14,0,0,6,7,11,6,5,1,2,0,13,62,12.0,17,10.32469304229195,-0.749635557749239,-0.44420000000000026,24,16,CHC @ MIL
4148,4,S4,10,2,1,3,8,7,1,0,6,6,6,3,12,2,1,1,14,54,12.0,5,-1.675306957708049,0.4150102239407664,-0.05779999999999999,27,20,CIN @ PIT
4149,4,S4,10,3,0,3,6,6,0,1,9,13,1,6,6,1,0,0,12,53,12.0,8,1.3246930422919503,0.10175239207451851,-0.37999999999999995,23,10,SFG @ ARI
4150,4,S4,10,2,1,5,4,4,1,0,10,7,4,4,8,3,0,0,12,49,12.0,5,-1.6753069577080493,0.3840752829195212,-0.026200000000000067,19,10,LAD @ SDP
4151,4,S4,11,2,0,0,3,3,1,1,11,12,5,6,5,1,1,1,5,48,14.0,4,-4.738164100565192,0.6947802744939848,1.0355999999999999,25,10,BAL @ NYY
4152,4,S4,11,0,5,2,2,5,0,0,9,8,1,6,8,1,0,0,9,46,11.0,4,-2.119031377899045,0.41518989307237286,0.1291999999999999,16,10,TOR @ ANA
4153,4,S4,11,0,1,4,3,6,0,0,8,9,4,4,6,2,0,0,8,45,11.0,2,-4.119031377899045,0.6107706157836236,0.3933999999999999,15,7,BOS @ KCR
4154,4,S4,11,3,3,3,6,6,0,0,12,10,5,6,5,1,0,1,15,60,13.666666666666666,13,4.415144129666116,-0.1719384983529035,-0.37040000000000023,21,11,MIL @ TBR
4155,4,S4,11,3,1,4,4,3,0,0,8,10,1,5,11,1,0,0,12,50,12.0,6,-0.6753069577080494,0.2884945602082706,0.20020000000000004,26,14,MIN @ DET
4156,4,S4,11,3,0,2,5,6,0,0,14,9,3,8,6,2,0,0,10,56,14.0,6,-2.738164100565192,0.5212959382264807,0.23239999999999988,25,14,CWS @ HOU
4157,4,S4,11,1,0,2,2,2,0,0,10,14,2,4,6,0,0,0,5,43,12.0,3,-3.6753069577080493,0.5575596191870253,0.5412000000000001,20,10,TEX @ CLE
4158,4,S4,11,0,0,3,4,2,0,0,7,17,3,1,6,1,1,1,7,43,12.0,2,-4.67530695770805,0.6663981737645239,0.5693999999999997,16,9,OAK @ SEA
4159,4,S4,11,2,1,3,3,6,0,0,5,5,9,7,4,3,1,0,9,45,11.0,8,1.8809686221009545,0.015189893072372899,-0.1284000000000001,19,11,ATL @ NYM
4160,4,S4,11,4,2,4,4,7,0,1,7,8,4,4,9,2,0,2,14,53,12.0,10,3.3246930422919507,-0.08940905334798292,-0.5924000000000004,21,13,FLA @ PHI
4161,4,S4,11,7,0,3,5,6,1,0,16,10,5,5,10,2,2,0,15,67,16.0,14,1.653992762179906,0.13953085670571197,0.8874000000000002,23,14,SDP @ MTL
4162,4,S4,11,0,0,0,7,4,0,0,13,12,3,4,6,3,1,0,7,49,13.666666666666666,3,-5.182608545009637,0.7392247189384292,0.8142000000000005,22,10,STL @ CIN
4163,4,S4,11,1,0,6,9,5,0,0,12,11,2,4,5,2,2,0,16,55,12.0,8,1.3246930422919505,0.11942950122951573,-0.11520000000000008,17,9,PIT @ CHC
4164,4,S4,11,2,1,1,1,3,0,0,10,10,4,4,4,1,1,0,5,40,11.0,4,-2.1190313778990455,0.3930935066286263,0.15639999999999998,20,10,COL @ ARI
4165,4,S4,11,1,1,2,2,8,1,0,14,2,4,3,8,2,0,0,6,45,11.0,4,-2.119031377899045,0.41077061578362356,0.255,16,10,LAD @ SFG
4166,4,S4,12,1,0,2,2,3,1,1,10,10,9,4,6,1,0,0,5,48,13.666666666666666,4,-4.584855870333885,0.6706108968933555,1.4982,21,10,TOR @ NYY
4167,4,S4,12,1,0,3,4,2,1,0,14,7,2,7,3,0,0,0,8,43,11.0,4,-2.119031377899045,0.40193206120612496,-0.003399999999999953,18,9,TBR @ BOS
4168,4,S4,12,1,1,2,8,7,0,0,9,8,9,5,5,0,1,0,12,55,12.0,12,5.32469304229195,-0.2849897760592335,-0.3496000000000002,22,11,CIN @ BAL
4169,4,S4,12,1,2,6,7,2,0,1,6,11,6,5,5,0,1,0,16,51,11.0,10,3.880968622100955,-0.15829444319513128,-0.6900000000000001,21,11,KCR @ DET
4170,4,S4,12,3,0,2,6,3,0,0,8,8,0,9,6,1,1,1,11,45,11.0,5,-1.1190313778990453,0.31960917036112224,0.17240000000000003,16,10,ANA @ CWS
4171,4,S4,12,4,0,4,2,4,0,0,2,14,4,10,9,1,0,2,10,53,14.0,5,-3.738164100565192,0.6168766609377314,0.8708000000000001,31,14,SDP @ MIN
4172,4,S4,12,1,1,1,5,8,1,1,8,11,2,4,9,4,1,1,8,50,13.0,3,-4.369743047933612,0.6667767238083255,1.15,19,13,OAK @ CLE
4173,4,S4,12,1,1,8,4,2,0,0,10,13,2,2,6,0,1,0,14,49,11.0,8,1.880968622100955,0.03286700222737011,-0.34159999999999985,17,9,SEA @ TEX
4174,4,S4,12,4,0,5,11,2,0,0,11,11,1,3,8,2,0,0,20,56,12.0,10,3.324693042291951,-0.08498977605923357,-0.3030000000000001,20,12,NYM @ HOU
4175,4,S4,12,2,2,3,7,3,0,0,10,9,2,7,8,0,1,0,14,53,12.0,9,2.3246930422919503,0.006171669363267743,-0.15380000000000005,18,11,ATL @ PIT
4176,4,S4,12,1,1,6,8,3,0,0,7,10,0,4,2,0,0,0,16,42,7.666666666666667,10,5.929640322768277,-0.40735438614935654,-0.5312999999999997,14,4,SFG @ PHI
4177,4,S4,12,2,1,3,10,6,0,0,10,10,7,4,7,1,3,0,16,60,13.0,7,-0.7067355291366209,0.3490880221048687,0.10599999999999998,21,8,MTL @ FLA
4178,4,S4,12,3,1,5,8,2,0,0,13,17,6,9,5,2,1,0,17,69,17.333333333333332,15,-0.5152890339675611,0.36087831360920797,1.6425999999999996,26,11,MIL @ STL
4179,4,S4,12,3,1,2,11,5,0,0,3,4,6,9,5,2,1,1,17,49,10.0,11,5.43724420190996,-0.318341278464781,-0.4818999999999999,22,11,CHC @ COL
4180,4,S4,12,4,0,5,5,4,0,0,10,9,2,8,3,1,1,1,14,50,11.333333333333334,11,4.656051292064056,-0.2358027101914414,-1.1012000000000002,17,7,ARI @ LAD
4181,4,S4,13,1,2,3,0,2,0,0,9,9,4,5,6,0,0,0,6,41,11.0,3,-3.119031377899045,0.49309350662862633,0.44240000000000007,18,9,OAK @ NYY
4182,4,S4,13,2,2,3,4,6,0,1,7,7,6,6,6,1,0,0,11,49,11.0,8,1.880968622100955,0.028447724938620828,0.032400000000000026,23,15,TOR @ KCR
4183,4,S4,13,1,1,4,5,6,0,0,10,7,4,7,5,2,0,1,11,50,12.0,4,-2.6753069577080493,0.49291383749701984,0.0928,24,12,BOS @ CWS
4184,4,S4,13,3,0,1,4,3,0,0,11,6,3,8,2,3,0,0,8,41,11.0,6,-0.1190313778990455,0.19309350662862634,0.06039999999999991,17,9,BAL @ TBR
4185,4,S4,13,1,1,5,8,4,0,1,9,13,0,5,13,2,0,0,15,59,14.0,9,-2.1081042571002677,0.4715477857462362,1.418,25,13,DET @ CLE
4186,4,S4,13,4,1,0,12,9,0,0,13,3,2,5,6,2,3,2,17,55,11.0,10,3.8809686221009545,-0.12294022488513678,-0.22779999999999995,17,12,MIN @ ANA
4187,4,S4,13,3,0,3,4,1,0,0,9,8,3,7,5,0,0,1,10,43,11.0,5,-1.119031377899045,0.3063513384948742,0.20760000000000003,22,12,TEX @ HOU
4188,4,S4,13,2,1,2,4,1,0,0,9,8,7,4,5,1,0,2,9,43,12.0,3,-3.6753069577080493,0.566398173764524,0.24279999999999996,26,12,MTL @ SEA
4189,4,S4,13,0,1,1,8,7,0,1,5,10,0,5,6,3,1,0,10,43,9.666666666666666,5,-0.4094475678587336,0.2353929574908431,-0.0013999999999999152,16,8,SFG @ ATL
4190,4,S4,13,2,0,4,3,4,1,0,10,2,6,4,9,2,0,0,9,44,11.0,6,-0.11903137789904505,0.20635133849487422,0.012199999999999989,17,10,ARI @ PHI
4191,4,S4,13,4,0,3,4,4,0,0,6,13,1,8,7,1,0,0,11,50,12.0,8,1.324693042291951,0.08849456020827048,-0.09480000000000002,26,14,LAD @ FLA
4192,4,S4,13,0,0,3,5,8,0,0,11,13,1,4,4,3,0,0,8,49,12.0,3,-3.6753069577080493,0.5840752829195212,0.5147999999999999,18,8,PIT @ STL
4193,4,S4,13,1,0,2,4,2,0,0,11,8,1,5,8,0,1,0,7,42,11.0,2,-4.119031377899045,0.601932061206125,0.4755999999999999,19,11,CIN @ CHC
4194,4,S4,13,2,1,3,7,11,2,0,9,10,4,5,5,2,1,1,13,57,12.0,8,1.3246930422919505,0.12826805580701436,-0.12819999999999984,20,11,NYM @ MIL
4195,4,S4,13,3,0,4,2,9,3,0,10,7,3,15,5,2,1,0,9,58,14.0,7,-1.738164100565192,0.4345537700927286,0.42900000000000027,27,13,COL @ SDP
4196,4,S4,14,1,1,3,3,6,0,0,10,5,2,7,8,1,1,0,8,46,11.0,4,-2.119031377899045,0.4196091703611222,0.3171999999999998,20,13,NYY @ BAL
4197,4,S4,14,2,0,3,3,4,0,0,7,9,8,5,3,2,1,0,8,44,11.333333333333334,3,-3.3439487079359433,0.5332623487873134,-0.11460000000000009,18,10,TBR @ TOR
4198,4,S4,14,3,0,1,4,6,0,0,12,8,6,3,3,0,1,1,8,46,11.0,4,-2.119031377899045,0.4240284476498715,0.18660000000000002,12,6,BOS @ MIN
4199,4,S4,14,6,0,1,4,6,0,0,6,20,3,2,4,1,4,0,11,52,12.0,8,1.3246930422919507,0.1150102239407664,-0.09939999999999999,23,8,KCR @ ANA
4200,4,S4,14,2,1,2,9,6,0,0,8,7,2,6,6,4,0,0,14,49,11.0,7,0.8809686221009551,0.1284477249386208,0.05400000000000001,15,9,DET @ CWS
4201,4,S4,14,1,0,4,5,3,0,0,7,12,6,3,4,0,3,0,10,46,11.0,5,-1.119031377899045,0.32844772493862084,0.19759999999999997,18,8,CLE @ SEA
4202,4,S4,14,1,0,2,7,3,0,0,11,12,1,4,4,2,1,2,10,45,12.0,2,-4.675306957708049,0.6796560056307719,0.7075999999999998,16,5,TEX @ CHC
4203,4,S4,14,2,1,2,4,2,0,0,7,6,2,5,13,2,1,1,9,44,12.0,5,-1.6753069577080493,0.37081745105327324,0.4489999999999999,25,17,HOU @ OAK
4204,4,S4,14,4,3,4,7,3,0,0,6,7,3,7,9,4,0,0,18,53,12.0,12,5.324693042291951,-0.29824760792548155,-0.17299999999999996,22,11,PHI @ ATL
4205,4,S4,14,2,1,1,4,8,0,0,9,8,8,5,4,0,2,1,8,50,11.666666666666666,7,0.47800127252325764,0.18642156905138785,-0.5752,21,10,FLA @ NYM
4206,4,S4,14,1,0,2,7,6,0,0,16,8,1,6,1,1,0,0,10,48,11.0,5,-1.119031377899045,0.3240284476498715,0.2876,14,6,MTL @ CIN
4207,4,S4,14,1,0,4,7,3,0,0,11,10,3,0,3,1,0,0,12,42,9.333333333333334,4,-0.9841207832532459,0.2840217244527957,0.23899999999999996,9,3,STL @ SFG
4208,4,S4,14,1,1,2,3,5,0,0,10,10,0,3,8,2,2,0,7,43,11.0,3,-3.119031377899045,0.5107706157836236,0.37100000000000005,19,11,MIL @ PIT
4209,4,S4,14,2,0,3,5,7,0,0,16,11,2,5,5,1,0,0,10,56,13.333333333333334,5,-3.057004680275337,0.5531799961974952,0.7956000000000001,18,10,COL @ LAD
4210,4,S4,14,1,0,3,4,1,0,0,4,12,3,7,5,2,0,0,8,40,11.0,1,-5.119031377899045,0.688674229339877,0.7386000000000001,24,14,SDP @ ARI
4211,4,S4,15,2,2,1,4,6,3,0,6,11,7,7,6,1,2,0,9,55,13.666666666666666,5,-3.4255813191082383,0.5944569373695346,0.883,23,8,TBR @ NYY
4212,4,S4,15,2,2,3,2,8,2,1,6,6,5,5,10,2,1,1,9,50,12.0,5,-1.6753069577080493,0.39733311478576916,0.3354,19,11,SEA @ TOR
4213,4,S4,15,5,1,0,5,4,0,0,7,13,1,6,4,2,1,0,11,46,11.0,7,0.8809686221009546,0.11960917036112217,-0.24159999999999998,20,9,BOS @ BAL
4214,4,S4,15,5,0,4,8,3,0,0,11,8,4,7,4,2,1,0,17,54,12.0,12,5.324693042291951,-0.2894090533479829,-0.1294000000000001,18,7,KCR @ TEX
4215,4,S4,15,1,0,1,7,7,0,0,5,8,1,8,7,2,2,2,9,45,11.0,5,-1.1190313778990455,0.32844772493862084,0.0017999999999999891,24,12,ANA @ DET
4216,4,S4,15,0,0,2,5,2,1,0,7,7,4,6,8,1,0,3,7,41,12.0,1,-5.675306957708049,0.7619788964757747,0.9498,23,12,CWS @ MIN
4217,4,S4,15,2,0,0,4,4,0,0,8,10,3,6,5,2,2,0,6,42,12.0,3,-3.6753069577080493,0.5619788964757746,0.5029999999999999,20,10,ATL @ MTL
4218,4,S4,15,5,0,3,8,5,0,0,6,14,2,6,5,1,1,0,16,54,11.333333333333334,12,5.656051292064056,-0.32254487832519346,-1.0077999999999998,20,12,PHI @ MIL
4219,4,S4,15,3,0,2,6,3,0,1,12,10,5,1,3,1,1,1,11,45,11.0,4,-2.119031377899045,0.4196091703611222,-0.0033999999999999634,14,5,LAD @ NYM
4220,4,S4,15,2,0,4,7,7,0,0,14,3,3,6,5,0,2,3,13,51,11.333333333333334,9,3.005852462581806,-0.053105718088219116,-0.8328,21,11,STL @ CHC
4221,4,S4,15,2,0,2,6,3,0,1,3,12,2,10,4,1,1,1,10,44,11.0,4,-2.119031377899045,0.41518989307237286,0.2644000000000001,27,15,PIT @ COL
4222,4,S4,15,0,2,2,4,9,0,1,4,17,4,5,5,1,1,0,8,52,12.0,7,0.32469304229195095,0.20175239207451845,-0.028200000000000072,19,11,CIN @ ARI
4223,4,S4,15,0,0,6,4,2,0,0,12,13,1,2,3,1,0,0,10,44,11.0,3,-3.119031377899045,0.5063513384948742,0.4327999999999999,13,5,SFG @ SDP
4224,4,S4,15,2,2,5,5,7,0,0,2,12,2,7,7,2,0,1,14,51,11.0,8,1.8809686221009545,0.04170555680486876,-0.03500000000000002,19,11,HOU @ CLE
4225,4,S4,15,0,1,4,6,4,0,0,14,11,3,1,6,1,2,0,11,50,12.0,3,-3.6753069577080493,0.5973331147857692,0.2812,16,8,FLA @ OAK
4226,4,S4,16,1,2,0,2,2,0,0,5,14,1,5,7,0,1,0,5,40,11.0,2,-4.119031377899045,0.5930935066286263,0.4756000000000001,18,11,CLE @ NYY
4227,4,S4,16,2,0,7,9,6,0,1,4,9,8,6,7,1,0,1,18,58,12.0,12,5.324693042291951,-0.2717319441929857,-0.4566000000000003,23,15,BAL @ TOR
4228,4,S4,16,1,0,0,8,6,0,1,9,7,4,2,3,2,0,1,9,40,9.333333333333334,5,-0.23139754831793535,0.20433012367051534,-0.04779999999999998,14,4,PIT @ BOS
4229,4,S4,16,3,1,1,5,4,1,0,11,9,5,7,3,0,3,1,10,49,12.0,9,2.3246930422919503,0.0017523920745185252,0.24059999999999993,18,8,SEA @ TBR
4230,4,S4,16,4,1,1,5,5,0,0,14,15,1,4,1,0,0,1,11,51,12.0,6,-0.6753069577080494,0.2973331147857691,0.12039999999999998,19,4,MIN @ KCR
4231,4,S4,16,1,1,6,7,9,0,0,10,13,3,9,11,1,1,1,15,70,16.0,11,-1.3460072378200936,0.45278868857195986,1.4310000000000003,29,17,DET @ PHI
4232,4,S4,16,2,0,0,4,1,0,0,9,8,3,6,6,1,0,0,6,39,11.0,2,-4.119031377899045,0.5842549520511277,0.5604000000000001,22,9,LAD @ CWS
4233,4,S4,16,2,0,4,5,3,0,1,10,6,2,7,9,1,1,1,11,48,12.0,7,0.3246930422919503,0.18849456020827055,-0.2288000000000001,22,11,ANA @ HOU
4234,4,S4,16,1,0,4,3,5,0,1,6,15,1,5,5,1,0,0,8,45,11.0,5,-1.119031377899045,0.3107706157836236,0.3446,19,10,TEX @ OAK
4235,4,S4,16,0,0,3,7,1,0,0,4,13,2,9,3,2,0,0,10,42,11.0,6,-0.11903137789904517,0.19751278391737562,0.06039999999999997,14,3,ATL @ STL
4236,4,S4,16,2,1,1,8,4,0,0,5,9,6,9,5,1,1,1,12,50,12.0,5,-1.6753069577080493,0.39733311478576916,0.0020000000000000434,26,13,SDP @ FLA
4237,4,S4,16,4,2,2,5,5,1,0,9,5,2,6,9,3,1,0,13,49,11.333333333333334,11,4.656051292064056,-0.24464126476894005,-0.9398,20,14,MTL @ NYM
4238,4,S4,16,0,1,3,6,5,0,0,9,3,9,10,3,1,0,1,10,49,12.0,4,-2.675306957708049,0.48849456020827053,0.32620000000000005,24,10,CHC @ ARI
4239,4,S4,16,1,0,2,3,4,0,0,5,15,7,6,3,0,1,0,6,46,12.0,1,-5.675306957708049,0.7752367283420226,0.8115999999999999,23,8,CIN @ MIL
4240,4,S4,16,4,0,4,3,5,1,0,14,3,3,3,4,2,0,0,11,43,9.666666666666666,8,2.590552432141266,-0.06902631979790619,-0.3733,12,8,SFG @ COL
5001,5,S5,1,1,0,0,4,6,0,0,8,8,7,7,5,1,1,0,5,46,12.0,2,-5.725201072386059,0.7594628679834899,0.7075999999999998,20,13,NYY @ TOR
5002,5,S5,1,2,1,3,7,4,0,0,9,4,3,7,8,1,2,1,13,48,11.0,5,-2.0814343163538873,0.41099621457132673,0.13140000000000002,23,12,BAL @ NYM
5003,5,S5,1,3,3,3,5,5,0,0,8,12,5,2,5,0,0,1,14,51,11.0,9,1.9185656836461125,0.014973720119090157,-0.04499999999999994,18,11,BOS @ TBR
5004,5,S5,1,4,1,1,9,7,0,0,8,5,6,7,3,4,0,0,15,51,11.0,10,2.918565683646113,-0.08900378542867331,-0.23499999999999993,15,8,KCR @ MIN
5005,5,S5,1,4,1,2,6,4,0,0,8,8,4,4,9,0,3,0,13,50,11.0,12,4.918565683646112,-0.2810487743331463,-0.6571999999999999,20,13,ANA @ DET
5006,5,S5,1,0,2,2,2,3,1,0,8,8,4,2,8,1,0,2,6,39,11.0,1,-6.081434316353888,0.7712211590936918,0.7386,22,9,CWS @ HOU
5007,5,S5,1,1,0,1,6,3,0,0,9,8,4,8,6,0,2,1,8,46,12.0,2,-5.725201072386059,0.7674178790790169,0.6431999999999999,21,10,SEA @ CLE
5008,5,S5,1,5,0,2,7,8,1,0,6,8,2,6,12,1,5,0,14,56,11.666666666666666,11,3.9451899890664546,-0.1518911604930726,-1.1286,22,17,TEX @ OAK
5009,5,S5,1,5,0,1,3,9,1,0,12,12,2,5,1,0,3,1,9,50,11.0,9,1.9185656836461125,0.022928731214617186,-0.1936,19,3,FLA @ ATL
5010,5,S5,1,1,0,1,6,4,0,0,9,7,1,5,10,1,1,0,8,44,11.0,3,-4.081434316353888,0.5871311812847457,0.3224,20,13,MTL @ PHI
5011,5,S5,1,0,1,4,6,2,0,0,7,6,3,9,9,2,3,0,11,47,12.0,4,-3.725201072386059,0.5713953846267803,0.22659999999999997,26,14,CHC @ MIL
5012,5,S5,1,3,0,3,9,10,0,0,5,10,5,6,7,3,0,0,15,58,12.0,11,3.2747989276139413,-0.09678457099111168,-0.09479999999999997,22,13,CIN @ STL
5013,5,S5,1,3,0,1,1,7,0,0,10,13,2,4,3,0,1,1,5,44,11.0,5,-2.0814343163538878,0.3911086868325092,0.05739999999999992,15,9,SFG @ LAD
5014,5,S5,1,1,2,3,6,12,5,0,3,9,3,4,6,4,4,3,12,51,11.333333333333334,6,-0.6960039920940884,0.30029572097969126,-0.27120000000000005,21,8,SDP @ PIT
5015,5,S5,1,3,2,5,7,2,0,0,12,12,1,2,6,0,2,0,17,52,11.0,9,1.9185656836461122,0.022928731214617123,-0.13799999999999996,15,8,ARI @ COL
5016,5,S5,2,2,2,6,6,7,1,0,5,12,4,6,6,1,0,2,16,56,12.0,10,2.274798927613941,0.003215429008888295,-0.21440000000000015,22,10,NYY @ KCR
5017,5,S5,2,3,0,2,9,5,0,0,8,11,3,6,3,1,3,1,14,50,11.0,8,0.9185656836461127,0.12292873121461717,0.01339999999999996,20,12,TBR @ BAL
5018,5,S5,2,5,0,9,6,3,0,0,11,10,12,5,3,1,0,0,20,64,14.0,15,4.810418980384389,-0.22648154298157563,-1.1729999999999998,22,5,SEA @ BOS
5019,5,S5,2,1,0,1,2,3,0,0,8,5,1,9,11,2,0,0,4,41,12.0,2,-5.725201072386059,0.735597834696909,0.5316,22,11,TOR @ CLE
5020,5,S5,2,1,1,2,6,5,0,0,5,7,8,7,4,1,0,1,10,46,11.0,7,-0.08143431635388754,0.1950861923802727,-0.10399999999999993,23,11,ANA @ TEX
5021,5,S5,2,1,0,2,6,3,0,0,8,15,0,8,3,1,2,1,9,46,12.0,3,-4.725201072386059,0.6674178790790168,0.6048,23,10,DET @ CWS
5022,5,S5,2,3,0,3,12,4,0,0,7,10,2,5,8,4,0,0,18,54,12.0,9,1.2747989276139406,0.08730540681783436,-0.23859999999999998,20,8,MIN @ STL
5023,5,S5,2,2,0,1,6,8,0,0,5,13,3,6,5,2,0,2,9,49,12.0,4,-3.725201072386059,0.5753728901745438,0.17860000000000004,20,8,HOU @ OAK
5024,5,S5,2,1,2,3,6,4,1,0,7,8,4,7,8,2,2,0,12,50,12.0,3,-4.725201072386059,0.6793503957223074,0.3698000000000001,24,13,NYM @ FLA
5025,5,S5,2,5,1,1,3,4,0,0,10,13,3,2,3,2,0,0,10,45,11.0,7,-0.08143431635388754,0.18713118128474576,-0.26699999999999985,15,5,SFG @ MTL
5026,5,S5,2,6,0,4,5,9,2,0,9,12,2,3,7,2,0,0,15,57,11.666666666666666,15,7.945189989066455,-0.5678011826841266,-1.9204000000000003,19,9,MIL @ PHI
5027,5,S5,2,3,1,1,9,5,1,0,5,5,4,3,11,5,3,0,14,47,11.0,6,-1.0814343163538875,0.3070187090235632,-0.12640000000000012,20,11,ATL @ ARI
5028,5,S5,2,1,1,1,4,9,0,0,10,5,5,4,3,5,0,1,7,43,11.0,4,-3.0814343163538873,0.4831536757369823,0.23459999999999992,18,7,LAD @ CHC
5029,5,S5,2,3,2,5,6,11,2,1,7,9,11,5,5,2,1,3,16,64,14.0,12,1.8104189803843898,0.08942847920947836,-0.46499999999999997,29,9,PIT @ CIN
5030,5,S5,2,0,2,2,6,4,1,0,12,7,5,6,2,1,1,3,10,46,12.0,3,-4.725201072386059,0.6713953846267804,0.3627999999999999,18,9,COL @ SDP
5031,5,S5,3,5,1,4,5,8,1,0,7,11,6,7,3,2,0,0,15,57,12.0,13,5.274798927613941,-0.30076207653887527,-0.7543999999999998,21,9,OAK @ NYY
5032,5,S5,3,2,1,3,8,4,1,0,6,4,8,5,10,2,1,1,14,51,12.0,7,-0.7252010723860591,0.28332790127007085,-0.5974000000000002,24,14,BAL @ ANA
5033,5,S5,3,2,2,7,5,8,0,0,4,11,4,9,5,1,0,0,16,57,11.333333333333334,7,0.3039960079059112,0.1963182154319278,-0.029600000000000015,23,11,CWS @ BOS
5034,5,S5,3,2,0,0,5,5,0,0,4,12,2,10,2,3,2,0,7,42,11.0,4,-3.0814343163538873,0.48315367573698226,0.23299999999999998,19,12,TBR @ TEX
5035,5,S5,3,2,1,4,7,3,0,0,10,6,8,5,3,1,0,0,14,49,11.0,6,-1.0814343163538873,0.3030412034757997,0.09739999999999999,15,9,MIN @ TOR
5036,5,S5,3,0,0,5,7,13,2,0,12,9,3,9,7,4,2,3,12,66,16.0,7,-7.401702231736822,1.02257311706489,1.9636000000000002,26,12,KCR @ SEA
5037,5,S5,3,2,3,4,6,2,0,0,10,12,4,4,5,1,1,0,15,52,12.0,8,0.2747989276139411,0.18332790127007087,-0.11400000000000009,19,10,CLE @ DET
5038,5,S5,3,1,0,3,3,5,0,0,9,12,2,6,3,1,1,2,7,44,11.666666666666666,1,-6.554233330450575,0.8423660937899415,0.6662000000000001,21,9,HOU @ COL
5039,5,S5,3,4,1,4,12,11,1,0,7,12,3,9,3,2,1,0,21,66,12.0,16,8.274798927613942,-0.5609870210612403,-0.6075999999999999,23,12,CIN @ FLA
5040,5,S5,3,0,0,3,7,8,1,0,13,15,3,8,4,3,1,1,10,62,16.0,6,-8.401702231736822,1.0947305782305456,1.8967999999999998,25,12,MTL @ NYM
5041,5,S5,3,2,0,2,4,2,0,0,6,3,2,10,9,3,2,0,8,40,11.0,3,-4.081434316353888,0.5751986646414553,0.46840000000000004,22,14,PHI @ ATL
5042,5,S5,3,5,2,5,7,8,0,0,6,7,5,6,6,2,5,1,19,57,11.0,14,6.918565683646112,-0.4412737188555114,-0.38599999999999995,22,6,CHC @ PIT
5043,5,S5,3,2,1,3,5,3,0,0,7,13,2,5,5,1,0,0,11,46,11.0,6,-1.0814343163538875,0.29110868683250923,0.04339999999999997,20,11,STL @ MIL
5044,5,S5,3,4,1,2,8,8,1,1,10,8,6,5,5,2,1,0,15,57,12.0,8,0.27479892761394087,0.20321542900888823,-0.26219999999999977,21,8,SDP @ SFG
5045,5,S5,3,5,1,3,9,4,0,0,11,12,5,3,4,1,1,0,18,57,12.0,10,2.274798927613941,0.0032154290088882848,-0.25960000000000005,21,8,ARI @ LAD
5046,5,S5,4,5,0,5,2,2,0,0,4,7,4,7,10,1,0,0,12,46,11.0,8,0.9185656836461125,0.09110868683250928,-0.007399999999999984,20,13,TBR @ NYY
5047,5,S5,4,5,1,1,3,3,0,0,8,8,8,4,6,2,0,0,10,47,12.0,7,-0.7252010723860591,0.2594628679834899,0.03399999999999995,18,13,BOS @ BAL
5048,5,S5,4,0,2,2,5,6,0,0,11,5,6,7,5,2,0,0,9,49,12.0,3,-4.725201072386059,0.6674178790790168,0.30899999999999994,19,5,TOR @ CWS
5049,5,S5,4,5,0,4,3,4,0,1,10,6,5,7,5,2,0,0,12,49,11.666666666666666,7,-0.29107945076443764,0.2240057169168547,-0.5194000000000001,21,10,ANA @ KCR
5050,5,S5,4,4,0,2,5,5,0,0,9,11,4,6,4,1,1,1,11,50,12.0,4,-3.725201072386059,0.5793503957223074,0.31899999999999995,22,10,DET @ MIN
5051,5,S5,4,1,0,8,5,3,0,0,5,10,1,5,10,0,1,2,14,48,11.0,8,0.9185656836461126,0.11099621457132669,-0.06979999999999997,18,10,SEA @ OAK
5052,5,S5,4,2,0,3,3,3,1,0,9,6,7,1,7,1,0,2,8,41,11.0,4,-3.0814343163538878,0.47917617018921876,0.16119999999999995,22,10,TEX @ HOU
5053,5,S5,4,4,0,3,8,4,0,1,7,10,2,6,6,2,0,0,15,50,11.0,9,1.9185656836461127,0.007018709023563177,-0.5004,21,10,CLE @ ARI
5054,5,S5,4,1,0,0,4,6,0,0,10,8,4,7,4,2,0,1,5,44,12.0,2,-5.725201072386059,0.751507856887963,0.6306,19,13,FLA @ LAD
5055,5,S5,4,2,0,4,6,5,0,1,11,15,3,6,6,1,0,0,12,58,14.0,5,-5.189581019615611,0.7496534237318434,0.6992000000000002,21,12,STL @ NYM
5056,5,S5,4,2,4,6,9,5,0,0,10,11,2,3,8,2,0,0,21,60,12.0,14,6.27479892761394,-0.3888295598955847,-0.5965999999999998,23,10,MTL @ SDP
5057,5,S5,4,5,0,2,8,5,0,0,6,14,2,5,6,3,3,0,15,53,12.0,10,2.274798927613941,-0.004739582086638713,-0.6524000000000001,23,11,PHI @ COL
5058,5,S5,4,4,0,2,8,2,0,0,8,6,3,5,8,2,1,1,14,46,11.0,7,-0.08143431635388754,0.1990636979280362,-0.4302,18,11,ATL @ MIL
5059,5,S5,4,2,0,5,8,7,0,0,4,11,4,7,4,2,2,1,15,52,11.0,10,2.9185656836461127,-0.07309376323761935,-0.30100000000000016,23,10,CHC @ CIN
5060,5,S5,4,3,0,3,3,5,1,0,9,21,7,5,2,2,0,2,9,58,16.0,8,-6.401702231736822,0.8788205560394916,1.3132,29,10,PIT @ SFG
5061,5,S5,5,0,0,4,7,4,0,1,5,14,4,5,5,0,1,1,11,48,11.333333333333334,3,-3.885985386111549,0.5874738159993295,0.3960000000000001,24,9,BOS @ NYY
5062,5,S5,5,3,0,3,7,5,0,0,5,5,10,5,6,0,5,2,13,49,11.0,7,-0.08143431635388754,0.2308837423101442,0.004000000000000059,25,12,TOR @ BAL
5063,5,S5,5,4,1,6,5,8,0,0,8,10,1,5,6,2,2,2,16,54,11.333333333333334,11,4.11401461388845,-0.18070613961856274,-0.8412000000000001,18,11,DET @ TBR
5064,5,S5,5,1,0,3,3,4,0,0,7,5,8,7,6,3,1,0,7,44,12.0,4,-3.725201072386059,0.5515078568879629,0.31000000000000005,23,9,MIN @ ANA
5065,5,S5,5,3,0,3,5,5,0,1,7,9,7,5,3,1,1,1,11,47,11.0,7,-0.08143431635388731,0.2030412034757997,-0.2314000000000001,18,8,SEA @ HOU
5066,5,S5,5,5,1,2,8,1,0,0,10,12,3,5,5,1,2,0,16,52,12.0,11,3.274798927613941,-0.11269459318216568,0.005799999999999847,23,13,TEX @ CLE
5067,5,S5,5,3,0,3,4,5,0,0,10,12,1,3,5,2,0,0,10,46,11.0,5,-2.0814343163538878,0.39110868683250927,0.07380000000000003,16,6,OAK @ SDP
5068,5,S5,5,4,1,4,8,3,0,0,9,7,3,7,8,2,2,0,17,54,12.0,11,3.274798927613941,-0.1047395820866387,-0.2592000000000001,19,13,FLA @ PHI
5069,5,S5,5,5,2,4,6,3,0,0,13,5,4,5,5,0,2,1,17,52,11.0,10,2.9185656836461122,-0.07309376323761926,-0.3436,16,8,NYM @ ATL
5070,5,S5,5,2,0,6,8,8,0,0,6,12,2,1,9,1,2,2,16,54,11.0,10,2.9185656836461127,-0.06116124659432892,-0.5370000000000001,23,11,COL @ MTL
5071,5,S5,5,2,2,1,6,2,0,0,13,6,7,5,4,1,2,0,11,48,12.0,6,-1.7252010723860594,0.37139538462678034,0.037200000000000004,20,9,CHC @ SFG
5072,5,S5,5,1,2,2,7,6,0,0,8,8,4,4,13,5,0,0,12,55,14.0,7,-3.1895810196156105,0.5377209070885529,0.41379999999999995,21,15,ARI @ CIN
5073,5,S5,5,0,0,0,5,6,1,0,10,9,1,6,4,2,4,1,5,42,11.333333333333334,0,-5.482210418180451,0.7351638025629291,0.6662000000000001,20,10,MIL @ PIT
5074,5,S5,5,3,0,2,4,6,0,0,10,15,8,1,6,1,0,0,9,55,13.666666666666666,6,-4.018613277680127,0.6206241328950046,0.3258,23,7,LAD @ STL
5075,5,S5,5,2,1,2,2,6,0,0,8,8,3,5,7,2,0,0,7,44,11.0,3,-4.081434316353887,0.5831536757369823,0.22800000000000004,20,13,KCR @ CWS
5076,5,S5,6,2,1,7,8,4,0,0,12,9,3,3,4,0,5,2,18,53,11.0,13,5.918565683646113,-0.35320623549880187,-0.712,15,9,NYY @ BAL
5077,5,S5,6,5,0,2,7,3,0,0,8,12,4,5,6,1,0,0,14,52,12.0,7,-0.7252010723860591,0.27935039572230735,-0.10360000000000003,23,11,BOS @ DET
5078,5,S5,6,2,0,6,7,4,0,1,7,15,0,5,4,1,1,1,15,50,11.0,11,3.9185656836461127,-0.1850262798809098,-0.29760000000000014,18,7,TBR @ TOR
5079,5,S5,6,4,0,4,5,10,0,0,8,9,1,7,8,2,1,1,13,56,12.0,11,3.274798927613941,-0.0967845709911117,-0.5710000000000002,23,13,KCR @ OAK
5080,5,S5,6,0,1,1,6,1,0,0,3,11,2,2,7,2,0,0,8,34,9.0,4,-1.7939008042895443,0.31462526905291305,0.044,13,8,CWS @ ANA
5081,5,S5,6,3,1,9,7,7,0,0,11,7,7,8,3,0,0,0,20,63,12.0,14,6.274798927613941,-0.37689704325229423,-0.7458,22,9,HOU @ MIN
5082,5,S5,6,1,1,8,10,2,1,0,8,12,2,12,1,0,0,1,20,57,12.0,13,5.274798927613942,-0.2967845709911118,-0.37399999999999994,17,3,CLE @ SEA
5083,5,S5,6,1,1,4,6,3,0,0,10,11,4,3,5,1,1,2,12,48,12.0,5,-2.725201072386059,0.47537289017454387,0.3320000000000001,19,11,TEX @ LAD
5084,5,S5,6,4,0,2,2,6,0,0,12,6,0,8,5,1,0,1,8,45,11.0,6,-1.0814343163538875,0.2911086868325092,0.1356,18,12,MTL @ FLA
5085,5,S5,6,3,0,6,8,7,0,0,6,2,3,6,11,5,1,0,17,52,11.0,8,0.9185656836461122,0.11895122566685373,-0.2742000000000001,21,14,PHI @ NYM
5086,5,S5,6,3,0,3,5,6,0,0,9,6,3,5,7,1,2,2,11,47,11.0,11,3.918565683646113,-0.18900378542867327,-0.4626,17,8,ATL @ PIT
5087,5,S5,6,1,0,4,4,4,0,0,9,8,8,3,7,1,0,0,9,48,12.0,3,-4.72520107238606,0.6634403735312534,0.4248,21,10,STL @ CHC
5088,5,S5,6,1,0,5,7,4,0,0,10,10,5,8,11,1,0,2,13,62,16.0,5,-9.401702231736822,1.1947305782305455,2.1452,32,19,CIN @ MIL
5089,5,S5,6,3,1,3,1,11,0,2,12,9,4,4,2,2,1,0,8,50,11.0,9,1.918565683646112,0.010996214571326733,-0.3772,17,8,SFG @ COL
5090,5,S5,6,4,1,2,8,12,1,0,9,11,2,6,4,2,0,0,15,59,11.333333333333334,13,6.4008151877765425,-0.4054086914596084,-1.3725999999999998,21,7,SDP @ ARI
5091,5,S5,7,2,2,3,12,8,1,1,7,8,1,12,7,1,4,0,19,62,12.0,16,8.27479892761394,-0.5649645266090038,-0.6353999999999997,25,13,ANA @ NYY
5092,5,S5,7,5,1,3,1,4,1,0,8,5,11,7,8,0,1,0,10,54,13.333333333333334,12,2.191950511915921,-0.00043224606460023907,-1.3782,25,14,BAL @ TBR
5093,5,S5,7,4,2,3,4,5,0,0,6,3,16,5,2,1,1,0,13,50,11.0,9,1.9185656836461125,0.010996214571326674,0.08260000000000005,22,13,TOR @ BOS
5094,5,S5,7,1,3,8,7,6,0,0,9,5,5,4,4,1,0,0,19,52,9.333333333333334,15,9.7402985413732,-0.7671995656536185,-1.0586,16,4,DET @ KCR
5095,5,S5,7,4,0,1,8,5,0,1,9,7,7,7,5,1,0,0,13,53,12.0,13,5.274798927613942,-0.3166720987299292,-0.09919999999999997,24,10,MIN @ CWS
5096,5,S5,7,3,2,4,3,6,0,0,4,9,8,7,5,1,3,1,12,51,11.666666666666666,9,1.7089205492355624,0.04787075020343565,-1.2597999999999998,28,14,SEA @ SFG
5097,5,S5,7,3,0,2,6,7,0,0,11,12,1,4,5,1,2,2,11,51,12.0,10,2.274798927613941,-0.008717087634402224,-0.28139999999999993,18,6,HOU @ TEX
5098,5,S5,7,3,1,3,5,6,0,0,11,8,6,4,6,1,0,0,12,53,12.0,8,0.2747989276139404,0.1833279012700709,-0.23399999999999976,22,13,OAK @ CLE
5099,5,S5,7,1,0,4,4,5,0,0,13,9,4,5,2,1,2,1,9,48,12.0,5,-2.725201072386059,0.47537289017454387,0.11939999999999995,18,6,FLA @ CHC
5100,5,S5,7,0,1,5,5,3,1,0,7,8,4,8,4,1,1,1,11,46,11.333333333333334,4,-2.336065911794978,0.42452685747214525,0.07520000000000003,19,8,NYM @ ARI
5101,5,S5,7,2,4,7,5,9,0,0,12,13,7,4,5,1,0,0,18,68,14.0,14,3.8104189803843895,-0.11057152079052168,-0.6478000000000003,27,11,ATL @ MTL
5102,5,S5,7,6,1,1,8,8,0,1,17,9,6,4,9,3,2,0,16,69,16.0,16,1.5982977682631774,0.12257311706488992,1.2684000000000006,23,11,CIN @ PHI
5103,5,S5,7,5,0,2,4,0,0,0,8,4,6,8,8,1,0,1,11,45,12.0,7,-0.7252010723860591,0.25548536243572634,-0.7948,22,12,PIT @ STL
5104,5,S5,7,1,0,5,4,5,0,0,8,7,2,8,5,3,0,0,10,45,11.0,7,-0.08143431635388698,0.18713118128474573,-0.07999999999999999,19,10,MIL @ SDP
5105,5,S5,7,2,1,4,6,9,1,1,12,17,9,3,3,2,0,1,13,67,16.0,9,-5.401702231736822,0.8106406004215996,2.1962,25,10,COL @ LAD
5106,5,S5,8,1,2,4,2,2,0,0,5,4,9,8,6,1,0,0,9,43,11.0,4,-3.0814343163538878,0.4791761701892188,0.039599999999999996,24,13,CHC @ NYY
5107,5,S5,8,4,1,9,8,4,1,0,11,6,8,5,3,1,3,1,22,59,11.666666666666666,17,9.708920549235563,-0.7203092054144564,-2.0587999999999997,17,9,CIN @ BAL
5108,5,S5,8,5,0,4,3,7,1,0,7,16,5,4,9,0,4,1,12,60,14.0,12,1.8104189803843893,0.0774959625661879,-0.8867999999999999,25,15,PIT @ BOS
5109,5,S5,8,4,0,5,3,8,0,1,10,15,5,3,5,3,1,1,12,58,14.0,9,-1.1895810196156102,0.3576084348273703,0.4406,21,7,STL @ TBR
5110,5,S5,8,2,0,3,8,5,0,0,6,6,2,6,9,4,1,0,13,47,11.0,7,-0.08143431635388709,0.19906369792803624,-0.05079999999999998,19,11,MIL @ TOR
5111,5,S5,8,1,1,1,3,8,0,0,5,15,8,4,1,0,1,0,6,47,11.0,7,-0.08143431635388698,0.19906369792803622,0.10900000000000001,15,3,SFG @ KCR
5112,5,S5,8,5,1,3,2,5,0,0,6,6,9,5,7,2,0,1,11,49,12.0,8,0.2747989276139408,0.17139538462678033,-0.16960000000000017,23,12,LAD @ ANA
5113,5,S5,8,2,0,0,7,8,0,0,5,5,5,4,12,5,1,0,9,48,12.0,5,-2.725201072386059,0.4674178790790169,0.2016000000000001,24,15,SDP @ CWS
5114,5,S5,8,5,0,4,1,6,0,0,6,10,13,4,9,0,1,0,10,58,14.0,8,-2.18958101961561,0.4536309292796069,0.561,30,13,ARI @ MIN
5115,5,S5,8,2,1,3,8,7,0,0,11,11,3,11,3,3,1,0,14,60,14.0,9,-1.1895810196156105,0.3615859403751339,0.5950000000000002,24,15,COL @ DET
5116,5,S5,8,4,0,1,4,6,0,0,10,5,4,7,6,2,1,2,9,47,12.0,8,0.2747989276139411,0.17139538462678033,-0.28320000000000006,21,9,FLA @ SEA
5117,5,S5,8,2,1,3,6,5,2,0,12,7,6,6,4,1,3,0,12,52,12.0,5,-2.725201072386059,0.49128291236559785,0.06460000000000002,19,10,NYM @ TEX
5118,5,S5,8,6,2,3,5,5,0,0,8,18,1,3,5,1,0,0,16,56,12.0,13,5.274798927613941,-0.3047395820866387,-0.3744,21,7,MTL @ OAK
5119,5,S5,8,4,2,5,6,3,0,0,9,11,4,5,4,0,2,1,17,53,11.333333333333334,10,2.6563304591454724,-0.04289273523979181,-0.7996,14,8,PHI @ CLE
5120,5,S5,8,1,1,7,7,6,0,0,12,14,2,9,6,2,2,1,16,65,15.333333333333334,10,-4.020170700205291,0.6724874472684463,1.3082,29,14,ATL @ HOU
5121,5,S5,9,2,0,4,7,2,0,0,4,9,2,10,5,3,0,1,13,47,12.0,4,-3.725201072386059,0.5634403735312534,0.3492,25,12,NYY @ CWS
5122,5,S5,9,3,1,2,7,2,0,0,8,9,5,6,5,0,4,0,13,48,11.0,8,0.9185656836461127,0.11497372011909021,-0.25759999999999994,23,12,BAL @ CLE
5123,5,S5,9,4,3,3,4,5,0,0,12,9,1,5,7,1,4,1,14,53,12.0,11,3.274798927613941,-0.09678457099111172,-0.7076000000000003,20,12,BOS @ OAK
5124,5,S5,9,2,2,6,7,4,0,0,11,2,2,8,11,2,1,0,17,55,12.0,10,2.274798927613941,-0.004739582086638709,-0.2478000000000003,23,15,ANA @ TBR
5125,5,S5,9,7,1,3,3,6,1,0,9,11,5,3,7,1,2,0,14,55,12.0,11,3.274798927613941,-0.10076207653887524,-0.7962,19,10,HOU @ TOR
5126,5,S5,9,4,0,6,4,2,0,0,11,6,0,9,6,1,0,0,14,48,11.0,9,1.9185656836461125,-0.000936302071963796,-0.2830000000000002,19,11,MIN @ KCR
5127,5,S5,9,2,1,6,5,4,0,1,9,5,1,1,2,3,0,0,14,36,7.0,8,4.304411406288082,-0.2872509409093226,-0.09580000000000004,7,2,DET @ MIL
5128,5,S5,9,4,1,1,7,5,0,0,6,11,5,6,1,1,2,0,13,47,10.0,11,4.5623324396782845,-0.2613354721274175,-0.8933000000000004,15,7,TEX @ SEA
5129,5,S5,9,3,1,3,7,5,0,0,6,7,4,4,7,3,2,2,14,47,11.0,9,1.918565683646113,0.010996214571326681,0.017799999999999983,22,11,FLA @ PIT
5130,5,S5,9,2,1,4,7,5,0,0,4,12,5,6,8,1,3,0,14,54,12.0,12,4.274798927613941,-0.20076207653887523,-0.47780000000000006,22,13,NYM @ CIN
5131,5,S5,9,2,2,0,4,2,0,0,11,11,5,3,6,0,0,0,8,46,12.0,7,-0.7252010723860591,0.2554853624357264,-0.16379999999999992,22,8,MTL @ CHC
5132,5,S5,9,5,1,4,4,7,0,0,7,9,5,8,5,2,1,0,14,55,12.0,9,1.274798927613941,0.09526041791336132,-0.46240000000000014,19,11,PHI @ LAD
5133,5,S5,9,4,3,0,4,6,0,0,9,8,3,5,7,4,2,0,11,49,12.0,8,0.27479892761394087,0.17537289017454386,-0.05180000000000004,17,12,SDP @ ATL
5134,5,S5,9,1,0,3,4,1,0,0,6,7,13,4,4,1,1,1,8,43,12.0,4,-3.725201072386059,0.5515078568879629,0.2302,24,10,COL @ STL
5135,5,S5,9,2,1,3,8,4,0,0,4,11,6,6,5,2,1,2,14,50,12.0,4,-3.725201072386059,0.5833279012700708,0.31999999999999995,23,9,SFG @ ARI
5136,5,S5,10,1,1,3,2,4,0,0,7,8,5,2,7,1,3,0,7,40,10.0,4,-2.4376675603217155,0.41082198903823813,0.20099999999999998,14,9,SEA @ NYY
5137,5,S5,10,1,1,2,8,9,0,1,10,8,4,3,7,1,2,0,12,53,11.0,8,0.9185656836461125,0.12690623676238072,-0.09219999999999992,19,11,KCR @ BAL
5138,5,S5,10,0,0,6,7,2,0,0,6,7,8,4,6,1,1,1,13,46,11.0,5,-2.0814343163538878,0.3990636979280362,0.22540000000000004,18,8,TBR @ BOS
5139,5,S5,10,4,1,11,4,4,1,0,8,9,6,4,9,0,4,0,20,60,12.0,16,8.27479892761394,-0.5729195377045307,-1.6631999999999998,22,10,OAK @ TOR
5140,5,S5,10,1,5,6,4,7,0,1,5,4,8,5,8,3,1,0,16,53,11.0,12,4.918565683646112,-0.2770712687853828,0.12960000000000002,19,10,ANA @ MIN
5141,5,S5,10,2,1,1,6,1,0,0,10,7,2,2,10,0,1,2,10,42,11.0,7,-0.08143431635388709,0.18713118128474576,-0.2436,16,13,CWS @ PIT
5142,5,S5,10,3,0,3,5,14,0,0,6,12,2,3,8,2,0,0,11,56,11.0,8,0.9185656836461125,0.1308837423101442,-0.32119999999999993,20,12,DET @ HOU
5143,5,S5,10,5,0,1,5,0,0,0,9,16,0,7,4,0,0,0,11,47,12.0,7,-0.7252010723860592,0.25946286798348983,0.17980000000000002,22,7,CLE @ TEX
5144,5,S5,10,2,0,6,7,15,2,1,7,11,3,4,6,3,0,2,15,61,12.0,14,6.274798927613942,-0.37689704325229423,-0.27840000000000026,22,10,SFG @ FLA
5145,5,S5,10,0,1,5,6,7,0,0,5,10,3,7,7,3,2,1,12,51,12.0,5,-2.725201072386059,0.48730540681783435,0.36019999999999985,24,14,ATL @ NYM
5146,5,S5,10,2,0,3,10,0,0,0,5,9,1,4,6,4,0,0,15,40,9.666666666666666,6,-0.10799723065138622,0.16989994497567823,0.09720000000000002,17,11,PHI @ MTL
5147,5,S5,10,3,2,5,8,6,0,0,9,4,7,5,8,3,1,0,18,57,12.0,13,5.274798927613941,-0.2967845709911118,-0.3634000000000001,20,13,CHC @ SDP
5148,5,S5,10,6,1,8,5,8,1,0,10,9,3,9,12,3,1,0,20,71,15.333333333333334,16,1.9798292997947091,0.0883974694595003,0.17819999999999986,25,16,STL @ CIN
5149,5,S5,10,3,0,1,4,7,0,0,8,7,3,8,7,2,0,1,8,48,12.0,5,-2.725201072386059,0.4674178790790169,0.042999999999999865,22,15,MIL @ COL
5150,5,S5,10,3,2,1,7,3,0,0,8,11,5,5,6,1,2,0,13,51,12.0,10,2.274798927613941,-0.01667209872992912,-0.5364000000000002,21,11,LAD @ ARI
5151,5,S5,11,0,0,7,3,5,0,1,8,6,5,4,7,3,1,0,10,45,11.0,4,-3.0814343163538878,0.49110868683250924,0.15639999999999993,17,12,TOR @ NYY
5152,5,S5,11,3,1,1,11,0,0,0,11,11,3,5,4,1,2,1,16,50,12.0,7,-0.7252010723860591,0.28332790127007085,0.1122,21,9,TEX @ BAL
5153,5,S5,11,3,3,5,7,1,0,0,15,6,1,5,5,0,0,1,18,51,11.0,12,4.918565683646113,-0.2850262798809098,-0.8515999999999999,14,9,HOU @ BOS
5154,5,S5,11,1,0,4,4,6,0,0,7,10,6,3,7,3,0,0,9,48,12.0,5,-2.725201072386059,0.4634403735312534,0.15839999999999993,21,12,CLE @ TBR
5155,5,S5,11,8,2,4,5,4,0,0,9,5,9,5,4,1,0,0,19,55,11.0,16,8.918565683646113,-0.6730937632376194,-0.7718,16,8,CWS @ KCR
5156,5,S5,11,3,0,5,7,5,0,2,4,11,11,3,6,0,0,1,15,55,12.0,12,4.274798927613942,-0.20473958208663873,-0.24160000000000018,25,12,ANA @ CIN
5157,5,S5,11,2,2,0,8,7,0,0,5,10,3,9,6,3,0,0,12,52,12.0,3,-4.725201072386059,0.6793503957223074,0.6402000000000001,26,11,MIN @ DET
5158,5,S5,11,0,0,4,7,1,0,0,10,8,4,4,7,2,2,1,11,45,12.0,1,-6.725201072386059,0.8634403735312534,0.8853999999999997,20,12,OAK @ SEA
5159,5,S5,11,3,2,5,3,6,0,0,9,5,5,3,8,1,2,2,13,49,11.0,9,1.9185656836461125,0.018951225666853682,-0.001999999999999962,20,10,ATL @ FLA
5160,5,S5,11,2,1,3,3,6,0,0,13,6,5,3,4,1,0,1,9,46,11.0,6,-1.081434316353887,0.2950861923802727,0.10060000000000001,18,10,NYM @ MTL
5161,5,S5,11,3,1,3,9,7,0,0,6,12,1,9,6,1,1,1,16,57,12.0,14,6.274798927613942,-0.39280706544334826,-0.17760000000000004,16,6,ARI @ PHI
5162,5,S5,11,0,0,5,4,2,0,0,13,13,1,4,3,0,3,1,9,45,11.666666666666666,4,-3.291079450764437,0.5240057169168547,0.09739999999999976,20,7,PIT @ CHC
5163,5,S5,11,5,2,4,4,4,0,1,3,13,7,5,7,0,0,1,15,54,12.0,11,3.274798927613941,-0.10871708763440219,-0.8084,23,14,MIL @ STL
5164,5,S5,11,1,1,3,3,1,0,0,8,6,6,5,8,1,0,2,8,42,12.0,1,-6.725201072386059,0.8475303513401995,0.9497999999999999,21,14,LAD @ SFG
5165,5,S5,11,2,3,5,1,3,0,0,7,10,1,5,10,0,1,0,11,47,11.0,8,0.9185656836461129,0.09906369792803618,-0.09820000000000002,23,14,SDP @ COL
5166,5,S5,12,0,3,8,6,3,0,0,10,9,1,10,5,0,3,3,17,56,13.0,7,-1.957391046000835,0.44234444856141986,0.11340000000000006,24,8,NYY @ TBR
5167,5,S5,12,3,0,4,4,9,0,1,8,8,9,2,4,0,2,2,11,51,11.0,9,1.9185656836461122,0.026906236762380617,-0.4674,20,6,BAL @ SEA
5168,5,S5,12,4,1,5,12,1,0,0,8,8,4,8,6,2,2,0,22,57,12.0,14,6.274798927613942,-0.39280706544334826,-0.15659999999999993,24,9,BOS @ TOR
5169,5,S5,12,1,1,2,4,7,0,0,10,4,8,6,6,0,2,2,8,49,12.0,3,-4.725201072386059,0.6833279012700708,0.6252,24,12,KCR @ CHC
5170,5,S5,12,2,0,0,2,7,0,0,8,9,4,2,5,0,0,0,4,39,9.333333333333334,3,-2.8340908092039814,0.43853179728317415,0.21879999999999997,14,7,DET @ ANA
5171,5,S5,12,1,3,4,8,5,0,0,12,11,3,10,3,2,0,1,16,60,14.0,9,-1.1895810196156105,0.3615859403751339,0.3429999999999999,20,9,OAK @ CWS
5172,5,S5,12,1,0,4,3,5,0,0,10,9,2,8,7,0,2,0,8,49,12.0,3,-4.725201072386059,0.6753728901745439,0.33999999999999997,19,15,TEX @ MIN
5173,5,S5,12,3,0,4,4,5,1,0,9,9,5,4,6,1,1,2,11,49,12.0,8,0.27479892761394076,0.17935039572230735,-0.2712000000000001,20,14,HOU @ CLE
5174,5,S5,12,0,0,3,1,4,0,0,12,12,2,5,4,1,2,0,4,43,12.0,1,-6.725201072386059,0.8515078568879629,0.8853999999999999,22,8,FLA @ NYM
5175,5,S5,12,2,0,4,9,3,0,0,9,14,2,7,3,0,1,1,15,53,12.0,10,2.274798927613941,-0.00871708763440214,-0.6566000000000001,25,10,MTL @ MIL
5176,5,S5,12,5,1,5,2,4,0,0,5,5,6,4,7,0,0,0,13,44,9.0,11,5.206099195710456,-0.34559967546945214,-1.0700999999999998,18,11,PHI @ STL
5177,5,S5,12,0,1,3,5,5,0,0,10,11,4,5,3,1,0,1,9,47,11.666666666666666,3,-4.054810010933545,0.596401267386002,0.27059999999999973,21,9,COL @ ATL
5178,5,S5,12,2,0,3,3,6,0,0,4,14,4,4,4,2,1,1,8,44,11.0,3,-4.081434316353888,0.5911086868325093,0.31679999999999997,17,8,CIN @ PIT
5179,5,S5,12,2,0,3,4,1,0,0,9,14,2,4,7,0,0,0,9,46,12.0,5,-2.725201072386059,0.45548536243572646,0.4771999999999999,21,13,ARI @ SFG
5180,5,S5,12,2,1,0,6,5,0,0,7,10,6,8,3,2,0,0,9,48,12.0,3,-4.725201072386059,0.6634403735312534,0.4254,23,12,SDP @ LAD
5181,5,S5,13,2,1,2,8,4,1,0,5,10,5,4,5,2,0,2,13,46,11.0,7,-0.08143431635388709,0.1990636979280362,0.13319999999999999,22,10,NYY @ TEX
5182,5,S5,13,2,0,5,7,0,0,0,4,10,9,6,4,1,0,2,14,47,12.0,4,-3.725201072386059,0.5674178790790169,0.15580000000000005,25,11,MIN @ BAL
5183,5,S5,13,1,1,5,4,3,0,0,10,5,3,7,6,2,0,0,11,45,11.0,5,-2.0814343163538873,0.38713118128474583,-0.010600000000000026,18,11,BOS @ KCR
5184,5,S5,13,0,0,2,6,5,0,0,4,9,2,8,5,5,0,0,8,41,11.0,1,-6.081434316353888,0.7712211590936918,0.7386,20,8,TBR @ HOU
5185,5,S5,13,4,3,1,8,6,0,0,12,6,10,10,7,2,2,1,16,67,16.0,14,-0.4017022317368224,0.3185956115171265,0.4909999999999999,27,14,TOR @ ATL
5186,5,S5,13,1,0,1,2,6,0,1,7,7,3,6,2,0,0,2,4,35,9.0,2,-3.793900804289544,0.5265577856962035,0.2915999999999999,15,8,SEA @ ANA
5187,5,S5,13,1,1,3,6,2,0,0,9,18,1,4,4,0,0,0,11,49,12.0,8,0.27479892761394065,0.16741787907901687,0.03040000000000001,21,9,CWS @ DET
5188,5,S5,13,4,0,1,7,7,1,0,4,16,2,4,6,1,1,0,12,51,11.0,10,2.9185656836461122,-0.08502627988090986,-0.3682,20,12,CLE @ OAK
5189,5,S5,13,4,0,4,9,3,0,0,13,10,5,4,4,0,1,0,17,56,12.0,9,1.274798927613941,0.09923792346112478,-0.1576,17,7,PHI @ FLA
5190,5,S5,13,1,1,3,3,3,0,0,9,4,8,4,5,2,0,1,8,41,11.0,3,-4.081434316353888,0.5751986646414553,0.48640000000000017,20,11,LAD @ NYM
5191,5,S5,13,1,0,5,10,7,1,0,16,10,5,4,8,2,3,2,16,66,15.666666666666666,11,-2.9675806101152005,0.5791609549027278,0.10679999999999973,23,11,PIT @ MTL
5192,5,S5,13,4,0,3,4,3,0,0,10,5,4,3,13,1,1,0,11,49,12.0,6,-0.725201072386059,0.2713953846267803,0.16939999999999994,20,11,CHC @ STL
5193,5,S5,13,5,0,6,3,7,0,1,7,13,2,7,7,0,0,0,14,57,12.0,9,1.274798927613941,0.09923792346112476,-0.19100000000000003,22,11,MIL @ CIN
5194,5,S5,13,1,3,4,4,4,1,0,10,7,5,6,5,0,0,0,12,49,11.0,7,-0.08143431635388809,0.2030412034757998,0.01800000000000007,20,7,SFG @ SDP
5195,5,S5,13,4,0,2,4,2,0,0,14,5,3,6,3,2,1,0,10,43,11.0,6,-1.0814343163538875,0.28315367573698225,0.019199999999999988,14,9,COL @ ARI
5196,5,S5,14,3,1,4,7,2,0,0,5,4,8,8,8,1,3,2,15,50,12.0,6,-1.7252010723860594,0.39128291236559787,0.24300000000000002,24,16,BAL @ TOR
5197,5,S5,14,0,1,2,13,0,0,0,4,4,3,4,11,6,0,1,16,42,11.0,4,-3.0814343163538878,0.47917617018921876,0.05939999999999998,20,12,TBR @ PHI
5198,5,S5,14,3,2,2,14,4,0,1,4,7,5,7,5,2,0,0,21,53,10.0,14,7.5623324396782845,-0.5454254499363635,-0.3726,21,11,KCR @ DET
5199,5,S5,14,4,0,2,6,8,0,0,11,6,5,5,4,2,0,0,12,51,11.0,10,2.9185656836461122,-0.08900378542867325,-0.5047999999999999,20,9,ANA @ CWS
5200,5,S5,14,6,0,9,4,1,0,0,12,6,8,5,5,0,0,0,19,56,12.0,13,5.274798927613941,-0.30473958208663865,-0.04819999999999999,17,10,MIN @ CLE
5201,5,S5,14,1,0,4,5,4,0,0,6,16,4,5,4,1,1,0,10,49,12.0,5,-2.725201072386059,0.47139538462678043,0.10340000000000003,20,8,HOU @ SEA
5202,5,S5,14,4,0,2,4,8,1,0,7,8,5,8,4,3,1,1,10,50,12.0,6,-1.725201072386059,0.37935039572230733,0.017400000000000027,23,13,OAK @ TEX
5203,5,S5,14,3,0,5,7,3,0,0,13,10,3,5,2,0,0,0,15,51,11.0,8,0.9185656836461128,0.11099621457132668,-0.06679999999999997,19,9,FLA @ MTL
5204,5,S5,14,2,0,6,7,3,0,0,12,3,4,7,6,2,2,2,15,50,12.0,6,-1.7252010723860591,0.3873054068178343,0.038399999999999976,21,11,NYY @ BOS
5205,5,S5,14,3,0,2,7,8,0,0,6,10,1,6,11,2,0,0,12,54,12.0,9,1.2747989276139415,0.08730540681783434,-0.18919999999999987,23,14,NYM @ SFG
5206,5,S5,14,2,2,9,5,2,0,0,10,9,4,8,5,0,1,0,18,56,12.0,13,5.274798927613941,-0.3007620765388753,-0.20919999999999994,21,12,STL @ ATL
5207,5,S5,14,5,4,4,4,4,0,0,16,7,5,5,7,2,1,0,17,61,14.0,12,1.8104189803843893,0.0655634459228974,-0.9615999999999996,22,10,MIL @ CHC
5208,5,S5,14,4,0,1,6,9,0,0,7,13,5,3,4,1,1,0,11,52,11.0,10,2.9185656836461122,-0.08104877433314628,-0.011000000000000067,22,10,CIN @ LAD
5209,5,S5,14,3,1,1,4,2,0,0,9,7,2,10,7,0,1,1,9,46,12.0,3,-4.725201072386059,0.6634403735312534,0.5594000000000001,24,16,PIT @ COL
5210,5,S5,14,2,1,9,5,14,2,0,5,13,3,9,6,5,1,0,17,67,13.666666666666666,12,2.244540602006012,0.04601631704731618,-0.5759999999999998,22,9,ARI @ SDP
5211,5,S5,15,1,0,4,8,2,0,0,7,6,8,5,4,2,0,1,13,45,11.0,5,-2.0814343163538873,0.3911086868325092,-0.02259999999999996,19,7,BAL @ NYY
5212,5,S5,15,5,2,5,5,5,0,0,6,10,5,7,7,0,1,0,17,57,11.666666666666666,11,3.445766669549425,-0.11388134518466007,-0.9176000000000001,22,14,BOS @ MTL
5213,5,S5,15,1,0,2,6,6,0,0,6,10,9,5,4,0,1,0,9,49,12.0,5,-2.725201072386059,0.4713953846267803,0.1522000000000002,22,11,TBR @ MIN
5214,5,S5,15,1,6,3,7,0,0,0,11,8,7,4,4,2,0,0,17,51,12.0,10,2.274798927613941,-0.024627109825456128,-0.3621999999999998,20,6,TOR @ DET
5215,5,S5,15,4,0,5,10,1,0,0,11,9,6,3,7,0,0,0,19,56,12.0,14,6.27479892761394,-0.4047395820866387,-1.0568,19,12,CLE @ ANA
5216,5,S5,15,1,1,0,4,7,0,0,7,8,4,3,1,1,0,0,6,36,8.0,6,0.8498659517426272,0.058203604545222894,-0.2676,7,5,CWS @ SEA
5217,5,S5,15,3,4,2,3,5,0,0,5,14,1,5,6,1,0,1,12,48,11.0,9,1.9185656836461127,0.0030412034757997045,0.05979999999999998,21,11,OAK @ HOU
5218,5,S5,15,0,1,2,10,2,0,0,6,5,3,7,9,3,3,0,13,45,11.0,5,-2.0814343163538873,0.3990636979280362,-0.12380000000000002,24,11,SDP @ FLA
5219,5,S5,15,2,1,2,7,8,1,0,8,13,7,3,1,1,1,0,12,52,11.0,8,0.9185656836461129,0.11895122566685368,-0.2910000000000002,17,4,CHC @ NYM
5220,5,S5,15,4,0,4,7,4,0,0,8,10,5,6,5,2,0,0,15,53,12.0,9,1.2747989276139409,0.08332790127007085,-0.26160000000000005,18,7,ATL @ PHI
5221,5,S5,15,2,3,3,3,5,0,0,9,7,2,7,3,2,0,0,11,44,10.0,7,0.5623324396782838,0.11877700013376516,-0.11609999999999995,16,9,SFG @ CIN
5222,5,S5,15,3,1,1,5,10,0,0,4,17,2,7,2,3,0,1,10,52,12.0,7,-0.7252010723860592,0.28332790127007085,0.24160000000000031,19,8,PIT @ MIL
5223,5,S5,15,2,1,1,0,8,0,0,4,7,1,5,8,1,1,1,4,37,9.0,5,-0.7939008042895443,0.2345127967917305,-0.06670000000000001,16,9,STL @ ARI
5224,5,S5,15,4,2,2,9,3,0,0,14,8,7,2,3,1,1,1,17,54,12.0,10,2.274798927613941,-0.0047395820866386745,-0.14780000000000015,19,8,LAD @ COL
5225,5,S5,15,2,1,4,3,3,0,2,10,7,3,6,6,1,1,0,10,45,11.0,5,-2.0814343163538878,0.3911086868325093,0.1854,20,9,TEX @ KCR
5226,5,S5,16,5,0,2,9,4,0,0,8,7,3,7,8,3,1,0,16,53,12.0,9,1.2747989276139409,0.08730540681783427,-0.43379999999999974,22,14,NYY @ FLA
5227,5,S5,16,3,0,5,7,9,0,0,7,9,6,7,6,1,2,0,15,59,12.0,12,4.274798927613941,-0.1848520543478213,-0.8212000000000003,24,13,BAL @ BOS
5228,5,S5,16,1,2,3,3,2,0,0,9,9,2,8,5,1,1,1,9,44,11.666666666666666,5,-2.5542333304505753,0.438388588242178,0.1896,15,6,TOR @ TBR
5229,5,S5,16,1,1,4,3,2,0,0,9,7,5,4,10,0,0,0,9,46,11.666666666666666,3,-4.554233330450575,0.638388588242178,0.3588,22,10,KCR @ ANA
5230,5,S5,16,5,0,5,7,8,0,2,5,15,7,3,1,2,0,0,17,56,11.0,14,6.918565683646113,-0.4691162576898559,-0.5522000000000001,18,4,CWS @ MIN
5231,5,S5,16,2,1,3,7,3,0,0,11,8,2,4,8,0,2,0,13,49,11.0,8,0.9185656836461125,0.1109962145713267,-0.010800000000000004,18,12,DET @ OAK
5232,5,S5,16,1,0,0,9,9,0,2,4,15,4,4,4,3,0,1,10,50,11.666666666666666,5,-2.5542333304505753,0.4582761159809955,-0.27639999999999987,22,9,SEA @ TEX
5233,5,S5,16,3,1,2,7,2,0,0,6,11,2,11,2,1,1,0,13,47,11.0,8,0.9185656836461125,0.09906369792803624,-0.1708,18,12,CLE @ HOU
5234,5,S5,16,1,0,1,4,5,0,0,12,6,5,4,7,1,1,1,6,45,12.0,2,-5.725201072386059,0.7594628679834899,0.6187999999999999,20,9,NYM @ PHI
5235,5,S5,16,1,0,3,6,3,0,1,8,7,3,3,7,0,0,0,10,41,10.0,3,-3.437667560321716,0.5068444834904746,0.4324999999999999,16,10,MTL @ ATL
5236,5,S5,16,4,0,3,3,1,0,0,13,3,4,4,5,0,0,0,10,40,9.666666666666666,7,0.7333001816137674,0.08577020374916278,-0.6074,15,10,CIN @ CHC
5237,5,S5,16,2,2,1,8,3,0,0,4,8,7,4,7,3,0,0,13,46,11.0,6,-1.0814343163538875,0.29110868683250923,0.1194,19,11,STL @ PIT
5238,5,S5,16,3,1,5,7,6,0,0,7,10,1,6,8,2,0,2,16,54,12.0,11,3.274798927613941,-0.10473958208663872,-0.12559999999999996,22,16,ARI @ MIL
5239,5,S5,16,4,0,3,3,8,0,0,9,9,3,2,6,1,0,0,10,47,10.0,7,0.5623324396782841,0.13070951677705558,-0.22230000000000003,15,12,COL @ SFG
5240,5,S5,16,0,0,3,6,5,0,0,13,6,1,5,7,1,0,0,9,46,11.0,2,-5.081434316353888,0.6911086868325093,0.3934000000000001,16,10,LAD @ SDP
6001,6,S6,1,2,0,6,11,3,0,0,10,5,7,9,4,1,0,0,19,57,12.0,9,2.1457627118644074,0.023837239091819243,-0.5358000000000002,21,13,ATL @ MTL
6002,6,S6,1,5,1,1,6,1,0,0,6,10,9,6,3,2,0,0,13,48,12.0,6,-0.8542372881355931,0.28619300062683084,0.033399999999999964,24,10,NYM @ PHI
6003,6,S6,1,2,2,2,5,3,0,0,4,14,7,4,6,0,0,1,11,49,12.0,5,-1.854237288135593,0.3945583869523839,0.21259999999999996,25,12,NYY @ BOS
6004,6,S6,1,0,1,4,7,6,0,0,9,11,3,7,3,1,5,2,12,51,12.0,3,-3.854237288135593,0.6280199322545957,0.6692,23,12,BAL @ TBR
6005,6,S6,1,7,0,4,5,6,0,0,12,5,3,7,7,2,0,0,16,56,12.0,13,6.145762711864407,-0.3803454540709572,-0.46759999999999985,19,7,KCR @ DET
6006,6,S6,1,3,0,6,5,3,0,0,7,13,8,10,7,0,1,0,14,62,15.0,11,0.17295930087004108,0.2462137391679148,0.9276000000000001,29,15,ANA @ OAK
6007,6,S6,1,0,1,2,2,9,0,0,10,6,4,10,3,0,5,1,5,47,11.333333333333334,3,-3.493974253847195,0.5710801630118735,0.37100000000000016,19,11,SEA @ TEX
6008,6,S6,1,2,0,3,5,5,0,0,7,7,10,3,7,2,0,0,10,49,12.0,6,-0.8542372881355929,0.29037569378960737,-0.29319999999999996,19,8,CWS @ TOR
6009,6,S6,1,2,2,4,4,6,0,0,5,7,5,8,5,3,0,0,12,48,11.0,11,4.716949152542373,-0.27092564344096576,-0.19220000000000004,21,12,HOU @ CLE
6010,6,S6,1,2,0,5,5,6,2,0,10,8,1,7,6,2,0,2,12,50,12.0,4,-2.854237288135593,0.5029237732779368,0.17360000000000003,23,13,FLA @ ARI
6011,6,S6,1,1,2,4,6,5,0,0,11,9,1,7,1,1,2,3,13,47,11.0,7,0.7169491525423733,0.14580512921014022,0.23100000000000007,17,8,PIT @ COL
6012,6,S6,1,3,0,6,7,3,0,1,8,7,3,8,8,2,3,0,16,53,12.0,8,1.145762711864407,0.11965454592904279,-0.24119999999999991,21,16,MIL @ SDP
6013,6,S6,1,3,1,6,4,3,0,0,4,9,4,6,9,0,0,4,14,49,12.0,8,1.145762711864407,0.10710646644071327,-0.43780000000000013,26,17,CIN @ SFG
6014,6,S6,1,3,0,4,10,6,0,0,15,7,4,1,6,1,3,0,17,57,11.666666666666666,8,2.3018547949637895,0.02077611027021048,-0.7154,17,7,STL @ LAD
6015,6,S6,1,1,0,1,5,4,1,0,10,12,2,2,4,2,2,1,7,41,11.0,1,-5.283050847457627,0.7123435839079283,0.7636000000000002,20,6,CHC @ MIN
6016,6,S6,2,3,0,4,11,4,0,0,10,8,7,2,6,2,0,1,18,55,12.0,10,3.1457627118644074,-0.08034545407095725,-0.0288,19,10,PHI @ ATL
6017,6,S6,2,1,2,4,3,1,0,0,9,10,6,4,5,1,1,1,10,45,12.0,4,-2.854237288135593,0.4820103074640544,0.40240000000000004,19,12,CHC @ MIL
6018,6,S6,2,3,0,3,7,3,0,0,10,6,3,4,7,2,0,1,13,46,11.0,7,0.7169491525423726,0.12489166339625779,-0.06579999999999997,19,12,STL @ CIN
6019,6,S6,2,1,2,2,4,5,1,0,13,7,5,4,7,2,1,2,9,50,13.333333333333334,4,-3.917176095648334,0.6134003471919874,1.0098,22,11,LAD @ ARI
6020,6,S6,2,1,0,3,8,3,0,0,9,8,6,4,9,0,2,0,12,51,12.0,5,-1.854237288135593,0.4071064664407133,0.3539999999999999,23,13,BOS @ BAL
6021,6,S6,2,1,0,6,4,1,0,0,6,7,11,3,8,0,3,1,11,47,12.0,4,-2.854237288135593,0.49874108011516033,0.3828,24,14,TOR @ TBR
6022,6,S6,2,2,0,2,5,5,0,1,8,7,4,5,9,3,0,0,9,47,12.0,5,-1.8542372881355933,0.3820103074640544,0.06799999999999991,23,14,MIN @ CWS
6023,6,S6,2,4,1,4,7,7,0,0,7,8,8,5,4,4,1,0,16,55,12.0,11,4.145762711864407,-0.1803454540709572,-0.13920000000000016,19,6,DET @ CLE
6024,6,S6,2,2,2,5,2,4,1,0,11,7,3,6,6,1,0,2,11,48,12.0,7,0.145762711864407,0.1945583869523838,0.15819999999999995,22,11,SEA @ HOU
6025,6,S6,2,4,0,7,6,3,0,0,11,13,4,4,4,0,1,0,17,56,12.0,12,5.145762711864407,-0.2761627609081808,-0.30119999999999997,19,8,TEX @ ANA
6026,6,S6,2,3,1,6,6,8,0,0,4,12,3,6,6,2,1,0,16,55,11.0,10,3.716949152542373,-0.13746409813875382,-0.5816000000000001,18,10,KCR @ NYY
6027,6,S6,2,3,2,0,5,2,0,1,8,10,4,6,4,1,2,0,10,44,11.0,5,-1.283050847457627,0.32070897023348127,-0.0418,21,8,MTL @ SDP
6028,6,S6,2,5,1,0,1,5,0,0,15,13,0,3,3,2,1,0,7,46,12.0,8,1.145762711864407,0.08201030746405433,0.05619999999999997,12,6,NYM @ PIT
6029,6,S6,2,3,0,5,5,6,0,0,8,4,6,6,5,1,2,3,13,48,11.0,7,0.7169491525423726,0.1499878223729167,-0.055400000000000046,22,15,FLA @ SFG
6030,6,S6,2,2,0,0,5,3,0,0,6,9,4,7,6,1,0,3,7,42,12.0,2,-4.854237288135593,0.6736449211385014,0.5486,26,13,COL @ OAK
6031,6,S6,3,3,0,1,7,3,0,0,7,11,5,2,7,1,1,0,11,46,11.0,7,0.7169491525423732,0.12489166339625775,-0.4933999999999999,17,11,PHI @ NYM
6032,6,S6,3,0,0,3,9,5,1,1,17,10,2,8,5,3,2,2,12,60,16.0,6,-6.263404335493595,0.8940327959670549,2.2325999999999997,25,13,STL @ PIT
6033,6,S6,3,7,0,3,8,7,0,0,8,7,6,6,8,1,2,0,18,60,12.0,11,4.145762711864407,-0.1552492950942983,-0.6359999999999998,21,12,CIN @ MIL
6034,6,S6,3,4,0,2,4,6,0,0,13,6,5,6,4,2,2,0,10,50,12.0,6,-0.8542372881355932,0.3029237732779368,-0.1616000000000001,17,10,COL @ ARI
6035,6,S6,3,8,3,3,8,11,2,0,7,12,2,6,3,1,9,2,22,63,11.0,24,17.716949152542373,-1.462175621208777,-0.9854000000000002,22,8,SFG @ LAD
6036,6,S6,3,1,2,4,7,6,0,1,7,6,4,11,4,4,1,0,14,52,12.0,7,0.1457627118644069,0.20710646644071337,-0.6958,21,16,HOU @ ANA
6037,6,S6,3,6,0,5,7,5,1,0,6,10,7,3,4,3,2,0,18,53,11.0,10,3.716949152542373,-0.14164679130153035,-0.20279999999999998,19,9,TEX @ SEA
6038,6,S6,3,2,0,1,11,5,0,0,9,6,3,4,6,3,2,2,14,47,11.0,5,-1.283050847457627,0.3416224360473637,0.045999999999999985,17,12,NYY @ MIN
6039,6,S6,3,0,1,0,9,8,2,0,6,7,9,6,4,3,5,1,10,50,12.0,5,-1.854237288135593,0.4196545459290428,0.3947999999999999,24,10,BAL @ CWS
6040,6,S6,3,4,0,3,6,5,0,0,8,9,2,9,5,3,1,0,13,51,12.0,6,-0.854237288135593,0.3029237732779368,-0.1276,23,13,DET @ BOS
6041,6,S6,3,0,1,7,0,1,0,0,8,10,7,3,5,0,0,0,8,42,11.0,3,-3.283050847457627,0.5039781975823753,0.4684,17,8,CLE @ TBR
6042,6,S6,3,2,1,1,5,5,0,0,12,4,4,8,7,1,0,0,9,49,12.0,5,-1.854237288135593,0.39037569378960735,0.06420000000000005,20,12,KCR @ OAK
6043,6,S6,3,0,1,5,4,4,0,0,9,9,5,7,2,1,0,0,10,46,11.0,3,-3.283050847457627,0.5207089702334813,0.21039999999999992,19,9,MTL @ CHC
6044,6,S6,3,1,0,4,3,9,1,0,8,15,9,6,2,2,2,0,8,57,14.0,4,-4.839161911251171,0.7306950877289301,0.8026000000000001,25,12,SDP @ FLA
6045,6,S6,3,1,1,4,8,5,0,0,9,5,5,5,6,3,1,0,14,49,11.0,7,0.716949152542373,0.13743974288458718,-0.011600000000000277,16,8,ATL @ TOR
6046,6,S6,4,0,3,4,9,6,1,0,12,9,4,2,5,1,1,0,16,54,11.0,8,1.716949152542373,0.05835320869846964,-0.2983999999999999,16,7,NYM @ MTL
6047,6,S6,4,2,1,7,13,4,0,0,10,11,5,4,4,0,1,2,23,61,12.0,10,3.145762711864407,-0.046883908768745305,-0.15019999999999997,24,9,PIT @ CIN
6048,6,S6,4,0,1,0,0,4,1,0,11,11,3,9,4,1,0,1,1,44,13.666666666666666,1,-7.555245827335087,0.9437457750584508,1.4981999999999998,24,14,MIL @ CHC
6049,6,S6,4,2,0,3,13,8,2,0,11,9,5,5,9,3,3,3,18,65,15.0,9,-1.8270406991299588,0.47967528447012664,1.4312,25,12,ARI @ SDP
6050,6,S6,4,2,0,3,4,0,0,0,12,7,3,3,6,1,1,1,9,40,11.0,4,-2.283050847457627,0.4039781975823753,0.4754,16,9,SFG @ COL
6051,6,S6,4,1,1,8,9,2,0,0,9,3,10,2,5,1,3,2,19,51,11.0,9,2.716949152542373,-0.03746409813875384,-0.33380000000000015,19,11,NYY @ BAL
6052,6,S6,4,0,1,4,2,1,0,0,8,4,12,4,6,1,0,1,7,42,12.0,1,-5.854237288135593,0.7652795348129484,0.9266,23,13,TBR @ TOR
6053,6,S6,4,0,0,3,5,3,0,0,11,13,0,6,3,3,2,0,8,44,12.0,2,-4.854237288135593,0.6778276143012779,0.5594,18,9,CLE @ DET
6054,6,S6,4,3,0,0,6,2,0,0,7,9,1,9,6,3,0,1,9,43,12.0,3,-3.854237288135593,0.5694622279757249,0.30899999999999994,17,7,ANA @ TEX
6055,6,S6,4,4,1,1,4,0,0,0,14,8,7,3,4,0,0,0,10,46,12.0,6,-0.8542372881355932,0.2778276143012779,0.1774,18,8,HOU @ KCR
6056,6,S6,4,3,1,3,5,5,0,0,9,13,1,3,7,1,1,2,12,50,12.0,4,-2.854237288135593,0.5071064664407132,0.3614,21,11,OAK @ MIN
6057,6,S6,4,1,0,3,7,4,0,0,7,11,6,4,4,1,1,0,11,47,11.0,4,-2.283050847457627,0.42907435655903425,0.28540000000000004,21,7,CWS @ SEA
6058,6,S6,4,1,0,1,4,2,0,0,15,3,5,5,6,1,0,0,6,42,11.666666666666666,3,-3.570321204219509,0.5327052332585636,-0.11459999999999981,17,10,ATL @ STL
6059,6,S6,4,1,0,4,4,4,0,0,8,10,3,3,6,0,1,3,9,43,11.0,4,-2.2830508474576274,0.4248916633962577,0.2845999999999999,18,12,LAD @ PHI
6060,6,S6,4,3,0,3,11,0,0,0,13,7,4,3,3,1,1,2,17,47,11.0,8,1.716949152542373,0.03743974288458724,-0.18639999999999998,17,8,FLA @ BOS
6061,6,S6,5,1,1,3,4,5,0,1,7,15,1,2,9,2,2,0,9,48,12.0,4,-2.854237288135593,0.49455838695238385,0.4123999999999999,20,11,ATL @ NYM
6062,6,S6,5,6,2,3,5,3,0,0,13,9,10,7,5,1,2,0,16,63,15.0,13,1.3077821051843708,0.1410968450620348,0.4899999999999999,23,9,CHC @ STL
6063,6,S6,5,1,0,4,6,6,1,0,17,11,5,4,9,1,2,1,11,63,16.0,9,-3.263404335493595,0.6023981822926079,1.1572,22,14,ARI @ SFG
6064,6,S6,5,0,0,3,7,2,0,0,9,9,6,1,7,0,3,1,10,44,11.0,4,-2.283050847457627,0.4290743565590343,0.15339999999999993,18,8,COL @ SDP
6065,6,S6,5,2,0,2,6,6,0,0,9,4,8,7,4,0,2,1,10,48,11.0,6,-0.28305084745762676,0.24162243604736366,0.09540000000000001,22,12,BAL @ BOS
6066,6,S6,5,3,2,5,10,7,0,0,10,5,4,7,4,5,0,1,20,57,12.0,14,7.145762711864406,-0.47198006774540424,-0.6746000000000001,17,8,MIN @ KCR
6067,6,S6,5,1,1,3,6,5,0,0,14,11,3,3,3,1,0,1,11,50,12.0,4,-2.854237288135593,0.4987410801151604,0.3076000000000001,15,5,ANA @ HOU
6068,6,S6,5,2,0,2,7,4,0,0,5,6,13,3,8,1,1,0,11,50,12.0,5,-1.854237288135593,0.3987410801151604,0.22360000000000002,24,12,OAK @ TOR
6069,6,S6,5,5,1,8,3,8,0,0,7,7,12,3,4,2,0,1,17,58,12.0,13,6.145762711864407,-0.3677973745826278,-0.7642,19,7,DET @ TBR
6070,6,S6,5,1,0,5,9,5,0,0,5,4,13,5,4,2,1,0,15,51,11.0,6,-0.2830508474576271,0.2458051292101402,-0.1612,22,11,SEA @ CLE
6071,6,S6,5,4,2,3,7,8,1,1,12,11,3,3,9,1,2,1,16,62,13.333333333333334,11,3.657078690252589,-0.09383281344478696,-0.8177999999999999,23,14,TEX @ CWS
6072,6,S6,5,1,0,1,10,4,0,1,13,10,3,3,5,1,7,1,12,50,12.0,4,-2.854237288135593,0.5280199322545958,0.26199999999999996,21,8,PIT @ FLA
6073,6,S6,5,0,0,4,5,5,0,0,6,9,6,3,5,2,0,2,9,43,11.0,1,-5.283050847457627,0.7165262770707048,0.7574000000000001,22,9,LAD @ CIN
6074,6,S6,5,5,0,1,8,8,0,2,9,13,3,4,3,1,0,0,14,54,11.0,13,6.716949152542374,-0.4458294844643069,-0.3839999999999999,18,6,MTL @ NYY
6075,6,S6,5,3,0,8,6,8,0,0,12,3,8,5,6,3,0,1,17,61,13.333333333333334,13,4.854588088748828,-0.22613183278274057,-0.07500000000000012,20,11,MIL @ PHI
6076,6,S6,6,2,1,1,9,5,0,0,6,13,1,6,4,4,0,2,13,48,12.0,7,0.14576271186440723,0.1945583869523839,-0.060399999999999884,19,12,PHI @ FLA
6077,6,S6,6,3,1,2,0,6,0,1,9,7,6,4,6,1,3,0,6,44,11.0,5,-1.2830508474576268,0.32489166339625775,0.22080000000000002,19,11,CHC @ PIT
6078,6,S6,6,3,2,1,3,0,0,0,14,11,4,1,5,0,0,0,9,44,11.666666666666666,7,0.5177433881929092,0.13226416034287466,-0.6716,16,7,STL @ MIL
6079,6,S6,6,1,2,5,2,3,0,0,11,7,3,3,9,0,1,0,10,46,11.0,8,1.716949152542373,0.02489166339625777,-0.20759999999999998,20,11,LAD @ COL
6080,6,S6,6,2,0,4,2,5,0,0,9,8,9,3,4,0,0,0,8,46,11.0,5,-1.283050847457627,0.32070897023348127,0.07480000000000002,20,9,NYY @ TBR
6081,6,S6,6,3,0,1,5,2,0,0,8,8,5,5,6,1,0,0,9,43,11.0,6,-0.28305084745762665,0.2081608907451518,0.09659999999999996,22,9,CLE @ KCR
6082,6,S6,6,2,1,1,2,4,0,0,8,6,5,8,5,1,0,0,6,42,11.0,3,-3.283050847457627,0.5039781975823753,0.49100000000000016,19,12,CWS @ MIN
6083,6,S6,6,7,0,6,6,3,0,0,7,3,9,6,9,1,2,1,19,56,12.0,12,5.145762711864407,-0.26779737458262776,-0.7207999999999999,27,14,SEA @ OAK
6084,6,S6,6,2,0,6,6,6,0,0,6,7,5,5,6,4,4,0,14,49,11.0,7,0.7169491525423729,0.14998782237291663,-0.23980000000000015,17,9,TEX @ BAL
6085,6,S6,6,0,0,8,7,4,0,0,7,16,3,6,6,2,0,0,15,57,13.333333333333334,7,-1.2735765797984206,0.365771168258102,0.34740000000000004,28,11,BOS @ HOU
6086,6,S6,6,1,1,4,9,3,0,0,6,4,10,5,7,4,1,0,15,50,12.0,5,-1.854237288135593,0.39874108011516035,0.3853999999999999,23,11,TOR @ DET
6087,6,S6,6,3,0,1,4,7,0,0,8,15,4,8,5,2,0,0,8,55,14.0,7,-1.8391619112511712,0.41396431507782416,0.6553999999999999,27,10,MTL @ ARI
6088,6,S6,6,2,1,3,3,6,0,0,4,13,1,9,5,2,0,0,9,47,11.333333333333334,5,-1.160487288135593,0.3126353074640543,-0.42779999999999996,23,13,NYM @ CIN
6089,6,S6,6,1,1,5,9,4,0,0,10,5,2,5,8,1,1,2,16,50,11.0,9,2.7169491525423726,-0.05001217762708328,-0.07019999999999994,18,11,SFG @ ATL
6090,6,S6,6,1,1,1,5,5,1,0,10,6,0,10,8,2,5,0,8,47,12.0,4,-2.854237288135593,0.5029237732779368,0.1538,21,10,SDP @ ANA
6091,6,S6,7,0,1,1,5,3,0,0,10,10,2,9,4,0,5,1,7,45,12.0,3,-3.854237288135593,0.5987410801151604,0.22660000000000002,22,12,FLA @ NYM
6092,6,S6,7,3,0,6,8,6,0,0,8,6,3,6,6,3,0,1,17,52,11.0,10,3.716949152542373,-0.15001217762708327,0.16260000000000002,17,12,ATL @ PHI
6093,6,S6,7,6,6,7,4,4,1,0,10,3,6,8,5,1,1,1,23,59,11.333333333333334,19,12.506025746152805,-0.9954582916859147,-1.9850000000000003,21,15,CIN @ CHC
6094,6,S6,7,1,1,1,4,5,0,0,11,8,2,7,4,0,6,1,7,44,11.0,6,-0.2830508474576269,0.24162243604736372,-0.07040000000000002,21,9,COL @ SFG
6095,6,S6,7,1,1,4,4,5,2,0,5,6,5,6,6,0,1,4,10,44,11.0,5,-1.283050847457627,0.33325704972181075,0.04340000000000003,22,12,SDP @ LAD
6096,6,S6,7,1,1,5,8,7,0,0,4,7,4,7,9,2,3,3,15,53,12.0,6,-0.8542372881355933,0.33220262541737233,0.0020000000000000052,27,14,BAL @ NYY
6097,6,S6,7,2,2,3,6,5,1,0,10,6,5,4,6,1,2,1,13,49,11.0,5,-0.28305084745762693,0.2458051292101402,0.10160000000000005,21,12,TBR @ BOS
6098,6,S6,7,0,2,4,5,8,0,0,9,9,5,2,5,2,0,1,11,49,11.0,6,-0.2830508474576271,0.2374397428845872,0.0025999999999999565,14,9,KCR @ CWS
6099,6,S6,7,1,1,6,5,6,0,0,8,9,4,6,5,1,0,0,13,51,11.0,9,2.716949152542373,-0.05837756395263631,-0.55,22,11,MIN @ CLE
6100,6,S6,7,2,1,0,7,5,0,0,10,11,4,3,4,1,1,0,10,47,11.0,5,-1.283050847457627,0.3290743565590343,0.2324,16,6,OAK @ HOU
6101,6,S6,7,2,1,2,5,4,0,0,7,8,7,1,10,3,2,0,10,47,12.0,7,0.14576271186440726,0.1903756937896074,0.1038,22,12,ANA @ SEA
6102,6,S6,7,2,0,8,7,4,0,2,9,4,8,6,5,1,1,0,17,53,11.0,10,3.716949152542373,-0.1458294844643068,-0.17999999999999988,18,10,TOR @ TEX
6103,6,S6,7,0,3,3,3,1,0,0,10,5,2,5,9,2,0,0,9,41,11.0,3,-3.283050847457627,0.49979550441959886,0.3897999999999999,18,14,MIL @ MTL
6104,6,S6,7,1,0,5,7,9,0,1,10,12,5,4,4,1,1,0,13,57,12.0,6,-0.854237288135593,0.3280199322545957,0.26319999999999977,20,7,ARI @ PIT
6105,6,S6,7,3,0,4,5,6,1,1,13,11,2,12,7,2,1,0,12,63,15.666666666666666,11,-0.8348329069221669,0.35117565310991206,0.7575999999999999,29,15,STL @ DET
6106,6,S6,8,2,1,2,3,4,0,0,10,2,7,9,7,1,0,0,8,47,12.0,5,-1.854237288135593,0.3820103074640544,-0.15139999999999995,24,15,KCR @ MTL
6107,6,S6,8,3,1,3,3,2,0,0,7,12,2,5,9,1,1,0,10,47,12.0,3,-3.854237288135593,0.5861930006268309,0.5901999999999998,21,13,MIN @ NYM
6108,6,S6,8,1,0,5,7,6,0,0,8,12,8,8,2,0,3,1,13,58,13.333333333333334,7,-1.2735765797984206,0.3866846340719845,0.2657999999999999,27,10,CLE @ FLA
6109,6,S6,8,1,0,6,2,4,0,0,5,13,2,1,6,1,0,0,9,40,9.333333333333334,5,-0.01811440677966103,0.16911916718902575,-0.12010000000000003,16,8,CWS @ ATL
6110,6,S6,8,4,1,3,6,5,0,0,7,5,10,4,4,3,0,0,14,49,11.0,6,-0.2830508474576269,0.23325704972181066,-0.16620000000000013,19,9,DET @ PHI
6111,6,S6,8,1,1,3,7,4,0,1,14,7,6,4,2,0,1,0,12,49,11.0,4,-2.2830508474576265,0.4374397428845872,0.23299999999999993,16,5,HOU @ PIT
6112,6,S6,8,6,2,6,1,3,0,0,8,9,7,1,9,1,1,1,15,52,12.0,12,5.145762711864407,-0.2887108403965102,-0.2202,18,10,OAK @ CHC
6113,6,S6,8,1,0,1,9,3,0,0,7,7,5,2,6,4,1,2,11,41,11.0,3,-3.283050847457627,0.5123435839079283,0.37079999999999996,20,8,ANA @ MIL
6114,6,S6,8,3,0,4,8,7,0,0,8,11,4,6,6,1,1,0,15,57,12.0,9,2.145762711864407,0.02801993225459576,0.17079999999999995,18,9,TEX @ CIN
6115,6,S6,8,5,1,1,2,4,0,0,9,5,1,4,6,0,0,2,9,38,9.0,7,1.8593220338983054,-0.018624476878770946,-0.09270000000000002,13,9,SEA @ STL
6116,6,S6,8,5,0,6,4,3,0,0,9,7,3,3,0,1,0,0,15,40,7.666666666666667,12,7.714424558492355,-0.6041347293381759,-0.23060000000000003,10,4,NYY @ ARI
6117,6,S6,8,6,0,4,9,4,0,0,10,10,4,2,8,0,7,2,19,57,12.0,12,5.145762711864407,-0.23851852244319233,-0.3231999999999999,24,14,BAL @ COL
6118,6,S6,8,3,0,4,4,1,0,0,4,14,0,5,6,2,0,2,11,41,11.0,5,-1.283050847457627,0.3081608907451518,0.23879999999999996,18,9,BOS @ SDP
6119,6,S6,8,3,1,6,3,2,0,0,9,5,11,4,2,2,0,0,13,46,11.0,8,1.7169491525423732,0.020708970233481276,-0.33340000000000003,16,7,TOR @ LAD
6120,6,S6,8,2,0,4,6,4,0,0,8,8,9,5,2,0,1,1,12,48,11.0,5,-1.283050847457627,0.3374397428845872,0.18100000000000002,19,7,TBR @ SFG
6121,6,S6,9,4,0,2,5,1,1,0,3,15,2,6,5,2,0,0,11,43,11.0,5,-1.283050847457627,0.3081608907451518,0.20899999999999994,22,10,MTL @ ATL
6122,6,S6,9,2,0,0,2,7,0,0,6,12,3,3,8,3,0,1,4,43,12.0,2,-4.854237288135593,0.6694622279757249,0.5315999999999997,22,12,PIT @ STL
6123,6,S6,9,1,0,4,8,2,0,0,10,8,1,2,9,1,3,2,13,45,11.0,5,-1.283050847457627,0.3374397428845872,0.12060000000000001,19,12,SDP @ ARI
6124,6,S6,9,3,3,2,9,4,0,0,6,7,12,7,6,1,6,3,17,59,14.0,13,4.160838088748829,-0.13166067380608154,-0.548,30,14,BAL @ TOR
6125,6,S6,9,3,1,2,6,2,0,0,7,11,6,2,5,1,0,1,12,45,11.0,3,-3.283050847457627,0.5207089702334813,0.4194,21,6,NYY @ HOU
6126,6,S6,9,3,0,2,9,6,1,0,11,12,9,8,7,2,0,2,14,68,17.333333333333332,12,-3.624071533763336,0.655195674770688,2.6937999999999995,29,18,BOS @ CLE
6127,6,S6,9,4,0,5,7,5,0,0,6,12,3,4,5,2,4,1,16,51,11.0,11,4.383462186830771,-0.2041154015675937,-0.3814,20,11,TBR @ SEA
6128,6,S6,9,3,3,2,5,1,0,0,7,7,6,3,7,2,1,1,13,44,11.0,7,0.7169491525423729,0.12070897023348126,-0.12459999999999995,21,9,ANA @ KCR
6129,6,S6,9,0,0,1,9,8,0,0,6,4,8,5,6,4,1,0,10,47,11.0,5,-1.283050847457627,0.3290743565590343,0.16640000000000008,20,11,CWS @ OAK
6130,6,S6,9,2,0,3,5,6,1,0,11,25,0,4,6,0,1,1,10,62,15.666666666666666,9,-3.107312252394213,0.5784235876571167,1.3292000000000002,23,11,NYM @ COL
6131,6,S6,9,6,0,3,1,6,0,0,5,16,7,3,2,0,0,0,10,49,11.0,8,1.716949152542373,0.033257049721810664,-0.37660000000000005,18,9,FLA @ MIL
6132,6,S6,9,1,0,4,3,4,0,0,7,7,9,4,5,2,0,2,8,44,12.0,1,-5.854237288135593,0.7778276143012779,0.9776,22,8,PHI @ SFG
6133,6,S6,9,0,0,2,8,7,0,0,8,17,2,4,3,1,0,1,10,51,12.0,4,-2.854237288135593,0.5029237732779369,0.014199999999999987,23,9,LAD @ TEX
6134,6,S6,9,2,2,3,6,2,0,0,12,13,4,3,2,1,2,1,13,49,12.0,5,-1.854237288135593,0.4029237732779369,0.147,18,8,CHC @ CIN
6135,6,S6,9,3,2,4,6,7,1,0,10,6,5,8,6,1,0,0,15,57,12.0,11,4.145762711864407,-0.17616276090818075,-0.5694,21,10,DET @ MIN
6136,6,S6,10,1,0,2,3,6,0,0,2,13,1,4,3,3,0,0,6,35,8.666666666666666,4,-0.7502078625601811,0.22141504695319522,0.0958,13,6,PHI @ MTL
6137,6,S6,10,1,0,2,4,3,0,0,13,7,2,6,3,1,0,1,7,41,11.0,1,-5.283050847457627,0.7039781975823753,0.7574000000000002,17,7,NYM @ FLA
6138,6,S6,10,2,0,3,7,6,0,1,8,8,4,4,2,1,0,0,12,44,9.0,8,4.5482728727490125,-0.27078878811273566,-0.6997,15,6,MIL @ PIT
6139,6,S6,10,5,5,1,1,3,0,0,8,8,9,5,4,2,0,0,12,49,12.0,11,4.145762711864407,-0.20962430621039269,-0.15280000000000005,18,7,STL @ CHC
6140,6,S6,10,2,1,5,3,5,1,0,7,7,2,7,11,2,2,0,11,50,12.0,9,2.219347421930445,-0.004434697728667003,-0.00979999999999992,22,15,SFG @ ARI
6141,6,S6,10,5,0,4,4,4,1,0,12,3,5,8,3,1,0,4,13,48,12.0,7,-0.04039614669081154,0.22153965913345866,-0.11840000000000006,22,10,LAD @ SDP
6142,6,S6,10,2,1,3,5,9,0,0,8,8,12,5,3,0,0,0,11,56,12.0,8,1.145762711864407,0.1196545459290427,-0.028200000000000027,21,8,TOR @ NYY
6143,6,S6,10,3,1,4,8,7,0,0,6,10,8,5,2,1,1,1,16,54,11.0,9,3.716949152542373,-0.13746409813875388,-0.26479999999999987,19,9,BOS @ TBR
6144,6,S6,10,2,4,2,4,3,0,0,10,8,3,8,5,2,0,0,12,49,12.0,9,2.1457627118644074,-0.009624306210392647,-0.00820000000000004,20,12,KCR @ CLE
6145,6,S6,10,2,2,2,5,2,0,1,12,5,3,8,7,2,2,0,11,48,12.333333333333334,5,-2.368566818254597,0.4459913399642842,0.22520000000000007,18,14,OAK @ ANA
6146,6,S6,10,4,0,0,6,6,0,0,5,11,4,7,6,3,5,0,10,49,12.0,9,2.1457627118644065,0.0112891596034898,-0.08079999999999998,22,13,HOU @ BAL
6147,6,S6,10,1,0,5,3,7,0,0,4,8,2,10,7,2,0,0,9,47,11.0,5,-1.283050847457627,0.32489166339625775,0.11019999999999991,24,8,MIN @ TEX
6148,6,S6,10,0,1,2,8,2,0,2,6,7,5,0,3,0,0,0,11,34,7.0,3,-0.9983050847457627,0.24204207600897698,0.01839999999999995,12,3,SEA @ DET
6149,6,S6,10,2,0,5,6,3,0,0,11,14,3,4,2,0,1,2,13,50,12.0,6,-0.8542372881355932,0.3071064664407133,0.005600000000000025,15,8,COL @ ATL
6150,6,S6,10,2,1,4,4,7,0,0,8,10,5,10,6,1,0,1,11,58,14.0,5,-3.113385362218808,0.5581174328256937,1.0002,25,14,CIN @ CWS
6151,6,S6,11,0,2,4,3,5,0,1,10,9,2,5,4,3,1,0,9,44,11.0,3,-3.283050847457627,0.5165262770707048,0.1606,18,8,FLA @ MTL
6152,6,S6,11,3,1,2,6,4,0,0,14,6,7,5,4,1,3,0,12,52,12.333333333333334,7,-0.22391147359925245,0.25243927131263233,-0.2135999999999999,20,12,CIN @ PIT
6153,6,S6,11,4,3,1,8,5,1,1,10,8,4,5,2,4,0,0,16,50,11.0,9,2.716949152542373,-0.0625602571154128,-0.3334000000000002,15,8,ARI @ COL
6154,6,S6,11,0,1,4,7,2,0,0,6,8,7,5,3,1,3,3,12,43,11.0,4,-2.283050847457627,0.4332570497218108,0.03639999999999991,21,10,TOR @ BAL
6155,6,S6,11,5,5,2,9,7,0,0,8,6,8,4,7,3,0,0,21,61,12.0,18,11.145762711864407,-0.8594319882570748,-1.4192000000000005,19,12,CWS @ KCR
6156,6,S6,11,3,1,4,7,7,0,0,7,6,7,4,5,2,1,2,15,51,11.0,7,0.7169491525423728,0.1499878223729167,0.05180000000000003,20,11,OAK @ SEA
6157,6,S6,11,0,1,1,5,3,0,1,6,7,5,4,9,1,2,1,7,41,11.0,1,-4.142116076014381,0.5982501067636037,0.6661999999999999,22,13,CLE @ NYY
6158,6,S6,11,6,0,2,7,7,0,1,9,8,1,1,3,0,1,0,15,44,7.333333333333333,15,10.790771508864669,-0.8908559585615249,-0.7039,11,4,ANA @ BOS
6159,6,S6,11,4,0,5,7,7,1,0,8,3,6,6,10,3,0,0,16,56,12.0,12,5.145762711864406,-0.28034545407095723,-0.2599999999999999,24,16,MIN @ HOU
6160,6,S6,11,1,1,1,3,2,0,0,7,6,4,2,4,1,0,0,6,31,8.0,2,-3.5694915254237287,0.4866126405884441,0.48529999999999995,10,6,DET @ TEX
6161,6,S6,11,5,0,4,4,6,0,0,5,8,9,4,6,1,0,0,13,51,11.0,11,4.716949152542373,-0.2583775639526363,-0.6364000000000005,23,13,LAD @ NYM
6162,6,S6,11,3,1,1,2,0,0,0,6,4,13,6,8,0,1,0,7,44,12.333333333333334,6,-1.2637305364889615,0.31459424597383817,-0.08499999999999998,29,18,ATL @ CHC
6163,6,S6,11,4,0,3,7,1,0,0,6,8,3,7,2,0,2,1,14,41,9.0,8,3.0388687310502513,-0.11984837394285959,-0.20909999999999995,17,7,SFG @ MIL
6164,6,S6,11,2,1,1,7,1,1,0,4,4,6,4,7,2,0,0,11,37,9.0,6,0.8593220338983053,0.06882744363289964,-0.2518,17,9,SDP @ STL
6165,6,S6,11,2,0,5,5,4,0,0,6,12,6,6,3,3,0,0,12,49,12.0,8,1.145762711864407,0.09037569378960734,-0.5898000000000001,22,15,PHI @ TBR
6166,6,S6,12,3,0,2,4,3,0,0,3,21,4,3,2,1,0,0,9,45,12.0,5,-1.854237288135593,0.37364492113850134,0.2222,18,10,MTL @ NYM
6167,6,S6,12,2,0,3,6,7,0,0,7,12,3,5,4,2,0,0,11,49,11.0,9,2.716949152542373,-0.06674295027818926,-0.040799999999999975,20,8,ATL @ FLA
6168,6,S6,12,4,1,1,3,4,0,0,9,13,1,5,6,1,0,0,9,47,11.666666666666666,6,-0.4256658595641645,0.23915316460691144,0.1044000000000001,20,12,MIL @ CIN
6169,6,S6,12,2,0,4,10,3,0,0,5,11,4,5,6,2,1,0,16,50,11.0,6,-0.2830508474576269,0.24162243604736378,0.026200000000000043,21,8,ARI @ LAD
6170,6,S6,12,2,2,4,5,5,1,2,11,10,2,8,3,2,0,0,13,52,12.0,9,2.1457627118644074,0.002923773277936831,0.2568000000000001,19,5,SDP @ SFG
6171,6,S6,12,3,1,0,6,5,0,0,5,14,9,2,3,0,3,0,10,48,11.0,7,0.716949152542373,0.1416224360473638,-0.05139999999999992,19,10,BOS @ NYY
6172,6,S6,12,1,2,2,7,3,0,0,7,6,6,7,4,1,3,2,12,45,11.0,5,-0.283050847457627,0.23743974288458725,0.12859999999999996,23,11,TBR @ BAL
6173,6,S6,12,2,0,2,3,11,0,0,9,6,7,4,6,4,0,0,7,50,12.0,4,-2.854237288135593,0.4945583869523838,0.24919999999999998,18,10,CWS @ DET
6174,6,S6,12,1,1,2,4,7,0,0,6,10,5,5,6,1,1,0,8,47,11.0,4,-2.283050847457627,0.42907435655903425,0.17340000000000003,22,13,HOU @ SEA
6175,6,S6,12,3,1,1,5,4,0,2,3,14,7,5,3,1,0,0,10,46,11.0,5,-1.2830508474576265,0.32070897023348127,-0.12140000000000004,21,9,TEX @ OAK
6176,6,S6,12,1,2,5,5,5,2,0,7,13,4,5,5,2,0,0,13,52,12.0,7,0.14576271186440715,0.20292377327793681,-0.06480000000000008,20,11,TOR @ MIN
6177,6,S6,12,0,1,3,7,6,0,0,9,9,10,0,5,0,0,0,11,50,11.0,7,0.7169491525423728,0.1374397428845872,-0.131,16,6,CLE @ ANA
6178,6,S6,12,2,0,1,5,7,0,1,5,5,9,6,4,4,0,0,8,44,11.0,5,-1.2830508474576272,0.3123435839079283,-0.05560000000000018,19,9,STL @ PHI
6179,6,S6,12,5,1,3,2,3,0,0,10,5,4,5,9,0,0,0,11,47,11.0,7,0.7169491525423731,0.12489166339625773,-0.12120000000000009,21,14,COL @ CHC
6180,6,S6,12,2,0,3,1,8,0,3,6,12,2,5,7,1,1,0,6,46,11.0,3,-3.283050847457627,0.5248916633962577,0.2973999999999999,20,9,PIT @ KCR
6181,6,S6,13,1,0,3,7,7,1,0,10,9,3,3,6,2,2,1,11,49,11.333333333333334,5,-0.41355932203389845,0.25885597666776733,-0.42199999999999993,19,7,NYM @ ATL
6182,6,S6,13,3,1,2,5,5,0,0,9,11,5,5,6,0,3,0,11,52,12.0,7,0.14576271186440692,0.2154718527662663,-0.24899999999999994,23,11,FLA @ PHI
6183,6,S6,13,6,0,3,8,5,1,0,5,8,7,6,6,1,2,0,17,54,11.0,13,6.716949152542373,-0.43746409813875387,-0.3459999999999999,17,8,CIN @ STL
6184,6,S6,13,1,1,1,9,4,1,0,9,4,3,9,10,1,0,0,12,51,12.0,4,-3.854237288135593,0.5987410801151603,0.4545999999999999,23,14,SDP @ COL
6185,6,S6,13,2,0,2,3,4,0,0,12,8,4,4,7,2,0,2,7,46,13.0,3,-4.846699599693382,0.6854392317826098,1.0564,21,13,BOS @ TOR
6186,6,S6,13,0,2,4,6,4,0,1,12,5,4,5,5,2,0,0,12,47,11.0,9,2.7169491525423735,-0.07510833660374225,-0.5756,15,8,MIN @ DET
6187,6,S6,13,3,1,1,3,7,0,1,3,17,7,4,3,2,0,0,8,49,12.0,6,-0.854237288135593,0.2903756937896073,-0.3028,23,10,CWS @ CLE
6188,6,S6,13,1,1,3,5,4,0,0,6,3,4,5,7,1,3,1,10,39,9.0,7,1.8593220338983052,-0.0060763973904414195,-0.4085,20,11,HOU @ OAK
6189,6,S6,13,0,1,4,4,3,0,0,10,10,4,3,8,1,0,0,9,47,12.0,2,-4.854237288135593,0.6820103074640544,0.6028,22,12,NYY @ ANA
6190,6,S6,13,2,2,1,4,6,0,0,10,3,11,4,5,1,4,2,9,48,12.0,6,0.1457627118644069,0.21128915960348982,-0.5032,25,10,BAL @ KCR
6191,6,S6,13,1,0,3,6,6,1,1,5,14,5,5,4,3,0,0,10,49,12.0,1,-5.854237288135593,0.7903756937896074,0.8854,17,8,TEX @ TBR
6192,6,S6,13,2,1,5,9,8,0,3,9,8,2,5,6,3,0,3,17,55,12.0,13,6.145762711864407,-0.37198006774540426,-0.5784000000000002,19,11,PIT @ MTL
6193,6,S6,13,3,1,3,9,4,0,0,9,5,4,4,2,3,1,0,16,44,9.0,10,4.859322033898305,-0.2977110110648885,-0.5945999999999998,11,7,CHC @ LAD
6194,6,S6,13,2,1,4,6,9,0,0,7,8,4,4,6,4,2,2,13,51,11.666666666666666,7,0.5743341404358355,0.16843201674634695,-0.4442,16,9,ARI @ MIL
6195,6,S6,13,0,2,6,5,6,0,1,10,6,8,5,5,1,1,1,13,53,12.0,6,-0.8542372881355931,0.31547185276626627,0.175,21,6,SFG @ SEA
6196,6,S6,14,2,0,4,5,7,0,0,7,12,4,4,6,1,2,2,11,51,12.0,5,-1.854237288135593,0.4154718527662663,0.20620000000000002,26,13,MTL @ FLA
6197,6,S6,14,2,0,1,3,3,0,1,6,12,4,5,8,1,1,0,6,44,12.0,3,-3.854237288135593,0.5736449211385014,0.25359999999999994,22,13,PIT @ MIL
6198,6,S6,14,3,0,2,4,1,0,0,4,17,1,8,6,0,0,0,9,46,12.0,3,-3.854237288135593,0.5778276143012778,0.5544000000000001,23,9,CLE @ MIN
6199,6,S6,14,2,1,1,3,10,1,0,11,14,5,2,3,1,0,0,7,52,12.0,6,-0.8542372881355932,0.30292377327793685,0.037000000000000054,20,7,HOU @ TEX
6200,6,S6,14,2,0,3,1,10,1,0,8,8,5,4,7,1,0,1,6,48,12.0,6,-1.854237288135593,0.3903756937896073,-0.20999999999999985,18,12,OAK @ NYY
6201,6,S6,14,4,2,4,10,8,0,0,5,10,5,4,8,1,2,1,20,60,11.333333333333334,13,7.245762711864407,-0.46106660193152177,-0.8573999999999999,24,12,KCR @ BOS
6202,6,S6,14,2,1,4,6,1,0,0,8,4,7,7,7,2,0,1,13,47,12.0,6,-0.854237288135593,0.28619300062683084,-0.010199999999999959,22,12,SEA @ TOR
6203,6,S6,14,1,0,1,2,5,0,1,11,9,1,5,6,1,0,0,4,41,11.0,1,-5.283050847457627,0.6997955044195988,0.7636000000000002,14,9,TBR @ CWS
6204,6,S6,14,2,0,6,6,6,0,1,5,12,5,2,8,1,0,0,14,52,11.0,6,-0.2830508474576272,0.24580512921014025,-0.03959999999999998,18,10,ANA @ DET
6205,6,S6,14,1,2,2,1,6,2,0,6,4,6,6,10,2,0,0,6,44,11.333333333333334,3,-3.493974253847195,0.533435924546885,0.6661999999999999,23,13,ATL @ LAD
6206,6,S6,14,2,0,4,6,2,0,0,6,13,5,5,6,0,1,1,12,49,12.0,5,-1.854237288135593,0.3987410801151603,0.0744,18,8,PHI @ SDP
6207,6,S6,14,5,1,4,3,3,1,0,11,9,2,4,5,1,1,1,13,47,11.0,11,4.716949152542373,-0.26674295027818934,-0.9496000000000001,16,11,CHC @ ARI
6208,6,S6,14,6,0,1,3,2,0,1,15,7,6,3,1,0,0,1,10,44,11.0,7,0.716949152542373,0.11652627707070476,-0.1182,16,2,CIN @ COL
6209,6,S6,14,1,0,4,5,1,0,0,10,6,1,6,7,3,0,0,10,41,11.0,2,-4.283050847457627,0.5997955044195988,0.45679999999999976,18,10,SFG @ STL
6210,6,S6,14,4,0,4,9,7,0,1,4,17,2,3,4,0,4,6,17,54,12.0,11,4.145762711864407,-0.14688390876874524,-0.6336,21,10,NYM @ BAL
6211,6,S6,15,3,0,5,5,6,0,0,9,9,3,4,7,1,1,0,13,51,11.0,6,-0.2830508474576271,0.24580512921014022,-0.3378,20,14,FLA @ ATL
6212,6,S6,15,3,0,3,6,4,0,0,7,11,5,4,8,1,0,0,12,51,12.0,6,-0.8542372881355931,0.2987410801151603,0.1422,19,11,MIL @ STL
6213,6,S6,15,2,1,6,9,3,0,0,7,7,1,10,6,4,0,1,18,52,12.0,7,0.14576271186440704,0.20710646644071332,-0.14260000000000006,22,13,LAD @ SFG
6214,6,S6,15,7,0,5,6,8,0,0,13,7,5,3,5,3,0,0,18,59,12.0,17,10.145762711864407,-0.7677973745826279,-1.4522000000000002,17,9,NYY @ TOR
6215,6,S6,15,1,1,5,4,2,0,0,6,7,2,10,6,2,0,0,11,44,11.0,5,-1.283050847457627,0.31234358390792827,0.19579999999999997,21,11,DET @ KCR
6216,6,S6,15,2,0,0,6,6,0,0,6,13,13,1,7,0,0,1,8,54,13.666666666666666,7,-1.28102237636745,0.35815036158945196,0.10680000000000023,25,11,CLE @ CWS
6217,6,S6,15,2,0,0,9,11,0,1,11,8,3,3,7,1,1,0,11,54,11.0,9,2.716949152542373,-0.04164679130153031,-0.28099999999999997,16,9,OAK @ TEX
6218,6,S6,15,3,1,1,11,2,0,0,7,11,3,8,5,0,3,2,16,52,12.0,9,2.145762711864407,0.023837239091819253,-0.08979999999999982,24,12,MIN @ BAL
6219,6,S6,15,3,1,0,1,5,0,0,9,11,5,6,0,1,0,0,5,42,11.0,5,-1.283050847457627,0.3039781975823753,-0.08939999999999998,20,8,BOS @ SEA
6220,6,S6,15,2,2,3,10,0,0,0,11,9,5,2,7,2,0,0,17,51,12.0,7,0.14576271186440704,0.19874108011516034,0.05299999999999997,17,10,TBR @ ANA
6221,6,S6,15,1,0,3,1,2,0,1,6,13,3,2,6,0,0,0,5,37,10.0,3,-2.711864406779661,0.42594608770069625,0.28530000000000005,16,10,COL @ MTL
6222,6,S6,15,4,0,4,2,2,0,0,7,12,9,4,4,0,0,0,10,48,12.0,7,0.1457627118644068,0.18619300062683083,-0.04000000000000001,23,9,CHC @ NYM
6223,6,S6,15,6,0,3,6,4,0,0,12,8,3,5,7,1,0,0,15,54,12.0,9,2.145762711864407,0.011289159603489751,-0.053399999999999996,21,11,PHI @ CIN
6224,6,S6,15,2,1,4,6,8,0,0,13,7,0,7,5,2,0,2,13,53,12.0,6,-0.854237288135593,0.3154718527662662,0.027399999999999956,17,12,SDP @ PIT
6225,6,S6,15,2,1,2,1,2,0,0,10,13,2,4,6,0,0,1,6,43,12.0,4,-2.854237288135593,0.4694622279757249,0.38900000000000007,19,9,ARI @ HOU
6226,6,S6,16,1,0,1,1,6,0,0,4,12,2,4,5,0,0,0,3,36,9.0,5,-0.14067796610169503,0.16464475047012314,-0.01549999999999998,14,8,MTL @ PHI
6227,6,S6,16,1,2,6,4,6,1,0,8,6,3,4,5,2,2,0,13,46,9.666666666666666,8,3.572051677136423,-0.15643589590037082,-0.49400000000000016,16,8,PIT @ CHC
6228,6,S6,16,4,0,7,9,3,0,0,9,5,2,6,6,1,0,1,20,51,10.0,11,5.288135593220339,-0.31131351485765646,-0.7883000000000001,18,12,COL @ LAD
6229,6,S6,16,4,1,3,5,6,0,0,9,8,6,9,1,3,0,0,13,52,12.0,9,2.1457627118644074,0.0029237732779367684,-0.27659999999999996,18,11,SFG @ SDP
6230,6,S6,16,1,1,5,6,6,0,0,5,11,10,5,3,2,1,0,13,53,12.0,5,-1.854237288135593,0.4112891596034898,0.407,21,9,TBR @ NYY
6231,6,S6,16,1,1,3,7,8,0,0,8,9,5,6,5,2,0,1,12,53,12.0,6,-0.8542372881355934,0.31128915960348985,-0.12260000000000001,21,8,TOR @ BOS
6232,6,S6,16,1,1,5,6,7,0,0,7,6,4,9,10,3,0,0,13,56,13.0,7,-0.12704069912995886,0.24693488702847938,-0.20360000000000006,25,15,KCR @ MIN
6233,6,S6,16,5,0,4,4,5,0,0,8,7,9,3,7,2,0,0,13,52,12.0,11,4.145762711864407,-0.1970762267220632,-0.27580000000000005,20,11,DET @ CWS
6234,6,S6,16,1,2,1,8,7,0,1,9,17,1,2,3,1,0,3,12,51,12.0,7,0.1457627118644068,0.21128915960348982,-0.38359999999999983,21,4,TEX @ HOU
6235,6,S6,16,1,2,6,6,7,0,0,11,11,9,4,7,1,0,2,15,64,15.0,11,0.057108485019225164,0.2703469002413258,0.4726,31,12,SEA @ ANA
6236,6,S6,16,4,0,3,6,6,1,0,9,9,7,6,3,1,4,1,13,53,12.0,7,0.14576271186440692,0.22801993225459574,0.0961999999999999,20,9,BAL @ OAK
6237,6,S6,16,2,1,2,5,6,1,0,7,10,2,5,8,3,1,0,10,48,11.666666666666666,5,-0.9875706214689264,0.3037090271229406,-0.3791999999999999,23,15,ARI @ NYM
6238,6,S6,16,1,1,7,7,9,0,0,10,8,2,7,7,2,1,0,16,59,12.0,12,5.145762711864406,-0.2636146814198513,-0.8422,21,11,STL @ FLA
6239,6,S6,16,6,1,3,5,2,0,0,7,10,2,8,4,2,0,0,15,48,11.0,11,4.716949152542373,-0.2709256434409658,-0.2042,20,10,CIN @ ATL
6240,6,S6,16,3,3,1,4,4,0,1,5,14,4,5,6,2,1,0,11,49,12.0,5,-1.854237288135593,0.39455838695238377,0.03139999999999991,21,10,MIL @ CLE
7001,7,S7,1,4,2,1,10,3,0,0,6,10,2,8,5,1,0,1,17,51,11.0,8,1.2250169952413326,0.08886410945535479,-0.09959999999999994,21,12,FLA @ NYM
7002,7,S7,1,3,1,2,12,1,0,0,9,7,3,6,9,2,0,0,18,53,12.0,9,1.609109449354181,0.054519591139829356,-0.39619999999999994,21,13,DET @ KCR
7003,7,S7,1,1,1,7,5,4,0,0,9,7,5,5,4,1,3,2,14,48,11.0,8,1.2250169952413326,0.0929288365511142,-0.10939999999999997,19,8,OAK @ TEX
7004,7,S7,1,2,1,2,7,4,0,1,3,8,1,5,8,1,0,1,12,41,9.0,5,-0.5431679129843642,0.22503532932033063,0.004300000000000005,18,9,LAD @ ARI
7005,7,S7,1,1,1,3,4,7,1,0,5,7,5,3,8,1,2,4,9,44,11.0,4,-2.7749830047586674,0.4807346552638361,-0.06239999999999996,24,12,BAL @ BOS
7006,7,S7,1,3,0,4,5,4,0,0,10,6,6,6,4,0,1,0,12,49,11.0,8,2.225016995241332,-0.019265344736163953,-0.4225999999999999,14,10,TOR @ CHC
7007,7,S7,1,3,2,9,5,9,0,0,9,11,4,5,4,0,2,0,19,61,11.0,20,13.225016995241333,-1.0664238924912919,-0.9890000000000002,17,9,PIT @ CIN
7008,7,S7,1,2,1,2,7,5,0,0,11,8,4,7,3,1,1,2,12,50,12.0,6,-1.390890550645819,0.35451959113982934,0.07980000000000002,19,10,CWS @ ANA
7009,7,S7,1,2,1,6,5,6,0,1,8,6,13,7,15,4,0,1,14,69,18.0,14,-3.9092329865547337,0.6754541953586305,1.6420000000000001,37,21,MIN @ CLE
7010,7,S7,1,2,0,6,8,3,2,0,5,12,0,9,3,1,2,0,16,48,10.0,8,0.8409245411284844,0.11914390067512087,-0.06889999999999999,20,7,MTL @ SDP
7011,7,S7,1,3,0,3,2,6,0,0,10,4,10,6,2,1,2,3,8,46,12.0,7,-0.3908905506458191,0.2463901369483106,0.08760000000000005,21,11,PHI @ ATL
7012,7,S7,1,2,0,5,9,7,0,0,7,5,2,1,4,2,3,2,16,42,7.666666666666667,10,5.4201376638451215,-0.35097159288382107,-1.1206,14,5,COL @ SFG
7013,7,S7,1,1,0,4,3,2,0,0,8,4,5,6,2,1,1,1,8,35,9.0,3,-2.543167912984364,0.4047116938415337,0.2764999999999999,16,8,SEA @ HOU
7014,7,S7,1,4,0,3,5,3,0,0,5,10,8,2,4,0,0,0,12,44,9.666666666666666,11,5.014909173400712,-0.3226429251266582,-1.1956000000000002,18,6,NYY @ TBR
7015,7,S7,1,2,1,0,0,4,0,0,5,13,1,11,9,2,0,1,3,46,14.0,4,-5.725137125988285,0.7635558860995196,1.1598,26,12,STL @ MIL
7016,7,S7,2,3,0,2,5,6,0,0,13,11,11,6,7,3,1,0,10,65,17.333333333333332,9,-8.536612859628171,1.1219332742829367,3.223,31,12,SFG @ CIN
7017,7,S7,2,1,0,4,8,5,2,0,10,6,2,11,5,2,0,0,13,52,12.0,8,0.609109449354181,0.15045486404407,-0.9396000000000001,22,11,SDP @ LAD
7018,7,S7,2,3,1,6,6,6,0,1,8,15,4,5,2,1,0,0,16,56,11.666666666666666,11,4.007685961809697,-0.17314387881844415,-0.9618,20,7,PHI @ PIT
7019,7,S7,2,2,0,3,2,4,0,0,9,13,8,5,5,2,0,0,7,51,14.0,4,-5.725137125988285,0.7798147944825572,0.7956000000000001,25,10,ATL @ COL
7020,7,S7,2,3,2,3,6,3,0,0,11,9,2,5,7,2,0,0,14,51,12.0,9,1.609109449354181,0.04639013694831064,0.1584,18,11,BOS @ HOU
7021,7,S7,2,2,0,3,8,5,0,0,6,16,6,6,3,2,2,0,13,56,13.333333333333334,5,-4.015247016098175,0.6372788731638619,0.7878000000000001,25,11,MIL @ FLA
7022,7,S7,2,1,0,3,8,6,0,0,6,10,8,2,5,2,0,0,12,49,11.0,6,-0.7749830047586674,0.2766699281680766,0.1492,21,9,CLE @ CWS
7023,7,S7,2,6,3,4,9,3,0,0,10,3,7,9,6,1,0,0,22,60,12.0,15,7.6091094493541815,-0.517027319189855,-1.28,24,13,NYM @ MTL
7024,7,S7,2,1,1,5,10,2,0,0,5,9,3,7,8,4,0,0,17,51,12.0,5,-2.390890550645819,0.44639013694831065,0.17600000000000005,22,11,MIN @ OAK
7025,7,S7,2,1,0,2,4,6,0,1,7,6,4,8,6,2,0,0,7,44,11.0,4,-2.7749830047586674,0.45634629268927973,-0.03439999999999993,21,12,CHC @ STL
7026,7,S7,2,3,0,9,4,2,0,1,11,13,3,4,4,1,0,0,16,53,12.0,7,-0.3908905506458189,0.25451959113982936,-0.05139999999999999,18,9,TBR @ TOR
7027,7,S7,2,1,1,4,2,5,1,0,11,5,4,5,6,2,0,0,8,44,11.0,8,1.2250169952413326,0.05634629268927969,0.0678,14,9,KCR @ ARI
7028,7,S7,2,5,0,1,5,5,0,0,8,16,0,2,7,0,1,0,11,49,11.0,11,3.6738012534572513,-0.16414377055775586,-0.5786000000000002,16,9,SEA @ NYY
7029,7,S7,2,3,1,5,6,7,1,0,8,12,1,5,4,3,1,0,15,52,11.0,8,1.2250169952413326,0.09292883655111421,-0.2902,17,8,ANA @ TEX
7030,7,S7,2,2,0,2,4,2,0,0,9,12,2,7,6,0,2,0,8,46,12.0,3,-4.390890550645819,0.6341959556610324,0.6252,22,11,BAL @ DET
7031,7,S7,3,2,0,3,4,4,0,0,9,9,3,6,3,1,2,2,9,43,11.0,4,-3.7749830047586674,0.5685404739765578,0.5154,16,8,FLA @ ATL
7032,7,S7,3,3,1,6,5,10,0,0,13,7,6,3,4,2,0,0,15,58,11.666666666666666,14,6.783094081626409,-0.4425552366085965,-1.6614,17,5,HOU @ CLE
7033,7,S7,3,3,0,2,6,0,0,0,7,12,8,3,6,0,0,0,11,47,12.0,6,-1.390890550645819,0.33013122856527305,0.10539999999999998,22,9,CIN @ MIL
7034,7,S7,3,6,1,4,9,6,0,0,8,3,6,4,7,2,2,0,20,54,10.0,18,11.840924541128484,-0.9564677367503228,-1.5001999999999998,19,12,ANA @ NYM
7035,7,S7,3,2,1,8,4,2,0,0,9,5,3,5,7,0,0,0,15,46,9.666666666666666,11,5.239501053584001,-0.33697265895346834,-0.3413000000000001,15,12,DET @ SEA
7036,7,S7,3,2,1,2,4,3,0,1,9,2,3,3,5,4,0,1,9,34,9.0,3,-2.543167912984364,0.39658223965001493,0.1499,12,8,MTL @ PHI
7037,7,S7,3,3,0,8,6,4,0,0,9,11,5,5,8,1,0,0,17,59,13.0,12,2.441986161682948,-0.004379717518491089,-0.11140000000000022,24,14,LAD @ STL
7038,7,S7,3,1,2,5,6,4,0,0,10,9,7,9,4,3,1,0,14,57,14.0,7,-2.725137125988285,0.5082678841528729,0.06399999999999999,25,10,KCR @ BOS
7039,7,S7,3,4,0,8,7,11,1,0,8,4,6,6,6,4,0,2,19,60,12.0,13,5.6091094493541815,-0.30889786499833616,-0.8870000000000007,20,9,PIT @ CHC
7040,7,S7,3,0,0,4,5,3,0,0,12,10,7,7,4,1,0,1,9,52,14.0,3,-6.725137125988285,0.887944248674076,1.3786,25,8,CWS @ NYY
7041,7,S7,3,0,0,3,4,3,0,0,5,6,4,10,8,2,0,1,7,43,12.0,3,-4.390890550645819,0.6179370472779949,0.42199999999999993,22,11,TOR @ MIN
7042,7,S7,3,0,0,1,6,3,0,0,7,9,10,3,2,0,2,2,7,41,11.0,1,-5.774983004758667,0.7604110197850391,0.7386,19,9,TEX @ BAL
7043,7,S7,3,1,1,4,9,3,1,0,15,7,5,2,11,1,1,0,15,58,13.666666666666666,7,-2.0948340956852545,0.44930230821832917,-0.3788000000000001,24,14,COL @ SDP
7044,7,S7,3,3,1,4,6,5,1,0,6,8,9,4,6,2,1,0,14,53,12.0,5,-2.390890550645819,0.45858431823558876,0.0922,22,10,TBR @ OAK
7045,7,S7,3,1,2,4,5,6,0,1,8,8,6,3,7,1,3,0,12,50,11.0,8,0.22501699524133284,0.1929288365511142,-0.0017999999999999683,19,10,ARI @ SFG
7046,7,S7,4,2,0,8,5,6,0,2,4,7,8,6,3,1,0,0,15,49,9.666666666666666,13,7.014909173400712,-0.5023192896478612,-1.1145999999999998,20,11,SDP @ PHI
7047,7,S7,4,3,0,3,7,4,0,0,9,13,3,3,6,2,2,0,13,51,12.0,5,-2.390890550645819,0.4545195911398293,0.3613999999999999,17,9,SEA @ TEX
7048,7,S7,4,0,2,1,2,6,0,1,6,6,8,2,4,1,1,0,5,37,9.0,1,-4.280986496762784,0.5825582793151352,0.5346000000000001,16,8,ARI @ CHC
7049,7,S7,4,1,1,3,3,4,0,0,7,9,4,5,4,0,0,1,8,41,10.0,3,-3.1590754588715155,0.4866260839090458,0.18489999999999995,17,10,TBR @ BAL
7050,7,S7,4,2,3,3,11,3,0,0,12,4,9,4,4,2,0,1,19,55,12.0,9,1.609109449354181,0.06671377242710749,-0.29920000000000024,19,12,CLE @ KCR
7051,7,S7,4,4,3,1,4,6,0,1,8,11,3,3,6,2,0,0,12,49,11.0,10,3.225016995241332,-0.12333007183192334,-0.04420000000000003,20,10,BOS @ CWS
7052,7,S7,4,3,1,1,7,4,0,0,11,6,8,5,5,1,0,0,12,51,12.0,7,-1.3908905506458187,0.34639013694831056,-0.011799999999999946,23,12,OAK @ ANA
7053,7,S7,4,3,1,3,9,6,0,1,9,17,2,5,5,3,0,1,16,60,14.0,7,-2.725137125988285,0.5204620654401511,1.0500000000000003,25,12,HOU @ FLA
7054,7,S7,4,3,0,7,4,5,0,0,6,7,2,10,6,2,0,3,14,50,12.0,4,-3.390890550645819,0.5545195911398294,0.2502,22,8,MIN @ DET
7055,7,S7,4,2,0,2,8,7,0,0,12,5,4,6,5,3,0,1,12,51,12.0,6,-1.390890550645819,0.35045486404407,0.5030000000000001,18,11,COL @ LAD
7056,7,S7,4,0,1,5,5,5,0,0,6,7,9,6,6,1,0,1,11,50,12.0,7,-0.39089055064581896,0.24639013694831058,-0.10220000000000012,22,11,NYY @ TOR
7057,7,S7,4,4,0,2,2,6,0,0,10,19,4,4,7,0,1,0,8,59,15.0,5,-6.9742367658442275,0.9413073023299859,2.2007999999999996,27,14,PIT @ MTL
7058,7,S7,4,2,1,4,6,2,0,0,6,10,8,3,5,0,1,1,13,47,11.0,6,-0.7749830047586671,0.2766699281680767,0.03820000000000007,22,9,MIL @ SFG
7059,7,S7,4,2,0,1,14,4,0,0,8,8,5,2,8,2,0,0,17,52,11.0,9,2.225016995241333,-0.011135890544645213,-0.2888000000000001,20,12,CIN @ NYM
7060,7,S7,4,5,0,1,8,10,0,0,4,6,3,8,6,2,0,1,14,51,10.0,10,3.8409245411284845,-0.1727266451333603,-0.4098,20,15,STL @ ATL
7061,7,S7,5,1,2,3,6,6,0,0,2,7,6,10,6,4,0,1,12,49,12.0,7,-0.3908905506458189,0.24232540985255122,0.09760000000000008,24,9,TEX @ MTL
7062,7,S7,5,3,0,2,6,2,0,0,10,6,13,3,1,0,0,0,11,46,11.0,5,-1.774983004758667,0.3644757468807985,-0.01599999999999986,17,6,CLE @ TBR
7063,7,S7,5,2,0,6,5,5,0,0,12,6,7,3,6,1,0,1,13,52,12.0,9,1.609109449354181,0.0545195911398294,-0.0878,17,9,NYY @ BAL
7064,7,S7,5,1,1,8,7,3,0,0,10,16,2,1,3,1,0,0,17,52,11.0,9,2.2250169952413326,-0.011135890544645206,-0.2558,17,5,BOS @ TOR
7065,7,S7,5,2,1,0,5,1,0,0,11,4,2,6,12,0,0,1,8,44,12.0,5,-2.390890550645819,0.42200177437375425,0.10280000000000002,22,15,CHC @ MIL
7066,7,S7,5,2,0,7,5,7,0,0,11,10,10,4,6,1,0,0,14,62,14.0,9,-0.7251371259882852,0.32452679253591044,0.15340000000000015,23,9,OAK @ HOU
7067,7,S7,5,2,1,4,11,6,1,0,14,11,15,3,9,2,1,0,18,76,18.0,11,-6.909232986554734,1.003907285028946,3.1324000000000005,25,12,KCR @ MIN
7068,7,S7,5,7,0,4,5,5,0,0,6,5,10,5,6,1,0,0,16,53,11.0,15,8.225016995241333,-0.6070711634488858,-0.7674,24,13,COL @ PHI
7069,7,S7,5,3,0,3,9,11,5,0,9,8,5,6,11,7,1,0,15,66,15.666666666666666,7,-6.3019831835602504,0.9025350337719039,1.9182000000000001,25,15,CWS @ DET
7070,7,S7,5,4,0,5,6,4,0,0,5,9,2,7,5,3,2,2,15,47,11.0,7,0.22501699524133223,0.18479938235959542,-0.004999999999999949,21,11,FLA @ LAD
7071,7,S7,5,4,2,6,11,6,3,0,6,7,5,8,4,1,1,1,23,60,11.0,15,8.225016995241333,-0.5704886195870512,-0.9295999999999995,21,11,SFG @ SDP
7072,7,S7,5,2,0,2,4,5,0,0,15,1,1,10,6,3,0,0,8,46,12.0,4,-3.3908905506458185,0.5260665014695136,0.3046,18,15,SEA @ ANA
7073,7,S7,5,1,0,1,1,4,0,0,8,7,6,6,6,3,1,0,3,40,12.0,1,-6.390890550645819,0.8057428659907168,0.8853999999999999,20,8,ATL @ ARI
7074,7,S7,5,1,0,0,16,3,0,0,11,7,3,6,6,3,0,0,17,53,12.0,6,-1.390890550645819,0.3545195911398294,-0.0352,22,11,NYM @ PIT
7075,7,S7,5,2,0,2,6,5,0,0,9,10,2,2,8,2,0,0,10,46,11.0,6,-0.7749830047586675,0.2644757468807985,-0.1456,17,11,STL @ CIN
7076,7,S7,6,3,0,6,5,2,0,1,6,11,3,10,4,2,1,0,14,50,12.0,7,-0.3908905506458191,0.24639013694831055,0.27299999999999996,21,10,CIN @ CHC
7077,7,S7,6,2,1,1,3,0,0,0,3,15,4,4,7,0,0,0,7,40,11.0,2,-4.774983004758667,0.6400873843062422,0.40879999999999994,20,10,OAK @ ATL
7078,7,S7,6,3,0,1,6,5,0,0,7,10,8,3,3,2,1,0,10,46,11.0,6,-0.7749830047586675,0.2685404739765579,-0.0019999999999999463,19,8,PHI @ NYM
7079,7,S7,6,6,1,8,4,6,0,0,8,9,3,8,2,2,0,1,19,55,11.0,12,5.225016995241333,-0.2948769821616076,-0.444,20,9,TBR @ BOS
7080,7,S7,6,1,0,4,3,5,0,0,6,8,3,7,7,2,0,0,8,44,11.0,3,-3.7749830047586674,0.5563462926892797,0.4782000000000001,21,9,CWS @ MIN
7081,7,S7,6,4,1,4,2,4,0,0,11,4,6,7,6,2,0,0,11,49,12.0,7,-0.3908905506458188,0.2382606827567918,0.13699999999999984,20,9,LAD @ SFG
7082,7,S7,6,6,2,5,7,6,2,0,7,14,4,5,7,3,0,0,20,63,13.333333333333334,13,3.647483000938279,-0.10867049306098661,-0.4490000000000002,27,13,PIT @ STL
7083,7,S7,6,3,0,3,5,1,0,0,8,8,4,5,7,1,1,0,11,44,11.0,5,-1.7749830047586674,0.3604110197850391,0.23519999999999996,22,11,ANA @ KCR
7084,7,S7,6,2,1,4,2,3,0,0,7,14,4,6,4,1,0,0,9,47,12.0,6,-1.3908905506458185,0.33013122856527305,0.4245999999999999,23,8,NYY @ CLE
7085,7,S7,6,1,1,4,8,5,0,1,1,15,4,4,5,0,0,1,14,48,10.0,8,1.8409245411284838,0.01507917357936149,-0.0414000000000001,23,10,HOU @ SEA
7086,7,S7,6,0,0,3,5,8,0,0,9,7,4,6,4,1,1,2,8,46,11.0,3,-3.774983004758667,0.5766699281680766,0.15139999999999998,16,6,BAL @ TOR
7087,7,S7,6,1,1,2,2,8,0,0,8,7,4,6,8,3,0,0,6,47,12.0,5,-2.390890550645819,0.4301312285652731,0.05460000000000006,23,14,ARI @ COL
7088,7,S7,6,1,1,2,6,3,1,0,6,6,3,5,12,4,0,0,10,45,12.0,2,-5.3908905506458185,0.7220017743737542,0.5594,22,16,MIL @ SDP
7089,7,S7,6,9,1,3,3,1,0,0,11,11,1,7,5,1,1,0,16,52,12.0,12,4.6091094493541815,-0.24548040886017064,-0.3532,19,12,DET @ TEX
7090,7,S7,6,1,2,4,12,3,0,0,13,10,5,1,6,0,1,1,19,57,12.0,7,-0.390890550645819,0.27890795371438565,-0.11120000000000006,16,10,MTL @ FLA
7091,7,S7,7,3,1,10,7,4,0,0,7,4,6,8,7,3,0,1,21,57,12.0,13,5.6091094493541815,-0.3251567733813737,-0.6446000000000004,24,11,MIN @ BAL
7092,7,S7,7,6,0,4,6,3,0,0,6,14,7,5,3,0,0,1,16,54,12.0,15,7.609109449354181,-0.5373509546686518,-0.5426000000000002,20,10,TOR @ TBR
7093,7,S7,7,2,0,5,4,8,0,0,9,7,4,5,9,1,2,1,11,53,12.0,8,0.609109449354181,0.16671377242710753,-0.26619999999999994,23,12,CHC @ FLA
7094,7,S7,7,3,0,0,1,8,0,0,5,7,2,11,10,1,2,0,4,47,12.0,5,-2.390890550645819,0.43826068275679186,-0.07459999999999999,25,14,NYM @ ATL
7095,7,S7,7,1,0,0,2,2,0,0,5,16,5,4,3,0,0,0,3,38,11.0,1,-5.774983004758667,0.7319579301147234,0.7147999999999998,20,7,TEX @ HOU
7096,7,S7,7,4,0,2,4,1,0,0,5,10,5,5,3,2,0,0,10,39,10.0,6,-0.1590754588715159,0.17443190262176764,-0.13260000000000013,17,9,SEA @ PHI
7097,7,S7,7,0,0,6,5,3,0,0,8,6,2,7,7,3,0,0,11,44,11.0,1,-5.774983004758667,0.7563462926892797,0.7147999999999998,19,11,KCR @ CWS
7098,7,S7,7,2,2,6,7,5,0,0,5,10,6,4,2,2,0,1,17,49,10.0,7,0.8409245411284839,0.1191439006751209,-0.19390000000000004,20,7,CLE @ DET
7099,7,S7,7,4,2,1,7,5,0,0,10,7,9,5,3,1,1,1,14,53,12.0,10,2.609109449354181,-0.03735095466865188,-0.3435999999999998,24,8,ANA @ OAK
7100,7,S7,7,4,0,4,2,5,0,0,10,8,4,6,3,1,2,1,10,46,11.0,7,0.22501699524133256,0.1766699281680766,-0.4319999999999998,16,10,SDP @ ARI
7101,7,S7,7,1,1,2,6,3,0,0,9,15,2,7,2,1,0,0,10,48,12.0,3,-4.3908905506458185,0.6341959556610324,0.6402,20,8,MIL @ PIT
7102,7,S7,7,1,0,3,1,2,0,0,9,8,5,6,4,1,0,0,5,39,11.0,1,-5.774983004758667,0.7360226572104828,0.7148,19,12,LAD @ CIN
7103,7,S7,7,1,3,4,6,4,0,0,7,7,6,8,6,2,0,0,14,52,12.0,5,-2.3908905506458193,0.45045486404407,0.4098,21,11,BOS @ NYY
7104,7,S7,7,3,1,2,5,6,0,0,7,14,4,6,3,2,0,0,11,51,12.0,6,-1.3908905506458191,0.3463901369483106,0.0312,22,8,STL @ COL
7105,7,S7,7,5,3,4,7,5,0,0,8,11,5,3,8,0,1,1,19,59,12.0,16,6.506677965786018,-0.4027194437372793,-0.7535999999999998,24,12,SFG @ MTL
7106,7,S7,8,2,0,4,6,2,0,0,7,11,4,3,5,2,0,1,12,44,11.0,4,-2.7749830047586674,0.4604110197850391,0.24320000000000003,17,10,NYM @ CLE
7107,7,S7,8,3,0,1,2,9,0,0,9,12,3,9,3,0,0,0,6,51,12.0,5,-2.390890550645819,0.44639013694831053,0.35300000000000004,20,12,LAD @ TOR
7108,7,S7,8,2,2,6,6,5,1,0,11,8,7,6,8,2,2,0,16,61,14.0,10,0.27486287401171505,0.2285915196316698,-0.3122,22,10,SFG @ BOS
7109,7,S7,8,1,1,5,6,1,0,0,5,11,7,8,4,1,2,0,13,49,12.0,4,-3.390890550645819,0.5463901369483106,0.31999999999999995,23,8,SDP @ NYY
7110,7,S7,8,2,1,2,8,3,0,0,10,9,7,4,2,3,1,1,13,48,12.0,5,-2.390890550645819,0.44232540985255125,0.015199999999999908,20,9,FLA @ KCR
7111,7,S7,8,0,0,3,4,8,0,2,6,7,5,7,6,2,1,0,7,46,11.0,4,-2.7749830047586674,0.46854047397655785,0.048200000000000034,20,11,CIN @ HOU
7112,7,S7,8,6,1,2,9,5,0,0,8,8,4,4,10,2,2,0,18,57,12.0,13,5.609109449354181,-0.3210920462856143,-0.27560000000000007,25,13,CHC @ OAK
7113,7,S7,8,4,0,4,2,9,0,1,4,13,3,5,6,4,0,1,10,50,12.0,6,-1.3908905506458191,0.3463901369483106,0.514,24,8,STL @ SEA
7114,7,S7,8,0,0,6,4,3,0,0,7,9,5,1,2,0,0,0,10,37,8.0,4,-0.9272603670972124,0.24312093925281852,-0.015700000000000013,7,4,MTL @ CWS
7115,7,S7,8,0,1,6,5,12,0,0,6,4,10,4,9,3,0,0,12,57,12.0,6,-1.390890550645819,0.3707784995228669,0.09480000000000002,24,12,MIL @ ANA
7116,7,S7,8,1,0,4,3,4,0,0,4,10,11,3,6,2,1,0,8,46,12.0,2,-5.390890550645819,0.730131228565273,0.6187999999999998,21,9,ATL @ MIN
7117,7,S7,8,4,0,3,4,6,0,0,8,5,8,7,3,1,0,1,11,48,11.0,11,4.225016995241333,-0.22333007183192333,-0.09599999999999995,21,7,ARI @ TBR
7118,7,S7,8,6,1,2,10,6,1,1,7,7,3,11,9,4,2,1,19,62,14.0,16,6.274862874011715,-0.36327902617681146,-0.8366000000000003,24,16,PHI @ DET
7119,7,S7,8,4,1,5,5,2,0,0,10,9,7,5,3,1,0,1,15,51,12.0,7,-0.3908905506458189,0.25045486404407,0.07219999999999996,20,10,COL @ BAL
7120,7,S7,8,1,1,3,5,8,2,0,12,15,3,7,6,2,1,2,10,62,16.0,8,-5.872195949517697,0.8514268561761298,1.9119999999999997,30,14,PIT @ TEX
7121,7,S7,9,3,0,2,9,4,0,0,3,5,3,9,8,5,1,0,14,46,11.0,8,1.2250169952413326,0.0685404739765579,0.10499999999999995,23,15,CIN @ ATL
7122,7,S7,9,3,1,4,6,9,0,0,8,8,2,8,6,2,1,2,14,55,12.0,10,2.609109449354181,-0.025156773381373745,-0.339,23,12,PHI @ FLA
7123,7,S7,9,1,1,4,2,3,0,0,8,8,1,6,9,1,0,0,8,43,11.0,5,-1.7749830047586674,0.35228156559352036,-0.09259999999999999,18,10,MTL @ MIL
7124,7,S7,9,3,2,3,5,10,0,1,7,7,7,6,2,4,0,0,13,52,11.0,6,-0.7749830047586673,0.2888641094553548,-0.048600000000000046,19,8,NYY @ TEX
7125,7,S7,9,0,2,3,4,2,0,0,9,5,2,6,7,3,0,1,9,40,11.0,3,-3.774983004758667,0.5441521114020015,0.48160000000000014,20,9,ANA @ BOS
7126,7,S7,9,9,2,4,5,2,0,0,6,6,9,7,6,1,1,1,20,56,12.0,14,6.609109449354181,-0.42515677338137375,-0.37000000000000005,25,13,KCR @ DET
7127,7,S7,9,2,1,3,8,5,0,0,13,9,0,4,6,3,0,1,14,51,12.0,8,1.6091094493541815,0.05045486404407002,-0.35900000000000004,14,8,STL @ SDP
7128,7,S7,9,4,0,3,8,4,0,0,15,6,3,4,7,0,0,1,15,54,12.0,13,5.609109449354181,-0.33735095466865184,-1.1113999999999997,13,12,OAK @ SEA
7129,7,S7,9,1,0,2,11,3,0,0,7,5,8,5,6,3,0,2,14,48,12.0,4,-3.390890550645819,0.5423254098525513,0.32300000000000006,22,11,CLE @ SFG
7130,7,S7,9,3,1,5,9,7,0,0,11,6,5,6,2,0,0,0,18,55,10.0,13,6.840924541128484,-0.4605324638460822,-0.35429999999999984,15,8,CHC @ LAD
7131,7,S7,9,7,1,3,6,3,0,0,9,10,5,7,1,1,0,0,17,52,11.0,12,4.225016995241333,-0.2111358905446452,-0.6350000000000001,19,3,MIN @ TBR
7132,7,S7,9,2,0,4,4,7,0,1,3,10,5,10,8,0,3,0,10,53,12.0,7,-0.390890550645819,0.2667137724271075,0.13480000000000003,29,14,TOR @ HOU
7133,7,S7,9,1,0,0,3,3,0,0,11,5,7,4,4,1,0,1,4,38,11.0,1,-5.774983004758667,0.7360226572104828,0.7385999999999998,17,5,BAL @ CWS
7134,7,S7,9,5,1,6,6,1,0,0,8,6,4,8,5,2,0,0,18,50,11.0,11,4.225016995241333,-0.21926534473616394,-0.6584000000000003,23,12,PIT @ COL
7135,7,S7,9,4,1,2,5,5,3,0,9,10,3,2,5,1,1,0,12,46,10.0,8,1.840924541128484,0.006949719387842737,-0.17520000000000008,13,8,NYM @ ARI
7136,7,S7,10,1,0,4,4,5,0,0,6,7,6,5,7,1,1,1,9,45,11.0,1,-5.774983004758667,0.7685404739765579,0.7148000000000001,19,10,MIL @ CHC
7137,7,S7,10,2,2,4,11,12,2,0,11,8,3,5,9,8,0,0,19,68,15.0,11,-1.7050726618464642,0.44690870869628463,1.1392000000000002,21,11,TEX @ BOS
7138,7,S7,10,2,0,2,13,4,0,0,9,11,3,5,5,3,1,0,17,54,12.0,7,-0.3908905506458189,0.26264904533134814,-0.125,20,9,ATL @ FLA
7139,7,S7,10,1,2,7,9,4,0,0,8,6,3,9,9,0,2,1,19,58,12.0,11,3.6091094493541807,-0.11296259209409559,-0.8098000000000001,19,14,MIN @ KCR
7140,7,S7,10,2,0,7,6,2,0,1,10,8,4,3,6,2,0,0,15,48,11.0,11,3.2250169952413326,-0.12739479892768268,-0.7645999999999998,21,9,CLE @ ANA
7141,7,S7,10,2,0,5,3,4,0,0,10,5,4,8,5,1,0,0,10,46,11.0,7,-0.7749830047586677,0.2644757468807985,0.029000000000000022,21,13,HOU @ OAK
7142,7,S7,10,5,1,3,3,1,0,0,15,10,4,2,4,1,0,0,12,48,12.0,7,-0.3908905506458188,0.23419595566103243,-0.019999999999999945,15,6,COL @ MTL
7143,7,S7,10,2,0,2,15,4,0,0,8,1,7,7,8,5,3,0,19,54,12.0,8,0.6091094493541808,0.17077849952286692,-0.2506000000000002,23,14,SFG @ NYM
7144,7,S7,10,4,0,1,2,4,0,0,5,4,6,9,7,2,0,0,7,42,11.0,5,-1.7749830047586674,0.34821683849776097,0.2334,20,12,DET @ TOR
7145,7,S7,10,2,0,4,3,2,0,0,14,12,2,3,4,1,0,0,9,46,12.0,4,-3.390890550645819,0.5260665014695136,0.2712,16,7,ARI @ LAD
7146,7,S7,10,3,0,4,6,4,0,1,7,15,2,3,5,0,1,1,13,49,11.0,7,0.2250169952413329,0.18479938235959542,-0.08099999999999995,22,9,TBR @ NYY
7147,7,S7,10,4,1,4,8,4,0,0,8,4,5,7,3,4,0,2,17,48,11.0,11,4.225016995241333,-0.219265344736164,-0.344,16,11,PHI @ STL
7148,7,S7,10,2,0,1,4,5,0,0,6,9,7,0,3,1,0,1,7,37,9.0,4,-1.5431679129843643,0.30877642093729313,-0.01779999999999995,13,5,CWS @ SDP
7149,7,S7,10,1,1,0,2,2,0,0,8,5,2,9,8,1,0,0,4,38,11.0,1,-5.774983004758667,0.7319579301147234,0.7386,19,16,SEA @ BAL
7150,7,S7,10,2,2,3,7,2,0,0,8,8,7,6,5,1,0,1,14,50,12.0,9,1.609109449354181,0.04639013694831053,-0.058599999999999985,24,10,CIN @ PIT
7151,7,S7,11,4,0,3,3,11,0,0,4,14,4,4,6,2,0,0,10,53,11.333333333333334,5,-1.147647307402576,0.33019526681550504,-0.17819999999999997,22,10,CWS @ DET
7152,7,S7,11,0,0,5,3,5,0,0,9,8,3,1,11,1,1,0,8,45,11.0,3,-3.2237672629745857,0.5093541727023904,0.23060000000000003,17,11,MTL @ NYM
7153,7,S7,11,4,0,4,7,7,2,0,10,13,5,7,9,2,4,0,15,66,15.333333333333334,13,-0.31664039396214116,0.31619493609937116,0.6907999999999999,28,14,BOS @ BAL
7154,7,S7,11,3,1,5,8,2,0,0,6,5,1,10,10,4,0,0,17,51,12.0,6,-2.390890550645819,0.4463901369483107,-0.019799999999999925,23,14,MIN @ LAD
7155,7,S7,11,2,0,0,1,3,0,0,8,15,1,4,5,0,0,0,3,39,11.0,3,-3.774983004758667,0.5360226572104828,0.4614000000000001,16,10,MIL @ STL
7156,7,S7,11,1,0,4,10,8,0,2,2,4,4,4,3,3,1,1,15,40,7.0,9,6.146269044667493,-0.4439083664448551,-0.6691000000000001,14,6,ATL @ PHI
7157,7,S7,11,0,3,0,10,6,0,0,8,15,5,3,4,1,3,0,13,54,12.0,4,-3.390890550645819,0.5707784995228669,0.006800000000000068,20,8,FLA @ CIN
7158,7,S7,11,5,1,3,5,0,0,0,13,7,4,6,4,2,1,0,14,48,12.0,8,0.609109449354181,0.13826068275679182,-0.33400000000000013,21,10,SFG @ ARI
7159,7,S7,11,1,2,0,9,1,0,0,8,14,2,7,4,1,0,0,12,48,12.0,5,-4.3908905506458185,0.6341959556610324,0.40599999999999997,18,9,OAK @ TOR
7160,7,S7,11,3,4,3,7,1,0,0,9,10,8,4,4,1,0,0,17,53,12.0,9,1.609109449354181,0.05451959113982939,-0.34400000000000003,23,10,KCR @ CLE
7161,7,S7,11,5,1,4,7,4,0,0,11,4,5,5,4,1,0,0,17,50,10.0,13,6.8409245411284845,-0.48085609932487916,-0.47589999999999993,18,10,HOU @ TBR
7162,7,S7,11,2,0,6,6,7,0,0,14,7,8,2,4,1,0,0,14,56,12.0,11,3.609109449354181,-0.13328622757289255,-0.161,18,9,ANA @ NYY
7163,7,S7,11,0,2,7,6,4,0,0,10,4,3,6,8,4,1,0,15,51,12.0,7,0.609109449354181,0.15045486404407,-0.24340000000000017,18,13,CHC @ PIT
7164,7,S7,11,5,1,4,9,4,0,0,7,4,6,9,7,3,0,0,19,56,12.0,13,5.6091094493541815,-0.33328622757289256,-0.9140000000000004,25,13,SDP @ COL
7165,7,S7,11,5,0,4,5,3,0,1,11,5,8,2,2,2,0,0,14,45,10.0,7,0.8409245411284842,0.09882026519632398,-0.17710000000000004,14,4,TEX @ SEA
7166,7,S7,12,3,0,2,1,1,0,0,9,8,3,6,6,1,0,0,6,39,11.0,4,-2.7749830047586674,0.4360226572104828,0.002400000000000024,20,11,CIN @ ARI
7167,7,S7,12,4,1,0,7,2,0,0,5,6,4,6,8,4,0,0,12,43,11.0,8,1.2250169952413326,0.05228156559352035,0.0438,20,11,NYM @ MIL
7168,7,S7,12,0,3,5,7,12,1,1,8,7,2,7,8,4,1,0,15,59,12.0,11,3.609109449354181,-0.11702731918985487,-0.5474,21,15,TEX @ CWS
7169,7,S7,12,2,3,2,5,4,0,0,8,6,6,9,2,2,0,0,12,47,11.0,7,0.22501699524133234,0.1685404739765579,-0.15499999999999992,19,7,NYY @ BOS
7170,7,S7,12,3,4,1,2,1,1,0,7,10,4,3,8,1,0,0,10,43,11.0,6,-0.7749830047586672,0.2522815655935203,-0.010599999999999915,21,11,CLE @ MIN
7171,7,S7,12,6,0,2,5,5,0,0,8,11,2,7,6,2,0,0,13,52,12.0,10,2.6091094493541807,-0.04954513595593002,-0.11219999999999992,21,11,MTL @ ATL
7172,7,S7,12,1,0,5,5,1,0,0,7,6,8,6,6,0,0,0,11,45,11.0,4,-2.774983004758667,0.46041101978503907,0.33640000000000003,23,9,LAD @ SDP
7173,7,S7,12,1,3,3,6,7,1,0,9,9,5,4,5,2,1,0,13,52,11.333333333333334,8,1.5783402185849502,0.057596514216752465,-0.6578,16,9,OAK @ KCR
7174,7,S7,12,3,1,6,4,3,0,0,6,10,6,8,5,0,1,1,14,52,12.0,11,3.609109449354181,-0.14141568176441122,-0.40560000000000007,24,8,TOR @ SEA
7175,7,S7,12,6,1,1,3,6,0,0,10,8,4,7,3,1,0,0,11,49,11.0,12,5.225016995241333,-0.3233300718319233,-0.24399999999999997,18,9,STL @ CHC
7176,7,S7,12,1,1,0,9,2,0,0,7,11,4,5,5,1,0,0,11,45,11.0,5,-1.7749830047586674,0.3604110197850391,-0.0033999999999999968,16,8,PIT @ SFG
7177,7,S7,12,2,0,2,5,2,0,1,8,9,6,4,7,2,2,0,9,45,12.0,3,-4.390890550645819,0.630131228565273,0.4210000000000001,18,10,FLA @ PHI
7178,7,S7,12,3,0,5,3,3,0,0,7,11,9,3,4,1,2,1,11,48,12.0,6,-1.390890550645819,0.34639013694831056,0.02740000000000009,17,8,BAL @ TBR
7179,7,S7,12,4,1,3,4,3,0,0,4,17,3,2,7,2,0,0,12,48,11.666666666666666,8,0.7830940816264094,0.11679749243380957,-0.4216,20,9,HOU @ ANA
7180,7,S7,12,6,2,5,5,6,0,0,8,12,4,13,10,1,2,0,18,71,16.0,19,5.127804050482302,-0.2160553270577951,0.3005999999999999,30,19,DET @ COL
7181,7,S7,13,4,1,2,8,6,0,0,8,6,9,5,3,2,1,0,15,52,11.0,15,8.225016995241333,-0.6070711634488857,-0.44179999999999986,16,9,BAL @ OAK
7182,7,S7,13,2,1,4,10,9,0,0,10,7,3,6,6,3,2,1,17,58,12.0,11,3.609109449354181,-0.11296259209409555,-0.24860000000000002,19,11,NYM @ FLA
7183,7,S7,13,5,0,3,5,2,0,0,12,6,3,6,4,2,0,0,13,46,11.0,8,1.2250169952413328,0.06447574688079849,-0.23159999999999992,15,8,HOU @ TEX
7184,7,S7,13,2,0,3,3,3,0,0,5,12,4,8,4,3,0,0,8,44,12.0,3,-4.390890550645819,0.6179370472779949,0.5661999999999998,20,12,PHI @ MTL
7185,7,S7,13,1,0,1,4,3,0,0,8,17,6,0,4,1,1,0,6,44,12.0,1,-6.390890550645819,0.8220017743737543,0.9266,19,8,CIN @ STL
7186,7,S7,13,4,2,3,5,1,0,0,8,8,6,4,6,1,0,0,14,47,11.0,9,2.2250169952413326,-0.03145952602344218,-0.5047999999999999,16,7,BOS @ MIL
7187,7,S7,13,7,0,4,6,7,0,1,6,8,4,7,5,3,1,0,17,54,11.0,13,6.225016995241333,-0.39894170925736705,-0.4431999999999999,20,10,SEA @ MIN
7188,7,S7,13,4,2,3,5,3,0,0,9,7,6,3,9,2,0,0,14,51,12.0,10,1.6091094493541809,0.04639013694831056,-0.23260000000000003,22,10,CWS @ CLE
7189,7,S7,13,0,1,3,5,3,0,0,9,5,8,7,2,1,0,1,9,43,11.0,3,-3.7749830047586674,0.5563462926892797,0.4328,17,9,KCR @ TOR
7190,7,S7,13,8,1,3,7,7,0,0,7,5,6,6,9,0,1,0,19,59,11.0,20,13.225016995241333,-1.07861807377857,-0.5851999999999998,22,10,ATL @ CHC
7191,7,S7,13,4,1,2,5,8,0,0,10,3,1,5,10,7,0,0,12,49,12.0,8,0.6091094493541812,0.13826068275679188,-0.1072,17,14,COL @ ARI
7192,7,S7,13,5,1,4,4,4,0,0,8,17,0,3,7,1,0,0,14,53,12.0,10,2.609109449354181,-0.04548040886017066,-0.42319999999999985,18,9,TBR @ ANA
7193,7,S7,13,2,0,3,5,3,0,0,7,4,3,8,5,2,0,1,10,40,10.0,6,-0.1590754588715161,0.18256135681328645,0.15400000000000005,19,10,SFG @ LAD
7194,7,S7,13,5,3,6,8,6,0,1,7,8,1,6,10,0,0,1,22,60,11.0,19,12.980538020782753,-1.0501054492369528,-1.4174000000000002,20,12,NYY @ DET
7195,7,S7,13,1,0,4,9,7,0,1,8,10,3,2,4,2,2,1,14,48,10.0,10,3.840924541128484,-0.1767913722291197,-0.4216,13,6,SDP @ PIT
7196,7,S7,14,0,1,0,13,4,0,0,7,5,7,3,8,3,1,0,14,48,11.0,3,-3.7749830047586674,0.5766699281680766,0.1606,18,9,SDP @ NYM
7197,7,S7,14,3,2,4,2,5,1,0,6,10,8,6,11,5,1,0,11,58,15.666666666666666,11,-2.6982113172454687,0.5096400303743506,0.9396000000000002,27,16,MIN @ CWS
7198,7,S7,14,7,1,0,8,4,0,1,16,9,2,2,4,2,1,1,16,53,12.0,11,3.6091094493541807,-0.13735095466865188,-0.01920000000000005,16,7,STL @ PIT
7199,7,S7,14,1,1,2,4,5,0,0,7,9,4,9,4,2,0,1,8,46,12.0,5,-2.390890550645819,0.430131228565273,0.10800000000000004,23,11,LAD @ ATL
7200,7,S7,14,0,0,2,5,2,0,0,9,5,4,8,4,3,1,0,7,39,11.0,2,-5.774983004758667,0.7400873843062422,0.7504000000000001,20,10,DET @ CLE
7201,7,S7,14,2,1,1,5,9,1,0,9,7,8,9,6,3,0,0,9,57,14.0,5,-4.725137125988285,0.7042031570571134,0.7926,23,8,ARI @ MIL
7202,7,S7,14,2,1,6,6,4,2,0,10,10,3,4,7,2,3,0,15,53,12.0,7,-0.3908905506458191,0.2667137724271075,-0.2324,19,10,TEX @ OAK
7203,7,S7,14,3,0,6,6,5,0,1,11,4,2,11,10,3,0,1,15,58,14.0,9,-0.7251371259882847,0.3123326112486323,0.1491999999999999,24,13,TOR @ BOS
7204,7,S7,14,2,1,4,5,2,0,0,4,11,1,7,8,2,0,0,12,45,11.0,5,-1.7749830047586674,0.3604110197850391,0.4330000000000003,21,13,KCR @ HOU
7205,7,S7,14,3,1,3,6,4,1,0,12,8,8,5,3,3,0,0,13,53,13.0,9,-0.10922958010113337,0.22635349408536082,0.21660000000000015,19,9,TBR @ CIN
7206,7,S7,14,1,0,0,1,7,0,1,8,15,4,3,2,1,0,0,2,41,11.0,1,-5.774983004758667,0.7441521114020015,0.7574000000000002,18,7,CHC @ PHI
7207,7,S7,14,3,1,3,5,4,0,1,15,6,2,5,6,2,0,0,12,50,12.0,7,-0.3908905506458188,0.2423254098525512,0.03539999999999994,18,11,ANA @ SEA
7208,7,S7,14,0,1,4,8,4,0,0,8,5,3,11,5,2,2,2,13,49,12.0,4,-2.390890550645819,0.45451959113982937,0.2972,24,12,SFG @ COL
7209,7,S7,14,1,4,4,4,8,0,0,9,5,4,7,4,3,2,1,13,50,11.0,11,4.225016995241332,-0.20707116344888576,-0.16439999999999996,18,10,BAL @ NYY
7210,7,S7,14,3,0,1,5,9,0,0,3,12,3,9,4,2,2,0,9,49,11.0,7,0.22501699524133267,0.18479938235959542,-0.23839999999999995,21,9,FLA @ MTL
7211,7,S7,15,9,1,1,5,1,0,0,8,12,7,3,6,0,1,0,16,53,12.0,13,5.6091094493541815,-0.3414156817644113,-1.0313999999999999,19,10,MIL @ CIN
7212,7,S7,15,3,0,2,6,8,0,0,5,17,1,7,9,3,1,0,11,58,14.0,10,0.2748628740117154,0.21233261124863226,0.5918000000000001,23,14,TOR @ BAL
7213,7,S7,15,1,1,4,5,4,0,0,13,4,12,4,2,1,0,0,11,50,12.0,7,-0.390890550645819,0.2423254098525512,0.03419999999999998,18,7,CWS @ SEA
7214,7,S7,15,9,0,5,5,8,0,0,6,12,12,3,3,0,0,0,19,63,12.0,17,9.60910944935418,-0.7048331379025767,-0.2511999999999998,22,7,OAK @ DET
7215,7,S7,15,1,1,3,3,4,0,0,3,13,9,4,3,0,2,1,8,44,11.0,5,-1.7749830047586674,0.36854047397655787,0.09540000000000005,20,12,TBR @ KCR
7216,7,S7,15,5,0,2,4,2,0,0,12,7,2,5,7,0,0,0,11,46,11.0,10,3.225016995241333,-0.13552425311920152,-0.23640000000000017,17,10,MTL @ STL
7217,7,S7,15,1,0,4,9,3,0,0,8,5,3,7,4,1,2,1,14,44,9.666666666666666,8,2.2395010535840005,-0.03290793185770889,-0.1383999999999999,19,8,ARI @ FLA
7218,7,S7,15,1,2,11,4,2,0,0,9,8,3,7,7,2,0,0,18,54,12.0,10,2.6091094493541807,-0.04141568176441123,0.015599999999999926,20,10,SDP @ SFG
7219,7,S7,15,1,1,3,2,4,0,0,6,10,4,8,4,1,0,0,7,43,11.0,6,-0.7749830047586677,0.25228156559352033,-0.13440000000000002,24,16,ATL @ NYM
7220,7,S7,15,1,0,4,3,4,0,0,6,8,7,7,3,1,1,1,8,43,11.0,1,-5.774983004758667,0.7604110197850391,0.7148000000000001,22,7,HOU @ MIN
7221,7,S7,15,2,1,1,5,4,0,0,6,14,1,0,6,1,0,0,9,40,9.333333333333334,6,-0.6035199033159604,0.2229410741619715,-0.050100000000000026,17,7,COL @ CHC
7222,7,S7,15,2,0,2,9,12,1,0,10,12,1,4,5,4,2,0,13,57,12.0,9,1.609109449354181,0.07890795371438575,-0.07540000000000013,20,8,TEX @ ANA
7223,7,S7,15,0,0,2,8,1,0,0,7,11,4,3,9,2,0,0,10,45,12.0,2,-5.390890550645819,0.7220017743737542,0.5367999999999999,26,12,NYY @ PIT
7224,7,S7,15,3,1,3,4,4,0,0,6,5,10,3,5,1,0,0,11,44,10.0,7,0.8409245411284841,0.09475553810056461,-0.03910000000000005,19,9,PHI @ LAD
7225,7,S7,15,1,0,3,12,4,0,0,8,7,5,1,4,2,0,0,16,45,9.0,5,-0.5431679129843641,0.23722951060760872,0.012299999999999922,15,6,BOS @ CLE
7226,7,S7,16,1,0,4,9,4,0,0,9,9,4,1,7,2,1,1,14,48,11.0,6,-0.7749830047586675,0.280734655263836,0.0603999999999999,16,10,DET @ MIN
7227,7,S7,16,2,0,7,6,3,0,0,7,6,1,8,9,2,0,0,15,49,11.0,9,2.225016995241333,-0.023330071831923316,-1.0458000000000003,21,17,CWS @ KCR
7228,7,S7,16,2,0,3,5,4,1,0,10,8,4,8,6,0,0,0,10,50,12.0,6,-2.390890550645819,0.4423254098525512,-0.19899999999999973,23,14,LAD @ COL
7229,7,S7,16,1,3,5,7,5,0,0,10,10,7,1,7,1,2,0,16,56,12.0,9,1.609109449354181,0.07484322661862622,0.001000000000000019,21,8,BAL @ STL
7230,7,S7,16,4,0,2,7,0,0,0,7,13,4,6,7,4,0,1,13,50,14.0,6,-3.725137125988285,0.5798147944825572,0.5017999999999999,23,13,CHC @ CIN
7231,7,S7,16,2,1,2,5,5,1,0,6,9,6,4,6,2,0,0,10,46,11.0,4,-2.7749830047586674,0.4644757468807985,-0.0341999999999999,19,10,ARI @ SDP
7232,7,S7,16,2,0,4,6,7,0,0,7,10,9,5,6,2,1,0,12,57,13.333333333333334,8,-1.352516999061721,0.37100587146021646,0.3032,21,10,TOR @ NYY
7233,7,S7,16,1,0,6,7,3,0,0,11,9,5,3,6,2,1,0,14,51,12.0,3,-4.3908905506458185,0.6504548640440699,0.3827999999999999,19,8,FLA @ SFG
7234,7,S7,16,2,2,2,6,7,1,0,9,11,3,2,4,2,1,2,12,48,11.0,9,2.2250169952413326,-0.015200617640404611,-0.2912,15,4,ATL @ MTL
7235,7,S7,16,2,1,0,5,2,0,0,5,11,5,7,3,1,0,1,8,41,11.0,4,-2.774983004758667,0.44821683849776095,0.21979999999999988,18,7,PIT @ MIL
7236,7,S7,16,2,1,9,9,5,4,0,13,12,11,5,6,3,0,0,21,74,17.0,17,1.1092855319637842,0.18986125188981617,1.3128,28,11,SEA @ OAK
7237,7,S7,16,3,0,2,2,9,0,0,6,12,5,5,4,0,0,1,7,48,11.0,4,-2.774983004758667,0.47666992816807663,0.16119999999999998,24,9,CLE @ TEX
7238,7,S7,16,4,0,5,6,2,0,0,8,9,6,3,7,0,0,0,15,50,11.0,8,1.225016995241333,0.080734655263836,-0.4386,22,11,BOS @ TBR
7239,7,S7,16,1,1,3,4,6,0,0,7,15,4,2,5,0,2,0,9,48,11.0,6,-0.7749830047586674,0.280734655263836,0.12799999999999997,18,7,HOU @ ANA
7240,7,S7,16,1,1,4,4,6,0,0,10,6,8,1,1,1,0,0,10,42,9.0,7,1.456832087015636,0.025035329320330618,-0.25750000000000023,12,2,NYM @ PHI
8001,8,S8,1,3,0,7,9,6,0,0,8,7,6,5,4,1,0,2,19,55,11.0,15,7.8607343698312935,-0.5611596041207907,-0.6497999999999999,15,9,MIN @ TOR
8002,8,S8,1,0,0,1,7,3,0,0,8,10,6,5,4,0,2,0,8,44,11.0,2,-5.1392656301687065,0.6954359719934948,0.39339999999999997,20,10,ANA @ TEX
8003,8,S8,1,2,0,2,10,2,0,0,7,8,3,6,7,2,1,0,14,47,11.0,2,-2.1392656301687065,0.4033276854272611,0.08639999999999999,21,13,CWS @ TBR
8004,8,S8,1,3,1,6,6,5,0,0,9,9,6,2,8,1,0,1,16,55,12.0,10,2.2117102216341378,-0.0002030460179582999,-0.21319999999999995,23,10,PHI @ STL
8005,8,S8,1,3,1,4,6,3,0,1,9,6,8,3,8,2,0,0,14,51,12.0,6,-1.788289778365862,0.380067670397626,0.10259999999999994,16,13,SDP @ SFG
8006,8,S8,1,2,1,9,8,8,0,0,9,9,2,4,11,1,2,0,20,63,12.0,19,11.211710221634139,-0.86469033556601,-0.36320000000000013,22,13,ATL @ PIT
8007,8,S8,1,1,1,2,7,8,0,0,10,13,2,3,3,2,2,3,11,50,12.0,4,-3.788289778365862,0.5958510972651585,0.3465999999999999,17,8,SEA @ OAK
8008,8,S8,1,2,1,3,4,1,0,0,9,9,9,12,9,0,2,0,10,59,16.0,5,-9.199272800793025,1.1606245398091737,2.3726000000000003,29,13,FLA @ MIL
8009,8,S8,1,7,2,4,4,1,0,0,8,8,3,7,7,0,0,0,17,51,11.0,11,3.860734369831293,-0.18483474442208953,-0.06020000000000005,21,12,HOU @ LAD
8010,8,S8,1,1,0,4,5,5,0,1,7,9,4,7,3,3,0,0,10,45,11.0,3,-4.1392656301687065,0.5914901152766118,0.3106,20,9,NYY @ KCR
8011,8,S8,1,4,0,5,7,7,0,1,15,8,4,2,5,2,0,0,16,57,12.0,7,-0.7882897783658618,0.3037428106989247,0.1647999999999999,14,7,ARI @ COL
8012,8,S8,1,4,0,3,5,4,0,0,8,12,4,3,8,1,0,0,12,51,12.0,8,0.2117102216341381,0.18006767039762608,-0.030600000000000162,18,10,MTL @ CIN
8013,8,S8,1,2,2,3,8,4,0,0,9,7,1,7,8,1,0,0,15,51,11.0,7,-0.13926563016870686,0.2151652555779105,-0.12040000000000003,17,11,NYM @ CHC
8014,8,S8,1,4,1,1,8,4,0,0,8,15,1,5,4,3,0,0,14,51,12.0,8,0.21171022163413822,0.180067670397626,-0.14299999999999993,21,8,CLE @ BOS
8015,8,S8,1,0,1,6,6,3,0,1,11,11,4,2,5,1,0,2,13,49,12.0,4,-3.788289778365862,0.580067670397626,0.1508,18,9,DET @ BAL
8016,8,S8,2,1,0,1,3,6,0,0,5,18,6,2,2,0,0,0,5,44,11.0,2,-5.1392656301687065,0.6875442585597286,0.4568000000000001,19,6,TOR @ NYM
8017,8,S8,2,5,1,1,7,1,0,0,13,7,11,2,3,2,2,1,14,51,13.0,9,-0.6733255756727938,0.2804088202789686,-0.46820000000000017,19,8,TEX @ SEA
8018,8,S8,2,3,0,5,8,4,0,0,11,4,10,2,6,0,0,0,16,53,11.0,11,3.860734369831293,-0.1769430309883232,-0.6466000000000001,18,10,OAK @ CWS
8019,8,S8,2,0,1,1,9,4,0,0,7,6,5,4,6,3,1,2,11,43,11.0,2,-5.1392656301687065,0.6954359719934948,0.5736,22,10,MTL @ FLA
8020,8,S8,2,4,0,5,6,5,0,1,10,8,0,3,10,2,0,0,15,51,11.0,10,2.8607343698312935,-0.08483474442208953,-0.37559999999999993,17,12,MIL @ PIT
8021,8,S8,2,1,2,3,13,3,1,0,7,6,4,10,3,6,0,0,19,52,12.0,7,-0.7882897783658622,0.28401352711450917,-0.10099999999999999,18,7,LAD @ SDP
8022,8,S8,2,3,0,5,5,6,0,1,3,9,3,10,7,3,2,1,13,51,12.0,7,-0.7882897783658618,0.2919052405482754,0.013599999999999984,22,13,ANA @ HOU
8023,8,S8,2,1,0,2,6,8,0,0,13,9,9,6,9,2,0,0,9,63,16.0,6,-8.199272800793025,1.06851625324294,2.3331999999999997,28,16,DET @ MIN
8024,8,S8,2,1,3,2,4,3,0,0,6,9,2,5,8,3,1,1,10,43,11.333333333333334,3,-4.390206154672482,0.6165841677269892,0.3648000000000002,24,13,COL @ ATL
8025,8,S8,2,2,4,4,5,7,0,0,5,8,13,4,2,1,1,0,15,54,11.0,13,5.8607343698312935,-0.36905131755455695,-0.29379999999999995,22,5,CLE @ KCR
8026,8,S8,2,7,0,2,4,7,0,0,3,19,3,5,6,0,1,0,13,56,12.0,9,1.2117102216341384,0.10374281069892471,-0.5060000000000001,23,10,CIN @ STL
8027,8,S8,2,4,1,4,3,2,0,0,15,5,8,1,4,0,0,0,12,47,11.0,10,2.8607343698312935,-0.10061817128962199,-0.04640000000000007,12,5,CHC @ PHI
8028,8,S8,2,1,0,2,6,5,0,0,4,5,14,5,3,2,1,0,9,45,11.0,4,-3.139265630168707,0.4954359719934948,0.2872,20,11,BOS @ NYY
8029,8,S8,2,5,0,0,3,4,0,0,3,15,5,6,3,0,2,1,8,44,11.0,7,-0.13926563016870686,0.19938182871037796,-0.002200000000000011,23,12,BAL @ TBR
8030,8,S8,2,2,0,5,7,5,0,0,14,9,5,2,5,1,0,0,14,54,12.0,6,-1.7882897783658618,0.3919052405482754,0.3512,19,9,ARI @ SFG
8031,8,S8,3,6,2,1,7,3,0,0,7,7,5,7,5,1,0,1,16,50,11.0,12,4.8607343698312935,-0.28483474442208945,-0.6171999999999999,21,8,ATL @ PHI
8032,8,S8,3,0,2,2,2,3,0,0,12,8,3,5,5,0,1,0,6,42,11.0,1,-6.1392656301687065,0.7835984018428453,0.7148,16,8,BAL @ NYY
8033,8,S8,3,5,1,6,6,9,2,1,4,6,7,10,5,3,1,1,18,59,12.0,12,4.211710221634139,-0.18047376243354266,-0.5392000000000001,22,6,CHC @ SDP
8034,8,S8,3,0,0,8,9,6,0,0,4,7,9,5,7,2,0,0,17,55,11.333333333333334,9,2.599097609021526,-0.04288764147358019,-0.6997999999999998,23,12,COL @ CIN
8035,8,S8,3,1,0,3,5,5,0,0,6,11,7,3,5,0,3,1,9,46,11.0,4,-3.1392656301687065,0.5112193988610273,0.433,22,9,CWS @ TEX
8036,8,S8,3,1,4,3,8,4,0,0,9,8,5,5,5,1,0,0,16,52,11.0,11,3.8607343698312935,-0.1808888877052064,-0.4661999999999999,18,10,DET @ HOU
8037,8,S8,3,5,2,4,2,1,0,0,7,9,6,8,2,1,0,0,13,46,11.0,9,1.8607343698312935,-0.004564028006505204,-0.2134,20,10,ANA @ ARI
8038,8,S8,3,1,1,2,4,6,0,0,9,13,2,4,5,3,0,0,8,47,12.0,4,-3.788289778365862,0.5642842435300935,0.12800000000000003,20,9,MIN @ CLE
8039,8,S8,3,2,1,4,9,5,0,0,6,14,6,5,4,1,0,0,16,56,12.0,9,1.2117102216341387,0.09979695398204168,-0.08100000000000004,21,9,NYM @ MTL
8040,8,S8,3,2,2,3,8,3,0,0,7,11,4,1,9,1,0,0,15,50,11.0,10,2.8607343698312935,-0.08878060113897264,-0.34679999999999994,19,10,OAK @ BOS
8041,8,S8,3,2,2,2,8,5,2,0,9,9,2,6,5,2,1,1,14,50,11.333333333333334,9,1.6097938453275176,0.044205164745171166,-0.43140000000000034,22,12,PIT @ FLA
8042,8,S8,3,3,1,3,4,6,0,0,9,18,1,5,2,1,3,0,11,52,12.0,9,1.2117102216341382,0.09585109726515856,-0.046000000000000055,20,6,SEA @ KCR
8043,8,S8,3,5,3,2,5,5,0,0,8,3,12,6,6,0,0,0,15,55,11.666666666666666,13,5.587531509413377,-0.3417310315127653,-1.1678000000000002,22,9,STL @ MIL
8044,8,S8,3,0,0,2,5,7,0,0,14,9,5,6,5,1,1,1,7,54,14.0,3,-7.322349723869949,0.9532029485324504,1.5068,21,11,TBR @ TOR
8045,8,S8,3,2,0,3,6,6,0,0,10,10,5,2,10,2,0,3,11,54,14.0,7,-3.322349723869949,0.5571488052493335,0.5777999999999999,23,13,SFG @ LAD
8046,8,S8,4,4,0,3,7,3,0,0,5,7,12,4,2,3,0,0,14,47,11.0,5,-2.1392656301687065,0.3993818287103779,0.048799999999999996,13,7,BAL @ TOR
8047,8,S8,4,1,1,4,5,6,0,1,9,13,6,4,3,1,0,0,11,52,12.0,5,-2.788289778365862,0.4840135271145091,0.37820000000000015,20,7,CHC @ STL
8048,8,S8,4,2,1,4,3,5,0,0,6,15,3,4,6,2,0,0,10,49,12.0,5,-2.788289778365862,0.4721759569638597,0.40619999999999995,19,13,CIN @ ARI
8049,8,S8,4,6,1,3,8,7,0,0,8,10,4,3,8,3,1,0,18,58,12.0,20,12.211710221634139,-0.9883654758673088,-0.4791999999999999,23,10,CLE @ MIL
8050,8,S8,4,2,0,2,2,5,0,1,2,11,11,4,2,3,1,0,6,41,11.0,3,-4.1392656301687065,0.5796525451259622,0.3428,20,9,CWS @ DET
8051,8,S8,4,5,1,4,8,4,0,1,6,7,3,6,10,2,1,2,18,54,12.0,10,2.211710221634138,0.0037428106989247784,-0.2795999999999998,22,15,HOU @ OAK
8052,8,S8,4,3,0,2,2,6,0,0,5,13,3,8,4,0,1,0,7,46,11.0,6,-1.1392656301687065,0.29938182871037794,0.1502,20,6,KCR @ MIN
8053,8,S8,4,0,0,3,6,3,0,0,7,7,6,7,5,0,3,1,9,44,11.0,1,-6.1392656301687065,0.8033276854272611,0.7574000000000001,18,9,FLA @ ATL
8054,8,S8,4,2,1,8,9,3,0,0,6,5,10,7,6,2,0,0,20,57,12.0,12,4.211710221634138,-0.1962571893010751,-0.6002000000000001,21,13,MTL @ SDP
8055,8,S8,4,0,0,2,4,4,0,0,11,5,5,8,6,0,3,1,6,45,12.0,3,-4.788289778365861,0.6721759569638598,0.2122,23,10,NYY @ TEX
8056,8,S8,4,1,0,5,4,2,0,0,5,10,9,3,4,1,2,1,10,43,11.0,4,-3.1392656301687065,0.4954359719934948,0.14219999999999997,21,11,PHI @ NYM
8057,8,S8,4,3,1,7,8,4,0,0,8,9,4,6,6,1,2,2,19,56,12.0,10,2.211710221634138,0.015580380849574183,-0.15120000000000003,23,11,SEA @ ANA
8058,8,S8,4,4,0,3,5,1,0,0,8,12,2,6,4,2,0,1,12,45,11.666666666666666,7,-0.4124684905866238,0.2227562580352866,-1.3992,20,9,TBR @ BOS
8059,8,S8,4,1,0,2,3,5,0,0,6,10,5,4,5,3,1,0,6,41,11.0,1,-6.1392656301687065,0.7796525451259623,0.7504000000000001,17,11,SFG @ COL
8060,8,S8,4,4,0,4,5,5,0,0,10,7,3,5,5,2,0,1,13,48,11.0,6,-1.1392656301687065,0.3072735421441442,0.07479999999999996,20,9,PIT @ LAD
8061,8,S8,5,4,0,4,8,6,0,0,10,7,6,6,4,3,0,0,16,55,12.0,13,5.211710221634139,-0.30414890273484146,0.03439999999999992,22,9,LAD @ ARI
8062,8,S8,5,5,0,1,7,12,0,0,5,10,8,4,4,2,1,0,13,56,11.0,12,4.8607343698312935,-0.2611596041207907,-0.2196,21,8,BOS @ ATL
8063,8,S8,5,5,1,4,6,3,0,0,7,8,8,5,6,1,1,1,16,53,12.0,10,2.2117102216341387,-0.004148902734841479,-0.272,23,10,KCR @ BAL
8064,8,S8,5,5,0,3,7,2,0,0,7,11,6,6,5,0,0,1,15,52,12.0,9,1.2117102216341382,0.08795938383139229,0.012199999999999966,18,11,CIN @ CHC
8065,8,S8,5,3,0,1,3,1,0,0,7,15,0,3,7,1,0,0,7,40,11.0,3,-4.1392656301687065,0.571760831692196,0.25420000000000004,19,9,MIN @ CWS
8066,8,S8,5,0,1,2,5,3,0,0,13,9,4,3,2,1,0,1,8,42,11.0,1,-6.1392656301687065,0.7835984018428455,0.7386,17,7,TBR @ CLE
8067,8,S8,5,3,1,2,14,7,0,1,11,3,5,7,6,4,0,0,20,59,12.0,18,9.211710221634139,-0.688365475867309,-0.32740000000000014,21,13,SDP @ COL
8068,8,S8,5,3,0,4,3,4,0,0,8,14,8,3,3,0,1,0,10,50,12.0,7,-0.7882897783658617,0.280067670397626,0.18259999999999998,20,9,SEA @ DET
8069,8,S8,5,1,0,3,7,4,0,0,14,9,3,4,2,1,0,0,11,47,11.0,5,-2.1392656301687065,0.399381828710378,0.06459999999999999,15,6,TEX @ HOU
8070,8,S8,5,2,2,4,12,7,0,0,6,16,1,5,3,1,3,1,20,58,11.0,12,4.8607343698312935,-0.2414303205363751,-0.9221999999999998,18,9,NYM @ FLA
8071,8,S8,5,2,2,4,7,4,0,0,13,11,3,9,4,2,1,0,15,59,14.0,7,-3.322349723869949,0.5689863753999829,0.5468000000000001,21,11,PHI @ MTL
8072,8,S8,5,1,1,3,8,5,0,0,10,16,3,2,4,1,0,0,13,53,12.0,7,-0.7882897783658618,0.2879593838313923,0.09400000000000001,19,7,TOR @ NYY
8073,8,S8,5,7,2,9,4,7,1,0,6,7,7,8,5,1,1,0,22,62,11.333333333333334,17,10.106651855875384,-0.762076212423901,-1.6516000000000002,22,11,ANA @ OAK
8074,8,S8,5,4,1,6,4,6,0,0,7,8,4,4,6,4,1,0,15,50,11.0,10,2.8607343698312935,-0.08483474442208958,-0.24480000000000002,17,8,STL @ PIT
8075,8,S8,5,5,1,9,7,12,0,0,10,8,5,6,2,1,0,1,22,65,11.0,20,12.860734369831293,-1.0256468936688425,-1.3664000000000003,13,8,MIL @ SFG
8076,8,S8,6,0,2,3,5,3,0,0,7,11,1,8,6,2,1,1,10,46,12.0,2,-5.788289778365862,0.7682301002469766,0.5796,23,12,ARI @ SDP
8077,8,S8,6,5,0,3,8,3,0,0,7,11,6,6,5,0,0,1,16,54,12.0,8,0.21171022163413822,0.19585109726515845,-0.18799999999999978,20,11,ATL @ NYM
8078,8,S8,6,5,0,2,3,4,0,1,3,10,9,4,6,2,1,0,10,46,12.0,7,-0.7882897783658621,0.26428424353009344,0.16339999999999996,25,10,BOS @ BAL
8079,8,S8,6,1,1,2,11,4,0,0,4,11,3,6,6,3,0,0,15,49,11.0,6,-1.1392656301687067,0.30727354214414415,0.015200000000000009,21,12,CLE @ CWS
8080,8,S8,6,2,0,3,3,6,0,1,15,6,6,5,0,1,1,0,8,46,11.0,6,-1.139265630168707,0.299381828710378,0.24080000000000007,17,5,COL @ LAD
8081,8,S8,6,1,0,5,6,9,0,0,8,11,4,6,2,1,3,1,12,52,11.0,7,-0.13926563016870686,0.23489453916232617,-0.22920000000000001,23,11,KCR @ DET
8082,8,S8,6,2,0,6,9,4,0,0,7,3,13,9,2,2,3,0,17,55,12.0,10,2.211710221634138,0.007688667415807954,-0.11559999999999998,24,10,TOR @ ANA
8083,8,S8,6,5,1,3,4,2,0,0,9,10,13,3,1,0,2,0,13,51,12.0,8,0.21171022163413789,0.18795938383139227,-0.5714000000000001,21,8,FLA @ PHI
8084,8,S8,6,0,0,4,0,5,0,0,6,12,7,4,7,0,0,0,4,45,12.0,1,-6.788289778365861,0.8563925300963272,0.9657999999999999,24,12,MIL @ CHC
8085,8,S8,6,1,0,0,1,2,0,0,9,15,2,5,1,0,0,1,2,36,11.0,1,-6.1392656301687065,0.7599232615415467,0.7148,11,9,NYY @ TBR
8086,8,S8,6,1,0,2,7,7,0,0,9,6,4,5,8,3,1,1,10,49,12.0,5,-2.788289778365862,0.480067670397626,0.20239999999999986,23,12,OAK @ SFG
8087,8,S8,6,0,1,2,2,3,0,0,11,9,2,6,7,0,0,1,5,43,12.0,1,-6.788289778365861,0.852446673379444,0.9266,23,13,PIT @ CIN
8088,8,S8,6,2,1,4,9,5,0,0,11,8,5,6,3,2,0,1,16,54,12.0,7,-0.7882897783658619,0.2958510972651585,-0.08799999999999997,19,13,HOU @ SEA
8089,8,S8,6,4,1,3,9,4,0,0,8,6,4,7,7,1,0,0,17,53,11.0,11,3.8607343698312935,-0.1769430309883232,-0.3126000000000001,21,11,STL @ MTL
8090,8,S8,6,0,0,2,2,3,0,0,4,11,1,12,5,3,0,0,4,40,12.0,2,-5.788289778365861,0.7366632465119115,0.6431999999999998,24,12,TEX @ MIN
8091,8,S8,7,5,0,4,12,7,0,1,5,13,5,6,3,4,0,0,21,60,12.0,15,6.211710221634139,-0.3844196191504259,-0.058399999999999994,22,12,NYM @ ARI
8092,8,S8,7,4,2,7,5,6,0,0,2,15,1,7,8,2,1,1,18,57,12.0,13,5.211710221634139,-0.288365475867309,-0.12340000000000019,26,12,PIT @ CHC
8093,8,S8,7,4,0,2,2,6,0,0,7,6,0,9,10,3,0,1,8,46,12.0,7,-0.7882897783658617,0.26428424353009344,-0.08059999999999998,25,17,DET @ CLE
8094,8,S8,7,3,1,2,10,4,0,0,8,8,5,8,3,1,0,0,16,52,11.0,10,2.8607343698312935,-0.0808888877052064,-0.2723999999999999,18,7,SEA @ COL
8095,8,S8,7,3,0,11,4,5,0,0,8,5,4,11,4,2,2,1,18,55,11.666666666666666,11,3.6718120892062944,-0.1383215193414077,-1.1542000000000001,23,13,CWS @ KCR
8096,8,S8,7,5,1,2,4,4,1,1,9,11,2,6,4,1,3,0,12,48,11.0,10,2.8607343698312935,-0.08483474442208962,-0.04640000000000009,18,7,BAL @ ANA
8097,8,S8,7,2,2,3,7,6,0,1,7,11,0,8,6,3,1,1,14,52,12.0,7,-0.7882897783658617,0.2919052405482754,-0.1241999999999999,18,10,LAD @ FLA
8098,8,S8,7,0,0,2,3,1,0,0,6,7,8,7,5,2,0,0,5,39,11.666666666666666,1,-6.328187910793705,0.7867072030378128,0.6661999999999999,19,7,CIN @ MIL
8099,8,S8,7,4,0,1,6,1,0,0,8,9,3,4,8,1,0,0,11,44,11.0,6,-1.1392656301687065,0.28754425855972854,-0.06519999999999997,19,11,ATL @ MTL
8100,8,S8,7,5,2,3,7,5,0,0,6,7,6,7,5,1,1,1,17,53,11.0,9,1.860734369831293,0.03094868244544293,-0.3692000000000001,24,11,MIN @ NYY
8101,8,S8,7,1,1,4,1,0,0,0,13,7,6,6,1,0,1,0,7,40,11.0,3,-4.1392656301687065,0.5757066884090791,0.22179999999999994,18,9,PHI @ SFG
8102,8,S8,7,2,1,2,8,6,0,0,6,8,7,10,6,5,0,0,13,56,14.0,5,-5.322349723869949,0.7532029485324504,1.2846,25,15,SDP @ STL
8103,8,S8,7,6,1,2,3,4,0,1,10,9,2,9,5,1,0,0,12,51,12.0,9,1.2117102216341382,0.08006767039762598,-0.04060000000000002,19,9,HOU @ TBR
8104,8,S8,7,5,0,5,4,3,0,0,10,9,2,8,6,1,3,0,14,52,12.0,9,1.2117102216341382,0.09585109726515852,-0.37440000000000007,25,14,OAK @ TEX
8105,8,S8,7,1,0,4,5,4,0,0,10,7,9,8,7,1,0,0,10,55,14.0,6,-4.322349723869949,0.6492570918155672,0.7242000000000002,24,11,BOS @ TOR
8106,8,S8,8,0,2,1,3,4,0,0,9,6,3,7,8,0,2,0,6,43,11.0,7,-0.13926563016870674,0.1914901152766117,-0.12059999999999998,21,11,ATL @ HOU
8107,8,S8,8,0,1,2,10,3,0,0,6,9,6,2,5,4,3,1,13,44,11.0,3,-4.1392656301687065,0.603327685427261,0.43119999999999997,19,9,PIT @ BAL
8108,8,S8,8,3,2,2,8,7,0,1,9,8,6,6,5,2,0,0,15,56,12.0,9,1.2117102216341382,0.09979695398204161,-0.21580000000000016,19,8,MIL @ BOS
8109,8,S8,8,6,0,4,6,4,0,0,9,10,6,9,1,1,0,0,16,55,12.0,11,3.2117102216341378,-0.10414890273484152,-0.32680000000000003,21,9,SFG @ CWS
8110,8,S8,8,1,0,2,6,4,0,0,10,7,5,6,7,1,0,0,9,48,12.0,4,-3.788289778365862,0.5682301002469766,0.29460000000000003,22,15,LAD @ CLE
8111,8,S8,8,1,0,2,2,4,0,0,11,6,9,5,5,0,1,0,5,45,12.0,4,-3.788289778365862,0.5603383868132104,-0.033800000000000024,20,8,COL @ DET
8112,8,S8,8,3,1,2,4,9,0,1,5,12,3,9,2,1,0,1,10,50,11.0,7,-0.13926563016870674,0.21516525557791052,-0.2808,24,9,ARI @ KCR
8113,8,S8,8,3,0,4,3,7,0,0,8,8,1,12,5,2,1,0,10,51,12.0,5,-2.7882897783658613,0.4840135271145091,0.3482,22,12,MTL @ ANA
8114,8,S8,8,3,2,3,11,9,1,0,6,6,5,9,7,3,1,0,19,61,12.0,17,9.211710221634139,-0.6765279057166595,-0.5007999999999999,25,10,SDP @ MIN
8115,8,S8,8,2,1,2,6,3,0,0,5,13,5,4,3,2,0,1,11,44,11.0,7,-0.13926563016870677,0.19149011527661172,-0.23579999999999995,20,9,CIN @ NYY
8116,8,S8,8,5,1,3,4,7,0,1,6,8,10,5,4,0,3,0,13,53,11.0,10,2.8607343698312935,-0.06510546083767381,-0.38260000000000005,20,9,PHI @ OAK
8117,8,S8,8,3,0,4,5,4,0,1,7,12,8,2,4,1,2,2,12,49,12.0,6,-1.7882897783658622,0.3879593838313923,-0.34499999999999986,24,10,FLA @ SEA
8118,8,S8,8,4,0,3,3,7,0,2,9,11,4,6,6,0,1,0,10,53,12.0,8,0.21171022163413777,0.1919052405482754,-0.014600000000000083,21,11,CHC @ TBR
8119,8,S8,8,3,0,1,3,3,0,0,4,12,8,3,4,2,1,0,7,41,11.0,4,-3.1392656301687065,0.4796525451259623,0.3574000000000001,19,11,NYM @ TEX
8120,8,S8,8,2,0,4,3,2,0,0,9,12,1,4,6,1,0,0,9,43,11.0,3,-4.1392656301687065,0.5835984018428454,0.1668,13,7,STL @ TOR
8121,8,S8,9,2,0,0,5,2,0,0,13,4,3,7,5,3,0,1,7,41,12.0,2,-5.788289778365861,0.7445549599456778,0.6431999999999998,17,13,FLA @ ARI
8122,8,S8,9,1,2,1,9,11,0,0,12,13,8,5,4,3,1,2,13,67,16.0,8,-6.199272800793025,0.8961372502611219,1.2786000000000004,28,12,KCR @ CLE
8123,8,S8,9,4,1,3,4,0,0,0,7,12,5,6,6,0,0,0,12,48,12.0,7,-0.7882897783658618,0.2682301002469766,0.17819999999999997,21,12,MTL @ COL
8124,8,S8,9,2,1,3,6,6,0,0,4,8,5,9,7,3,0,0,12,51,12.0,7,-0.7882897783658613,0.28006767039762603,0.040199999999999986,23,16,DET @ CWS
8125,8,S8,9,0,1,4,8,8,0,0,6,11,4,1,9,1,0,1,13,52,11.0,5,-2.139265630168707,0.4230569690116768,0.051399999999999973,16,11,BOS @ HOU
8126,8,S8,9,3,1,3,6,1,0,0,11,10,7,5,0,3,0,0,13,47,12.0,7,-0.7882897783658618,0.26428424353009344,-0.06740000000000004,13,5,ANA @ NYY
8127,8,S8,9,3,0,2,7,3,0,0,12,10,4,3,5,1,2,1,12,49,12.0,7,-0.7882897783658617,0.28401352711450917,-0.01840000000000004,17,9,LAD @ PHI
8128,8,S8,9,5,0,3,0,7,0,0,5,12,4,6,5,1,0,0,8,47,11.0,7,-0.13926563016870663,0.19938182871037788,-0.5803999999999998,22,13,CHC @ MIL
8129,8,S8,9,8,0,2,9,7,0,0,7,9,3,5,8,4,0,0,19,58,12.0,13,5.211710221634139,-0.2923113325841922,-0.5308000000000004,20,10,MIN @ STL
8130,8,S8,9,5,0,3,7,4,0,0,2,21,3,2,4,1,1,0,15,51,11.0,9,1.8607343698312935,0.019111112294793602,-0.163,20,9,TBR @ OAK
8131,8,S8,9,3,0,2,6,1,0,0,15,6,4,3,6,2,1,0,11,46,12.0,6,-1.7882897783658618,0.3642842435300935,0.2443999999999999,16,10,CIN @ PIT
8132,8,S8,9,3,0,4,7,6,0,0,10,10,7,1,4,1,0,0,14,52,11.0,9,1.8607343698312933,0.019111112294793606,-0.2544,19,9,NYM @ SDP
8133,8,S8,9,2,1,1,6,4,0,0,4,8,9,4,5,2,2,2,10,44,11.333333333333334,5,-2.390206154672482,0.4284217378776386,0.14000000000000007,19,10,SFG @ ATL
8134,8,S8,9,1,0,5,9,5,0,0,9,11,7,6,2,3,3,1,15,55,13.0,5,-4.0553197511179055,0.6383375214078955,0.3822000000000001,22,11,BAL @ SEA
8135,8,S8,9,9,0,8,2,7,0,1,6,13,10,5,4,3,0,0,19,64,13.666666666666666,19,8.869978747226757,-0.6344630448421551,-1.9031999999999998,25,12,TOR @ TEX
8136,8,S8,10,4,0,4,9,6,0,0,2,12,4,4,8,1,4,2,17,53,11.0,9,1.8607343698312933,0.04673210931297553,-0.12100000000000007,25,10,HOU @ BAL
8137,8,S8,10,5,0,3,5,3,0,0,10,8,2,6,3,3,0,1,13,45,11.0,9,1.8607343698312935,-0.004564028006505225,-0.7002,16,10,NYY @ TOR
8138,8,S8,10,3,2,2,7,3,0,0,7,13,4,7,3,1,3,1,14,51,12.0,10,2.2117102216341387,-0.004148902734841472,-0.24779999999999985,21,11,SEA @ BOS
8139,8,S8,10,5,2,5,8,7,0,0,14,11,7,5,2,0,2,1,20,66,13.333333333333334,17,7.075733899823431,-0.43530927651740686,-0.8674000000000004,20,13,TEX @ TBR
8140,8,S8,10,3,0,3,6,8,0,0,7,10,5,2,7,2,0,0,12,51,11.0,8,0.8607343698312938,0.11516525557791046,-0.5428000000000001,22,11,CLE @ DET
8141,8,S8,10,6,1,1,7,6,0,0,4,9,8,7,4,1,0,0,15,53,11.0,11,3.860734369831293,-0.17694303098832326,-0.8914000000000002,22,15,MIN @ KCR
8142,8,S8,10,0,2,3,4,9,0,1,7,10,6,5,7,1,0,0,9,53,12.0,7,-0.7882897783658619,0.2879593838313923,-0.051199999999999996,19,11,CWS @ CHC
8143,8,S8,10,5,2,6,8,9,0,0,7,7,3,6,10,3,2,0,21,63,12.0,18,9.211710221634139,-0.6646903355660101,-0.5907999999999999,20,12,OAK @ ANA
8144,8,S8,10,3,2,3,2,3,2,0,10,3,16,4,1,0,1,2,10,47,12.0,6,-1.7882897783658618,0.3761218136807429,-0.017200000000000076,20,9,SDP @ PHI
8145,8,S8,10,2,1,3,3,1,0,0,6,11,2,5,8,0,1,1,9,42,11.0,3,-4.1392656301687065,0.5875442585597286,0.41960000000000003,20,9,ATL @ FLA
8146,8,S8,10,2,4,3,9,12,0,0,6,16,2,7,7,3,0,1,18,68,14.0,15,4.677650276130051,-0.19550091414806886,-1.0856,25,13,MTL @ NYM
8147,8,S8,10,4,0,4,10,7,0,0,5,15,3,5,5,3,0,0,18,58,12.0,16,8.211710221634139,-0.5923113325841921,-0.7092,19,11,STL @ CIN
8148,8,S8,10,0,0,4,6,5,0,0,7,7,4,7,8,2,0,1,10,48,12.0,4,-3.788289778365862,0.5721759569638598,0.39900000000000013,19,11,PIT @ MIL
8149,8,S8,10,1,1,2,6,0,0,0,7,7,7,3,8,1,0,0,10,42,11.0,6,-1.1392656301687065,0.27965254512596227,-0.2198,20,12,COL @ SFG
8150,8,S8,10,5,1,6,7,5,0,0,8,9,2,7,7,3,0,0,19,57,12.0,13,5.211710221634139,-0.29625718930107514,-0.3442,22,11,ARI @ LAD
8151,8,S8,11,1,2,7,2,2,0,0,9,13,2,3,5,1,0,0,12,46,11.0,6,-1.1392656301687065,0.2954359719934948,0.08280000000000004,16,6,SDP @ ARI
8152,8,S8,11,1,0,3,6,6,0,0,12,6,7,9,8,3,1,0,10,59,15.333333333333334,9,-3.8118854134056384,0.6179399443535519,1.2554000000000003,28,15,PHI @ ATL
8153,8,S8,11,5,1,2,7,7,0,0,12,5,14,1,3,0,1,1,15,57,12.0,13,5.211710221634139,-0.2883654758673089,-0.4861999999999999,17,6,TOR @ BAL
8154,8,S8,11,2,1,5,6,4,0,1,11,5,6,10,2,2,0,0,14,52,12.0,6,-1.7882897783658618,0.3840135271145091,0.10039999999999999,22,11,LAD @ COL
8155,8,S8,11,5,0,4,10,7,0,0,7,3,10,8,6,2,1,0,19,60,12.0,11,3.2117102216341387,-0.08047376243354269,-0.25420000000000026,24,16,BOS @ DET
8156,8,S8,11,1,1,3,9,6,0,0,9,7,3,3,13,4,0,0,14,55,13.0,7,-1.8256609821480947,0.3995882176433818,0.4836,23,15,KCR @ CWS
8157,8,S8,11,5,0,4,3,8,1,0,6,13,4,10,2,3,0,1,12,55,13.0,9,-0.6733255756727938,0.2883005337127349,-0.6594000000000002,20,11,MIL @ STL
8158,8,S8,11,4,0,2,3,6,0,0,9,13,4,4,1,2,0,0,9,46,11.0,5,-2.1392656301687065,0.39543597199349484,0.1668,14,5,TBR @ MIN
8159,8,S8,11,4,0,2,7,7,0,0,10,15,5,3,0,0,0,0,13,53,11.0,9,1.8607343698312935,0.02305696901167676,-0.28380000000000005,19,4,NYY @ MTL
8160,8,S8,11,3,3,5,7,4,0,0,7,7,5,8,2,2,2,2,18,51,11.0,12,4.8607343698312935,-0.26905131755455697,-0.29979999999999984,19,10,CLE @ OAK
8161,8,S8,11,2,0,2,5,1,0,0,12,12,6,7,5,0,0,0,9,52,14.0,6,-4.322349723869949,0.6374195216649179,0.47119999999999995,26,12,CHC @ PIT
8162,8,S8,11,1,1,6,3,4,0,0,10,9,4,3,9,1,3,0,11,50,12.0,7,-0.7882897783658617,0.28795938383139225,-0.03420000000000012,22,10,ANA @ SEA
8163,8,S8,11,1,2,1,5,7,0,0,11,7,4,6,5,2,4,1,9,49,12.0,3,-4.788289778365861,0.6919052405482754,0.5164000000000001,21,11,CIN @ FLA
8164,8,S8,11,0,0,5,9,1,0,0,12,9,3,5,5,1,0,1,14,49,12.0,4,-3.788289778365862,0.5761218136807429,0.3773999999999999,19,7,HOU @ TEX
8165,8,S8,11,3,0,7,4,2,0,0,12,10,2,2,9,1,0,0,14,51,12.0,9,1.2117102216341378,0.08006767039762597,-0.4116000000000001,19,12,SFG @ NYM
8166,8,S8,12,2,0,6,7,5,1,0,8,7,11,3,3,2,0,1,15,52,11.666666666666666,9,1.4040386927308428,0.06872653672172187,-0.4358000000000003,19,7,BOS @ CWS
8167,8,S8,12,5,1,2,9,4,0,0,11,10,3,7,6,1,2,1,17,58,13.0,9,0.17433901785190542,0.2232633579446806,0.015799999999999967,24,14,TBR @ BAL
8168,8,S8,12,2,0,3,8,3,0,0,9,12,4,3,4,4,0,0,13,48,12.0,6,-1.788289778365862,0.3682301002469766,0.15580000000000002,18,7,DET @ NYY
8169,8,S8,12,4,1,4,2,3,0,0,8,11,2,8,4,2,0,1,11,47,12.0,5,-2.788289778365862,0.46823010024697653,0.35680000000000006,19,11,KCR @ TOR
8170,8,S8,12,3,1,8,11,4,0,1,12,7,4,6,5,0,3,2,23,61,12.0,15,7.211710221634138,-0.460744478849127,-0.4115999999999998,23,11,OAK @ SEA
8171,8,S8,12,2,2,5,7,5,0,0,9,10,4,5,4,3,2,1,16,53,12.0,8,0.21171022163413833,0.19979695398204167,-0.04780000000000001,21,9,HOU @ CLE
8172,8,S8,12,5,0,3,3,4,1,0,10,7,5,5,7,1,1,1,11,49,12.0,9,1.2117102216341382,0.08006767039762602,-0.32200000000000006,20,11,TEX @ SDP
8173,8,S8,12,1,0,2,8,5,1,0,9,15,6,6,6,1,0,2,11,58,15.0,7,-6.5502486525958705,0.8917762682725752,1.2997999999999998,27,8,ANA @ MIN
8174,8,S8,12,3,4,6,11,4,1,0,9,5,2,11,8,1,0,0,24,63,12.0,18,10.211710221634139,-0.7725820489997764,-0.5786,22,15,PHI @ MIL
8175,8,S8,12,0,2,2,10,8,1,0,8,8,3,3,7,5,4,0,14,51,11.333333333333334,7,0.10665185587538317,0.20635693384103404,-0.689,18,8,FLA @ MTL
8176,8,S8,12,3,1,1,11,5,0,1,6,14,4,6,2,3,1,1,16,53,12.0,7,-0.7882897783658616,0.29585109726515846,-0.14019999999999996,21,10,NYM @ ATL
8177,8,S8,12,4,0,7,2,5,0,0,7,16,1,5,3,1,0,0,13,50,11.0,9,1.8607343698312935,0.011219398861027307,0.08999999999999991,15,8,CHC @ CIN
8178,8,S8,12,7,1,2,11,9,0,1,11,8,6,7,4,0,0,0,21,66,12.0,14,6.211710221634139,-0.360744478849127,-0.22940000000000008,19,7,PIT @ STL
8179,8,S8,12,5,0,1,12,8,0,1,11,10,5,3,5,2,0,0,18,60,12.0,13,5.211710221634139,-0.2844196191504258,-0.5851999999999997,20,9,COL @ ARI
8180,8,S8,12,1,0,2,7,4,0,0,5,8,5,6,4,3,0,2,10,42,11.0,2,-5.1392656301687065,0.6875442585597284,0.4286000000000001,22,10,LAD @ SFG
8181,8,S8,13,2,2,3,5,5,0,0,5,16,3,4,6,1,1,1,12,51,12.0,8,0.21171022163413855,0.18795938383139227,0.008000000000000014,20,12,BAL @ FLA
8182,8,S8,13,1,1,9,5,5,1,0,8,5,9,3,6,3,0,2,16,52,12.0,7,-0.7882897783658618,0.2919052405482754,-0.31820000000000004,19,11,NYY @ SEA
8183,8,S8,13,3,1,4,4,5,1,0,7,11,5,7,11,1,0,0,12,58,14.0,9,-1.3223497238699489,0.36109466196621665,-0.32340000000000013,29,17,TOR @ CWS
8184,8,S8,13,2,2,0,10,8,1,0,5,18,6,5,7,1,0,0,14,63,14.0,9,-1.322349723869949,0.38082394555063237,0.7697999999999999,30,14,BOS @ TBR
8185,8,S8,13,2,1,3,9,5,0,0,2,10,13,2,7,1,1,1,15,54,12.0,7,-0.7882897783658621,0.2997969539820417,0.10099999999999998,21,11,DET @ KCR
8186,8,S8,13,1,0,3,6,4,0,0,14,11,4,10,3,0,1,0,10,56,14.0,3,-7.322349723869949,0.9571488052493335,1.2454,25,10,CLE @ MIN
8187,8,S8,13,3,4,4,7,5,0,0,14,9,2,4,5,1,1,1,18,57,12.0,12,4.211710221634138,-0.1883654758673089,-0.6086000000000001,16,10,OAK @ HOU
8188,8,S8,13,1,1,10,8,6,0,0,3,9,10,8,4,1,1,1,20,60,12.0,13,5.211710221634138,-0.2765279057166595,-0.2541999999999999,23,13,TEX @ ANA
8189,8,S8,13,0,0,4,4,6,1,1,16,11,8,5,3,1,0,0,8,58,15.0,5,-6.913558515078741,0.9202155410870958,2.106,22,6,MTL @ PHI
8190,8,S8,13,5,4,2,1,1,0,0,7,7,8,6,7,1,0,0,12,48,12.0,8,0.2117102216341381,0.1682301002469766,-0.14899999999999994,21,12,STL @ SFG
8191,8,S8,13,2,1,1,5,4,0,0,9,13,1,7,2,3,0,1,9,45,12.0,4,-3.788289778365862,0.5603383868132104,0.5649999999999998,22,7,CHC @ LAD
8192,8,S8,13,1,0,6,5,10,0,0,10,19,14,2,1,1,0,0,12,68,15.666666666666666,11,-2.626457266812443,0.5309639834292974,0.966,22,8,CIN @ NYM
8193,8,S8,13,1,1,3,9,5,0,1,4,9,4,10,7,2,1,0,14,53,12.0,8,0.21171022163413833,0.19190524054827537,-0.02240000000000006,20,12,MIL @ ATL
8194,8,S8,13,6,0,5,6,5,0,0,8,4,11,5,3,1,0,1,17,53,11.0,12,4.8607343698312935,-0.2729971742714401,-0.5874000000000003,21,6,COL @ SDP
8195,8,S8,13,4,0,2,6,4,0,0,14,9,4,7,6,2,1,0,12,56,14.0,8,-2.3223497238699493,0.4571488052493335,0.08780000000000009,22,14,ARI @ PIT
8196,8,S8,14,2,3,3,5,7,0,1,5,13,4,3,9,4,2,1,13,54,13.0,9,0.13219573067550572,0.21169425979478804,-0.18579999999999997,18,13,BAL @ BOS
8197,8,S8,14,3,0,1,4,5,0,1,11,9,2,5,3,3,0,0,8,43,11.0,5,-2.139265630168707,0.3835984018428454,0.3569999999999999,16,8,TBR @ NYY
8198,8,S8,14,0,0,3,8,2,0,0,10,7,3,9,3,3,0,1,11,45,12.0,3,-4.788289778365861,0.6603383868132103,0.309,20,12,MIN @ DET
8199,8,S8,14,2,0,1,8,9,0,0,8,10,7,5,1,2,0,0,11,51,11.0,5,-2.1392656301687065,0.41516525557791045,-0.16719999999999996,21,9,CWS @ CLE
8200,8,S8,14,3,2,2,4,4,0,0,11,8,4,4,6,3,0,0,11,48,12.0,9,1.2117102216341382,0.06823010024697662,-0.0010000000000000085,19,9,KCR @ CIN
8201,8,S8,14,3,1,2,8,3,0,0,12,4,7,5,3,1,6,1,14,48,11.0,6,-1.1392656301687067,0.330948682445443,-0.06520000000000002,18,11,SEA @ TEX
8202,8,S8,14,2,1,2,9,5,0,0,13,9,3,5,5,1,4,0,14,54,12.0,10,2.211710221634138,0.007688667415807954,-0.1318,21,12,OAK @ TOR
8203,8,S8,14,3,0,7,11,10,0,0,9,5,6,9,3,3,0,1,21,63,12.0,15,7.211710221634138,-0.4686361922828932,-0.2900000000000001,17,9,HOU @ ANA
8204,8,S8,14,4,1,1,7,3,1,0,11,10,7,4,7,2,2,0,13,55,13.666666666666666,7,-2.7029467387953217,0.4952085067418708,0.37380000000000013,21,13,PHI @ FLA
8205,8,S8,14,4,0,5,6,11,1,1,3,8,3,10,8,5,2,2,15,59,13.333333333333334,13,3.0757338998234305,-0.05898441681870564,0.11440000000000028,23,14,ATL @ CHC
8206,8,S8,14,2,0,1,5,6,0,0,10,14,4,4,6,2,0,1,8,52,13.666666666666666,5,-5.130021252773244,0.7221325312721306,0.4019999999999999,26,12,STL @ NYM
8207,8,S8,14,2,1,0,4,3,0,0,9,5,3,4,7,3,0,2,7,38,11.0,2,-5.1392656301687065,0.671760831692196,0.4756,17,12,MIL @ COL
8208,8,S8,14,2,0,4,8,5,0,0,11,7,1,9,5,2,1,0,14,52,11.666666666666666,9,1.4040386927308421,0.06872653672172188,-0.5463999999999998,20,12,PIT @ MTL
8209,8,S8,14,1,3,2,7,4,0,0,9,8,3,7,5,1,0,0,13,49,11.0,10,2.8607343698312935,-0.09272645785585576,-0.13120000000000018,21,10,SDP @ LAD
8210,8,S8,14,4,0,4,3,6,0,1,8,9,1,5,6,3,0,1,11,46,11.0,7,-0.13926563016870674,0.19938182871037796,-0.03359999999999996,19,11,SFG @ ARI
8211,8,S8,15,5,1,2,5,2,0,0,9,11,4,3,4,2,2,0,13,46,11.0,10,2.8607343698312935,-0.0966723145727389,-0.24420000000000008,18,8,NYY @ BAL
8212,8,S8,15,4,0,4,3,9,0,1,6,15,5,5,3,2,0,0,11,54,12.0,9,1.2117102216341382,0.0919052405482754,-0.1514,23,9,TOR @ BOS
8213,8,S8,15,1,0,2,3,7,0,0,15,7,3,6,5,0,0,0,6,49,12.0,2,-5.788289778365861,0.7721759569638598,0.5412,21,11,TBR @ PHI
8214,8,S8,15,3,2,5,4,6,0,0,3,11,6,8,5,0,1,0,14,53,11.0,14,6.8607343698312935,-0.4729971742714401,-0.4384000000000003,23,12,MIN @ OAK
8215,8,S8,15,4,1,3,2,4,0,0,9,19,1,1,2,1,0,0,10,46,11.0,9,1.8607343698312935,-0.004564028006505141,-0.3994000000000002,13,4,CWS @ HOU
8216,8,S8,15,3,1,10,6,5,0,0,8,6,9,4,5,0,0,1,20,57,11.0,15,7.8607343698312935,-0.5572137474039075,-0.28359999999999996,22,10,CLE @ SEA
8217,8,S8,15,2,2,5,6,4,0,0,8,9,2,4,6,3,1,1,15,48,11.0,7,-0.13926563016870652,0.2112193988610273,-0.038800000000000036,18,9,TEX @ KCR
8218,8,S8,15,1,1,6,4,9,0,0,11,10,1,5,1,3,0,2,12,49,11.0,4,-3.1392656301687065,0.5151652555779105,0.34220000000000006,14,6,ANA @ DET
8219,8,S8,15,2,3,5,6,9,0,0,7,7,7,5,5,1,1,1,16,56,11.0,13,5.8607343698312935,-0.35721374740390766,-0.41859999999999997,18,11,MTL @ ATL
8220,8,S8,15,0,0,3,4,4,0,0,10,18,3,3,8,0,2,0,7,53,14.0,2,-8.322349723869948,1.0492570918155673,1.4020000000000001,27,11,FLA @ NYM
8221,8,S8,15,0,0,1,5,8,0,1,13,9,6,4,2,1,0,1,6,48,12.0,1,-6.788289778365862,0.8721759569638597,0.9265999999999999,21,8,COL @ PIT
8222,8,S8,15,3,1,2,6,4,0,0,9,11,5,7,9,1,0,0,12,57,14.0,6,-4.322349723869949,0.6571488052493335,0.9532,21,12,LAD @ MIL
8223,8,S8,15,2,0,6,2,2,0,0,8,16,5,1,6,0,0,0,10,48,12.0,4,-3.7882897783658613,0.5682301002469766,0.30559999999999987,21,8,SDP @ CIN
8224,8,S8,15,1,1,1,5,5,0,0,9,12,1,4,5,0,0,2,8,44,11.0,3,-4.1392656301687065,0.5954359719934949,0.5160000000000001,24,12,ARI @ STL
8225,8,S8,15,2,0,1,6,2,0,1,10,8,4,6,4,0,0,1,9,43,11.0,4,-3.139265630168707,0.48754425855972855,0.05980000000000002,19,12,SFG @ CHC
8226,8,S8,16,4,1,5,4,3,0,0,11,12,1,6,5,1,1,0,14,52,12.0,11,3.211710221634138,-0.11204061616860778,-0.5543999999999998,21,9,BAL @ CLE
8227,8,S8,16,2,1,4,8,5,0,0,6,11,12,4,2,1,0,0,15,55,12.0,6,-1.7882897783658618,0.3958510972651585,0.058999999999999955,21,8,NYY @ BOS
8228,8,S8,16,4,0,7,5,2,0,0,12,6,7,6,4,0,0,1,16,53,12.0,7,-0.7882897783658618,0.2919052405482754,-0.27420000000000017,17,7,TOR @ TBR
8229,8,S8,16,6,0,6,8,2,0,0,12,15,3,1,5,0,0,0,20,58,12.0,14,6.211710221634139,-0.3923113325841921,-0.3145999999999998,16,6,DET @ PIT
8230,8,S8,16,3,0,1,3,2,0,0,8,7,7,6,5,0,0,0,7,42,11.0,5,-2.1392656301687065,0.3796525451259623,-0.10680000000000005,20,8,CWS @ MIN
8231,8,S8,16,1,0,4,3,3,0,0,9,4,15,5,3,0,1,0,8,47,12.0,4,-3.788289778365862,0.5682301002469766,0.2972,24,12,KCR @ ANA
8232,8,S8,16,2,2,5,13,6,0,0,4,5,3,14,3,4,1,3,22,57,12.0,12,4.211710221634139,-0.1804737624335427,-1.1706000000000003,27,13,SEA @ HOU
8233,8,S8,16,5,3,5,8,8,0,0,8,4,6,7,6,1,5,1,21,60,11.0,19,11.860734369831293,-0.9256468936688426,-0.2925999999999999,21,16,TEX @ OAK
8234,8,S8,16,0,2,2,7,3,0,0,6,9,1,7,6,2,4,2,11,43,11.0,3,-4.1392656301687065,0.6072735421441442,0.2541999999999999,23,12,ATL @ LAD
8235,8,S8,16,0,1,6,5,8,0,0,7,9,5,8,8,1,3,3,12,57,13.666666666666666,9,-0.8057620461448304,0.32916517777812043,-0.22339999999999996,32,16,FLA @ COL
8236,8,S8,16,2,0,3,7,3,0,0,4,11,6,4,6,1,0,1,12,46,11.0,3,-4.1392656301687065,0.5993818287103779,0.44860000000000005,21,11,NYM @ PHI
8237,8,S8,16,8,0,2,7,11,0,0,9,8,1,9,4,2,0,0,17,59,11.0,18,10.860734369831293,-0.8532678906870245,-0.49360000000000004,17,10,STL @ CHC
8238,8,S8,16,1,0,3,7,2,0,0,8,4,9,7,4,0,0,1,11,45,11.0,5,-2.1392656301687065,0.39543597199349484,-0.15740000000000004,23,11,MIL @ CIN
8239,8,S8,16,6,2,7,7,4,0,0,7,12,2,8,6,1,0,0,22,61,12.0,18,10.211710221634139,-0.7804737624335426,-1.2126,19,14,ARI @ MTL
8240,8,S8,16,2,3,2,8,7,0,0,9,9,4,6,5,2,1,0,15,55,11.666666666666666,12,4.404038692730842,-0.2194358931276288,-0.7118,21,10,SFG @ SDP
9001,9,S9,1,0,0,3,3,2,0,0,9,18,1,4,4,0,1,0,6,44,12.0,2,-5.778062860808211,0.7619492162062191,0.5316,22,7,FLA @ ARI
9002,9,S9,1,4,0,4,10,4,0,0,11,6,4,4,8,2,3,1,18,55,12.0,9,1.2219371391917893,0.11923812780078746,-0.34360000000000007,22,11,ATL @ STL
9003,9,S9,1,2,0,4,5,5,0,0,7,11,0,4,7,3,0,0,11,46,11.0,8,0.8701090442591402,0.10122409081338177,-0.235,17,9,PHI @ MTL
9004,9,S9,1,3,1,3,6,4,0,0,7,9,9,2,7,2,0,0,13,51,12.0,6,-1.7780628608082107,0.38650160688960555,-0.19960000000000008,23,10,CIN @ CHC
9005,9,S9,1,3,1,4,8,1,0,0,13,5,7,7,3,1,0,0,16,52,12.0,11,3.2219371391917893,-0.10940632799649677,-0.17620000000000008,22,10,PIT @ COL
9006,9,S9,1,1,2,4,6,3,0,0,13,10,3,8,8,4,1,2,13,58,16.0,5,-5.370750481077614,0.7866910200555233,0.5406000000000001,29,18,LAD @ SFG
9007,9,S9,1,2,1,4,4,3,0,0,3,11,12,5,7,2,0,1,11,53,14.0,6,-3.074406670942913,0.5284121832447689,0.11440000000000004,25,10,NYY @ OAK
9008,9,S9,1,1,1,5,10,4,0,0,7,8,6,6,3,2,1,1,17,51,11.0,8,0.8701090442591402,0.1298685466106659,-0.3456,19,10,BOS @ SDP
9009,9,S9,1,7,0,2,3,1,0,0,9,12,5,5,3,0,1,2,12,47,12.0,8,0.22193713919178926,0.1824095417757078,0.25299999999999995,17,9,BAL @ MIN
9010,9,S9,1,0,0,6,11,1,0,0,7,7,2,6,7,3,0,1,17,47,11.0,8,0.8701090442591402,0.10940822104117723,0.09599999999999993,21,13,KCR @ TBR
9011,9,S9,1,2,1,6,5,7,0,0,9,11,3,8,2,3,1,0,14,54,12.0,10,2.2219371391917893,0.002869867345196453,-0.040799999999999975,18,8,CWS @ NYM
9012,9,S9,1,1,1,8,3,4,0,0,14,11,6,6,4,1,2,0,13,58,14.0,5,-4.0744066709429125,0.6529645739281553,0.13440000000000005,23,12,CLE @ DET
9013,9,S9,1,6,1,4,10,5,0,0,6,13,5,6,6,0,0,0,21,62,12.0,19,11.22193713919179,-0.8684856768575194,-0.3092,24,13,HOU @ ANA
9014,9,S9,1,2,1,2,8,5,0,0,11,13,4,4,3,0,1,1,13,53,12.0,9,1.2219371391917893,0.10286986734519649,-0.9472,19,9,SEA @ TOR
9015,9,S9,1,2,0,6,4,3,0,0,11,7,4,7,5,2,2,0,12,49,12.0,9,1.221937139191789,0.08650160688960548,-0.05899999999999994,17,8,TEX @ MIL
9016,9,S9,2,1,1,3,3,3,0,0,7,12,2,7,7,1,2,0,8,46,12.0,3,-4.778062860808211,0.6742254115479124,0.4328,21,11,MTL @ ATL
9017,9,S9,2,0,2,2,5,2,0,0,11,6,5,2,6,1,1,2,9,41,11.0,3,-4.12989095574086,0.5930399605855864,0.27540000000000003,18,8,NYM @ FLA
9018,9,S9,2,2,1,4,0,4,0,1,14,3,5,5,7,2,2,0,7,45,12.0,6,-1.7780628608082107,0.3701333464340146,0.3470000000000001,20,12,PHI @ PIT
9019,9,S9,2,4,0,5,8,12,1,0,19,28,1,8,15,5,0,0,17,100,25.333333333333332,5,-11.44407912079222,1.5536144234689953,1.7015999999999998,32,22,STL @ CHC
9020,9,S9,2,5,0,2,6,3,0,0,4,9,9,3,8,0,0,0,13,49,11.0,9,1.8701090442591402,0.013500286155074995,-0.5024000000000002,21,11,ARI @ MIL
9021,9,S9,2,2,1,7,9,9,2,0,8,6,6,3,10,3,0,0,19,61,12.0,11,3.2219371391917893,-0.07257774197141716,-0.6017999999999999,24,13,SFG @ SDP
9022,9,S9,2,5,3,3,7,3,0,0,11,5,8,4,5,2,0,1,18,54,12.0,11,3.221937139191789,-0.09713013265480358,-0.45780000000000004,22,10,COL @ LAD
9023,9,S9,2,2,0,5,10,7,0,0,7,6,6,7,6,2,0,1,17,56,11.666666666666666,12,4.993542077463394,-0.26610649625416855,-0.6802,22,14,TOR @ NYY
9024,9,S9,2,1,1,5,11,6,0,0,8,12,5,5,1,2,1,0,18,55,11.0,12,4.870109044259141,-0.2578552580476409,-0.40700000000000003,16,5,BOS @ DET
9025,9,S9,2,1,0,2,2,2,0,0,7,2,4,11,7,2,0,0,5,38,11.0,2,-5.12989095574086,0.6684875699021999,0.4026,22,14,TBR @ ANA
9026,9,S9,2,2,0,0,9,4,0,0,7,5,6,6,7,1,0,1,11,46,11.0,6,-1.1298909557408598,0.30531615592727956,-0.12020000000000003,20,11,BAL @ TEX
9027,9,S9,2,2,2,2,7,7,0,0,5,7,2,7,6,4,0,0,13,48,11.0,8,0.8701090442591402,0.10940822104117721,0.08899999999999994,20,12,MIN @ CWS
9028,9,S9,2,3,1,2,6,5,0,0,8,14,4,5,3,1,0,1,12,51,12.0,8,0.2219371391917888,0.1905936720035033,-0.2580000000000001,20,8,CLE @ KCR
9029,9,S9,2,4,0,5,4,2,0,0,11,9,6,4,3,0,2,0,13,48,11.0,6,-1.1298909557408598,0.3175923512689727,0.295,16,7,HOU @ CIN
9030,9,S9,2,7,2,4,7,2,0,0,9,12,2,4,9,0,4,0,20,58,12.0,16,8.22193713919179,-0.5684856768575195,-1.097,18,12,SEA @ OAK
9031,9,S9,3,1,1,2,4,1,0,0,9,1,13,5,5,1,1,1,8,42,11.666666666666666,1,-6.6018020355407625,0.8402310685655766,0.6661999999999997,24,11,FLA @ TOR
9032,9,S9,3,2,0,3,12,4,1,0,6,9,12,8,3,2,2,1,17,59,13.666666666666666,5,-3.55782726431115,0.6094907634927746,0.20880000000000004,30,13,MTL @ SFG
9033,9,S9,3,2,0,2,3,4,0,0,10,6,8,8,2,0,1,0,7,46,12.0,4,-3.7780628608082107,0.5701333464340146,0.019,19,12,NYM @ PHI
9034,9,S9,3,1,1,2,5,4,0,0,9,6,4,6,3,3,0,2,9,41,11.0,3,-4.12989095574086,0.5889478954716886,0.39339999999999997,21,8,CHC @ LAD
9035,9,S9,3,3,0,5,9,8,0,0,14,11,3,7,6,1,0,0,17,66,14.0,13,3.9255933290570875,-0.12248303538845833,-0.3210000000000001,21,14,CIN @ PIT
9036,9,S9,3,4,1,6,10,5,0,0,7,11,2,5,10,0,2,1,21,61,12.0,13,5.221937139191789,-0.26030154662972393,-1.1887999999999999,23,14,MIL @ STL
9037,9,S9,3,1,1,5,10,9,0,0,14,7,3,6,3,0,1,0,17,59,11.0,10,2.8701090442591397,-0.04148699759204995,-0.07160000000000002,15,8,SDP @ ARI
9038,9,S9,3,2,2,1,3,5,0,0,9,9,5,5,4,1,1,0,8,45,11.0,8,0.8701090442591402,0.10122409081338177,-0.3578000000000002,19,7,COL @ ATL
9039,9,S9,3,2,0,3,4,4,0,0,10,13,2,3,5,1,1,0,9,47,12.0,5,-2.7780628608082107,0.4742254115479123,0.37920000000000004,16,8,NYY @ TEX
9040,9,S9,3,4,0,3,6,3,0,0,8,7,5,9,3,1,3,0,13,48,11.0,7,-0.12989095574085985,0.22168441638287045,-0.9532,23,10,TBR @ BAL
9041,9,S9,3,4,0,10,10,7,0,1,11,5,7,11,8,4,1,2,24,73,16.0,15,4.629249518922386,-0.1519280032360107,-0.9475999999999998,28,19,DET @ OAK
9042,9,S9,3,6,2,1,4,1,0,0,10,5,3,5,7,1,1,1,13,45,11.0,11,4.109890538367587,-0.2186619934835652,-0.31640000000000007,17,9,KCR @ MIN
9043,9,S9,3,4,0,6,2,2,0,0,9,13,3,4,3,0,1,1,12,46,11.0,7,-0.12989095574085985,0.20940822104117723,0.24079999999999996,20,10,CWS @ CLE
9044,9,S9,3,3,1,2,7,7,0,0,5,9,7,3,6,2,0,2,13,51,12.0,8,0.22193713919178948,0.19468573711740098,-0.384,25,12,HOU @ SEA
9045,9,S9,3,2,1,4,9,5,0,0,3,2,15,4,5,3,0,1,16,50,11.0,8,0.8701090442591402,0.12168441638287049,-0.21880000000000005,22,13,ANA @ BOS
9046,9,S9,4,2,0,1,3,5,0,0,5,13,4,6,4,1,0,0,6,43,11.0,3,-4.12989095574086,0.5889478954716886,0.5098,22,10,ATL @ MTL
9047,9,S9,4,3,0,2,10,4,0,0,10,10,3,5,4,1,0,0,15,51,11.0,7,-0.1298909557408599,0.22168441638287048,0.10300000000000001,16,8,NYM @ COL
9048,9,S9,4,5,1,7,3,4,0,0,6,11,5,5,9,0,1,0,16,56,12.0,10,2.2219371391917893,0.011053997572991976,-0.1766,22,10,PHI @ STL
9049,9,S9,4,3,1,4,3,7,0,0,9,7,5,5,7,3,0,0,11,51,12.0,9,1.2219371391917888,0.08650160688960545,-0.09359999999999993,22,9,CHC @ MIL
9050,9,S9,4,2,2,2,7,3,0,0,9,10,2,6,7,1,1,1,13,50,12.0,4,-3.7780628608082107,0.5905936720035033,0.4023999999999999,23,13,CIN @ FLA
9051,9,S9,4,2,0,4,8,2,0,0,8,12,1,6,7,2,0,0,14,50,12.0,7,-0.7780628608082111,0.2824095417757079,-0.057799999999999976,19,12,PIT @ MIN
9052,9,S9,4,2,4,1,12,8,0,0,9,8,5,3,5,1,2,2,19,57,11.0,12,7.555270472525121,-0.5059110753047504,-1.1596,22,9,LAD @ SDP
9053,9,S9,4,1,0,1,5,1,0,0,11,6,5,7,4,0,0,1,7,42,12.0,1,-6.778062860808211,0.8537650859784237,0.9776,23,15,SFG @ ARI
9054,9,S9,4,1,0,3,6,11,0,0,11,23,7,18,3,2,2,1,10,84,22.0,3,-11.25978191148172,1.4819878560572748,2.1123999999999996,38,10,TOR @ TBR
9055,9,S9,4,3,1,7,8,9,0,2,6,8,6,6,2,1,4,4,19,56,11.0,12,4.87010904425914,-0.22511873713645902,-0.3834000000000001,17,8,NYY @ BAL
9056,9,S9,4,2,2,2,11,9,0,2,10,9,5,5,4,1,0,0,17,60,12.0,12,4.221937139191789,-0.17666980708531485,-0.12480000000000001,23,9,DET @ CWS
9057,9,S9,4,3,1,1,7,9,0,0,6,8,4,12,4,2,3,3,12,56,13.666666666666666,5,-3.8981458456754647,0.643522621629206,0.2803999999999998,29,14,CLE @ SEA
9058,9,S9,4,1,1,0,4,6,0,0,7,15,2,4,3,2,0,0,6,43,11.0,2,-5.12989095574086,0.6889478954716886,0.5485999999999999,23,8,OAK @ BOS
9059,9,S9,4,2,3,3,16,6,0,0,9,4,9,2,9,2,1,1,24,63,12.0,12,4.221937139191788,-0.1562094815158262,-0.24220000000000014,23,10,TEX @ KCR
9060,9,S9,4,5,1,5,7,5,0,0,7,13,5,5,4,2,1,0,18,57,12.0,12,4.221937139191789,-0.1848539373131103,-0.4555999999999999,17,9,ANA @ HOU
9061,9,S9,5,1,0,5,5,1,0,0,10,7,5,4,6,0,1,1,11,44,11.0,7,-0.12989095574085985,0.20122409081338175,-0.2376000000000001,22,13,FLA @ PIT
9062,9,S9,5,5,1,5,8,6,0,0,12,6,5,6,10,1,5,0,19,64,13.333333333333334,15,6.603400815688103,-0.3779875887098667,-0.7666,26,14,MTL @ PHI
9063,9,S9,5,8,0,3,5,12,0,1,2,17,0,6,4,4,0,1,16,58,12.0,14,6.221937139191789,-0.3807618721992126,-0.8833999999999999,23,12,CHC @ STL
9064,9,S9,5,1,3,7,1,7,0,0,11,5,5,4,7,1,0,0,12,51,11.0,11,3.8701090442591406,-0.1783155836171296,-0.20780000000000004,21,11,CIN @ NYM
9065,9,S9,5,5,0,4,6,9,0,1,9,7,3,8,7,1,0,1,15,58,12.0,15,7.221937139191789,-0.4807618721992126,-0.378,23,12,MIL @ CWS
9066,9,S9,5,0,1,2,4,3,0,0,14,7,3,4,6,1,0,1,7,44,12.0,2,-5.778062860808211,0.7619492162062191,0.5316,14,10,LAD @ ATL
9067,9,S9,5,1,0,5,5,4,0,0,6,18,4,3,3,0,0,2,11,49,12.0,5,-2.7780628608082107,0.48650160688960553,0.32759999999999995,22,8,ARI @ SDP
9068,9,S9,5,1,3,3,4,3,0,0,7,7,5,7,7,0,1,0,11,47,11.0,5,-2.12989095574086,0.40940822104117724,0.10639999999999997,25,13,SFG @ COL
9069,9,S9,5,1,0,3,5,4,0,0,8,17,5,4,2,0,0,0,9,49,12.0,7,-0.7780628608082107,0.27831747666181006,-0.20219999999999988,21,8,BOS @ SEA
9070,9,S9,5,2,1,5,1,4,0,0,8,10,2,9,5,2,0,0,9,47,12.0,3,-4.778062860808211,0.6701333464340146,0.7076,18,9,TBR @ NYY
9071,9,S9,5,3,2,5,6,7,0,0,10,13,4,1,5,0,5,3,16,56,12.0,14,6.221937139191789,-0.36030154662972397,-0.3752,18,9,BAL @ CLE
9072,9,S9,5,0,0,2,6,1,0,0,5,7,11,3,5,0,0,0,8,41,11.0,2,-5.12989095574086,0.680763765243893,0.4567999999999999,22,9,DET @ MIN
9073,9,S9,5,1,2,2,9,6,0,0,9,10,4,5,5,0,0,1,14,54,12.0,11,3.2219371391917893,-0.09713013265480352,-0.3485999999999999,21,9,KCR @ TOR
9074,9,S9,5,3,0,2,3,4,0,0,4,11,5,6,5,1,2,1,8,43,11.0,5,-2.12989095574086,0.40122409081338173,0.011800000000000019,22,16,OAK @ ANA
9075,9,S9,5,2,3,5,5,4,0,1,10,3,5,6,6,1,2,2,15,49,11.0,10,2.87010904425914,-0.07013145338933405,-0.28200000000000003,20,13,HOU @ TEX
9076,9,S9,6,1,0,2,8,4,0,0,8,9,4,3,7,1,0,1,11,46,11.0,6,-1.12989095574086,0.3053161559272795,0.19600000000000006,15,9,FLA @ NYM
9077,9,S9,6,2,1,1,7,3,0,0,6,13,4,4,9,0,0,0,11,50,12.0,5,-2.7780628608082107,0.4824095417757079,0.039799999999999995,25,12,MTL @ NYY
9078,9,S9,6,4,0,2,9,0,0,0,8,10,6,3,3,1,0,0,15,46,11.0,6,-1.12989095574086,0.30122409081338186,0.16639999999999996,16,7,CIN @ KCR
9079,9,S9,6,2,2,1,5,4,0,0,5,14,4,4,4,1,2,1,10,45,11.0,6,-1.1298909557408598,0.3094082210411772,0.003199999999999917,18,9,PIT @ ATL
9080,9,S9,6,2,0,3,4,1,0,0,8,12,7,2,4,0,0,0,9,43,11.0,5,-2.1298909557408603,0.3889478954716886,-0.062400000000000025,16,7,MIL @ CHC
9081,9,S9,6,7,1,0,4,5,0,0,9,6,4,5,9,2,2,1,12,50,12.0,8,0.2219371391917892,0.19468573711740106,0.06839999999999996,20,13,STL @ COL
9082,9,S9,6,0,0,1,5,3,1,1,8,7,4,9,4,3,0,0,6,41,11.666666666666666,1,-5.984959412532349,0.7662706109230419,0.6662000000000001,20,15,ARI @ HOU
9083,9,S9,6,1,0,3,7,9,0,0,9,5,2,8,6,3,2,0,11,50,11.0,10,2.87010904425914,-0.07422351850323176,-0.02880000000000007,18,14,SDP @ PHI
9084,9,S9,6,1,0,4,6,2,0,0,12,9,1,6,7,1,0,0,11,48,12.0,4,-3.7780628608082107,0.5742254115479123,0.399,19,13,SFG @ LAD
9085,9,S9,6,0,1,2,4,3,0,0,14,6,10,8,3,1,1,0,7,51,14.0,3,-6.0744066709429125,0.8202280530169734,0.8598000000000001,24,11,TBR @ TOR
9086,9,S9,6,2,0,1,6,1,0,0,8,8,7,7,5,1,0,0,9,45,12.0,4,-3.7780628608082107,0.5619492162062192,0.0067999999999999415,20,14,MIN @ BOS
9087,9,S9,6,3,0,6,4,3,0,1,8,9,5,4,8,2,0,0,13,50,12.0,10,2.2219371391917893,-0.017590458224292192,0.052400000000000016,22,12,CWS @ DET
9088,9,S9,6,3,0,5,6,5,0,0,11,8,6,2,5,1,2,3,14,51,12.0,9,1.221937139191789,0.1069619324590941,-0.3851999999999999,20,11,CLE @ ANA
9089,9,S9,6,2,1,4,9,2,0,0,10,11,8,2,3,0,5,2,16,52,12.0,9,1.2219371391917895,0.1192381278007874,-0.4429999999999999,22,8,SEA @ BAL
9090,9,S9,6,6,0,1,4,2,0,0,3,15,4,5,3,1,1,2,11,43,11.0,6,-1.1298909557408598,0.3012240908133818,-0.03959999999999996,21,10,TEX @ OAK
9091,9,S9,7,4,0,1,10,3,0,0,5,10,6,3,6,0,1,3,15,48,11.0,5,-2.12989095574086,0.4257764814967682,-0.28180000000000005,19,9,ATL @ PHI
9092,9,S9,7,4,0,5,6,6,0,0,13,11,3,3,5,1,0,0,15,56,12.0,10,2.2219371391917893,0.00696193245909419,-0.14039999999999994,18,8,CIN @ ARI
9093,9,S9,7,5,0,5,7,6,0,0,21,13,4,8,4,1,0,2,17,73,17.666666666666668,7,-4.490833465944869,0.7559882301368169,0.01539999999999997,28,14,PIT @ STL
9094,9,S9,7,1,0,4,6,7,0,0,7,5,8,8,6,1,1,1,11,52,12.0,12,4.221937139191789,-0.2012221977687013,-1.5587999999999997,22,11,MIL @ MTL
9095,9,S9,7,0,0,4,6,2,0,0,8,12,3,4,2,2,0,0,10,42,11.0,2,-5.12989095574086,0.6848558303577909,0.4756000000000001,15,8,SFG @ NYM
9096,9,S9,7,0,2,3,4,8,3,0,6,7,5,8,8,2,1,0,9,51,12.0,6,-1.7780628608082107,0.39059367200350326,-0.2191999999999999,26,14,COL @ SDP
9097,9,S9,7,3,1,2,5,3,0,0,11,6,1,6,7,2,0,0,11,45,11.0,6,-1.1298909557408596,0.29713202569948405,-0.04599999999999999,17,11,TOR @ LAD
9098,9,S9,7,5,2,2,4,8,0,0,16,16,6,3,6,1,4,4,13,68,17.333333333333332,7,-4.258703880253412,0.7327752715676713,-0.36939999999999984,28,17,BAL @ BOS
9099,9,S9,7,0,1,3,7,8,0,0,9,8,6,6,3,4,0,0,11,51,12.0,7,-0.7780628608082107,0.2865016068896056,-0.09180000000000006,20,12,DET @ FLA
9100,9,S9,7,4,1,5,4,2,0,0,5,5,6,10,9,0,0,1,14,51,12.0,11,3.2219371391917893,-0.10940632799649674,-0.35819999999999996,30,18,KCR @ HOU
9101,9,S9,7,5,2,5,3,4,0,1,5,9,10,7,6,3,0,0,15,57,14.0,8,-1.0744066709429125,0.34068837858646217,-0.4996000000000001,27,14,CWS @ NYY
9102,9,S9,7,1,0,0,5,4,0,0,8,9,2,4,5,3,0,2,6,38,11.0,1,-6.12989095574086,0.7766717001299954,0.7574,20,12,CLE @ MIN
9103,9,S9,7,1,2,3,4,5,1,0,5,12,1,8,5,2,0,2,10,47,12.0,3,-4.778062860808211,0.6783174766618101,0.6546,19,8,OAK @ CHC
9104,9,S9,7,2,0,1,6,1,0,0,8,10,7,5,4,0,1,2,9,44,12.0,3,-4.778062860808211,0.6701333464340147,0.5384000000000001,22,8,TEX @ TBR
9105,9,S9,7,2,1,4,6,8,1,0,5,7,8,5,5,2,6,1,13,51,11.0,9,1.8701090442591402,0.050328872180154596,-0.46440000000000015,18,10,ANA @ SEA
9106,9,S9,8,1,0,0,5,3,0,0,9,13,1,4,6,2,0,1,6,42,12.0,1,-6.778062860808211,0.8537650859784237,0.9498,19,8,MTL @ LAD
9107,9,S9,8,1,0,0,5,5,0,0,8,8,2,6,7,4,0,0,6,42,11.666666666666666,1,-6.6018020355407625,0.8320469383377812,0.6661999999999997,18,10,NYM @ ATL
9108,9,S9,8,2,2,2,5,3,0,0,9,7,6,7,5,2,1,0,11,48,12.0,6,-1.778062860808211,0.3783174766618101,0.13799999999999996,24,11,PHI @ SFG
9109,9,S9,8,1,2,3,6,5,0,0,8,14,5,6,3,0,0,0,12,53,12.0,10,2.2219371391917893,-0.005314262882598963,-0.34979999999999994,22,8,CHC @ PIT
9110,9,S9,8,3,1,1,11,3,0,0,10,8,7,4,1,1,0,2,16,49,11.0,7,-0.12989095574085985,0.2216844163828705,-0.3206,19,8,STL @ CIN
9111,9,S9,8,1,1,2,10,4,0,0,15,9,2,4,5,1,2,0,14,53,12.0,6,-1.7780628608082107,0.40286986734519653,0.01719999999999991,19,7,SDP @ FLA
9112,9,S9,8,2,2,3,3,7,0,0,3,10,3,11,4,2,0,0,10,48,11.0,7,-0.12989095574085968,0.2094082210411772,-0.18320000000000008,22,9,COL @ MIL
9113,9,S9,8,5,1,3,6,7,0,0,9,5,11,5,5,0,0,0,15,57,11.666666666666666,10,2.3981979644592366,-0.0065720849537528325,-0.6698,24,8,NYY @ ARI
9114,9,S9,8,1,2,3,3,6,0,0,9,6,7,6,6,0,0,0,9,50,12.0,4,-3.7780628608082107,0.5824095417757078,0.36519999999999997,24,12,BOS @ TBR
9115,9,S9,8,5,1,6,8,9,0,0,12,4,7,6,4,0,2,3,20,62,12.0,18,10.22193713919179,-0.7480253512880308,-0.5291999999999999,18,11,BAL @ TOR
9116,9,S9,8,1,1,11,4,4,0,0,11,7,4,5,3,1,0,1,17,52,11.0,9,1.8701090442591397,0.029868546610665896,-0.6327999999999999,15,8,KCR @ CLE
9117,9,S9,8,5,0,2,5,3,0,0,6,13,6,4,3,1,0,0,12,47,11.0,10,2.87010904425914,-0.09468384407272046,-0.6877999999999997,17,8,CWS @ MIN
9118,9,S9,8,1,0,4,9,6,0,0,11,7,2,4,7,1,1,1,14,51,11.0,5,-2.1298909557408603,0.4298685466106659,-0.10439999999999999,17,13,HOU @ DET
9119,9,S9,8,2,1,3,5,6,0,0,9,7,7,9,2,2,0,0,11,51,12.0,6,-1.7780628608082107,0.38650160688960555,0.10100000000000009,21,11,SEA @ TEX
9120,9,S9,8,2,0,2,7,2,1,0,8,3,6,9,3,3,1,0,11,43,11.0,3,-4.12989095574086,0.5930399605855863,0.3118,19,11,ANA @ OAK
9121,9,S9,9,1,1,3,6,10,0,0,10,8,7,6,6,1,3,1,11,59,13.666666666666666,7,-1.7150716325797413,0.42930726543353137,-0.23780000000000012,24,16,ATL @ BOS
9122,9,S9,9,3,0,0,4,3,0,0,5,12,3,5,8,0,0,0,7,43,11.0,4,-3.12989095574086,0.48894789547168854,0.23419999999999994,22,14,NYM @ TBR
9123,9,S9,9,2,1,5,6,3,0,0,8,5,10,7,5,0,2,1,14,52,12.0,5,-2.7780628608082107,0.5028698673451966,0.5412000000000001,28,12,PHI @ BAL
9124,9,S9,9,2,0,3,9,7,1,0,3,7,7,5,9,5,1,0,14,52,12.0,7,-0.7780628608082112,0.29468573711740104,0.056999999999999995,22,13,CHC @ MTL
9125,9,S9,9,2,0,4,3,8,0,0,15,6,2,6,4,3,0,0,9,50,12.0,4,-3.7780628608082107,0.5824095417757078,0.1675999999999999,18,8,PIT @ CIN
9126,9,S9,9,5,2,4,7,3,0,0,8,6,5,8,7,1,3,1,18,55,12.0,14,6.221937139191789,-0.38076187219921254,-0.5008000000000002,24,13,STL @ MIL
9127,9,S9,9,4,1,3,6,2,0,0,8,6,10,5,4,2,1,1,14,49,12.0,9,1.2219371391917895,0.08650160688960554,-0.6855999999999999,24,5,LAD @ FLA
9128,9,S9,9,1,0,3,5,3,0,0,9,13,5,2,3,1,0,0,9,44,11.0,3,-4.12989095574086,0.5930399605855863,-0.07340000000000013,19,3,ARI @ SFG
9129,9,S9,9,4,1,2,9,7,0,0,14,8,2,3,5,1,0,0,16,55,11.0,14,5.87010904425914,-0.36194732316153866,-0.8046000000000001,13,9,SDP @ COL
9130,9,S9,9,1,0,4,2,3,0,0,12,12,1,3,8,0,0,0,7,46,12.0,5,-2.7780628608082107,0.46604128132011685,0.069,18,10,DET @ NYY
9131,9,S9,9,0,1,3,3,3,0,0,7,11,3,5,7,2,0,1,7,43,12.0,3,-4.778062860808211,0.6578571510923215,0.6545999999999998,22,10,MIN @ KCR
9132,9,S9,9,5,2,3,6,6,0,2,9,14,4,5,2,2,1,0,16,56,12.0,11,3.2219371391917893,-0.08894600242700802,-0.29700000000000004,20,7,CLE @ CWS
9133,9,S9,9,3,2,3,7,3,0,0,10,6,4,7,5,4,0,0,15,50,12.0,7,-0.7780628608082107,0.28240954177570776,0.015000000000000005,16,9,OAK @ TOR
9134,9,S9,9,0,0,5,7,5,0,0,8,9,2,3,9,2,0,0,12,48,11.0,6,-1.1298909557408598,0.30940822104117727,-0.15179999999999996,19,12,SEA @ HOU
9135,9,S9,9,0,1,3,8,4,0,0,5,3,9,8,4,2,3,1,12,46,11.0,7,-0.12989095574085985,0.21759235126897264,-0.19539999999999974,23,7,ANA @ TEX
9136,9,S9,10,3,1,1,6,3,0,0,11,10,5,3,5,0,1,0,11,48,11.333333333333334,7,0.24649854270056115,0.17586133631093293,-0.7508000000000001,17,8,FLA @ PHI
9137,9,S9,10,5,0,6,5,7,0,0,8,17,6,2,6,1,0,0,16,63,14.0,14,4.9255933290570875,-0.2347592307301515,-1.1116000000000001,21,11,MTL @ NYM
9138,9,S9,10,2,2,4,5,3,0,0,8,5,5,7,8,2,0,1,13,49,12.0,5,-2.7780628608082107,0.48240954177570783,-0.0008000000000000984,24,15,ATL @ SDP
9139,9,S9,10,4,1,12,5,4,0,1,2,16,10,2,4,0,0,0,22,61,12.0,16,8.22193713919179,-0.5725777419714173,-0.4066000000000002,23,10,CHC @ DET
9140,9,S9,10,4,0,2,10,5,0,0,8,14,0,6,5,0,0,0,16,54,11.0,12,4.87010904425914,-0.26603938827543633,-0.48800000000000004,21,9,MIL @ PIT
9141,9,S9,10,5,1,2,5,2,0,0,8,8,2,8,5,1,0,1,13,46,11.0,7,-0.12989095574085985,0.2053161559272795,-0.09219999999999993,23,12,STL @ CLE
9142,9,S9,10,1,0,0,5,7,0,0,8,11,1,4,8,1,0,0,6,45,11.0,1,-6.12989095574086,0.797132025699484,0.7386,19,12,LAD @ CIN
9143,9,S9,10,4,1,3,11,3,0,0,9,14,5,9,10,1,0,0,19,69,16.0,9,-1.3707504810776143,0.41942754096670515,-0.17220000000000002,30,17,ARI @ COL
9144,9,S9,10,2,0,3,7,3,0,0,8,10,9,2,3,1,1,1,12,48,12.0,4,-3.7780628608082107,0.5824095417757078,0.23240000000000005,19,9,BOS @ TOR
9145,9,S9,10,3,1,5,11,3,0,0,9,9,3,7,3,2,3,0,20,54,11.0,11,3.87010904425914,-0.15376319293374321,-0.4173999999999998,19,9,TBR @ SFG
9146,9,S9,10,4,1,8,2,2,0,0,8,7,9,6,5,1,0,0,15,52,12.0,13,5.221937139191789,-0.30940632799649675,-1.1964000000000001,23,10,BAL @ NYY
9147,9,S9,10,1,0,3,1,3,0,0,9,5,2,8,7,2,1,0,5,39,11.0,1,-6.12989095574086,0.7766717001299953,0.7148,18,14,MIN @ ANA
9148,9,S9,10,3,0,2,4,1,0,0,9,11,3,3,6,0,0,1,9,42,11.0,5,-2.12989095574086,0.38894789547168857,-0.04380000000000014,23,10,OAK @ KCR
9149,9,S9,10,2,0,0,6,1,0,0,8,9,1,5,9,1,0,0,8,41,11.0,4,-3.1298909557408603,0.48076376524389314,0.233,21,12,HOU @ CWS
9150,9,S9,10,8,0,4,10,4,0,0,5,5,8,6,11,1,2,0,22,61,12.0,21,13.22193713919179,-1.0643936117436217,-1.2182000000000006,23,14,TEX @ SEA
9151,9,S9,11,3,1,3,5,0,0,0,4,17,3,4,4,1,0,0,12,44,11.0,5,-2.1298909557408603,0.3930399605855863,0.24500000000000005,21,9,FLA @ MTL
9152,9,S9,11,4,1,2,14,12,2,0,12,9,8,9,9,4,3,3,21,80,18.0,8,-3.667094291212316,0.7186270289164368,0.5513999999999999,33,17,ATL @ CHC
9153,9,S9,11,6,1,2,2,4,0,0,11,15,3,2,4,1,1,0,11,50,12.0,10,2.2219371391917893,-0.013498393110394455,-0.899,18,8,NYM @ ARI
9154,9,S9,11,5,1,3,4,6,0,0,3,5,6,6,10,3,1,0,13,49,11.0,10,2.8701090442591406,-0.08240764873102732,-0.6629999999999999,23,11,CIN @ MIL
9155,9,S9,11,0,0,2,5,3,0,0,17,5,0,4,6,1,0,0,7,42,11.0,3,-4.12989095574086,0.5848558303577909,0.4216,13,8,PIT @ LAD
9156,9,S9,11,0,1,2,6,4,0,0,7,8,2,4,8,1,1,1,9,43,11.0,3,-4.12989095574086,0.597132025699484,0.23399999999999999,20,13,SDP @ SFG
9157,9,S9,11,6,0,5,6,5,0,0,6,11,7,4,6,2,1,0,17,56,12.0,11,3.221937139191789,-0.08894600242700804,-0.23440000000000003,22,7,TOR @ MIN
9158,9,S9,11,2,3,5,4,5,0,0,6,9,7,6,6,1,1,1,14,53,12.0,8,0.22193713919178926,0.20286986734519644,-0.057999999999999996,25,11,NYY @ BOS
9159,9,S9,11,2,0,5,4,3,0,0,6,6,5,8,6,2,0,0,11,45,11.0,7,-0.12989095574085985,0.19713202569948407,0.007800000000000038,21,10,TBR @ HOU
9160,9,S9,11,5,1,7,6,2,0,0,8,10,5,7,8,3,1,0,19,59,13.666666666666666,13,4.44217273568885,-0.19869336673502094,-1.1997999999999998,25,15,BAL @ COL
9161,9,S9,11,8,0,4,2,5,0,0,13,12,3,2,6,0,0,0,14,55,12.0,12,4.221937139191789,-0.19713013265480347,-0.4358,16,9,DET @ SEA
9162,9,S9,11,3,0,7,6,2,0,0,11,11,7,1,4,1,1,1,16,52,12.0,7,-0.7780628608082107,0.29877780223129874,-0.17939999999999998,20,6,KCR @ CWS
9163,9,S9,11,5,0,3,6,4,0,0,14,8,4,5,3,1,1,1,14,52,12.0,11,3.2219371391917893,-0.10122219776870126,-0.15319999999999995,19,8,CLE @ PHI
9164,9,S9,11,6,1,9,5,7,0,0,12,6,1,6,8,3,0,0,21,61,12.0,19,11.22193713919179,-0.8725777419714172,-0.6661999999999998,17,9,OAK @ TEX
9165,9,S9,11,3,0,2,10,3,0,0,8,4,3,11,5,2,5,3,15,49,12.0,8,0.22193713919178903,0.211053997572992,-0.1727999999999999,22,14,ANA @ STL
9166,9,S9,12,5,0,4,7,9,0,0,5,11,8,3,7,2,0,0,16,59,12.0,13,5.221937139191789,-0.2807618721992125,-0.7969999999999997,25,14,NYM @ MTL
9167,9,S9,12,1,0,1,9,2,0,0,5,2,14,6,4,1,4,1,11,44,11.0,4,-3.12989095574086,0.513500286155075,0.20379999999999995,23,8,PHI @ FLA
9168,9,S9,12,4,0,4,6,5,0,0,9,16,6,5,3,2,0,1,14,58,14.0,8,-1.0744066709429125,0.34887250881425763,-0.42700000000000005,23,3,CHC @ SDP
9169,9,S9,12,8,4,6,11,8,0,0,6,15,11,5,8,3,2,0,29,82,16.0,23,12.629249518922386,-0.919191482324829,-0.7598000000000006,28,17,CIN @ STL
9170,9,S9,12,2,0,6,5,5,0,0,7,10,6,4,6,1,1,2,13,51,12.0,9,1.2219371391917888,0.09877780223129871,-0.3534,21,11,MIL @ SFG
9171,9,S9,12,2,0,3,7,6,0,0,6,10,5,5,4,1,0,2,12,48,11.0,5,-2.12989095574086,0.4175923512689727,-0.14779999999999988,20,11,LAD @ OAK
9172,9,S9,12,0,1,1,7,2,0,0,13,8,2,7,5,1,2,0,9,46,12.0,3,-4.778062860808211,0.6742254115479124,0.22219999999999995,18,10,COL @ ARI
9173,9,S9,12,2,0,6,7,5,0,0,3,15,1,6,4,1,4,1,15,50,11.0,10,2.87010904425914,-0.06194732316153864,-0.29660000000000003,22,10,TOR @ BAL
9174,9,S9,12,6,0,6,7,5,0,0,10,12,7,7,4,2,0,0,19,64,14.0,16,6.9255933290570875,-0.4306671656162538,-1.3390000000000004,24,11,NYY @ TBR
9175,9,S9,12,10,3,4,5,5,0,0,12,8,5,7,3,0,2,1,22,62,12.0,19,11.22193713919179,-0.8562094815158261,-1.0841999999999998,21,11,BOS @ CLE
9176,9,S9,12,4,1,1,7,8,0,1,11,6,7,4,6,1,0,0,13,55,11.666666666666666,9,1.398197964459237,0.08524378481845175,-0.6998,19,12,DET @ KCR
9177,9,S9,12,6,0,4,8,8,0,0,10,6,6,6,5,0,1,3,18,59,12.0,16,8.22193713919179,-0.5643936117436217,-0.9959999999999999,21,10,MIN @ ATL
9178,9,S9,12,1,1,3,4,5,0,0,10,11,4,3,6,0,3,0,9,48,11.333333333333334,5,-1.3682267952344402,0.34551800033222846,-0.10900000000000007,22,8,SEA @ PIT
9179,9,S9,12,1,2,2,5,0,0,0,5,6,4,7,9,2,1,0,10,41,11.0,3,-4.12989095574086,0.5848558303577909,0.4872,20,13,TEX @ HOU
9180,9,S9,12,2,2,5,10,4,0,0,10,9,4,3,3,1,4,1,19,53,11.0,14,6.87010904425914,-0.44967112781984536,-0.6346000000000003,15,8,ANA @ CWS
9181,9,S9,13,1,0,5,12,6,0,0,9,8,8,3,5,2,1,1,18,57,12.0,7,-0.7780628608082109,0.3192381278007874,-0.0928,21,9,FLA @ ATL
9182,9,S9,13,1,0,2,7,6,0,0,8,14,3,4,3,1,1,0,10,48,11.0,5,-2.12989095574086,0.41350028615507495,0.32000000000000006,19,9,PHI @ NYM
9183,9,S9,13,3,0,4,3,7,0,0,8,10,2,5,5,3,1,0,10,47,11.0,7,-0.12989095574085985,0.2094082210411772,0.03540000000000001,18,9,PIT @ MIL
9184,9,S9,13,2,1,6,9,6,0,0,12,14,3,6,7,3,0,0,18,66,15.0,10,0.27742142398973657,0.24233415511827683,-0.32799999999999985,25,13,STL @ SDP
9185,9,S9,13,1,0,3,11,1,0,0,13,3,3,5,8,1,0,0,15,48,11.0,6,-1.1298909557408598,0.30940822104117727,0.027600000000000048,19,10,LAD @ COL
9186,9,S9,13,6,1,3,14,9,0,0,9,13,9,7,7,2,0,1,24,78,16.0,19,8.629249518922386,-0.5396518078943175,-1.0234000000000003,31,20,ARI @ CHC
9187,9,S9,13,2,5,0,6,3,0,0,8,5,1,7,9,2,0,1,13,46,11.0,8,0.8701090442591402,0.10531615592727953,-0.0040000000000000365,21,15,SFG @ CIN
9188,9,S9,13,3,0,2,5,4,0,0,9,9,8,4,2,1,1,1,10,47,12.0,4,-3.7780628608082107,0.5783174766618101,0.3076,19,6,TOR @ HOU
9189,9,S9,13,1,3,6,7,3,0,0,15,13,10,7,7,2,3,0,17,72,18.0,5,-6.667094291212316,0.9736143126635617,0.6627999999999997,26,16,BOS @ NYY
9190,9,S9,13,3,1,4,12,6,0,0,12,13,4,2,1,1,2,3,20,58,12.0,9,1.2219371391917893,0.1356063882563784,-0.16660000000000003,17,5,BAL @ TBR
9191,9,S9,13,2,1,6,6,5,0,0,9,9,3,6,4,2,1,0,15,51,11.0,9,1.87010904425914,0.025776481496768193,-0.23760000000000012,18,11,DET @ CLE
9192,9,S9,13,0,3,3,11,4,0,0,11,8,3,4,4,3,0,0,17,51,11.0,5,-2.12989095574086,0.42168441638287046,-0.017199999999999944,17,8,KCR @ MTL
9193,9,S9,13,2,1,5,9,4,0,0,9,12,0,11,3,1,0,0,17,56,12.0,11,3.2219371391917893,-0.09303806754090577,-0.4362,22,9,MIN @ OAK
9194,9,S9,13,1,2,4,3,6,0,0,9,6,2,4,9,3,0,0,10,46,11.0,6,-1.1298909557408598,0.30122409081338175,-0.33140000000000003,18,14,CWS @ TEX
9195,9,S9,13,1,1,4,9,7,0,1,6,1,8,7,10,3,1,1,15,54,12.0,10,2.2219371391917893,0.0069619324590941625,-0.08539999999999996,26,13,SEA @ ANA
9196,9,S9,14,3,1,1,8,5,0,0,7,14,2,3,7,2,0,1,13,51,12.0,8,0.2219371391917897,0.1905936720035032,-0.40200000000000014,18,12,MTL @ FLA
9197,9,S9,14,2,1,6,6,7,0,1,5,12,8,6,4,1,2,0,15,57,12.0,8,0.22193713919178926,0.21923812780078733,0.04279999999999999,25,10,ATL @ NYM
9198,9,S9,14,0,0,6,2,7,0,0,7,12,8,2,4,0,0,0,8,48,11.0,6,-1.1298909557408603,0.30940822104117727,0.0826,20,10,CHC @ CIN
9199,9,S9,14,3,1,5,5,3,0,0,9,6,2,6,7,2,1,1,14,47,11.0,7,-0.12989095574085985,0.213500286155075,-0.10540000000000001,20,14,MIL @ PHI
9200,9,S9,14,4,0,5,6,7,0,0,8,10,2,4,9,3,0,0,15,55,12.0,11,3.2219371391917893,-0.09713013265480361,-0.6196000000000003,18,13,ARI @ LAD
9201,9,S9,14,2,1,3,4,8,0,0,13,8,5,2,7,1,1,0,10,53,12.0,5,-2.7780628608082107,0.49877780223129875,0.4016,20,11,SDP @ PIT
9202,9,S9,14,5,2,2,9,2,0,0,14,6,5,4,4,1,0,2,18,53,12.0,12,4.221937139191789,-0.19713013265480356,-1.1821999999999997,19,9,SFG @ STL
9203,9,S9,14,2,2,2,7,5,0,0,8,6,5,4,6,2,1,0,13,48,11.0,6,-1.12989095574086,0.31350028615507497,-0.04780000000000002,18,12,COL @ ANA
9204,9,S9,14,1,0,4,3,7,0,0,8,9,7,4,3,2,0,0,8,46,11.0,2,-5.12989095574086,0.7012240908133818,0.5604000000000001,16,7,NYY @ TOR
9205,9,S9,14,1,1,3,11,2,0,0,8,6,7,7,3,2,0,0,16,49,11.0,12,4.87010904425914,-0.28649971384492506,-0.12920000000000004,17,7,TBR @ BOS
9206,9,S9,14,2,1,4,6,6,0,0,10,6,6,3,7,4,1,0,13,51,12.0,7,-0.7780628608082107,0.2905936720035032,-0.3021999999999999,17,10,KCR @ DET
9207,9,S9,14,7,2,4,2,8,0,1,10,9,7,4,2,0,3,1,15,55,11.0,18,10.870109044259141,-0.8455790627059477,-0.4873999999999999,18,6,CWS @ BAL
9208,9,S9,14,3,1,1,9,11,0,0,9,18,1,3,7,2,4,0,14,63,13.333333333333334,12,3.333983740015991,-0.05923001137045095,-0.18399999999999972,22,10,HOU @ OAK
9209,9,S9,14,2,0,1,6,2,0,0,9,12,3,3,4,2,1,0,9,42,11.0,4,-3.12989095574086,0.4889478954716886,0.274,18,8,SEA @ MIN
9210,9,S9,14,2,0,4,3,8,0,0,10,8,5,6,5,1,5,0,9,52,12.0,8,0.22193713919178948,0.21105399757299192,-0.12999999999999998,20,9,TEX @ CLE
9211,9,S9,15,3,1,5,11,4,0,0,3,6,6,10,6,2,2,0,20,55,11.0,15,7.87010904425914,-0.5537631929337431,-0.8426000000000001,24,13,ATL @ FLA
9212,9,S9,15,1,1,4,8,6,0,0,7,10,4,6,7,1,0,1,14,54,12.0,8,0.22193713919178926,0.20286986734519646,0.033599999999999984,23,11,PIT @ CHC
9213,9,S9,15,2,0,3,5,5,0,0,10,5,12,3,3,1,0,2,10,48,12.0,5,-2.7780628608082107,0.48240954177570783,-0.08639999999999995,22,11,MIL @ CIN
9214,9,S9,15,3,1,6,5,3,0,0,6,14,3,6,6,1,0,0,15,53,12.0,7,-0.7780628608082107,0.294685737117401,0.06120000000000003,22,13,STL @ NYM
9215,9,S9,15,6,2,5,10,3,0,0,9,8,6,4,7,2,0,0,23,60,12.0,16,8.22193713919179,-0.5766698070853149,-0.7148000000000003,22,12,ARI @ MTL
9216,9,S9,15,1,0,4,6,4,0,0,8,4,3,8,7,3,1,0,11,45,11.0,3,-4.12989095574086,0.6012240908133818,0.44240000000000007,21,13,SDP @ LAD
9217,9,S9,15,2,3,4,5,9,1,0,6,9,5,11,3,1,0,1,14,57,12.0,10,2.2219371391917897,0.015146062686889616,0.06180000000000005,21,12,SFG @ TEX
9218,9,S9,15,1,0,3,6,6,0,0,10,9,4,6,5,2,0,0,10,50,12.0,8,0.22193713919178926,0.18240954177570784,-0.20479999999999993,20,10,COL @ PHI
9219,9,S9,15,3,0,6,5,6,0,0,9,9,3,5,6,1,1,0,14,52,11.0,8,0.8701090442591402,0.12986854661066588,-0.1728,20,10,TOR @ BOS
9220,9,S9,15,3,0,4,7,2,0,0,10,10,2,4,7,2,1,1,14,49,12.0,4,-3.7780628608082107,0.5865016068896055,0.3002000000000001,20,14,MIN @ DET
9221,9,S9,15,9,2,5,12,3,0,0,8,6,4,5,6,3,0,1,28,60,11.0,18,10.87010904425914,-0.8373949324781522,-0.7366000000000003,19,10,CWS @ KCR
9222,9,S9,15,2,0,1,6,5,0,0,4,13,1,5,8,1,1,1,9,45,11.0,2,-5.12989095574086,0.7053161559272795,0.4088,21,9,CLE @ TBR
9223,9,S9,15,5,0,2,3,8,0,0,9,10,2,8,5,0,0,1,10,52,11.666666666666666,9,1.7385165458235516,0.04302779645422482,-0.9608,20,14,OAK @ SEA
9224,9,S9,15,3,2,1,9,5,0,1,6,8,3,7,6,3,0,0,15,50,11.0,8,0.8701090442591402,0.11759235126897274,0.09820000000000002,23,8,HOU @ NYY
9225,9,S9,15,4,0,3,3,5,0,0,7,11,2,6,6,0,3,1,10,47,11.0,7,-0.12989095574085985,0.2216844163828704,-0.32760000000000006,20,11,ANA @ BAL
9226,9,S9,16,6,3,3,7,3,0,0,9,4,9,5,3,0,0,1,19,53,11.0,14,6.87010904425914,-0.4660393882754364,-1.1226000000000003,20,7,FLA @ CHC
9227,9,S9,16,8,0,0,5,9,0,0,6,13,6,4,5,2,0,0,13,56,12.0,11,3.2219371391917893,-0.0930380675409058,-0.45699999999999974,21,10,MTL @ CIN
9228,9,S9,16,3,0,1,10,10,0,0,10,13,1,3,4,2,1,1,14,56,12.0,5,-2.7780628608082107,0.5151460626868898,0.10360000000000001,16,6,NYM @ MIL
9229,9,S9,16,3,1,4,7,4,0,0,10,5,3,8,5,2,1,2,15,50,11.666666666666666,9,1.398197964459237,0.07705965459065625,-1.0233999999999999,20,12,PHI @ ATL
9230,9,S9,16,2,0,3,10,3,0,1,8,5,2,7,7,4,3,0,15,47,11.0,7,-0.12989095574085963,0.21759235126897264,-0.022600000000000092,18,14,STL @ PIT
9231,9,S9,16,0,2,2,10,1,0,0,11,15,3,7,4,2,0,0,14,55,14.0,4,-5.0744066709429125,0.7325042483586667,0.5298,23,10,LAD @ ARI
9232,9,S9,16,5,0,5,7,3,0,0,13,7,8,4,4,0,0,0,17,56,12.0,14,6.221937139191789,-0.39303806754090576,-0.2104,21,11,SDP @ SEA
9233,9,S9,16,1,1,2,6,3,0,0,11,8,6,4,5,2,0,0,10,47,12.0,3,-4.778062860808211,0.6701333464340147,0.4158,21,7,COL @ SFG
9234,9,S9,16,1,0,3,4,2,0,0,13,8,10,2,6,2,0,0,8,49,13.666666666666666,1,-7.898145845675465,0.9903257751485355,0.9747999999999994,21,12,TOR @ DET
9235,9,S9,16,2,2,3,7,4,0,0,9,4,12,4,4,0,0,0,14,51,11.0,9,1.8701090442591402,0.021684416382870386,-0.1604,18,9,NYY @ KCR
9236,9,S9,16,3,0,6,7,10,2,0,5,12,10,8,9,3,4,5,16,70,17.333333333333332,5,-6.258703880253412,0.9491435320232622,0.8884000000000001,36,20,BOS @ BAL
9237,9,S9,16,2,0,4,9,6,0,0,12,5,2,6,7,4,0,0,15,53,12.0,7,-0.7780628608082109,0.29468573711740087,0.17799999999999996,15,10,TBR @ CWS
9238,9,S9,16,2,0,4,2,2,0,0,10,11,7,4,3,0,0,1,8,45,12.0,5,-2.7780628608082107,0.46604128132011685,0.3374,22,9,MIN @ CLE
9239,9,S9,16,1,0,1,7,8,0,0,5,10,3,8,12,4,2,0,9,55,14.0,3,-6.0744066709429125,0.8406883785864622,0.8779999999999997,25,18,OAK @ HOU
9240,9,S9,16,5,0,7,7,10,0,0,15,5,7,5,13,1,3,1,19,74,15.666666666666666,16,6.40085445719399,-0.3209043668353758,-1.4328,29,19,TEX @ ANA
10001,10,S10,1,3,0,2,10,7,0,0,10,5,5,6,7,1,2,2,15,55,12.0,8,0.7814910025706946,0.15618905128315486,-0.4816000000000001,19,13,TEX @ ANA
10002,10,S10,1,1,0,0,2,6,0,0,11,3,5,7,6,3,1,1,3,41,12.0,1,-6.218508997429305,0.7926397220519076,0.8853999999999997,19,10,SFG @ ARI
10003,10,S10,1,4,1,4,7,11,0,0,8,10,3,5,4,2,0,1,16,57,11.0,15,8.383033419023137,-0.6079370234390423,-0.9567999999999999,15,9,LAD @ ATL
10004,10,S10,1,3,0,2,2,3,2,0,7,12,2,6,8,1,3,0,7,45,12.0,3,-4.218508997429305,0.6124988874366724,0.5815999999999999,23,15,TOR @ BAL
10005,10,S10,1,0,1,1,5,3,0,0,8,7,3,6,9,2,0,1,7,43,12.0,1,-6.218508997429305,0.7966115551288605,0.9658,21,12,BOS @ CHC
10006,10,S10,1,2,0,4,3,5,0,0,8,7,7,4,4,1,0,2,9,44,11.0,6,-0.6169665809768632,0.24440097963752222,-0.15219999999999997,22,8,CLE @ CWS
10007,10,S10,1,0,0,5,8,6,0,0,12,11,3,14,9,3,6,2,13,68,18.0,3,-7.827763496143958,1.0806638303858676,1.379399999999999,34,19,SDP @ COL
10008,10,S10,1,5,2,3,7,5,0,0,11,10,5,2,3,0,1,0,17,54,11.0,14,7.383033419023137,-0.5198525226699011,-0.5015999999999997,15,8,HOU @ KCR
10009,10,S10,1,1,1,2,1,7,0,0,6,16,2,4,6,1,4,0,5,46,11.666666666666666,3,-3.7465618027098335,0.5732478341186311,0.3180000000000001,24,12,NYM @ FLA
10010,10,S10,1,6,1,4,8,5,0,0,8,16,3,4,5,0,1,0,19,60,12.0,16,8.781491002570695,-0.6358672825629391,-0.4206000000000001,25,8,PIT @ MIL
10011,10,S10,1,2,0,3,4,2,0,0,9,8,6,5,5,0,2,0,9,44,11.0,3,-3.616966580976863,0.5444009796375222,0.1606,20,11,DET @ MIN
10012,10,S10,1,2,0,3,3,5,0,0,10,9,2,3,7,2,0,0,8,44,11.0,6,-0.6169665809768632,0.23645731348361632,-0.16759999999999997,17,9,MTL @ PHI
10013,10,S10,1,4,0,0,6,6,0,0,8,9,5,11,5,1,4,1,10,55,14.0,7,-1.421593830334189,0.38046936765059625,0.18400000000000005,25,9,OAK @ SEA
10014,10,S10,1,4,2,0,6,5,0,0,6,13,7,1,5,1,1,0,12,49,11.0,7,0.38303341902313703,0.16028831194533405,0.17200000000000004,19,9,CIN @ STL
10015,10,S10,1,3,0,5,6,5,0,0,4,6,5,10,7,2,0,0,14,52,12.0,7,-0.2185089974293054,0.22838621974448423,-0.07100000000000004,26,17,NYY @ TBR
10016,10,S10,2,5,1,7,6,2,0,0,9,13,12,4,7,1,1,0,19,67,16.0,11,1.3753213367609263,0.13255251555670833,-0.8193999999999999,30,17,DET @ ARI
10017,10,S10,2,3,0,3,3,4,0,0,13,2,7,3,7,0,5,2,9,45,11.333333333333334,7,0.15480181338150523,0.1910551386634031,-0.5855999999999998,20,10,FLA @ ATL
10018,10,S10,2,0,0,3,6,7,0,0,6,10,3,6,5,1,2,2,9,47,11.666666666666666,1,-5.854205818945197,0.7879840688191205,0.6662000000000001,18,10,MIN @ BAL
10019,10,S10,2,2,1,2,11,1,0,0,10,8,3,7,2,2,3,1,16,47,11.0,7,0.3830334190231368,0.16426014502228706,-0.23340000000000008,16,10,TBR @ BOS
10020,10,S10,2,1,0,4,5,2,0,0,6,5,7,5,7,3,0,0,10,42,11.0,4,-2.6169665809768627,0.4285136473297104,0.21059999999999998,21,9,KCR @ CWS
10021,10,S10,2,5,1,3,4,7,0,0,10,13,8,2,2,1,1,0,13,55,12.0,12,4.781491002570695,-0.255726447947704,-0.24399999999999997,21,5,CHC @ CIN
10022,10,S10,2,1,1,5,8,2,0,0,8,6,7,6,3,0,2,1,15,48,11.0,9,2.383033419023137,-0.03573985497771298,-0.3667999999999998,20,8,SEA @ CLE
10023,10,S10,2,3,1,2,3,10,0,0,12,5,2,6,11,0,1,0,9,55,12.0,7,-0.2185089974293053,0.244273552052296,0.0003999999999999976,20,13,MIL @ MTL
10024,10,S10,2,3,0,2,8,3,0,0,6,9,10,4,5,2,0,0,13,50,12.0,6,-1.218508997429305,0.32044255359057816,0.1420000000000001,24,12,HOU @ OAK
10025,10,S10,2,0,3,4,5,3,0,0,6,6,3,9,7,2,0,0,12,46,11.0,6,-0.6169665809768634,0.24440097963752225,-0.13000000000000006,23,13,COL @ PHI
10026,10,S10,2,9,2,6,6,6,0,0,12,11,5,5,1,0,1,1,23,64,12.0,19,12.334455347512652,-0.9713045516723702,-0.8493999999999998,19,9,PIT @ SDP
10027,10,S10,2,2,2,2,9,4,0,0,6,8,2,5,8,3,0,1,15,48,11.0,7,0.38303341902313703,0.15631647886838118,-0.0934,19,13,LAD @ SFG
10028,10,S10,2,3,1,4,8,6,0,0,8,12,6,4,10,2,4,0,16,62,14.0,9,0.5784061696658105,0.20430036611231395,0.07099999999999998,24,16,NYM @ STL
10029,10,S10,2,0,0,6,7,3,0,0,10,4,8,6,2,1,0,0,13,47,11.0,5,-1.6169665809768632,0.3483728127144752,0.04940000000000003,16,8,NYY @ TEX
10030,10,S10,2,6,0,3,12,2,0,0,8,10,6,3,6,0,4,1,21,56,12.0,10,2.7814910025706947,-0.03586728256293921,-0.5334000000000003,20,10,ANA @ TOR
10031,10,S10,3,2,0,4,4,9,1,0,7,5,11,4,10,2,2,2,10,57,14.0,6,-2.4215938303341895,0.48444120072754926,-0.047600000000000094,26,13,CWS @ ANA
10032,10,S10,3,0,1,4,4,5,0,0,8,9,5,10,2,1,2,1,9,48,12.0,2,-5.218508997429305,0.7244143866675312,0.5485999999999999,25,7,CLE @ BOS
10033,10,S10,3,1,2,2,2,6,0,0,7,15,1,3,9,1,0,0,7,48,12.0,4,-3.2185089974293053,0.5124988874366723,0.3673999999999998,22,12,MIL @ CHC
10034,10,S10,3,1,0,3,2,4,0,0,9,12,8,8,3,1,0,1,6,50,14.0,3,-5.4215938303341895,0.7447228699580196,0.6436000000000001,26,13,TOR @ DET
10035,10,S10,3,1,4,4,6,2,0,0,10,5,1,6,7,3,0,1,15,46,11.0,9,2.3830334190231373,-0.05162718728552483,-0.1626000000000001,20,9,NYY @ KCR
10036,10,S10,3,3,1,5,7,7,0,0,15,7,6,3,4,1,2,0,16,58,12.0,13,5.781491002570695,-0.3398391156398921,-0.7692,17,8,COL @ LAD
10037,10,S10,3,2,0,8,6,1,0,0,10,9,2,4,7,0,3,1,16,49,11.0,9,2.3830334190231364,-0.027796188823807064,-0.10999999999999996,18,11,HOU @ FLA
10038,10,S10,3,1,0,3,6,5,0,0,6,13,7,3,5,1,2,1,10,49,12.0,5,-2.218508997429305,0.4283862197444842,0.09039999999999998,25,10,TEX @ MIN
10039,10,S10,3,3,1,4,6,4,0,0,8,8,3,11,3,1,2,0,14,52,12.0,7,-0.2185089974293053,0.23632988589839013,0.11239999999999997,22,11,ATL @ MTL
10040,10,S10,3,1,0,3,1,5,0,0,5,10,5,10,5,0,0,0,5,45,11.666666666666666,5,-1.5674673307626388,0.3354792215391468,0.1412000000000001,26,18,PHI @ NYM
10041,10,S10,3,2,0,3,5,6,0,0,6,3,3,13,5,2,3,4,10,46,12.0,4,-3.2185089974293053,0.5283862197444842,0.23680000000000012,25,10,BAL @ OAK
10042,10,S10,3,6,0,4,4,6,0,0,6,11,3,5,6,1,1,1,14,51,11.0,11,4.383033419023137,-0.2277961888238071,-1.3359999999999999,24,11,STL @ PIT
10043,10,S10,3,4,0,2,1,3,0,0,11,5,7,4,6,1,0,0,7,43,11.333333333333334,5,-1.8451981866184946,0.3553086409708265,-0.045799999999999896,21,11,ARI @ SDP
10044,10,S10,3,1,0,2,8,2,0,0,7,10,3,7,7,1,2,1,11,47,12.0,4,-3.2185089974293053,0.5204425535905783,0.3612,23,16,CIN @ SFG
10045,10,S10,3,6,1,2,7,1,0,0,8,7,4,6,8,1,2,2,16,50,12.0,11,3.7814910025706947,-0.1636701141016099,-0.7336,26,15,SEA @ TBR
10046,10,S10,4,4,1,2,8,5,0,0,7,13,2,4,6,2,0,0,15,52,11.333333333333334,9,2.1548018133815057,-0.008944861336596832,-1.3356,19,8,CHC @ ARI
10047,10,S10,4,1,0,5,5,10,0,0,8,10,3,8,4,3,0,0,11,54,12.0,5,-2.2185089974293053,0.4363298858983901,0.15340000000000004,21,14,TBR @ BAL
10048,10,S10,4,4,0,4,7,11,1,0,9,15,2,10,4,2,1,0,15,66,14.0,9,0.5784061696658104,0.20827219918926698,-0.38759999999999994,23,14,PHI @ CIN
10049,10,S10,4,0,1,6,8,4,0,0,13,7,5,5,2,0,1,1,15,51,11.0,8,1.3830334190231368,0.07220381117619294,-0.23200000000000007,16,7,CWS @ DET
10050,10,S10,4,1,0,3,9,2,0,0,11,13,5,5,4,1,0,0,13,53,13.0,5,-0.9868112216385372,0.3091882752423603,-0.15020000000000003,21,10,SEA @ HOU
10051,10,S10,4,3,0,2,6,6,0,0,8,8,4,6,6,3,0,1,11,49,12.0,7,-0.2185089974293053,0.22044255359057824,-0.34459999999999996,18,10,MTL @ LAD
10052,10,S10,4,4,1,3,4,3,0,0,10,9,0,8,5,0,0,1,12,47,11.0,6,-0.616966580976863,0.2523446457914281,0.014400000000000072,19,8,ATL @ MIL
10053,10,S10,4,5,1,4,4,2,0,0,10,12,3,3,2,1,1,0,14,47,11.0,10,3.383033419023137,-0.14765535420857182,0.06800000000000006,16,6,CLE @ MIN
10054,10,S10,4,0,3,10,7,7,3,0,5,11,5,5,8,4,1,0,20,63,14.0,7,-0.770552163667523,0.3312525332917414,-0.1474,25,18,ANA @ NYM
10055,10,S10,4,3,1,3,4,5,0,0,5,13,2,3,7,1,0,2,11,46,11.0,7,0.38303341902313676,0.15234464579142817,-0.16659999999999997,19,9,BOS @ NYY
10056,10,S10,4,3,0,3,5,4,0,0,9,8,7,8,0,1,2,0,11,47,11.0,9,2.383033419023137,-0.0436835211316189,-0.4848000000000001,16,8,TEX @ OAK
10057,10,S10,4,1,2,7,10,2,0,0,8,10,0,4,8,1,4,2,20,52,11.0,11,4.383033419023137,-0.20793702343904227,-0.7417999999999997,19,13,FLA @ PIT
10058,10,S10,4,1,1,5,6,2,1,0,11,5,5,7,10,0,0,2,13,53,13.333333333333334,6,-0.9946275381993583,0.31791357305234835,0.04920000000000008,27,19,COL @ SFG
10059,10,S10,4,1,2,5,10,8,0,1,9,6,9,2,5,1,1,1,18,57,11.0,16,9.383033419023137,-0.7039651903620894,-0.20440000000000014,14,6,SDP @ STL
10060,10,S10,4,5,1,5,10,7,0,0,6,11,7,12,3,2,1,1,21,67,14.0,13,4.5784061696658105,-0.18378413465682716,-0.9499999999999998,23,12,KCR @ TOR
10061,10,S10,5,1,0,3,3,5,0,0,15,5,5,7,9,0,1,1,7,53,14.0,3,-5.4215938303341895,0.7606102022658314,0.8382,23,12,OAK @ ATL
10062,10,S10,5,6,0,6,6,5,0,0,12,22,12,5,8,1,1,0,18,82,20.0,11,-1.0308483290488417,0.4327469782919795,-1.109,29,13,NYY @ BAL
10063,10,S10,5,3,0,2,4,6,0,0,11,11,2,6,3,0,1,0,9,48,11.0,8,1.383033419023137,0.05631647886838104,-0.054599999999999975,20,9,TOR @ BOS
10064,10,S10,5,0,0,2,3,4,0,0,5,13,13,2,3,0,2,0,5,45,12.0,1,-6.218508997429305,0.8085270543597194,0.8116000000000003,23,7,STL @ CHC
10065,10,S10,5,2,0,3,6,5,0,0,8,5,9,8,3,3,0,0,11,49,12.0,3,-4.218508997429305,0.6164707205136253,0.5980000000000001,21,10,TBR @ CWS
10066,10,S10,5,4,1,4,3,1,0,0,9,2,12,4,5,0,0,1,12,45,11.0,9,2.3830334190231373,-0.0555990203624778,-0.623,21,9,DET @ CLE
10067,10,S10,5,5,1,3,8,9,1,1,10,7,2,6,0,1,0,0,17,52,9.333333333333334,15,9.626085269437842,-0.7560732069422306,-1.4140000000000001,13,6,MTL @ COL
10068,10,S10,5,2,0,6,7,4,0,0,11,10,1,5,6,1,1,1,15,52,11.666666666666666,9,2.2534381972901665,-0.010864833573557095,-1.0917999999999999,15,10,TEX @ HOU
10069,10,S10,5,1,0,2,7,11,0,0,8,8,4,6,6,3,1,1,10,53,12.0,10,2.781491002570695,-0.059698281024656866,-0.6172000000000002,20,11,MIN @ KCR
10070,10,S10,5,3,3,5,7,8,0,0,7,14,3,3,3,1,0,2,18,56,11.0,10,3.383033419023137,-0.10793702343904227,-0.36559999999999987,17,8,SDP @ LAD
10071,10,S10,5,0,2,5,8,3,0,0,6,9,10,4,6,1,2,0,15,53,12.0,7,-0.21850899742930546,0.24030171897534308,0.051199999999999954,26,10,MIL @ FLA
10072,10,S10,5,1,0,5,5,8,0,0,11,16,4,2,2,1,0,0,11,54,12.0,9,1.7814910025706947,0.03632988589839004,0.031,18,5,SFG @ NYM
10073,10,S10,5,2,0,1,9,5,0,0,9,15,3,3,1,2,2,0,12,48,11.0,7,0.38303341902313676,0.1602883119453341,0.0374,11,3,ARI @ PHI
10074,10,S10,5,3,0,6,4,5,0,0,11,9,5,4,6,1,2,0,13,53,12.0,7,-0.2185089974293053,0.240301718975343,0.048000000000000015,21,12,CIN @ PIT
10075,10,S10,5,1,1,4,5,4,0,0,8,11,6,6,4,0,0,1,11,50,12.0,2,-5.218508997429305,0.7244143866675312,0.5476000000000001,25,11,ANA @ SEA
10076,10,S10,6,4,2,4,4,3,0,0,7,13,4,8,3,0,1,1,14,52,12.0,10,2.7814910025706947,-0.06367011410160994,-0.3481999999999999,25,8,NYM @ ATL
10077,10,S10,6,2,0,4,4,4,0,0,11,8,3,5,6,1,3,2,10,47,12.0,7,-0.21850899742930507,0.2283862197444842,-0.09739999999999992,20,10,BAL @ BOS
10078,10,S10,6,3,1,4,4,2,0,0,10,9,4,6,7,0,1,0,12,50,12.0,7,-0.2185089974293053,0.2244143866675312,-0.4456,21,13,PIT @ CHC
10079,10,S10,6,3,1,5,5,6,0,0,5,3,10,6,7,4,2,1,14,51,12.0,9,1.781491002570695,0.036329885898390146,-0.11020000000000016,24,13,MIL @ CIN
10080,10,S10,6,6,2,1,5,1,0,0,10,10,3,3,8,1,1,1,14,49,12.0,11,3.781491002570695,-0.1755856133324688,-0.5075999999999999,21,9,ARI @ COL
10081,10,S10,6,2,1,2,6,3,0,0,8,9,9,1,4,0,1,1,11,46,12.0,6,-1.2185089974293053,0.3124988874366723,-0.035400000000000015,20,7,DET @ HOU
10082,10,S10,6,1,2,3,7,2,0,0,6,8,6,6,4,1,1,0,13,46,11.0,4,-2.616966580976863,0.44837281271447516,0.3296,20,11,CLE @ KCR
10083,10,S10,6,3,0,1,8,4,0,0,5,9,3,7,6,3,2,0,12,46,11.0,9,2.383033419023137,-0.047655354208571796,0.011799999999999953,22,10,MTL @ FLA
10084,10,S10,6,1,0,3,6,6,0,0,7,10,4,4,6,2,1,0,10,47,11.0,5,-1.616966580976863,0.3523446457914281,0.07359999999999997,21,9,OAK @ MIN
10085,10,S10,6,3,2,3,4,4,1,0,7,5,6,8,8,2,0,0,12,50,12.0,7,-0.2185089974293054,0.22044255359057827,-0.35900000000000015,25,14,CWS @ NYY
10086,10,S10,6,5,2,2,5,5,0,0,8,9,4,4,8,0,1,0,14,52,11.0,13,6.383033419023137,-0.42779618882380704,-0.295,16,11,SEA @ PHI
10087,10,S10,6,2,3,1,4,2,0,0,15,4,3,7,4,2,1,1,10,45,12.0,6,-1.218508997429305,0.3085270543597194,0.34979999999999994,17,11,SFG @ SDP
10088,10,S10,6,3,1,2,6,5,0,0,9,8,5,5,7,0,3,2,12,51,12.0,5,-2.2185089974293053,0.444273552052296,0.31540000000000007,23,15,LAD @ STL
10089,10,S10,6,2,0,1,5,2,0,0,10,7,4,4,9,1,1,1,8,44,12.0,5,-2.2185089974293053,0.40455522128276644,0.17319999999999997,22,15,ANA @ TEX
10090,10,S10,6,2,1,4,4,6,0,0,11,7,6,6,5,1,6,0,11,52,12.0,8,0.7814910025706947,0.1522172182062019,0.049800000000000025,20,9,TBR @ TOR
10091,10,S10,7,2,0,3,7,6,0,0,3,18,9,4,3,1,1,2,12,55,13.333333333333334,3,-5.048283019523378,0.7351946204156092,0.6795999999999998,29,11,OAK @ ANA
10092,10,S10,7,2,4,6,3,9,0,0,10,12,5,9,10,2,2,0,15,70,16.0,10,0.37532133676092605,0.2484398478645201,-0.8827999999999998,25,16,LAD @ ARI
10093,10,S10,7,2,1,2,8,10,0,0,5,11,2,5,6,4,0,0,13,52,11.0,6,-0.6169665809768633,0.26823197809924004,0.07740000000000008,20,12,NYM @ CHC
10094,10,S10,7,0,1,3,7,4,0,0,5,5,8,7,7,1,0,0,11,47,11.0,3,-3.6169665809768636,0.5483728127144751,0.5124000000000002,18,13,MIN @ CWS
10095,10,S10,7,3,0,3,9,4,0,0,5,13,2,5,9,2,0,0,15,53,12.0,8,0.7814910025706947,0.1323580528214372,-0.19120000000000004,25,12,COL @ CIN
10096,10,S10,7,5,1,1,5,3,0,0,9,6,6,5,7,1,2,2,12,48,12.0,9,1.7814910025706947,0.0283862197444842,-0.4609999999999997,23,16,BAL @ CLE
10097,10,S10,7,1,3,0,4,5,0,0,12,7,3,4,3,2,0,2,8,42,11.0,4,-2.616966580976863,0.43645731348361627,0.2872,15,10,KCR @ DET
10098,10,S10,7,4,0,2,9,4,0,0,8,6,8,3,5,1,4,2,15,49,11.0,10,3.3830334190231373,-0.12382435574685413,-0.49740000000000006,21,10,STL @ MIL
10099,10,S10,7,0,1,2,9,1,0,0,6,3,5,9,6,3,0,1,12,42,11.0,3,-3.616966580976863,0.5324854804066633,0.4872000000000001,21,13,TEX @ MTL
10100,10,S10,7,0,0,1,10,7,0,0,11,7,7,9,3,3,2,1,11,55,13.666666666666666,3,-4.949646635614718,0.7253309820247431,0.9747999999999997,26,14,FLA @ PHI
10101,10,S10,7,3,4,4,5,7,1,0,12,12,5,10,6,1,3,0,16,68,15.333333333333334,11,2.2293985899798106,0.059060289465678734,-0.9438000000000002,27,13,ATL @ SDP
10102,10,S10,7,0,0,4,6,0,0,0,13,6,1,9,4,0,1,0,10,43,11.0,2,-4.616966580976864,0.6364573134836163,0.5604,18,13,PIT @ SFG
10103,10,S10,7,6,3,3,3,4,0,0,4,11,4,7,5,0,0,2,15,50,11.0,12,5.383033419023136,-0.33176802190076005,-0.7839999999999999,23,13,HOU @ SEA
10104,10,S10,7,1,1,3,11,3,0,0,7,7,6,8,4,2,0,2,16,51,12.0,7,-0.21850899742930507,0.23235805282143712,0.018000000000000023,23,13,BOS @ TBR
10105,10,S10,7,6,1,5,11,5,0,0,16,13,8,3,10,2,3,1,23,78,17.666666666666668,15,4.344458726078264,-0.10875556029768413,-2.0526,27,16,NYY @ TOR
10106,10,S10,8,3,0,1,6,3,0,0,12,4,9,1,5,2,4,0,10,44,11.0,6,-0.6169665809768632,0.2523446457914281,0.10879999999999998,16,6,PIT @ ANA
10107,10,S10,8,3,1,3,5,10,0,0,4,9,3,8,5,2,3,0,12,51,11.0,9,2.949173929399963,-0.0804384067845367,-0.6708000000000003,20,11,COL @ BAL
10108,10,S10,8,1,1,3,6,3,1,0,12,11,6,6,8,3,0,1,11,57,15.666666666666666,3,-6.260375484754967,0.856403866938768,0.5947999999999998,29,10,SFG @ BOS
10109,10,S10,8,0,1,3,12,8,0,0,9,6,6,4,5,2,1,1,16,54,11.0,9,2.3830334190231364,-0.015880689592948194,-0.2256,17,10,FLA @ CWS
10110,10,S10,8,3,1,3,5,5,0,0,10,4,4,7,7,2,1,2,12,49,12.0,9,1.781491002570695,0.02838621974448416,-0.6021999999999998,22,13,PHI @ CLE
10111,10,S10,8,5,0,5,7,3,0,0,10,11,2,5,7,1,1,0,17,55,12.0,9,1.7814910025706951,0.04427355205229602,-0.6282000000000005,19,13,NYM @ DET
10112,10,S10,8,2,2,3,12,6,0,0,7,6,9,5,5,2,1,2,19,57,12.0,9,1.7814910025706947,0.0601608843601079,-0.4476,23,10,STL @ HOU
10113,10,S10,8,1,0,6,7,4,0,0,8,9,6,4,8,1,1,0,14,53,12.0,7,-0.2185089974293053,0.2363298858983901,-0.1518,21,11,ATL @ KCR
10114,10,S10,8,6,1,2,8,4,0,0,10,12,3,9,8,0,0,0,17,63,14.0,11,2.5784061696658105,-0.00761513311854492,-0.3559999999999999,25,13,MTL @ MIN
10115,10,S10,8,5,2,6,14,6,0,0,5,8,5,5,8,5,2,0,27,64,12.0,20,12.781491002570695,-1.0160081171781743,-0.9294000000000002,21,12,LAD @ NYY
10116,10,S10,8,1,0,1,5,3,0,0,7,2,1,12,9,3,1,2,7,41,12.0,1,-6.218508997429305,0.7966115551288605,0.8854000000000001,25,15,MIL @ OAK
10117,10,S10,8,0,0,1,5,3,0,0,8,12,4,6,1,2,0,0,6,40,11.0,1,-5.616966580976864,0.7205699811758045,0.7504000000000001,19,6,CHC @ SEA
10118,10,S10,8,4,1,5,7,4,0,0,9,9,6,3,5,1,0,0,17,53,11.0,14,7.383033419023137,-0.5277961888238071,-0.9357999999999996,20,9,ARI @ TBR
10119,10,S10,8,6,1,4,10,3,0,0,9,7,7,2,7,1,1,0,21,56,11.0,14,7.383033419023137,-0.5119088565159952,-1.1196000000000004,20,9,CIN @ TEX
10120,10,S10,8,4,0,4,3,3,0,0,6,14,4,5,3,1,1,1,11,47,12.0,6,-1.218508997429305,0.31647072051362535,0.09480000000000005,25,10,SDP @ TOR
10121,10,S10,9,6,0,3,3,1,0,0,7,10,7,6,5,1,0,0,12,48,12.0,9,1.7814910025706947,0.012498887436672344,-0.16080000000000003,22,8,STL @ ATL
10122,10,S10,9,3,1,3,6,4,0,0,5,14,3,3,5,0,1,1,13,48,11.0,6,-0.6169665809768627,0.2602883119453341,-0.0020000000000000573,25,10,KCR @ BAL
10123,10,S10,9,3,0,2,10,1,0,0,6,10,4,7,5,1,2,0,15,48,11.0,7,0.3830334190231367,0.1602883119453341,-0.15059999999999998,22,12,ANA @ BOS
10124,10,S10,9,4,2,1,4,8,0,0,18,6,3,5,3,1,0,0,11,54,12.0,7,-0.21850899742930535,0.23632988589839013,0.23180000000000006,15,6,SFG @ CHC
10125,10,S10,9,3,0,3,4,2,0,0,8,10,7,4,5,1,2,1,10,46,12.0,8,0.7814910025706946,0.11647072051362534,-0.2639999999999999,22,13,LAD @ CIN
10126,10,S10,9,0,0,4,6,7,0,0,8,8,9,7,2,2,5,4,10,51,13.333333333333334,3,-4.567516577115305,0.6950616423287078,0.40599999999999986,29,8,TBR @ CLE
10127,10,S10,9,4,0,5,6,10,1,0,14,22,5,1,9,1,1,1,15,77,18.0,6,-4.827763496143958,0.7965511626936792,0.5075999999999999,32,10,MIN @ DET
10128,10,S10,9,2,3,5,8,4,0,0,6,8,9,6,3,2,2,0,18,55,12.0,12,2.7814910025706947,-0.051754614870750976,-0.3926000000000001,23,6,TOR @ HOU
10129,10,S10,9,0,1,4,3,5,0,0,10,6,7,4,3,1,0,0,8,44,11.0,4,-2.6169665809768627,0.43645731348361627,0.25299999999999995,17,6,ARI @ FLA
10130,10,S10,9,3,0,1,4,2,0,0,10,7,4,7,5,0,0,0,8,43,11.0,6,-0.6169665809768632,0.2324854804066634,0.07960000000000003,21,9,COL @ MIL
10131,10,S10,9,2,0,0,8,5,0,0,7,7,3,7,4,5,1,0,10,43,11.0,3,-3.616966580976863,0.5364573134836164,0.35880000000000006,18,11,MTL @ NYM
10132,10,S10,9,1,0,2,9,3,0,0,8,10,4,5,6,3,1,0,12,48,12.0,5,-2.2185089974293053,0.4164707205136253,0.22140000000000007,19,11,OAK @ NYY
10133,10,S10,9,4,2,4,10,7,0,0,11,11,4,6,3,1,0,0,20,62,12.0,18,10.781491002570695,-0.8318954494859863,-0.5249999999999998,18,9,PHI @ PIT
10134,10,S10,9,4,0,4,8,3,0,0,7,8,4,2,10,1,1,1,16,50,11.0,9,2.383033419023137,-0.03176802190076004,-0.20899999999999994,20,12,CWS @ SDP
10135,10,S10,9,2,0,3,7,2,0,0,7,10,8,3,3,2,1,0,12,45,11.0,6,-0.6169665809768633,0.24440097963752228,-0.07520000000000004,16,7,TEX @ SEA
10136,10,S10,10,0,0,1,5,6,0,0,5,5,4,8,5,4,3,2,6,39,11.0,3,-3.616966580976863,0.5364573134836164,0.3666,21,12,SEA @ ANA
10137,10,S10,10,0,0,2,6,4,0,0,11,3,13,2,4,0,0,0,8,45,11.0,1,-5.616966580976863,0.7404291465605692,0.7574000000000002,17,7,HOU @ CWS
10138,10,S10,10,4,0,2,2,3,0,0,11,10,6,5,4,0,0,0,8,47,12.0,5,-2.2185089974293053,0.4085270543597194,0.1946,21,6,ATL @ COL
10139,10,S10,10,1,3,6,7,4,0,0,5,8,9,6,6,1,0,1,17,55,12.0,9,1.7814910025706947,0.044273552052296015,0.05599999999999994,26,14,CLE @ DET
10140,10,S10,10,2,3,10,11,8,0,0,16,2,7,7,2,0,1,2,26,68,12.0,21,13.781491002570695,-1.0961489517934098,-0.9964000000000003,18,7,KCR @ LAD
10141,10,S10,10,2,0,2,6,5,0,0,10,7,3,5,8,0,2,0,10,49,11.666666666666666,5,-1.7465618027098335,0.3772196671955841,0.11140000000000005,25,16,BOS @ MIN
10142,10,S10,10,2,0,0,1,3,0,0,12,10,1,2,8,0,0,0,3,39,11.0,3,-3.616966580976863,0.5165981480988515,0.2974,16,10,CIN @ MTL
10143,10,S10,10,2,1,5,7,8,0,1,10,12,5,7,8,3,2,1,15,66,16.0,12,2.3753213367609263,0.03652434863366128,-0.40740000000000004,27,15,TBR @ NYY
10144,10,S10,10,2,1,4,8,7,0,0,13,6,1,7,7,2,0,0,15,56,12.0,14,6.781491002570695,-0.455726447947704,-0.5643999999999999,18,10,TOR @ OAK
10145,10,S10,10,5,1,3,1,6,0,0,13,4,6,5,4,0,0,1,10,48,11.0,8,1.3830334190231364,0.05631647886838108,0.11340000000000001,19,11,NYM @ PHI
10146,10,S10,10,2,1,1,7,2,0,0,7,9,1,7,6,3,2,0,11,43,11.0,5,-1.616966580976863,0.34042914656056933,0.3031999999999999,19,13,MIL @ PIT
10147,10,S10,10,1,0,2,5,3,0,0,10,7,3,4,8,3,1,1,8,43,12.0,3,-4.218508997429305,0.6005833882058135,0.6564000000000001,23,11,FLA @ SDP
10148,10,S10,10,3,1,4,10,4,0,0,9,14,4,6,5,1,4,1,18,60,13.333333333333334,9,1.9504991929216242,0.06311923070977965,-0.17740000000000006,24,9,ARI @ SFG
10149,10,S10,10,4,1,3,4,6,0,0,12,6,3,5,6,1,1,0,12,50,11.0,10,3.383033419023137,-0.13573985497771304,-0.8051999999999998,15,10,CHC @ STL
10150,10,S10,10,3,0,5,4,3,0,0,7,1,6,11,5,2,2,2,12,46,12.0,5,-2.2185089974293053,0.42044255359057825,0.24960000000000004,22,8,BAL @ TEX
10151,10,S10,11,1,0,6,4,2,0,0,8,11,8,4,4,0,0,1,11,48,12.0,4,-3.2185089974293053,0.5164707205136253,0.31159999999999993,21,9,TBR @ ANA
10152,10,S10,11,3,2,4,2,3,0,0,8,7,5,7,4,0,0,0,11,46,11.0,7,0.3830334190231368,0.1444009796375222,-0.0962000000000001,20,14,SDP @ ARI
10153,10,S10,11,1,0,3,5,3,0,0,5,10,9,6,4,2,2,0,9,46,12.0,3,-4.218508997429305,0.6124988874366725,0.6446000000000001,20,11,DET @ CWS
10154,10,S10,11,2,0,2,5,4,0,0,12,10,2,7,3,1,0,1,9,47,12.0,2,-5.218508997429305,0.7124988874366723,0.5476,22,10,STL @ CIN
10155,10,S10,11,4,2,5,3,2,0,0,10,7,4,6,7,0,1,2,14,50,12.0,10,2.7814910025706947,-0.06764194717856292,-0.49480000000000024,21,12,LAD @ COL
10156,10,S10,11,4,0,4,7,5,0,0,11,8,8,2,2,2,0,0,15,51,11.0,12,5.383033419023136,-0.3357398549777129,-0.07519999999999996,15,6,NYY @ HOU
10157,10,S10,11,4,0,6,7,7,0,0,9,8,6,3,6,1,2,0,17,56,11.0,10,3.3830334190231373,-0.10793702343904225,-0.48360000000000036,17,10,ATL @ FLA
10158,10,S10,11,2,0,2,4,6,0,0,10,9,0,5,14,3,0,0,8,52,13.666666666666666,3,-5.249371608111967,0.7314724808127504,0.6674,25,16,CHC @ MIL
10159,10,S10,11,3,1,5,2,3,0,0,13,8,5,4,5,0,0,1,11,49,12.0,6,-1.2185089974293053,0.32044255359057827,0.1812,20,10,KCR @ MIN
10160,10,S10,11,2,3,3,2,3,0,0,12,7,9,4,3,0,0,1,10,48,12.0,3,-4.218508997429305,0.6164707205136253,0.26000000000000006,20,7,PHI @ MTL
10161,10,S10,11,1,1,7,3,3,0,0,18,11,4,10,4,1,1,0,12,62,16.0,5,-4.624678663239074,0.7126933501719435,0.5132000000000001,26,14,PIT @ NYM
10162,10,S10,11,2,0,5,15,6,0,0,10,11,6,2,4,0,2,2,22,61,11.666666666666666,13,6.432532669237362,-0.385084116921794,-1.3056,19,11,CLE @ SFG
10163,10,S10,11,2,2,4,7,9,1,0,9,8,6,4,3,0,0,1,15,55,11.0,13,6.383033419023137,-0.4158806895929482,-0.30720000000000003,17,7,BOS @ SEA
10164,10,S10,11,1,0,7,6,6,1,0,15,3,3,3,6,2,1,1,14,50,11.0,5,-1.6169665809768627,0.36823197809923996,0.08199999999999992,17,8,OAK @ TEX
10165,10,S10,11,2,1,7,4,5,0,0,8,5,8,7,5,0,2,1,14,53,12.0,9,1.7814910025706947,0.04427355205229594,-0.40059999999999996,24,14,BAL @ TOR
10166,10,S10,12,3,1,3,4,4,0,1,16,10,4,4,1,1,2,0,11,50,12.0,6,-1.2185089974293053,0.3283862197444842,-0.0388,13,2,HOU @ ANA
10167,10,S10,12,1,0,3,7,5,0,0,10,7,4,7,6,2,0,0,11,50,12.0,6,-1.2185089974293053,0.32044255359057827,0.09500000000000008,20,11,TEX @ BOS
10168,10,S10,12,3,2,1,3,4,0,0,10,18,1,2,4,1,0,0,9,48,12.0,4,-3.2185089974293053,0.5124988874366724,0.17699999999999996,16,8,CIN @ CHC
10169,10,S10,12,1,1,6,5,10,1,1,12,4,1,2,12,3,2,2,13,54,12.0,5,-2.2185089974293053,0.45221721820620187,-0.10219999999999997,19,15,CWS @ CLE
10170,10,S10,12,2,0,2,3,3,0,0,8,11,3,3,5,3,0,0,7,40,11.0,4,-2.6169665809768627,0.4205699811758045,0.08759999999999997,16,7,MIN @ COL
10171,10,S10,12,2,0,4,3,5,0,0,13,2,8,5,4,3,1,1,9,46,12.0,4,-3.2185089974293053,0.5124988874366724,0.31279999999999997,19,10,SFG @ LAD
10172,10,S10,12,0,0,1,13,6,0,0,5,12,5,2,6,2,4,1,14,50,11.0,5,-1.6169665809768632,0.38014747733009885,0.020400000000000022,17,10,STL @ FLA
10173,10,S10,12,5,0,4,9,2,0,0,7,10,4,3,6,2,0,1,18,50,11.0,12,5.383033419023136,-0.33573985497771297,-0.3478000000000001,17,8,SDP @ MIL
10174,10,S10,12,4,0,4,7,8,0,0,12,10,1,4,5,4,0,0,15,55,12.0,13,5.781491002570695,-0.35969828102465695,-0.1366,18,9,NYM @ MTL
10175,10,S10,12,3,1,10,7,4,0,1,9,9,5,6,5,2,1,0,21,59,12.0,13,5.781491002570695,-0.3398391156398922,-0.5107999999999999,14,6,TOR @ NYY
10176,10,S10,12,1,0,2,3,5,0,0,12,10,6,1,4,0,0,0,6,44,11.0,6,-0.6169665809768633,0.23645731348361632,-0.21659999999999993,16,7,KCR @ OAK
10177,10,S10,12,0,0,2,4,5,0,0,3,11,4,7,7,3,0,1,6,43,12.0,2,-5.218508997429305,0.6966115551288605,0.5315999999999999,23,10,ATL @ PHI
10178,10,S10,12,3,1,2,6,7,0,0,9,11,7,11,8,2,0,0,12,65,16.0,6,-4.756959683992726,0.7338651184012146,0.8886000000000001,33,17,ARI @ PIT
10179,10,S10,12,4,0,5,5,8,0,0,4,10,3,8,7,0,0,3,14,54,11.666666666666666,9,2.2534381972901665,0.0010506656573016915,-0.8821999999999999,28,17,DET @ SEA
10180,10,S10,12,1,0,1,0,3,0,0,8,12,2,7,2,0,1,2,2,36,11.0,2,-4.616966580976864,0.6165981480988515,0.45680000000000004,19,10,BAL @ TBR
10181,10,S10,13,3,1,2,5,2,0,1,7,12,6,5,3,0,0,0,11,46,11.0,8,1.3830334190231366,0.04440097963752225,-0.0029999999999999775,20,8,COL @ ARI
10182,10,S10,13,1,2,0,11,5,0,0,6,11,3,2,7,1,1,1,14,49,11.0,7,0.3830334190231368,0.16426014502228703,-0.09859999999999992,22,9,MTL @ ATL
10183,10,S10,13,1,2,5,9,6,0,0,8,10,5,6,11,1,1,1,17,63,14.0,7,-1.4215938303341897,0.400328533035361,0.1578,28,14,SEA @ BAL
10184,10,S10,13,3,1,2,14,8,0,0,8,8,9,4,4,3,1,0,20,61,12.0,11,3.7814910025706947,-0.13189544948598614,-0.07119999999999992,21,7,PIT @ CIN
10185,10,S10,13,6,0,4,7,7,0,0,11,12,6,5,2,0,0,0,17,60,12.0,13,5.781491002570695,-0.33983911563989216,-0.3539999999999999,20,11,BOS @ DET
10186,10,S10,13,3,0,5,8,2,0,0,7,8,5,7,6,3,0,0,16,51,12.0,9,1.7814910025706951,0.024414386667531252,-0.3076,17,11,CWS @ KCR
10187,10,S10,13,5,0,2,3,5,0,0,11,10,4,4,5,2,0,0,10,49,12.0,7,-0.21850899742930543,0.21647072051362531,-0.2134000000000001,17,8,MIL @ LAD
10188,10,S10,13,1,0,3,9,7,0,0,6,14,6,3,3,1,0,1,13,52,11.333333333333334,7,0.42300043653295893,0.1682071094252107,-0.7126,19,9,FLA @ NYM
10189,10,S10,13,1,1,8,6,5,0,0,5,11,6,7,3,1,0,0,16,53,11.0,11,4.383033419023137,-0.22779618882380703,-0.3164,23,11,MIN @ NYY
10190,10,S10,13,1,0,4,11,13,2,0,18,18,7,5,5,0,7,0,16,82,17.666666666666668,7,-3.2385518778866964,0.6773483316374826,-0.1468000000000003,26,6,ANA @ OAK
10191,10,S10,13,2,0,1,3,5,0,0,10,11,6,3,6,0,0,0,6,47,12.0,3,-4.218508997429305,0.6085270543597193,0.45359999999999995,24,8,CHC @ PHI
10192,10,S10,13,1,2,2,4,5,0,0,14,5,4,5,5,1,1,1,9,47,11.666666666666666,5,-1.8542058189451975,0.38004040266521455,-0.0998,19,11,SDP @ SFG
10193,10,S10,13,7,2,1,8,4,0,0,11,11,11,6,10,1,5,1,18,72,17.666666666666668,13,2.7095499366918627,0.038847986333144194,-1.7902000000000002,30,18,TOR @ STL
10194,10,S10,13,3,0,0,4,6,0,0,4,9,4,10,7,2,0,0,7,47,12.0,5,-2.2185089974293053,0.40852705435971937,-0.02979999999999995,25,16,HOU @ TBR
10195,10,S10,13,1,1,5,8,9,0,0,6,9,8,4,5,4,1,0,15,56,12.0,10,2.7814910025706947,-0.051754614870751,-0.04860000000000001,21,9,CLE @ TEX
10196,10,S10,14,5,1,2,5,4,0,0,5,11,5,4,6,2,1,0,13,48,11.0,9,2.383033419023137,-0.043683521131618906,-0.5513999999999999,22,11,STL @ ARI
10197,10,S10,14,0,1,1,5,2,0,0,16,9,2,4,4,1,0,0,7,44,12.0,2,-5.218508997429305,0.6966115551288605,0.5694,14,6,MTL @ CHC
10198,10,S10,14,5,2,3,7,5,0,0,8,5,4,7,6,2,0,1,17,52,11.0,9,2.3830334190231373,-0.027796188823807105,-0.25419999999999987,23,13,KCR @ CLE
10199,10,S10,14,0,0,7,7,6,0,1,8,4,6,8,4,4,2,2,14,50,12.0,5,-2.2185089974293053,0.4363298858983901,-0.07679999999999994,22,14,ANA @ DET
10200,10,S10,14,5,0,6,8,4,0,0,8,9,5,4,7,0,2,0,19,56,11.0,14,7.383033419023137,-0.5079370234390422,-0.3681999999999999,22,12,FLA @ LAD
10201,10,S10,14,2,1,2,1,6,0,0,14,11,1,4,4,2,0,0,6,46,12.0,5,-2.2185089974293053,0.40455522128276644,0.2802000000000001,13,6,CIN @ MIL
10202,10,S10,14,3,2,3,6,6,0,0,9,9,6,4,6,2,0,0,14,54,12.0,9,1.7814910025706947,0.03632988589839006,-0.5236000000000002,19,7,CWS @ MIN
10203,10,S10,14,2,0,5,7,8,0,0,10,9,10,10,6,2,1,1,14,67,16.0,11,1.375321336760926,0.13652434863366125,-0.4262,32,15,ATL @ NYM
10204,10,S10,14,8,0,2,3,3,0,0,13,5,2,6,3,2,0,0,13,46,11.0,11,4.383033419023137,-0.2555990203624778,-0.17180000000000004,14,8,BAL @ NYY
10205,10,S10,14,1,0,4,7,4,0,0,8,15,3,6,1,0,1,0,12,49,11.0,6,-0.6169665809768633,0.260288311945334,0.097,20,10,SEA @ OAK
10206,10,S10,14,1,1,4,4,7,0,0,14,6,5,5,5,1,2,0,10,52,12.0,5,-2.218508997429305,0.43632988589839,0.15460000000000002,19,9,TBR @ PIT
10207,10,S10,14,4,0,6,13,6,0,0,9,9,5,5,4,3,0,0,23,61,11.666666666666666,13,6.432532669237361,-0.4009714492296058,-2.0733999999999995,17,12,COL @ SDP
10208,10,S10,14,2,0,3,4,5,0,0,8,14,0,1,7,3,1,0,9,44,11.0,5,-1.6169665809768634,0.34042914656056933,-0.010799999999999962,14,7,PHI @ SFG
10209,10,S10,14,1,1,2,6,4,2,0,9,15,0,7,2,1,1,0,10,47,11.333333333333334,3,-2.8464159741734916,0.475289585111091,0.17779999999999999,17,5,HOU @ TEX
10210,10,S10,14,1,0,1,5,4,0,0,8,13,2,7,2,1,0,1,7,43,11.333333333333334,1,-5.845198186618495,0.7592804740477794,0.6662000000000001,20,7,BOS @ TOR
10211,10,S10,15,1,1,0,5,4,0,0,10,7,3,6,2,2,1,3,7,39,11.0,2,-4.616966580976863,0.6324854804066634,0.5673999999999999,19,7,CLE @ ANA
10212,10,S10,15,3,1,1,3,1,0,0,11,11,7,4,0,0,0,0,8,42,11.0,6,-0.6169665809768633,0.22851364732971036,0.1136,17,5,NYM @ ARI
10213,10,S10,15,5,0,1,5,7,0,0,6,10,3,6,7,3,1,1,11,50,12.0,6,-1.2185089974293055,0.32838621974448423,-0.0077999999999999875,23,14,CIN @ ATL
10214,10,S10,15,3,3,4,10,10,1,0,6,12,3,6,10,4,1,1,20,67,14.0,11,2.5784061696658105,0.016215865343172833,-0.2238,27,16,BOS @ BAL
10215,10,S10,15,7,1,7,10,7,2,0,12,11,11,10,16,6,1,0,25,92,22.0,16,-2.0326945671937993,0.5726499328760047,0.4585999999999999,44,20,CHC @ COL
10216,10,S10,15,1,1,5,7,6,3,0,14,8,1,6,4,2,1,1,14,53,12.0,5,-2.2185089974293053,0.4403017189753431,0.0005999999999998507,14,8,OAK @ HOU
10217,10,S10,15,2,2,3,5,6,0,0,4,6,7,4,11,4,2,0,12,50,12.0,4,-3.2185089974293053,0.5283862197444842,-0.03699999999999999,21,17,TEX @ KCR
10218,10,S10,15,2,2,0,9,5,0,0,15,9,9,10,5,2,4,2,13,66,17.333333333333332,5,-5.4544526853331465,0.8314172500739274,-0.04340000000000016,34,16,PHI @ FLA
10219,10,S10,15,2,0,3,5,3,0,1,7,9,4,6,6,1,0,0,10,45,11.0,6,-0.6169665809768631,0.24042914656056924,-0.08500000000000012,17,8,NYY @ MIL
10220,10,S10,15,2,0,2,5,3,0,0,7,6,5,8,7,3,2,0,9,45,12.0,4,-3.2185089974293053,0.5085270543597195,0.3874,22,16,SFG @ MTL
10221,10,S10,15,2,2,1,6,7,0,0,8,7,3,6,2,2,1,3,11,45,11.0,7,0.38303341902313703,0.1563164788683811,-0.056400000000000006,16,6,LAD @ SDP
10222,10,S10,15,1,0,0,7,6,0,0,12,9,2,8,8,3,0,0,8,53,14.0,1,-7.4215938303341895,0.9526665361119255,1.1202,25,13,MIN @ SEA
10223,10,S10,15,3,2,4,12,3,0,0,6,11,3,4,6,1,1,2,21,54,11.0,14,7.383033419023136,-0.5119088565159953,-0.2436000000000001,21,10,PIT @ STL
10224,10,S10,15,1,1,2,8,3,0,0,11,11,4,5,7,1,1,1,12,55,14.0,3,-5.4215938303341895,0.7685538684197374,0.7406,27,15,DET @ TBR
10225,10,S10,15,2,0,4,6,2,0,0,7,8,6,5,6,1,2,0,12,46,11.0,6,-0.6169665809768631,0.2523446457914282,-0.05060000000000003,18,12,CWS @ TOR
10226,10,S10,16,5,2,6,8,6,1,0,10,11,4,2,5,1,1,2,21,59,11.666666666666666,15,7.953713224792917,-0.5491176717082085,-1.5223999999999998,22,7,PHI @ ATL
10227,10,S10,16,1,0,4,4,7,1,0,6,12,5,6,3,1,1,1,9,49,12.0,3,-4.218508997429305,0.6244143866675312,0.6378,23,10,NYY @ BOS
10228,10,S10,16,1,0,4,4,4,0,0,6,8,7,6,6,2,1,1,9,46,12.0,3,-4.218508997429305,0.6124988874366724,0.6325999999999999,18,12,OAK @ CWS
10229,10,S10,16,5,0,4,5,5,0,0,8,16,3,7,2,0,3,0,14,55,12.0,11,3.7814910025706947,-0.14778278179379806,-0.21340000000000003,23,7,BAL @ CIN
10230,10,S10,16,2,0,1,8,6,0,0,6,11,7,4,4,4,0,0,11,49,12.0,3,-4.218508997429305,0.6164707205136254,0.33180000000000004,20,11,MIN @ CLE
10231,10,S10,16,1,1,5,3,5,0,0,15,4,1,4,6,3,0,0,10,45,11.0,4,-2.616966580976863,0.44042914656056925,0.061200000000000025,14,9,SFG @ COL
10232,10,S10,16,1,0,4,4,2,0,0,5,6,9,6,6,0,1,1,9,43,11.0,5,-1.6169665809768632,0.3404291465605693,0.029600000000000036,24,13,ANA @ HOU
10233,10,S10,16,6,1,4,3,8,0,0,6,7,8,5,6,0,0,1,14,54,11.0,12,5.383033419023136,-0.31985252266990116,-0.4074,23,13,DET @ KCR
10234,10,S10,16,2,2,3,4,6,0,0,7,6,7,8,6,2,1,0,11,51,12.0,6,-1.2185089974293053,0.3283862197444842,-0.1734000000000001,23,10,ARI @ LAD
10235,10,S10,16,1,0,2,13,3,0,0,7,7,4,6,7,3,1,2,16,50,12.0,2,-5.218508997429305,0.7323580528214372,0.5544,22,14,FLA @ MTL
10236,10,S10,16,2,0,5,3,6,0,0,10,8,2,6,5,2,2,0,10,47,11.0,7,0.38303341902313714,0.15631647886838113,-0.08339999999999995,18,10,SDP @ NYM
10237,10,S10,16,4,0,10,9,7,0,0,4,16,3,5,5,3,0,0,23,63,12.0,15,7.781491002570695,-0.5279236164090333,-0.4624,21,9,CHC @ PIT
10238,10,S10,16,3,0,2,2,5,0,0,8,12,3,5,7,1,1,0,7,47,12.0,4,-3.2185089974293053,0.5124988874366724,0.3326000000000001,21,11,MIL @ STL
10239,10,S10,16,0,0,4,10,6,0,0,6,9,7,5,5,1,4,0,14,52,11.0,7,0.9491739293999633,0.1275052593693692,-0.6866,23,10,TOR @ TBR
10240,10,S10,16,1,1,5,12,4,1,0,9,10,5,4,5,2,1,1,19,56,12.0,8,0.7814910025706949,0.15221721820620193,-0.35099999999999987,19,11,SEA @ TEX
11001,11,S11,1,3,0,2,6,5,0,0,7,10,1,7,6,1,1,2,11,48,12.0,5,-2.192948090107737,0.43299821096207264,-0.0551999999999999,25,14,HOU @ ANA
11002,11,S11,1,4,0,3,6,7,0,0,6,16,2,2,7,0,2,0,13,53,11.0,10,3.406464250734574,-0.11018197198872308,-0.1974,21,7,SFG @ ARI
11003,11,S11,1,5,1,6,9,2,0,0,5,9,1,7,6,3,2,2,21,51,11.0,14,7.406464250734574,-0.5101819719887233,-1.0071999999999999,17,8,MIN @ BAL
11004,11,S11,1,3,3,4,4,2,0,0,11,7,3,5,6,1,1,0,14,48,11.0,7,0.4064642507345744,0.16467645131112396,-0.1783999999999999,21,10,MTL @ CHC
11005,11,S11,1,3,1,2,7,11,0,0,9,14,2,2,5,1,1,0,13,56,11.0,10,3.406464250734574,-0.10180144642200555,-0.08939999999999991,16,9,NYM @ CIN
11006,11,S11,1,0,2,2,5,7,0,0,13,4,10,6,1,1,0,1,9,50,12.0,5,-2.192948090107737,0.43299821096207275,0.383,19,8,BOS @ CLE
11007,11,S11,1,7,2,2,9,2,0,0,7,4,8,4,5,2,2,1,20,51,11.0,13,6.406464250734574,-0.41437223477208196,-1.3836000000000004,20,9,LAD @ COL
11008,11,S11,1,3,1,4,6,5,0,0,6,10,10,2,5,0,0,0,14,52,11.0,11,4.406464250734574,-0.2227527603387996,-1.2396000000000003,19,8,ATL @ MIL
11009,11,S11,1,2,0,4,3,3,0,0,7,17,9,6,1,1,2,1,9,52,14.0,3,-5.39177277179236,0.7696417302639702,0.6158000000000001,25,12,DET @ NYY
11010,11,S11,1,1,0,3,2,3,0,0,4,7,2,6,10,1,1,1,6,38,11.0,1,-5.593535749265426,0.7269640862608948,0.7574000000000002,20,13,SEA @ OAK
11011,11,S11,1,5,0,4,8,5,0,0,4,18,1,8,3,2,1,0,17,56,12.0,9,1.8070519098922628,0.05813978766222555,-0.9636,24,12,FLA @ PIT
11012,11,S11,1,0,0,5,9,3,0,0,5,4,12,4,8,2,0,1,14,50,12.0,4,-3.192948090107737,0.5329982109620727,0.23179999999999998,23,10,TEX @ SDP
11013,11,S11,1,2,0,3,9,1,0,0,10,7,8,5,4,0,0,2,14,49,12.0,7,-0.19294809010773728,0.23299821096207268,-0.04959999999999993,20,11,PHI @ STL
11014,11,S11,1,3,2,6,11,7,0,0,9,6,4,5,7,1,3,1,22,60,11.0,19,12.406464250734574,-0.9724696069384939,-1.0124000000000004,18,10,CWS @ TBR
11015,11,S11,1,8,1,6,6,7,0,0,8,5,6,10,4,2,1,1,21,61,12.0,20,12.807051909892262,-1.0167186356376217,-0.8817999999999996,24,9,KCR @ TOR
11016,11,S11,2,3,1,4,5,3,0,0,8,6,3,7,10,2,1,0,13,50,12.0,10,2.807051909892263,-0.0670017890379273,-0.8525999999999999,21,16,LAD @ ARI
11017,11,S11,2,2,0,2,7,8,0,0,12,7,5,3,7,0,2,2,11,53,12.0,7,-0.19294809010773717,0.25813978766222556,-0.6299999999999998,20,10,STL @ ATL
11018,11,S11,2,3,0,3,5,1,0,0,8,8,6,6,8,0,0,0,11,48,12.0,5,-2.1929480901077376,0.42042742261199634,-0.01399999999999994,19,12,NYY @ BAL
11019,11,S11,2,2,3,4,5,6,0,2,9,9,9,4,2,0,0,0,14,53,11.0,10,3.406464250734574,-0.1185624975554408,-0.48679999999999995,18,7,TOR @ BOS
11020,11,S11,2,2,0,0,8,4,0,0,5,13,3,6,4,2,2,0,10,45,11.0,5,-1.5935357492654254,0.3562959257444064,-0.136,21,9,CHC @ CIN
11021,11,S11,2,3,0,2,12,6,0,0,8,11,11,9,2,3,2,1,17,64,15.0,5,-3.991185112634671,0.679866117748507,0.32539999999999997,26,8,KCR @ CLE
11022,11,S11,2,4,0,4,6,4,0,0,12,7,11,1,1,0,0,1,14,50,11.0,9,2.4064642507345746,-0.026943023122158467,-0.05860000000000003,18,5,DET @ CWS
11023,11,S11,2,3,0,2,8,3,0,0,5,9,9,4,6,2,2,0,13,49,11.666666666666666,7,0.22958712115986857,0.19074468983531218,-0.5312,21,11,OAK @ HOU
11024,11,S11,2,4,0,1,3,7,0,0,8,11,4,5,3,2,0,0,8,46,11.0,9,2.406464250734574,-0.04789433703895244,0.0724,17,9,PIT @ MIL
11025,11,S11,2,1,2,3,6,2,0,0,10,5,4,7,3,3,2,1,12,43,11.0,5,-1.5935357492654258,0.3521056629610476,0.2427999999999999,18,12,ANA @ MIN
11026,11,S11,2,3,2,4,7,7,0,0,11,8,6,4,4,1,1,2,16,56,12.0,10,2.8070519098922624,-0.03347968677105677,-0.04319999999999999,21,7,FLA @ MTL
11027,11,S11,2,0,1,2,3,7,0,0,8,11,3,6,6,2,0,0,6,47,12.0,3,-4.192948090107738,0.6162371598286375,0.4153999999999999,21,14,COL @ NYM
11028,11,S11,2,0,0,5,5,7,3,0,14,13,9,8,6,1,3,1,10,68,17.666666666666668,1,-8.539422135161605,1.1556411339179944,1.5919999999999996,31,14,TBR @ PHI
11029,11,S11,2,2,1,2,5,9,0,0,6,12,6,6,4,2,1,0,10,53,12.0,6,-1.1929480901077367,0.34556899931214907,-0.3188000000000001,22,15,SDP @ SFG
11030,11,S11,2,0,0,6,7,3,0,0,7,15,5,2,7,0,1,0,13,52,12.0,5,-2.1929480901077376,0.4413787365287904,0.02840000000000001,19,9,SEA @ TEX
11031,11,S11,3,1,0,5,7,6,0,0,7,15,2,4,3,2,1,1,13,51,12.0,6,-1.1929480901077372,0.34137873652879036,0.09800000000000003,18,8,NYM @ ATL
11032,11,S11,3,1,2,6,13,9,2,0,14,14,7,8,6,3,0,2,22,80,18.0,9,-3.0267345251280733,0.6462750007482293,0.8236000000000001,26,13,NYY @ BOS
11033,11,S11,3,8,1,5,5,5,0,0,10,11,5,3,6,1,0,0,19,59,12.0,15,7.807051909892262,-0.5334796867710568,-0.15440000000000004,16,8,MIL @ CHC
11034,11,S11,3,5,2,4,6,1,0,0,7,3,7,7,6,3,1,0,17,48,11.0,11,4.406464250734574,-0.23532354868887598,-0.023399999999999994,20,11,HOU @ CLE
11035,11,S11,3,4,0,6,12,6,0,0,10,9,12,2,3,0,4,0,22,64,12.0,18,10.807051909892262,-0.7957673217208275,-1.6461999999999999,19,6,PHI @ FLA
11036,11,S11,3,1,2,2,14,5,0,0,12,5,4,3,6,2,0,1,19,54,11.0,10,3.406464250734574,-0.1101819719887232,0.2906,15,8,CWS @ KCR
11037,11,S11,3,6,1,0,5,7,0,0,5,7,5,6,10,1,1,2,12,52,12.0,11,3.807051909892263,-0.15024073790449202,-0.34140000000000004,26,15,SEA @ LAD
11038,11,S11,3,6,1,8,11,7,0,0,7,10,8,3,5,2,2,1,26,66,12.0,17,9.807051909892262,-0.6915770589374688,-0.7326,24,13,CIN @ MTL
11039,11,S11,3,3,1,1,6,2,0,0,1,9,3,8,5,3,0,2,11,40,11.0,4,-2.593535749265426,0.4353446118276123,0.10239999999999999,24,12,MIN @ OAK
11040,11,S11,3,6,2,3,10,5,0,0,9,7,10,4,4,2,1,0,21,60,12.0,14,6.807051909892263,-0.4250991612043392,-0.30180000000000007,23,8,COL @ PIT
11041,11,S11,3,0,3,5,3,3,0,0,7,16,3,4,5,1,0,0,11,49,12.0,3,-4.192948090107737,0.6246176853953551,0.69,19,10,ARI @ SDP
11042,11,S11,3,3,1,4,9,7,0,0,8,7,14,3,2,0,2,2,17,58,12.0,13,5.807051909892262,-0.32090889842098047,-0.9894000000000002,19,9,STL @ SFG
11043,11,S11,3,5,2,3,3,6,1,0,7,4,9,5,4,1,0,3,13,48,11.0,12,5.406464250734574,-0.3269430231221584,-0.8644000000000001,23,9,BAL @ TBR
11044,11,S11,3,1,1,4,4,5,0,0,9,8,6,5,10,1,3,0,10,53,13.0,2,-5.7923604309500485,0.8138907589630979,0.9747999999999999,26,17,DET @ TEX
11045,11,S11,3,2,0,4,8,3,0,0,8,7,3,5,6,3,2,1,14,46,11.0,5,-1.5935357492654256,0.36467645131112403,0.07139999999999991,19,11,ANA @ TOR
11046,11,S11,4,5,0,0,9,9,0,0,4,8,4,7,8,2,2,3,14,54,12.0,10,2.807051909892263,-0.033479686771056824,-0.3896,25,14,TEX @ ANA
11047,11,S11,4,3,0,1,8,2,0,0,9,9,2,5,9,2,0,0,12,48,12.0,6,-1.1929480901077372,0.3204274226119963,0.368,20,11,KCR @ CHC
11048,11,S11,4,0,0,1,8,6,0,0,9,9,2,5,5,3,0,0,9,45,11.0,1,-5.593535749265426,0.7479154001776888,0.7148,14,9,ARI @ COL
11049,11,S11,4,0,1,3,3,4,0,0,11,8,5,4,7,1,0,0,7,46,12.0,1,-6.192948090107737,0.8120468970452787,0.9657999999999999,23,11,CLE @ CWS
11050,11,S11,4,2,1,3,6,4,0,0,6,8,8,3,7,1,2,0,12,48,11.0,5,-1.5935357492654258,0.3688667140944828,0.17880000000000001,24,14,MIN @ DET
11051,11,S11,4,7,1,3,8,5,0,0,7,7,3,8,6,2,1,0,19,55,11.0,15,8.406464250734574,-0.6059917092053644,-1.4760000000000002,21,12,PIT @ LAD
11052,11,S11,4,2,0,5,4,10,0,0,7,6,7,6,4,2,1,1,11,51,11.0,7,0.4064642507345744,0.18143750244455914,-0.009200000000000062,20,10,STL @ MIL
11053,11,S11,4,2,1,2,4,6,0,0,7,12,4,5,4,1,0,1,9,48,12.0,5,-2.192948090107737,0.4246176853953551,0.41500000000000004,21,9,MTL @ NYM
11054,11,S11,4,3,2,3,3,3,0,0,9,10,8,4,2,0,0,0,11,47,11.0,9,2.406464250734574,-0.043704074255593625,-0.34000000000000014,18,5,BOS @ OAK
11055,11,S11,4,3,1,5,7,2,0,0,7,6,13,5,2,0,2,0,16,51,11.0,9,2.406464250734574,-0.01856249755544082,-0.7406,23,7,ATL @ PHI
11056,11,S11,4,9,1,3,13,9,0,0,7,12,5,3,4,1,1,1,26,66,11.0,21,14.406464250734574,-1.1557085558050586,-1.5680000000000003,16,9,CIN @ SDP
11057,11,S11,4,2,0,3,7,4,0,0,6,7,4,6,8,5,2,0,12,47,12.0,5,-2.192948090107737,0.4246176853953551,0.00839999999999995,20,14,HOU @ SEA
11058,11,S11,4,4,3,3,6,8,1,0,9,12,3,6,3,1,3,0,16,57,11.333333333333334,13,6.708192594302909,-0.41940349242876257,-1.0936000000000001,18,11,FLA @ SFG
11059,11,S11,4,1,0,2,3,5,0,0,14,6,3,2,5,0,1,3,6,41,11.0,1,-5.593535749265426,0.7479154001776888,0.7385999999999999,15,8,NYY @ TBR
11060,11,S11,4,3,1,0,2,5,0,0,6,17,2,4,6,0,1,1,6,46,12.0,3,-4.192948090107737,0.6204274226119963,0.6326,22,12,BAL @ TOR
11061,11,S11,5,1,0,1,4,4,0,0,12,9,3,8,4,0,0,0,6,46,12.0,3,-4.192948090107737,0.6120468970452786,0.4365999999999999,23,12,SEA @ ANA
11062,11,S11,5,4,0,4,4,3,0,0,9,9,3,2,7,3,0,0,12,45,11.0,8,1.4064642507345742,0.047915400177688715,-0.04280000000000002,15,9,CHC @ ARI
11063,11,S11,5,2,1,4,7,4,0,2,8,10,4,5,8,1,2,0,14,53,12.0,8,0.807051909892263,0.149759262095508,-0.08260000000000006,24,11,TBR @ BOS
11064,11,S11,5,0,0,4,4,4,0,0,5,15,3,5,2,3,0,0,8,42,11.0,2,-4.593535749265426,0.6353446118276123,0.4568,17,7,MIL @ CIN
11065,11,S11,5,2,1,5,5,8,1,0,6,17,5,5,3,0,2,0,13,57,12.0,9,1.8070519098922628,0.0665203132289432,0.0012000000000001454,21,9,SFG @ COL
11066,11,S11,5,0,0,3,4,5,0,0,11,11,1,7,7,3,3,1,7,49,13.666666666666666,1,-6.969237560524754,0.919007683570492,0.9747999999999997,24,9,HOU @ DET
11067,11,S11,5,2,1,2,11,3,0,0,6,6,7,5,3,2,0,1,16,46,10.0,9,3.005876591576886,-0.10364530833982483,-0.3401000000000002,18,7,ATL @ FLA
11068,11,S11,5,0,1,3,11,4,1,0,6,4,12,9,4,3,0,1,15,54,13.0,5,-1.8994650794846675,0.4204109610332011,0.19399999999999984,25,12,BAL @ KCR
11069,11,S11,5,2,1,2,4,4,0,0,8,17,2,4,4,1,0,0,9,48,12.0,7,-0.19294809010773717,0.2204274226119963,0.02120000000000004,18,8,SDP @ LAD
11070,11,S11,5,0,1,3,6,4,0,0,5,5,5,6,11,4,1,0,10,46,12.0,3,-4.192948090107738,0.6162371598286375,0.5887999999999998,24,15,CWS @ MIN
11071,11,S11,5,4,3,6,8,3,0,0,9,5,2,8,10,2,0,0,21,58,12.0,16,8.807051909892262,-0.6376699495544156,-0.3972,23,15,PHI @ MTL
11072,11,S11,5,2,0,1,3,8,0,0,8,10,4,3,4,3,0,1,6,43,11.0,4,-2.593535749265426,0.44372513739432995,0.2800000000000001,16,10,TOR @ NYM
11073,11,S11,5,3,1,1,2,3,0,0,5,7,11,4,4,2,0,0,7,41,11.0,4,-2.593535749265426,0.43115434904425354,0.2652,23,9,CLE @ NYY
11074,11,S11,5,2,1,1,5,4,0,0,5,13,4,7,3,0,0,1,9,45,11.0,4,-2.593535749265426,0.45210566296104754,0.06860000000000002,21,8,PIT @ STL
11075,11,S11,5,5,1,7,6,1,0,0,6,6,4,8,8,2,0,0,19,53,12.0,12,4.807051909892262,-0.25862126347120973,-0.26419999999999993,21,14,OAK @ TEX
11076,11,S11,6,4,0,5,8,8,0,0,4,12,5,7,3,1,0,2,17,57,12.0,12,4.807051909892263,-0.23347968677105685,-0.6738000000000002,26,13,ANA @ ARI
11077,11,S11,6,4,1,4,7,4,0,0,9,6,10,9,2,0,2,0,16,56,12.0,11,3.8070519098922633,-0.13766994955441567,-0.34299999999999986,19,8,MTL @ ATL
11078,11,S11,6,1,2,5,8,8,0,0,10,6,7,3,8,1,1,1,16,58,12.0,9,1.8070519098922628,0.070710576012302,-0.335,19,9,BOS @ BAL
11079,11,S11,6,0,1,3,4,7,0,0,7,6,6,7,7,1,0,2,8,48,12.0,1,-6.192948090107737,0.8288079481787138,0.9498,26,15,OAK @ CWS
11080,11,S11,6,3,0,4,2,8,0,0,7,11,6,3,4,1,2,1,9,48,11.0,7,0.40646425073457404,0.1730569768778416,0.14780000000000001,20,11,CLE @ DET
11081,11,S11,6,2,1,1,5,2,0,0,5,9,12,4,4,1,0,1,9,45,12.0,3,-4.192948090107738,0.6120468970452787,0.4664,23,9,MIL @ FLA
11082,11,S11,6,3,0,3,5,2,0,0,8,3,10,3,7,2,0,0,11,44,11.0,5,-1.5935357492654258,0.34372513739432997,0.06699999999999995,20,10,TEX @ HOU
11083,11,S11,6,1,0,3,9,4,0,0,7,5,7,6,7,1,0,0,13,49,11.0,7,0.40646425073457443,0.16467645131112393,0.03540000000000001,21,12,KCR @ MIN
11084,11,S11,6,2,0,3,8,3,0,0,5,12,4,7,4,2,2,0,13,48,12.0,5,-2.1929480901077376,0.4288079481787139,0.06099999999999994,24,8,TOR @ NYY
11085,11,S11,6,4,0,4,8,6,0,0,6,5,9,6,6,1,0,0,16,54,11.0,15,8.406464250734574,-0.6143722347720819,-0.09299999999999999,23,15,NYM @ PHI
11086,11,S11,6,5,1,6,2,10,0,0,16,22,7,4,5,0,0,0,14,78,18.0,14,3.210577864838394,0.005782710618147311,-0.27800000000000036,30,12,CIN @ PIT
11087,11,S11,6,2,0,7,7,3,0,0,1,11,5,4,6,3,0,1,16,47,11.0,7,0.40646425073457426,0.16048618852776514,-0.17620000000000005,23,10,COL @ SDP
11088,11,S11,6,1,0,2,8,3,0,0,9,8,2,4,8,2,1,3,11,45,12.0,1,-6.192948090107738,0.8246176853953551,0.8116,20,10,TBR @ SEA
11089,11,S11,6,0,2,2,7,6,0,0,7,10,7,2,3,3,1,1,11,46,11.0,4,-2.593535749265426,0.46048618852776513,0.253,20,6,LAD @ SFG
11090,11,S11,6,3,0,3,4,4,0,0,8,5,2,10,8,0,0,0,10,47,11.0,8,1.406464250734574,0.05629592574440636,-0.3261999999999998,21,12,CHC @ STL
11091,11,S11,7,5,1,4,7,11,0,0,9,18,5,3,5,1,1,1,17,68,14.0,9,0.60822722820764,0.23249567201435223,-0.40840000000000015,22,13,ATL @ ARI
11092,11,S11,7,3,0,3,6,5,0,0,6,10,4,9,5,1,2,1,12,51,12.0,9,1.8070519098922628,0.045568999312149104,0.0418,23,12,TEX @ BAL
11093,11,S11,7,3,2,9,7,5,0,0,11,13,9,11,5,4,0,1,21,75,18.0,12,-0.026734525128073394,0.3211334240480764,0.29239999999999994,31,13,CWS @ BOS
11094,11,S11,7,1,0,2,2,5,0,0,6,7,4,5,4,3,0,0,5,38,11.0,1,-5.593535749265426,0.7185835606941771,0.7385999999999998,20,8,PIT @ CHC
11095,11,S11,7,0,0,2,4,8,0,0,11,2,4,9,7,0,0,0,6,47,11.0,5,-1.593535749265426,0.3562959257444064,0.14360000000000006,21,14,MIN @ CLE
11096,11,S11,7,3,0,4,9,8,0,0,11,9,4,6,4,0,2,2,16,58,12.0,12,4.807051909892262,-0.22090889842098038,-0.6284000000000003,25,9,HOU @ COL
11097,11,S11,7,1,0,2,7,6,0,0,10,11,1,8,2,1,2,0,10,48,11.0,5,-1.5935357492654258,0.3688667140944828,0.10880000000000002,17,8,NYM @ FLA
11098,11,S11,7,3,0,5,9,6,0,0,6,7,12,7,7,3,3,0,17,62,14.0,11,2.6082272282076397,0.011544358097558362,-0.5977999999999997,27,15,DET @ KCR
11099,11,S11,7,3,1,3,12,6,0,0,6,10,4,6,8,1,4,1,19,59,12.0,11,3.8070519098922633,-0.11252837285426286,-0.28080000000000005,21,12,PHI @ LAD
11100,11,S11,7,1,1,3,3,3,0,0,4,6,18,2,6,0,0,0,8,47,12.0,2,-5.192948090107738,0.7162371598286374,0.5821999999999999,26,13,SFG @ MIL
11101,11,S11,7,3,3,7,11,6,1,0,10,10,1,6,4,1,0,1,24,61,11.0,16,9.406464250734574,-0.6808501325052116,-1.0206000000000006,18,9,SDP @ MTL
11102,11,S11,7,2,0,2,4,4,0,0,7,8,5,9,2,0,1,2,8,43,11.0,4,-2.593535749265426,0.45210566296104754,0.03339999999999998,22,7,ANA @ OAK
11103,11,S11,7,4,1,1,5,5,1,0,11,9,5,2,6,1,0,1,11,49,11.666666666666666,7,0.14284526782584206,0.195228612385356,-0.4670000000000001,18,11,NYY @ SEA
11104,11,S11,7,1,0,2,6,4,0,0,10,6,8,6,1,2,0,0,9,44,11.0,6,-0.5935357492654258,0.24372513739433,0.2224,15,6,CIN @ STL
11105,11,S11,7,2,0,1,4,3,0,0,6,11,4,7,5,0,0,0,7,43,11.0,3,-3.593535749265426,0.5395348746109712,0.38420000000000004,23,12,TOR @ TBR
11106,11,S11,8,5,1,1,10,9,0,1,7,8,2,9,8,2,3,0,17,60,12.0,12,4.807051909892263,-0.21671863563762161,-0.3807999999999998,23,15,ATL @ ANA
11107,11,S11,8,2,1,2,5,3,0,0,7,4,5,9,11,0,1,0,10,49,12.0,5,-2.192948090107737,0.428807948178714,0.29039999999999994,25,14,STL @ BAL
11108,11,S11,8,2,0,2,5,5,0,0,4,8,3,7,9,4,1,0,9,45,11.666666666666666,5,-2.022035138940009,0.3949556019285059,0.14120000000000005,26,12,PIT @ BOS
11109,11,S11,8,2,0,3,12,7,0,0,11,9,5,6,1,3,0,1,17,56,12.0,6,-1.1929480901077372,0.35813978766222554,0.039200000000000006,20,4,LAD @ CLE
11110,11,S11,8,2,0,4,5,5,0,0,7,12,3,3,7,1,0,0,11,48,11.0,6,-0.5935357492654256,0.2604861885277652,0.014599999999999932,23,10,SFG @ CWS
11111,11,S11,8,3,2,2,2,5,0,0,7,15,1,2,4,1,1,1,9,44,11.0,6,-0.5935357492654256,0.2521056629610475,0.09519999999999998,19,9,COL @ DET
11112,11,S11,8,1,0,3,8,2,0,0,2,16,7,3,5,0,0,1,12,48,12.0,2,-5.192948090107737,0.7246176853953551,0.5703999999999999,25,10,MTL @ HOU
11113,11,S11,8,5,1,4,9,5,0,0,3,8,5,10,5,2,0,0,19,55,11.0,14,7.406464250734574,-0.5101819719887232,-0.5008,23,12,SDP @ KCR
11114,11,S11,8,3,0,2,2,5,0,0,10,10,5,2,7,2,1,0,7,46,12.0,4,-3.192948090107737,0.5162371598286375,0.21919999999999987,18,9,ARI @ MIN
11115,11,S11,8,3,0,2,9,7,0,0,7,12,5,3,6,2,0,1,14,54,12.0,11,3.807051909892263,-0.15024073790449205,-0.29739999999999994,18,11,CIN @ NYY
11116,11,S11,8,4,0,3,8,6,0,0,10,7,6,5,5,2,0,1,15,54,12.0,11,3.807051909892263,-0.15024073790449205,-0.38799999999999996,20,11,PHI @ OAK
11117,11,S11,8,1,0,4,17,6,0,0,7,4,2,8,6,4,2,2,22,55,11.0,11,4.406464250734575,-0.19342092085528795,-0.49040000000000017,20,13,FLA @ SEA
11118,11,S11,8,0,1,4,9,10,0,0,10,6,6,5,5,2,3,2,14,56,12.0,7,-0.19294809010773695,0.27490083879566074,0.06140000000000023,21,10,MIL @ TBR
11119,11,S11,8,2,1,4,8,3,0,0,12,10,10,5,4,0,0,1,15,59,14.0,6,-2.3917727717923603,0.4905930441807642,0.04279999999999998,22,11,NYM @ TEX
11120,11,S11,8,0,1,4,9,6,0,0,11,8,1,6,7,3,0,0,14,53,12.0,6,-1.1929480901077376,0.34137873652879036,0.011399999999999941,20,11,CHC @ TOR
11121,11,S11,9,0,1,2,7,2,1,0,12,6,3,8,6,1,4,0,10,47,12.0,3,-4.192948090107737,0.6329982109620728,0.5722000000000002,22,8,BAL @ ANA
11122,11,S11,9,2,1,4,5,7,0,0,9,14,3,5,1,1,0,0,12,51,11.0,8,1.4064642507345744,0.07305697687784159,-0.2056,15,7,SDP @ ATL
11123,11,S11,9,2,2,3,3,3,0,0,7,3,9,4,5,2,0,1,10,42,11.0,4,-2.593535749265426,0.4395348746109711,0.06419999999999984,19,8,SEA @ BOS
11124,11,S11,9,3,1,2,7,7,0,0,7,5,5,5,12,2,1,0,13,54,12.0,11,3.8070519098922624,-0.15024073790449205,-0.2936000000000001,27,15,STL @ CHC
11125,11,S11,9,3,0,6,3,5,0,0,9,15,3,5,2,2,0,0,12,51,12.0,5,-2.192948090107737,0.4329982109620727,0.34279999999999994,18,8,PIT @ CIN
11126,11,S11,9,1,0,6,7,4,0,0,5,10,8,8,1,1,1,0,14,50,11.0,6,-0.593535749265426,0.2730569768778416,0.2234,20,10,FLA @ COL
11127,11,S11,9,0,1,4,5,6,0,0,12,8,5,6,5,0,0,0,10,52,12.0,4,-3.192948090107737,0.5371884737454315,0.40759999999999985,19,10,NYY @ HOU
11128,11,S11,9,3,2,2,5,4,0,0,6,8,13,3,3,0,0,0,12,49,11.0,7,0.40646425073457404,0.16467645131112393,0.01579999999999991,18,5,CLE @ KCR
11129,11,S11,9,4,0,5,3,1,0,0,12,10,4,4,3,0,0,0,12,46,11.0,7,0.40646425073457415,0.15210566296104755,-0.13200000000000003,18,9,MTL @ LAD
11130,11,S11,9,2,2,1,2,7,0,0,16,6,6,5,3,0,0,0,7,50,12.0,5,-2.192948090107737,0.42880794817871387,0.024400000000000067,16,6,CWS @ MIL
11131,11,S11,9,6,2,4,10,5,0,0,14,12,17,9,10,2,3,2,22,89,22.0,12,-1.1870714985308513,0.5125918514888127,0.7273999999999998,39,18,DET @ MIN
11132,11,S11,9,1,0,1,6,3,0,0,4,16,6,4,5,1,2,0,8,46,12.0,3,-4.192948090107737,0.6204274226119962,0.3349999999999999,23,10,ARI @ NYM
11133,11,S11,9,2,0,3,4,3,0,0,11,6,4,7,5,2,1,1,9,45,12.0,4,-3.1929480901077376,0.5162371598286375,0.3116,17,8,TBR @ OAK
11134,11,S11,9,0,1,3,6,4,1,0,6,13,5,3,11,3,2,0,10,52,13.666666666666666,5,-2.9692375605247543,0.5231979463538509,0.27440000000000014,25,15,PHI @ SFG
11135,11,S11,9,1,1,3,5,4,0,0,7,8,4,7,9,0,1,1,10,49,12.0,8,0.8070519098922626,0.13299821096207276,-0.285,21,10,TOR @ TEX
11136,11,S11,10,4,1,5,10,8,0,0,12,7,1,6,8,2,2,0,20,62,12.0,16,8.807051909892262,-0.6125283728542628,-1.5668000000000002,17,11,COL @ ARI
11137,11,S11,10,3,1,8,7,9,0,0,6,6,11,6,5,2,2,0,19,62,12.0,16,8.807051909892262,-0.6125283728542629,-0.336,27,9,SFG @ ATL
11138,11,S11,10,2,0,3,7,5,0,0,7,10,9,3,4,1,2,2,12,50,12.0,6,-1.1929480901077376,0.3455689993121492,0.21679999999999988,22,7,OAK @ BAL
11139,11,S11,10,3,0,4,5,5,0,0,9,7,8,6,3,0,0,0,12,50,11.0,8,1.406464250734574,0.06886671409448283,-0.4128000000000001,18,10,CIN @ CHC
11140,11,S11,10,1,1,4,9,4,2,0,13,9,14,7,9,4,1,0,15,72,19.0,9,-5.915808846445385,0.8974700678297312,2.307000000000001,36,12,CWS @ CLE
11141,11,S11,10,5,1,5,8,3,0,1,5,5,9,8,5,1,2,0,19,54,11.0,14,7.406464250734574,-0.5059917092053644,-0.7655999999999996,23,15,KCR @ DET
11142,11,S11,10,2,0,3,6,6,1,0,7,5,9,3,5,0,1,2,11,47,11.0,5,-1.5935357492654258,0.3688667140944828,-0.08220000000000012,21,13,NYM @ MTL
11143,11,S11,10,0,3,8,4,4,0,0,8,9,3,4,4,2,1,1,15,48,11.0,9,2.406464250734574,-0.031133285905517255,0.07980000000000001,18,9,TEX @ NYY
11144,11,S11,10,1,0,0,5,10,0,0,8,9,5,4,9,1,2,0,6,51,12.0,2,-5.192948090107737,0.7413787365287904,0.5384,22,14,FLA @ PHI
11145,11,S11,10,1,1,3,3,4,0,0,11,9,4,6,4,2,0,0,8,46,12.0,3,-4.192948090107738,0.6120468970452787,0.5840000000000001,20,11,MIL @ PIT
11146,11,S11,10,0,2,2,2,2,0,0,10,11,8,8,4,0,0,1,6,49,14.0,1,-7.39177277179236,0.9486904163471762,1.1201999999999996,26,9,LAD @ SDP
11147,11,S11,10,1,1,5,7,5,1,0,6,14,4,1,5,2,1,2,14,50,12.0,4,-3.1929480901077367,0.5413787365287903,0.4542,22,12,ANA @ SEA
11148,11,S11,10,2,0,2,4,6,0,0,11,8,3,5,5,1,0,0,8,46,11.0,2,-4.593535749265426,0.6521056629610475,0.3934,14,10,MIN @ STL
11149,11,S11,10,2,0,2,11,4,0,0,8,9,7,8,1,2,0,1,15,52,12.0,5,-2.1929480901077376,0.44137873652879034,-0.06959999999999983,22,11,BOS @ TBR
11150,11,S11,10,5,0,3,5,4,0,0,7,13,6,2,4,1,0,0,13,49,11.0,11,4.406464250734574,-0.23532354868887606,-0.35660000000000003,21,8,HOU @ TOR
11151,11,S11,11,4,2,8,5,5,0,0,10,12,5,4,3,0,1,0,19,59,12.0,14,6.807051909892262,-0.4292894239876981,-0.9747999999999997,19,7,KCR @ ANA
11152,11,S11,11,4,0,5,7,11,0,0,12,7,2,7,7,1,0,0,16,62,12.0,17,9.807051909892262,-0.7209088984209804,-0.20720000000000005,17,14,STL @ CIN
11153,11,S11,11,1,0,1,3,4,0,0,8,9,4,7,3,1,0,1,5,40,11.0,2,-4.593535749265426,0.6311543490442535,0.42160000000000003,20,11,SDP @ COL
11154,11,S11,11,0,0,5,2,7,0,0,8,11,2,8,3,1,0,0,7,46,11.0,2,-4.593535749265426,0.6521056629610475,0.4215999999999999,16,7,BAL @ CWS
11155,11,S11,11,1,2,2,3,4,0,0,7,10,8,2,2,1,0,3,8,41,11.0,3,-3.593535749265426,0.5437251373943299,0.22799999999999995,21,5,TOR @ DET
11156,11,S11,11,4,0,6,9,9,0,0,7,3,10,5,5,2,0,1,19,58,11.0,7,0.4064642507345745,0.20657907914471205,-0.3160000000000001,21,11,BOS @ FLA
11157,11,S11,11,0,0,1,6,5,0,1,10,10,2,5,4,2,1,0,7,43,11.0,1,-5.593535749265426,0.74372513739433,0.7148,18,7,SEA @ HOU
11158,11,S11,11,2,0,1,3,4,0,0,14,8,8,2,2,1,0,1,6,44,12.0,3,-4.192948090107738,0.6078566342619199,0.6532,16,8,SFG @ LAD
11159,11,S11,11,1,2,3,6,8,0,0,9,6,5,7,6,3,0,0,12,53,12.0,9,1.807051909892263,0.04137873652879032,-0.5141999999999998,21,15,CHC @ MIL
11160,11,S11,11,3,1,2,8,3,0,0,6,6,7,6,9,2,0,0,14,51,12.0,8,0.8070519098922627,0.1329982109620727,-0.2134,26,14,CLE @ MIN
11161,11,S11,11,0,1,3,4,2,0,0,7,16,1,2,6,1,0,0,8,42,11.0,3,-3.593535749265426,0.5353446118276124,0.4900000000000001,18,7,PIT @ MTL
11162,11,S11,11,3,0,1,5,4,0,0,8,13,1,2,6,1,2,2,9,43,11.0,5,-1.5935357492654258,0.35210566296104756,0.07219999999999988,19,10,ATL @ NYM
11163,11,S11,11,2,0,4,3,1,0,0,5,10,9,6,3,1,1,2,9,43,12.0,2,-5.192948090107738,0.7120468970452787,0.5693999999999999,21,11,TBR @ NYY
11164,11,S11,11,0,0,0,7,4,0,0,8,8,7,9,1,0,0,0,7,44,11.0,3,-3.593535749265426,0.5437251373943299,0.4965999999999999,16,6,TEX @ OAK
11165,11,S11,11,4,1,6,8,3,0,0,10,13,8,3,2,0,0,0,19,58,12.0,13,5.807051909892263,-0.33766994955441565,-0.37720000000000004,18,5,ARI @ PHI
11166,11,S11,12,0,1,4,3,2,0,0,7,18,5,2,4,0,0,0,8,46,12.0,3,-4.192948090107737,0.6120468970452787,0.29819999999999997,20,7,SDP @ ARI
11167,11,S11,12,5,2,6,6,6,0,0,7,9,11,3,3,0,1,0,19,58,11.0,18,11.406464250734574,-0.8934209208552879,-0.40180000000000005,15,10,DET @ BOS
11168,11,S11,12,3,1,2,7,1,0,0,6,9,4,3,9,2,0,0,13,45,11.0,6,-0.5935357492654257,0.24791540017768873,-0.005399999999999967,17,10,ATL @ CHC
11169,11,S11,12,1,1,5,7,1,0,0,9,9,2,7,9,0,0,0,14,51,12.0,10,2.807051909892263,-0.06700178903792725,0.03799999999999992,19,12,SEA @ CWS
11170,11,S11,12,4,0,3,4,7,1,0,4,11,5,7,1,0,2,1,11,46,9.666666666666666,11,5.176789542744614,-0.31235607788987996,-0.9458,19,10,MTL @ FLA
11171,11,S11,12,4,0,4,9,11,1,0,9,3,6,11,14,2,3,0,17,71,15.0,11,0.7715024973988609,0.23292919622866548,-0.319,32,22,ANA @ HOU
11172,11,S11,12,3,0,5,7,6,0,0,12,3,9,6,5,1,1,0,15,56,12.0,10,2.807051909892263,-0.04186021233777447,-0.7596,21,9,TEX @ KCR
11173,11,S11,12,1,4,7,7,4,1,0,8,7,5,7,5,0,0,1,19,55,11.0,13,6.406464250734574,-0.4059917092053644,-0.48260000000000014,21,11,COL @ LAD
11174,11,S11,12,1,1,2,4,4,0,0,11,9,4,5,3,1,0,0,8,44,11.0,5,-1.5935357492654258,0.34372513739432997,-0.0029999999999999263,17,9,CIN @ MIL
11175,11,S11,12,4,1,2,5,3,0,0,10,8,2,2,6,2,0,1,12,44,11.0,6,-0.5935357492654257,0.24791540017768876,0.1726000000000001,15,11,TOR @ MIN
11176,11,S11,12,2,1,4,6,2,0,0,11,8,9,5,2,0,2,1,13,50,12.0,8,0.8070519098922633,0.1413787365287903,-0.19240000000000015,16,9,PHI @ NYM
11177,11,S11,12,3,1,2,3,7,0,0,6,16,4,5,2,1,1,2,9,49,12.0,6,-1.1929480901077372,0.3371884737454315,-0.05259999999999999,20,7,BAL @ NYY
11178,11,S11,12,3,2,3,7,10,0,0,11,6,1,8,7,3,1,0,15,58,12.0,13,5.807051909892263,-0.33347968677105677,-0.3082,20,14,STL @ PIT
11179,11,S11,12,1,1,6,3,5,1,0,15,4,6,4,4,1,0,0,11,50,12.0,3,-4.192948090107738,0.6288079481787139,0.2122000000000001,14,9,OAK @ SFG
11180,11,S11,12,3,0,5,5,6,0,0,7,9,5,4,5,2,1,1,13,49,11.0,9,2.406464250734574,-0.02694302312215846,-0.4600000000000001,20,10,CLE @ TBR
11181,11,S11,13,6,2,3,11,11,0,0,8,7,6,5,4,2,1,1,22,63,11.0,17,10.406464250734574,-0.7682793441551352,-0.38939999999999986,21,10,MIL @ ARI
11182,11,S11,13,1,1,2,8,2,0,0,9,9,6,5,3,1,0,1,12,46,11.333333333333334,4,-2.832789778762091,0.48022132869407286,-0.11460000000000009,21,6,FLA @ ATL
11183,11,S11,13,2,0,0,5,2,0,0,6,7,2,11,5,2,0,0,7,40,11.0,4,-2.593535749265426,0.4269640862608947,0.008600000000000088,17,10,TOR @ BAL
11184,11,S11,13,2,0,2,8,5,0,0,6,13,5,4,6,1,0,0,12,51,11.666666666666666,7,-0.02203513894000919,0.21590691584529992,-0.0726,20,12,LAD @ CIN
11185,11,S11,13,2,1,4,5,2,0,0,6,9,6,7,5,3,0,0,12,47,12.0,5,-2.1929480901077376,0.41623715982863746,0.07540000000000004,23,13,DET @ CLE
11186,11,S11,13,3,0,1,2,12,0,0,10,15,2,1,5,2,1,1,6,51,12.0,7,-0.19294809010773717,0.24137873652879036,0.05939999999999998,13,6,KCR @ CWS
11187,11,S11,13,1,1,3,7,4,0,0,10,7,10,6,2,1,1,0,12,51,12.0,5,-2.192948090107737,0.43718847374543157,-0.06740000000000002,21,7,BOS @ HOU
11188,11,S11,13,3,0,3,5,4,0,0,9,8,7,6,5,1,0,0,11,50,12.0,7,-0.19294809010773717,0.2288079481787139,0.3448,21,11,TBR @ MIN
11189,11,S11,13,4,4,6,6,4,0,0,7,11,3,5,7,2,0,1,20,57,12.0,13,5.807051909892262,-0.3376699495544156,-0.13059999999999994,22,12,NYY @ MTL
11190,11,S11,13,4,2,2,4,8,0,0,8,10,3,7,10,3,1,0,12,58,13.666666666666666,8,-0.22085982062463194,0.2693114862806326,-0.3140000000000002,23,16,CHC @ NYM
11191,11,S11,13,1,0,3,6,5,0,1,8,9,5,4,7,0,2,0,10,48,11.0,6,-0.5935357492654258,0.2688667140944828,0.11459999999999995,20,11,PIT @ PHI
11192,11,S11,13,3,0,3,8,4,0,0,8,12,8,4,2,2,2,0,14,52,12.0,8,0.8070519098922625,0.14556899931214917,-0.19819999999999982,15,7,STL @ SDP
11193,11,S11,13,2,1,4,5,4,0,0,11,6,7,1,5,2,1,1,12,46,11.0,5,-1.5935357492654254,0.36048618852776515,0.289,18,9,OAK @ SEA
11194,11,S11,13,2,2,3,6,6,0,0,13,8,4,3,4,1,1,0,13,51,11.0,11,4.406464250734574,-0.2227527603387996,-0.7288,15,7,COL @ SFG
11195,11,S11,13,4,1,7,3,4,0,1,11,9,4,6,5,1,1,0,15,54,12.0,11,3.8070519098922633,-0.15024073790449205,-0.43579999999999997,22,13,ANA @ TEX
11196,11,S11,14,4,3,5,6,6,0,0,7,6,6,5,8,3,2,1,18,56,12.0,12,4.807051909892262,-0.23347968677105688,-0.4776000000000001,21,12,BAL @ BOS
11197,11,S11,14,3,0,1,4,6,0,0,10,10,3,5,6,1,2,1,8,48,12.0,5,-2.1929480901077376,0.4329982109620727,0.18259999999999998,21,12,CHC @ COL
11198,11,S11,14,1,1,1,4,3,0,0,3,11,3,8,3,3,0,2,7,38,11.0,3,-3.593535749265426,0.5269640862608947,0.48640000000000005,23,12,CWS @ DET
11199,11,S11,14,2,2,3,4,5,0,0,4,13,8,2,5,1,0,0,11,48,11.0,7,0.40646425073457393,0.1604861885277652,-0.3610000000000001,21,10,CIN @ FLA
11200,11,S11,14,1,0,1,4,4,0,0,9,3,8,11,1,0,0,1,6,42,11.0,2,-4.593535749265426,0.6395348746109711,0.40259999999999996,20,9,MIN @ KCR
11201,11,S11,14,2,0,2,7,0,0,0,6,12,2,4,7,2,1,0,11,42,11.0,4,-2.593535749265426,0.4395348746109711,-0.062399999999999935,18,10,ARI @ LAD
11202,11,S11,14,2,4,8,7,3,2,0,8,20,6,9,8,1,0,2,21,75,18.0,11,-1.026734525128073,0.4253236868314353,-0.14100000000000035,36,15,ATL @ MTL
11203,11,S11,14,3,0,0,4,3,0,0,9,9,1,6,7,1,1,0,7,42,11.0,4,-2.593535749265426,0.4395348746109711,0.21739999999999993,19,9,HOU @ OAK
11204,11,S11,14,0,0,2,3,5,0,0,7,9,11,0,7,1,1,1,5,44,12.0,1,-6.192948090107738,0.8120468970452788,0.9266000000000001,22,10,MIL @ PHI
11205,11,S11,14,4,0,6,5,8,0,0,10,11,2,8,10,1,2,0,15,64,14.0,10,1.6082272282076402,0.115734620880917,-0.4129999999999998,26,17,CLE @ PIT
11206,11,S11,14,4,1,3,2,3,1,0,12,11,3,1,3,0,0,2,10,44,11.333333333333334,7,0.9509913038316571,0.09765295765133924,-0.19660000000000005,19,6,SFG @ SDP
11207,11,S11,14,1,0,5,8,7,0,0,5,7,9,4,9,2,1,0,14,55,12.0,9,1.8070519098922633,0.0539495248788667,-0.16419999999999996,23,10,TEX @ SEA
11208,11,S11,14,4,0,3,6,10,0,0,6,9,10,6,4,1,0,0,13,58,12.0,9,1.8070519098922624,0.062330050445584456,-0.028400000000000074,17,7,NYM @ STL
11209,11,S11,14,4,1,2,5,2,0,0,12,6,4,3,6,2,1,0,12,45,11.0,9,2.406464250734574,-0.04789433703895241,-0.08239999999999995,19,8,ANA @ TBR
11210,11,S11,14,3,1,4,8,6,0,1,9,10,3,2,7,5,0,0,16,53,12.0,8,0.8070519098922627,0.1413787365287903,0.2615999999999999,16,10,NYY @ TOR
11211,11,S11,15,3,1,7,7,4,1,0,5,6,4,7,8,1,2,2,18,52,11.0,13,6.406464250734574,-0.4059917092053644,-0.39899999999999974,23,13,CWS @ ANA
11212,11,S11,15,3,1,2,1,2,0,0,13,10,4,2,4,0,1,0,7,42,11.0,4,-2.593535749265426,0.4395348746109711,0.16119999999999995,16,6,BAL @ ATL
11213,11,S11,15,3,2,2,4,2,0,0,20,12,3,2,5,0,0,0,11,55,14.0,7,-1.3917727717923603,0.3696417302639703,-0.038999999999999924,18,5,SDP @ CHC
11214,11,S11,15,1,0,0,0,5,0,0,7,9,6,2,10,1,0,1,1,40,12.0,1,-6.192948090107738,0.7910955831284847,0.8116000000000001,23,12,COL @ CIN
11215,11,S11,15,3,0,4,9,3,0,0,5,6,12,6,3,3,1,1,16,51,12.0,10,2.807051909892263,-0.0586212634712097,-0.5684,24,9,OAK @ CLE
11216,11,S11,15,2,3,5,8,5,0,0,11,11,1,2,5,3,3,0,18,53,11.0,12,5.406464250734574,-0.3059917092053644,-0.06720000000000007,14,7,SEA @ DET
11217,11,S11,15,1,0,5,6,2,0,0,6,8,4,7,6,1,0,1,12,45,11.0,3,-3.593535749265426,0.5521056629610476,0.30920000000000014,23,12,KCR @ HOU
11218,11,S11,15,6,1,2,10,11,0,0,14,15,8,6,4,1,1,2,19,78,17.333333333333332,9,-1.4292638238159594,0.48233766783365906,0.31639999999999996,29,14,LAD @ MIL
11219,11,S11,15,2,1,4,4,3,0,0,7,4,10,8,4,2,0,1,11,47,12.0,3,-4.192948090107738,0.6204274226119963,0.20839999999999992,24,14,FLA @ NYM
11220,11,S11,15,0,0,4,5,4,0,0,11,9,7,5,3,1,3,0,9,48,12.0,2,-5.192948090107737,0.7329982109620727,0.6843999999999998,19,5,BOS @ NYY
11221,11,S11,15,0,1,2,6,3,0,0,12,9,3,3,4,2,3,0,9,43,11.0,2,-4.593535749265426,0.6521056629610475,0.46859999999999996,13,7,MTL @ PHI
11222,11,S11,15,1,1,1,6,2,0,0,9,12,4,2,3,2,1,1,9,41,11.0,1,-5.593535749265426,0.7395348746109712,0.7386000000000003,15,8,SFG @ PIT
11223,11,S11,15,1,0,1,8,4,0,0,9,4,5,8,5,1,3,1,10,45,11.0,3,-3.593535749265426,0.564676451311124,0.44859999999999994,20,9,ARI @ STL
11224,11,S11,15,3,0,2,6,3,0,0,8,6,1,8,8,3,0,0,11,46,12.0,4,-3.192948090107737,0.5120468970452787,0.2976,20,15,MIN @ TEX
11225,11,S11,15,1,1,2,9,3,0,0,14,5,0,5,8,3,1,1,13,48,12.0,5,-2.1929480901077376,0.4288079481787139,-0.05119999999999997,17,11,TBR @ TOR
11226,11,S11,16,5,0,2,5,1,0,0,9,3,5,9,4,1,0,1,12,44,11.0,7,0.40646425073457415,0.1479154001776887,-0.8936,22,13,OAK @ ANA
11227,11,S11,16,2,0,0,4,5,0,0,8,11,4,3,6,4,0,0,6,43,12.0,4,-3.192948090107737,0.4994761086952023,0.2876000000000001,16,8,PHI @ ATL
11228,11,S11,16,0,0,3,6,3,0,0,9,8,4,4,10,1,0,0,9,47,12.0,3,-4.192948090107738,0.6162371598286375,0.16959999999999975,21,12,TBR @ BAL
11229,11,S11,16,1,1,2,2,7,0,0,6,11,3,7,4,2,2,0,6,44,11.0,2,-4.593535749265426,0.6521056629610475,0.4685999999999999,19,9,DET @ CIN
11230,11,S11,16,2,1,3,3,1,0,0,9,7,5,6,5,0,0,1,9,42,11.0,3,-3.593535749265426,0.5395348746109712,0.5604000000000001,21,11,MTL @ COL
11231,11,S11,16,2,1,2,5,3,0,0,7,8,5,10,5,1,0,0,10,48,12.0,7,-0.19294809010773734,0.22042742261199633,-0.15099999999999997,19,7,MIN @ CWS
11232,11,S11,16,1,0,2,5,3,0,0,5,13,4,3,7,2,4,0,8,44,11.666666666666666,3,-4.022035138940009,0.6033361274952235,0.2984000000000001,22,11,LAD @ FLA
11233,11,S11,16,5,0,3,9,7,0,1,4,10,4,12,2,4,0,0,17,56,12.0,11,3.807051909892263,-0.14605047512113328,-0.4038,21,11,NYY @ KCR
11234,11,S11,16,2,0,3,4,6,0,0,12,10,3,3,7,0,0,0,9,50,11.666666666666666,7,0.22958712115986835,0.18655442705195346,-0.579,19,10,CHC @ PIT
11235,11,S11,16,4,0,0,6,6,0,0,13,13,4,2,2,2,0,0,10,50,12.0,5,-2.192948090107737,0.42880794817871387,0.301,15,6,NYM @ SDP
11236,11,S11,16,2,2,4,5,7,0,0,16,7,4,3,2,1,0,0,13,52,11.0,11,4.406464250734574,-0.2227527603387996,-0.3120000000000001,13,6,ARI @ SFG
11237,11,S11,16,3,1,6,9,6,0,0,10,11,6,5,1,0,0,0,19,58,11.0,11,4.406464250734574,-0.19761118363864674,-0.6749999999999999,20,2,CLE @ SEA
11238,11,S11,16,4,0,7,3,7,0,0,8,8,12,3,5,0,0,0,14,57,12.0,9,1.8070519098922624,0.058139787662225606,-0.1866000000000001,20,11,MIL @ STL
11239,11,S11,16,4,0,2,8,1,0,1,8,9,7,7,3,0,1,1,14,49,11.666666666666666,7,-0.022035138940008858,0.2159069158452999,-0.6408,22,8,HOU @ TEX
11240,11,S11,16,4,0,5,4,5,1,0,11,5,5,6,5,1,0,0,13,50,11.0,10,3.4064642507345737,-0.13113328590551726,-0.5310000000000001,17,12,BOS @ TOR
12001,12,S12,1,3,0,1,4,2,0,0,7,9,1,8,5,1,1,0,8,41,11.0,4,-2.892267019167217,0.45792732819611137,0.16120000000000004,19,13,NYM @ ARI
12002,12,S12,1,2,0,4,2,5,0,0,3,14,4,5,6,1,0,0,8,45,11.0,3,-2.5015953688720742,0.4309102079008392,0.024200000000000083,23,13,MTL @ ATL
12003,12,S12,1,4,1,2,7,6,0,0,11,8,3,1,12,1,1,0,14,55,12.0,11,3.481163251817581,-0.12318215680923857,-0.6815999999999998,23,13,PIT @ CHC
12004,12,S12,1,3,1,0,5,3,0,0,6,13,4,1,7,1,1,1,9,43,11.0,7,0.4763709195492102,0.13311357905871074,-0.7136,18,8,TOR @ CWS
12005,12,S12,1,2,0,3,8,7,0,0,3,15,6,4,6,1,2,1,13,54,12.0,6,-1.5188367481824188,0.3808345247688421,-0.2522,23,9,SEA @ CIN
12006,12,S12,1,3,1,5,2,5,0,0,7,13,4,7,4,1,0,0,11,51,12.0,10,2.4811632518175806,-0.043265564699642094,-0.23919999999999975,21,8,NYY @ CLE
12007,12,S12,1,1,0,2,5,10,0,0,6,10,4,5,2,3,3,1,8,46,11.0,2,-4.8922670191672175,0.690060780820757,0.40259999999999985,17,12,BOS @ DET
12008,12,S12,1,1,1,5,3,1,0,0,14,11,2,3,3,1,0,0,10,44,11.333333333333334,5,-1.6552003845460552,0.3422540278901566,-0.2123999999999999,18,7,MIL @ FLA
12009,12,S12,1,1,1,3,17,7,0,0,10,4,5,8,6,3,0,0,22,62,12.0,11,3.4811632518175806,-0.09908206734075434,-0.9823999999999999,22,12,TBR @ KCR
12010,12,S12,1,7,0,5,5,5,0,0,6,9,5,4,9,1,1,0,17,55,11.333333333333334,17,9.880032325327802,-0.7630690641602607,-1.5137999999999998,26,11,COL @ LAD
12011,12,S12,1,5,0,3,6,4,0,0,6,17,1,5,2,1,1,1,14,49,11.0,7,0.10773298083278271,0.19407746239883772,-0.6978,20,7,BAL @ MIN
12012,12,S12,1,2,0,4,6,3,0,0,6,5,2,9,7,3,2,1,12,44,11.0,5,-1.8922670191672175,0.3780107360865149,-0.5102000000000002,20,10,ANA @ OAK
12013,12,S12,1,3,2,1,4,5,0,0,9,3,6,7,10,0,0,1,10,50,12.0,7,-0.5188367481824193,0.2567344353003579,-0.18379999999999996,24,15,STL @ PHI
12014,12,S12,1,1,1,8,8,10,0,0,7,5,5,8,6,3,3,2,18,59,12.0,9,1.4811632518175806,0.10895129581540705,-0.3194,26,14,SDP @ SFG
12015,12,S12,1,1,1,3,8,10,0,0,9,10,4,6,6,1,2,0,13,58,12.0,8,0.4811632518175808,0.19288456950308425,-0.3592000000000001,21,11,HOU @ TEX
12016,12,S12,2,4,0,2,8,3,0,0,10,8,7,7,7,0,4,3,14,56,14.0,9,0.22802379378717763,0.2302485600403667,-0.4034000000000002,26,17,SEA @ ANA
12017,12,S12,2,3,1,5,7,3,0,0,5,8,8,5,6,1,1,0,16,51,11.0,9,2.1077329808327825,-0.001905856023081555,-0.2020000000000001,23,9,MTL @ ARI
12018,12,S12,2,6,0,6,7,2,0,0,6,15,7,3,4,1,2,0,19,56,12.0,13,5.481163251817581,-0.3151487936530772,-0.2666,24,9,FLA @ ATL
12019,12,S12,2,3,0,4,4,4,0,0,3,3,8,11,8,0,2,0,11,48,11.0,8,1.1077329808327827,0.09006078082075705,-0.06240000000000003,26,13,NYY @ BAL
12020,12,S12,2,4,0,5,7,8,1,0,5,9,4,6,5,3,2,1,16,53,11.0,11,4.1077329808327825,-0.18583912971075878,-0.3226000000000001,20,13,TBR @ BOS
12021,12,S12,2,1,0,3,6,6,0,0,7,17,7,12,3,1,1,1,10,62,16.0,3,-7.025115664243225,0.9595791874214876,1.0743999999999998,34,14,PIT @ CIN
12022,12,S12,2,2,2,4,12,8,0,0,10,9,7,4,2,1,1,0,20,60,11.0,14,7.1077329808327825,-0.4657557218203552,-1.0348000000000002,19,6,SFG @ COL
12023,12,S12,2,0,1,4,4,4,0,0,5,14,8,4,1,1,1,0,9,45,11.0,1,-5.8922670191672175,0.7739940545084342,0.7148,17,7,OAK @ HOU
12024,12,S12,2,1,0,4,6,2,0,0,4,10,10,5,3,1,1,0,11,45,11.0,5,-1.8922670191672175,0.3739940545084342,0.04600000000000006,19,8,DET @ KCR
12025,12,S12,2,0,0,2,7,6,0,0,13,9,4,6,2,0,0,0,9,50,12.0,5,-2.518836748182419,0.4527177537222772,-0.073,19,9,CHC @ MIL
12026,12,S12,2,5,1,6,4,4,0,0,9,17,1,5,1,0,0,0,16,53,11.0,11,4.1077329808327825,-0.19788917444500087,-1.1893999999999998,15,3,CWS @ MIN
12027,12,S12,2,1,0,2,12,4,0,0,3,11,9,6,3,1,5,3,15,51,12.0,5,-2.518836748182419,0.4888678879250035,0.19200000000000012,26,11,PHI @ NYM
12028,12,S12,2,2,0,4,4,3,0,0,12,7,2,9,5,1,1,0,10,48,12.0,4,-3.518836748182419,0.5487010721441965,0.3612000000000001,19,11,LAD @ STL
12029,12,S12,2,1,2,1,6,3,0,0,10,11,7,4,3,1,5,0,10,48,12.0,5,-2.518836748182419,0.46476779845651933,0.06719999999999993,19,8,SDP @ TEX
12030,12,S12,2,1,1,6,6,6,0,0,10,4,8,9,3,2,0,0,14,54,12.0,10,2.4811632518175815,-0.031215519965399993,-0.2148000000000001,21,11,CLE @ TOR
12031,12,S12,3,3,1,8,10,3,0,0,8,8,5,5,5,2,2,1,22,56,11.333333333333334,12,4.880032325327803,-0.2510190194260187,-1.0339999999999998,18,10,ARI @ ANA
12032,12,S12,3,4,0,0,5,6,0,0,9,5,2,7,5,5,0,0,9,43,11.0,5,-1.8922670191672175,0.3619440097741921,0.17119999999999996,19,10,STL @ CHC
12033,12,S12,3,4,0,5,7,5,0,0,6,10,4,4,9,0,0,1,16,54,11.333333333333334,9,1.8800323253278028,0.032914254261658504,-1.3055999999999999,21,13,BOS @ CWS
12034,12,S12,3,1,1,3,5,1,0,0,8,11,7,2,6,0,1,2,10,45,12.0,3,-4.518836748182419,0.6446843905661158,0.3349999999999998,25,10,SFG @ CIN
12035,12,S12,3,5,0,3,6,6,0,0,8,7,7,9,3,1,0,1,14,54,12.0,12,4.4811632518175815,-0.22719883838731927,-0.025200000000000052,24,11,FLA @ COL
12036,12,S12,3,4,1,3,13,9,0,0,7,12,7,4,5,0,1,1,21,65,12.0,15,7.4811632518175815,-0.47899865945035086,-0.6698000000000001,26,12,DET @ HOU
12037,12,S12,3,5,1,5,10,5,0,0,5,8,6,6,8,2,0,0,21,59,11.666666666666666,15,7.841163251817581,-0.5471321120749965,-1.7431999999999999,21,15,BAL @ KCR
12038,12,S12,3,1,0,2,5,5,0,0,9,11,2,5,5,1,0,0,8,45,11.0,3,-3.8922670191672175,0.5699773729303536,0.5486,20,10,CLE @ MIN
12039,12,S12,3,1,1,5,3,7,0,0,8,7,1,9,9,1,1,1,10,51,12.0,6,-1.5188367481824192,0.3647677984565193,0.17,23,11,NYM @ MTL
12040,12,S12,3,1,1,6,9,6,1,1,5,7,7,5,8,1,0,0,17,56,11.666666666666666,5,-1.8890290558747267,0.4138370739599922,-0.02139999999999992,22,14,TBR @ NYY
12041,12,S12,3,0,0,2,1,3,0,0,9,5,4,6,6,1,0,2,3,36,11.0,1,-5.8922670191672175,0.7418606018837886,0.7636000000000001,20,10,TEX @ OAK
12042,12,S12,3,3,1,5,7,4,1,0,8,11,4,9,4,0,2,0,16,56,12.0,12,4.4811632518175815,-0.2151487936530772,-1.3098,21,9,ATL @ PHI
12043,12,S12,3,3,0,2,5,10,0,0,18,18,4,11,2,5,0,1,10,74,20.0,3,-9.531394580304031,1.2543905763864562,1.5853999999999997,29,15,MIL @ PIT
12044,12,S12,3,2,0,0,7,4,0,0,5,6,10,5,5,1,3,2,9,45,12.0,3,-4.5188367481824185,0.6527177537222771,0.18570000000000014,25,15,LAD @ SDP
12045,12,S12,3,2,1,3,6,9,2,0,9,9,1,12,7,4,1,0,12,59,14.0,8,-0.7719762062128225,0.31819851530612453,-0.16100000000000003,26,11,TOR @ SEA
12046,12,S12,4,2,2,4,5,8,0,0,10,3,4,8,6,2,3,0,13,52,11.0,10,3.107732980832783,-0.08985581128883947,-0.6042000000000002,21,10,HOU @ ANA
12047,12,S12,4,1,0,1,5,6,0,0,5,16,3,4,3,1,1,1,7,44,11.0,3,-3.8922670191672175,0.5739940545084342,0.4966,17,8,NYM @ ATL
12048,12,S12,4,0,2,3,6,2,0,0,6,12,4,7,5,2,0,0,11,47,12.0,5,-2.5188367481824185,0.44066770898803503,0.059800000000000006,22,12,TOR @ BAL
12049,12,S12,4,5,3,1,6,10,0,0,9,15,6,3,3,0,1,0,15,61,12.0,15,7.481163251817581,-0.49908206734075444,-0.7277999999999999,18,5,CWS @ CLE
12050,12,S12,4,3,0,5,6,4,0,0,10,12,1,5,3,2,0,0,14,49,11.0,8,1.1077329808327827,0.08604409924267628,-0.2702,15,3,CHC @ COL
12051,12,S12,4,2,0,2,3,4,0,0,14,6,10,3,2,0,1,1,7,46,12.0,5,-2.518836748182419,0.44468439056611575,-0.03520000000000003,19,8,OAK @ DET
12052,12,S12,4,3,3,4,8,8,0,1,11,8,3,4,5,2,2,0,18,57,11.0,14,7.1077329808327825,-0.4737890849765166,-0.2528,17,9,KCR @ FLA
12053,12,S12,4,7,1,2,1,6,0,0,9,7,9,2,5,2,1,2,11,49,12.0,10,2.481163251817581,-0.04326556469964211,-0.4624,22,10,ARI @ LAD
12054,12,S12,4,4,4,3,6,5,0,0,10,7,4,5,7,3,0,0,17,55,12.0,13,5.481163251817581,-0.3271988383873193,-0.5439999999999998,19,11,MIN @ MTL
12055,12,S12,4,2,0,4,10,11,1,0,16,20,7,5,5,1,1,0,16,80,18.0,8,-3.2782551222736287,0.6531767200519,0.7297999999999996,29,14,BOS @ NYY
12056,12,S12,4,7,1,2,5,4,0,0,10,10,4,5,2,0,2,2,15,50,11.0,10,3.107732980832782,-0.09387249286692011,-0.5404000000000001,20,10,PIT @ SDP
12057,12,S12,4,0,0,2,6,7,0,0,11,7,2,6,5,2,0,0,8,46,11.0,2,-4.8922670191672175,0.6739940545084342,0.4685999999999999,18,10,MIL @ SFG
12058,12,S12,4,7,0,3,7,3,0,0,8,12,2,3,7,1,0,0,17,52,11.0,10,3.1077329808327825,-0.10190585602308154,-0.5542000000000001,17,11,CIN @ STL
12059,12,S12,4,2,1,1,4,3,0,0,6,6,3,9,5,4,1,0,8,40,11.0,5,-1.8922670191672175,0.3539106466180307,0.19639999999999996,21,11,PHI @ TBR
12060,12,S12,4,5,1,6,10,3,0,0,11,10,5,7,2,1,0,0,22,60,12.0,16,8.48116325181758,-0.6071154304969159,-0.37600000000000006,19,8,SEA @ TEX
12061,12,S12,5,0,1,5,5,3,0,0,11,5,6,6,5,1,3,2,11,47,12.0,2,-5.518836748182419,0.7607511168784385,0.5412,19,8,SDP @ ARI
12062,12,S12,5,4,0,2,11,1,0,0,6,5,6,9,7,2,0,1,17,51,12.0,10,2.481163251817581,-0.03924888312156133,-0.7852,24,15,TBR @ BAL
12063,12,S12,5,1,1,1,7,7,0,0,8,6,9,5,4,0,3,1,10,49,11.0,7,0.10773298083278271,0.1980941439769184,-0.21940000000000007,19,12,TEX @ BOS
12064,12,S12,5,3,2,5,12,8,0,0,7,6,6,8,7,2,0,0,22,64,12.0,18,10.48116325181758,-0.791048704184593,-0.36720000000000014,22,10,CHC @ CIN
12065,12,S12,5,7,2,4,3,3,0,0,11,7,5,6,3,1,0,2,16,51,11.666666666666666,11,3.6477409346793,-0.15188996982965258,-1.0822,19,8,ANA @ CLE
12066,12,S12,5,2,1,3,1,5,0,0,6,8,10,6,2,1,1,0,7,44,11.0,3,-3.8922670191672175,0.5699773729303536,0.3842000000000001,18,10,CWS @ DET
12067,12,S12,5,4,1,7,12,3,0,0,5,7,7,2,10,2,0,0,24,58,11.0,19,12.107732980832782,-0.9778057665545974,-0.5884000000000001,23,12,COL @ HOU
12068,12,S12,5,1,2,6,6,7,0,0,9,5,3,9,6,4,0,0,15,54,12.0,8,0.48116325181758135,0.16878448003459995,-0.37560000000000004,21,14,MIN @ KCR
12069,12,S12,5,1,2,3,10,3,0,0,9,8,3,8,7,1,1,0,16,54,12.0,7,-0.5188367481824191,0.2728011616126807,-0.021600000000000022,24,10,SFG @ LAD
12070,12,S12,5,4,1,6,6,6,0,0,8,4,13,3,1,1,2,1,17,53,11.0,12,5.1077329808327825,-0.28583912971075875,-0.8535999999999998,19,6,FLA @ NYM
12071,12,S12,5,5,1,2,3,2,0,0,10,20,2,1,1,0,0,2,11,47,12.0,7,-0.5188367481824193,0.24870107214419654,0.3726,15,7,MTL @ PHI
12072,12,S12,5,2,0,4,3,6,0,0,5,14,2,7,7,1,1,0,9,50,12.0,5,-2.5188367481824194,0.4567344353003579,0.3202000000000001,25,14,ATL @ PIT
12073,12,S12,5,2,0,5,7,4,0,0,10,9,3,3,6,1,0,1,14,49,11.0,7,0.10773298083278271,0.19006078082075706,-0.09179999999999995,16,8,OAK @ SEA
12074,12,S12,5,4,1,4,8,7,0,0,11,14,10,9,9,1,1,0,17,77,18.0,8,-3.2782551222736283,0.6411266753176579,0.6647999999999998,35,20,MIL @ STL
12075,12,S12,5,0,1,3,7,2,0,0,5,3,14,4,6,1,0,0,11,45,11.0,5,-1.8922670191672175,0.3699773729303535,0.15000000000000002,23,14,NYY @ TOR
12076,12,S12,6,1,0,3,9,3,0,0,5,11,4,9,6,1,2,3,13,51,13.0,2,-6.1454064771976205,0.8394748160922816,0.9747999999999994,29,16,TEX @ ANA
12077,12,S12,6,3,0,3,7,2,0,0,7,9,5,8,3,1,2,0,13,47,11.0,9,2.1077329808327825,-0.01395590075732367,-0.051199999999999975,19,10,COL @ ARI
12078,12,S12,6,1,2,4,6,3,1,0,9,6,7,5,4,2,1,0,13,47,11.0,6,-0.8922670191672177,0.28202741766459566,-0.17779999999999996,19,10,BOS @ BAL
12079,12,S12,6,3,0,3,6,4,0,0,8,5,8,7,5,0,0,0,12,49,11.0,8,1.1077329808327827,0.08604409924267634,0.13540000000000008,23,10,FLA @ CHC
12080,12,S12,6,1,2,2,6,7,0,1,9,11,4,5,3,0,1,1,11,50,11.0,5,-1.8922670191672175,0.39809414397691845,0.06300000000000007,16,7,KCR @ CWS
12081,12,S12,6,2,2,4,4,6,0,0,8,13,3,8,2,2,0,0,12,52,12.0,7,-0.5188367481824188,0.26075111687843855,0.16060000000000002,21,11,DET @ CLE
12082,12,S12,6,6,1,8,3,9,0,0,8,9,5,4,11,0,3,2,18,65,13.333333333333334,13,4.6268928672974,-0.18152157626409055,-0.9226000000000001,25,16,PHI @ MIL
12083,12,S12,6,2,1,3,4,5,0,0,9,15,1,4,3,1,3,0,10,47,11.0,5,-1.8922670191672177,0.39006078082075707,0.03639999999999993,19,7,PIT @ MIN
12084,12,S12,6,6,1,8,3,8,1,0,16,15,3,10,4,0,0,0,18,74,16.0,16,5.974884335756775,-0.30025399679770526,-0.8436,25,13,CIN @ MTL
12085,12,S12,6,2,0,4,14,5,0,0,4,9,10,4,5,1,0,0,20,57,11.0,14,7.1077329808327825,-0.48182244813267805,-0.2524,18,9,LAD @ NYM
12086,12,S12,6,0,1,3,9,5,1,1,11,8,8,7,4,1,2,0,13,57,13.333333333333334,5,-4.222378831526575,0.6592220962594191,0.1115000000000001,18,10,NYY @ OAK
12087,12,S12,6,2,1,3,9,5,0,0,16,6,10,2,1,0,2,1,15,55,12.0,9,1.481163251817581,0.08485120634692284,0.024199999999999992,17,7,ATL @ SDP
12088,12,S12,6,1,0,1,14,1,0,0,7,5,1,10,7,1,3,2,16,47,11.0,8,1.1077329808327823,0.09809414397691846,-0.2527999999999998,22,16,HOU @ SEA
12089,12,S12,6,2,1,5,7,6,0,0,16,10,3,5,1,1,0,0,15,56,12.0,9,1.481163251817581,0.0768178431907614,-0.018799999999999928,18,8,SFG @ STL
12090,12,S12,6,3,1,1,12,4,1,0,3,14,4,3,6,3,0,0,17,51,11.0,11,4.1077329808327825,-0.20592253760116222,-0.4140000000000001,20,10,TBR @ TOR
12091,12,S12,7,1,4,1,1,2,0,0,8,8,7,9,2,1,0,0,7,43,11.666666666666666,3,-4.108459389691853,0.5835632468266556,-0.03420000000000001,24,12,NYY @ ANA
12092,12,S12,7,3,1,4,4,2,0,0,6,8,4,4,10,0,1,1,12,46,11.0,6,-0.8922670191672173,0.2820274176645956,-0.056599999999999984,24,14,ARI @ ATL
12093,12,S12,7,8,0,9,9,12,0,0,6,8,3,12,12,6,0,0,26,79,15.666666666666666,21,10.398590961932513,-0.7225412515248755,-2.5638,30,18,MTL @ CHC
12094,12,S12,7,0,3,2,3,5,1,0,11,7,5,6,4,0,2,2,8,46,11.666666666666666,1,-6.158836748182419,0.8167177537222772,0.6662000000000001,22,13,SDP @ COL
12095,12,S12,7,3,0,3,8,8,0,0,7,6,5,5,6,4,0,0,14,51,11.0,10,3.107732980832783,-0.10592253760116231,-0.3711999999999998,16,10,PHI @ FLA
12096,12,S12,7,5,0,2,9,2,0,0,4,6,9,8,5,1,0,1,16,51,12.0,8,0.4811632518175805,0.16075111687843863,-0.6484000000000001,23,12,CWS @ HOU
12097,12,S12,7,2,2,1,6,7,0,0,8,9,12,7,5,1,0,0,11,59,14.0,11,2.228023793787178,0.014181833728043842,-0.43439999999999995,29,13,MIL @ KCR
12098,12,S12,7,3,1,4,6,3,0,0,11,6,2,6,6,2,1,0,14,48,11.0,9,2.107732980832783,-0.01395590075732367,-0.778,17,11,CIN @ LAD
12099,12,S12,7,6,0,2,12,7,0,0,10,10,1,3,6,2,1,1,20,57,11.0,15,8.107732980832782,-0.5737890849765166,-0.7508,16,8,DET @ MIN
12100,12,S12,7,1,1,3,11,11,1,0,9,5,6,3,4,3,1,0,16,54,10.0,12,5.734302709847984,-0.35251278419035964,-0.7406000000000004,13,5,TBR @ OAK
12101,12,S12,7,5,0,2,3,6,0,0,15,8,10,7,4,0,2,1,10,62,16.0,7,-3.0251156642432258,0.5635958689995685,0.4141999999999999,28,14,STL @ PIT
12102,12,S12,7,7,1,4,5,4,0,0,7,7,4,7,7,1,0,0,17,53,11.0,15,8.107732980832782,-0.5978891744450008,-0.48519999999999996,22,14,NYM @ SFG
12103,12,S12,7,1,1,4,10,6,0,0,8,6,7,6,4,1,2,1,16,53,11.0,11,4.1077329808327825,-0.18583912971075872,-0.8921999999999999,20,11,CLE @ SEA
12104,12,S12,7,3,0,2,3,2,0,0,8,13,9,4,2,0,3,0,8,46,12.0,6,-1.518836748182419,0.3487010721441965,-0.010400000000000048,21,8,BAL @ TEX
12105,12,S12,7,2,0,3,4,4,0,0,10,11,5,1,4,0,0,0,9,45,11.0,8,1.1077329808327825,0.06997737293035347,-0.3864,18,8,BOS @ TOR
12106,12,S12,8,1,0,4,7,2,0,0,4,5,5,7,10,1,0,1,12,45,11.0,7,0.10773298083278243,0.17399405450843422,-0.3902000000000001,23,12,TOR @ ARI
12107,12,S12,8,1,0,1,6,2,0,0,7,10,2,6,5,3,2,0,8,40,11.0,1,-5.8922670191672175,0.7579273281961114,0.6662000000000001,16,6,CWS @ BAL
12108,12,S12,8,2,0,3,6,3,0,0,11,3,8,8,2,0,2,1,11,46,11.0,4,-2.8922670191672175,0.48604409924267633,0.18239999999999995,21,14,OAK @ BOS
12109,12,S12,8,3,1,4,6,9,0,0,10,10,5,6,5,2,0,2,14,59,13.333333333333334,7,-0.19790213213874797,0.26480778947679784,-0.35380000000000006,21,11,SDP @ CHC
12110,12,S12,8,4,0,1,4,3,0,0,9,11,5,4,5,2,0,0,9,46,12.0,8,0.481163251817581,0.13665102740995444,-0.07860000000000003,18,11,NYM @ CIN
12111,12,S12,8,2,1,5,5,4,0,0,4,7,12,2,6,1,0,1,13,48,11.0,8,1.1077329808327825,0.08604409924267635,-0.1274,21,14,STL @ DET
12112,12,S12,8,3,2,4,12,7,0,0,7,4,2,6,5,3,0,0,21,53,9.666666666666666,13,7.094302709847984,-0.496546147346521,-1.6098,16,10,CLE @ KCR
12113,12,S12,8,2,0,5,7,8,0,0,12,10,4,3,4,1,0,0,14,56,12.0,8,0.48116325181758146,0.17681784319076133,-0.17739999999999984,19,9,PHI @ LAD
12114,12,S12,8,2,0,0,4,7,0,0,8,12,2,3,6,1,1,1,6,44,11.0,3,-3.8922670191672175,0.5699773729303536,0.4672,21,12,ATL @ MIL
12115,12,S12,8,2,3,3,6,4,0,0,12,7,3,4,5,1,0,1,14,49,11.0,9,2.1077329808327825,-0.009939219179242939,-0.4129999999999999,15,6,FLA @ MTL
12116,12,S12,8,2,0,1,9,3,0,0,9,14,9,5,4,0,0,0,12,56,13.666666666666666,6,-2.605398523351103,0.4854740207076298,0.36840000000000006,22,11,SEA @ NYY
12117,12,S12,8,0,0,0,3,4,0,0,10,9,5,3,5,1,1,1,3,40,12.0,1,-6.518836748182419,0.8205843010976316,0.8116000000000001,19,11,ANA @ PIT
12118,12,S12,8,2,1,2,10,2,0,0,9,6,6,6,3,1,0,0,15,48,11.0,7,0.10773298083278271,0.18202741766459565,-0.1517999999999999,19,10,COL @ SFG
12119,12,S12,8,3,0,4,4,4,0,0,3,8,5,4,7,4,0,0,11,43,11.0,5,-1.8922670191672175,0.3619440097741921,0.274,20,10,HOU @ TBR
12120,12,S12,8,0,0,4,9,1,0,0,14,10,2,5,2,0,1,0,13,47,11.0,3,-3.892267019167217,0.5820274176645955,0.25419999999999987,13,5,MIN @ TEX
12121,12,S12,9,5,0,1,4,6,0,0,11,5,8,4,6,2,2,0,10,50,12.0,9,1.481163251817581,0.060751116878438614,-0.13440000000000016,18,12,OAK @ ANA
12122,12,S12,9,2,2,1,3,4,0,0,9,10,2,8,5,0,0,1,8,46,11.666666666666666,3,-4.3522590653207,0.6240099407018631,0.29839999999999983,24,15,SFG @ ARI
12123,12,S12,9,3,2,4,4,3,0,0,9,14,4,5,3,0,1,1,13,51,12.0,9,1.4811632518175815,0.06476779845651928,-0.3308,22,6,CHC @ ATL
12124,12,S12,9,2,1,6,2,6,0,0,5,9,6,5,7,0,0,1,11,49,11.0,7,0.10773298083278271,0.19006078082075703,-0.17620000000000005,21,12,TEX @ CWS
12125,12,S12,9,1,0,3,5,8,0,0,5,15,8,7,9,3,1,0,9,61,15.666666666666666,5,-5.601409038067487,0.8091751616477525,1.0705000000000005,27,17,KCR @ DET
12126,12,S12,9,3,0,0,8,3,0,0,10,5,2,5,5,3,1,1,11,42,11.0,6,-0.8922670191672171,0.2659606913522728,-0.15720000000000012,17,11,BOS @ HOU
12127,12,S12,9,1,0,0,1,4,0,0,9,10,5,5,2,0,0,2,2,37,11.0,1,-5.8922670191672175,0.7458772834618693,0.7636000000000002,20,11,SDP @ LAD
12128,12,S12,9,0,1,4,7,1,0,0,11,10,4,5,5,1,0,0,12,48,12.0,5,-2.518836748182419,0.4446843905661158,0.13659999999999994,21,10,CIN @ MIL
12129,12,S12,9,2,0,1,4,5,0,0,7,17,3,3,3,2,0,1,7,45,12.0,3,-4.518836748182419,0.6366510274099544,0.6306,21,8,PIT @ MTL
12130,12,S12,9,1,3,4,7,8,0,0,11,10,5,4,5,1,1,0,15,58,12.0,12,4.4811632518175815,-0.2111321120749965,-0.23900000000000027,13,8,CLE @ NYM
12131,12,S12,9,1,1,6,4,4,0,1,11,8,6,5,2,2,0,2,12,48,12.0,6,-1.518836748182419,0.3527177537222772,0.03459999999999985,21,7,BAL @ NYY
12132,12,S12,9,0,2,4,6,6,1,0,8,4,10,5,5,1,0,0,12,50,11.0,6,-0.8922670191672174,0.29006078082075704,0.09539999999999996,16,8,COL @ PHI
12133,12,S12,9,1,3,3,4,6,0,0,5,8,7,3,6,1,2,3,11,46,11.0,5,-1.8922670191672175,0.3940774623988377,0.20620000000000008,22,8,TBR @ SEA
12134,12,S12,9,5,2,2,5,6,0,0,8,5,7,6,5,4,1,0,14,51,11.666666666666666,11,3.6477409346793,-0.15590665140773333,-1.1258,17,13,FLA @ STL
12135,12,S12,9,0,1,2,5,4,0,0,8,9,4,4,4,2,0,0,8,41,11.0,2,-4.8922670191672175,0.6539106466180307,0.4215999999999999,18,8,MIN @ TOR
12136,12,S12,10,5,0,2,9,6,0,0,8,11,4,6,4,1,0,1,16,55,11.666666666666666,11,3.6477409346793,-0.1398399250954104,-1.0756,19,8,LAD @ ARI
12137,12,S12,10,3,1,0,3,3,0,0,7,10,5,9,3,2,0,0,7,44,12.0,4,-3.518836748182419,0.528617664253793,0.5918,23,14,CWS @ ATL
12138,12,S12,10,1,1,1,1,3,0,0,4,15,4,4,5,0,0,1,4,39,11.0,1,-5.8922670191672175,0.74989396503995,0.7636000000000002,25,11,FLA @ BOS
12139,12,S12,10,2,0,3,11,7,0,0,8,9,2,7,5,3,0,0,16,55,12.0,8,0.4811632518175808,0.17280116161268072,-0.15620000000000006,24,8,MIL @ CHC
12140,12,S12,10,4,1,5,7,2,0,0,1,9,9,6,6,2,0,0,17,50,11.0,9,2.1077329808327825,-0.00993921917924296,-0.3870000000000001,24,11,MIN @ CLE
12141,12,S12,10,1,2,2,10,6,0,0,7,6,8,6,7,2,0,0,15,55,12.0,8,0.4811632518175812,0.17280116161268072,-0.24880000000000016,24,15,STL @ COL
12142,12,S12,10,1,1,2,3,3,0,0,4,4,15,7,4,0,0,2,7,44,12.0,2,-5.518836748182419,0.7366510274099544,0.5704,24,16,TEX @ HOU
12143,12,S12,10,2,0,4,2,7,0,0,4,7,4,8,7,2,0,0,8,47,12.0,4,-3.518836748182419,0.5406677089880351,0.23399999999999993,22,14,MTL @ NYM
12144,12,S12,10,5,1,3,6,6,0,0,8,5,2,9,5,4,1,0,15,50,11.0,13,6.1077329808327825,-0.40592253760116237,-0.8418000000000001,17,10,KCR @ OAK
12145,12,S12,10,3,0,3,13,4,0,0,8,10,10,5,2,0,0,1,19,58,12.0,11,3.4811632518175806,-0.11113211207499643,-0.6813999999999999,23,9,DET @ PHI
12146,12,S12,10,0,1,2,9,6,0,0,10,6,4,6,7,1,0,2,12,51,12.0,3,-4.5188367481824185,0.6647677984565193,0.6192,21,12,CIN @ PIT
12147,12,S12,10,2,3,4,8,4,0,0,8,5,9,5,8,1,2,0,17,56,12.0,12,4.4811632518175815,-0.2151487936530772,-0.3582000000000001,25,14,SFG @ SDP
12148,12,S12,10,3,1,3,3,7,0,0,12,5,4,6,6,3,1,0,10,50,12.0,7,-0.5188367481824193,0.2567344353003579,-0.2706000000000002,21,11,ANA @ SEA
12149,12,S12,10,1,3,4,9,3,0,0,7,9,5,3,2,4,0,0,17,46,10.0,7,0.7343027098479842,0.11133708160691402,-0.28890000000000005,14,4,NYY @ TBR
12150,12,S12,10,2,0,3,9,5,0,0,5,11,4,3,7,5,1,1,14,49,12.0,5,-2.518836748182419,0.4567344353003579,0.23459999999999998,23,10,BAL @ TOR
12151,12,S12,11,5,0,6,6,2,0,0,7,8,4,6,7,1,0,0,17,51,11.0,14,7.1077329808327825,-0.5059225376011622,-1.3088000000000004,19,11,TOR @ ANA
12152,12,S12,11,2,0,3,3,4,0,0,7,10,1,9,6,3,0,0,8,45,12.0,6,-1.5188367481824188,0.3326343458318737,0.049600000000000026,22,13,COL @ ATL
12153,12,S12,11,1,0,5,5,7,0,0,9,9,7,4,4,1,1,2,11,51,12.0,3,-4.518836748182419,0.6687844800346,0.5412000000000001,17,6,HOU @ BAL
12154,12,S12,11,1,0,3,5,2,0,0,10,3,12,4,5,2,0,0,9,45,12.0,3,-4.5188367481824185,0.6326343458318736,0.5042000000000002,21,14,NYY @ BOS
12155,12,S12,11,4,0,1,5,4,0,0,14,17,2,9,5,1,0,0,10,61,16.0,7,-3.0251156642432253,0.5475291426872455,0.12740000000000004,21,13,TEX @ CHC
12156,12,S12,11,1,2,4,10,3,0,0,8,12,10,2,4,0,0,0,17,56,12.0,8,0.4811632518175808,0.1768178431907614,-0.07659999999999989,21,9,DET @ CWS
12157,12,S12,11,4,1,1,6,4,0,0,4,15,1,5,9,2,0,0,12,50,12.0,10,2.481163251817581,-0.0472822462777228,-0.09159999999999997,23,12,ARI @ CIN
12158,12,S12,11,2,0,3,13,8,0,0,4,15,5,4,5,3,1,0,18,59,12.0,7,-0.5188367481824194,0.2928845695030843,0.22760000000000002,23,9,NYM @ FLA
12159,12,S12,11,0,1,3,4,5,0,0,6,10,4,7,5,2,0,0,8,46,12.0,3,-4.5188367481824185,0.6366510274099544,0.6856,23,12,STL @ MIL
12160,12,S12,11,1,0,2,8,5,0,0,11,7,5,6,4,3,0,0,11,49,12.0,4,-3.5188367481824194,0.5487010721441965,0.32739999999999997,21,8,KCR @ MIN
12161,12,S12,11,1,1,4,4,6,0,0,10,10,3,3,3,3,0,1,10,45,11.0,6,-0.8922670191672174,0.27399405450843417,0.05419999999999994,17,10,SDP @ MTL
12162,12,S12,11,4,2,2,5,5,0,0,6,11,6,5,6,0,0,2,13,52,12.0,9,1.481163251817581,0.06878448003460003,-0.05920000000000004,24,10,SEA @ OAK
12163,12,S12,11,4,0,3,5,3,0,0,11,7,2,8,6,2,0,0,12,49,12.0,8,0.4811632518175812,0.14870107214419645,-0.29799999999999993,21,12,LAD @ PIT
12164,12,S12,11,2,1,5,6,6,0,0,8,10,5,4,5,0,4,1,14,52,11.0,12,5.1077329808327825,-0.281822448132678,-0.618,20,14,PHI @ SFG
12165,12,S12,11,4,0,1,7,5,0,0,5,7,5,5,9,2,0,0,12,48,11.0,7,0.1077329808327826,0.18202741766459565,-0.4466,21,15,CLE @ TBR
12166,12,S12,12,0,2,3,9,3,3,0,10,7,3,4,3,2,3,2,14,45,11.0,5,-1.8922670191672173,0.390060780820757,0.20900000000000007,20,9,BAL @ BOS
12167,12,S12,12,4,0,3,2,5,0,0,8,18,1,4,5,0,0,0,9,50,12.0,8,0.4811632518175809,0.1527177537222772,-0.13740000000000008,16,10,STL @ CIN
12168,12,S12,12,1,0,2,4,4,0,0,14,6,8,2,6,0,3,0,7,47,12.0,5,-2.518836748182419,0.4527177537222772,0.04040000000000007,19,9,ARI @ COL
12169,12,S12,12,2,1,3,3,2,1,0,5,10,14,5,4,0,0,1,9,49,13.0,3,-3.7547348269024776,0.5763075615942831,0.6734,27,13,CLE @ DET
12170,12,S12,12,9,1,3,7,8,0,0,7,12,3,5,2,2,1,0,20,58,11.0,19,12.107732980832782,-0.9737890849765166,-1.1546,18,8,ATL @ FLA
12171,12,S12,12,1,3,1,8,7,0,0,3,8,3,8,10,2,2,1,13,52,11.666666666666666,7,-0.35225906532070006,0.2561433933265088,-0.8804000000000001,27,14,SEA @ HOU
12172,12,S12,12,2,2,2,1,5,0,0,10,10,3,5,5,3,0,0,7,45,12.0,3,-4.518836748182419,0.6326343458318737,0.42200000000000004,19,9,CWS @ KCR
12173,12,S12,12,4,2,2,7,9,0,0,4,9,2,9,7,2,2,0,15,55,11.0,12,5.1077329808327825,-0.2818224481326781,-0.8961999999999998,25,17,ANA @ MIN
12174,12,S12,12,1,0,1,8,4,0,0,5,9,7,3,6,1,3,3,10,45,12.0,1,-6.518836748182419,0.8527177537222772,0.8116,20,12,PHI @ MTL
12175,12,S12,12,2,1,2,9,2,0,0,6,6,5,5,5,2,0,0,14,43,9.666666666666666,8,1.9008803927097033,-0.017370731413500023,-0.16970000000000005,16,9,NYM @ NYY
12176,12,S12,12,4,1,7,8,10,0,1,13,10,0,7,5,0,1,1,20,65,12.0,18,10.48116325181758,-0.7789986594503508,-1.3565999999999998,19,10,CHC @ PIT
12177,12,S12,12,3,2,2,6,6,0,0,10,9,3,3,6,4,3,1,13,50,12.0,10,2.4811632518175806,-0.031215519965399972,-0.3823999999999998,18,10,MIL @ SDP
12178,12,S12,12,0,2,3,9,2,0,0,14,8,6,5,2,1,3,0,14,51,12.0,5,-2.518836748182419,0.4687844800346,0.022199999999999803,16,5,LAD @ SFG
12179,12,S12,12,4,1,4,7,9,0,0,6,8,4,6,8,2,0,0,16,57,11.333333333333334,11,5.191086915939718,-0.2901578416433716,-1.4100000000000001,20,15,TOR @ TBR
12180,12,S12,12,1,0,3,9,5,0,0,7,7,1,6,8,3,1,1,13,47,11.0,7,0.10773298083278249,0.18604409924267634,-0.40940000000000004,18,12,OAK @ TEX
12181,12,S12,13,1,0,6,8,6,0,0,7,6,4,7,6,2,0,1,15,51,11.0,9,2.1077329808327825,-0.0019058560230815758,-0.48499999999999965,21,10,CHC @ ARI
12182,12,S12,13,2,2,5,7,3,0,0,10,9,3,4,5,2,0,0,16,50,11.0,11,4.1077329808327825,-0.20993921917924296,-0.5892000000000001,17,10,MIN @ CWS
12183,12,S12,13,1,1,1,4,5,0,0,8,12,7,3,4,1,0,1,7,46,12.0,3,-4.5188367481824185,0.640667708988035,0.2184000000000001,25,9,CIN @ CLE
12184,12,S12,13,0,3,4,4,4,0,0,8,7,4,9,3,2,0,0,11,46,11.0,3,-3.352702562878905,0.5200376088796029,0.2244000000000001,19,9,BOS @ COL
12185,12,S12,13,2,1,0,5,6,0,0,5,15,2,4,4,2,0,4,8,44,12.0,4,-3.518836748182419,0.5446843905661158,0.3046,23,9,SEA @ DET
12186,12,S12,13,2,4,4,10,7,0,0,6,6,9,8,6,1,0,0,20,62,12.0,8,0.4811632518175809,0.20091793265924565,-0.10620000000000002,28,14,HOU @ KCR
12187,12,S12,13,3,0,4,6,4,0,1,10,6,2,6,7,3,1,0,13,49,12.0,7,-0.5188367481824192,0.25271775372227717,0.048599999999999866,18,10,MTL @ LAD
12188,12,S12,13,3,0,5,4,3,0,0,11,9,4,2,6,1,0,0,12,47,11.0,7,0.10773298083278293,0.17801073608651488,-0.2742,21,8,PIT @ MIL
12189,12,S12,13,0,1,2,5,3,0,0,4,11,5,9,4,3,0,0,8,44,12.0,1,-6.518836748182419,0.8286176642537929,0.9657999999999998,26,14,ATL @ NYM
12190,12,S12,13,0,1,5,7,4,0,0,4,10,8,2,8,1,0,0,13,49,11.0,4,-2.8922670191672175,0.4860440992426763,0.35740000000000005,22,13,TOR @ NYY
12191,12,S12,13,2,0,3,8,7,0,1,7,7,8,5,6,0,2,2,13,54,12.0,8,0.481163251817581,0.18485120634692281,-0.5578,26,15,FLA @ PHI
12192,12,S12,13,4,2,3,5,4,0,0,3,13,8,4,2,0,4,3,14,48,11.0,7,0.10773298083278238,0.21014418871116053,-0.5801999999999999,20,10,BAL @ SDP
12193,12,S12,13,1,0,3,9,7,0,0,18,9,9,11,4,2,1,0,13,71,17.666666666666668,9,-5.77872733544054,0.8670738071658649,0.7942000000000002,31,16,TBR @ SFG
12194,12,S12,13,1,0,0,6,8,0,0,8,8,10,4,3,3,1,0,7,48,12.0,4,-3.5188367481824194,0.5487010721441965,0.3979999999999999,17,7,OAK @ STL
12195,12,S12,13,1,0,7,6,3,0,0,10,7,4,4,9,2,0,0,14,51,12.0,7,-0.5188367481824188,0.2567344353003579,-0.23600000000000027,20,12,ANA @ TEX
12196,12,S12,14,0,0,5,3,3,0,0,12,8,2,3,8,0,0,1,8,45,12.0,1,-6.518836748182419,0.8366510274099543,0.9265999999999999,20,11,CWS @ ANA
12197,12,S12,14,4,1,6,9,4,0,0,10,6,8,1,6,0,4,2,20,55,11.0,15,8.107732980832782,-0.5697724033984359,-1.0388,19,10,PHI @ ATL
12198,12,S12,14,1,0,3,6,9,0,0,8,13,4,2,5,1,0,0,10,51,11.0,6,-0.8922670191672175,0.29407746239883775,0.02780000000000001,19,7,KCR @ BOS
12199,12,S12,14,5,0,7,9,7,0,0,5,16,2,5,5,2,0,0,21,61,11.666666666666666,18,10.983998790569943,-0.8533823027940712,-1.6065999999999996,24,11,CIN @ CHC
12200,12,S12,14,1,2,6,7,8,0,0,8,11,3,3,11,0,2,0,16,60,12.0,13,5.4811632518175815,-0.2990820673407544,-0.23080000000000006,24,15,OAK @ CLE
12201,12,S12,14,1,0,7,7,5,0,0,10,6,5,5,3,2,0,0,15,50,11.0,8,1.1077329808327827,0.09006078082075697,-0.26519999999999994,12,8,MIN @ DET
12202,12,S12,14,2,0,5,5,8,0,0,9,13,1,2,7,0,1,1,12,52,11.0,10,3.107732980832782,-0.09387249286692012,-0.8821999999999999,20,10,SFG @ FLA
12203,12,S12,14,5,1,0,4,7,0,0,4,9,6,9,3,2,0,0,10,48,11.0,9,2.1077329808327825,-0.017972582335404358,0.007800000000000029,23,12,NYY @ LAD
12204,12,S12,14,4,1,1,6,6,0,0,6,13,3,3,5,1,0,0,12,49,11.0,8,1.1077329808327823,0.08604409924267635,-0.2536,17,10,HOU @ MIL
12205,12,S12,14,3,3,3,4,2,0,0,6,7,10,4,8,1,1,0,13,50,12.0,7,-0.518836748182419,0.25673443530035794,-0.35180000000000006,23,12,STL @ NYM
12206,12,S12,14,2,0,3,9,3,0,0,10,9,8,5,6,4,0,0,14,55,14.0,5,-4.851105118789448,0.7060279986733836,0.18020000000000005,23,10,ARI @ PIT
12207,12,S12,14,1,1,2,4,3,0,0,8,8,6,4,7,2,2,0,8,44,11.666666666666666,5,-2.3522590653207,0.4199932591237825,-0.418,20,11,COL @ SDP
12208,12,S12,14,2,0,0,3,1,0,0,11,6,3,7,5,1,2,0,5,38,11.0,3,-3.8922670191672175,0.54989396503995,0.4772,19,13,TEX @ SEA
12209,12,S12,14,2,1,1,3,4,0,0,6,9,8,6,2,1,1,1,7,42,11.0,5,-1.8922670191672175,0.3659606913522728,-0.051200000000000065,16,5,BAL @ TBR
12210,12,S12,14,2,0,2,9,2,0,0,11,6,1,7,5,5,0,1,13,45,12.0,3,-4.518836748182419,0.6366510274099544,0.6252,16,5,MTL @ TOR
12211,12,S12,15,0,0,5,5,2,0,0,9,5,2,5,7,3,1,0,10,41,11.0,5,-1.892267019167217,0.35792732819611134,0.20570000000000008,16,13,ANA @ BAL
12212,12,S12,15,6,0,1,7,4,0,0,7,5,6,6,9,3,0,0,14,51,12.0,7,-0.5188367481824188,0.2567344353003579,-0.16499999999999992,24,15,CHC @ CWS
12213,12,S12,15,0,1,6,6,5,1,0,8,16,4,6,6,2,0,0,13,58,14.0,5,-3.7719762062128224,0.6101651521499631,0.27380000000000004,22,11,MIL @ CIN
12214,12,S12,15,4,0,5,8,13,0,0,10,5,7,5,4,2,0,0,17,61,11.0,17,10.107732980832782,-0.7657557218203552,-0.8642,20,10,KCR @ CLE
12215,12,S12,15,1,0,3,8,2,0,0,11,8,6,3,6,2,0,0,12,48,12.0,3,-4.5188367481824185,0.6446843905661158,0.2122000000000001,21,11,LAD @ COL
12216,12,S12,15,2,0,3,4,4,0,0,9,7,8,8,3,0,3,0,9,48,11.666666666666666,5,-2.016001209430056,0.4064508814251216,-0.03640000000000021,23,11,SDP @ FLA
12217,12,S12,15,4,0,2,8,5,0,0,11,9,4,5,3,1,2,0,14,51,11.0,10,3.1077329808327825,-0.09788917444500084,-0.24540000000000015,18,8,SEA @ MIN
12218,12,S12,15,0,1,3,7,7,0,0,6,16,4,8,8,3,1,1,11,61,16.0,5,-6.104244576819851,0.8634753971010696,0.5539000000000001,31,19,ATL @ MTL
12219,12,S12,15,4,1,5,0,5,0,0,4,13,9,5,4,1,0,0,10,50,12.0,9,1.4811632518175815,0.052717753722277196,-0.6205999999999999,23,9,DET @ NYY
12220,12,S12,15,2,1,2,4,2,0,0,10,3,9,8,6,0,1,0,9,47,12.0,3,-4.5188367481824185,0.6446843905661157,0.22219999999999998,23,10,HOU @ OAK
12221,12,S12,15,2,0,5,10,2,0,0,5,7,6,10,5,3,1,0,17,52,12.0,10,2.481163251817581,-0.03523220154348069,-0.5399999999999997,22,10,NYM @ PHI
12222,12,S12,15,5,0,4,5,4,0,0,9,3,9,7,5,0,0,0,14,51,11.0,10,3.1077329808327825,-0.10592253760116226,-0.7392000000000001,23,11,ARI @ SFG
12223,12,S12,15,3,0,1,3,4,0,0,9,14,4,5,2,2,0,0,7,45,12.0,4,-3.518836748182419,0.5326343458318736,0.28979999999999995,20,8,PIT @ STL
12224,12,S12,15,2,0,1,8,1,0,0,13,4,6,8,2,2,0,1,11,45,12.0,4,-3.518836748182419,0.5366510274099543,0.2836000000000001,19,9,BOS @ TBR
12225,12,S12,15,2,0,4,4,7,0,1,8,5,14,4,6,3,0,0,10,54,13.333333333333334,5,-3.8471210550444273,0.6016129107208008,0.27309999999999995,23,12,TEX @ TOR
12226,12,S12,16,3,0,0,6,2,0,0,10,11,6,3,6,0,0,0,9,47,12.0,4,-3.518836748182419,0.5406677089880351,0.41579999999999995,21,14,ATL @ BAL
12227,12,S12,16,4,1,7,2,4,0,0,12,8,0,7,7,2,0,0,14,52,12.0,9,1.481163251817581,0.0607511168784386,0.01260000000000004,18,11,TOR @ BOS
12228,12,S12,16,0,0,2,3,1,0,0,11,8,5,6,3,0,0,0,5,39,11.0,2,-4.8922670191672175,0.6458772834618692,0.39339999999999997,17,9,CLE @ CWS
12229,12,S12,16,2,0,2,6,4,0,0,10,11,2,4,3,3,1,0,10,44,11.0,3,-3.8922670191672175,0.5699773729303534,0.4332,21,8,MTL @ FLA
12230,12,S12,16,0,0,3,7,2,0,0,7,6,5,10,4,3,1,1,10,44,12.0,4,-3.518836748182419,0.5366510274099544,0.18940000000000004,25,15,ANA @ HOU
12231,12,S12,16,1,0,3,6,3,0,0,7,12,0,8,4,2,0,0,10,44,11.0,1,-5.8922670191672175,0.7659606913522727,0.7636000000000002,19,10,COL @ MIL
12232,12,S12,16,2,1,0,7,3,0,0,9,11,4,5,3,0,2,1,10,45,11.0,5,-1.8922670191672175,0.38202741766459564,-0.07819999999999998,16,7,PIT @ NYM
12233,12,S12,16,1,1,1,14,8,0,0,6,11,3,4,7,2,0,0,17,56,11.0,11,4.1077329808327825,-0.1858391297107587,-0.32059999999999983,21,10,MIN @ NYY
12234,12,S12,16,1,1,1,7,4,0,0,6,6,7,8,4,2,2,0,10,45,11.0,6,-0.8922670191672177,0.27801073608651494,0.10899999999999999,20,11,SFG @ OAK
12235,12,S12,16,1,1,9,13,6,1,0,13,9,3,6,10,1,2,0,24,71,14.0,16,7.2280237937871785,-0.42958462417882626,-0.4735999999999999,23,14,CIN @ PHI
12236,12,S12,16,3,0,2,7,7,0,0,12,5,5,3,4,2,2,2,12,48,11.0,7,0.10773298083278249,0.1980941439769184,-0.3456,16,7,ARI @ SDP
12237,12,S12,16,5,1,2,5,2,0,0,8,9,4,5,6,1,1,0,13,47,11.0,8,1.107732980832783,0.08202741766459565,0.07019999999999994,20,10,LAD @ SEA
12238,12,S12,16,1,1,1,3,5,1,0,11,8,5,7,0,2,1,1,6,43,11.666666666666666,3,-4.016001209430057,0.5823507919566373,0.17779999999999996,20,4,CHC @ STL
12239,12,S12,16,6,1,5,6,4,0,0,5,10,7,4,8,0,0,0,18,56,11.333333333333334,16,8.880032325327804,-0.6630690641602608,-2.0545999999999998,22,14,DET @ TBR
12240,12,S12,16,2,0,1,6,2,0,0,16,6,7,3,1,0,1,1,9,44,12.0,3,-4.518836748182419,0.6366510274099544,0.43379999999999996,18,5,KCR @ TEX
