ID,Game ID,Season,Display Season,Session,Team,Franchise,Opponent,HR,3B,2B,1B,BB,IBB,FO,SO,Auto K,PO,RGO,LGO,GIDP,SB,CS,H,TB,PA,R,RBI,RE24,WAR,WPA,Location
1,2002,2,S2,1,SFG,SFG,STL,1,0,0,0,1,0,0,0,0,0,0,0,0,0,0,1,4,2,1,1,1.1430976430976432,0.12233484267967026,0.1371,Home
1,2005,2,S2,2,SFG,SFG,PHI,0,0,0,0,0,0,3,0,0,0,0,0,0,0,0,0,0,3,0,0,-0.504060209942563,-0.03836840343939736,-0.136,Home
1,10244,10,S10,1,STL,STL,ATL,0,0,0,0,1,0,1,0,0,0,1,0,0,0,0,0,0,3,0,0,0.14190322421206986,0.024522893277920954,-0.028099999999999997,Home
1,11247,11,S11,2,STL,STL,SFG,1,0,0,0,1,0,0,1,0,0,0,0,0,0,0,1,4,3,2,2,2.1033756628357607,0.22658829433610173,0.14679999999999999,Home
1,11250,11,S11,3,STL,STL,PHI,1,0,0,0,0,0,0,1,0,0,0,0,0,0,0,1,4,2,1,1,0.6919421194495673,0.0800280306466405,0.014000000000000005,Away
2,5006,5,S5,2,COL,COL,MTL,1,0,0,0,0,0,1,0,0,0,0,0,0,0,0,1,4,2,1,1,0.11111111111111094,0.01815254281537175,-0.0006000000000000033,Away
2,6006,6,S6,2,COL,COL,STL,0,0,0,1,0,0,1,0,0,0,1,0,1,0,0,1,1,3,0,0,-0.48318713450292405,-0.03840915088447984,-0.5001,Home
10,4003,4,S4,1,BAL,BAL,ANA,0,0,0,0,0,0,0,0,0,1,0,2,0,0,0,0,0,3,0,0,-0.7775506072874494,-0.06469475922120725,-0.0518,Away
10,4006,4,S4,2,BAL,BAL,NYY,0,0,0,1,0,0,0,0,0,0,0,1,0,0,0,1,1,2,0,0,-0.10779352226720629,-0.002072484555028835,0.03580000000000001,Away
10,11246,11,S11,2,TBR,TBR,NYY,0,0,0,0,0,0,0,0,0,1,0,0,0,0,0,0,0,1,0,0,-1.0,-0.09458309064915811,-0.0315,Home
10,12244,12,S12,17,TBR,TBR,MIN,0,0,1,0,0,0,0,0,0,0,0,0,0,0,0,1,2,1,0,0,0.20588235294117652,0.0325199709513435,0.0506,Home
14,5002,5,S5,1,OAK,OAK,TEX,0,0,0,0,1,0,0,1,0,0,0,0,0,0,0,0,0,2,1,0,0.5777777777777777,0.06481920948203843,-0.0206,Home
14,5007,5,S5,2,OAK,OAK,HOU,1,0,1,0,0,0,0,0,0,1,0,0,0,0,0,2,6,3,1,2,1.8224489795918368,0.19280704551557465,0.24080000000000001,Away
14,5009,5,S5,3,OAK,OAK,KCR,1,0,0,0,0,0,0,1,0,0,0,0,0,0,0,1,4,2,1,2,1.5333333333333334,0.16037476503759399,0.194,Away
14,5011,5,S5,4,OAK,OAK,SDP,0,0,0,0,0,0,1,1,0,0,0,1,0,0,0,0,0,3,0,0,-0.9296996662958843,-0.08240781907319744,-0.11549999999999999,Home
14,6003,6,S6,1,OAK,OAK,MIN,0,1,0,0,0,0,0,1,0,0,1,0,0,0,0,1,3,3,1,0,0.8045454545454542,0.09036410802035799,0.03350000000000001,Home
14,8001,8,S8,1,ARI,ARI,MTL,0,0,0,0,1,0,0,1,0,0,0,0,0,0,0,0,0,2,0,0,-0.07759103641456577,0.0022711544249365972,-0.012200000000000003,Away
17,7005,7,S7,2,STL,STL,SFG,0,0,0,0,1,0,0,2,0,0,0,0,0,0,0,0,0,3,0,0,-0.1826818357083816,-0.007087786847588838,0.22930000000000003,Home
20,6001,6,S6,1,SDP,SDP,LAD,0,0,0,0,2,0,0,0,0,0,0,0,0,0,0,0,0,2,1,0,0.33333333333333326,0.039939708377208366,0.014899999999999998,Away
20,6009,6,S6,3,SDP,SDP,STL,0,0,0,0,0,0,0,1,0,0,1,1,0,0,0,0,0,3,0,0,-1.2531746031746032,-0.11540789775164774,-0.14129999999999998,Away
20,7002,7,S7,1,SDP,SDP,SFG,0,0,0,1,0,0,0,0,0,0,1,0,0,0,0,1,1,2,0,0,-0.017769052652773593,0.005676692550222188,-0.028,Home
20,9001,9,S9,1,PHI,PHI,CHC,0,0,0,0,1,0,0,0,0,0,0,0,0,0,0,0,0,1,0,0,-0.07973421926910307,-0.0042800929038440015,0.0235,Away
20,10243,10,S10,1,PHI,PHI,FLA,0,0,0,1,0,0,1,0,0,1,0,0,0,0,0,1,1,3,1,0,0.6295918367346938,0.07329175453018334,-0.07210000000000001,Home
20,11248,11,S11,2,PHI,PHI,MIL,0,0,1,0,0,0,0,0,0,0,1,0,0,0,0,1,2,2,0,0,0.5682885374355428,0.06766267244523805,0.007800000000000001,Home
20,11250,11,S11,3,PHI,PHI,STL,0,0,0,1,0,0,0,0,0,1,0,0,0,0,0,1,1,2,1,0,0.16710391000482727,0.02754420970216651,0.024,Home
20,11251,11,S11,4,PHI,PHI,DET,0,0,0,0,1,0,0,0,0,0,0,0,0,0,1,0,0,1,0,0,-0.2469846055628505,-0.013864641854601262,-0.0238,Home
22,7002,7,S7,1,SFG,SFG,SDP,1,0,0,0,0,0,0,0,0,2,1,0,0,0,0,1,4,4,1,4,2.2925871379479625,0.24416590942579536,0.1815,Away
22,7005,7,S7,2,SFG,SFG,STL,0,0,0,0,0,0,0,2,0,0,0,0,0,0,0,0,0,2,0,0,-0.35483097578518347,-0.0280294997630188,-0.0675,Away
22,10248,10,S10,2,SFG,SFG,ATL,0,0,0,1,0,0,0,1,0,0,0,0,0,0,0,1,1,2,1,0,-0.6451127819548872,-0.057622897624346074,-0.0022000000000000006,Home
23,2003,2,S2,1,BOS,BOS,TBR,0,0,0,1,0,0,0,1,0,0,0,1,0,0,0,1,1,3,0,0,0.43823529411764706,0.05586114696662364,0.006999999999999999,Home
24,4004,4,S4,1,BOS,BOS,SEA,0,0,1,0,0,0,0,0,0,0,2,0,1,0,0,1,2,3,0,1,-0.6133333333333335,-0.048273031825795655,-0.065,Away
25,2003,2,S2,1,BOS,BOS,TBR,0,0,0,0,1,0,1,0,0,0,0,0,0,0,0,0,0,2,0,0,-0.1596320346320347,-0.007938125093297518,0.006000000000000002,Home
25,4004,4,S4,1,BOS,BOS,SEA,1,0,0,1,0,0,1,0,0,0,0,0,0,0,0,2,5,3,1,2,1.4302699055330637,0.15608729206084404,0.2131,Away
26,2003,2,S2,1,BOS,BOS,TBR,0,0,1,1,0,0,0,0,0,0,0,0,0,0,0,2,3,2,1,0,0.6786032594856124,0.07588540431846719,0.1051,Home
29,4004,4,S4,1,BOS,BOS,SEA,0,0,1,1,1,0,1,0,0,0,0,0,0,0,0,2,3,4,2,1,1.440342305868622,0.1614479659302458,0.2225,Away
32,2003,2,S2,1,BOS,BOS,TBR,0,0,0,0,0,0,0,2,0,0,0,1,0,0,0,0,0,3,0,0,-0.868097643097643,-0.07477214675490537,-0.08120000000000001,Home
33,2003,2,S2,1,BOS,BOS,TBR,0,0,1,0,0,0,1,0,0,0,0,1,1,0,0,1,2,3,0,1,0.5259421950598422,0.06463183706084313,0.0007000000000000062,Home
33,4004,4,S4,1,BOS,BOS,SEA,0,0,0,1,0,0,1,1,0,0,0,0,0,0,0,1,1,3,0,0,-0.5870338267706688,-0.04564308116952919,-0.025799999999999997,Away
33,5003,5,S5,1,MIN,MIN,NYY,0,0,0,1,0,0,0,0,0,0,0,1,0,0,0,1,1,2,0,0,0.4448979591836737,0.051531227622628024,-0.0007,Away
34,4004,4,S4,1,BOS,BOS,SEA,0,0,1,0,1,0,2,0,0,0,0,0,0,0,0,1,2,4,1,2,1.9435308385308385,0.21176681919646742,0.030299999999999994,Away
34,9003,9,S9,1,BOS,BOS,CLE,0,0,0,1,0,0,1,1,0,0,0,0,0,0,0,1,1,3,0,0,-0.2087151841868824,-0.009791531349489324,-0.0602,Home
34,10242,10,S10,1,BOS,BOS,OAK,0,0,0,0,0,0,0,1,0,1,0,0,0,0,0,0,0,2,0,0,-0.418266516092603,-0.034938271038117655,-0.2117,Away
34,11241,11,S11,1,BOS,BOS,KCR,0,0,0,0,0,0,1,0,0,0,1,1,0,0,0,0,0,3,0,1,-0.3466922022036223,-0.01841849216783656,-0.0527,Home
34,11245,11,S11,2,BOS,BOS,DET,0,0,0,0,2,0,0,0,0,0,0,1,1,0,0,0,0,3,0,0,-0.21293209438691074,-0.005042481386165393,0.002999999999999989,Away
35,6008,6,S6,2,MIN,MIN,DET,0,0,0,0,0,0,0,0,0,1,0,1,1,0,0,0,0,2,0,0,-0.9444444444444444,-0.0878380694005694,-0.1323,Away
36,4001,4,S4,1,CIN,CIN,LAD,0,0,0,0,1,0,0,0,0,0,0,0,0,0,0,0,0,1,0,0,0.3643724696356272,0.04079068079940861,0.0109,Away
41,4001,4,S4,1,CIN,CIN,LAD,0,0,0,0,0,0,1,0,0,0,0,1,0,0,0,0,0,2,0,0,-0.9823626373626374,-0.08952939606457194,-0.12769999999999998,Away
41,9006,9,S9,2,CIN,CIN,MTL,0,0,0,1,0,0,1,1,0,0,0,0,0,0,0,1,1,3,0,0,-0.6019541778975742,-0.0491154307205585,0.03719999999999999,Away
42,2001,2,S2,1,PIT,PIT,PHI,1,0,0,0,0,0,0,0,0,0,0,0,0,0,0,1,4,1,1,1,1.0,0.10401253918495297,0.08539999999999999,Home
45,4001,4,S4,1,CIN,CIN,LAD,0,0,0,0,0,0,0,1,0,1,0,1,0,0,0,0,0,3,0,0,-0.7894736842105263,-0.06588706691351495,-0.08049999999999999,Away
47,1001,1,S1,1,PHI,PHI,OAK,0,0,1,0,0,0,1,0,0,0,0,0,0,0,0,1,2,2,1,0,0.3888888888888888,0.045839243498817954,0.048999999999999995,Home
47,2004,2,S2,1,TEX,CLE,TOR,0,0,0,1,1,0,0,0,0,0,1,0,0,0,0,1,1,3,0,0,0.37491582491582504,0.049529200046441436,0.0305,Home
48,4001,4,S4,1,CIN,CIN,LAD,0,0,0,0,1,0,1,0,0,0,1,0,0,0,0,0,0,3,1,0,-0.6137139887139887,-0.04831109736386118,0.0038000000000000065,Away
48,7002,7,S7,1,SFG,SFG,SDP,0,0,0,1,1,0,1,0,0,0,1,0,0,0,0,1,1,4,1,0,-1.8551957735381328,-0.17061238172281418,0.019200000000000002,Away
48,11244,11,S11,1,SFG,SFG,FLA,1,0,0,0,0,0,2,0,0,0,0,0,0,0,0,1,4,3,1,3,1.1330513988288877,0.12955586793541443,0.008299999999999998,Home
48,11247,11,S11,2,SFG,SFG,STL,0,0,0,0,0,0,0,0,0,0,2,0,1,0,0,0,0,2,0,0,0.19999999999999996,0.03083381870168378,-0.131,Away
49,5002,5,S5,1,LAA,TEX,OAK,0,0,0,0,1,0,0,1,0,0,0,0,0,0,0,0,0,2,0,0,-0.04421768707482987,0.002619662996777669,-0.03649999999999999,Away
50,4001,4,S4,1,CIN,CIN,LAD,0,0,0,1,0,0,1,1,0,0,0,0,0,0,0,1,1,3,0,0,-0.3419095816464235,-0.02113065665710466,-0.04790000000000001,Away
54,4001,4,S4,1,CIN,CIN,LAD,1,0,0,0,0,0,0,2,0,0,0,0,0,0,0,1,4,3,1,2,1.1099545902177481,0.1240557605293125,0.42000000000000004,Away
54,12241,12,S12,17,SFG,SFG,CHC,0,0,0,1,0,0,0,0,0,0,0,0,0,0,0,1,1,1,0,0,0.0,0.011931735657225852,0.019799999999999998,Away
55,4001,4,S4,1,CIN,CIN,LAD,0,0,0,0,0,0,0,3,0,0,0,0,0,0,0,0,0,3,0,0,-1.1823308270676691,-0.10517278119922924,-0.1116,Away
55,9002,9,S9,1,CIN,CIN,MIL,0,0,0,0,1,0,1,0,0,0,1,0,0,0,0,0,0,3,0,0,0.1264794099791426,0.023727928067113175,-0.0035999999999999986,Home
55,9006,9,S9,2,CIN,CIN,MTL,0,0,0,1,0,0,0,1,0,0,1,0,0,0,0,1,1,3,0,0,0.14601410478898197,0.02568139754809711,-0.10210000000000001,Away
56,2006,2,S2,2,TOR,TOR,TBR,0,0,0,0,0,0,1,0,0,0,0,0,0,0,0,0,0,2,0,1,0.2666666666666666,0.03469174503657262,-0.0071,Home
62,2002,2,S2,1,STL,STL,SFG,0,0,0,1,0,0,0,1,0,0,0,0,0,0,0,1,1,2,0,0,0.11096256684491981,0.019121335054397934,-0.013600000000000001,Away
63,4007,4,S4,2,CHC,CHC,LAD,0,0,0,0,0,0,0,1,0,0,0,0,0,0,0,0,0,1,0,0,-0.2413967611336032,-0.019786242277514424,-0.0248,Home
63,7001,7,S7,1,CHC,CHC,PHI,1,0,0,0,0,0,0,0,0,1,0,0,0,0,0,1,4,2,1,1,0.6428571428571429,0.07173931210121381,0.0681,Home
63,7006,7,S7,2,CHC,CHC,NYM,0,0,0,0,0,0,1,1,0,0,1,0,0,0,0,0,0,3,0,0,-0.4155107259878298,-0.03037067587553366,-0.0969,Away
65,4004,4,S4,1,SEA,SEA,BOS,0,0,1,0,0,0,0,1,0,0,0,1,0,0,0,1,2,3,0,1,0.7932879235510815,0.09238909386264585,-0.0589,Home
65,4008,4,S4,2,SEA,SEA,KCR,0,0,1,0,0,0,0,1,0,0,2,0,1,0,0,1,2,4,0,1,-1.1037960285328703,-0.09296586750990345,-0.2111,Away
65,6004,6,S6,1,SEA,SEA,CWS,0,0,1,0,0,0,0,0,0,1,0,0,0,0,0,1,2,2,0,0,-0.04523809523809519,0.002082565520065527,-0.0010999999999999985,Home
65,9001,9,S9,1,PHI,PHI,CHC,0,0,0,3,0,0,1,0,0,1,0,0,0,0,0,3,3,5,0,1,0.31164021164021166,0.049630666279352684,-0.0719,Away
65,10243,10,S10,1,PHI,PHI,FLA,0,0,2,0,0,0,0,0,0,0,1,0,0,0,0,2,4,3,2,0,0.7132653061224488,0.08165910146895884,0.11239999999999999,Home
65,10247,10,S10,2,PHI,PHI,MIL,0,0,0,0,2,0,0,0,0,0,1,0,0,0,0,0,0,3,0,1,1.4242013608580328,0.15275270694251725,0.0471,Away
65,10249,10,S10,3,PHI,PHI,ATL,0,0,0,0,0,0,0,1,0,0,0,0,0,0,0,0,0,1,0,0,-0.2278325123152709,-0.01933906094595577,-0.020099999999999996,Home
65,10251,10,S10,4,PHI,PHI,TBR,0,0,0,1,0,0,0,0,0,1,0,0,0,0,0,1,1,2,0,1,0.5950087523370431,0.06638925580484696,0.16899999999999998,Home
65,11248,11,S11,2,PHI,PHI,MIL,1,0,0,0,0,0,0,0,0,0,0,1,0,0,0,1,4,2,1,2,1.0258818073790685,0.11342199943959064,0.2246,Home
65,11251,11,S11,4,PHI,PHI,DET,0,0,0,0,2,0,0,0,0,0,0,0,0,0,1,0,0,2,0,0,-0.15660377358490563,0.000590350694035114,0.002700000000000008,Home
66,4004,4,S4,1,SEA,SEA,BOS,0,0,0,1,0,0,1,1,0,0,0,0,0,1,0,1,1,3,1,0,-0.15280701754385972,0.002133033588997607,0.0394,Home
66,4008,4,S4,2,SEA,SEA,KCR,0,0,0,0,0,0,2,0,0,0,1,0,0,0,0,0,0,3,0,0,-0.9151243493348755,-0.07845213342594987,-0.062400000000000004,Away
66,6004,6,S6,1,SEA,SEA,CWS,0,0,0,0,0,0,0,2,0,1,0,0,0,0,0,0,0,3,0,0,-1.0782828282828283,-0.09791872026247027,-0.026799999999999997,Home
66,8004,8,S8,1,SEA,SEA,TOR,0,0,0,1,0,0,0,0,0,0,2,0,0,1,0,1,1,3,0,0,-0.022408963585434094,0.01781961977424294,0.032400000000000005,Away
66,8007,8,S8,2,SEA,SEA,OAK,0,0,1,1,0,0,0,0,0,1,0,0,0,0,0,2,3,3,1,1,0.6666666666666667,0.08171205376625643,0.17179999999999998,Away
67,4007,4,S4,2,CHC,CHC,LAD,0,0,0,0,0,0,0,0,0,0,1,2,0,0,0,0,0,3,0,0,-0.7894736842105263,-0.06588706691351495,-0.0672,Home
68,4007,4,S4,2,CHC,CHC,LAD,0,0,0,0,0,0,0,1,0,1,0,0,0,0,0,0,0,2,0,0,-0.9833333333333333,-0.08962646566164154,-0.10830000000000001,Home
68,7001,7,S7,1,CHC,CHC,PHI,0,0,0,0,1,0,0,0,0,2,0,0,0,0,0,0,0,3,1,0,0.08761895253569704,0.019942291976819022,0.005999999999999997,Home
68,7006,7,S7,2,CHC,CHC,NYM,0,0,0,1,0,0,1,1,0,0,0,0,0,0,0,1,1,3,1,1,0.25979381443298977,0.03715977816654829,0.013999999999999999,Away
68,8002,8,S8,1,CHC,CHC,SDP,0,0,0,0,0,0,0,1,0,0,0,1,0,0,0,0,0,2,0,0,-0.4509803921568627,-0.0350677811492931,-0.053,Home
68,9001,9,S9,1,CHC,CHC,PHI,0,0,0,0,0,0,0,0,0,1,0,0,0,0,0,0,0,1,0,0,-0.11347708894878711,-0.0076543798718124055,-0.0527,Home
68,9005,9,S9,2,CHC,CHC,COL,0,0,0,0,0,0,1,0,0,0,0,2,0,0,0,0,0,3,0,0,-0.5756790169041397,-0.04648791462121506,-0.0773,Away
68,12241,12,S12,17,CHC,CHC,SFG,1,0,0,0,0,0,0,0,0,0,0,0,0,0,0,1,4,1,1,1,1.0,0.11193173565722585,0.11789999999999999,Home
71,4007,4,S4,2,CHC,CHC,LAD,0,0,1,0,0,0,0,0,0,0,1,0,0,0,0,1,2,2,0,0,0.5676691729323309,0.06547378496492488,0.0576,Home
78,3003,3,S3,1,COL,COL,SFG,0,0,0,2,0,0,0,0,0,0,1,0,1,0,0,2,2,3,0,1,0.4452380952380953,0.055133595632129356,0.009399999999999993,Home
78,3006,3,S3,2,COL,COL,ATL,0,0,1,0,0,0,1,0,0,0,0,0,0,0,0,1,2,2,1,0,0.46707459207459245,0.05378064994633913,0.019900000000000004,Home
79,6002,6,S6,1,STL,STL,ATL,0,0,0,1,0,0,0,1,0,1,0,0,0,0,0,1,1,3,0,0,-1.318796992481203,-0.12197013668230774,-0.2303,Home
79,6006,6,S6,2,STL,STL,COL,0,0,0,1,0,0,0,0,0,0,0,0,0,0,0,1,1,1,0,2,0.6483516483516483,0.06813835235710235,0.0593,Away
79,6009,6,S6,3,STL,STL,SDP,0,0,1,0,0,0,0,0,0,0,1,1,0,0,0,1,2,3,1,1,-0.2024891774891775,-0.010339355183105178,0.051,Home
79,6011,6,S6,4,STL,STL,CWS,2,0,0,0,0,0,0,1,0,0,0,0,0,0,0,2,8,3,2,3,2.374749373433584,0.24738449990917097,0.638,Home
79,7005,7,S7,2,STL,STL,SFG,0,0,0,0,1,1,0,1,0,0,0,0,0,0,0,0,0,2,0,0,-1.3440821545592583,-0.1269546176404263,-0.007600000000000003,Home
80,3003,3,S3,1,COL,COL,SFG,0,0,0,0,1,0,1,0,0,1,0,0,0,0,0,0,0,3,0,0,-0.5064102564102564,-0.04003123953270581,-0.0335,Home
80,3006,3,S3,2,COL,COL,ATL,0,0,0,0,0,0,1,2,0,0,0,0,0,0,0,0,0,3,0,0,-0.6024114774114773,-0.0496313616328279,-0.06699999999999999,Home
80,5001,5,S5,1,COL,COL,NYM,0,0,0,0,0,0,1,0,0,1,1,0,0,0,0,0,0,3,0,0,-0.8099176512710349,-0.0704296175707125,-0.1155,Away
80,5006,5,S5,2,COL,COL,MTL,0,0,0,0,0,0,0,1,0,0,1,0,0,0,0,0,0,2,0,0,-0.7806451612903227,-0.07102308442477161,-0.08049999999999999,Away
80,6006,6,S6,2,COL,COL,STL,0,0,0,0,0,0,1,2,0,0,0,0,0,0,0,0,0,3,1,0,-0.9014411027568923,-0.08023454770987666,-0.2736,Home
80,9005,9,S9,2,COL,COL,CHC,0,0,1,1,0,0,1,0,0,0,0,1,0,0,0,2,3,4,1,2,1.3098761703412867,0.14576093312639388,0.09749999999999999,Home
80,9009,9,S9,3,COL,COL,MTL,0,0,0,0,1,0,0,1,0,0,0,1,0,0,0,0,0,3,1,0,-0.294051644352344,-0.018325177366035485,-0.0557,Home
80,9011,9,S9,4,COL,COL,BAL,0,0,0,1,1,0,0,0,0,0,0,0,0,0,0,1,1,2,0,0,0.49555964481280207,0.05694262252741282,0.05449999999999999,Away
80,11242,11,S11,1,COL,COL,MIL,0,1,0,1,0,0,0,1,0,0,0,0,0,0,0,2,4,3,1,0,0.8222763237979307,0.09847836043231874,0.04820000000000001,Away
81,3003,3,S3,1,COL,COL,SFG,1,0,0,1,0,0,0,1,0,0,0,0,0,0,0,2,5,3,1,2,1.3850593850593849,0.14911572461425832,0.28289999999999993,Home
81,3006,3,S3,2,COL,COL,ATL,0,0,0,0,1,0,0,0,0,0,0,2,0,0,0,0,0,3,0,0,-0.48611111111111105,-0.038001325002791284,-0.0369,Home
81,5001,5,S5,1,COL,COL,NYM,0,0,0,0,0,0,1,1,0,0,0,1,1,0,0,0,0,3,0,1,-4.855555555555555,-0.4749934079991645,-0.3026,Away
81,5006,5,S5,2,COL,COL,MTL,0,0,0,0,0,0,0,1,0,0,1,1,0,0,0,0,0,3,0,0,-0.6541353383458647,-0.05485138627819549,-0.0776,Away
81,6006,6,S6,2,COL,COL,STL,0,0,0,1,0,0,0,0,0,2,1,0,0,0,0,1,1,4,0,0,-2.2252480577557976,-0.20931205568782968,-0.102,Home
81,9005,9,S9,2,COL,COL,CHC,0,0,0,1,0,0,1,0,0,0,1,0,0,0,0,1,1,3,1,1,0.5505757858699034,0.06613756565618926,0.09190000000000001,Home
81,9009,9,S9,3,COL,COL,MTL,0,0,0,1,0,0,1,1,0,0,0,0,0,0,0,1,1,3,1,0,-0.2377084569484504,-0.012690858625646124,-0.04680000000000001,Home
81,9011,9,S9,4,COL,COL,BAL,0,0,0,0,0,0,1,2,0,0,0,0,0,0,0,0,0,3,0,0,-0.7753941586973377,-0.06645942880053486,-0.1049,Away
81,11242,11,S11,1,COL,COL,MIL,0,0,0,0,0,0,0,2,0,1,0,0,0,0,0,0,0,3,0,0,-0.8278919484788745,-0.06653846679536177,-0.058,Away
82,2003,2,S2,1,TB,TBR,BOS,0,0,0,2,1,0,0,0,0,0,0,0,0,0,0,2,2,3,1,0,2.5453703703703705,0.266574654591896,0.2166,Away
82,2006,2,S2,2,TB,TBR,TOR,0,0,0,1,1,0,0,0,0,0,0,0,0,0,0,1,1,2,1,0,0.07899507899507902,0.015924586269413853,0.0389,Away
82,3003,3,S3,1,COL,COL,SFG,0,0,0,1,0,0,0,0,0,1,1,0,0,0,0,1,1,3,0,0,-0.167420814479638,-0.006132295339643972,-0.11100000000000002,Home
82,3006,3,S3,2,COL,COL,ATL,0,0,0,1,0,0,2,0,0,0,0,0,0,1,0,1,1,3,0,1,0.6654456654456654,0.08069094802232632,0.014599999999999998,Home
82,5001,5,S5,1,COL,COL,NYM,0,0,1,0,0,0,0,0,0,0,0,1,0,0,0,1,2,2,0,0,-0.3773496240601504,-0.03069353070175438,0.05129999999999999,Away
82,6006,6,S6,2,COL,COL,STL,1,0,0,1,0,0,0,0,0,1,1,0,1,0,0,2,5,4,1,1,0.22727272727272718,0.035940022815022815,0.014900000000000004,Home
82,9005,9,S9,2,COL,COL,CHC,1,0,0,1,0,0,0,0,0,1,1,0,0,0,0,2,5,4,2,1,0.6904444796786638,0.0838177640601316,0.051,Home
82,9009,9,S9,3,COL,COL,MTL,0,0,0,0,0,0,0,2,0,0,1,0,0,0,0,0,0,3,0,0,-0.6343615853049815,-0.05235617146129924,-0.12029999999999999,Home
82,9011,9,S9,4,COL,COL,BAL,0,0,0,0,0,0,0,1,0,0,2,0,0,0,0,0,0,3,0,0,-0.5872539969722705,-0.04764541262802813,-0.11979999999999999,Away
82,11242,11,S11,1,COL,COL,MIL,0,0,0,0,0,0,0,1,0,0,1,1,0,0,0,0,0,3,0,0,-1.303295975788528,-0.11407886952632712,-0.0778,Away
83,3003,3,S3,1,COL,COL,SFG,0,0,0,0,1,0,2,0,0,0,0,0,0,0,0,0,0,3,1,0,0.11248963454845812,0.02185874956316564,0.0016000000000000007,Home
83,3006,3,S3,2,COL,COL,ATL,0,0,0,0,0,0,0,1,0,0,1,1,0,0,0,0,0,3,0,0,-0.9710983460983459,-0.08650004850151476,-0.0701,Home
84,2001,2,S2,1,PHI,PHI,PIT,0,0,0,0,0,0,1,2,0,0,0,0,0,0,0,0,0,3,0,0,-0.504060209942563,-0.03836840343939736,-0.0596,Away
84,2007,2,S2,3,PHI,PHI,TOR,1,0,0,1,1,0,0,0,0,0,0,0,0,0,0,2,5,3,1,2,2.1044131794131795,0.22247893549617687,0.26039999999999996,Away
84,3003,3,S3,1,COL,COL,SFG,0,0,1,1,0,0,1,0,0,0,0,0,0,0,0,2,3,3,1,0,-0.45208468002585633,-0.034598681894265806,0.09269999999999999,Home
84,3006,3,S3,2,COL,COL,ATL,0,0,0,0,0,0,0,2,0,0,0,0,0,0,0,0,0,2,0,0,-0.1626984126984128,-0.009196650530961394,-0.04239999999999999,Home
84,5001,5,S5,1,COL,COL,NYM,0,0,0,0,0,0,1,1,0,0,0,1,0,0,0,0,0,3,0,0,-0.06666666666666654,0.0038954808897243218,-0.1009,Away
84,6006,6,S6,2,COL,COL,STL,0,0,0,0,1,1,0,0,0,0,1,1,1,0,0,0,0,3,0,0,-0.8300125313283209,-0.07309169056701952,-0.1301,Home
84,9005,9,S9,2,COL,COL,CHC,1,0,0,2,0,0,0,0,0,0,0,0,0,0,0,3,6,3,1,2,2.14294675795334,0.2253746628645329,0.0989,Home
84,9009,9,S9,3,COL,COL,MTL,0,0,0,0,0,0,0,2,0,0,0,0,0,0,0,0,0,2,0,0,-0.4737769080234834,-0.039991032756215725,-0.0589,Home
84,9011,9,S9,4,COL,COL,BAL,0,0,0,0,0,0,0,1,0,0,1,0,0,0,0,0,0,2,0,0,-0.21431742508324092,-0.014045084462191482,-0.09079999999999999,Away
84,11242,11,S11,1,COL,COL,MIL,0,0,1,1,0,0,0,0,0,0,0,1,0,0,0,2,3,3,0,0,0.3055829228243021,0.04680902033495589,0.014299999999999997,Away
87,3003,3,S3,1,COL,COL,SFG,0,0,0,0,1,0,0,1,0,0,0,1,0,0,0,0,0,3,0,0,-0.4754273504273504,-0.03693294893441521,-0.012500000000000004,Home
87,3006,3,S3,2,COL,COL,ATL,0,0,0,0,0,0,1,0,0,0,1,0,0,0,0,0,0,2,0,0,-0.17225829725829767,-0.010152638986949881,-0.05360000000000001,Home
89,3003,3,S3,1,COL,COL,SFG,0,0,0,0,1,0,1,0,0,0,1,0,0,0,0,0,0,3,0,0,0.004435107376283803,0.011053296845948208,-0.0789,Home
89,3006,3,S3,2,COL,COL,ATL,1,0,0,0,0,0,0,0,0,0,1,0,0,0,0,1,4,2,1,1,0.7467948717948718,0.08175267791836706,0.026700000000000005,Home
89,9005,9,S9,2,COL,COL,CHC,0,0,0,0,0,0,0,0,0,1,1,1,0,0,0,0,0,3,0,0,-1.329796565090683,-0.12189966943986938,-0.054200000000000005,Home
89,9009,9,S9,3,COL,COL,MTL,0,0,1,0,1,0,0,0,0,0,1,0,0,0,0,1,2,3,1,2,1.8586019089026085,0.19694017795945973,0.1847,Home
89,9011,9,S9,4,COL,COL,BAL,0,0,0,0,0,0,0,2,0,0,0,0,0,0,0,0,0,2,0,0,-0.8308880543688139,-0.07570214739074878,-0.1163,Away
90,3003,3,S3,1,COL,COL,SFG,0,0,0,0,2,0,0,0,0,0,1,0,0,0,0,0,0,3,0,0,0.3464285714285714,0.04525264325117698,0.03270000000000001,Home
90,3006,3,S3,2,COL,COL,ATL,0,0,0,0,0,0,0,1,0,0,0,1,0,0,0,0,0,2,0,0,-0.2539682539682538,-0.01832363465794549,-0.029400000000000003,Home
90,5006,5,S5,2,MTL,MTL,COL,0,0,1,0,0,0,0,1,0,0,1,0,0,0,0,1,2,3,1,0,-0.7238961458946909,-0.0618274670330781,0.004400000000000001,Home
90,5010,5,S5,3,MTL,MTL,SDP,0,0,0,0,1,0,1,0,0,0,1,0,0,0,0,0,0,3,0,0,0.5458646616541352,0.06514861372180449,0.029800000000000007,Home
90,7003,7,S7,1,CWS,CWS,TBR,0,1,0,0,0,0,0,2,0,0,0,0,0,0,0,1,3,3,1,1,1.947794596141022,0.2059598563373515,-0.0005999999999999978,Home
91,7001,7,S7,1,CHC,CHC,PHI,0,0,0,0,1,0,0,1,0,0,0,0,0,0,0,0,0,2,0,0,-0.15887231189885778,-0.00843363337438623,-0.0104,Home
91,7006,7,S7,2,CHC,CHC,NYM,0,0,1,0,0,0,0,0,0,0,0,0,0,0,0,1,2,1,0,2,1.2121212121212122,0.124938920119871,0.149,Away
93,6004,6,S6,1,SEA,SEA,CWS,0,0,1,0,0,0,0,1,0,0,0,0,0,0,0,1,2,2,0,0,0.27936507936507937,0.03454288298038298,0.007799999999999999,Home
99,6008,6,S6,2,DET,DET,MIN,0,0,1,0,0,0,1,0,0,0,0,0,0,0,0,1,2,2,1,0,0.3510101010101012,0.041707385144885166,0.022100000000000005,Home
99,8008,8,S8,2,DET,DET,KCR,1,0,0,0,0,0,2,0,0,0,0,0,0,0,0,1,4,3,1,2,0.8631767775603393,0.10136306485562369,0.2379,Home
99,11245,11,S11,2,DET,DET,BOS,0,0,1,0,0,0,0,0,0,0,1,0,0,0,0,1,2,2,1,0,0.5682885374355428,0.06766267244523805,0.0048000000000000004,Home
99,11249,11,S11,3,DET,DET,TBR,0,1,0,0,0,0,0,0,0,0,0,0,0,0,0,1,3,1,1,0,0.6100628930817611,0.066423198659018,0.0026,Away
99,11251,11,S11,4,DET,DET,PHI,0,0,0,1,1,1,0,0,0,0,0,0,0,0,0,1,1,2,1,1,0.33333333333333326,0.04416715203501711,0.1091,Away
100,6008,6,S6,2,DET,DET,MIN,1,0,0,0,0,0,1,1,0,0,0,0,0,0,0,1,4,3,1,2,0.8060947824105719,0.09051904080686975,0.21610000000000001,Home
104,6010,6,S6,3,DET,DET,CWS,0,0,0,0,0,0,1,2,0,0,0,0,0,0,0,0,0,3,0,0,-1.0220121381886087,-0.0922916512530483,-0.10550000000000001,Home
104,8008,8,S8,2,DET,DET,KCR,1,0,0,1,0,0,0,0,0,0,0,1,0,0,0,2,5,3,1,1,0.9224089635854342,0.10728628345813318,0.1295,Home
104,11245,11,S11,2,DET,DET,BOS,0,0,0,0,0,0,1,1,0,0,0,0,0,0,0,0,0,2,0,0,-0.8070142826161043,-0.06986760955992664,-0.0369,Home
104,11249,11,S11,3,DET,DET,TBR,0,0,0,0,0,0,1,0,0,0,0,0,0,0,0,0,0,1,0,1,0.8088235294117647,0.08629926229201837,0.001,Away
104,11251,11,S11,4,DET,DET,PHI,0,0,0,0,0,0,0,0,0,0,1,0,0,0,0,0,0,1,0,0,-0.21177618737800907,-0.015760709386959015,-0.024,Away
106,6008,6,S6,2,DET,DET,MIN,0,0,0,0,0,0,1,0,0,0,0,2,1,0,0,0,0,3,0,0,-0.8288220551378447,-0.0729726429479719,-0.0731,Home
106,6010,6,S6,3,DET,DET,CWS,0,0,0,1,0,0,0,0,0,0,0,2,0,0,0,1,1,3,0,0,-0.11467617349970279,-0.0015580547841577141,-0.0498,Home
108,5007,5,S5,2,HOU,HOU,OAK,0,0,0,1,0,0,1,0,0,0,1,0,0,0,0,1,1,3,0,0,0.17962517130264066,0.028524664686655044,-0.0040000000000000036,Home
108,8003,8,S8,1,HOU,HOU,KCR,0,0,0,0,0,0,0,1,0,0,0,1,1,0,0,0,0,2,0,0,-1.4033613445378152,-0.13030587638738836,-0.18209999999999998,Home
113,8003,8,S8,1,HOU,HOU,KCR,0,0,0,1,0,0,0,1,0,0,0,0,0,0,0,1,1,2,0,0,-0.07759103641456577,0.0022711544249365972,0.010800000000000004,Home
114,5007,5,S5,2,HOU,HOU,OAK,0,0,0,0,0,0,0,2,0,0,0,0,0,0,0,0,0,2,0,0,-0.5108843537414964,-0.044047003669889,-0.091,Home
114,8003,8,S8,1,HOU,HOU,KCR,1,0,1,0,0,0,0,0,0,1,0,0,0,0,0,2,6,3,1,2,1.7894957983193276,0.19399496693152254,0.2927,Home
115,2001,2,S2,1,PHI,PHI,PIT,0,0,0,1,0,0,0,1,0,0,1,0,0,0,0,1,1,3,0,0,0.07882749059219651,0.01992036661407858,-0.0387,Away
115,2005,2,S2,2,PHI,PHI,SFG,0,0,0,1,1,0,0,0,0,0,0,1,0,0,0,1,1,3,1,0,0.041310160427807524,0.01616863359763969,0.027399999999999997,Away
115,2007,2,S2,3,PHI,PHI,TOR,0,0,0,0,0,0,1,1,0,0,1,0,0,0,0,0,0,3,0,0,-0.532258863141216,-0.04118826875926267,-0.0727,Away
116,4002,4,S4,1,MIA,FLA,NYM,1,0,0,0,0,0,0,0,0,2,0,0,0,0,0,1,4,3,1,2,1.121877667140825,0.12524806822162018,-0.0246,Home
117,5007,5,S5,2,HOU,HOU,OAK,0,0,0,0,0,0,1,0,0,0,0,0,0,0,0,0,0,1,0,0,-0.5806451612903226,-0.054543800276901935,-0.0222,Home
118,5007,5,S5,2,HOU,HOU,OAK,0,0,0,0,0,0,1,0,0,0,0,1,0,0,0,0,0,2,0,0,-0.7581961816984858,-0.06877818646558792,-0.06810000000000001,Home
119,5007,5,S5,2,HOU,HOU,OAK,0,0,0,0,0,0,1,0,0,0,1,1,1,0,0,0,0,3,0,0,-1.5644801659320715,-0.14588586903681616,-0.1471,Home
119,8003,8,S8,1,HOU,HOU,KCR,0,0,0,1,0,0,0,1,0,0,1,0,1,0,1,1,1,3,0,0,-1.2992670031242493,-0.10986618417963857,-0.1365,Home
119,12243,12,S12,17,ATL,ATL,FLA,0,0,0,0,0,0,1,0,0,0,0,0,0,0,0,0,0,1,0,0,0.0,0.011931735657225852,-0.0176,Away
122,5007,5,S5,2,HOU,HOU,OAK,0,0,0,0,0,0,0,2,0,0,0,0,0,0,0,0,0,2,0,0,-1.1654732068265905,-0.1095058889783984,-0.0907,Home
124,2002,2,S2,1,STL,STL,SFG,0,0,0,0,1,0,1,1,0,0,0,0,0,0,0,0,0,3,0,0,-0.05570409982174679,0.006467207572684249,-0.0731,Away
125,5007,5,S5,2,HOU,HOU,OAK,0,0,0,0,0,0,0,1,0,0,1,0,0,0,0,0,0,2,0,0,-0.5108843537414964,-0.044047003669889,-0.0638,Home
126,5007,5,S5,2,HOU,HOU,OAK,0,0,0,1,0,0,0,0,0,0,0,1,0,0,0,1,1,2,0,0,0.10406084335262111,0.01744751603952276,-0.001899999999999999,Home
126,8003,8,S8,1,HOU,HOU,KCR,0,0,0,1,1,0,0,0,0,0,1,0,0,1,0,1,1,3,1,0,0.20812324929972004,0.03585771202956176,0.049,Home
127,2005,2,S2,2,PHI,PHI,SFG,0,1,0,0,0,0,0,0,0,0,1,1,0,0,0,1,3,3,1,1,0.8963125654302124,0.10166887409788017,0.09309999999999999,Away
127,2007,2,S2,3,PHI,PHI,TOR,0,0,0,1,0,0,0,1,0,0,0,0,0,0,0,1,1,2,0,0,-0.186896981014628,-0.010664619731556847,-0.011299999999999998,Away
127,8003,8,S8,1,KCR,KCR,HOU,0,0,0,0,1,0,1,0,0,0,0,0,0,0,0,0,0,2,0,0,0.01904761904761909,0.011935019971155085,-0.0457,Away
127,8010,8,S8,3,KCR,KCR,OAK,0,0,0,0,0,0,2,0,0,1,0,0,0,0,0,0,0,3,0,0,-1.094654848240666,-0.09442009772447685,-0.0572,Away
127,9001,9,S9,1,PHI,PHI,CHC,0,0,0,1,1,0,0,0,0,1,0,1,1,0,0,1,1,4,0,0,-0.9166706919713916,-0.07689375310487392,-0.055700000000000006,Away
127,11251,11,S11,4,PHI,PHI,DET,0,0,0,0,0,0,0,0,0,0,0,0,0,1,0,0,0,0,1,0,0.1952380952380952,0.024940718874651414,0.0189,Home
128,4008,4,S4,2,KCR,KCR,SEA,0,0,0,0,0,0,1,0,0,2,1,0,0,0,0,0,0,4,0,0,-2.097537112010796,-0.19233997585769602,-0.2449,Home
128,4010,4,S4,3,KCR,KCR,NYY,0,0,0,0,2,0,0,0,0,0,0,1,0,1,0,0,0,3,0,0,0.2876373626373626,0.046177471607119845,0.008599999999999997,Away
128,5008,5,S5,2,KCR,KCR,NYY,0,0,1,0,0,0,2,0,0,0,0,0,0,0,0,1,2,3,0,0,-0.04577067669172935,0.005985079887218046,0.02889999999999999,Home
128,5009,5,S5,3,KCR,KCR,OAK,0,0,0,1,0,0,0,0,0,0,1,0,0,0,0,1,1,2,0,0,0.478658468832179,0.05490727858747855,0.004699999999999999,Home
129,5008,5,S5,2,KCR,KCR,NYY,0,0,0,0,0,0,0,1,0,1,0,0,0,0,0,0,0,2,0,0,-0.6099176512710348,-0.05395033342284283,-0.0543,Home
129,5009,5,S5,3,KCR,KCR,OAK,0,0,0,0,1,0,0,1,0,0,0,0,0,0,0,0,0,2,0,0,0.07030033370411576,0.014071465074672222,-0.005,Home
129,7004,7,S7,1,KCR,KCR,TEX,0,0,0,0,0,0,0,0,0,1,1,1,0,0,0,0,0,3,0,0,-1.2538394338844454,-0.11420354666519522,-0.1637,Away
130,4010,4,S4,3,KCR,KCR,NYY,0,0,0,1,0,0,1,0,0,0,0,0,0,1,0,1,1,3,0,0,-0.1537275882012723,0.002040976523256355,0.0102,Away
130,11241,11,S11,1,KCR,KCR,BOS,0,0,0,1,1,0,1,0,0,0,0,0,0,0,0,1,1,3,0,0,-0.0011559070089016688,0.016135137351635513,0.1054,Away
131,5003,5,S5,1,NYY,NYY,MIN,0,0,0,0,2,0,2,0,0,0,0,0,0,0,0,0,0,4,2,0,0.7129585046359739,0.0853787138721187,0.0293,Home
131,5008,5,S5,2,NYY,NYY,KCR,0,0,0,0,1,0,1,0,0,0,0,1,0,0,0,0,0,3,0,0,-0.8972739731101151,-0.07916524975462054,-0.009699999999999993,Away
132,3001,3,S3,1,KCR,KCR,TEX,1,0,0,0,0,0,0,2,0,0,0,0,0,0,0,1,4,3,1,1,0.4935897435897436,0.05996876046729418,0.024000000000000007,Home
132,4008,4,S4,2,KCR,KCR,SEA,1,0,0,1,0,0,1,0,0,1,0,0,0,0,0,2,5,4,1,2,1.2288596491228072,0.14029970025566432,0.0494,Home
132,4010,4,S4,3,KCR,KCR,NYY,0,0,0,0,0,0,0,1,0,1,0,0,0,0,0,0,0,2,0,0,-0.5094736842105263,-0.04224050074936084,-0.0525,Away
132,4011,4,S4,4,KCR,KCR,LAD,0,0,0,0,2,0,0,0,0,2,0,0,0,0,0,0,0,4,0,0,-0.7842172739541163,-0.06100799205202806,-0.022399999999999993,Home
132,5008,5,S5,2,KCR,KCR,NYY,0,0,1,0,0,0,0,0,0,0,0,1,0,0,0,1,2,2,1,1,-0.45532879818594085,-0.03849144811433343,0.0955,Home
132,5009,5,S5,3,KCR,KCR,OAK,0,1,0,0,0,0,1,0,0,0,1,0,0,0,0,1,3,3,1,0,-0.2483530254206946,-0.014273154985678466,-0.023599999999999996,Home
132,7005,7,S7,2,STL,STL,SFG,0,0,0,0,2,0,0,1,0,0,0,0,0,0,0,0,0,3,1,1,1.2468009139966312,0.1358604881229124,0.2393,Home
132,7009,7,S7,3,STL,STL,NYM,0,0,0,0,0,0,0,3,0,0,0,0,0,0,0,0,0,3,0,0,-0.44651174252692283,-0.03347077752944297,-0.1786,Home
133,3001,3,S3,1,KCR,KCR,TEX,1,0,0,0,2,0,0,0,0,0,0,0,0,0,0,1,4,3,1,2,1.75,0.1856097861083198,0.3391,Home
133,4008,4,S4,2,KCR,KCR,SEA,0,0,0,0,0,0,0,1,0,0,0,0,0,0,0,0,0,1,0,0,-0.14082503556187764,-0.009729069720341868,-0.0138,Home
133,4010,4,S4,3,KCR,KCR,NYY,0,0,0,0,1,1,1,1,0,0,0,0,0,0,0,0,0,3,0,0,-0.5213967611336032,-0.039079374605822635,-0.0418,Away
133,4011,4,S4,4,KCR,KCR,LAD,0,0,0,1,1,0,1,0,0,0,0,0,0,0,0,1,1,3,1,1,1.0414468864468864,0.11720499015222634,-0.0183,Home
134,3001,3,S3,1,KCR,KCR,TEX,0,0,0,0,0,0,0,1,0,0,1,1,0,0,0,0,0,3,0,0,-0.3809523809523807,-0.027485451986918236,-0.11109999999999999,Home
134,5004,5,S5,1,ARI,ARI,SDP,0,0,0,0,2,0,0,0,0,0,1,0,0,0,0,0,0,3,1,0,-0.26303299962921756,-0.015741152406530786,0.0104,Home
134,10247,10,S10,2,MIL,MIL,PHI,0,0,0,0,0,0,0,2,0,0,0,0,0,0,0,0,0,2,0,0,-0.4018633540372672,-0.033297954832584076,-0.028499999999999998,Home
135,3001,3,S3,1,KCR,KCR,TEX,0,0,0,0,0,0,0,1,0,0,0,2,1,0,0,0,0,3,0,0,-0.6532051282051282,-0.05471072671219299,-0.5636,Home
135,4008,4,S4,2,KCR,KCR,SEA,0,0,1,0,0,0,0,0,0,0,0,0,0,0,0,1,2,1,1,1,1.0,0.1043534338358459,0.2061,Home
135,6003,6,S6,1,OAK,OAK,MIN,0,0,0,0,0,0,1,1,0,0,0,1,0,0,0,0,0,3,0,0,-1.0464285714285713,-0.09473329457704456,-0.0935,Home
135,8010,8,S8,3,OAK,OAK,KCR,2,0,0,0,0,0,2,0,0,0,0,0,0,0,0,2,8,4,2,2,1.5938375350140055,0.1794442696341869,0.13389999999999996,Home
135,8011,8,S8,4,OAK,OAK,LAD,0,0,0,0,1,0,2,0,0,0,0,1,0,0,0,0,0,4,0,1,-0.7046333601933923,-0.050402819886552874,0.0865,Home
135,9001,9,S9,1,PHI,PHI,CHC,0,1,0,1,0,0,0,1,0,0,1,0,1,0,0,2,4,4,2,0,0.11190878720948683,0.025964194813213902,0.07449999999999998,Away
136,3001,3,S3,1,KCR,KCR,TEX,0,0,0,1,0,0,0,1,0,1,0,0,0,0,0,1,1,3,0,0,-1.1471445221445222,-0.10410466610613238,-0.022500000000000013,Home
136,4010,4,S4,3,KCR,KCR,NYY,0,0,0,0,0,0,1,2,0,0,0,0,0,0,0,0,0,3,1,0,-0.8280769230769232,-0.06974739080015463,-0.094,Away
136,4011,4,S4,4,KCR,KCR,LAD,0,0,1,0,0,0,2,1,0,0,0,0,0,0,0,1,2,4,1,0,-0.4576373626373623,-0.02835000092035264,-0.04360000000000001,Home
137,3001,3,S3,1,KCR,KCR,TEX,0,1,0,0,1,0,0,0,0,0,0,0,0,0,0,1,3,2,1,0,0.3041958041958043,0.037492771158460315,0.1823,Home
137,4008,4,S4,2,KCR,KCR,SEA,1,0,0,0,1,0,0,1,0,1,0,0,0,0,0,1,4,4,1,2,1.4350454097822518,0.16091827632160877,0.8141999999999999,Home
137,4010,4,S4,3,KCR,KCR,NYY,0,0,0,0,0,0,0,1,0,0,1,1,0,0,0,0,0,3,0,0,-1.83,-0.16993969849246232,-0.3635,Away
137,4011,4,S4,4,KCR,KCR,LAD,0,0,1,1,0,0,0,1,0,0,0,0,0,0,0,2,3,3,0,1,1.1005128205128205,0.12311158355881974,-0.0046,Home
137,5008,5,S5,2,KCR,KCR,NYY,0,0,1,0,1,0,0,0,0,0,0,0,0,0,0,1,2,2,0,1,1.3806451612903226,0.1451059478332929,0.1117,Home
138,4008,4,S4,2,KCR,KCR,SEA,0,1,0,0,0,0,0,1,0,0,0,1,0,0,0,1,3,3,2,1,0.6966212568844148,0.08272242719597916,0.0232,Home
138,4010,4,S4,3,KCR,KCR,NYY,0,0,0,0,0,0,0,0,0,0,1,1,0,0,0,0,0,2,0,0,-0.4827935222672064,-0.03957248455502885,-0.0847,Away
138,5003,5,S5,1,NYY,NYY,MIN,1,1,0,0,0,0,1,0,0,0,0,0,0,0,0,2,7,3,2,5,4.280645161290323,0.4386266636854233,0.1985,Home
138,5008,5,S5,2,NYY,NYY,KCR,0,0,0,0,0,0,0,1,0,1,1,0,0,0,0,0,0,3,0,0,-2.276584317937701,-0.21709628423737917,-0.22039999999999998,Away
138,11243,11,S11,1,NYY,NYY,OAK,0,0,0,0,0,0,1,1,0,1,0,0,0,0,0,0,0,3,0,0,-1.1515996320686073,-0.09890923515433506,-0.0535,Away
138,11246,11,S11,2,NYY,NYY,TBR,0,0,1,1,0,0,0,0,0,0,0,0,0,0,1,2,3,3,1,0,-0.993131242486976,-0.07764548684533003,-0.09820000000000001,Away
139,3001,3,S3,1,KCR,KCR,TEX,0,0,0,0,1,0,0,1,0,0,1,0,0,0,0,0,0,3,0,0,-0.060317460317460186,0.00457804007657381,0.01709999999999999,Home
140,3001,3,S3,1,KCR,KCR,TEX,0,0,0,0,1,1,1,0,0,0,0,1,0,0,0,0,0,3,0,0,0.1686507936507936,0.02747486547339919,-0.013200000000000003,Home
140,4010,4,S4,3,KCR,KCR,NYY,0,0,0,0,0,0,1,0,0,1,0,1,0,0,0,0,0,3,0,1,-0.12852130325814526,0.0002081711817231574,0.04880000000000001,Away
140,4011,4,S4,4,KCR,KCR,LAD,0,0,0,1,1,0,1,0,0,0,0,1,0,1,0,1,1,4,1,0,0.4162406015037595,0.06339122932960543,-0.012600000000000002,Home
140,7004,7,S7,1,KCR,KCR,TEX,0,1,0,0,0,0,1,0,0,0,0,1,0,0,0,1,3,3,1,1,0.6275396168629787,0.0739343584095472,0.12159999999999999,Away
140,7007,7,S7,2,KCR,KCR,MIN,0,1,0,0,0,0,0,0,0,1,0,1,0,0,0,1,3,3,1,1,2.14214675560946,0.22539507228419536,0.13000000000000003,Away
140,8008,8,S8,2,KCR,KCR,DET,0,1,0,0,0,0,1,1,0,1,0,0,0,0,0,1,3,4,0,0,-0.4121963854034765,-0.0211591224075613,-0.07819999999999999,Away
140,9004,9,S9,1,KCR,KCR,TEX,0,0,0,0,0,0,1,0,0,0,0,1,0,0,0,0,0,2,0,0,-0.4150943396226415,-0.03412277591613154,-0.052899999999999996,Away
140,11241,11,S11,1,KCR,KCR,BOS,0,0,0,1,0,0,0,0,0,0,1,0,0,0,0,1,1,2,0,1,-1.8784428540446756,-0.17701046670278375,0.0361,Away
141,4008,4,S4,2,KCR,KCR,SEA,0,0,0,0,0,0,0,1,0,2,0,0,0,0,0,0,0,3,0,0,-1.158122332859175,-0.10275193177837981,-0.0927,Home
141,4011,4,S4,4,KCR,KCR,LAD,0,0,0,1,0,0,0,1,0,1,0,0,0,0,0,1,1,3,0,0,-2.714684684684685,-0.25840816696093083,0.0086,Home
142,2001,2,S2,1,PHI,PHI,PIT,0,0,0,1,0,0,0,2,0,0,0,0,0,0,0,1,1,3,0,1,0.8083333333333335,0.09287095088819228,0.08600000000000002,Away
142,2007,2,S2,3,PHI,PHI,TOR,0,0,0,0,0,0,0,1,0,0,0,2,0,0,0,0,0,3,0,0,-0.4347643097643097,-0.03143881342157204,-0.066,Away
143,4008,4,S4,2,KCR,KCR,SEA,0,1,1,0,0,0,0,0,0,0,0,0,0,0,0,2,5,2,1,1,1.3685897435897436,0.14556584203066614,0.2452,Home
144,3001,3,S3,1,KCR,KCR,TEX,0,0,0,0,0,0,0,1,0,0,0,0,0,0,0,0,0,1,0,0,-0.0813492063492064,-0.004598325265480697,-0.023799999999999998,Home
144,5006,5,S5,2,MTL,MTL,COL,0,0,0,0,1,0,1,0,0,0,0,0,0,0,0,0,0,2,0,0,0.3458646616541354,0.04162789786967419,-0.027299999999999998,Home
146,3001,3,S3,1,KCR,KCR,TEX,0,0,0,0,0,0,0,2,0,0,0,0,0,0,0,0,0,2,0,0,-0.1626984126984128,-0.009196650530961394,-0.10679999999999999,Home
146,5007,5,S5,2,OAK,OAK,HOU,0,0,0,0,0,0,0,1,0,0,0,0,0,0,0,0,0,1,0,0,-0.6666666666666667,-0.06314595081453635,-0.0319,Away
146,5009,5,S5,3,OAK,OAK,KCR,0,0,0,0,0,0,0,0,0,0,0,1,0,0,0,0,0,1,0,0,-0.2765843179377015,-0.024137715941639822,0.0,Away
149,5008,5,S5,2,KCR,KCR,NYY,0,1,0,0,1,0,0,0,0,0,0,1,0,0,0,1,3,3,1,0,0.5628385479828603,0.06684600235467703,0.1028,Home
149,5009,5,S5,3,KCR,KCR,OAK,0,0,0,1,0,0,0,0,0,0,1,1,0,0,0,1,1,3,0,0,0.1683136412459722,0.027393511680988206,-0.0105,Home
151,3001,3,S3,1,LAA,TEX,KCR,0,0,0,0,0,0,1,0,0,1,0,1,1,0,0,0,0,3,0,0,-0.9804778554778555,-0.08743799943946573,-0.0782,Away
151,3005,3,S3,2,LAA,TEX,CLE,0,0,0,1,0,0,0,0,0,0,1,0,0,0,0,1,1,2,0,0,0.09523809523809532,0.01659700026268942,-0.07400000000000001,Away
151,3007,3,S3,3,LAA,TEX,ATL,0,0,0,0,0,0,1,0,0,0,1,0,0,0,0,0,0,2,0,0,-0.5813492063492064,-0.051061729896040756,-0.049,Away
151,7004,7,S7,1,KCR,KCR,TEX,1,0,1,0,0,0,0,0,0,1,0,0,0,0,0,2,6,3,1,3,2.3009082176491136,0.2412712184881607,0.4167,Away
151,7007,7,S7,2,KCR,KCR,MIN,1,0,0,0,0,0,0,1,0,0,0,1,0,0,0,1,4,3,1,2,-0.4225845121074082,-0.031078054487491503,0.05420000000000001,Away
151,8003,8,S8,1,KCR,KCR,HOU,0,0,1,0,1,0,1,0,0,0,0,0,0,0,1,1,2,3,0,0,0.29003481709915435,0.04906399784270178,-0.020900000000000002,Away
151,8008,8,S8,2,KCR,KCR,DET,0,0,0,0,0,0,2,0,0,1,0,0,0,0,0,0,0,3,0,0,-0.9701565557729941,-0.08197026847770965,-0.0962,Away
151,8010,8,S8,3,KCR,KCR,OAK,0,1,0,2,0,0,0,1,0,0,0,0,0,0,1,3,5,4,2,0,0.00557921798856531,0.025633566964839472,0.0285,Away
151,9004,9,S9,1,KCR,KCR,TEX,0,0,0,1,0,0,0,1,0,0,0,1,0,0,0,1,1,3,0,0,-0.5317283905032677,-0.042092851981127846,-0.0308,Away
151,11241,11,S11,1,KCR,KCR,BOS,0,0,0,0,0,0,1,0,0,1,1,0,0,0,0,0,0,3,0,0,-1.197208538587849,-0.10347012580625922,-0.1027,Away
152,3001,3,S3,1,LAA,TEX,KCR,1,0,0,0,1,0,0,0,0,0,1,0,0,0,0,1,4,3,1,2,2.0435120435120435,0.21496099045952416,0.2697,Away
152,3005,3,S3,2,LAA,TEX,CLE,0,0,0,1,0,0,0,0,0,0,0,2,1,0,0,1,1,3,0,0,-0.6369047619047619,-0.053080690082156365,-0.07830000000000001,Away
152,3007,3,S3,3,LAA,TEX,ATL,0,0,0,0,0,0,0,1,0,0,1,1,0,0,0,0,0,3,0,0,-0.9710983460983459,-0.08650004850151477,-0.0428,Away
153,3005,3,S3,2,LAA,TEX,CLE,0,0,0,0,0,0,1,0,0,0,0,1,0,0,0,0,0,2,0,0,-0.3345543345543346,-0.026382242716553574,-0.0693,Away
153,3007,3,S3,3,LAA,TEX,ATL,0,0,0,0,0,0,1,0,0,0,0,1,0,0,0,0,0,2,0,0,-0.3345543345543346,-0.026382242716553574,-0.0283,Away
153,6004,6,S6,1,CWS,CWS,SEA,0,0,0,0,0,0,2,0,0,0,0,1,0,0,0,0,0,3,0,0,-0.8715367965367966,-0.07724411708786709,-0.0323,Away
153,6007,6,S6,2,CWS,CWS,BAL,0,1,0,1,0,0,1,0,0,1,0,0,0,0,0,2,4,4,2,1,1.9779878618113906,0.21101153626888913,0.2225,Away
153,6010,6,S6,3,CWS,CWS,DET,1,0,0,0,1,0,0,0,0,0,0,1,0,0,0,1,4,3,1,1,0.9276315789473685,0.10267272046054943,0.27099999999999996,Away
153,6011,6,S6,4,CWS,CWS,STL,0,0,0,1,0,0,0,0,0,0,1,1,0,0,0,1,1,3,1,0,-0.2032828282828284,-0.01041872026247027,-0.0212,Away
153,7003,7,S7,1,CWS,CWS,TBR,0,0,0,0,1,0,0,0,0,0,0,0,0,0,0,0,0,1,0,0,0.4242164018892228,0.04614843909667206,0.0051,Home
155,3005,3,S3,2,LAA,TEX,CLE,0,0,0,0,0,0,0,1,0,0,1,0,0,0,0,0,0,2,0,0,-0.4754273504273504,-0.04046954430385516,-0.08449999999999999,Away
155,4007,4,S4,2,CHC,CHC,LAD,0,0,0,1,0,0,0,0,0,0,0,0,0,1,0,1,1,1,0,0,1.0,0.1087068676716918,0.07869999999999999,Home
156,3001,3,S3,1,LAA,TEX,KCR,0,0,0,0,0,0,1,0,0,0,0,1,0,0,0,0,0,2,0,0,-0.15324463118580767,-0.008251272379700882,-0.0305,Away
156,3007,3,S3,3,LAA,TEX,ATL,0,0,0,0,0,0,0,1,1,1,0,0,0,0,0,0,0,2,0,0,-0.38018925518925506,-0.03094573478004562,-0.0296,Away
157,3001,3,S3,1,LAA,TEX,KCR,0,0,0,1,0,0,1,0,0,1,0,0,0,0,0,1,1,3,0,0,-0.2944049414637649,-0.01883070803805666,-0.0167,Away
158,3001,3,S3,1,LAA,TEX,KCR,1,0,0,0,1,0,1,0,0,0,0,0,0,0,0,1,4,3,2,1,0.4285714285714287,0.05346692896546268,0.10809999999999999,Away
158,3005,3,S3,2,LAA,TEX,CLE,0,0,0,2,0,0,0,0,0,0,0,1,0,0,0,2,2,3,0,0,-0.9155427905427904,-0.08094449294595922,0.0314,Away
158,3007,3,S3,3,LAA,TEX,ATL,0,0,0,0,0,0,0,0,0,0,1,2,2,0,0,0,0,3,0,0,-0.2139249639249644,-0.010782710284176614,-0.10649999999999998,Away
159,3001,3,S3,1,LAA,TEX,KCR,0,1,0,0,0,0,1,1,0,0,0,0,0,0,0,1,3,3,0,0,-0.4647435897435897,-0.03586457286603914,-0.0165,Away
159,3005,3,S3,2,LAA,TEX,CLE,0,0,0,0,0,0,0,0,0,2,0,1,0,0,0,0,0,3,0,0,-0.6333943833943833,-0.0527296522311185,-0.1026,Away
159,3007,3,S3,3,LAA,TEX,ATL,0,0,0,0,1,0,0,2,0,0,0,0,0,0,0,0,0,3,1,0,-0.1144549894549893,-0.000835712837179101,0.0006000000000000016,Away
159,4001,4,S4,1,CIN,CIN,LAD,0,0,0,0,0,0,2,1,0,0,0,0,0,0,0,0,0,3,0,1,-0.12852130325814526,0.0002081711817231574,-0.0633,Away
160,3001,3,S3,1,LAA,TEX,KCR,1,0,0,0,1,1,0,0,0,0,1,0,0,0,1,1,4,3,1,1,1.251984126984127,0.13934479417617246,0.0513,Away
160,3005,3,S3,2,LAA,TEX,CLE,0,0,1,0,0,0,0,0,0,0,1,1,0,0,0,1,2,3,0,1,0.7916666666666667,0.08977645277498648,0.24330000000000002,Away
160,3007,3,S3,3,LAA,TEX,ATL,0,0,1,1,1,0,0,0,0,0,0,0,0,0,0,2,3,3,0,0,0.49434389140271506,0.06004417524859133,0.09570000000000001,Away
160,4006,4,S4,2,NYY,NYY,BAL,0,0,0,0,0,0,0,0,0,1,0,1,0,0,0,0,0,2,0,0,-1.6666666666666667,-0.15795979899497486,-0.0784,Home
160,4010,4,S4,3,NYY,NYY,KCR,0,0,0,0,0,0,0,2,0,0,0,1,0,0,0,0,0,3,0,0,-0.8013967611336033,-0.06707937460582264,-0.23249999999999998,Home
160,5003,5,S5,1,NYY,NYY,MIN,0,0,1,1,1,0,0,0,0,0,0,0,0,0,0,2,3,3,2,2,1.5113378684807255,0.16169593440446353,0.0861,Home
161,3001,3,S3,1,LAA,TEX,KCR,0,0,0,0,1,0,0,0,0,1,0,0,0,0,0,0,0,2,0,0,-0.0992063492063491,-0.0028474441817550235,0.006199999999999997,Away
161,3005,3,S3,2,LAA,TEX,CLE,0,0,0,0,0,0,1,0,0,0,0,1,0,0,0,0,0,2,0,0,-0.2083333333333333,-0.013760142594453443,-0.0625,Away
161,3007,3,S3,3,LAA,TEX,ATL,0,0,0,0,0,0,0,2,0,0,0,0,0,0,0,0,0,2,0,0,-0.2083333333333333,-0.013760142594453443,-0.025599999999999998,Away
161,5004,5,S5,1,SDP,SDP,ARI,0,0,0,0,0,0,0,0,0,0,2,0,0,0,0,0,0,2,0,0,-0.8572294792280242,-0.07868151621854176,-0.0332,Away
161,5005,5,S5,2,SDP,SDP,PIT,0,0,1,0,1,0,0,0,0,0,0,0,0,0,0,1,2,2,0,0,0.7895428225736755,0.0859957139616282,0.0884,Away
161,5010,5,S5,3,SDP,SDP,MTL,0,0,1,0,0,0,0,0,0,1,1,0,0,0,0,1,2,3,1,2,1.5,0.16056214755639095,-0.037999999999999985,Away
161,5011,5,S5,4,SDP,SDP,OAK,0,0,0,1,0,0,0,0,0,0,0,0,0,0,0,1,1,1,0,0,0.3806451612903226,0.04158523198116258,0.0066,Away
161,6001,6,S6,1,SDP,SDP,LAD,0,0,0,0,0,0,0,1,0,0,0,0,0,0,0,0,0,1,0,0,-0.1022727272727272,-0.0069240852053351985,-0.0004,Away
161,6009,6,S6,3,SDP,SDP,STL,0,0,0,0,0,0,1,0,0,0,0,0,0,0,0,0,0,1,0,0,-0.17391774891774903,-0.014088587369837379,-0.0227,Away
161,8002,8,S8,1,SDP,SDP,CHC,0,1,0,0,1,0,1,0,0,0,0,0,0,0,0,1,3,3,2,1,0.7633053221288516,0.09137591931247493,0.1372,Away
161,8005,8,S8,2,SDP,SDP,LAD,0,0,0,0,2,0,1,0,0,0,0,0,0,0,0,0,0,3,1,0,0.46806722689075647,0.06185210978866541,0.0347,Away
162,3001,3,S3,1,LAA,TEX,KCR,0,0,0,0,0,0,0,0,0,1,2,0,0,0,0,0,0,3,0,0,-0.5012210012210012,-0.0395123140137803,-0.07189999999999999,Away
162,3005,3,S3,2,LAA,TEX,CLE,0,0,1,0,0,0,0,1,0,0,0,1,0,0,0,1,2,3,1,0,0.548021423021423,0.06541192841046212,0.0407,Away
162,3007,3,S3,3,LAA,TEX,ATL,1,0,1,1,0,0,0,0,0,0,0,0,0,0,0,3,7,3,2,2,2.540329768270945,0.26464276293541433,0.2228,Away
162,5002,5,S5,1,LAA,TEX,OAK,0,0,0,1,1,0,0,1,0,0,0,0,0,0,1,1,1,3,0,0,-0.2642543859649124,-0.012342575187969922,-0.0014000000000000117,Away
163,4007,4,S4,2,LAD,LAD,CHC,0,0,0,1,0,0,0,0,0,0,0,0,0,0,0,1,1,1,1,1,0.8486486486486486,0.08921829870071077,0.12119999999999999,Away
163,8005,8,S8,2,LAD,LAD,SDP,0,0,0,1,0,0,0,0,0,0,1,1,0,0,0,1,1,3,1,0,-0.5520893288822377,-0.040163545788634014,-0.025699999999999997,Home
163,8009,8,S8,3,LAD,LAD,FLA,1,0,0,0,0,0,0,2,0,0,0,0,0,0,0,1,4,3,1,2,0.9294232761597789,0.10798771471556765,-0.015099999999999995,Home
163,8011,8,S8,4,LAD,LAD,OAK,1,0,0,0,0,0,1,1,0,0,1,0,0,0,0,1,4,4,1,2,0.09137226628214346,0.029197742761000706,0.17969999999999997,Away
165,4007,4,S4,2,LAD,LAD,CHC,0,0,0,0,0,0,0,1,0,1,0,0,0,0,0,0,0,2,0,0,-1.0680769230769231,-0.09810082463600052,-0.0536,Away
165,8011,8,S8,4,LAD,LAD,OAK,0,0,0,1,0,0,0,0,0,1,0,1,0,1,0,1,1,3,1,0,0.2633896384797614,0.04639947998076249,0.095,Away
168,4001,4,S4,1,LAD,LAD,CIN,1,0,0,0,0,0,0,2,0,0,0,0,0,0,0,1,4,3,1,2,1.2105852208483787,0.13411882359237554,0.036500000000000005,Home
168,4007,4,S4,2,LAD,LAD,CHC,0,0,1,1,1,0,0,0,0,0,0,0,0,0,0,2,3,3,1,0,1.2530211182842759,0.13836241333596527,0.0834,Away
168,4009,4,S4,3,LAD,LAD,NYM,0,0,0,2,0,0,0,1,0,0,0,0,0,0,0,2,2,3,0,0,-0.32894736842105265,-0.019834435334567566,0.010100000000000003,Home
168,4011,4,S4,4,LAD,LAD,KCR,0,0,2,0,0,0,1,1,0,0,0,0,0,0,0,2,4,4,2,2,2.0457142857142863,0.22198516391481213,0.05160000000000001,Away
168,6001,6,S6,1,LAD,LAD,SDP,0,0,0,0,1,0,0,0,0,0,0,1,0,0,0,0,0,2,0,0,0.23452380952380958,0.030058755996256008,0.0119,Home
168,8005,8,S8,2,LAD,LAD,SDP,1,1,0,0,1,0,0,0,0,0,0,0,0,0,0,2,7,3,2,2,2.2928571428571427,0.24433110138530406,0.1164,Home
168,8009,8,S8,3,LAD,LAD,FLA,0,0,0,0,0,0,1,1,0,0,0,0,0,0,0,0,0,2,0,0,-0.273972602739726,-0.017367002207579425,-0.0299,Home
168,8011,8,S8,4,LAD,LAD,OAK,0,0,0,1,1,0,1,0,0,0,0,0,0,0,0,1,1,3,1,0,-0.048076526933772956,0.01023773440621247,0.024999999999999998,Away
169,5001,5,S5,1,NYM,NYM,COL,0,0,0,0,0,0,2,1,0,0,0,0,0,0,0,0,0,3,0,0,0.5234156820622986,0.06290371576262083,-0.1189,Home
169,7006,7,S7,2,NYM,NYM,CHC,0,0,0,0,0,0,0,1,0,0,1,0,0,0,0,0,0,2,0,0,-0.5160151690417148,-0.04414791908867194,-0.015700000000000002,Home
169,7009,7,S7,3,NYM,NYM,STL,1,0,0,1,0,0,1,0,0,0,0,0,0,0,0,2,5,3,2,2,1.615171650055371,0.1726975617287864,0.3911,Away
169,7011,7,S7,4,NYM,NYM,MIN,0,0,0,1,0,0,1,0,0,0,0,1,0,0,0,1,1,3,0,0,-0.19518454054536533,-0.008338057331287212,-0.25980000000000003,Home
170,4001,4,S4,1,LAD,LAD,CIN,0,0,0,0,0,0,0,0,0,0,0,1,0,0,0,0,0,1,0,0,-0.28,-0.023646566164154108,-0.015600000000000001,Home
170,4007,4,S4,2,LAD,LAD,CHC,0,0,0,0,0,0,0,1,0,0,0,0,0,0,0,0,0,1,0,0,-0.8,-0.0756465661641541,-0.0446,Away
170,4011,4,S4,4,LAD,LAD,KCR,0,0,1,0,0,0,0,0,0,0,0,0,0,0,0,1,2,1,0,0,0.3685897435897435,0.04121240819482024,0.0003,Away
170,6001,6,S6,1,LAD,LAD,SDP,0,0,0,0,0,0,0,1,0,0,1,0,1,0,0,0,0,2,0,0,-1.673917748917749,-0.16078539984789986,-0.0332,Home
170,8009,8,S8,3,LAD,LAD,FLA,0,0,0,0,0,0,0,2,0,0,0,0,0,0,0,0,0,2,0,0,-0.6279881815739994,-0.052768560091006764,-0.0366,Home
170,8011,8,S8,4,LAD,LAD,OAK,0,0,0,0,0,0,0,0,0,0,0,1,0,0,0,0,0,1,0,0,-0.3139940907869997,-0.026384280045503382,-0.0227,Away
173,4001,4,S4,1,LAD,LAD,CIN,0,0,0,1,1,0,0,1,0,0,0,0,0,0,0,1,1,3,0,0,-0.22018796992481193,-0.008958495484943504,-0.041999999999999996,Home
173,4007,4,S4,2,LAD,LAD,CHC,0,0,0,0,0,0,1,1,0,0,0,0,0,0,0,0,0,2,0,0,-1.088209088209088,-0.100114041149217,-0.0719,Away
173,4009,4,S4,3,LAD,LAD,NYM,0,0,1,0,0,0,0,0,0,0,1,1,0,0,0,1,2,3,0,1,0.7680180180180178,0.08986210330933946,0.001599999999999993,Home
173,4011,4,S4,4,LAD,LAD,KCR,1,0,0,1,1,0,1,0,0,0,0,0,0,0,0,2,5,4,3,3,2.2208551263814424,0.23949924798152783,0.18079999999999996,Away
174,4001,4,S4,1,LAD,LAD,CIN,0,0,1,0,0,0,1,0,0,0,1,0,0,0,0,1,2,3,1,0,0.5172064777327936,0.06478094928081705,0.019299999999999998,Home
174,4007,4,S4,2,LAD,LAD,CHC,0,0,0,1,0,0,1,1,0,1,0,0,0,0,0,1,1,4,0,0,-0.6291902834008095,-0.045505292996697366,-0.0259,Away
174,4009,4,S4,3,LAD,LAD,NYM,0,0,0,0,0,0,0,1,0,0,0,2,0,0,0,0,0,3,0,0,-1.1580634278002697,-0.10274604127248929,-0.062099999999999995,Home
174,4011,4,S4,4,LAD,LAD,KCR,0,0,0,3,1,0,0,0,0,0,0,0,0,0,0,3,3,4,1,0,0.7651821862348179,0.09393195396686538,0.0531,Away
176,4008,4,S4,2,KCR,KCR,SEA,0,0,0,0,0,0,2,1,0,0,0,0,0,0,0,0,0,3,0,0,-0.7894736842105263,-0.06588706691351495,-0.1131,Home
176,4010,4,S4,3,KCR,KCR,NYY,0,0,0,0,0,0,1,0,0,0,0,0,0,0,0,0,0,1,0,0,-0.2680769230769231,-0.022454258471846414,-0.0508,Away
176,4011,4,S4,4,KCR,KCR,LAD,0,0,0,1,0,0,2,0,0,0,0,0,0,0,0,1,1,3,0,2,2.0172064777327936,0.21478094928081704,-0.016,Home
176,5008,5,S5,2,KCR,KCR,NYY,0,0,0,1,0,0,0,1,0,0,0,1,0,0,0,1,1,3,0,0,-1.6669738863287251,-0.15613524107648152,-0.1238,Home
178,4001,4,S4,1,LAD,LAD,CIN,0,0,0,0,0,0,0,0,0,0,1,0,0,0,0,0,0,1,0,0,-0.28,-0.023646566164154108,-0.044500000000000005,Home
178,4009,4,S4,3,LAD,LAD,NYM,0,0,1,0,0,0,1,0,0,0,0,0,0,0,0,1,2,2,0,2,0.6771929824561403,0.07642616591730583,0.2113,Home
178,4011,4,S4,4,LAD,LAD,KCR,0,0,0,0,1,0,0,1,0,0,1,0,0,0,0,0,0,3,1,0,-1.2072518875150455,-0.10766488724396686,-0.0214,Away
178,6007,6,S6,2,CWS,CWS,BAL,0,0,0,0,0,0,1,1,0,1,0,0,0,0,0,0,0,3,0,0,-0.36848788466435534,-0.026939225900622966,-0.0727,Away
178,6011,6,S6,4,CWS,CWS,STL,1,0,0,0,0,0,1,0,0,0,0,0,0,0,0,1,4,2,1,2,1.594155844155844,0.16602195945945947,0.2076,Away
178,7003,7,S7,1,CWS,CWS,TBR,0,0,0,1,0,0,1,0,0,1,0,0,0,0,0,1,1,3,1,1,-1.1235958457234905,-0.10117918784909972,-0.0295,Home
178,12242,12,S12,17,CWS,CWS,OAK,0,0,0,1,0,0,0,0,0,0,0,0,0,0,0,1,1,1,0,0,0.20588235294117652,0.0325199709513435,0.0159,Home
179,4001,4,S4,1,LAD,LAD,CIN,0,0,0,0,1,0,1,1,0,0,0,0,0,1,0,0,0,3,0,0,-0.7481358281358282,-0.057399847470199244,-0.029900000000000003,Home
179,4007,4,S4,2,LAD,LAD,CHC,0,0,0,0,0,0,0,2,0,0,1,0,0,0,0,0,0,3,0,0,-0.6697570850202431,-0.053915406994486624,-0.0713,Away
179,4009,4,S4,3,LAD,LAD,NYM,0,0,0,2,1,0,0,0,0,0,0,0,0,1,0,2,2,3,1,1,2.0900454097822516,0.22641827632160877,0.0884,Home
179,4011,4,S4,4,LAD,LAD,KCR,0,0,0,0,0,0,0,1,0,0,1,2,3,0,0,0,0,4,0,0,-2.368791208791209,-0.2194653855357373,-0.13629999999999998,Away
180,12244,12,S12,17,TBR,TBR,MIN,0,0,0,0,0,0,0,1,0,0,0,0,0,0,0,0,0,1,0,0,0.0,0.011931735657225852,-0.0172,Home
183,6004,6,S6,1,CWS,CWS,SEA,0,0,0,1,0,0,1,0,0,0,0,1,0,0,0,1,1,3,1,0,0.23549783549783532,0.0334593461155961,0.0599,Away
183,6007,6,S6,2,CWS,CWS,BAL,0,0,0,1,0,0,2,0,0,0,0,1,0,0,0,1,1,4,0,0,-0.6975108225108224,-0.05653833216333215,-0.07270000000000001,Away
183,6010,6,S6,3,CWS,CWS,DET,0,0,0,1,0,0,0,0,0,0,2,0,0,0,1,1,1,3,0,0,-0.6966450216450218,-0.05645175207675209,-0.0753,Away
183,6011,6,S6,4,CWS,CWS,STL,0,0,0,1,0,0,1,0,0,0,0,1,0,1,0,1,1,3,1,0,-0.425901875901876,-0.029377437502437508,-0.0011999999999999997,Away
183,7003,7,S7,1,CWS,CWS,TBR,0,1,0,0,0,0,1,1,0,0,0,0,0,0,0,1,3,3,1,0,1.271292876890326,0.13830968441228192,-0.0212,Home
184,4002,4,S4,1,MIA,FLA,NYM,0,1,0,0,0,0,0,0,0,0,0,0,0,0,0,1,3,1,0,0,0.5866666666666667,0.06302010050251257,0.0006,Home
186,6002,6,S6,1,ATL,ATL,STL,0,0,0,0,1,0,1,0,0,1,0,0,0,0,0,0,0,3,0,0,-0.584920634920635,-0.048582500926250924,-0.045399999999999996,Away
186,10244,10,S10,1,ATL,ATL,STL,0,0,0,0,0,0,0,0,0,0,1,1,0,0,0,0,0,2,0,0,-0.4018633540372672,-0.033297954832584076,-0.0445,Away
189,7005,7,S7,2,SFG,SFG,STL,0,0,2,0,0,0,0,1,0,0,0,0,0,0,0,2,4,3,0,0,-0.1893574042861365,-0.007755343705364331,0.024200000000000003,Away
190,2004,2,S2,1,TOR,TOR,CLE,0,0,0,0,0,0,0,0,0,2,0,0,0,0,0,0,0,2,0,0,-0.4719251336898396,-0.03916743499907801,-0.030100000000000002,Away
190,2006,2,S2,2,TOR,TOR,TBR,0,0,0,0,1,0,1,0,0,0,0,0,0,0,0,0,0,2,0,0,-0.1296296296296296,-0.004937884593057006,0.08979999999999999,Home
190,2007,2,S2,3,TOR,TOR,PHI,0,0,0,1,0,0,1,0,0,0,0,1,0,0,0,1,1,3,0,0,-0.5599552408375938,-0.043957906528900456,-0.0681,Home
190,4002,4,S4,1,MIA,FLA,NYM,0,0,0,0,0,0,1,1,0,0,1,1,0,0,0,0,0,4,0,0,-1.6294601889338731,-0.14553228355000372,-0.0407,Home
190,8006,8,S8,2,MIA,FLA,MTL,0,0,0,0,1,0,0,1,0,0,0,0,0,0,0,0,0,2,0,0,-0.18164114961052902,-0.008133856894659727,-0.021100000000000004,Home
190,8009,8,S8,3,MIA,FLA,LAD,0,0,0,0,0,0,0,0,0,0,0,1,0,0,0,0,0,1,0,0,-0.7,-0.06498487096680342,-0.059699999999999996,Away
190,10243,10,S10,1,MIA,FLA,PHI,0,0,0,2,0,0,0,0,0,0,0,0,0,0,1,2,2,2,0,1,0.9161490683229813,0.10194747768901209,0.0087,Away
190,11244,11,S11,1,FLA,FLA,SFG,0,0,0,0,0,0,1,1,0,1,0,0,0,0,0,0,0,3,0,0,-0.792683530294033,-0.06301762497687763,-0.056600000000000004,Away
190,12243,12,S12,17,FLA,FLA,ATL,0,0,0,1,0,0,0,0,0,0,0,0,0,0,0,1,1,1,0,0,-0.4,-0.028068264342774152,0.0547,Home
191,4002,4,S4,1,MIA,FLA,NYM,1,0,0,0,1,0,0,1,0,0,0,0,0,0,0,1,4,3,1,2,1.4180904183535765,0.15486934334289537,0.0854,Home
191,9005,9,S9,2,COL,COL,CHC,0,0,0,0,1,0,0,1,0,1,0,0,0,0,0,0,0,3,1,0,-0.4150943396226415,-0.030429446893065232,-0.0282,Home
191,9011,9,S9,4,COL,COL,BAL,0,0,0,1,0,0,0,0,0,0,1,0,0,0,0,1,1,2,0,0,-0.39401993355481735,-0.03201533530934912,-0.011799999999999991,Away
192,4002,4,S4,1,MIA,FLA,NYM,0,0,0,0,0,0,0,1,0,0,1,0,0,0,0,0,0,2,0,0,-0.5480769230769231,-0.04610082463600052,-0.018000000000000002,Home
194,4002,4,S4,1,MIA,FLA,NYM,1,0,2,0,0,0,0,0,0,0,0,0,0,0,0,3,8,3,3,1,2.3685897435897436,0.24991927586651205,0.0702,Home
195,2006,2,S2,2,TB,TBR,TOR,0,0,0,0,0,0,0,0,0,0,0,1,0,0,0,0,0,1,0,0,-0.0321350762527233,0.0007990315596806471,-0.0288,Away
196,12242,12,S12,17,CWS,CWS,OAK,0,0,1,0,0,0,0,0,0,0,0,0,0,0,0,1,2,1,1,0,0.20588235294117652,0.0325199709513435,0.0371,Home
203,6001,6,S6,1,SDP,SDP,LAD,0,0,0,0,0,0,1,0,0,0,1,1,0,0,0,0,0,3,0,2,-1.7322510822510822,-0.16331554565929562,0.004300000000000001,Away
203,6005,6,S6,2,SDP,SDP,PHI,1,0,0,0,0,0,1,1,0,0,0,0,0,0,0,1,4,3,1,2,0.7619047619047621,0.08610003875628877,-0.06939999999999999,Away
203,6009,6,S6,3,SDP,SDP,STL,0,0,1,0,0,0,0,0,0,1,0,1,0,0,0,1,2,3,0,2,1.477272727272727,0.15763683529308525,0.15689999999999998,Away
203,7002,7,S7,1,SDP,SDP,SFG,0,0,0,1,0,0,0,1,0,0,0,1,1,0,0,1,1,3,0,0,-0.5176216734596021,-0.040581770622710886,-0.0271,Home
204,4001,4,S4,1,LAD,LAD,CIN,1,0,0,0,0,0,1,0,0,0,0,0,0,0,0,1,4,2,1,1,0.7319230769230769,0.08189917536399949,0.09439999999999998,Home
204,4007,4,S4,2,LAD,LAD,CHC,0,0,1,0,0,0,0,0,0,1,0,1,0,0,0,1,2,3,0,1,0.6419365721997302,0.07725395872751072,0.091,Away
204,4009,4,S4,3,LAD,LAD,NYM,0,0,1,1,0,0,0,0,0,0,0,0,0,0,0,2,3,2,2,0,1.6013513513513513,0.16884200280682693,0.047599999999999996,Home
204,4011,4,S4,4,LAD,LAD,KCR,0,0,1,1,0,0,0,0,0,0,1,0,0,0,0,2,3,3,0,3,2.0905852208483786,0.22211882359237559,0.0989,Away
204,6001,6,S6,1,LAD,LAD,SDP,0,0,0,1,0,0,0,1,0,0,1,0,0,0,0,1,1,3,1,0,-0.13163780663780655,-0.003254218097968088,-0.027800000000000002,Home
204,8005,8,S8,2,LAD,LAD,SDP,0,0,0,0,1,0,1,0,0,0,1,0,0,0,0,0,0,3,1,0,-1.352672575879667,-0.12022187048837694,0.029199999999999997,Home
204,8009,8,S8,3,LAD,LAD,FLA,0,0,0,0,0,0,0,1,0,0,1,0,0,0,0,0,0,2,0,0,-0.7408963585434174,-0.06405937778794857,-0.042499999999999996,Home
204,8011,8,S8,4,LAD,LAD,OAK,0,0,1,1,0,0,1,0,0,0,0,0,0,0,0,2,3,3,1,0,3.47359943977591,0.36240533107718076,0.2542,Away
205,6002,6,S6,1,STL,STL,ATL,0,0,0,1,2,0,0,0,0,0,0,0,0,0,0,1,1,3,1,0,1.0862573099415205,0.11853529355996462,0.2742,Home
205,6006,6,S6,2,STL,STL,COL,0,0,0,0,1,0,1,1,0,0,1,0,0,0,0,0,0,4,0,0,0.2032828282828284,0.03354103291603293,-0.1481,Away
205,6009,6,S6,3,STL,STL,SDP,0,0,0,1,0,0,0,1,0,0,1,0,0,0,0,1,1,3,0,0,-0.4124034462269756,-0.031330782056885,-0.024900000000000002,Home
205,6011,6,S6,4,STL,STL,CWS,0,0,0,0,1,0,1,1,0,0,0,0,0,0,0,0,0,3,0,0,-0.4085434173669468,-0.030944779170882116,-0.05450000000000001,Home
205,7005,7,S7,2,STL,STL,SFG,0,0,0,0,1,0,0,1,0,1,0,0,0,0,0,0,0,3,1,0,-0.45785324439053976,-0.03460492771580466,0.0895,Home
206,5002,5,S5,1,OAK,OAK,TEX,0,0,0,0,0,0,0,1,0,0,0,0,0,0,0,0,0,1,0,0,-0.2,-0.016479284147869675,-0.0001,Home
206,5009,5,S5,3,OAK,OAK,KCR,1,0,0,0,0,0,0,0,0,0,0,0,0,0,0,1,4,1,1,2,1.6193548387096774,0.16545619972309805,0.0024,Away
210,5002,5,S5,1,LAA,TEX,OAK,0,0,0,1,1,0,0,0,0,0,1,0,0,0,0,1,1,3,1,0,2.0091244186529678,0.21147458942168773,0.013699999999999997,Away
213,4003,4,S4,1,BAL,BAL,ANA,0,0,1,1,0,0,0,0,0,0,0,1,0,0,0,2,3,3,0,1,0.8255398110661271,0.0956142826141504,0.04930000000000001,Away
213,4006,4,S4,2,BAL,BAL,NYY,0,0,0,0,0,0,0,1,0,0,0,1,0,0,0,0,0,2,0,0,-0.56,-0.047293132328308216,-0.0392,Away
216,3004,3,S3,1,MTL,ATL,STL,0,0,0,0,0,0,0,1,0,0,0,0,0,0,0,0,0,1,1,0,-0.5,-0.046463404630560055,-0.2625,Home
218,8004,8,S8,1,SEA,SEA,TOR,0,0,0,0,0,0,0,1,0,0,1,0,0,0,0,0,0,2,0,0,-0.6036529680365297,-0.050335038737259793,-0.092,Away
218,8007,8,S8,2,SEA,SEA,OAK,0,1,1,1,0,0,0,0,0,0,0,0,0,1,0,3,6,3,2,1,1.988515406162465,0.21891205674903286,0.2311,Away
220,3006,3,S3,2,MTL,ATL,COL,0,0,0,0,0,0,0,0,0,0,1,0,0,0,0,0,0,1,0,0,-0.1269841269841269,-0.009161817328972746,-0.0033,Away
220,11248,11,S11,2,PHI,PHI,MIL,0,0,0,0,0,0,0,0,0,1,1,0,1,0,0,0,0,2,0,0,-1.461776187378009,-0.13534380003611712,-0.0771,Home
220,11250,11,S11,3,PHI,PHI,STL,0,0,0,0,0,0,0,0,0,0,0,1,0,0,0,0,0,1,0,0,-0.21177618737800907,-0.015760709386959015,-0.0031,Home
220,11251,11,S11,4,PHI,PHI,DET,0,0,0,0,0,0,0,0,0,0,1,0,0,0,0,0,0,1,0,0,-0.3080578805504327,-0.025388878704201378,-0.027200000000000002,Home
221,3004,3,S3,1,MTL,ATL,STL,0,0,0,0,0,0,3,0,0,0,0,0,0,0,0,0,0,3,0,0,-0.6626984126984128,-0.05566005516152145,-0.13090000000000002,Home
221,3006,3,S3,2,MTL,ATL,COL,0,0,0,0,1,0,0,0,0,0,1,1,2,0,0,0,0,3,0,0,-0.43823529411764695,-0.03321374330344486,-0.04,Away
221,3007,3,S3,3,MTL,ATL,TEX,0,0,0,0,0,0,1,2,0,0,0,0,0,0,0,0,0,3,0,0,-1.0064102564102564,-0.09003123953270581,-0.0874,Home
222,3004,3,S3,1,MTL,ATL,STL,0,0,0,0,0,0,1,0,0,0,1,0,0,0,0,0,0,2,0,0,-0.2941176470588235,-0.022338573967002465,-0.0895,Home
222,3006,3,S3,2,MTL,ATL,COL,0,0,0,0,0,0,0,1,0,0,0,1,0,0,0,0,0,2,0,0,-0.1626984126984128,-0.009196650530961394,-0.019799999999999998,Away
222,3007,3,S3,3,MTL,ATL,TEX,0,0,0,0,0,0,0,1,0,0,0,1,0,0,0,0,0,2,0,0,-0.1626984126984128,-0.009196650530961394,-0.0443,Home
223,2002,2,S2,1,SFG,SFG,STL,0,0,0,0,0,0,1,0,0,0,0,1,0,0,0,0,0,2,0,0,-0.5086898395721925,-0.0428439055873133,-0.0279,Home
223,2005,2,S2,2,SFG,SFG,PHI,0,0,0,0,2,0,0,1,0,0,0,0,0,1,0,0,0,3,1,0,0.5867456617456618,0.07472472291437808,-0.01830000000000001,Home
223,3004,3,S3,1,MTL,ATL,STL,1,0,0,1,0,0,0,1,0,0,0,0,0,0,0,2,5,3,1,2,1.2936091686091682,0.13997070296923664,0.23639999999999997,Home
223,3006,3,S3,2,MTL,ATL,COL,1,0,0,0,0,0,0,0,0,0,0,1,0,0,0,1,4,2,1,2,1.6610105580693817,0.17317424654581803,0.1747,Away
223,3007,3,S3,3,MTL,ATL,TEX,0,0,0,0,0,0,0,2,0,0,0,0,0,0,0,0,0,2,0,0,-0.1626984126984128,-0.009196650530961394,-0.059800000000000006,Home
223,4005,4,S4,2,SFG,SFG,NYM,0,0,0,0,0,0,0,0,0,1,1,0,0,0,0,0,0,2,0,0,-0.5213967611336032,-0.04343280844166853,-0.0021999999999999997,Home
226,3004,3,S3,1,MTL,ATL,STL,1,0,1,0,0,0,0,0,0,0,0,1,0,0,0,2,6,3,1,2,2.034026431085255,0.2140124292168453,0.4684,Home
226,3006,3,S3,2,MTL,ATL,COL,0,0,0,2,0,0,1,0,0,0,0,0,0,0,0,2,2,3,0,0,-0.39148841354723707,-0.02853905524640388,0.027200000000000002,Away
226,3007,3,S3,3,MTL,ATL,TEX,0,0,0,0,0,0,0,0,0,0,1,1,0,0,0,0,0,2,0,0,-0.2539682539682538,-0.01832363465794549,-0.0398,Home
226,9001,9,S9,1,PHI,PHI,CHC,0,0,0,0,0,0,1,0,0,0,0,0,0,0,0,0,0,1,0,0,0.0,0.0036933290230663053,-0.12140000000000001,Away
226,10247,10,S10,2,PHI,PHI,MIL,0,0,0,0,1,0,0,1,0,1,0,0,0,0,0,0,0,3,1,0,0.3600264397256879,0.04633521482928275,-0.0534,Away
226,10249,10,S10,3,PHI,PHI,ATL,0,0,1,1,0,0,1,0,0,0,0,0,0,0,0,2,3,3,2,0,0.544439004987302,0.06477647135544418,-0.0010999999999999981,Home
226,10251,10,S10,4,PHI,PHI,TBR,0,0,0,0,1,0,1,1,0,0,0,0,0,0,0,0,0,3,1,0,-0.5136575911829261,-0.041033188261578646,-0.053,Home
226,11248,11,S11,2,PHI,PHI,MIL,0,0,0,1,0,0,0,0,0,1,0,0,0,0,0,1,1,2,0,0,0.4419421194495673,0.05502803064664051,-0.004700000000000003,Home
226,11250,11,S11,3,PHI,PHI,STL,0,0,0,1,0,0,0,0,0,2,0,0,0,0,0,1,1,3,0,0,-0.4633426034181094,-0.030083532289285262,-0.020500000000000004,Home
226,11251,11,S11,4,PHI,PHI,DET,0,0,0,1,0,0,2,0,0,0,0,0,0,0,0,1,1,3,0,1,0.24815813117699914,0.04106654117022559,0.09210000000000002,Home
227,3004,3,S3,1,MTL,ATL,STL,0,0,1,0,0,0,1,1,0,0,0,0,0,0,0,1,2,3,0,0,-0.007173382173381926,0.009892447890981634,0.025500000000000002,Home
227,3006,3,S3,2,MTL,ATL,COL,0,0,0,1,0,0,0,1,0,0,0,1,0,0,0,1,1,3,0,1,0.4935897435897436,0.059968760467294185,0.011999999999999995,Away
227,3007,3,S3,3,MTL,ATL,TEX,0,0,0,0,0,0,0,2,0,0,0,0,0,0,0,0,0,2,0,0,-0.1626984126984128,-0.009196650530961394,-0.0529,Home
228,3004,3,S3,1,MTL,ATL,STL,0,0,0,0,0,0,0,1,0,0,1,0,0,0,0,0,0,2,0,0,-0.4754273504273504,-0.04046954430385516,-0.0948,Home
228,3006,3,S3,2,MTL,ATL,COL,1,0,0,0,0,0,0,1,0,0,0,0,0,0,0,1,4,2,1,1,0.8730158730158731,0.09437477804046719,0.048400000000000006,Away
228,3007,3,S3,3,MTL,ATL,TEX,0,0,0,0,0,0,0,2,0,0,0,0,0,0,0,0,0,2,0,0,-0.2539682539682538,-0.01832363465794549,-0.043399999999999994,Home
229,3004,3,S3,1,MTL,ATL,STL,0,0,0,0,2,0,0,0,0,0,1,0,0,0,0,0,0,3,1,0,0.09831345125462779,0.020441131233782606,0.08810000000000001,Home
229,3006,3,S3,2,MTL,ATL,COL,1,0,0,1,0,0,0,0,0,0,1,0,0,0,0,2,5,3,2,1,1.1387501387501389,0.12448479998333371,0.119,Away
229,3007,3,S3,3,MTL,ATL,TEX,0,0,0,0,0,0,0,1,0,1,0,0,0,0,0,0,0,2,0,0,-0.5064102564102564,-0.043567834902145754,-0.0721,Home
230,3006,3,S3,2,MTL,ATL,COL,0,0,0,0,1,0,0,1,0,0,1,0,0,0,0,0,0,3,0,0,-0.4206259426847662,-0.03145280816015679,-0.0262,Away
230,6002,6,S6,1,STL,STL,ATL,0,0,0,1,1,0,0,0,0,1,0,0,0,0,0,1,1,3,1,0,-0.016812865497075946,0.008228276016104968,0.09030000000000002,Home
230,6006,6,S6,2,STL,STL,COL,0,0,0,0,0,0,0,1,0,1,1,1,0,0,0,0,0,4,1,0,-1.3246031746031746,-0.11924756737256736,-0.214,Away
230,6009,6,S6,3,STL,STL,SDP,1,0,0,0,0,0,1,0,0,0,1,0,0,0,0,1,4,3,1,1,0.548917748917749,0.06480133745758748,0.07089999999999999,Home
230,6011,6,S6,4,STL,STL,CWS,1,0,0,0,0,0,0,1,0,0,0,0,0,0,0,1,4,2,1,1,0.8823529411764706,0.0948416691615221,0.08510000000000001,Home
230,7009,7,S7,3,STL,STL,NYM,1,0,0,0,0,0,1,0,0,0,0,0,0,0,0,1,4,2,1,3,1.4095662263071225,0.14841022044621183,0.31429999999999997,Home
230,12242,12,S12,17,CWS,CWS,OAK,0,0,0,1,0,0,0,0,0,0,0,0,0,0,1,1,1,1,0,0,0.5,0.0738634713144517,-0.028500000000000004,Home
231,3004,3,S3,1,MTL,ATL,STL,0,0,0,0,0,0,1,0,0,0,1,1,1,0,0,0,0,3,0,0,-0.8086219336219337,-0.07025240725387354,-0.1644,Home
231,3007,3,S3,3,MTL,ATL,TEX,0,0,0,0,0,0,0,0,0,0,1,1,0,0,0,0,0,2,0,0,-0.5064102564102564,-0.043567834902145754,-0.0576,Home
232,3004,3,S3,1,MTL,ATL,STL,0,0,0,0,1,0,0,0,0,1,0,0,0,0,0,0,0,2,0,0,-0.167420814479638,-0.009668890709083914,-0.012899999999999995,Home
232,3006,3,S3,2,MTL,ATL,COL,0,0,0,1,0,0,0,1,0,0,0,1,1,0,0,1,1,3,1,0,-0.3955648926237162,-0.028946703154051793,-0.030200000000000005,Away
232,3007,3,S3,3,MTL,ATL,TEX,0,0,1,0,0,0,0,0,0,0,1,0,0,0,0,1,2,2,0,0,0.24603174603174624,0.03167636534205451,-0.0053999999999999986,Home
233,5004,5,S5,1,ARI,ARI,SDP,0,0,0,0,0,0,1,0,0,0,0,0,0,0,0,0,0,1,0,0,-0.2765843179377015,-0.024137715941639822,-0.0248,Home
233,9007,9,S9,2,CLE,CLE,BAL,0,0,0,1,0,0,0,0,0,1,0,0,0,0,0,1,1,2,0,0,-0.45553791431279156,-0.038167133385146546,-0.0188,Away
237,2007,2,S2,3,TOR,TOR,PHI,0,0,0,0,0,0,1,0,0,0,0,0,0,0,0,0,0,1,0,0,-0.1666666666666666,-0.012654127481713684,-0.21710000000000002,Home
238,4002,4,S4,1,NYM,NYM,FLA,0,0,1,0,0,0,0,1,0,0,0,0,0,0,0,1,2,2,0,1,0.8713513513513513,0.09584200280682692,-0.0009000000000000002,Away
238,4009,4,S4,3,NYM,NYM,LAD,0,0,0,0,0,0,0,0,0,1,0,0,0,0,0,0,0,1,0,0,-0.6486486486486487,-0.06051143102901897,-0.0132,Away
240,4003,4,S4,1,BAL,BAL,ANA,0,1,0,0,0,0,0,0,0,1,1,0,0,0,0,1,3,3,1,1,0.43999999999999995,0.05706030150753768,0.09620000000000001,Away
240,4006,4,S4,2,BAL,BAL,NYY,0,0,0,0,0,0,1,1,0,0,0,0,0,0,0,0,0,2,0,0,-0.56,-0.047293132328308216,-0.036500000000000005,Away
241,2003,2,S2,1,BOS,BOS,TBR,0,0,0,2,0,0,0,0,0,0,0,0,0,0,0,2,2,2,0,0,-0.0784313725490196,0.00018194111500399214,0.056499999999999995,Home
241,5004,5,S5,1,ARI,ARI,SDP,0,0,0,1,0,0,2,0,0,0,0,0,0,0,0,1,1,3,0,0,-0.35722947922802417,-0.025160800366411426,-0.038000000000000006,Home
241,8001,8,S8,1,ARI,ARI,MTL,0,0,0,0,1,0,1,0,0,1,0,0,0,0,0,0,0,3,0,0,0.27073980277042337,0.0421193673766321,-0.08009999999999998,Away
245,2001,2,S2,1,PHI,PHI,PIT,0,0,2,0,0,0,0,1,0,0,0,0,0,0,0,2,4,3,0,1,1.2796105854929385,0.13999867610415279,0.1383,Away
245,2005,2,S2,2,PHI,PHI,SFG,0,0,0,0,0,0,1,1,0,0,1,0,0,0,0,0,0,3,0,0,-0.6383194692018221,-0.051794329365323286,-0.0497,Away
245,2007,2,S2,3,PHI,PHI,TOR,0,0,0,0,0,0,0,3,0,0,0,0,0,0,0,0,0,3,0,0,-0.2822588631412161,-0.01618826875926268,-0.0514,Away
245,4008,4,S4,2,SEA,SEA,KCR,0,0,0,0,0,0,0,0,0,0,0,1,0,0,0,0,0,1,0,0,-0.2680769230769231,-0.022454258471846414,-0.0202,Away
247,4006,4,S4,2,NYY,NYY,BAL,1,0,0,0,0,0,0,0,0,0,0,1,0,0,0,1,4,2,1,1,0.2857142857142857,0.037278296243120373,0.13799999999999998,Home
247,4010,4,S4,3,NYY,NYY,KCR,0,0,0,0,0,0,1,1,0,0,0,0,0,0,0,0,0,2,0,0,-0.5361538461538462,-0.04490851694369283,-0.0786,Home
252,4003,4,S4,1,CLE,ANA,BAL,0,0,0,0,0,0,0,0,0,1,0,0,0,0,0,0,0,1,0,0,-1.0461538461538467,-0.10026195077953877,-0.0834,Home
252,5001,5,S5,1,NYM,NYM,COL,0,0,1,0,0,0,0,0,0,0,2,0,0,0,0,1,2,3,0,1,0.04586466165413533,0.015148613721804514,0.10600000000000002,Home
252,7006,7,S7,2,NYM,NYM,CHC,0,0,0,0,1,0,0,0,0,0,1,0,0,0,0,0,0,2,0,0,-0.04826936661172598,0.0026266611543269494,-0.0162,Home
252,7009,7,S7,3,NYM,NYM,STL,1,0,0,1,0,0,0,0,0,0,1,0,0,0,0,2,5,3,1,2,1.1559178454407415,0.12677218126732345,0.14579999999999999,Away
252,7011,7,S7,4,NYM,NYM,MIN,1,0,0,0,0,0,0,0,0,1,0,1,0,0,0,1,4,3,1,1,0.2142857142857143,0.03260896815182073,0.00979999999999999,Home
254,3002,3,S3,1,NYY,NYY,CLE,1,0,0,0,0,0,0,1,0,1,0,0,0,0,0,1,4,3,1,1,0.40909090909090917,0.05151887701741073,0.05919999999999999,Away
254,4003,4,S4,1,CLE,ANA,BAL,0,0,0,0,1,0,0,0,0,1,1,0,0,0,0,0,0,3,0,0,0.3212406015037593,0.04518436165791362,-0.05979999999999999,Home
255,9010,9,S9,3,BAL,BAL,MIN,0,0,0,0,0,0,2,0,0,0,0,0,0,0,0,0,0,2,0,1,0.7015080004604581,0.07753745809217842,-0.0015999999999999973,Home
255,10245,10,S10,2,BAL,BAL,CWS,2,0,0,0,0,0,1,1,0,0,0,0,0,0,0,2,8,4,2,2,1.7560002109691553,0.1893767822392008,0.36839999999999995,Away
255,10250,10,S10,3,BAL,BAL,TBR,0,0,1,0,1,0,0,0,0,0,1,0,0,0,1,1,2,3,0,0,0.05102040816326525,0.018878801958611816,0.015199999999999991,Away
256,3002,3,S3,1,NYY,NYY,CLE,1,0,0,0,0,0,0,1,0,0,0,2,0,0,0,1,4,4,1,1,0.6245331465919701,0.07659969613695677,0.07869999999999999,Away
256,4006,4,S4,2,NYY,NYY,BAL,0,0,0,1,0,0,0,1,0,0,0,0,0,0,0,1,1,2,0,0,0.08437246963562717,0.017144114635254504,-0.004699999999999998,Home
256,4010,4,S4,3,NYY,NYY,KCR,0,0,1,0,0,0,0,1,0,0,0,0,0,0,0,1,2,3,0,0,-0.7456140350877194,-0.06150110200123426,-0.12170000000000002,Home
257,3002,3,S3,1,NYY,NYY,CLE,0,0,1,1,0,0,0,0,0,0,0,1,0,0,0,2,3,3,1,0,0.579004329004329,0.06851021900875273,0.023399999999999997,Away
257,4003,4,S4,1,CLE,ANA,BAL,0,0,0,1,0,0,1,0,0,0,1,0,1,0,0,1,1,3,0,0,-1.4678070175438598,-0.13372040024684828,-0.1875,Home
258,4003,4,S4,1,CLE,ANA,BAL,0,0,0,1,0,0,0,0,0,0,0,0,0,0,0,1,1,1,1,0,0.1336032388663969,0.01771375772248559,0.0611,Home
259,3002,3,S3,1,NYY,NYY,CLE,1,0,0,0,0,0,0,1,0,0,1,0,0,0,0,1,4,3,1,2,1.2467948717948718,0.135289273287807,0.1137,Away
259,4006,4,S4,2,NYY,NYY,BAL,0,0,0,1,0,0,0,1,0,0,0,0,0,0,0,1,1,2,0,0,-0.026680161943319902,0.006038851477359799,-0.0157,Home
259,4010,4,S4,3,NYY,NYY,KCR,0,0,0,0,0,0,0,2,0,0,0,0,0,0,0,0,0,2,0,0,-0.4827935222672064,-0.03957248455502885,-0.0834,Home
259,5003,5,S5,1,NYY,NYY,MIN,0,0,0,0,0,0,1,0,0,0,0,0,0,0,0,0,0,1,0,0,-0.3333333333333333,-0.029812617481203008,0.0001,Home
259,5008,5,S5,2,NYY,NYY,KCR,0,0,0,1,1,0,0,0,0,0,0,0,0,0,0,1,1,2,0,0,1.3124189784806843,0.13828332955232908,0.0867,Away
259,11243,11,S11,1,NYY,NYY,OAK,1,0,0,0,0,0,1,0,0,0,0,0,0,0,0,1,4,2,1,2,1.4415316104183686,0.15498697974352066,0.2118,Away
259,11246,11,S11,2,NYY,NYY,TBR,0,0,0,0,0,0,0,1,0,1,0,0,0,0,0,0,0,2,0,0,-0.6528854667573293,-0.05445472797404914,-0.04869999999999999,Away
260,3002,3,S3,1,NYY,NYY,CLE,0,0,0,0,0,0,0,0,0,0,3,0,0,0,0,0,0,3,0,0,-0.6024114774114773,-0.0496313616328279,-0.0356,Away
260,4006,4,S4,2,NYY,NYY,BAL,0,0,1,0,0,0,0,0,0,0,1,1,0,0,0,1,2,3,0,1,-0.10141025641025647,0.0029192758665120416,0.020299999999999995,Home
260,4010,4,S4,3,NYY,NYY,KCR,0,0,0,0,0,0,0,2,0,0,0,0,0,0,0,0,0,2,0,0,-0.4827935222672064,-0.03957248455502885,-0.0684,Home
261,4004,4,S4,1,BOS,BOS,SEA,0,0,0,0,1,1,0,0,0,1,0,1,0,0,0,0,0,3,1,0,-0.19994987468671677,-0.006934685961133988,-0.053899999999999997,Away
262,3002,3,S3,1,NYY,NYY,CLE,1,0,0,1,0,0,0,0,0,0,0,1,0,0,0,2,5,3,1,1,1.0138888888888888,0.11199867499720871,0.07780000000000001,Away
262,4002,4,S4,1,MIA,FLA,NYM,0,0,0,1,0,0,1,0,0,0,0,1,0,0,0,1,1,3,0,0,-0.3908839406207827,-0.026028092554540583,0.0357,Home
262,8006,8,S8,2,MIA,FLA,MTL,0,0,0,1,0,0,0,0,0,0,0,0,0,0,0,1,1,1,0,1,1.5357142857142858,0.15858655760462517,0.20629999999999998,Home
262,8009,8,S8,3,MIA,FLA,LAD,0,0,0,0,0,0,0,0,0,0,1,0,0,0,0,0,0,1,0,0,-0.6428571428571429,-0.0592705852525177,-0.0582,Away
263,3002,3,S3,1,NYY,NYY,CLE,0,0,0,0,1,0,0,1,0,0,1,0,0,0,0,0,0,3,0,0,-0.41117216117216104,-0.030507430008896278,-0.030299999999999994,Away
264,3002,3,S3,1,NYY,NYY,CLE,1,0,0,1,0,0,0,0,0,1,0,0,0,0,0,2,5,3,1,1,0.6620830150241915,0.07681808761073897,0.0871,Away
264,6007,6,S6,2,CWS,CWS,BAL,0,0,0,2,0,0,1,0,0,0,0,0,0,0,0,2,2,3,0,1,0.4934878846643552,0.059258351032248094,0.1041,Away
264,6011,6,S6,4,CWS,CWS,STL,0,0,0,0,0,0,0,0,0,1,0,0,0,0,0,0,0,1,0,0,-0.17391774891774903,-0.014088587369837379,-0.024,Away
264,7001,7,S7,1,PHI,PHI,CHC,0,0,0,0,0,0,1,0,0,0,1,0,0,0,0,0,0,2,0,0,-0.35483097578518347,-0.0280294997630188,-0.0319,Away
264,10248,10,S10,2,ATL,ATL,SFG,0,0,0,0,0,0,1,1,0,1,0,0,0,0,0,0,0,3,0,0,-2.1523316573006013,-0.20490059487334616,-0.1178,Away
264,10249,10,S10,3,ATL,ATL,PHI,0,0,0,0,1,0,0,0,0,0,1,0,1,1,0,0,0,2,0,0,0.048136645962732816,0.015146235452987253,0.0406,Away
264,11246,11,S11,2,TBR,TBR,NYY,1,0,1,0,0,0,0,0,0,1,0,0,0,0,0,2,6,3,1,1,1.3243486073674753,0.14868558878927318,0.006200000000000004,Home
264,11249,11,S11,3,TBR,TBR,DET,1,0,0,0,2,0,0,0,0,0,0,0,0,0,0,1,4,3,2,1,2.122408963585434,0.22849162441106907,0.12890000000000001,Home
264,12244,12,S12,17,TBR,TBR,MIN,0,0,0,0,0,0,0,0,0,0,0,1,0,0,0,0,0,1,0,0,-0.2941176470588235,-0.017480029048656497,-0.022000000000000002,Home
265,3002,3,S3,1,NYY,NYY,CLE,0,0,0,0,1,0,0,0,0,1,0,1,0,1,0,0,0,3,0,0,0.208957708957709,0.03504215237353067,-0.0154,Away
265,4002,4,S4,1,MIA,FLA,NYM,0,0,0,1,0,0,0,0,0,1,1,0,0,0,0,1,1,3,1,0,-0.6227481124849545,-0.049214509740957764,-0.07880000000000001,Home
265,5001,5,S5,1,COL,COL,NYM,0,0,0,1,0,0,0,2,0,0,0,0,0,0,1,1,1,3,0,0,-0.9652210884353741,-0.0824392454350161,-0.07339999999999999,Away
265,5006,5,S5,2,COL,COL,MTL,0,0,0,0,0,0,1,1,0,0,0,1,0,0,0,0,0,3,0,0,-0.8099176512710349,-0.0704296175707125,-0.1045,Away
265,7010,7,S7,3,MIN,MIN,TOR,0,0,0,0,1,0,2,0,0,0,0,0,0,0,0,0,0,3,0,1,1.2574100899216205,0.1369214057154114,0.04739999999999999,Home
265,10243,10,S10,1,MIA,FLA,PHI,0,0,0,0,0,0,1,0,0,0,1,0,0,0,0,0,0,2,0,0,-0.6365572315882875,-0.0567673425876861,-0.0441,Away
265,11244,11,S11,1,FLA,FLA,SFG,1,0,0,1,0,0,0,0,0,0,1,0,0,0,0,2,5,3,1,3,0.8414519233711358,0.10039592038963928,-0.0265,Away
266,3002,3,S3,1,NYY,NYY,CLE,0,0,0,0,0,0,0,0,0,0,1,0,0,0,0,0,0,1,0,0,-0.5,-0.046463404630560055,-0.0182,Away
268,8009,8,S8,3,MIA,FLA,LAD,0,0,0,1,0,0,0,0,0,0,0,1,1,0,0,1,1,2,0,1,-0.6490196078431374,-0.054871702717920565,-0.04149999999999998,Away
270,4003,4,S4,1,CLE,ANA,BAL,0,0,0,0,0,0,1,0,0,0,0,0,0,0,0,0,0,1,0,0,-0.4395604395604392,-0.03960261012019803,-0.0891,Home
270,8006,8,S8,2,MIA,FLA,MTL,0,0,1,0,0,0,0,1,0,0,0,0,0,0,0,1,2,2,1,0,0.3870706177207728,0.04873731983847045,0.09670000000000001,Home
270,8009,8,S8,3,MIA,FLA,LAD,0,0,0,0,0,0,0,0,0,0,0,1,1,0,0,0,0,1,0,0,-0.5833333333333334,-0.05331820430013675,-0.0175,Away
271,5002,5,S5,1,OAK,OAK,TEX,0,0,1,0,0,0,0,0,0,0,1,0,0,0,0,1,2,2,1,0,0.13178034371643382,0.020219466075904035,-0.012500000000000002,Home
271,5007,5,S5,2,OAK,OAK,HOU,0,0,0,1,0,0,1,0,0,1,0,0,0,0,0,1,1,3,0,0,0.5393473935248629,0.06449688690887728,-0.026500000000000003,Away
271,5009,5,S5,3,OAK,OAK,KCR,1,0,0,0,0,0,1,0,0,0,0,0,0,0,0,1,4,2,1,1,0.7234156820622986,0.0793829999104905,0.0875,Away
271,5011,5,S5,4,OAK,OAK,SDP,0,0,0,0,0,0,2,0,0,0,0,0,0,0,0,0,0,2,0,0,-0.4765843179377015,-0.0406170000895095,-0.0457,Home
272,5002,5,S5,1,OAK,OAK,TEX,1,0,0,0,0,0,0,1,0,0,0,1,0,0,0,1,4,3,1,1,0.41307085447609165,0.051869233004000134,0.046599999999999996,Home
272,5007,5,S5,2,OAK,OAK,HOU,0,0,0,0,0,0,1,0,0,0,1,1,0,0,0,0,0,3,0,0,-1.3430242272347537,-0.12374027516708438,-0.0657,Away
272,5009,5,S5,3,OAK,OAK,KCR,0,0,3,0,0,0,1,0,0,0,0,0,0,0,0,3,6,4,1,4,0.8264202172096908,0.09672488512949039,0.1006,Away
272,5011,5,S5,4,OAK,OAK,SDP,0,0,0,0,0,0,1,0,0,0,1,1,1,0,0,0,0,3,0,0,-1.2765843179377014,-0.11709628423737917,-0.24130000000000001,Home
272,6005,6,S6,2,PHI,PHI,SDP,0,0,0,0,0,0,1,0,0,2,0,0,0,0,0,0,0,3,0,0,-1.3607142857142858,-0.12616186600561602,-0.06580000000000001,Home
272,8007,8,S8,2,OAK,OAK,SEA,0,0,0,1,0,0,1,0,0,0,1,0,0,0,0,1,1,3,1,1,0.3214285714285713,0.047188244242446886,-0.024300000000000002,Home
272,8011,8,S8,4,OAK,OAK,LAD,0,0,0,0,1,0,0,1,0,0,0,2,0,1,0,0,0,4,1,0,-0.7252100840336134,-0.047445363237378406,-0.04,Home
273,1001,1,S1,1,OAK,OAK,PHI,0,0,0,0,0,0,2,1,0,0,0,0,0,0,0,0,0,3,0,0,0.16666666666666669,0.027092198581560284,-0.20450000000000002,Away
275,7003,7,S7,1,CWS,CWS,TBR,1,0,0,0,0,0,0,0,0,0,0,1,0,0,0,1,4,2,1,2,1.6282323526389697,0.1702768330793965,0.06609999999999999,Home
278,2003,2,S2,1,TB,TBR,BOS,0,0,0,0,0,0,0,1,0,0,1,0,0,0,0,0,0,2,0,0,-0.2680976430976431,-0.018784685939858357,-0.0693,Away
278,2006,2,S2,2,TB,TBR,TOR,0,0,0,0,0,0,1,1,0,0,0,0,0,0,0,0,0,2,0,0,-0.4719251336898396,-0.03916743499907801,-0.07339999999999999,Away
278,4004,4,S4,1,BOS,BOS,SEA,0,0,0,0,1,0,1,0,0,0,0,1,1,0,0,0,0,3,0,0,-1.008791208791209,-0.0878188193715832,-0.0698,Away
278,6005,6,S6,2,PHI,PHI,SDP,0,0,1,0,1,0,1,0,0,0,0,0,0,0,0,1,2,3,0,0,0.5653337890179996,0.06644294146761252,0.0808,Home
278,7001,7,S7,1,PHI,PHI,CHC,0,0,0,1,0,0,1,0,0,0,0,1,0,0,0,1,1,3,0,0,-0.09179876715249202,0.00200052000800012,-0.0025000000000000022,Away
278,9007,9,S9,2,BAL,BAL,CLE,0,0,0,1,0,0,1,0,0,0,0,0,0,0,1,1,1,2,0,0,0.3297047292330311,0.044050459992502025,-0.0142,Home
278,9011,9,S9,4,BAL,BAL,COL,0,0,0,1,0,0,1,0,0,0,0,0,0,0,0,1,1,2,0,0,0.1812739305270878,0.02551405109884139,-0.0089,Home
278,10245,10,S10,2,BAL,BAL,CWS,0,0,0,0,0,0,2,0,0,0,0,0,0,0,0,0,0,2,0,0,-0.2391304347826086,-0.017024662907118217,-0.0217,Away
278,10250,10,S10,3,BAL,BAL,TBR,0,0,1,0,1,0,0,0,0,0,0,0,0,0,0,1,2,2,0,0,0.5817505720823799,0.06506343777938065,0.052,Away
285,2001,2,S2,1,PHI,PHI,PIT,0,0,0,2,0,0,0,0,0,1,0,0,0,0,0,2,2,3,1,0,-0.2476268285091814,-0.012725065296059213,0.041100000000000005,Away
287,1001,1,S1,1,PHI,PHI,OAK,0,0,0,0,0,0,0,1,0,0,0,1,0,0,0,0,0,2,0,0,-0.1666666666666666,-0.009716312056737583,-0.0553,Home
287,2005,2,S2,2,PHI,PHI,SFG,0,0,1,0,0,0,0,0,0,0,0,0,0,0,0,1,2,1,0,0,0.6022727272727273,0.0642398119122257,0.0579,Away
287,6005,6,S6,2,PHI,PHI,SDP,0,0,0,0,1,0,1,1,0,0,0,0,0,0,0,0,0,3,0,0,-0.001336675020885525,0.009775895063724012,-0.053399999999999996,Home
287,10243,10,S10,1,PHI,PHI,FLA,0,0,1,0,1,0,0,0,0,0,0,0,0,0,0,1,2,2,1,2,1.079429342587237,0.11483131482986636,0.0419,Home
287,10249,10,S10,3,PHI,PHI,ATL,0,0,0,1,1,0,0,0,0,0,0,0,0,0,1,1,1,2,0,0,-0.384786641929499,-0.02814609333623594,-0.019399999999999997,Home
287,10251,10,S10,4,PHI,PHI,TBR,0,0,0,0,0,0,0,1,0,0,1,0,0,0,0,0,0,2,0,0,-0.4988755622188905,-0.0429991756507464,-0.0765,Home
287,11248,11,S11,2,PHI,PHI,MIL,0,0,0,1,0,0,0,1,0,0,0,0,0,0,1,1,1,2,0,0,-1.0382166107091626,-0.0875709330183906,-0.049100000000000005,Home
287,11251,11,S11,4,PHI,PHI,DET,0,0,1,0,0,0,0,1,0,1,0,0,0,0,0,1,2,3,1,0,-0.2694235588972431,-0.010691627837198635,-0.024700000000000003,Home
288,2001,2,S2,1,PHI,PHI,PIT,0,0,0,0,0,0,2,1,0,0,0,0,0,0,0,0,0,3,0,0,-0.8417317976141505,-0.07213556220655612,-0.11950000000000001,Away
288,2007,2,S2,3,PHI,PHI,TOR,1,0,0,0,1,0,1,0,0,0,0,0,0,0,0,1,4,3,1,1,1.11096256684492,0.1231338742393509,0.12070000000000002,Away
289,2006,2,S2,2,TB,TBR,TOR,0,0,0,0,0,0,1,0,0,0,0,0,0,0,0,0,0,1,0,0,-0.0321350762527233,0.0007990315596806471,-0.0319,Away
289,7001,7,S7,1,PHI,PHI,CHC,0,0,0,0,0,0,0,1,0,0,1,1,0,0,0,0,0,3,0,0,-0.8770764119601328,-0.07652724447276396,-0.0604,Away
290,1001,1,S1,1,PHI,PHI,OAK,0,0,0,0,0,0,1,1,0,0,0,0,0,0,0,0,0,2,0,0,-0.5555555555555556,-0.04860520094562648,-0.0617,Home
290,2001,2,S2,1,PHI,PHI,PIT,0,0,0,0,0,0,0,1,0,0,0,0,0,0,0,0,0,1,0,0,-0.375,-0.03348746081504702,-0.0223,Away
290,2005,2,S2,2,PHI,PHI,SFG,0,0,0,0,0,0,0,2,0,0,1,0,0,0,0,0,0,3,0,0,-0.9690398381574853,-0.08486636626088959,-0.09,Away
290,2007,2,S2,3,PHI,PHI,TOR,0,0,0,0,0,0,0,1,0,0,2,0,1,0,0,0,0,3,0,0,-0.7166666666666668,-0.05962904911180775,-0.0947,Away
290,6005,6,S6,2,PHI,PHI,SDP,0,0,0,1,0,0,0,0,0,0,1,0,0,0,0,1,1,2,0,1,-0.7376984126984125,-0.06716346622596621,0.0024999999999999988,Home
290,7001,7,S7,1,PHI,PHI,CHC,0,0,1,0,0,0,1,0,0,0,0,0,0,0,0,1,2,2,0,1,0.5017538836110587,0.05762898617660542,0.0098,Away
293,2005,2,S2,2,PHI,PHI,SFG,1,0,0,0,1,1,1,0,0,0,0,0,0,0,1,1,4,3,1,2,-0.3750000000000002,-0.02144984326018811,0.038899999999999976,Away
293,6005,6,S6,2,PHI,PHI,SDP,0,0,0,1,0,0,0,0,0,0,0,1,1,0,1,1,1,2,0,0,-0.7265493278651175,-0.06274537022069918,-0.0407,Home
293,11248,11,S11,2,PHI,PHI,MIL,0,0,0,0,0,0,0,1,0,0,0,0,0,0,0,0,0,1,0,0,-1.0588235294117647,-0.10046544359033457,-0.0182,Home
293,11250,11,S11,3,PHI,PHI,STL,0,0,0,1,0,0,0,0,0,0,1,0,0,0,0,1,1,2,1,0,-0.0011559070089016688,0.010718228000793618,0.0161,Home
293,11251,11,S11,4,PHI,PHI,DET,0,0,0,0,0,0,1,0,0,1,0,0,0,0,0,0,0,2,0,0,-0.6641571397589615,-0.05558189527421237,-0.050699999999999995,Home
295,6001,6,S6,1,LAD,LAD,SDP,0,0,0,1,0,0,1,0,0,0,1,0,0,0,0,1,1,3,0,0,-0.46717171717171724,-0.03680760915135915,-0.0205,Home
295,8005,8,S8,2,LAD,LAD,SDP,1,0,1,0,0,0,1,0,0,0,0,0,0,0,0,2,6,3,1,2,2.2120333064732742,0.2362487177469172,0.023700000000000002,Home
295,8009,8,S8,3,LAD,LAD,FLA,0,0,0,0,1,0,1,0,0,0,0,1,0,0,0,0,0,3,1,0,0.09872798434442276,0.024918185534032036,0.045599999999999995,Home
295,8011,8,S8,4,LAD,LAD,OAK,2,0,1,0,0,0,1,0,0,0,0,0,0,0,0,3,10,4,2,3,3.431372549019608,0.36319777103474715,0.35309999999999997,Away
296,2003,2,S2,1,BOS,BOS,TBR,0,0,0,0,0,0,2,0,0,0,0,0,0,0,0,0,0,2,0,0,-0.4026292335115864,-0.03223784498125269,-0.1113,Home
298,6005,6,S6,2,PHI,PHI,SDP,0,0,0,0,0,0,0,2,0,0,1,0,1,0,0,0,0,3,0,0,-1.4569966583124478,-0.13579010326543223,-0.059699999999999996,Home
298,7001,7,S7,1,PHI,PHI,CHC,0,0,0,0,0,0,1,0,0,0,0,1,0,0,0,0,0,2,0,0,-0.3895367000138038,-0.031500072185880836,-0.0478,Away
298,9001,9,S9,1,PHI,PHI,CHC,0,0,0,0,0,0,0,0,0,1,0,0,0,0,0,0,0,1,0,0,-0.41077441077441085,-0.03738411205437478,-0.0158,Away
298,10247,10,S10,2,PHI,PHI,MIL,0,0,1,0,1,0,0,0,0,1,0,0,0,0,0,1,2,3,1,2,1.3090830222409169,0.14124087308080566,0.1659,Away
298,10249,10,S10,3,PHI,PHI,ATL,0,0,0,0,0,0,1,1,0,0,0,0,0,0,0,0,0,2,0,0,-0.17931034482758623,-0.01104265391161598,-0.0352,Home
298,10251,10,S10,4,PHI,PHI,TBR,0,0,0,0,0,0,0,1,0,0,1,0,0,0,0,0,0,2,0,0,-0.7675617615467241,-0.06986779558352976,-0.0975,Home
298,11248,11,S11,2,PHI,PHI,MIL,0,0,0,0,0,0,0,1,0,0,0,0,0,0,0,0,0,1,0,0,0.5588235294117647,0.06129926229201836,-0.0074,Home
298,11250,11,S11,3,PHI,PHI,STL,0,0,0,0,1,0,0,0,0,0,0,1,0,0,0,0,0,2,1,0,-1.0948275862068966,-0.09864893991900586,0.0069,Home
298,11251,11,S11,4,PHI,PHI,DET,0,0,0,0,0,0,0,1,0,0,0,0,0,0,0,0,0,1,0,0,-0.5952380952380952,-0.05410690017296763,-0.0072,Home
300,1001,1,S1,1,PHI,PHI,OAK,0,0,1,0,0,0,1,0,0,1,0,0,0,0,0,1,2,3,0,0,-0.08333333333333329,0.0020921985815602877,0.0218,Home
300,2001,2,S2,1,PHI,PHI,PIT,0,0,0,0,0,0,2,0,0,0,0,0,0,0,0,0,0,2,0,0,-0.5940398381574853,-0.051378905445842574,-0.056499999999999995,Away
301,6005,6,S6,2,PHI,PHI,SDP,0,0,0,1,0,0,1,0,0,0,0,0,0,0,0,1,1,2,0,0,-0.07236842105263153,-0.0006304670613881055,-0.0219,Home
301,7001,7,S7,1,PHI,PHI,CHC,0,0,0,0,0,0,2,0,0,0,0,1,1,0,0,0,0,3,0,0,-1.4854963204089988,-0.13736923531765055,-0.1043,Away
301,9003,9,S9,1,CLE,CLE,BOS,0,0,0,1,0,0,0,2,0,0,1,0,0,1,0,1,1,4,1,0,-0.7646776522215972,-0.05800112010682821,-0.0312,Away
301,9007,9,S9,2,CLE,CLE,BAL,0,0,0,0,1,0,1,0,0,0,0,0,0,1,0,0,0,2,0,0,0.5704423442238034,0.06812422149157925,0.021199999999999997,Away
302,2005,2,S2,2,PHI,PHI,SFG,0,1,0,0,1,0,0,0,0,0,1,0,0,0,0,1,3,3,1,0,1.7453703703703707,0.186574654591896,0.09860000000000001,Away
304,2003,2,S2,1,TB,TBR,BOS,1,0,0,1,0,0,1,0,0,0,0,0,0,0,0,2,5,3,1,1,0.9738668738668739,0.10942430494154631,0.1916,Away
304,2006,2,S2,2,TB,TBR,TOR,0,0,1,0,1,0,1,0,0,0,0,0,0,0,0,1,2,3,0,0,-0.3176675176675178,-0.01972913421189285,0.0516,Away
307,2001,2,S2,1,PIT,PIT,PHI,0,0,1,0,0,0,1,0,0,0,0,1,0,0,0,1,2,3,0,0,-0.166958041958042,-0.004658186640945271,0.04529999999999999,Home
307,5005,5,S5,2,PIT,PIT,SDP,0,0,0,1,0,0,0,0,0,1,0,1,0,0,1,1,1,3,0,0,-1.3654732068265907,-0.12246445727413775,-0.1739,Home
308,2001,2,S2,1,PIT,PIT,PHI,0,0,0,0,0,0,0,0,0,0,0,1,1,0,0,0,0,1,0,0,-0.5,-0.045987460815047024,-0.1361,Home
308,5005,5,S5,2,PIT,PIT,SDP,0,0,0,0,0,0,1,1,0,0,0,1,0,0,0,0,0,3,0,0,-0.787468671679198,-0.06818471961152882,-0.235,Home
309,2001,2,S2,1,PIT,PIT,PHI,0,0,0,0,0,0,0,0,0,0,2,0,0,0,0,0,0,2,0,0,-0.1617647058823529,-0.008151392218329336,-0.0548,Home
310,5009,5,S5,3,OAK,OAK,KCR,0,0,0,0,1,0,0,0,0,0,0,0,0,0,0,0,0,1,1,0,0.3806451612903226,0.04158523198116258,-0.0004,Away
311,2001,2,S2,1,PIT,PIT,PHI,0,0,0,0,1,0,1,0,0,0,0,0,0,0,0,0,0,2,0,0,-0.03596256684491986,0.004428821685413968,0.025100000000000004,Home
313,2001,2,S2,1,PIT,PIT,PHI,0,0,0,0,0,0,0,1,0,0,1,0,0,0,0,0,0,2,0,0,-0.2680976430976431,-0.018784685939858357,-0.06649999999999999,Home
314,2001,2,S2,1,PIT,PIT,PHI,0,0,0,0,0,0,0,0,0,0,0,3,0,0,0,0,0,3,0,0,-0.3925339366515836,-0.027215776110299426,-0.236,Home
314,5005,5,S5,2,PIT,PIT,SDP,0,0,0,1,0,0,0,0,0,1,0,0,0,1,0,1,1,2,0,0,0.667120181405896,0.07727416569698058,0.1336,Home
316,2001,2,S2,1,PIT,PIT,PHI,0,0,0,0,0,0,1,1,0,0,0,1,0,0,0,0,0,3,0,0,-0.7680976430976431,-0.06477214675490539,-0.1712,Home
318,2001,2,S2,1,PIT,PIT,PHI,0,0,0,0,0,0,1,1,0,0,0,0,0,0,0,0,0,2,0,0,-0.36559219647454944,-0.02853414127754899,-0.05960000000000001,Home
323,4001,4,S4,1,CIN,CIN,LAD,0,1,0,0,2,0,0,0,0,0,0,0,0,0,0,1,3,3,1,0,1.5705717255717255,0.17011747406471023,0.1354,Away
324,5004,5,S5,1,SDP,SDP,ARI,0,0,1,0,0,0,0,0,0,0,1,0,0,0,0,1,2,2,1,1,0.8224489795918368,0.08928632966344434,0.1217,Away
324,5005,5,S5,2,SDP,SDP,PIT,0,0,0,1,0,0,1,0,0,0,1,0,0,0,0,1,1,3,0,1,1.3236424394319133,0.1429263914995823,0.2658,Away
324,5010,5,S5,3,SDP,SDP,MTL,0,0,1,2,0,0,0,0,0,0,1,0,0,1,0,3,4,4,1,0,2.915504535147392,0.30915403277539083,0.1534,Away
324,5011,5,S5,4,SDP,SDP,OAK,0,0,0,0,1,0,1,0,0,0,0,1,0,0,0,0,0,3,1,0,0.7000896057347672,0.0805711081298677,-0.020700000000000007,Away
324,6001,6,S6,1,SDP,SDP,LAD,0,0,0,0,0,0,0,0,0,1,0,1,0,0,0,0,0,2,0,0,-0.4664565826330532,-0.040039283219430274,-0.0286,Away
324,6005,6,S6,2,SDP,SDP,PHI,0,0,1,0,1,1,0,0,0,0,1,0,0,0,0,1,2,3,2,0,0.7032828282828284,0.0802378453940954,0.145,Away
324,6009,6,S6,3,SDP,SDP,STL,0,0,0,1,1,0,1,0,0,1,0,0,0,0,0,1,1,4,1,0,-0.2506066430989034,-0.011847914222140248,0.0453,Away
324,7002,7,S7,1,SDP,SDP,SFG,0,0,1,0,0,0,0,0,0,1,0,1,1,0,0,1,2,3,0,0,-0.9490552472430834,-0.08372512800105902,0.0159,Home
324,8002,8,S8,1,SDP,SDP,CHC,0,0,1,0,0,0,1,1,0,0,0,0,0,0,0,1,2,3,0,1,0.6951095506695829,0.08455634216654805,0.121,Away
324,8005,8,S8,2,SDP,SDP,LAD,0,0,0,2,0,0,0,0,0,0,1,0,0,0,0,2,2,3,1,0,0.15098039215686265,0.03014342631527602,0.0791,Away
327,7003,7,S7,1,TBR,TBR,CWS,1,0,0,0,1,0,2,0,0,0,0,0,0,0,0,1,4,4,2,3,2.6883280827417995,0.28374000390517906,0.09029999999999999,Away
327,7008,7,S7,2,TBR,TBR,TOR,0,0,1,0,0,0,0,0,0,2,0,1,0,0,0,1,2,4,0,0,0.012607667246842647,0.016167962355683352,-0.0973,Away
327,10246,10,S10,2,TBR,TBR,OAK,0,0,0,0,0,0,0,1,0,0,2,0,0,0,0,0,0,3,0,0,-0.38300798580301687,-0.027968227723587723,-0.039,Home
327,10250,10,S10,3,TBR,TBR,BAL,0,0,0,0,0,0,1,1,0,0,0,1,0,0,0,0,0,3,0,0,-1.4062999112688552,-0.13029742027017158,-0.13640000000000002,Home
327,10251,10,S10,4,TBR,TBR,PHI,0,0,0,1,0,0,2,0,0,0,0,0,0,0,0,1,1,3,1,0,1.2532238982549542,0.13565496068220936,0.0403,Away
327,11246,11,S11,2,TBR,TBR,NYY,0,0,0,1,0,0,1,0,0,0,0,0,0,0,0,1,1,2,1,0,0.07082221683240364,0.017916040384924146,0.0017000000000000019,Home
327,11249,11,S11,3,TBR,TBR,DET,1,0,0,1,0,0,1,0,0,0,0,0,0,0,0,2,5,3,1,1,1.1318954918199857,0.12944027723452425,-0.011999999999999997,Home
327,12244,12,S12,17,TBR,TBR,MIN,0,0,0,1,0,0,0,0,0,0,0,0,0,0,0,1,1,1,1,0,0.011111111111111127,0.013042846768336966,0.036000000000000004,Home
329,5004,5,S5,1,SDP,SDP,ARI,0,0,0,1,0,0,1,0,0,0,0,0,0,1,0,1,1,2,1,0,0.5680868838763578,0.06737083594402675,0.04909999999999999,Away
329,5005,5,S5,2,SDP,SDP,PIT,0,0,0,0,0,0,1,0,0,0,0,1,0,0,0,0,0,2,0,0,-0.3775510204081632,-0.030713670336555664,-0.0495,Away
329,5011,5,S5,4,SDP,SDP,OAK,0,0,1,0,0,0,0,2,0,0,0,0,0,0,0,1,2,3,1,0,-0.5549006444683136,-0.04492791689044037,0.0183,Away
329,6001,6,S6,1,SDP,SDP,LAD,1,0,0,0,1,0,0,0,0,0,1,0,0,0,0,1,4,3,1,3,1.5261904761904765,0.16252861018486023,0.1127,Away
329,6005,6,S6,2,SDP,SDP,PHI,0,0,0,0,2,0,0,0,0,0,0,0,0,0,0,0,0,2,1,0,0.3348187759952466,0.040088252643399706,0.0372,Away
329,6009,6,S6,3,SDP,SDP,STL,0,0,1,0,0,0,1,0,0,0,1,0,0,0,0,1,2,3,0,0,-0.10227272727272718,-0.00031771016146014963,-0.1362,Away
329,7002,7,S7,1,SDP,SDP,SFG,1,0,0,0,0,0,1,0,0,0,0,1,0,0,0,1,4,3,1,1,0.2896326714898466,0.04014366387223397,0.0475,Home
331,5004,5,S5,1,SDP,SDP,ARI,0,0,0,0,1,1,0,0,0,0,0,0,0,0,0,0,0,1,0,0,0.7526881720430106,0.0787895330564314,0.0012,Away
331,5005,5,S5,2,SDP,SDP,PIT,0,0,0,0,1,0,0,0,0,0,0,0,0,0,0,0,0,1,0,0,0.7777777777777777,0.0812984936299081,0.006,Away
331,5011,5,S5,4,SDP,SDP,OAK,0,0,0,0,0,0,0,1,0,0,0,0,0,0,0,0,0,1,0,0,1.25,0.12852071585213032,-0.0167,Away
331,6005,6,S6,2,SDP,SDP,PHI,0,0,0,0,0,0,0,1,0,0,0,0,0,0,0,0,0,1,0,0,-0.1022727272727272,-0.0069240852053351985,-0.0014000000000000002,Away
331,6009,6,S6,3,SDP,SDP,STL,0,0,0,0,0,0,0,0,0,0,1,0,0,0,0,0,0,1,0,0,-1.5,-0.1466968124780625,-0.0803,Away
331,8002,8,S8,1,SDP,SDP,CHC,0,0,0,0,0,0,0,1,0,0,0,0,0,0,0,0,0,1,0,0,-0.3139940907869997,-0.026384280045503382,-0.008,Away
332,5004,5,S5,1,SDP,SDP,ARI,0,0,0,0,0,0,0,0,0,0,1,0,0,0,0,0,0,1,0,0,-0.3333333333333333,-0.029812617481203008,-0.0001,Away
334,4002,4,S4,1,NYM,NYM,FLA,1,0,0,1,0,0,1,0,0,0,0,0,0,0,0,2,5,3,2,3,1.1174493927125506,0.12480524077879271,0.031299999999999994,Away
334,4005,4,S4,2,NYM,NYM,SFG,0,2,0,0,0,0,2,0,0,0,0,0,0,0,0,2,6,4,2,3,0.6690205242836822,0.0843157877717518,0.0118,Away
334,4009,4,S4,3,NYM,NYM,LAD,0,0,0,0,1,0,0,0,0,0,0,1,0,0,0,0,0,2,0,0,0.12725188751504546,0.021432056423196337,0.008099999999999998,Away
335,9002,9,S9,1,CIN,CIN,MIL,0,0,0,1,0,0,0,0,0,0,0,1,0,0,0,1,1,2,1,0,-0.2087151841868824,-0.01348486037255563,0.0345,Home
335,9006,9,S9,2,CIN,CIN,MTL,0,0,1,0,0,0,1,1,0,0,0,0,0,0,0,1,2,3,0,0,-0.6157733565267811,-0.05049734858347921,0.0138,Away
338,3003,3,S3,1,SFG,SFG,COL,0,0,0,0,0,0,0,1,0,1,1,0,0,0,0,0,0,3,0,0,-0.8801892551892551,-0.07740913941060568,-0.1328,Away
338,4005,4,S4,2,SFG,SFG,NYM,0,0,0,0,0,0,0,1,0,0,1,0,1,0,0,0,0,2,0,0,-1.0575506072874494,-0.09704819305705314,-0.0037,Home
339,3003,3,S3,1,SFG,SFG,COL,0,0,0,0,2,0,0,0,0,0,0,0,0,1,0,0,0,2,1,0,0.9860139860139864,0.10921118470971847,0.1343,Away
340,2002,2,S2,1,SFG,SFG,STL,0,0,1,0,0,0,0,0,0,0,0,1,0,0,0,1,2,2,0,0,0.10860566448801753,0.018885644818707706,-0.009900000000000003,Home
340,2005,2,S2,2,SFG,SFG,PHI,0,0,0,0,0,0,1,1,0,1,0,0,0,0,0,0,0,3,0,0,-0.7394590703414232,-0.061908289479283396,-0.1872,Home
340,3003,3,S3,1,SFG,SFG,COL,0,0,0,0,0,0,1,0,0,0,0,1,0,0,0,0,0,2,0,0,-0.6269841269841269,-0.0556252219595328,-0.09209999999999999,Away
340,4005,4,S4,2,SFG,SFG,NYM,0,0,0,0,0,0,1,0,0,1,0,0,0,0,0,0,0,2,0,0,-0.5480769230769231,-0.04610082463600052,-0.0103,Home
340,6001,6,S6,1,LAD,LAD,SDP,0,0,1,0,0,0,0,1,0,1,0,0,0,0,0,1,2,3,0,1,0.6532828282828282,0.07523784539409539,-0.049199999999999994,Home
340,8005,8,S8,2,LAD,LAD,SDP,0,0,0,1,1,0,0,0,0,0,1,0,1,0,0,1,1,3,1,0,-0.4282798050727137,-0.027782593407681605,0.0219,Home
340,8011,8,S8,4,LAD,LAD,OAK,0,0,1,0,0,0,1,1,0,0,0,0,0,0,0,1,2,3,0,1,-2.0700280112044815,-0.19195741402085834,-0.0441,Away
341,2002,2,S2,1,SFG,SFG,STL,1,0,0,0,0,0,0,2,0,0,0,0,0,0,0,1,4,3,1,2,1.4545454545454546,0.15749216300940438,0.07739999999999998,Home
341,2005,2,S2,2,SFG,SFG,PHI,1,0,0,0,0,0,0,1,0,0,0,1,0,0,0,1,4,3,1,2,1.565359477124183,0.1685735652672772,0.05609999999999999,Home
341,3003,3,S3,1,SFG,SFG,COL,1,0,0,0,0,0,2,0,0,0,0,0,0,0,0,1,4,3,1,1,0.6654456654456654,0.07715435265288637,0.030100000000000016,Away
342,3003,3,S3,1,SFG,SFG,COL,0,0,0,0,0,0,0,0,0,0,1,2,0,0,0,0,0,3,0,0,-0.8944805194805194,-0.07883826583973211,-0.1355,Away
342,5003,5,S5,1,MIN,MIN,NYY,0,0,2,0,0,0,0,0,0,1,0,0,0,0,0,2,4,3,2,0,1.5117913832199552,0.1617412858783865,-0.0218,Away
342,8004,8,S8,1,SEA,SEA,TOR,1,0,0,1,0,0,0,1,0,0,0,0,0,0,0,2,5,3,1,1,0.7014005602240896,0.08518544312199872,0.33899999999999997,Away
342,8007,8,S8,2,SEA,SEA,OAK,0,0,0,2,0,0,0,0,0,0,0,0,0,0,0,2,2,2,0,1,0.40098039215686265,0.05012829728207944,0.18259999999999998,Away
343,4005,4,S4,2,SFG,SFG,NYM,0,0,0,0,0,0,0,1,0,1,0,0,0,0,0,0,0,2,0,0,-0.42082503556187767,-0.03337563588449598,-0.0122,Home
343,7002,7,S7,1,SDP,SDP,SFG,0,0,0,0,0,0,1,1,0,0,0,0,0,0,0,0,0,2,0,0,-0.7817958999387249,-0.07072599217837294,-0.0383,Home
343,8002,8,S8,1,SDP,SDP,CHC,0,0,0,0,1,0,2,0,0,0,0,0,0,0,0,0,0,3,0,0,-0.5788630520701431,-0.04284091810742455,-0.031199999999999995,Away
343,8005,8,S8,2,SDP,SDP,LAD,0,0,0,1,0,0,2,0,0,0,0,0,0,0,0,1,1,3,0,0,-0.8666666666666667,-0.0716212795670769,-0.0437,Away
344,2002,2,S2,1,SFG,SFG,STL,0,0,0,0,1,0,0,1,0,0,0,0,0,0,1,0,0,2,0,0,-0.26809764309764306,-0.014772146754905367,-0.0211,Home
344,2005,2,S2,2,SFG,SFG,PHI,0,0,0,0,1,1,1,0,0,0,1,0,0,0,0,0,0,3,0,0,-0.5795709736886208,-0.045919479814003135,-0.054000000000000006,Home
344,4005,4,S4,2,SFG,SFG,NYM,0,0,0,0,0,0,0,0,0,2,0,0,0,0,0,0,0,2,0,0,-0.5094736842105263,-0.04224050074936084,-0.015300000000000001,Home
344,5002,5,S5,1,LAA,TEX,OAK,0,0,0,0,1,0,0,0,0,0,1,1,1,1,0,0,0,3,0,0,-1.8682196562835662,-0.17273910221983532,0.0155,Away
344,7010,7,S7,3,TOR,TOR,MIN,0,0,0,0,1,0,0,0,0,0,1,1,0,0,0,0,0,3,0,0,0.14216440708115172,0.02539683743136449,-0.2972,Away
344,8004,8,S8,1,TOR,TOR,SEA,0,0,0,0,0,0,1,0,0,2,0,0,0,0,0,0,0,3,0,0,-0.9371148459383755,-0.07866609749424779,-0.1679,Home
345,2002,2,S2,1,SFG,SFG,STL,1,0,0,0,0,0,1,0,0,0,1,0,0,0,0,1,4,3,1,1,0.7319023569023569,0.0852278532450946,0.0937,Home
345,2005,2,S2,2,SFG,SFG,PHI,1,0,2,0,0,0,0,0,0,0,0,0,0,0,0,3,8,3,1,1,1.3393748952572482,0.14597510708058375,0.3197,Home
346,1001,1,S1,1,PHI,PHI,OAK,0,0,0,0,0,0,0,0,0,1,1,0,0,0,0,0,0,2,0,0,-0.5555555555555556,-0.04860520094562648,-0.0545,Home
346,2002,2,S2,1,SFG,SFG,STL,0,0,0,1,1,0,0,0,0,0,0,1,0,0,0,1,1,3,1,0,0.25406020994256295,0.03744363854911522,0.0275,Home
346,2005,2,S2,2,SFG,SFG,PHI,0,0,0,0,2,0,0,0,0,0,0,1,0,1,0,0,0,3,0,0,0.11460761460761462,0.027510918200573366,0.0911,Home
347,2002,2,S2,1,SFG,SFG,STL,0,0,0,0,0,0,1,1,0,0,1,0,0,0,0,0,0,3,0,0,-0.7680976430976432,-0.06477214675490538,-0.0478,Home
347,2005,2,S2,2,SFG,SFG,PHI,0,0,0,0,0,0,1,0,0,0,0,2,1,0,0,0,0,3,0,0,-0.9719251336898396,-0.08515489581412504,-0.1805,Home
347,3003,3,S3,1,SFG,SFG,COL,0,0,0,0,0,0,0,2,0,0,0,1,0,0,0,0,0,3,0,0,-0.46153846153846145,-0.03554406004552632,-0.1077,Away
347,4005,4,S4,2,SFG,SFG,NYM,0,0,0,2,0,0,1,0,0,0,0,0,0,0,0,2,2,3,0,0,0.26085512638144237,0.039145814145681926,-0.0173,Home
348,3003,3,S3,1,SFG,SFG,COL,0,0,0,0,0,0,2,0,0,0,0,0,0,0,0,0,0,2,0,0,-0.5240641711229951,-0.04533322637341962,-0.1099,Away
349,2002,2,S2,1,SFG,SFG,STL,0,0,0,0,0,0,1,0,0,0,1,0,0,0,0,0,0,2,0,0,-0.13596256684491984,-0.00557117831458603,-0.0263,Home
349,2005,2,S2,2,SFG,SFG,PHI,0,0,0,1,0,0,1,0,0,0,1,0,0,0,0,1,1,3,0,0,-0.19743589743589735,-0.007705972188730804,-0.247,Home
349,3003,3,S3,1,SFG,SFG,COL,0,0,1,0,0,0,1,0,0,1,0,0,0,0,0,1,2,3,0,1,0.6748994469582705,0.07809973080414688,0.0698,Away
349,4005,4,S4,2,SFG,SFG,NYM,0,0,0,0,0,0,1,0,0,2,0,0,0,0,0,0,0,3,0,0,-1.0503288105919686,-0.09197257955165919,-0.017400000000000002,Home
349,9002,9,S9,1,CIN,CIN,MIL,0,0,0,0,0,0,1,1,0,0,0,0,0,0,0,0,0,2,0,0,-0.6971768954866564,-0.06233103150253304,-0.049,Home
349,9006,9,S9,2,CIN,CIN,MTL,1,0,0,0,1,0,0,0,0,0,1,0,0,0,0,1,4,3,1,1,2.5694017844083663,0.26802016551003555,0.0424,Away
350,3003,3,S3,1,SFG,SFG,COL,0,0,1,0,0,0,0,0,0,0,1,0,0,0,0,1,2,2,0,0,0.29166666666666674,0.036239857405546555,0.027200000000000005,Away
351,3004,3,S3,1,STL,STL,ATL,1,0,0,0,0,0,1,0,0,0,1,0,0,0,0,1,4,3,1,2,0.015734265734265396,0.012183212681746367,0.17859999999999998,Away
354,3004,3,S3,1,STL,STL,ATL,0,0,0,0,0,0,1,1,0,0,0,1,0,0,0,0,0,3,0,0,-0.9206349206349205,-0.08145370595517222,-0.2738,Away
354,5003,5,S5,1,MIN,MIN,NYY,0,0,0,0,0,0,0,1,0,0,0,2,0,0,0,0,0,3,0,0,-1.1338137971657256,-0.10281923216018157,-0.0015000000000000002,Away
354,7008,7,S7,2,TOR,TOR,TBR,1,0,0,1,1,0,0,0,0,0,0,0,0,0,0,2,5,3,1,1,1.7291715066447932,0.18409754738772863,0.105,Home
354,7010,7,S7,3,TOR,TOR,MIN,0,0,0,0,0,0,0,1,0,0,2,1,0,0,0,0,0,4,0,0,-0.6788058667161334,-0.05297339104061425,-0.5495,Away
354,8004,8,S8,1,TOR,TOR,SEA,0,0,0,0,0,0,0,0,0,1,0,1,1,0,0,0,0,2,0,0,-0.7203196347031964,-0.062001705403926466,-0.10729999999999999,Home
355,3004,3,S3,1,STL,STL,ATL,0,0,0,0,0,0,1,0,0,0,1,0,0,0,0,0,0,2,0,0,-0.5064102564102564,-0.043567834902145754,-0.0254,Away
355,9006,9,S9,2,MTL,MTL,CIN,0,0,0,0,0,0,0,2,0,0,0,0,0,0,0,0,0,2,0,0,-0.1095890410958904,-0.00357224606345643,-0.0208,Home
355,11245,11,S11,2,DET,DET,BOS,0,0,0,0,0,0,2,0,0,0,0,0,0,0,0,0,0,2,0,0,-0.7604388329313851,-0.06521006459145473,-0.0293,Home
355,11249,11,S11,3,DET,DET,TBR,2,0,0,0,0,0,0,0,0,2,0,0,0,0,0,2,8,4,2,2,0.6331185900378027,0.08497949640714782,0.012499999999999997,Away
355,11251,11,S11,4,DET,DET,PHI,0,0,0,1,0,0,0,2,0,0,0,0,0,0,0,1,1,3,1,1,0.3806626098715349,0.05431698903967916,0.12290000000000001,Away
357,2002,2,S2,1,STL,STL,SFG,0,0,0,0,0,0,1,2,0,0,0,0,0,0,0,0,0,3,0,0,-0.6383194692018221,-0.051794329365323286,-0.054700000000000006,Away
357,3004,3,S3,1,STL,STL,ATL,0,0,0,0,0,0,1,1,0,0,0,1,0,0,0,0,0,3,0,0,0.17063492063492053,0.02767327817181188,-0.2117,Away
357,6002,6,S6,1,STL,STL,ATL,1,0,0,0,0,0,1,0,0,1,0,0,0,0,0,1,4,3,1,1,0.7238095238095238,0.08229051494676495,0.068,Home
357,6006,6,S6,2,STL,STL,COL,0,0,1,0,1,0,1,0,0,1,0,0,0,0,0,1,2,4,1,2,0.9706349206349207,0.11027624215124217,0.15610000000000002,Away
357,6009,6,S6,3,STL,STL,SDP,1,0,0,0,0,0,0,1,1,0,0,1,1,0,0,1,4,3,1,1,-0.19098124098124103,-0.009188561532311526,0.062400000000000004,Home
357,6011,6,S6,4,STL,STL,CWS,0,0,0,1,0,0,2,0,0,0,0,0,0,0,0,1,1,3,1,0,-0.37817460317460316,-0.027907897751647745,-0.0647,Home
357,7005,7,S7,2,STL,STL,SFG,0,0,0,1,0,0,1,1,0,0,0,0,0,0,0,1,1,3,0,1,1.2411276881011422,0.1352931655333635,0.07400000000000001,Home
357,7009,7,S7,3,STL,STL,NYM,0,0,1,0,2,0,0,0,0,0,0,0,0,0,0,1,2,3,1,0,0.6607577337504345,0.07725617009829276,0.25,Home
357,10244,10,S10,1,STL,STL,ATL,0,0,0,0,0,0,0,0,0,0,1,1,0,0,0,0,0,2,0,0,-0.28775510204081656,-0.021887129632939012,-0.07549999999999998,Home
357,11250,11,S11,3,STL,STL,PHI,0,0,0,0,0,0,0,1,0,0,0,1,0,0,0,0,0,2,0,0,-1.6540616246498598,-0.1545723437633022,-0.1431,Away
358,3004,3,S3,1,STL,STL,ATL,0,0,0,0,0,0,2,0,0,1,0,0,0,0,0,0,0,3,0,0,-0.34487734487734506,-0.023877948379414676,-0.06180000000000001,Away
359,2002,2,S2,1,STL,STL,SFG,0,0,0,0,0,0,1,0,0,1,0,1,0,0,0,0,0,3,0,0,-0.1847643097643098,-0.00643881342157205,-0.0829,Away
360,6002,6,S6,1,STL,STL,ATL,0,0,0,0,1,0,0,0,0,1,0,1,1,0,0,0,0,3,1,0,-0.41666666666666663,-0.0317571041008541,-0.05429999999999999,Home
360,6006,6,S6,2,STL,STL,COL,0,0,0,0,1,0,0,0,0,1,0,1,1,0,0,0,0,3,1,0,-0.7711399711399712,-0.06720443454818456,-0.28640000000000004,Away
360,6009,6,S6,3,STL,STL,SDP,0,0,0,2,0,0,0,1,0,0,0,0,0,0,0,2,2,3,0,1,0.17255799755799756,0.027165362321612326,0.1213,Home
360,6011,6,S6,4,STL,STL,CWS,0,0,0,0,1,0,0,0,0,1,0,0,0,0,0,0,0,2,0,0,-0.1022727272727272,-0.0036208976833976758,-0.004299999999999998,Home
360,7005,7,S7,2,STL,STL,SFG,0,0,1,1,0,0,0,1,0,0,0,0,0,0,0,2,3,3,0,1,0.969562243502052,0.10813662107345451,0.23099999999999998,Home
360,7009,7,S7,3,STL,STL,NYM,0,0,0,0,1,0,0,2,0,0,0,0,0,0,0,0,0,3,1,0,0.3479123027510123,0.04597162699835055,-0.0865,Home
361,3004,3,S3,1,STL,STL,ATL,0,0,0,0,0,0,0,2,0,0,0,0,0,0,0,0,0,2,0,0,-0.5064102564102564,-0.043567834902145754,-0.030100000000000002,Away
362,2002,2,S2,1,STL,STL,SFG,0,0,0,0,0,0,1,0,0,0,0,1,0,0,0,0,0,2,0,0,-0.4023569023569023,-0.03221061186578428,-0.0369,Away
362,3004,3,S3,1,STL,STL,ATL,0,0,0,0,0,0,1,1,0,0,0,0,0,0,0,0,0,2,0,0,-0.1626984126984128,-0.009196650530961394,-0.0271,Away
362,7004,7,S7,1,KCR,KCR,TEX,0,0,1,1,0,0,0,0,0,0,1,0,1,0,0,2,3,3,1,0,-0.6793353705118411,-0.05675314032793481,0.06280000000000001,Away
362,7007,7,S7,2,KCR,KCR,MIN,1,0,0,0,0,0,1,0,0,0,0,0,0,0,0,1,4,2,1,1,0.7119815668202765,0.07865175449752718,0.0748,Away
362,8003,8,S8,1,KCR,KCR,HOU,0,0,0,1,0,0,2,0,0,0,0,0,0,0,0,1,1,3,0,0,0.5031139492567032,0.06535678202526009,-0.031,Away
362,8008,8,S8,2,KCR,KCR,DET,0,0,0,1,1,0,0,0,0,1,0,0,0,0,0,1,1,3,0,0,-0.4107958251793868,-0.026034195418348925,-0.0735,Away
362,8010,8,S8,3,KCR,KCR,OAK,0,0,1,0,0,0,1,1,0,0,0,0,0,0,0,1,2,3,0,2,0.4757703081232494,0.0626224179119147,0.040100000000000004,Away
362,9004,9,S9,1,KCR,KCR,TEX,0,0,0,0,0,0,1,0,0,0,1,1,1,0,0,0,0,3,0,0,-0.8825573237824467,-0.07717574530904575,-0.2743,Away
362,11241,11,S11,1,KCR,KCR,BOS,0,0,0,0,1,0,0,0,0,0,0,1,0,0,0,0,0,2,1,0,-0.2515664160401003,-0.014322822902326247,-0.0315,Away
365,2002,2,S2,1,STL,STL,SFG,0,0,0,0,0,0,0,0,0,0,1,1,0,0,0,0,0,2,0,0,-0.2680976430976431,-0.018784685939858357,-0.0388,Away
366,2002,2,S2,1,STL,STL,SFG,0,0,0,0,0,0,0,1,1,0,0,1,0,0,0,0,0,2,0,0,-0.4719251336898396,-0.03916743499907801,-0.0466,Away
367,2002,2,S2,1,STL,STL,SFG,0,0,0,1,0,0,0,1,0,0,0,0,0,0,0,1,1,2,0,0,0.044195455960161806,0.012444623965922134,0.0235,Away
367,3004,3,S3,1,STL,STL,ATL,0,0,0,0,0,0,0,1,0,0,0,1,0,0,0,0,0,2,0,0,-0.2539682539682538,-0.01832363465794549,-0.025,Away
369,6002,6,S6,1,STL,STL,ATL,0,0,0,0,0,0,1,1,0,0,0,0,0,0,0,0,0,2,0,0,-0.5227272727272728,-0.045666352228852236,-0.0696,Home
369,6009,6,S6,3,STL,STL,SDP,0,0,1,0,0,0,1,0,0,0,1,0,0,0,0,1,2,3,1,0,0.12437562437562451,0.02234712500337501,0.06089999999999999,Home
370,2002,2,S2,1,STL,STL,SFG,0,0,0,1,0,0,1,0,0,0,1,0,0,0,0,1,1,3,0,0,-0.5203541012364541,-0.03999779256878648,0.0258,Away
370,3004,3,S3,1,STL,STL,ATL,0,0,1,0,0,0,1,0,0,0,0,1,0,0,0,1,2,3,1,0,0.5575813075813079,0.0663679168664506,0.03969999999999999,Away
371,2003,2,S2,1,TB,TBR,BOS,0,0,0,0,0,0,0,2,0,0,0,1,0,0,0,0,0,3,0,0,-0.7394590703414232,-0.061908289479283396,-0.10269999999999999,Away
371,2006,2,S2,2,TB,TBR,TOR,0,0,0,0,0,0,0,1,0,0,0,0,0,0,0,0,0,1,0,0,0.03463203463203471,0.007475742648156447,-0.0401,Away
371,4008,4,S4,2,KCR,KCR,SEA,0,0,0,0,0,0,0,1,0,0,1,0,0,0,0,0,0,2,0,0,-0.8900454097822519,-0.0802976733065334,-0.0836,Home
371,4010,4,S4,3,KCR,KCR,NYY,0,0,0,0,1,0,0,0,0,1,0,0,0,1,0,0,0,2,0,0,-0.29188644688644705,-0.016128343181107018,0.010700000000000001,Away
371,4011,4,S4,4,KCR,KCR,LAD,0,0,0,0,0,0,0,2,0,0,1,0,0,0,0,0,0,3,0,0,-2.481981981981982,-0.2351378966906605,-0.0473,Home
377,2003,2,S2,1,TB,TBR,BOS,0,0,0,0,0,0,1,0,0,0,1,1,0,0,0,0,0,3,0,0,-0.3977272727272727,-0.027735109717868342,-0.0876,Away
377,2006,2,S2,2,TB,TBR,TOR,0,0,0,0,0,0,0,1,0,0,1,1,1,0,0,0,0,3,0,0,-0.7415917415917415,-0.06212155660431521,-0.1796,Away
377,4007,4,S4,2,CHC,CHC,LAD,0,0,0,1,0,0,0,0,0,0,1,0,0,0,1,1,1,2,0,0,-0.5480769230769231,-0.04174739080015463,-0.05700000000000001,Home
377,7006,7,S7,2,CHC,CHC,NYM,0,0,0,0,1,0,0,0,0,0,2,0,0,0,0,0,0,3,1,0,-0.49255896861916015,-0.03807550013866669,-0.1079,Away
378,4003,4,S4,1,BAL,BAL,ANA,1,0,0,0,0,0,0,0,0,0,0,0,0,0,0,1,4,1,1,1,1.0,0.1043534338358459,0.3586,Away
378,4006,4,S4,2,BAL,BAL,NYY,0,0,0,0,0,0,0,0,0,1,0,0,0,0,0,0,0,1,0,0,-0.28,-0.023646566164154108,-0.0167,Away
379,6007,6,S6,2,BAL,BAL,CWS,0,0,0,0,0,0,2,0,0,1,0,0,0,0,0,0,0,3,0,0,-0.8715367965367966,-0.07724411708786709,-0.051899999999999995,Home
380,2006,2,S2,2,TB,TBR,TOR,0,0,0,1,0,0,0,0,0,0,0,0,0,0,0,1,1,1,0,0,0.10227272727272729,0.014239811912225706,0.0446,Away
381,4005,4,S4,2,SFG,SFG,NYM,0,0,0,1,0,0,0,0,0,1,0,0,0,0,0,1,1,2,0,0,0.0,0.008706867671691789,0.0018,Home
381,6006,6,S6,2,STL,STL,COL,0,0,1,0,1,0,0,1,0,0,0,1,1,0,0,1,2,4,1,0,-0.8683621933621934,-0.07362346924846926,-0.0217,Away
381,6011,6,S6,4,STL,STL,CWS,0,0,0,0,0,0,0,1,1,0,1,0,1,0,0,0,0,2,0,0,-1.190981240981241,-0.11249174905424905,-0.12419999999999998,Home
382,2003,2,S2,1,TB,TBR,BOS,0,0,0,1,0,0,0,0,0,1,0,1,0,0,0,1,1,3,0,0,-0.7178649237472767,-0.059748874819868736,-0.1544,Away
382,2006,2,S2,2,TB,TBR,TOR,0,0,0,0,0,0,0,3,0,0,0,0,0,0,0,0,0,3,0,0,-0.7026943644590703,-0.0582318188910481,-0.11609999999999998,Away
385,2003,2,S2,1,TB,TBR,BOS,1,0,0,0,0,0,0,0,0,0,0,0,0,0,0,1,4,1,1,3,2.7546296296296298,0.27947550214791594,0.4682,Away
385,2006,2,S2,2,TB,TBR,TOR,0,0,0,2,0,0,0,0,0,0,0,1,0,1,0,2,2,3,0,0,0.07860325948561242,0.023910482688373147,0.0654,Away
386,2003,2,S2,1,TB,TBR,BOS,0,0,1,0,0,0,0,0,0,0,0,1,0,0,0,1,2,2,0,0,-0.03449197860962558,0.004575880508943392,-0.009499999999999988,Away
386,2006,2,S2,2,TB,TBR,TOR,0,0,1,0,0,0,0,0,0,0,2,0,0,0,0,1,2,3,0,1,0.4163752913752914,0.05367514669238808,-0.0639,Away
386,6004,6,S6,1,SEA,SEA,CWS,0,0,0,0,0,0,1,0,0,0,0,1,0,0,0,0,0,2,0,0,-0.5227272727272728,-0.045666352228852236,-0.020900000000000002,Home
387,2003,2,S2,1,TB,TBR,BOS,0,0,0,1,0,0,0,0,0,0,1,1,0,1,0,1,1,3,1,0,0.44050802139037437,0.06010095887884935,0.08940000000000001,Away
387,2006,2,S2,2,TB,TBR,TOR,0,0,0,0,0,0,0,0,0,1,1,0,0,0,0,0,0,2,0,0,-0.20136584548349262,-0.012111506178443308,-0.068,Away
389,5002,5,S5,1,LAA,TEX,OAK,0,0,0,0,1,0,0,1,0,0,0,1,1,0,0,0,0,3,1,0,-0.04421768707482965,0.006140378848908015,-0.12780000000000002,Away
389,8006,8,S8,2,MTL,MTL,FLA,0,0,0,0,0,0,0,1,0,0,1,0,0,0,0,0,0,2,0,0,-0.7408963585434174,-0.06405937778794857,-0.0763,Away
390,2004,2,S2,1,TOR,TOR,CLE,0,0,0,0,0,0,1,0,0,0,1,0,0,0,0,0,0,2,0,0,-0.2592592592592592,-0.017900847556019967,-0.025,Away
390,2007,2,S2,3,TOR,TOR,PHI,0,0,0,0,1,0,0,0,0,0,1,1,1,0,0,0,0,3,0,0,-0.23777203188967888,-0.01173958563410896,-0.11650000000000002,Home
390,5010,5,S5,3,MTL,MTL,SDP,0,0,1,0,0,0,1,0,0,0,0,0,0,0,0,1,2,2,0,0,-0.3773496240601504,-0.03069353070175438,-0.005600000000000008,Home
392,8001,8,S8,1,MTL,MTL,ARI,0,0,0,0,1,0,0,0,0,0,0,0,0,0,0,0,0,1,0,1,1.0,0.10501512903319658,0.3372,Home
396,2004,2,S2,1,TOR,TOR,CLE,0,0,0,1,0,0,0,0,0,0,1,1,1,0,0,1,1,3,0,0,-0.6288197097020625,-0.05084435341534732,-0.07390000000000002,Away
396,2006,2,S2,2,TOR,TOR,TBR,0,0,0,1,0,0,0,0,0,0,2,0,1,0,0,1,1,3,0,1,0.8406084656084659,0.09609846411570551,-0.019699999999999995,Home
396,2007,2,S2,3,TOR,TOR,PHI,0,0,0,1,0,0,0,0,0,0,1,1,1,0,0,1,1,3,0,0,-0.1069023569023568,0.0013473818646232497,-0.1473,Home
396,7008,7,S7,2,TOR,TOR,TBR,1,0,0,0,0,0,0,0,0,0,0,1,0,0,0,1,4,2,1,2,1.3379020381015727,0.14124380162565683,0.1599,Home
396,7010,7,S7,3,TOR,TOR,MIN,0,0,0,0,0,0,0,1,0,0,1,1,1,0,0,0,0,3,0,0,-0.0817190950232104,0.00300848722092828,-0.2469,Away
396,8004,8,S8,1,TOR,TOR,SEA,0,0,0,1,0,0,1,0,0,0,0,0,0,0,0,1,1,2,0,0,-0.3985994397759103,-0.02982968591119785,-0.016099999999999996,Home
397,2004,2,S2,1,TOR,TOR,CLE,0,0,0,0,0,0,0,2,0,0,0,1,0,0,0,0,0,3,0,0,-0.504060209942563,-0.03836840343939736,-0.0444,Away
397,2006,2,S2,2,TOR,TOR,TBR,0,0,0,0,0,0,1,1,0,0,0,0,0,0,0,0,0,2,0,0,-0.3358974358974359,-0.02556466521983764,-0.12719999999999998,Home
397,2007,2,S2,3,TOR,TOR,PHI,0,0,1,1,0,0,1,0,0,0,0,0,0,0,0,2,3,3,1,0,1.0391774891774894,0.11595536647260787,0.03370000000000001,Home
399,5002,5,S5,1,LAA,TEX,OAK,0,0,0,0,0,0,0,3,0,0,0,0,0,0,0,0,0,3,0,0,-1.4816534423616645,-0.13760319667977547,-0.0744,Away
400,2004,2,S2,1,TOR,TOR,CLE,0,0,0,1,1,0,0,0,0,0,1,0,0,0,0,1,1,3,1,0,0.7868043176866707,0.090718049323526,0.0271,Away
400,2006,2,S2,2,TOR,TOR,TBR,0,0,1,0,0,0,1,0,0,1,0,0,0,0,0,1,2,3,1,0,-0.008689839572192493,0.011168633597639685,0.0268,Home
400,2007,2,S2,3,TOR,TOR,PHI,0,0,0,0,1,0,1,0,0,0,1,0,0,0,0,0,0,3,0,0,-0.10356364768129471,0.0016812527867294598,-0.0677,Home
400,7008,7,S7,2,TOR,TOR,TBR,0,0,0,0,0,0,1,0,0,1,1,0,0,0,0,0,0,3,0,0,-1.1176470588235294,-0.10058430915910363,-0.0834,Home
400,7010,7,S7,3,TOR,TOR,MIN,0,0,0,0,1,1,0,0,0,0,1,1,0,0,0,0,0,3,0,0,-1.6973066259265546,-0.15855026586940613,-0.07,Away
400,8004,8,S8,1,TOR,TOR,SEA,0,0,0,1,0,0,0,0,0,0,1,0,0,0,0,1,1,2,1,0,-0.07759103641456577,0.0022711544249365972,0.0,Home
401,5006,5,S5,2,MTL,MTL,COL,0,0,1,0,1,0,0,1,0,0,0,0,0,0,0,1,2,3,1,0,1.167547357721068,0.12731688332849778,0.054,Home
401,5010,5,S5,3,MTL,MTL,SDP,1,0,0,1,0,0,1,0,0,0,0,0,0,0,0,2,5,3,1,2,1.511650637266401,0.16172721128303105,0.0762,Home
401,8006,8,S8,2,MTL,MTL,FLA,0,0,0,0,0,0,1,0,0,1,0,1,1,0,0,0,0,3,0,0,-1.5546333601933924,-0.14041794891974949,-0.4358,Away
405,2004,2,S2,1,TOR,TOR,CLE,0,0,0,0,0,0,1,0,0,0,0,1,0,0,0,0,0,2,0,0,-0.0642701525054466,0.0015980631193612941,-0.0271,Away
405,2006,2,S2,2,TOR,TOR,TBR,0,0,0,1,0,0,0,1,0,0,0,0,0,0,0,1,1,2,1,0,-0.09772727272727266,-0.0017476489028213082,-0.039,Home
405,2007,2,S2,3,TOR,TOR,PHI,0,0,1,0,1,0,0,1,0,0,0,0,0,0,0,1,2,3,0,0,-0.060434173669467794,0.005994200187912156,-0.06509999999999999,Home
405,7008,7,S7,2,TOR,TOR,TBR,1,0,0,0,1,0,0,1,0,0,0,0,0,0,0,1,4,3,1,2,-0.00023561677697839234,0.01115683504555148,0.2899,Home
405,7010,7,S7,3,TOR,TOR,MIN,0,0,0,0,0,0,1,1,0,0,0,1,0,0,0,0,0,3,0,0,-0.7471325924934173,-0.06353286252609242,-0.1226,Away
405,8004,8,S8,1,TOR,TOR,SEA,0,0,0,1,1,0,0,0,0,0,1,0,1,0,0,1,1,3,0,0,0.411904761904762,0.05623586329006596,-0.0174,Home
406,5006,5,S5,2,MTL,MTL,COL,0,0,0,0,0,0,0,1,0,0,0,0,0,0,0,0,0,1,0,0,-0.3333333333333333,-0.029812617481203008,-0.054299999999999994,Home
406,5010,5,S5,3,MTL,MTL,SDP,0,0,0,0,0,0,2,0,0,0,1,0,0,0,0,0,0,3,0,0,-1.4222222222222223,-0.13166007466583124,-0.1297,Home
409,4002,4,S4,1,NYM,NYM,FLA,0,0,1,1,0,0,0,0,0,0,0,1,0,0,0,2,3,3,2,0,1.6430769230769229,0.17736799381522997,0.0711,Away
410,2004,2,S2,1,TOR,TOR,CLE,1,0,0,0,0,0,1,0,0,0,0,0,0,0,0,1,4,2,1,1,0.7640374331550802,0.08442882168541396,0.0283,Away
410,2006,2,S2,2,TOR,TOR,TBR,0,0,1,0,1,0,0,0,0,0,1,0,0,0,0,1,2,3,1,1,1.1663101604278074,0.1286686335976397,0.2594,Home
410,2007,2,S2,3,TOR,TOR,PHI,0,0,0,2,0,0,0,0,0,0,1,0,0,0,0,2,2,3,0,1,-1.4166666666666667,-0.12962904911180775,0.030699999999999998,Home
411,3002,3,S3,1,TEX,CLE,NYY,0,0,0,1,0,0,0,0,0,0,0,0,0,0,0,1,1,1,1,1,0.5555555555555556,0.0590921509249955,0.40619999999999995,Home
414,2004,2,S2,1,TEX,CLE,TOR,0,0,0,0,0,0,1,1,1,0,0,1,0,0,0,0,0,3,0,0,-0.1847643097643098,-0.00643881342157205,-0.1271,Home
414,3002,3,S3,1,TEX,CLE,NYY,0,0,0,0,0,0,2,0,0,0,0,1,0,0,0,0,0,3,0,0,-0.42546342546342586,-0.03193655643802276,-0.09430000000000001,Home
414,3005,3,S3,2,TEX,CLE,TEX,0,0,0,0,1,0,0,0,0,0,0,2,0,0,0,0,0,3,0,0,-0.2406759906759906,-0.013457812959279232,-0.0864,Home
415,2004,2,S2,1,TEX,CLE,TOR,0,0,0,0,0,0,0,1,0,0,1,0,0,0,0,0,0,2,0,0,-0.936904761904762,-0.08566539782057024,-0.1308,Home
415,3002,3,S3,1,TEX,CLE,NYY,0,0,1,0,0,0,1,1,0,0,0,0,0,0,0,1,2,3,0,1,0.6507936507936508,0.07568915118768489,0.3328,Home
415,3005,3,S3,2,TEX,CLE,TEX,0,0,0,0,2,0,0,0,0,0,0,0,0,0,0,0,0,2,0,0,0.1810224089635855,0.025175431635238436,0.0485,Home
415,8001,8,S8,1,ARI,ARI,MTL,0,0,0,0,0,0,1,0,0,0,0,1,1,0,0,0,0,2,0,0,-1.4227005870841487,-0.1322398006420217,-0.1323,Away
416,2004,2,S2,1,TEX,CLE,TOR,0,0,0,0,0,0,0,2,0,0,0,1,1,0,0,0,0,3,0,0,-0.08083637495402189,0.003953980059456741,-0.2741,Home
416,3002,3,S3,1,TEX,CLE,NYY,1,0,0,0,0,0,0,0,0,0,0,2,0,0,0,1,4,3,1,2,0.9090909090909091,0.10151887701741075,0.07319999999999999,Home
416,3005,3,S3,2,TEX,CLE,TEX,0,0,0,1,1,0,0,0,0,0,0,1,0,0,0,1,1,3,0,0,-0.7228376198964435,-0.06167397588132452,0.0031000000000000194,Home
416,4002,4,S4,1,MIA,FLA,NYM,0,0,0,1,0,0,1,1,0,0,0,0,0,0,0,1,1,3,0,1,0.09051282051282017,0.02211158355881971,0.060899999999999996,Home
416,6004,6,S6,1,CWS,CWS,SEA,0,0,0,1,0,0,1,0,0,1,0,0,0,0,0,1,1,3,1,1,-0.09585963572031672,0.000323598993780894,0.050899999999999994,Away
416,6007,6,S6,2,CWS,CWS,BAL,0,0,1,1,1,0,0,0,0,1,0,0,0,1,0,2,3,4,1,3,2.0200280112044817,0.2185187387301358,0.1581,Away
416,6010,6,S6,3,CWS,CWS,DET,1,0,0,1,0,0,0,1,0,0,0,0,0,0,0,2,5,3,1,2,1.4057045895281188,0.15048002151862444,0.41750000000000004,Away
416,6011,6,S6,4,CWS,CWS,STL,0,1,0,0,0,0,0,1,0,0,1,0,0,0,0,1,3,3,1,0,1.1710760859367666,0.12701717115948924,0.0278,Away
417,2004,2,S2,1,TEX,CLE,TOR,0,0,0,1,0,0,0,1,0,0,0,0,0,0,0,1,1,2,0,0,-0.39072447160682455,-0.0310473687907765,0.04940000000000001,Home
417,3002,3,S3,1,TEX,CLE,NYY,0,0,1,0,0,0,0,0,0,0,0,1,0,0,0,1,2,2,1,0,0.46707459207459245,0.05378064994633913,0.00470000000000001,Home
417,3005,3,S3,2,TEX,CLE,TEX,0,0,0,0,0,0,0,1,0,0,0,1,1,0,0,0,0,2,0,0,-0.5163398692810457,-0.044560796189224684,-0.1445,Home
418,2004,2,S2,1,TEX,CLE,TOR,0,0,0,0,0,0,1,1,1,0,1,0,0,0,0,0,0,3,0,0,-0.3284313725490195,-0.020805519700043018,-0.1605,Home
418,5010,5,S5,3,MTL,MTL,SDP,0,1,0,0,0,0,0,0,0,0,0,0,0,0,0,1,3,1,0,0,0.5857142857142856,0.06209214442355889,0.0404,Home
419,3002,3,S3,1,TEX,CLE,NYY,0,0,1,1,0,0,0,0,0,0,1,0,0,0,0,2,3,3,1,0,0.679079907021084,0.07851777681042822,0.1438,Home
419,3005,3,S3,2,TEX,CLE,TEX,0,0,0,0,0,0,1,1,0,0,1,0,1,0,0,0,0,3,0,0,-0.17110177404295038,-0.006500391295975209,-0.18829999999999997,Home
419,9003,9,S9,1,CLE,CLE,BOS,1,0,0,1,1,0,0,0,0,0,1,0,0,1,0,2,5,4,1,2,0.8091135444076618,0.09937799955609772,0.13130000000000003,Away
419,9007,9,S9,2,CLE,CLE,BAL,0,0,0,0,0,0,0,0,0,1,0,2,1,0,0,0,0,3,0,0,-0.5468104222821204,-0.04360105515901312,-0.0374,Away
420,3002,3,S3,1,TEX,CLE,NYY,0,0,0,0,0,0,2,0,0,0,0,0,0,0,0,0,0,2,0,0,-0.6722582972582972,-0.060152638986949836,-0.07669999999999999,Home
420,3005,3,S3,2,TEX,CLE,TEX,0,0,0,0,0,0,0,1,0,1,0,0,0,0,0,0,0,2,0,0,-0.3345543345543346,-0.026382242716553574,-0.065,Home
421,2004,2,S2,1,TEX,CLE,TOR,0,0,1,0,0,0,1,0,0,0,1,0,0,0,0,1,2,3,0,0,0.23668053079817788,0.03570567063467672,0.0524,Home
421,3002,3,S3,1,TEX,CLE,NYY,0,0,1,0,0,0,0,1,0,0,0,1,1,0,0,1,2,3,1,0,0.3352529823118059,0.04413508433950042,-0.0975,Home
421,3005,3,S3,2,TEX,CLE,TEX,0,0,0,0,0,0,0,1,0,1,0,0,0,0,0,0,0,2,0,0,-0.2532051282051282,-0.018247322081632933,-0.07070000000000001,Home
422,2004,2,S2,1,TEX,CLE,TOR,1,0,0,0,1,0,1,0,0,0,0,0,0,0,0,1,4,3,1,2,0.8831932773109241,0.10035694528595134,0.0839,Home
422,3002,3,S3,1,TEX,CLE,NYY,1,0,1,0,0,0,0,1,0,0,0,0,0,0,0,2,6,3,1,2,1.4090909090909092,0.15151887701741074,0.11870000000000001,Home
422,3005,3,S3,2,TEX,CLE,TEX,0,0,0,0,0,0,1,0,0,0,0,1,0,0,0,0,0,2,0,0,-0.3313492063492064,-0.026061729896040754,-0.09659999999999999,Home
423,2004,2,S2,1,TEX,CLE,TOR,0,0,1,0,1,0,0,1,0,0,0,0,0,0,0,1,2,3,1,0,0.04050802139037449,0.016088419693896384,0.01580000000000001,Home
423,3002,3,S3,1,TEX,CLE,NYY,0,1,0,0,0,0,0,2,0,0,0,0,0,0,0,1,3,3,1,1,0.822552447552447,0.09286503086356451,0.029500000000000012,Home
423,3005,3,S3,2,TEX,CLE,TEX,0,0,0,0,0,0,1,0,0,0,1,0,0,0,0,0,0,2,0,0,-0.38018925518925506,-0.03094573478004562,-0.055900000000000005,Home
425,5009,5,S5,3,KCR,KCR,OAK,0,0,0,0,0,0,1,0,0,2,0,0,0,0,0,0,0,3,0,0,-0.7969058591178406,-0.06912843835539309,-0.0086,Home
429,1001,1,S1,1,OAK,OAK,PHI,0,0,0,1,1,0,0,0,0,0,1,0,0,0,0,1,1,3,0,0,-0.36111111111111116,-0.0256855791962175,0.21239999999999998,Away
443,2001,2,S2,1,PIT,PIT,PHI,0,0,0,0,1,0,0,0,0,1,0,0,0,0,0,0,0,2,0,0,0.27264309764309774,0.035289388134215734,0.017,Home
443,9003,9,S9,1,BOS,BOS,CLE,0,0,0,1,0,0,0,0,0,0,1,0,1,0,0,1,1,2,0,0,-0.2642530984996739,-0.019038651803834773,-0.05749999999999998,Home
443,10242,10,S10,1,BOS,BOS,OAK,0,0,0,0,0,0,0,0,0,0,1,1,1,0,0,0,0,2,0,0,-0.6384205856255546,-0.056953677991412814,-0.12530000000000002,Away
443,11244,11,S11,1,SFG,SFG,FLA,1,0,1,0,0,0,1,0,0,0,0,1,0,0,0,2,6,4,2,1,1.2181658116685508,0.14348421857022264,0.07569999999999999,Home
443,11247,11,S11,2,SFG,SFG,STL,0,0,0,1,1,0,0,0,0,1,0,0,0,0,0,1,1,3,0,0,-0.9649371069182389,-0.08024298263929822,0.07429999999999999,Away
443,12241,12,S12,17,SFG,SFG,CHC,0,0,0,0,0,0,1,0,0,0,0,0,0,0,0,0,0,1,0,0,-0.2941176470588235,-0.017480029048656497,-0.0218,Away
444,2003,2,S2,1,TB,TBR,BOS,0,0,0,0,0,0,1,0,0,0,0,1,1,0,0,0,0,2,0,0,-0.9430976430976432,-0.08628468593985836,-0.1575,Away
444,2006,2,S2,2,TB,TBR,TOR,0,0,0,1,0,0,0,0,0,0,0,0,0,0,0,1,1,1,0,0,0.40227272727272734,0.044239811912225716,0.024,Away
445,2004,2,S2,1,TOR,TOR,CLE,1,0,0,0,0,0,0,1,0,0,0,1,1,0,0,1,4,3,1,2,0.9680976430976431,0.10884738186462323,0.1705,Away
445,2006,2,S2,2,TOR,TOR,TBR,0,0,0,0,1,0,0,1,0,0,0,0,0,0,0,0,0,2,0,0,-0.0321350762527233,0.004811570744633624,-0.007999999999999997,Home
445,2007,2,S2,3,TOR,TOR,PHI,0,0,0,1,0,0,1,0,0,0,1,0,0,0,0,1,1,3,0,0,-0.36965240641711233,-0.024927623086852303,0.004699999999999996,Home
446,2004,2,S2,1,TOR,TOR,CLE,0,0,0,1,1,0,1,0,0,0,0,0,0,0,0,1,1,3,0,0,0.023031434796140615,0.01434076103447299,0.014100000000000001,Away
446,2006,2,S2,2,TOR,TOR,TBR,0,0,0,0,1,0,1,0,0,0,1,0,0,0,0,0,0,3,0,0,-0.6581424022600494,-0.05377662267114601,-0.0523,Home
446,2007,2,S2,3,TOR,TOR,PHI,0,1,0,0,1,0,1,0,0,0,1,0,0,0,0,1,3,4,1,1,1.596072065189712,0.17565736325878312,0.16510000000000002,Home
452,2003,2,S2,1,BOS,BOS,TBR,0,0,0,0,0,0,0,1,0,0,0,1,1,0,0,0,0,2,0,0,-0.1547619047619047,-0.007451112106284515,-0.0875,Home
453,2003,2,S2,1,TB,TBR,BOS,0,0,0,0,0,0,0,1,0,0,0,0,0,0,0,0,0,1,0,0,-2.0,-0.19598746081504703,-0.13720000000000002,Away
454,2001,2,S2,1,PHI,PHI,PIT,0,0,0,1,0,0,1,1,0,0,0,0,0,0,0,1,1,3,0,0,-0.1569865319865319,-0.003661035643794261,-0.030399999999999996,Away
454,2007,2,S2,3,PHI,PHI,TOR,0,0,0,1,0,0,1,0,0,0,0,1,0,0,0,1,1,3,1,0,-0.28926166426166433,-0.0168885488713075,-0.015400000000000004,Away
472,4003,4,S4,1,CLE,ANA,BAL,0,0,1,1,0,0,0,0,0,1,0,0,0,0,0,2,3,3,1,0,0.9733198380566801,0.1103922853132057,0.12660000000000002,Home
474,6010,6,S6,3,DET,DET,CWS,0,0,0,0,0,0,0,1,0,1,0,1,0,0,0,0,0,3,0,0,-0.6930735930735933,-0.05939779674154676,-0.0815,Home
478,4001,4,S4,1,LAD,LAD,CIN,1,0,0,0,0,0,0,0,0,0,0,0,0,0,0,1,4,1,1,1,1.0,0.1043534338358459,0.4489,Home
479,5005,5,S5,2,PIT,PIT,SDP,0,0,0,0,0,0,0,0,0,0,2,0,0,0,0,0,0,2,0,0,-0.45413533834586467,-0.03837210213032581,-0.065,Home
480,7010,7,S7,3,TOR,TOR,MIN,0,0,0,0,0,0,1,1,0,0,0,1,0,0,0,0,0,3,0,0,-0.9592113878313167,-0.08474074205988234,-0.148,Away
480,8004,8,S8,1,TOR,TOR,SEA,0,0,0,0,0,0,1,0,0,2,0,0,0,0,0,0,0,3,0,0,-0.5403476459076781,-0.03898937749117805,-0.18380000000000002,Home
485,6003,6,S6,1,MIN,MIN,OAK,0,0,0,0,0,0,2,0,0,1,0,0,0,0,0,0,0,3,0,0,-0.3765873015873016,-0.027749167592917588,-0.2132,Away
485,6008,6,S6,2,MIN,MIN,DET,0,0,0,0,1,1,0,0,0,0,0,0,0,0,0,0,0,1,0,0,-1.4285714285714286,-0.13955395533520534,-0.0027,Away
485,7007,7,S7,2,MIN,MIN,KCR,0,1,0,1,0,0,0,0,0,1,0,0,0,0,0,2,4,3,1,2,-0.0454805678077469,0.006632339942474655,0.2782,Home
485,7010,7,S7,3,MIN,MIN,TOR,0,0,1,0,0,0,0,1,0,0,0,1,0,0,0,1,2,3,0,0,-0.4852278305886554,-0.037342386335616214,-0.066,Home
485,7011,7,S7,4,MIN,MIN,NYM,0,0,1,0,0,0,0,0,0,0,1,2,1,0,0,1,2,4,0,1,-0.2554112554112555,-0.010633929910126481,-0.050100000000000006,Away
487,4002,4,S4,1,NYM,NYM,FLA,0,1,0,0,0,0,2,1,0,0,0,0,0,0,0,1,3,4,0,4,1.7910160015423173,0.19651533549761535,0.1487,Away
487,4005,4,S4,2,NYM,NYM,SFG,0,1,0,1,1,0,0,1,0,0,0,0,0,0,0,2,4,4,2,0,1.298277528540686,0.1472414881974522,0.0971,Away
487,4009,4,S4,3,NYM,NYM,LAD,0,0,1,0,0,0,0,1,0,1,0,0,0,0,0,1,2,3,1,0,0.4786032388663968,0.06092062539417737,-0.020699999999999993,Away
487,6003,6,S6,1,MIN,MIN,OAK,0,0,0,1,0,0,0,1,0,2,0,0,0,0,0,1,1,4,0,0,-0.40869218500797466,-0.02765646841304737,-0.1441,Away
487,6008,6,S6,2,MIN,MIN,DET,0,0,0,0,0,0,0,1,0,1,0,1,0,0,0,0,0,3,0,0,-0.8860667712060901,-0.07869711455479644,-0.0888,Away
488,4003,4,S4,1,BAL,BAL,ANA,0,0,0,1,0,0,0,0,0,0,1,1,0,0,0,1,1,3,0,0,-0.1451012145748991,-0.001449819949952226,-0.0031000000000000055,Away
488,4006,4,S4,2,BAL,BAL,NYY,0,0,0,0,0,0,0,0,0,0,1,1,1,0,0,0,0,2,0,0,-0.9111538461538463,-0.08240851694369283,-0.16040000000000001,Away
488,6007,6,S6,2,BAL,BAL,CWS,0,0,0,1,0,0,0,0,0,1,0,0,0,0,1,1,1,2,0,0,-0.2761904761904762,-0.017709485053235052,-0.02849999999999999,Home
488,9007,9,S9,2,BAL,BAL,CLE,0,1,0,0,0,0,0,0,0,0,1,1,0,0,0,1,3,3,1,0,1.0606541606541606,0.11714540313461498,-0.013099999999999994,Home
488,9010,9,S9,3,BAL,BAL,MIN,0,0,1,0,0,0,1,0,0,0,0,0,0,0,0,1,2,2,1,1,0.9452054794520548,0.10190720599133808,0.15699999999999997,Home
488,9011,9,S9,4,BAL,BAL,COL,0,0,0,1,0,0,0,1,0,0,0,0,0,0,0,1,1,2,0,0,-0.5060125060125061,-0.043214592555118,-0.019499999999999997,Home
488,10241,10,S10,1,BAL,BAL,MIN,0,0,1,0,0,0,0,1,0,0,1,0,0,0,0,1,2,3,0,2,0.7720651675319078,0.08753908760990475,0.07869999999999999,Home
488,10245,10,S10,2,BAL,BAL,CWS,1,0,0,0,0,0,1,0,0,2,0,0,0,0,0,1,4,4,1,3,0.47175391895888796,0.06095215303817411,0.0796,Away
488,10250,10,S10,3,BAL,BAL,TBR,0,0,0,0,1,0,1,0,0,1,0,0,0,0,0,0,0,3,0,0,0.13331836519152646,0.02366440737586662,-0.0529,Away
490,4001,4,S4,1,CIN,CIN,LAD,0,0,0,1,1,0,0,1,0,0,0,0,0,0,0,1,1,3,1,1,0.25657113157113154,0.03871741466465084,0.0681,Away
490,9002,9,S9,1,CIN,CIN,MIL,1,0,0,0,0,0,0,0,0,1,1,0,0,0,0,1,4,3,1,2,1.0433319107755745,0.11541317814675636,0.2793,Home
491,4008,4,S4,2,KCR,KCR,SEA,1,0,0,0,1,0,0,1,0,0,0,0,0,0,0,1,4,3,2,1,1.1005717255717256,0.12311747406471024,0.05389999999999999,Home
492,4002,4,S4,1,NYM,NYM,FLA,0,0,1,0,0,0,0,1,0,0,1,1,0,0,0,1,2,4,1,0,-0.30947368421052635,-0.013533633077669041,0.061099999999999995,Away
492,4005,4,S4,2,NYM,NYM,SFG,0,0,1,1,0,0,1,0,0,0,0,1,0,0,0,2,3,4,2,0,1.9627192982456136,0.21368566516794496,0.056400000000000006,Away
492,4009,4,S4,3,NYM,NYM,LAD,0,0,0,0,0,0,1,0,0,0,1,1,0,0,0,0,0,3,0,0,-1.3480769230769232,-0.12174739080015462,-0.0742,Away
492,5001,5,S5,1,NYM,NYM,COL,0,0,0,0,1,0,1,0,0,0,0,0,0,0,1,0,0,2,0,0,-0.4,-0.02943785244360903,-0.049,Home
492,7006,7,S7,2,NYM,NYM,CHC,0,0,0,0,0,0,2,0,0,1,0,0,0,0,0,0,0,3,0,1,-1.1666666666666667,-0.10548626994341734,-0.0056000000000000025,Home
492,7009,7,S7,3,NYM,NYM,STL,0,0,1,0,0,0,0,1,0,0,1,0,0,0,0,1,2,3,1,0,0.12001153836506384,0.023181550559755702,0.044,Away
492,7011,7,S7,4,NYM,NYM,MIN,0,0,1,0,0,0,0,0,0,0,2,0,0,0,0,1,2,3,0,1,0.3243383957184669,0.04361423629509602,0.4305,Home
493,4010,4,S4,3,KCR,KCR,NYY,0,0,0,0,0,0,0,0,0,1,0,0,0,0,0,0,0,1,0,0,-0.8,-0.0756465661641541,-0.0481,Away
493,4011,4,S4,4,KCR,KCR,LAD,0,0,0,0,1,0,0,0,0,0,2,0,0,0,0,0,0,3,1,0,1.1262724117987275,0.12568754268741045,-0.0292,Home
500,4002,4,S4,1,NYM,NYM,FLA,0,0,1,0,1,0,0,0,0,0,1,0,0,0,0,1,2,3,2,1,1.1005717255717256,0.12311747406471024,0.12260000000000001,Away
500,4005,4,S4,2,NYM,NYM,SFG,1,0,0,0,1,0,1,1,0,0,0,0,0,0,0,1,4,4,2,3,2.446607761607762,0.2620745115041597,0.2369,Away
500,4009,4,S4,3,NYM,NYM,LAD,0,0,0,0,0,0,0,1,0,0,1,0,0,0,0,0,0,2,0,0,-0.9167255717255718,-0.08296568950086539,-0.0506,Away
501,5007,5,S5,2,HOU,HOU,OAK,0,0,1,0,0,0,0,0,0,0,0,1,0,0,0,1,2,2,0,0,-0.1432509846043682,-0.0072836667561761645,-0.008999999999999998,Home
502,6002,6,S6,1,ATL,ATL,STL,0,0,0,0,1,0,0,0,0,0,2,0,1,0,0,0,0,3,0,0,-1.190981240981241,-0.10918856153231153,-0.0487,Away
510,4006,4,S4,2,NYY,NYY,BAL,0,2,0,0,0,0,0,0,0,0,0,1,0,0,0,2,6,3,1,0,1.5281954887218046,0.16587985037971814,0.1565,Home
510,4010,4,S4,3,NYY,NYY,KCR,0,0,0,0,0,0,0,1,0,0,2,0,1,0,0,0,0,3,0,0,-2.2338461538461534,-0.21032431387707767,-0.309,Home
510,5003,5,S5,1,NYY,NYY,MIN,0,0,0,2,0,0,0,0,0,0,0,1,0,0,0,2,2,3,1,1,1.2173798551678738,0.13230013307317837,0.0219,Home
510,5008,5,S5,2,NYY,NYY,KCR,0,1,0,0,0,0,0,1,0,1,0,0,0,0,0,1,3,3,0,0,-0.0012148598096226593,0.010440661575428709,0.01619999999999998,Away
516,6003,6,S6,1,MIN,MIN,OAK,1,0,0,0,0,0,1,1,0,0,1,0,1,0,0,1,4,4,1,2,-0.02483425587140764,0.010729324500609344,0.0625,Away
516,6008,6,S6,2,MIN,MIN,DET,0,0,1,1,0,0,0,0,0,1,0,0,0,0,0,2,3,3,0,1,0.8570032908268204,0.0956098916484946,0.28709999999999997,Away
516,11242,11,S11,1,MIL,MIL,COL,0,0,0,0,1,0,0,0,0,1,0,1,0,0,0,0,0,3,0,0,-0.05660377358490565,0.010590350694035112,-0.019100000000000002,Home
517,4009,4,S4,3,NYM,NYM,LAD,0,0,0,0,0,0,0,1,0,0,0,0,0,0,0,0,0,1,0,0,-0.2680769230769231,-0.022454258471846414,-0.0236,Away
518,7007,7,S7,2,MIN,MIN,KCR,0,1,0,1,1,0,0,0,0,0,0,0,0,0,0,2,4,3,2,1,2.2400940726056033,0.23518980398380965,0.2183,Home
518,7010,7,S7,3,MIN,MIN,TOR,0,0,0,0,1,0,0,0,0,1,0,1,0,0,1,0,0,3,0,0,-1.1828530970111022,-0.10337811407011113,-0.128,Home
518,7011,7,S7,4,MIN,MIN,NYM,0,0,1,1,1,0,0,1,0,0,0,0,0,1,0,2,3,4,2,0,0.5749728619240333,0.0761312807311522,0.1472,Away
518,9008,9,S9,2,MIN,MIN,TEX,0,0,0,1,0,0,1,0,0,1,0,0,0,0,0,1,1,3,1,0,-0.28818304864816496,-0.017738317795617582,-0.0299,Home
518,9010,9,S9,3,MIN,MIN,BAL,0,0,0,1,0,0,0,0,0,1,0,1,1,0,0,1,1,3,0,0,-0.015091213872672926,0.009570865681931627,-0.08760000000000001,Away
518,10241,10,S10,1,MIN,MIN,BAL,0,1,0,1,0,0,0,0,0,0,1,0,0,0,0,2,4,3,1,2,1.1815149136577707,0.12848406222249104,0.10690000000000004,Away
518,12244,12,S12,17,MIN,MIN,TBR,0,0,0,1,0,0,0,1,0,0,0,0,0,0,0,1,1,2,0,0,-0.08366013071895428,0.015497458242556278,0.008,Away
522,4007,4,S4,2,CHC,CHC,LAD,0,0,0,0,0,0,1,0,0,0,0,1,0,0,0,0,0,2,0,0,-1.36328320802005,-0.12762145313031323,-0.13219999999999998,Home
522,7001,7,S7,1,CHC,CHC,PHI,0,0,0,1,0,0,0,1,0,0,0,0,0,0,0,1,1,2,0,0,-0.04826936661172598,0.0026266611543269494,0.0063,Home
522,9001,9,S9,1,CHC,CHC,PHI,0,0,0,0,1,0,0,2,0,0,0,0,0,0,0,0,0,3,0,0,-0.5103324348607368,-0.03995325641687476,-0.0371,Home
522,12241,12,S12,17,CHC,CHC,SFG,0,0,0,0,0,0,0,0,0,1,0,0,0,0,0,0,0,1,0,0,-0.2941176470588235,-0.017480029048656497,-0.018000000000000002,Home
524,4003,4,S4,1,CLE,ANA,BAL,0,0,0,0,0,0,0,1,0,0,0,0,0,0,0,0,0,1,0,0,-0.8666666666666667,-0.08231323283082077,-0.0617,Home
525,5004,5,S5,1,SDP,SDP,ARI,0,0,1,0,0,0,1,0,0,0,0,0,0,0,0,1,2,2,1,1,0.8,0.08704143170426065,0.1048,Away
525,5005,5,S5,2,SDP,SDP,PIT,0,0,0,0,0,0,1,0,0,0,0,2,0,0,0,0,0,3,0,0,-1.1432509846043684,-0.10376295090404584,-0.12,Away
525,5010,5,S5,3,SDP,SDP,MTL,0,0,0,1,1,0,0,1,0,0,1,0,0,1,0,1,1,4,1,0,-0.4551488018074746,-0.027911300920095822,0.07680000000000001,Away
525,5011,5,S5,4,SDP,SDP,OAK,0,0,0,1,1,0,1,1,0,0,0,0,0,0,2,1,1,4,0,0,-2.7715151935137383,-0.25602722423859187,-0.0872,Away
525,6001,6,S6,1,SDP,SDP,LAD,0,0,1,0,0,0,1,0,0,1,0,1,0,0,0,1,2,4,1,0,-0.2905844155844156,-0.01584569147069147,0.05349999999999999,Away
525,6005,6,S6,2,SDP,SDP,PHI,0,0,0,1,0,0,1,0,0,0,1,1,0,0,0,1,1,4,0,1,0.027031302031302093,0.015915880290880306,0.0801,Away
525,6009,6,S6,3,SDP,SDP,STL,1,0,0,2,0,0,0,0,0,0,0,1,0,1,0,3,6,4,2,1,1.4526695526695526,0.16178289287664288,0.2606,Away
529,6007,6,S6,2,BAL,BAL,CWS,0,0,0,0,0,0,0,0,0,2,0,0,0,0,0,0,0,2,0,0,-0.4664565826330532,-0.040039283219430274,-0.0349,Home
530,7007,7,S7,2,MIN,MIN,KCR,0,0,1,0,0,0,1,0,0,0,0,1,1,0,0,1,2,3,0,0,-0.9402575932841393,-0.0828453626051646,-0.1075,Home
530,7011,7,S7,4,MIN,MIN,NYM,0,0,0,0,0,0,0,0,0,0,2,1,1,0,0,0,0,3,1,0,-1.206080740964462,-0.10942767737319689,-0.18570000000000003,Away
530,9008,9,S9,2,MIN,MIN,TEX,0,0,0,0,0,0,1,0,0,0,1,0,0,0,0,0,0,2,0,0,-0.4737769080234834,-0.039991032756215725,-0.029199999999999997,Home
530,9010,9,S9,3,MIN,MIN,BAL,0,0,0,0,0,0,0,0,0,0,0,2,1,0,0,0,0,2,0,0,-0.4920159017341752,-0.041814932127284904,-0.1178,Away
530,10241,10,S10,1,MIN,MIN,BAL,0,0,1,0,0,0,0,0,0,0,1,1,1,0,0,1,2,3,0,1,0.3884598565866956,0.04917855651538352,-0.0824,Away
530,12244,12,S12,17,MIN,MIN,TBR,0,0,0,0,0,0,0,0,0,0,1,0,0,0,0,0,0,1,0,0,-0.2941176470588235,-0.017480029048656497,-0.0146,Away
534,11241,11,S11,1,KCR,KCR,BOS,0,0,0,1,0,0,1,1,0,0,0,0,0,0,0,1,1,3,0,0,-0.8867625037436356,-0.07242552232183788,-0.013600000000000001,Away
538,4010,4,S4,3,NYY,NYY,KCR,0,0,0,0,1,1,0,1,0,0,0,1,0,0,0,0,0,3,0,0,-0.1475641025641028,-0.0016961087488725941,-0.14370000000000002,Home
540,5004,5,S5,1,ARI,ARI,SDP,0,0,0,0,0,0,0,0,0,0,1,0,1,0,0,0,0,1,0,0,-1.6666666666666667,-0.16314595081453637,-0.0582,Home
545,4001,4,S4,1,LAD,LAD,CIN,1,0,0,0,0,0,0,1,0,0,1,0,1,0,0,1,4,3,1,1,-0.3573626373626375,-0.022675962228726046,0.3637,Home
545,4007,4,S4,2,LAD,LAD,CHC,0,0,0,0,2,0,0,0,0,0,1,0,0,0,1,0,0,3,0,0,-0.8900454097822519,-0.0715908056348416,-0.0712,Away
545,4009,4,S4,3,LAD,LAD,NYM,0,0,0,0,1,0,0,0,0,0,0,2,0,0,0,0,0,3,0,0,-1.4411268556005394,-0.13105238405251624,-0.042100000000000005,Home
545,4011,4,S4,4,LAD,LAD,KCR,0,1,0,1,0,0,1,0,0,0,0,0,0,0,0,2,4,3,1,1,1.4530634278002696,0.15836664428756464,-0.021100000000000008,Away
545,6001,6,S6,1,LAD,LAD,SDP,0,1,0,0,0,0,0,0,0,0,1,1,1,0,0,1,3,3,0,0,-0.47619047619047616,-0.037709485053235056,0.0196,Home
546,6008,6,S6,2,DET,DET,MIN,0,0,1,1,0,0,0,0,0,0,0,0,0,0,0,2,3,2,1,1,1.3194444444444444,0.1385508194883195,0.13419999999999999,Home
546,6010,6,S6,3,DET,DET,CWS,0,0,0,0,1,0,0,1,0,1,0,0,0,0,0,0,0,3,0,0,-0.5503562828640227,-0.04512606572058971,-0.0813,Home
547,5002,5,S5,1,OAK,OAK,TEX,1,0,1,0,0,0,0,0,0,0,0,0,0,0,0,2,6,2,1,4,3.0660127329818803,0.3136427050024486,0.23879999999999998,Home
547,5007,5,S5,2,OAK,OAK,HOU,0,0,1,0,1,0,0,1,0,0,0,0,0,0,0,1,2,3,0,0,0.1806451612903226,0.028626663685423232,-0.01929999999999999,Away
547,5009,5,S5,3,OAK,OAK,KCR,0,0,0,0,0,0,0,1,0,0,1,0,0,0,0,0,0,2,0,0,-0.3775510204081632,-0.030713670336555664,-0.0115,Away
547,5011,5,S5,4,OAK,OAK,SDP,0,0,0,1,0,0,0,1,0,0,0,1,0,0,0,1,1,3,0,0,-1.632452642278932,-0.15268311667150222,-0.12480000000000002,Home
549,4008,4,S4,2,SEA,SEA,KCR,0,1,0,1,1,1,0,1,0,0,0,0,0,0,1,2,4,4,1,2,1.406258916522074,0.1623930608314369,0.1078,Away
549,9002,9,S9,1,MIL,MIL,CIN,1,0,0,0,0,0,0,2,0,0,0,0,0,0,0,1,4,3,1,1,0.5848739495798319,0.0695673820271821,-0.028999999999999998,Away
549,10247,10,S10,2,MIL,MIL,PHI,0,0,0,0,0,0,0,1,0,1,0,0,0,0,0,0,0,2,0,0,-0.26344276841171255,-0.019455896270028614,-0.0319,Home
549,11242,11,S11,1,MIL,MIL,COL,0,0,0,0,1,0,0,0,0,1,0,0,0,0,0,0,0,2,1,0,-0.5364145658263305,-0.04280763788094927,0.012100000000000003,Home
549,11248,11,S11,2,MIL,MIL,PHI,0,0,0,1,1,0,0,0,0,0,1,0,0,0,0,1,1,3,0,0,-2.158089234952416,-0.19955819544271597,0.11160000000000002,Away
553,4003,4,S4,1,CLE,ANA,BAL,0,0,0,1,0,0,0,0,0,1,1,0,1,1,0,1,1,3,0,0,-0.5494736842105263,-0.03753363307766905,-0.030199999999999998,Home
553,6008,6,S6,2,DET,DET,MIN,0,0,0,1,0,0,0,1,0,0,0,1,0,0,0,1,1,3,0,0,-0.6822447160682454,-0.05831490904101197,-0.054099999999999995,Home
553,6010,6,S6,3,DET,DET,CWS,1,0,0,1,0,0,0,0,0,0,1,0,0,1,0,2,5,3,1,1,0.9547619047619048,0.10868894056394057,0.3023,Home
557,6002,6,S6,1,STL,STL,ATL,0,0,1,0,0,0,0,0,0,0,1,1,1,0,0,1,2,3,0,2,1.0985588972431077,0.11976545229012331,0.30989999999999995,Home
557,6009,6,S6,3,STL,STL,SDP,0,0,0,1,0,0,0,0,0,1,0,1,0,0,0,1,1,3,0,0,-0.2915648077412784,-0.019246918208315276,-0.09219999999999999,Home
557,6011,6,S6,4,STL,STL,CWS,1,0,0,1,0,0,0,0,0,0,0,1,0,0,0,2,5,3,2,2,1.7830789093946988,0.18821745350528246,0.1785,Home
557,7005,7,S7,2,STL,STL,SFG,1,0,0,0,0,0,0,2,0,0,0,0,0,0,0,1,4,3,1,1,-0.757142857142857,-0.0645338889910364,0.05530000000000001,Home
557,7009,7,S7,3,STL,STL,NYM,0,0,0,0,1,0,1,1,0,0,0,0,0,0,0,0,0,3,0,0,-0.512096783266154,-0.04002928160336608,-0.013400000000000002,Home
557,10244,10,S10,1,STL,STL,ATL,0,0,1,0,0,0,0,0,0,0,1,0,1,0,0,1,2,2,0,0,-1.1403508771929824,-0.10714670714815559,-0.0923,Home
557,11247,11,S11,2,STL,STL,SFG,0,0,0,0,1,0,2,1,0,0,0,0,0,0,0,0,0,4,0,0,-0.784538127821755,-0.05678617537880793,-0.033800000000000004,Home
557,11250,11,S11,3,STL,STL,PHI,0,0,0,0,1,0,0,0,0,0,1,1,1,0,0,0,0,3,0,0,-0.8646616541353384,-0.07021543736100816,-0.0611,Away
558,4002,4,S4,1,NYM,NYM,FLA,1,0,0,0,0,0,2,0,0,0,0,1,0,0,0,1,4,4,1,1,0.1247802197802198,0.029891757321405574,-0.0294,Away
558,4005,4,S4,2,NYM,NYM,SFG,0,0,0,2,0,0,1,0,0,0,1,0,0,0,0,2,2,4,1,1,0.05486783486783531,0.02290051883016711,0.026600000000000006,Away
558,4009,4,S4,3,NYM,NYM,LAD,0,0,0,0,0,0,1,1,0,1,0,0,0,0,0,0,0,3,0,0,-1.3822807017543859,-0.1251677686679009,-0.0645,Away
558,5001,5,S5,1,NYM,NYM,COL,0,0,0,0,0,0,1,0,0,1,1,0,0,0,0,0,0,3,0,0,-1.1338137971657256,-0.10281923216018157,-0.2007,Home
559,5003,5,S5,1,NYY,NYY,MIN,1,0,0,0,1,0,0,0,0,0,0,1,0,0,0,1,4,3,2,1,-0.4139784946236559,-0.030835701905974608,0.0034999999999999996,Home
559,5008,5,S5,2,NYY,NYY,KCR,0,0,0,0,0,0,0,1,0,0,0,0,0,0,0,0,0,1,0,0,-0.7857142857142857,-0.07505071271929824,-0.13570000000000002,Away
559,11246,11,S11,2,NYY,NYY,TBR,0,0,0,0,1,0,1,0,0,1,0,0,0,0,0,0,0,3,0,0,-0.09301833941123616,0.006948894111402065,0.006699999999999998,Away
560,4004,4,S4,1,SEA,SEA,BOS,0,0,0,0,1,0,0,0,0,1,0,0,0,0,0,0,0,2,1,0,-0.17575969549653758,-0.008869101877961966,0.024100000000000003,Home
560,4008,4,S4,2,SEA,SEA,KCR,0,0,0,0,0,0,1,0,0,2,0,0,0,0,0,0,0,3,1,0,-1.3480769230769232,-0.12174739080015462,-0.1633,Away
563,7003,7,S7,1,CWS,CWS,TBR,0,0,0,0,0,0,0,0,0,0,0,1,0,0,0,0,0,1,0,0,-0.1627906976744186,-0.012552270859692086,-0.0179,Home
567,4005,4,S4,2,SFG,SFG,NYM,0,0,0,0,0,0,0,0,0,1,1,0,0,0,0,0,0,2,0,0,-0.8900454097822519,-0.0802976733065334,-0.020999999999999998,Home
570,4006,4,S4,2,BAL,BAL,NYY,0,0,0,0,0,0,0,0,0,1,0,0,0,0,0,0,0,1,0,0,-0.28,-0.023646566164154108,-0.0231,Away
570,6007,6,S6,2,BAL,BAL,CWS,0,0,1,0,0,0,0,1,0,0,0,0,0,0,0,1,2,2,0,1,0.9816378066378064,0.10477015570765569,0.13069999999999998,Home
582,5003,5,S5,1,MIN,MIN,NYY,0,0,0,1,0,0,0,0,0,1,1,0,1,0,0,1,1,3,0,0,-0.8193548387096774,-0.07137333631457676,-0.0027000000000000006,Away
582,6003,6,S6,1,MIN,MIN,OAK,0,0,2,0,1,0,0,0,0,0,0,0,0,1,0,2,4,3,0,0,1.7042226779068885,0.18363501787843894,0.23029999999999998,Away
582,6008,6,S6,2,MIN,MIN,DET,0,0,0,0,1,0,0,0,0,1,1,0,0,0,1,0,0,3,0,0,0.07426739926739934,0.020639490014490017,-0.08980000000000002,Away
582,7007,7,S7,2,MIN,MIN,KCR,0,0,0,1,0,0,1,1,0,0,0,0,0,0,0,1,1,3,0,1,-0.4851593914521411,-0.03733554242196479,0.06130000000000001,Home
582,7010,7,S7,3,MIN,MIN,TOR,0,0,0,0,0,0,1,1,0,1,0,0,0,0,0,0,0,3,0,0,-0.728136381162927,-0.061633241393043374,-0.2685,Home
582,7011,7,S7,4,MIN,MIN,NYM,0,0,0,0,0,0,2,0,0,1,0,0,0,0,0,0,0,3,0,0,-0.7878787878787878,-0.06760748206462946,-0.1573,Away
583,8003,8,S8,1,HOU,HOU,KCR,0,0,0,2,0,0,0,0,0,0,0,0,0,0,0,2,2,2,0,0,0.6830417098346189,0.07833442904985506,0.0791,Home
587,4006,4,S4,2,NYY,NYY,BAL,0,0,0,0,0,0,0,2,0,0,0,0,0,0,0,0,0,2,0,0,-0.6809572006940424,-0.05938885239771245,-0.0462,Home
594,4002,4,S4,1,NYM,NYM,FLA,1,0,0,0,0,0,0,0,0,0,0,1,0,0,0,1,4,2,1,1,0.7586032388663968,0.08456719155833148,0.12349999999999998,Away
594,4005,4,S4,2,NYM,NYM,SFG,0,0,0,1,0,0,1,1,0,1,0,0,0,0,0,1,1,4,1,0,-1.3908250355618776,-0.12166876821280417,-0.015799999999999998,Away
594,4009,4,S4,3,NYM,NYM,LAD,1,0,1,0,0,0,0,0,0,0,1,0,0,0,0,2,6,3,1,2,1.7586032388663968,0.18892062539417737,0.0052,Away
596,4003,4,S4,1,BAL,BAL,ANA,1,0,0,0,0,0,0,0,0,0,1,1,0,0,0,1,4,3,1,1,0.10995459021774812,0.024055760529312506,0.0682,Away
596,4006,4,S4,2,BAL,BAL,NYY,0,0,0,0,0,0,0,0,0,0,1,1,0,0,0,0,0,2,0,0,-0.5361538461538462,-0.04490851694369283,-0.048299999999999996,Away
596,7006,7,S7,2,NYM,NYM,CHC,0,0,0,0,1,0,0,0,0,0,1,0,0,0,0,0,0,2,1,0,-0.15887231189885778,-0.00843363337438623,0.0132,Home
596,7009,7,S7,3,NYM,NYM,STL,0,0,0,1,0,0,0,1,0,0,0,0,0,0,0,1,1,2,0,1,0.6363636363636364,0.07108996145186317,0.04750000000000001,Away
596,7011,7,S7,4,NYM,NYM,MIN,0,0,0,0,0,0,0,1,0,0,0,2,0,0,0,0,0,3,0,0,-0.7531730636501675,-0.06413690964176742,-0.1623,Home
596,10241,10,S10,1,BAL,BAL,MIN,1,1,0,0,0,0,0,0,0,0,0,1,0,0,0,2,7,3,2,1,0.8548872180451129,0.09582129266122524,0.15790000000000004,Home
596,10245,10,S10,2,BAL,BAL,CWS,0,0,0,0,1,1,0,0,0,1,1,1,0,0,0,0,0,4,0,0,-0.7866499959667662,-0.06488823845439133,-0.07830000000000001,Away
597,9002,9,S9,1,CIN,CIN,MIL,1,0,0,0,0,0,0,0,0,0,0,1,0,0,0,1,4,2,1,1,0.5294117647058825,0.060327834516720844,-0.006699999999999998,Home
597,9006,9,S9,2,CIN,CIN,MTL,0,0,1,0,0,0,0,2,0,0,0,0,0,0,0,1,2,3,0,1,0.26223363875287936,0.03730335094448685,-0.022600000000000016,Away
602,5004,5,S5,1,ARI,ARI,SDP,0,0,1,1,0,0,0,1,0,0,0,0,0,0,0,2,3,3,1,0,0.6119918021655123,0.07176132777294221,-0.0151,Home
603,4007,4,S4,2,CHC,CHC,LAD,0,0,0,0,0,0,1,0,0,0,0,0,0,0,0,0,0,1,0,0,-0.28,-0.023646566164154108,-0.032400000000000005,Home
605,4007,4,S4,2,CHC,CHC,LAD,0,0,0,0,0,0,0,1,0,0,1,0,0,0,0,0,0,2,0,0,-1.0413967611336032,-0.09543280844166853,-0.0718,Home
606,5003,5,S5,1,MIN,MIN,NYY,1,1,0,0,0,0,0,0,0,1,0,0,0,0,0,2,7,3,2,2,3.001193459840076,0.31068149354039865,-0.0002000000000000001,Away
606,6003,6,S6,1,MIN,MIN,OAK,0,0,0,0,1,0,1,1,0,1,0,0,0,0,0,0,0,4,0,1,0.36269841269841274,0.049482591357591366,0.013100000000000007,Away
606,6008,6,S6,2,MIN,MIN,DET,0,0,0,1,0,0,0,0,0,1,1,0,0,0,0,1,1,3,0,0,-0.1900154798761609,-0.009091985421803523,-0.0869,Away
606,7010,7,S7,3,MIN,MIN,TOR,0,0,0,0,0,0,0,0,0,1,0,0,0,0,0,0,0,1,1,0,-0.40692640692640697,-0.03696584178489092,-0.0692,Home
606,7011,7,S7,4,MIN,MIN,NYM,0,0,0,0,0,0,1,1,0,0,0,1,0,0,0,0,0,3,0,0,-1.0043290043290043,-0.08925250370965111,-0.21660000000000001,Away
606,9008,9,S9,2,MIN,MIN,TEX,0,0,0,0,0,0,0,1,0,1,1,0,0,0,0,0,0,3,0,0,0.015419014947316845,0.012621888563930598,-0.07650000000000001,Home
606,9010,9,S9,3,MIN,MIN,BAL,0,0,1,1,1,0,0,0,0,0,0,0,0,0,0,2,3,3,0,0,-0.012741072734490877,0.009805879795749827,0.1073,Away
606,10241,10,S10,1,MIN,MIN,BAL,0,0,0,1,1,0,0,0,0,0,0,1,0,0,0,1,1,3,1,0,1.0248890272289288,0.11282147357960685,0.08149999999999999,Away
606,12244,12,S12,17,MIN,MIN,TBR,1,0,0,0,0,0,0,0,0,0,1,0,1,0,0,1,4,2,1,1,0.6,0.0838634713144517,0.026699999999999988,Away
607,8008,8,S8,2,DET,DET,KCR,0,0,0,1,0,0,0,0,0,0,2,0,1,0,0,1,1,3,0,0,-1.1589405625263804,-0.10084866915304827,-0.08140000000000001,Home
612,4004,4,S4,1,SEA,SEA,BOS,0,0,0,0,1,0,0,0,0,1,1,0,0,0,0,0,0,3,1,0,-0.56,-0.04293969849246232,-0.006400000000000001,Home
614,5004,5,S5,1,SDP,SDP,ARI,0,0,0,0,1,0,0,1,0,1,0,0,0,0,0,0,0,3,0,0,-1.253595812190575,-0.11479743366266654,-0.022399999999999996,Away
614,6005,6,S6,2,SDP,SDP,PHI,0,0,0,0,0,0,1,0,0,0,0,0,0,0,0,0,0,1,0,0,-0.3488095238095238,-0.031577764859014854,-0.0002,Away
620,5006,5,S5,2,COL,COL,MTL,0,0,1,0,0,0,0,0,0,0,0,1,0,0,0,1,2,2,0,0,0.667120181405896,0.07375344984485026,0.0391,Away
620,6006,6,S6,2,COL,COL,STL,0,0,0,1,0,0,1,1,0,0,0,0,0,0,0,1,1,3,0,0,0.06219336219336202,0.016128898785148768,-0.06729999999999998,Home
622,4004,4,S4,1,BOS,BOS,SEA,0,0,0,1,0,0,0,0,0,0,0,2,0,0,0,1,1,3,1,1,-0.06089743589743635,0.006970557917794058,0.02070000000000001,Away
622,9003,9,S9,1,BOS,BOS,CLE,0,0,0,0,0,0,0,0,0,0,1,1,2,0,0,0,0,2,0,0,-0.7761627906976745,-0.07022962102363484,-0.1449,Home
622,11245,11,S11,2,BOS,BOS,DET,0,0,0,1,0,0,0,0,0,0,0,1,0,0,0,1,1,2,0,0,0.16710391000482727,0.02754420970216651,0.0026000000000000016,Away
623,4004,4,S4,1,SEA,SEA,BOS,0,0,0,1,0,0,0,0,0,0,1,1,0,0,0,1,1,3,0,2,0.5034288684288684,0.06340318835042454,0.2256,Home
623,4008,4,S4,2,SEA,SEA,KCR,1,0,1,0,1,0,1,0,0,0,0,0,0,0,0,2,6,4,2,1,1.4100366300366298,0.15841739834704657,0.0985,Away
623,7004,7,S7,1,TEX,TEX,KCR,0,0,0,0,0,0,0,1,0,1,1,0,0,0,0,0,0,3,0,0,-1.2326366467946521,-0.11208326795621588,-0.1491,Home
629,4003,4,S4,1,BAL,BAL,ANA,0,0,0,1,0,0,1,0,0,0,1,1,1,0,0,1,1,4,0,0,-1.4860814458182878,-0.13119440923844516,-0.13859999999999997,Away
629,4006,4,S4,2,BAL,BAL,NYY,0,0,0,0,0,0,2,0,0,0,0,0,0,0,0,0,0,2,0,0,-0.4827935222672064,-0.03957248455502885,-0.0573,Away
638,4002,4,S4,1,NYM,NYM,FLA,0,0,0,1,0,0,0,0,0,1,0,2,0,0,0,1,1,4,1,1,-0.5660949410949412,-0.03919575876611053,-0.0363,Away
638,4005,4,S4,2,NYM,NYM,SFG,0,0,0,2,0,0,1,1,0,0,0,0,0,0,0,2,2,4,0,1,0.2857142857142857,0.04598516391481217,-0.0393,Away
638,4009,4,S4,3,NYM,NYM,LAD,0,0,0,0,0,0,0,2,0,0,0,1,0,0,0,0,0,3,0,0,-0.6647435897435897,-0.053414057466821284,-0.0501,Away
638,5001,5,S5,1,NYM,NYM,COL,0,0,0,0,0,0,2,0,0,0,0,0,0,0,0,0,0,2,0,0,-0.35510204081632635,-0.02846877237737198,-0.055499999999999994,Home
638,7004,7,S7,1,TEX,TEX,KCR,0,0,0,1,0,0,0,0,0,2,1,0,0,0,0,1,1,4,1,1,0.5926942473334226,0.07417662036434136,-0.0317,Home
638,8006,8,S8,2,MIA,FLA,MTL,0,0,0,0,0,0,1,0,0,1,0,0,0,0,0,0,0,2,0,0,-0.7408963585434174,-0.06405937778794857,-0.061200000000000004,Home
638,8009,8,S8,3,MIA,FLA,LAD,0,0,0,0,1,0,0,0,0,1,0,0,0,0,1,0,0,2,0,0,-0.9014005602240897,-0.0750946689228192,-0.07050000000000001,Away
639,4003,4,S4,1,CLE,ANA,BAL,2,0,0,0,0,0,0,1,0,0,0,0,0,0,0,2,8,3,2,3,2.2797300944669363,0.24103331095423133,0.43720000000000003,Home
639,9002,9,S9,1,MIL,MIL,CIN,0,0,0,0,0,0,0,0,0,0,2,0,1,0,0,0,0,2,0,0,-1.121751025991792,-0.10478844455304659,-0.1606,Away
639,11248,11,S11,2,MIL,MIL,PHI,0,0,0,0,1,0,0,0,0,0,0,0,0,0,0,0,0,1,0,0,-0.5,-0.04458309064915811,0.0374,Away
640,4001,4,S4,1,LAD,LAD,CIN,0,0,0,0,0,0,1,1,0,0,0,0,0,0,0,0,0,2,0,0,-0.5094736842105263,-0.04224050074936084,-0.08149999999999999,Home
640,4007,4,S4,2,LAD,LAD,CHC,0,0,1,0,0,0,0,1,0,0,0,1,0,0,0,1,2,3,0,0,-0.9980769230769231,-0.08674739080015462,-0.014000000000000002,Away
640,4009,4,S4,3,LAD,LAD,NYM,0,0,0,1,0,0,0,0,0,0,2,0,1,0,0,1,1,3,1,0,-0.42082503556187767,-0.029022202048650074,-0.006800000000000001,Home
640,4011,4,S4,4,LAD,LAD,KCR,0,0,0,1,0,0,0,2,0,0,0,1,1,0,0,1,1,4,1,1,-1.8714285714285717,-0.16972912179947355,-0.0793,Away
640,6010,6,S6,3,CWS,CWS,DET,0,0,0,0,0,0,1,0,0,0,1,0,0,0,0,0,0,2,0,0,-0.2761904761904762,-0.02101267257517258,-0.051500000000000004,Away
640,8001,8,S8,1,MTL,MTL,ARI,0,0,0,1,0,0,0,1,0,0,0,0,0,0,0,1,1,2,0,0,-0.23809523809523803,-0.013779265743130629,-0.0005999999999999998,Home
640,8006,8,S8,2,MTL,MTL,FLA,0,0,0,1,0,0,0,0,0,0,0,0,0,1,0,1,1,1,0,0,0.2607142857142857,0.031086557604625153,0.09230000000000001,Away
644,5010,5,S5,3,MTL,MTL,SDP,0,0,0,0,0,0,0,1,0,0,0,0,0,0,0,0,0,1,0,0,-0.17755102040816317,-0.01423438618868599,-0.006999999999999999,Home
647,5005,5,S5,2,PIT,PIT,SDP,0,0,0,0,0,0,0,0,0,0,2,0,0,0,0,0,0,2,0,0,-0.4765843179377015,-0.0406170000895095,-0.055900000000000005,Home
648,4003,4,S4,1,CLE,ANA,BAL,0,0,0,0,0,0,0,0,0,0,2,1,0,0,0,0,0,3,0,0,-1.2827935222672064,-0.11521905071918295,-0.1618,Home
649,4003,4,S4,1,BAL,BAL,ANA,1,1,0,0,0,0,0,0,0,0,1,0,0,0,0,2,7,3,2,1,1.3185897435897436,0.14491927586651204,0.13,Away
649,4006,4,S4,2,BAL,BAL,NYY,0,0,0,0,1,0,0,0,0,1,0,0,0,0,1,0,0,2,0,0,-0.4827935222672064,-0.03521905071918295,-0.0629,Away
649,6007,6,S6,2,BAL,BAL,CWS,0,0,0,0,0,0,1,1,0,0,0,0,0,0,0,0,0,2,0,0,-0.5227272727272728,-0.045666352228852236,-0.0354,Home
649,9007,9,S9,2,BAL,BAL,CLE,1,0,1,0,1,0,0,0,0,0,0,0,0,0,0,2,6,3,3,3,1.7016373823973892,0.18124372530893784,0.23,Home
649,9010,9,S9,3,BAL,BAL,MIN,0,0,0,0,1,1,0,1,0,0,0,0,0,0,0,0,0,2,0,0,-0.36023033570203394,-0.028636375524070785,-0.0204,Home
649,9011,9,S9,4,BAL,BAL,COL,0,0,0,0,0,0,0,1,0,1,0,0,0,0,0,0,0,2,0,0,-0.1895779500430662,-0.011571136958174015,-0.0702,Home
649,10241,10,S10,1,BAL,BAL,MIN,0,0,0,0,0,0,0,2,0,0,0,1,0,0,0,0,0,3,0,0,-0.7897585578853967,-0.0686432849318257,-0.1316,Home
649,10250,10,S10,3,BAL,BAL,TBR,0,0,0,0,0,0,0,2,0,1,0,0,0,0,0,0,0,3,0,0,-1.3249402771141905,-0.12216145685470507,-0.1572,Away
650,6005,6,S6,2,PHI,PHI,SDP,0,0,0,0,0,0,0,2,0,0,0,0,0,0,0,0,0,2,0,0,-0.565730614414825,-0.04996668639760746,-0.018,Home
650,7001,7,S7,1,PHI,PHI,CHC,0,0,0,1,0,0,0,0,0,0,1,0,0,0,0,1,1,2,1,0,0.03156146179401992,0.010609743994901537,-0.0081,Away
651,5004,5,S5,1,ARI,ARI,SDP,0,0,0,0,0,0,1,0,0,0,0,0,0,0,0,0,0,1,0,0,-0.5806451612903226,-0.054543800276901935,-0.0013,Home
654,5005,5,S5,2,PIT,PIT,SDP,0,0,0,1,0,0,0,0,0,0,1,0,0,0,0,1,1,2,0,0,0.20309414088215944,0.02735084579247659,-0.018200000000000004,Home
657,6006,6,S6,2,STL,STL,COL,0,0,0,0,1,0,0,1,0,0,0,2,0,0,0,0,0,4,1,0,-1.5156185919343814,-0.13834910910568804,-0.1399,Away
657,6011,6,S6,4,STL,STL,CWS,0,0,0,0,1,0,0,0,0,0,0,0,0,0,0,0,0,1,0,0,0.13235294117647062,0.016538481639584584,0.0141,Home
662,5003,5,S5,1,MIN,MIN,NYY,0,0,0,0,0,0,0,0,0,0,1,1,1,0,0,0,0,2,0,0,-1.2,-0.11295856829573934,0.0,Away
662,6003,6,S6,1,MIN,MIN,OAK,1,0,0,0,1,0,0,1,0,0,0,0,0,0,0,1,4,3,2,1,0.7638888888888888,0.08629845145470146,0.36229999999999996,Away
662,6008,6,S6,2,MIN,MIN,DET,1,0,0,0,0,0,0,1,0,0,0,0,0,0,0,1,4,2,1,2,1.374749373433584,0.14408131238723343,0.17419999999999997,Away
662,7007,7,S7,2,MIN,MIN,KCR,0,0,0,0,0,0,1,1,0,1,0,0,0,0,0,0,0,3,0,0,-0.7427611713811002,-0.0630957204148607,-0.0744,Home
662,7010,7,S7,3,MIN,MIN,TOR,0,0,0,0,2,0,0,1,0,0,0,0,0,0,0,0,0,3,0,0,0.22549774041448498,0.033730170764697816,0.0385,Home
662,7011,7,S7,4,MIN,MIN,NYM,0,0,1,0,0,0,0,2,0,0,0,0,0,0,0,1,2,3,1,1,0.2935510572654074,0.04053550244979005,0.2165,Away
662,9008,9,S9,2,MIN,MIN,TEX,1,0,1,0,0,0,1,0,0,0,0,0,0,0,0,2,6,3,2,1,0.5095514950166112,0.06203513657086003,0.2223,Home
662,9010,9,S9,3,MIN,MIN,BAL,0,0,0,0,0,0,0,1,0,0,1,1,0,0,0,0,0,3,0,0,-0.4825573237824466,-0.037175745309045743,-0.0858,Away
662,10241,10,S10,1,MIN,MIN,BAL,0,0,0,0,1,0,1,1,0,0,0,0,0,0,0,0,0,3,1,0,-0.3688263011351467,-0.026550059256800703,-0.024699999999999996,Away
663,4003,4,S4,1,BAL,BAL,ANA,0,0,0,0,0,0,0,2,0,0,0,0,0,0,0,0,0,2,0,0,-0.933603238866397,-0.0846534562149479,-0.0421,Away
665,4002,4,S4,1,MIA,FLA,NYM,0,0,0,0,0,0,0,1,0,1,0,0,0,0,0,0,0,2,0,0,-0.8633333333333333,-0.07762646566164152,-0.075,Home
665,8006,8,S8,2,MIA,FLA,MTL,1,0,0,0,0,0,1,0,0,0,0,0,0,0,0,1,4,2,1,1,0.863013698630137,0.09633162792940687,0.1046,Home
665,8009,8,S8,3,MIA,FLA,LAD,0,0,0,0,0,0,0,1,0,0,1,1,0,0,0,0,0,3,0,0,-0.9176470588235294,-0.07671931878276318,-0.0961,Away
671,5003,5,S5,1,MIN,MIN,NYY,0,0,0,0,1,0,0,0,0,0,0,2,0,0,0,0,0,3,0,1,-0.8551020408163261,-0.07494805652524164,-0.0029000000000000002,Away
671,6003,6,S6,1,MIN,MIN,OAK,0,0,1,1,0,0,0,0,0,0,0,1,0,0,0,2,3,3,2,0,0.733187134502924,0.08322827601610497,0.23020000000000002,Away
671,6008,6,S6,2,MIN,MIN,DET,0,0,0,1,0,0,0,0,0,1,0,0,0,0,0,1,1,2,0,0,0.10252335383914324,0.01685871042778937,0.0335,Away
671,7007,7,S7,2,MIN,MIN,KCR,0,0,0,1,0,0,0,2,0,0,0,0,0,0,0,1,1,3,0,1,0.6039697934926895,0.07157737607251827,0.09459999999999998,Home
672,5004,5,S5,1,SDP,SDP,ARI,1,0,1,0,1,0,0,0,0,1,0,0,0,0,0,2,6,4,3,4,1.8396020773900958,0.1980430711475309,0.0923,Away
672,5005,5,S5,2,SDP,SDP,PIT,0,0,0,0,1,0,2,0,0,0,0,0,0,1,0,0,0,3,1,0,0.3905358634681945,0.053136449755340764,0.0407,Away
672,5010,5,S5,3,SDP,SDP,MTL,0,0,0,0,1,0,2,0,0,0,0,0,0,0,0,0,0,3,1,1,-2.388888888888889,-0.22832674133249792,-0.0133,Away
672,5011,5,S5,4,SDP,SDP,OAK,1,0,1,1,0,0,0,0,0,0,0,0,0,1,0,3,7,3,1,2,2.408364661654135,0.2549193295739348,0.2398,Away
672,6001,6,S6,1,SDP,SDP,LAD,0,2,0,0,0,0,1,0,0,0,1,0,0,0,0,2,6,4,2,1,2.0262987012987006,0.21584262021762016,0.1499,Away
672,6005,6,S6,2,SDP,SDP,PHI,0,0,0,0,0,0,1,0,0,1,0,1,0,0,0,0,0,3,0,0,-0.4247585747585749,-0.032566294910044924,-0.06739999999999999,Away
672,6009,6,S6,3,SDP,SDP,STL,0,0,1,0,0,0,0,0,0,0,0,0,0,0,0,1,2,1,0,0,0.4532828282828284,0.04863147035022036,0.061,Away
672,7002,7,S7,1,SDP,SDP,SFG,0,0,0,1,0,0,0,0,0,1,0,1,0,0,0,1,1,3,0,0,-0.40149383797902227,-0.028968987074652904,-0.0139,Home
672,8002,8,S8,1,SDP,SDP,CHC,1,0,0,1,0,0,0,0,0,0,0,1,0,0,0,2,5,3,1,2,1.0187559955489045,0.11692098665448021,0.1446,Away
672,8005,8,S8,2,SDP,SDP,LAD,0,0,0,0,0,0,1,1,0,0,0,1,1,0,0,0,0,3,0,0,-1.4211369479298566,-0.12706830769339592,-0.1244,Away
675,10248,10,S10,2,SFG,SFG,ATL,0,0,0,0,1,0,0,0,0,0,1,1,0,1,0,0,0,3,0,0,0.5333185448092281,0.0671086156232081,0.0133,Home
675,11244,11,S11,1,SFG,SFG,FLA,0,0,1,0,0,0,1,0,0,1,0,0,0,0,0,1,2,3,1,0,0.30407729610087286,0.046658457662612965,0.09689999999999999,Home
675,11247,11,S11,2,SFG,SFG,STL,0,0,1,0,1,0,1,0,0,0,0,0,0,0,0,1,2,3,1,1,0.342352628480766,0.050485990900602275,0.09350000000000001,Away
679,7008,7,S7,2,TOR,TOR,TBR,0,1,0,0,0,0,1,0,0,1,0,0,0,0,0,1,3,3,1,1,1.7076484788290156,0.18194524460615086,0.17750000000000002,Home
679,7010,7,S7,3,TOR,TOR,MIN,1,0,0,0,0,0,1,1,0,0,0,0,0,0,0,1,4,3,1,1,-0.17741548789259176,-0.006561152066009865,-0.07109999999999998,Away
683,4002,4,S4,1,NYM,NYM,FLA,0,0,0,1,1,0,1,0,0,0,0,0,0,0,0,1,1,3,2,0,0.7318776671408251,0.0862480682216202,0.0238,Away
683,4005,4,S4,2,NYM,NYM,SFG,0,0,0,1,1,0,2,0,0,0,0,0,0,0,0,1,1,4,1,1,0.8472518875150454,0.10213892409488812,0.011800000000000001,Away
683,4009,4,S4,3,NYM,NYM,LAD,0,0,0,1,0,0,1,0,0,0,0,0,0,0,0,1,1,2,0,0,0.12725188751504546,0.021432056423196337,-0.0209,Away
683,5001,5,S5,1,NYM,NYM,COL,0,0,0,1,0,0,0,0,0,0,0,1,0,0,0,1,1,2,1,0,0.3796251713026407,0.045003948834524715,-9.999999999999593e-05,Home
683,7006,7,S7,2,NYM,NYM,CHC,0,0,0,2,0,0,0,0,0,1,0,0,0,0,1,2,2,3,0,1,0.31931140515339995,0.0468383361463391,0.004399999999999987,Home
683,7009,7,S7,3,NYM,NYM,STL,0,0,0,0,0,0,0,0,0,1,1,1,0,0,0,0,0,3,0,0,-0.5176216734596021,-0.040581770622710886,-0.0854,Away
683,7011,7,S7,4,NYM,NYM,MIN,0,0,0,0,0,0,1,1,0,0,0,1,0,0,0,0,0,3,0,0,-0.5176216734596021,-0.040581770622710886,-0.12029999999999999,Home
686,6002,6,S6,1,ATL,ATL,STL,0,0,0,0,1,0,0,0,0,0,0,2,0,0,0,0,0,3,0,0,-1.2830447330447332,-0.11839491073866075,-0.1033,Away
686,10245,10,S10,2,CWS,CWS,BAL,0,0,0,0,0,0,0,0,0,0,4,0,1,0,0,0,0,4,0,0,-1.4878095506977496,-0.13500419392748966,-0.19990000000000002,Home
693,4004,4,S4,1,SEA,SEA,BOS,0,0,2,0,0,0,1,0,0,0,0,0,0,0,0,2,4,3,1,2,2.8176373626373628,0.294824037771274,0.26890000000000003,Home
693,4008,4,S4,2,SEA,SEA,KCR,0,0,1,0,0,0,1,0,0,0,0,0,0,0,0,1,2,2,0,1,0.6919365721997301,0.07790052489166481,0.3103,Away
697,5006,5,S5,2,MTL,MTL,COL,0,0,1,0,0,0,0,1,0,1,0,0,0,0,0,1,2,3,0,0,-0.7238961458946908,-0.06182746703307811,-0.0378,Home
697,5010,5,S5,3,MTL,MTL,SDP,0,0,0,0,0,0,1,0,0,0,2,0,1,0,0,0,0,3,0,0,-1.227206923301686,-0.11215854477377762,-0.1685,Home
699,4004,4,S4,1,SEA,SEA,BOS,2,0,0,0,0,0,0,0,0,1,0,0,0,0,0,2,8,3,2,3,1.68,0.1810603015075377,0.47959999999999997,Home
699,4008,4,S4,2,SEA,SEA,KCR,1,0,0,0,1,0,1,0,0,0,0,0,0,1,0,1,4,3,2,2,1.72,0.1894137353433836,0.32289999999999996,Away
700,5004,5,S5,1,SDP,SDP,ARI,0,0,0,1,1,0,0,1,0,0,0,0,0,0,0,1,1,3,2,0,0.1006539336847867,0.020627540924869625,0.009200000000000002,Away
700,5005,5,S5,2,SDP,SDP,PIT,0,0,0,0,0,0,0,0,0,1,0,0,0,0,0,0,0,1,0,0,-0.2,-0.016479284147869675,-0.0199,Away
700,5010,5,S5,3,SDP,SDP,MTL,0,0,0,1,0,0,0,1,0,0,0,1,1,0,0,1,1,3,1,0,-1.6771238440929912,-0.15715023685290816,-0.037500000000000006,Away
700,5011,5,S5,4,SDP,SDP,OAK,0,1,0,0,0,0,0,0,0,0,0,0,0,0,0,1,3,1,0,1,1.0,0.10352071585213032,0.057800000000000004,Away
701,5009,5,S5,3,OAK,OAK,KCR,0,0,0,0,0,0,0,1,0,0,0,0,0,0,0,0,0,1,0,0,-0.2,-0.016479284147869675,-0.0004,Away
702,6007,6,S6,2,BAL,BAL,CWS,0,0,0,1,0,0,0,0,0,1,0,0,0,0,0,1,1,2,0,0,-0.5401812240047534,-0.04741174735660029,-0.036199999999999996,Home
703,5006,5,S5,2,MTL,MTL,COL,1,0,0,0,0,0,1,1,0,0,0,0,0,0,0,1,4,3,1,2,1.412531328320802,0.15181528038847117,0.2236,Home
703,5010,5,S5,3,MTL,MTL,SDP,0,0,1,1,0,0,0,0,0,0,1,0,0,0,0,2,3,3,1,0,0.8645741508944775,0.09701956264583872,0.12490000000000001,Home
703,8001,8,S8,1,MTL,MTL,ARI,0,0,0,0,0,0,3,0,0,0,0,0,0,0,0,0,0,3,0,0,-1.7833333333333332,-0.16328794623374357,-0.2352,Home
703,8006,8,S8,2,MTL,MTL,FLA,0,0,0,0,0,0,2,1,0,0,0,0,0,0,0,0,0,3,0,0,-0.9906862745098038,-0.08402324035139062,-0.15410000000000001,Away
703,9006,9,S9,2,MTL,MTL,CIN,0,0,0,0,0,0,1,0,0,1,0,0,0,0,0,0,0,2,0,0,-0.7205996381493925,-0.06467330576880664,-0.0236,Home
703,9009,9,S9,3,MTL,MTL,COL,0,1,0,0,0,0,0,0,0,1,0,0,0,0,0,1,3,2,0,0,0.3916340508806262,0.04655006313419523,0.0092,Away
705,5004,5,S5,1,ARI,ARI,SDP,0,1,0,0,0,0,0,0,0,1,1,0,0,0,0,1,3,3,0,0,0.2557823129251704,0.03614037884890803,0.019100000000000002,Home
706,4006,4,S4,2,NYY,NYY,BAL,0,0,0,0,0,0,1,1,0,0,0,0,0,0,0,0,0,2,0,0,-0.4827935222672064,-0.03957248455502885,-0.0379,Home
706,4010,4,S4,3,NYY,NYY,KCR,0,0,0,0,0,0,1,1,0,0,0,0,0,0,0,0,0,2,0,0,-0.56,-0.047293132328308216,-0.0571,Home
707,9008,9,S9,2,MIN,MIN,TEX,0,0,0,0,0,0,0,0,0,1,0,1,0,0,0,0,0,2,0,0,-0.5208844963561945,-0.04470179158948684,-0.0435,Home
707,9010,9,S9,3,MIN,MIN,BAL,0,0,0,1,0,0,1,0,0,0,0,0,0,0,0,1,1,2,0,0,-0.1500326157860405,-0.007616603532471439,0.0033999999999999968,Away
707,10241,10,S10,1,MIN,MIN,BAL,0,0,0,1,0,0,1,0,0,0,0,0,0,0,0,1,1,2,0,0,-0.16530612244897974,-0.00964223167375533,0.0242,Away
713,7003,7,S7,1,TBR,TBR,CWS,0,0,0,0,0,0,0,1,0,2,0,1,1,0,0,0,0,4,0,0,-1.5438403071444222,-0.13947683508344313,-0.14880000000000002,Away
713,7008,7,S7,2,TBR,TBR,TOR,0,0,0,1,0,0,0,1,0,1,0,0,0,1,0,1,1,3,1,0,0.38744588744588715,0.0536517843755878,0.028200000000000003,Away
713,10242,10,S10,1,OAK,OAK,BOS,0,0,0,0,0,0,0,1,0,0,1,0,0,0,0,0,0,2,0,0,-0.26344276841171255,-0.019455896270028614,-0.0421,Home
713,10246,10,S10,2,OAK,OAK,TBR,0,1,0,0,0,0,1,0,0,0,0,1,1,0,0,1,3,3,0,1,-0.5650246305418718,-0.04616989219747321,0.08329999999999999,Away
716,5002,5,S5,1,LAA,TEX,OAK,0,0,0,0,0,0,1,0,0,0,0,0,0,0,0,0,0,1,0,0,-0.2,-0.016479284147869675,-0.0054,Away
716,9004,9,S9,1,TEX,TEX,KCR,0,0,0,0,0,0,1,1,0,0,0,0,0,0,0,0,0,2,0,0,-0.4150943396226415,-0.03412277591613154,-0.0332,Home
716,9008,9,S9,2,TEX,TEX,MIN,0,0,1,0,0,0,0,1,0,0,0,0,0,0,0,1,2,2,0,0,-0.007686932215234088,0.006617964824609204,-0.0028000000000000004,Away
719,4007,4,S4,2,CHC,CHC,LAD,0,0,0,0,0,0,1,0,0,0,1,1,0,0,0,0,0,3,0,0,-0.7894736842105263,-0.06588706691351495,-0.0726,Home
720,6002,6,S6,1,ATL,ATL,STL,0,0,0,1,0,0,0,1,0,0,1,0,0,0,0,1,1,3,0,1,-0.7411616161616158,-0.06420659905034902,-0.0267,Away
723,4006,4,S4,2,BAL,BAL,NYY,0,0,0,0,0,0,0,2,0,0,0,0,0,0,0,0,0,2,0,0,-0.5361538461538462,-0.04490851694369283,-0.052199999999999996,Away
723,6007,6,S6,2,BAL,BAL,CWS,0,0,0,0,0,0,0,0,0,1,0,1,0,0,0,0,0,2,0,0,-0.2761904761904762,-0.02101267257517258,-0.0359,Home
723,9007,9,S9,2,BAL,BAL,CLE,1,0,0,1,0,0,0,0,0,1,0,0,0,1,0,2,5,3,2,2,1.133515865494413,0.1281249026417065,0.07289999999999999,Home
723,9010,9,S9,3,BAL,BAL,MIN,0,0,0,0,1,0,0,0,0,0,0,1,0,0,0,0,0,2,0,0,-0.21744267621755337,-0.014357609575622727,0.029500000000000002,Home
723,9011,9,S9,4,BAL,BAL,COL,0,0,0,0,0,0,0,0,0,1,1,0,1,0,0,0,0,2,0,0,-0.7646398796464615,-0.06907732991851355,-0.0754,Home
723,10241,10,S10,1,BAL,BAL,MIN,0,0,0,1,1,0,0,0,0,0,1,0,0,0,0,1,1,3,1,0,0.22793483246809232,0.033126054103523206,-0.0016000000000000007,Home
723,10245,10,S10,2,BAL,BAL,CWS,0,0,0,0,0,0,0,0,0,2,0,0,0,0,0,0,0,2,0,0,-1.1810627260937823,-0.11121789203823557,-0.1551,Away
723,10250,10,S10,3,BAL,BAL,TBR,0,0,0,1,2,0,0,0,0,0,0,0,0,1,2,1,1,3,0,0,0.029199551674216673,0.0235850968808496,-0.0199,Away
727,4002,4,S4,1,MIA,FLA,NYM,0,0,0,0,0,0,0,0,0,0,0,1,0,0,0,0,0,1,0,0,-0.2680769230769231,-0.022454258471846414,-0.0002,Home
728,6005,6,S6,2,SDP,SDP,PHI,0,0,0,0,0,0,0,0,0,2,0,0,0,0,0,0,0,2,0,0,-0.7689393939393938,-0.07028756435006435,-0.0343,Away
728,7002,7,S7,1,SDP,SDP,SFG,0,0,0,1,0,0,1,0,0,0,0,0,0,0,0,1,1,2,0,0,0.0928338926343582,0.016736987078935367,-0.0278,Home
728,8002,8,S8,1,SDP,SDP,CHC,0,0,0,1,0,0,1,1,0,0,0,1,0,0,0,1,1,4,0,0,-1.7917482061317678,-0.1591143044803904,-0.0853,Away
728,8005,8,S8,2,SDP,SDP,LAD,0,0,0,1,0,0,1,0,0,0,0,1,0,0,0,1,1,3,0,0,-1.5904761904761902,-0.14400223194802927,-0.0237,Away
730,5002,5,S5,1,LAA,TEX,OAK,0,0,0,0,0,0,0,2,1,0,0,0,0,0,0,0,0,2,0,0,0.7234156820622986,0.0793829999104905,-0.0506,Away
730,6004,6,S6,1,CWS,CWS,SEA,0,0,0,0,0,0,1,1,0,0,0,0,0,0,0,0,0,2,0,0,-0.2761904761904762,-0.02101267257517258,-0.0058,Away
730,6010,6,S6,3,CWS,CWS,DET,0,0,0,0,0,0,0,2,0,0,0,0,0,0,0,0,0,2,0,0,-0.5227272727272728,-0.045666352228852236,-0.0693,Away
730,6011,6,S6,4,CWS,CWS,STL,0,0,0,0,0,0,0,0,0,1,0,0,0,0,0,0,0,1,0,0,-0.3488095238095238,-0.031577764859014854,-0.027200000000000002,Away
738,5002,5,S5,1,OAK,OAK,TEX,0,0,0,0,0,0,0,1,0,0,0,0,0,0,0,0,0,1,0,0,-0.17755102040816317,-0.01423438618868599,-0.0003,Home
738,5007,5,S5,2,OAK,OAK,HOU,0,0,0,0,0,0,0,0,0,0,0,1,1,0,0,0,0,1,0,0,-0.2142857142857143,-0.017907855576441103,-0.0509,Away
739,5002,5,S5,1,OAK,OAK,TEX,0,0,0,0,0,0,1,1,0,0,0,0,0,0,0,0,0,2,0,0,-0.4,-0.03295856829573935,-0.024399999999999998,Home
739,5007,5,S5,2,OAK,OAK,HOU,0,0,0,0,0,0,1,2,0,0,0,1,0,0,0,0,0,4,0,0,-3.181346222699606,-0.3040517588614393,-0.1286,Away
739,5009,5,S5,3,OAK,OAK,KCR,0,0,0,2,0,0,0,0,0,0,0,0,0,0,0,2,2,2,2,0,1.0368546505306648,0.11072689675732712,0.012399999999999998,Away
739,5011,5,S5,4,OAK,OAK,SDP,0,0,0,0,0,0,1,0,0,0,0,1,1,0,0,0,0,2,0,0,-1.3103448275862069,-0.12399305105436004,-0.1136,Home
741,4007,4,S4,2,CHC,CHC,LAD,0,0,0,0,0,0,0,0,0,1,0,0,0,0,0,0,0,1,0,0,-0.2680769230769231,-0.022454258471846414,-0.031,Home
743,5004,5,S5,1,ARI,ARI,SDP,0,0,0,2,0,0,0,0,0,0,0,0,0,0,0,2,2,2,0,2,3.767320600351453,0.383773491739406,0.0025,Home
746,5004,5,S5,1,SDP,SDP,ARI,0,0,0,1,0,0,0,0,0,0,0,1,0,0,0,1,1,2,1,1,1.5011934598400765,0.15716077768826828,0.0586,Away
746,5005,5,S5,2,SDP,SDP,PIT,0,0,0,0,0,0,2,0,0,0,1,0,1,0,0,0,0,3,0,0,-2.5531686358754033,-0.24475471603114934,-0.2052,Away
746,5010,5,S5,3,SDP,SDP,MTL,1,0,1,0,0,0,0,1,0,0,1,0,0,0,0,2,6,4,2,2,2.8224489795918366,0.296327761367705,0.1733,Away
746,5011,5,S5,4,SDP,SDP,OAK,0,0,0,0,1,0,0,0,0,0,0,2,0,0,0,0,0,3,0,0,-1.0250896057347676,-0.09194681301708575,-0.014299999999999998,Away
755,4004,4,S4,1,SEA,SEA,BOS,0,0,0,1,0,0,0,1,0,1,0,0,0,0,0,1,1,3,1,0,-1.304158368895211,-0.11735553538198343,-0.12469999999999999,Home
755,5002,5,S5,1,OAK,OAK,TEX,0,0,0,0,0,0,0,1,0,0,1,0,0,0,0,0,0,2,0,0,-1.1654732068265905,-0.1095058889783984,-0.012599999999999998,Home
755,5007,5,S5,2,OAK,OAK,HOU,0,1,0,0,0,0,0,0,0,0,0,0,0,0,0,1,3,1,0,0,0.5857142857142856,0.06209214442355889,0.0049,Away
755,5009,5,S5,3,OAK,OAK,KCR,0,0,0,0,2,0,0,0,0,0,0,0,0,0,0,0,0,2,2,0,0.4423433444568038,0.05127576614994103,0.0285,Away
755,5011,5,S5,4,OAK,OAK,SDP,0,0,1,1,0,0,0,0,0,0,0,0,0,0,0,2,3,2,1,0,0.789009822944458,0.08594241399870645,0.1054,Home
755,6004,6,S6,1,CWS,CWS,SEA,0,0,0,0,0,0,0,1,0,1,0,0,0,0,0,0,0,2,0,0,-0.451082251082251,-0.03850185006435005,-0.0072,Away
755,6010,6,S6,3,CWS,CWS,DET,0,0,0,0,1,0,0,1,0,1,0,0,0,0,0,0,0,3,0,0,-0.260816144639674,-0.016172051898154835,-0.024899999999999995,Away
755,6011,6,S6,4,CWS,CWS,STL,0,0,0,0,0,0,2,0,0,0,0,0,0,0,0,0,0,2,0,0,-0.2761904761904762,-0.02101267257517258,-0.0412,Away
762,4003,4,S4,1,BAL,BAL,ANA,1,0,0,1,0,0,0,0,0,0,0,1,0,0,0,2,5,3,1,1,0.9114102564102566,0.10420132714856337,0.1473,Away
765,4003,4,S4,1,CLE,ANA,BAL,0,1,0,0,2,0,0,0,0,0,0,0,0,0,0,1,3,3,0,1,2.3468441373704536,0.24774471524458302,0.2988,Home
765,7006,7,S7,2,NYM,NYM,CHC,0,0,0,0,0,0,1,0,0,0,1,0,1,0,0,0,0,2,0,0,-0.8225767782151724,-0.07480408000601768,-0.030600000000000002,Home
765,7009,7,S7,3,NYM,NYM,STL,0,0,0,0,1,0,0,0,0,0,1,1,1,0,0,0,0,3,0,0,-0.6048021745696166,-0.049299820733712335,-0.0631,Away
765,7011,7,S7,4,NYM,NYM,MIN,0,1,0,0,0,0,2,0,0,0,0,0,0,0,0,1,3,3,0,0,-0.5593052123317582,-0.044750124509926506,-0.1156,Home
770,5002,5,S5,1,OAK,OAK,TEX,0,0,0,0,0,0,0,1,0,1,0,0,0,0,0,0,0,2,0,0,-0.017828798185940853,0.00525855188566657,-0.0336,Home
770,5009,5,S5,3,OAK,OAK,KCR,0,0,0,0,0,0,1,0,0,0,1,0,0,0,0,0,0,2,0,0,-0.45413533834586467,-0.03837210213032581,-0.0004,Away
770,5011,5,S5,4,OAK,OAK,SDP,0,0,0,1,0,0,0,0,0,0,0,0,0,0,0,1,1,1,0,0,1.5304659498207887,0.1565673108342092,0.0746,Home
770,6003,6,S6,1,OAK,OAK,MIN,0,0,0,1,0,0,0,0,0,1,0,0,0,0,0,1,1,2,0,0,-0.15854341736694683,-0.009247966692819638,0.0036999999999999984,Home
771,4001,4,S4,1,LAD,LAD,CIN,0,0,0,0,0,0,0,0,0,1,0,1,0,0,0,0,0,2,0,0,-0.5213967611336032,-0.04343280844166853,-0.0421,Home
771,4007,4,S4,2,LAD,LAD,CHC,0,0,1,1,0,0,0,0,0,0,0,1,0,0,0,2,3,3,1,1,1.662907268170426,0.17935102832458027,0.09590000000000001,Away
771,4009,4,S4,3,LAD,LAD,NYM,0,0,0,0,0,0,0,2,0,1,0,0,0,0,0,0,0,3,0,0,-1.7350134952766534,-0.16044104802012762,-0.0525,Home
771,4011,4,S4,4,LAD,LAD,KCR,0,1,0,1,2,0,0,0,0,0,0,0,0,0,0,2,4,4,2,1,2.76663957190273,0.29407769253365657,0.188,Away
772,5004,5,S5,1,SDP,SDP,ARI,0,0,0,0,0,0,0,0,0,0,1,0,1,0,0,0,0,1,0,0,-0.2142857142857143,-0.017907855576441103,-0.0040999999999999995,Away
772,5005,5,S5,2,SDP,SDP,PIT,0,0,0,0,0,0,1,0,0,0,1,0,0,0,0,0,0,2,0,0,-2.288662131519274,-0.22182478144766676,-0.0835,Away
772,5010,5,S5,3,SDP,SDP,MTL,0,0,1,0,0,0,0,0,0,0,0,0,0,0,0,1,2,1,0,1,0.5476190476190477,0.058282620614035094,0.0106,Away
772,5011,5,S5,4,SDP,SDP,OAK,0,1,0,0,0,0,1,0,0,0,0,1,0,0,0,1,3,3,1,0,-1.7918307673946774,-0.16862092918307672,0.011799999999999998,Away
774,5004,5,S5,1,SDP,SDP,ARI,0,0,0,0,0,0,0,0,0,0,1,0,0,0,0,0,0,1,0,0,-0.17755102040816317,-0.01423438618868599,0.0,Away
775,4004,4,S4,1,SEA,SEA,BOS,0,1,0,0,0,0,0,0,0,1,1,0,0,0,0,1,3,3,1,0,0.4510025062656643,0.05816055213410412,-0.0305,Home
775,4008,4,S4,2,SEA,SEA,KCR,0,0,0,0,0,0,0,1,0,0,2,0,0,0,0,0,0,3,0,0,-1.1580634278002697,-0.10274604127248929,-0.1422,Away
776,4008,4,S4,2,SEA,SEA,KCR,0,0,1,0,0,0,0,0,0,0,2,0,0,0,0,1,2,3,1,0,0.03858974358974354,0.016919275866512037,0.1036,Away
776,5004,5,S5,1,ARI,ARI,SDP,0,0,0,0,0,0,0,0,0,0,1,0,0,0,0,0,0,1,0,0,-0.17755102040816317,-0.01423438618868599,-0.0068000000000000005,Home
776,10242,10,S10,1,OAK,OAK,BOS,0,0,0,0,0,0,1,0,0,0,1,0,0,0,0,0,0,2,0,0,-0.26344276841171255,-0.019455896270028614,-0.0421,Home
776,10246,10,S10,2,OAK,OAK,TBR,0,0,0,1,0,0,1,0,0,0,1,0,0,0,0,1,1,3,0,0,2.5135759685449126,0.26169016771120523,-0.0192,Away
776,11243,11,S11,1,OAK,OAK,NYY,0,0,0,0,0,0,1,0,0,0,1,0,1,0,0,0,0,2,0,0,-1.147260058345751,-0.10389218713289132,-0.1088,Home
778,5004,5,S5,1,ARI,ARI,SDP,0,0,0,0,0,0,1,0,0,0,0,0,0,0,0,0,0,1,0,0,-0.4193548387096774,-0.03841476801883741,-0.0011,Home
778,8001,8,S8,1,ARI,ARI,MTL,0,0,0,0,0,0,0,0,0,0,0,2,1,0,0,0,0,2,0,0,-1.291293503702851,-0.11909909230389193,-0.12110000000000001,Away
779,4005,4,S4,2,NYM,NYM,SFG,0,0,1,0,0,0,0,0,0,0,2,0,0,0,0,1,2,3,0,2,0.08952380952380945,0.02201268245991863,0.0169,Away
779,5004,5,S5,1,SDP,SDP,ARI,0,0,0,1,0,0,1,0,0,0,1,0,0,0,0,1,1,3,0,1,0.8473118279569893,0.0952933303520899,0.0107,Away
779,5005,5,S5,2,SDP,SDP,PIT,0,0,0,0,1,0,1,0,0,0,0,0,0,0,0,0,0,2,0,0,0.6896551724137931,0.07600694894563996,-0.014299999999999993,Away
779,5011,5,S5,4,SDP,SDP,OAK,0,0,0,1,0,0,0,2,0,0,0,0,0,0,0,1,1,3,0,1,1.1111111111111112,0.12167325866750209,0.052099999999999994,Away
779,6001,6,S6,1,SDP,SDP,LAD,0,0,0,0,0,0,0,0,0,0,1,0,0,0,0,0,0,1,0,0,-0.3488095238095238,-0.031577764859014854,-0.0006,Away
779,7002,7,S7,1,SDP,SDP,SFG,0,0,0,0,0,0,0,0,0,2,0,0,0,0,0,0,0,2,0,0,-0.5843418948189987,-0.05098059166640032,-0.032100000000000004,Home
780,4003,4,S4,1,CLE,ANA,BAL,0,0,0,0,0,0,0,1,0,1,0,0,0,0,0,0,0,2,0,0,-1.1391248391248392,-0.10520561624079214,-0.1362,Home
780,9004,9,S9,1,KCR,KCR,TEX,0,0,0,0,0,0,1,0,0,1,0,0,0,0,0,0,0,2,0,0,-0.4737769080234834,-0.039991032756215725,-0.0632,Away
780,10242,10,S10,1,BOS,BOS,OAK,0,0,0,0,0,0,0,1,0,0,0,1,0,0,0,0,0,2,0,0,-0.5159716060337178,-0.04470878003222914,-0.0537,Away
780,11241,11,S11,1,BOS,BOS,KCR,0,0,0,0,0,0,0,1,0,0,0,0,0,0,0,0,0,1,0,0,-0.5952380952380952,-0.05410690017296763,-0.054299999999999994,Home
781,6009,6,S6,3,STL,STL,SDP,1,0,0,0,1,0,0,0,0,0,0,0,0,0,0,1,4,2,1,2,2.015873015873016,0.2081936766311766,0.2986,Home
782,5001,5,S5,1,NYM,NYM,COL,0,0,0,1,0,0,0,0,0,0,1,1,0,0,0,1,1,3,0,0,-0.5333333333333333,-0.04277118577694236,-0.0276,Home
782,7006,7,S7,2,NYM,NYM,CHC,0,0,0,0,1,0,0,0,0,1,0,0,0,0,0,0,0,2,1,0,0.8654416549645509,0.09399776331195463,0.018000000000000002,Home
782,7009,7,S7,3,NYM,NYM,STL,0,0,0,0,0,0,1,1,0,0,0,0,0,0,0,0,0,2,0,0,-0.7103673285101534,-0.0635831350355158,-0.0695,Away
782,7011,7,S7,4,NYM,NYM,MIN,0,0,0,0,0,0,0,0,0,0,1,1,0,0,0,0,0,2,0,0,-0.5160151690417148,-0.04414791908867194,-0.0752,Home
783,4006,4,S4,2,NYY,NYY,BAL,0,0,0,0,0,0,0,0,0,1,1,1,0,0,0,0,0,3,0,0,-0.8871428571428571,-0.07565398420674803,-0.0927,Home
783,4010,4,S4,3,NYY,NYY,KCR,0,0,0,0,0,0,0,2,0,0,0,0,0,0,0,0,0,2,0,0,-0.5361538461538462,-0.04490851694369283,-0.0627,Home
783,5003,5,S5,1,NYY,NYY,MIN,0,1,0,0,0,0,1,0,0,1,0,0,0,0,0,1,3,3,1,2,2.3567490153956316,0.24623704909595415,0.07279999999999999,Home
783,5008,5,S5,2,NYY,NYY,KCR,0,0,0,0,0,0,0,1,0,0,0,1,0,0,0,0,0,2,0,0,-0.7806451612903227,-0.07102308442477161,-0.0689,Away
783,10244,10,S10,1,ATL,ATL,STL,0,0,0,0,1,0,0,0,0,0,1,1,0,0,0,0,0,3,0,0,-0.309183673469388,-0.020585796490224836,-0.020700000000000003,Away
783,10248,10,S10,2,ATL,ATL,SFG,0,0,1,0,0,0,1,0,0,0,0,1,1,0,0,1,2,3,1,0,0.4991570541259982,0.06024827626931378,-0.0319,Away
783,10249,10,S10,3,ATL,ATL,PHI,0,0,0,1,1,0,1,0,0,0,0,0,0,0,0,1,1,3,0,0,0.3454594131505675,0.04487851217177072,0.055299999999999995,Away
784,5002,5,S5,1,LAA,TEX,OAK,1,0,0,0,1,0,0,1,0,0,0,0,0,0,0,1,4,3,1,3,0.578544061302682,0.06841655368665917,0.0504,Away
784,6004,6,S6,1,CWS,CWS,SEA,0,0,0,0,0,0,1,1,0,0,0,1,0,0,0,0,0,3,0,0,-0.27597402597402576,-0.017687840031590015,-0.07550000000000001,Away
784,6007,6,S6,2,CWS,CWS,BAL,0,0,0,1,0,0,1,0,0,1,0,1,0,0,0,1,1,4,0,0,-1.325980392156863,-0.1193852891279362,-0.0061000000000000065,Away
784,6010,6,S6,3,CWS,CWS,DET,0,0,0,0,0,0,1,0,0,0,1,1,0,0,0,0,0,3,0,0,-0.5687293099057804,-0.046963368424765464,-0.0916,Away
784,6011,6,S6,4,CWS,CWS,STL,0,0,0,0,0,0,0,0,0,0,0,2,0,0,0,0,0,2,0,0,-0.451082251082251,-0.03850185006435005,-0.04959999999999999,Away
784,7003,7,S7,1,CWS,CWS,TBR,0,0,0,1,0,0,1,0,0,0,0,0,0,0,0,1,1,2,0,1,-1.0654416549645511,-0.09909056768095557,0.010200000000000004,Home
813,4004,4,S4,1,BOS,BOS,SEA,0,1,0,0,0,0,0,1,0,0,1,0,0,0,0,1,3,3,1,0,-0.0809794757163178,0.004962353935905911,0.045,Away
813,10242,10,S10,1,BOS,BOS,OAK,0,0,0,0,0,0,1,2,0,0,0,0,0,0,0,0,0,3,0,0,-0.5604823747680893,-0.045715666620094964,-0.1966,Away
813,11241,11,S11,1,BOS,BOS,KCR,0,0,1,1,0,0,1,0,0,0,0,0,0,0,0,2,3,3,1,0,0.9910152740341419,0.11535225545593987,-0.020099999999999996,Home
813,11245,11,S11,2,BOS,BOS,DET,0,0,0,0,0,0,1,0,0,0,0,1,0,0,0,0,0,2,0,0,-1.4588235294117649,-0.1350485342394927,-0.1258,Away
814,5008,5,S5,2,NYY,NYY,KCR,0,0,0,0,1,0,0,0,0,1,0,0,0,0,0,0,0,2,0,0,-0.34379051075965783,-0.027337619371705132,-0.085,Away
814,11243,11,S11,1,NYY,NYY,OAK,0,0,0,0,0,0,0,2,0,1,0,0,0,0,0,0,0,3,0,0,-0.8235523747560182,-0.06610450942307614,-0.058300000000000005,Away
814,11246,11,S11,2,NYY,NYY,TBR,1,0,0,0,0,0,0,1,0,0,0,0,0,0,0,1,4,2,1,1,0.6919421194495673,0.0800280306466405,0.0923,Away
1698,5005,5,S5,2,PIT,PIT,SDP,0,0,0,0,0,0,0,0,0,1,0,1,0,0,0,0,0,2,0,0,-0.553168635875403,-0.048275431883279644,-0.11399999999999999,Home
1699,5007,5,S5,2,OAK,OAK,HOU,1,0,1,0,0,0,0,0,0,0,1,0,0,0,0,2,6,3,2,1,1.5680868838763578,0.16737083594402674,0.0925,Away
1699,5009,5,S5,3,OAK,OAK,KCR,0,0,0,0,0,0,0,0,0,0,0,2,0,0,0,0,0,2,0,0,-1.7777777777777781,-0.17073634607351715,-0.0428,Away
1699,5011,5,S5,4,OAK,OAK,SDP,1,0,0,0,1,0,1,0,0,0,0,0,0,0,1,1,4,3,1,1,0.5458646616541353,0.06866932957393483,0.03679999999999999,Home
1699,6003,6,S6,1,OAK,OAK,MIN,1,0,0,0,0,0,0,0,0,0,0,0,0,0,0,1,4,1,1,2,0.8476190476190477,0.0880650922838423,0.3251,Home
1699,8007,8,S8,2,OAK,OAK,SEA,0,0,0,1,1,0,0,1,0,0,1,0,1,0,0,1,1,4,2,0,-0.8622807017543862,-0.06616755404265227,0.04,Home
1699,8011,8,S8,4,OAK,OAK,LAD,1,0,0,3,0,0,0,0,0,0,0,0,0,1,1,4,7,4,2,2,2.9247055996154767,0.3225613341607272,0.36490000000000006,Home
1700,5006,5,S5,2,MTL,MTL,COL,0,0,0,0,0,0,2,0,0,0,0,0,0,0,0,0,0,2,0,0,-1.199233716475096,-0.11288193994324894,-0.061399999999999996,Home
1700,5010,5,S5,3,MTL,MTL,SDP,0,0,1,0,0,0,0,0,0,0,0,0,0,0,0,1,2,1,0,1,1.0,0.10352071585213032,0.15380000000000002,Home
1700,8001,8,S8,1,MTL,MTL,ARI,0,0,0,1,0,0,0,0,0,0,0,0,0,0,0,1,1,1,1,0,0.13235294117647067,0.018250423150843655,0.029300000000000003,Home
1700,8006,8,S8,2,MTL,MTL,FLA,0,0,0,0,0,0,1,1,0,0,0,0,0,0,0,0,0,2,0,0,-1.0252100840336136,-0.09249075033696819,-0.1264,Away
1700,9006,9,S9,2,MTL,MTL,CIN,0,0,0,0,0,0,0,0,0,0,0,2,0,0,0,0,0,2,0,0,-0.46556893132235605,-0.039170235086103,-0.035800000000000005,Home
1700,9009,9,S9,3,MTL,MTL,COL,0,0,0,0,2,0,0,0,0,0,0,1,0,0,0,0,0,3,1,0,-0.17930341948099998,-0.0068503548789010825,0.019099999999999992,Away
1703,7007,7,S7,2,MIN,MIN,KCR,0,0,0,1,1,0,0,0,0,0,0,0,0,0,0,1,1,2,2,0,0.49930726422400884,0.05738432423790042,0.0485,Home
1703,12244,12,S12,17,MIN,MIN,TBR,0,0,0,0,0,0,0,1,0,0,0,0,0,0,0,0,0,1,0,0,0.0,0.011931735657225852,-0.0264,Away
1705,7002,7,S7,1,SFG,SFG,SDP,0,0,2,1,1,1,0,0,0,0,0,0,0,1,0,3,5,4,2,2,0.9671531217922972,0.11534930671797856,0.0492,Away
1709,9004,9,S9,1,TEX,TEX,KCR,0,0,0,0,2,0,0,0,0,0,0,0,0,0,0,0,0,2,0,0,-0.016553391382392868,0.005731318907893323,0.0454,Home
1709,9008,9,S9,2,TEX,TEX,MIN,1,0,0,1,1,0,0,0,0,0,0,0,0,0,1,2,5,3,2,2,1.5465784878036106,0.16943116487262627,0.1278,Away
1710,6008,6,S6,2,DET,DET,MIN,0,0,0,2,0,0,0,0,0,0,1,0,0,0,0,2,2,3,0,0,0.06179937193869073,0.01608949975968164,-0.006199999999999997,Home
1710,6010,6,S6,3,DET,DET,CWS,0,0,0,1,0,0,0,0,0,0,1,1,0,0,0,1,1,3,0,0,-0.2032828282828284,-0.01041872026247027,-0.0856,Home
1715,6004,6,S6,1,CWS,CWS,SEA,0,1,0,0,1,0,0,0,0,1,0,0,0,0,0,1,3,3,1,0,0.9938375350140054,0.10929331606721313,0.08020000000000001,Away
1715,6007,6,S6,2,CWS,CWS,BAL,0,0,1,0,1,0,2,0,0,0,0,0,0,1,0,1,2,4,1,1,0.6439393939393941,0.08090987700362703,0.09770000000000001,Away
1715,6011,6,S6,4,CWS,CWS,STL,0,0,0,0,0,0,1,0,0,1,0,1,0,0,0,0,0,3,0,0,-0.6680033416875522,-0.056890771602942654,-0.0738,Away
1715,7003,7,S7,1,CWS,CWS,TBR,0,0,0,0,0,0,0,2,0,0,0,1,0,0,0,0,0,3,0,0,-0.8877828164027451,-0.07759788491702518,-0.08889999999999999,Home
1717,7006,7,S7,2,CHC,CHC,NYM,0,0,1,1,0,0,1,0,0,0,0,0,0,0,0,2,3,3,1,1,0.46967094734376824,0.05814749145762615,0.1121,Away
1717,8002,8,S8,1,CHC,CHC,SDP,0,0,0,1,0,0,0,0,0,0,0,1,0,0,0,1,1,2,1,0,-0.10973389355742302,-0.0009431312893491313,0.015000000000000006,Home
1717,9001,9,S9,1,CHC,CHC,PHI,0,1,0,0,0,0,0,1,0,0,1,0,1,0,0,1,3,3,1,0,-0.013871247646124851,0.009692862304586429,-0.0849,Home
1717,9005,9,S9,2,CHC,CHC,COL,0,0,0,1,0,0,1,0,0,0,0,0,0,0,0,1,1,2,0,0,-0.1500326157860405,-0.007616603532471439,0.030199999999999998,Away
1717,12241,12,S12,17,CHC,CHC,SFG,0,0,0,0,0,0,0,0,0,0,0,1,0,0,0,0,0,1,0,0,-0.09477124183006541,0.002454611474219312,-0.0197,Home
1719,6008,6,S6,2,MIN,MIN,DET,0,0,0,0,0,0,0,0,0,0,0,1,1,0,0,0,0,1,0,0,0.0,0.0033031875219375214,-0.3014,Away
1721,6005,6,S6,2,SDP,SDP,PHI,1,0,0,0,1,0,0,0,0,0,0,0,0,0,0,1,4,2,1,4,3.0070346320346317,0.3073098382473382,0.1942,Away
1721,6009,6,S6,3,SDP,SDP,STL,1,0,0,0,1,0,0,0,0,0,1,0,0,0,0,1,4,3,1,2,1.8823529411764706,0.19814485668345963,0.1926,Away
1722,5004,5,S5,1,ARI,ARI,SDP,0,0,0,0,0,0,0,1,0,0,1,0,0,0,0,0,0,2,0,0,-2.421455938697318,-0.23510416216547111,-0.0028,Home
1723,6002,6,S6,1,ATL,ATL,STL,0,1,1,0,0,0,0,0,0,0,0,1,0,0,0,2,5,3,1,0,2.33997113997114,0.24390667656292653,0.19190000000000002,Away
1724,5006,5,S5,2,MTL,MTL,COL,0,0,0,0,1,0,1,0,0,0,1,0,0,0,0,0,0,3,0,0,0.003094140882159424,0.010871561644606917,-0.014499999999999999,Home
1724,5010,5,S5,3,MTL,MTL,SDP,0,0,0,0,0,0,2,0,0,0,0,1,1,0,0,0,0,3,0,0,-3.0442176870748296,-0.293859621151092,-0.28369999999999995,Home
1724,7009,7,S7,3,STL,STL,NYM,0,0,0,0,0,0,1,1,0,0,1,0,0,0,0,0,0,3,0,0,-1.6666666666666667,-0.15548626994341735,-0.26389999999999997,Home
1724,8001,8,S8,1,MTL,MTL,ARI,0,0,0,0,1,0,0,1,0,0,1,0,0,0,0,0,0,3,0,0,-0.0772994129158513,0.007315445808004639,0.0025000000000000022,Home
1724,8006,8,S8,2,MTL,MTL,FLA,0,1,0,1,0,0,0,0,0,0,0,0,0,0,0,2,4,2,1,0,0.5980392156862746,0.06983417963502063,0.13520000000000001,Away
1724,10246,10,S10,2,TBR,TBR,OAK,0,0,1,1,0,0,0,0,0,0,1,0,0,1,0,2,3,3,2,0,1.9090062111801243,0.20467738226029772,0.1088,Home
1724,10250,10,S10,3,TBR,TBR,BAL,0,0,0,0,1,0,0,0,0,1,1,0,0,0,1,0,0,3,0,0,-0.4793518593208034,-0.034158424789795055,-0.1267,Home
1724,10251,10,S10,4,TBR,TBR,PHI,0,1,0,0,0,0,1,0,0,0,0,1,0,0,0,1,3,3,1,1,0.10053047638860002,0.020385618495573965,0.0744,Away
1724,11246,11,S11,2,TBR,TBR,NYY,0,0,0,0,0,0,1,0,0,0,0,1,0,0,0,0,0,2,0,0,-0.6528854667573293,-0.05445472797404914,-0.020900000000000002,Home
1725,9003,9,S9,1,CLE,CLE,BOS,0,0,0,0,1,0,1,0,0,1,0,0,0,0,0,0,0,3,0,1,0.08766936860037378,0.019846923929236295,-0.0008000000000000004,Away
1725,9007,9,S9,2,CLE,CLE,BAL,0,0,0,0,0,0,0,1,0,0,1,0,0,0,0,0,0,2,0,0,-0.1682716094967323,-0.00944050290354062,-0.0232,Away
1729,5002,5,S5,1,OAK,OAK,TEX,0,0,1,1,0,0,0,0,0,0,0,0,0,0,0,2,3,2,2,1,1.156209489240342,0.12266238062829488,0.0686,Home
1729,5007,5,S5,2,OAK,OAK,HOU,0,0,1,0,0,0,1,1,0,0,0,0,0,0,0,1,2,3,0,0,-0.5056138329695206,-0.039999235740561086,0.0141,Away
1729,5009,5,S5,3,OAK,OAK,KCR,0,0,0,0,0,0,0,1,0,1,0,2,0,0,0,0,0,4,0,0,-0.29047320682659017,-0.01496445727413771,-0.044800000000000006,Away
1729,5011,5,S5,4,OAK,OAK,SDP,0,0,0,1,0,0,0,0,0,1,0,1,0,0,0,1,1,3,0,0,-0.3070558168821067,-0.020143434131819682,0.0020000000000000018,Home
1729,6003,6,S6,1,OAK,OAK,MIN,0,0,0,1,1,0,0,0,0,0,1,0,0,0,0,1,1,3,1,0,0.17644773527126473,0.027554336092939037,0.1026,Home
1729,8007,8,S8,2,OAK,OAK,SEA,0,0,0,1,0,0,0,1,0,0,0,1,0,1,0,1,1,3,1,0,1.3754385964912272,0.15760437578190908,0.12279999999999999,Home
1729,8011,8,S8,4,OAK,OAK,LAD,0,0,0,0,0,0,1,1,0,0,0,1,0,0,0,0,0,3,1,0,-1.1826003364575826,-0.10321464654616849,-0.21689999999999998,Home
1729,9001,9,S9,1,PHI,PHI,CHC,0,0,0,0,0,0,3,0,0,0,1,1,1,0,0,0,0,5,0,0,-1.4242190601558744,-0.12395526090025594,-0.34550000000000003,Away
1732,6001,6,S6,1,LAD,LAD,SDP,0,0,0,0,0,0,1,1,0,0,0,1,0,0,0,0,0,3,0,0,-1.2531746031746032,-0.11540789775164774,-0.0135,Home
1732,7004,7,S7,1,TEX,TEX,KCR,0,0,0,1,0,0,1,0,0,0,1,1,0,1,0,1,1,4,0,1,0.06243363381370512,0.024877357920119393,0.1096,Home
1732,9007,9,S9,2,BAL,BAL,CLE,0,0,0,0,0,0,0,2,0,1,0,0,0,0,0,0,0,3,0,0,-0.8811843154308907,-0.07703844447389016,-0.045899999999999996,Home
1732,9010,9,S9,3,BAL,BAL,MIN,0,0,0,1,0,0,1,0,0,0,1,0,0,0,1,1,1,3,0,0,-0.5872539969722705,-0.04395208360496183,-0.0622,Home
1732,9011,9,S9,4,BAL,BAL,COL,0,0,0,1,0,0,1,0,0,1,0,0,0,1,0,1,1,3,0,0,-0.6789541844134914,-0.05312210234908392,0.004499999999999997,Home
1732,10245,10,S10,2,BAL,BAL,CWS,0,0,0,1,0,0,1,0,0,0,1,1,0,0,0,1,1,4,1,0,-0.4530612244897963,-0.03152936130669434,-0.016099999999999996,Away
1732,10250,10,S10,3,BAL,BAL,TBR,0,0,0,1,0,0,0,2,0,0,0,0,0,0,1,1,1,3,0,0,-0.2947204968944101,-0.015695288547155725,-0.0998,Away
1733,7003,7,S7,1,TBR,TBR,CWS,0,0,0,0,1,0,0,0,0,0,0,0,0,0,0,0,0,1,1,0,-0.11764705882352944,-0.00803790697460317,0.0068000000000000005,Away
1733,7008,7,S7,2,TBR,TBR,TOR,0,0,2,0,0,0,0,1,0,0,0,0,0,0,0,2,4,3,0,1,0.9434395694588159,0.1055243536691309,0.0646,Away
1733,10244,10,S10,1,ATL,ATL,STL,0,1,0,1,0,0,0,0,0,0,0,0,0,0,0,2,4,2,2,0,0.4536226784566901,0.05225064841681165,0.0973,Away
1733,10248,10,S10,2,ATL,ATL,SFG,0,0,0,1,0,0,0,1,0,1,0,0,0,0,0,1,1,3,0,1,-0.7566545674531154,-0.06533288588859756,0.006599999999999995,Away
1733,10249,10,S10,3,ATL,ATL,PHI,0,0,0,0,0,0,0,1,0,0,2,0,2,0,0,0,0,3,0,0,-1.3668879845791388,-0.1263562276011999,-0.1461,Away
1733,11243,11,S11,1,OAK,OAK,NYY,0,0,0,0,1,0,0,0,0,0,1,0,0,0,0,0,0,2,0,0,-0.2515664160401003,-0.014322822902326247,-0.0281,Home
1734,5007,5,S5,2,HOU,HOU,OAK,0,0,1,0,1,0,0,1,0,0,0,0,0,0,0,1,2,3,0,0,1.0253163631043818,0.11309378386682915,0.0665,Home
1734,8003,8,S8,1,HOU,HOU,KCR,0,0,0,1,0,0,1,1,0,0,0,0,0,0,0,1,1,3,0,0,-0.6483078162771957,-0.049785394528129814,-0.024300000000000002,Home
1737,5005,5,S5,2,PIT,PIT,SDP,0,0,0,0,0,0,0,1,0,0,1,0,0,0,0,0,0,2,0,0,-0.3775510204081632,-0.030713670336555664,-0.0496,Home
1745,7008,7,S7,2,TOR,TOR,TBR,0,0,0,0,1,0,1,1,0,0,0,0,0,0,0,0,0,3,1,0,-0.3362877997914495,-0.02244838325589563,-0.006900000000000003,Home
1745,7010,7,S7,3,TOR,TOR,MIN,0,0,0,0,1,0,0,1,0,0,1,0,0,0,0,0,0,3,0,0,0.6718636188370729,0.07836675860695662,-0.0409,Away
1745,8004,8,S8,1,TOR,TOR,SEA,0,0,0,0,0,0,0,2,0,0,0,0,0,0,0,0,0,2,0,0,-0.7408963585434174,-0.06405937778794857,-0.061500000000000006,Home
1756,8006,8,S8,2,MTL,MTL,FLA,0,0,0,0,1,1,0,0,0,0,0,0,0,0,0,0,0,1,0,0,-0.12857142857142856,-0.007842013823946267,0.0129,Away
1763,7003,7,S7,1,TBR,TBR,CWS,0,0,0,0,1,0,0,2,0,0,0,0,0,1,0,0,0,3,1,0,0.7995032908383507,0.09485752471483416,0.026300000000000004,Away
1763,10246,10,S10,2,TBR,TBR,OAK,0,0,0,1,1,0,1,0,0,0,0,0,0,1,0,1,1,3,2,2,1.742014196983141,0.1879781808405994,0.17950000000000002,Home
1763,10250,10,S10,3,TBR,TBR,BAL,0,0,0,0,1,0,0,0,0,0,1,0,0,0,0,0,0,2,0,0,-0.49889489392594966,-0.04300110882145232,-0.017,Home
1763,10251,10,S10,4,TBR,TBR,PHI,0,0,1,0,2,0,0,0,0,0,0,0,0,1,1,1,2,3,0,0,0.9212137486573577,0.10934232629359239,0.011000000000000005,Away
1763,11249,11,S11,3,TBR,TBR,DET,1,0,0,0,0,0,0,1,0,0,1,0,0,0,0,1,4,3,1,2,1.0415316104183687,0.12040388909436253,-0.0267,Home
1763,12244,12,S12,17,TBR,TBR,MIN,0,0,0,0,0,0,1,0,0,0,0,0,0,0,0,0,0,1,0,0,0.09999999999999998,0.02193173565722585,-0.0356,Home
1764,7008,7,S7,2,TBR,TBR,TOR,0,0,0,0,2,0,0,0,0,0,2,0,0,0,0,0,0,4,0,1,-1.0095216625482084,-0.08604497062382174,0.0466,Away
1764,10246,10,S10,2,TBR,TBR,OAK,0,0,0,1,0,0,1,0,0,0,0,1,0,1,0,1,1,3,1,0,0.39489795918367354,0.053266557060652635,0.007800000000000001,Home
1764,10250,10,S10,3,TBR,TBR,BAL,0,0,0,0,1,1,0,0,0,0,1,1,0,0,0,0,0,3,1,0,-0.2025510204081632,-0.009922531184102353,-0.0615,Home
1764,10251,10,S10,4,TBR,TBR,PHI,0,0,1,0,0,0,0,2,0,0,0,0,0,0,0,1,2,3,0,2,0.8668679981527317,0.09701937067198713,0.2891,Away
1764,11246,11,S11,2,TBR,TBR,NYY,0,0,0,0,0,0,0,0,0,1,1,1,0,0,0,0,0,3,0,0,-1.2593952349970567,-0.10968879544718001,-0.0627,Home
1764,11249,11,S11,3,TBR,TBR,DET,0,0,1,0,1,0,0,1,0,0,0,0,0,0,0,1,2,3,1,2,0.5327634502076692,0.0695270730732926,0.0136,Home
1764,12244,12,S12,17,TBR,TBR,MIN,1,0,0,0,0,0,0,0,0,0,0,0,0,0,0,1,4,1,1,2,1.7941176470588234,0.19134350036310818,0.2371,Home
1768,6004,6,S6,1,CWS,CWS,SEA,1,0,0,0,0,0,0,1,0,0,0,0,0,0,0,1,4,2,1,4,2.324891774891775,0.23909555253305248,0.25049999999999994,Away
1768,6010,6,S6,3,CWS,CWS,DET,0,0,0,0,1,0,0,0,0,0,0,0,0,0,0,0,0,1,0,0,0.0153743315508022,0.004840620677017742,0.013600000000000001,Away
1771,5003,5,S5,1,MIN,MIN,NYY,0,0,0,0,0,0,0,0,0,1,0,2,0,0,0,0,0,3,0,0,-0.8297529538131045,-0.07241314782491946,-0.0255,Away
1771,6003,6,S6,1,MIN,MIN,OAK,0,0,0,4,0,0,0,0,0,0,0,0,0,0,0,4,4,4,1,2,1.8969102792632204,0.20290377801407214,0.3586,Away
1771,6008,6,S6,2,MIN,MIN,DET,0,0,0,1,0,0,0,1,0,1,0,0,0,1,0,1,1,3,1,0,-0.3053308404701595,-0.01732033395926587,0.11910000000000001,Away
1771,7007,7,S7,2,MIN,MIN,KCR,0,0,1,0,0,0,0,1,0,1,0,0,0,0,0,1,2,3,0,0,-0.6610368140633599,-0.054923284683086666,-0.06609999999999999,Home
1771,7010,7,S7,3,MIN,MIN,TOR,0,0,0,0,0,0,1,2,0,0,0,0,0,0,0,0,0,3,0,0,-0.7427611713811002,-0.0630957204148607,-0.485,Home
1771,7011,7,S7,4,MIN,MIN,NYM,0,0,0,1,1,0,0,1,0,0,0,0,0,0,1,1,1,3,0,0,-0.7236339752875498,-0.05745620189775589,0.009500000000000005,Away
1772,5009,5,S5,3,KCR,KCR,OAK,0,0,0,0,0,0,0,0,0,1,2,0,0,0,0,0,0,3,0,0,-0.8865019692087364,-0.07808804936448266,-0.038599999999999995,Home
1772,7004,7,S7,1,KCR,KCR,TEX,0,0,0,1,0,0,0,0,0,0,1,2,0,0,0,1,1,4,1,1,-0.28978227606792584,-0.014071031975793472,-0.002799999999999997,Away
1772,7007,7,S7,2,KCR,KCR,MIN,0,0,0,0,1,0,0,0,0,0,0,2,0,0,0,0,0,3,1,0,-0.1064235573706652,0.0005380409861828056,-0.021799999999999993,Away
1772,8003,8,S8,1,KCR,KCR,HOU,1,0,0,0,0,0,0,0,0,0,1,1,1,0,0,1,4,3,1,2,-0.20616246498599455,-0.005570859399009684,0.24310000000000007,Away
1773,7002,7,S7,1,SFG,SFG,SDP,0,0,0,1,1,0,0,0,0,0,1,0,0,1,0,1,1,3,0,0,1.012270738289985,0.11613426945999758,0.0212,Away
1773,7005,7,S7,2,SFG,SFG,STL,0,0,0,0,0,0,0,1,0,0,1,1,0,0,0,0,0,3,0,0,-0.8877828164027451,-0.07759788491702518,-0.1385,Away
1774,5006,5,S5,2,MTL,MTL,COL,1,0,0,0,0,0,0,0,0,0,0,0,0,0,0,1,4,1,1,2,1.3775510204081631,0.14127581789294663,0.1531,Home
1776,5009,5,S5,3,KCR,KCR,OAK,0,0,0,0,0,0,0,0,0,1,2,0,0,0,0,0,0,3,0,0,-1.0572294792280241,-0.09516080036641143,-0.0034000000000000002,Home
1776,11241,11,S11,1,KCR,KCR,BOS,0,0,1,0,0,0,2,0,0,0,0,0,0,0,0,1,2,3,0,0,0.39328205571399755,0.05557893362392543,0.030399999999999993,Away
1778,5008,5,S5,2,NYY,NYY,KCR,0,0,0,0,0,0,1,1,0,0,0,0,0,0,0,0,0,2,0,0,-0.5969058591178406,-0.052649154207523405,-0.0601,Away
1779,6001,6,S6,1,SDP,SDP,LAD,0,0,0,0,2,0,1,0,0,0,0,0,0,0,0,0,0,3,0,0,0.45060947824105735,0.0549705103899183,0.013200000000000003,Away
1779,6005,6,S6,2,SDP,SDP,PHI,0,0,0,0,0,0,0,1,0,0,0,0,0,0,0,0,0,1,0,0,-0.17391774891774903,-0.014088587369837379,-0.0004,Away
1779,6009,6,S6,3,SDP,SDP,STL,0,0,0,1,1,0,1,1,0,0,0,0,0,0,0,1,1,4,1,0,0.17297506415153482,0.030510256502903583,-0.09660000000000002,Away
1779,8002,8,S8,1,SDP,SDP,CHC,1,1,0,0,0,0,1,0,0,0,0,0,0,0,0,2,7,3,2,1,2.1414565826330527,0.22919104536289503,0.2152,Away
1779,8005,8,S8,2,SDP,SDP,LAD,0,1,1,0,0,0,0,0,0,0,0,0,0,0,0,2,5,2,1,2,2.7285714285714286,0.28288740092353604,0.0698,Away
1781,5003,5,S5,1,NYY,NYY,MIN,0,0,0,0,0,0,1,1,0,1,0,0,0,0,0,0,0,3,0,0,-2.168421052631579,-0.20627995770676694,-0.020599999999999997,Home
1781,11243,11,S11,1,NYY,NYY,OAK,0,0,0,0,0,0,0,1,0,1,1,0,0,0,0,0,0,3,0,0,-0.9198340679284418,-0.0757326787403185,-0.060700000000000004,Away
1781,11246,11,S11,2,NYY,NYY,TBR,0,0,0,1,0,0,1,0,0,1,0,0,0,0,0,1,1,3,0,1,-0.711708996169094,-0.054920171564383724,0.015499999999999993,Away
1788,5003,5,S5,1,NYY,NYY,MIN,0,0,1,1,1,0,1,0,0,0,0,0,0,0,0,2,3,4,2,1,1.8567490153956319,0.19975776494808448,0.049800000000000004,Home
1788,5008,5,S5,2,NYY,NYY,KCR,1,0,0,0,0,0,0,1,0,0,0,1,0,0,0,1,4,3,1,1,1.2777777777777775,0.13833992533416872,-0.012200000000000003,Away
1788,11243,11,S11,1,NYY,NYY,OAK,0,0,0,0,0,0,0,2,0,1,0,0,0,0,0,0,0,3,0,0,-1.4476190476190478,-0.1285111767093791,-0.0753,Away
1788,11246,11,S11,2,NYY,NYY,TBR,0,0,0,0,0,0,0,0,0,0,1,0,0,0,0,0,0,1,0,0,0.0,0.005416909350841893,-0.1801,Away
1792,7005,7,S7,2,SFG,SFG,STL,1,0,0,0,0,0,1,1,0,0,0,0,0,0,0,1,4,3,1,2,1.1557465841380208,0.1267550551370514,0.613,Away
1792,10248,10,S10,2,SFG,SFG,ATL,0,0,0,0,0,0,1,0,0,0,2,0,0,0,0,0,0,3,0,0,-0.6598491570541261,-0.055652344848698646,-0.09739999999999999,Home
1797,6008,6,S6,2,DET,DET,MIN,1,0,0,0,0,0,0,0,0,0,1,1,1,0,0,1,4,3,1,1,0.37044534412955465,0.04695409697876803,0.33310000000000006,Home
1797,6010,6,S6,3,DET,DET,CWS,1,0,0,0,0,0,0,1,0,0,0,0,0,0,0,1,4,2,1,1,0.75,0.08160637504387505,0.2308,Home
1797,8008,8,S8,2,DET,DET,KCR,0,0,0,1,0,0,0,0,0,0,1,0,0,0,0,1,1,2,0,0,-0.15632554391619663,-0.005602296325226485,0.010899999999999998,Home
1797,11245,11,S11,2,DET,DET,BOS,0,0,0,1,0,0,0,0,0,0,0,1,0,1,0,1,1,2,0,0,-0.05764737151923405,0.010485990900602274,0.006499999999999999,Home
1798,5001,5,S5,1,COL,COL,NYM,0,1,0,0,1,0,0,0,0,0,1,0,0,1,0,1,3,3,1,1,3.0113378684807257,0.31521665025659384,0.09440000000000001,Away
1798,5006,5,S5,2,COL,COL,MTL,1,0,0,0,0,0,0,2,0,0,0,0,0,0,0,1,4,3,1,1,0.6224489795918369,0.07280704551557467,0.06869999999999998,Away
1799,5004,5,S5,1,SDP,SDP,ARI,0,0,0,0,0,0,1,0,0,0,0,0,0,0,0,0,0,1,0,0,-0.17755102040816317,-0.01423438618868599,-0.0004,Away
1799,5010,5,S5,3,SDP,SDP,MTL,0,0,0,0,0,0,2,0,0,0,1,0,0,0,0,0,0,3,0,1,0.2801646974579305,0.03857861730218403,-0.03320000000000001,Away
1799,5011,5,S5,4,SDP,SDP,OAK,0,0,0,0,0,0,0,1,0,0,0,0,0,0,0,0,0,1,0,0,-0.17755102040816317,-0.01423438618868599,-0.008,Away
1799,6007,6,S6,2,BAL,BAL,CWS,0,1,0,0,0,0,0,0,0,1,0,0,0,0,0,1,3,2,1,0,-0.05108225108225095,0.0014981499356499506,0.025699999999999997,Home
1799,8001,8,S8,1,MTL,MTL,ARI,0,0,0,0,0,0,1,1,0,0,0,0,0,0,0,0,0,2,0,0,-0.8449464717393806,-0.07446438910754488,-0.07350000000000001,Home
1800,5001,5,S5,1,COL,COL,NYM,0,0,0,0,1,0,0,1,0,0,0,0,0,0,0,0,0,2,0,0,-0.3390843179377015,-0.026867000089509496,-0.017199999999999997,Away
1800,5006,5,S5,2,COL,COL,MTL,0,0,0,0,0,0,0,0,0,1,1,0,0,0,0,0,0,2,0,0,-0.553168635875403,-0.048275431883279644,-0.0533,Away
1801,7001,7,S7,1,CHC,CHC,PHI,1,0,1,0,0,0,0,0,0,1,0,0,0,0,0,2,6,3,2,2,1.6775628670857632,0.17893668343182562,0.1731,Home
1801,7006,7,S7,2,CHC,CHC,NYM,0,0,0,1,0,0,1,0,0,0,0,0,0,0,0,1,1,2,0,0,-0.15887231189885778,-0.00843363337438623,0.004299999999999998,Away
1801,8002,8,S8,1,CHC,CHC,SDP,0,0,0,0,0,0,0,0,0,0,1,1,0,0,0,0,0,2,0,0,-0.6844422700587084,-0.058413968939477666,-0.061200000000000004,Home
1801,9001,9,S9,1,CHC,CHC,PHI,0,1,0,0,1,0,0,0,0,1,1,0,1,0,0,1,3,4,2,1,1.6766694959094892,0.18244026568321414,0.1699,Home
1801,9005,9,S9,2,CHC,CHC,COL,0,0,1,1,0,0,0,0,0,0,1,0,0,0,0,2,3,3,0,0,0.2685587387421285,0.03793586094341177,0.0253,Away
1810,5001,5,S5,1,COL,COL,NYM,0,1,0,0,1,0,1,0,0,0,0,0,0,0,0,1,3,3,1,0,2.3458646616541357,0.24514861372180455,0.2195,Away
1810,5006,5,S5,2,COL,COL,MTL,0,0,0,0,0,0,2,1,0,0,0,0,0,0,0,0,0,3,0,0,-0.7307196562835662,-0.06250981807196564,-0.0921,Away
1810,6006,6,S6,2,COL,COL,STL,0,0,0,0,1,0,1,0,0,1,0,1,0,0,0,0,0,4,0,0,-0.2761904761904762,-0.014406297531297534,-0.093,Home
1811,6003,6,S6,1,OAK,OAK,MIN,0,0,0,1,0,0,0,0,0,0,0,0,0,0,0,1,1,1,1,0,0.0153743315508022,0.004840620677017742,0.0453,Home
1811,8003,8,S8,1,KCR,KCR,HOU,0,0,0,0,0,0,2,1,0,0,0,0,0,0,0,0,0,3,0,0,-0.6250815394651011,-0.04746276684692034,-0.0426,Away
1811,8008,8,S8,2,KCR,KCR,DET,1,0,1,0,0,0,0,0,0,0,1,1,0,0,0,2,6,4,2,3,1.7483520444947982,0.1948957205822662,0.4044,Away
1811,8010,8,S8,3,KCR,KCR,OAK,0,0,0,0,1,0,0,1,0,0,0,1,0,0,0,0,0,3,1,0,-0.54412915851272,-0.03936752875168224,-0.06,Away
1811,9004,9,S9,1,KCR,KCR,TEX,0,0,0,1,0,0,0,1,0,0,0,1,0,0,0,1,1,3,0,0,0.5924426762175534,0.07032425469095425,-0.0849,Away
1813,5004,5,S5,1,SDP,SDP,ARI,0,0,0,1,0,0,0,0,0,0,0,0,0,0,0,1,1,1,0,0,0.3806451612903226,0.04158523198116258,0.0002,Away
1813,5005,5,S5,2,SDP,SDP,PIT,0,0,0,1,0,0,0,0,0,1,0,0,0,0,0,1,1,2,0,0,-0.33333333333333326,-0.02629190162907269,-0.0643,Away
1813,5010,5,S5,3,SDP,SDP,MTL,0,0,0,1,0,0,1,0,0,0,0,0,0,0,0,1,1,2,0,0,0.4448979591836737,0.051531227622628024,-0.006999999999999999,Away
1813,5011,5,S5,4,SDP,SDP,OAK,0,0,0,0,0,0,0,1,0,0,0,0,0,0,0,0,0,1,0,0,-0.17755102040816317,-0.01423438618868599,-0.0202,Away
1813,6002,6,S6,1,ATL,ATL,STL,1,0,1,0,0,0,0,0,0,1,0,0,0,0,0,2,6,3,1,1,1.3763597513597516,0.14754553770178772,0.081,Away
1814,5001,5,S5,1,COL,COL,NYM,1,0,0,1,0,0,0,1,0,0,0,0,0,1,0,2,5,3,1,1,1.1317803437164338,0.1272608977801647,0.39089999999999997,Away
1814,5006,5,S5,2,COL,COL,MTL,0,0,0,0,1,0,1,0,0,0,0,0,0,0,0,0,0,2,0,0,0.20309414088215944,0.02735084579247659,0.008799999999999995,Away
1814,6006,6,S6,2,COL,COL,STL,0,0,1,0,1,0,0,0,0,0,0,1,0,0,0,1,2,3,0,1,1.1587940439333628,0.12578896695914885,0.33730000000000004,Home
1814,9009,9,S9,3,COL,COL,MTL,0,0,0,1,0,0,1,0,0,0,0,0,0,0,0,1,1,2,0,0,-0.1008086253369272,-0.002694204487560109,0.002700000000000001,Home
1814,9011,9,S9,4,COL,COL,BAL,0,0,0,0,0,0,0,2,0,0,0,0,0,0,0,0,0,2,0,0,-0.1682716094967323,-0.00944050290354062,-0.0664,Away
1814,11242,11,S11,1,COL,COL,MIL,0,1,1,1,0,0,0,0,0,0,0,0,0,0,0,3,6,3,0,1,0.9305764411027568,0.10930837216280136,0.1731,Away
1817,6002,6,S6,1,ATL,ATL,STL,0,0,0,1,0,0,1,0,0,0,0,1,1,0,0,1,1,3,0,0,-0.76727330976557,-0.06681776841074444,-0.015799999999999998,Away
1824,6008,6,S6,2,DET,DET,MIN,0,0,0,0,0,0,0,1,0,1,0,0,0,0,0,0,0,2,0,0,-0.6976190476190476,-0.06315552971802971,-0.048100000000000004,Home
1824,6010,6,S6,3,DET,DET,CWS,0,0,0,0,0,0,0,3,0,0,0,0,0,0,0,0,0,3,0,0,-0.6549043062200957,-0.055580868056197004,-0.1512,Home
1824,8008,8,S8,2,DET,DET,KCR,0,0,0,0,0,0,0,1,0,0,1,0,0,0,0,0,0,2,0,0,-0.7408963585434174,-0.06405937778794857,-0.07100000000000001,Home
1824,11249,11,S11,3,DET,DET,TBR,0,1,0,0,1,0,0,0,0,1,0,0,0,0,0,1,3,3,2,0,0.8222763237979307,0.09847836043231874,0.0167,Away
1824,11251,11,S11,4,DET,DET,PHI,1,0,1,0,0,0,0,1,0,0,0,0,0,0,0,2,6,3,1,3,2.468961450278841,0.26314687308040985,0.1655,Away
1830,7003,7,S7,1,TBR,TBR,CWS,2,0,1,1,0,0,0,0,0,0,0,0,0,0,1,4,11,4,3,4,2.939563600466568,0.3125903545854057,0.07830000000000001,Away
1830,7008,7,S7,2,TBR,TBR,TOR,0,0,1,0,1,0,0,1,0,0,0,0,0,0,0,1,2,3,1,0,0.3059190240730151,0.041772299130550826,0.082,Away
1832,5004,5,S5,1,SDP,SDP,ARI,0,0,1,0,0,0,0,0,0,0,0,0,0,0,0,1,2,1,0,1,0.7526881720430108,0.07878953305643141,0.0005,Away
1832,5010,5,S5,3,SDP,SDP,MTL,0,0,0,1,0,0,1,0,0,0,0,0,0,0,0,1,1,2,0,0,0.8,0.08704143170426065,0.004100000000000003,Away
1832,5011,5,S5,4,SDP,SDP,OAK,0,0,0,0,0,0,0,1,0,0,0,0,0,0,0,0,0,1,0,0,-0.2765843179377015,-0.024137715941639822,-0.0227,Away
1832,6001,6,S6,1,SDP,SDP,LAD,1,0,0,0,0,0,1,0,0,0,1,0,1,0,0,1,4,3,1,1,0.01238390092879238,0.011147952658691812,-0.0034999999999999988,Away
1832,6005,6,S6,2,SDP,SDP,PHI,0,0,1,1,0,0,0,1,0,0,0,0,0,0,0,2,3,3,2,0,1.092895116579327,0.11919907422374526,0.0941,Away
1832,6009,6,S6,3,SDP,SDP,STL,0,0,0,1,0,0,1,1,0,0,1,0,0,0,0,1,1,4,0,0,-0.9085813910891309,-0.077645389021163,-0.1452,Away
1838,8005,8,S8,2,LAD,LAD,SDP,0,0,0,0,0,0,1,0,0,0,1,0,0,0,0,0,0,2,0,0,-0.7408963585434174,-0.06405937778794857,-0.006,Home
1838,8009,8,S8,3,LAD,LAD,FLA,0,0,1,0,0,0,0,0,0,0,0,1,0,0,0,1,2,2,1,0,0.19269406392694066,0.02929966445908724,-0.0162,Home
1838,8011,8,S8,4,LAD,LAD,OAK,1,0,0,0,0,0,0,1,0,0,0,0,0,0,0,1,4,2,1,3,1.4890756302521009,0.15893782109160326,0.0167,Away
1838,9001,9,S9,1,PHI,PHI,CHC,0,0,0,0,1,0,0,0,0,0,0,1,0,0,0,0,0,2,0,0,-0.4218104222821204,-0.034794384182079426,0.0445,Away
1838,10244,10,S10,1,ATL,ATL,STL,0,0,0,0,0,0,0,1,0,0,0,0,0,0,0,0,0,1,0,0,-0.1195652173913043,-0.008512331453559108,-0.0199,Away
1838,10248,10,S10,2,ATL,ATL,SFG,1,0,0,0,2,0,0,0,0,0,0,0,0,0,0,1,4,3,1,1,0.9571428571428571,0.10604685657099967,0.38989999999999997,Away
1838,10249,10,S10,3,ATL,ATL,PHI,0,0,0,0,0,0,1,0,0,0,0,1,0,0,0,0,0,2,0,0,-0.6372961478444451,-0.05684123421330187,-0.0698,Away
1839,7002,7,S7,1,SFG,SFG,SDP,0,0,0,1,0,0,0,0,0,1,0,2,0,0,0,1,1,4,1,0,0.41984746420907015,0.056891942051906105,0.015500000000000003,Away
1839,7005,7,S7,2,SFG,SFG,STL,0,0,0,0,0,0,0,2,0,1,0,0,0,0,0,0,0,3,0,0,-0.7813852813852813,-0.06695813141527882,-0.1501,Away
1844,7004,7,S7,1,TEX,TEX,KCR,0,0,1,2,0,0,0,0,0,0,0,0,0,0,0,3,4,3,0,1,1.9732360097323602,0.2085039976964853,0.29050000000000004,Home
1844,9004,9,S9,1,TEX,TEX,KCR,0,0,0,0,0,0,1,0,0,0,0,1,0,0,0,0,0,2,0,0,-0.5420485175202157,-0.046818193705888946,-0.0741,Home
1844,9008,9,S9,2,TEX,TEX,MIN,0,0,0,0,0,0,1,2,0,0,0,0,0,0,0,0,0,3,0,0,-0.8811843154308907,-0.07703844447389016,-0.08679999999999999,Away
1942,5001,5,S5,1,NYM,NYM,COL,0,0,0,1,0,0,1,1,0,0,0,0,0,0,0,1,1,3,0,1,0.036427474215492694,0.014204894977940244,-0.048499999999999995,Home
1946,10246,10,S10,2,TBR,TBR,OAK,0,0,0,0,0,0,0,1,0,0,0,0,0,0,0,0,0,1,0,0,-0.14387755102040828,-0.010943564816469506,-0.012199999999999999,Home
1949,5008,5,S5,2,KCR,KCR,NYY,0,0,0,0,0,0,0,0,0,0,1,1,0,0,0,0,0,2,0,0,-1.4695340501792118,-0.1399119733136605,-0.0561,Home
1949,5009,5,S5,3,KCR,KCR,OAK,1,0,1,0,0,0,1,0,0,0,0,0,0,0,0,2,6,3,1,2,0.20413533834586484,0.03097568139097745,0.0184,Home
1949,7004,7,S7,1,KCR,KCR,TEX,0,0,0,0,0,0,0,1,0,0,1,1,1,0,0,0,0,3,0,0,-1.6394633417712718,-0.15276593745387784,-0.1073,Away
1949,7007,7,S7,2,KCR,KCR,MIN,0,0,0,2,0,0,0,0,0,0,1,0,0,1,0,2,2,3,0,0,0.6449036446108923,0.07939756009208833,0.0804,Away
1949,8003,8,S8,1,KCR,KCR,HOU,0,0,0,0,1,0,1,0,0,1,0,0,0,0,0,0,0,3,0,1,0.06399409078699976,0.02144479617828974,0.014299999999999997,Away
1949,8008,8,S8,2,KCR,KCR,DET,0,0,0,1,0,0,0,0,0,1,1,0,0,0,0,1,1,3,0,0,-0.4880952380952381,-0.03376413670993404,-0.026199999999999998,Away
1949,8010,8,S8,3,KCR,KCR,OAK,0,0,0,1,0,0,2,0,0,0,0,0,0,0,0,1,1,3,0,1,0.08116246498599455,0.02316163359818922,0.029800000000000004,Away
1949,9004,9,S9,1,KCR,KCR,TEX,0,0,0,1,0,0,0,0,0,0,1,1,0,0,0,1,1,3,0,0,-0.6686331524080296,-0.05578332817160404,-0.07100000000000001,Away
1949,11241,11,S11,1,KCR,KCR,BOS,0,0,0,0,0,0,1,0,0,1,0,1,1,0,0,0,0,3,0,1,-0.2882238126219909,-0.01257165320967342,-0.2122,Away
1951,5003,5,S5,1,NYY,NYY,MIN,0,0,0,1,0,0,1,1,0,1,0,0,0,0,0,1,1,4,1,1,0.7092367684930853,0.08500654025782983,-0.014199999999999999,Home
1951,5008,5,S5,2,NYY,NYY,KCR,0,0,0,0,2,0,0,0,0,0,1,0,1,1,0,0,0,3,0,0,0.3446712018140592,0.04854998358992722,0.07070000000000001,Away
1960,5005,5,S5,2,PIT,PIT,SDP,0,0,0,0,0,0,0,1,0,0,1,0,0,0,0,0,0,2,0,0,-0.7806451612903227,-0.07102308442477161,-0.0778,Home
1963,5004,5,S5,1,ARI,ARI,SDP,0,0,0,0,0,0,0,1,0,0,0,0,0,0,0,0,0,1,0,0,-0.2765843179377015,-0.024137715941639822,-0.0086,Home
1963,6002,6,S6,1,ATL,ATL,STL,0,0,0,0,1,0,0,1,0,0,0,0,0,0,0,0,0,2,0,0,-0.3334351922587216,-0.026737144181997113,-0.005600000000000001,Away
1982,1001,1,S1,1,OAK,OAK,PHI,0,0,0,0,1,0,1,1,0,0,0,0,0,0,0,0,0,3,1,0,-0.1111111111111111,-0.0006855791962174958,-0.0403,Away
2010,1001,1,S1,1,PHI,PHI,OAK,1,0,0,0,1,0,1,0,0,0,0,0,0,0,0,1,4,3,1,1,0.7777777777777777,0.08820330969267139,0.1221,Home
2011,1001,1,S1,1,PHI,PHI,OAK,1,0,0,0,0,0,0,0,0,0,1,1,0,0,0,1,4,3,1,1,0.4722222222222222,0.05764775413711584,0.01129999999999999,Home
2025,1001,1,S1,1,OAK,OAK,PHI,0,0,0,1,1,0,0,1,0,0,0,0,0,0,0,1,1,3,0,0,-0.36111111111111116,-0.0256855791962175,0.0656,Away
2038,2001,2,S2,1,PHI,PHI,PIT,0,0,0,1,0,0,0,0,0,0,0,1,0,0,0,1,1,2,1,0,0.16631016042780752,0.02465609441268671,0.010199999999999997,Away
2038,2005,2,S2,2,PHI,PHI,SFG,0,0,0,0,0,0,1,0,0,0,1,1,0,0,0,0,0,3,0,1,0.3615319865319864,0.048190816208057576,-0.017100000000000004,Away
2038,2007,2,S2,3,PHI,PHI,TOR,0,0,0,1,0,0,1,0,0,0,0,0,0,0,0,1,1,2,0,0,-0.1596320346320347,-0.007938125093297518,-0.0172,Away
2055,10246,10,S10,2,TBR,TBR,OAK,0,0,0,1,1,1,1,0,0,0,0,0,0,1,0,1,1,3,2,0,2.4894557823129246,0.2627223393735778,0.1192,Home
2055,10251,10,S10,4,TBR,TBR,PHI,1,0,0,0,0,0,1,0,0,0,1,0,0,0,0,1,4,3,1,2,1.5590828426232148,0.16624085511903547,0.1381,Away
2055,11249,11,S11,3,TBR,TBR,DET,0,0,0,0,0,0,0,1,0,0,1,1,0,0,0,0,0,3,0,0,-0.8646616541353384,-0.07021543736100816,-0.0294,Home
2060,2005,2,S2,2,PHI,PHI,SFG,0,0,0,1,0,0,1,1,0,0,0,0,0,0,0,1,1,3,0,0,-0.01866706278470978,0.01017091127638795,-0.007899999999999997,Away
2069,2003,2,S2,1,BOS,BOS,TBR,0,0,0,0,0,0,1,0,0,0,1,1,1,0,0,0,0,3,0,0,-1.3655921964745494,-0.12452160209259602,-0.1477,Home
2087,2005,2,S2,2,PHI,PHI,SFG,0,0,0,0,0,0,1,0,0,0,0,0,0,0,0,0,0,1,0,0,-0.0321350762527233,0.0007990315596806471,-0.0073,Away
2095,1001,1,S1,1,OAK,OAK,PHI,0,0,0,1,0,0,0,0,0,0,0,2,1,0,0,1,1,3,0,0,-0.2222222222222222,-0.011796690307328606,-0.5455,Away
2096,1001,1,S1,1,OAK,OAK,PHI,0,0,0,0,0,0,0,1,0,0,0,1,1,0,0,0,0,2,0,0,-0.5277777777777778,-0.0458274231678487,-0.1194,Away
2103,1001,1,S1,1,OAK,OAK,PHI,0,0,1,0,0,0,1,1,0,0,0,0,0,0,0,1,2,3,1,0,0.5833333333333334,0.06875886524822694,0.052099999999999994,Away
2135,10243,10,S10,1,MIA,FLA,PHI,0,0,0,0,0,0,0,0,0,0,1,1,0,0,0,0,0,2,0,0,-0.6372961478444451,-0.05684123421330187,-0.0547,Away
2139,1001,1,S1,1,OAK,OAK,PHI,0,0,0,0,0,0,1,1,0,0,0,1,0,0,0,0,0,3,0,0,-0.44444444444444453,-0.03401891252955084,-0.1015,Away
2145,1001,1,S1,1,OAK,OAK,PHI,0,0,0,3,0,0,0,0,0,0,0,0,0,0,0,3,3,3,0,2,0.7777777777777779,0.0882033096926714,0.2712,Away
2186,1001,1,S1,1,PHI,PHI,OAK,0,0,1,0,0,0,1,0,0,0,0,0,0,0,0,1,2,2,0,1,0.8055555555555556,0.08750591016548463,0.12399999999999999,Home
2207,5008,5,S5,2,NYY,NYY,KCR,0,0,0,0,0,0,1,0,0,0,0,0,0,0,0,0,0,1,0,0,-0.17755102040816317,-0.01423438618868599,-0.06,Away
2213,6002,6,S6,1,STL,STL,ATL,0,0,0,1,0,0,1,0,0,1,0,0,0,0,0,1,1,3,0,1,0.5797619047619048,0.06788575304200306,0.13159999999999997,Home
2213,6006,6,S6,2,STL,STL,COL,1,0,0,1,1,0,1,0,0,0,0,0,0,0,0,2,5,4,1,2,2.3734357747515644,0.2505563275629065,0.2743,Away
2213,6009,6,S6,3,STL,STL,SDP,0,1,1,0,0,0,0,0,0,0,0,1,0,0,0,2,5,3,1,0,1.1107142857142858,0.12098099113724115,0.0461,Home
2213,6011,6,S6,4,STL,STL,CWS,0,0,0,0,1,0,1,1,0,0,0,0,0,0,0,0,0,3,0,0,-0.21781280295212185,-0.011871717729399621,0.009099999999999997,Home
2220,5008,5,S5,2,KCR,KCR,NYY,0,0,1,0,0,0,1,0,0,0,1,0,0,0,0,1,2,3,0,0,1.3932823129251701,0.14989037884890796,0.0235,Home
2221,10245,10,S10,2,CWS,CWS,BAL,0,0,0,1,1,0,2,0,0,0,0,0,0,0,0,1,1,4,1,0,0.18431766646052372,0.03220852778833766,-0.058899999999999994,Home
2222,5004,5,S5,1,ARI,ARI,SDP,0,0,0,0,1,0,0,0,0,0,0,0,0,0,0,0,0,1,0,0,-0.8333333333333333,-0.079812617481203,0.0252,Home
2224,5009,5,S5,3,OAK,OAK,KCR,0,0,0,0,0,0,0,0,0,0,0,2,0,0,0,0,0,2,0,0,-0.3775510204081632,-0.030713670336555664,0.0,Away
2224,6003,6,S6,1,OAK,OAK,MIN,0,1,0,0,0,0,3,0,0,0,0,0,0,0,0,1,3,4,1,1,1.0583943833943836,0.11905218842718844,-0.1266,Home
2224,8007,8,S8,2,OAK,OAK,SEA,1,0,0,1,0,0,0,1,0,1,0,0,0,0,1,2,5,4,1,3,-1.9156862745098038,-0.16649298228499745,0.17600000000000005,Home
2225,5002,5,S5,1,OAK,OAK,TEX,0,0,0,1,0,0,0,1,0,0,0,1,0,0,1,1,1,3,0,0,-0.6546748645011544,-0.05138462304159413,-0.030100000000000005,Home
2225,5007,5,S5,2,OAK,OAK,HOU,0,0,0,0,2,0,0,1,0,0,0,0,0,0,0,0,0,3,0,0,0.28988192978340765,0.03955034053473175,0.039299999999999995,Away
2225,5009,5,S5,3,OAK,OAK,KCR,0,0,1,1,0,0,0,1,0,0,0,0,0,0,0,2,3,3,2,2,4.266893424036281,0.4372514899600191,0.09019999999999999,Away
2225,5011,5,S5,4,OAK,OAK,SDP,0,1,0,0,1,0,0,0,0,0,0,0,0,0,0,1,3,2,0,1,1.142569124423963,0.12129834414665695,0.1187,Home
2225,6003,6,S6,1,OAK,OAK,MIN,0,0,0,0,0,0,0,0,0,1,1,1,0,0,0,0,0,3,0,0,-0.2968428630193335,-0.019774723736120783,-0.1278,Home
2225,8007,8,S8,2,OAK,OAK,SEA,0,0,1,1,0,0,0,1,0,0,0,0,0,0,0,2,3,3,0,3,1.8595238095238096,0.20099776805197073,0.1776,Home
2225,8010,8,S8,3,OAK,OAK,KCR,1,0,0,2,0,0,0,0,0,0,0,0,0,1,1,3,6,3,2,3,2.6166666666666667,0.2867423118326496,0.12210000000000001,Home
2225,8011,8,S8,4,OAK,OAK,LAD,0,0,0,2,0,0,1,1,0,0,0,0,0,0,1,2,2,4,0,1,-1.1064540884847092,-0.08556976368248798,-0.21980000000000002,Home
2229,5003,5,S5,1,MIN,MIN,NYY,1,0,1,0,0,0,0,1,0,0,0,0,0,0,0,2,6,3,2,3,1.9553287981859409,0.20609502737498506,-0.0175,Away
2229,6003,6,S6,1,MIN,MIN,OAK,0,0,0,0,0,0,0,1,0,1,1,0,0,0,0,0,0,3,0,0,-2.400793650793651,-0.2301698025135525,-0.1948,Away
2229,6008,6,S6,2,MIN,MIN,DET,0,0,0,1,1,0,0,0,0,0,0,0,0,0,0,1,1,2,1,0,0.5958855472013367,0.0661949297640087,0.0693,Away
2229,7010,7,S7,3,MIN,MIN,TOR,0,0,0,0,0,0,0,1,0,0,0,2,0,0,0,0,0,3,0,0,-0.9592113878313167,-0.08474074205988234,-0.1432,Home
2229,7011,7,S7,4,MIN,MIN,NYM,0,0,1,0,1,0,1,0,0,0,0,0,0,0,0,1,2,3,0,0,0.4251803212066676,0.05369842884391608,0.08779999999999999,Away
2229,9008,9,S9,2,MIN,MIN,TEX,0,0,2,0,0,0,0,0,0,1,0,0,0,0,0,2,4,3,0,3,2.523175657422233,0.2633975528114222,0.23489999999999997,Home
2229,9010,9,S9,3,MIN,MIN,BAL,0,0,0,0,1,0,0,2,0,0,0,0,0,0,0,0,0,3,0,0,-0.4914727316503121,-0.03806728609583229,-0.018699999999999998,Away
2229,10241,10,S10,1,MIN,MIN,BAL,0,0,0,0,0,0,1,1,0,0,0,0,0,0,0,0,0,2,0,0,-0.15084294587400182,-0.008195914016257539,-0.0648,Away
2229,12244,12,S12,17,MIN,MIN,TBR,0,0,0,0,0,0,0,1,0,0,0,0,0,0,0,0,0,1,0,0,-0.09477124183006541,0.002454611474219312,-0.017,Away
2230,7003,7,S7,1,CWS,CWS,TBR,0,0,0,0,0,0,0,1,0,1,0,0,0,0,0,0,0,2,0,0,-0.5345583450354489,-0.04600223668804534,-0.0355,Home
2230,9007,9,S9,2,CLE,CLE,BAL,0,0,0,1,0,0,0,1,0,0,0,0,0,0,0,1,1,2,0,0,-0.45553791431279156,-0.038167133385146546,-0.0188,Away
2242,5008,5,S5,2,KCR,KCR,NYY,0,0,0,0,0,0,0,1,0,1,0,1,0,0,0,0,0,3,0,0,-0.3599176512710347,-0.02542961757071252,-0.1066,Home
2242,7007,7,S7,2,KCR,KCR,MIN,0,0,0,0,0,0,0,0,0,0,1,1,0,0,0,0,0,2,0,0,-0.7103673285101534,-0.0635831350355158,-0.0733,Away
2242,8008,8,S8,2,DET,DET,KCR,0,1,0,0,0,0,0,0,0,0,0,0,0,0,0,1,3,1,0,0,0.46568627450980393,0.05158375648417698,0.045899999999999996,Home
2246,6006,6,S6,2,STL,STL,COL,0,0,0,0,0,0,1,1,0,0,1,0,0,0,0,0,0,3,0,0,0.15216450216450195,0.025126012782262765,-0.041499999999999995,Away
2249,10245,10,S10,2,CWS,CWS,BAL,1,0,0,0,0,0,1,0,0,1,1,0,0,0,0,1,4,4,1,3,1.85689789138065,0.1994665502803503,0.35029999999999994,Home
2251,5004,5,S5,1,SDP,SDP,ARI,0,0,0,0,0,0,0,1,0,0,0,0,0,0,0,0,0,1,0,0,-0.2765843179377015,-0.024137715941639822,-0.0001,Away
2251,5010,5,S5,3,SDP,SDP,MTL,0,0,0,0,0,0,0,0,0,0,1,0,0,0,0,0,0,1,0,0,-1.7142857142857144,-0.1679078555764411,-0.006,Away
2251,6001,6,S6,1,SDP,SDP,LAD,0,1,1,0,0,0,0,0,0,0,1,0,0,0,0,2,5,3,1,0,1.8415584415584412,0.19406540672165667,0.06979999999999999,Away
2251,6005,6,S6,2,SDP,SDP,PHI,0,0,0,0,0,0,1,0,0,1,0,1,0,0,0,0,0,3,0,0,-0.8582694481301292,-0.07591738224720035,-0.0585,Away
2251,7003,7,S7,1,CWS,CWS,TBR,0,0,0,0,1,0,0,1,0,0,1,0,0,0,0,0,0,3,1,0,-0.3362877997914495,-0.02244838325589563,-0.0237,Home
2251,8002,8,S8,1,SDP,SDP,CHC,0,0,1,1,0,0,0,1,0,0,0,0,0,0,0,2,3,3,1,1,1.1785714285714286,0.13290252995673263,0.267,Away
2251,8005,8,S8,2,SDP,SDP,LAD,0,0,0,0,0,0,2,1,0,0,0,0,0,0,0,0,0,3,0,0,-1.05,-0.08995461290041024,-0.0709,Away
2251,9003,9,S9,1,BOS,BOS,CLE,0,0,0,1,0,0,1,0,0,0,0,0,0,0,0,1,1,2,0,0,-0.2087151841868824,-0.01348486037255563,0.0277,Home
2251,10242,10,S10,1,BOS,BOS,OAK,0,0,0,0,0,0,1,0,0,0,1,0,0,0,0,0,0,2,0,0,-0.6365572315882875,-0.0567673425876861,-0.0556,Away
2252,7003,7,S7,1,TBR,TBR,CWS,0,0,0,2,0,0,0,1,0,0,0,0,0,0,0,2,2,3,1,1,1.4952380952380953,0.16070420624705883,0.1565,Away
2252,7008,7,S7,2,TBR,TBR,TOR,0,0,0,1,0,0,0,1,0,0,0,1,0,0,0,1,1,3,1,1,0.5164724983296736,0.06282764655621664,0.013100000000000014,Away
2253,6007,6,S6,2,BAL,BAL,CWS,0,0,0,0,0,0,1,0,0,0,1,1,0,0,0,0,0,3,0,0,-0.5533549783549782,-0.04542593526968525,-0.031200000000000002,Home
2253,7003,7,S7,1,TBR,TBR,CWS,0,0,0,1,0,0,0,0,0,0,0,1,0,1,0,1,1,2,1,0,0.22292358803986712,0.033472755527236026,0.059,Away
2253,7008,7,S7,2,TBR,TBR,TOR,0,1,0,0,0,0,0,0,0,1,0,1,0,0,0,1,3,3,0,0,0.10987061934850428,0.022167458658099746,-0.04959999999999999,Away
2256,5009,5,S5,3,KCR,KCR,OAK,0,0,0,1,0,0,0,1,0,0,1,0,0,0,0,1,1,3,0,0,0.14277052077197594,0.024839199633588563,-0.018099999999999998,Home
2256,7004,7,S7,1,KCR,KCR,TEX,0,0,0,0,0,0,0,1,0,1,1,0,0,0,0,0,0,3,0,0,-0.5523273976882224,-0.04405234304557292,-0.0574,Away
2256,7007,7,S7,2,KCR,KCR,MIN,0,0,0,0,2,0,0,0,0,0,1,0,0,0,0,0,0,3,0,0,0.3631573059464059,0.04749612731788991,-0.016700000000000007,Away
2256,8003,8,S8,1,KCR,KCR,HOU,0,0,0,0,0,0,0,1,0,0,0,0,0,0,0,0,0,1,0,0,-2.0,-0.19498487096680342,-0.0070999999999999995,Away
2256,8008,8,S8,2,KCR,KCR,DET,0,0,0,1,0,0,0,0,0,0,0,0,0,0,0,1,1,1,0,1,1.0,0.10501512903319658,0.0716,Away
2258,8007,8,S8,2,OAK,OAK,SEA,0,0,0,0,0,0,0,0,0,1,0,0,0,0,0,0,0,1,0,0,-0.4666666666666667,-0.041651537633470084,-0.028399999999999998,Home
2258,8010,8,S8,3,OAK,OAK,KCR,0,0,0,0,0,0,0,2,0,0,0,1,0,0,0,0,0,3,0,0,-1.2742296918767506,-0.11237758208808532,-0.0388,Home
2258,8011,8,S8,4,OAK,OAK,LAD,0,0,1,0,0,0,0,1,0,0,0,0,0,0,0,1,2,2,0,0,0.4313725490196079,0.05316751296835397,0.022600000000000002,Home
2260,5004,5,S5,1,ARI,ARI,SDP,0,0,0,0,0,0,0,2,0,1,0,0,0,0,0,0,0,3,0,0,0.7125313283208019,0.08181528038847116,-0.0125,Home
2260,8001,8,S8,1,ARI,ARI,MTL,0,0,0,0,1,0,1,0,0,0,0,0,0,0,0,0,0,2,0,0,-0.021136947929856764,0.0079165632734075,0.016399999999999998,Away
2261,5002,5,S5,1,LAA,TEX,OAK,0,0,0,0,1,0,0,0,0,1,0,0,0,0,0,0,0,2,0,0,-0.33333333333333326,-0.02629190162907269,-0.0637,Away
2262,7003,7,S7,1,TBR,TBR,CWS,0,0,0,2,0,0,0,0,0,1,0,0,0,0,0,2,2,3,0,0,-0.31238104746430284,-0.02005770802318097,0.09590000000000001,Away
2262,7008,7,S7,2,TBR,TBR,TOR,0,0,0,1,0,0,1,0,0,0,1,0,1,0,0,1,1,3,1,0,-1.4372554595826388,-0.13254514923501456,-0.0489,Away
2262,10246,10,S10,2,TBR,TBR,OAK,0,0,0,0,0,0,0,0,0,0,0,1,0,0,0,0,0,1,0,0,-0.2579858030168589,-0.02235439001611457,-0.022000000000000002,Home
2262,10250,10,S10,3,TBR,TBR,BAL,0,0,0,1,0,0,1,0,0,0,1,0,0,1,0,1,1,3,1,0,0.026708074534161297,0.01644756859570142,0.07500000000000001,Home
2262,10251,10,S10,4,TBR,TBR,PHI,0,0,1,0,1,0,0,0,0,1,0,0,0,0,1,1,2,3,1,0,-1.2603174603174603,-0.11225498488946074,-0.09999999999999999,Away
2262,11246,11,S11,2,TBR,TBR,NYY,0,0,1,0,0,0,0,0,0,1,0,0,0,0,0,1,2,2,0,1,0.7428571428571428,0.08511953298739806,0.0925,Home
2262,11249,11,S11,3,TBR,TBR,DET,0,0,0,0,0,0,0,1,0,1,0,1,0,0,0,0,0,3,0,0,-0.960943347307762,-0.07984360667825052,-0.0042,Home
2275,5001,5,S5,1,NYM,NYM,COL,0,0,0,0,1,0,1,0,0,0,0,0,0,0,0,0,0,2,1,0,-0.48789584799437,-0.04174815309517635,0.04079999999999999,Home
2277,5006,5,S5,2,MTL,MTL,COL,0,0,0,0,0,0,1,1,0,0,0,0,0,0,0,0,0,2,0,0,-0.5969058591178406,-0.052649154207523405,-0.031799999999999995,Home
2277,5010,5,S5,3,MTL,MTL,SDP,0,0,0,1,0,0,1,0,0,0,0,0,0,0,0,1,1,2,1,0,0.8159317114625645,0.08863460285051711,-0.0474,Home
2277,8001,8,S8,1,MTL,MTL,ARI,0,0,0,0,1,0,1,1,0,0,0,0,0,0,0,0,0,3,0,0,-0.24034764590767815,-0.008989377491178053,0.06549999999999999,Home
2282,7008,7,S7,2,TOR,TOR,TBR,0,0,0,0,0,0,1,0,0,0,0,2,0,0,0,0,0,3,0,0,-1.0675101856530105,-0.09557062184205173,-0.0775,Home
2282,7010,7,S7,3,TOR,TOR,MIN,0,0,0,0,1,0,2,0,0,0,0,0,0,0,0,0,0,3,0,0,-1.930639959259888,-0.18188359920273947,-0.02139999999999999,Away
2291,9002,9,S9,1,CIN,CIN,MIL,1,0,0,0,0,0,0,0,0,2,0,0,0,0,0,1,4,3,1,1,1.104352368415554,0.12151522391075431,-0.028899999999999995,Home
2291,9006,9,S9,2,CIN,CIN,MTL,0,0,0,0,0,0,1,1,0,0,1,0,1,0,0,0,0,3,0,0,-2.344795943105704,-0.22339960724137148,-0.20600000000000002,Away
2327,6004,6,S6,1,SEA,SEA,CWS,0,0,0,0,0,0,0,0,0,0,1,1,0,0,0,0,0,2,0,0,-0.2761904761904762,-0.02101267257517258,-0.0162,Home
2327,8007,8,S8,2,OAK,OAK,SEA,1,0,0,0,1,0,0,0,0,0,0,0,0,0,0,1,4,2,1,2,2.0,0.21003025806639317,0.16599999999999998,Home
2327,8010,8,S8,3,OAK,OAK,KCR,0,0,1,0,0,0,0,0,0,0,1,1,0,0,0,1,2,3,1,2,0.08771929824561386,0.023817316924151136,0.09809999999999999,Home
2327,8011,8,S8,4,OAK,OAK,LAD,0,0,0,0,0,0,0,0,0,0,0,1,0,0,0,0,0,1,0,0,-0.3704481792717087,-0.032029688893974284,-0.0527,Home
2327,11248,11,S11,2,PHI,PHI,MIL,1,0,0,1,0,0,0,0,0,0,0,1,0,0,0,2,5,3,1,1,1.0356137986475622,0.11981210791728189,0.0526,Home
2327,11250,11,S11,3,PHI,PHI,STL,1,0,0,0,0,0,0,1,0,0,1,0,0,0,0,1,4,3,1,4,2.69048801248404,0.2852995293009297,0.1305,Home
2327,11251,11,S11,4,PHI,PHI,DET,0,0,0,1,0,0,0,1,0,0,0,0,0,0,0,1,1,2,0,1,0.4599343185550082,0.05682725055718461,0.16620000000000001,Home
2332,6004,6,S6,1,SEA,SEA,CWS,0,0,0,0,0,0,0,3,0,0,0,0,0,0,0,0,0,3,0,0,-0.47886002886002876,-0.03797644032019031,-0.028599999999999997,Home
2332,7003,7,S7,1,TBR,TBR,CWS,1,0,0,0,0,0,0,3,0,0,0,0,0,0,0,1,4,4,1,1,0.592230074087249,0.074130203039724,-0.1107,Away
2334,7004,7,S7,1,TEX,TEX,KCR,0,0,0,2,0,0,0,0,0,0,0,1,0,1,0,2,2,3,0,0,0.8342548358674654,0.09833267921774563,0.1383,Home
2341,6004,6,S6,1,SEA,SEA,CWS,0,0,0,0,0,0,0,1,0,0,1,0,0,0,0,0,0,2,0,0,-0.6578282828282828,-0.05917645323895323,-0.022899999999999997,Home
2342,7004,7,S7,1,KCR,KCR,TEX,0,0,1,2,0,0,0,0,0,0,0,0,0,0,0,3,4,3,0,0,0.8977633182252391,0.10095672854577324,0.06609999999999999,Away
2342,7007,7,S7,2,KCR,KCR,MIN,0,0,0,0,0,0,1,0,0,0,0,2,1,0,0,0,0,3,0,0,-1.5901328273244784,-0.1478328860091985,-0.1081,Away
2342,8003,8,S8,1,KCR,KCR,HOU,0,1,0,0,0,0,0,0,0,0,0,2,0,0,0,1,3,3,1,0,0.8274624918460532,0.09779163628419507,0.06660000000000002,Away
2342,8008,8,S8,2,KCR,KCR,DET,0,0,0,1,0,0,0,1,0,0,0,0,0,0,0,1,1,2,0,1,0.6428571428571428,0.07431597235210746,0.1331,Away
2342,8010,8,S8,3,KCR,KCR,OAK,0,0,1,1,0,0,1,0,0,0,0,0,0,0,0,2,3,3,1,1,1.0562440044510955,0.12066978754469931,0.12190000000000001,Away
2342,9004,9,S9,1,KCR,KCR,TEX,0,0,0,1,0,0,0,0,0,0,0,2,1,0,0,1,1,3,0,0,-0.3337151841868824,-0.022291531349489323,-0.19129999999999997,Away
2342,11241,11,S11,1,KCR,KCR,BOS,0,1,0,0,0,0,1,0,0,0,0,1,1,0,0,1,3,3,1,1,-0.22816740126177504,-0.006566012073651824,-0.03539999999999999,Away
2344,6002,6,S6,1,STL,STL,ATL,0,0,0,0,2,0,1,0,0,0,0,0,0,0,0,0,0,3,0,0,0.5366161616161617,0.06357117872742872,0.0446,Home
2344,6006,6,S6,2,STL,STL,COL,0,0,0,1,0,0,0,0,0,1,1,0,0,0,0,1,1,3,0,0,-0.2967171717171716,-0.019762154605904594,-0.07780000000000001,Away
2344,6011,6,S6,4,STL,STL,CWS,0,0,0,1,0,0,0,1,0,0,1,0,0,0,0,1,1,3,0,0,0.00025062656641605674,0.009934625222454169,-0.013300000000000001,Home
2344,7005,7,S7,2,STL,STL,SFG,0,0,0,0,1,0,1,1,0,0,0,0,0,0,0,0,0,3,1,0,-0.10642355737066522,0.0005380409861828056,0.030999999999999993,Home
2344,7009,7,S7,3,STL,STL,NYM,0,0,0,1,0,0,0,1,0,0,0,1,0,0,0,1,1,3,0,0,0.09863500654038565,0.021043897377287887,0.048100000000000004,Home
2344,10245,10,S10,2,CWS,CWS,BAL,0,0,0,0,1,0,1,0,0,0,1,0,0,0,0,0,0,3,0,0,-0.05816326530612265,0.0045162443261017,-0.0395,Home
2347,7005,7,S7,2,STL,STL,SFG,0,0,0,0,0,0,0,1,0,0,0,1,0,0,0,0,0,2,0,0,0.5634421952993702,0.06379781734543657,-0.10250000000000001,Home
2347,7009,7,S7,3,STL,STL,NYM,0,0,0,0,0,0,1,1,0,0,1,0,0,0,0,0,0,3,0,0,-0.7119738329280405,-0.06001698656955474,-0.10830000000000001,Home
2349,7001,7,S7,1,CHC,CHC,PHI,0,0,0,0,0,0,0,1,0,2,0,0,0,0,0,0,0,3,0,0,-2.04124290454702,-0.19294389373145265,-0.0527,Home
2349,7006,7,S7,2,CHC,CHC,NYM,0,0,0,0,0,0,1,1,0,0,0,0,0,0,0,0,0,2,0,0,0.1013209831781583,0.017585696133315377,-0.048600000000000004,Away
2349,8002,8,S8,1,CHC,CHC,SDP,0,0,0,1,0,0,0,0,0,0,1,1,0,0,0,1,1,3,0,1,0.21933924254633352,0.03697931135422312,0.0479,Home
2349,9001,9,S9,1,CHC,CHC,PHI,0,0,0,0,0,0,0,3,0,1,0,0,0,0,0,0,0,4,0,0,-0.7007310859210576,-0.05529979249984054,-0.1254,Home
2349,9005,9,S9,2,CHC,CHC,COL,0,0,0,0,1,0,0,1,0,1,0,0,0,0,0,0,0,3,1,0,0.009114273177458776,0.011991414386944793,0.007400000000000002,Away
2354,7002,7,S7,1,SFG,SFG,SDP,0,0,1,2,0,0,0,0,0,1,0,0,0,1,0,3,4,4,3,1,1.9074372909070951,0.20937772362945836,0.17409999999999998,Away
2354,7005,7,S7,2,SFG,SFG,STL,0,0,0,0,0,0,0,1,0,0,1,0,0,0,0,0,0,2,0,0,-0.7064489427345926,-0.0631912964579597,-0.0763,Away
2362,6008,6,S6,2,DET,DET,MIN,0,0,0,0,0,0,0,0,0,1,1,0,0,0,0,0,0,2,0,0,-0.34783549783549805,-0.028177174739674758,-0.0427,Home
2362,6010,6,S6,3,DET,DET,CWS,0,0,0,0,1,0,0,0,0,0,1,0,0,0,0,0,0,2,0,0,-0.21645658263305317,-0.01503928321943027,-0.028599999999999993,Home
2362,7004,7,S7,1,TEX,TEX,KCR,0,0,0,1,0,0,1,0,0,1,0,0,0,1,0,1,1,3,1,0,-0.857932821436471,-0.07088608651264801,-0.08439999999999999,Home
2365,6003,6,S6,1,OAK,OAK,MIN,0,0,0,2,0,0,0,1,0,0,0,0,0,0,1,2,2,3,0,0,-0.6496262509420406,-0.05174987500645397,-0.04189999999999999,Home
2365,8010,8,S8,3,OAK,OAK,KCR,0,0,2,0,0,0,0,1,0,0,0,0,0,0,0,2,4,3,1,1,1.2939660795825179,0.14444199505784155,0.1016,Home
2367,7003,7,S7,1,TBR,TBR,CWS,0,0,0,0,1,0,0,0,0,0,1,0,0,0,0,0,0,2,0,0,0.14216440708115172,0.021670038523614717,-0.0009,Away
2367,7008,7,S7,2,TBR,TBR,TOR,1,0,0,0,0,0,0,1,0,0,0,1,0,0,0,1,4,3,1,2,1.0104379146222688,0.1122241881854762,0.0127,Away
2371,7001,7,S7,1,CHC,CHC,PHI,0,0,0,1,0,0,0,2,0,0,0,0,0,0,0,1,1,3,0,1,0.6290064759799302,0.07408104432124235,0.0849,Home
2371,7006,7,S7,2,CHC,CHC,NYM,0,0,0,0,0,0,1,2,0,0,0,0,0,0,0,0,0,3,0,0,-0.7466795571566609,-0.06348755899241677,-0.1461,Away
2371,8002,8,S8,1,CHC,CHC,SDP,0,0,0,1,0,0,1,1,0,0,0,0,0,0,0,1,1,3,0,1,-0.35169218372280425,-0.02012383127269066,0.0209,Home
2371,9001,9,S9,1,CHC,CHC,PHI,0,0,0,0,0,0,1,1,0,0,0,1,0,0,0,0,0,3,0,1,0.3602998190746962,0.04710996897666854,-0.0927,Home
2372,7001,7,S7,1,PHI,PHI,CHC,0,0,0,0,0,0,1,1,0,0,0,0,0,0,0,0,0,2,0,0,-0.7064489427345926,-0.0631912964579597,-0.040600000000000004,Away
2377,8002,8,S8,1,CHC,CHC,SDP,0,0,0,0,0,0,1,0,0,0,2,0,1,0,0,0,0,3,0,0,-4.019047619047618,-0.3868593748051721,-0.18400000000000002,Home
2377,9001,9,S9,1,CHC,CHC,PHI,1,0,0,0,0,0,1,0,0,0,1,0,0,0,0,1,4,3,1,2,1.1818181818181819,0.1292618052510171,0.0547,Home
2377,9005,9,S9,2,CHC,CHC,COL,0,0,0,0,0,0,1,0,0,1,0,0,0,0,0,0,0,2,0,0,-0.7677072264821037,-0.06938406460207776,-0.0462,Away
2379,9003,9,S9,1,CLE,CLE,BOS,0,0,0,1,1,0,0,0,0,0,1,0,0,0,0,1,1,3,1,0,-0.06585804132973949,0.004494182936224966,0.06390000000000001,Away
2379,9007,9,S9,2,CLE,CLE,BAL,0,0,0,0,0,0,0,1,0,0,0,1,0,0,0,0,0,2,0,0,-0.4277628032345014,-0.035389622277317526,-0.0337,Away
2384,6007,6,S6,2,BAL,BAL,CWS,0,0,0,0,0,0,0,0,0,1,0,0,0,0,0,0,0,1,0,0,-0.17391774891774903,-0.014088587369837379,-0.0027,Home
2385,6004,6,S6,1,SEA,SEA,CWS,0,0,0,0,0,0,0,1,0,0,0,1,0,0,0,0,0,2,0,0,-0.451082251082251,-0.03850185006435005,-0.018799999999999997,Home
2388,6007,6,S6,2,CWS,CWS,BAL,0,0,0,3,0,0,0,0,0,0,0,0,0,0,0,3,3,3,2,0,0.654263220439691,0.07533588460978166,0.050499999999999996,Away
2388,6010,6,S6,3,CWS,CWS,DET,0,0,0,0,0,0,2,0,0,0,1,0,0,0,0,0,0,3,0,0,-0.7745421245421245,-0.06754464988839987,-0.11860000000000001,Away
2388,6011,6,S6,4,CWS,CWS,STL,0,0,0,0,0,0,0,0,0,1,0,0,0,0,0,0,0,1,0,0,-0.3488095238095238,-0.031577764859014854,-0.024399999999999998,Away
2389,10247,10,S10,2,MIL,MIL,PHI,0,0,0,0,0,0,0,0,0,0,0,2,1,0,0,0,0,2,0,0,-1.0529684601113174,-0.0984084654399891,-0.2061,Home
2389,11242,11,S11,1,MIL,MIL,COL,1,0,0,1,0,0,0,1,0,0,0,0,0,0,0,2,5,3,1,2,0.22843637232313052,0.03909436528483874,0.14269999999999997,Home
2389,11248,11,S11,2,MIL,MIL,PHI,0,0,0,0,1,0,0,1,0,0,0,1,0,0,0,0,0,3,1,0,-0.3092137875593344,-0.01467065070340776,-0.010399999999999993,Away
2393,6006,6,S6,2,COL,COL,STL,0,0,0,0,0,0,0,3,0,0,0,0,0,0,0,0,0,3,0,0,-1.1607522594364696,-0.10616566337783442,-0.1258,Home
2397,11247,11,S11,2,SFG,SFG,STL,0,0,0,0,0,0,0,0,0,2,0,0,0,0,0,0,0,2,0,0,-0.6528854667573293,-0.05445472797404914,-0.027499999999999997,Away
2397,12241,12,S12,17,SFG,SFG,CHC,0,0,0,0,0,0,1,0,0,0,0,0,0,0,0,0,0,1,0,0,-0.09477124183006541,0.002454611474219312,-0.029500000000000002,Away
2455,7002,7,S7,1,SFG,SFG,SDP,0,0,1,0,0,0,0,0,0,0,1,1,0,0,0,1,2,3,0,0,-0.23717373556110613,-0.012536976832861292,-0.0019999999999999996,Away
2455,7005,7,S7,2,SFG,SFG,STL,0,0,0,1,1,0,0,1,0,0,0,0,0,0,0,1,1,3,1,0,0.2653440899903651,0.03771480572228583,0.0648,Away
2455,10248,10,S10,2,SFG,SFG,ATL,1,0,0,0,0,0,0,0,0,0,1,0,0,0,0,1,4,2,1,3,2.0898886827458254,0.21587724884572515,0.3795,Home
2457,11247,11,S11,2,SFG,SFG,STL,1,0,0,0,0,0,0,0,0,0,0,0,0,0,0,1,4,1,1,1,1.0,0.10541690935084189,0.0001,Away
2458,8001,8,S8,1,ARI,ARI,MTL,0,0,0,1,0,0,0,2,0,0,0,0,0,0,0,1,1,3,0,0,-0.703781512605042,-0.05533276416091444,-0.05959999999999999,Away
2467,6004,6,S6,1,CWS,CWS,SEA,0,0,0,0,1,0,1,0,0,0,1,0,0,0,0,0,0,3,1,0,-0.3335839598997494,-0.023448833424162367,0.030100000000000002,Away
2467,6007,6,S6,2,CWS,CWS,BAL,0,0,0,0,1,0,1,0,0,0,1,0,1,0,0,0,0,3,0,0,-1.147727272727273,-0.10486316470691472,-0.08170000000000001,Away
2467,6010,6,S6,3,CWS,CWS,DET,0,0,1,0,1,0,0,1,0,0,0,0,0,0,0,1,2,3,1,0,0.0009398496240601295,0.010003547528218578,0.1787,Away
2467,6011,6,S6,4,CWS,CWS,STL,1,0,1,0,0,0,0,1,0,0,0,0,0,0,0,2,6,3,1,3,1.3807656395891694,0.1479861265247295,0.19099999999999998,Away
2467,7003,7,S7,1,CWS,CWS,TBR,0,0,0,1,0,0,0,2,0,0,0,0,0,0,0,1,1,3,0,0,-0.32166300957327637,-0.020985904234078315,-0.0444,Home
2474,6004,6,S6,1,SEA,SEA,CWS,0,0,0,0,0,0,2,0,0,0,0,0,0,0,0,0,0,2,0,0,-0.5191558441558443,-0.045309209371709375,-0.0217,Home
2476,6002,6,S6,1,ATL,ATL,STL,1,0,0,0,0,0,0,1,0,0,1,0,0,0,0,1,4,3,1,1,0.8262987012987014,0.09253943269568271,0.04509999999999998,Away
2479,6002,6,S6,1,ATL,ATL,STL,0,0,0,0,0,0,0,1,0,0,0,0,0,0,0,0,0,1,0,0,-0.39181286549707595,-0.035878099027770075,-0.008100000000000001,Away
2479,7004,7,S7,1,TEX,TEX,KCR,0,0,0,1,0,0,0,0,0,2,0,0,0,1,0,1,1,3,1,0,-0.030468697957167334,0.01186032583528236,-0.19519999999999998,Home
2484,6001,6,S6,1,LAD,LAD,SDP,0,0,0,1,0,0,0,0,0,0,1,0,0,0,0,1,1,2,0,0,0.261762360446571,0.03278261108853214,0.0036000000000000003,Home
2486,10244,10,S10,1,ATL,ATL,STL,0,0,0,2,0,0,1,0,0,0,0,0,0,0,0,2,2,3,0,1,0.9251755074843531,0.10285012160514928,0.0842,Away
2486,10248,10,S10,2,ATL,ATL,SFG,0,0,0,1,0,0,1,0,0,0,0,2,0,1,0,1,1,4,1,0,-1.7612831339432327,-0.15890736196646668,-0.057800000000000004,Away
2486,12243,12,S12,17,ATL,ATL,FLA,0,0,0,0,0,0,0,0,0,1,0,0,0,0,0,0,0,1,0,0,0.0,0.011931735657225852,-0.0199,Away
2487,6003,6,S6,1,OAK,OAK,MIN,0,0,0,2,0,0,0,1,0,0,0,0,0,0,0,2,2,3,0,1,0.9276315789473685,0.10267272046054941,0.06520000000000001,Home
2487,8007,8,S8,2,OAK,OAK,SEA,0,0,1,2,0,0,0,0,0,0,0,0,0,1,0,3,4,3,1,1,2.515037593984963,0.27156427553128265,0.1563,Home
2487,8010,8,S8,3,OAK,OAK,KCR,1,0,1,0,0,0,1,0,0,0,0,0,0,0,0,2,6,3,1,2,1.905345151759334,0.20557990227552314,0.1572,Home
2487,8011,8,S8,4,OAK,OAK,LAD,0,0,1,0,0,0,0,2,0,0,0,0,0,0,0,1,2,3,0,0,-0.08980862712785154,0.006064524386804604,-0.0685,Home
2487,12242,12,S12,17,OAK,OAK,CWS,0,0,0,1,0,0,0,0,0,0,0,0,0,0,1,1,1,1,0,0,-0.09477124183006541,0.014386347131445164,-0.029500000000000005,Away
2490,6003,6,S6,1,OAK,OAK,MIN,0,0,0,0,0,0,2,0,0,0,0,0,0,0,0,0,0,2,0,1,-0.4285714285714285,-0.036250767813267804,0.0193,Home
2490,8010,8,S8,3,OAK,OAK,KCR,0,0,0,0,1,0,1,1,0,0,0,0,0,0,0,0,0,3,0,0,0.011741682974559797,0.01621955539704574,-0.0146,Home
2491,6001,6,S6,1,LAD,LAD,SDP,0,0,0,0,1,0,1,0,0,0,0,0,0,0,0,0,0,2,0,0,0.10252335383914324,0.01685871042778937,-0.005699999999999999,Home
2493,6005,6,S6,2,PHI,PHI,SDP,0,1,0,0,0,0,0,0,0,0,0,1,0,0,0,1,3,2,1,0,1.6060606060606057,0.16721243564993563,-0.004799999999999999,Home
2493,7001,7,S7,1,PHI,PHI,CHC,0,0,0,1,1,0,0,0,0,0,1,0,0,0,0,1,1,3,0,0,0.21128883104428528,0.032309279827677846,0.019200000000000002,Away
2495,8007,8,S8,2,OAK,OAK,SEA,0,0,0,0,0,0,0,0,0,1,0,0,0,0,0,0,0,1,0,0,-0.3704481792717087,-0.032029688893974284,-0.0005,Home
2495,8010,8,S8,3,OAK,OAK,KCR,1,0,1,0,0,0,0,0,0,1,1,0,0,0,0,2,6,4,2,1,-0.0714285714285714,0.012917658989929207,0.1303,Home
2496,8003,8,S8,1,KCR,KCR,HOU,1,0,0,0,0,0,0,2,0,0,0,0,0,0,0,1,4,3,1,1,-0.7306607574536663,-0.05802068864577686,0.022700000000000005,Away
2496,8008,8,S8,2,KCR,KCR,DET,0,0,0,0,0,0,1,1,0,0,0,1,0,0,0,0,0,3,0,0,-1.2742296918767506,-0.11237758208808532,-0.0969,Away
2496,8010,8,S8,3,KCR,KCR,OAK,1,0,0,1,0,0,0,1,0,0,0,0,0,0,0,2,5,3,2,1,1.1583333333333332,0.1308787204329231,0.1071,Away
2499,7008,7,S7,2,TOR,TOR,TBR,0,0,0,1,0,0,1,0,0,1,0,0,0,0,0,1,1,3,0,0,0.10303245000590419,0.021483641723839736,-0.010900000000000003,Home
2499,8004,8,S8,1,TOR,TOR,SEA,0,0,0,1,0,0,0,1,0,1,0,0,0,0,0,1,1,3,0,1,-0.743966079582518,-0.059351220858662034,0.06300000000000003,Home
2501,8006,8,S8,2,MIA,FLA,MTL,0,0,0,0,0,0,1,0,0,0,0,1,0,0,0,0,0,2,0,0,-0.6711369479298568,-0.05708343672659251,-0.0821,Home
2501,8009,8,S8,3,MIA,FLA,LAD,0,0,0,1,0,0,0,1,0,0,0,0,0,1,0,1,1,2,0,0,0.5918767507002802,0.07423306216961778,0.04220000000000001,Away
2501,10243,10,S10,1,MIA,FLA,PHI,0,0,0,0,0,0,0,0,0,0,1,1,0,0,0,0,0,2,0,0,-0.26344276841171255,-0.019455896270028614,-0.0266,Away
2501,11244,11,S11,1,FLA,FLA,SFG,0,0,0,0,0,0,0,1,0,1,1,0,1,0,0,0,0,3,0,0,-1.4920876445526476,-0.1329580364027391,-0.0624,Away
2503,7002,7,S7,1,SFG,SFG,SDP,0,0,0,0,0,0,1,1,0,0,1,1,0,0,0,0,0,4,0,0,-0.9991320521585981,-0.08500600958486072,-0.04399999999999999,Away
2503,7005,7,S7,2,SFG,SFG,STL,0,0,0,1,0,0,0,2,0,0,0,0,0,0,0,1,1,3,0,0,-0.32166300957327637,-0.020985904234078315,-0.0334,Away
2504,10242,10,S10,1,OAK,OAK,BOS,0,0,0,0,0,0,0,1,0,0,1,0,0,0,0,0,0,2,0,0,-0.37755102040816324,-0.030866721469673678,-0.0353,Home
2504,10246,10,S10,2,OAK,OAK,TBR,0,0,0,1,1,0,0,1,0,0,0,0,0,0,1,1,1,3,0,0,-0.05783858998144703,0.007992902144140591,-0.010199999999999997,Away
2504,11243,11,S11,1,OAK,OAK,NYY,0,0,0,0,0,0,1,1,0,0,0,0,0,0,0,0,0,2,0,0,-0.5198340679284418,-0.04114958809116039,-0.052599999999999994,Home
2509,11247,11,S11,2,STL,STL,SFG,0,0,2,0,0,0,0,0,0,1,0,0,0,0,0,2,4,3,0,3,2.633872416891285,0.27963796974165417,0.0010000000000000009,Home
2517,8007,8,S8,2,OAK,OAK,SEA,0,0,2,2,0,0,0,0,0,0,0,0,0,0,0,4,6,4,2,0,2.1412722983930417,0.23418774597209052,0.1432,Home
2517,8010,8,S8,3,OAK,OAK,KCR,0,0,0,0,2,0,0,0,0,1,0,0,0,1,0,0,0,3,2,0,0.7292389919197676,0.0929844153247631,0.07289999999999999,Home
2517,8011,8,S8,4,OAK,OAK,LAD,0,0,0,1,0,0,1,0,0,0,1,1,0,1,0,1,1,4,1,1,-0.9721615683043219,-0.07214051166444926,-0.003599999999999992,Home
2518,8008,8,S8,2,DET,DET,KCR,0,0,1,0,0,0,1,0,0,0,1,0,0,0,0,1,2,3,0,0,-0.2729922105828633,-0.012253833958696569,-0.020199999999999996,Home
2518,11245,11,S11,2,DET,DET,BOS,0,0,0,0,1,0,0,0,0,2,0,0,0,1,0,0,0,3,1,0,-0.5824097548598621,-0.036573338082618645,0.029700000000000004,Home
2518,11251,11,S11,4,DET,DET,PHI,0,0,0,0,0,0,1,2,0,1,0,0,0,0,0,0,0,4,0,0,-1.3170426065162908,-0.11003662324826151,-0.1159,Away
2519,9005,9,S9,2,COL,COL,CHC,0,0,1,0,0,0,0,1,0,0,1,0,0,0,0,1,2,3,1,2,1.7518818009384045,0.1862681671630394,0.22329999999999997,Home
2519,9011,9,S9,4,COL,COL,BAL,0,0,0,0,0,0,0,0,0,0,0,2,0,0,0,0,0,2,0,0,-0.4737769080234834,-0.039991032756215725,-0.0591,Away
2524,7001,7,S7,1,CHC,CHC,PHI,0,0,0,0,0,0,2,0,0,0,0,0,0,0,0,0,0,2,0,0,-0.5345583450354489,-0.04600223668804534,-0.028,Home
2524,7006,7,S7,2,CHC,CHC,NYM,0,0,1,0,1,0,0,0,0,1,0,0,0,0,0,1,2,3,1,0,0.1953160787858833,0.03071200460183765,0.01319999999999999,Away
2524,8002,8,S8,1,CHC,CHC,SDP,0,0,0,0,0,0,0,2,0,1,0,0,0,0,0,0,0,3,0,0,-0.625081539465101,-0.04746276684692035,-0.0585,Home
2524,9001,9,S9,1,CHC,CHC,PHI,1,0,1,0,0,0,0,2,0,0,0,0,0,0,0,2,6,4,2,3,1.0849137164205658,0.12326468773432181,0.8657,Home
2524,9005,9,S9,2,CHC,CHC,COL,0,0,0,0,0,0,0,1,0,0,0,2,1,0,0,0,0,3,0,0,-1.0956800711517694,-0.09848802004597801,-0.0431,Away
2528,7002,7,S7,1,SFG,SFG,SDP,1,0,0,0,0,0,0,0,0,1,0,1,0,0,0,1,4,3,1,2,1.3316218665055874,0.14434258337380804,0.023399999999999997,Away
2528,7005,7,S7,2,SFG,SFG,STL,1,0,0,0,0,0,0,2,0,0,0,0,0,0,0,1,4,3,1,1,0.6597938144329897,0.07715977816654827,0.1031,Away
2530,7001,7,S7,1,CHC,CHC,PHI,0,0,0,1,0,0,0,0,0,2,0,0,0,0,0,1,1,3,0,0,0.2787442049629859,0.03905481721954791,-0.0139,Home
2530,7006,7,S7,2,CHC,CHC,NYM,0,0,0,0,0,0,0,1,0,0,1,1,0,0,0,0,0,3,0,0,-0.5851854138053427,-0.04733814465728495,-0.0736,Away
2530,8002,8,S8,1,CHC,CHC,SDP,0,0,0,1,0,0,1,0,0,0,0,0,0,0,0,1,1,2,1,0,0.15587084148727992,0.02561734221512117,0.0125,Home
2530,9001,9,S9,1,CHC,CHC,PHI,0,0,0,0,1,0,0,0,0,1,0,0,0,0,0,0,0,2,0,0,-0.3631278538812785,-0.028926127341995237,0.0274,Home
2530,9005,9,S9,2,CHC,CHC,COL,0,0,0,0,0,0,0,1,0,0,1,0,1,0,0,0,0,2,0,0,-0.4920159017341752,-0.041814932127284904,-0.0941,Away
2542,10246,10,S10,2,TBR,TBR,OAK,1,0,0,0,0,0,0,0,0,0,1,0,1,0,0,1,4,2,1,3,1.072463768115942,0.11413475738273685,-0.014799999999999994,Home
2542,10250,10,S10,3,TBR,TBR,BAL,0,0,0,0,1,0,1,0,0,0,0,0,0,0,0,0,0,2,0,0,0.10709356206250609,0.017597736777393257,-0.017700000000000004,Home
2542,10251,10,S10,4,TBR,TBR,PHI,0,0,0,1,0,0,0,0,0,0,1,0,0,1,0,1,1,2,1,0,0.5144631765749779,0.06177888851421175,0.0595,Away
2542,11246,11,S11,2,TBR,TBR,NYY,0,0,0,0,0,0,1,0,0,1,0,1,0,0,0,0,0,3,0,0,-2.0970401401209275,-0.19345328595956707,-0.0877,Home
2542,11249,11,S11,3,TBR,TBR,DET,0,0,1,0,0,0,0,1,0,1,0,0,0,0,0,1,2,3,1,0,-0.4968495493145524,-0.033434226878929565,-0.023700000000000002,Home
2542,12244,12,S12,17,TBR,TBR,MIN,0,0,0,0,0,0,0,0,0,0,0,1,0,0,0,0,0,1,0,0,0.0,0.011931735657225852,-0.054299999999999994,Home
2545,7007,7,S7,2,MIN,MIN,KCR,0,1,0,0,0,0,2,0,0,0,0,0,0,0,0,1,3,3,1,1,2.064171122994652,0.21759750902271457,0.05239999999999997,Home
2545,7010,7,S7,3,MIN,MIN,TOR,0,0,0,0,0,0,0,2,0,1,0,0,0,0,0,0,0,3,0,0,-0.8186583924396116,-0.07068544252071184,-0.1054,Home
2545,7011,7,S7,4,MIN,MIN,NYM,0,0,2,0,1,0,0,1,0,0,0,0,0,0,0,2,4,4,0,2,1.4754265342500636,0.16244984905600543,0.2388,Away
2545,9008,9,S9,2,MIN,MIN,TEX,0,0,0,1,0,0,0,0,0,0,1,0,0,0,0,1,1,2,0,0,0.1812739305270878,0.02551405109884139,-0.0169,Home
2545,9010,9,S9,3,MIN,MIN,BAL,0,0,0,0,1,0,0,0,0,0,1,0,0,0,0,0,0,2,0,0,-0.1008086253369272,-0.002694204487560109,-0.006700000000000001,Away
2545,12244,12,S12,17,MIN,MIN,TBR,0,0,0,1,0,0,0,0,0,0,0,0,0,0,0,1,1,1,0,0,0.0,0.011931735657225852,0.0127,Away
2546,8003,8,S8,1,HOU,HOU,KCR,0,0,0,0,0,0,0,1,0,0,2,0,0,0,0,0,0,3,0,0,-1.2742296918767506,-0.11237758208808532,-0.1072,Home
2552,7003,7,S7,1,TBR,TBR,CWS,1,0,0,1,0,0,0,0,0,1,0,0,0,0,0,2,5,3,1,2,-0.06666666666666665,0.004513730056582635,0.067,Away
2558,7002,7,S7,1,SDP,SDP,SFG,0,0,1,0,0,0,0,0,0,0,0,1,1,0,0,1,2,2,0,0,-0.29097289963783957,-0.02164369214828441,0.04190000000000001,Home
2563,8008,8,S8,2,DET,DET,KCR,0,0,0,0,0,0,2,0,0,0,0,0,0,0,0,0,0,2,0,0,-0.4880952380952381,-0.038779265743130634,-0.0756,Home
2568,7006,7,S7,2,NYM,NYM,CHC,0,0,1,1,0,0,0,0,0,0,0,1,0,0,0,2,3,3,2,2,1.0735469163360165,0.11853508835685098,0.19369999999999996,Home
2568,7009,7,S7,3,NYM,NYM,STL,0,0,0,0,0,0,0,0,0,1,2,0,0,0,0,0,0,3,0,0,-0.8838644306271843,-0.0772060463394691,-0.0973,Away
2568,7011,7,S7,4,NYM,NYM,MIN,0,0,0,0,0,0,0,0,0,2,1,0,0,0,0,0,0,3,0,0,-0.8838644306271843,-0.0772060463394691,-0.1358,Home
2570,7009,7,S7,3,STL,STL,NYM,0,0,0,0,0,0,1,1,0,0,0,0,0,0,0,0,0,2,0,0,-0.3402061855670103,-0.026567020741201486,-0.05450000000000001,Home
2573,12242,12,S12,17,CWS,CWS,OAK,0,0,0,0,0,0,0,0,0,0,0,1,1,0,0,0,0,1,0,0,-0.5,-0.03806826434277415,-0.0483,Home
2584,7006,7,S7,2,NYM,NYM,CHC,0,1,0,1,0,0,0,1,0,0,0,0,0,0,0,2,4,3,1,1,1.9869470313086373,0.209875099854113,0.1583,Home
2584,7009,7,S7,3,NYM,NYM,STL,0,0,1,0,0,0,0,1,0,1,0,0,0,0,0,1,2,3,1,0,0.028606995335903884,0.014041096256839705,0.0941,Away
2584,7011,7,S7,4,NYM,NYM,MIN,0,0,0,1,0,0,0,0,0,0,1,1,0,0,0,1,1,3,1,0,-0.3216630095732763,-0.020985904234078315,0.01879999999999999,Home
2587,7010,7,S7,3,MIN,MIN,TOR,1,0,0,0,0,0,0,0,0,1,0,0,0,0,0,1,4,2,1,1,0.8372093023255814,0.09117452804805767,0.11180000000000001,Home
2587,9008,9,S9,2,MIN,MIN,TEX,0,0,0,0,0,0,0,0,0,1,0,1,0,0,0,0,0,2,0,0,-0.8181818181818182,-0.07443152377204922,-0.060700000000000004,Home
2587,9010,9,S9,3,MIN,MIN,BAL,0,0,0,0,0,0,0,1,0,0,0,1,0,0,0,0,0,2,0,0,-0.8602998190746962,-0.07864332386133702,-0.1306,Away
2587,10241,10,S10,1,MIN,MIN,BAL,0,0,0,0,0,0,0,0,0,1,0,1,0,0,0,0,0,2,0,0,-0.6458810068649885,-0.05769972011535621,-0.0537,Away
2589,9007,9,S9,2,BAL,BAL,CLE,0,0,1,0,2,0,0,0,0,0,0,0,0,2,2,1,2,3,0,1,0.8904109589041096,0.11489439905187508,0.05550000000000001,Home
2589,9011,9,S9,4,BAL,BAL,COL,0,0,0,0,0,0,0,2,0,0,0,0,0,0,0,0,0,2,0,0,-0.4737769080234834,-0.039991032756215725,-0.0375,Home
2589,10241,10,S10,1,BAL,BAL,MIN,0,0,0,0,0,0,0,1,0,1,0,0,0,0,0,0,0,2,0,0,-0.5159716060337178,-0.04470878003222914,-0.056999999999999995,Home
2589,10250,10,S10,3,BAL,BAL,TBR,0,1,0,0,0,0,1,0,0,0,0,0,0,0,0,1,3,2,1,0,0.20584415584415583,0.02747279615555823,0.05849999999999998,Away
2590,9007,9,S9,2,BAL,BAL,CLE,1,0,0,0,0,0,0,0,0,0,0,1,0,0,0,1,4,2,1,1,0.5892255892255891,0.06630921696869152,-0.008400000000000001,Home
2590,9011,9,S9,4,BAL,BAL,COL,0,0,0,1,0,0,0,0,0,1,0,0,0,0,1,1,1,2,0,0,-0.524251499723198,-0.04134516290312088,-0.05020000000000001,Home
2591,11243,11,S11,1,NYY,NYY,OAK,0,0,0,1,0,0,0,0,0,0,0,1,0,0,0,1,1,2,0,0,0.03405251117593977,0.014239069819277757,-0.0048000000000000004,Away
2597,7008,7,S7,2,TOR,TOR,TBR,0,0,1,0,0,0,1,0,0,0,0,0,0,0,0,1,2,2,1,0,0.17677290279214933,0.025130888094714476,-0.0022000000000000006,Home
2597,8004,8,S8,1,TOR,TOR,SEA,0,0,0,0,1,0,1,0,0,0,0,0,0,0,0,0,0,2,0,0,-0.18164114961052902,-0.008133856894659727,0.002800000000000004,Home
2598,7004,7,S7,1,KCR,KCR,TEX,0,0,0,1,2,0,0,0,0,0,0,0,0,0,0,1,1,3,1,0,1.4279527255805353,0.15397566928130285,0.0764,Away
2598,8003,8,S8,1,KCR,KCR,HOU,0,1,0,0,1,0,0,0,0,0,0,0,0,1,0,1,3,2,2,0,0.9296803652968036,0.10801342362927013,0.1156,Away
2598,8008,8,S8,2,KCR,KCR,DET,0,0,2,0,0,0,1,1,0,0,0,0,0,0,0,2,4,4,2,0,0.43302050452480956,0.06336256658526729,0.132,Away
2598,8010,8,S8,3,KCR,KCR,OAK,0,0,0,0,0,0,1,0,0,0,1,1,1,0,0,0,0,3,0,0,-1.1523809523809525,-0.10019270813850549,-0.1256,Away
2598,11241,11,S11,1,KCR,KCR,BOS,0,0,1,0,0,0,0,1,0,0,0,0,0,0,0,1,2,2,1,0,2.1502754527829,0.22586136397997386,0.047200000000000006,Away
2606,8006,8,S8,2,MIA,FLA,MTL,0,0,0,1,0,0,0,0,0,1,0,0,0,1,0,1,1,3,0,0,-0.21875599554890446,-0.0018150834221040968,0.07399999999999998,Home
2606,8009,8,S8,3,MIA,FLA,LAD,0,0,0,0,1,0,0,0,0,0,1,0,0,0,1,0,0,2,0,0,-0.6844422700587084,-0.053398839906281075,-0.045399999999999996,Away
2606,9004,9,S9,1,TEX,TEX,KCR,0,0,0,1,0,0,0,0,0,0,1,0,1,0,0,1,1,2,0,1,0.38655462184873945,0.04604212023100656,0.040300000000000016,Home
2606,9008,9,S9,2,TEX,TEX,MIN,0,0,1,1,0,0,0,0,0,0,1,0,0,0,1,2,3,3,0,1,0.9248500836249609,0.10725832445476131,0.053399999999999996,Away
2611,9002,9,S9,1,MIL,MIL,CIN,0,0,0,0,0,0,0,1,0,0,0,0,0,0,0,0,0,1,0,0,-0.3368770764119602,-0.029994378618129713,-0.04769999999999999,Away
2616,11246,11,S11,2,NYY,NYY,TBR,0,0,1,0,0,0,1,1,0,0,0,0,0,0,0,1,2,3,1,1,0.4801659320715582,0.06426732125968149,-0.0259,Away
2622,8009,8,S8,3,LAD,LAD,FLA,0,0,0,0,0,0,0,2,0,0,0,0,0,0,0,0,0,2,0,0,-0.6279881815739994,-0.052768560091006764,-0.0374,Home
2624,9007,9,S9,2,CLE,CLE,BAL,0,0,0,0,0,0,0,0,0,1,0,1,1,0,0,0,0,2,0,0,-0.4333333333333333,-0.03594667528720072,-0.0236,Away
2625,8005,8,S8,2,LAD,LAD,SDP,0,0,0,0,0,0,0,3,0,0,0,0,0,0,0,0,0,3,0,0,-0.9166666666666667,-0.0766212795670769,-0.0274,Home
2625,8011,8,S8,4,LAD,LAD,OAK,0,0,0,0,0,0,0,0,0,0,0,1,1,0,0,0,0,1,1,0,-1.2857142857142858,-0.123556299538232,-0.20420000000000002,Away
2627,7004,7,S7,1,TEX,TEX,KCR,0,0,0,0,1,0,0,0,0,1,0,1,0,0,0,0,0,3,0,0,-0.6952380952380954,-0.058343412800560226,-0.07819999999999999,Home
2627,9004,9,S9,1,TEX,TEX,KCR,0,0,0,1,0,0,0,0,0,1,0,1,0,0,1,1,1,3,0,0,-0.7880626223091977,-0.06403294613865454,-0.0694,Home
2627,9008,9,S9,2,TEX,TEX,MIN,0,0,0,1,1,0,0,1,0,0,0,0,0,1,0,1,1,3,1,0,-0.0013077767794750783,0.014642538414317712,0.0487,Away
2634,7004,7,S7,1,TEX,TEX,KCR,0,0,0,0,0,0,1,0,0,0,1,0,0,0,0,0,0,2,0,0,-0.40692640692640697,-0.03323904287714115,-0.1775,Home
2634,9004,9,S9,1,TEX,TEX,KCR,0,0,1,0,1,0,0,0,0,0,0,0,0,0,0,1,2,2,1,0,0.5886813379344952,0.06625479183958213,0.0478,Home
2634,9008,9,S9,2,TEX,TEX,MIN,0,0,0,0,0,0,2,0,0,1,0,0,0,0,0,0,0,3,0,0,-0.5051486859086924,-0.03943488152167033,-0.0664,Away
2637,10246,10,S10,2,TBR,TBR,OAK,0,0,0,0,0,0,0,1,0,0,0,0,0,0,0,0,0,1,0,0,-0.14387755102040828,-0.010943564816469506,-0.0001,Home
2637,10250,10,S10,3,TBR,TBR,BAL,1,0,1,0,0,0,1,0,0,0,0,0,0,0,0,2,6,3,2,3,3.0970315398886825,0.3200357248455822,0.32689999999999997,Home
2637,10251,10,S10,4,TBR,TBR,PHI,0,0,0,0,0,0,1,0,0,1,1,0,0,0,0,0,0,3,0,0,-0.5604823747680893,-0.045715666620094964,-0.0824,Away
2637,11246,11,S11,2,TBR,TBR,NYY,0,0,0,0,0,0,1,0,0,0,0,0,0,0,0,0,0,1,0,0,-0.3080578805504327,-0.025388878704201378,-0.0067,Home
2638,7007,7,S7,2,KCR,KCR,MIN,0,0,0,0,0,0,1,0,0,1,0,1,0,0,0,0,0,3,0,0,-1.1932649892801694,-0.10814610220476764,-0.1142,Away
2638,8010,8,S8,3,KCR,KCR,OAK,0,0,1,1,0,0,0,0,0,0,1,0,0,0,0,2,3,3,1,2,2.0188375350140055,0.21692914060099033,0.1781,Away
2641,8001,8,S8,1,MTL,MTL,ARI,0,0,0,0,0,0,1,0,0,0,0,2,0,0,0,0,0,3,0,0,-1.2075630252100842,-0.10571091542141865,-0.1362,Home
2641,8006,8,S8,2,MTL,MTL,FLA,0,0,0,0,1,0,0,0,0,0,0,1,0,0,0,0,0,2,0,0,0.15587084148727992,0.02561734221512117,0.0192,Away
2641,9006,9,S9,2,MTL,MTL,CIN,0,0,0,0,0,0,0,1,0,0,1,0,0,0,0,0,0,2,0,0,0.08288199910712196,0.015674857956844805,-0.037099999999999994,Home
2641,9009,9,S9,3,MTL,MTL,COL,0,0,0,0,0,0,0,1,0,0,0,0,0,0,0,0,0,1,0,0,-0.41077441077441085,-0.03738411205437478,-0.0378,Away
2642,7004,7,S7,1,TEX,TEX,KCR,0,0,0,0,1,0,0,0,0,0,0,0,0,0,0,0,0,1,0,0,-1.4,-0.13627320109225022,0.0901,Home
2642,9002,9,S9,1,MIL,MIL,CIN,0,0,0,0,0,0,0,1,0,0,2,0,0,0,0,0,0,3,0,0,-0.6975424131916919,-0.05867425424997027,-0.1432,Away
2642,10244,10,S10,1,ATL,ATL,STL,1,0,0,0,0,0,0,1,0,0,0,0,0,0,0,1,4,2,1,1,0.8561224489795918,0.09250062546910182,0.1261,Away
2642,10249,10,S10,3,ATL,ATL,PHI,0,0,0,0,1,0,0,0,0,0,0,1,0,0,0,0,0,2,0,0,0.4597451274362818,0.05286289331477083,-0.047499999999999994,Away
2646,9001,9,S9,1,PHI,PHI,CHC,0,0,0,0,1,0,0,1,0,1,0,0,0,0,0,0,0,3,0,0,0.26747529200359393,0.037827516269558305,-0.06230000000000001,Away
2646,10243,10,S10,1,PHI,PHI,FLA,0,0,0,1,1,0,0,1,0,0,1,0,0,0,0,1,1,4,0,2,0.164099350941456,0.03018669623643091,0.1134,Home
2646,10247,10,S10,2,PHI,PHI,MIL,0,0,0,1,0,0,1,0,0,0,1,1,1,0,0,1,1,4,1,0,-0.7579858030168589,-0.062021819159400596,-0.10579999999999999,Away
2646,10249,10,S10,3,PHI,PHI,ATL,0,0,0,0,1,0,1,0,0,0,0,1,0,0,0,0,0,3,0,0,-0.47088100686498846,-0.036755529829784875,-0.042499999999999996,Home
2646,10251,10,S10,4,PHI,PHI,TBR,0,0,0,0,0,0,2,1,0,0,0,0,0,0,0,0,0,3,0,0,-0.039130434782608636,0.0064195273784531,-0.1126,Home
2650,8001,8,S8,1,ARI,ARI,MTL,0,0,0,0,0,0,0,1,0,0,1,0,0,0,0,0,0,2,0,0,-0.7275910364145658,-0.0627288455750634,-0.125,Away
2651,8007,8,S8,2,SEA,SEA,OAK,0,0,0,0,0,0,0,0,0,0,0,1,0,0,0,0,0,1,0,0,-0.3704481792717087,-0.032029688893974284,-0.004,Away
2651,10244,10,S10,1,ATL,ATL,STL,0,0,0,0,0,0,0,2,0,1,0,0,0,0,0,0,0,3,0,0,-0.40882874889086074,-0.03055030403237211,-0.0488,Away
2651,10249,10,S10,3,ATL,ATL,PHI,0,0,0,0,1,0,0,0,0,0,0,1,0,0,0,0,0,2,0,0,-0.14099378881987576,-0.007210998310844933,0.002400000000000003,Away
2660,11244,11,S11,1,SFG,SFG,FLA,0,0,0,1,1,0,0,0,0,1,0,0,0,0,0,1,1,3,1,1,0.5151067323481117,0.06776140128733685,0.12140000000000001,Home
2660,11247,11,S11,2,SFG,SFG,STL,0,0,0,0,0,0,1,0,0,1,1,0,0,0,0,0,0,3,0,0,-1.115072163166537,-0.09525648826412803,-0.035199999999999995,Away
2660,12241,12,S12,17,SFG,SFG,CHC,0,0,0,0,0,0,0,1,0,0,0,0,0,0,0,0,0,1,0,0,0.0,0.011931735657225852,-0.0374,Away
2661,8007,8,S8,2,SEA,SEA,OAK,0,0,0,0,0,0,1,0,0,1,0,0,0,0,0,0,0,2,0,0,-0.6965944272445823,-0.05962918465806505,-0.0774,Away
2662,8007,8,S8,2,SEA,SEA,OAK,0,0,0,1,0,0,0,1,0,0,0,0,0,1,0,1,1,2,1,0,0.4435247062054818,0.05939785772013794,0.0656,Away
2664,8005,8,S8,2,LAD,LAD,SDP,0,1,0,0,0,0,0,1,0,0,0,1,0,0,0,1,3,3,1,0,0.6747899159663863,0.08252437869622838,0.10569999999999999,Home
2664,8009,8,S8,3,LAD,LAD,FLA,1,0,0,0,0,0,1,0,0,0,0,0,0,0,0,1,4,2,1,3,1.7948179271708682,0.18951205078348002,0.3896,Home
2664,8011,8,S8,4,LAD,LAD,OAK,0,0,0,0,0,0,0,0,0,0,2,2,0,0,0,0,0,4,0,0,-1.4642857142857144,-0.12636805529578507,-0.082,Away
2668,8001,8,S8,1,MTL,MTL,ARI,0,0,1,1,0,0,0,1,0,0,0,0,0,0,0,2,3,3,0,0,0.4554506734200529,0.06059045444159505,0.12510000000000002,Home
2668,8006,8,S8,2,MTL,MTL,FLA,0,0,0,1,0,0,0,0,0,0,0,2,0,0,0,1,1,3,0,1,0.27240896358543415,0.04228628345813318,0.04319999999999999,Away
2668,9006,9,S9,2,MTL,MTL,CIN,0,0,0,0,0,0,0,1,0,1,0,0,0,0,0,0,0,2,0,0,-0.22695417789757422,-0.015308759743624811,-0.0254,Home
2668,12242,12,S12,17,CWS,CWS,OAK,0,0,0,0,0,0,0,0,0,1,0,0,0,0,0,0,0,1,0,0,-0.09477124183006541,0.002454611474219312,-0.0248,Home
2669,8001,8,S8,1,ARI,ARI,MTL,0,1,0,0,0,0,0,1,0,0,0,0,0,0,0,1,3,2,0,0,0.08317025440313108,0.018347283506706284,0.0397,Away
2670,8003,8,S8,1,KCR,KCR,HOU,0,1,0,0,0,0,0,0,0,0,0,0,0,0,0,1,3,1,0,1,1.0,0.10501512903319658,0.1109,Away
2670,8008,8,S8,2,KCR,KCR,DET,0,1,0,1,0,0,0,1,0,0,0,0,0,0,0,2,4,3,2,1,0.8026725758796669,0.09531264468755644,0.2182,Away
2670,9004,9,S9,1,KCR,KCR,TEX,0,0,0,0,1,0,1,0,0,0,0,0,0,0,0,0,0,2,0,0,-0.5642857142857143,-0.049041913382438816,-0.0125,Away
2671,11246,11,S11,2,NYY,NYY,TBR,0,0,0,0,1,0,0,0,0,0,1,0,0,0,0,0,0,2,0,0,0.16710391000482727,0.02754420970216651,0.0199,Away
2673,8002,8,S8,1,SDP,SDP,CHC,0,0,0,0,0,0,1,0,0,1,1,0,1,0,0,0,0,3,0,0,-1.4568512336441426,-0.1306397362648245,-0.2105,Away
2673,8005,8,S8,2,SDP,SDP,LAD,0,0,1,0,0,0,0,2,0,0,0,0,0,0,0,1,2,3,0,1,0.18193277310924383,0.03323866441051414,0.005799999999999996,Away
2673,9003,9,S9,1,CLE,CLE,BOS,0,0,0,0,0,0,1,1,0,2,0,0,0,0,0,0,0,4,0,0,-0.10996505666768686,0.003776810425496534,-0.046000000000000006,Away
2675,8007,8,S8,2,SEA,SEA,OAK,0,0,0,0,0,0,0,0,0,0,0,1,0,0,0,0,0,1,0,0,-0.136986301369863,-0.008683501103789713,-0.0006,Away
2679,8001,8,S8,1,MTL,MTL,ARI,0,0,1,0,1,0,0,1,0,0,0,0,0,0,0,1,2,3,0,0,0.25280112044817926,0.04032549914440767,-0.01929999999999999,Home
2679,8006,8,S8,2,MTL,MTL,FLA,0,0,0,1,0,0,1,1,0,0,0,0,0,1,0,1,1,3,0,0,0.004073136103756647,0.020467829743162018,0.1164,Away
2679,9009,9,S9,3,MTL,MTL,COL,0,0,0,0,0,0,1,1,0,0,0,0,0,0,0,0,0,2,0,0,-0.1095890410958904,-0.00357224606345643,-0.0474,Away
2679,11248,11,S11,2,PHI,PHI,MIL,0,0,0,1,0,0,2,0,0,0,0,0,0,0,0,1,1,3,0,0,-0.6803114571746386,-0.05178041766493818,-0.016399999999999998,Home
2679,11251,11,S11,4,PHI,PHI,DET,0,0,0,1,0,0,1,1,0,0,0,0,0,1,0,1,1,3,0,0,-0.45764737151923407,-0.024097099748555836,-0.0122,Home
2681,8001,8,S8,1,MTL,MTL,ARI,0,0,0,1,0,0,0,1,0,0,0,1,0,0,0,1,1,3,0,0,-0.8775910364145658,-0.07271371654186683,-0.17790000000000003,Home
2681,8006,8,S8,2,MTL,MTL,FLA,0,0,0,0,0,0,1,1,0,0,0,0,0,0,0,0,0,2,0,0,-0.7796803652968036,-0.06793777846328719,-0.059000000000000004,Away
2681,9006,9,S9,2,MTL,MTL,CIN,1,0,0,0,0,0,0,1,0,0,0,0,0,0,0,1,4,2,1,1,0.5925925925925926,0.06664591730539186,0.016600000000000004,Home
2681,9009,9,S9,3,MTL,MTL,COL,0,0,0,0,0,0,2,1,0,0,0,0,0,0,0,0,0,3,0,0,-0.5082477435418612,-0.039744787284987204,-0.18930000000000002,Away
2689,8004,8,S8,1,SEA,SEA,TOR,0,0,0,0,0,0,1,0,0,0,1,0,0,0,0,0,0,2,0,0,-0.7408963585434174,-0.06405937778794857,-0.07339999999999999,Away
2689,8007,8,S8,2,SEA,SEA,OAK,0,0,1,0,0,0,1,1,0,0,0,0,0,0,0,1,2,3,1,1,0.10952380952380958,0.025997768051970713,0.0478,Away
2692,8004,8,S8,1,SEA,SEA,TOR,0,0,0,0,0,0,1,0,0,1,0,1,0,0,0,0,0,3,0,0,-0.9701565557729941,-0.08197026847770965,-0.11770000000000001,Away
2692,8007,8,S8,2,SEA,SEA,OAK,0,0,0,0,0,0,2,0,0,0,0,1,0,0,0,0,0,3,0,1,-0.06399409078699964,0.008645978020889795,-0.0229,Away
2696,8006,8,S8,2,MIA,FLA,MTL,0,0,0,0,0,0,0,0,0,0,0,2,0,0,0,0,0,2,0,0,-0.9299719887955182,-0.08296694081315865,-0.10250000000000001,Home
2696,8009,8,S8,3,MIA,FLA,LAD,0,0,0,1,1,0,0,1,0,0,0,0,0,0,0,1,1,3,0,0,-0.4420426065162909,-0.029158873552039326,-0.004100000000000001,Away
2696,10243,10,S10,1,MIA,FLA,PHI,0,0,0,0,0,0,0,1,0,0,0,1,0,0,0,0,0,2,0,0,-0.2391304347826086,-0.017024662907118217,-0.045399999999999996,Away
2696,11244,11,S11,1,FLA,FLA,SFG,0,0,0,1,0,0,1,1,0,0,0,0,0,0,0,1,1,3,1,0,-0.7883693377250712,-0.06258620571998144,-0.0002999999999999996,Away
2708,9003,9,S9,1,CLE,CLE,BOS,0,0,0,1,1,0,1,0,0,0,0,0,0,0,0,1,1,3,1,0,-0.06585804132973949,0.004494182936224965,-0.008300000000000002,Away
2708,9007,9,S9,2,CLE,CLE,BAL,0,0,0,0,1,0,1,1,0,0,0,0,0,0,0,0,0,3,0,0,-0.5103324348607368,-0.03995325641687476,-0.0115,Away
2710,8008,8,S8,2,DET,DET,KCR,0,0,0,0,0,0,0,3,0,0,0,0,0,0,0,0,0,3,0,0,-0.9547619047619047,-0.08043080337660072,-0.0897,Home
2710,10246,10,S10,2,OAK,OAK,TBR,0,0,0,0,1,0,0,1,0,0,0,1,1,0,0,0,0,3,0,0,-3.5664516642777513,-0.34631259557106114,-0.0179,Away
2710,11243,11,S11,1,OAK,OAK,NYY,0,0,0,0,0,0,0,1,0,0,0,1,0,0,0,0,0,2,0,0,-0.6528854667573293,-0.05445472797404914,-0.056999999999999995,Home
2710,12242,12,S12,17,OAK,OAK,CWS,0,0,0,0,0,0,0,1,0,0,0,0,0,0,0,0,0,1,0,0,0.0,0.011931735657225852,-0.0196,Away
2715,8003,8,S8,1,HOU,HOU,KCR,0,0,1,0,0,0,1,0,0,1,0,0,0,0,1,1,2,3,0,0,-0.9064752937945183,-0.0705870132466655,-0.05559999999999999,Home
2715,9001,9,S9,1,PHI,PHI,CHC,1,1,1,1,0,0,0,0,0,0,1,0,0,0,0,4,10,5,2,2,2.5869324473975635,0.2771598898550879,0.7189,Away
2715,10249,10,S10,3,PHI,PHI,ATL,0,0,0,1,0,0,0,0,0,0,0,0,0,1,0,1,1,1,0,1,0.95,0.10188838057114265,0.013600000000000001,Home
2718,9009,9,S9,3,COL,COL,MTL,0,0,0,1,0,0,0,0,0,0,1,0,0,1,0,1,1,2,0,0,0.0383271725737479,0.014912704326573704,-0.021199999999999997,Home
2720,9002,9,S9,1,MIL,MIL,CIN,0,0,0,2,0,0,0,0,0,1,0,0,0,0,0,2,2,3,0,0,0.11183708307536971,0.022263695376735886,0.0015000000000000013,Away
2722,8007,8,S8,2,OAK,OAK,SEA,0,0,0,0,1,0,0,0,0,0,1,1,0,0,0,0,0,3,1,0,-0.7047619047619047,-0.05543080337660071,-0.0119,Home
2722,8011,8,S8,4,OAK,OAK,LAD,1,1,0,1,0,0,1,0,0,0,0,0,0,1,0,3,8,4,3,3,3.2877192982456136,0.35384757499054426,0.1876,Home
2722,10242,10,S10,1,OAK,OAK,BOS,0,0,0,0,0,0,0,0,0,0,2,0,1,0,0,0,0,2,0,0,-0.524312333629104,-0.04554285279176775,-0.0928,Home
2722,10246,10,S10,2,OAK,OAK,TBR,0,0,1,1,0,0,0,0,0,0,0,1,1,0,0,2,3,3,1,1,0.5981366459627329,0.07014623545298726,0.018300000000000007,Away
2722,11243,11,S11,1,OAK,OAK,NYY,0,0,0,0,0,0,1,0,0,0,1,0,1,0,0,0,0,2,0,0,-1.0752819345044458,-0.09669437474876079,-0.1411,Home
2722,12242,12,S12,17,OAK,OAK,CWS,0,0,0,1,0,0,0,0,0,0,0,0,0,0,0,1,1,1,0,0,0.20588235294117652,0.0325199709513435,0.024300000000000002,Away
2723,11250,11,S11,3,PHI,PHI,STL,0,0,0,0,0,0,1,0,0,0,0,1,1,0,0,0,0,2,0,0,-1.2083333333333333,-0.10999951463164953,-0.0275,Home
2723,11251,11,S11,4,PHI,PHI,DET,0,0,0,0,0,0,0,0,0,1,0,0,0,0,0,0,0,1,0,0,-0.4,-0.03458309064915811,-0.030299999999999997,Home
2730,10244,10,S10,1,ATL,ATL,STL,0,0,0,0,0,0,0,0,0,0,1,1,1,0,0,0,0,2,0,0,-0.7267080745341614,-0.0657824268822735,-0.04709999999999999,Away
2732,8006,8,S8,2,MIA,FLA,MTL,0,0,0,0,0,0,0,1,0,0,0,1,1,0,0,0,0,2,0,0,-0.7203196347031964,-0.062001705403926466,-0.0885,Home
2736,8001,8,S8,1,ARI,ARI,MTL,0,0,0,0,0,0,1,2,0,0,0,0,0,0,0,0,0,3,0,0,-1.0383868615939527,-0.0887932990598055,-0.1089,Away
2736,11243,11,S11,1,NYY,NYY,OAK,0,0,0,1,0,0,0,0,0,2,0,0,0,0,0,1,1,3,0,0,-0.5977130529642258,-0.04352057724389691,-0.001400000000000002,Away
2736,11246,11,S11,2,NYY,NYY,TBR,0,0,0,1,0,0,0,1,0,0,0,0,0,0,0,1,1,2,0,0,0.13189549181998583,0.02402336788368237,0.0309,Away
2740,8008,8,S8,2,DET,DET,KCR,0,1,0,0,0,0,0,1,0,1,0,0,0,0,0,1,3,3,1,0,-0.4078316258010053,-0.025737775480510774,0.0020000000000000018,Home
2740,11249,11,S11,3,DET,DET,TBR,2,0,1,0,0,0,0,0,0,0,0,0,0,0,0,3,10,3,2,3,3.409343715239155,0.3571850995764411,0.0907,Away
2745,8009,8,S8,3,MIA,FLA,LAD,0,0,0,1,1,0,0,0,0,0,0,0,0,1,0,1,1,2,1,0,1.1740196078431373,0.1324473478839035,0.136,Away
2752,9004,9,S9,1,KCR,KCR,TEX,0,0,1,1,0,0,0,0,0,0,0,0,0,0,0,2,3,2,0,0,0.1059197651663405,0.01797863456276666,0.1491,Away
2754,10244,10,S10,1,STL,STL,ATL,0,0,0,0,0,0,1,0,0,1,0,1,1,0,0,0,0,3,0,0,-0.9788529204785363,-0.08755272119113966,-0.16920000000000002,Home
2754,11250,11,S11,3,STL,STL,PHI,0,1,0,0,0,0,0,0,0,0,0,0,0,0,0,1,3,1,1,0,0.6100628930817611,0.066423198659018,0.0322,Away
2761,8002,8,S8,1,CHC,CHC,SDP,0,0,1,1,0,0,1,0,0,0,0,0,0,0,0,2,3,3,1,1,3.937196385403476,0.40876502563993744,0.2095,Home
2761,9001,9,S9,1,CHC,CHC,PHI,0,0,1,1,0,0,1,1,0,0,0,0,0,0,0,2,3,4,1,0,0.22406159001156828,0.03717947509342205,-0.019999999999999997,Home
2761,9005,9,S9,2,CHC,CHC,COL,1,0,0,1,0,0,1,0,0,0,0,0,0,0,0,2,5,3,1,2,1.6397001809253036,0.17505000516172928,0.18789999999999998,Away
2768,10244,10,S10,1,STL,STL,ATL,0,0,0,0,0,0,0,1,0,0,0,1,0,0,0,0,0,2,0,0,-0.6458810068649885,-0.05769972011535621,-0.0867,Home
2768,11247,11,S11,2,STL,STL,SFG,1,0,0,1,0,0,0,1,0,0,0,0,0,0,0,2,5,3,1,1,1.0340525111759398,0.11965597917011964,-0.005599999999999998,Home
2768,11250,11,S11,3,STL,STL,PHI,1,0,0,0,0,0,1,0,0,0,0,0,0,0,0,1,4,2,1,1,0.6919421194495673,0.0800280306466405,0.1054,Away
2772,11241,11,S11,1,BOS,BOS,KCR,0,0,0,0,0,0,1,1,0,0,1,1,0,0,0,0,0,4,0,0,-2.1052664191382817,-0.18885900451046062,-0.0744,Home
2772,11245,11,S11,2,BOS,BOS,DET,0,0,0,0,0,0,1,0,0,2,0,0,0,0,0,0,0,3,0,0,-1.1883693377250713,-0.10258620571998145,-0.0766,Away
2773,9003,9,S9,1,BOS,BOS,CLE,0,0,0,0,0,0,3,0,0,0,0,0,0,0,0,0,0,3,0,0,0.10824041626845077,0.021904028696043992,-0.0464,Home
2773,10242,10,S10,1,BOS,BOS,OAK,0,0,0,0,0,0,0,2,0,0,0,0,0,0,0,0,0,2,0,0,-0.2391304347826086,-0.017024662907118217,-0.0451,Away
2778,8009,8,S8,3,MIA,FLA,LAD,0,0,0,0,0,0,0,1,0,0,0,0,0,0,0,0,0,1,0,0,-0.5333333333333333,-0.048318204300136745,-0.0415,Away
2780,8005,8,S8,2,LAD,LAD,SDP,1,0,0,0,0,0,0,0,0,0,0,1,0,0,0,1,4,2,1,4,2.7037815126050417,0.28040840932689737,0.11589999999999999,Home
2780,8009,8,S8,3,LAD,LAD,FLA,0,0,1,1,0,0,0,0,0,0,1,0,0,0,0,2,3,3,1,0,0.14803921568627465,0.029849308668217226,0.0211,Home
2780,8011,8,S8,4,LAD,LAD,OAK,0,0,0,1,0,0,1,0,0,0,1,1,0,0,0,1,1,4,1,0,-1.0742296918767507,-0.08736245305488873,-0.010599999999999998,Away
2780,10245,10,S10,2,CWS,CWS,BAL,0,0,0,0,0,0,1,0,0,0,0,0,0,1,0,0,0,1,0,0,0.07068965517241377,0.013957346088384025,0.006999999999999992,Home
2785,8002,8,S8,1,SDP,SDP,CHC,0,0,0,0,0,0,1,1,0,0,0,0,0,0,0,0,0,2,0,0,-0.5843137254901961,-0.048401114482626434,-0.10089999999999999,Away
2785,8005,8,S8,2,SDP,SDP,LAD,0,0,0,0,0,0,2,0,0,0,1,0,0,0,0,0,0,3,0,0,-0.5298434442270059,-0.037938957323110825,-0.073,Away
2785,10244,10,S10,1,STL,STL,ATL,0,0,0,1,1,0,0,0,0,0,0,0,0,0,0,1,1,2,0,0,0.4591836734693878,0.05280674791808142,0.08499999999999999,Home
2785,11247,11,S11,2,STL,STL,SFG,1,0,0,0,1,0,0,1,0,0,0,0,0,0,0,1,4,3,2,1,0.6331185900378026,0.07956258705630592,0.0259,Home
2787,8004,8,S8,1,SEA,SEA,TOR,0,0,0,1,1,0,0,0,0,0,0,1,0,1,0,1,1,3,0,0,0.15923218602509498,0.03598373473529585,0.051,Away
2787,8007,8,S8,2,SEA,SEA,OAK,0,0,0,0,0,0,1,0,0,0,1,0,0,0,0,0,0,2,0,0,-0.4880952380952381,-0.038779265743130634,-0.0753,Away
2789,8006,8,S8,2,MIA,FLA,MTL,0,0,0,0,1,1,0,0,0,0,2,0,0,0,0,0,0,3,0,0,-0.9659336697909159,-0.08154797987950183,-0.0586,Home
2789,8009,8,S8,3,MIA,FLA,LAD,0,0,0,1,1,0,0,0,0,0,1,0,0,1,1,1,1,3,0,0,0.2500843163509098,0.050084076801073914,0.0349,Away
2789,10243,10,S10,1,MIA,FLA,PHI,0,0,0,0,0,0,0,1,0,0,1,1,0,0,0,0,0,3,0,0,-0.6355368234250222,-0.053221111485788244,-0.056100000000000004,Away
2789,11244,11,S11,1,FLA,FLA,SFG,0,0,2,0,1,0,0,0,0,0,0,0,0,0,0,2,4,3,1,2,2.7693562878590265,0.29318635683842836,0.2941,Away
2795,9006,9,S9,2,MTL,MTL,CIN,0,0,0,0,0,0,0,1,0,1,0,0,0,0,0,0,0,2,0,0,-0.22695417789757422,-0.015308759743624811,-0.027100000000000003,Home
2795,9009,9,S9,3,MTL,MTL,COL,1,0,0,0,0,0,0,0,0,0,1,0,0,0,0,1,4,2,1,2,1.3802089871875347,0.14540755676488606,0.18369999999999997,Away
2800,10244,10,S10,1,STL,STL,ATL,0,0,1,0,0,0,0,2,0,0,0,0,0,0,0,1,2,3,1,0,0.16512866015971592,0.02684543687268556,0.0463,Home
2800,11250,11,S11,3,STL,STL,PHI,0,1,0,0,0,0,0,0,0,0,0,2,0,0,0,1,3,3,1,1,0.44339622641509435,0.06059035069403511,-0.013399999999999995,Away
2802,10248,10,S10,2,SFG,SFG,ATL,0,0,0,0,0,0,0,2,0,0,1,0,0,0,0,0,0,3,0,0,-0.7005646527385658,-0.05972389441714262,-0.1511,Home
2802,12241,12,S12,17,SFG,SFG,CHC,0,0,0,0,0,0,0,0,0,1,0,0,0,0,0,0,0,1,0,0,-0.09477124183006541,0.002454611474219312,-0.025099999999999997,Away
2805,8004,8,S8,1,SEA,SEA,TOR,0,0,0,0,0,0,0,0,0,0,1,2,0,0,0,0,0,3,0,0,-0.9649744829438625,-0.08145206119479648,-0.1045,Away
2805,8007,8,S8,2,SEA,SEA,OAK,0,0,0,1,0,0,1,0,0,0,0,1,0,0,1,1,1,3,0,0,-1.2742296918767506,-0.10736245305488873,-0.0919,Away
2811,8004,8,S8,1,SEA,SEA,TOR,0,0,0,1,0,0,1,1,0,0,0,0,0,0,0,1,1,3,0,1,-0.35169218372280425,-0.02012383127269066,-0.014700000000000005,Away
2811,8007,8,S8,2,SEA,SEA,OAK,0,0,0,0,0,0,0,1,0,0,0,0,0,0,0,0,0,1,0,0,-0.136986301369863,-0.008683501103789713,-0.0026,Away
2812,8004,8,S8,1,SEA,SEA,TOR,0,0,1,0,0,0,1,0,0,0,1,0,0,0,0,1,2,3,1,0,-0.1354226622155711,0.0015031208780326502,-0.008299999999999995,Away
2812,8007,8,S8,2,SEA,SEA,OAK,0,0,0,0,0,0,1,0,0,0,0,0,0,0,0,0,0,1,0,0,-0.3704481792717087,-0.032029688893974284,-0.0074,Away
2815,10248,10,S10,2,ATL,ATL,SFG,0,0,2,0,0,0,0,1,0,0,0,0,0,0,0,2,4,3,0,0,1.9259235044132068,0.20292492129803463,0.06160000000000001,Away
2821,9004,9,S9,1,TEX,TEX,KCR,0,0,0,1,1,0,0,0,0,0,0,0,0,0,2,1,1,2,0,0,-0.4737769080234834,-0.032604374710083116,-0.037399999999999996,Home
2821,9008,9,S9,2,TEX,TEX,MIN,0,0,0,0,0,0,0,1,0,0,0,2,0,0,0,0,0,3,0,0,-0.5285714285714286,-0.04177715578794394,-0.0621,Away
2824,9001,9,S9,1,PHI,PHI,CHC,0,0,0,1,0,0,0,0,0,0,0,0,0,0,0,1,1,1,0,2,1.9285714285714284,0.19655047188020913,0.1607,Away
2824,10243,10,S10,1,PHI,PHI,FLA,0,0,1,0,1,0,0,0,0,0,0,1,0,0,0,1,2,3,2,0,1.2782638414217362,0.13815895499888758,-0.0218,Home
2824,10247,10,S10,2,PHI,PHI,MIL,0,0,0,1,1,0,1,1,0,0,0,0,0,0,0,1,1,4,0,0,-0.1635467980295568,-0.0025779186606703884,0.033100000000000004,Away
2824,10249,10,S10,3,PHI,PHI,ATL,1,0,0,0,0,0,0,0,0,1,1,0,1,0,0,1,4,3,1,1,-0.1670767121077681,-0.006375100354062843,0.088,Home
2824,10251,10,S10,4,PHI,PHI,TBR,0,0,0,0,0,0,0,2,0,1,0,0,0,0,0,0,0,3,0,0,-0.20186335403726724,-0.009853764547012759,-0.11810000000000001,Home
2825,10243,10,S10,1,MIA,FLA,PHI,0,0,0,0,0,0,2,0,0,0,0,0,0,0,0,0,0,2,0,0,-0.3717100633356792,-0.030282625762425276,-0.0611,Away
2825,11244,11,S11,1,FLA,FLA,SFG,0,0,0,1,0,0,0,1,0,0,1,0,0,0,0,1,1,3,1,0,-0.1777236762020693,-0.0015216395676812579,-0.0053999999999999986,Away
2825,12243,12,S12,17,FLA,FLA,ATL,0,0,0,1,0,0,0,0,0,0,0,0,0,0,0,1,1,1,0,0,0.20588235294117652,0.0325199709513435,0.022799999999999997,Home
2827,9008,9,S9,2,MIN,MIN,TEX,0,0,1,1,0,0,0,0,0,0,1,0,0,0,0,2,3,3,2,1,1.2287490304392694,0.13395489011312584,0.1794,Home
2827,9010,9,S9,3,MIN,MIN,BAL,0,0,0,0,0,0,2,0,0,0,0,1,0,0,0,0,0,3,0,0,-0.5664092674568099,-0.04556093967648207,-0.0959,Away
2827,10241,10,S10,1,MIN,MIN,BAL,0,0,0,0,0,0,0,0,0,0,2,1,1,0,0,0,0,3,0,0,-1.179591836734694,-0.10762661281675542,-0.1279,Away
2827,12244,12,S12,17,MIN,MIN,TBR,1,0,0,0,0,0,0,0,0,1,0,0,0,0,0,1,4,2,1,1,1.0,0.1238634713144517,0.0843,Away
2833,10244,10,S10,1,STL,STL,ATL,0,0,0,0,1,0,0,1,0,0,0,1,0,0,1,0,0,3,0,0,-1.3006279434850865,-0.11628603320622335,-0.14400000000000002,Home
2834,9004,9,S9,1,TEX,TEX,KCR,0,0,0,0,0,0,3,0,0,0,0,0,0,0,0,0,0,3,0,0,-0.5285714285714286,-0.04177715578794394,-0.0535,Home
2834,9008,9,S9,2,TEX,TEX,MIN,0,0,0,0,0,0,1,0,0,0,1,1,0,0,0,0,0,3,0,0,-0.5710417902817836,-0.046024191958979443,-0.1199,Away
2835,10244,10,S10,1,STL,STL,ATL,0,0,0,1,0,0,1,0,0,0,0,0,0,0,0,1,1,2,0,0,1.4586808636498076,0.15275646693612344,0.0705,Home
2835,11247,11,S11,2,STL,STL,SFG,0,0,0,0,0,0,0,3,0,0,0,0,0,0,0,0,0,3,0,0,-1.5786575973402064,-0.14161503168149497,-0.0393,Home
2835,11250,11,S11,3,STL,STL,PHI,0,0,0,0,1,0,0,1,0,0,0,0,0,0,0,0,0,2,0,0,0.07082221683240364,0.017916040384924146,0.0115,Away
2835,12242,12,S12,17,OAK,OAK,CWS,0,0,0,0,0,0,0,0,0,1,0,0,0,0,0,0,0,1,0,0,-0.09477124183006541,0.002454611474219312,-0.025099999999999997,Away
2838,11241,11,S11,1,BOS,BOS,KCR,0,0,0,0,1,0,0,1,0,0,0,1,0,0,0,0,0,3,0,0,-0.891391213883766,-0.07288839333585093,-0.09839999999999999,Home
2844,11241,11,S11,1,BOS,BOS,KCR,0,0,2,0,0,0,0,0,0,0,0,1,0,0,0,2,4,3,2,1,1.7013399362644304,0.1863847216789687,0.1549,Home
2844,11245,11,S11,2,BOS,BOS,DET,0,0,0,1,0,0,1,1,0,0,0,0,0,0,0,1,1,3,0,0,-0.3291777831675964,-0.016667050264233967,-0.0356,Away
2845,9009,9,S9,3,MTL,MTL,COL,0,0,0,0,0,0,1,0,0,0,1,1,0,0,0,0,0,3,0,0,-0.6424703617103551,-0.053167049101836596,-0.2025,Away
2846,9009,9,S9,3,COL,COL,MTL,1,0,0,0,0,0,0,1,0,0,1,0,0,0,0,1,4,3,1,2,1.2430470525687725,0.13538469232607617,0.30599999999999994,Home
2846,11242,11,S11,1,COL,COL,MIL,0,0,0,0,0,0,0,1,0,1,0,1,0,0,0,0,0,3,0,0,-1.7568857080893514,-0.15943784275640946,-0.0586,Away
2848,10245,10,S10,2,CWS,CWS,BAL,0,0,0,0,1,0,1,0,0,1,1,1,0,0,0,0,0,5,0,0,-0.04030612244897977,0.01319033918295864,-0.0962,Home
2849,9005,9,S9,2,COL,COL,CHC,0,0,2,2,0,0,0,0,0,0,0,0,0,0,0,4,6,4,2,1,2.1638057895781873,0.23115389505008396,0.0597,Home
2849,9009,9,S9,3,COL,COL,MTL,0,0,0,1,0,0,0,0,0,1,1,0,0,0,0,1,1,3,0,0,-0.1556031458848724,-0.004480327519288324,-0.0353,Home
2849,9011,9,S9,4,COL,COL,BAL,0,0,0,0,1,0,0,1,0,0,0,1,0,0,1,0,0,3,0,0,-0.2230661300446775,-0.007533296912202531,-0.1047,Away
2850,9010,9,S9,3,BAL,BAL,MIN,0,0,0,0,0,0,1,1,0,0,0,0,0,0,0,0,0,2,0,0,-0.1682716094967323,-0.00944050290354062,-0.0257,Home
2852,11245,11,S11,2,DET,DET,BOS,0,0,1,0,0,0,0,0,0,0,1,0,0,0,0,1,2,2,0,0,-0.10422282120395321,0.0004115365812884589,-0.007999999999999997,Home
2852,11251,11,S11,4,DET,DET,PHI,0,0,0,0,0,0,1,1,0,0,0,1,0,0,0,0,0,3,0,0,-0.8080578805504328,-0.0645550600025176,-0.14279999999999998,Away
2854,10248,10,S10,2,SFG,SFG,ATL,0,0,0,0,0,0,0,2,0,0,0,1,0,0,0,0,0,3,0,0,-0.650278293135436,-0.054695258456829626,-0.117,Home
2854,11244,11,S11,1,SFG,SFG,FLA,0,0,0,0,0,0,1,1,0,1,0,0,0,0,0,0,0,3,0,0,0.21399594320486814,0.03765032237301249,-0.0291,Home
2854,11247,11,S11,2,SFG,SFG,STL,0,0,0,0,0,0,0,0,0,0,2,0,0,0,0,0,0,2,0,0,-0.5566037735849056,-0.04482655865680678,-0.026099999999999998,Away
2856,10242,10,S10,1,OAK,OAK,BOS,0,0,1,0,0,0,0,0,0,0,0,0,0,0,0,1,2,1,0,0,0.7724489795918368,0.080689088244755,0.0579,Home
2856,10246,10,S10,2,OAK,OAK,TBR,0,0,0,0,2,0,0,1,0,0,0,0,0,0,0,0,0,3,0,0,0.5818645640074211,0.0685190272574561,-0.029899999999999996,Away
2856,11243,11,S11,1,OAK,OAK,NYY,0,0,1,0,0,0,1,0,0,0,0,0,0,0,0,1,2,2,0,0,-0.09441707717569792,0.0013921109841139902,0.023600000000000003,Home
2857,9001,9,S9,1,PHI,PHI,CHC,0,0,0,0,0,0,0,0,0,0,1,0,0,0,0,0,0,1,0,0,0.7142857142857143,0.07512190045163773,-0.0592,Away
2857,10243,10,S10,1,PHI,PHI,FLA,0,0,0,1,0,0,0,1,0,1,0,0,0,0,0,1,1,3,0,1,-0.21635276399341719,-0.011302705542627745,0.0921,Home
2857,10249,10,S10,3,PHI,PHI,ATL,0,0,0,0,0,0,0,1,0,0,0,0,0,0,0,0,0,1,0,0,-0.21590909090909083,-0.01814671880533776,-0.0007000000000000001,Home
2857,11248,11,S11,2,PHI,PHI,MIL,0,0,0,2,0,0,0,0,0,1,0,0,0,0,0,2,2,3,0,0,-0.641229423328506,-0.047872214280324926,-0.004400000000000003,Home
2857,11250,11,S11,3,PHI,PHI,STL,0,0,1,0,0,0,1,0,0,0,0,0,0,0,0,1,2,2,1,0,2.1502754527829,0.22586136397997386,0.09280000000000001,Home
2857,11251,11,S11,4,PHI,PHI,DET,0,0,1,0,0,0,0,0,0,2,0,0,0,0,0,1,2,3,0,0,-0.4122807017543859,-0.024977342122912916,-0.0665,Home
2866,10243,10,S10,1,PHI,PHI,FLA,0,0,0,0,0,0,0,0,0,2,0,1,0,0,0,0,0,3,0,0,-1.6417327050760333,-0.15384069965088937,-0.06430000000000001,Home
2866,10247,10,S10,2,PHI,PHI,MIL,0,0,0,0,1,0,0,2,0,0,0,0,0,0,0,0,0,3,1,0,-0.26603809555191027,-0.01627123869847706,-0.0441,Away
2870,9002,9,S9,1,MIL,MIL,CIN,1,0,1,0,1,0,0,0,0,0,0,0,0,0,0,2,6,3,1,1,1.6391559296342098,0.1749955800326199,0.25680000000000003,Away
2870,10247,10,S10,2,MIL,MIL,PHI,0,0,0,0,0,0,0,0,0,1,0,1,0,0,0,0,0,2,0,0,-0.15084294587400182,-0.008195914016257539,-0.0721,Home
2870,11242,11,S11,1,MIL,MIL,COL,0,0,0,0,0,0,2,0,0,0,1,0,0,0,0,0,0,3,0,1,-1.8784428540446754,-0.17159355735194187,-0.046700000000000005,Home
2870,11248,11,S11,2,MIL,MIL,PHI,0,0,0,0,0,0,0,0,0,2,0,0,0,0,0,0,0,2,0,0,-0.7117761873780091,-0.060343800036117126,-0.13,Away
2873,10246,10,S10,2,OAK,OAK,TBR,0,0,0,0,1,0,0,1,0,0,0,1,0,0,0,0,0,3,0,0,-0.46400742115027843,-0.03606817125831387,-0.0543,Away
2878,9010,9,S9,3,BAL,BAL,MIN,0,0,0,0,0,0,0,1,0,0,0,1,0,0,0,0,0,2,0,0,-0.5840653242429047,-0.05101987437815786,-0.0572,Home
2878,9011,9,S9,4,BAL,BAL,COL,0,0,0,0,0,0,0,0,0,0,0,0,0,1,0,0,0,0,0,0,0.16701902748414377,0.02039523177148068,0.0139,Home
2878,11250,11,S11,3,PHI,PHI,STL,1,0,1,0,0,0,0,0,0,1,0,0,0,0,0,2,6,3,1,2,1.5267028254414656,0.16892101059667225,0.224,Home
2878,11251,11,S11,4,PHI,PHI,DET,0,0,0,0,0,0,0,1,0,1,0,0,0,0,0,0,0,2,0,0,-0.580907342916024,-0.04725691558991861,-0.0758,Home
2882,9002,9,S9,1,MIL,MIL,CIN,0,0,0,1,0,0,0,1,0,0,1,0,0,0,0,1,1,3,0,0,-0.47140581622900846,-0.03606059455370193,-0.018199999999999994,Away
2882,11242,11,S11,1,MIL,MIL,COL,0,0,2,0,0,0,0,1,0,0,0,0,0,0,0,2,4,3,2,0,2.6412907268170422,0.28037980073422997,0.1618,Home
2882,11248,11,S11,2,MIL,MIL,PHI,0,0,0,0,0,0,0,2,0,0,0,0,0,0,0,0,0,2,0,0,-0.48462564974360034,-0.03762874627267625,-0.0537,Away
2884,9005,9,S9,2,CHC,CHC,COL,0,0,0,1,0,0,0,0,0,0,0,1,0,0,0,1,1,2,0,0,-0.1008086253369272,-0.002694204487560109,0.028200000000000003,Away
2886,9003,9,S9,1,BOS,BOS,CLE,0,0,0,0,0,0,0,1,0,1,0,0,0,0,0,0,0,2,0,0,-0.4833659491193737,-0.04094993686580476,-0.06470000000000001,Home
2886,10242,10,S10,1,BOS,BOS,OAK,0,0,0,0,0,0,0,1,0,0,1,0,0,0,0,0,0,2,0,0,-0.2391304347826086,-0.017024662907118217,-0.056,Away
2889,10246,10,S10,2,TBR,TBR,OAK,0,0,0,1,0,0,0,0,0,0,0,1,0,0,0,1,1,2,0,0,-1.1047619047619048,-0.10358780990504783,0.004999999999999999,Home
2889,10250,10,S10,3,TBR,TBR,BAL,0,0,0,1,0,0,0,0,0,0,0,1,0,0,0,1,1,2,0,1,0.7108233036804463,0.07797071093918727,0.09299999999999999,Home
2889,11246,11,S11,2,TBR,TBR,NYY,0,0,1,0,1,0,0,0,0,0,0,1,0,0,0,1,2,3,1,0,0.7814634625780136,0.09439707431032704,0.037399999999999996,Home
2889,11249,11,S11,3,TBR,TBR,DET,0,0,0,1,0,0,1,1,0,0,0,0,0,0,0,1,1,3,0,0,-0.14095397054560543,0.002155330997965131,-0.022199999999999998,Home
2889,12244,12,S12,17,TBR,TBR,MIN,0,0,0,0,0,0,0,1,0,0,0,0,0,0,0,0,0,1,0,0,-0.5,-0.03806826434277415,-0.0404,Home
2893,10242,10,S10,1,OAK,OAK,BOS,0,0,0,0,0,0,0,0,0,0,0,0,0,0,0,0,0,1,0,0,-1.15,-0.11155580971442866,-0.10830000000000001,Home
2897,9001,9,S9,1,PHI,PHI,CHC,0,0,1,0,2,1,0,0,0,1,0,0,0,0,0,1,2,4,1,0,-1.9361982357265375,-0.17884650748038855,0.00540000000000001,Away
2897,10243,10,S10,1,PHI,PHI,FLA,0,0,0,1,1,0,1,0,0,0,0,0,0,0,0,1,1,3,0,0,0.36683868949878795,0.04701643980659277,0.005099999999999997,Home
2897,10247,10,S10,2,PHI,PHI,MIL,0,0,0,0,0,0,0,1,0,0,1,1,0,0,0,0,0,3,0,0,-1.179641131815045,-0.10763154232479052,-0.052599999999999994,Away
2897,10249,10,S10,3,PHI,PHI,ATL,0,1,0,0,1,0,0,0,0,0,1,0,1,0,0,1,3,3,1,1,0.8205009276437847,0.09238266362109245,0.0872,Home
2897,10251,10,S10,4,PHI,PHI,TBR,0,0,0,1,0,0,0,0,0,0,0,1,0,1,0,1,1,2,0,0,0.2846938775510202,0.03880195861181599,0.0507,Home
2898,10245,10,S10,2,CWS,CWS,BAL,1,0,0,1,1,1,1,0,0,0,0,0,0,0,0,2,5,4,1,1,1.335647796196093,0.1473415407618946,0.0634,Home
2902,9003,9,S9,1,BOS,BOS,CLE,0,0,0,1,0,0,1,0,0,0,0,0,0,0,0,1,1,2,0,0,-0.4321151716500555,-0.03582485911887294,0.0075,Home
2902,10242,10,S10,1,BOS,BOS,OAK,0,0,1,0,0,0,0,0,0,0,0,1,0,0,0,1,2,2,0,0,0.2846938775510202,0.03535776832624467,0.1436,Away
2902,11241,11,S11,1,BOS,BOS,KCR,0,1,1,0,0,0,0,0,0,0,0,1,0,0,0,2,5,3,1,2,0.8773946360153257,0.10399019165405825,0.1239,Home
2902,11245,11,S11,2,BOS,BOS,DET,0,0,0,1,0,0,1,0,0,0,0,1,0,0,0,1,1,3,0,0,-1.0163912138837659,-0.08538839333585092,-0.0003000000000000086,Away
2904,9002,9,S9,1,CIN,CIN,MIL,0,0,0,0,0,0,1,0,0,1,0,0,0,0,0,0,0,2,0,0,0.10435236841555406,0.017821894887688015,-0.055600000000000004,Home
2904,9006,9,S9,2,CIN,CIN,MTL,0,0,0,1,0,0,0,1,0,0,0,1,0,0,0,1,1,3,0,0,-0.5293800539083557,-0.04185801832163665,-0.0968,Away
2910,10248,10,S10,2,SFG,SFG,ATL,0,0,1,0,0,0,1,0,0,0,0,0,0,0,0,1,2,2,0,0,0.21266233766233766,0.028154614337376413,0.0269,Home
2913,9006,9,S9,2,MTL,MTL,CIN,1,0,0,1,0,0,1,0,0,0,0,0,0,0,0,2,5,3,2,1,0.8757686320003367,0.09865685026923258,0.128,Home
2913,9009,9,S9,3,MTL,MTL,COL,0,0,0,0,1,0,0,0,0,0,1,1,0,0,0,0,0,3,0,0,-0.3221922731356695,-0.021139240244368036,-0.0351,Away
2914,9002,9,S9,1,MIL,MIL,CIN,0,0,0,0,1,0,0,1,0,0,0,0,0,0,0,0,0,2,0,0,-0.2511048863990041,-0.017723830593767798,-0.022099999999999998,Away
2916,9003,9,S9,1,CLE,CLE,BOS,0,0,0,0,1,0,0,0,0,1,1,0,0,0,0,0,0,3,0,0,-0.7089551747085994,-0.05981553040166103,-0.0544,Away
2916,9007,9,S9,2,CLE,CLE,BAL,0,0,0,0,0,0,0,2,0,0,0,0,0,0,0,0,0,2,0,0,-0.7442844838193676,-0.06704179033580415,-0.05499999999999999,Away
2922,9010,9,S9,3,BAL,BAL,MIN,1,0,0,0,0,0,0,1,0,0,0,0,0,0,0,1,4,2,1,1,0.6397001809253038,0.07135667613866298,0.008400000000000001,Home
2922,10241,10,S10,1,BAL,BAL,MIN,0,0,0,0,0,0,1,0,0,0,0,1,0,0,0,0,0,2,0,0,-0.05798580301685896,0.001089800269456747,-0.0965,Home
2922,10245,10,S10,2,BAL,BAL,CWS,0,0,0,0,0,0,1,0,0,2,1,0,0,0,0,0,0,4,0,0,-0.5511978704525291,-0.04134302590296762,-0.1311,Away
2929,9002,9,S9,1,MIL,MIL,CIN,0,0,0,1,0,0,0,0,0,0,0,0,0,0,0,1,1,1,0,0,0.236068451075033,0.027300174130569604,0.019799999999999998,Away
2929,10247,10,S10,2,MIL,MIL,PHI,0,0,0,0,0,0,1,0,0,0,1,0,0,0,0,0,0,2,0,0,-0.4018633540372672,-0.033297954832584076,-0.0303,Home
2930,9003,9,S9,1,CLE,CLE,BOS,0,0,0,0,0,0,0,2,0,1,0,0,0,0,0,0,0,3,0,0,-0.07895418441349139,0.003184568627849771,-0.0434,Away
2931,10245,10,S10,2,BAL,BAL,CWS,0,0,0,0,0,0,0,0,0,1,2,0,0,0,0,0,0,3,0,0,-0.7739574090505768,-0.06706317004834371,-0.1055,Away
2931,10250,10,S10,3,BAL,BAL,TBR,0,0,0,0,0,0,0,1,0,0,0,1,1,0,0,0,0,2,0,0,-1.3785885167464116,-0.1309704711034985,-0.1827,Away
2932,9002,9,S9,1,CIN,CIN,MIL,0,0,0,1,0,0,0,0,0,0,0,1,1,0,0,1,1,2,0,0,-0.7464008859357698,-0.06725343054744437,-0.014600000000000002,Home
2932,9006,9,S9,2,CIN,CIN,MTL,0,0,0,1,0,0,0,2,0,0,0,0,0,0,0,1,1,3,0,0,-0.35949119373776917,-0.024869132304578,0.004100000000000006,Away
2933,9003,9,S9,1,BOS,BOS,CLE,0,0,0,2,0,0,0,0,0,0,0,0,0,0,0,2,2,2,0,0,-0.0722648822583003,0.000160169820302581,0.0823,Home
2933,10242,10,S10,1,BOS,BOS,OAK,0,0,0,0,1,0,0,0,0,0,0,1,0,0,0,0,0,2,0,0,-0.16530612244897974,-0.00964223167375533,-0.018900000000000007,Away
2933,11241,11,S11,1,BOS,BOS,KCR,0,0,1,1,0,0,0,0,0,0,1,0,0,0,0,2,3,3,1,0,0.5618374908665457,0.07243447713918023,0.0331,Home
2933,11245,11,S11,2,BOS,BOS,DET,0,0,0,0,0,0,1,0,0,0,1,1,1,0,0,0,0,3,0,0,-1.2472600583457512,-0.10847527778204943,-0.1674,Away
2942,9005,9,S9,2,COL,COL,CHC,0,0,0,1,0,0,0,0,0,2,0,0,0,0,0,1,1,3,0,0,-0.5074970225036044,-0.03966971518116153,-0.0216,Home
2942,12243,12,S12,17,ATL,ATL,FLA,0,0,0,0,0,0,0,1,0,0,0,0,0,0,0,0,0,1,0,0,-0.2941176470588235,-0.017480029048656497,-0.0218,Away
2943,11249,11,S11,3,DET,DET,TBR,1,0,0,0,0,0,0,1,0,0,1,0,0,0,0,1,4,3,1,1,0.4801659320715582,0.06426732125968149,0.1043,Away
2948,9002,9,S9,1,MIL,MIL,CIN,0,0,0,0,0,0,0,2,0,0,0,0,0,0,0,0,0,2,0,0,-0.524251499723198,-0.04503849192618718,-0.0833,Away
2948,10247,10,S10,2,MIL,MIL,PHI,0,0,0,0,0,0,0,1,0,0,1,0,0,0,0,0,0,2,0,0,-0.37755102040816324,-0.030866721469673678,-0.0238,Home
2948,11242,11,S11,1,MIL,MIL,COL,0,0,0,1,0,0,1,0,0,0,0,1,0,0,0,1,1,3,1,0,-1.0232097307642025,-0.08607024502389457,0.020300000000000002,Home
2948,11248,11,S11,2,MIL,MIL,PHI,0,0,0,0,0,0,0,1,0,1,0,0,0,0,0,0,0,2,0,0,-1.3080578805504328,-0.11997196935335949,-0.1699,Away
2949,9004,9,S9,1,TEX,TEX,KCR,0,0,0,1,0,0,0,0,0,0,1,0,0,0,0,1,1,2,0,0,0.14601410478898197,0.021988068525030807,0.0023,Home
2949,9008,9,S9,2,TEX,TEX,MIN,0,0,0,0,1,0,1,0,0,0,0,0,0,0,0,0,0,2,0,0,-0.1479162136696383,-0.007404963320831223,-0.012000000000000004,Away
2950,10243,10,S10,1,MIA,FLA,PHI,0,0,0,0,0,0,0,0,0,1,1,1,0,0,0,0,0,3,0,0,-0.5457409050576755,-0.04424151964905358,-0.06689999999999999,Away
2950,11244,11,S11,1,FLA,FLA,SFG,0,0,0,0,0,0,0,1,0,1,1,0,0,0,0,0,0,3,0,0,-0.8278919484788745,-0.06653846679536177,-0.0607,Away
2950,12243,12,S12,17,FLA,FLA,ATL,0,0,0,0,0,0,0,1,0,0,0,0,0,0,0,0,0,1,0,0,-0.09477124183006541,0.002454611474219312,-0.0248,Home
2951,9003,9,S9,1,CLE,CLE,BOS,0,1,0,1,0,0,1,0,0,0,0,0,0,1,0,2,4,3,1,2,2.7260566662342467,0.2873789827156899,0.2217,Away
2953,9007,9,S9,2,BAL,BAL,CLE,1,0,0,1,0,0,0,0,0,0,0,1,0,0,1,2,5,3,1,2,1.2983626176026108,0.14460957785252632,-0.0167,Home
2953,9011,9,S9,4,BAL,BAL,COL,0,0,0,0,1,0,1,0,0,0,0,0,0,0,0,0,0,2,0,0,-0.29711899118798607,-0.022325241072665997,-0.0218,Home
2953,10241,10,S10,1,BAL,BAL,MIN,0,0,1,0,0,0,0,0,0,0,1,0,0,0,0,1,2,2,0,0,0.2846938775510202,0.03535776832624467,0.07089999999999999,Home
2953,10250,10,S10,3,BAL,BAL,TBR,0,0,0,1,0,0,0,0,0,0,1,0,0,0,1,1,1,2,0,1,-0.13145519077196105,-0.002812948220482135,-0.045599999999999995,Away
2957,9002,9,S9,1,CIN,CIN,MIL,0,0,0,0,1,0,1,0,0,0,0,0,0,0,0,0,0,2,0,0,0.1015080004604581,0.01753745809217842,0.02,Home
2957,9006,9,S9,2,CIN,CIN,MTL,0,0,0,0,2,0,1,0,0,0,0,0,0,0,0,0,0,3,1,0,0.3023166257973853,0.041311649648937444,0.012799999999999999,Away
2959,10242,10,S10,1,OAK,OAK,BOS,1,0,0,0,1,0,0,0,0,0,0,0,0,0,0,1,4,2,1,1,0.9785714285714285,0.1047455234282855,0.2142,Home
2959,10246,10,S10,2,OAK,OAK,TBR,0,0,1,0,1,0,0,1,0,0,0,0,0,0,0,1,2,3,1,0,-0.7357142857142858,-0.0632388577147146,0.09759999999999999,Away
2959,11243,11,S11,1,OAK,OAK,NYY,0,0,0,0,0,0,1,1,0,0,0,0,0,0,0,0,0,2,0,0,-0.580907342916024,-0.04725691558991861,-0.0783,Home
2960,11249,11,S11,3,DET,DET,TBR,0,0,0,0,1,1,0,0,0,0,0,0,0,0,0,0,0,1,0,0,0.16666666666666652,0.022083576017508544,0.0,Away
2962,9001,9,S9,1,PHI,PHI,CHC,0,0,0,1,0,0,0,0,0,0,0,0,0,0,1,1,1,1,0,0,0.236068451075033,0.030993503153635908,-0.1669,Away
2962,10243,10,S10,1,PHI,PHI,FLA,0,0,0,1,0,0,0,0,0,0,1,1,1,0,0,1,1,3,0,1,0.475687666370896,0.05790133749380357,-0.0661,Home
2962,10247,10,S10,2,PHI,PHI,MIL,0,0,0,1,0,0,1,0,0,0,0,1,0,0,0,1,1,3,0,2,0.5679661608233033,0.06712918693904432,-0.06789999999999999,Away
2962,10249,10,S10,3,PHI,PHI,ATL,0,0,2,0,0,0,0,0,0,0,1,0,0,0,0,2,4,3,0,2,1.889019641629239,0.1992345350196379,0.1061,Home
2962,10251,10,S10,4,PHI,PHI,TBR,0,0,1,0,0,0,1,0,0,1,0,0,0,0,0,1,2,3,1,0,-0.08740017746228934,0.0015925531104850343,0.051899999999999995,Home
2962,11248,11,S11,2,PHI,PHI,MIL,0,0,0,1,0,0,0,0,0,1,0,0,0,0,0,1,1,2,1,0,-0.0735008549981161,0.0034837332018721745,0.011900000000000003,Home
2962,11250,11,S11,3,PHI,PHI,STL,0,0,0,0,0,0,0,1,0,1,0,0,0,0,0,0,0,2,0,0,-1.8784428540446756,-0.17701046670278375,-0.0491,Home
2963,9007,9,S9,2,BAL,BAL,CLE,0,0,1,0,0,0,0,1,0,0,0,1,0,0,0,1,2,3,1,0,0.23481586906244445,0.03456157397544336,0.039099999999999996,Home
2963,9010,9,S9,3,BAL,BAL,MIN,0,0,0,0,1,0,0,0,0,1,0,1,0,1,0,0,0,3,1,0,-0.012006861063464713,0.013572629985918749,0.0398,Home
2963,9011,9,S9,4,BAL,BAL,COL,1,0,0,0,0,0,0,1,0,0,0,0,0,0,0,1,4,2,1,1,1.4431818181818183,0.15170483986431443,0.14579999999999999,Home
2963,10241,10,S10,1,BAL,BAL,MIN,1,0,0,0,0,0,1,0,0,0,1,0,0,0,0,1,4,3,1,1,0.7122448979591834,0.08155706065263231,0.33429999999999993,Home
2963,10245,10,S10,2,BAL,BAL,CWS,0,0,2,0,0,0,0,1,0,0,1,0,0,0,0,2,4,4,1,0,2.4231440402247855,0.2560911651647638,0.3164,Away
2964,10242,10,S10,1,OAK,OAK,BOS,0,0,0,0,0,0,0,0,0,0,0,2,1,0,0,0,0,2,0,0,-0.865128660159716,-0.07962448544482895,-0.0818,Home
2964,11243,11,S11,1,OAK,OAK,NYY,0,0,0,1,0,0,0,0,0,0,1,1,0,0,0,1,1,3,0,0,-0.3092137875593344,-0.01467065070340776,0.019000000000000003,Home
2965,9009,9,S9,3,MTL,MTL,COL,0,0,0,0,0,0,3,0,0,0,0,0,0,0,0,0,0,3,0,0,-0.5051486859086924,-0.03943488152167033,-0.1144,Away
2967,9006,9,S9,2,MTL,MTL,CIN,1,0,1,0,0,0,1,0,0,0,0,0,0,0,0,2,6,3,1,2,1.5555655998055933,0.16663654704975825,0.20800000000000002,Home
2967,9009,9,S9,3,MTL,MTL,COL,0,0,1,1,0,0,0,0,0,0,0,1,0,0,0,2,3,3,0,0,-0.2655456738488528,-0.01547458031568636,0.06970000000000001,Away
2968,9003,9,S9,1,BOS,BOS,CLE,0,0,0,0,1,0,1,0,0,0,0,1,1,0,0,0,0,3,0,0,-0.8340767270981797,-0.07232768564061905,-0.010999999999999996,Home
2969,11244,11,S11,1,SFG,SFG,FLA,0,1,0,1,0,0,0,0,0,0,1,0,0,0,0,2,4,3,2,1,1.543671679197995,0.17061789597232518,0.044300000000000006,Home
2969,11247,11,S11,2,SFG,SFG,STL,0,0,0,0,1,0,0,0,0,1,0,0,0,0,0,0,0,2,0,0,-0.2163579978552589,-0.010801981083842109,-0.016699999999999996,Away
2970,9002,9,S9,1,MIL,MIL,CIN,0,0,0,0,0,0,0,0,0,0,0,3,0,0,0,0,0,3,0,0,-0.3404312668463613,-0.022963139615437216,-0.0986,Away
2970,10247,10,S10,2,MIL,MIL,PHI,0,0,0,0,1,0,0,0,0,0,1,0,0,0,0,0,0,2,0,0,0.18238283455674778,0.025126664026817427,0.048799999999999996,Home
2970,11242,11,S11,1,MIL,MIL,COL,0,1,0,0,0,0,0,1,0,1,0,0,0,0,0,1,3,3,0,1,0.202791461412151,0.03652987419374077,-0.0028999999999999963,Home
2970,11248,11,S11,2,MIL,MIL,PHI,0,0,1,0,0,0,0,0,0,0,0,0,0,0,0,1,2,1,0,0,0.9131161236424393,0.09672852171508582,0.10099999999999999,Away
2974,9001,9,S9,1,PHI,PHI,CHC,1,0,0,1,1,0,0,1,0,0,0,0,0,0,0,2,5,4,1,1,0.8039532794249775,0.09516864403476297,0.0761,Away
2974,10243,10,S10,1,PHI,PHI,FLA,0,0,0,0,1,0,0,0,0,0,0,0,0,0,0,0,0,1,0,0,0.543766578249337,0.05782084811050503,0.021,Home
2974,10247,10,S10,2,PHI,PHI,MIL,1,1,0,0,1,0,0,1,0,0,0,0,0,0,0,2,7,4,2,1,1.5773634161940013,0.1715131027616854,0.23270000000000002,Away
2974,10249,10,S10,3,PHI,PHI,ATL,0,0,0,0,1,0,0,0,0,0,1,0,0,0,0,0,0,2,1,0,-0.16530612244897974,-0.00964223167375533,-0.010600000000000002,Home
2974,10251,10,S10,4,PHI,PHI,TBR,1,0,0,0,0,0,1,1,0,0,0,0,0,0,0,1,4,3,1,2,1.1002148227712136,0.12035405313383532,0.057100000000000005,Home
2983,10248,10,S10,2,SFG,SFG,ATL,0,0,0,0,0,0,0,2,0,1,0,0,0,0,0,0,0,3,0,0,-0.4073203194321209,-0.03039946108649812,-0.10239999999999999,Home
2983,11244,11,S11,1,SFG,SFG,FLA,0,0,0,1,1,0,0,0,0,1,0,0,0,0,0,1,1,3,0,1,-0.7163912138837659,-0.05538839333585091,0.0244,Home
2983,11247,11,S11,2,SFG,SFG,STL,0,0,1,0,0,0,1,0,0,0,1,0,1,0,0,1,2,3,0,2,0.2928728143081556,0.04553800948334126,-0.0778,Away
2988,11245,11,S11,2,DET,DET,BOS,1,0,0,0,0,0,0,2,0,0,0,0,0,0,0,1,4,3,1,2,0.1543513957307061,0.03168586762559629,0.1644,Home
2988,11249,11,S11,3,DET,DET,TBR,0,0,1,1,0,0,0,0,0,1,0,0,0,1,0,2,3,3,2,0,0.9517504452956289,0.11684268193293046,0.0958,Away
2988,11251,11,S11,4,DET,DET,PHI,0,0,2,0,0,0,0,1,0,0,0,0,0,0,0,2,4,3,2,0,0.8088933024384861,0.09714005829637429,0.1605,Away
2990,10245,10,S10,2,CWS,CWS,BAL,0,0,0,1,0,0,1,1,0,0,2,0,0,0,0,1,1,5,0,0,-1.9454594131505676,-0.17732498988720014,-0.2713,Home
2992,10241,10,S10,1,MIN,MIN,BAL,0,0,0,1,0,0,0,1,0,0,1,0,0,0,0,1,1,3,0,0,-0.21298701298701306,-0.01096613044198734,-0.05190000000000001,Away
2996,11249,11,S11,3,DET,DET,TBR,2,0,0,0,1,0,0,0,0,1,0,0,0,0,0,2,8,4,2,4,1.9172971737519902,0.21339735477856656,0.2656,Away
2996,11251,11,S11,4,DET,DET,PHI,0,0,0,1,0,0,0,0,0,1,0,0,0,0,0,1,1,3,0,0,-0.6334547059472581,-0.04709474254220013,0.0711,Away
3000,11243,11,S11,1,NYY,NYY,OAK,0,0,0,0,1,0,0,0,0,1,0,0,0,0,0,0,0,2,0,0,-0.6749863163656266,-0.05666481293487888,-0.031199999999999995,Away
3000,12242,12,S12,17,CWS,CWS,OAK,1,0,0,0,0,0,0,0,0,0,0,0,0,0,0,1,4,1,1,1,1.0,0.11193173565722585,0.12300000000000001,Home
3003,10247,10,S10,2,MIL,MIL,PHI,0,0,0,0,0,0,0,0,0,1,1,0,0,0,0,0,0,2,0,0,-0.37755102040816324,-0.030866721469673678,-0.023299999999999998,Home
3003,11248,11,S11,2,MIL,MIL,PHI,0,0,0,0,0,0,1,0,0,1,0,0,0,0,0,0,0,2,0,0,-0.5566037735849056,-0.04482655865680678,-0.0513,Away
3006,10248,10,S10,2,SFG,SFG,ATL,0,0,0,0,1,0,0,0,0,0,1,0,0,0,0,0,0,2,1,0,0.09868421052631582,0.016756801623774235,0.033,Home
3006,11244,11,S11,1,SFG,SFG,FLA,1,0,0,1,1,0,0,0,0,1,0,0,0,0,0,2,5,4,2,2,0.9767902692357975,0.11934666432694732,0.18500000000000003,Home
3006,11247,11,S11,2,SFG,SFG,STL,0,0,0,1,0,0,0,1,0,0,0,1,0,0,0,1,1,3,1,0,-0.17616238873044687,-0.0013655108205190072,0.01,Away
3007,11247,11,S11,2,STL,STL,SFG,1,0,0,1,1,0,0,0,0,0,0,0,0,0,0,2,5,3,2,1,0.9081878082302529,0.10706950887555097,0.1528,Home
3007,11250,11,S11,3,STL,STL,PHI,0,0,1,0,1,0,1,0,0,0,0,0,0,0,0,1,2,3,0,1,0.6280669141950517,0.07905741947203083,0.054599999999999996,Away
3013,10242,10,S10,1,OAK,OAK,BOS,0,0,0,0,1,0,1,0,0,0,0,0,0,0,0,0,0,2,0,0,0.08571428571428563,0.015459809142571203,0.011000000000000003,Home
3013,10246,10,S10,2,OAK,OAK,TBR,0,0,0,0,1,0,2,0,0,0,0,0,0,0,0,0,0,3,0,0,0.5668879845791389,0.06702136931462786,-0.017999999999999995,Away
3013,12242,12,S12,17,OAK,OAK,CWS,0,0,0,0,0,0,0,0,0,0,1,0,0,0,0,0,0,1,0,0,-0.2941176470588235,-0.017480029048656497,-0.025099999999999997,Away
3021,10244,10,S10,1,ATL,ATL,STL,0,0,0,0,0,0,0,2,0,0,1,0,1,0,0,0,0,3,0,0,-1.6576479076479076,-0.15543221990807676,-0.1314,Away
3021,10248,10,S10,2,ATL,ATL,SFG,1,0,0,1,0,0,0,1,0,0,0,0,0,1,0,2,5,3,1,2,1.9191729323308273,0.205694054375368,0.21180000000000002,Away
3021,10249,10,S10,3,ATL,ATL,PHI,0,0,0,1,0,0,1,0,0,0,0,0,0,0,0,1,1,2,0,0,0.11586757641587359,0.018475138212730006,-0.003700000000000002,Away
3023,10245,10,S10,2,CWS,CWS,BAL,0,0,0,1,1,0,0,1,0,0,1,0,0,0,0,1,1,4,1,0,-0.15397593411086663,-0.0016208322688013692,0.0383,Home
3031,10247,10,S10,2,MIL,MIL,PHI,0,0,0,0,1,0,0,2,0,0,0,0,0,0,0,0,0,3,0,0,-0.284871339840284,-0.01815456312731444,0.0222,Home
3031,11248,11,S11,2,MIL,MIL,PHI,0,0,0,0,0,0,1,0,0,0,0,1,0,0,0,0,0,2,0,0,-0.5198340679284418,-0.04114958809116039,-0.06309999999999999,Away
3032,11247,11,S11,2,STL,STL,SFG,1,0,0,0,0,0,0,0,0,1,0,1,1,0,0,1,4,3,1,1,0.22715053763440873,0.03896578181596654,0.1023,Home
3032,11250,11,S11,3,STL,STL,PHI,0,0,0,0,1,0,0,0,0,0,0,2,0,0,0,0,0,3,0,0,-0.0053336103471968155,0.01571736701780599,-0.0049999999999999975,Away
3034,10246,10,S10,2,TBR,TBR,OAK,1,0,1,0,0,0,0,0,0,1,0,0,0,0,0,2,6,3,2,5,1.818530020703934,0.19218557292710736,0.2175,Home
3034,10250,10,S10,3,TBR,TBR,BAL,0,0,0,0,0,0,1,0,0,1,0,0,0,0,0,0,0,2,0,0,-0.10557920340529023,-0.0036695397693863796,-0.068,Home
3034,10251,10,S10,4,TBR,TBR,PHI,0,0,0,0,0,0,0,0,0,0,2,1,0,0,0,0,0,3,0,0,-1.5231537341377157,-0.14198280255705759,-0.059,Away
3037,11245,11,S11,2,DET,DET,BOS,0,0,0,0,0,0,2,1,0,0,0,0,0,0,0,0,0,3,0,0,-0.9370066021245528,-0.0774499321599296,-0.050800000000000005,Home
3037,11249,11,S11,3,DET,DET,TBR,0,0,0,0,0,0,0,1,0,1,0,2,0,0,0,0,0,4,0,0,-1.4231300437169696,-0.1206453669683294,-0.04870000000000001,Away
3037,11251,11,S11,4,DET,DET,PHI,0,1,0,1,0,0,1,0,0,0,0,0,0,1,0,2,4,3,1,0,0.5509495925891502,0.07676259666228258,0.0484,Away
3040,10243,10,S10,1,MIA,FLA,PHI,0,0,1,0,0,0,0,1,0,0,0,0,0,0,0,1,2,2,1,0,0.2846938775510202,0.03535776832624467,0.007800000000000001,Away
3040,11244,11,S11,1,FLA,FLA,SFG,0,0,1,0,1,0,0,0,0,1,0,0,0,0,0,1,2,3,1,0,0.9328634679678323,0.10953707484930891,-0.0462,Away
3042,11243,11,S11,1,NYY,NYY,OAK,0,0,1,0,0,0,0,0,0,0,0,0,0,0,0,1,2,1,0,1,1.0,0.10541690935084189,0.0479,Away
3042,11246,11,S11,2,NYY,NYY,TBR,0,0,0,0,0,0,0,1,0,0,1,0,1,0,0,0,0,2,0,0,-1.2083333333333333,-0.10999951463164953,-0.1341,Away
3046,11241,11,S11,1,BOS,BOS,KCR,1,0,1,0,0,0,0,1,0,0,0,0,0,0,0,2,6,3,2,3,2.085842860241039,0.22483501407662954,0.2331,Home
3046,11245,11,S11,2,BOS,BOS,DET,0,0,0,0,2,0,0,0,0,0,0,0,0,0,0,0,0,2,0,0,0.7139959432048681,0.08223341302217059,0.0645,Away
3051,10248,10,S10,2,ATL,ATL,SFG,0,0,0,2,0,0,1,0,0,0,0,0,0,0,2,2,2,3,0,1,0.9545872963983457,0.1126796810676912,0.0353,Away
3051,10249,10,S10,3,ATL,ATL,PHI,0,0,0,0,0,0,0,1,0,0,1,1,0,0,0,0,0,3,0,0,-1.4004606231207215,-0.1297134914553582,-0.08650000000000001,Away
3051,12243,12,S12,17,ATL,ATL,FLA,0,0,0,1,0,0,0,0,0,0,0,0,0,0,1,1,1,1,0,0,-0.09477124183006541,0.014386347131445164,-0.025099999999999997,Away
3056,10244,10,S10,1,ATL,ATL,STL,0,1,0,1,0,0,0,0,0,1,0,0,0,0,0,2,4,3,0,1,1.2603049124788255,0.13636306210459653,0.11080000000000001,Away
3056,10248,10,S10,2,ATL,ATL,SFG,0,0,0,0,1,0,0,1,0,0,1,0,0,0,0,0,0,3,1,0,0.2857142857142856,0.038903999428142516,-0.015099999999999999,Away
3056,10249,10,S10,3,ATL,ATL,PHI,0,0,0,0,1,0,0,1,0,0,0,1,0,0,0,0,0,3,0,0,-0.5521416471727031,-0.044881593860556346,-0.0794,Away
3056,12243,12,S12,17,ATL,ATL,FLA,0,0,0,0,0,0,1,0,0,0,0,0,0,0,0,0,0,1,0,0,-0.2941176470588235,-0.017480029048656497,-0.024,Away
3058,10245,10,S10,2,CWS,CWS,BAL,0,0,0,0,1,1,1,2,0,0,0,0,0,0,0,0,0,4,0,0,-0.45469586635253806,-0.03169282549296852,-0.13069999999999998,Home
3061,10241,10,S10,1,BAL,BAL,MIN,0,0,0,0,0,0,1,0,0,1,0,0,0,0,0,0,0,2,0,0,-0.2391304347826086,-0.017024662907118217,-0.0479,Home
3061,10245,10,S10,2,BAL,BAL,CWS,0,0,0,0,1,0,2,0,0,0,0,0,0,0,1,0,0,3,0,0,-0.3586956521739129,-0.022092804075106002,-0.09409999999999999,Away
3085,11243,11,S11,1,NYY,NYY,OAK,0,0,1,1,0,0,0,0,0,1,0,0,0,1,0,2,3,3,2,0,0.9517504452956289,0.11684268193293046,0.065,Away
3092,11247,11,S11,2,STL,STL,SFG,0,0,0,0,1,0,0,1,0,0,1,0,0,0,0,0,0,3,1,0,-0.49987007232017977,-0.033736279179492304,0.013999999999999999,Home
3092,11250,11,S11,3,STL,STL,PHI,0,0,0,0,0,0,0,0,0,1,0,2,1,0,0,0,0,3,0,0,-1.4553179388961839,-0.1292810658370927,-0.0814,Away
3093,11243,11,S11,1,OAK,OAK,NYY,0,0,0,0,0,0,0,0,0,1,1,0,0,0,0,0,0,2,0,0,-0.5566037735849056,-0.04482655865680678,-0.0372,Home
3093,12242,12,S12,17,OAK,OAK,CWS,0,0,0,0,0,0,0,0,0,1,0,0,0,0,0,0,0,1,0,0,-0.2941176470588235,-0.017480029048656497,-0.0236,Away
3094,12244,12,S12,17,MIN,MIN,TBR,0,0,0,0,0,0,0,0,0,0,1,0,0,0,0,0,0,1,0,0,-0.2941176470588235,-0.017480029048656497,-0.0152,Away
3099,12241,12,S12,17,CHC,CHC,SFG,0,0,0,1,0,0,0,0,0,0,0,0,0,0,0,1,1,1,0,0,0.0,0.011931735657225852,0.0169,Home
3101,11242,11,S11,1,COL,COL,MIL,0,0,0,0,0,0,0,1,0,1,1,0,0,0,0,0,0,3,0,0,-0.4285714285714285,-0.026606414804617173,-0.11939999999999999,Away
3102,11242,11,S11,1,COL,COL,MIL,0,0,0,0,1,0,1,0,0,0,0,1,0,0,0,0,0,3,0,0,-0.4494490944341989,-0.028694181390894212,-0.003700000000000002,Away
3103,11249,11,S11,3,DET,DET,TBR,0,0,0,0,0,0,0,2,0,1,0,1,0,0,0,0,0,4,0,1,-1.4024749577261306,-0.11857985836924549,-0.013099999999999997,Away
3105,11242,11,S11,1,MIL,MIL,COL,0,0,0,0,0,0,0,1,0,1,1,0,0,0,0,0,0,3,0,0,-0.18600405679513188,-0.002349677626987519,-0.0359,Home
3105,11248,11,S11,2,MIL,MIL,PHI,0,0,0,0,0,0,1,0,0,0,0,0,0,0,0,0,0,1,0,0,-1.0,-0.09458309064915811,-0.0529,Away
3118,11245,11,S11,2,DET,DET,BOS,0,0,1,2,0,0,0,0,0,0,0,0,0,1,1,3,4,3,0,1,1.202791461412151,0.14736369289542456,0.018900000000000014,Home
3118,11249,11,S11,3,DET,DET,TBR,0,0,1,0,0,0,1,1,0,0,0,0,0,0,0,1,2,3,0,0,-0.16187019272318726,6.370878020695026e-05,-0.0283,Away
3118,11251,11,S11,4,DET,DET,PHI,0,0,0,1,0,0,1,1,0,0,0,0,0,0,1,1,1,3,0,1,-0.7604388329313851,-0.05437624588977094,0.06670000000000002,Away
3121,12242,12,S12,17,CWS,CWS,OAK,0,0,0,0,0,0,1,0,0,0,0,0,0,0,0,0,0,1,0,0,-0.09477124183006541,0.002454611474219312,-0.02,Home
3126,11246,11,S11,2,TBR,TBR,NYY,1,1,0,0,0,0,0,0,0,0,0,0,0,0,0,2,7,2,1,2,2.119047619047619,0.2227385806064457,0.2419,Home
3126,12244,12,S12,17,TBR,TBR,MIN,0,0,0,0,0,0,1,0,0,0,0,0,0,0,0,0,0,1,0,0,-0.09477124183006541,0.002454611474219312,-0.0274,Home
3138,12242,12,S12,17,CWS,CWS,OAK,0,0,1,0,0,0,0,0,0,0,0,0,0,0,0,1,2,1,0,1,0.0,0.011931735657225852,0.1018,Home
3139,11242,11,S11,1,MIL,MIL,COL,0,1,0,1,0,0,0,0,0,0,0,0,0,0,0,2,4,2,1,2,2.2848481497862303,0.2393186336803068,0.26349999999999996,Home
3139,11248,11,S11,2,MIL,MIL,PHI,0,0,1,0,0,0,0,0,0,0,1,1,1,0,0,1,2,3,0,1,2.7919421194495673,0.29544493999748245,-0.07920000000000002,Away
3144,11242,11,S11,1,COL,COL,MIL,0,0,0,1,0,0,0,1,0,0,1,0,0,0,0,1,1,3,1,1,-0.4803114571746385,-0.03178041766493818,0.0777,Away
3155,11246,11,S11,2,TBR,TBR,NYY,0,0,1,0,0,0,0,0,0,1,0,0,0,0,0,1,2,2,0,0,-0.044468596933599946,0.006386959008323784,0.008100000000000003,Home
3155,11249,11,S11,3,TBR,TBR,DET,0,0,0,0,0,0,0,1,0,0,1,0,0,0,0,0,0,3,0,0,-1.5531609195402298,-0.13906536390149732,-0.0252,Home
3156,11244,11,S11,1,FLA,FLA,SFG,0,0,0,0,0,0,0,1,0,1,0,0,0,0,0,0,0,2,0,0,-0.6528854667573293,-0.05445472797404914,-0.0232,Away
3156,12243,12,S12,17,FLA,FLA,ATL,0,0,0,0,1,0,0,0,0,0,0,0,0,0,0,0,0,1,0,0,0.011111111111111127,0.013042846768336966,0.0294,Home
3159,11248,11,S11,2,MIL,MIL,PHI,0,0,0,0,0,0,0,1,0,0,0,0,0,0,0,0,0,1,0,0,-0.3448275862068966,-0.029065849269847767,-0.0199,Away
3168,11244,11,S11,1,SFG,SFG,FLA,0,0,0,1,0,0,0,1,0,0,1,0,0,0,0,1,1,3,0,0,-0.5117761873780091,-0.03492689068527524,-0.014100000000000001,Home
3168,11247,11,S11,2,SFG,SFG,STL,0,0,0,0,1,0,0,0,0,0,0,0,0,0,0,0,0,1,1,0,0.6588235294117647,0.07129926229201836,0.0005,Away
3182,12242,12,S12,17,OAK,OAK,CWS,0,0,0,0,0,0,0,1,0,0,0,0,0,0,0,0,0,1,0,0,-0.09477124183006541,0.002454611474219312,-0.0294,Away
3191,11250,11,S11,3,STL,STL,PHI,0,0,0,0,0,0,0,1,0,0,0,0,0,0,0,0,0,1,0,0,-0.3448275862068966,-0.029065849269847767,-0.0196,Away
3193,11241,11,S11,1,BOS,BOS,KCR,0,0,1,1,0,0,0,0,0,0,0,0,0,0,0,2,3,2,1,1,1.3978494623655913,0.15061876493824292,0.0786,Home
3193,11245,11,S11,2,BOS,BOS,DET,0,0,0,0,0,0,1,0,0,0,1,0,0,0,0,0,0,2,0,0,-0.6161157611008654,-0.050777757408402756,-0.06509999999999999,Away
3223,12241,12,S12,17,CHC,CHC,SFG,0,0,0,0,0,0,1,0,0,0,0,0,0,0,0,0,0,1,0,0,0.0,0.011931735657225852,-0.0313,Home
3227,12242,12,S12,17,OAK,OAK,CWS,0,0,0,0,0,0,0,0,0,0,0,0,0,0,0,0,0,1,0,0,-0.5,-0.03806826434277415,-0.0637,Away
3247,12243,12,S12,17,FLA,FLA,ATL,0,0,0,0,0,0,0,0,0,1,0,0,0,0,0,0,0,1,0,0,-0.5,-0.03806826434277415,-0.0255,Home
3249,12244,12,S12,17,MIN,MIN,TBR,0,0,0,0,0,0,0,0,0,0,1,0,0,0,0,0,0,1,0,0,0.0,0.011931735657225852,-0.0124,Away
3254,12243,12,S12,17,ATL,ATL,FLA,0,0,0,0,0,0,1,0,0,0,0,0,0,0,0,0,0,1,0,0,-0.09477124183006541,0.002454611474219312,-0.027200000000000002,Away
3295,1001,1,S1,1,PHI,PHI,OAK,0,0,0,0,0,0,1,1,0,0,0,0,0,0,0,0,0,2,0,0,-0.1666666666666666,-0.009716312056737583,-0.0666,Home
3304,12243,12,S12,17,FLA,FLA,ATL,0,0,0,0,0,0,0,0,0,0,0,1,0,0,0,0,0,1,0,0,0.0,0.011931735657225852,-0.0369,Home
3311,12242,12,S12,17,CWS,CWS,OAK,0,0,0,0,0,0,0,0,0,1,0,0,0,0,0,0,0,1,0,0,0.0,0.011931735657225852,-0.0288,Home
