G,PA,AB,H,R,1B,2B,3B,HR,TB,RBI,BB,IBB,K,Auto K,SB,CS,SH,SF,GIDP,RGO,LGO,FO,PO,LO,AVG,OBP,SLG,OPS,ISO,BABIP,SB%,HR%,SO%,BB%,GB%,FB%,GB/FB,Avg Diff,nOBP,nSLG,RE24,WPA,GB_outs,FB_outs,Type,Season,Hitter ID,is_sub_row,Team,Last Team,Last Session,WAR
4.0,8.0,8.0,2.0,0.0,1.0,0.0,1.0,0.0,4.0,0.0,0.0,0.0,0.0,0.0,0.0,0.0,0.0,0.0,0.0,0.0,3.0,1.0,2.0,0.0,0.25,0.25,0.5,0.75,0.25,0.25,,0.0,0.0,0.0,0.5,0.5,1.0,299.375,0.25,0.5,-0.3918833850022403,0.044300000000000006,3.0,3.0,BC,S3,-2.0,False,OAK,OAK,16,-0.009460241823486865
8.0,21.0,19.0,5.0,1.0,2.0,2.0,0.0,1.0,10.0,4.0,2.0,0.0,5.0,0.0,0.0,1.0,0.0,0.0,0.0,0.0,4.0,3.0,2.0,0.0,0.2631578947368421,0.3333333333333333,0.5263157894736842,0.8596491228070176,0.2631578947368421,0.3076923076923077,0.0,0.047619047619047616,0.23809523809523808,0.09523809523809523,0.4444444444444444,0.5555555555555556,0.8,280.3636363636364,0.3333333333333333,0.5263157894736842,-0.1643447939790631,-0.16000000000000003,4.0,5.0,BP,S3,1.0,False,ARI,ARI,15,0.06160177437852875
2.0,3.0,3.0,1.0,0.0,0.0,1.0,0.0,0.0,2.0,0.0,0.0,0.0,1.0,0.0,0.0,0.0,0.0,0.0,0.0,0.0,1.0,0.0,0.0,0.0,0.3333333333333333,0.3333333333333333,0.6666666666666666,1.0,0.3333333333333333,0.5,,0.0,0.3333333333333333,0.0,1.0,0.0,,269.3333333333333,0.3333333333333333,0.6666666666666666,-0.10443674411450315,-0.013799999999999986,1.0,0.0,BN,S3,3.0,False,ARI,ARI,3,0.0007043618423261206
3.0,4.0,4.0,2.0,0.0,1.0,1.0,0.0,0.0,3.0,0.0,0.0,0.0,1.0,1.0,0.0,1.0,0.0,0.0,0.0,0.0,0.0,1.0,0.0,0.0,0.5,0.5,0.75,1.25,0.25,0.6666666666666666,0.0,0.0,0.25,0.0,0.0,1.0,0.0,202.0,0.5,0.75,-0.5899198362612997,-0.1493,0.0,1.0,TT,S3,5.0,False,ARI,ARI,13,-0.04412793528776139
8.0,19.0,12.0,2.0,3.0,2.0,0.0,0.0,0.0,2.0,1.0,6.0,1.0,6.0,1.0,0.0,0.0,0.0,1.0,0.0,1.0,1.0,2.0,0.0,0.0,0.16666666666666666,0.42105263157894735,0.16666666666666666,0.587719298245614,0.0,0.2857142857142857,,0.0,0.3157894736842105,0.3157894736842105,0.4,0.6,0.6666666666666666,239.75,0.42105263157894735,0.16666666666666666,-0.9965901328082734,-0.20389999999999991,2.0,3.0,BP,S3,6.0,False,ARI,ARI,11,-0.029054783673576567
7.0,21.0,17.0,5.0,2.0,2.0,2.0,1.0,0.0,9.0,3.0,3.0,0.0,5.0,0.0,0.0,0.0,0.0,1.0,1.0,1.0,2.0,3.0,0.0,0.0,0.29411764705882354,0.38095238095238093,0.5294117647058824,0.9103641456582633,0.23529411764705882,0.38461538461538464,,0.0,0.23809523809523808,0.14285714285714285,0.5,0.5,1.0,256.0,0.38095238095238093,0.5294117647058824,-0.33929460207060325,0.1571,4.0,4.0,S,S3,7.0,False,ARI,ARI,16,0.04410679356937473
7.0,18.0,16.0,4.0,2.0,2.0,0.0,1.0,1.0,9.0,5.0,1.0,0.0,6.0,0.0,0.0,0.0,0.0,1.0,0.0,1.0,1.0,2.0,2.0,0.0,0.25,0.2777777777777778,0.5625,0.8402777777777778,0.3125,0.3,,0.05555555555555555,0.3333333333333333,0.05555555555555555,0.2857142857142857,0.7142857142857143,0.4,248.11111111111111,0.2777777777777778,0.5625,1.4472143342621793,0.16030000000000005,2.0,5.0,BN,S3,8.0,False,ARI,ARI,14,0.21160965094887657
11.0,30.0,26.0,5.0,4.0,1.0,0.0,0.0,4.0,17.0,7.0,4.0,0.0,13.0,2.0,0.0,0.0,0.0,0.0,1.0,1.0,0.0,6.0,0.0,0.0,0.19230769230769232,0.3,0.6538461538461539,0.9538461538461538,0.46153846153846156,0.1111111111111111,,0.13333333333333333,0.43333333333333335,0.13333333333333333,0.25,0.75,0.3333333333333333,208.0,0.3,0.6538461538461539,0.9802866534038674,-0.15600000000000008,2.0,6.0,TT,S3,9.0,False,ARI,ARI,16,0.20950902787815112
5.0,13.0,10.0,3.0,1.0,3.0,0.0,0.0,0.0,3.0,0.0,3.0,3.0,4.0,0.0,1.0,0.0,0.0,0.0,0.0,0.0,2.0,1.0,0.0,0.0,0.3,0.46153846153846156,0.3,0.7615384615384615,0.0,0.5,1.0,0.0,0.3076923076923077,0.23076923076923078,0.6666666666666666,0.3333333333333333,2.0,250.0909090909091,0.46153846153846156,0.3,-0.10558482055302473,0.03499999999999998,2.0,1.0,1B,S3,10.0,False,ARI,ARI,14,0.037749675044395414
9.0,23.0,22.0,6.0,1.0,3.0,3.0,0.0,0.0,9.0,0.0,1.0,0.0,6.0,1.0,0.0,1.0,0.0,0.0,2.0,2.0,2.0,2.0,2.0,0.0,0.2727272727272727,0.30434782608695654,0.4090909090909091,0.7134387351778657,0.1363636363636364,0.375,0.0,0.0,0.2608695652173913,0.043478260869565216,0.6,0.4,1.5,271.0,0.30434782608695654,0.4090909090909091,-2.5365533267144578,-0.6458999999999999,6.0,4.0,BC,S3,11.0,False,ARI,ARI,16,-0.16818705472582643
14.0,37.0,29.0,7.0,7.0,3.0,2.0,0.0,2.0,15.0,5.0,7.0,0.0,6.0,1.0,0.0,0.0,0.0,1.0,1.0,1.0,2.0,9.0,3.0,0.0,0.2413793103448276,0.3783783783783784,0.5172413793103449,0.8956197576887233,0.27586206896551724,0.22727272727272727,,0.05405405405405406,0.16216216216216217,0.1891891891891892,0.23529411764705882,0.7647058823529411,0.3076923076923077,244.83333333333334,0.3783783783783784,0.5172413793103449,-0.22321583123900762,-0.24570000000000003,4.0,13.0,SM,S3,12.0,False,ARI,ARI,16,0.11517086400600862
14.0,41.0,31.0,8.0,6.0,5.0,2.0,0.0,1.0,13.0,4.0,10.0,1.0,7.0,0.0,1.0,0.0,0.0,0.0,0.0,3.0,1.0,10.0,2.0,0.0,0.25806451612903225,0.43902439024390244,0.41935483870967744,0.8583792289535799,0.16129032258064518,0.30434782608695654,1.0,0.024390243902439025,0.17073170731707318,0.24390243902439024,0.25,0.75,0.3333333333333333,204.73170731707316,0.43902439024390244,0.41935483870967744,2.9106507307680127,0.5402999999999999,4.0,12.0,WC,S3,13.0,False,ARI,ARI,16,0.4434215685450792
13.0,32.0,24.0,4.0,6.0,2.0,0.0,1.0,1.0,9.0,6.0,8.0,0.0,11.0,1.0,0.0,0.0,0.0,0.0,0.0,0.0,3.0,4.0,2.0,0.0,0.16666666666666666,0.375,0.375,0.75,0.20833333333333334,0.25,,0.03125,0.34375,0.25,0.3333333333333333,0.6666666666666666,0.5,235.41935483870967,0.375,0.375,3.0448951540214484,0.6445999999999998,3.0,6.0,TT,S3,14.0,False,ARI,ARI,16,0.4234019021090935
16.0,43.0,40.0,10.0,6.0,3.0,4.0,0.0,3.0,23.0,9.0,3.0,0.0,13.0,0.0,0.0,0.0,0.0,0.0,1.0,4.0,2.0,6.0,4.0,0.0,0.25,0.3023255813953488,0.575,0.8773255813953488,0.32499999999999996,0.2916666666666667,,0.06976744186046512,0.3023255813953488,0.06976744186046512,0.4117647058823529,0.5882352941176471,0.7,257.69767441860466,0.3023255813953488,0.575,3.1375976772914367,0.33110000000000006,7.0,10.0,BP,S3,15.0,False,ARI,ARI,16,0.473548287366606
11.0,26.0,25.0,7.0,4.0,4.0,1.0,0.0,2.0,14.0,6.0,1.0,0.0,5.0,0.0,0.0,0.0,0.0,0.0,3.0,3.0,2.0,4.0,1.0,0.0,0.28,0.3076923076923077,0.56,0.8676923076923078,0.28,0.2777777777777778,,0.07692307692307693,0.19230769230769232,0.038461538461538464,0.6153846153846154,0.38461538461538464,1.6,257.6923076923077,0.3076923076923077,0.56,1.2776253349998137,0.036000000000000025,8.0,5.0,BP,S3,16.0,False,ARI,ARI,15,0.22437884769937716
15.0,43.0,38.0,5.0,5.0,2.0,2.0,0.0,1.0,10.0,1.0,5.0,1.0,8.0,0.0,0.0,0.0,0.0,0.0,3.0,5.0,6.0,10.0,1.0,0.0,0.13157894736842105,0.23255813953488372,0.2631578947368421,0.49571603427172584,0.13157894736842105,0.13793103448275862,,0.023255813953488372,0.18604651162790697,0.11627906976744186,0.56,0.44,1.2727272727272727,280.6341463414634,0.23255813953488372,0.2631578947368421,-5.906894851452088,-1.1124,14.0,11.0,BP,S3,17.0,False,2TM,ARI,16,-0.4309009655077466
4.0,12.0,10.0,1.0,2.0,0.0,0.0,0.0,1.0,4.0,1.0,2.0,0.0,0.0,0.0,0.0,0.0,0.0,0.0,2.0,2.0,1.0,4.0,0.0,0.0,0.1,0.25,0.4,0.65,0.30000000000000004,0.0,,0.08333333333333333,0.0,0.16666666666666666,0.5555555555555556,0.4444444444444444,1.25,264.90909090909093,0.25,0.4,-1.0965333154435788,-0.4166,5.0,4.0,BP,S3,17.0,True,COL,COL,5,-0.06506118652925214
11.0,31.0,28.0,4.0,3.0,2.0,2.0,0.0,0.0,6.0,0.0,3.0,1.0,8.0,0.0,0.0,0.0,0.0,0.0,1.0,3.0,5.0,6.0,1.0,0.0,0.14285714285714285,0.22580645161290322,0.21428571428571427,0.4400921658986175,0.07142857142857142,0.2,,0.0,0.25806451612903225,0.0967741935483871,0.5625,0.4375,1.2857142857142858,286.4,0.22580645161290322,0.21428571428571427,-4.810361536008509,-0.6958000000000001,9.0,7.0,BP,S3,17.0,True,ARI,ARI,16,-0.3658397789784944
6.0,9.0,9.0,4.0,2.0,2.0,1.0,1.0,0.0,7.0,1.0,0.0,0.0,0.0,0.0,0.0,0.0,0.0,0.0,1.0,2.0,1.0,0.0,1.0,0.0,0.4444444444444444,0.4444444444444444,0.7777777777777778,1.2222222222222223,0.33333333333333337,0.4444444444444444,,0.0,0.0,0.0,0.8,0.2,4.0,254.66666666666666,0.4444444444444444,0.7777777777777778,0.3904352769808033,0.28130000000000005,4.0,1.0,1B,S3,18.0,False,BOS,BOS,15,0.07248763645940964
1.0,1.0,1.0,0.0,0.0,0.0,0.0,0.0,0.0,0.0,0.0,0.0,0.0,0.0,0.0,0.0,0.0,0.0,0.0,0.0,0.0,0.0,1.0,0.0,0.0,0.0,0.0,0.0,0.0,0.0,0.0,,0.0,0.0,0.0,0.0,1.0,0.0,258.0,0.0,0.0,-0.18866416053370044,0.0,0.0,1.0,BC,S3,19.0,False,BOS,BOS,4,-0.015150403968777898
7.0,17.0,16.0,5.0,2.0,2.0,1.0,1.0,1.0,11.0,3.0,1.0,0.0,3.0,2.0,0.0,0.0,0.0,0.0,0.0,1.0,0.0,3.0,4.0,0.0,0.3125,0.35294117647058826,0.6875,1.0404411764705883,0.375,0.3333333333333333,,0.058823529411764705,0.17647058823529413,0.058823529411764705,0.125,0.875,0.14285714285714285,207.73333333333332,0.35294117647058826,0.6875,1.732703827490024,-0.2753,1.0,7.0,BN,S3,23.0,False,BOS,BOS,7,0.23644258818706887
15.0,38.0,32.0,10.0,4.0,4.0,3.0,3.0,0.0,19.0,3.0,5.0,0.0,9.0,0.0,1.0,0.0,0.0,1.0,0.0,3.0,2.0,6.0,2.0,0.0,0.3125,0.39473684210526316,0.59375,0.9884868421052632,0.28125,0.4166666666666667,1.0,0.0,0.23684210526315788,0.13157894736842105,0.35714285714285715,0.6428571428571429,0.5555555555555556,232.0,0.39473684210526316,0.59375,0.7804816172551473,-0.48780000000000007,5.0,9.0,S,S3,24.0,False,2TM,BOS,16,0.21925662094001627
3.0,6.0,5.0,3.0,3.0,0.0,1.0,2.0,0.0,8.0,0.0,1.0,0.0,1.0,0.0,0.0,0.0,0.0,0.0,0.0,0.0,0.0,0.0,1.0,0.0,0.6,0.6666666666666666,1.6,2.2666666666666666,1.0,0.75,,0.0,0.16666666666666666,0.16666666666666666,0.0,1.0,0.0,176.16666666666666,0.6666666666666666,1.6,1.046302267790393,0.11009999999999999,0.0,1.0,S,S3,24.0,True,MTL,MTL,3,0.1269262992865922
12.0,32.0,27.0,7.0,1.0,4.0,2.0,1.0,0.0,11.0,3.0,4.0,0.0,8.0,0.0,1.0,0.0,0.0,1.0,0.0,3.0,2.0,6.0,1.0,0.0,0.25925925925925924,0.34375,0.4074074074074074,0.7511574074074074,0.14814814814814814,0.35,1.0,0.0,0.25,0.125,0.38461538461538464,0.6153846153846154,0.625,242.46875,0.34375,0.4074074074074074,-0.26582065053524595,-0.5979000000000001,5.0,8.0,S,S3,24.0,True,BOS,BOS,16,0.09233032165342406
14.0,38.0,36.0,7.0,7.0,1.0,2.0,1.0,3.0,20.0,5.0,2.0,0.0,8.0,0.0,0.0,0.0,0.0,0.0,3.0,4.0,7.0,6.0,1.0,0.0,0.19444444444444445,0.23684210526315788,0.5555555555555556,0.7923976608187134,0.36111111111111116,0.16,,0.07894736842105263,0.21052631578947367,0.05263157894736842,0.6666666666666666,0.3333333333333333,2.0,272.2368421052632,0.23684210526315788,0.5555555555555556,-0.965430383519742,-0.5132000000000001,14.0,7.0,HK,S3,25.0,False,BOS,BOS,15,0.04466542086252734
12.0,31.0,25.0,10.0,6.0,4.0,5.0,0.0,1.0,18.0,6.0,6.0,0.0,4.0,0.0,3.0,0.0,0.0,0.0,2.0,5.0,1.0,1.0,2.0,0.0,0.4,0.5161290322580645,0.72,1.2361290322580645,0.31999999999999995,0.45,1.0,0.03225806451612903,0.12903225806451613,0.1935483870967742,0.7272727272727273,0.2727272727272727,2.6666666666666665,222.5625,0.5161290322580645,0.72,3.3659754415449816,0.7561,8.0,3.0,WC,S3,26.0,False,BOS,BOS,15,0.45179391877685465
2.0,4.0,4.0,0.0,0.0,0.0,0.0,0.0,0.0,0.0,0.0,0.0,0.0,0.0,0.0,0.0,0.0,0.0,0.0,0.0,2.0,2.0,0.0,0.0,0.0,0.0,0.0,0.0,0.0,0.0,0.0,,0.0,0.0,0.0,1.0,0.0,,428.75,0.0,0.0,-0.6232478295485894,-0.1078,4.0,0.0,XB,S3,27.0,False,BOS,BOS,16,-0.04746073461649035
12.0,29.0,29.0,4.0,1.0,4.0,0.0,0.0,0.0,4.0,1.0,0.0,0.0,6.0,0.0,0.0,0.0,0.0,0.0,2.0,4.0,3.0,6.0,4.0,0.0,0.13793103448275862,0.13793103448275862,0.13793103448275862,0.27586206896551724,0.0,0.17391304347826086,,0.0,0.20689655172413793,0.0,0.47368421052631576,0.5263157894736842,0.9,315.17241379310343,0.13793103448275862,0.13793103448275862,-6.777361985898815,-1.2171,9.0,10.0,S,S3,28.0,False,BOS,BOS,16,-0.5699718481367093
16.0,45.0,43.0,15.0,7.0,10.0,1.0,0.0,4.0,28.0,9.0,2.0,0.0,7.0,0.0,2.0,0.0,0.0,0.0,0.0,3.0,6.0,11.0,1.0,0.0,0.3488372093023256,0.37777777777777777,0.6511627906976745,1.0289405684754522,0.3023255813953489,0.34375,1.0,0.08888888888888889,0.15555555555555556,0.044444444444444446,0.42857142857142855,0.5714285714285714,0.75,224.2340425531915,0.37777777777777777,0.6511627906976745,4.058632434511132,-0.19450000000000003,9.0,12.0,BC,S3,29.0,False,BOS,BOS,16,0.5730837872577598
3.0,6.0,6.0,1.0,1.0,0.0,0.0,0.0,1.0,4.0,1.0,0.0,0.0,1.0,0.0,0.0,0.0,0.0,0.0,0.0,1.0,1.0,0.0,2.0,0.0,0.16666666666666666,0.16666666666666666,0.6666666666666666,0.8333333333333333,0.5,0.0,,0.16666666666666666,0.16666666666666666,0.0,0.5,0.5,1.0,335.5,0.16666666666666666,0.6666666666666666,0.1424445673989838,-0.13329999999999997,2.0,2.0,XB,S3,30.0,False,BOS,BOS,16,0.036540529247451256
11.0,26.0,23.0,6.0,6.0,2.0,3.0,0.0,1.0,12.0,4.0,3.0,0.0,3.0,1.0,0.0,0.0,0.0,0.0,0.0,3.0,3.0,3.0,5.0,0.0,0.2608695652173913,0.34615384615384615,0.5217391304347826,0.8678929765886287,0.2608695652173913,0.2631578947368421,,0.038461538461538464,0.11538461538461539,0.11538461538461539,0.42857142857142855,0.5714285714285714,0.75,262.32,0.34615384615384615,0.5217391304347826,1.2945079159187813,0.03990000000000004,6.0,8.0,BN,S3,31.0,False,2TM,BOS,16,0.2260671057912739
6.0,15.0,13.0,3.0,3.0,1.0,1.0,0.0,1.0,7.0,3.0,2.0,0.0,0.0,0.0,0.0,0.0,0.0,0.0,0.0,1.0,3.0,1.0,5.0,0.0,0.23076923076923078,0.3333333333333333,0.5384615384615384,0.8717948717948718,0.30769230769230765,0.16666666666666666,,0.06666666666666667,0.0,0.13333333333333333,0.4,0.6,0.6666666666666666,286.8666666666667,0.3333333333333333,0.5384615384615384,0.8893022649718156,0.0844,4.0,6.0,BN,S3,31.0,True,MIL,MIL,7,0.14467040776606374
5.0,11.0,10.0,3.0,3.0,1.0,2.0,0.0,0.0,5.0,1.0,1.0,0.0,3.0,1.0,0.0,0.0,0.0,0.0,0.0,2.0,0.0,2.0,0.0,0.0,0.3,0.36363636363636365,0.5,0.8636363636363636,0.2,0.42857142857142855,,0.0,0.2727272727272727,0.09090909090909091,0.5,0.5,1.0,225.5,0.36363636363636365,0.5,0.40520565094696537,-0.04450000000000001,2.0,2.0,BN,S3,31.0,True,BOS,BOS,16,0.08139669802521014
16.0,45.0,40.0,9.0,11.0,0.0,2.0,0.0,7.0,32.0,10.0,5.0,0.0,10.0,0.0,0.0,0.0,0.0,0.0,0.0,1.0,2.0,18.0,0.0,0.0,0.225,0.3111111111111111,0.8,1.1111111111111112,0.5750000000000001,0.08695652173913043,,0.15555555555555556,0.2222222222222222,0.1111111111111111,0.14285714285714285,0.8571428571428571,0.16666666666666666,203.88636363636363,0.3111111111111111,0.8,3.2990257720411886,0.934,3.0,18.0,BP,S3,32.0,False,BOS,BOS,16,0.49712312101076545
16.0,45.0,38.0,9.0,5.0,4.0,1.0,1.0,3.0,21.0,11.0,6.0,0.0,6.0,0.0,0.0,0.0,0.0,1.0,2.0,5.0,2.0,10.0,4.0,0.0,0.23684210526315788,0.3333333333333333,0.5526315789473685,0.8859649122807018,0.3157894736842106,0.2,,0.06666666666666667,0.13333333333333333,0.13333333333333333,0.375,0.625,0.6,234.57777777777778,0.3333333333333333,0.5526315789473685,3.0706687940784914,0.8542,9.0,15.0,BC,S3,33.0,False,BOS,BOS,16,0.4742874232144957
8.0,23.0,20.0,5.0,5.0,1.0,1.0,1.0,2.0,14.0,4.0,3.0,0.0,8.0,0.0,0.0,0.0,0.0,0.0,1.0,1.0,1.0,2.0,2.0,0.0,0.25,0.34782608695652173,0.7,1.0478260869565217,0.44999999999999996,0.3,,0.08695652173913043,0.34782608695652173,0.13043478260869565,0.42857142857142855,0.5714285714285714,0.75,248.0,0.34782608695652173,0.7,1.1867811509214001,0.2036,3.0,4.0,S,S3,34.0,False,BOS,BOS,16,0.2041463930377594
13.0,27.0,24.0,3.0,3.0,1.0,2.0,0.0,0.0,5.0,0.0,3.0,0.0,6.0,1.0,0.0,0.0,0.0,0.0,1.0,2.0,3.0,7.0,2.0,0.0,0.125,0.2222222222222222,0.20833333333333334,0.4305555555555556,0.08333333333333334,0.16666666666666666,,0.0,0.2222222222222222,0.1111111111111111,0.4,0.6,0.6666666666666666,264.92,0.2222222222222222,0.20833333333333334,-2.7620029996453295,-0.44159999999999994,6.0,9.0,BP,S3,35.0,False,BOS,BOS,16,-0.17586797368054502
12.0,30.0,27.0,9.0,5.0,2.0,4.0,1.0,2.0,21.0,3.0,3.0,0.0,7.0,1.0,1.0,3.0,0.0,0.0,0.0,5.0,1.0,2.0,3.0,0.0,0.3333333333333333,0.4,0.7777777777777778,1.1777777777777778,0.4444444444444445,0.3888888888888889,0.25,0.06666666666666667,0.23333333333333334,0.1,0.5454545454545454,0.45454545454545453,1.2,245.12121212121212,0.4,0.7777777777777778,0.29373749638811525,0.018700000000000022,6.0,5.0,WC,S3,36.0,False,CLE,CLE,16,0.1408541121765759
3.0,7.0,7.0,2.0,0.0,0.0,2.0,0.0,0.0,4.0,0.0,0.0,0.0,1.0,0.0,0.0,0.0,0.0,0.0,0.0,0.0,1.0,3.0,0.0,0.0,0.2857142857142857,0.2857142857142857,0.5714285714285714,0.8571428571428571,0.2857142857142857,0.3333333333333333,,0.0,0.14285714285714285,0.0,0.25,0.75,0.3333333333333333,220.42857142857142,0.2857142857142857,0.5714285714285714,-1.041474690901031,-0.0721,1.0,3.0,BP,S3,40.0,False,CLE,CLE,16,-0.0781353844979581
13.0,40.0,37.0,9.0,2.0,5.0,3.0,0.0,1.0,15.0,5.0,3.0,0.0,6.0,2.0,0.0,0.0,0.0,0.0,0.0,6.0,4.0,8.0,4.0,0.0,0.24324324324324326,0.3,0.40540540540540543,0.7054054054054054,0.16216216216216217,0.26666666666666666,,0.025,0.15,0.075,0.45454545454545453,0.5454545454545454,0.8333333333333334,262.44736842105266,0.3,0.40540540540540543,-1.726737302611785,-0.5173000000000001,10.0,12.0,BC,S3,41.0,False,CLE,CLE,14,-0.024033246877492663
8.0,18.0,14.0,1.0,2.0,0.0,0.0,0.0,1.0,4.0,1.0,4.0,1.0,6.0,0.0,0.0,0.0,0.0,0.0,0.0,2.0,2.0,3.0,0.0,0.0,0.07142857142857142,0.2777777777777778,0.2857142857142857,0.5634920634920635,0.21428571428571427,0.0,,0.05555555555555555,0.3333333333333333,0.2222222222222222,0.5714285714285714,0.42857142857142855,1.3333333333333333,275.2352941176471,0.2777777777777778,0.2857142857142857,-1.4333926267413526,-0.34219999999999995,4.0,3.0,TT,S3,42.0,False,CLE,CLE,13,-0.07645104515147663
3.0,6.0,6.0,0.0,0.0,0.0,0.0,0.0,0.0,0.0,0.0,0.0,0.0,3.0,2.0,0.0,0.0,0.0,0.0,1.0,1.0,0.0,1.0,0.0,0.0,0.0,0.0,0.0,0.0,0.0,0.0,,0.0,0.5,0.0,0.6666666666666666,0.3333333333333333,2.0,274.75,0.0,0.0,-2.3758070765171797,-0.2322,2.0,1.0,MH,S3,43.0,False,CLE,CLE,14,-0.21528463514416513
9.0,24.0,20.0,6.0,5.0,2.0,2.0,0.0,2.0,14.0,4.0,4.0,0.0,8.0,0.0,0.0,0.0,0.0,0.0,0.0,2.0,0.0,4.0,0.0,0.0,0.3,0.4166666666666667,0.7,1.1166666666666667,0.39999999999999997,0.4,,0.08333333333333333,0.3333333333333333,0.16666666666666666,0.3333333333333333,0.6666666666666666,0.5,194.54166666666666,0.4166666666666667,0.7,4.051963063162274,0.4302000000000001,2.0,4.0,WC,S3,44.0,False,2TM,CLE,11,0.49438059634643894
7.0,19.0,15.0,5.0,5.0,1.0,2.0,0.0,2.0,13.0,4.0,4.0,0.0,7.0,0.0,0.0,0.0,0.0,0.0,0.0,1.0,0.0,2.0,0.0,0.0,0.3333333333333333,0.47368421052631576,0.8666666666666667,1.3403508771929824,0.5333333333333334,0.5,,0.10526315789473684,0.3684210526315789,0.21052631578947367,0.3333333333333333,0.6666666666666666,0.5,186.78947368421052,0.47368421052631576,0.8666666666666667,4.289070030602561,0.48240000000000005,1.0,2.0,WC,S3,44.0,True,NYM,NYM,8,0.4995112326675069
2.0,5.0,5.0,1.0,0.0,1.0,0.0,0.0,0.0,1.0,0.0,0.0,0.0,1.0,0.0,0.0,0.0,0.0,0.0,0.0,1.0,0.0,2.0,0.0,0.0,0.2,0.2,0.2,0.4,0.0,0.25,,0.0,0.2,0.0,0.3333333333333333,0.6666666666666666,0.5,224.0,0.2,0.2,-0.23710696744028606,-0.05220000000000001,1.0,2.0,WC,S3,44.0,True,CLE,CLE,11,-0.005130636321067877
13.0,33.0,27.0,3.0,1.0,1.0,2.0,0.0,0.0,5.0,0.0,6.0,0.0,6.0,0.0,2.0,1.0,0.0,0.0,1.0,1.0,6.0,8.0,2.0,0.0,0.1111111111111111,0.2727272727272727,0.18518518518518517,0.4579124579124579,0.07407407407407407,0.14285714285714285,0.6666666666666666,0.0,0.18181818181818182,0.18181818181818182,0.4444444444444444,0.5555555555555556,0.8,276.1388888888889,0.2727272727272727,0.18518518518518517,-3.2841294902035694,-0.6344000000000001,8.0,10.0,BC,S3,45.0,False,CLE,CLE,16,-0.20578455022881617
15.0,40.0,36.0,12.0,8.0,2.0,4.0,2.0,4.0,32.0,7.0,4.0,0.0,9.0,0.0,0.0,1.0,0.0,0.0,1.0,2.0,5.0,4.0,3.0,0.0,0.3333333333333333,0.4,0.8888888888888888,1.2888888888888888,0.5555555555555556,0.34782608695652173,0.0,0.1,0.225,0.1,0.5333333333333333,0.4666666666666667,1.1428571428571428,222.609756097561,0.4,0.8888888888888888,3.9285412493132505,0.35950000000000004,8.0,7.0,XB,S3,46.0,False,CLE,CLE,16,0.5414946083150108
13.0,32.0,21.0,7.0,3.0,3.0,2.0,1.0,1.0,14.0,6.0,8.0,0.0,3.0,0.0,2.0,0.0,0.0,3.0,0.0,3.0,3.0,4.0,1.0,0.0,0.3333333333333333,0.46875,0.6666666666666666,1.1354166666666665,0.3333333333333333,0.3,1.0,0.03125,0.09375,0.25,0.42857142857142855,0.5714285714285714,0.75,207.1764705882353,0.46875,0.6666666666666666,3.1596021805750762,0.4113,6.0,8.0,1B,S3,47.0,False,CLE,CLE,15,0.4348726047644563
2.0,6.0,6.0,2.0,2.0,0.0,1.0,0.0,1.0,6.0,1.0,0.0,0.0,1.0,0.0,0.0,0.0,0.0,0.0,1.0,0.0,1.0,1.0,0.0,0.0,0.3333333333333333,0.3333333333333333,1.0,1.3333333333333333,0.6666666666666667,0.25,,0.16666666666666666,0.16666666666666666,0.0,0.6666666666666666,0.3333333333333333,2.0,244.66666666666666,0.3333333333333333,1.0,0.4914296477304073,-0.0053999999999999986,2.0,1.0,WC,S3,48.0,False,CLE,CLE,16,0.0714390372805936
7.0,20.0,17.0,7.0,3.0,5.0,2.0,0.0,0.0,9.0,0.0,3.0,0.0,1.0,0.0,1.0,1.0,0.0,0.0,1.0,3.0,1.0,4.0,0.0,0.0,0.4117647058823529,0.5,0.5294117647058824,1.0294117647058822,0.11764705882352944,0.4375,0.5,0.0,0.05,0.15,0.5555555555555556,0.4444444444444444,1.25,219.77272727272728,0.5,0.5294117647058824,-1.135992129497625,-0.17709999999999998,5.0,4.0,1B,S3,49.0,False,CLE,CLE,16,-0.039278971257919584
2.0,5.0,5.0,1.0,0.0,1.0,0.0,0.0,0.0,1.0,1.0,0.0,0.0,1.0,0.0,0.0,0.0,0.0,0.0,0.0,0.0,1.0,2.0,0.0,0.0,0.2,0.2,0.2,0.4,0.0,0.25,,0.0,0.2,0.0,0.3333333333333333,0.6666666666666666,0.5,290.6,0.2,0.2,-0.008140206875418443,-0.0133,1.0,2.0,BP,S3,50.0,False,CLE,CLE,15,0.017766039735418883
1.0,3.0,3.0,0.0,0.0,0.0,0.0,0.0,0.0,0.0,0.0,0.0,0.0,1.0,0.0,0.0,0.0,0.0,0.0,0.0,1.0,1.0,0.0,0.0,0.0,0.0,0.0,0.0,0.0,0.0,0.0,,0.0,0.3333333333333333,0.0,1.0,0.0,,397.6666666666667,0.0,0.0,-0.7378991128535294,-0.055999999999999994,2.0,0.0,BN,S3,51.0,False,TOR,TOR,6,-0.0626418750315765
13.0,34.0,30.0,4.0,1.0,0.0,1.0,3.0,0.0,11.0,3.0,4.0,0.0,4.0,0.0,0.0,0.0,0.0,0.0,1.0,3.0,7.0,5.0,6.0,0.0,0.13333333333333333,0.23529411764705882,0.36666666666666664,0.6019607843137255,0.2333333333333333,0.15384615384615385,,0.0,0.11764705882352941,0.11764705882352941,0.5,0.5,1.0,277.3529411764706,0.23529411764705882,0.36666666666666664,-3.7414216873919033,-0.6307000000000001,11.0,11.0,EN,S3,52.0,False,2TM,CLE,16,-0.24779775786305738
10.0,26.0,22.0,3.0,1.0,0.0,1.0,2.0,0.0,8.0,3.0,4.0,0.0,0.0,0.0,0.0,0.0,0.0,0.0,1.0,3.0,6.0,4.0,5.0,0.0,0.13636363636363635,0.2692307692307692,0.36363636363636365,0.6328671328671329,0.2272727272727273,0.13636363636363635,,0.0,0.0,0.15384615384615385,0.5263157894736842,0.47368421052631576,1.1111111111111112,281.96153846153845,0.2692307692307692,0.36363636363636365,-2.2371437847710465,-0.3842,10.0,9.0,EN,S3,52.0,True,MIL,MIL,11,-0.12709806427770887
3.0,8.0,8.0,1.0,0.0,0.0,0.0,1.0,0.0,3.0,0.0,0.0,0.0,4.0,0.0,0.0,0.0,0.0,0.0,0.0,0.0,1.0,1.0,1.0,0.0,0.125,0.125,0.375,0.5,0.25,0.25,,0.0,0.5,0.0,0.3333333333333333,0.6666666666666666,0.5,262.375,0.125,0.375,-1.5042779026208564,-0.2465,1.0,2.0,EN,S3,52.0,True,CLE,CLE,16,-0.12069969358534846
3.0,5.0,4.0,1.0,1.0,0.0,0.0,0.0,1.0,4.0,1.0,1.0,0.0,1.0,1.0,0.0,0.0,0.0,0.0,0.0,0.0,0.0,2.0,0.0,0.0,0.25,0.4,1.0,1.4,0.75,0.0,,0.2,0.2,0.2,0.0,1.0,0.0,125.0,0.4,1.0,0.3198915322500132,-0.074,0.0,2.0,BN,S3,53.0,False,2TM,CLE,12,0.050569213647962054
2.0,4.0,3.0,1.0,1.0,0.0,0.0,0.0,1.0,4.0,1.0,1.0,0.0,1.0,1.0,0.0,0.0,0.0,0.0,0.0,0.0,0.0,1.0,0.0,0.0,0.3333333333333333,0.5,1.3333333333333333,1.8333333333333333,1.0,0.0,,0.25,0.25,0.25,0.0,1.0,0.0,90.5,0.5,1.3333333333333333,0.7814299937884748,0.026999999999999996,0.0,1.0,BN,S3,53.0,True,TOR,TOR,4,0.09300704771721606
1.0,1.0,1.0,0.0,0.0,0.0,0.0,0.0,0.0,0.0,0.0,0.0,0.0,0.0,0.0,0.0,0.0,0.0,0.0,0.0,0.0,0.0,1.0,0.0,0.0,0.0,0.0,0.0,0.0,0.0,0.0,,0.0,0.0,0.0,0.0,1.0,0.0,194.0,0.0,0.0,-0.46153846153846156,-0.10099999999999999,0.0,1.0,BN,S3,53.0,True,CLE,CLE,12,-0.04243783406925401
7.0,20.0,16.0,4.0,2.0,1.0,1.0,0.0,2.0,11.0,5.0,3.0,0.0,1.0,0.0,1.0,0.0,0.0,1.0,0.0,2.0,2.0,4.0,3.0,0.0,0.25,0.35,0.6875,1.0375,0.4375,0.14285714285714285,1.0,0.1,0.05,0.15,0.3333333333333333,0.6666666666666666,0.5,240.61904761904762,0.35,0.6875,1.0516270443815399,-0.16399999999999995,4.0,8.0,EN,S3,54.0,False,CLE,CLE,16,0.17948294612999688
15.0,37.0,33.0,8.0,4.0,5.0,1.0,0.0,2.0,15.0,4.0,4.0,0.0,10.0,1.0,0.0,1.0,0.0,0.0,0.0,3.0,5.0,5.0,2.0,0.0,0.24242424242424243,0.32432432432432434,0.45454545454545453,0.7788697788697789,0.2121212121212121,0.2857142857142857,0.0,0.05405405405405406,0.2702702702702703,0.10810810810810811,0.5333333333333333,0.4666666666666667,1.1428571428571428,259.0,0.32432432432432434,0.45454545454545453,-1.6110998467555584,0.10379999999999995,8.0,7.0,BN,S3,55.0,False,CLE,CLE,16,-0.02361753754564646
3.0,6.0,6.0,0.0,0.0,0.0,0.0,0.0,0.0,0.0,0.0,0.0,0.0,3.0,0.0,0.0,0.0,0.0,0.0,0.0,0.0,0.0,2.0,1.0,0.0,0.0,0.0,0.0,0.0,0.0,0.0,,0.0,0.5,0.0,0.0,1.0,0.0,274.3333333333333,0.0,0.0,-1.44334300239984,-0.49870000000000003,0.0,3.0,S,S3,56.0,False,2TM,CLE,11,-0.12203822773243111
2.0,5.0,5.0,0.0,0.0,0.0,0.0,0.0,0.0,0.0,0.0,0.0,0.0,3.0,0.0,0.0,0.0,0.0,0.0,0.0,0.0,0.0,2.0,0.0,0.0,0.0,0.0,0.0,0.0,0.0,0.0,,0.0,0.6,0.0,0.0,1.0,0.0,265.0,0.0,0.0,-1.2546788418661394,-0.4359,0.0,2.0,S,S3,56.0,True,TOR,TOR,5,-0.10688782376365322
1.0,1.0,1.0,0.0,0.0,0.0,0.0,0.0,0.0,0.0,0.0,0.0,0.0,0.0,0.0,0.0,0.0,0.0,0.0,0.0,0.0,0.0,0.0,1.0,0.0,0.0,0.0,0.0,0.0,0.0,0.0,,0.0,0.0,0.0,0.0,1.0,0.0,321.0,0.0,0.0,-0.18866416053370044,-0.06280000000000001,0.0,1.0,S,S3,56.0,True,CLE,CLE,11,-0.015150403968777898
9.0,17.0,17.0,3.0,2.0,1.0,0.0,0.0,2.0,9.0,4.0,0.0,0.0,7.0,0.0,0.0,0.0,0.0,0.0,0.0,1.0,1.0,2.0,3.0,0.0,0.17647058823529413,0.17647058823529413,0.5294117647058824,0.7058823529411765,0.3529411764705882,0.125,,0.11764705882352941,0.4117647058823529,0.0,0.2857142857142857,0.7142857142857143,0.4,277.94117647058823,0.17647058823529413,0.5294117647058824,0.730010634411627,-0.05620000000000004,2.0,5.0,HK,S3,57.0,False,CHC,CHC,16,0.13617326887922915
1.0,3.0,3.0,1.0,0.0,1.0,0.0,0.0,0.0,1.0,0.0,0.0,0.0,1.0,0.0,0.0,0.0,0.0,0.0,0.0,0.0,1.0,0.0,0.0,0.0,0.3333333333333333,0.3333333333333333,0.3333333333333333,0.6666666666666666,0.0,0.5,,0.0,0.3333333333333333,0.0,1.0,0.0,,307.0,0.3333333333333333,0.3333333333333333,-0.6193884310727049,0.017499999999999988,1.0,0.0,BN,S3,60.0,False,LAD,LAD,15,-0.050790806853494054
4.0,9.0,8.0,2.0,1.0,1.0,0.0,0.0,1.0,5.0,2.0,0.0,0.0,2.0,1.0,0.0,0.0,0.0,1.0,0.0,1.0,0.0,2.0,1.0,0.0,0.25,0.2222222222222222,0.625,0.8472222222222222,0.375,0.16666666666666666,,0.1111111111111111,0.2222222222222222,0.0,0.2,0.8,0.25,239.875,0.2222222222222222,0.625,-0.37054147276626226,-0.21489999999999998,1.0,4.0,TT,S3,62.0,False,CHC,CHC,5,-0.003610038515296915
16.0,38.0,29.0,8.0,6.0,1.0,2.0,2.0,3.0,23.0,5.0,9.0,0.0,4.0,0.0,4.0,1.0,0.0,0.0,1.0,3.0,2.0,6.0,5.0,0.0,0.27586206896551724,0.4473684210526316,0.7931034482758621,1.2404718693284937,0.5172413793103449,0.22727272727272727,0.8,0.07894736842105263,0.10526315789473684,0.23684210526315788,0.35294117647058826,0.6470588235294118,0.5454545454545454,233.0952380952381,0.4473684210526316,0.7931034482758621,3.3219510690622824,0.35580000000000006,6.0,11.0,S,S3,63.0,False,CHC,CHC,16,0.47340356612072976
16.0,42.0,40.0,12.0,7.0,3.0,5.0,2.0,2.0,27.0,11.0,2.0,1.0,7.0,0.0,3.0,1.0,0.0,0.0,0.0,6.0,5.0,3.0,7.0,0.0,0.3,0.3333333333333333,0.675,1.0083333333333333,0.37500000000000006,0.3225806451612903,0.75,0.047619047619047616,0.16666666666666666,0.047619047619047616,0.5238095238095238,0.47619047619047616,1.1,251.51111111111112,0.3333333333333333,0.675,3.5840491313386837,-0.058799999999999956,11.0,10.0,EN,S3,65.0,False,2TM,CHC,16,0.5144774206867385
10.0,26.0,25.0,8.0,5.0,2.0,3.0,1.0,2.0,19.0,9.0,1.0,0.0,6.0,0.0,3.0,0.0,0.0,0.0,0.0,4.0,2.0,1.0,4.0,0.0,0.32,0.34615384615384615,0.76,1.106153846153846,0.44,0.35294117647058826,1.0,0.07692307692307693,0.23076923076923078,0.038461538461538464,0.5454545454545454,0.45454545454545453,1.2,232.79310344827587,0.34615384615384615,0.76,4.2566266536839805,0.14030000000000006,6.0,5.0,EN,S3,65.0,True,HOU,HOU,10,0.5222789795677938
6.0,16.0,15.0,4.0,2.0,1.0,2.0,1.0,0.0,8.0,2.0,1.0,1.0,1.0,0.0,0.0,1.0,0.0,0.0,0.0,2.0,3.0,2.0,3.0,0.0,0.26666666666666666,0.3125,0.5333333333333333,0.8458333333333333,0.26666666666666666,0.2857142857142857,0.0,0.0,0.0625,0.0625,0.5,0.5,1.0,285.4375,0.3125,0.5333333333333333,-0.6725775223452982,-0.19910000000000003,5.0,5.0,EN,S3,65.0,True,CHC,CHC,16,-0.0078015588810554926
16.0,44.0,42.0,15.0,5.0,11.0,2.0,0.0,2.0,23.0,8.0,1.0,0.0,1.0,0.0,5.0,2.0,0.0,1.0,0.0,5.0,10.0,9.0,2.0,0.0,0.35714285714285715,0.36363636363636365,0.5476190476190477,0.9112554112554113,0.19047619047619052,0.325,0.7142857142857143,0.045454545454545456,0.022727272727272728,0.022727272727272728,0.5555555555555556,0.4444444444444444,1.25,254.4313725490196,0.36363636363636365,0.5476190476190477,2.440909822395086,0.06360000000000009,15.0,12.0,BC,S3,66.0,False,CHC,CHC,16,0.40759551396156296
9.0,24.0,22.0,6.0,3.0,2.0,3.0,0.0,1.0,12.0,2.0,2.0,0.0,5.0,0.0,1.0,0.0,0.0,0.0,0.0,3.0,3.0,4.0,1.0,0.0,0.2727272727272727,0.3333333333333333,0.5454545454545454,0.8787878787878787,0.2727272727272727,0.3125,1.0,0.041666666666666664,0.20833333333333334,0.08333333333333333,0.5454545454545454,0.45454545454545453,1.2,238.4,0.3333333333333333,0.5454545454545454,-0.1751982206909479,-0.12499999999999997,6.0,5.0,1B,S3,67.0,False,CHC,CHC,14,0.0716644679611167
15.0,43.0,36.0,11.0,6.0,3.0,4.0,1.0,3.0,26.0,4.0,7.0,0.0,5.0,0.0,3.0,2.0,0.0,0.0,0.0,4.0,4.0,6.0,6.0,0.0,0.3055555555555556,0.4186046511627907,0.7222222222222222,1.1408268733850129,0.41666666666666663,0.2857142857142857,0.6,0.06976744186046512,0.11627906976744186,0.16279069767441862,0.4,0.6,0.6666666666666666,226.79166666666666,0.4186046511627907,0.7222222222222222,1.094888830174118,-0.2989000000000001,8.0,12.0,WC,S3,68.0,False,CHC,CHC,16,0.26927740265487404
14.0,32.0,26.0,6.0,4.0,3.0,2.0,0.0,1.0,11.0,1.0,6.0,0.0,5.0,0.0,3.0,0.0,0.0,0.0,0.0,4.0,3.0,8.0,0.0,0.0,0.23076923076923078,0.375,0.4230769230769231,0.7980769230769231,0.1923076923076923,0.25,1.0,0.03125,0.15625,0.1875,0.4666666666666667,0.5333333333333333,0.875,241.0,0.375,0.4230769230769231,-1.114680928203741,-0.0116,7.0,8.0,SF,S3,69.0,False,CHC,CHC,16,0.007444293886574549
16.0,38.0,32.0,6.0,3.0,4.0,2.0,0.0,0.0,8.0,1.0,6.0,0.0,6.0,0.0,0.0,2.0,0.0,0.0,0.0,7.0,6.0,4.0,3.0,0.0,0.1875,0.3157894736842105,0.25,0.5657894736842105,0.0625,0.23076923076923078,0.0,0.0,0.15789473684210525,0.15789473684210525,0.65,0.35,1.8571428571428572,282.75,0.3157894736842105,0.25,-2.776757676093399,-0.18020000000000003,13.0,7.0,1B,S3,70.0,False,CHC,CHC,16,-0.13646730839483837
16.0,44.0,41.0,11.0,2.0,9.0,1.0,0.0,1.0,15.0,3.0,3.0,1.0,6.0,0.0,6.0,2.0,0.0,0.0,1.0,4.0,4.0,9.0,6.0,0.0,0.2682926829268293,0.3181818181818182,0.36585365853658536,0.6840354767184036,0.09756097560975607,0.29411764705882354,0.75,0.022727272727272728,0.13636363636363635,0.06818181818181818,0.375,0.625,0.6,255.2941176470588,0.3181818181818182,0.36585365853658536,-3.394835032519091,-0.5384,9.0,15.0,BC,S3,71.0,False,CHC,CHC,16,-0.1759789715298547
4.0,9.0,9.0,0.0,0.0,0.0,0.0,0.0,0.0,0.0,0.0,0.0,0.0,3.0,1.0,0.0,0.0,0.0,0.0,0.0,2.0,1.0,1.0,2.0,0.0,0.0,0.0,0.0,0.0,0.0,0.0,,0.0,0.3333333333333333,0.0,0.5,0.5,1.0,365.125,0.0,0.0,-2.0730174370392436,-0.27499999999999997,3.0,3.0,XB,S3,72.0,False,CHC,CHC,16,-0.17385763494259504
3.0,5.0,5.0,1.0,0.0,0.0,1.0,0.0,0.0,2.0,0.0,0.0,0.0,0.0,0.0,0.0,0.0,0.0,0.0,0.0,0.0,0.0,3.0,1.0,0.0,0.2,0.2,0.4,0.6000000000000001,0.2,0.2,,0.0,0.0,0.0,0.0,1.0,0.0,216.4,0.2,0.4,0.45663484333829213,0.09100000000000003,0.0,4.0,BN,S3,73.0,False,COL,COL,15,0.06424354475678994
1.0,1.0,1.0,0.0,0.0,0.0,0.0,0.0,0.0,0.0,0.0,0.0,0.0,0.0,0.0,0.0,0.0,0.0,0.0,0.0,1.0,0.0,0.0,0.0,0.0,0.0,0.0,0.0,0.0,0.0,0.0,,0.0,0.0,0.0,1.0,0.0,,421.0,0.0,0.0,-0.09712230215827344,0.0062,1.0,0.0,SF,S3,74.0,False,ARI,ARI,4,-0.005996218131235199
5.0,7.0,7.0,2.0,2.0,0.0,1.0,0.0,1.0,6.0,3.0,0.0,0.0,0.0,0.0,0.0,0.0,0.0,0.0,0.0,1.0,1.0,3.0,0.0,0.0,0.2857142857142857,0.2857142857142857,0.8571428571428571,1.1428571428571428,0.5714285714285714,0.16666666666666666,,0.14285714285714285,0.0,0.0,0.4,0.6,0.6666666666666666,208.85714285714286,0.2857142857142857,0.8571428571428571,1.3142294715635494,0.12450000000000003,2.0,3.0,1B,S3,76.0,False,COL,COL,15,0.15743503174849996
9.0,22.0,20.0,4.0,3.0,2.0,0.0,0.0,2.0,10.0,3.0,2.0,0.0,6.0,1.0,1.0,0.0,0.0,0.0,0.0,2.0,1.0,6.0,1.0,0.0,0.2,0.2727272727272727,0.5,0.7727272727272727,0.3,0.16666666666666666,1.0,0.09090909090909091,0.2727272727272727,0.09090909090909091,0.3,0.7,0.42857142857142855,227.63636363636363,0.2727272727272727,0.5,-1.0373951705430304,-0.15180000000000007,3.0,7.0,BP,S3,77.0,False,COL,COL,15,-0.021987251193275836
6.0,12.0,12.0,4.0,1.0,1.0,1.0,1.0,1.0,10.0,3.0,0.0,0.0,5.0,0.0,0.0,0.0,0.0,0.0,0.0,1.0,0.0,1.0,1.0,0.0,0.3333333333333333,0.3333333333333333,0.8333333333333334,1.1666666666666667,0.5,0.5,,0.08333333333333333,0.4166666666666667,0.0,0.3333333333333333,0.6666666666666666,0.5,197.25,0.3333333333333333,0.8333333333333334,0.9724114030575085,-0.012599999999999986,1.0,2.0,XB,S3,78.0,False,COL,COL,16,0.1418332853208566
4.0,7.0,7.0,3.0,2.0,1.0,0.0,0.0,2.0,9.0,5.0,0.0,0.0,0.0,0.0,0.0,0.0,0.0,0.0,1.0,2.0,0.0,1.0,0.0,0.0,0.42857142857142855,0.42857142857142855,1.2857142857142858,1.7142857142857144,0.8571428571428572,0.2,,0.2857142857142857,0.0,0.0,0.75,0.25,3.0,253.85714285714286,0.42857142857142855,1.2857142857142858,3.1781679605631825,0.020900000000000002,3.0,1.0,BP,S3,79.0,False,COL,COL,10,0.3438288806484633
16.0,45.0,40.0,8.0,6.0,3.0,1.0,0.0,4.0,21.0,12.0,3.0,0.0,15.0,0.0,0.0,0.0,0.0,2.0,1.0,1.0,4.0,9.0,2.0,0.0,0.2,0.24444444444444444,0.525,0.7694444444444445,0.325,0.17391304347826086,,0.08888888888888889,0.3333333333333333,0.06666666666666667,0.3157894736842105,0.6842105263157895,0.46153846153846156,250.97727272727272,0.24444444444444444,0.525,2.420556291618691,-0.4642999999999999,6.0,13.0,BP,S3,80.0,False,COL,COL,16,0.4092761729685156
16.0,46.0,39.0,16.0,6.0,8.0,6.0,0.0,2.0,28.0,5.0,6.0,0.0,8.0,0.0,0.0,0.0,0.0,1.0,1.0,7.0,2.0,4.0,1.0,0.0,0.41025641025641024,0.4782608695652174,0.717948717948718,1.1962095875139354,0.3076923076923077,0.4666666666666667,,0.043478260869565216,0.17391304347826086,0.13043478260869565,0.625,0.375,1.6666666666666667,225.3181818181818,0.4782608695652174,0.717948717948718,2.8598796241670565,0.7268000000000001,10.0,6.0,BC,S3,81.0,False,COL,COL,16,0.45692451830794434
15.0,42.0,36.0,6.0,3.0,5.0,1.0,0.0,0.0,7.0,1.0,5.0,1.0,9.0,0.0,0.0,0.0,0.0,1.0,1.0,5.0,3.0,9.0,3.0,0.0,0.16666666666666666,0.2619047619047619,0.19444444444444445,0.4563492063492064,0.02777777777777779,0.21428571428571427,,0.0,0.21428571428571427,0.11904761904761904,0.4090909090909091,0.5909090909090909,0.6923076923076923,262.6829268292683,0.2619047619047619,0.19444444444444445,-4.685717300921219,-0.6256,9.0,13.0,1B,S3,82.0,False,COL,COL,16,-0.3124992225392518
14.0,37.0,30.0,9.0,9.0,2.0,1.0,2.0,4.0,26.0,5.0,7.0,0.0,8.0,0.0,0.0,0.0,0.0,0.0,1.0,4.0,1.0,2.0,5.0,0.0,0.3,0.43243243243243246,0.8666666666666667,1.2990990990990992,0.5666666666666667,0.2777777777777778,,0.10810810810810811,0.21621621621621623,0.1891891891891892,0.46153846153846156,0.5384615384615384,0.8571428571428571,228.16666666666666,0.43243243243243246,0.8666666666666667,1.7679230914734883,0.04209999999999996,6.0,7.0,WC,S3,83.0,False,COL,COL,16,0.3142847562772582
14.0,35.0,30.0,7.0,5.0,5.0,0.0,0.0,2.0,13.0,4.0,4.0,0.0,6.0,0.0,0.0,1.0,0.0,1.0,0.0,1.0,1.0,11.0,4.0,0.0,0.23333333333333334,0.3142857142857143,0.43333333333333335,0.7476190476190476,0.2,0.21739130434782608,0.0,0.05714285714285714,0.17142857142857143,0.11428571428571428,0.1111111111111111,0.8888888888888888,0.125,222.27777777777777,0.3142857142857143,0.43333333333333335,-1.2600121355294103,-0.15580000000000002,2.0,16.0,BP,S3,84.0,False,COL,COL,16,0.004059209407784059
10.0,25.0,22.0,4.0,2.0,3.0,0.0,0.0,1.0,7.0,2.0,3.0,0.0,4.0,0.0,0.0,0.0,0.0,0.0,2.0,1.0,6.0,5.0,0.0,0.0,0.18181818181818182,0.28,0.3181818181818182,0.5981818181818181,0.13636363636363635,0.17647058823529413,,0.04,0.16,0.12,0.6428571428571429,0.35714285714285715,1.8,283.56,0.28,0.3181818181818182,-1.5661145352971342,-0.5028,9.0,5.0,BC,S3,85.0,False,COL,COL,13,-0.06371115141490978
4.0,12.0,11.0,3.0,1.0,2.0,0.0,0.0,1.0,6.0,1.0,1.0,0.0,3.0,0.0,0.0,0.0,0.0,0.0,0.0,0.0,1.0,3.0,1.0,0.0,0.2727272727272727,0.3333333333333333,0.5454545454545454,0.8787878787878787,0.2727272727272727,0.2857142857142857,,0.08333333333333333,0.25,0.08333333333333333,0.2,0.8,0.25,224.91666666666666,0.3333333333333333,0.5454545454545454,-1.32784516733187,-0.1319,1.0,4.0,BN,S3,86.0,False,COL,COL,11,-0.08819237171808127
6.0,14.0,14.0,3.0,1.0,2.0,1.0,0.0,0.0,4.0,0.0,0.0,0.0,4.0,0.0,0.0,0.0,0.0,0.0,0.0,2.0,0.0,3.0,2.0,0.0,0.21428571428571427,0.21428571428571427,0.2857142857142857,0.5,0.07142857142857142,0.3,,0.0,0.2857142857142857,0.0,0.2857142857142857,0.7142857142857143,0.4,271.2857142857143,0.21428571428571427,0.2857142857142857,-1.5493657943987933,-0.15260000000000004,2.0,5.0,BC,S3,87.0,False,COL,COL,16,-0.10291241025558931
11.0,26.0,23.0,3.0,1.0,3.0,0.0,0.0,0.0,3.0,0.0,3.0,0.0,8.0,0.0,0.0,0.0,0.0,0.0,2.0,5.0,1.0,1.0,3.0,0.0,0.13043478260869565,0.23076923076923078,0.13043478260869565,0.3612040133779264,0.0,0.2,,0.0,0.3076923076923077,0.11538461538461539,0.6666666666666666,0.3333333333333333,2.0,318.64,0.23076923076923078,0.13043478260869565,-3.640293250036759,-0.3748,8.0,4.0,BN,S3,88.0,False,COL,COL,12,-0.26741301080428015
14.0,36.0,31.0,11.0,5.0,1.0,5.0,3.0,2.0,28.0,8.0,5.0,0.0,6.0,0.0,1.0,0.0,0.0,0.0,1.0,3.0,6.0,1.0,3.0,0.0,0.3548387096774194,0.4444444444444444,0.9032258064516129,1.3476702508960572,0.5483870967741935,0.391304347826087,1.0,0.05555555555555555,0.16666666666666666,0.1388888888888889,0.7142857142857143,0.2857142857142857,2.5,232.8918918918919,0.4444444444444444,0.9032258064516129,4.809419156485485,0.9899,10.0,4.0,EN,S3,89.0,False,COL,COL,16,0.6147183506938657
3.0,7.0,6.0,4.0,3.0,2.0,2.0,0.0,0.0,6.0,1.0,1.0,0.0,0.0,0.0,0.0,0.0,0.0,0.0,0.0,1.0,0.0,1.0,0.0,0.0,0.6666666666666666,0.7142857142857143,1.0,1.7142857142857144,0.33333333333333337,0.6666666666666666,,0.0,0.0,0.14285714285714285,0.5,0.5,1.0,165.57142857142858,0.7142857142857143,1.0,1.4500557471298676,0.2559,1.0,1.0,S,S3,90.0,False,COL,COL,16,0.17101765930513177
10.0,18.0,17.0,3.0,1.0,0.0,2.0,0.0,1.0,8.0,2.0,1.0,0.0,4.0,0.0,0.0,0.0,0.0,0.0,1.0,1.0,1.0,4.0,3.0,0.0,0.17647058823529413,0.2222222222222222,0.47058823529411764,0.6928104575163399,0.2941176470588235,0.16666666666666666,,0.05555555555555555,0.2222222222222222,0.05555555555555555,0.3,0.7,0.42857142857142855,284.27777777777777,0.2222222222222222,0.47058823529411764,-1.8015217534525547,0.040600000000000025,3.0,7.0,S,S3,91.0,False,DET,DET,16,-0.11326395782259686
13.0,29.0,27.0,5.0,3.0,1.0,1.0,1.0,2.0,14.0,2.0,2.0,0.0,9.0,3.0,0.0,0.0,0.0,0.0,1.0,2.0,1.0,5.0,4.0,0.0,0.18518518518518517,0.2413793103448276,0.5185185185185185,0.7598978288633461,0.3333333333333333,0.1875,,0.06896551724137931,0.3103448275862069,0.06896551724137931,0.3076923076923077,0.6923076923076923,0.4444444444444444,230.69230769230768,0.2413793103448276,0.5185185185185185,-2.6049049122727523,-0.11249999999999996,4.0,9.0,XB,S3,95.0,False,DET,DET,13,-0.15272614077410301
2.0,5.0,5.0,2.0,1.0,2.0,0.0,0.0,0.0,2.0,0.0,0.0,0.0,1.0,0.0,1.0,0.0,0.0,0.0,0.0,0.0,1.0,1.0,0.0,0.0,0.4,0.4,0.4,0.8,0.0,0.5,1.0,0.0,0.2,0.0,0.5,0.5,1.0,198.16666666666666,0.4,0.4,-0.03976596917131647,-0.018000000000000002,1.0,1.0,BN,S3,96.0,False,DET,DET,16,0.01460346350582908
1.0,2.0,2.0,0.0,0.0,0.0,0.0,0.0,0.0,0.0,0.0,0.0,0.0,1.0,0.0,0.0,0.0,0.0,0.0,0.0,1.0,0.0,0.0,0.0,0.0,0.0,0.0,0.0,0.0,0.0,0.0,,0.0,0.5,0.0,1.0,0.0,,379.5,0.0,0.0,-0.5686256885839733,-0.06659999999999999,1.0,0.0,BP,S3,97.0,False,DET,DET,16,-0.04943054468921304
14.0,33.0,31.0,5.0,2.0,1.0,2.0,0.0,2.0,13.0,3.0,2.0,0.0,8.0,0.0,0.0,0.0,0.0,0.0,1.0,4.0,3.0,10.0,0.0,0.0,0.16129032258064516,0.21212121212121213,0.41935483870967744,0.6314760508308895,0.25806451612903225,0.14285714285714285,,0.06060606060606061,0.24242424242424243,0.06060606060606061,0.4444444444444444,0.5555555555555556,0.8,264.09090909090907,0.21212121212121213,0.41935483870967744,-2.6127376396052084,-0.677,8.0,10.0,BN,S3,98.0,False,DET,DET,15,-0.13864536516898004
14.0,35.0,31.0,7.0,5.0,2.0,3.0,0.0,2.0,16.0,4.0,4.0,0.0,7.0,0.0,0.0,0.0,0.0,0.0,1.0,7.0,1.0,4.0,4.0,0.0,0.22580645161290322,0.3142857142857143,0.5161290322580645,0.8304147465437788,0.29032258064516125,0.22727272727272727,,0.05714285714285714,0.2,0.11428571428571428,0.5294117647058824,0.47058823529411764,1.125,257.94117647058823,0.3142857142857143,0.5161290322580645,-1.884064121133086,-0.138,9.0,8.0,BP,S3,99.0,False,DET,DET,16,-0.05834598915258351
15.0,38.0,34.0,8.0,2.0,4.0,2.0,0.0,2.0,16.0,4.0,4.0,0.0,5.0,0.0,0.0,0.0,0.0,0.0,3.0,5.0,4.0,7.0,2.0,0.0,0.23529411764705882,0.3157894736842105,0.47058823529411764,0.7863777089783281,0.23529411764705882,0.2222222222222222,,0.05263157894736842,0.13157894736842105,0.10526315789473684,0.5714285714285714,0.42857142857142855,1.3333333333333333,253.97368421052633,0.3157894736842105,0.47058823529411764,-2.3322212062713343,-0.5145,12.0,9.0,1B,S3,100.0,False,DET,DET,16,-0.0920136614126319
8.0,21.0,19.0,5.0,1.0,4.0,1.0,0.0,0.0,6.0,0.0,2.0,0.0,3.0,0.0,0.0,0.0,0.0,0.0,1.0,1.0,3.0,6.0,0.0,0.0,0.2631578947368421,0.3333333333333333,0.3157894736842105,0.6491228070175439,0.05263157894736842,0.3125,,0.0,0.14285714285714285,0.09523809523809523,0.45454545454545453,0.5454545454545454,0.8333333333333334,243.0,0.3333333333333333,0.3157894736842105,-1.7490705611474597,0.12219999999999999,5.0,6.0,BC,S3,101.0,False,DET,DET,16,-0.09687080233831091
12.0,28.0,24.0,5.0,3.0,1.0,4.0,0.0,0.0,9.0,2.0,4.0,2.0,3.0,0.0,1.0,1.0,0.0,0.0,2.0,2.0,3.0,9.0,0.0,0.0,0.20833333333333334,0.32142857142857145,0.375,0.6964285714285714,0.16666666666666666,0.23809523809523808,0.5,0.0,0.10714285714285714,0.14285714285714285,0.4375,0.5625,0.7777777777777778,249.22222222222223,0.32142857142857145,0.375,-1.9865521524876195,-0.18930000000000005,7.0,9.0,1B,S3,102.0,False,2TM,DET,16,-0.09460687688018188
1.0,1.0,1.0,1.0,1.0,0.0,1.0,0.0,0.0,2.0,1.0,0.0,0.0,0.0,0.0,0.0,0.0,0.0,0.0,0.0,0.0,0.0,0.0,0.0,0.0,1.0,1.0,2.0,3.0,1.0,1.0,,0.0,0.0,0.0,,,,20.0,1.0,2.0,1.0,0.1356,0.0,0.0,1B,S3,102.0,True,ARI,ARI,4,0.10371601208459214
11.0,27.0,23.0,4.0,2.0,1.0,3.0,0.0,0.0,7.0,1.0,4.0,2.0,3.0,0.0,1.0,1.0,0.0,0.0,2.0,2.0,3.0,9.0,0.0,0.0,0.17391304347826086,0.2962962962962963,0.30434782608695654,0.6006441223832528,0.13043478260869568,0.2,0.5,0.0,0.1111111111111111,0.14814814814814814,0.4375,0.5625,0.7777777777777778,258.03846153846155,0.2962962962962963,0.30434782608695654,-2.9865521524876195,-0.32489999999999997,7.0,9.0,1B,S3,102.0,True,DET,DET,16,-0.198322888964774
10.0,27.0,24.0,10.0,2.0,7.0,3.0,0.0,0.0,13.0,2.0,2.0,1.0,2.0,0.0,1.0,0.0,0.0,1.0,1.0,4.0,4.0,3.0,0.0,0.0,0.4166666666666667,0.4444444444444444,0.5416666666666666,0.986111111111111,0.12499999999999994,0.43478260869565216,1.0,0.0,0.07407407407407407,0.07407407407407407,0.6923076923076923,0.3076923076923077,2.25,257.3333333333333,0.4444444444444444,0.5416666666666666,-0.22175820977972108,0.46989999999999993,9.0,4.0,BC,S3,103.0,False,DET,DET,16,0.07815650530601584
12.0,29.0,25.0,5.0,3.0,2.0,1.0,0.0,2.0,12.0,4.0,4.0,0.0,5.0,0.0,0.0,0.0,0.0,0.0,0.0,4.0,5.0,5.0,1.0,0.0,0.2,0.3103448275862069,0.48,0.7903448275862068,0.27999999999999997,0.16666666666666666,,0.06896551724137931,0.1724137931034483,0.13793103448275862,0.6,0.4,1.5,264.44827586206895,0.3103448275862069,0.48,0.25085418830930756,0.0737000000000001,9.0,6.0,BN,S3,104.0,False,DET,DET,15,0.132849769284103
10.0,28.0,26.0,8.0,2.0,4.0,2.0,1.0,1.0,15.0,4.0,2.0,0.0,9.0,1.0,0.0,0.0,0.0,0.0,0.0,2.0,0.0,5.0,2.0,0.0,0.3076923076923077,0.35714285714285715,0.5769230769230769,0.9340659340659341,0.26923076923076916,0.4375,,0.03571428571428571,0.32142857142857145,0.07142857142857142,0.2222222222222222,0.7777777777777778,0.2857142857142857,228.07407407407408,0.35714285714285715,0.5769230769230769,1.343832516835423,0.3955,2.0,7.0,BN,S3,105.0,False,DET,DET,14,0.2384315900521224
13.0,28.0,27.0,10.0,4.0,5.0,4.0,0.0,1.0,17.0,1.0,1.0,0.0,3.0,0.0,0.0,0.0,0.0,0.0,0.0,0.0,4.0,6.0,4.0,0.0,0.37037037037037035,0.39285714285714285,0.6296296296296297,1.0224867724867726,0.2592592592592593,0.391304347826087,,0.03571428571428571,0.10714285714285714,0.03571428571428571,0.2857142857142857,0.7142857142857143,0.4,220.67857142857142,0.39285714285714285,0.6296296296296297,0.02942165634202426,-0.14570000000000002,4.0,10.0,BC,S3,106.0,False,DET,DET,16,0.1069905040027825
15.0,32.0,30.0,7.0,2.0,2.0,2.0,2.0,1.0,16.0,5.0,1.0,0.0,3.0,1.0,0.0,0.0,0.0,1.0,4.0,5.0,2.0,5.0,4.0,0.0,0.23333333333333334,0.25,0.5333333333333333,0.7833333333333333,0.3,0.2222222222222222,,0.03125,0.09375,0.03125,0.5238095238095238,0.47619047619047616,1.1,215.83870967741936,0.25,0.5333333333333333,-1.2270327813535462,-0.44400000000000006,11.0,10.0,MH,S3,107.0,False,DET,DET,16,-0.0037908914284059624
10.0,22.0,20.0,8.0,2.0,5.0,3.0,0.0,0.0,11.0,2.0,2.0,1.0,4.0,0.0,1.0,2.0,0.0,0.0,0.0,2.0,3.0,3.0,0.0,0.0,0.4,0.45454545454545453,0.55,1.0045454545454546,0.15000000000000002,0.5,0.3333333333333333,0.0,0.18181818181818182,0.09090909090909091,0.625,0.375,1.6666666666666667,242.66666666666666,0.45454545454545453,0.55,0.4597107961700676,0.2133,5.0,3.0,BC,S3,108.0,False,HOU,HOU,15,0.12772334547803396
1.0,2.0,2.0,0.0,0.0,0.0,0.0,0.0,0.0,0.0,0.0,0.0,0.0,0.0,0.0,0.0,0.0,0.0,0.0,0.0,0.0,1.0,1.0,0.0,0.0,0.0,0.0,0.0,0.0,0.0,0.0,,0.0,0.0,0.0,0.5,0.5,1.0,326.0,0.0,0.0,-0.5594730612931494,-0.040100000000000004,1.0,1.0,BC,S3,112.0,False,HOU,HOU,3,-0.04851528196013065
7.0,18.0,17.0,7.0,4.0,5.0,0.0,0.0,2.0,13.0,5.0,1.0,0.0,5.0,0.0,2.0,0.0,0.0,0.0,0.0,1.0,1.0,2.0,1.0,0.0,0.4117647058823529,0.4444444444444444,0.7647058823529411,1.2091503267973855,0.3529411764705882,0.5,1.0,0.1111111111111111,0.2777777777777778,0.05555555555555555,0.4,0.6,0.6666666666666666,193.8,0.4444444444444444,0.7647058823529411,4.106896999228982,0.1864,2.0,3.0,WC,S3,113.0,False,2TM,HOU,16,0.47757791744555683
2.0,3.0,3.0,1.0,0.0,1.0,0.0,0.0,0.0,1.0,0.0,0.0,0.0,2.0,0.0,0.0,0.0,0.0,0.0,0.0,0.0,0.0,0.0,0.0,0.0,0.3333333333333333,0.3333333333333333,0.3333333333333333,0.6666666666666666,0.0,1.0,,0.0,0.6666666666666666,0.0,,,,207.66666666666666,0.3333333333333333,0.3333333333333333,-0.1359258903667224,0.0017000000000000036,0.0,0.0,WC,S3,113.0,True,MIL,MIL,7,-0.0024445527828958038
5.0,15.0,14.0,6.0,4.0,4.0,0.0,0.0,2.0,12.0,5.0,1.0,0.0,3.0,0.0,2.0,0.0,0.0,0.0,0.0,1.0,1.0,2.0,1.0,0.0,0.42857142857142855,0.4666666666666667,0.8571428571428571,1.3238095238095238,0.42857142857142855,0.4444444444444444,1.0,0.13333333333333333,0.2,0.06666666666666667,0.4,0.6,0.6666666666666666,191.35294117647058,0.4666666666666667,0.8571428571428571,4.242822889595704,0.18470000000000003,2.0,3.0,WC,S3,113.0,True,HOU,HOU,16,0.48002247022845257
14.0,35.0,30.0,7.0,5.0,4.0,2.0,0.0,1.0,12.0,3.0,5.0,0.0,6.0,0.0,5.0,1.0,0.0,0.0,2.0,4.0,2.0,8.0,1.0,0.0,0.23333333333333334,0.34285714285714286,0.4,0.7428571428571429,0.16666666666666669,0.2608695652173913,0.8333333333333334,0.02857142857142857,0.17142857142857143,0.14285714285714285,0.47058823529411764,0.5294117647058824,0.8888888888888888,222.4390243902439,0.34285714285714286,0.4,-1.0673729043219664,-0.24550000000000002,8.0,9.0,1B,S3,114.0,False,HOU,HOU,16,0.023323132528528447
10.0,25.0,23.0,5.0,1.0,4.0,0.0,0.0,1.0,8.0,2.0,2.0,0.0,0.0,0.0,1.0,0.0,0.0,0.0,2.0,6.0,0.0,10.0,0.0,0.0,0.21739130434782608,0.28,0.34782608695652173,0.6278260869565218,0.13043478260869565,0.18181818181818182,1.0,0.04,0.0,0.08,0.4444444444444444,0.5555555555555556,0.8,251.3846153846154,0.28,0.34782608695652173,-1.1334533542732703,-0.15739999999999998,8.0,10.0,SM,S3,115.0,False,3TM,HOU,14,-0.020445033312523397
2.0,4.0,4.0,2.0,0.0,2.0,0.0,0.0,0.0,2.0,0.0,0.0,0.0,0.0,0.0,0.0,0.0,0.0,0.0,0.0,0.0,0.0,2.0,0.0,0.0,0.5,0.5,0.5,1.0,0.0,0.5,,0.0,0.0,0.0,0.0,1.0,0.0,162.0,0.5,0.5,0.12730289233785205,0.09459999999999999,0.0,2.0,SM,S3,115.0,True,PHI,PHI,2,0.027594337572153786
6.0,16.0,14.0,2.0,1.0,1.0,0.0,0.0,1.0,5.0,1.0,2.0,0.0,0.0,0.0,1.0,0.0,0.0,0.0,2.0,6.0,0.0,4.0,0.0,0.0,0.14285714285714285,0.25,0.35714285714285715,0.6071428571428572,0.2142857142857143,0.07692307692307693,1.0,0.0625,0.0,0.125,0.6666666666666666,0.3333333333333333,2.0,280.29411764705884,0.25,0.35714285714285715,-1.4054296690594001,-0.14960000000000004,8.0,4.0,SM,S3,115.0,True,CHC,CHC,10,-0.08108677355246569
2.0,5.0,5.0,1.0,0.0,1.0,0.0,0.0,0.0,1.0,1.0,0.0,0.0,0.0,0.0,0.0,0.0,0.0,0.0,0.0,0.0,0.0,4.0,0.0,0.0,0.2,0.2,0.2,0.4,0.0,0.2,,0.0,0.0,0.0,0.0,1.0,0.0,224.6,0.2,0.2,0.14467342244827797,-0.10239999999999999,0.0,4.0,SM,S3,115.0,True,HOU,HOU,14,0.03304740266778853
15.0,37.0,27.0,6.0,6.0,3.0,2.0,0.0,1.0,11.0,5.0,10.0,1.0,3.0,0.0,5.0,1.0,0.0,0.0,0.0,5.0,6.0,5.0,2.0,0.0,0.2222222222222222,0.43243243243243246,0.4074074074074074,0.8398398398398399,0.18518518518518517,0.21739130434782608,0.8333333333333334,0.02702702702702703,0.08108108108108109,0.2702702702702703,0.6111111111111112,0.3888888888888889,1.5714285714285714,236.11904761904762,0.43243243243243246,0.4074074074074074,3.413372124562475,-0.10070000000000004,11.0,7.0,1B,S3,116.0,False,HOU,HOU,16,0.47882965958615686
12.0,26.0,23.0,3.0,1.0,1.0,1.0,0.0,1.0,7.0,4.0,3.0,0.0,7.0,0.0,1.0,2.0,0.0,0.0,0.0,5.0,0.0,3.0,5.0,0.0,0.13043478260869565,0.23076923076923078,0.30434782608695654,0.5351170568561874,0.1739130434782609,0.13333333333333333,0.3333333333333333,0.038461538461538464,0.2692307692307692,0.11538461538461539,0.38461538461538464,0.6153846153846154,0.625,273.44827586206895,0.23076923076923078,0.30434782608695654,-1.745251508142494,-0.4288,5.0,8.0,XB,S3,117.0,False,HOU,HOU,16,-0.07790883661485362
16.0,43.0,38.0,14.0,5.0,9.0,4.0,0.0,1.0,21.0,5.0,4.0,0.0,4.0,0.0,6.0,3.0,0.0,1.0,3.0,4.0,3.0,8.0,2.0,0.0,0.3684210526315789,0.4186046511627907,0.5526315789473685,0.9712362301101591,0.18421052631578955,0.38235294117647056,0.6666666666666666,0.023255813953488372,0.09302325581395349,0.09302325581395349,0.47619047619047616,0.5238095238095238,0.9090909090909091,223.67307692307693,0.4186046511627907,0.5526315789473685,1.2459201282562804,0.04929999999999995,10.0,11.0,BC,S3,118.0,False,HOU,HOU,16,0.2843805324630903
1.0,4.0,4.0,1.0,1.0,0.0,0.0,1.0,0.0,3.0,1.0,0.0,0.0,0.0,0.0,0.0,0.0,0.0,0.0,0.0,0.0,0.0,3.0,0.0,0.0,0.25,0.25,0.75,1.0,0.5,0.25,,0.0,0.0,0.0,0.0,1.0,0.0,170.0,0.25,0.75,0.3449881979461862,0.36119999999999997,0.0,3.0,1B,S3,119.0,False,HOU,HOU,15,0.0493628681329872
13.0,31.0,28.0,8.0,3.0,4.0,3.0,0.0,1.0,14.0,3.0,3.0,0.0,8.0,0.0,2.0,0.0,0.0,0.0,1.0,2.0,4.0,4.0,1.0,0.0,0.2857142857142857,0.3548387096774194,0.5,0.8548387096774194,0.2142857142857143,0.3684210526315789,1.0,0.03225806451612903,0.25806451612903225,0.0967741935483871,0.5833333333333334,0.4166666666666667,1.4,226.6969696969697,0.3548387096774194,0.5,0.14125242935161944,0.07509999999999997,7.0,5.0,BN,S3,120.0,False,HOU,HOU,16,0.12932161755751848
12.0,29.0,25.0,5.0,5.0,3.0,1.0,0.0,1.0,9.0,4.0,4.0,0.0,5.0,0.0,1.0,1.0,0.0,0.0,2.0,4.0,2.0,4.0,3.0,0.0,0.2,0.3103448275862069,0.36,0.670344827586207,0.15999999999999998,0.21052631578947367,0.5,0.034482758620689655,0.1724137931034483,0.13793103448275862,0.5333333333333333,0.4666666666666667,1.1428571428571428,290.7096774193548,0.3103448275862069,0.36,-1.4502664715342835,-0.32459999999999994,8.0,7.0,S,S3,121.0,False,2TM,HOU,16,-0.03726229670025612
8.0,18.0,16.0,3.0,2.0,1.0,1.0,0.0,1.0,7.0,4.0,2.0,0.0,5.0,0.0,0.0,1.0,0.0,0.0,2.0,2.0,0.0,2.0,2.0,0.0,0.1875,0.2777777777777778,0.4375,0.7152777777777778,0.25,0.2,0.0,0.05555555555555555,0.2777777777777778,0.1111111111111111,0.5,0.5,1.0,293.6842105263158,0.2777777777777778,0.4375,-0.5536855668065672,-0.2693,4.0,4.0,S,S3,121.0,True,CHC,CHC,10,0.0115196608420019
4.0,11.0,9.0,2.0,3.0,2.0,0.0,0.0,0.0,2.0,0.0,2.0,0.0,0.0,0.0,1.0,0.0,0.0,0.0,0.0,2.0,2.0,2.0,1.0,0.0,0.2222222222222222,0.36363636363636365,0.2222222222222222,0.5858585858585859,0.0,0.2222222222222222,1.0,0.0,0.0,0.18181818181818182,0.5714285714285714,0.42857142857142855,1.3333333333333333,286.0,0.36363636363636365,0.2222222222222222,-0.8965809047277158,-0.05530000000000004,4.0,3.0,S,S3,121.0,True,HOU,HOU,16,-0.048781957542257975
16.0,40.0,38.0,10.0,9.0,1.0,6.0,1.0,2.0,24.0,6.0,2.0,0.0,13.0,0.0,1.0,0.0,0.0,0.0,1.0,3.0,2.0,6.0,3.0,0.0,0.2631578947368421,0.3,0.631578947368421,0.9315789473684211,0.3684210526315789,0.34782608695652173,1.0,0.05,0.325,0.05,0.4,0.6,0.6666666666666666,225.0731707317073,0.3,0.631578947368421,0.26311627013709377,-0.15900000000000003,6.0,9.0,XB,S3,122.0,False,HOU,HOU,16,0.1749521103973952
4.0,8.0,7.0,3.0,2.0,1.0,1.0,0.0,1.0,7.0,1.0,1.0,0.0,1.0,0.0,0.0,0.0,0.0,0.0,0.0,1.0,1.0,1.0,0.0,0.0,0.42857142857142855,0.5,1.0,1.5,0.5714285714285714,0.4,,0.125,0.125,0.125,0.6666666666666666,0.3333333333333333,2.0,195.25,0.5,1.0,0.802199392126802,0.0921,2.0,1.0,BN,S3,123.0,False,2TM,HOU,10,0.10994803588941737
1.0,2.0,2.0,2.0,1.0,1.0,0.0,0.0,1.0,5.0,1.0,0.0,0.0,0.0,0.0,0.0,0.0,0.0,0.0,0.0,0.0,0.0,0.0,0.0,0.0,1.0,1.0,2.5,3.5,1.5,1.0,,0.5,0.0,0.0,,,,58.0,1.0,2.5,1.2117735854632135,0.1079,0.0,0.0,BN,S3,123.0,True,TOR,TOR,6,0.12860938271550565
3.0,6.0,5.0,1.0,1.0,0.0,1.0,0.0,0.0,2.0,0.0,1.0,0.0,1.0,0.0,0.0,0.0,0.0,0.0,0.0,1.0,1.0,1.0,0.0,0.0,0.2,0.3333333333333333,0.4,0.7333333333333334,0.2,0.25,,0.0,0.16666666666666666,0.16666666666666666,0.6666666666666666,0.3333333333333333,2.0,241.0,0.3333333333333333,0.4,-0.40957419333641154,-0.01579999999999999,2.0,1.0,BN,S3,123.0,True,HOU,HOU,10,-0.018661346826088283
15.0,41.0,36.0,7.0,5.0,1.0,3.0,1.0,2.0,18.0,5.0,5.0,1.0,9.0,0.0,2.0,1.0,0.0,0.0,0.0,3.0,5.0,9.0,3.0,0.0,0.19444444444444445,0.2926829268292683,0.5,0.7926829268292683,0.3055555555555556,0.2,0.6666666666666666,0.04878048780487805,0.21951219512195122,0.12195121951219512,0.4,0.6,0.6666666666666666,252.23809523809524,0.2926829268292683,0.5,-2.0686003777541293,-0.16799999999999998,8.0,12.0,BP,S3,124.0,False,HOU,HOU,16,-0.054503542307134965
6.0,11.0,10.0,3.0,1.0,1.0,2.0,0.0,0.0,5.0,1.0,1.0,0.0,2.0,1.0,0.0,1.0,0.0,0.0,1.0,1.0,1.0,2.0,0.0,0.0,0.3,0.36363636363636365,0.5,0.8636363636363636,0.2,0.375,0.0,0.0,0.18181818181818182,0.09090909090909091,0.6,0.4,1.5,234.45454545454547,0.36363636363636365,0.5,-0.46980717140258155,-0.5154,3.0,2.0,BP,S3,125.0,False,HOU,HOU,16,-0.006104584209744551
11.0,26.0,23.0,4.0,2.0,3.0,1.0,0.0,0.0,5.0,2.0,3.0,0.0,7.0,0.0,1.0,1.0,0.0,0.0,1.0,3.0,0.0,7.0,1.0,0.0,0.17391304347826086,0.2692307692307692,0.21739130434782608,0.4866220735785953,0.043478260869565216,0.25,0.5,0.0,0.2692307692307692,0.11538461538461539,0.3333333333333333,0.6666666666666666,0.5,284.18518518518516,0.2692307692307692,0.21739130434782608,-2.7771397689033264,-0.6169999999999999,4.0,8.0,SM,S3,126.0,False,HOU,HOU,16,-0.18109766269093686
3.0,3.0,2.0,0.0,0.0,0.0,0.0,0.0,0.0,0.0,0.0,1.0,0.0,1.0,0.0,0.0,0.0,0.0,0.0,0.0,1.0,0.0,0.0,0.0,0.0,0.0,0.3333333333333333,0.0,0.3333333333333333,0.0,0.0,,0.0,0.3333333333333333,0.3333333333333333,1.0,0.0,,258.6666666666667,0.3333333333333333,0.0,-0.2941432759322726,-0.056,1.0,0.0,EN,S3,127.0,False,KCR,KCR,14,-0.018266291339450822
2.0,5.0,4.0,2.0,1.0,1.0,1.0,0.0,0.0,3.0,1.0,1.0,0.0,1.0,0.0,0.0,1.0,0.0,0.0,0.0,0.0,0.0,1.0,0.0,0.0,0.5,0.6,0.75,1.35,0.25,0.6666666666666666,0.0,0.0,0.2,0.2,0.0,1.0,0.0,244.16666666666666,0.6,0.75,0.561482867743788,-0.025300000000000003,0.0,1.0,BC,S3,128.0,False,CLE,CLE,10,0.07472834719733953
1.0,3.0,2.0,0.0,1.0,0.0,0.0,0.0,0.0,0.0,0.0,1.0,0.0,0.0,0.0,0.0,0.0,0.0,0.0,0.0,1.0,0.0,0.0,1.0,0.0,0.0,0.3333333333333333,0.0,0.3333333333333333,0.0,0.0,,0.0,0.0,0.3333333333333333,0.5,0.5,1.0,287.6666666666667,0.3333333333333333,0.0,-0.23325871879446064,0.009900000000000004,1.0,1.0,XB,S3,129.0,False,KCR,KCR,5,-0.012177835625669629
1.0,1.0,1.0,0.0,0.0,0.0,0.0,0.0,0.0,0.0,0.0,0.0,0.0,0.0,0.0,0.0,0.0,0.0,0.0,0.0,0.0,0.0,1.0,0.0,0.0,0.0,0.0,0.0,0.0,0.0,0.0,,0.0,0.0,0.0,0.0,1.0,0.0,257.0,0.0,0.0,-0.47572815533980584,-0.2345,0.0,1.0,1B,S3,131.0,False,KCR,KCR,13,-0.043856803449388436
11.0,28.0,21.0,5.0,6.0,3.0,1.0,1.0,0.0,8.0,3.0,7.0,0.0,3.0,0.0,0.0,0.0,0.0,0.0,1.0,3.0,1.0,7.0,1.0,0.0,0.23809523809523808,0.42857142857142855,0.38095238095238093,0.8095238095238095,0.14285714285714285,0.2777777777777778,,0.0,0.10714285714285714,0.25,0.38461538461538464,0.6153846153846154,0.625,226.44444444444446,0.42857142857142855,0.38095238095238093,1.766168724180457,0.26739999999999997,5.0,8.0,WC,S3,132.0,False,KCR,KCR,14,0.28066521078662576
14.0,31.0,25.0,4.0,5.0,1.0,0.0,0.0,3.0,13.0,8.0,4.0,0.0,9.0,0.0,0.0,0.0,0.0,2.0,1.0,3.0,5.0,3.0,0.0,0.0,0.16,0.25806451612903225,0.52,0.7780645161290323,0.36,0.06666666666666667,,0.0967741935483871,0.2903225806451613,0.12903225806451613,0.6428571428571429,0.35714285714285715,1.8,276.1333333333333,0.25806451612903225,0.52,1.7668699070366323,-0.5569999999999999,9.0,5.0,HK,S3,133.0,False,KCR,KCR,16,0.2918833653260197
12.0,29.0,27.0,8.0,8.0,0.0,2.0,2.0,4.0,26.0,7.0,2.0,0.0,4.0,0.0,0.0,0.0,0.0,0.0,2.0,7.0,4.0,1.0,1.0,0.0,0.2962962962962963,0.3448275862068966,0.9629629629629629,1.3077905491698596,0.6666666666666666,0.21052631578947367,,0.13793103448275862,0.13793103448275862,0.06896551724137931,0.8666666666666667,0.13333333333333333,6.5,229.10714285714286,0.3448275862068966,0.9629629629629629,2.7645487592854687,-0.014500000000000006,13.0,2.0,MH,S3,134.0,False,KCR,KCR,15,0.3842192263817191
12.0,30.0,26.0,7.0,6.0,1.0,3.0,0.0,3.0,19.0,9.0,4.0,0.0,10.0,0.0,0.0,1.0,0.0,0.0,2.0,1.0,2.0,2.0,2.0,0.0,0.2692307692307692,0.36666666666666664,0.7307692307692307,1.0974358974358973,0.4615384615384615,0.3076923076923077,0.0,0.1,0.3333333333333333,0.13333333333333333,0.5555555555555556,0.4444444444444444,1.25,247.93548387096774,0.36666666666666664,0.7307692307692307,5.196229521133802,0.10990000000000008,5.0,4.0,XB,S3,135.0,False,KCR,KCR,16,0.6311033146511444
12.0,37.0,33.0,16.0,11.0,4.0,7.0,1.0,4.0,37.0,10.0,2.0,0.0,4.0,0.0,1.0,0.0,0.0,2.0,0.0,2.0,2.0,6.0,3.0,0.0,0.48484848484848486,0.4864864864864865,1.121212121212121,1.6076986076986075,0.6363636363636362,0.4444444444444444,1.0,0.10810810810810811,0.10810810810810811,0.05405405405405406,0.26666666666666666,0.7333333333333333,0.36363636363636365,204.55263157894737,0.4864864864864865,1.121212121212121,8.174856467707768,0.34509999999999996,4.0,11.0,S,S3,136.0,False,KCR,KCR,16,0.9549780939006862
9.0,23.0,20.0,1.0,0.0,0.0,1.0,0.0,0.0,2.0,0.0,3.0,0.0,8.0,0.0,0.0,0.0,0.0,0.0,1.0,0.0,1.0,7.0,2.0,0.0,0.05,0.17391304347826086,0.1,0.27391304347826084,0.05,0.08333333333333333,,0.0,0.34782608695652173,0.13043478260869565,0.18181818181818182,0.8181818181818182,0.2222222222222222,275.7826086956522,0.17391304347826086,0.1,-4.192771140745337,-0.5525,2.0,9.0,S,S3,137.0,False,KCR,KCR,14,-0.3338088361289143
12.0,33.0,32.0,13.0,6.0,2.0,7.0,3.0,1.0,29.0,5.0,1.0,0.0,7.0,0.0,0.0,0.0,0.0,0.0,0.0,3.0,3.0,5.0,1.0,0.0,0.40625,0.42424242424242425,0.90625,1.3304924242424243,0.5,0.5,,0.030303030303030304,0.21212121212121213,0.030303030303030304,0.5,0.5,1.0,228.15151515151516,0.42424242424242425,0.90625,5.408216273189483,0.9413,6.0,6.0,S,S3,138.0,False,KCR,KCR,16,0.6634500261104891
13.0,33.0,27.0,13.0,13.0,5.0,4.0,1.0,3.0,28.0,8.0,6.0,0.0,6.0,0.0,0.0,1.0,0.0,0.0,0.0,1.0,4.0,2.0,1.0,0.0,0.48148148148148145,0.5757575757575758,1.037037037037037,1.612794612794613,0.5555555555555556,0.5555555555555556,0.0,0.09090909090909091,0.18181818181818182,0.18181818181818182,0.625,0.375,1.6666666666666667,212.96969696969697,0.5757575757575758,1.037037037037037,7.142169673961679,0.5762999999999999,5.0,3.0,BP,S3,139.0,False,KCR,KCR,16,0.8368453661877087
12.0,32.0,27.0,13.0,13.0,2.0,3.0,3.0,5.0,37.0,12.0,5.0,1.0,2.0,0.0,1.0,0.0,0.0,0.0,2.0,2.0,1.0,2.0,5.0,0.0,0.48148148148148145,0.5625,1.3703703703703705,1.9328703703703705,0.8888888888888891,0.4,1.0,0.15625,0.0625,0.15625,0.4166666666666667,0.5833333333333334,0.7142857142857143,190.93548387096774,0.5625,1.3703703703703705,9.112521223006306,1.0658999999999998,5.0,7.0,EN,S3,140.0,False,KCR,KCR,16,1.0301645090075793
11.0,29.0,24.0,5.0,5.0,1.0,0.0,2.0,2.0,15.0,5.0,5.0,0.0,6.0,0.0,3.0,0.0,0.0,0.0,2.0,2.0,3.0,3.0,3.0,0.0,0.20833333333333334,0.3448275862068966,0.625,0.9698275862068966,0.41666666666666663,0.1875,1.0,0.06896551724137931,0.20689655172413793,0.1724137931034483,0.5384615384615384,0.46153846153846156,1.1666666666666667,234.8125,0.3448275862068966,0.625,1.4139302984509525,0.10350000000000004,7.0,6.0,XB,S3,141.0,False,KCR,KCR,15,0.24915738029826748
13.0,26.0,23.0,4.0,3.0,1.0,0.0,1.0,2.0,12.0,6.0,2.0,0.0,6.0,1.0,0.0,0.0,0.0,1.0,0.0,4.0,1.0,8.0,0.0,0.0,0.17391304347826086,0.23076923076923078,0.5217391304347826,0.7525083612040133,0.34782608695652173,0.125,,0.07692307692307693,0.23076923076923078,0.07692307692307693,0.35714285714285715,0.6428571428571429,0.5555555555555556,248.04,0.23076923076923078,0.5217391304347826,1.1197605273286804,-0.023200000000000026,5.0,9.0,TT,S3,142.0,False,2TM,KCR,13,0.20859236693226385
12.0,23.0,20.0,3.0,3.0,0.0,0.0,1.0,2.0,11.0,6.0,2.0,0.0,6.0,1.0,0.0,0.0,0.0,1.0,0.0,4.0,1.0,6.0,0.0,0.0,0.15,0.21739130434782608,0.55,0.7673913043478261,0.4,0.07692307692307693,,0.08695652173913043,0.2608695652173913,0.08695652173913043,0.4166666666666667,0.5833333333333334,0.7142857142857143,259.04545454545456,0.21739130434782608,0.55,1.713742460653062,-0.1796,5.0,7.0,TT,S3,142.0,True,PHI,PHI,12,0.25684252401092555
1.0,3.0,3.0,1.0,0.0,1.0,0.0,0.0,0.0,1.0,0.0,0.0,0.0,0.0,0.0,0.0,0.0,0.0,0.0,0.0,0.0,0.0,2.0,0.0,0.0,0.3333333333333333,0.3333333333333333,0.3333333333333333,0.6666666666666666,0.0,0.3333333333333333,,0.0,0.0,0.0,0.0,1.0,0.0,167.33333333333334,0.3333333333333333,0.3333333333333333,-0.5939819333243812,0.15639999999999998,0.0,2.0,TT,S3,142.0,True,KCR,KCR,13,-0.04825015707866168
10.0,21.0,17.0,4.0,3.0,1.0,1.0,1.0,1.0,10.0,4.0,3.0,0.0,6.0,0.0,0.0,0.0,0.0,1.0,0.0,1.0,0.0,4.0,2.0,0.0,0.23529411764705882,0.3333333333333333,0.5882352941176471,0.9215686274509804,0.35294117647058826,0.2727272727272727,,0.047619047619047616,0.2857142857142857,0.14285714285714285,0.125,0.875,0.14285714285714285,246.15,0.3333333333333333,0.5882352941176471,0.41486044447611586,0.1236,1.0,7.0,S,S3,143.0,False,KCR,KCR,16,0.11952229822404666
12.0,32.0,29.0,7.0,5.0,0.0,2.0,1.0,4.0,23.0,12.0,1.0,0.0,13.0,0.0,0.0,0.0,0.0,2.0,0.0,0.0,0.0,7.0,2.0,0.0,0.2413793103448276,0.25,0.7931034482758621,1.043103448275862,0.5517241379310345,0.21428571428571427,,0.125,0.40625,0.03125,0.0,1.0,0.0,229.875,0.25,0.7931034482758621,2.588282868940697,-0.1494999999999999,0.0,11.0,TT,S3,144.0,False,KCR,KCR,16,0.3777406736010184
9.0,23.0,18.0,5.0,4.0,3.0,1.0,0.0,1.0,9.0,1.0,5.0,0.0,6.0,0.0,1.0,0.0,0.0,0.0,0.0,0.0,1.0,6.0,0.0,0.0,0.2777777777777778,0.43478260869565216,0.5,0.9347826086956521,0.2222222222222222,0.36363636363636365,1.0,0.043478260869565216,0.2608695652173913,0.21739130434782608,0.14285714285714285,0.8571428571428571,0.16666666666666666,199.375,0.43478260869565216,0.5,0.6701167877905208,0.13490000000000002,1.0,6.0,BP,S3,145.0,False,KCR,KCR,14,0.15247995672467143
10.0,24.0,22.0,3.0,2.0,2.0,0.0,0.0,1.0,6.0,3.0,2.0,0.0,11.0,0.0,1.0,1.0,0.0,0.0,2.0,1.0,0.0,2.0,3.0,0.0,0.13636363636363635,0.20833333333333334,0.2727272727272727,0.4810606060606061,0.13636363636363635,0.2,0.5,0.041666666666666664,0.4583333333333333,0.08333333333333333,0.375,0.625,0.6,283.2083333333333,0.20833333333333334,0.2727272727272727,-3.436912533368987,-0.2544,3.0,5.0,XB,S3,146.0,False,2TM,KCR,16,-0.25450696330668726
6.0,14.0,13.0,2.0,1.0,2.0,0.0,0.0,0.0,2.0,1.0,1.0,0.0,6.0,0.0,1.0,1.0,0.0,0.0,2.0,0.0,0.0,2.0,1.0,0.0,0.15384615384615385,0.21428571428571427,0.15384615384615385,0.36813186813186816,0.0,0.2857142857142857,0.5,0.0,0.42857142857142855,0.07142857142857142,0.4,0.6,0.6666666666666666,269.4,0.21428571428571427,0.15384615384615385,-2.9530322824121296,-0.26369999999999993,2.0,3.0,XB,S3,146.0,True,MIA,MIA,7,-0.24327905905692293
4.0,10.0,9.0,1.0,1.0,0.0,0.0,0.0,1.0,4.0,2.0,1.0,0.0,5.0,0.0,0.0,0.0,0.0,0.0,0.0,1.0,0.0,0.0,2.0,0.0,0.1111111111111111,0.2,0.4444444444444444,0.6444444444444444,0.3333333333333333,0.0,,0.1,0.5,0.1,0.3333333333333333,0.6666666666666666,0.5,306.22222222222223,0.2,0.4444444444444444,-0.483880250956858,0.009299999999999973,1.0,2.0,XB,S3,146.0,True,KCR,KCR,16,-0.011227904249764342
3.0,4.0,4.0,3.0,2.0,1.0,0.0,0.0,2.0,9.0,2.0,0.0,0.0,0.0,0.0,0.0,0.0,0.0,0.0,0.0,0.0,1.0,0.0,0.0,0.0,0.75,0.75,2.25,3.0,1.5,0.5,,0.5,0.0,0.0,1.0,0.0,,158.25,0.75,2.25,2.023109424929513,0.42190000000000005,1.0,0.0,EN,S3,147.0,False,LAA,LAA,13,0.21717499083131991
2.0,3.0,3.0,1.0,0.0,1.0,0.0,0.0,0.0,1.0,0.0,0.0,0.0,1.0,0.0,0.0,0.0,0.0,0.0,0.0,0.0,0.0,1.0,0.0,0.0,0.3333333333333333,0.3333333333333333,0.3333333333333333,0.6666666666666666,0.0,0.5,,0.0,0.3333333333333333,0.0,0.0,1.0,0.0,189.66666666666666,0.3333333333333333,0.3333333333333333,-0.4216186252771619,-0.095,0.0,1.0,1B,S3,149.0,False,LAA,LAA,16,-0.031013826273939747
15.0,37.0,28.0,10.0,5.0,6.0,2.0,1.0,1.0,17.0,3.0,9.0,1.0,5.0,1.0,0.0,0.0,0.0,0.0,0.0,3.0,3.0,6.0,1.0,0.0,0.35714285714285715,0.5135135135135135,0.6071428571428571,1.1206563706563706,0.24999999999999994,0.4090909090909091,,0.02702702702702703,0.13513513513513514,0.24324324324324326,0.46153846153846156,0.5384615384615384,0.8571428571428571,215.9142857142857,0.5135135135135135,0.6071428571428571,1.1335557582725038,0.2824,6.0,7.0,BC,S3,151.0,False,LAA,LAA,16,0.2508480229571598
13.0,33.0,31.0,9.0,3.0,7.0,2.0,0.0,0.0,11.0,3.0,1.0,0.0,9.0,0.0,0.0,1.0,0.0,1.0,0.0,2.0,4.0,6.0,1.0,0.0,0.2903225806451613,0.30303030303030304,0.3548387096774194,0.6578690127077225,0.06451612903225806,0.391304347826087,0.0,0.0,0.2727272727272727,0.030303030303030304,0.42857142857142855,0.5714285714285714,0.75,257.9117647058824,0.30303030303030304,0.3548387096774194,-3.1342971964175117,-0.15230000000000002,6.0,8.0,BP,S3,152.0,False,LAA,LAA,15,-0.19080132085021037
7.0,19.0,17.0,4.0,4.0,3.0,0.0,0.0,1.0,7.0,2.0,2.0,0.0,6.0,0.0,0.0,0.0,0.0,0.0,0.0,1.0,3.0,2.0,1.0,0.0,0.23529411764705882,0.3157894736842105,0.4117647058823529,0.7275541795665634,0.1764705882352941,0.3,,0.05263157894736842,0.3157894736842105,0.10526315789473684,0.5714285714285714,0.42857142857142855,1.3333333333333333,272.0,0.3157894736842105,0.4117647058823529,-0.5561428895002105,0.09509999999999999,4.0,3.0,S,S3,153.0,False,LAA,LAA,16,0.014989940657229717
10.0,25.0,23.0,8.0,5.0,4.0,4.0,0.0,0.0,12.0,1.0,2.0,0.0,5.0,0.0,2.0,1.0,0.0,0.0,0.0,1.0,1.0,7.0,1.0,0.0,0.34782608695652173,0.4,0.5217391304347826,0.9217391304347826,0.17391304347826086,0.4444444444444444,0.6666666666666666,0.0,0.2,0.08,0.2,0.8,0.25,216.96428571428572,0.4,0.5217391304347826,-0.5135916587795402,-0.08919999999999997,2.0,8.0,BC,S3,154.0,False,LAA,LAA,11,0.041541136236849616
8.0,20.0,18.0,3.0,1.0,2.0,0.0,0.0,1.0,6.0,5.0,2.0,0.0,3.0,0.0,0.0,0.0,0.0,0.0,2.0,2.0,3.0,3.0,2.0,0.0,0.16666666666666666,0.25,0.3333333333333333,0.5833333333333333,0.16666666666666666,0.14285714285714285,,0.05,0.15,0.1,0.5833333333333334,0.4166666666666667,1.4,298.35,0.25,0.3333333333333333,0.13451355844400606,-0.15360000000000001,7.0,5.0,BC,S3,155.0,False,LAA,LAA,15,0.08777159753624351
13.0,39.0,37.0,11.0,4.0,5.0,6.0,0.0,0.0,17.0,2.0,1.0,0.0,4.0,0.0,0.0,0.0,0.0,1.0,1.0,7.0,1.0,12.0,1.0,0.0,0.2972972972972973,0.3076923076923077,0.4594594594594595,0.7671517671517671,0.16216216216216217,0.3235294117647059,,0.0,0.10256410256410256,0.02564102564102564,0.391304347826087,0.6086956521739131,0.6428571428571429,233.12820512820514,0.3076923076923077,0.4594594594594595,-3.4958755890636457,-0.7761,9.0,14.0,BC,S3,156.0,False,LAA,LAA,16,-0.2046630876072709
13.0,33.0,29.0,10.0,9.0,4.0,3.0,0.0,3.0,22.0,8.0,4.0,0.0,8.0,1.0,0.0,1.0,0.0,0.0,2.0,2.0,2.0,5.0,0.0,0.0,0.3448275862068966,0.42424242424242425,0.7586206896551724,1.1828631138975967,0.4137931034482758,0.3888888888888889,0.0,0.09090909090909091,0.24242424242424243,0.12121212121212122,0.5454545454545454,0.45454545454545453,1.2,235.12121212121212,0.42424242424242425,0.7586206896551724,3.8196214393543113,0.4308,6.0,5.0,BN,S3,157.0,False,LAA,LAA,16,0.5045905427269719
16.0,42.0,37.0,14.0,10.0,2.0,5.0,1.0,6.0,39.0,17.0,4.0,0.0,7.0,0.0,0.0,0.0,0.0,1.0,1.0,4.0,3.0,8.0,0.0,0.0,0.3783783783783784,0.42857142857142855,1.054054054054054,1.4826254826254825,0.6756756756756755,0.32,,0.14285714285714285,0.16666666666666666,0.09523809523809523,0.47058823529411764,0.5294117647058824,0.8888888888888888,199.35714285714286,0.42857142857142855,1.054054054054054,13.243704114202979,1.0126000000000002,8.0,9.0,BP,S3,158.0,False,LAA,LAA,16,1.480442918973168
15.0,42.0,38.0,11.0,5.0,4.0,2.0,3.0,2.0,25.0,7.0,3.0,0.0,7.0,0.0,0.0,0.0,0.0,1.0,0.0,2.0,4.0,11.0,3.0,0.0,0.2894736842105263,0.3333333333333333,0.6578947368421053,0.9912280701754386,0.368421052631579,0.3,,0.047619047619047616,0.16666666666666666,0.07142857142857142,0.2857142857142857,0.7142857142857143,0.4,229.6904761904762,0.3333333333333333,0.6578947368421053,3.268101681008615,0.16930000000000006,6.0,15.0,S,S3,159.0,False,LAA,LAA,16,0.48288267565373155
12.0,34.0,27.0,6.0,5.0,4.0,2.0,0.0,0.0,8.0,2.0,5.0,0.0,3.0,0.0,0.0,0.0,0.0,2.0,0.0,6.0,2.0,9.0,1.0,0.0,0.2222222222222222,0.3235294117647059,0.2962962962962963,0.6198257080610021,0.07407407407407407,0.23076923076923078,,0.0,0.08823529411764706,0.14705882352941177,0.4,0.6,0.6666666666666666,244.3235294117647,0.3235294117647059,0.2962962962962963,-1.1380604830559964,-0.12069999999999997,8.0,12.0,1B,S3,160.0,False,LAA,LAA,15,0.012538362570533312
12.0,35.0,34.0,6.0,4.0,1.0,3.0,0.0,2.0,15.0,7.0,1.0,0.0,11.0,0.0,0.0,0.0,0.0,0.0,1.0,6.0,3.0,2.0,5.0,0.0,0.17647058823529413,0.2,0.4411764705882353,0.6411764705882352,0.2647058823529411,0.19047619047619047,,0.05714285714285714,0.3142857142857143,0.02857142857142857,0.5882352941176471,0.4117647058823529,1.4285714285714286,283.0285714285714,0.2,0.4411764705882353,0.6206209322386115,-0.023100000000000093,10.0,7.0,XB,S3,161.0,False,LAA,LAA,16,0.19212251618458623
13.0,35.0,28.0,8.0,7.0,2.0,3.0,0.0,3.0,20.0,6.0,6.0,0.0,5.0,0.0,0.0,1.0,0.0,1.0,3.0,2.0,5.0,4.0,1.0,0.0,0.2857142857142857,0.4,0.7142857142857143,1.1142857142857143,0.4285714285714286,0.23809523809523808,0.0,0.08571428571428572,0.14285714285714285,0.17142857142857143,0.625,0.375,1.6666666666666667,255.08333333333334,0.4,0.7142857142857143,0.39856491228828905,-0.3094000000000001,10.0,6.0,BC,S3,162.0,False,LAA,LAA,16,0.16991691418955399
6.0,13.0,12.0,5.0,2.0,1.0,3.0,0.0,1.0,11.0,2.0,1.0,0.0,3.0,0.0,0.0,1.0,0.0,0.0,1.0,2.0,0.0,0.0,1.0,0.0,0.4166666666666667,0.46153846153846156,0.9166666666666666,1.3782051282051282,0.49999999999999994,0.5,0.0,0.07692307692307693,0.23076923076923078,0.07692307692307693,0.75,0.25,3.0,225.35714285714286,0.46153846153846156,0.9166666666666666,-0.9352768947604226,-0.14859999999999995,3.0,1.0,XB,S3,163.0,False,LAD,LAD,12,-0.04521953237634437
2.0,5.0,5.0,1.0,1.0,0.0,0.0,0.0,1.0,4.0,1.0,0.0,0.0,2.0,0.0,0.0,0.0,0.0,0.0,0.0,0.0,0.0,1.0,1.0,0.0,0.2,0.2,0.8,1.0,0.6000000000000001,0.0,,0.2,0.4,0.0,0.0,1.0,0.0,223.2,0.2,0.8,-0.8262678173753102,-0.4174,0.0,2.0,EN,S3,165.0,False,LAD,LAD,16,-0.06404672131457029
1.0,1.0,1.0,0.0,0.0,0.0,0.0,0.0,0.0,0.0,0.0,0.0,0.0,0.0,0.0,0.0,0.0,0.0,0.0,0.0,0.0,0.0,1.0,0.0,0.0,0.0,0.0,0.0,0.0,0.0,0.0,,0.0,0.0,0.0,0.0,1.0,0.0,220.0,0.0,0.0,-0.18866416053370044,0.0,0.0,1.0,1B,S3,167.0,False,LAD,LAD,3,-0.015150403968777898
16.0,50.0,45.0,20.0,10.0,8.0,8.0,0.0,4.0,40.0,12.0,4.0,1.0,5.0,0.0,0.0,0.0,0.0,1.0,3.0,3.0,3.0,9.0,2.0,0.0,0.4444444444444444,0.48,0.8888888888888888,1.3688888888888888,0.4444444444444444,0.43243243243243246,,0.08,0.1,0.08,0.42857142857142855,0.5714285714285714,0.75,201.85416666666666,0.48,0.8888888888888888,6.897524545099238,0.6806999999999999,9.0,12.0,BN,S3,168.0,False,LAD,LAD,16,0.8755530587395312
9.0,17.0,16.0,2.0,0.0,2.0,0.0,0.0,0.0,2.0,0.0,1.0,0.0,5.0,0.0,1.0,0.0,0.0,0.0,1.0,2.0,3.0,2.0,1.0,0.0,0.125,0.17647058823529413,0.125,0.30147058823529416,0.0,0.18181818181818182,1.0,0.0,0.29411764705882354,0.058823529411764705,0.6666666666666666,0.3333333333333333,2.0,311.3888888888889,0.17647058823529413,0.125,-3.950598655482353,-1.0284,6.0,3.0,BN,S3,169.0,False,LAD,LAD,16,-0.33188766011016885
3.0,5.0,5.0,0.0,0.0,0.0,0.0,0.0,0.0,0.0,0.0,0.0,0.0,3.0,0.0,0.0,0.0,0.0,0.0,0.0,0.0,0.0,2.0,0.0,0.0,0.0,0.0,0.0,0.0,0.0,0.0,,0.0,0.6,0.0,0.0,1.0,0.0,291.4,0.0,0.0,-0.9718650787878675,-0.1109,0.0,2.0,BC,S3,170.0,False,LAD,LAD,16,-0.07860644745582603
15.0,36.0,34.0,5.0,2.0,3.0,1.0,0.0,1.0,9.0,6.0,1.0,0.0,4.0,0.0,0.0,1.0,0.0,1.0,2.0,6.0,5.0,8.0,4.0,0.0,0.14705882352941177,0.16666666666666666,0.2647058823529412,0.43137254901960786,0.11764705882352941,0.13333333333333333,0.0,0.027777777777777776,0.1111111111111111,0.027777777777777776,0.5,0.5,1.0,299.5135135135135,0.16666666666666666,0.2647058823529412,-4.4278819739117505,-1.6107,13.0,13.0,BC,S3,171.0,False,LAD,LAD,16,-0.3090117623458578
9.0,19.0,16.0,3.0,3.0,0.0,1.0,1.0,1.0,9.0,3.0,3.0,0.0,4.0,0.0,0.0,0.0,0.0,0.0,1.0,0.0,2.0,3.0,3.0,0.0,0.1875,0.3157894736842105,0.5625,0.8782894736842105,0.375,0.18181818181818182,,0.05263157894736842,0.21052631578947367,0.15789473684210525,0.3333333333333333,0.6666666666666666,0.5,253.6315789473684,0.3157894736842105,0.5625,-1.0899990622570106,-0.507,3.0,6.0,WC,S3,172.0,False,LAD,LAD,13,-0.038395676618450295
13.0,29.0,26.0,5.0,0.0,2.0,3.0,0.0,0.0,8.0,1.0,2.0,1.0,6.0,0.0,0.0,0.0,0.0,1.0,0.0,5.0,3.0,5.0,2.0,0.0,0.19230769230769232,0.2413793103448276,0.3076923076923077,0.5490716180371353,0.11538461538461539,0.23809523809523808,,0.0,0.20689655172413793,0.06896551724137931,0.5,0.5,1.0,261.2142857142857,0.2413793103448276,0.3076923076923077,-3.724384571763339,-0.38410000000000005,8.0,8.0,EN,S3,173.0,False,LAD,LAD,16,-0.26467410672316166
16.0,53.0,48.0,16.0,10.0,8.0,4.0,0.0,4.0,32.0,9.0,4.0,0.0,7.0,0.0,0.0,0.0,0.0,1.0,2.0,6.0,3.0,11.0,3.0,0.0,0.3333333333333333,0.37735849056603776,0.6666666666666666,1.0440251572327044,0.3333333333333333,0.3157894736842105,,0.07547169811320754,0.1320754716981132,0.07547169811320754,0.4230769230769231,0.5769230769230769,0.7333333333333333,220.1320754716981,0.37735849056603776,0.6666666666666666,3.7934465354983686,0.8161999999999999,11.0,15.0,1B,S3,174.0,False,LAD,LAD,16,0.5762932940332206
16.0,43.0,39.0,12.0,7.0,5.0,7.0,0.0,0.0,19.0,2.0,4.0,1.0,5.0,0.0,3.0,0.0,0.0,0.0,6.0,7.0,1.0,7.0,1.0,0.0,0.3076923076923077,0.37209302325581395,0.48717948717948717,0.8592725104353012,0.17948717948717946,0.35294117647058826,1.0,0.0,0.11627906976744186,0.09302325581395349,0.6363636363636364,0.36363636363636365,1.75,241.6888888888889,0.37209302325581395,0.48717948717948717,-1.5941233615983021,-0.15979999999999994,14.0,8.0,BC,S3,175.0,False,LAD,LAD,16,0.00037618347763204165
15.0,45.0,40.0,10.0,4.0,4.0,3.0,0.0,3.0,22.0,12.0,3.0,0.0,15.0,0.0,0.0,1.0,0.0,2.0,2.0,2.0,4.0,6.0,1.0,0.0,0.25,0.28888888888888886,0.55,0.8388888888888889,0.30000000000000004,0.2916666666666667,0.0,0.06666666666666667,0.3333333333333333,0.06666666666666667,0.47058823529411764,0.5294117647058824,0.8888888888888888,249.47826086956522,0.28888888888888886,0.55,2.0667694278200055,-0.5017000000000001,8.0,9.0,BP,S3,176.0,False,LAD,LAD,16,0.3738974865886471
7.0,12.0,12.0,1.0,1.0,0.0,1.0,0.0,0.0,2.0,0.0,0.0,0.0,3.0,0.0,0.0,0.0,0.0,0.0,0.0,0.0,1.0,7.0,0.0,0.0,0.08333333333333333,0.08333333333333333,0.16666666666666666,0.25,0.08333333333333333,0.1111111111111111,,0.0,0.25,0.0,0.125,0.875,0.14285714285714285,247.41666666666666,0.08333333333333333,0.16666666666666666,-2.5927051200532842,-0.3086,1.0,7.0,BP,S3,177.0,False,LAD,LAD,8,-0.21467836699022266
14.0,34.0,28.0,10.0,7.0,4.0,2.0,0.0,4.0,24.0,8.0,6.0,1.0,6.0,0.0,0.0,0.0,0.0,0.0,0.0,3.0,4.0,5.0,0.0,0.0,0.35714285714285715,0.47058823529411764,0.8571428571428571,1.3277310924369747,0.49999999999999994,0.3333333333333333,,0.11764705882352941,0.17647058823529413,0.17647058823529413,0.5833333333333334,0.4166666666666667,1.4,233.42424242424244,0.47058823529411764,0.8571428571428571,4.672035292991289,0.3931999999999999,7.0,5.0,BN,S3,178.0,False,LAD,LAD,16,0.5935479401752619
16.0,50.0,46.0,16.0,10.0,9.0,3.0,1.0,3.0,30.0,6.0,4.0,0.0,5.0,0.0,0.0,0.0,0.0,0.0,0.0,6.0,4.0,12.0,3.0,0.0,0.34782608695652173,0.4,0.6521739130434783,1.0521739130434784,0.30434782608695654,0.34210526315789475,,0.06,0.1,0.08,0.4,0.6,0.6666666666666666,221.86,0.4,0.6521739130434783,2.829921639681154,-0.5444000000000001,10.0,15.0,BC,S3,179.0,False,LAD,LAD,16,0.4687927681977227
16.0,44.0,40.0,17.0,9.0,10.0,4.0,1.0,2.0,29.0,6.0,4.0,1.0,5.0,0.0,3.0,5.0,0.0,0.0,0.0,4.0,3.0,8.0,3.0,0.0,0.425,0.4772727272727273,0.725,1.2022727272727272,0.3,0.45454545454545453,0.375,0.045454545454545456,0.11363636363636363,0.09090909090909091,0.3888888888888889,0.6111111111111112,0.6363636363636364,221.45098039215685,0.4772727272727273,0.725,4.056926243783062,0.24250000000000002,7.0,11.0,BC,S3,180.0,False,MIA,MIA,16,0.5691971561003606
12.0,31.0,26.0,7.0,7.0,3.0,2.0,2.0,0.0,13.0,2.0,5.0,1.0,6.0,0.0,1.0,1.0,0.0,0.0,0.0,4.0,4.0,4.0,1.0,0.0,0.2692307692307692,0.3870967741935484,0.5,0.8870967741935484,0.23076923076923078,0.35,0.5,0.0,0.1935483870967742,0.16129032258064516,0.6153846153846154,0.38461538461538464,1.6,249.70967741935485,0.3870967741935484,0.5,0.23615162293996717,0.15350000000000005,8.0,5.0,EN,S3,184.0,False,MIA,MIA,16,0.13881153691635323
12.0,29.0,28.0,5.0,1.0,1.0,4.0,0.0,0.0,9.0,2.0,1.0,1.0,9.0,0.0,0.0,0.0,0.0,0.0,1.0,4.0,6.0,2.0,1.0,0.0,0.17857142857142858,0.20689655172413793,0.32142857142857145,0.5283251231527094,0.14285714285714288,0.2631578947368421,,0.0,0.3103448275862069,0.034482758620689655,0.7857142857142857,0.21428571428571427,3.6666666666666665,295.10714285714283,0.20689655172413793,0.32142857142857145,-2.5228087673995163,-0.5691,11.0,3.0,XB,S3,185.0,False,MIA,MIA,16,-0.1445165262867794
12.0,32.0,30.0,9.0,5.0,6.0,0.0,3.0,0.0,15.0,4.0,1.0,1.0,10.0,2.0,1.0,0.0,0.0,1.0,2.0,4.0,1.0,3.0,1.0,0.0,0.3,0.3125,0.5,0.8125,0.2,0.42857142857142855,1.0,0.0,0.3125,0.03125,0.5833333333333334,0.4166666666666667,1.4,242.43333333333334,0.3125,0.5,-1.2822700066351174,-0.3091,7.0,5.0,1B,S3,186.0,False,MIA,MIA,16,-0.009314613956563078
9.0,19.0,19.0,3.0,1.0,0.0,2.0,1.0,0.0,7.0,1.0,0.0,0.0,6.0,1.0,0.0,0.0,0.0,0.0,2.0,2.0,1.0,3.0,2.0,0.0,0.15789473684210525,0.15789473684210525,0.3684210526315789,0.5263157894736842,0.21052631578947367,0.23076923076923078,,0.0,0.3157894736842105,0.0,0.5,0.5,1.0,306.3333333333333,0.15789473684210525,0.3684210526315789,-2.5274719355920077,-0.36839999999999995,5.0,5.0,S,S3,187.0,False,MIA,MIA,16,-0.18214296395195
13.0,34.0,30.0,10.0,6.0,5.0,3.0,0.0,2.0,19.0,5.0,4.0,1.0,6.0,0.0,1.0,0.0,0.0,0.0,1.0,2.0,2.0,4.0,5.0,0.0,0.3333333333333333,0.4117647058823529,0.6333333333333333,1.0450980392156861,0.3,0.36363636363636365,1.0,0.058823529411764705,0.17647058823529413,0.11764705882352941,0.35714285714285715,0.6428571428571429,0.5555555555555556,232.8235294117647,0.4117647058823529,0.6333333333333333,1.314688352349201,0.3879,5.0,9.0,BN,S3,188.0,False,MIA,MIA,15,0.25781324611105305
13.0,31.0,26.0,9.0,4.0,6.0,0.0,1.0,2.0,17.0,7.0,3.0,0.0,1.0,0.0,1.0,1.0,0.0,2.0,1.0,3.0,2.0,7.0,3.0,0.0,0.34615384615384615,0.3870967741935484,0.6538461538461539,1.0409429280397022,0.3076923076923077,0.28,0.5,0.06451612903225806,0.03225806451612903,0.0967741935483871,0.3333333333333333,0.6666666666666666,0.5,233.24242424242425,0.3870967741935484,0.6538461538461539,1.1979874826116184,-0.2899,6.0,12.0,BC,S3,189.0,False,2TM,MIA,16,0.23499512288351837
5.0,10.0,10.0,3.0,1.0,1.0,0.0,1.0,1.0,8.0,3.0,0.0,0.0,0.0,0.0,0.0,0.0,0.0,0.0,0.0,1.0,2.0,1.0,3.0,0.0,0.3,0.3,0.8,1.1,0.5,0.2222222222222222,,0.1,0.0,0.0,0.42857142857142855,0.5714285714285714,0.75,287.2,0.3,0.8,0.5578702237749549,-0.02429999999999999,3.0,4.0,BC,S3,189.0,True,KCR,KCR,8,0.09294714322341695
8.0,21.0,16.0,6.0,3.0,5.0,0.0,0.0,1.0,9.0,4.0,3.0,0.0,1.0,0.0,1.0,1.0,0.0,2.0,1.0,2.0,0.0,6.0,0.0,0.0,0.375,0.42857142857142855,0.5625,0.9910714285714286,0.1875,0.3125,0.5,0.047619047619047616,0.047619047619047616,0.14285714285714285,0.2727272727272727,0.7272727272727273,0.375,209.7826086956522,0.42857142857142855,0.5625,0.6401172588366637,-0.26559999999999995,3.0,8.0,BC,S3,189.0,True,MIA,MIA,16,0.14204797966010144
7.0,12.0,11.0,2.0,1.0,2.0,0.0,0.0,0.0,2.0,1.0,1.0,0.0,3.0,1.0,0.0,0.0,0.0,0.0,2.0,0.0,1.0,3.0,0.0,0.0,0.18181818181818182,0.25,0.18181818181818182,0.4318181818181818,0.0,0.25,,0.0,0.25,0.08333333333333333,0.5,0.5,1.0,266.90909090909093,0.25,0.18181818181818182,-1.563591845057627,-0.4435999999999999,3.0,3.0,BC,S3,190.0,False,MIA,MIA,15,-0.11176703949065696
15.0,37.0,32.0,9.0,3.0,1.0,5.0,1.0,2.0,22.0,9.0,5.0,0.0,16.0,0.0,0.0,1.0,0.0,0.0,0.0,3.0,2.0,1.0,1.0,0.0,0.28125,0.3783783783783784,0.6875,1.0658783783783785,0.40625,0.5,0.0,0.05405405405405406,0.43243243243243246,0.13513513513513514,0.7142857142857143,0.2857142857142857,2.5,251.78947368421052,0.3783783783783784,0.6875,2.59281025560856,0.639,5.0,2.0,TT,S3,191.0,False,MIA,MIA,16,0.3967734726907654
10.0,23.0,20.0,5.0,3.0,1.0,3.0,0.0,1.0,11.0,3.0,2.0,0.0,2.0,0.0,0.0,0.0,0.0,1.0,2.0,1.0,3.0,5.0,2.0,0.0,0.25,0.30434782608695654,0.55,0.8543478260869566,0.30000000000000004,0.2222222222222222,,0.043478260869565216,0.08695652173913043,0.08695652173913043,0.42857142857142855,0.5714285714285714,0.75,243.1304347826087,0.30434782608695654,0.55,-0.1705025410893889,-0.10059999999999998,6.0,8.0,XB,S3,192.0,False,MIA,MIA,15,0.06841802383668047
7.0,14.0,12.0,1.0,2.0,0.0,1.0,0.0,0.0,2.0,1.0,2.0,0.0,5.0,0.0,0.0,0.0,0.0,0.0,0.0,0.0,2.0,4.0,0.0,0.0,0.08333333333333333,0.21428571428571427,0.16666666666666666,0.38095238095238093,0.08333333333333333,0.14285714285714285,,0.0,0.35714285714285715,0.14285714285714285,0.3333333333333333,0.6666666666666666,0.5,281.2857142857143,0.21428571428571427,0.16666666666666666,-0.5351142028217117,-0.47490000000000004,2.0,4.0,1B,S3,193.0,False,MIA,MIA,16,-0.001487251097881137
14.0,39.0,35.0,13.0,5.0,9.0,2.0,0.0,2.0,21.0,10.0,4.0,0.0,4.0,0.0,1.0,0.0,0.0,0.0,1.0,5.0,4.0,5.0,3.0,0.0,0.37142857142857144,0.4358974358974359,0.6,1.0358974358974358,0.22857142857142854,0.3793103448275862,1.0,0.05128205128205128,0.10256410256410256,0.10256410256410256,0.5555555555555556,0.4444444444444444,1.25,228.475,0.4358974358974359,0.6,5.1725713260965644,0.2507999999999999,10.0,8.0,WC,S3,194.0,False,2TM,MIA,16,0.6621816039087501
10.0,29.0,26.0,10.0,4.0,8.0,1.0,0.0,1.0,14.0,8.0,3.0,0.0,1.0,0.0,1.0,0.0,0.0,0.0,1.0,2.0,4.0,5.0,3.0,0.0,0.38461538461538464,0.4482758620689655,0.5384615384615384,0.986737400530504,0.1538461538461538,0.375,1.0,0.034482758620689655,0.034482758620689655,0.10344827586206896,0.4666666666666667,0.5333333333333333,0.875,226.73333333333332,0.4482758620689655,0.5384615384615384,3.6640677950776404,0.08539999999999995,7.0,8.0,WC,S3,194.0,True,NYM,NYM,11,0.47417112996093624
4.0,10.0,9.0,3.0,1.0,1.0,1.0,0.0,1.0,7.0,2.0,1.0,0.0,3.0,0.0,0.0,0.0,0.0,0.0,0.0,3.0,0.0,0.0,0.0,0.0,0.3333333333333333,0.4,0.7777777777777778,1.1777777777777778,0.4444444444444445,0.4,,0.1,0.3,0.1,1.0,0.0,,233.7,0.4,0.7777777777777778,1.5085035310189225,0.1654,3.0,0.0,WC,S3,194.0,True,MIA,MIA,16,0.18801047394781373
13.0,29.0,26.0,7.0,2.0,5.0,0.0,1.0,1.0,12.0,4.0,2.0,0.0,6.0,0.0,0.0,0.0,0.0,1.0,2.0,3.0,2.0,5.0,1.0,0.0,0.2692307692307692,0.3103448275862069,0.46153846153846156,0.7718832891246685,0.19230769230769235,0.3,,0.034482758620689655,0.20689655172413793,0.06896551724137931,0.5,0.5,1.0,239.48275862068965,0.3103448275862069,0.46153846153846156,-2.07070453387596,-1.0418000000000003,7.0,7.0,1B,S3,195.0,False,2TM,MIA,15,-0.09930610293442377
7.0,14.0,13.0,4.0,1.0,3.0,0.0,0.0,1.0,7.0,2.0,1.0,0.0,2.0,0.0,0.0,0.0,0.0,0.0,1.0,2.0,1.0,3.0,0.0,0.0,0.3076923076923077,0.35714285714285715,0.5384615384615384,0.8956043956043955,0.23076923076923073,0.3,,0.07142857142857142,0.14285714285714285,0.07142857142857142,0.5714285714285714,0.42857142857142855,1.3333333333333333,224.57142857142858,0.35714285714285715,0.5384615384615384,-0.7600059399216499,-0.16229999999999997,4.0,3.0,1B,S3,195.0,True,NYY,NYY,7,-0.02397642480787495
6.0,15.0,13.0,3.0,1.0,2.0,0.0,1.0,0.0,5.0,2.0,1.0,0.0,4.0,0.0,0.0,0.0,0.0,1.0,1.0,1.0,1.0,2.0,1.0,0.0,0.23076923076923078,0.26666666666666666,0.38461538461538464,0.6512820512820513,0.15384615384615385,0.3,,0.0,0.26666666666666666,0.06666666666666667,0.42857142857142855,0.5714285714285714,0.75,253.4,0.26666666666666666,0.38461538461538464,-1.3106985939543099,-0.8795000000000002,3.0,4.0,1B,S3,195.0,True,MIA,MIA,15,-0.07532967812654881
1.0,1.0,1.0,0.0,0.0,0.0,0.0,0.0,0.0,0.0,0.0,0.0,0.0,0.0,0.0,0.0,0.0,0.0,0.0,0.0,0.0,0.0,1.0,0.0,0.0,0.0,0.0,0.0,0.0,0.0,0.0,,0.0,0.0,0.0,0.0,1.0,0.0,226.0,0.0,0.0,-0.18866416053370044,-0.024,0.0,1.0,WC,S3,196.0,False,MIA,MIA,16,-0.015150403968777898
1.0,1.0,1.0,1.0,0.0,1.0,0.0,0.0,0.0,1.0,0.0,0.0,0.0,0.0,0.0,1.0,0.0,0.0,0.0,0.0,0.0,0.0,0.0,0.0,0.0,1.0,1.0,1.0,2.0,0.0,1.0,1.0,0.0,0.0,0.0,,,,112.0,1.0,1.0,0.5607586657946371,0.1142,0.0,0.0,1B,S3,197.0,False,MIL,MIL,15,0.05979187866405585
8.0,18.0,17.0,4.0,0.0,3.0,1.0,0.0,0.0,5.0,0.0,1.0,0.0,4.0,0.0,0.0,0.0,0.0,0.0,0.0,3.0,3.0,3.0,0.0,0.0,0.23529411764705882,0.2777777777777778,0.29411764705882354,0.5718954248366013,0.05882352941176472,0.3076923076923077,,0.0,0.2222222222222222,0.05555555555555555,0.6666666666666666,0.3333333333333333,2.0,281.77777777777777,0.2777777777777778,0.29411764705882354,-1.6441888181791082,-0.20140000000000002,6.0,3.0,1B,S3,202.0,False,MIL,MIL,16,-0.0975306642952522
3.0,8.0,8.0,3.0,1.0,2.0,0.0,0.0,1.0,6.0,2.0,0.0,0.0,3.0,0.0,0.0,1.0,0.0,0.0,0.0,2.0,0.0,0.0,0.0,0.0,0.375,0.375,0.75,1.125,0.375,0.5,0.0,0.125,0.375,0.0,1.0,0.0,,260.1111111111111,0.375,0.75,0.7496609352003091,-0.06930000000000003,2.0,0.0,XB,S3,203.0,False,MIL,MIL,15,0.10469419019676807
12.0,28.0,26.0,4.0,4.0,0.0,2.0,0.0,2.0,12.0,6.0,2.0,0.0,6.0,0.0,0.0,0.0,0.0,0.0,1.0,3.0,6.0,5.0,1.0,0.0,0.15384615384615385,0.21428571428571427,0.46153846153846156,0.6758241758241759,0.3076923076923077,0.1111111111111111,,0.07142857142857142,0.21428571428571427,0.07142857142857142,0.625,0.375,1.6666666666666667,283.82142857142856,0.21428571428571427,0.46153846153846156,0.24282709536952568,-0.43929999999999997,10.0,6.0,1B,S3,204.0,False,MIL,MIL,16,0.12833104790553265
5.0,9.0,9.0,1.0,0.0,1.0,0.0,0.0,0.0,1.0,1.0,0.0,0.0,5.0,2.0,0.0,0.0,0.0,0.0,0.0,1.0,0.0,2.0,0.0,0.0,0.1111111111111111,0.1111111111111111,0.1111111111111111,0.2222222222222222,0.0,0.25,,0.0,0.5555555555555556,0.0,0.3333333333333333,0.6666666666666666,0.5,218.71428571428572,0.1111111111111111,0.1111111111111111,-0.5730418254645946,-0.1545,1.0,2.0,BP,S3,205.0,False,2TM,MIL,14,-0.023860073785130147
2.0,3.0,3.0,1.0,0.0,1.0,0.0,0.0,0.0,1.0,1.0,0.0,0.0,1.0,0.0,0.0,0.0,0.0,0.0,0.0,0.0,0.0,1.0,0.0,0.0,0.3333333333333333,0.3333333333333333,0.3333333333333333,0.6666666666666666,0.0,0.5,,0.0,0.3333333333333333,0.0,0.0,1.0,0.0,164.66666666666666,0.3333333333333333,0.3333333333333333,0.7796737448355929,0.0498,0.0,1.0,BP,S3,205.0,True,COL,COL,5,0.08911541073733573
3.0,6.0,6.0,0.0,0.0,0.0,0.0,0.0,0.0,0.0,0.0,0.0,0.0,4.0,2.0,0.0,0.0,0.0,0.0,0.0,1.0,0.0,1.0,0.0,0.0,0.0,0.0,0.0,0.0,0.0,0.0,,0.0,0.6666666666666666,0.0,0.5,0.5,1.0,259.25,0.0,0.0,-1.3527155703001876,-0.2043,1.0,1.0,BP,S3,205.0,True,MIL,MIL,14,-0.11297548452246589
10.0,22.0,22.0,4.0,1.0,3.0,1.0,0.0,0.0,5.0,0.0,0.0,0.0,10.0,0.0,0.0,0.0,0.0,0.0,1.0,1.0,1.0,4.0,1.0,0.0,0.18181818181818182,0.18181818181818182,0.22727272727272727,0.40909090909090906,0.04545454545454544,0.3333333333333333,,0.0,0.45454545454545453,0.0,0.375,0.625,0.6,247.95454545454547,0.18181818181818182,0.22727272727272727,-3.5552807399418462,-0.4893,3.0,5.0,XB,S3,206.0,False,MIL,MIL,16,-0.27377580813315744
14.0,35.0,31.0,11.0,5.0,6.0,5.0,0.0,0.0,16.0,4.0,4.0,0.0,2.0,0.0,1.0,0.0,0.0,0.0,0.0,6.0,5.0,7.0,0.0,0.0,0.3548387096774194,0.42857142857142855,0.5161290322580645,0.9447004608294931,0.16129032258064513,0.3793103448275862,1.0,0.0,0.05714285714285714,0.11428571428571428,0.6111111111111112,0.3888888888888889,1.5714285714285714,226.83333333333334,0.42857142857142855,0.5161290322580645,3.7719435719954313,0.21409999999999996,11.0,7.0,1B,S3,207.0,False,MIL,MIL,16,0.5072547801602683
9.0,24.0,20.0,7.0,3.0,5.0,1.0,0.0,1.0,11.0,2.0,4.0,0.0,2.0,0.0,0.0,0.0,0.0,0.0,2.0,3.0,2.0,2.0,2.0,0.0,0.35,0.4583333333333333,0.55,1.0083333333333333,0.20000000000000007,0.35294117647058826,,0.041666666666666664,0.08333333333333333,0.16666666666666666,0.6363636363636364,0.36363636363636365,1.75,241.25,0.4583333333333333,0.55,1.6894243774293778,0.26259999999999994,7.0,4.0,WC,S3,208.0,False,MIL,MIL,16,0.25812672777314927
11.0,28.0,26.0,3.0,2.0,1.0,2.0,0.0,0.0,5.0,2.0,2.0,0.0,10.0,2.0,0.0,0.0,0.0,0.0,0.0,2.0,6.0,4.0,1.0,0.0,0.11538461538461539,0.17857142857142858,0.19230769230769232,0.3708791208791209,0.07692307692307693,0.1875,,0.0,0.35714285714285715,0.07142857142857142,0.6153846153846154,0.38461538461538464,1.6,307.84615384615387,0.17857142857142858,0.19230769230769232,-2.277412129498164,-0.03900000000000001,8.0,5.0,BC,S3,209.0,False,MIL,MIL,15,-0.12369287458123635
3.0,6.0,5.0,0.0,0.0,0.0,0.0,0.0,0.0,0.0,1.0,0.0,0.0,2.0,0.0,0.0,0.0,0.0,1.0,1.0,2.0,0.0,0.0,0.0,0.0,0.0,0.0,0.0,0.0,0.0,0.0,,0.0,0.3333333333333333,0.0,0.75,0.25,3.0,358.3333333333333,0.0,0.0,-0.8919964766272819,-0.2594,3.0,1.0,BC,S3,210.0,False,MIL,MIL,16,-0.06690357515517531
14.0,35.0,31.0,2.0,2.0,1.0,0.0,0.0,1.0,5.0,2.0,3.0,0.0,15.0,0.0,1.0,0.0,0.0,1.0,0.0,2.0,4.0,2.0,6.0,0.0,0.06451612903225806,0.14285714285714285,0.16129032258064516,0.30414746543778803,0.0967741935483871,0.0625,1.0,0.02857142857142857,0.42857142857142855,0.08571428571428572,0.4,0.6,0.6666666666666666,313.05555555555554,0.14285714285714285,0.16129032258064516,-4.15876893869839,-0.7121000000000001,6.0,9.0,BP,S3,211.0,False,2TM,MIL,16,-0.28581647090911394
6.0,17.0,14.0,1.0,1.0,1.0,0.0,0.0,0.0,1.0,0.0,3.0,0.0,5.0,0.0,1.0,0.0,0.0,0.0,0.0,1.0,2.0,0.0,5.0,0.0,0.07142857142857142,0.23529411764705882,0.07142857142857142,0.3067226890756303,0.0,0.1111111111111111,1.0,0.0,0.29411764705882354,0.17647058823529413,0.375,0.625,0.6,304.5,0.23529411764705882,0.07142857142857142,-1.7792218069763428,-0.2441,3.0,5.0,BP,S3,211.0,True,CLE,CLE,7,-0.1147499752595678
8.0,18.0,17.0,1.0,1.0,0.0,0.0,0.0,1.0,4.0,2.0,0.0,0.0,10.0,0.0,0.0,0.0,0.0,1.0,0.0,1.0,2.0,2.0,1.0,0.0,0.058823529411764705,0.05555555555555555,0.23529411764705882,0.29084967320261434,0.1764705882352941,0.0,,0.05555555555555555,0.5555555555555556,0.0,0.42857142857142855,0.5714285714285714,0.75,321.6111111111111,0.05555555555555555,0.23529411764705882,-2.379547131722048,-0.468,3.0,4.0,BP,S3,211.0,True,MIL,MIL,16,-0.17106649564954618
4.0,9.0,9.0,3.0,1.0,1.0,0.0,1.0,1.0,8.0,3.0,0.0,0.0,1.0,0.0,0.0,0.0,0.0,0.0,0.0,1.0,2.0,2.0,0.0,0.0,0.3333333333333333,0.3333333333333333,0.8888888888888888,1.222222222222222,0.5555555555555556,0.2857142857142857,,0.1111111111111111,0.1111111111111111,0.0,0.6,0.4,1.5,253.66666666666666,0.3333333333333333,0.8888888888888888,1.2134536197815504,0.20850000000000002,3.0,2.0,BN,S3,212.0,False,MIL,MIL,16,0.15478947073948435
15.0,39.0,35.0,14.0,5.0,10.0,3.0,0.0,1.0,20.0,5.0,4.0,0.0,5.0,0.0,0.0,0.0,0.0,0.0,1.0,5.0,3.0,6.0,1.0,0.0,0.4,0.46153846153846156,0.5714285714285714,1.0329670329670328,0.17142857142857137,0.4482758620689655,,0.02564102564102564,0.1282051282051282,0.10256410256410256,0.5625,0.4375,1.2857142857142858,223.97435897435898,0.46153846153846156,0.5714285714285714,2.7793089567146563,0.22930000000000017,9.0,7.0,1B,S3,213.0,False,MIL,MIL,16,0.4228553669705593
7.0,14.0,13.0,1.0,1.0,0.0,0.0,0.0,1.0,4.0,2.0,1.0,0.0,3.0,2.0,0.0,0.0,0.0,0.0,2.0,1.0,2.0,3.0,1.0,0.0,0.07692307692307693,0.14285714285714285,0.3076923076923077,0.45054945054945056,0.23076923076923078,0.0,,0.07142857142857142,0.21428571428571427,0.07142857142857142,0.5555555555555556,0.4444444444444444,1.25,303.8333333333333,0.14285714285714285,0.3076923076923077,-2.7334939218738157,-0.8522,5.0,4.0,BC,S3,214.0,False,3TM,MIL,15,-0.22132522300309154
3.0,7.0,6.0,0.0,0.0,0.0,0.0,0.0,0.0,0.0,0.0,1.0,0.0,1.0,1.0,0.0,0.0,0.0,0.0,1.0,1.0,1.0,1.0,1.0,0.0,0.0,0.14285714285714285,0.0,0.14285714285714285,0.0,0.0,,0.0,0.14285714285714285,0.14285714285714285,0.6,0.4,1.5,351.6666666666667,0.14285714285714285,0.0,-2.1718743639856015,-0.6924,3.0,2.0,BC,S3,214.0,True,STL,STL,9,-0.19117535180641515
2.0,4.0,4.0,1.0,1.0,0.0,0.0,0.0,1.0,4.0,2.0,0.0,0.0,2.0,1.0,0.0,0.0,0.0,0.0,0.0,0.0,0.0,1.0,0.0,0.0,0.25,0.25,1.0,1.25,0.75,0.0,,0.25,0.5,0.0,0.0,1.0,0.0,190.33333333333334,0.25,1.0,1.1134143634143636,0.10539999999999998,0.0,1.0,BC,S3,214.0,True,PHI,PHI,11,0.12620548467980494
2.0,3.0,3.0,0.0,0.0,0.0,0.0,0.0,0.0,0.0,0.0,0.0,0.0,0.0,0.0,0.0,0.0,0.0,0.0,1.0,0.0,1.0,1.0,0.0,0.0,0.0,0.0,0.0,0.0,0.0,0.0,,0.0,0.0,0.0,0.6666666666666666,0.3333333333333333,2.0,321.6666666666667,0.0,0.0,-1.675033921302578,-0.2652,2.0,1.0,BC,S3,214.0,True,MIL,MIL,15,-0.15635535587648136
12.0,25.0,25.0,5.0,1.0,1.0,1.0,2.0,1.0,13.0,4.0,0.0,0.0,12.0,1.0,0.0,0.0,0.0,0.0,1.0,1.0,3.0,2.0,1.0,0.0,0.2,0.2,0.52,0.72,0.32,0.3333333333333333,,0.04,0.48,0.0,0.625,0.375,1.6666666666666667,237.45833333333334,0.2,0.52,-2.9502220967621726,-0.3758,5.0,3.0,XB,S3,215.0,False,2TM,MIL,16,-0.20212190756141363
8.0,18.0,18.0,1.0,1.0,0.0,0.0,0.0,1.0,4.0,3.0,0.0,0.0,10.0,1.0,0.0,0.0,0.0,0.0,1.0,1.0,3.0,1.0,1.0,0.0,0.05555555555555555,0.05555555555555555,0.2222222222222222,0.2777777777777778,0.16666666666666666,0.0,,0.05555555555555555,0.5555555555555556,0.0,0.7142857142857143,0.2857142857142857,2.5,285.05882352941177,0.05555555555555555,0.2222222222222222,-3.8423669638540066,-0.5329999999999999,5.0,2.0,XB,S3,215.0,True,OAK,OAK,8,-0.31734847886274203
4.0,7.0,7.0,4.0,0.0,1.0,1.0,2.0,0.0,9.0,1.0,0.0,0.0,2.0,0.0,0.0,0.0,0.0,0.0,0.0,0.0,0.0,1.0,0.0,0.0,0.5714285714285714,0.5714285714285714,1.2857142857142858,1.8571428571428572,0.7142857142857144,0.8,,0.0,0.2857142857142857,0.0,0.0,1.0,0.0,121.85714285714286,0.5714285714285714,1.2857142857142858,0.8921448670918336,0.1572,0.0,1.0,XB,S3,215.0,True,MIL,MIL,16,0.11522657130132838
4.0,4.0,4.0,0.0,0.0,0.0,0.0,0.0,0.0,0.0,0.0,0.0,0.0,2.0,0.0,0.0,0.0,0.0,0.0,0.0,0.0,0.0,1.0,1.0,0.0,0.0,0.0,0.0,0.0,0.0,0.0,,0.0,0.5,0.0,0.0,1.0,0.0,233.5,0.0,0.0,-0.9178382184118783,-0.10219999999999999,0.0,2.0,WC,S3,216.0,False,MTL,MTL,16,-0.07691977350281924
10.0,27.0,24.0,4.0,3.0,2.0,1.0,0.0,1.0,8.0,7.0,3.0,0.0,6.0,1.0,0.0,0.0,0.0,0.0,0.0,4.0,1.0,7.0,2.0,0.0,0.16666666666666666,0.25925925925925924,0.3333333333333333,0.5925925925925926,0.16666666666666666,0.17647058823529413,,0.037037037037037035,0.2222222222222222,0.1111111111111111,0.35714285714285715,0.6428571428571429,0.5555555555555556,236.73076923076923,0.25925925925925924,0.3333333333333333,1.2492230583103145,-0.12730000000000002,5.0,9.0,BP,S3,221.0,False,MTL,MTL,16,0.22525463211501942
16.0,42.0,37.0,11.0,7.0,2.0,6.0,0.0,3.0,26.0,8.0,5.0,0.0,7.0,0.0,1.0,0.0,0.0,0.0,1.0,4.0,5.0,7.0,2.0,0.0,0.2972972972972973,0.38095238095238093,0.7027027027027027,1.0836550836550836,0.40540540540540543,0.2962962962962963,1.0,0.07142857142857142,0.16666666666666666,0.11904761904761904,0.5263157894736842,0.47368421052631576,1.1111111111111112,236.1860465116279,0.38095238095238093,0.7027027027027027,3.063070289322757,0.3440000000000001,10.0,9.0,BP,S3,222.0,False,MTL,MTL,16,0.46237953648514585
13.0,32.0,30.0,6.0,4.0,3.0,2.0,0.0,1.0,11.0,2.0,1.0,0.0,7.0,1.0,0.0,0.0,0.0,1.0,5.0,1.0,4.0,5.0,2.0,0.0,0.2,0.21875,0.36666666666666664,0.5854166666666667,0.16666666666666663,0.21739130434782608,,0.03125,0.21875,0.03125,0.5555555555555556,0.4444444444444444,1.25,282.19354838709677,0.21875,0.36666666666666664,-5.080987935307744,-1.1552,10.0,8.0,HK,S3,223.0,False,2TM,MTL,16,-0.38918640682382566
7.0,18.0,17.0,2.0,0.0,2.0,0.0,0.0,0.0,2.0,1.0,0.0,0.0,3.0,0.0,0.0,0.0,0.0,1.0,5.0,1.0,1.0,4.0,1.0,0.0,0.11764705882352941,0.1111111111111111,0.11764705882352941,0.22875816993464052,0.0,0.13333333333333333,,0.0,0.16666666666666666,0.0,0.5384615384615384,0.46153846153846156,1.1666666666666667,303.22222222222223,0.1111111111111111,0.11764705882352941,-4.936837578502992,-1.3420999999999998,7.0,6.0,HK,S3,223.0,True,PIT,PIT,9,-0.42679554032764055
6.0,14.0,13.0,4.0,4.0,1.0,2.0,0.0,1.0,9.0,1.0,1.0,0.0,4.0,1.0,0.0,0.0,0.0,0.0,0.0,0.0,3.0,1.0,1.0,0.0,0.3076923076923077,0.35714285714285715,0.6923076923076923,1.0494505494505495,0.3846153846153846,0.375,,0.07142857142857142,0.2857142857142857,0.07142857142857142,0.6,0.4,1.5,253.07692307692307,0.35714285714285715,0.6923076923076923,-0.14415035680475285,0.1869,3.0,2.0,HK,S3,223.0,True,MTL,MTL,16,0.03760913350381475
10.0,24.0,22.0,8.0,2.0,4.0,2.0,1.0,1.0,15.0,3.0,2.0,0.0,2.0,0.0,0.0,0.0,0.0,0.0,0.0,3.0,3.0,3.0,3.0,0.0,0.36363636363636365,0.4166666666666667,0.6818181818181818,1.0984848484848484,0.3181818181818181,0.3684210526315789,,0.041666666666666664,0.08333333333333333,0.08333333333333333,0.5,0.5,1.0,248.08695652173913,0.4166666666666667,0.6818181818181818,-0.28570509973254943,0.5049,6.0,6.0,BN,S3,224.0,False,MTL,MTL,16,0.06061378005695654
8.0,23.0,23.0,4.0,1.0,2.0,1.0,0.0,1.0,8.0,2.0,0.0,0.0,5.0,0.0,0.0,0.0,0.0,0.0,2.0,3.0,2.0,1.0,6.0,0.0,0.17391304347826086,0.17391304347826086,0.34782608695652173,0.5217391304347826,0.17391304347826086,0.17647058823529413,,0.043478260869565216,0.21739130434782608,0.0,0.5,0.5,1.0,315.5217391304348,0.17391304347826086,0.34782608695652173,-2.690817082582663,-0.19510000000000005,7.0,7.0,EN,S3,225.0,False,MTL,MTL,14,-0.18361343031264693
14.0,37.0,33.0,6.0,3.0,2.0,3.0,0.0,1.0,12.0,2.0,4.0,1.0,10.0,0.0,0.0,0.0,0.0,0.0,3.0,4.0,3.0,5.0,2.0,0.0,0.18181818181818182,0.2702702702702703,0.36363636363636365,0.6339066339066339,0.18181818181818182,0.22727272727272727,,0.02702702702702703,0.2702702702702703,0.10810810810810811,0.5882352941176471,0.4117647058823529,1.4285714285714286,281.47222222222223,0.2702702702702703,0.36363636363636365,-3.1839603623570283,-0.6164000000000002,10.0,7.0,1B,S3,226.0,False,MTL,MTL,16,-0.18090358910579346
7.0,13.0,12.0,5.0,1.0,3.0,0.0,2.0,0.0,9.0,2.0,1.0,0.0,4.0,0.0,2.0,1.0,0.0,0.0,0.0,0.0,1.0,2.0,0.0,0.0,0.4166666666666667,0.46153846153846156,0.75,1.2115384615384617,0.3333333333333333,0.625,0.6666666666666666,0.0,0.3076923076923077,0.07692307692307693,0.3333333333333333,0.6666666666666666,0.5,187.625,0.46153846153846156,0.75,1.8357945920987258,0.333,1.0,2.0,S,S3,227.0,False,MTL,MTL,15,0.23188761630957044
10.0,25.0,21.0,7.0,6.0,2.0,2.0,1.0,2.0,17.0,4.0,3.0,0.0,7.0,0.0,1.0,1.0,0.0,1.0,0.0,0.0,2.0,4.0,1.0,0.0,0.3333333333333333,0.4,0.8095238095238095,1.2095238095238097,0.4761904761904762,0.38461538461538464,0.5,0.08,0.28,0.12,0.25,0.75,0.3333333333333333,215.22222222222223,0.4,0.8095238095238095,1.7534746885682688,-0.08340000000000003,2.0,6.0,BN,S3,228.0,False,MTL,MTL,16,0.26824777097163055
14.0,33.0,32.0,6.0,3.0,1.0,2.0,1.0,2.0,16.0,4.0,1.0,0.0,11.0,0.0,0.0,0.0,0.0,0.0,0.0,3.0,4.0,4.0,4.0,0.0,0.1875,0.21212121212121213,0.5,0.7121212121212122,0.3125,0.21052631578947367,,0.06060606060606061,0.3333333333333333,0.030303030303030304,0.4666666666666667,0.5333333333333333,0.875,278.3636363636364,0.21212121212121213,0.5,-0.9558411478758453,-0.17839999999999995,7.0,8.0,TT,S3,229.0,False,2TM,MTL,16,0.027044284003956264
8.0,19.0,19.0,1.0,0.0,1.0,0.0,0.0,0.0,1.0,0.0,0.0,0.0,8.0,0.0,0.0,0.0,0.0,0.0,0.0,2.0,4.0,3.0,1.0,0.0,0.05263157894736842,0.05263157894736842,0.05263157894736842,0.10526315789473684,0.0,0.09090909090909091,,0.0,0.42105263157894735,0.0,0.6,0.4,1.5,327.0,0.05263157894736842,0.05263157894736842,-4.3627154667753985,-0.6824999999999999,6.0,4.0,TT,S3,229.0,True,NYM,NYM,9,-0.36566731707028904
6.0,14.0,13.0,5.0,3.0,0.0,2.0,1.0,2.0,15.0,4.0,1.0,0.0,3.0,0.0,0.0,0.0,0.0,0.0,0.0,1.0,0.0,1.0,3.0,0.0,0.38461538461538464,0.42857142857142855,1.1538461538461537,1.5824175824175823,0.7692307692307692,0.375,,0.14285714285714285,0.21428571428571427,0.07142857142857142,0.2,0.8,0.25,212.35714285714286,0.42857142857142855,1.1538461538461537,3.4068743188995527,0.5041,1.0,4.0,TT,S3,229.0,True,MTL,MTL,16,0.3927116010742453
9.0,15.0,15.0,3.0,2.0,1.0,2.0,0.0,0.0,5.0,0.0,0.0,0.0,7.0,1.0,0.0,0.0,0.0,0.0,0.0,4.0,1.0,0.0,0.0,0.0,0.2,0.2,0.3333333333333333,0.5333333333333333,0.1333333333333333,0.375,,0.0,0.4666666666666667,0.0,1.0,0.0,,287.64285714285717,0.2,0.3333333333333333,-1.3520820875950204,-0.06799999999999998,5.0,0.0,XB,S3,230.0,False,MTL,MTL,16,-0.07946802749061985
14.0,35.0,35.0,12.0,5.0,6.0,3.0,1.0,2.0,23.0,6.0,0.0,0.0,8.0,1.0,0.0,1.0,0.0,0.0,1.0,1.0,4.0,6.0,3.0,0.0,0.34285714285714286,0.34285714285714286,0.6571428571428571,1.0,0.3142857142857143,0.4,0.0,0.05714285714285714,0.22857142857142856,0.0,0.4,0.6,0.6666666666666666,243.37142857142857,0.34285714285714286,0.6571428571428571,0.17865125394260584,-0.7461,6.0,9.0,BC,S3,231.0,False,MTL,MTL,16,0.14792554835498567
9.0,24.0,21.0,6.0,6.0,1.0,1.0,0.0,4.0,19.0,7.0,3.0,0.0,5.0,0.0,1.0,0.0,0.0,0.0,1.0,1.0,2.0,4.0,2.0,0.0,0.2857142857142857,0.375,0.9047619047619048,1.2797619047619047,0.6190476190476191,0.16666666666666666,1.0,0.16666666666666666,0.20833333333333334,0.125,0.4,0.6,0.6666666666666666,230.125,0.375,0.9047619047619048,3.0190097874111324,-0.26569999999999994,4.0,6.0,WC,S3,232.0,False,MTL,MTL,13,0.39108526877132477
9.0,23.0,21.0,4.0,1.0,2.0,1.0,1.0,0.0,7.0,4.0,2.0,0.0,4.0,0.0,0.0,0.0,0.0,0.0,0.0,4.0,2.0,5.0,2.0,0.0,0.19047619047619047,0.2608695652173913,0.3333333333333333,0.5942028985507246,0.14285714285714285,0.23529411764705882,,0.0,0.17391304347826086,0.08695652173913043,0.46153846153846156,0.5384615384615384,0.8571428571428571,275.4782608695652,0.2608695652173913,0.3333333333333333,0.4363500589909285,-0.45919999999999994,6.0,7.0,SM,S3,233.0,False,NYM,NYM,16,0.1291032838447122
10.0,26.0,26.0,7.0,4.0,2.0,2.0,1.0,2.0,17.0,4.0,0.0,0.0,5.0,0.0,0.0,1.0,0.0,0.0,0.0,4.0,4.0,4.0,2.0,0.0,0.2692307692307692,0.2692307692307692,0.6538461538461539,0.9230769230769231,0.38461538461538464,0.2631578947368421,0.0,0.07692307692307693,0.19230769230769232,0.0,0.5714285714285714,0.42857142857142855,1.3333333333333333,256.22222222222223,0.2692307692307692,0.6538461538461539,0.7124930205193075,-0.4943,8.0,6.0,XB,S3,238.0,False,2TM,NYM,16,0.1678656162513265
3.0,6.0,6.0,2.0,1.0,1.0,0.0,1.0,0.0,4.0,0.0,0.0,0.0,1.0,0.0,0.0,1.0,0.0,0.0,0.0,2.0,0.0,1.0,0.0,0.0,0.3333333333333333,0.3333333333333333,0.6666666666666666,1.0,0.3333333333333333,0.4,0.0,0.0,0.16666666666666666,0.0,0.6666666666666666,0.3333333333333333,2.0,237.57142857142858,0.3333333333333333,0.6666666666666666,-0.5076194111694194,-0.272,2.0,1.0,XB,S3,238.0,True,MTL,MTL,9,-0.028465868609389072
7.0,20.0,20.0,5.0,3.0,1.0,2.0,0.0,2.0,13.0,4.0,0.0,0.0,4.0,0.0,0.0,0.0,0.0,0.0,0.0,2.0,4.0,3.0,2.0,0.0,0.25,0.25,0.65,0.9,0.4,0.21428571428571427,,0.1,0.2,0.0,0.5454545454545454,0.45454545454545453,1.2,262.75,0.25,0.65,1.220112431688727,-0.22230000000000005,6.0,5.0,XB,S3,238.0,True,NYM,NYM,16,0.1963314848607156
6.0,26.0,26.0,2.0,2.0,0.0,0.0,0.0,2.0,8.0,4.0,0.0,0.0,6.0,2.0,0.0,0.0,0.0,0.0,2.0,6.0,10.0,0.0,0.0,0.0,0.07692307692307693,0.07692307692307693,0.3076923076923077,0.38461538461538464,0.23076923076923078,0.0,,0.07692307692307693,0.23076923076923078,0.0,1.0,0.0,,327.1666666666667,0.07692307692307693,0.3076923076923077,-2.677941245864708,-0.47859999999999986,18.0,0.0,MH,S3,239.0,False,NYM,NYM,9,-0.171177810387075
12.0,31.0,29.0,8.0,6.0,4.0,3.0,1.0,0.0,13.0,3.0,2.0,0.0,7.0,0.0,0.0,1.0,0.0,0.0,0.0,3.0,5.0,5.0,1.0,0.0,0.27586206896551724,0.3225806451612903,0.4482758620689655,0.7708565072302558,0.1724137931034483,0.36363636363636365,0.0,0.0,0.22580645161290322,0.06451612903225806,0.5714285714285714,0.42857142857142855,1.3333333333333333,249.0,0.3225806451612903,0.4482758620689655,2.0605214876918616,-0.46870000000000006,8.0,6.0,XB,S3,240.0,False,2TM,NYM,16,0.32124852339154264
5.0,11.0,9.0,2.0,4.0,1.0,0.0,1.0,0.0,4.0,2.0,2.0,0.0,2.0,0.0,0.0,0.0,0.0,0.0,0.0,1.0,1.0,3.0,0.0,0.0,0.2222222222222222,0.36363636363636365,0.4444444444444444,0.8080808080808081,0.2222222222222222,0.2857142857142857,,0.0,0.18181818181818182,0.18181818181818182,0.4,0.6,0.6666666666666666,234.0909090909091,0.36363636363636365,0.4444444444444444,1.495381011259667,-0.33899999999999997,2.0,3.0,XB,S3,240.0,True,MTL,MTL,8,0.1904142340564803
7.0,20.0,20.0,6.0,2.0,3.0,3.0,0.0,0.0,9.0,1.0,0.0,0.0,5.0,0.0,0.0,1.0,0.0,0.0,0.0,2.0,4.0,2.0,1.0,0.0,0.3,0.3,0.45,0.75,0.15000000000000002,0.4,0.0,0.0,0.25,0.0,0.6666666666666666,0.3333333333333333,2.0,256.8095238095238,0.3,0.45,0.5651404764321946,-0.12970000000000004,6.0,3.0,XB,S3,240.0,True,NYM,NYM,16,0.1308342893350624
12.0,32.0,26.0,7.0,3.0,1.0,5.0,0.0,1.0,15.0,5.0,5.0,1.0,7.0,0.0,0.0,0.0,0.0,1.0,1.0,4.0,0.0,5.0,2.0,0.0,0.2692307692307692,0.375,0.5769230769230769,0.9519230769230769,0.30769230769230765,0.3157894736842105,,0.03125,0.21875,0.15625,0.38461538461538464,0.6153846153846154,0.625,222.38709677419354,0.375,0.5769230769230769,1.8946092720540038,-0.4657,5.0,8.0,BP,S3,241.0,False,2TM,NYM,16,0.308373313912349
4.0,8.0,5.0,2.0,0.0,0.0,2.0,0.0,0.0,4.0,2.0,3.0,1.0,1.0,0.0,0.0,0.0,0.0,0.0,0.0,0.0,0.0,1.0,1.0,0.0,0.4,0.625,0.8,1.425,0.4,0.5,,0.0,0.125,0.375,0.0,1.0,0.0,162.42857142857142,0.625,0.8,1.4333507392946943,-0.11430000000000001,0.0,2.0,BP,S3,241.0,True,BOS,BOS,5,0.1730631706062066
8.0,24.0,21.0,5.0,3.0,1.0,3.0,0.0,1.0,11.0,3.0,2.0,0.0,6.0,0.0,0.0,0.0,0.0,1.0,1.0,4.0,0.0,4.0,1.0,0.0,0.23809523809523808,0.2916666666666667,0.5238095238095238,0.8154761904761905,0.28571428571428575,0.26666666666666666,,0.041666666666666664,0.25,0.08333333333333333,0.45454545454545453,0.5454545454545454,0.8333333333333334,239.875,0.2916666666666667,0.5238095238095238,0.4612585327593097,-0.35140000000000005,5.0,6.0,BP,S3,241.0,True,NYM,NYM,16,0.13531014330614247
11.0,30.0,26.0,4.0,3.0,2.0,1.0,0.0,1.0,8.0,2.0,4.0,0.0,10.0,0.0,0.0,0.0,0.0,0.0,0.0,0.0,3.0,7.0,2.0,0.0,0.15384615384615385,0.26666666666666666,0.3076923076923077,0.5743589743589743,0.15384615384615385,0.2,,0.03333333333333333,0.3333333333333333,0.13333333333333333,0.25,0.75,0.3333333333333333,248.73333333333332,0.26666666666666666,0.3076923076923077,-2.6484274792141242,-0.15919999999999998,3.0,9.0,BP,S3,242.0,False,2TM,NYM,16,-0.15336238538364805
5.0,13.0,13.0,1.0,1.0,0.0,0.0,0.0,1.0,4.0,2.0,0.0,0.0,6.0,0.0,0.0,0.0,0.0,0.0,0.0,0.0,0.0,4.0,2.0,0.0,0.07692307692307693,0.07692307692307693,0.3076923076923077,0.38461538461538464,0.23076923076923078,0.0,,0.07692307692307693,0.46153846153846156,0.0,0.0,1.0,0.0,267.84615384615387,0.07692307692307693,0.3076923076923077,-1.4613437243316676,-0.1559,0.0,6.0,BP,S3,242.0,True,MTL,MTL,7,-0.09782621533346887
6.0,17.0,13.0,3.0,2.0,2.0,1.0,0.0,0.0,4.0,0.0,4.0,0.0,4.0,0.0,0.0,0.0,0.0,0.0,0.0,0.0,3.0,3.0,0.0,0.0,0.23076923076923078,0.4117647058823529,0.3076923076923077,0.7194570135746606,0.07692307692307693,0.3333333333333333,,0.0,0.23529411764705882,0.23529411764705882,0.5,0.5,1.0,234.11764705882354,0.4117647058823529,0.3076923076923077,-1.1870837548824573,-0.0032999999999999904,3.0,3.0,BP,S3,242.0,True,NYM,NYM,16,-0.05553617005017926
6.0,15.0,14.0,3.0,2.0,1.0,1.0,1.0,0.0,6.0,0.0,1.0,0.0,6.0,2.0,0.0,0.0,0.0,0.0,1.0,1.0,2.0,1.0,0.0,0.0,0.21428571428571427,0.26666666666666666,0.42857142857142855,0.6952380952380952,0.21428571428571427,0.375,,0.0,0.4,0.06666666666666667,0.8,0.2,4.0,281.3333333333333,0.26666666666666666,0.42857142857142855,-2.7317733244229228,-0.1865,4.0,1.0,EN,S3,243.0,False,NYM,NYM,16,-0.21743715117341011
4.0,12.0,11.0,3.0,2.0,1.0,1.0,0.0,1.0,7.0,4.0,1.0,0.0,2.0,0.0,0.0,0.0,0.0,0.0,1.0,0.0,1.0,2.0,2.0,0.0,0.2727272727272727,0.3333333333333333,0.6363636363636364,0.9696969696969697,0.36363636363636365,0.25,,0.08333333333333333,0.16666666666666666,0.08333333333333333,0.3333333333333333,0.6666666666666666,0.5,221.58333333333334,0.3333333333333333,0.6363636363636364,1.2839804578683451,0.30580000000000007,2.0,4.0,EN,S3,244.0,False,NYM,NYM,16,0.17299019080194028
13.0,34.0,34.0,8.0,5.0,5.0,0.0,1.0,2.0,16.0,5.0,0.0,0.0,9.0,0.0,1.0,0.0,0.0,0.0,0.0,7.0,2.0,7.0,1.0,0.0,0.23529411764705882,0.23529411764705882,0.47058823529411764,0.7058823529411764,0.23529411764705882,0.2608695652173913,1.0,0.058823529411764705,0.2647058823529412,0.0,0.5294117647058824,0.47058823529411764,1.125,266.85714285714283,0.23529411764705882,0.47058823529411764,0.10718746029039972,0.10179999999999997,9.0,8.0,BN,S3,245.0,False,2TM,NYM,16,0.13706315690517293
9.0,22.0,22.0,4.0,3.0,3.0,0.0,0.0,1.0,7.0,4.0,0.0,0.0,6.0,0.0,1.0,0.0,0.0,0.0,0.0,4.0,2.0,5.0,1.0,0.0,0.18181818181818182,0.18181818181818182,0.3181818181818182,0.5,0.13636363636363635,0.2,1.0,0.045454545454545456,0.2727272727272727,0.0,0.5,0.5,1.0,285.7391304347826,0.18181818181818182,0.3181818181818182,-0.3380700346700881,-0.06019999999999998,6.0,6.0,BN,S3,245.0,True,PHI,PHI,12,0.0479452623940184
4.0,12.0,12.0,4.0,2.0,2.0,0.0,1.0,1.0,9.0,1.0,0.0,0.0,3.0,0.0,0.0,0.0,0.0,0.0,0.0,3.0,0.0,2.0,0.0,0.0,0.3333333333333333,0.3333333333333333,0.75,1.0833333333333333,0.4166666666666667,0.375,,0.08333333333333333,0.25,0.0,0.6,0.4,1.5,230.66666666666666,0.3333333333333333,0.75,0.44525749496048794,0.16200000000000003,3.0,2.0,BN,S3,245.0,True,NYM,NYM,16,0.08911789451115454
12.0,30.0,28.0,5.0,1.0,2.0,2.0,0.0,1.0,10.0,5.0,1.0,0.0,6.0,0.0,0.0,0.0,0.0,1.0,1.0,3.0,4.0,8.0,1.0,0.0,0.17857142857142858,0.2,0.35714285714285715,0.5571428571428572,0.17857142857142858,0.18181818181818182,,0.03333333333333333,0.2,0.03333333333333333,0.4444444444444444,0.5555555555555556,0.8,269.13793103448273,0.2,0.35714285714285715,-1.833369567035605,-0.5843999999999999,8.0,10.0,BP,S3,246.0,False,2TM,NYM,14,-0.07185659416579612
9.0,21.0,19.0,2.0,1.0,0.0,1.0,0.0,1.0,6.0,4.0,1.0,0.0,3.0,0.0,0.0,0.0,0.0,1.0,0.0,2.0,4.0,7.0,1.0,0.0,0.10526315789473684,0.14285714285714285,0.3157894736842105,0.45864661654135336,0.21052631578947367,0.0625,,0.047619047619047616,0.14285714285714285,0.047619047619047616,0.4,0.6,0.6666666666666666,276.0,0.14285714285714285,0.3157894736842105,-1.6439425107154273,-0.4530999999999999,6.0,9.0,BP,S3,246.0,True,SDP,SDP,9,-0.08635799729510767
3.0,9.0,9.0,3.0,0.0,2.0,1.0,0.0,0.0,4.0,1.0,0.0,0.0,3.0,0.0,0.0,0.0,0.0,0.0,1.0,1.0,0.0,1.0,0.0,0.0,0.3333333333333333,0.3333333333333333,0.4444444444444444,0.7777777777777777,0.1111111111111111,0.5,,0.0,0.3333333333333333,0.0,0.6666666666666666,0.3333333333333333,2.0,253.88888888888889,0.3333333333333333,0.4444444444444444,-0.1894270563201777,-0.13129999999999997,2.0,1.0,BP,S3,246.0,True,NYM,NYM,14,0.01450140312931154
6.0,18.0,15.0,6.0,6.0,1.0,2.0,0.0,3.0,17.0,4.0,3.0,0.0,3.0,0.0,0.0,0.0,0.0,0.0,0.0,0.0,1.0,3.0,2.0,0.0,0.4,0.5,1.1333333333333333,1.6333333333333333,0.7333333333333333,0.3333333333333333,,0.16666666666666666,0.16666666666666666,0.16666666666666666,0.16666666666666666,0.8333333333333334,0.2,175.88888888888889,0.5,1.1333333333333333,2.13249691890331,0.16169999999999995,1.0,5.0,XB,S3,247.0,False,NYM,NYM,16,0.2801379094129896
12.0,32.0,28.0,6.0,3.0,3.0,3.0,0.0,0.0,9.0,4.0,4.0,0.0,6.0,0.0,0.0,1.0,0.0,0.0,3.0,3.0,2.0,6.0,2.0,0.0,0.21428571428571427,0.3125,0.32142857142857145,0.6339285714285714,0.10714285714285718,0.2727272727272727,0.0,0.0,0.1875,0.125,0.5,0.5,1.0,253.3030303030303,0.3125,0.32142857142857145,-3.1783100162033158,-0.6166,8.0,8.0,BP,S3,248.0,False,NYM,NYM,16,-0.19891861491338292
2.0,4.0,2.0,0.0,0.0,0.0,0.0,0.0,0.0,0.0,0.0,2.0,0.0,0.0,0.0,1.0,1.0,0.0,0.0,1.0,0.0,0.0,0.0,1.0,0.0,0.0,0.5,0.0,0.5,0.0,0.0,0.5,0.0,0.0,0.5,0.5,0.5,1.0,268.5,0.5,0.0,-0.46959271211206766,-0.7141,1.0,1.0,WC,S3,249.0,False,NYY,NYY,15,-0.03209522287283818
1.0,1.0,1.0,0.0,0.0,0.0,0.0,0.0,0.0,0.0,0.0,0.0,0.0,0.0,0.0,0.0,0.0,0.0,0.0,0.0,0.0,0.0,1.0,0.0,0.0,0.0,0.0,0.0,0.0,0.0,0.0,,0.0,0.0,0.0,0.0,1.0,0.0,162.0,0.0,0.0,-0.16927342426955602,-0.0406,0.0,1.0,SM,S3,250.0,False,NYY,NYY,15,-0.013211330342363456
1.0,1.0,1.0,0.0,0.0,0.0,0.0,0.0,0.0,0.0,0.0,0.0,0.0,0.0,0.0,0.0,0.0,0.0,0.0,0.0,0.0,0.0,1.0,0.0,0.0,0.0,0.0,0.0,0.0,0.0,0.0,,0.0,0.0,0.0,0.0,1.0,0.0,194.0,0.0,0.0,-0.16927342426955602,-0.0227,0.0,1.0,TT,S3,252.0,False,NYY,NYY,15,-0.013211330342363456
11.0,24.0,20.0,4.0,3.0,1.0,1.0,0.0,2.0,11.0,4.0,4.0,0.0,9.0,0.0,0.0,1.0,0.0,0.0,0.0,2.0,3.0,0.0,2.0,0.0,0.2,0.3333333333333333,0.55,0.8833333333333333,0.35000000000000003,0.2222222222222222,0.0,0.08333333333333333,0.375,0.16666666666666666,0.7142857142857143,0.2857142857142857,2.5,291.17391304347825,0.3333333333333333,0.55,0.2988491233980714,-0.24770000000000003,5.0,2.0,TT,S3,254.0,False,NYY,NYY,16,0.11906920237001864
11.0,28.0,21.0,4.0,5.0,0.0,1.0,1.0,2.0,13.0,3.0,7.0,1.0,7.0,0.0,1.0,1.0,0.0,0.0,0.0,1.0,0.0,5.0,4.0,0.0,0.19047619047619047,0.39285714285714285,0.6190476190476191,1.0119047619047619,0.4285714285714286,0.16666666666666666,0.5,0.07142857142857142,0.25,0.25,0.1,0.9,0.1111111111111111,221.07142857142858,0.39285714285714285,0.6190476190476191,0.878914978283368,-0.08729999999999997,1.0,9.0,BP,S3,255.0,False,NYY,NYY,14,0.19193983619691685
8.0,16.0,14.0,2.0,2.0,1.0,0.0,0.0,1.0,5.0,4.0,1.0,0.0,2.0,0.0,1.0,0.0,0.0,1.0,1.0,1.0,1.0,5.0,2.0,0.0,0.14285714285714285,0.1875,0.35714285714285715,0.5446428571428572,0.2142857142857143,0.08333333333333333,1.0,0.0625,0.125,0.0625,0.2727272727272727,0.7272727272727273,0.375,236.52941176470588,0.1875,0.35714285714285715,-0.3346274299371785,-0.05039999999999998,3.0,8.0,1B,S3,256.0,False,NYY,NYY,16,0.025993450359756483
12.0,28.0,26.0,7.0,4.0,1.0,3.0,1.0,2.0,18.0,6.0,1.0,0.0,1.0,1.0,0.0,0.0,0.0,1.0,1.0,4.0,9.0,1.0,3.0,0.0,0.2692307692307692,0.2857142857142857,0.6923076923076923,0.978021978021978,0.4230769230769231,0.20833333333333334,,0.07142857142857142,0.03571428571428571,0.03571428571428571,0.7368421052631579,0.2631578947368421,2.8,296.3703703703704,0.2857142857142857,0.6923076923076923,3.3260585384374224,-0.0696,14.0,5.0,EN,S3,257.0,False,NYY,NYY,15,0.43665419221232227
14.0,30.0,29.0,6.0,2.0,2.0,2.0,0.0,2.0,14.0,5.0,1.0,0.0,4.0,0.0,0.0,2.0,0.0,0.0,5.0,2.0,4.0,7.0,1.0,0.0,0.20689655172413793,0.23333333333333334,0.4827586206896552,0.7160919540229885,0.27586206896551724,0.17391304347826086,0.0,0.06666666666666667,0.13333333333333333,0.03333333333333333,0.5789473684210527,0.42105263157894735,1.375,284.59375,0.23333333333333334,0.4827586206896552,-4.090155292054514,-0.8513,11.0,8.0,BP,S3,258.0,False,2TM,NYY,16,-0.29753516666768703
7.0,17.0,16.0,2.0,2.0,0.0,0.0,0.0,2.0,8.0,3.0,1.0,0.0,2.0,0.0,0.0,0.0,0.0,0.0,3.0,1.0,3.0,4.0,1.0,0.0,0.125,0.17647058823529413,0.5,0.6764705882352942,0.375,0.0,,0.11764705882352941,0.11764705882352941,0.058823529411764705,0.5833333333333334,0.4166666666666667,1.4,301.52941176470586,0.17647058823529413,0.5,-1.3418092990756592,-0.5438999999999999,7.0,5.0,BP,S3,258.0,True,CLE,CLE,7,-0.07100872446949943
7.0,13.0,13.0,4.0,0.0,2.0,2.0,0.0,0.0,6.0,2.0,0.0,0.0,2.0,0.0,0.0,2.0,0.0,0.0,2.0,1.0,1.0,3.0,0.0,0.0,0.3076923076923077,0.3076923076923077,0.46153846153846156,0.7692307692307693,0.15384615384615385,0.36363636363636365,0.0,0.0,0.15384615384615385,0.0,0.5714285714285714,0.42857142857142855,1.3333333333333333,265.4,0.3076923076923077,0.46153846153846156,-2.748345992978855,-0.3074,4.0,3.0,BP,S3,258.0,True,NYY,NYY,16,-0.22652644219818763
14.0,33.0,28.0,4.0,3.0,1.0,1.0,0.0,2.0,11.0,6.0,5.0,1.0,7.0,0.0,2.0,1.0,0.0,0.0,2.0,3.0,7.0,1.0,4.0,0.0,0.14285714285714285,0.2727272727272727,0.39285714285714285,0.6655844155844155,0.25,0.10526315789473684,0.6666666666666666,0.06060606060606061,0.21212121212121213,0.15151515151515152,0.7058823529411765,0.29411764705882354,2.4,299.3939393939394,0.2727272727272727,0.39285714285714285,0.37916819794068196,-0.362,12.0,5.0,XB,S3,259.0,False,NYY,NYY,15,0.160545218585609
3.0,7.0,7.0,3.0,3.0,0.0,0.0,0.0,3.0,12.0,3.0,0.0,0.0,0.0,0.0,0.0,0.0,0.0,0.0,1.0,1.0,0.0,2.0,0.0,0.0,0.42857142857142855,0.42857142857142855,1.7142857142857142,2.142857142857143,1.2857142857142856,0.0,,0.42857142857142855,0.0,0.0,0.5,0.5,1.0,168.57142857142858,0.42857142857142855,1.7142857142857142,1.9754838275322,0.127,2.0,2.0,BC,S3,260.0,False,NYY,NYY,16,0.223560467345365
12.0,27.0,23.0,6.0,5.0,2.0,0.0,1.0,3.0,17.0,5.0,2.0,0.0,4.0,0.0,0.0,0.0,0.0,2.0,0.0,2.0,6.0,4.0,1.0,0.0,0.2608695652173913,0.2962962962962963,0.7391304347826086,1.035426731078905,0.47826086956521735,0.16666666666666666,,0.1111111111111111,0.14814814814814814,0.07407407407407407,0.5333333333333333,0.4666666666666667,1.1428571428571428,250.74074074074073,0.2962962962962963,0.7391304347826086,2.1559013374884026,0.16000000000000003,8.0,7.0,1B,S3,261.0,False,NYY,NYY,16,0.3159224600328282
14.0,32.0,29.0,8.0,4.0,3.0,2.0,0.0,3.0,19.0,5.0,3.0,0.0,6.0,0.0,0.0,0.0,0.0,0.0,0.0,4.0,4.0,7.0,0.0,0.0,0.27586206896551724,0.34375,0.6551724137931034,0.9989224137931034,0.3793103448275862,0.25,,0.09375,0.1875,0.09375,0.5333333333333333,0.4666666666666667,1.1428571428571428,238.93548387096774,0.34375,0.6551724137931034,0.8528402769108245,0.1584,8.0,7.0,BN,S3,262.0,False,NYY,NYY,16,0.20419641439803113
15.0,31.0,30.0,5.0,4.0,1.0,1.0,0.0,3.0,15.0,3.0,1.0,0.0,12.0,0.0,0.0,0.0,0.0,0.0,0.0,3.0,4.0,4.0,2.0,0.0,0.16666666666666666,0.1935483870967742,0.5,0.6935483870967742,0.33333333333333337,0.13333333333333333,,0.0967741935483871,0.3870967741935484,0.03225806451612903,0.5384615384615384,0.46153846153846156,1.1666666666666667,269.4193548387097,0.1935483870967742,0.5,-2.5487575089252266,-0.21689999999999998,7.0,6.0,TT,S3,263.0,False,NYY,NYY,16,-0.13967937627016613
11.0,26.0,26.0,8.0,5.0,4.0,0.0,2.0,2.0,18.0,4.0,0.0,0.0,5.0,1.0,0.0,1.0,0.0,0.0,0.0,3.0,5.0,2.0,3.0,0.0,0.3076923076923077,0.3076923076923077,0.6923076923076923,1.0,0.3846153846153846,0.3157894736842105,0.0,0.07692307692307693,0.19230769230769232,0.0,0.6153846153846154,0.38461538461538464,1.6,251.53846153846155,0.3076923076923077,0.6923076923076923,1.0168574265743149,-0.008200000000000015,8.0,5.0,EN,S3,264.0,False,NYY,NYY,14,0.19830205685682728
15.0,36.0,31.0,12.0,9.0,4.0,5.0,0.0,3.0,26.0,5.0,5.0,1.0,2.0,0.0,4.0,2.0,0.0,0.0,1.0,3.0,3.0,6.0,4.0,0.0,0.3870967741935484,0.4722222222222222,0.8387096774193549,1.310931899641577,0.4516129032258065,0.34615384615384615,0.6666666666666666,0.08333333333333333,0.05555555555555555,0.1388888888888889,0.4117647058823529,0.5882352941176471,0.7,205.41463414634146,0.4722222222222222,0.8387096774193549,2.0737516366336215,0.48529999999999984,7.0,10.0,EN,S3,265.0,False,NYY,NYY,16,0.3411515987086794
11.0,23.0,21.0,2.0,1.0,2.0,0.0,0.0,0.0,2.0,0.0,2.0,0.0,8.0,0.0,0.0,0.0,0.0,0.0,1.0,0.0,4.0,5.0,1.0,0.0,0.09523809523809523,0.17391304347826086,0.09523809523809523,0.2691511387163561,0.0,0.15384615384615385,,0.0,0.34782608695652173,0.08695652173913043,0.45454545454545453,0.5454545454545454,0.8333333333333334,279.5652173913044,0.17391304347826086,0.09523809523809523,-3.5144069818868138,-0.2403,5.0,6.0,1B,S3,266.0,False,NYY,NYY,16,-0.26597242024306206
8.0,14.0,13.0,2.0,3.0,0.0,1.0,0.0,1.0,6.0,2.0,1.0,0.0,3.0,0.0,0.0,0.0,0.0,0.0,0.0,1.0,3.0,4.0,0.0,0.0,0.15384615384615385,0.21428571428571427,0.46153846153846156,0.6758241758241759,0.3076923076923077,0.1111111111111111,,0.07142857142857142,0.21428571428571427,0.07142857142857142,0.5,0.5,1.0,256.7142857142857,0.21428571428571427,0.46153846153846156,-0.1893066385085823,-0.12380000000000002,4.0,4.0,BC,S3,267.0,False,OAK,OAK,12,0.033093505333431805
2.0,4.0,4.0,1.0,0.0,0.0,1.0,0.0,0.0,2.0,2.0,0.0,0.0,2.0,0.0,0.0,0.0,0.0,0.0,0.0,0.0,0.0,0.0,1.0,0.0,0.25,0.25,0.5,0.75,0.25,0.5,,0.0,0.5,0.0,0.0,1.0,0.0,253.25,0.25,0.5,0.622254670892638,0.5482,0.0,1.0,1B,S3,268.0,False,OAK,OAK,11,0.07708951542763239
3.0,3.0,3.0,1.0,0.0,1.0,0.0,0.0,0.0,1.0,0.0,0.0,0.0,0.0,0.0,0.0,0.0,0.0,0.0,0.0,0.0,1.0,1.0,0.0,0.0,0.3333333333333333,0.3333333333333333,0.3333333333333333,0.6666666666666666,0.0,0.3333333333333333,,0.0,0.0,0.0,0.5,0.5,1.0,280.0,0.3333333333333333,0.3333333333333333,-0.20833189723820456,0.008199999999999999,1.0,1.0,1B,S3,269.0,False,OAK,OAK,12,-0.00968515347004402
16.0,44.0,41.0,11.0,5.0,2.0,3.0,1.0,5.0,31.0,11.0,3.0,0.0,10.0,0.0,0.0,0.0,0.0,0.0,0.0,8.0,4.0,3.0,5.0,0.0,0.2682926829268293,0.3181818181818182,0.7560975609756098,1.0742793791574279,0.4878048780487805,0.23076923076923078,,0.11363636363636363,0.22727272727272727,0.06818181818181818,0.6,0.4,1.5,246.1818181818182,0.3181818181818182,0.7560975609756098,4.870009738273075,0.0993,12.0,8.0,XB,S3,271.0,False,OAK,OAK,16,0.6505055055493619
13.0,34.0,31.0,7.0,5.0,3.0,1.0,1.0,2.0,16.0,7.0,2.0,0.0,3.0,0.0,0.0,0.0,0.0,1.0,3.0,3.0,1.0,11.0,3.0,0.0,0.22580645161290322,0.2647058823529412,0.5161290322580645,0.7808349146110056,0.29032258064516125,0.18518518518518517,,0.058823529411764705,0.08823529411764706,0.058823529411764705,0.3181818181818182,0.6818181818181818,0.4666666666666667,244.76470588235293,0.2647058823529412,0.5161290322580645,-0.4130974808920249,-0.3421999999999999,7.0,15.0,WC,S3,272.0,False,OAK,OAK,16,0.08503466278693046
16.0,45.0,40.0,13.0,9.0,3.0,7.0,1.0,2.0,28.0,7.0,5.0,0.0,13.0,0.0,0.0,0.0,0.0,0.0,0.0,4.0,4.0,5.0,1.0,0.0,0.325,0.4,0.7,1.1,0.37499999999999994,0.44,,0.044444444444444446,0.28888888888888886,0.1111111111111111,0.5714285714285714,0.42857142857142855,1.3333333333333333,224.27906976744185,0.4,0.7,4.976623272988933,0.5098,8.0,6.0,BN,S3,273.0,False,OAK,OAK,16,0.6648828711055399
16.0,41.0,34.0,8.0,4.0,3.0,5.0,0.0,0.0,13.0,1.0,7.0,0.0,6.0,0.0,0.0,0.0,0.0,0.0,0.0,4.0,5.0,9.0,2.0,0.0,0.23529411764705882,0.36585365853658536,0.38235294117647056,0.7482065997130559,0.14705882352941174,0.2857142857142857,,0.0,0.14634146341463414,0.17073170731707318,0.45,0.55,0.8181818181818182,237.74358974358975,0.36585365853658536,0.38235294117647056,-1.4640584498382938,0.1732,9.0,11.0,1B,S3,274.0,False,OAK,OAK,16,0.005950650484448583
10.0,22.0,20.0,4.0,0.0,2.0,2.0,0.0,0.0,6.0,0.0,2.0,0.0,6.0,0.0,0.0,0.0,0.0,0.0,2.0,3.0,1.0,2.0,2.0,0.0,0.2,0.2727272727272727,0.3,0.5727272727272728,0.09999999999999998,0.2857142857142857,,0.0,0.2727272727272727,0.09090909090909091,0.6,0.4,1.5,277.95454545454544,0.2727272727272727,0.3,-1.9362263727068403,-0.19770000000000001,6.0,4.0,BP,S3,275.0,False,OAK,OAK,16,-0.1118703714096568
12.0,26.0,24.0,4.0,4.0,0.0,2.0,0.0,2.0,12.0,3.0,2.0,0.0,8.0,2.0,0.0,0.0,0.0,0.0,0.0,4.0,4.0,2.0,2.0,0.0,0.16666666666666666,0.23076923076923078,0.5,0.7307692307692308,0.33333333333333337,0.14285714285714285,,0.07692307692307693,0.3076923076923077,0.07692307692307693,0.6666666666666666,0.3333333333333333,2.0,277.3333333333333,0.23076923076923078,0.5,-1.5745261148077152,-0.4114000000000001,8.0,4.0,BP,S3,276.0,False,2TM,OAK,16,-0.06083629728137574
7.0,17.0,15.0,3.0,3.0,0.0,2.0,0.0,1.0,8.0,2.0,2.0,0.0,7.0,2.0,0.0,0.0,0.0,0.0,0.0,0.0,2.0,2.0,1.0,0.0,0.2,0.29411764705882354,0.5333333333333333,0.8274509803921568,0.3333333333333333,0.2857142857142857,,0.058823529411764705,0.4117647058823529,0.11764705882352941,0.4,0.6,0.6666666666666666,240.13333333333333,0.29411764705882354,0.5333333333333333,-0.3917806737166455,-0.07089999999999999,2.0,3.0,BP,S3,276.0,True,MIL,MIL,11,0.023994138066401927
5.0,9.0,9.0,1.0,1.0,0.0,0.0,0.0,1.0,4.0,1.0,0.0,0.0,1.0,0.0,0.0,0.0,0.0,0.0,0.0,4.0,2.0,0.0,1.0,0.0,0.1111111111111111,0.1111111111111111,0.4444444444444444,0.5555555555555556,0.3333333333333333,0.0,,0.1111111111111111,0.1111111111111111,0.0,0.8571428571428571,0.14285714285714285,6.0,339.3333333333333,0.1111111111111111,0.4444444444444444,-1.1827454410910694,-0.34049999999999997,6.0,1.0,BP,S3,276.0,True,OAK,OAK,16,-0.08483043534777764
15.0,38.0,35.0,5.0,1.0,4.0,1.0,0.0,0.0,6.0,3.0,3.0,0.0,13.0,0.0,1.0,0.0,0.0,0.0,2.0,5.0,2.0,6.0,2.0,0.0,0.14285714285714285,0.21052631578947367,0.17142857142857143,0.3819548872180451,0.02857142857142858,0.22727272727272727,1.0,0.0,0.34210526315789475,0.07894736842105263,0.5294117647058824,0.47058823529411764,1.125,289.55263157894734,0.21052631578947367,0.17142857142857143,-3.9049586255405058,-0.5897999999999999,9.0,8.0,S,S3,277.0,False,OAK,OAK,16,-0.24928740333954905
14.0,35.0,29.0,2.0,4.0,2.0,0.0,0.0,0.0,2.0,1.0,6.0,0.0,5.0,0.0,0.0,0.0,0.0,0.0,2.0,3.0,6.0,10.0,1.0,0.0,0.06896551724137931,0.22857142857142856,0.06896551724137931,0.2975369458128079,0.0,0.08333333333333333,,0.0,0.14285714285714285,0.17142857142857143,0.5,0.5,1.0,297.22857142857146,0.22857142857142856,0.06896551724137931,-5.184297596947371,-1.1357,11.0,11.0,SM,S3,278.0,False,OAK,OAK,14,-0.38836933673401197
2.0,4.0,4.0,0.0,0.0,0.0,0.0,0.0,0.0,0.0,0.0,0.0,0.0,1.0,0.0,0.0,0.0,0.0,0.0,0.0,1.0,1.0,1.0,0.0,0.0,0.0,0.0,0.0,0.0,0.0,0.0,,0.0,0.25,0.0,0.6666666666666666,0.3333333333333333,2.0,321.25,0.0,0.0,-0.9534985252952586,-0.11249999999999999,2.0,1.0,BP,S3,279.0,False,OAK,OAK,16,-0.08048580419115728
8.0,16.0,15.0,5.0,4.0,2.0,3.0,0.0,0.0,8.0,1.0,1.0,0.0,2.0,1.0,0.0,0.0,0.0,0.0,0.0,1.0,1.0,6.0,0.0,0.0,0.3333333333333333,0.375,0.5333333333333333,0.9083333333333333,0.2,0.38461538461538464,,0.0,0.125,0.0625,0.25,0.75,0.3333333333333333,187.6,0.375,0.5333333333333333,-0.0504011948805716,0.020799999999999985,2.0,6.0,S,S3,281.0,False,OAK,OAK,12,0.05441607386541717
2.0,2.0,2.0,0.0,0.0,0.0,0.0,0.0,0.0,0.0,0.0,0.0,0.0,1.0,0.0,0.0,0.0,0.0,0.0,0.0,0.0,0.0,1.0,0.0,0.0,0.0,0.0,0.0,0.0,0.0,0.0,,0.0,0.5,0.0,0.0,1.0,0.0,246.0,0.0,0.0,-0.48715088377514504,-0.0882,0.0,1.0,BN,S3,282.0,False,PHI,PHI,16,-0.04128306420833021
1.0,1.0,1.0,1.0,1.0,1.0,0.0,0.0,0.0,1.0,0.0,0.0,0.0,0.0,0.0,1.0,0.0,0.0,0.0,0.0,0.0,0.0,0.0,0.0,0.0,1.0,1.0,1.0,2.0,0.0,1.0,1.0,0.0,0.0,0.0,,,,128.5,1.0,1.0,0.372409219822238,0.0686,0.0,0.0,TT,S3,286.0,False,PHI,PHI,16,0.04095693406681595
11.0,25.0,24.0,7.0,5.0,3.0,3.0,0.0,1.0,13.0,2.0,1.0,0.0,4.0,0.0,0.0,0.0,0.0,0.0,0.0,1.0,3.0,7.0,2.0,0.0,0.2916666666666667,0.32,0.5416666666666666,0.8616666666666666,0.24999999999999994,0.3157894736842105,,0.04,0.16,0.04,0.3076923076923077,0.6923076923076923,0.4444444444444444,243.08,0.32,0.5416666666666666,-0.09357123771488146,0.0027000000000000288,4.0,9.0,BN,S3,287.0,False,PHI,PHI,16,0.08354317834331548
11.0,25.0,21.0,5.0,1.0,4.0,1.0,0.0,0.0,6.0,1.0,4.0,0.0,6.0,1.0,1.0,0.0,0.0,0.0,0.0,2.0,3.0,5.0,0.0,0.0,0.23809523809523808,0.36,0.2857142857142857,0.6457142857142857,0.047619047619047616,0.3333333333333333,1.0,0.0,0.24,0.16,0.5,0.5,1.0,238.6,0.36,0.2857142857142857,-1.7111928708625237,-0.14390000000000003,5.0,5.0,TT,S3,288.0,False,PHI,PHI,15,-0.07821898497144873
12.0,29.0,27.0,7.0,4.0,0.0,2.0,2.0,3.0,22.0,6.0,2.0,0.0,9.0,0.0,0.0,0.0,0.0,0.0,3.0,0.0,4.0,2.0,2.0,0.0,0.25925925925925924,0.3103448275862069,0.8148148148148148,1.1251596424010217,0.5555555555555556,0.26666666666666666,,0.10344827586206896,0.3103448275862069,0.06896551724137931,0.6363636363636364,0.36363636363636365,1.75,251.6551724137931,0.3103448275862069,0.8148148148148148,1.4813942784784282,-0.03120000000000006,7.0,4.0,XB,S3,289.0,False,2TM,PHI,16,0.2559037783010151
4.0,9.0,9.0,1.0,1.0,0.0,0.0,1.0,0.0,3.0,0.0,0.0,0.0,3.0,0.0,0.0,0.0,0.0,0.0,2.0,0.0,2.0,0.0,1.0,0.0,0.1111111111111111,0.1111111111111111,0.3333333333333333,0.4444444444444444,0.2222222222222222,0.16666666666666666,,0.0,0.3333333333333333,0.0,0.8,0.2,4.0,301.55555555555554,0.1111111111111111,0.3333333333333333,-2.3992583318659597,-0.5022,4.0,1.0,XB,S3,289.0,True,TBD,TBD,6,-0.20648172442526666
8.0,20.0,18.0,6.0,3.0,0.0,2.0,1.0,3.0,19.0,6.0,2.0,0.0,6.0,0.0,0.0,0.0,0.0,0.0,1.0,0.0,2.0,2.0,1.0,0.0,0.3333333333333333,0.4,1.0555555555555556,1.4555555555555557,0.7222222222222223,0.3333333333333333,,0.15,0.3,0.1,0.5,0.5,1.0,229.2,0.4,1.0555555555555556,3.8806526103443884,0.47100000000000003,3.0,3.0,XB,S3,289.0,True,PHI,PHI,16,0.46238550272628176
11.0,23.0,23.0,7.0,5.0,1.0,3.0,1.0,2.0,18.0,7.0,0.0,0.0,3.0,0.0,0.0,0.0,0.0,0.0,4.0,2.0,3.0,3.0,1.0,0.0,0.30434782608695654,0.30434782608695654,0.782608695652174,1.0869565217391304,0.4782608695652174,0.2777777777777778,,0.08695652173913043,0.13043478260869565,0.0,0.6923076923076923,0.3076923076923077,2.25,234.7826086956522,0.30434782608695654,0.782608695652174,2.6520094278876365,0.11880000000000002,9.0,4.0,MH,S3,290.0,False,PHI,PHI,16,0.350669220734383
2.0,5.0,2.0,1.0,1.0,0.0,0.0,1.0,0.0,3.0,2.0,2.0,0.0,0.0,0.0,0.0,0.0,0.0,1.0,0.0,0.0,0.0,1.0,0.0,0.0,0.5,0.6,1.5,2.1,1.0,0.3333333333333333,,0.0,0.0,0.4,0.0,1.0,0.0,142.4,0.6,1.5,1.5007200352267391,0.15699999999999997,0.0,2.0,EN,S3,291.0,False,PHI,PHI,15,0.16865206394563464
13.0,28.0,24.0,6.0,6.0,3.0,0.0,1.0,2.0,14.0,5.0,4.0,0.0,7.0,0.0,0.0,0.0,0.0,0.0,0.0,4.0,2.0,4.0,1.0,0.0,0.25,0.35714285714285715,0.5833333333333334,0.9404761904761905,0.33333333333333337,0.26666666666666666,,0.07142857142857142,0.25,0.14285714285714285,0.5454545454545454,0.45454545454545453,1.2,250.33333333333334,0.35714285714285715,0.5833333333333334,1.8469972566984056,0.4332999999999999,6.0,5.0,BC,S3,292.0,False,2TM,PHI,16,0.2887480640384206
4.0,11.0,10.0,1.0,1.0,0.0,0.0,0.0,1.0,4.0,2.0,1.0,0.0,3.0,0.0,0.0,0.0,0.0,0.0,0.0,3.0,0.0,2.0,1.0,0.0,0.1,0.18181818181818182,0.4,0.5818181818181818,0.30000000000000004,0.0,,0.09090909090909091,0.2727272727272727,0.09090909090909091,0.5,0.5,1.0,285.72727272727275,0.18181818181818182,0.4,-0.4073315233295094,0.07609999999999995,3.0,3.0,BC,S3,292.0,True,CHC,CHC,4,0.00014298059756266414
9.0,17.0,14.0,5.0,5.0,3.0,0.0,1.0,1.0,10.0,3.0,3.0,0.0,4.0,0.0,0.0,0.0,0.0,0.0,0.0,1.0,2.0,2.0,0.0,0.0,0.35714285714285715,0.47058823529411764,0.7142857142857143,1.184873949579832,0.35714285714285715,0.4444444444444444,,0.058823529411764705,0.23529411764705882,0.17647058823529413,0.6,0.4,1.5,226.0,0.47058823529411764,0.7142857142857143,2.2543287800279153,0.35719999999999996,3.0,2.0,BC,S3,292.0,True,PHI,PHI,16,0.288605083440858
9.0,18.0,17.0,5.0,5.0,1.0,3.0,0.0,1.0,11.0,2.0,0.0,0.0,3.0,0.0,0.0,0.0,0.0,1.0,1.0,0.0,2.0,4.0,2.0,0.0,0.29411764705882354,0.2777777777777778,0.6470588235294118,0.9248366013071896,0.35294117647058826,0.2857142857142857,,0.05555555555555555,0.16666666666666666,0.0,0.3,0.7,0.42857142857142855,240.0,0.2777777777777778,0.6470588235294118,-0.8170420897513303,-0.20690000000000003,3.0,7.0,SF,S3,293.0,False,PHI,PHI,14,-0.01481599145247441
12.0,24.0,24.0,9.0,4.0,6.0,2.0,1.0,0.0,13.0,1.0,0.0,0.0,5.0,0.0,1.0,0.0,0.0,0.0,1.0,1.0,4.0,4.0,0.0,0.0,0.375,0.375,0.5416666666666666,0.9166666666666666,0.16666666666666663,0.47368421052631576,1.0,0.0,0.20833333333333334,0.0,0.6,0.4,1.5,229.56,0.375,0.5416666666666666,-0.24557414570541336,-0.178,6.0,4.0,1B,S3,294.0,False,3TM,PHI,16,0.06462687545967015
8.0,15.0,15.0,5.0,2.0,4.0,0.0,1.0,0.0,7.0,0.0,0.0,0.0,2.0,0.0,0.0,0.0,0.0,0.0,1.0,1.0,3.0,3.0,0.0,0.0,0.3333333333333333,0.3333333333333333,0.4666666666666667,0.8,0.13333333333333336,0.38461538461538464,,0.0,0.13333333333333333,0.0,0.625,0.375,1.6666666666666667,254.0,0.3333333333333333,0.4666666666666667,-1.9589687159666553,-0.4181000000000001,5.0,3.0,1B,S3,294.0,True,SDP,SDP,8,-0.14015669032778336
1.0,2.0,2.0,1.0,1.0,1.0,0.0,0.0,0.0,1.0,0.0,0.0,0.0,0.0,0.0,0.0,0.0,0.0,0.0,0.0,0.0,1.0,0.0,0.0,0.0,0.5,0.5,0.5,1.0,0.0,0.5,,0.0,0.0,0.0,1.0,0.0,,269.5,0.5,0.5,0.005754372627780752,0.012200000000000003,1.0,0.0,1B,S3,294.0,True,NYM,NYM,11,0.008007461431962366
3.0,7.0,7.0,3.0,1.0,1.0,2.0,0.0,0.0,5.0,1.0,0.0,0.0,3.0,0.0,1.0,0.0,0.0,0.0,0.0,0.0,0.0,1.0,0.0,0.0,0.42857142857142855,0.42857142857142855,0.7142857142857143,1.1428571428571428,0.28571428571428575,0.75,1.0,0.0,0.42857142857142855,0.0,0.0,1.0,0.0,173.75,0.42857142857142855,0.7142857142857143,1.7076401976334614,0.22790000000000005,0.0,1.0,1B,S3,294.0,True,PHI,PHI,16,0.19677610435549114
10.0,23.0,19.0,6.0,3.0,4.0,1.0,0.0,1.0,10.0,5.0,4.0,0.0,5.0,0.0,1.0,2.0,0.0,0.0,1.0,3.0,2.0,2.0,0.0,0.0,0.3157894736842105,0.43478260869565216,0.5263157894736842,0.9610983981693364,0.21052631578947367,0.38461538461538464,0.3333333333333333,0.043478260869565216,0.21739130434782608,0.17391304347826086,0.75,0.25,3.0,255.08,0.43478260869565216,0.5263157894736842,1.5171864087111833,-0.11020000000000005,6.0,2.0,BN,S3,295.0,False,PHI,PHI,16,0.2371869188167377
11.0,30.0,27.0,9.0,6.0,1.0,5.0,0.0,3.0,23.0,6.0,3.0,0.0,9.0,1.0,1.0,0.0,0.0,0.0,1.0,0.0,2.0,3.0,3.0,0.0,0.3333333333333333,0.4,0.8518518518518519,1.251851851851852,0.5185185185185186,0.4,1.0,0.1,0.3,0.1,0.3333333333333333,0.6666666666666666,0.5,210.73333333333332,0.4,0.8518518518518519,4.279660398372253,0.46140000000000003,3.0,6.0,XB,S3,296.0,False,PHI,PHI,16,0.5394464023749898
10.0,23.0,20.0,6.0,6.0,3.0,1.0,1.0,1.0,12.0,5.0,3.0,0.0,4.0,1.0,0.0,0.0,0.0,0.0,0.0,2.0,4.0,2.0,2.0,0.0,0.3,0.391304347826087,0.6,0.991304347826087,0.3,0.3333333333333333,,0.043478260869565216,0.17391304347826086,0.13043478260869565,0.6,0.4,1.5,251.9090909090909,0.391304347826087,0.6,0.6929534178087902,-0.23,6.0,4.0,BC,S3,297.0,False,2TM,PHI,15,0.15476361972649838
8.0,18.0,16.0,5.0,5.0,2.0,1.0,1.0,1.0,11.0,4.0,2.0,0.0,2.0,0.0,0.0,0.0,0.0,0.0,0.0,2.0,3.0,2.0,2.0,0.0,0.3125,0.3888888888888889,0.6875,1.0763888888888888,0.375,0.3076923076923077,,0.05555555555555555,0.1111111111111111,0.1111111111111111,0.5555555555555556,0.4444444444444444,1.25,250.61111111111111,0.3888888888888889,0.6875,1.1269633123359581,-0.13010000000000002,5.0,4.0,BC,S3,297.0,True,MIL,MIL,12,0.17958454875625446
2.0,5.0,4.0,1.0,1.0,1.0,0.0,0.0,0.0,1.0,1.0,1.0,0.0,2.0,1.0,0.0,0.0,0.0,0.0,0.0,0.0,1.0,0.0,0.0,0.0,0.25,0.4,0.25,0.65,0.0,0.5,,0.0,0.4,0.2,1.0,0.0,,257.75,0.4,0.25,-0.434009894527168,-0.09989999999999999,1.0,0.0,BC,S3,297.0,True,PHI,PHI,15,-0.02482092902975607
14.0,31.0,28.0,9.0,5.0,4.0,3.0,1.0,1.0,17.0,3.0,3.0,0.0,11.0,0.0,1.0,0.0,0.0,0.0,0.0,1.0,4.0,3.0,0.0,0.0,0.32142857142857145,0.3870967741935484,0.6071428571428571,0.9942396313364055,0.28571428571428564,0.5,1.0,0.03225806451612903,0.3548387096774194,0.0967741935483871,0.625,0.375,1.6666666666666667,229.90625,0.3870967741935484,0.6071428571428571,0.7096781503274948,0.2036,5.0,3.0,XB,S3,298.0,False,PHI,PHI,16,0.186164189655106
3.0,10.0,9.0,2.0,2.0,1.0,0.0,0.0,1.0,5.0,2.0,0.0,0.0,1.0,0.0,0.0,0.0,0.0,1.0,1.0,1.0,2.0,2.0,0.0,0.0,0.2222222222222222,0.2,0.5555555555555556,0.7555555555555555,0.33333333333333337,0.125,,0.1,0.1,0.0,0.5714285714285714,0.42857142857142855,1.3333333333333333,284.6,0.2,0.5555555555555556,-0.721157222419667,-0.24359999999999998,4.0,3.0,BC,S3,299.0,False,PHI,PHI,16,-0.03495560139604524
5.0,15.0,14.0,2.0,2.0,0.0,2.0,0.0,0.0,4.0,2.0,0.0,0.0,4.0,0.0,0.0,0.0,0.0,1.0,0.0,0.0,2.0,5.0,1.0,0.0,0.14285714285714285,0.13333333333333333,0.2857142857142857,0.419047619047619,0.14285714285714285,0.18181818181818182,,0.0,0.26666666666666666,0.0,0.2222222222222222,0.7777777777777778,0.2857142857142857,278.46666666666664,0.13333333333333333,0.2857142857142857,-2.464290250111443,-0.2836,2.0,7.0,BN,S3,300.0,False,PHI,PHI,15,-0.19068884374226214
3.0,9.0,9.0,4.0,2.0,2.0,1.0,0.0,1.0,8.0,2.0,0.0,0.0,1.0,0.0,0.0,0.0,0.0,0.0,0.0,1.0,0.0,3.0,0.0,0.0,0.4444444444444444,0.4444444444444444,0.8888888888888888,1.3333333333333333,0.4444444444444444,0.42857142857142855,,0.1111111111111111,0.1111111111111111,0.0,0.25,0.75,0.3333333333333333,175.0,0.4444444444444444,0.8888888888888888,1.6232526221004797,0.22150000000000003,1.0,3.0,WC,S3,301.0,False,PHI,PHI,16,0.19576937097137728
10.0,27.0,23.0,8.0,7.0,2.0,3.0,1.0,2.0,19.0,4.0,4.0,0.0,3.0,0.0,0.0,0.0,0.0,0.0,0.0,6.0,2.0,2.0,2.0,0.0,0.34782608695652173,0.4444444444444444,0.8260869565217391,1.2705314009661834,0.4782608695652174,0.3333333333333333,,0.07407407407407407,0.1111111111111111,0.14814814814814814,0.6666666666666666,0.3333333333333333,2.0,230.88888888888889,0.4444444444444444,0.8260869565217391,2.5627321400624576,0.4597999999999998,8.0,4.0,1B,S3,302.0,False,PHI,PHI,16,0.35660554029023367
12.0,26.0,20.0,5.0,0.0,4.0,1.0,0.0,0.0,6.0,2.0,5.0,0.0,2.0,0.0,2.0,1.0,0.0,1.0,0.0,4.0,3.0,5.0,1.0,0.0,0.25,0.38461538461538464,0.3,0.6846153846153846,0.04999999999999999,0.2631578947368421,0.6666666666666666,0.0,0.07692307692307693,0.19230769230769232,0.5,0.5,1.0,264.2758620689655,0.38461538461538464,0.3,-2.463456384785868,-0.7406,7.0,7.0,SM,S3,303.0,False,PIT,PIT,16,-0.149729324279191
14.0,35.0,28.0,6.0,2.0,3.0,3.0,0.0,0.0,9.0,2.0,7.0,0.0,8.0,0.0,1.0,2.0,0.0,0.0,0.0,1.0,3.0,7.0,3.0,0.0,0.21428571428571427,0.37142857142857144,0.32142857142857145,0.6928571428571428,0.10714285714285718,0.3,0.3333333333333333,0.0,0.22857142857142856,0.2,0.2857142857142857,0.7142857142857143,0.4,247.6578947368421,0.37142857142857144,0.32142857142857145,-0.7938189690173186,0.118,4.0,10.0,TT,S3,307.0,False,PIT,PIT,16,0.05067852605899322
15.0,43.0,38.0,14.0,4.0,9.0,4.0,0.0,1.0,21.0,4.0,5.0,1.0,8.0,0.0,2.0,0.0,0.0,0.0,1.0,5.0,4.0,6.0,0.0,0.0,0.3684210526315789,0.4418604651162791,0.5526315789473685,0.9944920440636476,0.18421052631578955,0.4482758620689655,1.0,0.023255813953488372,0.18604651162790697,0.11627906976744186,0.625,0.375,1.6666666666666667,231.75,0.4418604651162791,0.5526315789473685,1.3830398257652305,0.0902,10.0,6.0,BC,S3,308.0,False,PIT,PIT,16,0.2980925022139853
14.0,42.0,40.0,17.0,9.0,9.0,5.0,0.0,3.0,31.0,7.0,1.0,0.0,8.0,0.0,0.0,1.0,0.0,1.0,0.0,3.0,3.0,6.0,3.0,0.0,0.425,0.42857142857142855,0.775,1.2035714285714285,0.35000000000000003,0.4666666666666667,0.0,0.07142857142857142,0.19047619047619047,0.023809523809523808,0.375,0.625,0.6,225.3953488372093,0.42857142857142855,0.775,3.892999004400569,0.6922000000000001,6.0,10.0,BN,S3,309.0,False,PIT,PIT,16,0.545372407992927
7.0,20.0,18.0,2.0,2.0,0.0,0.0,0.0,2.0,8.0,2.0,2.0,0.0,3.0,0.0,0.0,1.0,0.0,0.0,0.0,2.0,4.0,6.0,1.0,0.0,0.1111111111111111,0.2,0.4444444444444444,0.6444444444444444,0.3333333333333333,0.0,0.0,0.1,0.15,0.1,0.46153846153846156,0.5384615384615384,0.8571428571428571,291.04761904761904,0.2,0.4444444444444444,-2.6082248219341273,-0.645,6.0,7.0,BP,S3,310.0,False,PIT,PIT,16,-0.1865022405015698
12.0,29.0,25.0,7.0,3.0,6.0,1.0,0.0,0.0,8.0,3.0,4.0,0.0,2.0,0.0,0.0,0.0,0.0,0.0,1.0,2.0,4.0,9.0,0.0,0.0,0.28,0.3793103448275862,0.32,0.6993103448275861,0.03999999999999998,0.30434782608695654,,0.0,0.06896551724137931,0.13793103448275862,0.4375,0.5625,0.7777777777777778,248.46428571428572,0.3793103448275862,0.32,-1.2533940466247362,-0.3642,7.0,9.0,BC,S3,311.0,False,PIT,PIT,16,-0.01757505420930139
11.0,26.0,25.0,6.0,3.0,3.0,1.0,0.0,2.0,13.0,3.0,1.0,0.0,7.0,0.0,0.0,0.0,0.0,0.0,2.0,2.0,1.0,7.0,0.0,0.0,0.24,0.2692307692307692,0.52,0.7892307692307692,0.28,0.25,,0.07692307692307693,0.2692307692307692,0.038461538461538464,0.4166666666666667,0.5833333333333334,0.7142857142857143,245.73076923076923,0.2692307692307692,0.52,-1.6967947158268235,-0.27199999999999996,5.0,7.0,1B,S3,312.0,False,PIT,PIT,13,-0.07306315738328657
12.0,34.0,30.0,8.0,5.0,5.0,3.0,0.0,0.0,11.0,0.0,4.0,0.0,4.0,0.0,0.0,0.0,0.0,0.0,2.0,4.0,5.0,6.0,1.0,0.0,0.26666666666666666,0.35294117647058826,0.36666666666666664,0.7196078431372549,0.09999999999999998,0.3076923076923077,,0.0,0.11764705882352941,0.11764705882352941,0.6111111111111112,0.3888888888888889,1.5714285714285714,264.52941176470586,0.35294117647058826,0.36666666666666664,-2.7417288818148426,-0.7326999999999999,11.0,7.0,1B,S3,313.0,False,PIT,PIT,16,-0.1478284773053513
13.0,30.0,25.0,7.0,3.0,3.0,4.0,0.0,0.0,11.0,6.0,5.0,0.0,9.0,1.0,0.0,0.0,0.0,0.0,2.0,2.0,3.0,2.0,0.0,0.0,0.28,0.4,0.44,0.8400000000000001,0.15999999999999998,0.4375,,0.0,0.3,0.16666666666666666,0.7777777777777778,0.2222222222222222,3.5,255.0,0.4,0.44,3.3294561926551323,0.1559000000000001,7.0,2.0,BN,S3,314.0,False,PIT,PIT,15,0.44442598180327764
6.0,8.0,7.0,1.0,0.0,0.0,0.0,1.0,0.0,3.0,0.0,1.0,0.0,1.0,0.0,0.0,0.0,0.0,0.0,1.0,1.0,0.0,1.0,2.0,0.0,0.14285714285714285,0.25,0.42857142857142855,0.6785714285714286,0.2857142857142857,0.16666666666666666,,0.0,0.125,0.125,0.4,0.6,0.6666666666666666,294.625,0.25,0.42857142857142855,-1.0048459604698339,-0.08739999999999999,2.0,3.0,S,S3,315.0,False,PIT,PIT,16,-0.07075649937024622
14.0,36.0,32.0,7.0,4.0,3.0,1.0,0.0,3.0,17.0,5.0,4.0,0.0,6.0,0.0,0.0,2.0,0.0,0.0,2.0,4.0,3.0,9.0,1.0,0.0,0.21875,0.3055555555555556,0.53125,0.8368055555555556,0.3125,0.17391304347826086,0.0,0.08333333333333333,0.16666666666666666,0.1111111111111111,0.47368421052631576,0.5263157894736842,0.9,258.2894736842105,0.3055555555555556,0.53125,-1.0906072477653177,-0.5714,9.0,10.0,BC,S3,316.0,False,PIT,PIT,16,0.024715710268785475
12.0,32.0,29.0,8.0,6.0,2.0,0.0,0.0,6.0,26.0,13.0,3.0,0.0,12.0,1.0,1.0,0.0,0.0,0.0,0.0,2.0,2.0,4.0,1.0,0.0,0.27586206896551724,0.34375,0.896551724137931,1.240301724137931,0.6206896551724138,0.18181818181818182,1.0,0.1875,0.375,0.09375,0.4444444444444444,0.5555555555555556,0.8,222.71875,0.34375,0.896551724137931,6.487906019418709,0.9338000000000001,4.0,5.0,TT,S3,317.0,False,2TM,PIT,15,0.7677029886488196
7.0,20.0,20.0,5.0,4.0,1.0,0.0,0.0,4.0,17.0,9.0,0.0,0.0,7.0,1.0,1.0,0.0,0.0,0.0,0.0,1.0,2.0,4.0,1.0,0.0,0.25,0.25,0.85,1.1,0.6,0.1111111111111111,1.0,0.2,0.35,0.0,0.375,0.625,0.6,232.0,0.25,0.85,4.628400167098894,0.46569999999999995,3.0,5.0,TT,S3,317.0,True,MTL,MTL,7,0.5371602584017323
5.0,12.0,9.0,3.0,2.0,1.0,0.0,0.0,2.0,9.0,4.0,3.0,0.0,5.0,0.0,0.0,0.0,0.0,0.0,0.0,1.0,0.0,0.0,0.0,0.0,0.3333333333333333,0.5,1.0,1.5,0.6666666666666667,0.5,,0.16666666666666666,0.4166666666666667,0.25,1.0,0.0,,207.25,0.5,1.0,1.859505852319815,0.46809999999999996,1.0,0.0,TT,S3,317.0,True,PIT,PIT,15,0.2305427302470872
14.0,36.0,34.0,9.0,5.0,5.0,2.0,0.0,2.0,17.0,3.0,2.0,0.0,11.0,0.0,0.0,0.0,0.0,0.0,0.0,3.0,3.0,7.0,1.0,0.0,0.2647058823529412,0.3055555555555556,0.5,0.8055555555555556,0.23529411764705882,0.3333333333333333,,0.05555555555555555,0.3055555555555556,0.05555555555555555,0.42857142857142855,0.5714285714285714,0.75,237.97222222222223,0.3055555555555556,0.5,-1.1681297024821302,-0.07780000000000002,6.0,8.0,HK,S3,318.0,False,PIT,PIT,16,0.01696346479710422
5.0,9.0,9.0,1.0,0.0,1.0,0.0,0.0,0.0,1.0,0.0,0.0,0.0,0.0,0.0,0.0,0.0,0.0,0.0,1.0,5.0,2.0,0.0,0.0,0.0,0.1111111111111111,0.1111111111111111,0.1111111111111111,0.2222222222222222,0.0,0.1111111111111111,,0.0,0.0,0.0,1.0,0.0,,339.55555555555554,0.1111111111111111,0.1111111111111111,-1.998420955001009,-0.19940000000000002,8.0,0.0,MH,S3,319.0,False,SDP,SDP,11,-0.1663979867387716
13.0,29.0,27.0,6.0,2.0,5.0,1.0,0.0,0.0,7.0,0.0,2.0,0.0,7.0,0.0,0.0,0.0,0.0,0.0,0.0,3.0,3.0,6.0,2.0,0.0,0.2222222222222222,0.27586206896551724,0.25925925925925924,0.5351213282247764,0.037037037037037035,0.3,,0.0,0.2413793103448276,0.06896551724137931,0.42857142857142855,0.5714285714285714,0.75,265.48275862068965,0.27586206896551724,0.25925925925925924,-3.2240362881268343,-1.0041,6.0,8.0,SF,S3,323.0,False,SDP,SDP,14,-0.2146392783595112
11.0,28.0,26.0,7.0,1.0,6.0,1.0,0.0,0.0,8.0,2.0,2.0,0.0,6.0,0.0,0.0,0.0,0.0,0.0,0.0,2.0,0.0,9.0,2.0,0.0,0.2692307692307692,0.32142857142857145,0.3076923076923077,0.6291208791208791,0.03846153846153849,0.35,,0.0,0.21428571428571427,0.07142857142857142,0.15384615384615385,0.8461538461538461,0.18181818181818182,216.46428571428572,0.32142857142857145,0.3076923076923077,-0.22032692708931534,-0.1048,2.0,11.0,WC,S3,324.0,False,SDP,SDP,16,0.08201564565964854
11.0,27.0,26.0,8.0,6.0,2.0,4.0,0.0,2.0,18.0,4.0,1.0,0.0,3.0,0.0,0.0,0.0,0.0,0.0,2.0,2.0,4.0,2.0,5.0,0.0,0.3076923076923077,0.3333333333333333,0.6923076923076923,1.0256410256410255,0.3846153846153846,0.2857142857142857,,0.07407407407407407,0.1111111111111111,0.037037037037037035,0.5333333333333333,0.4666666666666667,1.1428571428571428,264.9259259259259,0.3333333333333333,0.6923076923076923,0.3011122192334646,-0.21069999999999994,8.0,7.0,XB,S3,325.0,False,2TM,SDP,16,0.1304435482073344
6.0,13.0,12.0,4.0,3.0,1.0,2.0,0.0,1.0,9.0,2.0,1.0,0.0,1.0,0.0,0.0,0.0,0.0,0.0,1.0,1.0,4.0,0.0,1.0,0.0,0.3333333333333333,0.38461538461538464,0.75,1.1346153846153846,0.4166666666666667,0.3,,0.07692307692307693,0.07692307692307693,0.07692307692307693,0.8571428571428571,0.14285714285714285,6.0,283.61538461538464,0.38461538461538464,0.75,0.2331350596217141,0.06989999999999999,6.0,1.0,XB,S3,325.0,True,NYM,NYM,9,0.0716216630618693
5.0,14.0,14.0,4.0,3.0,1.0,2.0,0.0,1.0,9.0,2.0,0.0,0.0,2.0,0.0,0.0,0.0,0.0,0.0,1.0,1.0,0.0,2.0,4.0,0.0,0.2857142857142857,0.2857142857142857,0.6428571428571429,0.9285714285714286,0.3571428571428572,0.2727272727272727,,0.07142857142857142,0.14285714285714285,0.0,0.25,0.75,0.3333333333333333,247.57142857142858,0.2857142857142857,0.6428571428571429,0.06797715961175063,-0.28059999999999996,2.0,6.0,XB,S3,325.0,True,SDP,SDP,16,0.0588218851454651
9.0,25.0,22.0,4.0,3.0,3.0,1.0,0.0,0.0,5.0,1.0,2.0,0.0,5.0,1.0,0.0,0.0,0.0,1.0,0.0,2.0,1.0,7.0,3.0,0.0,0.18181818181818182,0.24,0.22727272727272727,0.4672727272727273,0.04545454545454544,0.2222222222222222,,0.0,0.2,0.08,0.21428571428571427,0.7857142857142857,0.2727272727272727,250.29166666666666,0.24,0.22727272727272727,-2.5435198721319496,-0.33629999999999993,3.0,11.0,S,S3,326.0,False,SDP,SDP,16,-0.1614516850983913
9.0,29.0,24.0,6.0,3.0,2.0,4.0,0.0,0.0,10.0,0.0,5.0,0.0,2.0,0.0,0.0,0.0,0.0,0.0,2.0,3.0,6.0,4.0,1.0,0.0,0.25,0.3793103448275862,0.4166666666666667,0.7959770114942528,0.16666666666666669,0.2727272727272727,,0.0,0.06896551724137931,0.1724137931034483,0.6875,0.3125,2.2,265.6896551724138,0.3793103448275862,0.4166666666666667,-1.865772928897407,-0.45959999999999995,11.0,5.0,1B,S3,327.0,False,SDP,SDP,16,-0.07881294243656847
9.0,22.0,20.0,2.0,1.0,0.0,1.0,0.0,1.0,6.0,2.0,2.0,0.0,4.0,0.0,0.0,0.0,0.0,0.0,0.0,6.0,6.0,2.0,0.0,0.0,0.1,0.18181818181818182,0.3,0.4818181818181818,0.19999999999999998,0.06666666666666667,,0.045454545454545456,0.18181818181818182,0.09090909090909091,0.8571428571428571,0.14285714285714285,6.0,286.45454545454544,0.18181818181818182,0.3,-2.1109133210944395,-0.4307,12.0,2.0,MH,S3,328.0,False,SDP,SDP,11,-0.12933906624841676
8.0,25.0,22.0,9.0,2.0,9.0,0.0,0.0,0.0,9.0,3.0,3.0,0.0,3.0,0.0,0.0,0.0,0.0,0.0,1.0,3.0,3.0,1.0,2.0,0.0,0.4090909090909091,0.48,0.4090909090909091,0.8890909090909092,0.0,0.47368421052631576,,0.0,0.12,0.12,0.7,0.3,2.3333333333333335,256.36,0.48,0.4090909090909091,0.14145303060658973,0.18029999999999996,7.0,3.0,BC,S3,329.0,False,SDP,SDP,15,0.1070456051754626
8.0,20.0,18.0,1.0,1.0,0.0,0.0,0.0,1.0,4.0,2.0,2.0,0.0,4.0,0.0,0.0,0.0,0.0,0.0,1.0,7.0,3.0,1.0,1.0,0.0,0.05555555555555555,0.15,0.2222222222222222,0.37222222222222223,0.16666666666666666,0.0,,0.05,0.2,0.1,0.8461538461538461,0.15384615384615385,5.5,295.94736842105266,0.15,0.2222222222222222,-2.2333759183966935,-0.25149999999999995,11.0,2.0,MH,S3,330.0,False,SDP,SDP,16,-0.1490173501478264
9.0,27.0,25.0,2.0,0.0,2.0,0.0,0.0,0.0,2.0,2.0,2.0,0.0,6.0,0.0,0.0,0.0,0.0,0.0,3.0,2.0,1.0,7.0,4.0,0.0,0.08,0.14814814814814814,0.08,0.22814814814814816,0.0,0.10526315789473684,,0.0,0.2222222222222222,0.07407407407407407,0.35294117647058826,0.6470588235294118,0.5454545454545454,285.1111111111111,0.14814814814814814,0.08,-5.71578741112291,-1.6254000000000002,6.0,11.0,BP,S3,331.0,False,SDP,SDP,16,-0.471246414828303
9.0,25.0,23.0,3.0,2.0,1.0,2.0,0.0,0.0,5.0,1.0,2.0,0.0,4.0,0.0,0.0,0.0,0.0,0.0,2.0,2.0,0.0,10.0,2.0,0.0,0.13043478260869565,0.2,0.21739130434782608,0.4173913043478261,0.08695652173913043,0.15789473684210525,,0.0,0.16,0.08,0.25,0.75,0.3333333333333333,260.6,0.2,0.21739130434782608,-2.185773164646378,-0.12789999999999996,4.0,12.0,S,S3,332.0,False,SDP,SDP,16,-0.12567701434983417
8.0,21.0,17.0,1.0,1.0,0.0,0.0,0.0,1.0,4.0,1.0,4.0,0.0,7.0,2.0,0.0,0.0,0.0,0.0,1.0,3.0,3.0,1.0,1.0,0.0,0.058823529411764705,0.23809523809523808,0.23529411764705882,0.4733893557422969,0.1764705882352941,0.0,,0.047619047619047616,0.3333333333333333,0.19047619047619047,0.7777777777777778,0.2222222222222222,3.5,314.8421052631579,0.23809523809523808,0.23529411764705882,-1.720983138337751,-0.2343,7.0,2.0,WC,S3,333.0,False,SDP,SDP,16,-0.09406206005734004
14.0,39.0,36.0,10.0,3.0,4.0,2.0,2.0,2.0,22.0,5.0,3.0,0.0,10.0,3.0,0.0,0.0,0.0,0.0,0.0,2.0,1.0,8.0,5.0,0.0,0.2777777777777778,0.3333333333333333,0.6111111111111112,0.9444444444444444,0.33333333333333337,0.3333333333333333,,0.05128205128205128,0.2564102564102564,0.07692307692307693,0.1875,0.8125,0.23076923076923078,198.13888888888889,0.3333333333333333,0.6111111111111112,1.2701618247614899,-0.15999999999999998,3.0,13.0,XB,S3,334.0,False,SDP,SDP,15,0.2719406537752427
13.0,30.0,26.0,6.0,2.0,2.0,3.0,0.0,1.0,12.0,4.0,4.0,0.0,4.0,1.0,0.0,0.0,0.0,0.0,0.0,4.0,2.0,6.0,4.0,0.0,0.23076923076923078,0.3333333333333333,0.46153846153846156,0.7948717948717949,0.23076923076923078,0.23809523809523808,,0.03333333333333333,0.13333333333333333,0.13333333333333333,0.375,0.625,0.6,246.9655172413793,0.3333333333333333,0.46153846153846156,0.8138658262421457,-0.08690000000000005,6.0,10.0,WC,S3,335.0,False,SDP,SDP,16,0.19286694516197894
9.0,26.0,20.0,6.0,4.0,4.0,1.0,0.0,1.0,10.0,4.0,5.0,1.0,3.0,0.0,0.0,0.0,0.0,1.0,1.0,1.0,2.0,2.0,5.0,0.0,0.3,0.4230769230769231,0.5,0.9230769230769231,0.2,0.29411764705882354,,0.038461538461538464,0.11538461538461539,0.19230769230769232,0.3333333333333333,0.6666666666666666,0.5,250.88,0.4230769230769231,0.5,1.1483467069729878,-0.034300000000000004,4.0,8.0,BN,S3,338.0,False,SFG,SFG,15,0.21145098489669456
13.0,34.0,29.0,5.0,2.0,3.0,1.0,0.0,1.0,9.0,4.0,4.0,0.0,4.0,0.0,0.0,0.0,0.0,1.0,1.0,4.0,4.0,7.0,4.0,0.0,0.1724137931034483,0.2647058823529412,0.3103448275862069,0.5750507099391481,0.13793103448275862,0.16,,0.029411764705882353,0.11764705882352941,0.11764705882352941,0.42857142857142855,0.5714285714285714,0.75,267.5882352941176,0.2647058823529412,0.3103448275862069,-0.9488457644946562,-0.3360000000000001,9.0,12.0,WC,S3,339.0,False,SFG,SFG,16,0.03145983442666733
12.0,29.0,26.0,5.0,3.0,2.0,2.0,1.0,0.0,9.0,3.0,3.0,0.0,3.0,0.0,0.0,0.0,0.0,0.0,2.0,2.0,5.0,6.0,3.0,0.0,0.19230769230769232,0.27586206896551724,0.34615384615384615,0.6220159151193634,0.15384615384615383,0.21739130434782608,,0.0,0.10344827586206896,0.10344827586206896,0.5,0.5,1.0,262.44827586206895,0.27586206896551724,0.34615384615384615,-1.6669062973054478,-0.3056,9.0,9.0,EN,S3,340.0,False,SFG,SFG,16,-0.058926279277372554
13.0,37.0,35.0,10.0,2.0,5.0,3.0,0.0,2.0,19.0,4.0,2.0,0.0,9.0,0.0,0.0,0.0,0.0,0.0,3.0,0.0,2.0,9.0,2.0,0.0,0.2857142857142857,0.32432432432432434,0.5428571428571428,0.8671814671814672,0.2571428571428571,0.3333333333333333,,0.05405405405405406,0.24324324324324326,0.05405405405405406,0.3125,0.6875,0.45454545454545453,231.0810810810811,0.32432432432432434,0.5428571428571428,-0.7234561502583631,-0.24249999999999997,5.0,11.0,BP,S3,341.0,False,SFG,SFG,16,0.06514683210407307
11.0,31.0,27.0,8.0,5.0,3.0,1.0,1.0,3.0,20.0,5.0,4.0,0.0,8.0,0.0,0.0,1.0,0.0,0.0,0.0,2.0,4.0,2.0,3.0,0.0,0.2962962962962963,0.3870967741935484,0.7407407407407407,1.127837514934289,0.4444444444444444,0.3125,0.0,0.0967741935483871,0.25806451612903225,0.12903225806451613,0.5454545454545454,0.45454545454545453,1.2,250.59375,0.3870967741935484,0.7407407407407407,1.5853199006613008,0.5108,6.0,5.0,1B,S3,342.0,False,SFG,SFG,16,0.2737283646884866
10.0,25.0,23.0,4.0,0.0,2.0,2.0,0.0,0.0,6.0,2.0,2.0,0.0,3.0,0.0,0.0,0.0,0.0,0.0,1.0,3.0,3.0,7.0,2.0,0.0,0.17391304347826086,0.24,0.2608695652173913,0.5008695652173913,0.08695652173913043,0.2,,0.0,0.12,0.08,0.4375,0.5625,0.7777777777777778,270.4,0.24,0.2608695652173913,-1.8681953011298138,-0.13070000000000007,7.0,9.0,SF,S3,343.0,False,SFG,SFG,16,-0.09391922799817774
11.0,26.0,23.0,5.0,2.0,2.0,2.0,0.0,1.0,10.0,3.0,2.0,0.0,5.0,0.0,0.0,1.0,0.0,1.0,0.0,2.0,0.0,7.0,4.0,0.0,0.21739130434782608,0.2692307692307692,0.43478260869565216,0.7040133779264214,0.21739130434782608,0.2222222222222222,0.0,0.038461538461538464,0.19230769230769232,0.07692307692307693,0.14285714285714285,0.8571428571428571,0.16666666666666666,214.74074074074073,0.2692307692307692,0.43478260869565216,-2.1454508840152067,-0.7317,2.0,12.0,EN,S3,344.0,False,SFG,SFG,15,-0.11792877420212489
11.0,25.0,23.0,4.0,3.0,3.0,0.0,0.0,1.0,7.0,2.0,2.0,0.0,6.0,1.0,1.0,0.0,0.0,0.0,0.0,1.0,5.0,6.0,1.0,0.0,0.17391304347826086,0.24,0.30434782608695654,0.5443478260869565,0.13043478260869568,0.1875,1.0,0.04,0.24,0.08,0.46153846153846156,0.5384615384615384,0.8571428571428571,264.72,0.24,0.30434782608695654,-2.2076462184583967,-0.15350000000000003,6.0,7.0,BP,S3,345.0,False,SFG,SFG,16,-0.127864319731036
12.0,28.0,25.0,3.0,1.0,0.0,3.0,0.0,0.0,6.0,2.0,3.0,1.0,6.0,0.0,1.0,0.0,0.0,0.0,1.0,5.0,6.0,2.0,2.0,0.0,0.12,0.21428571428571427,0.24,0.4542857142857143,0.12,0.15789473684210525,1.0,0.0,0.21428571428571427,0.10714285714285714,0.75,0.25,3.0,319.17857142857144,0.21428571428571427,0.24,-0.7762443885833192,-0.05850000000000001,12.0,4.0,XB,S3,346.0,False,SFG,SFG,16,0.02642389951024815
13.0,34.0,31.0,10.0,6.0,4.0,3.0,0.0,3.0,22.0,9.0,1.0,0.0,4.0,0.0,0.0,1.0,0.0,2.0,3.0,2.0,2.0,9.0,1.0,0.0,0.3225806451612903,0.3235294117647059,0.7096774193548387,1.0332068311195446,0.38709677419354843,0.2692307692307692,0.0,0.08823529411764706,0.11764705882352941,0.029411764705882353,0.3684210526315789,0.631578947368421,0.5833333333333334,228.02857142857144,0.3235294117647059,0.7096774193548387,2.609797090183287,0.8385999999999999,7.0,12.0,HK,S3,347.0,False,SFG,SFG,16,0.38732411989446164
7.0,17.0,14.0,4.0,3.0,2.0,1.0,1.0,0.0,7.0,2.0,3.0,1.0,1.0,0.0,0.0,0.0,0.0,0.0,2.0,1.0,2.0,4.0,0.0,0.0,0.2857142857142857,0.4117647058823529,0.5,0.9117647058823529,0.2142857142857143,0.3076923076923077,,0.0,0.058823529411764705,0.17647058823529413,0.5555555555555556,0.4444444444444444,1.25,232.53333333333333,0.4117647058823529,0.5,-0.6514047294033569,0.06810000000000001,5.0,4.0,MH,S3,348.0,False,SFG,SFG,15,-0.0019682675022692163
14.0,45.0,38.0,14.0,9.0,7.0,2.0,1.0,4.0,30.0,6.0,6.0,0.0,7.0,0.0,2.0,1.0,0.0,1.0,3.0,2.0,4.0,6.0,2.0,0.0,0.3684210526315789,0.4444444444444444,0.7894736842105263,1.2339181286549707,0.4210526315789474,0.35714285714285715,0.6666666666666666,0.08888888888888889,0.15555555555555556,0.13333333333333333,0.5,0.5,1.0,225.72340425531914,0.4444444444444444,0.7894736842105263,1.977270472619183,-0.8604999999999999,9.0,9.0,1B,S3,349.0,False,SFG,SFG,16,0.36494759106856484
6.0,16.0,15.0,6.0,4.0,4.0,1.0,0.0,1.0,10.0,2.0,1.0,0.0,4.0,0.0,0.0,0.0,0.0,0.0,0.0,4.0,0.0,1.0,0.0,0.0,0.4,0.4375,0.6666666666666666,1.1041666666666665,0.2666666666666666,0.5,,0.0625,0.25,0.0625,0.8,0.2,4.0,228.125,0.4375,0.6666666666666666,0.970306593276964,0.13529999999999998,4.0,1.0,BC,S3,350.0,False,SFG,SFG,16,0.15648685268117074
8.0,25.0,25.0,9.0,5.0,3.0,2.0,2.0,2.0,21.0,7.0,0.0,0.0,5.0,0.0,0.0,0.0,0.0,0.0,1.0,1.0,3.0,5.0,1.0,0.0,0.36,0.36,0.84,1.2,0.48,0.3888888888888889,,0.08,0.2,0.0,0.45454545454545453,0.5454545454545454,0.8333333333333334,230.2,0.36,0.84,2.33841605532948,0.06240000000000001,5.0,6.0,BP,S3,351.0,False,STL,STL,16,0.3267419076477517
15.0,35.0,30.0,9.0,4.0,2.0,4.0,0.0,3.0,22.0,8.0,5.0,0.0,7.0,1.0,0.0,0.0,0.0,0.0,3.0,3.0,4.0,3.0,1.0,0.0,0.3,0.4,0.7333333333333333,1.1333333333333333,0.4333333333333333,0.3,,0.08571428571428572,0.2,0.14285714285714285,0.7142857142857143,0.2857142857142857,2.5,191.8235294117647,0.4,0.7333333333333333,2.347677013037581,0.40770000000000006,10.0,4.0,MH,S3,354.0,False,STL,STL,16,0.3648281242644832
13.0,32.0,29.0,7.0,4.0,2.0,2.0,0.0,3.0,18.0,6.0,3.0,0.0,6.0,0.0,1.0,0.0,0.0,0.0,1.0,5.0,3.0,6.0,1.0,0.0,0.2413793103448276,0.3125,0.6206896551724138,0.9331896551724138,0.3793103448275862,0.2,1.0,0.09375,0.1875,0.09375,0.5625,0.4375,1.2857142857142858,257.21875,0.3125,0.6206896551724138,1.3993031246024121,-0.4438000000000001,9.0,7.0,BP,S3,355.0,False,2TM,STL,16,0.2588426991671898
7.0,18.0,16.0,3.0,2.0,1.0,0.0,0.0,2.0,9.0,5.0,2.0,0.0,2.0,0.0,0.0,0.0,0.0,0.0,1.0,2.0,2.0,5.0,1.0,0.0,0.1875,0.2777777777777778,0.5625,0.8402777777777778,0.375,0.08333333333333333,,0.1111111111111111,0.1111111111111111,0.1111111111111111,0.45454545454545453,0.5454545454545454,0.8333333333333334,265.77777777777777,0.2777777777777778,0.5625,1.5282798957699528,-0.16350000000000003,5.0,6.0,BP,S3,355.0,True,PHI,PHI,8,0.2197162070996539
6.0,14.0,13.0,4.0,2.0,1.0,2.0,0.0,1.0,9.0,1.0,1.0,0.0,4.0,0.0,1.0,0.0,0.0,0.0,0.0,3.0,1.0,1.0,0.0,0.0,0.3076923076923077,0.35714285714285715,0.6923076923076923,1.0494505494505495,0.3846153846153846,0.375,1.0,0.07142857142857142,0.2857142857142857,0.07142857142857142,0.8,0.2,4.0,246.21428571428572,0.35714285714285715,0.6923076923076923,-0.1289767711675409,-0.2803,4.0,1.0,BP,S3,355.0,True,STL,STL,16,0.03912649206753595
7.0,16.0,15.0,5.0,3.0,2.0,1.0,0.0,2.0,12.0,4.0,1.0,0.0,2.0,0.0,0.0,0.0,0.0,0.0,1.0,4.0,1.0,1.0,1.0,0.0,0.3333333333333333,0.375,0.8,1.175,0.46666666666666673,0.2727272727272727,,0.125,0.125,0.0625,0.75,0.25,3.0,277.5625,0.375,0.8,0.9342323025626745,0.040100000000000025,6.0,2.0,BP,S3,356.0,False,STL,STL,8,0.15287942360974177
16.0,45.0,37.0,11.0,6.0,5.0,4.0,0.0,2.0,21.0,6.0,8.0,0.0,7.0,1.0,0.0,0.0,0.0,0.0,0.0,6.0,4.0,9.0,0.0,0.0,0.2972972972972973,0.4222222222222222,0.5675675675675675,0.9897897897897898,0.27027027027027023,0.32142857142857145,,0.044444444444444446,0.15555555555555556,0.17777777777777778,0.5263157894736842,0.47368421052631576,1.1111111111111112,220.52272727272728,0.4222222222222222,0.5675675675675675,2.5280356727332856,0.20179999999999998,10.0,9.0,1B,S3,357.0,False,STL,STL,16,0.42002411107997506
13.0,37.0,31.0,5.0,6.0,1.0,1.0,0.0,3.0,15.0,3.0,6.0,0.0,8.0,0.0,1.0,0.0,0.0,0.0,0.0,4.0,5.0,6.0,3.0,0.0,0.16129032258064516,0.2972972972972973,0.4838709677419355,0.7811682650392329,0.32258064516129037,0.1,1.0,0.08108108108108109,0.21621621621621623,0.16216216216216217,0.5,0.5,1.0,243.27027027027026,0.2972972972972973,0.4838709677419355,-1.9584327958867436,-0.42019999999999996,9.0,9.0,XB,S3,358.0,False,2TM,STL,16,-0.058350832458764976
5.0,12.0,12.0,3.0,3.0,1.0,1.0,0.0,1.0,7.0,1.0,0.0,0.0,2.0,0.0,1.0,0.0,0.0,0.0,0.0,1.0,2.0,2.0,2.0,0.0,0.25,0.25,0.5833333333333334,0.8333333333333334,0.33333333333333337,0.2222222222222222,1.0,0.08333333333333333,0.16666666666666666,0.0,0.42857142857142855,0.5714285714285714,0.75,250.92307692307693,0.25,0.5833333333333334,0.047293762529212136,-0.09170000000000003,3.0,4.0,XB,S3,358.0,True,TBD,TBD,7,0.049321521268026955
8.0,25.0,19.0,2.0,3.0,0.0,0.0,0.0,2.0,8.0,2.0,6.0,0.0,6.0,0.0,0.0,0.0,0.0,0.0,0.0,3.0,3.0,4.0,1.0,0.0,0.10526315789473684,0.32,0.42105263157894735,0.7410526315789474,0.3157894736842105,0.0,,0.08,0.24,0.24,0.5454545454545454,0.45454545454545453,1.2,239.125,0.32,0.42105263157894735,-2.005726558415956,-0.3285,6.0,5.0,XB,S3,358.0,True,STL,STL,16,-0.10767235372679193
7.0,15.0,13.0,3.0,1.0,0.0,3.0,0.0,0.0,6.0,1.0,2.0,0.0,8.0,4.0,0.0,0.0,0.0,0.0,1.0,0.0,1.0,0.0,0.0,0.0,0.23076923076923078,0.3333333333333333,0.46153846153846156,0.7948717948717949,0.23076923076923078,0.6,,0.0,0.5333333333333333,0.13333333333333333,1.0,0.0,,223.55555555555554,0.3333333333333333,0.46153846153846156,0.004799320776578853,-0.1559,2.0,0.0,TT,S3,359.0,False,STL,STL,7,0.05622011334654007
12.0,31.0,26.0,4.0,2.0,2.0,1.0,0.0,1.0,8.0,5.0,4.0,0.0,8.0,0.0,0.0,0.0,0.0,1.0,0.0,6.0,1.0,3.0,4.0,0.0,0.15384615384615385,0.25806451612903225,0.3076923076923077,0.56575682382134,0.15384615384615385,0.16666666666666666,,0.03225806451612903,0.25806451612903225,0.12903225806451613,0.4666666666666667,0.5333333333333333,0.875,283.4,0.25806451612903225,0.3076923076923077,-0.6818101716572778,-0.4482,7.0,8.0,WC,S3,360.0,False,2TM,STL,16,0.04701535745662875
9.0,26.0,22.0,3.0,1.0,2.0,0.0,0.0,1.0,6.0,5.0,3.0,0.0,7.0,0.0,0.0,0.0,0.0,1.0,0.0,4.0,1.0,3.0,4.0,0.0,0.13636363636363635,0.23076923076923078,0.2727272727272727,0.5034965034965035,0.13636363636363635,0.13333333333333333,,0.038461538461538464,0.2692307692307692,0.11538461538461539,0.38461538461538464,0.6153846153846154,0.625,287.2,0.23076923076923078,0.2727272727272727,-0.6262546785729121,-0.4265,5.0,8.0,WC,S3,360.0,True,MIA,MIA,12,0.03399084634210457
3.0,5.0,4.0,1.0,1.0,0.0,1.0,0.0,0.0,2.0,0.0,1.0,0.0,1.0,0.0,0.0,0.0,0.0,0.0,0.0,2.0,0.0,0.0,0.0,0.0,0.25,0.4,0.5,0.9,0.25,0.3333333333333333,,0.0,0.2,0.2,1.0,0.0,,264.4,0.4,0.5,-0.05555549308436569,-0.021700000000000007,2.0,0.0,WC,S3,360.0,True,STL,STL,16,0.01302451111452416
3.0,7.0,7.0,0.0,0.0,0.0,0.0,0.0,0.0,0.0,0.0,0.0,0.0,5.0,0.0,0.0,0.0,0.0,0.0,0.0,0.0,0.0,2.0,0.0,0.0,0.0,0.0,0.0,0.0,0.0,0.0,,0.0,0.7142857142857143,0.0,0.0,1.0,0.0,285.14285714285717,0.0,0.0,-1.875713680894517,-0.2141,0.0,2.0,BP,S3,361.0,False,STL,STL,16,-0.1615592834973067
15.0,37.0,36.0,10.0,2.0,6.0,3.0,0.0,1.0,16.0,2.0,1.0,0.0,9.0,0.0,1.0,0.0,0.0,0.0,0.0,5.0,2.0,10.0,0.0,0.0,0.2777777777777778,0.2972972972972973,0.4444444444444444,0.7417417417417418,0.16666666666666663,0.34615384615384615,1.0,0.02702702702702703,0.24324324324324326,0.02702702702702703,0.4117647058823529,0.5882352941176471,0.7,236.48648648648648,0.2972972972972973,0.4444444444444444,-1.4470790012192867,-0.5390000000000001,7.0,10.0,BC,S3,362.0,False,STL,STL,16,-0.007215452992019289
12.0,25.0,23.0,5.0,4.0,3.0,1.0,0.0,1.0,9.0,1.0,2.0,0.0,5.0,3.0,0.0,0.0,0.0,0.0,2.0,2.0,3.0,6.0,0.0,0.0,0.21739130434782608,0.28,0.391304347826087,0.671304347826087,0.1739130434782609,0.23529411764705882,,0.04,0.2,0.08,0.5384615384615384,0.46153846153846156,1.1666666666666667,256.6363636363636,0.28,0.391304347826087,-2.1426244383661373,-0.14930000000000004,7.0,6.0,1B,S3,363.0,False,STL,STL,16,-0.12136214172181008
4.0,8.0,8.0,0.0,0.0,0.0,0.0,0.0,0.0,0.0,0.0,0.0,0.0,4.0,4.0,0.0,0.0,0.0,0.0,0.0,1.0,2.0,1.0,0.0,0.0,0.0,0.0,0.0,0.0,0.0,0.0,,0.0,0.5,0.0,0.75,0.25,3.0,347.25,0.0,0.0,-1.9678637652767836,-0.22910000000000003,3.0,1.0,BN,S3,366.0,False,STL,STL,10,-0.16705827985094118
14.0,38.0,37.0,7.0,2.0,3.0,3.0,0.0,1.0,13.0,2.0,1.0,0.0,12.0,3.0,0.0,0.0,0.0,0.0,1.0,2.0,3.0,9.0,3.0,0.0,0.1891891891891892,0.21052631578947367,0.35135135135135137,0.561877667140825,0.16216216216216217,0.25,,0.02631578947368421,0.3157894736842105,0.02631578947368421,0.3333333333333333,0.6666666666666666,0.5,257.02941176470586,0.21052631578947367,0.35135135135135137,-4.398706000289799,-0.31350000000000006,6.0,12.0,BP,S3,367.0,False,STL,STL,16,-0.2986621408144784
2.0,5.0,5.0,0.0,0.0,0.0,0.0,0.0,0.0,0.0,0.0,0.0,0.0,3.0,3.0,0.0,0.0,0.0,0.0,0.0,1.0,0.0,0.0,1.0,0.0,0.0,0.0,0.0,0.0,0.0,0.0,,0.0,0.6,0.0,0.5,0.5,1.0,381.0,0.0,0.0,-1.151463877095564,-0.2354,1.0,1.0,EN,S3,368.0,False,STL,STL,3,-0.09656632728659567
10.0,26.0,25.0,4.0,3.0,1.0,0.0,0.0,3.0,13.0,6.0,1.0,0.0,9.0,0.0,0.0,0.0,0.0,0.0,2.0,4.0,3.0,3.0,0.0,0.0,0.16,0.19230769230769232,0.52,0.7123076923076923,0.36,0.07692307692307693,,0.11538461538461539,0.34615384615384615,0.038461538461538464,0.75,0.25,3.0,291.53846153846155,0.19230769230769232,0.52,0.4622241033907071,-0.5875999999999999,9.0,3.0,BP,S3,369.0,False,STL,STL,15,0.1428387245384665
16.0,50.0,47.0,8.0,1.0,4.0,4.0,0.0,0.0,12.0,2.0,3.0,0.0,10.0,1.0,0.0,0.0,0.0,0.0,1.0,11.0,8.0,8.0,1.0,0.0,0.1702127659574468,0.22,0.2553191489361702,0.4753191489361702,0.08510638297872339,0.21621621621621623,,0.0,0.2,0.06,0.6896551724137931,0.3103448275862069,2.2222222222222223,297.48979591836735,0.22,0.2553191489361702,-4.702567915910069,-1.3046,20.0,9.0,1B,S3,370.0,False,STL,STL,16,-0.2844561873613996
4.0,7.0,6.0,2.0,1.0,2.0,0.0,0.0,0.0,2.0,1.0,1.0,0.0,3.0,0.0,1.0,0.0,0.0,0.0,0.0,0.0,1.0,0.0,0.0,0.0,0.3333333333333333,0.42857142857142855,0.3333333333333333,0.7619047619047619,0.0,0.6666666666666666,1.0,0.0,0.42857142857142855,0.14285714285714285,1.0,0.0,,220.25,0.42857142857142855,0.3333333333333333,0.5771280800925298,0.033,1.0,0.0,,S3,371.0,False,TBD,TBD,15,0.083724892601398
16.0,47.0,42.0,10.0,4.0,6.0,2.0,1.0,1.0,17.0,6.0,5.0,2.0,4.0,0.0,1.0,0.0,0.0,0.0,0.0,10.0,9.0,8.0,1.0,0.0,0.23809523809523808,0.3191489361702128,0.40476190476190477,0.7239108409321175,0.16666666666666669,0.24324324324324326,1.0,0.02127659574468085,0.0851063829787234,0.10638297872340426,0.6785714285714286,0.32142857142857145,2.111111111111111,265.8695652173913,0.3191489361702128,0.40476190476190477,0.1627570983107065,0.5258999999999999,19.0,9.0,1B,S3,377.0,False,2TM,TBD,16,0.1909282778069015
16.0,46.0,42.0,10.0,3.0,6.0,2.0,1.0,1.0,17.0,6.0,4.0,1.0,4.0,0.0,1.0,0.0,0.0,0.0,0.0,10.0,9.0,8.0,1.0,0.0,0.23809523809523808,0.30434782608695654,0.40476190476190477,0.7091097308488613,0.16666666666666669,0.24324324324324326,1.0,0.021739130434782608,0.08695652173913043,0.08695652173913043,0.6785714285714286,0.32142857142857145,2.111111111111111,265.8695652173913,0.30434782608695654,0.40476190476190477,0.0839534745430548,0.4516999999999999,19.0,9.0,1B,S3,377.0,True,TBD,TBD,16,0.1793319033455442
1.0,1.0,0.0,0.0,1.0,0.0,0.0,0.0,0.0,0.0,0.0,1.0,1.0,0.0,0.0,0.0,0.0,0.0,0.0,0.0,0.0,0.0,0.0,0.0,0.0,,1.0,,,,,,0.0,0.0,1.0,,,,,1.0,,0.07880362376765238,0.0742,0.0,0.0,1B,S3,377.0,True,OAK,OAK,10,0.011596374461357384
6.0,14.0,12.0,1.0,1.0,0.0,0.0,0.0,1.0,4.0,4.0,1.0,0.0,4.0,0.0,0.0,0.0,0.0,1.0,1.0,0.0,2.0,3.0,1.0,0.0,0.08333333333333333,0.14285714285714285,0.3333333333333333,0.47619047619047616,0.25,0.0,,0.07142857142857142,0.2857142857142857,0.07142857142857142,0.375,0.625,0.6,282.92857142857144,0.14285714285714285,0.3333333333333333,-0.14002040081514014,-0.44359999999999994,3.0,5.0,TT,S3,378.0,False,3TM,ARI,16,0.038022129102776026
4.0,10.0,8.0,1.0,1.0,0.0,0.0,0.0,1.0,4.0,4.0,1.0,0.0,3.0,0.0,0.0,0.0,0.0,1.0,1.0,0.0,1.0,1.0,1.0,0.0,0.125,0.2,0.5,0.7,0.375,0.0,,0.1,0.3,0.1,0.4,0.6,0.6666666666666666,277.8,0.2,0.5,0.7631187330812752,-0.3301,2.0,3.0,TT,S3,378.0,True,NYM,NYM,4,0.11347199415404899
1.0,2.0,2.0,0.0,0.0,0.0,0.0,0.0,0.0,0.0,0.0,0.0,0.0,0.0,0.0,0.0,0.0,0.0,0.0,0.0,0.0,0.0,2.0,0.0,0.0,0.0,0.0,0.0,0.0,0.0,0.0,,0.0,0.0,0.0,0.0,1.0,0.0,155.0,0.0,0.0,-0.5554396580664794,-0.059399999999999994,0.0,2.0,TT,S3,378.0,True,TBD,TBD,14,-0.04811194163746365
1.0,2.0,2.0,0.0,0.0,0.0,0.0,0.0,0.0,0.0,0.0,0.0,0.0,1.0,0.0,0.0,0.0,0.0,0.0,0.0,0.0,1.0,0.0,0.0,0.0,0.0,0.0,0.0,0.0,0.0,0.0,,0.0,0.5,0.0,1.0,0.0,,436.5,0.0,0.0,-0.34769947582993593,-0.0541,1.0,0.0,TT,S3,378.0,True,ARI,ARI,16,-0.0273379234138093
9.0,22.0,19.0,8.0,3.0,6.0,1.0,0.0,1.0,12.0,1.0,3.0,0.0,4.0,0.0,2.0,0.0,0.0,0.0,1.0,2.0,1.0,3.0,0.0,0.0,0.42105263157894735,0.5,0.631578947368421,1.131578947368421,0.21052631578947367,0.5,1.0,0.045454545454545456,0.18181818181818182,0.13636363636363635,0.5714285714285714,0.42857142857142855,1.3333333333333333,193.58333333333334,0.5,0.631578947368421,0.03118693208103962,0.36879999999999996,4.0,3.0,1B,S3,379.0,False,TBD,TBD,16,0.08487095906913117
10.0,23.0,22.0,4.0,3.0,1.0,0.0,2.0,1.0,11.0,2.0,1.0,0.0,4.0,0.0,0.0,1.0,0.0,0.0,1.0,3.0,4.0,4.0,2.0,0.0,0.18181818181818182,0.21739130434782608,0.5,0.717391304347826,0.3181818181818182,0.17647058823529413,0.0,0.043478260869565216,0.17391304347826086,0.043478260869565216,0.5714285714285714,0.42857142857142855,1.3333333333333333,280.2083333333333,0.21739130434782608,0.5,-1.902441132321571,-0.23010000000000003,8.0,6.0,BP,S3,380.0,False,TBD,TBD,13,-0.10477583528653775
14.0,37.0,34.0,10.0,4.0,2.0,7.0,0.0,1.0,20.0,5.0,2.0,0.0,8.0,1.0,0.0,0.0,0.0,1.0,3.0,4.0,5.0,3.0,1.0,0.0,0.29411764705882354,0.32432432432432434,0.5882352941176471,0.9125596184419714,0.29411764705882354,0.34615384615384615,,0.02702702702702703,0.21621621621621623,0.05405405405405406,0.7058823529411765,0.29411764705882354,2.4,256.80555555555554,0.32432432432432434,0.5882352941176471,-0.44949800924237615,-0.5991,12.0,5.0,1B,S3,381.0,False,2TM,TBD,16,0.09254264620567176
10.0,29.0,28.0,10.0,4.0,2.0,7.0,0.0,1.0,20.0,4.0,1.0,0.0,5.0,0.0,0.0,0.0,0.0,0.0,1.0,3.0,5.0,3.0,1.0,0.0,0.35714285714285715,0.3793103448275862,0.7142857142857143,1.0935960591133005,0.35714285714285715,0.4090909090909091,,0.034482758620689655,0.1724137931034483,0.034482758620689655,0.6923076923076923,0.3076923076923077,2.25,241.72413793103448,0.3793103448275862,0.7142857142857143,1.9458121553063592,-0.0840000000000001,9.0,4.0,1B,S3,381.0,True,NYM,NYM,12,0.30234556598380813
4.0,8.0,6.0,0.0,0.0,0.0,0.0,0.0,0.0,0.0,1.0,1.0,0.0,3.0,1.0,0.0,0.0,0.0,1.0,2.0,1.0,0.0,0.0,0.0,0.0,0.0,0.125,0.0,0.125,0.0,0.0,,0.0,0.375,0.125,0.75,0.25,3.0,319.2857142857143,0.125,0.0,-2.3953101645487354,-0.5150999999999999,3.0,1.0,1B,S3,381.0,True,TBD,TBD,16,-0.20980291977813637
15.0,42.0,35.0,13.0,4.0,9.0,1.0,1.0,2.0,22.0,3.0,7.0,1.0,7.0,1.0,0.0,1.0,0.0,0.0,0.0,5.0,6.0,3.0,1.0,0.0,0.37142857142857144,0.47619047619047616,0.6285714285714286,1.1047619047619048,0.2571428571428571,0.4230769230769231,0.0,0.047619047619047616,0.16666666666666666,0.16666666666666666,0.7333333333333333,0.26666666666666666,2.75,231.73170731707316,0.47619047619047616,0.6285714285714286,1.4876063809954203,0.3116999999999999,11.0,4.0,1B,S3,382.0,False,TBD,TBD,16,0.30483314565241215
5.0,12.0,11.0,2.0,0.0,1.0,1.0,0.0,0.0,3.0,0.0,1.0,0.0,3.0,0.0,0.0,0.0,0.0,0.0,1.0,1.0,0.0,4.0,0.0,0.0,0.18181818181818182,0.25,0.2727272727272727,0.5227272727272727,0.09090909090909088,0.25,,0.0,0.25,0.08333333333333333,0.3333333333333333,0.6666666666666666,0.5,243.0,0.25,0.2727272727272727,-2.192362343127567,-0.382,2.0,4.0,HK,S3,383.0,False,TBD,TBD,16,-0.17464408929765093
3.0,5.0,5.0,0.0,0.0,0.0,0.0,0.0,0.0,0.0,0.0,0.0,0.0,1.0,1.0,0.0,0.0,0.0,0.0,0.0,2.0,0.0,2.0,0.0,0.0,0.0,0.0,0.0,0.0,0.0,0.0,,0.0,0.2,0.0,0.5,0.5,1.0,279.25,0.0,0.0,-0.9034538484577167,-0.0843,2.0,2.0,BC,S3,384.0,False,TBD,TBD,14,-0.07176532442281094
15.0,32.0,30.0,9.0,4.0,6.0,0.0,1.0,2.0,17.0,5.0,2.0,0.0,6.0,1.0,0.0,0.0,0.0,0.0,2.0,2.0,3.0,7.0,1.0,0.0,0.3,0.34375,0.5666666666666667,0.9104166666666667,0.26666666666666666,0.3181818181818182,,0.0625,0.1875,0.0625,0.4666666666666667,0.5333333333333333,0.875,234.19354838709677,0.34375,0.5666666666666667,-0.3894246905415757,-0.11410000000000002,7.0,8.0,BC,S3,385.0,False,3TM,TBD,16,0.07996991765279109
4.0,6.0,6.0,0.0,0.0,0.0,0.0,0.0,0.0,0.0,0.0,0.0,0.0,3.0,0.0,0.0,0.0,0.0,0.0,1.0,0.0,1.0,1.0,0.0,0.0,0.0,0.0,0.0,0.0,0.0,0.0,,0.0,0.5,0.0,0.6666666666666666,0.3333333333333333,2.0,356.1666666666667,0.0,0.0,-1.921406855732121,-0.1904,2.0,1.0,BC,S3,385.0,True,CHC,CHC,4,-0.16984461306565923
1.0,1.0,1.0,0.0,0.0,0.0,0.0,0.0,0.0,0.0,0.0,0.0,0.0,1.0,1.0,0.0,0.0,0.0,0.0,0.0,0.0,0.0,0.0,0.0,0.0,0.0,0.0,0.0,0.0,0.0,,,0.0,1.0,0.0,,,,,0.0,0.0,-0.16927342426955602,-0.0222,0.0,0.0,BC,S3,385.0,True,PHI,PHI,6,-0.013211330342363456
10.0,25.0,23.0,9.0,4.0,6.0,0.0,1.0,2.0,17.0,5.0,2.0,0.0,2.0,0.0,0.0,0.0,0.0,0.0,1.0,2.0,2.0,6.0,1.0,0.0,0.391304347826087,0.44,0.7391304347826086,1.1791304347826086,0.3478260869565217,0.3684210526315789,,0.08,0.08,0.08,0.4166666666666667,0.5833333333333334,0.7142857142857143,204.92,0.44,0.7391304347826086,1.7012555894601018,0.09849999999999999,5.0,7.0,BC,S3,385.0,True,TBD,TBD,16,0.2630258610608138
15.0,37.0,34.0,11.0,8.0,5.0,1.0,0.0,5.0,27.0,7.0,2.0,0.0,4.0,0.0,2.0,0.0,0.0,1.0,3.0,1.0,3.0,11.0,1.0,0.0,0.3235294117647059,0.35135135135135137,0.7941176470588235,1.145468998410175,0.4705882352941176,0.23076923076923078,1.0,0.13513513513513514,0.10810810810810811,0.05405405405405406,0.35,0.65,0.5384615384615384,212.82051282051282,0.35135135135135137,0.7941176470588235,3.1379220420727822,0.04829999999999998,7.0,13.0,BP,S3,386.0,False,TBD,TBD,15,0.45128465133718765
12.0,28.0,25.0,5.0,3.0,1.0,2.0,0.0,2.0,13.0,5.0,3.0,0.0,3.0,0.0,0.0,0.0,0.0,0.0,0.0,5.0,4.0,7.0,1.0,0.0,0.2,0.2857142857142857,0.52,0.8057142857142857,0.32,0.15,,0.07142857142857142,0.10714285714285714,0.10714285714285714,0.5294117647058824,0.47058823529411764,1.125,255.53571428571428,0.2857142857142857,0.52,0.981785065129712,-0.17589999999999997,9.0,8.0,1B,S3,387.0,False,TBD,TBD,16,0.20222684488155127
10.0,19.0,18.0,6.0,2.0,3.0,1.0,0.0,2.0,13.0,4.0,1.0,0.0,2.0,0.0,0.0,0.0,0.0,0.0,0.0,3.0,5.0,1.0,1.0,0.0,0.3333333333333333,0.3684210526315789,0.7222222222222222,1.090643274853801,0.3888888888888889,0.2857142857142857,,0.10526315789473684,0.10526315789473684,0.05263157894736842,0.8,0.2,4.0,233.57894736842104,0.3684210526315789,0.7222222222222222,1.4549077888928514,0.10000000000000002,8.0,2.0,MH,S3,388.0,False,TBD,TBD,16,0.2160950084965359
12.0,30.0,28.0,6.0,2.0,3.0,2.0,1.0,0.0,10.0,3.0,2.0,1.0,3.0,1.0,0.0,1.0,0.0,0.0,2.0,8.0,1.0,4.0,4.0,0.0,0.21428571428571427,0.26666666666666666,0.35714285714285715,0.6238095238095238,0.14285714285714288,0.24,0.0,0.0,0.1,0.06666666666666667,0.5789473684210527,0.42105263157894735,1.375,272.86206896551727,0.26666666666666666,0.35714285714285715,-1.9445413130344993,-0.38939999999999997,11.0,8.0,BC,S3,389.0,False,TBD,TBD,16,-0.08297376876568556
7.0,8.0,7.0,0.0,1.0,0.0,0.0,0.0,0.0,0.0,0.0,1.0,0.0,2.0,0.0,0.0,0.0,0.0,0.0,0.0,1.0,2.0,2.0,0.0,0.0,0.0,0.125,0.0,0.125,0.0,0.0,,0.0,0.25,0.125,0.6,0.4,1.5,298.75,0.125,0.0,-1.54891297390723,-0.1781,3.0,2.0,XB,S3,390.0,False,TOR,TOR,15,-0.12516320071398584
1.0,2.0,1.0,1.0,1.0,0.0,1.0,0.0,0.0,2.0,1.0,1.0,0.0,0.0,0.0,0.0,0.0,0.0,0.0,0.0,0.0,0.0,0.0,0.0,0.0,1.0,1.0,2.0,3.0,1.0,1.0,,0.0,0.0,0.5,,,,73.0,1.0,2.0,1.071338824514868,0.1784,0.0,0.0,SM,S3,394.0,False,TOR,TOR,9,0.11456590662067109
1.0,1.0,1.0,1.0,0.0,0.0,1.0,0.0,0.0,2.0,1.0,0.0,0.0,0.0,0.0,0.0,0.0,0.0,0.0,0.0,0.0,0.0,0.0,0.0,0.0,1.0,1.0,2.0,3.0,1.0,1.0,,0.0,0.0,0.0,,,,33.0,1.0,2.0,1.0,0.0848,0.0,0.0,1B,S3,395.0,False,TOR,TOR,12,0.10371601208459214
15.0,39.0,34.0,12.0,6.0,8.0,2.0,1.0,1.0,19.0,3.0,5.0,1.0,8.0,0.0,2.0,1.0,0.0,0.0,0.0,3.0,0.0,9.0,2.0,0.0,0.35294117647058826,0.4358974358974359,0.5588235294117647,0.9947209653092006,0.20588235294117646,0.44,0.6666666666666666,0.02564102564102564,0.20512820512820512,0.1282051282051282,0.21428571428571427,0.7857142857142857,0.2727272727272727,200.625,0.4358974358974359,0.5588235294117647,0.8346718754983337,0.15640000000000004,3.0,11.0,BC,S3,396.0,False,TOR,TOR,16,0.22839165884892704
8.0,21.0,21.0,8.0,4.0,2.0,4.0,0.0,2.0,18.0,5.0,0.0,0.0,7.0,1.0,0.0,0.0,0.0,0.0,1.0,2.0,1.0,1.0,1.0,0.0,0.38095238095238093,0.38095238095238093,0.8571428571428571,1.2380952380952381,0.47619047619047616,0.5,,0.09523809523809523,0.3333333333333333,0.0,0.6666666666666666,0.3333333333333333,2.0,230.85,0.38095238095238093,0.8571428571428571,2.1938156977987413,0.41150000000000003,4.0,2.0,BP,S3,397.0,False,TOR,TOR,16,0.2974178235563092
3.0,7.0,7.0,1.0,0.0,1.0,0.0,0.0,0.0,1.0,0.0,0.0,0.0,3.0,0.0,0.0,0.0,0.0,0.0,0.0,1.0,0.0,1.0,1.0,0.0,0.14285714285714285,0.14285714285714285,0.14285714285714285,0.2857142857142857,0.0,0.25,,0.0,0.42857142857142855,0.0,0.3333333333333333,0.6666666666666666,0.5,285.57142857142856,0.14285714285714285,0.14285714285714285,-1.3591280161048864,-0.11620000000000001,1.0,2.0,WC,S3,398.0,False,TOR,TOR,11,-0.10990071701834363
2.0,4.0,3.0,0.0,0.0,0.0,0.0,0.0,0.0,0.0,0.0,1.0,0.0,3.0,0.0,0.0,0.0,0.0,0.0,0.0,0.0,0.0,0.0,0.0,0.0,0.0,0.25,0.0,0.25,0.0,,,0.0,0.75,0.25,,,,232.5,0.25,0.0,-0.4551691791287352,-0.0834,0.0,0.0,HK,S3,399.0,False,TOR,TOR,16,-0.030652869574504936
15.0,41.0,36.0,7.0,3.0,4.0,1.0,0.0,2.0,14.0,3.0,5.0,0.0,9.0,0.0,1.0,0.0,0.0,0.0,1.0,2.0,6.0,7.0,4.0,0.0,0.19444444444444445,0.2926829268292683,0.3888888888888889,0.6815718157181572,0.19444444444444445,0.2,1.0,0.04878048780487805,0.21951219512195122,0.12195121951219512,0.45,0.55,0.8181818181818182,271.42857142857144,0.2926829268292683,0.3888888888888889,-2.386941934520277,-0.38609999999999994,9.0,11.0,SF,S3,400.0,False,TOR,TOR,16,-0.08633769798374973
11.0,30.0,26.0,6.0,4.0,2.0,3.0,0.0,1.0,12.0,6.0,2.0,0.0,8.0,3.0,2.0,1.0,0.0,2.0,4.0,1.0,2.0,4.0,1.0,0.0,0.23076923076923078,0.26666666666666666,0.46153846153846156,0.7282051282051283,0.23076923076923078,0.2631578947368421,0.6666666666666666,0.03333333333333333,0.26666666666666666,0.06666666666666667,0.5,0.5,1.0,255.0,0.26666666666666666,0.46153846153846156,-1.0005824692049519,-0.2924,7.0,7.0,BP,S3,401.0,False,TOR,TOR,15,0.01142211561726918
7.0,19.0,18.0,3.0,2.0,2.0,0.0,0.0,1.0,6.0,1.0,1.0,0.0,6.0,1.0,0.0,0.0,0.0,0.0,0.0,0.0,3.0,3.0,3.0,0.0,0.16666666666666666,0.21052631578947367,0.3333333333333333,0.5438596491228069,0.16666666666666666,0.18181818181818182,,0.05263157894736842,0.3157894736842105,0.05263157894736842,0.3333333333333333,0.6666666666666666,0.5,277.6111111111111,0.21052631578947367,0.3333333333333333,-1.889313491658657,-0.01600000000000004,3.0,6.0,BC,S3,402.0,False,2TM,TOR,16,-0.11832711955861493
2.0,6.0,5.0,0.0,1.0,0.0,0.0,0.0,0.0,0.0,0.0,1.0,0.0,2.0,0.0,0.0,0.0,0.0,0.0,0.0,0.0,0.0,3.0,0.0,0.0,0.0,0.16666666666666666,0.0,0.16666666666666666,0.0,0.0,,0.0,0.3333333333333333,0.16666666666666666,0.0,1.0,0.0,244.33333333333334,0.16666666666666666,0.0,-0.9758923513928972,-0.09809999999999998,0.0,3.0,BC,S3,402.0,True,PHI,PHI,9,-0.07529316263173684
5.0,13.0,13.0,3.0,1.0,2.0,0.0,0.0,1.0,6.0,1.0,0.0,0.0,4.0,1.0,0.0,0.0,0.0,0.0,0.0,0.0,3.0,0.0,3.0,0.0,0.23076923076923078,0.23076923076923078,0.46153846153846156,0.6923076923076923,0.23076923076923078,0.25,,0.07692307692307693,0.3076923076923077,0.0,0.5,0.5,1.0,294.25,0.23076923076923078,0.46153846153846156,-0.9134211402657597,0.08209999999999996,3.0,3.0,BC,S3,402.0,True,TOR,TOR,16,-0.04303395692687808
7.0,17.0,16.0,2.0,2.0,0.0,1.0,0.0,1.0,6.0,3.0,1.0,0.0,8.0,1.0,0.0,0.0,0.0,0.0,0.0,1.0,1.0,2.0,2.0,0.0,0.125,0.17647058823529413,0.375,0.5514705882352942,0.25,0.14285714285714285,,0.058823529411764705,0.47058823529411764,0.058823529411764705,0.3333333333333333,0.6666666666666666,0.5,243.375,0.17647058823529413,0.375,-1.4328802519371007,-0.2388,2.0,4.0,XB,S3,403.0,False,TOR,TOR,16,-0.0801158197556436
6.0,13.0,11.0,1.0,0.0,1.0,0.0,0.0,0.0,1.0,1.0,2.0,0.0,3.0,1.0,0.0,0.0,0.0,0.0,1.0,2.0,1.0,2.0,1.0,0.0,0.09090909090909091,0.23076923076923078,0.09090909090909091,0.32167832167832167,0.0,0.125,,0.0,0.23076923076923078,0.15384615384615385,0.5714285714285714,0.42857142857142855,1.3333333333333333,298.25,0.23076923076923078,0.09090909090909091,-2.116794097148221,-0.38380000000000003,4.0,3.0,BC,S3,404.0,False,2TM,TOR,15,-0.16337125261512422
3.0,6.0,5.0,1.0,0.0,1.0,0.0,0.0,0.0,1.0,1.0,1.0,0.0,2.0,1.0,0.0,0.0,0.0,0.0,0.0,0.0,0.0,1.0,1.0,0.0,0.2,0.3333333333333333,0.2,0.5333333333333333,0.0,0.3333333333333333,,0.0,0.3333333333333333,0.16666666666666666,0.0,1.0,0.0,210.2,0.3333333333333333,0.2,-0.6213388245148681,-0.08350000000000002,0.0,2.0,BC,S3,404.0,True,CLE,CLE,8,-0.03983780994393394
3.0,7.0,6.0,0.0,0.0,0.0,0.0,0.0,0.0,0.0,0.0,1.0,0.0,1.0,0.0,0.0,0.0,0.0,0.0,1.0,2.0,1.0,1.0,0.0,0.0,0.0,0.14285714285714285,0.0,0.14285714285714285,0.0,0.0,,0.0,0.14285714285714285,0.14285714285714285,0.8,0.2,4.0,361.14285714285717,0.14285714285714285,0.0,-1.495455272633353,-0.3003,4.0,1.0,BC,S3,404.0,True,TOR,TOR,15,-0.12353344267119029
7.0,17.0,14.0,2.0,0.0,2.0,0.0,0.0,0.0,2.0,2.0,2.0,0.0,2.0,0.0,0.0,0.0,0.0,1.0,1.0,1.0,3.0,5.0,0.0,0.0,0.14285714285714285,0.23529411764705882,0.14285714285714285,0.37815126050420167,0.0,0.15384615384615385,,0.0,0.11764705882352941,0.11764705882352941,0.45454545454545453,0.5454545454545454,0.8333333333333334,266.4117647058824,0.23529411764705882,0.14285714285714285,-0.08576224731224671,-0.1269,5.0,6.0,BC,S3,405.0,False,TOR,TOR,12,0.05459598070684181
12.0,28.0,25.0,9.0,3.0,4.0,4.0,0.0,1.0,16.0,2.0,3.0,0.0,5.0,0.0,0.0,0.0,0.0,0.0,0.0,3.0,3.0,5.0,0.0,0.0,0.36,0.42857142857142855,0.64,1.0685714285714285,0.28,0.42105263157894735,,0.03571428571428571,0.17857142857142858,0.10714285714285714,0.5454545454545454,0.45454545454545453,1.2,223.17857142857142,0.42857142857142855,0.64,-0.07207335003285006,-0.19830000000000003,6.0,5.0,BC,S3,406.0,False,TOR,TOR,16,0.09684100336529507
8.0,18.0,16.0,2.0,2.0,0.0,2.0,0.0,0.0,4.0,4.0,1.0,0.0,3.0,2.0,0.0,0.0,0.0,1.0,4.0,1.0,0.0,6.0,0.0,0.0,0.125,0.16666666666666666,0.25,0.41666666666666663,0.125,0.14285714285714285,,0.0,0.16666666666666666,0.05555555555555555,0.4166666666666667,0.5833333333333334,0.7142857142857143,251.25,0.16666666666666666,0.25,-1.176173723946591,-0.057999999999999975,5.0,7.0,BC,S3,407.0,False,2TM,TOR,16,-0.050729154872000484
1.0,2.0,2.0,0.0,0.0,0.0,0.0,0.0,0.0,0.0,0.0,0.0,0.0,0.0,0.0,0.0,0.0,0.0,0.0,1.0,0.0,0.0,1.0,0.0,0.0,0.0,0.0,0.0,0.0,0.0,0.0,,0.0,0.0,0.0,0.5,0.5,1.0,340.5,0.0,0.0,-0.8865856365856365,-0.1201,1.0,1.0,BC,S3,407.0,True,CLE,CLE,1,-0.08122653948937936
7.0,16.0,14.0,2.0,2.0,0.0,2.0,0.0,0.0,4.0,4.0,1.0,0.0,3.0,2.0,0.0,0.0,0.0,1.0,3.0,1.0,0.0,5.0,0.0,0.0,0.14285714285714285,0.1875,0.2857142857142857,0.4732142857142857,0.14285714285714285,0.16666666666666666,,0.0,0.1875,0.0625,0.4,0.6,0.6666666666666666,238.5,0.1875,0.2857142857142857,-0.2895880873609542,0.062100000000000016,4.0,6.0,BC,S3,407.0,True,TOR,TOR,16,0.030497384617378907
6.0,14.0,12.0,3.0,2.0,1.0,1.0,0.0,1.0,7.0,2.0,1.0,0.0,3.0,0.0,0.0,0.0,0.0,1.0,0.0,0.0,2.0,3.0,1.0,0.0,0.25,0.2857142857142857,0.5833333333333334,0.8690476190476191,0.33333333333333337,0.2222222222222222,,0.07142857142857142,0.21428571428571427,0.07142857142857142,0.2857142857142857,0.7142857142857143,0.4,234.21428571428572,0.2857142857142857,0.5833333333333334,-0.3172223662416138,-0.025999999999999968,2.0,5.0,S,S3,408.0,False,TOR,TOR,16,0.020301932560128653
15.0,45.0,42.0,11.0,5.0,6.0,2.0,1.0,2.0,21.0,3.0,3.0,0.0,15.0,1.0,3.0,2.0,0.0,0.0,0.0,1.0,1.0,7.0,7.0,0.0,0.2619047619047619,0.3111111111111111,0.5,0.8111111111111111,0.23809523809523808,0.36,0.6,0.044444444444444446,0.3333333333333333,0.06666666666666667,0.125,0.875,0.14285714285714285,249.55102040816325,0.3111111111111111,0.5,-2.2836790028232716,-0.45230000000000004,2.0,14.0,S,S3,409.0,False,TOR,TOR,16,-0.06114735647568061
8.0,17.0,15.0,3.0,2.0,2.0,1.0,0.0,0.0,4.0,0.0,2.0,0.0,5.0,0.0,0.0,0.0,0.0,0.0,0.0,1.0,1.0,3.0,2.0,0.0,0.2,0.29411764705882354,0.26666666666666666,0.5607843137254902,0.06666666666666665,0.3,,0.0,0.29411764705882354,0.11764705882352941,0.2857142857142857,0.7142857142857143,0.4,257.0,0.29411764705882354,0.26666666666666666,-1.705248403072195,-0.2132,2.0,5.0,BN,S3,410.0,False,TOR,TOR,15,-0.10735263486915303
4.0,7.0,7.0,4.0,1.0,2.0,2.0,0.0,0.0,6.0,3.0,0.0,0.0,3.0,0.0,0.0,0.0,0.0,0.0,0.0,0.0,0.0,0.0,0.0,0.0,0.5714285714285714,0.5714285714285714,0.8571428571428571,1.4285714285714284,0.2857142857142857,1.0,,0.0,0.42857142857142855,0.0,,,,178.57142857142858,0.5714285714285714,0.8571428571428571,2.5143100654114945,0.3939,0.0,0.0,BN,S3,411.0,False,TEX,TEX,14,0.27744309113329446
16.0,51.0,44.0,10.0,5.0,7.0,3.0,0.0,0.0,13.0,1.0,7.0,0.0,9.0,2.0,0.0,0.0,0.0,0.0,4.0,3.0,7.0,8.0,3.0,0.0,0.22727272727272727,0.3333333333333333,0.29545454545454547,0.6287878787878788,0.0681818181818182,0.2857142857142857,,0.0,0.17647058823529413,0.13725490196078433,0.56,0.44,1.2727272727272727,266.7551020408163,0.3333333333333333,0.29545454545454547,-4.201566469823976,-0.9606000000000001,14.0,11.0,1B,S3,414.0,False,TEX,TEX,16,-0.23064003066819816
16.0,37.0,37.0,8.0,5.0,3.0,2.0,0.0,3.0,19.0,5.0,0.0,0.0,12.0,2.0,0.0,0.0,0.0,0.0,2.0,3.0,3.0,8.0,1.0,0.0,0.21621621621621623,0.21621621621621623,0.5135135135135135,0.7297297297297297,0.29729729729729726,0.22727272727272727,,0.08108108108108109,0.32432432432432434,0.0,0.47058823529411764,0.5294117647058824,0.8888888888888888,259.4,0.21621621621621623,0.5135135135135135,-2.2718771196048904,-0.6707000000000001,8.0,9.0,BP,S3,415.0,False,TEX,TEX,16,-0.08969526483057966
16.0,48.0,46.0,10.0,5.0,5.0,1.0,0.0,4.0,23.0,8.0,2.0,0.0,11.0,0.0,0.0,0.0,0.0,0.0,4.0,3.0,6.0,11.0,1.0,0.0,0.21739130434782608,0.25,0.5,0.75,0.28260869565217395,0.1935483870967742,,0.08333333333333333,0.22916666666666666,0.041666666666666664,0.52,0.48,1.0833333333333333,265.4791666666667,0.25,0.5,-2.1018850823704143,-0.11940000000000006,13.0,12.0,BP,S3,416.0,False,TEX,TEX,16,-0.03181992817661845
16.0,37.0,31.0,9.0,4.0,5.0,1.0,1.0,2.0,18.0,4.0,6.0,0.0,9.0,0.0,0.0,0.0,0.0,0.0,0.0,1.0,3.0,7.0,2.0,0.0,0.2903225806451613,0.40540540540540543,0.5806451612903226,0.986050566695728,0.2903225806451613,0.35,,0.05405405405405406,0.24324324324324326,0.16216216216216217,0.3076923076923077,0.6923076923076923,0.4444444444444444,213.2972972972973,0.40540540540540543,0.5806451612903226,1.8545035459703425,0.27609999999999996,4.0,9.0,BP,S3,417.0,False,TEX,TEX,16,0.3229428017269436
1.0,3.0,3.0,0.0,0.0,0.0,0.0,0.0,0.0,0.0,0.0,0.0,0.0,0.0,0.0,0.0,0.0,0.0,0.0,1.0,2.0,0.0,0.0,0.0,0.0,0.0,0.0,0.0,0.0,0.0,0.0,,0.0,0.0,0.0,1.0,0.0,,368.0,0.0,0.0,-0.8898174848213531,-0.0837,3.0,0.0,BC,S3,418.0,False,TEX,TEX,1,-0.07783371222835887
16.0,42.0,38.0,14.0,7.0,9.0,2.0,0.0,3.0,25.0,6.0,4.0,1.0,12.0,1.0,2.0,0.0,0.0,0.0,2.0,4.0,1.0,3.0,2.0,0.0,0.3684210526315789,0.42857142857142855,0.6578947368421053,1.086466165413534,0.2894736842105264,0.4782608695652174,1.0,0.07142857142857142,0.2857142857142857,0.09523809523809523,0.5833333333333334,0.4166666666666667,1.4,232.97619047619048,0.42857142857142855,0.6578947368421053,1.1916193489530953,0.02729999999999999,7.0,5.0,BC,S3,419.0,False,TEX,TEX,16,0.27523444244817963
16.0,43.0,41.0,12.0,5.0,6.0,2.0,0.0,4.0,26.0,6.0,2.0,0.0,12.0,2.0,0.0,0.0,0.0,0.0,1.0,4.0,2.0,5.0,5.0,0.0,0.2926829268292683,0.32558139534883723,0.6341463414634146,0.9597277368122519,0.34146341463414637,0.32,,0.09302325581395349,0.27906976744186046,0.046511627906976744,0.4117647058823529,0.5882352941176471,0.7,251.95,0.32558139534883723,0.6341463414634146,0.5155085138204372,-0.06270000000000009,7.0,10.0,SF,S3,420.0,False,TEX,TEX,16,0.21133937101950595
16.0,44.0,40.0,9.0,6.0,4.0,2.0,0.0,3.0,20.0,6.0,4.0,0.0,9.0,0.0,0.0,0.0,0.0,0.0,2.0,4.0,6.0,7.0,3.0,0.0,0.225,0.29545454545454547,0.5,0.7954545454545454,0.275,0.21428571428571427,,0.06818181818181818,0.20454545454545456,0.09090909090909091,0.5454545454545454,0.45454545454545453,1.2,271.6046511627907,0.29545454545454547,0.5,1.0306842957587743,-0.3567,12.0,10.0,BP,S3,421.0,False,TEX,TEX,16,0.26657296129793184
16.0,45.0,39.0,13.0,8.0,5.0,4.0,1.0,3.0,28.0,8.0,5.0,0.0,10.0,3.0,1.0,1.0,0.0,1.0,1.0,2.0,3.0,9.0,1.0,0.0,0.3333333333333333,0.4,0.717948717948718,1.117948717948718,0.38461538461538464,0.37037037037037035,0.5,0.06666666666666667,0.2222222222222222,0.1111111111111111,0.35294117647058826,0.6470588235294118,0.5454545454545454,201.5681818181818,0.4,0.717948717948718,2.926871139739321,0.20170000000000002,6.0,11.0,BP,S3,422.0,False,TEX,TEX,16,0.4599076577805786
15.0,34.0,33.0,9.0,5.0,4.0,3.0,0.0,2.0,18.0,5.0,1.0,0.0,15.0,12.0,0.0,1.0,0.0,0.0,2.0,1.0,3.0,3.0,0.0,0.0,0.2727272727272727,0.29411764705882354,0.5454545454545454,0.839572192513369,0.2727272727272727,0.4375,0.0,0.058823529411764705,0.4411764705882353,0.029411764705882353,0.6666666666666666,0.3333333333333333,2.0,219.63636363636363,0.29411764705882354,0.5454545454545454,-0.5837780581437304,-0.13480000000000003,6.0,3.0,BN,S3,423.0,False,TEX,TEX,16,0.06796660506175992
7.0,18.0,16.0,3.0,1.0,1.0,1.0,0.0,1.0,7.0,1.0,2.0,0.0,5.0,0.0,0.0,0.0,0.0,0.0,0.0,2.0,2.0,0.0,4.0,0.0,0.1875,0.2777777777777778,0.4375,0.7152777777777778,0.25,0.2,,0.05555555555555555,0.2777777777777778,0.1111111111111111,0.5,0.5,1.0,296.55555555555554,0.2777777777777778,0.4375,0.058692088317270935,-0.009999999999999981,4.0,4.0,,S3,424.0,False,DET,DET,10,0.07275742635438572
9.0,19.0,17.0,5.0,3.0,3.0,1.0,0.0,1.0,9.0,2.0,1.0,0.0,2.0,0.0,0.0,1.0,0.0,1.0,0.0,2.0,1.0,4.0,3.0,0.0,0.29411764705882354,0.3157894736842105,0.5294117647058824,0.8452012383900929,0.23529411764705882,0.26666666666666666,0.0,0.05263157894736842,0.10526315789473684,0.05263157894736842,0.2727272727272727,0.7272727272727273,0.375,246.75,0.3157894736842105,0.5294117647058824,-0.6494135167686452,-0.20700000000000002,3.0,8.0,,S3,425.0,False,CLE,CLE,9,0.005662877930386246
8.0,16.0,13.0,1.0,1.0,0.0,0.0,1.0,0.0,3.0,0.0,3.0,0.0,4.0,2.0,1.0,0.0,0.0,0.0,0.0,3.0,0.0,3.0,2.0,0.0,0.07692307692307693,0.25,0.23076923076923078,0.4807692307692308,0.15384615384615385,0.1111111111111111,1.0,0.0,0.25,0.1875,0.375,0.625,0.6,248.66666666666666,0.25,0.23076923076923078,-1.4656105489825657,-0.4409,3.0,5.0,WC,S3,427.0,False,2TM,MIA,10,-0.08710486154478224
6.0,12.0,9.0,1.0,1.0,0.0,0.0,1.0,0.0,3.0,0.0,3.0,0.0,2.0,1.0,1.0,0.0,0.0,0.0,0.0,1.0,0.0,3.0,2.0,0.0,0.1111111111111111,0.3333333333333333,0.3333333333333333,0.6666666666666666,0.2222222222222222,0.14285714285714285,1.0,0.0,0.16666666666666666,0.25,0.16666666666666666,0.8333333333333334,0.2,209.83333333333334,0.3333333333333333,0.3333333333333333,-0.5315027599514517,-0.2813,1.0,5.0,WC,S3,427.0,True,NYY,NYY,7,-0.008558130980039425
2.0,4.0,4.0,0.0,0.0,0.0,0.0,0.0,0.0,0.0,0.0,0.0,0.0,2.0,1.0,0.0,0.0,0.0,0.0,0.0,2.0,0.0,0.0,0.0,0.0,0.0,0.0,0.0,0.0,0.0,0.0,,0.0,0.5,0.0,1.0,0.0,,404.0,0.0,0.0,-0.9341077890311141,-0.1596,2.0,0.0,WC,S3,427.0,True,MIA,MIA,10,-0.07854673056474283
5.0,12.0,11.0,4.0,1.0,3.0,1.0,0.0,0.0,5.0,0.0,1.0,0.0,2.0,1.0,0.0,0.0,0.0,0.0,0.0,1.0,1.0,2.0,1.0,0.0,0.36363636363636365,0.4166666666666667,0.45454545454545453,0.8712121212121212,0.09090909090909088,0.4444444444444444,,0.0,0.16666666666666666,0.08333333333333333,0.4,0.6,0.6666666666666666,219.45454545454547,0.4166666666666667,0.45454545454545453,0.1223382434209298,0.16530000000000003,2.0,3.0,,S3,428.0,False,ARI,ARI,7,0.056825969357198726
4.0,5.0,5.0,0.0,0.0,0.0,0.0,0.0,0.0,0.0,0.0,0.0,0.0,0.0,0.0,0.0,0.0,0.0,0.0,0.0,3.0,0.0,1.0,1.0,0.0,0.0,0.0,0.0,0.0,0.0,0.0,,0.0,0.0,0.0,0.6,0.4,1.5,356.2,0.0,0.0,-1.2812690099547697,-0.2924,3.0,2.0,,S3,429.0,False,ARI,ARI,7,-0.10954684057251625
1.0,1.0,1.0,0.0,0.0,0.0,0.0,0.0,0.0,0.0,0.0,0.0,0.0,1.0,0.0,0.0,0.0,0.0,0.0,0.0,0.0,0.0,0.0,0.0,0.0,0.0,0.0,0.0,0.0,0.0,,,0.0,1.0,0.0,,,,287.0,0.0,0.0,-0.31212643401137574,-0.07139999999999999,0.0,0.0,,S3,430.0,False,HOU,HOU,1,-0.02749663131654543
2.0,4.0,4.0,1.0,1.0,0.0,0.0,0.0,1.0,4.0,2.0,0.0,0.0,2.0,0.0,0.0,0.0,0.0,0.0,0.0,0.0,0.0,1.0,0.0,0.0,0.25,0.25,1.0,1.25,0.75,0.0,,0.25,0.5,0.0,0.0,1.0,0.0,129.75,0.25,1.0,0.9963435294701212,0.0794,0.0,1.0,,S3,431.0,False,LAA,LAA,2,0.11449840128538069
2.0,5.0,3.0,0.0,2.0,0.0,0.0,0.0,0.0,0.0,0.0,2.0,0.0,0.0,0.0,0.0,0.0,0.0,0.0,0.0,1.0,1.0,1.0,0.0,0.0,0.0,0.4,0.0,0.4,0.0,0.0,,0.0,0.0,0.4,0.6666666666666666,0.3333333333333333,2.0,267.4,0.4,0.0,-0.4337418463377818,0.0348,2.0,1.0,,S3,433.0,False,MIA,MIA,2,-0.02479412421081745
4.0,7.0,6.0,0.0,0.0,0.0,0.0,0.0,0.0,0.0,0.0,1.0,0.0,1.0,0.0,0.0,0.0,0.0,0.0,1.0,1.0,0.0,3.0,0.0,0.0,0.0,0.14285714285714285,0.0,0.14285714285714285,0.0,0.0,,0.0,0.14285714285714285,0.14285714285714285,0.4,0.6,0.6666666666666666,263.0,0.14285714285714285,0.0,-1.4144825519761137,-0.1527,2.0,3.0,,S3,434.0,False,2TM,TOR,11,-0.11543617060546636
1.0,1.0,1.0,0.0,0.0,0.0,0.0,0.0,0.0,0.0,0.0,0.0,0.0,0.0,0.0,0.0,0.0,0.0,0.0,1.0,0.0,0.0,0.0,0.0,0.0,0.0,0.0,0.0,0.0,0.0,0.0,,0.0,0.0,0.0,1.0,0.0,,404.0,0.0,0.0,-0.5166958996591322,-0.054000000000000006,1.0,0.0,,S3,434.0,True,ARI,ARI,1,-0.047953577881321076
3.0,6.0,5.0,0.0,0.0,0.0,0.0,0.0,0.0,0.0,0.0,1.0,0.0,1.0,0.0,0.0,0.0,0.0,0.0,0.0,1.0,0.0,3.0,0.0,0.0,0.0,0.16666666666666666,0.0,0.16666666666666666,0.0,0.0,,0.0,0.16666666666666666,0.16666666666666666,0.25,0.75,0.3333333333333333,239.5,0.16666666666666666,0.0,-0.8977866523169813,-0.09870000000000001,1.0,3.0,,S3,434.0,True,TOR,TOR,11,-0.06748259272414525
3.0,8.0,5.0,1.0,0.0,1.0,0.0,0.0,0.0,1.0,1.0,3.0,0.0,1.0,0.0,0.0,0.0,0.0,0.0,0.0,0.0,1.0,1.0,1.0,0.0,0.2,0.5,0.2,0.7,0.0,0.25,,0.0,0.125,0.375,0.3333333333333333,0.6666666666666666,0.5,246.625,0.5,0.2,0.8133370119361645,0.1488,1.0,2.0,,S3,435.0,False,ARI,ARI,4,0.11106179787035361
8.0,25.0,24.0,7.0,1.0,0.0,7.0,0.0,0.0,14.0,3.0,1.0,0.0,10.0,3.0,0.0,0.0,0.0,0.0,0.0,2.0,1.0,2.0,2.0,0.0,0.2916666666666667,0.32,0.5833333333333334,0.9033333333333333,0.2916666666666667,0.5,,0.0,0.4,0.04,0.42857142857142855,0.5714285714285714,0.75,195.36363636363637,0.32,0.5833333333333334,1.9729051152566794,0.10579999999999998,3.0,4.0,XB,S3,436.0,False,OAK,OAK,8,0.29019081364047156
13.0,34.0,30.0,9.0,3.0,5.0,4.0,0.0,0.0,13.0,3.0,2.0,0.0,7.0,0.0,0.0,0.0,0.0,2.0,1.0,2.0,4.0,3.0,4.0,0.0,0.3,0.3235294117647059,0.43333333333333335,0.7568627450980392,0.13333333333333336,0.36,,0.0,0.20588235294117646,0.058823529411764705,0.4375,0.5625,0.7777777777777778,260.54545454545456,0.3235294117647059,0.43333333333333335,-1.7810290550705448,-0.07730000000000004,7.0,9.0,,S3,437.0,False,2TM,MTL,13,-0.051758494630921525
9.0,22.0,19.0,5.0,2.0,3.0,2.0,0.0,0.0,7.0,3.0,1.0,0.0,5.0,0.0,0.0,0.0,0.0,2.0,1.0,2.0,3.0,2.0,1.0,0.0,0.2631578947368421,0.2727272727272727,0.3684210526315789,0.6411483253588517,0.10526315789473684,0.3125,,0.0,0.22727272727272727,0.045454545454545456,0.5454545454545454,0.45454545454545453,1.2,267.1363636363636,0.2727272727272727,0.3684210526315789,-1.1518188348666003,-0.022599999999999995,6.0,5.0,,S3,437.0,True,NYM,NYM,9,-0.033429617625632825
4.0,12.0,11.0,4.0,1.0,2.0,2.0,0.0,0.0,6.0,0.0,1.0,0.0,2.0,0.0,0.0,0.0,0.0,0.0,0.0,0.0,1.0,1.0,3.0,0.0,0.36363636363636365,0.4166666666666667,0.5454545454545454,0.9621212121212122,0.18181818181818177,0.4444444444444444,,0.0,0.16666666666666666,0.08333333333333333,0.2,0.8,0.25,247.36363636363637,0.4166666666666667,0.5454545454545454,-0.6292102202039445,-0.054700000000000006,1.0,4.0,,S3,437.0,True,MTL,MTL,13,-0.0183288770052887
3.0,7.0,7.0,3.0,2.0,2.0,0.0,0.0,1.0,6.0,1.0,0.0,0.0,1.0,1.0,0.0,0.0,0.0,0.0,1.0,1.0,0.0,1.0,0.0,0.0,0.42857142857142855,0.42857142857142855,0.8571428571428571,1.2857142857142856,0.42857142857142855,0.4,,0.14285714285714285,0.14285714285714285,0.0,0.6666666666666666,0.3333333333333333,2.0,191.5,0.42857142857142855,0.8571428571428571,-0.5147279697241015,-0.09019999999999999,2.0,1.0,,S3,439.0,False,NYM,NYM,4,-0.025460712380265132
5.0,12.0,11.0,3.0,1.0,1.0,2.0,0.0,0.0,5.0,3.0,1.0,0.0,4.0,0.0,0.0,0.0,0.0,0.0,0.0,0.0,2.0,2.0,0.0,0.0,0.2727272727272727,0.3333333333333333,0.45454545454545453,0.7878787878787878,0.18181818181818182,0.42857142857142855,,0.0,0.3333333333333333,0.08333333333333333,0.5,0.5,1.0,243.66666666666666,0.3333333333333333,0.45454545454545453,2.158076964159123,-0.2731,2.0,2.0,,S3,441.0,False,LAD,LAD,6,0.2603998414310181
10.0,28.0,22.0,4.0,7.0,2.0,0.0,0.0,2.0,10.0,3.0,6.0,0.0,7.0,1.0,0.0,0.0,0.0,0.0,2.0,2.0,1.0,5.0,1.0,0.0,0.18181818181818182,0.35714285714285715,0.45454545454545453,0.8116883116883117,0.2727272727272727,0.15384615384615385,,0.07142857142857142,0.25,0.21428571428571427,0.45454545454545453,0.5454545454545454,0.8333333333333334,246.14814814814815,0.35714285714285715,0.45454545454545453,-0.9579943397536252,-0.2995,5.0,6.0,,S3,442.0,False,MIL,MIL,11,0.008248904393217548
4.0,9.0,9.0,1.0,0.0,0.0,1.0,0.0,0.0,2.0,1.0,0.0,0.0,2.0,0.0,0.0,0.0,0.0,0.0,1.0,0.0,0.0,3.0,2.0,0.0,0.1111111111111111,0.1111111111111111,0.2222222222222222,0.3333333333333333,0.1111111111111111,0.14285714285714285,,0.0,0.2222222222222222,0.0,0.16666666666666666,0.8333333333333334,0.2,244.88888888888889,0.1111111111111111,0.2222222222222222,-1.4064008174906761,-0.42269999999999996,1.0,5.0,,S3,443.0,False,PIT,PIT,5,-0.10719597298773831
7.0,17.0,14.0,0.0,0.0,0.0,0.0,0.0,0.0,0.0,1.0,3.0,0.0,3.0,0.0,0.0,0.0,0.0,0.0,0.0,4.0,6.0,1.0,0.0,0.0,0.0,0.17647058823529413,0.0,0.17647058823529413,0.0,0.0,,0.0,0.17647058823529413,0.17647058823529413,0.9090909090909091,0.09090909090909091,10.0,340.2352941176471,0.17647058823529413,0.0,-2.117850759709388,-0.24589999999999998,10.0,1.0,,S3,444.0,False,TBD,TBD,8,-0.14861287053287234
1.0,2.0,1.0,0.0,0.0,0.0,0.0,0.0,0.0,0.0,0.0,1.0,0.0,1.0,0.0,0.0,0.0,0.0,0.0,0.0,0.0,0.0,0.0,0.0,0.0,0.0,0.5,0.0,0.5,0.0,,,0.0,0.5,0.5,,,,219.5,0.5,0.0,0.023109424929513095,-0.024300000000000002,0.0,0.0,,S3,445.0,False,TOR,TOR,1,0.0097429666621356
6.0,14.0,12.0,2.0,2.0,1.0,1.0,0.0,0.0,3.0,1.0,2.0,0.0,3.0,0.0,0.0,0.0,0.0,0.0,1.0,2.0,1.0,2.0,1.0,0.0,0.16666666666666666,0.2857142857142857,0.25,0.5357142857142857,0.08333333333333334,0.2222222222222222,,0.0,0.21428571428571427,0.14285714285714285,0.5714285714285714,0.42857142857142855,1.3333333333333333,273.5,0.2857142857142857,0.25,-1.0167500706174728,-0.09269999999999996,4.0,3.0,,S3,446.0,False,TOR,TOR,9,-0.04965083787745724
4.0,7.0,5.0,1.0,1.0,0.0,0.0,1.0,0.0,3.0,0.0,2.0,0.0,2.0,1.0,0.0,0.0,0.0,0.0,0.0,2.0,0.0,0.0,0.0,0.0,0.2,0.42857142857142855,0.6,1.0285714285714285,0.39999999999999997,0.3333333333333333,,0.0,0.2857142857142857,0.2857142857142857,1.0,0.0,,239.33333333333334,0.42857142857142855,0.6,-0.8363203517367264,-0.020600000000000007,2.0,0.0,,S3,447.0,False,SFG,SFG,7,-0.05761995058152762
1.0,3.0,3.0,0.0,0.0,0.0,0.0,0.0,0.0,0.0,0.0,0.0,0.0,3.0,0.0,0.0,0.0,0.0,0.0,0.0,0.0,0.0,0.0,0.0,0.0,0.0,0.0,0.0,0.0,0.0,,,0.0,1.0,0.0,,,,199.66666666666666,0.0,0.0,-0.5098559567710801,-0.127,0.0,0.0,,S3,448.0,False,NYY,NYY,2,-0.03983755942333157
7.0,12.0,11.0,3.0,2.0,2.0,0.0,0.0,1.0,6.0,2.0,1.0,0.0,5.0,1.0,0.0,0.0,0.0,0.0,0.0,0.0,1.0,0.0,2.0,0.0,0.2727272727272727,0.3333333333333333,0.5454545454545454,0.8787878787878787,0.2727272727272727,0.4,,0.08333333333333333,0.4166666666666667,0.08333333333333333,0.3333333333333333,0.6666666666666666,0.5,248.0909090909091,0.3333333333333333,0.5454545454545454,0.9692992943265177,-0.026099999999999977,1.0,2.0,,S3,449.0,False,2TM,ARI,10,0.14152207444775752
3.0,5.0,4.0,2.0,1.0,1.0,0.0,0.0,1.0,5.0,2.0,1.0,0.0,2.0,0.0,0.0,0.0,0.0,0.0,0.0,0.0,0.0,0.0,0.0,0.0,0.5,0.6,1.25,1.85,0.75,1.0,,0.2,0.4,0.2,,,,164.0,0.6,1.25,2.2308267589572197,0.2204,0.0,0.0,,S3,449.0,True,TOR,TOR,4,0.24166273631868268
4.0,7.0,7.0,1.0,1.0,1.0,0.0,0.0,0.0,1.0,0.0,0.0,0.0,3.0,1.0,0.0,0.0,0.0,0.0,0.0,0.0,1.0,0.0,2.0,0.0,0.14285714285714285,0.14285714285714285,0.14285714285714285,0.2857142857142857,0.0,0.25,,0.0,0.42857142857142855,0.0,0.3333333333333333,0.6666666666666666,0.5,318.1666666666667,0.14285714285714285,0.14285714285714285,-1.2615274646307015,-0.24650000000000002,1.0,2.0,,S3,449.0,True,ARI,ARI,10,-0.10014066187092514
1.0,2.0,2.0,0.0,0.0,0.0,0.0,0.0,0.0,0.0,0.0,0.0,0.0,2.0,2.0,0.0,0.0,0.0,0.0,0.0,0.0,0.0,0.0,0.0,0.0,0.0,0.0,0.0,0.0,0.0,,,0.0,1.0,0.0,,,,,0.0,0.0,-0.35793758480325644,-0.044,0.0,0.0,,S3,450.0,False,LAA,LAA,2,-0.028361734311141352
3.0,6.0,4.0,1.0,1.0,1.0,0.0,0.0,0.0,1.0,0.0,2.0,0.0,3.0,2.0,0.0,0.0,0.0,0.0,0.0,0.0,0.0,0.0,0.0,0.0,0.25,0.5,0.25,0.75,0.0,1.0,,0.0,0.5,0.3333333333333333,,,,170.25,0.5,0.25,-0.4420514182889833,0.0127,0.0,0.0,,S3,452.0,False,BOS,BOS,6,-0.02190906932134546
8.0,16.0,15.0,4.0,3.0,1.0,0.0,2.0,1.0,11.0,1.0,1.0,0.0,0.0,0.0,0.0,0.0,0.0,0.0,2.0,3.0,5.0,1.0,0.0,0.0,0.26666666666666666,0.3125,0.7333333333333333,1.0458333333333334,0.4666666666666666,0.21428571428571427,,0.0625,0.0,0.0625,0.9090909090909091,0.09090909090909091,10.0,254.6875,0.3125,0.7333333333333333,-1.0878264872655206,-0.04929999999999998,10.0,1.0,,S3,453.0,False,TBD,TBD,9,-0.04932645537307773
2.0,3.0,3.0,0.0,0.0,0.0,0.0,0.0,0.0,0.0,0.0,0.0,0.0,2.0,2.0,0.0,0.0,0.0,0.0,0.0,0.0,0.0,0.0,1.0,0.0,0.0,0.0,0.0,0.0,0.0,0.0,,0.0,0.6666666666666666,0.0,0.0,1.0,0.0,269.0,0.0,0.0,-0.5557543726277807,-0.0588,0.0,1.0,,S3,454.0,False,PHI,PHI,7,-0.04442740100900163
1.0,1.0,1.0,0.0,0.0,0.0,0.0,0.0,0.0,0.0,0.0,0.0,0.0,1.0,1.0,0.0,0.0,0.0,0.0,0.0,0.0,0.0,0.0,0.0,0.0,0.0,0.0,0.0,0.0,0.0,,,0.0,1.0,0.0,,,,,0.0,0.0,-0.1784260515603799,-0.0106,0.0,0.0,,S3,455.0,False,SDP,SDP,2,-0.014126593071445846
2.0,4.0,4.0,1.0,1.0,0.0,0.0,0.0,1.0,4.0,1.0,0.0,0.0,1.0,0.0,0.0,0.0,0.0,0.0,1.0,0.0,0.0,0.0,1.0,0.0,0.25,0.25,1.0,1.25,0.75,0.0,,0.25,0.25,0.0,0.5,0.5,1.0,300.5,0.25,1.0,0.12536651553761127,-0.128,1.0,1.0,,S3,457.0,False,ARI,ARI,7,0.02740069989212971
1.0,1.0,1.0,0.0,0.0,0.0,0.0,0.0,0.0,0.0,0.0,0.0,0.0,0.0,0.0,0.0,0.0,0.0,0.0,0.0,1.0,0.0,0.0,0.0,0.0,0.0,0.0,0.0,0.0,0.0,0.0,,0.0,0.0,0.0,1.0,0.0,,401.0,0.0,0.0,-0.16927342426955602,-0.0305,1.0,0.0,,S3,458.0,False,OAK,OAK,3,-0.013211330342363456
1.0,2.0,2.0,0.0,0.0,0.0,0.0,0.0,0.0,0.0,0.0,0.0,0.0,1.0,1.0,0.0,0.0,0.0,0.0,0.0,0.0,0.0,1.0,0.0,0.0,0.0,0.0,0.0,0.0,0.0,0.0,,0.0,0.5,0.0,0.0,1.0,0.0,288.0,0.0,0.0,-0.35793758480325644,-0.039599999999999996,0.0,1.0,,S3,459.0,False,SFG,SFG,3,-0.028361734311141352
1.0,1.0,1.0,0.0,0.0,0.0,0.0,0.0,0.0,0.0,0.0,0.0,0.0,1.0,1.0,0.0,0.0,0.0,0.0,0.0,0.0,0.0,0.0,0.0,0.0,0.0,0.0,0.0,0.0,0.0,,,0.0,1.0,0.0,,,,,0.0,0.0,-0.16927342426955602,-0.029500000000000002,0.0,0.0,,S3,460.0,False,SDP,SDP,4,-0.013211330342363456
4.0,8.0,8.0,1.0,0.0,1.0,0.0,0.0,0.0,1.0,0.0,0.0,0.0,0.0,0.0,0.0,0.0,0.0,0.0,0.0,0.0,3.0,3.0,1.0,0.0,0.125,0.125,0.125,0.25,0.0,0.125,,0.0,0.0,0.0,0.42857142857142855,0.5714285714285714,0.75,318.125,0.125,0.125,-1.1502877832146798,-0.16720000000000002,3.0,4.0,SM,S3,461.0,False,MIA,MIA,9,-0.08530068164473081
6.0,14.0,12.0,3.0,1.0,1.0,1.0,1.0,0.0,6.0,1.0,1.0,0.0,4.0,0.0,0.0,0.0,0.0,1.0,0.0,0.0,0.0,4.0,1.0,0.0,0.25,0.2857142857142857,0.5,0.7857142857142857,0.25,0.3333333333333333,,0.0,0.2857142857142857,0.07142857142857142,0.0,1.0,0.0,211.71428571428572,0.2857142857142857,0.5,0.2270185982449766,-0.5502999999999999,0.0,6.0,,S3,462.0,False,MIL,MIL,12,0.07472602900878769
6.0,14.0,13.0,3.0,1.0,2.0,0.0,0.0,1.0,6.0,1.0,1.0,0.0,7.0,0.0,0.0,0.0,0.0,0.0,1.0,0.0,2.0,0.0,0.0,0.0,0.23076923076923078,0.2857142857142857,0.46153846153846156,0.7472527472527473,0.23076923076923078,0.4,,0.07142857142857142,0.5,0.07142857142857142,1.0,0.0,,276.64285714285717,0.2857142857142857,0.46153846153846156,-2.1892703285013537,-0.2637,3.0,0.0,TT,S3,463.0,False,CHC,CHC,14,-0.16690286366584534
1.0,2.0,2.0,0.0,0.0,0.0,0.0,0.0,0.0,0.0,0.0,0.0,0.0,2.0,0.0,0.0,0.0,0.0,0.0,0.0,0.0,0.0,0.0,0.0,0.0,0.0,0.0,0.0,0.0,0.0,,,0.0,1.0,0.0,,,,220.0,0.0,0.0,-0.33854684853911204,-0.04870000000000001,0.0,0.0,,S3,466.0,False,NYY,NYY,8,-0.02642266068472691
12.0,33.0,31.0,7.0,3.0,1.0,2.0,2.0,2.0,19.0,5.0,2.0,0.0,11.0,2.0,0.0,0.0,0.0,0.0,0.0,2.0,4.0,4.0,3.0,0.0,0.22580645161290322,0.2727272727272727,0.6129032258064516,0.8856304985337243,0.3870967741935484,0.2777777777777778,,0.06060606060606061,0.3333333333333333,0.06060606060606061,0.46153846153846156,0.5384615384615384,0.8571428571428571,238.03225806451613,0.2727272727272727,0.6129032258064516,-1.0869230881328067,0.06469999999999997,6.0,7.0,,S3,2503.0,False,NYM,NYM,13,0.013936089978260124
