OBC,Outs,RunExpectancy
0,0,0.6181818181818182
0,1,0.4146341463414634
0,2,0.15384615384615385
1,0,0.2
1,1,0.3076923076923077
1,2,0.2
2,0,2.25
2,1,1.0
2,2,0.5
3,0,2.0
3,1,1.5
3,2,0.6666666666666666
4,0,1.0
4,2,0.0
5,0,2.5
5,1,0.0
6,0,0.0
6,1,0.0
6,2,0.0
7,0,1.0
