OBC,Outs,RunExpectancy
0,0,0.45161290322580644
0,1,0.3888888888888889
0,2,0.1
1,0,0.0
1,1,0.4
1,2,0.16666666666666666
2,0,0.75
2,1,0.5
2,2,0.3333333333333333
3,0,1.5
3,1,0.6666666666666666
3,2,1.0
4,2,0.0
5,1,0.0
6,0,0.0
6,1,0.0
6,2,0.0
