OBC,Outs,RunExpectancy
0,0,0.6551724137931034
0,1,0.41304347826086957
0,2,0.14285714285714285
1,0,0.4
1,1,0.4
1,2,0.2
2,0,2.375
2,1,1.0
2,2,0.5
3,0,2.0
3,1,1.5
3,2,0.6666666666666666
4,0,2.0
4,2,0.0
5,0,2.5
5,1,0.0
5,2,0.0
6,0,0.0
6,1,0.0
6,2,0.0
7,0,1.5
