OBC,Outs,RunExpectancy
0,0,0.819672131147541
0,1,0.2978723404255319
0,2,0.1076923076923077
1,0,2.125
1,1,0.48484848484848486
1,2,0.2857142857142857
2,0,2.5
2,1,0.7647058823529411
2,2,0.44
3,0,1.3333333333333333
3,1,1.2
3,2,0.6
4,0,4.5
4,1,1.5
4,2,0.0
5,0,2.5
5,1,2.0
5,2,1.5
6,0,2.2
6,1,1.25
6,2,0.0
7,0,6.625
7,1,2.0
7,2,4.5
