OBC,Outs,RunExpectancy
0,0,0.47058823529411764
0,1,0.3181818181818182
0,2,0.08333333333333333
1,0,0.0
1,1,0.4
1,2,0.14285714285714285
2,0,1.2
2,1,0.6666666666666666
2,2,0.4
3,0,2.0
3,1,0.6666666666666666
3,2,1.0
4,2,0.0
5,0,1.0
5,1,0.0
6,0,0.0
6,1,0.0
6,2,0.0
