OBC,Outs,RunExpectancy
0,0,0.6666666666666666
0,1,0.4222222222222222
0,2,0.14814814814814814
1,0,0.4
1,1,0.42857142857142855
1,2,0.2
2,0,2.375
2,1,1.0
2,2,0.5
3,0,2.0
3,1,1.5
3,2,0.6666666666666666
4,0,2.0
4,2,0.0
5,0,2.5
5,1,0.0
5,2,0.0
6,0,0.0
6,1,0.0
6,2,0.0
7,0,1.5
