OBC,Outs,RunExpectancy
0,0,0.8387096774193549
0,1,0.3191489361702128
0,2,0.10606060606060606
1,0,2.125
1,1,0.5454545454545454
1,2,0.3448275862068966
2,0,2.625
2,1,0.7222222222222222
2,2,0.5
3,0,1.3333333333333333
3,1,1.3333333333333333
3,2,0.5
4,0,4.5
4,1,1.5
4,2,0.0
5,0,2.5
5,1,2.0
5,2,1.5
6,0,2.2
6,1,1.25
6,2,0.0
7,0,6.625
7,1,2.0
7,2,4.5
