OBC,Outs,RunExpectancy
0,0,0.8253968253968254
0,1,0.3157894736842105
0,2,0.1044776119402985
1,0,2.125
1,1,0.5294117647058824
1,2,0.3225806451612903
2,0,2.625
2,1,0.7222222222222222
2,2,0.5
3,0,1.3333333333333333
3,1,1.3333333333333333
3,2,0.5
4,0,4.5
4,1,1.5
4,2,0.0
5,0,2.5
5,1,2.0
5,2,1.5
6,0,2.2
6,1,1.25
6,2,0.0
7,0,6.625
7,1,2.0
7,2,4.5
