OBC,Outs,RunExpectancy
0,0,0.8048780487804879
0,1,0.3484848484848485
0,2,0.13953488372093023
1,0,1.75
1,1,0.4583333333333333
1,2,0.2222222222222222
2,0,2.727272727272727
2,1,0.8888888888888888
2,2,0.5384615384615384
3,0,2.0
3,1,1.5
3,2,0.6666666666666666
4,0,6.0
4,2,0.0
5,0,2.5
5,1,2.5
5,2,2.5
6,0,2.0
6,1,1.4
6,2,0.0
7,0,9.5
7,2,4.5
