Hitter,Hitter ID,Swing,Pitcher,Pitcher ID,Pitch,Old Result,Diff,Inning,Outs,OBC,Home Score,Away Score,Batter WPA,Pitcher WPA,RBI,Run,Scores,Inning ID,Game ID,Session,Batter Team,Pitcher Team,Exact Result,Result at Neutral,Result All Neutral,PA Type
Brian Zucchini,33,340,Cagney O’verpaid,1743,121,FO,219,T1,0,0,0,0,-2.52%,2.52%,0,0,0,1,1,1,KRB,WSH,FO,FO,FO,1
Roy Hobbs,609,1,Cagney O’verpaid,1743,640,K,361,T1,1,0,0,0,-2.52%,2.52%,0,0,0,1,1,1,KRB,WSH,K,PO,K,1
Ping Pong,530,887,Cagney O’verpaid,1743,570,RGO,317,T1,2,0,0,0,-1.74%,1.74%,0,0,0,1,1,1,KRB,WSH,RGO,RGO,K,1
Joe Pidgeon,301,808,Jin Yang,1695,8,FO,200,B1,0,0,0,0,-2.73%,2.73%,0,0,0,2,1,1,WSH,KRB,FO,FO,FO,1
Yahtzee Pinocchio,815,733,Jin Yang,1695,809,1B,76,B1,1,0,0,0,3.37%,-3.37%,0,0,0,2,1,1,WSH,KRB,1B,1B,1B,1
KC Bats,287,69,Jin Yang,1695,490,PO,421,B1,1,1,0,0,-4.14%,4.14%,0,0,0,2,1,1,WSH,KRB,PO,PO,DP,1
Jeff Dingerhitter,298,12,Jin Yang,1695,613,PO,399,B1,2,1,0,0,-3.29%,3.29%,0,0,0,2,1,1,WSH,KRB,PO,PO,PO,1
Christian Bevan,616,888,Cagney O’verpaid,1743,607,K,281,T2,0,0,0,0,-2.86%,2.86%,0,0,0,3,1,1,KRB,WSH,K,K,FO,1
Tabasco Greensauce,1818,214,Cagney O’verpaid,1743,555,K,341,T2,1,0,0,0,-2.90%,2.90%,0,0,0,3,1,1,KRB,WSH,K,K,K,1
Pierre Bryant,1771,531,Cagney O’verpaid,1743,555,2B,24,T2,2,0,0,0,3.82%,-3.82%,0,0,0,3,1,1,KRB,WSH,2B,2B,HR,1
Moby Dick,1719,610,Cagney O’verpaid,1743,298,K,312,T2,2,2,0,0,-5.35%,5.35%,0,0,0,3,1,1,KRB,WSH,K,K,K,1
Cagney O’verpaid,1743,796,Jin Yang,1695,474,PO,322,B2,0,0,0,0,-2.75%,2.75%,0,0,0,4,1,1,WSH,KRB,PO,PO,K,1
Joel Embiid,285,688,Jin Yang,1695,699,HR,11,B2,1,0,0,0,12.58%,-12.58%,1,1,1,4,1,1,WSH,KRB,HR,HR,HR,1
Angel Leon,234,269,Jin Yang,1695,977,K,292,B2,1,0,1,0,-2.21%,2.21%,0,0,0,4,1,1,WSH,KRB,K,K,K,1
Charlie Bae Jr.,293,232,Jin Yang,1695,203,2B,29,B2,2,0,1,0,3.11%,-3.11%,0,1,1,4,1,1,WSH,KRB,2B,2B,3B,1
Phil Coulson,226,413,Jin Yang,1695,300,1B,113,B2,2,2,1,0,8.79%,-8.79%,1,0,0,4,1,1,WSH,KRB,1B,1B,1B,1
Joe Pidgeon,301,633,Jin Yang,1695,146,LGO,487,B2,2,1,2,0,-2.07%,2.07%,0,0,0,4,1,1,WSH,KRB,LGO,LGO,LGO,1
Thomas Chiggins,16,444,Cagney O’verpaid,1743,147,K,297,T3,0,0,2,0,-3.06%,3.06%,0,0,0,5,1,1,KRB,WSH,K,K,K,1
Francis X. Clampazzo,485,560,Cagney O’verpaid,1743,997,RGO,437,T3,1,0,2,0,-2.82%,2.82%,0,0,0,5,1,1,KRB,WSH,RGO,RGO,RGO,1
Brian Zucchini,33,557,Cagney O’verpaid,1743,998,RGO,441,T3,2,0,2,0,-1.77%,1.77%,0,0,0,5,1,1,KRB,WSH,RGO,RGO,RGO,1
Yahtzee Pinocchio,815,24,Jin Yang,1695,568,RGO,456,B3,0,0,2,0,-1.38%,1.38%,0,0,0,6,1,1,WSH,KRB,RGO,RGO,LGO,1
KC Bats,287,69,Jin Yang,1695,431,PO,362,B3,1,0,2,0,-1.46%,1.46%,0,0,0,6,1,1,WSH,KRB,PO,PO,K,1
Jeff Dingerhitter,298,11,Jin Yang,1695,853,BB,158,B3,2,0,2,0,0.63%,-0.63%,0,0,0,6,1,1,WSH,KRB,BB,FO,BB,1
Cagney O’verpaid,1743,840,Jin Yang,1695,494,PO,346,B3,2,1,2,0,-1.84%,1.84%,0,0,0,6,1,1,WSH,KRB,PO,PO,K,1
Roy Hobbs,609,139,Cagney O’verpaid,1743,123,HR,16,T4,0,0,2,0,11.94%,-11.94%,1,1,1,7,1,1,KRB,WSH,HR,HR,HR,1
Ping Pong,530,11,Cagney O’verpaid,1743,999,HR,12,T4,0,0,2,1,16.50%,-16.50%,1,1,1,7,1,1,KRB,WSH,HR,HR,HR,1
Christian Bevan,616,94,Mitch Kramer,669,113,3B,19,T4,0,0,2,2,16.84%,-16.84%,0,1,1,7,1,1,KRB,WSH,3B,3B,HR,1
Tabasco Greensauce,1818,663,Mitch Kramer,669,666,HR,3,T4,0,3,2,2,11.42%,-11.42%,2,1,1,7,1,1,KRB,WSH,HR,HR,HR,1
Pierre Bryant,1771,438,Mitch Kramer,669,666,FO,228,T4,0,0,2,4,-1.72%,1.72%,0,0,0,7,1,1,KRB,WSH,FO,FO,FO,1
Moby Dick,1719,45,Mitch Kramer,669,1,2B,44,T4,1,0,2,4,3.48%,-3.48%,0,1,1,7,1,1,KRB,WSH,2B,2B,2B,1
Thomas Chiggins,16,875,Mitch Kramer,669,851,3B,24,T4,1,2,2,4,10.19%,-10.19%,1,1,1,7,1,1,KRB,WSH,3B,3B,HR,1
Francis X. Clampazzo,485,5,Mitch Kramer,669,1,HR,4,T4,1,3,2,5,4.57%,-4.57%,2,1,1,7,1,1,KRB,WSH,HR,HR,HR,1
Brian Zucchini,33,418,Mitch Kramer,669,500,1B,82,T4,1,0,2,7,0.78%,-0.78%,0,0,0,7,1,1,KRB,WSH,1B,1B,1B,1
Roy Hobbs,609,210,Mitch Kramer,669,500,K,290,T4,1,1,2,7,-0.83%,0.83%,0,0,0,7,1,1,KRB,WSH,K,K,K,1
Ping Pong,530,500,Mitch Kramer,669,11,LGO,489,T4,2,1,2,7,-0.62%,0.62%,0,0,0,7,1,1,KRB,WSH,LGO,LGO,LGO,1
Joel Embiid,285,500,Jin Yang,1695,807,PO,307,B4,0,0,2,7,-1.68%,1.68%,0,0,0,8,1,1,WSH,KRB,PO,PO,K,1
Angel Leon,234,600,Jin Yang,1695,478,1B,122,B4,1,0,2,7,1.92%,-1.92%,0,1,1,8,1,1,WSH,KRB,1B,BB,1B,1
Charlie Bae Jr.,293,623,Jin Yang,1695,687,2B,64,B4,1,1,2,7,5.09%,-5.09%,0,0,0,8,1,1,WSH,KRB,2B,2B,2B,1
Phil Coulson,226,205,Jin Yang,1695,123,1B,82,B4,1,6,2,7,6.47%,-6.47%,1,0,0,8,1,1,WSH,KRB,1B,1B,1B,1
Joe Pidgeon,301,899,Jin Yang,1695,45,BB,146,B4,1,5,3,7,7.25%,-7.25%,0,0,0,8,1,1,WSH,KRB,BB,BB,BB,1
Mitch Kramer,669,478,Jin Yang,1695,119,PO,359,B4,1,7,3,7,-10.20%,10.20%,0,0,0,8,1,1,WSH,KRB,PO,PO,K,1
KC Bats,287,738,Jin Yang,1695,276,RGO,462,B4,2,7,3,7,-9.62%,9.62%,0,0,0,8,1,1,WSH,KRB,RGO,LGO,LGO,1
Christian Bevan,616,999,Mitch Kramer,669,738,K,261,T5,0,0,3,7,-0.35%,0.35%,0,0,0,9,1,1,KRB,WSH,K,K,FO,1
Tabasco Greensauce,1818,10,Mitch Kramer,669,959,2B,51,T5,1,0,3,7,0.98%,-0.98%,0,1,1,9,1,1,KRB,WSH,2B,2B,2B,1
Pierre Bryant,1771,959,Mitch Kramer,669,785,BB,174,T5,1,2,3,7,0.07%,-0.07%,0,0,0,9,1,1,KRB,WSH,BB,BB,BB,1
Moby Dick,1719,500,Mitch Kramer,669,462,2B,38,T5,1,4,3,7,2.79%,-2.79%,1,0,0,9,1,1,KRB,WSH,2B,2B,2B,1
Thomas Chiggins,16,989,Mitch Kramer,669,699,K,290,T5,1,6,3,8,-2.07%,2.07%,0,0,0,9,1,1,KRB,WSH,K,K,K,1
Francis X. Clampazzo,485,508,Mitch Kramer,669,275,FO,233,T5,2,6,3,8,0.14%,-0.14%,0,0,0,9,1,1,KRB,WSH,FO,FO,FO,1
Jeff Dingerhitter,298,238,Tabasco Greensauce,1818,821,RGO,417,B5,0,0,3,8,-1.35%,1.35%,0,0,0,10,1,1,WSH,KRB,RGO,RGO,RGO,1
Cagney O’verpaid,1743,,Tabasco Greensauce,1818,,Auto K,,B5,1,0,3,8,-0.81%,0.81%,0,0,0,10,1,1,WSH,KRB,Auto K,Auto K,Auto K,9
Joel Embiid,285,121,Tabasco Greensauce,1818,56,2B,65,B5,2,0,3,8,0.42%,-0.42%,0,0,0,10,1,1,WSH,KRB,2B,2B,1B,1
Angel Leon,234,666,Tabasco Greensauce,1818,390,FO,276,B5,2,2,3,8,-0.80%,0.80%,0,0,0,10,1,1,WSH,KRB,FO,K,FO,1
Brian Zucchini,33,683,Mitch Kramer,669,708,2B,25,T6,0,0,3,8,0.59%,-0.59%,0,0,0,11,1,1,KRB,WSH,2B,2B,3B,1
Roy Hobbs,609,1000,Mitch Kramer,669,479,LGO,479,T6,0,2,3,8,-0.39%,0.39%,0,0,0,11,1,1,KRB,WSH,LGO,LGO,LGO,1
Ping Pong,530,11,Mitch Kramer,669,299,PO,288,T6,1,2,3,8,-0.36%,0.36%,0,0,0,11,1,1,KRB,WSH,PO,PO,K,1
Christian Bevan,616,666,Mitch Kramer,669,351,K,315,T6,2,2,3,8,-0.12%,0.12%,0,0,0,11,1,1,KRB,WSH,K,K,K,1
Charlie Bae Jr.,293,567,Tabasco Greensauce,1818,187,K,380,B6,0,0,3,8,-0.68%,0.68%,0,0,0,12,1,1,WSH,KRB,K,PO,PO,1
Phil Coulson,226,627,Tabasco Greensauce,1818,903,FO,276,B6,1,0,3,8,-0.50%,0.50%,0,0,0,12,1,1,WSH,KRB,FO,FO,FO,1
Joe Pidgeon,301,208,Tabasco Greensauce,1818,725,LGO,483,B6,2,0,3,8,-0.08%,0.08%,0,0,0,12,1,1,WSH,KRB,LGO,LGO,LGO,1
Luther Strangelove III,741,,Nick Willis Jr.,1841,,Auto K,,T1,0,0,0,0,-2.52%,2.52%,0,0,0,13,2,1,CHI,RKT,Auto K,Auto K,Auto K,9
Indy Sayne,151,933,Nick Willis Jr.,1841,423,LGO,490,T1,1,0,0,0,-2.52%,2.52%,0,0,0,13,2,1,CHI,RKT,LGO,LGO,LGO,1
Monica M. Clinton,1774,777,Nick Willis Jr.,1841,273,LGO,496,T1,2,0,0,0,-1.74%,1.74%,0,0,0,13,2,1,CHI,RKT,LGO,LGO,LGO,1
Cali Guerensk,1729,666,Blackbean Burrito,516,905,K,239,B1,0,0,0,0,-2.73%,2.73%,0,0,0,14,2,1,RKT,CHI,K,K,FO,1
DeVon Pepper,1701,717,Blackbean Burrito,516,758,2B,41,B1,1,0,0,0,5.40%,-5.40%,0,0,0,14,2,1,RKT,CHI,2B,2B,2B,1
Nick Dudley,689,869,Blackbean Burrito,516,465,RGO,404,B1,1,2,0,0,-4.12%,4.12%,0,0,0,14,2,1,RKT,CHI,RGO,RGO,RGO,1
Corey Scooter,1717,333,Blackbean Burrito,516,959,RGO,374,B1,2,3,0,0,-5.34%,5.34%,0,0,0,14,2,1,RKT,CHI,RGO,RGO,K,1
Nikki Falke,155,7,Nick Willis Jr.,1841,111,1B,104,T2,0,0,0,0,4.19%,-4.19%,0,0,0,15,2,1,CHI,RKT,1B,1B,1B,1
Leonard Boyfriend,67,899,Nick Willis Jr.,1841,403,DP,496,T2,0,1,0,0,-9.95%,9.95%,0,0,0,15,2,1,CHI,RKT,LGO,LGO,DP,1
Valeria Lisova,183,200,Nick Willis Jr.,1841,577,PO,377,T2,2,0,0,0,-1.53%,1.53%,0,0,0,15,2,1,CHI,RKT,PO,PO,K,1
Jake Wexler,399,812,Blackbean Burrito,516,514,PO,298,B2,0,0,0,0,-2.75%,2.75%,0,0,0,16,2,1,RKT,CHI,PO,PO,K,1
Randy Pole,714,12,Blackbean Burrito,516,394,RGO,382,B2,1,0,0,0,-2.68%,2.68%,0,0,0,16,2,1,RKT,CHI,RGO,RGO,PO,1
Coleman Waters,152,123,Blackbean Burrito,516,666,LGO,457,B2,2,0,0,0,-1.88%,1.88%,0,0,0,16,2,1,RKT,CHI,LGO,LGO,LGO,1
Johnny Hustle,513,902,Nick Willis Jr.,1841,668,FO,234,T3,0,0,0,0,-3.25%,3.25%,0,0,0,17,2,1,CHI,RKT,FO,FO,FO,1
Oxleohl Driver,1943,400,Nick Willis Jr.,1841,832,RGO,432,T3,1,0,0,0,-3.05%,3.05%,0,0,0,17,2,1,CHI,RKT,RGO,RGO,RGO,1
Michael Ikenberry,63,222,Nick Willis Jr.,1841,832,K,390,T3,2,0,0,0,-2.06%,2.06%,0,0,0,17,2,1,CHI,RKT,K,K,PO,1
Peter Peckershine,389,799,JZ,788,473,PO,326,B3,0,0,0,0,-3.32%,3.32%,0,0,0,18,2,1,RKT,CHI,PO,PO,K,1
Dr. Tuna Altuna,533,689,JZ,788,218,LGO,471,B3,1,0,0,0,-2.80%,2.80%,0,0,0,18,2,1,RKT,CHI,LGO,LGO,LGO,1
Cali Guerensk,1729,777,JZ,788,948,FO,171,B3,2,0,0,0,-2.32%,2.32%,0,0,0,18,2,1,RKT,CHI,FO,FO,BB,1
Velvet Scarlatina,59,200,Nick Willis Jr.,1841,754,LGO,446,T4,0,0,0,0,-3.87%,3.87%,0,0,0,19,2,1,CHI,RKT,LGO,LGO,RGO,1
Indy Sayne,151,889,Nick Willis Jr.,1841,224,K,335,T4,1,0,0,0,-3.68%,3.68%,0,0,0,19,2,1,CHI,RKT,K,K,K,1
Monica M. Clinton,1774,980,Nick Willis Jr.,1841,369,PO,389,T4,2,0,0,0,-2.53%,2.53%,0,0,0,19,2,1,CHI,RKT,PO,PO,PO,1
DeVon Pepper,1701,758,JZ,788,116,PO,358,B4,0,0,0,0,-3.93%,3.93%,0,0,0,20,2,1,RKT,CHI,PO,PO,K,1
Nick Dudley,689,370,JZ,788,415,2B,45,B4,1,0,0,0,7.74%,-7.74%,0,1,1,20,2,1,RKT,CHI,2B,2B,2B,1
Corey Scooter,1717,973,JZ,788,982,HR,9,B4,1,2,0,0,21.49%,-21.49%,2,1,1,20,2,1,RKT,CHI,HR,HR,HR,1
Jake Wexler,399,503,JZ,788,60,RGO,443,B4,1,0,2,0,-1.11%,1.11%,0,0,0,20,2,1,RKT,CHI,RGO,RGO,RGO,1
Randy Pole,714,,JZ,788,,Auto K,,B4,2,0,2,0,-0.64%,0.64%,0,0,0,20,2,1,RKT,CHI,Auto K,Auto K,Auto K,9
Nikki Falke,155,432,Nick Willis Jr.,1841,763,K,331,T5,0,0,2,0,-3.62%,3.62%,0,0,0,21,2,1,CHI,RKT,K,K,K,1
Leonard Boyfriend,67,269,Nick Willis Jr.,1841,223,1B,46,T5,1,0,2,0,5.25%,-5.25%,0,0,0,21,2,1,CHI,RKT,1B,1B,2B,1
Valeria Lisova,183,666,Nick Willis Jr.,1841,557,1B,109,T5,1,1,2,0,8.18%,-8.18%,0,0,0,21,2,1,CHI,RKT,1B,BB,1B,1
Johnny Hustle,513,852,Nick Willis Jr.,1841,557,K,295,T5,1,4,2,0,-9.56%,9.56%,0,0,0,21,2,1,CHI,RKT,K,K,K,1
Oxleohl Driver,1943,27,Nick Willis Jr.,1841,779,FO,248,T5,2,4,2,0,-9.18%,9.18%,0,0,0,21,2,1,CHI,RKT,FO,FO,FO,1
Coleman Waters,152,69,Declan Decanter,1962,877,FO,192,B5,0,0,2,0,-0.63%,0.63%,0,0,0,22,2,1,RKT,CHI,FO,FO,FO,1
Peter Peckershine,389,344,Declan Decanter,1962,321,HR,23,B5,1,0,2,0,4.30%,-4.30%,1,1,1,22,2,1,RKT,CHI,HR,3B,HR,1
Dr. Tuna Altuna,533,666,Declan Decanter,1962,550,1B,116,B5,1,0,3,0,0.37%,-0.37%,0,0,0,22,2,1,RKT,CHI,1B,1B,1B,1
Cali Guerensk,1729,880,Declan Decanter,1962,550,PO,330,B5,1,1,3,0,-0.55%,0.55%,0,0,0,22,2,1,RKT,CHI,PO,PO,K,1
DeVon Pepper,1701,750,Declan Decanter,1962,199,RGO,449,B5,2,1,3,0,-0.56%,0.56%,0,0,0,22,2,1,RKT,CHI,RGO,RGO,RGO,1
Michael Ikenberry,63,666,Nick Willis Jr.,1841,444,FO,222,T6,0,0,3,0,-2.36%,2.36%,0,0,0,23,2,1,CHI,RKT,FO,FO,FO,1
Miroslav,71,69,Nick Willis Jr.,1841,420,K,351,T6,1,0,3,0,-1.65%,1.65%,0,0,0,23,2,1,CHI,RKT,K,K,K,1
Indy Sayne,151,168,Nick Willis Jr.,1841,833,K,335,T6,2,0,3,0,-0.54%,0.54%,0,0,0,23,2,1,CHI,RKT,K,K,K,1
Jeremy Nakamoto,1787,155,Harry McPotterson,1703,12,1B,143,T1,0,0,0,0,3.67%,-3.67%,0,1,1,24,3,1,WWC,PPP,1B,1B,BB,1
Skippy Schumaker,1843,314,Harry McPotterson,1703,299,HR,15,T1,0,1,0,0,17.02%,-17.02%,2,1,1,24,3,1,WWC,PPP,HR,HR,HR,1
Guido Ligiorno,1830,850,Harry McPotterson,1703,175,K,325,T1,0,0,0,2,-2.27%,2.27%,0,0,0,24,3,1,WWC,PPP,K,K,K,1
Hubert Farnsworth,1815,850,Harry McPotterson,1703,900,2B,50,T1,1,0,0,2,2.57%,-2.57%,0,1,1,24,3,1,WWC,PPP,2B,2B,2B,1
Alex Peters,187,744,Harry McPotterson,1703,977,FO,233,T1,1,2,0,2,-2.54%,2.54%,0,0,0,24,3,1,WWC,PPP,FO,FO,FO,1
Ferret McGivins,1706,555,Harry McPotterson,1703,687,BB,132,T1,2,2,0,2,1.55%,-1.55%,0,1,1,24,3,1,WWC,PPP,BB,BB,1B,1
Benjamin Abenduct,217,464,Harry McPotterson,1703,402,1B,62,T1,2,4,0,2,8.05%,-8.05%,1,0,0,24,3,1,WWC,PPP,1B,1B,2B,1
Johnny Hendrix,600,482,Harry McPotterson,1703,398,1B,84,T1,2,5,0,3,6.05%,-6.05%,1,0,0,24,3,1,WWC,PPP,1B,1B,1B,1
J.J. Guemes,207,269,Harry McPotterson,1703,982,FO,287,T1,2,5,0,4,-2.59%,2.59%,0,0,0,24,3,1,WWC,PPP,FO,K,K,1
Nelson Van Halen,649,294,Ed Turner,373,732,RGO,438,B1,0,0,0,4,-2.35%,2.35%,0,0,0,25,3,1,PPP,WWC,RGO,RGO,RGO,1
Deku Matsui,570,908,Ed Turner,373,451,LGO,457,B1,1,0,0,4,-2.10%,2.10%,0,0,0,25,3,1,PPP,WWC,LGO,LGO,LGO,1
Larry Longshot,32,563,Ed Turner,373,968,PO,405,B1,2,0,0,4,-0.66%,0.66%,0,0,0,25,3,1,PPP,WWC,PO,PO,RGO,1
Jeremy Nakamoto,1787,210,Harry McPotterson,1703,500,K,290,T2,0,0,0,4,-1.12%,1.12%,0,0,0,26,3,1,WWC,PPP,K,K,K,1
Skippy Schumaker,1843,387,Harry McPotterson,1703,627,FO,240,T2,1,0,0,4,-0.33%,0.33%,0,0,0,26,3,1,WWC,PPP,FO,FO,FO,1
Guido Ligiorno,1830,168,Harry McPotterson,1703,205,2B,37,T2,2,0,0,4,0.82%,-0.82%,0,1,1,26,3,1,WWC,PPP,2B,2B,2B,1
Hubert Farnsworth,1815,845,Harry McPotterson,1703,770,2B,75,T2,2,2,0,4,4.89%,-4.89%,1,1,1,26,3,1,WWC,PPP,2B,2B,1B,1
Alex Peters,187,456,Harry McPotterson,1703,590,BB,134,T2,2,2,0,5,0.27%,-0.27%,0,1,1,26,3,1,WWC,PPP,BB,BB,1B,1
Ferret McGivins,1706,880,Harry McPotterson,1703,903,HR,23,T2,2,4,0,5,2.88%,-2.88%,3,1,1,26,3,1,WWC,PPP,HR,HR,HR,1
Benjamin Abenduct,217,464,Harry McPotterson,1703,833,PO,369,T2,2,0,0,8,-0.58%,0.58%,0,0,0,26,3,1,WWC,PPP,PO,PO,K,1
Cam Caminiti,1768,238,Ed Turner,373,842,K,396,B2,0,0,0,8,-1.43%,1.43%,0,0,0,27,3,1,PPP,WWC,K,K,PO,1
Kris Pcock,1957,550,Ed Turner,373,533,HR,17,B2,1,0,0,8,0.00%,0.00%,1,1,1,27,3,1,PPP,WWC,HR,HR,HR,1
Holden Summers,10,111,Ed Turner,373,679,RGO,432,B2,1,0,1,8,-0.83%,0.83%,0,0,0,27,3,1,PPP,WWC,RGO,LGO,RGO,1
Poop McGee,596,888,Ed Turner,373,31,BB,143,B2,2,0,1,8,0.95%,-0.95%,0,0,0,27,3,1,PPP,WWC,BB,BB,BB,1
Juni Panda,488,131,Ed Turner,373,740,PO,391,B2,2,1,1,8,-1.52%,1.52%,0,0,0,27,3,1,PPP,WWC,PO,PO,PO,1
Johnny Hendrix,600,169,Steven Seagal,1687,850,K,319,T3,0,0,1,8,-0.47%,0.47%,0,0,0,28,3,1,WWC,PPP,K,K,K,1
J.J. Guemes,207,269,Steven Seagal,1687,850,RGO,419,T3,1,0,1,8,-0.51%,0.51%,0,0,0,28,3,1,WWC,PPP,RGO,RGO,RGO,1
Jeremy Nakamoto,1787,850,Steven Seagal,1687,580,FO,270,T3,2,0,1,8,-0.46%,0.46%,0,0,0,28,3,1,WWC,PPP,FO,FO,FO,1
Lefty Louis,166,855,Ed Turner,373,17,BB,162,B3,0,0,1,8,2.13%,-2.13%,0,0,0,29,3,1,PPP,WWC,BB,BB,BB,1
Nelson Van Halen,649,777,Ed Turner,373,305,DP,472,B3,0,1,1,8,-4.40%,4.40%,0,0,0,29,3,1,PPP,WWC,LGO,LGO,DP,1
Deku Matsui,570,917,Ed Turner,373,763,BB,154,B3,2,0,1,8,0.59%,-0.59%,0,0,0,29,3,1,PPP,WWC,BB,BB,BB,1
Larry Longshot,32,235,Ed Turner,373,522,K,287,B3,2,1,1,8,-0.70%,0.70%,0,0,0,29,3,1,PPP,WWC,K,K,K,1
Skippy Schumaker,1843,420,Steven Seagal,1687,508,1B,88,T4,0,0,1,8,0.57%,-0.57%,0,0,0,30,3,1,WWC,PPP,1B,1B,1B,1
Guido Ligiorno,1830,925,Steven Seagal,1687,85,BB,160,T4,0,1,1,8,0.43%,-0.43%,0,0,0,30,3,1,WWC,PPP,BB,FO,BB,1
Hubert Farnsworth,1815,775,Steven Seagal,1687,85,K,310,T4,0,4,1,8,-0.74%,0.74%,0,0,0,30,3,1,WWC,PPP,K,K,K,1
Alex Peters,187,544,Steven Seagal,1687,420,BB,124,T4,1,4,1,8,1.37%,-1.37%,0,0,0,30,3,1,WWC,PPP,BB,BB,1B,1
Ferret McGivins,1706,666,Steven Seagal,1687,269,DP,397,T4,1,7,1,8,-2.02%,2.02%,0,0,0,30,3,1,WWC,PPP,RGO,RGO,PO,1
Cam Caminiti,1768,777,Ed Turner,373,416,K,361,B4,0,0,1,8,-0.78%,0.78%,0,0,0,31,3,1,PPP,WWC,K,K,K,1
Kris Pcock,1957,680,Ed Turner,373,830,1B,150,B4,1,0,1,8,1.15%,-1.15%,0,1,1,31,3,1,PPP,WWC,1B,1B,BB,1
Holden Summers,10,101,Ed Turner,373,58,2B,43,B4,1,1,1,8,4.71%,-4.71%,0,1,1,31,3,1,PPP,WWC,2B,2B,2B,1
Poop McGee,596,288,Ed Turner,373,494,Sac,206,B4,1,6,1,8,-5.75%,5.75%,1,0,0,31,3,1,PPP,WWC,FO,FO,Sac,1
Juni Panda,488,643,Guido Ligiorno,1830,717,1B,74,B4,2,2,2,8,1.43%,-1.43%,1,0,0,31,3,1,PPP,WWC,1B,1B,1B,1
Lefty Louis,166,699,Guido Ligiorno,1830,414,K,285,B4,2,1,3,8,-1.47%,1.47%,0,0,0,31,3,1,PPP,WWC,K,K,K,1
Benjamin Abenduct,217,,Steven Seagal,1687,,Auto K,,T5,0,0,3,8,-0.39%,0.39%,0,0,0,32,3,1,WWC,PPP,Auto K,Auto K,Auto K,9
Johnny Hendrix,600,669,Steven Seagal,1687,464,FO,205,T5,1,0,3,8,-0.15%,0.15%,0,0,0,32,3,1,WWC,PPP,FO,FO,FO,1
J.J. Guemes,207,69,Steven Seagal,1687,669,RGO,400,T5,2,0,3,8,-0.45%,0.45%,0,0,0,32,3,1,WWC,PPP,RGO,RGO,RGO,1
Nelson Van Halen,649,94,Guido Ligiorno,1830,616,LGO,478,B5,0,0,3,8,-1.35%,1.35%,0,0,0,33,3,1,PPP,WWC,LGO,LGO,LGO,1
Deku Matsui,570,21,Guido Ligiorno,1830,680,K,341,B5,1,0,3,8,-0.81%,0.81%,0,0,0,33,3,1,PPP,WWC,K,K,K,1
Larry Longshot,32,364,Guido Ligiorno,1830,575,K,211,B5,2,0,3,8,-0.38%,0.38%,0,0,0,33,3,1,PPP,WWC,K,K,FO,1
Jeremy Nakamoto,1787,422,Steven Seagal,1687,850,RGO,428,T6,0,0,3,8,-0.16%,0.16%,0,0,0,34,3,1,WWC,PPP,RGO,RGO,RGO,1
Skippy Schumaker,1843,716,Steven Seagal,1687,262,LGO,454,T6,1,0,3,8,0.01%,-0.01%,0,0,0,34,3,1,WWC,PPP,LGO,LGO,LGO,1
Henryk Szydlowski,1720,420,Steven Seagal,1687,350,1B,70,T6,2,0,3,8,0.03%,-0.03%,0,0,0,34,3,1,WWC,PPP,1B,1B,1B,1
Hubert Farnsworth,1815,612,Steven Seagal,1687,420,FO,192,T6,2,1,3,8,-0.16%,0.16%,0,0,0,34,3,1,WWC,PPP,FO,FO,FO,1
Cam Caminiti,1768,622,Guido Ligiorno,1830,350,K,272,B6,0,0,3,8,-0.68%,0.68%,0,0,0,35,3,1,PPP,WWC,K,K,FO,1
Kris Pcock,1957,420,Guido Ligiorno,1830,828,PO,408,B6,1,0,3,8,-0.50%,0.50%,0,0,0,35,3,1,PPP,WWC,PO,PO,RGO,1
Holden Summers,10,704,Guido Ligiorno,1830,269,RGO,435,B6,2,0,3,8,-0.08%,0.08%,0,0,0,35,3,1,PPP,WWC,RGO,RGO,RGO,1
Nicholas Fouss,1776,927,Tristan Leung,1692,125,FO,198,T1,0,0,0,0,-2.52%,2.52%,0,0,0,36,4,1,TSA,YUM,FO,FO,FO,1
Donnie Draper,138,379,Tristan Leung,1692,420,2B,41,T1,1,0,0,0,4.48%,-4.48%,0,0,0,36,4,1,TSA,YUM,2B,3B,2B,1
Slapshot Brady,141,121,Tristan Leung,1692,379,K,258,T1,1,2,0,0,-4.16%,4.16%,0,0,0,36,4,1,TSA,YUM,K,K,FO,1
Lloyd Gross,135,888,Tristan Leung,1692,778,BB,110,T1,2,2,0,0,1.94%,-1.94%,0,0,0,36,4,1,TSA,YUM,BB,BB,1B,1
Ethan Franklin,128,749,Tristan Leung,1692,69,K,320,T1,2,4,0,0,-6.52%,6.52%,0,0,0,36,4,1,TSA,YUM,K,K,K,1
Thaddeus Gomorrah,41,19,Mongy Whumpus,130,500,LGO,481,B1,0,0,0,0,-2.73%,2.73%,0,0,0,37,4,1,YUM,TSA,LGO,LGO,LGO,1
Derek Tombides,580,481,Mongy Whumpus,130,1000,LGO,481,B1,1,0,0,0,-2.27%,2.27%,0,0,0,37,4,1,YUM,TSA,LGO,LGO,LGO,1
Blandon Brade,50,429,Mongy Whumpus,130,831,RGO,402,B1,2,0,0,0,-1.79%,1.79%,0,0,0,37,4,1,YUM,TSA,RGO,RGO,RGO,1
Batter Buckland,137,177,Tristan Leung,1692,746,PO,431,T2,0,0,0,0,-2.86%,2.86%,0,0,0,38,4,1,TSA,YUM,PO,PO,RGO,1
Fernando Cruz,176,933,Tristan Leung,1692,501,RGO,432,T2,1,0,0,0,-2.90%,2.90%,0,0,0,38,4,1,TSA,YUM,RGO,RGO,RGO,1
Hayden McCloud,129,739,Tristan Leung,1692,600,FO,139,T2,2,0,0,0,-1.53%,1.53%,0,0,0,38,4,1,TSA,YUM,FO,FO,BB,1
Vigolashi Dongeroso,159,750,Mongy Whumpus,130,388,PO,362,B2,0,0,0,0,-2.75%,2.75%,0,0,0,39,4,1,YUM,TSA,PO,PO,K,1
Chris Yukine,335,,Mongy Whumpus,130,,Auto K,,B2,1,0,0,0,-2.68%,2.68%,0,0,0,39,4,1,YUM,TSA,Auto K,Auto K,Auto K,9
Duke McCracken,417,69,Mongy Whumpus,130,352,K,283,B2,2,0,0,0,-1.88%,1.88%,0,0,0,39,4,1,YUM,TSA,K,FO,FO,1
Zander Ackley,127,68,Tristan Leung,1692,600,RGO,468,T3,0,0,0,0,-3.25%,3.25%,0,0,0,40,4,1,TSA,YUM,RGO,RGO,LGO,1
Nicholas Fouss,1776,522,Tristan Leung,1692,501,3B,21,T3,1,0,0,0,12.53%,-12.53%,0,1,1,40,4,1,TSA,YUM,3B,HR,HR,1
Donnie Draper,138,179,Tristan Leung,1692,818,K,361,T3,1,3,0,0,-13.04%,13.04%,0,0,0,40,4,1,TSA,YUM,K,K,K,1
Slapshot Brady,141,960,Tristan Leung,1692,960,HR,0,T3,2,3,0,0,24.58%,-24.58%,2,1,1,40,4,1,TSA,YUM,HR,HR,HR,1
Lloyd Gross,135,515,Tristan Leung,1692,220,K,295,T3,2,0,0,2,-1.37%,1.37%,0,0,0,40,4,1,TSA,YUM,K,K,K,1
P'quilla Porgsby,599,686,Mongy Whumpus,130,711,3B,25,B3,0,0,0,2,14.28%,-14.28%,0,1,1,41,4,1,YUM,TSA,3B,3B,3B,1
Dixie Wrecked,422,123,Mongy Whumpus,130,918,Sac,205,B3,0,3,0,2,-5.59%,5.59%,1,0,0,41,4,1,YUM,TSA,FO,FO,Sac,1
Paxton Paige,1952,57,Mongy Whumpus,130,678,PO,379,B3,1,0,1,2,-3.30%,3.30%,0,0,0,41,4,1,YUM,TSA,PO,PO,PO,1
Thaddeus Gomorrah,41,215,Mongy Whumpus,130,419,FO,204,B3,2,0,1,2,-2.28%,2.28%,0,0,0,41,4,1,YUM,TSA,FO,FO,FO,1
Ethan Franklin,128,459,Big Nutty,196,383,1B,76,T4,0,0,1,2,3.74%,-3.74%,0,0,0,42,4,1,TSA,YUM,1B,1B,1B,1
Batter Buckland,137,299,Big Nutty,196,695,PO,396,T4,0,1,1,2,-3.35%,3.35%,0,0,0,42,4,1,TSA,YUM,PO,PO,PO,1
Fernando Cruz,176,289,Big Nutty,196,576,K,287,T4,1,1,1,2,-3.69%,3.69%,0,0,0,42,4,1,TSA,YUM,K,K,K,1
Hayden McCloud,129,879,Big Nutty,196,312,RGO,433,T4,2,1,1,2,-3.86%,3.86%,0,0,0,42,4,1,TSA,YUM,RGO,RGO,RGO,1
Derek Tombides,580,666,Mongy Whumpus,130,577,1B,89,B4,0,0,1,2,6.37%,-6.37%,0,0,0,43,4,1,YUM,TSA,1B,1B,1B,1
Blandon Brade,50,504,Mongy Whumpus,130,88,DP,416,B4,0,1,1,2,-15.34%,15.34%,0,0,0,43,4,1,YUM,TSA,RGO,RGO,DP,1
Vigolashi Dongeroso,159,973,Mongy Whumpus,130,111,FO,138,B4,2,0,1,2,-3.35%,3.35%,0,0,0,43,4,1,YUM,TSA,FO,BB,BB,1
Zander Ackley,127,1,Big Nutty,196,50,2B,49,T5,0,0,1,2,7.17%,-7.17%,0,0,0,44,4,1,TSA,YUM,2B,2B,2B,1
Nicholas Fouss,1776,364,Big Nutty,196,897,RGO,467,T5,0,2,1,2,1.05%,-1.05%,0,0,0,44,4,1,TSA,YUM,RGO,RGO,LGO,1
Zander Ackley,127,868,Big Nutty,196,23,CS,155,T5,1,3,1,2,-13.78%,13.78%,0,0,0,44,4,1,TSA,YUM,CS Home,CS Home,CS,4
Donnie Draper,138,287,Big Nutty,196,734,RGO,447,T5,2,0,1,2,-1.72%,1.72%,0,0,0,44,4,1,TSA,YUM,RGO,PO,RGO,1
Chris Yukine,335,910,Mongy Whumpus,130,410,LGO,500,B5,0,0,1,2,-6.28%,6.28%,0,0,0,45,4,1,YUM,TSA,LGO,LGO,LGO,1
Duke McCracken,417,69,Mongy Whumpus,130,700,PO,369,B5,1,0,1,2,-5.99%,5.99%,0,0,0,45,4,1,YUM,TSA,PO,PO,K,1
P'quilla Porgsby,599,829,Mongy Whumpus,130,283,LGO,454,B5,2,0,1,2,-4.18%,4.18%,0,0,0,45,4,1,YUM,TSA,LGO,LGO,LGO,1
Slapshot Brady,141,875,Big Nutty,196,784,1B,91,T6,0,0,1,2,2.70%,-2.70%,0,0,0,46,4,1,TSA,YUM,1B,1B,1B,1
Lloyd Gross,135,869,Big Nutty,196,674,K,195,T6,0,1,1,2,-2.51%,2.51%,0,0,0,46,4,1,TSA,YUM,K,FO,FO,1
Ethan Franklin,128,205,Big Nutty,196,532,PO,327,T6,1,1,1,2,-2.97%,2.97%,0,0,0,46,4,1,TSA,YUM,PO,PO,K,1
Batter Buckland,137,772,Big Nutty,196,496,PO,276,T6,2,1,1,2,-3.09%,3.09%,0,0,0,46,4,1,TSA,YUM,PO,K,FO,1
Dixie Wrecked,422,233,Mongy Whumpus,130,192,2B,41,B6,0,0,1,2,24.36%,-24.36%,0,1,1,47,4,1,YUM,TSA,2B,2B,2B,1
Paxton Paige,1952,721,Mongy Whumpus,130,663,2B,58,B6,0,2,1,2,33.68%,-33.68%,1,1,1,47,4,1,YUM,TSA,2B,2B,2B,1
Thaddeus Gomorrah,41,,Mongy Whumpus,130,,IBB,,B6,0,2,2,2,5.59%,-5.59%,0,0,0,47,4,1,YUM,TSA,IBB,IBB,IBB,8
Derek Tombides,580,876,Mongy Whumpus,130,988,1B,112,B6,0,4,2,2,9.22%,-9.22%,0,0,0,47,4,1,YUM,TSA,1B,1B,1B,1
Blandon Brade,50,455,Mongy Whumpus,130,69,DP,386,B6,0,7,2,2,1.91%,-1.91%,0,0,0,47,4,1,YUM,TSA,RGO,RGO,PO,1
Zack Mouse,1721,621,Layzer Gunn,259,236,RGO,385,T1,0,0,0,0,-2.52%,2.52%,0,0,0,48,5,1,GBC,SPR,RGO,RGO,PO,1
Zachary Hommes,1821,797,Layzer Gunn,259,401,RGO,396,T1,1,0,0,0,-2.52%,2.52%,0,0,0,48,5,1,GBC,SPR,RGO,LGO,PO,1
Beeg Yoshi,1718,778,Layzer Gunn,259,367,LGO,411,T1,2,0,0,0,-1.74%,1.74%,0,0,0,48,5,1,GBC,SPR,LGO,LGO,RGO,1
Oliver Skipp,260,319,Demetrios Ooga,180,462,1B,143,B1,0,0,0,0,3.55%,-3.55%,0,1,1,49,5,1,SPR,GBC,1B,1B,BB,1
Tanner Hendrix,375,267,Demetrios Ooga,180,69,FO,198,B1,0,1,0,0,-2.91%,2.91%,0,0,0,49,5,1,SPR,GBC,FO,FO,FO,1
Tommy Tightpants,1778,420,Demetrios Ooga,180,462,2B,42,B1,1,1,0,0,10.84%,-10.84%,0,0,0,49,5,1,SPR,GBC,2B,2B,2B,1
Steven Wilson,1694,846,Demetrios Ooga,180,517,RGO,329,B1,1,6,0,0,-2.46%,2.46%,1,0,0,49,5,1,SPR,GBC,RGO,RGO,K,1
Che Or,1759,543,Demetrios Ooga,180,897,RGO,354,B1,2,3,1,0,-4.04%,4.04%,0,0,0,49,5,1,SPR,GBC,RGO,RGO,K,1
Dirtbag Darrell,262,777,Layzer Gunn,259,123,RGO,346,T2,0,0,1,0,-2.54%,2.54%,0,0,0,50,5,1,GBC,SPR,RGO,RGO,K,1
Bench Warmer,665,789,Layzer Gunn,259,546,K,243,T2,1,0,1,0,-3.53%,3.53%,0,0,0,50,5,1,GBC,SPR,K,K,FO,1
Demetrios Ooga,180,343,Layzer Gunn,259,987,RGO,356,T2,2,0,1,0,-1.44%,1.44%,0,0,0,50,5,1,GBC,SPR,RGO,RGO,K,1
Saitoo Syde,814,371,Demetrios Ooga,180,14,RGO,357,B2,0,0,1,0,-2.16%,2.16%,0,0,0,51,5,1,SPR,GBC,RGO,RGO,K,1
JT Longbottoms,1803,420,Demetrios Ooga,180,169,K,251,B2,1,0,1,0,-2.21%,2.21%,0,0,0,51,5,1,SPR,GBC,K,K,FO,1
Dirk Leschnewski,1781,745,Demetrios Ooga,180,598,BB,147,B2,2,0,1,0,1.75%,-1.75%,0,0,0,51,5,1,SPR,GBC,BB,BB,BB,1
Layzer Gunn,259,530,Demetrios Ooga,180,224,K,306,B2,2,1,1,0,-3.14%,3.14%,0,0,0,51,5,1,SPR,GBC,K,PO,K,1
Javier Tootblan,192,747,Layzer Gunn,259,115,RGO,368,T3,0,0,1,0,-3.61%,3.61%,0,0,0,52,5,1,GBC,SPR,RGO,RGO,K,1
Rotticus Scott,562,775,Layzer Gunn,259,645,1B,130,T3,1,0,1,0,4.28%,-4.28%,0,0,0,52,5,1,GBC,SPR,1B,1B,1B,1
Fish Fingers,182,578,Layzer Gunn,259,311,FO,267,T3,1,1,1,0,-4.65%,4.65%,0,0,0,52,5,1,GBC,SPR,FO,FO,FO,1
Zack Mouse,1721,69,Layzer Gunn,259,356,K,287,T3,2,1,1,0,-4.92%,4.92%,0,0,0,52,5,1,GBC,SPR,K,K,K,1
Oliver Skipp,260,819,Demetrios Ooga,180,747,2B,72,B3,0,0,1,0,5.89%,-5.89%,0,1,1,53,5,1,SPR,GBC,2B,1B,1B,1
Tanner Hendrix,375,283,Demetrios Ooga,180,140,BB,143,B3,0,2,1,0,2.62%,-2.62%,0,1,1,53,5,1,SPR,GBC,BB,BB,BB,1
Tommy Tightpants,1778,434,Demetrios Ooga,180,316,1B,118,B3,0,4,1,0,4.95%,-4.95%,0,0,0,53,5,1,SPR,GBC,1B,1B,1B,1
Steven Wilson,1694,836,Demetrios Ooga,180,980,1B,144,B3,0,7,1,0,5.67%,-5.67%,1,0,0,53,5,1,SPR,GBC,1B,1B,BB,1
Che Or,1759,444,Demetrios Ooga,180,551,1B,107,B3,0,7,2,0,3.82%,-3.82%,1,0,0,53,5,1,SPR,GBC,1B,1B,1B,1
Saitoo Syde,814,289,Demetrios Ooga,180,569,K,280,B3,0,7,3,0,-1.37%,1.37%,0,0,0,53,5,1,SPR,GBC,K,K,Sac,1
JT Longbottoms,1803,932,Demetrios Ooga,180,163,K,231,B3,1,7,3,0,-5.35%,5.35%,0,0,0,53,5,1,SPR,GBC,K,K,Sac,1
Dirk Leschnewski,1781,414,Demetrios Ooga,180,919,LGO,495,B3,2,7,3,0,-2.07%,2.07%,0,0,0,53,5,1,SPR,GBC,LGO,LGO,LGO,1
Zachary Hommes,1821,369,Layzer Gunn,259,20,RGO,349,T4,0,0,3,0,-2.47%,2.47%,0,0,0,54,5,1,GBC,SPR,RGO,RGO,K,1
Beeg Yoshi,1718,809,Layzer Gunn,259,789,3B,20,T4,1,0,3,0,7.45%,-7.45%,0,1,1,54,5,1,GBC,SPR,3B,3B,HR,1
Dirtbag Darrell,262,203,Layzer Gunn,259,769,LGO,434,T4,1,3,3,0,-3.12%,3.12%,1,0,0,54,5,1,GBC,SPR,LGO,LGO,RGO,1
Bench Warmer,665,150,Layzer Gunn,259,416,K,266,T4,2,0,3,1,-2.22%,2.22%,0,0,0,54,5,1,GBC,SPR,K,K,FO,1
Layzer Gunn,259,200,Demetrios Ooga,180,684,LGO,484,B4,0,0,3,1,-1.66%,1.66%,0,0,0,55,5,1,SPR,GBC,LGO,LGO,LGO,1
Oliver Skipp,260,919,Demetrios Ooga,180,676,FO,243,B4,1,0,3,1,-1.11%,1.11%,0,0,0,55,5,1,SPR,GBC,FO,FO,FO,1
Tanner Hendrix,375,689,Demetrios Ooga,180,476,FO,213,B4,2,0,3,1,-0.64%,0.64%,0,0,0,55,5,1,SPR,GBC,FO,FO,FO,1
Demetrios Ooga,180,483,Che Or,1759,639,1B,156,T5,0,0,3,1,6.84%,-6.84%,0,0,0,56,5,1,GBC,SPR,1B,BB,BB,1
Demetrios Ooga,180,639,Che Or,1759,914,SB,275,T5,0,1,3,1,2.52%,-2.52%,0,0,0,56,5,1,GBC,SPR,Steal 2B,Steal 2B,SB,4
Javier Tootblan,192,532,Che Or,1759,951,PO,419,T5,0,2,3,1,-6.72%,6.72%,0,0,0,56,5,1,GBC,SPR,PO,PO,RGO,1
Rotticus Scott,562,223,Che Or,1759,851,PO,372,T5,1,2,3,1,-5.87%,5.87%,0,0,0,56,5,1,GBC,SPR,PO,PO,K,1
Fish Fingers,182,297,Che Or,1759,851,RGO,446,T5,2,2,3,1,-5.70%,5.70%,0,0,0,56,5,1,GBC,SPR,RGO,RGO,RGO,1
Tommy Tightpants,1778,,Demetrios Ooga,180,,Auto K,,B5,0,0,3,1,-0.63%,0.63%,0,0,0,57,5,1,SPR,GBC,Auto K,Auto K,Auto K,9
Steven Wilson,1694,294,Demetrios Ooga,180,625,RGO,331,B5,1,0,3,1,-0.86%,0.86%,0,0,0,57,5,1,SPR,GBC,RGO,RGO,K,1
Che Or,1759,851,Demetrios Ooga,180,677,BB,174,B5,2,0,3,1,0.55%,-0.55%,0,0,0,57,5,1,SPR,GBC,BB,BB,BB,1
Saitoo Syde,814,489,Demetrios Ooga,180,855,RGO,366,B5,2,1,3,1,-1.02%,1.02%,0,0,0,57,5,1,SPR,GBC,RGO,RGO,K,1
Zack Mouse,1721,351,Che Or,1759,601,FO,250,T6,0,0,3,1,-4.18%,4.18%,0,0,0,58,5,1,GBC,SPR,FO,FO,FO,1
Zachary Hommes,1821,444,Che Or,1759,32,RGO,412,T6,1,0,3,1,-3.65%,3.65%,0,0,0,58,5,1,GBC,SPR,RGO,RGO,RGO,1
Beeg Yoshi,1718,1000,Che Or,1759,851,BB,149,T6,2,0,3,1,3.12%,-3.12%,0,1,1,58,5,1,GBC,SPR,BB,BB,BB,1
Dirtbag Darrell,262,633,Che Or,1759,666,2B,33,T6,2,1,3,1,9.42%,-9.42%,1,0,0,58,5,1,GBC,SPR,2B,2B,2B,1
Bench Warmer,665,12,Che Or,1759,512,LGO,500,T6,2,2,3,2,-14.15%,14.15%,0,0,0,58,5,1,GBC,SPR,LGO,LGO,LGO,1
Abraham Lincoln,477,599,Speedo Meter,675,5,RGO,406,T1,0,0,0,0,-2.52%,2.52%,0,0,0,59,6,1,GTY,ISO,RGO,RGO,RGO,1
Jonny Mac,1698,250,Speedo Meter,675,917,K,333,T1,1,0,0,0,-2.52%,2.52%,0,0,0,59,6,1,GTY,ISO,K,PO,K,1
Brian Talapia,1752,785,Speedo Meter,675,5,FO,220,T1,2,0,0,0,-1.74%,1.74%,0,0,0,59,6,1,GTY,ISO,FO,FO,FO,1
Speedy Claxton,1756,475,Thomas Beowulf,218,777,K,302,B1,0,0,0,0,-2.73%,2.73%,0,0,0,60,6,1,ISO,GTY,K,K,K,1
Caelan Rooney,244,,Thomas Beowulf,218,,Auto K,,B1,1,0,0,0,-2.27%,2.27%,0,0,0,60,6,1,ISO,GTY,Auto K,Auto K,Auto K,9
Anita Shower,1760,888,Thomas Beowulf,218,20,BB,132,B1,2,0,0,0,1.50%,-1.50%,0,0,0,60,6,1,ISO,GTY,BB,BB,1B,1
Mike Oxlong,230,516,Thomas Beowulf,218,21,LGO,495,B1,2,1,0,0,-3.29%,3.29%,0,0,0,60,6,1,ISO,GTY,LGO,LGO,LGO,1
Xavier Quinn Jr.,6,420,Speedo Meter,675,83,K,337,T2,0,0,0,0,-2.86%,2.86%,0,0,0,61,6,1,GTY,ISO,K,K,K,1
Matt Murphy,1954,1,Speedo Meter,675,558,LGO,443,T2,1,0,0,0,-2.90%,2.90%,0,0,0,61,6,1,GTY,ISO,LGO,LGO,RGO,1
Shogun Of Harlem,1762,983,Speedo Meter,675,763,FO,220,T2,2,0,0,0,-1.53%,1.53%,0,0,0,61,6,1,GTY,ISO,FO,FO,FO,1
Stubby Footman,539,100,Thomas Beowulf,218,177,1B,77,B2,0,0,0,0,3.93%,-3.93%,0,0,0,62,6,1,ISO,GTY,1B,1B,1B,1
Supreme Asslord,363,,Thomas Beowulf,218,,Auto K,,B2,0,1,0,0,-3.01%,3.01%,0,0,0,62,6,1,ISO,GTY,Auto K,Auto K,Auto K,9
Tre Nichols,370,895,Thomas Beowulf,218,77,FO,182,B2,1,1,0,0,-4.30%,4.30%,0,0,0,62,6,1,ISO,GTY,FO,FO,FO,1
Sweet Bobby Dangles Jr,1748,99,Thomas Beowulf,218,420,K,321,B2,2,1,0,0,-3.93%,3.93%,0,0,0,62,6,1,ISO,GTY,K,K,K,1
Johnnie Twofingers,502,69,Speedo Meter,675,110,2B,41,T3,0,0,0,0,8.40%,-8.40%,0,1,1,63,6,1,GTY,ISO,2B,2B,2B,1
Aidan Myers,1960,264,Speedo Meter,675,40,FO,224,T3,0,2,0,0,-5.52%,5.52%,0,0,0,63,6,1,GTY,ISO,FO,FO,FO,1
Pickle Rick Vaughan,150,399,Speedo Meter,675,410,HR,11,T3,1,2,0,0,19.86%,-19.86%,2,1,1,63,6,1,GTY,ISO,HR,HR,HR,1
Abraham Lincoln,477,146,Speedo Meter,675,90,2B,56,T3,1,0,0,2,3.77%,-3.77%,0,0,0,63,6,1,GTY,ISO,2B,2B,2B,1
Thomas Beowulf,218,666,Speedo Meter,675,798,BB,132,T3,1,2,0,2,1.76%,-1.76%,0,0,0,63,6,1,GTY,ISO,BB,BB,1B,1
Brian Talapia,1752,825,Speedo Meter,675,132,K,307,T3,1,4,0,2,-3.55%,3.55%,0,0,0,63,6,1,GTY,ISO,K,K,K,1
Xavier Quinn Jr.,6,456,Speedo Meter,675,754,K,298,T3,2,4,0,2,-5.27%,5.27%,0,0,0,63,6,1,GTY,ISO,K,K,K,1
Stan Mann,357,420,Thomas Beowulf,218,999,RGO,421,B3,0,0,0,2,-3.78%,3.78%,0,0,0,64,6,1,ISO,GTY,RGO,RGO,RGO,1
Speedy Claxton,1756,315,Thomas Beowulf,218,123,FO,192,B3,1,0,0,2,-2.85%,2.85%,0,0,0,64,6,1,ISO,GTY,FO,FO,FO,1
Caelan Rooney,244,21,Thomas Beowulf,218,234,FO,213,B3,2,0,0,2,-2.26%,2.26%,0,0,0,64,6,1,ISO,GTY,FO,FO,FO,1
Matt Murphy,1954,278,Speedo Meter,675,800,LGO,478,T4,0,0,0,2,-1.72%,1.72%,0,0,0,65,6,1,GTY,ISO,LGO,LGO,LGO,1
Shogun Of Harlem,1762,99,Speedo Meter,675,356,FO,257,T4,1,0,0,2,-1.81%,1.81%,0,0,0,65,6,1,GTY,ISO,FO,FO,FO,1
Johnnie Twofingers,502,666,Speedo Meter,675,599,1B,67,T4,2,0,0,2,1.14%,-1.14%,0,1,1,65,6,1,GTY,ISO,1B,1B,1B,1
Aidan Myers,1960,420,Speedo Meter,675,430,HR,10,T4,2,1,0,2,14.66%,-14.66%,2,1,1,65,6,1,GTY,ISO,HR,HR,HR,1
Pickle Rick Vaughan,150,420,Speedo Meter,675,200,K,220,T4,2,0,0,4,-0.59%,0.59%,0,0,0,65,6,1,GTY,ISO,K,K,FO,1
Anita Shower,1760,159,Thomas Beowulf,218,789,K,370,B4,0,0,0,4,-2.35%,2.35%,0,0,0,66,6,1,ISO,GTY,K,K,K,1
Mike Oxlong,230,792,Thomas Beowulf,218,370,RGO,422,B4,1,0,0,4,-1.74%,1.74%,0,0,0,66,6,1,ISO,GTY,RGO,RGO,RGO,1
Stubby Footman,539,86,Thomas Beowulf,218,1,1B,85,B4,2,0,0,4,1.00%,-1.00%,0,0,0,66,6,1,ISO,GTY,1B,1B,1B,1
Supreme Asslord,363,,Thomas Beowulf,218,,Auto K,,B4,2,1,0,4,-1.85%,1.85%,0,0,0,66,6,1,ISO,GTY,Auto K,Auto K,Auto K,9
Abraham Lincoln,477,874,Speedo Meter,675,700,BB,174,T5,0,0,0,4,0.31%,-0.31%,0,0,0,67,6,1,GTY,ISO,BB,BB,BB,1
Thomas Beowulf,218,250,Speedo Meter,675,1000,FO,250,T5,0,1,0,4,-0.36%,0.36%,0,0,0,67,6,1,GTY,ISO,FO,FO,FO,1
Abraham Lincoln,477,666,Speedo Meter,675,499,SB,167,T5,1,1,0,4,0.68%,-0.68%,0,0,0,67,6,1,GTY,ISO,Steal 2B,Steal 2B,SB,4
Brian Talapia,1752,765,Speedo Meter,675,292,LGO,473,T5,1,2,0,4,-0.57%,0.57%,0,0,0,67,6,1,GTY,ISO,LGO,LGO,LGO,1
Xavier Quinn Jr.,6,799,Speedo Meter,675,100,K,301,T5,2,2,0,4,-1.39%,1.39%,0,0,0,67,6,1,GTY,ISO,K,K,K,1
Tre Nichols,370,,Thomas Beowulf,218,,Auto K,,B5,0,0,0,4,-2.17%,2.17%,0,0,0,68,6,1,ISO,GTY,Auto K,Auto K,Auto K,9
Sweet Bobby Dangles Jr,1748,567,Thomas Beowulf,218,231,K,336,B5,1,0,0,4,-1.47%,1.47%,0,0,0,68,6,1,ISO,GTY,K,K,K,1
Stan Mann,357,760,Thomas Beowulf,218,87,K,327,B5,2,0,0,4,-0.67%,0.67%,0,0,0,68,6,1,ISO,GTY,K,K,K,1
Matt Murphy,1954,420,Speedo Meter,675,501,1B,81,T6,0,0,0,4,0.43%,-0.43%,0,1,1,69,6,1,GTY,ISO,1B,1B,1B,1
Shogun Of Harlem,1762,829,Speedo Meter,675,688,BB,141,T6,0,1,0,4,0.63%,-0.63%,0,1,1,69,6,1,GTY,ISO,BB,BB,BB,1
Johnnie Twofingers,502,256,Speedo Meter,675,255,HR,1,T6,0,4,0,4,0.60%,-0.60%,3,1,1,69,6,1,GTY,ISO,HR,HR,HR,1
Aidan Myers,1960,880,Speedo Meter,675,1,BB,121,T6,0,0,0,7,-0.02%,0.02%,0,0,0,69,6,1,GTY,ISO,BB,BB,1B,1
Pickle Rick Vaughan,150,747,Speedo Meter,675,2,PO,255,T6,0,1,0,7,0.07%,-0.07%,0,0,0,69,6,1,GTY,ISO,PO,PO,FO,1
Abraham Lincoln,477,504,Speedo Meter,675,700,FO,196,T6,1,1,0,7,-0.14%,0.14%,0,0,0,69,6,1,GTY,ISO,FO,FO,FO,1
Thomas Beowulf,218,789,Speedo Meter,675,387,RGO,402,T6,2,1,0,7,-0.06%,0.06%,0,0,0,69,6,1,GTY,ISO,RGO,RGO,RGO,1
Speedy Claxton,1756,202,Thomas Beowulf,218,876,K,326,B6,0,0,0,7,-0.38%,0.38%,0,0,0,70,6,1,ISO,GTY,K,K,K,1
Caelan Rooney,244,242,Thomas Beowulf,218,111,BB,131,B6,1,0,0,7,0.38%,-0.38%,0,0,0,70,6,1,ISO,GTY,BB,BB,1B,1
Anita Shower,1760,702,Thomas Beowulf,218,510,FO,192,B6,1,1,0,7,-0.50%,0.50%,0,0,0,70,6,1,ISO,GTY,FO,FO,FO,1
Mike Oxlong,230,215,Thomas Beowulf,218,797,RGO,418,B6,2,1,0,7,-0.09%,0.09%,0,0,0,70,6,1,ISO,GTY,RGO,RGO,RGO,1
Sunshine Pardue,315,893,Alexander West,1777,247,K,354,T1,0,0,0,0,-2.52%,2.52%,0,0,0,71,7,1,TRA,TAI,K,K,K,1
Gregory Taint,1712,333,Alexander West,1777,289,2B,44,T1,1,0,0,0,4.48%,-4.48%,0,0,0,71,7,1,TRA,TAI,2B,2B,2B,1
Robbie Liapis,1745,1000,Alexander West,1777,117,BB,117,T1,1,2,0,0,3.36%,-3.36%,0,0,0,71,7,1,TRA,TAI,BB,BB,1B,1
Captain Harry C Legs,480,1,Alexander West,1777,745,K,256,T1,1,4,0,0,-5.58%,5.58%,0,0,0,71,7,1,TRA,TAI,K,K,FO,1
Mylo Grams,396,656,Alexander West,1777,256,K,400,T1,2,4,0,0,-6.52%,6.52%,0,0,0,71,7,1,TRA,TAI,K,PO,RGO,1
Rey Revanchist,776,69,Jimmy Johns,303,543,LGO,474,B1,0,0,0,0,-2.73%,2.73%,0,0,0,72,7,1,TAI,TRA,LGO,LGO,LGO,1
Louie Scoville,1812,880,Jimmy Johns,303,690,FO,190,B1,1,0,0,0,-2.27%,2.27%,0,0,0,72,7,1,TAI,TRA,FO,FO,FO,1
Johnny Dickshot,233,371,Jimmy Johns,303,960,RGO,411,B1,2,0,0,0,-1.79%,1.79%,0,0,0,72,7,1,TAI,TRA,RGO,RGO,RGO,1
Almondo Albuterol,1790,200,Alexander West,1777,905,K,295,T2,0,0,0,0,-2.86%,2.86%,0,0,0,73,7,1,TRA,TAI,K,K,K,1
Birdman,393,290,Alexander West,1777,871,PO,419,T2,1,0,0,0,-2.90%,2.90%,0,0,0,73,7,1,TRA,TAI,PO,PO,RGO,1
Sven Jorgenson,405,430,Alexander West,1777,787,K,357,T2,2,0,0,0,-1.53%,1.53%,0,0,0,73,7,1,TRA,TAI,K,K,K,1
Jacky Wacky,702,118,Jimmy Johns,303,958,FO,160,B2,0,0,0,0,-2.75%,2.75%,0,0,0,74,7,1,TAI,TRA,FO,FO,BB,1
Tyler Pylon,778,237,Jimmy Johns,303,254,3B,17,B2,1,0,0,0,11.47%,-11.47%,0,0,0,74,7,1,TAI,TRA,3B,3B,HR,1
Jaeger Ward,777,346,Jimmy Johns,303,187,BB,159,B2,1,3,0,0,1.77%,-1.77%,0,0,0,74,7,1,TAI,TRA,BB,BB,BB,1
Duke Silver,602,401,Jimmy Johns,303,87,K,314,B2,1,5,0,0,-10.67%,10.67%,0,0,0,74,7,1,TAI,TRA,K,K,K,1
Viktor Patterson,705,666,Jimmy Johns,303,911,FO,245,B2,2,5,0,0,-7.13%,7.13%,0,0,0,74,7,1,TAI,TRA,FO,FO,FO,1
Jimmy Johns,303,955,Alexander West,1777,404,RGO,449,T3,0,0,0,0,-3.25%,3.25%,0,0,0,75,7,1,TRA,TAI,RGO,RGO,RGO,1
Sunshine Pardue,315,337,Alexander West,1777,494,FO,157,T3,1,0,0,0,-3.05%,3.05%,0,0,0,75,7,1,TRA,TAI,FO,FO,BB,1
Gregory Taint,1712,788,Alexander West,1777,1,FO,213,T3,2,0,0,0,-2.06%,2.06%,0,0,0,75,7,1,TRA,TAI,FO,FO,FO,1
ViktRon Swanson,651,11,Jimmy Johns,303,111,1B,100,B3,0,0,0,0,4.52%,-4.52%,0,0,1,76,7,1,TAI,TRA,1B,1B,1B,1
ViktRon Swanson,651,420,Jimmy Johns,303,311,SB,109,B3,0,1,0,0,3.83%,-3.83%,0,1,0,76,7,1,TAI,TRA,Steal 2B,Steal 2B,SB,4
Rey Revanchist,776,69,Jimmy Johns,303,24,3B,45,B3,0,2,0,0,15.23%,-15.23%,1,1,1,76,7,1,TAI,TRA,3B,3B,2B,1
Louie Scoville,1812,616,Jimmy Johns,303,412,Sac,204,B3,0,3,1,0,-0.91%,0.91%,1,0,0,76,7,1,TAI,TRA,FO,FO,Sac,1
Johnny Dickshot,233,891,Jimmy Johns,303,69,FO,178,B3,1,0,2,0,-1.46%,1.46%,0,0,0,76,7,1,TAI,TRA,FO,FO,FO,1
Jacky Wacky,702,880,Jimmy Johns,303,475,RGO,405,B3,2,0,2,0,-1.21%,1.21%,0,0,0,76,7,1,TAI,TRA,RGO,RGO,RGO,1
Robbie Liapis,1745,778,Alexander West,1777,132,K,354,T4,0,0,2,0,-3.51%,3.51%,0,0,0,77,7,1,TRA,TAI,K,K,K,1
Captain Harry C Legs,480,204,Alexander West,1777,573,K,369,T4,1,0,2,0,-2.87%,2.87%,0,0,0,77,7,1,TRA,TAI,K,K,K,1
Mylo Grams,396,535,Alexander West,1777,669,BB,134,T4,2,0,2,0,2.46%,-2.46%,0,0,0,77,7,1,TRA,TAI,BB,BB,1B,1
Almondo Albuterol,1790,799,Alexander West,1777,337,PO,462,T4,2,1,2,0,-4.68%,4.68%,0,0,0,77,7,1,TRA,TAI,PO,RGO,LGO,1
Tyler Pylon,778,902,Jimmy Johns,303,543,RGO,359,B4,0,0,2,0,-1.66%,1.66%,0,0,0,78,7,1,TAI,TRA,RGO,RGO,K,1
Jaeger Ward,777,345,Jimmy Johns,303,890,LGO,455,B4,1,0,2,0,-1.11%,1.11%,0,0,0,78,7,1,TAI,TRA,LGO,LGO,LGO,1
Duke Silver,602,211,Jimmy Johns,303,575,PO,364,B4,2,0,2,0,-0.64%,0.64%,0,0,0,78,7,1,TAI,TRA,PO,PO,K,1
Birdman,393,569,Alexander West,1777,704,BB,135,T5,0,0,2,0,6.84%,-6.84%,0,0,0,79,7,1,TRA,TAI,BB,BB,1B,1
Sven Jorgenson,405,403,Alexander West,1777,932,DP,471,T5,0,1,2,0,-14.03%,14.03%,0,0,0,79,7,1,TRA,TAI,LGO,LGO,DP,1
Jimmy Johns,303,407,Alexander West,1777,420,HR,13,T5,2,0,2,0,9.09%,-9.09%,1,1,1,79,7,1,TRA,TAI,HR,HR,HR,1
Sunshine Pardue,315,119,Alexander West,1777,210,BB,91,T5,2,0,2,1,4.23%,-4.23%,0,0,0,79,7,1,TRA,TAI,BB,BB,1B,1
Gregory Taint,1712,411,Alexander West,1777,49,K,362,T5,2,1,2,1,-7.62%,7.62%,0,0,0,79,7,1,TRA,TAI,K,K,K,1
Viktor Patterson,705,200,Jimmy Johns,303,236,2B,36,B5,0,0,2,1,4.16%,-4.16%,0,1,1,80,7,1,TAI,TRA,2B,2B,2B,1
ViktRon Swanson,651,288,Jimmy Johns,303,326,2B,38,B5,0,2,2,1,5.26%,-5.26%,1,1,1,80,7,1,TAI,TRA,2B,2B,2B,1
Rey Revanchist,776,69,Jimmy Johns,303,188,1B,119,B5,0,2,3,1,2.06%,-2.06%,0,0,0,80,7,1,TAI,TRA,1B,1B,1B,1
Louie Scoville,1812,682,Jimmy Johns,303,188,DP,494,B5,0,5,3,1,-0.64%,0.64%,0,0,0,80,7,1,TAI,TRA,LGO,LGO,DP,1
Johnny Dickshot,233,569,Doc Crudelly,1811,890,PO,321,B5,2,0,4,1,-0.47%,0.47%,0,0,0,80,7,1,TAI,TRA,PO,PO,K,1
Robbie Liapis,1745,100,Alexander West,1777,549,RGO,449,T6,0,0,4,1,-2.36%,2.36%,0,0,0,81,7,1,TRA,TAI,RGO,RGO,RGO,1
Captain Harry C Legs,480,601,Alexander West,1777,157,RGO,444,T6,1,0,4,1,-1.65%,1.65%,0,0,0,81,7,1,TRA,TAI,RGO,RGO,RGO,1
Mylo Grams,396,588,Alexander West,1777,777,FO,189,T6,2,0,4,1,-0.54%,0.54%,0,0,0,81,7,1,TRA,TAI,FO,FO,FO,1
Joey-Claire Hiveswap,291,816,Rekt Keyo,331,822,HR,6,T1,0,0,0,0,10.88%,-10.88%,1,1,1,82,8,1,NUL,DAD,HR,HR,HR,1
Alaric Davis,697,322,Rekt Keyo,331,377,2B,55,T1,0,0,0,1,5.90%,-5.90%,0,0,0,82,8,1,NUL,DAD,2B,2B,2B,1
Rhys Wilson,644,,Rekt Keyo,331,,Auto K,,T1,0,2,0,1,-4.30%,4.30%,0,0,0,82,8,1,NUL,DAD,Auto K,Auto K,Auto K,9
Jumbo Dick,79,141,Rekt Keyo,331,828,K,313,T1,1,2,0,1,-3.50%,3.50%,0,0,0,82,8,1,NUL,DAD,K,K,K,1
KlentakPay TheFuckingTax,1700,695,Rekt Keyo,331,478,FO,217,T1,2,2,0,1,-4.51%,4.51%,0,0,0,82,8,1,NUL,DAD,FO,FO,FO,1
Ray Saint Pete,1816,637,Joey McCarty,390,1,PO,364,B1,0,0,0,1,-3.15%,3.15%,0,0,0,83,8,1,DAD,NUL,PO,PO,K,1
Freddie Huff,1813,1,Joey McCarty,390,364,PO,363,B1,1,0,0,1,-2.67%,2.67%,0,0,0,83,8,1,DAD,NUL,PO,PO,K,1
Amper Sand,774,420,Joey McCarty,390,602,FO,182,B1,2,0,0,1,-1.59%,1.59%,0,0,0,83,8,1,DAD,NUL,FO,FO,FO,1
Maxelia Gray,391,132,Rekt Keyo,331,226,1B,94,T2,0,0,0,1,3.05%,-3.05%,0,0,0,84,8,1,NUL,DAD,1B,1B,1B,1
Ziggy Cedar,56,373,Rekt Keyo,331,920,DP,453,T2,0,1,0,1,-8.01%,8.01%,0,0,0,84,8,1,NUL,DAD,RGO,RGO,DP,1
Haydn Werfer,392,635,Rekt Keyo,331,333,K,302,T2,2,0,0,1,-1.56%,1.56%,0,0,0,84,8,1,NUL,DAD,K,K,K,1
Caleb Aiken,324,457,Joey McCarty,390,182,FO,275,B2,0,0,0,1,-3.40%,3.40%,0,0,0,85,8,1,DAD,NUL,FO,K,FO,1
Boof Jones,181,755,Joey McCarty,390,2,FO,247,B2,1,0,0,1,-2.75%,2.75%,0,0,0,85,8,1,DAD,NUL,FO,FO,FO,1
Hingle McCringleberry,257,669,Joey McCarty,390,247,RGO,422,B2,2,0,0,1,-2.18%,2.18%,0,0,0,85,8,1,DAD,NUL,RGO,RGO,RGO,1
KayLee Stewart,246,,Rekt Keyo,331,,Auto K,,T3,0,0,0,1,-2.77%,2.77%,0,0,0,86,8,1,NUL,DAD,Auto K,Auto K,Auto K,9
Joey-Claire Hiveswap,291,219,Rekt Keyo,331,211,HR,8,T3,1,0,0,1,11.85%,-11.85%,1,1,1,86,8,1,NUL,DAD,HR,HR,HR,1
Alaric Davis,697,700,Rekt Keyo,331,764,2B,64,T3,1,0,0,2,3.77%,-3.77%,0,0,0,86,8,1,NUL,DAD,2B,1B,2B,1
Rhys Wilson,644,624,Rekt Keyo,331,477,BB,147,T3,1,2,0,2,1.76%,-1.76%,0,0,0,86,8,1,NUL,DAD,BB,BB,BB,1
Jumbo Dick,79,999,Rekt Keyo,331,569,DP,430,T3,1,4,0,2,-8.82%,8.82%,0,0,0,86,8,1,NUL,DAD,RGO,RGO,DP,1
Gob Bibson,708,888,Joey McCarty,390,429,LGO,459,B3,0,0,0,2,-3.78%,3.78%,0,0,0,87,8,1,DAD,NUL,LGO,LGO,LGO,1
Cam'ron,525,700,Joey McCarty,390,759,1B,59,B3,1,0,0,2,4.86%,-4.86%,0,0,0,87,8,1,DAD,NUL,1B,1B,2B,1
Mike Fruitstand,772,240,Joey McCarty,390,59,BB,181,B3,1,1,0,2,6.68%,-6.68%,0,0,0,87,8,1,DAD,NUL,BB,FO,FO,1
Ray Saint Pete,1816,211,Joey McCarty,390,781,DP,430,B3,1,4,0,2,-16.65%,16.65%,0,0,0,87,8,1,DAD,NUL,RGO,RGO,DP,1
KlentakPay TheFuckingTax,1700,610,Rekt Keyo,331,44,RGO,434,T4,0,0,0,2,-1.72%,1.72%,0,0,0,88,8,1,NUL,DAD,RGO,RGO,RGO,1
Maxelia Gray,391,530,Rekt Keyo,331,388,FO,142,T4,1,0,0,2,-1.81%,1.81%,0,0,0,88,8,1,NUL,DAD,FO,FO,BB,1
Ziggy Cedar,56,377,Rekt Keyo,331,40,K,337,T4,2,0,0,2,-1.54%,1.54%,0,0,0,88,8,1,NUL,DAD,K,K,K,1
Freddie Huff,1813,666,Joey McCarty,390,430,FO,236,B4,0,0,0,2,-4.11%,4.11%,0,0,0,89,8,1,DAD,NUL,FO,FO,FO,1
Amper Sand,774,69,Joey McCarty,390,236,FO,167,B4,1,0,0,2,-4.06%,4.06%,0,0,0,89,8,1,DAD,NUL,FO,FO,BB,1
Caleb Aiken,324,321,Joey McCarty,390,167,BB,154,B4,2,0,0,2,2.99%,-2.99%,0,0,0,89,8,1,DAD,NUL,BB,BB,BB,1
Boof Jones,181,808,Joey McCarty,390,154,K,346,B4,2,1,0,2,-4.87%,4.87%,0,0,0,89,8,1,DAD,NUL,K,PO,K,1
Haydn Werfer,392,375,Rekt Keyo,331,332,2B,43,T5,0,0,0,2,4.00%,-4.00%,0,1,1,90,8,1,NUL,DAD,2B,2B,2B,1
Emerson Austin,703,833,Rekt Keyo,331,8,FO,175,T5,0,2,0,2,-2.11%,2.11%,0,0,0,90,8,1,NUL,DAD,FO,FO,BB,1
Joey-Claire Hiveswap,291,477,Rekt Keyo,331,744,K,267,T5,1,2,0,2,-2.75%,2.75%,0,0,0,90,8,1,NUL,DAD,K,K,FO,1
Alaric Davis,697,344,Rekt Keyo,331,322,3B,22,T5,2,2,0,2,8.25%,-8.25%,1,0,0,90,8,1,NUL,DAD,3B,3B,HR,1
Rhys Wilson,644,900,Rekt Keyo,331,545,PO,355,T5,2,3,0,3,-2.64%,2.64%,0,0,0,90,8,1,NUL,DAD,PO,PO,K,1
Hingle McCringleberry,257,,Joey McCarty,390,,Auto K,,B5,0,0,0,3,-3.50%,3.50%,0,0,0,91,8,1,DAD,NUL,Auto K,Auto K,Auto K,9
Gob Bibson,708,256,Joey McCarty,390,1,K,255,B5,1,0,0,3,-2.60%,2.60%,0,0,0,91,8,1,DAD,NUL,K,K,FO,1
Cam'ron,525,501,Joey McCarty,390,255,FO,246,B5,2,0,0,3,-1.28%,1.28%,0,0,0,91,8,1,DAD,NUL,FO,FO,FO,1
Jumbo Dick,79,420,Rekt Keyo,331,72,K,348,T6,0,0,0,3,-0.44%,0.44%,0,0,0,92,8,1,NUL,DAD,K,K,K,1
KlentakPay TheFuckingTax,1700,393,Rekt Keyo,331,739,K,346,T6,1,0,0,3,-0.44%,0.44%,0,0,0,92,8,1,NUL,DAD,K,K,K,1
Joey McCarty,390,25,Rekt Keyo,331,232,FO,207,T6,2,0,0,3,-0.48%,0.48%,0,0,0,92,8,1,NUL,DAD,FO,K,FO,1
Mike Fruitstand,772,560,Joey McCarty,390,246,K,314,B6,0,0,0,3,-3.09%,3.09%,0,0,0,93,8,1,DAD,NUL,K,K,K,1
Ray Saint Pete,1816,211,Joey McCarty,390,316,1B,105,B6,1,0,0,3,4.26%,-4.26%,0,0,0,93,8,1,DAD,NUL,1B,1B,1B,1
Freddie Huff,1813,,Joey McCarty,390,,Auto K,,B6,1,1,0,3,-4.93%,4.93%,0,0,0,93,8,1,DAD,NUL,Auto K,Auto K,Auto K,9
Amper Sand,774,745,Joey McCarty,390,105,K,360,B6,2,1,0,3,-2.19%,2.19%,0,0,0,93,8,1,DAD,NUL,K,K,K,1
Richard Cheese Jr.,699,550,Streetlamp LeMoose,1734,653,1B,103,T1,0,0,0,0,3.67%,-3.67%,0,0,0,94,9,1,TAC,JUP,1B,1B,1B,1
Mackin Tosh,93,234,Streetlamp LeMoose,1734,828,DP,406,T1,0,1,0,0,-8.71%,8.71%,0,0,0,94,9,1,TAC,JUP,RGO,RGO,DP,1
Duke Marriot,775,247,Streetlamp LeMoose,1734,988,FO,259,T1,2,0,0,0,-1.74%,1.74%,0,0,0,94,9,1,TAC,JUP,FO,K,FO,1
Simba Martinez,1792,161,Napoleon Shortsleeve,560,522,K,361,B1,0,0,0,0,-2.73%,2.73%,0,0,0,95,9,1,JUP,TAC,K,PO,K,1
Gianni,209,500,Napoleon Shortsleeve,560,317,BB,183,B1,1,0,0,0,3.37%,-3.37%,0,1,1,95,9,1,JUP,TAC,BB,BB,FO,1
Patty Ice,1746,820,Napoleon Shortsleeve,560,878,2B,58,B1,1,1,0,0,10.84%,-10.84%,0,0,0,95,9,1,JUP,TAC,2B,2B,2B,1
Lightning Balls,350,725,Napoleon Shortsleeve,560,799,1B,74,B1,1,6,0,0,6.89%,-6.89%,1,0,0,95,9,1,JUP,TAC,1B,1B,1B,1
Triston Uzumaki,125,112,Napoleon Shortsleeve,560,467,K,355,B1,1,5,1,0,-8.23%,8.23%,0,0,0,95,9,1,JUP,TAC,K,K,K,1
John Johnson Jr.,91,900,Napoleon Shortsleeve,560,97,FO,197,B1,2,5,1,0,-5.16%,5.16%,0,0,0,95,9,1,JUP,TAC,FO,FO,FO,1
Julio Escobar,686,472,Streetlamp LeMoose,1734,790,RGO,318,T2,0,0,1,0,-2.54%,2.54%,0,0,0,96,9,1,TAC,JUP,RGO,RGO,K,1
Truck Month,1794,467,Streetlamp LeMoose,1734,858,RGO,391,T2,1,0,1,0,-3.53%,3.53%,0,0,0,96,9,1,TAC,JUP,RGO,RGO,PO,1
Napoleon Shortsleeve,560,663,Streetlamp LeMoose,1734,975,K,312,T2,2,0,1,0,-1.44%,1.44%,0,0,0,96,9,1,TAC,JUP,K,K,K,1
Bud Tuggli,133,678,Napoleon Shortsleeve,560,81,RGO,403,B2,0,0,1,0,-2.16%,2.16%,0,0,0,97,9,1,JUP,TAC,RGO,RGO,RGO,1
Harry Peritestes,117,420,Napoleon Shortsleeve,560,612,FO,192,B2,1,0,1,0,-2.21%,2.21%,0,0,0,97,9,1,JUP,TAC,FO,BB,FO,1
Ty Palmatier,258,69,Napoleon Shortsleeve,560,449,K,380,B2,2,0,1,0,-1.39%,1.39%,0,0,0,97,9,1,JUP,TAC,K,K,PO,1
Barry McKockiner,612,55,Streetlamp LeMoose,1734,92,2B,37,T3,0,0,1,0,8.85%,-8.85%,0,1,1,98,9,1,TAC,JUP,2B,2B,2B,1
Chicken Joe of Sheboygan,693,70,Streetlamp LeMoose,1734,690,RGO,380,T3,0,2,1,0,-1.06%,1.06%,0,0,0,98,9,1,TAC,JUP,RGO,RGO,PO,1
Alaina Mclean,1947,851,Streetlamp LeMoose,1734,708,1B,143,T3,1,3,1,0,6.27%,-6.27%,1,0,1,98,9,1,TAC,JUP,1B,BB,BB,1
Alaina Mclean,1947,553,Streetlamp LeMoose,1734,280,SB,273,T3,1,1,1,1,2.36%,-2.36%,0,1,0,98,9,1,TAC,JUP,Steal 2B,Steal 2B,SB,4
Richard Cheese Jr.,699,425,Streetlamp LeMoose,1734,454,3B,29,T3,1,2,1,1,17.03%,-17.03%,1,1,1,98,9,1,TAC,JUP,3B,3B,3B,1
Mackin Tosh,93,201,Streetlamp LeMoose,1734,880,Sac,321,T3,1,3,1,2,0.91%,-0.91%,1,0,0,98,9,1,TAC,JUP,FO,FO,K,1
Duke Marriot,775,949,Streetlamp LeMoose,1734,597,PO,352,T3,2,0,1,3,-1.37%,1.37%,0,0,0,98,9,1,TAC,JUP,PO,PO,K,1
Simba Martinez,1792,71,Napoleon Shortsleeve,560,713,PO,358,B3,0,0,1,3,-3.78%,3.78%,0,0,0,99,9,1,JUP,TAC,PO,PO,K,1
Gianni,209,81,Napoleon Shortsleeve,560,11,1B,70,B3,1,0,1,3,4.86%,-4.86%,0,1,1,99,9,1,JUP,TAC,1B,1B,1B,1
Patty Ice,1746,81,Napoleon Shortsleeve,560,69,3B,12,B3,1,1,1,3,20.35%,-20.35%,1,1,1,99,9,1,JUP,TAC,3B,3B,HR,1
Lightning Balls,350,300,Napoleon Shortsleeve,560,312,3B,12,B3,1,3,2,3,14.15%,-14.15%,1,1,1,99,9,1,JUP,TAC,3B,3B,HR,1
Triston Uzumaki,125,411,Napoleon Shortsleeve,560,856,RGO,445,B3,1,3,3,3,1.73%,-1.73%,1,0,0,99,9,1,JUP,TAC,RGO,RGO,RGO,1
John Johnson Jr.,91,69,Napoleon Shortsleeve,560,303,FO,234,B3,2,0,4,3,-1.44%,1.44%,0,0,0,99,9,1,JUP,TAC,FO,FO,FO,1
Julio Escobar,686,836,Streetlamp LeMoose,1734,884,3B,48,T4,0,0,4,3,15.30%,-15.30%,0,1,1,100,9,1,TAC,JUP,3B,2B,2B,1
Truck Month,1794,931,Streetlamp LeMoose,1734,996,1B,65,T4,0,3,4,3,11.42%,-11.42%,1,1,1,100,9,1,TAC,JUP,1B,1B,1B,1
Napoleon Shortsleeve,560,2,Streetlamp LeMoose,1734,996,HR,6,T4,0,1,4,4,23.39%,-23.39%,2,1,1,100,9,1,TAC,JUP,HR,HR,HR,1
Thomas Nova,1,69,Rocco Rudnikov,114,808,FO,261,T4,0,0,4,6,-1.72%,1.72%,0,0,0,100,9,1,TAC,JUP,FO,FO,FO,1
Chicken Joe of Sheboygan,693,69,Rocco Rudnikov,114,613,LGO,456,T4,1,0,4,6,-1.81%,1.81%,0,0,0,100,9,1,TAC,JUP,LGO,LGO,LGO,1
Alaina Mclean,1947,420,Rocco Rudnikov,114,69,PO,351,T4,2,0,4,6,-1.54%,1.54%,0,0,0,100,9,1,TAC,JUP,PO,PO,K,1
Bud Tuggli,133,711,Napoleon Shortsleeve,560,112,RGO,401,B4,0,0,4,6,-4.11%,4.11%,0,0,0,101,9,1,JUP,TAC,RGO,RGO,RGO,1
Harry Peritestes,117,380,Napoleon Shortsleeve,560,293,1B,87,B4,1,0,4,6,5.26%,-5.26%,0,0,0,101,9,1,JUP,TAC,1B,1B,1B,1
Ty Palmatier,258,788,Napoleon Shortsleeve,560,622,BB,166,B4,1,1,4,6,8.20%,-8.20%,0,0,0,101,9,1,JUP,TAC,BB,BB,BB,1
Simba Martinez,1792,321,Napoleon Shortsleeve,560,899,PO,422,B4,1,4,4,6,-9.95%,9.95%,0,0,0,101,9,1,JUP,TAC,PO,PO,DP,1
Gianni,209,246,Napoleon Shortsleeve,560,633,PO,387,B4,2,4,4,6,-9.45%,9.45%,0,0,0,101,9,1,JUP,TAC,PO,PO,PO,1
Richard Cheese Jr.,699,175,Rocco Rudnikov,114,724,LGO,451,T5,0,0,4,6,-1.24%,1.24%,0,0,0,102,9,1,TAC,JUP,LGO,LGO,LGO,1
Mackin Tosh,93,542,Rocco Rudnikov,114,247,FO,295,T5,1,0,4,6,-1.79%,1.79%,0,0,0,102,9,1,TAC,JUP,FO,FO,K,1
Duke Marriot,775,303,Rocco Rudnikov,114,69,K,234,T5,2,0,4,6,-1.44%,1.44%,0,0,0,102,9,1,TAC,JUP,K,FO,FO,1
Patty Ice,1746,240,Napoleon Shortsleeve,560,88,BB,152,B5,0,0,4,6,7.95%,-7.95%,0,0,0,103,9,1,JUP,TAC,BB,BB,BB,1
Lightning Balls,350,126,Napoleon Shortsleeve,560,901,FO,225,B5,0,1,4,6,-6.80%,6.80%,0,0,0,103,9,1,JUP,TAC,FO,FO,FO,1
Triston Uzumaki,125,992,Napoleon Shortsleeve,560,522,DP,470,B5,1,1,4,6,-12.72%,12.72%,0,0,0,103,9,1,JUP,TAC,LGO,LGO,DP,1
Julio Escobar,686,420,Rocco Rudnikov,114,554,BB,134,T6,0,0,4,6,1.43%,-1.43%,0,0,0,104,9,1,TAC,JUP,BB,FO,1B,1
Truck Month,1794,958,Rocco Rudnikov,114,709,FO,249,T6,0,1,4,6,-1.22%,1.22%,0,0,0,104,9,1,TAC,JUP,FO,FO,FO,1
Napoleon Shortsleeve,560,69,Rocco Rudnikov,114,147,2B,78,T6,1,1,4,6,4.27%,-4.27%,0,0,0,104,9,1,TAC,JUP,2B,1B,1B,1
Thomas Nova,1,543,Rocco Rudnikov,114,266,K,277,T6,1,6,4,6,-3.40%,3.40%,0,0,0,104,9,1,TAC,JUP,K,K,Sac,1
Chicken Joe of Sheboygan,693,211,Rocco Rudnikov,114,569,RGO,358,T6,2,6,4,6,-3.98%,3.98%,0,0,0,104,9,1,TAC,JUP,RGO,RGO,K,1
John Johnson Jr.,91,855,Napoleon Shortsleeve,560,464,PO,391,B6,0,0,4,6,-5.69%,5.69%,0,0,0,105,9,1,JUP,TAC,PO,PO,PO,1
Bud Tuggli,133,123,Napoleon Shortsleeve,560,590,LGO,467,B6,1,0,4,6,-4.52%,4.52%,0,0,0,105,9,1,JUP,TAC,LGO,LGO,LGO,1
Harry Peritestes,117,201,Napoleon Shortsleeve,560,365,BB,164,B6,2,0,4,6,4.41%,-4.41%,0,0,0,105,9,1,JUP,TAC,BB,BB,BB,1
Ty Palmatier,258,650,Napoleon Shortsleeve,560,719,1B,69,B6,2,1,4,6,7.34%,-7.34%,0,0,0,105,9,1,JUP,TAC,1B,1B,1B,1
Simba Martinez,1792,998,Napoleon Shortsleeve,560,508,LGO,490,B6,2,5,4,6,-14.06%,14.06%,0,0,0,105,9,1,JUP,TAC,LGO,LGO,LGO,1
Ayden Davis,696,325,Mason Miller,270,269,2B,56,T1,0,0,0,0,6.78%,-6.78%,0,1,1,106,10,1,POR,SAR,2B,2B,2B,1
Coco Watanabe,204,567,Mason Miller,270,666,1B,99,T1,0,2,0,0,6.06%,-6.06%,0,1,1,106,10,1,POR,SAR,1B,1B,1B,1
Bobo Bones,478,420,Mason Miller,270,420,HR,0,T1,0,5,0,0,15.31%,-15.31%,3,1,1,106,10,1,POR,SAR,HR,HR,HR,1
Geno Scaramucci,165,777,Mason Miller,270,187,LGO,410,T1,0,0,0,3,-0.87%,0.87%,0,0,0,106,10,1,POR,SAR,LGO,PO,RGO,1
Tequila Sunrise,249,911,Mason Miller,270,206,K,295,T1,1,0,0,3,-1.94%,1.94%,0,0,0,106,10,1,POR,SAR,K,K,K,1
Grigury Polinko,452,122,Mason Miller,270,1,1B,121,T1,2,0,0,3,1.07%,-1.07%,0,1,1,106,10,1,POR,SAR,1B,1B,1B,1
Caleb Craven,640,988,Mason Miller,270,852,1B,136,T1,2,1,0,3,1.64%,-1.64%,0,1,1,106,10,1,POR,SAR,1B,1B,1B,1
Hannah Outlaw,178,666,Mason Miller,270,726,2B,60,T1,2,5,0,3,11.15%,-11.15%,2,1,1,106,10,1,POR,SAR,2B,2B,2B,1
Andrew Peters,337,258,Mason Miller,270,314,2B,56,T1,2,2,0,5,4.16%,-4.16%,1,0,0,106,10,1,POR,SAR,2B,2B,2B,1
Ayden Davis,696,627,Mason Miller,270,1,RGO,374,T1,2,2,0,6,-2.59%,2.59%,0,0,0,106,10,1,POR,SAR,RGO,PO,K,1
Bonesy McSkellington,1733,333,Rickey Tucker,163,310,3B,23,B1,0,0,0,6,-2.75%,2.75%,0,1,1,107,10,1,SAR,POR,3B,3B,HR,1
Cole Martinez,408,610,Rickey Tucker,163,310,Sac,300,B1,0,3,0,6,3.18%,-3.18%,1,0,0,107,10,1,SAR,POR,FO,K,K,1
Gimpy Schlempteen 32,379,310,Rickey Tucker,163,832,LGO,478,B1,1,0,1,6,0.91%,-0.91%,0,0,0,107,10,1,SAR,POR,LGO,LGO,LGO,1
Elmo Seabreeze,1785,250,Rickey Tucker,163,1,FO,249,B1,2,0,1,6,-1.72%,1.72%,0,0,0,107,10,1,SAR,POR,FO,FO,FO,1
Coco Watanabe,204,853,Mason Miller,270,286,LGO,433,T2,0,0,1,6,-1.02%,1.02%,0,0,0,108,10,1,POR,SAR,LGO,RGO,RGO,1
Bobo Bones,478,520,Mason Miller,270,940,LGO,420,T2,1,0,1,6,-0.45%,0.45%,0,0,0,108,10,1,POR,SAR,LGO,PO,RGO,1
Geno Scaramucci,165,666,Mason Miller,270,767,1B,101,T2,2,0,1,6,-0.01%,0.01%,0,0,0,108,10,1,POR,SAR,1B,1B,1B,1
Tequila Sunrise,249,500,Mason Miller,270,209,K,291,T2,2,1,1,6,-0.45%,0.45%,0,0,0,108,10,1,POR,SAR,K,K,K,1
Ross Ewage,1764,919,Rickey Tucker,163,812,2B,107,B2,0,0,1,6,2.29%,-2.29%,0,1,1,109,10,1,SAR,POR,2B,1B,1B,1
Ferdinand Sea-Bull,754,303,Rickey Tucker,163,234,2B,69,B2,0,2,1,6,7.51%,-7.51%,1,1,1,109,10,1,SAR,POR,2B,1B,1B,1
Karl Jernigan,439,888,Rickey Tucker,163,333,RGO,445,B2,0,2,2,6,-1.37%,1.37%,0,0,0,109,10,1,SAR,POR,RGO,RGO,RGO,1
Tucker Doubt,567,333,Rickey Tucker,163,599,Sac,266,B2,1,3,2,6,-1.10%,1.10%,1,0,0,109,10,1,SAR,POR,FO,FO,Sac,1
Crimson Chin,78,212,Rickey Tucker,163,777,RGO,435,B2,2,0,3,6,-1.35%,1.35%,0,0,0,109,10,1,SAR,POR,RGO,RGO,RGO,1
Grigury Polinko,452,444,Mason Miller,270,141,RGO,303,T3,0,0,3,6,-1.17%,1.17%,0,0,0,110,10,1,POR,SAR,RGO,PO,K,1
Caleb Craven,640,466,Mason Miller,270,141,RGO,325,T3,1,0,3,6,-1.45%,1.45%,0,0,0,110,10,1,POR,SAR,RGO,PO,K,1
Hannah Outlaw,178,987,Mason Miller,270,789,FO,198,T3,2,0,3,6,-0.95%,0.95%,0,0,0,110,10,1,POR,SAR,FO,FO,FO,1
Bonesy McSkellington,1733,113,Rickey Tucker,163,696,RGO,417,B3,0,0,3,6,-2.97%,2.97%,0,0,0,111,10,1,SAR,POR,RGO,RGO,RGO,1
Cole Martinez,408,918,Rickey Tucker,163,21,2B,103,B3,1,0,3,6,4.19%,-4.19%,0,1,1,111,10,1,SAR,POR,2B,1B,1B,1
Gimpy Schlempteen 32,379,920,Rickey Tucker,163,21,1B,101,B3,1,2,3,6,8.83%,-8.83%,0,1,1,111,10,1,SAR,POR,1B,1B,1B,1
Elmo Seabreeze,1785,5,Rickey Tucker,163,21,HR,16,B3,1,5,3,6,24.63%,-24.63%,3,1,1,111,10,1,SAR,POR,HR,HR,HR,1
Ross Ewage,1764,616,Rickey Tucker,163,21,PO,405,B3,1,0,6,6,-2.80%,2.80%,0,0,0,111,10,1,SAR,POR,PO,RGO,RGO,1
Ferdinand Sea-Bull,754,521,Rickey Tucker,163,789,FO,268,B3,2,0,6,6,-2.32%,2.32%,0,0,0,111,10,1,SAR,POR,FO,FO,FO,1
Andrew Peters,337,754,Mason Miller,270,309,LGO,445,T4,0,0,6,6,-3.87%,3.87%,0,0,0,112,10,1,POR,SAR,LGO,RGO,RGO,1
Ayden Davis,696,715,Mason Miller,270,1,PO,286,T4,1,0,6,6,-3.68%,3.68%,0,0,0,112,10,1,POR,SAR,PO,PO,K,1
Coco Watanabe,204,723,Mason Miller,270,587,1B,136,T4,2,0,6,6,2.71%,-2.71%,0,0,0,112,10,1,POR,SAR,1B,BB,1B,1
Bobo Bones,478,606,Mason Miller,270,207,RGO,399,T4,2,1,6,6,-5.24%,5.24%,0,0,0,112,10,1,POR,SAR,RGO,PO,PO,1
Karl Jernigan,439,15,Rickey Tucker,163,486,LGO,471,B4,0,0,6,6,-3.93%,3.93%,0,0,0,113,10,1,SAR,POR,LGO,LGO,LGO,1
Tucker Doubt,567,987,Rickey Tucker,163,789,FO,198,B4,1,0,6,6,-3.43%,3.43%,0,0,0,113,10,1,SAR,POR,FO,FO,FO,1
Makesiondon Kelkboom,327,623,Rickey Tucker,163,888,FO,265,B4,2,0,6,6,-2.71%,2.71%,0,0,0,113,10,1,SAR,POR,FO,FO,FO,1
Geno Scaramucci,165,169,Mason Miller,270,1,FO,168,T5,0,0,6,6,-4.71%,4.71%,0,0,0,114,10,1,POR,SAR,FO,FO,BB,1
Tequila Sunrise,249,975,Mason Miller,270,501,LGO,474,T5,1,0,6,6,-4.48%,4.48%,0,0,0,114,10,1,POR,SAR,LGO,LGO,LGO,1
Grigury Polinko,452,899,Mason Miller,270,376,LGO,477,T5,2,0,6,6,-3.26%,3.26%,0,0,0,114,10,1,POR,SAR,LGO,LGO,LGO,1
Bonesy McSkellington,1733,555,Rickey Tucker,163,789,FO,234,B5,0,0,6,6,-4.39%,4.39%,0,0,0,115,10,1,SAR,POR,FO,FO,FO,1
Cole Martinez,408,911,Rickey Tucker,163,623,FO,288,B5,1,0,6,6,-4.77%,4.77%,0,0,0,115,10,1,SAR,POR,FO,FO,K,1
Gimpy Schlempteen 32,379,192,Rickey Tucker,163,555,PO,363,B5,2,0,6,6,-3.04%,3.04%,0,0,0,115,10,1,SAR,POR,PO,RGO,K,1
Caleb Craven,640,904,Mason Miller,270,289,RGO,385,T6,0,0,6,6,-6.10%,6.10%,0,0,0,116,10,1,POR,SAR,RGO,PO,PO,1
Hannah Outlaw,178,565,Mason Miller,270,784,FO,219,T6,1,0,6,6,-5.86%,5.86%,0,0,0,116,10,1,POR,SAR,FO,FO,FO,1
Andrew Peters,337,3,Mason Miller,270,109,1B,106,T6,2,0,6,6,3.92%,-3.92%,0,0,0,116,10,1,POR,SAR,1B,1B,1B,1
Ayden Davis,696,1,Mason Miller,270,137,1B,136,T6,2,1,6,6,6.99%,-6.99%,0,0,0,116,10,1,POR,SAR,1B,BB,1B,1
Coco Watanabe,204,,Mason Miller,270,,Auto K,,T6,2,5,6,6,-15.75%,15.75%,0,0,0,116,10,1,POR,SAR,Auto K,Auto K,Auto K,9
Elmo Seabreeze,1785,59,Rickey Tucker,163,21,3B,38,B6,0,0,6,6,31.33%,-31.33%,0,1,1,117,10,1,SAR,POR,3B,3B,2B,1
Ross Ewage,1764,171,Rickey Tucker,163,812,PO,359,B6,0,3,6,6,-7.90%,7.90%,0,0,0,117,10,1,SAR,POR,PO,PO,K,1
Ferdinand Sea-Bull,754,,Rickey Tucker,163,,Auto BB,,B6,1,3,6,6,0.74%,-0.74%,0,1,1,117,10,1,SAR,POR,Auto BB,Auto BB,Auto BB,10
Karl Jernigan,439,666,Rickey Tucker,163,632,3B,34,B6,1,5,6,6,8.81%,-8.81%,2,0,0,117,10,1,SAR,POR,3B,2B,2B,1
Hunter Scott,786,327,Jordan Peppers,18,69,K,258,T1,0,0,0,0,-2.52%,2.52%,0,0,0,118,11,1,KTY,MVM,K,K,FO,1
Hank Murphy,76,666,Jordan Peppers,18,400,FO,266,T1,1,0,0,0,-2.52%,2.52%,0,0,0,118,11,1,KTY,MVM,FO,FO,FO,1
David Roidtiz,1742,345,Jordan Peppers,18,1,K,344,T1,2,0,0,0,-1.74%,1.74%,0,0,0,118,11,1,KTY,MVM,K,K,K,1
cocl,487,730,Mason Spurs,103,40,K,310,B1,0,0,0,0,-2.73%,2.73%,0,0,0,119,11,1,MVM,KTY,K,K,K,1
Oscar Vinegrette,252,892,Mason Spurs,103,119,FO,227,B1,1,0,0,0,-2.27%,2.27%,0,0,0,119,11,1,MVM,KTY,FO,FO,FO,1
Reggie Stocker,1958,280,Mason Spurs,103,817,LGO,463,B1,2,0,0,0,-1.79%,1.79%,0,0,0,119,11,1,MVM,KTY,LGO,LGO,LGO,1
Chase Hillinger,1710,664,Jordan Peppers,18,998,RGO,334,T2,0,0,0,0,-2.86%,2.86%,0,0,0,120,11,1,KTY,MVM,RGO,RGO,K,1
Edward Duncan,620,254,Jordan Peppers,18,69,FO,185,T2,1,0,0,0,-2.90%,2.90%,0,0,0,120,11,1,KTY,MVM,FO,FO,FO,1
Pedro Cerrano-Spaz,1798,505,Jordan Peppers,18,608,1B,103,T2,2,0,0,0,1.99%,-1.99%,0,0,0,120,11,1,KTY,MVM,1B,1B,1B,1
Scott Medge,1728,800,Jordan Peppers,18,420,K,380,T2,2,1,0,0,-3.52%,3.52%,0,0,0,120,11,1,KTY,MVM,K,K,PO,1
Mike Hampton,782,747,Mason Spurs,103,601,BB,146,B2,0,0,0,0,3.93%,-3.93%,0,0,0,121,11,1,MVM,KTY,BB,BB,BB,1
Ben Bramly,238,859,Mason Spurs,103,478,DP,381,B2,0,1,0,0,-9.36%,9.36%,0,0,0,121,11,1,MVM,KTY,RGO,RGO,PO,1
Joey Semenhands,1822,637,Mason Spurs,103,74,RGO,437,B2,2,0,0,0,-1.88%,1.88%,0,0,0,121,11,1,MVM,KTY,RGO,RGO,RGO,1
icna comit,198,69,Jordan Peppers,18,300,FO,231,T3,0,0,0,0,-3.25%,3.25%,0,0,0,122,11,1,KTY,MVM,FO,FO,FO,1
Kirby Birch,1800,69,Jordan Peppers,18,1,1B,68,T3,1,0,0,0,3.77%,-3.77%,0,1,1,122,11,1,KTY,MVM,1B,1B,1B,1
Hunter Scott,786,880,Jordan Peppers,18,2,BB,122,T3,1,1,0,0,6.02%,-6.02%,0,0,0,122,11,1,KTY,MVM,BB,BB,1B,1
Hank Murphy,76,511,Jordan Peppers,18,555,2B,44,T3,1,4,0,0,19.06%,-19.06%,1,0,0,122,11,1,KTY,MVM,2B,2B,2B,1
David Roidtiz,1742,245,Jordan Peppers,18,678,PO,433,T3,1,6,0,1,-11.09%,11.09%,0,0,0,122,11,1,KTY,MVM,PO,RGO,RGO,1
Chase Hillinger,1710,403,Jordan Peppers,18,47,RGO,356,T3,2,6,0,1,-7.75%,7.75%,0,0,0,122,11,1,KTY,MVM,RGO,RGO,K,1
Jeffrey Salmon,1704,888,Mason Spurs,103,807,1B,81,B3,0,0,0,1,5.56%,-5.56%,0,0,0,123,11,1,MVM,KTY,1B,1B,1B,1
Apple Watch,1788,210,Mason Spurs,103,5,FO,205,B3,0,1,0,1,-4.25%,4.25%,0,0,0,123,11,1,MVM,KTY,FO,FO,FO,1
Oliver Flame,1689,,Mason Spurs,103,,Auto K,,B3,1,1,0,1,-6.05%,6.05%,0,0,0,123,11,1,MVM,KTY,Auto K,Auto K,Auto K,9
cocl,487,940,Mason Spurs,103,479,LGO,461,B3,2,1,0,1,-4.84%,4.84%,0,0,0,123,11,1,MVM,KTY,LGO,LGO,LGO,1
Edward Duncan,620,42,Jordan Peppers,18,840,FO,202,T4,0,0,0,1,-2.65%,2.65%,0,0,0,124,11,1,KTY,MVM,FO,FO,FO,1
Pedro Cerrano-Spaz,1798,320,Jordan Peppers,18,808,LGO,488,T4,1,0,0,1,-2.58%,2.58%,0,0,0,124,11,1,KTY,MVM,LGO,LGO,LGO,1
Scott Medge,1728,69,Jordan Peppers,18,420,K,351,T4,2,0,0,1,-1.93%,1.93%,0,0,0,124,11,1,KTY,MVM,K,K,K,1
Oscar Vinegrette,252,34,Mason Spurs,103,517,LGO,483,B4,0,0,0,1,-4.80%,4.80%,0,0,0,125,11,1,MVM,KTY,LGO,LGO,LGO,1
Reggie Stocker,1958,135,Mason Spurs,103,288,FO,153,B4,1,0,0,1,-4.17%,4.17%,0,0,0,125,11,1,MVM,KTY,FO,FO,BB,1
Mike Hampton,782,325,Mason Spurs,103,377,2B,52,B4,2,0,0,1,6.52%,-6.52%,0,0,0,125,11,1,MVM,KTY,2B,2B,2B,1
Ben Bramly,238,214,Mason Spurs,103,877,PO,337,B4,2,2,0,1,-9.87%,9.87%,0,0,0,125,11,1,MVM,KTY,PO,PO,K,1
icna comit,198,420,Jordan Peppers,18,569,BB,149,T5,0,0,0,1,3.41%,-3.41%,0,0,0,126,11,1,KTY,MVM,BB,FO,BB,1
Kirby Birch,1800,950,Jordan Peppers,18,843,BB,107,T5,0,1,0,1,7.11%,-7.11%,0,0,0,126,11,1,KTY,MVM,BB,BB,1B,1
Alexander Hamilton II,553,101,Jordan Peppers,18,7,1B,94,T5,0,4,0,1,6.36%,-6.36%,0,0,0,126,11,1,KTY,MVM,1B,1B,1B,1
Hank Murphy,76,838,Wallace Grommet,492,111,PO,273,T5,0,7,0,1,-4.20%,4.20%,0,0,0,126,11,1,KTY,MVM,PO,PO,Sac,1
David Roidtiz,1742,439,Wallace Grommet,492,838,PO,399,T5,1,7,0,1,-10.96%,10.96%,0,0,0,126,11,1,KTY,MVM,PO,PO,PO,1
Chase Hillinger,1710,353,Wallace Grommet,492,1,RGO,352,T5,2,7,0,1,-9.00%,9.00%,0,0,0,126,11,1,KTY,MVM,RGO,RGO,K,1
Joey Semenhands,1822,475,Mason Spurs,103,942,LGO,467,B5,0,0,0,1,-6.28%,6.28%,0,0,0,127,11,1,MVM,KTY,LGO,LGO,LGO,1
Jeffrey Salmon,1704,233,Mason Spurs,103,527,K,294,B5,1,0,0,1,-5.99%,5.99%,0,0,0,127,11,1,MVM,KTY,K,K,K,1
Apple Watch,1788,607,Mason Spurs,103,9,RGO,402,B5,2,0,0,1,-4.18%,4.18%,0,0,0,127,11,1,MVM,KTY,RGO,RGO,RGO,1
Edward Duncan,620,772,Wallace Grommet,492,222,RGO,450,T6,0,0,0,1,-2.38%,2.38%,0,0,0,128,11,1,KTY,MVM,RGO,RGO,RGO,1
Pedro Cerrano-Spaz,1798,4,Wallace Grommet,492,272,K,268,T6,1,0,0,1,-1.97%,1.97%,0,0,0,128,11,1,KTY,MVM,K,K,FO,1
Scott Medge,1728,900,Wallace Grommet,492,924,HR,24,T6,2,0,0,1,12.05%,-12.05%,1,1,1,128,11,1,KTY,MVM,HR,HR,HR,1
icna comit,198,569,Wallace Grommet,492,19,PO,450,T6,2,0,0,2,-0.85%,0.85%,0,0,0,128,11,1,KTY,MVM,PO,PO,RGO,1
Ioe Torrent,1844,990,Mo Jungo,1814,1,HR,11,B6,0,0,0,2,12.72%,-12.72%,1,1,1,129,11,1,MVM,KTY,HR,HR,HR,1
cocl,487,1,Mo Jungo,1814,323,PO,322,B6,0,0,1,2,-9.46%,9.46%,0,0,0,129,11,1,MVM,KTY,PO,PO,K,1
Oscar Vinegrette,252,30,Mo Jungo,1814,691,PO,339,B6,1,0,1,2,-9.16%,9.16%,0,0,0,129,11,1,MVM,KTY,PO,PO,K,1
Reggie Stocker,1958,120,Mo Jungo,1814,196,2B,76,B6,2,0,1,2,12.00%,-12.00%,0,0,0,129,11,1,MVM,KTY,2B,1B,1B,1
Mike Hampton,782,55,Mo Jungo,1814,202,BB,147,B6,2,2,1,2,4.76%,-4.76%,0,0,0,129,11,1,MVM,KTY,BB,FO,BB,1
Ben Bramly,238,418,Alexander Hamilton II,553,704,K,286,B6,2,4,1,2,-23.38%,23.38%,0,0,0,129,11,1,MVM,KTY,K,K,K,1
Speedo Meter,675,222,Pork Torkleton,1699,976,K,246,T1,0,0,0,0,-2.52%,2.52%,0,0,0,130,12,1,LMN,PHB,K,K,FO,1
Monty Johnson,557,159,Pork Torkleton,1699,201,2B,42,T1,1,0,0,0,4.48%,-4.48%,0,1,1,130,12,1,LMN,PHB,2B,2B,2B,1
Theodora DiBiaserunner,497,3,Pork Torkleton,1699,21,HR,18,T1,1,2,0,0,16.46%,-16.46%,2,1,1,130,12,1,LMN,PHB,HR,3B,HR,1
Lloyd Gross,135,521,Pork Torkleton,1699,301,K,220,T1,1,0,0,2,-1.76%,1.76%,0,0,0,130,12,1,LMN,PHB,K,K,FO,1
Xerxes Dalin,474,420,Pork Torkleton,1699,34,RGO,386,T1,2,0,0,2,-1.53%,1.53%,0,0,0,130,12,1,LMN,PHB,RGO,RGO,PO,1
Johññy Coppolella,738,278,Declan Decanter,1962,802,LGO,476,B1,0,0,0,2,-2.78%,2.78%,0,0,0,131,12,1,PHB,LMN,LGO,LGO,LGO,1
Jeter O'Cola,739,653,Declan Decanter,1962,902,FO,249,B1,1,0,0,2,-2.64%,2.64%,0,0,0,131,12,1,PHB,LMN,FO,FO,FO,1
Jrue Pierce,759,723,Declan Decanter,1962,653,2B,70,B1,2,0,0,2,3.23%,-3.23%,0,0,0,131,12,1,PHB,LMN,2B,2B,1B,1
Cam Singleton,266,888,Declan Decanter,1962,444,LGO,444,B1,2,2,0,2,-4.76%,4.76%,0,0,0,131,12,1,PHB,LMN,LGO,LGO,RGO,1
Larry Longshot,32,593,Pork Torkleton,1699,880,K,287,T2,0,0,0,2,-1.87%,1.87%,0,0,0,132,12,1,LMN,PHB,K,K,K,1
Michael Ikenberry,63,220,Pork Torkleton,1699,129,1B,91,T2,1,0,0,2,2.63%,-2.63%,0,1,1,132,12,1,LMN,PHB,1B,1B,1B,1
ViktRon Swanson,651,666,Pork Torkleton,1699,669,HR,3,T2,1,1,0,2,12.66%,-12.66%,2,1,1,132,12,1,LMN,PHB,HR,HR,HR,1
Arthur Vandelay,518,500,Pork Torkleton,1699,669,FO,169,T2,1,0,0,4,-0.33%,0.33%,0,0,0,132,12,1,LMN,PHB,FO,FO,BB,1
Speedo Meter,675,222,Pork Torkleton,1699,875,RGO,347,T2,2,0,0,4,-1.20%,1.20%,0,0,0,132,12,1,LMN,PHB,RGO,RGO,K,1
WILL THE THRILL,745,569,Declan Decanter,1962,213,RGO,356,B2,0,0,0,4,-2.54%,2.54%,0,0,0,133,12,1,PHB,LMN,RGO,RGO,K,1
Bob Kelso,1834,999,Declan Decanter,1962,585,RGO,414,B2,1,0,0,4,-1.94%,1.94%,0,0,0,133,12,1,PHB,LMN,RGO,RGO,RGO,1
Dottie Hooligan,770,975,Declan Decanter,1962,569,LGO,406,B2,2,0,0,4,-1.05%,1.05%,0,0,0,133,12,1,PHB,LMN,LGO,LGO,RGO,1
Monty Johnson,557,812,Red Arrow,547,700,1B,112,T3,0,0,0,4,1.25%,-1.25%,0,1,1,134,12,1,LMN,PHB,1B,1B,1B,1
Theodora DiBiaserunner,497,901,Red Arrow,547,99,FO,198,T3,0,1,0,4,-1.63%,1.63%,0,0,0,134,12,1,LMN,PHB,FO,FO,FO,1
Lloyd Gross,135,218,Red Arrow,547,222,HR,4,T3,1,1,0,4,6.69%,-6.69%,2,1,1,134,12,1,LMN,PHB,HR,HR,HR,1
Xerxes Dalin,474,222,Red Arrow,547,222,HR,0,T3,1,0,0,6,0.00%,0.00%,1,1,1,134,12,1,LMN,PHB,HR,HR,HR,1
Larry Longshot,32,762,Red Arrow,547,222,RGO,460,T3,1,0,0,7,-0.51%,0.51%,0,0,0,134,12,1,LMN,PHB,RGO,RGO,LGO,1
Michael Ikenberry,63,722,Red Arrow,547,222,LGO,500,T3,2,0,0,7,-0.46%,0.46%,0,0,0,134,12,1,LMN,PHB,LGO,LGO,LGO,1
Jeff Steelflex,268,352,Hudson Hildebrandt,284,802,LGO,450,B3,0,0,0,7,-1.22%,1.22%,0,0,0,135,12,1,PHB,LMN,LGO,LGO,RGO,1
Red Arrow,547,652,Hudson Hildebrandt,284,265,K,387,B3,1,0,0,7,-1.05%,1.05%,0,0,0,135,12,1,PHB,LMN,K,K,PO,1
Johññy Coppolella,738,722,Hudson Hildebrandt,284,305,PO,417,B3,2,0,0,7,-0.11%,0.11%,0,0,0,135,12,1,PHB,LMN,PO,RGO,RGO,1
ViktRon Swanson,651,294,Red Arrow,547,222,1B,72,T4,0,0,0,7,0.57%,-0.57%,0,0,0,136,12,1,LMN,PHB,1B,1B,1B,1
ViktRon Swanson,651,499,Red Arrow,547,222,SB,277,T4,0,1,0,7,-0.36%,0.36%,0,0,0,136,12,1,LMN,PHB,Steal 2B,Steal 2B,SB,4
ViktRon Swanson,651,385,Red Arrow,547,1,CS,384,T4,0,2,0,7,-0.16%,0.16%,0,0,0,136,12,1,LMN,PHB,CS 3B,CS 3B,CS,4
Arthur Vandelay,518,,Red Arrow,547,,Auto BB,,T4,1,0,0,7,0.25%,-0.25%,0,0,0,136,12,1,LMN,PHB,Auto BB,Auto BB,Auto BB,10
Speedo Meter,675,222,Red Arrow,547,67,BB,155,T4,1,1,0,7,-0.04%,0.04%,0,0,0,136,12,1,LMN,PHB,BB,FO,BB,1
Monty Johnson,557,534,Red Arrow,547,888,K,354,T4,1,4,0,7,-0.24%,0.24%,0,0,0,136,12,1,LMN,PHB,K,K,K,1
Theodora DiBiaserunner,497,950,Red Arrow,547,656,K,294,T4,2,4,0,7,-0.41%,0.41%,0,0,0,136,12,1,LMN,PHB,K,K,K,1
Jeter O'Cola,739,222,Hudson Hildebrandt,284,808,PO,414,B4,0,0,0,7,-0.78%,0.78%,0,0,0,137,12,1,PHB,LMN,PO,PO,RGO,1
Jrue Pierce,759,269,Hudson Hildebrandt,284,433,BB,164,B4,1,0,0,7,1.15%,-1.15%,0,0,0,137,12,1,PHB,LMN,BB,FO,BB,1
Jrue Pierce,759,517,Hudson Hildebrandt,284,655,SB,138,B4,1,1,0,7,0.71%,-0.71%,0,0,0,137,12,1,PHB,LMN,Steal 2B,Steal 2B,SB,4
Cam Singleton,266,375,Hudson Hildebrandt,284,867,LGO,492,B4,1,2,0,7,-1.75%,1.75%,0,0,0,137,12,1,PHB,LMN,LGO,LGO,LGO,1
WILL THE THRILL,745,200,Hudson Hildebrandt,284,109,BB,91,B4,2,2,0,7,0.23%,-0.23%,0,0,0,137,12,1,PHB,LMN,BB,BB,1B,1
Bob Kelso,1834,487,Hudson Hildebrandt,284,122,K,365,B4,2,4,0,7,-1.35%,1.35%,0,0,0,137,12,1,PHB,LMN,K,K,K,1
Lloyd Gross,135,438,Jrue Pierce,759,98,PO,340,T5,0,0,0,7,0.07%,-0.07%,0,0,0,138,12,1,LMN,PHB,PO,PO,K,1
Xerxes Dalin,474,240,Jrue Pierce,759,416,BB,176,T5,1,0,0,7,-0.11%,0.11%,0,1,1,138,12,1,LMN,PHB,BB,BB,BB,1
Larry Longshot,32,185,Jrue Pierce,759,342,BB,157,T5,1,1,0,7,0.24%,-0.24%,0,1,1,138,12,1,LMN,PHB,BB,BB,BB,1
Michael Ikenberry,63,722,Jrue Pierce,759,767,2B,45,T5,1,4,0,7,0.22%,-0.22%,1,1,1,138,12,1,LMN,PHB,2B,2B,2B,1
ViktRon Swanson,651,69,Jrue Pierce,759,98,2B,29,T5,1,6,0,8,-0.42%,0.42%,2,0,1,138,12,1,LMN,PHB,2B,2B,3B,1
ViktRon Swanson,651,945,Jrue Pierce,759,872,SB,73,T5,1,2,0,10,0.82%,-0.82%,0,1,0,138,12,1,LMN,PHB,Steal 3B,Steal 3B,SB,4
Arthur Vandelay,518,124,Jrue Pierce,759,683,RGO,441,T5,1,3,0,10,-1.08%,1.08%,1,0,0,138,12,1,LMN,PHB,RGO,RGO,RGO,1
Speedo Meter,675,222,Jrue Pierce,759,125,2B,97,T5,2,0,0,11,0.47%,-0.47%,0,1,1,138,12,1,LMN,PHB,2B,1B,1B,1
Monty Johnson,557,912,Jrue Pierce,759,12,1B,100,T5,2,2,0,11,-0.38%,0.38%,1,1,1,138,12,1,LMN,PHB,1B,1B,1B,1
Theodora DiBiaserunner,497,567,Jrue Pierce,759,420,1B,147,T5,2,1,0,12,0.39%,-0.39%,0,1,1,138,12,1,LMN,PHB,1B,BB,BB,1
Lloyd Gross,135,500,Jrue Pierce,759,369,1B,131,T5,2,5,0,12,0.00%,0.00%,1,1,1,138,12,1,LMN,PHB,1B,BB,1B,1
Xerxes Dalin,474,669,Jrue Pierce,759,500,1B,169,T5,2,5,0,13,0.00%,0.00%,1,1,1,138,12,1,LMN,PHB,1B,BB,BB,1
Larry Longshot,32,255,Jrue Pierce,759,239,HR,16,T5,2,5,0,14,-0.48%,0.48%,3,1,1,138,12,1,LMN,PHB,HR,HR,HR,1
Michael Ikenberry,63,722,Red Arrow,547,632,1B,90,T5,2,0,0,17,0.09%,-0.09%,0,0,0,138,12,1,LMN,PHB,1B,1B,1B,1
ViktRon Swanson,651,581,Red Arrow,547,900,FO,319,T5,2,1,0,17,-0.18%,0.18%,0,0,0,138,12,1,LMN,PHB,FO,FO,K,1
Dottie Hooligan,770,170,Gray Goose McGillicuddy,1961,48,1B,122,B5,0,0,0,17,1.18%,-1.18%,0,0,0,139,12,1,PHB,LMN,1B,1B,1B,1
Jeff Steelflex,268,47,Gray Goose McGillicuddy,1961,770,PO,277,B5,0,1,0,17,-1.13%,1.13%,0,0,0,139,12,1,PHB,LMN,PO,PO,FO,1
Red Arrow,547,145,Gray Goose McGillicuddy,1961,70,1B,75,B5,1,1,0,17,1.46%,-1.46%,0,0,0,139,12,1,PHB,LMN,1B,1B,1B,1
Johññy Coppolella,738,90,Gray Goose McGillicuddy,1961,655,DP,435,B5,1,4,0,17,-2.87%,2.87%,0,0,0,139,12,1,PHB,LMN,LGO,LGO,DP,1
Arthur Vandelay,518,333,Red Arrow,547,5,K,328,T6,0,0,0,17,-0.01%,0.01%,0,0,0,140,12,1,LMN,PHB,K,K,K,1
Speedo Meter,675,222,Red Arrow,547,478,FO,256,T6,1,0,0,17,-0.07%,0.07%,0,0,0,140,12,1,LMN,PHB,FO,FO,FO,1
Monty Johnson,557,111,Red Arrow,547,599,LGO,488,T6,2,0,0,17,-0.07%,0.07%,0,0,0,140,12,1,LMN,PHB,LGO,LGO,LGO,1
Jeter O'Cola,739,835,Gray Goose McGillicuddy,1961,749,1B,86,B6,0,0,0,17,0.73%,-0.73%,0,0,0,141,12,1,PHB,LMN,1B,1B,1B,1
Jrue Pierce,759,634,Gray Goose McGillicuddy,1961,25,DP,391,B6,0,1,0,17,-1.29%,1.29%,0,0,0,141,12,1,PHB,LMN,RGO,RGO,PO,1
Cam Singleton,266,69,Gray Goose McGillicuddy,1961,417,RGO,348,B6,2,0,0,17,-0.03%,0.03%,0,0,0,141,12,1,PHB,LMN,RGO,RGO,K,1
Cali Guerensk,1729,333,Yahtzee Pinocchio,815,813,LGO,480,T1,0,0,0,0,-2.52%,2.52%,0,0,0,142,13,2,RKT,WSH,LGO,LGO,LGO,1
DeVon Pepper,1701,759,Yahtzee Pinocchio,815,777,HR,18,T1,1,0,0,0,10.53%,-10.53%,1,1,1,142,13,2,RKT,WSH,HR,HR,HR,1
Nick Dudley,689,720,Joel Embiid,285,21,FO,301,T1,1,0,0,1,-1.89%,1.89%,0,0,0,142,13,2,RKT,WSH,FO,K,K,1
Corey Scooter,1717,623,Joel Embiid,285,548,2B,75,T1,2,0,0,1,2.86%,-2.86%,0,0,0,142,13,2,RKT,WSH,2B,2B,1B,1
Kyle Corbett,707,949,Joel Embiid,285,302,RGO,353,T1,2,2,0,1,-4.51%,4.51%,0,0,0,142,13,2,RKT,WSH,RGO,RGO,K,1
Phil Coulson,226,427,Nick Willis Jr.,1841,696,FO,269,B1,0,0,0,1,-3.15%,3.15%,0,0,0,143,13,2,WSH,RKT,FO,K,FO,1
Jabreakit Jubawit,1964,334,Nick Willis Jr.,1841,223,1B,111,B1,1,0,0,1,3.84%,-3.84%,0,1,1,143,13,2,WSH,RKT,1B,1B,1B,1
Billy McBeans,681,684,Nick Willis Jr.,1841,627,2B,57,B1,1,1,0,1,11.68%,-11.68%,0,0,0,143,13,2,WSH,RKT,2B,2B,2B,1
Oliver Yu,286,901,Nick Willis Jr.,1841,997,1B,96,B1,1,6,0,1,8.75%,-8.75%,1,0,0,143,13,2,WSH,RKT,1B,1B,1B,1
Mitch Kramer,669,420,Nick Willis Jr.,1841,997,PO,423,B1,1,5,1,1,-10.50%,10.50%,0,0,0,143,13,2,WSH,RKT,PO,RGO,DP,1
Joel Embiid,285,443,Nick Willis Jr.,1841,803,K,360,B1,2,5,1,1,-6.16%,6.16%,0,0,0,143,13,2,WSH,RKT,K,K,K,1
J.J. Romero,629,99,Joel Embiid,285,2,1B,97,T2,0,0,1,1,4.19%,-4.19%,0,1,1,144,13,2,RKT,WSH,1B,1B,1B,1
Coleman Waters,152,590,Joel Embiid,285,512,2B,78,T2,0,1,1,1,14.44%,-14.44%,0,1,1,144,13,2,RKT,WSH,2B,2B,1B,1
Penny Lane,716,666,Joel Embiid,285,888,Sac,222,T2,0,6,1,1,-4.09%,4.09%,1,0,0,144,13,2,RKT,WSH,FO,FO,Sac,1
Joe Nastasi,614,366,Joel Embiid,285,350,HR,16,T2,1,2,1,2,14.60%,-14.60%,2,1,1,144,13,2,RKT,WSH,HR,HR,HR,1
Cali Guerensk,1729,350,Joel Embiid,285,230,1B,120,T2,1,0,1,4,1.36%,-1.36%,0,1,1,144,13,2,RKT,WSH,1B,1B,1B,1
DeVon Pepper,1701,617,Joel Embiid,285,502,1B,115,T2,1,1,1,4,3.09%,-3.09%,0,1,1,144,13,2,RKT,WSH,1B,BB,1B,1
Nick Dudley,689,420,Joel Embiid,285,279,1B,141,T2,1,4,1,4,4.11%,-4.11%,0,1,1,144,13,2,RKT,WSH,1B,BB,BB,1
Corey Scooter,1717,678,Joel Embiid,285,603,2B,75,T2,1,7,1,4,8.40%,-8.40%,2,1,1,144,13,2,RKT,WSH,2B,2B,1B,1
Kyle Corbett,707,878,Joel Embiid,285,603,K,275,T2,1,6,1,6,-3.84%,3.84%,0,0,0,144,13,2,RKT,WSH,K,K,Sac,1
J.J. Romero,629,29,Joel Embiid,285,878,1B,151,T2,2,6,1,6,1.23%,-1.23%,2,0,0,144,13,2,RKT,WSH,1B,BB,BB,1
Coleman Waters,152,29,Joel Embiid,285,714,PO,315,T2,2,1,1,8,-0.05%,0.05%,0,0,0,144,13,2,RKT,WSH,PO,RGO,K,1
KC Bats,287,420,Nick Willis Jr.,1841,281,BB,139,B2,0,0,1,8,1.40%,-1.40%,0,1,1,145,13,2,WSH,RKT,BB,BB,BB,1
Joe Pidgeon,301,738,Nick Willis Jr.,1841,684,2B,54,B2,0,1,1,8,5.27%,-5.27%,0,1,1,145,13,2,WSH,RKT,2B,2B,2B,1
Charlie Bae Jr.,293,7,Nick Willis Jr.,1841,994,HR,13,B2,0,6,1,8,2.81%,-2.81%,3,1,1,145,13,2,WSH,RKT,HR,3B,HR,1
Phil Coulson,226,696,Nick Willis Jr.,1841,69,PO,373,B2,0,0,4,8,-2.54%,2.54%,0,0,0,145,13,2,WSH,RKT,PO,RGO,K,1
Jabreakit Jubawit,1964,347,Nick Willis Jr.,1841,334,HR,13,B2,1,0,4,8,7.05%,-7.05%,1,1,1,145,13,2,WSH,RKT,HR,HR,HR,1
Billy McBeans,681,999,Coleman Waters,152,985,HR,14,B2,1,0,5,8,9.36%,-9.36%,1,1,1,145,13,2,WSH,RKT,HR,HR,HR,1
Oliver Yu,286,1,Coleman Waters,152,337,K,336,B2,1,0,6,8,-2.95%,2.95%,0,0,0,145,13,2,WSH,RKT,K,K,K,1
Ray Saint Pete,1816,799,Coleman Waters,152,504,K,295,B2,2,0,6,8,-1.52%,1.52%,0,0,0,145,13,2,WSH,RKT,K,K,K,1
Penny Lane,716,166,Jeff Dingerhitter,298,312,BB,146,T3,0,0,6,8,2.17%,-2.17%,0,0,0,146,13,2,RKT,WSH,BB,BB,BB,1
Joe Nastasi,614,10,Jeff Dingerhitter,298,611,PO,399,T3,0,1,6,8,-1.26%,1.26%,0,0,0,146,13,2,RKT,WSH,PO,PO,PO,1
Cali Guerensk,1729,169,Jeff Dingerhitter,298,918,FO,251,T3,1,1,6,8,-2.83%,2.83%,0,0,0,146,13,2,RKT,WSH,FO,FO,FO,1
DeVon Pepper,1701,300,Jeff Dingerhitter,298,755,LGO,455,T3,2,1,6,8,-3.17%,3.17%,0,0,0,146,13,2,RKT,WSH,LGO,LGO,LGO,1
Jeff Dingerhitter,298,815,Coleman Waters,152,119,K,304,B3,0,0,6,8,-3.78%,3.78%,0,0,0,147,13,2,WSH,RKT,K,K,K,1
KC Bats,287,904,Coleman Waters,152,493,K,411,B3,1,0,6,8,-2.85%,2.85%,0,0,0,147,13,2,WSH,RKT,K,RGO,RGO,1
Joe Pidgeon,301,738,Coleman Waters,152,281,LGO,457,B3,2,0,6,8,-2.26%,2.26%,0,0,0,147,13,2,WSH,RKT,LGO,LGO,LGO,1
Nick Dudley,689,600,Jeff Dingerhitter,298,232,K,368,T4,0,0,6,8,-1.72%,1.72%,0,0,0,148,13,2,RKT,WSH,K,K,K,1
Corey Scooter,1717,586,Jeff Dingerhitter,298,515,2B,71,T4,1,0,6,8,3.48%,-3.48%,0,1,1,148,13,2,RKT,WSH,2B,2B,1B,1
Kyle Corbett,707,99,Jeff Dingerhitter,298,311,FO,212,T4,1,2,6,8,-2.75%,2.75%,0,0,0,148,13,2,RKT,WSH,FO,FO,FO,1
J.J. Romero,629,700,Jeff Dingerhitter,298,828,1B,128,T4,2,2,6,8,8.10%,-8.10%,1,0,0,148,13,2,RKT,WSH,1B,1B,1B,1
Coleman Waters,152,7,Jeff Dingerhitter,298,311,K,304,T4,2,1,6,9,-2.10%,2.10%,0,0,0,148,13,2,RKT,WSH,K,K,K,1
Charlie Bae Jr.,293,137,Coleman Waters,152,734,K,403,B4,0,0,6,9,-3.22%,3.22%,0,0,0,149,13,2,WSH,RKT,K,RGO,RGO,1
Phil Coulson,226,947,Coleman Waters,152,41,1B,94,B4,1,0,6,9,4.04%,-4.04%,0,0,0,149,13,2,WSH,RKT,1B,1B,1B,1
Jabreakit Jubawit,1964,746,Coleman Waters,152,617,BB,129,B4,1,1,6,9,6.88%,-6.88%,0,0,0,149,13,2,WSH,RKT,BB,BB,1B,1
Billy McBeans,681,490,Coleman Waters,152,5,DP,485,B4,1,4,6,9,-15.18%,15.18%,0,0,0,149,13,2,WSH,RKT,LGO,LGO,DP,1
Penny Lane,716,666,Jeff Dingerhitter,298,319,K,347,T5,0,0,6,9,-0.82%,0.82%,0,0,0,150,13,2,RKT,WSH,K,PO,K,1
Joe Nastasi,614,654,Jack Ryan,2215,713,2B,59,T5,1,0,6,9,1.96%,-1.96%,0,1,1,150,13,2,RKT,WSH,2B,1B,2B,1
Cali Guerensk,1729,333,Jack Ryan,2215,290,2B,43,T5,1,2,6,9,3.62%,-3.62%,1,0,0,150,13,2,RKT,WSH,2B,2B,2B,1
DeVon Pepper,1701,790,Jack Ryan,2215,412,PO,378,T5,1,2,6,10,-0.57%,0.57%,0,0,0,150,13,2,RKT,WSH,PO,PO,PO,1
Nick Dudley,689,560,Jack Ryan,2215,119,RGO,441,T5,2,2,6,10,-1.39%,1.39%,0,0,0,150,13,2,RKT,WSH,RGO,RGO,RGO,1
Oliver Yu,286,738,Coleman Waters,152,832,BB,94,B5,0,0,6,10,3.69%,-3.69%,0,0,0,151,13,2,WSH,RKT,BB,BB,1B,1
Ray Saint Pete,1816,669,Coleman Waters,152,225,DP,444,B5,0,1,6,10,-7.33%,7.33%,0,0,0,151,13,2,WSH,RKT,LGO,LGO,DP,1
Jack Ryan,2215,912,Coleman Waters,152,609,K,303,B5,2,0,6,10,-0.67%,0.67%,0,0,0,151,13,2,WSH,RKT,K,K,K,1
Corey Scooter,1717,786,Jack Ryan,2215,209,RGO,423,T6,0,0,6,10,-0.30%,0.30%,0,0,0,152,13,2,RKT,WSH,RGO,RGO,RGO,1
Kyle Corbett,707,899,Jack Ryan,2215,73,FO,174,T6,1,0,6,10,-0.06%,0.06%,0,0,0,152,13,2,RKT,WSH,FO,FO,BB,1
Mongster Mash,344,771,Jack Ryan,2215,103,PO,332,T6,2,0,6,10,-0.31%,0.31%,0,0,0,152,13,2,RKT,WSH,PO,PO,K,1
KC Bats,287,69,Coleman Waters,152,883,FO,186,B6,0,0,6,10,-1.60%,1.60%,0,0,0,153,13,2,WSH,RKT,FO,FO,FO,1
Joe Pidgeon,301,432,Coleman Waters,152,17,RGO,415,B6,1,0,6,10,-0.88%,0.88%,0,0,0,153,13,2,WSH,RKT,RGO,RGO,RGO,1
Charlie Bae Jr.,293,75,Coleman Waters,152,45,HR,30,B6,2,0,6,10,0.44%,-0.44%,1,1,1,153,13,2,WSH,RKT,HR,2B,2B,1
Phil Coulson,226,100,Coleman Waters,152,339,FO,239,B6,2,0,7,10,-0.73%,0.73%,0,0,0,153,13,2,WSH,RKT,FO,FO,FO,1
Bubba McCali,72,589,Moby Dick,1719,815,K,226,T1,0,0,0,0,-2.52%,2.52%,0,0,0,154,14,2,CHI,KRB,K,K,FO,1
Indy Sayne,151,276,Moby Dick,1719,120,BB,156,T1,1,0,0,0,3.21%,-3.21%,0,1,1,154,14,2,CHI,KRB,BB,BB,BB,1
Hamish McSmashithard,1793,327,Moby Dick,1719,1000,PO,327,T1,1,1,0,0,-3.96%,3.96%,0,0,0,154,14,2,CHI,KRB,PO,PO,K,1
Stephen Bear,358,880,Moby Dick,1719,900,HR,20,T1,2,1,0,0,19.93%,-19.93%,2,1,1,154,14,2,CHI,KRB,HR,HR,HR,1
Candy Sollazo,715,24,Moby Dick,1719,800,FO,224,T1,2,0,0,2,-1.53%,1.53%,0,0,0,154,14,2,CHI,KRB,FO,FO,FO,1
Francis X. Clampazzo,485,452,Michael Ikenberry,63,779,K,327,B1,0,0,0,2,-2.78%,2.78%,0,0,0,155,14,2,KRB,CHI,K,K,K,1
Roy Hobbs,609,819,Michael Ikenberry,63,454,PO,365,B1,1,0,0,2,-2.64%,2.64%,0,0,0,155,14,2,KRB,CHI,PO,PO,K,1
Ping Pong,530,693,Michael Ikenberry,63,318,RGO,375,B1,2,0,0,2,-1.53%,1.53%,0,0,0,155,14,2,KRB,CHI,RGO,RGO,K,1
Sleve McDichael,1786,892,Moby Dick,1719,215,PO,323,T2,0,0,0,2,-1.87%,1.87%,0,0,0,156,14,2,CHI,KRB,PO,PO,K,1
Miroslav,71,369,Moby Dick,1719,700,PO,331,T2,1,0,0,2,-1.76%,1.76%,0,0,0,156,14,2,CHI,KRB,PO,PO,K,1
Johnny Hustle,513,238,Moby Dick,1719,555,PO,317,T2,2,0,0,2,-1.43%,1.43%,0,0,0,156,14,2,CHI,KRB,PO,PO,K,1
Christian Bevan,616,979,Michael Ikenberry,63,269,K,290,B2,0,0,0,2,-3.08%,3.08%,0,0,0,157,14,2,KRB,CHI,K,K,K,1
Brian Zucchini,33,116,Michael Ikenberry,63,107,HR,9,B2,1,0,0,2,11.34%,-11.34%,1,1,1,157,14,2,KRB,CHI,HR,HR,HR,1
Arthur Vandelay,518,425,Michael Ikenberry,63,351,1B,74,B2,1,0,1,2,4.30%,-4.30%,0,0,0,157,14,2,KRB,CHI,1B,1B,1B,1
Wee Laddy Donkus,582,75,Michael Ikenberry,63,620,DP,455,B2,1,1,1,2,-9.23%,9.23%,0,0,0,157,14,2,KRB,CHI,RGO,RGO,DP,1
Velvet Scarlatina,59,213,Moby Dick,1719,610,PO,397,T3,0,0,1,2,-2.77%,2.77%,0,0,0,158,14,2,CHI,KRB,PO,PO,PO,1
Bubba McCali,72,630,Moby Dick,1719,400,K,230,T3,1,0,1,2,-2.57%,2.57%,0,0,0,158,14,2,CHI,KRB,K,K,FO,1
Indy Sayne,151,475,Moby Dick,1719,1,LGO,474,T3,2,0,1,2,-1.56%,1.56%,0,0,0,158,14,2,CHI,KRB,LGO,LGO,LGO,1
Jin Yang,1695,245,Declan Decanter,1962,169,1B,76,B3,0,0,1,2,5.56%,-5.56%,0,0,0,159,14,2,KRB,CHI,1B,1B,1B,1
Moby Dick,1719,215,Declan Decanter,1962,750,DP,465,B3,0,1,1,2,-12.86%,12.86%,0,0,0,159,14,2,KRB,CHI,LGO,LGO,DP,1
Francis X. Clampazzo,485,21,Declan Decanter,1962,902,BB,119,B3,2,0,1,2,2.56%,-2.56%,0,0,0,159,14,2,KRB,CHI,BB,BB,1B,1
Roy Hobbs,609,21,Declan Decanter,1962,777,FO,244,B3,2,1,1,2,-4.84%,4.84%,0,0,0,159,14,2,KRB,CHI,FO,FO,FO,1
Hamish McSmashithard,1793,350,Moby Dick,1719,511,FO,161,T4,0,0,1,2,-2.65%,2.65%,0,0,0,160,14,2,CHI,KRB,FO,FO,BB,1
Stephen Bear,358,910,Moby Dick,1719,360,RGO,450,T4,1,0,1,2,-2.58%,2.58%,0,0,0,160,14,2,CHI,KRB,RGO,RGO,RGO,1
Candy Sollazo,715,218,Moby Dick,1719,800,PO,418,T4,2,0,1,2,-1.93%,1.93%,0,0,0,160,14,2,CHI,KRB,PO,PO,RGO,1
Ping Pong,530,11,Declan Decanter,1962,69,3B,58,B4,0,0,1,2,18.64%,-18.64%,0,1,1,161,14,2,KRB,CHI,3B,3B,2B,1
Homer Nocker,606,420,Declan Decanter,1962,533,1B,113,B4,0,3,1,2,10.20%,-10.20%,1,0,0,161,14,2,KRB,CHI,1B,1B,1B,1
Brian Zucchini,33,737,Declan Decanter,1962,533,FO,204,B4,0,1,2,2,-3.80%,3.80%,0,0,0,161,14,2,KRB,CHI,FO,FO,FO,1
Arthur Vandelay,518,420,Declan Decanter,1962,802,PO,382,B4,1,1,2,2,-5.81%,5.81%,0,0,0,161,14,2,KRB,CHI,PO,PO,PO,1
Wee Laddy Donkus,582,950,Declan Decanter,1962,420,LGO,470,B4,2,1,2,2,-5.11%,5.11%,0,0,0,161,14,2,KRB,CHI,LGO,LGO,LGO,1
Sleve McDichael,1786,903,Moby Dick,1719,900,HR,3,T5,0,0,2,2,21.43%,-21.43%,1,1,1,162,14,2,CHI,KRB,HR,HR,HR,1
Miroslav,71,300,Moby Dick,1719,900,PO,400,T5,0,0,2,3,-3.05%,3.05%,0,0,0,162,14,2,CHI,KRB,PO,PO,RGO,1
Johnny Hustle,513,602,Moby Dick,1719,810,FO,208,T5,1,0,2,3,-2.51%,2.51%,0,0,0,162,14,2,CHI,KRB,FO,FO,FO,1
Velvet Scarlatina,59,18,Moby Dick,1719,550,LGO,468,T5,2,0,2,3,-1.72%,1.72%,0,0,0,162,14,2,CHI,KRB,LGO,LGO,LGO,1
Jin Yang,1695,666,Valeria Lisova,183,80,RGO,414,B5,0,0,2,3,-6.28%,6.28%,0,0,0,163,14,2,KRB,CHI,RGO,RGO,RGO,1
Moby Dick,1719,666,Valeria Lisova,183,868,FO,202,B5,1,0,2,3,-5.99%,5.99%,0,0,0,163,14,2,KRB,CHI,FO,FO,FO,1
Francis X. Clampazzo,485,750,Valeria Lisova,183,409,K,341,B5,2,0,2,3,-4.18%,4.18%,0,0,0,163,14,2,KRB,CHI,K,K,K,1
Bubba McCali,72,555,Jin Yang,1695,278,PO,277,T6,0,0,2,3,-2.38%,2.38%,0,0,0,164,14,2,CHI,KRB,PO,PO,FO,1
Indy Sayne,151,772,Jin Yang,1695,622,BB,150,T6,1,0,2,3,2.57%,-2.57%,0,0,0,164,14,2,CHI,KRB,BB,BB,BB,1
Hamish McSmashithard,1793,500,Jin Yang,1695,363,BB,137,T6,1,1,2,3,3.00%,-3.00%,0,0,0,164,14,2,CHI,KRB,BB,BB,1B,1
Stephen Bear,358,720,Jin Yang,1695,938,FO,218,T6,1,4,2,3,-4.18%,4.18%,0,0,0,164,14,2,CHI,KRB,FO,FO,FO,1
Candy Sollazo,715,6,Jin Yang,1695,475,RGO,469,T6,2,4,2,3,-4.88%,4.88%,0,0,0,164,14,2,CHI,KRB,RGO,RGO,LGO,1
Roy Hobbs,609,99,Valeria Lisova,183,797,K,302,B6,0,0,2,3,-9.46%,9.46%,0,0,0,165,14,2,KRB,CHI,K,K,K,1
Ping Pong,530,69,Valeria Lisova,183,300,K,231,B6,1,0,2,3,-9.16%,9.16%,0,0,0,165,14,2,KRB,CHI,K,K,FO,1
Homer Nocker,606,377,Valeria Lisova,183,462,1B,85,B6,2,0,2,3,7.21%,-7.21%,0,0,0,165,14,2,KRB,CHI,1B,1B,1B,1
Brian Zucchini,33,876,Valeria Lisova,183,314,RGO,438,B6,2,1,2,3,-13.83%,13.83%,0,0,0,165,14,2,KRB,CHI,RGO,RGO,RGO,1
Davoin Shower-Handel,1949,843,Johnny Hendrix,600,287,RGO,444,T1,0,0,0,0,-2.52%,2.52%,0,0,0,166,15,2,TSA,WWC,RGO,RGO,RGO,1
Mutton Happleburth,493,949,Johnny Hendrix,600,776,FO,173,T1,1,0,0,0,-2.52%,2.52%,0,0,0,166,15,2,TSA,WWC,FO,FO,BB,1
Rob Patterson,140,996,Johnny Hendrix,600,382,PO,386,T1,2,0,0,0,-1.74%,1.74%,0,0,0,166,15,2,TSA,WWC,PO,PO,PO,1
Skippy Schumaker,1843,819,Donnie Draper,138,501,K,318,B1,0,0,0,0,-2.73%,2.73%,0,0,0,167,15,2,WWC,TSA,K,K,K,1
Guido Ligiorno,1830,269,Donnie Draper,138,501,FO,232,B1,1,0,0,0,-2.27%,2.27%,0,0,0,167,15,2,WWC,TSA,FO,FO,FO,1
Hubert Farnsworth,1815,670,Donnie Draper,138,289,PO,381,B1,2,0,0,0,-1.79%,1.79%,0,0,0,167,15,2,WWC,TSA,PO,PO,PO,1
Hayden McCloud,129,997,Johnny Hendrix,600,219,FO,222,T2,0,0,0,0,-2.86%,2.86%,0,0,0,168,15,2,TSA,WWC,FO,FO,FO,1
Batter Buckland,137,16,Johnny Hendrix,600,481,RGO,465,T2,1,0,0,0,-2.90%,2.90%,0,0,0,168,15,2,TSA,WWC,RGO,RGO,LGO,1
Nicholas Fouss,1776,818,Johnny Hendrix,600,171,K,353,T2,2,0,0,0,-1.53%,1.53%,0,0,0,168,15,2,TSA,WWC,K,K,K,1
Eli Sasak,607,9,Donnie Draper,138,52,2B,43,B2,0,0,0,0,6.92%,-6.92%,0,0,0,169,15,2,WWC,TSA,2B,2B,2B,1
J.J. Guemes,207,501,Donnie Draper,138,212,K,289,B2,0,2,0,0,-4.74%,4.74%,0,0,0,169,15,2,WWC,TSA,K,K,K,1
Roland Kholin,583,512,Donnie Draper,138,999,LGO,487,B2,1,2,0,0,-4.24%,4.24%,0,0,0,169,15,2,WWC,TSA,LGO,LGO,LGO,1
Henryk Szydlowski,1720,666,Donnie Draper,138,586,BB,80,B2,2,2,0,0,1.58%,-1.58%,0,0,0,169,15,2,WWC,TSA,BB,BB,1B,1
Paddy O'Connor,549,333,Donnie Draper,138,81,K,252,B2,2,4,0,0,-6.83%,6.83%,0,0,0,169,15,2,WWC,TSA,K,K,FO,1
Lloyd Gross,135,234,Johnny Hendrix,600,473,K,239,T3,0,0,0,0,-3.25%,3.25%,0,0,0,170,15,2,TSA,WWC,K,K,FO,1
Carlos,132,666,Johnny Hendrix,600,37,K,371,T3,1,0,0,0,-3.05%,3.05%,0,0,0,170,15,2,TSA,WWC,K,K,K,1
Zander Ackley,127,625,Johnny Hendrix,600,721,BB,96,T3,2,0,0,0,2.50%,-2.50%,0,0,0,170,15,2,TSA,WWC,BB,BB,1B,1
Zander Ackley,127,280,Johnny Hendrix,600,244,SB,36,T3,2,1,0,0,1.47%,-1.47%,0,0,0,170,15,2,TSA,WWC,Steal 2B,Steal 2B,SB,4
Davoin Shower-Handel,1949,444,Johnny Hendrix,600,283,BB,161,T3,2,2,0,0,1.77%,-1.77%,0,0,0,170,15,2,TSA,WWC,BB,BB,BB,1
Mutton Happleburth,493,888,Johnny Hendrix,600,323,RGO,435,T3,2,4,0,0,-7.80%,7.80%,0,0,0,170,15,2,TSA,WWC,RGO,RGO,RGO,1
Jeremy Nakamoto,1787,222,Donnie Draper,138,726,LGO,496,B3,0,0,0,0,-3.32%,3.32%,0,0,0,171,15,2,WWC,TSA,LGO,LGO,LGO,1
Skippy Schumaker,1843,498,Donnie Draper,138,601,BB,103,B3,1,0,0,0,3.99%,-3.99%,0,0,0,171,15,2,WWC,TSA,BB,BB,1B,1
Guido Ligiorno,1830,269,Donnie Draper,138,857,K,412,B3,1,1,0,0,-4.73%,4.73%,0,0,0,171,15,2,WWC,TSA,K,K,DP,1
Hubert Farnsworth,1815,215,Donnie Draper,138,927,K,288,B3,2,1,0,0,-4.38%,4.38%,0,0,0,171,15,2,WWC,TSA,K,K,K,1
Rob Patterson,140,349,Johnny Hendrix,600,588,FO,239,T4,0,0,0,0,-3.87%,3.87%,0,0,0,172,15,2,TSA,WWC,FO,FO,FO,1
Hayden McCloud,129,104,Johnny Hendrix,600,733,PO,371,T4,1,0,0,0,-3.68%,3.68%,0,0,0,172,15,2,TSA,WWC,PO,PO,K,1
Batter Buckland,137,555,Johnny Hendrix,600,612,2B,57,T4,2,0,0,0,4.80%,-4.80%,0,1,1,172,15,2,TSA,WWC,2B,2B,2B,1
Nicholas Fouss,1776,900,Johnny Hendrix,600,37,1B,137,T4,2,2,0,0,15.71%,-15.71%,1,0,0,172,15,2,TSA,WWC,1B,BB,1B,1
Lloyd Gross,135,333,Johnny Hendrix,600,881,RGO,452,T4,2,1,0,1,-3.86%,3.86%,0,0,0,172,15,2,TSA,WWC,RGO,RGO,LGO,1
Eli Sasak,607,719,Donnie Draper,138,116,K,397,B4,0,0,0,1,-4.80%,4.80%,0,0,0,173,15,2,WWC,TSA,K,K,PO,1
J.J. Guemes,207,300,Donnie Draper,138,801,LGO,499,B4,1,0,0,1,-4.17%,4.17%,0,0,0,173,15,2,WWC,TSA,LGO,LGO,LGO,1
Roland Kholin,583,299,Donnie Draper,138,712,PO,413,B4,2,0,0,1,-3.35%,3.35%,0,0,0,173,15,2,WWC,TSA,PO,PO,RGO,1
Carlos,132,395,Johnny Hendrix,600,922,LGO,473,T5,0,0,0,1,-3.05%,3.05%,0,0,0,174,15,2,TSA,WWC,LGO,LGO,LGO,1
Zander Ackley,127,127,Johnny Hendrix,600,649,LGO,478,T5,1,0,0,1,-2.51%,2.51%,0,0,0,174,15,2,TSA,WWC,LGO,LGO,LGO,1
Davoin Shower-Handel,1949,207,Johnny Hendrix,600,473,FO,266,T5,2,0,0,1,-1.72%,1.72%,0,0,0,174,15,2,TSA,WWC,FO,FO,FO,1
Henryk Szydlowski,1720,512,Donnie Draper,138,445,BB,67,B5,0,0,0,1,8.57%,-8.57%,0,0,0,175,15,2,WWC,TSA,BB,BB,1B,1
Hans Ali,197,89,Donnie Draper,138,945,FO,144,B5,0,1,0,1,-6.83%,6.83%,0,0,0,175,15,2,WWC,TSA,FO,FO,BB,1
Jeremy Nakamoto,1787,723,Donnie Draper,138,445,K,278,B5,1,1,0,1,-9.18%,9.18%,0,0,0,175,15,2,WWC,TSA,K,K,FO,1
Henryk Szydlowski,1720,745,Donnie Draper,138,390,CS,355,B5,2,1,0,1,-9.01%,9.01%,0,0,0,175,15,2,WWC,TSA,CS 2B,CS 2B,CS,4
Mutton Happleburth,493,199,Johnny Hendrix,600,586,K,387,T6,0,0,0,1,-2.38%,2.38%,0,0,0,176,15,2,TSA,WWC,K,K,PO,1
Rob Patterson,140,9,Johnny Hendrix,600,21,HR,12,T6,1,0,0,1,11.08%,-11.08%,1,1,1,176,15,2,TSA,WWC,HR,HR,HR,1
Hayden McCloud,129,674,Johnny Hendrix,600,638,3B,36,T6,1,0,0,2,4.07%,-4.07%,0,1,1,176,15,2,TSA,WWC,3B,3B,2B,1
Batter Buckland,137,90,Ferret McGivins,1706,290,Sac,200,T6,1,3,0,2,1.13%,-1.13%,1,0,0,176,15,2,TSA,WWC,FO,FO,Sac,1
Nicholas Fouss,1776,675,Ferret McGivins,1706,512,BB,163,T6,2,0,0,3,0.33%,-0.33%,0,0,0,176,15,2,TSA,WWC,BB,BB,BB,1
Lloyd Gross,135,711,Ferret McGivins,1706,183,LGO,472,T6,2,1,0,3,-0.81%,0.81%,0,0,0,176,15,2,TSA,WWC,LGO,LGO,LGO,1
Skippy Schumaker,1843,116,Donnie Draper,138,576,LGO,460,B6,0,0,0,3,-3.09%,3.09%,0,0,0,177,15,2,WWC,TSA,LGO,LGO,LGO,1
Guido Ligiorno,1830,605,Donnie Draper,138,254,K,351,B6,1,0,0,3,-2.13%,2.13%,0,0,0,177,15,2,WWC,TSA,K,K,K,1
Hubert Farnsworth,1815,,Donnie Draper,138,,Auto K,,B6,2,0,0,3,-0.73%,0.73%,0,0,0,177,15,2,WWC,TSA,Auto K,Auto K,Auto K,9
C.J. Yantzi,323,500,Harry McPotterson,1703,622,1B,122,T1,0,0,0,0,3.67%,-3.67%,0,0,0,178,16,2,YUM,PPP,1B,1B,1B,1
Willow Briansdottir,48,232,Harry McPotterson,1703,622,DP,390,T1,0,1,0,0,-8.71%,8.71%,0,0,0,178,16,2,YUM,PPP,RGO,RGO,PO,1
Rick McLightning,55,12,Harry McPotterson,1703,751,FO,261,T1,2,0,0,0,-1.74%,1.74%,0,0,0,178,16,2,YUM,PPP,FO,FO,FO,1
Juni Panda,488,512,Tristan Leung,1692,188,K,324,B1,0,0,0,0,-2.73%,2.73%,0,0,0,179,16,2,PPP,YUM,K,K,K,1
Holden Summers,10,366,Tristan Leung,1692,79,K,287,B1,1,0,0,0,-2.27%,2.27%,0,0,0,179,16,2,PPP,YUM,K,K,K,1
Snoop E. Dogg,22,850,Tristan Leung,1692,69,K,219,B1,2,0,0,0,-1.79%,1.79%,0,0,0,179,16,2,PPP,YUM,K,K,FO,1
Skinny Bear Brown Hill,752,830,Harry McPotterson,1703,305,LGO,475,T2,0,0,0,0,-2.86%,2.86%,0,0,0,180,16,2,YUM,PPP,LGO,LGO,LGO,1
Barney Summers,414,97,Harry McPotterson,1703,515,LGO,418,T2,1,0,0,0,-2.90%,2.90%,0,0,0,180,16,2,YUM,PPP,LGO,LGO,RGO,1
LaPrince Frye,45,103,Harry McPotterson,1703,15,1B,88,T2,2,0,0,0,1.99%,-1.99%,0,0,0,180,16,2,YUM,PPP,1B,1B,1B,1
Thaddeus Gomorrah,41,987,Harry McPotterson,1703,189,FO,202,T2,2,1,0,0,-3.52%,3.52%,0,0,0,180,16,2,YUM,PPP,FO,FO,FO,1
Kris Pcock,1957,365,Tristan Leung,1692,336,2B,29,B2,0,0,0,0,6.92%,-6.92%,0,0,0,181,16,2,PPP,YUM,2B,2B,3B,1
Larry Longshot,32,102,Tristan Leung,1692,336,K,234,B2,0,2,0,0,-4.74%,4.74%,0,0,0,181,16,2,PPP,YUM,K,K,FO,1
Poop McGee,596,336,Tristan Leung,1692,520,K,184,B2,1,2,0,0,-4.24%,4.24%,0,0,0,181,16,2,PPP,YUM,K,K,FO,1
Steven Seagal,1687,336,Tristan Leung,1692,701,RGO,365,B2,2,2,0,0,-5.25%,5.25%,0,0,0,181,16,2,PPP,YUM,RGO,RGO,K,1
Haywood Jablome,17,131,Harry McPotterson,1703,189,2B,58,T3,0,0,0,0,8.40%,-8.40%,0,1,1,182,16,2,YUM,PPP,2B,2B,2B,1
Arthur Dent,691,602,Harry McPotterson,1703,500,1B,102,T3,0,2,0,0,8.08%,-8.08%,0,1,1,182,16,2,YUM,PPP,1B,1B,1B,1
C.J. Yantzi,323,220,Harry McPotterson,1703,22,Sac,198,T3,0,5,0,0,-2.04%,2.04%,1,0,0,182,16,2,YUM,PPP,FO,FO,Sac,1
Willow Briansdottir,48,805,Harry McPotterson,1703,784,HR,21,T3,1,1,0,1,17.60%,-17.60%,2,1,1,182,16,2,YUM,PPP,HR,HR,HR,1
Rick McLightning,55,500,Harry McPotterson,1703,889,RGO,389,T3,1,0,0,3,-1.45%,1.45%,0,0,0,182,16,2,YUM,PPP,RGO,RGO,PO,1
Skinny Bear Brown Hill,752,430,Harry McPotterson,1703,945,LGO,485,T3,2,0,0,3,-0.95%,0.95%,0,0,0,182,16,2,YUM,PPP,LGO,LGO,LGO,1
Lefty Louis,166,318,Tristan Leung,1692,541,K,223,B3,0,0,0,3,-2.97%,2.97%,0,0,0,183,16,2,PPP,YUM,K,K,FO,1
Nipsey Slip,529,888,Tristan Leung,1692,901,HR,13,B3,1,0,0,3,9.38%,-9.38%,1,1,1,183,16,2,PPP,YUM,HR,HR,HR,1
Juni Panda,488,901,Tristan Leung,1692,60,BB,159,B3,1,0,1,3,4.86%,-4.86%,0,0,0,183,16,2,PPP,YUM,BB,FO,BB,1
Holden Summers,10,950,Tristan Leung,1692,466,DP,484,B3,1,1,1,3,-9.97%,9.97%,0,0,0,183,16,2,PPP,YUM,LGO,LGO,DP,1
Barney Summers,414,200,Harry McPotterson,1703,634,LGO,434,T4,0,0,1,3,-1.72%,1.72%,0,0,0,184,16,2,YUM,PPP,LGO,LGO,RGO,1
LaPrince Frye,45,388,Harry McPotterson,1703,112,FO,276,T4,1,0,1,3,-1.81%,1.81%,0,0,0,184,16,2,YUM,PPP,FO,FO,FO,1
Thaddeus Gomorrah,41,101,Harry McPotterson,1703,712,RGO,389,T4,2,0,1,3,-1.54%,1.54%,0,0,0,184,16,2,YUM,PPP,RGO,RGO,PO,1
Snoop E. Dogg,22,555,Tristan Leung,1692,411,BB,144,B4,0,0,1,3,5.86%,-5.86%,0,0,0,185,16,2,PPP,YUM,BB,BB,BB,1
Kris Pcock,1957,666,Tristan Leung,1692,20,PO,354,B4,0,1,1,3,-4.71%,4.71%,0,0,0,185,16,2,PPP,YUM,PO,PO,K,1
Snoop E. Dogg,22,501,Richard Saks,321,111,CS,390,B4,1,1,1,3,-9.32%,9.32%,0,0,0,185,16,2,PPP,YUM,CS 2B,CS 2B,CS,4
Larry Longshot,32,839,Richard Saks,321,403,RGO,436,B4,2,0,1,3,-1.88%,1.88%,0,0,0,185,16,2,PPP,YUM,RGO,RGO,RGO,1
Haywood Jablome,17,142,Harry McPotterson,1703,501,K,359,T5,0,0,1,3,-1.24%,1.24%,0,0,0,186,16,2,YUM,PPP,K,K,K,1
Arthur Dent,691,857,Harry McPotterson,1703,420,LGO,437,T5,1,0,1,3,-1.79%,1.79%,0,0,0,186,16,2,YUM,PPP,LGO,LGO,RGO,1
C.J. Yantzi,323,29,Harry McPotterson,1703,203,BB,174,T5,2,0,1,3,1.23%,-1.23%,0,0,0,186,16,2,YUM,PPP,BB,BB,BB,1
Willow Briansdottir,48,21,Harry McPotterson,1703,321,K,300,T5,2,1,1,3,-2.67%,2.67%,0,0,0,186,16,2,YUM,PPP,K,K,K,1
Poop McGee,596,766,Richard Saks,321,719,2B,47,B5,0,0,1,3,11.32%,-11.32%,0,1,1,187,16,2,PPP,YUM,2B,2B,2B,1
Steven Seagal,1687,69,Richard Saks,321,130,2B,61,B5,0,2,1,3,19.43%,-19.43%,1,1,1,187,16,2,PPP,YUM,2B,2B,2B,1
Lefty Louis,166,201,Richard Saks,321,436,FO,235,B5,0,2,2,3,-10.18%,10.18%,0,0,0,187,16,2,PPP,YUM,FO,FO,FO,1
Nipsey Slip,529,700,Richard Saks,321,51,K,351,B5,1,2,2,3,-9.75%,9.75%,0,0,0,187,16,2,PPP,YUM,K,K,K,1
Juni Panda,488,512,Richard Saks,321,370,1B,142,B5,2,2,2,3,24.47%,-24.47%,1,0,0,187,16,2,PPP,YUM,1B,1B,BB,1
Holden Summers,10,220,Richard Saks,321,987,FO,233,B5,2,1,3,3,-6.26%,6.26%,0,0,0,187,16,2,PPP,YUM,FO,FO,FO,1
Rick McLightning,55,5,Harry McPotterson,1703,888,1B,117,T6,0,0,3,3,6.62%,-6.62%,0,0,0,188,16,2,YUM,PPP,1B,1B,1B,1
Skinny Bear Brown Hill,752,279,Harry McPotterson,1703,687,DP,408,T6,0,1,3,3,-18.58%,18.58%,0,0,0,188,16,2,YUM,PPP,RGO,RGO,DP,1
Barney Summers,414,711,Harry McPotterson,1703,630,1B,81,T6,2,0,3,3,3.92%,-3.92%,0,1,1,188,16,2,YUM,PPP,1B,1B,1B,1
LaPrince Frye,45,272,Harry McPotterson,1703,280,HR,8,T6,2,1,3,3,46.59%,-46.59%,2,1,1,188,16,2,YUM,PPP,HR,HR,HR,1
Thaddeus Gomorrah,41,,Harry McPotterson,1703,,Auto K,,T6,2,0,3,5,-0.85%,0.85%,0,0,0,188,16,2,YUM,PPP,Auto K,Auto K,Auto K,9
Snoop E. Dogg,22,331,Richard Saks,321,373,2B,42,B6,0,0,3,5,12.40%,-12.40%,0,0,0,189,16,2,PPP,YUM,2B,2B,2B,1
Kris Pcock,1957,999,Richard Saks,321,470,LGO,471,B6,0,2,3,5,-9.85%,9.85%,0,0,0,189,16,2,PPP,YUM,LGO,LGO,LGO,1
Larry Longshot,32,151,Richard Saks,321,705,RGO,446,B6,1,2,3,5,-8.61%,8.61%,0,0,0,189,16,2,PPP,YUM,RGO,RGO,RGO,1
Poop McGee,596,860,Richard Saks,321,679,FO,181,B6,2,3,3,5,-6.46%,6.46%,0,0,0,189,16,2,PPP,YUM,FO,FO,FO,1
Johnnie Twofingers,502,225,Zack Mouse,1721,279,2B,54,T1,0,0,0,0,6.78%,-6.78%,0,0,0,190,17,2,GTY,GBC,2B,2B,2B,1
Jonny Mac,1698,69,Zack Mouse,1721,387,PO,318,T1,0,2,0,0,-4.82%,4.82%,0,0,0,190,17,2,GTY,GBC,PO,PO,K,1
William Lloyd Garrison,1723,862,Zack Mouse,1721,690,FO,172,T1,1,2,0,0,-4.16%,4.16%,0,0,0,190,17,2,GTY,GBC,FO,FO,BB,1
Aidan Myers,1960,445,Zack Mouse,1721,620,FO,175,T1,2,2,0,0,-4.58%,4.58%,0,0,0,190,17,2,GTY,GBC,FO,FO,BB,1
Beeg Yoshi,1718,778,Dylan Green,305,626,BB,152,B1,0,0,0,0,3.55%,-3.55%,0,0,0,191,17,2,GBC,GTY,BB,BB,BB,1
Demetrios Ooga,180,456,Dylan Green,305,880,DP,424,B1,0,1,0,0,-8.55%,8.55%,0,0,0,191,17,2,GBC,GTY,RGO,RGO,DP,1
Bench Warmer,665,420,Dylan Green,305,277,FO,143,B1,2,0,0,0,-1.79%,1.79%,0,0,0,191,17,2,GBC,GTY,FO,FO,BB,1
Joe Whomper,1755,2,Zack Mouse,1721,117,1B,115,T2,0,0,0,0,4.19%,-4.19%,0,0,0,192,17,2,GTY,GBC,1B,1B,1B,1
Slappy McBatty,1737,239,Zack Mouse,1721,863,DP,376,T2,0,1,0,0,-9.95%,9.95%,0,0,0,192,17,2,GTY,GBC,RGO,RGO,K,1
Matt Murphy,1954,880,Zack Mouse,1721,239,RGO,359,T2,2,0,0,0,-1.53%,1.53%,0,0,0,192,17,2,GTY,GBC,RGO,RGO,K,1
Dirtbag Darrell,262,33,Dylan Green,305,950,1B,83,B2,0,0,0,0,3.93%,-3.93%,0,0,0,193,17,2,GBC,GTY,1B,1B,1B,1
Henry Crowell,184,500,Dylan Green,305,951,DP,451,B2,0,1,0,0,-9.36%,9.36%,0,0,0,193,17,2,GBC,GTY,LGO,LGO,DP,1
BEST Nova,191,952,Dylan Green,305,707,FO,245,B2,2,0,0,0,-1.88%,1.88%,0,0,0,193,17,2,GBC,GTY,FO,FO,FO,1
Nick Papagiorgio,499,467,Zack Mouse,1721,801,RGO,334,T3,0,0,0,0,-3.25%,3.25%,0,0,0,194,17,2,GTY,GBC,RGO,RGO,K,1
Thomas Beowulf,218,311,Zack Mouse,1721,778,LGO,467,T3,1,0,0,0,-3.05%,3.05%,0,0,0,194,17,2,GTY,GBC,LGO,LGO,LGO,1
Johnnie Twofingers,502,69,Zack Mouse,1721,467,LGO,398,T3,2,0,0,0,-2.06%,2.06%,0,0,0,194,17,2,GTY,GBC,LGO,LGO,PO,1
Mattress Cadaire,116,17,Dylan Green,305,303,K,286,B3,0,0,0,0,-3.32%,3.32%,0,0,0,195,17,2,GBC,GTY,K,K,K,1
Zack Mouse,1721,911,Dylan Green,305,565,K,346,B3,1,0,0,0,-2.80%,2.80%,0,0,0,195,17,2,GBC,GTY,K,K,K,1
Javier Tootblan,192,690,Dylan Green,305,375,PO,315,B3,2,0,0,0,-2.32%,2.32%,0,0,0,195,17,2,GBC,GTY,PO,PO,K,1
Jonny Mac,1698,250,Zack Mouse,1721,467,FO,217,T4,0,0,0,0,-3.87%,3.87%,0,0,0,196,17,2,GTY,GBC,FO,FO,FO,1
William Lloyd Garrison,1723,276,Zack Mouse,1721,876,RGO,400,T4,1,0,0,0,-3.68%,3.68%,0,0,0,196,17,2,GTY,GBC,RGO,RGO,RGO,1
Aidan Myers,1960,876,Zack Mouse,1721,1,1B,125,T4,2,0,0,0,2.71%,-2.71%,0,0,0,196,17,2,GTY,GBC,1B,1B,1B,1
Joe Whomper,1755,850,Zack Mouse,1721,681,FO,169,T4,2,1,0,0,-5.24%,5.24%,0,0,0,196,17,2,GTY,GBC,FO,FO,BB,1
Beeg Yoshi,1718,155,Dylan Green,305,525,PO,370,B4,0,0,0,0,-3.93%,3.93%,0,0,0,197,17,2,GBC,GTY,PO,PO,K,1
Demetrios Ooga,180,143,Dylan Green,305,269,1B,126,B4,1,0,0,0,4.78%,-4.78%,0,0,0,197,17,2,GBC,GTY,1B,1B,1B,1
Demetrios Ooga,180,269,Dylan Green,305,269,SB,0,B4,1,1,0,0,2.96%,-2.96%,0,0,0,197,17,2,GBC,GTY,Steal 2B,Steal 2B,SB,4
Bench Warmer,665,569,Dylan Green,305,789,FO,220,B4,1,2,0,0,-5.96%,5.96%,0,0,0,197,17,2,GBC,GTY,FO,FO,FO,1
Dirtbag Darrell,262,33,Dylan Green,305,813,FO,220,B4,2,2,0,0,-7.92%,7.92%,0,0,0,197,17,2,GBC,GTY,FO,FO,FO,1
Slappy McBatty,1737,300,Zack Mouse,1721,591,K,291,T5,0,0,0,0,-4.71%,4.71%,0,0,0,198,17,2,GTY,GBC,K,K,K,1
Matt Murphy,1954,850,Zack Mouse,1721,300,LGO,450,T5,1,0,0,0,-4.48%,4.48%,0,0,0,198,17,2,GTY,GBC,LGO,LGO,RGO,1
Nick Papagiorgio,499,347,Zack Mouse,1721,737,RGO,390,T5,2,0,0,0,-3.26%,3.26%,0,0,0,198,17,2,GTY,GBC,RGO,RGO,PO,1
Henry Crowell,184,224,Dylan Green,305,647,RGO,423,B5,0,0,0,0,-4.39%,4.39%,0,0,0,199,17,2,GBC,GTY,RGO,RGO,RGO,1
BEST Nova,191,525,Dylan Green,305,857,K,332,B5,1,0,0,0,-4.77%,4.77%,0,0,0,199,17,2,GBC,GTY,K,K,K,1
Mattress Cadaire,116,680,Dylan Green,305,178,LGO,498,B5,2,0,0,0,-3.04%,3.04%,0,0,0,199,17,2,GBC,GTY,LGO,LGO,LGO,1
Thomas Beowulf,218,215,Zack Mouse,1721,33,FO,182,T6,0,0,0,0,-6.10%,6.10%,0,0,0,200,17,2,GTY,GBC,FO,FO,FO,1
Johnnie Twofingers,502,623,Zack Mouse,1721,686,2B,63,T6,1,0,0,0,12.40%,-12.40%,0,1,1,200,17,2,GTY,GBC,2B,2B,2B,1
Jonny Mac,1698,,Zack Mouse,1721,,IBB,,T6,1,2,0,0,4.47%,-4.47%,0,0,0,200,17,2,GTY,GBC,IBB,IBB,IBB,8
William Lloyd Garrison,1723,222,Zack Mouse,1721,500,PO,278,T6,1,4,0,0,-12.75%,12.75%,0,0,0,200,17,2,GTY,GBC,PO,PO,FO,1
Aidan Myers,1960,1,Zack Mouse,1721,904,1B,97,T6,2,4,0,0,31.91%,-31.91%,1,0,0,200,17,2,GTY,GBC,1B,1B,1B,1
Joe Whomper,1755,100,Zack Mouse,1721,904,K,196,T6,2,5,0,1,-4.95%,4.95%,0,0,0,200,17,2,GTY,GBC,K,K,FO,1
Zack Mouse,1721,775,Dylan Green,305,220,RGO,445,B6,0,0,0,1,-9.46%,9.46%,0,0,0,201,17,2,GBC,GTY,RGO,RGO,RGO,1
Rotticus Scott,562,222,Dylan Green,305,880,K,342,B6,1,0,0,1,-9.16%,9.16%,0,0,0,201,17,2,GBC,GTY,K,K,K,1
Lane Drew,190,321,Dylan Green,305,613,FO,292,B6,2,0,0,1,-6.62%,6.62%,0,0,0,201,17,2,GBC,GTY,FO,FO,K,1
Leroy Hawk,1738,113,Turnip Stonk,1951,437,FO,324,T1,0,0,0,0,-2.52%,2.52%,0,0,0,202,18,2,ISO,SPR,FO,PO,K,1
Jeffrey Nolan,35,308,Turnip Stonk,1951,232,2B,76,T1,1,0,0,0,4.48%,-4.48%,0,0,0,202,18,2,ISO,SPR,2B,2B,1B,1
Matt Taylor,780,723,Turnip Stonk,1951,232,LGO,491,T1,1,2,0,0,-4.16%,4.16%,0,0,0,202,18,2,ISO,SPR,LGO,LGO,LGO,1
Dick Nutter LXIX,1784,684,Turnip Stonk,1951,491,FO,193,T1,2,2,0,0,-4.58%,4.58%,0,0,0,202,18,2,ISO,SPR,FO,FO,FO,1
Dirk Leschnewski,1781,307,Bob Dobby,1736,666,PO,359,B1,0,0,0,0,-2.73%,2.73%,0,0,0,203,18,2,SPR,ISO,PO,PO,K,1
Steven Wilson,1694,395,Bob Dobby,1736,333,1B,62,B1,1,0,0,0,3.37%,-3.37%,0,0,0,203,18,2,SPR,ISO,1B,1B,2B,1
Future Trunks,189,999,Bob Dobby,1736,123,1B,124,B1,1,1,0,0,4.72%,-4.72%,0,0,0,203,18,2,SPR,ISO,1B,1B,1B,1
Tyrone Jennings,256,76,Bob Dobby,1736,736,PO,340,B1,1,4,0,0,-6.06%,6.06%,0,0,0,203,18,2,SPR,ISO,PO,PO,K,1
Zum Saparilla,160,64,Bob Dobby,1736,500,RGO,436,B1,2,4,0,0,-6.09%,6.09%,0,0,0,203,18,2,SPR,ISO,RGO,RGO,RGO,1
Jimmy Haase,1826,386,Turnip Stonk,1951,832,LGO,446,T2,0,0,0,0,-2.86%,2.86%,0,0,0,204,18,2,ISO,SPR,LGO,LGO,RGO,1
Grand Salami,781,,Turnip Stonk,1951,,Auto K,,T2,1,0,0,0,-2.90%,2.90%,0,0,0,204,18,2,ISO,SPR,Auto K,Auto K,Auto K,9
Sweet Bobby Dangles Jr,1748,880,Turnip Stonk,1951,69,FO,189,T2,2,0,0,0,-1.53%,1.53%,0,0,0,204,18,2,ISO,SPR,FO,FO,FO,1
Don Chalupa,481,718,Bob Dobby,1736,250,LGO,468,B2,0,0,0,0,-2.75%,2.75%,0,0,0,205,18,2,SPR,ISO,LGO,LGO,LGO,1
Che Or,1759,1000,Bob Dobby,1736,666,PO,334,B2,1,0,0,0,-2.68%,2.68%,0,0,0,205,18,2,SPR,ISO,PO,PO,K,1
Nori Aru,131,332,Bob Dobby,1736,276,2B,56,B2,2,0,0,0,3.37%,-3.37%,0,0,0,205,18,2,SPR,ISO,2B,2B,2B,1
Ivan Yakenov,2270,395,Bob Dobby,1736,888,LGO,493,B2,2,2,0,0,-5.25%,5.25%,0,0,0,205,18,2,SPR,ISO,LGO,LGO,LGO,1
Cy Hadd Jr.,282,490,Turnip Stonk,1951,888,RGO,398,T3,0,0,0,0,-3.25%,3.25%,0,0,0,206,18,2,ISO,SPR,RGO,RGO,PO,1
Bob Dobby,1736,666,Turnip Stonk,1951,398,FO,268,T3,1,0,0,0,-3.05%,3.05%,0,0,0,206,18,2,ISO,SPR,FO,FO,FO,1
Leroy Hawk,1738,99,Turnip Stonk,1951,713,RGO,386,T3,2,0,0,0,-2.06%,2.06%,0,0,0,206,18,2,ISO,SPR,RGO,RGO,PO,1
Dirk Leschnewski,1781,247,Bob Dobby,1736,411,FO,164,B3,0,0,0,0,-3.32%,3.32%,0,0,0,207,18,2,SPR,ISO,FO,FO,BB,1
Steven Wilson,1694,237,Bob Dobby,1736,1000,FO,237,B3,1,0,0,0,-2.80%,2.80%,0,0,0,207,18,2,SPR,ISO,FO,K,FO,1
Future Trunks,189,477,Bob Dobby,1736,1000,LGO,477,B3,2,0,0,0,-2.32%,2.32%,0,0,0,207,18,2,SPR,ISO,LGO,LGO,LGO,1
Jeffrey Nolan,35,835,Turnip Stonk,1951,46,FO,211,T4,0,0,0,0,-3.87%,3.87%,0,0,0,208,18,2,ISO,SPR,FO,FO,FO,1
Matt Taylor,780,715,Turnip Stonk,1951,603,1B,112,T4,1,0,0,0,4.77%,-4.77%,0,0,0,208,18,2,ISO,SPR,1B,1B,1B,1
Dick Nutter LXIX,1784,433,Turnip Stonk,1951,715,FO,282,T4,1,1,0,0,-5.74%,5.74%,0,0,0,208,18,2,ISO,SPR,FO,FO,FO,1
Jimmy Haase,1826,367,Turnip Stonk,1951,880,LGO,487,T4,2,1,0,0,-5.24%,5.24%,0,0,0,208,18,2,ISO,SPR,LGO,LGO,LGO,1
Tyrone Jennings,256,337,Bob Dobby,1736,111,FO,226,B4,0,0,0,0,-3.93%,3.93%,0,0,0,209,18,2,SPR,ISO,FO,FO,FO,1
Zum Saparilla,160,726,Bob Dobby,1736,567,BB,159,B4,1,0,0,0,4.78%,-4.78%,0,0,0,209,18,2,SPR,ISO,BB,BB,BB,1
Don Chalupa,481,718,Bob Dobby,1736,332,PO,386,B4,1,1,0,0,-5.81%,5.81%,0,0,0,209,18,2,SPR,ISO,PO,PO,PO,1
Che Or,1759,789,Bob Dobby,1736,111,PO,322,B4,2,1,0,0,-5.11%,5.11%,0,0,0,209,18,2,SPR,ISO,PO,PO,K,1
Grand Salami,781,248,Turnip Stonk,1951,533,FO,285,T5,0,0,0,0,-4.71%,4.71%,0,0,0,210,18,2,ISO,SPR,FO,K,K,1
Sweet Bobby Dangles Jr,1748,666,Ivan Yakenov,2270,905,K,239,T5,1,0,0,0,-4.48%,4.48%,0,0,0,210,18,2,ISO,SPR,K,K,FO,1
Cy Hadd Jr.,282,120,Ivan Yakenov,2270,811,RGO,309,T5,2,0,0,0,-3.26%,3.26%,0,0,0,210,18,2,ISO,SPR,RGO,K,K,1
Nori Aru,131,69,Bob Dobby,1736,567,LGO,498,B5,0,0,0,0,-4.39%,4.39%,0,0,0,211,18,2,SPR,ISO,LGO,LGO,LGO,1
Ivan Yakenov,2270,871,Bob Dobby,1736,999,BB,128,B5,1,0,0,0,4.69%,-4.69%,0,0,0,211,18,2,SPR,ISO,BB,BB,1B,1
Dirk Leschnewski,1781,313,Bob Dobby,1736,618,K,305,B5,1,1,0,0,-6.24%,6.24%,0,0,0,211,18,2,SPR,ISO,K,PO,K,1
Steven Wilson,1694,7,Bob Dobby,1736,333,PO,326,B5,2,1,0,0,-6.26%,6.26%,0,0,0,211,18,2,SPR,ISO,PO,PO,K,1
Bob Dobby,1736,69,Nori Aru,131,725,K,344,T6,0,0,0,0,-6.10%,6.10%,0,0,0,212,18,2,ISO,SPR,K,K,K,1
Leroy Hawk,1738,725,Nori Aru,131,868,BB,143,T6,1,0,0,0,6.77%,-6.77%,0,0,0,212,18,2,ISO,SPR,BB,BB,BB,1
Jeffrey Nolan,35,465,Nori Aru,131,143,K,322,T6,1,1,0,0,-8.71%,8.71%,0,0,0,212,18,2,ISO,SPR,K,K,K,1
Matt Taylor,780,333,Nori Aru,131,725,RGO,392,T6,2,1,0,0,-8.76%,8.76%,0,0,0,212,18,2,ISO,SPR,RGO,RGO,PO,1
Future Trunks,189,,Bob Dobby,1736,,Auto K,,B6,0,0,0,0,-6.12%,6.12%,0,0,0,213,18,2,SPR,ISO,Auto K,Auto K,Auto K,9
Tyrone Jennings,256,87,Bob Dobby,1736,666,PO,421,B6,1,0,0,0,-5.87%,5.87%,0,0,0,213,18,2,SPR,ISO,PO,PO,RGO,1
Zum Saparilla,160,161,Bob Dobby,1736,8,BB,153,B6,2,0,0,0,4.06%,-4.06%,0,0,0,213,18,2,SPR,ISO,BB,BB,BB,1
Don Chalupa,481,718,Bob Dobby,1736,7,K,289,B6,2,1,0,0,-8.87%,8.87%,0,0,0,213,18,2,SPR,ISO,K,PO,K,1
Pork Torkleton,1699,569,Jaeger Ward,777,732,FO,163,T1,0,0,0,0,-2.52%,2.52%,0,0,0,214,19,2,PHB,TAI,FO,FO,BB,1
Antonin Periwinkle,185,855,Jaeger Ward,777,123,K,268,T1,1,0,0,0,-2.52%,2.52%,0,0,0,214,19,2,PHB,TAI,K,K,FO,1
Jerry Jingles,146,919,Jaeger Ward,777,578,K,341,T1,2,0,0,0,-1.74%,1.74%,0,0,0,214,19,2,PHB,TAI,K,K,K,1
Rey Revanchist,776,69,Dottie Hooligan,770,848,FO,221,B1,0,0,0,0,-2.73%,2.73%,0,0,0,215,19,2,TAI,PHB,FO,K,FO,1
Frankson Ahtra,1959,373,Dottie Hooligan,770,46,RGO,327,B1,1,0,0,0,-2.27%,2.27%,0,0,0,215,19,2,TAI,PHB,RGO,RGO,K,1
Chip Otle,4,201,Dottie Hooligan,770,377,K,176,B1,2,0,0,0,-1.79%,1.79%,0,0,0,215,19,2,TAI,PHB,K,K,BB,1
Gil Metz,206,156,Jaeger Ward,777,234,2B,78,T2,0,0,0,0,7.61%,-7.61%,0,1,1,216,19,2,PHB,TAI,2B,2B,1B,1
Jeter O'Cola,739,868,Jaeger Ward,777,876,HR,8,T2,0,2,0,0,14.46%,-14.46%,2,1,1,216,19,2,PHB,TAI,HR,HR,HR,1
A.Z. Chapman,14,179,Jaeger Ward,777,100,1B,79,T2,0,0,0,2,2.42%,-2.42%,0,1,1,216,19,2,PHB,TAI,1B,1B,1B,1
Bob Kelso,1834,666,Jaeger Ward,777,456,FO,210,T2,0,1,0,2,-1.66%,1.66%,0,0,0,216,19,2,PHB,TAI,FO,FO,FO,1
Dottie Hooligan,770,330,Jaeger Ward,777,567,K,237,T2,1,1,0,2,-2.90%,2.90%,0,0,0,216,19,2,PHB,TAI,K,K,FO,1
Red Arrow,547,794,Jaeger Ward,777,789,HR,5,T2,2,1,0,2,15.23%,-15.23%,2,1,1,216,19,2,PHB,TAI,HR,HR,HR,1
Pork Torkleton,1699,69,Jaeger Ward,777,888,FO,181,T2,2,0,0,4,-1.20%,1.20%,0,0,0,216,19,2,PHB,TAI,FO,FO,FO,1
Jacky Wacky,702,155,Dottie Hooligan,770,605,LGO,450,B2,0,0,0,4,-2.54%,2.54%,0,0,0,217,19,2,TAI,PHB,LGO,LGO,RGO,1
Alexander West,1777,482,Dottie Hooligan,770,851,RGO,369,B2,1,0,0,4,-1.94%,1.94%,0,0,0,217,19,2,TAI,PHB,RGO,RGO,K,1
Duke Silver,602,99,Dottie Hooligan,770,327,FO,228,B2,2,0,0,4,-1.05%,1.05%,0,0,0,217,19,2,TAI,PHB,FO,FO,FO,1
Antonin Periwinkle,185,99,Chip Otle,4,425,K,326,T3,0,0,0,4,-1.19%,1.19%,0,0,0,218,19,2,PHB,TAI,K,K,K,1
Jerry Jingles,146,41,Chip Otle,4,520,LGO,479,T3,1,0,0,4,-0.40%,0.40%,0,0,0,218,19,2,PHB,TAI,LGO,LGO,LGO,1
Gil Metz,206,273,Chip Otle,4,742,LGO,469,T3,2,0,0,4,-0.95%,0.95%,0,0,0,218,19,2,PHB,TAI,LGO,LGO,LGO,1
Viktor Patterson,705,255,Dottie Hooligan,770,98,BB,157,B3,0,0,0,4,3.99%,-3.99%,0,0,0,219,19,2,TAI,PHB,BB,BB,BB,1
ViktRon Swanson,651,298,Dottie Hooligan,770,527,FO,229,B3,0,1,0,4,-3.07%,3.07%,0,0,0,219,19,2,TAI,PHB,FO,FO,FO,1
Festus Ezeli,743,31,Dottie Hooligan,770,820,FO,211,B3,1,1,0,4,-3.01%,3.01%,0,0,0,219,19,2,TAI,PHB,FO,FO,FO,1
Rey Revanchist,776,69,Dottie Hooligan,770,612,LGO,457,B3,2,1,0,4,-3.08%,3.08%,0,0,0,219,19,2,TAI,PHB,LGO,LGO,LGO,1
Jeter O'Cola,739,222,Chip Otle,4,230,HR,8,T4,0,0,0,4,3.19%,-3.19%,1,1,1,220,19,2,PHB,TAI,HR,HR,HR,1
A.Z. Chapman,14,4,Chip Otle,4,257,K,253,T4,0,0,0,5,-0.43%,0.43%,0,0,0,220,19,2,PHB,TAI,K,K,FO,1
Bob Kelso,1834,420,Chip Otle,4,622,FO,202,T4,1,0,0,5,-0.35%,0.35%,0,0,0,220,19,2,PHB,TAI,FO,FO,FO,1
Dottie Hooligan,770,666,Chip Otle,4,923,K,257,T4,2,0,0,5,-0.32%,0.32%,0,0,0,220,19,2,PHB,TAI,K,K,FO,1
Frankson Ahtra,1959,347,Dottie Hooligan,770,868,LGO,479,B4,0,0,0,5,-1.68%,1.68%,0,0,0,221,19,2,TAI,PHB,LGO,LGO,LGO,1
Chip Otle,4,920,Dottie Hooligan,770,583,RGO,337,B4,1,0,0,5,-1.24%,1.24%,0,0,0,221,19,2,TAI,PHB,RGO,RGO,K,1
Jacky Wacky,702,221,Dottie Hooligan,770,100,BB,121,B4,2,0,0,5,1.07%,-1.07%,0,0,0,221,19,2,TAI,PHB,BB,BB,1B,1
Alexander West,1777,,Dottie Hooligan,770,,Auto K,,B4,2,1,0,5,-1.47%,1.47%,0,0,0,221,19,2,TAI,PHB,Auto K,Auto K,Auto K,9
Red Arrow,547,5,Jacky Wacky,702,709,K,296,T5,0,0,0,5,-0.39%,0.39%,0,0,0,222,19,2,PHB,TAI,K,K,K,1
Pork Torkleton,1699,49,Jacky Wacky,702,296,K,247,T5,1,0,0,5,-0.15%,0.15%,0,0,0,222,19,2,PHB,TAI,K,K,FO,1
Antonin Periwinkle,185,368,Jacky Wacky,702,377,HR,9,T5,2,0,0,5,1.36%,-1.36%,1,1,1,222,19,2,PHB,TAI,HR,HR,HR,1
Jerry Jingles,146,15,Jacky Wacky,702,368,K,353,T5,2,0,0,6,-0.09%,0.09%,0,0,0,222,19,2,PHB,TAI,K,K,K,1
Duke Silver,602,707,Dottie Hooligan,770,876,BB,169,B5,0,0,0,6,1.18%,-1.18%,0,0,0,223,19,2,TAI,PHB,BB,BB,BB,1
Viktor Patterson,705,543,Dottie Hooligan,770,205,DP,338,B5,0,1,0,6,-2.39%,2.39%,0,0,0,223,19,2,TAI,PHB,RGO,RGO,K,1
ViktRon Swanson,651,69,Dottie Hooligan,770,926,BB,143,B5,2,0,0,6,0.11%,-0.11%,0,0,0,223,19,2,TAI,PHB,BB,BB,BB,1
Festus Ezeli,743,899,Dottie Hooligan,770,494,LGO,405,B5,2,1,0,6,-0.26%,0.26%,0,0,0,223,19,2,TAI,PHB,LGO,LGO,RGO,1
Gil Metz,206,69,Jacky Wacky,702,511,RGO,442,T6,0,0,0,6,-0.01%,0.01%,0,0,0,224,19,2,PHB,TAI,RGO,RGO,RGO,1
Jeter O'Cola,739,789,Jacky Wacky,702,800,HR,11,T6,1,0,0,6,0.00%,0.00%,1,1,1,224,19,2,PHB,TAI,HR,HR,HR,1
A.Z. Chapman,14,648,Jacky Wacky,702,412,K,236,T6,1,0,0,7,-0.07%,0.07%,0,0,0,224,19,2,PHB,TAI,K,K,FO,1
Bob Kelso,1834,659,Jacky Wacky,702,1,K,342,T6,2,0,0,7,-0.07%,0.07%,0,0,0,224,19,2,PHB,TAI,K,K,K,1
Rey Revanchist,776,69,Dottie Hooligan,770,377,RGO,308,B6,0,0,0,7,-0.38%,0.38%,0,0,0,225,19,2,TAI,PHB,RGO,RGO,K,1
Frankson Ahtra,1959,208,Dottie Hooligan,770,605,LGO,397,B6,1,0,0,7,-0.18%,0.18%,0,0,0,225,19,2,TAI,PHB,LGO,LGO,PO,1
Chip Otle,4,850,Dottie Hooligan,770,174,RGO,324,B6,2,0,0,7,-0.03%,0.03%,0,0,0,225,19,2,TAI,PHB,RGO,RGO,K,1
Ray Saint Pete,1816,504,Doc Crudelly,1811,45,LGO,459,T1,0,0,0,0,-2.52%,2.52%,0,0,0,226,20,2,LMN,TRA,LGO,LGO,LGO,1
Theodora DiBiaserunner,497,505,Doc Crudelly,1811,605,1B,100,T1,1,0,0,0,3.21%,-3.21%,0,0,1,226,20,2,LMN,TRA,1B,1B,1B,1
Theodora DiBiaserunner,497,506,Doc Crudelly,1811,555,SB,49,T1,1,1,0,0,1.27%,-1.27%,0,1,0,226,20,2,LMN,TRA,Steal 2B,Steal 2B,SB,4
Mason Miller,270,148,Doc Crudelly,1811,375,FO,227,T1,1,2,0,0,-4.16%,4.16%,0,0,0,226,20,2,LMN,TRA,FO,K,FO,1
Monty Johnson,557,856,Doc Crudelly,1811,921,2B,65,T1,2,2,0,0,11.18%,-11.18%,1,1,1,226,20,2,LMN,TRA,2B,2B,1B,1
Jeff Dingerhitter,298,833,Doc Crudelly,1811,701,1B,132,T1,2,2,0,1,8.96%,-8.96%,1,1,1,226,20,2,LMN,TRA,1B,1B,1B,1
Ben Bramly,238,404,Doc Crudelly,1811,291,1B,113,T1,2,1,0,2,2.54%,-2.54%,0,1,1,226,20,2,LMN,TRA,1B,1B,1B,1
Thomas Beowulf,218,214,Doc Crudelly,1811,309,1B,95,T1,2,5,0,2,7.57%,-7.57%,1,1,1,226,20,2,LMN,TRA,1B,1B,1B,1
Lemon Ade,193,34,Doc Crudelly,1811,842,BB,192,T1,2,5,0,3,1.58%,-1.58%,0,1,1,226,20,2,LMN,TRA,BB,FO,FO,1
Joey McCarty,390,921,Doc Crudelly,1811,840,2B,81,T1,2,7,0,3,13.73%,-13.73%,3,0,0,226,20,2,LMN,TRA,2B,1B,1B,1
Ray Saint Pete,1816,369,Jimmy Johns,303,210,BB,159,T1,2,2,0,6,0.56%,-0.56%,0,0,0,226,20,2,LMN,TRA,BB,BB,BB,1
Theodora DiBiaserunner,497,747,Jimmy Johns,303,293,LGO,454,T1,2,4,0,6,-3.15%,3.15%,0,0,0,226,20,2,LMN,TRA,LGO,LGO,LGO,1
Scherbie Fully-Loaded,679,999,Michael Ikenberry,63,1,HR,2,B1,0,0,0,6,3.26%,-3.26%,1,1,1,227,20,2,TRA,LMN,HR,HR,HR,1
Sunshine Pardue,315,942,Michael Ikenberry,63,750,FO,192,B1,0,0,1,6,-2.83%,2.83%,0,0,0,227,20,2,TRA,LMN,FO,FO,FO,1
Herderber Derperger III,1779,209,Michael Ikenberry,63,750,LGO,459,B1,1,0,1,6,0.91%,-0.91%,0,0,0,227,20,2,TRA,LMN,LGO,LGO,LGO,1
Jay Peg,724,93,Michael Ikenberry,63,500,PO,407,B1,2,0,1,6,-1.72%,1.72%,0,0,0,227,20,2,TRA,LMN,PO,PO,RGO,1
Mason Miller,270,387,Jimmy Johns,303,910,LGO,477,T2,0,0,1,6,-1.02%,1.02%,0,0,0,228,20,2,LMN,TRA,LGO,LGO,LGO,1
Monty Johnson,557,234,Jimmy Johns,303,590,PO,356,T2,1,0,1,6,-0.45%,0.45%,0,0,0,228,20,2,LMN,TRA,PO,PO,K,1
Jeff Dingerhitter,298,811,Jimmy Johns,303,156,PO,345,T2,2,0,1,6,-0.46%,0.46%,0,0,0,228,20,2,LMN,TRA,PO,PO,K,1
Captain Harry C Legs,480,250,Michael Ikenberry,63,750,LGO,500,B2,0,0,1,6,-1.70%,1.70%,0,0,0,229,20,2,TRA,LMN,LGO,LGO,LGO,1
Almondo Albuterol,1790,153,Michael Ikenberry,63,69,1B,84,B2,1,0,1,6,1.50%,-1.50%,0,1,1,229,20,2,TRA,LMN,1B,1B,1B,1
Birdman,393,313,Michael Ikenberry,63,250,2B,63,B2,1,1,1,6,8.93%,-8.93%,0,0,0,229,20,2,TRA,LMN,2B,2B,2B,1
Jimmy Johns,303,633,Michael Ikenberry,63,869,Sac,236,B2,1,6,1,6,-6.70%,6.70%,1,0,0,229,20,2,TRA,LMN,FO,FO,Sac,1
Doc Crudelly,1811,750,Michael Ikenberry,63,1000,K,250,B2,2,2,2,6,-2.31%,2.31%,0,0,0,229,20,2,TRA,LMN,K,K,FO,1
Ben Bramly,238,804,Jimmy Johns,303,623,FO,181,T3,0,0,2,6,-1.19%,1.19%,0,0,0,230,20,2,LMN,TRA,FO,FO,FO,1
Thomas Beowulf,218,804,Jimmy Johns,303,326,LGO,478,T3,1,0,2,6,-0.40%,0.40%,0,0,0,230,20,2,LMN,TRA,LGO,LGO,LGO,1
Lemon Ade,193,69,Jimmy Johns,303,516,RGO,447,T3,2,0,2,6,-0.95%,0.95%,0,0,0,230,20,2,LMN,TRA,RGO,RGO,RGO,1
Scherbie Fully-Loaded,679,555,Michael Ikenberry,63,555,HR,0,B3,0,0,2,6,7.29%,-7.29%,1,1,1,231,20,2,TRA,LMN,HR,HR,HR,1
Sunshine Pardue,315,409,Gray Goose McGillicuddy,1961,80,PO,329,B3,0,0,3,6,-2.97%,2.97%,0,0,0,231,20,2,TRA,LMN,PO,PO,K,1
Herderber Derperger III,1779,570,Gray Goose McGillicuddy,1961,736,BB,166,B3,1,0,3,6,3.83%,-3.83%,0,0,0,231,20,2,TRA,LMN,BB,BB,BB,1
Jay Peg,724,993,Gray Goose McGillicuddy,1961,425,DP,432,B3,1,1,3,6,-8.01%,8.01%,0,0,0,231,20,2,TRA,LMN,LGO,LGO,DP,1
Joey McCarty,390,48,Jimmy Johns,303,463,LGO,415,T4,0,0,3,6,-1.34%,1.34%,0,0,0,232,20,2,LMN,TRA,LGO,LGO,RGO,1
Ray Saint Pete,1816,269,Jimmy Johns,303,105,BB,164,T4,1,0,3,6,1.72%,-1.72%,0,0,0,232,20,2,LMN,TRA,BB,BB,BB,1
Theodora DiBiaserunner,497,888,Jimmy Johns,303,346,DP,458,T4,1,1,3,6,-3.82%,3.82%,0,0,0,232,20,2,LMN,TRA,LGO,LGO,DP,1
Captain Harry C Legs,480,863,Gray Goose McGillicuddy,1961,770,2B,93,B4,0,0,3,6,6.91%,-6.91%,0,1,1,233,20,2,TRA,LMN,2B,1B,1B,1
Almondo Albuterol,1790,50,Gray Goose McGillicuddy,1961,72,HR,22,B4,0,2,3,6,17.26%,-17.26%,2,1,1,233,20,2,TRA,LMN,HR,HR,HR,1
Birdman,393,693,Gray Goose McGillicuddy,1961,948,K,255,B4,0,0,5,6,-4.80%,4.80%,0,0,0,233,20,2,TRA,LMN,K,K,FO,1
Jimmy Johns,303,693,Gray Goose McGillicuddy,1961,120,LGO,427,B4,1,0,5,6,-4.17%,4.17%,0,0,0,233,20,2,TRA,LMN,LGO,LGO,RGO,1
Doc Crudelly,1811,425,Gray Goose McGillicuddy,1961,16,LGO,409,B4,2,0,5,6,-3.35%,3.35%,0,0,0,233,20,2,TRA,LMN,LGO,LGO,RGO,1
Mason Miller,270,69,Jimmy Johns,303,610,LGO,459,T5,0,0,5,6,-3.05%,3.05%,0,0,0,234,20,2,LMN,TRA,LGO,LGO,LGO,1
Monty Johnson,557,846,Jimmy Johns,303,569,FO,277,T5,1,0,5,6,-2.51%,2.51%,0,0,0,234,20,2,LMN,TRA,FO,FO,FO,1
Jeff Dingerhitter,298,31,Jimmy Johns,303,420,RGO,389,T5,2,0,5,6,-1.72%,1.72%,0,0,0,234,20,2,LMN,TRA,RGO,RGO,PO,1
Scherbie Fully-Loaded,679,220,Gray Goose McGillicuddy,1961,330,1B,110,B5,0,0,5,6,8.57%,-8.57%,0,0,0,235,20,2,TRA,LMN,1B,1B,1B,1
Sunshine Pardue,315,704,Gray Goose McGillicuddy,1961,20,PO,316,B5,0,1,5,6,-6.83%,6.83%,0,0,0,235,20,2,TRA,LMN,PO,PO,K,1
Herderber Derperger III,1779,124,Gray Goose McGillicuddy,1961,19,1B,105,B5,1,1,5,6,9.75%,-9.75%,0,0,0,235,20,2,TRA,LMN,1B,1B,1B,1
Graham Grams,400,888,Gray Goose McGillicuddy,1961,55,1B,167,B5,1,4,5,6,18.31%,-18.31%,0,0,0,235,20,2,TRA,LMN,1B,BB,BB,1
Captain Harry C Legs,480,369,Gray Goose McGillicuddy,1961,720,DP,351,B5,1,7,5,6,-46.25%,46.25%,0,0,0,235,20,2,TRA,LMN,RGO,RGO,K,1
Ben Bramly,238,732,Jimmy Johns,303,720,HR,12,T6,0,0,5,6,9.75%,-9.75%,1,1,1,236,20,2,LMN,TRA,HR,HR,HR,1
Thomas Beowulf,218,901,Jimmy Johns,303,321,RGO,420,T6,0,0,5,7,-1.05%,1.05%,0,0,0,236,20,2,LMN,TRA,RGO,RGO,RGO,1
Lemon Ade,193,321,Jimmy Johns,303,654,FO,333,T6,1,0,5,7,-1.00%,1.00%,0,0,0,236,20,2,LMN,TRA,FO,K,K,1
Joey McCarty,390,221,Jimmy Johns,303,765,LGO,456,T6,2,0,5,7,-0.85%,0.85%,0,0,0,236,20,2,LMN,TRA,LGO,LGO,LGO,1
Almondo Albuterol,1790,961,Gray Goose McGillicuddy,1961,816,BB,145,B6,0,0,5,7,9.61%,-9.61%,0,0,0,237,20,2,TRA,LMN,BB,BB,BB,1
Birdman,393,299,Arthur Vandelay,518,135,FO,164,B6,0,1,5,7,-6.49%,6.49%,0,0,0,237,20,2,TRA,LMN,FO,FO,BB,1
Jimmy Johns,303,49,Arthur Vandelay,518,666,PO,383,B6,1,1,5,7,-8.92%,8.92%,0,0,0,237,20,2,TRA,LMN,PO,PO,PO,1
Doc Crudelly,1811,883,Arthur Vandelay,518,135,K,252,B6,2,1,5,7,-6.72%,6.72%,0,0,0,237,20,2,TRA,LMN,K,K,FO,1
Dakota Carolina Montana,65,284,Emerson Austin,703,812,LGO,472,T1,0,0,0,0,-2.52%,2.52%,0,0,0,238,21,2,TAC,NUL,LGO,LGO,LGO,1
Babatunde Oladotun,386,126,Emerson Austin,703,998,BB,128,T1,1,0,0,0,3.21%,-3.21%,0,0,1,238,21,2,TAC,NUL,BB,BB,1B,1
Babatunde Oladotun,386,556,Emerson Austin,703,320,SB,236,T1,1,1,0,0,1.27%,-1.27%,0,1,0,238,21,2,TAC,NUL,Steal 2B,Steal 2B,SB,4
Truck Month,1794,713,Emerson Austin,703,288,LGO,425,T1,1,2,0,0,-4.16%,4.16%,0,0,0,238,21,2,TAC,NUL,LGO,LGO,RGO,1
Gang Weed,1732,630,Emerson Austin,703,725,1B,95,T1,2,2,0,0,9.87%,-9.87%,1,0,0,238,21,2,TAC,NUL,1B,1B,1B,1
Robin Reynolds,371,,Emerson Austin,703,,Auto K,,T1,2,1,0,1,-3.20%,3.20%,0,0,0,238,21,2,TAC,NUL,Auto K,Auto K,Auto K,9
Stella Adams,397,404,Babatunde Oladotun,386,778,K,374,B1,0,0,0,1,-3.15%,3.15%,0,0,0,239,21,2,NUL,TAC,K,RGO,K,1
Alaric Davis,697,,Babatunde Oladotun,386,,Auto BB,,B1,1,0,0,1,3.84%,-3.84%,0,1,1,239,21,2,NUL,TAC,Auto BB,Auto BB,Auto BB,10
Emerson Austin,703,555,Babatunde Oladotun,386,389,BB,166,B1,1,1,0,1,4.87%,-4.87%,0,0,0,239,21,2,NUL,TAC,BB,FO,BB,1
Bartholomew J. Bottomtext,740,665,Truck Month,1794,389,FO,276,B1,1,4,0,1,-6.50%,6.50%,0,0,0,239,21,2,NUL,TAC,FO,FO,FO,1
Joey McCarty,390,350,Truck Month,1794,221,1B,129,B1,2,4,0,1,11.56%,-11.56%,1,0,0,239,21,2,NUL,TAC,1B,BB,1B,1
Haydn Werfer,392,999,Truck Month,1794,460,RGO,461,B1,2,5,1,1,-6.16%,6.16%,0,0,0,239,21,2,NUL,TAC,RGO,LGO,LGO,1
Julio Escobar,686,420,Emerson Austin,703,332,1B,88,T2,0,0,1,1,4.19%,-4.19%,0,0,0,240,21,2,TAC,NUL,1B,1B,1B,1
Thomas Nova,1,819,Emerson Austin,703,400,DP,419,T2,0,1,1,1,-9.95%,9.95%,0,0,0,240,21,2,TAC,NUL,RGO,RGO,DP,1
Duke Marriot,775,437,Emerson Austin,703,922,LGO,485,T2,2,0,1,1,-1.53%,1.53%,0,0,0,240,21,2,TAC,NUL,LGO,LGO,LGO,1
Ziggy Cedar,56,967,Truck Month,1794,501,RGO,466,B2,0,0,1,1,-2.75%,2.75%,0,0,0,241,21,2,NUL,TAC,RGO,LGO,LGO,1
Abelardo Montoya,711,577,Truck Month,1794,677,2B,100,B2,1,0,1,1,4.93%,-4.93%,0,1,1,241,21,2,NUL,TAC,2B,1B,1B,1
Callie Braden,604,500,Truck Month,1794,398,1B,102,B2,1,2,1,1,8.31%,-8.31%,0,0,0,241,21,2,NUL,TAC,1B,1B,1B,1
Stella Adams,397,946,Truck Month,1794,176,Sac,230,B2,1,5,1,1,-1.12%,1.12%,1,0,0,241,21,2,NUL,TAC,FO,FO,Sac,1
Alaric Davis,697,300,Truck Month,1794,922,PO,378,B2,2,1,2,1,-3.14%,3.14%,0,0,0,241,21,2,NUL,TAC,PO,PO,PO,1
Alaina Mclean,1947,174,Emerson Austin,703,389,FO,215,T3,0,0,2,1,-3.61%,3.61%,0,0,0,242,21,2,TAC,NUL,FO,FO,FO,1
Dakota Carolina Montana,65,357,Emerson Austin,703,585,FO,228,T3,1,0,2,1,-3.13%,3.13%,0,0,0,242,21,2,TAC,NUL,FO,FO,FO,1
Babatunde Oladotun,386,541,Emerson Austin,703,188,K,353,T3,2,0,2,1,-2.16%,2.16%,0,0,0,242,21,2,TAC,NUL,K,K,K,1
Emerson Austin,703,342,Truck Month,1794,817,LGO,475,B3,0,0,2,1,-2.34%,2.34%,0,0,0,243,21,2,NUL,TAC,LGO,LGO,LGO,1
Bartholomew J. Bottomtext,740,999,Truck Month,1794,674,FO,325,B3,1,0,2,1,-2.24%,2.24%,0,0,0,243,21,2,NUL,TAC,FO,FO,K,1
Joey McCarty,390,421,Truck Month,1794,588,FO,167,B3,2,0,2,1,-1.44%,1.44%,0,0,0,243,21,2,NUL,TAC,FO,FO,BB,1
Truck Month,1794,323,Emerson Austin,703,969,RGO,354,T4,0,0,2,1,-4.06%,4.06%,0,0,0,244,21,2,TAC,NUL,RGO,RGO,K,1
Barry McKockiner,612,381,Emerson Austin,703,12,PO,369,T4,1,0,2,1,-3.83%,3.83%,0,0,0,244,21,2,TAC,NUL,PO,PO,K,1
Kentho Birne,349,205,Emerson Austin,703,90,1B,115,T4,2,0,2,1,2.63%,-2.63%,0,0,0,244,21,2,TAC,NUL,1B,1B,1B,1
Julio Escobar,686,193,Emerson Austin,703,305,BB,112,T4,2,1,2,1,4.89%,-4.89%,0,0,0,244,21,2,TAC,NUL,BB,BB,1B,1
Thomas Nova,1,819,Emerson Austin,703,20,FO,201,T4,2,4,2,1,-10.09%,10.09%,0,0,0,244,21,2,TAC,NUL,FO,FO,FO,1
Haydn Werfer,392,212,Truck Month,1794,32,BB,180,B4,0,0,2,1,2.90%,-2.90%,0,0,0,245,21,2,NUL,TAC,BB,FO,FO,1
Homer Pimpson,144,,Truck Month,1794,,Auto K,,B4,0,1,2,1,-2.76%,2.76%,0,0,0,245,21,2,NUL,TAC,Auto K,Auto K,Auto K,9
Abelardo Montoya,711,417,Truck Month,1794,801,DP,384,B4,1,1,2,1,-5.87%,5.87%,0,0,0,245,21,2,NUL,TAC,RGO,RGO,PO,1
Duke Marriot,775,700,Emerson Austin,703,669,2B,31,T5,0,0,2,1,13.47%,-13.47%,0,1,1,246,21,2,TAC,NUL,2B,2B,2B,1
Alaina Mclean,1947,173,Emerson Austin,703,288,1B,115,T5,0,2,2,1,11.59%,-11.59%,0,1,1,246,21,2,TAC,NUL,1B,1B,1B,1
Dakota Carolina Montana,65,99,Callie Braden,604,20,2B,79,T5,0,5,2,1,24.26%,-24.26%,1,0,0,246,21,2,TAC,NUL,2B,1B,1B,1
Babatunde Oladotun,386,963,Callie Braden,604,366,PO,403,T5,0,6,2,2,-8.48%,8.48%,0,0,0,246,21,2,TAC,NUL,PO,PO,RGO,1
Truck Month,1794,727,Callie Braden,604,877,BB,150,T5,1,6,2,2,3.03%,-3.03%,0,0,0,246,21,2,TAC,NUL,BB,BB,BB,1
Barry McKockiner,612,877,Callie Braden,604,713,BB,164,T5,1,7,2,2,11.46%,-11.46%,1,0,0,246,21,2,TAC,NUL,BB,BB,BB,1
Kentho Birne,349,971,Callie Braden,604,301,K,330,T5,1,7,2,3,-10.96%,10.96%,0,0,0,246,21,2,TAC,NUL,K,K,K,1
Julio Escobar,686,171,Callie Braden,604,608,LGO,437,T5,2,7,2,3,-9.00%,9.00%,0,0,0,246,21,2,TAC,NUL,LGO,LGO,RGO,1
Callie Braden,604,222,Truck Month,1794,512,RGO,290,B5,0,0,2,3,-6.28%,6.28%,0,0,0,247,21,2,NUL,TAC,RGO,RGO,K,1
Stella Adams,397,11,Truck Month,1794,522,LGO,489,B5,1,0,2,3,-5.99%,5.99%,0,0,0,247,21,2,NUL,TAC,LGO,LGO,LGO,1
Alaric Davis,697,400,Truck Month,1794,241,BB,159,B5,2,0,2,3,4.83%,-4.83%,0,1,1,247,21,2,NUL,TAC,BB,BB,BB,1
Emerson Austin,703,401,Truck Month,1794,400,HR,1,B5,2,1,2,3,53.22%,-53.22%,2,1,1,247,21,2,NUL,TAC,HR,HR,HR,1
Charpasm Chim,597,808,Rekt Keyo,331,837,3B,29,T1,0,0,0,0,11.37%,-11.37%,0,0,0,248,22,2,JUP,DAD,3B,3B,3B,1
Bud Tuggli,133,837,Rekt Keyo,331,355,LGO,482,T1,0,3,0,0,-5.42%,5.42%,0,0,0,248,22,2,JUP,DAD,LGO,LGO,LGO,2
Dirk Thrustmore,726,,Rekt Keyo,331,,IBB,,T1,1,3,0,0,2.67%,-2.67%,0,0,0,248,22,2,JUP,DAD,IBB,IBB,IBB,8
Lightning Balls,350,222,Rekt Keyo,331,644,DP,422,T1,1,5,0,0,-15.40%,15.40%,0,0,0,248,22,2,JUP,DAD,RGO,RGO,DP,1
Runner Buehler,717,680,Harry Peritestes,117,2,RGO,322,B1,0,0,0,0,-2.73%,2.73%,0,0,0,249,22,2,DAD,JUP,RGO,RGO,K,1
Amper Sand,774,715,Harry Peritestes,117,343,RGO,372,B1,1,0,0,0,-2.27%,2.27%,0,0,0,249,22,2,DAD,JUP,RGO,RGO,K,1
Red Fox,784,777,Harry Peritestes,117,101,RGO,324,B1,2,0,0,0,-1.79%,1.79%,0,0,0,249,22,2,DAD,JUP,RGO,RGO,K,1
Rocco Rudnikov,114,135,Rekt Keyo,331,733,RGO,402,T2,0,0,0,0,-2.86%,2.86%,0,0,0,250,22,2,JUP,DAD,RGO,RGO,RGO,1
Dart Ragusa,134,450,Rekt Keyo,331,711,K,261,T2,1,0,0,0,-2.90%,2.90%,0,0,0,250,22,2,JUP,DAD,K,K,FO,1
Streetlamp LeMoose,1734,965,Rekt Keyo,331,40,2B,75,T2,2,0,0,0,3.82%,-3.82%,0,0,0,250,22,2,JUP,DAD,2B,1B,1B,1
John Johnson Jr.,91,211,Rekt Keyo,331,513,K,302,T2,2,2,0,0,-5.35%,5.35%,0,0,0,250,22,2,JUP,DAD,K,K,K,1
Michael Smith,1955,933,Harry Peritestes,117,589,RGO,344,B2,0,0,0,0,-2.75%,2.75%,0,0,0,251,22,2,DAD,JUP,RGO,RGO,K,1
Caleb Aiken,324,911,Harry Peritestes,117,820,1B,91,B2,1,0,0,0,3.67%,-3.67%,0,1,1,251,22,2,DAD,JUP,1B,1B,1B,1
Dixie Normos,332,444,Harry Peritestes,117,210,K,234,B2,1,1,0,0,-4.30%,4.30%,0,0,0,251,22,2,DAD,JUP,K,K,FO,1
Hingle McCringleberry,257,999,Harry Peritestes,117,1,HR,2,B2,2,1,0,0,21.72%,-21.72%,2,1,1,251,22,2,DAD,JUP,HR,HR,HR,1
Richard Northstar,275,311,Harry Peritestes,117,808,LGO,497,B2,2,0,2,0,-0.89%,0.89%,0,0,0,251,22,2,DAD,JUP,LGO,LGO,LGO,1
Simba Martinez,1792,759,Rekt Keyo,331,522,FO,237,T3,0,0,2,0,-3.06%,3.06%,0,0,0,252,22,2,JUP,DAD,FO,FO,FO,1
Charpasm Chim,597,369,Rekt Keyo,331,111,K,258,T3,1,0,2,0,-2.82%,2.82%,0,0,0,252,22,2,JUP,DAD,K,K,FO,1
Bud Tuggli,133,777,Rekt Keyo,331,755,3B,22,T3,2,0,2,0,2.48%,-2.48%,0,0,0,252,22,2,JUP,DAD,3B,3B,HR,1
Dirk Thrustmore,726,604,Rekt Keyo,331,834,K,230,T3,2,3,2,0,-4.25%,4.25%,0,0,0,252,22,2,JUP,DAD,K,K,FO,1
Rekt Keyo,331,347,Harry Peritestes,117,730,RGO,383,B3,0,0,2,0,-1.38%,1.38%,0,0,0,253,22,2,DAD,JUP,RGO,RGO,PO,1
Runner Buehler,717,230,Harry Peritestes,117,95,BB,135,B3,1,0,2,0,1.12%,-1.12%,0,0,0,253,22,2,DAD,JUP,BB,BB,1B,1
Amper Sand,774,776,Harry Peritestes,117,950,FO,174,B3,1,1,2,0,-1.95%,1.95%,0,0,0,253,22,2,DAD,JUP,FO,FO,BB,1
Red Fox,784,1,Harry Peritestes,117,283,PO,282,B3,2,1,2,0,-1.84%,1.84%,0,0,0,253,22,2,DAD,JUP,PO,PO,FO,1
Lightning Balls,350,253,Rekt Keyo,331,322,1B,69,T4,0,0,2,0,5.30%,-5.30%,0,0,0,254,22,2,JUP,DAD,1B,1B,1B,1
Rocco Rudnikov,114,555,Rekt Keyo,331,741,FO,186,T4,0,1,2,0,-4.31%,4.31%,0,0,0,254,22,2,JUP,DAD,FO,FO,FO,1
Dart Ragusa,134,750,Rekt Keyo,331,488,K,262,T4,1,1,2,0,-4.91%,4.91%,0,0,0,254,22,2,JUP,DAD,K,K,FO,1
Streetlamp LeMoose,1734,23,Rekt Keyo,331,177,BB,154,T4,2,1,2,0,4.24%,-4.24%,0,0,0,254,22,2,JUP,DAD,BB,FO,BB,1
John Johnson Jr.,91,100,Rekt Keyo,331,752,K,348,T4,2,4,2,0,-8.92%,8.92%,0,0,0,254,22,2,JUP,DAD,K,PO,K,1
Michael Smith,1955,900,Harry Peritestes,117,580,RGO,320,B4,0,0,2,0,-1.66%,1.66%,0,0,0,255,22,2,DAD,JUP,RGO,RGO,K,1
Caleb Aiken,324,666,Harry Peritestes,117,120,LGO,454,B4,1,0,2,0,-1.11%,1.11%,0,0,0,255,22,2,DAD,JUP,LGO,LGO,LGO,1
Dixie Normos,332,666,Harry Peritestes,117,576,1B,90,B4,2,0,2,0,0.81%,-0.81%,0,0,0,255,22,2,DAD,JUP,1B,1B,1B,1
Hingle McCringleberry,257,420,Harry Peritestes,117,790,RGO,370,B4,2,1,2,0,-1.45%,1.45%,0,0,0,255,22,2,DAD,JUP,RGO,RGO,K,1
Simba Martinez,1792,812,Rekt Keyo,331,244,PO,432,T5,0,0,2,0,-3.62%,3.62%,0,0,0,256,22,2,JUP,DAD,PO,PO,RGO,1
Charpasm Chim,597,917,Rekt Keyo,331,477,RGO,440,T5,1,0,2,0,-3.57%,3.57%,0,0,0,256,22,2,JUP,DAD,RGO,RGO,RGO,1
Bud Tuggli,133,909,Rekt Keyo,331,867,2B,42,T5,2,0,2,0,3.96%,-3.96%,0,0,0,256,22,2,JUP,DAD,2B,2B,2B,1
Dirk Thrustmore,726,672,Rekt Keyo,331,382,K,290,T5,2,2,2,0,-5.70%,5.70%,0,0,0,256,22,2,JUP,DAD,K,K,K,1
Richard Northstar,275,480,Harry Peritestes,117,256,FO,224,B5,0,0,2,0,-0.63%,0.63%,0,0,0,257,22,2,DAD,JUP,FO,FO,FO,1
Rekt Keyo,331,2,Harry Peritestes,117,120,1B,118,B5,1,0,2,0,1.11%,-1.11%,0,0,0,257,22,2,DAD,JUP,1B,1B,1B,1
Runner Buehler,717,880,Harry Peritestes,117,950,2B,70,B5,1,1,2,0,2.99%,-2.99%,0,0,0,257,22,2,DAD,JUP,2B,2B,1B,1
Amper Sand,774,404,Harry Peritestes,117,670,K,266,B5,1,6,2,0,-1.44%,1.44%,0,0,0,257,22,2,DAD,JUP,K,K,Sac,1
Red Fox,784,54,Harry Peritestes,117,900,BB,154,B5,2,6,2,0,-1.58%,1.58%,0,0,0,257,22,2,DAD,JUP,BB,BB,BB,1
Michael Smith,1955,40,Harry Peritestes,117,720,RGO,320,B5,2,7,2,0,-2.41%,2.41%,0,0,0,257,22,2,DAD,JUP,RGO,RGO,K,1
Lightning Balls,350,450,Rekt Keyo,331,724,FO,274,T6,0,0,2,0,-4.18%,4.18%,0,0,0,258,22,2,JUP,DAD,FO,K,FO,1
Rocco Rudnikov,114,500,Rekt Keyo,331,724,K,224,T6,1,0,2,0,-3.65%,3.65%,0,0,0,258,22,2,JUP,DAD,K,K,FO,1
Dart Ragusa,134,31,Rekt Keyo,331,565,RGO,466,T6,2,0,2,0,-1.61%,1.61%,0,0,0,258,22,2,JUP,DAD,RGO,RGO,LGO,1
icna comit,198,893,Tequila Sunrise,249,829,2B,64,T1,0,0,0,0,6.78%,-6.78%,0,1,1,259,23,2,KTY,POR,2B,2B,2B,1
Juan Diego De Las Rosas,82,1,Tequila Sunrise,249,917,1B,84,T1,0,2,0,0,6.06%,-6.06%,0,0,0,259,23,2,KTY,POR,1B,1B,1B,1
Jason Varitek,1810,364,Tequila Sunrise,249,101,Sac,263,T1,0,5,0,0,-1.51%,1.51%,1,0,0,259,23,2,KTY,POR,FO,FO,Sac,1
Otis Nixon Sr.,107,,Tequila Sunrise,249,,Auto K,,T1,1,1,0,1,-3.66%,3.66%,0,0,0,259,23,2,KTY,POR,Auto K,Auto K,Auto K,9
Alexander Hamilton II,553,891,Tequila Sunrise,249,482,LGO,409,T1,2,1,0,1,-3.20%,3.20%,0,0,0,259,23,2,KTY,POR,LGO,LGO,RGO,1
Dominus Nominus,278,777,Mr. Miyagi,265,99,K,322,B1,0,0,0,1,-3.15%,3.15%,0,0,0,260,23,2,POR,KTY,K,K,K,1
Hannah Outlaw,178,526,Mr. Miyagi,265,101,RGO,425,B1,1,0,0,1,-2.67%,2.67%,0,0,0,260,23,2,POR,KTY,RGO,RGO,RGO,1
Bobo Bones,478,69,Mr. Miyagi,265,580,LGO,489,B1,2,0,0,1,-1.59%,1.59%,0,0,0,260,23,2,POR,KTY,LGO,LGO,LGO,1
David Roidtiz,1742,754,Tequila Sunrise,249,581,FO,173,T2,0,0,0,1,-2.62%,2.62%,0,0,0,261,23,2,KTY,POR,FO,FO,BB,1
Kirby Birch,1800,775,Tequila Sunrise,249,123,RGO,348,T2,1,0,0,1,-2.34%,2.34%,0,0,0,261,23,2,KTY,POR,RGO,RGO,K,1
Xerxes Dalin,474,608,Tequila Sunrise,249,455,1B,153,T2,2,0,0,1,1.96%,-1.96%,0,0,0,261,23,2,KTY,POR,1B,1B,BB,1
Tyler Phoenix,99,767,Tequila Sunrise,249,879,1B,112,T2,2,1,0,1,2.79%,-2.79%,0,0,0,261,23,2,KTY,POR,1B,1B,1B,1
icna comit,198,767,Tequila Sunrise,249,566,FO,201,T2,2,5,0,1,-6.31%,6.31%,0,0,0,261,23,2,KTY,POR,FO,FO,FO,1
Q Kimbrel,20,420,Mr. Miyagi,265,123,K,297,B2,0,0,0,1,-3.40%,3.40%,0,0,0,262,23,2,POR,KTY,K,K,K,1
Rickey Tucker,163,458,Mr. Miyagi,265,862,PO,404,B2,1,0,0,1,-2.75%,2.75%,0,0,0,262,23,2,POR,KTY,PO,RGO,RGO,1
Geno Scaramucci,165,1000,Mr. Miyagi,265,519,LGO,481,B2,2,0,0,1,-2.18%,2.18%,0,0,0,262,23,2,POR,KTY,LGO,LGO,LGO,1
Juan Diego De Las Rosas,82,1,Tequila Sunrise,249,311,RGO,310,T3,0,0,0,1,-2.77%,2.77%,0,0,0,263,23,2,KTY,POR,RGO,RGO,K,1
Jason Varitek,1810,666,Tequila Sunrise,249,532,BB,134,T3,1,0,0,1,3.55%,-3.55%,0,1,1,263,23,2,KTY,POR,BB,BB,1B,1
Otis Nixon Sr.,107,7,Tequila Sunrise,249,54,HR,47,T3,1,1,0,1,17.60%,-17.60%,2,1,1,263,23,2,KTY,POR,HR,3B,2B,1
Alexander Hamilton II,553,666,Tequila Sunrise,249,911,K,245,T3,1,0,0,3,-1.45%,1.45%,0,0,0,263,23,2,KTY,POR,K,K,FO,1
David Roidtiz,1742,115,Tequila Sunrise,249,333,K,218,T3,2,0,0,3,-0.95%,0.95%,0,0,0,263,23,2,KTY,POR,K,K,FO,1
Grigury Polinko,452,129,Mr. Miyagi,265,593,LGO,464,B3,0,0,0,3,-2.97%,2.97%,0,0,0,264,23,2,POR,KTY,LGO,LGO,LGO,1
Artie Ziff,164,649,Mr. Miyagi,265,917,FO,268,B3,1,0,0,3,-2.46%,2.46%,0,0,0,264,23,2,POR,KTY,FO,FO,FO,1
Coco Watanabe,204,223,Mr. Miyagi,265,911,K,312,B3,2,0,0,3,-1.72%,1.72%,0,0,0,264,23,2,POR,KTY,K,K,K,1
Kirby Birch,1800,850,Tequila Sunrise,249,211,RGO,361,T4,0,0,0,3,-1.34%,1.34%,0,0,0,265,23,2,KTY,POR,RGO,RGO,K,1
Xerxes Dalin,474,447,Tequila Sunrise,249,766,PO,319,T4,1,0,0,3,-1.21%,1.21%,0,0,0,265,23,2,KTY,POR,PO,RGO,K,1
Tyler Phoenix,99,501,Tequila Sunrise,249,159,RGO,342,T4,2,0,0,3,-0.89%,0.89%,0,0,0,265,23,2,KTY,POR,RGO,RGO,K,1
Dominus Nominus,278,600,Mr. Miyagi,265,887,FO,287,B4,0,0,0,3,-3.22%,3.22%,0,0,0,266,23,2,POR,KTY,FO,K,K,1
Hannah Outlaw,178,601,Mr. Miyagi,265,636,2B,35,B4,1,0,0,3,3.95%,-3.95%,0,0,0,266,23,2,POR,KTY,2B,2B,2B,1
Bobo Bones,478,666,Mr. Miyagi,265,887,FO,221,B4,1,2,0,3,-3.80%,3.80%,0,0,0,266,23,2,POR,KTY,FO,FO,FO,1
Q Kimbrel,20,42,Mr. Miyagi,265,540,LGO,498,B4,2,2,0,3,-4.41%,4.41%,0,0,0,266,23,2,POR,KTY,LGO,LGO,LGO,1
vladimir putin putin,1956,345,Tequila Sunrise,249,76,FO,269,T5,0,0,0,3,-0.82%,0.82%,0,0,0,267,23,2,KTY,POR,FO,FO,FO,1
Juan Diego De Las Rosas,82,500,Tequila Sunrise,249,968,LGO,468,T5,1,0,0,3,-0.96%,0.96%,0,0,0,267,23,2,KTY,POR,LGO,LGO,LGO,1
Jason Varitek,1810,13,Tequila Sunrise,249,500,LGO,487,T5,2,0,0,3,-0.98%,0.98%,0,0,0,267,23,2,KTY,POR,LGO,LGO,LGO,1
Rickey Tucker,163,395,Mr. Miyagi,265,222,FO,173,B5,0,0,0,3,-3.50%,3.50%,0,0,0,268,23,2,POR,KTY,FO,FO,BB,1
Geno Scaramucci,165,334,Mr. Miyagi,265,923,RGO,411,B5,1,0,0,3,-2.60%,2.60%,0,0,0,268,23,2,POR,KTY,RGO,RGO,RGO,1
Grigury Polinko,452,102,Mr. Miyagi,265,699,RGO,403,B5,2,0,0,3,-1.28%,1.28%,0,0,0,268,23,2,POR,KTY,RGO,RGO,RGO,1
Otis Nixon Sr.,107,69,Tequila Sunrise,249,881,FO,188,T6,0,0,0,3,-0.44%,0.44%,0,0,0,269,23,2,KTY,POR,FO,K,FO,1
Alexander Hamilton II,553,69,Tequila Sunrise,249,611,LGO,458,T6,1,0,0,3,-0.44%,0.44%,0,0,0,269,23,2,KTY,POR,LGO,LGO,LGO,1
David Roidtiz,1742,222,Tequila Sunrise,249,451,K,229,T6,2,0,0,3,-0.48%,0.48%,0,0,0,269,23,2,KTY,POR,K,K,FO,1
Artie Ziff,164,783,Mr. Miyagi,265,630,1B,153,B6,0,0,0,3,5.42%,-5.42%,0,0,0,270,23,2,POR,KTY,1B,BB,BB,1
Coco Watanabe,204,895,Mr. Miyagi,265,545,K,350,B6,0,1,0,3,-4.25%,4.25%,0,0,0,270,23,2,POR,KTY,K,K,K,1
Dominus Nominus,278,636,Mr. Miyagi,265,267,K,369,B6,1,1,0,3,-4.93%,4.93%,0,0,0,270,23,2,POR,KTY,K,PO,K,1
Hannah Outlaw,178,340,Mr. Miyagi,265,844,LGO,496,B6,2,1,0,3,-2.19%,2.19%,0,0,0,270,23,2,POR,KTY,LGO,LGO,LGO,1
cocl,487,189,Hudson Hildebrandt,284,355,BB,166,T1,0,0,0,0,3.67%,-3.67%,0,0,0,271,24,2,MVM,SAR,BB,BB,BB,1
Joey Semenhands,1822,714,Hudson Hildebrandt,284,955,K,241,T1,0,1,0,0,-2.98%,2.98%,0,0,0,271,24,2,MVM,SAR,K,K,FO,1
Apple Watch,1788,435,Hudson Hildebrandt,284,387,1B,48,T1,1,1,0,0,4.63%,-4.63%,0,0,0,271,24,2,MVM,SAR,1B,1B,2B,1
Mike Hampton,782,857,Hudson Hildebrandt,284,303,K,446,T1,1,4,0,0,-5.58%,5.58%,0,0,0,271,24,2,MVM,SAR,K,K,DP,1
Hero Brine,1942,823,Hudson Hildebrandt,284,568,K,255,T1,2,4,0,0,-6.52%,6.52%,0,0,0,271,24,2,MVM,SAR,K,K,FO,1
Cole Martinez,408,876,Wallace Grommet,492,900,3B,24,B1,0,0,0,0,9.36%,-9.36%,0,1,1,272,24,2,SAR,MVM,3B,3B,HR,1
Dr.Degratest Toevadoit,247,444,Wallace Grommet,492,6,PO,438,B1,0,3,0,0,-2.93%,2.93%,0,0,0,272,24,2,SAR,MVM,PO,PO,RGO,1
Bonesy McSkellington,1733,876,Wallace Grommet,492,19,1B,143,B1,1,3,0,0,4.27%,-4.27%,1,0,0,272,24,2,SAR,MVM,1B,BB,BB,1
Tucker Doubt,567,800,Wallace Grommet,492,202,PO,402,B1,1,1,1,0,-3.02%,3.02%,0,0,0,272,24,2,SAR,MVM,PO,PO,DP,1
Fuzzy Dunlop,382,905,Wallace Grommet,492,601,K,304,B1,2,1,1,0,-2.70%,2.70%,0,0,0,272,24,2,SAR,MVM,K,K,K,1
Delta Airlines,622,568,Hudson Hildebrandt,284,845,K,277,T2,0,0,1,0,-2.54%,2.54%,0,0,0,273,24,2,MVM,SAR,K,K,FO,1
Baron Harold Willingsby,765,156,Hudson Hildebrandt,284,109,2B,47,T2,1,0,1,0,5.09%,-5.09%,0,0,0,273,24,2,MVM,SAR,2B,2B,2B,1
Jeffrey Salmon,1704,601,Hudson Hildebrandt,284,302,K,299,T2,1,2,1,0,-5.84%,5.84%,0,0,0,273,24,2,MVM,SAR,K,K,K,1
Ioe Torrent,1844,950,Hudson Hildebrandt,284,455,LGO,495,T2,2,2,1,0,-4.22%,4.22%,0,0,0,273,24,2,MVM,SAR,LGO,LGO,LGO,1
Elmo Seabreeze,1785,701,Wallace Grommet,492,355,PO,346,B2,0,0,1,0,-2.16%,2.16%,0,0,0,274,24,2,SAR,MVM,PO,PO,K,1
Gimpy Schlempteen 32,379,526,Wallace Grommet,492,425,1B,101,B2,1,0,1,0,2.63%,-2.63%,0,0,0,274,24,2,SAR,MVM,1B,1B,1B,1
Makesiondon Kelkboom,327,1,Wallace Grommet,492,587,PO,414,B2,1,1,1,0,-3.09%,3.09%,0,0,0,274,24,2,SAR,MVM,PO,PO,DP,1
Lawrence Wiseman,380,968,Wallace Grommet,492,553,PO,415,B2,2,1,1,0,-3.14%,3.14%,0,0,0,274,24,2,SAR,MVM,PO,PO,RGO,1
cocl,487,569,Hudson Hildebrandt,284,248,K,321,T3,0,0,1,0,-3.61%,3.61%,0,0,0,275,24,2,MVM,SAR,K,K,K,1
Joey Semenhands,1822,,Hudson Hildebrandt,284,,Auto K,,T3,1,0,1,0,-3.13%,3.13%,0,0,0,275,24,2,MVM,SAR,Auto K,Auto K,Auto K,9
Apple Watch,1788,783,Hudson Hildebrandt,284,368,RGO,415,T3,2,0,1,0,-2.16%,2.16%,0,0,0,275,24,2,MVM,SAR,RGO,RGO,RGO,1
Cole Martinez,408,83,Wallace Grommet,492,261,FO,178,B3,0,0,1,0,-2.34%,2.34%,0,0,0,276,24,2,SAR,MVM,FO,FO,FO,1
Dr.Degratest Toevadoit,247,555,Wallace Grommet,492,711,FO,156,B3,1,0,1,0,-2.24%,2.24%,0,0,0,276,24,2,SAR,MVM,FO,FO,BB,1
Bonesy McSkellington,1733,626,Wallace Grommet,492,732,1B,106,B3,2,0,1,0,1.66%,-1.66%,0,0,0,276,24,2,SAR,MVM,1B,1B,1B,1
Tucker Doubt,567,101,Wallace Grommet,492,444,PO,343,B3,2,1,1,0,-3.10%,3.10%,0,0,0,276,24,2,SAR,MVM,PO,PO,K,1
Mike Hampton,782,503,Hudson Hildebrandt,284,666,BB,163,T4,0,0,1,0,6.05%,-6.05%,0,1,1,277,24,2,MVM,SAR,BB,BB,BB,1
Hero Brine,1942,888,Hudson Hildebrandt,284,902,HR,14,T4,0,1,1,0,26.71%,-26.71%,2,1,1,277,24,2,MVM,SAR,HR,HR,HR,1
Delta Airlines,622,99,Hudson Hildebrandt,284,177,1B,78,T4,0,0,1,2,3.74%,-3.74%,0,0,0,277,24,2,MVM,SAR,1B,1B,1B,1
Baron Harold Willingsby,765,626,Hudson Hildebrandt,284,335,K,291,T4,0,1,1,2,-3.35%,3.35%,0,0,0,277,24,2,MVM,SAR,K,K,K,1
Jeffrey Salmon,1704,626,Hudson Hildebrandt,284,708,1B,82,T4,1,1,1,2,5.13%,-5.13%,0,0,0,277,24,2,MVM,SAR,1B,1B,1B,1
Ioe Torrent,1844,680,Hudson Hildebrandt,284,977,K,297,T4,1,4,1,2,-5.95%,5.95%,0,0,0,277,24,2,MVM,SAR,K,K,K,1
cocl,487,369,Hudson Hildebrandt,284,155,FO,214,T4,2,4,1,2,-6.73%,6.73%,0,0,0,277,24,2,MVM,SAR,FO,FO,FO,1
Fuzzy Dunlop,382,69,Wallace Grommet,492,274,FO,205,B4,0,0,1,2,-4.80%,4.80%,0,0,0,278,24,2,SAR,MVM,FO,FO,FO,1
Elmo Seabreeze,1785,730,Wallace Grommet,492,69,PO,339,B4,1,0,1,2,-4.17%,4.17%,0,0,0,278,24,2,SAR,MVM,PO,PO,K,1
Gimpy Schlempteen 32,379,425,Wallace Grommet,492,579,BB,154,B4,2,0,1,2,3.29%,-3.29%,0,1,1,278,24,2,SAR,MVM,BB,BB,BB,1
Makesiondon Kelkboom,327,722,Wallace Grommet,492,761,2B,39,B4,2,1,1,2,22.71%,-22.71%,1,0,0,278,24,2,SAR,MVM,2B,2B,2B,1
Lawrence Wiseman,380,107,Wallace Grommet,492,425,PO,318,B4,2,2,2,2,-7.92%,7.92%,0,0,0,278,24,2,SAR,MVM,PO,PO,K,1
Ben Bramly,238,555,Hudson Hildebrandt,284,355,K,200,T5,0,0,2,2,-4.71%,4.71%,0,0,0,279,24,2,MVM,SAR,K,K,FO,1
Apple Watch,1788,432,Hudson Hildebrandt,284,788,K,356,T5,1,0,2,2,-4.48%,4.48%,0,0,0,279,24,2,MVM,SAR,K,K,K,1
Oscar Vinegrette,252,767,Hudson Hildebrandt,284,205,RGO,438,T5,2,0,2,2,-3.26%,3.26%,0,0,0,279,24,2,MVM,SAR,RGO,RGO,RGO,1
Cole Martinez,408,544,Wallace Grommet,492,334,FO,210,B5,0,0,2,2,-4.39%,4.39%,0,0,0,280,24,2,SAR,MVM,FO,FO,FO,1
Dr.Degratest Toevadoit,247,788,Wallace Grommet,492,966,FO,178,B5,1,0,2,2,-4.77%,4.77%,0,0,0,280,24,2,SAR,MVM,FO,FO,FO,1
Bonesy McSkellington,1733,120,Wallace Grommet,492,312,BB,192,B5,2,0,2,2,3.22%,-3.22%,0,0,0,280,24,2,SAR,MVM,BB,FO,FO,1
Tucker Doubt,567,661,Wallace Grommet,492,29,PO,368,B5,2,1,2,2,-6.26%,6.26%,0,0,0,280,24,2,SAR,MVM,PO,PO,K,1
Hero Brine,1942,511,Hudson Hildebrandt,284,449,2B,62,T6,0,0,2,2,16.15%,-16.15%,0,0,0,281,24,2,MVM,SAR,2B,2B,2B,1
Delta Airlines,622,889,Hudson Hildebrandt,284,555,K,334,T6,0,2,2,2,-9.85%,9.85%,0,0,0,281,24,2,MVM,SAR,K,K,K,1
Baron Harold Willingsby,765,39,Hudson Hildebrandt,284,166,BB,127,T6,1,2,2,2,4.47%,-4.47%,0,0,0,281,24,2,MVM,SAR,BB,BB,1B,1
Jeffrey Salmon,1704,333,Lawrence Wiseman,380,212,1B,121,T6,1,4,2,2,17.06%,-17.06%,0,0,0,281,24,2,MVM,SAR,1B,1B,1B,1
Ioe Torrent,1844,666,Lawrence Wiseman,380,134,DP,468,T6,1,7,2,2,-44.63%,44.63%,0,0,0,281,24,2,MVM,SAR,LGO,LGO,DP,1
Hudson Hildebrandt,284,672,Haloick Oasis,1842,69,RGO,397,B6,0,0,2,2,-6.12%,6.12%,0,0,0,282,24,2,SAR,MVM,RGO,RGO,PO,1
Elmo Seabreeze,1785,400,Haloick Oasis,1842,672,FO,272,B6,1,0,2,2,-5.87%,5.87%,0,0,0,282,24,2,SAR,MVM,FO,FO,FO,1
Gimpy Schlempteen 32,379,200,Haloick Oasis,1842,69,BB,131,B6,2,0,2,2,4.06%,-4.06%,0,0,0,282,24,2,SAR,MVM,BB,BB,1B,1
Makesiondon Kelkboom,327,669,Haloick Oasis,1842,525,BB,144,B6,2,1,2,2,4.84%,-4.84%,0,0,0,282,24,2,SAR,MVM,BB,BB,BB,1
Lawrence Wiseman,380,777,Haloick Oasis,1842,900,BB,123,B6,2,4,2,2,2.86%,-2.86%,0,0,0,282,24,2,SAR,MVM,BB,BB,1B,1
Cole Martinez,408,876,Haloick Oasis,1842,666,FO,210,B6,2,7,2,2,-16.57%,16.57%,0,0,0,282,24,2,SAR,MVM,FO,FO,FO,1
Francis X. Clampazzo,485,1,Nick Willis Jr.,1841,170,BB,169,T1,0,0,0,0,3.67%,-3.67%,0,0,0,283,25,3,KRB,RKT,BB,BB,BB,1
Christian Bevan,616,589,Nick Willis Jr.,1841,117,DP,472,T1,0,1,0,0,-8.71%,8.71%,0,0,0,283,25,3,KRB,RKT,LGO,LGO,DP,1
Tabasco Greensauce,1818,750,Nick Willis Jr.,1841,579,BB,171,T1,2,0,0,0,1.77%,-1.77%,0,1,1,283,25,3,KRB,RKT,BB,BB,BB,1
Jayson Kincaid,756,777,Nick Willis Jr.,1841,719,2B,58,T1,2,1,0,0,12.25%,-12.25%,1,0,0,283,25,3,KRB,RKT,2B,2B,2B,1
Moby Dick,1719,420,Nick Willis Jr.,1841,978,RGO,442,T1,2,2,0,1,-4.51%,4.51%,0,0,0,283,25,3,KRB,RKT,RGO,RGO,RGO,1
Cali Guerensk,1729,380,Arthur Vandelay,518,185,FO,195,B1,0,0,0,1,-3.15%,3.15%,0,0,0,284,25,3,RKT,KRB,FO,FO,FO,1
DeVon Pepper,1701,617,Arthur Vandelay,518,943,K,326,B1,1,0,0,1,-2.67%,2.67%,0,0,0,284,25,3,RKT,KRB,K,K,K,1
Corey Scooter,1717,707,Arthur Vandelay,518,201,LGO,494,B1,2,0,0,1,-1.59%,1.59%,0,0,0,284,25,3,RKT,KRB,LGO,LGO,LGO,1
Roy Hobbs,609,,Nick Willis Jr.,1841,,Auto K,,T2,0,0,0,1,-2.62%,2.62%,0,0,0,285,25,3,KRB,RKT,Auto K,Auto K,Auto K,9
Arthur Vandelay,518,25,Nick Willis Jr.,1841,530,LGO,495,T2,1,0,0,1,-2.34%,2.34%,0,0,0,285,25,3,KRB,RKT,LGO,LGO,LGO,1
Thomas Chiggins,16,818,Nick Willis Jr.,1841,226,PO,408,T2,2,0,0,1,-1.56%,1.56%,0,0,0,285,25,3,KRB,RKT,PO,PO,RGO,1
Kyle Bellinger,730,552,Arthur Vandelay,518,199,PO,353,B2,0,0,0,1,-3.40%,3.40%,0,0,0,286,25,3,RKT,KRB,PO,PO,K,1
Jake Wexler,399,332,Arthur Vandelay,518,161,FO,171,B2,1,0,0,1,-2.75%,2.75%,0,0,0,286,25,3,RKT,KRB,FO,FO,BB,1
Coleman Waters,152,504,Arthur Vandelay,518,501,HR,3,B2,2,0,0,1,13.36%,-13.36%,1,1,1,286,25,3,RKT,KRB,HR,HR,HR,1
Austin Schwartz,49,559,Arthur Vandelay,518,716,BB,157,B2,2,0,1,1,2.05%,-2.05%,0,1,1,286,25,3,RKT,KRB,BB,BB,BB,1
Dr. Tuna Altuna,533,132,Arthur Vandelay,518,125,HR,7,B2,2,1,1,1,21.72%,-21.72%,2,1,1,286,25,3,RKT,KRB,HR,HR,HR,1
Penny Lane,716,333,Arthur Vandelay,518,814,LGO,481,B2,2,0,3,1,-0.89%,0.89%,0,0,0,286,25,3,RKT,KRB,LGO,LGO,LGO,1
Kevin Arianna,113,69,Nick Willis Jr.,1841,873,FO,196,T3,0,0,3,1,-3.06%,3.06%,0,0,0,287,25,3,KRB,RKT,FO,FO,FO,1
Francis X. Clampazzo,485,776,Nick Willis Jr.,1841,192,PO,416,T3,1,0,3,1,-2.82%,2.82%,0,0,0,287,25,3,KRB,RKT,PO,PO,RGO,1
Christian Bevan,616,214,Nick Willis Jr.,1841,324,1B,110,T3,2,0,3,1,2.11%,-2.11%,0,0,0,287,25,3,KRB,RKT,1B,1B,1B,1
Tabasco Greensauce,1818,630,Nick Willis Jr.,1841,440,FO,190,T3,2,1,3,1,-3.88%,3.88%,0,0,0,287,25,3,KRB,RKT,FO,FO,FO,1
Cali Guerensk,1729,666,Arthur Vandelay,518,185,LGO,481,B3,0,0,3,1,-1.38%,1.38%,0,0,0,288,25,3,RKT,KRB,LGO,LGO,LGO,1
DeVon Pepper,1701,179,Arthur Vandelay,518,936,FO,243,B3,1,0,3,1,-1.46%,1.46%,0,0,0,288,25,3,RKT,KRB,FO,FO,FO,1
Corey Scooter,1717,204,Arthur Vandelay,518,100,BB,104,B3,2,0,3,1,0.63%,-0.63%,0,0,0,288,25,3,RKT,KRB,BB,BB,1B,1
Kyle Bellinger,730,406,Arthur Vandelay,518,236,FO,170,B3,2,1,3,1,-1.84%,1.84%,0,0,0,288,25,3,RKT,KRB,FO,FO,BB,1
Jayson Kincaid,756,999,Nick Willis Jr.,1841,987,HR,12,T4,0,0,3,1,11.94%,-11.94%,1,1,1,289,25,3,KRB,RKT,HR,HR,HR,1
Moby Dick,1719,444,Nick Willis Jr.,1841,52,PO,392,T4,0,0,3,2,-4.06%,4.06%,0,0,0,289,25,3,KRB,RKT,PO,PO,PO,1
Roy Hobbs,609,81,Nick Willis Jr.,1841,383,K,302,T4,1,0,3,2,-3.83%,3.83%,0,0,0,289,25,3,KRB,RKT,K,K,K,1
Arthur Vandelay,518,775,Nick Willis Jr.,1841,662,1B,113,T4,2,0,3,2,2.63%,-2.63%,0,0,0,289,25,3,KRB,RKT,1B,1B,1B,1
King Kruul,2229,30,Nick Willis Jr.,1841,811,FO,219,T4,2,1,3,2,-5.20%,5.20%,0,0,0,289,25,3,KRB,RKT,FO,FO,FO,1
Jake Wexler,399,503,Arthur Vandelay,518,43,LGO,460,B4,0,0,3,2,-2.24%,2.24%,0,0,0,290,25,3,RKT,KRB,LGO,LGO,LGO,1
Coleman Waters,152,187,Arthur Vandelay,518,854,PO,333,B4,1,0,3,2,-1.93%,1.93%,0,0,0,290,25,3,RKT,KRB,PO,PO,K,1
Austin Schwartz,49,949,Arthur Vandelay,518,295,PO,346,B4,2,0,3,2,-1.56%,1.56%,0,0,0,290,25,3,RKT,KRB,PO,PO,K,1
Kevin Arianna,113,250,Nick Willis Jr.,1841,523,K,273,T5,0,0,3,2,-5.29%,5.29%,0,0,0,291,25,3,KRB,RKT,K,K,FO,1
Francis X. Clampazzo,485,538,Whit Merto,162,777,FO,239,T5,1,0,3,2,-5.21%,5.21%,0,0,0,291,25,3,KRB,RKT,FO,FO,FO,1
Christian Bevan,616,964,Whit Merto,162,956,HR,8,T5,2,0,3,2,22.53%,-22.53%,1,1,1,291,25,3,KRB,RKT,HR,HR,HR,1
Tabasco Greensauce,1818,450,Whit Merto,162,717,FO,267,T5,2,0,3,3,-3.26%,3.26%,0,0,0,291,25,3,KRB,RKT,FO,FO,FO,1
Dr. Tuna Altuna,533,579,Arthur Vandelay,518,924,PO,345,B5,0,0,3,3,-4.39%,4.39%,0,0,0,292,25,3,RKT,KRB,PO,PO,K,1
Penny Lane,716,416,Arthur Vandelay,518,921,LGO,495,B5,1,0,3,3,-4.77%,4.77%,0,0,0,292,25,3,RKT,KRB,LGO,LGO,LGO,1
Cali Guerensk,1729,180,Arthur Vandelay,518,968,FO,212,B5,2,0,3,3,-3.04%,3.04%,0,0,0,292,25,3,RKT,KRB,FO,FO,FO,1
Jayson Kincaid,756,600,Whit Merto,162,560,2B,40,T6,0,0,3,3,16.15%,-16.15%,0,1,1,293,25,3,KRB,RKT,2B,2B,2B,1
Moby Dick,1719,715,Whit Merto,162,120,RGO,405,T6,0,2,3,3,6.93%,-6.93%,0,0,0,293,25,3,KRB,RKT,RGO,RGO,RGO,1
Roy Hobbs,609,750,Whit Merto,162,330,RGO,420,T6,1,3,3,3,3.42%,-3.42%,1,0,0,293,25,3,KRB,RKT,RGO,RGO,RGO,1
Homer Nocker,606,420,Whit Merto,162,89,PO,331,T6,2,0,3,4,-1.52%,1.52%,0,0,0,293,25,3,KRB,RKT,PO,PO,K,1
DeVon Pepper,1701,420,Moby Dick,1719,23,PO,397,B6,0,0,3,4,-9.46%,9.46%,0,0,0,294,25,3,RKT,KRB,PO,PO,PO,1
Corey Scooter,1717,864,Moby Dick,1719,817,2B,47,B6,1,0,3,4,17.92%,-17.92%,0,0,0,294,25,3,RKT,KRB,2B,2B,2B,1
Kyle Bellinger,730,401,Moby Dick,1719,700,PO,299,B6,1,2,3,4,-15.08%,15.08%,0,0,0,294,25,3,RKT,KRB,PO,PO,K,1
Jake Wexler,399,202,Moby Dick,1719,675,LGO,473,B6,2,2,3,4,-18.62%,18.62%,0,0,0,294,25,3,RKT,KRB,LGO,LGO,LGO,1
Ray Saint Pete,1816,327,Etsuko Rune,812,273,2B,54,T1,0,0,0,0,6.78%,-6.78%,0,1,1,295,26,3,WSH,CHI,2B,2B,2B,1
Chody McCarty,650,,Etsuko Rune,812,,Auto BB,,T1,0,2,0,0,4.03%,-4.03%,0,1,1,295,26,3,WSH,CHI,Auto BB,Auto BB,Auto BB,10
Jeff Dingerhitter,298,852,Etsuko Rune,812,785,2B,67,T1,0,4,0,0,13.12%,-13.12%,1,1,1,295,26,3,WSH,CHI,2B,2B,1B,1
Miguel Snow,290,589,Etsuko Rune,812,888,RGO,299,T1,0,6,0,1,1.76%,-1.76%,1,0,0,295,26,3,WSH,CHI,RGO,RGO,K,1
Conor Sexton,289,865,Etsuko Rune,812,173,RGO,308,T1,1,3,0,2,-0.35%,0.35%,1,0,0,295,26,3,WSH,CHI,RGO,RGO,K,1
Phil Coulson,226,635,Etsuko Rune,812,437,FO,198,T1,2,0,0,3,-1.07%,1.07%,0,0,0,295,26,3,WSH,CHI,FO,FO,FO,1
Monica M. Clinton,1774,376,Yahtzee Pinocchio,815,137,FO,239,B1,0,0,0,3,-2.64%,2.64%,0,0,0,296,26,3,CHI,WSH,FO,K,FO,1
Isaac Saffron,377,777,Yahtzee Pinocchio,815,111,PO,334,B1,1,0,0,3,-2.50%,2.50%,0,0,0,296,26,3,CHI,WSH,PO,PO,K,1
Nikola Tefla,719,473,Yahtzee Pinocchio,815,777,PO,304,B1,2,0,0,3,-1.21%,1.21%,0,0,0,296,26,3,CHI,WSH,PO,PO,K,1
Jack Ryan,2215,845,Etsuko Rune,812,212,RGO,367,T2,0,0,0,3,-1.47%,1.47%,0,0,0,297,26,3,WSH,CHI,RGO,RGO,K,1
Cagney O’verpaid,1743,743,Etsuko Rune,812,900,BB,157,T2,1,0,0,3,1.36%,-1.36%,0,1,1,297,26,3,WSH,CHI,BB,BB,BB,1
Mitch Kramer,669,738,Etsuko Rune,812,653,1B,85,T2,1,1,0,3,3.09%,-3.09%,0,1,1,297,26,3,WSH,CHI,1B,1B,1B,1
Ray Saint Pete,1816,350,Etsuko Rune,812,347,HR,3,T2,1,4,0,3,10.76%,-10.76%,3,1,1,297,26,3,WSH,CHI,HR,HR,HR,1
Chody McCarty,650,13,Blackbean Burrito,516,711,RGO,302,T2,1,0,0,6,-0.33%,0.33%,0,0,0,297,26,3,WSH,CHI,RGO,RGO,K,1
Jeff Dingerhitter,298,815,Blackbean Burrito,516,450,RGO,365,T2,2,0,0,6,-0.58%,0.58%,0,0,0,297,26,3,WSH,CHI,RGO,RGO,K,1
JC Nicholson,2221,473,Yahtzee Pinocchio,815,689,FO,216,B2,0,0,0,6,-1.43%,1.43%,0,0,0,298,26,3,CHI,WSH,FO,FO,FO,1
Candy Sollazo,715,373,Yahtzee Pinocchio,815,700,PO,327,B2,1,0,0,6,-0.83%,0.83%,0,0,0,298,26,3,CHI,WSH,PO,PO,K,1
Doc Dockgoose,1801,627,Yahtzee Pinocchio,815,333,K,294,B2,2,0,0,6,-0.57%,0.57%,0,0,0,298,26,3,CHI,WSH,K,K,K,1
Miguel Snow,290,900,Blackbean Burrito,516,849,2B,51,T3,0,0,0,6,1.54%,-1.54%,0,1,1,299,26,3,WSH,CHI,2B,2B,2B,1
Conor Sexton,289,321,Blackbean Burrito,516,124,FO,197,T3,0,2,0,6,-1.59%,1.59%,0,0,0,299,26,3,WSH,CHI,FO,FO,FO,1
Phil Coulson,226,549,Blackbean Burrito,516,500,2B,49,T3,1,2,0,6,0.00%,0.00%,1,1,1,299,26,3,WSH,CHI,2B,2B,2B,1
Jack Ryan,2215,313,Blackbean Burrito,516,423,1B,110,T3,1,2,0,7,1.58%,-1.58%,0,1,1,299,26,3,WSH,CHI,1B,1B,1B,1
KC Bats,287,69,Blackbean Burrito,516,205,BB,136,T3,1,5,0,7,-0.32%,0.32%,0,0,0,299,26,3,WSH,CHI,BB,BB,1B,1
Mitch Kramer,669,699,Blackbean Burrito,516,839,BB,140,T3,1,7,0,7,0.00%,0.00%,1,0,0,299,26,3,WSH,CHI,BB,BB,BB,1
Ray Saint Pete,1816,969,Blackbean Burrito,516,839,BB,130,T3,1,7,0,8,0.00%,0.00%,1,0,0,299,26,3,WSH,CHI,BB,BB,1B,1
Chody McCarty,650,610,Blackbean Burrito,516,289,DP,321,T3,1,7,0,9,-2.65%,2.65%,0,0,0,299,26,3,WSH,CHI,RGO,RGO,K,1
Michael Ikenberry,63,500,Yahtzee Pinocchio,815,283,FO,217,B3,0,0,0,9,-1.22%,1.22%,0,0,0,300,26,3,CHI,WSH,FO,FO,FO,1
Miroslav,71,2,Yahtzee Pinocchio,815,44,2B,42,B3,1,0,0,9,1.74%,-1.74%,0,1,1,300,26,3,CHI,WSH,2B,2B,2B,1
Velvet Scarlatina,59,7,Yahtzee Pinocchio,815,66,2B,59,B3,1,2,0,9,0.00%,0.00%,1,0,0,300,26,3,CHI,WSH,2B,2B,2B,1
Monica M. Clinton,1774,69,Yahtzee Pinocchio,815,777,K,292,B3,1,2,1,9,-2.23%,2.23%,0,0,0,300,26,3,CHI,WSH,K,K,K,1
Isaac Saffron,377,676,Yahtzee Pinocchio,815,888,FO,212,B3,2,2,1,9,-0.67%,0.67%,0,0,0,300,26,3,CHI,WSH,FO,FO,FO,1
Jeff Dingerhitter,298,352,Leonard Boyfriend,67,978,RGO,374,T4,0,0,1,9,0.05%,-0.05%,0,0,0,301,26,3,WSH,CHI,RGO,RGO,K,1
Miguel Snow,290,222,Leonard Boyfriend,67,761,LGO,461,T4,1,0,1,9,-0.30%,0.30%,0,0,0,301,26,3,WSH,CHI,LGO,LGO,LGO,1
Conor Sexton,289,383,Leonard Boyfriend,67,929,LGO,454,T4,2,0,1,9,-0.14%,0.14%,0,0,0,301,26,3,WSH,CHI,LGO,LGO,LGO,1
Nikola Tefla,719,928,Yahtzee Pinocchio,815,487,RGO,441,B4,0,0,1,9,-0.78%,0.78%,0,0,0,302,26,3,CHI,WSH,RGO,RGO,RGO,1
JC Nicholson,2221,951,Yahtzee Pinocchio,815,937,HR,14,B4,1,0,1,9,0.00%,0.00%,1,1,1,302,26,3,CHI,WSH,HR,HR,HR,1
Candy Sollazo,715,418,Yahtzee Pinocchio,815,1000,PO,418,B4,1,0,2,9,-0.78%,0.78%,0,0,0,302,26,3,CHI,WSH,PO,PO,RGO,1
Doc Dockgoose,1801,410,Yahtzee Pinocchio,815,333,1B,77,B4,2,0,2,9,0.39%,-0.39%,0,0,0,302,26,3,CHI,WSH,1B,1B,1B,1
Michael Ikenberry,63,334,Yahtzee Pinocchio,815,100,FO,234,B4,2,1,2,9,-0.62%,0.62%,0,0,0,302,26,3,CHI,WSH,FO,FO,FO,1
Phil Coulson,226,323,Leonard Boyfriend,67,753,LGO,430,T5,0,0,2,9,0.07%,-0.07%,0,0,0,303,26,3,WSH,CHI,LGO,LGO,RGO,1
Jack Ryan,2215,369,Leonard Boyfriend,67,653,FO,284,T5,1,0,2,9,-0.33%,0.33%,0,0,0,303,26,3,WSH,CHI,FO,K,FO,1
KC Bats,287,69,Leonard Boyfriend,67,905,BB,164,T5,2,0,2,9,0.09%,-0.09%,0,0,0,303,26,3,WSH,CHI,BB,BB,BB,1
Mitch Kramer,669,238,Leonard Boyfriend,67,766,LGO,472,T5,2,1,2,9,-0.18%,0.18%,0,0,0,303,26,3,WSH,CHI,LGO,LGO,LGO,1
Miroslav,71,569,Yahtzee Pinocchio,815,699,1B,130,B5,0,0,2,9,1.18%,-1.18%,0,0,0,304,26,3,CHI,WSH,1B,1B,1B,1
Velvet Scarlatina,59,9,Yahtzee Pinocchio,815,222,FO,213,B5,0,1,2,9,-1.13%,1.13%,0,0,0,304,26,3,CHI,WSH,FO,FO,FO,1
Monica M. Clinton,1774,777,Yahtzee Pinocchio,815,435,PO,342,B5,1,1,2,9,-1.15%,1.15%,0,0,0,304,26,3,CHI,WSH,PO,PO,K,1
Isaac Saffron,377,885,Yahtzee Pinocchio,815,111,FO,226,B5,2,1,2,9,-0.26%,0.26%,0,0,0,304,26,3,CHI,WSH,FO,FO,FO,1
Ray Saint Pete,1816,777,Leonard Boyfriend,67,219,LGO,442,T6,0,0,2,9,-0.01%,0.01%,0,0,0,305,26,3,WSH,CHI,LGO,LGO,RGO,1
Chody McCarty,650,685,Leonard Boyfriend,67,158,LGO,473,T6,1,0,2,9,-0.07%,0.07%,0,0,0,305,26,3,WSH,CHI,LGO,LGO,LGO,1
Jeff Dingerhitter,298,853,Leonard Boyfriend,67,226,RGO,373,T6,2,0,2,9,-0.07%,0.07%,0,0,0,305,26,3,WSH,CHI,RGO,RGO,K,1
Nikola Tefla,719,787,Yahtzee Pinocchio,815,375,RGO,412,B6,0,0,2,9,-0.38%,0.38%,0,0,0,306,26,3,CHI,WSH,RGO,RGO,RGO,1
JC Nicholson,2221,499,Yahtzee Pinocchio,815,224,K,275,B6,1,0,2,9,-0.18%,0.18%,0,0,0,306,26,3,CHI,WSH,K,K,FO,1
Candy Sollazo,715,1000,Yahtzee Pinocchio,815,77,1B,77,B6,2,0,2,9,0.06%,-0.06%,0,0,0,306,26,3,CHI,WSH,1B,1B,1B,1
Doc Dockgoose,1801,391,Yahtzee Pinocchio,815,745,PO,354,B6,2,1,2,9,-0.09%,0.09%,0,0,0,306,26,3,CHI,WSH,PO,PO,K,1
Juni Panda,488,727,Nicholas Fouss,1776,1,K,274,T1,0,0,0,0,-2.52%,2.52%,0,0,0,307,27,3,PPP,TSA,K,K,FO,1
Legend 27,762,333,Nicholas Fouss,1776,274,2B,59,T1,1,0,0,0,4.48%,-4.48%,0,0,0,307,27,3,PPP,TSA,2B,2B,2B,1
Eric Leeder,29,919,Nicholas Fouss,1776,721,BB,198,T1,1,2,0,0,3.36%,-3.36%,0,0,0,307,27,3,PPP,TSA,BB,FO,FO,1
Jack Marnette,213,795,Nicholas Fouss,1776,37,FO,242,T1,1,4,0,0,-5.58%,5.58%,0,0,0,307,27,3,PPP,TSA,FO,FO,FO,1
Larry Longshot,32,346,Nicholas Fouss,1776,512,BB,166,T1,2,4,0,0,3.16%,-3.16%,0,0,0,307,27,3,PPP,TSA,BB,BB,BB,1
Harry McPotterson,1703,518,Nicholas Fouss,1776,293,FO,225,T1,2,7,0,0,-9.68%,9.68%,0,0,0,307,27,3,PPP,TSA,FO,FO,FO,1
Batter Buckland,137,95,Lefty Louis,166,213,1B,118,B1,0,0,0,0,3.55%,-3.55%,0,0,0,308,27,3,TSA,PPP,1B,1B,1B,1
Rob Patterson,140,550,Lefty Louis,166,691,FO,141,B1,0,1,0,0,-2.91%,2.91%,0,0,0,308,27,3,TSA,PPP,FO,FO,BB,1
Mutton Happleburth,493,891,Lefty Louis,166,170,K,279,B1,1,1,0,0,-4.14%,4.14%,0,0,0,308,27,3,TSA,PPP,K,K,FO,1
Nicholas Fouss,1776,412,Lefty Louis,166,178,FO,234,B1,2,1,0,0,-3.29%,3.29%,0,0,0,308,27,3,TSA,PPP,FO,FO,FO,1
Lefty Louis,166,230,Nicholas Fouss,1776,108,1B,122,T2,0,0,0,0,4.19%,-4.19%,0,1,1,309,27,3,PPP,TSA,1B,1B,1B,1
Poop McGee,596,850,Nicholas Fouss,1776,682,FO,168,T2,0,1,0,0,-3.28%,3.28%,0,0,0,309,27,3,PPP,TSA,FO,FO,BB,1
Nipsey Slip,529,888,Nicholas Fouss,1776,2,1B,114,T2,1,1,0,0,5.17%,-5.17%,0,1,1,309,27,3,PPP,TSA,1B,1B,1B,1
Juni Panda,488,404,Nicholas Fouss,1776,222,BB,182,T2,1,4,0,0,8.61%,-8.61%,0,1,1,309,27,3,PPP,TSA,BB,FO,FO,1
Legend 27,762,700,Nicholas Fouss,1776,651,2B,49,T2,1,7,0,0,16.11%,-16.11%,2,1,1,309,27,3,PPP,TSA,2B,2B,2B,1
Eric Leeder,29,834,Nicholas Fouss,1776,416,PO,418,T2,1,6,0,2,-8.00%,8.00%,0,0,0,309,27,3,PPP,TSA,PO,RGO,RGO,1
Jack Marnette,213,923,Nicholas Fouss,1776,754,BB,169,T2,2,6,0,2,1.26%,-1.26%,0,1,1,309,27,3,PPP,TSA,BB,BB,BB,1
Larry Longshot,32,259,Nicholas Fouss,1776,344,1B,85,T2,2,7,0,2,12.84%,-12.84%,2,0,0,309,27,3,PPP,TSA,1B,1B,1B,1
Harry McPotterson,1703,69,Nicholas Fouss,1776,1,1B,68,T2,2,5,0,4,3.97%,-3.97%,1,0,0,309,27,3,PPP,TSA,1B,1B,1B,1
Lefty Louis,166,312,Batter Buckland,137,850,LGO,462,T2,2,5,0,5,-1.66%,1.66%,0,0,0,309,27,3,PPP,TSA,LGO,LGO,LGO,1
Hayden McCloud,129,880,Nipsey Slip,529,318,LGO,438,B2,0,0,0,5,-1.70%,1.70%,0,0,0,310,27,3,TSA,PPP,LGO,LGO,RGO,1
Zander Ackley,127,185,Nipsey Slip,529,447,K,262,B2,1,0,0,5,-1.71%,1.71%,0,0,0,310,27,3,TSA,PPP,K,K,FO,1
"Adrian ""Pudge"" Young",1772,861,Nipsey Slip,529,727,1B,134,B2,2,0,0,5,1.15%,-1.15%,0,1,1,310,27,3,TSA,PPP,1B,BB,1B,1
Donnie Draper,138,567,Nipsey Slip,529,444,1B,123,B2,2,1,0,5,1.44%,-1.44%,0,1,1,310,27,3,TSA,PPP,1B,1B,1B,1
Lloyd Gross,135,911,Nipsey Slip,529,12,1B,101,B2,2,5,0,5,5.42%,-5.42%,1,1,1,310,27,3,TSA,PPP,1B,1B,1B,1
Batter Buckland,137,482,Nipsey Slip,529,555,2B,73,B2,2,5,1,5,15.14%,-15.14%,2,1,1,310,27,3,TSA,PPP,2B,2B,1B,1
Rob Patterson,140,717,Nipsey Slip,529,858,BB,141,B2,2,2,3,5,2.09%,-2.09%,0,1,1,310,27,3,TSA,PPP,BB,BB,BB,1
Mutton Happleburth,493,255,Nipsey Slip,529,241,HR,14,B2,2,4,3,5,32.29%,-32.29%,3,1,1,310,27,3,TSA,PPP,HR,HR,HR,1
Nicholas Fouss,1776,1,Larry Longshot,32,101,1B,100,B2,2,0,6,5,1.75%,-1.75%,0,1,1,310,27,3,TSA,PPP,1B,1B,1B,1
Hayden McCloud,129,46,Larry Longshot,32,103,2B,57,B2,2,1,6,5,11.50%,-11.50%,1,1,1,310,27,3,TSA,PPP,2B,2B,2B,1
Zander Ackley,127,333,Larry Longshot,32,301,HR,32,B2,2,2,7,5,11.50%,-11.50%,2,1,1,310,27,3,TSA,PPP,HR,HR,2B,1
"Adrian ""Pudge"" Young",1772,484,Larry Longshot,32,1,LGO,483,B2,2,0,9,5,-0.19%,0.19%,0,0,0,310,27,3,TSA,PPP,LGO,LGO,LGO,1
Poop McGee,596,811,Batter Buckland,137,788,HR,23,T3,0,0,9,5,6.11%,-6.11%,1,1,1,311,27,3,PPP,TSA,HR,HR,HR,1
Nelson Van Halen,649,101,Batter Buckland,137,970,BB,131,T3,0,0,9,6,4.47%,-4.47%,0,0,0,311,27,3,PPP,TSA,BB,BB,1B,1
Juni Panda,488,80,Batter Buckland,137,200,1B,120,T3,0,1,9,6,6.27%,-6.27%,0,0,0,311,27,3,PPP,TSA,1B,1B,1B,1
Legend 27,762,750,Batter Buckland,137,1,FO,251,T3,0,4,9,6,-4.02%,4.02%,0,0,0,311,27,3,PPP,TSA,FO,FO,FO,1
Eric Leeder,29,69,Batter Buckland,137,490,DP,421,T3,1,4,9,6,-12.50%,12.50%,0,0,0,311,27,3,PPP,TSA,RGO,RGO,DP,1
Donnie Draper,138,69,Nelson Van Halen,649,12,2B,57,B3,0,0,9,6,2.01%,-2.01%,0,0,0,312,27,3,TSA,PPP,2B,2B,2B,1
Lloyd Gross,135,69,Nelson Van Halen,649,948,BB,121,B3,0,2,9,6,1.86%,-1.86%,0,0,0,312,27,3,TSA,PPP,BB,BB,1B,1
Batter Buckland,137,69,Nelson Van Halen,649,777,K,292,B3,0,4,9,6,-2.11%,2.11%,0,0,0,312,27,3,TSA,PPP,K,K,K,1
Rob Patterson,140,256,Nelson Van Halen,649,601,K,345,B3,1,4,9,6,-2.60%,2.60%,0,0,0,312,27,3,TSA,PPP,K,K,K,1
Mutton Happleburth,493,69,Nelson Van Halen,649,256,FO,187,B3,2,4,9,6,-1.72%,1.72%,0,0,0,312,27,3,TSA,PPP,FO,FO,FO,1
Jack Marnette,213,174,Batter Buckland,137,235,1B,61,T4,0,0,9,6,4.23%,-4.23%,0,0,0,313,27,3,PPP,TSA,1B,1B,2B,1
Larry Longshot,32,345,Batter Buckland,137,810,DP,465,T4,0,1,9,6,-9.25%,9.25%,0,0,0,313,27,3,PPP,TSA,RGO,RGO,DP,1
Harry McPotterson,1703,834,Batter Buckland,137,750,1B,84,T4,2,0,9,6,1.89%,-1.89%,0,0,0,313,27,3,PPP,TSA,1B,1B,1B,1
Lefty Louis,166,442,Batter Buckland,137,580,1B,138,T4,2,1,9,6,3.23%,-3.23%,0,0,0,313,27,3,PPP,TSA,1B,1B,BB,1
Poop McGee,596,515,Batter Buckland,137,700,FO,185,T4,2,5,9,6,-6.21%,6.21%,0,0,0,313,27,3,PPP,TSA,FO,FO,FO,1
Nicholas Fouss,1776,880,Poop McGee,596,1,1B,121,B4,0,0,9,6,1.01%,-1.01%,0,1,1,314,27,3,TSA,PPP,1B,BB,1B,1
Hayden McCloud,129,101,Poop McGee,596,1,1B,100,B4,0,1,9,6,1.11%,-1.11%,0,1,1,314,27,3,TSA,PPP,1B,1B,1B,1
Zander Ackley,127,444,Poop McGee,596,501,2B,57,B4,0,4,9,6,3.17%,-3.17%,1,0,0,314,27,3,TSA,PPP,2B,2B,2B,1
"Adrian ""Pudge"" Young",1772,201,Poop McGee,596,420,Sac,219,B4,0,6,10,6,0.27%,-0.27%,1,0,0,314,27,3,TSA,PPP,FO,FO,Sac,1
Donnie Draper,138,666,Poop McGee,596,501,BB,165,B4,1,2,11,6,0.05%,-0.05%,0,0,0,314,27,3,TSA,PPP,BB,FO,BB,1
Lloyd Gross,135,234,Poop McGee,596,922,K,312,B4,1,4,11,6,-0.31%,0.31%,0,0,0,314,27,3,TSA,PPP,K,K,K,1
Batter Buckland,137,550,Poop McGee,596,333,FO,217,B4,2,4,11,6,-0.61%,0.61%,0,0,0,314,27,3,TSA,PPP,FO,FO,FO,1
Nelson Van Halen,649,420,Batter Buckland,137,20,RGO,400,T5,0,0,11,6,-0.82%,0.82%,0,0,0,315,27,3,PPP,TSA,RGO,RGO,RGO,1
Juni Panda,488,512,Batter Buckland,137,599,1B,87,T5,1,0,11,6,1.18%,-1.18%,0,0,0,315,27,3,PPP,TSA,1B,1B,1B,1
Legend 27,762,899,Batter Buckland,137,589,K,310,T5,1,1,11,6,-1.57%,1.57%,0,0,0,315,27,3,PPP,TSA,K,K,K,1
Eric Leeder,29,69,Batter Buckland,137,775,K,294,T5,2,1,11,6,-0.66%,0.66%,0,0,0,315,27,3,PPP,TSA,K,K,K,1
Rob Patterson,140,16,Juni Panda,488,250,K,234,B5,0,0,11,6,-0.07%,0.07%,0,0,0,316,27,3,TSA,PPP,K,K,FO,1
Mutton Happleburth,493,486,Juni Panda,488,312,FO,174,B5,1,0,11,6,-0.20%,0.20%,0,0,0,316,27,3,TSA,PPP,FO,FO,BB,1
Nicholas Fouss,1776,1,Juni Panda,488,151,FO,150,B5,2,0,11,6,0.01%,-0.01%,0,0,0,316,27,3,TSA,PPP,FO,FO,BB,1
Jack Marnette,213,356,Batter Buckland,137,970,RGO,386,T6,0,0,11,6,-0.51%,0.51%,0,0,0,317,27,3,PPP,TSA,RGO,RGO,PO,1
Larry Longshot,32,118,Batter Buckland,137,390,K,272,T6,1,0,11,6,-0.37%,0.37%,0,0,0,317,27,3,PPP,TSA,K,K,FO,1
Harry McPotterson,1703,805,Batter Buckland,137,250,RGO,445,T6,2,0,11,6,-0.07%,0.07%,0,0,0,317,27,3,PPP,TSA,RGO,RGO,RGO,1
Henryk Szydlowski,1720,351,Big Nutty,196,791,RGO,440,T1,0,0,0,0,-2.52%,2.52%,0,0,0,318,28,3,WWC,YUM,RGO,RGO,RGO,1
Guido Ligiorno,1830,440,Big Nutty,196,375,1B,65,T1,1,0,0,0,3.21%,-3.21%,0,0,0,318,28,3,WWC,YUM,1B,2B,1B,1
Ferret McGivins,1706,675,Big Nutty,196,302,PO,373,T1,1,1,0,0,-3.96%,3.96%,0,0,0,318,28,3,WWC,YUM,PO,PO,K,1
Guido Ligiorno,1830,800,Big Nutty,196,606,SB,194,T1,2,1,0,0,1.07%,-1.07%,0,0,0,318,28,3,WWC,YUM,Steal 2B,Steal 2B,SB,4
Roland Kholin,583,36,Big Nutty,196,293,K,257,T1,2,2,0,0,-4.58%,4.58%,0,0,0,318,28,3,WWC,YUM,K,K,FO,1
Vigolashi Dongeroso,159,125,Guido Ligiorno,1830,197,1B,72,B1,0,0,0,0,3.55%,-3.55%,0,1,1,319,28,3,YUM,WWC,1B,1B,1B,1
Trevor Rose,1725,678,Guido Ligiorno,1830,700,HR,22,B1,0,1,0,0,16.39%,-16.39%,2,1,1,319,28,3,YUM,WWC,HR,HR,HR,1
Blandon Brade,50,390,Guido Ligiorno,1830,222,FO,168,B1,0,0,2,0,-1.90%,1.90%,0,0,0,319,28,3,YUM,WWC,FO,FO,BB,1
Chris Yukine,335,,Guido Ligiorno,1830,,Auto K,,B1,1,0,2,0,-1.88%,1.88%,0,0,0,319,28,3,YUM,WWC,Auto K,Auto K,Auto K,9
Shirley Sir,698,990,Guido Ligiorno,1830,633,K,357,B1,2,0,2,0,-0.63%,0.63%,0,0,0,319,28,3,YUM,WWC,K,K,K,1
J.J. Guemes,207,590,Big Nutty,196,902,PO,312,T2,0,0,2,0,-2.56%,2.56%,0,0,0,320,28,3,WWC,YUM,PO,PO,K,1
Johnny Hendrix,600,37,Big Nutty,196,456,RGO,419,T2,1,0,2,0,-2.26%,2.26%,0,0,0,320,28,3,WWC,YUM,RGO,RGO,RGO,1
Paddy O'Connor,549,720,Big Nutty,196,80,PO,360,T2,2,0,2,0,-2.13%,2.13%,0,0,0,320,28,3,WWC,YUM,PO,PO,K,1
Nate Savage,1819,456,Guido Ligiorno,1830,220,K,236,B2,0,0,2,0,-2.40%,2.40%,0,0,0,321,28,3,YUM,WWC,K,K,FO,1
Duke McCracken,417,69,Guido Ligiorno,1830,763,K,306,B2,1,0,2,0,-1.24%,1.24%,0,0,0,321,28,3,YUM,WWC,K,K,K,1
Dixie Wrecked,422,69,Guido Ligiorno,1830,801,K,268,B2,2,0,2,0,-0.89%,0.89%,0,0,0,321,28,3,YUM,WWC,K,K,FO,1
Benjamin Abenduct,217,640,Big Nutty,196,245,PO,395,T3,0,0,2,0,-3.06%,3.06%,0,0,0,322,28,3,WWC,YUM,PO,PO,PO,1
Jeremy Nakamoto,1787,791,Big Nutty,196,245,LGO,454,T3,1,0,2,0,-2.82%,2.82%,0,0,0,322,28,3,WWC,YUM,LGO,LGO,LGO,1
Henryk Szydlowski,1720,245,Big Nutty,196,545,PO,300,T3,2,0,2,0,-1.77%,1.77%,0,0,0,322,28,3,WWC,YUM,PO,PO,K,1
Spike McBride,423,65,Guido Ligiorno,1830,777,K,288,B3,0,0,2,0,-1.38%,1.38%,0,0,0,323,28,3,YUM,WWC,K,K,K,1
Vigolashi Dongeroso,159,112,Guido Ligiorno,1830,568,RGO,456,B3,1,0,2,0,-1.46%,1.46%,0,0,0,323,28,3,YUM,WWC,RGO,RGO,LGO,1
Trevor Rose,1725,920,Guido Ligiorno,1830,420,LGO,500,B3,2,0,2,0,-1.21%,1.21%,0,0,0,323,28,3,YUM,WWC,LGO,LGO,LGO,1
Guido Ligiorno,1830,420,Big Nutty,196,503,1B,83,T4,0,0,2,0,5.30%,-5.30%,0,0,0,324,28,3,WWC,YUM,1B,1B,1B,1
Ferret McGivins,1706,321,Big Nutty,196,896,DP,425,T4,0,1,2,0,-11.68%,11.68%,0,0,0,324,28,3,WWC,YUM,RGO,RGO,DP,1
Roland Kholin,583,500,Jackson Sanchez,46,622,1B,122,T4,2,0,2,0,2.46%,-2.46%,0,0,0,324,28,3,WWC,YUM,1B,1B,1B,1
J.J. Guemes,207,302,Jackson Sanchez,46,689,RGO,387,T4,2,1,2,0,-4.68%,4.68%,0,0,0,324,28,3,WWC,YUM,RGO,RGO,PO,1
Blandon Brade,50,222,Guido Ligiorno,1830,190,HR,32,B4,0,0,2,0,5.75%,-5.75%,1,1,1,325,28,3,YUM,WWC,HR,HR,2B,1
Chris Yukine,335,360,Johnny Hendrix,600,183,BB,177,B4,0,0,3,0,1.01%,-1.01%,0,0,0,325,28,3,YUM,WWC,BB,BB,BB,1
Shirley Sir,698,540,Johnny Hendrix,600,46,DP,494,B4,0,1,3,0,-2.48%,2.48%,0,0,0,325,28,3,YUM,WWC,LGO,LGO,DP,1
Nate Savage,1819,,Johnny Hendrix,600,,Auto K,,B4,2,0,3,0,-0.27%,0.27%,0,0,0,325,28,3,YUM,WWC,Auto K,Auto K,Auto K,9
Johnny Hendrix,600,6,Jackson Sanchez,46,237,FO,231,T5,0,0,3,0,-2.48%,2.48%,0,0,0,326,28,3,WWC,YUM,FO,FO,FO,1
Paddy O'Connor,549,500,Jackson Sanchez,46,901,RGO,401,T5,1,0,3,0,-2.05%,2.05%,0,0,0,326,28,3,WWC,YUM,RGO,RGO,RGO,1
Alex Moran,202,1,Jackson Sanchez,46,98,BB,97,T5,2,0,3,0,1.73%,-1.73%,0,1,1,326,28,3,WWC,YUM,BB,1B,1B,1
Jeremy Nakamoto,1787,801,Jackson Sanchez,46,779,2B,22,T5,2,1,3,0,6.99%,-6.99%,1,0,0,326,28,3,WWC,YUM,2B,2B,HR,1
Henryk Szydlowski,1720,405,Jackson Sanchez,46,747,K,342,T5,2,2,3,1,-5.70%,5.70%,0,0,0,326,28,3,WWC,YUM,K,K,K,1
Duke McCracken,417,69,Johnny Hendrix,600,411,K,342,B5,0,0,3,1,-0.63%,0.63%,0,0,0,327,28,3,YUM,WWC,K,K,K,1
Dixie Wrecked,422,,Johnny Hendrix,600,,Auto K,,B5,1,0,3,1,-0.86%,0.86%,0,0,0,327,28,3,YUM,WWC,Auto K,Auto K,Auto K,9
Spike McBride,423,2,Johnny Hendrix,600,318,K,316,B5,2,0,3,1,-0.47%,0.47%,0,0,0,327,28,3,YUM,WWC,K,K,K,1
Guido Ligiorno,1830,475,Jackson Sanchez,46,850,PO,375,T6,0,0,3,1,-4.18%,4.18%,0,0,0,328,28,3,WWC,YUM,PO,PO,K,1
Ferret McGivins,1706,103,Jackson Sanchez,46,292,FO,189,T6,1,0,3,1,-3.65%,3.65%,0,0,0,328,28,3,WWC,YUM,FO,FO,FO,1
Roland Kholin,583,500,Jackson Sanchez,46,824,K,324,T6,2,0,3,1,-1.61%,1.61%,0,0,0,328,28,3,WWC,YUM,K,K,K,1
Ray Dingerz,510,69,Johnnie Twofingers,502,900,FO,169,T1,0,0,0,0,-2.52%,2.52%,0,0,0,329,29,3,SPR,GTY,FO,FO,BB,1
Steven Wilson,1694,420,Johnnie Twofingers,502,332,1B,88,T1,1,0,0,0,3.21%,-3.21%,0,0,0,329,29,3,SPR,GTY,1B,1B,1B,1
JT Longbottoms,1803,975,Johnnie Twofingers,502,420,DP,445,T1,1,1,0,0,-7.47%,7.47%,0,0,0,329,29,3,SPR,GTY,RGO,RGO,DP,1
Shogun Of Harlem,1762,750,Ivan Yakenov,2270,225,LGO,475,B1,0,0,0,0,-2.73%,2.73%,0,0,0,330,29,3,GTY,SPR,LGO,LGO,LGO,1
Jonny Mac,1698,250,Ivan Yakenov,2270,880,RGO,370,B1,1,0,0,0,-2.27%,2.27%,0,0,0,330,29,3,GTY,SPR,RGO,PO,K,1
Joe Whomper,1755,950,Ivan Yakenov,2270,331,RGO,381,B1,2,0,0,0,-1.79%,1.79%,0,0,0,330,29,3,GTY,SPR,RGO,PO,PO,1
Tommy Tightpants,1778,10,Johnnie Twofingers,502,1,HR,9,T2,0,0,0,0,11.87%,-11.87%,1,1,1,331,29,3,SPR,GTY,HR,HR,HR,1
Dirk Leschnewski,1781,666,Johnnie Twofingers,502,233,RGO,433,T2,0,0,0,1,-2.62%,2.62%,0,0,0,331,29,3,SPR,GTY,RGO,RGO,RGO,1
Nori Aru,131,777,Johnnie Twofingers,502,666,BB,111,T2,1,0,0,1,3.05%,-3.05%,0,0,0,331,29,3,SPR,GTY,BB,BB,1B,1
Don Chalupa,481,718,Johnnie Twofingers,502,21,K,303,T2,1,1,0,1,-3.43%,3.43%,0,0,0,331,29,3,SPR,GTY,K,K,K,1
Saitoo Syde,814,725,Johnnie Twofingers,502,521,K,204,T2,2,1,0,1,-3.52%,3.52%,0,0,0,331,29,3,SPR,GTY,K,K,FO,1
Brian Talapia,1752,750,Ivan Yakenov,2270,935,FO,185,B2,0,0,0,1,-3.40%,3.40%,0,0,0,332,29,3,GTY,SPR,FO,FO,FO,1
Aidan Myers,1960,687,Ivan Yakenov,2270,805,1B,118,B2,1,0,0,1,4.30%,-4.30%,0,0,1,332,29,3,GTY,SPR,1B,BB,1B,1
Aidan Myers,1960,75,Ivan Yakenov,2270,185,SB,110,B2,1,1,0,1,1.45%,-1.45%,0,1,0,332,29,3,GTY,SPR,Steal 2B,Steal 2B,SB,4
Slappy McBatty,1737,315,Ivan Yakenov,2270,319,HR,4,B2,1,2,0,1,20.12%,-20.12%,2,1,1,332,29,3,GTY,SPR,HR,HR,HR,1
Matt Murphy,1954,499,Ivan Yakenov,2270,905,LGO,406,B2,1,0,2,1,-2.21%,2.21%,0,0,0,332,29,3,GTY,SPR,LGO,RGO,RGO,1
Nick Papagiorgio,499,535,Ivan Yakenov,2270,106,LGO,429,B2,2,0,2,1,-1.39%,1.39%,0,0,0,332,29,3,GTY,SPR,LGO,RGO,RGO,1
Tanner Hendrix,375,472,Johnnie Twofingers,502,880,K,408,T3,0,0,2,1,-3.61%,3.61%,0,0,0,333,29,3,SPR,GTY,K,K,RGO,1
Ray Dingerz,510,14,Johnnie Twofingers,502,880,BB,134,T3,1,0,2,1,4.28%,-4.28%,0,0,0,333,29,3,SPR,GTY,BB,BB,1B,1
Steven Wilson,1694,777,Johnnie Twofingers,502,511,K,266,T3,1,1,2,1,-4.65%,4.65%,0,0,0,333,29,3,SPR,GTY,K,K,FO,1
JT Longbottoms,1803,880,Johnnie Twofingers,502,975,BB,95,T3,2,1,2,1,3.53%,-3.53%,0,0,0,333,29,3,SPR,GTY,BB,BB,1B,1
Tommy Tightpants,1778,9,Johnnie Twofingers,502,314,K,305,T3,2,4,2,1,-8.45%,8.45%,0,0,0,333,29,3,SPR,GTY,K,K,K,1
Chris Orosz,219,725,Ivan Yakenov,2270,334,RGO,391,B3,0,0,2,1,-2.34%,2.34%,0,0,0,334,29,3,GTY,SPR,RGO,PO,PO,1
Shogun Of Harlem,1762,189,Ivan Yakenov,2270,275,1B,86,B3,1,0,2,1,2.94%,-2.94%,0,0,0,334,29,3,GTY,SPR,1B,1B,1B,1
Shogun Of Harlem,1762,650,Ivan Yakenov,2270,431,SB,219,B3,1,1,2,1,1.48%,-1.48%,0,0,0,334,29,3,GTY,SPR,Steal 2B,Steal 2B,SB,4
Jonny Mac,1698,950,Ivan Yakenov,2270,75,1B,125,B3,1,2,2,1,6.50%,-6.50%,0,0,0,334,29,3,GTY,SPR,1B,BB,1B,1
Jonny Mac,1698,75,Ivan Yakenov,2270,780,SB,295,B3,1,5,2,1,1.85%,-1.85%,0,0,0,334,29,3,GTY,SPR,Steal 2B,Steal 2B,SB,5
Joe Whomper,1755,605,Ivan Yakenov,2270,344,PO,261,B3,1,6,2,1,-12.38%,12.38%,0,0,0,334,29,3,GTY,SPR,PO,K,Sac,1
Brian Talapia,1752,890,Ivan Yakenov,2270,161,K,271,B3,2,6,2,1,-4.07%,4.07%,0,0,0,334,29,3,GTY,SPR,K,FO,FO,1
Dirk Leschnewski,1781,575,Johnnie Twofingers,502,911,K,336,T4,0,0,2,1,-4.06%,4.06%,0,0,0,335,29,3,SPR,GTY,K,K,K,1
Nori Aru,131,511,Johnnie Twofingers,502,112,PO,399,T4,1,0,2,1,-3.83%,3.83%,0,0,0,335,29,3,SPR,GTY,PO,PO,PO,1
Don Chalupa,481,718,Johnnie Twofingers,502,880,FO,162,T4,2,0,2,1,-2.57%,2.57%,0,0,0,335,29,3,SPR,GTY,FO,FO,BB,1
Aidan Myers,1960,880,Dirk Leschnewski,1781,13,BB,133,B4,0,0,2,1,2.90%,-2.90%,0,0,1,336,29,3,GTY,SPR,BB,BB,1B,1
Aidan Myers,1960,420,Dirk Leschnewski,1781,655,SB,235,B4,0,1,2,1,3.43%,-3.43%,0,1,0,336,29,3,GTY,SPR,Steal 2B,Steal 2B,SB,4
Slappy McBatty,1737,315,Dirk Leschnewski,1781,719,RGO,404,B4,0,2,2,1,-0.16%,0.16%,0,0,0,336,29,3,GTY,SPR,RGO,RGO,RGO,1
Matt Murphy,1954,400,Dirk Leschnewski,1781,275,BB,125,B4,1,3,2,1,1.44%,-1.44%,0,1,1,336,29,3,GTY,SPR,BB,BB,1B,1
Nick Papagiorgio,499,97,Dirk Leschnewski,1781,785,PO,312,B4,1,5,2,1,-7.82%,7.82%,0,0,0,336,29,3,GTY,SPR,PO,PO,K,1
Chris Orosz,219,444,Dirk Leschnewski,1781,611,BB,167,B4,2,5,2,1,2.11%,-2.11%,0,1,1,336,29,3,GTY,SPR,BB,BB,BB,1
Shogun Of Harlem,1762,980,Dirk Leschnewski,1781,912,1B,68,B4,2,7,2,1,13.67%,-13.67%,2,1,1,336,29,3,GTY,SPR,1B,1B,1B,1
Jonny Mac,1698,150,Dirk Leschnewski,1781,145,HR,5,B4,2,5,4,1,6.36%,-6.36%,3,1,1,336,29,3,GTY,SPR,HR,HR,HR,1
Joe Whomper,1755,375,Dirk Leschnewski,1781,722,PO,347,B4,2,0,7,1,-0.18%,0.18%,0,0,0,336,29,3,GTY,SPR,PO,PO,K,1
Saitoo Syde,814,311,Johnnie Twofingers,502,366,2B,55,T5,0,0,7,1,0.72%,-0.72%,0,1,1,337,29,3,SPR,GTY,2B,1B,2B,1
Tanner Hendrix,375,813,Johnnie Twofingers,502,55,FO,242,T5,0,2,7,1,-0.50%,0.50%,0,0,0,337,29,3,SPR,GTY,FO,K,FO,1
Ray Dingerz,510,570,Johnnie Twofingers,502,521,1B,49,T5,1,2,7,1,1.11%,-1.11%,0,1,1,337,29,3,SPR,GTY,1B,1B,2B,1
Steven Wilson,1694,768,Johnnie Twofingers,502,620,BB,148,T5,1,5,7,1,2.54%,-2.54%,0,1,1,337,29,3,SPR,GTY,BB,BB,BB,1
JT Longbottoms,1803,997,Johnnie Twofingers,502,21,HR,24,T5,1,7,7,1,7.59%,-7.59%,4,1,1,337,29,3,SPR,GTY,HR,HR,HR,1
Tommy Tightpants,1778,880,Walter Yeller Weller,647,206,K,326,T5,1,0,7,5,-3.57%,3.57%,0,0,0,337,29,3,SPR,GTY,K,K,K,1
Ivan Yakenov,2270,403,Walter Yeller Weller,647,22,PO,381,T5,2,0,7,5,-1.74%,1.74%,0,0,0,337,29,3,SPR,GTY,PO,PO,PO,1
Brian Taylor,1838,510,Dirk Leschnewski,1781,966,LGO,456,B5,0,0,7,5,-0.63%,0.63%,0,0,0,338,29,3,GTY,SPR,LGO,LGO,LGO,1
Aidan Myers,1960,100,Dirk Leschnewski,1781,317,FO,217,B5,1,0,7,5,-0.86%,0.86%,0,0,0,338,29,3,GTY,SPR,FO,FO,FO,1
Slappy McBatty,1737,880,Dirk Leschnewski,1781,2,BB,122,B5,2,0,7,5,0.55%,-0.55%,0,0,0,338,29,3,GTY,SPR,BB,BB,1B,1
Matt Murphy,1954,780,Dirk Leschnewski,1781,615,FO,165,B5,2,1,7,5,-1.02%,1.02%,0,0,0,338,29,3,GTY,SPR,FO,FO,BB,1
Nori Aru,131,69,Walter Yeller Weller,647,498,RGO,429,T6,0,0,7,5,-4.18%,4.18%,0,0,0,339,29,3,SPR,GTY,RGO,RGO,RGO,1
Don Chalupa,481,718,Walter Yeller Weller,647,69,K,351,T6,1,0,7,5,-3.65%,3.65%,0,0,0,339,29,3,SPR,GTY,K,K,K,1
Saitoo Syde,814,912,Walter Yeller Weller,647,555,K,357,T6,2,0,7,5,-1.61%,1.61%,0,0,0,339,29,3,SPR,GTY,K,K,K,1
Zack Mouse,1721,600,Bob Dobby,1736,987,PO,387,T1,0,0,0,0,-2.52%,2.52%,0,0,0,340,30,3,GBC,ISO,PO,PO,PO,1
Lane Drew,190,421,Bob Dobby,1736,654,FO,233,T1,1,0,0,0,-2.52%,2.52%,0,0,0,340,30,3,GBC,ISO,FO,FO,FO,1
Dirtbag Darrell,262,333,Bob Dobby,1736,555,FO,222,T1,2,0,0,0,-1.74%,1.74%,0,0,0,340,30,3,GBC,ISO,FO,FO,FO,1
Sweet Bobby Dangles Jr,1748,222,Rotticus Scott,562,158,2B,64,B1,0,0,0,0,6.76%,-6.76%,0,0,0,341,30,3,ISO,GBC,2B,2B,2B,1
Jimmy Haase,1826,724,Rotticus Scott,562,201,LGO,477,B1,0,2,0,0,-4.09%,4.09%,0,0,0,341,30,3,ISO,GBC,LGO,LGO,LGO,1
Monty Johnson,557,125,Rotticus Scott,562,369,FO,244,B1,1,2,0,0,-4.97%,4.97%,0,0,0,341,30,3,ISO,GBC,FO,FO,FO,1
Mantis Toboggan,1802,84,Rotticus Scott,562,633,LGO,451,B1,2,2,0,0,-4.49%,4.49%,0,0,0,341,30,3,ISO,GBC,LGO,LGO,LGO,1
Whitt Bass,39,22,Bob Dobby,1736,7,2B,15,T2,0,0,0,0,7.61%,-7.61%,0,0,0,342,30,3,GBC,ISO,2B,2B,HR,1
Demetrios Ooga,180,411,Bob Dobby,1736,327,1B,84,T2,0,2,0,0,7.38%,-7.38%,0,0,0,342,30,3,GBC,ISO,1B,1B,1B,1
Demetrios Ooga,180,827,Bob Dobby,1736,880,SB,53,T2,0,5,0,0,3.64%,-3.64%,0,0,0,342,30,3,GBC,ISO,Steal 2B,Steal 2B,SB,5
Beeg Yoshi,1718,599,Bob Dobby,1736,287,PO,312,T2,0,6,0,0,-6.66%,6.66%,0,0,0,342,30,3,GBC,ISO,PO,PO,K,1
Bench Warmer,665,730,Bob Dobby,1736,999,K,269,T2,1,6,0,0,-9.88%,9.88%,0,0,0,342,30,3,GBC,ISO,K,K,Sac,1
BEST Nova,191,777,Bob Dobby,1736,434,PO,343,T2,2,6,0,0,-9.38%,9.38%,0,0,0,342,30,3,GBC,ISO,PO,PO,K,1
Dirk Digglet,2206,17,Rotticus Scott,562,12,HR,5,B2,0,0,0,0,11.99%,-11.99%,1,1,1,343,30,3,ISO,GBC,HR,HR,HR,1
Dick Nutter LXIX,1784,827,Rotticus Scott,562,44,FO,217,B2,0,0,1,0,-2.16%,2.16%,0,0,0,343,30,3,ISO,GBC,FO,FO,FO,1
Stubby Footman,539,311,Rotticus Scott,562,633,K,322,B2,1,0,1,0,-2.21%,2.21%,0,0,0,343,30,3,ISO,GBC,K,K,K,1
Leroy Hawk,1738,600,Rotticus Scott,562,112,LGO,488,B2,2,0,1,0,-1.39%,1.39%,0,0,0,343,30,3,ISO,GBC,LGO,LGO,LGO,1
Joe Watson,194,500,Bob Dobby,1736,196,PO,304,T3,0,0,1,0,-3.61%,3.61%,0,0,0,344,30,3,GBC,ISO,PO,PO,K,1
Zack Mouse,1721,650,Bob Dobby,1736,801,BB,151,T3,1,0,1,0,4.28%,-4.28%,0,0,1,344,30,3,GBC,ISO,BB,BB,BB,1
Zack Mouse,1721,400,Bob Dobby,1736,205,SB,195,T3,1,1,1,0,2.84%,-2.84%,0,1,0,344,30,3,GBC,ISO,Steal 2B,Steal 2B,SB,4
Lane Drew,190,222,Bob Dobby,1736,111,1B,111,T3,1,2,1,0,9.13%,-9.13%,0,1,1,344,30,3,GBC,ISO,1B,1B,1B,1
Dirtbag Darrell,262,633,Bob Dobby,1736,666,2B,33,T3,1,5,1,0,14.59%,-14.59%,1,0,0,344,30,3,GBC,ISO,2B,2B,2B,1
Whitt Bass,39,998,Bob Dobby,1736,60,1B,62,T3,1,6,1,1,10.09%,-10.09%,1,0,0,344,30,3,GBC,ISO,1B,1B,2B,1
Demetrios Ooga,180,69,Bob Dobby,1736,911,BB,158,T3,1,5,1,2,3.44%,-3.44%,0,0,0,344,30,3,GBC,ISO,BB,BB,BB,1
Beeg Yoshi,1718,480,Bob Dobby,1736,112,PO,368,T3,1,7,1,2,-11.48%,11.48%,0,0,0,344,30,3,GBC,ISO,PO,PO,K,1
Bench Warmer,665,425,Bob Dobby,1736,1000,RGO,425,T3,2,7,1,2,-8.98%,8.98%,0,0,0,344,30,3,GBC,ISO,RGO,RGO,RGO,1
Bob Dobby,1736,880,Rotticus Scott,562,522,PO,358,B3,0,0,1,2,-4.00%,4.00%,0,0,0,345,30,3,ISO,GBC,PO,PO,K,1
Sweet Bobby Dangles Jr,1748,736,Rotticus Scott,562,356,RGO,380,B3,1,0,1,2,-3.30%,3.30%,0,0,0,345,30,3,ISO,GBC,RGO,RGO,PO,1
Jimmy Haase,1826,649,Rotticus Scott,562,912,FO,263,B3,2,0,1,2,-2.28%,2.28%,0,0,0,345,30,3,ISO,GBC,FO,FO,FO,1
BEST Nova,191,867,Bob Dobby,1736,9,BB,142,T4,0,0,1,2,3.74%,-3.74%,0,1,1,346,30,3,GBC,ISO,BB,BB,BB,1
Joe Watson,194,875,Bob Dobby,1736,777,BB,98,T4,0,1,1,2,6.47%,-6.47%,0,1,1,346,30,3,GBC,ISO,BB,BB,1B,1
Zack Mouse,1721,182,Bob Dobby,1736,880,K,302,T4,0,4,1,2,-4.69%,4.69%,0,0,0,346,30,3,GBC,ISO,K,K,K,1
Lane Drew,190,432,Bob Dobby,1736,379,2B,53,T4,1,4,1,2,15.61%,-15.61%,1,0,0,346,30,3,GBC,ISO,2B,2B,2B,1
Dirtbag Darrell,262,444,Bob Dobby,1736,621,Sac,177,T4,1,6,1,3,-1.28%,1.28%,1,0,0,346,30,3,GBC,ISO,FO,FO,BB,1
Whitt Bass,39,145,Bob Dobby,1736,621,LGO,476,T4,2,2,1,4,-2.84%,2.84%,0,0,0,346,30,3,GBC,ISO,LGO,LGO,LGO,1
Monty Johnson,557,857,Rotticus Scott,562,955,BB,98,B4,0,0,1,4,5.50%,-5.50%,0,0,0,347,30,3,ISO,GBC,BB,BB,1B,1
Mantis Toboggan,1802,444,Rotticus Scott,562,967,DP,477,B4,0,1,1,4,-11.32%,11.32%,0,0,0,347,30,3,ISO,GBC,LGO,LGO,DP,1
Dirk Digglet,2206,69,Rotticus Scott,562,666,RGO,403,B4,2,0,1,4,-1.66%,1.66%,0,0,0,347,30,3,ISO,GBC,RGO,RGO,RGO,1
Demetrios Ooga,180,14,Bob Dobby,1736,333,PO,319,T5,0,0,1,4,-0.82%,0.82%,0,0,0,348,30,3,GBC,ISO,PO,PO,K,1
Beeg Yoshi,1718,999,Bob Dobby,1736,666,PO,333,T5,1,0,1,4,-0.96%,0.96%,0,0,0,348,30,3,GBC,ISO,PO,PO,K,1
Bench Warmer,665,666,Bob Dobby,1736,999,PO,333,T5,2,0,1,4,-0.98%,0.98%,0,0,0,348,30,3,GBC,ISO,PO,PO,K,1
Dick Nutter LXIX,1784,819,Rotticus Scott,562,133,K,314,B5,0,0,1,4,-3.50%,3.50%,0,0,0,349,30,3,ISO,GBC,K,K,K,1
Stubby Footman,539,888,Rotticus Scott,562,612,K,276,B5,1,0,1,4,-2.60%,2.60%,0,0,0,349,30,3,ISO,GBC,K,K,FO,1
Leroy Hawk,1738,490,Rotticus Scott,562,235,FO,255,B5,2,0,1,4,-1.28%,1.28%,0,0,0,349,30,3,ISO,GBC,FO,FO,FO,1
BEST Nova,191,530,Bob Dobby,1736,725,FO,195,T6,0,0,1,4,-0.44%,0.44%,0,0,0,350,30,3,GBC,ISO,FO,FO,FO,1
Joe Watson,194,420,Bob Dobby,1736,725,PO,305,T6,1,0,1,4,-0.44%,0.44%,0,0,0,350,30,3,GBC,ISO,PO,PO,K,1
Zack Mouse,1721,750,Bob Dobby,1736,69,PO,319,T6,2,0,1,4,-0.48%,0.48%,0,0,0,350,30,3,GBC,ISO,PO,PO,K,1
Bob Dobby,1736,827,Rotticus Scott,562,44,FO,217,B6,0,0,1,4,-3.09%,3.09%,0,0,0,351,30,3,ISO,GBC,FO,FO,FO,1
Sweet Bobby Dangles Jr,1748,222,Rotticus Scott,562,420,FO,198,B6,1,0,1,4,-2.13%,2.13%,0,0,0,351,30,3,ISO,GBC,FO,FO,FO,1
Jimmy Haase,1826,896,Rotticus Scott,562,811,1B,85,B6,2,0,1,4,1.46%,-1.46%,0,0,0,351,30,3,ISO,GBC,1B,1B,1B,1
Monty Johnson,557,129,Rotticus Scott,562,556,RGO,427,B6,2,1,1,4,-2.19%,2.19%,0,0,0,351,30,3,ISO,GBC,RGO,RGO,RGO,1
Robbie Liapis,1745,185,Dottie Hooligan,770,170,HR,15,T1,0,0,0,0,10.88%,-10.88%,1,1,1,352,31,3,TRA,PHB,HR,HR,HR,1
Captain Harry C Legs,480,900,Dottie Hooligan,770,897,HR,3,T1,0,0,0,1,9.81%,-9.81%,1,1,1,352,31,3,TRA,PHB,HR,HR,HR,1
Sven Jorgenson,405,488,Dottie Hooligan,770,623,1B,135,T1,0,0,0,2,3.31%,-3.31%,0,0,0,352,31,3,TRA,PHB,1B,1B,1B,1
Sunshine Pardue,315,812,Dottie Hooligan,770,375,DP,437,T1,0,1,0,2,-7.34%,7.34%,0,0,0,352,31,3,TRA,PHB,LGO,LGO,DP,1
Gregory Taint,1712,433,Dottie Hooligan,770,252,FO,181,T1,2,0,0,2,-1.53%,1.53%,0,0,0,352,31,3,TRA,PHB,FO,FO,FO,1
Jrue Pierce,759,824,Doc Crudelly,1811,890,2B,66,B1,0,0,0,2,6.63%,-6.63%,0,1,1,353,31,3,PHB,TRA,2B,2B,1B,1
Dottie Hooligan,770,616,Doc Crudelly,1811,421,K,195,B1,0,2,0,2,-4.88%,4.88%,0,0,0,353,31,3,PHB,TRA,K,PO,FO,1
Shygen Tinybeard,712,12,Doc Crudelly,1811,568,LGO,444,B1,1,2,0,2,-3.94%,3.94%,0,0,0,353,31,3,PHB,TRA,LGO,LGO,RGO,1
Johññy Coppolella,738,702,Doc Crudelly,1811,602,1B,100,B1,2,2,0,2,9.20%,-9.20%,1,0,0,353,31,3,PHB,TRA,1B,1B,1B,1
Mo Berry,2076,911,Doc Crudelly,1811,216,PO,305,B1,2,1,1,2,-3.76%,3.76%,0,0,0,353,31,3,PHB,TRA,PO,PO,K,1
Scherbie Fully-Loaded,679,444,Dottie Hooligan,770,548,1B,104,T2,0,0,1,2,3.05%,-3.05%,0,0,0,354,31,3,TRA,PHB,1B,1B,1B,1
Mylo Grams,396,444,Dottie Hooligan,770,761,DP,317,T2,0,1,1,2,-8.01%,8.01%,0,0,0,354,31,3,TRA,PHB,RGO,RGO,K,1
Birdman,393,260,Dottie Hooligan,770,177,2B,83,T2,2,0,1,2,3.33%,-3.33%,0,1,1,354,31,3,TRA,PHB,2B,2B,1B,1
Doc Crudelly,1811,870,Dottie Hooligan,770,822,3B,48,T2,2,2,1,2,10.77%,-10.77%,1,0,0,354,31,3,TRA,PHB,3B,2B,2B,1
Robbie Liapis,1745,1000,Dottie Hooligan,770,781,FO,219,T2,2,3,1,3,-4.00%,4.00%,0,0,0,354,31,3,TRA,PHB,FO,FO,FO,1
Cam Singleton,266,783,Doc Crudelly,1811,189,LGO,406,B2,0,0,1,3,-3.08%,3.08%,0,0,0,355,31,3,PHB,TRA,LGO,LGO,RGO,1
WILL THE THRILL,745,344,Doc Crudelly,1811,378,HR,34,B2,1,0,1,3,11.34%,-11.34%,1,1,1,355,31,3,PHB,TRA,HR,HR,2B,1
Red Arrow,547,316,Doc Crudelly,1811,68,K,248,B2,1,0,2,3,-2.75%,2.75%,0,0,0,355,31,3,PHB,TRA,K,K,FO,1
Kenny Pupton,2224,569,Doc Crudelly,1811,144,LGO,425,B2,2,0,2,3,-2.18%,2.18%,0,0,0,355,31,3,PHB,TRA,LGO,LGO,RGO,1
Captain Harry C Legs,480,900,Dottie Hooligan,770,285,RGO,385,T3,0,0,2,3,-2.77%,2.77%,0,0,0,356,31,3,TRA,PHB,RGO,RGO,PO,1
Sven Jorgenson,405,835,Dottie Hooligan,770,413,LGO,422,T3,1,0,2,3,-2.57%,2.57%,0,0,0,356,31,3,TRA,PHB,LGO,LGO,RGO,1
Sunshine Pardue,315,609,Dottie Hooligan,770,737,1B,128,T3,2,0,2,3,2.03%,-2.03%,0,0,0,356,31,3,TRA,PHB,1B,BB,1B,1
Gregory Taint,1712,950,Dottie Hooligan,770,314,RGO,364,T3,2,1,2,3,-3.59%,3.59%,0,0,0,356,31,3,TRA,PHB,RGO,RGO,K,1
Jrue Pierce,759,531,Doc Crudelly,1811,310,K,221,B3,0,0,2,3,-4.00%,4.00%,0,0,0,357,31,3,PHB,TRA,K,K,FO,1
Dottie Hooligan,770,151,Doc Crudelly,1811,463,RGO,312,B3,1,0,2,3,-3.30%,3.30%,0,0,0,357,31,3,PHB,TRA,RGO,RGO,K,1
Shygen Tinybeard,712,924,Doc Crudelly,1811,629,PO,295,B3,2,0,2,3,-2.28%,2.28%,0,0,0,357,31,3,PHB,TRA,PO,PO,K,1
Scherbie Fully-Loaded,679,999,Dottie Hooligan,770,125,1B,126,T4,0,0,2,3,3.74%,-3.74%,0,0,0,358,31,3,TRA,PHB,1B,1B,1B,1
Mylo Grams,396,323,Dottie Hooligan,770,412,1B,89,T4,0,1,2,3,6.47%,-6.47%,0,0,0,358,31,3,TRA,PHB,1B,1B,1B,1
Birdman,393,493,Dottie Hooligan,770,110,DP,383,T4,0,4,2,3,-12.23%,12.23%,0,0,0,358,31,3,TRA,PHB,RGO,RGO,PO,1
Doc Crudelly,1811,408,Dottie Hooligan,770,715,RGO,307,T4,2,3,2,3,-5.14%,5.14%,0,0,0,358,31,3,TRA,PHB,RGO,RGO,K,1
Johññy Coppolella,738,502,Doc Crudelly,1811,856,RGO,354,B4,0,0,2,3,-4.80%,4.80%,0,0,0,359,31,3,PHB,TRA,RGO,RGO,K,1
Mo Berry,2076,,Doc Crudelly,1811,,Auto K,,B4,1,0,2,3,-4.17%,4.17%,0,0,0,359,31,3,PHB,TRA,Auto K,Auto K,Auto K,9
Cam Singleton,266,9,Doc Crudelly,1811,929,1B,80,B4,2,0,2,3,3.29%,-3.29%,0,0,0,359,31,3,PHB,TRA,1B,1B,1B,1
WILL THE THRILL,745,333,Doc Crudelly,1811,877,LGO,456,B4,2,1,2,3,-6.64%,6.64%,0,0,0,359,31,3,PHB,TRA,LGO,LGO,LGO,1
Robbie Liapis,1745,408,Dottie Hooligan,770,391,HR,17,T5,0,0,2,3,11.82%,-11.82%,1,1,1,360,31,3,TRA,PHB,HR,HR,HR,1
Jimmy Johns,303,193,Dottie Hooligan,770,899,RGO,294,T5,0,0,2,4,-1.24%,1.24%,0,0,0,360,31,3,TRA,PHB,RGO,RGO,K,1
Sven Jorgenson,405,375,Dottie Hooligan,770,11,RGO,364,T5,1,0,2,4,-1.79%,1.79%,0,0,0,360,31,3,TRA,PHB,RGO,RGO,K,1
Sunshine Pardue,315,611,Dottie Hooligan,770,947,PO,336,T5,2,0,2,4,-1.44%,1.44%,0,0,0,360,31,3,TRA,PHB,PO,RGO,K,1
Red Arrow,547,93,Doc Crudelly,1811,737,RGO,356,B5,0,0,2,4,-4.94%,4.94%,0,0,0,361,31,3,PHB,TRA,RGO,RGO,K,1
Kenny Pupton,2224,793,Doc Crudelly,1811,579,K,214,B5,1,0,2,4,-4.42%,4.42%,0,0,0,361,31,3,PHB,TRA,K,K,FO,1
Jrue Pierce,759,352,Doc Crudelly,1811,878,LGO,474,B5,2,0,2,4,-2.21%,2.21%,0,0,0,361,31,3,PHB,TRA,LGO,LGO,LGO,1
Gregory Taint,1712,134,Dottie Hooligan,770,740,RGO,394,T6,0,0,2,4,-1.05%,1.05%,0,0,0,362,31,3,TRA,PHB,RGO,RGO,PO,1
Scherbie Fully-Loaded,679,999,Dottie Hooligan,770,583,RGO,416,T6,1,0,2,4,-1.00%,1.00%,0,0,0,362,31,3,TRA,PHB,RGO,RGO,RGO,1
Mylo Grams,396,7,Dottie Hooligan,770,603,LGO,404,T6,2,0,2,4,-0.85%,0.85%,0,0,0,362,31,3,TRA,PHB,LGO,LGO,RGO,1
Dottie Hooligan,770,420,Doc Crudelly,1811,929,LGO,491,B6,0,0,2,4,-5.69%,5.69%,0,0,0,363,31,3,PHB,TRA,LGO,LGO,LGO,1
Shygen Tinybeard,712,420,Doc Crudelly,1811,311,1B,109,B6,1,0,2,4,8.81%,-8.81%,0,0,0,363,31,3,PHB,TRA,1B,BB,1B,1
Johññy Coppolella,738,604,Doc Crudelly,1811,215,DP,389,B6,1,1,2,4,-15.64%,15.64%,0,0,0,363,31,3,PHB,TRA,RGO,RGO,PO,1
Rey Revanchist,776,69,Jeff Dingerhitter,298,81,HR,12,T1,0,0,0,0,10.88%,-10.88%,1,1,1,364,32,3,TAI,LMN,HR,HR,HR,1
Jay Money,241,499,Jeff Dingerhitter,298,558,2B,59,T1,0,0,0,1,5.90%,-5.90%,0,1,1,364,32,3,TAI,LMN,2B,2B,2B,1
Max Wasson,273,836,Jeff Dingerhitter,298,311,LGO,475,T1,0,2,0,1,-4.30%,4.30%,0,0,0,364,32,3,TAI,LMN,LGO,LGO,LGO,1
Louie Scoville,1812,999,Jeff Dingerhitter,298,788,FO,211,T1,1,2,0,1,-3.50%,3.50%,0,0,0,364,32,3,TAI,LMN,FO,FO,FO,1
Jacky Wacky,702,608,Jeff Dingerhitter,298,595,HR,13,T1,2,2,0,1,16.36%,-16.36%,2,1,1,364,32,3,TAI,LMN,HR,HR,HR,1
Duke Silver,602,111,Coleman Waters,152,225,BB,114,T1,2,0,0,3,1.07%,-1.07%,0,0,0,364,32,3,TAI,LMN,BB,BB,1B,1
Viktor Patterson,705,777,Coleman Waters,152,497,K,280,T1,2,1,0,3,-2.14%,2.14%,0,0,0,364,32,3,TAI,LMN,K,K,FO,1
Ronald Eagle Jr.,167,309,ViktRon Swanson,651,569,FO,260,B1,0,0,0,3,-2.64%,2.64%,0,0,0,365,32,3,LMN,TAI,FO,FO,FO,1
David Peterson,2218,230,ViktRon Swanson,651,254,3B,24,B1,1,0,0,3,7.25%,-7.25%,0,1,1,365,32,3,LMN,TAI,3B,3B,HR,1
Ben Bramly,238,119,ViktRon Swanson,651,191,2B,72,B1,1,3,0,3,6.28%,-6.28%,1,0,0,365,32,3,LMN,TAI,2B,2B,1B,1
Chuck Tingle,355,420,ViktRon Swanson,651,69,K,351,B1,1,2,1,3,-3.94%,3.94%,0,0,0,365,32,3,LMN,TAI,K,K,K,1
Darth Vader,336,500,ViktRon Swanson,651,69,LGO,431,B1,2,2,1,3,-4.76%,4.76%,0,0,0,365,32,3,LMN,TAI,LGO,LGO,RGO,1
ViktRon Swanson,651,888,Coleman Waters,152,692,FO,196,T2,0,0,1,3,-1.87%,1.87%,0,0,0,366,32,3,TAI,LMN,FO,FO,FO,1
Pete Parker,1963,994,Coleman Waters,152,177,K,183,T2,1,0,1,3,-1.76%,1.76%,0,0,0,366,32,3,TAI,LMN,K,FO,FO,1
Rey Revanchist,776,69,Coleman Waters,152,318,K,249,T2,2,0,1,3,-1.43%,1.43%,0,0,0,366,32,3,TAI,LMN,K,K,FO,1
John Valor,1832,625,ViktRon Swanson,651,769,BB,144,B2,0,0,1,3,4.10%,-4.10%,0,0,0,367,32,3,LMN,TAI,BB,BB,BB,1
Dylan Green,305,69,ViktRon Swanson,651,420,PO,351,B2,0,1,1,3,-3.38%,3.38%,0,0,0,367,32,3,LMN,TAI,PO,RGO,K,1
Harry Peritestes,117,420,ViktRon Swanson,651,920,DP,500,B2,1,1,1,3,-8.27%,8.27%,0,0,0,367,32,3,LMN,TAI,LGO,LGO,DP,1
Jay Money,241,111,Coleman Waters,152,985,BB,126,T3,0,0,1,3,2.17%,-2.17%,0,0,0,368,32,3,TAI,LMN,BB,BB,1B,1
Max Wasson,273,,Coleman Waters,152,,Auto K,,T3,0,1,1,3,-1.26%,1.26%,0,0,0,368,32,3,TAI,LMN,Auto K,Auto K,Auto K,9
Jaeger Ward,777,645,Coleman Waters,152,427,FO,218,T3,1,1,1,3,-2.83%,2.83%,0,0,0,368,32,3,TAI,LMN,FO,FO,FO,1
Jacky Wacky,702,707,Coleman Waters,152,136,RGO,429,T3,2,1,1,3,-3.17%,3.17%,0,0,0,368,32,3,TAI,LMN,RGO,RGO,RGO,1
Coleman Waters,152,969,ViktRon Swanson,651,1,3B,32,B3,0,0,1,3,14.28%,-14.28%,0,1,1,369,32,3,LMN,TAI,3B,3B,2B,1
Ronald Eagle Jr.,167,420,ViktRon Swanson,651,222,BB,198,B3,0,3,1,3,6.30%,-6.30%,0,0,0,369,32,3,LMN,TAI,BB,BB,Sac,1
David Peterson,2218,,ViktRon Swanson,651,,IBB,,B3,0,5,1,3,3.57%,-3.57%,0,0,0,369,32,3,LMN,TAI,IBB,IBB,IBB,8
Ben Bramly,238,892,ViktRon Swanson,651,69,BB,177,B3,0,7,1,3,12.47%,-12.47%,1,0,0,369,32,3,LMN,TAI,BB,FO,BB,1
Chuck Tingle,355,920,ViktRon Swanson,651,569,K,351,B3,0,7,2,3,-4.01%,4.01%,0,0,0,369,32,3,LMN,TAI,K,K,K,1
Darth Vader,336,750,ViktRon Swanson,651,317,DP,433,B3,1,7,2,3,-29.50%,29.50%,0,0,0,369,32,3,LMN,TAI,LGO,LGO,DP,1
Duke Silver,602,867,Coleman Waters,152,261,K,394,T4,0,0,2,3,-2.65%,2.65%,0,0,0,370,32,3,TAI,LMN,K,PO,PO,1
Johnny Dickshot,233,69,Coleman Waters,152,518,PO,449,T4,1,0,2,3,-2.58%,2.58%,0,0,0,370,32,3,TAI,LMN,PO,RGO,RGO,1
ViktRon Swanson,651,666,Coleman Waters,152,94,K,428,T4,2,0,2,3,-1.93%,1.93%,0,0,0,370,32,3,TAI,LMN,K,RGO,RGO,1
John Valor,1832,420,ViktRon Swanson,651,727,K,307,B4,0,0,2,3,-4.80%,4.80%,0,0,0,371,32,3,LMN,TAI,K,K,K,1
Dylan Green,305,227,ViktRon Swanson,651,1,FO,226,B4,1,0,2,3,-4.17%,4.17%,0,0,0,371,32,3,LMN,TAI,FO,FO,FO,1
Harry Peritestes,117,400,ViktRon Swanson,651,666,FO,266,B4,2,0,2,3,-3.35%,3.35%,0,0,0,371,32,3,LMN,TAI,FO,FO,FO,1
Pete Parker,1963,26,Coleman Waters,152,624,PO,402,T5,0,0,2,3,-3.05%,3.05%,0,0,0,372,32,3,TAI,LMN,PO,PO,RGO,1
Rey Revanchist,776,69,Coleman Waters,152,627,RGO,442,T5,1,0,2,3,-2.51%,2.51%,0,0,0,372,32,3,TAI,LMN,RGO,RGO,RGO,1
Jay Money,241,202,Coleman Waters,152,212,HR,10,T5,2,0,2,3,14.35%,-14.35%,1,1,1,372,32,3,TAI,LMN,HR,HR,HR,1
Max Wasson,273,478,Coleman Waters,152,41,RGO,437,T5,2,0,2,4,-1.44%,1.44%,0,0,0,372,32,3,TAI,LMN,RGO,RGO,RGO,1
Coleman Waters,152,446,ViktRon Swanson,651,420,HR,26,B5,0,0,2,4,14.63%,-14.63%,1,1,1,373,32,3,LMN,TAI,HR,HR,3B,1
Ronald Eagle Jr.,167,920,ViktRon Swanson,651,131,BB,211,B5,0,0,3,4,8.57%,-8.57%,0,0,0,373,32,3,LMN,TAI,BB,FO,FO,1
David Peterson,2218,911,ViktRon Swanson,651,489,DP,422,B5,0,1,3,4,-20.84%,20.84%,0,0,0,373,32,3,LMN,TAI,RGO,RGO,DP,1
Ben Bramly,238,777,ViktRon Swanson,651,79,K,302,B5,2,0,3,4,-4.18%,4.18%,0,0,0,373,32,3,LMN,TAI,K,K,K,1
Jaeger Ward,777,899,Coleman Waters,152,802,BB,97,T6,0,0,3,4,2.70%,-2.70%,0,0,0,374,32,3,TAI,LMN,BB,1B,1B,1
Jacky Wacky,702,27,Gray Goose McGillicuddy,1961,613,DP,414,T6,0,1,3,4,-7.05%,7.05%,0,0,0,374,32,3,TAI,LMN,LGO,LGO,DP,1
Duke Silver,602,911,Gray Goose McGillicuddy,1961,948,2B,37,T6,2,0,3,4,2.88%,-2.88%,0,0,0,374,32,3,TAI,LMN,2B,2B,2B,1
Johnny Dickshot,233,333,Gray Goose McGillicuddy,1961,36,PO,297,T6,2,2,3,4,-4.40%,4.40%,0,0,0,374,32,3,TAI,LMN,PO,PO,K,1
Chuck Tingle,355,69,ViktRon Swanson,651,389,K,320,B6,0,0,3,4,-9.46%,9.46%,0,0,0,375,32,3,LMN,TAI,K,K,K,1
Darth Vader,336,999,ViktRon Swanson,651,520,LGO,479,B6,1,0,3,4,-9.16%,9.16%,0,0,0,375,32,3,LMN,TAI,LGO,LGO,LGO,1
John Valor,1832,666,ViktRon Swanson,651,569,1B,97,B6,2,0,3,4,7.21%,-7.21%,0,1,1,375,32,3,LMN,TAI,1B,1B,1B,1
Dylan Green,305,200,ViktRon Swanson,651,150,2B,50,B6,2,1,3,4,50.54%,-50.54%,1,0,0,375,32,3,LMN,TAI,2B,2B,2B,1
Harry Peritestes,117,420,ViktRon Swanson,651,69,PO,351,B6,2,2,4,4,-14.15%,14.15%,0,0,0,375,32,3,LMN,TAI,PO,RGO,K,1
Amper Sand,774,221,Kentho Birne,349,548,K,327,T1,0,0,0,0,-2.52%,2.52%,0,0,0,376,33,3,DAD,TAC,K,K,K,1
Runner Buehler,717,120,Kentho Birne,349,524,RGO,404,T1,1,0,0,0,-2.52%,2.52%,0,0,0,376,33,3,DAD,TAC,RGO,PO,RGO,1
Michael Smith,1955,123,Kentho Birne,349,378,FO,255,T1,2,0,0,0,-1.74%,1.74%,0,0,0,376,33,3,DAD,TAC,FO,K,FO,1
Napoleon Shortsleeve,560,142,Rekt Keyo,331,213,2B,71,B1,0,0,0,0,6.76%,-6.76%,0,1,1,377,33,3,TAC,DAD,2B,2B,1B,1
Thelonius Junk,623,818,Rekt Keyo,331,732,1B,86,B1,0,2,0,0,7.18%,-7.18%,0,1,1,377,33,3,TAC,DAD,1B,1B,1B,1
Chicken Joe of Sheboygan,693,463,Rekt Keyo,331,437,2B,26,B1,0,5,0,0,10.72%,-10.72%,1,0,0,377,33,3,TAC,DAD,2B,2B,3B,1
Gang Weed,1732,120,Rekt Keyo,331,755,RGO,365,B1,0,6,1,0,-1.30%,1.30%,1,0,0,377,33,3,TAC,DAD,RGO,PO,K,1
Truck Month,1794,,Rekt Keyo,331,,IBB,,B1,1,3,2,0,1.88%,-1.88%,0,0,0,377,33,3,TAC,DAD,IBB,IBB,IBB,8
Julio Escobar,686,420,Rekt Keyo,331,914,DP,494,B1,1,5,2,0,-9.71%,9.71%,0,0,0,377,33,3,TAC,DAD,LGO,LGO,DP,1
Chuck McCluster,296,41,Kentho Birne,349,588,RGO,453,T2,0,0,2,0,-2.56%,2.56%,0,0,0,378,33,3,DAD,TAC,RGO,RGO,LGO,1
Sam Smith,158,243,Kentho Birne,349,41,FO,202,T2,1,0,2,0,-2.26%,2.26%,0,0,0,378,33,3,DAD,TAC,FO,FO,FO,1
AllStar Lin,1799,503,Kentho Birne,349,506,HR,3,T2,2,0,2,0,9.30%,-9.30%,1,1,1,378,33,3,DAD,TAC,HR,HR,HR,1
Dixie Normos,332,777,Kentho Birne,349,459,K,318,T2,2,0,2,1,-1.44%,1.44%,0,0,0,378,33,3,DAD,TAC,K,K,K,1
Duke Marriot,775,286,Rekt Keyo,331,233,1B,53,B2,0,0,2,1,3.56%,-3.56%,0,1,1,379,33,3,TAC,DAD,1B,1B,2B,1
Thomas Nova,1,686,Rekt Keyo,331,719,3B,33,B2,0,1,2,1,14.80%,-14.80%,1,1,1,379,33,3,TAC,DAD,3B,3B,2B,1
Alaina Mclean,1947,456,Rekt Keyo,331,488,HR,32,B2,0,3,3,1,3.64%,-3.64%,2,1,1,379,33,3,TAC,DAD,HR,3B,2B,1
Napoleon Shortsleeve,560,69,Rekt Keyo,331,939,1B,130,B2,0,0,5,1,1.39%,-1.39%,0,0,0,379,33,3,TAC,DAD,1B,1B,1B,1
Thelonius Junk,623,3,Rekt Keyo,331,919,1B,84,B2,0,1,5,1,0.19%,-0.19%,0,0,0,379,33,3,TAC,DAD,1B,1B,1B,1
Chicken Joe of Sheboygan,693,723,Mike Fruitstand,772,585,BB,138,B2,0,4,5,1,2.51%,-2.51%,0,0,0,379,33,3,TAC,DAD,BB,BB,BB,1
Gang Weed,1732,230,Mike Fruitstand,772,888,RGO,342,B2,0,7,5,1,-0.66%,0.66%,0,0,0,379,33,3,TAC,DAD,RGO,RGO,K,2
Truck Month,1794,713,Mike Fruitstand,772,490,K,223,B2,1,7,5,1,-1.60%,1.60%,0,0,0,379,33,3,TAC,DAD,K,FO,Sac,1
Julio Escobar,686,367,Mike Fruitstand,772,17,LGO,350,B2,2,7,5,1,-3.64%,3.64%,0,0,0,379,33,3,TAC,DAD,LGO,LGO,K,1
Richard Northstar,275,585,Kentho Birne,349,321,K,264,T3,0,0,5,1,-1.72%,1.72%,0,0,0,380,33,3,DAD,TAC,K,K,FO,1
Cam'ron,525,400,Kentho Birne,349,264,BB,136,T3,1,0,5,1,2.12%,-2.12%,0,0,0,380,33,3,DAD,TAC,BB,BB,1B,1
Amper Sand,774,135,Kentho Birne,349,1,BB,134,T3,1,1,5,1,4.53%,-4.53%,0,0,0,380,33,3,DAD,TAC,BB,BB,1B,1
Runner Buehler,717,800,Kentho Birne,349,966,FO,166,T3,1,4,5,1,-3.89%,3.89%,0,0,0,380,33,3,DAD,TAC,FO,FO,BB,1
Michael Smith,1955,110,Kentho Birne,349,321,FO,211,T3,2,4,5,1,-5.01%,5.01%,0,0,0,380,33,3,DAD,TAC,FO,FO,FO,1
Duke Marriot,775,666,Mike Fruitstand,772,668,HR,2,B3,0,0,5,1,2.67%,-2.67%,1,1,1,381,33,3,TAC,DAD,HR,HR,HR,1
Thomas Nova,1,168,Mike Fruitstand,772,710,LGO,458,B3,0,0,6,1,0.09%,-0.09%,0,0,0,381,33,3,TAC,DAD,LGO,LGO,LGO,1
Alaina Mclean,1947,345,Mike Fruitstand,772,228,1B,117,B3,1,0,6,1,0.02%,-0.02%,0,0,0,381,33,3,TAC,DAD,1B,1B,1B,1
Napoleon Shortsleeve,560,432,Mike Fruitstand,772,85,DP,347,B3,1,1,6,1,-0.93%,0.93%,0,0,0,381,33,3,TAC,DAD,RGO,RGO,K,1
Chuck McCluster,296,12,Kentho Birne,349,966,2B,46,T4,0,0,6,1,2.68%,-2.68%,0,1,1,382,33,3,DAD,TAC,2B,2B,2B,1
Sam Smith,158,284,Kentho Birne,349,623,K,339,T4,0,2,6,1,-3.12%,3.12%,0,0,0,382,33,3,DAD,TAC,K,K,K,1
AllStar Lin,1799,756,Kentho Birne,349,742,HR,14,T4,1,2,6,1,6.68%,-6.68%,2,1,1,382,33,3,DAD,TAC,HR,HR,HR,1
Dixie Normos,332,555,Kentho Birne,349,937,K,382,T4,1,0,6,3,-2.55%,2.55%,0,0,0,382,33,3,DAD,TAC,K,K,PO,1
Richard Northstar,275,747,Kentho Birne,349,874,BB,127,T4,2,0,6,3,1.89%,-1.89%,0,0,0,382,33,3,DAD,TAC,BB,BB,1B,1
Cam'ron,525,509,Kentho Birne,349,10,LGO,499,T4,2,1,6,3,-2.98%,2.98%,0,0,0,382,33,3,DAD,TAC,LGO,LGO,LGO,1
Thelonius Junk,623,844,Mike Fruitstand,772,780,1B,64,B4,0,0,6,3,1.01%,-1.01%,0,0,0,383,33,3,TAC,DAD,1B,1B,2B,1
Chicken Joe of Sheboygan,693,463,Mike Fruitstand,772,560,1B,97,B4,0,1,6,3,1.11%,-1.11%,0,0,0,383,33,3,TAC,DAD,1B,1B,1B,1
Gang Weed,1732,50,Mike Fruitstand,772,550,TP,500,B4,0,4,6,3,-3.86%,3.86%,0,0,0,383,33,3,TAC,DAD,LGO,LGO,TP,1
Amper Sand,774,846,Kentho Birne,349,188,K,342,T5,0,0,6,3,-2.48%,2.48%,0,0,0,384,33,3,DAD,TAC,K,K,K,1
Runner Buehler,717,,Kentho Birne,349,,Auto K,,T5,1,0,6,3,-2.05%,2.05%,0,0,0,384,33,3,DAD,TAC,Auto K,Auto K,Auto K,9
Michael Smith,1955,1,Kentho Birne,349,117,BB,116,T5,2,0,6,3,1.73%,-1.73%,0,0,0,384,33,3,DAD,TAC,BB,BB,1B,1
Chuck McCluster,296,821,Kentho Birne,349,381,RGO,440,T5,2,1,6,3,-2.75%,2.75%,0,0,0,384,33,3,DAD,TAC,RGO,RGO,RGO,1
Truck Month,1794,927,Mike Fruitstand,772,778,BB,149,B5,0,0,6,3,0.74%,-0.74%,0,1,1,385,33,3,TAC,DAD,BB,BB,BB,1
Julio Escobar,686,628,Mike Fruitstand,772,799,K,171,B5,0,1,6,3,-0.74%,0.74%,0,0,0,385,33,3,TAC,DAD,K,K,BB,1
Duke Marriot,775,227,Mike Fruitstand,772,405,FO,178,B5,1,1,6,3,-0.55%,0.55%,0,0,0,385,33,3,TAC,DAD,FO,FO,FO,1
Thomas Nova,1,69,Mike Fruitstand,772,17,2B,52,B5,2,1,6,3,2.34%,-2.34%,1,0,0,385,33,3,TAC,DAD,2B,2B,2B,1
Alaina Mclean,1947,116,Mike Fruitstand,772,690,LGO,426,B5,2,2,7,3,-0.48%,0.48%,0,0,0,385,33,3,TAC,DAD,LGO,LGO,RGO,1
Sam Smith,158,231,Kentho Birne,349,202,HR,29,T6,0,0,7,3,2.42%,-2.42%,1,1,1,386,33,3,DAD,TAC,HR,HR,3B,1
AllStar Lin,1799,150,Kentho Birne,349,589,RGO,439,T6,0,0,7,4,-2.36%,2.36%,0,0,0,386,33,3,DAD,TAC,RGO,RGO,RGO,1
Dixie Normos,332,888,Kentho Birne,349,689,FO,199,T6,1,0,7,4,-1.65%,1.65%,0,0,0,386,33,3,DAD,TAC,FO,FO,FO,1
Richard Northstar,275,596,Kentho Birne,349,906,K,310,T6,2,0,7,4,-0.54%,0.54%,0,0,0,386,33,3,DAD,TAC,K,K,K,1
Jasmine Skyla,175,900,Streetlamp LeMoose,1734,212,PO,312,T1,0,0,0,0,-2.52%,2.52%,0,0,0,387,34,3,NUL,JUP,PO,K,K,1
Alaric Davis,697,300,Streetlamp LeMoose,1734,36,FO,264,T1,1,0,0,0,-2.52%,2.52%,0,0,0,387,34,3,NUL,JUP,FO,FO,FO,1
Reimer Gonzalez,13,44,Streetlamp LeMoose,1734,494,LGO,450,T1,2,0,0,0,-1.74%,1.74%,0,0,0,387,34,3,NUL,JUP,LGO,LGO,RGO,1
Triston Uzumaki,125,99,Bob Robb,90,770,K,329,B1,0,0,0,0,-2.73%,2.73%,0,0,0,388,34,3,JUP,NUL,K,RGO,K,1
Husky Pawson,1770,627,Bob Robb,90,651,HR,24,B1,1,0,0,0,11.04%,-11.04%,1,1,1,388,34,3,JUP,NUL,HR,3B,HR,1
Dermot Mulveiny,1763,231,Bob Robb,90,321,1B,90,B1,1,0,1,0,2.39%,-2.39%,0,0,0,388,34,3,JUP,NUL,1B,1B,1B,1
Kevin Harrison,734,42,Bob Robb,90,418,PO,376,B1,1,1,1,0,-3.02%,3.02%,0,0,0,388,34,3,JUP,NUL,PO,RGO,K,1
Rocco Rudnikov,114,179,Bob Robb,90,702,LGO,477,B1,2,1,1,0,-2.70%,2.70%,0,0,0,388,34,3,JUP,NUL,LGO,LGO,LGO,1
Jumbo Dick,79,420,Streetlamp LeMoose,1734,169,FO,251,T2,0,0,1,0,-2.54%,2.54%,0,0,0,389,34,3,NUL,JUP,FO,FO,FO,1
Emerson Austin,703,777,Streetlamp LeMoose,1734,952,FO,175,T2,1,0,1,0,-3.53%,3.53%,0,0,0,389,34,3,NUL,JUP,FO,FO,BB,1
Joey-Claire Hiveswap,291,387,Streetlamp LeMoose,1734,95,K,292,T2,2,0,1,0,-1.44%,1.44%,0,0,0,389,34,3,NUL,JUP,K,K,K,1
Harry Peritestes,117,670,Bob Robb,90,502,BB,168,B2,0,0,1,0,3.56%,-3.56%,0,1,1,390,34,3,JUP,NUL,BB,BB,BB,1
Eric Cowan,338,820,Bob Robb,90,977,1B,157,B2,0,1,1,0,4.77%,-4.77%,0,1,1,390,34,3,JUP,NUL,1B,BB,BB,1
Bud Tuggli,133,712,Bob Robb,90,753,3B,41,B2,0,4,1,0,12.24%,-12.24%,2,1,1,390,34,3,JUP,NUL,3B,2B,2B,1
Patty Ice,1746,180,Bob Robb,90,491,Sac,311,B2,0,3,3,0,0.14%,-0.14%,1,0,0,390,34,3,JUP,NUL,FO,RGO,K,1
Triston Uzumaki,125,,Bob Robb,90,,Auto K,,B2,1,0,4,0,-0.33%,0.33%,0,0,0,390,34,3,JUP,NUL,Auto K,Auto K,Auto K,9
Husky Pawson,1770,725,Bob Robb,90,555,BB,170,B2,2,0,4,0,0.72%,-0.72%,0,0,0,390,34,3,JUP,NUL,BB,BB,BB,1
Dermot Mulveiny,1763,208,Bob Robb,90,104,1B,104,B2,2,1,4,0,0.09%,-0.09%,0,0,0,390,34,3,JUP,NUL,1B,1B,1B,1
Kevin Harrison,734,802,Bob Robb,90,112,FO,310,B2,2,5,4,0,-1.00%,1.00%,0,0,0,390,34,3,JUP,NUL,FO,PO,K,1
Supreme Asslord,363,,Streetlamp LeMoose,1734,,Auto K,,T3,0,0,4,0,-1.72%,1.72%,0,0,0,391,34,3,NUL,JUP,Auto K,Auto K,Auto K,9
Joey McCarty,390,454,Streetlamp LeMoose,1734,280,FO,174,T3,1,0,4,0,-1.26%,1.26%,0,0,0,391,34,3,NUL,JUP,FO,FO,BB,1
Maxelia Gray,391,,Streetlamp LeMoose,1734,,Auto K,,T3,2,0,4,0,-0.99%,0.99%,0,0,0,391,34,3,NUL,JUP,Auto K,Auto K,Auto K,9
Rocco Rudnikov,114,609,Bob Robb,90,883,K,274,B3,0,0,4,0,-0.32%,0.32%,0,0,0,392,34,3,JUP,NUL,K,K,FO,1
Harry Peritestes,117,512,Bob Robb,90,473,3B,39,B3,1,0,4,0,2.41%,-2.41%,0,0,0,392,34,3,JUP,NUL,3B,2B,2B,1
Eric Cowan,338,770,Bob Robb,90,112,K,342,B3,1,3,4,0,-2.10%,2.10%,0,0,0,392,34,3,JUP,NUL,K,RGO,K,1
Bud Tuggli,133,256,Bob Robb,90,89,BB,167,B3,2,3,4,0,0.60%,-0.60%,0,0,0,392,34,3,JUP,NUL,BB,FO,BB,1
Patty Ice,1746,180,Bob Robb,90,611,RGO,431,B3,2,5,4,0,-2.01%,2.01%,0,0,0,392,34,3,JUP,NUL,RGO,LGO,RGO,1
Jasmine Skyla,175,990,Streetlamp LeMoose,1734,535,LGO,455,T4,0,0,4,0,-1.66%,1.66%,0,0,0,393,34,3,NUL,JUP,LGO,LGO,LGO,1
Alaric Davis,697,125,Streetlamp LeMoose,1734,12,1B,113,T4,1,0,4,0,2.14%,-2.14%,0,0,0,393,34,3,NUL,JUP,1B,1B,1B,1
Reimer Gonzalez,13,69,Streetlamp LeMoose,1734,763,K,306,T4,1,1,4,0,-2.64%,2.64%,0,0,0,393,34,3,NUL,JUP,K,K,K,1
Jumbo Dick,79,420,Streetlamp LeMoose,1734,880,LGO,460,T4,2,1,4,0,-1.92%,1.92%,0,0,0,393,34,3,NUL,JUP,LGO,LGO,LGO,1
Triston Uzumaki,125,732,Bob Robb,90,392,K,340,B4,0,0,4,0,-0.37%,0.37%,0,0,0,394,34,3,JUP,NUL,K,RGO,K,1
Husky Pawson,1770,1,Bob Robb,90,101,1B,100,B4,1,0,4,0,0.42%,-0.42%,0,0,0,394,34,3,JUP,NUL,1B,1B,1B,1
Dermot Mulveiny,1763,,Bob Robb,90,,Auto BB,,B4,1,1,4,0,0.51%,-0.51%,0,0,0,394,34,3,JUP,NUL,Auto BB,Auto BB,Auto BB,10
Kevin Harrison,734,666,Bob Robb,90,445,FO,221,B4,1,4,4,0,-1.05%,1.05%,0,0,0,394,34,3,JUP,NUL,FO,FO,FO,1
Rocco Rudnikov,114,,Bob Robb,90,,Auto K,,B4,2,4,4,0,-0.39%,0.39%,0,0,0,394,34,3,JUP,NUL,Auto K,Auto K,Auto K,9
Emerson Austin,703,671,Streetlamp LeMoose,1734,171,LGO,500,T5,0,0,4,0,-1.30%,1.30%,0,0,0,395,34,3,NUL,JUP,LGO,LGO,LGO,1
Joey-Claire Hiveswap,291,284,Streetlamp LeMoose,1734,432,BB,148,T5,1,0,4,0,1.88%,-1.88%,0,0,0,395,34,3,NUL,JUP,BB,BB,BB,1
Supreme Asslord,363,,Streetlamp LeMoose,1734,,Auto K,,T5,1,1,4,0,-2.31%,2.31%,0,0,0,395,34,3,NUL,JUP,Auto K,Auto K,Auto K,9
Joey McCarty,390,360,Streetlamp LeMoose,1734,979,RGO,381,T5,2,1,4,0,-1.42%,1.42%,0,0,0,395,34,3,NUL,JUP,RGO,RGO,PO,1
Harry Peritestes,117,637,Bob Robb,90,622,HR,15,B5,0,0,4,0,0.88%,-0.88%,1,1,1,396,34,3,JUP,NUL,HR,HR,HR,1
Eric Cowan,338,810,Bob Robb,90,821,HR,11,B5,0,0,5,0,0.43%,-0.43%,1,1,1,396,34,3,JUP,NUL,HR,HR,HR,1
Bud Tuggli,133,1,Joey McCarty,390,78,1B,77,B5,0,0,6,0,0.08%,-0.08%,0,0,0,396,34,3,JUP,NUL,1B,1B,1B,1
Patty Ice,1746,500,Joey McCarty,390,389,1B,111,B5,0,1,6,0,0.09%,-0.09%,0,0,0,396,34,3,JUP,NUL,1B,1B,1B,1
Dr.Degratest Toevadoit,247,378,vladimir putin putin,1956,217,FO,161,T1,0,0,0,0,-2.52%,2.52%,0,0,0,397,35,3,SAR,KTY,FO,BB,BB,1
Cole Martinez,408,69,vladimir putin putin,1956,515,RGO,446,T1,1,0,0,0,-2.52%,2.52%,0,0,0,397,35,3,SAR,KTY,RGO,RGO,RGO,1
Bonesy McSkellington,1733,615,vladimir putin putin,1956,77,LGO,462,T1,2,0,0,0,-1.74%,1.74%,0,0,0,397,35,3,SAR,KTY,LGO,LGO,LGO,1
Pedro Cerrano-Spaz,1798,672,Hudson Hildebrandt,284,756,BB,84,B1,0,0,0,0,3.55%,-3.55%,0,1,1,398,35,3,KTY,SAR,BB,1B,1B,1
Vinny Vedecci,2,100,Hudson Hildebrandt,284,101,HR,1,B1,0,1,0,0,16.39%,-16.39%,2,1,1,398,35,3,KTY,SAR,HR,HR,HR,1
David Roidtiz,1742,442,Hudson Hildebrandt,284,444,HR,2,B1,0,0,2,0,7.16%,-7.16%,1,1,1,398,35,3,KTY,SAR,HR,HR,HR,1
Otis Nixon Sr.,107,420,Hudson Hildebrandt,284,799,RGO,379,B1,0,0,3,0,-1.34%,1.34%,0,0,0,398,35,3,KTY,SAR,RGO,RGO,PO,1
Hank Murphy,76,667,Hudson Hildebrandt,284,974,K,307,B1,1,0,3,0,-1.38%,1.38%,0,0,0,398,35,3,KTY,SAR,K,K,K,1
Oni R1,663,223,Hudson Hildebrandt,284,324,BB,101,B1,2,0,3,0,0.84%,-0.84%,0,0,0,398,35,3,KTY,SAR,BB,BB,1B,1
Dan Gerzone,1953,202,Hudson Hildebrandt,284,566,K,364,B1,2,1,3,0,-1.26%,1.26%,0,0,0,398,35,3,KTY,SAR,K,K,K,1
Elmo Seabreeze,1785,67,Mason Spurs,103,400,K,333,T2,0,0,3,0,-2.37%,2.37%,0,0,0,399,35,3,SAR,KTY,K,K,K,1
Tucker Doubt,567,901,Mason Spurs,103,704,FO,197,T2,1,0,3,0,-1.46%,1.46%,0,0,0,399,35,3,SAR,KTY,FO,FO,FO,1
Makesiondon Kelkboom,327,575,Mason Spurs,103,765,BB,190,T2,2,0,3,0,0.53%,-0.53%,0,0,0,399,35,3,SAR,KTY,BB,BB,FO,1
Fuzzy Dunlop,382,50,Mason Spurs,103,110,1B,60,T2,2,1,3,0,2.91%,-2.91%,0,0,0,399,35,3,SAR,KTY,1B,1B,2B,1
Gimpy Schlempteen 32,379,569,Mason Spurs,103,180,RGO,389,T2,2,5,3,0,-5.55%,5.55%,0,0,0,399,35,3,SAR,KTY,RGO,RGO,PO,1
Buck Armstrong,97,737,Hudson Hildebrandt,284,466,K,271,B2,0,0,3,0,-1.81%,1.81%,0,0,0,400,35,3,KTY,SAR,K,K,FO,1
Chase Hillinger,1710,803,Hudson Hildebrandt,284,595,K,208,B2,1,0,3,0,-0.61%,0.61%,0,0,0,400,35,3,KTY,SAR,K,K,FO,1
Pedro Cerrano-Spaz,1798,495,Hudson Hildebrandt,284,155,K,340,B2,2,0,3,0,-0.91%,0.91%,0,0,0,400,35,3,KTY,SAR,K,K,K,1
Ross Ewage,1764,497,Mason Spurs,103,579,1B,82,T3,0,0,3,0,4.47%,-4.47%,0,1,1,401,35,3,SAR,KTY,1B,1B,1B,1
Dr.Degratest Toevadoit,247,600,Mason Spurs,103,601,HR,1,T3,0,1,3,0,15.37%,-15.37%,2,1,1,401,35,3,SAR,KTY,HR,HR,HR,1
Cole Martinez,408,610,Mason Spurs,103,867,FO,257,T3,0,0,3,2,-3.61%,3.61%,0,0,0,401,35,3,SAR,KTY,FO,FO,FO,1
Bonesy McSkellington,1733,388,Mason Spurs,103,247,BB,141,T3,1,0,3,2,4.28%,-4.28%,0,0,0,401,35,3,SAR,KTY,BB,BB,BB,1
Elmo Seabreeze,1785,250,Mason Spurs,103,561,K,311,T3,1,1,3,2,-4.65%,4.65%,0,0,0,401,35,3,SAR,KTY,K,K,K,1
Tucker Doubt,567,56,Mason Spurs,103,843,FO,213,T3,2,1,3,2,-4.92%,4.92%,0,0,0,401,35,3,SAR,KTY,FO,FO,FO,1
Vinny Vedecci,2,843,Hudson Hildebrandt,284,389,RGO,454,B3,0,0,3,2,-2.34%,2.34%,0,0,0,402,35,3,KTY,SAR,RGO,RGO,LGO,1
David Roidtiz,1742,675,Hudson Hildebrandt,284,690,HR,15,B3,1,0,3,2,10.93%,-10.93%,1,1,1,402,35,3,KTY,SAR,HR,HR,HR,1
Otis Nixon Sr.,107,755,Hudson Hildebrandt,284,165,LGO,410,B3,1,0,4,2,-1.46%,1.46%,0,0,0,402,35,3,KTY,SAR,LGO,LGO,RGO,1
Hank Murphy,76,533,Hudson Hildebrandt,284,296,FO,237,B3,2,0,4,2,-1.21%,1.21%,0,0,0,402,35,3,KTY,SAR,FO,FO,FO,1
Makesiondon Kelkboom,327,711,Mason Spurs,103,389,K,322,T4,0,0,4,2,-3.51%,3.51%,0,0,0,403,35,3,SAR,KTY,K,K,K,1
Fuzzy Dunlop,382,555,Mason Spurs,103,80,LGO,475,T4,1,0,4,2,-2.87%,2.87%,0,0,0,403,35,3,SAR,KTY,LGO,LGO,LGO,1
Gimpy Schlempteen 32,379,798,Mason Spurs,103,351,LGO,447,T4,2,0,4,2,-2.22%,2.22%,0,0,0,403,35,3,SAR,KTY,LGO,LGO,RGO,1
Oni R1,663,666,Hudson Hildebrandt,284,566,BB,100,B4,0,0,4,2,1.42%,-1.42%,0,1,1,404,35,3,KTY,SAR,BB,BB,1B,1
Dan Gerzone,1953,68,Hudson Hildebrandt,284,235,BB,167,B4,0,1,4,2,3.57%,-3.57%,0,1,1,404,35,3,KTY,SAR,BB,BB,BB,1
Buck Armstrong,97,822,Hudson Hildebrandt,284,904,1B,82,B4,0,4,4,2,2.29%,-2.29%,0,1,1,404,35,3,KTY,SAR,1B,1B,1B,1
Chase Hillinger,1710,521,Hudson Hildebrandt,284,600,2B,79,B4,0,7,4,2,3.76%,-3.76%,2,1,1,404,35,3,KTY,SAR,2B,1B,1B,1
Pedro Cerrano-Spaz,1798,304,Hudson Hildebrandt,284,911,K,393,B4,0,6,6,2,-0.12%,0.12%,0,0,0,404,35,3,KTY,SAR,K,PO,PO,1
Vinny Vedecci,2,542,Hudson Hildebrandt,284,510,HR,32,B4,1,6,6,2,0.71%,-0.71%,3,1,1,404,35,3,KTY,SAR,HR,HR,2B,1
David Roidtiz,1742,150,Hudson Hildebrandt,284,69,1B,81,B4,1,0,9,2,0.36%,-0.36%,0,1,1,404,35,3,KTY,SAR,1B,BB,1B,1
Otis Nixon Sr.,107,411,Hudson Hildebrandt,284,420,HR,9,B4,1,1,9,2,-0.36%,0.36%,2,1,1,404,35,3,KTY,SAR,HR,HR,HR,1
Hank Murphy,76,,Hudson Hildebrandt,284,,Auto BB,,B4,1,0,11,2,0.36%,-0.36%,0,0,0,404,35,3,KTY,SAR,Auto BB,Auto BB,Auto BB,10
Hank Murphy,76,69,Hudson Hildebrandt,284,606,CS,463,B4,1,1,11,2,-0.14%,0.14%,0,0,0,404,35,3,KTY,SAR,CS 2B,CS 2B,CS,4
Oni R1,663,128,Hudson Hildebrandt,284,766,K,362,B4,2,0,11,2,-0.18%,0.18%,0,0,0,404,35,3,KTY,SAR,K,K,K,1
Ross Ewage,1764,141,Mason Spurs,103,327,FO,186,T5,0,0,11,2,-0.43%,0.43%,0,0,0,405,35,3,SAR,KTY,FO,FO,FO,1
Dr.Degratest Toevadoit,247,766,Mason Spurs,103,890,BB,124,T5,1,0,11,2,0.68%,-0.68%,0,0,0,405,35,3,SAR,KTY,BB,BB,1B,1
Cole Martinez,408,101,Mason Spurs,103,930,FO,171,T5,1,1,11,2,-1.00%,1.00%,0,0,0,405,35,3,SAR,KTY,FO,BB,BB,1
Bonesy McSkellington,1733,453,Mason Spurs,103,147,K,306,T5,2,1,11,2,-0.32%,0.32%,0,0,0,405,35,3,SAR,KTY,K,K,K,1
Dan Gerzone,1953,123,Hudson Hildebrandt,284,2,BB,121,B5,0,0,11,2,0.08%,-0.08%,0,0,0,406,35,3,KTY,SAR,BB,BB,1B,1
Kirby Birch,1800,369,Hudson Hildebrandt,284,190,FO,179,B5,0,1,11,2,-0.13%,0.13%,0,0,0,406,35,3,KTY,SAR,FO,BB,FO,1
Chase Hillinger,1710,300,Hudson Hildebrandt,284,555,K,255,B5,1,1,11,2,-0.17%,0.17%,0,0,0,406,35,3,KTY,SAR,K,K,FO,1
Pedro Cerrano-Spaz,1798,867,Hudson Hildebrandt,284,402,RGO,465,B5,2,1,11,2,0.12%,-0.12%,0,0,0,406,35,3,KTY,SAR,RGO,RGO,LGO,1
Elmo Seabreeze,1785,400,Mason Spurs,103,980,RGO,420,T6,0,0,11,2,-0.21%,0.21%,0,0,0,407,35,3,SAR,KTY,RGO,RGO,RGO,1
Tucker Doubt,567,267,Mason Spurs,103,980,K,287,T6,1,0,11,2,-0.13%,0.13%,0,0,0,407,35,3,SAR,KTY,K,K,K,1
Makesiondon Kelkboom,327,333,Mason Spurs,103,980,K,353,T6,2,0,11,2,-0.02%,0.02%,0,0,0,407,35,3,SAR,KTY,K,K,K,1
Coco Watanabe,204,137,Cap Keeler,1808,788,PO,349,T1,0,0,0,0,-2.52%,2.52%,0,0,0,408,36,3,POR,MVM,PO,PO,K,1
Hannah Outlaw,178,5,Cap Keeler,1808,556,RGO,449,T1,1,0,0,0,-2.52%,2.52%,0,0,0,408,36,3,POR,MVM,RGO,RGO,RGO,1
Bobo Bones,478,69,Cap Keeler,1808,887,BB,182,T1,2,0,0,0,1.77%,-1.77%,0,0,0,408,36,3,POR,MVM,BB,BB,FO,1
Geno Scaramucci,165,666,Cap Keeler,1808,425,FO,241,T1,2,1,0,0,-3.51%,3.51%,0,0,0,408,36,3,POR,MVM,FO,FO,FO,1
cocl,487,602,Lee Allen Ripley,771,300,K,302,B1,0,0,0,0,-2.73%,2.73%,0,0,0,409,36,3,MVM,POR,K,K,K,1
Apple Watch,1788,723,Lee Allen Ripley,771,301,RGO,422,B1,1,0,0,0,-2.27%,2.27%,0,0,0,409,36,3,MVM,POR,RGO,RGO,RGO,1
That's Amore,1823,302,Lee Allen Ripley,771,103,FO,199,B1,2,0,0,0,-1.79%,1.79%,0,0,0,409,36,3,MVM,POR,FO,FO,FO,1
Aych Imtiyaz,170,816,Cap Keeler,1808,999,FO,183,T2,0,0,0,0,-2.86%,2.86%,0,0,0,410,36,3,POR,MVM,FO,FO,FO,1
Rickey Tucker,163,333,Cap Keeler,1808,486,BB,153,T2,1,0,0,0,3.77%,-3.77%,0,0,0,410,36,3,POR,MVM,BB,BB,BB,1
Grigury Polinko,452,789,Cap Keeler,1808,212,DP,423,T2,1,1,0,0,-8.20%,8.20%,0,0,0,410,36,3,POR,MVM,RGO,RGO,DP,1
Hero Brine,1942,936,Lee Allen Ripley,771,487,RGO,449,B2,0,0,0,0,-2.75%,2.75%,0,0,0,411,36,3,MVM,POR,RGO,RGO,RGO,1
Kris Kringle,683,420,Lee Allen Ripley,771,276,BB,144,B2,1,0,0,0,3.67%,-3.67%,0,1,1,411,36,3,MVM,POR,BB,BB,BB,1
Dwayne Stevenson,334,896,Lee Allen Ripley,771,820,2B,76,B2,1,1,0,0,11.21%,-11.21%,0,0,0,411,36,3,MVM,POR,2B,2B,1B,1
Jeffrey Salmon,1704,300,Lee Allen Ripley,771,799,LGO,499,B2,1,6,0,0,-1.40%,1.40%,1,0,0,411,36,3,MVM,POR,LGO,LGO,LGO,1
Ryan Tyburn,517,420,Lee Allen Ripley,771,650,FO,230,B2,2,2,1,0,-4.50%,4.50%,0,0,0,411,36,3,MVM,POR,FO,FO,FO,1
Andrew Peters,337,12,Cap Keeler,1808,554,RGO,458,T3,0,0,1,0,-3.61%,3.61%,0,0,0,412,36,3,POR,MVM,RGO,RGO,LGO,1
Picov Andropov,340,554,Cap Keeler,1808,887,PO,333,T3,1,0,1,0,-3.13%,3.13%,0,0,0,412,36,3,POR,MVM,PO,PO,K,1
Coco Watanabe,204,221,Cap Keeler,1808,81,BB,140,T3,2,0,1,0,2.76%,-2.76%,0,1,1,412,36,3,POR,MVM,BB,BB,BB,1
Hannah Outlaw,178,601,Cap Keeler,1808,746,BB,145,T3,2,1,1,0,3.53%,-3.53%,0,1,1,412,36,3,POR,MVM,BB,BB,BB,1
Bobo Bones,478,8,Cap Keeler,1808,843,BB,165,T3,2,4,1,0,5.16%,-5.16%,0,1,1,412,36,3,POR,MVM,BB,BB,BB,1
Geno Scaramucci,165,666,Cap Keeler,1808,543,1B,123,T3,2,7,1,0,22.26%,-22.26%,2,1,1,412,36,3,POR,MVM,1B,1B,1B,1
Aych Imtiyaz,170,900,Cap Keeler,1808,888,HR,12,T3,2,5,1,2,24.45%,-24.45%,3,1,1,412,36,3,POR,MVM,HR,HR,HR,1
Rickey Tucker,163,333,Cap Keeler,1808,420,1B,87,T3,2,0,1,5,0.17%,-0.17%,0,0,0,412,36,3,POR,MVM,1B,1B,1B,1
Grigury Polinko,452,,Cap Keeler,1808,,Auto K,,T3,2,1,1,5,-1.12%,1.12%,0,0,0,412,36,3,POR,MVM,Auto K,Auto K,Auto K,9
Oliver Flame,1689,70,Lee Allen Ripley,771,520,RGO,450,B3,0,0,1,5,-2.63%,2.63%,0,0,0,413,36,3,MVM,POR,RGO,RGO,RGO,1
cocl,487,980,Lee Allen Ripley,771,12,3B,32,B3,1,0,1,5,5.37%,-5.37%,0,1,1,413,36,3,MVM,POR,3B,3B,2B,1
Apple Watch,1788,327,Lee Allen Ripley,771,360,3B,33,B3,1,3,1,5,7.87%,-7.87%,1,1,1,413,36,3,MVM,POR,3B,2B,2B,1
That's Amore,1823,815,Lee Allen Ripley,771,555,Sac,260,B3,1,3,2,5,0.24%,-0.24%,1,0,0,413,36,3,MVM,POR,FO,FO,Sac,1
Hero Brine,1942,677,Lee Allen Ripley,771,602,2B,75,B3,2,0,3,5,2.88%,-2.88%,0,1,1,413,36,3,MVM,POR,2B,2B,1B,1
Kris Kringle,683,607,Lee Allen Ripley,771,573,3B,34,B3,2,2,3,5,12.27%,-12.27%,1,0,0,413,36,3,MVM,POR,3B,3B,2B,1
Dwayne Stevenson,334,1,Lee Allen Ripley,771,780,FO,221,B3,2,3,4,5,-5.41%,5.41%,0,0,0,413,36,3,MVM,POR,FO,FO,FO,1
Andrew Peters,337,625,Cap Keeler,1808,327,K,298,T4,0,0,4,5,-2.65%,2.65%,0,0,0,414,36,3,POR,MVM,K,K,K,1
Picov Andropov,340,666,Cap Keeler,1808,880,K,214,T4,1,0,4,5,-2.58%,2.58%,0,0,0,414,36,3,POR,MVM,K,K,FO,1
Coco Watanabe,204,243,Cap Keeler,1808,324,1B,81,T4,2,0,4,5,1.93%,-1.93%,0,1,1,414,36,3,POR,MVM,1B,1B,1B,1
Hannah Outlaw,178,887,Cap Keeler,1808,880,HR,7,T4,2,1,4,5,21.20%,-21.20%,2,1,1,414,36,3,POR,MVM,HR,HR,HR,1
Bobo Bones,478,327,Cap Keeler,1808,535,FO,208,T4,2,0,4,7,-0.89%,0.89%,0,0,0,414,36,3,POR,MVM,FO,FO,FO,1
Jeffrey Salmon,1704,212,Lee Allen Ripley,771,115,1B,97,B4,0,0,4,7,5.50%,-5.50%,0,0,0,415,36,3,MVM,POR,1B,1B,1B,1
Ryan Tyburn,517,305,Lee Allen Ripley,771,880,DP,425,B4,0,1,4,7,-11.32%,11.32%,0,0,0,415,36,3,MVM,POR,RGO,RGO,DP,1
Oliver Flame,1689,560,Lee Allen Ripley,771,777,FO,217,B4,2,0,4,7,-1.66%,1.66%,0,0,0,415,36,3,MVM,POR,FO,FO,FO,1
Geno Scaramucci,165,166,Cap Keeler,1808,745,PO,421,T5,0,0,4,7,-0.82%,0.82%,0,0,0,416,36,3,POR,MVM,PO,PO,RGO,1
Aych Imtiyaz,170,56,Cap Keeler,1808,900,BB,156,T5,1,0,4,7,0.85%,-0.85%,0,0,0,416,36,3,POR,MVM,BB,BB,BB,1
Rickey Tucker,163,417,Cap Keeler,1808,69,PO,348,T5,1,1,4,7,-1.23%,1.23%,0,0,0,416,36,3,POR,MVM,PO,PO,K,1
Grigury Polinko,452,,Cap Keeler,1808,,Auto K,,T5,2,1,4,7,-1.56%,1.56%,0,0,0,416,36,3,POR,MVM,Auto K,Auto K,Auto K,9
cocl,487,421,Lee Allen Ripley,771,752,K,331,B5,0,0,4,7,-3.50%,3.50%,0,0,0,417,36,3,MVM,POR,K,K,K,1
Apple Watch,1788,218,Lee Allen Ripley,771,2,FO,216,B5,1,0,4,7,-2.60%,2.60%,0,0,0,417,36,3,MVM,POR,FO,FO,FO,1
That's Amore,1823,111,Lee Allen Ripley,771,412,K,301,B5,2,0,4,7,-1.28%,1.28%,0,0,0,417,36,3,MVM,POR,K,K,K,1
Andrew Peters,337,753,Cap Keeler,1808,222,LGO,469,T6,0,0,4,7,-0.44%,0.44%,0,0,0,418,36,3,POR,MVM,LGO,LGO,LGO,1
Picov Andropov,340,5,Cap Keeler,1808,683,PO,322,T6,1,0,4,7,-0.44%,0.44%,0,0,0,418,36,3,POR,MVM,PO,PO,K,1
Coco Watanabe,204,983,Cap Keeler,1808,5,2B,22,T6,2,0,4,7,0.33%,-0.33%,0,0,0,418,36,3,POR,MVM,2B,2B,HR,1
Hannah Outlaw,178,527,Cap Keeler,1808,674,BB,147,T6,2,2,4,7,0.49%,-0.49%,0,0,0,418,36,3,POR,MVM,BB,BB,BB,1
Bobo Bones,478,626,Cap Keeler,1808,878,FO,252,T6,2,4,4,7,-1.30%,1.30%,0,0,0,418,36,3,POR,MVM,FO,FO,FO,1
Hero Brine,1942,888,Lee Allen Ripley,771,620,FO,268,B6,0,0,4,7,-3.09%,3.09%,0,0,0,419,36,3,MVM,POR,FO,FO,FO,1
Kris Kringle,683,822,Lee Allen Ripley,771,300,LGO,478,B6,1,0,4,7,-2.13%,2.13%,0,0,0,419,36,3,MVM,POR,LGO,LGO,LGO,1
Dwayne Stevenson,334,904,Lee Allen Ripley,771,301,PO,397,B6,2,0,4,7,-0.73%,0.73%,0,0,0,419,36,3,MVM,POR,PO,PO,PO,1
Kris Pcock,1957,999,Jin Yang,1695,868,1B,131,T1,0,0,0,0,3.67%,-3.67%,0,0,0,420,37,4,PPP,KRB,1B,1B,1B,1
Poop McGee,596,1000,Jin Yang,1695,542,DP,458,T1,0,1,0,0,-8.71%,8.71%,0,0,0,420,37,4,PPP,KRB,RGO,RGO,DP,1
Vinny Vega,723,1,Jin Yang,1695,95,1B,94,T1,2,0,0,0,1.77%,-1.77%,0,0,0,420,37,4,PPP,KRB,1B,1B,1B,1
Nipsey Slip,529,888,Jin Yang,1695,191,PO,303,T1,2,1,0,0,-3.51%,3.51%,0,0,0,420,37,4,PPP,KRB,PO,PO,K,1
Francis X. Clampazzo,485,756,Vinny Vega,723,611,BB,145,B1,0,0,0,0,3.55%,-3.55%,0,1,1,421,37,4,KRB,PPP,BB,BB,BB,1
Jayson Kincaid,756,800,Vinny Vega,723,512,K,288,B1,0,1,0,0,-2.91%,2.91%,0,0,0,421,37,4,KRB,PPP,K,K,K,1
Homer Nocker,606,420,Vinny Vega,723,420,HR,0,B1,1,1,0,0,17.40%,-17.40%,2,1,1,421,37,4,KRB,PPP,HR,HR,HR,1
Roy Hobbs,609,429,Vinny Vega,723,820,RGO,391,B1,1,0,2,0,-1.88%,1.88%,0,0,0,421,37,4,KRB,PPP,RGO,RGO,PO,1
Christian Bevan,616,888,Vinny Vega,723,19,BB,131,B1,2,0,2,0,1.72%,-1.72%,0,0,0,421,37,4,KRB,PPP,BB,BB,1B,1
Kevin Arianna,113,12,Vinny Vega,723,333,RGO,321,B1,2,1,2,0,-2.35%,2.35%,0,0,0,421,37,4,KRB,PPP,RGO,RGO,K,1
Harry McPotterson,1703,569,Jin Yang,1695,463,1B,106,T2,0,0,2,0,4.30%,-4.30%,0,0,0,422,37,4,PPP,KRB,1B,1B,1B,1
Harry McPotterson,1703,151,Jin Yang,1695,526,CS,375,T2,0,1,2,0,-6.86%,6.86%,0,0,0,422,37,4,PPP,KRB,CS 2B,CS 2B,CS,4
Lefty Louis,166,333,Jin Yang,1695,369,2B,36,T2,1,0,2,0,4.03%,-4.03%,0,0,0,422,37,4,PPP,KRB,2B,2B,2B,1
Steven Seagal,1687,696,Jin Yang,1695,943,PO,247,T2,1,2,2,0,-2.50%,2.50%,0,0,0,422,37,4,PPP,KRB,PO,PO,FO,1
Larry Longshot,32,220,Jin Yang,1695,121,BB,99,T2,2,2,2,0,1.45%,-1.45%,0,0,0,422,37,4,PPP,KRB,BB,BB,1B,1
Juni Panda,488,12,Jin Yang,1695,457,RGO,445,T2,2,4,2,0,-7.37%,7.37%,0,0,0,422,37,4,PPP,KRB,RGO,RGO,RGO,1
Thomas Chiggins,16,99,Vinny Vega,723,211,BB,112,B2,0,0,2,0,1.92%,-1.92%,0,0,0,423,37,4,KRB,PPP,BB,BB,1B,1
Wee Laddy Donkus,582,501,Vinny Vega,723,777,FO,276,B2,0,1,2,0,-1.54%,1.54%,0,0,0,423,37,4,KRB,PPP,FO,FO,FO,1
Jin Yang,1695,666,Vinny Vega,723,981,K,315,B2,1,1,2,0,-2.84%,2.84%,0,0,0,423,37,4,KRB,PPP,K,K,K,1
Francis X. Clampazzo,485,911,Vinny Vega,723,111,FO,200,B2,2,1,2,0,-2.07%,2.07%,0,0,0,423,37,4,KRB,PPP,FO,FO,FO,1
Kris Pcock,1957,777,Jin Yang,1695,987,FO,210,T3,0,0,2,0,-3.06%,3.06%,0,0,0,424,37,4,PPP,KRB,FO,FO,FO,1
Poop McGee,596,801,Jin Yang,1695,17,K,216,T3,1,0,2,0,-2.82%,2.82%,0,0,0,424,37,4,PPP,KRB,K,K,FO,1
Vinny Vega,723,687,Jin Yang,1695,745,1B,58,T3,2,0,2,0,2.11%,-2.11%,0,0,0,424,37,4,PPP,KRB,1B,1B,2B,1
Nipsey Slip,529,150,Jin Yang,1695,434,K,284,T3,2,1,2,0,-3.88%,3.88%,0,0,0,424,37,4,PPP,KRB,K,K,FO,1
Jayson Kincaid,756,911,Vinny Vega,723,4,BB,93,B3,0,0,2,0,1.84%,-1.84%,0,0,0,425,37,4,KRB,PPP,BB,BB,1B,1
Homer Nocker,606,421,Vinny Vega,723,877,DP,456,B3,0,1,2,0,-4.68%,4.68%,0,0,0,425,37,4,KRB,PPP,LGO,LGO,DP,1
Roy Hobbs,609,621,Vinny Vega,723,209,RGO,412,B3,2,0,2,0,-1.21%,1.21%,0,0,0,425,37,4,KRB,PPP,RGO,RGO,RGO,1
Harry McPotterson,1703,69,Jin Yang,1695,681,PO,388,T4,0,0,2,0,-3.51%,3.51%,0,0,0,426,37,4,PPP,KRB,PO,PO,PO,1
Lefty Louis,166,345,Jin Yang,1695,314,2B,31,T4,1,0,2,0,6.25%,-6.25%,0,0,0,426,37,4,PPP,KRB,2B,2B,2B,1
Steven Seagal,1687,696,Jin Yang,1695,895,PO,199,T4,1,2,2,0,-5.65%,5.65%,0,0,0,426,37,4,PPP,KRB,PO,PO,FO,1
Larry Longshot,32,902,Jin Yang,1695,225,K,323,T4,2,2,2,0,-5.69%,5.69%,0,0,0,426,37,4,PPP,KRB,K,K,K,1
Christian Bevan,616,19,Steven Seagal,1687,880,FO,139,B4,0,0,2,0,-1.66%,1.66%,0,0,0,427,37,4,KRB,PPP,FO,FO,BB,1
Kevin Arianna,113,611,Steven Seagal,1687,880,PO,269,B4,1,0,2,0,-1.11%,1.11%,0,0,0,427,37,4,KRB,PPP,PO,PO,FO,1
Thomas Chiggins,16,669,Steven Seagal,1687,69,RGO,400,B4,2,0,2,0,-0.64%,0.64%,0,0,0,427,37,4,KRB,PPP,RGO,RGO,RGO,1
Sticky Mickey Mantle,2236,635,Jin Yang,1695,317,PO,318,T5,0,0,2,0,-3.62%,3.62%,0,0,0,428,37,4,PPP,KRB,PO,PO,K,1
Kris Pcock,1957,175,Jin Yang,1695,446,PO,271,T5,1,0,2,0,-3.57%,3.57%,0,0,0,428,37,4,PPP,KRB,PO,PO,FO,1
Poop McGee,596,712,Jin Yang,1695,542,FO,170,T5,2,0,2,0,-1.74%,1.74%,0,0,0,428,37,4,PPP,KRB,FO,FO,BB,1
Wee Laddy Donkus,582,70,Steven Seagal,1687,269,FO,199,B5,0,0,2,0,-0.63%,0.63%,0,0,0,429,37,4,KRB,PPP,FO,FO,FO,1
Jin Yang,1695,888,Steven Seagal,1687,880,HR,8,B5,1,0,2,0,4.30%,-4.30%,1,1,1,429,37,4,KRB,PPP,HR,HR,HR,1
Francis X. Clampazzo,485,63,Steven Seagal,1687,696,PO,367,B5,1,0,3,0,-0.27%,0.27%,0,0,0,429,37,4,KRB,PPP,PO,PO,K,1
Jayson Kincaid,756,504,Steven Seagal,1687,269,FO,235,B5,2,0,3,0,-0.47%,0.47%,0,0,0,429,37,4,KRB,PPP,FO,FO,FO,1
Vinny Vega,723,420,Jin Yang,1695,235,FO,185,T6,0,0,3,0,-2.36%,2.36%,0,0,0,430,37,4,PPP,KRB,FO,FO,FO,1
Nipsey Slip,529,888,Jin Yang,1695,878,HR,10,T6,1,0,3,0,3.07%,-3.07%,1,1,1,430,37,4,PPP,KRB,HR,HR,HR,1
Harry McPotterson,1703,502,Jin Yang,1695,972,RGO,470,T6,1,0,3,1,-3.65%,3.65%,0,0,0,430,37,4,PPP,KRB,RGO,LGO,LGO,1
Lefty Louis,166,,Jin Yang,1695,,Auto K,,T6,2,0,3,1,-1.61%,1.61%,0,0,0,430,37,4,PPP,KRB,Auto K,Auto K,Auto K,9
Leroy Hawk,1738,917,Blackbean Burrito,516,42,1B,125,T1,0,0,0,0,3.67%,-3.67%,0,0,0,431,38,4,ISO,CHI,1B,1B,1B,1
Monty Johnson,557,865,Blackbean Burrito,516,764,1B,101,T1,0,1,0,0,7.14%,-7.14%,0,0,0,431,38,4,ISO,CHI,1B,1B,1B,1
Chaz Gorbachuck,326,555,Blackbean Burrito,516,236,PO,319,T1,0,4,0,0,-5.49%,5.49%,0,0,0,431,38,4,ISO,CHI,PO,PO,K,1
Mike Oxlong,230,799,Blackbean Burrito,516,316,DP,483,T1,1,4,0,0,-12.10%,12.10%,0,0,0,431,38,4,ISO,CHI,LGO,LGO,DP,1
Blackbean Burrito,516,500,Dirk Digglet,2206,260,FO,240,B1,0,0,0,0,-2.73%,2.73%,0,0,0,432,38,4,CHI,ISO,FO,FO,FO,1
Nikki Falke,155,,Dirk Digglet,2206,,Auto K,,B1,1,0,0,0,-2.27%,2.27%,0,0,0,432,38,4,CHI,ISO,Auto K,Auto K,Auto K,9
Becky McBadbat,277,69,Dirk Digglet,2206,242,BB,173,B1,2,0,0,0,1.50%,-1.50%,0,0,0,432,38,4,CHI,ISO,BB,BB,BB,1
Katia Wölfe,54,172,Dirk Digglet,2206,742,RGO,430,B1,2,1,0,0,-3.29%,3.29%,0,0,0,432,38,4,CHI,ISO,RGO,RGO,RGO,1
Randy Townsend,648,483,Blackbean Burrito,516,348,BB,135,T2,0,0,0,0,4.19%,-4.19%,0,0,0,433,38,4,ISO,CHI,BB,BB,1B,1
Caelan Rooney,244,288,Blackbean Burrito,516,843,DP,445,T2,0,1,0,0,-9.95%,9.95%,0,0,0,433,38,4,ISO,CHI,LGO,LGO,DP,1
Sweet Bobby Dangles Jr,1748,900,Blackbean Burrito,516,843,2B,57,T2,2,0,0,0,3.82%,-3.82%,0,0,0,433,38,4,ISO,CHI,2B,2B,2B,1
Patrick Doyle,205,69,Blackbean Burrito,516,750,RGO,319,T2,2,2,0,0,-5.35%,5.35%,0,0,0,433,38,4,ISO,CHI,RGO,RGO,K,1
Johnny Hustle,513,222,Dirk Digglet,2206,242,HR,20,B2,0,0,0,0,11.99%,-11.99%,1,1,1,434,38,4,CHI,ISO,HR,HR,HR,1
Michael Ikenberry,63,222,Dirk Digglet,2206,833,PO,389,B2,0,0,1,0,-2.16%,2.16%,0,0,0,434,38,4,CHI,ISO,PO,PO,PO,1
Erin Pickles,68,535,Dirk Digglet,2206,764,FO,229,B2,1,0,1,0,-2.21%,2.21%,0,0,0,434,38,4,CHI,ISO,FO,FO,FO,1
JZ,788,17,Dirk Digglet,2206,833,BB,184,B2,2,0,1,0,1.75%,-1.75%,0,0,0,434,38,4,CHI,ISO,BB,FO,FO,1
Oxleohl Driver,1943,729,Dirk Digglet,2206,442,K,287,B2,2,1,1,0,-3.14%,3.14%,0,0,0,434,38,4,CHI,ISO,K,K,K,1
Ace Sputley,1767,514,Blackbean Burrito,516,227,K,287,T3,0,0,1,0,-3.61%,3.61%,0,0,0,435,38,4,ISO,CHI,K,K,K,1
Leroy Hawk,1738,880,Blackbean Burrito,516,602,PO,278,T3,1,0,1,0,-3.13%,3.13%,0,0,0,435,38,4,ISO,CHI,PO,PO,FO,1
Monty Johnson,557,26,Blackbean Burrito,516,786,FO,240,T3,2,0,1,0,-2.16%,2.16%,0,0,0,435,38,4,ISO,CHI,FO,FO,FO,1
Blackbean Burrito,516,250,Dirk Digglet,2206,156,1B,94,B3,0,0,1,0,2.81%,-2.81%,0,1,1,436,38,4,CHI,ISO,1B,1B,1B,1
Nikki Falke,155,453,Dirk Digglet,2206,565,1B,112,B3,0,1,1,0,5.70%,-5.70%,0,1,1,436,38,4,CHI,ISO,1B,1B,1B,1
Becky McBadbat,277,600,Dirk Digglet,2206,270,K,330,B3,0,4,1,0,-4.83%,4.83%,0,0,0,436,38,4,CHI,ISO,K,K,K,1
Katia Wölfe,54,206,Dirk Digglet,2206,201,HR,5,B3,1,4,1,0,17.02%,-17.02%,3,1,1,436,38,4,CHI,ISO,HR,HR,HR,1
Johnny Hustle,513,876,Dirk Digglet,2206,242,K,366,B3,1,0,4,0,-0.91%,0.91%,0,0,0,436,38,4,CHI,ISO,K,K,K,1
Michael Ikenberry,63,744,Dirk Digglet,2206,851,1B,107,B3,2,0,4,0,0.75%,-0.75%,0,0,0,436,38,4,CHI,ISO,1B,1B,1B,1
Erin Pickles,68,13,Dirk Digglet,2206,920,1B,93,B3,2,1,4,0,1.07%,-1.07%,0,0,0,436,38,4,CHI,ISO,1B,1B,1B,1
JZ,788,805,Dirk Digglet,2206,329,LGO,476,B3,2,5,4,0,-2.01%,2.01%,0,0,0,436,38,4,CHI,ISO,LGO,LGO,LGO,1
Chaz Gorbachuck,326,,Ducci Verducci,70,,Auto K,,T4,0,0,4,0,-1.66%,1.66%,0,0,0,437,38,4,ISO,CHI,Auto K,Auto K,Auto K,9
Mike Oxlong,230,945,Ducci Verducci,70,631,RGO,314,T4,1,0,4,0,-1.50%,1.50%,0,0,0,437,38,4,ISO,CHI,RGO,RGO,K,1
Randy Townsend,648,562,Ducci Verducci,70,174,LGO,388,T4,2,0,4,0,-0.92%,0.92%,0,0,0,437,38,4,ISO,CHI,LGO,LGO,PO,1
Oxleohl Driver,1943,229,Dirk Digglet,2206,920,K,309,B4,0,0,4,0,-0.37%,0.37%,0,0,0,438,38,4,CHI,ISO,K,K,K,1
Blackbean Burrito,516,329,Dirk Digglet,2206,670,K,341,B4,1,0,4,0,-0.68%,0.68%,0,0,0,438,38,4,CHI,ISO,K,K,K,1
Nikki Falke,155,790,Dirk Digglet,2206,361,RGO,429,B4,2,0,4,0,0.17%,-0.17%,0,0,0,438,38,4,CHI,ISO,RGO,RGO,RGO,1
Caelan Rooney,244,900,Ducci Verducci,70,353,LGO,453,T5,0,0,4,0,-1.30%,1.30%,0,0,0,439,38,4,ISO,CHI,LGO,LGO,LGO,1
Sweet Bobby Dangles Jr,1748,900,Ducci Verducci,70,409,LGO,491,T5,1,0,4,0,-1.32%,1.32%,0,0,0,439,38,4,ISO,CHI,LGO,LGO,LGO,1
Patrick Doyle,205,69,Ducci Verducci,70,40,3B,29,T5,2,0,4,0,0.77%,-0.77%,0,0,0,439,38,4,ISO,CHI,3B,HR,3B,1
Ace Sputley,1767,690,Ducci Verducci,70,278,LGO,412,T5,2,3,4,0,-1.30%,1.30%,0,0,0,439,38,4,ISO,CHI,LGO,LGO,RGO,1
Becky McBadbat,277,500,Dirk Digglet,2206,752,FO,252,B5,0,0,4,0,-0.06%,0.06%,0,0,0,440,38,4,CHI,ISO,FO,FO,FO,1
Katia Wölfe,54,730,Dirk Digglet,2206,2,K,272,B5,1,0,4,0,-0.32%,0.32%,0,0,0,440,38,4,CHI,ISO,K,K,FO,1
Johnny Hustle,513,690,Dirk Digglet,2206,71,K,381,B5,2,0,4,0,-0.18%,0.18%,0,0,0,440,38,4,CHI,ISO,K,PO,PO,1
Leroy Hawk,1738,598,Ducci Verducci,70,441,BB,157,T6,0,0,4,0,2.34%,-2.34%,0,0,0,441,38,4,ISO,CHI,BB,BB,BB,1
Monty Johnson,557,756,Ducci Verducci,70,512,K,244,T6,0,1,4,0,-2.21%,2.21%,0,0,0,441,38,4,ISO,CHI,K,K,FO,1
Chaz Gorbachuck,326,360,Ducci Verducci,70,649,PO,289,T6,1,1,4,0,-1.63%,1.63%,0,0,0,441,38,4,ISO,CHI,PO,PO,K,1
Mike Oxlong,230,,Ducci Verducci,70,,Auto K,,T6,2,1,4,0,-0.63%,0.63%,0,0,0,441,38,4,ISO,CHI,Auto K,Auto K,Auto K,9
Ray Saint Pete,1816,500,Hans Ali,197,357,BB,143,T1,0,0,0,0,3.67%,-3.67%,0,0,0,442,39,4,WSH,WWC,BB,BB,BB,1
Chody McCarty,650,157,Hans Ali,197,688,DP,469,T1,0,1,0,0,-8.71%,8.71%,0,0,0,442,39,4,WSH,WWC,LGO,LGO,DP,1
Oliver Yu,286,135,Hans Ali,197,133,HR,2,T1,2,0,0,0,11.16%,-11.16%,1,1,1,442,39,4,WSH,WWC,HR,HR,HR,1
Billy McBeans,681,894,Hans Ali,197,1,1B,107,T1,2,0,0,1,1.55%,-1.55%,0,0,0,442,39,4,WSH,WWC,1B,BB,1B,1
Joel Embiid,285,330,Hans Ali,197,670,K,340,T1,2,1,0,1,-3.20%,3.20%,0,0,0,442,39,4,WSH,WWC,K,K,K,1
Henryk Szydlowski,1720,333,Yahtzee Pinocchio,815,264,2B,69,B1,0,0,0,1,6.20%,-6.20%,0,0,0,443,39,4,WWC,WSH,2B,1B,1B,1
Roland Kholin,583,69,Yahtzee Pinocchio,815,800,K,269,B1,0,2,0,1,-4.74%,4.74%,0,0,0,443,39,4,WWC,WSH,K,K,FO,1
Paddy O'Connor,549,620,Yahtzee Pinocchio,815,801,FO,181,B1,1,2,0,1,-3.72%,3.72%,0,0,0,443,39,4,WWC,WSH,FO,FO,FO,1
Alex Peters,187,344,Jack Ryan,2215,631,K,287,B1,2,2,0,1,-5.15%,5.15%,0,0,0,443,39,4,WWC,WSH,K,K,K,1
Phil Coulson,226,811,Hans Ali,197,69,FO,258,T2,0,0,0,1,-2.62%,2.62%,0,0,0,444,39,4,WSH,WWC,FO,FO,FO,1
Jack Ryan,2215,888,Hans Ali,197,467,RGO,421,T2,1,0,0,1,-2.34%,2.34%,0,0,0,444,39,4,WSH,WWC,RGO,RGO,RGO,1
Charlie Bae Jr.,293,740,Hans Ali,197,675,2B,65,T2,2,0,0,1,3.33%,-3.33%,0,0,0,444,39,4,WSH,WWC,2B,1B,1B,1
Mitch Kramer,669,911,Hans Ali,197,145,FO,234,T2,2,2,0,1,-4.89%,4.89%,0,0,0,444,39,4,WSH,WWC,FO,FO,FO,1
J.J. Guemes,207,51,Jack Ryan,2215,17,2B,34,B2,0,0,0,1,7.94%,-7.94%,0,1,1,445,39,4,WWC,WSH,2B,2B,2B,1
Skippy Schumaker,1843,776,Jack Ryan,2215,143,PO,367,B2,0,2,0,1,-5.59%,5.59%,0,0,0,445,39,4,WWC,WSH,PO,PO,K,1
Hubert Farnsworth,1815,,Jack Ryan,2215,,Auto K,,B2,1,2,0,1,-5.07%,5.07%,0,0,0,445,39,4,WWC,WSH,Auto K,Auto K,Auto K,9
Guido Ligiorno,1830,375,Jack Ryan,2215,333,2B,42,B2,2,2,0,1,13.30%,-13.30%,1,0,0,445,39,4,WWC,WSH,2B,2B,2B,1
Jeremy Nakamoto,1787,624,Jack Ryan,2215,900,K,276,B2,2,2,1,1,-5.25%,5.25%,0,0,0,445,39,4,WWC,WSH,K,K,FO,1
Ray Saint Pete,1816,420,Hans Ali,197,690,FO,270,T3,0,0,1,1,-3.25%,3.25%,0,0,0,446,39,4,WSH,WWC,FO,K,FO,1
Chody McCarty,650,51,Hans Ali,197,222,BB,171,T3,1,0,1,1,3.77%,-3.77%,0,0,0,446,39,4,WSH,WWC,BB,FO,BB,1
Oliver Yu,286,666,Hans Ali,197,133,DP,467,T3,1,1,1,1,-8.88%,8.88%,0,0,0,446,39,4,WSH,WWC,RGO,RGO,DP,1
Henryk Szydlowski,1720,1000,Jack Ryan,2215,999,HR,1,B3,0,0,1,1,14.08%,-14.08%,1,1,1,447,39,4,WWC,WSH,HR,HR,HR,1
Roland Kholin,583,949,Jack Ryan,2215,345,PO,396,B3,0,0,2,1,-2.34%,2.34%,0,0,0,447,39,4,WWC,WSH,PO,PO,PO,1
Paddy O'Connor,549,685,Jack Ryan,2215,401,K,284,B3,1,0,2,1,-2.24%,2.24%,0,0,0,447,39,4,WWC,WSH,K,K,FO,1
Alex Peters,187,601,Jack Ryan,2215,758,BB,157,B3,2,0,2,1,1.66%,-1.66%,0,0,0,447,39,4,WWC,WSH,BB,FO,BB,1
J.J. Guemes,207,601,Jack Ryan,2215,901,PO,300,B3,2,1,2,1,-3.10%,3.10%,0,0,0,447,39,4,WWC,WSH,PO,PO,K,1
Billy McBeans,681,50,Hans Ali,197,166,BB,116,T4,0,0,2,1,6.05%,-6.05%,0,0,0,448,39,4,WSH,WWC,BB,BB,1B,1
Joel Embiid,285,800,Hans Ali,197,15,FO,215,T4,0,1,2,1,-4.90%,4.90%,0,0,0,448,39,4,WSH,WWC,FO,FO,FO,1
Phil Coulson,226,998,Hans Ali,197,555,DP,443,T4,1,1,2,1,-11.61%,11.61%,0,0,0,448,39,4,WSH,WWC,LGO,LGO,DP,1
Skippy Schumaker,1843,663,Jack Ryan,2215,725,1B,62,B4,0,0,2,1,2.90%,-2.90%,0,0,0,449,39,4,WWC,WSH,1B,1B,2B,1
Hubert Farnsworth,1815,345,Jack Ryan,2215,890,DP,455,B4,0,1,2,1,-7.07%,7.07%,0,0,0,449,39,4,WWC,WSH,RGO,RGO,DP,1
Guido Ligiorno,1830,345,Jack Ryan,2215,390,2B,45,B4,2,0,2,1,2.72%,-2.72%,0,0,0,449,39,4,WWC,WSH,2B,2B,2B,1
Jeremy Nakamoto,1787,725,Jack Ryan,2215,345,PO,380,B4,2,2,2,1,-4.28%,4.28%,0,0,0,449,39,4,WWC,WSH,PO,PO,PO,1
Jack Ryan,2215,777,Hans Ali,197,250,LGO,473,T5,0,0,2,1,-5.29%,5.29%,0,0,0,450,39,4,WSH,WWC,LGO,LGO,LGO,1
Charlie Bae Jr.,293,667,Hans Ali,197,155,LGO,488,T5,1,0,2,1,-5.21%,5.21%,0,0,0,450,39,4,WSH,WWC,LGO,LGO,LGO,1
Mitch Kramer,669,613,Hans Ali,197,600,3B,13,T5,2,0,2,1,6.12%,-6.12%,0,0,0,450,39,4,WSH,WWC,3B,3B,HR,1
Ray Saint Pete,1816,1000,Hans Ali,197,455,LGO,455,T5,2,3,2,1,-9.51%,9.51%,0,0,0,450,39,4,WSH,WWC,LGO,LGO,LGO,1
Henryk Szydlowski,1720,666,Jack Ryan,2215,811,BB,145,B5,0,0,2,1,1.63%,-1.63%,0,0,0,451,39,4,WWC,WSH,BB,BB,BB,1
Ferret McGivins,1706,600,Jack Ryan,2215,911,PO,311,B5,0,1,2,1,-1.88%,1.88%,0,0,0,451,39,4,WWC,WSH,PO,PO,K,1
Paddy O'Connor,549,490,Jack Ryan,2215,599,1B,109,B5,1,1,2,1,3.03%,-3.03%,0,0,0,451,39,4,WWC,WSH,1B,1B,1B,1
Alex Peters,187,330,Jack Ryan,2215,559,FO,229,B5,1,4,2,1,-3.11%,3.11%,0,0,0,451,39,4,WWC,WSH,FO,FO,FO,1
J.J. Guemes,207,311,Jack Ryan,2215,549,FO,238,B5,2,4,2,1,-4.31%,4.31%,0,0,0,451,39,4,WWC,WSH,FO,K,FO,1
Chody McCarty,650,738,Hans Ali,197,301,RGO,437,T6,0,0,2,1,-7.81%,7.81%,0,0,0,452,39,4,WSH,WWC,RGO,RGO,RGO,1
Oliver Yu,286,133,Hans Ali,197,111,3B,22,T6,1,0,2,1,25.73%,-25.73%,0,1,1,452,39,4,WSH,WWC,3B,HR,HR,1
Billy McBeans,681,800,Guido Ligiorno,1830,37,Sac,237,T6,1,3,2,1,0.34%,-0.34%,1,0,0,452,39,4,WSH,WWC,FO,K,Sac,1
Joel Embiid,285,249,Guido Ligiorno,1830,472,FO,223,T6,2,0,2,2,-4.84%,4.84%,0,0,0,452,39,4,WSH,WWC,FO,K,FO,1
Skippy Schumaker,1843,192,Angel Leon,234,102,1B,90,B6,0,0,2,2,5.96%,-5.96%,0,1,1,453,39,4,WWC,WSH,1B,1B,1B,1
Hubert Farnsworth,1815,107,Angel Leon,234,980,BB,127,B6,0,1,2,2,15.89%,-15.89%,0,0,0,453,39,4,WWC,WSH,BB,BB,1B,1
Guido Ligiorno,1830,269,Angel Leon,234,200,1B,69,B6,0,4,2,2,9.22%,-9.22%,0,0,0,453,39,4,WWC,WSH,1B,1B,1B,1
Jeremy Nakamoto,1787,780,Angel Leon,234,500,K,280,B6,0,7,2,2,-5.50%,5.50%,0,0,0,453,39,4,WWC,WSH,K,K,Sac,1
Henryk Szydlowski,1720,666,Angel Leon,234,499,BB,167,B6,1,7,2,2,7.41%,-7.41%,1,0,0,453,39,4,WWC,WSH,BB,BB,BB,1
Rotticus Scott,562,477,Donnie Draper,138,831,K,354,T1,0,0,0,0,-2.52%,2.52%,0,0,0,454,40,4,GBC,TSA,K,K,K,1
Matt Conzo,727,720,Donnie Draper,138,50,K,330,T1,1,0,0,0,-2.52%,2.52%,0,0,0,454,40,4,GBC,TSA,K,K,K,1
Demetrios Ooga,180,69,Donnie Draper,138,1000,1B,69,T1,2,0,0,0,1.77%,-1.77%,0,0,0,454,40,4,GBC,TSA,1B,1B,1B,1
Demetrios Ooga,180,569,Donnie Draper,138,1000,CS,431,T1,2,1,0,0,-3.51%,3.51%,0,0,0,454,40,4,GBC,TSA,CS 2B,CS 2B,CS,4
Dogwood Maple,2220,501,BEST Nova,191,26,LGO,475,B1,0,0,0,0,-2.73%,2.73%,0,0,0,455,40,4,TSA,GBC,LGO,LGO,LGO,1
Donnie Draper,138,333,BEST Nova,191,578,FO,245,B1,1,0,0,0,-2.27%,2.27%,0,0,0,455,40,4,TSA,GBC,FO,K,FO,1
Fernando Cruz,176,287,BEST Nova,191,333,HR,46,B1,2,0,0,0,11.54%,-11.54%,1,1,1,455,40,4,TSA,GBC,HR,2B,2B,1
Nicholas Fouss,1776,911,BEST Nova,191,881,3B,30,B1,2,0,1,0,2.48%,-2.48%,0,1,1,455,40,4,TSA,GBC,3B,3B,2B,1
Lloyd Gross,135,420,BEST Nova,191,501,1B,81,B1,2,3,1,0,8.86%,-8.86%,1,0,0,455,40,4,TSA,GBC,1B,1B,1B,1
Zander Ackley,127,501,BEST Nova,191,867,K,366,B1,2,1,2,0,-2.35%,2.35%,0,0,0,455,40,4,TSA,GBC,K,K,K,1
Dirtbag Darrell,262,369,Donnie Draper,138,142,FO,227,T2,0,0,2,0,-2.56%,2.56%,0,0,0,456,40,4,GBC,TSA,FO,FO,FO,1
Bench Warmer,665,400,Donnie Draper,138,642,K,242,T2,1,0,2,0,-2.26%,2.26%,0,0,0,456,40,4,GBC,TSA,K,K,FO,1
Beeg Yoshi,1718,575,Donnie Draper,138,142,RGO,433,T2,2,0,2,0,-2.13%,2.13%,0,0,0,456,40,4,GBC,TSA,RGO,RGO,RGO,1
Batter Buckland,137,88,BEST Nova,191,711,K,377,B2,0,0,2,0,-2.40%,2.40%,0,0,0,457,40,4,TSA,GBC,K,K,K,1
Davoin Shower-Handel,1949,222,BEST Nova,191,666,RGO,444,B2,1,0,2,0,-1.24%,1.24%,0,0,0,457,40,4,TSA,GBC,RGO,RGO,RGO,1
Hayden McCloud,129,70,BEST Nova,191,88,HR,18,B2,2,0,2,0,8.64%,-8.64%,1,1,1,457,40,4,TSA,GBC,HR,HR,HR,1
Dogwood Maple,2220,1,BEST Nova,191,180,FO,179,B2,2,0,3,0,-0.91%,0.91%,0,0,0,457,40,4,TSA,GBC,FO,FO,FO,1
Whitt Bass,39,642,Donnie Draper,138,142,LGO,500,T3,0,0,3,0,-2.36%,2.36%,0,0,0,458,40,4,GBC,TSA,LGO,LGO,LGO,1
Joe Watson,194,950,Donnie Draper,138,742,FO,208,T3,1,0,3,0,-2.17%,2.17%,0,0,0,458,40,4,GBC,TSA,FO,FO,FO,1
Javier Tootblan,192,479,Donnie Draper,138,399,1B,80,T3,2,0,3,0,2.15%,-2.15%,0,0,0,458,40,4,GBC,TSA,1B,BB,1B,1
Javier Tootblan,192,199,Donnie Draper,138,512,SB,313,T3,2,1,3,0,0.15%,-0.15%,0,0,0,458,40,4,GBC,TSA,Steal 2B,Steal 2B,SB,4
Rotticus Scott,562,533,Donnie Draper,138,275,K,258,T3,2,2,3,0,-3.55%,3.55%,0,0,0,458,40,4,GBC,TSA,K,K,FO,1
Donnie Draper,138,567,BEST Nova,191,888,K,321,B3,0,0,3,0,-0.85%,0.85%,0,0,0,459,40,4,TSA,GBC,K,K,K,1
Fernando Cruz,176,558,BEST Nova,191,588,HR,30,B3,1,0,3,0,4.83%,-4.83%,1,1,1,459,40,4,TSA,GBC,HR,HR,2B,1
Nicholas Fouss,1776,888,BEST Nova,191,678,FO,210,B3,1,0,4,0,-0.91%,0.91%,0,0,0,459,40,4,TSA,GBC,FO,FO,FO,1
Lloyd Gross,135,352,BEST Nova,191,987,K,365,B3,2,0,4,0,-0.19%,0.19%,0,0,0,459,40,4,TSA,GBC,K,PO,K,1
Matt Conzo,727,688,Donnie Draper,138,389,K,299,T4,0,0,4,0,-1.66%,1.66%,0,0,0,460,40,4,GBC,TSA,K,K,K,1
Demetrios Ooga,180,814,Donnie Draper,138,204,K,390,T4,1,0,4,0,-1.50%,1.50%,0,0,0,460,40,4,GBC,TSA,K,K,PO,1
Dirtbag Darrell,262,769,Donnie Draper,138,389,K,380,T4,2,0,4,0,-0.92%,0.92%,0,0,0,460,40,4,GBC,TSA,K,K,PO,1
Zander Ackley,127,1,BEST Nova,191,622,K,379,B4,0,0,4,0,-0.37%,0.37%,0,0,0,461,40,4,TSA,GBC,K,K,PO,1
Batter Buckland,137,444,BEST Nova,191,688,FO,244,B4,1,0,4,0,-0.68%,0.68%,0,0,0,461,40,4,TSA,GBC,FO,K,FO,1
Davoin Shower-Handel,1949,999,BEST Nova,191,788,FO,211,B4,2,0,4,0,0.17%,-0.17%,0,0,0,461,40,4,TSA,GBC,FO,FO,FO,1
Bench Warmer,665,570,Donnie Draper,138,526,3B,44,T5,0,0,4,0,4.79%,-4.79%,0,1,1,462,40,4,GBC,TSA,3B,2B,2B,1
Beeg Yoshi,1718,666,Donnie Draper,138,961,K,295,T5,0,3,4,0,-1.67%,1.67%,0,0,0,462,40,4,GBC,TSA,K,K,K,1
Whitt Bass,39,526,Donnie Draper,138,142,PO,384,T5,1,3,4,0,-4.97%,4.97%,0,0,0,462,40,4,GBC,TSA,PO,PO,PO,1
Joe Watson,194,420,Donnie Draper,138,446,HR,26,T5,2,3,4,0,6.35%,-6.35%,2,1,1,462,40,4,GBC,TSA,HR,HR,3B,1
Javier Tootblan,192,258,Donnie Draper,138,306,2B,48,T5,2,0,4,2,3.96%,-3.96%,0,0,0,462,40,4,GBC,TSA,2B,2B,2B,1
Rotticus Scott,562,744,Donnie Draper,138,306,RGO,438,T5,2,2,4,2,-5.70%,5.70%,0,0,0,462,40,4,GBC,TSA,RGO,RGO,RGO,1
Hayden McCloud,129,633,BEST Nova,191,234,PO,399,B5,0,0,4,2,-0.63%,0.63%,0,0,0,463,40,4,TSA,GBC,PO,PO,PO,1
Dogwood Maple,2220,115,BEST Nova,191,19,1B,96,B5,1,0,4,2,1.11%,-1.11%,0,0,0,463,40,4,TSA,GBC,1B,1B,1B,1
Donnie Draper,138,739,Joe Watson,194,69,K,330,B5,1,1,4,2,-1.42%,1.42%,0,0,0,463,40,4,TSA,GBC,K,PO,K,1
Dogwood Maple,2220,420,Joe Watson,194,222,SB,198,B5,2,1,4,2,0.58%,-0.58%,0,0,0,463,40,4,TSA,GBC,Steal 2B,Steal 2B,SB,4
Fernando Cruz,176,501,Joe Watson,194,910,RGO,409,B5,2,2,4,2,-1.60%,1.60%,0,0,0,463,40,4,TSA,GBC,RGO,RGO,RGO,1
Matt Conzo,727,504,Donnie Draper,138,142,K,362,T6,0,0,4,2,-4.18%,4.18%,0,0,0,464,40,4,GBC,TSA,K,K,K,1
Demetrios Ooga,180,550,Donnie Draper,138,142,PO,408,T6,1,0,4,2,-3.65%,3.65%,0,0,0,464,40,4,GBC,TSA,PO,PO,RGO,1
Dirtbag Darrell,262,142,Donnie Draper,138,142,HR,0,T6,2,0,4,2,3.39%,-3.39%,1,1,1,464,40,4,GBC,TSA,HR,HR,HR,1
Bench Warmer,665,12,Donnie Draper,138,786,K,226,T6,2,0,4,3,-5.00%,5.00%,0,0,0,464,40,4,GBC,TSA,K,K,FO,1
Jose Canyousico,36,458,Saitoo Syde,814,808,PO,350,T1,0,0,0,0,-2.52%,2.52%,0,0,0,465,41,4,YUM,SPR,PO,PO,K,1
C.J. Yantzi,323,39,Saitoo Syde,814,943,1B,96,T1,1,0,0,0,3.21%,-3.21%,0,1,1,465,41,4,YUM,SPR,1B,1B,1B,1
Thaddeus Gomorrah,41,699,Saitoo Syde,814,571,BB,128,T1,1,1,0,0,4.63%,-4.63%,0,1,1,465,41,4,YUM,SPR,BB,BB,1B,1
Zelk Antilles,490,888,Saitoo Syde,814,163,K,275,T1,1,4,0,0,-5.58%,5.58%,0,0,0,465,41,4,YUM,SPR,K,PO,FO,1
Willow Briansdottir,48,462,Saitoo Syde,814,399,2B,63,T1,2,4,0,0,18.71%,-18.71%,2,0,0,465,41,4,YUM,SPR,2B,1B,2B,1
Rabbi Chase,411,745,Saitoo Syde,814,112,PO,367,T1,2,2,0,2,-3.32%,3.32%,0,0,0,465,41,4,YUM,SPR,PO,PO,K,1
Tanner Hendrix,375,,Big Nutty,196,,Auto K,,B1,0,0,0,2,-2.78%,2.78%,0,0,0,466,41,4,SPR,YUM,Auto K,Auto K,Auto K,9
Don Chalupa,481,718,Big Nutty,196,240,LGO,478,B1,1,0,0,2,-2.64%,2.64%,0,0,0,466,41,4,SPR,YUM,LGO,LGO,LGO,1
Che Or,1759,505,Big Nutty,196,982,LGO,477,B1,2,0,0,2,-1.53%,1.53%,0,0,0,466,41,4,SPR,YUM,LGO,LGO,LGO,1
Paxton Paige,1952,766,Saitoo Syde,814,661,1B,105,T2,0,0,0,2,2.42%,-2.42%,0,1,1,467,41,4,YUM,SPR,1B,1B,1B,1
Takahiro Hirasawa,419,972,Saitoo Syde,814,801,BB,171,T2,0,1,0,2,4.52%,-4.52%,0,1,1,467,41,4,YUM,SPR,BB,FO,BB,1
Nikolas Romero,157,123,Saitoo Syde,814,202,1B,79,T2,0,4,0,2,5.42%,-5.42%,0,1,1,467,41,4,YUM,SPR,1B,1B,1B,1
Jose Canyousico,36,5,Saitoo Syde,814,202,Sac,197,T2,0,7,0,2,-0.84%,0.84%,1,0,0,467,41,4,YUM,SPR,FO,FO,Sac,1
C.J. Yantzi,323,974,Saitoo Syde,814,799,FO,175,T2,1,4,0,3,-3.90%,3.90%,0,0,0,467,41,4,YUM,SPR,FO,FO,BB,1
Thaddeus Gomorrah,41,577,Saitoo Syde,814,601,3B,24,T2,2,4,0,3,9.10%,-9.10%,2,1,1,467,41,4,YUM,SPR,3B,3B,HR,1
Zelk Antilles,490,209,Saitoo Syde,814,121,1B,88,T2,2,3,0,5,4.70%,-4.70%,1,0,0,467,41,4,YUM,SPR,1B,1B,1B,1
Willow Briansdottir,48,677,Saitoo Syde,814,23,PO,346,T2,2,1,0,6,-0.05%,0.05%,0,0,0,467,41,4,YUM,SPR,PO,PO,K,1
Skye McDowell,264,666,Big Nutty,196,477,FO,189,B2,0,0,0,6,-1.43%,1.43%,0,0,0,468,41,4,SPR,YUM,FO,FO,FO,1
JT Longbottoms,1803,999,Big Nutty,196,537,RGO,462,B2,1,0,0,6,-0.83%,0.83%,0,0,0,468,41,4,SPR,YUM,RGO,LGO,LGO,1
Oliver Skipp,260,893,Big Nutty,196,600,PO,293,B2,2,0,0,6,-0.57%,0.57%,0,0,0,468,41,4,SPR,YUM,PO,PO,K,1
Rabbi Chase,411,1,Tommy Tightpants,1778,327,K,326,T3,0,0,0,6,-0.47%,0.47%,0,0,0,469,41,4,YUM,SPR,K,K,K,1
Paxton Paige,1952,123,Tommy Tightpants,1778,327,FO,204,T3,1,0,0,6,-0.51%,0.51%,0,0,0,469,41,4,YUM,SPR,FO,FO,FO,1
Takahiro Hirasawa,419,89,Tommy Tightpants,1778,1,1B,88,T3,2,0,0,6,0.66%,-0.66%,0,0,0,469,41,4,YUM,SPR,1B,1B,1B,1
Nikolas Romero,157,589,Tommy Tightpants,1778,327,K,262,T3,2,1,0,6,-1.12%,1.12%,0,0,0,469,41,4,YUM,SPR,K,K,FO,1
Steven Wilson,1694,195,Big Nutty,196,240,2B,45,B3,0,0,0,6,2.54%,-2.54%,0,0,0,470,41,4,SPR,YUM,2B,2B,2B,1
Tommy Tightpants,1778,740,Big Nutty,196,86,PO,346,B3,0,2,0,6,-2.02%,2.02%,0,0,0,470,41,4,SPR,YUM,PO,PO,K,1
Ray Dingerz,510,638,Big Nutty,196,740,1B,102,B3,1,2,0,6,2.76%,-2.76%,0,0,0,470,41,4,SPR,YUM,1B,1B,1B,1
Tanner Hendrix,375,622,Big Nutty,196,193,PO,429,B3,1,5,0,6,-3.51%,3.51%,0,0,0,470,41,4,SPR,YUM,PO,RGO,DP,1
Don Chalupa,481,718,Big Nutty,196,500,FO,218,B3,2,5,0,6,-2.15%,2.15%,0,0,0,470,41,4,SPR,YUM,FO,FO,FO,1
Jose Canyousico,36,511,Tommy Tightpants,1778,999,LGO,488,T4,0,0,0,6,0.05%,-0.05%,0,0,0,471,41,4,YUM,SPR,LGO,LGO,LGO,1
C.J. Yantzi,323,667,Tommy Tightpants,1778,500,BB,167,T4,1,0,0,6,0.25%,-0.25%,0,0,0,471,41,4,YUM,SPR,BB,FO,BB,1
Thaddeus Gomorrah,41,395,Tommy Tightpants,1778,667,K,272,T4,1,1,0,6,-0.24%,0.24%,0,0,0,471,41,4,YUM,SPR,K,K,FO,1
Zelk Antilles,490,196,Tommy Tightpants,1778,327,1B,131,T4,2,1,0,6,0.20%,-0.20%,0,0,0,471,41,4,YUM,SPR,1B,BB,1B,1
Willow Briansdottir,48,744,Tommy Tightpants,1778,420,K,324,T4,2,5,0,6,-0.65%,0.65%,0,0,0,471,41,4,YUM,SPR,K,K,K,1
Che Or,1759,440,Big Nutty,196,789,PO,349,B4,0,0,0,6,-0.78%,0.78%,0,0,0,472,41,4,SPR,YUM,PO,PO,K,1
Skye McDowell,264,666,Tristan Leung,1692,212,RGO,454,B4,1,0,0,6,-0.78%,0.78%,0,0,0,472,41,4,SPR,YUM,RGO,RGO,LGO,1
JT Longbottoms,1803,680,Tristan Leung,1692,3,K,323,B4,2,0,0,6,-0.23%,0.23%,0,0,0,472,41,4,SPR,YUM,K,K,K,1
Rabbi Chase,411,123,Tommy Tightpants,1778,1,BB,122,T5,0,0,0,6,0.14%,-0.14%,0,1,1,473,41,4,YUM,SPR,BB,BB,1B,1
Paxton Paige,1952,882,Tommy Tightpants,1778,1,BB,119,T5,0,1,0,6,0.32%,-0.32%,0,1,1,473,41,4,YUM,SPR,BB,BB,1B,1
Takahiro Hirasawa,419,23,Tommy Tightpants,1778,800,FO,223,T5,0,4,0,6,-0.26%,0.26%,0,0,0,473,41,4,YUM,SPR,FO,FO,FO,1
Nikolas Romero,157,228,Tommy Tightpants,1778,420,FO,192,T5,1,4,0,6,0.00%,0.00%,0,0,0,473,41,4,YUM,SPR,FO,FO,FO,1
Jose Canyousico,36,625,Tommy Tightpants,1778,666,2B,41,T5,2,4,0,6,0.01%,-0.01%,2,1,1,473,41,4,YUM,SPR,2B,2B,2B,1
C.J. Yantzi,323,32,Tommy Tightpants,1778,37,HR,5,T5,2,2,0,8,-0.47%,0.47%,2,1,1,473,41,4,YUM,SPR,HR,HR,HR,1
Thaddeus Gomorrah,41,99,Tommy Tightpants,1778,66,2B,33,T5,2,0,0,10,0.47%,-0.47%,0,0,0,473,41,4,YUM,SPR,2B,2B,2B,1
Zelk Antilles,490,554,Tommy Tightpants,1778,99,RGO,455,T5,2,2,0,10,-0.56%,0.56%,0,0,0,473,41,4,YUM,SPR,RGO,RGO,LGO,1
Oliver Skipp,260,341,Tristan Leung,1692,941,K,400,B5,0,0,0,10,-0.77%,0.77%,0,0,0,474,41,4,SPR,YUM,K,PO,RGO,1
Steven Wilson,1694,385,Tristan Leung,1692,941,RGO,444,B5,1,0,0,10,-0.44%,0.44%,0,0,0,474,41,4,SPR,YUM,RGO,RGO,RGO,1
Tommy Tightpants,1778,327,Tristan Leung,1692,941,K,386,B5,2,0,0,10,-0.15%,0.15%,0,0,0,474,41,4,SPR,YUM,K,K,PO,1
Willow Briansdottir,48,501,Tommy Tightpants,1778,350,BB,151,T6,0,0,0,10,-0.02%,0.02%,0,1,1,475,41,4,YUM,SPR,BB,BB,BB,1
Rabbi Chase,411,300,Tommy Tightpants,1778,350,2B,50,T6,0,1,0,10,0.16%,-0.16%,0,0,0,475,41,4,YUM,SPR,2B,2B,2B,1
Paxton Paige,1952,890,Tommy Tightpants,1778,101,Sac,211,T6,0,6,0,10,-0.12%,0.12%,1,0,0,475,41,4,YUM,SPR,FO,FO,Sac,1
Takahiro Hirasawa,419,555,Tommy Tightpants,1778,98,RGO,457,T6,1,2,0,11,-0.01%,0.01%,0,0,0,475,41,4,YUM,SPR,RGO,RGO,LGO,1
Nikolas Romero,157,,Tommy Tightpants,1778,,Auto K,,T6,2,3,0,11,-0.16%,0.16%,0,0,0,475,41,4,YUM,SPR,Auto K,Auto K,Auto K,9
Ray Dingerz,510,69,Tristan Leung,1692,144,1B,75,B6,0,0,0,11,0.73%,-0.73%,0,0,0,476,41,4,SPR,YUM,1B,1B,1B,1
Tanner Hendrix,375,283,Tristan Leung,1692,733,DP,450,B6,0,1,0,11,-1.29%,1.29%,0,0,0,476,41,4,SPR,YUM,RGO,RGO,DP,1
Don Chalupa,481,718,Tristan Leung,1692,941,FO,223,B6,2,0,0,11,-0.03%,0.03%,0,0,0,476,41,4,SPR,YUM,FO,FO,FO,1
Kyle Corbett,707,348,Revan Skywalker,479,99,FO,249,T1,0,0,0,0,-2.52%,2.52%,0,0,0,477,42,4,RKT,GTY,FO,FO,FO,1
Nick Dudley,689,880,Revan Skywalker,479,51,FO,171,T1,1,0,0,0,-2.52%,2.52%,0,0,0,477,42,4,RKT,GTY,FO,FO,BB,1
J.J. Romero,629,335,Revan Skywalker,479,777,LGO,442,T1,2,0,0,0,-1.74%,1.74%,0,0,0,477,42,4,RKT,GTY,LGO,LGO,RGO,1
Abraham Lincoln,477,57,Nick Willis Jr.,1841,159,BB,102,B1,0,0,0,0,3.55%,-3.55%,0,0,1,478,42,4,GTY,RKT,BB,BB,1B,1
Abraham Lincoln,477,200,Nick Willis Jr.,1841,103,SB,97,B1,0,1,0,0,3.21%,-3.21%,0,1,0,478,42,4,GTY,RKT,Steal 2B,Steal 2B,SB,4
Lincoln Lincoln,661,611,Nick Willis Jr.,1841,546,1B,65,B1,0,2,0,0,7.18%,-7.18%,0,0,1,478,42,4,GTY,RKT,1B,1B,1B,1
Lincoln Lincoln,661,500,Nick Willis Jr.,1841,327,SB,173,B1,0,5,0,0,2.75%,-2.75%,0,1,0,478,42,4,GTY,RKT,Steal 2B,Steal 2B,SB,5
Babraham Thincoln,1817,868,Nick Willis Jr.,1841,823,2B,45,B1,0,6,0,0,7.09%,-7.09%,2,0,0,478,42,4,GTY,RKT,2B,2B,2B,1
Jonny Mac,1698,823,Nick Willis Jr.,1841,511,K,312,B1,0,2,2,0,-3.46%,3.46%,0,0,0,478,42,4,GTY,RKT,K,K,K,1
Joe Whomper,1755,525,Nick Willis Jr.,1841,983,LGO,458,B1,1,2,2,0,-2.07%,2.07%,0,0,0,478,42,4,GTY,RKT,LGO,LGO,LGO,1
Slappy McBatty,1737,406,Nick Willis Jr.,1841,588,FO,182,B1,2,2,2,0,-2.72%,2.72%,0,0,0,478,42,4,GTY,RKT,FO,FO,FO,1
Cali Guerensk,1729,200,Revan Skywalker,479,900,PO,300,T2,0,0,2,0,-2.56%,2.56%,0,0,0,479,42,4,RKT,GTY,PO,PO,K,1
Corey Scooter,1717,346,Revan Skywalker,479,493,FO,147,T2,1,0,2,0,-2.26%,2.26%,0,0,0,479,42,4,RKT,GTY,FO,FO,BB,1
Tonto Kowalski,188,911,Revan Skywalker,479,646,FO,265,T2,2,0,2,0,-2.13%,2.13%,0,0,0,479,42,4,RKT,GTY,FO,FO,FO,1
Magnus Dongfest,579,204,Nick Willis Jr.,1841,467,FO,263,B2,0,0,2,0,-2.40%,2.40%,0,0,0,480,42,4,GTY,RKT,FO,FO,FO,1
Matt Himynamis,361,69,Nick Willis Jr.,1841,222,BB,153,B2,1,0,2,0,2.78%,-2.78%,0,0,0,480,42,4,GTY,RKT,BB,BB,BB,1
Matt Himynamis,361,599,Nick Willis Jr.,1841,289,CS,310,B2,1,1,2,0,-4.02%,4.02%,0,0,0,480,42,4,GTY,RKT,CS 2B,CS 2B,CS,4
Sarah Curvingsworth,1705,,Nick Willis Jr.,1841,,IBB,,B2,2,0,2,0,1.18%,-1.18%,0,0,0,480,42,4,GTY,RKT,IBB,IBB,IBB,8
Abraham Lincoln,477,449,Nick Willis Jr.,1841,823,K,374,B2,2,1,2,0,-2.07%,2.07%,0,0,0,480,42,4,GTY,RKT,K,K,K,1
DeVon Pepper,1701,123,Revan Skywalker,479,523,RGO,400,T3,0,0,2,0,-3.06%,3.06%,0,0,0,481,42,4,RKT,GTY,RGO,RGO,RGO,1
Peter Peckershine,389,177,Revan Skywalker,479,233,1B,56,T3,1,0,2,0,4.10%,-4.10%,0,1,1,481,42,4,RKT,GTY,1B,2B,2B,1
Joe Nastasi,614,814,Revan Skywalker,479,801,HR,13,T3,1,1,2,0,20.47%,-20.47%,2,1,1,481,42,4,RKT,GTY,HR,HR,HR,1
Kyle Corbett,707,605,Revan Skywalker,479,899,K,294,T3,1,0,2,2,-3.05%,3.05%,0,0,0,481,42,4,RKT,GTY,K,K,K,1
Nick Dudley,689,820,Revan Skywalker,479,632,FO,188,T3,2,0,2,2,-2.06%,2.06%,0,0,0,481,42,4,RKT,GTY,FO,FO,FO,1
Lincoln Lincoln,661,521,Nick Willis Jr.,1841,303,FO,218,B3,0,0,2,2,-3.32%,3.32%,0,0,0,482,42,4,GTY,RKT,FO,FO,FO,1
Babraham Thincoln,1817,572,Nick Willis Jr.,1841,737,FO,165,B3,1,0,2,2,-2.80%,2.80%,0,0,0,482,42,4,GTY,RKT,FO,FO,BB,1
Jonny Mac,1698,750,Nick Willis Jr.,1841,427,K,323,B3,2,0,2,2,-2.32%,2.32%,0,0,0,482,42,4,GTY,RKT,K,K,K,1
J.J. Romero,629,47,Revan Skywalker,479,68,3B,21,T4,0,0,2,2,16.84%,-16.84%,0,1,1,483,42,4,RKT,GTY,3B,3B,HR,1
Cali Guerensk,1729,69,Revan Skywalker,479,99,3B,30,T4,0,3,2,2,11.76%,-11.76%,1,1,1,483,42,4,RKT,GTY,3B,3B,2B,1
Corey Scooter,1717,723,Revan Skywalker,479,552,Sac,171,T4,0,3,2,3,-2.06%,2.06%,1,0,0,483,42,4,RKT,GTY,FO,FO,BB,1
Tonto Kowalski,188,945,Revan Skywalker,479,967,3B,22,T4,1,0,2,4,5.88%,-5.88%,0,1,1,483,42,4,RKT,GTY,3B,3B,HR,1
DeVon Pepper,1701,,Revan Skywalker,479,,IBB,,T4,1,3,2,4,1.84%,-1.84%,0,0,0,483,42,4,RKT,GTY,IBB,IBB,IBB,8
Peter Peckershine,389,342,Petetholomew Preller,216,133,Sac,209,T4,1,5,2,4,1.11%,-1.11%,1,0,0,483,42,4,RKT,GTY,FO,FO,Sac,1
Joe Nastasi,614,421,Petetholomew Preller,216,133,K,288,T4,2,1,2,5,-2.10%,2.10%,0,0,0,483,42,4,RKT,GTY,K,K,K,1
Joe Whomper,1755,250,Nick Willis Jr.,1841,187,2B,63,B4,0,0,2,5,6.91%,-6.91%,0,0,0,484,42,4,GTY,RKT,2B,2B,2B,1
Slappy McBatty,1737,837,Nick Willis Jr.,1841,738,1B,99,B4,0,2,2,5,9.95%,-9.95%,0,0,0,484,42,4,GTY,RKT,1B,1B,1B,1
Magnus Dongfest,579,517,Nick Willis Jr.,1841,177,K,340,B4,0,5,2,5,-5.43%,5.43%,0,0,0,484,42,4,GTY,RKT,K,K,K,1
Brian Taylor,1838,880,Nick Willis Jr.,1841,420,DP,460,B4,1,5,2,5,-18.91%,18.91%,0,0,0,484,42,4,GTY,RKT,RGO,RGO,DP,1
Kyle Corbett,707,,Petetholomew Preller,216,,IBB,,T5,0,0,2,5,1.20%,-1.20%,0,0,0,485,42,4,RKT,GTY,IBB,IBB,IBB,8
Kyle Corbett,707,880,Petetholomew Preller,216,69,SB,189,T5,0,1,2,5,1.34%,-1.34%,0,0,0,485,42,4,RKT,GTY,Steal 2B,Steal 2B,SB,4
Nick Dudley,689,200,Petetholomew Preller,216,555,Bunt Sac,355,T5,0,2,2,5,0.07%,-0.07%,0,0,0,485,42,4,RKT,GTY,Bunt Sac,Bunt Sac,Bunt Sac,3
J.J. Romero,629,,Petetholomew Preller,216,,IBB,,T5,1,3,2,5,0.56%,-0.56%,0,0,0,485,42,4,RKT,GTY,IBB,IBB,IBB,8
Kyle Corbett,707,880,Petetholomew Preller,216,1,CS,121,T5,1,5,2,5,-4.18%,4.18%,0,0,0,485,42,4,RKT,GTY,CMS Home,CMS Home,CS,6
J.J. Romero,629,420,Petetholomew Preller,216,645,CS,225,T5,2,2,2,5,-1.75%,1.75%,0,0,0,485,42,4,RKT,GTY,CS 3B,CS 3B,CS,4
Dylan Green,305,,Cali Guerensk,1729,,IBB,,B5,0,0,2,5,4.78%,-4.78%,0,0,0,486,42,4,GTY,RKT,IBB,IBB,IBB,8
Dylan Green,305,800,Kyle Corbett,707,115,CS,315,B5,0,1,2,5,-8.28%,8.28%,0,0,0,486,42,4,GTY,RKT,CS 2B,CS 2B,CS,4
Matt Murphy,1954,391,Kyle Corbett,707,1,RGO,390,B5,1,0,2,5,-2.60%,2.60%,0,0,0,486,42,4,GTY,RKT,RGO,RGO,PO,1
Lincoln Lincoln,661,669,Kyle Corbett,707,1,K,332,B5,2,0,2,5,-1.28%,1.28%,0,0,0,486,42,4,GTY,RKT,K,K,K,1
Coleman Waters,152,69,Petetholomew Preller,216,743,RGO,326,T6,0,0,2,5,-0.44%,0.44%,0,0,0,487,42,4,RKT,GTY,RGO,RGO,K,1
Corey Scooter,1717,501,Petetholomew Preller,216,5,LGO,496,T6,1,0,2,5,-0.44%,0.44%,0,0,0,487,42,4,RKT,GTY,LGO,LGO,LGO,1
Tonto Kowalski,188,899,Petetholomew Preller,216,222,RGO,323,T6,2,0,2,5,-0.48%,0.48%,0,0,0,487,42,4,RKT,GTY,RGO,RGO,K,1
Babraham Thincoln,1817,999,Kyle Corbett,707,444,RGO,445,B6,0,0,2,5,-3.09%,3.09%,0,0,0,488,42,4,GTY,RKT,RGO,RGO,RGO,1
Jonny Mac,1698,666,Kyle Corbett,707,262,PO,404,B6,1,0,2,5,-2.13%,2.13%,0,0,0,488,42,4,GTY,RKT,PO,PO,RGO,1
Joe Whomper,1755,913,Kyle Corbett,707,419,LGO,494,B6,2,0,2,5,-0.73%,0.73%,0,0,0,488,42,4,GTY,RKT,LGO,LGO,LGO,1
Chuck McCluster,296,500,Jimmy Johns,303,472,3B,28,T1,0,0,0,0,11.37%,-11.37%,0,1,1,489,43,4,DAD,TRA,3B,3B,3B,1
Caleb Aiken,324,837,Jimmy Johns,303,491,K,346,T1,0,3,0,0,-5.42%,5.42%,0,0,0,489,43,4,DAD,TRA,K,PO,K,1
Runner Buehler,717,891,Jimmy Johns,303,892,HR,1,T1,1,3,0,0,12.47%,-12.47%,2,1,1,489,43,4,DAD,TRA,HR,HR,HR,1
Dixie Normos,332,444,Jimmy Johns,303,698,FO,254,T1,1,0,0,2,-1.76%,1.76%,0,0,0,489,43,4,DAD,TRA,FO,FO,FO,1
Mike Fruitstand,772,235,Jimmy Johns,303,544,K,309,T1,2,0,0,2,-1.53%,1.53%,0,0,0,489,43,4,DAD,TRA,K,K,K,1
Doc Crudelly,1811,650,Michael Smith,1955,430,FO,220,B1,0,0,0,2,-2.78%,2.78%,0,0,0,490,43,4,TRA,DAD,FO,K,FO,1
Herderber Derperger III,1779,801,Michael Smith,1955,795,3B,6,B1,1,0,0,2,6.75%,-6.75%,0,0,0,490,43,4,TRA,DAD,3B,3B,HR,1
Almondo Albuterol,1790,222,Michael Smith,1955,720,LGO,498,B1,1,3,0,2,-8.09%,8.09%,0,0,0,490,43,4,TRA,DAD,LGO,LGO,LGO,2
Jack Meoff,1829,783,Michael Smith,1955,330,LGO,453,B1,2,3,0,2,-2.83%,2.83%,0,0,0,490,43,4,TRA,DAD,LGO,LGO,LGO,1
Sam Smith,158,468,Jimmy Johns,303,606,1B,138,T2,0,0,0,2,2.42%,-2.42%,0,1,1,491,43,4,DAD,TRA,1B,BB,BB,1
Hingle McCringleberry,257,500,Jimmy Johns,303,555,2B,55,T2,0,1,0,2,9.17%,-9.17%,0,1,1,491,43,4,DAD,TRA,2B,2B,2B,1
Rekt Keyo,331,211,Jimmy Johns,303,166,2B,45,T2,0,6,0,2,7.45%,-7.45%,2,1,1,491,43,4,DAD,TRA,2B,2B,2B,1
Richard Northstar,275,243,Doc Crudelly,1811,278,2B,35,T2,0,2,0,4,2.64%,-2.64%,1,0,0,491,43,4,DAD,TRA,2B,2B,2B,1
Chuck McCluster,296,900,Doc Crudelly,1811,174,PO,274,T2,0,2,0,5,-1.74%,1.74%,0,0,0,491,43,4,DAD,TRA,PO,PO,FO,1
Caleb Aiken,324,279,Doc Crudelly,1811,897,RGO,382,T2,1,2,0,5,-3.22%,3.22%,0,0,0,491,43,4,DAD,TRA,RGO,RGO,PO,1
Runner Buehler,717,200,Doc Crudelly,1811,518,RGO,318,T2,2,3,0,5,0.42%,-0.42%,0,0,0,491,43,4,DAD,TRA,RGO,RGO,K,1
Sunshine Pardue,315,404,Michael Smith,1955,120,FO,284,B2,0,0,0,5,-1.70%,1.70%,0,0,0,492,43,4,TRA,DAD,FO,K,FO,1
Jimmy Johns,303,111,Michael Smith,1955,310,BB,199,B2,1,0,0,5,1.50%,-1.50%,0,1,1,492,43,4,TRA,DAD,BB,FO,FO,1
Robbie Liapis,1745,10,Michael Smith,1955,270,FO,260,B2,1,1,0,5,-2.06%,2.06%,0,0,0,492,43,4,TRA,DAD,FO,FO,FO,1
Gregory Taint,1712,580,Michael Smith,1955,635,2B,55,B2,2,1,0,5,4.29%,-4.29%,1,0,0,492,43,4,TRA,DAD,2B,2B,2B,1
Captain Harry C Legs,480,696,Clarinet Clarinet,672,385,RGO,311,B2,2,2,1,5,-2.31%,2.31%,0,0,0,492,43,4,TRA,DAD,RGO,RGO,K,1
Dixie Normos,332,100,Doc Crudelly,1811,591,LGO,491,T3,0,0,1,5,-1.19%,1.19%,0,0,0,493,43,4,DAD,TRA,LGO,LGO,LGO,1
Mike Fruitstand,772,350,Doc Crudelly,1811,534,BB,184,T3,1,0,1,5,0.81%,-0.81%,0,0,0,493,43,4,DAD,TRA,BB,FO,FO,1
Sam Smith,158,839,Doc Crudelly,1811,689,BB,150,T3,1,1,1,5,2.12%,-2.12%,0,0,0,493,43,4,DAD,TRA,BB,FO,BB,1
Hingle McCringleberry,257,850,Doc Crudelly,1811,43,FO,193,T3,1,4,1,5,-2.58%,2.58%,0,0,0,493,43,4,DAD,TRA,FO,FO,FO,1
Michael Scarn,746,145,Doc Crudelly,1811,416,K,271,T3,2,4,1,5,-1.70%,1.70%,0,0,0,493,43,4,DAD,TRA,K,PO,FO,1
Doc Crudelly,1811,670,Clarinet Clarinet,672,56,RGO,386,B3,0,0,1,5,-2.63%,2.63%,0,0,0,494,43,4,TRA,DAD,RGO,RGO,PO,1
Herderber Derperger III,1779,601,Clarinet Clarinet,672,137,LGO,464,B3,1,0,1,5,-1.42%,1.42%,0,0,0,494,43,4,TRA,DAD,LGO,LGO,LGO,1
Almondo Albuterol,1790,11,Clarinet Clarinet,672,454,LGO,443,B3,2,0,1,5,-1.12%,1.12%,0,0,0,494,43,4,TRA,DAD,LGO,LGO,RGO,1
Richard Northstar,275,616,Doc Crudelly,1811,436,BB,180,T4,0,0,1,5,0.92%,-0.92%,0,0,0,495,43,4,DAD,TRA,BB,BB,FO,1
Chuck McCluster,296,7,Doc Crudelly,1811,906,1B,101,T4,0,1,1,5,2.02%,-2.02%,0,0,0,495,43,4,DAD,TRA,1B,1B,1B,1
Caleb Aiken,324,858,Doc Crudelly,1811,312,DP,454,T4,0,4,1,5,-4.50%,4.50%,0,0,0,495,43,4,DAD,TRA,LGO,LGO,DP,1
Runner Buehler,717,380,Doc Crudelly,1811,139,K,241,T4,2,3,1,5,-0.52%,0.52%,0,0,0,495,43,4,DAD,TRA,K,K,FO,1
Jack Meoff,1829,732,Clarinet Clarinet,672,372,RGO,360,B4,0,0,1,5,-2.35%,2.35%,0,0,0,496,43,4,TRA,DAD,RGO,RGO,K,1
Sunshine Pardue,315,84,Clarinet Clarinet,672,137,2B,53,B4,1,0,1,5,3.79%,-3.79%,0,1,1,496,43,4,TRA,DAD,2B,2B,2B,1
Jimmy Johns,303,222,Clarinet Clarinet,672,222,HR,0,B4,1,2,1,5,11.20%,-11.20%,2,1,1,496,43,4,TRA,DAD,HR,HR,HR,1
Robbie Liapis,1745,501,Clarinet Clarinet,672,959,LGO,458,B4,1,0,3,5,-4.06%,4.06%,0,0,0,496,43,4,TRA,DAD,LGO,LGO,LGO,1
Gregory Taint,1712,520,Clarinet Clarinet,672,578,2B,58,B4,2,0,3,5,4.87%,-4.87%,0,0,0,496,43,4,TRA,DAD,2B,2B,2B,1
Captain Harry C Legs,480,776,Clarinet Clarinet,672,36,K,260,B4,2,2,3,5,-6.75%,6.75%,0,0,0,496,43,4,TRA,DAD,K,K,FO,1
Dixie Normos,332,489,Doc Crudelly,1811,760,K,271,T5,0,0,3,5,-1.24%,1.24%,0,0,0,497,43,4,DAD,TRA,K,K,FO,1
Mike Fruitstand,772,480,Doc Crudelly,1811,803,RGO,323,T5,1,0,3,5,-1.79%,1.79%,0,0,0,497,43,4,DAD,TRA,RGO,RGO,K,1
Sam Smith,158,820,Doc Crudelly,1811,232,LGO,412,T5,2,0,3,5,-1.44%,1.44%,0,0,0,497,43,4,DAD,TRA,LGO,LGO,RGO,1
Doc Crudelly,1811,350,Clarinet Clarinet,672,630,K,280,B5,0,0,3,5,-4.94%,4.94%,0,0,0,498,43,4,TRA,DAD,K,K,FO,1
Herderber Derperger III,1779,935,Clarinet Clarinet,672,174,FO,239,B5,1,0,3,5,-4.42%,4.42%,0,0,0,498,43,4,TRA,DAD,FO,FO,FO,1
Almondo Albuterol,1790,11,Clarinet Clarinet,672,751,K,260,B5,2,0,3,5,-2.21%,2.21%,0,0,0,498,43,4,TRA,DAD,K,K,FO,1
Hingle McCringleberry,257,315,Doc Crudelly,1811,474,BB,159,T6,0,0,3,5,1.43%,-1.43%,0,0,0,499,43,4,DAD,TRA,BB,BB,BB,1
Cam'ron,525,597,Doc Crudelly,1811,69,DP,472,T6,0,1,3,5,-3.48%,3.48%,0,0,0,499,43,4,DAD,TRA,LGO,LGO,DP,1
Richard Northstar,275,494,Doc Crudelly,1811,729,FO,235,T6,2,0,3,5,-0.85%,0.85%,0,0,0,499,43,4,DAD,TRA,FO,FO,FO,1
Jack Meoff,1829,125,Clarinet Clarinet,672,505,RGO,380,B6,0,0,3,5,-5.69%,5.69%,0,0,0,500,43,4,TRA,DAD,RGO,RGO,PO,1
Sunshine Pardue,315,707,Clarinet Clarinet,672,159,LGO,452,B6,1,0,3,5,-4.52%,4.52%,0,0,0,500,43,4,TRA,DAD,LGO,LGO,LGO,1
Jimmy Johns,303,942,Clarinet Clarinet,672,783,BB,159,B6,2,0,3,5,4.41%,-4.41%,0,0,0,500,43,4,TRA,DAD,BB,BB,BB,1
Robbie Liapis,1745,280,Clarinet Clarinet,672,669,RGO,389,B6,2,1,3,5,-6.72%,6.72%,0,0,0,500,43,4,TRA,DAD,RGO,RGO,PO,1
cocl,487,850,Zelk Antilles,490,576,K,274,T1,0,0,0,0,-2.52%,2.52%,0,0,0,501,44,4,MVM,LMN,K,K,FO,1
Jeffrey Salmon,1704,701,Zelk Antilles,490,719,HR,18,T1,1,0,0,0,10.53%,-10.53%,1,1,1,501,44,4,MVM,LMN,HR,HR,HR,1
Baron Harold Willingsby,765,240,Zelk Antilles,490,595,PO,355,T1,1,0,0,1,-1.89%,1.89%,0,0,0,501,44,4,MVM,LMN,PO,PO,K,1
Apple Watch,1788,134,Zelk Antilles,490,845,K,289,T1,2,0,0,1,-1.65%,1.65%,0,0,0,501,44,4,MVM,LMN,K,K,K,1
ViktRon Swanson,651,69,Hero Brine,1942,424,PO,355,B1,0,0,0,1,-3.15%,3.15%,0,0,0,502,44,4,LMN,MVM,PO,PO,K,1
Ronald Eagle Jr.,167,69,Hero Brine,1942,777,PO,292,B1,1,0,0,1,-2.67%,2.67%,0,0,0,502,44,4,LMN,MVM,PO,PO,K,1
John Valor,1832,543,Hero Brine,1942,375,FO,168,B1,2,0,0,1,-1.59%,1.59%,0,0,0,502,44,4,LMN,MVM,FO,FO,BB,1
Cap Keeler,1808,600,Zelk Antilles,490,609,HR,9,T2,0,0,0,1,10.20%,-10.20%,1,1,1,503,44,4,MVM,LMN,HR,HR,HR,1
Jordan Peppers,18,14,Zelk Antilles,490,233,FO,219,T2,0,0,0,2,-1.87%,1.87%,0,0,0,503,44,4,MVM,LMN,FO,FO,FO,1
Todd Bonzalez II,169,450,Zelk Antilles,490,301,BB,149,T2,1,0,0,2,2.63%,-2.63%,0,0,0,503,44,4,MVM,LMN,BB,FO,BB,1
Mike Hampton,782,999,Zelk Antilles,490,808,FO,191,T2,1,1,0,2,-2.90%,2.90%,0,0,0,503,44,4,MVM,LMN,FO,FO,FO,1
Oliver Flame,1689,735,Zelk Antilles,490,283,RGO,452,T2,2,1,0,2,-2.92%,2.92%,0,0,0,503,44,4,MVM,LMN,RGO,RGO,LGO,1
David Peterson,2218,694,Hero Brine,1942,607,2B,87,B2,0,0,0,2,8.00%,-8.00%,0,1,1,504,44,4,LMN,MVM,2B,1B,1B,1
IBO Bust,186,380,Hero Brine,1942,99,PO,281,B2,0,2,0,2,-6.26%,6.26%,0,0,0,504,44,4,LMN,MVM,PO,PO,FO,1
Lloyd Gross,135,234,Hero Brine,1942,99,1B,135,B2,1,2,0,2,9.13%,-9.13%,0,1,1,504,44,4,LMN,MVM,1B,BB,1B,1
Dirtbag Darrell,262,722,Hero Brine,1942,2,K,280,B2,1,5,0,2,-10.85%,10.85%,0,0,0,504,44,4,LMN,MVM,K,K,Sac,1
Charlie Bae Jr.,293,99,Hero Brine,1942,35,2B,64,B2,2,5,0,2,22.22%,-22.22%,2,0,0,504,44,4,LMN,MVM,2B,2B,2B,1
Rickey Tucker,163,489,Hero Brine,1942,238,FO,251,B2,2,2,2,2,-5.25%,5.25%,0,0,0,504,44,4,LMN,MVM,FO,K,FO,1
cocl,487,283,Zelk Antilles,490,913,RGO,370,T3,0,0,2,2,-3.25%,3.25%,0,0,0,505,44,4,MVM,LMN,RGO,RGO,K,1
Jeffrey Salmon,1704,309,Zelk Antilles,490,277,3B,32,T3,1,0,2,2,12.53%,-12.53%,0,1,1,505,44,4,MVM,LMN,3B,3B,2B,1
Baron Harold Willingsby,765,747,Zelk Antilles,490,772,HR,25,T3,1,3,2,2,13.46%,-13.46%,2,1,1,505,44,4,MVM,LMN,HR,HR,3B,1
Apple Watch,1788,312,Zelk Antilles,490,39,K,273,T3,1,0,2,4,-1.92%,1.92%,0,0,0,505,44,4,MVM,LMN,K,K,FO,1
Cap Keeler,1808,800,Zelk Antilles,490,957,BB,157,T3,2,0,2,4,1.80%,-1.80%,0,0,0,505,44,4,MVM,LMN,BB,FO,BB,1
Jordan Peppers,18,70,Zelk Antilles,490,688,RGO,382,T3,2,1,2,4,-3.17%,3.17%,0,0,0,505,44,4,MVM,LMN,RGO,RGO,PO,1
ViktRon Swanson,651,327,Hero Brine,1942,234,1B,93,B3,0,0,2,4,4.99%,-4.99%,0,0,1,506,44,4,LMN,MVM,1B,1B,1B,1
ViktRon Swanson,651,880,Hero Brine,1942,777,SB,103,B3,0,1,2,4,3.72%,-3.72%,0,1,0,506,44,4,LMN,MVM,Steal 2B,Steal 2B,SB,4
Ronald Eagle Jr.,167,33,Hero Brine,1942,345,PO,312,B3,0,2,2,4,-6.59%,6.59%,0,0,0,506,44,4,LMN,MVM,PO,PO,K,1
John Valor,1832,317,Hero Brine,1942,967,PO,350,B3,1,2,2,4,-5.87%,5.87%,0,0,0,506,44,4,LMN,MVM,PO,PO,K,1
David Peterson,2218,256,Hero Brine,1942,222,3B,34,B3,2,2,2,4,12.27%,-12.27%,1,1,1,506,44,4,LMN,MVM,3B,3B,2B,1
IBO Bust,186,865,Hero Brine,1942,834,2B,31,B3,2,3,3,4,16.91%,-16.91%,1,1,1,506,44,4,LMN,MVM,2B,2B,2B,1
Lloyd Gross,135,69,Wallace Grommet,492,6,2B,63,B3,2,2,4,4,15.02%,-15.02%,1,0,0,506,44,4,LMN,MVM,2B,2B,2B,1
Dirtbag Darrell,262,169,Wallace Grommet,492,809,PO,360,B3,2,2,5,4,-4.58%,4.58%,0,0,0,506,44,4,LMN,MVM,PO,PO,K,1
Todd Bonzalez II,169,510,Zelk Antilles,490,818,K,308,T4,0,0,5,4,-4.06%,4.06%,0,0,0,507,44,4,MVM,LMN,K,K,K,1
Mike Hampton,782,59,Zelk Antilles,490,509,RGO,450,T4,1,0,5,4,-3.83%,3.83%,0,0,0,507,44,4,MVM,LMN,RGO,RGO,RGO,1
Ryan Tyburn,517,420,Zelk Antilles,490,313,1B,107,T4,2,0,5,4,2.63%,-2.63%,0,0,0,507,44,4,MVM,LMN,1B,1B,1B,1
cocl,487,627,Zelk Antilles,490,177,LGO,450,T4,2,1,5,4,-5.20%,5.20%,0,0,0,507,44,4,MVM,LMN,LGO,LGO,RGO,1
Charlie Bae Jr.,293,567,Wallace Grommet,492,505,2B,62,B4,0,0,5,4,6.33%,-6.33%,0,0,0,508,44,4,LMN,MVM,2B,2B,2B,1
Rickey Tucker,163,1,Wallace Grommet,492,602,PO,399,B4,0,2,5,4,-4.17%,4.17%,0,0,0,508,44,4,LMN,MVM,PO,PO,PO,1
ViktRon Swanson,651,520,Wallace Grommet,492,894,PO,374,B4,1,2,5,4,-3.61%,3.61%,0,0,0,508,44,4,LMN,MVM,PO,PO,K,1
Ronald Eagle Jr.,167,794,Wallace Grommet,492,991,FO,197,B4,2,2,5,4,-4.28%,4.28%,0,0,0,508,44,4,LMN,MVM,FO,FO,FO,1
Jeffrey Salmon,1704,711,Gray Goose McGillicuddy,1961,10,RGO,299,T5,0,0,5,4,-5.29%,5.29%,0,0,0,509,44,4,MVM,LMN,RGO,RGO,K,1
Baron Harold Willingsby,765,357,Gray Goose McGillicuddy,1961,920,LGO,437,T5,1,0,5,4,-5.21%,5.21%,0,0,0,509,44,4,MVM,LMN,LGO,LGO,RGO,1
Apple Watch,1788,467,Gray Goose McGillicuddy,1961,46,LGO,421,T5,2,0,5,4,-3.39%,3.39%,0,0,0,509,44,4,MVM,LMN,LGO,LGO,RGO,1
Lemon Ade,193,69,Wallace Grommet,492,709,PO,360,B5,0,0,5,4,-1.87%,1.87%,0,0,0,510,44,4,LMN,MVM,PO,PO,K,1
David Peterson,2218,61,Wallace Grommet,492,70,HR,9,B5,1,0,5,4,8.68%,-8.68%,1,1,1,510,44,4,LMN,MVM,HR,HR,HR,1
IBO Bust,186,422,Wallace Grommet,492,198,FO,224,B5,1,0,6,4,-0.86%,0.86%,0,0,0,510,44,4,LMN,MVM,FO,FO,FO,1
Lloyd Gross,135,253,Wallace Grommet,492,991,K,262,B5,2,0,6,4,-0.47%,0.47%,0,0,0,510,44,4,LMN,MVM,K,K,FO,1
Cap Keeler,1808,900,Gray Goose McGillicuddy,1961,603,PO,297,T6,0,0,6,4,-4.18%,4.18%,0,0,0,511,44,4,MVM,LMN,PO,PO,K,1
Jordan Peppers,18,123,Gray Goose McGillicuddy,1961,267,BB,144,T6,1,0,6,4,6.71%,-6.71%,0,1,1,511,44,4,MVM,LMN,BB,BB,BB,1
Todd Bonzalez II,169,777,Gray Goose McGillicuddy,1961,770,HR,7,T6,1,1,6,4,31.71%,-31.71%,2,1,1,511,44,4,MVM,LMN,HR,HR,HR,1
Mike Hampton,782,415,Gray Goose McGillicuddy,1961,88,K,327,T6,1,0,6,6,-5.86%,5.86%,0,0,0,511,44,4,MVM,LMN,K,PO,K,1
Ben Bramly,238,999,Gray Goose McGillicuddy,1961,967,2B,32,T6,2,0,6,6,8.22%,-8.22%,0,0,0,511,44,4,MVM,LMN,2B,2B,2B,1
cocl,487,618,Gray Goose McGillicuddy,1961,196,LGO,422,T6,2,2,6,6,-13.06%,13.06%,0,0,0,511,44,4,MVM,LMN,LGO,LGO,RGO,1
Dirtbag Darrell,262,444,Wallace Grommet,492,169,K,275,B6,0,0,6,6,-6.12%,6.12%,0,0,0,512,44,4,LMN,MVM,K,K,FO,1
Charlie Bae Jr.,293,525,Wallace Grommet,492,386,1B,139,B6,1,0,6,6,5.84%,-5.84%,0,0,0,512,44,4,LMN,MVM,1B,1B,BB,1
Speedo Meter,675,349,Wallace Grommet,492,6,CS,343,B6,1,1,6,6,-11.71%,11.71%,0,0,0,512,44,4,LMN,MVM,CS 2B,CS 2B,CS,4
Rickey Tucker,163,613,Wallace Grommet,492,222,PO,391,B6,2,0,6,6,-4.81%,4.81%,0,0,0,512,44,4,LMN,MVM,PO,PO,PO,1
Pete Parker,1963,224,Joey McCarty,390,501,K,277,T1,0,0,0,0,-2.52%,2.52%,0,0,0,513,45,4,TAI,NUL,K,K,FO,1
Not From Wisconsin,2222,780,Joey McCarty,390,677,1B,103,T1,1,0,0,0,3.21%,-3.21%,0,0,0,513,45,4,TAI,NUL,1B,1B,1B,1
Cockus Mclong,540,878,Joey McCarty,390,103,FO,225,T1,1,1,0,0,-3.96%,3.96%,0,0,0,513,45,4,TAI,NUL,FO,FO,FO,1
Theodora DiBiaserunner,497,188,Joey McCarty,390,525,PO,337,T1,2,1,0,0,-3.51%,3.51%,0,0,0,513,45,4,TAI,NUL,PO,PO,K,1
Homer Pimpson,144,550,Duke Silver,602,99,RGO,451,B1,0,0,0,0,-2.73%,2.73%,0,0,0,514,45,4,NUL,TAI,RGO,RGO,LGO,1
Alaric Davis,697,253,Duke Silver,602,100,BB,153,B1,1,0,0,0,3.37%,-3.37%,0,1,1,514,45,4,NUL,TAI,BB,BB,BB,1
Hannibal Bligh,1724,101,Duke Silver,602,399,K,298,B1,1,1,0,0,-4.14%,4.14%,0,0,0,514,45,4,NUL,TAI,K,K,K,1
Stella Adams,397,102,Duke Silver,602,101,HR,1,B1,2,1,0,0,19.66%,-19.66%,2,1,1,514,45,4,NUL,TAI,HR,HR,HR,1
Haydn Werfer,392,103,Duke Silver,602,901,FO,202,B1,2,0,2,0,-0.63%,0.63%,0,0,0,514,45,4,NUL,TAI,FO,FO,FO,1
Rey Revanchist,776,69,Joey McCarty,390,111,2B,42,T2,0,0,2,0,7.96%,-7.96%,0,0,0,515,45,4,TAI,NUL,2B,2B,2B,1
ViktRon Swanson,651,,Joey McCarty,390,,Auto K,,T2,0,2,2,0,-6.49%,6.49%,0,0,0,515,45,4,TAI,NUL,Auto K,Auto K,Auto K,9
Alexander West,1777,368,Joey McCarty,390,709,K,341,T2,1,2,2,0,-2.50%,2.50%,0,0,0,515,45,4,TAI,NUL,K,K,K,1
Jacky Wacky,702,356,Joey McCarty,390,12,K,344,T2,2,2,2,0,-5.92%,5.92%,0,0,0,515,45,4,TAI,NUL,K,PO,K,1
KlentakPay TheFuckingTax,1700,243,Duke Silver,602,613,K,370,B2,0,0,2,0,-2.40%,2.40%,0,0,0,516,45,4,NUL,TAI,K,K,K,1
Jasmine Skyla,175,200,Duke Silver,602,342,BB,142,B2,1,0,2,0,2.78%,-2.78%,0,0,0,516,45,4,NUL,TAI,BB,BB,BB,1
Abelardo Montoya,711,247,Duke Silver,602,777,DP,470,B2,1,1,2,0,-4.91%,4.91%,0,0,0,516,45,4,NUL,TAI,LGO,LGO,DP,1
Viktor Patterson,705,555,Joey McCarty,390,633,1B,78,T3,0,0,2,0,4.53%,-4.53%,0,0,0,517,45,4,TAI,NUL,1B,1B,1B,1
Pete Parker,1963,469,Joey McCarty,390,76,PO,393,T3,0,1,2,0,-3.49%,3.49%,0,0,0,517,45,4,TAI,NUL,PO,PO,PO,1
Not From Wisconsin,2222,675,Joey McCarty,390,393,K,282,T3,1,1,2,0,-4.81%,4.81%,0,0,0,517,45,4,TAI,NUL,K,K,FO,1
Cockus Mclong,540,101,Joey McCarty,390,501,RGO,400,T3,2,1,2,0,-3.88%,3.88%,0,0,0,517,45,4,TAI,NUL,RGO,RGO,RGO,1
Maxelia Gray,391,,Viktor Patterson,705,,Auto K,,B3,0,0,2,0,-1.38%,1.38%,0,0,0,518,45,4,NUL,TAI,Auto K,Auto K,Auto K,9
Homer Pimpson,144,120,Viktor Patterson,705,16,1B,104,B3,1,0,2,0,1.12%,-1.12%,0,0,0,518,45,4,NUL,TAI,1B,1B,1B,1
Catfish O'Acid,406,347,Viktor Patterson,705,516,FO,169,B3,1,1,2,0,-1.95%,1.95%,0,0,0,518,45,4,NUL,TAI,FO,FO,BB,1
Hannibal Bligh,1724,777,Viktor Patterson,705,333,LGO,444,B3,2,1,2,0,-1.84%,1.84%,0,0,0,518,45,4,NUL,TAI,LGO,LGO,RGO,1
Theodora DiBiaserunner,497,808,Joey McCarty,390,2,FO,194,T4,0,0,2,0,-3.51%,3.51%,0,0,0,519,45,4,TAI,NUL,FO,FO,FO,1
Rey Revanchist,776,69,Joey McCarty,390,194,1B,125,T4,1,0,2,0,4.50%,-4.50%,0,1,1,519,45,4,TAI,NUL,1B,BB,1B,1
ViktRon Swanson,651,569,Joey McCarty,390,725,BB,156,T4,1,1,2,0,6.56%,-6.56%,0,0,0,519,45,4,TAI,NUL,BB,BB,BB,1
Alexander West,1777,895,Joey McCarty,390,720,BB,175,T4,1,4,2,0,12.43%,-12.43%,0,0,0,519,45,4,TAI,NUL,BB,BB,BB,1
Duke Silver,602,123,Joey McCarty,390,12,1B,111,T4,1,7,2,0,13.53%,-13.53%,1,0,0,519,45,4,TAI,NUL,1B,BB,1B,1
Viktor Patterson,705,500,Joey McCarty,390,12,DP,488,T4,1,7,2,1,-32.03%,32.03%,0,0,0,519,45,4,TAI,NUL,LGO,LGO,DP,1
Stella Adams,397,420,Viktor Patterson,705,12,RGO,408,B4,0,0,2,1,-2.24%,2.24%,0,0,0,520,45,4,NUL,TAI,RGO,RGO,RGO,1
Haydn Werfer,392,343,Viktor Patterson,705,888,RGO,455,B4,1,0,2,1,-1.93%,1.93%,0,0,0,520,45,4,NUL,TAI,RGO,RGO,LGO,1
KlentakPay TheFuckingTax,1700,927,Viktor Patterson,705,12,1B,85,B4,2,0,2,1,1.84%,-1.84%,0,1,1,520,45,4,NUL,TAI,1B,1B,1B,1
Jasmine Skyla,175,128,Viktor Patterson,705,12,1B,116,B4,2,1,2,1,2.12%,-2.12%,0,1,1,520,45,4,NUL,TAI,1B,BB,1B,1
Abelardo Montoya,711,111,Viktor Patterson,705,12,2B,99,B4,2,5,2,1,15.73%,-15.73%,2,0,0,520,45,4,NUL,TAI,2B,1B,1B,1
Maxelia Gray,391,,ViktRon Swanson,651,,Auto K,,B4,2,2,4,1,-1.43%,1.43%,0,0,0,520,45,4,NUL,TAI,Auto K,Auto K,Auto K,9
Pete Parker,1963,469,Joey McCarty,390,20,RGO,449,T5,0,0,4,1,-2.48%,2.48%,0,0,0,521,45,4,TAI,NUL,RGO,RGO,RGO,1
Not From Wisconsin,2222,824,Joey McCarty,390,129,K,305,T5,1,0,4,1,-2.05%,2.05%,0,0,0,521,45,4,TAI,NUL,K,K,K,1
Cockus Mclong,540,457,Joey McCarty,390,598,1B,141,T5,2,0,4,1,1.73%,-1.73%,0,0,0,521,45,4,TAI,NUL,1B,BB,BB,1
Theodora DiBiaserunner,497,667,Joey McCarty,390,56,RGO,389,T5,2,1,4,1,-2.75%,2.75%,0,0,0,521,45,4,TAI,NUL,RGO,RGO,PO,1
Homer Pimpson,144,889,ViktRon Swanson,651,444,LGO,445,B5,0,0,4,1,-0.37%,0.37%,0,0,0,522,45,4,NUL,TAI,LGO,LGO,RGO,1
Catfish O'Acid,406,998,Rey Revanchist,776,327,K,329,B5,1,0,4,1,-0.27%,0.27%,0,0,0,522,45,4,NUL,TAI,K,K,K,1
Hannibal Bligh,1724,666,Rey Revanchist,776,880,FO,214,B5,2,0,4,1,-0.47%,0.47%,0,0,0,522,45,4,NUL,TAI,FO,FO,FO,1
Rey Revanchist,776,69,Emerson Austin,703,322,K,253,T6,0,0,4,1,-2.36%,2.36%,0,0,0,523,45,4,TAI,NUL,K,K,FO,1
ViktRon Swanson,651,500,Emerson Austin,703,669,BB,169,T6,1,0,4,1,3.36%,-3.36%,0,1,1,523,45,4,TAI,NUL,BB,BB,BB,1
Alexander West,1777,990,Emerson Austin,703,725,K,265,T6,1,1,4,1,-3.70%,3.70%,0,0,0,523,45,4,TAI,NUL,K,K,FO,1
Duke Silver,602,265,Emerson Austin,703,222,2B,43,T6,2,1,4,1,3.03%,-3.03%,1,0,0,523,45,4,TAI,NUL,2B,2B,2B,1
Viktor Patterson,705,777,Emerson Austin,703,10,FO,233,T6,2,2,4,2,-4.88%,4.88%,0,0,0,523,45,4,TAI,NUL,FO,FO,FO,1
Coco Watanabe,204,853,Robin Reynolds,371,126,FO,273,T1,0,0,0,0,-2.52%,2.52%,0,0,0,524,46,4,POR,TAC,FO,K,FO,1
Grigury Polinko,452,430,Robin Reynolds,371,273,1B,157,T1,1,0,0,0,3.21%,-3.21%,0,0,0,524,46,4,POR,TAC,1B,BB,BB,1
Bobo Bones,478,27,Robin Reynolds,371,69,2B,42,T1,1,1,0,0,10.87%,-10.87%,0,0,0,524,46,4,POR,TAC,2B,2B,2B,1
Geno Scaramucci,165,500,Robin Reynolds,371,100,PO,400,T1,1,6,0,0,-11.25%,11.25%,0,0,0,524,46,4,POR,TAC,PO,K,RGO,1
Federal Credit Union Boi,173,769,Robin Reynolds,371,529,FO,240,T1,2,6,0,0,-7.09%,7.09%,0,0,0,524,46,4,POR,TAC,FO,K,FO,1
Thelonius Junk,623,312,Tequila Sunrise,249,863,LGO,449,B1,0,0,0,0,-2.73%,2.73%,0,0,0,525,46,4,TAC,POR,LGO,LGO,RGO,1
Barry McKockiner,612,801,Tequila Sunrise,249,933,1B,132,B1,1,0,0,0,3.37%,-3.37%,0,0,0,525,46,4,TAC,POR,1B,1B,1B,1
Robin Reynolds,371,350,Tequila Sunrise,249,566,K,216,B1,1,1,0,0,-4.14%,4.14%,0,0,0,525,46,4,TAC,POR,K,K,FO,1
Julio Escobar,686,691,Tequila Sunrise,249,222,LGO,469,B1,2,1,0,0,-3.29%,3.29%,0,0,0,525,46,4,TAC,POR,LGO,LGO,LGO,1
Artie Ziff,164,731,Robin Reynolds,371,420,FO,311,T2,0,0,0,0,-2.86%,2.86%,0,0,0,526,46,4,POR,TAC,FO,K,K,1
Ayden Davis,696,,Robin Reynolds,371,,Auto K,,T2,1,0,0,0,-2.90%,2.90%,0,0,0,526,46,4,POR,TAC,Auto K,Auto K,Auto K,9
Edward Freeman,700,964,Robin Reynolds,371,731,FO,233,T2,2,0,0,0,-1.53%,1.53%,0,0,0,526,46,4,POR,TAC,FO,FO,FO,1
Mackin Tosh,93,212,Tequila Sunrise,249,21,FO,191,B2,0,0,0,0,-2.75%,2.75%,0,0,0,527,46,4,TAC,POR,FO,FO,FO,1
Pablo Sanchez III,250,210,Tequila Sunrise,249,599,RGO,389,B2,1,0,0,0,-2.68%,2.68%,0,0,0,527,46,4,TAC,POR,RGO,RGO,PO,1
Duke Marriot,775,104,Tequila Sunrise,249,818,PO,286,B2,2,0,0,0,-1.88%,1.88%,0,0,0,527,46,4,TAC,POR,PO,PO,K,1
Picov Andropov,340,390,Robin Reynolds,371,818,RGO,428,T3,0,0,0,0,-3.25%,3.25%,0,0,0,528,46,4,POR,TAC,RGO,PO,RGO,1
Coco Watanabe,204,999,Robin Reynolds,371,911,BB,88,T3,1,0,0,0,3.77%,-3.77%,0,0,0,528,46,4,POR,TAC,BB,BB,1B,1
Grigury Polinko,452,150,Robin Reynolds,371,429,K,279,T3,1,1,0,0,-4.32%,4.32%,0,0,0,528,46,4,POR,TAC,K,K,FO,1
Bobo Bones,478,876,Robin Reynolds,371,666,FO,210,T3,2,1,0,0,-4.56%,4.56%,0,0,0,528,46,4,POR,TAC,FO,FO,FO,1
Daniel Dove,66,322,Tequila Sunrise,249,381,1B,59,B3,0,0,0,0,4.52%,-4.52%,0,0,0,529,46,4,TAC,POR,1B,1B,2B,1
Daniel Dove,66,322,Tequila Sunrise,249,900,CS,422,B3,0,1,0,0,-7.84%,7.84%,0,0,0,529,46,4,TAC,POR,CS 2B,CS 2B,CS,4
Alaina Mclean,1947,780,Tequila Sunrise,249,155,RGO,375,B3,1,0,0,0,-2.80%,2.80%,0,0,0,529,46,4,TAC,POR,RGO,RGO,K,1
Thelonius Junk,623,212,Tequila Sunrise,249,620,LGO,408,B3,2,0,0,0,-2.32%,2.32%,0,0,0,529,46,4,TAC,POR,LGO,LGO,RGO,1
Geno Scaramucci,165,666,Robin Reynolds,371,540,BB,126,T4,0,0,0,0,4.87%,-4.87%,0,0,0,530,46,4,POR,TAC,BB,BB,1B,1
Federal Credit Union Boi,173,69,Robin Reynolds,371,999,1B,70,T4,0,1,0,0,9.49%,-9.49%,0,0,0,530,46,4,POR,TAC,1B,1B,1B,1
Artie Ziff,164,420,Robin Reynolds,371,69,K,351,T4,0,4,0,0,-7.33%,7.33%,0,0,0,530,46,4,POR,TAC,K,K,K,1
Ayden Davis,696,436,Robin Reynolds,371,741,K,305,T4,1,4,0,0,-7.68%,7.68%,0,0,0,530,46,4,POR,TAC,K,K,K,1
Edward Freeman,700,464,Robin Reynolds,371,971,LGO,493,T4,2,4,0,0,-9.43%,9.43%,0,0,0,530,46,4,POR,TAC,LGO,LGO,LGO,1
Barry McKockiner,612,115,Tequila Sunrise,249,998,1B,117,B4,0,0,0,0,4.65%,-4.65%,0,0,0,531,46,4,TAC,POR,1B,1B,1B,1
Robin Reynolds,371,126,Tequila Sunrise,249,631,DP,495,B4,0,1,0,0,-12.01%,12.01%,0,0,0,531,46,4,TAC,POR,LGO,LGO,DP,1
Julio Escobar,686,420,Tequila Sunrise,249,876,LGO,456,B4,2,0,0,0,-2.71%,2.71%,0,0,0,531,46,4,TAC,POR,LGO,LGO,LGO,1
Picov Andropov,340,501,Robin Reynolds,371,876,PO,375,T5,0,0,0,0,-4.71%,4.71%,0,0,0,532,46,4,POR,TAC,PO,PO,K,1
Coco Watanabe,204,322,Robin Reynolds,371,621,K,299,T5,1,0,0,0,-4.48%,4.48%,0,0,0,532,46,4,POR,TAC,K,K,K,1
Grigury Polinko,452,149,Robin Reynolds,371,515,K,366,T5,2,0,0,0,-3.26%,3.26%,0,0,0,532,46,4,POR,TAC,K,K,K,1
Mackin Tosh,93,809,Tequila Sunrise,249,69,FO,260,B5,0,0,0,0,-4.39%,4.39%,0,0,0,533,46,4,TAC,POR,FO,FO,FO,1
Pablo Sanchez III,250,69,Tequila Sunrise,249,112,2B,43,B5,1,0,0,0,8.97%,-8.97%,0,1,1,533,46,4,TAC,POR,2B,2B,2B,1
Duke Marriot,775,663,Tequila Sunrise,249,569,1B,94,B5,1,2,0,0,13.00%,-13.00%,0,0,1,533,46,4,TAC,POR,1B,1B,1B,1
Duke Marriot,775,537,Tequila Sunrise,249,734,SB,197,B5,1,5,0,0,2.40%,-2.40%,0,1,0,533,46,4,TAC,POR,Steal 2B,Steal 2B,SB,5
Daniel Dove,66,,Tequila Sunrise,249,,IBB,,B5,1,6,0,0,1.43%,-1.43%,0,1,1,533,46,4,TAC,POR,IBB,IBB,IBB,8
Alaina Mclean,1947,534,Tequila Sunrise,249,420,1B,114,B5,1,7,0,0,8.52%,-8.52%,1,0,0,533,46,4,TAC,POR,1B,1B,1B,1
Thelonius Junk,623,920,Tequila Sunrise,249,48,1B,128,B5,1,7,1,0,3.99%,-3.99%,1,0,0,533,46,4,TAC,POR,1B,1B,1B,1
Barry McKockiner,612,347,Tequila Sunrise,249,227,1B,120,B5,1,7,2,0,2.04%,-2.04%,1,0,0,533,46,4,TAC,POR,1B,1B,1B,1
Robin Reynolds,371,618,Tequila Sunrise,249,202,DP,416,B5,1,7,3,0,-2.93%,2.93%,0,0,0,533,46,4,TAC,POR,LGO,LGO,DP,1
Bobo Bones,478,69,Robin Reynolds,371,618,RGO,451,T6,0,0,3,0,-2.36%,2.36%,0,0,0,534,46,4,POR,TAC,RGO,RGO,LGO,1
Geno Scaramucci,165,69,Robin Reynolds,371,569,LGO,500,T6,1,0,3,0,-1.65%,1.65%,0,0,0,534,46,4,POR,TAC,LGO,LGO,LGO,1
Federal Credit Union Boi,173,569,Robin Reynolds,371,920,K,351,T6,2,0,3,0,-0.54%,0.54%,0,0,0,534,46,4,POR,TAC,K,K,K,1
Skippy Gustafsson,1773,119,Mason Miller,270,292,BB,173,T1,0,0,0,0,3.67%,-3.67%,0,1,1,535,47,4,JUP,SAR,BB,FO,BB,1
Streetlamp LeMoose,1734,173,Mason Miller,270,107,2B,66,T1,0,1,0,0,13.01%,-13.01%,0,1,1,535,47,4,JUP,SAR,2B,2B,1B,1
Maddie Williams,2213,422,Mason Miller,270,861,LGO,439,T1,0,6,0,0,-4.20%,4.20%,1,0,0,535,47,4,JUP,SAR,LGO,PO,RGO,1
Triston Uzumaki,125,714,Mason Miller,270,514,FO,200,T1,1,2,0,1,-3.50%,3.50%,0,0,0,535,47,4,JUP,SAR,FO,FO,FO,1
Cue Anon,381,420,Mason Miller,270,514,1B,94,T1,2,2,0,1,8.96%,-8.96%,1,0,0,535,47,4,JUP,SAR,1B,1B,1B,1
Harry Peritestes,117,808,Mason Miller,270,32,FO,224,T1,2,1,0,2,-2.81%,2.81%,0,0,0,535,47,4,JUP,SAR,FO,FO,FO,1
Dr.Degratest Toevadoit,247,311,Rocco Rudnikov,114,742,RGO,431,B1,0,0,0,2,-2.78%,2.78%,0,0,0,536,47,4,SAR,JUP,RGO,RGO,RGO,1
Bonesy McSkellington,1733,881,Rocco Rudnikov,114,735,BB,146,B1,1,0,0,2,3.48%,-3.48%,0,0,0,536,47,4,SAR,JUP,BB,BB,BB,1
Gimpy Schlempteen 32,379,430,Rocco Rudnikov,114,576,BB,146,B1,1,1,0,2,4.56%,-4.56%,0,0,0,536,47,4,SAR,JUP,BB,BB,BB,1
Ross Ewage,1764,211,Rocco Rudnikov,114,910,K,301,B1,1,4,0,2,-5.64%,5.64%,0,0,0,536,47,4,SAR,JUP,K,K,K,1
Fuzzy Dunlop,382,225,Rocco Rudnikov,114,35,BB,190,B1,2,4,0,2,4.73%,-4.73%,0,0,0,536,47,4,SAR,JUP,BB,BB,FO,1
Elmo Seabreeze,1785,137,Rocco Rudnikov,114,877,FO,260,B1,2,7,0,2,-11.30%,11.30%,0,0,0,536,47,4,SAR,JUP,FO,FO,FO,1
Lightning Balls,350,,Mason Miller,270,,Auto BB,,T2,0,0,0,2,2.42%,-2.42%,0,0,0,537,47,4,JUP,SAR,Auto BB,Auto BB,Auto BB,10
Dermot Mulveiny,1763,789,Mason Miller,270,217,DP,428,T2,0,1,0,2,-6.05%,6.05%,0,0,0,537,47,4,JUP,SAR,LGO,PO,DP,1
Husky Pawson,1770,514,Mason Miller,270,33,LGO,481,T2,2,0,0,2,-1.43%,1.43%,0,0,0,537,47,4,JUP,SAR,LGO,LGO,LGO,1
Bradle Beamen,203,388,Rocco Rudnikov,114,524,BB,136,B2,0,0,0,2,4.10%,-4.10%,0,0,0,538,47,4,SAR,JUP,BB,BB,1B,1
Tucker Doubt,567,247,Rocco Rudnikov,114,615,PO,368,B2,0,1,0,2,-3.38%,3.38%,0,0,0,538,47,4,SAR,JUP,PO,PO,K,1
Ferdinand Sea-Bull,754,707,Rocco Rudnikov,114,111,DP,404,B2,1,1,0,2,-8.27%,8.27%,0,0,0,538,47,4,SAR,JUP,RGO,RGO,DP,1
Skippy Gustafsson,1773,84,Mason Miller,270,789,PO,295,T3,0,0,0,2,-1.80%,1.80%,0,0,0,539,47,4,JUP,SAR,PO,PO,K,1
Streetlamp LeMoose,1734,651,Mason Miller,270,306,RGO,345,T3,1,0,0,2,-1.92%,1.92%,0,0,0,539,47,4,JUP,SAR,RGO,PO,K,1
Maddie Williams,2213,827,Mason Miller,270,3,BB,176,T3,2,0,0,2,1.80%,-1.80%,0,0,0,539,47,4,JUP,SAR,BB,FO,BB,1
Maddie Williams,2213,222,Mason Miller,270,209,SB,13,T3,2,1,0,2,0.78%,-0.78%,0,0,0,539,47,4,JUP,SAR,Steal 2B,Steal 2B,SB,4
Triston Uzumaki,125,420,Mason Miller,270,983,LGO,437,T3,2,2,0,2,-3.95%,3.95%,0,0,0,539,47,4,JUP,SAR,LGO,RGO,RGO,1
Dr.Degratest Toevadoit,247,456,Rocco Rudnikov,114,111,PO,345,B3,0,0,0,2,-3.78%,3.78%,0,0,0,540,47,4,SAR,JUP,PO,PO,K,1
Bonesy McSkellington,1733,111,Rocco Rudnikov,114,789,K,322,B3,1,0,0,2,-2.85%,2.85%,0,0,0,540,47,4,SAR,JUP,K,K,K,1
Gimpy Schlempteen 32,379,16,Rocco Rudnikov,114,342,K,326,B3,2,0,0,2,-2.26%,2.26%,0,0,0,540,47,4,SAR,JUP,K,K,K,1
Cue Anon,381,935,Mason Miller,270,907,2B,28,T4,0,0,0,2,5.00%,-5.00%,0,1,1,541,47,4,JUP,SAR,2B,2B,3B,1
Harry Peritestes,117,212,Mason Miller,270,436,FO,224,T4,0,2,0,2,-3.24%,3.24%,0,0,0,541,47,4,JUP,SAR,FO,FO,FO,1
Lightning Balls,350,458,Mason Miller,270,519,2B,61,T4,1,2,0,2,7.52%,-7.52%,1,0,0,541,47,4,JUP,SAR,2B,2B,2B,1
Dermot Mulveiny,1763,91,Mason Miller,270,198,1B,107,T4,1,2,0,3,3.16%,-3.16%,0,1,1,541,47,4,JUP,SAR,1B,1B,1B,1
Husky Pawson,1770,34,Mason Miller,270,198,BB,164,T4,1,5,0,3,1.41%,-1.41%,0,1,1,541,47,4,JUP,SAR,BB,BB,BB,1
Skippy Gustafsson,1773,583,Mason Miller,270,2,LGO,419,T4,1,7,0,3,-4.50%,4.50%,0,1,1,541,47,4,JUP,SAR,LGO,PO,DP,2
Streetlamp LeMoose,1734,306,Mason Miller,270,289,HR,17,T4,2,7,0,3,9.25%,-9.25%,4,1,1,541,47,4,JUP,SAR,HR,HR,HR,1
Maddie Williams,2213,420,Mason Miller,270,87,PO,333,T4,2,0,0,7,-0.14%,0.14%,0,0,0,541,47,4,JUP,SAR,PO,PO,K,1
Ross Ewage,1764,592,Rocco Rudnikov,114,261,PO,331,B4,0,0,0,7,-0.78%,0.78%,0,0,0,542,47,4,SAR,JUP,PO,PO,K,1
Fuzzy Dunlop,382,666,Rocco Rudnikov,114,216,LGO,450,B4,1,0,0,7,-0.78%,0.78%,0,0,0,542,47,4,SAR,JUP,LGO,LGO,RGO,1
Elmo Seabreeze,1785,126,Rocco Rudnikov,114,839,K,287,B4,2,0,0,7,-0.23%,0.23%,0,0,0,542,47,4,SAR,JUP,K,K,K,1
Triston Uzumaki,125,984,Mason Miller,270,209,FO,225,T5,0,0,0,7,0.07%,-0.07%,0,0,0,543,47,4,JUP,SAR,FO,FO,FO,1
Cue Anon,381,425,Mason Miller,270,77,RGO,348,T5,1,0,0,7,-0.33%,0.33%,0,0,0,543,47,4,JUP,SAR,RGO,PO,K,1
Harry Peritestes,117,700,Mason Miller,270,763,2B,63,T5,2,0,0,7,0.47%,-0.47%,0,0,0,543,47,4,JUP,SAR,2B,1B,2B,1
Lightning Balls,350,309,Mason Miller,270,911,RGO,398,T5,2,2,0,7,-0.56%,0.56%,0,0,0,543,47,4,JUP,SAR,RGO,PO,PO,1
Bradle Beamen,203,79,Rocco Rudnikov,114,658,RGO,421,B5,0,0,0,7,-0.77%,0.77%,0,0,0,544,47,4,SAR,JUP,RGO,RGO,RGO,1
Tucker Doubt,567,216,Rocco Rudnikov,114,334,1B,118,B5,1,0,0,7,0.82%,-0.82%,0,0,0,544,47,4,SAR,JUP,1B,1B,1B,1
Ferdinand Sea-Bull,754,76,Rocco Rudnikov,114,478,DP,402,B5,1,1,0,7,-1.41%,1.41%,0,0,0,544,47,4,SAR,JUP,RGO,RGO,DP,1
Dermot Mulveiny,1763,6,Mason Miller,270,39,2B,33,T6,0,0,0,7,0.18%,-0.18%,0,1,1,545,47,4,JUP,SAR,2B,2B,2B,1
Husky Pawson,1770,,Mason Miller,270,,IBB,,T6,0,2,0,7,0.09%,-0.09%,0,1,1,545,47,4,JUP,SAR,IBB,IBB,IBB,8
Skippy Gustafsson,1773,119,Mason Miller,270,137,3B,18,T6,0,4,0,7,0.17%,-0.17%,2,1,1,545,47,4,JUP,SAR,3B,3B,HR,1
Streetlamp LeMoose,1734,788,Mason Miller,270,511,PO,277,T6,0,3,0,9,-0.64%,0.64%,0,0,0,545,47,4,JUP,SAR,PO,PO,Sac,1
Dart Ragusa,134,31,Mason Miller,270,911,1B,120,T6,1,3,0,9,0.25%,-0.25%,1,0,0,545,47,4,JUP,SAR,1B,BB,1B,1
Triston Uzumaki,125,214,Mason Miller,270,911,K,303,T6,1,1,0,10,-0.14%,0.14%,0,0,0,545,47,4,JUP,SAR,K,K,K,1
Cue Anon,381,17,Mason Miller,270,690,RGO,327,T6,2,1,0,10,-0.06%,0.06%,0,0,0,545,47,4,JUP,SAR,RGO,PO,K,1
Dr.Degratest Toevadoit,247,12,Rocco Rudnikov,114,567,RGO,445,B6,0,0,0,10,-0.38%,0.38%,0,0,0,546,47,4,SAR,JUP,RGO,RGO,RGO,1
Bonesy McSkellington,1733,722,Rocco Rudnikov,114,720,HR,2,B6,1,0,0,10,0.00%,0.00%,1,1,1,546,47,4,SAR,JUP,HR,HR,HR,1
Gimpy Schlempteen 32,379,6,Rocco Rudnikov,114,723,K,283,B6,1,0,1,10,-0.18%,0.18%,0,0,0,546,47,4,SAR,JUP,K,K,FO,1
Ross Ewage,1764,17,Rocco Rudnikov,114,69,2B,52,B6,2,0,1,10,0.04%,-0.04%,0,1,1,546,47,4,SAR,JUP,2B,2B,2B,1
Fuzzy Dunlop,382,177,Rocco Rudnikov,114,250,1B,73,B6,2,2,1,10,0.02%,-0.02%,1,0,0,546,47,4,SAR,JUP,1B,1B,1B,1
Elmo Seabreeze,1785,300,Rocco Rudnikov,114,500,FO,200,B6,2,1,2,10,-0.09%,0.09%,0,0,0,546,47,4,SAR,JUP,FO,FO,FO,1
Mo Berry,2076,777,Edward Duncan,620,517,K,260,T1,0,0,0,0,-2.52%,2.52%,0,0,0,547,48,4,PHB,KTY,K,FO,FO,1
Cam Singleton,266,1,Edward Duncan,620,550,LGO,451,T1,1,0,0,0,-2.52%,2.52%,0,0,0,547,48,4,PHB,KTY,LGO,LGO,LGO,1
Johññy Coppolella,738,700,Edward Duncan,620,334,PO,366,T1,2,0,0,0,-1.74%,1.74%,0,0,0,547,48,4,PHB,KTY,PO,K,K,1
Kirby Birch,1800,342,Dottie Hooligan,770,712,RGO,370,B1,0,0,0,0,-2.73%,2.73%,0,0,0,548,48,4,KTY,PHB,RGO,RGO,K,1
Oni R1,663,370,Dottie Hooligan,770,262,1B,108,B1,1,0,0,0,3.37%,-3.37%,0,0,0,548,48,4,KTY,PHB,1B,1B,1B,1
Chase Hillinger,1710,420,Dottie Hooligan,770,151,DP,269,B1,1,1,0,0,-7.43%,7.43%,0,0,0,548,48,4,KTY,PHB,RGO,RGO,FO,1
Gil Metz,206,808,Edward Duncan,620,144,K,336,T2,0,0,0,0,-2.86%,2.86%,0,0,0,549,48,4,PHB,KTY,K,K,K,1
Nickey Hallaway,2225,690,Edward Duncan,620,202,LGO,488,T2,1,0,0,0,-2.90%,2.90%,0,0,0,549,48,4,PHB,KTY,LGO,LGO,LGO,1
Bob Kelso,1834,875,Edward Duncan,620,421,RGO,454,T2,2,0,0,0,-1.53%,1.53%,0,0,0,549,48,4,PHB,KTY,RGO,RGO,LGO,1
Dan Gerzone,1953,351,Dottie Hooligan,770,857,LGO,494,B2,0,0,0,0,-2.75%,2.75%,0,0,0,550,48,4,KTY,PHB,LGO,LGO,LGO,1
Alexander Hamilton II,553,870,Dottie Hooligan,770,481,LGO,389,B2,1,0,0,0,-2.68%,2.68%,0,0,0,550,48,4,KTY,PHB,LGO,LGO,PO,1
Mr. Miyagi,265,222,Dottie Hooligan,770,667,LGO,445,B2,2,0,0,0,-1.88%,1.88%,0,0,0,550,48,4,KTY,PHB,LGO,LGO,RGO,1
WILL THE THRILL,745,777,Edward Duncan,620,730,HR,47,T3,0,0,0,0,13.66%,-13.66%,1,1,1,551,48,4,PHB,KTY,HR,3B,2B,1
A.Z. Chapman,14,22,Edward Duncan,620,777,K,245,T3,0,0,0,1,-2.77%,2.77%,0,0,0,551,48,4,PHB,KTY,K,K,FO,1
Dottie Hooligan,770,638,Edward Duncan,620,866,K,228,T3,1,0,0,1,-2.57%,2.57%,0,0,0,551,48,4,PHB,KTY,K,K,FO,1
Jeff Steelflex,268,333,Edward Duncan,620,380,2B,47,T3,2,0,0,1,3.13%,-3.13%,0,1,1,551,48,4,PHB,KTY,2B,2B,2B,1
Cam Singleton,266,5,Edward Duncan,620,58,2B,53,T3,2,2,0,1,11.95%,-11.95%,1,0,0,551,48,4,PHB,KTY,2B,2B,2B,1
Johññy Coppolella,738,900,Edward Duncan,620,223,K,323,T3,2,2,0,2,-3.95%,3.95%,0,0,0,551,48,4,PHB,KTY,K,K,K,1
Xerxes Dalin,474,500,Dottie Hooligan,770,331,FO,169,B3,0,0,0,2,-3.78%,3.78%,0,0,0,552,48,4,KTY,PHB,FO,FO,BB,1
Mo Jungo,1814,932,Dottie Hooligan,770,950,HR,18,B3,1,0,0,2,12.47%,-12.47%,1,1,1,552,48,4,KTY,PHB,HR,HR,HR,1
Hank Murphy,76,589,Dottie Hooligan,770,876,RGO,287,B3,1,0,1,2,-3.30%,3.30%,0,0,0,552,48,4,KTY,PHB,RGO,RGO,K,1
Kirby Birch,1800,736,Dottie Hooligan,770,235,LGO,499,B3,2,0,1,2,-2.28%,2.28%,0,0,0,552,48,4,KTY,PHB,LGO,LGO,LGO,1
Gil Metz,206,110,Edward Duncan,620,405,K,295,T4,0,0,1,2,-2.65%,2.65%,0,0,0,553,48,4,PHB,KTY,K,K,K,1
Nickey Hallaway,2225,488,Edward Duncan,620,571,1B,83,T4,1,0,1,2,3.04%,-3.04%,0,0,0,553,48,4,PHB,KTY,1B,1B,1B,1
Bob Kelso,1834,886,Edward Duncan,620,380,DP,494,T4,1,1,1,2,-7.55%,7.55%,0,0,0,553,48,4,PHB,KTY,LGO,LGO,DP,1
Oni R1,663,420,Dottie Hooligan,770,970,LGO,450,B4,0,0,1,2,-4.80%,4.80%,0,0,0,554,48,4,KTY,PHB,LGO,LGO,RGO,1
Chase Hillinger,1710,500,Dottie Hooligan,770,708,RGO,208,B4,1,0,1,2,-4.17%,4.17%,0,0,0,554,48,4,KTY,PHB,RGO,RGO,FO,1
Dan Gerzone,1953,42,Dottie Hooligan,770,739,RGO,303,B4,2,0,1,2,-3.35%,3.35%,0,0,0,554,48,4,KTY,PHB,RGO,RGO,K,1
WILL THE THRILL,745,777,Edward Duncan,620,798,HR,21,T5,0,0,1,2,11.82%,-11.82%,1,1,1,555,48,4,PHB,KTY,HR,HR,HR,1
A.Z. Chapman,14,666,Edward Duncan,620,220,RGO,446,T5,0,0,1,3,-1.24%,1.24%,0,0,0,555,48,4,PHB,KTY,RGO,RGO,RGO,1
Dottie Hooligan,770,450,Edward Duncan,620,558,1B,108,T5,1,0,1,3,1.46%,-1.46%,0,1,1,555,48,4,PHB,KTY,1B,1B,1B,1
Jeff Steelflex,268,558,Edward Duncan,620,535,3B,23,T5,1,1,1,3,9.90%,-9.90%,1,1,1,555,48,4,PHB,KTY,3B,3B,HR,1
Cam Singleton,266,525,Edward Duncan,620,1,LGO,476,T5,1,3,1,4,0.47%,-0.47%,1,0,0,555,48,4,PHB,KTY,LGO,LGO,LGO,1
Johññy Coppolella,738,712,Edward Duncan,620,834,BB,122,T5,2,0,1,5,0.59%,-0.59%,0,1,1,555,48,4,PHB,KTY,BB,1B,1B,1
Gil Metz,206,730,Edward Duncan,620,752,HR,22,T5,2,1,1,5,3.83%,-3.83%,2,1,1,555,48,4,PHB,KTY,HR,HR,HR,1
Nickey Hallaway,2225,555,Edward Duncan,620,262,K,293,T5,2,0,1,7,-0.09%,0.09%,0,0,0,555,48,4,PHB,KTY,K,K,K,1
Alexander Hamilton II,553,927,Dottie Hooligan,770,417,LGO,490,B5,0,0,1,7,-0.77%,0.77%,0,0,0,556,48,4,KTY,PHB,LGO,LGO,LGO,1
Mr. Miyagi,265,844,Dottie Hooligan,770,161,RGO,317,B5,1,0,1,7,-0.44%,0.44%,0,0,0,556,48,4,KTY,PHB,RGO,RGO,K,1
Xerxes Dalin,474,601,Dottie Hooligan,770,350,PO,251,B5,2,0,1,7,-0.15%,0.15%,0,0,0,556,48,4,KTY,PHB,PO,PO,FO,1
Bob Kelso,1834,469,Edward Duncan,620,156,K,313,T6,0,0,1,7,-0.01%,0.01%,0,0,0,557,48,4,PHB,KTY,K,K,K,1
WILL THE THRILL,745,277,Edward Duncan,620,583,RGO,306,T6,1,0,1,7,-0.07%,0.07%,0,0,0,557,48,4,PHB,KTY,RGO,RGO,K,1
A.Z. Chapman,14,175,Edward Duncan,620,53,BB,122,T6,2,0,1,7,-0.01%,0.01%,0,1,1,557,48,4,PHB,KTY,BB,BB,1B,1
Dottie Hooligan,770,777,Edward Duncan,620,845,2B,68,T6,2,1,1,7,0.13%,-0.13%,1,1,1,557,48,4,PHB,KTY,2B,2B,1B,1
Jeff Steelflex,268,277,Edward Duncan,620,178,1B,99,T6,2,2,1,8,-0.13%,0.13%,1,0,0,557,48,4,PHB,KTY,1B,1B,1B,1
Cam Singleton,266,400,Edward Duncan,620,158,FO,242,T6,2,1,1,9,-0.06%,0.06%,0,0,0,557,48,4,PHB,KTY,FO,FO,FO,1
Mo Jungo,1814,836,Dottie Hooligan,770,609,K,227,B6,0,0,1,9,-0.38%,0.38%,0,0,0,558,48,4,KTY,PHB,K,K,FO,1
Hank Murphy,76,69,Dottie Hooligan,770,224,BB,155,B6,1,0,1,9,0.38%,-0.38%,0,0,0,558,48,4,KTY,PHB,BB,BB,BB,1
Kirby Birch,1800,750,Dottie Hooligan,770,330,DP,420,B6,1,1,1,9,-0.59%,0.59%,0,0,0,558,48,4,KTY,PHB,LGO,LGO,DP,1
Fernando Cruz,176,768,Moby Dick,1719,230,RGO,462,T1,0,0,0,0,-2.52%,2.52%,0,0,0,559,49,5,TSA,KRB,RGO,RGO,LGO,1
Batter Buckland,137,95,Moby Dick,1719,260,FO,165,T1,1,0,0,0,-2.52%,2.52%,0,0,0,559,49,5,TSA,KRB,FO,FO,BB,1
Hayden McCloud,129,419,Moby Dick,1719,420,HR,1,T1,2,0,0,0,11.16%,-11.16%,1,1,1,559,49,5,TSA,KRB,HR,HR,HR,1
Lloyd Gross,135,920,Moby Dick,1719,260,PO,340,T1,2,0,0,1,-1.65%,1.65%,0,0,0,559,49,5,TSA,KRB,PO,PO,K,1
Christian Bevan,616,501,Dogwood Maple,2220,303,BB,198,B1,0,0,0,1,3.85%,-3.85%,0,0,0,560,49,5,KRB,TSA,BB,FO,FO,1
Jack Jackie Jackson,354,309,Dogwood Maple,2220,100,K,209,B1,0,1,0,1,-3.16%,3.16%,0,0,0,560,49,5,KRB,TSA,K,K,FO,1
Jayson Kincaid,756,802,Dogwood Maple,2220,222,DP,420,B1,1,1,0,1,-8.10%,8.10%,0,0,0,560,49,5,KRB,TSA,RGO,RGO,DP,1
Dogwood Maple,2220,444,Moby Dick,1719,550,1B,106,T2,0,0,0,1,3.05%,-3.05%,0,0,0,561,49,5,TSA,KRB,1B,1B,1B,1
Zander Ackley,127,2,Moby Dick,1719,200,FO,198,T2,0,1,0,1,-2.62%,2.62%,0,0,0,561,49,5,TSA,KRB,FO,FO,FO,1
"Adrian ""Pudge"" Young",1772,210,Moby Dick,1719,899,PO,311,T2,1,1,0,1,-3.43%,3.43%,0,0,0,561,49,5,TSA,KRB,PO,PO,K,1
Nicholas Fouss,1776,,Moby Dick,1719,,Auto BB,,T2,2,1,0,1,2.53%,-2.53%,0,0,0,561,49,5,TSA,KRB,Auto BB,Auto BB,Auto BB,10
Carlos,132,,Moby Dick,1719,,Auto K,,T2,2,4,0,1,-6.05%,6.05%,0,0,0,561,49,5,TSA,KRB,Auto K,Auto K,Auto K,9
Jin Yang,1695,645,Dogwood Maple,2220,57,RGO,412,B2,0,0,0,1,-3.40%,3.40%,0,0,0,562,49,5,KRB,TSA,RGO,RGO,RGO,1
Arthur Vandelay,518,475,Dogwood Maple,2220,900,RGO,425,B2,1,0,0,1,-2.75%,2.75%,0,0,0,562,49,5,KRB,TSA,RGO,RGO,RGO,1
Moby Dick,1719,800,Dogwood Maple,2220,717,1B,83,B2,2,0,0,1,2.31%,-2.31%,0,1,1,562,49,5,KRB,TSA,1B,1B,1B,1
Thomas Chiggins,16,741,Dogwood Maple,2220,652,1B,89,B2,2,1,0,1,2.69%,-2.69%,0,0,0,562,49,5,KRB,TSA,1B,1B,1B,1
Francis X. Clampazzo,485,316,Dogwood Maple,2220,399,1B,83,B2,2,5,0,1,13.61%,-13.61%,1,0,0,562,49,5,KRB,TSA,1B,1B,1B,1
Kevin Arianna,113,442,Dogwood Maple,2220,827,LGO,385,B2,2,5,1,1,-7.13%,7.13%,0,0,0,562,49,5,KRB,TSA,LGO,LGO,PO,1
Fernando Cruz,176,382,Moby Dick,1719,500,1B,118,T3,0,0,1,1,4.59%,-4.59%,0,0,0,563,49,5,TSA,KRB,1B,1B,1B,1
Batter Buckland,137,162,Moby Dick,1719,955,FO,207,T3,0,1,1,1,-4.07%,4.07%,0,0,0,563,49,5,TSA,KRB,FO,FO,FO,1
Hayden McCloud,129,559,Moby Dick,1719,524,2B,35,T3,1,1,1,1,13.17%,-13.17%,0,0,0,563,49,5,TSA,KRB,2B,2B,2B,1
Lloyd Gross,135,453,Moby Dick,1719,770,PO,317,T3,1,6,1,1,-13.69%,13.69%,0,0,0,563,49,5,TSA,KRB,PO,PO,K,1
Dogwood Maple,2220,500,Moby Dick,1719,312,FO,188,T3,2,6,1,1,-8.36%,8.36%,0,0,0,563,49,5,TSA,KRB,FO,FO,FO,1
Christian Bevan,616,799,Dogwood Maple,2220,871,1B,72,B3,0,0,1,1,4.52%,-4.52%,0,0,0,564,49,5,KRB,TSA,1B,1B,1B,1
Jack Jackie Jackson,354,4,Dogwood Maple,2220,200,FO,196,B3,0,1,1,1,-3.85%,3.85%,0,0,0,564,49,5,KRB,TSA,FO,FO,FO,1
Jayson Kincaid,756,79,Dogwood Maple,2220,619,DP,460,B3,1,1,1,1,-9.11%,9.11%,0,0,0,564,49,5,KRB,TSA,LGO,LGO,DP,1
Zander Ackley,127,850,Moby Dick,1719,777,1B,73,T4,0,0,1,1,4.87%,-4.87%,0,0,1,565,49,5,TSA,KRB,1B,1B,1B,1
Zander Ackley,127,460,Moby Dick,1719,404,SB,56,T4,0,1,1,1,5.35%,-5.35%,0,1,0,565,49,5,TSA,KRB,Steal 2B,Steal 2B,SB,4
Davoin Shower-Handel,1949,896,Moby Dick,1719,800,1B,96,T4,0,2,1,1,9.24%,-9.24%,0,0,0,565,49,5,TSA,KRB,1B,1B,1B,1
Nicholas Fouss,1776,353,Moby Dick,1719,980,PO,373,T4,0,5,1,1,-4.86%,4.86%,0,0,0,565,49,5,TSA,KRB,PO,PO,K,1
Carlos,132,382,Moby Dick,1719,435,1B,53,T4,1,5,1,1,7.18%,-7.18%,1,0,0,565,49,5,TSA,KRB,1B,2B,2B,1
Fernando Cruz,176,724,Moby Dick,1719,4,K,280,T4,1,4,1,2,-5.95%,5.95%,0,0,0,565,49,5,TSA,KRB,K,K,FO,1
Batter Buckland,137,245,Moby Dick,1719,2,FO,243,T4,2,4,1,2,-6.73%,6.73%,0,0,0,565,49,5,TSA,KRB,FO,FO,FO,1
Jin Yang,1695,123,Dogwood Maple,2220,101,2B,22,B4,0,0,1,2,11.20%,-11.20%,0,1,1,566,49,5,KRB,TSA,2B,2B,HR,1
Arthur Vandelay,518,200,Dogwood Maple,2220,619,RGO,419,B4,0,2,1,2,2.03%,-2.03%,0,0,0,566,49,5,KRB,TSA,RGO,RGO,RGO,1
Moby Dick,1719,215,Dogwood Maple,2220,99,1B,116,B4,1,3,1,2,6.80%,-6.80%,1,0,0,566,49,5,KRB,TSA,1B,1B,1B,1
Thomas Chiggins,16,210,Dogwood Maple,2220,25,FO,185,B4,1,1,2,2,-5.81%,5.81%,0,0,0,566,49,5,KRB,TSA,FO,FO,FO,1
Francis X. Clampazzo,485,958,Dogwood Maple,2220,310,PO,352,B4,2,1,2,2,-5.11%,5.11%,0,0,0,566,49,5,KRB,TSA,PO,PO,K,1
Hayden McCloud,129,192,Moby Dick,1719,135,2B,57,T5,0,0,2,2,12.34%,-12.34%,0,0,0,567,49,5,TSA,KRB,2B,2B,2B,1
Lloyd Gross,135,69,Moby Dick,1719,485,PO,416,T5,0,2,2,2,-8.25%,8.25%,0,0,0,567,49,5,TSA,KRB,PO,PO,RGO,1
Dogwood Maple,2220,421,Moby Dick,1719,720,PO,299,T5,1,2,2,2,-7.14%,7.14%,0,0,0,567,49,5,TSA,KRB,PO,PO,K,1
Zander Ackley,127,531,Moby Dick,1719,1,RGO,470,T5,2,2,2,2,-9.40%,9.40%,0,0,0,567,49,5,TSA,KRB,RGO,RGO,LGO,1
Kevin Arianna,113,1,Dogwood Maple,2220,378,RGO,377,B5,0,0,2,2,-4.39%,4.39%,0,0,0,568,49,5,KRB,TSA,RGO,RGO,K,1
Christian Bevan,616,704,Dogwood Maple,2220,701,HR,3,B5,1,0,2,2,25.18%,-25.18%,1,1,1,568,49,5,KRB,TSA,HR,HR,HR,1
Jack Jackie Jackson,354,501,Lloyd Gross,135,444,2B,57,B5,1,0,3,2,3.09%,-3.09%,0,0,0,568,49,5,KRB,TSA,2B,2B,2B,1
Jayson Kincaid,756,900,Lloyd Gross,135,353,RGO,453,B5,1,2,3,2,-1.66%,1.66%,0,0,0,568,49,5,KRB,TSA,RGO,RGO,LGO,1
Jin Yang,1695,600,Lloyd Gross,135,23,RGO,423,B5,2,3,3,2,-4.20%,4.20%,0,0,0,568,49,5,KRB,TSA,RGO,RGO,RGO,1
Davoin Shower-Handel,1949,514,Moby Dick,1719,519,HR,5,T6,0,0,3,2,30.22%,-30.22%,1,1,1,569,49,5,TSA,KRB,HR,HR,HR,1
Nicholas Fouss,1776,735,Moby Dick,1719,500,K,235,T6,0,0,3,3,-6.10%,6.10%,0,0,0,569,49,5,TSA,KRB,K,K,FO,1
Carlos,132,853,Moby Dick,1719,730,BB,123,T6,1,0,3,3,6.77%,-6.77%,0,0,0,569,49,5,TSA,KRB,BB,BB,1B,1
Fernando Cruz,176,900,Moby Dick,1719,650,K,250,T6,1,1,3,3,-8.71%,8.71%,0,0,0,569,49,5,TSA,KRB,K,K,FO,1
Batter Buckland,137,86,Moby Dick,1719,692,PO,394,T6,2,1,3,3,-8.76%,8.76%,0,0,0,569,49,5,TSA,KRB,PO,PO,PO,1
Arthur Vandelay,518,805,Lloyd Gross,135,23,FO,218,B6,0,0,3,3,-6.12%,6.12%,0,0,0,570,49,5,KRB,TSA,FO,FO,FO,1
Moby Dick,1719,410,Lloyd Gross,135,805,PO,395,B6,1,0,3,3,-5.87%,5.87%,0,0,0,570,49,5,KRB,TSA,PO,PO,PO,1
Thomas Chiggins,16,122,Lloyd Gross,135,400,FO,278,B6,2,0,3,3,-4.81%,4.81%,0,0,0,570,49,5,KRB,TSA,FO,FO,FO,1
Steven Wilson,1694,745,Michael Ikenberry,63,525,FO,220,T1,0,0,0,0,-2.52%,2.52%,0,0,0,571,50,5,SPR,CHI,FO,FO,FO,1
Oliver Skipp,260,22,Michael Ikenberry,63,152,1B,130,T1,1,0,0,0,3.21%,-3.21%,0,0,0,571,50,5,SPR,CHI,1B,1B,1B,1
JT Longbottoms,1803,37,Michael Ikenberry,63,484,DP,447,T1,1,1,0,0,-7.47%,7.47%,0,0,0,571,50,5,SPR,CHI,RGO,RGO,DP,1
Doc Dockgoose,1801,859,Skye McDowell,264,519,K,340,B1,0,0,0,0,-2.73%,2.73%,0,0,0,572,50,5,CHI,SPR,K,K,K,1
Johnny Hustle,513,101,Skye McDowell,264,859,FO,242,B1,1,0,0,0,-2.27%,2.27%,0,0,0,572,50,5,CHI,SPR,FO,K,FO,1
Dinglebop McKringleberry,1715,462,Skye McDowell,264,1,LGO,461,B1,2,0,0,0,-1.79%,1.79%,0,0,0,572,50,5,CHI,SPR,LGO,LGO,LGO,1
Saitoo Syde,814,802,Michael Ikenberry,63,15,FO,213,T2,0,0,0,0,-2.86%,2.86%,0,0,0,573,50,5,SPR,CHI,FO,FO,FO,1
Tommy Tightpants,1778,327,Michael Ikenberry,63,230,1B,97,T2,1,0,0,0,3.77%,-3.77%,0,1,1,573,50,5,SPR,CHI,1B,1B,1B,1
Dirk Leschnewski,1781,815,Michael Ikenberry,63,853,2B,38,T2,1,1,0,0,11.06%,-11.06%,0,1,1,573,50,5,SPR,CHI,2B,2B,2B,1
Che Or,1759,327,Michael Ikenberry,63,277,2B,50,T2,1,6,0,0,11.52%,-11.52%,2,0,0,573,50,5,SPR,CHI,2B,2B,2B,1
Ivan Yakenov,2270,36,Michael Ikenberry,63,169,BB,133,T2,1,2,0,2,2.58%,-2.58%,0,0,0,573,50,5,SPR,CHI,BB,1B,1B,1
Tanner Hendrix,375,808,Michael Ikenberry,63,600,FO,208,T2,1,4,0,2,-3.57%,3.57%,0,0,0,573,50,5,SPR,CHI,FO,FO,FO,1
Steven Wilson,1694,53,Michael Ikenberry,63,745,K,308,T2,2,4,0,2,-5.49%,5.49%,0,0,0,573,50,5,SPR,CHI,K,K,K,1
Michael Ikenberry,63,800,Skye McDowell,264,634,BB,166,B2,0,0,0,2,4.10%,-4.10%,0,0,0,574,50,5,CHI,SPR,BB,BB,BB,1
Miroslav,71,313,Skye McDowell,264,634,K,321,B2,0,1,0,2,-3.38%,3.38%,0,0,0,574,50,5,CHI,SPR,K,K,K,1
Charles Magnus,220,666,Skye McDowell,264,285,PO,381,B2,1,1,0,2,-4.45%,4.45%,0,0,0,574,50,5,CHI,SPR,PO,RGO,PO,1
Lily Pink,347,460,Skye McDowell,264,723,FO,263,B2,2,1,0,2,-3.82%,3.82%,0,0,0,574,50,5,CHI,SPR,FO,FO,FO,1
Oliver Skipp,260,646,Doc Dockgoose,1801,301,K,345,T3,0,0,0,2,-1.80%,1.80%,0,0,0,575,50,5,SPR,CHI,K,K,K,1
JT Longbottoms,1803,420,Doc Dockgoose,1801,224,K,196,T3,1,0,0,2,-1.92%,1.92%,0,0,0,575,50,5,SPR,CHI,K,K,FO,1
Saitoo Syde,814,483,Doc Dockgoose,1801,1000,LGO,483,T3,2,0,0,2,-1.37%,1.37%,0,0,0,575,50,5,SPR,CHI,LGO,LGO,LGO,1
Good Doggo,522,710,Skye McDowell,264,29,K,319,B3,0,0,0,2,-3.78%,3.78%,0,0,0,576,50,5,CHI,SPR,K,K,K,1
Indy Sayne,151,149,Skye McDowell,264,829,K,320,B3,1,0,0,2,-2.85%,2.85%,0,0,0,576,50,5,CHI,SPR,K,K,K,1
Doc Dockgoose,1801,161,Skye McDowell,264,111,2B,50,B3,2,0,0,2,2.88%,-2.88%,0,0,0,576,50,5,CHI,SPR,2B,2B,2B,1
Johnny Hustle,513,889,Skye McDowell,264,101,FO,212,B3,2,2,0,2,-5.14%,5.14%,0,0,0,576,50,5,CHI,SPR,FO,FO,FO,1
Tommy Tightpants,1778,904,Doc Dockgoose,1801,226,K,322,T4,0,0,0,2,-1.72%,1.72%,0,0,0,577,50,5,SPR,CHI,K,K,K,1
Dirk Leschnewski,1781,864,Doc Dockgoose,1801,747,BB,117,T4,1,0,0,2,2.21%,-2.21%,0,0,0,577,50,5,SPR,CHI,BB,BB,1B,1
Che Or,1759,380,Doc Dockgoose,1801,33,K,347,T4,1,1,0,2,-2.88%,2.88%,0,0,0,577,50,5,SPR,CHI,K,K,K,1
Ivan Yakenov,2270,747,Doc Dockgoose,1801,927,FO,180,T4,2,1,0,2,-2.68%,2.68%,0,0,0,577,50,5,SPR,CHI,FO,FO,FO,1
Dinglebop McKringleberry,1715,995,Skye McDowell,264,212,FO,217,B4,0,0,0,2,-4.11%,4.11%,0,0,0,578,50,5,CHI,SPR,FO,K,FO,1
Michael Ikenberry,63,1000,Skye McDowell,264,1000,HR,0,B4,1,0,0,2,13.40%,-13.40%,1,1,1,578,50,5,CHI,SPR,HR,HR,HR,1
Miroslav,71,420,Skye McDowell,264,327,1B,93,B4,1,0,1,2,5.67%,-5.67%,0,0,0,578,50,5,CHI,SPR,1B,1B,1B,1
Miroslav,71,366,Skye McDowell,264,417,SB,51,B4,1,1,1,2,3.26%,-3.26%,0,0,0,578,50,5,CHI,SPR,Steal 2B,Steal 2B,SB,4
Charles Magnus,220,222,Skye McDowell,264,366,BB,144,B4,1,2,1,2,5.27%,-5.27%,0,0,0,578,50,5,CHI,SPR,BB,BB,BB,1
Lily Pink,347,69,Skye McDowell,264,499,DP,430,B4,1,4,1,2,-21.72%,21.72%,0,0,0,578,50,5,CHI,SPR,RGO,RGO,DP,1
Tanner Hendrix,375,283,Doc Dockgoose,1801,662,K,379,T5,0,0,1,2,-3.05%,3.05%,0,0,0,579,50,5,SPR,CHI,K,K,PO,1
Steven Wilson,1694,44,Doc Dockgoose,1801,166,BB,122,T5,1,0,1,2,3.54%,-3.54%,0,0,0,579,50,5,SPR,CHI,BB,BB,1B,1
Oliver Skipp,260,304,Doc Dockgoose,1801,912,K,392,T5,1,1,1,2,-3.95%,3.95%,0,0,0,579,50,5,SPR,CHI,K,K,PO,1
JT Longbottoms,1803,777,Doc Dockgoose,1801,478,K,299,T5,2,1,1,2,-3.82%,3.82%,0,0,0,579,50,5,SPR,CHI,K,K,K,1
Good Doggo,522,302,Skye McDowell,264,722,RGO,420,B5,0,0,1,2,-6.28%,6.28%,0,0,0,580,50,5,CHI,SPR,RGO,RGO,RGO,1
Indy Sayne,151,336,Skye McDowell,264,420,1B,84,B5,1,0,1,2,8.02%,-8.02%,0,0,0,580,50,5,CHI,SPR,1B,1B,1B,1
Doc Dockgoose,1801,1000,Skye McDowell,264,420,DP,420,B5,1,1,1,2,-18.19%,18.19%,0,0,0,580,50,5,CHI,SPR,RGO,RGO,DP,1
Saitoo Syde,814,211,Doc Dockgoose,1801,501,K,290,T6,0,0,1,2,-2.38%,2.38%,0,0,0,581,50,5,SPR,CHI,K,K,K,1
Tommy Tightpants,1778,1,Doc Dockgoose,1801,18,HR,17,T6,1,0,1,2,11.08%,-11.08%,1,1,1,581,50,5,SPR,CHI,HR,HR,HR,1
Dirk Leschnewski,1781,312,Doc Dockgoose,1801,420,BB,108,T6,1,0,1,3,1.26%,-1.26%,0,0,0,581,50,5,SPR,CHI,BB,BB,1B,1
Che Or,1759,791,Doc Dockgoose,1801,211,DP,420,T6,1,1,1,3,-3.11%,3.11%,0,0,0,581,50,5,SPR,CHI,RGO,RGO,DP,1
Johnny Hustle,513,678,Skye McDowell,264,78,PO,400,B6,0,0,1,3,-5.69%,5.69%,0,0,0,582,50,5,CHI,SPR,PO,LGO,RGO,1
Dinglebop McKringleberry,1715,64,Skye McDowell,264,679,RGO,385,B6,1,0,1,3,-4.52%,4.52%,0,0,0,582,50,5,CHI,SPR,RGO,RGO,PO,1
Michael Ikenberry,63,680,Skye McDowell,264,411,FO,269,B6,2,0,1,3,-2.31%,2.31%,0,0,0,582,50,5,CHI,SPR,FO,FO,FO,1
Johnnie Twofingers,502,380,Henri Deschenes,2234,727,PO,347,T1,0,0,0,0,-2.52%,2.52%,0,0,0,583,51,5,GTY,WWC,PO,PO,K,1
Moose McCracken,308,414,Henri Deschenes,2234,200,FO,214,T1,1,0,0,0,-2.52%,2.52%,0,0,0,583,51,5,GTY,WWC,FO,FO,FO,1
Nick Papagiorgio,499,777,Henri Deschenes,2234,722,2B,55,T1,2,0,0,0,2.84%,-2.84%,0,0,0,583,51,5,GTY,WWC,2B,2B,2B,1
Shogun Of Harlem,1762,880,Henri Deschenes,2234,612,K,268,T1,2,2,0,0,-4.58%,4.58%,0,0,0,583,51,5,GTY,WWC,K,K,FO,1
Skippy Schumaker,1843,662,Sammy Tee,731,205,LGO,457,B1,0,0,0,0,-2.73%,2.73%,0,0,0,584,51,5,WWC,GTY,LGO,LGO,LGO,1
Guido Ligiorno,1830,605,Sammy Tee,731,457,BB,148,B1,1,0,0,0,3.37%,-3.37%,0,0,0,584,51,5,WWC,GTY,BB,BB,BB,1
J.J. Guemes,207,99,Sammy Tee,731,808,K,291,B1,1,1,0,0,-4.14%,4.14%,0,0,0,584,51,5,WWC,GTY,K,K,K,1
Guido Ligiorno,1830,530,Sammy Tee,731,808,SB,278,B1,2,1,0,0,1.20%,-1.20%,0,0,0,584,51,5,WWC,GTY,Steal 2B,Steal 2B,SB,4
Guido Ligiorno,1830,976,Sammy Tee,731,2,SB,26,B1,2,2,0,0,0.85%,-0.85%,0,0,0,584,51,5,WWC,GTY,Steal 3B,Steal 3B,SB,4
Hubert Farnsworth,1815,405,Sammy Tee,731,2,RGO,403,B1,2,3,0,0,-5.34%,5.34%,0,0,0,584,51,5,WWC,GTY,RGO,RGO,RGO,1
Brian Talapia,1752,150,Henri Deschenes,2234,778,PO,372,T2,0,0,0,0,-2.86%,2.86%,0,0,0,585,51,5,GTY,WWC,PO,PO,K,1
Slappy McBatty,1737,310,Henri Deschenes,2234,542,FO,232,T2,1,0,0,0,-2.90%,2.90%,0,0,0,585,51,5,GTY,WWC,FO,FO,FO,1
Magnus Dongfest,579,13,Henri Deschenes,2234,522,LGO,491,T2,2,0,0,0,-1.53%,1.53%,0,0,0,585,51,5,GTY,WWC,LGO,LGO,LGO,1
Paddy O'Connor,549,630,Sammy Tee,731,720,1B,90,B2,0,0,0,0,3.93%,-3.93%,0,0,0,586,51,5,WWC,GTY,1B,1B,1B,1
Jeremy Nakamoto,1787,720,Sammy Tee,731,90,DP,370,B2,0,1,0,0,-9.36%,9.36%,0,0,0,586,51,5,WWC,GTY,RGO,RGO,K,1
Ferret McGivins,1706,643,Sammy Tee,731,720,1B,77,B2,2,0,0,0,2.05%,-2.05%,0,0,0,586,51,5,WWC,GTY,1B,1B,1B,1
Ferret McGivins,1706,77,Sammy Tee,731,311,SB,234,B2,2,1,0,0,1.32%,-1.32%,0,0,0,586,51,5,WWC,GTY,Steal 2B,Steal 2B,SB,4
Henryk Szydlowski,1720,311,Sammy Tee,731,777,LGO,466,B2,2,2,0,0,-5.25%,5.25%,0,0,0,586,51,5,WWC,GTY,LGO,LGO,LGO,1
Maddie Williams,2213,520,Henri Deschenes,2234,311,FO,209,T3,0,0,0,0,-3.25%,3.25%,0,0,0,587,51,5,GTY,WWC,FO,FO,FO,1
Chris Orosz,219,11,Henri Deschenes,2234,20,HR,9,T3,1,0,0,0,14.14%,-14.14%,1,1,1,587,51,5,GTY,WWC,HR,HR,HR,1
Johnnie Twofingers,502,723,Henri Deschenes,2234,26,PO,303,T3,1,0,0,1,-2.57%,2.57%,0,0,0,587,51,5,GTY,WWC,PO,PO,K,1
Moose McCracken,308,27,Henri Deschenes,2234,72,2B,45,T3,2,0,0,1,3.13%,-3.13%,0,0,0,587,51,5,GTY,WWC,2B,2B,2B,1
Nick Papagiorgio,499,285,Henri Deschenes,2234,724,RGO,439,T3,2,2,0,1,-4.69%,4.69%,0,0,0,587,51,5,GTY,WWC,RGO,RGO,RGO,1
Hans Ali,197,650,Sammy Tee,731,527,BB,123,B3,0,0,0,1,5.56%,-5.56%,0,0,0,588,51,5,WWC,GTY,BB,BB,1B,1
Skippy Schumaker,1843,581,Sammy Tee,731,827,FO,246,B3,0,1,0,1,-4.25%,4.25%,0,0,0,588,51,5,WWC,GTY,FO,FO,FO,1
Guido Ligiorno,1830,69,Sammy Tee,731,246,BB,177,B3,1,1,0,1,6.55%,-6.55%,0,0,0,588,51,5,WWC,GTY,BB,BB,BB,1
J.J. Guemes,207,246,Sammy Tee,731,600,DP,354,B3,1,4,0,1,-17.44%,17.44%,0,0,0,588,51,5,WWC,GTY,RGO,RGO,K,1
Shogun Of Harlem,1762,600,Henri Deschenes,2234,185,PO,415,T4,0,0,0,1,-2.65%,2.65%,0,0,0,589,51,5,GTY,WWC,PO,PO,RGO,1
Brian Talapia,1752,777,Henri Deschenes,2234,4,FO,227,T4,1,0,0,1,-2.58%,2.58%,0,0,0,589,51,5,GTY,WWC,FO,FO,FO,1
Slappy McBatty,1737,950,Henri Deschenes,2234,555,PO,395,T4,2,0,0,1,-1.93%,1.93%,0,0,0,589,51,5,GTY,WWC,PO,PO,PO,1
Hubert Farnsworth,1815,555,Sammy Tee,731,366,FO,189,B4,0,0,0,1,-4.80%,4.80%,0,0,0,590,51,5,WWC,GTY,FO,FO,FO,1
Paddy O'Connor,549,66,Sammy Tee,731,366,K,300,B4,1,0,0,1,-4.17%,4.17%,0,0,0,590,51,5,WWC,GTY,K,K,K,1
Jeremy Nakamoto,1787,862,Sammy Tee,731,720,BB,142,B4,2,0,0,1,3.29%,-3.29%,0,0,0,590,51,5,WWC,GTY,BB,BB,BB,1
Ferret McGivins,1706,350,Sammy Tee,731,142,FO,208,B4,2,1,0,1,-6.64%,6.64%,0,0,0,590,51,5,WWC,GTY,FO,FO,FO,1
Magnus Dongfest,579,998,Henri Deschenes,2234,846,BB,152,T5,0,0,0,1,3.41%,-3.41%,0,0,0,591,51,5,GTY,WWC,BB,BB,BB,1
Maddie Williams,2213,192,Henri Deschenes,2234,555,PO,363,T5,0,1,0,1,-2.92%,2.92%,0,0,0,591,51,5,GTY,WWC,PO,PO,K,1
Chris Orosz,219,462,Henri Deschenes,2234,74,PO,388,T5,1,1,0,1,-3.95%,3.95%,0,0,0,591,51,5,GTY,WWC,PO,PO,PO,1
Magnus Dongfest,579,800,Henri Deschenes,2234,592,SB,208,T5,2,1,0,1,0.86%,-0.86%,0,0,0,591,51,5,GTY,WWC,Steal 2B,Steal 2B,SB,4
Johnnie Twofingers,502,600,Henri Deschenes,2234,235,PO,365,T5,2,2,0,1,-4.68%,4.68%,0,0,0,591,51,5,GTY,WWC,PO,PO,K,1
Henryk Szydlowski,1720,813,Sammy Tee,731,205,RGO,392,B5,0,0,0,1,-6.28%,6.28%,0,0,0,592,51,5,WWC,GTY,RGO,RGO,PO,1
Hans Ali,197,877,Sammy Tee,731,105,K,228,B5,1,0,0,1,-5.99%,5.99%,0,0,0,592,51,5,WWC,GTY,K,K,FO,1
Skippy Schumaker,1843,823,Sammy Tee,731,305,LGO,482,B5,2,0,0,1,-4.18%,4.18%,0,0,0,592,51,5,WWC,GTY,LGO,LGO,LGO,1
Moose McCracken,308,985,Henri Deschenes,2234,615,PO,370,T6,0,0,0,1,-2.38%,2.38%,0,0,0,593,51,5,GTY,WWC,PO,PO,K,1
Nick Papagiorgio,499,582,Henri Deschenes,2234,777,FO,195,T6,1,0,0,1,-1.97%,1.97%,0,0,0,593,51,5,GTY,WWC,FO,FO,FO,1
Shogun Of Harlem,1762,99,Henri Deschenes,2234,582,LGO,483,T6,2,0,0,1,-1.52%,1.52%,0,0,0,593,51,5,GTY,WWC,LGO,LGO,LGO,1
Guido Ligiorno,1830,505,Sammy Tee,731,418,1B,87,B6,0,0,0,1,12.13%,-12.13%,0,0,0,594,51,5,WWC,GTY,1B,1B,1B,1
J.J. Guemes,207,618,Sammy Tee,731,87,DP,469,B6,0,1,0,1,-30.75%,30.75%,0,0,0,594,51,5,WWC,GTY,LGO,LGO,DP,1
Hubert Farnsworth,1815,684,Sammy Tee,731,1,PO,317,B6,2,0,0,1,-6.62%,6.62%,0,0,0,594,51,5,WWC,GTY,PO,PO,K,1
Joe Pidgeon,301,765,Harry McPotterson,1703,327,LGO,438,T1,0,0,0,0,-2.52%,2.52%,0,0,0,595,52,5,WSH,PPP,LGO,LGO,RGO,1
Jabreakit Jubawit,1964,789,Harry McPotterson,1703,69,K,280,T1,1,0,0,0,-2.52%,2.52%,0,0,0,595,52,5,WSH,PPP,K,K,FO,1
Billy McBeans,681,420,Harry McPotterson,1703,666,FO,246,T1,2,0,0,0,-1.74%,1.74%,0,0,0,595,52,5,WSH,PPP,FO,FO,FO,1
Kris Pcock,1957,369,Cagney O’verpaid,1743,766,PO,397,B1,0,0,0,0,-2.73%,2.73%,0,0,0,596,52,5,PPP,WSH,PO,PO,PO,1
Snoop E. Dogg,22,950,Cagney O’verpaid,1743,109,BB,159,B1,1,0,0,0,3.37%,-3.37%,0,1,1,596,52,5,PPP,WSH,BB,BB,BB,1
Sticky Mickey Mantle,2236,842,Cagney O’verpaid,1743,9,BB,167,B1,1,1,0,0,4.72%,-4.72%,0,0,0,596,52,5,PPP,WSH,BB,BB,BB,1
Cam Caminiti,1768,327,KC Bats,287,30,K,297,B1,1,4,0,0,-6.06%,6.06%,0,0,0,596,52,5,PPP,WSH,K,K,K,1
Larry Longshot,32,542,KC Bats,287,624,1B,82,B1,2,4,0,0,10.84%,-10.84%,1,0,0,596,52,5,PPP,WSH,1B,1B,1B,1
Nipsey Slip,529,888,KC Bats,287,700,BB,188,B1,2,5,1,0,1.78%,-1.78%,0,0,0,596,52,5,PPP,WSH,BB,FO,FO,1
Poop McGee,596,1,KC Bats,287,306,PO,305,B1,2,7,1,0,-6.94%,6.94%,0,0,0,596,52,5,PPP,WSH,PO,PO,K,1
Miguel Snow,290,555,Harry McPotterson,1703,254,RGO,301,T2,0,0,1,0,-2.54%,2.54%,0,0,0,597,52,5,WSH,PPP,RGO,RGO,K,1
Joel Embiid,285,749,Harry McPotterson,1703,360,PO,389,T2,1,0,1,0,-3.53%,3.53%,0,0,0,597,52,5,WSH,PPP,PO,PO,PO,1
Jack Ryan,2215,525,Harry McPotterson,1703,605,1B,80,T2,2,0,1,0,2.27%,-2.27%,0,0,0,597,52,5,WSH,PPP,1B,1B,1B,1
Angel Leon,234,33,Harry McPotterson,1703,778,FO,255,T2,2,1,1,0,-3.71%,3.71%,0,0,0,597,52,5,WSH,PPP,FO,FO,FO,1
Juni Panda,488,350,KC Bats,287,247,1B,103,B2,0,0,1,0,3.56%,-3.56%,0,0,0,598,52,5,PPP,WSH,1B,1B,1B,1
Harry McPotterson,1703,812,KC Bats,287,70,FO,258,B2,0,1,1,0,-3.09%,3.09%,0,0,0,598,52,5,PPP,WSH,FO,K,FO,1
Kris Pcock,1957,119,KC Bats,287,534,PO,415,B2,1,1,1,0,-3.09%,3.09%,0,0,0,598,52,5,PPP,WSH,PO,PO,DP,1
Snoop E. Dogg,22,777,KC Bats,287,202,RGO,425,B2,2,1,1,0,-3.14%,3.14%,0,0,0,598,52,5,PPP,WSH,RGO,RGO,RGO,1
Mitch Kramer,669,2,Harry McPotterson,1703,504,LGO,498,T3,0,0,1,0,-3.61%,3.61%,0,0,0,599,52,5,WSH,PPP,LGO,LGO,LGO,1
Phil Coulson,226,133,Nipsey Slip,529,55,1B,78,T3,1,0,1,0,4.28%,-4.28%,0,0,0,599,52,5,WSH,PPP,1B,1B,1B,1
Joe Pidgeon,301,327,Nipsey Slip,529,1,DP,326,T3,1,1,1,0,-9.57%,9.57%,0,0,0,599,52,5,WSH,PPP,RGO,RGO,K,1
Sticky Mickey Mantle,2236,232,KC Bats,287,13,FO,219,B3,0,0,1,0,-2.34%,2.34%,0,0,0,600,52,5,PPP,WSH,FO,FO,FO,1
Cam Caminiti,1768,321,KC Bats,287,942,PO,379,B3,1,0,1,0,-2.24%,2.24%,0,0,0,600,52,5,PPP,WSH,PO,PO,PO,1
Larry Longshot,32,641,KC Bats,287,431,K,210,B3,2,0,1,0,-1.44%,1.44%,0,0,0,600,52,5,PPP,WSH,K,K,FO,1
Jabreakit Jubawit,1964,,Nipsey Slip,529,,Auto K,,T4,0,0,1,0,-4.06%,4.06%,0,0,0,601,52,5,WSH,PPP,Auto K,Auto K,Auto K,9
Billy McBeans,681,999,Nipsey Slip,529,972,HR,27,T4,1,0,1,0,16.69%,-16.69%,1,1,1,601,52,5,WSH,PPP,HR,HR,3B,1
Miguel Snow,290,799,Steven Seagal,1687,369,LGO,430,T4,1,0,1,1,-3.68%,3.68%,0,0,0,601,52,5,WSH,PPP,LGO,LGO,RGO,1
Joel Embiid,285,725,Lefty Louis,166,569,FO,156,T4,2,0,1,1,-2.53%,2.53%,0,0,0,601,52,5,WSH,PPP,FO,FO,BB,1
Nelson Van Halen,649,251,KC Bats,287,40,K,211,B4,0,0,1,1,-3.93%,3.93%,0,0,0,602,52,5,PPP,WSH,K,K,FO,1
Poop McGee,596,1,KC Bats,287,624,PO,377,B4,1,0,1,1,-3.43%,3.43%,0,0,0,602,52,5,PPP,WSH,PO,PO,K,1
Juni Panda,488,303,KC Bats,287,434,1B,131,B4,2,0,1,1,2.40%,-2.40%,0,0,0,602,52,5,PPP,WSH,1B,1B,1B,1
Lefty Louis,166,802,KC Bats,287,232,PO,430,B4,2,1,1,1,-5.11%,5.11%,0,0,0,602,52,5,PPP,WSH,PO,PO,RGO,1
Jack Ryan,2215,648,Lefty Louis,166,430,FO,218,T5,0,0,1,1,-4.71%,4.71%,0,0,0,603,52,5,WSH,PPP,FO,FO,FO,1
Angel Leon,234,324,Lefty Louis,166,812,LGO,488,T5,1,0,1,1,-4.48%,4.48%,0,0,0,603,52,5,WSH,PPP,LGO,LGO,LGO,1
Mitch Kramer,669,848,Lefty Louis,166,241,PO,393,T5,2,0,1,1,-3.26%,3.26%,0,0,0,603,52,5,WSH,PPP,PO,PO,PO,1
Kris Pcock,1957,111,KC Bats,287,646,RGO,465,B5,0,0,1,1,-4.39%,4.39%,0,0,0,604,52,5,PPP,WSH,RGO,RGO,LGO,1
Snoop E. Dogg,22,888,KC Bats,287,878,HR,10,B5,1,0,1,1,25.18%,-25.18%,1,1,1,604,52,5,PPP,WSH,HR,HR,HR,1
Sticky Mickey Mantle,2236,914,KC Bats,287,515,PO,399,B5,1,0,2,1,-1.61%,1.61%,0,0,0,604,52,5,PPP,WSH,PO,PO,PO,1
Cam Caminiti,1768,732,KC Bats,287,242,LGO,490,B5,2,0,2,1,-1.16%,1.16%,0,0,0,604,52,5,PPP,WSH,LGO,LGO,LGO,1
Phil Coulson,226,454,Lefty Louis,166,569,BB,115,T6,0,0,2,1,10.13%,-10.13%,0,1,1,605,52,5,WSH,PPP,BB,BB,1B,1
Joe Pidgeon,301,909,Lefty Louis,166,954,2B,45,T6,0,1,2,1,34.80%,-34.80%,0,1,1,605,52,5,WSH,PPP,2B,2B,2B,1
Jabreakit Jubawit,1964,734,Lefty Louis,166,467,K,267,T6,0,6,2,1,-12.12%,12.12%,0,0,0,605,52,5,WSH,PPP,K,K,Sac,1
Billy McBeans,681,105,Lefty Louis,166,569,LGO,464,T6,1,6,2,1,-6.33%,6.33%,1,0,0,605,52,5,WSH,PPP,LGO,LGO,LGO,1
Miguel Snow,290,303,Lefty Louis,166,299,HR,4,T6,2,2,2,2,42.29%,-42.29%,2,1,1,605,52,5,WSH,PPP,HR,HR,HR,1
Joel Embiid,285,643,Lefty Louis,166,525,BB,118,T6,2,0,2,4,0.78%,-0.78%,0,0,0,605,52,5,WSH,PPP,BB,BB,1B,1
Jack Ryan,2215,845,Lefty Louis,166,145,K,300,T6,2,1,2,4,-1.63%,1.63%,0,0,0,605,52,5,WSH,PPP,K,K,K,1
Sini Alexander,605,24,KC Bats,287,696,PO,328,B6,0,0,2,4,-5.69%,5.69%,0,0,0,606,52,5,PPP,WSH,PO,PO,K,1
Nelson Van Halen,649,454,KC Bats,287,272,FO,182,B6,1,0,2,4,-4.52%,4.52%,0,0,0,606,52,5,PPP,WSH,FO,K,FO,1
Poop McGee,596,420,KC Bats,287,3,PO,417,B6,2,0,2,4,-2.31%,2.31%,0,0,0,606,52,5,PPP,WSH,PO,PO,RGO,1
Anita Shower,1760,696,Jackson Sanchez,46,353,K,343,T1,0,0,0,0,-2.52%,2.52%,0,0,0,607,53,5,ISO,YUM,K,K,K,1
Bob Dobby,1736,666,Jackson Sanchez,46,619,1B,47,T1,1,0,0,0,3.21%,-3.21%,0,0,0,607,53,5,ISO,YUM,1B,1B,2B,1
Matt Taylor,780,858,Jackson Sanchez,46,339,DP,481,T1,1,1,0,0,-7.47%,7.47%,0,0,0,607,53,5,ISO,YUM,LGO,LGO,DP,1
Derek Tombides,580,945,Warren Andrews,758,600,RGO,345,B1,0,0,0,0,-2.73%,2.73%,0,0,0,608,53,5,YUM,ISO,RGO,RGO,K,1
Jose Canyousico,36,16,Warren Andrews,758,478,LGO,462,B1,1,0,0,0,-2.27%,2.27%,0,0,0,608,53,5,YUM,ISO,LGO,LGO,LGO,1
Blandon Brade,50,23,Warren Andrews,758,791,K,232,B1,2,0,0,0,-1.79%,1.79%,0,0,0,608,53,5,YUM,ISO,K,K,FO,1
Dick Nutter LXIX,1784,717,Jackson Sanchez,46,377,K,340,T2,0,0,0,0,-2.86%,2.86%,0,0,0,609,53,5,ISO,YUM,K,K,K,1
Speedy Claxton,1756,619,Jackson Sanchez,46,523,BB,96,T2,1,0,0,0,3.77%,-3.77%,0,0,0,609,53,5,ISO,YUM,BB,1B,1B,1
Grand Salami,781,122,Jackson Sanchez,46,564,DP,442,T2,1,1,0,0,-8.20%,8.20%,0,0,0,609,53,5,ISO,YUM,LGO,LGO,DP,1
Trevor Rose,1725,222,Warren Andrews,758,919,RGO,303,B2,0,0,0,0,-2.75%,2.75%,0,0,0,610,53,5,YUM,ISO,RGO,RGO,K,1
Rabbi Chase,411,678,Warren Andrews,758,400,K,278,B2,1,0,0,0,-2.68%,2.68%,0,0,0,610,53,5,YUM,ISO,K,K,FO,1
Spike McBride,423,240,Warren Andrews,758,9,K,231,B2,2,0,0,0,-1.88%,1.88%,0,0,0,610,53,5,YUM,ISO,K,K,FO,1
Sweet Bobby Dangles Jr,1748,500,Jackson Sanchez,46,779,K,279,T3,0,0,0,0,-3.25%,3.25%,0,0,0,611,53,5,ISO,YUM,K,K,FO,1
Cy Hadd Jr.,282,891,Jackson Sanchez,46,98,FO,207,T3,1,0,0,0,-3.05%,3.05%,0,0,0,611,53,5,ISO,YUM,FO,FO,FO,1
Warren Andrews,758,600,Jackson Sanchez,46,817,K,217,T3,2,0,0,0,-2.06%,2.06%,0,0,0,611,53,5,ISO,YUM,K,K,FO,1
Arthur Dent,691,832,Warren Andrews,758,719,1B,113,B3,0,0,0,0,4.52%,-4.52%,0,0,0,612,53,5,YUM,ISO,1B,1B,1B,1
LaPrince Frye,45,297,Warren Andrews,758,599,DP,302,B3,0,1,0,0,-10.64%,10.64%,0,0,0,612,53,5,YUM,ISO,RGO,RGO,K,1
Nate Savage,1819,,Warren Andrews,758,,Auto K,,B3,2,0,0,0,-2.32%,2.32%,0,0,0,612,53,5,YUM,ISO,Auto K,Auto K,Auto K,9
Anita Shower,1760,709,Jackson Sanchez,46,508,FO,201,T4,0,0,0,0,-3.87%,3.87%,0,0,0,613,53,5,ISO,YUM,FO,FO,FO,1
Bob Dobby,1736,747,Jackson Sanchez,46,44,K,297,T4,1,0,0,0,-3.68%,3.68%,0,0,0,613,53,5,ISO,YUM,K,K,K,1
Matt Taylor,780,815,Jackson Sanchez,46,797,2B,18,T4,2,0,0,0,4.80%,-4.80%,0,0,0,613,53,5,ISO,YUM,2B,2B,HR,1
Dick Nutter LXIX,1784,364,Jackson Sanchez,46,777,RGO,413,T4,2,2,0,0,-7.33%,7.33%,0,0,0,613,53,5,ISO,YUM,RGO,RGO,RGO,1
Derek Tombides,580,309,Warren Andrews,758,811,LGO,498,B4,0,0,0,0,-3.93%,3.93%,0,0,0,614,53,5,YUM,ISO,LGO,LGO,LGO,1
Jose Canyousico,36,681,Warren Andrews,758,678,HR,3,B4,1,0,0,0,18.57%,-18.57%,1,1,1,614,53,5,YUM,ISO,HR,HR,HR,1
Blandon Brade,50,,Warren Andrews,758,,Auto K,,B4,1,0,1,0,-1.93%,1.93%,0,0,0,614,53,5,YUM,ISO,Auto K,Auto K,Auto K,9
Trevor Rose,1725,22,Warren Andrews,758,888,BB,134,B4,2,0,1,0,1.84%,-1.84%,0,0,0,614,53,5,YUM,ISO,BB,BB,1B,1
Rabbi Chase,411,689,Warren Andrews,758,417,K,272,B4,2,1,1,0,-3.40%,3.40%,0,0,0,614,53,5,YUM,ISO,K,K,FO,1
Speedy Claxton,1756,480,Jackson Sanchez,46,742,K,262,T5,0,0,1,0,-5.29%,5.29%,0,0,0,615,53,5,ISO,YUM,K,FO,FO,1
Grand Salami,781,789,Jackson Sanchez,46,314,LGO,475,T5,1,0,1,0,-5.21%,5.21%,0,0,0,615,53,5,ISO,YUM,LGO,LGO,LGO,1
Sweet Bobby Dangles Jr,1748,222,Jackson Sanchez,46,256,2B,34,T5,2,0,1,0,6.39%,-6.39%,0,1,1,615,53,5,ISO,YUM,2B,3B,2B,1
Cy Hadd Jr.,282,80,Jackson Sanchez,46,99,3B,19,T5,2,2,1,0,24.18%,-24.18%,1,0,0,615,53,5,ISO,YUM,3B,HR,HR,1
Warren Andrews,758,555,Jackson Sanchez,46,237,K,318,T5,2,3,1,1,-11.30%,11.30%,0,0,0,615,53,5,ISO,YUM,K,K,K,1
Spike McBride,423,37,Warren Andrews,758,210,FO,173,B5,0,0,1,1,-4.39%,4.39%,0,0,0,616,53,5,YUM,ISO,FO,FO,BB,1
Arthur Dent,691,426,Warren Andrews,758,210,FO,216,B5,1,0,1,1,-4.77%,4.77%,0,0,0,616,53,5,YUM,ISO,FO,FO,FO,1
LaPrince Frye,45,233,Warren Andrews,758,19,FO,214,B5,2,0,1,1,-3.04%,3.04%,0,0,0,616,53,5,YUM,ISO,FO,FO,FO,1
Anita Shower,1760,442,Tristan Leung,1692,499,1B,57,T6,0,0,1,1,6.62%,-6.62%,0,1,1,617,53,5,ISO,YUM,1B,1B,2B,1
Bob Dobby,1736,90,Tristan Leung,1692,31,1B,59,T6,0,1,1,1,16.95%,-16.95%,0,1,1,617,53,5,ISO,YUM,1B,2B,2B,1
Matt Taylor,780,781,Tristan Leung,1692,762,HR,19,T6,0,4,1,1,22.06%,-22.06%,3,1,1,617,53,5,ISO,YUM,HR,HR,HR,1
Dick Nutter LXIX,1784,274,Tristan Leung,1692,810,RGO,464,T6,0,0,1,4,-0.44%,0.44%,0,0,0,617,53,5,ISO,YUM,RGO,RGO,LGO,1
Speedy Claxton,1756,308,Tristan Leung,1692,277,3B,31,T6,1,0,1,4,2.42%,-2.42%,0,0,0,617,53,5,ISO,YUM,3B,3B,2B,1
Grand Salami,781,,Tristan Leung,1692,,Auto K,,T6,1,3,1,4,-2.02%,2.02%,0,0,0,617,53,5,ISO,YUM,Auto K,Auto K,Auto K,9
Sweet Bobby Dangles Jr,1748,222,Tristan Leung,1692,501,K,279,T6,2,3,1,4,-1.32%,1.32%,0,0,0,617,53,5,ISO,YUM,K,K,FO,1
Skinny Bear Brown Hill,752,610,Warren Andrews,758,617,HR,7,B6,0,0,1,4,6.57%,-6.57%,1,1,1,618,53,5,YUM,ISO,HR,HR,HR,1
Derek Tombides,580,13,Warren Andrews,758,219,K,206,B6,0,0,2,4,-5.69%,5.69%,0,0,0,618,53,5,YUM,ISO,K,K,FO,1
Jose Canyousico,36,912,Warren Andrews,758,519,RGO,393,B6,1,0,2,4,-4.52%,4.52%,0,0,0,618,53,5,YUM,ISO,RGO,RGO,PO,1
Blandon Brade,50,178,Warren Andrews,758,899,K,279,B6,2,0,2,4,-2.31%,2.31%,0,0,0,618,53,5,YUM,ISO,K,K,FO,1
Whit Merto,162,703,Joe Watson,194,666,2B,37,T1,0,0,0,0,6.78%,-6.78%,0,1,1,619,54,5,RKT,GBC,2B,2B,2B,1
Chris P. Bacon,210,284,Joe Watson,194,999,K,285,T1,0,2,0,0,-4.82%,4.82%,0,0,0,619,54,5,RKT,GBC,K,K,K,1
Kyle Corbett,707,555,Joe Watson,194,620,1B,65,T1,1,2,0,0,6.66%,-6.66%,0,0,0,619,54,5,RKT,GBC,1B,2B,1B,1
Randy Pole,714,369,Joe Watson,194,200,Sac,169,T1,1,5,0,0,-0.95%,0.95%,1,0,0,619,54,5,RKT,GBC,FO,FO,BB,1
Corey Scooter,1717,720,Joe Watson,194,69,PO,349,T1,2,1,0,1,-3.20%,3.20%,0,0,0,619,54,5,RKT,GBC,PO,PO,K,1
Henry Crowell,184,233,Nick Willis Jr.,1841,364,BB,131,B1,0,0,0,1,3.85%,-3.85%,0,1,1,620,54,5,GBC,RKT,BB,BB,1B,1
Demetrios Ooga,180,514,Nick Willis Jr.,1841,390,1B,124,B1,0,1,0,1,7.92%,-7.92%,0,1,1,620,54,5,GBC,RKT,1B,1B,1B,1
Whitt Bass,39,845,Nick Willis Jr.,1841,653,BB,192,B1,0,4,0,1,7.06%,-7.06%,0,1,1,620,54,5,GBC,RKT,BB,FO,FO,1
Beeg Yoshi,1718,390,Nick Willis Jr.,1841,688,K,298,B1,0,7,0,1,-5.82%,5.82%,0,0,0,620,54,5,GBC,RKT,K,K,K,1
Javier Tootblan,192,498,Nick Willis Jr.,1841,421,1B,77,B1,1,7,0,1,11.43%,-11.43%,1,1,1,620,54,5,GBC,RKT,1B,2B,1B,1
Dirtbag Darrell,262,888,Nick Willis Jr.,1841,268,K,380,B1,1,7,1,1,-10.49%,10.49%,0,0,0,620,54,5,GBC,RKT,K,K,PO,1
Rotticus Scott,562,355,Nick Willis Jr.,1841,289,1B,66,B1,2,7,1,1,16.46%,-16.46%,2,0,0,620,54,5,GBC,RKT,1B,1B,1B,1
Bench Warmer,665,935,Nick Willis Jr.,1841,69,BB,134,B1,2,5,3,1,2.10%,-2.10%,0,0,0,620,54,5,GBC,RKT,BB,BB,1B,1
Zack Mouse,1721,69,Nick Willis Jr.,1841,935,BB,134,B1,2,7,3,1,7.37%,-7.37%,1,0,0,620,54,5,GBC,RKT,BB,BB,1B,1
Henry Crowell,184,344,Nick Willis Jr.,1841,755,RGO,411,B1,2,7,4,1,-4.67%,4.67%,0,0,0,620,54,5,GBC,RKT,RGO,RGO,RGO,1
DeVon Pepper,1701,690,Joe Watson,194,1,K,311,T2,0,0,4,1,-2.37%,2.37%,0,0,0,621,54,5,RKT,GBC,K,K,K,1
Nick Dudley,689,100,Joe Watson,194,750,K,350,T2,1,0,4,1,-1.46%,1.46%,0,0,0,621,54,5,RKT,GBC,K,K,K,1
Mongster Mash,344,691,Joe Watson,194,500,FO,191,T2,2,0,4,1,-2.11%,2.11%,0,0,0,621,54,5,RKT,GBC,FO,FO,FO,1
Demetrios Ooga,180,569,Nick Willis Jr.,1841,216,K,353,B2,0,0,4,1,-1.81%,1.81%,0,0,0,622,54,5,GBC,RKT,K,K,K,1
Whitt Bass,39,420,Nick Willis Jr.,1841,546,1B,126,B2,1,0,4,1,1.97%,-1.97%,0,0,0,622,54,5,GBC,RKT,1B,1B,1B,1
Beeg Yoshi,1718,182,Nick Willis Jr.,1841,952,FO,230,B2,1,1,4,1,-1.51%,1.51%,0,0,0,622,54,5,GBC,RKT,FO,FO,FO,1
Javier Tootblan,192,321,Nick Willis Jr.,1841,880,RGO,441,B2,2,1,4,1,-1.98%,1.98%,0,0,0,622,54,5,GBC,RKT,RGO,RGO,RGO,1
Cali Guerensk,1729,666,Joe Watson,194,999,PO,333,T3,0,0,4,1,-2.36%,2.36%,0,0,0,623,54,5,RKT,GBC,PO,PO,K,1
Whit Merto,162,230,Joe Watson,194,15,FO,215,T3,1,0,4,1,-2.17%,2.17%,0,0,0,623,54,5,RKT,GBC,FO,FO,FO,1
Chris P. Bacon,210,310,Joe Watson,194,785,LGO,475,T3,2,0,4,1,-1.25%,1.25%,0,0,0,623,54,5,RKT,GBC,LGO,LGO,LGO,1
Dirtbag Darrell,262,433,Nick Willis Jr.,1841,222,FO,211,B3,0,0,4,1,-0.85%,0.85%,0,0,0,624,54,5,GBC,RKT,FO,FO,FO,1
Rotticus Scott,562,420,Nick Willis Jr.,1841,864,LGO,444,B3,1,0,4,1,-1.09%,1.09%,0,0,0,624,54,5,GBC,RKT,LGO,LGO,RGO,1
Bench Warmer,665,444,Nick Willis Jr.,1841,465,HR,21,B3,2,0,4,1,5.01%,-5.01%,1,1,1,624,54,5,GBC,RKT,HR,HR,HR,1
Zack Mouse,1721,420,Nick Willis Jr.,1841,444,2B,24,B3,2,0,5,1,1.01%,-1.01%,0,0,0,624,54,5,GBC,RKT,2B,2B,HR,1
Henry Crowell,184,500,Nick Willis Jr.,1841,120,PO,380,B3,2,2,5,1,-1.20%,1.20%,0,0,0,624,54,5,GBC,RKT,PO,PO,PO,1
Kyle Corbett,707,17,Joe Watson,194,450,RGO,433,T4,0,0,5,1,-1.66%,1.66%,0,0,0,625,54,5,RKT,GBC,RGO,RGO,RGO,1
Randy Pole,714,17,Joe Watson,194,269,K,252,T4,1,0,5,1,-1.50%,1.50%,0,0,0,625,54,5,RKT,GBC,K,K,FO,1
Corey Scooter,1717,750,Joe Watson,194,888,FO,138,T4,2,0,5,1,-0.92%,0.92%,0,0,0,625,54,5,RKT,GBC,FO,FO,BB,1
Demetrios Ooga,180,500,Nick Willis Jr.,1841,297,FO,203,B4,0,0,5,1,-0.37%,0.37%,0,0,0,626,54,5,GBC,RKT,FO,FO,FO,1
BEST Nova,191,455,Nick Willis Jr.,1841,85,K,370,B4,1,0,5,1,-0.68%,0.68%,0,0,0,626,54,5,GBC,RKT,K,K,K,1
Beeg Yoshi,1718,420,Nick Willis Jr.,1841,927,LGO,493,B4,2,0,5,1,0.17%,-0.17%,0,0,0,626,54,5,GBC,RKT,LGO,LGO,LGO,1
DeVon Pepper,1701,790,Joe Watson,194,900,1B,110,T5,0,0,5,1,2.91%,-2.91%,0,0,0,627,54,5,RKT,GBC,1B,1B,1B,1
DeVon Pepper,1701,177,Joe Watson,194,478,CS,301,T5,0,1,5,1,-4.21%,4.21%,0,0,0,627,54,5,RKT,GBC,CS 2B,CS 2B,CS,4
Nick Dudley,689,600,Joe Watson,194,400,FO,200,T5,1,0,5,1,-1.32%,1.32%,0,0,0,627,54,5,RKT,GBC,FO,FO,FO,1
Mongster Mash,344,220,Joe Watson,194,12,FO,208,T5,2,0,5,1,-0.53%,0.53%,0,0,0,627,54,5,RKT,GBC,FO,FO,FO,1
Javier Tootblan,192,220,Tonto Kowalski,188,220,HR,0,B5,0,0,5,1,0.88%,-0.88%,1,1,1,628,54,5,GBC,RKT,HR,HR,HR,1
Dirtbag Darrell,262,733,Tonto Kowalski,188,22,K,289,B5,0,0,6,1,-0.07%,0.07%,0,0,0,628,54,5,GBC,RKT,K,K,K,1
Rotticus Scott,562,220,Tonto Kowalski,188,220,HR,0,B5,1,0,6,1,0.38%,-0.38%,1,1,1,628,54,5,GBC,RKT,HR,HR,HR,1
Bench Warmer,665,420,Tonto Kowalski,188,220,FO,200,B5,1,0,7,1,0.06%,-0.06%,0,0,0,628,54,5,GBC,RKT,FO,FO,FO,1
Zack Mouse,1721,,Tonto Kowalski,188,,IBB,,B5,2,0,7,1,-0.16%,0.16%,0,1,1,628,54,5,GBC,RKT,IBB,IBB,IBB,8
Henry Crowell,184,220,Tonto Kowalski,188,220,HR,0,B5,2,1,7,1,0.16%,-0.16%,2,1,1,628,54,5,GBC,RKT,HR,HR,HR,1
Demetrios Ooga,180,214,Tonto Kowalski,188,220,HR,6,B5,2,0,9,1,0.00%,0.00%,1,1,1,628,54,5,GBC,RKT,HR,HR,HR,1
Julio Escobar,686,626,Doc Crudelly,1811,201,LGO,425,T1,0,0,0,0,-2.52%,2.52%,0,0,0,629,55,5,TAC,TRA,LGO,LGO,RGO,1
Gang Weed,1732,600,Doc Crudelly,1811,632,2B,32,T1,1,0,0,0,4.48%,-4.48%,0,1,1,629,55,5,TAC,TRA,2B,2B,2B,1
Kentho Birne,349,567,Doc Crudelly,1811,586,HR,19,T1,1,2,0,0,16.46%,-16.46%,2,1,1,629,55,5,TAC,TRA,HR,3B,HR,1
Robin Reynolds,371,502,Doc Crudelly,1811,700,FO,198,T1,1,0,0,2,-1.76%,1.76%,0,0,0,629,55,5,TAC,TRA,FO,K,FO,1
Alaina Mclean,1947,372,Doc Crudelly,1811,26,RGO,346,T1,2,0,0,2,-1.53%,1.53%,0,0,0,629,55,5,TAC,TRA,RGO,RGO,K,1
Captain Harry C Legs,480,190,Duke Marriot,775,61,BB,129,B1,0,0,0,2,3.41%,-3.41%,0,0,0,630,55,5,TRA,TAC,BB,BB,1B,1
Scherbie Fully-Loaded,679,777,Duke Marriot,775,432,K,345,B1,0,1,0,2,-2.71%,2.71%,0,0,0,630,55,5,TRA,TAC,K,K,K,1
Sven Jorgenson,405,802,Duke Marriot,775,611,FO,191,B1,1,1,0,2,-4.52%,4.52%,0,0,0,630,55,5,TRA,TAC,FO,FO,FO,1
Sunshine Pardue,315,499,Duke Marriot,775,211,K,288,B1,2,1,0,2,-3.13%,3.13%,0,0,0,630,55,5,TRA,TAC,K,K,K,1
IBO Bust,186,888,Doc Crudelly,1811,820,1B,68,T2,0,0,0,2,2.42%,-2.42%,0,0,0,631,55,5,TAC,TRA,1B,1B,1B,1
IBO Bust,186,380,Doc Crudelly,1811,430,SB,50,T2,0,1,0,2,2.01%,-2.01%,0,0,0,631,55,5,TAC,TRA,Steal 2B,Steal 2B,SB,4
Richard Cheese Jr.,699,290,Doc Crudelly,1811,765,LGO,475,T2,0,2,0,2,-3.01%,3.01%,0,0,0,631,55,5,TAC,TRA,LGO,LGO,LGO,1
Thomas Nova,1,666,Doc Crudelly,1811,110,LGO,444,T2,1,2,0,2,-2.37%,2.37%,0,0,0,631,55,5,TAC,TRA,LGO,LGO,RGO,1
Pablo Sanchez III,250,121,Doc Crudelly,1811,383,FO,262,T2,2,2,0,2,-4.11%,4.11%,0,0,0,631,55,5,TAC,TRA,FO,FO,FO,1
Jack Meoff,1829,,Duke Marriot,775,,IBB,,B2,0,0,0,2,4.10%,-4.10%,0,0,0,632,55,5,TRA,TAC,IBB,IBB,IBB,8
Jay Peg,724,169,Duke Marriot,775,537,K,368,B2,0,1,0,2,-3.38%,3.38%,0,0,0,632,55,5,TRA,TAC,K,K,K,1
Gregory Taint,1712,672,Duke Marriot,775,375,K,297,B2,1,1,0,2,-4.45%,4.45%,0,0,0,632,55,5,TRA,TAC,K,K,K,1
Birdman,393,753,Duke Marriot,775,9,K,256,B2,2,1,0,2,-3.82%,3.82%,0,0,0,632,55,5,TRA,TAC,K,K,FO,1
Julio Escobar,686,420,Doc Crudelly,1811,455,HR,35,T3,0,0,0,2,8.67%,-8.67%,1,1,1,633,55,5,TAC,TRA,HR,HR,2B,1
Gang Weed,1732,690,Doc Crudelly,1811,387,PO,303,T3,0,0,0,3,-1.17%,1.17%,0,0,0,633,55,5,TAC,TRA,PO,RGO,K,1
Kentho Birne,349,305,Doc Crudelly,1811,888,LGO,417,T3,1,0,0,3,-1.45%,1.45%,0,0,0,633,55,5,TAC,TRA,LGO,LGO,RGO,1
Robin Reynolds,371,305,Doc Crudelly,1811,188,BB,117,T3,2,0,0,3,0.69%,-0.69%,0,1,1,633,55,5,TAC,TRA,BB,BB,1B,1
Alaina Mclean,1947,678,Doc Crudelly,1811,537,1B,141,T3,2,1,0,3,1.58%,-1.58%,0,1,1,633,55,5,TAC,TRA,1B,BB,BB,1
IBO Bust,186,679,Doc Crudelly,1811,666,3B,13,T3,2,5,0,3,10.32%,-10.32%,2,0,0,633,55,5,TAC,TRA,3B,3B,HR,1
Richard Cheese Jr.,699,333,Doc Crudelly,1811,125,FO,208,T3,2,3,0,5,-1.41%,1.41%,0,0,0,633,55,5,TAC,TRA,FO,FO,FO,1
Doc Crudelly,1811,425,Duke Marriot,775,763,K,338,B3,0,0,0,5,-1.63%,1.63%,0,0,0,634,55,5,TRA,TAC,K,K,K,1
Captain Harry C Legs,480,844,Duke Marriot,775,779,2B,65,B3,1,0,0,5,2.87%,-2.87%,0,1,1,634,55,5,TRA,TAC,2B,2B,1B,1
Scherbie Fully-Loaded,679,999,Duke Marriot,775,904,1B,95,B3,1,2,0,5,6.44%,-6.44%,0,1,1,634,55,5,TRA,TAC,1B,BB,1B,1
Sven Jorgenson,405,763,Duke Marriot,775,623,BB,140,B3,1,5,0,5,3.59%,-3.59%,0,1,1,634,55,5,TRA,TAC,BB,BB,BB,1
Sunshine Pardue,315,600,Duke Marriot,775,907,K,307,B3,1,7,0,5,-7.45%,7.45%,0,0,0,634,55,5,TRA,TAC,K,K,K,1
Jack Meoff,1829,382,Duke Marriot,775,370,HR,12,B3,2,7,0,5,23.89%,-23.89%,4,1,1,634,55,5,TRA,TAC,HR,HR,HR,1
Jay Peg,724,143,Duke Marriot,775,1,BB,142,B3,2,0,4,5,2.56%,-2.56%,0,0,0,634,55,5,TRA,TAC,BB,BB,BB,1
Gregory Taint,1712,781,Duke Marriot,775,69,K,288,B3,2,1,4,5,-4.84%,4.84%,0,0,0,634,55,5,TRA,TAC,K,K,K,1
Thomas Nova,1,666,Birdman,393,201,LGO,465,T4,0,0,4,5,-2.65%,2.65%,0,0,0,635,55,5,TAC,TRA,LGO,LGO,LGO,1
Pablo Sanchez III,250,849,Birdman,393,197,K,348,T4,1,0,4,5,-2.58%,2.58%,0,0,0,635,55,5,TAC,TRA,K,K,K,1
Julio Escobar,686,258,Birdman,393,629,RGO,371,T4,2,0,4,5,-1.93%,1.93%,0,0,0,635,55,5,TAC,TRA,RGO,RGO,K,1
Birdman,393,390,Duke Marriot,775,915,RGO,475,B4,0,0,4,5,-4.80%,4.80%,0,0,0,636,55,5,TRA,TAC,RGO,RGO,LGO,1
Doc Crudelly,1811,778,Duke Marriot,775,623,FO,155,B4,1,0,4,5,-4.17%,4.17%,0,0,0,636,55,5,TRA,TAC,FO,FO,BB,1
Captain Harry C Legs,480,206,Duke Marriot,775,87,BB,119,B4,2,0,4,5,3.29%,-3.29%,0,0,0,636,55,5,TRA,TAC,BB,BB,1B,1
Scherbie Fully-Loaded,679,555,Duke Marriot,775,110,PO,445,B4,2,1,4,5,-6.64%,6.64%,0,0,0,636,55,5,TRA,TAC,PO,PO,RGO,1
Gang Weed,1732,900,Birdman,393,629,FO,271,T5,0,0,4,5,-3.05%,3.05%,0,0,0,637,55,5,TAC,TRA,FO,FO,FO,1
Kentho Birne,349,820,Birdman,393,370,LGO,450,T5,1,0,4,5,-2.51%,2.51%,0,0,0,637,55,5,TAC,TRA,LGO,LGO,RGO,1
Robin Reynolds,371,370,Birdman,393,490,BB,120,T5,2,0,4,5,2.10%,-2.10%,0,0,0,637,55,5,TAC,TRA,BB,BB,1B,1
Alaina Mclean,1947,345,Birdman,393,5,K,340,T5,2,1,4,5,-3.82%,3.82%,0,0,0,637,55,5,TAC,TRA,K,K,K,1
Graham Grams,400,327,Duke Marriot,775,289,2B,38,B5,0,0,4,5,16.12%,-16.12%,0,0,0,638,55,5,TRA,TAC,2B,2B,2B,1
Sunshine Pardue,315,698,Robin Reynolds,371,126,Bunt K,428,B5,0,2,4,5,-10.18%,10.18%,0,0,0,638,55,5,TRA,TAC,Bunt K,Bunt K,Bunt K,3
Jack Meoff,1829,,Robin Reynolds,371,,IBB,,B5,1,2,4,5,5.55%,-5.55%,0,0,0,638,55,5,TRA,TAC,IBB,IBB,IBB,8
Jay Peg,724,703,Robin Reynolds,371,374,K,329,B5,1,4,4,5,-12.78%,12.78%,0,0,0,638,55,5,TRA,TAC,K,K,K,1
Gregory Taint,1712,845,Robin Reynolds,371,375,RGO,470,B5,2,4,4,5,-15.16%,15.16%,0,0,0,638,55,5,TRA,TAC,RGO,RGO,LGO,1
IBO Bust,186,777,Birdman,393,874,1B,97,T6,0,0,4,5,2.70%,-2.70%,0,0,0,639,55,5,TAC,TRA,1B,1B,1B,1
IBO Bust,186,636,Birdman,393,901,SB,265,T6,0,1,4,5,2.86%,-2.86%,0,0,0,639,55,5,TAC,TRA,Steal 2B,Steal 2B,SB,4
Richard Cheese Jr.,699,389,Birdman,393,10,PO,379,T6,0,2,4,5,-4.04%,4.04%,0,0,0,639,55,5,TAC,TRA,PO,PO,PO,1
Thomas Nova,1,69,Birdman,393,742,K,327,T6,1,2,4,5,-2.99%,2.99%,0,0,0,639,55,5,TAC,TRA,K,K,K,1
Duke Marriot,775,326,Birdman,393,52,K,274,T6,2,2,4,5,-4.40%,4.40%,0,0,0,639,55,5,TAC,TRA,K,K,FO,1
Jimmy Johns,303,326,Robin Reynolds,371,854,LGO,472,B6,0,0,4,5,-9.46%,9.46%,0,0,0,640,55,5,TRA,TAC,LGO,LGO,LGO,1
Doc Crudelly,1811,950,Robin Reynolds,371,472,LGO,478,B6,1,0,4,5,-9.16%,9.16%,0,0,0,640,55,5,TRA,TAC,LGO,LGO,LGO,1
Captain Harry C Legs,480,87,Robin Reynolds,371,52,HR,35,B6,2,0,4,5,48.41%,-48.41%,1,1,1,640,55,5,TRA,TAC,HR,HR,2B,1
Scherbie Fully-Loaded,679,420,Robin Reynolds,371,618,FO,198,B6,2,0,5,5,-4.81%,4.81%,0,0,0,640,55,5,TRA,TAC,FO,FO,FO,1
Fuzzy Dunlop,382,1,Thomas Beowulf,218,14,HR,13,T1,0,0,0,0,10.88%,-10.88%,1,1,1,641,56,5,SAR,LMN,HR,HR,HR,1
Cole Martinez,408,138,Thomas Beowulf,218,543,PO,405,T1,0,0,0,1,-2.87%,2.87%,0,0,0,641,56,5,SAR,LMN,PO,PO,RGO,1
Tucker Doubt,567,434,Thomas Beowulf,218,888,LGO,454,T1,1,0,0,1,-1.89%,1.89%,0,0,0,641,56,5,SAR,LMN,LGO,LGO,LGO,1
Lawrence Wiseman,380,783,Thomas Beowulf,218,999,FO,216,T1,2,0,0,1,-1.65%,1.65%,0,0,0,641,56,5,SAR,LMN,FO,FO,FO,1
Johnny Omar,2241,568,Hudson Hildebrandt,284,902,K,334,B1,0,0,0,1,-3.15%,3.15%,0,0,0,642,56,5,LMN,SAR,K,K,K,1
Jack Alpha,73,752,Hudson Hildebrandt,284,455,K,297,B1,1,0,0,1,-2.67%,2.67%,0,0,0,642,56,5,LMN,SAR,K,K,K,1
Darth Vader,336,212,Hudson Hildebrandt,284,688,LGO,476,B1,2,0,0,1,-1.59%,1.59%,0,0,0,642,56,5,LMN,SAR,LGO,LGO,LGO,1
Crimson Chin,78,260,Thomas Beowulf,218,559,K,299,T2,0,0,0,1,-2.62%,2.62%,0,0,0,643,56,5,SAR,LMN,K,K,K,1
Mason Miller,270,1,Thomas Beowulf,218,1000,HR,1,T2,1,0,0,1,10.95%,-10.95%,1,1,1,643,56,5,SAR,LMN,HR,HR,HR,1
Aaron Burr,646,321,Thomas Beowulf,218,1,K,320,T2,1,0,0,2,-1.76%,1.76%,0,0,0,643,56,5,SAR,LMN,K,K,K,1
Makesiondon Kelkboom,327,379,Thomas Beowulf,218,560,BB,181,T2,2,0,0,2,1.49%,-1.49%,0,0,0,643,56,5,SAR,LMN,BB,BB,FO,1
Ferdinand Sea-Bull,754,777,Thomas Beowulf,218,203,RGO,426,T2,2,1,0,2,-2.92%,2.92%,0,0,0,643,56,5,SAR,LMN,RGO,RGO,RGO,1
ViktRon Swanson,651,420,Hudson Hildebrandt,284,101,K,319,B2,0,0,0,2,-3.08%,3.08%,0,0,0,644,56,5,LMN,SAR,K,K,K,1
Thelonius Junk,623,877,Hudson Hildebrandt,284,699,FO,178,B2,1,0,0,2,-2.95%,2.95%,0,0,0,644,56,5,LMN,SAR,FO,FO,FO,1
Joey McCarty,390,988,Hudson Hildebrandt,284,322,RGO,334,B2,2,0,0,2,-1.52%,1.52%,0,0,0,644,56,5,LMN,SAR,RGO,RGO,K,1
Fuzzy Dunlop,382,767,Thomas Beowulf,218,837,1B,70,T3,0,0,0,2,2.17%,-2.17%,0,0,0,645,56,5,SAR,LMN,1B,1B,1B,1
Cole Martinez,408,77,Thomas Beowulf,218,170,1B,93,T3,0,1,0,2,5.10%,-5.10%,0,0,0,645,56,5,SAR,LMN,1B,1B,1B,1
Tucker Doubt,567,654,Thomas Beowulf,218,55,PO,401,T3,0,4,0,2,-3.54%,3.54%,0,0,0,645,56,5,SAR,LMN,PO,PO,DP,1
Lawrence Wiseman,380,206,Thomas Beowulf,218,876,K,330,T3,1,4,0,2,-3.55%,3.55%,0,0,0,645,56,5,SAR,LMN,K,K,K,1
Crimson Chin,78,420,Thomas Beowulf,218,207,FO,213,T3,2,4,0,2,-5.27%,5.27%,0,0,0,645,56,5,SAR,LMN,FO,FO,FO,1
Kyle Corbett,707,353,Hudson Hildebrandt,284,555,FO,202,B3,0,0,0,2,-3.78%,3.78%,0,0,0,646,56,5,LMN,SAR,FO,FO,FO,1
Lemon Ade,193,212,Hudson Hildebrandt,284,738,RGO,474,B3,1,0,0,2,-2.85%,2.85%,0,0,0,646,56,5,LMN,SAR,RGO,RGO,LGO,1
Lloyd Gross,135,777,Hudson Hildebrandt,284,404,PO,373,B3,2,0,0,2,-2.26%,2.26%,0,0,0,646,56,5,LMN,SAR,PO,PO,K,1
Mason Miller,270,500,Thomas Beowulf,218,678,FO,178,T4,0,0,0,2,-1.72%,1.72%,0,0,0,647,56,5,SAR,LMN,FO,FO,FO,1
Aaron Burr,646,888,Thomas Beowulf,218,430,LGO,458,T4,1,0,0,2,-1.81%,1.81%,0,0,0,647,56,5,SAR,LMN,LGO,LGO,LGO,1
Makesiondon Kelkboom,327,727,Thomas Beowulf,218,612,1B,115,T4,2,0,0,2,1.14%,-1.14%,0,1,1,647,56,5,SAR,LMN,1B,BB,1B,1
Ferdinand Sea-Bull,754,341,Thomas Beowulf,218,333,HR,8,T4,2,1,0,2,14.66%,-14.66%,2,1,1,647,56,5,SAR,LMN,HR,HR,HR,1
Fuzzy Dunlop,382,525,Gray Goose McGillicuddy,1961,59,LGO,466,T4,2,0,0,4,-0.59%,0.59%,0,0,0,647,56,5,SAR,LMN,LGO,LGO,LGO,1
Johnny Omar,2241,202,Hudson Hildebrandt,284,522,K,320,B4,0,0,0,4,-2.35%,2.35%,0,0,0,648,56,5,LMN,SAR,K,K,K,1
Jack Alpha,73,187,Hudson Hildebrandt,284,674,LGO,487,B4,1,0,0,4,-1.74%,1.74%,0,0,0,648,56,5,LMN,SAR,LGO,LGO,LGO,1
Darth Vader,336,42,Hudson Hildebrandt,284,456,RGO,414,B4,2,0,0,4,-0.85%,0.85%,0,0,0,648,56,5,LMN,SAR,RGO,RGO,RGO,1
Cole Martinez,408,555,Gray Goose McGillicuddy,1961,634,2B,79,T5,0,0,0,4,1.27%,-1.27%,0,0,0,649,56,5,SAR,LMN,2B,1B,1B,1
Elmo Seabreeze,1785,407,Gray Goose McGillicuddy,1961,19,RGO,388,T5,0,2,0,4,0.90%,-0.90%,0,0,0,649,56,5,SAR,LMN,RGO,RGO,PO,1
Lawrence Wiseman,380,120,Gray Goose McGillicuddy,1961,841,K,279,T5,1,3,0,4,-2.48%,2.48%,0,0,0,649,56,5,SAR,LMN,K,K,Sac,1
Crimson Chin,78,861,Gray Goose McGillicuddy,1961,120,K,259,T5,2,3,0,4,-1.02%,1.02%,0,0,0,649,56,5,SAR,LMN,K,K,FO,1
ViktRon Swanson,651,215,Hudson Hildebrandt,284,890,K,325,B5,0,0,0,4,-2.17%,2.17%,0,0,0,650,56,5,LMN,SAR,K,K,K,1
Thelonius Junk,623,888,Hudson Hildebrandt,284,477,PO,411,B5,1,0,0,4,-1.47%,1.47%,0,0,0,650,56,5,LMN,SAR,PO,PO,RGO,1
Joey McCarty,390,124,Hudson Hildebrandt,284,100,HR,24,B5,2,0,0,4,3.10%,-3.10%,1,1,1,650,56,5,LMN,SAR,HR,HR,HR,1
Kyle Corbett,707,2,Hudson Hildebrandt,284,933,2B,69,B5,2,0,1,4,2.35%,-2.35%,0,0,0,650,56,5,LMN,SAR,2B,1B,1B,1
Lemon Ade,193,643,Hudson Hildebrandt,284,404,FO,239,B5,2,2,1,4,-3.63%,3.63%,0,0,0,650,56,5,LMN,SAR,FO,FO,FO,1
Mason Miller,270,153,Gray Goose McGillicuddy,1961,861,FO,292,T6,0,0,1,4,-0.44%,0.44%,0,0,0,651,56,5,SAR,LMN,FO,PO,K,1
Aaron Burr,646,209,Gray Goose McGillicuddy,1961,153,2B,56,T6,1,0,1,4,0.69%,-0.69%,0,0,0,651,56,5,SAR,LMN,2B,2B,2B,1
Makesiondon Kelkboom,327,435,Gray Goose McGillicuddy,1961,56,RGO,379,T6,1,2,1,4,-0.29%,0.29%,0,0,0,651,56,5,SAR,LMN,RGO,RGO,PO,1
Ferdinand Sea-Bull,754,,Gray Goose McGillicuddy,1961,,Auto K,,T6,2,3,1,4,-1.32%,1.32%,0,0,0,651,56,5,SAR,LMN,Auto K,Auto K,Auto K,9
Lloyd Gross,135,576,Hudson Hildebrandt,284,902,K,326,B6,0,0,1,4,-3.09%,3.09%,0,0,0,652,56,5,LMN,SAR,K,K,K,1
Johnny Omar,2241,681,Hudson Hildebrandt,284,10,K,329,B6,1,0,1,4,-2.13%,2.13%,0,0,0,652,56,5,LMN,SAR,K,K,K,1
Jack Alpha,73,419,Hudson Hildebrandt,284,13,K,406,B6,2,0,1,4,-0.73%,0.73%,0,0,0,652,56,5,LMN,SAR,K,K,RGO,1
Pedro Cerrano-Spaz,1798,777,Emerson Austin,703,100,K,323,T1,0,0,0,0,-2.52%,2.52%,0,0,0,653,57,5,KTY,NUL,K,K,K,1
Mike Unt,1797,577,Emerson Austin,703,969,RGO,392,T1,1,0,0,0,-2.52%,2.52%,0,0,0,653,57,5,KTY,NUL,RGO,RGO,PO,1
Dan Gerzone,1953,383,Emerson Austin,703,421,2B,38,T1,2,0,0,0,2.84%,-2.84%,0,0,0,653,57,5,KTY,NUL,2B,2B,2B,1
Tyler Phoenix,99,785,Emerson Austin,703,220,RGO,435,T1,2,2,0,0,-4.58%,4.58%,0,0,0,653,57,5,KTY,NUL,RGO,RGO,RGO,1
Homer Pimpson,144,119,Mason Spurs,103,831,K,288,B1,0,0,0,0,-2.73%,2.73%,0,0,0,654,57,5,NUL,KTY,K,K,K,1
Joey-Claire Hiveswap,291,,Mason Spurs,103,,Auto K,,B1,1,0,0,0,-2.27%,2.27%,0,0,0,654,57,5,NUL,KTY,Auto K,Auto K,Auto K,9
KlentakPay TheFuckingTax,1700,817,Mason Spurs,103,789,3B,28,B1,2,0,0,0,3.55%,-3.55%,0,1,1,654,57,5,NUL,KTY,3B,3B,3B,1
Callie Braden,604,500,Mason Spurs,103,610,BB,110,B1,2,3,0,0,0.82%,-0.82%,0,1,1,654,57,5,NUL,KTY,BB,BB,1B,1
Haydn Werfer,392,1,Mason Spurs,103,110,1B,109,B1,2,5,0,0,10.77%,-10.77%,1,1,1,654,57,5,NUL,KTY,1B,BB,1B,1
Bartholomew J. Bottomtext,740,360,Mason Spurs,103,269,1B,91,B1,2,5,1,0,9.02%,-9.02%,1,1,1,654,57,5,NUL,KTY,1B,BB,1B,1
Monica M. Clinton,1774,469,Mason Spurs,103,499,2B,30,B1,2,5,2,0,12.85%,-12.85%,2,1,1,654,57,5,NUL,KTY,2B,2B,2B,1
Ziggy Cedar,56,809,Mason Spurs,103,708,1B,101,B1,2,2,4,0,3.88%,-3.88%,1,0,0,654,57,5,NUL,KTY,1B,BB,1B,1
Bob Robb,90,99,Mason Spurs,103,780,K,319,B1,2,1,5,0,-1.76%,1.76%,0,0,0,654,57,5,NUL,KTY,K,K,K,1
Otis Nixon Sr.,107,121,Emerson Austin,703,8,1B,113,T2,0,0,5,0,1.50%,-1.50%,0,0,0,655,57,5,KTY,NUL,1B,1B,1B,1
Jason Varitek,1810,387,Emerson Austin,703,310,1B,77,T2,0,1,5,0,2.81%,-2.81%,0,0,0,655,57,5,KTY,NUL,1B,1B,1B,1
Chase Hillinger,1710,331,Emerson Austin,703,969,DP,362,T2,0,4,5,0,-7.50%,7.50%,0,0,0,655,57,5,KTY,NUL,RGO,RGO,K,1
David Roidtiz,1742,354,Emerson Austin,703,100,K,254,T2,2,3,5,0,-0.14%,0.14%,0,0,0,655,57,5,KTY,NUL,K,K,FO,1
Homer Pimpson,144,741,Dick McScrotington,81,612,1B,129,B2,0,0,5,0,0.89%,-0.89%,0,0,0,656,57,5,NUL,KTY,1B,BB,1B,1
Joey-Claire Hiveswap,291,365,Dick McScrotington,81,13,PO,352,B2,0,1,5,0,-0.52%,0.52%,0,0,0,656,57,5,NUL,KTY,PO,RGO,K,1
KlentakPay TheFuckingTax,1700,562,Dick McScrotington,81,12,DP,450,B2,1,1,5,0,-1.21%,1.21%,0,0,0,656,57,5,NUL,KTY,RGO,RGO,DP,1
Hank Murphy,76,720,Emerson Austin,703,669,1B,51,T3,0,0,5,0,2.51%,-2.51%,0,0,0,657,57,5,KTY,NUL,1B,1B,2B,1
Hank Murphy,76,600,Emerson Austin,703,922,CS,322,T3,0,1,5,0,-3.53%,3.53%,0,0,0,657,57,5,KTY,NUL,CS 2B,CS 2B,CS,4
Pedro Cerrano-Spaz,1798,323,Emerson Austin,703,112,FO,211,T3,1,0,5,0,-1.75%,1.75%,0,0,0,657,57,5,KTY,NUL,FO,FO,FO,1
Mike Unt,1797,287,Emerson Austin,703,520,FO,233,T3,2,0,5,0,0.07%,-0.07%,0,0,0,657,57,5,KTY,NUL,FO,FO,FO,1
Callie Braden,604,250,Dick McScrotington,81,846,LGO,404,B3,0,0,5,0,0.09%,-0.09%,0,0,0,658,57,5,NUL,KTY,LGO,RGO,RGO,1
Haydn Werfer,392,250,Dick McScrotington,81,846,PO,404,B3,1,0,5,0,-0.41%,0.41%,0,0,0,658,57,5,NUL,KTY,PO,PO,RGO,1
Bartholomew J. Bottomtext,740,865,Dick McScrotington,81,253,K,388,B3,2,0,5,0,-0.50%,0.50%,0,0,0,658,57,5,NUL,KTY,K,PO,PO,1
Dan Gerzone,1953,13,Emerson Austin,703,222,FO,209,T4,0,0,5,0,-1.25%,1.25%,0,0,0,659,57,5,KTY,NUL,FO,FO,FO,1
Tyler Phoenix,99,841,Emerson Austin,703,801,2B,40,T4,1,0,5,0,0.81%,-0.81%,0,1,1,659,57,5,KTY,NUL,2B,2B,2B,1
Kirby Birch,1800,112,Emerson Austin,703,386,K,274,T4,1,2,5,0,-0.56%,0.56%,0,0,0,659,57,5,KTY,NUL,K,K,FO,1
Jason Varitek,1810,547,Emerson Austin,703,499,2B,48,T4,2,2,5,0,2.55%,-2.55%,1,0,0,659,57,5,KTY,NUL,2B,1B,2B,1
Chase Hillinger,1710,900,Emerson Austin,703,8,BB,108,T4,2,2,5,1,2.04%,-2.04%,0,0,0,659,57,5,KTY,NUL,BB,BB,1B,1
David Roidtiz,1742,201,Emerson Austin,703,777,RGO,424,T4,2,4,5,1,-4.40%,4.40%,0,0,0,659,57,5,KTY,NUL,RGO,RGO,RGO,1
Monica M. Clinton,1774,777,Dick McScrotington,81,612,BB,165,B4,0,0,5,1,0.23%,-0.23%,0,0,0,660,57,5,NUL,KTY,BB,FO,BB,1
Ziggy Cedar,56,322,Dick McScrotington,81,846,DP,476,B4,0,1,5,1,-1.28%,1.28%,0,0,0,660,57,5,NUL,KTY,RGO,RGO,DP,1
Bob Robb,90,501,Dick McScrotington,81,612,2B,111,B4,2,0,5,1,0.66%,-0.66%,0,1,1,660,57,5,NUL,KTY,2B,1B,1B,1
Homer Pimpson,144,378,Dick McScrotington,81,612,BB,234,B4,2,2,5,1,-0.10%,0.10%,0,1,1,660,57,5,NUL,KTY,BB,K,FO,1
Joey-Claire Hiveswap,291,312,Dick McScrotington,81,253,3B,59,B4,2,4,5,1,2.76%,-2.76%,2,0,0,660,57,5,NUL,KTY,3B,2B,2B,1
KlentakPay TheFuckingTax,1700,550,Dick McScrotington,81,13,RGO,463,B4,2,3,7,1,0.24%,-0.24%,0,0,0,660,57,5,NUL,KTY,RGO,LGO,LGO,1
Hank Murphy,76,598,Emerson Austin,703,123,LGO,475,T5,0,0,7,1,-0.43%,0.43%,0,0,0,661,57,5,KTY,NUL,LGO,LGO,LGO,1
Pedro Cerrano-Spaz,1798,432,Emerson Austin,703,725,K,293,T5,1,0,7,1,-0.51%,0.51%,0,0,0,661,57,5,KTY,NUL,K,K,K,1
Mike Unt,1797,578,Emerson Austin,703,323,K,255,T5,2,0,7,1,-0.13%,0.13%,0,0,0,661,57,5,KTY,NUL,K,K,FO,1
Callie Braden,604,69,Dick McScrotington,81,12,3B,57,B5,0,0,7,1,-0.04%,0.04%,0,1,1,662,57,5,NUL,KTY,3B,2B,2B,1
Haydn Werfer,392,250,Dick McScrotington,81,612,K,362,B5,0,3,7,1,-0.14%,0.14%,0,0,0,662,57,5,NUL,KTY,K,PO,K,1
Bartholomew J. Bottomtext,740,700,Dick McScrotington,81,253,RGO,447,B5,1,3,7,1,0.12%,-0.12%,1,0,0,662,57,5,NUL,KTY,RGO,RGO,RGO,1
Joey McCarty,390,,Dick McScrotington,81,,Auto BB,,B5,2,0,8,1,-0.16%,0.16%,0,0,0,662,57,5,NUL,KTY,Auto BB,Auto BB,Auto BB,10
Hannibal Bligh,1724,13,Dick McScrotington,81,846,1B,167,B5,2,1,8,1,0.13%,-0.13%,0,0,0,662,57,5,NUL,KTY,1B,FO,BB,1
Duke Silver,602,333,Rekt Keyo,331,238,1B,95,T1,0,0,0,0,3.67%,-3.67%,0,1,1,663,58,5,TAI,DAD,1B,BB,1B,1
Not From Wisconsin,2222,512,Rekt Keyo,331,116,PO,396,T1,0,1,0,0,-2.98%,2.98%,0,0,0,663,58,5,TAI,DAD,PO,PO,PO,1
Tyler Pylon,778,621,Rekt Keyo,331,467,BB,154,T1,1,1,0,0,4.63%,-4.63%,0,1,1,663,58,5,TAI,DAD,BB,BB,BB,1
Festus Ezeli,743,677,Rekt Keyo,331,711,2B,34,T1,1,4,0,0,14.71%,-14.71%,1,0,0,663,58,5,TAI,DAD,2B,2B,2B,1
John Valor,1832,,Rekt Keyo,331,,IBB,,T1,1,6,0,1,2.52%,-2.52%,0,0,0,663,58,5,TAI,DAD,IBB,IBB,IBB,8
Alexander West,1777,555,Rekt Keyo,331,377,BB,178,T1,1,7,0,1,6.46%,-6.46%,1,0,0,663,58,5,TAI,DAD,BB,FO,Sac,1
Chip Otle,4,1,Rekt Keyo,331,274,PO,273,T1,1,7,0,2,-7.21%,7.21%,0,0,0,663,58,5,TAI,DAD,PO,PO,Sac,1
ViktRon Swanson,651,246,Rekt Keyo,331,938,FO,308,T1,2,7,0,2,-6.67%,6.67%,0,0,0,663,58,5,TAI,DAD,FO,FO,K,1
Caleb Aiken,324,577,Jacky Wacky,702,409,BB,168,B1,0,0,0,2,3.41%,-3.41%,0,0,0,664,58,5,DAD,TAI,BB,BB,BB,1
Dixie Normos,332,222,Jacky Wacky,702,999,FO,223,B1,0,1,0,2,-2.71%,2.71%,0,0,0,664,58,5,DAD,TAI,FO,FO,FO,1
Drew Savage,329,69,Jacky Wacky,702,698,K,371,B1,1,1,0,2,-4.52%,4.52%,0,0,0,664,58,5,DAD,TAI,K,K,K,1
Mike Fruitstand,772,399,Jacky Wacky,702,799,K,400,B1,2,1,0,2,-3.13%,3.13%,0,0,0,664,58,5,DAD,TAI,K,PO,RGO,1
Viktor Patterson,705,625,Rekt Keyo,331,326,K,299,T2,0,0,0,2,-1.87%,1.87%,0,0,0,665,58,5,TAI,DAD,K,K,K,1
Duke Silver,602,511,Rekt Keyo,331,111,PO,400,T2,1,0,0,2,-1.76%,1.76%,0,0,0,665,58,5,TAI,DAD,PO,PO,RGO,1
Rey Revanchist,776,69,Rekt Keyo,331,823,K,246,T2,2,0,0,2,-1.43%,1.43%,0,0,0,665,58,5,TAI,DAD,K,K,FO,1
Michael Scarn,746,250,Jacky Wacky,702,1,K,249,B2,0,0,0,2,-3.08%,3.08%,0,0,0,666,58,5,DAD,TAI,K,K,FO,1
Chuck McCluster,296,69,Jacky Wacky,702,399,K,330,B2,1,0,0,2,-2.95%,2.95%,0,0,0,666,58,5,DAD,TAI,K,K,K,1
Hingle McCringleberry,257,469,Jacky Wacky,702,999,LGO,470,B2,2,0,0,2,-1.52%,1.52%,0,0,0,666,58,5,DAD,TAI,LGO,LGO,LGO,1
Tyler Pylon,778,559,Rekt Keyo,331,121,LGO,438,T3,0,0,0,2,-1.80%,1.80%,0,0,0,667,58,5,TAI,DAD,LGO,LGO,RGO,1
Johnny Dickshot,233,69,Rekt Keyo,331,731,K,338,T3,1,0,0,2,-1.92%,1.92%,0,0,0,667,58,5,TAI,DAD,K,K,K,1
John Valor,1832,334,Rekt Keyo,331,233,1B,101,T3,2,0,0,2,1.80%,-1.80%,0,1,1,667,58,5,TAI,DAD,1B,1B,1B,1
Alexander West,1777,850,Rekt Keyo,331,917,2B,67,T3,2,1,0,2,9.53%,-9.53%,1,0,0,667,58,5,TAI,DAD,2B,2B,1B,1
Chip Otle,4,112,Rekt Keyo,331,377,K,265,T3,2,2,0,3,-2.51%,2.51%,0,0,0,667,58,5,TAI,DAD,K,K,FO,1
AllStar Lin,1799,287,Jacky Wacky,702,269,HR,18,B3,0,0,0,3,10.19%,-10.19%,1,1,1,668,58,5,DAD,TAI,HR,HR,HR,1
Cam'ron,525,299,Jacky Wacky,702,450,BB,151,B3,0,0,1,3,4.99%,-4.99%,0,1,1,668,58,5,DAD,TAI,BB,BB,BB,1
Caleb Aiken,324,666,Jacky Wacky,702,950,K,284,B3,0,1,1,3,-3.91%,3.91%,0,0,0,668,58,5,DAD,TAI,K,K,FO,1
Dixie Normos,332,555,Jacky Wacky,702,532,HR,23,B3,1,1,1,3,23.41%,-23.41%,2,1,1,668,58,5,DAD,TAI,HR,HR,HR,1
Drew Savage,329,477,Jacky Wacky,702,786,K,309,B3,1,0,3,3,-2.80%,2.80%,0,0,0,668,58,5,DAD,TAI,K,K,K,1
Mike Fruitstand,772,210,Jacky Wacky,702,786,RGO,424,B3,2,0,3,3,-2.32%,2.32%,0,0,0,668,58,5,DAD,TAI,RGO,RGO,RGO,1
ViktRon Swanson,651,601,Rekt Keyo,331,933,FO,332,T4,0,0,3,3,-3.87%,3.87%,0,0,0,669,58,5,TAI,DAD,FO,FO,K,1
Viktor Patterson,705,255,Rekt Keyo,331,355,1B,100,T4,1,0,3,3,4.77%,-4.77%,0,0,0,669,58,5,TAI,DAD,1B,1B,1B,1
Duke Silver,602,911,Rekt Keyo,331,366,DP,455,T4,1,1,3,3,-10.98%,10.98%,0,0,0,669,58,5,TAI,DAD,RGO,RGO,DP,1
Michael Scarn,746,323,Jacky Wacky,702,200,BB,123,B4,0,0,3,3,4.65%,-4.65%,0,0,0,670,58,5,DAD,TAI,BB,BB,1B,1
Chuck McCluster,296,743,Jacky Wacky,702,301,DP,442,B4,0,1,3,3,-12.01%,12.01%,0,0,0,670,58,5,DAD,TAI,RGO,RGO,DP,1
Hingle McCringleberry,257,69,Jacky Wacky,702,730,K,339,B4,2,0,3,3,-2.71%,2.71%,0,0,0,670,58,5,DAD,TAI,K,K,K,1
Rey Revanchist,776,69,Rekt Keyo,331,114,2B,45,T5,0,0,3,3,12.34%,-12.34%,0,0,0,671,58,5,TAI,DAD,2B,2B,2B,1
Tyler Pylon,778,59,Rekt Keyo,331,732,K,327,T5,0,2,3,3,-8.25%,8.25%,0,0,0,671,58,5,TAI,DAD,K,K,K,1
Johnny Dickshot,233,500,Rekt Keyo,331,327,FO,173,T5,1,2,3,3,-7.14%,7.14%,0,0,0,671,58,5,TAI,DAD,FO,FO,BB,1
John Valor,1832,327,Rekt Keyo,331,722,PO,395,T5,2,2,3,3,-9.40%,9.40%,0,0,0,671,58,5,TAI,DAD,PO,PO,PO,1
AllStar Lin,1799,247,Jacky Wacky,702,577,K,330,B5,0,0,3,3,-4.39%,4.39%,0,0,0,672,58,5,DAD,TAI,K,K,K,1
Cam'ron,525,856,Jacky Wacky,702,902,2B,46,B5,1,0,3,3,8.97%,-8.97%,0,0,0,672,58,5,DAD,TAI,2B,2B,2B,1
Caleb Aiken,324,472,Jacky Wacky,702,856,K,384,B5,1,2,3,3,-7.76%,7.76%,0,0,0,672,58,5,DAD,TAI,K,K,PO,1
Dixie Normos,332,389,Jacky Wacky,702,2,K,387,B5,2,2,3,3,-9.02%,9.02%,0,0,0,672,58,5,DAD,TAI,K,K,PO,1
Alexander West,1777,1000,Rekt Keyo,331,377,K,377,T6,0,0,3,3,-6.10%,6.10%,0,0,0,673,58,5,TAI,DAD,K,K,K,1
Chip Otle,4,635,Rekt Keyo,331,827,FO,192,T6,1,0,3,3,-5.86%,5.86%,0,0,0,673,58,5,TAI,DAD,FO,FO,FO,1
ViktRon Swanson,651,222,Rekt Keyo,331,466,FO,244,T6,2,0,3,3,-4.84%,4.84%,0,0,0,673,58,5,TAI,DAD,FO,FO,FO,1
Drew Savage,329,828,Jacky Wacky,702,588,FO,240,B6,0,0,3,3,-6.12%,6.12%,0,0,0,674,58,5,DAD,TAI,FO,FO,FO,1
Mike Fruitstand,772,766,Jacky Wacky,702,959,FO,193,B6,1,0,3,3,-5.87%,5.87%,0,0,0,674,58,5,DAD,TAI,FO,FO,FO,1
Michael Scarn,746,975,Jacky Wacky,702,289,K,314,B6,2,0,3,3,-4.81%,4.81%,0,0,0,674,58,5,DAD,TAI,K,K,K,1
cocl,487,31,Dart Ragusa,134,311,K,280,T1,0,0,0,0,-2.52%,2.52%,0,0,0,675,59,5,MVM,JUP,K,K,FO,1
Jordan Peppers,18,344,Dart Ragusa,134,808,LGO,464,T1,1,0,0,0,-2.52%,2.52%,0,0,0,675,59,5,MVM,JUP,LGO,LGO,LGO,1
Orlando Champagne,500,690,Dart Ragusa,134,877,FO,187,T1,2,0,0,0,-1.74%,1.74%,0,0,0,675,59,5,MVM,JUP,FO,FO,FO,1
Gianni,209,444,Cap Keeler,1808,756,PO,312,B1,0,0,0,0,-2.73%,2.73%,0,0,0,676,59,5,JUP,MVM,PO,PO,K,1
Patty Ice,1746,250,Cap Keeler,1808,312,1B,62,B1,1,0,0,0,3.37%,-3.37%,0,0,0,676,59,5,JUP,MVM,1B,1B,2B,1
Husky Pawson,1770,712,Cap Keeler,1808,69,PO,357,B1,1,1,0,0,-4.14%,4.14%,0,0,0,676,59,5,JUP,MVM,PO,PO,K,1
Shygen Tinybeard,712,712,Cap Keeler,1808,880,FO,168,B1,2,1,0,0,-3.29%,3.29%,0,0,0,676,59,5,JUP,MVM,FO,FO,BB,1
Mike Hampton,782,805,Dart Ragusa,134,670,BB,135,T2,0,0,0,0,4.19%,-4.19%,0,1,1,677,59,5,MVM,JUP,BB,BB,1B,1
Jeffrey Salmon,1704,199,Dart Ragusa,134,204,HR,5,T2,0,1,0,0,17.88%,-17.88%,2,1,1,677,59,5,MVM,JUP,HR,HR,HR,1
Jeremy Carolina,728,501,Dart Ragusa,134,507,HR,6,T2,0,0,0,2,8.54%,-8.54%,1,1,1,677,59,5,MVM,JUP,HR,HR,HR,1
That's Amore,1823,433,Streetlamp LeMoose,1734,616,FO,183,T2,0,0,0,3,-1.47%,1.47%,0,0,0,677,59,5,MVM,JUP,FO,FO,FO,1
Reggie Stocker,1958,760,Streetlamp LeMoose,1734,965,FO,205,T2,1,0,0,3,-1.33%,1.33%,0,0,0,677,59,5,MVM,JUP,FO,FO,FO,1
Oliver Flame,1689,,Streetlamp LeMoose,1734,,Auto K,,T2,2,0,0,3,-1.19%,1.19%,0,0,0,677,59,5,MVM,JUP,Auto K,Auto K,Auto K,9
Fuzzy Spit,501,141,Cap Keeler,1808,609,LGO,468,B2,0,0,0,3,-2.83%,2.83%,0,0,0,678,59,5,JUP,MVM,LGO,LGO,LGO,1
Lightning Balls,350,125,Cap Keeler,1808,42,1B,83,B2,1,0,0,3,3.21%,-3.21%,0,0,0,678,59,5,JUP,MVM,1B,1B,1B,1
Iama Human,520,140,Cap Keeler,1808,999,BB,141,B2,1,1,0,3,6.23%,-6.23%,0,0,0,678,59,5,JUP,MVM,BB,BB,BB,1
John Johnson Jr.,91,139,Cap Keeler,1808,310,FO,171,B2,1,4,0,3,-6.08%,6.08%,0,0,0,678,59,5,JUP,MVM,FO,FO,BB,1
Harry Peritestes,117,501,Cap Keeler,1808,130,PO,371,B2,2,4,0,3,-7.14%,7.14%,0,0,0,678,59,5,JUP,MVM,PO,PO,K,1
cocl,487,2,Streetlamp LeMoose,1734,371,RGO,369,T3,0,0,0,3,-1.17%,1.17%,0,0,0,679,59,5,MVM,JUP,RGO,RGO,K,1
Jordan Peppers,18,211,Streetlamp LeMoose,1734,64,BB,147,T3,1,0,0,3,1.20%,-1.20%,0,0,0,679,59,5,MVM,JUP,BB,BB,BB,1
Orlando Champagne,500,619,Streetlamp LeMoose,1734,401,FO,218,T3,1,1,0,3,-1.96%,1.96%,0,0,0,679,59,5,MVM,JUP,FO,FO,FO,1
Mike Hampton,782,46,Streetlamp LeMoose,1734,507,LGO,461,T3,2,1,0,3,-1.64%,1.64%,0,0,0,679,59,5,MVM,JUP,LGO,LGO,LGO,1
Gianni,209,,Cap Keeler,1808,,Auto K,,B3,0,0,0,3,-2.97%,2.97%,0,0,0,680,59,5,JUP,MVM,Auto K,Auto K,Auto K,9
Patty Ice,1746,800,Cap Keeler,1808,457,PO,343,B3,1,0,0,3,-2.46%,2.46%,0,0,0,680,59,5,JUP,MVM,PO,PO,K,1
Husky Pawson,1770,50,Cap Keeler,1808,69,HR,19,B3,2,0,0,3,8.99%,-8.99%,1,1,1,680,59,5,JUP,MVM,HR,3B,HR,1
Shygen Tinybeard,712,12,Cap Keeler,1808,666,PO,346,B3,2,0,1,3,-2.26%,2.26%,0,0,0,680,59,5,JUP,MVM,PO,PO,K,1
Jeffrey Salmon,1704,886,Streetlamp LeMoose,1734,36,BB,150,T4,0,0,1,3,2.79%,-2.79%,0,0,0,681,59,5,MVM,JUP,BB,BB,BB,1
Jeremy Carolina,728,620,Streetlamp LeMoose,1734,756,FO,136,T4,0,1,1,3,-2.30%,2.30%,0,0,0,681,59,5,MVM,JUP,FO,FO,1B,1
That's Amore,1823,333,Streetlamp LeMoose,1734,811,DP,478,T4,1,1,1,3,-5.56%,5.56%,0,0,0,681,59,5,MVM,JUP,LGO,LGO,DP,1
Fuzzy Spit,501,101,Cap Keeler,1808,920,K,181,B4,0,0,1,3,-4.11%,4.11%,0,0,0,682,59,5,JUP,MVM,K,K,FO,1
Lightning Balls,350,927,Cap Keeler,1808,420,LGO,493,B4,1,0,1,3,-4.06%,4.06%,0,0,0,682,59,5,JUP,MVM,LGO,LGO,LGO,1
Iama Human,520,420,Cap Keeler,1808,666,K,246,B4,2,0,1,3,-1.88%,1.88%,0,0,0,682,59,5,JUP,MVM,K,K,FO,1
Reggie Stocker,1958,170,Streetlamp LeMoose,1734,616,LGO,446,T5,0,0,1,3,-1.24%,1.24%,0,0,0,683,59,5,MVM,JUP,LGO,LGO,RGO,1
Wallace Grommet,492,266,Streetlamp LeMoose,1734,457,FO,191,T5,1,0,1,3,-1.79%,1.79%,0,0,0,683,59,5,MVM,JUP,FO,FO,FO,1
cocl,487,223,Streetlamp LeMoose,1734,699,LGO,476,T5,2,0,1,3,-1.44%,1.44%,0,0,0,683,59,5,MVM,JUP,LGO,LGO,LGO,1
John Johnson Jr.,91,822,Cap Keeler,1808,67,K,245,B5,0,0,1,3,-4.94%,4.94%,0,0,0,684,59,5,JUP,MVM,K,K,FO,1
Harry Peritestes,117,359,Cap Keeler,1808,125,K,234,B5,1,0,1,3,-4.42%,4.42%,0,0,0,684,59,5,JUP,MVM,K,K,FO,1
Gianni,209,725,Cap Keeler,1808,200,LGO,475,B5,2,0,1,3,-2.21%,2.21%,0,0,0,684,59,5,JUP,MVM,LGO,LGO,LGO,1
Jordan Peppers,18,316,Streetlamp LeMoose,1734,616,K,300,T6,0,0,1,3,-1.05%,1.05%,0,0,0,685,59,5,MVM,JUP,K,K,K,1
Orlando Champagne,500,475,Streetlamp LeMoose,1734,36,LGO,439,T6,1,0,1,3,-1.00%,1.00%,0,0,0,685,59,5,MVM,JUP,LGO,LGO,RGO,1
Mike Hampton,782,111,Streetlamp LeMoose,1734,809,K,302,T6,2,0,1,3,-0.85%,0.85%,0,0,0,685,59,5,MVM,JUP,K,K,K,1
Patty Ice,1746,500,Haloick Oasis,1842,777,K,277,B6,0,0,1,3,-5.69%,5.69%,0,0,0,686,59,5,JUP,MVM,K,FO,FO,1
Husky Pawson,1770,420,Haloick Oasis,1842,777,PO,357,B6,1,0,1,3,-4.52%,4.52%,0,0,0,686,59,5,JUP,MVM,PO,K,K,1
Shygen Tinybeard,712,850,Haloick Oasis,1842,1000,BB,150,B6,2,0,1,3,4.41%,-4.41%,0,0,0,686,59,5,JUP,MVM,BB,BB,BB,1
Fuzzy Spit,501,101,Haloick Oasis,1842,333,K,232,B6,2,1,1,3,-6.72%,6.72%,0,0,0,686,59,5,JUP,MVM,K,K,FO,1
Sandy Zipp,701,250,Rickey Tucker,163,524,K,274,T1,0,0,0,0,-2.52%,2.52%,0,0,0,687,60,5,PHB,POR,K,K,FO,1
Assassin Xekutioner,271,569,Rickey Tucker,163,678,1B,109,T1,1,0,0,0,3.21%,-3.21%,0,1,1,687,60,5,PHB,POR,1B,BB,1B,1
Rake Inthelake,755,777,Rickey Tucker,163,670,BB,107,T1,1,1,0,0,4.63%,-4.63%,0,1,1,687,60,5,PHB,POR,BB,BB,1B,1
Red Arrow,547,925,Rickey Tucker,163,222,FO,297,T1,1,4,0,0,-5.58%,5.58%,0,0,0,687,60,5,PHB,POR,FO,K,K,1
Jrue Pierce,759,98,Rickey Tucker,163,1,2B,97,T1,2,4,0,0,18.71%,-18.71%,2,0,0,687,60,5,PHB,POR,2B,1B,1B,1
Gil Metz,206,242,Rickey Tucker,163,385,FO,143,T1,2,2,0,2,-3.32%,3.32%,0,0,0,687,60,5,PHB,POR,FO,FO,BB,1
Geno Scaramucci,165,300,Coleman Waters,152,596,K,296,B1,0,0,0,2,-2.78%,2.78%,0,0,0,688,60,5,POR,PHB,K,K,K,1
Picov Andropov,340,222,Coleman Waters,152,297,2B,75,B1,1,0,0,2,4.53%,-4.53%,0,0,0,688,60,5,POR,PHB,2B,2B,1B,1
Q Kimbrel,20,610,Coleman Waters,152,799,FO,189,B1,1,2,0,2,-3.94%,3.94%,0,0,0,688,60,5,POR,PHB,FO,FO,FO,1
Bobo Bones,478,317,Coleman Waters,152,808,LGO,491,B1,2,2,0,2,-4.76%,4.76%,0,0,0,688,60,5,POR,PHB,LGO,LGO,LGO,1
Bob Kelso,1834,845,Rickey Tucker,163,684,BB,161,T2,0,0,0,2,2.42%,-2.42%,0,1,1,689,60,5,PHB,POR,BB,BB,BB,1
WILL THE THRILL,745,777,Rickey Tucker,163,555,FO,222,T2,0,1,0,2,-1.66%,1.66%,0,0,0,689,60,5,PHB,POR,FO,K,FO,1
Coleman Waters,152,504,Rickey Tucker,163,788,K,284,T2,1,1,0,2,-2.90%,2.90%,0,0,0,689,60,5,PHB,POR,K,K,FO,1
Sandy Zipp,701,250,Rickey Tucker,163,333,2B,83,T2,2,1,0,2,9.47%,-9.47%,1,0,0,689,60,5,PHB,POR,2B,1B,1B,1
Assassin Xekutioner,271,1,Rickey Tucker,163,211,FO,210,T2,2,2,0,3,-2.78%,2.78%,0,0,0,689,60,5,PHB,POR,FO,FO,FO,1
Grigury Polinko,452,989,Coleman Waters,152,118,1B,129,B2,0,0,0,3,3.53%,-3.53%,0,1,1,690,60,5,POR,PHB,1B,1B,1B,1
Randy Poovey,545,617,Coleman Waters,152,818,BB,201,B2,0,1,0,3,8.82%,-8.82%,0,1,1,690,60,5,POR,PHB,BB,FO,FO,1
Lee Allen Ripley,771,521,Coleman Waters,152,225,K,296,B2,0,4,0,3,-5.74%,5.74%,0,0,0,690,60,5,POR,PHB,K,K,K,1
Caleb Craven,640,699,Coleman Waters,152,837,BB,138,B2,1,4,0,3,8.76%,-8.76%,0,0,0,690,60,5,POR,PHB,BB,BB,BB,1
Andrew Peters,337,77,Coleman Waters,152,217,1B,140,B2,1,7,0,3,10.76%,-10.76%,1,0,0,690,60,5,POR,PHB,1B,BB,BB,1
Geno Scaramucci,165,965,Coleman Waters,152,737,Sac,228,B2,1,7,1,3,-6.31%,6.31%,1,0,0,690,60,5,POR,PHB,FO,FO,Sac,1
Picov Andropov,340,250,Coleman Waters,152,12,FO,238,B2,2,4,2,3,-6.88%,6.88%,0,0,0,690,60,5,POR,PHB,FO,K,FO,1
Rake Inthelake,755,444,Rickey Tucker,163,7,RGO,437,T3,0,0,2,3,-2.77%,2.77%,0,0,0,691,60,5,PHB,POR,RGO,RGO,RGO,1
Red Arrow,547,894,Rickey Tucker,163,77,FO,183,T3,1,0,2,3,-2.57%,2.57%,0,0,0,691,60,5,PHB,POR,FO,FO,FO,1
Jrue Pierce,759,777,Rickey Tucker,163,777,HR,0,T3,2,0,2,3,12.50%,-12.50%,1,1,1,691,60,5,PHB,POR,HR,HR,HR,1
Gil Metz,206,311,Rickey Tucker,163,777,LGO,466,T3,2,0,2,4,-1.37%,1.37%,0,0,0,691,60,5,PHB,POR,LGO,LGO,LGO,1
Q Kimbrel,20,751,Coleman Waters,152,48,K,297,B3,0,0,2,4,-3.78%,3.78%,0,0,0,692,60,5,POR,PHB,K,K,K,1
Bobo Bones,478,846,Coleman Waters,152,439,PO,407,B3,1,0,2,4,-2.85%,2.85%,0,0,0,692,60,5,POR,PHB,PO,PO,RGO,1
Grigury Polinko,452,197,Coleman Waters,152,543,K,346,B3,2,0,2,4,-2.26%,2.26%,0,0,0,692,60,5,POR,PHB,K,K,K,1
Bob Kelso,1834,399,Rickey Tucker,163,264,BB,135,T4,0,0,2,4,2.79%,-2.79%,0,1,1,693,60,5,PHB,POR,BB,BB,1B,1
WILL THE THRILL,745,9,Rickey Tucker,163,2,HR,7,T4,0,1,2,4,10.97%,-10.97%,2,1,1,693,60,5,PHB,POR,HR,HR,HR,1
Coleman Waters,152,2,Rickey Tucker,163,2,HR,0,T4,0,0,2,6,3.19%,-3.19%,1,1,1,693,60,5,PHB,POR,HR,HR,HR,1
Sandy Zipp,701,687,Rickey Tucker,163,2,K,315,T4,0,0,2,7,-0.43%,0.43%,0,0,0,693,60,5,PHB,POR,K,PO,K,1
Assassin Xekutioner,271,2,Rickey Tucker,163,881,BB,121,T4,1,0,2,7,0.78%,-0.78%,0,0,0,693,60,5,PHB,POR,BB,FO,1B,1
Rake Inthelake,755,1,Rickey Tucker,163,333,K,332,T4,1,1,2,7,-0.83%,0.83%,0,0,0,693,60,5,PHB,POR,K,K,K,1
Red Arrow,547,495,Rickey Tucker,163,1,LGO,494,T4,2,1,2,7,-0.62%,0.62%,0,0,0,693,60,5,PHB,POR,LGO,LGO,LGO,1
Randy Poovey,545,43,Coleman Waters,152,17,3B,26,B4,0,0,2,7,2.44%,-2.44%,0,1,1,694,60,5,POR,PHB,3B,2B,3B,1
Lee Allen Ripley,771,702,Coleman Waters,152,679,HR,23,B4,0,3,2,7,8.40%,-8.40%,2,1,1,694,60,5,POR,PHB,HR,HR,HR,1
Caleb Craven,640,977,Coleman Waters,152,473,LGO,496,B4,0,0,4,7,-3.22%,3.22%,0,0,0,694,60,5,POR,PHB,LGO,LGO,LGO,1
Andrew Peters,337,643,Coleman Waters,152,748,1B,105,B4,1,0,4,7,4.04%,-4.04%,0,1,1,694,60,5,POR,PHB,1B,1B,1B,1
Geno Scaramucci,165,3,Coleman Waters,152,333,K,330,B4,1,1,4,7,-4.72%,4.72%,0,0,0,694,60,5,POR,PHB,K,K,K,1
Picov Andropov,340,500,Coleman Waters,152,512,HR,12,B4,2,1,4,7,19.10%,-19.10%,2,1,1,694,60,5,POR,PHB,HR,HR,HR,1
Q Kimbrel,20,900,Coleman Waters,152,1000,1B,100,B4,2,0,6,7,3.29%,-3.29%,0,0,0,694,60,5,POR,PHB,1B,1B,1B,1
Bobo Bones,478,666,Coleman Waters,152,449,FO,217,B4,2,1,6,7,-6.64%,6.64%,0,0,0,694,60,5,POR,PHB,FO,FO,FO,1
Jrue Pierce,759,123,Rickey Tucker,163,812,K,311,T5,0,0,6,7,-3.05%,3.05%,0,0,0,695,60,5,PHB,POR,K,K,K,1
Gil Metz,206,123,Rickey Tucker,163,742,PO,381,T5,1,0,6,7,-2.51%,2.51%,0,0,0,695,60,5,PHB,POR,PO,PO,PO,1
Bob Kelso,1834,123,Rickey Tucker,163,2,BB,121,T5,2,0,6,7,2.10%,-2.10%,0,0,0,695,60,5,PHB,POR,BB,BB,1B,1
WILL THE THRILL,745,777,Rickey Tucker,163,366,LGO,411,T5,2,1,6,7,-3.82%,3.82%,0,0,0,695,60,5,PHB,POR,LGO,LGO,RGO,1
Grigury Polinko,452,,Coleman Waters,152,,Auto K,,B5,0,0,6,7,-6.28%,6.28%,0,0,0,696,60,5,POR,PHB,Auto K,Auto K,Auto K,9
Randy Poovey,545,769,Coleman Waters,152,822,2B,53,B5,1,0,6,7,12.22%,-12.22%,0,0,0,696,60,5,POR,PHB,2B,2B,2B,1
Lee Allen Ripley,771,17,Coleman Waters,152,270,FO,253,B5,1,2,6,7,-9.75%,9.75%,0,0,0,696,60,5,POR,PHB,FO,FO,FO,1
Caleb Craven,640,717,Coleman Waters,152,194,LGO,477,B5,2,2,6,7,-12.64%,12.64%,0,0,0,696,60,5,POR,PHB,LGO,LGO,LGO,1
Coleman Waters,152,504,Rickey Tucker,163,684,FO,180,T6,0,0,6,7,-2.38%,2.38%,0,0,0,697,60,5,PHB,POR,FO,FO,FO,1
Sandy Zipp,701,111,Rickey Tucker,163,396,K,285,T6,1,0,6,7,-1.97%,1.97%,0,0,0,697,60,5,PHB,POR,K,K,K,1
Assassin Xekutioner,271,100,Rickey Tucker,163,111,HR,11,T6,2,0,6,7,12.05%,-12.05%,1,1,1,697,60,5,PHB,POR,HR,HR,HR,1
Rake Inthelake,755,101,Rickey Tucker,163,111,HR,10,T6,2,0,6,8,6.20%,-6.20%,1,1,1,697,60,5,PHB,POR,HR,HR,HR,1
Red Arrow,547,69,Rickey Tucker,163,111,3B,42,T6,2,0,6,9,0.84%,-0.84%,0,0,0,697,60,5,PHB,POR,3B,2B,2B,1
Jrue Pierce,759,595,Rickey Tucker,163,111,LGO,484,T6,2,3,6,9,-1.32%,1.32%,0,0,0,697,60,5,PHB,POR,LGO,LGO,LGO,1
Andrew Peters,337,675,Coleman Waters,152,538,1B,137,B6,0,0,6,9,5.42%,-5.42%,0,0,0,698,60,5,POR,PHB,1B,1B,1B,1
Geno Scaramucci,165,365,Coleman Waters,152,315,2B,50,B6,0,1,6,9,17.66%,-17.66%,0,0,0,698,60,5,POR,PHB,2B,2B,2B,1
Picov Andropov,340,750,Coleman Waters,152,601,BB,149,B6,0,6,6,9,5.65%,-5.65%,0,0,0,698,60,5,POR,PHB,BB,BB,BB,1
Q Kimbrel,20,360,Coleman Waters,152,55,K,305,B6,0,7,6,9,-7.49%,7.49%,0,0,0,698,60,5,POR,PHB,K,K,K,1
Bobo Bones,478,569,Coleman Waters,152,112,DP,457,B6,1,7,6,9,-27.19%,27.19%,0,0,0,698,60,5,POR,PHB,RGO,RGO,DP,1
Sweet Bobby Dangles Jr,1748,222,Yahtzee Pinocchio,815,68,FO,154,T1,0,0,0,0,-2.52%,2.52%,0,0,0,699,61,6,ISO,WSH,FO,FO,BB,1
Bob Dobby,1736,777,Yahtzee Pinocchio,815,868,1B,91,T1,1,0,0,0,3.21%,-3.21%,0,0,0,699,61,6,ISO,WSH,1B,1B,1B,1
Randy Townsend,648,444,Yahtzee Pinocchio,815,777,DP,333,T1,1,1,0,0,-7.47%,7.47%,0,0,0,699,61,6,ISO,WSH,RGO,RGO,K,1
Jackson Takegi,302,414,Sweet Bobby Dangles Jr,1748,250,BB,164,B1,0,0,0,0,3.55%,-3.55%,0,0,0,700,61,6,WSH,ISO,BB,BB,BB,1
Jabreakit Jubawit,1964,233,Sweet Bobby Dangles Jr,1748,664,DP,431,B1,0,1,0,0,-8.55%,8.55%,0,0,0,700,61,6,WSH,ISO,RGO,RGO,DP,1
Billy McBeans,681,789,Sweet Bobby Dangles Jr,1748,999,FO,210,B1,2,0,0,0,-1.79%,1.79%,0,0,0,700,61,6,WSH,ISO,FO,FO,FO,1
Mantis Toboggan,1802,380,Yahtzee Pinocchio,815,446,2B,66,T2,0,0,0,0,7.61%,-7.61%,0,1,1,701,61,6,ISO,WSH,2B,2B,1B,1
Ronnie Wristclocks,2246,222,Yahtzee Pinocchio,815,300,1B,78,T2,0,2,0,0,7.38%,-7.38%,0,1,1,701,61,6,ISO,WSH,1B,1B,1B,1
Mike Oxlong,230,514,Yahtzee Pinocchio,815,500,HR,14,T2,0,5,0,0,15.62%,-15.62%,3,1,1,701,61,6,ISO,WSH,HR,HR,HR,1
Stan Mann,357,69,Yahtzee Pinocchio,815,688,PO,381,T2,0,0,0,3,-1.47%,1.47%,0,0,0,701,61,6,ISO,WSH,PO,PO,PO,1
Matt Taylor,780,341,Yahtzee Pinocchio,815,871,LGO,470,T2,1,0,0,3,-1.33%,1.33%,0,0,0,701,61,6,ISO,WSH,LGO,LGO,LGO,1
Jeffrey Nolan,35,930,Yahtzee Pinocchio,815,623,K,307,T2,2,0,0,3,-1.19%,1.19%,0,0,0,701,61,6,ISO,WSH,K,K,K,1
Miguel Snow,290,795,Sweet Bobby Dangles Jr,1748,623,FO,172,B2,0,0,0,3,-2.83%,2.83%,0,0,0,702,61,6,WSH,ISO,FO,FO,BB,1
Cagney O’verpaid,1743,223,Sweet Bobby Dangles Jr,1748,871,PO,352,B2,1,0,0,3,-2.43%,2.43%,0,0,0,702,61,6,WSH,ISO,PO,PO,K,1
Angel Leon,234,594,Sweet Bobby Dangles Jr,1748,500,1B,94,B2,2,0,0,3,1.85%,-1.85%,0,0,0,702,61,6,WSH,ISO,1B,1B,1B,1
Mitch Kramer,669,238,Sweet Bobby Dangles Jr,1748,880,PO,358,B2,2,1,0,3,-3.20%,3.20%,0,0,0,702,61,6,WSH,ISO,PO,PO,K,1
Sweet Bobby Dangles Jr,1748,222,Yahtzee Pinocchio,815,21,K,201,T3,0,0,0,3,-1.17%,1.17%,0,0,0,703,61,6,ISO,WSH,K,K,FO,1
Bob Dobby,1736,555,Yahtzee Pinocchio,815,700,BB,145,T3,1,0,0,3,1.20%,-1.20%,0,0,0,703,61,6,ISO,WSH,BB,BB,BB,1
Randy Townsend,648,123,Yahtzee Pinocchio,815,608,DP,485,T3,1,1,0,3,-3.60%,3.60%,0,0,0,703,61,6,ISO,WSH,LGO,LGO,DP,1
Joel Embiid,285,444,Sweet Bobby Dangles Jr,1748,500,2B,56,B3,0,0,0,3,7.02%,-7.02%,0,1,1,704,61,6,WSH,ISO,2B,2B,2B,1
Phil Coulson,226,699,Sweet Bobby Dangles Jr,1748,444,K,255,B3,0,2,0,3,-5.80%,5.80%,0,0,0,704,61,6,WSH,ISO,K,K,FO,1
Jackson Takegi,302,210,Sweet Bobby Dangles Jr,1748,100,1B,110,B3,1,2,0,3,8.83%,-8.83%,0,1,1,704,61,6,WSH,ISO,1B,1B,1B,1
Jabreakit Jubawit,1964,333,Sweet Bobby Dangles Jr,1748,333,HR,0,B3,1,5,0,3,24.63%,-24.63%,3,1,1,704,61,6,WSH,ISO,HR,HR,HR,1
Billy McBeans,681,101,Sweet Bobby Dangles Jr,1748,333,FO,232,B3,1,0,3,3,-2.80%,2.80%,0,0,0,704,61,6,WSH,ISO,FO,FO,FO,1
Miguel Snow,290,578,Sweet Bobby Dangles Jr,1748,3,LGO,425,B3,2,0,3,3,-2.32%,2.32%,0,0,0,704,61,6,WSH,ISO,LGO,LGO,RGO,1
Mantis Toboggan,1802,172,Yahtzee Pinocchio,815,806,PO,366,T4,0,0,3,3,-3.87%,3.87%,0,0,0,705,61,6,ISO,WSH,PO,PO,K,1
Ronnie Wristclocks,2246,800,Yahtzee Pinocchio,815,300,LGO,500,T4,1,0,3,3,-3.68%,3.68%,0,0,0,705,61,6,ISO,WSH,LGO,LGO,LGO,1
Mike Oxlong,230,156,Yahtzee Pinocchio,815,21,1B,135,T4,2,0,3,3,2.71%,-2.71%,0,0,0,705,61,6,ISO,WSH,1B,BB,1B,1
Stan Mann,357,,Yahtzee Pinocchio,815,,Auto K,,T4,2,1,3,3,-5.24%,5.24%,0,0,0,705,61,6,ISO,WSH,Auto K,Auto K,Auto K,9
Cagney O’verpaid,1743,667,Sweet Bobby Dangles Jr,1748,111,LGO,444,B4,0,0,3,3,-3.93%,3.93%,0,0,0,706,61,6,WSH,ISO,LGO,LGO,RGO,1
Angel Leon,234,826,Sweet Bobby Dangles Jr,1748,678,BB,148,B4,1,0,3,3,4.78%,-4.78%,0,0,0,706,61,6,WSH,ISO,BB,BB,BB,1
Mitch Kramer,669,813,Sweet Bobby Dangles Jr,1748,530,FO,283,B4,1,1,3,3,-5.81%,5.81%,0,0,0,706,61,6,WSH,ISO,FO,FO,FO,1
Joel Embiid,285,964,Sweet Bobby Dangles Jr,1748,247,K,283,B4,2,1,3,3,-5.11%,5.11%,0,0,0,706,61,6,WSH,ISO,K,K,FO,1
Matt Taylor,780,342,Angel Leon,234,929,RGO,413,T5,0,0,3,3,-4.71%,4.71%,0,0,0,707,61,6,ISO,WSH,RGO,RGO,RGO,1
Jeffrey Nolan,35,933,Angel Leon,234,578,K,355,T5,1,0,3,3,-4.48%,4.48%,0,0,0,707,61,6,ISO,WSH,K,K,K,1
Sweet Bobby Dangles Jr,1748,222,Angel Leon,234,333,1B,111,T5,2,0,3,3,2.93%,-2.93%,0,1,1,707,61,6,ISO,WSH,1B,1B,1B,1
Bob Dobby,1736,747,Angel Leon,234,786,2B,39,T5,2,1,3,3,25.09%,-25.09%,1,0,0,707,61,6,ISO,WSH,2B,2B,2B,1
Grimm Carp,369,521,Angel Leon,234,785,FO,264,T5,2,2,3,4,-4.68%,4.68%,0,0,0,707,61,6,ISO,WSH,FO,K,FO,1
Phil Coulson,226,745,Sweet Bobby Dangles Jr,1748,900,BB,155,B5,0,0,3,4,8.57%,-8.57%,0,1,1,708,61,6,WSH,ISO,BB,BB,BB,1
Jackson Takegi,302,813,Sweet Bobby Dangles Jr,1748,666,BB,147,B5,0,1,3,4,15.20%,-15.20%,0,1,1,708,61,6,WSH,ISO,BB,BB,BB,1
Jabreakit Jubawit,1964,476,Sweet Bobby Dangles Jr,1748,666,FO,190,B5,0,4,3,4,-12.28%,12.28%,0,0,0,708,61,6,WSH,ISO,FO,FO,FO,1
Billy McBeans,681,435,Sweet Bobby Dangles Jr,1748,286,BB,149,B5,1,4,3,4,18.31%,-18.31%,0,1,1,708,61,6,WSH,ISO,BB,BB,BB,1
Miguel Snow,290,900,Sweet Bobby Dangles Jr,1748,880,HR,20,B5,1,7,3,4,30.57%,-30.57%,4,1,1,708,61,6,WSH,ISO,HR,HR,HR,1
Cagney O’verpaid,1743,797,Bob Dobby,1736,234,PO,437,B5,1,0,7,4,-0.27%,0.27%,0,0,0,708,61,6,WSH,ISO,PO,PO,RGO,1
Angel Leon,234,368,Bob Dobby,1736,747,PO,379,B5,2,0,7,4,-0.47%,0.47%,0,0,0,708,61,6,WSH,ISO,PO,PO,PO,1
Mantis Toboggan,1802,111,Angel Leon,234,853,FO,258,T6,0,0,7,4,-2.36%,2.36%,0,0,0,709,61,6,ISO,WSH,FO,FO,FO,1
Ronnie Wristclocks,2246,450,Angel Leon,234,654,FO,204,T6,1,0,7,4,-1.65%,1.65%,0,0,0,709,61,6,ISO,WSH,FO,FO,FO,1
Mike Oxlong,230,416,Angel Leon,234,333,1B,83,T6,2,0,7,4,1.31%,-1.31%,0,0,0,709,61,6,ISO,WSH,1B,1B,1B,1
Stan Mann,357,780,Angel Leon,234,416,PO,364,T6,2,1,7,4,-1.85%,1.85%,0,0,0,709,61,6,ISO,WSH,PO,PO,K,1
Chris Yukine,335,666,Joe Nastasi,614,578,1B,88,T1,0,0,0,0,3.67%,-3.67%,0,0,0,710,62,6,YUM,RKT,1B,1B,1B,1
Vigolashi Dongeroso,159,223,Joe Nastasi,614,611,PO,388,T1,0,1,0,0,-2.98%,2.98%,0,0,0,710,62,6,YUM,RKT,PO,PO,PO,1
Skinny Bear Brown Hill,752,999,Joe Nastasi,614,499,DP,500,T1,1,1,0,0,-7.47%,7.47%,0,0,0,710,62,6,YUM,RKT,LGO,LGO,DP,1
Kyle Bellinger,730,,Richard Saks,321,,Auto BB,,B1,0,0,0,0,3.55%,-3.55%,0,1,1,711,62,6,RKT,YUM,Auto BB,Auto BB,Auto BB,10
Austin Schwartz,49,334,Richard Saks,321,714,PO,380,B1,0,1,0,0,-2.91%,2.91%,0,0,0,711,62,6,RKT,YUM,PO,PO,PO,1
Penny Lane,716,,Richard Saks,321,,Auto K,,B1,1,1,0,0,-4.14%,4.14%,0,0,0,711,62,6,RKT,YUM,Auto K,Auto K,Auto K,9
Nick Willis Jr.,1841,69,Richard Saks,321,88,HR,19,B1,2,1,0,0,19.66%,-19.66%,2,1,1,711,62,6,RKT,YUM,HR,HR,HR,1
Jake Wexler,399,482,Richard Saks,321,362,1B,120,B1,2,0,2,0,1.72%,-1.72%,0,0,0,711,62,6,RKT,YUM,1B,1B,1B,1
Kyle Corbett,707,39,Richard Saks,321,550,LGO,489,B1,2,1,2,0,-2.35%,2.35%,0,0,0,711,62,6,RKT,YUM,LGO,LGO,LGO,1
Shirley Sir,698,810,Joe Nastasi,614,717,1B,93,T2,0,0,2,0,4.30%,-4.30%,0,1,1,712,62,6,YUM,RKT,1B,1B,1B,1
Haywood Jablome,17,250,Joe Nastasi,614,71,FO,179,T2,0,1,2,0,-2.94%,2.94%,0,0,0,712,62,6,YUM,RKT,FO,FO,FO,1
Duke McCracken,417,69,Joe Nastasi,614,1,1B,68,T2,1,1,2,0,5.53%,-5.53%,0,0,0,712,62,6,YUM,RKT,1B,1B,1B,1
ModeratoSevere PlaquePsoriasis,2240,760,Joe Nastasi,614,844,1B,84,T2,1,4,2,0,9.51%,-9.51%,0,0,0,712,62,6,YUM,RKT,1B,1B,1B,1
Blandon Brade,50,222,Joe Nastasi,614,1000,Sac,222,T2,1,7,2,0,-5.66%,5.66%,1,0,0,712,62,6,YUM,RKT,FO,FO,Sac,1
Paxton Paige,1952,709,Joe Nastasi,614,222,LGO,487,T2,2,4,2,1,-7.70%,7.70%,0,0,0,712,62,6,YUM,RKT,LGO,LGO,LGO,1
DeVon Pepper,1701,170,Richard Saks,321,511,K,341,B2,0,0,2,1,-2.16%,2.16%,0,0,0,713,62,6,RKT,YUM,K,K,K,1
Corey Scooter,1717,762,Richard Saks,321,281,LGO,481,B2,1,0,2,1,-2.21%,2.21%,0,0,0,713,62,6,RKT,YUM,LGO,LGO,LGO,1
Dr. Tuna Altuna,533,481,Richard Saks,321,412,1B,69,B2,2,0,2,1,1.75%,-1.75%,0,1,1,713,62,6,RKT,YUM,1B,1B,1B,1
Kyle Bellinger,730,420,Richard Saks,321,596,BB,176,B2,2,1,2,1,2.60%,-2.60%,0,0,0,713,62,6,RKT,YUM,BB,BB,BB,1
Austin Schwartz,49,121,Richard Saks,321,987,1B,134,B2,2,4,2,1,9.17%,-9.17%,1,0,0,713,62,6,RKT,YUM,1B,BB,1B,1
Mongster Mash,344,747,Richard Saks,321,449,K,298,B2,2,5,3,1,-3.69%,3.69%,0,0,0,713,62,6,RKT,YUM,K,K,K,1
Chris Yukine,335,,Joe Nastasi,614,,Auto BB,,T3,0,0,3,1,4.53%,-4.53%,0,0,0,714,62,6,YUM,RKT,Auto BB,Auto BB,Auto BB,10
Vigolashi Dongeroso,159,15,Joe Nastasi,614,827,FO,188,T3,0,1,3,1,-3.49%,3.49%,0,0,0,714,62,6,YUM,RKT,FO,FO,FO,1
Skinny Bear Brown Hill,752,601,Joe Nastasi,614,678,1B,77,T3,1,1,3,1,6.38%,-6.38%,0,0,0,714,62,6,YUM,RKT,1B,1B,1B,1
Shirley Sir,698,120,Joe Nastasi,614,500,PO,380,T3,1,4,3,1,-8.44%,8.44%,0,0,0,714,62,6,YUM,RKT,PO,PO,PO,1
Haywood Jablome,17,403,Joe Nastasi,614,680,K,277,T3,2,4,3,1,-6.63%,6.63%,0,0,0,714,62,6,YUM,RKT,K,K,FO,1
Nick Willis Jr.,1841,666,Richard Saks,321,689,HR,23,B3,0,0,3,1,6.75%,-6.75%,1,1,1,715,62,6,RKT,YUM,HR,HR,HR,1
Jake Wexler,399,872,Richard Saks,321,268,PO,396,B3,0,0,4,1,-0.85%,0.85%,0,0,0,715,62,6,RKT,YUM,PO,PO,PO,1
Kyle Corbett,707,323,Richard Saks,321,746,RGO,423,B3,1,0,4,1,-1.09%,1.09%,0,0,0,715,62,6,RKT,YUM,RGO,RGO,RGO,1
DeVon Pepper,1701,550,Richard Saks,321,135,RGO,415,B3,2,0,4,1,-0.62%,0.62%,0,0,0,715,62,6,RKT,YUM,RGO,RGO,RGO,1
Duke McCracken,417,666,Joe Nastasi,614,337,K,329,T4,0,0,4,1,-2.47%,2.47%,0,0,0,716,62,6,YUM,RKT,K,K,K,1
ModeratoSevere PlaquePsoriasis,2240,801,Joe Nastasi,614,72,K,271,T4,1,0,4,1,-2.55%,2.55%,0,0,0,716,62,6,YUM,RKT,K,K,FO,1
Blandon Brade,50,,Joe Nastasi,614,,Auto K,,T4,2,0,4,1,-1.09%,1.09%,0,0,0,716,62,6,YUM,RKT,Auto K,Auto K,Auto K,9
Corey Scooter,1717,646,Richard Saks,321,658,HR,12,B4,0,0,4,1,3.41%,-3.41%,1,1,1,717,62,6,RKT,YUM,HR,HR,HR,1
Dr. Tuna Altuna,533,268,Richard Saks,321,314,2B,46,B4,0,0,5,1,1.07%,-1.07%,0,0,0,717,62,6,RKT,YUM,2B,2B,2B,1
Kyle Bellinger,730,317,Jackson Sanchez,46,78,FO,239,B4,0,2,5,1,-1.27%,1.27%,0,0,0,717,62,6,RKT,YUM,FO,FO,FO,1
Austin Schwartz,49,888,Jackson Sanchez,46,157,FO,269,B4,1,2,5,1,-0.19%,0.19%,0,0,0,717,62,6,RKT,YUM,FO,FO,FO,1
Mongster Mash,344,69,Jackson Sanchez,46,215,BB,146,B4,2,2,5,1,-0.10%,0.10%,0,0,0,717,62,6,RKT,YUM,BB,BB,BB,1
Nick Willis Jr.,1841,420,Jackson Sanchez,46,97,K,323,B4,2,4,5,1,-0.39%,0.39%,0,0,0,717,62,6,RKT,YUM,K,K,K,1
Paxton Paige,1952,546,Joe Nastasi,614,282,FO,264,T5,0,0,5,1,-1.30%,1.30%,0,0,0,718,62,6,YUM,RKT,FO,FO,FO,1
Chris Yukine,335,246,Joe Nastasi,614,811,RGO,435,T5,1,0,5,1,-1.32%,1.32%,0,0,0,718,62,6,YUM,RKT,RGO,RGO,RGO,1
Vigolashi Dongeroso,159,563,Joe Nastasi,614,668,1B,105,T5,2,0,5,1,0.89%,-0.89%,0,0,0,718,62,6,YUM,RKT,1B,1B,1B,1
Skinny Bear Brown Hill,752,891,Joe Nastasi,614,166,FO,275,T5,2,1,5,1,-1.42%,1.42%,0,0,0,718,62,6,YUM,RKT,FO,FO,FO,1
Jake Wexler,399,505,Jackson Sanchez,46,687,FO,182,B5,0,0,5,1,-0.06%,0.06%,0,0,0,719,62,6,RKT,YUM,FO,FO,FO,1
Kyle Corbett,707,815,Jackson Sanchez,46,99,K,284,B5,1,0,5,1,-0.32%,0.32%,0,0,0,719,62,6,RKT,YUM,K,K,FO,1
DeVon Pepper,1701,200,Jackson Sanchez,46,123,1B,77,B5,2,0,5,1,0.01%,-0.01%,0,0,0,719,62,6,RKT,YUM,1B,1B,1B,1
Corey Scooter,1717,242,Jackson Sanchez,46,479,K,237,B5,2,1,5,1,-0.19%,0.19%,0,0,0,719,62,6,RKT,YUM,K,K,FO,1
Shirley Sir,698,540,Joe Nastasi,614,391,BB,149,T6,0,0,5,1,2.34%,-2.34%,0,0,1,720,62,6,YUM,RKT,BB,BB,BB,1
Shirley Sir,698,360,Joe Nastasi,614,523,SB,163,T6,0,1,5,1,-0.16%,0.16%,0,1,0,720,62,6,YUM,RKT,Steal 2B,Steal 2B,SB,4
Haywood Jablome,17,466,Joe Nastasi,614,523,2B,57,T6,0,2,5,1,5.02%,-5.02%,1,1,1,720,62,6,YUM,RKT,2B,2B,2B,1
Duke McCracken,417,69,Joe Nastasi,614,523,LGO,454,T6,0,2,5,2,-3.96%,3.96%,0,0,0,720,62,6,YUM,RKT,LGO,LGO,LGO,1
ModeratoSevere PlaquePsoriasis,2240,711,Joe Nastasi,614,828,BB,117,T6,1,2,5,2,7.55%,-7.55%,0,1,1,720,62,6,YUM,RKT,BB,BB,1B,1
Blandon Brade,50,888,Joe Nastasi,614,1,BB,113,T6,1,4,5,2,8.82%,-8.82%,0,1,1,720,62,6,YUM,RKT,BB,BB,1B,1
Paxton Paige,1952,850,Joe Nastasi,614,789,2B,61,T6,1,7,5,2,30.63%,-30.63%,2,1,1,720,62,6,YUM,RKT,2B,2B,2B,1
Chris Yukine,335,717,Joe Nastasi,614,422,Sac,295,T6,1,6,5,4,-6.33%,6.33%,1,0,0,720,62,6,YUM,RKT,FO,FO,K,1
Vigolashi Dongeroso,159,963,Joe Nastasi,614,77,1B,114,T6,2,2,5,5,31.81%,-31.81%,1,0,0,720,62,6,YUM,RKT,1B,1B,1B,1
Skinny Bear Brown Hill,752,69,Joe Nastasi,614,427,PO,358,T6,2,1,5,6,-3.09%,3.09%,0,0,0,720,62,6,YUM,RKT,PO,PO,K,1
Dr. Tuna Altuna,533,,Jackson Sanchez,46,,Auto K,,B6,0,0,5,6,-9.46%,9.46%,0,0,0,721,62,6,RKT,YUM,Auto K,Auto K,Auto K,9
Kyle Bellinger,730,195,Jackson Sanchez,46,93,1B,102,B6,1,0,5,6,11.48%,-11.48%,0,0,0,721,62,6,RKT,YUM,1B,1B,1B,1
Austin Schwartz,49,129,Jackson Sanchez,46,868,FO,261,B6,1,1,5,6,-13.43%,13.43%,0,0,0,721,62,6,RKT,YUM,FO,FO,FO,1
Kyle Bellinger,730,129,Jackson Sanchez,46,279,SB,150,B6,2,1,5,6,4.79%,-4.79%,0,0,0,721,62,6,RKT,YUM,Steal 2B,Steal 2B,SB,4
Mongster Mash,344,69,Jackson Sanchez,46,317,FO,248,B6,2,2,5,6,-18.62%,18.62%,0,0,0,721,62,6,RKT,YUM,FO,FO,FO,1
Bubba McCali,72,899,Sini Alexander,605,591,PO,308,T1,0,0,0,0,-2.52%,2.52%,0,0,0,722,63,6,CHI,PPP,PO,PO,K,1
John-Rhys Ealy,2239,904,Sini Alexander,605,764,BB,140,T1,1,0,0,0,3.21%,-3.21%,0,1,1,722,63,6,CHI,PPP,BB,BB,BB,1
Leonard Boyfriend,67,420,Sini Alexander,605,433,HR,13,T1,1,1,0,0,17.73%,-17.73%,2,1,1,722,63,6,CHI,PPP,HR,HR,HR,1
Hamish McSmashithard,1793,420,Sini Alexander,605,420,HR,0,T1,1,0,0,2,8.86%,-8.86%,1,1,1,722,63,6,CHI,PPP,HR,HR,HR,1
Stella Adams,397,240,Sini Alexander,605,738,LGO,498,T1,1,0,0,3,-1.94%,1.94%,0,0,0,722,63,6,CHI,PPP,LGO,LGO,LGO,1
Hannah Outlaw,178,173,Sini Alexander,605,647,LGO,474,T1,2,0,0,3,-1.07%,1.07%,0,0,0,722,63,6,CHI,PPP,LGO,LGO,LGO,1
Kris Pcock,1957,609,Leonard Boyfriend,67,809,FO,200,B1,0,0,0,3,-2.64%,2.64%,0,0,0,723,63,6,PPP,CHI,FO,FO,FO,1
Jack Marnette,213,563,Leonard Boyfriend,67,814,FO,251,B1,1,0,0,3,-2.50%,2.50%,0,0,0,723,63,6,PPP,CHI,FO,FO,FO,1
Nelson Van Halen,649,777,Leonard Boyfriend,67,595,FO,182,B1,2,0,0,3,-1.21%,1.21%,0,0,0,723,63,6,PPP,CHI,FO,FO,FO,1
Garfield Chubbs,2230,69,Sini Alexander,605,152,1B,83,T2,0,0,0,3,1.84%,-1.84%,0,0,0,724,63,6,CHI,PPP,1B,1B,1B,1
Charles Magnus,220,166,Sini Alexander,605,232,1B,66,T2,0,1,0,3,4.00%,-4.00%,0,0,0,724,63,6,CHI,PPP,1B,1B,1B,1
Sleve McDichael,1786,775,Sini Alexander,605,1000,FO,225,T2,0,4,0,3,-2.86%,2.86%,0,0,0,724,63,6,CHI,PPP,FO,FO,FO,1
Bubba McCali,72,989,Sini Alexander,605,812,FO,177,T2,1,4,0,3,-3.90%,3.90%,0,0,0,724,63,6,CHI,PPP,FO,FO,BB,1
John-Rhys Ealy,2239,522,Sini Alexander,605,296,FO,226,T2,2,4,0,3,-3.07%,3.07%,0,0,0,724,63,6,CHI,PPP,FO,FO,FO,1
Eric Leeder,29,761,Leonard Boyfriend,67,17,FO,256,B2,0,0,0,3,-2.83%,2.83%,0,0,0,725,63,6,PPP,CHI,FO,FO,FO,1
Larry Longshot,32,939,Leonard Boyfriend,67,231,K,292,B2,1,0,0,3,-2.43%,2.43%,0,0,0,725,63,6,PPP,CHI,K,K,K,1
Poop McGee,596,666,Leonard Boyfriend,67,353,PO,313,B2,2,0,0,3,-1.35%,1.35%,0,0,0,725,63,6,PPP,CHI,PO,PO,K,1
Leonard Boyfriend,67,420,Sini Alexander,605,850,RGO,430,T3,0,0,0,3,-1.17%,1.17%,0,0,0,726,63,6,CHI,PPP,RGO,RGO,RGO,1
Hamish McSmashithard,1793,619,Sini Alexander,605,222,PO,397,T3,1,0,0,3,-1.45%,1.45%,0,0,0,726,63,6,CHI,PPP,PO,PO,PO,1
Stella Adams,397,205,Sini Alexander,605,541,PO,336,T3,2,0,0,3,-0.95%,0.95%,0,0,0,726,63,6,CHI,PPP,PO,PO,K,1
Vinny Vega,723,729,Leonard Boyfriend,67,796,1B,67,B3,0,0,0,3,4.76%,-4.76%,0,0,0,727,63,6,PPP,CHI,1B,1B,1B,1
Sticky Mickey Mantle,2236,223,Leonard Boyfriend,67,412,FO,189,B3,0,1,0,3,-3.90%,3.90%,0,0,0,727,63,6,PPP,CHI,FO,FO,FO,1
Sini Alexander,605,420,Leonard Boyfriend,67,550,BB,130,B3,1,1,0,3,5.31%,-5.31%,0,0,0,727,63,6,PPP,CHI,BB,BB,1B,1
Kris Pcock,1957,609,Leonard Boyfriend,67,456,BB,153,B3,1,4,0,3,9.79%,-9.79%,0,0,0,727,63,6,PPP,CHI,BB,BB,BB,1
Jack Marnette,213,90,Leonard Boyfriend,67,630,DP,460,B3,1,7,0,3,-23.11%,23.11%,0,0,0,727,63,6,PPP,CHI,LGO,LGO,DP,1
Hannah Outlaw,178,420,Sini Alexander,605,712,K,292,T4,0,0,0,3,-1.34%,1.34%,0,0,0,728,63,6,CHI,PPP,K,K,K,1
Garfield Chubbs,2230,101,Sini Alexander,605,333,K,232,T4,1,0,0,3,-1.21%,1.21%,0,0,0,728,63,6,CHI,PPP,K,K,FO,1
Charles Magnus,220,666,Sini Alexander,605,522,BB,144,T4,2,0,0,3,1.21%,-1.21%,0,0,0,728,63,6,CHI,PPP,BB,FO,BB,1
Sleve McDichael,1786,272,Sini Alexander,605,12,K,260,T4,2,1,0,3,-2.10%,2.10%,0,0,0,728,63,6,CHI,PPP,K,K,FO,1
Nelson Van Halen,649,888,Leonard Boyfriend,67,113,FO,225,B4,0,0,0,3,-3.22%,3.22%,0,0,0,729,63,6,PPP,CHI,FO,FO,FO,1
Eric Leeder,29,420,Leonard Boyfriend,67,886,LGO,466,B4,1,0,0,3,-2.60%,2.60%,0,0,0,729,63,6,PPP,CHI,LGO,LGO,LGO,1
Larry Longshot,32,444,Leonard Boyfriend,67,135,K,309,B4,2,0,0,3,-1.66%,1.66%,0,0,0,729,63,6,PPP,CHI,K,K,K,1
Bubba McCali,72,340,Sini Alexander,605,621,PO,281,T5,0,0,0,3,-0.82%,0.82%,0,0,0,730,63,6,CHI,PPP,PO,PO,FO,1
John-Rhys Ealy,2239,747,Sini Alexander,605,587,BB,160,T5,1,0,0,3,0.85%,-0.85%,0,1,1,730,63,6,CHI,PPP,BB,BB,BB,1
Leonard Boyfriend,67,421,Sini Alexander,605,450,2B,29,T5,1,1,0,3,3.32%,-3.32%,0,0,0,730,63,6,CHI,PPP,2B,2B,3B,1
Hamish McSmashithard,1793,69,Sini Alexander,605,520,RGO,451,T5,1,6,0,3,0.47%,-0.47%,1,0,0,730,63,6,CHI,PPP,RGO,RGO,LGO,1
Stella Adams,397,292,Vinny Vega,723,71,FO,221,T5,2,3,0,4,-1.02%,1.02%,0,0,0,730,63,6,CHI,PPP,FO,FO,FO,1
Poop McGee,596,644,Leonard Boyfriend,67,295,PO,349,B5,0,0,0,4,-2.17%,2.17%,0,0,0,731,63,6,PPP,CHI,PO,PO,K,1
Vinny Vega,723,498,Leonard Boyfriend,67,929,RGO,431,B5,1,0,0,4,-1.47%,1.47%,0,0,0,731,63,6,PPP,CHI,RGO,RGO,RGO,1
Sticky Mickey Mantle,2236,352,Leonard Boyfriend,67,555,FO,203,B5,2,0,0,4,-0.67%,0.67%,0,0,0,731,63,6,PPP,CHI,FO,FO,FO,1
Hannah Outlaw,178,105,Vinny Vega,723,333,FO,228,T6,0,0,0,4,-0.30%,0.30%,0,0,0,732,63,6,CHI,PPP,FO,FO,FO,1
Garfield Chubbs,2230,888,Vinny Vega,723,893,HR,5,T6,1,0,0,4,1.26%,-1.26%,1,1,1,732,63,6,CHI,PPP,HR,HR,HR,1
Charles Magnus,220,666,Vinny Vega,723,710,2B,44,T6,1,0,0,5,0.36%,-0.36%,0,0,0,732,63,6,CHI,PPP,2B,2B,2B,1
Sleve McDichael,1786,1000,Vinny Vega,723,589,RGO,411,T6,1,2,0,5,-0.31%,0.31%,0,0,0,732,63,6,CHI,PPP,RGO,RGO,RGO,1
Bubba McCali,72,385,Vinny Vega,723,891,LGO,494,T6,2,3,0,5,-0.17%,0.17%,0,0,0,732,63,6,CHI,PPP,LGO,LGO,LGO,1
Sini Alexander,605,1000,Leonard Boyfriend,67,555,LGO,445,B6,0,0,0,5,-0.68%,0.68%,0,0,0,733,63,6,PPP,CHI,LGO,LGO,RGO,1
Kris Pcock,1957,420,Leonard Boyfriend,67,113,PO,307,B6,1,0,0,5,-0.50%,0.50%,0,0,0,733,63,6,PPP,CHI,PO,PO,K,1
Jack Marnette,213,9,Leonard Boyfriend,67,240,FO,231,B6,2,0,0,5,-0.08%,0.08%,0,0,0,733,63,6,PPP,CHI,FO,FO,FO,1
Future Trunks,189,69,Hayden McCloud,129,270,K,201,T1,0,0,0,0,-2.52%,2.52%,0,0,0,734,64,6,SPR,TSA,K,K,FO,1
Ivan Yakenov,2270,65,Hayden McCloud,129,235,BB,170,T1,1,0,0,0,3.21%,-3.21%,0,0,0,734,64,6,SPR,TSA,BB,BB,BB,1
Dirk Leschnewski,1781,19,Hayden McCloud,129,3,HR,16,T1,1,1,0,0,17.73%,-17.73%,2,1,1,734,64,6,SPR,TSA,HR,HR,HR,1
Zum Saparilla,160,867,Hayden McCloud,129,949,1B,82,T1,1,0,0,2,2.42%,-2.42%,0,1,1,734,64,6,SPR,TSA,1B,1B,1B,1
Tyrone Jennings,256,69,Hayden McCloud,129,74,HR,5,T1,1,1,0,2,12.68%,-12.68%,2,1,1,734,64,6,SPR,TSA,HR,HR,HR,1
Saitoo Syde,814,587,Hayden McCloud,129,493,1B,94,T1,1,0,0,4,2.20%,-2.20%,0,1,1,734,64,6,SPR,TSA,1B,1B,1B,1
Don Chalupa,481,718,Hayden McCloud,129,611,1B,107,T1,1,1,0,4,-1.63%,1.63%,0,1,1,734,64,6,SPR,TSA,1B,1B,1B,1
Che Or,1759,845,Hayden McCloud,129,803,2B,42,T1,1,4,0,4,8.41%,-8.41%,1,0,0,734,64,6,SPR,TSA,2B,2B,2B,1
Turnip Stonk,1951,387,Batter Buckland,137,150,Sac,237,T1,1,6,0,5,0.86%,-0.86%,1,0,0,734,64,6,SPR,TSA,FO,K,Sac,1
Future Trunks,189,900,Batter Buckland,137,230,K,330,T1,2,2,0,6,-2.59%,2.59%,0,0,0,734,64,6,SPR,TSA,K,K,K,1
Fernando Cruz,176,722,Skye McDowell,264,331,PO,391,B1,0,0,0,6,-2.63%,2.63%,0,0,0,735,64,6,TSA,SPR,PO,RGO,PO,1
Rob Patterson,140,209,Skye McDowell,264,1000,FO,209,B1,1,0,0,6,-0.69%,0.69%,0,0,0,735,64,6,TSA,SPR,FO,FO,FO,1
Batter Buckland,137,500,Skye McDowell,264,532,2B,32,B1,2,0,0,6,0.89%,-0.89%,0,0,0,735,64,6,TSA,SPR,2B,3B,2B,1
Wonder Francoh,2242,982,Skye McDowell,264,555,RGO,427,B1,2,2,0,6,-1.37%,1.37%,0,0,0,735,64,6,TSA,SPR,RGO,RGO,RGO,1
Ivan Yakenov,2270,399,Batter Buckland,137,589,BB,190,T2,0,0,0,6,-0.64%,0.64%,0,0,0,736,64,6,SPR,TSA,BB,FO,FO,1
Dirk Leschnewski,1781,420,Batter Buckland,137,854,DP,434,T2,0,1,0,6,0.10%,-0.10%,0,0,0,736,64,6,SPR,TSA,RGO,RGO,DP,1
Zum Saparilla,160,246,Batter Buckland,137,99,BB,147,T2,2,0,0,6,-0.53%,0.53%,0,0,0,736,64,6,SPR,TSA,BB,BB,BB,1
Tyrone Jennings,256,215,Batter Buckland,137,30,BB,185,T2,2,1,0,6,0.39%,-0.39%,0,0,0,736,64,6,SPR,TSA,BB,BB,FO,1
Saitoo Syde,814,379,Batter Buckland,137,1000,K,379,T2,2,4,0,6,-0.44%,0.44%,0,0,0,736,64,6,SPR,TSA,K,K,PO,1
Zander Ackley,127,777,Skye McDowell,264,427,K,350,B2,0,0,0,6,-1.43%,1.43%,0,0,0,737,64,6,TSA,SPR,K,PO,K,1
Dogwood Maple,2220,801,Skye McDowell,264,1,FO,200,B2,1,0,0,6,-0.83%,0.83%,0,0,0,737,64,6,TSA,SPR,FO,FO,FO,1
Nicholas Fouss,1776,880,Skye McDowell,264,788,1B,92,B2,2,0,0,6,0.95%,-0.95%,0,0,0,737,64,6,TSA,SPR,1B,1B,1B,1
Carlos,132,502,Donnie Draper,138,951,RGO,449,B2,2,1,0,6,-1.52%,1.52%,0,0,0,737,64,6,TSA,SPR,RGO,RGO,RGO,1
Don Chalupa,481,718,Batter Buckland,137,710,HR,8,T3,0,0,0,6,0.00%,0.00%,1,1,1,738,64,6,SPR,TSA,HR,HR,HR,1
Che Or,1759,420,Batter Buckland,137,977,RGO,443,T3,0,0,0,7,-0.47%,0.47%,0,0,0,738,64,6,SPR,TSA,RGO,LGO,RGO,1
Turnip Stonk,1951,169,Batter Buckland,137,651,LGO,482,T3,1,0,0,7,-0.51%,0.51%,0,0,0,738,64,6,SPR,TSA,LGO,LGO,LGO,1
Future Trunks,189,555,Batter Buckland,137,10,RGO,455,T3,2,0,0,7,-0.46%,0.46%,0,0,0,738,64,6,SPR,TSA,RGO,LGO,LGO,1
Hayden McCloud,129,6,Donnie Draper,138,259,K,253,B3,0,0,0,7,-1.22%,1.22%,0,0,0,739,64,6,TSA,SPR,K,K,FO,1
Fernando Cruz,176,333,Donnie Draper,138,886,RGO,447,B3,1,0,0,7,-1.05%,1.05%,0,0,0,739,64,6,TSA,SPR,RGO,RGO,RGO,1
Rob Patterson,140,666,Donnie Draper,138,493,FO,173,B3,2,0,0,7,-0.11%,0.11%,0,0,0,739,64,6,TSA,SPR,FO,FO,BB,1
Ivan Yakenov,2270,371,Batter Buckland,137,780,PO,409,T4,0,0,0,7,0.05%,-0.05%,0,0,0,740,64,6,SPR,TSA,PO,RGO,RGO,1
Dirk Leschnewski,1781,465,Batter Buckland,137,112,K,353,T4,1,0,0,7,-0.30%,0.30%,0,0,0,740,64,6,SPR,TSA,K,K,K,1
Zum Saparilla,160,736,Batter Buckland,137,522,FO,214,T4,2,0,0,7,-0.14%,0.14%,0,0,0,740,64,6,SPR,TSA,FO,FO,FO,1
Batter Buckland,137,890,Donnie Draper,138,616,K,274,B4,0,0,0,7,-0.78%,0.78%,0,0,0,741,64,6,TSA,SPR,K,K,FO,1
Wonder Francoh,2242,436,Donnie Draper,138,417,HR,19,B4,1,0,0,7,0.00%,0.00%,1,1,1,741,64,6,TSA,SPR,HR,HR,HR,1
Zander Ackley,127,148,Donnie Draper,138,99,2B,49,B4,1,0,1,7,1.86%,-1.86%,0,0,0,741,64,6,TSA,SPR,2B,2B,2B,1
Dogwood Maple,2220,13,Donnie Draper,138,602,PO,411,B4,1,2,1,7,-1.75%,1.75%,0,0,0,741,64,6,TSA,SPR,PO,PO,RGO,1
Nicholas Fouss,1776,834,Donnie Draper,138,319,LGO,485,B4,2,2,1,7,-1.12%,1.12%,0,0,0,741,64,6,TSA,SPR,LGO,LGO,LGO,1
Tyrone Jennings,256,66,Batter Buckland,137,910,BB,156,T5,0,0,1,7,0.14%,-0.14%,0,0,0,742,64,6,SPR,TSA,BB,BB,BB,1
Saitoo Syde,814,773,Batter Buckland,137,860,1B,87,T5,0,1,1,7,0.32%,-0.32%,0,0,0,742,64,6,SPR,TSA,1B,BB,1B,1
Don Chalupa,481,718,Batter Buckland,137,988,FO,270,T5,0,4,1,7,-0.26%,0.26%,0,0,0,742,64,6,SPR,TSA,FO,K,FO,1
Che Or,1759,888,Batter Buckland,137,1000,1B,112,T5,1,4,1,7,0.54%,-0.54%,0,0,0,742,64,6,SPR,TSA,1B,1B,1B,1
Turnip Stonk,1951,569,Batter Buckland,137,80,DP,489,T5,1,7,1,7,-1.09%,1.09%,0,0,0,742,64,6,SPR,TSA,LGO,LGO,DP,1
Carlos,132,332,Donnie Draper,138,199,BB,133,B5,0,0,1,7,1.18%,-1.18%,0,0,0,743,64,6,TSA,SPR,BB,BB,1B,1
Hayden McCloud,129,78,Donnie Draper,138,501,PO,423,B5,0,1,1,7,-1.13%,1.13%,0,0,0,743,64,6,TSA,SPR,PO,PO,DP,1
Fernando Cruz,176,689,Donnie Draper,138,287,K,402,B5,1,1,1,7,-1.15%,1.15%,0,0,0,743,64,6,TSA,SPR,K,K,DP,1
Rob Patterson,140,69,Donnie Draper,138,787,K,282,B5,2,1,1,7,-0.26%,0.26%,0,0,0,743,64,6,TSA,SPR,K,K,FO,1
Future Trunks,189,750,Batter Buckland,137,277,Bunt K,473,T6,0,0,1,7,-0.01%,0.01%,0,0,0,744,64,6,SPR,TSA,Bunt K,Bunt K,Bunt K,3
Ivan Yakenov,2270,471,Batter Buckland,137,605,BB,134,T6,1,0,1,7,0.06%,-0.06%,0,0,0,744,64,6,SPR,TSA,BB,BB,1B,1
Dirk Leschnewski,1781,420,Batter Buckland,137,700,K,280,T6,1,1,1,7,-0.14%,0.14%,0,0,0,744,64,6,SPR,TSA,K,K,FO,1
Zum Saparilla,160,707,Batter Buckland,137,808,1B,101,T6,2,1,1,7,-0.07%,0.07%,0,0,0,744,64,6,SPR,TSA,1B,1B,1B,1
Tyrone Jennings,256,750,Batter Buckland,137,170,PO,420,T6,2,5,1,7,0.01%,-0.01%,0,0,0,744,64,6,SPR,TSA,PO,PO,RGO,1
Batter Buckland,137,7,Donnie Draper,138,981,3B,26,B6,0,0,1,7,1.56%,-1.56%,0,0,0,745,64,6,TSA,SPR,3B,3B,3B,1
Batter Buckland,137,955,Donnie Draper,138,1,CS,46,B6,0,3,1,7,-1.94%,1.94%,0,0,0,745,64,6,TSA,SPR,CS Home,CS Home,CS,4
Wonder Francoh,2242,606,Donnie Draper,138,743,BB,137,B6,1,0,1,7,0.38%,-0.38%,0,0,0,745,64,6,TSA,SPR,BB,FO,1B,1
Zander Ackley,127,606,Donnie Draper,138,284,K,322,B6,1,1,1,7,-0.50%,0.50%,0,0,0,745,64,6,TSA,SPR,K,K,K,1
Dogwood Maple,2220,501,Donnie Draper,138,1,LGO,500,B6,2,1,1,7,-0.09%,0.09%,0,0,0,745,64,6,TSA,SPR,LGO,LGO,LGO,1
Henryk Szydlowski,1720,316,Henry Crowell,184,900,RGO,416,T1,0,0,0,0,-2.52%,2.52%,0,0,0,746,65,6,WWC,GBC,RGO,RGO,RGO,1
Alex Peters,187,98,Henry Crowell,184,288,FO,190,T1,1,0,0,0,-2.52%,2.52%,0,0,0,746,65,6,WWC,GBC,FO,FO,FO,1
Eli Sasak,607,123,Henry Crowell,184,566,LGO,443,T1,2,0,0,0,-1.74%,1.74%,0,0,0,746,65,6,WWC,GBC,LGO,LGO,RGO,1
Matt Conzo,727,355,Johnny Hendrix,600,813,LGO,458,B1,0,0,0,0,-2.73%,2.73%,0,0,0,747,65,6,GBC,WWC,LGO,LGO,LGO,1
Demetrios Ooga,180,813,Johnny Hendrix,600,279,LGO,466,B1,1,0,0,0,-2.27%,2.27%,0,0,0,747,65,6,GBC,WWC,LGO,LGO,LGO,1
Whitt Bass,39,615,Johnny Hendrix,600,713,1B,98,B1,2,0,0,0,1.50%,-1.50%,0,0,0,747,65,6,GBC,WWC,1B,1B,1B,1
Dirtbag Darrell,262,399,Johnny Hendrix,600,164,FO,235,B1,2,1,0,0,-3.29%,3.29%,0,0,0,747,65,6,GBC,WWC,FO,FO,FO,1
Guido Ligiorno,1830,888,Henry Crowell,184,899,HR,11,T2,0,0,0,0,11.87%,-11.87%,1,1,1,748,65,6,WWC,GBC,HR,HR,HR,1
Hans Ali,197,265,Henry Crowell,184,600,RGO,335,T2,0,0,0,1,-2.62%,2.62%,0,0,0,748,65,6,WWC,GBC,RGO,RGO,K,1
J.J. Guemes,207,300,Henry Crowell,184,567,K,267,T2,1,0,0,1,-2.34%,2.34%,0,0,0,748,65,6,WWC,GBC,K,K,FO,1
Paddy O'Connor,549,700,Henry Crowell,184,566,1B,134,T2,2,0,0,1,1.96%,-1.96%,0,1,1,748,65,6,WWC,GBC,1B,1B,1B,1
Ferret McGivins,1706,13,Henry Crowell,184,2,HR,11,T2,2,1,0,1,18.94%,-18.94%,2,1,1,748,65,6,WWC,GBC,HR,HR,HR,1
Skippy Schumaker,1843,341,Henry Crowell,184,600,K,259,T2,2,0,0,3,-1.19%,1.19%,0,0,0,748,65,6,WWC,GBC,K,K,FO,1
Mattress Cadaire,116,655,Johnny Hendrix,600,372,K,283,B2,0,0,0,3,-2.83%,2.83%,0,0,0,749,65,6,GBC,WWC,K,K,FO,1
Zack Mouse,1721,275,Johnny Hendrix,600,84,BB,191,B2,1,0,0,3,3.21%,-3.21%,0,0,0,749,65,6,GBC,WWC,BB,FO,FO,1
BEST Nova,191,258,Johnny Hendrix,600,41,FO,217,B2,1,1,0,3,-3.79%,3.79%,0,0,0,749,65,6,GBC,WWC,FO,FO,FO,1
Joe Watson,194,,Johnny Hendrix,600,,Auto K,,B2,2,1,0,3,-3.20%,3.20%,0,0,0,749,65,6,GBC,WWC,Auto K,Auto K,Auto K,9
Henryk Szydlowski,1720,888,Henry Crowell,184,200,K,312,T3,0,0,0,3,-1.17%,1.17%,0,0,0,750,65,6,WWC,GBC,K,K,K,1
Alex Peters,187,566,Henry Crowell,184,888,K,322,T3,1,0,0,3,-1.45%,1.45%,0,0,0,750,65,6,WWC,GBC,K,K,K,1
Eli Sasak,607,875,Henry Crowell,184,333,LGO,458,T3,2,0,0,3,-0.95%,0.95%,0,0,0,750,65,6,WWC,GBC,LGO,LGO,LGO,1
Beeg Yoshi,1718,12,Johnny Hendrix,600,384,PO,372,B3,0,0,0,3,-2.97%,2.97%,0,0,0,751,65,6,GBC,WWC,PO,PO,K,1
Matt Conzo,727,199,Johnny Hendrix,600,987,FO,212,B3,1,0,0,3,-2.46%,2.46%,0,0,0,751,65,6,GBC,WWC,FO,FO,FO,1
Demetrios Ooga,180,279,Johnny Hendrix,600,779,LGO,500,B3,2,0,0,3,-1.72%,1.72%,0,0,0,751,65,6,GBC,WWC,LGO,LGO,LGO,1
Guido Ligiorno,1830,969,Henry Crowell,184,200,FO,231,T4,0,0,0,3,-1.34%,1.34%,0,0,0,752,65,6,WWC,GBC,FO,FO,FO,1
Hans Ali,197,51,Henry Crowell,184,90,3B,39,T4,1,0,0,3,4.84%,-4.84%,0,0,0,752,65,6,WWC,GBC,3B,HR,2B,1
J.J. Guemes,207,231,Demetrios Ooga,180,888,RGO,343,T4,1,3,0,3,-4.17%,4.17%,0,0,0,752,65,6,WWC,GBC,RGO,RGO,K,2
Paddy O'Connor,549,623,Demetrios Ooga,180,100,LGO,477,T4,2,3,0,3,-2.77%,2.77%,0,0,0,752,65,6,WWC,GBC,LGO,LGO,LGO,1
Whitt Bass,39,218,Johnny Hendrix,600,836,RGO,382,B4,0,0,0,3,-3.22%,3.22%,0,0,0,753,65,6,GBC,WWC,RGO,RGO,PO,1
Dirtbag Darrell,262,569,Johnny Hendrix,600,588,3B,19,B4,1,0,0,3,8.54%,-8.54%,0,1,1,753,65,6,GBC,WWC,3B,HR,HR,1
Mattress Cadaire,116,960,Johnny Hendrix,600,717,Sac,243,B4,1,3,0,3,-3.41%,3.41%,1,0,0,753,65,6,GBC,WWC,FO,FO,Sac,1
Zack Mouse,1721,327,Johnny Hendrix,600,411,1B,84,B4,2,0,1,3,2.99%,-2.99%,0,0,0,753,65,6,GBC,WWC,1B,1B,1B,1
BEST Nova,191,69,Johnny Hendrix,600,411,K,342,B4,2,1,1,3,-4.87%,4.87%,0,0,0,753,65,6,GBC,WWC,K,K,K,1
Ferret McGivins,1706,858,Demetrios Ooga,180,420,LGO,438,T5,0,0,1,3,-1.24%,1.24%,0,0,0,754,65,6,WWC,GBC,LGO,LGO,RGO,1
Skippy Schumaker,1843,69,Demetrios Ooga,180,69,HR,0,T5,1,0,1,3,7.93%,-7.93%,1,1,1,754,65,6,WWC,GBC,HR,HR,HR,1
Henryk Szydlowski,1720,666,Demetrios Ooga,180,100,LGO,434,T5,1,0,1,4,-0.96%,0.96%,0,0,0,754,65,6,WWC,GBC,LGO,LGO,RGO,1
Alex Peters,187,420,Demetrios Ooga,180,800,RGO,380,T5,2,0,1,4,-0.98%,0.98%,0,0,0,754,65,6,WWC,GBC,RGO,RGO,PO,1
Henry Crowell,184,888,Johnny Hendrix,600,167,K,279,B5,0,0,1,4,-3.50%,3.50%,0,0,0,755,65,6,GBC,WWC,K,K,FO,1
Beeg Yoshi,1718,666,Johnny Hendrix,600,716,2B,50,B5,1,0,1,4,4.93%,-4.93%,0,1,1,755,65,6,GBC,WWC,2B,2B,2B,1
Matt Conzo,727,295,Guido Ligiorno,1830,545,K,250,B5,1,2,1,4,-5.18%,5.18%,0,0,0,755,65,6,GBC,WWC,K,K,FO,1
Demetrios Ooga,180,839,Guido Ligiorno,1830,829,HR,10,B5,2,2,1,4,15.33%,-15.33%,2,1,1,755,65,6,GBC,WWC,HR,HR,HR,1
Whitt Bass,39,975,Guido Ligiorno,1830,775,FO,200,B5,2,0,3,4,-4.18%,4.18%,0,0,0,755,65,6,GBC,WWC,FO,FO,FO,1
Eli Sasak,607,987,Demetrios Ooga,180,500,LGO,487,T6,0,0,3,4,-2.38%,2.38%,0,0,0,756,65,6,WWC,GBC,LGO,LGO,LGO,1
Guido Ligiorno,1830,329,Demetrios Ooga,180,250,1B,79,T6,1,0,3,4,2.57%,-2.57%,0,0,0,756,65,6,WWC,GBC,1B,1B,1B,1
Guido Ligiorno,1830,50,Demetrios Ooga,180,500,CS,450,T6,1,1,3,4,-4.54%,4.54%,0,0,0,756,65,6,WWC,GBC,CS 2B,CS 2B,CS,4
Hans Ali,197,382,Demetrios Ooga,180,700,RGO,318,T6,2,0,3,4,-1.52%,1.52%,0,0,0,756,65,6,WWC,GBC,RGO,RGO,K,1
Dirtbag Darrell,262,250,Guido Ligiorno,1830,334,1B,84,B6,0,0,3,4,12.13%,-12.13%,0,0,0,757,65,6,GBC,WWC,1B,1B,1B,1
Mattress Cadaire,116,801,Guido Ligiorno,1830,112,K,311,B6,0,1,3,4,-10.11%,10.11%,0,0,0,757,65,6,GBC,WWC,K,K,K,1
Zack Mouse,1721,991,Guido Ligiorno,1830,545,DP,446,B6,1,1,3,4,-27.26%,27.26%,0,0,0,757,65,6,GBC,WWC,RGO,RGO,DP,1
Pierre Bryant,1771,610,Walter Yeller Weller,647,909,K,299,T1,0,0,0,0,-2.52%,2.52%,0,0,0,758,66,6,KRB,GTY,K,K,K,1
King Kruul,2229,508,Walter Yeller Weller,647,402,BB,106,T1,1,0,0,0,3.21%,-3.21%,0,1,1,758,66,6,KRB,GTY,BB,BB,1B,1
Brian Zucchini,33,105,Walter Yeller Weller,647,427,K,322,T1,1,1,0,0,-3.96%,3.96%,0,0,0,758,66,6,KRB,GTY,K,K,K,1
Tabasco Greensauce,1818,377,Walter Yeller Weller,647,318,2B,59,T1,2,1,0,0,12.25%,-12.25%,1,0,0,758,66,6,KRB,GTY,2B,2B,2B,1
Joey Wheeler,662,666,Walter Yeller Weller,647,178,LGO,488,T1,2,2,0,1,-4.51%,4.51%,0,0,0,758,66,6,KRB,GTY,LGO,LGO,LGO,1
Abraham Lincoln,477,532,Jin Yang,1695,356,BB,176,B1,0,0,0,1,3.85%,-3.85%,0,0,0,759,66,6,GTY,KRB,BB,BB,BB,1
Abraham Lincoln,477,532,Jin Yang,1695,543,SB,11,B1,0,1,0,1,2.35%,-2.35%,0,0,0,759,66,6,GTY,KRB,Steal 2B,Steal 2B,SB,4
Johnnie Twofingers,502,420,Jin Yang,1695,357,1B,63,B1,0,2,0,1,8.73%,-8.73%,0,0,0,759,66,6,GTY,KRB,1B,1B,2B,1
Brian Talapia,1752,314,Jin Yang,1695,785,RGO,471,B1,0,5,0,1,-2.56%,2.56%,0,0,0,759,66,6,GTY,KRB,RGO,RGO,DP,2
Matt Murphy,1954,358,Jin Yang,1695,115,K,243,B1,1,6,0,1,-10.65%,10.65%,0,0,0,759,66,6,GTY,KRB,K,K,Sac,1
William Lloyd Garrison,1723,560,Jin Yang,1695,823,PO,263,B1,2,6,0,1,-9.13%,9.13%,0,0,0,759,66,6,GTY,KRB,PO,PO,FO,1
Heechul Kim,671,747,Walter Yeller Weller,647,612,BB,135,T2,0,0,0,1,3.05%,-3.05%,0,1,1,760,66,6,KRB,GTY,BB,BB,1B,1
Jin Yang,1695,765,Walter Yeller Weller,647,675,1B,90,T2,0,1,0,1,6.75%,-6.75%,0,1,1,760,66,6,KRB,GTY,1B,1B,1B,1
Moby Dick,1719,475,Walter Yeller Weller,647,441,2B,34,T2,0,4,0,1,11.99%,-11.99%,1,1,1,760,66,6,KRB,GTY,2B,2B,2B,1
Kevin Arianna,113,41,Walter Yeller Weller,647,264,K,223,T2,0,6,0,2,-2.86%,2.86%,0,0,0,760,66,6,KRB,GTY,K,K,Sac,1
Pierre Bryant,1771,2,Walter Yeller Weller,647,973,2B,29,T2,1,6,0,2,6.65%,-6.65%,2,0,0,760,66,6,KRB,GTY,2B,2B,3B,1
King Kruul,2229,,Sarah Curvingsworth,1705,,IBB,,T2,1,2,0,4,0.83%,-0.83%,0,0,0,760,66,6,KRB,GTY,IBB,IBB,IBB,8
Brian Zucchini,33,489,Sarah Curvingsworth,1705,69,DP,420,T2,1,4,0,4,-4.32%,4.32%,0,0,0,760,66,6,KRB,GTY,LGO,LGO,DP,1
Magnus Dongfest,579,192,Jin Yang,1695,872,PO,320,B2,0,0,0,4,-2.54%,2.54%,0,0,0,761,66,6,GTY,KRB,PO,PO,K,1
Emer Bock,309,700,Jin Yang,1695,780,1B,80,B2,1,0,0,4,3.61%,-3.61%,0,0,0,761,66,6,GTY,KRB,1B,1B,1B,1
Emer Bock,309,150,Jin Yang,1695,441,SB,291,B2,1,1,0,4,0.48%,-0.48%,0,0,0,761,66,6,GTY,KRB,Steal 2B,Steal 2B,SB,4
Maddie Williams,2213,400,Jin Yang,1695,178,FO,222,B2,1,2,0,4,-4.77%,4.77%,0,0,0,761,66,6,GTY,KRB,FO,FO,FO,1
Shogun Of Harlem,1762,387,Jin Yang,1695,730,PO,343,B2,2,2,0,4,-2.31%,2.31%,0,0,0,761,66,6,GTY,KRB,PO,PO,K,1
Tabasco Greensauce,1818,852,Cole Schmole,654,666,FO,186,T3,0,0,0,4,-1.19%,1.19%,0,0,0,762,66,6,KRB,GTY,FO,FO,FO,1
Joey Wheeler,662,1,Cole Schmole,654,880,1B,121,T3,1,0,0,4,0.81%,-0.81%,0,0,0,762,66,6,KRB,GTY,1B,1B,1B,1
Heechul Kim,671,777,Cole Schmole,654,690,1B,87,T3,1,1,0,4,2.12%,-2.12%,0,0,0,762,66,6,KRB,GTY,1B,1B,1B,1
Jin Yang,1695,362,Cole Schmole,654,500,BB,138,T3,1,4,0,4,2.97%,-2.97%,0,0,0,762,66,6,KRB,GTY,BB,BB,BB,1
Moby Dick,1719,400,Cole Schmole,654,920,DP,480,T3,1,7,0,4,-7.25%,7.25%,0,0,0,762,66,6,KRB,GTY,LGO,LGO,DP,1
Abraham Lincoln,477,8,Jin Yang,1695,804,FO,204,B3,0,0,0,4,-2.63%,2.63%,0,0,0,763,66,6,GTY,KRB,FO,FO,FO,1
Johnnie Twofingers,502,890,Jin Yang,1695,509,PO,381,B3,1,0,0,4,-1.42%,1.42%,0,0,0,763,66,6,GTY,KRB,PO,PO,PO,1
Brian Talapia,1752,796,Jin Yang,1695,208,PO,412,B3,2,0,0,4,-1.12%,1.12%,0,0,0,763,66,6,GTY,KRB,PO,PO,RGO,1
Kevin Arianna,113,1,Cole Schmole,654,250,K,249,T4,0,0,0,4,-0.89%,0.89%,0,0,0,764,66,6,KRB,GTY,K,K,FO,1
Pierre Bryant,1771,619,Cole Schmole,654,169,LGO,450,T4,1,0,0,4,-0.60%,0.60%,0,0,0,764,66,6,KRB,GTY,LGO,LGO,RGO,1
King Kruul,2229,420,Cole Schmole,654,550,BB,130,T4,2,0,0,4,0.81%,-0.81%,0,0,0,764,66,6,KRB,GTY,BB,BB,1B,1
Brian Zucchini,33,899,Cole Schmole,654,569,K,330,T4,2,1,0,4,-1.40%,1.40%,0,0,0,764,66,6,KRB,GTY,K,K,K,1
Matt Murphy,1954,347,Jin Yang,1695,326,HR,21,B4,0,0,0,4,6.67%,-6.67%,1,1,1,765,66,6,GTY,KRB,HR,3B,HR,1
William Lloyd Garrison,1723,111,Jin Yang,1695,186,1B,75,B4,0,0,1,4,5.50%,-5.50%,0,0,0,765,66,6,GTY,KRB,1B,2B,1B,1
William Lloyd Garrison,1723,700,Jin Yang,1695,187,CS,487,B4,0,1,1,4,-8.72%,8.72%,0,0,0,765,66,6,GTY,KRB,CS 2B,CS 2B,CS,4
Magnus Dongfest,579,501,Jin Yang,1695,765,K,264,B4,1,0,1,4,-2.60%,2.60%,0,0,0,765,66,6,GTY,KRB,K,K,FO,1
Emer Bock,309,644,Jin Yang,1695,224,PO,420,B4,2,0,1,4,-1.66%,1.66%,0,0,0,765,66,6,GTY,KRB,PO,PO,RGO,1
Tabasco Greensauce,1818,369,Cole Schmole,654,1000,PO,369,T5,0,0,1,4,-0.82%,0.82%,0,0,0,766,66,6,KRB,GTY,PO,PO,K,1
Joey Wheeler,662,888,Cole Schmole,654,380,LGO,492,T5,1,0,1,4,-0.96%,0.96%,0,0,0,766,66,6,KRB,GTY,LGO,LGO,LGO,1
Heechul Kim,671,271,Cole Schmole,654,550,FO,279,T5,2,0,1,4,-0.98%,0.98%,0,0,0,766,66,6,KRB,GTY,FO,FO,FO,1
Maddie Williams,2213,492,Jin Yang,1695,666,FO,174,B5,0,0,1,4,-3.50%,3.50%,0,0,0,767,66,6,GTY,KRB,FO,FO,BB,1
Shogun Of Harlem,1762,69,Jin Yang,1695,63,HR,6,B5,1,0,1,4,7.78%,-7.78%,1,1,1,767,66,6,GTY,KRB,HR,HR,HR,1
Abraham Lincoln,477,420,Jin Yang,1695,806,PO,386,B5,1,0,2,4,-4.42%,4.42%,0,0,0,767,66,6,GTY,KRB,PO,PO,PO,1
Johnnie Twofingers,502,690,Moby Dick,1719,890,FO,200,B5,2,0,2,4,-2.21%,2.21%,0,0,0,767,66,6,GTY,KRB,FO,FO,FO,1
Jin Yang,1695,590,Cole Schmole,654,420,BB,170,T6,0,0,2,4,1.43%,-1.43%,0,0,0,768,66,6,KRB,GTY,BB,BB,BB,1
Moby Dick,1719,700,Cole Schmole,654,1,K,301,T6,0,1,2,4,-1.22%,1.22%,0,0,0,768,66,6,KRB,GTY,K,K,K,1
Kevin Arianna,113,555,Cole Schmole,654,700,BB,145,T6,1,1,2,4,1.79%,-1.79%,0,0,0,768,66,6,KRB,GTY,BB,BB,BB,1
Pierre Bryant,1771,485,Cole Schmole,654,250,FO,235,T6,1,4,2,4,-2.65%,2.65%,0,0,0,768,66,6,KRB,GTY,FO,FO,FO,1
King Kruul,2229,5,Cole Schmole,654,609,K,396,T6,2,4,2,4,-2.25%,2.25%,0,0,0,768,66,6,KRB,GTY,K,K,PO,1
Brian Talapia,1752,759,Francis X. Clampazzo,485,813,2B,54,B6,0,0,2,4,12.40%,-12.40%,0,0,0,769,66,6,GTY,KRB,2B,2B,2B,1
Brian Taylor,1838,500,Francis X. Clampazzo,485,734,FO,234,B6,0,2,2,4,-9.85%,9.85%,0,0,0,769,66,6,GTY,KRB,FO,FO,FO,1
William Lloyd Garrison,1723,682,Francis X. Clampazzo,485,121,LGO,439,B6,1,2,2,4,-8.36%,8.36%,0,0,0,769,66,6,GTY,KRB,LGO,LGO,RGO,1
Matt Himynamis,361,69,Francis X. Clampazzo,485,800,FO,269,B6,2,2,2,4,-6.71%,6.71%,0,0,0,769,66,6,GTY,KRB,FO,FO,FO,1
cocl,487,777,Viktor Patterson,705,730,2B,47,T1,0,0,0,0,6.78%,-6.78%,0,1,1,770,67,6,MVM,TAI,2B,2B,2B,1
Jordan Peppers,18,730,Viktor Patterson,705,777,2B,47,T1,0,2,0,0,10.00%,-10.00%,1,0,0,770,67,6,MVM,TAI,2B,2B,2B,1
Baron Harold Willingsby,765,345,Viktor Patterson,705,777,RGO,432,T1,0,2,0,1,0.10%,-0.10%,0,0,0,770,67,6,MVM,TAI,RGO,RGO,RGO,1
Deej Gambino,594,617,Viktor Patterson,705,277,PO,340,T1,1,3,0,1,-8.26%,8.26%,0,0,0,770,67,6,MVM,TAI,PO,PO,K,1
Jeremy Carolina,728,210,Viktor Patterson,705,777,RGO,433,T1,2,3,0,1,-4.15%,4.15%,0,0,0,770,67,6,MVM,TAI,RGO,RGO,RGO,1
Alexander West,1777,369,Wallace Grommet,492,951,PO,418,B1,0,0,0,1,-3.15%,3.15%,0,0,0,771,67,6,TAI,MVM,PO,PO,RGO,1
Not From Wisconsin,2222,347,Wallace Grommet,492,369,HR,22,B1,1,0,0,1,11.67%,-11.67%,1,1,1,771,67,6,TAI,MVM,HR,3B,HR,1
John Valor,1832,515,Wallace Grommet,492,1,LGO,486,B1,1,0,1,1,-2.27%,2.27%,0,0,0,771,67,6,TAI,MVM,LGO,LGO,LGO,1
Max Wasson,273,596,Wallace Grommet,492,932,PO,336,B1,2,0,1,1,-1.79%,1.79%,0,0,0,771,67,6,TAI,MVM,PO,PO,K,1
Todd Bonzalez II,169,400,Viktor Patterson,705,500,1B,100,T2,0,0,1,1,4.19%,-4.19%,0,1,1,772,67,6,MVM,TAI,1B,1B,1B,1
Dwayne Stevenson,334,500,Viktor Patterson,705,400,BB,100,T2,0,1,1,1,7.41%,-7.41%,0,1,1,772,67,6,MVM,TAI,BB,BB,1B,1
Apple Watch,1788,435,Viktor Patterson,705,277,BB,158,T2,0,4,1,1,7.58%,-7.58%,0,1,1,772,67,6,MVM,TAI,BB,BB,BB,1
Nate Lewis,24,212,Rey Revanchist,776,327,1B,115,T2,0,7,1,1,9.54%,-9.54%,1,0,0,772,67,6,MVM,TAI,1B,1B,1B,1
cocl,487,690,Rey Revanchist,776,569,1B,121,T2,0,7,1,2,5.71%,-5.71%,1,0,0,772,67,6,MVM,TAI,1B,1B,1B,1
Jordan Peppers,18,609,Rey Revanchist,776,1000,DP,391,T2,0,7,1,3,-4.32%,4.32%,0,0,0,772,67,6,MVM,TAI,RGO,RGO,PO,1
Baron Harold Willingsby,765,792,Rey Revanchist,776,327,LGO,465,T2,2,3,1,4,-3.49%,3.49%,0,0,0,772,67,6,MVM,TAI,LGO,LGO,LGO,1
Jay Money,241,753,Wallace Grommet,492,436,PO,317,B2,0,0,1,4,-2.83%,2.83%,0,0,0,773,67,6,TAI,MVM,PO,PO,K,1
Duke Silver,602,311,Wallace Grommet,492,253,1B,58,B2,1,0,1,4,3.21%,-3.21%,0,0,0,773,67,6,TAI,MVM,1B,1B,2B,1
Jacky Wacky,702,636,Wallace Grommet,492,505,BB,131,B2,1,1,1,4,6.23%,-6.23%,0,0,0,773,67,6,TAI,MVM,BB,BB,1B,1
Johnny Dickshot,233,327,Wallace Grommet,492,742,PO,415,B2,1,4,1,4,-6.08%,6.08%,0,0,0,773,67,6,TAI,MVM,PO,PO,DP,1
Rey Revanchist,776,69,Wallace Grommet,492,756,PO,313,B2,2,4,1,4,-7.14%,7.14%,0,0,0,773,67,6,TAI,MVM,PO,PO,K,1
Deej Gambino,594,425,Rey Revanchist,776,200,FO,225,T3,0,0,1,4,-1.17%,1.17%,0,0,0,774,67,6,MVM,TAI,FO,FO,FO,1
Jeremy Carolina,728,602,Rey Revanchist,776,425,FO,177,T3,1,0,1,4,-1.45%,1.45%,0,0,0,774,67,6,MVM,TAI,FO,FO,BB,1
Todd Bonzalez II,169,850,Rey Revanchist,776,102,FO,252,T3,2,0,1,4,-0.95%,0.95%,0,0,0,774,67,6,MVM,TAI,FO,FO,FO,1
Alexander West,1777,890,Wallace Grommet,492,123,K,233,B3,0,0,1,4,-2.97%,2.97%,0,0,0,775,67,6,TAI,MVM,K,K,FO,1
Not From Wisconsin,2222,29,Wallace Grommet,492,313,PO,284,B3,1,0,1,4,-2.46%,2.46%,0,0,0,775,67,6,TAI,MVM,PO,PO,FO,1
John Valor,1832,125,Wallace Grommet,492,561,RGO,436,B3,2,0,1,4,-1.72%,1.72%,0,0,0,775,67,6,TAI,MVM,RGO,RGO,RGO,1
Dwayne Stevenson,334,850,Rey Revanchist,776,13,FO,163,T4,0,0,1,4,-1.34%,1.34%,0,0,0,776,67,6,MVM,TAI,FO,FO,BB,1
Apple Watch,1788,844,Rey Revanchist,776,649,FO,195,T4,1,0,1,4,-1.21%,1.21%,0,0,0,776,67,6,MVM,TAI,FO,FO,FO,1
Nate Lewis,24,807,Rey Revanchist,776,327,LGO,480,T4,2,0,1,4,-0.89%,0.89%,0,0,0,776,67,6,MVM,TAI,LGO,LGO,LGO,1
Max Wasson,273,427,Wallace Grommet,492,6,RGO,421,B4,0,0,1,4,-3.22%,3.22%,0,0,0,777,67,6,TAI,MVM,RGO,RGO,RGO,1
Jay Money,241,82,Wallace Grommet,492,997,1B,85,B4,1,0,1,4,4.04%,-4.04%,0,0,0,777,67,6,TAI,MVM,1B,1B,1B,1
Duke Silver,602,444,Wallace Grommet,492,878,DP,434,B4,1,1,1,4,-8.30%,8.30%,0,0,0,777,67,6,TAI,MVM,RGO,RGO,DP,1
cocl,487,328,Rey Revanchist,776,880,LGO,448,T5,0,0,1,4,-0.82%,0.82%,0,0,0,778,67,6,MVM,TAI,LGO,LGO,RGO,1
Jordan Peppers,18,823,Rey Revanchist,776,900,1B,77,T5,1,0,1,4,0.85%,-0.85%,0,1,1,778,67,6,MVM,TAI,1B,1B,1B,1
Baron Harold Willingsby,765,289,Rey Revanchist,776,400,BB,111,T5,1,1,1,4,1.71%,-1.71%,0,0,0,778,67,6,MVM,TAI,BB,BB,1B,1
Deej Gambino,594,400,Rey Revanchist,776,69,K,331,T5,1,4,1,4,-2.30%,2.30%,0,0,0,778,67,6,MVM,TAI,K,K,K,1
Jeremy Carolina,728,501,Rey Revanchist,776,400,1B,101,T5,2,4,1,4,4.68%,-4.68%,1,0,0,778,67,6,MVM,TAI,1B,1B,1B,1
Todd Bonzalez II,169,777,Rey Revanchist,776,1000,FO,223,T5,2,5,1,5,-1.32%,1.32%,0,0,0,778,67,6,MVM,TAI,FO,FO,FO,1
Jacky Wacky,702,420,Wallace Grommet,492,778,PO,358,B5,0,0,1,5,-2.17%,2.17%,0,0,0,779,67,6,TAI,MVM,PO,PO,K,1
Johnny Dickshot,233,471,Wallace Grommet,492,932,RGO,461,B5,1,0,1,5,-1.47%,1.47%,0,0,0,779,67,6,TAI,MVM,RGO,RGO,LGO,1
Rey Revanchist,776,69,Wallace Grommet,492,629,RGO,440,B5,2,0,1,5,-0.67%,0.67%,0,0,0,779,67,6,TAI,MVM,RGO,RGO,RGO,1
Dwayne Stevenson,334,972,Rey Revanchist,776,666,K,306,T6,0,0,1,5,-0.30%,0.30%,0,0,0,780,67,6,MVM,TAI,K,K,K,1
Apple Watch,1788,420,Rey Revanchist,776,472,2B,52,T6,1,0,1,5,0.23%,-0.23%,0,0,0,780,67,6,MVM,TAI,2B,2B,2B,1
Nate Lewis,24,910,Rey Revanchist,776,666,FO,244,T6,1,2,1,5,0.10%,-0.10%,0,0,0,780,67,6,MVM,TAI,FO,FO,FO,1
cocl,487,569,Rey Revanchist,776,1,RGO,432,T6,2,2,1,5,-0.70%,0.70%,0,0,0,780,67,6,MVM,TAI,RGO,RGO,RGO,1
Alexander West,1777,983,Wallace Grommet,492,565,PO,418,B6,0,0,1,5,-1.60%,1.60%,0,0,0,781,67,6,TAI,MVM,PO,PO,RGO,1
Not From Wisconsin,2222,714,Wallace Grommet,492,608,1B,106,B6,1,0,1,5,1.90%,-1.90%,0,1,1,781,67,6,TAI,MVM,1B,BB,1B,1
John Valor,1832,234,Wallace Grommet,492,213,HR,21,B6,1,1,1,5,3.76%,-3.76%,2,1,1,781,67,6,TAI,MVM,HR,HR,HR,1
Max Wasson,273,10,Haloick Oasis,1842,777,FO,233,B6,1,0,3,5,-4.52%,4.52%,0,0,0,781,67,6,TAI,MVM,FO,FO,FO,1
Jay Money,241,202,Haloick Oasis,1842,333,BB,131,B6,2,0,3,5,4.41%,-4.41%,0,0,0,781,67,6,TAI,MVM,BB,BB,1B,1
Duke Silver,602,123,Haloick Oasis,1842,333,FO,210,B6,2,1,3,5,-6.72%,6.72%,0,0,0,781,67,6,TAI,MVM,FO,FO,FO,1
Kevin Harrison,734,666,Coleman Waters,152,555,1B,111,T1,0,0,0,0,3.67%,-3.67%,0,1,1,782,68,6,JUP,PHB,1B,1B,1B,1
Dermot Mulveiny,1763,12,Coleman Waters,152,327,K,315,T1,0,1,0,0,-2.98%,2.98%,0,0,0,782,68,6,JUP,PHB,K,K,K,1
Patty Ice,1746,,Coleman Waters,152,,Auto K,,T1,1,1,0,0,-3.96%,3.96%,0,0,0,782,68,6,JUP,PHB,Auto K,Auto K,Auto K,9
Charpasm Chim,597,818,Coleman Waters,152,746,2B,72,T1,2,1,0,0,12.25%,-12.25%,1,0,0,782,68,6,JUP,PHB,2B,2B,1B,1
Dirk Thrustmore,726,398,Coleman Waters,152,999,PO,399,T1,2,2,0,1,-4.51%,4.51%,0,0,0,782,68,6,JUP,PHB,PO,PO,PO,1
Johññy Coppolella,738,12,Iama Human,520,909,1B,103,B1,0,0,0,1,3.85%,-3.85%,0,0,0,783,68,6,PHB,JUP,1B,1B,1B,1
Jrue Pierce,759,434,Iama Human,520,910,DP,476,B1,0,1,0,1,-9.67%,9.67%,0,0,0,783,68,6,PHB,JUP,LGO,LGO,DP,1
Kenny Pupton,2224,30,Iama Human,520,720,K,310,B1,2,0,0,1,-1.59%,1.59%,0,0,0,783,68,6,PHB,JUP,K,K,K,1
Eric Cowan,338,329,Coleman Waters,152,353,3B,24,T2,0,0,0,1,11.16%,-11.16%,0,1,1,784,68,6,JUP,PHB,3B,2B,HR,1
Rhys Wilson,644,,Coleman Waters,152,,Auto K,,T2,0,3,0,1,-5.03%,5.03%,0,0,0,784,68,6,JUP,PHB,Auto K,Auto K,Auto K,9
Fuzzy Spit,501,784,Coleman Waters,152,732,2B,52,T2,1,3,0,1,5.49%,-5.49%,1,1,1,784,68,6,JUP,PHB,2B,2B,2B,1
Harry Peritestes,117,69,Coleman Waters,152,64,HR,5,T2,1,2,0,2,12.00%,-12.00%,2,1,1,784,68,6,JUP,PHB,HR,HR,HR,1
Kevin Harrison,734,530,Coleman Waters,152,616,2B,86,T2,1,0,0,4,1.96%,-1.96%,0,0,0,784,68,6,JUP,PHB,2B,1B,1B,1
Dermot Mulveiny,1763,538,Red Arrow,547,69,LGO,469,T2,1,2,0,4,-1.47%,1.47%,0,0,0,784,68,6,JUP,PHB,LGO,LGO,LGO,1
Streetlamp LeMoose,1734,371,Red Arrow,547,69,K,302,T2,2,2,0,4,-2.02%,2.02%,0,0,0,784,68,6,JUP,PHB,K,K,K,1
Jeter O'Cola,739,222,Iama Human,520,102,1B,120,B2,0,0,0,4,3.00%,-3.00%,0,1,1,785,68,6,PHB,JUP,1B,BB,1B,1
Cam Singleton,266,400,Iama Human,520,606,FO,206,B2,0,1,0,4,-1.93%,1.93%,0,0,0,785,68,6,PHB,JUP,FO,FO,FO,1
A.Z. Chapman,14,35,Iama Human,520,25,HR,10,B2,1,1,0,4,12.80%,-12.80%,2,1,1,785,68,6,PHB,JUP,HR,HR,HR,1
WILL THE THRILL,745,777,Iama Human,520,269,LGO,492,B2,1,0,2,4,-2.95%,2.95%,0,0,0,785,68,6,PHB,JUP,LGO,LGO,LGO,1
Bob Kelso,1834,831,Iama Human,520,500,K,331,B2,2,0,2,4,-1.52%,1.52%,0,0,0,785,68,6,PHB,JUP,K,K,K,1
Charpasm Chim,597,501,Red Arrow,547,700,FO,199,T3,0,0,2,4,-1.80%,1.80%,0,0,0,786,68,6,JUP,PHB,FO,FO,FO,1
Dirk Thrustmore,726,483,Red Arrow,547,569,1B,86,T3,1,0,2,4,2.71%,-2.71%,0,0,0,786,68,6,JUP,PHB,1B,1B,1B,1
Eric Cowan,338,450,Red Arrow,547,999,DP,451,T3,1,1,2,4,-6.00%,6.00%,0,0,0,786,68,6,JUP,PHB,RGO,RGO,DP,1
Red Arrow,547,69,Iama Human,520,666,K,403,B3,0,0,2,4,-3.78%,3.78%,0,0,0,787,68,6,PHB,JUP,K,PO,RGO,1
Johññy Coppolella,738,400,Iama Human,520,403,HR,3,B3,1,0,2,4,12.47%,-12.47%,1,1,1,787,68,6,PHB,JUP,HR,HR,HR,1
Jrue Pierce,759,998,Iama Human,520,780,K,218,B3,1,0,3,4,-3.30%,3.30%,0,0,0,787,68,6,PHB,JUP,K,K,FO,1
Kenny Pupton,2224,450,Iama Human,520,546,1B,96,B3,2,0,3,4,2.56%,-2.56%,0,1,1,787,68,6,PHB,JUP,1B,1B,1B,1
Jeter O'Cola,739,269,Iama Human,520,209,2B,60,B3,2,1,3,4,17.48%,-17.48%,1,0,0,787,68,6,PHB,JUP,2B,1B,2B,1
Cam Singleton,266,725,Iama Human,520,182,LGO,457,B3,2,2,4,4,-6.06%,6.06%,0,0,0,787,68,6,PHB,JUP,LGO,LGO,LGO,1
Rhys Wilson,644,81,Red Arrow,547,123,3B,42,T4,0,0,4,4,16.84%,-16.84%,0,1,1,788,68,6,JUP,PHB,3B,3B,2B,1
Fuzzy Spit,501,111,Red Arrow,547,123,HR,12,T4,0,3,4,4,11.42%,-11.42%,2,1,1,788,68,6,JUP,PHB,HR,HR,HR,1
Harry Peritestes,117,610,Red Arrow,547,69,LGO,459,T4,0,0,4,6,-1.72%,1.72%,0,0,0,788,68,6,JUP,PHB,LGO,LGO,LGO,1
Kevin Harrison,734,915,Red Arrow,547,69,BB,154,T4,1,0,4,6,2.21%,-2.21%,0,1,1,788,68,6,JUP,PHB,BB,BB,BB,1
Dermot Mulveiny,1763,69,Red Arrow,547,100,2B,31,T4,1,1,4,6,8.64%,-8.64%,0,0,0,788,68,6,JUP,PHB,2B,2B,2B,1
Streetlamp LeMoose,1734,420,Red Arrow,547,200,Sac,220,T4,1,6,4,6,-1.28%,1.28%,1,0,0,788,68,6,JUP,PHB,FO,FO,Sac,1
Charpasm Chim,597,888,Red Arrow,547,300,PO,412,T4,2,2,4,7,-2.84%,2.84%,0,0,0,788,68,6,JUP,PHB,PO,RGO,RGO,1
A.Z. Chapman,14,,Iama Human,520,,Auto K,,B4,0,0,4,7,-3.22%,3.22%,0,0,0,789,68,6,PHB,JUP,Auto K,Auto K,Auto K,9
WILL THE THRILL,745,777,Iama Human,520,577,K,200,B4,1,0,4,7,-2.60%,2.60%,0,0,0,789,68,6,PHB,JUP,K,K,FO,1
Bob Kelso,1834,226,Iama Human,520,778,RGO,448,B4,2,0,4,7,-1.66%,1.66%,0,0,0,789,68,6,PHB,JUP,RGO,RGO,RGO,1
Dirk Thrustmore,726,618,Red Arrow,547,19,PO,401,T5,0,0,4,7,-0.82%,0.82%,0,0,0,790,68,6,JUP,PHB,PO,RGO,RGO,1
Eric Cowan,338,890,Red Arrow,547,20,1B,130,T5,1,0,4,7,0.85%,-0.85%,0,1,1,790,68,6,JUP,PHB,1B,BB,1B,1
Simba Martinez,1792,35,Red Arrow,547,21,3B,14,T5,1,1,4,7,6.27%,-6.27%,1,1,1,790,68,6,JUP,PHB,3B,3B,HR,1
Fuzzy Spit,501,23,Red Arrow,547,500,LGO,477,T5,1,3,4,8,-0.16%,0.16%,1,0,0,790,68,6,JUP,PHB,LGO,LGO,LGO,1
Harry Peritestes,117,69,Red Arrow,547,550,LGO,481,T5,2,0,4,9,-0.45%,0.45%,0,0,0,790,68,6,JUP,PHB,LGO,LGO,LGO,1
Red Arrow,547,,Iama Human,520,,Auto K,,B5,0,0,4,9,-1.35%,1.35%,0,0,0,791,68,6,PHB,JUP,Auto K,Auto K,Auto K,9
Johññy Coppolella,738,600,Iama Human,520,113,LGO,487,B5,1,0,4,9,-0.81%,0.81%,0,0,0,791,68,6,PHB,JUP,LGO,LGO,LGO,1
Jrue Pierce,759,352,Iama Human,520,308,3B,44,B5,2,0,4,9,0.32%,-0.32%,0,0,0,791,68,6,PHB,JUP,3B,3B,2B,1
Kenny Pupton,2224,570,Iama Human,520,127,RGO,443,B5,2,3,4,9,-0.70%,0.70%,0,0,0,791,68,6,PHB,JUP,RGO,RGO,RGO,1
Kevin Harrison,734,580,Red Arrow,547,550,3B,30,T6,0,0,4,9,0.98%,-0.98%,0,1,1,792,68,6,JUP,PHB,3B,3B,2B,1
Dermot Mulveiny,1763,21,Red Arrow,547,450,RGO,429,T6,0,3,4,9,-0.45%,0.45%,1,0,0,792,68,6,JUP,PHB,RGO,RGO,RGO,1
Streetlamp LeMoose,1734,350,Red Arrow,547,19,K,331,T6,1,0,4,10,-0.07%,0.07%,0,0,0,792,68,6,JUP,PHB,K,K,K,1
Charpasm Chim,597,69,Red Arrow,547,19,2B,50,T6,2,0,4,10,0.12%,-0.12%,0,0,0,792,68,6,JUP,PHB,2B,2B,2B,1
Dirk Thrustmore,726,379,Red Arrow,547,91,K,288,T6,2,2,4,10,-0.19%,0.19%,0,0,0,792,68,6,JUP,PHB,K,K,K,1
Jeter O'Cola,739,666,Iama Human,520,104,RGO,438,B6,0,0,4,10,-0.38%,0.38%,0,0,0,793,68,6,PHB,JUP,RGO,RGO,RGO,1
Cam Singleton,266,20,Iama Human,520,666,K,354,B6,1,0,4,10,-0.18%,0.18%,0,0,0,793,68,6,PHB,JUP,K,K,K,1
A.Z. Chapman,14,420,Iama Human,520,847,K,427,B6,2,0,4,10,-0.03%,0.03%,0,0,0,793,68,6,PHB,JUP,K,K,RGO,1
Johnny Omar,2241,789,Rekt Keyo,331,899,1B,110,T1,0,0,0,0,3.67%,-3.67%,0,0,0,794,69,6,LMN,DAD,1B,1B,1B,1
Homer Nocker,606,70,Rekt Keyo,331,977,1B,93,T1,0,1,0,0,7.14%,-7.14%,0,0,0,794,69,6,LMN,DAD,1B,1B,1B,1
Dixon Uraz,34,200,Rekt Keyo,331,627,PO,427,T1,0,4,0,0,-5.49%,5.49%,0,0,0,794,69,6,LMN,DAD,PO,PO,DP,1
Lloyd Gross,135,283,Rekt Keyo,331,744,DP,461,T1,1,4,0,0,-12.10%,12.10%,0,0,0,794,69,6,LMN,DAD,LGO,LGO,DP,1
Caleb Aiken,324,217,Speedo Meter,675,69,BB,148,B1,0,0,0,0,3.55%,-3.55%,0,0,0,795,69,6,DAD,LMN,BB,BB,BB,1
AllStar Lin,1799,912,Speedo Meter,675,669,K,243,B1,0,1,0,0,-2.91%,2.91%,0,0,0,795,69,6,DAD,LMN,K,K,FO,1
Michael Scarn,746,361,Speedo Meter,675,969,DP,392,B1,1,1,0,0,-7.43%,7.43%,0,0,0,795,69,6,DAD,LMN,RGO,RGO,PO,1
Superbone Threefinger,413,379,Rekt Keyo,331,266,1B,113,T2,0,0,0,0,4.19%,-4.19%,0,0,0,796,69,6,LMN,DAD,1B,BB,1B,1
Michael Ikenberry,63,391,Rekt Keyo,331,462,1B,71,T2,0,1,0,0,7.41%,-7.41%,0,0,0,796,69,6,LMN,DAD,1B,1B,1B,1
Ben Bramly,238,318,Rekt Keyo,331,922,PO,396,T2,0,4,0,0,-5.52%,5.52%,0,0,0,796,69,6,LMN,DAD,PO,PO,PO,1
Zelk Antilles,490,488,Rekt Keyo,331,213,K,275,T2,1,4,0,0,-6.26%,6.26%,0,0,0,796,69,6,LMN,DAD,K,K,FO,1
Larry Longshot,32,225,Rekt Keyo,331,939,K,286,T2,2,4,0,0,-7.11%,7.11%,0,0,0,796,69,6,LMN,DAD,K,K,K,1
Michael Smith,1955,420,Speedo Meter,675,269,BB,151,B2,0,0,0,0,3.93%,-3.93%,0,0,0,797,69,6,DAD,LMN,BB,BB,BB,1
Dixie Normos,332,1,Speedo Meter,675,151,BB,150,B2,0,1,0,0,7.72%,-7.72%,0,0,0,797,69,6,DAD,LMN,BB,FO,BB,1
Sam Smith,158,512,Speedo Meter,675,2,DP,490,B2,0,4,0,0,-12.70%,12.70%,0,0,0,797,69,6,DAD,LMN,LGO,LGO,DP,1
Hingle McCringleberry,257,750,Speedo Meter,675,333,RGO,417,B2,2,3,0,0,-6.26%,6.26%,0,0,0,797,69,6,DAD,LMN,RGO,RGO,RGO,1
Johnny Omar,2241,777,Rekt Keyo,331,282,LGO,495,T3,0,0,0,0,-3.25%,3.25%,0,0,0,798,69,6,LMN,DAD,LGO,LGO,LGO,1
Homer Nocker,606,909,Rekt Keyo,331,914,3B,5,T3,1,0,0,0,12.53%,-12.53%,0,0,0,798,69,6,LMN,DAD,3B,3B,HR,1
Dixon Uraz,34,,Rekt Keyo,331,,IBB,,T3,1,3,0,0,2.49%,-2.49%,0,0,0,798,69,6,LMN,DAD,IBB,IBB,IBB,8
Lloyd Gross,135,750,Rekt Keyo,331,322,DP,428,T3,1,5,0,0,-20.13%,20.13%,0,0,0,798,69,6,LMN,DAD,RGO,RGO,DP,1
Cam'ron,525,456,Speedo Meter,675,117,PO,339,B3,0,0,0,0,-3.32%,3.32%,0,0,0,799,69,6,DAD,LMN,PO,PO,K,1
Rekt Keyo,331,136,Speedo Meter,675,358,FO,222,B3,1,0,0,0,-2.80%,2.80%,0,0,0,799,69,6,DAD,LMN,FO,FO,FO,1
Caleb Aiken,324,821,Speedo Meter,675,69,FO,248,B3,2,0,0,0,-2.32%,2.32%,0,0,0,799,69,6,DAD,LMN,FO,FO,FO,1
Superbone Threefinger,413,691,Mike Fruitstand,772,690,HR,1,T4,0,0,0,0,16.26%,-16.26%,1,1,1,800,69,6,LMN,DAD,HR,HR,HR,1
Michael Ikenberry,63,871,Mike Fruitstand,772,455,RGO,416,T4,0,0,0,1,-2.65%,2.65%,0,0,0,800,69,6,LMN,DAD,RGO,RGO,RGO,1
Ben Bramly,238,23,Mike Fruitstand,772,871,FO,152,T4,1,0,0,1,-2.58%,2.58%,0,0,0,800,69,6,LMN,DAD,FO,FO,BB,1
Zelk Antilles,490,427,Mike Fruitstand,772,309,1B,118,T4,2,0,0,1,1.93%,-1.93%,0,0,0,800,69,6,LMN,DAD,1B,1B,1B,1
Zelk Antilles,490,500,Mike Fruitstand,772,112,CS,388,T4,2,1,0,1,-3.86%,3.86%,0,0,0,800,69,6,LMN,DAD,CS 2B,CS 2B,CS,4
AllStar Lin,1799,477,Speedo Meter,675,700,FO,223,B4,0,0,0,1,-4.80%,4.80%,0,0,0,801,69,6,DAD,LMN,FO,K,FO,1
Michael Scarn,746,212,Speedo Meter,675,808,RGO,404,B4,1,0,0,1,-4.17%,4.17%,0,0,0,801,69,6,DAD,LMN,RGO,RGO,RGO,1
Michael Smith,1955,100,Speedo Meter,675,212,1B,112,B4,2,0,0,1,3.29%,-3.29%,0,0,0,801,69,6,DAD,LMN,1B,1B,1B,1
Dixie Normos,332,3,Speedo Meter,675,712,K,291,B4,2,1,0,1,-6.64%,6.64%,0,0,0,801,69,6,DAD,LMN,K,K,K,1
Larry Longshot,32,703,Mike Fruitstand,772,33,PO,330,T5,0,0,0,1,-3.05%,3.05%,0,0,0,802,69,6,LMN,DAD,PO,PO,K,1
Johnny Omar,2241,777,Mike Fruitstand,772,321,LGO,456,T5,1,0,0,1,-2.51%,2.51%,0,0,0,802,69,6,LMN,DAD,LGO,LGO,LGO,1
Homer Nocker,606,500,Mike Fruitstand,772,777,PO,277,T5,2,0,0,1,-1.72%,1.72%,0,0,0,802,69,6,LMN,DAD,PO,PO,FO,1
Sam Smith,158,840,Speedo Meter,675,288,LGO,448,B5,0,0,0,1,-6.28%,6.28%,0,0,0,803,69,6,DAD,LMN,LGO,LGO,RGO,1
Hingle McCringleberry,257,666,Speedo Meter,675,600,2B,66,B5,1,0,0,1,12.22%,-12.22%,0,0,0,803,69,6,DAD,LMN,2B,2B,1B,1
Cam'ron,525,556,Speedo Meter,675,820,FO,264,B5,1,2,0,1,-9.75%,9.75%,0,0,0,803,69,6,DAD,LMN,FO,FO,FO,1
Mike Fruitstand,772,385,Speedo Meter,675,556,BB,171,B5,2,2,0,1,2.52%,-2.52%,0,0,0,803,69,6,DAD,LMN,BB,FO,BB,1
Caleb Aiken,324,999,Speedo Meter,675,556,LGO,443,B5,2,4,0,1,-15.16%,15.16%,0,0,0,803,69,6,DAD,LMN,LGO,LGO,RGO,1
Dixon Uraz,34,614,Mike Fruitstand,772,380,FO,234,T6,0,0,0,1,-2.38%,2.38%,0,0,0,804,69,6,LMN,DAD,FO,FO,FO,1
Lloyd Gross,135,23,Mike Fruitstand,772,355,RGO,332,T6,1,0,0,1,-1.97%,1.97%,0,0,0,804,69,6,LMN,DAD,RGO,RGO,K,1
Superbone Threefinger,413,286,Mike Fruitstand,772,975,RGO,311,T6,2,0,0,1,-1.52%,1.52%,0,0,0,804,69,6,LMN,DAD,RGO,RGO,K,1
AllStar Lin,1799,429,Speedo Meter,675,120,PO,309,B6,0,0,0,1,-9.46%,9.46%,0,0,0,805,69,6,DAD,LMN,PO,PO,K,1
Michael Scarn,746,385,Speedo Meter,675,829,LGO,444,B6,1,0,0,1,-9.16%,9.16%,0,0,0,805,69,6,DAD,LMN,LGO,LGO,RGO,1
Michael Smith,1955,500,Speedo Meter,675,1,LGO,499,B6,2,0,0,1,-6.62%,6.62%,0,0,0,805,69,6,DAD,LMN,LGO,LGO,LGO,1
Cole Martinez,408,222,Alaina Mclean,1947,14,FO,208,T1,0,0,0,0,-2.52%,2.52%,0,0,0,806,70,6,SAR,TAC,FO,FO,FO,1
Dr.Degratest Toevadoit,247,566,Alaina Mclean,1947,421,BB,145,T1,1,0,0,0,3.21%,-3.21%,0,0,0,806,70,6,SAR,TAC,BB,BB,BB,1
Elmo Seabreeze,1785,772,Alaina Mclean,1947,419,K,353,T1,1,1,0,0,-3.96%,3.96%,0,0,0,806,70,6,SAR,TAC,K,K,K,1
Ross Ewage,1764,951,Alaina Mclean,1947,678,K,273,T1,2,1,0,0,-3.51%,3.51%,0,0,0,806,70,6,SAR,TAC,K,K,FO,1
Oxleohl Driver,1943,729,Viking Fishbird,42,742,3B,13,B1,0,0,0,0,9.36%,-9.36%,0,1,1,807,70,6,TAC,SAR,3B,3B,HR,1
Duke Marriot,775,298,Viking Fishbird,42,856,RGO,442,B1,0,3,0,0,-2.93%,2.93%,0,0,0,807,70,6,TAC,SAR,RGO,RGO,RGO,2
Alaina Mclean,1947,47,Viking Fishbird,42,195,BB,148,B1,1,3,0,0,3.44%,-3.44%,0,1,1,807,70,6,TAC,SAR,BB,BB,BB,1
Babatunde Oladotun,386,916,Viking Fishbird,42,920,HR,4,B1,1,5,0,0,15.89%,-15.89%,3,1,1,807,70,6,TAC,SAR,HR,HR,HR,1
Julio Escobar,686,690,Viking Fishbird,42,610,1B,80,B1,1,0,3,0,2.50%,-2.50%,0,0,0,807,70,6,TAC,SAR,1B,1B,1B,1
Mackin Tosh,93,240,Viking Fishbird,42,190,2B,50,B1,1,1,3,0,3.84%,-3.84%,0,0,0,807,70,6,TAC,SAR,2B,2B,2B,1
Pablo Sanchez III,250,,Viking Fishbird,42,,IBB,,B1,1,6,3,0,0.74%,-0.74%,0,0,0,807,70,6,TAC,SAR,IBB,IBB,IBB,8
Richard Cheese Jr.,699,555,Viking Fishbird,42,905,PO,350,B1,1,7,3,0,-4.21%,4.21%,0,0,0,807,70,6,TAC,SAR,PO,PO,K,1
Napoleon Shortsleeve,560,817,Viking Fishbird,42,373,RGO,444,B1,2,7,3,0,-4.67%,4.67%,0,0,0,807,70,6,TAC,SAR,RGO,RGO,RGO,1
Bradle Beamen,203,129,Alaina Mclean,1947,876,K,253,T2,0,0,3,0,-2.37%,2.37%,0,0,0,808,70,6,SAR,TAC,K,K,FO,1
Bonesy McSkellington,1733,26,Alaina Mclean,1947,369,K,343,T2,1,0,3,0,-1.46%,1.46%,0,0,0,808,70,6,SAR,TAC,K,K,K,1
Gimpy Schlempteen 32,379,100,Alaina Mclean,1947,62,2B,38,T2,2,0,3,0,1.56%,-1.56%,0,0,0,808,70,6,SAR,TAC,2B,2B,2B,1
Ferdinand Sea-Bull,754,613,Alaina Mclean,1947,725,BB,112,T2,2,2,3,0,3.47%,-3.47%,0,0,0,808,70,6,SAR,TAC,BB,BB,1B,1
Viking Fishbird,42,500,Alaina Mclean,1947,196,K,304,T2,2,4,3,0,-7.14%,7.14%,0,0,0,808,70,6,SAR,TAC,K,K,K,1
Oxleohl Driver,1943,638,Viking Fishbird,42,323,K,315,B2,0,0,3,0,-1.81%,1.81%,0,0,0,809,70,6,TAC,SAR,K,K,K,1
Duke Marriot,775,377,Viking Fishbird,42,35,PO,342,B2,1,0,3,0,-0.61%,0.61%,0,0,0,809,70,6,TAC,SAR,PO,PO,K,1
Alaina Mclean,1947,456,Viking Fishbird,42,955,LGO,499,B2,2,0,3,0,-0.91%,0.91%,0,0,0,809,70,6,TAC,SAR,LGO,LGO,LGO,1
Cole Martinez,408,102,Alaina Mclean,1947,9,1B,93,T3,0,0,3,0,4.47%,-4.47%,0,0,0,810,70,6,SAR,TAC,1B,1B,1B,1
Dr.Degratest Toevadoit,247,333,Alaina Mclean,1947,14,K,319,T3,0,1,3,0,-3.03%,3.03%,0,0,0,810,70,6,SAR,TAC,K,K,K,1
Elmo Seabreeze,1785,514,Alaina Mclean,1947,424,1B,90,T3,1,1,3,0,5.28%,-5.28%,0,0,0,810,70,6,SAR,TAC,1B,1B,1B,1
Ross Ewage,1764,701,Alaina Mclean,1947,777,1B,76,T3,1,4,3,0,8.85%,-8.85%,0,0,0,810,70,6,SAR,TAC,1B,2B,1B,1
Bradle Beamen,203,441,Alaina Mclean,1947,779,K,338,T3,1,7,3,0,-10.89%,10.89%,0,0,0,810,70,6,SAR,TAC,K,K,K,1
Bonesy McSkellington,1733,169,Alaina Mclean,1947,512,K,343,T3,2,7,3,0,-10.46%,10.46%,0,0,0,810,70,6,SAR,TAC,K,K,K,1
Babatunde Oladotun,386,478,Viking Fishbird,42,828,K,350,B3,0,0,3,0,-0.85%,0.85%,0,0,0,811,70,6,TAC,SAR,K,K,K,1
Julio Escobar,686,420,Viking Fishbird,42,228,FO,192,B3,1,0,3,0,-1.09%,1.09%,0,0,0,811,70,6,TAC,SAR,FO,FO,FO,1
Mackin Tosh,93,921,Viking Fishbird,42,228,FO,307,B3,2,0,3,0,-0.62%,0.62%,0,0,0,811,70,6,TAC,SAR,FO,FO,K,1
Gimpy Schlempteen 32,379,32,Alaina Mclean,1947,750,K,282,T4,0,0,3,0,-2.47%,2.47%,0,0,0,812,70,6,SAR,TAC,K,K,FO,1
Mason Miller,270,177,Alaina Mclean,1947,564,K,387,T4,1,0,3,0,-2.55%,2.55%,0,0,0,812,70,6,SAR,TAC,K,PO,PO,1
Viking Fishbird,42,823,Alaina Mclean,1947,167,K,344,T4,2,0,3,0,-1.09%,1.09%,0,0,0,812,70,6,SAR,TAC,K,K,K,1
Pablo Sanchez III,250,228,Viking Fishbird,42,611,PO,383,B4,0,0,3,0,-0.46%,0.46%,0,0,0,813,70,6,TAC,SAR,PO,PO,PO,1
Richard Cheese Jr.,699,364,Viking Fishbird,42,475,BB,111,B4,1,0,3,0,0.43%,-0.43%,0,0,0,813,70,6,TAC,SAR,BB,BB,1B,1
Napoleon Shortsleeve,560,612,Viking Fishbird,42,858,FO,246,B4,1,1,3,0,-0.74%,0.74%,0,0,0,813,70,6,TAC,SAR,FO,FO,FO,1
Oxleohl Driver,1943,27,Viking Fishbird,42,275,FO,248,B4,2,1,3,0,-0.97%,0.97%,0,0,0,813,70,6,TAC,SAR,FO,FO,FO,1
Cole Martinez,408,690,Alaina Mclean,1947,843,BB,153,T5,0,0,3,0,4.54%,-4.54%,0,0,0,814,70,6,SAR,TAC,BB,BB,BB,1
Dr.Degratest Toevadoit,247,888,Alaina Mclean,1947,94,FO,206,T5,0,1,3,0,-3.19%,3.19%,0,0,0,814,70,6,SAR,TAC,FO,FO,FO,1
Elmo Seabreeze,1785,100,Alaina Mclean,1947,231,BB,131,T5,1,1,3,0,5.79%,-5.79%,0,0,0,814,70,6,SAR,TAC,BB,BB,1B,1
Ross Ewage,1764,521,Alaina Mclean,1947,19,DP,498,T5,1,4,3,0,-12.69%,12.69%,0,0,0,814,70,6,SAR,TAC,LGO,LGO,DP,1
Duke Marriot,775,313,Viking Fishbird,42,555,K,242,B5,0,0,3,0,-0.37%,0.37%,0,0,0,815,70,6,TAC,SAR,K,FO,FO,1
Alaina Mclean,1947,693,Viking Fishbird,42,722,3B,29,B5,1,0,3,0,2.00%,-2.00%,0,0,0,815,70,6,TAC,SAR,3B,3B,3B,1
Babatunde Oladotun,386,459,Viking Fishbird,42,45,PO,414,B5,1,3,3,0,-1.78%,1.78%,0,0,0,815,70,6,TAC,SAR,PO,RGO,RGO,1
Julio Escobar,686,262,Viking Fishbird,42,645,RGO,383,B5,2,3,3,0,-0.96%,0.96%,0,0,0,815,70,6,TAC,SAR,RGO,RGO,PO,1
Bradle Beamen,203,237,Alaina Mclean,1947,289,2B,52,T6,0,0,3,0,4.78%,-4.78%,0,1,1,816,70,6,SAR,TAC,2B,2B,2B,1
Bonesy McSkellington,1733,189,Alaina Mclean,1947,245,1B,56,T6,0,2,3,0,7.23%,-7.23%,0,1,1,816,70,6,SAR,TAC,1B,1B,2B,1
Gimpy Schlempteen 32,379,100,Alaina Mclean,1947,26,1B,74,T6,0,5,3,0,10.59%,-10.59%,1,1,1,816,70,6,SAR,TAC,1B,1B,1B,1
Mason Miller,270,281,Alaina Mclean,1947,956,K,325,T6,0,4,3,1,-5.81%,5.81%,0,0,0,816,70,6,SAR,TAC,K,PO,K,1
Viking Fishbird,42,825,Alaina Mclean,1947,687,BB,138,T6,1,4,3,1,12.41%,-12.41%,0,0,0,816,70,6,SAR,TAC,BB,BB,BB,1
Cole Martinez,408,369,Alaina Mclean,1947,185,Sac,184,T6,1,7,3,1,-15.64%,15.64%,1,0,0,816,70,6,SAR,TAC,FO,FO,Sac,1
Tucker Doubt,567,91,Alaina Mclean,1947,7,1B,84,T6,2,4,3,2,30.62%,-30.62%,1,0,0,816,70,6,SAR,TAC,1B,1B,1B,1
Elmo Seabreeze,1785,570,Alaina Mclean,1947,996,RGO,426,T6,2,5,3,3,-15.75%,15.75%,0,0,0,816,70,6,SAR,TAC,RGO,RGO,RGO,1
Mackin Tosh,93,935,Viking Fishbird,42,711,FO,224,B6,0,0,3,3,-6.12%,6.12%,0,0,0,817,70,6,TAC,SAR,FO,FO,FO,1
Truck Month,1794,528,Viking Fishbird,42,144,RGO,384,B6,1,0,3,3,-5.87%,5.87%,0,0,0,817,70,6,TAC,SAR,RGO,RGO,PO,1
Richard Cheese Jr.,699,890,Viking Fishbird,42,464,PO,426,B6,2,0,3,3,-4.81%,4.81%,0,0,0,817,70,6,TAC,SAR,PO,PO,RGO,1
Homer Pimpson,144,178,Caleb Craven,640,877,FO,301,T1,0,0,0,0,-2.52%,2.52%,0,0,0,818,71,6,NUL,POR,FO,K,K,1
Joey-Claire Hiveswap,291,724,Caleb Craven,640,404,K,320,T1,1,0,0,0,-2.52%,2.52%,0,0,0,818,71,6,NUL,POR,K,PO,K,1
Hannibal Bligh,1724,123,Caleb Craven,640,212,1B,89,T1,2,0,0,0,1.77%,-1.77%,0,1,1,818,71,6,NUL,POR,1B,1B,1B,1
Emerson Austin,703,669,Caleb Craven,640,611,2B,58,T1,2,1,0,0,12.25%,-12.25%,1,1,1,818,71,6,NUL,POR,2B,1B,2B,1
Anthony Richards,418,693,Caleb Craven,640,711,3B,18,T1,2,2,0,1,9.51%,-9.51%,1,1,1,818,71,6,NUL,POR,3B,2B,HR,1
KlentakPay TheFuckingTax,1700,95,Caleb Craven,640,101,HR,6,T1,2,3,0,2,14.63%,-14.63%,2,1,1,818,71,6,NUL,POR,HR,HR,HR,1
Joey McCarty,390,1,Caleb Craven,640,101,1B,100,T1,2,0,0,4,0.45%,-0.45%,0,1,1,818,71,6,NUL,POR,1B,BB,1B,1
Ziggy Cedar,56,334,Caleb Craven,640,333,HR,1,T1,2,1,0,4,9.54%,-9.54%,2,1,1,818,71,6,NUL,POR,HR,HR,HR,1
Bartholomew J. Bottomtext,740,570,Caleb Craven,640,907,FO,337,T1,2,0,0,6,-2.34%,2.34%,0,0,0,818,71,6,NUL,POR,FO,FO,K,1
Geno Scaramucci,165,1,Hannibal Bligh,1724,166,BB,165,B1,0,0,0,6,1.60%,-1.60%,0,0,1,819,71,6,POR,NUL,BB,BB,BB,1
Geno Scaramucci,165,333,Hannibal Bligh,1724,238,SB,95,B1,0,1,0,6,2.22%,-2.22%,0,1,0,819,71,6,POR,NUL,Steal 2B,Steal 2B,SB,4
Tequila Sunrise,249,620,Hannibal Bligh,1724,16,RGO,396,B1,0,2,0,6,-8.36%,8.36%,0,0,0,819,71,6,POR,NUL,RGO,RGO,PO,1
Grigury Polinko,452,343,Hannibal Bligh,1724,721,RGO,378,B1,1,3,0,6,5.88%,-5.88%,1,0,0,819,71,6,POR,NUL,RGO,RGO,PO,1
Bobo Bones,478,,Hannibal Bligh,1724,,Auto K,,B1,2,0,1,6,-1.72%,1.72%,0,0,0,819,71,6,POR,NUL,Auto K,Auto K,Auto K,9
Homer Pimpson,144,487,Caleb Craven,640,808,K,321,T2,0,0,1,6,-1.02%,1.02%,0,0,0,820,71,6,NUL,POR,K,K,K,1
Joey-Claire Hiveswap,291,413,Caleb Craven,640,121,K,292,T2,1,0,1,6,-0.45%,0.45%,0,0,0,820,71,6,NUL,POR,K,K,K,1
Hannibal Bligh,1724,321,Caleb Craven,640,500,BB,179,T2,2,0,1,6,-0.01%,0.01%,0,0,0,820,71,6,NUL,POR,BB,FO,FO,1
Emerson Austin,703,888,Caleb Craven,640,500,RGO,388,T2,2,1,1,6,-0.45%,0.45%,0,0,0,820,71,6,NUL,POR,RGO,RGO,PO,1
Artie Ziff,164,1,Hannibal Bligh,1724,321,RGO,320,B2,0,0,1,6,-1.70%,1.70%,0,0,0,821,71,6,POR,NUL,RGO,RGO,K,1
Rickey Tucker,163,691,Hannibal Bligh,1724,833,1B,142,B2,1,0,1,6,1.50%,-1.50%,0,0,0,821,71,6,POR,NUL,1B,BB,BB,1
Ayden Davis,696,69,Hannibal Bligh,1724,709,DP,360,B2,1,1,1,6,-3.89%,3.89%,0,0,0,821,71,6,POR,NUL,RGO,RGO,K,1
Anthony Richards,418,,Caleb Craven,640,,Auto K,,T3,0,0,1,6,-0.71%,0.71%,0,0,0,822,71,6,NUL,POR,Auto K,Auto K,Auto K,9
KlentakPay TheFuckingTax,1700,500,Caleb Craven,640,511,HR,11,T3,1,0,1,6,3.21%,-3.21%,1,1,1,822,71,6,NUL,POR,HR,HR,HR,1
Joey McCarty,390,500,Caleb Craven,640,399,1B,101,T3,1,0,1,7,0.20%,-0.20%,0,1,1,822,71,6,NUL,POR,1B,BB,1B,1
Ziggy Cedar,56,72,Caleb Craven,640,811,FO,261,T3,1,1,1,7,-0.05%,0.05%,0,0,0,822,71,6,NUL,POR,FO,FO,FO,1
Bartholomew J. Bottomtext,740,999,Caleb Craven,640,111,1B,112,T3,2,1,1,7,-0.57%,0.57%,0,0,0,822,71,6,NUL,POR,1B,1B,1B,1
Homer Pimpson,144,741,Caleb Craven,640,622,1B,119,T3,2,5,1,7,0.00%,0.00%,1,0,0,822,71,6,NUL,POR,1B,BB,1B,1
Joey-Claire Hiveswap,291,339,Caleb Craven,640,741,RGO,402,T3,2,5,1,8,-0.55%,0.55%,0,0,0,822,71,6,NUL,POR,RGO,RGO,RGO,1
Bo-Horse Jackman,168,123,Hannibal Bligh,1724,711,LGO,412,B3,0,0,1,8,-1.22%,1.22%,0,0,0,823,71,6,POR,NUL,LGO,LGO,RGO,1
Aych Imtiyaz,170,812,Hannibal Bligh,1724,444,RGO,368,B3,1,0,1,8,-1.05%,1.05%,0,0,0,823,71,6,POR,NUL,RGO,RGO,K,1
Geno Scaramucci,165,999,Hannibal Bligh,1724,1,HR,2,B3,2,0,1,8,0.00%,0.00%,1,1,1,823,71,6,POR,NUL,HR,HR,HR,1
Tequila Sunrise,249,333,Hannibal Bligh,1724,620,K,287,B3,2,0,2,8,-0.11%,0.11%,0,0,0,823,71,6,POR,NUL,K,K,K,1
Hannibal Bligh,1724,101,Caleb Craven,640,404,K,303,T4,0,0,2,8,0.05%,-0.05%,0,0,0,824,71,6,NUL,POR,K,K,K,1
Emerson Austin,703,469,Caleb Craven,640,999,LGO,470,T4,1,0,2,8,-0.30%,0.30%,0,0,0,824,71,6,NUL,POR,LGO,LGO,LGO,1
Anthony Richards,418,212,Caleb Craven,640,888,FO,324,T4,2,0,2,8,-0.14%,0.14%,0,0,0,824,71,6,NUL,POR,FO,K,K,1
Grigury Polinko,452,888,Hannibal Bligh,1724,843,2B,45,B4,0,0,2,8,2.11%,-2.11%,0,1,1,825,71,6,POR,NUL,2B,2B,2B,1
Bobo Bones,478,920,Hannibal Bligh,1724,369,LGO,449,B4,0,2,2,8,-1.03%,1.03%,0,0,0,825,71,6,POR,NUL,LGO,LGO,RGO,1
Artie Ziff,164,369,Hannibal Bligh,1724,420,2B,51,B4,1,2,2,8,2.78%,-2.78%,1,0,0,825,71,6,POR,NUL,2B,2B,2B,1
Rickey Tucker,163,191,Hannibal Bligh,1724,691,LGO,500,B4,1,2,3,8,-3.02%,3.02%,0,0,0,825,71,6,POR,NUL,LGO,LGO,LGO,1
Ayden Davis,696,435,Hannibal Bligh,1724,709,PO,274,B4,2,2,3,8,-1.55%,1.55%,0,0,0,825,71,6,POR,NUL,PO,PO,FO,1
KlentakPay TheFuckingTax,1700,777,Caleb Craven,640,324,LGO,453,T5,0,0,3,8,-0.39%,0.39%,0,0,0,826,71,6,NUL,POR,LGO,LGO,LGO,1
Joey McCarty,390,76,Caleb Craven,640,111,HR,35,T5,1,0,3,8,1.54%,-1.54%,1,1,1,826,71,6,NUL,POR,HR,HR,2B,1
Ziggy Cedar,56,879,Caleb Craven,640,888,HR,9,T5,1,0,3,9,0.00%,0.00%,1,1,1,826,71,6,NUL,POR,HR,HR,HR,1
Bartholomew J. Bottomtext,740,777,Caleb Craven,640,299,LGO,478,T5,1,0,3,10,-0.33%,0.33%,0,0,0,826,71,6,NUL,POR,LGO,LGO,LGO,1
Homer Pimpson,144,345,Caleb Craven,640,407,2B,62,T5,2,0,3,10,0.47%,-0.47%,0,0,0,826,71,6,NUL,POR,2B,1B,2B,1
Joey-Claire Hiveswap,291,683,Caleb Craven,640,904,FO,221,T5,2,2,3,10,-0.56%,0.56%,0,0,0,826,71,6,NUL,POR,FO,FO,FO,1
Bo-Horse Jackman,168,879,Hannibal Bligh,1724,880,HR,1,B5,0,0,3,10,0.00%,0.00%,1,1,1,827,71,6,POR,NUL,HR,HR,HR,1
Aych Imtiyaz,170,,Hannibal Bligh,1724,,Auto K,,B5,0,0,4,10,-0.77%,0.77%,0,0,0,827,71,6,POR,NUL,Auto K,Auto K,Auto K,9
Geno Scaramucci,165,500,Hannibal Bligh,1724,1000,LGO,500,B5,1,0,4,10,-0.44%,0.44%,0,0,0,827,71,6,POR,NUL,LGO,LGO,LGO,1
Tequila Sunrise,249,832,Hannibal Bligh,1724,666,FO,166,B5,2,0,4,10,-0.15%,0.15%,0,0,0,827,71,6,POR,NUL,FO,FO,BB,1
Hannibal Bligh,1724,1000,Caleb Craven,640,404,RGO,404,T6,0,0,4,10,-0.01%,0.01%,0,0,0,828,71,6,NUL,POR,RGO,RGO,RGO,1
Emerson Austin,703,420,Caleb Craven,640,505,1B,85,T6,1,0,4,10,0.06%,-0.06%,0,1,1,828,71,6,NUL,POR,1B,1B,1B,1
Anthony Richards,418,69,Caleb Craven,640,69,HR,0,T6,1,1,4,10,-0.06%,0.06%,2,1,1,828,71,6,NUL,POR,HR,HR,HR,1
KlentakPay TheFuckingTax,1700,69,Caleb Craven,640,777,K,292,T6,1,0,4,12,-0.07%,0.07%,0,0,0,828,71,6,NUL,POR,K,K,K,1
Joey McCarty,390,781,Caleb Craven,640,699,1B,82,T6,2,0,4,12,-0.01%,0.01%,0,1,1,828,71,6,NUL,POR,1B,1B,1B,1
Ziggy Cedar,56,680,Caleb Craven,640,577,1B,103,T6,2,1,4,12,-0.07%,0.07%,0,1,1,828,71,6,NUL,POR,1B,1B,1B,1
Bartholomew J. Bottomtext,740,380,Caleb Craven,640,399,HR,19,T6,2,5,4,12,0.08%,-0.08%,3,1,1,828,71,6,NUL,POR,HR,3B,HR,1
Homer Pimpson,144,178,Caleb Craven,640,711,LGO,467,T6,2,0,4,15,-0.07%,0.07%,0,0,0,828,71,6,NUL,POR,LGO,LGO,LGO,1
Grigury Polinko,452,412,Hannibal Bligh,1724,388,3B,24,B6,0,0,4,15,1.56%,-1.56%,0,1,1,829,71,6,POR,NUL,3B,3B,HR,1
Bobo Bones,478,369,Hannibal Bligh,1724,388,HR,19,B6,0,3,4,15,-1.56%,1.56%,2,1,1,829,71,6,POR,NUL,HR,HR,HR,1
Artie Ziff,164,867,Emerson Austin,703,222,PO,355,B6,0,0,6,15,-0.38%,0.38%,0,0,0,829,71,6,POR,NUL,PO,PO,K,1
Rickey Tucker,163,486,Emerson Austin,703,667,FO,181,B6,1,0,6,15,-0.18%,0.18%,0,0,0,829,71,6,POR,NUL,FO,FO,FO,1
Ayden Davis,696,543,Emerson Austin,703,486,2B,57,B6,2,0,6,15,0.04%,-0.04%,0,0,0,829,71,6,POR,NUL,2B,2B,2B,1
Bo-Horse Jackman,168,816,Emerson Austin,703,5,FO,189,B6,2,2,6,15,-0.07%,0.07%,0,0,0,829,71,6,POR,NUL,FO,FO,FO,1
Robbie Liapis,1745,41,Mr. Miyagi,265,823,FO,218,T1,0,0,0,0,-2.52%,2.52%,0,0,0,830,72,6,TRA,KTY,FO,FO,FO,1
Herderber Derperger III,1779,156,Mr. Miyagi,265,934,FO,222,T1,1,0,0,0,-2.52%,2.52%,0,0,0,830,72,6,TRA,KTY,FO,FO,FO,1
Jack Meoff,1829,282,Mr. Miyagi,265,777,LGO,495,T1,2,0,0,0,-1.74%,1.74%,0,0,0,830,72,6,TRA,KTY,LGO,LGO,LGO,1
Sevag Vapor,106,590,Jimmy Johns,303,623,2B,33,B1,0,0,0,0,6.76%,-6.76%,0,1,1,831,72,6,KTY,TRA,2B,2B,2B,1
David Roidtiz,1742,345,Jimmy Johns,303,832,LGO,487,B1,0,2,0,0,-4.09%,4.09%,0,0,0,831,72,6,KTY,TRA,LGO,LGO,LGO,1
Chase Hillinger,1710,111,Jimmy Johns,303,738,RGO,373,B1,1,2,0,0,-4.12%,4.12%,0,0,0,831,72,6,KTY,TRA,RGO,RGO,K,1
Henrik Omega,84,947,Jimmy Johns,303,900,2B,47,B1,2,3,0,0,10.53%,-10.53%,1,0,0,831,72,6,KTY,TRA,2B,2B,2B,1
Scott Medge,1728,224,Jimmy Johns,303,691,LGO,467,B1,2,2,1,0,-4.10%,4.10%,0,0,0,831,72,6,KTY,TRA,LGO,LGO,LGO,1
Birdman,393,282,Mr. Miyagi,265,571,K,289,T2,0,0,1,0,-2.54%,2.54%,0,0,0,832,72,6,TRA,KTY,K,K,K,1
Gregory Taint,1712,822,Mr. Miyagi,265,621,FO,201,T2,1,0,1,0,-3.53%,3.53%,0,0,0,832,72,6,TRA,KTY,FO,FO,FO,1
Sunshine Pardue,315,221,Mr. Miyagi,265,788,RGO,433,T2,2,0,1,0,-1.44%,1.44%,0,0,0,832,72,6,TRA,KTY,RGO,RGO,RGO,1
Buck Armstrong,97,926,Jimmy Johns,303,55,BB,129,B2,0,0,1,0,3.56%,-3.56%,0,0,0,833,72,6,KTY,TRA,BB,BB,1B,1
Vinny Vedecci,2,203,Jimmy Johns,303,329,BB,126,B2,0,1,1,0,4.77%,-4.77%,0,0,0,833,72,6,KTY,TRA,BB,BB,1B,1
Xerxes Dalin,474,420,Jimmy Johns,303,123,PO,297,B2,0,4,1,0,-3.99%,3.99%,0,0,0,833,72,6,KTY,TRA,PO,PO,K,1
Kirby Birch,1800,699,Jimmy Johns,303,329,PO,370,B2,1,4,1,0,-4.36%,4.36%,0,0,0,833,72,6,KTY,TRA,PO,PO,K,1
Sevag Vapor,106,700,Jimmy Johns,303,855,BB,155,B2,2,4,1,0,1.79%,-1.79%,0,0,0,833,72,6,KTY,TRA,BB,BB,BB,1
Steel Pipe Simpson,80,55,Jimmy Johns,303,699,PO,356,B2,2,7,1,0,-7.53%,7.53%,0,0,0,833,72,6,KTY,TRA,PO,PO,K,1
Captain Harry C Legs,480,383,Mr. Miyagi,265,525,FO,142,T3,0,0,1,0,-3.61%,3.61%,0,0,0,834,72,6,TRA,KTY,FO,BB,BB,1
Mylo Grams,396,578,Mr. Miyagi,265,142,RGO,436,T3,1,0,1,0,-3.13%,3.13%,0,0,0,834,72,6,TRA,KTY,RGO,RGO,RGO,1
Jimmy Johns,303,936,Mr. Miyagi,265,544,RGO,392,T3,2,0,1,0,-2.16%,2.16%,0,0,0,834,72,6,TRA,KTY,RGO,RGO,PO,1
Chase Hillinger,1710,620,Jimmy Johns,303,935,RGO,315,B3,0,0,1,0,-2.34%,2.34%,0,0,0,835,72,6,KTY,TRA,RGO,RGO,K,1
Henrik Omega,84,644,Jimmy Johns,303,500,FO,144,B3,1,0,1,0,-2.24%,2.24%,0,0,0,835,72,6,KTY,TRA,FO,FO,BB,1
Scott Medge,1728,721,Jimmy Johns,303,574,BB,147,B3,2,0,1,0,1.66%,-1.66%,0,0,0,835,72,6,KTY,TRA,BB,BB,BB,1
Pedro Cerrano-Spaz,1798,232,Jimmy Johns,303,647,RGO,415,B3,2,1,1,0,-3.10%,3.10%,0,0,0,835,72,6,KTY,TRA,RGO,RGO,RGO,1
Robbie Liapis,1745,472,Mr. Miyagi,265,876,RGO,404,T4,0,0,1,0,-4.06%,4.06%,0,0,0,836,72,6,TRA,KTY,RGO,RGO,RGO,1
Herderber Derperger III,1779,887,Mr. Miyagi,265,533,K,354,T4,1,0,1,0,-3.83%,3.83%,0,0,0,836,72,6,TRA,KTY,K,K,K,1
Jack Meoff,1829,762,Mr. Miyagi,265,401,PO,361,T4,2,0,1,0,-2.57%,2.57%,0,0,0,836,72,6,TRA,KTY,PO,K,K,1
Vinny Vedecci,2,140,Jimmy Johns,303,855,K,285,B4,0,0,1,0,-2.24%,2.24%,0,0,0,837,72,6,KTY,TRA,K,K,K,1
Xerxes Dalin,474,375,Jimmy Johns,303,140,FO,235,B4,1,0,1,0,-1.93%,1.93%,0,0,0,837,72,6,KTY,TRA,FO,FO,FO,1
Kirby Birch,1800,688,Jimmy Johns,303,222,LGO,466,B4,2,0,1,0,-1.56%,1.56%,0,0,0,837,72,6,KTY,TRA,LGO,LGO,LGO,1
Birdman,393,391,Mr. Miyagi,265,641,FO,250,T5,0,0,1,0,-5.29%,5.29%,0,0,0,838,72,6,TRA,KTY,FO,FO,FO,1
Gregory Taint,1712,301,Mr. Miyagi,265,811,LGO,490,T5,1,0,1,0,-5.21%,5.21%,0,0,0,838,72,6,TRA,KTY,LGO,LGO,LGO,1
Sunshine Pardue,315,201,Mr. Miyagi,265,734,LGO,467,T5,2,0,1,0,-3.39%,3.39%,0,0,0,838,72,6,TRA,KTY,LGO,LGO,LGO,1
Sevag Vapor,106,210,Jimmy Johns,303,164,2B,46,B5,0,0,1,0,4.16%,-4.16%,0,1,1,839,72,6,KTY,TRA,2B,2B,2B,1
Steel Pipe Simpson,80,381,Jimmy Johns,303,946,RGO,435,B5,0,2,1,0,1.06%,-1.06%,0,0,0,839,72,6,KTY,TRA,RGO,RGO,RGO,1
Chase Hillinger,1710,457,Jimmy Johns,303,500,HR,43,B5,1,3,1,0,5.89%,-5.89%,2,1,1,839,72,6,KTY,TRA,HR,3B,2B,1
Henrik Omega,84,375,Jimmy Johns,303,345,3B,30,B5,1,0,3,0,2.00%,-2.00%,0,1,1,839,72,6,KTY,TRA,3B,3B,2B,1
Scott Medge,1728,803,Doc Crudelly,1811,907,BB,104,B5,1,3,3,0,0.06%,-0.06%,0,0,0,839,72,6,KTY,TRA,BB,BB,1B,1
Pedro Cerrano-Spaz,1798,610,Doc Crudelly,1811,380,Sac,230,B5,1,5,3,0,-0.19%,0.19%,1,0,0,839,72,6,KTY,TRA,FO,FO,Sac,1
Vinny Vedecci,2,420,Doc Crudelly,1811,290,1B,130,B5,2,1,4,0,0.63%,-0.63%,0,0,0,839,72,6,KTY,TRA,1B,1B,1B,1
Xerxes Dalin,474,290,Doc Crudelly,1811,775,LGO,485,B5,2,5,4,0,-0.82%,0.82%,0,0,0,839,72,6,KTY,TRA,LGO,LGO,LGO,1
Captain Harry C Legs,480,390,Mr. Miyagi,265,722,K,332,T6,0,0,4,0,-1.31%,1.31%,0,0,0,840,72,6,TRA,KTY,K,K,K,1
Mylo Grams,396,323,Mr. Miyagi,265,366,2B,43,T6,1,0,4,0,1.29%,-1.29%,0,1,1,840,72,6,TRA,KTY,2B,2B,2B,1
Doc Crudelly,1811,734,Mr. Miyagi,265,525,FO,209,T6,1,2,4,0,-1.35%,1.35%,0,0,0,840,72,6,TRA,KTY,FO,FO,FO,1
Robbie Liapis,1745,743,Mr. Miyagi,265,666,1B,77,T6,2,2,4,0,1.09%,-1.09%,1,1,1,840,72,6,TRA,KTY,1B,1B,1B,1
Herderber Derperger III,1779,175,Mr. Miyagi,265,222,2B,47,T6,2,1,4,1,3.03%,-3.03%,1,0,0,840,72,6,TRA,KTY,2B,2B,2B,1
Jay Peg,724,969,Mr. Miyagi,265,811,BB,158,T6,2,2,4,2,6.32%,-6.32%,0,0,0,840,72,6,TRA,KTY,BB,BB,BB,1
Birdman,393,686,Mr. Miyagi,265,926,FO,240,T6,2,4,4,2,-11.20%,11.20%,0,0,0,840,72,6,TRA,KTY,FO,FO,FO,1
Moose McCracken,308,689,Oliver Yu,286,303,RGO,386,T1,0,0,0,0,-2.52%,2.52%,0,0,0,841,73,7,GTY,WSH,RGO,RGO,PO,1
Sammy Tee,731,77,Oliver Yu,286,919,FO,158,T1,1,0,0,0,-2.52%,2.52%,0,0,0,841,73,7,GTY,WSH,FO,FO,BB,1
Joe Whomper,1755,850,Oliver Yu,286,333,LGO,483,T1,2,0,0,0,-1.74%,1.74%,0,0,0,841,73,7,GTY,WSH,LGO,LGO,LGO,1
Joe Pidgeon,301,738,Starlight,541,723,HR,15,B1,0,0,0,0,10.19%,-10.19%,1,1,1,842,73,7,WSH,GTY,HR,HR,HR,1
Jabreakit Jubawit,1964,226,Starlight,541,12,K,214,B1,0,0,1,0,-1.88%,1.88%,0,0,0,842,73,7,WSH,GTY,K,K,FO,1
KC Bats,287,420,Starlight,541,169,K,251,B1,1,0,1,0,-1.77%,1.77%,0,0,0,842,73,7,WSH,GTY,K,K,FO,1
Miguel Snow,290,500,Starlight,541,474,HR,26,B1,2,0,1,0,9.62%,-9.62%,1,1,1,842,73,7,WSH,GTY,HR,HR,3B,1
Billy McBeans,681,100,Johnnie Twofingers,502,812,K,288,B1,2,0,2,0,-0.63%,0.63%,0,0,0,842,73,7,WSH,GTY,K,K,K,1
Nick Papagiorgio,499,582,Oliver Yu,286,512,2B,70,T2,0,0,2,0,7.96%,-7.96%,0,1,1,843,73,7,GTY,WSH,2B,2B,1B,1
Matt Murphy,1954,274,Oliver Yu,286,33,FO,241,T2,0,2,2,0,-6.49%,6.49%,0,0,0,843,73,7,GTY,WSH,FO,FO,FO,1
Brian Taylor,1838,62,Oliver Yu,286,254,FO,192,T2,1,2,2,0,-2.50%,2.50%,0,0,0,843,73,7,GTY,WSH,FO,FO,FO,1
Magnus Dongfest,579,80,Oliver Yu,286,66,3B,14,T2,2,2,2,0,9.27%,-9.27%,1,1,1,843,73,7,GTY,WSH,3B,3B,HR,1
Emer Bock,309,723,Oliver Yu,286,842,1B,119,T2,2,3,2,1,10.31%,-10.31%,1,0,0,843,73,7,GTY,WSH,1B,1B,1B,1
Emer Bock,309,880,Oliver Yu,286,111,SB,231,T2,2,1,2,2,1.83%,-1.83%,0,0,0,843,73,7,GTY,WSH,Steal 2B,Steal 2B,SB,4
Johnnie Twofingers,502,420,Oliver Yu,286,111,K,309,T2,2,2,2,2,-5.35%,5.35%,0,0,0,843,73,7,GTY,WSH,K,K,K,1
Jack Ryan,2215,666,Johnnie Twofingers,502,1,K,335,B2,0,0,2,2,-2.75%,2.75%,0,0,0,844,73,7,WSH,GTY,K,K,K,1
Mitch Kramer,669,419,Johnnie Twofingers,502,233,FO,186,B2,1,0,2,2,-2.68%,2.68%,0,0,0,844,73,7,WSH,GTY,FO,FO,FO,1
Angel Leon,234,847,Johnnie Twofingers,502,881,2B,34,B2,2,0,2,2,3.37%,-3.37%,0,0,0,844,73,7,WSH,GTY,2B,2B,2B,1
Phil Coulson,226,411,Johnnie Twofingers,502,847,RGO,436,B2,2,2,2,2,-5.25%,5.25%,0,0,0,844,73,7,WSH,GTY,RGO,RGO,RGO,1
Moose McCracken,308,441,Joel Embiid,285,514,2B,73,T3,0,0,2,2,8.40%,-8.40%,0,1,1,845,73,7,GTY,WSH,2B,1B,1B,1
Sammy Tee,731,95,Joel Embiid,285,683,RGO,412,T3,0,2,2,2,0.88%,-0.88%,0,0,0,845,73,7,GTY,WSH,RGO,RGO,RGO,1
Joe Whomper,1755,178,Joel Embiid,285,519,RGO,341,T3,1,3,2,2,-0.96%,0.96%,1,0,0,845,73,7,GTY,WSH,RGO,RGO,K,1
Nick Papagiorgio,499,382,Joel Embiid,285,888,LGO,494,T3,2,0,2,3,-1.56%,1.56%,0,0,0,845,73,7,GTY,WSH,LGO,LGO,LGO,1
Joe Pidgeon,301,327,Johnnie Twofingers,502,121,FO,206,B3,0,0,2,3,-4.00%,4.00%,0,0,0,846,73,7,WSH,GTY,FO,FO,FO,1
Jabreakit Jubawit,1964,498,Johnnie Twofingers,502,420,1B,78,B3,1,0,2,3,5.31%,-5.31%,0,1,1,846,73,7,WSH,GTY,1B,1B,1B,1
KC Bats,287,666,Johnnie Twofingers,502,44,K,378,B3,1,1,2,3,-6.05%,6.05%,0,0,0,846,73,7,WSH,GTY,K,K,PO,1
Miguel Snow,290,900,Johnnie Twofingers,502,880,HR,20,B3,2,1,2,3,29.36%,-29.36%,2,1,1,846,73,7,WSH,GTY,HR,HR,HR,1
Billy McBeans,681,343,Johnnie Twofingers,502,754,K,411,B3,2,0,4,3,-1.44%,1.44%,0,0,0,846,73,7,WSH,GTY,K,K,RGO,1
Matt Murphy,1954,431,Joel Embiid,285,414,HR,17,T4,0,0,4,3,16.50%,-16.50%,1,1,1,847,73,7,GTY,WSH,HR,HR,HR,1
Brian Taylor,1838,750,Joel Embiid,285,215,LGO,465,T4,0,0,4,4,-3.87%,3.87%,0,0,0,847,73,7,GTY,WSH,LGO,LGO,LGO,1
Magnus Dongfest,579,876,Joel Embiid,285,695,BB,181,T4,1,0,4,4,4.77%,-4.77%,0,0,0,847,73,7,GTY,WSH,BB,BB,FO,1
Emer Bock,309,77,Joel Embiid,285,630,DP,447,T4,1,1,4,4,-10.98%,10.98%,0,0,0,847,73,7,GTY,WSH,LGO,LGO,DP,1
Jack Ryan,2215,414,Johnnie Twofingers,502,911,LGO,497,B4,0,0,4,4,-3.93%,3.93%,0,0,0,848,73,7,WSH,GTY,LGO,LGO,LGO,1
Mitch Kramer,669,611,Johnnie Twofingers,502,899,K,288,B4,1,0,4,4,-3.43%,3.43%,0,0,0,848,73,7,WSH,GTY,K,K,K,1
Angel Leon,234,83,Johnnie Twofingers,502,510,RGO,427,B4,2,0,4,4,-2.71%,2.71%,0,0,0,848,73,7,WSH,GTY,RGO,RGO,RGO,1
Johnnie Twofingers,502,155,Cagney O’verpaid,1743,256,1B,101,T5,0,0,4,4,6.36%,-6.36%,0,0,0,849,73,7,GTY,WSH,1B,1B,1B,1
Johnnie Twofingers,502,880,Cagney O’verpaid,1743,167,CS,287,T5,0,1,4,4,-11.07%,11.07%,0,0,0,849,73,7,GTY,WSH,CS 2B,CS 2B,CS,4
Moose McCracken,308,882,Cagney O’verpaid,1743,377,LGO,495,T5,1,0,4,4,-4.48%,4.48%,0,0,0,849,73,7,GTY,WSH,LGO,LGO,LGO,1
Sammy Tee,731,402,Cagney O’verpaid,1743,533,1B,131,T5,2,0,4,4,2.93%,-2.93%,0,1,1,849,73,7,GTY,WSH,1B,1B,1B,1
Joe Whomper,1755,538,Cagney O’verpaid,1743,533,HR,5,T5,2,1,4,4,36.48%,-36.48%,2,1,1,849,73,7,GTY,WSH,HR,HR,HR,1
Nick Papagiorgio,499,582,Angel Leon,234,747,FO,165,T5,2,0,4,6,-1.44%,1.44%,0,0,0,849,73,7,GTY,WSH,FO,FO,BB,1
Phil Coulson,226,144,Johnnie Twofingers,502,57,1B,87,B5,0,0,4,6,7.95%,-7.95%,0,1,1,850,73,7,WSH,GTY,1B,1B,1B,1
Joe Pidgeon,301,722,Johnnie Twofingers,502,602,BB,120,B5,0,1,4,6,11.67%,-11.67%,0,1,1,850,73,7,WSH,GTY,BB,BB,1B,1
Jabreakit Jubawit,1964,123,Johnnie Twofingers,502,69,2B,54,B5,0,4,4,6,32.11%,-32.11%,1,1,1,850,73,7,WSH,GTY,2B,2B,2B,1
KC Bats,287,420,Petetholomew Preller,216,2,LGO,418,B5,0,6,5,6,-10.85%,10.85%,0,0,0,850,73,7,WSH,GTY,LGO,LGO,RGO,2
Miguel Snow,290,500,Petetholomew Preller,216,500,HR,0,B5,1,6,5,6,29.82%,-29.82%,3,1,1,850,73,7,WSH,GTY,HR,HR,HR,1
Billy McBeans,681,782,Petetholomew Preller,216,977,FO,195,B5,1,0,8,6,-0.86%,0.86%,0,0,0,850,73,7,WSH,GTY,FO,FO,FO,1
Jack Ryan,2215,777,Petetholomew Preller,216,211,LGO,434,B5,2,0,8,6,-0.47%,0.47%,0,0,0,850,73,7,WSH,GTY,LGO,LGO,RGO,1
Matt Murphy,1954,734,Angel Leon,234,356,PO,378,T6,0,0,8,6,-4.18%,4.18%,0,0,0,851,73,7,GTY,WSH,PO,PO,PO,1
Brian Taylor,1838,999,Angel Leon,234,485,LGO,486,T6,1,0,8,6,-3.65%,3.65%,0,0,0,851,73,7,GTY,WSH,LGO,LGO,LGO,1
Magnus Dongfest,579,199,Angel Leon,234,998,FO,201,T6,2,0,8,6,-1.61%,1.61%,0,0,0,851,73,7,GTY,WSH,FO,FO,FO,1
Legend 27,762,420,Randy Pole,714,182,K,238,T1,0,0,0,0,-2.52%,2.52%,0,0,0,852,74,7,PPP,RKT,K,K,FO,1
Juni Panda,488,999,Randy Pole,714,16,HR,17,T1,1,0,0,0,10.53%,-10.53%,1,1,1,852,74,7,PPP,RKT,HR,HR,HR,1
Sticky Mickey Mantle,2236,820,Randy Pole,714,86,K,266,T1,1,0,0,1,-1.89%,1.89%,0,0,0,852,74,7,PPP,RKT,K,K,FO,1
Kris Pcock,1957,690,Randy Pole,714,911,K,221,T1,2,0,0,1,-1.65%,1.65%,0,0,0,852,74,7,PPP,RKT,K,K,FO,1
Jake Wexler,399,100,Nipsey Slip,529,438,RGO,338,B1,0,0,0,1,-3.15%,3.15%,0,0,0,853,74,7,RKT,PPP,RGO,RGO,K,1
Primal Cookie,779,76,Nipsey Slip,529,40,2B,36,B1,1,0,0,1,4.61%,-4.61%,0,1,1,853,74,7,RKT,PPP,2B,2B,2B,1
Randy Pole,714,69,Nipsey Slip,529,555,LGO,486,B1,1,2,0,1,-3.72%,3.72%,0,0,0,853,74,7,RKT,PPP,LGO,LGO,LGO,1
Kyle Corbett,707,1,Nipsey Slip,529,15,HR,14,B1,2,2,0,1,20.05%,-20.05%,2,1,1,853,74,7,RKT,PPP,HR,HR,HR,1
Mongster Mash,344,220,Nipsey Slip,529,713,LGO,493,B1,2,0,2,1,-1.56%,1.56%,0,0,0,853,74,7,RKT,PPP,LGO,LGO,LGO,1
Larry Longshot,32,400,Randy Pole,714,411,HR,11,T2,0,0,2,1,11.77%,-11.77%,1,1,1,854,74,7,PPP,RKT,HR,HR,HR,1
Poop McGee,596,902,Randy Pole,714,911,HR,9,T2,0,0,2,2,11.87%,-11.87%,1,1,1,854,74,7,PPP,RKT,HR,HR,HR,1
Harry McPotterson,1703,420,Randy Pole,714,411,HR,9,T2,0,0,2,3,10.20%,-10.20%,1,1,1,854,74,7,PPP,RKT,HR,HR,HR,1
Vinny Vega,723,3,Randy Pole,714,6,HR,3,T2,0,0,2,4,8.54%,-8.54%,1,1,1,854,74,7,PPP,RKT,HR,HR,HR,1
Nipsey Slip,529,888,Randy Pole,714,9,1B,121,T2,0,0,2,5,1.84%,-1.84%,0,0,0,854,74,7,PPP,RKT,1B,BB,1B,1
Nipsey Slip,529,500,Randy Pole,714,969,CS,469,T2,0,1,2,5,-3.31%,3.31%,0,0,0,854,74,7,PPP,RKT,CS 2B,CS 2B,CS,4
Legend 27,762,379,Randy Pole,714,696,K,317,T2,1,0,2,5,-1.33%,1.33%,0,0,0,854,74,7,PPP,RKT,K,K,K,1
Juni Panda,488,69,Randy Pole,714,669,PO,400,T2,2,0,2,5,-1.19%,1.19%,0,0,0,854,74,7,PPP,RKT,PO,PO,RGO,1
Cali Guerensk,1729,8,Nipsey Slip,529,380,RGO,372,B2,0,0,2,5,-2.83%,2.83%,0,0,0,855,74,7,RKT,PPP,RGO,RGO,K,1
Corey Scooter,1717,23,Nipsey Slip,529,391,RGO,368,B2,1,0,2,5,-2.43%,2.43%,0,0,0,855,74,7,RKT,PPP,RGO,RGO,K,1
DeVon Pepper,1701,700,Nipsey Slip,529,697,HR,3,B2,2,0,2,5,8.84%,-8.84%,1,1,1,855,74,7,RKT,PPP,HR,HR,HR,1
Penny Lane,716,856,Nipsey Slip,529,666,BB,190,B2,2,0,3,5,2.30%,-2.30%,0,0,0,855,74,7,RKT,PPP,BB,BB,FO,1
Jake Wexler,399,402,Nipsey Slip,529,569,FO,167,B2,2,1,3,5,-3.82%,3.82%,0,0,0,855,74,7,RKT,PPP,FO,FO,BB,1
Sticky Mickey Mantle,2236,420,Randy Pole,714,4,PO,416,T3,0,0,3,5,-1.80%,1.80%,0,0,0,856,74,7,PPP,RKT,PO,PO,RGO,1
Kris Pcock,1957,609,Randy Pole,714,2,PO,393,T3,1,0,3,5,-1.92%,1.92%,0,0,0,856,74,7,PPP,RKT,PO,PO,PO,1
Larry Longshot,32,840,Randy Pole,714,1000,FO,160,T3,2,0,3,5,-1.37%,1.37%,0,0,0,856,74,7,PPP,RKT,FO,FO,BB,1
Primal Cookie,779,166,Deku Matsui,570,799,K,367,B3,0,0,3,5,-3.78%,3.78%,0,0,0,857,74,7,RKT,PPP,K,K,K,1
Randy Pole,714,1000,Deku Matsui,570,899,1B,101,B3,1,0,3,5,4.86%,-4.86%,0,0,0,857,74,7,RKT,PPP,1B,1B,1B,1
Kyle Corbett,707,111,Deku Matsui,570,758,K,353,B3,1,1,3,5,-5.89%,5.89%,0,0,0,857,74,7,RKT,PPP,K,K,K,1
Mongster Mash,344,223,Deku Matsui,570,381,BB,158,B3,2,1,3,5,3.54%,-3.54%,0,0,0,857,74,7,RKT,PPP,BB,BB,BB,1
Cali Guerensk,1729,380,Deku Matsui,570,118,K,262,B3,2,4,3,5,-7.62%,7.62%,0,0,0,857,74,7,RKT,PPP,K,K,FO,1
Poop McGee,596,830,Randy Pole,714,42,K,212,T4,0,0,3,5,-1.72%,1.72%,0,0,0,858,74,7,PPP,RKT,K,K,FO,1
Harry McPotterson,1703,500,Randy Pole,714,1000,LGO,500,T4,1,0,3,5,-1.81%,1.81%,0,0,0,858,74,7,PPP,RKT,LGO,LGO,LGO,1
Vinny Vega,723,500,Randy Pole,714,24,LGO,476,T4,2,0,3,5,-1.54%,1.54%,0,0,0,858,74,7,PPP,RKT,LGO,LGO,LGO,1
Corey Scooter,1717,876,Deku Matsui,570,901,3B,25,B4,0,0,3,5,16.75%,-16.75%,0,1,1,859,74,7,RKT,PPP,3B,3B,3B,1
DeVon Pepper,1701,199,Deku Matsui,570,493,Sac,294,B4,0,3,3,5,-7.46%,7.46%,1,0,0,859,74,7,RKT,PPP,FO,K,K,1
Penny Lane,716,666,Deku Matsui,570,193,LGO,473,B4,1,0,4,5,-4.17%,4.17%,0,0,0,859,74,7,RKT,PPP,LGO,LGO,LGO,1
Jake Wexler,399,601,Deku Matsui,570,793,FO,192,B4,2,0,4,5,-3.35%,3.35%,0,0,0,859,74,7,RKT,PPP,FO,FO,FO,1
Deku Matsui,570,7,Randy Pole,714,240,K,233,T5,0,0,4,5,-3.05%,3.05%,0,0,0,860,74,7,PPP,RKT,K,K,FO,1
Legend 27,762,27,Randy Pole,714,402,PO,375,T5,1,0,4,5,-2.51%,2.51%,0,0,0,860,74,7,PPP,RKT,PO,PO,K,1
Juni Panda,488,1000,Randy Pole,714,420,PO,420,T5,2,0,4,5,-1.72%,1.72%,0,0,0,860,74,7,PPP,RKT,PO,PO,RGO,1
Primal Cookie,779,420,Deku Matsui,570,787,K,367,B5,0,0,4,5,-6.28%,6.28%,0,0,0,861,74,7,RKT,PPP,K,K,K,1
Randy Pole,714,1000,Deku Matsui,570,111,1B,111,B5,1,0,4,5,8.02%,-8.02%,0,0,0,861,74,7,RKT,PPP,1B,1B,1B,1
Kyle Corbett,707,1,Deku Matsui,570,699,K,302,B5,1,1,4,5,-9.18%,9.18%,0,0,0,861,74,7,RKT,PPP,K,K,K,1
Mongster Mash,344,420,Deku Matsui,570,576,BB,156,B5,2,1,4,5,6.15%,-6.15%,0,0,0,861,74,7,RKT,PPP,BB,BB,BB,1
Cali Guerensk,1729,1,Deku Matsui,570,199,FO,198,B5,2,4,4,5,-15.16%,15.16%,0,0,0,861,74,7,RKT,PPP,FO,FO,FO,1
Sticky Mickey Mantle,2236,23,Randy Pole,714,27,HR,4,T6,0,0,4,5,9.75%,-9.75%,1,1,1,862,74,7,PPP,RKT,HR,HR,HR,1
Kris Pcock,1957,647,Randy Pole,714,888,K,241,T6,0,0,4,6,-1.05%,1.05%,0,0,0,862,74,7,PPP,RKT,K,K,FO,1
Larry Longshot,32,540,Randy Pole,714,3,RGO,463,T6,1,0,4,6,-1.00%,1.00%,0,0,0,862,74,7,PPP,RKT,RGO,RGO,LGO,1
Poop McGee,596,550,Randy Pole,714,27,LGO,477,T6,2,0,4,6,-0.85%,0.85%,0,0,0,862,74,7,PPP,RKT,LGO,LGO,LGO,1
Corey Scooter,1717,843,Deku Matsui,570,550,K,293,B6,0,0,4,6,-5.69%,5.69%,0,0,0,863,74,7,RKT,PPP,K,K,K,1
DeVon Pepper,1701,800,Deku Matsui,570,987,FO,187,B6,1,0,4,6,-4.52%,4.52%,0,0,0,863,74,7,RKT,PPP,FO,FO,FO,1
Penny Lane,716,665,Deku Matsui,570,676,HR,11,B6,2,0,4,6,4.31%,-4.31%,1,1,1,863,74,7,RKT,PPP,HR,HR,HR,1
Jake Wexler,399,777,Deku Matsui,570,676,1B,101,B6,2,0,5,6,7.21%,-7.21%,0,0,0,863,74,7,RKT,PPP,1B,1B,1B,1
Primal Cookie,779,77,Deku Matsui,570,690,RGO,387,B6,2,1,5,6,-13.83%,13.83%,0,0,0,863,74,7,RKT,PPP,RGO,RGO,PO,1
Garfield Chubbs,2230,569,Hans Ali,197,576,HR,7,T1,0,0,0,0,10.88%,-10.88%,1,1,1,864,75,7,CHI,WWC,HR,HR,HR,1
Good Doggo,522,734,Hans Ali,197,333,RGO,401,T1,0,0,0,1,-2.87%,2.87%,0,0,0,864,75,7,CHI,WWC,RGO,RGO,RGO,1
Johnny Hustle,513,658,Hans Ali,197,599,2B,59,T1,1,0,0,1,4.47%,-4.47%,0,0,0,864,75,7,CHI,WWC,2B,2B,2B,1
Michael Ikenberry,63,977,Hans Ali,197,430,RGO,453,T1,1,2,0,1,-3.86%,3.86%,0,0,0,864,75,7,CHI,WWC,RGO,RGO,LGO,1
Revant Avenir,2244,365,Hans Ali,197,855,LGO,490,T1,2,3,0,1,-4.15%,4.15%,0,0,0,864,75,7,CHI,WWC,LGO,LGO,LGO,1
Guido Ligiorno,1830,605,Michael Ikenberry,63,948,K,343,B1,0,0,0,1,-3.15%,3.15%,0,0,0,865,75,7,WWC,CHI,K,K,K,1
Ferret McGivins,1706,630,Michael Ikenberry,63,830,FO,200,B1,1,0,0,1,-2.67%,2.67%,0,0,0,865,75,7,WWC,CHI,FO,FO,FO,1
J.J. Guemes,207,711,Michael Ikenberry,63,324,RGO,387,B1,2,0,0,1,-1.59%,1.59%,0,0,0,865,75,7,WWC,CHI,RGO,RGO,PO,1
Supreme Asslord,363,,Hans Ali,197,,Auto BB,,T2,0,0,0,1,3.05%,-3.05%,0,0,0,866,75,7,CHI,WWC,Auto BB,Auto BB,Auto BB,10
Sleve McDichael,1786,1,Hans Ali,197,588,PO,413,T2,0,1,0,1,-2.62%,2.62%,0,0,0,866,75,7,CHI,WWC,PO,PO,DP,1
Etsuko Rune,812,,Hans Ali,197,,Auto BB,,T2,1,1,0,1,4.51%,-4.51%,0,0,0,866,75,7,CHI,WWC,Auto BB,Auto BB,Auto BB,10
Nikki Falke,155,839,Henri Deschenes,2234,656,BB,183,T2,1,4,0,1,7.18%,-7.18%,0,0,0,866,75,7,CHI,WWC,BB,FO,FO,1
Garfield Chubbs,2230,669,Henri Deschenes,2234,131,DP,462,T2,1,7,0,1,-18.64%,18.64%,0,0,0,866,75,7,CHI,WWC,LGO,LGO,DP,1
Jeremy Nakamoto,1787,73,Michael Ikenberry,63,374,K,301,B2,0,0,0,1,-3.40%,3.40%,0,0,0,867,75,7,WWC,CHI,K,K,K,1
Paddy O'Connor,549,742,Michael Ikenberry,63,941,FO,199,B2,1,0,0,1,-2.75%,2.75%,0,0,0,867,75,7,WWC,CHI,FO,FO,FO,1
Johnny Hendrix,600,882,Michael Ikenberry,63,606,FO,276,B2,2,0,0,1,-2.18%,2.18%,0,0,0,867,75,7,WWC,CHI,FO,FO,FO,1
Good Doggo,522,,Henri Deschenes,2234,,Auto K,,T3,0,0,0,1,-2.77%,2.77%,0,0,0,868,75,7,CHI,WWC,Auto K,Auto K,Auto K,9
Blackbean Burrito,516,150,Henri Deschenes,2234,351,FO,201,T3,1,0,0,1,-2.57%,2.57%,0,0,0,868,75,7,CHI,WWC,FO,FO,FO,1
Michael Ikenberry,63,565,Henri Deschenes,2234,1,PO,436,T3,2,0,0,1,-1.56%,1.56%,0,0,0,868,75,7,CHI,WWC,PO,PO,RGO,1
Henryk Szydlowski,1720,555,Michael Ikenberry,63,265,FO,290,B3,0,0,0,1,-4.00%,4.00%,0,0,0,869,75,7,WWC,CHI,FO,K,K,1
Eli Sasak,607,350,Michael Ikenberry,63,448,1B,98,B3,1,0,0,1,5.31%,-5.31%,0,0,0,869,75,7,WWC,CHI,1B,1B,1B,1
Skippy Schumaker,1843,666,Michael Ikenberry,63,400,FO,266,B3,1,1,0,1,-6.05%,6.05%,0,0,0,869,75,7,WWC,CHI,FO,FO,FO,1
Guido Ligiorno,1830,210,Michael Ikenberry,63,617,RGO,407,B3,2,1,0,1,-4.84%,4.84%,0,0,0,869,75,7,WWC,CHI,RGO,RGO,RGO,1
Revant Avenir,2244,711,Henri Deschenes,2234,610,1B,101,T4,0,0,0,1,3.74%,-3.74%,0,0,0,870,75,7,CHI,WWC,1B,BB,1B,1
Nikola Tefla,719,131,Henri Deschenes,2234,240,1B,109,T4,0,1,0,1,6.47%,-6.47%,0,0,0,870,75,7,CHI,WWC,1B,1B,1B,1
Sleve McDichael,1786,82,Henri Deschenes,2234,7,1B,75,T4,0,4,0,1,6.18%,-6.18%,0,0,0,870,75,7,CHI,WWC,1B,1B,1B,1
Etsuko Rune,812,83,Henri Deschenes,2234,327,K,244,T4,0,7,0,1,-2.79%,2.79%,0,0,0,870,75,7,CHI,WWC,K,K,Sac,1
Nikki Falke,155,599,Henri Deschenes,2234,4,PO,405,T4,1,7,0,1,-10.73%,10.73%,0,0,0,870,75,7,CHI,WWC,PO,PO,DP,1
Garfield Chubbs,2230,888,Henri Deschenes,2234,284,PO,396,T4,2,7,0,1,-10.03%,10.03%,0,0,0,870,75,7,CHI,WWC,PO,PO,PO,1
Ferret McGivins,1706,351,Garfield Chubbs,2230,327,3B,24,B4,0,0,0,1,18.64%,-18.64%,0,1,1,871,75,7,WWC,CHI,3B,3B,HR,1
J.J. Guemes,207,69,Garfield Chubbs,2230,224,BB,155,B4,0,3,0,1,5.06%,-5.06%,0,0,0,871,75,7,WWC,CHI,BB,BB,BB,1
Jeremy Nakamoto,1787,425,Garfield Chubbs,2230,42,DP,383,B4,0,5,0,1,-11.88%,11.88%,0,0,0,871,75,7,WWC,CHI,RGO,RGO,PO,1
Paddy O'Connor,549,642,Garfield Chubbs,2230,675,2B,33,B4,2,0,1,1,5.21%,-5.21%,0,1,1,871,75,7,WWC,CHI,2B,2B,2B,1
Johnny Hendrix,600,654,Garfield Chubbs,2230,555,1B,99,B4,2,2,1,1,16.70%,-16.70%,1,0,0,871,75,7,WWC,CHI,1B,1B,1B,1
Henryk Szydlowski,1720,969,Garfield Chubbs,2230,715,FO,254,B4,2,1,2,1,-3.40%,3.40%,0,0,0,871,75,7,WWC,CHI,FO,FO,FO,1
Good Doggo,522,780,Henri Deschenes,2234,411,PO,369,T5,0,0,2,1,-5.29%,5.29%,0,0,0,872,75,7,CHI,WWC,PO,PO,K,1
Blackbean Burrito,516,1,Henri Deschenes,2234,111,1B,110,T5,1,0,2,1,6.73%,-6.73%,0,1,1,872,75,7,CHI,WWC,1B,1B,1B,1
Michael Ikenberry,63,5,Henri Deschenes,2234,121,1B,116,T5,1,1,2,1,8.84%,-8.84%,0,0,0,872,75,7,CHI,WWC,1B,1B,1B,1
Revant Avenir,2244,236,Henri Deschenes,2234,12,FO,224,T5,1,4,2,1,-11.61%,11.61%,0,0,0,872,75,7,CHI,WWC,FO,FO,FO,1
Nikola Tefla,719,574,Henri Deschenes,2234,475,1B,99,T5,2,4,2,1,21.02%,-21.02%,1,0,0,872,75,7,CHI,WWC,1B,1B,1B,1
Sleve McDichael,1786,417,Guido Ligiorno,1830,269,BB,148,T5,2,5,2,2,3.43%,-3.43%,0,0,0,872,75,7,CHI,WWC,BB,BB,BB,1
Etsuko Rune,812,765,Guido Ligiorno,1830,481,K,284,T5,2,7,2,2,-14.35%,14.35%,0,0,0,872,75,7,CHI,WWC,K,K,FO,1
Eli Sasak,607,594,Garfield Chubbs,2230,555,2B,39,B5,0,0,2,2,11.42%,-11.42%,0,1,1,873,75,7,WWC,CHI,2B,2B,2B,1
Skippy Schumaker,1843,666,Garfield Chubbs,2230,301,RGO,365,B5,0,2,2,2,3.54%,-3.54%,0,0,0,873,75,7,WWC,CHI,RGO,RGO,K,1
Guido Ligiorno,1830,269,Garfield Chubbs,2230,505,Sac,236,B5,1,3,2,2,4.22%,-4.22%,1,0,0,873,75,7,WWC,CHI,FO,FO,Sac,1
Mattress Cadaire,116,780,Big Nutty,196,976,FO,196,T1,0,0,0,0,-2.52%,2.52%,0,0,0,874,76,7,GBC,YUM,FO,FO,FO,1
Whitt Bass,39,930,Big Nutty,196,167,K,237,T1,1,0,0,0,-2.52%,2.52%,0,0,0,874,76,7,GBC,YUM,K,K,FO,1
Dirtbag Darrell,262,333,Big Nutty,196,209,1B,124,T1,2,0,0,0,1.77%,-1.77%,0,0,0,874,76,7,GBC,YUM,1B,1B,1B,1
Bench Warmer,665,375,Big Nutty,196,86,K,289,T1,2,1,0,0,-3.51%,3.51%,0,0,0,874,76,7,GBC,YUM,K,K,K,1
Chris Yukine,335,700,Zack Mouse,1721,542,BB,158,B1,0,0,0,0,3.55%,-3.55%,0,0,0,875,76,7,YUM,GBC,BB,BB,BB,1
Vigolashi Dongeroso,159,210,Zack Mouse,1721,700,DP,490,B1,0,1,0,0,-8.55%,8.55%,0,0,0,875,76,7,YUM,GBC,LGO,LGO,DP,1
Rabbi Chase,411,485,Zack Mouse,1721,490,HR,5,B1,2,0,0,0,11.54%,-11.54%,1,1,1,875,76,7,YUM,GBC,HR,HR,HR,1
Shirley Sir,698,900,Zack Mouse,1721,755,BB,145,B1,2,0,1,0,1.14%,-1.14%,0,0,0,875,76,7,YUM,GBC,BB,BB,BB,1
Hingle McCringleberry,257,999,Zack Mouse,1721,755,PO,244,B1,2,1,1,0,-2.70%,2.70%,0,0,0,875,76,7,YUM,GBC,PO,PO,FO,1
Rotticus Scott,562,813,Big Nutty,196,671,BB,142,T2,0,0,1,0,4.45%,-4.45%,0,0,0,876,76,7,GBC,YUM,BB,1B,BB,1
Rotticus Scott,562,540,Big Nutty,196,287,SB,253,T2,0,1,1,0,3.41%,-3.41%,0,0,0,876,76,7,GBC,YUM,Steal 2B,Steal 2B,SB,4
Javier Tootblan,192,121,Big Nutty,196,461,PO,340,T2,0,2,1,0,-5.31%,5.31%,0,0,0,876,76,7,GBC,YUM,PO,PO,K,1
BEST Nova,191,868,Big Nutty,196,727,BB,141,T2,1,2,1,0,4.51%,-4.51%,0,0,0,876,76,7,GBC,YUM,BB,BB,BB,1
Beeg Yoshi,1718,12,Big Nutty,196,409,DP,397,T2,1,4,1,0,-14.57%,14.57%,0,0,0,876,76,7,GBC,YUM,RGO,PO,PO,1
Derek Tombides,580,666,Zack Mouse,1721,696,3B,30,B2,0,0,1,0,9.58%,-9.58%,0,0,0,877,76,7,YUM,GBC,3B,3B,2B,1
Spike McBride,423,310,Zack Mouse,1721,599,K,289,B2,0,3,1,0,-4.80%,4.80%,0,0,0,877,76,7,YUM,GBC,K,K,K,1
Arthur Dent,691,,Zack Mouse,1721,,IBB,,B2,1,3,1,0,2.94%,-2.94%,0,0,0,877,76,7,YUM,GBC,IBB,IBB,IBB,8
Barney Summers,414,1,Zack Mouse,1721,869,BB,132,B2,1,5,1,0,3.55%,-3.55%,0,0,0,877,76,7,YUM,GBC,BB,BB,1B,1
Chris Yukine,335,944,Zack Mouse,1721,327,DP,383,B2,1,7,1,0,-17.03%,17.03%,0,0,0,877,76,7,YUM,GBC,RGO,RGO,PO,1
Joe Watson,194,420,Big Nutty,196,338,1B,82,T3,0,0,1,0,4.87%,-4.87%,0,0,0,878,76,7,GBC,YUM,1B,1B,1B,1
Joe Watson,194,666,Big Nutty,196,595,SB,71,T3,0,1,1,0,3.98%,-3.98%,0,0,0,878,76,7,GBC,YUM,Steal 2B,Steal 2B,SB,4
Mattress Cadaire,116,912,Big Nutty,196,193,PO,281,T3,0,2,1,0,-5.34%,5.34%,0,0,0,878,76,7,GBC,YUM,PO,K,FO,1
Whitt Bass,39,375,Big Nutty,196,890,LGO,485,T3,1,2,1,0,-6.40%,6.40%,0,0,0,878,76,7,GBC,YUM,LGO,LGO,LGO,1
Dirtbag Darrell,262,666,Big Nutty,196,389,K,277,T3,2,2,1,0,-6.01%,6.01%,0,0,0,878,76,7,GBC,YUM,K,K,FO,1
Vigolashi Dongeroso,159,16,Zack Mouse,1721,901,BB,115,B3,0,0,1,0,2.81%,-2.81%,0,0,0,879,76,7,YUM,GBC,BB,1B,1B,1
Rabbi Chase,411,919,Zack Mouse,1721,499,DP,420,B3,0,1,1,0,-7.39%,7.39%,0,0,0,879,76,7,YUM,GBC,LGO,LGO,DP,1
Shirley Sir,698,540,Zack Mouse,1721,900,RGO,360,B3,2,0,1,0,-1.44%,1.44%,0,0,0,879,76,7,YUM,GBC,RGO,RGO,K,1
Bench Warmer,665,239,Big Nutty,196,278,2B,39,T4,0,0,1,0,11.12%,-11.12%,0,1,1,880,76,7,GBC,YUM,2B,2B,2B,1
Rotticus Scott,562,511,Big Nutty,196,248,K,263,T4,0,2,1,0,-7.71%,7.71%,0,0,0,880,76,7,GBC,YUM,K,K,FO,1
Javier Tootblan,192,767,Big Nutty,196,355,PO,412,T4,1,2,1,0,-6.82%,6.82%,0,0,0,880,76,7,GBC,YUM,PO,PO,RGO,1
BEST Nova,191,1,Big Nutty,196,108,BB,107,T4,2,2,1,0,3.04%,-3.04%,0,1,1,880,76,7,GBC,YUM,BB,1B,1B,1
Beeg Yoshi,1718,818,Big Nutty,196,772,2B,46,T4,2,4,1,0,31.21%,-31.21%,2,0,0,880,76,7,GBC,YUM,2B,2B,2B,1
Joe Watson,194,666,Big Nutty,196,376,K,290,T4,2,2,1,2,-5.24%,5.24%,0,0,0,880,76,7,GBC,YUM,K,K,K,1
Hingle McCringleberry,257,265,Zack Mouse,1721,289,3B,24,B4,0,0,1,2,18.64%,-18.64%,0,1,1,881,76,7,YUM,GBC,3B,3B,HR,1
Derek Tombides,580,777,Zack Mouse,1721,519,K,258,B4,0,3,1,2,-5.41%,5.41%,0,0,0,881,76,7,YUM,GBC,K,PO,Sac,1
Spike McBride,423,748,Zack Mouse,1721,803,2B,55,B4,1,3,1,2,9.76%,-9.76%,1,0,0,881,76,7,YUM,GBC,2B,2B,2B,1
Arthur Dent,691,,Zack Mouse,1721,,IBB,,B4,1,2,2,2,2.77%,-2.77%,0,0,0,881,76,7,YUM,GBC,IBB,IBB,IBB,8
Barney Summers,414,818,Zack Mouse,1721,942,BB,124,B4,1,4,2,2,11.11%,-11.11%,0,0,0,881,76,7,YUM,GBC,BB,BB,1B,1
Chris Yukine,335,741,Zack Mouse,1721,397,DP,344,B4,1,7,2,2,-27.76%,27.76%,0,0,0,881,76,7,YUM,GBC,RGO,RGO,K,1
Mattress Cadaire,116,313,Big Nutty,196,640,PO,327,T5,0,0,2,2,-4.71%,4.71%,0,0,0,882,76,7,GBC,YUM,PO,PO,K,1
Whitt Bass,39,300,Big Nutty,196,215,1B,85,T5,1,0,2,2,5.51%,-5.51%,0,0,0,882,76,7,GBC,YUM,1B,1B,1B,1
Dirtbag Darrell,262,833,Big Nutty,196,539,K,294,T5,1,1,2,2,-7.06%,7.06%,0,0,0,882,76,7,GBC,YUM,K,K,K,1
Bench Warmer,665,12,Big Nutty,196,396,PO,384,T5,2,1,2,2,-6.19%,6.19%,0,0,0,882,76,7,GBC,YUM,PO,PO,PO,1
Vigolashi Dongeroso,159,976,Zack Mouse,1721,589,RGO,387,B5,0,0,2,2,-4.39%,4.39%,0,0,0,883,76,7,YUM,GBC,RGO,RGO,PO,1
Rabbi Chase,411,333,Zack Mouse,1721,642,RGO,309,B5,1,0,2,2,-4.77%,4.77%,0,0,0,883,76,7,YUM,GBC,RGO,PO,K,1
Shirley Sir,698,540,Demetrios Ooga,180,290,K,250,B5,2,0,2,2,-3.04%,3.04%,0,0,0,883,76,7,YUM,GBC,K,K,FO,1
Rotticus Scott,562,332,Richard Saks,321,791,LGO,459,T6,0,0,2,2,-6.10%,6.10%,0,0,0,884,76,7,GBC,YUM,LGO,LGO,LGO,1
Demetrios Ooga,180,92,Richard Saks,321,909,FO,183,T6,1,0,2,2,-5.86%,5.86%,0,0,0,884,76,7,GBC,YUM,FO,BB,FO,1
BEST Nova,191,222,Richard Saks,321,250,HR,28,T6,2,0,2,2,38.46%,-38.46%,1,1,1,884,76,7,GBC,YUM,HR,HR,3B,1
Beeg Yoshi,1718,666,Richard Saks,321,538,BB,128,T6,2,0,2,3,1.57%,-1.57%,0,0,0,884,76,7,GBC,YUM,BB,1B,1B,1
Henry Crowell,184,777,Richard Saks,321,77,K,300,T6,2,1,2,3,-3.09%,3.09%,0,0,0,884,76,7,GBC,YUM,K,K,K,1
Hingle McCringleberry,257,69,Demetrios Ooga,180,452,RGO,383,B6,0,0,2,3,-9.46%,9.46%,0,0,0,885,76,7,YUM,GBC,RGO,RGO,PO,1
Derek Tombides,580,420,Demetrios Ooga,180,514,1B,94,B6,1,0,2,3,11.48%,-11.48%,0,0,0,885,76,7,YUM,GBC,1B,1B,1B,1
Spike McBride,423,37,Demetrios Ooga,180,750,K,287,B6,1,1,2,3,-13.43%,13.43%,0,0,0,885,76,7,YUM,GBC,K,K,K,1
Zelk Antilles,490,818,Demetrios Ooga,180,914,1B,96,B6,2,1,2,3,9.61%,-9.61%,0,0,0,885,76,7,YUM,GBC,1B,1B,1B,1
Barney Summers,414,111,Demetrios Ooga,180,488,RGO,377,B6,2,5,2,3,-23.44%,23.44%,0,0,0,885,76,7,YUM,GBC,RGO,RGO,K,1
Pierre Bryant,1771,192,Layzer Gunn,259,53,1B,139,T1,0,0,0,0,3.67%,-3.67%,0,0,0,886,77,7,KRB,SPR,1B,1B,BB,1
Jin Yang,1695,649,Layzer Gunn,259,782,BB,133,T1,0,1,0,0,7.14%,-7.14%,0,0,0,886,77,7,KRB,SPR,BB,BB,1B,1
Jayson Kincaid,756,800,Layzer Gunn,259,612,FO,188,T1,0,4,0,0,-5.49%,5.49%,0,0,0,886,77,7,KRB,SPR,FO,FO,FO,1
Christian Bevan,616,202,Layzer Gunn,259,514,DP,312,T1,1,4,0,0,-12.10%,12.10%,0,0,0,886,77,7,KRB,SPR,RGO,RGO,K,1
Skye McDowell,264,543,Moby Dick,1719,515,3B,28,B1,0,0,0,0,9.36%,-9.36%,0,1,1,887,77,7,SPR,KRB,3B,3B,3B,1
Ray Dingerz,510,69,Moby Dick,1719,611,LGO,458,B1,0,3,0,0,-1.05%,1.05%,1,0,0,887,77,7,SPR,KRB,LGO,LGO,LGO,1
Trevor Mouseman,559,123,Moby Dick,1719,607,LGO,484,B1,1,0,1,0,-1.77%,1.77%,0,0,0,887,77,7,SPR,KRB,LGO,LGO,LGO,1
Dirk Leschnewski,1781,423,Moby Dick,1719,550,1B,127,B1,2,0,1,0,1.14%,-1.14%,0,1,1,887,77,7,SPR,KRB,1B,BB,1B,1
Donnie Draper,138,911,Moby Dick,1719,990,2B,79,B1,2,1,1,0,10.57%,-10.57%,1,0,0,887,77,7,SPR,KRB,2B,2B,1B,1
Saitoo Syde,814,250,Moby Dick,1719,700,PO,450,B1,2,2,2,0,-2.72%,2.72%,0,0,0,887,77,7,SPR,KRB,PO,PO,RGO,1
Moby Dick,1719,711,Layzer Gunn,259,10,K,299,T2,0,0,2,0,-2.56%,2.56%,0,0,0,888,77,7,KRB,SPR,K,PO,K,1
Roy Hobbs,609,98,Layzer Gunn,259,826,PO,272,T2,1,0,2,0,-2.26%,2.26%,0,0,0,888,77,7,KRB,SPR,PO,PO,FO,1
Thomas Chiggins,16,322,Layzer Gunn,259,124,FO,198,T2,2,0,2,0,-2.13%,2.13%,0,0,0,888,77,7,KRB,SPR,FO,FO,FO,1
Lemon Ade,193,240,Moby Dick,1719,690,RGO,450,B2,0,0,2,0,-2.40%,2.40%,0,0,0,889,77,7,SPR,KRB,RGO,RGO,RGO,1
Tanner Hendrix,375,677,Moby Dick,1719,1,PO,324,B2,1,0,2,0,-1.24%,1.24%,0,0,0,889,77,7,SPR,KRB,PO,PO,K,1
Che Or,1759,69,Moby Dick,1719,840,FO,229,B2,2,0,2,0,-0.89%,0.89%,0,0,0,889,77,7,SPR,KRB,FO,FO,FO,1
Jack Jackie Jackson,354,96,Layzer Gunn,259,576,LGO,480,T3,0,0,2,0,-3.06%,3.06%,0,0,0,890,77,7,KRB,SPR,LGO,LGO,LGO,1
Arthur Vandelay,518,420,Layzer Gunn,259,154,K,266,T3,1,0,2,0,-2.82%,2.82%,0,0,0,890,77,7,KRB,SPR,K,K,FO,1
Pierre Bryant,1771,326,Layzer Gunn,259,872,LGO,454,T3,2,0,2,0,-1.77%,1.77%,0,0,0,890,77,7,KRB,SPR,LGO,LGO,LGO,1
Skye McDowell,264,1,Moby Dick,1719,780,FO,221,B3,0,0,2,0,-1.38%,1.38%,0,0,0,891,77,7,SPR,KRB,FO,K,FO,1
Ray Dingerz,510,850,Moby Dick,1719,500,PO,350,B3,1,0,2,0,-1.46%,1.46%,0,0,0,891,77,7,SPR,KRB,PO,PO,K,1
Trevor Mouseman,559,222,Moby Dick,1719,225,HR,3,B3,2,0,2,0,7.65%,-7.65%,1,1,1,891,77,7,SPR,KRB,HR,HR,HR,1
Dirk Leschnewski,1781,912,Moby Dick,1719,600,K,312,B3,2,0,3,0,-0.62%,0.62%,0,0,0,891,77,7,SPR,KRB,K,K,K,1
Jin Yang,1695,495,Layzer Gunn,259,631,BB,136,T4,0,0,3,0,4.23%,-4.23%,0,0,0,892,77,7,KRB,SPR,BB,BB,1B,1
Jayson Kincaid,756,273,Layzer Gunn,259,432,FO,159,T4,0,1,3,0,-3.52%,3.52%,0,0,0,892,77,7,KRB,SPR,FO,FO,BB,1
Christian Bevan,616,479,Layzer Gunn,259,956,DP,477,T4,1,1,3,0,-6.82%,6.82%,0,0,0,892,77,7,KRB,SPR,LGO,LGO,DP,1
Donnie Draper,138,69,Moby Dick,1719,810,K,259,B4,0,0,3,0,-0.46%,0.46%,0,0,0,893,77,7,SPR,KRB,K,K,FO,1
Saitoo Syde,814,342,Moby Dick,1719,830,LGO,488,B4,1,0,3,0,-1.01%,1.01%,0,0,0,893,77,7,SPR,KRB,LGO,LGO,LGO,1
Lemon Ade,193,333,Moby Dick,1719,680,PO,347,B4,2,0,3,0,-0.27%,0.27%,0,0,0,893,77,7,SPR,KRB,PO,PO,K,1
Moby Dick,1719,630,Layzer Gunn,259,212,LGO,418,T5,0,0,3,0,-2.48%,2.48%,0,0,0,894,77,7,KRB,SPR,LGO,LGO,RGO,1
Roy Hobbs,609,78,Layzer Gunn,259,943,BB,135,T5,1,0,3,0,3.83%,-3.83%,0,0,0,894,77,7,KRB,SPR,BB,BB,1B,1
Thomas Chiggins,16,238,Layzer Gunn,259,890,DP,348,T5,1,1,3,0,-6.90%,6.90%,0,0,0,894,77,7,KRB,SPR,RGO,RGO,K,1
Tanner Hendrix,375,283,Arthur Vandelay,518,777,LGO,494,B5,0,0,3,0,-0.37%,0.37%,0,0,0,895,77,7,SPR,KRB,LGO,LGO,LGO,1
Che Or,1759,880,Arthur Vandelay,518,777,1B,103,B5,1,0,3,0,0.37%,-0.37%,0,0,0,895,77,7,SPR,KRB,1B,1B,1B,1
Skye McDowell,264,666,Arthur Vandelay,518,777,BB,111,B5,1,1,3,0,0.69%,-0.69%,0,0,0,895,77,7,SPR,KRB,BB,BB,1B,1
Ray Dingerz,510,777,Arthur Vandelay,518,407,DP,370,B5,1,4,3,0,-1.80%,1.80%,0,0,0,895,77,7,SPR,KRB,RGO,RGO,K,1
Homer Nocker,606,420,Layzer Gunn,259,836,LGO,416,T6,0,0,3,0,-2.36%,2.36%,0,0,0,896,77,7,KRB,SPR,LGO,LGO,RGO,1
Arthur Vandelay,518,154,Layzer Gunn,259,866,PO,288,T6,1,0,3,0,-1.65%,1.65%,0,0,0,896,77,7,KRB,SPR,PO,PO,K,1
Pierre Bryant,1771,287,Layzer Gunn,259,328,2B,41,T6,2,0,3,0,1.07%,-1.07%,0,0,0,896,77,7,KRB,SPR,2B,2B,2B,1
Jin Yang,1695,195,Layzer Gunn,259,923,PO,272,T6,2,2,3,0,-1.61%,1.61%,0,0,0,896,77,7,KRB,SPR,PO,PO,FO,1
Mutton Happleburth,493,387,Dirk Digglet,2206,569,FO,182,T1,0,0,0,0,-2.52%,2.52%,0,0,0,897,78,7,TSA,ISO,FO,FO,FO,1
Rob Patterson,140,542,Dirk Digglet,2206,259,K,283,T1,1,0,0,0,-2.52%,2.52%,0,0,0,897,78,7,TSA,ISO,K,K,FO,1
Lloyd Gross,135,121,Dirk Digglet,2206,482,PO,361,T1,2,0,0,0,-1.74%,1.74%,0,0,0,897,78,7,TSA,ISO,PO,PO,K,1
Anita Shower,1760,706,Carlos,132,391,PO,315,B1,0,0,0,0,-2.73%,2.73%,0,0,0,898,78,7,ISO,TSA,PO,PO,K,1
Connor Morgan,362,102,Carlos,132,842,FO,260,B1,1,0,0,0,-2.27%,2.27%,0,0,0,898,78,7,ISO,TSA,FO,K,FO,1
Chaz Gorbachuck,326,,Carlos,132,,Auto K,,B1,2,0,0,0,-1.79%,1.79%,0,0,0,898,78,7,ISO,TSA,Auto K,Auto K,Auto K,9
Nicholas Fouss,1776,237,Dirk Digglet,2206,733,LGO,496,T2,0,0,0,0,-2.86%,2.86%,0,0,0,899,78,7,TSA,ISO,LGO,LGO,LGO,1
Hayden McCloud,129,136,Dirk Digglet,2206,513,PO,377,T2,1,0,0,0,-2.90%,2.90%,0,0,0,899,78,7,TSA,ISO,PO,PO,K,1
Zander Ackley,127,18,Dirk Digglet,2206,21,HR,3,T2,2,0,0,0,12.67%,-12.67%,1,1,1,899,78,7,TSA,ISO,HR,HR,HR,1
Wonder Francoh,2242,294,Dirk Digglet,2206,565,K,271,T2,2,0,0,1,-1.56%,1.56%,0,0,0,899,78,7,TSA,ISO,K,K,FO,1
Caelan Rooney,244,654,Carlos,132,671,HR,17,B2,0,0,0,1,12.64%,-12.64%,1,1,1,900,78,7,ISO,TSA,HR,HR,HR,1
Matt Taylor,780,428,Carlos,132,22,PO,406,B2,0,0,1,1,-2.75%,2.75%,0,0,0,900,78,7,ISO,TSA,PO,PO,RGO,1
Patrick Doyle,205,800,Carlos,132,777,HR,23,B2,1,0,1,1,12.58%,-12.58%,1,1,1,900,78,7,ISO,TSA,HR,HR,HR,1
Grand Salami,781,224,Carlos,132,725,LGO,499,B2,1,0,2,1,-2.21%,2.21%,0,0,0,900,78,7,ISO,TSA,LGO,LGO,LGO,1
Stan Mann,357,750,Carlos,132,974,FO,224,B2,2,0,2,1,-1.39%,1.39%,0,0,0,900,78,7,ISO,TSA,FO,FO,FO,1
Dogwood Maple,2220,444,Dirk Digglet,2206,455,HR,11,T3,0,0,2,1,13.54%,-13.54%,1,1,1,901,78,7,TSA,ISO,HR,HR,HR,1
Batter Buckland,137,960,Dirk Digglet,2206,911,2B,49,T3,0,0,2,2,8.40%,-8.40%,0,0,0,901,78,7,TSA,ISO,2B,2B,2B,1
Mutton Happleburth,493,213,Dirk Digglet,2206,666,LGO,453,T3,0,2,2,2,-5.52%,5.52%,0,0,0,901,78,7,TSA,ISO,LGO,LGO,LGO,1
Rob Patterson,140,819,Dirk Digglet,2206,499,K,320,T3,1,2,2,2,-5.21%,5.21%,0,0,0,901,78,7,TSA,ISO,K,K,K,1
Lloyd Gross,135,857,Dirk Digglet,2206,522,PO,335,T3,2,2,2,2,-6.03%,6.03%,0,0,0,901,78,7,TSA,ISO,PO,PO,K,1
Dirk Digglet,2206,222,Carlos,132,500,PO,278,B3,0,0,2,2,-3.32%,3.32%,0,0,0,902,78,7,ISO,TSA,PO,PO,FO,1
Anita Shower,1760,409,Carlos,132,222,FO,187,B3,1,0,2,2,-2.80%,2.80%,0,0,0,902,78,7,ISO,TSA,FO,FO,FO,1
Connor Morgan,362,,Carlos,132,,Auto K,,B3,2,0,2,2,-2.32%,2.32%,0,0,0,902,78,7,ISO,TSA,Auto K,Auto K,Auto K,9
Nicholas Fouss,1776,344,Dirk Digglet,2206,717,PO,373,T4,0,0,2,2,-3.87%,3.87%,0,0,0,903,78,7,TSA,ISO,PO,PO,K,1
Hayden McCloud,129,721,Dirk Digglet,2206,944,FO,223,T4,1,0,2,2,-3.68%,3.68%,0,0,0,903,78,7,TSA,ISO,FO,K,FO,1
Zander Ackley,127,260,Dirk Digglet,2206,18,FO,242,T4,2,0,2,2,-2.53%,2.53%,0,0,0,903,78,7,TSA,ISO,FO,FO,FO,1
Chaz Gorbachuck,326,222,Carlos,132,747,RGO,475,B4,0,0,2,2,-3.93%,3.93%,0,0,0,904,78,7,ISO,TSA,RGO,RGO,LGO,1
Caelan Rooney,244,1,Carlos,132,483,LGO,482,B4,1,0,2,2,-3.43%,3.43%,0,0,0,904,78,7,ISO,TSA,LGO,LGO,LGO,1
Matt Taylor,780,121,Carlos,132,747,PO,374,B4,2,0,2,2,-2.71%,2.71%,0,0,0,904,78,7,ISO,TSA,PO,PO,K,1
Wonder Francoh,2242,425,Dirk Digglet,2206,831,PO,406,T5,0,0,2,2,-4.71%,4.71%,0,0,0,905,78,7,TSA,ISO,PO,PO,RGO,1
Dogwood Maple,2220,444,Dirk Digglet,2206,101,PO,343,T5,1,0,2,2,-4.48%,4.48%,0,0,0,905,78,7,TSA,ISO,PO,PO,K,1
Batter Buckland,137,250,Dirk Digglet,2206,659,PO,409,T5,2,0,2,2,-3.26%,3.26%,0,0,0,905,78,7,TSA,ISO,PO,PO,RGO,1
Patrick Doyle,205,295,Carlos,132,105,FO,190,B5,0,0,2,2,-4.39%,4.39%,0,0,0,906,78,7,ISO,TSA,FO,FO,FO,1
Bob Dobby,1736,747,Carlos,132,105,PO,358,B5,1,0,2,2,-4.77%,4.77%,0,0,0,906,78,7,ISO,TSA,PO,PO,K,1
Stan Mann,357,105,Carlos,132,502,PO,397,B5,2,0,2,2,-3.04%,3.04%,0,0,0,906,78,7,ISO,TSA,PO,PO,PO,1
Mutton Happleburth,493,213,Dirk Digglet,2206,613,PO,400,T6,0,0,2,2,-6.10%,6.10%,0,0,0,907,78,7,TSA,ISO,PO,PO,RGO,1
Rob Patterson,140,619,Dirk Digglet,2206,101,LGO,482,T6,1,0,2,2,-5.86%,5.86%,0,0,0,907,78,7,TSA,ISO,LGO,LGO,LGO,1
Lloyd Gross,135,16,Dirk Digglet,2206,792,FO,224,T6,2,0,2,2,-4.84%,4.84%,0,0,0,907,78,7,TSA,ISO,FO,K,FO,1
Dirk Digglet,2206,711,Carlos,132,956,K,245,B6,0,0,2,2,-6.12%,6.12%,0,0,0,908,78,7,ISO,TSA,K,K,FO,1
Anita Shower,1760,302,Carlos,132,420,BB,118,B6,1,0,2,2,5.84%,-5.84%,0,1,1,908,78,7,ISO,TSA,BB,BB,1B,1
Connor Morgan,362,83,Carlos,132,22,2B,61,B6,1,1,2,2,24.46%,-24.46%,0,0,0,908,78,7,ISO,TSA,2B,2B,2B,1
Cy Hadd Jr.,282,588,Carlos,132,666,1B,78,B6,1,6,2,2,8.80%,-8.80%,1,0,0,908,78,7,ISO,TSA,1B,1B,1B,1
Mo Jungo,1814,711,John Valor,1832,501,K,210,T1,0,0,0,0,-2.52%,2.52%,0,0,0,909,79,7,KTY,TAI,K,K,FO,1
Oni R1,663,69,John Valor,1832,3,2B,66,T1,1,0,0,0,4.48%,-4.48%,0,1,1,909,79,7,KTY,TAI,2B,2B,1B,1
Ax Finesse,1824,989,John Valor,1832,732,K,257,T1,1,2,0,0,-4.16%,4.16%,0,0,0,909,79,7,KTY,TAI,K,K,FO,1
Otis Nixon Sr.,107,850,John Valor,1832,732,1B,118,T1,2,2,0,0,9.87%,-9.87%,1,0,0,909,79,7,KTY,TAI,1B,1B,1B,1
Jason Varitek,1810,580,John Valor,1832,777,FO,197,T1,2,1,0,1,-3.20%,3.20%,0,0,0,909,79,7,KTY,TAI,FO,FO,FO,1
Tyler Pylon,778,22,Mason Spurs,103,704,K,318,B1,0,0,0,1,-3.15%,3.15%,0,0,0,910,79,7,TAI,KTY,K,K,K,1
James Jameson LXIX,1722,569,Mason Spurs,103,285,K,284,B1,1,0,0,1,-2.67%,2.67%,0,0,0,910,79,7,TAI,KTY,K,K,FO,1
Jacky Wacky,702,569,Mason Spurs,103,817,K,248,B1,2,0,0,1,-1.59%,1.59%,0,0,0,910,79,7,TAI,KTY,K,K,FO,1
David Roidtiz,1742,435,John Valor,1832,100,RGO,335,T2,0,0,0,1,-2.62%,2.62%,0,0,0,911,79,7,KTY,TAI,RGO,RGO,K,1
Edward Duncan,620,155,John Valor,1832,435,K,280,T2,1,0,0,1,-2.34%,2.34%,0,0,0,911,79,7,KTY,TAI,K,K,FO,1
Hank Murphy,76,155,John Valor,1832,900,K,255,T2,2,0,0,1,-1.56%,1.56%,0,0,0,911,79,7,KTY,TAI,K,K,FO,1
Pete Parker,1963,336,Mason Spurs,103,919,RGO,417,B2,0,0,0,1,-3.40%,3.40%,0,0,0,912,79,7,TAI,KTY,RGO,RGO,RGO,1
ViktRon Swanson,651,420,Mason Spurs,103,518,BB,98,B2,1,0,0,1,4.30%,-4.30%,0,0,0,912,79,7,TAI,KTY,BB,BB,1B,1
Chip Otle,4,618,Mason Spurs,103,385,K,233,B2,1,1,0,1,-4.74%,4.74%,0,0,0,912,79,7,TAI,KTY,K,K,FO,1
ViktRon Swanson,651,1000,Mason Spurs,103,187,SB,187,B2,2,1,0,1,1.12%,-1.12%,0,0,0,912,79,7,TAI,KTY,Steal 2B,Steal 2B,SB,4
Duke Silver,602,499,Mason Spurs,103,289,FO,210,B2,2,2,0,1,-5.61%,5.61%,0,0,0,912,79,7,TAI,KTY,FO,FO,FO,1
Tyler Phoenix,99,850,John Valor,1832,931,1B,81,T3,0,0,0,1,3.34%,-3.34%,0,0,0,913,79,7,KTY,TAI,1B,1B,1B,1
Mo Jungo,1814,222,John Valor,1832,931,PO,291,T3,0,1,0,1,-2.56%,2.56%,0,0,0,913,79,7,KTY,TAI,PO,PO,K,1
Oni R1,663,720,John Valor,1832,877,BB,157,T3,1,1,0,1,4.64%,-4.64%,0,0,0,913,79,7,KTY,TAI,BB,BB,BB,1
Kirby Birch,1800,453,John Valor,1832,877,DP,424,T3,1,4,0,1,-12.32%,12.32%,0,0,0,913,79,7,KTY,TAI,LGO,LGO,DP,1
Rey Revanchist,776,69,Mason Spurs,103,311,K,242,B3,0,0,0,1,-4.00%,4.00%,0,0,0,914,79,7,TAI,KTY,K,K,FO,1
Jaeger Ward,777,420,Mason Spurs,103,686,FO,266,B3,1,0,0,1,-3.30%,3.30%,0,0,0,914,79,7,TAI,KTY,FO,FO,FO,1
Tyler Pylon,778,1000,Mason Spurs,103,715,K,285,B3,2,0,0,1,-2.28%,2.28%,0,0,0,914,79,7,TAI,KTY,K,K,K,1
Otis Nixon Sr.,107,300,John Valor,1832,320,HR,20,T4,0,0,0,1,12.00%,-12.00%,1,1,1,915,79,7,KTY,TAI,HR,HR,HR,1
Jason Varitek,1810,719,ViktRon Swanson,651,1000,FO,281,T4,0,0,0,2,-1.72%,1.72%,0,0,0,915,79,7,KTY,TAI,FO,FO,FO,1
David Roidtiz,1742,115,ViktRon Swanson,651,910,FO,205,T4,1,0,0,2,-1.81%,1.81%,0,0,0,915,79,7,KTY,TAI,FO,FO,FO,1
Edward Duncan,620,245,ViktRon Swanson,651,866,PO,379,T4,2,0,0,2,-1.54%,1.54%,0,0,0,915,79,7,KTY,TAI,PO,PO,PO,1
James Jameson LXIX,1722,555,Mason Spurs,103,180,RGO,375,B4,0,0,0,2,-4.11%,4.11%,0,0,0,916,79,7,TAI,KTY,RGO,RGO,K,1
Jacky Wacky,702,789,Mason Spurs,103,334,LGO,455,B4,1,0,0,2,-4.06%,4.06%,0,0,0,916,79,7,TAI,KTY,LGO,LGO,LGO,1
Pete Parker,1963,713,Mason Spurs,103,570,BB,143,B4,2,0,0,2,2.99%,-2.99%,0,1,1,916,79,7,TAI,KTY,BB,BB,BB,1
ViktRon Swanson,651,287,Mason Spurs,103,290,HR,3,B4,2,1,0,2,31.09%,-31.09%,2,1,1,916,79,7,TAI,KTY,HR,HR,HR,1
Chip Otle,4,148,Mason Spurs,103,610,LGO,462,B4,2,0,2,2,-2.71%,2.71%,0,0,0,916,79,7,TAI,KTY,LGO,LGO,LGO,1
Hank Murphy,76,711,ViktRon Swanson,651,420,K,291,T5,0,0,2,2,-4.71%,4.71%,0,0,0,917,79,7,KTY,TAI,K,K,K,1
Tyler Phoenix,99,68,ViktRon Swanson,651,176,1B,108,T5,1,0,2,2,5.51%,-5.51%,0,0,0,917,79,7,KTY,TAI,1B,1B,1B,1
Mo Jungo,1814,899,ViktRon Swanson,651,175,K,276,T5,1,1,2,2,-7.06%,7.06%,0,0,0,917,79,7,KTY,TAI,K,K,FO,1
Oni R1,663,69,ViktRon Swanson,651,899,FO,170,T5,2,1,2,2,-6.19%,6.19%,0,0,0,917,79,7,KTY,TAI,FO,FO,BB,1
Duke Silver,602,555,Mason Spurs,103,784,FO,229,B5,0,0,2,2,-4.39%,4.39%,0,0,0,918,79,7,TAI,KTY,FO,FO,FO,1
Rey Revanchist,776,69,Mason Spurs,103,212,BB,143,B5,1,0,2,2,4.69%,-4.69%,0,0,0,918,79,7,TAI,KTY,BB,BB,BB,1
Jaeger Ward,777,732,Mason Spurs,103,155,DP,423,B5,1,1,2,2,-12.50%,12.50%,0,0,0,918,79,7,TAI,KTY,RGO,RGO,DP,1
Kirby Birch,1800,72,ViktRon Swanson,651,388,K,316,T6,0,0,2,2,-6.10%,6.10%,0,0,0,919,79,7,KTY,TAI,K,K,K,1
Otis Nixon Sr.,107,800,ViktRon Swanson,651,219,LGO,419,T6,1,0,2,2,-5.86%,5.86%,0,0,0,919,79,7,KTY,TAI,LGO,LGO,RGO,1
Mr. Miyagi,265,222,ViktRon Swanson,651,920,K,302,T6,2,0,2,2,-4.84%,4.84%,0,0,0,919,79,7,KTY,TAI,K,K,K,1
Tyler Pylon,778,339,Mason Spurs,103,711,RGO,372,B6,0,0,2,2,-6.12%,6.12%,0,0,0,920,79,7,TAI,KTY,RGO,RGO,K,1
James Jameson LXIX,1722,696,Mason Spurs,103,490,FO,206,B6,1,0,2,2,-5.87%,5.87%,0,0,0,920,79,7,TAI,KTY,FO,FO,FO,1
Jacky Wacky,702,169,Mason Spurs,103,530,RGO,361,B6,2,0,2,2,-4.81%,4.81%,0,0,0,920,79,7,TAI,KTY,RGO,RGO,K,1
Dixie Normos,332,219,Dottie Hooligan,770,521,PO,302,T1,0,0,0,0,-2.52%,2.52%,0,0,0,921,80,7,DAD,PHB,PO,PO,K,1
Caleb Aiken,324,888,Dottie Hooligan,770,224,RGO,336,T1,1,0,0,0,-2.52%,2.52%,0,0,0,921,80,7,DAD,PHB,RGO,RGO,K,1
Luke Skywalker,2251,33,Dottie Hooligan,770,150,1B,117,T1,2,0,0,0,1.77%,-1.77%,0,0,0,921,80,7,DAD,PHB,1B,1B,1B,1
Red Fox,784,2,Dottie Hooligan,770,828,BB,174,T1,2,1,0,0,3.01%,-3.01%,0,0,0,921,80,7,DAD,PHB,BB,BB,BB,1
Chuck McCluster,296,5,Dottie Hooligan,770,525,LGO,480,T1,2,4,0,0,-6.52%,6.52%,0,0,0,921,80,7,DAD,PHB,LGO,LGO,LGO,1
Sandy Zipp,701,101,Michael Smith,1955,39,2B,62,B1,0,0,0,0,6.76%,-6.76%,0,0,0,922,80,7,PHB,DAD,2B,2B,2B,1
Rake Inthelake,755,227,Michael Smith,1955,842,PO,385,B1,0,2,0,0,-4.09%,4.09%,0,0,0,922,80,7,PHB,DAD,PO,PO,PO,1
Pork Torkleton,1699,949,Michael Smith,1955,479,LGO,470,B1,1,2,0,0,-4.97%,4.97%,0,0,0,922,80,7,PHB,DAD,LGO,LGO,LGO,1
Johññy Coppolella,738,200,Michael Smith,1955,813,PO,387,B1,2,2,0,0,-4.49%,4.49%,0,0,0,922,80,7,PHB,DAD,PO,RGO,PO,1
Sam Smith,158,815,Dottie Hooligan,770,123,K,308,T2,0,0,0,0,-2.86%,2.86%,0,0,0,923,80,7,DAD,PHB,K,PO,K,1
Runner Buehler,717,650,Dottie Hooligan,770,791,1B,141,T2,1,0,0,0,3.77%,-3.77%,0,0,0,923,80,7,DAD,PHB,1B,BB,BB,1
Rekt Keyo,331,6,Dottie Hooligan,770,285,K,279,T2,1,1,0,0,-4.68%,4.68%,0,0,0,923,80,7,DAD,PHB,K,K,FO,1
Cam'ron,525,10,Dottie Hooligan,770,681,RGO,329,T2,2,1,0,0,-3.52%,3.52%,0,0,0,923,80,7,DAD,PHB,RGO,RGO,K,1
Jerry Jingles,146,2,Michael Smith,1955,190,FO,188,B2,0,0,0,0,-2.75%,2.75%,0,0,0,924,80,7,PHB,DAD,FO,FO,FO,1
Gil Metz,206,815,Michael Smith,1955,348,LGO,467,B2,1,0,0,0,-2.68%,2.68%,0,0,0,924,80,7,PHB,DAD,LGO,LGO,LGO,1
Bob Kelso,1834,888,Michael Smith,1955,947,2B,59,B2,2,0,0,0,3.37%,-3.37%,0,1,1,924,80,7,PHB,DAD,2B,1B,2B,1
Coleman Waters,152,317,Michael Smith,1955,248,2B,69,B2,2,2,0,0,12.79%,-12.79%,1,0,0,924,80,7,PHB,DAD,2B,2B,1B,1
Dottie Hooligan,770,666,Michael Smith,1955,359,RGO,307,B2,2,2,1,0,-4.50%,4.50%,0,0,0,924,80,7,PHB,DAD,RGO,RGO,K,1
Dixie Normos,332,418,Dottie Hooligan,770,196,FO,222,T3,0,0,1,0,-3.61%,3.61%,0,0,0,925,80,7,DAD,PHB,FO,FO,FO,1
Caleb Aiken,324,401,Dottie Hooligan,770,679,K,278,T3,1,0,1,0,-3.13%,3.13%,0,0,0,925,80,7,DAD,PHB,K,K,FO,1
Luke Skywalker,2251,367,Dottie Hooligan,770,541,FO,174,T3,2,0,1,0,-2.16%,2.16%,0,0,0,925,80,7,DAD,PHB,FO,FO,BB,1
Sandy Zipp,701,804,Michael Smith,1955,408,PO,396,B3,0,0,1,0,-2.34%,2.34%,0,0,0,926,80,7,PHB,DAD,PO,RGO,PO,1
Rake Inthelake,755,538,Michael Smith,1955,208,K,330,B3,1,0,1,0,-2.24%,2.24%,0,0,0,926,80,7,PHB,DAD,K,K,K,1
Pork Torkleton,1699,608,Michael Smith,1955,148,LGO,460,B3,2,0,1,0,-1.44%,1.44%,0,0,0,926,80,7,PHB,DAD,LGO,LGO,LGO,1
Red Fox,784,69,Dottie Hooligan,770,887,BB,182,T4,0,0,1,0,6.05%,-6.05%,0,0,0,927,80,7,DAD,PHB,BB,BB,FO,1
Chuck McCluster,296,20,Dottie Hooligan,770,703,DP,317,T4,0,1,1,0,-13.94%,13.94%,0,0,0,927,80,7,DAD,PHB,RGO,RGO,K,1
Sam Smith,158,480,Dottie Hooligan,770,175,K,305,T4,2,0,1,0,-2.57%,2.57%,0,0,0,927,80,7,DAD,PHB,K,PO,K,1
Johññy Coppolella,738,712,Michael Smith,1955,48,K,336,B4,0,0,1,0,-2.24%,2.24%,0,0,0,928,80,7,PHB,DAD,K,K,K,1
Jerry Jingles,146,853,Michael Smith,1955,841,HR,12,B4,1,0,1,0,10.66%,-10.66%,1,1,1,928,80,7,PHB,DAD,HR,HR,HR,1
Gil Metz,206,998,Michael Smith,1955,792,FO,206,B4,1,0,2,0,-1.11%,1.11%,0,0,0,928,80,7,PHB,DAD,FO,FO,FO,1
Bob Kelso,1834,222,Michael Smith,1955,923,K,299,B4,2,0,2,0,-0.64%,0.64%,0,0,0,928,80,7,PHB,DAD,K,K,K,1
Runner Buehler,717,350,Dottie Hooligan,770,625,PO,275,T5,0,0,2,0,-3.62%,3.62%,0,0,0,929,80,7,DAD,PHB,PO,PO,FO,1
Rekt Keyo,331,387,Dottie Hooligan,770,906,LGO,481,T5,1,0,2,0,-3.57%,3.57%,0,0,0,929,80,7,DAD,PHB,LGO,LGO,LGO,1
Freddie Huff,1813,724,Dottie Hooligan,770,535,BB,189,T5,2,0,2,0,3.06%,-3.06%,0,0,0,929,80,7,DAD,PHB,BB,BB,FO,1
Dixie Normos,332,934,Dottie Hooligan,770,706,FO,228,T5,2,1,2,0,-4.80%,4.80%,0,0,0,929,80,7,DAD,PHB,FO,FO,FO,1
Coleman Waters,152,225,Michael Smith,1955,481,K,256,B5,0,0,2,0,-0.63%,0.63%,0,0,0,930,80,7,PHB,DAD,K,K,FO,1
Dottie Hooligan,770,805,Michael Smith,1955,318,LGO,487,B5,1,0,2,0,-0.86%,0.86%,0,0,0,930,80,7,PHB,DAD,LGO,LGO,LGO,1
Sandy Zipp,701,888,Michael Smith,1955,14,1B,126,B5,2,0,2,0,0.55%,-0.55%,0,0,0,930,80,7,PHB,DAD,1B,1B,1B,1
Rake Inthelake,755,227,Michael Smith,1955,81,BB,146,B5,2,1,2,0,0.91%,-0.91%,0,0,0,930,80,7,PHB,DAD,BB,BB,BB,1
Pork Torkleton,1699,8,Michael Smith,1955,824,FO,184,B5,2,4,2,0,-1.93%,1.93%,0,0,0,930,80,7,PHB,DAD,FO,FO,FO,1
Caleb Aiken,324,109,Dottie Hooligan,770,291,BB,182,T6,0,0,2,0,7.80%,-7.80%,0,0,0,931,80,7,DAD,PHB,BB,BB,FO,1
Luke Skywalker,2251,667,Dottie Hooligan,770,176,DP,491,T6,0,1,2,0,-15.63%,15.63%,0,0,0,931,80,7,DAD,PHB,LGO,LGO,DP,1
Gob Bibson,708,523,Dottie Hooligan,770,734,RGO,211,T6,2,0,2,0,-1.61%,1.61%,0,0,0,931,80,7,DAD,PHB,RGO,RGO,FO,1
Harry Peritestes,117,690,Reimer Gonzalez,13,500,FO,190,T1,0,0,0,0,-2.52%,2.52%,0,0,0,932,81,7,LMN,NUL,FO,FO,FO,1
Xerxes Dalin,474,105,Reimer Gonzalez,13,123,3B,18,T1,1,0,0,0,8.47%,-8.47%,0,1,1,932,81,7,LMN,NUL,3B,HR,HR,1
Dixon Uraz,34,12,Reimer Gonzalez,13,909,1B,103,T1,1,3,0,0,5.38%,-5.38%,1,0,0,932,81,7,LMN,NUL,1B,1B,1B,1
Dixon Uraz,34,720,Reimer Gonzalez,13,433,SB,287,T1,1,1,0,1,1.15%,-1.15%,0,0,0,932,81,7,LMN,NUL,Steal 2B,Steal 2B,SB,4
Matthew Paul,2243,798,Reimer Gonzalez,13,720,1B,78,T1,1,2,0,1,6.46%,-6.46%,0,0,0,932,81,7,LMN,NUL,1B,1B,1B,1
Phillips Mahooters,2253,275,Reimer Gonzalez,13,666,DP,391,T1,1,5,0,1,-14.47%,14.47%,0,0,0,932,81,7,LMN,NUL,RGO,RGO,PO,1
Haydn Werfer,392,722,Ananias Thomson,2249,698,3B,24,B1,0,0,0,1,13.75%,-13.75%,0,1,1,933,81,7,NUL,LMN,3B,3B,HR,1
Iris Solstice,401,431,Ananias Thomson,2249,420,HR,11,B1,0,3,0,1,7.69%,-7.69%,2,1,1,933,81,7,NUL,LMN,HR,HR,HR,1
Emerson Austin,703,311,Ananias Thomson,2249,999,K,312,B1,0,0,2,1,-1.88%,1.88%,0,0,0,933,81,7,NUL,LMN,K,K,K,1
Ziggy Cedar,56,322,Ananias Thomson,2249,850,RGO,472,B1,1,0,2,1,-1.77%,1.77%,0,0,0,933,81,7,NUL,LMN,RGO,LGO,LGO,1
Bob Robb,90,781,Ananias Thomson,2249,500,FO,281,B1,2,0,2,1,-1.56%,1.56%,0,0,0,933,81,7,NUL,LMN,FO,FO,FO,1
Thelonius Junk,623,888,Reimer Gonzalez,13,66,BB,178,T2,0,0,2,1,4.45%,-4.45%,0,1,1,934,81,7,LMN,NUL,BB,BB,FO,1
Mike Litoris,2252,824,Reimer Gonzalez,13,1,BB,177,T2,0,1,2,1,8.34%,-8.34%,0,1,1,934,81,7,LMN,NUL,BB,BB,BB,1
Ben Bramly,238,792,Reimer Gonzalez,13,800,HR,8,T2,0,4,2,1,21.05%,-21.05%,3,1,1,934,81,7,LMN,NUL,HR,HR,HR,1
Mason Miller,270,222,Reimer Gonzalez,13,666,RGO,444,T2,0,0,2,4,-1.87%,1.87%,0,0,0,934,81,7,LMN,NUL,RGO,RGO,RGO,1
Harry Peritestes,117,434,Reimer Gonzalez,13,1,LGO,433,T2,1,0,2,4,-1.76%,1.76%,0,0,0,934,81,7,LMN,NUL,LGO,LGO,RGO,1
Xerxes Dalin,474,69,Reimer Gonzalez,13,860,FO,209,T2,2,0,2,4,-1.43%,1.43%,0,0,0,934,81,7,LMN,NUL,FO,FO,FO,1
Homer Pimpson,144,281,Ananias Thomson,2249,2,FO,279,B2,0,0,2,4,-3.08%,3.08%,0,0,0,935,81,7,NUL,LMN,FO,FO,FO,1
Callie Braden,604,500,Ananias Thomson,2249,475,HR,25,B2,1,0,2,4,11.34%,-11.34%,1,1,1,935,81,7,NUL,LMN,HR,HR,3B,1
Monica M. Clinton,1774,777,Ananias Thomson,2249,12,FO,235,B2,1,0,3,4,-2.75%,2.75%,0,0,0,935,81,7,NUL,LMN,FO,FO,FO,1
Alaric Davis,697,666,Ananias Thomson,2249,462,FO,204,B2,2,0,3,4,-2.18%,2.18%,0,0,0,935,81,7,NUL,LMN,FO,FO,FO,1
Dixon Uraz,34,121,Reimer Gonzalez,13,865,FO,256,T3,0,0,3,4,-2.77%,2.77%,0,0,0,936,81,7,LMN,NUL,FO,FO,FO,1
Matthew Paul,2243,263,Reimer Gonzalez,13,800,LGO,463,T3,1,0,3,4,-2.57%,2.57%,0,0,0,936,81,7,LMN,NUL,LGO,LGO,LGO,1
Phillips Mahooters,2253,915,Reimer Gonzalez,13,111,BB,196,T3,2,0,3,4,2.03%,-2.03%,0,0,0,936,81,7,LMN,NUL,BB,FO,FO,1
Thelonius Junk,623,41,Reimer Gonzalez,13,555,LGO,486,T3,2,1,3,4,-3.59%,3.59%,0,0,0,936,81,7,LMN,NUL,LGO,LGO,LGO,1
Haydn Werfer,392,356,Ananias Thomson,2249,900,RGO,456,B3,0,0,3,4,-4.00%,4.00%,0,0,0,937,81,7,NUL,LMN,RGO,RGO,LGO,1
Iris Solstice,401,450,Ananias Thomson,2249,552,1B,102,B3,1,0,3,4,5.31%,-5.31%,0,1,1,937,81,7,NUL,LMN,1B,1B,1B,1
Emerson Austin,703,7,Ananias Thomson,2249,1000,HR,7,B3,1,1,3,4,25.55%,-25.55%,2,1,1,937,81,7,NUL,LMN,HR,HR,HR,1
Ziggy Cedar,56,990,Isaac Snowbender,339,149,BB,159,B3,1,0,5,4,2.94%,-2.94%,0,0,0,937,81,7,NUL,LMN,BB,BB,BB,1
Bob Robb,90,502,Isaac Snowbender,339,327,FO,175,B3,1,1,5,4,-3.52%,3.52%,0,0,0,937,81,7,NUL,LMN,FO,FO,BB,1
Homer Pimpson,144,124,Isaac Snowbender,339,450,K,326,B3,2,1,5,4,-3.10%,3.10%,0,0,0,937,81,7,NUL,LMN,K,K,K,1
Mike Litoris,2252,924,Reimer Gonzalez,13,332,RGO,408,T4,0,0,5,4,-4.06%,4.06%,0,0,0,938,81,7,LMN,NUL,RGO,RGO,RGO,1
Ben Bramly,238,217,Reimer Gonzalez,13,219,HR,2,T4,1,0,5,4,16.69%,-16.69%,1,1,1,938,81,7,LMN,NUL,HR,HR,HR,1
Mason Miller,270,115,Emerson Austin,703,499,PO,384,T4,1,0,5,5,-3.68%,3.68%,0,0,0,938,81,7,LMN,NUL,PO,RGO,PO,1
Harry Peritestes,117,710,Emerson Austin,703,869,BB,159,T4,2,0,5,5,2.71%,-2.71%,0,0,0,938,81,7,LMN,NUL,BB,BB,BB,1
Speedo Meter,675,390,Emerson Austin,703,105,SB,285,T4,2,1,5,5,2.09%,-2.09%,0,0,0,938,81,7,LMN,NUL,Steal 2B,Steal 2B,SB,4
Xerxes Dalin,474,105,Emerson Austin,703,766,PO,339,T4,2,2,5,5,-7.33%,7.33%,0,0,0,938,81,7,LMN,NUL,PO,PO,K,1
Callie Braden,604,700,Isaac Snowbender,339,742,HR,42,B4,0,0,5,5,16.88%,-16.88%,1,1,1,939,81,7,NUL,LMN,HR,3B,2B,1
Catfish O'Acid,406,369,Michael Ikenberry,63,836,LGO,467,B4,0,0,6,5,-2.24%,2.24%,0,0,0,939,81,7,NUL,LMN,LGO,LGO,LGO,1
Alaric Davis,697,369,Michael Ikenberry,63,936,RGO,433,B4,1,0,6,5,-1.93%,1.93%,0,0,0,939,81,7,NUL,LMN,RGO,RGO,RGO,1
Haydn Werfer,392,369,Michael Ikenberry,63,740,PO,371,B4,2,0,6,5,-1.56%,1.56%,0,0,0,939,81,7,NUL,LMN,PO,PO,K,1
Dixon Uraz,34,643,Emerson Austin,703,869,FO,226,T5,0,0,6,5,-5.29%,5.29%,0,0,0,940,81,7,LMN,NUL,FO,FO,FO,1
Matthew Paul,2243,147,Emerson Austin,703,725,LGO,422,T5,1,0,6,5,-5.21%,5.21%,0,0,0,940,81,7,LMN,NUL,LGO,LGO,RGO,1
Phillips Mahooters,2253,,Emerson Austin,703,,Auto K,,T5,2,0,6,5,-3.39%,3.39%,0,0,0,940,81,7,LMN,NUL,Auto K,Auto K,Auto K,9
Iris Solstice,401,742,Michael Ikenberry,63,538,FO,204,B5,0,0,6,5,-1.87%,1.87%,0,0,0,941,81,7,NUL,LMN,FO,FO,FO,1
Emerson Austin,703,828,Michael Ikenberry,63,589,FO,239,B5,1,0,6,5,-1.61%,1.61%,0,0,0,941,81,7,NUL,LMN,FO,FO,FO,1
Ziggy Cedar,56,212,Michael Ikenberry,63,1,FO,211,B5,2,0,6,5,-1.16%,1.16%,0,0,0,941,81,7,NUL,LMN,FO,FO,FO,1
Thelonius Junk,623,88,Emerson Austin,703,342,FO,254,T6,0,0,6,5,-7.81%,7.81%,0,0,0,942,81,7,LMN,NUL,FO,K,FO,1
Mike Litoris,2252,223,Emerson Austin,703,588,RGO,365,T6,1,0,6,5,-6.75%,6.75%,0,0,0,942,81,7,LMN,NUL,RGO,RGO,K,1
Ben Bramly,238,824,Emerson Austin,703,500,PO,324,T6,2,0,6,5,-5.00%,5.00%,0,0,0,942,81,7,LMN,NUL,PO,PO,K,1
Max Wasson,273,113,Harry Peritestes,117,232,1B,119,T1,0,0,0,0,3.67%,-3.67%,0,0,0,943,82,7,POR,JUP,1B,1B,1B,1
Edward Freeman,700,,Harry Peritestes,117,,Auto K,,T1,0,1,0,0,-2.98%,2.98%,0,0,0,943,82,7,POR,JUP,Auto K,Auto K,Auto K,9
Caleb Craven,640,799,Harry Peritestes,117,81,PO,282,T1,1,1,0,0,-3.96%,3.96%,0,0,0,943,82,7,POR,JUP,PO,PO,FO,1
Bobo Bones,478,880,Harry Peritestes,117,340,LGO,460,T1,2,1,0,0,-3.51%,3.51%,0,0,0,943,82,7,POR,JUP,LGO,LGO,LGO,1
Skippy Gustafsson,1773,119,Rickey Tucker,163,275,FO,156,B1,0,0,0,0,-2.73%,2.73%,0,0,0,944,82,7,JUP,POR,FO,FO,BB,1
Johnny Omar,2241,424,Rickey Tucker,163,185,FO,239,B1,1,0,0,0,-2.27%,2.27%,0,0,0,944,82,7,JUP,POR,FO,FO,FO,1
Fuzzy Spit,501,981,Rickey Tucker,163,11,HR,30,B1,2,0,0,0,11.54%,-11.54%,1,1,1,944,82,7,JUP,POR,HR,HR,2B,1
Charpasm Chim,597,585,Rickey Tucker,163,222,PO,363,B1,2,0,1,0,-1.56%,1.56%,0,0,0,944,82,7,JUP,POR,PO,PO,K,1
Geno Scaramucci,165,515,Harry Peritestes,117,564,2B,49,T2,0,0,1,0,7.86%,-7.86%,0,0,0,945,82,7,POR,JUP,2B,2B,2B,1
Andrew Peters,337,35,Harry Peritestes,117,232,FO,197,T2,0,2,1,0,-5.31%,5.31%,0,0,0,945,82,7,POR,JUP,FO,FO,FO,1
Grigury Polinko,452,600,Harry Peritestes,117,1,LGO,401,T2,1,2,1,0,-5.84%,5.84%,0,0,0,945,82,7,POR,JUP,LGO,LGO,RGO,1
Aych Imtiyaz,170,118,Harry Peritestes,117,323,FO,205,T2,2,2,1,0,-4.22%,4.22%,0,0,0,945,82,7,POR,JUP,FO,FO,FO,1
Simba Martinez,1792,333,Rickey Tucker,163,314,HR,19,B2,0,0,1,0,9.99%,-9.99%,1,1,1,946,82,7,JUP,POR,HR,HR,HR,1
Gianni,209,675,Rickey Tucker,163,159,LGO,484,B2,0,0,2,0,-2.40%,2.40%,0,0,0,946,82,7,JUP,POR,LGO,LGO,LGO,1
David Peterson,2218,212,Rickey Tucker,163,789,RGO,423,B2,1,0,2,0,-1.24%,1.24%,0,0,0,946,82,7,JUP,POR,RGO,RGO,RGO,1
Dart Ragusa,134,31,Rickey Tucker,163,33,HR,2,B2,2,0,2,0,8.64%,-8.64%,1,1,1,946,82,7,JUP,POR,HR,HR,HR,1
Triston Uzumaki,125,111,Rickey Tucker,163,70,HR,41,B2,2,0,3,0,5.39%,-5.39%,1,1,1,946,82,7,JUP,POR,HR,3B,2B,1
Skippy Gustafsson,1773,919,Dominus Nominus,278,154,FO,235,B2,2,0,4,0,-0.19%,0.19%,0,0,0,946,82,7,JUP,POR,FO,FO,FO,1
Coco Watanabe,204,883,Harry Peritestes,117,658,K,225,T3,0,0,4,0,-1.72%,1.72%,0,0,0,947,82,7,POR,JUP,K,FO,FO,1
Max Wasson,273,357,Harry Peritestes,117,254,1B,103,T3,1,0,4,0,2.12%,-2.12%,0,1,1,947,82,7,POR,JUP,1B,1B,1B,1
Edward Freeman,700,69,Harry Peritestes,117,88,HR,19,T3,1,1,4,0,11.27%,-11.27%,2,1,1,947,82,7,POR,JUP,HR,3B,HR,1
Caleb Craven,640,422,Harry Peritestes,117,323,1B,99,T3,1,0,4,2,4.10%,-4.10%,0,0,0,947,82,7,POR,JUP,1B,1B,1B,1
Bobo Bones,478,666,Harry Peritestes,117,800,BB,134,T3,1,1,4,2,6.38%,-6.38%,0,0,0,947,82,7,POR,JUP,BB,BB,1B,1
Geno Scaramucci,165,115,Harry Peritestes,117,25,1B,90,T3,1,4,4,2,10.70%,-10.70%,0,0,0,947,82,7,POR,JUP,1B,1B,1B,1
Andrew Peters,337,4,Harry Peritestes,117,435,DP,431,T3,1,7,4,2,-25.77%,25.77%,0,0,0,947,82,7,POR,JUP,LGO,LGO,DP,1
Johnny Omar,2241,303,Dominus Nominus,278,732,RGO,429,B3,0,0,4,2,-1.38%,1.38%,0,0,0,948,82,7,JUP,POR,RGO,RGO,RGO,1
Fuzzy Spit,501,289,Dominus Nominus,278,100,FO,189,B3,1,0,4,2,-1.46%,1.46%,0,0,0,948,82,7,JUP,POR,FO,FO,FO,1
Charpasm Chim,597,435,Dominus Nominus,278,189,K,246,B3,2,0,4,2,-1.21%,1.21%,0,0,0,948,82,7,JUP,POR,K,K,FO,1
Grigury Polinko,452,220,Harry Peritestes,117,209,HR,11,T4,0,0,4,2,11.94%,-11.94%,1,1,1,949,82,7,POR,JUP,HR,HR,HR,1
Aych Imtiyaz,170,777,Harry Peritestes,117,780,HR,3,T4,0,0,4,3,16.50%,-16.50%,1,1,1,949,82,7,POR,JUP,HR,HR,HR,1
Coco Watanabe,204,579,Streetlamp LeMoose,1734,733,BB,154,T4,0,0,4,4,4.87%,-4.87%,0,0,0,949,82,7,POR,JUP,BB,BB,BB,1
Max Wasson,273,505,Streetlamp LeMoose,1734,38,DP,467,T4,0,1,4,4,-12.42%,12.42%,0,0,0,949,82,7,POR,JUP,LGO,LGO,DP,1
Edward Freeman,700,415,Streetlamp LeMoose,1734,272,1B,143,T4,2,0,4,4,2.71%,-2.71%,0,0,0,949,82,7,POR,JUP,1B,1B,BB,1
Caleb Craven,640,711,Streetlamp LeMoose,1734,565,BB,146,T4,2,1,4,4,4.19%,-4.19%,0,0,0,949,82,7,POR,JUP,BB,BB,BB,1
Bobo Bones,478,314,Streetlamp LeMoose,1734,565,FO,251,T4,2,4,4,4,-9.43%,9.43%,0,0,0,949,82,7,POR,JUP,FO,FO,FO,1
Simba Martinez,1792,801,Dominus Nominus,278,200,PO,399,B4,0,0,4,4,-3.93%,3.93%,0,0,0,950,82,7,JUP,POR,PO,PO,PO,1
Gianni,209,568,Dominus Nominus,278,801,FO,233,B4,1,0,4,4,-3.43%,3.43%,0,0,0,950,82,7,JUP,POR,FO,FO,FO,1
David Peterson,2218,,Dominus Nominus,278,,Auto K,,B4,2,0,4,4,-2.71%,2.71%,0,0,0,950,82,7,JUP,POR,Auto K,Auto K,Auto K,9
Geno Scaramucci,165,420,Streetlamp LeMoose,1734,352,2B,68,T5,0,0,4,4,12.34%,-12.34%,0,1,1,951,82,7,POR,JUP,2B,2B,1B,1
Andrew Peters,337,988,Streetlamp LeMoose,1734,963,3B,25,T5,0,2,4,4,21.13%,-21.13%,1,1,1,951,82,7,POR,JUP,3B,3B,3B,1
Grigury Polinko,452,99,Streetlamp LeMoose,1734,927,BB,172,T5,0,3,4,5,-0.16%,0.16%,0,1,1,951,82,7,POR,JUP,BB,BB,BB,1
Aych Imtiyaz,170,350,Streetlamp LeMoose,1734,182,BB,168,T5,0,5,4,5,5.00%,-5.00%,0,1,1,951,82,7,POR,JUP,BB,FO,BB,1
Coco Watanabe,204,145,Streetlamp LeMoose,1734,166,3B,21,T5,0,7,4,5,8.97%,-8.97%,3,1,1,951,82,7,POR,JUP,3B,3B,HR,1
Max Wasson,273,427,Streetlamp LeMoose,1734,834,RGO,407,T5,0,3,4,8,-0.22%,0.22%,0,0,0,951,82,7,POR,JUP,RGO,RGO,RGO,2
Edward Freeman,700,345,Simba Martinez,1792,632,Sac,287,T5,1,3,4,8,-0.16%,0.16%,1,0,0,951,82,7,POR,JUP,FO,FO,K,1
Caleb Craven,640,699,Simba Martinez,1792,874,FO,175,T5,2,0,4,9,-0.45%,0.45%,0,0,0,951,82,7,POR,JUP,FO,FO,BB,1
Dart Ragusa,134,31,Dominus Nominus,278,321,K,290,B5,0,0,4,9,-1.35%,1.35%,0,0,0,952,82,7,JUP,POR,K,K,K,1
Triston Uzumaki,125,713,Dominus Nominus,278,310,PO,403,B5,1,0,4,9,-0.81%,0.81%,0,0,0,952,82,7,JUP,POR,PO,PO,RGO,1
Skippy Gustafsson,1773,689,Dominus Nominus,278,555,BB,134,B5,2,0,4,9,0.70%,-0.70%,0,0,0,952,82,7,JUP,POR,BB,BB,1B,1
Johnny Omar,2241,777,Dominus Nominus,278,634,BB,143,B5,2,1,4,9,0.79%,-0.79%,0,0,0,952,82,7,JUP,POR,BB,BB,BB,1
Fuzzy Spit,501,879,Dominus Nominus,278,388,LGO,491,B5,2,4,4,9,-1.87%,1.87%,0,0,0,952,82,7,JUP,POR,LGO,LGO,LGO,1
Bobo Bones,478,501,Simba Martinez,1792,134,PO,367,T6,0,0,4,9,-0.16%,0.16%,0,0,0,953,82,7,POR,JUP,PO,PO,K,1
Geno Scaramucci,165,666,Simba Martinez,1792,859,FO,193,T6,1,0,4,9,0.01%,-0.01%,0,0,0,953,82,7,POR,JUP,FO,FO,FO,1
Andrew Peters,337,645,Simba Martinez,1792,275,PO,370,T6,2,0,4,9,-0.13%,0.13%,0,0,0,953,82,7,POR,JUP,PO,PO,K,1
Charpasm Chim,597,238,Dominus Nominus,278,1000,K,238,B6,0,0,4,9,-0.68%,0.68%,0,0,0,954,82,7,JUP,POR,K,K,FO,1
Simba Martinez,1792,69,Dominus Nominus,278,813,FO,256,B6,1,0,4,9,-0.50%,0.50%,0,0,0,954,82,7,JUP,POR,FO,FO,FO,1
Gianni,209,257,Dominus Nominus,278,700,LGO,443,B6,2,0,4,9,-0.08%,0.08%,0,0,0,954,82,7,JUP,POR,LGO,LGO,RGO,1
Gregory Taint,1712,111,Hudson Hildebrandt,284,402,K,291,T1,0,0,0,0,-2.52%,2.52%,0,0,0,955,83,7,TRA,SAR,K,K,K,1
Almondo Albuterol,1790,688,Hudson Hildebrandt,284,590,BB,98,T1,1,0,0,0,3.21%,-3.21%,0,1,1,955,83,7,TRA,SAR,BB,BB,1B,1
Jay Peg,724,333,Hudson Hildebrandt,284,255,1B,78,T1,1,1,0,0,4.63%,-4.63%,0,1,1,955,83,7,TRA,SAR,1B,1B,1B,1
Captain Harry C Legs,480,209,Hudson Hildebrandt,284,909,K,300,T1,1,4,0,0,-5.58%,5.58%,0,0,0,955,83,7,TRA,SAR,K,K,K,1
Sunshine Pardue,315,649,Hudson Hildebrandt,284,566,1B,83,T1,2,4,0,0,10.45%,-10.45%,1,1,1,955,83,7,TRA,SAR,1B,1B,1B,1
Jack Meoff,1829,272,Hudson Hildebrandt,284,344,1B,72,T1,2,5,0,1,10.29%,-10.29%,1,1,1,955,83,7,TRA,SAR,1B,1B,1B,1
Mylo Grams,396,6,Hudson Hildebrandt,284,3,HR,3,T1,2,5,0,2,16.73%,-16.73%,3,1,1,955,83,7,TRA,SAR,HR,HR,HR,1
Birdman,393,386,Hudson Hildebrandt,284,69,K,317,T1,2,0,0,5,0.30%,-0.30%,0,0,0,955,83,7,TRA,SAR,K,K,K,1
Dr.Degratest Toevadoit,247,908,Doc Crudelly,1811,623,PO,285,B1,0,0,0,5,-2.83%,2.83%,0,0,0,956,83,7,SAR,TRA,PO,PO,K,1
Cole Martinez,408,477,Doc Crudelly,1811,233,K,244,B1,1,0,0,5,0.91%,-0.91%,0,0,0,956,83,7,SAR,TRA,K,K,FO,1
Makesiondon Kelkboom,327,431,Doc Crudelly,1811,912,LGO,481,B1,2,0,0,5,-1.72%,1.72%,0,0,0,956,83,7,SAR,TRA,LGO,LGO,LGO,1
Scherbie Fully-Loaded,679,333,Hudson Hildebrandt,284,922,PO,411,T2,0,0,0,5,-1.02%,1.02%,0,0,0,957,83,7,TRA,SAR,PO,PO,RGO,1
Gregory Taint,1712,773,Hudson Hildebrandt,284,155,K,382,T2,1,0,0,5,-0.45%,0.45%,0,0,0,957,83,7,TRA,SAR,K,K,PO,1
Almondo Albuterol,1790,,Hudson Hildebrandt,284,,Auto BB,,T2,2,0,0,5,-0.01%,0.01%,0,0,0,957,83,7,TRA,SAR,Auto BB,Auto BB,Auto BB,10
Jay Peg,724,112,Hudson Hildebrandt,284,1,BB,111,T2,2,1,0,5,1.48%,-1.48%,0,0,0,957,83,7,TRA,SAR,BB,BB,1B,1
Captain Harry C Legs,480,680,Hudson Hildebrandt,284,600,BB,80,T2,2,4,0,5,0.60%,-0.60%,0,0,0,957,83,7,TRA,SAR,BB,BB,1B,1
Sunshine Pardue,315,204,Hudson Hildebrandt,284,680,RGO,476,T2,2,7,0,5,-2.53%,2.53%,0,0,0,957,83,7,TRA,SAR,RGO,LGO,LGO,1
Bradle Beamen,203,11,Doc Crudelly,1811,412,RGO,401,B2,0,0,0,5,-1.70%,1.70%,0,0,0,958,83,7,SAR,TRA,RGO,LGO,RGO,1
Lawrence Wiseman,380,324,Doc Crudelly,1811,522,FO,198,B2,1,0,0,5,-1.71%,1.71%,0,0,0,958,83,7,SAR,TRA,FO,FO,FO,1
Tucker Doubt,567,41,Doc Crudelly,1811,668,RGO,373,B2,2,0,0,5,-0.68%,0.68%,0,0,0,958,83,7,SAR,TRA,RGO,RGO,K,1
Jack Meoff,1829,735,Hudson Hildebrandt,284,188,LGO,453,T3,0,0,0,5,-0.71%,0.71%,0,0,0,959,83,7,TRA,SAR,LGO,LGO,LGO,1
Mylo Grams,396,723,Hudson Hildebrandt,284,966,FO,243,T3,1,0,0,5,-0.43%,0.43%,0,0,0,959,83,7,TRA,SAR,FO,FO,FO,1
Birdman,393,626,Hudson Hildebrandt,284,599,3B,27,T3,2,0,0,5,1.04%,-1.04%,0,1,1,959,83,7,TRA,SAR,3B,3B,3B,1
Scherbie Fully-Loaded,679,444,Hudson Hildebrandt,284,420,HR,24,T3,2,3,0,5,2.09%,-2.09%,2,1,1,959,83,7,TRA,SAR,HR,HR,HR,1
Gregory Taint,1712,,Hudson Hildebrandt,284,,Auto K,,T3,2,0,0,7,-0.46%,0.46%,0,0,0,959,83,7,TRA,SAR,Auto K,Auto K,Auto K,9
Fuzzy Dunlop,382,777,Doc Crudelly,1811,514,K,263,B3,0,0,0,7,-1.22%,1.22%,0,0,0,960,83,7,SAR,TRA,K,K,FO,1
Bonesy McSkellington,1733,311,Doc Crudelly,1811,290,3B,21,B3,1,0,0,7,1.80%,-1.80%,0,1,1,960,83,7,SAR,TRA,3B,3B,HR,1
Mason Miller,270,1,Doc Crudelly,1811,912,1B,89,B3,1,3,0,7,-0.52%,0.52%,1,0,0,960,83,7,SAR,TRA,1B,1B,1B,1
Dr.Degratest Toevadoit,247,323,Doc Crudelly,1811,824,DP,499,B3,1,1,1,7,-2.44%,2.44%,0,0,0,960,83,7,SAR,TRA,LGO,LGO,DP,1
Almondo Albuterol,1790,777,Hudson Hildebrandt,284,900,BB,123,T4,0,0,1,7,0.57%,-0.57%,0,1,1,961,83,7,TRA,SAR,BB,BB,1B,1
Jay Peg,724,301,Hudson Hildebrandt,284,345,2B,44,T4,0,1,1,7,1.60%,-1.60%,0,0,0,961,83,7,TRA,SAR,2B,2B,2B,1
Captain Harry C Legs,480,666,Hudson Hildebrandt,284,173,LGO,493,T4,0,6,1,7,-1.73%,1.73%,1,0,0,961,83,7,TRA,SAR,LGO,LGO,LGO,1
Sunshine Pardue,315,909,Hudson Hildebrandt,284,404,LGO,495,T4,1,2,1,8,-0.28%,0.28%,0,0,0,961,83,7,TRA,SAR,LGO,LGO,LGO,1
Jack Meoff,1829,783,Hudson Hildebrandt,284,1,FO,218,T4,2,2,1,8,-0.55%,0.55%,0,0,0,961,83,7,TRA,SAR,FO,FO,FO,1
Cole Martinez,408,103,Doc Crudelly,1811,623,LGO,480,B4,0,0,1,8,-0.78%,0.78%,0,0,0,962,83,7,SAR,TRA,LGO,LGO,LGO,1
Makesiondon Kelkboom,327,375,Doc Crudelly,1811,490,1B,115,B4,1,0,1,8,1.15%,-1.15%,0,1,1,962,83,7,SAR,TRA,1B,BB,1B,1
Bradle Beamen,203,999,Doc Crudelly,1811,980,3B,19,B4,1,1,1,8,0.46%,-0.46%,1,0,0,962,83,7,SAR,TRA,3B,3B,HR,1
Lawrence Wiseman,380,136,Doc Crudelly,1811,875,K,261,B4,1,3,2,8,-2.15%,2.15%,0,0,0,962,83,7,SAR,TRA,K,K,Sac,1
Tucker Doubt,567,363,Doc Crudelly,1811,792,LGO,429,B4,2,3,2,8,-0.47%,0.47%,0,0,0,962,83,7,SAR,TRA,LGO,LGO,RGO,1
Mylo Grams,396,75,Hudson Hildebrandt,284,909,BB,166,T5,0,0,2,8,0.14%,-0.14%,0,0,0,963,83,7,TRA,SAR,BB,BB,BB,1
Birdman,393,6,Hudson Hildebrandt,284,544,PO,462,T5,0,1,2,8,-0.18%,0.18%,0,0,0,963,83,7,TRA,SAR,PO,RGO,DP,1
Scherbie Fully-Loaded,679,444,Hudson Hildebrandt,284,202,FO,242,T5,1,1,2,8,-0.13%,0.13%,0,0,0,963,83,7,TRA,SAR,FO,K,FO,1
Gregory Taint,1712,313,Hudson Hildebrandt,284,677,K,364,T5,2,1,2,8,-0.18%,0.18%,0,0,0,963,83,7,TRA,SAR,K,K,K,1
Fuzzy Dunlop,382,716,Doc Crudelly,1811,112,RGO,396,B5,0,0,2,8,-0.77%,0.77%,0,0,0,964,83,7,SAR,TRA,RGO,RGO,PO,1
Bonesy McSkellington,1733,431,Doc Crudelly,1811,128,RGO,303,B5,1,0,2,8,-0.44%,0.44%,0,0,0,964,83,7,SAR,TRA,RGO,RGO,K,1
Mason Miller,270,316,Doc Crudelly,1811,861,LGO,455,B5,2,0,2,8,-0.15%,0.15%,0,0,0,964,83,7,SAR,TRA,LGO,LGO,LGO,1
Almondo Albuterol,1790,309,Hudson Hildebrandt,284,288,HR,21,T6,0,0,2,8,0.00%,0.00%,1,1,1,965,83,7,TRA,SAR,HR,HR,HR,1
Jimmy Johns,303,704,Hudson Hildebrandt,284,1,K,297,T6,0,0,2,9,-0.01%,0.01%,0,0,0,965,83,7,TRA,SAR,K,K,K,1
Captain Harry C Legs,480,808,Hudson Hildebrandt,284,288,LGO,480,T6,1,0,2,9,-0.07%,0.07%,0,0,0,965,83,7,TRA,SAR,LGO,LGO,LGO,1
Sunshine Pardue,315,702,Hudson Hildebrandt,284,911,FO,209,T6,2,0,2,9,-0.07%,0.07%,0,0,0,965,83,7,TRA,SAR,FO,FO,FO,1
Dr.Degratest Toevadoit,247,88,Robbie Liapis,1745,619,RGO,469,B6,0,0,2,9,-0.38%,0.38%,0,0,0,966,83,7,SAR,TRA,RGO,LGO,LGO,1
Cole Martinez,408,69,Robbie Liapis,1745,219,BB,150,B6,1,0,2,9,0.38%,-0.38%,0,0,0,966,83,7,SAR,TRA,BB,BB,BB,1
Makesiondon Kelkboom,327,787,Robbie Liapis,1745,135,K,348,B6,1,1,2,9,-0.50%,0.50%,0,0,0,966,83,7,SAR,TRA,K,K,K,1
Bradle Beamen,203,123,Robbie Liapis,1745,789,K,334,B6,2,1,2,9,-0.09%,0.09%,0,0,0,966,83,7,SAR,TRA,K,PO,K,1
Truck Month,1794,704,Ioe Torrent,1844,283,RGO,421,T1,0,0,0,0,-2.52%,2.52%,0,0,0,967,84,7,TAC,MVM,RGO,RGO,RGO,1
Julio Escobar,686,420,Ioe Torrent,1844,222,PO,198,T1,1,0,0,0,-2.52%,2.52%,0,0,0,967,84,7,TAC,MVM,PO,PO,FO,1
Gang Weed,1732,950,Ioe Torrent,1844,576,PO,374,T1,2,0,0,0,-1.74%,1.74%,0,0,0,967,84,7,TAC,MVM,PO,PO,K,1
cocl,487,555,Napoleon Shortsleeve,560,424,1B,131,B1,0,0,0,0,3.55%,-3.55%,0,1,1,968,84,7,MVM,TAC,1B,1B,1B,1
Jordan Peppers,18,233,Napoleon Shortsleeve,560,924,K,309,B1,0,1,0,0,-2.91%,2.91%,0,0,0,968,84,7,MVM,TAC,K,K,K,1
Deej Gambino,594,725,Napoleon Shortsleeve,560,712,HR,13,B1,1,1,0,0,17.40%,-17.40%,2,1,1,968,84,7,MVM,TAC,HR,HR,HR,1
That's Amore,1823,43,Napoleon Shortsleeve,560,725,PO,318,B1,1,0,2,0,-1.88%,1.88%,0,0,0,968,84,7,MVM,TAC,PO,PO,K,1
Orlando Champagne,500,351,Napoleon Shortsleeve,560,591,FO,240,B1,2,0,2,0,-0.63%,0.63%,0,0,0,968,84,7,MVM,TAC,FO,FO,FO,1
IBO Bust,186,352,Ioe Torrent,1844,76,PO,276,T2,0,0,2,0,-2.56%,2.56%,0,0,0,969,84,7,TAC,MVM,PO,PO,FO,1
Oxleohl Driver,1943,729,Ioe Torrent,1844,600,1B,129,T2,1,0,2,0,3.92%,-3.92%,0,0,0,969,84,7,TAC,MVM,1B,1B,1B,1
Duke Marriot,775,386,Ioe Torrent,1844,777,PO,391,T2,1,1,2,0,-4.62%,4.62%,0,0,0,969,84,7,TAC,MVM,PO,PO,PO,1
Barry McKockiner,612,511,Ioe Torrent,1844,911,PO,400,T2,2,1,2,0,-3.69%,3.69%,0,0,0,969,84,7,TAC,MVM,PO,PO,RGO,1
Reggie Stocker,1958,75,Napoleon Shortsleeve,560,421,K,346,B2,0,0,2,0,-2.40%,2.40%,0,0,0,970,84,7,MVM,TAC,K,K,K,1
JT Longbottoms,1803,75,Napoleon Shortsleeve,560,121,2B,46,B2,1,0,2,0,4.04%,-4.04%,0,1,1,970,84,7,MVM,TAC,2B,2B,2B,1
Jeremy Carolina,728,540,Napoleon Shortsleeve,560,75,LGO,465,B2,1,2,2,0,-2.75%,2.75%,0,0,0,970,84,7,MVM,TAC,LGO,LGO,LGO,1
Dwayne Stevenson,334,575,Napoleon Shortsleeve,560,717,BB,142,B2,2,2,2,0,0.83%,-0.83%,0,1,1,970,84,7,MVM,TAC,BB,BB,BB,1
cocl,487,348,Napoleon Shortsleeve,560,312,2B,36,B2,2,4,2,0,11.47%,-11.47%,2,0,0,970,84,7,MVM,TAC,2B,2B,2B,1
Jordan Peppers,18,222,Napoleon Shortsleeve,560,888,K,334,B2,2,2,4,0,-0.99%,0.99%,0,0,0,970,84,7,MVM,TAC,K,K,K,1
Napoleon Shortsleeve,560,69,Ioe Torrent,1844,818,K,251,T3,0,0,4,0,-1.72%,1.72%,0,0,0,971,84,7,TAC,MVM,K,K,FO,1
Alaina Mclean,1947,406,Ioe Torrent,1844,351,2B,55,T3,1,0,4,0,3.72%,-3.72%,0,1,1,971,84,7,TAC,MVM,2B,2B,2B,1
Truck Month,1794,870,Ioe Torrent,1844,603,PO,267,T3,1,2,4,0,-3.74%,3.74%,0,0,0,971,84,7,TAC,MVM,PO,K,FO,1
Julio Escobar,686,825,Ioe Torrent,1844,870,2B,45,T3,2,2,4,0,5.62%,-5.62%,1,1,1,971,84,7,TAC,MVM,2B,2B,2B,1
Gang Weed,1732,100,Ioe Torrent,1844,999,1B,101,T3,2,2,4,1,7.08%,-7.08%,1,0,0,971,84,7,TAC,MVM,1B,1B,1B,1
IBO Bust,186,636,Ioe Torrent,1844,714,1B,78,T3,2,1,4,2,3.69%,-3.69%,0,0,0,971,84,7,TAC,MVM,1B,1B,1B,1
Oxleohl Driver,1943,636,Ioe Torrent,1844,368,K,268,T3,2,5,4,2,-7.57%,7.57%,0,0,0,971,84,7,TAC,MVM,K,K,FO,1
Deej Gambino,594,480,Napoleon Shortsleeve,560,69,PO,411,B3,0,0,4,2,-1.38%,1.38%,0,0,0,972,84,7,MVM,TAC,PO,PO,RGO,1
Oscar Vinegrette,252,678,Napoleon Shortsleeve,560,324,PO,354,B3,1,0,4,2,-1.46%,1.46%,0,0,0,972,84,7,MVM,TAC,PO,PO,K,1
Orlando Champagne,500,678,Napoleon Shortsleeve,560,274,PO,404,B3,2,0,4,2,-1.21%,1.21%,0,0,0,972,84,7,MVM,TAC,PO,PO,RGO,1
Duke Marriot,775,626,Ioe Torrent,1844,490,1B,136,T4,0,0,4,2,5.30%,-5.30%,0,1,1,973,84,7,TAC,MVM,1B,1B,1B,1
Barry McKockiner,612,721,Ioe Torrent,1844,566,1B,155,T4,0,1,4,2,9.96%,-9.96%,0,1,1,973,84,7,TAC,MVM,1B,1B,BB,1
Napoleon Shortsleeve,560,601,Ioe Torrent,1844,44,PO,443,T4,0,4,4,2,-7.71%,7.71%,0,0,0,973,84,7,TAC,MVM,PO,PO,DP,1
Alaina Mclean,1947,47,Ioe Torrent,1844,780,K,267,T4,1,4,4,2,-7.23%,7.23%,0,0,0,973,84,7,TAC,MVM,K,K,FO,1
Truck Month,1794,490,Ioe Torrent,1844,414,1B,76,T4,2,4,4,2,11.25%,-11.25%,1,1,1,973,84,7,TAC,MVM,1B,1B,1B,1
Julio Escobar,686,538,Ioe Torrent,1844,636,1B,98,T4,2,5,4,3,15.37%,-15.37%,1,0,0,973,84,7,TAC,MVM,1B,1B,1B,1
Gang Weed,1732,1,Ioe Torrent,1844,88,1B,87,T4,2,5,4,4,17.42%,-17.42%,1,0,0,973,84,7,TAC,MVM,1B,1B,1B,1
IBO Bust,186,420,Wallace Grommet,492,102,PO,318,T4,2,5,4,5,-6.82%,6.82%,0,0,0,973,84,7,TAC,MVM,PO,PO,K,1
Reggie Stocker,1958,520,Napoleon Shortsleeve,560,621,1B,101,B4,0,0,4,5,6.37%,-6.37%,0,1,1,974,84,7,MVM,TAC,1B,1B,1B,1
Cap Keeler,1808,420,Napoleon Shortsleeve,560,333,2B,87,B4,0,1,4,5,22.18%,-22.18%,0,1,1,974,84,7,MVM,TAC,2B,1B,1B,1
Jeremy Carolina,728,160,Napoleon Shortsleeve,560,588,RGO,428,B4,0,6,4,5,0.11%,-0.11%,1,0,0,974,84,7,MVM,TAC,RGO,RGO,RGO,1
Hero Brine,1942,914,Napoleon Shortsleeve,560,33,1B,119,B4,1,3,5,5,7.54%,-7.54%,1,1,1,974,84,7,MVM,TAC,1B,1B,1B,1
cocl,487,555,Napoleon Shortsleeve,560,811,FO,256,B4,1,1,6,5,-2.47%,2.47%,0,0,0,974,84,7,MVM,TAC,FO,FO,FO,1
Jordan Peppers,18,808,Napoleon Shortsleeve,560,866,2B,58,B4,2,1,6,5,11.08%,-11.08%,1,0,0,974,84,7,MVM,TAC,2B,2B,2B,1
Ben Bramly,238,431,Napoleon Shortsleeve,560,704,K,273,B4,2,2,7,5,-2.08%,2.08%,0,0,0,974,84,7,MVM,TAC,K,K,FO,1
Oxleohl Driver,1943,602,Wallace Grommet,492,255,PO,347,T5,0,0,7,5,-3.62%,3.62%,0,0,0,975,84,7,TAC,MVM,PO,PO,K,1
Duke Marriot,775,555,Wallace Grommet,492,845,PO,290,T5,1,0,7,5,-3.57%,3.57%,0,0,0,975,84,7,TAC,MVM,PO,PO,K,1
Barry McKockiner,612,522,Wallace Grommet,492,133,PO,389,T5,2,0,7,5,-1.74%,1.74%,0,0,0,975,84,7,TAC,MVM,PO,PO,PO,1
Oscar Vinegrette,252,578,Napoleon Shortsleeve,560,812,FO,234,B5,0,0,7,5,-0.63%,0.63%,0,0,0,976,84,7,MVM,TAC,FO,FO,FO,1
Orlando Champagne,500,589,Napoleon Shortsleeve,560,111,LGO,478,B5,1,0,7,5,-0.86%,0.86%,0,0,0,976,84,7,MVM,TAC,LGO,LGO,LGO,1
Reggie Stocker,1958,55,Napoleon Shortsleeve,560,478,RGO,423,B5,2,0,7,5,-0.47%,0.47%,0,0,0,976,84,7,MVM,TAC,RGO,RGO,RGO,1
Napoleon Shortsleeve,560,68,Wallace Grommet,492,237,FO,169,T6,0,0,7,5,-4.18%,4.18%,0,0,0,977,84,7,TAC,MVM,FO,FO,BB,1
Alaina Mclean,1947,726,Wallace Grommet,492,891,FO,165,T6,1,0,7,5,-3.65%,3.65%,0,0,0,977,84,7,TAC,MVM,FO,FO,BB,1
Truck Month,1794,317,Wallace Grommet,492,678,PO,361,T6,2,0,7,5,-1.61%,1.61%,0,0,0,977,84,7,TAC,MVM,PO,PO,K,1
Blandon Brade,50,45,Tabasco Greensauce,1818,500,LGO,455,T1,0,0,0,0,-2.52%,2.52%,0,0,0,978,85,8,YUM,KRB,LGO,LGO,LGO,1
Derek Tombides,580,222,Tabasco Greensauce,1818,341,BB,119,T1,1,0,0,0,3.21%,-3.21%,0,0,0,978,85,8,YUM,KRB,BB,BB,1B,1
Willow Briansdottir,48,371,Tabasco Greensauce,1818,7,K,364,T1,1,1,0,0,-3.96%,3.96%,0,0,0,978,85,8,YUM,KRB,K,K,K,1
Tristan Leung,1692,666,Tabasco Greensauce,1818,488,BB,178,T1,2,1,0,0,3.01%,-3.01%,0,0,0,978,85,8,YUM,KRB,BB,BB,FO,1
ModeratoSevere PlaquePsoriasis,2240,,Tabasco Greensauce,1818,,Auto K,,T1,2,4,0,0,-6.52%,6.52%,0,0,0,978,85,8,YUM,KRB,Auto K,Auto K,Auto K,9
Pierre Bryant,1771,123,Tristan Leung,1692,875,K,248,B1,0,0,0,0,-2.73%,2.73%,0,0,0,979,85,8,KRB,YUM,K,K,FO,1
Brian Zucchini,33,872,Tristan Leung,1692,988,BB,116,B1,1,0,0,0,3.37%,-3.37%,0,0,0,979,85,8,KRB,YUM,BB,BB,1B,1
Tabasco Greensauce,1818,620,Tristan Leung,1692,444,BB,176,B1,1,1,0,0,4.72%,-4.72%,0,0,0,979,85,8,KRB,YUM,BB,BB,BB,1
King Kruul,2229,915,Tristan Leung,1692,166,K,251,B1,1,4,0,0,-6.06%,6.06%,0,0,0,979,85,8,KRB,YUM,K,K,FO,1
Moby Dick,1719,366,Tristan Leung,1692,215,BB,151,B1,2,4,0,0,3.40%,-3.40%,0,0,0,979,85,8,KRB,YUM,BB,FO,BB,1
Arthur Vandelay,518,69,Tristan Leung,1692,300,K,231,B1,2,7,0,0,-9.49%,9.49%,0,0,0,979,85,8,KRB,YUM,K,K,FO,1
Duke McCracken,417,69,Tabasco Greensauce,1818,900,FO,169,T2,0,0,0,0,-2.86%,2.86%,0,0,0,980,85,8,YUM,KRB,FO,FO,BB,1
Skinny Bear Brown Hill,752,381,Tabasco Greensauce,1818,611,FO,230,T2,1,0,0,0,-2.90%,2.90%,0,0,0,980,85,8,YUM,KRB,FO,FO,FO,1
Paxton Paige,1952,710,Tabasco Greensauce,1818,149,PO,439,T2,2,0,0,0,-1.53%,1.53%,0,0,0,980,85,8,YUM,KRB,PO,PO,RGO,1
Ping Pong,530,201,Tristan Leung,1692,433,K,232,B2,0,0,0,0,-2.75%,2.75%,0,0,0,981,85,8,KRB,YUM,K,K,FO,1
Heechul Kim,671,211,Tristan Leung,1692,139,1B,72,B2,1,0,0,0,3.67%,-3.67%,0,0,0,981,85,8,KRB,YUM,1B,1B,1B,1
Joey Wheeler,662,69,Tristan Leung,1692,520,DP,451,B2,1,1,0,0,-8.23%,8.23%,0,0,0,981,85,8,KRB,YUM,LGO,LGO,DP,1
Spike McBride,423,,Tabasco Greensauce,1818,,Auto K,,T3,0,0,0,0,-3.25%,3.25%,0,0,0,982,85,8,YUM,KRB,Auto K,Auto K,Auto K,9
Blandon Brade,50,299,Tabasco Greensauce,1818,670,K,371,T3,1,0,0,0,-3.05%,3.05%,0,0,0,982,85,8,YUM,KRB,K,K,K,1
Derek Tombides,580,909,Tabasco Greensauce,1818,609,K,300,T3,2,0,0,0,-2.06%,2.06%,0,0,0,982,85,8,YUM,KRB,K,K,K,1
Pierre Bryant,1771,420,Tristan Leung,1692,740,K,320,B3,0,0,0,0,-3.32%,3.32%,0,0,0,983,85,8,KRB,YUM,K,K,K,1
Brian Zucchini,33,18,Tristan Leung,1692,233,FO,215,B3,1,0,0,0,-2.80%,2.80%,0,0,0,983,85,8,KRB,YUM,FO,FO,FO,1
Tabasco Greensauce,1818,540,Tristan Leung,1692,688,BB,148,B3,2,0,0,0,2.06%,-2.06%,0,0,0,983,85,8,KRB,YUM,BB,BB,BB,1
King Kruul,2229,833,Tristan Leung,1692,777,1B,56,B3,2,1,0,0,3.43%,-3.43%,0,0,0,983,85,8,KRB,YUM,1B,1B,2B,1
Moby Dick,1719,812,Tristan Leung,1692,500,K,312,B3,2,5,0,0,-7.81%,7.81%,0,0,0,983,85,8,KRB,YUM,K,K,K,1
Willow Briansdottir,48,108,Tabasco Greensauce,1818,862,FO,246,T4,0,0,0,0,-3.87%,3.87%,0,0,0,984,85,8,YUM,KRB,FO,FO,FO,1
Tristan Leung,1692,244,Tabasco Greensauce,1818,109,1B,135,T4,1,0,0,0,4.77%,-4.77%,0,0,0,984,85,8,YUM,KRB,1B,1B,1B,1
ModeratoSevere PlaquePsoriasis,2240,817,Tabasco Greensauce,1818,700,BB,117,T4,1,1,0,0,6.13%,-6.13%,0,0,0,984,85,8,YUM,KRB,BB,BB,1B,1
Duke McCracken,417,69,Tabasco Greensauce,1818,590,DP,479,T4,1,4,0,0,-17.11%,17.11%,0,0,0,984,85,8,YUM,KRB,LGO,LGO,DP,1
Arthur Vandelay,518,851,Tristan Leung,1692,450,K,401,B4,0,0,0,0,-3.93%,3.93%,0,0,0,985,85,8,KRB,YUM,K,K,RGO,1
Ping Pong,530,999,Tristan Leung,1692,680,RGO,319,B4,1,0,0,0,-3.43%,3.43%,0,0,0,985,85,8,KRB,YUM,RGO,RGO,K,1
Heechul Kim,671,610,Tristan Leung,1692,144,LGO,466,B4,2,0,0,0,-2.71%,2.71%,0,0,0,985,85,8,KRB,YUM,LGO,LGO,LGO,1
Skinny Bear Brown Hill,752,490,Tabasco Greensauce,1818,106,PO,384,T5,0,0,0,0,-4.71%,4.71%,0,0,0,986,85,8,YUM,KRB,PO,PO,PO,1
Paxton Paige,1952,333,Tabasco Greensauce,1818,352,3B,19,T5,1,0,0,0,18.71%,-18.71%,0,1,1,986,85,8,YUM,KRB,3B,3B,HR,1
Superbone Threefinger,413,201,Tabasco Greensauce,1818,288,1B,87,T5,1,3,0,0,7.92%,-7.92%,1,1,1,986,85,8,YUM,KRB,1B,1B,1B,1
Zelk Antilles,490,733,Tabasco Greensauce,1818,799,1B,66,T5,1,1,0,1,4.51%,-4.51%,0,0,0,986,85,8,YUM,KRB,1B,1B,1B,1
Derek Tombides,580,849,Tabasco Greensauce,1818,202,PO,353,T5,1,4,0,1,-5.79%,5.79%,0,0,0,986,85,8,YUM,KRB,PO,PO,K,1
Willow Briansdottir,48,553,Tabasco Greensauce,1818,500,1B,53,T5,2,4,0,1,12.47%,-12.47%,1,0,0,986,85,8,YUM,KRB,1B,1B,2B,1
Tristan Leung,1692,1000,Homer Nocker,606,419,LGO,419,T5,2,5,0,2,-4.33%,4.33%,0,0,0,986,85,8,YUM,KRB,LGO,LGO,RGO,1
Joey Wheeler,662,888,Tristan Leung,1692,233,RGO,345,B5,0,0,0,2,-4.94%,4.94%,0,0,0,987,85,8,KRB,YUM,RGO,RGO,K,1
Pierre Bryant,1771,402,Tristan Leung,1692,577,FO,175,B5,1,0,0,2,-4.42%,4.42%,0,0,0,987,85,8,KRB,YUM,FO,FO,BB,1
Brian Zucchini,33,197,Tristan Leung,1692,130,1B,67,B5,2,0,0,2,3.71%,-3.71%,0,0,0,987,85,8,KRB,YUM,1B,1B,1B,1
Homer Nocker,606,421,Tristan Leung,1692,233,FO,188,B5,2,1,0,2,-5.92%,5.92%,0,0,0,987,85,8,KRB,YUM,FO,FO,FO,1
ModeratoSevere PlaquePsoriasis,2240,690,Homer Nocker,606,680,HR,10,T6,0,0,0,2,5.03%,-5.03%,1,1,1,988,85,8,YUM,KRB,HR,HR,HR,1
Duke McCracken,417,666,Homer Nocker,606,499,FO,167,T6,0,0,0,3,-0.44%,0.44%,0,0,0,988,85,8,YUM,KRB,FO,FO,BB,1
Skinny Bear Brown Hill,752,899,Homer Nocker,606,889,HR,10,T6,1,0,0,3,2.63%,-2.63%,1,1,1,988,85,8,YUM,KRB,HR,HR,HR,1
Paxton Paige,1952,661,Homer Nocker,606,9,RGO,348,T6,1,0,0,4,-0.06%,0.06%,0,0,0,988,85,8,YUM,KRB,RGO,RGO,K,1
Superbone Threefinger,413,420,Arthur Vandelay,518,9,RGO,411,T6,2,0,0,4,-0.31%,0.31%,0,0,0,988,85,8,YUM,KRB,RGO,RGO,RGO,1
King Kruul,2229,77,Tristan Leung,1692,866,K,211,B6,0,0,0,4,-1.60%,1.60%,0,0,0,989,85,8,KRB,YUM,K,K,FO,1
Moby Dick,1719,777,Tristan Leung,1692,420,K,357,B6,1,0,0,4,-0.88%,0.88%,0,0,0,989,85,8,KRB,YUM,K,K,K,1
Arthur Vandelay,518,164,Tristan Leung,1692,10,BB,154,B6,2,0,0,4,0.55%,-0.55%,0,0,0,989,85,8,KRB,YUM,BB,FO,BB,1
Ping Pong,530,500,Tristan Leung,1692,810,PO,310,B6,2,1,0,4,-0.84%,0.84%,0,0,0,989,85,8,KRB,YUM,PO,PO,K,1
Zack Mouse,1721,666,Doc Dockgoose,1801,237,PO,429,T1,0,0,0,0,-2.52%,2.52%,0,0,0,990,86,8,GBC,CHI,PO,PO,RGO,1
Whitt Bass,39,419,Doc Dockgoose,1801,573,BB,154,T1,1,0,0,0,3.21%,-3.21%,0,1,1,990,86,8,GBC,CHI,BB,BB,BB,1
Demetrios Ooga,180,888,Doc Dockgoose,1801,237,K,349,T1,1,1,0,0,-3.96%,3.96%,0,0,0,990,86,8,GBC,CHI,K,K,K,1
Dirtbag Darrell,262,833,Doc Dockgoose,1801,929,BB,96,T1,2,1,0,0,3.01%,-3.01%,0,0,0,990,86,8,GBC,CHI,BB,BB,1B,1
Mattress Cadaire,116,250,Doc Dockgoose,1801,337,1B,87,T1,2,4,0,0,10.45%,-10.45%,1,0,0,990,86,8,GBC,CHI,1B,1B,1B,1
Rotticus Scott,562,224,Doc Dockgoose,1801,665,RGO,441,T1,2,5,0,1,-5.72%,5.72%,0,0,0,990,86,8,GBC,CHI,RGO,RGO,RGO,1
Johnny Hustle,513,420,Demetrios Ooga,180,450,3B,30,B1,0,0,0,1,13.75%,-13.75%,0,1,1,991,86,8,CHI,GBC,3B,HR,2B,1
Nikki Falke,155,917,Demetrios Ooga,180,220,RGO,303,B1,0,3,0,1,-5.23%,5.23%,1,0,0,991,86,8,CHI,GBC,RGO,RGO,K,1
Stella Adams,397,724,Demetrios Ooga,180,734,HR,10,B1,1,0,1,1,11.04%,-11.04%,1,1,1,991,86,8,CHI,GBC,HR,HR,HR,1
Miroslav,71,1,Demetrios Ooga,180,1,HR,0,B1,1,0,2,1,9.73%,-9.73%,1,1,1,991,86,8,CHI,GBC,HR,HR,HR,1
Katia Wölfe,54,512,Demetrios Ooga,180,617,1B,105,B1,1,0,3,1,2.64%,-2.64%,0,0,0,991,86,8,CHI,GBC,1B,1B,1B,1
Erin Pickles,68,102,Demetrios Ooga,180,881,FO,221,B1,1,1,3,1,-2.80%,2.80%,0,0,0,991,86,8,CHI,GBC,FO,FO,FO,1
Dinglebop McKringleberry,1715,222,Demetrios Ooga,180,512,RGO,290,B1,2,1,3,1,-2.35%,2.35%,0,0,0,991,86,8,CHI,GBC,RGO,RGO,K,1
Bench Warmer,665,981,Doc Dockgoose,1801,816,FO,165,T2,0,0,3,1,-2.56%,2.56%,0,0,0,992,86,8,GBC,CHI,FO,FO,BB,1
BEST Nova,191,69,Doc Dockgoose,1801,244,FO,175,T2,1,0,3,1,-2.26%,2.26%,0,0,0,992,86,8,GBC,CHI,FO,FO,BB,1
Beeg Yoshi,1718,689,Doc Dockgoose,1801,703,HR,14,T2,2,0,3,1,9.30%,-9.30%,1,1,1,992,86,8,GBC,CHI,HR,HR,HR,1
Zack Mouse,1721,12,Doc Dockgoose,1801,414,K,402,T2,2,0,3,2,-1.44%,1.44%,0,0,0,992,86,8,GBC,CHI,K,K,RGO,1
Declan Decanter,1962,716,Demetrios Ooga,180,169,LGO,453,B2,0,0,3,2,-2.16%,2.16%,0,0,0,993,86,8,CHI,GBC,LGO,LGO,LGO,1
Charles Magnus,220,666,Demetrios Ooga,180,916,K,250,B2,1,0,3,2,-2.21%,2.21%,0,0,0,993,86,8,CHI,GBC,K,K,FO,1
Johnny Hustle,513,101,Demetrios Ooga,180,166,2B,65,B2,2,0,3,2,3.11%,-3.11%,0,0,0,993,86,8,CHI,GBC,2B,2B,1B,1
Nikola Tefla,719,437,Demetrios Ooga,180,166,PO,271,B2,2,2,3,2,-4.50%,4.50%,0,0,0,993,86,8,CHI,GBC,PO,PO,FO,1
Whitt Bass,39,878,Blackbean Burrito,516,96,FO,218,T3,0,0,3,2,-3.61%,3.61%,0,0,0,994,86,8,GBC,CHI,FO,FO,FO,1
Demetrios Ooga,180,840,Blackbean Burrito,516,827,HR,13,T3,1,0,3,2,13.90%,-13.90%,1,1,1,994,86,8,GBC,CHI,HR,HR,HR,1
Dirtbag Darrell,262,555,Blackbean Burrito,516,710,BB,155,T3,1,0,3,3,3.77%,-3.77%,0,0,0,994,86,8,GBC,CHI,BB,BB,BB,1
Dirtbag Darrell,262,250,Blackbean Burrito,516,710,CS,460,T3,1,1,3,3,-6.82%,6.82%,0,0,0,994,86,8,GBC,CHI,CS 2B,CS 2B,CS,4
Mattress Cadaire,116,532,Blackbean Burrito,516,710,BB,178,T3,2,0,3,3,2.50%,-2.50%,0,1,1,994,86,8,GBC,CHI,BB,FO,FO,1
Rotticus Scott,562,710,Blackbean Burrito,516,710,HR,0,T3,2,1,3,3,24.62%,-24.62%,2,1,1,994,86,8,GBC,CHI,HR,HR,HR,1
Bench Warmer,665,710,Blackbean Burrito,516,4,K,294,T3,2,0,3,5,-1.37%,1.37%,0,0,0,994,86,8,GBC,CHI,K,K,K,1
Stella Adams,397,205,Demetrios Ooga,180,710,LGO,495,B3,0,0,3,5,-3.78%,3.78%,0,0,0,995,86,8,CHI,GBC,LGO,LGO,LGO,1
Miroslav,71,569,Demetrios Ooga,180,501,2B,68,B3,1,0,3,5,5.90%,-5.90%,0,0,0,995,86,8,CHI,GBC,2B,2B,1B,1
Katia Wölfe,54,531,Demetrios Ooga,180,210,RGO,321,B3,1,2,3,5,-5.37%,5.37%,0,0,0,995,86,8,CHI,GBC,RGO,RGO,K,1
Erin Pickles,68,347,Demetrios Ooga,180,900,LGO,447,B3,2,3,3,5,-5.64%,5.64%,0,0,0,995,86,8,CHI,GBC,LGO,LGO,RGO,1
BEST Nova,191,420,Blackbean Burrito,516,460,2B,40,T4,0,0,3,5,5.00%,-5.00%,0,1,1,996,86,8,GBC,CHI,2B,3B,2B,1
Beeg Yoshi,1718,216,Blackbean Burrito,516,885,RGO,331,T4,0,2,3,5,-0.84%,0.84%,0,0,0,996,86,8,GBC,CHI,RGO,RGO,K,1
Zack Mouse,1721,885,Blackbean Burrito,516,8,1B,123,T4,1,3,3,5,4.67%,-4.67%,1,0,0,996,86,8,GBC,CHI,1B,1B,1B,1
Whitt Bass,39,710,Blackbean Burrito,516,558,BB,152,T4,1,1,3,6,1.43%,-1.43%,0,0,0,996,86,8,GBC,CHI,BB,BB,BB,1
Demetrios Ooga,180,428,Blackbean Burrito,516,304,1B,124,T4,1,4,3,6,3.59%,-3.59%,0,0,0,996,86,8,GBC,CHI,1B,1B,1B,1
Dirtbag Darrell,262,733,Blackbean Burrito,516,69,DP,336,T4,1,7,3,6,-8.84%,8.84%,0,0,0,996,86,8,GBC,CHI,RGO,RGO,K,1
Dinglebop McKringleberry,1715,4,Demetrios Ooga,180,569,LGO,435,B4,0,0,3,6,-3.22%,3.22%,0,0,0,997,86,8,CHI,GBC,LGO,LGO,RGO,1
Declan Decanter,1962,259,Demetrios Ooga,180,888,RGO,371,B4,1,0,3,6,-2.60%,2.60%,0,0,0,997,86,8,CHI,GBC,RGO,RGO,K,1
Charles Magnus,220,666,Demetrios Ooga,180,416,K,250,B4,2,0,3,6,-1.66%,1.66%,0,0,0,997,86,8,CHI,GBC,K,K,FO,1
Mattress Cadaire,116,600,Miroslav,71,959,PO,359,T5,0,0,3,6,-0.82%,0.82%,0,0,0,998,86,8,GBC,CHI,PO,PO,K,1
Rotticus Scott,562,344,Miroslav,71,459,1B,115,T5,1,0,3,6,0.85%,-0.85%,0,0,0,998,86,8,GBC,CHI,1B,1B,1B,1
Rotticus Scott,562,459,Miroslav,71,950,CS,491,T5,1,1,3,6,-1.81%,1.81%,0,0,0,998,86,8,GBC,CHI,CS 2B,CS 2B,CS,4
Bench Warmer,665,112,Miroslav,71,202,BB,90,T5,2,0,3,6,0.58%,-0.58%,0,0,0,998,86,8,GBC,CHI,BB,BB,1B,1
BEST Nova,191,666,Miroslav,71,369,K,297,T5,2,1,3,6,-1.56%,1.56%,0,0,0,998,86,8,GBC,CHI,K,K,K,1
Michael Ikenberry,63,345,Demetrios Ooga,180,569,FO,224,B5,0,0,3,6,-3.50%,3.50%,0,0,0,999,86,8,CHI,GBC,FO,FO,FO,1
Nikola Tefla,719,669,Demetrios Ooga,180,569,1B,100,B5,1,0,3,6,4.53%,-4.53%,0,0,0,999,86,8,CHI,GBC,1B,1B,1B,1
Stella Adams,397,376,Demetrios Ooga,180,819,DP,443,B5,1,1,3,6,-8.41%,8.41%,0,0,0,999,86,8,CHI,GBC,LGO,LGO,DP,1
Beeg Yoshi,1718,101,Miroslav,71,6,1B,95,T6,0,0,3,6,0.58%,-0.58%,0,0,0,1000,86,8,GBC,CHI,1B,1B,1B,1
Zack Mouse,1721,666,Miroslav,71,242,DP,424,T6,0,1,3,6,-1.46%,1.46%,0,0,0,1000,86,8,GBC,CHI,RGO,RGO,DP,1
Whitt Bass,39,340,Miroslav,71,499,FO,159,T6,2,0,3,6,-0.48%,0.48%,0,0,0,1000,86,8,GBC,CHI,FO,FO,BB,1
Miroslav,71,801,Demetrios Ooga,180,813,HR,12,B6,0,0,3,6,6.57%,-6.57%,1,1,1,1001,86,8,CHI,GBC,HR,HR,HR,1
Katia Wölfe,54,479,Demetrios Ooga,180,250,K,229,B6,0,0,4,6,-5.69%,5.69%,0,0,0,1001,86,8,CHI,GBC,K,K,FO,1
Erin Pickles,68,599,Demetrios Ooga,180,1000,RGO,401,B6,1,0,4,6,-4.52%,4.52%,0,0,0,1001,86,8,CHI,GBC,RGO,RGO,RGO,1
Dinglebop McKringleberry,1715,323,Demetrios Ooga,180,847,LGO,476,B6,2,0,4,6,-2.31%,2.31%,0,0,0,1001,86,8,CHI,GBC,LGO,LGO,LGO,1
Jabreakit Jubawit,1964,333,Dogwood Maple,2220,301,3B,32,T1,0,0,0,0,11.37%,-11.37%,0,1,1,1002,87,8,WSH,TSA,3B,3B,2B,1
Billy McBeans,681,13,Dogwood Maple,2220,503,LGO,490,T1,0,3,0,0,-3.36%,3.36%,1,0,0,1002,87,8,WSH,TSA,LGO,LGO,LGO,1
KC Bats,287,69,Dogwood Maple,2220,271,FO,202,T1,1,0,0,1,-1.89%,1.89%,0,0,0,1002,87,8,WSH,TSA,FO,FO,FO,1
Miguel Snow,290,899,Dogwood Maple,2220,471,LGO,428,T1,2,0,0,1,-1.65%,1.65%,0,0,0,1002,87,8,WSH,TSA,LGO,LGO,RGO,1
Nicholas Fouss,1776,16,Oliver Yu,286,50,3B,34,B1,0,0,0,1,13.75%,-13.75%,0,1,1,1003,87,8,TSA,WSH,3B,3B,2B,1
Rob Patterson,140,2,Oliver Yu,286,444,LGO,442,B1,0,3,0,1,-5.23%,5.23%,1,0,0,1003,87,8,TSA,WSH,LGO,LGO,RGO,1
Wonder Francoh,2242,588,Oliver Yu,286,433,FO,155,B1,1,0,1,1,-2.27%,2.27%,0,0,0,1003,87,8,TSA,WSH,FO,FO,BB,1
Fernando Cruz,176,78,Oliver Yu,286,21,2B,57,B1,2,0,1,1,2.70%,-2.70%,0,0,0,1003,87,8,TSA,WSH,2B,2B,2B,1
Ethan Franklin,128,473,Oliver Yu,286,99,RGO,374,B1,2,2,1,1,-4.49%,4.49%,0,0,0,1003,87,8,TSA,WSH,RGO,RGO,K,1
Cagney O’verpaid,1743,511,Dogwood Maple,2220,700,BB,189,T2,0,0,1,1,4.19%,-4.19%,0,0,0,1004,87,8,WSH,TSA,BB,BB,FO,1
Yahtzee Pinocchio,815,325,Dogwood Maple,2220,881,DP,444,T2,0,1,1,1,-9.95%,9.95%,0,0,0,1004,87,8,WSH,TSA,LGO,LGO,DP,1
Joel Embiid,285,795,Dogwood Maple,2220,272,LGO,477,T2,2,0,1,1,-1.53%,1.53%,0,0,0,1004,87,8,WSH,TSA,LGO,LGO,LGO,1
"Adrian ""Pudge"" Young",1772,291,Oliver Yu,286,541,PO,250,B2,0,0,1,1,-2.75%,2.75%,0,0,0,1005,87,8,TSA,WSH,PO,PO,FO,1
Lloyd Gross,135,333,Oliver Yu,286,255,2B,78,B2,1,0,1,1,4.93%,-4.93%,0,1,1,1005,87,8,TSA,WSH,2B,2B,1B,1
Dogwood Maple,2220,1,Oliver Yu,286,481,LGO,480,B2,1,2,1,1,-4.24%,4.24%,0,0,0,1005,87,8,TSA,WSH,LGO,LGO,LGO,1
Carlos,132,22,Oliver Yu,286,201,BB,179,B2,2,2,1,1,1.58%,-1.58%,0,1,1,1005,87,8,TSA,WSH,BB,BB,FO,1
Nicholas Fouss,1776,689,Oliver Yu,286,624,2B,65,B2,2,4,1,1,21.35%,-21.35%,2,0,0,1005,87,8,TSA,WSH,2B,2B,1B,1
Rob Patterson,140,666,Oliver Yu,286,303,PO,363,B2,2,2,3,1,-3.42%,3.42%,0,0,0,1005,87,8,TSA,WSH,PO,RGO,K,1
Mitch Kramer,669,13,Dogwood Maple,2220,102,1B,89,T3,0,0,3,1,4.53%,-4.53%,0,0,0,1006,87,8,WSH,TSA,1B,1B,1B,1
Phil Coulson,226,291,Dogwood Maple,2220,501,FO,210,T3,0,1,3,1,-3.49%,3.49%,0,0,0,1006,87,8,WSH,TSA,FO,FO,FO,1
Jabreakit Jubawit,1964,666,Dogwood Maple,2220,371,K,295,T3,1,1,3,1,-4.81%,4.81%,0,0,0,1006,87,8,WSH,TSA,K,K,K,1
Billy McBeans,681,991,Dogwood Maple,2220,109,BB,118,T3,2,1,3,1,2.75%,-2.75%,0,0,0,1006,87,8,WSH,TSA,BB,BB,1B,1
KC Bats,287,69,Dogwood Maple,2220,801,K,268,T3,2,4,3,1,-6.63%,6.63%,0,0,0,1006,87,8,WSH,TSA,K,K,FO,1
Wonder Francoh,2242,983,Oliver Yu,286,738,K,245,B3,0,0,3,1,-1.38%,1.38%,0,0,0,1007,87,8,TSA,WSH,K,K,FO,1
Fernando Cruz,176,555,Oliver Yu,286,599,2B,44,B3,1,0,3,1,2.69%,-2.69%,0,0,0,1007,87,8,TSA,WSH,2B,2B,2B,1
Ethan Franklin,128,999,Oliver Yu,286,101,1B,102,B3,1,2,3,1,6.01%,-6.01%,0,0,0,1007,87,8,TSA,WSH,1B,1B,1B,1
"Adrian ""Pudge"" Young",1772,329,Oliver Yu,286,1,DP,328,B3,1,5,3,1,-11.37%,11.37%,0,0,0,1007,87,8,TSA,WSH,RGO,RGO,K,1
Miguel Snow,290,5,Dogwood Maple,2220,701,RGO,304,T4,0,0,3,1,-3.51%,3.51%,0,0,0,1008,87,8,WSH,TSA,RGO,RGO,K,1
Cagney O’verpaid,1743,25,Dogwood Maple,2220,500,LGO,475,T4,1,0,3,1,-2.87%,2.87%,0,0,0,1008,87,8,WSH,TSA,LGO,LGO,LGO,1
Yahtzee Pinocchio,815,,Dogwood Maple,2220,,Auto K,,T4,2,0,3,1,-2.22%,2.22%,0,0,0,1008,87,8,WSH,TSA,Auto K,Auto K,Auto K,9
Lloyd Gross,135,234,Oliver Yu,286,1,FO,233,B4,0,0,3,1,-1.66%,1.66%,0,0,0,1009,87,8,TSA,WSH,FO,FO,FO,1
Dogwood Maple,2220,500,Oliver Yu,286,633,BB,133,B4,1,0,3,1,1.35%,-1.35%,0,1,1,1009,87,8,TSA,WSH,BB,BB,1B,1
Carlos,132,22,Oliver Yu,286,333,K,311,B4,1,1,3,1,-1.65%,1.65%,0,0,0,1009,87,8,TSA,WSH,K,K,K,1
Nicholas Fouss,1776,802,Oliver Yu,286,811,HR,9,B4,2,1,3,1,10.07%,-10.07%,2,1,1,1009,87,8,TSA,WSH,HR,HR,HR,1
Rob Patterson,140,251,Oliver Yu,286,488,FO,237,B4,2,0,5,1,0.17%,-0.17%,0,0,0,1009,87,8,TSA,WSH,FO,FO,FO,1
Joel Embiid,285,142,Dogwood Maple,2220,788,PO,354,T5,0,0,5,1,-1.30%,1.30%,0,0,0,1010,87,8,WSH,TSA,PO,PO,K,1
Mitch Kramer,669,338,Dogwood Maple,2220,623,FO,285,T5,1,0,5,1,-1.32%,1.32%,0,0,0,1010,87,8,WSH,TSA,FO,FO,K,1
Phil Coulson,226,247,Dogwood Maple,2220,519,FO,272,T5,2,0,5,1,-0.53%,0.53%,0,0,0,1010,87,8,WSH,TSA,FO,FO,FO,1
Wonder Francoh,2242,926,Mitch Kramer,669,251,K,325,B5,0,0,5,1,-0.06%,0.06%,0,0,0,1011,87,8,TSA,WSH,K,PO,K,1
Fernando Cruz,176,907,Mitch Kramer,669,521,PO,386,B5,1,0,5,1,-0.32%,0.32%,0,0,0,1011,87,8,TSA,WSH,PO,PO,PO,1
Ethan Franklin,128,999,Mitch Kramer,669,152,BB,153,B5,2,0,5,1,0.01%,-0.01%,0,0,0,1011,87,8,TSA,WSH,BB,BB,BB,1
"Adrian ""Pudge"" Young",1772,491,Mitch Kramer,669,970,LGO,479,B5,2,1,5,1,-0.19%,0.19%,0,0,0,1011,87,8,TSA,WSH,LGO,LGO,LGO,1
Jabreakit Jubawit,1964,999,Dogwood Maple,2220,821,FO,178,T6,0,0,5,1,-1.31%,1.31%,0,0,0,1012,87,8,WSH,TSA,FO,FO,FO,1
Billy McBeans,681,,Dogwood Maple,2220,,Auto K,,T6,1,0,5,1,-0.57%,0.57%,0,0,0,1012,87,8,WSH,TSA,Auto K,Auto K,Auto K,9
KC Bats,287,69,Dogwood Maple,2220,212,BB,143,T6,2,0,5,1,0.38%,-0.38%,0,0,0,1012,87,8,WSH,TSA,BB,BB,BB,1
Miguel Snow,290,414,Dogwood Maple,2220,792,RGO,378,T6,2,1,5,1,-0.63%,0.63%,0,0,0,1012,87,8,WSH,TSA,RGO,LGO,PO,1
J.J. Guemes,207,12,Ray Dingerz,510,714,FO,298,T1,0,0,0,0,-2.52%,2.52%,0,0,0,1013,88,8,WWC,SPR,FO,K,K,1
Guido Ligiorno,1830,911,Ray Dingerz,510,12,1B,101,T1,1,0,0,0,3.21%,-3.21%,0,0,1,1013,88,8,WWC,SPR,1B,1B,1B,1
Guido Ligiorno,1830,300,Ray Dingerz,510,512,SB,212,T1,1,1,0,0,1.27%,-1.27%,0,1,0,1013,88,8,WWC,SPR,Steal 2B,Steal 2B,SB,4
Ferret McGivins,1706,347,Ray Dingerz,510,420,2B,73,T1,1,2,0,0,10.52%,-10.52%,1,1,1,1013,88,8,WWC,SPR,2B,2B,1B,1
Eli Sasak,607,192,Ray Dingerz,510,774,PO,418,T1,1,2,0,1,-3.50%,3.50%,0,0,0,1013,88,8,WWC,SPR,PO,RGO,RGO,1
Paddy O'Connor,549,982,Ray Dingerz,510,899,1B,83,T1,2,2,0,1,8.96%,-8.96%,1,1,1,1013,88,8,WWC,SPR,1B,1B,1B,1
Johnny Hendrix,600,69,Ray Dingerz,510,216,BB,147,T1,2,1,0,2,2.06%,-2.06%,0,1,1,1013,88,8,WWC,SPR,BB,FO,BB,1
Henryk Szydlowski,1720,100,Ray Dingerz,510,216,BB,116,T1,2,4,0,2,1.80%,-1.80%,0,0,0,1013,88,8,WWC,SPR,BB,BB,1B,1
Skippy Schumaker,1843,643,Ray Dingerz,510,532,1B,111,T1,2,7,0,2,12.30%,-12.30%,2,0,0,1013,88,8,WWC,SPR,1B,1B,1B,1
Jeremy Nakamoto,1787,222,Ray Dingerz,510,1,FO,221,T1,2,5,0,4,-2.59%,2.59%,0,0,0,1013,88,8,WWC,SPR,FO,FO,FO,1
Zum Saparilla,160,308,Ed Turner,373,376,1B,68,B1,0,0,0,4,3.75%,-3.75%,0,1,1,1014,88,8,SPR,WWC,1B,1B,1B,1
Oliver Skipp,260,582,Ed Turner,373,743,BB,161,B1,0,1,0,4,3.24%,-3.24%,0,0,0,1014,88,8,SPR,WWC,BB,BB,BB,1
Dirk Leschnewski,1781,234,Ed Turner,373,87,BB,147,B1,0,4,0,4,10.16%,-10.16%,0,0,0,1014,88,8,SPR,WWC,BB,FO,BB,1
Layzer Gunn,259,224,Ed Turner,373,421,Sac,197,B1,0,7,0,4,-3.87%,3.87%,1,0,0,1014,88,8,SPR,WWC,FO,FO,Sac,1
Saitoo Syde,814,808,Ed Turner,373,380,DP,428,B1,1,4,1,4,-12.39%,12.39%,0,0,0,1014,88,8,SPR,WWC,RGO,RGO,DP,1
J.J. Guemes,207,333,Ray Dingerz,510,762,LGO,429,T2,0,0,1,4,-1.47%,1.47%,0,0,0,1015,88,8,WWC,SPR,LGO,LGO,RGO,1
Guido Ligiorno,1830,672,Ray Dingerz,510,269,PO,403,T2,1,0,1,4,-1.33%,1.33%,0,0,0,1015,88,8,WWC,SPR,PO,PO,RGO,1
Ferret McGivins,1706,509,Ray Dingerz,510,482,HR,27,T2,2,0,1,4,7.35%,-7.35%,1,1,1,1015,88,8,WWC,SPR,HR,3B,3B,1
Eli Sasak,607,69,Ray Dingerz,510,710,K,359,T2,2,0,1,5,-1.20%,1.20%,0,0,0,1015,88,8,WWC,SPR,K,PO,K,1
Tommy Tightpants,1778,825,Ed Turner,373,773,2B,52,B2,0,0,1,5,4.55%,-4.55%,0,1,1,1016,88,8,SPR,WWC,2B,2B,2B,1
Lemon Ade,193,773,Ed Turner,373,465,FO,308,B2,0,2,1,5,-3.00%,3.00%,0,0,0,1016,88,8,SPR,WWC,FO,FO,K,1
Ivan Yakenov,2270,105,Ed Turner,373,88,HR,17,B2,1,2,1,5,12.32%,-12.32%,2,0,0,1016,88,8,SPR,WWC,HR,HR,HR,1
Tanner Hendrix,375,,Ed Turner,373,,Auto BB,,B2,1,0,3,5,3.80%,-3.80%,0,0,0,1016,88,8,SPR,WWC,Auto BB,Auto BB,Auto BB,10
Zum Saparilla,160,617,Ed Turner,373,853,FO,236,B2,1,1,3,5,-4.45%,4.45%,0,0,0,1016,88,8,SPR,WWC,FO,FO,FO,1
Oliver Skipp,260,651,Ed Turner,373,132,LGO,481,B2,2,1,3,5,-3.82%,3.82%,0,0,0,1016,88,8,SPR,WWC,LGO,LGO,LGO,1
Paddy O'Connor,549,230,Ray Dingerz,510,146,1B,84,T3,0,0,3,5,2.17%,-2.17%,0,0,0,1017,88,8,WWC,SPR,1B,1B,1B,1
Johnny Hendrix,600,862,Ray Dingerz,510,11,BB,149,T3,0,1,3,5,5.10%,-5.10%,0,0,0,1017,88,8,WWC,SPR,BB,FO,BB,1
Henryk Szydlowski,1720,500,Ray Dingerz,510,695,FO,195,T3,0,4,3,5,-3.54%,3.54%,0,0,0,1017,88,8,WWC,SPR,FO,FO,FO,1
Skippy Schumaker,1843,49,Ray Dingerz,510,627,DP,422,T3,1,4,3,5,-8.82%,8.82%,0,0,0,1017,88,8,WWC,SPR,RGO,RGO,DP,1
Dirk Leschnewski,1781,270,Ed Turner,373,96,FO,174,B3,0,0,3,5,-3.78%,3.78%,0,0,0,1018,88,8,SPR,WWC,FO,FO,BB,1
Layzer Gunn,259,412,Ed Turner,373,320,1B,92,B3,1,0,3,5,4.86%,-4.86%,0,0,0,1018,88,8,SPR,WWC,1B,1B,1B,1
Saitoo Syde,814,392,Ed Turner,373,115,K,277,B3,1,1,3,5,-5.89%,5.89%,0,0,0,1018,88,8,SPR,WWC,K,K,FO,1
Tommy Tightpants,1778,666,Ed Turner,373,918,FO,252,B3,2,1,3,5,-4.08%,4.08%,0,0,0,1018,88,8,SPR,WWC,FO,FO,FO,1
Jeremy Nakamoto,1787,24,Ray Dingerz,510,444,RGO,420,T4,0,0,3,5,-1.72%,1.72%,0,0,0,1019,88,8,WWC,SPR,RGO,RGO,RGO,1
J.J. Guemes,207,920,Ray Dingerz,510,69,BB,149,T4,1,0,3,5,2.21%,-2.21%,0,0,0,1019,88,8,WWC,SPR,BB,BB,BB,1
Guido Ligiorno,1830,638,Ray Dingerz,510,262,K,376,T4,1,1,3,5,-2.88%,2.88%,0,0,0,1019,88,8,WWC,SPR,K,PO,K,1
Ferret McGivins,1706,436,Ray Dingerz,510,756,PO,320,T4,2,1,3,5,-2.68%,2.68%,0,0,0,1019,88,8,WWC,SPR,PO,PO,K,1
Lemon Ade,193,850,Ed Turner,373,249,PO,399,B4,0,0,3,5,-4.11%,4.11%,0,0,0,1020,88,8,SPR,WWC,PO,PO,PO,1
Ivan Yakenov,2270,901,Ed Turner,373,433,LGO,468,B4,1,0,3,5,-4.06%,4.06%,0,0,0,1020,88,8,SPR,WWC,LGO,LGO,LGO,1
Tanner Hendrix,375,665,Ed Turner,373,458,FO,207,B4,2,0,3,5,-1.88%,1.88%,0,0,0,1020,88,8,SPR,WWC,FO,FO,FO,1
Eli Sasak,607,999,Ray Dingerz,510,914,1B,85,T5,0,0,3,5,2.37%,-2.37%,0,0,0,1021,88,8,WWC,SPR,1B,1B,1B,1
Paddy O'Connor,549,914,Ray Dingerz,510,527,PO,387,T5,0,1,3,5,-2.15%,2.15%,0,0,0,1021,88,8,WWC,SPR,PO,RGO,PO,1
Johnny Hendrix,600,804,Ray Dingerz,510,420,DP,384,T5,1,1,3,5,-4.69%,4.69%,0,0,0,1021,88,8,WWC,SPR,RGO,RGO,PO,1
Zum Saparilla,160,448,Ed Turner,373,754,K,306,B5,0,0,3,5,-4.94%,4.94%,0,0,0,1022,88,8,SPR,WWC,K,K,K,1
Oliver Skipp,260,793,Ed Turner,373,17,FO,224,B5,1,0,3,5,-4.42%,4.42%,0,0,0,1022,88,8,SPR,WWC,FO,FO,FO,1
Dirk Leschnewski,1781,619,Ed Turner,373,499,BB,120,B5,2,0,3,5,3.71%,-3.71%,0,1,1,1022,88,8,SPR,WWC,BB,BB,1B,1
Layzer Gunn,259,701,Ed Turner,373,673,HR,28,B5,2,1,3,5,37.72%,-37.72%,2,1,1,1022,88,8,SPR,WWC,HR,HR,3B,1
Saitoo Syde,814,199,Guido Ligiorno,1830,799,K,400,B5,2,0,5,5,-3.04%,3.04%,0,0,0,1022,88,8,SPR,WWC,K,K,RGO,1
Henryk Szydlowski,1720,666,Ray Dingerz,510,632,3B,34,T6,0,0,5,5,28.68%,-28.68%,0,1,1,1023,88,8,WWC,SPR,3B,2B,2B,1
Skippy Schumaker,1843,919,Lemon Ade,193,756,1B,163,T6,0,3,5,5,7.73%,-7.73%,1,0,0,1023,88,8,WWC,SPR,1B,BB,BB,1
Jeremy Nakamoto,1787,150,Nori Aru,131,756,DP,394,T6,0,1,5,6,-7.05%,7.05%,0,0,0,1023,88,8,WWC,SPR,RGO,RGO,PO,1
J.J. Guemes,207,256,Nori Aru,131,804,LGO,452,T6,2,0,5,6,-1.52%,1.52%,0,0,0,1023,88,8,WWC,SPR,LGO,LGO,LGO,1
Tommy Tightpants,1778,404,Guido Ligiorno,1830,411,HR,7,B6,0,0,5,6,41.78%,-41.78%,1,1,1,1024,88,8,SPR,WWC,HR,HR,HR,1
Nori Aru,131,420,Guido Ligiorno,1830,225,FO,195,B6,0,0,6,6,-6.12%,6.12%,0,0,0,1024,88,8,SPR,WWC,FO,FO,FO,1
Ivan Yakenov,2270,365,Guido Ligiorno,1830,800,RGO,435,B6,1,0,6,6,-5.87%,5.87%,0,0,0,1024,88,8,SPR,WWC,RGO,RGO,RGO,1
Tanner Hendrix,375,211,Guido Ligiorno,1830,801,K,410,B6,2,0,6,6,-4.81%,4.81%,0,0,0,1024,88,8,SPR,WWC,K,PO,RGO,1
Vinny Vega,723,622,Aidan Myers,1960,281,PO,341,T1,0,0,0,0,-2.52%,2.52%,0,0,0,1025,89,8,PPP,GTY,PO,PO,K,1
Poop McGee,596,69,Aidan Myers,1960,826,K,243,T1,1,0,0,0,-2.52%,2.52%,0,0,0,1025,89,8,PPP,GTY,K,K,FO,1
Kris Pcock,1957,723,Aidan Myers,1960,674,2B,49,T1,2,0,0,0,2.84%,-2.84%,0,1,1,1025,89,8,PPP,GTY,2B,2B,2B,1
Phillips Mahooters,2253,157,Aidan Myers,1960,263,1B,106,T1,2,2,0,0,9.87%,-9.87%,1,0,0,1025,89,8,PPP,GTY,1B,1B,1B,1
Nipsey Slip,529,888,Aidan Myers,1960,500,PO,388,T1,2,1,0,1,-3.20%,3.20%,0,0,0,1025,89,8,PPP,GTY,PO,PO,PO,1
Magnus Dongfest,579,174,Harry McPotterson,1703,666,LGO,492,B1,0,0,0,1,-3.15%,3.15%,0,0,0,1026,89,8,GTY,PPP,LGO,LGO,LGO,1
Maddie Williams,2213,427,Harry McPotterson,1703,380,2B,47,B1,1,0,0,1,4.61%,-4.61%,0,0,0,1026,89,8,GTY,PPP,2B,2B,2B,1
Xavier Quinn Jr.,6,650,Harry McPotterson,1703,420,FO,230,B1,1,2,0,1,-3.72%,3.72%,0,0,0,1026,89,8,GTY,PPP,FO,FO,FO,1
Matt Murphy,1954,,Harry McPotterson,1703,,Auto K,,B1,2,2,0,1,-5.15%,5.15%,0,0,0,1026,89,8,GTY,PPP,Auto K,Auto K,Auto K,9
Juni Panda,488,777,Aidan Myers,1960,730,2B,47,T2,0,0,0,1,6.37%,-6.37%,0,0,0,1027,89,8,PPP,GTY,2B,2B,2B,1
Snoop E. Dogg,22,2,Aidan Myers,1960,880,BB,122,T2,0,2,0,1,3.43%,-3.43%,0,0,0,1027,89,8,PPP,GTY,BB,BB,1B,1
Sticky Mickey Mantle,2236,223,Aidan Myers,1960,10,FO,213,T2,0,4,0,1,-4.86%,4.86%,0,0,0,1027,89,8,PPP,GTY,FO,FO,FO,1
Harry McPotterson,1703,666,Aidan Myers,1960,154,DP,488,T2,1,4,0,1,-11.46%,11.46%,0,0,0,1027,89,8,PPP,GTY,LGO,LGO,DP,1
Garitek,307,175,Harry McPotterson,1703,69,1B,106,B2,0,0,0,1,4.77%,-4.77%,0,1,1,1028,89,8,GTY,PPP,1B,1B,1B,1
Nick Papagiorgio,499,287,Harry McPotterson,1703,267,HR,20,B2,0,1,0,1,19.86%,-19.86%,2,1,1,1028,89,8,GTY,PPP,HR,HR,HR,1
Shogun Of Harlem,1762,989,Harry McPotterson,1703,700,K,289,B2,0,0,2,1,-2.16%,2.16%,0,0,0,1028,89,8,GTY,PPP,K,K,K,1
Joe Whomper,1755,875,Harry McPotterson,1703,989,1B,114,B2,1,0,2,1,2.63%,-2.63%,0,0,1,1028,89,8,GTY,PPP,1B,1B,1B,1
Joe Whomper,1755,10,Harry McPotterson,1703,123,SB,113,B2,1,1,2,1,1.71%,-1.71%,0,1,0,1028,89,8,GTY,PPP,Steal 2B,Steal 2B,SB,4
Jonny Mac,1698,680,Harry McPotterson,1703,777,1B,97,B2,1,2,2,1,5.54%,-5.54%,0,0,1,1028,89,8,GTY,PPP,1B,1B,1B,1
Jonny Mac,1698,420,Harry McPotterson,1703,183,SB,237,B2,1,5,2,1,2.25%,-2.25%,0,1,0,1028,89,8,GTY,PPP,Steal 2B,Steal 2B,SB,5
Magnus Dongfest,579,419,Harry McPotterson,1703,237,BB,182,B2,1,6,2,1,1.30%,-1.30%,0,0,0,1028,89,8,GTY,PPP,BB,BB,Sac,1
Maddie Williams,2213,925,Harry McPotterson,1703,880,2B,45,B2,1,7,2,1,10.47%,-10.47%,2,0,0,1028,89,8,GTY,PPP,2B,2B,2B,1
Xavier Quinn Jr.,6,321,Harry McPotterson,1703,1,K,320,B2,1,6,4,1,-1.88%,1.88%,0,0,0,1028,89,8,GTY,PPP,K,K,K,1
Matt Murphy,1954,666,Harry McPotterson,1703,1000,PO,334,B2,2,6,4,1,-5.78%,5.78%,0,0,0,1028,89,8,GTY,PPP,PO,PO,K,1
Vinny Vega,723,622,Aidan Myers,1960,195,RGO,427,T3,0,0,4,1,-2.36%,2.36%,0,0,0,1029,89,8,PPP,GTY,RGO,RGO,RGO,1
Poop McGee,596,69,Aidan Myers,1960,210,BB,141,T3,1,0,4,1,3.80%,-3.80%,0,0,0,1029,89,8,PPP,GTY,BB,BB,BB,1
Kris Pcock,1957,,Aidan Myers,1960,,Auto K,,T3,1,1,4,1,-3.82%,3.82%,0,0,0,1029,89,8,PPP,GTY,Auto K,Auto K,Auto K,9
Phillips Mahooters,2253,115,Aidan Myers,1960,371,FO,256,T3,2,1,4,1,-3.40%,3.40%,0,0,0,1029,89,8,PPP,GTY,FO,FO,FO,1
Garitek,307,490,Harry McPotterson,1703,402,1B,88,B3,0,0,4,1,0.78%,-0.78%,0,0,1,1030,89,8,GTY,PPP,1B,1B,1B,1
Garitek,307,415,Harry McPotterson,1703,700,SB,285,B3,0,1,4,1,1.23%,-1.23%,0,1,0,1030,89,8,GTY,PPP,Steal 2B,Steal 2B,SB,4
Nick Papagiorgio,499,689,Harry McPotterson,1703,22,PO,333,B3,0,2,4,1,-1.27%,1.27%,0,0,0,1030,89,8,GTY,PPP,PO,PO,K,1
Shogun Of Harlem,1762,42,Harry McPotterson,1703,56,HR,14,B3,1,2,4,1,6.32%,-6.32%,2,1,1,1030,89,8,GTY,PPP,HR,HR,HR,1
Joe Whomper,1755,362,Juni Panda,488,692,K,330,B3,1,0,6,1,-0.41%,0.41%,0,0,0,1030,89,8,GTY,PPP,K,K,K,1
Jonny Mac,1698,362,Juni Panda,488,230,BB,132,B3,2,0,6,1,-0.03%,0.03%,0,1,1,1030,89,8,GTY,PPP,BB,BB,1B,1
Magnus Dongfest,579,875,Juni Panda,488,41,BB,166,B3,2,1,6,1,0.72%,-0.72%,0,1,1,1030,89,8,GTY,PPP,BB,BB,BB,1
Maddie Williams,2213,620,Juni Panda,488,720,1B,100,B3,2,4,6,1,1.01%,-1.01%,1,1,1,1030,89,8,GTY,PPP,1B,1B,1B,1
Xavier Quinn Jr.,6,420,Juni Panda,488,512,1B,92,B3,2,5,7,1,0.00%,0.00%,1,1,1,1030,89,8,GTY,PPP,1B,1B,1B,1
Matt Murphy,1954,268,Juni Panda,488,270,HR,2,B3,2,5,8,1,-0.11%,0.11%,3,1,1,1030,89,8,GTY,PPP,HR,HR,HR,1
Garitek,307,330,Juni Panda,488,111,FO,219,B3,2,0,11,1,0.04%,-0.04%,0,0,0,1030,89,8,GTY,PPP,FO,FO,FO,1
Nipsey Slip,529,88,Aidan Myers,1960,721,PO,367,T4,0,0,11,1,-0.77%,0.77%,0,0,0,1031,89,8,PPP,GTY,PO,PO,K,1
Juni Panda,488,828,Aidan Myers,1960,295,LGO,467,T4,1,0,11,1,-0.27%,0.27%,0,0,0,1031,89,8,PPP,GTY,LGO,LGO,LGO,1
Snoop E. Dogg,22,722,Aidan Myers,1960,185,LGO,463,T4,2,0,11,1,-0.47%,0.47%,0,0,0,1031,89,8,PPP,GTY,LGO,LGO,LGO,1
Nick Papagiorgio,499,120,Juni Panda,488,985,BB,135,B4,0,0,11,1,0.05%,-0.05%,0,1,1,1032,89,8,GTY,PPP,BB,BB,1B,1
Sarah Curvingsworth,1705,512,Juni Panda,488,555,2B,43,B4,0,1,11,1,-0.09%,0.09%,0,1,1,1032,89,8,GTY,PPP,2B,2B,2B,1
Joe Whomper,1755,980,Juni Panda,488,12,HR,32,B4,0,6,11,1,0.04%,-0.04%,3,1,1,1032,89,8,GTY,PPP,HR,HR,2B,1
Jonny Mac,1698,278,Juni Panda,488,886,K,392,B4,0,0,14,1,-0.36%,0.36%,0,0,0,1032,89,8,GTY,PPP,K,K,PO,1
Magnus Dongfest,579,332,Juni Panda,488,786,LGO,454,B4,1,0,14,1,0.22%,-0.22%,0,0,0,1032,89,8,GTY,PPP,LGO,LGO,LGO,1
Whit Merto,162,606,Dirk Digglet,2206,509,1B,97,T1,0,0,0,0,3.67%,-3.67%,0,0,0,1033,90,8,RKT,ISO,1B,1B,1B,1
Chris P. Bacon,210,335,Dirk Digglet,2206,435,1B,100,T1,0,1,0,0,7.14%,-7.14%,0,0,0,1033,90,8,RKT,ISO,1B,1B,1B,1
Randy Pole,714,,Dirk Digglet,2206,,Auto K,,T1,0,4,0,0,-5.49%,5.49%,0,0,0,1033,90,8,RKT,ISO,Auto K,Auto K,Auto K,9
Kyle Corbett,707,1,Dirk Digglet,2206,319,K,318,T1,1,4,0,0,-5.58%,5.58%,0,0,0,1033,90,8,RKT,ISO,K,K,K,1
Corey Scooter,1717,189,Dirk Digglet,2206,571,PO,382,T1,2,4,0,0,-6.52%,6.52%,0,0,0,1033,90,8,RKT,ISO,PO,PO,PO,1
Mike Oxlong,230,282,Nick Willis Jr.,1841,900,PO,382,B1,0,0,0,0,-2.73%,2.73%,0,0,0,1034,90,8,ISO,RKT,PO,PO,PO,1
Leroy Hawk,1738,322,Nick Willis Jr.,1841,39,K,283,B1,1,0,0,0,-2.27%,2.27%,0,0,0,1034,90,8,ISO,RKT,K,K,FO,1
Chuck Tingle,355,14,Nick Willis Jr.,1841,934,1B,80,B1,2,0,0,0,1.50%,-1.50%,0,0,1,1034,90,8,ISO,RKT,1B,1B,1B,1
Chuck Tingle,355,420,Nick Willis Jr.,1841,384,SB,36,B1,2,1,0,0,1.20%,-1.20%,0,1,0,1034,90,8,ISO,RKT,Steal 2B,Steal 2B,SB,4
Jumbo Dick,79,777,Nick Willis Jr.,1841,876,1B,99,B1,2,2,0,0,9.98%,-9.98%,1,0,0,1034,90,8,ISO,RKT,1B,1B,1B,1
Jumbo Dick,79,345,Nick Willis Jr.,1841,971,CS,374,B1,2,1,1,0,-2.70%,2.70%,0,0,0,1034,90,8,ISO,RKT,CS 2B,CS 2B,CS,4
Nick Willis Jr.,1841,617,Dirk Digglet,2206,902,K,285,T2,0,0,1,0,-2.54%,2.54%,0,0,0,1035,90,8,RKT,ISO,K,K,K,1
Joe Nastasi,614,655,Dirk Digglet,2206,712,2B,57,T2,1,0,1,0,5.09%,-5.09%,0,1,1,1035,90,8,RKT,ISO,2B,2B,2B,1
Nick Dudley,689,820,Dirk Digglet,2206,859,2B,39,T2,1,2,1,0,11.99%,-11.99%,1,1,1,1035,90,8,RKT,ISO,2B,2B,2B,1
Mongster Mash,344,889,Dirk Digglet,2206,155,FO,266,T2,1,2,1,1,-4.71%,4.71%,0,0,0,1035,90,8,RKT,ISO,FO,FO,FO,1
Whit Merto,162,326,Dirk Digglet,2206,413,1B,87,T2,2,2,1,1,10.81%,-10.81%,1,0,0,1035,90,8,RKT,ISO,1B,1B,1B,1
Chris P. Bacon,210,127,Dirk Digglet,2206,401,FO,274,T2,2,1,1,2,-3.52%,3.52%,0,0,0,1035,90,8,RKT,ISO,FO,FO,FO,1
Chaz Gorbachuck,326,51,Nick Willis Jr.,1841,939,1B,112,B2,0,0,1,2,4.77%,-4.77%,0,0,1,1036,90,8,ISO,RKT,1B,1B,1B,1
Chaz Gorbachuck,326,375,Nick Willis Jr.,1841,122,SB,253,B2,0,1,1,2,3.17%,-3.17%,0,1,0,1036,90,8,ISO,RKT,Steal 2B,Steal 2B,SB,4
Ronnie Wristclocks,2246,80,Nick Willis Jr.,1841,485,K,405,B2,0,2,1,2,-5.59%,5.59%,0,0,0,1036,90,8,ISO,RKT,K,PO,RGO,1
Mantis Toboggan,1802,666,Nick Willis Jr.,1841,762,1B,96,B2,1,2,1,2,9.69%,-9.69%,0,0,1,1036,90,8,ISO,RKT,1B,1B,1B,1
Mantis Toboggan,1802,195,Nick Willis Jr.,1841,390,SB,195,B2,1,5,1,2,0.79%,-0.79%,0,1,0,1036,90,8,ISO,RKT,Steal 2B,Steal 2B,SB,5
Caelan Rooney,244,,Nick Willis Jr.,1841,,Auto BB,,B2,1,6,1,2,4.48%,-4.48%,0,1,1,1036,90,8,ISO,RKT,Auto BB,Auto BB,Auto BB,10
Dirk Digglet,2206,166,Nick Willis Jr.,1841,182,3B,16,B2,1,7,1,2,22.55%,-22.55%,3,0,0,1036,90,8,ISO,RKT,3B,3B,HR,1
Mike Oxlong,230,141,Nick Willis Jr.,1841,853,K,288,B2,1,3,4,2,-6.79%,6.79%,0,0,0,1036,90,8,ISO,RKT,K,K,K,1
Leroy Hawk,1738,1,Nick Willis Jr.,1841,244,FO,243,B2,2,3,4,2,-2.98%,2.98%,0,0,0,1036,90,8,ISO,RKT,FO,FO,FO,1
Randy Pole,714,812,Dirk Digglet,2206,64,FO,252,T3,0,0,4,2,-3.06%,3.06%,0,0,0,1037,90,8,RKT,ISO,FO,FO,FO,1
Kyle Corbett,707,111,Dirk Digglet,2206,944,BB,167,T3,1,0,4,2,4.10%,-4.10%,0,0,0,1037,90,8,RKT,ISO,BB,BB,BB,1
Corey Scooter,1717,716,Dirk Digglet,2206,904,FO,188,T3,1,1,4,2,-4.81%,4.81%,0,0,0,1037,90,8,RKT,ISO,FO,FO,FO,1
Nick Willis Jr.,1841,420,Dirk Digglet,2206,500,1B,80,T3,2,1,4,2,3.69%,-3.69%,0,0,0,1037,90,8,RKT,ISO,1B,1B,1B,1
Joe Nastasi,614,375,Dirk Digglet,2206,827,RGO,452,T3,2,5,4,2,-7.57%,7.57%,0,0,0,1037,90,8,RKT,ISO,RGO,RGO,LGO,1
Chuck Tingle,355,627,Nick Willis Jr.,1841,76,RGO,449,B3,0,0,4,2,-1.38%,1.38%,0,0,0,1038,90,8,ISO,RKT,RGO,RGO,RGO,1
Jumbo Dick,79,420,Nick Willis Jr.,1841,558,BB,138,B3,1,0,4,2,1.12%,-1.12%,0,1,1,1038,90,8,ISO,RKT,BB,BB,BB,1
Chaz Gorbachuck,326,316,Nick Willis Jr.,1841,242,2B,74,B3,1,1,4,2,6.55%,-6.55%,0,0,0,1038,90,8,ISO,RKT,2B,2B,1B,1
Ronnie Wristclocks,2246,964,Nick Willis Jr.,1841,98,1B,134,B3,1,6,4,2,4.14%,-4.14%,1,0,0,1038,90,8,ISO,RKT,1B,BB,1B,1
Mantis Toboggan,1802,864,Nick Willis Jr.,1841,190,K,326,B3,1,5,5,2,-4.21%,4.21%,0,0,0,1038,90,8,ISO,RKT,K,K,K,1
Caelan Rooney,244,620,Nick Willis Jr.,1841,992,PO,372,B3,2,5,5,2,-2.03%,2.03%,0,0,0,1038,90,8,ISO,RKT,PO,PO,K,1
Nick Dudley,689,,Dirk Digglet,2206,,Auto K,,T4,0,0,5,2,-2.47%,2.47%,0,0,0,1039,90,8,RKT,ISO,Auto K,Auto K,Auto K,9
Mongster Mash,344,8,Dirk Digglet,2206,261,FO,253,T4,1,0,5,2,-2.55%,2.55%,0,0,0,1039,90,8,RKT,ISO,FO,FO,FO,1
Whit Merto,162,781,Dirk Digglet,2206,922,1B,141,T4,2,0,5,2,1.89%,-1.89%,0,0,0,1039,90,8,RKT,ISO,1B,1B,BB,1
Chris P. Bacon,210,552,Dirk Digglet,2206,871,K,319,T4,2,1,5,2,-2.98%,2.98%,0,0,0,1039,90,8,RKT,ISO,K,K,K,1
Dirk Digglet,2206,291,Nick Willis Jr.,1841,505,FO,214,B4,0,0,5,2,-0.46%,0.46%,0,0,0,1040,90,8,ISO,RKT,FO,FO,FO,1
Mike Oxlong,230,761,Nick Willis Jr.,1841,827,2B,66,B4,1,0,5,2,0.84%,-0.84%,0,1,1,1040,90,8,ISO,RKT,2B,2B,1B,1
Leroy Hawk,1738,850,Nick Willis Jr.,1841,728,1B,122,B4,1,2,5,2,2.83%,-2.83%,0,1,1,1040,90,8,ISO,RKT,1B,BB,1B,1
Chuck Tingle,355,420,Nick Willis Jr.,1841,272,BB,148,B4,1,5,5,2,0.03%,-0.03%,0,0,0,1040,90,8,ISO,RKT,BB,FO,BB,1
Jumbo Dick,79,609,Nick Willis Jr.,1841,555,2B,54,B4,1,7,5,2,3.03%,-3.03%,2,0,0,1040,90,8,ISO,RKT,2B,2B,2B,1
Chaz Gorbachuck,326,555,Mongster Mash,344,222,K,333,B4,1,6,7,2,-2.12%,2.12%,0,0,0,1040,90,8,ISO,RKT,K,K,K,1
Ronnie Wristclocks,2246,777,Mongster Mash,344,79,FO,302,B4,2,6,7,2,0.54%,-0.54%,0,0,0,1040,90,8,ISO,RKT,FO,FO,K,1
Randy Pole,714,420,Dirk Digglet,2206,921,LGO,499,T5,0,0,7,2,-0.82%,0.82%,0,0,0,1041,90,8,RKT,ISO,LGO,LGO,LGO,1
Kyle Corbett,707,129,Dirk Digglet,2206,261,1B,132,T5,1,0,7,2,1.18%,-1.18%,0,0,0,1041,90,8,RKT,ISO,1B,BB,1B,1
Corey Scooter,1717,374,Dirk Digglet,2206,958,DP,416,T5,1,1,7,2,-2.23%,2.23%,0,0,0,1041,90,8,RKT,ISO,RGO,RGO,DP,1
Mantis Toboggan,1802,666,Mongster Mash,344,333,K,333,B5,0,0,7,2,-0.07%,0.07%,0,0,0,1042,90,8,ISO,RKT,K,K,K,1
Bob Dobby,1736,111,Mongster Mash,344,1,BB,110,B5,1,0,7,2,0.08%,-0.08%,0,0,1,1042,90,8,ISO,RKT,BB,BB,1B,1
Bob Dobby,1736,55,Mongster Mash,344,1,SB,54,B5,1,1,7,2,-0.18%,0.18%,0,1,0,1042,90,8,ISO,RKT,Steal 2B,Steal 2B,SB,4
Dirk Digglet,2206,888,Mongster Mash,344,1,1B,113,B5,1,2,7,2,0.55%,-0.55%,0,0,0,1042,90,8,ISO,RKT,1B,1B,1B,1
Dirk Digglet,2206,250,Mongster Mash,344,250,SB,0,B5,1,5,7,2,0.23%,-0.23%,0,0,0,1042,90,8,ISO,RKT,Steal 2B,Steal 2B,SB,5
Mike Oxlong,230,456,Mongster Mash,344,333,BB,123,B5,1,6,7,2,-0.14%,0.14%,0,0,0,1042,90,8,ISO,RKT,BB,BB,1B,1
Leroy Hawk,1738,420,Mongster Mash,344,710,Sac,290,B5,1,7,7,2,-0.25%,0.25%,1,0,0,1042,90,8,ISO,RKT,FO,K,K,1
Chuck Tingle,355,14,Mongster Mash,344,844,BB,170,B5,2,4,8,2,0.08%,-0.08%,0,0,0,1042,90,8,ISO,RKT,BB,BB,BB,1
Jumbo Dick,79,952,Mongster Mash,344,500,LGO,452,B5,2,7,8,2,0.03%,-0.03%,0,0,0,1042,90,8,ISO,RKT,LGO,LGO,LGO,1
Mongster Mash,344,1,Dirk Digglet,2206,492,LGO,491,T6,0,0,8,2,-0.21%,0.21%,0,0,0,1043,90,8,RKT,ISO,LGO,LGO,LGO,1
Joe Nastasi,614,711,Dirk Digglet,2206,711,HR,0,T6,1,0,8,2,0.29%,-0.29%,1,1,1,1043,90,8,RKT,ISO,HR,HR,HR,1
Nick Dudley,689,520,Dirk Digglet,2206,586,2B,66,T6,1,0,8,3,0.55%,-0.55%,0,1,1,1043,90,8,RKT,ISO,2B,1B,1B,1
Nick Willis Jr.,1841,728,Dirk Digglet,2206,391,K,337,T6,1,2,8,3,-0.76%,0.76%,0,0,0,1043,90,8,RKT,ISO,K,K,K,1
Whit Merto,162,167,Dirk Digglet,2206,963,BB,204,T6,2,2,8,3,0.49%,-0.49%,0,1,1,1043,90,8,RKT,ISO,BB,FO,FO,1
Chris P. Bacon,210,787,Dirk Digglet,2206,801,3B,14,T6,2,4,8,3,1.21%,-1.21%,2,1,1,1043,90,8,RKT,ISO,3B,3B,HR,1
Randy Pole,714,420,Dirk Digglet,2206,277,1B,143,T6,2,3,8,5,2.80%,-2.80%,1,0,0,1043,90,8,RKT,ISO,1B,1B,BB,1
Kyle Corbett,707,987,Bob Dobby,1736,499,LGO,488,T6,2,1,8,6,-4.73%,4.73%,0,0,0,1043,90,8,RKT,ISO,LGO,LGO,LGO,1
Husky Pawson,1770,99,Birdman,393,835,FO,264,T1,0,0,0,0,-2.52%,2.52%,0,0,0,1044,91,8,JUP,TRA,FO,FO,FO,1
Shygen Tinybeard,712,483,Birdman,393,633,BB,150,T1,1,0,0,0,3.21%,-3.21%,0,0,0,1044,91,8,JUP,TRA,BB,BB,BB,1
Johnny Omar,2241,789,Birdman,393,597,FO,192,T1,1,1,0,0,-3.96%,3.96%,0,0,0,1044,91,8,JUP,TRA,FO,FO,FO,1
Matthew Paul,2243,67,Birdman,393,198,BB,131,T1,2,1,0,0,3.01%,-3.01%,0,0,0,1044,91,8,JUP,TRA,BB,BB,1B,1
Iama Human,520,726,Birdman,393,319,RGO,407,T1,2,4,0,0,-6.52%,6.52%,0,0,0,1044,91,8,JUP,TRA,RGO,RGO,RGO,1
Scherbie Fully-Loaded,679,555,Simba Martinez,1792,384,FO,171,B1,0,0,0,0,-2.73%,2.73%,0,0,0,1045,91,8,TRA,JUP,FO,FO,BB,1
Gregory Taint,1712,680,Simba Martinez,1792,265,PO,415,B1,1,0,0,0,-2.27%,2.27%,0,0,0,1045,91,8,TRA,JUP,PO,PO,RGO,1
Robbie Liapis,1745,420,Simba Martinez,1792,646,FO,226,B1,2,0,0,0,-1.79%,1.79%,0,0,0,1045,91,8,TRA,JUP,FO,FO,FO,1
John Johnson Jr.,91,22,Birdman,393,680,K,342,T2,0,0,0,0,-2.86%,2.86%,0,0,0,1046,91,8,JUP,TRA,K,PO,K,1
Cue Anon,381,340,Birdman,393,311,2B,29,T2,1,0,0,0,5.63%,-5.63%,0,1,1,1046,91,8,JUP,TRA,2B,2B,3B,1
Lightning Balls,350,543,Birdman,393,556,HR,13,T2,1,2,0,0,17.43%,-17.43%,2,1,1,1046,91,8,JUP,TRA,HR,HR,HR,1
Simba Martinez,1792,153,Birdman,393,513,PO,360,T2,1,0,0,2,-1.76%,1.76%,0,0,0,1046,91,8,JUP,TRA,PO,PO,K,1
Husky Pawson,1770,844,Birdman,393,211,PO,367,T2,2,0,0,2,-1.43%,1.43%,0,0,0,1046,91,8,JUP,TRA,PO,PO,K,1
Sunshine Pardue,315,808,Simba Martinez,1792,21,FO,213,B2,0,0,0,2,-3.08%,3.08%,0,0,0,1047,91,8,TRA,JUP,FO,FO,FO,1
Sven Jorgenson,405,659,Simba Martinez,1792,749,1B,90,B2,1,0,0,2,3.80%,-3.80%,0,0,0,1047,91,8,TRA,JUP,1B,1B,1B,1
Captain Harry C Legs,480,540,Simba Martinez,1792,972,DP,432,B2,1,1,0,2,-8.27%,8.27%,0,0,0,1047,91,8,TRA,JUP,RGO,RGO,DP,1
Shygen Tinybeard,712,819,Birdman,393,63,FO,244,T3,0,0,0,2,-1.80%,1.80%,0,0,0,1048,91,8,JUP,TRA,FO,FO,FO,1
Johnny Omar,2241,333,Birdman,393,930,RGO,403,T3,1,0,0,2,-1.92%,1.92%,0,0,0,1048,91,8,JUP,TRA,RGO,RGO,RGO,1
Matthew Paul,2243,687,Birdman,393,891,FO,204,T3,2,0,0,2,-1.37%,1.37%,0,0,0,1048,91,8,JUP,TRA,FO,K,FO,1
Mylo Grams,396,415,Simba Martinez,1792,371,2B,44,B3,0,0,0,2,8.71%,-8.71%,0,0,0,1049,91,8,TRA,JUP,2B,2B,2B,1
Doc Crudelly,1811,284,Simba Martinez,1792,82,FO,202,B3,0,2,0,2,-6.59%,6.59%,0,0,0,1049,91,8,TRA,JUP,FO,FO,FO,1
Birdman,393,771,Simba Martinez,1792,195,PO,424,B3,1,2,0,2,-5.87%,5.87%,0,0,0,1049,91,8,TRA,JUP,PO,PO,RGO,1
Scherbie Fully-Loaded,679,888,Simba Martinez,1792,552,K,336,B3,2,2,0,2,-5.14%,5.14%,0,0,0,1049,91,8,TRA,JUP,K,K,K,1
Iama Human,520,333,Birdman,393,399,2B,66,T4,0,0,0,2,5.00%,-5.00%,0,1,1,1050,91,8,JUP,TRA,2B,2B,1B,1
John Johnson Jr.,91,420,Birdman,393,105,K,315,T4,0,2,0,2,-3.24%,3.24%,0,0,0,1050,91,8,JUP,TRA,K,K,K,1
Cue Anon,381,510,Birdman,393,798,K,288,T4,1,2,0,2,-2.75%,2.75%,0,0,0,1050,91,8,JUP,TRA,K,K,K,1
Streetlamp LeMoose,1734,954,Birdman,393,926,3B,28,T4,2,2,0,2,8.77%,-8.77%,1,1,1,1050,91,8,JUP,TRA,3B,3B,3B,1
Simba Martinez,1792,981,Birdman,393,44,2B,63,T4,2,3,0,3,5.62%,-5.62%,1,0,0,1050,91,8,JUP,TRA,2B,1B,2B,1
Husky Pawson,1770,777,Birdman,393,212,RGO,435,T4,2,2,0,4,-1.72%,1.72%,0,0,0,1050,91,8,JUP,TRA,RGO,RGO,RGO,1
Gregory Taint,1712,512,Simba Martinez,1792,499,HR,13,B4,0,0,0,4,6.67%,-6.67%,1,1,1,1051,91,8,TRA,JUP,HR,HR,HR,1
Robbie Liapis,1745,2,Simba Martinez,1792,713,FO,289,B4,0,0,1,4,-3.22%,3.22%,0,0,0,1051,91,8,TRA,JUP,FO,K,K,1
Sunshine Pardue,315,677,Simba Martinez,1792,219,RGO,458,B4,1,0,1,4,-2.60%,2.60%,0,0,0,1051,91,8,TRA,JUP,RGO,RGO,LGO,1
Sven Jorgenson,405,340,Simba Martinez,1792,883,LGO,457,B4,2,0,1,4,-1.66%,1.66%,0,0,0,1051,91,8,TRA,JUP,LGO,LGO,LGO,1
Shygen Tinybeard,712,12,Birdman,393,12,HR,0,T5,0,0,1,4,4.13%,-4.13%,1,1,1,1052,91,8,JUP,TRA,HR,HR,HR,1
Johnny Omar,2241,661,Robbie Liapis,1745,659,HR,2,T5,0,0,1,5,2.55%,-2.55%,1,1,1,1052,91,8,JUP,TRA,HR,HR,HR,1
Matthew Paul,2243,603,Robbie Liapis,1745,807,FO,204,T5,0,0,1,6,-0.39%,0.39%,0,0,0,1052,91,8,JUP,TRA,FO,FO,FO,1
Iama Human,520,420,Robbie Liapis,1745,202,FO,218,T5,1,0,1,6,-0.15%,0.15%,0,0,0,1052,91,8,JUP,TRA,FO,K,FO,1
John Johnson Jr.,91,744,Robbie Liapis,1745,894,BB,150,T5,2,0,1,6,0.24%,-0.24%,0,1,1,1052,91,8,JUP,TRA,BB,BB,BB,1
Cue Anon,381,17,Robbie Liapis,1745,11,HR,6,T5,2,1,1,6,1.12%,-1.12%,2,1,1,1052,91,8,JUP,TRA,HR,HR,HR,1
Streetlamp LeMoose,1734,198,Robbie Liapis,1745,482,K,284,T5,2,0,1,8,-0.09%,0.09%,0,0,0,1052,91,8,JUP,TRA,K,K,FO,1
Captain Harry C Legs,480,205,Simba Martinez,1792,741,LGO,464,B5,0,0,1,8,-0.77%,0.77%,0,0,0,1053,91,8,TRA,JUP,LGO,LGO,LGO,1
Mylo Grams,396,111,Simba Martinez,1792,2,1B,109,B5,1,0,1,8,0.82%,-0.82%,0,0,0,1053,91,8,TRA,JUP,1B,1B,1B,1
Doc Crudelly,1811,283,Simba Martinez,1792,650,PO,367,B5,1,1,1,8,-1.15%,1.15%,0,0,0,1053,91,8,TRA,JUP,PO,PO,K,1
Birdman,393,2,Simba Martinez,1792,391,PO,389,B5,2,1,1,8,-0.26%,0.26%,0,0,0,1053,91,8,TRA,JUP,PO,PO,PO,1
Simba Martinez,1792,543,Robbie Liapis,1745,500,3B,43,T6,0,0,1,8,0.44%,-0.44%,0,1,1,1054,91,8,JUP,TRA,3B,2B,2B,1
Husky Pawson,1770,950,Robbie Liapis,1745,645,K,305,T6,0,3,1,8,-0.64%,0.64%,0,0,0,1054,91,8,JUP,TRA,K,K,K,1
Shygen Tinybeard,712,825,Robbie Liapis,1745,858,3B,33,T6,1,3,1,8,0.00%,0.00%,1,1,1,1054,91,8,JUP,TRA,3B,2B,2B,1
Johnny Omar,2241,712,Robbie Liapis,1745,706,HR,6,T6,1,3,1,9,0.19%,-0.19%,2,1,1,1054,91,8,JUP,TRA,HR,HR,HR,1
Matthew Paul,2243,475,Robbie Liapis,1745,384,1B,91,T6,1,0,1,11,0.06%,-0.06%,0,1,1,1054,91,8,JUP,TRA,1B,1B,1B,1
Iama Human,520,333,Jimmy Johns,303,466,BB,133,T6,1,1,1,11,0.07%,-0.07%,0,0,0,1054,91,8,JUP,TRA,BB,BB,1B,1
John Johnson Jr.,91,11,Jimmy Johns,303,831,BB,180,T6,1,4,1,11,0.08%,-0.08%,0,0,0,1054,91,8,JUP,TRA,BB,FO,FO,1
Cue Anon,381,340,Jimmy Johns,303,611,Sac,271,T6,1,7,1,11,-0.29%,0.29%,1,0,0,1054,91,8,JUP,TRA,FO,FO,Sac,1
Streetlamp LeMoose,1734,856,Jimmy Johns,303,561,K,295,T6,2,4,1,12,-0.06%,0.06%,0,0,0,1054,91,8,JUP,TRA,K,K,K,1
Scherbie Fully-Loaded,679,777,Simba Martinez,1792,833,2B,56,B6,0,0,1,12,0.95%,-0.95%,0,1,1,1055,91,8,TRA,JUP,2B,2B,2B,1
Graham Grams,400,13,Simba Martinez,1792,943,2B,70,B6,0,2,1,12,0.00%,0.00%,1,1,1,1055,91,8,TRA,JUP,2B,2B,1B,1
Jimmy Johns,303,310,Simba Martinez,1792,242,2B,68,B6,0,2,2,12,0.00%,0.00%,1,0,0,1055,91,8,TRA,JUP,2B,2B,1B,1
Sunshine Pardue,315,469,Simba Martinez,1792,190,FO,279,B6,0,2,3,12,-0.98%,0.98%,0,0,0,1055,91,8,TRA,JUP,FO,FO,FO,1
Sven Jorgenson,405,314,Dart Ragusa,134,31,K,283,B6,1,2,3,12,-0.49%,0.49%,0,0,0,1055,91,8,TRA,JUP,K,K,FO,1
Captain Harry C Legs,480,689,Dart Ragusa,134,350,K,339,B6,2,2,3,12,-0.07%,0.07%,0,0,0,1055,91,8,TRA,JUP,K,K,K,1
Edward Freeman,700,,ViktRon Swanson,651,,Auto K,,T1,0,0,0,0,-2.52%,2.52%,0,0,0,1056,92,8,POR,LMN,Auto K,Auto K,Auto K,9
Grigury Polinko,452,940,ViktRon Swanson,651,620,K,320,T1,1,0,0,0,-2.52%,2.52%,0,0,0,1056,92,8,POR,LMN,K,K,K,1
Geno Scaramucci,165,3,ViktRon Swanson,651,820,FO,183,T1,2,0,0,0,-1.74%,1.74%,0,0,0,1056,92,8,POR,LMN,FO,FO,FO,1
Larry Longshot,32,511,Tequila Sunrise,249,325,FO,186,B1,0,0,0,0,-2.73%,2.73%,0,0,0,1057,92,8,LMN,POR,FO,FO,FO,1
Dirtbag Darrell,262,703,Tequila Sunrise,249,325,RGO,378,B1,1,0,0,0,-2.27%,2.27%,0,0,0,1057,92,8,LMN,POR,RGO,RGO,PO,1
Mike Litoris,2252,515,Tequila Sunrise,249,378,1B,137,B1,2,0,0,0,1.50%,-1.50%,0,1,1,1057,92,8,LMN,POR,1B,1B,1B,1
Superbone Threefinger,413,610,Tequila Sunrise,249,590,2B,20,B1,2,1,0,0,12.58%,-12.58%,1,0,0,1057,92,8,LMN,POR,2B,2B,HR,1
ViktRon Swanson,651,569,Tequila Sunrise,249,1,LGO,432,B1,2,2,1,0,-4.10%,4.10%,0,0,0,1057,92,8,LMN,POR,LGO,LGO,RGO,1
Rickey Tucker,163,391,ViktRon Swanson,651,789,RGO,398,T2,0,0,1,0,-2.54%,2.54%,0,0,0,1058,92,8,POR,LMN,RGO,RGO,PO,1
Bobo Bones,478,987,ViktRon Swanson,651,420,RGO,433,T2,1,0,1,0,-3.53%,3.53%,0,0,0,1058,92,8,POR,LMN,RGO,RGO,RGO,1
Aych Imtiyaz,170,814,ViktRon Swanson,651,520,K,294,T2,2,0,1,0,-1.44%,1.44%,0,0,0,1058,92,8,POR,LMN,K,K,K,1
Zelk Antilles,490,294,Tequila Sunrise,249,952,RGO,342,B2,0,0,1,0,-2.16%,2.16%,0,0,0,1059,92,8,LMN,POR,RGO,RGO,K,1
Ananias Thomson,2249,379,Tequila Sunrise,249,472,1B,93,B2,1,0,1,0,2.63%,-2.63%,0,0,0,1059,92,8,LMN,POR,1B,1B,1B,1
Chuck Tingle,355,420,Tequila Sunrise,249,200,FO,220,B2,1,1,1,0,-3.09%,3.09%,0,0,0,1059,92,8,LMN,POR,FO,FO,FO,1
Harry Peritestes,117,622,Tequila Sunrise,249,812,FO,190,B2,2,1,1,0,-3.14%,3.14%,0,0,0,1059,92,8,LMN,POR,FO,FO,FO,1
Ayden Davis,696,,ViktRon Swanson,651,,Auto K,,T3,0,0,1,0,-3.61%,3.61%,0,0,0,1060,92,8,POR,LMN,Auto K,Auto K,Auto K,9
Artie Ziff,164,837,ViktRon Swanson,651,233,RGO,396,T3,1,0,1,0,-3.13%,3.13%,0,0,0,1060,92,8,POR,LMN,RGO,RGO,PO,1
Tequila Sunrise,249,135,ViktRon Swanson,651,144,HR,9,T3,2,0,1,0,13.98%,-13.98%,1,1,1,1060,92,8,POR,LMN,HR,HR,HR,1
Edward Freeman,700,741,ViktRon Swanson,651,811,1B,70,T3,2,0,1,1,2.50%,-2.50%,0,0,0,1060,92,8,POR,LMN,1B,1B,1B,1
Grigury Polinko,452,590,ViktRon Swanson,651,130,LGO,460,T3,2,1,1,1,-4.56%,4.56%,0,0,0,1060,92,8,POR,LMN,LGO,LGO,LGO,1
Larry Longshot,32,325,Tequila Sunrise,249,121,K,204,B3,0,0,1,1,-3.32%,3.32%,0,0,0,1061,92,8,LMN,POR,K,K,FO,1
Dirtbag Darrell,262,,Tequila Sunrise,249,,Auto BB,,B3,1,0,1,1,3.99%,-3.99%,0,0,0,1061,92,8,LMN,POR,Auto BB,Auto BB,Auto BB,10
Dirtbag Darrell,262,1,Tequila Sunrise,249,247,SB,246,B3,1,1,1,1,1.96%,-1.96%,0,0,0,1061,92,8,LMN,POR,Steal 2B,Steal 2B,SB,4
Mike Litoris,2252,627,Tequila Sunrise,249,1,RGO,374,B3,1,2,1,1,-5.90%,5.90%,0,0,0,1061,92,8,LMN,POR,RGO,RGO,K,1
Superbone Threefinger,413,896,Tequila Sunrise,249,771,BB,125,B3,2,3,1,1,2.64%,-2.64%,0,0,0,1061,92,8,LMN,POR,BB,BB,1B,1
ViktRon Swanson,651,1000,Tequila Sunrise,249,378,RGO,378,B3,2,5,1,1,-7.81%,7.81%,0,0,0,1061,92,8,LMN,POR,RGO,RGO,PO,1
Geno Scaramucci,165,356,ViktRon Swanson,651,206,FO,150,T4,0,0,1,1,-3.87%,3.87%,0,0,0,1062,92,8,POR,LMN,FO,FO,BB,1
Brian Talapia,1752,921,ViktRon Swanson,651,215,K,294,T4,1,0,1,1,-3.68%,3.68%,0,0,0,1062,92,8,POR,LMN,K,K,K,1
Bobo Bones,478,319,ViktRon Swanson,651,158,BB,161,T4,2,0,1,1,2.71%,-2.71%,0,0,0,1062,92,8,POR,LMN,BB,BB,BB,1
Lee Allen Ripley,771,520,ViktRon Swanson,651,1000,LGO,480,T4,2,1,1,1,-5.24%,5.24%,0,0,0,1062,92,8,POR,LMN,LGO,LGO,LGO,1
Thomas Beowulf,218,420,Tequila Sunrise,249,832,LGO,412,B4,0,0,1,1,-3.93%,3.93%,0,0,0,1063,92,8,LMN,POR,LGO,LGO,RGO,1
Ananias Thomson,2249,34,Tequila Sunrise,249,273,RGO,239,B4,1,0,1,1,-3.43%,3.43%,0,0,0,1063,92,8,LMN,POR,RGO,RGO,FO,1
Chuck Tingle,355,910,Tequila Sunrise,249,534,RGO,376,B4,2,0,1,1,-2.71%,2.71%,0,0,0,1063,92,8,LMN,POR,RGO,RGO,K,1
Ayden Davis,696,426,ViktRon Swanson,651,920,LGO,494,T5,0,0,1,1,-4.71%,4.71%,0,0,0,1064,92,8,POR,LMN,LGO,LGO,LGO,1
Artie Ziff,164,436,ViktRon Swanson,651,145,K,291,T5,1,0,1,1,-4.48%,4.48%,0,0,0,1064,92,8,POR,LMN,K,K,K,1
Tequila Sunrise,249,238,ViktRon Swanson,651,69,BB,169,T5,2,0,1,1,2.93%,-2.93%,0,0,0,1064,92,8,POR,LMN,BB,BB,BB,1
Edward Freeman,700,62,ViktRon Swanson,651,909,BB,153,T5,2,1,1,1,5.68%,-5.68%,0,0,0,1064,92,8,POR,LMN,BB,BB,BB,1
Grigury Polinko,452,137,ViktRon Swanson,651,751,RGO,386,T5,2,4,1,1,-11.87%,11.87%,0,0,0,1064,92,8,POR,LMN,RGO,RGO,PO,1
Harry Peritestes,117,212,Tequila Sunrise,249,661,LGO,449,B5,0,0,1,1,-4.39%,4.39%,0,0,0,1065,92,8,LMN,POR,LGO,LGO,RGO,1
Larry Longshot,32,749,Tequila Sunrise,249,344,RGO,405,B5,1,0,1,1,-4.77%,4.77%,0,0,0,1065,92,8,LMN,POR,RGO,RGO,RGO,1
Dirtbag Darrell,262,833,Tequila Sunrise,249,100,K,267,B5,2,0,1,1,-3.04%,3.04%,0,0,0,1065,92,8,LMN,POR,K,K,FO,1
Geno Scaramucci,165,555,ViktRon Swanson,651,303,FO,252,T6,0,0,1,1,-6.10%,6.10%,0,0,0,1066,92,8,POR,LMN,FO,FO,FO,1
Brian Talapia,1752,633,ViktRon Swanson,651,78,LGO,445,T6,1,0,1,1,-5.86%,5.86%,0,0,0,1066,92,8,POR,LMN,LGO,LGO,RGO,1
Bobo Bones,478,,ViktRon Swanson,651,,Auto K,,T6,2,0,1,1,-4.84%,4.84%,0,0,0,1066,92,8,POR,LMN,Auto K,Auto K,Auto K,9
Mike Litoris,2252,1,Tequila Sunrise,249,127,1B,126,B6,0,0,1,1,5.96%,-5.96%,0,0,0,1067,92,8,LMN,POR,1B,1B,1B,1
Speedo Meter,675,400,Tequila Sunrise,249,460,SB,60,B6,0,1,1,1,10.30%,-10.30%,0,0,0,1067,92,8,LMN,POR,Steal 2B,Steal 2B,SB,4
Isaac Snowbender,339,752,Tequila Sunrise,249,21,Bunt Sac,269,B6,0,2,1,1,7.17%,-7.17%,0,0,0,1067,92,8,LMN,POR,Bunt Sac,Bunt Sac,Bunt Sac,3
ViktRon Swanson,651,666,Tequila Sunrise,249,212,LGO,454,B6,1,3,1,1,-26.64%,26.64%,0,0,0,1067,92,8,LMN,POR,LGO,LGO,LGO,2
Thomas Beowulf,218,336,Tequila Sunrise,249,42,K,294,B6,2,3,1,1,-13.59%,13.59%,0,0,0,1067,92,8,LMN,POR,K,K,K,1
Jay Money,241,919,Dakota Carolina Montana,65,276,RGO,357,T1,0,0,0,0,-2.52%,2.52%,0,0,0,1068,93,8,TAI,TAC,RGO,RGO,K,1
Theodora DiBiaserunner,497,505,Dakota Carolina Montana,65,420,1B,85,T1,1,0,0,0,3.21%,-3.21%,0,0,0,1068,93,8,TAI,TAC,1B,2B,1B,1
Duke Silver,602,111,Dakota Carolina Montana,65,390,K,279,T1,1,1,0,0,-3.96%,3.96%,0,0,0,1068,93,8,TAI,TAC,K,K,FO,1
Bubkis Fajita,2255,325,Dakota Carolina Montana,65,683,RGO,358,T1,2,1,0,0,-3.51%,3.51%,0,0,0,1068,93,8,TAI,TAC,RGO,RGO,K,1
Alaina Mclean,1947,687,Rey Revanchist,776,777,1B,90,B1,0,0,0,0,3.55%,-3.55%,0,0,0,1069,93,8,TAC,TAI,1B,1B,1B,1
Duke Marriot,775,471,Rey Revanchist,776,277,FO,194,B1,0,1,0,0,-2.91%,2.91%,0,0,0,1069,93,8,TAC,TAI,FO,FO,FO,1
IBO Bust,186,22,Rey Revanchist,776,100,1B,78,B1,1,1,0,0,4.72%,-4.72%,0,0,0,1069,93,8,TAC,TAI,1B,1B,1B,1
Oxleohl Driver,1943,729,Rey Revanchist,776,500,FO,229,B1,1,4,0,0,-6.06%,6.06%,0,0,0,1069,93,8,TAC,TAI,FO,FO,FO,1
Julio Escobar,686,625,Rey Revanchist,776,22,LGO,397,B1,2,4,0,0,-6.09%,6.09%,0,0,0,1069,93,8,TAC,TAI,LGO,LGO,PO,1
Johnny Dickshot,233,1000,Dakota Carolina Montana,65,829,FO,171,T2,0,0,0,0,-2.86%,2.86%,0,0,0,1070,93,8,TAI,TAC,FO,FO,BB,1
Viktor Patterson,705,777,Dakota Carolina Montana,65,373,LGO,404,T2,1,0,0,0,-2.90%,2.90%,0,0,0,1070,93,8,TAI,TAC,LGO,LGO,RGO,1
Jacky Wacky,702,500,Dakota Carolina Montana,65,56,LGO,444,T2,2,0,0,0,-1.53%,1.53%,0,0,0,1070,93,8,TAI,TAC,LGO,LGO,RGO,1
Napoleon Shortsleeve,560,69,Rey Revanchist,776,365,K,296,B2,0,0,0,0,-2.75%,2.75%,0,0,0,1071,93,8,TAC,TAI,K,K,K,1
Truck Month,1794,704,Rey Revanchist,776,777,1B,73,B2,1,0,0,0,3.67%,-3.67%,0,0,0,1071,93,8,TAC,TAI,1B,1B,1B,1
Babatunde Oladotun,386,778,Rey Revanchist,776,327,DP,451,B2,1,1,0,0,-8.23%,8.23%,0,0,0,1071,93,8,TAC,TAI,LGO,LGO,DP,1
ViktRon Swanson,651,286,Dakota Carolina Montana,65,782,LGO,496,T3,0,0,0,0,-3.25%,3.25%,0,0,0,1072,93,8,TAI,TAC,LGO,LGO,LGO,1
Rey Revanchist,776,69,Dakota Carolina Montana,65,858,K,211,T3,1,0,0,0,-3.05%,3.05%,0,0,0,1072,93,8,TAI,TAC,K,K,FO,1
Jay Money,241,343,Dakota Carolina Montana,65,211,BB,132,T3,2,0,0,0,2.50%,-2.50%,0,0,0,1072,93,8,TAI,TAC,BB,1B,1B,1
Theodora DiBiaserunner,497,609,Dakota Carolina Montana,65,17,LGO,408,T3,2,1,0,0,-4.56%,4.56%,0,0,0,1072,93,8,TAI,TAC,LGO,LGO,RGO,1
Julian O'Sullivan,2254,817,Rey Revanchist,776,91,K,274,B3,0,0,0,0,-3.32%,3.32%,0,0,0,1073,93,8,TAC,TAI,K,K,FO,1
Alaina Mclean,1947,234,Rey Revanchist,776,880,K,354,B3,1,0,0,0,-2.80%,2.80%,0,0,0,1073,93,8,TAC,TAI,K,K,K,1
Duke Marriot,775,43,Rey Revanchist,776,777,K,266,B3,2,0,0,0,-2.32%,2.32%,0,0,0,1073,93,8,TAC,TAI,K,K,FO,1
Duke Silver,602,323,Dakota Carolina Montana,65,339,HR,16,T4,0,0,0,0,16.26%,-16.26%,1,1,1,1074,93,8,TAI,TAC,HR,HR,HR,1
Jaeger Ward,777,728,Dakota Carolina Montana,65,379,RGO,349,T4,0,0,0,1,-2.65%,2.65%,0,0,0,1074,93,8,TAI,TAC,RGO,RGO,K,1
Johnny Dickshot,233,741,Dakota Carolina Montana,65,888,BB,147,T4,1,0,0,1,3.04%,-3.04%,0,0,0,1074,93,8,TAI,TAC,BB,BB,BB,1
Viktor Patterson,705,777,Dakota Carolina Montana,65,173,DP,396,T4,1,1,0,1,-7.55%,7.55%,0,0,0,1074,93,8,TAI,TAC,LGO,LGO,PO,1
IBO Bust,186,726,Rey Revanchist,776,606,BB,120,B4,0,0,0,1,6.37%,-6.37%,0,0,0,1075,93,8,TAC,TAI,BB,BB,1B,1
Oxleohl Driver,1943,606,Rey Revanchist,776,250,K,356,B4,0,1,0,1,-5.50%,5.50%,0,0,0,1075,93,8,TAC,TAI,K,K,K,1
Julio Escobar,686,420,Rey Revanchist,776,516,BB,96,B4,1,1,0,1,8.53%,-8.53%,0,0,0,1075,93,8,TAC,TAI,BB,1B,1B,1
Napoleon Shortsleeve,560,812,Rey Revanchist,776,400,PO,412,B4,1,4,0,1,-9.86%,9.86%,0,0,0,1075,93,8,TAC,TAI,PO,PO,DP,1
Truck Month,1794,91,Rey Revanchist,776,631,LGO,460,B4,2,4,0,1,-11.86%,11.86%,0,0,0,1075,93,8,TAC,TAI,LGO,LGO,LGO,1
Jacky Wacky,702,300,Dakota Carolina Montana,65,84,K,216,T5,0,0,0,1,-3.05%,3.05%,0,0,0,1076,93,8,TAI,TAC,K,K,FO,1
ViktRon Swanson,651,15,Dakota Carolina Montana,65,38,2B,23,T5,1,0,0,1,4.55%,-4.55%,0,0,0,1076,93,8,TAI,TAC,2B,2B,HR,1
Rey Revanchist,776,69,Dakota Carolina Montana,65,936,BB,133,T5,1,2,0,1,3.50%,-3.50%,0,0,0,1076,93,8,TAI,TAC,BB,1B,1B,1
Jay Money,241,666,Dakota Carolina Montana,65,316,DP,350,T5,1,4,0,1,-12.28%,12.28%,0,0,0,1076,93,8,TAI,TAC,RGO,RGO,K,1
Babatunde Oladotun,386,871,Rey Revanchist,776,235,K,364,B5,0,0,0,1,-6.28%,6.28%,0,0,0,1077,93,8,TAC,TAI,K,K,K,1
Julian O'Sullivan,2254,835,Rey Revanchist,776,903,1B,68,B5,1,0,0,1,8.02%,-8.02%,0,1,1,1077,93,8,TAC,TAI,1B,1B,1B,1
Alaina Mclean,1947,308,Rey Revanchist,776,327,HR,19,B5,1,1,0,1,45.65%,-45.65%,2,1,1,1077,93,8,TAC,TAI,HR,HR,HR,1
Duke Marriot,775,65,Rey Revanchist,776,752,K,313,B5,1,0,2,1,-1.61%,1.61%,0,0,0,1077,93,8,TAC,TAI,K,K,K,1
IBO Bust,186,888,Rey Revanchist,776,1000,BB,112,B5,2,0,2,1,1.22%,-1.22%,0,0,0,1077,93,8,TAC,TAI,BB,1B,1B,1
Oxleohl Driver,1943,658,Rey Revanchist,776,825,FO,167,B5,2,1,2,1,-2.38%,2.38%,0,0,0,1077,93,8,TAC,TAI,FO,FO,BB,1
Theodora DiBiaserunner,497,876,Duke Marriot,775,353,LGO,477,T6,0,0,2,1,-7.81%,7.81%,0,0,0,1078,93,8,TAI,TAC,LGO,LGO,LGO,1
Duke Silver,602,198,Duke Marriot,775,85,BB,113,T6,1,0,2,1,9.92%,-9.92%,0,0,0,1078,93,8,TAI,TAC,BB,BB,1B,1
Jaeger Ward,777,192,Duke Marriot,775,636,DP,444,T6,1,1,2,1,-21.67%,21.67%,0,0,0,1078,93,8,TAI,TAC,RGO,RGO,DP,1
Iris Solstice,401,392,Hudson Hildebrandt,284,777,K,385,T1,0,0,0,0,-2.52%,2.52%,0,0,0,1079,94,8,NUL,SAR,K,K,PO,1
Bartholomew J. Bottomtext,740,850,Hudson Hildebrandt,284,255,K,405,T1,1,0,0,0,-2.52%,2.52%,0,0,0,1079,94,8,NUL,SAR,K,K,RGO,1
Ziggy Cedar,56,766,Hudson Hildebrandt,284,100,K,334,T1,2,0,0,0,-1.74%,1.74%,0,0,0,1079,94,8,NUL,SAR,K,K,K,1
Bonesy McSkellington,1733,777,Hannibal Bligh,1724,802,3B,25,B1,0,0,0,0,9.36%,-9.36%,0,1,1,1080,94,8,SAR,NUL,3B,2B,3B,1
Bradle Beamen,203,499,Hannibal Bligh,1724,501,HR,2,B1,0,3,0,0,10.58%,-10.58%,2,1,1,1080,94,8,SAR,NUL,HR,HR,HR,1
Ross Ewage,1764,380,Hannibal Bligh,1724,380,HR,0,B1,0,0,2,0,7.16%,-7.16%,1,1,1,1080,94,8,SAR,NUL,HR,HR,HR,1
Fuzzy Dunlop,382,190,Hannibal Bligh,1724,277,1B,87,B1,0,0,3,0,0.37%,-0.37%,0,0,0,1080,94,8,SAR,NUL,1B,1B,1B,1
Gimpy Schlempteen 32,379,30,Emerson Austin,703,399,DP,369,B1,0,1,3,0,-3.09%,3.09%,0,0,0,1080,94,8,SAR,NUL,RGO,RGO,K,1
Elmo Seabreeze,1785,1000,Emerson Austin,703,8,HR,8,B1,2,0,3,0,5.95%,-5.95%,1,1,1,1080,94,8,SAR,NUL,HR,HR,HR,1
Makesiondon Kelkboom,327,312,Emerson Austin,703,555,FO,243,B1,2,0,4,0,-0.93%,0.93%,0,0,0,1080,94,8,SAR,NUL,FO,FO,FO,1
Emerson Austin,703,288,Hudson Hildebrandt,284,434,BB,146,T2,0,0,4,0,3.19%,-3.19%,0,0,0,1081,94,8,NUL,SAR,BB,BB,BB,1
Joey-Claire Hiveswap,291,223,Hudson Hildebrandt,284,2,K,221,T2,0,1,4,0,-2.10%,2.10%,0,0,0,1081,94,8,NUL,SAR,K,K,FO,1
Monica M. Clinton,1774,145,Hudson Hildebrandt,284,688,DP,457,T2,1,1,4,0,-6.18%,6.18%,0,0,0,1081,94,8,NUL,SAR,RGO,RGO,DP,1
Dr.Degratest Toevadoit,247,761,Emerson Austin,703,716,2B,45,B2,0,0,4,0,2.64%,-2.64%,0,1,1,1082,94,8,SAR,NUL,2B,2B,2B,1
Hudson Hildebrandt,284,420,Bob Robb,90,717,Bunt Sac,297,B2,0,2,4,0,-0.56%,0.56%,0,0,0,1082,94,8,SAR,NUL,Bunt Sac,Bunt Sac,Bunt Sac,3
Bonesy McSkellington,1733,740,Bob Robb,90,502,BB,238,B2,1,3,4,0,0.25%,-0.25%,0,1,1,1082,94,8,SAR,NUL,BB,K,Sac,1
Bradle Beamen,203,57,Bob Robb,90,94,3B,37,B2,1,5,4,0,4.88%,-4.88%,2,1,1,1082,94,8,SAR,NUL,3B,3B,2B,1
Ross Ewage,1764,271,Bob Robb,90,401,1B,130,B2,1,3,6,0,-1.01%,1.01%,1,0,0,1082,94,8,SAR,NUL,1B,1B,1B,1
Fuzzy Dunlop,382,450,Bob Robb,90,83,K,367,B2,1,1,7,0,-1.89%,1.89%,0,0,0,1082,94,8,SAR,NUL,K,RGO,K,1
Gimpy Schlempteen 32,379,522,Bob Robb,90,702,BB,180,B2,2,1,7,0,1.46%,-1.46%,0,0,0,1082,94,8,SAR,NUL,BB,FO,FO,1
Elmo Seabreeze,1785,831,Bob Robb,90,453,K,378,B2,2,4,7,0,-1.31%,1.31%,0,0,0,1082,94,8,SAR,NUL,K,RGO,PO,1
Reimer Gonzalez,13,1,Hudson Hildebrandt,284,90,1B,89,T3,0,0,7,0,1.72%,-1.72%,0,0,0,1083,94,8,NUL,SAR,1B,BB,1B,1
Haydn Werfer,392,1000,Hudson Hildebrandt,284,900,BB,100,T3,0,1,7,0,2.79%,-2.79%,0,0,0,1083,94,8,NUL,SAR,BB,BB,1B,1
Catfish O'Acid,406,201,Hudson Hildebrandt,284,606,PO,405,T3,0,4,7,0,-4.05%,4.05%,0,0,0,1083,94,8,NUL,SAR,PO,PO,DP,1
Iris Solstice,401,520,Hudson Hildebrandt,284,405,BB,115,T3,1,4,7,0,3.89%,-3.89%,0,0,0,1083,94,8,NUL,SAR,BB,BB,1B,1
Bartholomew J. Bottomtext,740,777,Hudson Hildebrandt,284,69,K,292,T3,1,7,7,0,-2.03%,2.03%,0,0,0,1083,94,8,NUL,SAR,K,K,K,1
Ziggy Cedar,56,676,Hudson Hildebrandt,284,268,PO,408,T3,2,7,7,0,-4.46%,4.46%,0,0,0,1083,94,8,NUL,SAR,PO,PO,RGO,1
Makesiondon Kelkboom,327,19,Bob Robb,90,535,LGO,484,B3,0,0,7,0,-0.08%,0.08%,0,0,0,1084,94,8,SAR,NUL,LGO,LGO,LGO,1
Dr.Degratest Toevadoit,247,453,Bob Robb,90,803,K,350,B3,1,0,7,0,-0.42%,0.42%,0,0,0,1084,94,8,SAR,NUL,K,RGO,K,1
Hudson Hildebrandt,284,420,Bob Robb,90,321,1B,99,B3,2,0,7,0,0.19%,-0.19%,0,1,1,1084,94,8,SAR,NUL,1B,1B,1B,1
Bonesy McSkellington,1733,181,Bob Robb,90,119,2B,62,B3,2,1,7,0,0.16%,-0.16%,1,0,0,1084,94,8,SAR,NUL,2B,1B,2B,1
Bradle Beamen,203,628,Bob Robb,90,302,K,326,B3,2,2,8,0,-0.31%,0.31%,0,0,0,1084,94,8,SAR,NUL,K,RGO,K,1
Bob Robb,90,633,Hudson Hildebrandt,284,707,1B,74,T4,0,0,8,0,1.48%,-1.48%,0,0,0,1085,94,8,NUL,SAR,1B,1B,1B,1
Joey-Claire Hiveswap,291,438,Hudson Hildebrandt,284,707,K,269,T4,0,1,8,0,-1.34%,1.34%,0,0,0,1085,94,8,NUL,SAR,K,K,FO,1
Monica M. Clinton,1774,742,Hudson Hildebrandt,284,101,K,359,T4,1,1,8,0,-0.88%,0.88%,0,0,0,1085,94,8,NUL,SAR,K,K,K,1
Reimer Gonzalez,13,720,Hudson Hildebrandt,284,999,K,279,T4,2,1,8,0,-0.77%,0.77%,0,0,0,1085,94,8,NUL,SAR,K,K,FO,1
Ross Ewage,1764,689,Bob Robb,90,870,BB,181,B4,0,0,8,0,0.05%,-0.05%,0,1,1,1086,94,8,SAR,NUL,BB,FO,FO,1
Fuzzy Dunlop,382,1,Bob Robb,90,403,PO,402,B4,0,1,8,0,-0.05%,0.05%,0,0,0,1086,94,8,SAR,NUL,PO,RGO,DP,1
Gimpy Schlempteen 32,379,100,Bob Robb,90,125,3B,25,B4,1,1,8,0,0.64%,-0.64%,1,1,1,1086,94,8,SAR,NUL,3B,2B,3B,1
Elmo Seabreeze,1785,555,Bob Robb,90,424,1B,131,B4,1,3,9,0,-0.64%,0.64%,1,1,1,1086,94,8,SAR,NUL,1B,BB,1B,1
Makesiondon Kelkboom,327,347,Bob Robb,90,621,FO,274,B4,1,1,10,0,-0.10%,0.10%,0,0,0,1086,94,8,SAR,NUL,FO,K,FO,1
Dr.Degratest Toevadoit,247,323,Bob Robb,90,107,BB,216,B4,2,1,10,0,-0.19%,0.19%,0,1,1,1086,94,8,SAR,NUL,BB,FO,FO,1
Hudson Hildebrandt,284,420,Bob Robb,90,621,BB,201,B4,2,4,10,0,0.85%,-0.85%,0,1,1,1086,94,8,SAR,NUL,BB,FO,FO,1
Bonesy McSkellington,1733,851,Bob Robb,90,803,2B,48,B4,2,7,10,0,-0.71%,0.71%,3,1,1,1086,94,8,SAR,NUL,2B,2B,2B,1
Bradle Beamen,203,55,Bob Robb,90,3,3B,52,B4,2,2,13,0,-0.41%,0.41%,1,1,1,1086,94,8,SAR,NUL,3B,2B,2B,1
Ross Ewage,1764,,Bob Robb,90,,IBB,,B4,2,3,14,0,0.80%,-0.80%,0,1,1,1086,94,8,SAR,NUL,IBB,IBB,IBB,8
Fuzzy Dunlop,382,666,Bob Robb,90,732,2B,66,B4,2,5,14,0,-0.39%,0.39%,2,1,1,1086,94,8,SAR,NUL,2B,1B,1B,1
Gimpy Schlempteen 32,379,600,Bob Robb,90,733,1B,133,B4,2,2,16,0,0.05%,-0.05%,1,1,1,1086,94,8,SAR,NUL,1B,BB,1B,1
Elmo Seabreeze,1785,734,Bob Robb,90,802,2B,68,B4,2,1,17,0,-0.05%,0.05%,1,0,0,1086,94,8,SAR,NUL,2B,2B,1B,1
Makesiondon Kelkboom,327,455,Bob Robb,90,142,FO,313,B4,2,2,18,0,-0.17%,0.17%,0,0,0,1086,94,8,SAR,NUL,FO,PO,K,1
Haydn Werfer,392,69,Hudson Hildebrandt,284,420,K,351,T5,0,0,18,0,-0.43%,0.43%,0,0,0,1087,94,8,NUL,SAR,K,K,K,1
Catfish O'Acid,406,180,Hudson Hildebrandt,284,69,1B,111,T5,1,0,18,0,0.68%,-0.68%,0,0,0,1087,94,8,NUL,SAR,1B,1B,1B,1
Iris Solstice,401,819,Hudson Hildebrandt,284,977,BB,158,T5,1,1,18,0,1.41%,-1.41%,0,0,0,1087,94,8,NUL,SAR,BB,FO,BB,1
Bartholomew J. Bottomtext,740,100,Hudson Hildebrandt,284,2,BB,98,T5,1,4,18,0,2.21%,-2.21%,0,0,0,1087,94,8,NUL,SAR,BB,BB,1B,1
Ziggy Cedar,56,,Hudson Hildebrandt,284,,Auto K,,T5,1,7,18,0,-2.65%,2.65%,0,0,0,1087,94,8,NUL,SAR,Auto K,Auto K,Auto K,9
Bob Robb,90,501,Hudson Hildebrandt,284,1,LGO,500,T5,2,7,18,0,-2.29%,2.29%,0,0,0,1087,94,8,NUL,SAR,LGO,LGO,LGO,1
Dr.Degratest Toevadoit,247,232,Bob Robb,90,203,3B,29,B5,0,0,18,0,-0.04%,0.04%,0,0,1,1088,94,8,SAR,NUL,3B,3B,3B,1
Hudson Hildebrandt,284,420,Bob Robb,90,2,PO,418,B5,0,3,18,0,-0.14%,0.14%,0,0,0,1088,94,8,SAR,NUL,PO,LGO,RGO,1
Dr.Degratest Toevadoit,247,909,Bob Robb,90,893,SB,16,B5,1,3,18,0,0.06%,-0.06%,1,1,0,1088,94,8,SAR,NUL,Steal Home,Steal Home,SB,4
Bonesy McSkellington,1733,69,Bob Robb,90,920,1B,149,B5,1,0,19,0,0.07%,-0.07%,0,1,1,1088,94,8,SAR,NUL,1B,BB,BB,1
Bradle Beamen,203,517,Monica M. Clinton,1774,356,1B,161,B5,1,1,19,0,0.14%,-0.14%,0,1,1,1088,94,8,SAR,NUL,1B,FO,BB,1
Ross Ewage,1764,55,Monica M. Clinton,1774,178,1B,123,B5,1,4,19,0,0.10%,-0.10%,0,1,1,1088,94,8,SAR,NUL,1B,BB,1B,1
Fuzzy Dunlop,382,888,Monica M. Clinton,1774,777,1B,111,B5,1,7,19,0,0.00%,0.00%,1,1,1,1088,94,8,SAR,NUL,1B,BB,1B,1
Gimpy Schlempteen 32,379,350,Monica M. Clinton,1774,460,1B,110,B5,1,7,20,0,0.00%,0.00%,1,1,1,1088,94,8,SAR,NUL,1B,BB,1B,1
Elmo Seabreeze,1785,600,Monica M. Clinton,1774,610,HR,10,B5,1,7,21,0,-0.31%,0.31%,4,1,1,1088,94,8,SAR,NUL,HR,HR,HR,1
Makesiondon Kelkboom,327,920,Monica M. Clinton,1774,1000,2B,80,B5,1,0,25,0,0.20%,-0.20%,0,1,1,1088,94,8,SAR,NUL,2B,1B,1B,1
Dr.Degratest Toevadoit,247,69,Monica M. Clinton,1774,615,RGO,454,B5,1,2,25,0,-0.46%,0.46%,0,0,0,1088,94,8,SAR,NUL,RGO,RGO,LGO,1
Hudson Hildebrandt,284,420,Monica M. Clinton,1774,385,3B,35,B5,2,3,25,0,0.00%,0.00%,1,0,0,1088,94,8,SAR,NUL,3B,2B,2B,1
Hudson Hildebrandt,284,420,Monica M. Clinton,1774,166,CS,254,B5,2,3,26,0,0.28%,-0.28%,0,0,0,1088,94,8,SAR,NUL,CS Home,CS Home,CS,4
Joey-Claire Hiveswap,291,119,Hudson Hildebrandt,284,420,K,301,T6,0,0,26,0,-0.21%,0.21%,0,0,0,1089,94,8,NUL,SAR,K,K,K,1
Monica M. Clinton,1774,69,Hudson Hildebrandt,284,420,K,351,T6,1,0,26,0,-0.13%,0.13%,0,0,0,1089,94,8,NUL,SAR,K,K,K,1
KlentakPay TheFuckingTax,1700,420,Hudson Hildebrandt,284,420,HR,0,T6,2,0,26,0,0.00%,0.00%,1,1,1,1089,94,8,NUL,SAR,HR,HR,HR,1
Haydn Werfer,392,261,Hudson Hildebrandt,284,920,K,341,T6,2,0,26,1,-0.02%,0.02%,0,0,0,1089,94,8,NUL,SAR,K,K,K,1
Drew Savage,329,1,Hank Murphy,76,281,K,280,T1,0,0,0,0,-2.52%,2.52%,0,0,0,1090,95,8,DAD,KTY,K,K,FO,1
Red Fox,784,69,Hank Murphy,76,183,1B,114,T1,1,0,0,0,3.21%,-3.21%,0,0,0,1090,95,8,DAD,KTY,1B,1B,1B,1
Luke Skywalker,2251,555,Hank Murphy,76,959,DP,404,T1,1,1,0,0,-7.47%,7.47%,0,0,0,1090,95,8,DAD,KTY,LGO,LGO,DP,1
Mo Jungo,1814,613,Michael Smith,1955,210,RGO,403,B1,0,0,0,0,-2.73%,2.73%,0,0,0,1091,95,8,KTY,DAD,RGO,RGO,RGO,1
Ax Finesse,1824,,Michael Smith,1955,,Auto K,,B1,1,0,0,0,-2.27%,2.27%,0,0,0,1091,95,8,KTY,DAD,Auto K,Auto K,Auto K,9
Otis Nixon Sr.,107,815,Michael Smith,1955,493,RGO,322,B1,2,0,0,0,-1.79%,1.79%,0,0,0,1091,95,8,KTY,DAD,RGO,RGO,K,1
Runner Buehler,717,660,Hank Murphy,76,505,FO,155,T2,0,0,0,0,-2.86%,2.86%,0,0,0,1092,95,8,DAD,KTY,FO,FO,BB,1
Dixie Normos,332,334,Hank Murphy,76,202,BB,132,T2,1,0,0,0,3.77%,-3.77%,0,0,0,1092,95,8,DAD,KTY,BB,BB,1B,1
Amper Sand,774,37,Hank Murphy,76,202,FO,165,T2,1,1,0,0,-4.68%,4.68%,0,0,0,1092,95,8,DAD,KTY,FO,FO,BB,1
Sam Smith,158,404,Hank Murphy,76,170,FO,234,T2,2,1,0,0,-3.52%,3.52%,0,0,0,1092,95,8,DAD,KTY,FO,FO,FO,1
Jason Varitek,1810,572,Michael Smith,1955,123,RGO,449,B2,0,0,0,0,-2.75%,2.75%,0,0,0,1093,95,8,KTY,DAD,RGO,RGO,RGO,1
Pedro Cerrano-Spaz,1798,777,Mike Fruitstand,772,668,1B,109,B2,1,0,0,0,3.67%,-3.67%,0,0,0,1093,95,8,KTY,DAD,1B,1B,1B,1
David Roidtiz,1742,105,Mike Fruitstand,772,542,DP,437,B2,1,1,0,0,-8.23%,8.23%,0,0,0,1093,95,8,KTY,DAD,LGO,LGO,DP,1
Rekt Keyo,331,999,Hank Murphy,76,18,3B,19,T3,0,0,0,0,13.79%,-13.79%,0,1,1,1094,95,8,DAD,KTY,3B,3B,HR,1
Cam'ron,525,709,Hank Murphy,76,911,Sac,202,T3,0,3,0,0,-2.90%,2.90%,1,0,0,1094,95,8,DAD,KTY,FO,FO,Sac,1
Drew Savage,329,969,Hank Murphy,76,707,FO,262,T3,1,0,0,1,-2.57%,2.57%,0,0,0,1094,95,8,DAD,KTY,FO,FO,FO,1
Red Fox,784,32,Hank Murphy,76,507,LGO,475,T3,2,0,0,1,-1.56%,1.56%,0,0,0,1094,95,8,DAD,KTY,LGO,LGO,LGO,1
Buck Armstrong,97,,Mike Fruitstand,772,,Auto K,,B3,0,0,0,1,-4.00%,4.00%,0,0,0,1095,95,8,KTY,DAD,Auto K,Auto K,Auto K,9
Mr. Miyagi,265,1000,Mike Fruitstand,772,114,1B,114,B3,1,0,0,1,5.31%,-5.31%,0,1,1,1095,95,8,KTY,DAD,1B,1B,1B,1
Kirby Birch,1800,1000,Mike Fruitstand,772,996,HR,4,B3,1,1,0,1,25.55%,-25.55%,2,1,1,1095,95,8,KTY,DAD,HR,HR,HR,1
Mo Jungo,1814,334,Mike Fruitstand,772,585,PO,251,B3,1,0,2,1,-2.24%,2.24%,0,0,0,1095,95,8,KTY,DAD,PO,PO,FO,1
Ax Finesse,1824,989,Mike Fruitstand,772,889,BB,100,B3,2,0,2,1,1.66%,-1.66%,0,0,0,1095,95,8,KTY,DAD,BB,BB,1B,1
Otis Nixon Sr.,107,250,Mike Fruitstand,772,585,RGO,335,B3,2,1,2,1,-3.10%,3.10%,0,0,0,1095,95,8,KTY,DAD,RGO,RGO,K,1
Luke Skywalker,2251,783,Hank Murphy,76,238,LGO,455,T4,0,0,2,1,-4.06%,4.06%,0,0,0,1096,95,8,DAD,KTY,LGO,LGO,LGO,1
Runner Buehler,717,320,Hank Murphy,76,707,RGO,387,T4,1,0,2,1,-3.83%,3.83%,0,0,0,1096,95,8,DAD,KTY,RGO,RGO,PO,1
Dixie Normos,332,211,Hank Murphy,76,238,3B,27,T4,2,0,2,1,5.60%,-5.60%,0,0,0,1096,95,8,DAD,KTY,3B,3B,3B,1
Amper Sand,774,55,Hank Murphy,76,341,Bunt Sac,286,T4,2,3,2,1,-8.17%,8.17%,0,0,0,1096,95,8,DAD,KTY,Bunt Sac,Bunt Sac,Bunt Sac,3
Jason Varitek,1810,880,Mike Fruitstand,772,170,K,290,B4,0,0,2,1,-2.24%,2.24%,0,0,0,1097,95,8,KTY,DAD,K,K,K,1
Pedro Cerrano-Spaz,1798,777,Mike Fruitstand,772,780,HR,3,B4,1,0,2,1,10.66%,-10.66%,1,1,1,1097,95,8,KTY,DAD,HR,HR,HR,1
David Roidtiz,1742,545,Mike Fruitstand,772,777,K,232,B4,1,0,3,1,-1.11%,1.11%,0,0,0,1097,95,8,KTY,DAD,K,K,FO,1
Buck Armstrong,97,262,Mike Fruitstand,772,664,RGO,402,B4,2,0,3,1,-0.64%,0.64%,0,0,0,1097,95,8,KTY,DAD,RGO,RGO,RGO,1
Sam Smith,158,970,Hank Murphy,76,700,K,270,T5,0,0,3,1,-3.62%,3.62%,0,0,0,1098,95,8,DAD,KTY,K,K,FO,1
Rekt Keyo,331,20,Hank Murphy,76,234,FO,214,T5,1,0,3,1,-3.57%,3.57%,0,0,0,1098,95,8,DAD,KTY,FO,FO,FO,1
Cam'ron,525,333,Hank Murphy,76,246,1B,87,T5,2,0,3,1,3.06%,-3.06%,0,0,0,1098,95,8,DAD,KTY,1B,1B,1B,1
Drew Savage,329,176,Hank Murphy,76,116,1B,60,T5,2,1,3,1,4.42%,-4.42%,0,0,0,1098,95,8,DAD,KTY,1B,1B,2B,1
Red Fox,784,721,Hank Murphy,76,506,FO,215,T5,2,5,3,1,-9.22%,9.22%,0,0,0,1098,95,8,DAD,KTY,FO,FO,FO,1
Mr. Miyagi,265,911,Mike Fruitstand,772,788,1B,123,B5,0,0,3,1,1.12%,-1.12%,0,0,1,1099,95,8,KTY,DAD,1B,1B,1B,1
Mr. Miyagi,265,299,Mike Fruitstand,772,123,SB,176,B5,0,1,3,1,0.86%,-0.86%,0,1,0,1099,95,8,KTY,DAD,Steal 2B,Steal 2B,SB,4
Kirby Birch,1800,757,Mike Fruitstand,772,676,1B,81,B5,0,2,3,1,2.06%,-2.06%,0,0,0,1099,95,8,KTY,DAD,1B,1B,1B,1
Mo Jungo,1814,293,Mike Fruitstand,772,442,Sac,149,B5,0,5,3,1,0.00%,0.00%,1,0,0,1099,95,8,KTY,DAD,FO,FO,BB,1
Ax Finesse,1824,686,Mike Fruitstand,772,133,DP,447,B5,1,1,4,1,-1.11%,1.11%,0,0,0,1099,95,8,KTY,DAD,LGO,LGO,DP,1
Luke Skywalker,2251,950,Hank Murphy,76,641,RGO,309,T6,0,0,4,1,-2.36%,2.36%,0,0,0,1100,95,8,DAD,KTY,RGO,RGO,K,1
Runner Buehler,717,800,Hank Murphy,76,146,PO,346,T6,1,0,4,1,-1.65%,1.65%,0,0,0,1100,95,8,DAD,KTY,PO,PO,K,1
Dixie Normos,332,810,Hank Murphy,76,8,FO,198,T6,2,0,4,1,-0.54%,0.54%,0,0,0,1100,95,8,DAD,KTY,FO,FO,FO,1
Nickey Hallaway,2225,420,Hero Brine,1942,538,BB,118,T1,0,0,0,0,3.67%,-3.67%,0,0,0,1101,96,8,PHB,MVM,BB,BB,1B,1
Pork Torkleton,1699,999,Hero Brine,1942,777,FO,222,T1,0,1,0,0,-2.98%,2.98%,0,0,0,1101,96,8,PHB,MVM,FO,FO,FO,1
Kenny Pupton,2224,333,Hero Brine,1942,12,PO,321,T1,1,1,0,0,-3.96%,3.96%,0,0,0,1101,96,8,PHB,MVM,PO,PO,K,1
Gil Metz,206,353,Hero Brine,1942,137,K,216,T1,2,1,0,0,-3.51%,3.51%,0,0,0,1101,96,8,PHB,MVM,K,K,FO,1
cocl,487,666,Coleman Waters,152,110,LGO,444,B1,0,0,0,0,-2.73%,2.73%,0,0,0,1102,96,8,MVM,PHB,LGO,LGO,RGO,1
Star Burns,558,885,Coleman Waters,152,792,1B,93,B1,1,0,0,0,3.37%,-3.37%,0,0,0,1102,96,8,MVM,PHB,1B,1B,1B,1
Jeremy Carolina,728,760,Coleman Waters,152,367,PO,393,B1,1,1,0,0,-4.14%,4.14%,0,0,0,1102,96,8,MVM,PHB,PO,PO,PO,1
Baron Harold Willingsby,765,912,Coleman Waters,152,654,FO,258,B1,2,1,0,0,-3.29%,3.29%,0,0,0,1102,96,8,MVM,PHB,FO,FO,FO,1
Johññy Coppolella,738,950,Hero Brine,1942,671,K,279,T2,0,0,0,0,-2.86%,2.86%,0,0,0,1103,96,8,PHB,MVM,K,K,FO,1
Jrue Pierce,759,501,Hero Brine,1942,7,LGO,494,T2,1,0,0,0,-2.90%,2.90%,0,0,0,1103,96,8,PHB,MVM,LGO,LGO,LGO,1
WILL THE THRILL,745,250,Hero Brine,1942,2,PO,248,T2,2,0,0,0,-1.53%,1.53%,0,0,0,1103,96,8,PHB,MVM,PO,PO,FO,1
Jeo From,236,137,Coleman Waters,152,206,1B,69,B2,0,0,0,0,3.93%,-3.93%,0,1,1,1104,96,8,MVM,PHB,1B,1B,1B,1
Ioe Torrent,1844,518,Coleman Waters,152,602,1B,84,B2,0,1,0,0,7.72%,-7.72%,0,0,0,1104,96,8,MVM,PHB,1B,1B,1B,1
Orlando Champagne,500,360,Coleman Waters,152,916,DP,444,B2,0,4,0,0,-12.70%,12.70%,0,0,0,1104,96,8,MVM,PHB,RGO,RGO,DP,1
Mike Hampton,782,420,Coleman Waters,152,424,HR,4,B2,2,3,0,0,19.39%,-19.39%,2,1,1,1104,96,8,MVM,PHB,HR,HR,HR,1
Reggie Stocker,1958,910,Coleman Waters,152,537,K,373,B2,2,0,2,0,-0.89%,0.89%,0,0,0,1104,96,8,MVM,PHB,K,K,K,1
Jeff Steelflex,268,500,Hero Brine,1942,495,HR,5,T3,0,0,2,0,11.22%,-11.22%,1,1,1,1105,96,8,PHB,MVM,HR,HR,HR,1
Coleman Waters,152,15,Hero Brine,1942,789,K,226,T3,0,0,2,1,-3.61%,3.61%,0,0,0,1105,96,8,PHB,MVM,K,K,FO,1
Nickey Hallaway,2225,347,Hero Brine,1942,834,LGO,487,T3,1,0,2,1,-3.13%,3.13%,0,0,0,1105,96,8,PHB,MVM,LGO,LGO,LGO,1
Pork Torkleton,1699,349,Hero Brine,1942,2,PO,347,T3,2,0,2,1,-2.16%,2.16%,0,0,0,1105,96,8,PHB,MVM,PO,PO,K,1
cocl,487,324,Coleman Waters,152,749,RGO,425,B3,0,0,2,1,-2.34%,2.34%,0,0,0,1106,96,8,MVM,PHB,RGO,RGO,RGO,1
Star Burns,558,501,Coleman Waters,152,328,FO,173,B3,1,0,2,1,-2.24%,2.24%,0,0,0,1106,96,8,MVM,PHB,FO,FO,BB,1
Jeremy Carolina,728,501,Coleman Waters,152,808,K,307,B3,2,0,2,1,-1.44%,1.44%,0,0,0,1106,96,8,MVM,PHB,K,K,K,1
Kenny Pupton,2224,501,Hero Brine,1942,988,LGO,487,T4,0,0,2,1,-4.06%,4.06%,0,0,0,1107,96,8,PHB,MVM,LGO,LGO,LGO,1
Gil Metz,206,832,Hero Brine,1942,7,FO,175,T4,1,0,2,1,-3.83%,3.83%,0,0,0,1107,96,8,PHB,MVM,FO,FO,BB,1
Johññy Coppolella,738,69,Hero Brine,1942,327,K,258,T4,2,0,2,1,-2.57%,2.57%,0,0,0,1107,96,8,PHB,MVM,K,K,FO,1
Baron Harold Willingsby,765,180,Coleman Waters,152,504,K,324,B4,0,0,2,1,-2.24%,2.24%,0,0,0,1108,96,8,MVM,PHB,K,K,K,1
Jeo From,236,711,Coleman Waters,152,217,LGO,494,B4,1,0,2,1,-1.93%,1.93%,0,0,0,1108,96,8,MVM,PHB,LGO,LGO,LGO,1
Ioe Torrent,1844,41,Coleman Waters,152,246,FO,205,B4,2,0,2,1,-1.56%,1.56%,0,0,0,1108,96,8,MVM,PHB,FO,FO,FO,1
Jrue Pierce,759,123,Hero Brine,1942,103,3B,20,T5,0,0,2,1,18.82%,-18.82%,0,0,0,1109,96,8,PHB,MVM,3B,3B,HR,1
WILL THE THRILL,745,777,Hero Brine,1942,999,PO,222,T5,0,3,2,1,-7.31%,7.31%,0,0,0,1109,96,8,PHB,MVM,PO,PO,Sac,1
Jeff Steelflex,268,,Hero Brine,1942,,Auto K,,T5,1,3,2,1,-15.89%,15.89%,0,0,0,1109,96,8,PHB,MVM,Auto K,Auto K,Auto K,9
Coleman Waters,152,777,Hero Brine,1942,589,K,188,T5,2,3,2,1,-9.51%,9.51%,0,0,0,1109,96,8,PHB,MVM,K,K,FO,1
Orlando Champagne,500,450,Coleman Waters,152,668,FO,218,B5,0,0,2,1,-1.87%,1.87%,0,0,0,1110,96,8,MVM,PHB,FO,FO,FO,1
Mike Hampton,782,69,Coleman Waters,152,109,2B,40,B5,1,0,2,1,3.09%,-3.09%,0,1,1,1110,96,8,MVM,PHB,2B,2B,2B,1
Reggie Stocker,1958,880,Coleman Waters,152,907,HR,27,B5,1,2,2,1,9.89%,-9.89%,2,1,1,1110,96,8,MVM,PHB,HR,HR,3B,1
cocl,487,444,Coleman Waters,152,222,FO,222,B5,1,0,4,1,-0.27%,0.27%,0,0,0,1110,96,8,MVM,PHB,FO,FO,FO,1
Ben Bramly,238,929,Coleman Waters,152,1,2B,72,B5,2,0,4,1,0.68%,-0.68%,0,0,0,1110,96,8,MVM,PHB,2B,1B,1B,1
Jeremy Carolina,728,701,Coleman Waters,152,1,K,300,B5,2,2,4,1,-1.15%,1.15%,0,0,0,1110,96,8,MVM,PHB,K,K,K,1
Nickey Hallaway,2225,777,Haloick Oasis,1842,533,FO,244,T6,0,0,4,1,-2.36%,2.36%,0,0,0,1111,96,8,PHB,MVM,FO,FO,FO,1
Pork Torkleton,1699,880,Haloick Oasis,1842,277,RGO,397,T6,1,0,4,1,-1.65%,1.65%,0,0,0,1111,96,8,PHB,MVM,RGO,RGO,PO,1
Kenny Pupton,2224,675,Haloick Oasis,1842,1000,PO,325,T6,2,0,4,1,-0.54%,0.54%,0,0,0,1111,96,8,PHB,MVM,PO,PO,K,1
Trevor Rose,1725,600,Yahtzee Pinocchio,815,139,RGO,461,T1,0,0,0,0,-2.52%,2.52%,0,0,0,1112,97,9,YUM,WSH,RGO,RGO,LGO,1
Shirley Sir,698,990,Yahtzee Pinocchio,815,492,LGO,498,T1,1,0,0,0,-2.52%,2.52%,0,0,0,1112,97,9,YUM,WSH,LGO,LGO,LGO,1
Derek Tombides,580,420,Yahtzee Pinocchio,815,533,1B,113,T1,2,0,0,0,1.77%,-1.77%,0,1,1,1112,97,9,YUM,WSH,1B,1B,1B,1
P'quilla Porgsby,599,456,Yahtzee Pinocchio,815,513,2B,57,T1,2,1,0,0,12.25%,-12.25%,1,0,0,1112,97,9,YUM,WSH,2B,2B,2B,1
Rabbi Chase,411,1,Yahtzee Pinocchio,815,311,K,310,T1,2,2,0,1,-4.51%,4.51%,0,0,0,1112,97,9,YUM,WSH,K,PO,K,1
Jabreakit Jubawit,1964,289,Richard Saks,321,104,FO,185,B1,0,0,0,1,-3.15%,3.15%,0,0,0,1113,97,9,WSH,YUM,FO,FO,FO,1
Jocko Jones,295,859,Richard Saks,321,712,BB,147,B1,1,0,0,1,3.84%,-3.84%,0,0,0,1113,97,9,WSH,YUM,BB,BB,BB,1
Billy McBeans,681,101,Richard Saks,321,359,FO,258,B1,1,1,0,1,-4.34%,4.34%,0,0,0,1113,97,9,WSH,YUM,FO,FO,FO,1
KC Bats,287,455,Richard Saks,321,805,K,350,B1,2,1,0,1,-3.76%,3.76%,0,0,0,1113,97,9,WSH,YUM,K,K,K,1
Vigolashi Dongeroso,159,959,Yahtzee Pinocchio,815,293,PO,334,T2,0,0,0,1,-2.62%,2.62%,0,0,0,1114,97,9,YUM,WSH,PO,PO,K,1
Spike McBride,423,64,Yahtzee Pinocchio,815,618,RGO,446,T2,1,0,0,1,-2.34%,2.34%,0,0,0,1114,97,9,YUM,WSH,RGO,RGO,RGO,1
Superbone Threefinger,413,512,Yahtzee Pinocchio,815,729,FO,217,T2,2,0,0,1,-1.56%,1.56%,0,0,0,1114,97,9,YUM,WSH,FO,FO,FO,1
Jack Ryan,2215,314,Richard Saks,321,300,HR,14,B2,0,0,0,1,12.64%,-12.64%,1,1,1,1115,97,9,WSH,YUM,HR,HR,HR,1
Angel Leon,234,360,Richard Saks,321,106,FO,254,B2,0,0,1,1,-2.75%,2.75%,0,0,0,1115,97,9,WSH,YUM,FO,FO,FO,1
Mitch Kramer,669,589,Richard Saks,321,719,BB,130,B2,1,0,1,1,3.67%,-3.67%,0,1,1,1115,97,9,WSH,YUM,BB,BB,1B,1
Joe Pidgeon,301,444,Richard Saks,321,487,2B,43,B2,1,1,1,1,11.21%,-11.21%,0,1,1,1115,97,9,WSH,YUM,2B,1B,2B,1
Phil Coulson,226,814,Richard Saks,321,926,1B,112,B2,1,6,1,1,7.58%,-7.58%,1,1,1,1115,97,9,WSH,YUM,1B,1B,1B,1
Jabreakit Jubawit,1964,193,Richard Saks,321,799,PO,394,B2,1,5,2,1,-8.09%,8.09%,0,0,0,1115,97,9,WSH,YUM,PO,PO,PO,1
Jocko Jones,295,,Richard Saks,321,,Auto BB,,B2,2,5,2,1,2.14%,-2.14%,0,1,1,1115,97,9,WSH,YUM,Auto BB,Auto BB,Auto BB,10
Billy McBeans,681,322,Richard Saks,321,327,HR,5,B2,2,7,2,1,22.35%,-22.35%,4,1,1,1115,97,9,WSH,YUM,HR,HR,HR,1
KC Bats,287,666,Richard Saks,321,567,1B,99,B2,2,0,6,1,0.68%,-0.68%,0,0,0,1115,97,9,WSH,YUM,1B,1B,1B,1
Jack Ryan,2215,59,Richard Saks,321,168,1B,109,B2,2,1,6,1,0.62%,-0.62%,0,0,0,1115,97,9,WSH,YUM,1B,1B,1B,1
Angel Leon,234,988,Richard Saks,321,432,RGO,444,B2,2,5,6,1,-1.29%,1.29%,0,0,0,1115,97,9,WSH,YUM,RGO,RGO,RGO,1
Chris Yukine,335,777,Yahtzee Pinocchio,815,842,1B,65,T3,0,0,6,1,2.51%,-2.51%,0,0,0,1116,97,9,YUM,WSH,1B,1B,1B,1
Trevor Rose,1725,300,Yahtzee Pinocchio,815,422,1B,122,T3,0,1,6,1,3.57%,-3.57%,0,0,0,1116,97,9,YUM,WSH,1B,1B,1B,1
Shirley Sir,698,990,Yahtzee Pinocchio,815,739,K,251,T3,0,4,6,1,-1.68%,1.68%,0,0,0,1116,97,9,YUM,WSH,K,K,FO,1
Derek Tombides,580,240,Yahtzee Pinocchio,815,429,FO,189,T3,1,4,6,1,-5.30%,5.30%,0,0,0,1116,97,9,YUM,WSH,FO,FO,FO,1
P'quilla Porgsby,599,999,Yahtzee Pinocchio,815,602,PO,397,T3,2,4,6,1,-1.80%,1.80%,0,0,0,1116,97,9,YUM,WSH,PO,PO,PO,1
Mitch Kramer,669,837,Richard Saks,321,215,K,378,B3,0,0,6,1,0.09%,-0.09%,0,0,0,1117,97,9,WSH,YUM,K,K,PO,1
Joe Pidgeon,301,327,Richard Saks,321,736,RGO,409,B3,1,0,6,1,-0.41%,0.41%,0,0,0,1117,97,9,WSH,YUM,RGO,RGO,RGO,1
Phil Coulson,226,395,Richard Saks,321,350,2B,45,B3,2,0,6,1,0.45%,-0.45%,0,0,0,1117,97,9,WSH,YUM,2B,2B,2B,1
Jabreakit Jubawit,1964,,Richard Saks,321,,Auto K,,B3,2,2,6,1,-0.95%,0.95%,0,0,0,1117,97,9,WSH,YUM,Auto K,Auto K,Auto K,9
Rabbi Chase,411,1,Yahtzee Pinocchio,815,264,K,263,T4,0,0,6,1,-1.25%,1.25%,0,0,0,1118,97,9,YUM,WSH,K,K,FO,1
Vigolashi Dongeroso,159,892,Yahtzee Pinocchio,815,832,2B,60,T4,1,0,6,1,0.81%,-0.81%,0,0,0,1118,97,9,YUM,WSH,2B,2B,2B,1
Spike McBride,423,292,Yahtzee Pinocchio,815,848,RGO,444,T4,1,2,6,1,1.09%,-1.09%,0,0,0,1118,97,9,YUM,WSH,RGO,RGO,RGO,1
Superbone Threefinger,413,3,Yahtzee Pinocchio,815,626,PO,377,T4,2,3,6,1,-3.31%,3.31%,0,0,0,1118,97,9,YUM,WSH,PO,PO,K,1
Jocko Jones,295,799,Richard Saks,321,373,RGO,426,B4,0,0,6,1,-0.52%,0.52%,0,0,0,1119,97,9,WSH,YUM,RGO,RGO,RGO,1
Billy McBeans,681,401,Richard Saks,321,960,RGO,441,B4,1,0,6,1,-0.01%,0.01%,0,0,0,1119,97,9,WSH,YUM,RGO,RGO,RGO,1
KC Bats,287,420,Richard Saks,321,295,BB,125,B4,2,0,6,1,0.22%,-0.22%,0,0,0,1119,97,9,WSH,YUM,BB,BB,1B,1
Jack Ryan,2215,13,Richard Saks,321,594,RGO,419,B4,2,1,6,1,-0.26%,0.26%,0,0,0,1119,97,9,WSH,YUM,RGO,RGO,RGO,1
Chris Yukine,335,699,Cagney O’verpaid,1743,744,2B,45,T5,0,0,6,1,2.35%,-2.35%,0,1,1,1120,97,9,YUM,WSH,2B,2B,2B,1
Trevor Rose,1725,69,Cagney O’verpaid,1743,893,BB,176,T5,0,2,6,1,3.28%,-3.28%,0,1,1,1120,97,9,YUM,WSH,BB,BB,BB,1
Shirley Sir,698,180,Cagney O’verpaid,1743,200,2B,20,T5,0,4,6,1,10.40%,-10.40%,1,0,0,1120,97,9,YUM,WSH,2B,2B,HR,1
Derek Tombides,580,215,Cagney O’verpaid,1743,969,Sac,246,T5,0,6,6,2,-7.82%,7.82%,1,0,0,1120,97,9,YUM,WSH,FO,FO,Sac,1
P'quilla Porgsby,599,578,Cagney O’verpaid,1743,811,FO,233,T5,1,2,6,3,-4.35%,4.35%,0,0,0,1120,97,9,YUM,WSH,FO,FO,FO,1
Rabbi Chase,411,1,Cagney O’verpaid,1743,711,FO,290,T5,2,2,6,3,-2.98%,2.98%,0,0,0,1120,97,9,YUM,WSH,FO,FO,K,1
Conor Sexton,289,263,Richard Saks,321,374,1B,111,B5,0,0,6,3,0.74%,-0.74%,0,0,0,1121,97,9,WSH,YUM,1B,1B,1B,1
Mitch Kramer,669,738,Richard Saks,321,452,FO,286,B5,0,1,6,3,-0.74%,0.74%,0,0,0,1121,97,9,WSH,YUM,FO,FO,K,1
Joe Pidgeon,301,738,Richard Saks,321,950,FO,212,B5,1,1,6,3,-0.55%,0.55%,0,0,0,1121,97,9,WSH,YUM,FO,FO,FO,1
Phil Coulson,226,417,Richard Saks,321,761,K,344,B5,2,1,6,3,-0.56%,0.56%,0,0,0,1121,97,9,WSH,YUM,K,K,K,1
Vigolashi Dongeroso,159,206,Cagney O’verpaid,1743,211,HR,5,T6,0,0,6,3,4.89%,-4.89%,1,1,1,1122,97,9,YUM,WSH,HR,HR,HR,1
Spike McBride,423,424,Cagney O’verpaid,1743,854,RGO,430,T6,0,0,6,4,-4.18%,4.18%,0,0,0,1122,97,9,YUM,WSH,RGO,RGO,RGO,1
Superbone Threefinger,413,575,Cagney O’verpaid,1743,927,K,352,T6,1,0,6,4,-3.65%,3.65%,0,0,0,1122,97,9,YUM,WSH,K,K,K,1
Chris Yukine,335,73,Cagney O’verpaid,1743,494,RGO,421,T6,2,0,6,4,-1.61%,1.61%,0,0,0,1122,97,9,YUM,WSH,RGO,RGO,RGO,1
Ethan Franklin,128,139,Nick Willis Jr.,1841,282,BB,143,T1,0,0,0,0,3.67%,-3.67%,0,0,0,1123,98,9,TSA,RKT,BB,BB,BB,1
Batter Buckland,137,47,Nick Willis Jr.,1841,692,K,355,T1,0,1,0,0,-2.98%,2.98%,0,0,0,1123,98,9,TSA,RKT,K,K,K,1
"Adrian ""Pudge"" Young",1772,97,Nick Willis Jr.,1841,610,DP,487,T1,1,1,0,0,-7.47%,7.47%,0,0,0,1123,98,9,TSA,RKT,LGO,LGO,DP,1
Einhorn,74,69,Fernando Cruz,176,222,BB,153,B1,0,0,0,0,3.55%,-3.55%,0,0,0,1124,98,9,RKT,TSA,BB,BB,BB,1
Jrue Pierce,759,313,Fernando Cruz,176,563,Bunt Sac,250,B1,0,1,0,0,-0.88%,0.88%,0,0,0,1124,98,9,RKT,TSA,Bunt Sac,Bunt Sac,Bunt Sac,3
Austin Schwartz,49,555,Fernando Cruz,176,190,RGO,365,B1,1,2,0,0,-4.12%,4.12%,0,0,0,1124,98,9,RKT,TSA,RGO,RGO,K,1
Primal Cookie,779,898,Fernando Cruz,176,287,RGO,389,B1,2,3,0,0,-5.34%,5.34%,0,0,0,1124,98,9,RKT,TSA,RGO,RGO,PO,1
Lloyd Gross,135,555,Nick Willis Jr.,1841,943,PO,388,T2,0,0,0,0,-2.86%,2.86%,0,0,0,1125,98,9,TSA,RKT,PO,PO,PO,1
Davoin Shower-Handel,1949,444,Nick Willis Jr.,1841,105,K,339,T2,1,0,0,0,-2.90%,2.90%,0,0,0,1125,98,9,TSA,RKT,K,K,K,1
Wonder Francoh,2242,264,Nick Willis Jr.,1841,183,1B,81,T2,2,0,0,0,1.99%,-1.99%,0,0,0,1125,98,9,TSA,RKT,1B,2B,1B,1
Mutton Happleburth,493,999,Nick Willis Jr.,1841,414,RGO,415,T2,2,1,0,0,-3.52%,3.52%,0,0,0,1125,98,9,TSA,RKT,RGO,RGO,RGO,1
Kyle Bellinger,730,14,Fernando Cruz,176,829,BB,185,B2,0,0,0,0,3.93%,-3.93%,0,0,0,1126,98,9,RKT,TSA,BB,BB,FO,1
Kyle Bellinger,730,350,Fernando Cruz,176,10,CS,340,B2,0,1,0,0,-6.68%,6.68%,0,0,0,1126,98,9,RKT,TSA,CS 2B,CS 2B,CS,4
Jake Wexler,399,21,Fernando Cruz,176,743,K,278,B2,1,0,0,0,-2.68%,2.68%,0,0,0,1126,98,9,RKT,TSA,K,K,FO,1
Kyle Corbett,707,11,Fernando Cruz,176,806,FO,205,B2,2,0,0,0,-1.88%,1.88%,0,0,0,1126,98,9,RKT,TSA,FO,FO,FO,1
Hayden McCloud,129,218,Nick Willis Jr.,1841,459,K,241,T3,0,0,0,0,-3.25%,3.25%,0,0,0,1127,98,9,TSA,RKT,K,K,FO,1
Nicholas Fouss,1776,185,Nick Willis Jr.,1841,857,K,328,T3,1,0,0,0,-3.05%,3.05%,0,0,0,1127,98,9,TSA,RKT,K,K,K,1
Ethan Franklin,128,333,Nick Willis Jr.,1841,42,K,291,T3,2,0,0,0,-2.06%,2.06%,0,0,0,1127,98,9,TSA,RKT,K,K,K,1
DeVon Pepper,1701,,Fernando Cruz,176,,Auto BB,,B3,0,0,0,0,4.52%,-4.52%,0,1,1,1128,98,9,RKT,TSA,Auto BB,Auto BB,Auto BB,10
Penny Lane,716,666,Fernando Cruz,176,511,BB,155,B3,0,1,0,0,7.55%,-7.55%,0,1,1,1128,98,9,RKT,TSA,BB,BB,BB,1
Einhorn,74,69,Fernando Cruz,176,926,BB,143,B3,0,4,0,0,6.72%,-6.72%,0,1,1,1128,98,9,RKT,TSA,BB,BB,BB,1
Jrue Pierce,759,833,Fernando Cruz,176,864,3B,31,B3,0,7,0,0,14.93%,-14.93%,3,1,1,1128,98,9,RKT,TSA,3B,3B,2B,1
Austin Schwartz,49,220,Lloyd Gross,135,444,Sac,224,B3,0,3,3,0,1.06%,-1.06%,1,0,0,1128,98,9,RKT,TSA,FO,FO,Sac,1
Primal Cookie,779,360,Lloyd Gross,135,350,HR,10,B3,1,0,4,0,3.08%,-3.08%,1,1,1,1128,98,9,RKT,TSA,HR,HR,HR,1
Kyle Bellinger,730,66,Lloyd Gross,135,350,K,284,B3,1,0,5,0,-0.41%,0.41%,0,0,0,1128,98,9,RKT,TSA,K,K,FO,1
Jake Wexler,399,,Lloyd Gross,135,,Auto K,,B3,2,0,5,0,-0.50%,0.50%,0,0,0,1128,98,9,RKT,TSA,Auto K,Auto K,Auto K,9
Batter Buckland,137,960,Nick Willis Jr.,1841,513,RGO,447,T4,0,0,5,0,-1.25%,1.25%,0,0,0,1129,98,9,TSA,RKT,RGO,RGO,RGO,1
"Adrian ""Pudge"" Young",1772,272,Nick Willis Jr.,1841,666,RGO,394,T4,1,0,5,0,-0.75%,0.75%,0,0,0,1129,98,9,TSA,RKT,RGO,RGO,PO,1
Lloyd Gross,135,420,Nick Willis Jr.,1841,628,FO,208,T4,2,0,5,0,-0.66%,0.66%,0,0,0,1129,98,9,TSA,RKT,FO,FO,FO,1
Kyle Corbett,707,272,Lloyd Gross,135,997,FO,275,B4,0,0,5,0,-0.52%,0.52%,0,0,0,1130,98,9,RKT,TSA,FO,FO,FO,1
DeVon Pepper,1701,888,Lloyd Gross,135,345,LGO,457,B4,1,0,5,0,-0.01%,0.01%,0,0,0,1130,98,9,RKT,TSA,LGO,LGO,LGO,1
Penny Lane,716,666,Lloyd Gross,135,617,2B,49,B4,2,0,5,0,0.48%,-0.48%,0,0,0,1130,98,9,RKT,TSA,2B,2B,2B,1
Penny Lane,716,250,Lloyd Gross,135,617,CS,367,B4,2,2,5,0,-0.52%,0.52%,0,0,0,1130,98,9,RKT,TSA,CS 3B,CS 3B,CS,4
Davoin Shower-Handel,1949,1000,Nick Willis Jr.,1841,347,K,347,T5,0,0,5,0,-0.82%,0.82%,0,0,0,1131,98,9,TSA,RKT,K,K,K,1
Wonder Francoh,2242,323,Nick Willis Jr.,1841,751,RGO,428,T5,1,0,5,0,-0.78%,0.78%,0,0,0,1131,98,9,TSA,RKT,RGO,RGO,RGO,1
Mutton Happleburth,493,187,Nick Willis Jr.,1841,616,RGO,429,T5,2,0,5,0,-0.27%,0.27%,0,0,0,1131,98,9,TSA,RKT,RGO,RGO,RGO,1
Einhorn,74,3,Lloyd Gross,135,1000,HR,3,B5,0,0,5,0,0.43%,-0.43%,1,1,1,1132,98,9,RKT,TSA,HR,HR,HR,1
Jrue Pierce,759,500,Lloyd Gross,135,69,RGO,431,B5,0,0,6,0,-0.12%,0.12%,0,0,0,1132,98,9,RKT,TSA,RGO,RGO,RGO,1
Austin Schwartz,49,840,Lloyd Gross,135,500,K,340,B5,1,0,6,0,0.06%,-0.06%,0,0,0,1132,98,9,RKT,TSA,K,K,K,1
Primal Cookie,779,716,Lloyd Gross,135,840,1B,124,B5,2,0,6,0,-0.16%,0.16%,0,0,0,1132,98,9,RKT,TSA,1B,1B,1B,1
Kyle Bellinger,730,12,Lloyd Gross,135,216,FO,204,B5,2,1,6,0,0.12%,-0.12%,0,0,0,1132,98,9,RKT,TSA,FO,FO,FO,1
Doc Otis,2256,723,Nick Willis Jr.,1841,780,1B,57,T6,0,0,6,0,0.48%,-0.48%,0,0,0,1133,98,9,TSA,RKT,1B,1B,2B,1
Lord Azula,425,478,Penny Lane,716,880,DP,402,T6,0,1,6,0,-0.82%,0.82%,0,0,0,1133,98,9,TSA,RKT,RGO,RGO,DP,1
Ethan Franklin,128,6,Penny Lane,716,245,FO,239,T6,2,0,6,0,-0.02%,0.02%,0,0,0,1133,98,9,TSA,RKT,FO,FO,FO,1
Moose McCracken,308,416,Blackbean Burrito,516,50,RGO,366,T1,0,0,0,0,-2.52%,2.52%,0,0,0,1134,99,9,GTY,CHI,RGO,RGO,K,1
William Lloyd Garrison,1723,50,Blackbean Burrito,516,500,LGO,450,T1,1,0,0,0,-2.52%,2.52%,0,0,0,1134,99,9,GTY,CHI,LGO,LGO,RGO,1
Babraham Thincoln,1817,5,Blackbean Burrito,516,815,FO,190,T1,2,0,0,0,-1.74%,1.74%,0,0,0,1134,99,9,GTY,CHI,FO,FO,FO,1
Isaac Saffron,377,676,Thomas Beowulf,218,797,BB,121,B1,0,0,0,0,3.55%,-3.55%,0,0,0,1135,99,9,CHI,GTY,BB,BB,1B,1
Nikola Tefla,719,12,Thomas Beowulf,218,121,1B,109,B1,0,1,0,0,6.60%,-6.60%,0,0,0,1135,99,9,CHI,GTY,1B,BB,1B,1
Nikki Falke,155,709,Thomas Beowulf,218,658,1B,51,B1,0,4,0,0,6.51%,-6.51%,0,0,0,1135,99,9,CHI,GTY,1B,1B,2B,1
JC Nicholson,2221,989,Thomas Beowulf,218,301,K,312,B1,0,7,0,0,-3.47%,3.47%,0,0,0,1135,99,9,CHI,GTY,K,K,K,1
Hannah Outlaw,178,132,Thomas Beowulf,218,570,DP,438,B1,1,7,0,0,-19.98%,19.98%,0,0,0,1135,99,9,CHI,GTY,RGO,RGO,DP,1
Nick Papagiorgio,499,369,Blackbean Burrito,516,250,1B,119,T2,0,0,0,0,4.19%,-4.19%,0,0,1,1136,99,9,GTY,CHI,1B,1B,1B,1
Nick Papagiorgio,499,718,Blackbean Burrito,516,750,SB,32,T2,0,1,0,0,3.42%,-3.42%,0,1,0,1136,99,9,GTY,CHI,Steal 2B,Steal 2B,SB,4
Xavier Quinn Jr.,6,420,Blackbean Burrito,516,555,BB,135,T2,0,2,0,0,3.99%,-3.99%,0,1,1,1136,99,9,GTY,CHI,BB,BB,1B,1
Sarah Curvingsworth,1705,555,Blackbean Burrito,516,569,3B,14,T2,0,4,0,0,18.06%,-18.06%,2,1,1,1136,99,9,GTY,CHI,3B,3B,HR,1
Magnus Dongfest,579,500,Blackbean Burrito,516,333,BB,167,T2,0,3,0,2,3.95%,-3.95%,0,1,1,1136,99,9,GTY,CHI,BB,BB,BB,1
Joe Whomper,1755,867,Blackbean Burrito,516,166,PO,299,T2,0,5,0,2,-6.03%,6.03%,0,0,0,1136,99,9,GTY,CHI,PO,PO,K,1
Maddie Williams,2213,727,Blackbean Burrito,516,867,Bunt Sac,140,T2,1,5,0,2,-4.78%,4.78%,0,0,0,1136,99,9,GTY,CHI,Bunt Sac,Bunt Sac,Bunt Sac,3
Moose McCracken,308,901,Blackbean Burrito,516,920,2B,19,T2,2,6,0,2,13.18%,-13.18%,2,0,0,1136,99,9,GTY,CHI,2B,2B,HR,1
William Lloyd Garrison,1723,420,Blackbean Burrito,516,19,LGO,401,T2,2,2,0,4,-2.02%,2.02%,0,0,0,1136,99,9,GTY,CHI,LGO,LGO,RGO,1
Doc Dockgoose,1801,777,Thomas Beowulf,218,509,FO,268,B2,0,0,0,4,-2.54%,2.54%,0,0,0,1137,99,9,CHI,GTY,FO,K,FO,1
Charles Magnus,220,,Thomas Beowulf,218,,Auto K,,B2,1,0,0,4,-1.94%,1.94%,0,0,0,1137,99,9,CHI,GTY,Auto K,Auto K,Auto K,9
Garfield Chubbs,2230,789,Thomas Beowulf,218,210,RGO,421,B2,2,0,0,4,-1.05%,1.05%,0,0,0,1137,99,9,CHI,GTY,RGO,RGO,RGO,1
Babraham Thincoln,1817,652,Nikola Tefla,719,73,RGO,421,T3,0,0,0,4,-1.19%,1.19%,0,0,0,1138,99,9,GTY,CHI,RGO,RGO,RGO,1
Nick Papagiorgio,499,718,Nikola Tefla,719,256,LGO,462,T3,1,0,0,4,-0.40%,0.40%,0,0,0,1138,99,9,GTY,CHI,LGO,LGO,LGO,1
Xavier Quinn Jr.,6,69,Nikola Tefla,719,12,2B,57,T3,2,0,0,4,1.10%,-1.10%,0,1,1,1138,99,9,GTY,CHI,2B,2B,2B,1
Sarah Curvingsworth,1705,737,Nikola Tefla,719,783,2B,46,T3,2,2,0,4,3.78%,-3.78%,1,0,0,1138,99,9,GTY,CHI,2B,2B,2B,1
Magnus Dongfest,579,917,Nikola Tefla,719,737,FO,180,T3,2,2,0,5,-0.99%,0.99%,0,0,0,1138,99,9,GTY,CHI,FO,FO,FO,1
Supreme Asslord,363,420,Thomas Beowulf,218,451,2B,31,B3,0,0,0,5,3.46%,-3.46%,0,1,1,1139,99,9,CHI,GTY,2B,2B,2B,1
Isaac Saffron,377,777,Thomas Beowulf,218,936,BB,159,B3,0,2,0,5,1.81%,-1.81%,0,1,1,1139,99,9,CHI,GTY,BB,BB,BB,1
Blackbean Burrito,516,555,Thomas Beowulf,218,403,BB,152,B3,0,4,0,5,7.09%,-7.09%,0,1,1,1139,99,9,CHI,GTY,BB,BB,BB,1
Nikki Falke,155,511,Thomas Beowulf,218,555,2B,44,B3,0,7,0,5,18.49%,-18.49%,2,1,1,1139,99,9,CHI,GTY,2B,2B,2B,1
JC Nicholson,2221,253,Sarah Curvingsworth,1705,808,LGO,445,B3,0,6,2,5,-7.76%,7.76%,0,0,0,1139,99,9,CHI,GTY,LGO,LGO,RGO,2
Hannah Outlaw,178,,Sarah Curvingsworth,1705,,IBB,,B3,1,6,2,5,5.00%,-5.00%,0,1,1,1139,99,9,CHI,GTY,IBB,IBB,IBB,8
Doc Dockgoose,1801,505,Sarah Curvingsworth,1705,707,Sac,202,B3,1,7,2,5,-7.04%,7.04%,1,0,0,1139,99,9,CHI,GTY,FO,FO,Sac,1
Michael Ikenberry,63,106,Sarah Curvingsworth,1705,166,2B,60,B3,2,4,3,5,26.70%,-26.70%,2,1,1,1139,99,9,CHI,GTY,2B,2B,2B,1
Garfield Chubbs,2230,250,Sarah Curvingsworth,1705,327,1B,77,B3,2,2,5,5,13.54%,-13.54%,1,1,1,1139,99,9,CHI,GTY,1B,1B,1B,1
Supreme Asslord,363,69,Dylan Green,305,13,2B,56,B3,2,1,6,5,11.40%,-11.40%,1,0,0,1139,99,9,CHI,GTY,2B,2B,2B,1
Isaac Saffron,377,243,Dylan Green,305,379,BB,136,B3,2,2,7,5,1.06%,-1.06%,0,0,0,1139,99,9,CHI,GTY,BB,BB,1B,1
Blackbean Burrito,516,229,Dylan Green,305,788,LGO,441,B3,2,4,7,5,-3.62%,3.62%,0,0,0,1139,99,9,CHI,GTY,LGO,LGO,RGO,1
Joe Whomper,1755,875,Nikola Tefla,719,573,K,302,T4,0,0,7,5,-3.51%,3.51%,0,0,0,1140,99,9,GTY,CHI,K,K,K,1
Brian Taylor,1838,880,Nikola Tefla,719,47,FO,167,T4,1,0,7,5,-2.87%,2.87%,0,0,0,1140,99,9,GTY,CHI,FO,FO,BB,1
Moose McCracken,308,222,Nikola Tefla,719,247,3B,25,T4,2,0,7,5,3.50%,-3.50%,0,0,0,1140,99,9,GTY,CHI,3B,HR,3B,1
William Lloyd Garrison,1723,859,Nikola Tefla,719,313,LGO,454,T4,2,3,7,5,-5.72%,5.72%,0,0,0,1140,99,9,GTY,CHI,LGO,LGO,LGO,1
Nikki Falke,155,792,Dylan Green,305,605,FO,187,B4,0,0,7,5,-1.66%,1.66%,0,0,0,1141,99,9,CHI,GTY,FO,FO,FO,1
JC Nicholson,2221,806,Dylan Green,305,880,1B,74,B4,1,0,7,5,1.35%,-1.35%,0,0,0,1141,99,9,CHI,GTY,1B,1B,1B,1
Hannah Outlaw,178,821,Dylan Green,305,123,K,302,B4,1,1,7,5,-1.65%,1.65%,0,0,0,1141,99,9,CHI,GTY,K,K,K,1
Doc Dockgoose,1801,876,Dylan Green,305,465,RGO,411,B4,2,1,7,5,-1.45%,1.45%,0,0,0,1141,99,9,CHI,GTY,RGO,RGO,RGO,1
Babraham Thincoln,1817,685,Nikola Tefla,719,680,HR,5,T5,0,0,7,5,12.40%,-12.40%,1,1,1,1142,99,9,GTY,CHI,HR,HR,HR,1
Nick Papagiorgio,499,297,Nikola Tefla,719,680,RGO,383,T5,0,0,7,6,-5.29%,5.29%,0,0,0,1142,99,9,GTY,CHI,RGO,RGO,PO,1
Xavier Quinn Jr.,6,123,Nikola Tefla,719,72,2B,51,T5,1,0,7,6,10.25%,-10.25%,0,0,0,1142,99,9,GTY,CHI,2B,2B,2B,1
Abraham Lincoln,477,71,Miroslav,71,178,BB,107,T5,1,2,7,6,5.32%,-5.32%,0,1,1,1142,99,9,GTY,CHI,BB,BB,1B,1
Magnus Dongfest,579,100,Miroslav,71,179,1B,79,T5,1,4,7,6,15.43%,-15.43%,0,1,1,1142,99,9,GTY,CHI,1B,1B,1B,1
Revan Skywalker,479,545,Miroslav,71,563,HR,18,T5,1,7,7,6,35.45%,-35.45%,4,1,1,1142,99,9,GTY,CHI,HR,HR,HR,1
Brian Taylor,1838,550,Miroslav,71,722,FO,172,T5,1,0,7,10,-0.96%,0.96%,0,0,0,1142,99,9,GTY,CHI,FO,FO,BB,1
Moose McCracken,308,815,Miroslav,71,813,HR,2,T5,2,0,7,10,4.86%,-4.86%,1,1,1,1142,99,9,GTY,CHI,HR,HR,HR,1
William Lloyd Garrison,1723,582,Leonard Boyfriend,67,671,1B,89,T5,2,0,7,11,0.59%,-0.59%,0,0,0,1142,99,9,GTY,CHI,1B,1B,1B,1
Babraham Thincoln,1817,496,Leonard Boyfriend,67,23,LGO,473,T5,2,1,7,11,-0.87%,0.87%,0,0,0,1142,99,9,GTY,CHI,LGO,LGO,LGO,1
Michael Ikenberry,63,160,Dylan Green,305,404,FO,244,B5,0,0,7,11,-2.17%,2.17%,0,0,0,1143,99,9,CHI,GTY,FO,FO,FO,1
Garfield Chubbs,2230,808,Dylan Green,305,202,PO,394,B5,1,0,7,11,-1.47%,1.47%,0,0,0,1143,99,9,CHI,GTY,PO,PO,PO,1
Erin Pickles,68,600,Dylan Green,305,588,HR,12,B5,2,0,7,11,3.10%,-3.10%,1,1,1,1143,99,9,CHI,GTY,HR,HR,HR,1
Isaac Saffron,377,701,Dylan Green,305,467,FO,234,B5,2,0,8,11,-1.28%,1.28%,0,0,0,1143,99,9,CHI,GTY,FO,FO,FO,1
Sweet Bobby Dangles Jr,1748,69,Francis Swagger,610,6,2B,63,T1,0,0,0,0,6.78%,-6.78%,0,1,1,1144,100,9,ISO,WWC,2B,2B,2B,1
Dick Nutter LXIX,1784,631,Francis Swagger,610,127,LGO,496,T1,0,2,0,0,-4.82%,4.82%,0,0,0,1144,100,9,ISO,WWC,LGO,LGO,LGO,1
Matt Taylor,780,422,Francis Swagger,610,474,2B,52,T1,1,2,0,0,10.52%,-10.52%,1,0,0,1144,100,9,ISO,WWC,2B,2B,2B,1
Ronnie Wristclocks,2246,323,Francis Swagger,610,201,1B,122,T1,1,2,0,1,6.46%,-6.46%,0,0,0,1144,100,9,ISO,WWC,1B,1B,1B,1
Stubby Footman,539,68,Francis Swagger,610,562,DP,494,T1,1,5,0,1,-14.47%,14.47%,0,0,0,1144,100,9,ISO,WWC,LGO,LGO,DP,1
J.J. Guemes,207,503,Bob Dobby,1736,112,PO,391,B1,0,0,0,1,-3.15%,3.15%,0,0,0,1145,100,9,WWC,ISO,PO,RGO,PO,1
Guido Ligiorno,1830,169,Bob Dobby,1736,345,BB,176,B1,1,0,0,1,3.84%,-3.84%,0,0,1,1145,100,9,WWC,ISO,BB,FO,BB,1
Guido Ligiorno,1830,350,Bob Dobby,1736,666,SB,316,B1,1,1,0,1,0.77%,-0.77%,0,1,0,1145,100,9,WWC,ISO,Steal 2B,Steal 2B,SB,4
Hubert Farnsworth,1815,790,Bob Dobby,1736,666,BB,124,B1,1,2,0,1,4.10%,-4.10%,0,1,1,1145,100,9,WWC,ISO,BB,BB,1B,1
Ferret McGivins,1706,936,Bob Dobby,1736,1,2B,65,B1,1,4,0,1,17.17%,-17.17%,1,1,1,1145,100,9,WWC,ISO,2B,2B,1B,1
Johnny Hendrix,600,333,Bob Dobby,1736,565,Sac,232,B1,1,6,1,1,-2.40%,2.40%,1,0,0,1145,100,9,WWC,ISO,FO,FO,Sac,1
Paddy O'Connor,549,333,Bob Dobby,1736,232,1B,101,B1,2,2,2,1,8.80%,-8.80%,1,1,1,1145,100,9,WWC,ISO,1B,1B,1B,1
Alex Peters,187,566,Bob Dobby,1736,720,BB,154,B1,2,1,3,1,1.25%,-1.25%,0,0,0,1145,100,9,WWC,ISO,BB,BB,BB,1
Jeremy Nakamoto,1787,150,Bob Dobby,1736,222,1B,72,B1,2,4,3,1,7.88%,-7.88%,1,0,0,1145,100,9,WWC,ISO,1B,1B,1B,1
Henryk Szydlowski,1720,420,Bob Dobby,1736,222,FO,198,B1,2,5,4,1,-3.05%,3.05%,0,0,0,1145,100,9,WWC,ISO,FO,FO,FO,1
Grand Salami,781,42,Francis Swagger,610,806,FO,236,T2,0,0,4,1,-2.37%,2.37%,0,0,0,1146,100,9,ISO,WWC,FO,FO,FO,1
Stan Mann,357,706,Francis Swagger,610,717,HR,11,T2,1,0,4,1,8.24%,-8.24%,1,1,1,1146,100,9,ISO,WWC,HR,HR,HR,1
Bingo Hammersmith,639,123,Francis Swagger,610,401,K,278,T2,1,0,4,2,-2.26%,2.26%,0,0,0,1146,100,9,ISO,WWC,K,K,FO,1
Bob Dobby,1736,299,Francis Swagger,610,598,K,299,T2,2,0,4,2,-2.13%,2.13%,0,0,0,1146,100,9,ISO,WWC,K,K,K,1
J.J. Guemes,207,720,Bob Dobby,1736,911,FO,191,B2,0,0,4,2,-2.40%,2.40%,0,0,0,1147,100,9,WWC,ISO,FO,FO,FO,1
Guido Ligiorno,1830,729,Bob Dobby,1736,711,3B,18,B2,1,0,4,2,7.64%,-7.64%,0,0,0,1147,100,9,WWC,ISO,3B,HR,HR,1
Hubert Farnsworth,1815,435,Bob Dobby,1736,789,PO,354,B2,1,3,4,2,-6.79%,6.79%,0,0,0,1147,100,9,WWC,ISO,PO,PO,K,1
Ferret McGivins,1706,555,Bob Dobby,1736,21,RGO,466,B2,2,3,4,2,-2.98%,2.98%,0,0,0,1147,100,9,WWC,ISO,RGO,LGO,LGO,1
Sweet Bobby Dangles Jr,1748,500,Francis Swagger,610,701,FO,201,T3,0,0,4,2,-3.06%,3.06%,0,0,0,1148,100,9,ISO,WWC,FO,FO,FO,1
Dick Nutter LXIX,1784,404,Francis Swagger,610,629,FO,225,T3,1,0,4,2,-2.82%,2.82%,0,0,0,1148,100,9,ISO,WWC,FO,FO,FO,1
Matt Taylor,780,923,Francis Swagger,610,65,1B,142,T3,2,0,4,2,2.11%,-2.11%,0,1,1,1148,100,9,ISO,WWC,1B,1B,BB,1
Ronnie Wristclocks,2246,233,Francis Swagger,610,127,1B,106,T3,2,1,4,2,3.69%,-3.69%,0,0,0,1148,100,9,ISO,WWC,1B,1B,1B,1
Stubby Footman,539,472,Francis Swagger,610,360,1B,112,T3,2,5,4,2,10.73%,-10.73%,1,0,0,1148,100,9,ISO,WWC,1B,1B,1B,1
Grand Salami,781,,Francis Swagger,610,,Auto K,,T3,2,5,4,3,-8.33%,8.33%,0,0,0,1148,100,9,ISO,WWC,Auto K,Auto K,Auto K,9
Johnny Hendrix,600,522,Bob Dobby,1736,278,K,244,B3,0,0,4,3,-2.34%,2.34%,0,0,0,1149,100,9,WWC,ISO,K,K,FO,1
Paddy O'Connor,549,500,Bob Dobby,1736,750,FO,250,B3,1,0,4,3,-2.24%,2.24%,0,0,0,1149,100,9,WWC,ISO,FO,FO,FO,1
Alex Peters,187,344,Bob Dobby,1736,1,PO,343,B3,2,0,4,3,-1.44%,1.44%,0,0,0,1149,100,9,WWC,ISO,PO,PO,K,1
Stan Mann,357,717,Francis Swagger,610,279,LGO,438,T4,0,0,4,3,-4.06%,4.06%,0,0,0,1150,100,9,ISO,WWC,LGO,LGO,RGO,1
Bingo Hammersmith,639,777,Henri Deschenes,2234,606,BB,171,T4,1,0,4,3,5.21%,-5.21%,0,0,0,1150,100,9,ISO,WWC,BB,BB,BB,1
Bob Dobby,1736,823,Henri Deschenes,2234,937,BB,114,T4,1,1,4,3,7.57%,-7.57%,0,0,0,1150,100,9,ISO,WWC,BB,BB,1B,1
Sweet Bobby Dangles Jr,1748,1,Henri Deschenes,2234,837,BB,164,T4,1,4,4,3,12.85%,-12.85%,0,0,0,1150,100,9,ISO,WWC,BB,FO,BB,1
Dick Nutter LXIX,1784,230,Henri Deschenes,2234,849,PO,381,T4,1,7,4,3,-15.49%,15.49%,0,0,0,1150,100,9,ISO,WWC,PO,PO,PO,1
Matt Taylor,780,61,Henri Deschenes,2234,243,FO,182,T4,2,7,4,3,-16.54%,16.54%,0,0,0,1150,100,9,ISO,WWC,FO,FO,FO,1
Jeremy Nakamoto,1787,650,Bob Dobby,1736,182,LGO,468,B4,0,0,4,3,-2.24%,2.24%,0,0,0,1151,100,9,WWC,ISO,LGO,LGO,LGO,1
Henryk Szydlowski,1720,199,Bob Dobby,1736,666,LGO,467,B4,1,0,4,3,-1.93%,1.93%,0,0,0,1151,100,9,WWC,ISO,LGO,LGO,LGO,1
J.J. Guemes,207,420,Bob Dobby,1736,238,FO,182,B4,2,0,4,3,-1.56%,1.56%,0,0,0,1151,100,9,WWC,ISO,FO,FO,FO,1
Ronnie Wristclocks,2246,202,Henri Deschenes,2234,120,1B,82,T5,0,0,4,3,7.39%,-7.39%,0,0,0,1152,100,9,ISO,WWC,1B,1B,1B,1
Stubby Footman,539,691,Henri Deschenes,2234,300,PO,391,T5,0,1,4,3,-5.95%,5.95%,0,0,0,1152,100,9,ISO,WWC,PO,PO,PO,1
Grand Salami,781,897,Henri Deschenes,2234,621,K,276,T5,1,1,4,3,-7.71%,7.71%,0,0,0,1152,100,9,ISO,WWC,K,K,FO,1
Stan Mann,357,850,Henri Deschenes,2234,5,BB,155,T5,2,1,4,3,4.94%,-4.94%,0,0,0,1152,100,9,ISO,WWC,BB,BB,BB,1
Bingo Hammersmith,639,355,Henri Deschenes,2234,850,LGO,495,T5,2,4,4,3,-12.56%,12.56%,0,0,0,1152,100,9,ISO,WWC,LGO,LGO,LGO,1
Guido Ligiorno,1830,269,Bob Dobby,1736,238,2B,31,B5,0,0,4,3,4.16%,-4.16%,0,0,0,1153,100,9,WWC,ISO,2B,2B,2B,1
Hubert Farnsworth,1815,767,Bob Dobby,1736,404,PO,363,B5,0,2,4,3,-2.94%,2.94%,0,0,0,1153,100,9,WWC,ISO,PO,PO,K,1
Ferret McGivins,1706,675,Bob Dobby,1736,999,PO,324,B5,1,2,4,3,-1.94%,1.94%,0,0,0,1153,100,9,WWC,ISO,PO,PO,K,1
Johnny Hendrix,600,565,Bob Dobby,1736,734,BB,169,B5,2,2,4,3,0.39%,-0.39%,0,0,0,1153,100,9,WWC,ISO,BB,FO,BB,1
Paddy O'Connor,549,115,Bob Dobby,1736,334,FO,219,B5,2,4,4,3,-4.31%,4.31%,0,0,0,1153,100,9,WWC,ISO,FO,FO,FO,1
Bob Dobby,1736,666,Henri Deschenes,2234,77,PO,411,T6,0,0,4,3,-7.81%,7.81%,0,0,0,1154,100,9,ISO,WWC,PO,PO,RGO,1
Sweet Bobby Dangles Jr,1748,880,Henri Deschenes,2234,849,3B,31,T6,1,0,4,3,25.73%,-25.73%,0,1,1,1154,100,9,ISO,WWC,3B,3B,2B,1
Dick Nutter LXIX,1784,555,Guido Ligiorno,1830,1,PO,446,T6,1,3,4,3,-23.64%,23.64%,0,0,0,1154,100,9,ISO,WWC,PO,RGO,RGO,1
Matt Taylor,780,762,Guido Ligiorno,1830,801,2B,39,T6,2,3,4,3,32.20%,-32.20%,1,0,0,1154,100,9,ISO,WWC,2B,2B,2B,1
Ronnie Wristclocks,2246,553,Guido Ligiorno,1830,2,RGO,449,T6,2,2,4,4,-13.06%,13.06%,0,0,0,1154,100,9,ISO,WWC,RGO,RGO,RGO,1
Alex Peters,187,888,Bob Dobby,1736,234,PO,346,B6,0,0,4,4,-6.12%,6.12%,0,0,0,1155,100,9,WWC,ISO,PO,PO,K,1
Jeremy Nakamoto,1787,777,Bob Dobby,1736,789,3B,12,B6,1,0,4,4,29.55%,-29.55%,0,0,0,1155,100,9,WWC,ISO,3B,3B,HR,1
Henryk Szydlowski,1720,123,Bob Dobby,1736,555,PO,432,B6,1,3,4,4,-26.64%,26.64%,0,0,0,1155,100,9,WWC,ISO,PO,RGO,RGO,1
Skippy Schumaker,1843,171,Bob Dobby,1736,666,LGO,495,B6,2,3,4,4,-13.59%,13.59%,0,0,0,1155,100,9,WWC,ISO,LGO,LGO,LGO,1
Zum Saparilla,160,671,Steven Seagal,1687,99,RGO,428,T1,0,0,0,0,-2.52%,2.52%,0,0,0,1156,101,9,SPR,PPP,RGO,RGO,RGO,1
Apple Watch,1788,890,Steven Seagal,1687,569,K,321,T1,1,0,0,0,-2.52%,2.52%,0,0,0,1156,101,9,SPR,PPP,K,K,K,1
Turnip Stonk,1951,169,Larry Longshot,32,1,FO,168,T1,2,0,0,0,-1.74%,1.74%,0,0,0,1156,101,9,SPR,PPP,FO,FO,BB,1
Phillips Mahooters,2253,135,Nori Aru,131,990,BB,145,B1,0,0,0,0,3.55%,-3.55%,0,0,0,1157,101,9,PPP,SPR,BB,BB,BB,1
Phillips Mahooters,2253,745,Nori Aru,131,250,CS,495,B1,0,1,0,0,-6.28%,6.28%,0,0,0,1157,101,9,PPP,SPR,CS 2B,CS 2B,CS,4
Cam Caminiti,1768,279,Nori Aru,131,661,K,382,B1,1,0,0,0,-2.27%,2.27%,0,0,0,1157,101,9,PPP,SPR,K,K,PO,1
Poop McGee,596,69,Nori Aru,131,539,LGO,470,B1,2,0,0,0,-1.79%,1.79%,0,0,0,1157,101,9,PPP,SPR,LGO,LGO,LGO,1
Layzer Gunn,259,65,Larry Longshot,32,900,FO,165,T2,0,0,0,0,-2.86%,2.86%,0,0,0,1158,101,9,SPR,PPP,FO,FO,BB,1
Nori Aru,131,69,Larry Longshot,32,100,3B,31,T2,1,0,0,0,9.37%,-9.37%,0,1,1,1158,101,9,SPR,PPP,3B,3B,2B,1
Lemon Ade,193,1,Larry Longshot,32,100,1B,99,T2,1,3,0,0,5.79%,-5.79%,1,1,1,1158,101,9,SPR,PPP,1B,1B,1B,1
Che Or,1759,1000,Larry Longshot,32,900,1B,100,T2,1,1,0,1,4.51%,-4.51%,0,0,0,1158,101,9,SPR,PPP,1B,1B,1B,1
Don Chalupa,481,744,Larry Longshot,32,800,2B,56,T2,1,4,0,1,13.99%,-13.99%,1,0,0,1158,101,9,SPR,PPP,2B,2B,2B,1
Ivan Yakenov,2270,350,Larry Longshot,32,500,BB,150,T2,1,6,0,2,1.17%,-1.17%,0,0,0,1158,101,9,SPR,PPP,BB,FO,BB,1
Zum Saparilla,160,30,Larry Longshot,32,650,DP,380,T2,1,7,0,2,-14.96%,14.96%,0,0,0,1158,101,9,SPR,PPP,RGO,RGO,PO,1
Snoop E. Dogg,22,100,Nori Aru,131,810,K,290,B2,0,0,0,2,-3.08%,3.08%,0,0,0,1159,101,9,PPP,SPR,K,K,K,1
Larry Longshot,32,325,Nori Aru,131,530,FO,205,B2,1,0,0,2,-2.95%,2.95%,0,0,0,1159,101,9,PPP,SPR,FO,FO,FO,1
Juni Panda,488,250,Nori Aru,131,104,BB,146,B2,2,0,0,2,2.30%,-2.30%,0,0,0,1159,101,9,PPP,SPR,BB,FO,BB,1
Nipsey Slip,529,500,Nori Aru,131,901,RGO,401,B2,2,1,0,2,-3.82%,3.82%,0,0,0,1159,101,9,PPP,SPR,RGO,RGO,RGO,1
Apple Watch,1788,645,Larry Longshot,32,620,3B,25,T3,0,0,0,2,8.57%,-8.57%,0,1,1,1160,101,9,SPR,PPP,3B,HR,3B,1
Turnip Stonk,1951,500,Larry Longshot,32,751,Sac,251,T3,0,3,0,2,-1.07%,1.07%,1,0,0,1160,101,9,SPR,PPP,FO,K,Sac,1
Layzer Gunn,259,214,Larry Longshot,32,450,FO,236,T3,1,0,0,3,-1.45%,1.45%,0,0,0,1160,101,9,SPR,PPP,FO,FO,FO,1
Nori Aru,131,569,Larry Longshot,32,750,FO,181,T3,2,0,0,3,-0.95%,0.95%,0,0,0,1160,101,9,SPR,PPP,FO,FO,FO,1
Sticky Mickey Mantle,2236,223,Nori Aru,131,300,2B,77,B3,0,0,0,3,7.02%,-7.02%,0,0,0,1161,101,9,PPP,SPR,2B,2B,1B,1
Steven Seagal,1687,269,Nori Aru,131,101,FO,168,B3,0,2,0,3,-5.80%,5.80%,0,0,0,1161,101,9,PPP,SPR,FO,FO,BB,1
Phillips Mahooters,2253,843,Nori Aru,131,970,BB,127,B3,1,2,0,3,4.95%,-4.95%,0,0,0,1161,101,9,PPP,SPR,BB,BB,1B,1
Cam Caminiti,1768,715,Nori Aru,131,999,K,284,B3,1,4,0,3,-6.40%,6.40%,0,0,0,1161,101,9,PPP,SPR,K,K,FO,1
Poop McGee,596,69,Nori Aru,131,715,PO,354,B3,2,4,0,3,-6.92%,6.92%,0,0,0,1161,101,9,PPP,SPR,PO,PO,K,1
Lemon Ade,193,420,Larry Longshot,32,415,HR,5,T4,0,0,0,3,5.31%,-5.31%,1,1,1,1162,101,9,SPR,PPP,HR,HR,HR,1
Che Or,1759,166,Larry Longshot,32,620,LGO,454,T4,0,0,0,4,-0.89%,0.89%,0,0,0,1162,101,9,SPR,PPP,LGO,LGO,LGO,1
Don Chalupa,481,744,Larry Longshot,32,220,LGO,476,T4,1,0,0,4,-0.60%,0.60%,0,0,0,1162,101,9,SPR,PPP,LGO,LGO,LGO,1
Ivan Yakenov,2270,399,Larry Longshot,32,20,PO,379,T4,2,0,0,4,-0.59%,0.59%,0,0,0,1162,101,9,SPR,PPP,PO,PO,PO,1
Snoop E. Dogg,22,555,Nori Aru,131,715,FO,160,B4,0,0,0,4,-2.35%,2.35%,0,0,0,1163,101,9,PPP,SPR,FO,FO,BB,1
Larry Longshot,32,141,Nori Aru,131,160,HR,19,B4,1,0,0,4,5.80%,-5.80%,1,1,1,1163,101,9,PPP,SPR,HR,HR,HR,1
Juni Panda,488,303,Nori Aru,131,751,RGO,448,B4,1,0,1,4,-2.60%,2.60%,0,0,0,1163,101,9,PPP,SPR,RGO,LGO,RGO,1
Nipsey Slip,529,1000,Nori Aru,131,303,K,303,B4,2,0,1,4,-1.66%,1.66%,0,0,0,1163,101,9,PPP,SPR,K,K,K,1
Zum Saparilla,160,644,Larry Longshot,32,220,RGO,424,T5,0,0,1,4,-0.82%,0.82%,0,0,0,1164,101,9,SPR,PPP,RGO,RGO,RGO,1
Apple Watch,1788,96,Larry Longshot,32,666,RGO,430,T5,1,0,1,4,-0.96%,0.96%,0,0,0,1164,101,9,SPR,PPP,RGO,RGO,RGO,1
Turnip Stonk,1951,444,Larry Longshot,32,220,FO,224,T5,2,0,1,4,-0.98%,0.98%,0,0,0,1164,101,9,SPR,PPP,FO,FO,FO,1
Sticky Mickey Mantle,2236,647,Nori Aru,131,88,RGO,441,B5,0,0,1,4,-3.50%,3.50%,0,0,0,1165,101,9,PPP,SPR,RGO,RGO,RGO,1
Steven Seagal,1687,69,Nori Aru,131,88,HR,19,B5,1,0,1,4,7.78%,-7.78%,1,1,1,1165,101,9,PPP,SPR,HR,HR,HR,1
Phillips Mahooters,2253,869,Nori Aru,131,388,LGO,481,B5,1,0,2,4,-4.42%,4.42%,0,0,0,1165,101,9,PPP,SPR,LGO,LGO,LGO,1
Cam Caminiti,1768,872,Nori Aru,131,481,K,391,B5,2,0,2,4,-2.21%,2.21%,0,0,0,1165,101,9,PPP,SPR,K,K,PO,1
Layzer Gunn,259,444,Larry Longshot,32,800,K,356,T6,0,0,2,4,-1.05%,1.05%,0,0,0,1166,101,9,SPR,PPP,K,K,K,1
Nori Aru,131,69,Larry Longshot,32,750,K,319,T6,1,0,2,4,-1.00%,1.00%,0,0,0,1166,101,9,SPR,PPP,K,K,K,1
Lemon Ade,193,250,Larry Longshot,32,250,HR,0,T6,2,0,2,4,6.20%,-6.20%,1,1,1,1166,101,9,SPR,PPP,HR,HR,HR,1
Che Or,1759,250,Larry Longshot,32,333,1B,83,T6,2,0,2,5,0.33%,-0.33%,0,0,0,1166,101,9,SPR,PPP,1B,1B,1B,1
Don Chalupa,481,744,Larry Longshot,32,333,RGO,411,T6,2,1,2,5,-0.81%,0.81%,0,0,0,1166,101,9,SPR,PPP,RGO,RGO,RGO,1
Poop McGee,596,,Ray Dingerz,510,,Auto K,,B6,0,0,2,5,-3.09%,3.09%,0,0,0,1167,101,9,PPP,SPR,Auto K,Auto K,Auto K,9
Snoop E. Dogg,22,1,Ray Dingerz,510,349,PO,348,B6,1,0,2,5,-2.13%,2.13%,0,0,0,1167,101,9,PPP,SPR,PO,PO,K,1
Larry Longshot,32,107,Ray Dingerz,510,69,3B,38,B6,2,0,2,5,1.31%,-1.31%,0,0,0,1167,101,9,PPP,SPR,3B,3B,2B,1
Juni Panda,488,69,Ray Dingerz,510,878,FO,191,B6,2,3,2,5,-2.04%,2.04%,0,0,0,1167,101,9,PPP,SPR,FO,FO,FO,1
Brian Zucchini,33,395,Mattress Cadaire,116,711,K,316,T1,0,0,0,0,-2.52%,2.52%,0,0,0,1168,102,9,KRB,GBC,K,K,K,1
Jin Yang,1695,777,Mattress Cadaire,116,412,PO,365,T1,1,0,0,0,-2.52%,2.52%,0,0,0,1168,102,9,KRB,GBC,PO,PO,K,1
King Kruul,2229,911,Mattress Cadaire,116,890,HR,21,T1,2,0,0,0,11.16%,-11.16%,1,1,1,1168,102,9,KRB,GBC,HR,HR,HR,1
Christian Bevan,616,111,Mattress Cadaire,116,250,FO,139,T1,2,0,0,1,-1.65%,1.65%,0,0,0,1168,102,9,KRB,GBC,FO,FO,BB,1
BEST Nova,191,69,Moby Dick,1719,890,FO,179,B1,0,0,0,1,-3.15%,3.15%,0,0,0,1169,102,9,GBC,KRB,FO,FO,FO,1
Whitt Bass,39,830,Moby Dick,1719,850,2B,20,B1,1,0,0,1,4.61%,-4.61%,0,0,0,1169,102,9,GBC,KRB,2B,3B,HR,1
Demetrios Ooga,180,550,Moby Dick,1719,800,K,250,B1,1,2,0,1,-3.72%,3.72%,0,0,0,1169,102,9,GBC,KRB,K,K,FO,1
Zack Mouse,1721,666,Moby Dick,1719,200,LGO,466,B1,2,2,0,1,-5.15%,5.15%,0,0,0,1169,102,9,GBC,KRB,LGO,LGO,LGO,1
Tabasco Greensauce,1818,300,Mattress Cadaire,116,11,K,289,T2,0,0,0,1,-2.62%,2.62%,0,0,0,1170,102,9,KRB,GBC,K,K,K,1
Moby Dick,1719,600,Mattress Cadaire,116,399,FO,201,T2,1,0,0,1,-2.34%,2.34%,0,0,0,1170,102,9,KRB,GBC,FO,FO,FO,1
Jayson Kincaid,756,729,Mattress Cadaire,116,75,K,346,T2,2,0,0,1,-1.56%,1.56%,0,0,0,1170,102,9,KRB,GBC,K,K,K,1
Dirtbag Darrell,262,500,Moby Dick,1719,700,FO,200,B2,0,0,0,1,-3.40%,3.40%,0,0,0,1171,102,9,GBC,KRB,FO,FO,FO,1
Javier Tootblan,192,295,Moby Dick,1719,250,2B,45,B2,1,0,0,1,5.75%,-5.75%,0,1,1,1171,102,9,GBC,KRB,2B,2B,2B,1
Rotticus Scott,562,200,Moby Dick,1719,380,FO,180,B2,1,2,0,1,-5.07%,5.07%,0,0,0,1171,102,9,GBC,KRB,FO,FO,FO,1
Beeg Yoshi,1718,69,Moby Dick,1719,12,1B,57,B2,2,2,0,1,11.98%,-11.98%,1,1,1,1171,102,9,GBC,KRB,1B,1B,2B,1
Lane Drew,190,,Moby Dick,1719,,Auto BB,,B2,2,1,1,1,2.90%,-2.90%,0,0,0,1171,102,9,GBC,KRB,Auto BB,Auto BB,Auto BB,10
BEST Nova,191,420,Moby Dick,1719,315,BB,105,B2,2,4,1,1,3.71%,-3.71%,0,0,0,1171,102,9,GBC,KRB,BB,BB,1B,1
Whitt Bass,39,112,Moby Dick,1719,300,BB,188,B2,2,7,1,1,10.53%,-10.53%,1,0,0,1171,102,9,GBC,KRB,BB,FO,FO,1
Demetrios Ooga,180,777,Francis X. Clampazzo,485,1,FO,224,B2,2,7,2,1,-7.53%,7.53%,0,0,0,1171,102,9,GBC,KRB,FO,FO,FO,1
Thomas Chiggins,16,827,Mattress Cadaire,116,830,HR,3,T3,0,0,2,1,13.54%,-13.54%,1,1,1,1172,102,9,KRB,GBC,HR,HR,HR,1
Francis X. Clampazzo,485,455,Mattress Cadaire,116,111,K,344,T3,0,0,2,2,-3.25%,3.25%,0,0,0,1172,102,9,KRB,GBC,K,K,K,1
Brian Zucchini,33,308,Mattress Cadaire,116,361,2B,53,T3,1,0,2,2,6.13%,-6.13%,0,0,0,1172,102,9,KRB,GBC,2B,2B,2B,1
Jin Yang,1695,999,Mattress Cadaire,116,575,RGO,424,T3,1,2,2,2,-6.64%,6.64%,0,0,0,1172,102,9,KRB,GBC,RGO,RGO,RGO,1
King Kruul,2229,600,Mattress Cadaire,116,200,PO,400,T3,2,3,2,2,-4.60%,4.60%,0,0,0,1172,102,9,KRB,GBC,PO,K,RGO,1
Zack Mouse,1721,166,Francis X. Clampazzo,485,289,BB,123,B3,0,0,2,2,4.52%,-4.52%,0,0,0,1173,102,9,GBC,KRB,BB,BB,1B,1
Zack Mouse,1721,789,Francis X. Clampazzo,485,809,SB,20,B3,0,1,2,2,3.83%,-3.83%,0,0,0,1173,102,9,GBC,KRB,Steal 2B,Steal 2B,SB,4
Dirtbag Darrell,262,555,Francis X. Clampazzo,485,809,FO,254,B3,0,2,2,2,-5.72%,5.72%,0,0,0,1173,102,9,GBC,KRB,FO,FO,FO,1
Javier Tootblan,192,250,Francis X. Clampazzo,485,809,LGO,441,B3,1,2,2,2,-5.01%,5.01%,0,0,0,1173,102,9,GBC,KRB,LGO,LGO,RGO,1
Rotticus Scott,562,809,Francis X. Clampazzo,485,3,FO,194,B3,2,2,2,2,-6.06%,6.06%,0,0,0,1173,102,9,GBC,KRB,FO,FO,FO,1
Christian Bevan,616,809,Mattress Cadaire,116,725,1B,84,T4,0,0,2,2,4.87%,-4.87%,0,0,0,1174,102,9,KRB,GBC,1B,1B,1B,1
Tabasco Greensauce,1818,852,Mattress Cadaire,116,312,DP,460,T4,0,1,2,2,-12.42%,12.42%,0,0,0,1174,102,9,KRB,GBC,LGO,LGO,DP,1
Moby Dick,1719,308,Mattress Cadaire,116,450,BB,142,T4,2,0,2,2,2.71%,-2.71%,0,0,0,1174,102,9,KRB,GBC,BB,BB,BB,1
Jayson Kincaid,756,900,Mattress Cadaire,116,225,K,325,T4,2,1,2,2,-5.24%,5.24%,0,0,0,1174,102,9,KRB,GBC,K,K,K,1
Beeg Yoshi,1718,327,Francis X. Clampazzo,485,673,PO,346,B4,0,0,2,2,-3.93%,3.93%,0,0,0,1175,102,9,GBC,KRB,PO,PO,K,1
Lane Drew,190,,Francis X. Clampazzo,485,,Auto K,,B4,1,0,2,2,-3.43%,3.43%,0,0,0,1175,102,9,GBC,KRB,Auto K,Auto K,Auto K,9
BEST Nova,191,666,Francis X. Clampazzo,485,899,FO,233,B4,2,0,2,2,-2.71%,2.71%,0,0,0,1175,102,9,GBC,KRB,FO,FO,FO,1
Thomas Chiggins,16,899,Mattress Cadaire,116,808,BB,91,T5,0,0,2,2,6.36%,-6.36%,0,1,1,1176,102,9,KRB,GBC,BB,BB,1B,1
Francis X. Clampazzo,485,389,Mattress Cadaire,116,15,PO,374,T5,0,1,2,2,-5.56%,5.56%,0,0,0,1176,102,9,KRB,GBC,PO,PO,K,1
Brian Zucchini,33,350,Mattress Cadaire,116,450,1B,100,T5,1,1,2,2,7.31%,-7.31%,0,0,0,1176,102,9,KRB,GBC,1B,1B,1B,1
Jin Yang,1695,333,Mattress Cadaire,116,210,BB,123,T5,1,4,2,2,14.54%,-14.54%,0,0,0,1176,102,9,KRB,GBC,BB,BB,1B,1
King Kruul,2229,974,Mattress Cadaire,116,777,Sac,197,T5,1,7,2,2,-2.01%,2.01%,1,0,0,1176,102,9,KRB,GBC,FO,FO,Sac,1
Christian Bevan,616,684,Mattress Cadaire,116,822,FO,138,T5,2,4,2,3,-6.49%,6.49%,0,0,0,1176,102,9,KRB,GBC,FO,FO,BB,1
Whitt Bass,39,899,Francis X. Clampazzo,485,617,K,282,B5,0,0,2,3,-6.28%,6.28%,0,0,0,1177,102,9,GBC,KRB,K,K,FO,1
Demetrios Ooga,180,100,Francis X. Clampazzo,485,932,BB,168,B5,1,0,2,3,8.02%,-8.02%,0,0,1,1177,102,9,GBC,KRB,BB,BB,BB,1
Demetrios Ooga,180,314,Francis X. Clampazzo,485,83,SB,231,B5,1,1,2,3,4.20%,-4.20%,0,1,0,1177,102,9,GBC,KRB,Steal 2B,Steal 2B,SB,4
Zack Mouse,1721,92,Francis X. Clampazzo,485,111,3B,19,B5,1,2,2,3,35.62%,-35.62%,1,1,1,1177,102,9,GBC,KRB,3B,3B,HR,1
Artanis Jones,37,1,Francis X. Clampazzo,485,274,Sac,273,B5,1,3,3,3,4.22%,-4.22%,1,0,0,1177,102,9,GBC,KRB,FO,FO,Sac,1
Javier Tootblan,192,420,Joey Wheeler,662,250,FO,170,B5,2,0,4,3,-1.16%,1.16%,0,0,0,1177,102,9,GBC,KRB,FO,FO,BB,1
Tabasco Greensauce,1818,6,Mattress Cadaire,116,645,PO,361,T6,0,0,4,3,-7.81%,7.81%,0,0,0,1178,102,9,KRB,GBC,PO,PO,K,1
Moby Dick,1719,420,Mattress Cadaire,116,953,LGO,467,T6,1,0,4,3,-6.75%,6.75%,0,0,0,1178,102,9,KRB,GBC,LGO,LGO,LGO,1
Jayson Kincaid,756,328,Mattress Cadaire,116,170,FO,158,T6,2,0,4,3,-5.00%,5.00%,0,0,0,1178,102,9,KRB,GBC,FO,FO,BB,1
Matthew Paul,2243,682,James Jameson LXIX,1722,1,PO,319,T1,0,0,0,0,-2.52%,2.52%,0,0,0,1179,103,9,JUP,TAI,PO,RGO,K,1
Dirk Thrustmore,726,477,James Jameson LXIX,1722,2,LGO,475,T1,1,0,0,0,-2.52%,2.52%,0,0,0,1179,103,9,JUP,TAI,LGO,LGO,LGO,1
Iama Human,520,321,James Jameson LXIX,1722,333,HR,12,T1,2,0,0,0,11.16%,-11.16%,1,1,1,1179,103,9,JUP,TAI,HR,HR,HR,1
Dermot Mulveiny,1763,666,James Jameson LXIX,1722,222,RGO,444,T1,2,0,0,1,-1.65%,1.65%,0,0,0,1179,103,9,JUP,TAI,RGO,RGO,RGO,1
Bubkis Fajita,2255,450,Streetlamp LeMoose,1734,382,1B,68,B1,0,0,0,1,3.85%,-3.85%,0,1,1,1180,103,9,TAI,JUP,1B,1B,1B,1
Duke Silver,602,231,Streetlamp LeMoose,1734,589,PO,358,B1,0,1,0,1,-3.16%,3.16%,0,0,0,1180,103,9,TAI,JUP,PO,PO,K,1
Theodora DiBiaserunner,497,901,Streetlamp LeMoose,1734,131,FO,230,B1,1,1,0,1,-4.34%,4.34%,0,0,0,1180,103,9,TAI,JUP,FO,FO,FO,1
Jacky Wacky,702,880,Streetlamp LeMoose,1734,862,HR,18,B1,2,1,0,1,21.44%,-21.44%,2,1,1,1180,103,9,TAI,JUP,HR,HR,HR,1
ViktRon Swanson,651,227,Streetlamp LeMoose,1734,830,RGO,397,B1,2,0,2,1,-1.56%,1.56%,0,0,0,1180,103,9,TAI,JUP,RGO,RGO,PO,1
Triston Uzumaki,125,141,James Jameson LXIX,1722,999,BB,142,T2,0,0,2,1,4.45%,-4.45%,0,0,0,1181,103,9,JUP,TAI,BB,BB,BB,1
Eric Cowan,338,190,James Jameson LXIX,1722,9,FO,181,T2,0,1,2,1,-3.61%,3.61%,0,0,0,1181,103,9,JUP,TAI,FO,FO,FO,1
Bud Tuggli,133,500,James Jameson LXIX,1722,169,PO,331,T2,1,1,2,1,-4.64%,4.64%,0,0,0,1181,103,9,JUP,TAI,PO,PO,K,1
Harry Peritestes,117,355,James Jameson LXIX,1722,778,RGO,423,T2,2,1,2,1,-3.71%,3.71%,0,0,0,1181,103,9,JUP,TAI,RGO,RGO,RGO,1
Viktor Patterson,705,222,Streetlamp LeMoose,1734,449,FO,227,B2,0,0,2,1,-2.16%,2.16%,0,0,0,1182,103,9,TAI,JUP,FO,FO,FO,1
Festus Ezeli,743,500,Streetlamp LeMoose,1734,156,RGO,344,B2,1,0,2,1,-2.21%,2.21%,0,0,0,1182,103,9,TAI,JUP,RGO,RGO,K,1
Alexander West,1777,683,Streetlamp LeMoose,1734,684,HR,1,B2,2,0,2,1,10.72%,-10.72%,1,1,1,1182,103,9,TAI,JUP,HR,HR,HR,1
James Jameson LXIX,1722,79,Streetlamp LeMoose,1734,120,2B,41,B2,2,0,3,1,2.53%,-2.53%,0,0,0,1182,103,9,TAI,JUP,2B,2B,2B,1
Bubkis Fajita,2255,842,Streetlamp LeMoose,1734,120,K,278,B2,2,2,3,1,-3.42%,3.42%,0,0,0,1182,103,9,TAI,JUP,K,K,FO,1
Chris Orosz,219,120,James Jameson LXIX,1722,939,BB,181,T3,0,0,3,1,4.53%,-4.53%,0,0,1,1183,103,9,JUP,TAI,BB,BB,FO,1
Chris Orosz,219,704,James Jameson LXIX,1722,887,SB,183,T3,0,1,3,1,3.84%,-3.84%,0,1,0,1183,103,9,JUP,TAI,Steal 2B,Steal 2B,SB,4
Matthew Paul,2243,331,James Jameson LXIX,1722,909,LGO,422,T3,0,2,3,1,-5.27%,5.27%,0,0,0,1183,103,9,JUP,TAI,LGO,LGO,RGO,1
Dirk Thrustmore,726,491,James Jameson LXIX,1722,499,HR,8,T3,1,2,3,1,18.41%,-18.41%,2,1,1,1183,103,9,JUP,TAI,HR,HR,HR,1
Iama Human,520,756,James Jameson LXIX,1722,491,K,265,T3,1,0,3,3,-3.05%,3.05%,0,0,0,1183,103,9,JUP,TAI,K,K,FO,1
Dermot Mulveiny,1763,8,James Jameson LXIX,1722,1000,HR,8,T3,2,0,3,3,14.62%,-14.62%,1,1,1,1183,103,9,JUP,TAI,HR,HR,HR,1
Triston Uzumaki,125,832,James Jameson LXIX,1722,629,FO,203,T3,2,0,3,4,-1.56%,1.56%,0,0,0,1183,103,9,JUP,TAI,FO,FO,FO,1
Duke Silver,602,781,Streetlamp LeMoose,1734,954,FO,173,B3,0,0,3,4,-4.00%,4.00%,0,0,0,1184,103,9,TAI,JUP,FO,FO,BB,1
Theodora DiBiaserunner,497,567,Streetlamp LeMoose,1734,176,RGO,391,B3,1,0,3,4,-3.30%,3.30%,0,0,0,1184,103,9,TAI,JUP,RGO,RGO,PO,1
Jacky Wacky,702,333,Streetlamp LeMoose,1734,816,LGO,483,B3,2,0,3,4,-2.28%,2.28%,0,0,0,1184,103,9,TAI,JUP,LGO,LGO,LGO,1
Eric Cowan,338,950,James Jameson LXIX,1722,765,FO,185,T4,0,0,3,4,-2.65%,2.65%,0,0,0,1185,103,9,JUP,TAI,FO,FO,FO,1
Bud Tuggli,133,432,James Jameson LXIX,1722,888,RGO,456,T4,1,0,3,4,-2.58%,2.58%,0,0,0,1185,103,9,JUP,TAI,RGO,RGO,LGO,1
Harry Peritestes,117,434,James Jameson LXIX,1722,69,PO,365,T4,2,0,3,4,-1.93%,1.93%,0,0,0,1185,103,9,JUP,TAI,PO,PO,K,1
ViktRon Swanson,651,420,Streetlamp LeMoose,1734,220,FO,200,B4,0,0,3,4,-4.80%,4.80%,0,0,0,1186,103,9,TAI,JUP,FO,FO,FO,1
Viktor Patterson,705,777,Streetlamp LeMoose,1734,631,BB,146,B4,1,0,3,4,5.67%,-5.67%,0,1,1,1186,103,9,TAI,JUP,BB,BB,BB,1
Festus Ezeli,743,31,Streetlamp LeMoose,1734,914,BB,117,B4,1,1,3,4,8.53%,-8.53%,0,1,1,1186,103,9,TAI,JUP,BB,BB,1B,1
Alexander West,1777,154,Streetlamp LeMoose,1734,472,K,318,B4,1,4,3,4,-9.86%,9.86%,0,0,0,1186,103,9,TAI,JUP,K,K,K,1
James Jameson LXIX,1722,318,Streetlamp LeMoose,1734,327,HR,9,B4,2,4,3,4,43.83%,-43.83%,3,1,1,1186,103,9,TAI,JUP,HR,HR,HR,1
Bubkis Fajita,2255,658,Streetlamp LeMoose,1734,12,RGO,354,B4,2,0,6,4,-0.64%,0.64%,0,0,0,1186,103,9,TAI,JUP,RGO,RGO,K,1
Chris Orosz,219,804,James Jameson LXIX,1722,96,K,292,T5,0,0,6,4,-3.62%,3.62%,0,0,0,1187,103,9,JUP,TAI,K,K,K,1
Matthew Paul,2243,240,James Jameson LXIX,1722,471,PO,231,T5,1,0,6,4,-3.57%,3.57%,0,0,0,1187,103,9,JUP,TAI,PO,PO,FO,1
Dirk Thrustmore,726,314,James Jameson LXIX,1722,666,PO,352,T5,2,0,6,4,-1.74%,1.74%,0,0,0,1187,103,9,JUP,TAI,PO,PO,K,1
Duke Silver,602,791,Streetlamp LeMoose,1734,549,FO,242,B5,0,0,6,4,-0.63%,0.63%,0,0,0,1188,103,9,TAI,JUP,FO,FO,FO,1
Theodora DiBiaserunner,497,1,Streetlamp LeMoose,1734,980,3B,21,B5,1,0,6,4,3.53%,-3.53%,0,1,1,1188,103,9,TAI,JUP,3B,3B,HR,1
Jacky Wacky,702,69,Streetlamp LeMoose,1734,3,2B,66,B5,1,3,6,4,1.51%,-1.51%,1,0,0,1188,103,9,TAI,JUP,2B,2B,1B,1
ViktRon Swanson,651,234,Streetlamp LeMoose,1734,728,LGO,494,B5,1,2,7,4,-0.33%,0.33%,0,0,0,1188,103,9,TAI,JUP,LGO,LGO,LGO,1
Viktor Patterson,705,777,Rocco Rudnikov,114,114,PO,337,B5,2,2,7,4,-1.15%,1.15%,0,0,0,1188,103,9,TAI,JUP,PO,PO,K,1
Iama Human,520,332,James Jameson LXIX,1722,569,K,237,T6,0,0,7,4,-2.36%,2.36%,0,0,0,1189,103,9,JUP,TAI,K,K,FO,1
Dermot Mulveiny,1763,331,James Jameson LXIX,1722,569,FO,238,T6,1,0,7,4,-1.65%,1.65%,0,0,0,1189,103,9,JUP,TAI,FO,FO,FO,1
Triston Uzumaki,125,909,James Jameson LXIX,1722,241,PO,332,T6,2,0,7,4,-0.54%,0.54%,0,0,0,1189,103,9,JUP,TAI,PO,PO,K,1
Oxleohl Driver,1943,729,Nickey Hallaway,2225,1,FO,272,T1,0,0,0,0,-2.52%,2.52%,0,0,0,1190,104,9,TAC,PHB,FO,FO,FO,1
Alaina Mclean,1947,730,Nickey Hallaway,2225,718,HR,12,T1,1,0,0,0,10.53%,-10.53%,1,1,1,1190,104,9,TAC,PHB,HR,HR,HR,1
Julio Escobar,686,725,Nickey Hallaway,2225,213,LGO,488,T1,1,0,0,1,-1.89%,1.89%,0,0,0,1190,104,9,TAC,PHB,LGO,LGO,LGO,1
Dakota Carolina Montana,65,439,Nickey Hallaway,2225,32,PO,407,T1,2,0,0,1,-1.65%,1.65%,0,0,0,1190,104,9,TAC,PHB,PO,PO,RGO,1
Assassin Xekutioner,271,403,Duke Marriot,775,18,PO,385,B1,0,0,0,1,-3.15%,3.15%,0,0,0,1191,104,9,PHB,TAC,PO,PO,PO,1
Rake Inthelake,755,777,Duke Marriot,775,347,PO,430,B1,1,0,0,1,-2.67%,2.67%,0,0,0,1191,104,9,PHB,TAC,PO,PO,RGO,1
Jeter O'Cola,739,822,Duke Marriot,775,356,LGO,466,B1,2,0,0,1,-1.59%,1.59%,0,0,0,1191,104,9,PHB,TAC,LGO,LGO,LGO,1
Julian O'Sullivan,2254,,Nickey Hallaway,2225,,Auto K,,T2,0,0,0,1,-2.62%,2.62%,0,0,0,1192,104,9,TAC,PHB,Auto K,Auto K,Auto K,9
Truck Month,1794,610,Nickey Hallaway,2225,855,FO,245,T2,1,0,0,1,-2.34%,2.34%,0,0,0,1192,104,9,TAC,PHB,FO,FO,FO,1
Gang Weed,1732,100,Nickey Hallaway,2225,855,FO,245,T2,2,0,0,1,-1.56%,1.56%,0,0,0,1192,104,9,TAC,PHB,FO,FO,FO,1
Coleman Waters,152,504,Duke Marriot,775,720,K,216,B2,0,0,0,1,-3.40%,3.40%,0,0,0,1193,104,9,PHB,TAC,K,K,FO,1
Bob Kelso,1834,868,Duke Marriot,775,596,K,272,B2,1,0,0,1,-2.75%,2.75%,0,0,0,1193,104,9,PHB,TAC,K,K,FO,1
Red Arrow,547,69,Duke Marriot,775,181,BB,112,B2,2,0,0,1,2.31%,-2.31%,0,0,0,1193,104,9,PHB,TAC,BB,BB,1B,1
Cam Singleton,266,55,Duke Marriot,775,599,LGO,456,B2,2,1,0,1,-4.49%,4.49%,0,0,0,1193,104,9,PHB,TAC,LGO,LGO,LGO,1
IBO Bust,186,223,Nickey Hallaway,2225,558,PO,335,T3,0,0,0,1,-2.77%,2.77%,0,0,0,1194,104,9,TAC,PHB,PO,PO,K,1
Barry McKockiner,612,478,Nickey Hallaway,2225,335,1B,143,T3,1,0,0,1,3.55%,-3.55%,0,0,0,1194,104,9,TAC,PHB,1B,1B,BB,1
Oxleohl Driver,1943,835,Nickey Hallaway,2225,2,FO,167,T3,1,1,0,1,-4.09%,4.09%,0,0,0,1194,104,9,TAC,PHB,FO,FO,BB,1
Alaina Mclean,1947,104,Nickey Hallaway,2225,666,RGO,438,T3,2,1,0,1,-3.59%,3.59%,0,0,0,1194,104,9,TAC,PHB,RGO,RGO,RGO,1
Jameson Poe,310,101,Duke Marriot,775,273,FO,172,B3,0,0,0,1,-4.00%,4.00%,0,0,0,1195,104,9,PHB,TAC,FO,FO,BB,1
A.Z. Chapman,14,789,Duke Marriot,775,268,LGO,479,B3,1,0,0,1,-3.30%,3.30%,0,0,0,1195,104,9,PHB,TAC,LGO,LGO,LGO,1
Assassin Xekutioner,271,256,Duke Marriot,775,373,BB,117,B3,2,0,0,1,2.56%,-2.56%,0,0,0,1195,104,9,PHB,TAC,BB,BB,1B,1
Rake Inthelake,755,456,Duke Marriot,775,581,BB,125,B3,2,1,0,1,4.38%,-4.38%,0,0,0,1195,104,9,PHB,TAC,BB,BB,1B,1
Jeter O'Cola,739,789,Duke Marriot,775,980,FO,191,B3,2,4,0,1,-9.22%,9.22%,0,0,0,1195,104,9,PHB,TAC,FO,FO,FO,1
Julio Escobar,686,738,Nickey Hallaway,2225,253,LGO,485,T4,0,0,0,1,-2.65%,2.65%,0,0,0,1196,104,9,TAC,PHB,LGO,LGO,LGO,1
Dakota Carolina Montana,65,849,Nickey Hallaway,2225,510,K,339,T4,1,0,0,1,-2.58%,2.58%,0,0,0,1196,104,9,TAC,PHB,K,K,K,1
Julian O'Sullivan,2254,720,Nickey Hallaway,2225,855,BB,135,T4,2,0,0,1,1.93%,-1.93%,0,0,0,1196,104,9,TAC,PHB,BB,FO,1B,1
Truck Month,1794,131,Nickey Hallaway,2225,990,BB,141,T4,2,1,0,1,2.87%,-2.87%,0,0,0,1196,104,9,TAC,PHB,BB,BB,BB,1
Gang Weed,1732,131,Nickey Hallaway,2225,580,LGO,449,T4,2,4,0,1,-6.73%,6.73%,0,0,0,1196,104,9,TAC,PHB,LGO,LGO,RGO,1
Coleman Waters,152,320,Duke Marriot,775,448,BB,128,B4,0,0,0,1,6.37%,-6.37%,0,0,0,1197,104,9,PHB,TAC,BB,BB,1B,1
Bob Kelso,1834,227,Duke Marriot,775,309,BB,82,B4,0,1,0,1,11.35%,-11.35%,0,0,0,1197,104,9,PHB,TAC,BB,BB,1B,1
Red Arrow,547,1,Duke Marriot,775,865,BB,136,B4,0,4,0,1,10.54%,-10.54%,0,0,0,1197,104,9,PHB,TAC,BB,BB,1B,1
Cam Singleton,266,450,Duke Marriot,775,116,K,334,B4,0,7,0,1,-4.84%,4.84%,0,0,0,1197,104,9,PHB,TAC,K,K,K,1
Jameson Poe,310,17,Duke Marriot,775,726,K,291,B4,1,7,0,1,-19.41%,19.41%,0,0,0,1197,104,9,PHB,TAC,K,K,K,1
A.Z. Chapman,14,555,Duke Marriot,775,964,K,409,B4,2,7,0,1,-16.33%,16.33%,0,0,0,1197,104,9,PHB,TAC,K,K,RGO,1
IBO Bust,186,3,Nickey Hallaway,2225,131,BB,128,T5,0,0,0,1,3.41%,-3.41%,0,1,1,1198,104,9,TAC,PHB,BB,BB,1B,1
Barry McKockiner,612,555,Nickey Hallaway,2225,322,FO,233,T5,0,1,0,1,-2.92%,2.92%,0,0,0,1198,104,9,TAC,PHB,FO,FO,FO,1
Oxleohl Driver,1943,227,Nickey Hallaway,2225,12,FO,215,T5,1,1,0,1,-3.95%,3.95%,0,0,0,1198,104,9,TAC,PHB,FO,FO,FO,1
Alaina Mclean,1947,450,Nickey Hallaway,2225,420,HR,30,T5,2,1,0,1,21.01%,-21.01%,2,1,1,1198,104,9,TAC,PHB,HR,HR,2B,1
Julio Escobar,686,572,Nickey Hallaway,2225,669,1B,97,T5,2,0,0,3,0.58%,-0.58%,0,0,0,1198,104,9,TAC,PHB,1B,BB,1B,1
Dakota Carolina Montana,65,777,Coleman Waters,152,242,RGO,465,T5,2,1,0,3,-1.56%,1.56%,0,0,0,1198,104,9,TAC,PHB,RGO,RGO,LGO,1
Assassin Xekutioner,271,508,Duke Marriot,775,266,K,242,B5,0,0,0,3,-3.50%,3.50%,0,0,0,1199,104,9,PHB,TAC,K,K,FO,1
Rake Inthelake,755,101,Duke Marriot,775,922,BB,179,B5,1,0,0,3,4.53%,-4.53%,0,0,0,1199,104,9,PHB,TAC,BB,BB,FO,1
Jeter O'Cola,739,490,Duke Marriot,775,906,DP,416,B5,1,1,0,3,-8.41%,8.41%,0,0,0,1199,104,9,PHB,TAC,RGO,RGO,DP,1
Julian O'Sullivan,2254,746,Coleman Waters,152,727,HR,19,T6,0,0,0,3,2.49%,-2.49%,1,1,1,1200,104,9,TAC,PHB,HR,HR,HR,1
Truck Month,1794,204,Coleman Waters,152,69,BB,135,T6,0,0,0,4,0.43%,-0.43%,0,1,1,1200,104,9,TAC,PHB,BB,BB,1B,1
Gang Weed,1732,320,Coleman Waters,152,559,FO,239,T6,0,1,0,4,-0.47%,0.47%,0,0,0,1200,104,9,TAC,PHB,FO,FO,FO,1
IBO Bust,186,777,Coleman Waters,152,897,1B,120,T6,1,1,0,4,0.18%,-0.18%,0,1,1,1200,104,9,TAC,PHB,1B,BB,1B,1
Barry McKockiner,612,153,Coleman Waters,152,19,1B,134,T6,1,4,0,4,0.77%,-0.77%,0,1,1,1200,104,9,TAC,PHB,1B,1B,1B,1
Oxleohl Driver,1943,900,Coleman Waters,152,927,3B,27,T6,1,7,0,4,0.55%,-0.55%,3,1,1,1200,104,9,TAC,PHB,3B,3B,3B,1
Alaina Mclean,1947,719,Coleman Waters,152,427,K,292,T6,1,3,0,7,0.21%,-0.21%,0,0,0,1200,104,9,TAC,PHB,K,K,K,1
Julio Escobar,686,420,Coleman Waters,152,299,BB,121,T6,2,3,0,7,-0.17%,0.17%,0,1,1,1200,104,9,TAC,PHB,BB,BB,1B,1
Dakota Carolina Montana,65,581,Coleman Waters,152,636,2B,55,T6,2,5,0,7,0.20%,-0.20%,2,0,0,1200,104,9,TAC,PHB,2B,2B,2B,1
Julian O'Sullivan,2254,,Coleman Waters,152,,Auto K,,T6,2,2,0,9,-0.19%,0.19%,0,0,0,1200,104,9,TAC,PHB,Auto K,Auto K,Auto K,9
Coleman Waters,152,69,Duke Marriot,775,409,K,340,B6,0,0,0,9,-0.38%,0.38%,0,0,0,1201,104,9,PHB,TAC,K,K,K,1
Jeff Steelflex,268,505,Duke Marriot,775,145,K,360,B6,1,0,0,9,-0.18%,0.18%,0,0,0,1201,104,9,PHB,TAC,K,K,K,1
Dottie Hooligan,770,675,Duke Marriot,775,757,2B,82,B6,2,0,0,9,0.04%,-0.04%,0,0,0,1201,104,9,PHB,TAC,2B,1B,1B,1
WILL THE THRILL,745,888,Duke Marriot,775,723,FO,165,B6,2,2,0,9,-0.07%,0.07%,0,0,0,1201,104,9,PHB,TAC,FO,FO,BB,1
Ax Finesse,1824,989,Thomas Beowulf,218,797,FO,192,T1,0,0,0,0,-2.52%,2.52%,0,0,0,1202,105,9,KTY,LMN,FO,FO,FO,1
Tyler Phoenix,99,319,Thomas Beowulf,218,434,1B,115,T1,1,0,0,0,3.21%,-3.21%,0,0,0,1202,105,9,KTY,LMN,1B,1B,1B,1
Vinny Vedecci,2,718,Thomas Beowulf,218,115,PO,397,T1,1,1,0,0,-3.96%,3.96%,0,0,0,1202,105,9,KTY,LMN,PO,PO,PO,1
icna comit,198,420,Thomas Beowulf,218,602,FO,182,T1,2,1,0,0,-3.51%,3.51%,0,0,0,1202,105,9,KTY,LMN,FO,FO,FO,1
Dylan Green,305,13,Kirby Birch,1800,44,2B,31,B1,0,0,0,0,6.76%,-6.76%,0,1,1,1203,105,9,LMN,KTY,2B,2B,2B,1
Homer Nocker,606,419,Kirby Birch,1800,277,BB,142,B1,0,2,0,0,3.39%,-3.39%,0,1,1,1203,105,9,LMN,KTY,BB,BB,BB,1
Lloyd Gross,135,555,Kirby Birch,1800,544,HR,11,B1,0,4,0,0,16.95%,-16.95%,3,1,1,1203,105,9,LMN,KTY,HR,HR,HR,1
Dixon Uraz,34,327,Kirby Birch,1800,951,PO,376,B1,0,0,3,0,-1.34%,1.34%,0,0,0,1203,105,9,LMN,KTY,PO,PO,K,1
Michael Ikenberry,63,734,Kirby Birch,1800,544,FO,190,B1,1,0,3,0,-1.38%,1.38%,0,0,0,1203,105,9,LMN,KTY,FO,FO,FO,1
Rekt Keyo,331,619,Kirby Birch,1800,920,K,301,B1,2,0,3,0,-0.42%,0.42%,0,0,0,1203,105,9,LMN,KTY,K,K,K,1
Mr. Miyagi,265,2,Thomas Beowulf,218,667,K,335,T2,0,0,3,0,-2.37%,2.37%,0,0,0,1204,105,9,KTY,LMN,K,K,K,1
Sevag Vapor,106,173,Thomas Beowulf,218,30,1B,143,T2,1,0,3,0,3.49%,-3.49%,0,0,0,1204,105,9,KTY,LMN,1B,1B,BB,1
Chase Hillinger,1710,,Thomas Beowulf,218,,Auto K,,T2,1,1,3,0,-4.42%,4.42%,0,0,0,1204,105,9,KTY,LMN,Auto K,Auto K,Auto K,9
David Roidtiz,1742,304,Thomas Beowulf,218,230,1B,74,T2,2,1,3,0,2.91%,-2.91%,0,0,0,1204,105,9,KTY,LMN,1B,1B,1B,1
Mo Jungo,1814,907,Thomas Beowulf,218,305,PO,398,T2,2,5,3,0,-5.55%,5.55%,0,0,0,1204,105,9,KTY,LMN,PO,PO,PO,1
Superbone Threefinger,413,748,Kirby Birch,1800,850,1B,102,B2,0,0,3,0,1.00%,-1.00%,0,1,1,1205,105,9,LMN,KTY,1B,1B,1B,1
Thelonius Junk,623,989,Kirby Birch,1800,2,3B,13,B2,0,1,3,0,9.40%,-9.40%,1,1,1,1205,105,9,LMN,KTY,3B,3B,HR,1
Mason Miller,270,711,Kirby Birch,1800,620,1B,91,B2,0,3,4,0,-1.78%,1.78%,1,0,0,1205,105,9,LMN,KTY,1B,1B,1B,1
Mason Miller,270,277,Kirby Birch,1800,820,CS,457,B2,0,1,5,0,-1.40%,1.40%,0,0,0,1205,105,9,LMN,KTY,CS 2B,CS 2B,CS,4
Dylan Green,305,420,Kirby Birch,1800,441,2B,21,B2,1,0,5,0,1.87%,-1.87%,0,1,1,1205,105,9,LMN,KTY,2B,2B,HR,1
Homer Nocker,606,419,Kirby Birch,1800,309,1B,110,B2,1,2,5,0,1.86%,-1.86%,0,0,0,1205,105,9,LMN,KTY,1B,1B,1B,1
Lloyd Gross,135,69,Steel Pipe Simpson,80,248,Sac,179,B2,1,5,5,0,-1.88%,1.88%,1,0,0,1205,105,9,LMN,KTY,FO,FO,Sac,1
Dixon Uraz,34,969,Steel Pipe Simpson,80,69,BB,100,B2,2,1,6,0,1.46%,-1.46%,0,0,0,1205,105,9,LMN,KTY,BB,BB,1B,1
Michael Ikenberry,63,444,Steel Pipe Simpson,80,840,PO,396,B2,2,4,6,0,-1.31%,1.31%,0,0,0,1205,105,9,LMN,KTY,PO,PO,PO,1
Ax Finesse,1824,1,Thomas Beowulf,218,120,BB,119,T3,0,0,6,0,1.72%,-1.72%,0,0,0,1206,105,9,KTY,LMN,BB,BB,1B,1
Tyler Phoenix,99,864,Thomas Beowulf,218,789,1B,75,T3,0,1,6,0,2.79%,-2.79%,0,0,0,1206,105,9,KTY,LMN,1B,1B,1B,1
Vinny Vedecci,2,551,Thomas Beowulf,218,789,FO,238,T3,0,4,6,0,-4.05%,4.05%,0,0,0,1206,105,9,KTY,LMN,FO,FO,FO,1
icna comit,198,710,Thomas Beowulf,218,590,BB,120,T3,1,4,6,0,3.89%,-3.89%,0,0,0,1206,105,9,KTY,LMN,BB,BB,1B,1
Mr. Miyagi,265,666,Thomas Beowulf,218,240,DP,426,T3,1,7,6,0,-6.49%,6.49%,0,0,0,1206,105,9,KTY,LMN,RGO,RGO,DP,1
Rekt Keyo,331,113,Steel Pipe Simpson,80,138,HR,25,B3,0,0,6,0,0.00%,0.00%,1,1,1,1207,105,9,LMN,KTY,HR,HR,3B,1
Superbone Threefinger,413,500,Steel Pipe Simpson,80,139,PO,361,B3,0,0,7,0,-0.08%,0.08%,0,0,0,1207,105,9,LMN,KTY,PO,PO,K,1
Thelonius Junk,623,2,Steel Pipe Simpson,80,388,PO,386,B3,1,0,7,0,-0.42%,0.42%,0,0,0,1207,105,9,LMN,KTY,PO,PO,PO,1
Mason Miller,270,614,Steel Pipe Simpson,80,808,FO,194,B3,2,0,7,0,0.04%,-0.04%,0,0,0,1207,105,9,LMN,KTY,FO,FO,FO,1
Sevag Vapor,106,312,Thomas Beowulf,218,453,1B,141,T4,0,0,7,0,1.48%,-1.48%,0,1,1,1208,105,9,KTY,LMN,1B,1B,BB,1
Chase Hillinger,1710,940,Thomas Beowulf,218,12,2B,72,T4,0,1,7,0,3.78%,-3.78%,0,0,0,1208,105,9,KTY,LMN,2B,2B,1B,1
David Roidtiz,1742,513,Thomas Beowulf,218,98,K,415,T4,0,6,7,0,-1.75%,1.75%,0,0,0,1208,105,9,KTY,LMN,K,K,RGO,1
Mo Jungo,1814,378,Thomas Beowulf,218,221,BB,157,T4,1,6,7,0,1.18%,-1.18%,0,0,0,1208,105,9,KTY,LMN,BB,BB,BB,1
Ax Finesse,1824,989,Thomas Beowulf,218,809,Sac,180,T4,1,7,7,0,-3.83%,3.83%,1,0,0,1208,105,9,KTY,LMN,FO,FO,Sac,1
Tyler Phoenix,99,514,Thomas Beowulf,218,808,FO,294,T4,2,4,7,1,-2.37%,2.37%,0,0,0,1208,105,9,KTY,LMN,FO,FO,K,1
Dylan Green,305,200,Steel Pipe Simpson,80,71,BB,129,B4,0,0,7,1,0.05%,-0.05%,0,1,1,1209,105,9,LMN,KTY,BB,BB,1B,1
Homer Nocker,606,421,Steel Pipe Simpson,80,408,HR,13,B4,0,1,7,1,-0.05%,0.05%,2,1,1,1209,105,9,LMN,KTY,HR,HR,HR,1
Lloyd Gross,135,617,Steel Pipe Simpson,80,224,PO,393,B4,0,0,9,1,-0.36%,0.36%,0,0,0,1209,105,9,LMN,KTY,PO,PO,PO,1
Dixon Uraz,34,658,Steel Pipe Simpson,80,827,FO,169,B4,1,0,9,1,0.22%,-0.22%,0,0,0,1209,105,9,LMN,KTY,FO,FO,BB,1
Michael Ikenberry,63,421,Steel Pipe Simpson,80,489,1B,68,B4,2,0,9,1,0.04%,-0.04%,0,0,0,1209,105,9,LMN,KTY,1B,1B,1B,1
Rekt Keyo,331,,Steel Pipe Simpson,80,,Auto BB,,B4,2,1,9,1,-0.19%,0.19%,0,0,0,1209,105,9,LMN,KTY,Auto BB,Auto BB,Auto BB,10
Superbone Threefinger,413,620,Steel Pipe Simpson,80,857,FO,237,B4,2,4,9,1,-0.03%,0.03%,0,0,0,1209,105,9,LMN,KTY,FO,FO,FO,1
Vinny Vedecci,2,321,Thomas Beowulf,218,688,K,367,T5,0,0,9,1,-0.43%,0.43%,0,0,0,1210,105,9,KTY,LMN,K,K,K,1
icna comit,198,710,Thomas Beowulf,218,522,FO,188,T5,1,0,9,1,-0.51%,0.51%,0,0,0,1210,105,9,KTY,LMN,FO,FO,FO,1
Mr. Miyagi,265,114,Thomas Beowulf,218,612,LGO,498,T5,2,0,9,1,-0.13%,0.13%,0,0,0,1210,105,9,KTY,LMN,LGO,LGO,LGO,1
Thelonius Junk,623,2,Steel Pipe Simpson,80,449,RGO,447,B5,0,0,9,1,-0.12%,0.12%,0,0,0,1211,105,9,LMN,KTY,RGO,RGO,RGO,1
Mason Miller,270,121,Steel Pipe Simpson,80,3,BB,118,B5,1,0,9,1,0.07%,-0.07%,0,0,0,1211,105,9,LMN,KTY,BB,1B,1B,1
Mason Miller,270,10,Steel Pipe Simpson,80,709,SB,301,B5,1,1,9,1,0.13%,-0.13%,0,0,0,1211,105,9,LMN,KTY,Steal 2B,Steal 2B,SB,4
Dylan Green,305,277,Steel Pipe Simpson,80,600,K,323,B5,1,2,9,1,-0.27%,0.27%,0,0,0,1211,105,9,LMN,KTY,K,K,K,1
Homer Nocker,606,419,Steel Pipe Simpson,80,1000,RGO,419,B5,2,2,9,1,0.09%,-0.09%,0,0,0,1211,105,9,LMN,KTY,RGO,RGO,RGO,1
Sevag Vapor,106,730,Thomas Beowulf,218,101,K,371,T6,0,0,9,1,-0.21%,0.21%,0,0,0,1212,105,9,KTY,LMN,K,K,K,1
Chase Hillinger,1710,400,Thomas Beowulf,218,874,LGO,474,T6,1,0,9,1,-0.13%,0.13%,0,0,0,1212,105,9,KTY,LMN,LGO,LGO,LGO,1
David Roidtiz,1742,725,Thomas Beowulf,218,1,K,276,T6,2,0,9,1,-0.02%,0.02%,0,0,0,1212,105,9,KTY,LMN,K,K,FO,1
cocl,487,69,Emerson Austin,703,589,LGO,480,T1,0,0,0,0,-2.52%,2.52%,0,0,0,1213,106,9,MVM,NUL,LGO,LGO,LGO,1
Kris Kringle,683,1,Emerson Austin,703,901,1B,100,T1,1,0,0,0,3.21%,-3.21%,0,0,0,1213,106,9,MVM,NUL,1B,1B,1B,1
Deej Gambino,594,711,Emerson Austin,703,223,DP,488,T1,1,1,0,0,-7.47%,7.47%,0,0,0,1213,106,9,MVM,NUL,LGO,LGO,DP,1
Joey McCarty,390,68,Mike Litoris,2252,824,K,244,B1,0,0,0,0,-2.73%,2.73%,0,0,0,1214,106,9,NUL,MVM,K,K,FO,1
Hannibal Bligh,1724,500,Mike Litoris,2252,244,FO,256,B1,1,0,0,0,-2.27%,2.27%,0,0,0,1214,106,9,NUL,MVM,FO,FO,FO,1
Emerson Austin,703,464,Mike Litoris,2252,399,2B,65,B1,2,0,0,0,2.70%,-2.70%,0,1,1,1214,106,9,NUL,MVM,2B,2B,1B,1
Joey-Claire Hiveswap,291,417,Mike Litoris,2252,388,3B,29,B1,2,2,0,0,11.32%,-11.32%,1,0,0,1214,106,9,NUL,MVM,3B,3B,3B,1
KlentakPay TheFuckingTax,1700,7,Mike Litoris,2252,524,LGO,483,B1,2,3,1,0,-4.04%,4.04%,0,0,0,1214,106,9,NUL,MVM,LGO,LGO,LGO,1
Jeffrey Salmon,1704,300,Emerson Austin,703,108,FO,192,T2,0,0,1,0,-2.54%,2.54%,0,0,0,1215,106,9,MVM,NUL,FO,FO,FO,1
J.E. Wilkins,235,902,Emerson Austin,703,542,PO,360,T2,1,0,1,0,-3.53%,3.53%,0,0,0,1215,106,9,MVM,NUL,PO,PO,K,1
Jeremy Carolina,728,205,Emerson Austin,703,163,2B,42,T2,2,0,1,0,2.78%,-2.78%,0,0,0,1215,106,9,MVM,NUL,2B,2B,2B,1
Dwayne Stevenson,334,724,Emerson Austin,703,545,FO,179,T2,2,2,1,0,-4.22%,4.22%,0,0,0,1215,106,9,MVM,NUL,FO,FO,FO,1
Anthony Richards,418,420,Mike Litoris,2252,224,FO,196,B2,0,0,1,0,-2.16%,2.16%,0,0,0,1216,106,9,NUL,MVM,FO,FO,FO,1
Bob Robb,90,804,Mike Litoris,2252,699,1B,105,B2,1,0,1,0,2.63%,-2.63%,0,0,0,1216,106,9,NUL,MVM,1B,1B,1B,1
Monica M. Clinton,1774,687,Mike Litoris,2252,889,FO,202,B2,1,1,1,0,-3.09%,3.09%,0,0,0,1216,106,9,NUL,MVM,FO,FO,FO,1
Maxelia Gray,391,,Mike Litoris,2252,,Auto K,,B2,2,1,1,0,-3.14%,3.14%,0,0,0,1216,106,9,NUL,MVM,Auto K,Auto K,Auto K,9
Mike Hampton,782,415,Emerson Austin,703,569,BB,154,T3,0,0,1,0,4.87%,-4.87%,0,0,0,1217,106,9,MVM,NUL,BB,BB,BB,1
Ryan Tyburn,517,300,Emerson Austin,703,666,DP,366,T3,0,1,1,0,-11.61%,11.61%,0,0,0,1217,106,9,MVM,NUL,RGO,RGO,K,1
cocl,487,880,Emerson Austin,703,533,PO,347,T3,2,0,1,0,-2.16%,2.16%,0,0,0,1217,106,9,MVM,NUL,PO,PO,K,1
Joey McCarty,390,329,Mike Litoris,2252,533,FO,204,B3,0,0,1,0,-2.34%,2.34%,0,0,0,1218,106,9,NUL,MVM,FO,FO,FO,1
Hannibal Bligh,1724,329,Mike Litoris,2252,1000,K,329,B3,1,0,1,0,-2.24%,2.24%,0,0,0,1218,106,9,NUL,MVM,K,K,K,1
Emerson Austin,703,669,Mike Litoris,2252,724,2B,55,B3,2,0,1,0,3.14%,-3.14%,0,1,1,1218,106,9,NUL,MVM,2B,2B,2B,1
Joey-Claire Hiveswap,291,317,Mike Litoris,2252,199,1B,118,B3,2,2,1,0,9.20%,-9.20%,1,1,1,1218,106,9,NUL,MVM,1B,BB,1B,1
KlentakPay TheFuckingTax,1700,199,Mike Litoris,2252,244,2B,45,B3,2,1,2,0,8.78%,-8.78%,1,0,0,1218,106,9,NUL,MVM,2B,2B,2B,1
Anthony Richards,418,323,Mike Litoris,2252,545,FO,222,B3,2,2,3,0,-2.38%,2.38%,0,0,0,1218,106,9,NUL,MVM,FO,FO,FO,1
Kris Kringle,683,900,Emerson Austin,703,904,HR,4,T4,0,0,3,0,8.24%,-8.24%,1,1,1,1219,106,9,MVM,NUL,HR,HR,HR,1
Deej Gambino,594,345,Emerson Austin,703,777,RGO,432,T4,0,0,3,1,-3.51%,3.51%,0,0,0,1219,106,9,MVM,NUL,RGO,RGO,RGO,1
Jeffrey Salmon,1704,976,Emerson Austin,703,837,BB,139,T4,1,0,3,1,4.50%,-4.50%,0,1,1,1219,106,9,MVM,NUL,BB,BB,BB,1
J.E. Wilkins,235,923,Emerson Austin,703,888,3B,35,T4,1,1,3,1,21.95%,-21.95%,1,1,1,1219,106,9,MVM,NUL,3B,3B,2B,1
Jeremy Carolina,728,400,Emerson Austin,703,899,LGO,499,T4,1,3,3,2,-0.1329,0.1329,0,0,0,1219,106,9,MVM,NUL,LGO,LGO,LGO,2
Dwayne Stevenson,334,387,Emerson Austin,703,274,1B,113,T4,2,3,3,2,0.1395,-0.1395,1,0,0,1219,106,9,MVM,NUL,1B,BB,1B,1
Mike Hampton,782,22,Emerson Austin,703,602,RGO,420,T4,2,1,3,3,-5.24%,5.24%,0,0,0,1219,106,9,MVM,NUL,RGO,RGO,RGO,1
Bob Robb,90,431,Mike Litoris,2252,133,K,298,B4,0,0,3,3,-3.93%,3.93%,0,0,0,1220,106,9,NUL,MVM,K,K,K,1
Monica M. Clinton,1774,222,Mike Litoris,2252,687,LGO,465,B4,1,0,3,3,-3.43%,3.43%,0,0,0,1220,106,9,NUL,MVM,LGO,LGO,LGO,1
Haydn Werfer,392,222,Mike Litoris,2252,555,K,333,B4,2,0,3,3,-2.71%,2.71%,0,0,0,1220,106,9,NUL,MVM,K,K,K,1
Ryan Tyburn,517,333,Emerson Austin,703,257,1B,76,T5,0,0,3,3,6.36%,-6.36%,0,0,0,1221,106,9,MVM,NUL,1B,1B,1B,1
cocl,487,602,Emerson Austin,703,799,FO,197,T5,0,1,3,3,-5.56%,5.56%,0,0,0,1221,106,9,MVM,NUL,FO,FO,FO,1
Ryan Tyburn,517,4,Emerson Austin,703,525,CS,479,T5,1,1,3,3,-9.99%,9.99%,0,0,0,1221,106,9,MVM,NUL,CS 2B,CS 2B,CS,4
Kris Kringle,683,125,Emerson Austin,703,333,FO,208,T5,2,0,3,3,-3.26%,3.26%,0,0,0,1221,106,9,MVM,NUL,FO,FO,FO,1
Joey McCarty,390,690,Mike Litoris,2252,330,RGO,360,B5,0,0,3,3,-4.39%,4.39%,0,0,0,1222,106,9,NUL,MVM,RGO,RGO,K,1
Hannibal Bligh,1724,709,Mike Litoris,2252,829,1B,120,B5,1,0,3,3,4.69%,-4.69%,0,0,0,1222,106,9,NUL,MVM,1B,1B,1B,1
Emerson Austin,703,101,Mike Litoris,2252,444,K,343,B5,1,1,3,3,-6.24%,6.24%,0,0,0,1222,106,9,NUL,MVM,K,K,K,1
Joey-Claire Hiveswap,291,219,Mike Litoris,2252,917,K,302,B5,2,1,3,3,-6.26%,6.26%,0,0,0,1222,106,9,NUL,MVM,K,K,K,1
Deej Gambino,594,317,Emerson Austin,703,585,FO,268,T6,0,0,3,3,-6.10%,6.10%,0,0,0,1223,106,9,MVM,NUL,FO,K,FO,1
Jeffrey Salmon,1704,199,Emerson Austin,703,109,1B,90,T6,1,0,3,3,6.77%,-6.77%,0,0,0,1223,106,9,MVM,NUL,1B,1B,1B,1
J.E. Wilkins,235,762,Emerson Austin,703,522,FO,240,T6,1,1,3,3,-8.71%,8.71%,0,0,0,1223,106,9,MVM,NUL,FO,FO,FO,1
Jeremy Carolina,728,560,Emerson Austin,703,222,PO,338,T6,2,1,3,3,-8.76%,8.76%,0,0,0,1223,106,9,MVM,NUL,PO,PO,K,1
KlentakPay TheFuckingTax,1700,101,Mike Litoris,2252,199,1B,98,B6,0,0,3,3,5.96%,-5.96%,0,0,0,1224,106,9,NUL,MVM,1B,1B,1B,1
Anthony Richards,418,821,Mike Litoris,2252,693,1B,128,B6,0,1,3,3,15.89%,-15.89%,0,0,0,1224,106,9,NUL,MVM,1B,BB,1B,1
Bob Robb,90,34,Mike Litoris,2252,201,FO,167,B6,0,4,3,3,-13.58%,13.58%,0,0,0,1224,106,9,NUL,MVM,FO,FO,BB,1
Monica M. Clinton,1774,555,Mike Litoris,2252,699,BB,144,B6,1,4,3,3,17.30%,-17.30%,0,0,0,1224,106,9,NUL,MVM,BB,BB,BB,1
Haydn Werfer,392,950,Mike Litoris,2252,545,PO,405,B6,1,7,3,3,-25.80%,25.80%,0,0,0,1224,106,9,NUL,MVM,PO,PO,DP,1
Joey McCarty,390,364,Mike Litoris,2252,777,LGO,413,B6,2,7,3,3,-16.57%,16.57%,0,0,0,1224,106,9,NUL,MVM,LGO,LGO,RGO,1
Dr.Degratest Toevadoit,247,888,Mike Fruitstand,772,532,RGO,356,T1,0,0,0,0,-2.52%,2.52%,0,0,0,1225,107,9,SAR,DAD,RGO,RGO,K,1
Bonesy McSkellington,1733,736,Mike Fruitstand,772,888,BB,152,T1,1,0,0,0,3.21%,-3.21%,0,0,0,1225,107,9,SAR,DAD,BB,BB,BB,1
Tucker Doubt,567,490,Mike Fruitstand,772,111,DP,379,T1,1,1,0,0,-7.47%,7.47%,0,0,0,1225,107,9,SAR,DAD,RGO,RGO,PO,1
Clarinet Clarinet,672,827,Hudson Hildebrandt,284,245,RGO,418,B1,0,0,0,0,-2.73%,2.73%,0,0,0,1226,107,9,DAD,SAR,RGO,RGO,RGO,1
Red Fox,784,83,Hudson Hildebrandt,284,5,1B,78,B1,1,0,0,0,3.37%,-3.37%,0,1,1,1226,107,9,DAD,SAR,1B,1B,1B,1
Michael Scarn,746,33,Hudson Hildebrandt,284,109,1B,76,B1,1,1,0,0,4.72%,-4.72%,0,1,1,1226,107,9,DAD,SAR,1B,1B,1B,1
Runner Buehler,717,509,Hudson Hildebrandt,284,505,HR,4,B1,1,4,0,0,20.40%,-20.40%,3,1,1,1226,107,9,DAD,SAR,HR,HR,HR,1
Dixie Normos,332,905,Hudson Hildebrandt,284,333,PO,428,B1,1,0,3,0,-0.0138,0.0138,0,0,0,1226,107,9,DAD,SAR,PO,PO,RGO,1
Sam Smith,158,593,Hudson Hildebrandt,284,444,BB,149,B1,2,0,3,0,0.0084,-0.0084,0,0,0,1226,107,9,DAD,SAR,BB,BB,BB,1
Rekt Keyo,331,277,Hudson Hildebrandt,284,20,K,257,B1,2,1,3,0,-0.0126,0.0126,0,0,0,1226,107,9,DAD,SAR,K,K,FO,1
Bradle Beamen,203,372,Mike Fruitstand,772,569,K,197,T2,0,0,3,0,-0.0237,0.0237,0,0,0,1227,107,9,SAR,DAD,K,K,FO,1
Ross Ewage,1764,381,Mike Fruitstand,772,597,K,216,T2,1,0,3,0,-0.0146,0.0146,0,0,0,1227,107,9,SAR,DAD,K,K,FO,1
Fuzzy Dunlop,382,820,Mike Fruitstand,772,216,RGO,396,T2,2,0,3,0,-0.0211,0.0211,0,0,0,1227,107,9,SAR,DAD,RGO,RGO,PO,1
Cam'ron,525,111,Hudson Hildebrandt,284,120,HR,9,B2,0,0,3,0,0.0459,-0.0459,1,1,1,1228,107,9,DAD,SAR,HR,HR,HR,1
Drew Savage,329,69,Hudson Hildebrandt,284,911,BB,158,B2,0,0,4,0,0.0139,-0.0139,0,0,0,1228,107,9,DAD,SAR,BB,BB,BB,1
Clarinet Clarinet,672,209,Hudson Hildebrandt,284,911,K,298,B2,0,1,4,0,-0.0095,0.0095,0,0,0,1228,107,9,DAD,SAR,K,K,K,1
Red Fox,784,63,Hudson Hildebrandt,284,677,K,386,B2,1,1,4,0,-0.0134,0.0134,0,0,0,1228,107,9,DAD,SAR,K,K,PO,1
Michael Scarn,746,757,Hudson Hildebrandt,284,404,K,353,B2,2,1,4,0,-0.0091,0.0091,0,0,0,1228,107,9,DAD,SAR,K,K,K,1
Gimpy Schlempteen 32,379,829,Mike Fruitstand,772,422,LGO,407,T3,0,0,4,0,-1.72%,1.72%,0,0,0,1229,107,9,SAR,DAD,LGO,LGO,RGO,1
Elmo Seabreeze,1785,497,Mike Fruitstand,772,345,BB,152,T3,1,0,4,0,2.12%,-2.12%,0,0,0,1229,107,9,SAR,DAD,BB,BB,BB,1
Lawrence Wiseman,380,675,Mike Fruitstand,772,789,1B,114,T3,1,1,4,0,4.53%,-4.53%,0,0,0,1229,107,9,SAR,DAD,1B,BB,1B,1
Dr.Degratest Toevadoit,247,322,Mike Fruitstand,772,690,DP,368,T3,1,4,4,0,-8.90%,8.90%,0,0,0,1229,107,9,SAR,DAD,RGO,RGO,K,1
Runner Buehler,717,120,Hudson Hildebrandt,284,353,K,233,B3,0,0,4,0,-0.32%,0.32%,0,0,0,1230,107,9,DAD,SAR,K,K,FO,1
Dixie Normos,332,555,Hudson Hildebrandt,284,505,2B,50,B3,1,0,4,0,0.37%,-0.37%,0,0,0,1230,107,9,DAD,SAR,2B,2B,2B,1
Sam Smith,158,451,Hudson Hildebrandt,284,708,K,257,B3,1,2,4,0,-0.27%,0.27%,0,0,0,1230,107,9,DAD,SAR,K,K,FO,1
Rekt Keyo,331,59,Hudson Hildebrandt,284,322,K,263,B3,2,2,4,0,-1.20%,1.20%,0,0,0,1230,107,9,DAD,SAR,K,K,FO,1
Bonesy McSkellington,1733,989,Mike Fruitstand,772,974,HR,15,T4,0,0,4,0,5.44%,-5.44%,1,1,1,1231,107,9,SAR,DAD,HR,HR,HR,1
Tucker Doubt,567,977,Mike Fruitstand,772,321,RGO,344,T4,0,0,4,1,-2.47%,2.47%,0,0,0,1231,107,9,SAR,DAD,RGO,RGO,K,1
Bradle Beamen,203,220,Mike Fruitstand,772,444,K,224,T4,1,0,4,1,-2.55%,2.55%,0,0,0,1231,107,9,SAR,DAD,K,K,FO,1
Ross Ewage,1764,576,Mike Fruitstand,772,698,1B,122,T4,2,0,4,1,1.89%,-1.89%,0,0,0,1231,107,9,SAR,DAD,1B,BB,1B,1
Fuzzy Dunlop,382,222,Mike Fruitstand,772,445,FO,223,T4,2,1,4,1,-2.98%,2.98%,0,0,0,1231,107,9,SAR,DAD,FO,FO,FO,1
Cam'ron,525,555,Hudson Hildebrandt,284,263,K,292,B4,0,0,4,1,-0.46%,0.46%,0,0,0,1232,107,9,DAD,SAR,K,K,K,1
Drew Savage,329,69,Hudson Hildebrandt,284,123,2B,54,B4,1,0,4,1,0.84%,-0.84%,0,1,1,1232,107,9,DAD,SAR,2B,2B,2B,1
Clarinet Clarinet,672,619,Hudson Hildebrandt,284,54,RGO,435,B4,1,2,4,1,-1.16%,1.16%,0,0,0,1232,107,9,DAD,SAR,RGO,RGO,RGO,1
Red Fox,784,888,Hudson Hildebrandt,284,855,2B,33,B4,2,3,4,1,0.038,-0.038,1,0,0,1232,107,9,DAD,SAR,2B,3B,2B,1
Michael Scarn,746,616,Hudson Hildebrandt,284,777,BB,161,B4,2,2,5,1,-0.001,0.001,0,0,0,1232,107,9,DAD,SAR,BB,BB,BB,1
Gob Bibson,708,222,Hudson Hildebrandt,284,444,K,222,B4,2,4,5,1,-0.0039,0.0039,0,0,0,1232,107,9,DAD,SAR,K,K,FO,1
Gimpy Schlempteen 32,379,600,Mike Fruitstand,772,899,RGO,299,T5,0,0,5,1,-0.013,0.013,0,0,0,1233,107,9,SAR,DAD,RGO,RGO,K,1
Elmo Seabreeze,1785,555,Mike Fruitstand,772,455,1B,100,T5,1,0,5,1,0.0188,-0.0188,0,0,1,1233,107,9,SAR,DAD,1B,1B,1B,1
Elmo Seabreeze,1785,400,Mike Fruitstand,772,555,SB,155,T5,1,1,5,1,0.0007,-0.0007,0,1,0,1233,107,9,SAR,DAD,Steal 2B,Steal 2B,SB,4
Lawrence Wiseman,380,346,Mike Fruitstand,772,779,LGO,433,T5,1,2,5,1,-0.0213,0.0213,0,0,0,1233,107,9,SAR,DAD,LGO,LGO,RGO,1
Dr.Degratest Toevadoit,247,619,Mike Fruitstand,772,643,3B,24,T5,2,2,5,1,0.0261,-0.0261,1,1,1,1233,107,9,SAR,DAD,3B,3B,HR,1
Bonesy McSkellington,1733,619,Mike Fruitstand,772,690,2B,71,T5,2,3,5,2,0.0733,-0.0733,1,0,0,1233,107,9,SAR,DAD,2B,1B,1B,1
Tucker Doubt,567,444,Mike Fruitstand,772,777,RGO,333,T5,2,2,5,3,-0.057,0.057,0,0,0,1233,107,9,SAR,DAD,RGO,RGO,K,1
Freddie Huff,1813,700,Hudson Hildebrandt,284,825,BB,125,B5,0,0,5,3,0.0112,-0.0112,0,0,0,1234,107,9,DAD,SAR,BB,BB,1B,1
Sam Smith,158,959,Hudson Hildebrandt,284,222,K,263,B5,0,1,5,3,-0.0064,0.0064,0,0,0,1234,107,9,DAD,SAR,K,K,FO,1
Rekt Keyo,331,420,Hudson Hildebrandt,284,888,DP,468,B5,1,1,5,3,-0.0244,0.0244,0,0,0,1234,107,9,DAD,SAR,LGO,LGO,DP,1
Bradle Beamen,203,132,Mike Fruitstand,772,235,1B,103,T6,0,0,5,3,0.078,-0.078,0,1,1,1235,107,9,SAR,DAD,1B,1B,1B,1
Ross Ewage,1764,341,Mike Fruitstand,772,333,HR,8,T6,0,1,5,3,0.3254,-0.3254,2,1,1,1235,107,9,SAR,DAD,HR,HR,HR,1
Fuzzy Dunlop,382,1000,Drew Savage,329,871,1B,129,T6,0,0,5,5,0.0662,-0.0662,0,0,0,1235,107,9,SAR,DAD,1B,BB,1B,1
Gimpy Schlempteen 32,379,69,Drew Savage,329,969,1B,100,T6,0,1,5,5,0.1695,-0.1695,0,0,0,1235,107,9,SAR,DAD,1B,1B,1B,1
Elmo Seabreeze,1785,500,Drew Savage,329,666,BB,166,T6,0,4,5,5,0.1049,-0.1049,0,0,0,1235,107,9,SAR,DAD,BB,BB,BB,1
Lawrence Wiseman,380,592,Drew Savage,329,929,RGO,337,T6,0,7,5,5,-0.0623,0.0623,0,0,0,1235,107,9,SAR,DAD,RGO,RGO,K,2
Dr.Degratest Toevadoit,247,22,Drew Savage,329,285,K,263,T6,1,7,5,5,-0.2411,0.2411,0,0,0,1235,107,9,SAR,DAD,K,K,Sac,1
Bonesy McSkellington,1733,133,Drew Savage,329,711,LGO,422,T6,2,7,5,5,-0.2052,0.2052,0,0,0,1235,107,9,SAR,DAD,LGO,LGO,RGO,1
Cam'ron,525,867,Hudson Hildebrandt,284,111,K,244,B6,0,0,5,5,-0.0612,0.0612,0,0,0,1236,107,9,DAD,SAR,K,K,FO,1
Drew Savage,329,808,Hudson Hildebrandt,284,606,FO,202,B6,1,0,5,5,-0.0587,0.0587,0,0,0,1236,107,9,DAD,SAR,FO,FO,FO,1
Clarinet Clarinet,672,330,Hudson Hildebrandt,284,202,BB,128,B6,2,0,5,5,0.0406,-0.0406,0,0,0,1236,107,9,DAD,SAR,BB,BB,1B,1
Red Fox,784,735,Hudson Hildebrandt,284,455,K,280,B6,2,1,5,5,-0.0887,0.0887,0,0,0,1236,107,9,DAD,SAR,K,K,FO,1
Herderber Derperger III,1779,840,Rickey Tucker,163,69,FO,229,T1,0,0,0,0,-0.0252,0.0252,0,0,0,1237,108,9,TRA,POR,FO,FO,FO,1
Jack Meoff,1829,502,Rickey Tucker,163,420,2B,82,T1,1,0,0,0,0.0448,-0.0448,0,0,0,1237,108,9,TRA,POR,2B,1B,1B,1
Sven Jorgenson,405,684,Rickey Tucker,163,166,LGO,482,T1,1,2,0,0,-0.0416,0.0416,0,0,0,1237,108,9,TRA,POR,LGO,LGO,LGO,1
Scherbie Fully-Loaded,679,111,Rickey Tucker,163,666,RGO,445,T1,2,2,0,0,-0.0458,0.0458,0,0,0,1237,108,9,TRA,POR,RGO,RGO,RGO,1
Bo-Horse Jackman,168,369,Doc Crudelly,1811,910,LGO,459,B1,0,0,0,0,-0.0273,0.0273,0,0,0,1238,108,9,POR,TRA,LGO,LGO,LGO,1
Coco Watanabe,204,124,Doc Crudelly,1811,831,RGO,293,B1,1,0,0,0,-0.0227,0.0227,0,0,0,1238,108,9,POR,TRA,RGO,RGO,K,1
Ronald Eagle Jr.,167,3,Doc Crudelly,1811,238,FO,235,B1,2,0,0,0,-1.79%,1.79%,0,0,0,1238,108,9,POR,TRA,FO,K,FO,1
Almondo Albuterol,1790,999,Rickey Tucker,163,375,K,376,T2,0,0,0,0,-2.86%,2.86%,0,0,0,1239,108,9,TRA,POR,K,K,K,1
Birdman,393,10,Rickey Tucker,163,333,K,323,T2,1,0,0,0,-2.90%,2.90%,0,0,0,1239,108,9,TRA,POR,K,K,K,1
Jay Peg,724,113,Rickey Tucker,163,743,K,370,T2,2,0,0,0,-1.53%,1.53%,0,0,0,1239,108,9,TRA,POR,K,PO,K,1
Aych Imtiyaz,170,214,Doc Crudelly,1811,356,1B,142,B2,0,0,0,0,3.93%,-3.93%,0,1,1,1240,108,9,POR,TRA,1B,BB,BB,1
Edward Freeman,700,,Doc Crudelly,1811,,Auto K,,B2,0,1,0,0,-3.01%,3.01%,0,0,0,1240,108,9,POR,TRA,Auto K,Auto K,Auto K,9
Ayden Davis,696,422,Doc Crudelly,1811,531,1B,109,B2,1,1,0,0,4.73%,-4.73%,0,1,1,1240,108,9,POR,TRA,1B,1B,1B,1
Grigury Polinko,452,100,Doc Crudelly,1811,814,K,286,B2,1,4,0,0,-6.13%,6.13%,0,0,0,1240,108,9,POR,TRA,K,PO,K,1
Andrew Peters,337,532,Doc Crudelly,1811,628,2B,96,B2,2,4,0,0,21.35%,-21.35%,2,0,0,1240,108,9,POR,TRA,2B,1B,1B,1
Max Wasson,273,256,Doc Crudelly,1811,38,FO,218,B2,2,2,2,0,-3.42%,3.42%,0,0,0,1240,108,9,POR,TRA,FO,FO,FO,1
Mylo Grams,396,524,Rickey Tucker,163,2,LGO,478,T3,0,0,2,0,-3.06%,3.06%,0,0,0,1241,108,9,TRA,POR,LGO,LGO,LGO,1
Doc Crudelly,1811,888,Rickey Tucker,163,22,1B,134,T3,1,0,2,0,4.10%,-4.10%,0,0,0,1241,108,9,TRA,POR,1B,BB,1B,1
Herderber Derperger III,1779,13,Rickey Tucker,163,222,FO,209,T3,1,1,2,0,-4.81%,4.81%,0,0,0,1241,108,9,TRA,POR,FO,FO,FO,1
Jack Meoff,1829,895,Rickey Tucker,163,597,FO,298,T3,2,1,2,0,-3.88%,3.88%,0,0,0,1241,108,9,TRA,POR,FO,K,K,1
Bo-Horse Jackman,168,918,Doc Crudelly,1811,768,BB,150,B3,0,0,2,0,0.0184,-0.0184,0,0,0,1242,108,9,POR,TRA,BB,BB,BB,1
Coco Watanabe,204,124,Doc Crudelly,1811,786,DP,338,B3,0,1,2,0,-0.0468,0.0468,0,0,0,1242,108,9,POR,TRA,RGO,RGO,K,1
Ronald Eagle Jr.,167,687,Doc Crudelly,1811,383,RGO,304,B3,2,0,2,0,-0.0121,0.0121,0,0,0,1242,108,9,POR,TRA,RGO,RGO,K,1
Sven Jorgenson,405,586,Rickey Tucker,163,395,FO,191,T4,0,0,2,0,-0.0351,0.0351,0,0,0,1243,108,9,TRA,POR,FO,FO,FO,1
Scherbie Fully-Loaded,679,444,Rickey Tucker,163,865,PO,421,T4,1,0,2,0,-0.0287,0.0287,0,0,0,1243,108,9,TRA,POR,PO,PO,RGO,1
Almondo Albuterol,1790,264,Rickey Tucker,163,1,FO,263,T4,2,0,2,0,-0.0222,0.0222,0,0,0,1243,108,9,TRA,POR,FO,K,FO,1
Aych Imtiyaz,170,656,Doc Crudelly,1811,467,FO,189,B4,0,0,2,0,-1.66%,1.66%,0,0,0,1244,108,9,POR,TRA,FO,FO,FO,1
Edward Freeman,700,571,Doc Crudelly,1811,851,K,280,B4,1,0,2,0,-1.11%,1.11%,0,0,0,1244,108,9,POR,TRA,K,K,FO,1
Ayden Davis,696,843,Doc Crudelly,1811,26,FO,183,B4,2,0,2,0,-0.64%,0.64%,0,0,0,1244,108,9,POR,TRA,FO,FO,FO,1
Birdman,393,10,Rickey Tucker,163,386,PO,376,T5,0,0,2,0,-0.0362,0.0362,0,0,0,1245,108,9,TRA,POR,PO,PO,K,1
Jay Peg,724,731,Rickey Tucker,163,688,3B,43,T5,1,0,2,0,0.0898,-0.0898,0,1,1,1245,108,9,TRA,POR,3B,2B,2B,1
Mylo Grams,396,873,Rickey Tucker,163,777,1B,96,T5,1,3,2,0,0.0848,-0.0848,1,0,0,1245,108,9,TRA,POR,1B,1B,1B,1
Doc Crudelly,1811,2,Rickey Tucker,163,696,K,306,T5,1,1,2,1,-0.0771,0.0771,0,0,0,1245,108,9,TRA,POR,K,K,K,1
Herderber Derperger III,1779,314,Rickey Tucker,163,632,K,318,T5,2,1,2,1,-0.0762,0.0762,0,0,0,1245,108,9,TRA,POR,K,K,K,1
Grigury Polinko,452,386,Doc Crudelly,1811,326,2B,60,B5,0,0,2,1,0.0416,-0.0416,0,0,0,1246,108,9,POR,TRA,2B,2B,2B,1
Andrew Peters,337,,Doc Crudelly,1811,,Auto K,,B5,0,2,2,1,-0.0294,0.0294,0,0,0,1246,108,9,POR,TRA,Auto K,Auto K,Auto K,9
Max Wasson,273,892,Doc Crudelly,1811,417,LGO,475,B5,1,2,2,1,-0.0194,0.0194,0,0,0,1246,108,9,POR,TRA,LGO,LGO,LGO,1
Bo-Horse Jackman,168,812,Doc Crudelly,1811,242,LGO,430,B5,2,2,2,1,-0.0392,0.0392,0,0,0,1246,108,9,POR,TRA,LGO,LGO,RGO,1
Jack Meoff,1829,786,Rickey Tucker,163,485,FO,301,T6,0,0,2,1,-0.0781,0.0781,0,0,0,1247,108,9,TRA,POR,FO,K,K,1
Sven Jorgenson,405,718,Rickey Tucker,163,143,RGO,425,T6,1,0,2,1,-0.0675,0.0675,0,0,0,1247,108,9,TRA,POR,RGO,RGO,RGO,1
Scherbie Fully-Loaded,679,999,Rickey Tucker,163,69,2B,70,T6,2,0,2,1,0.0915,-0.0915,0,0,0,1247,108,9,TRA,POR,2B,2B,1B,1
Almondo Albuterol,1790,485,Rickey Tucker,163,69,PO,416,T6,2,2,2,1,-0.1415,0.1415,0,0,0,1247,108,9,TRA,POR,PO,PO,RGO,1
Ray Dingerz,510,420,Angel Leon,234,749,K,329,T1,0,0,0,0,-0.0252,0.0252,0,0,0,1248,109,10,SPR,WSH,K,K,K,1
Skye McDowell,264,112,Angel Leon,234,223,1B,111,T1,1,0,0,0,0.0321,-0.0321,0,0,0,1248,109,10,SPR,WSH,1B,BB,1B,1
Skye McDowell,264,1000,Angel Leon,234,292,SB,292,T1,1,1,0,0,0.0127,-0.0127,0,0,0,1248,109,10,SPR,WSH,Steal 2B,Steal 2B,SB,4
Oliver Skipp,260,630,Angel Leon,234,292,K,338,T1,1,2,0,0,-0.0416,0.0416,0,0,0,1248,109,10,SPR,WSH,K,K,K,1
Lemon Ade,193,312,Angel Leon,234,999,FO,313,T1,2,2,0,0,-0.0458,0.0458,0,0,0,1248,109,10,SPR,WSH,FO,FO,K,1
Ray Saint Pete,1816,734,Donnie Draper,138,822,1B,88,B1,0,0,0,0,0.0355,-0.0355,0,1,1,1249,109,10,WSH,SPR,1B,BB,1B,1
Jabreakit Jubawit,1964,786,Donnie Draper,138,822,HR,36,B1,0,1,0,0,0.1639,-0.1639,2,1,1,1249,109,10,WSH,SPR,HR,3B,2B,1
Miguel Snow,290,100,Donnie Draper,138,745,RGO,355,B1,0,0,2,0,-0.019,0.019,0,0,0,1249,109,10,WSH,SPR,RGO,RGO,K,1
Billy McBeans,681,110,Donnie Draper,138,599,LGO,489,B1,1,0,2,0,-0.0188,0.0188,0,0,0,1249,109,10,WSH,SPR,LGO,LGO,LGO,1
Oliver Yu,286,145,Donnie Draper,138,307,FO,162,B1,2,0,2,0,-0.0063,0.0063,0,0,0,1249,109,10,WSH,SPR,FO,FO,BB,1
Trevor Mouseman,559,650,Angel Leon,234,33,PO,383,T2,0,0,2,0,-0.0256,0.0256,0,0,0,1250,109,10,SPR,WSH,PO,PO,PO,1
Ivan Yakenov,2270,417,Angel Leon,234,630,FO,213,T2,1,0,2,0,-0.0226,0.0226,0,0,0,1250,109,10,SPR,WSH,FO,FO,FO,1
Don Chalupa,481,744,Angel Leon,234,947,FO,203,T2,2,0,2,0,-0.0213,0.0213,0,0,0,1250,109,10,SPR,WSH,FO,FO,FO,1
Cagney O’verpaid,1743,511,Donnie Draper,138,47,RGO,464,B2,0,0,2,0,-0.024,0.024,0,0,0,1251,109,10,WSH,SPR,RGO,RGO,LGO,1
Conor Sexton,289,71,Donnie Draper,138,211,BB,140,B2,1,0,2,0,0.0278,-0.0278,0,0,0,1251,109,10,WSH,SPR,BB,BB,BB,1
Joe Pidgeon,301,887,Donnie Draper,138,398,DP,489,B2,1,1,2,0,-0.0491,0.0491,0,0,0,1251,109,10,WSH,SPR,LGO,LGO,DP,1
Tanner Hendrix,375,,Angel Leon,234,,Auto K,,T3,0,0,2,0,-0.0306,0.0306,0,0,0,1252,109,10,SPR,WSH,Auto K,Auto K,Auto K,9
Apple Watch,1788,570,Angel Leon,234,1000,RGO,430,T3,1,0,2,0,-0.0282,0.0282,0,0,0,1252,109,10,SPR,WSH,RGO,RGO,RGO,1
Ray Dingerz,510,869,Angel Leon,234,565,K,304,T3,2,0,2,0,-0.0177,0.0177,0,0,0,1252,109,10,SPR,WSH,K,K,K,1
Phil Coulson,226,444,Donnie Draper,138,143,K,301,B3,0,0,2,0,-0.0138,0.0138,0,0,0,1253,109,10,WSH,SPR,K,K,K,1
Ray Saint Pete,1816,301,Donnie Draper,138,683,PO,382,B3,1,0,2,0,-1.46%,1.46%,0,0,0,1253,109,10,WSH,SPR,PO,PO,PO,1
Jabreakit Jubawit,1964,69,Donnie Draper,138,42,HR,27,B3,2,0,2,0,7.65%,-7.65%,1,1,1,1253,109,10,WSH,SPR,HR,HR,3B,1
Miguel Snow,290,878,Donnie Draper,138,410,LGO,468,B3,2,0,3,0,-0.62%,0.62%,0,0,0,1253,109,10,WSH,SPR,LGO,LGO,LGO,1
Skye McDowell,264,233,Oliver Yu,286,111,BB,122,T4,0,0,3,0,0.0423,-0.0423,0,0,0,1254,109,10,SPR,WSH,BB,BB,1B,1
Oliver Skipp,260,319,Oliver Yu,286,433,1B,114,T4,0,1,3,0,0.0729,-0.0729,0,0,0,1254,109,10,SPR,WSH,1B,1B,1B,1
Lemon Ade,193,1,Oliver Yu,286,565,DP,436,T4,0,4,3,0,-0.1392,0.1392,0,0,0,1254,109,10,SPR,WSH,RGO,RGO,DP,1
Trevor Mouseman,559,234,Oliver Yu,286,423,FO,189,T4,2,3,3,0,-0.0371,0.0371,0,0,0,1254,109,10,SPR,WSH,FO,FO,FO,1
Billy McBeans,681,400,Donnie Draper,138,649,K,249,B4,0,0,3,0,-0.0046,0.0046,0,0,0,1255,109,10,WSH,SPR,K,K,FO,1
Oliver Yu,286,144,Donnie Draper,138,649,LGO,495,B4,1,0,3,0,-0.0101,0.0101,0,0,0,1255,109,10,WSH,SPR,LGO,LGO,LGO,1
Cagney O’verpaid,1743,506,Donnie Draper,138,292,FO,214,B4,2,0,3,0,-0.0027,0.0027,0,0,0,1255,109,10,WSH,SPR,FO,FO,FO,1
Ivan Yakenov,2270,202,Oliver Yu,286,603,RGO,401,T5,0,0,3,0,-0.0248,0.0248,0,0,0,1256,109,10,SPR,WSH,RGO,RGO,RGO,1
Don Chalupa,481,744,Oliver Yu,286,603,BB,141,T5,1,0,3,0,0.0383,-0.0383,0,0,0,1256,109,10,SPR,WSH,BB,BB,BB,1
Nori Aru,131,69,Oliver Yu,286,988,1B,81,T5,1,1,3,0,0.0579,-0.0579,0,0,0,1256,109,10,SPR,WSH,1B,1B,1B,1
Apple Watch,1788,388,Oliver Yu,286,777,DP,389,T5,1,4,3,0,-0.1269,0.1269,0,0,0,1256,109,10,SPR,WSH,RGO,RGO,PO,1
Conor Sexton,289,329,Donnie Draper,138,19,K,310,B5,0,0,3,0,-0.0037,0.0037,0,0,0,1257,109,10,WSH,SPR,K,K,K,1
Joe Pidgeon,301,998,Donnie Draper,138,451,LGO,453,B5,1,0,3,0,-0.0027,0.0027,0,0,0,1257,109,10,WSH,SPR,LGO,LGO,LGO,1
Phil Coulson,226,643,Donnie Draper,138,202,RGO,441,B5,2,0,3,0,-0.0047,0.0047,0,0,0,1257,109,10,WSH,SPR,RGO,RGO,RGO,1
Ray Dingerz,510,420,Oliver Yu,286,603,FO,183,T6,0,0,3,0,-0.0236,0.0236,0,0,0,1258,109,10,SPR,WSH,FO,FO,FO,1
Pete Wheeler,783,604,Oliver Yu,286,780,FO,176,T6,1,0,3,0,-0.0165,0.0165,0,0,0,1258,109,10,SPR,WSH,FO,FO,BB,1
Oliver Skipp,260,878,Oliver Yu,286,333,LGO,455,T6,2,0,3,0,-0.0054,0.0054,0,0,0,1258,109,10,SPR,WSH,LGO,LGO,LGO,1
Jeremy Nakamoto,1787,250,Nick Willis Jr.,1841,32,FO,218,T1,0,0,0,0,-0.0252,0.0252,0,0,0,1259,110,10,WWC,RKT,FO,FO,FO,1
Paddy O'Connor,549,750,Nick Willis Jr.,1841,374,PO,376,T1,1,0,0,0,-0.0252,0.0252,0,0,0,1259,110,10,WWC,RKT,PO,PO,K,1
Ferret McGivins,1706,600,Nick Willis Jr.,1841,472,BB,128,T1,2,0,0,0,0.0177,-0.0177,0,0,0,1259,110,10,WWC,RKT,BB,BB,1B,1
Hubert Farnsworth,1815,905,Nick Willis Jr.,1841,711,FO,194,T1,2,1,0,0,-0.0351,0.0351,0,0,0,1259,110,10,WWC,RKT,FO,FO,FO,1
Nick Dudley,689,,Tex Hershey,1809,,Auto K,,B1,0,0,0,0,-0.0273,0.0273,0,0,0,1260,110,10,RKT,WWC,Auto K,Auto K,Auto K,9
Chris P. Bacon,210,227,Tex Hershey,1809,603,K,376,B1,1,0,0,0,-0.0227,0.0227,0,0,0,1260,110,10,RKT,WWC,K,K,K,1
Kyle Corbett,707,1,Tex Hershey,1809,512,LGO,489,B1,2,0,0,0,-0.0179,0.0179,0,0,0,1260,110,10,RKT,WWC,LGO,LGO,LGO,1
Guido Ligiorno,1830,505,Nick Willis Jr.,1841,592,1B,87,T2,0,0,0,0,0.0419,-0.0419,0,0,1,1261,110,10,WWC,RKT,1B,1B,1B,1
Guido Ligiorno,1830,750,Nick Willis Jr.,1841,693,SB,57,T2,0,1,0,0,0.0342,-0.0342,0,1,0,1261,110,10,WWC,RKT,Steal 2B,Steal 2B,SB,4
Johnny Hendrix,600,981,Nick Willis Jr.,1841,390,RGO,409,T2,0,2,0,0,-0.011,0.011,0,0,0,1261,110,10,WWC,RKT,RGO,RGO,RGO,1
Francis Swagger,610,760,Nick Willis Jr.,1841,597,Sac,163,T2,1,3,0,0,0.004,-0.004,1,0,0,1261,110,10,WWC,RKT,FO,FO,BB,1
Henri Deschenes,2234,131,Nick Willis Jr.,1841,380,K,249,T2,2,0,0,1,-0.0156,0.0156,0,0,0,1261,110,10,WWC,RKT,K,K,FO,1
J.J. Romero,629,214,Tex Hershey,1809,190,3B,24,B2,0,0,0,1,0.127,-0.127,0,0,0,1262,110,10,RKT,WWC,3B,3B,HR,1
Whit Merto,162,707,Tex Hershey,1809,531,BB,176,B2,0,3,0,1,0.0234,-0.0234,0,0,0,1262,110,10,RKT,WWC,BB,BB,BB,1
Mongster Mash,344,2,Tex Hershey,1809,430,RGO,428,B2,0,5,0,1,-0.0221,0.0221,0,0,0,1262,110,10,RKT,WWC,RGO,RGO,DP,2
Joe Nastasi,614,,Tex Hershey,1809,,IBB,,B2,1,6,0,1,0.0448,-0.0448,0,0,0,1262,110,10,RKT,WWC,IBB,IBB,IBB,8
Corey Scooter,1717,603,Tex Hershey,1809,222,PO,381,B2,1,7,0,1,-0.1324,0.1324,0,0,0,1262,110,10,RKT,WWC,PO,PO,PO,1
Penny Lane,716,666,Tex Hershey,1809,13,K,347,B2,2,7,0,1,-0.124,0.124,0,0,0,1262,110,10,RKT,WWC,K,K,K,1
J.J. Guemes,207,469,Nick Willis Jr.,1841,475,HR,6,T3,0,0,0,1,0.1088,-0.1088,1,1,1,1263,110,10,WWC,RKT,HR,HR,HR,1
Jeremy Nakamoto,1787,223,Nick Willis Jr.,1841,808,RGO,415,T3,0,0,0,2,-0.018,0.018,0,0,0,1263,110,10,WWC,RKT,RGO,RGO,RGO,1
Paddy O'Connor,549,599,Nick Willis Jr.,1841,439,BB,160,T3,1,0,0,2,0.0271,-0.0271,0,0,0,1263,110,10,WWC,RKT,BB,BB,BB,1
Ferret McGivins,1706,514,Nick Willis Jr.,1841,78,DP,436,T3,1,1,0,2,-0.06,0.06,0,0,0,1263,110,10,WWC,RKT,RGO,RGO,DP,1
Nick Dudley,689,470,Johnny Hendrix,600,483,HR,13,B3,0,0,0,2,0.1269,-0.1269,1,1,1,1264,110,10,RKT,WWC,HR,HR,HR,1
Chris P. Bacon,210,423,Johnny Hendrix,600,517,1B,94,B3,0,0,1,2,0.0556,-0.0556,0,0,0,1264,110,10,RKT,WWC,1B,1B,1B,1
Kyle Corbett,707,1,Johnny Hendrix,600,213,FO,212,B3,0,1,1,2,-0.0425,0.0425,0,0,0,1264,110,10,RKT,WWC,FO,FO,FO,1
J.J. Romero,629,754,Johnny Hendrix,600,326,DP,428,B3,1,1,1,2,-0.1089,0.1089,0,0,0,1264,110,10,RKT,WWC,RGO,RGO,DP,1
Hubert Farnsworth,1815,11,Nick Willis Jr.,1841,14,HR,3,T4,0,0,1,2,0.12,-0.12,1,1,1,1265,110,10,WWC,RKT,HR,HR,HR,1
Guido Ligiorno,1830,269,Nick Willis Jr.,1841,206,1B,63,T4,0,0,1,3,0.0279,-0.0279,0,0,0,1265,110,10,WWC,RKT,1B,1B,2B,1
Guido Ligiorno,1830,700,Nick Willis Jr.,1841,468,SB,232,T4,0,1,1,3,2.21%,-2.21%,0,0,0,1265,110,10,WWC,RKT,Steal 2B,Steal 2B,SB,4
Johnny Hendrix,600,734,Nick Willis Jr.,1841,111,K,377,T4,0,2,1,3,-3.24%,3.24%,0,0,0,1265,110,10,WWC,RKT,K,K,K,1
Francis Swagger,610,,Nick Willis Jr.,1841,,Auto BB,,T4,1,2,1,3,1.48%,-1.48%,0,0,0,1265,110,10,WWC,RKT,Auto BB,Auto BB,Auto BB,10
Guido Ligiorno,1830,650,Mongster Mash,344,3,CS,353,T4,1,4,1,3,-0.0423,0.0423,0,0,0,1265,110,10,WWC,RKT,CMS 3B,CMS 3B,CS,6
Henri Deschenes,2234,357,Mongster Mash,344,3,PO,354,T4,2,2,1,3,-0.0408,0.0408,0,0,0,1265,110,10,WWC,RKT,PO,PO,K,1
Whit Merto,162,364,Johnny Hendrix,600,117,FO,247,B4,0,0,1,3,-4.11%,4.11%,0,0,0,1266,110,10,RKT,WWC,FO,FO,FO,1
Mongster Mash,344,3,Johnny Hendrix,600,81,1B,78,B4,1,0,1,3,5.26%,-5.26%,0,0,0,1266,110,10,RKT,WWC,1B,1B,1B,1
Joe Nastasi,614,641,Ferret McGivins,1706,6,PO,365,B4,1,1,1,3,-6.33%,6.33%,0,0,0,1266,110,10,RKT,WWC,PO,PO,K,1
Jrue Pierce,759,120,Ferret McGivins,1706,290,FO,170,B4,2,1,1,3,-0.0487,0.0487,0,0,0,1266,110,10,RKT,WWC,FO,FO,BB,1
J.J. Guemes,207,3,Mongster Mash,344,3,HR,0,T5,0,0,1,3,0.0751,-0.0751,1,1,1,1267,110,10,WWC,RKT,HR,HR,HR,1
Jeremy Nakamoto,1787,616,Mongster Mash,344,3,RGO,387,T5,0,0,1,4,-0.0082,0.0082,0,0,0,1267,110,10,WWC,RKT,RGO,RGO,PO,1
Paddy O'Connor,549,503,Mongster Mash,344,3,LGO,500,T5,1,0,1,4,-0.0096,0.0096,0,0,0,1267,110,10,WWC,RKT,LGO,LGO,LGO,1
Ferret McGivins,1706,503,Mongster Mash,344,3,LGO,500,T5,2,0,1,4,-0.0098,0.0098,0,0,0,1267,110,10,WWC,RKT,LGO,LGO,LGO,1
Penny Lane,716,3,Ferret McGivins,1706,183,FO,180,B5,0,0,1,4,-0.035,0.035,0,0,0,1268,110,10,RKT,WWC,FO,FO,FO,1
Nick Dudley,689,70,Ferret McGivins,1706,281,FO,211,B5,1,0,1,4,-2.60%,2.60%,0,0,0,1268,110,10,RKT,WWC,FO,FO,FO,1
Chris P. Bacon,210,627,Ferret McGivins,1706,71,LGO,444,B5,2,0,1,4,-0.0128,0.0128,0,0,0,1268,110,10,RKT,WWC,LGO,LGO,RGO,1
Hubert Farnsworth,1815,3,Mongster Mash,344,3,HR,0,T6,0,0,1,4,0.0249,-0.0249,1,1,1,1269,110,10,WWC,RKT,HR,HR,HR,1
Guido Ligiorno,1830,189,Mongster Mash,344,3,BB,186,T6,0,0,1,5,0.0043,-0.0043,0,0,1,1269,110,10,WWC,RKT,BB,BB,FO,1
Guido Ligiorno,1830,303,Mongster Mash,344,3,SB,300,T6,0,1,1,5,0.0046,-0.0046,0,0,0,1269,110,10,WWC,RKT,Steal 2B,Steal 2B,SB,4
Guido Ligiorno,1830,150,Mongster Mash,344,3,SB,147,T6,0,2,1,5,-0.0013,0.0013,0,0,0,1269,110,10,WWC,RKT,Steal 3B,Steal 3B,SB,4
Guido Ligiorno,1830,999,Mongster Mash,344,3,SB,4,T6,0,3,1,5,0.0036,-0.0036,1,1,0,1269,110,10,WWC,RKT,Steal Home,Steal Home,SB,4
Johnny Hendrix,600,4,Mongster Mash,344,3,HR,1,T6,0,0,1,6,0.0054,-0.0054,1,1,1,1269,110,10,WWC,RKT,HR,HR,HR,1
Francis Swagger,610,2,Mongster Mash,344,503,LGO,499,T6,0,0,1,7,-0.01%,0.01%,0,0,0,1269,110,10,WWC,RKT,LGO,LGO,LGO,1
Henri Deschenes,2234,7,Mongster Mash,344,69,2B,62,T6,1,0,1,7,0.03%,-0.03%,0,0,0,1269,110,10,WWC,RKT,2B,2B,2B,1
Henri Deschenes,2234,555,Mongster Mash,344,3,CS,448,T6,1,2,1,7,-0.001,0.001,0,0,0,1269,110,10,WWC,RKT,CS 3B,CS 3B,CS,4
J.J. Guemes,207,3,Mongster Mash,344,3,HR,0,T6,2,0,1,7,0,0,1,1,1,1269,110,10,WWC,RKT,HR,HR,HR,1
Jeremy Nakamoto,1787,3,Mongster Mash,344,420,RGO,417,T6,2,0,1,8,-0.0007,0.0007,0,0,0,1269,110,10,WWC,RKT,RGO,RGO,RGO,1
Primal Cookie,779,716,Ferret McGivins,1706,150,RGO,434,B6,0,0,1,8,-0.0038,0.0038,0,0,0,1270,110,10,RKT,WWC,RGO,RGO,RGO,1
Jeff Loldee,2261,682,Ferret McGivins,1706,509,FO,173,B6,1,0,1,8,-0.0018,0.0018,0,0,0,1270,110,10,RKT,WWC,FO,FO,BB,1
Whit Merto,162,245,Ferret McGivins,1706,850,RGO,395,B6,2,0,1,8,-0.0003,0.0003,0,0,0,1270,110,10,RKT,WWC,RGO,RGO,PO,1
Javier Tootblan,192,206,Lefty Louis,166,121,2B,85,T1,0,0,0,0,0.0678,-0.0678,0,1,1,1271,111,10,GBC,PPP,2B,2B,1B,1
Whitt Bass,39,181,Lefty Louis,166,127,2B,54,T1,0,2,0,0,0.1,-0.1,1,1,1,1271,111,10,GBC,PPP,2B,2B,2B,1
Demetrios Ooga,180,614,Lefty Louis,166,307,K,307,T1,0,2,0,1,-0.043,0.043,0,0,0,1271,111,10,GBC,PPP,K,K,K,1
Zack Mouse,1721,375,Lefty Louis,166,631,FO,256,T1,1,2,0,1,-0.035,0.035,0,0,0,1271,111,10,GBC,PPP,FO,FO,FO,1
Henry Crowell,184,900,Lefty Louis,166,964,2B,64,T1,2,2,0,1,0.0947,-0.0947,1,0,0,1271,111,10,GBC,PPP,2B,2B,2B,1
Dirtbag Darrell,262,69,Lefty Louis,166,221,FO,152,T1,2,2,0,2,-0.0332,0.0332,0,0,0,1271,111,10,GBC,PPP,FO,FO,BB,1
Jack Marnette,213,794,Rotticus Scott,562,163,RGO,369,B1,0,0,0,2,-0.0278,0.0278,0,0,0,1272,111,10,PPP,GBC,RGO,RGO,K,1
Legend 27,762,420,Rotticus Scott,562,579,BB,159,B1,1,0,0,2,0.0348,-0.0348,0,1,1,1272,111,10,PPP,GBC,BB,BB,BB,1
Poop McGee,596,844,Rotticus Scott,562,812,2B,32,B1,1,1,0,2,13.47%,-13.47%,0,1,1,1272,111,10,PPP,GBC,2B,3B,2B,1
Kris Pcock,1957,282,Rotticus Scott,562,289,HR,7,B1,1,6,0,2,16.05%,-16.05%,3,1,1,1272,111,10,PPP,GBC,HR,HR,HR,1
Juni Panda,488,12,Rotticus Scott,562,213,FO,201,B1,1,0,3,2,-0.0177,0.0177,0,0,0,1272,111,10,PPP,GBC,FO,FO,FO,1
Eric Leeder,29,572,Rotticus Scott,562,915,PO,343,B1,2,0,3,2,-0.0156,0.0156,0,0,0,1272,111,10,PPP,GBC,PO,PO,K,1
Mattress Cadaire,116,181,Lefty Louis,166,821,PO,360,T2,0,0,3,2,-0.0254,0.0254,0,0,0,1273,111,10,GBC,PPP,PO,PO,K,1
BEST Nova,191,569,Lefty Louis,166,392,FO,177,T2,1,0,3,2,-0.0353,0.0353,0,0,0,1273,111,10,GBC,PPP,FO,FO,BB,1
Bench Warmer,665,712,Lefty Louis,166,402,K,310,T2,2,0,3,2,-1.44%,1.44%,0,0,0,1273,111,10,GBC,PPP,K,K,K,1
Vinny Vega,723,23,Rotticus Scott,562,910,1B,113,B2,0,0,3,2,3.56%,-3.56%,0,1,1,1274,111,10,PPP,GBC,1B,1B,1B,1
Nipsey Slip,529,888,Rotticus Scott,562,645,FO,243,B2,0,1,3,2,-3.09%,3.09%,0,0,0,1274,111,10,PPP,GBC,FO,FO,FO,1
Lefty Louis,166,200,Rotticus Scott,562,313,1B,113,B2,1,1,3,2,3.87%,-3.87%,0,1,1,1274,111,10,PPP,GBC,1B,1B,1B,1
Jack Marnette,213,499,Rotticus Scott,562,462,2B,37,B2,1,4,3,2,12.81%,-12.81%,1,1,1,1274,111,10,PPP,GBC,2B,2B,2B,1
Legend 27,762,420,Demetrios Ooga,180,277,1B,143,B2,1,6,4,2,4.96%,-4.96%,1,0,0,1274,111,10,PPP,GBC,1B,BB,BB,1
Poop McGee,596,500,Demetrios Ooga,180,569,2B,69,B2,1,5,5,2,0.0251,-0.0251,1,0,0,1274,111,10,PPP,GBC,2B,2B,1B,1
Larry Longshot,32,231,Demetrios Ooga,180,650,RGO,419,B2,1,6,6,2,-0.0279,0.0279,0,0,0,1274,111,10,PPP,GBC,RGO,RGO,RGO,2
Juni Panda,488,69,Demetrios Ooga,180,619,LGO,450,B2,2,6,6,2,-0.0164,0.0164,0,0,0,1274,111,10,PPP,GBC,LGO,LGO,RGO,1
Javier Tootblan,192,803,Lefty Louis,166,551,K,252,T3,0,0,6,2,-0.0172,0.0172,0,0,0,1275,111,10,GBC,PPP,K,K,FO,1
Whitt Bass,39,400,Lefty Louis,166,509,1B,109,T3,1,0,6,2,0.0212,-0.0212,0,0,0,1275,111,10,GBC,PPP,1B,1B,1B,1
Demetrios Ooga,180,12,Lefty Louis,166,411,DP,399,T3,1,1,6,2,-0.0437,0.0437,0,0,0,1275,111,10,GBC,PPP,RGO,RGO,PO,1
Eric Leeder,29,804,Demetrios Ooga,180,516,PO,288,B3,0,0,6,2,-0.0032,0.0032,0,0,0,1276,111,10,PPP,GBC,PO,PO,K,1
Vinny Vega,723,333,Demetrios Ooga,180,911,LGO,422,B3,1,0,6,2,-0.0091,0.0091,0,0,0,1276,111,10,PPP,GBC,LGO,LGO,RGO,1
Nipsey Slip,529,888,Demetrios Ooga,180,666,FO,222,B3,2,0,6,2,-0.0019,0.0019,0,0,0,1276,111,10,PPP,GBC,FO,FO,FO,1
Zack Mouse,1721,,Lefty Louis,166,,Auto BB,,T4,0,0,6,2,0.0362,-0.0362,0,1,1,1277,111,10,GBC,PPP,Auto BB,Auto BB,Auto BB,10
Henry Crowell,184,,Snoop E. Dogg,22,,Auto K,,T4,0,1,6,2,-0.0314,0.0314,0,0,0,1277,111,10,GBC,PPP,Auto K,Auto K,Auto K,9
Dirtbag Darrell,262,833,Snoop E. Dogg,22,635,FO,198,T4,1,1,6,2,-0.0264,0.0264,0,0,0,1277,111,10,GBC,PPP,FO,FO,FO,1
Mattress Cadaire,116,191,Snoop E. Dogg,22,134,1B,57,T4,2,1,6,2,0.0201,-0.0201,0,1,1,1277,111,10,GBC,PPP,1B,1B,2B,1
BEST Nova,191,166,Nipsey Slip,529,134,3B,32,T4,2,5,6,2,0.1095,-0.1095,2,0,0,1277,111,10,GBC,PPP,3B,3B,2B,1
Bench Warmer,665,134,Nipsey Slip,529,593,LGO,459,T4,2,3,6,4,-0.0572,0.0572,0,0,0,1277,111,10,GBC,PPP,LGO,LGO,LGO,1
Snoop E. Dogg,22,69,Demetrios Ooga,180,766,PO,303,B4,0,0,6,4,-0.0166,0.0166,0,0,0,1278,111,10,PPP,GBC,PO,PO,K,1
Jack Marnette,213,491,Demetrios Ooga,180,14,LGO,477,B4,1,0,6,4,-0.0111,0.0111,0,0,0,1278,111,10,PPP,GBC,LGO,LGO,LGO,1
Legend 27,762,490,Demetrios Ooga,180,313,BB,177,B4,2,0,6,4,0.0081,-0.0081,0,0,0,1278,111,10,PPP,GBC,BB,BB,BB,1
Poop McGee,596,20,Demetrios Ooga,180,854,FO,166,B4,2,1,6,4,-0.0145,0.0145,0,0,0,1278,111,10,PPP,GBC,FO,FO,BB,1
Javier Tootblan,192,380,Nipsey Slip,529,905,LGO,475,T5,0,0,6,4,-0.0362,0.0362,0,0,0,1279,111,10,GBC,PPP,LGO,LGO,LGO,1
Whitt Bass,39,915,Nipsey Slip,529,466,LGO,449,T5,1,0,6,4,-0.0357,0.0357,0,0,0,1279,111,10,GBC,PPP,LGO,LGO,RGO,1
Demetrios Ooga,180,1000,Nipsey Slip,529,939,2B,61,T5,2,0,6,4,0.0396,-0.0396,0,0,0,1279,111,10,GBC,PPP,2B,1B,2B,1
Zack Mouse,1721,450,Nipsey Slip,529,774,RGO,324,T5,2,2,6,4,-0.057,0.057,0,0,0,1279,111,10,GBC,PPP,RGO,RGO,K,1
Larry Longshot,32,304,Demetrios Ooga,180,420,1B,116,B5,0,0,6,4,0.0112,-0.0112,0,0,0,1280,111,10,PPP,GBC,1B,1B,1B,1
Juni Panda,488,69,Demetrios Ooga,180,569,DP,500,B5,0,1,6,4,-0.0261,0.0261,0,0,0,1280,111,10,PPP,GBC,LGO,LGO,DP,1
Eric Leeder,29,869,Demetrios Ooga,180,69,FO,200,B5,2,0,6,4,-0.0047,0.0047,0,0,0,1280,111,10,PPP,GBC,FO,FO,FO,1
Beeg Yoshi,1718,69,Nipsey Slip,529,832,K,237,T6,0,0,6,4,-0.0418,0.0418,0,0,0,1281,111,10,GBC,PPP,K,K,FO,1
Dirtbag Darrell,262,444,Nipsey Slip,529,938,LGO,494,T6,1,0,6,4,-0.0365,0.0365,0,0,0,1281,111,10,GBC,PPP,LGO,LGO,LGO,1
Mattress Cadaire,116,388,Nipsey Slip,529,629,FO,241,T6,2,0,6,4,-0.0161,0.0161,0,0,0,1281,111,10,GBC,PPP,FO,FO,FO,1
Leonard Boyfriend,67,220,Doc Otis,2256,930,K,290,T1,0,0,0,0,-0.0252,0.0252,0,0,0,1282,112,10,CHI,TSA,K,K,K,1
Nikola Tefla,719,73,Doc Otis,2256,115,2B,42,T1,1,0,0,0,0.0448,-0.0448,0,0,0,1282,112,10,CHI,TSA,2B,1B,2B,1
John-Rhys Ealy,2239,555,Doc Otis,2256,334,FO,221,T1,1,2,0,0,-0.0416,0.0416,0,0,0,1282,112,10,CHI,TSA,FO,FO,FO,1
Becky McBadbat,277,500,Doc Otis,2256,30,LGO,470,T1,2,2,0,0,-0.0458,0.0458,0,0,0,1282,112,10,CHI,TSA,LGO,LGO,LGO,1
Fernando Cruz,176,433,Petra Sabor,149,215,FO,218,B1,0,0,0,0,-0.0273,0.0273,0,0,0,1283,112,10,TSA,CHI,FO,FO,FO,1
"Adrian ""Pudge"" Young",1772,527,Petra Sabor,149,588,3B,61,B1,1,0,0,0,0.0916,-0.0916,0,0,0,1283,112,10,TSA,CHI,3B,2B,2B,1
Dogwood Maple,2220,111,Petra Sabor,149,777,PO,334,B1,1,3,0,0,-0.0788,0.0788,0,0,0,1283,112,10,TSA,CHI,PO,PO,K,1
Hayden McCloud,129,202,Petra Sabor,149,777,RGO,425,B1,2,3,0,0,-0.0534,0.0534,0,0,0,1283,112,10,TSA,CHI,RGO,RGO,RGO,1
Miroslav,71,420,Doc Otis,2256,742,K,322,T2,0,0,0,0,-0.0286,0.0286,0,0,0,1284,112,10,CHI,TSA,K,K,K,1
Lily Pink,347,419,Doc Otis,2256,392,3B,27,T2,1,0,0,0,0.0937,-0.0937,0,1,1,1284,112,10,CHI,TSA,3B,2B,3B,1
Scrub Magooch,729,210,Doc Otis,2256,2,Sac,208,T2,1,3,0,0,0.004,-0.004,1,0,0,1284,112,10,CHI,TSA,FO,FO,Sac,1
Caleb Athen,325,670,Doc Otis,2256,689,HR,19,T2,2,0,0,1,0.1153,-0.1153,1,1,1,1284,112,10,CHI,TSA,HR,HR,HR,1
Nikki Falke,155,35,Doc Otis,2256,302,K,267,T2,2,0,0,2,-0.0143,0.0143,0,0,0,1284,112,10,CHI,TSA,K,K,FO,1
Davoin Shower-Handel,1949,1000,Petra Sabor,149,599,RGO,401,B2,0,0,0,2,-0.0308,0.0308,0,0,0,1285,112,10,TSA,CHI,RGO,RGO,RGO,1
Lord Azula,425,4,Petra Sabor,149,199,FO,195,B2,1,0,0,2,-0.0295,0.0295,0,0,0,1285,112,10,TSA,CHI,FO,FO,FO,1
Lloyd Gross,135,690,Petra Sabor,149,30,PO,340,B2,2,0,0,2,-0.0152,0.0152,0,0,0,1285,112,10,TSA,CHI,PO,PO,K,1
Leonard Boyfriend,67,403,Doc Otis,2256,314,1B,89,T3,0,0,0,2,0.0217,-0.0217,0,0,0,1286,112,10,CHI,TSA,1B,BB,1B,1
Nikola Tefla,719,12,Doc Otis,2256,314,K,302,T3,0,1,0,2,-0.0126,0.0126,0,0,0,1286,112,10,CHI,TSA,K,K,K,1
Leonard Boyfriend,67,73,Doc Otis,2256,799,SB,274,T3,1,1,0,2,0.0106,-0.0106,0,0,0,1286,112,10,CHI,TSA,Steal 2B,Steal 2B,SB,4
John-Rhys Ealy,2239,250,Doc Otis,2256,602,K,352,T3,1,2,0,2,-0.0311,0.0311,0,0,0,1286,112,10,CHI,TSA,K,K,K,1
Becky McBadbat,277,684,Doc Otis,2256,875,FO,191,T3,2,2,0,2,-0.0395,0.0395,0,0,0,1286,112,10,CHI,TSA,FO,FO,FO,1
Wonder Francoh,2242,854,Petra Sabor,149,992,BB,138,B3,0,0,0,2,0.0499,-0.0499,0,1,1,1287,112,10,TSA,CHI,BB,BB,BB,1
Doc Otis,2256,591,Petra Sabor,149,445,BB,146,B3,0,1,0,2,0.0967,-0.0967,0,0,0,1287,112,10,TSA,CHI,BB,BB,BB,1
Fernando Cruz,176,510,Petra Sabor,149,99,DP,411,B3,0,4,0,2,-0.1791,0.1791,0,0,0,1287,112,10,TSA,CHI,RGO,RGO,DP,1
"Adrian ""Pudge"" Young",1772,720,Petra Sabor,149,777,HR,57,B3,2,3,0,2,0.2494,-0.2494,2,1,1,1287,112,10,TSA,CHI,HR,3B,2B,1
Dogwood Maple,2220,1,Petra Sabor,149,695,K,306,B3,2,0,2,2,-0.0232,0.0232,0,0,0,1287,112,10,TSA,CHI,K,K,K,1
Miroslav,71,504,Doc Otis,2256,204,K,300,T4,0,0,2,2,-0.0387,0.0387,0,0,0,1288,112,10,CHI,TSA,K,K,K,1
Lily Pink,347,112,Doc Otis,2256,640,LGO,472,T4,1,0,2,2,-0.0368,0.0368,0,0,0,1288,112,10,CHI,TSA,LGO,LGO,LGO,1
Scrub Magooch,729,88,Doc Otis,2256,640,RGO,448,T4,2,0,2,2,-0.0253,0.0253,0,0,0,1288,112,10,CHI,TSA,RGO,RGO,RGO,1
Hayden McCloud,129,94,Petra Sabor,149,511,RGO,417,B4,0,0,2,2,-0.0393,0.0393,0,0,0,1289,112,10,TSA,CHI,RGO,RGO,RGO,1
Davoin Shower-Handel,1949,300,Petra Sabor,149,4,K,296,B4,1,0,2,2,-0.0343,0.0343,0,0,0,1289,112,10,TSA,CHI,K,K,K,1
Lord Azula,425,580,Petra Sabor,149,6,RGO,426,B4,2,0,2,2,-0.0271,0.0271,0,0,0,1289,112,10,TSA,CHI,RGO,RGO,RGO,1
Caleb Athen,325,142,Doc Otis,2256,875,K,267,T5,0,0,2,2,-0.0471,0.0471,0,0,0,1290,112,10,CHI,TSA,K,K,FO,1
Nikki Falke,155,501,Doc Otis,2256,489,HR,12,T5,1,0,2,2,0.2309,-0.2309,1,1,1,1290,112,10,CHI,TSA,HR,HR,HR,1
Leonard Boyfriend,67,117,Doc Otis,2256,250,BB,133,T5,1,0,2,3,0.0354,-0.0354,0,0,0,1290,112,10,CHI,TSA,BB,BB,1B,1
Nikola Tefla,719,937,Doc Otis,2256,413,DP,476,T5,1,1,2,3,-0.0777,0.0777,0,0,0,1290,112,10,CHI,TSA,LGO,LGO,DP,1
Lloyd Gross,135,234,Michael Ikenberry,63,183,2B,51,B5,0,0,2,3,0.1612,-0.1612,0,0,0,1291,112,10,TSA,CHI,2B,2B,2B,1
Wonder Francoh,2242,525,Michael Ikenberry,63,170,PO,355,B5,0,2,2,3,-0.1018,0.1018,0,0,0,1291,112,10,TSA,CHI,PO,PO,K,1
Doc Otis,2256,775,Michael Ikenberry,63,642,BB,133,B5,1,2,2,3,0.0555,-0.0555,0,0,0,1291,112,10,TSA,CHI,BB,BB,1B,1
Fernando Cruz,176,576,Michael Ikenberry,63,246,K,330,B5,1,4,2,3,-0.1278,0.1278,0,0,0,1291,112,10,TSA,CHI,K,K,K,1
"Adrian ""Pudge"" Young",1772,301,Michael Ikenberry,63,713,LGO,412,B5,2,4,2,3,-15.16%,15.16%,0,0,0,1291,112,10,TSA,CHI,LGO,LGO,RGO,1
John-Rhys Ealy,2239,437,Doc Otis,2256,903,RGO,466,T6,0,0,2,3,-2.38%,2.38%,0,0,0,1292,112,10,CHI,TSA,RGO,RGO,LGO,1
Becky McBadbat,277,111,Doc Otis,2256,105,HR,6,T6,1,0,2,3,11.08%,-11.08%,1,1,1,1292,112,10,CHI,TSA,HR,HR,HR,1
Miroslav,71,666,Doc Otis,2256,222,RGO,444,T6,1,0,2,4,-1.00%,1.00%,0,0,0,1292,112,10,CHI,TSA,RGO,RGO,RGO,1
Lily Pink,347,615,Doc Otis,2256,920,K,305,T6,2,0,2,4,-0.0085,0.0085,0,0,0,1292,112,10,CHI,TSA,K,K,K,1
Dogwood Maple,2220,1,Michael Ikenberry,63,290,K,289,B6,0,0,2,4,-0.0569,0.0569,0,0,0,1293,112,10,TSA,CHI,K,K,K,1
Hayden McCloud,129,60,Michael Ikenberry,63,666,PO,394,B6,1,0,2,4,-0.0452,0.0452,0,0,0,1293,112,10,TSA,CHI,PO,RGO,PO,1
Davoin Shower-Handel,1949,911,Michael Ikenberry,63,450,LGO,461,B6,2,0,2,4,-0.0231,0.0231,0,0,0,1293,112,10,TSA,CHI,LGO,LGO,LGO,1
Jonny Mac,1698,500,Big Nutty,196,444,2B,56,T1,0,0,0,0,0.0678,-0.0678,0,1,1,1294,113,10,GTY,YUM,2B,2B,2B,1
Magnus Dongfest,579,113,Big Nutty,196,365,K,252,T1,0,2,0,0,-0.0482,0.0482,0,0,0,1294,113,10,GTY,YUM,K,K,FO,1
Charpasm Chim,597,711,Big Nutty,196,734,3B,23,T1,1,2,0,0,0.1492,-0.1492,1,1,1,1294,113,10,GTY,YUM,3B,HR,HR,1
Shogun Of Harlem,1762,21,Big Nutty,196,165,BB,144,T1,1,3,0,1,0.0206,-0.0206,0,0,1,1294,113,10,GTY,YUM,BB,BB,BB,1
Shogun Of Harlem,1762,111,Big Nutty,196,952,SB,159,T1,1,5,0,1,0.0109,-0.0109,0,1,0,1294,113,10,GTY,YUM,Steal 2B,Steal 2B,SB,5
Matt Murphy,1954,420,Big Nutty,196,576,Sac,156,T1,1,6,0,1,-0.0158,0.0158,1,0,0,1294,113,10,GTY,YUM,FO,FO,BB,1
Joe Whomper,1755,263,Big Nutty,196,289,2B,26,T1,2,2,0,2,0.0891,-0.0891,1,0,0,1294,113,10,GTY,YUM,2B,3B,3B,1
Nick Papagiorgio,499,387,Big Nutty,196,693,PO,306,T1,2,2,0,3,-0.0309,0.0309,0,0,0,1294,113,10,GTY,YUM,PO,PO,K,1
Big Nutty,196,56,Revan Skywalker,479,1,1B,55,B1,0,0,0,3,0.0401,-0.0401,0,1,1,1295,113,10,YUM,GTY,1B,2B,2B,1
C.J. Yantzi,323,674,Revan Skywalker,479,2,PO,328,B1,0,1,0,3,-0.0244,0.0244,0,0,0,1295,113,10,YUM,GTY,PO,PO,K,1
Joe Trundle,421,725,Revan Skywalker,479,383,K,342,B1,1,1,0,3,-0.0384,0.0384,0,0,0,1295,113,10,YUM,GTY,K,K,K,1
Rick McLightning,55,6,Revan Skywalker,479,3,HR,3,B1,2,1,0,3,0.1625,-0.1625,2,1,1,1295,113,10,YUM,GTY,HR,HR,HR,1
Thaddeus Gomorrah,41,444,Revan Skywalker,479,804,RGO,360,B1,2,0,2,3,-0.0159,0.0159,0,0,0,1295,113,10,YUM,GTY,RGO,RGO,K,1
Lincoln Lincoln,661,611,Big Nutty,196,501,BB,110,T2,0,0,2,3,0.0305,-0.0305,0,0,0,1296,113,10,GTY,YUM,BB,BB,1B,1
Maddie Williams,2213,892,Big Nutty,196,551,PO,341,T2,0,1,2,3,-0.0262,0.0262,0,0,0,1296,113,10,GTY,YUM,PO,PO,K,1
Lincoln Lincoln,661,400,Big Nutty,196,526,SB,126,T2,1,1,2,3,0.0224,-0.0224,0,0,0,1296,113,10,GTY,YUM,Steal 2B,Steal 2B,SB,4
Jonny Mac,1698,1000,Big Nutty,196,843,FO,157,T2,1,2,2,3,-0.043,0.043,0,0,0,1296,113,10,GTY,YUM,FO,FO,BB,1
Magnus Dongfest,579,743,Big Nutty,196,194,LGO,451,T2,2,2,2,3,-0.0489,0.0489,0,0,0,1296,113,10,GTY,YUM,LGO,LGO,LGO,1
Takahiro Hirasawa,419,33,Revan Skywalker,479,513,LGO,480,B2,0,0,2,3,-0.034,0.034,0,0,0,1297,113,10,YUM,GTY,LGO,LGO,LGO,1
Willow Briansdottir,48,613,Revan Skywalker,479,900,K,287,B2,1,0,2,3,-0.0275,0.0275,0,0,0,1297,113,10,YUM,GTY,K,K,K,1
Nikolas Romero,157,365,Revan Skywalker,479,212,FO,153,B2,2,0,2,3,-0.0218,0.0218,0,0,0,1297,113,10,YUM,GTY,FO,FO,BB,1
Charpasm Chim,597,652,Big Nutty,196,989,PO,337,T3,0,0,2,3,-0.0277,0.0277,0,0,0,1298,113,10,GTY,YUM,PO,PO,K,1
Shogun Of Harlem,1762,160,Big Nutty,196,632,LGO,472,T3,1,0,2,3,-2.57%,2.57%,0,0,0,1298,113,10,GTY,YUM,LGO,LGO,LGO,1
Matt Murphy,1954,350,Big Nutty,196,699,PO,349,T3,2,0,2,3,-0.0156,0.0156,0,0,0,1298,113,10,GTY,YUM,PO,PO,K,1
Barney Summers,414,89,Revan Skywalker,479,625,LGO,464,B3,0,0,2,3,-0.04,0.04,0,0,0,1299,113,10,YUM,GTY,LGO,LGO,LGO,1
Big Nutty,196,298,Revan Skywalker,479,25,K,273,B3,1,0,2,3,-0.033,0.033,0,0,0,1299,113,10,YUM,GTY,K,FO,FO,1
C.J. Yantzi,323,24,Revan Skywalker,479,849,FO,175,B3,2,0,2,3,-0.0228,0.0228,0,0,0,1299,113,10,YUM,GTY,FO,FO,BB,1
Joe Whomper,1755,875,Big Nutty,196,105,K,230,T4,0,0,2,3,-0.0265,0.0265,0,0,0,1300,113,10,GTY,YUM,K,K,FO,1
Nick Papagiorgio,499,566,Big Nutty,196,569,HR,3,T4,1,0,2,3,0.1293,-0.1293,1,1,1,1300,113,10,GTY,YUM,HR,HR,HR,1
Lincoln Lincoln,661,867,Big Nutty,196,712,BB,155,T4,1,0,2,4,0.0221,-0.0221,0,0,0,1300,113,10,GTY,YUM,BB,BB,BB,1
Maddie Williams,2213,830,Big Nutty,196,598,K,232,T4,1,1,2,4,-0.0288,0.0288,0,0,0,1300,113,10,GTY,YUM,K,K,FO,1
Jonny Mac,1698,600,Big Nutty,196,943,PO,343,T4,2,1,2,4,-0.0268,0.0268,0,0,0,1300,113,10,GTY,YUM,PO,PO,K,1
Joe Trundle,421,42,Revan Skywalker,479,576,LGO,466,B4,0,0,2,4,-0.0411,0.0411,0,0,0,1301,113,10,YUM,GTY,LGO,LGO,LGO,1
Rick McLightning,55,273,Revan Skywalker,479,999,K,274,B4,1,0,2,4,-0.0406,0.0406,0,0,0,1301,113,10,YUM,GTY,K,K,FO,1
Thaddeus Gomorrah,41,391,Revan Skywalker,479,101,K,290,B4,2,0,2,4,-0.0188,0.0188,0,0,0,1301,113,10,YUM,GTY,K,K,K,1
Magnus Dongfest,579,506,Big Nutty,196,350,BB,156,T5,0,0,2,4,0.0237,-0.0237,0,0,0,1302,113,10,GTY,YUM,BB,BB,BB,1
Charpasm Chim,597,369,Big Nutty,196,850,DP,481,T5,0,1,2,4,-0.054,0.054,0,0,0,1302,113,10,GTY,YUM,LGO,LGO,DP,1
Shogun Of Harlem,1762,759,Big Nutty,196,456,PO,303,T5,2,0,2,4,-0.0144,0.0144,0,0,0,1302,113,10,GTY,YUM,PO,PO,K,1
Takahiro Hirasawa,419,775,Revan Skywalker,479,400,PO,375,B5,0,0,2,4,-0.0494,0.0494,0,0,0,1303,113,10,YUM,GTY,PO,PO,K,1
Willow Briansdottir,48,696,Revan Skywalker,479,187,LGO,491,B5,1,0,2,4,-0.0442,0.0442,0,0,0,1303,113,10,YUM,GTY,LGO,LGO,LGO,1
Nikolas Romero,157,666,Revan Skywalker,479,1,K,335,B5,2,0,2,4,-0.0221,0.0221,0,0,0,1303,113,10,YUM,GTY,K,K,K,1
Sarah Curvingsworth,1705,727,Big Nutty,196,979,K,252,T6,0,0,2,4,-0.0105,0.0105,0,0,0,1304,113,10,GTY,YUM,K,K,FO,1
Joe Whomper,1755,232,Big Nutty,196,869,PO,363,T6,1,0,2,4,-0.01,0.01,0,0,0,1304,113,10,GTY,YUM,PO,PO,K,1
Revan Skywalker,479,350,Big Nutty,196,345,HR,5,T6,2,0,2,4,0.062,-0.062,1,1,1,1304,113,10,GTY,YUM,HR,HR,HR,1
Lincoln Lincoln,661,1,Big Nutty,196,609,PO,392,T6,2,0,2,5,-0.0048,0.0048,0,0,0,1304,113,10,GTY,YUM,PO,PO,PO,1
Barney Summers,414,312,Revan Skywalker,479,327,3B,15,B6,0,0,2,5,0.068,-0.068,0,1,1,1305,113,10,YUM,GTY,3B,3B,HR,1
Big Nutty,196,166,Revan Skywalker,479,950,Sac,216,B6,0,3,2,5,-0.0592,0.0592,1,0,0,1305,113,10,YUM,GTY,FO,FO,Sac,1
C.J. Yantzi,323,988,Revan Skywalker,479,748,FO,240,B6,1,0,3,5,-0.0452,0.0452,0,0,0,1305,113,10,YUM,GTY,FO,FO,FO,1
Joe Trundle,421,456,Revan Skywalker,479,420,2B,36,B6,2,0,3,5,0.044,-0.044,0,1,1,1305,113,10,YUM,GTY,2B,2B,2B,1
Rick McLightning,55,7,Revan Skywalker,479,2,HR,5,B6,2,2,3,5,0.4832,-0.4832,2,1,1,1305,113,10,YUM,GTY,HR,HR,HR,1
Thaddeus Gomorrah,41,601,Dylan Green,305,834,FO,233,B6,2,0,5,5,-0.0481,0.0481,0,0,0,1305,113,10,YUM,GTY,FO,FO,FO,1
Wee Laddy Donkus,582,899,Bob Dobby,1736,229,PO,330,T1,0,0,0,0,-0.0252,0.0252,0,0,0,1306,114,10,KRB,ISO,PO,PO,K,1
Joey Wheeler,662,666,Bob Dobby,1736,500,FO,166,T1,1,0,0,0,-0.0252,0.0252,0,0,0,1306,114,10,KRB,ISO,FO,FO,BB,1
Tabasco Greensauce,1818,888,Bob Dobby,1736,747,BB,141,T1,2,0,0,0,0.0177,-0.0177,0,0,0,1306,114,10,KRB,ISO,BB,BB,BB,1
Thomas Chiggins,16,281,Bob Dobby,1736,999,K,282,T1,2,1,0,0,-0.0351,0.0351,0,0,0,1306,114,10,KRB,ISO,K,K,FO,1
Dick Nutter LXIX,1784,787,Arthur Vandelay,518,867,1B,80,B1,0,0,0,0,0.0355,-0.0355,0,1,1,1307,114,10,ISO,KRB,1B,1B,1B,1
Jimmy Haase,1826,455,Arthur Vandelay,518,530,2B,75,B1,0,1,0,0,0.1314,-0.1314,0,1,1,1307,114,10,ISO,KRB,2B,1B,1B,1
Bob Dobby,1736,747,Arthur Vandelay,518,509,Sac,238,B1,0,6,0,0,-0.0404,0.0404,1,0,0,1307,114,10,ISO,KRB,FO,FO,Sac,1
Randy Townsend,648,534,Arthur Vandelay,518,10,LGO,476,B1,1,2,1,0,-0.0357,0.0357,0,0,0,1307,114,10,ISO,KRB,LGO,LGO,LGO,1
Dirk Digglet,2206,900,Arthur Vandelay,518,10,1B,110,B1,2,2,1,0,0.088,-0.088,1,0,0,1307,114,10,ISO,KRB,1B,1B,1B,1
Jumbo Dick,79,321,Arthur Vandelay,518,773,RGO,452,B1,2,1,2,0,-0.0235,0.0235,0,0,0,1307,114,10,ISO,KRB,RGO,LGO,LGO,1
Kevin Arianna,113,12,Bob Dobby,1736,123,1B,111,T2,0,0,2,0,0.043,-0.043,0,1,1,1308,114,10,KRB,ISO,1B,1B,1B,1
Christian Bevan,616,159,Bob Dobby,1736,222,2B,63,T2,0,1,2,0,0.1559,-0.1559,0,1,1,1308,114,10,KRB,ISO,2B,2B,2B,1
Roy Hobbs,609,890,Bob Dobby,1736,666,Sac,224,T2,0,6,2,0,-0.0679,0.0679,1,0,0,1308,114,10,KRB,ISO,FO,FO,Sac,1
Moby Dick,1719,750,Bob Dobby,1736,890,1B,140,T2,1,2,2,1,0.0953,-0.0953,0,1,1,1308,114,10,KRB,ISO,1B,BB,BB,1
Francis X. Clampazzo,485,483,Bob Dobby,1736,750,K,267,T2,1,5,2,1,-0.1198,0.1198,0,0,0,1308,114,10,KRB,ISO,K,K,Sac,1
Wee Laddy Donkus,582,455,Bob Dobby,1736,483,3B,28,T2,2,5,2,1,0.2208,-0.2208,2,1,1,1308,114,10,KRB,ISO,3B,3B,3B,1
Joey Wheeler,662,850,Bob Dobby,1736,969,1B,119,T2,2,3,2,3,0.0952,-0.0952,1,0,0,1308,114,10,KRB,ISO,1B,1B,1B,1
Tabasco Greensauce,1818,379,Bob Dobby,1736,543,BB,164,T2,2,1,2,4,2.57%,-2.57%,0,0,0,1308,114,10,KRB,ISO,BB,BB,BB,1
Thomas Chiggins,16,191,Bob Dobby,1736,777,PO,414,T2,2,4,2,4,-5.49%,5.49%,0,0,0,1308,114,10,KRB,ISO,PO,PO,RGO,1
Mike Oxlong,230,731,Arthur Vandelay,518,452,K,279,B2,0,0,2,4,-0.0308,0.0308,0,0,0,1309,114,10,ISO,KRB,K,K,FO,1
Dillon Cheer,1686,420,Arthur Vandelay,518,711,K,291,B2,1,0,2,4,-0.0295,0.0295,0,0,0,1309,114,10,ISO,KRB,K,K,K,1
Anita Shower,1760,638,Arthur Vandelay,518,3,K,365,B2,2,0,2,4,-0.0152,0.0152,0,0,0,1309,114,10,ISO,KRB,K,PO,K,1
Kevin Arianna,113,122,Bob Dobby,1736,3,1B,119,T3,0,0,2,4,2.17%,-2.17%,0,0,0,1310,114,10,KRB,ISO,1B,1B,1B,1
Christian Bevan,616,599,Bob Dobby,1736,27,DP,428,T3,0,1,2,4,-5.89%,5.89%,0,0,0,1310,114,10,KRB,ISO,RGO,RGO,DP,1
Roy Hobbs,609,,Bob Dobby,1736,,Auto K,,T3,2,0,2,4,-1.37%,1.37%,0,0,0,1310,114,10,KRB,ISO,Auto K,Auto K,Auto K,9
Dick Nutter LXIX,1784,555,Arthur Vandelay,518,711,FO,156,B3,0,0,2,4,-3.78%,3.78%,0,0,0,1311,114,10,ISO,KRB,FO,FO,BB,1
Jimmy Haase,1826,486,Arthur Vandelay,518,3,LGO,483,B3,1,0,2,4,-2.85%,2.85%,0,0,0,1311,114,10,ISO,KRB,LGO,LGO,LGO,1
Bob Dobby,1736,574,Arthur Vandelay,518,912,K,338,B3,2,0,2,4,-0.0226,0.0226,0,0,0,1311,114,10,ISO,KRB,K,K,K,1
Moby Dick,1719,50,Bob Dobby,1736,338,K,288,T4,0,0,2,4,-0.0172,0.0172,0,0,0,1312,114,10,KRB,ISO,K,K,K,1
Francis X. Clampazzo,485,768,Bob Dobby,1736,810,2B,42,T4,1,0,2,4,0.0348,-0.0348,0,1,1,1312,114,10,KRB,ISO,2B,2B,2B,1
Wee Laddy Donkus,582,333,Bob Dobby,1736,768,PO,435,T4,1,2,2,4,-0.0275,0.0275,0,0,0,1312,114,10,KRB,ISO,PO,PO,RGO,1
Joey Wheeler,662,1,Bob Dobby,1736,999,HR,2,T4,2,2,2,4,0.1326,-0.1326,2,1,1,1312,114,10,KRB,ISO,HR,HR,HR,1
Tabasco Greensauce,1818,621,Bob Dobby,1736,472,BB,149,T4,2,0,2,6,0.0081,-0.0081,0,0,0,1312,114,10,KRB,ISO,BB,BB,BB,1
Thomas Chiggins,16,212,Bob Dobby,1736,3,FO,209,T4,2,1,2,6,-0.014,0.014,0,0,0,1312,114,10,KRB,ISO,FO,FO,FO,1
Randy Townsend,648,365,Arthur Vandelay,518,510,FO,145,B4,0,0,2,6,-2.35%,2.35%,0,0,0,1313,114,10,ISO,KRB,FO,FO,BB,1
Dirk Digglet,2206,400,Arthur Vandelay,518,311,1B,89,B4,1,0,2,6,0.0292,-0.0292,0,0,0,1313,114,10,ISO,KRB,1B,1B,1B,1
Jumbo Dick,79,123,Arthur Vandelay,518,512,PO,389,B4,1,1,2,6,-0.0366,0.0366,0,0,0,1313,114,10,ISO,KRB,PO,PO,PO,1
Mike Oxlong,230,101,Arthur Vandelay,518,143,3B,42,B4,2,1,2,6,0.0659,-0.0659,1,0,0,1313,114,10,ISO,KRB,3B,3B,2B,1
Dillon Cheer,1686,420,Arthur Vandelay,518,729,PO,309,B4,2,3,3,6,-0.0431,0.0431,0,0,0,1313,114,10,ISO,KRB,PO,PO,K,1
Bonesy McSkellington,1733,555,Tyler Pylon,778,879,FO,324,T1,0,0,0,0,-0.0252,0.0252,0,0,0,1314,115,10,SAR,TAI,FO,K,K,1
Fuzzy Dunlop,382,979,Tyler Pylon,778,729,FO,250,T1,1,0,0,0,-0.0252,0.0252,0,0,0,1314,115,10,SAR,TAI,FO,FO,FO,1
Gimpy Schlempteen 32,379,774,Tyler Pylon,778,499,FO,275,T1,2,0,0,0,-1.74%,1.74%,0,0,0,1314,115,10,SAR,TAI,FO,K,FO,1
James Jameson LXIX,1722,872,Hudson Hildebrandt,284,234,K,362,B1,0,0,0,0,-2.73%,2.73%,0,0,0,1315,115,10,TAI,SAR,K,K,K,1
Not From Wisconsin,2222,562,Hudson Hildebrandt,284,130,RGO,432,B1,1,0,0,0,-0.0227,0.0227,0,0,0,1315,115,10,TAI,SAR,RGO,RGO,RGO,1
Frankson Ahtra,1959,777,Hudson Hildebrandt,284,420,K,357,B1,2,0,0,0,-0.0179,0.0179,0,0,0,1315,115,10,TAI,SAR,K,K,K,1
Ross Ewage,1764,189,Tyler Pylon,778,175,HR,14,T2,0,0,0,0,0.1187,-0.1187,1,1,1,1316,115,10,SAR,TAI,HR,HR,HR,1
Bradle Beamen,203,57,Tyler Pylon,778,222,BB,165,T2,0,0,0,1,0.0305,-0.0305,0,1,1,1316,115,10,SAR,TAI,BB,FO,BB,1
Makesiondon Kelkboom,327,711,Tyler Pylon,778,690,HR,21,T2,0,1,0,1,15.69%,-15.69%,2,1,1,1316,115,10,SAR,TAI,HR,HR,HR,1
Karl Jernigan,439,713,Tyler Pylon,778,600,1B,113,T2,0,0,0,3,0.0184,-0.0184,0,1,1,1316,115,10,SAR,TAI,1B,BB,1B,1
Elmo Seabreeze,1785,810,Tyler Pylon,778,911,1B,101,T2,0,1,0,3,0.04,-0.04,0,1,1,1316,115,10,SAR,TAI,1B,1B,1B,1
Lawrence Wiseman,380,336,Tyler Pylon,778,199,1B,137,T2,0,4,0,3,0.0284,-0.0284,0,1,1,1316,115,10,SAR,TAI,1B,BB,1B,1
Bonesy McSkellington,1733,435,Tyler Pylon,778,750,Sac,315,T2,0,7,0,3,-1.01%,1.01%,1,0,0,1316,115,10,SAR,TAI,FO,K,K,1
Fuzzy Dunlop,382,650,Tyler Pylon,778,435,BB,215,T2,1,4,0,4,0.0319,-0.0319,0,1,1,1316,115,10,SAR,TAI,BB,FO,FO,1
Gimpy Schlempteen 32,379,1000,Tyler Pylon,778,176,BB,176,T2,1,7,0,4,0.036,-0.036,1,1,1,1316,115,10,SAR,TAI,BB,FO,BB,1
Ross Ewage,1764,198,Duke Silver,602,1000,Sac,198,T2,1,7,0,5,-0.0119,0.0119,1,0,0,1316,115,10,SAR,TAI,FO,FO,Sac,1
Bradle Beamen,203,731,Duke Silver,602,777,2B,46,T2,2,4,0,6,0.0039,-0.0039,2,0,0,1316,115,10,SAR,TAI,2B,2B,2B,1
Makesiondon Kelkboom,327,420,Duke Silver,602,777,K,357,T2,2,2,0,8,-0.0083,0.0083,0,0,0,1316,115,10,SAR,TAI,K,K,K,1
Bubkis Fajita,2255,69,Hudson Hildebrandt,284,212,BB,143,B2,0,0,0,8,0.014,-0.014,0,1,1,1317,115,10,TAI,SAR,BB,BB,BB,1
Jacky Wacky,702,688,Hudson Hildebrandt,284,420,K,268,B2,0,1,0,8,-0.0094,0.0094,0,0,0,1317,115,10,TAI,SAR,K,K,FO,1
Jay Money,241,144,Hudson Hildebrandt,284,143,HR,1,B2,1,1,0,8,-0.0189,0.0189,2,1,1,1317,115,10,TAI,SAR,HR,HR,HR,1
Theodora DiBiaserunner,497,420,Hudson Hildebrandt,284,902,LGO,482,B2,1,0,2,8,-0.0083,0.0083,0,0,0,1317,115,10,TAI,SAR,LGO,LGO,LGO,1
Chip Otle,4,239,Hudson Hildebrandt,284,555,RGO,316,B2,2,0,2,8,-0.0057,0.0057,0,0,0,1317,115,10,TAI,SAR,RGO,RGO,K,1
Karl Jernigan,439,766,Duke Silver,602,77,K,311,T3,0,0,2,8,-0.0047,0.0047,0,0,0,1318,115,10,SAR,TAI,K,K,K,1
Elmo Seabreeze,1785,377,Duke Silver,602,555,FO,178,T3,1,0,2,8,-0.0051,0.0051,0,0,0,1318,115,10,SAR,TAI,FO,FO,FO,1
Lawrence Wiseman,380,748,Duke Silver,602,178,RGO,430,T3,2,0,2,8,-0.0046,0.0046,0,0,0,1318,115,10,SAR,TAI,RGO,RGO,RGO,1
Johnny Dickshot,233,371,Hudson Hildebrandt,284,555,FO,184,B3,0,0,2,8,-0.0122,0.0122,0,0,0,1319,115,10,TAI,SAR,FO,FO,FO,1
James Jameson LXIX,1722,14,Hudson Hildebrandt,284,367,K,353,B3,1,0,2,8,-0.0105,0.0105,0,0,0,1319,115,10,TAI,SAR,K,K,K,1
Not From Wisconsin,2222,826,Hudson Hildebrandt,284,444,PO,382,B3,2,0,2,8,-0.0011,0.0011,0,0,0,1319,115,10,TAI,SAR,PO,PO,PO,1
Bonesy McSkellington,1733,803,Duke Silver,602,444,K,359,T4,0,0,2,8,0.0005,-0.0005,0,0,0,1320,115,10,SAR,TAI,K,K,K,1
Fuzzy Dunlop,382,221,Duke Silver,602,901,K,320,T4,1,0,2,8,-0.003,0.003,0,0,0,1320,115,10,SAR,TAI,K,K,K,1
Gimpy Schlempteen 32,379,334,Duke Silver,602,444,1B,110,T4,2,0,2,8,0.0031,-0.0031,0,0,0,1320,115,10,SAR,TAI,1B,1B,1B,1
Ross Ewage,1764,512,Duke Silver,602,101,RGO,411,T4,2,1,2,8,-0.0045,0.0045,0,0,0,1320,115,10,SAR,TAI,RGO,RGO,RGO,1
Frankson Ahtra,1959,321,Hudson Hildebrandt,284,320,HR,1,B4,0,0,2,8,0.0261,-0.0261,1,1,1,1321,115,10,TAI,SAR,HR,HR,HR,1
Bubkis Fajita,2255,,Hudson Hildebrandt,284,,Auto K,,B4,0,0,3,8,-0.0168,0.0168,0,0,0,1321,115,10,TAI,SAR,Auto K,Auto K,Auto K,9
Jacky Wacky,702,476,Hudson Hildebrandt,284,200,K,276,B4,1,0,3,8,-0.0124,0.0124,0,0,0,1321,115,10,TAI,SAR,K,K,FO,1
Jay Money,241,800,Hudson Hildebrandt,284,439,K,361,B4,2,0,3,8,-0.004,0.004,0,0,0,1321,115,10,TAI,SAR,K,K,K,1
Bradle Beamen,203,619,Duke Silver,602,217,PO,402,T5,0,0,3,8,-0.0039,0.0039,0,0,0,1322,115,10,SAR,TAI,PO,PO,RGO,1
Makesiondon Kelkboom,327,703,Duke Silver,602,619,1B,84,T5,1,0,3,8,0.0066,-0.0066,0,0,0,1322,115,10,SAR,TAI,1B,1B,1B,1
Karl Jernigan,439,542,Duke Silver,602,907,K,365,T5,1,1,3,8,-0.0057,0.0057,0,0,0,1322,115,10,SAR,TAI,K,K,K,1
Elmo Seabreeze,1785,500,Duke Silver,602,199,K,301,T5,2,1,3,8,-0.0069,0.0069,0,0,0,1322,115,10,SAR,TAI,K,K,K,1
Theodora DiBiaserunner,497,404,Hudson Hildebrandt,284,111,K,293,B5,0,0,3,8,-1.35%,1.35%,0,0,0,1323,115,10,TAI,SAR,K,K,K,1
Chip Otle,4,866,Hudson Hildebrandt,284,1,FO,135,B5,1,0,3,8,-0.0081,0.0081,0,0,0,1323,115,10,TAI,SAR,FO,FO,1B,1
Johnny Dickshot,233,303,Hudson Hildebrandt,284,501,FO,198,B5,2,0,3,8,-0.0038,0.0038,0,0,0,1323,115,10,TAI,SAR,FO,FO,FO,1
Lawrence Wiseman,380,1,Duke Silver,602,8,HR,7,T6,0,0,3,8,0.0054,-0.0054,1,1,1,1324,115,10,SAR,TAI,HR,HR,HR,1
Bonesy McSkellington,1733,777,Jacky Wacky,702,420,K,357,T6,0,0,3,9,-0.0001,0.0001,0,0,0,1324,115,10,SAR,TAI,K,K,K,1
Fuzzy Dunlop,382,69,Jacky Wacky,702,555,LGO,486,T6,1,0,3,9,-0.0007,0.0007,0,0,0,1324,115,10,SAR,TAI,LGO,LGO,LGO,1
Gimpy Schlempteen 32,379,478,Jacky Wacky,702,333,BB,145,T6,2,0,3,9,-0.0001,0.0001,0,0,0,1324,115,10,SAR,TAI,BB,BB,BB,1
Ross Ewage,1764,380,Jacky Wacky,702,880,LGO,500,T6,2,1,3,9,-0.0006,0.0006,0,0,0,1324,115,10,SAR,TAI,LGO,LGO,LGO,1
James Jameson LXIX,1722,808,Hudson Hildebrandt,284,1,FO,193,B6,0,0,3,9,-0.0038,0.0038,0,0,0,1325,115,10,TAI,SAR,FO,FO,FO,1
Not From Wisconsin,2222,501,Hudson Hildebrandt,284,2,LGO,499,B6,1,0,3,9,-0.0018,0.0018,0,0,0,1325,115,10,TAI,SAR,LGO,LGO,LGO,1
Frankson Ahtra,1959,998,Hudson Hildebrandt,284,3,HR,5,B6,2,0,3,9,0.0005,-0.0005,1,1,1,1325,115,10,TAI,SAR,HR,HR,HR,1
Bubkis Fajita,2255,4,Hudson Hildebrandt,284,668,K,336,B6,2,0,4,9,-0.0008,0.0008,0,0,0,1325,115,10,TAI,SAR,K,K,K,1
Haydn Werfer,392,720,Dottie Hooligan,770,629,1B,91,T1,0,0,0,0,0.0367,-0.0367,0,0,0,1326,116,10,NUL,PHB,1B,1B,1B,1
Joey McCarty,390,379,Dottie Hooligan,770,259,1B,120,T1,0,1,0,0,0.0714,-0.0714,0,0,0,1326,116,10,NUL,PHB,1B,1B,1B,1
Catfish O'Acid,406,222,Dottie Hooligan,770,541,DP,319,T1,0,4,0,0,-0.1289,0.1289,0,0,0,1326,116,10,NUL,PHB,RGO,RGO,K,1
Anthony Richards,418,712,Dottie Hooligan,770,196,LGO,484,T1,2,3,0,0,-0.047,0.047,0,0,0,1326,116,10,NUL,PHB,LGO,LGO,LGO,1
Rake Inthelake,755,461,Hannibal Bligh,1724,500,2B,39,B1,0,0,0,0,0.0676,-0.0676,0,1,1,1327,116,10,PHB,NUL,2B,2B,2B,1
Kenny Pupton,2224,670,Hannibal Bligh,1724,123,LGO,453,B1,0,2,0,0,-0.0409,0.0409,0,0,0,1327,116,10,PHB,NUL,LGO,LGO,LGO,1
Sandy Zipp,701,666,Hannibal Bligh,1724,461,FO,205,B1,1,2,0,0,-0.0497,0.0497,0,0,0,1327,116,10,PHB,NUL,FO,FO,FO,1
Coleman Waters,152,880,Hannibal Bligh,1724,880,HR,0,B1,2,2,0,0,0.1846,-0.1846,2,1,1,1327,116,10,PHB,NUL,HR,HR,HR,1
WILL THE THRILL,745,777,Hannibal Bligh,1724,277,LGO,500,B1,2,0,2,0,-0.63%,0.63%,0,0,0,1327,116,10,PHB,NUL,LGO,LGO,LGO,1
KlentakPay TheFuckingTax,1700,850,Dottie Hooligan,770,818,3B,32,T2,0,0,2,0,11.57%,-11.57%,0,1,1,1328,116,10,NUL,PHB,3B,2B,2B,1
Joey-Claire Hiveswap,291,343,Dottie Hooligan,770,975,RGO,368,T2,0,3,2,0,-6.67%,6.67%,0,0,0,1328,116,10,NUL,PHB,RGO,RGO,K,2
Iris Solstice,401,178,Dottie Hooligan,770,292,1B,114,T2,1,3,2,0,6.49%,-6.49%,1,0,0,1328,116,10,NUL,PHB,1B,1B,1B,1
Monica M. Clinton,1774,777,Dottie Hooligan,770,954,BB,177,T2,1,1,2,1,6.22%,-6.22%,0,0,0,1328,116,10,NUL,PHB,BB,FO,BB,1
Homer Pimpson,144,25,Dottie Hooligan,770,731,PO,294,T2,1,4,2,1,-0.0687,0.0687,0,0,0,1328,116,10,NUL,PHB,PO,PO,K,1
Haydn Werfer,392,191,Dottie Hooligan,770,596,RGO,405,T2,2,4,2,1,-0.077,0.077,0,0,0,1328,116,10,NUL,PHB,RGO,RGO,RGO,1
Jimjon Jonjim,272,69,Hannibal Bligh,1724,289,FO,220,B2,0,0,2,1,-0.0216,0.0216,0,0,0,1329,116,10,PHB,NUL,FO,FO,FO,1
Johññy Coppolella,738,350,Hannibal Bligh,1724,302,2B,48,B2,1,0,2,1,0.0434,-0.0434,0,1,1,1329,116,10,PHB,NUL,2B,2B,2B,1
Gil Metz,206,551,Hannibal Bligh,1724,523,3B,28,B2,1,2,2,1,0.1305,-0.1305,1,1,1,1329,116,10,PHB,NUL,3B,3B,3B,1
Cam Singleton,266,780,Hannibal Bligh,1724,605,BB,175,B2,1,3,3,1,0.0014,-0.0014,0,1,1,1329,116,10,PHB,NUL,BB,BB,BB,1
Rake Inthelake,755,723,Hannibal Bligh,1724,605,1B,118,B2,1,5,3,1,3.48%,-3.48%,1,1,1,1329,116,10,PHB,NUL,1B,1B,1B,1
Kenny Pupton,2224,690,Hannibal Bligh,1724,987,PO,297,B2,1,4,4,1,-0.021,0.021,0,0,0,1329,116,10,PHB,NUL,PO,PO,K,1
Sandy Zipp,701,244,Hannibal Bligh,1724,166,2B,78,B2,2,4,4,1,7.80%,-7.80%,2,0,0,1329,116,10,PHB,NUL,2B,2B,1B,1
Coleman Waters,152,337,Hannibal Bligh,1724,1000,RGO,337,B2,2,2,6,1,-0.42%,0.42%,0,0,0,1329,116,10,PHB,NUL,RGO,RGO,K,1
Joey McCarty,390,337,Coleman Waters,152,417,1B,80,T3,0,0,6,1,0.0251,-0.0251,0,1,1,1330,116,10,NUL,PHB,1B,1B,1B,1
Catfish O'Acid,406,222,Coleman Waters,152,569,K,347,T3,0,1,6,1,-2.19%,2.19%,0,0,0,1330,116,10,NUL,PHB,K,K,K,1
Anthony Richards,418,323,Coleman Waters,152,920,PO,403,T3,1,1,6,1,-1.64%,1.64%,0,0,0,1330,116,10,NUL,PHB,PO,PO,DP,1
KlentakPay TheFuckingTax,1700,277,Coleman Waters,152,330,2B,53,T3,2,1,6,1,3.52%,-3.52%,1,0,0,1330,116,10,NUL,PHB,2B,1B,2B,1
Joey-Claire Hiveswap,291,428,Coleman Waters,152,920,LGO,492,T3,2,2,6,2,-2.23%,2.23%,0,0,0,1330,116,10,NUL,PHB,LGO,LGO,LGO,1
WILL THE THRILL,745,277,Hannibal Bligh,1724,522,RGO,245,B3,0,0,6,2,-0.32%,0.32%,0,0,0,1331,116,10,PHB,NUL,RGO,RGO,FO,1
Jimjon Jonjim,272,12,Hannibal Bligh,1724,301,K,289,B3,1,0,6,2,-0.91%,0.91%,0,0,0,1331,116,10,PHB,NUL,K,K,K,1
Johññy Coppolella,738,712,Hannibal Bligh,1724,777,2B,65,B3,2,0,6,2,0.0101,-0.0101,0,0,0,1331,116,10,PHB,NUL,2B,1B,1B,1
Gil Metz,206,728,Hannibal Bligh,1724,551,BB,177,B3,2,2,6,2,-0.0057,0.0057,0,0,0,1331,116,10,PHB,NUL,BB,FO,BB,1
Cam Singleton,266,845,Hannibal Bligh,1724,407,LGO,438,B3,2,4,6,2,-0.0063,0.0063,0,0,0,1331,116,10,PHB,NUL,LGO,LGO,RGO,1
Iris Solstice,401,633,Coleman Waters,152,678,2B,45,T4,0,0,6,2,0.0439,-0.0439,0,0,0,1332,116,10,NUL,PHB,2B,2B,2B,1
Monica M. Clinton,1774,920,Coleman Waters,152,330,PO,410,T4,0,2,6,2,-0.0354,0.0354,0,0,0,1332,116,10,NUL,PHB,PO,PO,RGO,1
Homer Pimpson,144,182,Coleman Waters,152,569,K,387,T4,1,2,6,2,-0.0257,0.0257,0,0,0,1332,116,10,NUL,PHB,K,K,PO,1
Haydn Werfer,392,777,Coleman Waters,152,28,FO,251,T4,2,2,6,2,-0.0236,0.0236,0,0,0,1332,116,10,NUL,PHB,FO,FO,FO,1
Rake Inthelake,755,381,Hannibal Bligh,1724,956,LGO,425,B4,0,0,6,2,-0.0037,0.0037,0,0,0,1333,116,10,PHB,NUL,LGO,LGO,RGO,1
Kenny Pupton,2224,969,Hannibal Bligh,1724,290,RGO,321,B4,1,0,6,2,-0.0068,0.0068,0,0,0,1333,116,10,PHB,NUL,RGO,RGO,K,1
Sandy Zipp,701,26,Hannibal Bligh,1724,444,LGO,418,B4,2,0,6,2,0.0017,-0.0017,0,0,0,1333,116,10,PHB,NUL,LGO,LGO,RGO,1
Joey McCarty,390,555,Coleman Waters,152,699,FO,144,T5,0,0,6,2,-0.013,0.013,0,0,0,1334,116,10,NUL,PHB,FO,FO,BB,1
Catfish O'Acid,406,808,Coleman Waters,152,960,BB,152,T5,1,0,6,2,0.0188,-0.0188,0,0,0,1334,116,10,NUL,PHB,BB,BB,BB,1
Anthony Richards,418,968,Coleman Waters,152,330,K,362,T5,1,1,6,2,-0.0231,0.0231,0,0,0,1334,116,10,NUL,PHB,K,K,K,1
KlentakPay TheFuckingTax,1700,113,Coleman Waters,152,469,K,356,T5,2,1,6,2,-0.0142,0.0142,0,0,0,1334,116,10,NUL,PHB,K,K,K,1
Coleman Waters,152,380,Hannibal Bligh,1724,688,RGO,308,B5,0,0,6,2,-0.0006,0.0006,0,0,0,1335,116,10,PHB,NUL,RGO,RGO,K,1
WILL THE THRILL,745,277,Hannibal Bligh,1724,277,HR,0,B5,1,0,6,2,0.0087,-0.0087,1,1,1,1335,116,10,PHB,NUL,HR,HR,HR,1
Jimjon Jonjim,272,550,Hannibal Bligh,1724,569,HR,19,B5,1,0,7,2,0.0038,-0.0038,1,1,1,1335,116,10,PHB,NUL,HR,HR,HR,1
Johññy Coppolella,738,707,Hannibal Bligh,1724,212,LGO,495,B5,1,0,8,2,0.0006,-0.0006,0,0,0,1335,116,10,PHB,NUL,LGO,LGO,LGO,1
Gil Metz,206,27,Hannibal Bligh,1724,728,PO,299,B5,2,0,8,2,-0.0004,0.0004,0,0,0,1335,116,10,PHB,NUL,PO,PO,K,1
Joey-Claire Hiveswap,291,755,Coleman Waters,152,1,FO,246,T6,0,0,8,2,-0.0021,0.0021,0,0,0,1336,116,10,NUL,PHB,FO,FO,FO,1
Iris Solstice,401,52,Coleman Waters,152,569,LGO,483,T6,1,0,8,2,-0.0013,0.0013,0,0,0,1336,116,10,NUL,PHB,LGO,LGO,LGO,1
Monica M. Clinton,1774,666,Coleman Waters,152,985,K,319,T6,2,0,8,2,-0.0002,0.0002,0,0,0,1336,116,10,NUL,PHB,K,K,K,1
Artie Ziff,164,69,Drew Savage,329,673,RGO,396,T1,0,0,0,0,-0.0252,0.0252,0,0,0,1337,117,10,POR,DAD,RGO,RGO,PO,1
Aych Imtiyaz,170,814,Drew Savage,329,484,RGO,330,T1,1,0,0,0,-0.0252,0.0252,0,0,0,1337,117,10,POR,DAD,RGO,RGO,K,1
Coco Watanabe,204,,Drew Savage,329,,Auto BB,,T1,2,0,0,0,0.0177,-0.0177,0,0,0,1337,117,10,POR,DAD,Auto BB,Auto BB,Auto BB,10
Geno Scaramucci,165,278,Drew Savage,329,957,RGO,321,T1,2,1,0,0,-0.0351,0.0351,0,0,0,1337,117,10,POR,DAD,RGO,RGO,K,1
Mike Fruitstand,772,432,Lee Allen Ripley,771,958,LGO,474,B1,0,0,0,0,-0.0273,0.0273,0,0,0,1338,117,10,DAD,POR,LGO,LGO,LGO,1
Red Fox,784,10,Lee Allen Ripley,771,800,FO,210,B1,1,0,0,0,-0.0227,0.0227,0,0,0,1338,117,10,DAD,POR,FO,FO,FO,1
Freddie Huff,1813,745,Lee Allen Ripley,771,400,K,345,B1,2,0,0,0,-0.0179,0.0179,0,0,0,1338,117,10,DAD,POR,K,K,K,1
Edward Freeman,700,,Drew Savage,329,,Auto K,,T2,0,0,0,0,-0.0286,0.0286,0,0,0,1339,117,10,POR,DAD,Auto K,Auto K,Auto K,9
Grigury Polinko,452,940,Drew Savage,329,370,LGO,430,T2,1,0,0,0,-0.029,0.029,0,0,0,1339,117,10,POR,DAD,LGO,LGO,RGO,1
Picov Andropov,340,69,Drew Savage,329,980,2B,89,T2,2,0,0,0,0.0382,-0.0382,0,0,0,1339,117,10,POR,DAD,2B,2B,1B,1
Rickey Tucker,163,624,Drew Savage,329,309,RGO,315,T2,2,2,0,0,-5.35%,5.35%,0,0,0,1339,117,10,POR,DAD,RGO,RGO,K,1
Michael Smith,1955,200,Lee Allen Ripley,771,340,BB,140,B2,0,0,0,0,3.93%,-3.93%,0,0,0,1340,117,10,DAD,POR,BB,BB,BB,1
Runner Buehler,717,720,Lee Allen Ripley,771,111,DP,391,B2,0,1,0,0,-0.0936,0.0936,0,0,0,1340,117,10,DAD,POR,RGO,RGO,PO,1
Dixie Normos,332,566,Lee Allen Ripley,771,231,K,335,B2,2,0,0,0,-0.0188,0.0188,0,0,0,1340,117,10,DAD,POR,K,K,K,1
Lee Allen Ripley,771,702,Drew Savage,329,742,2B,40,T3,0,0,0,0,0.084,-0.084,0,0,0,1341,117,10,POR,DAD,2B,2B,2B,1
Artie Ziff,164,241,Drew Savage,329,765,LGO,476,T3,0,2,0,0,-0.0552,0.0552,0,0,0,1341,117,10,POR,DAD,LGO,LGO,LGO,1
Aych Imtiyaz,170,242,Drew Savage,329,587,RGO,345,T3,1,2,0,0,-0.0664,0.0664,0,0,0,1341,117,10,POR,DAD,RGO,RGO,K,1
Coco Watanabe,204,41,Drew Savage,329,526,LGO,485,T3,2,3,0,0,-0.046,0.046,0,0,0,1341,117,10,POR,DAD,LGO,LGO,LGO,1
Sam Smith,158,455,Lee Allen Ripley,771,566,1B,111,B3,0,0,0,0,0.0452,-0.0452,0,0,0,1342,117,10,DAD,POR,1B,1B,1B,1
Rekt Keyo,331,187,Lee Allen Ripley,771,555,PO,368,B3,0,1,0,0,-0.0385,0.0385,0,0,0,1342,117,10,DAD,POR,PO,PO,K,1
Cam'ron,525,3,Lee Allen Ripley,771,326,K,323,B3,1,1,0,0,-0.0473,0.0473,0,0,0,1342,117,10,DAD,POR,K,K,K,1
Mike Fruitstand,772,505,Lee Allen Ripley,771,989,LGO,484,B3,2,1,0,0,-0.0438,0.0438,0,0,0,1342,117,10,DAD,POR,LGO,LGO,LGO,1
Geno Scaramucci,165,404,Drew Savage,329,292,1B,112,T4,0,0,0,0,0.0487,-0.0487,0,0,0,1343,117,10,POR,DAD,1B,1B,1B,1
Caleb Craven,640,199,Drew Savage,329,622,DP,423,T4,0,1,0,0,-0.1242,0.1242,0,0,0,1343,117,10,POR,DAD,LGO,LGO,DP,1
Grigury Polinko,452,207,Drew Savage,329,87,1B,120,T4,2,0,0,0,0.0271,-0.0271,0,0,0,1343,117,10,POR,DAD,1B,1B,1B,1
Picov Andropov,340,404,Drew Savage,329,866,LGO,462,T4,2,1,0,0,-0.0524,0.0524,0,0,0,1343,117,10,POR,DAD,LGO,LGO,LGO,1
Red Fox,784,69,Lee Allen Ripley,771,300,FO,231,B4,0,0,0,0,-0.0393,0.0393,0,0,0,1344,117,10,DAD,POR,FO,FO,FO,1
Freddie Huff,1813,255,Lee Allen Ripley,771,721,LGO,466,B4,1,0,0,0,-0.0343,0.0343,0,0,0,1344,117,10,DAD,POR,LGO,LGO,LGO,1
Michael Smith,1955,850,Lee Allen Ripley,771,299,RGO,449,B4,2,0,0,0,-2.71%,2.71%,0,0,0,1344,117,10,DAD,POR,RGO,RGO,RGO,1
Rickey Tucker,163,385,Drew Savage,329,862,LGO,477,T5,0,0,0,0,-4.71%,4.71%,0,0,0,1345,117,10,POR,DAD,LGO,LGO,LGO,1
Lee Allen Ripley,771,299,Drew Savage,329,619,RGO,320,T5,1,0,0,0,-0.0448,0.0448,0,0,0,1345,117,10,POR,DAD,RGO,RGO,K,1
Artie Ziff,164,197,Drew Savage,329,658,LGO,461,T5,2,0,0,0,-0.0326,0.0326,0,0,0,1345,117,10,POR,DAD,LGO,LGO,LGO,1
Runner Buehler,717,,Lee Allen Ripley,771,,Auto K,,B5,0,0,0,0,-0.0439,0.0439,0,0,0,1346,117,10,DAD,POR,Auto K,Auto K,Auto K,9
Dixie Normos,332,233,Lee Allen Ripley,771,341,1B,108,B5,1,0,0,0,0.0469,-0.0469,0,0,0,1346,117,10,DAD,POR,1B,1B,1B,1
Sam Smith,158,826,Lee Allen Ripley,771,480,K,346,B5,1,1,0,0,-0.0624,0.0624,0,0,0,1346,117,10,DAD,POR,K,K,K,1
Rekt Keyo,331,392,Lee Allen Ripley,771,690,FO,298,B5,2,1,0,0,-6.26%,6.26%,0,0,0,1346,117,10,DAD,POR,FO,K,K,1
Aych Imtiyaz,170,641,Drew Savage,329,137,LGO,496,T6,0,0,0,0,-6.10%,6.10%,0,0,0,1347,117,10,POR,DAD,LGO,LGO,LGO,1
Coco Watanabe,204,86,Drew Savage,329,143,2B,57,T6,1,0,0,0,12.40%,-12.40%,0,0,0,1347,117,10,POR,DAD,2B,1B,2B,1
Geno Scaramucci,165,404,Drew Savage,329,743,RGO,339,T6,1,2,0,0,-0.0974,0.0974,0,0,0,1347,117,10,POR,DAD,RGO,RGO,K,1
Caleb Craven,640,727,Drew Savage,329,312,LGO,415,T6,2,3,0,0,-0.1336,0.1336,0,0,0,1347,117,10,POR,DAD,LGO,LGO,RGO,1
Cam'ron,525,50,Lee Allen Ripley,771,687,PO,363,B6,0,0,0,0,-0.0612,0.0612,0,0,0,1348,117,10,DAD,POR,PO,PO,K,1
Mike Fruitstand,772,420,Lee Allen Ripley,771,900,LGO,480,B6,1,0,0,0,-0.0587,0.0587,0,0,0,1348,117,10,DAD,POR,LGO,LGO,LGO,1
Red Fox,784,55,Lee Allen Ripley,771,999,2B,56,B6,2,0,0,0,0.0934,-0.0934,0,1,1,1348,117,10,DAD,POR,2B,2B,2B,1
Freddie Huff,1813,10,Lee Allen Ripley,771,50,2B,40,B6,2,2,0,0,0.3563,-0.3563,1,0,0,1348,117,10,DAD,POR,2B,3B,2B,1
Thomas Beowulf,218,663,Truck Month,1794,6,K,343,T1,0,0,0,0,-0.0252,0.0252,0,0,0,1349,118,10,LMN,TAC,K,K,K,1
Homer Nocker,606,419,Truck Month,1794,211,FO,208,T1,1,0,0,0,-0.0252,0.0252,0,0,0,1349,118,10,LMN,TAC,FO,FO,FO,1
Lloyd Gross,135,420,Truck Month,1794,532,BB,112,T1,2,0,0,0,0.0177,-0.0177,0,0,0,1349,118,10,LMN,TAC,BB,1B,1B,1
Dixon Uraz,34,12,Truck Month,1794,112,1B,100,T1,2,1,0,0,0.0302,-0.0302,0,0,0,1349,118,10,LMN,TAC,1B,1B,1B,1
WILL THE THRILL,745,777,Truck Month,1794,69,RGO,292,T1,2,5,0,0,-0.0653,0.0653,0,0,0,1349,118,10,LMN,TAC,RGO,RGO,K,1
Julio Escobar,686,285,Rey Revanchist,776,910,RGO,375,B1,0,0,0,0,-0.0273,0.0273,0,0,0,1350,118,10,TAC,LMN,RGO,RGO,K,1
Oxleohl Driver,1943,889,Rey Revanchist,776,603,K,286,B1,1,0,0,0,-0.0227,0.0227,0,0,0,1350,118,10,TAC,LMN,K,K,K,1
IBO Bust,186,725,Rey Revanchist,776,503,FO,222,B1,2,0,0,0,-0.0179,0.0179,0,0,0,1350,118,10,TAC,LMN,FO,FO,FO,1
Kyle Corbett,707,178,Truck Month,1794,788,RGO,390,T2,0,0,0,0,-2.86%,2.86%,0,0,0,1351,118,10,LMN,TAC,RGO,RGO,PO,1
Ben Bramly,238,444,Truck Month,1794,564,BB,120,T2,1,0,0,0,3.77%,-3.77%,0,0,0,1351,118,10,LMN,TAC,BB,BB,1B,1
Michael Ikenberry,63,699,Truck Month,1794,490,FO,209,T2,1,1,0,0,-4.68%,4.68%,0,0,0,1351,118,10,LMN,TAC,FO,FO,FO,1
Ben Bramly,238,290,Truck Month,1794,378,SB,88,T2,2,1,0,0,0.0183,-0.0183,0,0,0,1351,118,10,LMN,TAC,Steal 2B,Steal 2B,SB,4
Zelk Antilles,490,934,Truck Month,1794,302,PO,368,T2,2,2,0,0,-0.0535,0.0535,0,0,0,1351,118,10,LMN,TAC,PO,PO,K,1
Alaina Mclean,1947,314,Rey Revanchist,776,1000,K,314,B2,0,0,0,0,-0.0275,0.0275,0,0,0,1352,118,10,TAC,LMN,K,K,K,1
Barry McKockiner,612,246,Rey Revanchist,776,314,1B,68,B2,1,0,0,0,0.0367,-0.0367,0,0,0,1352,118,10,TAC,LMN,1B,1B,1B,1
Gang Weed,1732,500,Rey Revanchist,776,987,DP,487,B2,1,1,0,0,-0.0823,0.0823,0,0,0,1352,118,10,TAC,LMN,LGO,LGO,DP,1
Thomas Beowulf,218,741,Duke Marriot,775,220,LGO,479,T3,0,0,0,0,-0.0325,0.0325,0,0,0,1353,118,10,LMN,TAC,LGO,LGO,LGO,1
Homer Nocker,606,920,Duke Marriot,775,384,LGO,464,T3,1,0,0,0,-0.0305,0.0305,0,0,0,1353,118,10,LMN,TAC,LGO,LGO,LGO,1
Lloyd Gross,135,940,Duke Marriot,775,443,LGO,497,T3,2,0,0,0,-0.0206,0.0206,0,0,0,1353,118,10,LMN,TAC,LGO,LGO,LGO,1
Dakota Carolina Montana,65,389,Rey Revanchist,776,203,FO,186,B3,0,0,0,0,-0.0332,0.0332,0,0,0,1354,118,10,TAC,LMN,FO,FO,FO,1
Thelonius Junk,623,69,Rey Revanchist,776,777,K,292,B3,1,0,0,0,-0.028,0.028,0,0,0,1354,118,10,TAC,LMN,K,K,K,1
Julian O'Sullivan,2254,260,Rey Revanchist,776,590,K,330,B3,2,0,0,0,-0.0232,0.0232,0,0,0,1354,118,10,TAC,LMN,K,K,K,1
Dixon Uraz,34,12,Duke Marriot,775,374,K,362,T4,0,0,0,0,-0.0387,0.0387,0,0,0,1355,118,10,LMN,TAC,K,K,K,1
WILL THE THRILL,745,277,Duke Marriot,775,500,K,223,T4,1,0,0,0,-0.0368,0.0368,0,0,0,1355,118,10,LMN,TAC,K,K,FO,1
Kyle Corbett,707,501,Duke Marriot,775,10,LGO,491,T4,2,0,0,0,-0.0253,0.0253,0,0,0,1355,118,10,LMN,TAC,LGO,LGO,LGO,1
Julio Escobar,686,3,Rey Revanchist,776,869,FO,134,B4,0,0,0,0,-3.93%,3.93%,0,0,0,1356,118,10,TAC,LMN,FO,FO,1B,1
Oxleohl Driver,1943,700,Rey Revanchist,776,45,K,345,B4,1,0,0,0,-3.43%,3.43%,0,0,0,1356,118,10,TAC,LMN,K,K,K,1
IBO Bust,186,365,Rey Revanchist,776,260,1B,105,B4,2,0,0,0,2.40%,-2.40%,0,0,0,1356,118,10,TAC,LMN,1B,1B,1B,1
Alaina Mclean,1947,701,Rey Revanchist,776,809,1B,108,B4,2,1,0,0,4.99%,-4.99%,0,0,0,1356,118,10,TAC,LMN,1B,1B,1B,1
Barry McKockiner,612,579,Rey Revanchist,776,189,PO,390,B4,2,5,0,0,-10.10%,10.10%,0,0,0,1356,118,10,TAC,LMN,PO,PO,PO,1
Ben Bramly,238,842,Duke Marriot,775,455,PO,387,T5,0,0,0,0,-4.71%,4.71%,0,0,0,1357,118,10,LMN,TAC,PO,PO,PO,1
Michael Ikenberry,63,505,Duke Marriot,775,947,RGO,442,T5,1,0,0,0,-4.48%,4.48%,0,0,0,1357,118,10,LMN,TAC,RGO,RGO,RGO,1
Jeff Dingerhitter,298,835,Duke Marriot,775,621,K,214,T5,2,0,0,0,-3.26%,3.26%,0,0,0,1357,118,10,LMN,TAC,K,K,FO,1
Gang Weed,1732,500,Rey Revanchist,776,222,FO,278,B5,0,0,0,0,-4.39%,4.39%,0,0,0,1358,118,10,TAC,LMN,FO,FO,FO,1
Dakota Carolina Montana,65,321,Rey Revanchist,776,920,PO,401,B5,1,0,0,0,-4.77%,4.77%,0,0,0,1358,118,10,TAC,LMN,PO,PO,RGO,1
Thelonius Junk,623,12,Rey Revanchist,776,324,K,312,B5,2,0,0,0,-3.04%,3.04%,0,0,0,1358,118,10,TAC,LMN,K,K,K,1
Thomas Beowulf,218,512,Duke Marriot,775,541,HR,29,T6,0,0,0,0,30.85%,-30.85%,1,1,1,1359,118,10,LMN,TAC,HR,HR,3B,1
Homer Nocker,606,319,Duke Marriot,775,535,K,216,T6,0,0,0,1,-2.38%,2.38%,0,0,0,1359,118,10,LMN,TAC,K,K,FO,1
Lloyd Gross,135,523,Duke Marriot,775,910,PO,387,T6,1,0,0,1,-1.97%,1.97%,0,0,0,1359,118,10,LMN,TAC,PO,PO,PO,1
Dixon Uraz,34,12,Duke Marriot,775,493,LGO,481,T6,2,0,0,1,-1.52%,1.52%,0,0,0,1359,118,10,LMN,TAC,LGO,LGO,LGO,1
Julian O'Sullivan,2254,628,Rey Revanchist,776,720,BB,92,B6,0,0,0,1,12.13%,-12.13%,0,0,0,1360,118,10,TAC,LMN,BB,BB,1B,1
Julio Escobar,686,835,Rey Revanchist,776,555,PO,280,B6,0,1,0,1,-10.11%,10.11%,0,0,0,1360,118,10,TAC,LMN,PO,PO,FO,1
Oxleohl Driver,1943,950,Rey Revanchist,776,880,1B,70,B6,1,1,0,1,14.90%,-14.90%,0,0,0,1360,118,10,TAC,LMN,1B,2B,1B,1
IBO Bust,186,150,Rey Revanchist,776,610,DP,460,B6,1,4,0,1,-42.16%,42.16%,0,0,0,1360,118,10,TAC,LMN,LGO,LGO,DP,1
Mo Jungo,1814,913,Rocco Rudnikov,114,831,1B,82,T1,0,0,0,0,3.67%,-3.67%,0,0,0,1361,119,10,KTY,JUP,1B,1B,1B,1
Mo Jungo,1814,413,Rocco Rudnikov,114,509,SB,96,T1,0,1,0,0,3.11%,-3.11%,0,0,0,1361,119,10,KTY,JUP,Steal 2B,Steal 2B,SB,4
icna comit,198,999,Rocco Rudnikov,114,510,LGO,489,T1,0,2,0,0,-4.82%,4.82%,0,0,0,1361,119,10,KTY,JUP,LGO,LGO,LGO,1
Henrik Omega,84,790,Rocco Rudnikov,114,654,BB,136,T1,1,2,0,0,3.36%,-3.36%,0,0,0,1361,119,10,KTY,JUP,BB,BB,1B,1
Pedro Cerrano-Spaz,1798,232,Rocco Rudnikov,114,801,DP,431,T1,1,4,0,0,-12.10%,12.10%,0,0,0,1361,119,10,KTY,JUP,RGO,RGO,DP,1
Kevin Harrison,734,382,Mr. Miyagi,265,214,FO,168,B1,0,0,0,0,-2.73%,2.73%,0,0,0,1362,119,10,JUP,KTY,FO,FO,BB,1
Simba Martinez,1792,331,Mr. Miyagi,265,932,PO,399,B1,1,0,0,0,-2.27%,2.27%,0,0,0,1362,119,10,JUP,KTY,PO,PO,PO,1
David Peterson,2218,808,Mr. Miyagi,265,568,K,240,B1,2,0,0,0,-1.79%,1.79%,0,0,0,1362,119,10,JUP,KTY,K,K,FO,1
Cal Otter,546,420,Rocco Rudnikov,114,257,BB,163,T2,0,0,0,0,4.19%,-4.19%,0,1,1,1363,119,10,KTY,JUP,BB,BB,BB,1
Otis Nixon Sr.,107,420,Rocco Rudnikov,114,422,HR,2,T2,0,1,0,0,17.88%,-17.88%,2,1,1,1363,119,10,KTY,JUP,HR,HR,HR,1
Jason Varitek,1810,666,Rocco Rudnikov,114,754,1B,88,T2,0,0,0,2,2.42%,-2.42%,0,1,1,1363,119,10,KTY,JUP,1B,1B,1B,1
David Roidtiz,1742,546,Rocco Rudnikov,114,633,1B,87,T2,0,1,0,2,4.52%,-4.52%,0,0,0,1363,119,10,KTY,JUP,1B,1B,1B,1
Buck Armstrong,97,637,Rocco Rudnikov,114,210,DP,427,T2,0,4,0,2,-8.00%,8.00%,0,0,0,1363,119,10,KTY,JUP,RGO,RGO,DP,1
Mo Jungo,1814,301,Rocco Rudnikov,114,244,2B,57,T2,2,3,0,2,8.39%,-8.39%,1,0,0,1363,119,10,KTY,JUP,2B,2B,2B,1
icna comit,198,745,Rocco Rudnikov,114,245,LGO,500,T2,2,2,0,3,-2.78%,2.78%,0,0,0,1363,119,10,KTY,JUP,LGO,LGO,LGO,1
Luap Renraw,118,712,Mr. Miyagi,265,522,FO,190,B2,0,0,0,3,-2.83%,2.83%,0,0,0,1364,119,10,JUP,KTY,FO,BB,FO,1
Fuzzy Spit,501,31,Mr. Miyagi,265,569,LGO,462,B2,1,0,0,3,-2.43%,2.43%,0,0,0,1364,119,10,JUP,KTY,LGO,LGO,LGO,1
Harry Peritestes,117,690,Mr. Miyagi,265,846,BB,156,B2,2,0,0,3,1.85%,-1.85%,0,1,1,1364,119,10,JUP,KTY,BB,BB,BB,1
Dart Ragusa,134,194,Mr. Miyagi,265,145,3B,49,B2,2,1,0,3,11.30%,-11.30%,1,0,0,1364,119,10,JUP,KTY,3B,2B,2B,1
Chris Orosz,219,624,Mr. Miyagi,265,260,K,364,B2,2,3,1,3,-5.83%,5.83%,0,0,0,1364,119,10,JUP,KTY,K,K,K,1
Henrik Omega,84,298,Rocco Rudnikov,114,12,K,286,T3,0,0,1,3,-1.80%,1.80%,0,0,0,1365,119,10,KTY,JUP,K,K,K,1
Pedro Cerrano-Spaz,1798,823,Rocco Rudnikov,114,246,RGO,423,T3,1,0,1,3,-1.92%,1.92%,0,0,0,1365,119,10,KTY,JUP,RGO,RGO,RGO,1
Cal Otter,546,666,Rocco Rudnikov,114,420,FO,246,T3,2,0,1,3,-1.37%,1.37%,0,0,0,1365,119,10,KTY,JUP,FO,FO,FO,1
Ty Palmatier,258,144,Mr. Miyagi,265,722,RGO,422,B3,0,0,1,3,-3.78%,3.78%,0,0,0,1366,119,10,JUP,KTY,RGO,RGO,RGO,1
Kevin Harrison,734,297,Mr. Miyagi,265,512,FO,215,B3,1,0,1,3,-2.85%,2.85%,0,0,0,1366,119,10,JUP,KTY,FO,FO,FO,1
Simba Martinez,1792,550,Mr. Miyagi,265,750,FO,200,B3,2,0,1,3,-2.26%,2.26%,0,0,0,1366,119,10,JUP,KTY,FO,FO,FO,1
Otis Nixon Sr.,107,420,Rocco Rudnikov,114,967,LGO,453,T4,0,0,1,3,-1.72%,1.72%,0,0,0,1367,119,10,KTY,JUP,LGO,LGO,LGO,1
Jason Varitek,1810,301,Rocco Rudnikov,114,803,LGO,498,T4,1,0,1,3,-1.81%,1.81%,0,0,0,1367,119,10,KTY,JUP,LGO,LGO,LGO,1
David Roidtiz,1742,588,Rocco Rudnikov,114,6,RGO,418,T4,2,0,1,3,-1.54%,1.54%,0,0,0,1367,119,10,KTY,JUP,RGO,RGO,RGO,1
David Peterson,2218,610,Mr. Miyagi,265,35,RGO,425,B4,0,0,1,3,-4.11%,4.11%,0,0,0,1368,119,10,JUP,KTY,RGO,RGO,RGO,1
Luap Renraw,118,419,Mr. Miyagi,265,644,FO,225,B4,1,0,1,3,-4.06%,4.06%,0,0,0,1368,119,10,JUP,KTY,FO,FO,FO,1
Fuzzy Spit,501,801,Mr. Miyagi,265,808,HR,7,B4,2,0,1,3,13.29%,-13.29%,1,1,1,1368,119,10,JUP,KTY,HR,HR,HR,1
Harry Peritestes,117,240,Mr. Miyagi,265,540,K,300,B4,2,0,2,3,-3.35%,3.35%,0,0,0,1368,119,10,JUP,KTY,K,K,K,1
Buck Armstrong,97,16,Rocco Rudnikov,114,191,FO,175,T5,0,0,2,3,-3.05%,3.05%,0,0,0,1369,119,10,KTY,JUP,FO,FO,BB,1
Mo Jungo,1814,499,Rocco Rudnikov,114,572,2B,73,T5,1,0,2,3,4.55%,-4.55%,0,0,0,1369,119,10,KTY,JUP,2B,1B,1B,1
icna comit,198,314,Rocco Rudnikov,114,574,FO,260,T5,1,2,2,3,-4.10%,4.10%,0,0,0,1369,119,10,KTY,JUP,FO,FO,FO,1
Henrik Omega,84,888,Rocco Rudnikov,114,713,FO,175,T5,2,2,2,3,-4.68%,4.68%,0,0,0,1369,119,10,KTY,JUP,FO,FO,BB,1
Dart Ragusa,134,269,Mr. Miyagi,265,401,BB,132,B5,0,0,2,3,8.57%,-8.57%,0,0,0,1370,119,10,JUP,KTY,BB,BB,1B,1
Chris Orosz,219,444,Mr. Miyagi,265,678,FO,234,B5,0,1,2,3,-6.83%,6.83%,0,0,0,1370,119,10,JUP,KTY,FO,FO,FO,1
Ty Palmatier,258,899,Mr. Miyagi,265,377,DP,478,B5,1,1,2,3,-18.19%,18.19%,0,0,0,1370,119,10,JUP,KTY,LGO,LGO,DP,1
Pedro Cerrano-Spaz,1798,902,Rocco Rudnikov,114,950,2B,48,T6,0,0,2,3,5.56%,-5.56%,0,0,0,1371,119,10,KTY,JUP,2B,2B,2B,1
Cal Otter,546,69,Rocco Rudnikov,114,420,RGO,351,T6,0,2,2,3,0.71%,-0.71%,0,0,0,1371,119,10,KTY,JUP,RGO,RGO,K,1
Otis Nixon Sr.,107,777,Rocco Rudnikov,114,420,RGO,357,T6,1,3,2,3,-7.48%,7.48%,0,0,0,1371,119,10,KTY,JUP,RGO,RGO,K,2
Jason Varitek,1810,804,Rocco Rudnikov,114,920,BB,116,T6,2,3,2,3,0.29%,-0.29%,0,0,0,1371,119,10,KTY,JUP,BB,BB,1B,1
David Roidtiz,1742,15,Rocco Rudnikov,114,921,BB,94,T6,2,5,2,3,2.13%,-2.13%,0,0,0,1371,119,10,KTY,JUP,BB,BB,1B,1
Buck Armstrong,97,931,Rocco Rudnikov,114,420,LGO,489,T6,2,7,2,3,-7.08%,7.08%,0,0,0,1371,119,10,KTY,JUP,LGO,LGO,LGO,1
Kevin Harrison,734,16,Mr. Miyagi,265,411,PO,395,B6,0,0,2,3,-9.46%,9.46%,0,0,0,1372,119,10,JUP,KTY,PO,PO,PO,1
Simba Martinez,1792,672,Mr. Miyagi,265,343,K,329,B6,1,0,2,3,-9.16%,9.16%,0,0,0,1372,119,10,JUP,KTY,K,K,K,1
David Peterson,2218,,Mr. Miyagi,265,,Auto K,,B6,2,0,2,3,-6.62%,6.62%,0,0,0,1372,119,10,JUP,KTY,Auto K,Auto K,Auto K,9
Herderber Derperger III,1779,64,Hero Brine,1942,135,1B,71,T1,0,0,0,0,3.67%,-3.67%,0,0,0,1373,120,10,TRA,MVM,1B,1B,1B,1
Almondo Albuterol,1790,686,Hero Brine,1942,956,K,270,T1,0,1,0,0,-2.98%,2.98%,0,0,0,1373,120,10,TRA,MVM,K,K,FO,1
Jay Peg,724,143,Hero Brine,1942,1,BB,142,T1,1,1,0,0,4.63%,-4.63%,0,0,0,1373,120,10,TRA,MVM,BB,BB,BB,1
Scherbie Fully-Loaded,679,333,Hero Brine,1942,589,K,256,T1,1,4,0,0,-5.58%,5.58%,0,0,0,1373,120,10,TRA,MVM,K,K,FO,1
Sunshine Pardue,315,777,Hero Brine,1942,22,FO,245,T1,2,4,0,0,-6.52%,6.52%,0,0,0,1373,120,10,TRA,MVM,FO,FO,FO,1
Mike Litoris,2252,824,Doc Crudelly,1811,717,1B,107,B1,0,0,0,0,3.55%,-3.55%,0,0,1,1374,120,10,MVM,TRA,1B,1B,1B,1
Mike Litoris,2252,499,Doc Crudelly,1811,610,SB,111,B1,0,1,0,0,3.21%,-3.21%,0,1,0,1374,120,10,MVM,TRA,Steal 2B,Steal 2B,SB,4
Todd Bonzalez II,169,25,Doc Crudelly,1811,377,RGO,352,B1,0,2,0,0,-0.33%,0.33%,0,0,0,1374,120,10,MVM,TRA,RGO,RGO,K,1
Jeremy Carolina,728,520,Doc Crudelly,1811,116,LGO,404,B1,1,3,0,0,0.11%,-0.11%,1,0,0,1374,120,10,MVM,TRA,LGO,LGO,RGO,1
Jeffrey Salmon,1704,799,Doc Crudelly,1811,256,LGO,457,B1,2,0,1,0,-1.56%,1.56%,0,0,0,1374,120,10,MVM,TRA,LGO,LGO,LGO,1
Graham Grams,400,788,Hero Brine,1942,7,FO,219,T2,0,0,1,0,-2.54%,2.54%,0,0,0,1375,120,10,TRA,MVM,FO,FO,FO,1
Robbie Liapis,1745,214,Hero Brine,1942,894,PO,320,T2,1,0,1,0,-3.53%,3.53%,0,0,0,1375,120,10,TRA,MVM,PO,PO,K,1
Birdman,393,1,Hero Brine,1942,777,FO,224,T2,2,0,1,0,-1.44%,1.44%,0,0,0,1375,120,10,TRA,MVM,FO,FO,FO,1
Baron Harold Willingsby,765,656,Doc Crudelly,1811,14,RGO,358,B2,0,0,1,0,-2.16%,2.16%,0,0,0,1376,120,10,MVM,TRA,RGO,RGO,K,1
Jeo From,236,21,Doc Crudelly,1811,841,FO,180,B2,1,0,1,0,-2.21%,2.21%,0,0,0,1376,120,10,MVM,TRA,FO,FO,FO,1
Orlando Champagne,500,757,Doc Crudelly,1811,367,RGO,390,B2,2,0,1,0,-1.39%,1.39%,0,0,0,1376,120,10,MVM,TRA,RGO,RGO,PO,1
Gregory Taint,1712,456,Hero Brine,1942,2,PO,454,T3,0,0,1,0,-3.61%,3.61%,0,0,0,1377,120,10,TRA,MVM,PO,PO,LGO,1
Herderber Derperger III,1779,782,Hero Brine,1942,327,LGO,455,T3,1,0,1,0,-3.13%,3.13%,0,0,0,1377,120,10,TRA,MVM,LGO,LGO,LGO,1
Almondo Albuterol,1790,69,Hero Brine,1942,7,2B,62,T3,2,0,1,0,3.85%,-3.85%,0,0,0,1377,120,10,TRA,MVM,2B,1B,2B,1
Jay Peg,724,510,Hero Brine,1942,701,FO,191,T3,2,2,1,0,-6.01%,6.01%,0,0,0,1377,120,10,TRA,MVM,FO,FO,FO,1
cocl,487,400,Doc Crudelly,1811,791,RGO,391,B3,0,0,1,0,-2.34%,2.34%,0,0,0,1378,120,10,MVM,TRA,RGO,RGO,PO,1
Deej Gambino,594,532,Doc Crudelly,1811,229,PO,303,B3,1,0,1,0,-2.24%,2.24%,0,0,0,1378,120,10,MVM,TRA,PO,PO,K,1
Mike Litoris,2252,168,Doc Crudelly,1811,847,RGO,321,B3,2,0,1,0,-1.44%,1.44%,0,0,0,1378,120,10,MVM,TRA,RGO,RGO,K,1
Scherbie Fully-Loaded,679,333,Hero Brine,1942,17,PO,316,T4,0,0,1,0,-4.06%,4.06%,0,0,0,1379,120,10,TRA,MVM,PO,PO,K,1
Sunshine Pardue,315,765,Hero Brine,1942,498,K,267,T4,1,0,1,0,-3.83%,3.83%,0,0,0,1379,120,10,TRA,MVM,K,K,FO,1
Graham Grams,400,508,Hero Brine,1942,267,FO,241,T4,2,0,1,0,-2.57%,2.57%,0,0,0,1379,120,10,TRA,MVM,FO,FO,FO,1
Todd Bonzalez II,169,333,Doc Crudelly,1811,409,2B,76,B4,0,0,1,0,6.33%,-6.33%,0,1,1,1380,120,10,MVM,TRA,2B,2B,1B,1
Jeremy Carolina,728,1,Doc Crudelly,1811,555,LGO,446,B4,0,2,1,0,-4.17%,4.17%,0,0,0,1380,120,10,MVM,TRA,LGO,LGO,RGO,1
Jeffrey Salmon,1704,100,Doc Crudelly,1811,40,2B,60,B4,1,2,1,0,9.31%,-9.31%,1,0,0,1380,120,10,MVM,TRA,2B,1B,2B,1
Baron Harold Willingsby,765,729,Doc Crudelly,1811,315,LGO,414,B4,1,2,2,0,-2.72%,2.72%,0,0,0,1380,120,10,MVM,TRA,LGO,LGO,RGO,1
Jeo From,236,517,Doc Crudelly,1811,767,K,250,B4,2,2,2,0,-2.08%,2.08%,0,0,0,1380,120,10,MVM,TRA,K,K,FO,1
Robbie Liapis,1745,701,Hero Brine,1942,756,2B,55,T5,0,0,2,0,9.36%,-9.36%,0,0,0,1381,120,10,TRA,MVM,2B,2B,2B,1
Birdman,393,412,Hero Brine,1942,531,BB,119,T5,0,2,2,0,6.97%,-6.97%,0,0,0,1381,120,10,TRA,MVM,BB,BB,1B,1
Gregory Taint,1712,637,Hero Brine,1942,531,1B,106,T5,0,4,2,0,13.43%,-13.43%,0,0,0,1381,120,10,TRA,MVM,1B,1B,1B,1
Herderber Derperger III,1779,680,Hero Brine,1942,999,PO,319,T5,0,7,2,0,-8.44%,8.44%,0,0,0,1381,120,10,TRA,MVM,PO,PO,K,1
Almondo Albuterol,1790,500,Hero Brine,1942,225,K,275,T5,1,7,2,0,-13.37%,13.37%,0,0,0,1381,120,10,TRA,MVM,K,K,Sac,1
Jay Peg,724,814,Hero Brine,1942,603,FO,211,T5,2,7,2,0,-16.88%,16.88%,0,0,0,1381,120,10,TRA,MVM,FO,FO,FO,1
Orlando Champagne,500,333,Doc Crudelly,1811,435,1B,102,B5,0,0,2,0,1.12%,-1.12%,0,0,0,1382,120,10,MVM,TRA,1B,1B,1B,1
cocl,487,300,Doc Crudelly,1811,719,DP,419,B5,0,1,2,0,-2.61%,2.61%,0,0,0,1382,120,10,MVM,TRA,LGO,LGO,DP,1
Deej Gambino,594,35,Doc Crudelly,1811,541,LGO,494,B5,2,0,2,0,-0.47%,0.47%,0,0,0,1382,120,10,MVM,TRA,LGO,LGO,LGO,1
Scherbie Fully-Loaded,679,666,Hero Brine,1942,487,FO,179,T6,0,0,2,0,-4.18%,4.18%,0,0,0,1383,120,10,TRA,MVM,FO,FO,FO,1
Sunshine Pardue,315,112,Hero Brine,1942,876,FO,236,T6,1,0,2,0,-3.65%,3.65%,0,0,0,1383,120,10,TRA,MVM,FO,FO,FO,1
Graham Grams,400,3,Hero Brine,1942,98,1B,95,T6,2,0,2,0,3.12%,-3.12%,0,0,0,1383,120,10,TRA,MVM,1B,1B,1B,1
Robbie Liapis,1745,69,Hero Brine,1942,674,PO,395,T6,2,1,2,0,-4.73%,4.73%,0,0,0,1383,120,10,TRA,MVM,PO,PO,PO,1
Guido Ligiorno,1830,605,Tabasco Greensauce,1818,16,PO,411,T1,0,0,0,0,-2.52%,2.52%,0,0,0,1384,121,11,WWC,KRB,PO,PO,RGO,1
Henryk Szydlowski,1720,599,Tabasco Greensauce,1818,450,BB,149,T1,1,0,0,0,3.21%,-3.21%,0,0,0,1384,121,11,WWC,KRB,BB,BB,BB,1
Skippy Schumaker,1843,721,Tabasco Greensauce,1818,369,K,352,T1,1,1,0,0,-3.96%,3.96%,0,0,0,1384,121,11,WWC,KRB,K,K,K,1
Ping Pong,530,735,Tabasco Greensauce,1818,24,PO,289,T1,2,1,0,0,-3.51%,3.51%,0,0,0,1384,121,11,WWC,KRB,PO,PO,K,1
Jin Yang,1695,131,Henri Deschenes,2234,14,BB,117,B1,0,0,0,0,3.55%,-3.55%,0,0,0,1385,121,11,KRB,WWC,BB,BB,1B,1
Pierre Bryant,1771,676,Henri Deschenes,2234,205,DP,471,B1,0,1,0,0,-8.55%,8.55%,0,0,0,1385,121,11,KRB,WWC,LGO,LGO,DP,1
Tabasco Greensauce,1818,567,Henri Deschenes,2234,472,1B,95,B1,2,0,0,0,1.50%,-1.50%,0,0,0,1385,121,11,KRB,WWC,1B,1B,1B,1
King Kruul,2229,711,Henri Deschenes,2234,128,PO,417,B1,2,1,0,0,-3.29%,3.29%,0,0,0,1385,121,11,KRB,WWC,PO,PO,RGO,1
Ferret McGivins,1706,69,Tabasco Greensauce,1818,670,PO,399,T2,0,0,0,0,-2.86%,2.86%,0,0,0,1386,121,11,WWC,KRB,PO,PO,PO,1
Francis Swagger,610,532,Tabasco Greensauce,1818,723,FO,191,T2,1,0,0,0,-2.90%,2.90%,0,0,0,1386,121,11,WWC,KRB,FO,FO,FO,1
J.J. Guemes,207,450,Tabasco Greensauce,1818,202,FO,248,T2,2,0,0,0,-1.53%,1.53%,0,0,0,1386,121,11,WWC,KRB,FO,FO,FO,1
Moby Dick,1719,480,Henri Deschenes,2234,672,FO,192,B2,0,0,0,0,-2.75%,2.75%,0,0,0,1387,121,11,KRB,WWC,FO,FO,FO,1
Roy Hobbs,609,111,Henri Deschenes,2234,760,PO,351,B2,1,0,0,0,-2.68%,2.68%,0,0,0,1387,121,11,KRB,WWC,PO,PO,K,1
Thomas Chiggins,16,194,Henri Deschenes,2234,27,FO,167,B2,2,0,0,0,-1.88%,1.88%,0,0,0,1387,121,11,KRB,WWC,FO,FO,BB,1
Paddy O'Connor,549,333,Tabasco Greensauce,1818,789,LGO,456,T3,0,0,0,0,-3.25%,3.25%,0,0,0,1388,121,11,WWC,KRB,LGO,LGO,LGO,1
Henri Deschenes,2234,789,Tabasco Greensauce,1818,388,RGO,401,T3,1,0,0,0,-3.05%,3.05%,0,0,0,1388,121,11,WWC,KRB,RGO,RGO,RGO,1
Guido Ligiorno,1830,888,Tabasco Greensauce,1818,836,2B,52,T3,2,0,0,0,3.97%,-3.97%,0,1,1,1388,121,11,WWC,KRB,2B,2B,2B,1
Henryk Szydlowski,1720,638,Tabasco Greensauce,1818,711,1B,73,T3,2,2,0,0,12.68%,-12.68%,1,0,0,1388,121,11,WWC,KRB,1B,1B,1B,1
Skippy Schumaker,1843,322,Tabasco Greensauce,1818,6,K,316,T3,2,1,0,1,-3.59%,3.59%,0,0,0,1388,121,11,WWC,KRB,K,K,K,1
Brian Zucchini,33,333,Henri Deschenes,2234,816,LGO,483,B3,0,0,0,1,-4.00%,4.00%,0,0,0,1389,121,11,KRB,WWC,LGO,LGO,LGO,1
Arthur Vandelay,518,201,Henri Deschenes,2234,222,HR,21,B3,1,0,0,1,15.80%,-15.80%,1,1,1,1389,121,11,KRB,WWC,HR,HR,HR,1
Jin Yang,1695,444,Henri Deschenes,2234,46,RGO,398,B3,1,0,1,1,-2.80%,2.80%,0,0,0,1389,121,11,KRB,WWC,RGO,RGO,PO,1
Pierre Bryant,1771,,Henri Deschenes,2234,,Auto K,,B3,2,0,1,1,-2.32%,2.32%,0,0,0,1389,121,11,KRB,WWC,Auto K,Auto K,Auto K,9
Ping Pong,530,108,Tabasco Greensauce,1818,525,LGO,417,T4,0,0,1,1,-3.87%,3.87%,0,0,0,1390,121,11,WWC,KRB,LGO,LGO,RGO,1
Ferret McGivins,1706,225,Tabasco Greensauce,1818,808,RGO,417,T4,1,0,1,1,-3.68%,3.68%,0,0,0,1390,121,11,WWC,KRB,RGO,RGO,RGO,1
Francis Swagger,610,880,Tabasco Greensauce,1818,844,HR,36,T4,2,0,1,1,18.58%,-18.58%,1,1,1,1390,121,11,WWC,KRB,HR,HR,2B,1
J.J. Guemes,207,950,Tabasco Greensauce,1818,200,FO,250,T4,2,0,1,2,-1.93%,1.93%,0,0,0,1390,121,11,WWC,KRB,FO,FO,FO,1
Tabasco Greensauce,1818,700,Henri Deschenes,2234,241,RGO,459,B4,0,0,1,2,-4.80%,4.80%,0,0,0,1391,121,11,KRB,WWC,RGO,RGO,LGO,1
King Kruul,2229,290,Ferret McGivins,1706,14,K,276,B4,1,0,1,2,-4.17%,4.17%,0,0,0,1391,121,11,KRB,WWC,K,K,FO,1
Moby Dick,1719,700,Ferret McGivins,1706,169,LGO,469,B4,2,0,1,2,-3.35%,3.35%,0,0,0,1391,121,11,KRB,WWC,LGO,LGO,LGO,1
Paddy O'Connor,549,420,Tabasco Greensauce,1818,903,LGO,483,T5,0,0,1,2,-3.05%,3.05%,0,0,0,1392,121,11,WWC,KRB,LGO,LGO,LGO,1
Henri Deschenes,2234,750,Tabasco Greensauce,1818,377,PO,373,T5,1,0,1,2,-2.51%,2.51%,0,0,0,1392,121,11,WWC,KRB,PO,PO,K,1
Guido Ligiorno,1830,99,Tabasco Greensauce,1818,388,FO,289,T5,2,0,1,2,-1.72%,1.72%,0,0,0,1392,121,11,WWC,KRB,FO,FO,K,1
Roy Hobbs,609,61,Ferret McGivins,1706,507,LGO,446,B5,0,0,1,2,-6.28%,6.28%,0,0,0,1393,121,11,KRB,WWC,LGO,LGO,RGO,1
Thomas Chiggins,16,897,Ferret McGivins,1706,610,K,287,B5,1,0,1,2,-5.99%,5.99%,0,0,0,1393,121,11,KRB,WWC,K,K,K,1
Brian Zucchini,33,106,Ferret McGivins,1706,94,HR,12,B5,2,0,1,2,29.71%,-29.71%,1,1,1,1393,121,11,KRB,WWC,HR,HR,HR,1
Arthur Vandelay,518,111,Ferret McGivins,1706,380,K,269,B5,2,0,2,2,-3.04%,3.04%,0,0,0,1393,121,11,KRB,WWC,K,K,FO,1
Henryk Szydlowski,1720,1000,Tabasco Greensauce,1818,655,K,345,T6,0,0,2,2,-6.10%,6.10%,0,0,0,1394,121,11,WWC,KRB,K,K,K,1
Skippy Schumaker,1843,333,Tabasco Greensauce,1818,438,1B,105,T6,1,0,2,2,6.77%,-6.77%,0,0,0,1394,121,11,WWC,KRB,1B,1B,1B,1
Ping Pong,530,11,Tabasco Greensauce,1818,101,1B,90,T6,1,1,2,2,10.10%,-10.10%,0,0,0,1394,121,11,WWC,KRB,1B,1B,1B,1
Benjamin Abenduct,217,155,Tabasco Greensauce,1818,789,CS,366,T6,1,4,2,2,-14.51%,14.51%,0,0,0,1394,121,11,WWC,KRB,CMS 3B,CMS 3B,CS,6
Ferret McGivins,1706,800,Tabasco Greensauce,1818,155,PO,355,T6,2,2,2,2,-13.06%,13.06%,0,0,0,1394,121,11,WWC,KRB,PO,PO,K,1
Jin Yang,1695,777,Ferret McGivins,1706,59,K,282,B6,0,0,2,2,-6.12%,6.12%,0,0,0,1395,121,11,KRB,WWC,K,K,FO,1
Pierre Bryant,1771,5,Guido Ligiorno,1830,360,K,355,B6,1,0,2,2,-5.87%,5.87%,0,0,0,1395,121,11,KRB,WWC,K,K,K,1
Tabasco Greensauce,1818,245,Guido Ligiorno,1830,580,K,335,B6,2,0,2,2,-4.81%,4.81%,0,0,0,1395,121,11,KRB,WWC,K,K,K,1
Hamish McSmashithard,1793,500,Jackson Sanchez,46,721,FO,221,T1,0,0,0,0,-2.52%,2.52%,0,0,0,1396,122,11,CHI,YUM,FO,FO,FO,1
Nikola Tefla,719,99,Jackson Sanchez,46,574,LGO,475,T1,1,0,0,0,-2.52%,2.52%,0,0,0,1396,122,11,CHI,YUM,LGO,LGO,LGO,1
John-Rhys Ealy,2239,338,Jackson Sanchez,46,89,FO,249,T1,2,0,0,0,-1.74%,1.74%,0,0,0,1396,122,11,CHI,YUM,FO,FO,FO,1
Haywood Jablome,17,827,Blackbean Burrito,516,357,LGO,470,B1,0,0,0,0,-2.73%,2.73%,0,0,0,1397,122,11,YUM,CHI,LGO,LGO,LGO,1
Blandon Brade,50,22,Blackbean Burrito,516,579,LGO,443,B1,1,0,0,0,-2.27%,2.27%,0,0,0,1397,122,11,YUM,CHI,LGO,LGO,RGO,1
Spitz McGregor III,383,117,Blackbean Burrito,516,246,1B,129,B1,2,0,0,0,1.50%,-1.50%,0,0,0,1397,122,11,YUM,CHI,1B,1B,1B,1
C.J. Yantzi,323,266,Blackbean Burrito,516,135,1B,131,B1,2,1,0,0,2.87%,-2.87%,0,0,0,1397,122,11,YUM,CHI,1B,1B,1B,1
Duke McCracken,417,420,Blackbean Burrito,516,714,PO,294,B1,2,5,0,0,-6.16%,6.16%,0,0,0,1397,122,11,YUM,CHI,PO,K,K,1
Revant Avenir,2244,,Jackson Sanchez,46,,Auto K,,T2,0,0,0,0,-2.86%,2.86%,0,0,0,1398,122,11,CHI,YUM,Auto K,Auto K,Auto K,9
Velvet Scarlatina,59,888,Jackson Sanchez,46,92,FO,204,T2,1,0,0,0,-2.90%,2.90%,0,0,0,1398,122,11,CHI,YUM,FO,FO,FO,1
Charles Magnus,220,,Jackson Sanchez,46,,Auto K,,T2,2,0,0,0,-1.53%,1.53%,0,0,0,1398,122,11,CHI,YUM,Auto K,Auto K,Auto K,9
Derek Tombides,580,12,Blackbean Burrito,516,2,HR,10,B2,0,0,0,0,11.99%,-11.99%,1,1,1,1399,122,11,YUM,CHI,HR,HR,HR,1
Paxton Paige,1952,341,Blackbean Burrito,516,108,FO,233,B2,0,0,1,0,-2.16%,2.16%,0,0,0,1399,122,11,YUM,CHI,FO,FO,FO,1
Rick McLightning,55,69,Blackbean Burrito,516,519,LGO,450,B2,1,0,1,0,-2.21%,2.21%,0,0,0,1399,122,11,YUM,CHI,LGO,LGO,RGO,1
Spike McBride,423,69,Blackbean Burrito,516,777,PO,292,B2,2,0,1,0,-1.39%,1.39%,0,0,0,1399,122,11,YUM,CHI,PO,PO,K,1
Bubba McCali,72,509,Jackson Sanchez,46,109,RGO,400,T3,0,0,1,0,-3.61%,3.61%,0,0,0,1400,122,11,CHI,YUM,RGO,RGO,RGO,1
Caleb Athen,325,611,Jackson Sanchez,46,201,RGO,410,T3,1,0,1,0,-3.13%,3.13%,0,0,0,1400,122,11,CHI,YUM,RGO,RGO,RGO,1
Supreme Asslord,363,12,Jackson Sanchez,46,212,FO,200,T3,2,0,1,0,-2.16%,2.16%,0,0,0,1400,122,11,CHI,YUM,FO,BB,FO,1
Haywood Jablome,17,123,Blackbean Burrito,516,951,FO,172,B3,0,0,1,0,-2.34%,2.34%,0,0,0,1401,122,11,YUM,CHI,FO,FO,BB,1
Blandon Brade,50,220,Blackbean Burrito,516,456,K,236,B3,1,0,1,0,-2.24%,2.24%,0,0,0,1401,122,11,YUM,CHI,K,K,FO,1
Spitz McGregor III,383,789,Blackbean Burrito,516,567,K,222,B3,2,0,1,0,-1.44%,1.44%,0,0,0,1401,122,11,YUM,CHI,K,K,FO,1
Hamish McSmashithard,1793,511,Jackson Sanchez,46,47,LGO,464,T4,0,0,1,0,-4.06%,4.06%,0,0,0,1402,122,11,CHI,YUM,LGO,LGO,LGO,1
Nikola Tefla,719,150,Jackson Sanchez,46,115,2B,35,T4,1,0,1,0,7.47%,-7.47%,0,0,0,1402,122,11,CHI,YUM,2B,2B,2B,1
John-Rhys Ealy,2239,789,Jackson Sanchez,46,354,RGO,435,T4,1,2,1,0,-5.70%,5.70%,0,0,0,1402,122,11,CHI,YUM,RGO,RGO,RGO,1
Revant Avenir,2244,425,Jackson Sanchez,46,837,RGO,412,T4,2,3,1,0,-8.17%,8.17%,0,0,0,1402,122,11,CHI,YUM,RGO,RGO,RGO,1
C.J. Yantzi,323,775,Blackbean Burrito,516,406,RGO,369,B4,0,0,1,0,-2.24%,2.24%,0,0,0,1403,122,11,YUM,CHI,RGO,RGO,K,1
Duke McCracken,417,69,Blackbean Burrito,516,256,FO,187,B4,1,0,1,0,-1.93%,1.93%,0,0,0,1403,122,11,YUM,CHI,FO,FO,FO,1
Derek Tombides,580,951,Blackbean Burrito,516,914,2B,37,B4,2,0,1,0,2.72%,-2.72%,0,0,0,1403,122,11,YUM,CHI,2B,2B,2B,1
Paxton Paige,1952,115,Blackbean Burrito,516,754,RGO,361,B4,2,2,1,0,-4.28%,4.28%,0,0,0,1403,122,11,YUM,CHI,RGO,RGO,K,1
Velvet Scarlatina,59,,Jackson Sanchez,46,,Auto K,,T5,0,0,1,0,-5.29%,5.29%,0,0,0,1404,122,11,CHI,YUM,Auto K,Auto K,Auto K,9
Garfield Chubbs,2230,615,Jackson Sanchez,46,534,1B,81,T5,1,0,1,0,6.73%,-6.73%,0,1,1,1404,122,11,CHI,YUM,1B,1B,1B,1
Bubba McCali,72,888,Jackson Sanchez,46,113,K,225,T5,1,1,1,0,-7.71%,7.71%,0,0,0,1404,122,11,CHI,YUM,K,FO,FO,1
Caleb Athen,325,560,Jackson Sanchez,46,601,2B,41,T5,2,1,1,0,24.44%,-24.44%,1,0,0,1404,122,11,CHI,YUM,2B,2B,2B,1
Good Doggo,522,569,Jackson Sanchez,46,814,FO,245,T5,2,2,1,1,-9.40%,9.40%,0,0,0,1404,122,11,CHI,YUM,FO,FO,FO,1
Rick McLightning,55,76,Blackbean Burrito,516,500,LGO,424,B5,0,0,1,1,-4.39%,4.39%,0,0,0,1405,122,11,YUM,CHI,LGO,LGO,RGO,1
Spike McBride,423,754,Blackbean Burrito,516,615,BB,139,B5,1,0,1,1,4.69%,-4.69%,0,0,0,1405,122,11,YUM,CHI,BB,BB,BB,1
Haywood Jablome,17,338,Blackbean Burrito,516,249,1B,89,B5,1,1,1,1,7.25%,-7.25%,0,0,0,1405,122,11,YUM,CHI,1B,1B,1B,1
Blandon Brade,50,409,Blackbean Burrito,516,249,FO,160,B5,1,4,1,1,-8.46%,8.46%,0,0,0,1405,122,11,YUM,CHI,FO,FO,BB,1
Spitz McGregor III,383,406,Blackbean Burrito,516,69,RGO,337,B5,2,4,1,1,-11.29%,11.29%,0,0,0,1405,122,11,YUM,CHI,RGO,RGO,K,1
Hamish McSmashithard,1793,735,Jackson Sanchez,46,337,RGO,398,T6,0,0,1,1,-6.10%,6.10%,0,0,0,1406,122,11,CHI,YUM,RGO,RGO,PO,1
Nikola Tefla,719,123,Jackson Sanchez,46,51,1B,72,T6,1,0,1,1,6.77%,-6.77%,0,0,0,1406,122,11,CHI,YUM,1B,1B,1B,1
Nikola Tefla,719,281,Jackson Sanchez,46,74,SB,207,T6,1,1,1,1,5.63%,-5.63%,0,0,0,1406,122,11,CHI,YUM,Steal 2B,Steal 2B,SB,4
John-Rhys Ealy,2239,632,Jackson Sanchez,46,89,LGO,457,T6,1,2,1,1,-10.04%,10.04%,0,0,0,1406,122,11,CHI,YUM,LGO,LGO,LGO,1
Declan Decanter,1962,111,Jackson Sanchez,46,462,RGO,351,T6,2,2,1,1,-13.06%,13.06%,0,0,0,1406,122,11,CHI,YUM,RGO,RGO,K,1
C.J. Yantzi,323,332,Blackbean Burrito,516,869,LGO,463,B6,0,0,1,1,-6.12%,6.12%,0,0,0,1407,122,11,YUM,CHI,LGO,LGO,LGO,1
Duke McCracken,417,69,Blackbean Burrito,516,698,RGO,371,B6,1,0,1,1,-5.87%,5.87%,0,0,0,1407,122,11,YUM,CHI,RGO,RGO,K,1
Derek Tombides,580,986,Blackbean Burrito,516,810,FO,176,B6,2,0,1,1,-4.81%,4.81%,0,0,0,1407,122,11,YUM,CHI,FO,FO,BB,1
Phil Coulson,226,100,Mattress Cadaire,116,5,1B,95,T1,0,0,0,0,3.67%,-3.67%,0,0,0,1408,123,11,WSH,GBC,1B,1B,1B,1
Charlie Bae Jr.,293,543,Mattress Cadaire,116,314,FO,229,T1,0,1,0,0,-2.98%,2.98%,0,0,0,1408,123,11,WSH,GBC,FO,FO,FO,1
Conor Sexton,289,294,Mattress Cadaire,116,660,K,366,T1,1,1,0,0,-3.96%,3.96%,0,0,0,1408,123,11,WSH,GBC,K,K,K,1
Jeff Dingerhitter,298,900,Mattress Cadaire,116,577,K,323,T1,2,1,0,0,-3.51%,3.51%,0,0,0,1408,123,11,WSH,GBC,K,K,K,1
BEST Nova,191,287,Yahtzee Pinocchio,815,832,RGO,455,B1,0,0,0,0,-2.73%,2.73%,0,0,0,1409,123,11,GBC,WSH,RGO,RGO,LGO,1
Whitt Bass,39,848,Yahtzee Pinocchio,815,37,BB,189,B1,1,0,0,0,3.37%,-3.37%,0,1,1,1409,123,11,GBC,WSH,BB,FO,FO,1
Zack Mouse,1721,287,Yahtzee Pinocchio,815,269,3B,18,B1,1,1,0,0,15.09%,-15.09%,1,1,1,1409,123,11,GBC,WSH,3B,3B,HR,1
Demetrios Ooga,180,269,Yahtzee Pinocchio,815,492,Sac,223,B1,1,3,1,0,0.43%,-0.43%,1,0,0,1409,123,11,GBC,WSH,FO,FO,Sac,1
Bench Warmer,665,12,Yahtzee Pinocchio,815,734,K,278,B1,2,0,2,0,-0.63%,0.63%,0,0,0,1409,123,11,GBC,WSH,K,K,FO,1
Chody McCarty,650,378,Mattress Cadaire,116,100,K,278,T2,0,0,2,0,-2.56%,2.56%,0,0,0,1410,123,11,WSH,GBC,K,K,FO,1
Jack Ryan,2215,314,Mattress Cadaire,116,520,FO,206,T2,1,0,2,0,-2.26%,2.26%,0,0,0,1410,123,11,WSH,GBC,FO,FO,FO,1
Oliver Yu,286,288,Mattress Cadaire,116,220,BB,68,T2,2,0,2,0,1.56%,-1.56%,0,0,0,1410,123,11,WSH,GBC,BB,1B,1B,1
Cagney O’verpaid,1743,500,Mattress Cadaire,116,771,FO,271,T2,2,1,2,0,-3.69%,3.69%,0,0,0,1410,123,11,WSH,GBC,FO,FO,FO,1
Dirtbag Darrell,262,555,Yahtzee Pinocchio,815,486,1B,69,B2,0,0,2,0,1.92%,-1.92%,0,0,1,1411,123,11,GBC,WSH,1B,1B,1B,1
Beeg Yoshi,1718,666,Yahtzee Pinocchio,815,936,K,270,B2,0,1,2,0,-1.54%,1.54%,0,0,0,1411,123,11,GBC,WSH,K,PO,FO,1
Dirtbag Darrell,262,333,Yahtzee Pinocchio,815,551,SB,218,B2,1,1,2,0,1.26%,-1.26%,0,1,0,1411,123,11,GBC,WSH,Steal 2B,Steal 2B,SB,4
Rotticus Scott,562,224,Yahtzee Pinocchio,815,210,3B,14,B2,1,2,2,0,8.59%,-8.59%,1,1,1,1411,123,11,GBC,WSH,3B,3B,HR,1
Mattress Cadaire,116,712,Yahtzee Pinocchio,815,733,2B,21,B2,1,3,3,0,3.08%,-3.08%,1,0,0,1411,123,11,GBC,WSH,2B,3B,HR,1
BEST Nova,191,420,Yahtzee Pinocchio,815,935,LGO,485,B2,1,2,4,0,-2.12%,2.12%,0,0,0,1411,123,11,GBC,WSH,LGO,LGO,LGO,1
Whitt Bass,39,443,KC Bats,287,24,RGO,419,B2,2,2,4,0,-0.99%,0.99%,0,0,0,1411,123,11,GBC,WSH,RGO,RGO,RGO,1
Joe Pidgeon,301,919,Mattress Cadaire,116,822,1B,97,T3,0,0,4,0,3.78%,-3.78%,0,1,1,1412,123,11,WSH,GBC,1B,1B,1B,1
Phil Coulson,226,480,Mattress Cadaire,116,470,HR,10,T3,0,1,4,0,10.95%,-10.95%,2,1,1,1412,123,11,WSH,GBC,HR,HR,HR,1
Charlie Bae Jr.,293,,Mattress Cadaire,116,,Auto K,,T3,0,0,4,2,-3.06%,3.06%,0,0,0,1412,123,11,WSH,GBC,Auto K,Auto K,Auto K,9
Conor Sexton,289,792,Mattress Cadaire,116,615,FO,177,T3,1,0,4,2,-2.82%,2.82%,0,0,0,1412,123,11,WSH,GBC,FO,FO,BB,1
Jeff Dingerhitter,298,313,Mattress Cadaire,116,16,K,297,T3,2,0,4,2,-1.77%,1.77%,0,0,0,1412,123,11,WSH,GBC,K,K,K,1
Zack Mouse,1721,69,KC Bats,287,988,1B,81,B3,0,0,4,2,1.84%,-1.84%,0,0,0,1413,123,11,GBC,WSH,1B,1B,1B,1
Zack Mouse,1721,569,KC Bats,287,989,CS,420,B3,0,1,4,2,-3.22%,3.22%,0,0,0,1413,123,11,GBC,WSH,CS 2B,CS 2B,CS,4
Demetrios Ooga,180,69,KC Bats,287,985,1B,84,B3,1,0,4,2,1.12%,-1.12%,0,0,0,1413,123,11,GBC,WSH,1B,1B,1B,1
Demetrios Ooga,180,200,KC Bats,287,958,SB,242,B3,1,1,4,2,1.57%,-1.57%,0,0,0,1413,123,11,GBC,WSH,Steal 2B,Steal 2B,SB,4
Demetrios Ooga,180,950,KC Bats,287,306,CS,356,B3,1,2,4,2,-4.15%,4.15%,0,0,0,1413,123,11,GBC,WSH,CS 3B,CS 3B,CS,4
Bench Warmer,665,12,KC Bats,287,24,HR,12,B3,2,0,4,2,7.65%,-7.65%,1,1,1,1413,123,11,GBC,WSH,HR,HR,HR,1
Dirtbag Darrell,262,666,KC Bats,287,700,2B,34,B3,2,0,5,2,1.76%,-1.76%,0,1,1,1413,123,11,GBC,WSH,2B,2B,2B,1
Beeg Yoshi,1718,827,KC Bats,287,700,1B,127,B3,2,2,5,2,4.00%,-4.00%,1,0,0,1413,123,11,GBC,WSH,1B,1B,1B,1
Rotticus Scott,562,700,KC Bats,287,555,1B,145,B3,2,1,6,2,1.07%,-1.07%,0,0,0,1413,123,11,GBC,WSH,1B,1B,BB,1
Mattress Cadaire,116,910,KC Bats,287,444,LGO,466,B3,2,5,6,2,-2.01%,2.01%,0,0,0,1413,123,11,GBC,WSH,LGO,LGO,LGO,1
Chody McCarty,650,815,Mattress Cadaire,116,867,2B,52,T4,0,0,6,2,4.39%,-4.39%,0,1,1,1414,123,11,WSH,GBC,2B,3B,2B,1
Jack Ryan,2215,609,Mattress Cadaire,116,5,RGO,396,T4,0,2,6,2,-2.01%,2.01%,0,0,0,1414,123,11,WSH,GBC,RGO,RGO,PO,1
Oliver Yu,286,666,Mattress Cadaire,116,809,Sac,143,T4,1,3,6,2,-1.96%,1.96%,1,0,0,1414,123,11,WSH,GBC,FO,FO,BB,1
Cagney O’verpaid,1743,503,Mattress Cadaire,116,711,FO,208,T4,2,0,6,3,-1.09%,1.09%,0,0,0,1414,123,11,WSH,GBC,FO,FO,FO,1
BEST Nova,191,234,Jack Ryan,2215,219,HR,15,B4,0,0,6,3,3.41%,-3.41%,1,1,1,1415,123,11,GBC,WSH,HR,HR,HR,1
Whitt Bass,39,200,Jack Ryan,2215,888,PO,312,B4,0,0,7,3,-0.37%,0.37%,0,0,0,1415,123,11,GBC,WSH,PO,PO,K,1
Zack Mouse,1721,375,Jack Ryan,2215,199,BB,176,B4,1,0,7,3,0.42%,-0.42%,0,0,0,1415,123,11,GBC,WSH,BB,BB,BB,1
Zack Mouse,1721,375,Jack Ryan,2215,301,SB,74,B4,1,1,7,3,-0.25%,0.25%,0,0,0,1415,123,11,GBC,WSH,Steal 2B,Steal 2B,SB,4
Demetrios Ooga,180,700,Jack Ryan,2215,915,FO,215,B4,1,2,7,3,-0.19%,0.19%,0,0,0,1415,123,11,GBC,WSH,FO,FO,FO,1
Bench Warmer,665,12,Jack Ryan,2215,500,LGO,488,B4,2,2,7,3,-0.49%,0.49%,0,0,0,1415,123,11,GBC,WSH,LGO,LGO,LGO,1
Joe Pidgeon,301,69,Mattress Cadaire,116,637,LGO,432,T5,0,0,7,3,-1.30%,1.30%,0,0,0,1416,123,11,WSH,GBC,LGO,LGO,RGO,1
Phil Coulson,226,250,Mattress Cadaire,116,120,BB,130,T5,1,0,7,3,1.88%,-1.88%,0,0,0,1416,123,11,WSH,GBC,BB,BB,1B,1
Charlie Bae Jr.,293,620,Mattress Cadaire,116,320,K,300,T5,1,1,7,3,-2.31%,2.31%,0,0,0,1416,123,11,WSH,GBC,K,K,K,1
Conor Sexton,289,582,Mattress Cadaire,116,786,FO,204,T5,2,1,7,3,-1.42%,1.42%,0,0,0,1416,123,11,WSH,GBC,FO,FO,FO,1
Dirtbag Darrell,262,333,Jack Ryan,2215,833,LGO,500,B5,0,0,7,3,-0.06%,0.06%,0,0,0,1417,123,11,GBC,WSH,LGO,LGO,LGO,1
Beeg Yoshi,1718,420,Jack Ryan,2215,601,BB,181,B5,1,0,7,3,0.16%,-0.16%,0,0,0,1417,123,11,GBC,WSH,BB,BB,FO,1
Beeg Yoshi,1718,525,Jack Ryan,2215,978,CS,453,B5,1,1,7,3,-0.48%,0.48%,0,0,0,1417,123,11,GBC,WSH,CS 2B,CS 2B,CS,4
Rotticus Scott,562,545,Jack Ryan,2215,453,1B,92,B5,2,0,7,3,0.01%,-0.01%,0,0,0,1417,123,11,GBC,WSH,1B,1B,1B,1
Mattress Cadaire,116,580,Jack Ryan,2215,211,PO,369,B5,2,1,7,3,-0.19%,0.19%,0,0,0,1417,123,11,GBC,WSH,PO,PO,K,1
Jeff Dingerhitter,298,738,Mattress Cadaire,116,541,FO,197,T6,0,0,7,3,-1.31%,1.31%,0,0,0,1418,123,11,WSH,GBC,FO,FO,FO,1
Chody McCarty,650,4,Mattress Cadaire,116,818,FO,186,T6,1,0,7,3,-0.57%,0.57%,0,0,0,1418,123,11,WSH,GBC,FO,FO,FO,1
Jack Ryan,2215,912,Mattress Cadaire,116,560,K,352,T6,2,0,7,3,-0.25%,0.25%,0,0,0,1418,123,11,WSH,GBC,K,K,K,1
Dr. Tuna Altuna,533,917,Ray Dingerz,510,860,2B,57,T1,0,0,0,0,6.78%,-6.78%,0,1,1,1419,124,11,RKT,SPR,2B,2B,2B,1
Jrue Pierce,759,682,Ray Dingerz,510,714,3B,32,T1,0,2,0,0,12.55%,-12.55%,1,0,0,1419,124,11,RKT,SPR,3B,3B,2B,1
Tonto Kowalski,188,1,Ray Dingerz,510,390,PO,389,T1,0,3,0,1,-2.45%,2.45%,0,0,0,1419,124,11,RKT,SPR,PO,PO,PO,1
Nick Dudley,689,,Ray Dingerz,510,,Auto K,,T1,1,3,0,1,-8.26%,8.26%,0,0,0,1419,124,11,RKT,SPR,Auto K,Auto K,Auto K,9
Penny Lane,716,555,Ray Dingerz,510,999,LGO,444,T1,2,3,0,1,-4.15%,4.15%,0,0,0,1419,124,11,RKT,SPR,LGO,LGO,RGO,1
Skye McDowell,264,,Jrue Pierce,759,,Auto K,,B1,0,0,0,1,-3.15%,3.15%,0,0,0,1420,124,11,SPR,RKT,Auto K,Auto K,Auto K,9
Dirk Leschnewski,1781,12,Jrue Pierce,759,260,FO,248,B1,1,0,0,1,-2.67%,2.67%,0,0,0,1420,124,11,SPR,RKT,FO,FO,FO,1
Oliver Skipp,260,319,Jrue Pierce,759,119,FO,200,B1,2,0,0,1,-1.59%,1.59%,0,0,0,1420,124,11,SPR,RKT,FO,FO,FO,1
Austin Schwartz,49,103,Ray Dingerz,510,155,2B,52,T2,0,0,0,1,6.37%,-6.37%,0,1,1,1421,124,11,RKT,SPR,2B,2B,2B,1
Jake Wexler,399,323,Ray Dingerz,510,756,RGO,433,T2,0,2,0,1,-0.24%,0.24%,0,0,0,1421,124,11,RKT,SPR,RGO,RGO,RGO,1
Mongster Mash,344,1,Ray Dingerz,510,256,Sac,255,T2,1,3,0,1,0.44%,-0.44%,1,0,0,1421,124,11,RKT,SPR,FO,FO,Sac,1
Einhorn,74,500,Ray Dingerz,510,756,FO,256,T2,2,0,0,2,-1.43%,1.43%,0,0,0,1421,124,11,RKT,SPR,FO,K,FO,1
Saitoo Syde,814,521,Jrue Pierce,759,343,FO,178,B2,0,0,0,2,-3.08%,3.08%,0,0,0,1422,124,11,SPR,RKT,FO,FO,FO,1
Tommy Tightpants,1778,2,Jrue Pierce,759,426,RGO,424,B2,1,0,0,2,-2.95%,2.95%,0,0,0,1422,124,11,SPR,RKT,RGO,RGO,RGO,1
Don Chalupa,481,714,Jrue Pierce,759,808,1B,94,B2,2,0,0,2,2.30%,-2.30%,0,0,0,1422,124,11,SPR,RKT,1B,1B,1B,1
Tanner Hendrix,375,,Jrue Pierce,759,,Auto K,,B2,2,1,0,2,-3.82%,3.82%,0,0,0,1422,124,11,SPR,RKT,Auto K,Auto K,Auto K,9
Dr. Tuna Altuna,533,258,Ray Dingerz,510,555,K,297,T3,0,0,0,2,-1.80%,1.80%,0,0,0,1423,124,11,RKT,SPR,K,K,K,1
Jrue Pierce,759,752,Ray Dingerz,510,69,PO,317,T3,1,0,0,2,-1.92%,1.92%,0,0,0,1423,124,11,RKT,SPR,PO,PO,K,1
Tonto Kowalski,188,666,Ray Dingerz,510,752,1B,86,T3,2,0,0,2,1.80%,-1.80%,0,0,0,1423,124,11,RKT,SPR,1B,1B,1B,1
Joe Nastasi,614,841,Ray Dingerz,510,69,FO,228,T3,2,1,0,2,-3.17%,3.17%,0,0,0,1423,124,11,RKT,SPR,FO,FO,FO,1
Che Or,1759,244,Jrue Pierce,759,499,FO,255,B3,0,0,0,2,-3.78%,3.78%,0,0,0,1424,124,11,SPR,RKT,FO,FO,FO,1
Layzer Gunn,259,69,Jrue Pierce,759,812,FO,257,B3,1,0,0,2,-2.85%,2.85%,0,0,0,1424,124,11,SPR,RKT,FO,FO,FO,1
Ray Dingerz,510,420,Jrue Pierce,759,47,PO,373,B3,2,0,0,2,-2.26%,2.26%,0,0,0,1424,124,11,SPR,RKT,PO,RGO,K,1
Penny Lane,716,666,Ray Dingerz,510,669,HR,3,T4,0,0,0,2,8.45%,-8.45%,1,1,1,1425,124,11,RKT,SPR,HR,HR,HR,1
Austin Schwartz,49,720,Ray Dingerz,510,914,FO,194,T4,0,0,0,3,-1.34%,1.34%,0,0,0,1425,124,11,RKT,SPR,FO,FO,FO,1
Jake Wexler,399,201,Ray Dingerz,510,970,FO,231,T4,1,0,0,3,-1.21%,1.21%,0,0,0,1425,124,11,RKT,SPR,FO,FO,FO,1
Mongster Mash,344,200,Ray Dingerz,510,577,RGO,377,T4,2,0,0,3,-0.89%,0.89%,0,0,0,1425,124,11,RKT,SPR,RGO,RGO,K,1
Dirk Leschnewski,1781,619,Jrue Pierce,759,900,K,281,B4,0,0,0,3,-3.22%,3.22%,0,0,0,1426,124,11,SPR,RKT,K,K,FO,1
Oliver Skipp,260,221,Jrue Pierce,759,870,K,351,B4,1,0,0,3,-2.60%,2.60%,0,0,0,1426,124,11,SPR,RKT,K,PO,K,1
Saitoo Syde,814,822,Jrue Pierce,759,227,K,405,B4,2,0,0,3,-1.66%,1.66%,0,0,0,1426,124,11,SPR,RKT,K,PO,RGO,1
Einhorn,74,227,Ray Dingerz,510,577,PO,350,T5,0,0,0,3,-0.82%,0.82%,0,0,0,1427,124,11,RKT,SPR,PO,PO,K,1
Dr. Tuna Altuna,533,678,Ray Dingerz,510,420,FO,258,T5,1,0,0,3,-0.96%,0.96%,0,0,0,1427,124,11,RKT,SPR,FO,FO,FO,1
Jrue Pierce,759,930,Ray Dingerz,510,800,FO,130,T5,2,0,0,3,-0.98%,0.98%,0,0,0,1427,124,11,RKT,SPR,FO,FO,1B,1
Tommy Tightpants,1778,532,Jrue Pierce,759,36,LGO,496,B5,0,0,0,3,-3.50%,3.50%,0,0,0,1428,124,11,SPR,RKT,LGO,LGO,LGO,1
Don Chalupa,481,744,Jrue Pierce,759,6,FO,262,B5,1,0,0,3,-2.60%,2.60%,0,0,0,1428,124,11,SPR,RKT,FO,FO,FO,1
Tanner Hendrix,375,552,Jrue Pierce,759,377,BB,175,B5,2,0,0,3,1.81%,-1.81%,0,1,1,1428,124,11,SPR,RKT,BB,BB,BB,1
Che Or,1759,327,Jrue Pierce,759,377,2B,50,B5,2,1,0,3,8.53%,-8.53%,1,1,1,1428,124,11,SPR,RKT,2B,2B,2B,1
Layzer Gunn,259,1,Jrue Pierce,759,109,1B,108,B5,2,2,1,3,12.17%,-12.17%,1,0,0,1428,124,11,SPR,RKT,1B,1B,1B,1
Ray Dingerz,510,,Jrue Pierce,759,,Auto BB,,B5,2,1,2,3,6.15%,-6.15%,0,0,0,1428,124,11,SPR,RKT,Auto BB,Auto BB,Auto BB,10
Dirk Leschnewski,1781,902,Jrue Pierce,759,671,FO,231,B5,2,4,2,3,-15.16%,15.16%,0,0,0,1428,124,11,SPR,RKT,FO,FO,FO,1
Tonto Kowalski,188,220,Tommy Tightpants,1778,284,1B,64,T6,0,0,2,3,2.70%,-2.70%,0,0,0,1429,124,11,RKT,SPR,1B,1B,2B,1
Joe Nastasi,614,1000,Tommy Tightpants,1778,284,K,284,T6,0,1,2,3,-2.51%,2.51%,0,0,0,1429,124,11,RKT,SPR,K,K,FO,1
Penny Lane,716,284,Tommy Tightpants,1778,1,K,283,T6,1,1,2,3,-2.97%,2.97%,0,0,0,1429,124,11,RKT,SPR,K,K,FO,1
Austin Schwartz,49,222,Tommy Tightpants,1778,716,LGO,494,T6,2,1,2,3,-3.09%,3.09%,0,0,0,1429,124,11,RKT,SPR,LGO,LGO,LGO,1
Oliver Skipp,260,3,Penny Lane,716,246,FO,243,B6,0,0,2,3,-9.46%,9.46%,0,0,0,1430,124,11,SPR,RKT,FO,FO,FO,1
Saitoo Syde,814,843,Penny Lane,716,409,RGO,434,B6,1,0,2,3,-9.16%,9.16%,0,0,0,1430,124,11,SPR,RKT,RGO,RGO,RGO,1
Tommy Tightpants,1778,69,Penny Lane,716,333,FO,264,B6,2,0,2,3,-6.62%,6.62%,0,0,0,1430,124,11,SPR,RKT,FO,FO,FO,1
Ethan Franklin,128,1,Sammy Tee,731,777,FO,224,T1,0,0,0,0,-2.52%,2.52%,0,0,0,1431,125,11,TSA,GTY,FO,FO,FO,1
Carlos,132,22,Sammy Tee,731,224,FO,202,T1,1,0,0,0,-2.52%,2.52%,0,0,0,1431,125,11,TSA,GTY,FO,FO,FO,1
Wonder Francoh,2242,282,Sammy Tee,731,808,LGO,474,T1,2,0,0,0,-1.74%,1.74%,0,0,0,1431,125,11,TSA,GTY,LGO,LGO,LGO,1
Petetholomew Preller,216,511,Lord Azula,425,899,LGO,388,B1,0,0,0,0,-2.73%,2.73%,0,0,0,1432,125,11,GTY,TSA,LGO,LGO,PO,1
Sammy Tee,731,808,Lord Azula,425,288,LGO,480,B1,1,0,0,0,-2.27%,2.27%,0,0,0,1432,125,11,GTY,TSA,LGO,LGO,LGO,1
Brian Taylor,1838,880,Lord Azula,425,808,1B,72,B1,2,0,0,0,1.50%,-1.50%,0,1,1,1432,125,11,GTY,TSA,1B,1B,1B,1
Babraham Thincoln,1817,420,Lord Azula,425,340,1B,80,B1,2,1,0,0,2.87%,-2.87%,0,0,0,1432,125,11,GTY,TSA,1B,1B,1B,1
Revan Skywalker,479,420,Lord Azula,425,500,1B,80,B1,2,5,0,0,10.77%,-10.77%,1,0,0,1432,125,11,GTY,TSA,1B,1B,1B,1
Magnus Dongfest,579,741,Lord Azula,425,269,LGO,472,B1,2,5,1,0,-5.16%,5.16%,0,0,0,1432,125,11,GTY,TSA,LGO,LGO,LGO,1
Batter Buckland,137,70,Sammy Tee,731,8,1B,62,T2,0,0,1,0,4.45%,-4.45%,0,1,1,1433,125,11,TSA,GTY,1B,1B,2B,1
Nicholas Fouss,1776,880,Sammy Tee,731,108,FO,228,T2,0,1,1,0,-3.61%,3.61%,0,0,0,1433,125,11,TSA,GTY,FO,FO,FO,1
Petra Sabor,149,777,Sammy Tee,731,8,FO,231,T2,1,1,1,0,-4.64%,4.64%,0,0,0,1433,125,11,TSA,GTY,FO,FO,FO,1
Lloyd Gross,135,169,Sammy Tee,731,108,2B,61,T2,2,1,1,0,13.63%,-13.63%,1,0,0,1433,125,11,TSA,GTY,2B,2B,2B,1
Rob Patterson,140,69,Sammy Tee,731,908,BB,161,T2,2,2,1,1,1.76%,-1.76%,0,0,0,1433,125,11,TSA,GTY,BB,BB,BB,1
Dogwood Maple,2220,441,Sammy Tee,731,720,K,279,T2,2,4,1,1,-7.11%,7.11%,0,0,0,1433,125,11,TSA,GTY,K,K,FO,1
Jonny Mac,1698,700,Lord Azula,425,650,2B,50,B2,0,0,1,1,6.92%,-6.92%,0,1,1,1434,125,11,GTY,TSA,2B,2B,2B,1
Maddie Williams,2213,666,Lord Azula,425,740,2B,74,B2,0,2,1,1,11.00%,-11.00%,1,1,1,1434,125,11,GTY,TSA,2B,2B,1B,1
Sarah Curvingsworth,1705,327,Lord Azula,425,1,RGO,326,B2,0,2,2,1,-1.15%,1.15%,0,0,0,1434,125,11,GTY,TSA,RGO,RGO,K,1
Petetholomew Preller,216,347,Lord Azula,425,550,Sac,203,B2,1,3,2,1,1.57%,-1.57%,1,0,0,1434,125,11,GTY,TSA,FO,FO,Sac,1
Sammy Tee,731,123,Lord Azula,425,650,LGO,473,B2,2,0,3,1,-0.89%,0.89%,0,0,0,1434,125,11,GTY,TSA,LGO,LGO,LGO,1
Ethan Franklin,128,272,Sammy Tee,731,666,RGO,394,T3,0,0,3,1,-3.06%,3.06%,0,0,0,1435,125,11,TSA,GTY,RGO,RGO,PO,1
Carlos,132,408,Sammy Tee,731,272,BB,136,T3,1,0,3,1,4.10%,-4.10%,0,0,0,1435,125,11,TSA,GTY,BB,BB,1B,1
Wonder Francoh,2242,287,Sammy Tee,731,650,PO,363,T3,1,1,3,1,-4.81%,4.81%,0,0,0,1435,125,11,TSA,GTY,PO,PO,K,1
Batter Buckland,137,915,Sammy Tee,731,2,1B,87,T3,2,1,3,1,3.69%,-3.69%,0,0,0,1435,125,11,TSA,GTY,1B,1B,1B,1
Nicholas Fouss,1776,822,Sammy Tee,731,311,LGO,489,T3,2,5,3,1,-7.57%,7.57%,0,0,0,1435,125,11,TSA,GTY,LGO,LGO,LGO,1
Brian Taylor,1838,420,Lord Azula,425,500,1B,80,B3,0,0,3,1,1.84%,-1.84%,0,0,1,1436,125,11,GTY,TSA,1B,1B,1B,1
Brian Taylor,1838,630,Lord Azula,425,750,SB,120,B3,0,1,3,1,2.56%,-2.56%,0,1,0,1436,125,11,GTY,TSA,Steal 2B,Steal 2B,SB,4
Babraham Thincoln,1817,,Lord Azula,425,,Auto K,,B3,0,2,3,1,-3.09%,3.09%,0,0,0,1436,125,11,GTY,TSA,Auto K,Auto K,Auto K,9
Revan Skywalker,479,400,Lord Azula,425,603,FO,203,B3,1,2,3,1,-2.80%,2.80%,0,0,0,1436,125,11,GTY,TSA,FO,FO,FO,1
Magnus Dongfest,579,151,Lord Azula,425,50,1B,101,B3,2,2,3,1,6.96%,-6.96%,1,0,0,1436,125,11,GTY,TSA,1B,1B,1B,1
Jonny Mac,1698,950,Lord Azula,425,806,BB,144,B3,2,1,4,1,0.44%,-0.44%,0,0,0,1436,125,11,GTY,TSA,BB,BB,BB,1
Kegs Mabry,223,200,Lord Azula,425,430,K,230,B3,2,4,4,1,-1.72%,1.72%,0,0,0,1436,125,11,GTY,TSA,K,K,FO,1
Petra Sabor,149,777,Sammy Tee,731,8,FO,231,T4,0,0,4,1,-2.47%,2.47%,0,0,0,1437,125,11,TSA,GTY,FO,FO,FO,1
Lloyd Gross,135,108,Sammy Tee,731,777,PO,331,T4,1,0,4,1,-2.55%,2.55%,0,0,0,1437,125,11,TSA,GTY,PO,PO,K,1
Rob Patterson,140,102,Sammy Tee,731,331,FO,229,T4,2,0,4,1,-1.09%,1.09%,0,0,0,1437,125,11,TSA,GTY,FO,FO,FO,1
Sarah Curvingsworth,1705,269,Lord Azula,425,325,2B,56,B4,0,0,4,1,2.43%,-2.43%,0,0,0,1438,125,11,GTY,TSA,2B,2B,2B,1
Petetholomew Preller,216,420,Lord Azula,425,999,LGO,421,B4,0,2,4,1,-2.05%,2.05%,0,0,0,1438,125,11,GTY,TSA,LGO,LGO,RGO,1
Sammy Tee,731,777,Lord Azula,425,200,LGO,423,B4,1,2,4,1,-0.69%,0.69%,0,0,0,1438,125,11,GTY,TSA,LGO,LGO,RGO,1
Brian Taylor,1838,21,Lord Azula,425,870,BB,151,B4,2,2,4,1,0.41%,-0.41%,0,0,0,1438,125,11,GTY,TSA,BB,BB,BB,1
Babraham Thincoln,1817,598,Lord Azula,425,450,FO,148,B4,2,4,4,1,-1.84%,1.84%,0,0,0,1438,125,11,GTY,TSA,FO,FO,BB,1
Dogwood Maple,2220,500,Sammy Tee,731,69,RGO,431,T5,0,0,4,1,-2.48%,2.48%,0,0,0,1439,125,11,TSA,GTY,RGO,RGO,RGO,1
Ethan Franklin,128,283,Sammy Tee,731,69,FO,214,T5,1,0,4,1,-2.05%,2.05%,0,0,0,1439,125,11,TSA,GTY,FO,FO,FO,1
Carlos,132,511,Sammy Tee,731,69,RGO,442,T5,2,0,4,1,-1.02%,1.02%,0,0,0,1439,125,11,TSA,GTY,RGO,RGO,RGO,1
Revan Skywalker,479,350,Lord Azula,425,122,FO,228,B5,0,0,4,1,-0.37%,0.37%,0,0,0,1440,125,11,GTY,TSA,FO,FO,FO,1
Magnus Dongfest,579,213,Lord Azula,425,891,RGO,322,B5,1,0,4,1,-0.27%,0.27%,0,0,0,1440,125,11,GTY,TSA,RGO,RGO,K,1
Jonny Mac,1698,693,Lord Azula,425,320,RGO,373,B5,2,0,4,1,-0.47%,0.47%,0,0,0,1440,125,11,GTY,TSA,RGO,RGO,K,1
Wonder Francoh,2242,954,Sammy Tee,731,69,BB,115,T6,0,0,4,1,4.39%,-4.39%,0,0,0,1441,125,11,TSA,GTY,BB,BB,1B,1
Batter Buckland,137,70,Sammy Tee,731,690,PO,380,T6,0,1,4,1,-3.39%,3.39%,0,0,0,1441,125,11,TSA,GTY,PO,PO,PO,1
Nicholas Fouss,1776,69,Sammy Tee,731,380,K,311,T6,1,1,4,1,-3.70%,3.70%,0,0,0,1441,125,11,TSA,GTY,K,K,K,1
Petra Sabor,149,777,Sammy Tee,731,420,K,357,T6,2,1,4,1,-1.85%,1.85%,0,0,0,1441,125,11,TSA,GTY,K,K,K,1
Vinny Vega,723,234,Bob Dobby,1736,254,2B,20,T1,0,0,0,0,6.78%,-6.78%,0,0,0,1442,126,11,PPP,ISO,2B,2B,HR,1
Eric Leeder,29,801,Bob Dobby,1736,993,FO,192,T1,0,2,0,0,-4.82%,4.82%,0,0,0,1442,126,11,PPP,ISO,FO,FO,FO,1
Nelson Van Halen,649,505,Bob Dobby,1736,254,K,251,T1,1,2,0,0,-4.16%,4.16%,0,0,0,1442,126,11,PPP,ISO,K,K,FO,1
Juni Panda,488,993,Bob Dobby,1736,493,LGO,500,T1,2,2,0,0,-4.58%,4.58%,0,0,0,1442,126,11,PPP,ISO,LGO,LGO,LGO,1
Leroy Hawk,1738,339,Nipsey Slip,529,459,1B,120,B1,0,0,0,0,3.55%,-3.55%,0,1,1,1443,126,11,ISO,PPP,1B,BB,1B,1
Dirk Digglet,2206,69,Nipsey Slip,529,933,BB,136,B1,0,1,0,0,6.60%,-6.60%,0,0,0,1443,126,11,ISO,PPP,BB,BB,1B,1
Speedy Claxton,1756,200,Nipsey Slip,529,156,2B,44,B1,0,4,0,0,14.51%,-14.51%,1,0,0,1443,126,11,ISO,PPP,2B,2B,2B,1
Bob Dobby,1736,523,Nipsey Slip,529,854,PO,331,B1,0,6,1,0,-5.31%,5.31%,0,0,0,1443,126,11,ISO,PPP,PO,RGO,K,1
Sweet Bobby Dangles Jr,1748,1,Nipsey Slip,529,523,LGO,478,B1,1,6,1,0,-6.28%,6.28%,0,0,0,1443,126,11,ISO,PPP,LGO,LGO,LGO,2
Ronnie Wristclocks,2246,222,Nipsey Slip,529,478,FO,256,B1,2,6,1,0,-8.09%,8.09%,0,0,0,1443,126,11,ISO,PPP,FO,FO,FO,1
Kris Pcock,1957,101,Bob Dobby,1736,722,PO,379,T2,0,0,1,0,-2.54%,2.54%,0,0,0,1444,126,11,PPP,ISO,PO,PO,PO,1
Larry Longshot,32,140,Bob Dobby,1736,592,RGO,452,T2,1,0,1,0,-3.53%,3.53%,0,0,0,1444,126,11,PPP,ISO,RGO,RGO,LGO,1
Harry McPotterson,1703,1,Bob Dobby,1736,311,K,310,T2,2,0,1,0,-1.44%,1.44%,0,0,0,1444,126,11,PPP,ISO,K,PO,K,1
Bingo Hammersmith,639,891,Nipsey Slip,529,911,3B,20,B2,0,0,1,0,9.58%,-9.58%,0,0,0,1445,126,11,ISO,PPP,3B,3B,HR,1
Chuck Tingle,355,69,Nipsey Slip,529,432,RGO,363,B2,0,3,1,0,-4.80%,4.80%,0,0,0,1445,126,11,ISO,PPP,RGO,RGO,K,2
Stubby Footman,539,271,Nipsey Slip,529,880,RGO,391,B2,1,3,1,0,-6.85%,6.85%,0,0,0,1445,126,11,ISO,PPP,RGO,RGO,PO,2
Leroy Hawk,1738,1,Nipsey Slip,529,321,RGO,320,B2,2,3,1,0,-3.69%,3.69%,0,0,0,1445,126,11,ISO,PPP,RGO,RGO,K,1
Jack Marnette,213,91,Bob Dobby,1736,848,K,243,T3,0,0,1,0,-3.61%,3.61%,0,0,0,1446,126,11,PPP,ISO,K,K,FO,1
Nipsey Slip,529,523,Bob Dobby,1736,777,FO,254,T3,1,0,1,0,-3.13%,3.13%,0,0,0,1446,126,11,PPP,ISO,FO,K,FO,1
Vinny Vega,723,333,Bob Dobby,1736,91,K,242,T3,2,0,1,0,-2.16%,2.16%,0,0,0,1446,126,11,PPP,ISO,K,PO,FO,1
Dirk Digglet,2206,1,Nipsey Slip,529,112,1B,111,B3,0,0,1,0,2.81%,-2.81%,0,1,0,1447,126,11,ISO,PPP,1B,1B,1B,1
Dirk Digglet,2206,69,Nipsey Slip,529,2,SB,67,B3,0,1,1,0,3.08%,-3.08%,0,0,0,1447,126,11,ISO,PPP,Steal 2B,Steal 2B,SB,4
Speedy Claxton,1756,601,Nipsey Slip,529,509,2B,92,B3,0,2,1,0,8.48%,-8.48%,1,1,1,1447,126,11,ISO,PPP,2B,1B,1B,1
Bob Dobby,1736,888,Nipsey Slip,529,79,BB,191,B3,0,2,2,0,1.30%,-1.30%,0,1,1,1447,126,11,ISO,PPP,BB,BB,FO,1
Sweet Bobby Dangles Jr,1748,1,Larry Longshot,32,1,HR,0,B3,0,4,2,0,8.02%,-8.02%,3,1,1,1447,126,11,ISO,PPP,HR,HR,HR,1
Ronnie Wristclocks,2246,404,Larry Longshot,32,222,FO,182,B3,0,0,5,0,0.09%,-0.09%,0,0,0,1447,126,11,ISO,PPP,FO,FO,FO,1
Bingo Hammersmith,639,723,Larry Longshot,32,880,BB,157,B3,1,0,5,0,0.02%,-0.02%,0,0,0,1447,126,11,ISO,PPP,BB,BB,BB,1
Chuck Tingle,355,4,Larry Longshot,32,111,1B,107,B3,1,1,5,0,1.00%,-1.00%,0,0,0,1447,126,11,ISO,PPP,1B,1B,1B,1
Stubby Footman,539,761,Larry Longshot,32,347,DP,414,B3,1,4,5,0,-1.93%,1.93%,0,0,0,1447,126,11,ISO,PPP,RGO,RGO,DP,1
Eric Leeder,29,678,Bob Dobby,1736,330,PO,348,T4,0,0,5,0,-1.25%,1.25%,0,0,0,1448,126,11,PPP,ISO,PO,PO,K,1
Nelson Van Halen,649,78,Bob Dobby,1736,1000,1B,78,T4,1,0,5,0,1.40%,-1.40%,0,1,1,1448,126,11,PPP,ISO,1B,1B,1B,1
Juni Panda,488,512,Bob Dobby,1736,395,1B,117,T4,1,1,5,0,1.88%,-1.88%,0,1,1,1448,126,11,PPP,ISO,1B,1B,1B,1
Snoop E. Dogg,22,822,Bob Dobby,1736,688,BB,134,T4,1,4,5,0,4.90%,-4.90%,0,1,1,1448,126,11,PPP,ISO,BB,BB,1B,1
Larry Longshot,32,203,Bob Dobby,1736,222,HR,19,T4,1,7,5,0,17.90%,-17.90%,4,1,1,1448,126,11,PPP,ISO,HR,HR,HR,1
Harry McPotterson,1703,854,Bob Dobby,1736,222,PO,368,T4,1,0,5,4,-3.83%,3.83%,0,0,0,1448,126,11,PPP,ISO,PO,PO,K,1
Jack Marnette,213,143,Bob Dobby,1736,854,PO,289,T4,2,0,5,4,-2.57%,2.57%,0,0,0,1448,126,11,PPP,ISO,PO,PO,K,1
Leroy Hawk,1738,705,Larry Longshot,32,250,LGO,455,B4,0,0,5,4,-2.24%,2.24%,0,0,0,1449,126,11,ISO,PPP,LGO,LGO,LGO,1
Dirk Digglet,2206,69,Larry Longshot,32,911,BB,158,B4,1,0,5,4,2.38%,-2.38%,0,0,0,1449,126,11,ISO,PPP,BB,BB,BB,1
Speedy Claxton,1756,110,Larry Longshot,32,768,K,342,B4,1,1,5,4,-2.47%,2.47%,0,0,0,1449,126,11,ISO,PPP,K,PO,K,1
Bob Dobby,1736,555,Larry Longshot,32,110,RGO,445,B4,2,1,5,4,-3.40%,3.40%,0,0,0,1449,126,11,ISO,PPP,RGO,RGO,RGO,1
Nipsey Slip,529,888,Bob Dobby,1736,337,RGO,449,T5,0,0,5,4,-5.29%,5.29%,0,0,0,1450,126,11,PPP,ISO,RGO,RGO,RGO,1
Vinny Vega,723,659,Bob Dobby,1736,449,FO,210,T5,1,0,5,4,-5.21%,5.21%,0,0,0,1450,126,11,PPP,ISO,FO,K,FO,1
Eric Leeder,29,104,Bob Dobby,1736,933,BB,171,T5,2,0,5,4,4.23%,-4.23%,0,0,0,1450,126,11,PPP,ISO,BB,FO,BB,1
Nelson Van Halen,649,777,Bob Dobby,1736,933,FO,156,T5,2,1,5,4,-7.62%,7.62%,0,0,0,1450,126,11,PPP,ISO,FO,FO,BB,1
Sweet Bobby Dangles Jr,1748,1,Larry Longshot,32,600,PO,401,B5,0,0,5,4,-1.87%,1.87%,0,0,0,1451,126,11,ISO,PPP,PO,RGO,RGO,1
Ronnie Wristclocks,2246,999,Larry Longshot,32,601,PO,398,B5,1,0,5,4,-1.61%,1.61%,0,0,0,1451,126,11,ISO,PPP,PO,PO,PO,1
Bingo Hammersmith,639,227,Larry Longshot,32,501,FO,274,B5,2,0,5,4,-1.16%,1.16%,0,0,0,1451,126,11,ISO,PPP,FO,FO,FO,1
Juni Panda,488,1,Dirk Digglet,2206,103,1B,102,T6,0,0,5,4,10.13%,-10.13%,0,0,0,1452,126,11,PPP,ISO,1B,1B,1B,1
Snoop E. Dogg,22,1,Dirk Digglet,2206,795,FO,206,T6,0,1,5,4,-8.02%,8.02%,0,0,0,1452,126,11,PPP,ISO,FO,FO,FO,1
Larry Longshot,32,706,Dirk Digglet,2206,421,K,285,T6,1,1,5,4,-11.04%,11.04%,0,0,0,1452,126,11,PPP,ISO,K,K,K,1
Harry McPotterson,1703,402,Dirk Digglet,2206,901,LGO,499,T6,2,1,5,4,-10.63%,10.63%,0,0,0,1452,126,11,PPP,ISO,LGO,LGO,LGO,1
KlentakPay TheFuckingTax,1700,388,Doc Crudelly,1811,207,BB,181,T1,0,0,0,0,3.67%,-3.67%,0,1,1,1453,127,11,NUL,TRA,BB,FO,FO,1
Monica M. Clinton,1774,777,Doc Crudelly,1811,932,BB,155,T1,0,1,0,0,7.14%,-7.14%,0,0,0,1453,127,11,NUL,TRA,BB,BB,BB,1
Joey McCarty,390,420,Doc Crudelly,1811,787,DP,367,T1,0,4,0,0,-12.89%,12.89%,0,0,0,1453,127,11,NUL,TRA,LGO,LGO,K,1
Haydn Werfer,392,949,Doc Crudelly,1811,51,2B,102,T1,2,3,0,0,11.06%,-11.06%,1,1,1,1453,127,11,NUL,TRA,2B,1B,1B,1
Iris Solstice,401,627,Doc Crudelly,1811,607,HR,20,T1,2,2,0,1,16.36%,-16.36%,2,1,1,1453,127,11,NUL,TRA,HR,HR,HR,1
Emerson Austin,703,8,Doc Crudelly,1811,69,2B,61,T1,2,0,0,3,2.02%,-2.02%,0,0,0,1453,127,11,NUL,TRA,2B,2B,2B,1
Joey-Claire Hiveswap,291,413,Doc Crudelly,1811,20,RGO,393,T1,2,2,0,3,-3.09%,3.09%,0,0,0,1453,127,11,NUL,TRA,RGO,RGO,PO,1
Jay Peg,724,150,Emerson Austin,703,888,FO,262,B1,0,0,0,3,-2.64%,2.64%,0,0,0,1454,127,11,TRA,NUL,FO,FO,FO,1
Robbie Liapis,1745,414,Emerson Austin,703,499,1B,85,B1,1,0,0,3,4.21%,-4.21%,0,1,1,1454,127,11,TRA,NUL,1B,1B,1B,1
Captain Harry C Legs,480,247,Emerson Austin,703,200,2B,47,B1,1,1,0,3,9.30%,-9.30%,0,0,0,1454,127,11,TRA,NUL,2B,2B,2B,1
Sunshine Pardue,315,778,Emerson Austin,703,873,1B,95,B1,1,6,0,3,7.40%,-7.40%,1,0,0,1454,127,11,TRA,NUL,1B,1B,1B,1
Jimmy Johns,303,590,Emerson Austin,703,399,BB,191,B1,1,5,1,3,6.14%,-6.14%,0,0,0,1454,127,11,TRA,NUL,BB,FO,Sac,1
Gregory Taint,1712,488,Emerson Austin,703,4,DP,484,B1,1,7,1,3,-22.22%,22.22%,0,0,0,1454,127,11,TRA,NUL,LGO,LGO,DP,1
Anthony Richards,418,679,Doc Crudelly,1811,413,FO,266,T2,0,0,1,3,-1.87%,1.87%,0,0,0,1455,127,11,NUL,TRA,FO,FO,FO,1
Hannibal Bligh,1724,305,Doc Crudelly,1811,267,2B,38,T2,1,0,1,3,3.29%,-3.29%,0,0,0,1455,127,11,NUL,TRA,2B,2B,2B,1
KlentakPay TheFuckingTax,1700,482,Doc Crudelly,1811,267,FO,215,T2,1,2,1,3,-2.37%,2.37%,0,0,0,1455,127,11,NUL,TRA,FO,FO,FO,1
Monica M. Clinton,1774,277,Doc Crudelly,1811,52,FO,225,T2,2,2,1,3,-4.11%,4.11%,0,0,0,1455,127,11,NUL,TRA,FO,FO,FO,1
Herderber Derperger III,1779,15,Emerson Austin,703,839,BB,176,B2,0,0,1,3,4.10%,-4.10%,0,1,1,1456,127,11,TRA,NUL,BB,FO,BB,1
Birdman,393,431,Emerson Austin,703,339,1B,92,B2,0,1,1,3,9.89%,-9.89%,0,0,0,1456,127,11,TRA,NUL,1B,1B,1B,1
Doc Crudelly,1811,50,Emerson Austin,703,569,DP,481,B2,0,4,1,3,-15.71%,15.71%,0,0,0,1456,127,11,TRA,NUL,LGO,LGO,DP,1
Jay Peg,724,241,Emerson Austin,703,261,HR,20,B2,2,3,1,3,20.59%,-20.59%,2,1,1,1456,127,11,TRA,NUL,HR,3B,HR,1
Robbie Liapis,1745,20,Emerson Austin,703,909,1B,111,B2,2,0,3,3,2.05%,-2.05%,0,0,0,1456,127,11,TRA,NUL,1B,1B,1B,1
Captain Harry C Legs,480,777,Emerson Austin,703,342,RGO,435,B2,2,1,3,3,-3.93%,3.93%,0,0,0,1456,127,11,TRA,NUL,RGO,RGO,RGO,1
Joey McCarty,390,267,Doc Crudelly,1811,762,LGO,495,T3,0,0,3,3,-3.25%,3.25%,0,0,0,1457,127,11,NUL,TRA,LGO,LGO,LGO,1
Haydn Werfer,392,681,Doc Crudelly,1811,239,LGO,442,T3,1,0,3,3,-3.05%,3.05%,0,0,0,1457,127,11,NUL,TRA,LGO,LGO,RGO,1
Iris Solstice,401,242,Doc Crudelly,1811,894,RGO,348,T3,2,0,3,3,-2.06%,2.06%,0,0,0,1457,127,11,NUL,TRA,RGO,RGO,K,1
Sunshine Pardue,315,201,Emerson Austin,703,188,HR,13,B3,0,0,3,3,14.08%,-14.08%,1,1,1,1458,127,11,TRA,NUL,HR,HR,HR,1
Jimmy Johns,303,333,Iris Solstice,401,234,1B,99,B3,0,0,4,3,2.81%,-2.81%,0,1,1,1458,127,11,TRA,NUL,1B,1B,1B,1
Gregory Taint,1712,249,Iris Solstice,401,12,FO,237,B3,0,1,4,3,-2.21%,2.21%,0,0,0,1458,127,11,TRA,NUL,FO,FO,FO,1
Herderber Derperger III,1779,735,Iris Solstice,401,76,K,341,B3,1,1,4,3,-3.52%,3.52%,0,0,0,1458,127,11,TRA,NUL,K,K,K,1
Birdman,393,303,Iris Solstice,401,431,BB,128,B3,2,1,4,3,2.23%,-2.23%,0,0,0,1458,127,11,TRA,NUL,BB,BB,1B,1
Doc Crudelly,1811,1,Iris Solstice,401,99,1B,98,B3,2,4,4,3,10.91%,-10.91%,1,0,0,1458,127,11,TRA,NUL,1B,1B,1B,1
Jay Peg,724,814,Iris Solstice,401,666,BB,148,B3,2,5,5,3,0.85%,-0.85%,0,0,0,1458,127,11,TRA,NUL,BB,BB,BB,1
Robbie Liapis,1745,861,Iris Solstice,401,450,PO,411,B3,2,7,5,3,-5.15%,5.15%,0,0,0,1458,127,11,TRA,NUL,PO,PO,RGO,1
Emerson Austin,703,788,Doc Crudelly,1811,482,PO,306,T4,0,0,5,3,-3.51%,3.51%,0,0,0,1459,127,11,NUL,TRA,PO,RGO,K,1
Joey-Claire Hiveswap,291,232,Doc Crudelly,1811,788,LGO,444,T4,1,0,5,3,-2.87%,2.87%,0,0,0,1459,127,11,NUL,TRA,LGO,LGO,RGO,1
Anthony Richards,418,369,Doc Crudelly,1811,344,2B,25,T4,2,0,5,3,3.47%,-3.47%,0,0,0,1459,127,11,NUL,TRA,2B,2B,3B,1
Hannibal Bligh,1724,316,Doc Crudelly,1811,529,FO,213,T4,2,2,5,3,-5.69%,5.69%,0,0,0,1459,127,11,NUL,TRA,FO,FO,FO,1
Captain Harry C Legs,480,200,Iris Solstice,401,73,1B,127,B4,0,0,5,3,1.42%,-1.42%,0,1,1,1460,127,11,TRA,NUL,1B,BB,1B,1
Sunshine Pardue,315,917,Iris Solstice,401,127,FO,210,B4,0,1,5,3,-1.73%,1.73%,0,0,0,1460,127,11,TRA,NUL,FO,FO,FO,1
Jimmy Johns,303,666,Iris Solstice,401,819,1B,153,B4,1,1,5,3,2.26%,-2.26%,0,1,1,1460,127,11,TRA,NUL,1B,BB,BB,1
Gregory Taint,1712,762,Iris Solstice,401,827,2B,65,B4,1,4,5,3,6.62%,-6.62%,1,0,0,1460,127,11,TRA,NUL,2B,2B,1B,1
Herderber Derperger III,1779,8,Iris Solstice,401,800,Sac,208,B4,1,6,6,3,0.20%,-0.20%,1,0,0,1460,127,11,TRA,NUL,FO,FO,Sac,1
Birdman,393,616,Iris Solstice,401,1,PO,385,B4,2,2,7,3,-0.49%,0.49%,0,0,0,1460,127,11,TRA,NUL,PO,PO,PO,1
KlentakPay TheFuckingTax,1700,812,Doc Crudelly,1811,92,K,280,T5,0,0,7,3,-1.30%,1.30%,0,0,0,1461,127,11,NUL,TRA,K,K,FO,1
Monica M. Clinton,1774,342,Doc Crudelly,1811,712,RGO,370,T5,1,0,7,3,-1.32%,1.32%,0,0,0,1461,127,11,NUL,TRA,RGO,RGO,K,1
Joey McCarty,390,48,Doc Crudelly,1811,309,RGO,261,T5,2,0,7,3,-0.53%,0.53%,0,0,0,1461,127,11,NUL,TRA,RGO,RGO,FO,1
Doc Crudelly,1811,790,Iris Solstice,401,37,K,247,B5,0,0,7,3,-0.06%,0.06%,0,0,0,1462,127,11,TRA,NUL,K,K,FO,1
Jay Peg,724,563,Iris Solstice,401,371,FO,192,B5,1,0,7,3,-0.32%,0.32%,0,0,0,1462,127,11,TRA,NUL,FO,FO,FO,1
Robbie Liapis,1745,173,Iris Solstice,401,24,BB,149,B5,2,0,7,3,0.01%,-0.01%,0,0,0,1462,127,11,TRA,NUL,BB,BB,BB,1
Captain Harry C Legs,480,404,Iris Solstice,401,811,K,407,B5,2,1,7,3,-0.19%,0.19%,0,0,0,1462,127,11,TRA,NUL,K,PO,RGO,1
Haydn Werfer,392,,Doc Crudelly,1811,,Auto K,,T6,0,0,7,3,-1.31%,1.31%,0,0,0,1463,127,11,NUL,TRA,Auto K,Auto K,Auto K,9
Iris Solstice,401,515,Doc Crudelly,1811,680,FO,165,T6,1,0,7,3,-0.57%,0.57%,0,0,0,1463,127,11,NUL,TRA,FO,FO,BB,1
Emerson Austin,703,699,Doc Crudelly,1811,851,BB,152,T6,2,0,7,3,0.38%,-0.38%,0,0,0,1463,127,11,NUL,TRA,BB,FO,BB,1
Joey-Claire Hiveswap,291,321,Doc Crudelly,1811,515,FO,194,T6,2,1,7,3,-0.63%,0.63%,0,0,0,1463,127,11,NUL,TRA,FO,FO,FO,1
Dylan Green,305,711,Dart Ragusa,134,407,K,304,T1,0,0,0,0,-2.52%,2.52%,0,0,0,1464,128,11,LMN,JUP,K,K,K,1
Homer Nocker,606,421,Dart Ragusa,134,711,K,290,T1,1,0,0,0,-2.52%,2.52%,0,0,0,1464,128,11,LMN,JUP,K,K,K,1
Lloyd Gross,135,,Dart Ragusa,134,,IBB,,T1,2,0,0,0,1.77%,-1.77%,0,1,1,1464,128,11,LMN,JUP,IBB,IBB,IBB,8
Jeff Dingerhitter,298,811,Dart Ragusa,134,800,HR,11,T1,2,1,0,0,19.93%,-19.93%,2,1,1,1464,128,11,LMN,JUP,HR,HR,HR,1
Chuck Tingle,355,69,Dart Ragusa,134,543,LGO,474,T1,2,0,0,2,-1.53%,1.53%,0,0,0,1464,128,11,LMN,JUP,LGO,LGO,LGO,1
Shygen Tinybeard,712,483,Speedo Meter,675,69,RGO,414,B1,0,0,0,2,-2.78%,2.78%,0,0,0,1465,128,11,JUP,LMN,RGO,RGO,RGO,1
Skippy Gustafsson,1773,119,Speedo Meter,675,690,RGO,429,B1,1,0,0,2,-2.64%,2.64%,0,0,0,1465,128,11,JUP,LMN,RGO,RGO,RGO,1
Iama Human,520,420,Speedo Meter,675,477,2B,57,B1,2,0,0,2,3.23%,-3.23%,0,0,0,1465,128,11,JUP,LMN,2B,2B,2B,1
Fuzzy Spit,501,381,Speedo Meter,675,20,PO,361,B1,2,2,0,2,-4.76%,4.76%,0,0,0,1465,128,11,JUP,LMN,PO,PO,K,1
Dixon Uraz,34,12,Dart Ragusa,134,453,PO,441,T2,0,0,0,2,-1.87%,1.87%,0,0,0,1466,128,11,LMN,JUP,PO,PO,RGO,1
Michael Ikenberry,63,380,Dart Ragusa,134,441,2B,61,T2,1,0,0,2,3.29%,-3.29%,0,0,0,1466,128,11,LMN,JUP,2B,1B,2B,1
Larry Longshot,32,844,Dart Ragusa,134,950,BB,106,T2,1,2,0,2,2.58%,-2.58%,0,0,0,1466,128,11,LMN,JUP,BB,BB,1B,1
Isaac Snowbender,339,668,Dart Ragusa,134,950,K,282,T2,1,4,0,2,-3.57%,3.57%,0,0,0,1466,128,11,LMN,JUP,K,K,FO,1
Dylan Green,305,420,Dart Ragusa,134,31,PO,389,T2,2,4,0,2,-5.49%,5.49%,0,0,0,1466,128,11,LMN,JUP,PO,PO,PO,1
Simba Martinez,1792,321,Speedo Meter,675,381,2B,60,B2,0,0,0,2,8.00%,-8.00%,0,0,0,1467,128,11,JUP,LMN,2B,2B,2B,1
Harry Peritestes,117,26,Speedo Meter,675,321,K,295,B2,0,2,0,2,-6.26%,6.26%,0,0,0,1467,128,11,JUP,LMN,K,K,K,1
Darth Vader,336,130,Speedo Meter,675,899,FO,231,B2,1,2,0,2,-4.20%,4.20%,0,0,0,1467,128,11,JUP,LMN,FO,FO,FO,1
Triston Uzumaki,125,192,Speedo Meter,675,50,FO,142,B2,2,2,0,2,-5.09%,5.09%,0,0,0,1467,128,11,JUP,LMN,FO,FO,BB,1
Homer Nocker,606,421,Dart Ragusa,134,131,K,290,T3,0,0,0,2,-1.80%,1.80%,0,0,0,1468,128,11,LMN,JUP,K,K,K,1
Lloyd Gross,135,31,Dart Ragusa,134,800,K,231,T3,1,0,0,2,-1.92%,1.92%,0,0,0,1468,128,11,LMN,JUP,K,K,FO,1
Jeff Dingerhitter,298,652,Dart Ragusa,134,31,K,379,T3,2,0,0,2,-1.37%,1.37%,0,0,0,1468,128,11,LMN,JUP,K,K,PO,1
Lightning Balls,350,637,Speedo Meter,675,192,LGO,445,B3,0,0,0,2,-3.78%,3.78%,0,0,0,1469,128,11,JUP,LMN,LGO,LGO,RGO,1
Shygen Tinybeard,712,394,Speedo Meter,675,344,2B,50,B3,1,0,0,2,5.90%,-5.90%,0,0,0,1469,128,11,JUP,LMN,2B,2B,2B,1
Skippy Gustafsson,1773,539,Speedo Meter,675,911,PO,372,B3,1,2,0,2,-5.87%,5.87%,0,0,0,1469,128,11,JUP,LMN,PO,PO,K,1
Iama Human,520,777,Speedo Meter,675,483,K,294,B3,2,2,0,2,-5.14%,5.14%,0,0,0,1469,128,11,JUP,LMN,K,K,K,1
Chuck Tingle,355,569,Dart Ragusa,134,394,FO,175,T4,0,0,0,2,-1.72%,1.72%,0,0,0,1470,128,11,LMN,JUP,FO,FO,BB,1
Dixon Uraz,34,12,Dart Ragusa,134,350,K,338,T4,1,0,0,2,-1.81%,1.81%,0,0,0,1470,128,11,LMN,JUP,K,K,K,1
Michael Ikenberry,63,820,Dart Ragusa,134,600,FO,220,T4,2,0,0,2,-1.54%,1.54%,0,0,0,1470,128,11,LMN,JUP,FO,FO,FO,1
Fuzzy Spit,501,551,Speedo Meter,675,223,PO,328,B4,0,0,0,2,-4.11%,4.11%,0,0,0,1471,128,11,JUP,LMN,PO,PO,K,1
Simba Martinez,1792,299,Speedo Meter,675,654,PO,355,B4,1,0,0,2,-4.06%,4.06%,0,0,0,1471,128,11,JUP,LMN,PO,PO,K,1
Harry Peritestes,117,334,Speedo Meter,675,77,FO,257,B4,2,0,0,2,-1.88%,1.88%,0,0,0,1471,128,11,JUP,LMN,FO,FO,FO,1
Larry Longshot,32,326,Dart Ragusa,134,936,K,390,T5,0,0,0,2,-1.24%,1.24%,0,0,0,1472,128,11,LMN,JUP,K,K,PO,1
Isaac Snowbender,339,792,Dart Ragusa,134,326,LGO,466,T5,1,0,0,2,-1.79%,1.79%,0,0,0,1472,128,11,LMN,JUP,LGO,LGO,LGO,1
Rekt Keyo,331,619,Dart Ragusa,134,230,K,389,T5,2,0,0,2,-1.44%,1.44%,0,0,0,1472,128,11,LMN,JUP,K,K,PO,1
Darth Vader,336,903,Speedo Meter,675,488,RGO,415,B5,0,0,0,2,-4.94%,4.94%,0,0,0,1473,128,11,JUP,LMN,RGO,RGO,RGO,1
Triston Uzumaki,125,82,Speedo Meter,675,813,K,269,B5,1,0,0,2,-4.42%,4.42%,0,0,0,1473,128,11,JUP,LMN,K,K,FO,1
Lightning Balls,350,855,Speedo Meter,675,813,2B,42,B5,2,0,0,2,4.38%,-4.38%,0,0,0,1473,128,11,JUP,LMN,2B,2B,2B,1
Shygen Tinybeard,712,173,Speedo Meter,675,600,RGO,427,B5,2,2,0,2,-6.59%,6.59%,0,0,0,1473,128,11,JUP,LMN,RGO,RGO,RGO,1
Homer Nocker,606,299,Dart Ragusa,134,31,K,268,T6,0,0,0,2,-1.05%,1.05%,0,0,0,1474,128,11,LMN,JUP,K,K,FO,1
Lloyd Gross,135,,Dart Ragusa,134,,IBB,,T6,1,0,0,2,1.26%,-1.26%,0,0,0,1474,128,11,LMN,JUP,IBB,IBB,IBB,8
Rey Revanchist,776,69,Streetlamp LeMoose,1734,880,FO,189,T6,1,1,0,2,-1.48%,1.48%,0,0,0,1474,128,11,LMN,JUP,FO,FO,FO,1
Chuck Tingle,355,420,Streetlamp LeMoose,1734,244,FO,176,T6,2,1,0,2,-1.63%,1.63%,0,0,0,1474,128,11,LMN,JUP,FO,FO,BB,1
Skippy Gustafsson,1773,119,Speedo Meter,675,82,3B,37,B6,0,0,0,2,13.47%,-13.47%,0,1,1,1475,128,11,JUP,LMN,3B,2B,2B,1
Iama Human,520,333,Speedo Meter,675,777,LGO,444,B6,0,3,0,2,-10.21%,10.21%,1,0,0,1475,128,11,JUP,LMN,LGO,LGO,RGO,1
Fuzzy Spit,501,986,Speedo Meter,675,844,FO,142,B6,1,0,1,2,-9.16%,9.16%,0,0,0,1475,128,11,JUP,LMN,FO,FO,BB,1
Simba Martinez,1792,222,Speedo Meter,675,211,3B,11,B6,2,0,1,2,12.66%,-12.66%,0,1,1,1475,128,11,JUP,LMN,3B,3B,HR,1
Bud Tuggli,133,91,Dixon Uraz,34,12,1B,79,B6,2,3,1,2,39.81%,-39.81%,1,1,1,1475,128,11,JUP,LMN,1B,1B,1B,1
Dermot Mulveiny,1763,131,Dixon Uraz,34,69,2B,62,B6,2,1,2,2,40.91%,-40.91%,1,0,0,1475,128,11,JUP,LMN,2B,2B,2B,1
Chip Otle,4,1,Rickey Tucker,163,1,HR,0,T1,0,0,0,0,10.88%,-10.88%,1,1,1,1476,129,11,TAI,POR,HR,HR,HR,1
Johnny Dickshot,233,1,Rickey Tucker,163,1,HR,0,T1,0,0,0,1,9.81%,-9.81%,1,1,1,1476,129,11,TAI,POR,HR,HR,HR,1
Alexander West,1777,1,Rickey Tucker,163,386,K,385,T1,0,0,0,2,-2.27%,2.27%,0,0,0,1476,129,11,TAI,POR,K,K,PO,1
Tyler Pylon,778,999,Rickey Tucker,163,501,LGO,498,T1,1,0,0,2,-1.76%,1.76%,0,0,0,1476,129,11,TAI,POR,LGO,LGO,LGO,1
Rey Revanchist,776,69,Rickey Tucker,163,745,K,324,T1,2,0,0,2,-1.53%,1.53%,0,0,0,1476,129,11,TAI,POR,K,K,K,1
Aych Imtiyaz,170,,Not From Wisconsin,2222,,Auto K,,B1,0,0,0,2,-2.78%,2.78%,0,0,0,1477,129,11,POR,TAI,Auto K,Auto K,Auto K,9
Artie Ziff,164,367,Not From Wisconsin,2222,501,BB,134,B1,1,0,0,2,3.48%,-3.48%,0,0,0,1477,129,11,POR,TAI,BB,BB,1B,1
Geno Scaramucci,165,669,Not From Wisconsin,2222,420,FO,249,B1,1,1,0,2,-4.52%,4.52%,0,0,0,1477,129,11,POR,TAI,FO,FO,FO,1
Coco Watanabe,204,305,Not From Wisconsin,2222,777,LGO,472,B1,2,1,0,2,-3.13%,3.13%,0,0,0,1477,129,11,POR,TAI,LGO,LGO,LGO,1
Bubkis Fajita,2255,1,Rickey Tucker,163,485,LGO,484,T2,0,0,0,2,-1.87%,1.87%,0,0,0,1478,129,11,TAI,POR,LGO,LGO,LGO,1
Chuck McCluster,296,1,Rickey Tucker,163,274,K,273,T2,1,0,0,2,-1.76%,1.76%,0,0,0,1478,129,11,TAI,POR,K,K,FO,1
Frankson Ahtra,1959,477,Rickey Tucker,163,244,FO,233,T2,2,0,0,2,-1.43%,1.43%,0,0,0,1478,129,11,TAI,POR,FO,FO,FO,1
Grigury Polinko,452,597,Not From Wisconsin,2222,569,3B,28,B2,0,0,0,2,11.79%,-11.79%,0,0,0,1479,129,11,POR,TAI,3B,2B,3B,1
Ayden Davis,696,835,Not From Wisconsin,2222,525,K,310,B2,0,3,0,2,-5.65%,5.65%,0,0,0,1479,129,11,POR,TAI,K,K,K,1
Max Wasson,273,,Not From Wisconsin,2222,,Auto K,,B2,1,3,0,2,-7.86%,7.86%,0,0,0,1479,129,11,POR,TAI,Auto K,Auto K,Auto K,9
Rickey Tucker,163,69,Not From Wisconsin,2222,218,BB,149,B2,2,3,0,2,1.74%,-1.74%,0,0,0,1479,129,11,POR,TAI,BB,BB,BB,1
Andrew Peters,337,69,Not From Wisconsin,2222,768,K,301,B2,2,5,0,2,-7.57%,7.57%,0,0,0,1479,129,11,POR,TAI,K,K,K,1
Jaeger Ward,777,718,Rickey Tucker,163,501,FO,217,T3,0,0,0,2,-1.80%,1.80%,0,0,0,1480,129,11,TAI,POR,FO,FO,FO,1
Chip Otle,4,1,Rickey Tucker,163,718,PO,283,T3,1,0,0,2,-1.92%,1.92%,0,0,0,1480,129,11,TAI,POR,PO,RGO,FO,1
Johnny Dickshot,233,1,Rickey Tucker,163,213,FO,212,T3,2,0,0,2,-1.37%,1.37%,0,0,0,1480,129,11,TAI,POR,FO,FO,FO,1
Aych Imtiyaz,170,,Not From Wisconsin,2222,,Auto K,,B3,0,0,0,2,-3.78%,3.78%,0,0,0,1481,129,11,POR,TAI,Auto K,Auto K,Auto K,9
Artie Ziff,164,563,Not From Wisconsin,2222,998,RGO,435,B3,1,0,0,2,-2.85%,2.85%,0,0,0,1481,129,11,POR,TAI,RGO,RGO,RGO,1
Geno Scaramucci,165,1,Not From Wisconsin,2222,392,K,391,B3,2,0,0,2,-2.26%,2.26%,0,0,0,1481,129,11,POR,TAI,K,K,PO,1
Alexander West,1777,538,Rickey Tucker,163,666,BB,128,T4,0,0,0,2,2.79%,-2.79%,0,1,1,1482,129,11,TAI,POR,BB,BB,1B,1
Tyler Pylon,778,420,Rickey Tucker,163,243,FO,177,T4,0,1,0,2,-2.30%,2.30%,0,0,0,1482,129,11,TAI,POR,FO,FO,BB,1
Rey Revanchist,776,69,Rickey Tucker,163,975,2B,94,T4,1,1,0,2,8.64%,-8.64%,0,1,1,1482,129,11,TAI,POR,2B,1B,1B,1
Duke Silver,602,569,Rickey Tucker,163,233,K,336,T4,1,6,0,2,-7.59%,7.59%,0,0,0,1482,129,11,TAI,POR,K,K,K,1
Chuck McCluster,296,21,Rickey Tucker,163,121,2B,100,T4,2,6,0,2,11.86%,-11.86%,2,0,0,1482,129,11,TAI,POR,2B,1B,1B,1
Frankson Ahtra,1959,357,Rickey Tucker,163,897,LGO,460,T4,2,2,0,4,-1.72%,1.72%,0,0,0,1482,129,11,TAI,POR,LGO,LGO,LGO,1
Coco Watanabe,204,675,Not From Wisconsin,2222,723,2B,48,B4,0,0,0,4,4.92%,-4.92%,0,1,1,1483,129,11,POR,TAI,2B,1B,2B,1
Grigury Polinko,452,101,Not From Wisconsin,2222,18,1B,83,B4,0,2,0,4,3.62%,-3.62%,0,0,0,1483,129,11,POR,TAI,1B,1B,1B,1
Ayden Davis,696,831,Not From Wisconsin,2222,723,1B,108,B4,0,5,0,4,11.21%,-11.21%,1,0,0,1483,129,11,POR,TAI,1B,BB,1B,1
Max Wasson,273,503,Not From Wisconsin,2222,724,FO,221,B4,0,4,1,4,-5.38%,5.38%,0,0,0,1483,129,11,POR,TAI,FO,FO,FO,1
Rickey Tucker,163,275,Not From Wisconsin,2222,2,FO,273,B4,1,4,1,4,-7.76%,7.76%,0,0,0,1483,129,11,POR,TAI,FO,FO,FO,1
Andrew Peters,337,98,Not From Wisconsin,2222,501,K,403,B4,2,4,1,4,-7.42%,7.42%,0,0,0,1483,129,11,POR,TAI,K,PO,RGO,1
Jaeger Ward,777,731,Rickey Tucker,163,476,FO,255,T5,0,0,1,4,-0.82%,0.82%,0,0,0,1484,129,11,TAI,POR,FO,FO,FO,1
Chip Otle,4,12,Rickey Tucker,163,501,LGO,489,T5,1,0,1,4,-0.96%,0.96%,0,0,0,1484,129,11,TAI,POR,LGO,LGO,LGO,1
Johnny Dickshot,233,1,Rickey Tucker,163,1,HR,0,T5,2,0,1,4,4.86%,-4.86%,1,1,1,1484,129,11,TAI,POR,HR,HR,HR,1
Alexander West,1777,1,Rickey Tucker,163,263,K,262,T5,2,0,1,5,-0.28%,0.28%,0,0,0,1484,129,11,TAI,POR,K,K,FO,1
Lee Allen Ripley,771,342,Not From Wisconsin,2222,1,K,341,B5,0,0,1,5,-2.17%,2.17%,0,0,0,1485,129,11,POR,TAI,K,K,K,1
Artie Ziff,164,739,Not From Wisconsin,2222,501,FO,238,B5,1,0,1,5,-1.47%,1.47%,0,0,0,1485,129,11,POR,TAI,FO,FO,FO,1
Geno Scaramucci,165,911,Not From Wisconsin,2222,499,PO,412,B5,2,0,1,5,-0.67%,0.67%,0,0,0,1485,129,11,POR,TAI,PO,PO,RGO,1
Tyler Pylon,778,523,Rickey Tucker,163,365,BB,158,T6,0,0,1,5,0.43%,-0.43%,0,1,1,1486,129,11,TAI,POR,BB,FO,BB,1
Rey Revanchist,776,69,Rickey Tucker,163,1,2B,68,T6,0,1,1,5,1.35%,-1.35%,0,1,1,1486,129,11,TAI,POR,2B,2B,1B,1
Duke Silver,602,845,Rickey Tucker,163,366,LGO,479,T6,0,6,1,5,-0.73%,0.73%,0,0,0,1486,129,11,TAI,POR,LGO,LGO,LGO,2
Chuck McCluster,296,800,Rickey Tucker,163,686,2B,114,T6,1,6,1,5,0.63%,-0.63%,2,1,1,1486,129,11,TAI,POR,2B,1B,1B,1
Frankson Ahtra,1959,188,Rickey Tucker,163,854,K,334,T6,1,2,1,7,0.02%,-0.02%,0,0,0,1486,129,11,TAI,POR,K,K,K,1
Jaeger Ward,777,953,Rickey Tucker,163,900,3B,53,T6,2,2,1,7,-0.03%,0.03%,1,1,1,1486,129,11,TAI,POR,3B,2B,2B,1
Chip Otle,4,1,Rickey Tucker,163,888,BB,113,T6,2,3,1,8,-0.17%,0.17%,0,0,0,1486,129,11,TAI,POR,BB,FO,1B,1
Johnny Dickshot,233,327,Rickey Tucker,163,466,1B,139,T6,2,5,1,8,0.00%,0.00%,1,0,0,1486,129,11,TAI,POR,1B,BB,BB,1
Alexander West,1777,420,Rickey Tucker,163,677,K,257,T6,2,5,1,9,0.01%,-0.01%,0,0,0,1486,129,11,TAI,POR,K,K,FO,1
Coco Watanabe,204,655,Not From Wisconsin,2222,723,1B,68,B6,0,0,1,9,0.73%,-0.73%,0,0,0,1487,129,11,POR,TAI,1B,1B,1B,1
Grigury Polinko,452,969,Not From Wisconsin,2222,723,FO,246,B6,0,1,1,9,-0.73%,0.73%,0,0,0,1487,129,11,POR,TAI,FO,FO,FO,1
Ayden Davis,696,135,Not From Wisconsin,2222,723,DP,412,B6,1,1,1,9,-0.59%,0.59%,0,0,0,1487,129,11,POR,TAI,RGO,RGO,DP,1
Pork Torkleton,1699,754,Hudson Hildebrandt,284,333,K,421,T1,0,0,0,0,-2.52%,2.52%,0,0,0,1488,130,11,PHB,SAR,K,PO,RGO,1
Nickey Hallaway,2225,555,Hudson Hildebrandt,284,503,2B,52,T1,1,0,0,0,4.48%,-4.48%,0,1,1,1488,130,11,PHB,SAR,2B,2B,2B,1
Jeter O'Cola,739,,Hudson Hildebrandt,284,,Auto BB,,T1,1,2,0,0,3.36%,-3.36%,0,0,0,1488,130,11,PHB,SAR,Auto BB,Auto BB,Auto BB,10
Jeff Steelflex,268,447,Hudson Hildebrandt,284,311,BB,136,T1,1,4,0,0,8.24%,-8.24%,0,0,0,1488,130,11,PHB,SAR,BB,BB,1B,1
Johññy Coppolella,738,702,Hudson Hildebrandt,284,902,Sac,200,T1,1,7,0,0,-3.41%,3.41%,1,0,0,1488,130,11,PHB,SAR,FO,FO,Sac,1
Jerry Jingles,146,7,Mason Miller,270,869,BB,138,T1,2,4,0,1,2.77%,-2.77%,0,0,0,1488,130,11,PHB,SAR,BB,BB,BB,1
WILL THE THRILL,745,777,Mason Miller,270,20,PO,243,T1,2,7,0,1,-8.45%,8.45%,0,0,0,1488,130,11,PHB,SAR,PO,PO,FO,1
Burg McTurdBerg,2262,808,Sid Houn,2258,637,BB,171,B1,0,0,0,1,3.85%,-3.85%,0,0,0,1489,130,11,SAR,PHB,BB,BB,BB,1
Ross Ewage,1764,381,Sid Houn,2258,270,1B,111,B1,0,1,0,1,7.92%,-7.92%,0,0,0,1489,130,11,SAR,PHB,1B,1B,1B,1
Bonesy McSkellington,1733,135,Sid Houn,2258,512,DP,377,B1,0,4,0,1,-13.53%,13.53%,0,0,0,1489,130,11,SAR,PHB,RGO,RGO,K,1
Elmo Seabreeze,1785,420,Sid Houn,2258,900,LGO,480,B1,2,3,0,1,-5.65%,5.65%,0,0,0,1489,130,11,SAR,PHB,LGO,LGO,LGO,1
Coleman Waters,152,69,Elmo Seabreeze,1785,271,FO,202,T2,0,0,0,1,-2.62%,2.62%,0,0,0,1490,130,11,PHB,SAR,FO,FO,FO,1
Jameson Poe,310,404,Elmo Seabreeze,1785,207,FO,197,T2,1,0,0,1,-2.34%,2.34%,0,0,0,1490,130,11,PHB,SAR,FO,FO,FO,1
Pork Torkleton,1699,303,Elmo Seabreeze,1785,522,FO,219,T2,2,0,0,1,-1.56%,1.56%,0,0,0,1490,130,11,PHB,SAR,FO,FO,FO,1
Makesiondon Kelkboom,327,755,Sid Houn,2258,797,2B,42,B2,0,0,0,1,7.94%,-7.94%,0,1,1,1491,130,11,SAR,PHB,2B,2B,2B,1
Bradle Beamen,203,162,Sid Houn,2258,613,LGO,451,B2,0,2,0,1,-5.59%,5.59%,0,0,0,1491,130,11,SAR,PHB,LGO,LGO,LGO,1
Dr.Degratest Toevadoit,247,222,Sid Houn,2258,129,2B,93,B2,1,2,0,1,12.47%,-12.47%,1,0,0,1491,130,11,SAR,PHB,2B,1B,1B,1
Gimpy Schlempteen 32,379,500,Sid Houn,2258,2,LGO,498,B2,1,2,1,1,-4.24%,4.24%,0,0,0,1491,130,11,SAR,PHB,LGO,LGO,LGO,1
Lawrence Wiseman,380,256,Sid Houn,2258,888,PO,368,B2,2,2,1,1,-5.25%,5.25%,0,0,0,1491,130,11,SAR,PHB,PO,PO,K,1
Nickey Hallaway,2225,69,Elmo Seabreeze,1785,11,1B,58,T3,0,0,1,1,4.59%,-4.59%,0,0,0,1492,130,11,PHB,SAR,1B,1B,2B,1
Nickey Hallaway,2225,11,Elmo Seabreeze,1785,781,SB,230,T3,0,1,1,1,3.81%,-3.81%,0,0,0,1492,130,11,PHB,SAR,Steal 2B,Steal 2B,SB,4
Nickey Hallaway,2225,420,Elmo Seabreeze,1785,50,CS,370,T3,0,2,1,1,-11.65%,11.65%,0,0,0,1492,130,11,PHB,SAR,CS 3B,CS 3B,CS,4
Jeter O'Cola,739,222,Elmo Seabreeze,1785,243,2B,21,T3,1,0,1,1,6.13%,-6.13%,0,0,0,1492,130,11,PHB,SAR,2B,2B,HR,1
Jeff Steelflex,268,647,Elmo Seabreeze,1785,916,FO,269,T3,1,2,1,1,-5.21%,5.21%,0,0,0,1492,130,11,PHB,SAR,FO,FO,FO,1
Johññy Coppolella,738,450,Elmo Seabreeze,1785,768,K,318,T3,2,2,1,1,-6.03%,6.03%,0,0,0,1492,130,11,PHB,SAR,K,K,K,1
Burg McTurdBerg,2262,451,Sid Houn,2258,733,K,282,B3,0,0,1,1,-3.32%,3.32%,0,0,0,1493,130,11,SAR,PHB,K,K,FO,1
Ross Ewage,1764,588,Sid Houn,2258,914,PO,326,B3,1,0,1,1,-2.80%,2.80%,0,0,0,1493,130,11,SAR,PHB,PO,PO,K,1
Bonesy McSkellington,1733,202,Sid Houn,2258,690,LGO,488,B3,2,0,1,1,-2.32%,2.32%,0,0,0,1493,130,11,SAR,PHB,LGO,LGO,LGO,1
Jerry Jingles,146,37,Elmo Seabreeze,1785,189,FO,152,T4,0,0,1,1,-3.87%,3.87%,0,0,0,1494,130,11,PHB,SAR,FO,FO,BB,1
WILL THE THRILL,745,277,Elmo Seabreeze,1785,561,K,284,T4,1,0,1,1,-3.68%,3.68%,0,0,0,1494,130,11,PHB,SAR,K,PO,FO,1
Coleman Waters,152,889,Elmo Seabreeze,1785,674,FO,215,T4,2,0,1,1,-2.53%,2.53%,0,0,0,1494,130,11,PHB,SAR,FO,FO,FO,1
Elmo Seabreeze,1785,500,Coleman Waters,152,920,RGO,420,B4,0,0,1,1,-3.93%,3.93%,0,0,0,1495,130,11,SAR,PHB,RGO,RGO,RGO,1
Makesiondon Kelkboom,327,420,Coleman Waters,152,369,2B,51,B4,1,0,1,1,7.74%,-7.74%,0,0,0,1495,130,11,SAR,PHB,2B,1B,2B,1
Bradle Beamen,203,618,Coleman Waters,152,78,LGO,460,B4,1,2,1,1,-5.96%,5.96%,0,0,0,1495,130,11,SAR,PHB,LGO,LGO,LGO,1
Dr.Degratest Toevadoit,247,656,Coleman Waters,152,439,FO,217,B4,2,2,1,1,-7.92%,7.92%,0,0,0,1495,130,11,SAR,PHB,FO,FO,FO,1
Jameson Poe,310,100,Elmo Seabreeze,1785,122,HR,22,T5,0,0,1,1,21.43%,-21.43%,1,1,1,1496,130,11,PHB,SAR,HR,HR,HR,1
Pork Torkleton,1699,956,Elmo Seabreeze,1785,623,K,333,T5,0,0,1,2,-3.05%,3.05%,0,0,0,1496,130,11,PHB,SAR,K,K,K,1
Nickey Hallaway,2225,230,Elmo Seabreeze,1785,248,3B,18,T5,1,0,1,2,11.27%,-11.27%,0,1,1,1496,130,11,PHB,SAR,3B,3B,HR,1
Jeter O'Cola,739,99,Elmo Seabreeze,1785,880,Sac,219,T5,1,3,1,2,0.57%,-0.57%,1,0,0,1496,130,11,PHB,SAR,FO,FO,Sac,1
Jeff Steelflex,268,497,Elmo Seabreeze,1785,712,FO,215,T5,2,0,1,3,-1.44%,1.44%,0,0,0,1496,130,11,PHB,SAR,FO,FO,FO,1
Gimpy Schlempteen 32,379,390,Coleman Waters,152,369,3B,21,B5,0,0,1,3,14.06%,-14.06%,0,1,1,1497,130,11,SAR,PHB,3B,3B,HR,1
Lawrence Wiseman,380,877,Coleman Waters,152,37,BB,160,B5,0,3,1,3,6.30%,-6.30%,0,0,0,1497,130,11,SAR,PHB,BB,FO,BB,1
Burg McTurdBerg,2262,68,Coleman Waters,152,589,DP,479,B5,0,5,1,3,-18.00%,18.00%,0,0,0,1497,130,11,SAR,PHB,LGO,LGO,DP,1
Ross Ewage,1764,824,Coleman Waters,152,920,1B,96,B5,2,0,2,3,4.83%,-4.83%,0,0,0,1497,130,11,SAR,PHB,1B,1B,1B,1
Bonesy McSkellington,1733,701,Coleman Waters,152,257,LGO,444,B5,2,1,2,3,-9.01%,9.01%,0,0,0,1497,130,11,SAR,PHB,LGO,LGO,RGO,1
Johññy Coppolella,738,212,Elmo Seabreeze,1785,581,PO,369,T6,0,0,2,3,-2.38%,2.38%,0,0,0,1498,130,11,PHB,SAR,PO,PO,K,1
Jerry Jingles,146,759,Elmo Seabreeze,1785,185,RGO,426,T6,1,0,2,3,-1.97%,1.97%,0,0,0,1498,130,11,PHB,SAR,RGO,RGO,RGO,1
WILL THE THRILL,745,777,Elmo Seabreeze,1785,112,RGO,335,T6,2,0,2,3,-1.52%,1.52%,0,0,0,1498,130,11,PHB,SAR,RGO,RGO,K,1
Elmo Seabreeze,1785,701,Coleman Waters,152,212,LGO,489,B6,0,0,2,3,-9.46%,9.46%,0,0,0,1499,130,11,SAR,PHB,LGO,LGO,LGO,1
Makesiondon Kelkboom,327,711,Coleman Waters,152,798,1B,87,B6,1,0,2,3,11.48%,-11.48%,0,1,1,1499,130,11,SAR,PHB,1B,1B,1B,1
Bradle Beamen,203,557,Coleman Waters,152,369,FO,188,B6,1,1,2,3,-13.43%,13.43%,0,0,0,1499,130,11,SAR,PHB,FO,FO,FO,1
Dr.Degratest Toevadoit,247,850,Coleman Waters,152,920,2B,70,B6,2,1,2,3,50.54%,-50.54%,1,1,1,1499,130,11,SAR,PHB,2B,1B,1B,1
Gimpy Schlempteen 32,379,899,Coleman Waters,152,920,3B,21,B6,2,2,3,3,35.63%,-35.63%,1,0,0,1499,130,11,SAR,PHB,3B,3B,HR,1
Julio Escobar,686,725,Hunter Scott,786,31,PO,306,T1,0,0,0,0,-2.52%,2.52%,0,0,0,1500,131,11,TAC,KTY,PO,PO,K,1
Oxleohl Driver,1943,860,Hunter Scott,786,141,K,281,T1,1,0,0,0,-2.52%,2.52%,0,0,0,1500,131,11,TAC,KTY,K,K,FO,1
IBO Bust,186,12,Hunter Scott,786,562,LGO,450,T1,2,0,0,0,-1.74%,1.74%,0,0,0,1500,131,11,TAC,KTY,LGO,LGO,RGO,1
Tyler Phoenix,99,610,Duke Marriot,775,222,K,388,B1,0,0,0,0,-2.73%,2.73%,0,0,0,1501,131,11,KTY,TAC,K,K,PO,1
Edward Duncan,620,420,Duke Marriot,775,318,BB,102,B1,1,0,0,0,3.37%,-3.37%,0,0,0,1501,131,11,KTY,TAC,BB,BB,1B,1
Henrik Omega,84,1,Duke Marriot,775,878,BB,123,B1,1,1,0,0,4.72%,-4.72%,0,0,0,1501,131,11,KTY,TAC,BB,BB,1B,1
Merodach Baladan,100,724,Duke Marriot,775,449,K,275,B1,1,4,0,0,-6.06%,6.06%,0,0,0,1501,131,11,KTY,TAC,K,K,FO,1
Vinny Vedecci,2,420,Duke Marriot,775,659,K,239,B1,2,4,0,0,-6.09%,6.09%,0,0,0,1501,131,11,KTY,TAC,K,K,FO,1
Alaina Mclean,1947,215,Hunter Scott,786,653,RGO,438,T2,0,0,0,0,-2.86%,2.86%,0,0,0,1502,131,11,TAC,KTY,RGO,RGO,RGO,1
Barry McKockiner,612,322,Hunter Scott,786,589,K,267,T2,1,0,0,0,-2.90%,2.90%,0,0,0,1502,131,11,TAC,KTY,K,K,FO,1
Gang Weed,1732,100,Hunter Scott,786,793,K,307,T2,2,0,0,0,-1.53%,1.53%,0,0,0,1502,131,11,TAC,KTY,K,K,K,1
Mr. Miyagi,265,1000,Duke Marriot,775,736,K,264,B2,0,0,0,0,-2.75%,2.75%,0,0,0,1503,131,11,KTY,TAC,K,K,FO,1
Sevag Vapor,106,418,Duke Marriot,775,884,LGO,466,B2,1,0,0,0,-2.68%,2.68%,0,0,0,1503,131,11,KTY,TAC,LGO,LGO,LGO,1
Xerxes Dalin,474,934,Duke Marriot,775,568,PO,366,B2,2,0,0,0,-1.88%,1.88%,0,0,0,1503,131,11,KTY,TAC,PO,PO,K,1
Dakota Carolina Montana,65,341,Hunter Scott,786,238,BB,103,T3,0,0,0,0,4.59%,-4.59%,0,0,0,1504,131,11,TAC,KTY,BB,BB,1B,1
Dakota Carolina Montana,65,21,Hunter Scott,786,462,CS,441,T3,0,1,0,0,-7.84%,7.84%,0,0,0,1504,131,11,TAC,KTY,CS 2B,CS 2B,CS,4
Thelonius Junk,623,573,Hunter Scott,786,643,1B,70,T3,1,0,0,0,3.77%,-3.77%,0,1,1,1504,131,11,TAC,KTY,1B,1B,1B,1
Julian O'Sullivan,2254,362,Hunter Scott,786,383,HR,21,T3,1,1,0,0,22.22%,-22.22%,2,1,1,1504,131,11,TAC,KTY,HR,HR,HR,1
Julio Escobar,686,736,Hunter Scott,786,279,LGO,457,T3,1,0,0,2,-1.92%,1.92%,0,0,0,1504,131,11,TAC,KTY,LGO,LGO,LGO,1
Oxleohl Driver,1943,777,Hunter Scott,786,502,K,275,T3,2,0,0,2,-1.37%,1.37%,0,0,0,1504,131,11,TAC,KTY,K,K,FO,1
David Roidtiz,1742,712,Duke Marriot,775,469,K,243,B3,0,0,0,2,-3.78%,3.78%,0,0,0,1505,131,11,KTY,TAC,K,K,FO,1
Tyler Phoenix,99,729,Duke Marriot,775,462,FO,267,B3,1,0,0,2,-2.85%,2.85%,0,0,0,1505,131,11,KTY,TAC,FO,FO,FO,1
Edward Duncan,620,69,Duke Marriot,775,531,LGO,462,B3,2,0,0,2,-2.26%,2.26%,0,0,0,1505,131,11,KTY,TAC,LGO,LGO,LGO,1
IBO Bust,186,380,Hunter Scott,786,884,LGO,496,T4,0,0,0,2,-1.72%,1.72%,0,0,0,1506,131,11,TAC,KTY,LGO,LGO,LGO,1
Alaina Mclean,1947,601,Hunter Scott,786,197,K,404,T4,1,0,0,2,-1.81%,1.81%,0,0,0,1506,131,11,TAC,KTY,K,K,RGO,1
Barry McKockiner,612,666,Hunter Scott,786,169,LGO,497,T4,2,0,0,2,-1.54%,1.54%,0,0,0,1506,131,11,TAC,KTY,LGO,LGO,LGO,1
Henrik Omega,84,808,Duke Marriot,775,342,LGO,466,B4,0,0,0,2,-4.11%,4.11%,0,0,0,1507,131,11,KTY,TAC,LGO,LGO,LGO,1
Merodach Baladan,100,674,Duke Marriot,775,78,RGO,404,B4,1,0,0,2,-4.06%,4.06%,0,0,0,1507,131,11,KTY,TAC,RGO,RGO,RGO,1
Vinny Vedecci,2,818,Duke Marriot,775,540,K,278,B4,2,0,0,2,-1.88%,1.88%,0,0,0,1507,131,11,KTY,TAC,K,K,FO,1
Gang Weed,1732,650,Hunter Scott,786,399,K,251,T5,0,0,0,2,-1.24%,1.24%,0,0,0,1508,131,11,TAC,KTY,K,K,FO,1
Dakota Carolina Montana,65,277,Hunter Scott,786,375,1B,98,T5,1,0,0,2,1.46%,-1.46%,0,0,0,1508,131,11,TAC,KTY,1B,1B,1B,1
Truck Month,1794,282,Hunter Scott,786,19,K,263,T5,1,1,0,2,-2.02%,2.02%,0,0,0,1508,131,11,TAC,KTY,K,K,FO,1
Julian O'Sullivan,2254,542,Hunter Scott,786,420,BB,122,T5,2,1,0,2,1.64%,-1.64%,0,0,0,1508,131,11,TAC,KTY,BB,BB,1B,1
Julio Escobar,686,420,Hunter Scott,786,727,PO,307,T5,2,4,0,2,-4.31%,4.31%,0,0,0,1508,131,11,TAC,KTY,PO,PO,K,1
Mr. Miyagi,265,1000,Duke Marriot,775,668,K,332,B5,0,0,0,2,-4.94%,4.94%,0,0,0,1509,131,11,KTY,TAC,K,K,K,1
Sevag Vapor,106,242,Duke Marriot,775,962,K,280,B5,1,0,0,2,-4.42%,4.42%,0,0,0,1509,131,11,KTY,TAC,K,K,FO,1
Xerxes Dalin,474,221,Duke Marriot,775,790,PO,431,B5,2,0,0,2,-2.21%,2.21%,0,0,0,1509,131,11,KTY,TAC,PO,PO,RGO,1
Oxleohl Driver,1943,729,Hunter Scott,786,720,HR,9,T6,0,0,0,2,5.03%,-5.03%,1,1,1,1510,131,11,TAC,KTY,HR,HR,HR,1
IBO Bust,186,870,Hunter Scott,786,810,1B,60,T6,0,0,0,3,0.58%,-0.58%,0,1,1,1510,131,11,TAC,KTY,1B,1B,2B,1
Alaina Mclean,1947,126,Hunter Scott,786,789,K,337,T6,0,1,0,3,-0.17%,0.17%,0,0,0,1510,131,11,TAC,KTY,K,K,K,1
Barry McKockiner,612,301,Hunter Scott,786,6,K,295,T6,1,1,0,3,-0.96%,0.96%,0,0,0,1510,131,11,TAC,KTY,K,K,K,1
Gang Weed,1732,100,Hunter Scott,786,69,3B,31,T6,2,1,0,3,3.28%,-3.28%,1,1,1,1510,131,11,TAC,KTY,3B,3B,2B,1
Dakota Carolina Montana,65,69,Hunter Scott,786,69,HR,0,T6,2,3,0,4,1.34%,-1.34%,2,1,1,1510,131,11,TAC,KTY,HR,HR,HR,1
Truck Month,1794,704,Hunter Scott,786,69,K,365,T6,2,0,0,6,-0.07%,0.07%,0,0,0,1510,131,11,TAC,KTY,K,K,K,1
David Roidtiz,1742,,Duke Marriot,775,,Auto K,,B6,0,0,0,6,-0.38%,0.38%,0,0,0,1511,131,11,KTY,TAC,Auto K,Auto K,Auto K,9
Tyler Phoenix,99,391,Duke Marriot,775,719,K,328,B6,1,0,0,6,-0.18%,0.18%,0,0,0,1511,131,11,KTY,TAC,K,K,K,1
Edward Duncan,620,602,Duke Marriot,775,387,FO,215,B6,2,0,0,6,-0.03%,0.03%,0,0,0,1511,131,11,KTY,TAC,FO,FO,FO,1
AllStar Lin,1799,110,Cap Keeler,1808,562,RGO,452,T1,0,0,0,0,-2.52%,2.52%,0,0,0,1512,132,11,DAD,MVM,RGO,RGO,LGO,1
John Valor,1832,555,Cap Keeler,1808,378,FO,177,T1,1,0,0,0,-2.52%,2.52%,0,0,0,1512,132,11,DAD,MVM,FO,FO,BB,1
Michael Scarn,746,917,Cap Keeler,1808,899,HR,18,T1,2,0,0,0,11.16%,-11.16%,1,1,1,1512,132,11,DAD,MVM,HR,3B,HR,1
Luke Skywalker,2251,400,Cap Keeler,1808,787,RGO,387,T1,2,0,0,1,-1.65%,1.65%,0,0,0,1512,132,11,DAD,MVM,RGO,RGO,PO,1
Fizzbear Doormat,563,363,Drew Savage,329,462,2B,99,B1,0,0,0,1,6.20%,-6.20%,0,0,0,1513,132,11,MVM,DAD,2B,1B,1B,1
Star Burns,558,111,Drew Savage,329,614,LGO,497,B1,0,2,0,1,-4.74%,4.74%,0,0,0,1513,132,11,MVM,DAD,LGO,LGO,LGO,1
Buzz Schwinghammer,367,1000,Drew Savage,329,377,RGO,377,B1,1,2,0,1,-3.22%,3.22%,0,0,0,1513,132,11,MVM,DAD,RGO,RGO,K,1
Jeremy Carolina,728,601,Drew Savage,329,312,PO,289,B1,2,3,0,1,-5.65%,5.65%,0,0,0,1513,132,11,MVM,DAD,PO,PO,K,1
Dixie Normos,332,555,Cap Keeler,1808,212,PO,343,T2,0,0,0,1,-2.62%,2.62%,0,0,0,1514,132,11,DAD,MVM,PO,PO,K,1
Richard Northstar,275,604,Cap Keeler,1808,254,PO,350,T2,1,0,0,1,-2.34%,2.34%,0,0,0,1514,132,11,DAD,MVM,PO,PO,K,1
Runner Buehler,717,500,Cap Keeler,1808,880,PO,380,T2,2,0,0,1,-1.56%,1.56%,0,0,0,1514,132,11,DAD,MVM,PO,PO,PO,1
Jeffrey Salmon,1704,211,Drew Savage,329,382,FO,171,B2,0,0,0,1,-3.40%,3.40%,0,0,0,1515,132,11,MVM,DAD,FO,FO,BB,1
Orlando Champagne,500,187,Drew Savage,329,889,PO,298,B2,1,0,0,1,-2.75%,2.75%,0,0,0,1515,132,11,MVM,DAD,PO,PO,K,1
Kris Kringle,683,234,Drew Savage,329,574,RGO,340,B2,2,0,0,1,-2.18%,2.18%,0,0,0,1515,132,11,MVM,DAD,RGO,RGO,K,1
Rekt Keyo,331,874,Cap Keeler,1808,855,3B,19,T3,0,0,0,1,9.73%,-9.73%,0,1,1,1516,132,11,DAD,MVM,3B,2B,HR,1
Cam'ron,525,516,Cap Keeler,1808,566,2B,50,T3,0,3,0,1,6.23%,-6.23%,1,1,1,1516,132,11,DAD,MVM,2B,2B,2B,1
AllStar Lin,1799,99,Cap Keeler,1808,312,K,213,T3,0,2,0,2,-3.11%,3.11%,0,0,0,1516,132,11,DAD,MVM,K,K,FO,1
John Valor,1832,777,Cap Keeler,1808,782,HR,5,T3,1,2,0,2,11.77%,-11.77%,2,1,1,1516,132,11,DAD,MVM,HR,HR,HR,1
Michael Scarn,746,523,Wallace Grommet,492,188,PO,335,T3,1,0,0,4,-0.40%,0.40%,0,0,0,1516,132,11,DAD,MVM,PO,PO,K,1
Luke Skywalker,2251,500,Wallace Grommet,492,898,RGO,398,T3,2,0,0,4,-0.95%,0.95%,0,0,0,1516,132,11,DAD,MVM,RGO,RGO,PO,1
Dwayne Stevenson,334,445,Drew Savage,329,569,BB,124,B3,0,0,0,4,3.99%,-3.99%,0,1,1,1517,132,11,MVM,DAD,BB,BB,1B,1
Reggie Stocker,1958,829,Drew Savage,329,970,BB,141,B3,0,1,0,4,5.39%,-5.39%,0,1,1,1517,132,11,MVM,DAD,BB,BB,BB,1
Fizzbear Doormat,563,69,Drew Savage,329,142,2B,73,B3,0,4,0,4,16.63%,-16.63%,1,1,1,1517,132,11,MVM,DAD,2B,2B,1B,1
Star Burns,558,420,Drew Savage,329,388,3B,32,B3,0,6,1,4,18.73%,-18.73%,2,1,1,1517,132,11,MVM,DAD,3B,2B,2B,1
Buzz Schwinghammer,367,9,Drew Savage,329,555,LGO,454,B3,0,3,3,4,-2.77%,2.77%,1,0,0,1517,132,11,MVM,DAD,LGO,LGO,LGO,1
Jeremy Carolina,728,475,Drew Savage,329,333,BB,142,B3,1,0,4,4,3.99%,-3.99%,0,0,0,1517,132,11,MVM,DAD,BB,FO,BB,1
Jeffrey Salmon,1704,,Drew Savage,329,,Auto BB,,B3,1,1,4,4,6.09%,-6.09%,0,0,0,1517,132,11,MVM,DAD,Auto BB,Auto BB,Auto BB,10
Orlando Champagne,500,147,Rekt Keyo,331,644,DP,497,B3,1,4,4,4,-15.20%,15.20%,0,0,0,1517,132,11,MVM,DAD,LGO,LGO,DP,1
Dixie Normos,332,1,Wallace Grommet,492,132,BB,131,T4,0,0,4,4,4.87%,-4.87%,0,0,0,1518,132,11,DAD,MVM,BB,BB,1B,1
Richard Northstar,275,556,Wallace Grommet,492,921,PO,365,T4,0,1,4,4,-3.97%,3.97%,0,0,0,1518,132,11,DAD,MVM,PO,PO,K,1
Runner Buehler,717,239,Wallace Grommet,492,321,1B,82,T4,1,1,4,4,6.13%,-6.13%,0,0,0,1518,132,11,DAD,MVM,1B,1B,1B,1
Rekt Keyo,331,730,Wallace Grommet,492,405,PO,325,T4,1,4,4,4,-7.68%,7.68%,0,0,0,1518,132,11,DAD,MVM,PO,PO,K,1
Drew Savage,329,456,Wallace Grommet,492,606,BB,150,T4,2,4,4,4,4.78%,-4.78%,0,0,0,1518,132,11,DAD,MVM,BB,BB,BB,1
AllStar Lin,1799,260,Wallace Grommet,492,624,PO,364,T4,2,7,4,4,-14.21%,14.21%,0,0,0,1518,132,11,DAD,MVM,PO,PO,K,1
Kris Kringle,683,894,Rekt Keyo,331,489,RGO,405,B4,0,0,4,4,-3.93%,3.93%,0,0,0,1519,132,11,MVM,DAD,RGO,RGO,RGO,1
Dwayne Stevenson,334,504,Rekt Keyo,331,178,PO,326,B4,1,0,4,4,-3.43%,3.43%,0,0,0,1519,132,11,MVM,DAD,PO,PO,K,1
Reggie Stocker,1958,632,Rekt Keyo,331,924,K,292,B4,2,0,4,4,-2.71%,2.71%,0,0,0,1519,132,11,MVM,DAD,K,K,K,1
John Valor,1832,300,Wallace Grommet,492,943,PO,357,T5,0,0,4,4,-4.71%,4.71%,0,0,0,1520,132,11,DAD,MVM,PO,PO,K,1
Michael Scarn,746,586,Wallace Grommet,492,698,1B,112,T5,1,0,4,4,5.51%,-5.51%,0,1,1,1520,132,11,DAD,MVM,1B,1B,1B,1
Luke Skywalker,2251,33,Wallace Grommet,492,912,BB,121,T5,1,1,4,4,7.31%,-7.31%,0,0,0,1520,132,11,DAD,MVM,BB,BB,1B,1
Dixie Normos,332,835,Wallace Grommet,492,745,1B,90,T5,1,4,4,4,14.54%,-14.54%,0,0,0,1520,132,11,DAD,MVM,1B,1B,1B,1
Richard Northstar,275,730,Wallace Grommet,492,920,Sac,190,T5,1,7,4,4,-2.01%,2.01%,1,0,0,1520,132,11,DAD,MVM,FO,FO,Sac,1
Runner Buehler,717,474,Wallace Grommet,492,333,FO,141,T5,2,4,4,5,-6.49%,6.49%,0,0,0,1520,132,11,DAD,MVM,FO,FO,BB,1
Fizzbear Doormat,563,462,Rekt Keyo,331,132,K,330,B5,0,0,4,5,-6.28%,6.28%,0,0,0,1521,132,11,MVM,DAD,K,PO,K,1
Star Burns,558,555,Rekt Keyo,331,111,RGO,444,B5,1,0,4,5,-5.99%,5.99%,0,0,0,1521,132,11,MVM,DAD,RGO,RGO,RGO,1
Buzz Schwinghammer,367,721,Rekt Keyo,331,827,1B,106,B5,2,0,4,5,4.83%,-4.83%,0,0,1,1521,132,11,MVM,DAD,1B,BB,1B,1
Buzz Schwinghammer,367,577,Rekt Keyo,331,322,SB,255,B5,2,1,4,5,3.63%,-3.63%,0,1,0,1521,132,11,MVM,DAD,Steal 2B,Steal 2B,SB,4
Jeremy Carolina,728,420,Rekt Keyo,331,472,2B,52,B5,2,2,4,5,27.23%,-27.23%,1,0,0,1521,132,11,MVM,DAD,2B,2B,2B,1
Jeffrey Salmon,1704,500,Rekt Keyo,331,743,FO,243,B5,2,2,5,5,-9.02%,9.02%,0,0,0,1521,132,11,MVM,DAD,FO,FO,FO,1
Rekt Keyo,331,28,Wallace Grommet,492,573,LGO,455,T6,0,0,5,5,-6.10%,6.10%,0,0,0,1522,132,11,DAD,MVM,LGO,LGO,LGO,1
Drew Savage,329,90,Wallace Grommet,492,157,1B,67,T6,1,0,5,5,6.77%,-6.77%,0,1,1,1522,132,11,DAD,MVM,1B,1B,1B,1
AllStar Lin,1799,680,Wallace Grommet,492,657,HR,23,T6,1,1,5,5,38.88%,-38.88%,2,1,1,1522,132,11,DAD,MVM,HR,3B,HR,1
John Valor,1832,880,Wallace Grommet,492,388,LGO,492,T6,1,0,5,7,-1.00%,1.00%,0,0,0,1522,132,11,DAD,MVM,LGO,LGO,LGO,1
Michael Scarn,746,917,Wallace Grommet,492,389,LGO,472,T6,2,0,5,7,-0.85%,0.85%,0,0,0,1522,132,11,DAD,MVM,LGO,LGO,LGO,1
Orlando Champagne,500,563,Rekt Keyo,331,279,K,284,B6,0,0,5,7,-5.69%,5.69%,0,0,0,1523,132,11,MVM,DAD,K,K,FO,1
Kris Kringle,683,201,Rekt Keyo,331,194,3B,7,B6,1,0,5,7,9.75%,-9.75%,0,1,1,1523,132,11,MVM,DAD,3B,3B,HR,1
Dwayne Stevenson,334,764,Rekt Keyo,331,937,Sac,173,B6,1,3,5,7,-9.96%,9.96%,1,0,0,1523,132,11,MVM,DAD,FO,FO,BB,1
Reggie Stocker,1958,337,Rekt Keyo,331,833,LGO,496,B6,2,0,6,7,-6.62%,6.62%,0,0,0,1523,132,11,MVM,DAD,LGO,LGO,LGO,1
Phil Coulson,226,498,Jin Yang,1695,999,LGO,499,T1,0,0,0,0,-2.52%,2.52%,0,0,0,1524,133,12,WSH,KRB,LGO,LGO,LGO,1
Chody McCarty,650,498,Jin Yang,1695,76,RGO,422,T1,1,0,0,0,-2.52%,2.52%,0,0,0,1524,133,12,WSH,KRB,RGO,RGO,RGO,1
Conor Sexton,289,39,Jin Yang,1695,689,PO,350,T1,2,0,0,0,-1.74%,1.74%,0,0,0,1524,133,12,WSH,KRB,PO,PO,K,1
Christian Bevan,616,500,Cagney O’verpaid,1743,655,BB,155,B1,0,0,0,0,3.55%,-3.55%,0,0,0,1525,133,12,KRB,WSH,BB,BB,BB,1
Moby Dick,1719,480,Cagney O’verpaid,1743,654,FO,174,B1,0,1,0,0,-2.91%,2.91%,0,0,0,1525,133,12,KRB,WSH,FO,FO,BB,1
Jin Yang,1695,583,Cagney O’verpaid,1743,972,DP,389,B1,1,1,0,0,-7.43%,7.43%,0,0,0,1525,133,12,KRB,WSH,RGO,RGO,PO,1
Jeff Dingerhitter,298,655,Jin Yang,1695,662,HR,7,T2,0,0,0,0,11.87%,-11.87%,1,1,1,1526,133,12,WSH,KRB,HR,HR,HR,1
Jabreakit Jubawit,1964,678,Jin Yang,1695,181,LGO,497,T2,0,0,0,1,-2.62%,2.62%,0,0,0,1526,133,12,WSH,KRB,LGO,LGO,LGO,1
KC Bats,287,69,Jin Yang,1695,962,BB,107,T2,1,0,0,1,3.05%,-3.05%,0,0,0,1526,133,12,WSH,KRB,BB,BB,1B,1
Joel Embiid,285,456,Jin Yang,1695,806,PO,350,T2,1,1,0,1,-3.43%,3.43%,0,0,0,1526,133,12,WSH,KRB,PO,PO,K,1
Angel Leon,234,761,Jin Yang,1695,573,FO,188,T2,2,1,0,1,-3.52%,3.52%,0,0,0,1526,133,12,WSH,KRB,FO,FO,FO,1
Thomas Chiggins,16,136,Cagney O’verpaid,1743,266,BB,130,B2,0,0,0,1,4.77%,-4.77%,0,1,1,1527,133,12,KRB,WSH,BB,BB,1B,1
Jack Jackie Jackson,354,129,Cagney O’verpaid,1743,876,K,253,B2,0,1,0,1,-3.87%,3.87%,0,0,0,1527,133,12,KRB,WSH,K,K,FO,1
Jayson Kincaid,756,950,Cagney O’verpaid,1743,911,2B,39,B2,1,1,0,1,11.93%,-11.93%,0,0,0,1527,133,12,KRB,WSH,2B,2B,2B,1
Roy Hobbs,609,21,Cagney O’verpaid,1743,888,1B,133,B2,1,6,0,1,10.30%,-10.30%,1,0,0,1527,133,12,KRB,WSH,1B,1B,1B,1
Francis X. Clampazzo,485,284,Cagney O’verpaid,1743,704,PO,420,B2,1,5,1,1,-10.67%,10.67%,0,0,0,1527,133,12,KRB,WSH,PO,RGO,DP,1
Arthur Vandelay,518,130,Cagney O’verpaid,1743,705,RGO,425,B2,2,5,1,1,-7.13%,7.13%,0,0,0,1527,133,12,KRB,WSH,RGO,RGO,RGO,1
Joe Pidgeon,301,327,Jin Yang,1695,132,FO,195,T3,0,0,1,1,-3.25%,3.25%,0,0,0,1528,133,12,WSH,KRB,FO,FO,FO,1
Phil Coulson,226,865,Jin Yang,1695,518,PO,347,T3,1,0,1,1,-3.05%,3.05%,0,0,0,1528,133,12,WSH,KRB,PO,PO,K,1
Chody McCarty,650,950,Jin Yang,1695,461,LGO,489,T3,2,0,1,1,-2.06%,2.06%,0,0,0,1528,133,12,WSH,KRB,LGO,LGO,LGO,1
Christian Bevan,616,118,Cagney O’verpaid,1743,102,HR,16,B3,0,0,1,1,14.08%,-14.08%,1,1,1,1529,133,12,KRB,WSH,HR,HR,HR,1
Moby Dick,1719,360,Cagney O’verpaid,1743,9,K,351,B3,0,0,2,1,-2.34%,2.34%,0,0,0,1529,133,12,KRB,WSH,K,K,K,1
Jin Yang,1695,420,Cagney O’verpaid,1743,90,K,330,B3,1,0,2,1,-2.24%,2.24%,0,0,0,1529,133,12,KRB,WSH,K,K,K,1
Thomas Chiggins,16,19,Cagney O’verpaid,1743,710,K,309,B3,2,0,2,1,-1.44%,1.44%,0,0,0,1529,133,12,KRB,WSH,K,K,K,1
Conor Sexton,289,10,Jin Yang,1695,382,PO,372,T4,0,0,2,1,-4.06%,4.06%,0,0,0,1530,133,12,WSH,KRB,PO,PO,K,1
Jeff Dingerhitter,298,222,Jin Yang,1695,20,K,202,T4,1,0,2,1,-3.83%,3.83%,0,0,0,1530,133,12,WSH,KRB,K,K,FO,1
Jabreakit Jubawit,1964,824,Jin Yang,1695,493,PO,331,T4,2,0,2,1,-2.57%,2.57%,0,0,0,1530,133,12,WSH,KRB,PO,PO,K,1
Jack Jackie Jackson,354,710,Oliver Yu,286,111,LGO,401,B4,0,0,2,1,-2.24%,2.24%,0,0,0,1531,133,12,KRB,WSH,LGO,LGO,RGO,1
Jayson Kincaid,756,300,Oliver Yu,286,710,RGO,410,B4,1,0,2,1,-1.93%,1.93%,0,0,0,1531,133,12,KRB,WSH,RGO,RGO,RGO,1
River Ride,342,500,Oliver Yu,286,800,K,300,B4,2,0,2,1,-1.56%,1.56%,0,0,0,1531,133,12,KRB,WSH,K,K,K,1
KC Bats,287,666,Jin Yang,1695,613,2B,53,T5,0,0,2,1,13.47%,-13.47%,0,0,0,1532,133,12,WSH,KRB,2B,2B,2B,1
Joel Embiid,285,448,Jin Yang,1695,563,1B,115,T5,0,2,2,1,11.59%,-11.59%,0,0,0,1532,133,12,WSH,KRB,1B,1B,1B,1
Angel Leon,234,210,Jin Yang,1695,500,K,290,T5,0,5,2,1,-6.61%,6.61%,0,0,0,1532,133,12,WSH,KRB,K,K,K,1
Joe Pidgeon,301,738,Jin Yang,1695,151,RGO,413,T5,1,5,2,1,-16.73%,16.73%,0,0,0,1532,133,12,WSH,KRB,RGO,RGO,DP,2
Phil Coulson,226,738,Jin Yang,1695,956,FO,218,T5,2,6,2,1,-15.61%,15.61%,0,0,0,1532,133,12,WSH,KRB,FO,FO,FO,1
Francis X. Clampazzo,485,3,Oliver Yu,286,333,K,330,B5,0,0,2,1,-1.87%,1.87%,0,0,0,1533,133,12,KRB,WSH,K,K,K,1
Arthur Vandelay,518,666,Oliver Yu,286,3,PO,337,B5,1,0,2,1,-1.61%,1.61%,0,0,0,1533,133,12,KRB,WSH,PO,PO,K,1
Christian Bevan,616,900,Oliver Yu,286,333,RGO,433,B5,2,0,2,1,-1.16%,1.16%,0,0,0,1533,133,12,KRB,WSH,RGO,RGO,RGO,1
Chody McCarty,650,69,Jin Yang,1695,424,PO,355,T6,0,0,2,1,-7.81%,7.81%,0,0,0,1534,133,12,WSH,KRB,PO,PO,K,1
Conor Sexton,289,855,Jin Yang,1695,957,1B,102,T6,1,0,2,1,9.92%,-9.92%,0,0,0,1534,133,12,WSH,KRB,1B,1B,1B,1
Jeff Dingerhitter,298,855,Jin Yang,1695,111,K,256,T6,1,1,2,1,-11.04%,11.04%,0,0,0,1534,133,12,WSH,KRB,K,K,FO,1
Jabreakit Jubawit,1964,444,Jin Yang,1695,369,1B,75,T6,2,1,2,1,7.76%,-7.76%,0,0,0,1534,133,12,WSH,KRB,1B,2B,1B,1
KC Bats,287,69,Jin Yang,1695,757,PO,312,T6,2,5,2,1,-18.39%,18.39%,0,0,0,1534,133,12,WSH,KRB,PO,PO,K,1
Jeff Loldee,2261,612,Good Doggo,522,2,RGO,390,T1,0,0,0,0,-2.52%,2.52%,0,0,0,1535,134,12,RKT,CHI,RGO,RGO,PO,1
Joe Nastasi,614,888,Good Doggo,522,573,PO,315,T1,1,0,0,0,-2.52%,2.52%,0,0,0,1535,134,12,RKT,CHI,PO,RGO,K,1
Primal Cookie,779,704,Good Doggo,522,888,FO,184,T1,2,0,0,0,-1.74%,1.74%,0,0,0,1535,134,12,RKT,CHI,FO,FO,FO,1
Miroslav,71,720,Mongster Mash,344,645,1B,75,B1,0,0,0,0,3.55%,-3.55%,0,0,0,1536,134,12,CHI,RKT,1B,1B,1B,1
Miroslav,71,666,Mongster Mash,344,23,CS,357,B1,0,1,0,0,-6.28%,6.28%,0,0,0,1536,134,12,CHI,RKT,CS 2B,CS 2B,CS,4
John-Rhys Ealy,2239,904,Mongster Mash,344,645,FO,259,B1,1,0,0,0,-2.27%,2.27%,0,0,0,1536,134,12,CHI,RKT,FO,FO,FO,1
Good Doggo,522,12,Mongster Mash,344,273,FO,261,B1,2,0,0,0,-1.79%,1.79%,0,0,0,1536,134,12,CHI,RKT,FO,FO,FO,1
Einhorn,74,333,Good Doggo,522,12,RGO,321,T2,0,0,0,0,-2.86%,2.86%,0,0,0,1537,134,12,RKT,CHI,RGO,RGO,K,1
Penny Lane,716,666,Good Doggo,522,127,LGO,461,T2,1,0,0,0,-2.90%,2.90%,0,0,0,1537,134,12,RKT,CHI,LGO,LGO,LGO,1
Chris P. Bacon,210,336,Good Doggo,522,427,1B,91,T2,2,0,0,0,1.99%,-1.99%,0,0,0,1537,134,12,RKT,CHI,1B,1B,1B,1
J.J. Romero,629,500,Good Doggo,522,947,LGO,447,T2,2,1,0,0,-3.52%,3.52%,0,0,0,1537,134,12,RKT,CHI,LGO,LGO,RGO,1
Dinglebop McKringleberry,1715,782,Mongster Mash,344,566,FO,216,B2,0,0,0,0,-2.75%,2.75%,0,0,0,1538,134,12,CHI,RKT,FO,FO,FO,1
Scrub Magooch,729,58,Mongster Mash,344,444,PO,386,B2,1,0,0,0,-2.68%,2.68%,0,0,0,1538,134,12,CHI,RKT,PO,PO,PO,1
Revant Avenir,2244,590,Mongster Mash,344,1,RGO,411,B2,2,0,0,0,-1.88%,1.88%,0,0,0,1538,134,12,CHI,RKT,RGO,RGO,RGO,1
Whit Merto,162,802,Good Doggo,522,380,LGO,422,T3,0,0,0,0,-3.25%,3.25%,0,0,0,1539,134,12,RKT,CHI,LGO,LGO,RGO,1
Nick Dudley,689,,Good Doggo,522,,Auto K,,T3,1,0,0,0,-3.05%,3.05%,0,0,0,1539,134,12,RKT,CHI,Auto K,Auto K,Auto K,9
Jeff Loldee,2261,528,Good Doggo,522,158,RGO,370,T3,2,0,0,0,-2.06%,2.06%,0,0,0,1539,134,12,RKT,CHI,RGO,RGO,K,1
Michael Ikenberry,63,558,Mongster Mash,344,800,FO,242,B3,0,0,0,0,-3.32%,3.32%,0,0,0,1540,134,12,CHI,RKT,FO,FO,FO,1
Supreme Asslord,363,753,Mongster Mash,344,499,FO,254,B3,1,0,0,0,-2.80%,2.80%,0,0,0,1540,134,12,CHI,RKT,FO,FO,FO,1
Blackbean Burrito,516,198,Mongster Mash,344,923,K,275,B3,2,0,0,0,-2.32%,2.32%,0,0,0,1540,134,12,CHI,RKT,K,K,FO,1
Joe Nastasi,614,222,Good Doggo,522,456,FO,234,T4,0,0,0,0,-3.87%,3.87%,0,0,0,1541,134,12,RKT,CHI,FO,K,FO,1
Primal Cookie,779,138,Good Doggo,522,948,FO,190,T4,1,0,0,0,-3.68%,3.68%,0,0,0,1541,134,12,RKT,CHI,FO,FO,FO,1
Einhorn,74,69,Good Doggo,522,759,RGO,310,T4,2,0,0,0,-2.53%,2.53%,0,0,0,1541,134,12,RKT,CHI,RGO,RGO,K,1
Miroslav,71,322,Mongster Mash,344,345,2B,23,B4,0,0,0,0,9.66%,-9.66%,0,0,0,1542,134,12,CHI,RKT,2B,2B,HR,1
John-Rhys Ealy,2239,436,Mongster Mash,344,881,LGO,445,B4,0,2,0,0,-5.85%,5.85%,0,0,0,1542,134,12,CHI,RKT,LGO,LGO,RGO,1
Good Doggo,522,269,Mongster Mash,344,339,1B,70,B4,1,2,0,0,9.99%,-9.99%,0,0,0,1542,134,12,CHI,RKT,1B,1B,1B,1
Dinglebop McKringleberry,1715,625,Mongster Mash,344,200,DP,425,B4,1,5,0,0,-23.87%,23.87%,0,0,0,1542,134,12,CHI,RKT,LGO,LGO,DP,1
Penny Lane,716,166,Good Doggo,522,350,FO,184,T5,0,0,0,0,-4.71%,4.71%,0,0,0,1543,134,12,RKT,CHI,FO,FO,FO,1
Chris P. Bacon,210,463,Good Doggo,522,495,2B,32,T5,1,0,0,0,8.80%,-8.80%,0,0,0,1543,134,12,RKT,CHI,2B,2B,2B,1
J.J. Romero,629,,Good Doggo,522,,Auto K,,T5,1,2,0,0,-7.14%,7.14%,0,0,0,1543,134,12,RKT,CHI,Auto K,Auto K,Auto K,9
Whit Merto,162,777,Good Doggo,522,947,BB,170,T5,2,2,0,0,2.47%,-2.47%,0,0,0,1543,134,12,RKT,CHI,BB,FO,BB,1
Viking Fishbird,42,233,Good Doggo,522,49,FO,184,T5,2,4,0,0,-11.87%,11.87%,0,0,0,1543,134,12,RKT,CHI,FO,FO,FO,1
Scrub Magooch,729,650,Mongster Mash,344,155,LGO,495,B5,0,0,0,0,-4.39%,4.39%,0,0,0,1544,134,12,CHI,RKT,LGO,LGO,LGO,1
Revant Avenir,2244,726,Mongster Mash,344,666,1B,60,B5,1,0,0,0,4.69%,-4.69%,0,1,1,1544,134,12,CHI,RKT,1B,1B,2B,1
Michael Ikenberry,63,111,Mongster Mash,344,100,HR,11,B5,1,1,0,0,29.17%,-29.17%,2,1,1,1544,134,12,CHI,RKT,HR,HR,HR,1
Supreme Asslord,363,403,Blackbird Lane,2268,225,BB,178,B5,1,0,2,0,1.11%,-1.11%,0,0,0,1544,134,12,CHI,RKT,BB,FO,FO,1
Blackbean Burrito,516,11,Blackbird Lane,2268,469,DP,458,B5,1,1,2,0,-2.44%,2.44%,0,0,0,1544,134,12,CHI,RKT,LGO,LGO,DP,1
Jeff Loldee,2261,382,Good Doggo,522,420,2B,38,T6,0,0,2,0,10.06%,-10.06%,0,1,1,1545,134,12,RKT,CHI,2B,2B,2B,1
Joe Nastasi,614,822,Good Doggo,522,596,FO,226,T6,0,2,2,0,-7.37%,7.37%,0,0,0,1545,134,12,RKT,CHI,FO,FO,FO,1
Primal Cookie,779,210,Good Doggo,522,294,1B,84,T6,1,2,2,0,8.60%,-8.60%,0,1,1,1545,134,12,RKT,CHI,1B,1B,1B,1
Einhorn,74,400,Good Doggo,522,34,RGO,366,T6,1,5,2,0,-7.50%,7.50%,0,0,0,1545,134,12,RKT,CHI,RGO,RGO,K,2
Penny Lane,716,923,Good Doggo,522,845,1B,78,T6,2,6,2,0,28.51%,-28.51%,2,0,0,1545,134,12,RKT,CHI,1B,1B,1B,1
Chris P. Bacon,210,213,Good Doggo,522,638,LGO,425,T6,2,1,2,2,-8.76%,8.76%,0,0,0,1545,134,12,RKT,CHI,LGO,LGO,RGO,1
Miroslav,71,533,Blackbird Lane,2268,758,FO,225,B6,0,0,2,2,-6.12%,6.12%,0,0,0,1546,134,12,CHI,RKT,FO,FO,FO,1
Nikola Tefla,719,12,Blackbird Lane,2268,684,RGO,328,B6,1,0,2,2,-5.87%,5.87%,0,0,0,1546,134,12,CHI,RKT,RGO,RGO,K,1
Good Doggo,522,569,Blackbird Lane,2268,1,LGO,432,B6,2,0,2,2,-4.81%,4.81%,0,0,0,1546,134,12,CHI,RKT,LGO,LGO,RGO,1
Vinny Vega,723,333,Ferret McGivins,1706,412,1B,79,T1,0,0,0,0,3.67%,-3.67%,0,0,0,1547,135,12,PPP,WWC,1B,1B,1B,1
Cam Caminiti,1768,218,Ferret McGivins,1706,63,FO,155,T1,0,1,0,0,-2.98%,2.98%,0,0,0,1547,135,12,PPP,WWC,FO,FO,BB,1
Sticky Mickey Mantle,2236,452,Ferret McGivins,1706,901,DP,449,T1,1,1,0,0,-7.47%,7.47%,0,0,0,1547,135,12,PPP,WWC,LGO,LGO,DP,1
Jeremy Nakamoto,1787,750,Larry Longshot,32,199,LGO,449,B1,0,0,0,0,-2.73%,2.73%,0,0,0,1548,135,12,WWC,PPP,LGO,LGO,RGO,1
Paddy O'Connor,549,925,Larry Longshot,32,699,FO,226,B1,1,0,0,0,-2.27%,2.27%,0,0,0,1548,135,12,WWC,PPP,FO,FO,FO,1
J.J. Guemes,207,15,Larry Longshot,32,199,FO,184,B1,2,0,0,0,-1.79%,1.79%,0,0,0,1548,135,12,WWC,PPP,FO,FO,FO,1
Nipsey Slip,529,123,Ferret McGivins,1706,635,LGO,488,T2,0,0,0,0,-2.86%,2.86%,0,0,0,1549,135,12,PPP,WWC,LGO,LGO,LGO,1
Juni Panda,488,512,Ferret McGivins,1706,620,1B,108,T2,1,0,0,0,3.77%,-3.77%,0,0,0,1549,135,12,PPP,WWC,1B,1B,1B,1
Snoop E. Dogg,22,525,Ferret McGivins,1706,713,FO,188,T2,1,1,0,0,-4.68%,4.68%,0,0,0,1549,135,12,PPP,WWC,FO,FO,FO,1
Poop McGee,596,666,Ferret McGivins,1706,921,K,255,T2,2,1,0,0,-3.52%,3.52%,0,0,0,1549,135,12,PPP,WWC,K,K,FO,1
Hans Ali,197,333,Larry Longshot,32,299,HR,34,B2,0,0,0,0,11.99%,-11.99%,1,1,1,1550,135,12,WWC,PPP,HR,HR,2B,1
Francis Swagger,610,492,Larry Longshot,32,250,K,242,B2,0,0,1,0,-2.16%,2.16%,0,0,0,1550,135,12,WWC,PPP,K,K,FO,1
Hubert Farnsworth,1815,620,Larry Longshot,32,500,BB,120,B2,1,0,1,0,2.63%,-2.63%,0,0,0,1550,135,12,WWC,PPP,BB,BB,1B,1
Ping Pong,530,800,Larry Longshot,32,500,DP,300,B2,1,1,1,0,-6.23%,6.23%,0,0,0,1550,135,12,WWC,PPP,RGO,RGO,K,1
Eric Leeder,29,366,Ferret McGivins,1706,321,1B,45,T3,0,0,1,0,4.87%,-4.87%,0,0,0,1551,135,12,PPP,WWC,1B,1B,2B,1
Larry Longshot,32,101,Ferret McGivins,1706,528,DP,427,T3,0,1,1,0,-11.61%,11.61%,0,0,0,1551,135,12,PPP,WWC,RGO,RGO,DP,1
Vinny Vega,723,333,Ferret McGivins,1706,1,PO,332,T3,2,0,1,0,-2.16%,2.16%,0,0,0,1551,135,12,PPP,WWC,PO,PO,K,1
Henri Deschenes,2234,300,Larry Longshot,32,528,FO,228,B3,0,0,1,0,-2.34%,2.34%,0,0,0,1552,135,12,WWC,PPP,FO,K,FO,1
Guido Ligiorno,1830,27,Larry Longshot,32,1,3B,26,B3,1,0,1,0,8.18%,-8.18%,0,0,0,1552,135,12,WWC,PPP,3B,HR,3B,1
Jeremy Nakamoto,1787,204,Larry Longshot,32,880,K,324,B3,1,3,1,0,-7.77%,7.77%,0,0,0,1552,135,12,WWC,PPP,K,K,K,1
Guido Ligiorno,1830,10,Larry Longshot,32,666,CS,344,B3,2,3,1,0,-4.09%,4.09%,0,0,0,1552,135,12,WWC,PPP,CS Home,CS Home,CS,4
Cam Caminiti,1768,768,Ferret McGivins,1706,601,FO,167,T4,0,0,1,0,-4.06%,4.06%,0,0,0,1553,135,12,PPP,WWC,FO,FO,BB,1
Sticky Mickey Mantle,2236,111,Ferret McGivins,1706,704,RGO,407,T4,1,0,1,0,-3.83%,3.83%,0,0,0,1553,135,12,PPP,WWC,RGO,RGO,RGO,1
Nipsey Slip,529,1,Ferret McGivins,1706,801,FO,200,T4,2,0,1,0,-2.57%,2.57%,0,0,0,1553,135,12,PPP,WWC,FO,FO,FO,1
Paddy O'Connor,549,440,Larry Longshot,32,666,FO,226,B4,0,0,1,0,-2.24%,2.24%,0,0,0,1554,135,12,WWC,PPP,FO,FO,FO,1
J.J. Guemes,207,419,Larry Longshot,32,666,FO,247,B4,1,0,1,0,-1.93%,1.93%,0,0,0,1554,135,12,WWC,PPP,FO,FO,FO,1
Hans Ali,197,579,Larry Longshot,32,1,LGO,422,B4,2,0,1,0,-1.56%,1.56%,0,0,0,1554,135,12,WWC,PPP,LGO,LGO,RGO,1
Juni Panda,488,666,Ferret McGivins,1706,808,1B,142,T5,0,0,1,0,7.39%,-7.39%,0,0,0,1555,135,12,PPP,WWC,1B,1B,BB,1
Juni Panda,488,1000,Ferret McGivins,1706,310,CS,310,T5,0,1,1,0,-12.68%,12.68%,0,0,0,1555,135,12,PPP,WWC,CS 2B,CS 2B,CS,4
Snoop E. Dogg,22,322,Ferret McGivins,1706,567,K,245,T5,1,0,1,0,-5.21%,5.21%,0,0,0,1555,135,12,PPP,WWC,K,K,FO,1
Poop McGee,596,932,Ferret McGivins,1706,190,K,258,T5,2,0,1,0,-3.39%,3.39%,0,0,0,1555,135,12,PPP,WWC,K,K,FO,1
Francis Swagger,610,666,Nipsey Slip,529,601,2B,65,B5,0,0,1,0,4.16%,-4.16%,0,1,1,1556,135,12,WWC,PPP,2B,2B,1B,1
Hubert Farnsworth,1815,115,Nipsey Slip,529,995,1B,120,B5,0,2,1,0,4.20%,-4.20%,0,1,1,1556,135,12,WWC,PPP,1B,1B,1B,1
Ping Pong,530,121,Nipsey Slip,529,130,HR,9,B5,0,5,1,0,4.99%,-4.99%,3,1,1,1556,135,12,WWC,PPP,HR,HR,HR,1
Henri Deschenes,2234,880,Nipsey Slip,529,809,2B,71,B5,0,0,4,0,0.33%,-0.33%,0,1,1,1556,135,12,WWC,PPP,2B,2B,1B,1
Guido Ligiorno,1830,500,Nipsey Slip,529,71,LGO,429,B5,0,2,4,0,0.00%,0.00%,0,0,0,1556,135,12,WWC,PPP,LGO,LGO,RGO,1
Jeremy Nakamoto,1787,808,Nipsey Slip,529,660,1B,148,B5,1,2,4,0,0.53%,-0.53%,0,0,0,1556,135,12,WWC,PPP,1B,1B,BB,1
Paddy O'Connor,549,230,Nipsey Slip,529,15,Sac,215,B5,1,5,4,0,-0.10%,0.10%,1,0,0,1556,135,12,WWC,PPP,FO,FO,Sac,1
J.J. Guemes,207,777,Snoop E. Dogg,22,840,1B,63,B5,2,1,5,0,0.23%,-0.23%,0,0,0,1556,135,12,WWC,PPP,1B,1B,2B,1
Hans Ali,197,420,Snoop E. Dogg,22,777,RGO,357,B5,2,5,5,0,-0.37%,0.37%,0,0,0,1556,135,12,WWC,PPP,RGO,RGO,K,1
Eric Leeder,29,788,Ferret McGivins,1706,164,PO,376,T6,0,0,5,0,-0.51%,0.51%,0,0,0,1557,135,12,PPP,WWC,PO,PO,K,1
Larry Longshot,32,537,Ferret McGivins,1706,832,K,295,T6,1,0,5,0,-0.37%,0.37%,0,0,0,1557,135,12,PPP,WWC,K,K,K,1
Vinny Vega,723,833,Ferret McGivins,1706,382,LGO,451,T6,2,0,5,0,-0.07%,0.07%,0,0,0,1557,135,12,PPP,WWC,LGO,LGO,LGO,1
Big Nutty,196,166,Doc Otis,2256,23,BB,143,T1,0,0,0,0,3.67%,-3.67%,0,0,0,1558,136,12,YUM,TSA,BB,BB,BB,1
Barney Summers,414,411,Doc Otis,2256,42,K,369,T1,0,1,0,0,-2.98%,2.98%,0,0,0,1558,136,12,YUM,TSA,K,K,K,1
LaPrince Frye,45,278,Doc Otis,2256,2,K,276,T1,1,1,0,0,-3.96%,3.96%,0,0,0,1558,136,12,YUM,TSA,K,K,FO,1
Blandon Brade,50,911,Doc Otis,2256,49,BB,138,T1,2,1,0,0,3.01%,-3.01%,0,0,0,1558,136,12,YUM,TSA,BB,BB,BB,1
C.J. Yantzi,323,315,Doc Otis,2256,48,K,267,T1,2,4,0,0,-6.52%,6.52%,0,0,0,1558,136,12,YUM,TSA,K,K,FO,1
Dogwood Maple,2220,272,Big Nutty,196,899,PO,373,B1,0,0,0,0,-2.73%,2.73%,0,0,0,1559,136,12,TSA,YUM,PO,PO,K,1
Wonder Francoh,2242,885,Big Nutty,196,350,LGO,465,B1,1,0,0,0,-2.27%,2.27%,0,0,0,1559,136,12,TSA,YUM,LGO,LGO,LGO,1
"Adrian ""Pudge"" Young",1772,204,Big Nutty,196,516,PO,312,B1,2,0,0,0,-1.79%,1.79%,0,0,0,1559,136,12,TSA,YUM,PO,RGO,K,1
Trevor Rose,1725,777,Doc Otis,2256,10,FO,233,T2,0,0,0,0,-2.86%,2.86%,0,0,0,1560,136,12,YUM,TSA,FO,FO,FO,1
Derek Tombides,580,601,Doc Otis,2256,27,RGO,426,T2,1,0,0,0,-2.90%,2.90%,0,0,0,1560,136,12,YUM,TSA,RGO,RGO,RGO,1
Nikolas Romero,157,888,Doc Otis,2256,36,BB,148,T2,2,0,0,0,1.99%,-1.99%,0,0,0,1560,136,12,YUM,TSA,BB,BB,BB,1
P'quilla Porgsby,599,628,Doc Otis,2256,23,PO,395,T2,2,1,0,0,-3.52%,3.52%,0,0,0,1560,136,12,YUM,TSA,PO,PO,PO,1
Davoin Shower-Handel,1949,1000,Big Nutty,196,108,1B,108,B2,0,0,0,0,3.93%,-3.93%,0,0,0,1561,136,12,TSA,YUM,1B,1B,1B,1
Fernando Cruz,176,975,Big Nutty,196,698,K,277,B2,0,1,0,0,-3.01%,3.01%,0,0,0,1561,136,12,TSA,YUM,K,K,FO,1
Lloyd Gross,135,238,Big Nutty,196,729,DP,491,B2,1,1,0,0,-8.23%,8.23%,0,0,0,1561,136,12,TSA,YUM,LGO,LGO,DP,1
Big Nutty,196,345,Doc Otis,2256,12,K,333,T3,0,0,0,0,-3.25%,3.25%,0,0,0,1562,136,12,YUM,TSA,K,K,K,1
Barney Summers,414,342,Doc Otis,2256,36,K,306,T3,1,0,0,0,-3.05%,3.05%,0,0,0,1562,136,12,YUM,TSA,K,K,K,1
LaPrince Frye,45,55,Doc Otis,2256,22,3B,33,T3,2,0,0,0,2.54%,-2.54%,0,0,0,1562,136,12,YUM,TSA,3B,3B,2B,1
Blandon Brade,50,,Doc Otis,2256,,Auto K,,T3,2,3,0,0,-4.60%,4.60%,0,0,0,1562,136,12,YUM,TSA,Auto K,Auto K,Auto K,9
Ethan Franklin,128,282,Big Nutty,196,574,PO,292,B3,0,0,0,0,-3.32%,3.32%,0,0,0,1563,136,12,TSA,YUM,PO,PO,K,1
Batter Buckland,137,860,Big Nutty,196,909,2B,49,B3,1,0,0,0,5.95%,-5.95%,0,1,1,1563,136,12,TSA,YUM,2B,2B,2B,1
Carlos,132,420,Big Nutty,196,290,1B,130,B3,1,2,0,0,9.24%,-9.24%,0,1,1,1563,136,12,TSA,YUM,1B,BB,1B,1
Dogwood Maple,2220,121,Big Nutty,196,279,Sac,158,B3,1,5,0,0,-0.71%,0.71%,1,0,0,1563,136,12,TSA,YUM,FO,FO,BB,1
Wonder Francoh,2242,727,Big Nutty,196,779,2B,52,B3,2,1,1,0,11.40%,-11.40%,1,0,0,1563,136,12,TSA,YUM,2B,2B,2B,1
"Adrian ""Pudge"" Young",1772,614,Big Nutty,196,111,LGO,497,B3,2,2,2,0,-2.56%,2.56%,0,0,0,1563,136,12,TSA,YUM,LGO,LGO,LGO,1
C.J. Yantzi,323,94,Doc Otis,2256,3,1B,91,T4,0,0,2,0,5.30%,-5.30%,0,1,1,1564,136,12,YUM,TSA,1B,1B,1B,1
Trevor Rose,1725,80,Doc Otis,2256,50,HR,30,T4,0,1,2,0,23.14%,-23.14%,2,1,1,1564,136,12,YUM,TSA,HR,HR,2B,1
Derek Tombides,580,998,Doc Otis,2256,1,HR,3,T4,0,0,2,2,16.26%,-16.26%,1,1,1,1564,136,12,YUM,TSA,HR,HR,HR,1
Nikolas Romero,157,449,Doc Otis,2256,250,FO,199,T4,0,0,2,3,-2.65%,2.65%,0,0,0,1564,136,12,YUM,TSA,FO,FO,FO,1
P'quilla Porgsby,599,932,Doc Otis,2256,666,K,266,T4,1,0,2,3,-2.58%,2.58%,0,0,0,1564,136,12,YUM,TSA,K,K,FO,1
Big Nutty,196,741,Doc Otis,2256,499,FO,242,T4,2,0,2,3,-1.93%,1.93%,0,0,0,1564,136,12,YUM,TSA,FO,FO,FO,1
Nicholas Fouss,1776,969,Big Nutty,196,335,PO,366,B4,0,0,2,3,-4.80%,4.80%,0,0,0,1565,136,12,TSA,YUM,PO,PO,K,1
Fernando Cruz,176,278,Big Nutty,196,475,FO,197,B4,1,0,2,3,-4.17%,4.17%,0,0,0,1565,136,12,TSA,YUM,FO,FO,FO,1
Lloyd Gross,135,666,Big Nutty,196,515,BB,151,B4,2,0,2,3,3.29%,-3.29%,0,0,0,1565,136,12,TSA,YUM,BB,BB,BB,1
Ethan Franklin,128,727,Big Nutty,196,439,PO,288,B4,2,1,2,3,-6.64%,6.64%,0,0,0,1565,136,12,TSA,YUM,PO,PO,K,1
Superbone Threefinger,413,801,Doc Otis,2256,785,HR,16,T5,0,0,2,3,11.82%,-11.82%,1,1,1,1566,136,12,YUM,TSA,HR,HR,HR,1
LaPrince Frye,45,203,Lord Azula,425,555,RGO,352,T5,0,0,2,4,-1.24%,1.24%,0,0,0,1566,136,12,YUM,TSA,RGO,RGO,K,1
Blandon Brade,50,296,Lord Azula,425,800,LGO,496,T5,1,0,2,4,-1.79%,1.79%,0,0,0,1566,136,12,YUM,TSA,LGO,LGO,LGO,1
C.J. Yantzi,323,744,Lord Azula,425,500,K,244,T5,2,0,2,4,-1.44%,1.44%,0,0,0,1566,136,12,YUM,TSA,K,PO,FO,1
Batter Buckland,137,211,Big Nutty,196,270,2B,59,B5,0,0,2,4,11.32%,-11.32%,0,1,1,1567,136,12,TSA,YUM,2B,2B,2B,1
Carlos,132,377,Big Nutty,196,707,PO,330,B5,0,2,2,4,-8.83%,8.83%,0,0,0,1567,136,12,TSA,YUM,PO,PO,K,1
Dogwood Maple,2220,342,Big Nutty,196,350,HR,8,B5,1,2,2,4,34.35%,-34.35%,2,1,1,1567,136,12,TSA,YUM,HR,HR,HR,1
Wonder Francoh,2242,154,Big Nutty,196,164,HR,10,B5,1,0,4,4,25.18%,-25.18%,1,1,1,1567,136,12,TSA,YUM,HR,HR,HR,1
"Adrian ""Pudge"" Young",1772,282,Jackson Sanchez,46,572,RGO,290,B5,1,0,5,4,-1.61%,1.61%,0,0,0,1567,136,12,TSA,YUM,RGO,RGO,K,1
Nicholas Fouss,1776,14,Jackson Sanchez,46,907,1B,107,B5,2,0,5,4,1.22%,-1.22%,0,1,1,1567,136,12,TSA,YUM,1B,1B,1B,1
Fernando Cruz,176,78,Jackson Sanchez,46,112,2B,34,B5,2,1,5,4,9.34%,-9.34%,1,0,0,1567,136,12,TSA,YUM,2B,2B,2B,1
Lloyd Gross,135,420,Jackson Sanchez,46,200,FO,220,B5,2,2,6,4,-1.60%,1.60%,0,0,0,1567,136,12,TSA,YUM,FO,FO,FO,1
Trevor Rose,1725,250,Lord Azula,425,215,2B,35,T6,0,0,6,4,10.06%,-10.06%,0,1,1,1568,136,12,YUM,TSA,2B,2B,2B,1
Derek Tombides,580,246,Lord Azula,425,800,LGO,446,T6,0,2,6,4,-7.37%,7.37%,0,0,0,1568,136,12,YUM,TSA,LGO,LGO,RGO,1
Nikolas Romero,157,28,Lord Azula,425,350,RGO,322,T6,1,2,6,4,-6.64%,6.64%,0,0,0,1568,136,12,YUM,TSA,RGO,RGO,K,1
P'quilla Porgsby,599,1,Lord Azula,425,890,1B,111,T6,2,3,6,4,5.14%,-5.14%,1,1,1,1568,136,12,YUM,TSA,1B,1B,1B,1
Jackson Sanchez,46,375,Lord Azula,425,430,2B,55,T6,2,1,6,5,35.41%,-35.41%,1,0,0,1568,136,12,YUM,TSA,2B,2B,2B,1
Superbone Threefinger,413,330,Nicholas Fouss,1776,666,K,336,T6,2,2,6,6,-13.06%,13.06%,0,0,0,1568,136,12,YUM,TSA,K,K,K,1
Ethan Franklin,128,831,Jackson Sanchez,46,915,1B,84,B6,0,0,6,6,5.96%,-5.96%,0,0,0,1569,136,12,TSA,YUM,1B,1B,1B,1
Batter Buckland,137,152,Jackson Sanchez,46,316,BB,164,B6,0,1,6,6,15.89%,-15.89%,0,0,0,1569,136,12,TSA,YUM,BB,FO,BB,1
Lord Azula,425,10,Jackson Sanchez,46,920,1B,90,B6,0,4,6,6,9.22%,-9.22%,0,0,0,1569,136,12,TSA,YUM,1B,1B,1B,1
Dogwood Maple,2220,723,Jackson Sanchez,46,32,K,309,B6,0,7,6,6,-5.50%,5.50%,0,0,0,1569,136,12,TSA,YUM,K,PO,K,1
Wonder Francoh,2242,641,Jackson Sanchez,46,150,DP,491,B6,1,7,6,6,-42.37%,42.37%,0,0,0,1569,136,12,TSA,YUM,LGO,LGO,DP,1
Don Chalupa,481,277,Bench Warmer,665,670,RGO,393,T1,0,0,0,0,-2.52%,2.52%,0,0,0,1570,137,12,SPR,GBC,RGO,RGO,PO,1
Zum Saparilla,160,541,Bench Warmer,665,890,K,349,T1,1,0,0,0,-2.52%,2.52%,0,0,0,1570,137,12,SPR,GBC,K,K,K,1
Dirk Leschnewski,1781,433,Bench Warmer,665,917,LGO,484,T1,2,0,0,0,-1.74%,1.74%,0,0,0,1570,137,12,SPR,GBC,LGO,LGO,LGO,1
Javier Tootblan,192,739,Nori Aru,131,444,K,295,B1,0,0,0,0,-2.73%,2.73%,0,0,0,1571,137,12,GBC,SPR,K,K,K,1
Whitt Bass,39,215,Nori Aru,131,722,LGO,493,B1,1,0,0,0,-2.27%,2.27%,0,0,0,1571,137,12,GBC,SPR,LGO,LGO,LGO,1
Dirtbag Darrell,262,250,Nori Aru,131,69,FO,181,B1,2,0,0,0,-1.79%,1.79%,0,0,0,1571,137,12,GBC,SPR,FO,FO,FO,1
Lemon Ade,193,110,Bench Warmer,665,761,K,349,T2,0,0,0,0,-2.86%,2.86%,0,0,0,1572,137,12,SPR,GBC,K,K,K,1
Apple Watch,1788,356,Bench Warmer,665,530,BB,174,T2,1,0,0,0,3.77%,-3.77%,0,0,0,1572,137,12,SPR,GBC,BB,BB,BB,1
Pete Wheeler,783,69,Bench Warmer,665,612,DP,457,T2,1,1,0,0,-8.20%,8.20%,0,0,0,1572,137,12,SPR,GBC,LGO,LGO,DP,1
Demetrios Ooga,180,69,Nori Aru,131,604,LGO,465,B2,0,0,0,0,-2.75%,2.75%,0,0,0,1573,137,12,GBC,SPR,LGO,LGO,LGO,1
BEST Nova,191,69,Nori Aru,131,604,LGO,465,B2,1,0,0,0,-2.68%,2.68%,0,0,0,1573,137,12,GBC,SPR,LGO,LGO,LGO,1
Mattress Cadaire,116,69,Nori Aru,131,929,BB,140,B2,2,0,0,0,2.05%,-2.05%,0,0,0,1573,137,12,GBC,SPR,BB,BB,BB,1
Mattress Cadaire,116,69,Nori Aru,131,420,CS,351,B2,2,1,0,0,-3.93%,3.93%,0,0,0,1573,137,12,GBC,SPR,CS 2B,CS 2B,CS,4
Ivan Yakenov,2270,239,Bench Warmer,665,12,FO,227,T3,0,0,0,0,-3.25%,3.25%,0,0,0,1574,137,12,SPR,GBC,FO,FO,FO,1
Che Or,1759,666,Bench Warmer,665,799,BB,133,T3,1,0,0,0,3.77%,-3.77%,0,0,0,1574,137,12,SPR,GBC,BB,BB,1B,1
Nori Aru,131,69,Bench Warmer,665,799,FO,270,T3,1,1,0,0,-4.32%,4.32%,0,0,0,1574,137,12,SPR,GBC,FO,FO,FO,1
Don Chalupa,481,744,Bench Warmer,665,1000,FO,256,T3,2,1,0,0,-4.56%,4.56%,0,0,0,1574,137,12,SPR,GBC,FO,FO,FO,1
Joe Watson,194,678,Nori Aru,131,859,FO,181,B3,0,0,0,0,-3.32%,3.32%,0,0,0,1575,137,12,GBC,SPR,FO,FO,FO,1
Rotticus Scott,562,226,Nori Aru,131,700,LGO,474,B3,1,0,0,0,-2.80%,2.80%,0,0,0,1575,137,12,GBC,SPR,LGO,LGO,LGO,1
Beeg Yoshi,1718,12,Nori Aru,131,69,1B,57,B3,2,0,0,0,2.06%,-2.06%,0,0,0,1575,137,12,GBC,SPR,1B,1B,2B,1
Javier Tootblan,192,732,Nori Aru,131,569,FO,163,B3,2,1,0,0,-4.38%,4.38%,0,0,0,1575,137,12,GBC,SPR,FO,FO,BB,1
Zum Saparilla,160,315,Bench Warmer,665,21,K,294,T4,0,0,0,0,-3.87%,3.87%,0,0,0,1576,137,12,SPR,GBC,K,K,K,1
Dirk Leschnewski,1781,631,Bench Warmer,665,439,FO,192,T4,1,0,0,0,-3.68%,3.68%,0,0,0,1576,137,12,SPR,GBC,FO,FO,FO,1
Lemon Ade,193,340,Bench Warmer,665,901,RGO,439,T4,2,0,0,0,-2.53%,2.53%,0,0,0,1576,137,12,SPR,GBC,RGO,RGO,RGO,1
Whitt Bass,39,999,Nori Aru,131,569,RGO,430,B4,0,0,0,0,-3.93%,3.93%,0,0,0,1577,137,12,GBC,SPR,RGO,RGO,RGO,1
Dirtbag Darrell,262,250,Nori Aru,131,333,1B,83,B4,1,0,0,0,4.78%,-4.78%,0,0,0,1577,137,12,GBC,SPR,1B,1B,1B,1
Demetrios Ooga,180,690,Nori Aru,131,333,PO,357,B4,1,1,0,0,-5.81%,5.81%,0,0,0,1577,137,12,GBC,SPR,PO,PO,K,1
BEST Nova,191,596,Nori Aru,131,699,BB,103,B4,2,1,0,0,4.34%,-4.34%,0,0,0,1577,137,12,GBC,SPR,BB,BB,1B,1
Mattress Cadaire,116,369,Nori Aru,131,596,FO,227,B4,2,4,0,0,-9.45%,9.45%,0,0,0,1577,137,12,GBC,SPR,FO,FO,FO,1
Apple Watch,1788,212,Bench Warmer,665,431,FO,219,T5,0,0,0,0,-4.71%,4.71%,0,0,0,1578,137,12,SPR,GBC,FO,FO,FO,1
Pete Wheeler,783,23,Bench Warmer,665,212,FO,189,T5,1,0,0,0,-4.48%,4.48%,0,0,0,1578,137,12,SPR,GBC,FO,FO,FO,1
Ivan Yakenov,2270,466,Bench Warmer,665,500,2B,34,T5,2,0,0,0,6.14%,-6.14%,0,0,0,1578,137,12,SPR,GBC,2B,2B,2B,1
Che Or,1759,880,Bench Warmer,665,300,RGO,420,T5,2,2,0,0,-9.40%,9.40%,0,0,0,1578,137,12,SPR,GBC,RGO,RGO,RGO,1
Joe Watson,194,233,Nori Aru,131,569,K,336,B5,0,0,0,0,-4.39%,4.39%,0,0,0,1579,137,12,GBC,SPR,K,K,K,1
Rotticus Scott,562,965,Nori Aru,131,669,K,296,B5,1,0,0,0,-4.77%,4.77%,0,0,0,1579,137,12,GBC,SPR,K,K,K,1
Beeg Yoshi,1718,69,Nori Aru,131,569,LGO,500,B5,2,0,0,0,-3.04%,3.04%,0,0,0,1579,137,12,GBC,SPR,LGO,LGO,LGO,1
Nori Aru,131,69,Bench Warmer,665,229,BB,160,T6,0,0,0,0,6.62%,-6.62%,0,0,0,1580,137,12,SPR,GBC,BB,BB,BB,1
Don Chalupa,481,744,Bench Warmer,665,229,DP,485,T6,0,1,0,0,-18.58%,18.58%,0,0,0,1580,137,12,SPR,GBC,LGO,LGO,DP,1
Zum Saparilla,160,843,Bench Warmer,665,12,BB,169,T6,2,0,0,0,3.92%,-3.92%,0,1,1,1580,137,12,SPR,GBC,BB,BB,BB,1
Dirk Leschnewski,1781,457,Bench Warmer,665,512,1B,55,T6,2,1,0,0,6.99%,-6.99%,0,1,1,1580,137,12,SPR,GBC,1B,1B,2B,1
Lemon Ade,193,512,Bench Warmer,665,512,HR,0,T6,2,5,0,0,45.80%,-45.80%,3,1,1,1580,137,12,SPR,GBC,HR,HR,HR,1
Apple Watch,1788,965,Bench Warmer,665,999,2B,34,T6,2,0,0,3,0.33%,-0.33%,0,0,0,1580,137,12,SPR,GBC,2B,2B,2B,1
Pete Wheeler,783,303,Bench Warmer,665,700,PO,397,T6,2,2,0,3,-0.81%,0.81%,0,0,0,1580,137,12,SPR,GBC,PO,PO,PO,1
Javier Tootblan,192,400,Dirk Leschnewski,1781,815,RGO,415,B6,0,0,0,3,-3.09%,3.09%,0,0,0,1581,137,12,GBC,SPR,RGO,RGO,RGO,1
Whitt Bass,39,905,Dirk Leschnewski,1781,815,1B,90,B6,1,0,0,3,4.26%,-4.26%,0,1,1,1581,137,12,GBC,SPR,1B,1B,1B,1
Dirtbag Darrell,262,169,Dirk Leschnewski,1781,122,2B,47,B6,1,1,0,3,10.67%,-10.67%,0,1,1,1581,137,12,GBC,SPR,2B,2B,2B,1
Demetrios Ooga,180,690,Dirk Leschnewski,1781,666,2B,24,B6,1,6,0,3,15.91%,-15.91%,2,0,0,1581,137,12,GBC,SPR,2B,3B,HR,1
BEST Nova,191,666,Dirk Leschnewski,1781,950,K,284,B6,1,2,2,3,-15.08%,15.08%,0,0,0,1581,137,12,GBC,SPR,K,K,FO,1
Mattress Cadaire,116,580,Dirk Leschnewski,1781,222,RGO,358,B6,2,2,2,3,-18.62%,18.62%,0,0,0,1581,137,12,GBC,SPR,RGO,RGO,K,1
Dirk Digglet,2206,169,Cole Schmole,654,69,1B,100,T1,0,0,0,0,3.67%,-3.67%,0,0,0,1582,138,12,ISO,GTY,1B,1B,1B,1
Dirk Digglet,2206,444,Cole Schmole,654,369,SB,75,T1,0,1,0,0,3.11%,-3.11%,0,0,0,1582,138,12,ISO,GTY,Steal 2B,Steal 2B,SB,4
Stubby Footman,539,,Cole Schmole,654,,Auto K,,T1,0,2,0,0,-4.82%,4.82%,0,0,0,1582,138,12,ISO,GTY,Auto K,Auto K,Auto K,9
Jeffrey Nolan,35,922,Cole Schmole,654,700,FO,222,T1,1,2,0,0,-4.16%,4.16%,0,0,0,1582,138,12,ISO,GTY,FO,FO,FO,1
Mantis Toboggan,1802,922,Cole Schmole,654,600,K,322,T1,2,2,0,0,-4.58%,4.58%,0,0,0,1582,138,12,ISO,GTY,K,K,K,1
Shogun Of Harlem,1762,880,Bob Dobby,1736,1000,BB,120,B1,0,0,0,0,3.55%,-3.55%,0,0,0,1583,138,12,GTY,ISO,BB,BB,1B,1
Sammy Tee,731,410,Bob Dobby,1736,880,DP,470,B1,0,1,0,0,-8.55%,8.55%,0,0,0,1583,138,12,GTY,ISO,RGO,RGO,DP,1
Aidan Myers,1960,410,Bob Dobby,1736,333,1B,77,B1,2,0,0,0,1.50%,-1.50%,0,0,0,1583,138,12,GTY,ISO,1B,1B,1B,1
Kegs Mabry,223,115,Bob Dobby,1736,901,K,214,B1,2,1,0,0,-3.29%,3.29%,0,0,0,1583,138,12,GTY,ISO,K,K,FO,1
Bob Dobby,1736,455,Cole Schmole,654,400,1B,55,T2,0,0,0,0,4.19%,-4.19%,0,1,1,1584,138,12,ISO,GTY,1B,1B,2B,1
Jimmy Haase,1826,888,Cole Schmole,654,101,FO,213,T2,0,1,0,0,-3.28%,3.28%,0,0,0,1584,138,12,ISO,GTY,FO,FO,FO,1
Mike Oxlong,230,512,Cole Schmole,654,350,FO,162,T2,1,1,0,0,-4.68%,4.68%,0,0,0,1584,138,12,ISO,GTY,FO,FO,BB,1
Monty Johnson,557,724,Cole Schmole,654,616,1B,108,T2,2,1,0,0,3.44%,-3.44%,0,0,0,1584,138,12,ISO,GTY,1B,1B,1B,1
Grand Salami,781,601,Cole Schmole,654,499,1B,102,T2,2,5,0,0,11.99%,-11.99%,1,0,0,1584,138,12,ISO,GTY,1B,1B,1B,1
Dirk Digglet,2206,1000,Cole Schmole,654,701,K,299,T2,2,5,0,1,-6.31%,6.31%,0,0,0,1584,138,12,ISO,GTY,K,K,K,1
Joe Whomper,1755,666,Bob Dobby,1736,112,RGO,446,B2,0,0,0,1,-3.40%,3.40%,0,0,0,1585,138,12,GTY,ISO,RGO,RGO,RGO,1
Nick Papagiorgio,499,207,Bob Dobby,1736,99,BB,108,B2,1,0,0,1,4.30%,-4.30%,0,0,0,1585,138,12,GTY,ISO,BB,1B,1B,1
Nick Papagiorgio,499,700,Bob Dobby,1736,99,CS,399,B2,1,1,0,1,-7.05%,7.05%,0,0,0,1585,138,12,GTY,ISO,CS 2B,CS 2B,CS,4
Lincoln Lincoln,661,420,Bob Dobby,1736,747,PO,327,B2,2,0,0,1,-2.18%,2.18%,0,0,0,1585,138,12,GTY,ISO,PO,PO,K,1
Ronnie Wristclocks,2246,303,Cole Schmole,654,550,FO,247,T3,0,0,0,1,-2.77%,2.77%,0,0,0,1586,138,12,ISO,GTY,FO,FO,FO,1
Jeffrey Nolan,35,839,Cole Schmole,654,390,RGO,449,T3,1,0,0,1,-2.57%,2.57%,0,0,0,1586,138,12,ISO,GTY,RGO,RGO,RGO,1
Mantis Toboggan,1802,121,Cole Schmole,654,490,K,369,T3,2,0,0,1,-1.56%,1.56%,0,0,0,1586,138,12,ISO,GTY,K,K,K,1
Charpasm Chim,597,544,Bob Dobby,1736,212,PO,332,B3,0,0,0,1,-4.00%,4.00%,0,0,0,1587,138,12,GTY,ISO,PO,PO,K,1
Matt Himynamis,361,212,Bob Dobby,1736,888,PO,324,B3,1,0,0,1,-3.30%,3.30%,0,0,0,1587,138,12,GTY,ISO,PO,PO,K,1
Shogun Of Harlem,1762,112,Bob Dobby,1736,777,PO,335,B3,2,0,0,1,-2.28%,2.28%,0,0,0,1587,138,12,GTY,ISO,PO,PO,K,1
Bob Dobby,1736,555,Cole Schmole,654,250,K,305,T4,0,0,0,1,-2.65%,2.65%,0,0,0,1588,138,12,ISO,GTY,K,K,K,1
Jimmy Haase,1826,692,Cole Schmole,654,1,K,309,T4,1,0,0,1,-2.58%,2.58%,0,0,0,1588,138,12,ISO,GTY,K,K,K,1
Mike Oxlong,230,112,Cole Schmole,654,880,K,232,T4,2,0,0,1,-1.93%,1.93%,0,0,0,1588,138,12,ISO,GTY,K,K,FO,1
Sammy Tee,731,,Bob Dobby,1736,,Auto K,,B4,0,0,0,1,-4.80%,4.80%,0,0,0,1589,138,12,GTY,ISO,Auto K,Auto K,Auto K,9
Aidan Myers,1960,927,Bob Dobby,1736,778,FO,149,B4,1,0,0,1,-4.17%,4.17%,0,0,0,1589,138,12,GTY,ISO,FO,FO,BB,1
Kegs Mabry,223,450,Bob Dobby,1736,820,PO,370,B4,2,0,0,1,-3.35%,3.35%,0,0,0,1589,138,12,GTY,ISO,PO,PO,K,1
Monty Johnson,557,834,Cole Schmole,654,700,BB,134,T5,0,0,0,1,3.41%,-3.41%,0,1,1,1590,138,12,ISO,GTY,BB,BB,1B,1
Grand Salami,781,467,Cole Schmole,654,480,HR,13,T5,0,1,0,1,15.92%,-15.92%,2,1,1,1590,138,12,ISO,GTY,HR,HR,HR,1
Dirk Digglet,2206,333,Cole Schmole,654,550,FO,217,T5,0,0,0,3,-0.82%,0.82%,0,0,0,1590,138,12,ISO,GTY,FO,FO,FO,1
Ronnie Wristclocks,2246,,Cole Schmole,654,,Auto K,,T5,1,0,0,3,-0.96%,0.96%,0,0,0,1590,138,12,ISO,GTY,Auto K,Auto K,Auto K,9
Jeffrey Nolan,35,944,Cole Schmole,654,800,BB,144,T5,2,0,0,3,0.58%,-0.58%,0,0,0,1590,138,12,ISO,GTY,BB,BB,BB,1
Mantis Toboggan,1802,220,Cole Schmole,654,300,1B,80,T5,2,1,0,3,0.71%,-0.71%,0,0,0,1590,138,12,ISO,GTY,1B,1B,1B,1
Bob Dobby,1736,555,Sarah Curvingsworth,1705,166,RGO,389,T5,2,5,0,3,-2.27%,2.27%,0,0,0,1590,138,12,ISO,GTY,RGO,RGO,PO,1
Joe Whomper,1755,611,Bob Dobby,1736,769,FO,158,B5,0,0,0,3,-3.50%,3.50%,0,0,0,1591,138,12,GTY,ISO,FO,FO,BB,1
Nick Papagiorgio,499,792,Bob Dobby,1736,493,PO,299,B5,1,0,0,3,-2.60%,2.60%,0,0,0,1591,138,12,GTY,ISO,PO,PO,K,1
Lincoln Lincoln,661,5,Bob Dobby,1736,301,PO,296,B5,2,0,0,3,-1.28%,1.28%,0,0,0,1591,138,12,GTY,ISO,PO,PO,K,1
Jimmy Haase,1826,555,Aidan Myers,1960,947,PO,392,T6,0,0,0,3,-0.44%,0.44%,0,0,0,1592,138,12,ISO,GTY,PO,PO,PO,1
Mike Oxlong,230,666,Aidan Myers,1960,764,1B,98,T6,1,0,0,3,0.85%,-0.85%,0,0,0,1592,138,12,ISO,GTY,1B,1B,1B,1
Monty Johnson,557,214,Aidan Myers,1960,123,1B,91,T6,1,1,0,3,0.59%,-0.59%,0,0,0,1592,138,12,ISO,GTY,1B,1B,1B,1
Grand Salami,781,,Aidan Myers,1960,,Auto K,,T6,1,4,0,3,-1.06%,1.06%,0,0,0,1592,138,12,ISO,GTY,Auto K,Auto K,Auto K,9
Dirk Digglet,2206,69,Aidan Myers,1960,436,PO,367,T6,2,4,0,3,-1.30%,1.30%,0,0,0,1592,138,12,ISO,GTY,PO,PO,K,1
Charpasm Chim,597,2,Bob Dobby,1736,543,RGO,459,B6,0,0,0,3,-3.09%,3.09%,0,0,0,1593,138,12,GTY,ISO,RGO,RGO,LGO,1
Matt Himynamis,361,369,Bob Dobby,1736,750,PO,381,B6,1,0,0,3,-2.13%,2.13%,0,0,0,1593,138,12,GTY,ISO,PO,PO,PO,1
Brian Taylor,1838,880,Bob Dobby,1736,289,PO,409,B6,2,0,0,3,-0.73%,0.73%,0,0,0,1593,138,12,GTY,ISO,PO,PO,RGO,1
James Jameson LXIX,1722,263,Doc Crudelly,1811,282,HR,19,T1,0,0,0,0,10.88%,-10.88%,1,1,1,1594,139,12,TAI,TRA,HR,3B,HR,1
Chip Otle,4,405,Doc Crudelly,1811,219,FO,186,T1,0,0,0,1,-2.87%,2.87%,0,0,0,1594,139,12,TAI,TRA,FO,K,FO,1
Viktor Patterson,705,777,Doc Crudelly,1811,405,RGO,372,T1,1,0,0,1,-1.89%,1.89%,0,0,0,1594,139,12,TAI,TRA,RGO,RGO,K,1
Sam Smith,158,295,Doc Crudelly,1811,525,FO,230,T1,2,0,0,1,-1.65%,1.65%,0,0,0,1594,139,12,TAI,TRA,FO,K,FO,1
Jay Peg,724,398,Tyler Pylon,778,321,2B,77,B1,0,0,0,1,6.20%,-6.20%,0,0,0,1595,139,12,TRA,TAI,2B,1B,1B,1
Captain Harry C Legs,480,981,Tyler Pylon,778,850,FO,131,B1,0,2,0,1,-4.74%,4.74%,0,0,0,1595,139,12,TRA,TAI,FO,FO,1B,1
Robbie Liapis,1745,575,Tyler Pylon,778,218,K,357,B1,1,2,0,1,-3.72%,3.72%,0,0,0,1595,139,12,TRA,TAI,K,K,K,1
Scherbie Fully-Loaded,679,555,Tyler Pylon,778,850,FO,295,B1,2,2,0,1,-5.15%,5.15%,0,0,0,1595,139,12,TRA,TAI,FO,K,K,1
Duke Silver,602,619,Doc Crudelly,1811,31,LGO,412,T2,0,0,0,1,-2.62%,2.62%,0,0,0,1596,139,12,TAI,TRA,LGO,LGO,RGO,1
Rey Revanchist,776,69,Doc Crudelly,1811,958,1B,111,T2,1,0,0,1,3.05%,-3.05%,0,0,0,1596,139,12,TAI,TRA,1B,1B,1B,1
Rey Revanchist,776,69,Doc Crudelly,1811,711,CS,358,T2,1,1,0,1,-5.39%,5.39%,0,0,0,1596,139,12,TAI,TRA,CS 2B,CS 2B,CS,4
Jaeger Ward,777,250,Doc Crudelly,1811,491,K,241,T2,2,0,0,1,-1.56%,1.56%,0,0,0,1596,139,12,TAI,TRA,K,K,FO,1
Sunshine Pardue,315,25,Tyler Pylon,778,926,1B,99,B2,0,0,0,1,4.77%,-4.77%,0,1,1,1597,139,12,TRA,TAI,1B,BB,1B,1
Gregory Taint,1712,498,Tyler Pylon,778,731,FO,233,B2,0,1,0,1,-3.87%,3.87%,0,0,0,1597,139,12,TRA,TAI,FO,FO,FO,1
Birdman,393,731,Tyler Pylon,778,889,BB,158,B2,1,1,0,1,6.10%,-6.10%,0,1,1,1597,139,12,TRA,TAI,BB,FO,BB,1
Jack Meoff,1829,,Tyler Pylon,778,,Auto K,,B2,1,4,0,1,-8.45%,8.45%,0,0,0,1597,139,12,TRA,TAI,Auto K,Auto K,Auto K,9
Doc Crudelly,1811,611,Tyler Pylon,778,579,HR,32,B2,2,4,0,1,32.43%,-32.43%,3,1,1,1597,139,12,TRA,TAI,HR,HR,2B,1
Jay Peg,724,113,Tyler Pylon,778,331,FO,218,B2,2,0,3,1,-0.89%,0.89%,0,0,0,1597,139,12,TRA,TAI,FO,FO,FO,1
Alexander West,1777,1,Doc Crudelly,1811,863,BB,138,T3,0,0,3,1,4.53%,-4.53%,0,0,0,1598,139,12,TAI,TRA,BB,BB,BB,1
Jacky Wacky,702,536,Doc Crudelly,1811,805,PO,269,T3,0,1,3,1,-3.49%,3.49%,0,0,0,1598,139,12,TAI,TRA,PO,PO,FO,1
James Jameson LXIX,1722,642,Doc Crudelly,1811,384,K,258,T3,1,1,3,1,-4.81%,4.81%,0,0,0,1598,139,12,TAI,TRA,K,K,FO,1
Chip Otle,4,849,Doc Crudelly,1811,35,FO,186,T3,2,1,3,1,-3.88%,3.88%,0,0,0,1598,139,12,TAI,TRA,FO,K,FO,1
Captain Harry C Legs,480,400,Tyler Pylon,778,3,PO,397,B3,0,0,3,1,-1.38%,1.38%,0,0,0,1599,139,12,TRA,TAI,PO,RGO,PO,1
Robbie Liapis,1745,400,Tyler Pylon,778,290,BB,110,B3,1,0,3,1,1.12%,-1.12%,0,1,1,1599,139,12,TRA,TAI,BB,BB,1B,1
Scherbie Fully-Loaded,679,222,Tyler Pylon,778,234,HR,12,B3,1,1,3,1,10.99%,-10.99%,2,1,1,1599,139,12,TRA,TAI,HR,HR,HR,1
Sunshine Pardue,315,820,Tyler Pylon,778,69,FO,249,B3,1,0,5,1,-0.91%,0.91%,0,0,0,1599,139,12,TRA,TAI,FO,FO,FO,1
Gregory Taint,1712,244,Tyler Pylon,778,500,FO,256,B3,2,0,5,1,-0.19%,0.19%,0,0,0,1599,139,12,TRA,TAI,FO,FO,FO,1
Viktor Patterson,705,777,Doc Crudelly,1811,648,1B,129,T4,0,0,5,1,3.62%,-3.62%,0,1,1,1600,139,12,TAI,TRA,1B,BB,1B,1
Sam Smith,158,653,Doc Crudelly,1811,632,HR,21,T4,0,1,5,1,10.06%,-10.06%,2,1,1,1600,139,12,TAI,TRA,HR,HR,HR,1
Duke Silver,602,931,Doc Crudelly,1811,211,K,280,T4,0,0,5,3,-3.51%,3.51%,0,0,0,1600,139,12,TAI,TRA,K,K,FO,1
Rey Revanchist,776,69,Doc Crudelly,1811,391,RGO,322,T4,1,0,5,3,-2.87%,2.87%,0,0,0,1600,139,12,TAI,TRA,RGO,RGO,K,1
Jaeger Ward,777,750,Doc Crudelly,1811,33,K,283,T4,2,0,5,3,-2.22%,2.22%,0,0,0,1600,139,12,TAI,TRA,K,K,FO,1
Birdman,393,752,Viktor Patterson,705,277,LGO,475,B4,0,0,5,3,-1.66%,1.66%,0,0,0,1601,139,12,TRA,TAI,LGO,LGO,LGO,1
Jimmy Johns,303,772,Viktor Patterson,705,1,FO,229,B4,1,0,5,3,-1.11%,1.11%,0,0,0,1601,139,12,TRA,TAI,FO,FO,FO,1
Doc Crudelly,1811,831,Viktor Patterson,705,777,3B,54,B4,2,0,5,3,0.64%,-0.64%,0,0,0,1601,139,12,TRA,TAI,3B,2B,2B,1
Jay Peg,724,290,Viktor Patterson,705,555,K,265,B4,2,3,5,3,-1.28%,1.28%,0,0,0,1601,139,12,TRA,TAI,K,K,FO,1
Alexander West,1777,555,Doc Crudelly,1811,767,FO,212,T5,0,0,5,3,-3.62%,3.62%,0,0,0,1602,139,12,TAI,TRA,FO,K,FO,1
Tyler Pylon,778,767,Doc Crudelly,1811,212,LGO,445,T5,1,0,5,3,-3.57%,3.57%,0,0,0,1602,139,12,TAI,TRA,LGO,LGO,RGO,1
James Jameson LXIX,1722,444,Doc Crudelly,1811,792,RGO,348,T5,2,0,5,3,-1.74%,1.74%,0,0,0,1602,139,12,TAI,TRA,RGO,RGO,K,1
Captain Harry C Legs,480,111,Viktor Patterson,705,4,1B,107,B5,0,0,5,3,1.12%,-1.12%,0,0,0,1603,139,12,TRA,TAI,1B,1B,1B,1
Robbie Liapis,1745,504,Viktor Patterson,705,4,DP,500,B5,0,1,5,3,-2.61%,2.61%,0,0,0,1603,139,12,TRA,TAI,LGO,LGO,DP,1
Scherbie Fully-Loaded,679,888,Viktor Patterson,705,504,PO,384,B5,2,0,5,3,-0.47%,0.47%,0,0,0,1603,139,12,TRA,TAI,PO,PO,PO,1
Chip Otle,4,399,Doc Crudelly,1811,348,3B,51,T6,0,0,5,3,11.67%,-11.67%,0,1,1,1604,139,12,TAI,TRA,3B,2B,2B,1
Viktor Patterson,705,777,Doc Crudelly,1811,551,Sac,226,T6,0,3,5,3,-9.36%,9.36%,1,0,0,1604,139,12,TAI,TRA,FO,K,Sac,1
Sam Smith,158,600,Doc Crudelly,1811,55,LGO,455,T6,1,0,5,4,-6.75%,6.75%,0,0,0,1604,139,12,TAI,TRA,LGO,LGO,LGO,1
Duke Silver,602,891,Doc Crudelly,1811,255,RGO,364,T6,2,0,5,4,-5.00%,5.00%,0,0,0,1604,139,12,TAI,TRA,RGO,RGO,K,1
Kenny Pupton,2224,889,Dylan Green,305,621,K,268,T1,0,0,0,0,-2.52%,2.52%,0,0,0,1605,140,12,PHB,LMN,K,K,FO,1
Jeff Steelflex,268,747,Dylan Green,305,811,2B,64,T1,1,0,0,0,4.48%,-4.48%,0,1,1,1605,140,12,PHB,LMN,2B,2B,2B,1
Johññy Coppolella,738,350,Dylan Green,305,247,1B,103,T1,1,2,0,0,6.66%,-6.66%,0,1,1,1605,140,12,PHB,LMN,1B,1B,1B,1
A.Z. Chapman,14,581,Dylan Green,305,606,HR,25,T1,1,5,0,0,18.66%,-18.66%,3,1,1,1605,140,12,PHB,LMN,HR,HR,3B,1
Dottie Hooligan,770,888,Dylan Green,305,365,LGO,477,T1,1,0,0,3,-1.94%,1.94%,0,0,0,1605,140,12,PHB,LMN,LGO,LGO,LGO,1
Jameson Poe,310,808,Dylan Green,305,222,RGO,414,T1,2,0,0,3,-1.07%,1.07%,0,0,0,1605,140,12,PHB,LMN,RGO,RGO,RGO,1
Thomas Beowulf,218,273,Nickey Hallaway,2225,238,3B,35,B1,0,0,0,3,11.64%,-11.64%,0,0,0,1606,140,12,LMN,PHB,3B,3B,2B,1
Charlie Bae Jr.,293,1,Nickey Hallaway,2225,611,PO,390,B1,0,3,0,3,-7.03%,7.03%,0,0,0,1606,140,12,LMN,PHB,PO,RGO,PO,1
Tucker Doubt,567,855,Nickey Hallaway,2225,176,K,321,B1,1,3,0,3,-5.74%,5.74%,0,0,0,1606,140,12,LMN,PHB,K,K,K,1
Xerxes Dalin,474,12,Nickey Hallaway,2225,251,FO,239,B1,2,3,0,3,-5.22%,5.22%,0,0,0,1606,140,12,LMN,PHB,FO,FO,FO,1
Rake Inthelake,755,101,Dylan Green,305,534,RGO,433,T2,0,0,0,3,-1.47%,1.47%,0,0,0,1607,140,12,PHB,LMN,RGO,RGO,RGO,1
Gil Metz,206,340,Dylan Green,305,189,FO,151,T2,1,0,0,3,-1.33%,1.33%,0,0,0,1607,140,12,PHB,LMN,FO,FO,BB,1
Bob Kelso,1834,445,Dylan Green,305,13,RGO,432,T2,2,0,0,3,-1.19%,1.19%,0,0,0,1607,140,12,PHB,LMN,RGO,RGO,RGO,1
Dixon Uraz,34,333,Nickey Hallaway,2225,889,RGO,444,B2,0,0,0,3,-2.83%,2.83%,0,0,0,1608,140,12,LMN,PHB,RGO,RGO,RGO,1
Zelk Antilles,490,444,Nickey Hallaway,2225,717,K,273,B2,1,0,0,3,-2.43%,2.43%,0,0,0,1608,140,12,LMN,PHB,K,K,FO,1
Dirtbag Darrell,262,169,Nickey Hallaway,2225,964,FO,205,B2,2,0,0,3,-1.35%,1.35%,0,0,0,1608,140,12,LMN,PHB,FO,FO,FO,1
Kenny Pupton,2224,600,Dylan Green,305,404,FO,196,T3,0,0,0,3,-1.17%,1.17%,0,0,0,1609,140,12,PHB,LMN,FO,FO,FO,1
Jeff Steelflex,268,847,Dylan Green,305,550,K,297,T3,1,0,0,3,-1.45%,1.45%,0,0,0,1609,140,12,PHB,LMN,K,K,K,1
Johññy Coppolella,738,700,Dylan Green,305,923,FO,223,T3,2,0,0,3,-0.95%,0.95%,0,0,0,1609,140,12,PHB,LMN,FO,FO,FO,1
Rickey Tucker,163,327,Nickey Hallaway,2225,300,HR,27,B3,0,0,0,3,10.19%,-10.19%,1,1,1,1610,140,12,LMN,PHB,HR,HR,3B,1
Jeff Dingerhitter,298,555,Nickey Hallaway,2225,134,RGO,421,B3,0,0,1,3,-3.78%,3.78%,0,0,0,1610,140,12,LMN,PHB,RGO,RGO,RGO,1
Thomas Beowulf,218,777,Nickey Hallaway,2225,923,BB,146,B3,1,0,1,3,4.86%,-4.86%,0,0,0,1610,140,12,LMN,PHB,BB,BB,BB,1
Charlie Bae Jr.,293,858,Nickey Hallaway,2225,680,FO,178,B3,1,1,1,3,-5.89%,5.89%,0,0,0,1610,140,12,LMN,PHB,FO,FO,FO,1
Tucker Doubt,567,211,Nickey Hallaway,2225,790,RGO,421,B3,2,1,1,3,-4.08%,4.08%,0,0,0,1610,140,12,LMN,PHB,RGO,RGO,RGO,1
A.Z. Chapman,14,775,Dylan Green,305,969,FO,194,T4,0,0,1,3,-1.72%,1.72%,0,0,0,1611,140,12,PHB,LMN,FO,FO,FO,1
Dottie Hooligan,770,666,Dylan Green,305,467,FO,199,T4,1,0,1,3,-1.81%,1.81%,0,0,0,1611,140,12,PHB,LMN,FO,FO,FO,1
Jameson Poe,310,8,Dylan Green,305,179,FO,171,T4,2,0,1,3,-1.54%,1.54%,0,0,0,1611,140,12,PHB,LMN,FO,FO,BB,1
Xerxes Dalin,474,393,Nickey Hallaway,2225,211,FO,182,B4,0,0,1,3,-4.11%,4.11%,0,0,0,1612,140,12,LMN,PHB,FO,FO,FO,1
Dixon Uraz,34,333,Nickey Hallaway,2225,554,FO,221,B4,1,0,1,3,-4.06%,4.06%,0,0,0,1612,140,12,LMN,PHB,FO,FO,FO,1
Zelk Antilles,490,783,Nickey Hallaway,2225,301,LGO,482,B4,2,0,1,3,-1.88%,1.88%,0,0,0,1612,140,12,LMN,PHB,LGO,LGO,LGO,1
Rake Inthelake,755,388,Dylan Green,305,345,2B,43,T5,0,0,1,3,4.00%,-4.00%,0,0,0,1613,140,12,PHB,LMN,2B,2B,2B,1
Gil Metz,206,542,Dylan Green,305,789,K,247,T5,0,2,1,3,-2.11%,2.11%,0,0,0,1613,140,12,PHB,LMN,K,K,FO,1
Bob Kelso,1834,96,Dylan Green,305,707,PO,389,T5,1,2,1,3,-2.75%,2.75%,0,0,0,1613,140,12,PHB,LMN,PO,PO,PO,1
Kenny Pupton,2224,125,Dylan Green,305,686,RGO,439,T5,2,2,1,3,-3.61%,3.61%,0,0,0,1613,140,12,PHB,LMN,RGO,RGO,RGO,1
Dirtbag Darrell,262,888,Nickey Hallaway,2225,996,1B,108,B5,0,0,1,3,7.95%,-7.95%,0,0,0,1614,140,12,LMN,PHB,1B,1B,1B,1
Rickey Tucker,163,327,Nickey Hallaway,2225,611,FO,284,B5,0,1,1,3,-6.80%,6.80%,0,0,0,1614,140,12,LMN,PHB,FO,FO,FO,1
Jeff Dingerhitter,298,327,Nickey Hallaway,2225,517,FO,190,B5,1,1,1,3,-6.80%,6.80%,0,0,0,1614,140,12,LMN,PHB,FO,FO,FO,1
Thomas Beowulf,218,420,Nickey Hallaway,2225,23,PO,397,B5,2,1,1,3,-5.92%,5.92%,0,0,0,1614,140,12,LMN,PHB,PO,PO,PO,1
Jeff Steelflex,268,500,Dylan Green,305,13,LGO,487,T6,0,0,1,3,-1.05%,1.05%,0,0,0,1615,140,12,PHB,LMN,LGO,LGO,LGO,1
Johññy Coppolella,738,215,Dylan Green,305,69,FO,146,T6,1,0,1,3,-1.00%,1.00%,0,0,0,1615,140,12,PHB,LMN,FO,FO,BB,1
A.Z. Chapman,14,395,Dylan Green,305,880,LGO,485,T6,2,0,1,3,-0.85%,0.85%,0,0,0,1615,140,12,PHB,LMN,LGO,LGO,LGO,1
Charlie Bae Jr.,293,555,Nickey Hallaway,2225,116,RGO,439,B6,0,0,1,3,-5.69%,5.69%,0,0,0,1616,140,12,LMN,PHB,RGO,RGO,RGO,1
Tucker Doubt,567,671,Nickey Hallaway,2225,571,1B,100,B6,1,0,1,3,8.81%,-8.81%,0,1,1,1616,140,12,LMN,PHB,1B,1B,1B,1
Xerxes Dalin,474,161,WILL THE THRILL,745,244,1B,83,B6,1,1,1,3,12.28%,-12.28%,0,0,0,1616,140,12,LMN,PHB,1B,1B,1B,1
Dixon Uraz,34,720,WILL THE THRILL,745,777,2B,57,B6,1,4,1,3,37.89%,-37.89%,1,0,0,1616,140,12,LMN,PHB,2B,2B,2B,1
Zelk Antilles,490,,WILL THE THRILL,745,,IBB,,B6,1,6,2,3,0.71%,-0.71%,0,0,0,1616,140,12,LMN,PHB,IBB,IBB,IBB,8
JZ,788,17,WILL THE THRILL,745,500,DP,483,B6,1,7,2,3,-66.52%,66.52%,0,0,0,1616,140,12,LMN,PHB,LGO,LGO,DP,1
Freddie Huff,1813,1,Hannibal Bligh,1724,212,FO,211,T1,0,0,0,0,-2.52%,2.52%,0,0,0,1617,141,12,DAD,NUL,FO,FO,FO,1
Michael Smith,1955,420,Hannibal Bligh,1724,212,FO,208,T1,1,0,0,0,-2.52%,2.52%,0,0,0,1617,141,12,DAD,NUL,FO,FO,FO,1
Amper Sand,774,808,Hannibal Bligh,1724,462,RGO,346,T1,2,0,0,0,-1.74%,1.74%,0,0,0,1617,141,12,DAD,NUL,RGO,RGO,K,1
Joey-Claire Hiveswap,291,223,Drew Savage,329,611,RGO,388,B1,0,0,0,0,-2.73%,2.73%,0,0,0,1618,141,12,NUL,DAD,RGO,RGO,PO,1
KlentakPay TheFuckingTax,1700,709,Drew Savage,329,859,BB,150,B1,1,0,0,0,3.37%,-3.37%,0,0,0,1618,141,12,NUL,DAD,BB,BB,BB,1
Abelardo Montoya,711,415,Drew Savage,329,892,DP,477,B1,1,1,0,0,-7.43%,7.43%,0,0,0,1618,141,12,NUL,DAD,LGO,LGO,DP,1
Rekt Keyo,331,626,Hannibal Bligh,1724,619,HR,7,T2,0,0,0,0,11.87%,-11.87%,1,1,1,1619,141,12,DAD,NUL,HR,HR,HR,1
Red Fox,784,732,Hannibal Bligh,1724,462,K,270,T2,0,0,0,1,-2.62%,2.62%,0,0,0,1619,141,12,DAD,NUL,K,K,FO,1
Runner Buehler,717,893,Hannibal Bligh,1724,1000,1B,107,T2,1,0,0,1,3.05%,-3.05%,0,1,1,1619,141,12,DAD,NUL,1B,1B,1B,1
John Valor,1832,200,Hannibal Bligh,1724,212,HR,12,T2,1,1,0,1,16.84%,-16.84%,2,1,1,1619,141,12,DAD,NUL,HR,HR,HR,1
Dixie Normos,332,906,Hannibal Bligh,1724,333,LGO,427,T2,1,0,0,3,-1.33%,1.33%,0,0,0,1619,141,12,DAD,NUL,LGO,LGO,RGO,1
Drew Savage,329,517,Hannibal Bligh,1724,699,BB,182,T2,2,0,0,3,0.39%,-0.39%,0,0,0,1619,141,12,DAD,NUL,BB,FO,FO,1
Freddie Huff,1813,999,Hannibal Bligh,1724,517,LGO,482,T2,2,1,0,3,-1.58%,1.58%,0,0,0,1619,141,12,DAD,NUL,LGO,LGO,LGO,1
Joey McCarty,390,41,Drew Savage,329,828,RGO,213,B2,0,0,0,3,-2.83%,2.83%,0,0,0,1620,141,12,NUL,DAD,RGO,RGO,FO,1
Emerson Austin,703,69,Drew Savage,329,476,LGO,407,B2,1,0,0,3,-2.43%,2.43%,0,0,0,1620,141,12,NUL,DAD,LGO,LGO,RGO,1
Bob Robb,90,108,Drew Savage,329,723,RGO,385,B2,2,0,0,3,-1.35%,1.35%,0,0,0,1620,141,12,NUL,DAD,RGO,RGO,PO,1
Michael Smith,1955,300,Hannibal Bligh,1724,712,LGO,412,T3,0,0,0,3,-1.17%,1.17%,0,0,0,1621,141,12,DAD,NUL,LGO,LGO,RGO,1
Amper Sand,774,250,Hannibal Bligh,1724,604,RGO,354,T3,1,0,0,3,-1.45%,1.45%,0,0,0,1621,141,12,DAD,NUL,RGO,RGO,K,1
Rekt Keyo,331,305,Hannibal Bligh,1724,316,HR,11,T3,2,0,0,3,7.29%,-7.29%,1,1,1,1621,141,12,DAD,NUL,HR,HR,HR,1
Red Fox,784,69,Hannibal Bligh,1724,286,FO,217,T3,2,0,0,4,-0.95%,0.95%,0,0,0,1621,141,12,DAD,NUL,FO,FO,FO,1
Haydn Werfer,392,101,Drew Savage,329,462,RGO,361,B3,0,0,0,4,-2.63%,2.63%,0,0,0,1622,141,12,NUL,DAD,RGO,RGO,K,1
Monica M. Clinton,1774,777,Drew Savage,329,404,RGO,373,B3,1,0,0,4,-1.42%,1.42%,0,0,0,1622,141,12,NUL,DAD,RGO,RGO,K,1
Homer Pimpson,144,741,Drew Savage,329,291,LGO,450,B3,2,0,0,4,-1.12%,1.12%,0,0,0,1622,141,12,NUL,DAD,LGO,LGO,RGO,1
Runner Buehler,717,305,Hannibal Bligh,1724,500,FO,195,T4,0,0,0,4,-0.89%,0.89%,0,0,0,1623,141,12,DAD,NUL,FO,FO,FO,1
John Valor,1832,700,Hannibal Bligh,1724,888,FO,188,T4,1,0,0,4,-0.60%,0.60%,0,0,0,1623,141,12,DAD,NUL,FO,FO,FO,1
Dixie Normos,332,601,Hannibal Bligh,1724,66,LGO,465,T4,2,0,0,4,-0.59%,0.59%,0,0,0,1623,141,12,DAD,NUL,LGO,LGO,LGO,1
Catfish O'Acid,406,289,Drew Savage,329,929,RGO,360,B4,0,0,0,4,-2.35%,2.35%,0,0,0,1624,141,12,NUL,DAD,RGO,RGO,K,1
KlentakPay TheFuckingTax,1700,245,Drew Savage,329,216,3B,29,B4,1,0,0,4,5.34%,-5.34%,0,1,1,1624,141,12,NUL,DAD,3B,2B,3B,1
Abelardo Montoya,711,711,Drew Savage,329,868,1B,157,B4,1,3,0,4,4.50%,-4.50%,1,0,0,1624,141,12,NUL,DAD,1B,FO,BB,1
Joey McCarty,390,504,Drew Savage,329,44,DP,460,B4,1,1,1,4,-8.30%,8.30%,0,0,0,1624,141,12,NUL,DAD,LGO,LGO,DP,1
Drew Savage,329,929,Hannibal Bligh,1724,712,FO,217,T5,0,0,1,4,-0.82%,0.82%,0,0,0,1625,141,12,DAD,NUL,FO,FO,FO,1
Freddie Huff,1813,333,Hannibal Bligh,1724,649,PO,316,T5,1,0,1,4,-0.96%,0.96%,0,0,0,1625,141,12,DAD,NUL,PO,RGO,K,1
Michael Smith,1955,500,Hannibal Bligh,1724,712,FO,212,T5,2,0,1,4,-0.98%,0.98%,0,0,0,1625,141,12,DAD,NUL,FO,FO,FO,1
Emerson Austin,703,888,Drew Savage,329,944,2B,56,B5,0,0,1,4,7.14%,-7.14%,0,1,1,1626,141,12,NUL,DAD,2B,2B,2B,1
Bob Robb,90,282,Drew Savage,329,611,PO,329,B5,0,2,1,4,-5.71%,5.71%,0,0,0,1626,141,12,NUL,DAD,PO,PO,K,1
Haydn Werfer,392,867,Drew Savage,329,720,1B,147,B5,1,2,1,4,8.98%,-8.98%,0,1,1,1626,141,12,NUL,DAD,1B,BB,BB,1
Monica M. Clinton,1774,867,Drew Savage,329,611,Sac,256,B5,1,5,1,4,-6.84%,6.84%,1,0,0,1626,141,12,NUL,DAD,FO,K,Sac,1
Homer Pimpson,144,445,Drew Savage,329,369,2B,76,B5,2,1,2,4,16.47%,-16.47%,1,1,1,1626,141,12,NUL,DAD,2B,1B,1B,1
Catfish O'Acid,406,900,Mike Fruitstand,772,777,1B,123,B5,2,2,3,4,24.47%,-24.47%,1,0,0,1626,141,12,NUL,DAD,1B,1B,1B,1
KlentakPay TheFuckingTax,1700,653,Mike Fruitstand,772,778,BB,125,B5,2,1,4,4,5.03%,-5.03%,0,0,0,1626,141,12,NUL,DAD,BB,BB,1B,1
Abelardo Montoya,711,141,Mike Fruitstand,772,554,LGO,413,B5,2,4,4,4,-11.29%,11.29%,0,0,0,1626,141,12,NUL,DAD,LGO,LGO,RGO,1
Amper Sand,774,17,Hannibal Bligh,1724,501,LGO,484,T6,0,0,4,4,-6.10%,6.10%,0,0,0,1627,141,12,DAD,NUL,LGO,LGO,LGO,1
Rekt Keyo,331,999,Hannibal Bligh,1724,778,FO,221,T6,1,0,4,4,-5.86%,5.86%,0,0,0,1627,141,12,DAD,NUL,FO,FO,FO,1
Red Fox,784,69,Hannibal Bligh,1724,212,1B,143,T6,2,0,4,4,3.92%,-3.92%,0,0,0,1627,141,12,DAD,NUL,1B,BB,BB,1
Runner Buehler,717,365,Hannibal Bligh,1724,712,RGO,347,T6,2,1,4,4,-8.76%,8.76%,0,0,0,1627,141,12,DAD,NUL,RGO,RGO,K,1
Joey McCarty,390,312,Mike Fruitstand,772,112,RGO,200,B6,0,0,4,4,-6.12%,6.12%,0,0,0,1628,141,12,NUL,DAD,RGO,RGO,FO,1
Emerson Austin,703,585,Mike Fruitstand,772,388,FO,197,B6,1,0,4,4,-5.87%,5.87%,0,0,0,1628,141,12,NUL,DAD,FO,FO,FO,1
Bob Robb,90,402,Mike Fruitstand,772,865,LGO,463,B6,2,0,4,4,-4.81%,4.81%,0,0,0,1628,141,12,NUL,DAD,LGO,LGO,LGO,1
Husky Pawson,1770,667,Duke Marriot,775,236,RGO,431,T1,0,0,0,0,-2.52%,2.52%,0,0,0,1629,142,12,JUP,TAC,RGO,RGO,RGO,1
Riles McGiles,122,500,Duke Marriot,775,657,FO,157,T1,1,0,0,0,-2.52%,2.52%,0,0,0,1629,142,12,JUP,TAC,FO,FO,BB,1
Matthew Paul,2243,510,Duke Marriot,775,125,RGO,385,T1,2,0,0,0,-1.74%,1.74%,0,0,0,1629,142,12,JUP,TAC,RGO,RGO,PO,1
Gang Weed,1732,69,Rocco Rudnikov,114,123,1B,54,B1,0,0,0,0,3.55%,-3.55%,0,0,0,1630,142,12,TAC,JUP,1B,2B,2B,1
Gang Weed,1732,69,Rocco Rudnikov,114,165,SB,96,B1,0,1,0,0,3.21%,-3.21%,0,0,0,1630,142,12,TAC,JUP,Steal 2B,Steal 2B,SB,4
Dakota Carolina Montana,65,369,Rocco Rudnikov,114,969,PO,400,B1,0,2,0,0,-4.09%,4.09%,0,0,0,1630,142,12,TAC,JUP,PO,PO,RGO,1
Julian O'Sullivan,2254,427,Rocco Rudnikov,114,567,BB,140,B1,1,2,0,0,2.69%,-2.69%,0,0,0,1630,142,12,TAC,JUP,BB,BB,BB,1
Alaina Mclean,1947,690,Rocco Rudnikov,114,266,DP,424,B1,1,4,0,0,-12.15%,12.15%,0,0,0,1630,142,12,TAC,JUP,RGO,RGO,DP,1
Dirk Thrustmore,726,109,Duke Marriot,775,777,K,332,T2,0,0,0,0,-2.86%,2.86%,0,0,0,1631,142,12,JUP,TAC,K,K,K,1
Dermot Mulveiny,1763,820,Duke Marriot,775,987,FO,167,T2,1,0,0,0,-2.90%,2.90%,0,0,0,1631,142,12,JUP,TAC,FO,FO,BB,1
Cue Anon,381,340,Duke Marriot,775,240,BB,100,T2,2,0,0,0,1.99%,-1.99%,0,0,0,1631,142,12,JUP,TAC,BB,BB,1B,1
Johnny Omar,2241,314,Duke Marriot,775,993,K,321,T2,2,1,0,0,-3.52%,3.52%,0,0,0,1631,142,12,JUP,TAC,K,K,K,1
Oxleohl Driver,1943,700,Rocco Rudnikov,114,594,1B,106,B2,0,0,0,0,3.93%,-3.93%,0,1,1,1632,142,12,TAC,JUP,1B,1B,1B,1
Julio Escobar,686,726,Rocco Rudnikov,114,711,HR,15,B2,0,1,0,0,18.05%,-18.05%,2,1,1,1632,142,12,TAC,JUP,HR,HR,HR,1
Barry McKockiner,612,278,Rocco Rudnikov,114,604,PO,326,B2,0,0,2,0,-2.40%,2.40%,0,0,0,1632,142,12,TAC,JUP,PO,PO,K,1
Truck Month,1794,190,Rocco Rudnikov,114,813,RGO,377,B2,1,0,2,0,-1.24%,1.24%,0,0,0,1632,142,12,TAC,JUP,RGO,RGO,K,1
IBO Bust,186,671,Rocco Rudnikov,114,328,RGO,343,B2,2,0,2,0,-0.89%,0.89%,0,0,0,1632,142,12,TAC,JUP,RGO,RGO,K,1
Harry Peritestes,117,1000,Duke Marriot,775,78,1B,78,T3,0,0,2,0,4.53%,-4.53%,0,0,0,1633,142,12,JUP,TAC,1B,1B,1B,1
Triston Uzumaki,125,910,Duke Marriot,775,348,DP,438,T3,0,1,2,0,-10.41%,10.41%,0,0,0,1633,142,12,JUP,TAC,RGO,RGO,DP,1
Husky Pawson,1770,669,Duke Marriot,775,451,FO,218,T3,2,0,2,0,-1.77%,1.77%,0,0,0,1633,142,12,JUP,TAC,FO,FO,FO,1
Gang Weed,1732,520,Rocco Rudnikov,114,309,FO,211,B3,0,0,2,0,-1.38%,1.38%,0,0,0,1634,142,12,TAC,JUP,FO,FO,FO,1
Dakota Carolina Montana,65,825,Rocco Rudnikov,114,199,PO,374,B3,1,0,2,0,-1.46%,1.46%,0,0,0,1634,142,12,TAC,JUP,PO,PO,K,1
Julian O'Sullivan,2254,524,Rocco Rudnikov,114,827,K,303,B3,2,0,2,0,-1.21%,1.21%,0,0,0,1634,142,12,TAC,JUP,K,K,K,1
Riles McGiles,122,955,Duke Marriot,775,748,K,207,T4,0,0,2,0,-3.51%,3.51%,0,0,0,1635,142,12,JUP,TAC,K,K,FO,1
Matthew Paul,2243,994,Duke Marriot,775,337,RGO,343,T4,1,0,2,0,-2.87%,2.87%,0,0,0,1635,142,12,JUP,TAC,RGO,RGO,K,1
Dirk Thrustmore,726,708,Duke Marriot,775,543,FO,165,T4,2,0,2,0,-2.22%,2.22%,0,0,0,1635,142,12,JUP,TAC,FO,FO,BB,1
Alaina Mclean,1947,345,Rocco Rudnikov,114,764,RGO,419,B4,0,0,2,0,-1.66%,1.66%,0,0,0,1636,142,12,TAC,JUP,RGO,RGO,RGO,1
Oxleohl Driver,1943,,Rocco Rudnikov,114,,Auto BB,,B4,1,0,2,0,1.35%,-1.35%,0,0,0,1636,142,12,TAC,JUP,Auto BB,Auto BB,Auto BB,10
Julio Escobar,686,420,Rocco Rudnikov,114,913,DP,493,B4,1,1,2,0,-3.10%,3.10%,0,0,0,1636,142,12,TAC,JUP,LGO,LGO,DP,1
Dermot Mulveiny,1763,278,Duke Marriot,775,666,K,388,T5,0,0,2,0,-3.62%,3.62%,0,0,0,1637,142,12,JUP,TAC,K,K,PO,1
Cue Anon,381,675,Duke Marriot,775,292,PO,383,T5,1,0,2,0,-3.57%,3.57%,0,0,0,1637,142,12,JUP,TAC,PO,PO,PO,1
Johnny Omar,2241,689,Duke Marriot,775,828,BB,139,T5,2,0,2,0,3.06%,-3.06%,0,0,0,1637,142,12,JUP,TAC,BB,BB,BB,1
Harry Peritestes,117,211,Duke Marriot,775,497,K,286,T5,2,1,2,0,-4.80%,4.80%,0,0,0,1637,142,12,JUP,TAC,K,K,K,1
Barry McKockiner,612,703,Rocco Rudnikov,114,864,BB,161,B5,0,0,2,0,1.12%,-1.12%,0,0,0,1638,142,12,TAC,JUP,BB,BB,BB,1
Truck Month,1794,601,Rocco Rudnikov,114,262,DP,339,B5,0,1,2,0,-2.61%,2.61%,0,0,0,1638,142,12,TAC,JUP,RGO,RGO,K,1
IBO Bust,186,380,Rocco Rudnikov,114,420,1B,40,B5,2,0,2,0,0.55%,-0.55%,0,0,0,1638,142,12,TAC,JUP,1B,2B,2B,1
Gang Weed,1732,520,Rocco Rudnikov,114,103,RGO,417,B5,2,1,2,0,-1.02%,1.02%,0,0,0,1638,142,12,TAC,JUP,RGO,RGO,RGO,1
Triston Uzumaki,125,816,Duke Marriot,775,942,BB,126,T6,0,0,2,0,7.80%,-7.80%,0,1,1,1639,142,12,JUP,TAC,BB,BB,1B,1
Husky Pawson,1770,111,Duke Marriot,775,857,K,254,T6,0,1,2,0,-5.27%,5.27%,0,0,0,1639,142,12,JUP,TAC,K,K,FO,1
Riles McGiles,122,201,Duke Marriot,775,48,FO,153,T6,1,1,2,0,-7.24%,7.24%,0,0,0,1639,142,12,JUP,TAC,FO,FO,BB,1
Matthew Paul,2243,380,Duke Marriot,775,379,HR,1,T6,2,1,2,0,33.09%,-33.09%,2,1,1,1639,142,12,JUP,TAC,HR,HR,HR,1
Dirk Thrustmore,726,461,Duke Marriot,775,231,K,230,T6,2,0,2,2,-4.84%,4.84%,0,0,0,1639,142,12,JUP,TAC,K,K,FO,1
Dakota Carolina Montana,65,707,Rocco Rudnikov,114,958,FO,251,B6,0,0,2,2,-6.12%,6.12%,0,0,0,1640,142,12,TAC,JUP,FO,FO,FO,1
Julian O'Sullivan,2254,818,Rocco Rudnikov,114,615,FO,203,B6,1,0,2,2,-5.87%,5.87%,0,0,0,1640,142,12,TAC,JUP,FO,FO,FO,1
Alaina Mclean,1947,345,Rocco Rudnikov,114,598,K,253,B6,2,0,2,2,-4.81%,4.81%,0,0,0,1640,142,12,TAC,JUP,K,K,FO,1
Bonesy McSkellington,1733,561,Lee Allen Ripley,771,50,LGO,489,T1,0,0,0,0,-2.52%,2.52%,0,0,0,1641,143,12,SAR,POR,LGO,LGO,LGO,1
Gimpy Schlempteen 32,379,26,Lee Allen Ripley,771,328,K,302,T1,1,0,0,0,-2.52%,2.52%,0,0,0,1641,143,12,SAR,POR,K,K,K,1
Makesiondon Kelkboom,327,25,Lee Allen Ripley,771,119,1B,94,T1,2,0,0,0,1.77%,-1.77%,0,0,0,1641,143,12,SAR,POR,1B,1B,1B,1
Ross Ewage,1764,791,Lee Allen Ripley,771,555,FO,236,T1,2,1,0,0,-3.51%,3.51%,0,0,0,1641,143,12,SAR,POR,FO,FO,FO,1
Aych Imtiyaz,170,614,Hudson Hildebrandt,284,687,1B,73,B1,0,0,0,0,3.55%,-3.55%,0,1,1,1642,143,12,POR,SAR,1B,1B,1B,1
Artie Ziff,164,397,Hudson Hildebrandt,284,788,K,391,B1,0,1,0,0,-2.91%,2.91%,0,0,0,1642,143,12,POR,SAR,K,K,PO,1
Geno Scaramucci,165,169,Hudson Hildebrandt,284,202,HR,33,B1,1,1,0,0,17.40%,-17.40%,2,1,1,1642,143,12,POR,SAR,HR,HR,2B,1
Grigury Polinko,452,849,Hudson Hildebrandt,284,420,RGO,429,B1,1,0,2,0,-1.88%,1.88%,0,0,0,1642,143,12,POR,SAR,RGO,RGO,RGO,1
Brian Talapia,1752,989,Hudson Hildebrandt,284,1000,HR,11,B1,2,0,2,0,8.22%,-8.22%,1,1,1,1642,143,12,POR,SAR,HR,HR,HR,1
Rickey Tucker,163,423,Hudson Hildebrandt,284,666,K,243,B1,2,0,3,0,-0.42%,0.42%,0,0,0,1642,143,12,POR,SAR,K,K,FO,1
Burg McTurdBerg,2262,724,Lee Allen Ripley,771,817,1B,93,T2,0,0,3,0,4.08%,-4.08%,0,1,1,1643,143,12,SAR,POR,1B,1B,1B,1
Elmo Seabreeze,1785,700,Lee Allen Ripley,771,931,FO,231,T2,0,1,3,0,-2.96%,2.96%,0,0,0,1643,143,12,SAR,POR,FO,FO,FO,1
Bradle Beamen,203,271,Lee Allen Ripley,771,401,1B,130,T2,1,1,3,0,3.69%,-3.69%,0,1,1,1643,143,12,SAR,POR,1B,BB,1B,1
Lawrence Wiseman,380,736,Lee Allen Ripley,771,430,K,306,T2,1,4,3,0,-3.61%,3.61%,0,0,0,1643,143,12,SAR,POR,K,K,K,1
Fuzzy Dunlop,382,350,Lee Allen Ripley,771,380,HR,30,T2,2,4,3,0,23.79%,-23.79%,3,1,1,1643,143,12,SAR,POR,HR,3B,2B,1
Bonesy McSkellington,1733,400,Lee Allen Ripley,771,615,FO,215,T2,2,0,3,3,-1.53%,1.53%,0,0,0,1643,143,12,SAR,POR,FO,FO,FO,1
Tequila Sunrise,249,225,Hudson Hildebrandt,284,555,K,330,B2,0,0,3,3,-2.75%,2.75%,0,0,0,1644,143,12,POR,SAR,K,K,K,1
Reimer Gonzalez,13,1,Hudson Hildebrandt,284,302,K,301,B2,1,0,3,3,-2.68%,2.68%,0,0,0,1644,143,12,POR,SAR,K,K,K,1
Edward Freeman,700,213,Hudson Hildebrandt,284,777,RGO,436,B2,2,0,3,3,-1.88%,1.88%,0,0,0,1644,143,12,POR,SAR,RGO,RGO,RGO,1
Gimpy Schlempteen 32,379,350,Lee Allen Ripley,771,499,BB,149,T3,0,0,3,3,4.59%,-4.59%,0,0,0,1645,143,12,SAR,POR,BB,BB,BB,1
Makesiondon Kelkboom,327,333,Lee Allen Ripley,771,1,K,332,T3,0,1,3,3,-4.07%,4.07%,0,0,0,1645,143,12,SAR,POR,K,K,K,1
Ross Ewage,1764,949,Lee Allen Ripley,771,299,PO,350,T3,1,1,3,3,-4.32%,4.32%,0,0,0,1645,143,12,SAR,POR,PO,PO,K,1
Burg McTurdBerg,2262,505,Lee Allen Ripley,771,999,LGO,494,T3,2,1,3,3,-4.56%,4.56%,0,0,0,1645,143,12,SAR,POR,LGO,LGO,LGO,1
Aych Imtiyaz,170,,Hudson Hildebrandt,284,,Auto K,,B3,0,0,3,3,-3.32%,3.32%,0,0,0,1646,143,12,POR,SAR,Auto K,Auto K,Auto K,9
Artie Ziff,164,168,Hudson Hildebrandt,284,222,2B,54,B3,1,0,3,3,5.95%,-5.95%,0,1,1,1646,143,12,POR,SAR,2B,2B,2B,1
Geno Scaramucci,165,911,Hudson Hildebrandt,284,222,K,311,B3,1,2,3,3,-5.01%,5.01%,0,0,0,1646,143,12,POR,SAR,K,K,K,1
Grigury Polinko,452,515,Hudson Hildebrandt,284,488,3B,27,B3,2,2,3,3,14.53%,-14.53%,1,1,1,1646,143,12,POR,SAR,3B,2B,3B,1
Brian Talapia,1752,515,Hudson Hildebrandt,284,444,1B,71,B3,2,3,4,3,9.69%,-9.69%,1,1,1,1646,143,12,POR,SAR,1B,1B,1B,1
Rickey Tucker,163,666,Hudson Hildebrandt,284,666,HR,0,B3,2,1,5,3,12.03%,-12.03%,2,1,1,1646,143,12,POR,SAR,HR,HR,HR,1
Tequila Sunrise,249,666,Hudson Hildebrandt,284,101,PO,435,B3,2,0,7,3,-0.19%,0.19%,0,0,0,1646,143,12,POR,SAR,PO,RGO,RGO,1
Elmo Seabreeze,1785,291,Lee Allen Ripley,771,777,LGO,486,T4,0,0,7,3,-1.66%,1.66%,0,0,0,1647,143,12,SAR,POR,LGO,LGO,LGO,1
Bradle Beamen,203,526,Lee Allen Ripley,771,300,FO,226,T4,1,0,7,3,-1.50%,1.50%,0,0,0,1647,143,12,SAR,POR,FO,FO,FO,1
Lawrence Wiseman,380,381,Lee Allen Ripley,771,401,HR,20,T4,2,0,7,3,3.58%,-3.58%,1,1,1,1647,143,12,SAR,POR,HR,HR,HR,1
Fuzzy Dunlop,382,221,Lee Allen Ripley,771,160,2B,61,T4,2,0,7,4,2.59%,-2.59%,0,1,1,1647,143,12,SAR,POR,2B,2B,2B,1
Bonesy McSkellington,1733,818,Lee Allen Ripley,771,750,2B,68,T4,2,2,7,4,7.76%,-7.76%,1,0,0,1647,143,12,SAR,POR,2B,1B,1B,1
Gimpy Schlempteen 32,379,929,Lee Allen Ripley,771,678,FO,251,T4,2,2,7,5,-5.69%,5.69%,0,0,0,1647,143,12,SAR,POR,FO,FO,FO,1
Reimer Gonzalez,13,277,Hudson Hildebrandt,284,222,2B,55,B4,0,0,7,5,3.69%,-3.69%,0,0,0,1648,143,12,POR,SAR,2B,2B,2B,1
Edward Freeman,700,,Hudson Hildebrandt,284,,Auto K,,B4,0,2,7,5,-2.30%,2.30%,0,0,0,1648,143,12,POR,SAR,Auto K,Auto K,Auto K,9
Aych Imtiyaz,170,498,Hudson Hildebrandt,284,900,K,402,B4,1,2,7,5,-2.72%,2.72%,0,0,0,1648,143,12,POR,SAR,K,PO,RGO,1
Artie Ziff,164,747,Hudson Hildebrandt,284,111,K,364,B4,2,2,7,5,-2.08%,2.08%,0,0,0,1648,143,12,POR,SAR,K,K,K,1
Makesiondon Kelkboom,327,69,Lee Allen Ripley,771,640,RGO,429,T5,0,0,7,5,-3.62%,3.62%,0,0,0,1649,143,12,SAR,POR,RGO,RGO,RGO,1
Ross Ewage,1764,804,Lee Allen Ripley,771,222,RGO,418,T5,1,0,7,5,-3.57%,3.57%,0,0,0,1649,143,12,SAR,POR,RGO,RGO,RGO,1
Burg McTurdBerg,2262,512,Lee Allen Ripley,771,836,PO,324,T5,2,0,7,5,-1.74%,1.74%,0,0,0,1649,143,12,SAR,POR,PO,PO,K,1
Geno Scaramucci,165,404,Hudson Hildebrandt,284,900,LGO,496,B5,0,0,7,5,-0.63%,0.63%,0,0,0,1650,143,12,POR,SAR,LGO,LGO,LGO,1
Grigury Polinko,452,,Hudson Hildebrandt,284,,Auto K,,B5,1,0,7,5,-0.86%,0.86%,0,0,0,1650,143,12,POR,SAR,Auto K,Auto K,Auto K,9
Brian Talapia,1752,211,Hudson Hildebrandt,284,10,FO,201,B5,2,0,7,5,-0.47%,0.47%,0,0,0,1650,143,12,POR,SAR,FO,FO,FO,1
Elmo Seabreeze,1785,101,Lee Allen Ripley,771,150,3B,49,T6,0,0,7,5,11.67%,-11.67%,0,1,1,1651,143,12,SAR,POR,3B,2B,2B,1
Bradle Beamen,203,212,Lee Allen Ripley,771,780,RGO,432,T6,0,3,7,5,-10.37%,10.37%,0,0,0,1651,143,12,SAR,POR,RGO,RGO,RGO,2
Lawrence Wiseman,380,788,Lee Allen Ripley,771,699,2B,89,T6,1,3,7,5,15.36%,-15.36%,1,0,0,1651,143,12,SAR,POR,2B,1B,1B,1
Fuzzy Dunlop,382,448,Lee Allen Ripley,771,330,BB,118,T6,1,2,7,6,7.61%,-7.61%,0,0,0,1651,143,12,SAR,POR,BB,BB,1B,1
Bonesy McSkellington,1733,860,Lee Allen Ripley,771,331,DP,471,T6,1,4,7,6,-33.71%,33.71%,0,0,0,1651,143,12,SAR,POR,LGO,LGO,DP,1
cocl,487,333,Edward Duncan,620,333,HR,0,T1,0,0,0,0,10.88%,-10.88%,1,1,1,1652,144,12,MVM,KTY,HR,HR,HR,1
Deej Gambino,594,527,Edward Duncan,620,152,K,375,T1,0,0,0,1,-2.87%,2.87%,0,0,0,1652,144,12,MVM,KTY,K,K,K,1
Buzz Schwinghammer,367,323,Edward Duncan,620,403,1B,80,T1,1,0,0,1,3.32%,-3.32%,0,1,1,1652,144,12,MVM,KTY,1B,1B,1B,1
Jeremy Carolina,728,285,Edward Duncan,620,375,1B,90,T1,1,1,0,1,4.55%,-4.55%,0,0,0,1652,144,12,MVM,KTY,1B,1B,1B,1
Baron Harold Willingsby,765,602,Edward Duncan,620,575,2B,27,T1,1,4,0,1,12.14%,-12.14%,1,0,0,1652,144,12,MVM,KTY,2B,2B,3B,1
J.E. Wilkins,235,762,Edward Duncan,620,134,K,372,T1,1,6,0,2,-4.88%,4.88%,0,0,0,1652,144,12,MVM,KTY,K,K,K,1
Reggie Stocker,1958,635,Edward Duncan,620,295,K,340,T1,2,6,0,2,-8.01%,8.01%,0,0,0,1652,144,12,MVM,KTY,K,K,K,1
Pedro Cerrano-Spaz,1798,202,Wallace Grommet,492,277,2B,75,B1,0,0,0,2,6.63%,-6.63%,0,0,0,1653,144,12,KTY,MVM,2B,2B,1B,1
Tyler Phoenix,99,432,Wallace Grommet,492,949,LGO,483,B1,0,2,0,2,-4.88%,4.88%,0,0,0,1653,144,12,KTY,MVM,LGO,LGO,LGO,1
Chase Hillinger,1710,220,Wallace Grommet,492,923,PO,297,B1,1,2,0,2,-3.94%,3.94%,0,0,0,1653,144,12,KTY,MVM,PO,PO,K,1
Henrik Omega,84,347,Wallace Grommet,492,641,K,294,B1,2,2,0,2,-4.76%,4.76%,0,0,0,1653,144,12,KTY,MVM,K,K,K,1
Mike Hampton,782,191,Edward Duncan,620,323,BB,132,T2,0,0,0,2,2.42%,-2.42%,0,1,1,1654,144,12,MVM,KTY,BB,BB,1B,1
Ben Bramly,238,101,Edward Duncan,620,231,BB,130,T2,0,1,0,2,4.52%,-4.52%,0,1,1,1654,144,12,MVM,KTY,BB,BB,1B,1
cocl,487,638,Edward Duncan,620,576,1B,62,T2,0,4,0,2,5.42%,-5.42%,0,1,1,1654,144,12,MVM,KTY,1B,1B,2B,1
Deej Gambino,594,743,Edward Duncan,620,688,1B,55,T2,0,7,0,2,4.86%,-4.86%,1,1,1,1654,144,12,MVM,KTY,1B,1B,2B,1
Cap Keeler,1808,823,Edward Duncan,620,243,PO,420,T2,0,7,0,3,-1.59%,1.59%,0,0,0,1654,144,12,MVM,KTY,PO,RGO,DP,1
Jeremy Carolina,728,423,Edward Duncan,620,24,PO,399,T2,1,7,0,3,-5.39%,5.39%,0,0,0,1654,144,12,MVM,KTY,PO,PO,PO,1
Baron Harold Willingsby,765,528,Edward Duncan,620,655,BB,127,T2,2,7,0,3,5.24%,-5.24%,1,1,1,1654,144,12,MVM,KTY,BB,BB,1B,1
J.E. Wilkins,235,700,Edward Duncan,620,655,2B,45,T2,2,7,0,4,6.72%,-6.72%,3,0,0,1654,144,12,MVM,KTY,2B,2B,2B,1
Reggie Stocker,1958,1,Edward Duncan,620,267,FO,266,T2,2,2,0,7,-0.83%,0.83%,0,0,0,1654,144,12,MVM,KTY,FO,FO,FO,1
Merodach Baladan,100,37,Wallace Grommet,492,481,LGO,444,B2,0,0,0,7,-1.43%,1.43%,0,0,0,1655,144,12,KTY,MVM,LGO,LGO,RGO,1
Vinny Vedecci,2,500,Wallace Grommet,492,898,PO,398,B2,1,0,0,7,-0.83%,0.83%,0,0,0,1655,144,12,KTY,MVM,PO,PO,PO,1
Mr. Miyagi,265,410,Wallace Grommet,492,8,PO,402,B2,2,0,0,7,-0.57%,0.57%,0,0,0,1655,144,12,KTY,MVM,PO,PO,RGO,1
Mike Hampton,782,354,Edward Duncan,620,187,FO,167,T3,0,0,0,7,-0.47%,0.47%,0,0,0,1656,144,12,MVM,KTY,FO,FO,BB,1
Ben Bramly,238,924,Edward Duncan,620,344,RGO,420,T3,1,0,0,7,-0.51%,0.51%,0,0,0,1656,144,12,MVM,KTY,RGO,RGO,RGO,1
cocl,487,730,Edward Duncan,620,947,FO,217,T3,2,0,0,7,-0.46%,0.46%,0,0,0,1656,144,12,MVM,KTY,FO,FO,FO,1
David Roidtiz,1742,225,Wallace Grommet,492,378,FO,153,B3,0,0,0,7,-1.22%,1.22%,0,0,0,1657,144,12,KTY,MVM,FO,FO,BB,1
Mason Spurs,103,659,Wallace Grommet,492,578,1B,81,B3,1,0,0,7,1.28%,-1.28%,0,1,1,1657,144,12,KTY,MVM,1B,1B,1B,1
Pedro Cerrano-Spaz,1798,106,Wallace Grommet,492,44,2B,62,B3,1,1,0,7,3.50%,-3.50%,0,0,0,1657,144,12,KTY,MVM,2B,2B,2B,1
Tyler Phoenix,99,984,Wallace Grommet,492,821,Sac,163,B3,1,6,0,7,-5.27%,5.27%,1,0,0,1657,144,12,KTY,MVM,FO,FO,BB,1
Chase Hillinger,1710,300,Wallace Grommet,492,798,LGO,498,B3,2,2,1,7,-0.67%,0.67%,0,0,0,1657,144,12,KTY,MVM,LGO,LGO,LGO,1
Deej Gambino,594,650,Edward Duncan,620,747,BB,97,T4,0,0,1,7,0.57%,-0.57%,0,1,1,1658,144,12,MVM,KTY,BB,BB,1B,1
Cap Keeler,1808,538,Edward Duncan,620,413,BB,125,T4,0,1,1,7,0.43%,-0.43%,0,1,1,1658,144,12,MVM,KTY,BB,BB,1B,1
Jeremy Carolina,728,120,Edward Duncan,620,435,K,315,T4,0,4,1,7,-0.74%,0.74%,0,0,0,1658,144,12,MVM,KTY,K,K,K,1
Baron Harold Willingsby,765,98,Edward Duncan,620,173,1B,75,T4,1,4,1,7,1.37%,-1.37%,0,1,1,1658,144,12,MVM,KTY,1B,1B,1B,1
J.E. Wilkins,235,268,Edward Duncan,620,285,HR,17,T4,1,7,1,7,-1.58%,1.58%,4,1,1,1658,144,12,MVM,KTY,HR,HR,HR,1
Reggie Stocker,1958,600,Edward Duncan,620,726,BB,126,T4,1,0,1,11,0.25%,-0.25%,0,1,1,1658,144,12,MVM,KTY,BB,BB,1B,1
Mike Hampton,782,915,Edward Duncan,620,858,1B,57,T4,1,1,1,11,-0.04%,0.04%,0,0,0,1658,144,12,MVM,KTY,1B,1B,2B,1
Ben Bramly,238,339,Edward Duncan,620,437,1B,98,T4,1,4,1,11,1.37%,-1.37%,0,0,0,1658,144,12,MVM,KTY,1B,1B,1B,1
cocl,487,112,Edward Duncan,620,867,Sac,245,T4,1,7,1,11,-1.61%,1.61%,1,0,0,1658,144,12,MVM,KTY,FO,FO,Sac,1
Deej Gambino,594,220,Edward Duncan,620,467,FO,247,T4,2,4,1,12,-0.41%,0.41%,0,0,0,1658,144,12,MVM,KTY,FO,FO,FO,1
Henrik Omega,84,143,Wallace Grommet,492,737,PO,406,B4,0,0,1,12,-0.78%,0.78%,0,0,0,1659,144,12,KTY,MVM,PO,PO,RGO,1
Merodach Baladan,100,4,Wallace Grommet,492,736,PO,268,B4,1,0,1,12,-0.78%,0.78%,0,0,0,1659,144,12,KTY,MVM,PO,PO,FO,1
Vinny Vedecci,2,111,Wallace Grommet,492,718,PO,393,B4,2,0,1,12,-0.23%,0.23%,0,0,0,1659,144,12,KTY,MVM,PO,PO,PO,1
Cap Keeler,1808,781,Edward Duncan,620,102,K,321,T5,0,0,1,12,0.07%,-0.07%,0,0,0,1660,144,12,MVM,KTY,K,K,K,1
Jeremy Carolina,728,890,Edward Duncan,620,102,K,212,T5,1,0,1,12,-0.33%,0.33%,0,0,0,1660,144,12,MVM,KTY,K,FO,FO,1
Baron Harold Willingsby,765,432,Edward Duncan,620,856,RGO,424,T5,2,0,1,12,-0.09%,0.09%,0,0,0,1660,144,12,MVM,KTY,RGO,RGO,RGO,1
Mr. Miyagi,265,121,Wallace Grommet,492,904,FO,217,B5,0,0,1,12,-0.77%,0.77%,0,0,0,1661,144,12,KTY,MVM,FO,FO,FO,1
David Roidtiz,1742,401,Wallace Grommet,492,912,LGO,489,B5,1,0,1,12,-0.44%,0.44%,0,0,0,1661,144,12,KTY,MVM,LGO,LGO,LGO,1
Mason Spurs,103,121,Wallace Grommet,492,652,LGO,469,B5,2,0,1,12,-0.15%,0.15%,0,0,0,1661,144,12,KTY,MVM,LGO,LGO,LGO,1
J.E. Wilkins,235,69,Edward Duncan,620,127,2B,58,T6,0,0,1,12,0.18%,-0.18%,0,0,0,1662,144,12,MVM,KTY,2B,2B,2B,1
Reggie Stocker,1958,410,Edward Duncan,620,648,FO,238,T6,0,2,1,12,-0.16%,0.16%,0,0,0,1662,144,12,MVM,KTY,FO,FO,FO,1
Mike Hampton,782,999,Edward Duncan,620,354,K,355,T6,1,2,1,12,0.02%,-0.02%,0,0,0,1662,144,12,MVM,KTY,K,K,K,1
Ben Bramly,238,217,Edward Duncan,620,688,LGO,471,T6,2,2,1,12,-0.19%,0.19%,0,0,0,1662,144,12,MVM,KTY,LGO,LGO,LGO,1
Pedro Cerrano-Spaz,1798,420,Wallace Grommet,492,556,BB,136,B6,0,0,1,12,0.73%,-0.73%,0,0,0,1663,144,12,KTY,MVM,BB,BB,1B,1
Tyler Phoenix,99,202,Wallace Grommet,492,778,PO,424,B6,0,1,1,12,-0.73%,0.73%,0,0,0,1663,144,12,KTY,MVM,PO,PO,DP,1
Chase Hillinger,1710,420,Wallace Grommet,492,323,1B,97,B6,1,1,1,12,0.63%,-0.63%,0,0,0,1663,144,12,KTY,MVM,1B,1B,1B,1
Henrik Omega,84,901,Wallace Grommet,492,556,PO,345,B6,1,4,1,12,-0.81%,0.81%,0,0,0,1663,144,12,KTY,MVM,PO,PO,K,1
Merodach Baladan,100,546,Dixon Uraz,34,769,FO,223,B6,2,4,1,12,-0.41%,0.41%,0,0,0,1663,144,12,KTY,MVM,FO,FO,FO,1
Ray Saint Pete,1816,738,Penny Lane,716,666,1B,72,T1,0,0,0,0,3.67%,-3.67%,0,0,0,1664,145,13,WSH,RKT,1B,1B,1B,1
KC Bats,287,69,Penny Lane,716,927,FO,142,T1,0,1,0,0,-2.98%,2.98%,0,0,0,1664,145,13,WSH,RKT,FO,FO,BB,1
Jabreakit Jubawit,1964,456,Penny Lane,716,792,PO,336,T1,1,1,0,0,-3.96%,3.96%,0,0,0,1664,145,13,WSH,RKT,PO,PO,K,1
Miguel Snow,290,989,Penny Lane,716,888,BB,101,T1,2,1,0,0,3.01%,-3.01%,0,0,0,1664,145,13,WSH,RKT,BB,BB,1B,1
Angel Leon,234,866,Penny Lane,716,221,K,355,T1,2,4,0,0,-6.52%,6.52%,0,0,0,1664,145,13,WSH,RKT,K,K,K,1
Runner Buehler,717,650,Yahtzee Pinocchio,815,388,K,262,B1,0,0,0,0,-2.73%,2.73%,0,0,0,1665,145,13,RKT,WSH,K,K,FO,1
Jeff Loldee,2261,712,Yahtzee Pinocchio,815,925,FO,213,B1,1,0,0,0,-2.27%,2.27%,0,0,0,1665,145,13,RKT,WSH,FO,FO,FO,1
Mongster Mash,344,69,Yahtzee Pinocchio,815,378,PO,309,B1,2,0,0,0,-1.79%,1.79%,0,0,0,1665,145,13,RKT,WSH,PO,PO,K,1
Jack Ryan,2215,501,Penny Lane,716,631,BB,130,T2,0,0,0,0,4.19%,-4.19%,0,0,0,1666,145,13,WSH,RKT,BB,BB,1B,1
Joe Pidgeon,301,180,Penny Lane,716,444,FO,264,T2,0,1,0,0,-3.28%,3.28%,0,0,0,1666,145,13,WSH,RKT,FO,FO,FO,1
Mitch Kramer,669,133,Penny Lane,716,233,1B,100,T2,1,1,0,0,5.17%,-5.17%,0,0,0,1666,145,13,WSH,RKT,1B,BB,1B,1
Phil Coulson,226,877,Penny Lane,716,759,1B,118,T2,1,4,0,0,8.61%,-8.61%,0,0,0,1666,145,13,WSH,RKT,1B,1B,1B,1
Ray Saint Pete,1816,666,Penny Lane,716,386,K,280,T2,1,7,0,0,-10.68%,10.68%,0,0,0,1666,145,13,WSH,RKT,K,K,Sac,1
KC Bats,287,738,Penny Lane,716,1,FO,263,T2,2,7,0,0,-11.30%,11.30%,0,0,0,1666,145,13,WSH,RKT,FO,FO,FO,1
Peter Peckershine,389,100,Yahtzee Pinocchio,815,823,K,277,B2,0,0,0,0,-2.75%,2.75%,0,0,0,1667,145,13,RKT,WSH,K,K,FO,1
London Clarke,2266,,Yahtzee Pinocchio,815,,Auto K,,B2,1,0,0,0,-2.68%,2.68%,0,0,0,1667,145,13,RKT,WSH,Auto K,Auto K,Auto K,9
Jake Wexler,399,141,Yahtzee Pinocchio,815,629,LGO,488,B2,2,0,0,0,-1.88%,1.88%,0,0,0,1667,145,13,RKT,WSH,LGO,LGO,LGO,1
Jabreakit Jubawit,1964,334,Penny Lane,716,666,PO,332,T3,0,0,0,0,-3.25%,3.25%,0,0,0,1668,145,13,WSH,RKT,PO,PO,K,1
Miguel Snow,290,420,Penny Lane,716,666,K,246,T3,1,0,0,0,-3.05%,3.05%,0,0,0,1668,145,13,WSH,RKT,K,K,FO,1
Angel Leon,234,4,Penny Lane,716,316,K,312,T3,2,0,0,0,-2.06%,2.06%,0,0,0,1668,145,13,WSH,RKT,K,K,K,1
Richard Northstar,275,576,Joel Embiid,285,201,RGO,375,B3,0,0,0,0,-3.32%,3.32%,0,0,0,1669,145,13,RKT,WSH,RGO,RGO,K,1
Jrue Pierce,759,402,Joel Embiid,285,915,LGO,487,B3,1,0,0,0,-2.80%,2.80%,0,0,0,1669,145,13,RKT,WSH,LGO,LGO,LGO,1
Viking Fishbird,42,623,Joel Embiid,285,360,K,263,B3,2,0,0,0,-2.32%,2.32%,0,0,0,1669,145,13,RKT,WSH,K,K,FO,1
Jack Ryan,2215,851,Penny Lane,716,513,K,338,T4,0,0,0,0,-3.87%,3.87%,0,0,0,1670,145,13,WSH,RKT,K,K,K,1
Joe Pidgeon,301,777,Penny Lane,716,123,PO,346,T4,1,0,0,0,-3.68%,3.68%,0,0,0,1670,145,13,WSH,RKT,PO,PO,K,1
Mitch Kramer,669,812,Penny Lane,716,927,BB,115,T4,2,0,0,0,2.71%,-2.71%,0,0,0,1670,145,13,WSH,RKT,BB,BB,1B,1
Phil Coulson,226,350,Penny Lane,716,222,BB,128,T4,2,1,0,0,4.19%,-4.19%,0,0,0,1670,145,13,WSH,RKT,BB,BB,1B,1
Ray Saint Pete,1816,426,Penny Lane,716,1,RGO,425,T4,2,4,0,0,-9.43%,9.43%,0,0,0,1670,145,13,WSH,RKT,RGO,RGO,RGO,1
Runner Buehler,717,949,Joel Embiid,285,673,PO,276,B4,0,0,0,0,-3.93%,3.93%,0,0,0,1671,145,13,RKT,WSH,PO,PO,FO,1
Jeff Loldee,2261,483,Joel Embiid,285,724,FO,241,B4,1,0,0,0,-3.43%,3.43%,0,0,0,1671,145,13,RKT,WSH,FO,FO,FO,1
Mongster Mash,344,222,Joel Embiid,285,669,LGO,447,B4,2,0,0,0,-2.71%,2.71%,0,0,0,1671,145,13,RKT,WSH,LGO,LGO,RGO,1
KC Bats,287,420,Penny Lane,716,511,1B,91,T5,0,0,0,0,6.36%,-6.36%,0,1,1,1672,145,13,WSH,RKT,1B,1B,1B,1
Jabreakit Jubawit,1964,999,Penny Lane,716,67,2B,68,T5,0,1,0,0,21.74%,-21.74%,0,1,1,1672,145,13,WSH,RKT,2B,2B,1B,1
Miguel Snow,290,103,Penny Lane,716,77,HR,26,T5,0,6,0,0,12.66%,-12.66%,3,1,1,1672,145,13,WSH,RKT,HR,HR,3B,1
Angel Leon,234,103,Mongster Mash,344,3,1B,100,T5,0,0,0,3,1.20%,-1.20%,0,1,1,1672,145,13,WSH,RKT,1B,1B,1B,1
Jack Ryan,2215,513,Mongster Mash,344,499,HR,14,T5,0,1,0,3,5.48%,-5.48%,2,1,1,1672,145,13,WSH,RKT,HR,HR,HR,1
Joe Pidgeon,301,737,Mongster Mash,344,492,FO,245,T5,0,0,0,5,-0.39%,0.39%,0,0,0,1672,145,13,WSH,RKT,FO,FO,FO,1
Mitch Kramer,669,808,Mongster Mash,344,882,1B,74,T5,1,0,0,5,0.66%,-0.66%,0,0,0,1672,145,13,WSH,RKT,1B,1B,1B,1
Phil Coulson,226,910,Mongster Mash,344,8,1B,98,T5,1,1,0,5,0.23%,-0.23%,0,0,0,1672,145,13,WSH,RKT,1B,1B,1B,1
Ray Saint Pete,1816,420,Mongster Mash,344,88,PO,332,T5,1,4,0,5,-0.58%,0.58%,0,0,0,1672,145,13,WSH,RKT,PO,PO,K,1
KC Bats,287,555,Mongster Mash,344,388,FO,167,T5,2,4,0,5,-0.91%,0.91%,0,0,0,1672,145,13,WSH,RKT,FO,FO,BB,1
Peter Peckershine,389,320,Joel Embiid,285,184,1B,136,B5,0,0,0,5,2.14%,-2.14%,0,0,0,1673,145,13,RKT,WSH,1B,1B,1B,1
London Clarke,2266,457,Joel Embiid,285,720,PO,263,B5,0,1,0,5,-1.70%,1.70%,0,0,0,1673,145,13,RKT,WSH,PO,PO,FO,1
Jake Wexler,399,992,Joel Embiid,285,375,DP,383,B5,1,1,0,5,-2.98%,2.98%,0,0,0,1673,145,13,RKT,WSH,RGO,RGO,PO,1
Jabreakit Jubawit,1964,666,Mongster Mash,344,785,BB,119,T6,0,0,0,5,0.15%,-0.15%,0,1,1,1674,145,13,WSH,RKT,BB,BB,1B,1
Miguel Snow,290,24,Mongster Mash,344,821,FO,203,T6,0,1,0,5,-0.06%,0.06%,0,0,0,1674,145,13,WSH,RKT,FO,FO,FO,1
Angel Leon,234,604,Mongster Mash,344,555,1B,49,T6,1,1,0,5,0.16%,-0.16%,0,1,1,1674,145,13,WSH,RKT,1B,1B,2B,1
Jack Ryan,2215,245,Mongster Mash,344,499,FO,254,T6,1,4,0,5,-0.25%,0.25%,0,0,0,1674,145,13,WSH,RKT,FO,FO,FO,1
Joe Pidgeon,301,99,Mongster Mash,344,221,BB,122,T6,2,4,0,5,0.30%,-0.30%,0,0,0,1674,145,13,WSH,RKT,BB,BB,1B,1
Mitch Kramer,669,959,Mongster Mash,344,800,BB,159,T6,2,7,0,5,0.33%,-0.33%,1,0,0,1674,145,13,WSH,RKT,BB,BB,BB,1
Phil Coulson,226,585,Mongster Mash,344,778,BB,193,T6,2,7,0,6,0.00%,0.00%,1,0,0,1674,145,13,WSH,RKT,BB,BB,FO,1
Ray Saint Pete,1816,420,Mongster Mash,344,679,FO,259,T6,2,7,0,7,-0.24%,0.24%,0,0,0,1674,145,13,WSH,RKT,FO,FO,FO,1
Richard Northstar,275,661,Oliver Yu,286,111,LGO,450,B6,0,0,0,7,-0.38%,0.38%,0,0,0,1675,145,13,RKT,WSH,LGO,LGO,RGO,1
Jrue Pierce,759,543,Oliver Yu,286,888,PO,345,B6,1,0,0,7,-0.18%,0.18%,0,0,0,1675,145,13,RKT,WSH,PO,PO,K,1
Viking Fishbird,42,333,Oliver Yu,286,777,LGO,444,B6,2,0,0,7,-0.03%,0.03%,0,0,0,1675,145,13,RKT,WSH,LGO,LGO,RGO,1
Jin Yang,1695,499,Leonard Boyfriend,67,319,BB,180,T1,0,0,0,0,3.67%,-3.67%,0,1,1,1676,146,13,KRB,CHI,BB,BB,FO,1
Thomas Chiggins,16,800,Leonard Boyfriend,67,6,FO,206,T1,0,1,0,0,-2.98%,2.98%,0,0,0,1676,146,13,KRB,CHI,FO,FO,FO,1
Moby Dick,1719,650,Leonard Boyfriend,67,973,K,323,T1,1,1,0,0,-3.96%,3.96%,0,0,0,1676,146,13,KRB,CHI,K,K,K,1
Jayson Kincaid,756,243,Leonard Boyfriend,67,350,1B,107,T1,2,1,0,0,3.02%,-3.02%,0,0,0,1676,146,13,KRB,CHI,1B,1B,1B,1
Tabasco Greensauce,1818,888,Leonard Boyfriend,67,84,BB,196,T1,2,5,0,0,3.15%,-3.15%,0,0,0,1676,146,13,KRB,CHI,BB,BB,FO,1
Roy Hobbs,609,818,Leonard Boyfriend,67,682,BB,136,T1,2,7,0,0,10.02%,-10.02%,1,0,0,1676,146,13,KRB,CHI,BB,BB,1B,1
Christian Bevan,616,9,Leonard Boyfriend,67,381,PO,372,T1,2,7,0,1,-8.45%,8.45%,0,0,0,1676,146,13,KRB,CHI,PO,PO,K,1
Doc Dockgoose,1801,1000,Arthur Vandelay,518,916,1B,84,B1,0,0,0,1,3.85%,-3.85%,0,0,0,1677,146,13,CHI,KRB,1B,1B,1B,1
JZ,788,17,Arthur Vandelay,518,246,FO,229,B1,0,1,0,1,-3.16%,3.16%,0,0,0,1677,146,13,CHI,KRB,FO,FO,FO,1
Corey Scooter,1717,836,Arthur Vandelay,518,380,DP,456,B1,1,1,0,1,-8.10%,8.10%,0,0,0,1677,146,13,CHI,KRB,LGO,LGO,DP,1
Arthur Vandelay,518,618,Leonard Boyfriend,67,992,RGO,374,T2,0,0,0,1,-2.62%,2.62%,0,0,0,1678,146,13,KRB,CHI,RGO,RGO,K,1
Francis X. Clampazzo,485,256,Leonard Boyfriend,67,850,RGO,406,T2,1,0,0,1,-2.34%,2.34%,0,0,0,1678,146,13,KRB,CHI,RGO,RGO,RGO,1
Jin Yang,1695,121,Leonard Boyfriend,67,772,PO,349,T2,2,0,0,1,-1.56%,1.56%,0,0,0,1678,146,13,KRB,CHI,PO,PO,K,1
John-Rhys Ealy,2239,383,Arthur Vandelay,518,77,K,306,B2,0,0,0,1,-3.40%,3.40%,0,0,0,1679,146,13,CHI,KRB,K,K,K,1
Garfield Chubbs,2230,846,Arthur Vandelay,518,86,FO,240,B2,1,0,0,1,-2.75%,2.75%,0,0,0,1679,146,13,CHI,KRB,FO,FO,FO,1
Skye McDowell,264,666,Arthur Vandelay,518,888,FO,222,B2,2,0,0,1,-2.18%,2.18%,0,0,0,1679,146,13,CHI,KRB,FO,FO,FO,1
Thomas Chiggins,16,700,Leonard Boyfriend,67,145,LGO,445,T3,0,0,0,1,-2.77%,2.77%,0,0,0,1680,146,13,KRB,CHI,LGO,LGO,RGO,1
Moby Dick,1719,310,Leonard Boyfriend,67,933,RGO,377,T3,1,0,0,1,-2.57%,2.57%,0,0,0,1680,146,13,KRB,CHI,RGO,RGO,K,1
Jayson Kincaid,756,350,Leonard Boyfriend,67,795,LGO,445,T3,2,0,0,1,-1.56%,1.56%,0,0,0,1680,146,13,KRB,CHI,LGO,LGO,RGO,1
Erin Pickles,68,505,Arthur Vandelay,518,251,FO,254,B3,0,0,0,1,-4.00%,4.00%,0,0,0,1681,146,13,CHI,KRB,FO,FO,FO,1
Sleve McDichael,1786,1000,Arthur Vandelay,518,251,FO,251,B3,1,0,0,1,-3.30%,3.30%,0,0,0,1681,146,13,CHI,KRB,FO,FO,FO,1
Velvet Scarlatina,59,69,Arthur Vandelay,518,701,RGO,368,B3,2,0,0,1,-2.28%,2.28%,0,0,0,1681,146,13,CHI,KRB,RGO,RGO,K,1
Tabasco Greensauce,1818,375,Leonard Boyfriend,67,448,1B,73,T4,0,0,0,1,3.74%,-3.74%,0,0,0,1682,146,13,KRB,CHI,1B,1B,1B,1
Roy Hobbs,609,,Leonard Boyfriend,67,,Auto K,,T4,0,1,0,1,-3.35%,3.35%,0,0,0,1682,146,13,KRB,CHI,Auto K,Auto K,Auto K,9
Christian Bevan,616,299,Leonard Boyfriend,67,960,PO,339,T4,1,1,0,1,-3.69%,3.69%,0,0,0,1682,146,13,KRB,CHI,PO,PO,K,1
Arthur Vandelay,518,680,Leonard Boyfriend,67,3,K,323,T4,2,1,0,1,-3.86%,3.86%,0,0,0,1682,146,13,KRB,CHI,K,K,K,1
Doc Dockgoose,1801,111,Arthur Vandelay,518,346,FO,235,B4,0,0,0,1,-4.80%,4.80%,0,0,0,1683,146,13,CHI,KRB,FO,FO,FO,1
JZ,788,17,Arthur Vandelay,518,854,FO,163,B4,1,0,0,1,-4.17%,4.17%,0,0,0,1683,146,13,CHI,KRB,FO,FO,BB,1
Corey Scooter,1717,150,Arthur Vandelay,518,44,BB,106,B4,2,0,0,1,3.29%,-3.29%,0,0,0,1683,146,13,CHI,KRB,BB,BB,1B,1
John-Rhys Ealy,2239,537,Arthur Vandelay,518,440,BB,97,B4,2,1,0,1,5.22%,-5.22%,0,0,0,1683,146,13,CHI,KRB,BB,BB,1B,1
Garfield Chubbs,2230,404,Arthur Vandelay,518,666,FO,262,B4,2,4,0,1,-11.86%,11.86%,0,0,0,1683,146,13,CHI,KRB,FO,FO,FO,1
Francis X. Clampazzo,485,333,Leonard Boyfriend,67,93,FO,240,T5,0,0,0,1,-3.05%,3.05%,0,0,0,1684,146,13,KRB,CHI,FO,FO,FO,1
Jin Yang,1695,613,Leonard Boyfriend,67,16,RGO,403,T5,1,0,0,1,-2.51%,2.51%,0,0,0,1684,146,13,KRB,CHI,RGO,RGO,RGO,1
Thomas Chiggins,16,1,Leonard Boyfriend,67,443,LGO,442,T5,2,0,0,1,-1.72%,1.72%,0,0,0,1684,146,13,KRB,CHI,LGO,LGO,RGO,1
Skye McDowell,264,534,Arthur Vandelay,518,800,K,266,B5,0,0,0,1,-6.28%,6.28%,0,0,0,1685,146,13,CHI,KRB,K,K,FO,1
Erin Pickles,68,433,Arthur Vandelay,518,700,FO,267,B5,1,0,0,1,-5.99%,5.99%,0,0,0,1685,146,13,CHI,KRB,FO,FO,FO,1
Sleve McDichael,1786,102,Arthur Vandelay,518,442,K,340,B5,2,0,0,1,-4.18%,4.18%,0,0,0,1685,146,13,CHI,KRB,K,K,K,1
Moby Dick,1719,515,Leonard Boyfriend,67,702,FO,187,T6,0,0,0,1,-2.38%,2.38%,0,0,0,1686,146,13,KRB,CHI,FO,FO,FO,1
Jayson Kincaid,756,350,Leonard Boyfriend,67,932,RGO,418,T6,1,0,0,1,-1.97%,1.97%,0,0,0,1686,146,13,KRB,CHI,RGO,RGO,RGO,1
Tabasco Greensauce,1818,611,Leonard Boyfriend,67,66,LGO,455,T6,2,0,0,1,-1.52%,1.52%,0,0,0,1686,146,13,KRB,CHI,LGO,LGO,LGO,1
Velvet Scarlatina,59,179,Arthur Vandelay,518,702,LGO,477,B6,0,0,0,1,-9.46%,9.46%,0,0,0,1687,146,13,CHI,KRB,LGO,LGO,LGO,1
Doc Dockgoose,1801,7,Arthur Vandelay,518,393,PO,386,B6,1,0,0,1,-9.16%,9.16%,0,0,0,1687,146,13,CHI,KRB,PO,PO,PO,1
JZ,788,17,Arthur Vandelay,518,30,HR,13,B6,2,0,0,1,48.41%,-48.41%,1,1,1,1687,146,13,CHI,KRB,HR,HR,HR,1
Corey Scooter,1717,784,Arthur Vandelay,518,934,FO,150,B6,2,0,1,1,-4.81%,4.81%,0,0,0,1687,146,13,CHI,KRB,FO,FO,BB,1
J.J. Guemes,207,1,Nicholas Fouss,1776,681,K,320,T1,0,0,0,0,-2.52%,2.52%,0,0,0,1688,147,13,WWC,TSA,K,K,K,1
Francis Swagger,610,478,Nicholas Fouss,1776,554,2B,76,T1,1,0,0,0,4.48%,-4.48%,0,1,1,1688,147,13,WWC,TSA,2B,1B,1B,1
Alex Peters,187,766,Nicholas Fouss,1776,766,HR,0,T1,1,2,0,0,16.46%,-16.46%,2,1,1,1688,147,13,WWC,TSA,HR,HR,HR,1
Ferret McGivins,1706,50,Nicholas Fouss,1776,7,2B,43,T1,1,0,0,2,2.57%,-2.57%,0,0,0,1688,147,13,WWC,TSA,2B,2B,2B,1
Paddy O'Connor,549,389,Nicholas Fouss,1776,451,1B,62,T1,1,2,0,2,5.94%,-5.94%,0,0,0,1688,147,13,WWC,TSA,1B,1B,2B,1
Eli Sasak,607,745,Lloyd Gross,135,444,K,301,T1,1,5,0,2,-6.45%,6.45%,0,0,0,1688,147,13,WWC,TSA,K,K,K,1
Skippy Schumaker,1843,1,Lloyd Gross,135,369,K,368,T1,2,5,0,2,-5.35%,5.35%,0,0,0,1688,147,13,WWC,TSA,K,K,K,1
Hayden McCloud,129,2,Skippy Schumaker,1843,179,BB,177,B1,0,0,0,2,3.41%,-3.41%,0,0,0,1689,147,13,TSA,WWC,BB,FO,BB,1
Davoin Shower-Handel,1949,696,Skippy Schumaker,1843,18,DP,322,B1,0,1,0,2,-8.83%,8.83%,0,0,0,1689,147,13,TSA,WWC,RGO,RGO,K,1
Lord Azula,425,690,Skippy Schumaker,1843,312,RGO,378,B1,2,0,0,2,-1.53%,1.53%,0,0,0,1689,147,13,TSA,WWC,RGO,RGO,PO,1
Ping Pong,530,87,Lloyd Gross,135,1,1B,86,T2,0,0,0,2,2.42%,-2.42%,0,0,0,1690,147,13,WWC,TSA,1B,1B,1B,1
Johnny Hendrix,600,2,Lloyd Gross,135,333,K,331,T2,0,1,0,2,-1.66%,1.66%,0,0,0,1690,147,13,WWC,TSA,K,K,K,1
J.J. Guemes,207,999,Lloyd Gross,135,502,DP,497,T2,1,1,0,2,-5.82%,5.82%,0,0,0,1690,147,13,WWC,TSA,LGO,LGO,DP,1
Carlos,132,222,Johnny Hendrix,600,831,K,391,B2,0,0,0,2,-3.08%,3.08%,0,0,0,1691,147,13,TSA,WWC,K,PO,PO,1
Rob Patterson,140,109,Johnny Hendrix,600,913,FO,196,B2,1,0,0,2,-2.95%,2.95%,0,0,0,1691,147,13,TSA,WWC,FO,FO,FO,1
Lloyd Gross,135,69,Johnny Hendrix,600,736,K,333,B2,2,0,0,2,-1.52%,1.52%,0,0,0,1691,147,13,TSA,WWC,K,K,K,1
Francis Swagger,610,311,Lloyd Gross,135,738,LGO,427,T3,0,0,0,2,-1.80%,1.80%,0,0,0,1692,147,13,WWC,TSA,LGO,LGO,RGO,1
Alex Peters,187,745,Lloyd Gross,135,485,FO,260,T3,1,0,0,2,-1.92%,1.92%,0,0,0,1692,147,13,WWC,TSA,FO,FO,FO,1
Ferret McGivins,1706,245,Lloyd Gross,135,444,FO,199,T3,2,0,0,2,-1.37%,1.37%,0,0,0,1692,147,13,WWC,TSA,FO,FO,FO,1
Dogwood Maple,2220,272,Ferret McGivins,1706,805,LGO,467,B3,0,0,0,2,-3.78%,3.78%,0,0,0,1693,147,13,TSA,WWC,LGO,LGO,LGO,1
Nicholas Fouss,1776,344,Ferret McGivins,1706,323,HR,21,B3,1,0,0,2,12.47%,-12.47%,1,1,1,1693,147,13,TSA,WWC,HR,3B,HR,1
Batter Buckland,137,460,Ferret McGivins,1706,310,BB,150,B3,1,0,1,2,5.31%,-5.31%,0,1,1,1693,147,13,TSA,WWC,BB,FO,BB,1
Hayden McCloud,129,385,Ferret McGivins,1706,282,1B,103,B3,1,1,1,2,6.55%,-6.55%,0,0,0,1693,147,13,TSA,WWC,1B,1B,1B,1
Davoin Shower-Handel,1949,555,Ferret McGivins,1706,740,BB,185,B3,1,4,1,2,12.06%,-12.06%,0,0,0,1693,147,13,TSA,WWC,BB,BB,FO,1
Lord Azula,425,620,Ferret McGivins,1706,856,Sac,236,B3,1,7,1,2,-5.35%,5.35%,1,0,0,1693,147,13,TSA,WWC,FO,K,Sac,1
Carlos,132,720,J.J. Guemes,207,256,RGO,464,B3,2,4,2,2,-7.89%,7.89%,0,0,0,1693,147,13,TSA,WWC,RGO,RGO,LGO,1
Paddy O'Connor,549,333,Lloyd Gross,135,3,K,330,T4,0,0,2,2,-3.87%,3.87%,0,0,0,1694,147,13,WWC,TSA,K,K,K,1
Eli Sasak,607,713,Lloyd Gross,135,806,1B,93,T4,1,0,2,2,4.77%,-4.77%,0,1,1,1694,147,13,WWC,TSA,1B,1B,1B,1
Skippy Schumaker,1843,619,Lloyd Gross,135,878,FO,259,T4,1,1,2,2,-5.74%,5.74%,0,0,0,1694,147,13,WWC,TSA,FO,FO,FO,1
Ping Pong,530,242,Lloyd Gross,135,251,HR,9,T4,2,1,2,2,29.57%,-29.57%,2,1,1,1694,147,13,WWC,TSA,HR,HR,HR,1
Johnny Hendrix,600,417,Lloyd Gross,135,69,K,348,T4,2,0,2,4,-1.54%,1.54%,0,0,0,1694,147,13,WWC,TSA,K,K,K,1
Rob Patterson,140,999,J.J. Guemes,207,973,HR,26,B4,0,0,2,4,14.09%,-14.09%,1,1,1,1695,147,13,TSA,WWC,HR,HR,3B,1
Lloyd Gross,135,973,J.J. Guemes,207,351,PO,378,B4,0,0,3,4,-4.80%,4.80%,0,0,0,1695,147,13,TSA,WWC,PO,PO,PO,1
Dogwood Maple,2220,505,J.J. Guemes,207,175,K,330,B4,1,0,3,4,-4.17%,4.17%,0,0,0,1695,147,13,TSA,WWC,K,K,K,1
Nicholas Fouss,1776,444,J.J. Guemes,207,567,BB,123,B4,2,0,3,4,3.29%,-3.29%,0,0,0,1695,147,13,TSA,WWC,BB,BB,1B,1
Batter Buckland,137,784,J.J. Guemes,207,246,RGO,462,B4,2,1,3,4,-6.64%,6.64%,0,0,0,1695,147,13,TSA,WWC,RGO,RGO,LGO,1
J.J. Guemes,207,740,Lloyd Gross,135,769,2B,29,T5,0,0,3,4,7.17%,-7.17%,0,1,1,1696,147,13,WWC,TSA,2B,2B,3B,1
Francis Swagger,610,333,Lloyd Gross,135,789,LGO,456,T5,0,2,3,4,-5.67%,5.67%,0,0,0,1696,147,13,WWC,TSA,LGO,LGO,LGO,1
Alex Peters,187,123,Lloyd Gross,135,121,HR,2,T5,1,2,3,4,17.01%,-17.01%,2,1,1,1696,147,13,WWC,TSA,HR,HR,HR,1
Ferret McGivins,1706,927,Lloyd Gross,135,489,RGO,438,T5,1,0,3,6,-0.96%,0.96%,0,0,0,1696,147,13,WWC,TSA,RGO,RGO,RGO,1
Paddy O'Connor,549,469,Lloyd Gross,135,350,1B,119,T5,2,0,3,6,0.58%,-0.58%,0,0,0,1696,147,13,WWC,TSA,1B,1B,1B,1
Eli Sasak,607,700,Lloyd Gross,135,235,LGO,465,T5,2,1,3,6,-1.56%,1.56%,0,0,0,1696,147,13,WWC,TSA,LGO,LGO,LGO,1
Hayden McCloud,129,514,Guido Ligiorno,1830,659,BB,145,B5,0,0,3,6,4.78%,-4.78%,0,0,0,1697,147,13,TSA,WWC,BB,FO,BB,1
Davoin Shower-Handel,1949,333,Guido Ligiorno,1830,123,FO,210,B5,0,1,3,6,-3.75%,3.75%,0,0,0,1697,147,13,TSA,WWC,FO,FO,FO,1
Lord Azula,425,320,Guido Ligiorno,1830,636,K,316,B5,1,1,3,6,-5.32%,5.32%,0,0,0,1697,147,13,TSA,WWC,K,K,K,1
Carlos,132,812,Guido Ligiorno,1830,512,K,300,B5,2,1,3,6,-3.09%,3.09%,0,0,0,1697,147,13,TSA,WWC,K,K,K,1
Skippy Schumaker,1843,1,Lloyd Gross,135,911,1B,90,T6,0,0,3,6,0.58%,-0.58%,0,0,0,1698,147,13,WWC,TSA,1B,1B,1B,1
Ping Pong,530,102,Lloyd Gross,135,678,DP,424,T6,0,1,3,6,-1.46%,1.46%,0,0,0,1698,147,13,WWC,TSA,LGO,LGO,DP,1
Johnny Hendrix,600,828,Lloyd Gross,135,333,LGO,495,T6,2,0,3,6,-0.48%,0.48%,0,0,0,1698,147,13,WWC,TSA,LGO,LGO,LGO,1
Rob Patterson,140,317,Guido Ligiorno,1830,513,FO,196,B6,0,0,3,6,-3.09%,3.09%,0,0,0,1699,147,13,TSA,WWC,FO,K,FO,1
Lloyd Gross,135,69,Guido Ligiorno,1830,514,RGO,445,B6,1,0,3,6,-2.13%,2.13%,0,0,0,1699,147,13,TSA,WWC,RGO,RGO,RGO,1
Dogwood Maple,2220,519,Guido Ligiorno,1830,269,K,250,B6,2,0,3,6,-0.73%,0.73%,0,0,0,1699,147,13,TSA,WWC,K,K,FO,1
Snoop E. Dogg,22,125,Trevor Rose,1725,2,BB,123,T1,0,0,0,0,3.67%,-3.67%,0,0,0,1700,148,13,PPP,YUM,BB,BB,1B,1
Legend 27,762,420,Trevor Rose,1725,900,DP,480,T1,0,1,0,0,-8.71%,8.71%,0,0,0,1700,148,13,PPP,YUM,LGO,LGO,DP,1
Cam Caminiti,1768,467,Trevor Rose,1725,300,FO,167,T1,2,0,0,0,-1.74%,1.74%,0,0,0,1700,148,13,PPP,YUM,FO,FO,BB,1
Jose Canyousico,36,999,Larry Longshot,32,927,1B,72,B1,0,0,0,0,3.55%,-3.55%,0,0,0,1701,148,13,YUM,PPP,1B,1B,1B,1
C.J. Yantzi,323,399,Larry Longshot,32,727,PO,328,B1,0,1,0,0,-2.91%,2.91%,0,0,0,1701,148,13,YUM,PPP,PO,PO,K,1
Superbone Threefinger,413,327,Larry Longshot,32,827,DP,500,B1,1,1,0,0,-7.43%,7.43%,0,0,0,1701,148,13,YUM,PPP,LGO,LGO,DP,1
Phillips Mahooters,2253,613,Trevor Rose,1725,212,RGO,401,T2,0,0,0,0,-2.86%,2.86%,0,0,0,1702,148,13,PPP,YUM,RGO,PO,RGO,1
Jack Marnette,213,516,Trevor Rose,1725,620,BB,104,T2,1,0,0,0,3.77%,-3.77%,0,0,0,1702,148,13,PPP,YUM,BB,BB,1B,1
Poop McGee,596,666,Trevor Rose,1725,854,K,188,T2,1,1,0,0,-4.68%,4.68%,0,0,0,1702,148,13,PPP,YUM,K,FO,FO,1
Larry Longshot,32,911,Trevor Rose,1725,790,BB,121,T2,2,1,0,0,3.59%,-3.59%,0,0,0,1702,148,13,PPP,YUM,BB,BB,1B,1
Nipsey Slip,529,8,Trevor Rose,1725,333,K,325,T2,2,4,0,0,-7.11%,7.11%,0,0,0,1702,148,13,PPP,YUM,K,K,K,1
Paxton Paige,1952,241,Larry Longshot,32,910,K,331,B2,0,0,0,0,-2.75%,2.75%,0,0,0,1703,148,13,YUM,PPP,K,K,K,1
Tristan Leung,1692,327,Larry Longshot,32,741,RGO,414,B2,1,0,0,0,-2.68%,2.68%,0,0,0,1703,148,13,YUM,PPP,RGO,RGO,RGO,1
Spike McBride,423,273,Larry Longshot,32,140,FO,133,B2,2,0,0,0,-1.88%,1.88%,0,0,0,1703,148,13,YUM,PPP,FO,BB,1B,1
Juni Panda,488,69,Trevor Rose,1725,943,BB,126,T3,0,0,0,0,4.59%,-4.59%,0,1,1,1704,148,13,PPP,YUM,BB,BB,1B,1
Snoop E. Dogg,22,69,Trevor Rose,1725,150,BB,81,T3,0,1,0,0,8.48%,-8.48%,0,0,0,1704,148,13,PPP,YUM,BB,1B,1B,1
Legend 27,762,69,Trevor Rose,1725,744,K,325,T3,0,4,0,0,-6.53%,6.53%,0,0,0,1704,148,13,PPP,YUM,K,K,K,1
Cam Caminiti,1768,918,Trevor Rose,1725,605,K,313,T3,1,4,0,0,-7.10%,7.10%,0,0,0,1704,148,13,PPP,YUM,K,PO,K,1
Phillips Mahooters,2253,313,Trevor Rose,1725,380,1B,67,T3,2,4,0,0,13.99%,-13.99%,1,0,0,1704,148,13,PPP,YUM,1B,2B,1B,1
Jack Marnette,213,580,Trevor Rose,1725,440,BB,140,T3,2,5,0,1,2.31%,-2.31%,0,0,0,1704,148,13,PPP,YUM,BB,BB,BB,1
Poop McGee,596,600,Trevor Rose,1725,200,PO,400,T3,2,7,0,1,-8.98%,8.98%,0,0,0,1704,148,13,PPP,YUM,PO,PO,RGO,1
Richard Saks,321,637,Larry Longshot,32,1,PO,364,B3,0,0,0,1,-4.00%,4.00%,0,0,0,1705,148,13,YUM,PPP,PO,K,K,1
Derek Tombides,580,404,Larry Longshot,32,637,FO,233,B3,1,0,0,1,-3.30%,3.30%,0,0,0,1705,148,13,YUM,PPP,FO,FO,FO,1
Vigolashi Dongeroso,159,53,Larry Longshot,32,404,PO,351,B3,2,0,0,1,-2.28%,2.28%,0,0,0,1705,148,13,YUM,PPP,PO,PO,K,1
Larry Longshot,32,722,Trevor Rose,1725,634,BB,88,T4,0,0,0,1,3.74%,-3.74%,0,0,0,1706,148,13,PPP,YUM,BB,1B,1B,1
Nipsey Slip,529,8,Trevor Rose,1725,888,BB,120,T4,0,1,0,1,6.47%,-6.47%,0,0,0,1706,148,13,PPP,YUM,BB,BB,1B,1
Juni Panda,488,512,Trevor Rose,1725,732,K,220,T4,0,4,0,1,-4.69%,4.69%,0,0,0,1706,148,13,PPP,YUM,K,K,FO,1
Snoop E. Dogg,22,830,Trevor Rose,1725,15,K,185,T4,1,4,0,1,-5.95%,5.95%,0,0,0,1706,148,13,PPP,YUM,K,K,FO,1
Legend 27,762,877,Trevor Rose,1725,480,RGO,397,T4,2,4,0,1,-6.73%,6.73%,0,0,0,1706,148,13,PPP,YUM,RGO,RGO,PO,1
Jose Canyousico,36,950,Larry Longshot,32,877,1B,73,B4,0,0,0,1,6.37%,-6.37%,0,1,1,1707,148,13,YUM,PPP,1B,1B,1B,1
C.J. Yantzi,323,866,Larry Longshot,32,950,1B,84,B4,0,1,0,1,11.35%,-11.35%,0,0,0,1707,148,13,YUM,PPP,1B,1B,1B,1
Superbone Threefinger,413,688,Larry Longshot,32,606,1B,82,B4,0,4,0,1,10.54%,-10.54%,0,0,0,1707,148,13,YUM,PPP,1B,1B,1B,1
Paxton Paige,1952,980,Larry Longshot,32,628,PO,352,B4,0,7,0,1,-4.84%,4.84%,0,0,0,1707,148,13,YUM,PPP,PO,PO,K,1
Tristan Leung,1692,831,Larry Longshot,32,50,Sac,219,B4,1,7,0,1,-4.86%,4.86%,1,0,0,1707,148,13,YUM,PPP,FO,FO,Sac,1
Spike McBride,423,,Larry Longshot,32,,Auto K,,B4,2,4,1,1,-9.45%,9.45%,0,0,0,1707,148,13,YUM,PPP,Auto K,Auto K,Auto K,9
Cam Caminiti,1768,718,Trevor Rose,1725,917,K,199,T5,0,0,1,1,-4.71%,4.71%,0,0,0,1708,148,13,PPP,YUM,K,FO,FO,1
Phillips Mahooters,2253,738,Trevor Rose,1725,111,K,373,T5,1,0,1,1,-4.48%,4.48%,0,0,0,1708,148,13,PPP,YUM,K,PO,K,1
Jack Marnette,213,368,Trevor Rose,1725,345,2B,23,T5,2,0,1,1,6.14%,-6.14%,0,0,0,1708,148,13,PPP,YUM,2B,2B,HR,1
Poop McGee,596,545,Trevor Rose,1725,312,K,233,T5,2,2,1,1,-9.40%,9.40%,0,0,0,1708,148,13,PPP,YUM,K,K,FO,1
Richard Saks,321,237,Larry Longshot,32,444,FO,207,B5,0,0,1,1,-4.39%,4.39%,0,0,0,1709,148,13,YUM,PPP,FO,FO,FO,1
Derek Tombides,580,379,Larry Longshot,32,750,RGO,371,B5,1,0,1,1,-4.77%,4.77%,0,0,0,1709,148,13,YUM,PPP,RGO,RGO,K,1
Vigolashi Dongeroso,159,963,Larry Longshot,32,500,RGO,463,B5,2,0,1,1,-3.04%,3.04%,0,0,0,1709,148,13,YUM,PPP,RGO,RGO,LGO,1
Larry Longshot,32,818,Trevor Rose,1725,450,K,368,T6,0,0,1,1,-6.10%,6.10%,0,0,0,1710,148,13,PPP,YUM,K,PO,K,1
Nipsey Slip,529,8,Trevor Rose,1725,311,K,303,T6,1,0,1,1,-5.86%,5.86%,0,0,0,1710,148,13,PPP,YUM,K,K,K,1
Juni Panda,488,404,Trevor Rose,1725,595,FO,191,T6,2,0,1,1,-4.84%,4.84%,0,0,0,1710,148,13,PPP,YUM,FO,FO,FO,1
Jose Canyousico,36,46,Larry Longshot,32,333,K,287,B6,0,0,1,1,-6.12%,6.12%,0,0,0,1711,148,13,YUM,PPP,K,K,K,1
C.J. Yantzi,323,402,Larry Longshot,32,200,FO,202,B6,1,0,1,1,-5.87%,5.87%,0,0,0,1711,148,13,YUM,PPP,FO,FO,FO,1
Superbone Threefinger,413,469,Larry Longshot,32,127,PO,342,B6,2,0,1,1,-4.81%,4.81%,0,0,0,1711,148,13,YUM,PPP,PO,PO,K,1
Rotticus Scott,562,222,Sammy Tee,731,123,1B,99,T1,0,0,0,0,3.67%,-3.67%,0,1,1,1712,149,13,GBC,GTY,1B,1B,1B,1
Demetrios Ooga,180,234,Sammy Tee,731,345,1B,111,T1,0,1,0,0,7.14%,-7.14%,0,1,1,1712,149,13,GBC,GTY,1B,1B,1B,1
Zack Mouse,1721,123,Sammy Tee,731,7,BB,116,T1,0,4,0,0,6.23%,-6.23%,0,0,0,1712,149,13,GBC,GTY,BB,BB,1B,1
Dirtbag Darrell,262,722,Sammy Tee,731,618,1B,104,T1,0,7,0,0,8.74%,-8.74%,1,0,0,1712,149,13,GBC,GTY,1B,1B,1B,1
Joe Watson,194,788,Sammy Tee,731,718,1B,70,T1,0,7,0,1,6.60%,-6.60%,1,0,0,1712,149,13,GBC,GTY,1B,1B,1B,1
Whitt Bass,39,169,Sarah Curvingsworth,1705,920,K,249,T1,0,7,0,2,-3.37%,3.37%,0,0,0,1712,149,13,GBC,GTY,K,K,Sac,1
Beeg Yoshi,1718,682,Sarah Curvingsworth,1705,166,DP,484,T1,1,7,0,2,-13.88%,13.88%,0,0,0,1712,149,13,GBC,GTY,LGO,LGO,DP,1
Grigury Polinko,452,309,Joe Watson,194,1,K,308,B1,0,0,0,2,-2.78%,2.78%,0,0,0,1713,149,13,GTY,GBC,K,K,K,1
Sammy Tee,731,220,Joe Watson,194,820,PO,400,B1,1,0,0,2,-2.64%,2.64%,0,0,0,1713,149,13,GTY,GBC,PO,PO,RGO,1
Xavier Quinn Jr.,6,711,Joe Watson,194,480,FO,231,B1,2,0,0,2,-1.53%,1.53%,0,0,0,1713,149,13,GTY,GBC,FO,FO,FO,1
Fish Fingers,182,471,Sarah Curvingsworth,1705,880,RGO,409,T2,0,0,0,2,-1.87%,1.87%,0,0,0,1714,149,13,GBC,GTY,RGO,RGO,RGO,1
Javier Tootblan,192,359,Sarah Curvingsworth,1705,515,FO,156,T2,1,0,0,2,-1.76%,1.76%,0,0,0,1714,149,13,GBC,GTY,FO,FO,BB,1
Rotticus Scott,562,112,Walter Yeller Weller,647,271,BB,159,T2,2,0,0,2,1.49%,-1.49%,0,0,0,1714,149,13,GBC,GTY,BB,BB,BB,1
Demetrios Ooga,180,112,Walter Yeller Weller,647,479,PO,367,T2,2,1,0,2,-2.92%,2.92%,0,0,0,1714,149,13,GBC,GTY,PO,PO,K,1
Kegs Mabry,223,,Joe Watson,194,,Auto K,,B2,0,0,0,2,-3.08%,3.08%,0,0,0,1715,149,13,GTY,GBC,Auto K,Auto K,Auto K,9
Aidan Myers,1960,946,Joe Watson,194,530,RGO,416,B2,1,0,0,2,-2.95%,2.95%,0,0,0,1715,149,13,GTY,GBC,RGO,RGO,RGO,1
Nick Papagiorgio,499,989,Joe Watson,194,750,K,239,B2,2,0,0,2,-1.52%,1.52%,0,0,0,1715,149,13,GTY,GBC,K,FO,FO,1
Zack Mouse,1721,666,Walter Yeller Weller,647,9,K,343,T3,0,0,0,2,-1.80%,1.80%,0,0,0,1716,149,13,GBC,GTY,K,K,K,1
Dirtbag Darrell,262,722,Walter Yeller Weller,647,55,K,333,T3,1,0,0,2,-1.92%,1.92%,0,0,0,1716,149,13,GBC,GTY,K,K,K,1
Joe Watson,194,750,Walter Yeller Weller,647,66,K,316,T3,2,0,0,2,-1.37%,1.37%,0,0,0,1716,149,13,GBC,GTY,K,K,K,1
Joe Whomper,1755,990,Joe Watson,194,333,PO,343,B3,0,0,0,2,-3.78%,3.78%,0,0,0,1717,149,13,GTY,GBC,PO,PO,K,1
Revan Skywalker,479,849,Joe Watson,194,1,BB,152,B3,1,0,0,2,4.86%,-4.86%,0,0,0,1717,149,13,GTY,GBC,BB,BB,BB,1
Maddie Williams,2213,327,Joe Watson,194,166,FO,161,B3,1,1,0,2,-5.89%,5.89%,0,0,0,1717,149,13,GTY,GBC,FO,FO,BB,1
Grigury Polinko,452,200,Joe Watson,194,572,RGO,372,B3,2,1,0,2,-4.08%,4.08%,0,0,0,1717,149,13,GTY,GBC,RGO,RGO,K,1
Whitt Bass,39,77,Walter Yeller Weller,647,699,PO,378,T4,0,0,0,2,-1.72%,1.72%,0,0,0,1718,149,13,GBC,GTY,PO,PO,PO,1
Beeg Yoshi,1718,1,Walter Yeller Weller,647,318,K,317,T4,1,0,0,2,-1.81%,1.81%,0,0,0,1718,149,13,GBC,GTY,K,K,K,1
Fish Fingers,182,,Walter Yeller Weller,647,,Auto K,,T4,2,0,0,2,-1.54%,1.54%,0,0,0,1718,149,13,GBC,GTY,Auto K,Auto K,Auto K,9
Walter Yeller Weller,647,17,Joe Watson,194,420,RGO,403,B4,0,0,0,2,-4.11%,4.11%,0,0,0,1719,149,13,GTY,GBC,RGO,RGO,RGO,1
Xavier Quinn Jr.,6,,Joe Watson,194,,Auto K,,B4,1,0,0,2,-4.06%,4.06%,0,0,0,1719,149,13,GTY,GBC,Auto K,Auto K,Auto K,9
Kegs Mabry,223,600,Joe Watson,194,875,K,275,B4,2,0,0,2,-1.88%,1.88%,0,0,0,1719,149,13,GTY,GBC,K,K,FO,1
Javier Tootblan,192,529,Walter Yeller Weller,647,863,PO,334,T5,0,0,0,2,-1.24%,1.24%,0,0,0,1720,149,13,GBC,GTY,PO,PO,K,1
Rotticus Scott,562,489,Walter Yeller Weller,647,13,LGO,476,T5,1,0,0,2,-1.79%,1.79%,0,0,0,1720,149,13,GBC,GTY,LGO,LGO,LGO,1
Demetrios Ooga,180,700,Walter Yeller Weller,647,600,1B,100,T5,2,0,0,2,1.23%,-1.23%,0,0,0,1720,149,13,GBC,GTY,1B,1B,1B,1
Zack Mouse,1721,69,Walter Yeller Weller,647,999,1B,70,T5,2,1,0,2,1.66%,-1.66%,0,0,0,1720,149,13,GBC,GTY,1B,1B,1B,1
Dirtbag Darrell,262,222,Walter Yeller Weller,647,49,FO,173,T5,2,5,0,2,-4.33%,4.33%,0,0,0,1720,149,13,GBC,GTY,FO,FO,BB,1
Aidan Myers,1960,361,Joe Watson,194,84,K,277,B5,0,0,0,2,-4.94%,4.94%,0,0,0,1721,149,13,GTY,GBC,K,K,FO,1
Nick Papagiorgio,499,327,Joe Watson,194,720,RGO,393,B5,1,0,0,2,-4.42%,4.42%,0,0,0,1721,149,13,GTY,GBC,RGO,RGO,PO,1
Joe Whomper,1755,,Joe Watson,194,,Auto K,,B5,2,0,0,2,-2.21%,2.21%,0,0,0,1721,149,13,GTY,GBC,Auto K,Auto K,Auto K,9
Dirk Leschnewski,1781,395,Bob Dobby,1736,500,1B,105,T1,0,0,0,0,3.67%,-3.67%,0,0,0,1722,150,13,SPR,ISO,1B,1B,1B,1
Saitoo Syde,814,228,Bob Dobby,1736,299,1B,71,T1,0,1,0,0,7.14%,-7.14%,0,0,0,1722,150,13,SPR,ISO,1B,1B,1B,1
Pete Wheeler,783,888,Bob Dobby,1736,333,DP,445,T1,0,4,0,0,-12.89%,12.89%,0,0,0,1722,150,13,SPR,ISO,RGO,RGO,DP,1
Lemon Ade,193,711,Bob Dobby,1736,100,PO,389,T1,2,3,0,0,-4.70%,4.70%,0,0,0,1722,150,13,SPR,ISO,PO,PO,PO,1
Dirk Digglet,2206,769,Donnie Draper,138,562,FO,207,B1,0,0,0,0,-2.73%,2.73%,0,0,0,1723,150,13,ISO,SPR,FO,FO,FO,1
Stubby Footman,539,,Donnie Draper,138,,Auto K,,B1,1,0,0,0,-2.27%,2.27%,0,0,0,1723,150,13,ISO,SPR,Auto K,Auto K,Auto K,9
Mike Oxlong,230,725,Donnie Draper,138,389,K,336,B1,2,0,0,0,-1.79%,1.79%,0,0,0,1723,150,13,ISO,SPR,K,K,K,1
Layzer Gunn,259,677,Bob Dobby,1736,700,HR,23,T2,0,0,0,0,11.87%,-11.87%,1,1,1,1724,150,13,SPR,ISO,HR,HR,HR,1
Dominus Nominus,278,69,Bob Dobby,1736,301,FO,232,T2,0,0,0,1,-2.62%,2.62%,0,0,0,1724,150,13,SPR,ISO,FO,K,FO,1
Fik Seiko,2207,301,Bob Dobby,1736,404,1B,103,T2,1,0,0,1,3.05%,-3.05%,0,0,0,1724,150,13,SPR,ISO,1B,1B,1B,1
Donnie Draper,138,952,Bob Dobby,1736,111,FO,159,T2,1,1,0,1,-3.43%,3.43%,0,0,0,1724,150,13,SPR,ISO,FO,FO,BB,1
Tanner Hendrix,375,,Bob Dobby,1736,,Auto K,,T2,2,1,0,1,-3.52%,3.52%,0,0,0,1724,150,13,SPR,ISO,Auto K,Auto K,Auto K,9
Randy Townsend,648,876,Donnie Draper,138,616,K,260,B2,0,0,0,1,-3.40%,3.40%,0,0,0,1725,150,13,ISO,SPR,K,K,FO,1
Ronnie Wristclocks,2246,888,Donnie Draper,138,116,FO,228,B2,1,0,0,1,-2.75%,2.75%,0,0,0,1725,150,13,ISO,SPR,FO,FO,FO,1
Bob Dobby,1736,483,Donnie Draper,138,837,K,354,B2,2,0,0,1,-2.18%,2.18%,0,0,0,1725,150,13,ISO,SPR,K,K,K,1
Dirk Leschnewski,1781,599,Bob Dobby,1736,666,2B,67,T3,0,0,0,1,6.25%,-6.25%,0,1,1,1726,150,13,SPR,ISO,2B,1B,1B,1
Saitoo Syde,814,319,Bob Dobby,1736,667,PO,348,T3,0,2,0,1,-3.82%,3.82%,0,0,0,1726,150,13,SPR,ISO,PO,PO,K,1
Pete Wheeler,783,111,Bob Dobby,1736,122,HR,11,T3,1,2,0,1,15.95%,-15.95%,2,1,1,1726,150,13,SPR,ISO,HR,HR,HR,1
Lemon Ade,193,212,Bob Dobby,1736,880,PO,332,T3,1,0,0,3,-1.45%,1.45%,0,0,0,1726,150,13,SPR,ISO,PO,PO,K,1
Layzer Gunn,259,111,Bob Dobby,1736,500,PO,389,T3,2,0,0,3,-0.95%,0.95%,0,0,0,1726,150,13,SPR,ISO,PO,PO,PO,1
Caelan Rooney,244,25,Donnie Draper,138,162,BB,137,B3,0,0,0,3,4.76%,-4.76%,0,1,1,1727,150,13,ISO,SPR,BB,FO,1B,1
Matt Taylor,780,303,Donnie Draper,138,934,K,369,B3,0,1,0,3,-3.90%,3.90%,0,0,0,1727,150,13,ISO,SPR,K,K,K,1
Patrick Doyle,205,874,Donnie Draper,138,299,PO,425,B3,1,1,0,3,-4.36%,4.36%,0,0,0,1727,150,13,ISO,SPR,PO,PO,DP,1
Dirk Digglet,2206,769,Donnie Draper,138,612,BB,157,B3,2,1,0,3,3.27%,-3.27%,0,1,1,1727,150,13,ISO,SPR,BB,BB,BB,1
Chuck Tingle,355,69,Donnie Draper,138,1,2B,68,B3,2,4,0,3,20.34%,-20.34%,2,0,0,1727,150,13,ISO,SPR,2B,1B,1B,1
Mike Oxlong,230,,Donnie Draper,138,,Auto K,,B3,2,2,2,3,-6.81%,6.81%,0,0,0,1727,150,13,ISO,SPR,Auto K,Auto K,Auto K,9
Dominus Nominus,278,300,Bob Dobby,1736,123,BB,177,T4,0,0,2,3,3.74%,-3.74%,0,0,0,1728,150,13,SPR,ISO,BB,FO,BB,1
Fik Seiko,2207,17,Bob Dobby,1736,786,FO,231,T4,0,1,2,3,-3.35%,3.35%,0,0,0,1728,150,13,SPR,ISO,FO,FO,FO,1
Donnie Draper,138,404,Bob Dobby,1736,460,2B,56,T4,1,1,2,3,11.08%,-11.08%,0,0,0,1728,150,13,SPR,ISO,2B,2B,2B,1
Nori Aru,131,200,Bob Dobby,1736,890,PO,310,T4,1,6,2,3,-10.87%,10.87%,0,0,0,1728,150,13,SPR,ISO,PO,PO,K,1
Dirk Leschnewski,1781,265,Bob Dobby,1736,500,FO,235,T4,2,6,2,3,-7.76%,7.76%,0,0,0,1728,150,13,SPR,ISO,FO,K,FO,1
Randy Townsend,648,387,Donnie Draper,138,881,LGO,494,B4,0,0,2,3,-4.80%,4.80%,0,0,0,1729,150,13,ISO,SPR,LGO,LGO,LGO,1
Ronnie Wristclocks,2246,670,Donnie Draper,138,381,K,289,B4,1,0,2,3,-4.17%,4.17%,0,0,0,1729,150,13,ISO,SPR,K,K,K,1
Bob Dobby,1736,711,Donnie Draper,138,98,K,387,B4,2,0,2,3,-3.35%,3.35%,0,0,0,1729,150,13,ISO,SPR,K,K,PO,1
Saitoo Syde,814,119,Bob Dobby,1736,455,K,336,T5,0,0,2,3,-3.05%,3.05%,0,0,0,1730,150,13,SPR,ISO,K,PO,K,1
Pete Wheeler,783,777,Bob Dobby,1736,111,PO,334,T5,1,0,2,3,-2.51%,2.51%,0,0,0,1730,150,13,SPR,ISO,PO,PO,K,1
Lemon Ade,193,707,Bob Dobby,1736,390,K,317,T5,2,0,2,3,-1.72%,1.72%,0,0,0,1730,150,13,SPR,ISO,K,K,K,1
Caelan Rooney,244,,Donnie Draper,138,,Auto K,,B5,0,0,2,3,-6.28%,6.28%,0,0,0,1731,150,13,ISO,SPR,Auto K,Auto K,Auto K,9
Matt Taylor,780,333,Donnie Draper,138,213,BB,120,B5,1,0,2,3,8.02%,-8.02%,0,1,1,1731,150,13,ISO,SPR,BB,BB,1B,1
Patrick Doyle,205,369,Donnie Draper,138,301,1B,68,B5,1,1,2,3,9.75%,-9.75%,0,1,1,1731,150,13,ISO,SPR,1B,1B,1B,1
Dirk Digglet,2206,666,Donnie Draper,138,442,FO,224,B5,1,4,2,3,-12.78%,12.78%,0,0,0,1731,150,13,ISO,SPR,FO,FO,FO,1
Chuck Tingle,355,28,Donnie Draper,138,103,2B,75,B5,2,4,2,3,49.83%,-49.83%,2,0,0,1731,150,13,ISO,SPR,2B,1B,1B,1
Mike Oxlong,230,300,Donnie Draper,138,589,K,289,B5,2,2,4,3,-3.92%,3.92%,0,0,0,1731,150,13,ISO,SPR,K,K,K,1
Layzer Gunn,259,474,Bob Dobby,1736,709,FO,235,T6,0,0,4,3,-7.81%,7.81%,0,0,0,1732,150,13,SPR,ISO,FO,K,FO,1
Dominus Nominus,278,,Bob Dobby,1736,,Auto K,,T6,1,0,4,3,-6.75%,6.75%,0,0,0,1732,150,13,SPR,ISO,Auto K,Auto K,Auto K,9
Fik Seiko,2207,304,Bob Dobby,1736,709,PO,405,T6,2,0,4,3,-5.00%,5.00%,0,0,0,1732,150,13,SPR,ISO,PO,PO,RGO,1
Duke Silver,602,199,Cali Guerensk,1729,738,LGO,461,T1,0,0,0,0,-2.52%,2.52%,0,0,0,1733,151,13,TAI,PHB,LGO,LGO,LGO,1
Pete Parker,1963,666,Cali Guerensk,1729,913,K,247,T1,1,0,0,0,-2.52%,2.52%,0,0,0,1733,151,13,TAI,PHB,K,K,FO,1
Cockus Mclong,540,123,Cali Guerensk,1729,332,FO,209,T1,2,0,0,0,-1.74%,1.74%,0,0,0,1733,151,13,TAI,PHB,FO,FO,FO,1
Pork Torkleton,1699,1000,James Jameson LXIX,1722,777,FO,223,B1,0,0,0,0,-2.73%,2.73%,0,0,0,1734,151,13,PHB,TAI,FO,FO,FO,1
Red Arrow,547,8,James Jameson LXIX,1722,569,RGO,439,B1,1,0,0,0,-2.27%,2.27%,0,0,0,1734,151,13,PHB,TAI,RGO,RGO,RGO,1
Kenny Pupton,2224,108,James Jameson LXIX,1722,404,PO,296,B1,2,0,0,0,-1.79%,1.79%,0,0,0,1734,151,13,PHB,TAI,PO,PO,K,1
Rey Revanchist,776,69,Cali Guerensk,1729,416,K,347,T2,0,0,0,0,-2.86%,2.86%,0,0,0,1735,151,13,TAI,PHB,K,K,K,1
Jay Money,241,69,Cali Guerensk,1729,199,BB,130,T2,1,0,0,0,3.77%,-3.77%,0,0,0,1735,151,13,TAI,PHB,BB,BB,1B,1
Johnny Dickshot,233,69,Cali Guerensk,1729,324,FO,255,T2,1,1,0,0,-4.68%,4.68%,0,0,0,1735,151,13,TAI,PHB,FO,FO,FO,1
Jacky Wacky,702,622,Cali Guerensk,1729,880,FO,258,T2,2,1,0,0,-3.52%,3.52%,0,0,0,1735,151,13,TAI,PHB,FO,K,FO,1
Sid Houn,2258,682,James Jameson LXIX,1722,876,FO,194,B2,0,0,0,0,-2.75%,2.75%,0,0,0,1736,151,13,PHB,TAI,FO,FO,FO,1
Jeter O'Cola,739,222,James Jameson LXIX,1722,722,LGO,500,B2,1,0,0,0,-2.68%,2.68%,0,0,0,1736,151,13,PHB,TAI,LGO,LGO,LGO,1
Sandy Zipp,701,180,James Jameson LXIX,1722,999,FO,181,B2,2,0,0,0,-1.88%,1.88%,0,0,0,1736,151,13,PHB,TAI,FO,FO,FO,1
Kev Biffington,2276,372,Cali Guerensk,1729,492,1B,120,T3,0,0,0,0,4.59%,-4.59%,0,1,1,1737,151,13,TAI,PHB,1B,BB,1B,1
Willians Adobestudio,2260,605,Cali Guerensk,1729,609,HR,4,T3,0,1,0,0,19.95%,-19.95%,2,1,1,1737,151,13,TAI,PHB,HR,HR,HR,1
Duke Silver,602,709,Cali Guerensk,1729,466,FO,243,T3,0,0,0,2,-1.80%,1.80%,0,0,0,1737,151,13,TAI,PHB,FO,FO,FO,1
Pete Parker,1963,102,Cali Guerensk,1729,278,FO,176,T3,1,0,0,2,-1.92%,1.92%,0,0,0,1737,151,13,TAI,PHB,FO,FO,BB,1
Cockus Mclong,540,544,Cali Guerensk,1729,551,3B,7,T3,2,0,0,2,2.13%,-2.13%,0,0,0,1737,151,13,TAI,PHB,3B,3B,HR,1
Rey Revanchist,776,69,Cali Guerensk,1729,732,K,337,T3,2,3,0,2,-3.50%,3.50%,0,0,0,1737,151,13,TAI,PHB,K,K,K,1
Jerry Jingles,146,390,James Jameson LXIX,1722,4,PO,386,B3,0,0,0,2,-3.78%,3.78%,0,0,0,1738,151,13,PHB,TAI,PO,PO,PO,1
WILL THE THRILL,745,777,James Jameson LXIX,1722,820,HR,43,B3,1,0,0,2,12.47%,-12.47%,1,1,1,1738,151,13,PHB,TAI,HR,2B,2B,1
Coleman Waters,152,811,James Jameson LXIX,1722,327,LGO,484,B3,1,0,1,2,-3.30%,3.30%,0,0,0,1738,151,13,PHB,TAI,LGO,LGO,LGO,1
Pork Torkleton,1699,730,James Jameson LXIX,1722,327,PO,403,B3,2,0,1,2,-2.28%,2.28%,0,0,0,1738,151,13,PHB,TAI,PO,PO,RGO,1
Jay Money,241,420,Cali Guerensk,1729,380,2B,40,T4,0,0,1,2,7.07%,-7.07%,0,1,1,1739,151,13,TAI,PHB,2B,2B,2B,1
Johnny Dickshot,233,1000,Cali Guerensk,1729,199,FO,199,T4,0,2,1,2,-4.00%,4.00%,0,0,0,1739,151,13,TAI,PHB,FO,FO,FO,1
Jacky Wacky,702,777,Cali Guerensk,1729,852,2B,75,T4,1,2,1,2,10.69%,-10.69%,1,0,0,1739,151,13,TAI,PHB,2B,2B,1B,1
Kev Biffington,2276,643,Cali Guerensk,1729,992,K,349,T4,1,2,1,3,-2.75%,2.75%,0,0,0,1739,151,13,TAI,PHB,K,K,K,1
Willians Adobestudio,2260,369,Cali Guerensk,1729,883,LGO,486,T4,2,2,1,3,-4.08%,4.08%,0,0,0,1739,151,13,TAI,PHB,LGO,LGO,LGO,1
Red Arrow,547,599,James Jameson LXIX,1722,911,PO,312,B4,0,0,1,3,-4.11%,4.11%,0,0,0,1740,151,13,PHB,TAI,PO,PO,K,1
Kenny Pupton,2224,913,James Jameson LXIX,1722,231,PO,318,B4,1,0,1,3,-4.06%,4.06%,0,0,0,1740,151,13,PHB,TAI,PO,PO,K,1
Sid Houn,2258,638,James Jameson LXIX,1722,17,PO,379,B4,2,0,1,3,-1.88%,1.88%,0,0,0,1740,151,13,PHB,TAI,PO,PO,PO,1
Duke Silver,602,609,Cali Guerensk,1729,775,BB,166,T5,0,0,1,3,2.37%,-2.37%,0,0,0,1741,151,13,TAI,PHB,BB,BB,BB,1
Pete Parker,1963,420,Cali Guerensk,1729,810,PO,390,T5,0,1,1,3,-2.15%,2.15%,0,0,0,1741,151,13,TAI,PHB,PO,PO,PO,1
Cockus Mclong,540,777,Cali Guerensk,1729,24,FO,247,T5,1,1,1,3,-2.02%,2.02%,0,0,0,1741,151,13,TAI,PHB,FO,FO,FO,1
Rey Revanchist,776,69,Cali Guerensk,1729,333,K,264,T5,2,1,1,3,-2.67%,2.67%,0,0,0,1741,151,13,TAI,PHB,K,K,FO,1
Jeter O'Cola,739,2,James Jameson LXIX,1722,477,LGO,475,B5,0,0,1,3,-4.94%,4.94%,0,0,0,1742,151,13,PHB,TAI,LGO,LGO,LGO,1
Sandy Zipp,701,650,James Jameson LXIX,1722,222,RGO,428,B5,1,0,1,3,-4.42%,4.42%,0,0,0,1742,151,13,PHB,TAI,RGO,RGO,RGO,1
Jerry Jingles,146,87,James Jameson LXIX,1722,696,PO,391,B5,2,0,1,3,-2.21%,2.21%,0,0,0,1742,151,13,PHB,TAI,PO,PO,PO,1
Jay Money,241,404,Cali Guerensk,1729,221,FO,183,T6,0,0,1,3,-1.05%,1.05%,0,0,0,1743,151,13,TAI,PHB,FO,FO,FO,1
Johnny Dickshot,233,347,Cali Guerensk,1729,904,RGO,443,T6,1,0,1,3,-1.00%,1.00%,0,0,0,1743,151,13,TAI,PHB,RGO,RGO,RGO,1
Jacky Wacky,702,69,Cali Guerensk,1729,380,K,311,T6,2,0,1,3,-0.85%,0.85%,0,0,0,1743,151,13,TAI,PHB,K,K,K,1
WILL THE THRILL,745,277,James Jameson LXIX,1722,504,PO,227,B6,0,0,1,3,-5.69%,5.69%,0,0,0,1744,151,13,PHB,TAI,PO,PO,FO,1
Coleman Waters,152,304,James Jameson LXIX,1722,666,PO,362,B6,1,0,1,3,-4.52%,4.52%,0,0,0,1744,151,13,PHB,TAI,PO,PO,K,1
Pork Torkleton,1699,777,James Jameson LXIX,1722,300,LGO,477,B6,2,0,1,3,-2.31%,2.31%,0,0,0,1744,151,13,PHB,TAI,LGO,LGO,LGO,1
Jay Peg,724,111,Holden Summers,10,823,FO,288,T1,0,0,0,0,-2.52%,2.52%,0,0,0,1745,152,13,TRA,LMN,FO,FO,K,1
Captain Harry C Legs,480,70,Holden Summers,10,942,BB,128,T1,1,0,0,0,3.21%,-3.21%,0,1,1,1745,152,13,TRA,LMN,BB,BB,1B,1
Robbie Liapis,1745,303,Holden Summers,10,198,BB,105,T1,1,1,0,0,4.63%,-4.63%,0,1,1,1745,152,13,TRA,LMN,BB,BB,1B,1
Scherbie Fully-Loaded,679,111,Holden Summers,10,78,3B,33,T1,1,4,0,0,20.37%,-20.37%,2,0,0,1745,152,13,TRA,LMN,3B,3B,2B,1
Sunshine Pardue,315,909,Holden Summers,10,234,K,325,T1,1,3,0,2,-7.20%,7.20%,0,0,0,1745,152,13,TRA,LMN,K,K,K,1
Gregory Taint,1712,289,Holden Summers,10,588,K,299,T1,2,3,0,2,-3.36%,3.36%,0,0,0,1745,152,13,TRA,LMN,K,K,K,1
Rey Revanchist,776,69,Doc Crudelly,1811,736,RGO,333,B1,0,0,0,2,-2.78%,2.78%,0,0,0,1746,152,13,LMN,TRA,RGO,RGO,K,1
Joseph Michaels,2274,639,Doc Crudelly,1811,341,PO,298,B1,1,0,0,2,-2.64%,2.64%,0,0,0,1746,152,13,LMN,TRA,PO,PO,K,1
Harry Peritestes,117,777,Doc Crudelly,1811,898,1B,121,B1,2,0,0,2,1.60%,-1.60%,0,0,0,1746,152,13,LMN,TRA,1B,1B,1B,1
Jack Alpha,73,928,Doc Crudelly,1811,528,RGO,400,B1,2,1,0,2,-3.13%,3.13%,0,0,0,1746,152,13,LMN,TRA,RGO,RGO,RGO,1
Birdman,393,611,Holden Summers,10,465,BB,146,T2,0,0,0,2,2.42%,-2.42%,0,0,0,1747,152,13,TRA,LMN,BB,BB,BB,1
Jack Meoff,1829,532,Holden Summers,10,241,K,291,T2,0,1,0,2,-1.66%,1.66%,0,0,0,1747,152,13,TRA,LMN,K,K,K,1
Birdman,393,501,Holden Summers,10,633,SB,132,T2,1,1,0,2,0.66%,-0.66%,0,0,0,1747,152,13,TRA,LMN,Steal 2B,Steal 2B,SB,4
Doc Crudelly,1811,817,Holden Summers,10,501,K,316,T2,1,2,0,2,-2.37%,2.37%,0,0,0,1747,152,13,TRA,LMN,K,K,K,1
Jay Peg,724,461,Holden Summers,10,155,K,306,T2,2,2,0,2,-4.11%,4.11%,0,0,0,1747,152,13,TRA,LMN,K,K,K,1
Darth Vader,336,613,Doc Crudelly,1811,245,RGO,368,B2,0,0,0,2,-3.08%,3.08%,0,0,0,1748,152,13,LMN,TRA,RGO,RGO,K,1
Skye McDowell,264,50,Doc Crudelly,1811,973,1B,77,B2,1,0,0,2,3.80%,-3.80%,0,0,0,1748,152,13,LMN,TRA,1B,1B,1B,1
Layzer Gunn,259,734,Doc Crudelly,1811,99,DP,365,B2,1,1,0,2,-8.27%,8.27%,0,0,0,1748,152,13,LMN,TRA,RGO,RGO,K,1
Captain Harry C Legs,480,13,Holden Summers,10,752,FO,261,T3,0,0,0,2,-1.80%,1.80%,0,0,0,1749,152,13,TRA,LMN,FO,FO,FO,1
Robbie Liapis,1745,401,Holden Summers,10,331,1B,70,T3,1,0,0,2,2.71%,-2.71%,0,0,0,1749,152,13,TRA,LMN,1B,1B,1B,1
Scherbie Fully-Loaded,679,999,Holden Summers,10,801,FO,198,T3,1,1,0,2,-2.83%,2.83%,0,0,0,1749,152,13,TRA,LMN,FO,FO,FO,1
Sunshine Pardue,315,4,Holden Summers,10,487,LGO,483,T3,2,1,0,2,-3.17%,3.17%,0,0,0,1749,152,13,TRA,LMN,LGO,LGO,LGO,1
Jose Canyousico,36,546,Doc Crudelly,1811,447,1B,99,B3,0,0,0,2,4.99%,-4.99%,0,0,0,1750,152,13,LMN,TRA,1B,1B,1B,1
JZ,788,17,Doc Crudelly,1811,799,FO,218,B3,0,1,0,2,-3.91%,3.91%,0,0,0,1750,152,13,LMN,TRA,FO,FO,FO,1
Rey Revanchist,776,69,Doc Crudelly,1811,527,DP,458,B3,1,1,0,2,-9.97%,9.97%,0,0,0,1750,152,13,LMN,TRA,LGO,LGO,DP,1
Gregory Taint,1712,654,Holden Summers,10,782,BB,128,T4,0,0,0,2,2.79%,-2.79%,0,0,0,1751,152,13,TRA,LMN,BB,BB,1B,1
Birdman,393,272,Holden Summers,10,35,FO,237,T4,0,1,0,2,-2.30%,2.30%,0,0,0,1751,152,13,TRA,LMN,FO,FO,FO,1
Jack Meoff,1829,689,Holden Summers,10,879,BB,190,T4,1,1,0,2,2.75%,-2.75%,0,0,0,1751,152,13,TRA,LMN,BB,BB,FO,1
Doc Crudelly,1811,489,Holden Summers,10,732,K,243,T4,1,4,0,2,-4.04%,4.04%,0,0,0,1751,152,13,TRA,LMN,K,K,FO,1
Jay Peg,724,543,Holden Summers,10,945,PO,402,T4,2,4,0,2,-4.27%,4.27%,0,0,0,1751,152,13,TRA,LMN,PO,PO,RGO,1
Joseph Michaels,2274,784,Doc Crudelly,1811,826,2B,42,B4,0,0,0,2,9.75%,-9.75%,0,1,1,1752,152,13,LMN,TRA,2B,2B,2B,1
Harry Peritestes,117,2,Doc Crudelly,1811,326,RGO,324,B4,0,2,0,2,-3.53%,3.53%,0,0,0,1752,152,13,LMN,TRA,RGO,RGO,K,1
Jack Alpha,73,505,Doc Crudelly,1811,648,BB,143,B4,1,3,0,2,7.11%,-7.11%,0,1,1,1752,152,13,LMN,TRA,BB,BB,BB,1
Darth Vader,336,712,Doc Crudelly,1811,612,1B,100,B4,1,5,0,2,10.16%,-10.16%,1,1,1,1752,152,13,LMN,TRA,1B,1B,1B,1
Skye McDowell,264,1,Doc Crudelly,1811,145,BB,144,B4,1,4,1,2,14.02%,-14.02%,0,1,1,1752,152,13,LMN,TRA,BB,BB,BB,1
Layzer Gunn,259,343,Jimmy Johns,303,322,HR,21,B4,1,7,1,2,28.01%,-28.01%,4,1,1,1752,152,13,LMN,TRA,HR,HR,HR,1
Jose Canyousico,36,14,Jimmy Johns,303,822,FO,192,B4,1,0,5,2,-1.01%,1.01%,0,0,0,1752,152,13,LMN,TRA,FO,FO,FO,1
JZ,788,17,Jimmy Johns,303,343,FO,326,B4,2,0,5,2,-0.27%,0.27%,0,0,0,1752,152,13,LMN,TRA,FO,FO,K,1
Captain Harry C Legs,480,343,Holden Summers,10,387,2B,44,T5,0,0,5,2,5.55%,-5.55%,0,0,0,1753,152,13,TRA,LMN,2B,2B,2B,1
Robbie Liapis,1745,202,Holden Summers,10,121,1B,81,T5,0,2,5,2,7.56%,-7.56%,0,0,0,1753,152,13,TRA,LMN,1B,1B,1B,1
Scherbie Fully-Loaded,679,111,Holden Summers,10,504,PO,393,T5,0,5,5,2,-5.04%,5.04%,0,0,0,1753,152,13,TRA,LMN,PO,PO,PO,1
Sunshine Pardue,315,606,Holden Summers,10,988,PO,382,T5,1,5,5,2,-7.39%,7.39%,0,0,0,1753,152,13,TRA,LMN,PO,PO,PO,1
Mylo Grams,396,811,Holden Summers,10,543,FO,268,T5,2,5,5,2,-6.23%,6.23%,0,0,0,1753,152,13,TRA,LMN,FO,FO,FO,1
Rey Revanchist,776,69,Jimmy Johns,303,523,LGO,454,B5,0,0,5,2,-0.37%,0.37%,0,0,0,1754,152,13,LMN,TRA,LGO,LGO,LGO,1
Joseph Michaels,2274,888,Jimmy Johns,303,843,2B,45,B5,1,0,5,2,0.74%,-0.74%,0,1,1,1754,152,13,LMN,TRA,2B,2B,2B,1
Isaac Snowbender,339,910,Jimmy Johns,303,808,1B,102,B5,1,2,5,2,1.32%,-1.32%,0,0,1,1754,152,13,LMN,TRA,1B,1B,1B,1
Isaac Snowbender,339,369,Jimmy Johns,303,333,SB,36,B5,1,5,5,2,-0.13%,0.13%,0,1,0,1754,152,13,LMN,TRA,Steal 2B,Steal 2B,SB,5
Jack Alpha,73,875,Jimmy Johns,303,463,RGO,412,B5,1,6,5,2,0.37%,-0.37%,1,0,0,1754,152,13,LMN,TRA,RGO,RGO,RGO,1
Darth Vader,336,510,Jimmy Johns,303,500,HR,10,B5,2,3,6,2,1.19%,-1.19%,2,1,1,1754,152,13,LMN,TRA,HR,HR,HR,1
Skye McDowell,264,2,Jimmy Johns,303,660,PO,342,B5,2,0,8,2,-0.04%,0.04%,0,0,0,1754,152,13,LMN,TRA,PO,PO,K,1
Birdman,393,401,Holden Summers,10,602,FO,201,T6,0,0,8,2,-0.21%,0.21%,0,0,0,1755,152,13,TRA,LMN,FO,FO,FO,1
Jack Meoff,1829,913,Holden Summers,10,292,PO,379,T6,1,0,8,2,-0.13%,0.13%,0,0,0,1755,152,13,TRA,LMN,PO,PO,PO,1
Jimmy Johns,303,123,Holden Summers,10,328,FO,205,T6,2,0,8,2,-0.02%,0.02%,0,0,0,1755,152,13,TRA,LMN,FO,FO,FO,1
Monica M. Clinton,1774,809,Duke Marriot,775,896,BB,87,T1,0,0,0,0,3.67%,-3.67%,0,0,0,1756,153,13,NUL,TAC,BB,BB,1B,1
Catfish O'Acid,406,200,Duke Marriot,775,792,DP,408,T1,0,1,0,0,-8.71%,8.71%,0,0,0,1756,153,13,NUL,TAC,RGO,RGO,DP,1
KlentakPay TheFuckingTax,1700,276,Duke Marriot,775,851,PO,425,T1,2,0,0,0,-1.74%,1.74%,0,0,0,1756,153,13,NUL,TAC,PO,PO,RGO,1
Truck Month,1794,69,Bob Robb,90,212,BB,143,B1,0,0,0,0,3.55%,-3.55%,0,0,0,1757,153,13,TAC,NUL,BB,BB,BB,1
Truck Month,1794,69,Bob Robb,90,103,SB,34,B1,0,1,0,0,3.21%,-3.21%,0,0,0,1757,153,13,TAC,NUL,Steal 2B,Steal 2B,SB,4
Julian O'Sullivan,2254,689,Bob Robb,90,300,RGO,389,B1,0,2,0,0,-0.33%,0.33%,0,0,0,1757,153,13,TAC,NUL,RGO,RGO,PO,1
Dakota Carolina Montana,65,252,Bob Robb,90,990,K,262,B1,1,3,0,0,-7.88%,7.88%,0,0,0,1757,153,13,TAC,NUL,K,K,Sac,1
Julio Escobar,686,420,Bob Robb,90,805,LGO,385,B1,2,3,0,0,-5.34%,5.34%,0,0,0,1757,153,13,TAC,NUL,LGO,LGO,PO,1
Homer Pimpson,144,720,Duke Marriot,775,3,K,283,T2,0,0,0,0,-2.86%,2.86%,0,0,0,1758,153,13,NUL,TAC,K,K,FO,1
Haydn Werfer,392,155,Duke Marriot,775,303,FO,148,T2,1,0,0,0,-2.90%,2.90%,0,0,0,1758,153,13,NUL,TAC,FO,BB,BB,1
Anthony Richards,418,84,Duke Marriot,775,601,LGO,483,T2,2,0,0,0,-1.53%,1.53%,0,0,0,1758,153,13,NUL,TAC,LGO,LGO,LGO,1
Alaina Mclean,1947,508,Bob Robb,90,27,LGO,481,B2,0,0,0,0,-2.75%,2.75%,0,0,0,1759,153,13,TAC,NUL,LGO,LGO,LGO,1
Gang Weed,1732,220,Bob Robb,90,398,FO,178,B2,1,0,0,0,-2.68%,2.68%,0,0,0,1759,153,13,TAC,NUL,FO,FO,FO,1
Oxleohl Driver,1943,69,Bob Robb,90,300,K,231,B2,2,0,0,0,-1.88%,1.88%,0,0,0,1759,153,13,TAC,NUL,K,K,FO,1
Hannibal Bligh,1724,888,Duke Marriot,775,655,K,233,T3,0,0,0,0,-3.25%,3.25%,0,0,0,1760,153,13,NUL,TAC,K,K,FO,1
Abelardo Montoya,711,311,Duke Marriot,775,551,K,240,T3,1,0,0,0,-3.05%,3.05%,0,0,0,1760,153,13,NUL,TAC,K,K,FO,1
Alaric Davis,697,123,Duke Marriot,775,713,K,410,T3,2,0,0,0,-2.06%,2.06%,0,0,0,1760,153,13,NUL,TAC,K,K,RGO,1
IBO Bust,186,637,Bob Robb,90,547,1B,90,B3,0,0,0,0,4.52%,-4.52%,0,1,1,1761,153,13,TAC,NUL,1B,1B,1B,1
Thelonius Junk,623,569,Bob Robb,90,844,PO,275,B3,0,1,0,0,-3.85%,3.85%,0,0,0,1761,153,13,TAC,NUL,PO,PO,FO,1
Truck Month,1794,316,Bob Robb,90,503,FO,187,B3,1,1,0,0,-4.73%,4.73%,0,0,0,1761,153,13,TAC,NUL,FO,BB,FO,1
Julian O'Sullivan,2254,718,Bob Robb,90,728,HR,10,B3,2,1,0,0,25.27%,-25.27%,2,1,1,1761,153,13,TAC,NUL,HR,HR,HR,1
Dakota Carolina Montana,65,669,Bob Robb,90,108,LGO,439,B3,2,0,2,0,-1.21%,1.21%,0,0,0,1761,153,13,TAC,NUL,LGO,LGO,RGO,1
Monica M. Clinton,1774,125,Duke Marriot,775,1,BB,124,T4,0,0,2,0,5.30%,-5.30%,0,0,0,1762,153,13,NUL,TAC,BB,BB,1B,1
Catfish O'Acid,406,440,Duke Marriot,775,654,FO,214,T4,0,1,2,0,-4.31%,4.31%,0,0,0,1762,153,13,NUL,TAC,FO,FO,FO,1
KlentakPay TheFuckingTax,1700,598,Duke Marriot,775,650,1B,52,T4,1,1,2,0,6.56%,-6.56%,0,0,0,1762,153,13,NUL,TAC,1B,1B,2B,1
Homer Pimpson,144,198,Duke Marriot,775,432,FO,234,T4,1,4,2,0,-7.23%,7.23%,0,0,0,1762,153,13,NUL,TAC,FO,FO,FO,1
Haydn Werfer,392,79,Duke Marriot,775,797,K,282,T4,2,4,2,0,-8.92%,8.92%,0,0,0,1762,153,13,NUL,TAC,K,K,FO,1
Julio Escobar,686,690,Bob Robb,90,604,1B,86,B4,0,0,2,0,1.42%,-1.42%,0,0,1,1763,153,13,TAC,NUL,1B,2B,1B,1
Alaina Mclean,1947,901,Bob Robb,90,54,FO,153,B4,0,1,2,0,-1.73%,1.73%,0,0,0,1763,153,13,TAC,NUL,FO,FO,BB,1
Julio Escobar,686,473,Emerson Austin,703,372,SB,101,B4,1,1,2,0,1.70%,-1.70%,0,1,0,1763,153,13,TAC,NUL,Steal 2B,Steal 2B,SB,4
Gang Weed,1732,509,Emerson Austin,703,569,1B,60,B4,1,2,2,0,2.24%,-2.24%,0,0,0,1763,153,13,TAC,NUL,1B,1B,2B,1
Oxleohl Driver,1943,150,Emerson Austin,703,313,Sac,163,B4,1,5,2,0,1.35%,-1.35%,1,0,0,1763,153,13,TAC,NUL,FO,BB,BB,1
IBO Bust,186,569,Emerson Austin,703,999,LGO,430,B4,2,1,3,0,-0.97%,0.97%,0,0,0,1763,153,13,TAC,NUL,LGO,LGO,RGO,1
Joey McCarty,390,18,Duke Marriot,775,478,LGO,460,T5,0,0,3,0,-2.48%,2.48%,0,0,0,1764,153,13,NUL,TAC,LGO,LGO,LGO,1
Hannibal Bligh,1724,388,Duke Marriot,775,431,2B,43,T5,1,0,3,0,4.26%,-4.26%,0,0,0,1764,153,13,NUL,TAC,2B,2B,2B,1
Abelardo Montoya,711,841,Duke Marriot,775,260,LGO,419,T5,1,2,3,0,-4.35%,4.35%,0,0,0,1764,153,13,NUL,TAC,LGO,LGO,RGO,1
Alaric Davis,697,666,Duke Marriot,775,51,K,385,T5,2,2,3,0,-2.98%,2.98%,0,0,0,1764,153,13,NUL,TAC,K,K,PO,1
Caleb Aiken,324,437,Streetlamp LeMoose,1734,244,FO,193,T1,0,0,0,0,-2.52%,2.52%,0,0,0,1765,154,13,DAD,JUP,FO,FO,FO,1
John Valor,1832,777,Streetlamp LeMoose,1734,244,LGO,467,T1,1,0,0,0,-2.52%,2.52%,0,0,0,1765,154,13,DAD,JUP,LGO,LGO,LGO,1
AllStar Lin,1799,329,Streetlamp LeMoose,1734,69,K,260,T1,2,0,0,0,-1.74%,1.74%,0,0,0,1765,154,13,DAD,JUP,K,K,FO,1
David Peterson,2218,721,Clarinet Clarinet,672,612,1B,109,B1,0,0,0,0,3.55%,-3.55%,0,1,1,1766,154,13,JUP,DAD,1B,1B,1B,1
Kevin Harrison,734,833,Clarinet Clarinet,672,838,HR,5,B1,0,1,0,0,16.39%,-16.39%,2,1,1,1766,154,13,JUP,DAD,HR,HR,HR,1
Shygen Tinybeard,712,12,Clarinet Clarinet,672,621,RGO,391,B1,0,0,2,0,-1.90%,1.90%,0,0,0,1766,154,13,JUP,DAD,RGO,RGO,PO,1
Skippy Gustafsson,1773,162,Clarinet Clarinet,672,801,RGO,361,B1,1,0,2,0,-1.88%,1.88%,0,0,0,1766,154,13,JUP,DAD,RGO,RGO,K,1
Iama Human,520,420,Clarinet Clarinet,672,43,RGO,377,B1,2,0,2,0,-0.63%,0.63%,0,0,0,1766,154,13,JUP,DAD,RGO,RGO,K,1
Drew Savage,329,985,Streetlamp LeMoose,1734,210,FO,225,T2,0,0,2,0,-2.56%,2.56%,0,0,0,1767,154,13,DAD,JUP,FO,FO,FO,1
Michael Smith,1955,800,Streetlamp LeMoose,1734,819,3B,19,T2,1,0,2,0,7.46%,-7.46%,0,0,0,1767,154,13,DAD,JUP,3B,3B,HR,1
Pickle Rick Vaughan,150,69,Streetlamp LeMoose,1734,385,RGO,316,T2,1,3,2,0,-7.92%,7.92%,0,0,0,1767,154,13,DAD,JUP,RGO,RGO,K,2
Boof Jones,181,222,Streetlamp LeMoose,1734,542,K,320,T2,2,3,2,0,-3.93%,3.93%,0,0,0,1767,154,13,DAD,JUP,K,K,K,1
Simba Martinez,1792,231,Clarinet Clarinet,672,561,PO,330,B2,0,0,2,0,-2.40%,2.40%,0,0,0,1768,154,13,JUP,DAD,PO,PO,K,1
Derek Bongiovanni,109,442,Clarinet Clarinet,672,155,RGO,287,B2,1,0,2,0,-1.24%,1.24%,0,0,0,1768,154,13,JUP,DAD,RGO,RGO,K,1
Johnny Omar,2241,911,Clarinet Clarinet,672,878,2B,33,B2,2,0,2,0,2.53%,-2.53%,0,1,1,1768,154,13,JUP,DAD,2B,2B,2B,1
Harry Peritestes,117,322,Clarinet Clarinet,672,309,HR,13,B2,2,2,2,0,11.50%,-11.50%,2,1,1,1768,154,13,JUP,DAD,HR,HR,HR,1
David Peterson,2218,258,Clarinet Clarinet,672,652,LGO,394,B2,2,0,4,0,-0.19%,0.19%,0,0,0,1768,154,13,JUP,DAD,LGO,LGO,PO,1
Dixie Normos,332,103,Streetlamp LeMoose,1734,8,1B,95,T3,0,0,4,0,3.78%,-3.78%,0,0,0,1769,154,13,DAD,JUP,1B,1B,1B,1
Amper Sand,774,,Streetlamp LeMoose,1734,,Auto K,,T3,0,1,4,0,-3.38%,3.38%,0,0,0,1769,154,13,DAD,JUP,Auto K,Auto K,Auto K,9
Caleb Aiken,324,976,Streetlamp LeMoose,1734,472,DP,496,T3,1,1,4,0,-4.37%,4.37%,0,0,0,1769,154,13,DAD,JUP,LGO,LGO,DP,1
Kevin Harrison,734,833,Clarinet Clarinet,672,244,RGO,411,B3,0,0,4,0,-0.32%,0.32%,0,0,0,1770,154,13,JUP,DAD,RGO,RGO,RGO,1
Shygen Tinybeard,712,888,Clarinet Clarinet,672,626,K,262,B3,1,0,4,0,-0.91%,0.91%,0,0,0,1770,154,13,JUP,DAD,K,K,FO,1
Skippy Gustafsson,1773,483,Clarinet Clarinet,672,102,RGO,381,B3,2,0,4,0,-0.19%,0.19%,0,0,0,1770,154,13,JUP,DAD,RGO,RGO,PO,1
John Valor,1832,488,Streetlamp LeMoose,1734,8,LGO,480,T4,0,0,4,0,-1.66%,1.66%,0,0,0,1771,154,13,DAD,JUP,LGO,LGO,LGO,1
AllStar Lin,1799,350,Streetlamp LeMoose,1734,675,PO,325,T4,1,0,4,0,-1.50%,1.50%,0,0,0,1771,154,13,DAD,JUP,PO,PO,K,1
Drew Savage,329,420,Streetlamp LeMoose,1734,309,1B,111,T4,2,0,4,0,1.00%,-1.00%,0,1,1,1771,154,13,DAD,JUP,1B,1B,1B,1
Michael Smith,1955,100,Streetlamp LeMoose,1734,244,BB,144,T4,2,1,4,0,2.48%,-2.48%,0,1,1,1771,154,13,DAD,JUP,BB,BB,BB,1
Pickle Rick Vaughan,150,696,Streetlamp LeMoose,1734,675,HR,21,T4,2,4,4,0,17.41%,-17.41%,3,1,1,1771,154,13,DAD,JUP,HR,HR,HR,1
Boof Jones,181,825,Streetlamp LeMoose,1734,804,3B,21,T4,2,0,4,3,5.60%,-5.60%,0,1,1,1771,154,13,DAD,JUP,3B,3B,HR,1
Dixie Normos,332,544,Streetlamp LeMoose,1734,622,1B,78,T4,2,3,4,3,13.95%,-13.95%,1,1,1,1771,154,13,DAD,JUP,1B,1B,1B,1
Amper Sand,774,555,Streetlamp LeMoose,1734,550,HR,5,T4,2,1,4,4,29.57%,-29.57%,2,1,1,1771,154,13,DAD,JUP,HR,HR,HR,1
Caleb Aiken,324,69,Harry Peritestes,117,69,HR,0,T4,2,0,4,6,9.43%,-9.43%,1,1,1,1771,154,13,DAD,JUP,HR,HR,HR,1
John Valor,1832,333,Harry Peritestes,117,788,LGO,455,T4,2,0,4,7,-0.89%,0.89%,0,0,0,1771,154,13,DAD,JUP,LGO,LGO,LGO,1
Iama Human,520,740,Clarinet Clarinet,672,983,K,243,B4,0,0,4,7,-3.22%,3.22%,0,0,0,1772,154,13,JUP,DAD,K,K,FO,1
Ty Palmatier,258,222,Clarinet Clarinet,672,490,FO,268,B4,1,0,4,7,-2.60%,2.60%,0,0,0,1772,154,13,JUP,DAD,FO,FO,FO,1
Derek Bongiovanni,109,442,Clarinet Clarinet,672,955,LGO,487,B4,2,0,4,7,-1.66%,1.66%,0,0,0,1772,154,13,JUP,DAD,LGO,LGO,LGO,1
AllStar Lin,1799,275,Harry Peritestes,117,822,LGO,453,T5,0,0,4,7,-0.82%,0.82%,0,0,0,1773,154,13,DAD,JUP,LGO,LGO,LGO,1
Drew Savage,329,275,Harry Peritestes,117,922,RGO,353,T5,1,0,4,7,-0.96%,0.96%,0,0,0,1773,154,13,DAD,JUP,RGO,RGO,K,1
Michael Smith,1955,400,Harry Peritestes,117,3,RGO,397,T5,2,0,4,7,-0.98%,0.98%,0,0,0,1773,154,13,DAD,JUP,RGO,RGO,PO,1
Johnny Omar,2241,899,Clarinet Clarinet,672,499,LGO,400,B5,0,0,4,7,-3.50%,3.50%,0,0,0,1774,154,13,JUP,DAD,LGO,LGO,RGO,1
Harry Peritestes,117,610,Clarinet Clarinet,672,334,PO,276,B5,1,0,4,7,-2.60%,2.60%,0,0,0,1774,154,13,JUP,DAD,PO,PO,FO,1
David Peterson,2218,763,Clarinet Clarinet,672,974,K,211,B5,2,0,4,7,-1.28%,1.28%,0,0,0,1774,154,13,JUP,DAD,K,K,FO,1
Pickle Rick Vaughan,150,469,Harry Peritestes,117,740,RGO,271,T6,0,0,4,7,-0.44%,0.44%,0,0,0,1775,154,13,DAD,JUP,RGO,RGO,FO,1
Boof Jones,181,410,Harry Peritestes,117,221,BB,189,T6,1,0,4,7,0.85%,-0.85%,0,1,1,1775,154,13,DAD,JUP,BB,BB,FO,1
Rekt Keyo,331,311,Harry Peritestes,117,320,HR,9,T6,1,1,4,7,3.04%,-3.04%,2,1,1,1775,154,13,DAD,JUP,HR,HR,HR,1
Amper Sand,774,11,Harry Peritestes,117,890,BB,121,T6,1,0,4,9,0.25%,-0.25%,0,0,0,1775,154,13,DAD,JUP,BB,BB,1B,1
Caleb Aiken,324,827,Harry Peritestes,117,111,DP,284,T6,1,1,4,9,-0.37%,0.37%,0,0,0,1775,154,13,DAD,JUP,RGO,PO,FO,1
Kevin Harrison,734,284,Clarinet Clarinet,672,302,3B,18,B6,0,0,4,9,0.85%,-0.85%,0,1,1,1776,154,13,JUP,DAD,3B,3B,HR,1
Shygen Tinybeard,712,8,Clarinet Clarinet,672,392,RGO,384,B6,0,3,4,9,-0.94%,0.94%,1,0,0,1776,154,13,JUP,DAD,RGO,RGO,PO,1
Skippy Gustafsson,1773,659,Clarinet Clarinet,672,16,RGO,357,B6,1,0,5,9,-0.88%,0.88%,0,0,0,1776,154,13,JUP,DAD,RGO,RGO,K,1
Iama Human,520,111,Clarinet Clarinet,672,109,HR,2,B6,2,0,5,9,0.44%,-0.44%,1,1,1,1776,154,13,JUP,DAD,HR,HR,HR,1
Ty Palmatier,258,30,Rekt Keyo,331,327,FO,297,B6,2,0,6,9,-0.73%,0.73%,0,0,0,1776,154,13,JUP,DAD,FO,FO,K,1
Brian Talapia,1752,869,Mr. Miyagi,265,845,HR,24,T1,0,0,0,0,10.88%,-10.88%,1,1,1,1777,155,13,POR,KTY,HR,HR,HR,1
Ayden Davis,696,653,Mr. Miyagi,265,701,2B,48,T1,0,0,0,1,5.90%,-5.90%,0,1,1,1777,155,13,POR,KTY,2B,2B,2B,1
Aych Imtiyaz,170,114,Mr. Miyagi,265,363,FO,249,T1,0,2,0,1,-4.30%,4.30%,0,0,0,1777,155,13,POR,KTY,FO,FO,FO,1
Geno Scaramucci,165,569,Mr. Miyagi,265,630,1B,61,T1,1,2,0,1,6.46%,-6.46%,0,0,1,1777,155,13,POR,KTY,1B,1B,2B,1
Geno Scaramucci,165,420,Mr. Miyagi,265,444,SB,24,T1,1,5,0,1,1.09%,-1.09%,0,1,0,1777,155,13,POR,KTY,Steal 2B,Steal 2B,SB,5
Bobo Bones,478,154,Mr. Miyagi,265,524,K,370,T1,1,6,0,1,-6.94%,6.94%,0,0,0,1777,155,13,POR,KTY,K,K,K,1
Don Chalupa,481,744,Mr. Miyagi,265,740,HR,4,T1,2,6,0,1,20.03%,-20.03%,3,1,1,1777,155,13,POR,KTY,HR,HR,HR,1
Artie Ziff,164,402,Pedro Cerrano-Spaz,1798,412,HR,10,T1,2,0,0,4,4.09%,-4.09%,1,1,1,1777,155,13,POR,KTY,HR,HR,HR,1
Lee Allen Ripley,771,526,Pedro Cerrano-Spaz,1798,281,FO,245,T1,2,0,0,5,0.30%,-0.30%,0,0,0,1777,155,13,POR,KTY,FO,FO,FO,1
Pedro Cerrano-Spaz,1798,287,Lee Allen Ripley,771,24,FO,263,B1,0,0,0,5,-2.83%,2.83%,0,0,0,1778,155,13,KTY,POR,FO,FO,FO,1
Oni R1,663,666,Lee Allen Ripley,771,124,LGO,458,B1,1,0,0,5,0.91%,-0.91%,0,0,0,1778,155,13,KTY,POR,LGO,LGO,LGO,1
Otis Nixon Sr.,107,224,Lee Allen Ripley,771,911,RGO,313,B1,2,0,0,5,-1.72%,1.72%,0,0,0,1778,155,13,KTY,POR,RGO,RGO,K,1
Rickey Tucker,163,835,Pedro Cerrano-Spaz,1798,617,FO,218,T2,0,0,0,5,-1.02%,1.02%,0,0,0,1779,155,13,POR,KTY,FO,FO,FO,1
Brian Talapia,1752,420,Pedro Cerrano-Spaz,1798,514,1B,94,T2,1,0,0,5,1.98%,-1.98%,0,0,0,1779,155,13,POR,KTY,1B,1B,1B,1
Ayden Davis,696,,Pedro Cerrano-Spaz,1798,,Auto K,,T2,1,1,0,5,-2.44%,2.44%,0,0,0,1779,155,13,POR,KTY,Auto K,Auto K,Auto K,9
Aych Imtiyaz,170,185,Pedro Cerrano-Spaz,1798,816,K,369,T2,2,1,0,5,-0.45%,0.45%,0,0,0,1779,155,13,POR,KTY,K,K,K,1
Vinny Vedecci,2,711,Lee Allen Ripley,771,480,FO,231,B2,0,0,0,5,-1.70%,1.70%,0,0,0,1780,155,13,KTY,POR,FO,FO,FO,1
Xerxes Dalin,474,50,Lee Allen Ripley,771,120,1B,70,B2,1,0,0,5,1.50%,-1.50%,0,1,1,1780,155,13,KTY,POR,1B,1B,1B,1
Mo Jungo,1814,474,Lee Allen Ripley,771,479,HR,5,B2,1,1,0,5,9.96%,-9.96%,2,1,1,1780,155,13,KTY,POR,HR,HR,HR,1
David Roidtiz,1742,655,Lee Allen Ripley,771,419,FO,236,B2,1,0,2,5,-2.43%,2.43%,0,0,0,1780,155,13,KTY,POR,FO,FO,FO,1
icna comit,198,411,Lee Allen Ripley,771,921,LGO,490,B2,2,0,2,5,-1.35%,1.35%,0,0,0,1780,155,13,KTY,POR,LGO,LGO,LGO,1
Geno Scaramucci,165,313,Pedro Cerrano-Spaz,1798,786,LGO,473,T3,0,0,2,5,-1.17%,1.17%,0,0,0,1781,155,13,POR,KTY,LGO,LGO,LGO,1
Bobo Bones,478,86,Pedro Cerrano-Spaz,1798,718,K,368,T3,1,0,2,5,-1.45%,1.45%,0,0,0,1781,155,13,POR,KTY,K,K,K,1
Don Chalupa,481,744,Pedro Cerrano-Spaz,1798,720,3B,24,T3,2,0,2,5,1.38%,-1.38%,0,1,1,1781,155,13,POR,KTY,3B,3B,HR,1
Artie Ziff,164,700,Pedro Cerrano-Spaz,1798,678,HR,22,T3,2,3,2,5,10.17%,-10.17%,2,1,1,1781,155,13,POR,KTY,HR,HR,HR,1
Lee Allen Ripley,771,750,Pedro Cerrano-Spaz,1798,510,FO,240,T3,2,0,2,7,-0.37%,0.37%,0,0,0,1781,155,13,POR,KTY,FO,FO,FO,1
Merodach Baladan,100,877,Lee Allen Ripley,771,299,RGO,422,B3,0,0,2,7,-1.63%,1.63%,0,0,0,1782,155,13,KTY,POR,RGO,RGO,RGO,1
Pedro Cerrano-Spaz,1798,720,Lee Allen Ripley,771,195,LGO,475,B3,1,0,2,7,-1.48%,1.48%,0,0,0,1782,155,13,KTY,POR,LGO,LGO,LGO,1
Oni R1,663,420,Lee Allen Ripley,771,456,2B,36,B3,2,0,2,7,1.90%,-1.90%,0,0,0,1782,155,13,KTY,POR,2B,2B,2B,1
Otis Nixon Sr.,107,420,Lee Allen Ripley,771,715,RGO,295,B3,2,2,2,7,-2.31%,2.31%,0,0,0,1782,155,13,KTY,POR,RGO,RGO,K,1
Rickey Tucker,163,1000,Pedro Cerrano-Spaz,1798,714,K,286,T4,0,0,2,7,-0.43%,0.43%,0,0,0,1783,155,13,POR,KTY,K,K,K,1
Brian Talapia,1752,586,Pedro Cerrano-Spaz,1798,602,HR,16,T4,1,0,2,7,2.38%,-2.38%,1,1,1,1783,155,13,POR,KTY,HR,HR,HR,1
Ayden Davis,696,257,Pedro Cerrano-Spaz,1798,312,2B,55,T4,1,0,2,8,0.39%,-0.39%,0,0,0,1783,155,13,POR,KTY,2B,2B,2B,1
Aych Imtiyaz,170,823,Pedro Cerrano-Spaz,1798,619,FO,204,T4,1,2,2,8,-0.28%,0.28%,0,0,0,1783,155,13,POR,KTY,FO,FO,FO,1
Geno Scaramucci,165,777,Pedro Cerrano-Spaz,1798,414,K,363,T4,2,2,2,8,-0.55%,0.55%,0,0,0,1783,155,13,POR,KTY,K,K,K,1
Vinny Vedecci,2,,Lee Allen Ripley,771,,Auto BB,,B4,0,0,2,8,1.91%,-1.91%,0,0,0,1784,155,13,KTY,POR,Auto BB,Auto BB,Auto BB,10
Xerxes Dalin,474,611,Lee Allen Ripley,771,420,FO,191,B4,0,1,2,8,-1.54%,1.54%,0,0,0,1784,155,13,KTY,POR,FO,FO,FO,1
Mo Jungo,1814,69,Lee Allen Ripley,771,311,K,242,B4,1,1,2,8,-1.54%,1.54%,0,0,0,1784,155,13,KTY,POR,K,K,FO,1
David Roidtiz,1742,242,Lee Allen Ripley,771,654,PO,412,B4,2,1,2,8,-0.62%,0.62%,0,0,0,1784,155,13,KTY,POR,PO,PO,RGO,1
Bobo Bones,478,125,Pedro Cerrano-Spaz,1798,718,PO,407,T5,0,0,2,8,0.07%,-0.07%,0,0,0,1785,155,13,POR,KTY,PO,PO,RGO,1
Don Chalupa,481,740,Pedro Cerrano-Spaz,1798,817,1B,77,T5,1,0,2,8,-0.11%,0.11%,0,0,0,1785,155,13,POR,KTY,1B,1B,1B,1
Artie Ziff,164,187,Pedro Cerrano-Spaz,1798,410,FO,223,T5,1,1,2,8,-0.13%,0.13%,0,0,0,1785,155,13,POR,KTY,FO,FO,FO,1
Lee Allen Ripley,771,601,Pedro Cerrano-Spaz,1798,513,1B,88,T5,2,1,2,8,0.39%,-0.39%,0,0,0,1785,155,13,POR,KTY,1B,1B,1B,1
Rickey Tucker,163,312,Pedro Cerrano-Spaz,1798,612,K,300,T5,2,5,2,8,-0.57%,0.57%,0,0,0,1785,155,13,POR,KTY,K,K,K,1
icna comit,198,223,Lee Allen Ripley,771,124,BB,99,B5,0,0,2,8,1.18%,-1.18%,0,1,1,1786,155,13,KTY,POR,BB,1B,1B,1
Merodach Baladan,100,96,Lee Allen Ripley,771,1,1B,95,B5,0,1,2,8,1.42%,-1.42%,0,1,1,1786,155,13,KTY,POR,1B,1B,1B,1
Pedro Cerrano-Spaz,1798,870,Lee Allen Ripley,771,96,FO,226,B5,0,4,2,8,-1.09%,1.09%,0,0,0,1786,155,13,KTY,POR,FO,FO,FO,1
Oni R1,663,612,Lee Allen Ripley,771,602,HR,10,B5,1,4,2,8,5.16%,-5.16%,3,1,1,1786,155,13,KTY,POR,HR,HR,HR,1
Otis Nixon Sr.,107,690,Lee Allen Ripley,771,602,1B,88,B5,1,0,5,8,4.53%,-4.53%,0,0,0,1786,155,13,KTY,POR,1B,1B,1B,1
Vinny Vedecci,2,350,Lee Allen Ripley,771,500,FO,150,B5,1,1,5,8,-5.32%,5.32%,0,0,0,1786,155,13,KTY,POR,FO,FO,BB,1
Xerxes Dalin,474,11,Lee Allen Ripley,771,777,FO,234,B5,2,1,5,8,-3.09%,3.09%,0,0,0,1786,155,13,KTY,POR,FO,FO,FO,1
Brian Talapia,1752,792,Pedro Cerrano-Spaz,1798,216,RGO,424,T6,0,0,5,8,-0.44%,0.44%,0,0,0,1787,155,13,POR,KTY,RGO,RGO,RGO,1
Ayden Davis,696,743,Pedro Cerrano-Spaz,1798,323,RGO,420,T6,1,0,5,8,-0.44%,0.44%,0,0,0,1787,155,13,POR,KTY,RGO,RGO,RGO,1
Aych Imtiyaz,170,345,Pedro Cerrano-Spaz,1798,416,1B,71,T6,2,0,5,8,0.33%,-0.33%,0,0,0,1787,155,13,POR,KTY,1B,1B,1B,1
Geno Scaramucci,165,777,Pedro Cerrano-Spaz,1798,314,LGO,463,T6,2,1,5,8,-0.81%,0.81%,0,0,0,1787,155,13,POR,KTY,LGO,LGO,LGO,1
Mo Jungo,1814,713,Lee Allen Ripley,771,266,RGO,447,B6,0,0,5,8,-3.09%,3.09%,0,0,0,1788,155,13,KTY,POR,RGO,RGO,RGO,1
David Roidtiz,1742,345,Lee Allen Ripley,771,975,K,370,B6,1,0,5,8,-2.13%,2.13%,0,0,0,1788,155,13,KTY,POR,K,K,K,1
icna comit,198,879,Lee Allen Ripley,771,195,K,316,B6,2,0,5,8,-0.73%,0.73%,0,0,0,1788,155,13,KTY,POR,K,K,K,1
Bonesy McSkellington,1733,176,Delta Airlines,622,569,RGO,393,T1,0,0,0,0,-2.52%,2.52%,0,0,0,1789,156,13,SAR,MVM,RGO,RGO,PO,1
Ross Ewage,1764,989,Delta Airlines,622,770,K,219,T1,1,0,0,0,-2.52%,2.52%,0,0,0,1789,156,13,SAR,MVM,K,K,FO,1
Bradle Beamen,203,397,Delta Airlines,622,327,2B,70,T1,2,0,0,0,2.84%,-2.84%,0,1,1,1789,156,13,SAR,MVM,2B,2B,1B,1
Gimpy Schlempteen 32,379,250,Delta Airlines,622,327,1B,77,T1,2,2,0,0,9.87%,-9.87%,1,0,0,1789,156,13,SAR,MVM,1B,1B,1B,1
Makesiondon Kelkboom,327,404,Delta Airlines,622,886,LGO,482,T1,2,1,0,1,-3.20%,3.20%,0,0,0,1789,156,13,SAR,MVM,LGO,LGO,LGO,1
cocl,487,730,Hudson Hildebrandt,284,430,K,300,B1,0,0,0,1,-3.15%,3.15%,0,0,0,1790,156,13,MVM,SAR,K,K,K,1
Deej Gambino,594,720,Hudson Hildebrandt,284,202,LGO,482,B1,1,0,0,1,-2.67%,2.67%,0,0,0,1790,156,13,MVM,SAR,LGO,LGO,LGO,1
Tendaji Okoye,813,564,Hudson Hildebrandt,284,889,K,325,B1,2,0,0,1,-1.59%,1.59%,0,0,0,1790,156,13,MVM,SAR,K,K,K,1
Elmo Seabreeze,1785,27,Delta Airlines,622,669,PO,358,T2,0,0,0,1,-2.62%,2.62%,0,0,0,1791,156,13,SAR,MVM,PO,PO,K,1
Karl Jernigan,439,69,Delta Airlines,622,808,K,261,T2,1,0,0,1,-2.34%,2.34%,0,0,0,1791,156,13,SAR,MVM,K,K,FO,1
Dr.Degratest Toevadoit,247,,Delta Airlines,622,,Auto K,,T2,2,0,0,1,-1.56%,1.56%,0,0,0,1791,156,13,SAR,MVM,Auto K,Auto K,Auto K,9
Cap Keeler,1808,457,Hudson Hildebrandt,284,222,K,235,B2,0,0,0,1,-3.40%,3.40%,0,0,0,1792,156,13,MVM,SAR,K,K,FO,1
Jeremy Carolina,728,340,Hudson Hildebrandt,284,755,PO,415,B2,1,0,0,1,-2.75%,2.75%,0,0,0,1792,156,13,MVM,SAR,PO,PO,RGO,1
Baron Harold Willingsby,765,512,Hudson Hildebrandt,284,555,3B,43,B2,2,0,0,1,4.31%,-4.31%,0,0,0,1792,156,13,MVM,SAR,3B,2B,2B,1
Mike Hampton,782,191,Hudson Hildebrandt,284,444,K,253,B2,2,3,0,1,-6.49%,6.49%,0,0,0,1792,156,13,MVM,SAR,K,K,FO,1
Tucker Doubt,567,69,Delta Airlines,622,689,PO,380,T3,0,0,0,1,-2.77%,2.77%,0,0,0,1793,156,13,SAR,MVM,PO,PO,PO,1
Bonesy McSkellington,1733,701,Delta Airlines,622,69,PO,368,T3,1,0,0,1,-2.57%,2.57%,0,0,0,1793,156,13,SAR,MVM,PO,PO,K,1
Ross Ewage,1764,495,Delta Airlines,622,240,K,255,T3,2,0,0,1,-1.56%,1.56%,0,0,0,1793,156,13,SAR,MVM,K,K,FO,1
Dwayne Stevenson,334,333,Hudson Hildebrandt,284,646,K,313,B3,0,0,0,1,-4.00%,4.00%,0,0,0,1794,156,13,MVM,SAR,K,K,K,1
Jeffrey Salmon,1704,888,Hudson Hildebrandt,284,111,FO,223,B3,1,0,0,1,-3.30%,3.30%,0,0,0,1794,156,13,MVM,SAR,FO,FO,FO,1
cocl,487,730,Hudson Hildebrandt,284,902,BB,172,B3,2,0,0,1,2.56%,-2.56%,0,0,1,1794,156,13,MVM,SAR,BB,BB,BB,1
cocl,487,730,Hudson Hildebrandt,284,911,SB,181,B3,2,1,0,1,1.97%,-1.97%,0,1,0,1794,156,13,MVM,SAR,Steal 2B,Steal 2B,SB,4
Deej Gambino,594,270,Hudson Hildebrandt,284,202,1B,68,B3,2,2,0,1,13.83%,-13.83%,1,0,0,1794,156,13,MVM,SAR,1B,1B,1B,1
Tendaji Okoye,813,723,Hudson Hildebrandt,284,5,K,282,B3,2,1,1,1,-4.38%,4.38%,0,0,0,1794,156,13,MVM,SAR,K,K,FO,1
Bradle Beamen,203,18,Delta Airlines,622,730,PO,288,T4,0,0,1,1,-3.87%,3.87%,0,0,0,1795,156,13,SAR,MVM,PO,PO,K,1
Gimpy Schlempteen 32,379,829,Delta Airlines,622,492,PO,337,T4,1,0,1,1,-3.68%,3.68%,0,0,0,1795,156,13,SAR,MVM,PO,PO,K,1
Makesiondon Kelkboom,327,919,Delta Airlines,622,696,FO,223,T4,2,0,1,1,-2.53%,2.53%,0,0,0,1795,156,13,SAR,MVM,FO,FO,FO,1
Cap Keeler,1808,919,Hudson Hildebrandt,284,702,K,217,B4,0,0,1,1,-3.93%,3.93%,0,0,0,1796,156,13,MVM,SAR,K,K,FO,1
Jeremy Carolina,728,801,Hudson Hildebrandt,284,255,RGO,454,B4,1,0,1,1,-3.43%,3.43%,0,0,0,1796,156,13,MVM,SAR,RGO,RGO,LGO,1
Baron Harold Willingsby,765,402,Hudson Hildebrandt,284,420,HR,18,B4,2,0,1,1,20.07%,-20.07%,1,1,1,1796,156,13,MVM,SAR,HR,HR,HR,1
Mike Hampton,782,399,Hudson Hildebrandt,284,555,BB,156,B4,2,0,2,1,1.84%,-1.84%,0,0,0,1796,156,13,MVM,SAR,BB,BB,BB,1
Dwayne Stevenson,334,108,Hudson Hildebrandt,284,666,RGO,442,B4,2,1,2,1,-3.40%,3.40%,0,0,0,1796,156,13,MVM,SAR,RGO,RGO,RGO,1
Elmo Seabreeze,1785,987,Delta Airlines,622,101,1B,114,T5,0,0,2,1,7.39%,-7.39%,0,0,0,1797,156,13,SAR,MVM,1B,1B,1B,1
Karl Jernigan,439,902,Delta Airlines,622,244,PO,342,T5,0,1,2,1,-5.95%,5.95%,0,0,0,1797,156,13,SAR,MVM,PO,PO,K,1
Dr.Degratest Toevadoit,247,315,Delta Airlines,622,605,K,290,T5,1,1,2,1,-7.71%,7.71%,0,0,0,1797,156,13,SAR,MVM,K,K,K,1
Tucker Doubt,567,933,Delta Airlines,622,320,PO,387,T5,2,1,2,1,-7.62%,7.62%,0,0,0,1797,156,13,SAR,MVM,PO,PO,PO,1
Jeffrey Salmon,1704,211,Hudson Hildebrandt,284,666,RGO,455,B5,0,0,2,1,-1.87%,1.87%,0,0,0,1798,156,13,MVM,SAR,RGO,RGO,LGO,1
cocl,487,420,Hudson Hildebrandt,284,420,HR,0,B5,1,0,2,1,8.68%,-8.68%,1,1,1,1798,156,13,MVM,SAR,HR,HR,HR,1
Deej Gambino,594,543,Hudson Hildebrandt,284,707,BB,164,B5,1,0,3,1,1.11%,-1.11%,0,1,1,1798,156,13,MVM,SAR,BB,BB,BB,1
Tendaji Okoye,813,899,Hudson Hildebrandt,284,1,BB,102,B5,1,1,3,1,1.00%,-1.00%,0,1,1,1798,156,13,MVM,SAR,BB,BB,1B,1
Cap Keeler,1808,315,Hudson Hildebrandt,284,333,HR,18,B5,1,4,3,1,5.24%,-5.24%,3,1,1,1798,156,13,MVM,SAR,HR,HR,HR,1
Jeremy Carolina,728,120,Hudson Hildebrandt,284,444,K,324,B5,1,0,6,1,-0.20%,0.20%,0,0,0,1798,156,13,MVM,SAR,K,K,K,1
Baron Harold Willingsby,765,702,Hudson Hildebrandt,284,88,K,386,B5,2,0,6,1,0.01%,-0.01%,0,0,0,1798,156,13,MVM,SAR,K,K,PO,1
Bonesy McSkellington,1733,555,Delta Airlines,622,111,LGO,444,T6,0,0,6,1,-0.51%,0.51%,0,0,0,1799,156,13,SAR,MVM,LGO,LGO,RGO,1
Ross Ewage,1764,709,Delta Airlines,622,555,BB,154,T6,1,0,6,1,0.68%,-0.68%,0,0,0,1799,156,13,SAR,MVM,BB,BB,BB,1
Bradle Beamen,203,57,Delta Airlines,622,430,PO,373,T6,1,1,6,1,-0.93%,0.93%,0,0,0,1799,156,13,SAR,MVM,PO,PO,K,1
Gimpy Schlempteen 32,379,101,Delta Airlines,622,213,1B,112,T6,2,1,6,1,0.46%,-0.46%,0,0,0,1799,156,13,SAR,MVM,1B,1B,1B,1
Makesiondon Kelkboom,327,722,Delta Airlines,622,214,LGO,492,T6,2,5,6,1,-0.65%,0.65%,0,0,0,1799,156,13,SAR,MVM,LGO,LGO,LGO,1
Isaac Saffron,377,728,Jack Ryan,2215,777,2B,49,T1,0,0,0,0,6.78%,-6.78%,0,0,0,1800,157,14,CHI,WSH,2B,2B,2B,1
Skye McDowell,264,512,Jack Ryan,2215,810,PO,298,T1,0,2,0,0,-4.82%,4.82%,0,0,0,1800,157,14,CHI,WSH,PO,PO,K,1
Michael Ikenberry,63,512,Jack Ryan,2215,211,FO,301,T1,1,2,0,0,-4.16%,4.16%,0,0,0,1800,157,14,CHI,WSH,FO,K,K,1
John-Rhys Ealy,2239,488,Jack Ryan,2215,820,PO,332,T1,2,2,0,0,-4.58%,4.58%,0,0,0,1800,157,14,CHI,WSH,PO,PO,K,1
Conor Sexton,289,124,Garfield Chubbs,2230,444,K,320,B1,0,0,0,0,-2.73%,2.73%,0,0,0,1801,157,14,WSH,CHI,K,K,K,1
Chody McCarty,650,972,Garfield Chubbs,2230,89,1B,117,B1,1,0,0,0,3.37%,-3.37%,0,0,0,1801,157,14,WSH,CHI,1B,1B,1B,1
Miguel Snow,290,609,Garfield Chubbs,2230,28,DP,419,B1,1,1,0,0,-7.43%,7.43%,0,0,0,1801,157,14,WSH,CHI,LGO,LGO,DP,1
Hamish McSmashithard,1793,888,Jack Ryan,2215,599,PO,289,T2,0,0,0,0,-2.86%,2.86%,0,0,0,1802,157,14,CHI,WSH,PO,PO,K,1
JZ,788,17,Jack Ryan,2215,12,HR,5,T2,1,0,0,0,12.11%,-12.11%,1,1,1,1802,157,14,CHI,WSH,HR,HR,HR,1
Bubba McCali,72,333,Jack Ryan,2215,555,K,222,T2,1,0,0,1,-2.34%,2.34%,0,0,0,1802,157,14,CHI,WSH,K,K,FO,1
Dinglebop McKringleberry,1715,66,Jack Ryan,2215,950,1B,116,T2,2,0,0,1,1.96%,-1.96%,0,1,1,1802,157,14,CHI,WSH,1B,BB,1B,1
Supreme Asslord,363,483,Jack Ryan,2215,327,BB,156,T2,2,1,0,1,2.53%,-2.53%,0,0,0,1802,157,14,CHI,WSH,BB,BB,BB,1
Isaac Saffron,377,221,Jack Ryan,2215,134,1B,87,T2,2,4,0,1,10.65%,-10.65%,1,0,0,1802,157,14,CHI,WSH,1B,1B,1B,1
Skye McDowell,264,690,Jack Ryan,2215,878,FO,188,T2,2,5,0,2,-5.04%,5.04%,0,0,0,1802,157,14,CHI,WSH,FO,FO,FO,1
Jeff Dingerhitter,298,215,Garfield Chubbs,2230,333,1B,118,B2,0,0,0,2,4.10%,-4.10%,0,1,1,1803,157,14,WSH,CHI,1B,1B,1B,1
Charlie Bae Jr.,293,999,Garfield Chubbs,2230,267,FO,268,B2,0,1,0,2,-3.38%,3.38%,0,0,0,1803,157,14,WSH,CHI,FO,FO,FO,1
KC Bats,287,666,Garfield Chubbs,2230,690,HR,24,B2,1,1,0,2,20.83%,-20.83%,2,1,1,1803,157,14,WSH,CHI,HR,3B,HR,1
Mitch Kramer,669,420,Garfield Chubbs,2230,449,2B,29,B2,1,0,2,2,4.93%,-4.93%,0,0,0,1803,157,14,WSH,CHI,2B,2B,3B,1
Joe Pidgeon,301,69,Garfield Chubbs,2230,318,FO,249,B2,1,2,2,2,-4.24%,4.24%,0,0,0,1803,157,14,WSH,CHI,FO,FO,FO,1
Phil Coulson,226,724,Garfield Chubbs,2230,205,LGO,481,B2,2,2,2,2,-5.25%,5.25%,0,0,0,1803,157,14,WSH,CHI,LGO,LGO,LGO,1
Michael Ikenberry,63,666,Jack Ryan,2215,299,PO,367,T3,0,0,2,2,-3.25%,3.25%,0,0,0,1804,157,14,CHI,WSH,PO,PO,K,1
John-Rhys Ealy,2239,747,Jack Ryan,2215,923,BB,176,T3,1,0,2,2,3.77%,-3.77%,0,1,1,1804,157,14,CHI,WSH,BB,FO,BB,1
Hamish McSmashithard,1793,,Jack Ryan,2215,,Auto K,,T3,1,1,2,2,-4.32%,4.32%,0,0,0,1804,157,14,CHI,WSH,Auto K,Auto K,Auto K,9
Nikola Tefla,719,12,Jack Ryan,2215,908,1B,104,T3,2,1,2,2,3.20%,-3.20%,0,1,1,1804,157,14,CHI,WSH,1B,1B,1B,1
Bubba McCali,72,907,Jack Ryan,2215,999,2B,92,T3,2,5,2,2,24.00%,-24.00%,2,0,0,1804,157,14,CHI,WSH,2B,1B,1B,1
Dinglebop McKringleberry,1715,437,Jack Ryan,2215,245,FO,192,T3,2,2,2,4,-3.95%,3.95%,0,0,0,1804,157,14,CHI,WSH,FO,FO,FO,1
Conor Sexton,289,863,Garfield Chubbs,2230,599,FO,264,B3,0,0,2,4,-3.78%,3.78%,0,0,0,1805,157,14,WSH,CHI,FO,FO,FO,1
Chody McCarty,650,1,Garfield Chubbs,2230,749,FO,252,B3,1,0,2,4,-2.85%,2.85%,0,0,0,1805,157,14,WSH,CHI,FO,FO,FO,1
Miguel Snow,290,599,Garfield Chubbs,2230,299,RGO,300,B3,2,0,2,4,-2.26%,2.26%,0,0,0,1805,157,14,WSH,CHI,RGO,RGO,K,1
Good Doggo,522,111,Jack Ryan,2215,197,1B,86,T4,0,0,2,4,2.79%,-2.79%,0,0,0,1806,157,14,CHI,WSH,1B,1B,1B,1
Good Doggo,522,569,Jack Ryan,2215,798,SB,229,T4,0,1,2,4,2.21%,-2.21%,0,0,0,1806,157,14,CHI,WSH,Steal 2B,Steal 2B,SB,4
Isaac Saffron,377,800,Jack Ryan,2215,311,LGO,489,T4,0,2,2,4,-3.24%,3.24%,0,0,0,1806,157,14,CHI,WSH,LGO,LGO,LGO,1
Skye McDowell,264,1000,Jack Ryan,2215,659,PO,341,T4,1,2,2,4,-2.75%,2.75%,0,0,0,1806,157,14,CHI,WSH,PO,PO,K,1
Michael Ikenberry,63,964,Jack Ryan,2215,314,PO,350,T4,2,2,2,4,-4.08%,4.08%,0,0,0,1806,157,14,CHI,WSH,PO,PO,K,1
Jeff Dingerhitter,298,115,Garfield Chubbs,2230,217,1B,102,B4,0,0,2,4,5.86%,-5.86%,0,1,1,1807,157,14,WSH,CHI,1B,1B,1B,1
Charlie Bae Jr.,293,678,Garfield Chubbs,2230,19,K,341,B4,0,1,2,4,-4.71%,4.71%,0,0,0,1807,157,14,WSH,CHI,K,PO,K,1
KC Bats,287,888,Garfield Chubbs,2230,878,HR,10,B4,1,1,2,4,28.19%,-28.19%,2,1,1,1807,157,14,WSH,CHI,HR,HR,HR,1
Mitch Kramer,669,627,Garfield Chubbs,2230,756,BB,129,B4,1,0,4,4,4.78%,-4.78%,0,1,1,1807,157,14,WSH,CHI,BB,BB,1B,1
Joe Pidgeon,301,123,Garfield Chubbs,2230,782,PO,341,B4,1,1,4,4,-5.81%,5.81%,0,0,0,1807,157,14,WSH,CHI,PO,PO,K,1
Phil Coulson,226,400,Garfield Chubbs,2230,286,1B,114,B4,2,1,4,4,4.99%,-4.99%,0,1,1,1807,157,14,WSH,CHI,1B,1B,1B,1
Conor Sexton,289,375,Garfield Chubbs,2230,421,2B,46,B4,2,5,4,4,25.60%,-25.60%,2,1,1,1807,157,14,WSH,CHI,2B,2B,2B,1
Chody McCarty,650,738,Garfield Chubbs,2230,606,1B,132,B4,2,2,6,4,6.31%,-6.31%,1,0,0,1807,157,14,WSH,CHI,1B,BB,1B,1
Miguel Snow,290,339,Garfield Chubbs,2230,24,RGO,315,B4,2,1,7,4,-0.97%,0.97%,0,0,0,1807,157,14,WSH,CHI,RGO,RGO,K,1
John-Rhys Ealy,2239,420,Joe Pidgeon,301,121,K,299,T5,0,0,7,4,-2.48%,2.48%,0,0,0,1808,157,14,CHI,WSH,K,PO,K,1
Hamish McSmashithard,1793,888,Joe Pidgeon,301,21,1B,133,T5,1,0,7,4,3.83%,-3.83%,0,1,1,1808,157,14,CHI,WSH,1B,BB,1B,1
Nikola Tefla,719,12,Joe Pidgeon,301,674,PO,338,T5,1,1,7,4,-4.15%,4.15%,0,0,0,1808,157,14,CHI,WSH,PO,PO,K,1
Bubba McCali,72,329,Joe Pidgeon,301,299,3B,30,T5,2,1,7,4,7.42%,-7.42%,1,0,0,1808,157,14,CHI,WSH,3B,3B,2B,1
Dinglebop McKringleberry,1715,999,Joe Pidgeon,301,299,PO,300,T5,2,3,7,5,-6.13%,6.13%,0,0,0,1808,157,14,CHI,WSH,PO,PO,K,1
Jeff Loldee,2261,772,Jin Yang,1695,905,BB,133,T1,0,0,0,0,3.67%,-3.67%,0,0,0,1809,158,14,RKT,KRB,BB,BB,1B,1
Whit Merto,162,311,Jin Yang,1695,168,BB,143,T1,0,1,0,0,7.14%,-7.14%,0,0,0,1809,158,14,RKT,KRB,BB,BB,BB,1
Red Fox,784,649,Jin Yang,1695,149,TP,500,T1,0,4,0,0,-17.59%,17.59%,0,0,0,1809,158,14,RKT,KRB,LGO,LGO,TP,1
Joey Wheeler,662,51,Viking Fishbird,42,777,PO,274,B1,0,0,0,0,-2.73%,2.73%,0,0,0,1810,158,14,KRB,RKT,PO,PO,FO,1
Christian Bevan,616,500,Viking Fishbird,42,166,PO,334,B1,1,0,0,0,-2.27%,2.27%,0,0,0,1810,158,14,KRB,RKT,PO,PO,K,1
Jayson Kincaid,756,300,Viking Fishbird,42,944,K,356,B1,2,0,0,0,-1.79%,1.79%,0,0,0,1810,158,14,KRB,RKT,K,K,K,1
Mongster Mash,344,96,Jin Yang,1695,530,RGO,434,T2,0,0,0,0,-2.86%,2.86%,0,0,0,1811,158,14,RKT,KRB,RGO,RGO,RGO,1
Nick Willis Jr.,1841,269,Jin Yang,1695,14,K,255,T2,1,0,0,0,-2.90%,2.90%,0,0,0,1811,158,14,RKT,KRB,K,K,FO,1
DeVon Pepper,1701,445,Jin Yang,1695,771,PO,326,T2,2,0,0,0,-1.53%,1.53%,0,0,0,1811,158,14,RKT,KRB,PO,PO,K,1
Kevin Arianna,113,,Viking Fishbird,42,,Auto K,,B2,0,0,0,0,-2.75%,2.75%,0,0,0,1812,158,14,KRB,RKT,Auto K,Auto K,Auto K,9
Tabasco Greensauce,1818,808,Viking Fishbird,42,555,FO,253,B2,1,0,0,0,-2.68%,2.68%,0,0,0,1812,158,14,KRB,RKT,FO,FO,FO,1
Jin Yang,1695,288,Viking Fishbird,42,288,HR,0,B2,2,0,0,0,13.05%,-13.05%,1,1,1,1812,158,14,KRB,RKT,HR,HR,HR,1
Thomas Chiggins,16,931,Viking Fishbird,42,633,K,298,B2,2,0,1,0,-1.39%,1.39%,0,0,0,1812,158,14,KRB,RKT,K,K,K,1
Chris P. Bacon,210,106,Jin Yang,1695,620,LGO,486,T3,0,0,1,0,-3.61%,3.61%,0,0,0,1813,158,14,RKT,KRB,LGO,LGO,LGO,1
Tonto Kowalski,188,833,Jin Yang,1695,422,PO,411,T3,1,0,1,0,-3.13%,3.13%,0,0,0,1813,158,14,RKT,KRB,PO,PO,RGO,1
Penny Lane,716,666,Jin Yang,1695,562,1B,104,T3,2,0,1,0,2.76%,-2.76%,0,0,0,1813,158,14,RKT,KRB,1B,1B,1B,1
Jeff Loldee,2261,149,Jin Yang,1695,375,FO,226,T3,2,1,1,0,-4.92%,4.92%,0,0,0,1813,158,14,RKT,KRB,FO,FO,FO,1
Roy Hobbs,609,91,Viking Fishbird,42,788,K,303,B3,0,0,1,0,-2.34%,2.34%,0,0,0,1814,158,14,KRB,RKT,K,K,K,1
Francis X. Clampazzo,485,311,Viking Fishbird,42,462,BB,151,B3,1,0,1,0,2.94%,-2.94%,0,0,0,1814,158,14,KRB,RKT,BB,BB,BB,1
Joey Wheeler,662,269,Viking Fishbird,42,911,DP,358,B3,1,1,1,0,-6.62%,6.62%,0,0,0,1814,158,14,KRB,RKT,RGO,RGO,K,1
Whit Merto,162,654,Jin Yang,1695,500,BB,154,T4,0,0,1,0,6.05%,-6.05%,0,0,0,1815,158,14,RKT,KRB,BB,BB,BB,1
Red Fox,784,649,Jin Yang,1695,91,DP,442,T4,0,1,1,0,-13.94%,13.94%,0,0,0,1815,158,14,RKT,KRB,RGO,RGO,DP,1
Mongster Mash,344,2,Jin Yang,1695,758,K,244,T4,2,0,1,0,-2.57%,2.57%,0,0,0,1815,158,14,RKT,KRB,K,K,FO,1
Christian Bevan,616,709,Viking Fishbird,42,919,FO,210,B4,0,0,1,0,-2.24%,2.24%,0,0,0,1816,158,14,KRB,RKT,FO,FO,FO,1
Jayson Kincaid,756,151,Viking Fishbird,42,911,FO,240,B4,1,0,1,0,-1.93%,1.93%,0,0,0,1816,158,14,KRB,RKT,FO,FO,FO,1
Kevin Arianna,113,412,Viking Fishbird,42,688,PO,276,B4,2,0,1,0,-1.56%,1.56%,0,0,0,1816,158,14,KRB,RKT,PO,PO,FO,1
Nick Willis Jr.,1841,281,Jin Yang,1695,441,BB,160,T5,0,0,1,0,7.39%,-7.39%,0,1,1,1817,158,14,RKT,KRB,BB,BB,BB,1
DeVon Pepper,1701,717,Jin Yang,1695,550,FO,167,T5,0,1,1,0,-5.95%,5.95%,0,0,0,1817,158,14,RKT,KRB,FO,FO,BB,1
Chris P. Bacon,210,161,Jin Yang,1695,834,PO,327,T5,1,1,1,0,-7.71%,7.71%,0,0,0,1817,158,14,RKT,KRB,PO,PO,K,1
Tonto Kowalski,188,388,Jin Yang,1695,479,1B,91,T5,2,1,1,0,4.85%,-4.85%,0,1,1,1817,158,14,RKT,KRB,1B,1B,1B,1
Penny Lane,716,1,Jin Yang,1695,969,2B,32,T5,2,5,1,0,41.47%,-41.47%,2,1,1,1817,158,14,RKT,KRB,2B,2B,2B,1
Jeff Loldee,2261,502,Jin Yang,1695,456,2B,46,T5,2,2,1,2,13.56%,-13.56%,1,0,0,1817,158,14,RKT,KRB,2B,2B,2B,1
Whit Merto,162,217,Jin Yang,1695,473,K,256,T5,2,2,1,3,-3.61%,3.61%,0,0,0,1817,158,14,RKT,KRB,K,K,FO,1
Tabasco Greensauce,1818,144,Viking Fishbird,42,23,BB,121,B5,0,0,1,3,7.95%,-7.95%,0,0,0,1818,158,14,KRB,RKT,BB,BB,1B,1
Jin Yang,1695,422,Viking Fishbird,42,288,BB,134,B5,0,1,1,3,11.67%,-11.67%,0,0,0,1818,158,14,KRB,RKT,BB,BB,1B,1
Thomas Chiggins,16,135,Viking Fishbird,42,288,FO,153,B5,0,4,1,3,-8.27%,8.27%,0,0,0,1818,158,14,KRB,RKT,FO,FO,BB,1
Roy Hobbs,609,799,Viking Fishbird,42,528,K,271,B5,1,4,1,3,-11.03%,11.03%,0,0,0,1818,158,14,KRB,RKT,K,K,FO,1
Francis X. Clampazzo,485,633,Viking Fishbird,42,27,PO,394,B5,2,4,1,3,-11.89%,11.89%,0,0,0,1818,158,14,KRB,RKT,PO,PO,PO,1
Red Fox,784,632,Jin Yang,1695,935,PO,303,T6,0,0,1,3,-1.05%,1.05%,0,0,0,1819,158,14,RKT,KRB,PO,PO,K,1
Mongster Mash,344,677,Jin Yang,1695,333,PO,344,T6,1,0,1,3,-1.00%,1.00%,0,0,0,1819,158,14,RKT,KRB,PO,PO,K,1
Nick Willis Jr.,1841,836,Jin Yang,1695,137,K,301,T6,2,0,1,3,-0.85%,0.85%,0,0,0,1819,158,14,RKT,KRB,K,K,K,1
Joey Wheeler,662,1,Viking Fishbird,42,623,RGO,378,B6,0,0,1,3,-5.69%,5.69%,0,0,0,1820,158,14,KRB,RKT,RGO,RGO,PO,1
Christian Bevan,616,677,Viking Fishbird,42,722,2B,45,B6,1,0,1,3,8.24%,-8.24%,0,0,0,1820,158,14,KRB,RKT,2B,2B,2B,1
Jayson Kincaid,756,250,Viking Fishbird,42,411,FO,161,B6,1,2,1,3,-8.36%,8.36%,0,0,0,1820,158,14,KRB,RKT,FO,FO,BB,1
Kevin Arianna,113,555,Viking Fishbird,42,377,FO,178,B6,2,2,1,3,-6.71%,6.71%,0,0,0,1820,158,14,KRB,RKT,FO,FO,FO,1
Chris Yukine,335,415,Ferret McGivins,1706,892,LGO,477,T1,0,0,0,0,-2.52%,2.52%,0,0,0,1821,159,14,YUM,WWC,LGO,LGO,LGO,1
Shirley Sir,698,450,Ferret McGivins,1706,967,LGO,483,T1,1,0,0,0,-2.52%,2.52%,0,0,0,1821,159,14,YUM,WWC,LGO,LGO,LGO,1
Barney Summers,414,411,Ferret McGivins,1706,181,FO,230,T1,2,0,0,0,-1.74%,1.74%,0,0,0,1821,159,14,YUM,WWC,FO,FO,FO,1
Eli Sasak,607,819,Big Nutty,196,547,K,272,B1,0,0,0,0,-2.73%,2.73%,0,0,0,1822,159,14,WWC,YUM,K,K,FO,1
Jeremy Nakamoto,1787,903,Big Nutty,196,934,2B,31,B1,1,0,0,0,5.40%,-5.40%,0,0,0,1822,159,14,WWC,YUM,2B,2B,2B,1
J.J. Guemes,207,799,Big Nutty,196,287,LGO,488,B1,1,2,0,0,-4.97%,4.97%,0,0,0,1822,159,14,WWC,YUM,LGO,LGO,LGO,1
Ping Pong,530,11,Big Nutty,196,444,LGO,433,B1,2,2,0,0,-4.49%,4.49%,0,0,0,1822,159,14,WWC,YUM,LGO,LGO,RGO,1
Trevor Rose,1725,630,Ferret McGivins,1706,92,LGO,462,T2,0,0,0,0,-2.86%,2.86%,0,0,0,1823,159,14,YUM,WWC,LGO,LGO,LGO,1
Vigolashi Dongeroso,159,279,Ferret McGivins,1706,211,2B,68,T2,1,0,0,0,5.63%,-5.63%,0,0,0,1823,159,14,YUM,WWC,2B,2B,1B,1
Skinny Bear Brown Hill,752,420,Ferret McGivins,1706,674,FO,254,T2,1,2,0,0,-4.71%,4.71%,0,0,0,1823,159,14,YUM,WWC,FO,FO,FO,1
Hingle McCringleberry,257,69,Ferret McGivins,1706,376,K,307,T2,2,2,0,0,-5.35%,5.35%,0,0,0,1823,159,14,YUM,WWC,K,K,K,1
Skippy Schumaker,1843,769,Big Nutty,196,326,RGO,443,B2,0,0,0,0,-2.75%,2.75%,0,0,0,1824,159,14,WWC,YUM,RGO,RGO,RGO,1
Hans Ali,197,333,Big Nutty,196,912,LGO,421,B2,1,0,0,0,-2.68%,2.68%,0,0,0,1824,159,14,WWC,YUM,LGO,LGO,RGO,1
Francis Swagger,610,47,Big Nutty,196,165,1B,118,B2,2,0,0,0,2.05%,-2.05%,0,0,0,1824,159,14,WWC,YUM,1B,1B,1B,1
Henryk Szydlowski,1720,420,Big Nutty,196,699,K,279,B2,2,1,0,0,-3.93%,3.93%,0,0,0,1824,159,14,WWC,YUM,K,K,FO,1
Derek Tombides,580,5,Ferret McGivins,1706,427,RGO,422,T3,0,0,0,0,-3.25%,3.25%,0,0,0,1825,159,14,YUM,WWC,RGO,RGO,RGO,1
ModeratoSevere PlaquePsoriasis,2240,580,Ferret McGivins,1706,246,PO,334,T3,1,0,0,0,-3.05%,3.05%,0,0,0,1825,159,14,YUM,WWC,PO,PO,K,1
Chris Yukine,335,420,Ferret McGivins,1706,101,K,319,T3,2,0,0,0,-2.06%,2.06%,0,0,0,1825,159,14,YUM,WWC,K,K,K,1
Ferret McGivins,1706,740,Big Nutty,196,898,FO,158,B3,0,0,0,0,-3.32%,3.32%,0,0,0,1826,159,14,WWC,YUM,FO,FO,BB,1
Eli Sasak,607,109,Big Nutty,196,265,BB,156,B3,1,0,0,0,3.99%,-3.99%,0,0,0,1826,159,14,WWC,YUM,BB,FO,BB,1
Jeremy Nakamoto,1787,808,Big Nutty,196,451,PO,357,B3,1,1,0,0,-4.73%,4.73%,0,0,0,1826,159,14,WWC,YUM,PO,PO,K,1
J.J. Guemes,207,678,Big Nutty,196,222,LGO,456,B3,2,1,0,0,-4.38%,4.38%,0,0,0,1826,159,14,WWC,YUM,LGO,LGO,LGO,1
Shirley Sir,698,990,Ferret McGivins,1706,787,FO,203,T4,0,0,0,0,-3.87%,3.87%,0,0,0,1827,159,14,YUM,WWC,FO,FO,FO,1
Barney Summers,414,111,Ferret McGivins,1706,582,LGO,471,T4,1,0,0,0,-3.68%,3.68%,0,0,0,1827,159,14,YUM,WWC,LGO,LGO,LGO,1
Trevor Rose,1725,112,Ferret McGivins,1706,603,LGO,491,T4,2,0,0,0,-2.53%,2.53%,0,0,0,1827,159,14,YUM,WWC,LGO,LGO,LGO,1
Roland Kholin,583,501,Big Nutty,196,47,RGO,454,B4,0,0,0,0,-3.93%,3.93%,0,0,0,1828,159,14,WWC,YUM,RGO,RGO,LGO,1
Johnny Hendrix,600,141,Big Nutty,196,776,PO,365,B4,1,0,0,0,-3.43%,3.43%,0,0,0,1828,159,14,WWC,YUM,PO,PO,K,1
Hans Ali,197,,Big Nutty,196,,Auto BB,,B4,2,0,0,0,2.40%,-2.40%,0,1,1,1828,159,14,WWC,YUM,Auto BB,Auto BB,Auto BB,10
Francis Swagger,610,871,Big Nutty,196,909,HR,38,B4,2,1,0,0,29.15%,-29.15%,2,1,1,1828,159,14,WWC,YUM,HR,HR,2B,1
Alex Peters,187,677,Big Nutty,196,763,1B,86,B4,2,0,2,0,0.81%,-0.81%,0,0,0,1828,159,14,WWC,YUM,1B,1B,1B,1
Ferret McGivins,1706,630,Big Nutty,196,190,RGO,440,B4,2,1,2,0,-1.45%,1.45%,0,0,0,1828,159,14,WWC,YUM,RGO,RGO,RGO,1
Vigolashi Dongeroso,159,210,Ferret McGivins,1706,303,1B,93,T5,0,0,2,0,6.84%,-6.84%,0,0,0,1829,159,14,YUM,WWC,1B,1B,1B,1
Skinny Bear Brown Hill,752,888,J.J. Guemes,207,538,K,350,T5,0,1,2,0,-5.21%,5.21%,0,0,0,1829,159,14,YUM,WWC,K,K,K,1
Hingle McCringleberry,257,69,J.J. Guemes,207,583,DP,486,T5,1,1,2,0,-10.56%,10.56%,0,0,0,1829,159,14,YUM,WWC,LGO,LGO,DP,1
Eli Sasak,607,585,Big Nutty,196,314,K,271,B5,0,0,2,0,-0.63%,0.63%,0,0,0,1830,159,14,WWC,YUM,K,K,FO,1
Guido Ligiorno,1830,555,Big Nutty,196,898,PO,343,B5,1,0,2,0,-0.86%,0.86%,0,0,0,1830,159,14,WWC,YUM,PO,PO,K,1
J.J. Guemes,207,300,Big Nutty,196,854,LGO,446,B5,2,0,2,0,-0.47%,0.47%,0,0,0,1830,159,14,WWC,YUM,LGO,LGO,RGO,1
Derek Tombides,580,409,Guido Ligiorno,1830,874,LGO,465,T6,0,0,2,0,-4.18%,4.18%,0,0,0,1831,159,14,YUM,WWC,LGO,LGO,LGO,1
ModeratoSevere PlaquePsoriasis,2240,200,Guido Ligiorno,1830,654,RGO,454,T6,1,0,2,0,-3.65%,3.65%,0,0,0,1831,159,14,YUM,WWC,RGO,RGO,LGO,1
Chris Yukine,335,714,Guido Ligiorno,1830,954,K,240,T6,2,0,2,0,-1.61%,1.61%,0,0,0,1831,159,14,YUM,WWC,K,K,FO,1
"Adrian ""Pudge"" Young",1772,283,Vinny Vega,723,69,K,214,T1,0,0,0,0,-2.52%,2.52%,0,0,0,1832,160,14,TSA,PPP,K,K,FO,1
Dogwood Maple,2220,771,Vinny Vega,723,199,RGO,428,T1,1,0,0,0,-2.52%,2.52%,0,0,0,1832,160,14,TSA,PPP,RGO,RGO,RGO,1
Ethan Franklin,128,921,Vinny Vega,723,123,FO,202,T1,2,0,0,0,-1.74%,1.74%,0,0,0,1832,160,14,TSA,PPP,FO,FO,FO,1
Poop McGee,596,618,Doc Otis,2256,514,BB,104,B1,0,0,0,0,3.55%,-3.55%,0,0,0,1833,160,14,PPP,TSA,BB,BB,1B,1
Poop McGee,596,69,Doc Otis,2256,150,SB,81,B1,0,1,0,0,3.21%,-3.21%,0,0,0,1833,160,14,PPP,TSA,Steal 2B,Steal 2B,SB,4
Legend 27,762,290,Doc Otis,2256,69,FO,221,B1,0,2,0,0,-4.09%,4.09%,0,0,0,1833,160,14,PPP,TSA,FO,FO,FO,1
Snoop E. Dogg,22,318,Doc Otis,2256,44,K,274,B1,1,2,0,0,-4.97%,4.97%,0,0,0,1833,160,14,PPP,TSA,K,K,FO,1
Cam Caminiti,1768,470,Doc Otis,2256,800,K,330,B1,2,2,0,0,-4.49%,4.49%,0,0,0,1833,160,14,PPP,TSA,K,K,K,1
Wonder Francoh,2242,85,Vinny Vega,723,699,RGO,386,T2,0,0,0,0,-2.86%,2.86%,0,0,0,1834,160,14,TSA,PPP,RGO,RGO,PO,1
Lloyd Gross,135,666,Vinny Vega,723,225,LGO,441,T2,1,0,0,0,-2.90%,2.90%,0,0,0,1834,160,14,TSA,PPP,LGO,LGO,RGO,1
Carlos,132,22,Vinny Vega,723,133,BB,111,T2,2,0,0,0,1.99%,-1.99%,0,0,0,1834,160,14,TSA,PPP,BB,BB,1B,1
Batter Buckland,137,85,Vinny Vega,723,501,RGO,416,T2,2,1,0,0,-3.52%,3.52%,0,0,0,1834,160,14,TSA,PPP,RGO,RGO,RGO,1
Larry Longshot,32,220,Doc Otis,2256,902,K,318,B2,0,0,0,0,-2.75%,2.75%,0,0,0,1835,160,14,PPP,TSA,K,K,K,1
Nipsey Slip,529,888,Doc Otis,2256,617,K,271,B2,1,0,0,0,-2.68%,2.68%,0,0,0,1835,160,14,PPP,TSA,K,K,FO,1
Sticky Mickey Mantle,2236,944,Doc Otis,2256,783,FO,161,B2,2,0,0,0,-1.88%,1.88%,0,0,0,1835,160,14,PPP,TSA,FO,FO,BB,1
Petra Sabor,149,777,Vinny Vega,723,514,FO,263,T3,0,0,0,0,-3.25%,3.25%,0,0,0,1836,160,14,TSA,PPP,FO,FO,FO,1
Hayden McCloud,129,156,Vinny Vega,723,257,1B,101,T3,1,0,0,0,3.77%,-3.77%,0,0,0,1836,160,14,TSA,PPP,1B,1B,1B,1
"Adrian ""Pudge"" Young",1772,530,Vinny Vega,723,33,DP,497,T3,1,1,0,0,-8.88%,8.88%,0,0,0,1836,160,14,TSA,PPP,LGO,LGO,DP,1
Vinny Vega,723,69,Doc Otis,2256,145,1B,76,B3,0,0,0,0,4.52%,-4.52%,0,0,0,1837,160,14,PPP,TSA,1B,1B,1B,1
Juni Panda,488,69,Doc Otis,2256,580,DP,489,B3,0,1,0,0,-10.64%,10.64%,0,0,0,1837,160,14,PPP,TSA,LGO,LGO,DP,1
Poop McGee,596,11,Doc Otis,2256,764,K,247,B3,2,0,0,0,-2.32%,2.32%,0,0,0,1837,160,14,PPP,TSA,K,K,FO,1
Dogwood Maple,2220,387,Vinny Vega,723,439,2B,52,T4,0,0,0,0,10.22%,-10.22%,0,0,0,1838,160,14,TSA,PPP,2B,2B,2B,1
Ethan Franklin,128,,Vinny Vega,723,,Auto K,,T4,0,2,0,0,-7.24%,7.24%,0,0,0,1838,160,14,TSA,PPP,Auto K,Auto K,Auto K,9
Wonder Francoh,2242,282,Vinny Vega,723,577,K,295,T4,1,2,0,0,-5.73%,5.73%,0,0,0,1838,160,14,TSA,PPP,K,K,K,1
Lloyd Gross,135,869,Vinny Vega,723,302,RGO,433,T4,2,2,0,0,-7.33%,7.33%,0,0,0,1838,160,14,TSA,PPP,RGO,RGO,RGO,1
Legend 27,762,399,Doc Otis,2256,819,RGO,420,B4,0,0,0,0,-3.93%,3.93%,0,0,0,1839,160,14,PPP,TSA,RGO,RGO,RGO,1
Snoop E. Dogg,22,100,Doc Otis,2256,275,FO,175,B4,1,0,0,0,-3.43%,3.43%,0,0,0,1839,160,14,PPP,TSA,FO,FO,BB,1
Cam Caminiti,1768,428,Doc Otis,2256,330,BB,98,B4,2,0,0,0,2.40%,-2.40%,0,0,0,1839,160,14,PPP,TSA,BB,BB,1B,1
Larry Longshot,32,945,Doc Otis,2256,217,K,272,B4,2,1,0,0,-5.11%,5.11%,0,0,0,1839,160,14,PPP,TSA,K,K,FO,1
Carlos,132,169,Vinny Vega,723,943,FO,226,T5,0,0,0,0,-4.71%,4.71%,0,0,0,1840,160,14,TSA,PPP,FO,FO,FO,1
Batter Buckland,137,12,Vinny Vega,723,586,RGO,426,T5,1,0,0,0,-4.48%,4.48%,0,0,0,1840,160,14,TSA,PPP,RGO,RGO,RGO,1
Petra Sabor,149,222,Vinny Vega,723,777,RGO,445,T5,2,0,0,0,-3.26%,3.26%,0,0,0,1840,160,14,TSA,PPP,RGO,LGO,RGO,1
Nipsey Slip,529,500,Doc Otis,2256,941,RGO,441,B5,0,0,0,0,-4.39%,4.39%,0,0,0,1841,160,14,PPP,TSA,RGO,RGO,RGO,1
Sini Alexander,605,843,Doc Otis,2256,249,RGO,406,B5,1,0,0,0,-4.77%,4.77%,0,0,0,1841,160,14,PPP,TSA,RGO,RGO,RGO,1
Vinny Vega,723,333,Doc Otis,2256,406,1B,73,B5,2,0,0,0,3.22%,-3.22%,0,0,0,1841,160,14,PPP,TSA,1B,1B,1B,1
Vinny Vega,723,711,Doc Otis,2256,758,SB,47,B5,2,1,0,0,2.76%,-2.76%,0,0,0,1841,160,14,PPP,TSA,Steal 2B,Steal 2B,SB,4
Juni Panda,488,1,Doc Otis,2256,514,LGO,487,B5,2,2,0,0,-9.02%,9.02%,0,0,0,1841,160,14,PPP,TSA,LGO,LGO,LGO,1
Hayden McCloud,129,9,Vinny Vega,723,5,HR,4,T6,0,0,0,0,30.85%,-30.85%,1,1,1,1842,160,14,TSA,PPP,HR,HR,HR,1
"Adrian ""Pudge"" Young",1772,271,Vinny Vega,723,610,RGO,339,T6,0,0,0,1,-2.38%,2.38%,0,0,0,1842,160,14,TSA,PPP,RGO,RGO,K,1
Dogwood Maple,2220,222,Vinny Vega,723,802,RGO,420,T6,1,0,0,1,-1.97%,1.97%,0,0,0,1842,160,14,TSA,PPP,RGO,RGO,RGO,1
Ethan Franklin,128,69,Vinny Vega,723,333,FO,264,T6,2,0,0,1,-1.52%,1.52%,0,0,0,1842,160,14,TSA,PPP,FO,K,FO,1
Poop McGee,596,856,Doc Otis,2256,840,HR,16,B6,0,0,0,1,41.78%,-41.78%,1,1,1,1843,160,14,PPP,TSA,HR,HR,HR,1
Deku Matsui,570,318,Doc Otis,2256,840,LGO,478,B6,0,0,1,1,-6.12%,6.12%,0,0,0,1843,160,14,PPP,TSA,LGO,LGO,LGO,1
Snoop E. Dogg,22,731,Doc Otis,2256,12,K,281,B6,1,0,1,1,-5.87%,5.87%,0,0,0,1843,160,14,PPP,TSA,K,K,FO,1
Cam Caminiti,1768,870,Doc Otis,2256,747,BB,123,B6,2,0,1,1,4.06%,-4.06%,0,0,0,1843,160,14,PPP,TSA,BB,BB,1B,1
Cam Caminiti,1768,666,Doc Otis,2256,370,CS,296,B6,2,1,1,1,-8.87%,8.87%,0,0,0,1843,160,14,PPP,TSA,CS 2B,CS 2B,CS,4
Dirk Digglet,2206,700,Demetrios Ooga,180,369,RGO,331,T1,0,0,0,0,-2.52%,2.52%,0,0,0,1844,161,14,ISO,GBC,RGO,RGO,K,1
Randy Townsend,648,,Demetrios Ooga,180,,Auto K,,T1,1,0,0,0,-2.52%,2.52%,0,0,0,1844,161,14,ISO,GBC,Auto K,Auto K,Auto K,9
Mike Oxlong,230,111,Demetrios Ooga,180,869,K,242,T1,2,0,0,0,-1.74%,1.74%,0,0,0,1844,161,14,ISO,GBC,K,K,FO,1
Matt Conzo,727,905,Bob Dobby,1736,112,FO,207,B1,0,0,0,0,-2.73%,2.73%,0,0,0,1845,161,14,GBC,ISO,FO,FO,FO,1
Whitt Bass,39,,Bob Dobby,1736,,Auto K,,B1,1,0,0,0,-2.27%,2.27%,0,0,0,1845,161,14,GBC,ISO,Auto K,Auto K,Auto K,9
Demetrios Ooga,180,100,Bob Dobby,1736,801,PO,299,B1,2,0,0,0,-1.79%,1.79%,0,0,0,1845,161,14,GBC,ISO,PO,PO,K,1
Mantis Toboggan,1802,420,Demetrios Ooga,180,555,BB,135,T2,0,0,0,0,4.19%,-4.19%,0,0,0,1846,161,14,ISO,GBC,BB,BB,1B,1
Monty Johnson,557,211,Demetrios Ooga,180,420,FO,209,T2,0,1,0,0,-3.28%,3.28%,0,0,0,1846,161,14,ISO,GBC,FO,FO,FO,1
Sweet Bobby Dangles Jr,1748,650,Demetrios Ooga,180,722,2B,72,T2,1,1,0,0,11.06%,-11.06%,0,0,0,1846,161,14,ISO,GBC,2B,2B,1B,1
Bingo Hammersmith,639,123,Demetrios Ooga,180,500,RGO,377,T2,1,6,0,0,-9.88%,9.88%,0,0,0,1846,161,14,ISO,GBC,RGO,RGO,K,2
Speedo Meter,675,500,Demetrios Ooga,180,945,LGO,445,T2,2,6,0,0,-9.38%,9.38%,0,0,0,1846,161,14,ISO,GBC,LGO,LGO,RGO,1
BEST Nova,191,216,Bob Dobby,1736,789,PO,427,B2,0,0,0,0,-2.75%,2.75%,0,0,0,1847,161,14,GBC,ISO,PO,PO,RGO,1
Bench Warmer,665,980,Bob Dobby,1736,666,PO,314,B2,1,0,0,0,-2.68%,2.68%,0,0,0,1847,161,14,GBC,ISO,PO,PO,K,1
Joe Watson,194,420,Bob Dobby,1736,101,PO,319,B2,2,0,0,0,-1.88%,1.88%,0,0,0,1847,161,14,GBC,ISO,PO,PO,K,1
Bob Dobby,1736,394,Demetrios Ooga,180,69,RGO,325,T3,0,0,0,0,-3.25%,3.25%,0,0,0,1848,161,14,ISO,GBC,RGO,RGO,K,1
Dirk Digglet,2206,569,Demetrios Ooga,180,500,1B,69,T3,1,0,0,0,3.77%,-3.77%,0,0,0,1848,161,14,ISO,GBC,1B,1B,1B,1
Dirk Digglet,2206,469,Demetrios Ooga,180,569,SB,100,T3,1,1,0,0,2.36%,-2.36%,0,0,0,1848,161,14,ISO,GBC,Steal 2B,Steal 2B,SB,4
Randy Townsend,648,,Demetrios Ooga,180,,Auto K,,T3,1,2,0,0,-5.21%,5.21%,0,0,0,1848,161,14,ISO,GBC,Auto K,Auto K,Auto K,9
Mike Oxlong,230,538,Demetrios Ooga,180,369,FO,169,T3,2,2,0,0,-6.03%,6.03%,0,0,0,1848,161,14,ISO,GBC,FO,FO,BB,1
Mattress Cadaire,116,222,Bob Dobby,1736,999,FO,223,B3,0,0,0,0,-3.32%,3.32%,0,0,0,1849,161,14,GBC,ISO,FO,FO,FO,1
Beeg Yoshi,1718,69,Bob Dobby,1736,404,PO,335,B3,1,0,0,0,-2.80%,2.80%,0,0,0,1849,161,14,GBC,ISO,PO,PO,K,1
Javier Tootblan,192,834,Bob Dobby,1736,880,2B,46,B3,2,0,0,0,3.74%,-3.74%,0,0,0,1849,161,14,GBC,ISO,2B,2B,2B,1
Matt Conzo,727,770,Bob Dobby,1736,234,RGO,464,B3,2,2,0,0,-6.06%,6.06%,0,0,0,1849,161,14,GBC,ISO,RGO,RGO,LGO,1
Mantis Toboggan,1802,2,Demetrios Ooga,180,1000,HR,2,T4,0,0,0,0,16.26%,-16.26%,1,1,1,1850,161,14,ISO,GBC,HR,HR,HR,1
Monty Johnson,557,916,Demetrios Ooga,180,502,LGO,414,T4,0,0,0,1,-2.65%,2.65%,0,0,0,1850,161,14,ISO,GBC,LGO,LGO,RGO,1
Sweet Bobby Dangles Jr,1748,912,Demetrios Ooga,180,501,LGO,411,T4,1,0,0,1,-2.58%,2.58%,0,0,0,1850,161,14,ISO,GBC,LGO,LGO,RGO,1
Bingo Hammersmith,639,123,Demetrios Ooga,180,277,BB,154,T4,2,0,0,1,1.93%,-1.93%,0,1,1,1850,161,14,ISO,GBC,BB,BB,BB,1
Speedo Meter,675,865,Demetrios Ooga,180,729,1B,136,T4,2,1,0,1,2.96%,-2.96%,0,0,0,1850,161,14,ISO,GBC,1B,1B,1B,1
Bob Dobby,1736,123,Demetrios Ooga,180,927,BB,196,T4,2,5,0,1,3.21%,-3.21%,0,0,0,1850,161,14,ISO,GBC,BB,FO,FO,1
Dirk Digglet,2206,69,Demetrios Ooga,180,246,BB,177,T4,2,7,0,1,10.47%,-10.47%,1,0,0,1850,161,14,ISO,GBC,BB,FO,BB,1
Jeffrey Nolan,35,789,Demetrios Ooga,180,69,K,280,T4,2,7,0,2,-6.41%,6.41%,0,0,0,1850,161,14,ISO,GBC,K,K,FO,1
Whitt Bass,39,750,Bob Dobby,1736,778,2B,28,B4,0,0,0,2,9.75%,-9.75%,0,0,0,1851,161,14,GBC,ISO,2B,2B,3B,1
Demetrios Ooga,180,277,Bob Dobby,1736,123,BB,154,B4,0,2,0,2,6.98%,-6.98%,0,0,0,1851,161,14,GBC,ISO,BB,BB,BB,1
BEST Nova,191,911,Bob Dobby,1736,333,PO,422,B4,0,4,0,2,-7.38%,7.38%,0,0,0,1851,161,14,GBC,ISO,PO,PO,DP,1
Bench Warmer,665,567,Bob Dobby,1736,333,K,234,B4,1,4,0,2,-9.95%,9.95%,0,0,0,1851,161,14,GBC,ISO,K,K,FO,1
Joe Watson,194,666,Bob Dobby,1736,1,PO,335,B4,2,4,0,2,-9.45%,9.45%,0,0,0,1851,161,14,GBC,ISO,PO,PO,K,1
Mike Oxlong,230,911,Demetrios Ooga,180,869,2B,42,T5,0,0,0,2,4.00%,-4.00%,0,1,1,1852,161,14,ISO,GBC,2B,2B,2B,1
Mantis Toboggan,1802,312,Demetrios Ooga,180,369,2B,57,T5,0,2,0,2,6.05%,-6.05%,1,1,1,1852,161,14,ISO,GBC,2B,2B,2B,1
Monty Johnson,557,901,Demetrios Ooga,180,569,RGO,332,T5,0,2,0,3,0.07%,-0.07%,0,0,0,1852,161,14,ISO,GBC,RGO,RGO,K,1
Sweet Bobby Dangles Jr,1748,1,Demetrios Ooga,180,150,BB,149,T5,1,3,0,3,0.56%,-0.56%,0,1,1,1852,161,14,ISO,GBC,BB,FO,BB,1
Bingo Hammersmith,639,777,Demetrios Ooga,180,800,2B,23,T5,1,5,0,3,3.27%,-3.27%,1,1,1,1852,161,14,ISO,GBC,2B,3B,HR,1
Speedo Meter,675,69,Demetrios Ooga,180,800,K,269,T5,1,6,0,4,-1.92%,1.92%,0,0,0,1852,161,14,ISO,GBC,K,K,Sac,1
Bob Dobby,1736,678,Demetrios Ooga,180,800,1B,122,T5,2,6,0,4,3.07%,-3.07%,2,0,0,1852,161,14,ISO,GBC,1B,1B,1B,1
Dirk Digglet,2206,819,Demetrios Ooga,180,69,K,250,T5,2,1,0,6,-0.18%,0.18%,0,0,0,1852,161,14,ISO,GBC,K,K,FO,1
Mattress Cadaire,116,501,Bob Dobby,1736,222,K,279,B5,0,0,0,6,-0.77%,0.77%,0,0,0,1853,161,14,GBC,ISO,K,K,FO,1
Beeg Yoshi,1718,778,Bob Dobby,1736,707,1B,71,B5,1,0,0,6,0.82%,-0.82%,0,0,0,1853,161,14,GBC,ISO,1B,1B,1B,1
Javier Tootblan,192,115,Bob Dobby,1736,404,PO,289,B5,1,1,0,6,-1.15%,1.15%,0,0,0,1853,161,14,GBC,ISO,PO,PO,K,1
Matt Conzo,727,995,Bob Dobby,1736,707,K,288,B5,2,1,0,6,-0.26%,0.26%,0,0,0,1853,161,14,GBC,ISO,K,K,K,1
Jeffrey Nolan,35,121,Demetrios Ooga,180,300,FO,179,T6,0,0,0,6,-0.01%,0.01%,0,0,0,1854,161,14,ISO,GBC,FO,FO,FO,1
Mike Oxlong,230,538,Demetrios Ooga,180,300,K,238,T6,1,0,0,6,-0.07%,0.07%,0,0,0,1854,161,14,ISO,GBC,K,K,FO,1
Mantis Toboggan,1802,789,Demetrios Ooga,180,569,FO,220,T6,2,0,0,6,-0.07%,0.07%,0,0,0,1854,161,14,ISO,GBC,FO,FO,FO,1
Whitt Bass,39,640,Bob Dobby,1736,1000,PO,360,B6,0,0,0,6,-0.38%,0.38%,0,0,0,1855,161,14,GBC,ISO,PO,PO,K,1
Demetrios Ooga,180,460,Bob Dobby,1736,112,PO,348,B6,1,0,0,6,-0.18%,0.18%,0,0,0,1855,161,14,GBC,ISO,PO,PO,K,1
BEST Nova,191,357,Bob Dobby,1736,200,BB,157,B6,2,0,0,6,0.06%,-0.06%,0,0,0,1855,161,14,GBC,ISO,BB,BB,BB,1
Bench Warmer,665,912,Bob Dobby,1736,999,1B,87,B6,2,1,0,6,0.10%,-0.10%,0,0,0,1855,161,14,GBC,ISO,1B,1B,1B,1
Joe Watson,194,877,Bob Dobby,1736,999,BB,122,B6,2,5,0,6,1.26%,-1.26%,0,0,0,1855,161,14,GBC,ISO,BB,BB,1B,1
Mattress Cadaire,116,7,Bob Dobby,1736,666,PO,341,B6,2,7,0,6,-1.45%,1.45%,0,0,0,1855,161,14,GBC,ISO,PO,PO,K,1
Revan Skywalker,479,886,Layzer Gunn,259,321,LGO,435,T1,0,0,0,0,-2.52%,2.52%,0,0,0,1856,162,14,GTY,SPR,LGO,LGO,RGO,1
Maddie Williams,2213,37,Layzer Gunn,259,88,2B,51,T1,1,0,0,0,4.48%,-4.48%,0,1,1,1856,162,14,GTY,SPR,2B,2B,2B,1
Moose McCracken,308,671,Layzer Gunn,259,888,FO,217,T1,1,2,0,0,-4.16%,4.16%,0,0,0,1856,162,14,GTY,SPR,FO,FO,FO,1
Aidan Myers,1960,650,Layzer Gunn,259,715,2B,65,T1,2,2,0,0,11.18%,-11.18%,1,1,1,1856,162,14,GTY,SPR,2B,2B,1B,1
Shogun Of Harlem,1762,999,Layzer Gunn,259,913,1B,86,T1,2,2,0,1,8.96%,-8.96%,1,0,0,1856,162,14,GTY,SPR,1B,1B,1B,1
Jonny Mac,1698,150,Layzer Gunn,259,757,RGO,393,T1,2,1,0,2,-2.81%,2.81%,0,0,0,1856,162,14,GTY,SPR,RGO,RGO,PO,1
Nori Aru,131,818,Dylan Green,305,380,LGO,438,B1,0,0,0,2,-2.78%,2.78%,0,0,0,1857,162,14,SPR,GTY,LGO,LGO,RGO,1
Oliver Skipp,260,560,Dylan Green,305,127,RGO,433,B1,1,0,0,2,-2.64%,2.64%,0,0,0,1857,162,14,SPR,GTY,RGO,RGO,RGO,1
Trevor Mouseman,559,757,Dylan Green,305,13,FO,256,B1,2,0,0,2,-1.53%,1.53%,0,0,0,1857,162,14,SPR,GTY,FO,FO,FO,1
Johnnie Twofingers,502,,Layzer Gunn,259,,Auto BB,,T2,0,0,0,2,2.42%,-2.42%,0,1,1,1858,162,14,GTY,SPR,Auto BB,Auto BB,Auto BB,10
Grigury Polinko,452,140,Layzer Gunn,259,274,1B,134,T2,0,1,0,2,4.52%,-4.52%,0,0,0,1858,162,14,GTY,SPR,1B,1B,1B,1
Sarah Curvingsworth,1705,456,Layzer Gunn,259,349,1B,107,T2,0,4,0,2,5.42%,-5.42%,0,0,0,1858,162,14,GTY,SPR,1B,1B,1B,1
Revan Skywalker,479,133,Layzer Gunn,259,849,DP,284,T2,0,7,0,2,-4.32%,4.32%,0,0,0,1858,162,14,GTY,SPR,RGO,RGO,Sac,1
Cole Schmole,654,1,Layzer Gunn,259,567,LGO,434,T2,2,3,0,3,-3.49%,3.49%,0,0,0,1858,162,14,GTY,SPR,LGO,LGO,RGO,1
Layzer Gunn,259,135,Dylan Green,305,808,K,327,B2,0,0,0,3,-2.83%,2.83%,0,0,0,1859,162,14,SPR,GTY,K,K,K,1
Pete Wheeler,783,532,Dylan Green,305,505,HR,27,B2,1,0,0,3,9.36%,-9.36%,1,1,1,1859,162,14,SPR,GTY,HR,HR,3B,1
Che Or,1759,909,Dylan Green,305,711,FO,198,B2,1,0,1,3,-2.95%,2.95%,0,0,0,1859,162,14,SPR,GTY,FO,FO,FO,1
Tyrone Jennings,256,430,Dylan Green,305,198,FO,232,B2,2,0,1,3,-1.52%,1.52%,0,0,0,1859,162,14,SPR,GTY,FO,FO,FO,1
Moose McCracken,308,880,Layzer Gunn,259,523,RGO,357,T3,0,0,1,3,-1.80%,1.80%,0,0,0,1860,162,14,GTY,SPR,RGO,RGO,K,1
Aidan Myers,1960,420,Layzer Gunn,259,255,FO,165,T3,1,0,1,3,-1.92%,1.92%,0,0,0,1860,162,14,GTY,SPR,FO,FO,BB,1
Shogun Of Harlem,1762,638,Layzer Gunn,259,623,HR,15,T3,2,0,1,3,9.77%,-9.77%,1,1,1,1860,162,14,GTY,SPR,HR,HR,HR,1
Jonny Mac,1698,600,Layzer Gunn,259,811,FO,211,T3,2,0,1,4,-0.95%,0.95%,0,0,0,1860,162,14,GTY,SPR,FO,FO,FO,1
Tommy Tightpants,1778,600,Dylan Green,305,620,HR,20,B3,0,0,1,4,10.19%,-10.19%,1,1,1,1861,162,14,SPR,GTY,HR,HR,HR,1
Dirk Leschnewski,1781,175,Dylan Green,305,13,FO,162,B3,0,0,2,4,-3.78%,3.78%,0,0,0,1861,162,14,SPR,GTY,FO,FO,BB,1
Nori Aru,131,769,Dylan Green,305,470,FO,299,B3,1,0,2,4,-2.85%,2.85%,0,0,0,1861,162,14,SPR,GTY,FO,K,K,1
Oliver Skipp,260,769,Dylan Green,305,770,HR,1,B3,2,0,2,4,12.02%,-12.02%,1,1,1,1861,162,14,SPR,GTY,HR,HR,HR,1
Trevor Mouseman,559,150,Dylan Green,305,234,1B,84,B3,2,0,3,4,2.56%,-2.56%,0,0,0,1861,162,14,SPR,GTY,1B,1B,1B,1
Layzer Gunn,259,38,Dylan Green,305,535,LGO,497,B3,2,1,3,4,-4.84%,4.84%,0,0,0,1861,162,14,SPR,GTY,LGO,LGO,LGO,1
Johnnie Twofingers,502,880,Layzer Gunn,259,974,1B,94,T4,0,0,3,4,3.74%,-3.74%,0,0,0,1862,162,14,GTY,SPR,1B,1B,1B,1
Johnnie Twofingers,502,563,Layzer Gunn,259,245,CS,318,T4,0,1,3,4,-6.39%,6.39%,0,0,0,1862,162,14,GTY,SPR,CS 2B,CS 2B,CS,4
Grigury Polinko,452,800,Layzer Gunn,259,12,FO,212,T4,1,0,3,4,-2.58%,2.58%,0,0,0,1862,162,14,GTY,SPR,FO,FO,FO,1
Sarah Curvingsworth,1705,327,Layzer Gunn,259,646,RGO,319,T4,2,0,3,4,-1.93%,1.93%,0,0,0,1862,162,14,GTY,SPR,RGO,RGO,K,1
Pete Wheeler,783,789,Dylan Green,305,470,PO,319,B4,0,0,3,4,-4.80%,4.80%,0,0,0,1863,162,14,SPR,GTY,PO,PO,K,1
Che Or,1759,327,Dylan Green,305,555,FO,228,B4,1,0,3,4,-4.17%,4.17%,0,0,0,1863,162,14,SPR,GTY,FO,FO,FO,1
Tyrone Jennings,256,1,Dylan Green,305,13,HR,12,B4,2,0,3,4,20.79%,-20.79%,1,1,1,1863,162,14,SPR,GTY,HR,HR,HR,1
Tommy Tightpants,1778,,Aidan Myers,1960,,Auto K,,B4,2,0,4,4,-2.71%,2.71%,0,0,0,1863,162,14,SPR,GTY,Auto K,Auto K,Auto K,9
Revan Skywalker,479,823,Layzer Gunn,259,546,PO,277,T5,0,0,4,4,-4.71%,4.71%,0,0,0,1864,162,14,GTY,SPR,PO,RGO,FO,1
Cole Schmole,654,420,Layzer Gunn,259,933,LGO,487,T5,1,0,4,4,-4.48%,4.48%,0,0,0,1864,162,14,GTY,SPR,LGO,LGO,LGO,1
Moose McCracken,308,500,Layzer Gunn,259,328,BB,172,T5,2,0,4,4,2.93%,-2.93%,0,0,0,1864,162,14,GTY,SPR,BB,FO,BB,1
Aidan Myers,1960,650,Layzer Gunn,259,303,RGO,347,T5,2,1,4,4,-6.19%,6.19%,0,0,0,1864,162,14,GTY,SPR,RGO,RGO,K,1
Dirk Leschnewski,1781,160,Aidan Myers,1960,216,2B,56,B5,0,0,4,4,11.42%,-11.42%,0,1,1,1865,162,14,SPR,GTY,2B,2B,2B,1
Nori Aru,131,624,Aidan Myers,1960,536,1B,88,B5,0,2,4,4,12.45%,-12.45%,0,1,1,1865,162,14,SPR,GTY,1B,1B,1B,1
Oliver Skipp,260,813,Aidan Myers,1960,484,K,329,B5,0,5,4,4,-6.29%,6.29%,0,0,0,1865,162,14,SPR,GTY,K,K,K,1
Trevor Mouseman,559,833,Aidan Myers,1960,826,3B,7,B5,1,5,4,4,15.42%,-15.42%,2,1,1,1865,162,14,SPR,GTY,3B,3B,HR,1
Layzer Gunn,259,264,Aidan Myers,1960,649,K,385,B5,1,3,6,4,-3.09%,3.09%,0,0,0,1865,162,14,SPR,GTY,K,PO,PO,1
Pete Wheeler,783,420,Aidan Myers,1960,385,2B,35,B5,2,3,6,4,4.27%,-4.27%,1,0,0,1865,162,14,SPR,GTY,2B,2B,2B,1
Che Or,1759,69,Aidan Myers,1960,690,PO,379,B5,2,2,7,4,-1.15%,1.15%,0,0,0,1865,162,14,SPR,GTY,PO,PO,PO,1
Shogun Of Harlem,1762,382,Layzer Gunn,259,868,LGO,486,T6,0,0,7,4,-2.36%,2.36%,0,0,0,1866,162,14,GTY,SPR,LGO,LGO,LGO,1
Jonny Mac,1698,,Layzer Gunn,259,,Auto K,,T6,1,0,7,4,-1.65%,1.65%,0,0,0,1866,162,14,GTY,SPR,Auto K,Auto K,Auto K,9
Johnnie Twofingers,502,627,Layzer Gunn,259,479,BB,148,T6,2,0,7,4,1.31%,-1.31%,0,0,0,1866,162,14,GTY,SPR,BB,BB,BB,1
Grigury Polinko,452,141,Layzer Gunn,259,13,1B,128,T6,2,1,7,4,3.60%,-3.60%,0,0,0,1866,162,14,GTY,SPR,1B,1B,1B,1
Sarah Curvingsworth,1705,777,Layzer Gunn,259,40,K,263,T6,2,5,7,4,-5.45%,5.45%,0,0,0,1866,162,14,GTY,SPR,K,K,FO,1
Rickey Tucker,163,327,Rey Revanchist,776,252,1B,75,T1,0,0,0,0,3.67%,-3.67%,0,0,1,1867,163,14,LMN,TAI,1B,1B,1B,1
Rickey Tucker,163,602,Rey Revanchist,776,327,SB,275,T1,0,1,0,0,3.11%,-3.11%,0,1,0,1867,163,14,LMN,TAI,Steal 2B,Steal 2B,SB,4
Tucker Doubt,567,,Rey Revanchist,776,,IBB,,T1,0,2,0,0,4.03%,-4.03%,0,1,1,1867,163,14,LMN,TAI,IBB,IBB,IBB,8
Larry Longshot,32,642,Rey Revanchist,776,777,BB,135,T1,0,4,0,0,6.23%,-6.23%,0,1,1,1867,163,14,LMN,TAI,BB,BB,1B,1
Haydn Werfer,392,542,Rey Revanchist,776,569,3B,27,T1,0,7,0,0,16.31%,-16.31%,3,0,0,1867,163,14,LMN,TAI,3B,3B,3B,1
Isaac Snowbender,339,880,Rey Revanchist,776,277,PO,397,T1,0,3,0,3,-0.81%,0.81%,0,0,0,1867,163,14,LMN,TAI,PO,RGO,PO,1
Dirtbag Darrell,262,500,Rey Revanchist,776,900,PO,400,T1,1,3,0,3,-4.73%,4.73%,0,0,0,1867,163,14,LMN,TAI,PO,PO,RGO,1
Superbone Threefinger,413,630,Rey Revanchist,776,800,BB,170,T1,2,3,0,3,0.24%,-0.24%,0,0,0,1867,163,14,LMN,TAI,BB,BB,BB,1
Birdman,393,2,Rey Revanchist,776,240,FO,238,T1,2,5,0,3,-3.78%,3.78%,0,0,0,1867,163,14,LMN,TAI,FO,FO,FO,1
James Jameson LXIX,1722,187,Holden Summers,10,969,FO,218,B1,0,0,0,3,-2.64%,2.64%,0,0,0,1868,163,14,TAI,LMN,FO,FO,FO,1
Willians Adobestudio,2260,641,Holden Summers,10,792,BB,151,B1,1,0,0,3,4.21%,-4.21%,0,0,0,1868,163,14,TAI,LMN,BB,BB,BB,1
Not From Wisconsin,2222,318,Holden Summers,10,241,2B,77,B1,1,1,0,3,9.30%,-9.30%,0,0,0,1868,163,14,TAI,LMN,2B,2B,1B,1
Kev Biffington,2276,587,Holden Summers,10,904,K,317,B1,1,6,0,3,-6.07%,6.07%,0,0,0,1868,163,14,TAI,LMN,K,K,K,1
Sam Smith,158,291,Holden Summers,10,828,LGO,463,B1,2,6,0,3,-11.15%,11.15%,0,0,0,1868,163,14,TAI,LMN,LGO,LGO,LGO,1
Skye McDowell,264,623,Rey Revanchist,776,27,RGO,404,T2,0,0,0,3,-1.47%,1.47%,0,0,0,1869,163,14,LMN,TAI,RGO,RGO,RGO,1
Rickey Tucker,163,327,Rey Revanchist,776,160,BB,167,T2,1,0,0,3,1.36%,-1.36%,0,0,0,1869,163,14,LMN,TAI,BB,FO,BB,1
Rickey Tucker,163,529,Rey Revanchist,776,850,CS,321,T2,1,1,0,3,-2.69%,2.69%,0,0,0,1869,163,14,LMN,TAI,CS 2B,CS 2B,CS,4
Tucker Doubt,567,610,Rey Revanchist,776,500,1B,110,T2,2,0,0,3,0.39%,-0.39%,0,0,0,1869,163,14,LMN,TAI,1B,1B,1B,1
Larry Longshot,32,121,Rey Revanchist,776,925,FO,196,T2,2,1,0,3,-1.58%,1.58%,0,0,0,1869,163,14,LMN,TAI,FO,FO,FO,1
Theodora DiBiaserunner,497,121,Holden Summers,10,541,RGO,420,B2,0,0,0,3,-2.83%,2.83%,0,0,0,1870,163,14,TAI,LMN,RGO,RGO,RGO,1
Viktor Patterson,705,777,Holden Summers,10,25,FO,248,B2,1,0,0,3,-2.43%,2.43%,0,0,0,1870,163,14,TAI,LMN,FO,FO,FO,1
ViktRon Swanson,651,69,Holden Summers,10,211,BB,142,B2,2,0,0,3,1.85%,-1.85%,0,0,0,1870,163,14,TAI,LMN,BB,BB,BB,1
Jacky Wacky,702,880,Holden Summers,10,349,LGO,469,B2,2,1,0,3,-3.20%,3.20%,0,0,0,1870,163,14,TAI,LMN,LGO,LGO,LGO,1
Haydn Werfer,392,951,Tyler Pylon,778,200,FO,249,T3,0,0,0,3,-1.17%,1.17%,0,0,0,1871,163,14,LMN,TAI,FO,FO,FO,1
Isaac Snowbender,339,15,Tyler Pylon,778,200,FO,185,T3,1,0,0,3,-1.45%,1.45%,0,0,0,1871,163,14,LMN,TAI,FO,FO,FO,1
Dirtbag Darrell,262,666,Tyler Pylon,778,900,FO,234,T3,2,0,0,3,-0.95%,0.95%,0,0,0,1871,163,14,LMN,TAI,FO,FO,FO,1
James Jameson LXIX,1722,777,Holden Summers,10,178,RGO,401,B3,0,0,0,3,-2.97%,2.97%,0,0,0,1872,163,14,TAI,LMN,RGO,RGO,RGO,1
Willians Adobestudio,2260,967,Holden Summers,10,931,HR,36,B3,1,0,0,3,9.38%,-9.38%,1,1,1,1872,163,14,TAI,LMN,HR,3B,2B,1
Not From Wisconsin,2222,743,Holden Summers,10,360,PO,383,B3,1,0,1,3,-2.85%,2.85%,0,0,0,1872,163,14,TAI,LMN,PO,PO,PO,1
Kev Biffington,2276,702,Holden Summers,10,697,HR,5,B3,2,0,1,3,12.02%,-12.02%,1,1,1,1872,163,14,TAI,LMN,HR,HR,HR,1
Sam Smith,158,834,Holden Summers,10,572,FO,262,B3,2,0,2,3,-2.28%,2.28%,0,0,0,1872,163,14,TAI,LMN,FO,FO,FO,1
Superbone Threefinger,413,500,Tyler Pylon,778,777,FO,277,T4,0,0,2,3,-2.65%,2.65%,0,0,0,1873,163,14,LMN,TAI,FO,FO,FO,1
Birdman,393,331,Tyler Pylon,778,217,1B,114,T4,1,0,2,3,3.04%,-3.04%,0,0,0,1873,163,14,LMN,TAI,1B,1B,1B,1
Skye McDowell,264,592,Tyler Pylon,778,1000,DP,408,T4,1,1,2,3,-7.55%,7.55%,0,0,0,1873,163,14,LMN,TAI,RGO,RGO,DP,1
Theodora DiBiaserunner,497,979,Holden Summers,10,186,FO,207,B4,0,0,2,3,-4.80%,4.80%,0,0,0,1874,163,14,TAI,LMN,FO,FO,FO,1
Viktor Patterson,705,777,Holden Summers,10,309,LGO,468,B4,1,0,2,3,-4.17%,4.17%,0,0,0,1874,163,14,TAI,LMN,LGO,LGO,LGO,1
ViktRon Swanson,651,693,Holden Summers,10,253,RGO,440,B4,2,0,2,3,-3.35%,3.35%,0,0,0,1874,163,14,TAI,LMN,RGO,RGO,RGO,1
Rickey Tucker,163,401,Tyler Pylon,778,40,K,361,T5,0,0,2,3,-3.05%,3.05%,0,0,0,1875,163,14,LMN,TAI,K,PO,K,1
Tucker Doubt,567,840,Tyler Pylon,778,717,BB,123,T5,1,0,2,3,3.54%,-3.54%,0,1,1,1875,163,14,LMN,TAI,BB,BB,1B,1
Larry Longshot,32,547,Tyler Pylon,778,480,2B,67,T5,1,1,2,3,11.42%,-11.42%,0,1,1,1875,163,14,LMN,TAI,2B,2B,1B,1
Haydn Werfer,392,69,Duke Silver,602,195,1B,126,T5,1,6,2,3,5.25%,-5.25%,1,1,1,1875,163,14,LMN,TAI,1B,1B,1B,1
Isaac Snowbender,339,420,Duke Silver,602,777,K,357,T5,1,5,2,4,-5.48%,5.48%,0,0,0,1875,163,14,LMN,TAI,K,K,K,1
Dirtbag Darrell,262,333,Duke Silver,602,357,HR,24,T5,2,5,2,4,13.79%,-13.79%,3,1,1,1875,163,14,LMN,TAI,HR,3B,HR,1
Superbone Threefinger,413,69,Duke Silver,602,753,K,316,T5,2,0,2,7,-0.45%,0.45%,0,0,0,1875,163,14,LMN,TAI,K,K,K,1
Jacky Wacky,702,721,Holden Summers,10,615,1B,106,B5,0,0,2,7,2.14%,-2.14%,0,1,1,1876,163,14,TAI,LMN,1B,1B,1B,1
James Jameson LXIX,1722,271,Holden Summers,10,98,BB,173,B5,0,1,2,7,4.48%,-4.48%,0,1,1,1876,163,14,TAI,LMN,BB,FO,BB,1
Willians Adobestudio,2260,821,Holden Summers,10,787,HR,34,B5,0,4,2,7,11.05%,-11.05%,3,1,1,1876,163,14,TAI,LMN,HR,3B,2B,1
Not From Wisconsin,2222,787,Holden Summers,10,505,K,282,B5,0,0,5,7,-4.94%,4.94%,0,0,0,1876,163,14,TAI,LMN,K,K,FO,1
Kev Biffington,2276,505,Holden Summers,10,332,FO,173,B5,1,0,5,7,-4.42%,4.42%,0,0,0,1876,163,14,TAI,LMN,FO,FO,BB,1
Sam Smith,158,896,Holden Summers,10,944,2B,48,B5,2,0,5,7,4.38%,-4.38%,0,0,0,1876,163,14,TAI,LMN,2B,2B,2B,1
Assassin Xekutioner,271,350,Doc Crudelly,1811,734,RGO,384,T1,0,0,0,0,-2.52%,2.52%,0,0,0,1877,164,14,PHB,TRA,RGO,RGO,PO,1
Pork Torkleton,1699,329,Doc Crudelly,1811,234,1B,95,T1,1,0,0,0,3.21%,-3.21%,0,0,0,1877,164,14,PHB,TRA,1B,1B,1B,1
Jameson Poe,310,88,Doc Crudelly,1811,612,DP,476,T1,1,1,0,0,-7.47%,7.47%,0,0,0,1877,164,14,PHB,TRA,LGO,LGO,DP,1
Jay Peg,724,7,Jameson Poe,310,112,BB,105,B1,0,0,0,0,3.55%,-3.55%,0,0,0,1878,164,14,TRA,PHB,BB,BB,1B,1
Captain Harry C Legs,480,419,Dottie Hooligan,770,199,FO,220,B1,0,1,0,0,-2.91%,2.91%,0,0,0,1878,164,14,TRA,PHB,FO,K,FO,1
Robbie Liapis,1745,600,Rake Inthelake,755,55,DP,455,B1,1,1,0,0,-7.43%,7.43%,0,0,0,1878,164,14,TRA,PHB,RGO,RGO,DP,1
Dottie Hooligan,770,420,Doc Crudelly,1811,732,RGO,312,T2,0,0,0,0,-2.86%,2.86%,0,0,0,1879,164,14,PHB,TRA,RGO,RGO,K,1
Rake Inthelake,755,384,Doc Crudelly,1811,540,BB,156,T2,1,0,0,0,3.77%,-3.77%,0,0,0,1879,164,14,PHB,TRA,BB,BB,BB,1
Rake Inthelake,755,499,Doc Crudelly,1811,600,SB,101,T2,1,1,0,0,1.86%,-1.86%,0,0,0,1879,164,14,PHB,TRA,Steal 2B,Steal 2B,SB,4
Rake Inthelake,755,711,Doc Crudelly,1811,57,CS,346,T2,1,2,0,0,-8.53%,8.53%,0,0,0,1879,164,14,PHB,TRA,CS 3B,CS 3B,CS,4
Johññy Coppolella,738,904,Doc Crudelly,1811,99,FO,195,T2,2,0,0,0,-1.53%,1.53%,0,0,0,1879,164,14,PHB,TRA,FO,FO,FO,1
Scherbie Fully-Loaded,679,555,Johññy Coppolella,738,807,FO,252,B2,0,0,0,0,-2.75%,2.75%,0,0,0,1880,164,14,TRA,PHB,FO,FO,FO,1
Sunshine Pardue,315,333,Gil Metz,206,650,K,317,B2,1,0,0,0,-2.68%,2.68%,0,0,0,1880,164,14,TRA,PHB,K,K,K,1
Gregory Taint,1712,890,Assassin Xekutioner,271,456,RGO,434,B2,2,0,0,0,-1.88%,1.88%,0,0,0,1880,164,14,TRA,PHB,RGO,RGO,RGO,1
Sandy Zipp,701,777,Doc Crudelly,1811,439,RGO,338,T3,0,0,0,0,-3.25%,3.25%,0,0,0,1881,164,14,PHB,TRA,RGO,RGO,K,1
Gil Metz,206,200,Doc Crudelly,1811,888,PO,312,T3,1,0,0,0,-3.05%,3.05%,0,0,0,1881,164,14,PHB,TRA,PO,RGO,K,1
Bob Kelso,1834,669,Doc Crudelly,1811,319,RGO,350,T3,2,0,0,0,-2.06%,2.06%,0,0,0,1881,164,14,PHB,TRA,RGO,RGO,K,1
Birdman,393,808,Bob Kelso,1834,678,BB,130,B3,0,0,0,0,4.52%,-4.52%,0,0,0,1882,164,14,TRA,PHB,BB,BB,1B,1
Jack Meoff,1829,212,Pork Torkleton,1699,245,2B,33,B3,0,1,0,0,16.47%,-16.47%,0,0,0,1882,164,14,TRA,PHB,2B,2B,2B,1
Doc Crudelly,1811,461,Jeff Steelflex,268,41,PO,420,B3,0,6,0,0,-8.04%,8.04%,0,0,0,1882,164,14,TRA,PHB,PO,PO,RGO,1
Jay Peg,724,975,Sid Houn,2258,297,K,322,B3,1,6,0,0,-12.73%,12.73%,0,0,0,1882,164,14,TRA,PHB,K,K,K,1
Captain Harry C Legs,480,750,Sandy Zipp,701,183,RGO,433,B3,2,6,0,0,-8.66%,8.66%,0,0,0,1882,164,14,TRA,PHB,RGO,RGO,RGO,1
Assassin Xekutioner,271,601,Doc Crudelly,1811,210,RGO,391,T4,0,0,0,0,-3.87%,3.87%,0,0,0,1883,164,14,PHB,TRA,RGO,RGO,PO,1
Sid Houn,2258,669,Doc Crudelly,1811,976,RGO,307,T4,1,0,0,0,-3.68%,3.68%,0,0,0,1883,164,14,PHB,TRA,RGO,RGO,K,1
Jameson Poe,310,248,Doc Crudelly,1811,725,LGO,477,T4,2,0,0,0,-2.53%,2.53%,0,0,0,1883,164,14,PHB,TRA,LGO,LGO,LGO,1
Robbie Liapis,1745,888,Jerry Jingles,146,1,1B,113,B4,0,0,0,0,4.65%,-4.65%,0,0,0,1884,164,14,TRA,PHB,1B,1B,1B,1
Scherbie Fully-Loaded,679,444,Kenny Pupton,2224,145,PO,299,B4,0,1,0,0,-3.80%,3.80%,0,0,0,1884,164,14,TRA,PHB,PO,PO,K,1
Sunshine Pardue,315,904,Nickey Hallaway,2225,420,DP,484,B4,1,1,0,0,-10.92%,10.92%,0,0,0,1884,164,14,TRA,PHB,LGO,LGO,DP,1
Dottie Hooligan,770,420,Doc Crudelly,1811,526,1B,106,T5,0,0,0,0,6.36%,-6.36%,0,1,1,1885,164,14,PHB,TRA,1B,1B,1B,1
Rake Inthelake,755,232,Doc Crudelly,1811,327,1B,95,T5,0,1,0,0,11.14%,-11.14%,0,0,0,1885,164,14,PHB,TRA,1B,1B,1B,1
Johññy Coppolella,738,880,Doc Crudelly,1811,327,DP,447,T5,0,4,0,0,-18.65%,18.65%,0,0,0,1885,164,14,PHB,TRA,LGO,LGO,DP,1
Jeter O'Cola,739,667,Doc Crudelly,1811,753,1B,86,T5,2,3,0,0,19.12%,-19.12%,1,0,0,1885,164,14,PHB,TRA,1B,1B,1B,1
WILL THE THRILL,745,777,Doc Crudelly,1811,69,RGO,292,T5,2,1,0,1,-3.82%,3.82%,0,0,0,1885,164,14,PHB,TRA,RGO,RGO,K,1
Gregory Taint,1712,744,Jeter O'Cola,739,17,FO,273,B5,0,0,0,1,-6.28%,6.28%,0,0,0,1886,164,14,TRA,PHB,FO,FO,FO,1
Birdman,393,200,Cali Guerensk,1729,380,FO,180,B5,1,0,0,1,-5.99%,5.99%,0,0,0,1886,164,14,TRA,PHB,FO,FO,FO,1
Jack Meoff,1829,322,Red Arrow,547,12,K,310,B5,2,0,0,1,-4.18%,4.18%,0,0,0,1886,164,14,TRA,PHB,K,K,K,1
Coleman Waters,152,1,Doc Crudelly,1811,170,FO,169,T6,0,0,0,1,-2.38%,2.38%,0,0,0,1887,164,14,PHB,TRA,FO,FO,BB,1
Jimjon Jonjim,272,12,Doc Crudelly,1811,744,K,268,T6,1,0,0,1,-1.97%,1.97%,0,0,0,1887,164,14,PHB,TRA,K,K,FO,1
A.Z. Chapman,14,266,Doc Crudelly,1811,22,K,244,T6,2,0,0,1,-1.52%,1.52%,0,0,0,1887,164,14,PHB,TRA,K,K,FO,1
Doc Crudelly,1811,420,Coleman Waters,152,686,K,266,B6,0,0,0,1,-9.46%,9.46%,0,0,0,1888,164,14,TRA,PHB,K,K,FO,1
Jay Peg,724,813,WILL THE THRILL,745,7,BB,194,B6,1,0,0,1,11.48%,-11.48%,0,1,1,1888,164,14,TRA,PHB,BB,FO,FO,1
Captain Harry C Legs,480,243,WILL THE THRILL,745,7,K,236,B6,1,1,0,1,-13.43%,13.43%,0,0,0,1888,164,14,TRA,PHB,K,K,FO,1
Robbie Liapis,1745,507,WILL THE THRILL,745,534,3B,27,B6,2,1,0,1,49.98%,-49.98%,1,1,1,1888,164,14,TRA,PHB,3B,3B,3B,1
Scherbie Fully-Loaded,679,666,WILL THE THRILL,745,564,2B,102,B6,2,3,1,1,36.19%,-36.19%,1,0,0,1888,164,14,TRA,PHB,2B,1B,1B,1
Frankson Ahtra,1959,487,Hannibal Bligh,1724,842,RGO,355,T1,0,0,0,0,-2.52%,2.52%,0,0,0,1889,165,14,JUP,NUL,RGO,RGO,K,1
Luap Renraw,118,776,Hannibal Bligh,1724,987,FO,211,T1,1,0,0,0,-2.52%,2.52%,0,0,0,1889,165,14,JUP,NUL,FO,FO,FO,1
Matthew Paul,2243,362,Hannibal Bligh,1724,842,LGO,480,T1,2,0,0,0,-1.74%,1.74%,0,0,0,1889,165,14,JUP,NUL,LGO,LGO,LGO,1
Oregano Moon,2277,43,Rocco Rudnikov,114,849,FO,194,B1,0,0,0,0,-2.73%,2.73%,0,0,0,1890,165,14,NUL,JUP,FO,FO,FO,1
KlentakPay TheFuckingTax,1700,612,Rocco Rudnikov,114,10,RGO,398,B1,1,0,0,0,-2.27%,2.27%,0,0,0,1890,165,14,NUL,JUP,RGO,RGO,PO,1
Anthony Richards,418,,Rocco Rudnikov,114,,Auto K,,B1,2,0,0,0,-1.79%,1.79%,0,0,0,1890,165,14,NUL,JUP,Auto K,Auto K,Auto K,9
Harry Peritestes,117,3,Hannibal Bligh,1724,920,1B,83,T2,0,0,0,0,4.19%,-4.19%,0,1,1,1891,165,14,JUP,NUL,1B,1B,1B,1
Iama Human,520,4,Hannibal Bligh,1724,920,2B,84,T2,0,1,0,0,14.44%,-14.44%,0,0,0,1891,165,14,JUP,NUL,2B,2B,1B,1
Lightning Balls,350,205,Hannibal Bligh,1724,670,LGO,465,T2,0,6,0,0,-4.09%,4.09%,1,0,0,1891,165,14,JUP,NUL,LGO,LGO,LGO,1
Dermot Mulveiny,1763,380,Hannibal Bligh,1724,500,1B,120,T2,1,2,0,1,5.78%,-5.78%,0,0,0,1891,165,14,JUP,NUL,1B,1B,1B,1
Chuck McCluster,296,5,Hannibal Bligh,1724,569,DP,436,T2,1,5,0,1,-14.97%,14.97%,0,0,0,1891,165,14,JUP,NUL,LGO,LGO,DP,1
Abelardo Montoya,711,384,Rocco Rudnikov,114,506,BB,122,B2,0,0,0,1,4.77%,-4.77%,0,0,0,1892,165,14,NUL,JUP,BB,BB,1B,1
Emerson Austin,703,880,Rocco Rudnikov,114,678,FO,202,B2,0,1,0,1,-3.87%,3.87%,0,0,0,1892,165,14,NUL,JUP,FO,FO,FO,1
Monica M. Clinton,1774,667,Rocco Rudnikov,114,434,FO,233,B2,1,1,0,1,-4.74%,4.74%,0,0,0,1892,165,14,NUL,JUP,FO,FO,FO,1
Haydn Werfer,392,999,Rocco Rudnikov,114,472,LGO,473,B2,2,1,0,1,-4.49%,4.49%,0,0,0,1892,165,14,NUL,JUP,LGO,LGO,LGO,1
Simba Martinez,1792,880,Hannibal Bligh,1724,630,K,250,T3,0,0,0,1,-2.77%,2.77%,0,0,0,1893,165,14,JUP,NUL,K,K,FO,1
Frankson Ahtra,1959,843,Hannibal Bligh,1724,248,LGO,405,T3,1,0,0,1,-2.57%,2.57%,0,0,0,1893,165,14,JUP,NUL,LGO,LGO,RGO,1
Luap Renraw,118,368,Hannibal Bligh,1724,677,RGO,309,T3,2,0,0,1,-1.56%,1.56%,0,0,0,1893,165,14,JUP,NUL,RGO,RGO,K,1
Hannibal Bligh,1724,299,Rocco Rudnikov,114,12,K,287,B3,0,0,0,1,-4.00%,4.00%,0,0,0,1894,165,14,NUL,JUP,K,K,K,1
Iris Solstice,401,2,Rocco Rudnikov,114,388,RGO,386,B3,1,0,0,1,-3.30%,3.30%,0,0,0,1894,165,14,NUL,JUP,RGO,RGO,PO,1
Oregano Moon,2277,957,Rocco Rudnikov,114,802,BB,155,B3,2,0,0,1,2.56%,-2.56%,0,1,1,1894,165,14,NUL,JUP,BB,BB,BB,1
KlentakPay TheFuckingTax,1700,619,Rocco Rudnikov,114,650,2B,31,B3,2,1,0,1,17.48%,-17.48%,1,0,0,1894,165,14,NUL,JUP,2B,2B,2B,1
Anthony Richards,418,843,Rocco Rudnikov,114,153,K,310,B3,2,2,1,1,-6.06%,6.06%,0,0,0,1894,165,14,NUL,JUP,K,K,K,1
Matthew Paul,2243,362,Hannibal Bligh,1724,248,BB,114,T4,0,0,1,1,4.87%,-4.87%,0,0,0,1895,165,14,JUP,NUL,BB,BB,1B,1
Harry Peritestes,117,588,Hannibal Bligh,1724,153,DP,435,T4,0,1,1,1,-12.42%,12.42%,0,0,0,1895,165,14,JUP,NUL,LGO,LGO,DP,1
Iama Human,520,,Hannibal Bligh,1724,,Auto K,,T4,2,0,1,1,-2.53%,2.53%,0,0,0,1895,165,14,JUP,NUL,Auto K,Auto K,Auto K,9
Abelardo Montoya,711,584,Rocco Rudnikov,114,376,FO,208,B4,0,0,1,1,-3.93%,3.93%,0,0,0,1896,165,14,NUL,JUP,FO,FO,FO,1
Emerson Austin,703,420,Rocco Rudnikov,114,472,2B,52,B4,1,0,1,1,7.74%,-7.74%,0,0,0,1896,165,14,NUL,JUP,2B,2B,2B,1
Monica M. Clinton,1774,360,Rocco Rudnikov,114,153,FO,207,B4,1,2,1,1,-5.96%,5.96%,0,0,0,1896,165,14,NUL,JUP,FO,FO,FO,1
Haydn Werfer,392,420,Rocco Rudnikov,114,169,FO,251,B4,2,2,1,1,-7.92%,7.92%,0,0,0,1896,165,14,NUL,JUP,FO,FO,FO,1
Lightning Balls,350,103,Hannibal Bligh,1724,588,LGO,485,T5,0,0,1,1,-4.71%,4.71%,0,0,0,1897,165,14,JUP,NUL,LGO,LGO,LGO,1
Dermot Mulveiny,1763,12,Hannibal Bligh,1724,69,2B,57,T5,1,0,1,1,8.80%,-8.80%,0,1,1,1897,165,14,JUP,NUL,2B,2B,2B,1
Chuck McCluster,296,4,Hannibal Bligh,1724,965,2B,39,T5,1,2,1,1,18.84%,-18.84%,1,1,1,1897,165,14,JUP,NUL,2B,2B,2B,1
Simba Martinez,1792,650,Hannibal Bligh,1724,630,3B,20,T5,1,2,1,2,16.51%,-16.51%,1,1,1,1897,165,14,JUP,NUL,3B,3B,HR,1
Frankson Ahtra,1959,621,Hannibal Bligh,1724,666,2B,45,T5,1,3,1,3,2.46%,-2.46%,1,0,0,1897,165,14,JUP,NUL,2B,2B,2B,1
Luap Renraw,118,969,Hannibal Bligh,1724,880,1B,89,T5,1,2,1,4,2.03%,-2.03%,0,0,0,1897,165,14,JUP,NUL,1B,1B,1B,1
Matthew Paul,2243,362,Hannibal Bligh,1724,1000,DP,362,T5,1,5,1,4,-5.93%,5.93%,0,0,0,1897,165,14,JUP,NUL,LGO,LGO,K,1
Hannibal Bligh,1724,225,Rocco Rudnikov,114,212,HR,13,B5,0,0,1,4,9.22%,-9.22%,1,1,1,1898,165,14,NUL,JUP,HR,HR,HR,1
Iris Solstice,401,776,Rocco Rudnikov,114,420,PO,356,B5,0,0,2,4,-4.94%,4.94%,0,0,0,1898,165,14,NUL,JUP,PO,PO,K,1
Oregano Moon,2277,987,Rocco Rudnikov,114,750,FO,237,B5,1,0,2,4,-4.42%,4.42%,0,0,0,1898,165,14,NUL,JUP,FO,FO,FO,1
KlentakPay TheFuckingTax,1700,670,Rocco Rudnikov,114,420,FO,250,B5,2,0,2,4,-2.21%,2.21%,0,0,0,1898,165,14,NUL,JUP,FO,FO,FO,1
Harry Peritestes,117,677,Hannibal Bligh,1724,500,FO,177,T6,0,0,2,4,-1.05%,1.05%,0,0,0,1899,165,14,JUP,NUL,FO,FO,BB,1
Iama Human,520,666,Hannibal Bligh,1724,920,K,254,T6,1,0,2,4,-1.00%,1.00%,0,0,0,1899,165,14,JUP,NUL,K,K,FO,1
Lightning Balls,350,603,Hannibal Bligh,1724,709,1B,106,T6,2,0,2,4,0.78%,-0.78%,0,0,0,1899,165,14,JUP,NUL,1B,1B,1B,1
Dermot Mulveiny,1763,1000,Hannibal Bligh,1724,880,1B,120,T6,2,1,2,4,0.73%,-0.73%,0,0,0,1899,165,14,JUP,NUL,1B,1B,1B,1
Chuck McCluster,296,9,Hannibal Bligh,1724,505,LGO,496,T6,2,5,2,4,-2.36%,2.36%,0,0,0,1899,165,14,JUP,NUL,LGO,LGO,LGO,1
Anthony Richards,418,444,Rocco Rudnikov,114,920,LGO,476,B6,0,0,2,4,-5.69%,5.69%,0,0,0,1900,165,14,NUL,JUP,LGO,LGO,LGO,1
Abelardo Montoya,711,462,Rocco Rudnikov,114,920,LGO,458,B6,1,0,2,4,-4.52%,4.52%,0,0,0,1900,165,14,NUL,JUP,LGO,LGO,LGO,1
Emerson Austin,703,669,Rocco Rudnikov,114,420,FO,249,B6,2,0,2,4,-2.31%,2.31%,0,0,0,1900,165,14,NUL,JUP,FO,FO,FO,1
Gang Weed,1732,300,Rekt Keyo,331,382,1B,82,T1,0,0,0,0,3.67%,-3.67%,0,0,0,1901,166,14,TAC,DAD,1B,1B,1B,1
Gang Weed,1732,100,Rekt Keyo,331,136,SB,36,T1,0,1,0,0,3.11%,-3.11%,0,0,0,1901,166,14,TAC,DAD,Steal 2B,Steal 2B,SB,4
Dakota Carolina Montana,65,326,Rekt Keyo,331,676,K,350,T1,0,2,0,0,-4.82%,4.82%,0,0,0,1901,166,14,TAC,DAD,K,K,K,1
Julian O'Sullivan,2254,873,Rekt Keyo,331,222,K,349,T1,1,2,0,0,-4.16%,4.16%,0,0,0,1901,166,14,TAC,DAD,K,K,K,1
Alaina Mclean,1947,734,Rekt Keyo,331,222,LGO,488,T1,2,2,0,0,-4.58%,4.58%,0,0,0,1901,166,14,TAC,DAD,LGO,LGO,LGO,1
Caleb Aiken,324,76,Duke Marriot,775,352,K,276,B1,0,0,0,0,-2.73%,2.73%,0,0,0,1902,166,14,DAD,TAC,K,K,FO,1
Michael Smith,1955,69,Duke Marriot,775,783,K,286,B1,1,0,0,0,-2.27%,2.27%,0,0,0,1902,166,14,DAD,TAC,K,K,K,1
Joe Nastasi,614,814,Duke Marriot,775,166,K,352,B1,2,0,0,0,-1.79%,1.79%,0,0,0,1902,166,14,DAD,TAC,K,K,K,1
Oxleohl Driver,1943,100,Rekt Keyo,331,372,FO,272,T2,0,0,0,0,-2.86%,2.86%,0,0,0,1903,166,14,TAC,DAD,FO,FO,FO,1
Truck Month,1794,666,Rekt Keyo,331,938,FO,272,T2,1,0,0,0,-2.90%,2.90%,0,0,0,1903,166,14,TAC,DAD,FO,K,FO,1
Napoleon Shortsleeve,560,713,Rekt Keyo,331,22,K,309,T2,2,0,0,0,-1.53%,1.53%,0,0,0,1903,166,14,TAC,DAD,K,K,K,1
Amper Sand,774,234,Duke Marriot,775,832,K,402,B2,0,0,0,0,-2.75%,2.75%,0,0,0,1904,166,14,DAD,TAC,K,K,RGO,1
Freddie Huff,1813,169,Duke Marriot,775,680,LGO,489,B2,1,0,0,0,-2.68%,2.68%,0,0,0,1904,166,14,DAD,TAC,LGO,LGO,LGO,1
Luke Skywalker,2251,33,Duke Marriot,775,980,2B,53,B2,2,0,0,0,3.37%,-3.37%,0,0,0,1904,166,14,DAD,TAC,2B,2B,2B,1
Dixie Normos,332,11,Duke Marriot,775,244,K,233,B2,2,2,0,0,-5.25%,5.25%,0,0,0,1904,166,14,DAD,TAC,K,K,FO,1
Barry McKockiner,612,350,Rekt Keyo,331,263,1B,87,T3,0,0,0,0,4.59%,-4.59%,0,1,1,1905,166,14,TAC,DAD,1B,1B,1B,1
IBO Bust,186,380,Rekt Keyo,331,228,BB,152,T3,0,1,0,0,8.48%,-8.48%,0,1,1,1905,166,14,TAC,DAD,BB,BB,BB,1
Gang Weed,1732,80,Rekt Keyo,331,711,PO,369,T3,0,4,0,0,-6.53%,6.53%,0,0,0,1905,166,14,TAC,DAD,PO,PO,K,1
Dakota Carolina Montana,65,555,Rekt Keyo,331,589,3B,34,T3,1,4,0,0,23.70%,-23.70%,2,1,1,1905,166,14,TAC,DAD,3B,2B,2B,1
Julian O'Sullivan,2254,393,Rekt Keyo,331,288,1B,105,T3,1,3,0,2,3.00%,-3.00%,1,0,0,1905,166,14,TAC,DAD,1B,BB,1B,1
Alaina Mclean,1947,989,John Valor,1832,56,2B,67,T3,1,1,0,3,6.08%,-6.08%,0,0,0,1905,166,14,TAC,DAD,2B,2B,1B,1
Oxleohl Driver,1943,400,John Valor,1832,56,PO,344,T3,1,6,0,3,-7.45%,7.45%,0,0,0,1905,166,14,TAC,DAD,PO,RGO,K,1
Truck Month,1794,704,John Valor,1832,400,RGO,304,T3,2,6,0,3,-2.23%,2.23%,0,0,0,1905,166,14,TAC,DAD,RGO,RGO,K,1
Drew Savage,329,696,Duke Marriot,775,994,K,298,B3,0,0,0,3,-2.97%,2.97%,0,0,0,1906,166,14,DAD,TAC,K,K,K,1
John Valor,1832,700,Duke Marriot,775,212,LGO,488,B3,1,0,0,3,-2.46%,2.46%,0,0,0,1906,166,14,DAD,TAC,LGO,LGO,LGO,1
Caleb Aiken,324,951,Duke Marriot,775,946,HR,5,B3,2,0,0,3,8.99%,-8.99%,1,1,1,1906,166,14,DAD,TAC,HR,HR,HR,1
Michael Smith,1955,400,Duke Marriot,775,946,RGO,454,B3,2,0,1,3,-2.26%,2.26%,0,0,0,1906,166,14,DAD,TAC,RGO,RGO,LGO,1
Napoleon Shortsleeve,560,312,John Valor,1832,542,FO,230,T4,0,0,1,3,-1.72%,1.72%,0,0,0,1907,166,14,TAC,DAD,FO,FO,FO,1
Barry McKockiner,612,152,John Valor,1832,300,1B,148,T4,1,0,1,3,2.21%,-2.21%,0,0,0,1907,166,14,TAC,DAD,1B,1B,BB,1
IBO Bust,186,477,John Valor,1832,299,BB,178,T4,1,1,1,3,2.75%,-2.75%,0,0,0,1907,166,14,TAC,DAD,BB,FO,FO,1
Gang Weed,1732,420,John Valor,1832,1,DP,419,T4,1,4,1,3,-8.31%,8.31%,0,0,0,1907,166,14,TAC,DAD,LGO,LGO,DP,1
Joe Nastasi,614,577,Duke Marriot,775,285,K,292,B4,0,0,1,3,-4.11%,4.11%,0,0,0,1908,166,14,DAD,TAC,K,K,K,1
Amper Sand,774,616,Duke Marriot,775,389,K,227,B4,1,0,1,3,-4.06%,4.06%,0,0,0,1908,166,14,DAD,TAC,K,K,FO,1
Freddie Huff,1813,485,Duke Marriot,775,572,BB,87,B4,2,0,1,3,2.99%,-2.99%,0,0,0,1908,166,14,DAD,TAC,BB,BB,1B,1
Luke Skywalker,2251,720,Duke Marriot,775,620,BB,100,B4,2,1,1,3,4.58%,-4.58%,0,0,0,1908,166,14,DAD,TAC,BB,BB,1B,1
Dixie Normos,332,420,Duke Marriot,775,906,LGO,486,B4,2,4,1,3,-9.45%,9.45%,0,0,0,1908,166,14,DAD,TAC,LGO,LGO,LGO,1
Dakota Carolina Montana,65,177,John Valor,1832,763,RGO,414,T5,0,0,1,3,-1.24%,1.24%,0,0,0,1909,166,14,TAC,DAD,RGO,RGO,RGO,1
Julian O'Sullivan,2254,683,John Valor,1832,966,K,283,T5,1,0,1,3,-1.79%,1.79%,0,0,0,1909,166,14,TAC,DAD,K,K,FO,1
Alaina Mclean,1947,678,John Valor,1832,350,RGO,328,T5,2,0,1,3,-1.44%,1.44%,0,0,0,1909,166,14,TAC,DAD,RGO,RGO,K,1
Drew Savage,329,94,Duke Marriot,775,939,BB,155,B5,0,0,1,3,7.95%,-7.95%,0,1,1,1910,166,14,DAD,TAC,BB,BB,BB,1
John Valor,1832,555,Duke Marriot,775,446,BB,109,B5,0,1,1,3,11.67%,-11.67%,0,0,0,1910,166,14,DAD,TAC,BB,BB,1B,1
Caleb Aiken,324,718,Duke Marriot,775,644,1B,74,B5,0,4,1,3,12.92%,-12.92%,0,0,0,1910,166,14,DAD,TAC,1B,1B,1B,1
Michael Smith,1955,250,Truck Month,1794,850,DP,400,B5,0,7,1,3,-22.10%,22.10%,0,0,0,1910,166,14,DAD,TAC,RGO,RGO,DP,1
Joe Nastasi,614,333,Truck Month,1794,990,K,343,B5,2,3,2,3,-12.26%,12.26%,0,0,0,1910,166,14,DAD,TAC,K,K,K,1
Oxleohl Driver,1943,350,John Valor,1832,568,FO,218,T6,0,0,2,3,-2.38%,2.38%,0,0,0,1911,166,14,TAC,DAD,FO,FO,FO,1
Kentho Birne,349,885,John Valor,1832,398,LGO,487,T6,1,0,2,3,-1.97%,1.97%,0,0,0,1911,166,14,TAC,DAD,LGO,LGO,LGO,1
Napoleon Shortsleeve,560,211,John Valor,1832,813,RGO,398,T6,2,0,2,3,-1.52%,1.52%,0,0,0,1911,166,14,TAC,DAD,RGO,RGO,PO,1
Amper Sand,774,77,Truck Month,1794,40,2B,37,B6,0,0,2,3,24.36%,-24.36%,0,0,0,1912,166,14,DAD,TAC,2B,2B,2B,1
Freddie Huff,1813,,Truck Month,1794,,IBB,,B6,0,2,2,3,8.33%,-8.33%,0,0,0,1912,166,14,DAD,TAC,IBB,IBB,IBB,8
Luke Skywalker,2251,888,Dakota Carolina Montana,65,223,DP,335,B6,0,4,2,3,-38.65%,38.65%,0,0,0,1912,166,14,DAD,TAC,RGO,RGO,K,1
Mike Fruitstand,772,490,Dakota Carolina Montana,65,823,RGO,333,B6,2,3,2,3,-19.28%,19.28%,0,0,0,1912,166,14,DAD,TAC,RGO,RGO,K,1
cocl,487,969,Rickey Tucker,163,875,1B,94,T1,0,0,0,0,3.67%,-3.67%,0,0,0,1913,167,14,MVM,POR,1B,1B,1B,1
Mike Litoris,2252,824,Rickey Tucker,163,969,BB,145,T1,0,1,0,0,7.14%,-7.14%,0,0,0,1913,167,14,MVM,POR,BB,BB,BB,1
Fizzbear Doormat,563,69,Rickey Tucker,163,789,K,280,T1,0,4,0,0,-5.49%,5.49%,0,0,0,1913,167,14,MVM,POR,K,K,FO,1
Cap Keeler,1808,874,Rickey Tucker,163,243,PO,369,T1,1,4,0,0,-5.58%,5.58%,0,0,0,1913,167,14,MVM,POR,PO,PO,K,1
Star Burns,558,444,Rickey Tucker,163,21,RGO,423,T1,2,4,0,0,-6.52%,6.52%,0,0,0,1913,167,14,MVM,POR,RGO,RGO,RGO,1
Picov Andropov,340,2,John Smith,2275,547,RGO,455,B1,0,0,0,0,-2.73%,2.73%,0,0,0,1914,167,14,POR,MVM,RGO,RGO,LGO,1
Artie Ziff,164,867,John Smith,2275,884,HR,17,B1,1,0,0,0,11.04%,-11.04%,1,1,1,1914,167,14,POR,MVM,HR,HR,HR,1
Aych Imtiyaz,170,185,John Smith,2275,540,K,355,B1,1,0,1,0,-1.77%,1.77%,0,0,0,1914,167,14,POR,MVM,K,K,K,1
Geno Scaramucci,165,286,John Smith,2275,197,1B,89,B1,2,0,1,0,1.14%,-1.14%,0,0,0,1914,167,14,POR,MVM,1B,1B,1B,1
Bobo Bones,478,,John Smith,2275,,Auto K,,B1,2,1,1,0,-2.70%,2.70%,0,0,0,1914,167,14,POR,MVM,Auto K,Auto K,Auto K,9
Jeremy Carolina,728,305,Rickey Tucker,163,946,PO,359,T2,0,0,1,0,-2.54%,2.54%,0,0,0,1915,167,14,MVM,POR,PO,PO,K,1
Jeffrey Salmon,1704,305,Rickey Tucker,163,745,RGO,440,T2,1,0,1,0,-3.53%,3.53%,0,0,0,1915,167,14,MVM,POR,RGO,RGO,RGO,1
Ryan Tyburn,517,420,Rickey Tucker,163,327,1B,93,T2,2,0,1,0,2.27%,-2.27%,0,0,0,1915,167,14,MVM,POR,1B,1B,1B,1
Dixon Uraz,34,69,Rickey Tucker,163,534,LGO,465,T2,2,1,1,0,-3.71%,3.71%,0,0,0,1915,167,14,MVM,POR,LGO,LGO,LGO,1
Q Kimbrel,20,1,John Smith,2275,370,K,369,B2,0,0,1,0,-2.16%,2.16%,0,0,0,1916,167,14,POR,MVM,K,K,K,1
Brian Talapia,1752,799,John Smith,2275,800,HR,1,B2,1,0,1,0,9.75%,-9.75%,1,1,1,1916,167,14,POR,MVM,HR,HR,HR,1
Max Wasson,273,528,John Smith,2275,750,FO,222,B2,1,0,2,0,-1.24%,1.24%,0,0,0,1916,167,14,POR,MVM,FO,FO,FO,1
Don Chalupa,481,744,John Smith,2275,1000,K,256,B2,2,0,2,0,-0.89%,0.89%,0,0,0,1916,167,14,POR,MVM,K,K,FO,1
cocl,487,420,Rickey Tucker,163,365,2B,55,T3,0,0,2,0,8.37%,-8.37%,0,1,1,1917,167,14,MVM,POR,2B,2B,2B,1
Mike Litoris,2252,1000,Rickey Tucker,163,512,LGO,488,T3,0,2,2,0,-5.27%,5.27%,0,0,0,1917,167,14,MVM,POR,LGO,LGO,LGO,1
Oscar Vinegrette,252,327,Rickey Tucker,163,235,1B,92,T3,1,2,2,0,6.05%,-6.05%,0,1,1,1917,167,14,MVM,POR,1B,1B,1B,1
Cap Keeler,1808,785,Rickey Tucker,163,790,HR,5,T3,1,5,2,0,26.50%,-26.50%,3,1,1,1917,167,14,MVM,POR,HR,HR,HR,1
Star Burns,558,501,Rickey Tucker,163,697,FO,196,T3,1,0,2,3,-2.57%,2.57%,0,0,0,1917,167,14,MVM,POR,FO,FO,FO,1
Jeremy Carolina,728,1,Rickey Tucker,163,12,HR,11,T3,2,0,2,3,12.50%,-12.50%,1,1,1,1917,167,14,MVM,POR,HR,HR,HR,1
Jeffrey Salmon,1704,222,Rickey Tucker,163,255,3B,33,T3,2,0,2,4,2.13%,-2.13%,0,1,1,1917,167,14,MVM,POR,3B,3B,2B,1
Ryan Tyburn,517,420,Rickey Tucker,163,375,2B,45,T3,2,3,2,4,9.20%,-9.20%,1,0,0,1917,167,14,MVM,POR,2B,2B,2B,1
Dixon Uraz,34,305,Rickey Tucker,163,798,LGO,493,T3,2,2,2,5,-2.51%,2.51%,0,0,0,1917,167,14,MVM,POR,LGO,LGO,LGO,1
Picov Andropov,340,554,John Smith,2275,68,LGO,486,B3,0,0,2,5,-2.97%,2.97%,0,0,0,1918,167,14,POR,MVM,LGO,LGO,LGO,1
Artie Ziff,164,530,John Smith,2275,800,K,270,B3,1,0,2,5,-2.46%,2.46%,0,0,0,1918,167,14,POR,MVM,K,K,FO,1
Aych Imtiyaz,170,351,John Smith,2275,250,1B,101,B3,2,0,2,5,1.93%,-1.93%,0,0,0,1918,167,14,POR,MVM,1B,BB,1B,1
Geno Scaramucci,165,900,John Smith,2275,302,K,402,B3,2,1,2,5,-3.65%,3.65%,0,0,0,1918,167,14,POR,MVM,K,K,RGO,1
cocl,487,240,Rickey Tucker,163,366,1B,126,T4,0,0,2,5,1.68%,-1.68%,0,1,1,1919,167,14,MVM,POR,1B,1B,1B,1
Mike Litoris,2252,600,Rickey Tucker,163,895,K,295,T4,0,1,2,5,-1.30%,1.30%,0,0,0,1919,167,14,MVM,POR,K,K,K,1
Oscar Vinegrette,252,660,Rickey Tucker,163,1,PO,341,T4,1,1,2,5,-1.72%,1.72%,0,0,0,1919,167,14,MVM,POR,PO,PO,K,1
Cap Keeler,1808,515,Rickey Tucker,163,488,HR,27,T4,2,1,2,5,9.06%,-9.06%,2,1,1,1919,167,14,MVM,POR,HR,HR,3B,1
Star Burns,558,222,Rickey Tucker,163,544,K,322,T4,2,0,2,7,-0.32%,0.32%,0,0,0,1919,167,14,MVM,POR,K,K,K,1
Bobo Bones,478,86,John Smith,2275,582,LGO,496,B4,0,0,2,7,-1.68%,1.68%,0,0,0,1920,167,14,POR,MVM,LGO,LGO,LGO,1
Q Kimbrel,20,345,John Smith,2275,351,HR,6,B4,1,0,2,7,3.50%,-3.50%,1,1,1,1920,167,14,POR,MVM,HR,HR,HR,1
Brian Talapia,1752,800,John Smith,2275,96,K,296,B4,1,0,3,7,-1.74%,1.74%,0,0,0,1920,167,14,POR,MVM,K,K,K,1
Max Wasson,273,589,John Smith,2275,266,K,323,B4,2,0,3,7,-0.85%,0.85%,0,0,0,1920,167,14,POR,MVM,K,K,K,1
Jeremy Carolina,728,890,Rickey Tucker,163,754,1B,136,T5,0,0,3,7,0.31%,-0.31%,0,0,0,1921,167,14,MVM,POR,1B,BB,1B,1
Jeffrey Salmon,1704,99,Rickey Tucker,163,555,DP,456,T5,0,1,3,7,-1.36%,1.36%,0,0,0,1921,167,14,MVM,POR,LGO,LGO,DP,1
Ryan Tyburn,517,827,Rickey Tucker,163,45,FO,218,T5,2,0,3,7,-0.28%,0.28%,0,0,0,1921,167,14,MVM,POR,FO,FO,FO,1
Don Chalupa,481,744,John Smith,2275,509,K,235,B5,0,0,3,7,-2.17%,2.17%,0,0,0,1922,167,14,POR,MVM,K,K,FO,1
Picov Andropov,340,500,John Smith,2275,56,RGO,444,B5,1,0,3,7,-1.47%,1.47%,0,0,0,1922,167,14,POR,MVM,RGO,RGO,RGO,1
Artie Ziff,164,9,John Smith,2275,147,BB,138,B5,2,0,3,7,1.03%,-1.03%,0,0,0,1922,167,14,POR,MVM,BB,BB,BB,1
Aych Imtiyaz,170,816,John Smith,2275,686,BB,130,B5,2,1,3,7,2.26%,-2.26%,0,0,0,1922,167,14,POR,MVM,BB,BB,1B,1
Geno Scaramucci,165,404,John Smith,2275,900,LGO,496,B5,2,4,3,7,-3.96%,3.96%,0,0,0,1922,167,14,POR,MVM,LGO,LGO,LGO,1
Dixon Uraz,34,420,Rickey Tucker,163,555,BB,135,T6,0,0,3,7,0.43%,-0.43%,0,1,1,1923,167,14,MVM,POR,BB,FO,1B,1
cocl,487,328,Rickey Tucker,163,222,1B,106,T6,0,1,3,7,0.63%,-0.63%,0,1,1,1923,167,14,MVM,POR,1B,1B,1B,1
Mike Litoris,2252,824,Rickey Tucker,163,12,FO,188,T6,0,4,3,7,-0.92%,0.92%,0,0,0,1923,167,14,MVM,POR,FO,FO,FO,1
Oscar Vinegrette,252,660,Rickey Tucker,163,755,1B,95,T6,1,4,3,7,0.77%,-0.77%,0,1,1,1923,167,14,MVM,POR,1B,1B,1B,1
Cap Keeler,1808,316,Rickey Tucker,163,246,2B,70,T6,1,7,3,7,1.11%,-1.11%,2,0,0,1923,167,14,MVM,POR,2B,2B,1B,1
Star Burns,558,489,Rickey Tucker,163,365,1B,124,T6,1,6,3,9,-0.24%,0.24%,1,0,0,1923,167,14,MVM,POR,1B,BB,1B,1
Jeremy Carolina,728,105,Rickey Tucker,163,798,K,307,T6,1,5,3,10,-0.28%,0.28%,0,0,0,1923,167,14,MVM,POR,K,K,K,1
Jeffrey Salmon,1704,101,Rickey Tucker,163,356,FO,255,T6,2,5,3,10,0.01%,-0.01%,0,0,0,1923,167,14,MVM,POR,FO,FO,FO,1
Bobo Bones,478,788,John Smith,2275,200,K,412,B6,0,0,3,10,-0.38%,0.38%,0,0,0,1924,167,14,POR,MVM,K,PO,RGO,1
Q Kimbrel,20,946,John Smith,2275,150,FO,204,B6,1,0,3,10,-0.18%,0.18%,0,0,0,1924,167,14,POR,MVM,FO,FO,FO,1
Brian Talapia,1752,434,John Smith,2275,175,K,259,B6,2,0,3,10,-0.03%,0.03%,0,0,0,1924,167,14,POR,MVM,K,K,FO,1
Mike Unt,1797,399,Hudson Hildebrandt,284,788,PO,389,T1,0,0,0,0,-2.52%,2.52%,0,0,0,1925,168,14,KTY,SAR,PO,PO,PO,1
David Roidtiz,1742,567,Hudson Hildebrandt,284,509,2B,58,T1,1,0,0,0,4.48%,-4.48%,0,0,0,1925,168,14,KTY,SAR,2B,2B,2B,1
Tyler Phoenix,99,240,Hudson Hildebrandt,284,455,FO,215,T1,1,2,0,0,-4.16%,4.16%,0,0,0,1925,168,14,KTY,SAR,FO,FO,FO,1
Mo Jungo,1814,210,Hudson Hildebrandt,284,933,K,277,T1,2,2,0,0,-4.58%,4.58%,0,0,0,1925,168,14,KTY,SAR,K,K,FO,1
Bonesy McSkellington,1733,11,Kirby Birch,1800,144,1B,133,B1,0,0,0,0,3.55%,-3.55%,0,0,0,1926,168,14,SAR,KTY,1B,1B,1B,1
Burg McTurdBerg,2262,420,Kirby Birch,1800,729,PO,309,B1,0,1,0,0,-2.91%,2.91%,0,0,0,1926,168,14,SAR,KTY,PO,PO,K,1
Elmo Seabreeze,1785,386,Kirby Birch,1800,885,DP,499,B1,1,1,0,0,-7.43%,7.43%,0,0,0,1926,168,14,SAR,KTY,LGO,LGO,DP,1
Sevag Vapor,106,749,Hudson Hildebrandt,284,540,FO,209,T2,0,0,0,0,-2.86%,2.86%,0,0,0,1927,168,14,KTY,SAR,FO,FO,FO,1
Otis Nixon Sr.,107,69,Hudson Hildebrandt,284,222,FO,153,T2,1,0,0,0,-2.90%,2.90%,0,0,0,1927,168,14,KTY,SAR,FO,FO,BB,1
Vinny Vedecci,2,555,Hudson Hildebrandt,284,777,K,222,T2,2,0,0,0,-1.53%,1.53%,0,0,0,1927,168,14,KTY,SAR,K,K,FO,1
Mason Miller,270,122,Kirby Birch,1800,849,FO,273,B2,0,0,0,0,-2.75%,2.75%,0,0,0,1928,168,14,SAR,KTY,FO,K,FO,1
Ross Ewage,1764,562,Kirby Birch,1800,400,FO,162,B2,1,0,0,0,-2.68%,2.68%,0,0,0,1928,168,14,SAR,KTY,FO,FO,BB,1
Bradle Beamen,203,519,Kirby Birch,1800,174,PO,345,B2,2,0,0,0,-1.88%,1.88%,0,0,0,1928,168,14,SAR,KTY,PO,PO,K,1
Kirby Birch,1800,880,Hudson Hildebrandt,284,514,K,366,T3,0,0,0,0,-3.25%,3.25%,0,0,0,1929,168,14,KTY,SAR,K,K,K,1
Edward Duncan,620,567,Hudson Hildebrandt,284,355,FO,212,T3,1,0,0,0,-3.05%,3.05%,0,0,0,1929,168,14,KTY,SAR,FO,FO,FO,1
Mike Unt,1797,570,Hudson Hildebrandt,284,311,K,259,T3,2,0,0,0,-2.06%,2.06%,0,0,0,1929,168,14,KTY,SAR,K,K,FO,1
Gimpy Schlempteen 32,379,600,Kirby Birch,1800,467,1B,133,B3,0,0,0,0,4.52%,-4.52%,0,1,1,1930,168,14,SAR,KTY,1B,1B,1B,1
Makesiondon Kelkboom,327,,Kirby Birch,1800,,Auto K,,B3,0,1,0,0,-3.85%,3.85%,0,0,0,1930,168,14,SAR,KTY,Auto K,Auto K,Auto K,9
Fuzzy Dunlop,382,322,Kirby Birch,1800,351,3B,29,B3,1,1,0,0,19.25%,-19.25%,1,1,1,1930,168,14,SAR,KTY,3B,3B,3B,1
Bonesy McSkellington,1733,11,Kirby Birch,1800,35,3B,24,B3,1,3,1,0,7.74%,-7.74%,1,1,1,1930,168,14,SAR,KTY,3B,3B,HR,1
Burg McTurdBerg,2262,700,Kirby Birch,1800,305,RGO,395,B3,1,3,2,0,1.20%,-1.20%,1,0,0,1930,168,14,SAR,KTY,RGO,RGO,PO,1
Elmo Seabreeze,1785,555,Kirby Birch,1800,871,K,316,B3,2,0,3,0,-0.62%,0.62%,0,0,0,1930,168,14,SAR,KTY,K,K,K,1
David Roidtiz,1742,665,Hudson Hildebrandt,284,677,HR,12,T4,0,0,3,0,8.24%,-8.24%,1,1,1,1931,168,14,KTY,SAR,HR,HR,HR,1
Tyler Phoenix,99,12,Hudson Hildebrandt,284,411,K,399,T4,0,0,3,1,-3.51%,3.51%,0,0,0,1931,168,14,KTY,SAR,K,K,PO,1
Mo Jungo,1814,204,Hudson Hildebrandt,284,855,K,349,T4,1,0,3,1,-2.87%,2.87%,0,0,0,1931,168,14,KTY,SAR,K,K,K,1
Sevag Vapor,106,270,Hudson Hildebrandt,284,121,BB,149,T4,2,0,3,1,2.46%,-2.46%,0,0,0,1931,168,14,KTY,SAR,BB,BB,BB,1
Otis Nixon Sr.,107,700,Hudson Hildebrandt,284,965,K,265,T4,2,1,3,1,-4.68%,4.68%,0,0,0,1931,168,14,KTY,SAR,K,K,FO,1
Mason Miller,270,891,Kirby Birch,1800,164,FO,273,B4,0,0,3,1,-1.66%,1.66%,0,0,0,1932,168,14,SAR,KTY,FO,K,FO,1
Ross Ewage,1764,787,Kirby Birch,1800,729,2B,58,B4,1,0,3,1,3.05%,-3.05%,0,0,0,1932,168,14,SAR,KTY,2B,2B,2B,1
Bradle Beamen,203,57,Kirby Birch,1800,481,RGO,424,B4,1,2,3,1,-3.52%,3.52%,0,0,0,1932,168,14,SAR,KTY,RGO,RGO,RGO,1
Gimpy Schlempteen 32,379,1,Kirby Birch,1800,291,FO,290,B4,2,3,3,1,-1.28%,1.28%,0,0,0,1932,168,14,SAR,KTY,FO,K,K,1
Vinny Vedecci,2,690,Hudson Hildebrandt,284,1,K,311,T5,0,0,3,1,-3.62%,3.62%,0,0,0,1933,168,14,KTY,SAR,K,K,K,1
Kirby Birch,1800,569,Hudson Hildebrandt,284,258,K,311,T5,1,0,3,1,-3.57%,3.57%,0,0,0,1933,168,14,KTY,SAR,K,K,K,1
Edward Duncan,620,576,Hudson Hildebrandt,284,731,BB,155,T5,2,0,3,1,3.06%,-3.06%,0,0,0,1933,168,14,KTY,SAR,BB,BB,BB,1
Mike Unt,1797,618,Hudson Hildebrandt,284,2,PO,384,T5,2,1,3,1,-4.80%,4.80%,0,0,0,1933,168,14,KTY,SAR,PO,PO,PO,1
Makesiondon Kelkboom,327,819,Kirby Birch,1800,53,FO,234,B5,0,0,3,1,-0.63%,0.63%,0,0,0,1934,168,14,SAR,KTY,FO,FO,FO,1
Fuzzy Dunlop,382,420,Kirby Birch,1800,11,RGO,409,B5,1,0,3,1,-0.86%,0.86%,0,0,0,1934,168,14,SAR,KTY,RGO,RGO,RGO,1
Bonesy McSkellington,1733,311,Kirby Birch,1800,571,FO,260,B5,2,0,3,1,-0.47%,0.47%,0,0,0,1934,168,14,SAR,KTY,FO,FO,FO,1
David Roidtiz,1742,100,Hudson Hildebrandt,284,744,K,356,T6,0,0,3,1,-4.18%,4.18%,0,0,0,1935,168,14,KTY,SAR,K,K,K,1
Tyler Phoenix,99,683,Hudson Hildebrandt,284,820,BB,137,T6,1,0,3,1,6.71%,-6.71%,0,0,0,1935,168,14,KTY,SAR,BB,BB,1B,1
Mo Jungo,1814,712,Hudson Hildebrandt,284,550,BB,162,T6,1,1,3,1,9.37%,-9.37%,0,0,0,1935,168,14,KTY,SAR,BB,FO,BB,1
Sevag Vapor,106,870,Hudson Hildebrandt,284,703,BB,167,T6,1,4,3,1,12.41%,-12.41%,0,0,0,1935,168,14,KTY,SAR,BB,BB,BB,1
Otis Nixon Sr.,107,222,Hudson Hildebrandt,284,488,K,266,T6,1,7,3,1,-15.12%,15.12%,0,0,0,1935,168,14,KTY,SAR,K,K,Sac,1
Vinny Vedecci,2,12,Hudson Hildebrandt,284,688,K,324,T6,2,7,3,1,-18.63%,18.63%,0,0,0,1935,168,14,KTY,SAR,K,K,K,1