Hitter,Hitter ID,Swing,Pitcher,Pitcher ID,Pitch,Old Result,Diff,Inning,Outs,OBC,Home Score,Away Score,Batter WPA,Pitcher WPA,RBI,Run,Inning ID,Game ID,Session,Batter Team,Pitcher Team,Exact Result,Result at Neutral,Result All Neutral,PA Type
Lane Drew,190,721,Junks Tandem,3276,42,K,321,T1,0,0,0,0,-2.51%,2.51%,0,0,1,1,1,TOR,ATL,K,K,,1
Ziggy Ceder,56,562,Junks Tandem,3276,772,FO,210,T1,1,0,0,0,-2.18%,2.18%,0,0,1,1,1,TOR,ATL,FO,FO,,1
Quentin Adams,397,568,Junks Tandem,3276,7,LGO,439,T1,2,0,0,0,-1.76%,1.76%,0,0,1,1,1,TOR,ATL,LGO,LGO,,1
Phil Coulson,226,414,S.A.R. Dinka,395,138,K,276,B1,0,0,0,0,-2.48%,2.48%,0,0,2,1,1,ATL,TOR,K,K,,1
Forrest Gleeson,51,45,S.A.R. Dinka,395,602,LGO,443,B1,1,0,0,0,-2.17%,2.17%,0,0,2,1,1,ATL,TOR,LGO,LGO,,1
Y.E. Wally,5,619,S.A.R. Dinka,395,172,LGO,447,B1,2,0,0,0,-1.79%,1.79%,0,0,2,1,1,ATL,TOR,LGO,LGO,,1
Graham Grams,400,366,Junks Tandem,3276,17,K,349,T2,0,0,0,0,-2.72%,2.72%,0,0,3,1,1,TOR,ATL,K,K,,1
Luis Flemus,3275,242,Junks Tandem,3276,819,LGO,423,T2,1,0,0,0,-2.40%,2.40%,0,0,3,1,1,TOR,ATL,LGO,LGO,,1
Thomas Berry,446,525,Junks Tandem,3276,2,LGO,477,T2,2,0,0,0,-1.99%,1.99%,0,0,3,1,1,TOR,ATL,LGO,LGO,,1
Charles Lindberg,242,562,S.A.R. Dinka,395,802,FO,240,B2,0,0,0,0,-2.72%,2.72%,0,0,4,1,1,ATL,TOR,FO,FO,,1
Gil Metz,206,108,S.A.R. Dinka,395,603,LGO,495,B2,1,0,0,0,-2.38%,2.38%,0,0,4,1,1,ATL,TOR,LGO,LGO,,1
H.B. Boink,1988,105,S.A.R. Dinka,395,780,K,325,B2,2,0,0,0,-2.03%,2.03%,0,0,4,1,1,ATL,TOR,K,K,,1
Mike Honcho,445,408,Junks Tandem,3276,108,K,300,T3,0,0,0,0,-3.03%,3.03%,0,0,5,1,1,TOR,ATL,K,K,,1
Daz Reference,2114,572,Junks Tandem,3276,300,FO,272,T3,1,0,0,0,-2.74%,2.74%,0,0,5,1,1,TOR,ATL,FO,FO,,1
S.A.R. Dinka,395,200,Junks Tandem,3276,902,K,298,T3,2,0,0,0,-2.31%,2.31%,0,0,5,1,1,TOR,ATL,K,K,,1
Junks Tandem,3276,22,S.A.R. Dinka,395,129,1B,107,B3,0,0,0,0,3.09%,-3.09%,0,0,6,1,1,ATL,TOR,1B,1B,,1
Sadler Oriole,231,770,S.A.R. Dinka,395,420,DP,350,B3,0,1,0,0,-8.93%,8.93%,0,0,6,1,1,ATL,TOR,LGO,LGO,,1
Jake Blee,232,272,S.A.R. Dinka,395,252,HR,20,B3,2,0,0,0,17.42%,-17.42%,1,1,6,1,1,ATL,TOR,HR,HR,,1
Phil Coulson,226,887,S.A.R. Dinka,395,725,BB,162,B3,2,0,1,0,1.54%,-1.54%,0,0,6,1,1,ATL,TOR,BB,BB,,1
Forrest Gleeson,51,982,S.A.R. Dinka,395,801,FO,181,B3,2,1,1,0,-3.16%,3.16%,0,0,6,1,1,ATL,TOR,FO,FO,,1
Lane Drew,190,71,Junks Tandem,3276,811,FO,260,T4,0,0,1,0,-3.96%,3.96%,0,0,7,1,1,TOR,ATL,FO,FO,,1
Ziggy Ceder,56,71,Junks Tandem,3276,66,HR,5,T4,1,0,1,0,18.45%,-18.45%,1,1,7,1,1,TOR,ATL,HR,HR,,1
Quentin Adams,397,772,Junks Tandem,3276,1,FO,229,T4,1,0,1,1,-3.19%,3.19%,0,0,7,1,1,TOR,ATL,FO,FO,,1
Graham Grams,400,913,Junks Tandem,3276,420,LGO,493,T4,2,0,1,1,-2.75%,2.75%,0,0,7,1,1,TOR,ATL,LGO,LGO,,1
Y.E. Wally,5,151,S.A.R. Dinka,395,474,K,323,B4,0,0,1,1,-3.43%,3.43%,0,0,8,1,1,ATL,TOR,K,K,,1
Charles Lindberg,242,953,S.A.R. Dinka,395,1,HR,48,B4,1,0,1,1,20.22%,-20.22%,1,1,8,1,1,ATL,TOR,HR,HR,,1
Gil Metz,206,815,S.A.R. Dinka,395,732,1B,83,B4,1,0,2,1,1.59%,-1.59%,0,1,8,1,1,ATL,TOR,1B,1B,,1
H.B. Boink,1988,300,S.A.R. Dinka,395,347,1B,47,B4,1,1,2,1,2.73%,-2.73%,0,1,8,1,1,ATL,TOR,1B,1B,,1
Junks Tandem,3276,666,S.A.R. Dinka,395,524,BB,142,B4,1,4,2,1,5.33%,-5.33%,0,1,8,1,1,ATL,TOR,BB,BB,,1
Sadler Oriole,231,645,S.A.R. Dinka,395,699,1B,54,B4,1,7,2,1,6.22%,-6.22%,1,0,8,1,1,ATL,TOR,1B,1B,,1
Jake Blee,232,390,S.A.R. Dinka,395,330,2B,60,B4,1,7,3,1,5.80%,-5.80%,2,0,8,1,1,ATL,TOR,2B,2B,,1
Phil Coulson,226,997,S.A.R. Dinka,395,148,BB,151,B4,1,6,5,1,0.25%,-0.25%,0,0,8,1,1,ATL,TOR,BB,BB,,1
Forrest Gleeson,51,41,S.A.R. Dinka,395,531,DP,490,B4,1,7,5,1,-2.18%,2.18%,0,0,8,1,1,ATL,TOR,LGO,LGO,,1
Luis Flemus,3275,153,Junks Tandem,3276,210,2B,57,T5,0,0,5,1,3.50%,-3.50%,0,1,9,1,1,TOR,ATL,2B,2B,,1
Thomas Berry,446,944,Junks Tandem,3276,902,1B,42,T5,0,2,5,1,4.64%,-4.64%,0,1,9,1,1,TOR,ATL,1B,1B,,1
Mike Honcho,445,482,Junks Tandem,3276,700,Sac,218,T5,0,5,5,1,-3.79%,3.79%,1,0,9,1,1,TOR,ATL,FO,FO,,1
Daz Reference,2114,542,Junks Tandem,3276,300,FO,242,T5,1,1,5,2,-2.79%,2.79%,0,0,9,1,1,TOR,ATL,FO,FO,,1
S.A.R. Dinka,395,750,Junks Tandem,3276,573,BB,177,T5,2,1,5,2,3.46%,-3.46%,0,0,9,1,1,TOR,ATL,BB,BB,,1
Lane Drew,190,81,Junks Tandem,3276,13,1B,68,T5,2,4,5,2,7.63%,-7.63%,1,0,9,1,1,TOR,ATL,1B,1B,,1
Ziggy Ceder,56,280,Junks Tandem,3276,799,LGO,481,T5,2,5,5,3,-10.10%,10.10%,0,0,9,1,1,TOR,ATL,LGO,LGO,,1
Y.E. Wally,5,888,S.A.R. Dinka,395,267,LGO,379,B5,0,0,5,3,-0.67%,0.67%,0,0,10,1,1,ATL,TOR,LGO,LGO,,1
Charles Lindberg,242,931,S.A.R. Dinka,395,985,2B,54,B5,1,0,5,3,1.26%,-1.26%,0,1,10,1,1,ATL,TOR,2B,2B,,1
Gil Metz,206,483,S.A.R. Dinka,395,573,1B,90,B5,1,2,5,3,1.20%,-1.20%,0,1,10,1,1,ATL,TOR,1B,1B,,1
H.B. Boink,1988,864,S.A.R. Dinka,395,736,BB,128,B5,1,5,5,3,0.68%,-0.68%,0,0,10,1,1,ATL,TOR,BB,BB,,1
Junks Tandem,3276,318,S.A.R. Dinka,395,638,PO,320,B5,1,7,5,3,-1.88%,1.88%,0,0,10,1,1,ATL,TOR,PO,PO,,1
Sadler Oriole,231,275,S.A.R. Dinka,395,177,1B,98,B5,2,7,5,3,4.69%,-4.69%,2,0,10,1,1,ATL,TOR,1B,1B,,1
Jake Blee,232,311,S.A.R. Dinka,395,793,LGO,482,B5,2,5,7,3,-0.38%,0.38%,0,0,10,1,1,ATL,TOR,LGO,LGO,,1
Quentin Adams,397,306,Cal Tiberius Jr.,199,901,LGO,405,T6,0,0,7,3,-0.92%,0.92%,0,0,11,1,1,TOR,ATL,LGO,LGO,,1
Graham Grams,400,278,Cal Tiberius Jr.,199,384,1B,106,T6,1,0,7,3,1.03%,-1.03%,0,0,11,1,1,TOR,ATL,1B,1B,,1
Luis Flemus,3275,756,Cal Tiberius Jr.,199,181,DP,425,T6,1,1,7,3,-1.75%,1.75%,0,0,11,1,1,TOR,ATL,LGO,LGO,,1
C.W. Mitzel,2127,79,Cy Hadd,3295,780,FO,299,T1,0,0,0,0,-2.51%,2.51%,0,0,12,2,1,MIN,PHI,FO,FO,,1
Dark Bobman,359,275,Cy Hadd,3295,274,HR,1,T1,1,0,0,0,11.75%,-11.75%,1,1,12,2,1,MIN,PHI,HR,HR,,1
Twinkie Power,2128,408,Cy Hadd,3295,51,K,357,T1,1,0,0,1,-1.84%,1.84%,0,0,12,2,1,MIN,PHI,K,K,,1
Hashcoin Shitstorm,3277,245,Cy Hadd,3295,209,2B,36,T1,2,0,0,1,2.75%,-2.75%,0,0,12,2,1,MIN,PHI,2B,2B,,1
"Jake ""JP"" Panik",267,608,Cy Hadd,3295,810,FO,202,T1,2,2,0,1,-4.22%,4.22%,0,0,12,2,1,MIN,PHI,FO,FO,,1
Kyle Mack,2011,462,Sonny Streaker,2065,223,FO,239,B1,0,0,0,1,-2.79%,2.79%,0,0,13,2,1,PHI,MIN,FO,FO,,1
Ross Fire,47,462,Sonny Streaker,2065,93,LGO,369,B1,1,0,0,1,-2.36%,2.36%,0,0,13,2,1,PHI,MIN,LGO,LGO,,1
Conrad Love,300,777,Sonny Streaker,2065,448,K,329,B1,2,0,0,1,-1.88%,1.88%,0,0,13,2,1,PHI,MIN,K,K,,1
Miguel Snow,290,276,Cy Hadd,3295,23,FO,253,T2,0,0,0,1,-2.27%,2.27%,0,0,14,2,1,MIN,PHI,FO,FO,,1
Chad Barrett,2030,895,Cy Hadd,3295,889,HR,6,T2,1,0,0,1,11.55%,-11.55%,1,1,14,2,1,MIN,PHI,HR,HR,,1
Jack Marnette,213,329,Cy Hadd,3295,762,LGO,433,T2,1,0,0,2,-1.52%,1.52%,0,0,14,2,1,MIN,PHI,LGO,LGO,,1
Sonny Streaker,2065,329,Cy Hadd,3295,999,K,330,T2,2,0,0,2,-1.37%,1.37%,0,0,14,2,1,MIN,PHI,K,K,,1
Rory Nipponsteer,1992,348,Sonny Streaker,2065,127,FO,221,B2,0,0,0,2,-2.94%,2.94%,0,0,15,2,1,PHI,MIN,FO,FO,,1
Hunter Tuzero,346,479,Sonny Streaker,2065,836,PO,357,B2,1,0,0,2,-2.53%,2.53%,0,0,15,2,1,PHI,MIN,PO,PO,,1
Martin Barnar,2088,323,Sonny Streaker,2065,27,K,296,B2,2,0,0,2,-1.92%,1.92%,0,0,15,2,1,PHI,MIN,K,K,,1
C.W. Mitzel,2127,136,Cy Hadd,3295,898,FO,238,T3,0,0,0,2,-1.72%,1.72%,0,0,16,2,1,MIN,PHI,FO,FO,,1
Dark Bobman,359,790,Cy Hadd,3295,78,FO,288,T3,1,0,0,2,-1.56%,1.56%,0,0,16,2,1,MIN,PHI,FO,FO,,1
Twinkie Power,2128,682,Cy Hadd,3295,125,LGO,443,T3,2,0,0,2,-1.30%,1.30%,0,0,16,2,1,MIN,PHI,LGO,LGO,,1
Jay Lupp,3278,362,Sonny Streaker,2065,753,LGO,391,B3,0,0,0,2,-3.28%,3.28%,0,0,17,2,1,PHI,MIN,LGO,LGO,,1
Justin Virga,3279,411,Sonny Streaker,2065,830,LGO,419,B3,1,0,0,2,-2.78%,2.78%,0,0,17,2,1,PHI,MIN,LGO,LGO,,1
Cy Hadd,3295,551,Sonny Streaker,2065,530,HR,21,B3,2,0,0,2,12.85%,-12.85%,1,1,17,2,1,PHI,MIN,HR,HR,,1
Kyle Mack,2011,736,Sonny Streaker,2065,880,BB,144,B3,2,0,1,2,2.66%,-2.66%,0,1,17,2,1,PHI,MIN,BB,BB,,1
Ross Fire,47,872,Sonny Streaker,2065,765,1B,107,B3,2,1,1,2,4.34%,-4.34%,0,0,17,2,1,PHI,MIN,1B,1B,,1
Conrad Love,300,195,Sonny Streaker,2065,110,1B,85,B3,2,5,1,2,16.20%,-16.20%,1,0,17,2,1,PHI,MIN,1B,1B,,1
Rory Nipponsteer,1992,750,Sonny Streaker,2065,200,LGO,450,B3,2,5,2,2,-7.87%,7.87%,0,0,17,2,1,PHI,MIN,LGO,LGO,,1
Hashcoin Shitstorm,3277,180,Cy Hadd,3295,678,LGO,498,T4,0,0,2,2,-3.58%,3.58%,0,0,18,2,1,MIN,PHI,LGO,LGO,,1
"Jake ""JP"" Panik",267,304,Cy Hadd,3295,1,K,303,T4,1,0,2,2,-3.19%,3.19%,0,0,18,2,1,MIN,PHI,K,K,,1
Miguel Snow,290,760,Cy Hadd,3295,441,K,319,T4,2,0,2,2,-2.75%,2.75%,0,0,18,2,1,MIN,PHI,K,K,,1
Hunter Tuzero,346,79,Sonny Streaker,2065,980,1B,99,B4,0,0,2,2,3.11%,-3.11%,0,1,19,2,1,PHI,MIN,1B,1B,,1
Martin Barnar,2088,873,Sonny Streaker,2065,197,K,324,B4,0,1,2,2,-3.88%,3.88%,0,0,19,2,1,PHI,MIN,K,K,,1
Jay Lupp,3278,864,Sonny Streaker,2065,1,1B,137,B4,1,1,2,2,4.93%,-4.93%,0,0,19,2,1,PHI,MIN,1B,1B,,1
Justin Virga,3279,742,Sonny Streaker,2065,780,2B,38,B4,1,4,2,2,21.62%,-21.62%,1,0,19,2,1,PHI,MIN,2B,2B,,1
Cy Hadd,3295,178,Sonny Streaker,2065,837,PO,341,B4,1,6,3,2,-6.79%,6.79%,0,0,19,2,1,PHI,MIN,PO,PO,,1
Kyle Mack,2011,103,Sonny Streaker,2065,933,FO,170,B4,2,6,3,2,-5.43%,5.43%,0,0,19,2,1,PHI,MIN,FO,FO,,1
Chad Barrett,2030,37,Cy Hadd,3295,325,K,288,T5,0,0,3,2,-4.98%,4.98%,0,0,20,2,1,MIN,PHI,K,K,,1
Jack Marnette,213,707,Cy Hadd,3295,27,K,320,T5,1,0,3,2,-4.32%,4.32%,0,0,20,2,1,MIN,PHI,K,K,,1
Sonny Streaker,2065,779,Cy Hadd,3295,61,K,282,T5,2,0,3,2,-3.61%,3.61%,0,0,20,2,1,MIN,PHI,K,K,,1
Ross Fire,47,130,Sonny Streaker,2065,887,FO,243,B5,0,0,3,2,-1.37%,1.37%,0,0,21,2,1,PHI,MIN,FO,FO,,1
Conrad Love,300,900,Sonny Streaker,2065,110,FO,210,B5,1,0,3,2,-1.30%,1.30%,0,0,21,2,1,PHI,MIN,FO,FO,,1
Rory Nipponsteer,1992,143,Sonny Streaker,2065,27,BB,116,B5,2,0,3,2,1.06%,-1.06%,0,0,21,2,1,PHI,MIN,BB,BB,,1
Hunter Tuzero,346,101,Sonny Streaker,2065,722,LGO,379,B5,2,1,3,2,-2.20%,2.20%,0,0,21,2,1,PHI,MIN,LGO,LGO,,1
C.W. Mitzel,2127,969,Cy Hadd,3295,244,FO,275,T6,0,0,3,2,-6.73%,6.73%,0,0,22,2,1,MIN,PHI,FO,FO,,1
Dark Bobman,359,210,Cy Hadd,3295,773,LGO,437,T6,1,0,3,2,-6.00%,6.00%,0,0,22,2,1,MIN,PHI,LGO,LGO,,1
Twinkie Power,2128,501,Cy Hadd,3295,151,K,350,T6,2,0,3,2,-5.13%,5.13%,0,0,22,2,1,MIN,PHI,K,K,,1
Jimbo Fishy,1984,546,Grey Goose McGillicuddy,1961,537,HR,9,T1,0,0,0,0,11.33%,-11.33%,1,1,23,3,1,HOU,ARI,HR,HR,,1
Rupert Apple,3280,67,Grey Goose McGillicuddy,1961,613,LGO,454,T1,0,0,0,1,-2.09%,2.09%,0,0,23,3,1,HOU,ARI,LGO,LGO,,1
Triston Uzumaki,125,180,Grey Goose McGillicuddy,1961,818,PO,362,T1,1,0,0,1,-1.84%,1.84%,0,0,23,3,1,HOU,ARI,PO,PO,,1
Buck Cheeks,457,133,Grey Goose McGillicuddy,1961,400,FO,267,T1,2,0,0,1,-1.47%,1.47%,0,0,23,3,1,HOU,ARI,FO,FO,,1
Tsar Zaar,274,287,Willoughby Hoose,112,781,LGO,494,B1,0,0,0,1,-2.79%,2.79%,0,0,24,3,1,ARI,HOU,LGO,LGO,,1
Garren Smudge,133,376,Willoughby Hoose,112,348,2B,28,B1,1,0,0,1,4.97%,-4.97%,0,1,24,3,1,ARI,HOU,2B,2B,,1
Assassin Panda,15,272,Willoughby Hoose,112,164,1B,108,B1,1,2,0,1,5.70%,-5.70%,0,1,24,3,1,ARI,HOU,1B,1B,,1
I.M. Organic,2132,522,Willoughby Hoose,112,635,BB,113,B1,1,5,0,1,5.42%,-5.42%,0,0,24,3,1,ARI,HOU,BB,BB,,1
Trey Rangers,224,888,Willoughby Hoose,112,14,1B,126,B1,1,7,0,1,10.38%,-10.38%,1,0,24,3,1,ARI,HOU,1B,1B,,1
Rico Veringhipster,2014,540,Willoughby Hoose,112,322,Sac,218,B1,1,7,1,1,0.36%,-0.36%,1,0,24,3,1,ARI,HOU,FO,FO,,1
Obi-Wan Canoli,3281,888,Willoughby Hoose,112,414,LGO,474,B1,2,4,2,1,-5.08%,5.08%,0,0,24,3,1,ARI,HOU,LGO,LGO,,1
Jay Money,241,165,Grey Goose McGillicuddy,1961,211,1B,46,T2,0,0,2,1,3.46%,-3.46%,0,0,25,3,1,HOU,ARI,1B,1B,,1
Jasper Orbit,1983,400,Grey Goose McGillicuddy,1961,770,K,370,T2,0,1,2,1,-3.57%,3.57%,0,0,25,3,1,HOU,ARI,K,K,,1
Lemmy Fraser,2166,222,Grey Goose McGillicuddy,1961,948,FO,274,T2,1,1,2,1,-3.11%,3.11%,0,0,25,3,1,HOU,ARI,FO,FO,,1
Jacques Blaque,2202,457,Grey Goose McGillicuddy,1961,120,K,337,T2,2,1,2,1,-4.20%,4.20%,0,0,25,3,1,HOU,ARI,K,K,,1
S.K. Brettbug,2015,673,Willoughby Hoose,112,232,LGO,441,B2,0,0,2,1,-2.00%,2.00%,0,0,26,3,1,ARI,HOU,LGO,LGO,,1
Grey Goose McGillicuddy,1961,344,Willoughby Hoose,112,10,K,334,B2,1,0,2,1,-1.83%,1.83%,0,0,26,3,1,ARI,HOU,K,K,,1
Tsar Zaar,274,950,Willoughby Hoose,112,876,1B,74,B2,2,0,2,1,1.60%,-1.60%,0,0,26,3,1,ARI,HOU,1B,1B,,1
Garren Smudge,133,42,Willoughby Hoose,112,255,FO,213,B2,2,1,2,1,-3.16%,3.16%,0,0,26,3,1,ARI,HOU,FO,FO,,1
Willoughby Hoose,112,665,Grey Goose McGillicuddy,1961,13,K,348,T3,0,0,2,1,-3.32%,3.32%,0,0,27,3,1,HOU,ARI,K,K,,1
Jimbo Fishy,1984,772,Grey Goose McGillicuddy,1961,40,FO,268,T3,1,0,2,1,-2.85%,2.85%,0,0,27,3,1,HOU,ARI,FO,FO,,1
Rupert Apple,3280,200,Grey Goose McGillicuddy,1961,720,LGO,480,T3,2,0,2,1,-2.26%,2.26%,0,0,27,3,1,HOU,ARI,LGO,LGO,,1
Assassin Panda,15,321,Willoughby Hoose,112,125,FO,196,B3,0,0,2,1,-2.04%,2.04%,0,0,28,3,1,ARI,HOU,FO,FO,,1
I.M. Organic,2132,450,Willoughby Hoose,112,134,K,316,B3,1,0,2,1,-1.80%,1.80%,0,0,28,3,1,ARI,HOU,K,K,,1
Trey Rangers,224,760,Willoughby Hoose,112,962,FO,202,B3,2,0,2,1,-1.62%,1.62%,0,0,28,3,1,ARI,HOU,FO,FO,,1
Triston Uzumaki,125,500,Grey Goose McGillicuddy,1961,70,LGO,430,T4,0,0,2,1,-3.96%,3.96%,0,0,29,3,1,HOU,ARI,LGO,LGO,,1
Buck Cheeks,457,212,Grey Goose McGillicuddy,1961,611,K,399,T4,1,0,2,1,-3.37%,3.37%,0,0,29,3,1,HOU,ARI,K,K,,1
Jay Money,241,840,Grey Goose McGillicuddy,1961,40,FO,200,T4,2,0,2,1,-2.78%,2.78%,0,0,29,3,1,HOU,ARI,FO,FO,,1
Rico Veringhipster,2014,615,Willoughby Hoose,112,631,3B,16,B4,0,0,2,1,7.86%,-7.86%,0,1,30,3,1,ARI,HOU,3B,3B,,1
Obi-Wan Canoli,3281,954,Willoughby Hoose,112,886,1B,68,B4,0,3,2,1,2.98%,-2.98%,1,0,30,3,1,ARI,HOU,1B,1B,,1
S.K. Brettbug,2015,942,Willoughby Hoose,112,802,1B,140,B4,0,1,3,1,2.07%,-2.07%,0,0,30,3,1,ARI,HOU,1B,1B,,1
Grey Goose McGillicuddy,1961,899,Willoughby Hoose,112,587,K,312,B4,0,4,3,1,-1.71%,1.71%,0,0,30,3,1,ARI,HOU,K,K,,1
Tsar Zaar,274,391,Willoughby Hoose,112,622,FO,231,B4,1,4,3,1,-1.55%,1.55%,0,0,30,3,1,ARI,HOU,FO,FO,,1
Garren Smudge,133,545,Willoughby Hoose,112,887,K,342,B4,2,4,3,1,-2.65%,2.65%,0,0,30,3,1,ARI,HOU,K,K,,1
Jasper Orbit,1983,200,Grey Goose McGillicuddy,1961,72,1B,128,T5,0,0,3,1,5.36%,-5.36%,0,0,31,3,1,HOU,ARI,1B,1B,,1
Lemmy Fraser,2166,812,Grey Goose McGillicuddy,1961,400,K,412,T5,0,1,3,1,-4.68%,4.68%,0,0,31,3,1,HOU,ARI,K,K,,1
Jacques Blaque,2202,327,Grey Goose McGillicuddy,1961,960,K,367,T5,1,1,3,1,-4.16%,4.16%,0,0,31,3,1,HOU,ARI,K,K,,1
Willoughby Hoose,112,665,Grey Goose McGillicuddy,1961,13,K,348,T5,2,1,3,1,-4.84%,4.84%,0,0,31,3,1,HOU,ARI,K,K,,1
Assassin Panda,15,435,Willoughby Hoose,112,398,2B,37,B5,0,0,3,1,1.61%,-1.61%,0,0,32,3,1,ARI,HOU,2B,2B,,1
Will Power,8,770,Willoughby Hoose,112,12,FO,242,B5,0,2,3,1,-1.02%,1.02%,0,0,32,3,1,ARI,HOU,FO,FO,,1
Trey Rangers,224,242,Willoughby Hoose,112,18,FO,224,B5,1,2,3,1,-0.93%,0.93%,0,0,32,3,1,ARI,HOU,FO,FO,,1
Rico Veringhipster,2014,808,Willoughby Hoose,112,358,LGO,450,B5,2,2,3,1,-1.48%,1.48%,0,0,32,3,1,ARI,HOU,LGO,LGO,,1
Jimbo Fishy,1984,528,Grey Goose McGillicuddy,1961,210,K,318,T6,0,0,3,1,-3.81%,3.81%,0,0,33,3,1,HOU,ARI,K,K,,1
Rupert Apple,3280,721,Grey Goose McGillicuddy,1961,770,2B,49,T6,1,0,3,1,7.24%,-7.24%,0,1,33,3,1,HOU,ARI,2B,2B,,1
Triston Uzumaki,125,696,Grey Goose McGillicuddy,1961,120,LGO,424,T6,1,2,3,1,-6.63%,6.63%,0,0,33,3,1,HOU,ARI,LGO,LGO,,1
Buck Cheeks,457,31,Grey Goose McGillicuddy,1961,3,HR,28,T6,2,2,3,1,34.28%,-34.28%,2,1,33,3,1,HOU,ARI,HR,HR,,1
Jay Money,241,856,Grey Goose McGillicuddy,1961,40,BB,184,T6,2,0,3,3,4.02%,-4.02%,0,0,33,3,1,HOU,ARI,BB,BB,,1
Jasper Orbit,1983,715,Grey Goose McGillicuddy,1961,190,LGO,475,T6,2,1,3,3,-8.93%,8.93%,0,0,33,3,1,HOU,ARI,LGO,LGO,,1
Grey Goose McGillicuddy,1961,623,Willoughby Hoose,112,216,K,407,B6,0,0,3,3,-5.27%,5.27%,0,0,34,3,1,ARI,HOU,K,K,,1
S.K. Brettbug,2015,190,Willoughby Hoose,112,841,K,349,B6,1,0,3,3,-5.09%,5.09%,0,0,34,3,1,ARI,HOU,K,K,,1
Grey Goose McGillicuddy,1961,404,Willoughby Hoose,112,457,2B,53,B6,2,0,3,3,7.75%,-7.75%,0,0,34,3,1,ARI,HOU,2B,2B,,1
Tsar Zaar,274,102,Willoughby Hoose,112,457,K,355,B6,2,2,3,3,-26.25%,26.25%,0,0,34,3,1,ARI,HOU,K,K,,1
Lemmy Fraser,2166,952,Grey Goose McGillicuddy,1961,770,FO,182,T7,0,2,3,3,-9.04%,9.04%,0,0,35,3,1,HOU,ARI,FO,FO,,1
Jacques Blaque,2202,567,Grey Goose McGillicuddy,1961,127,LGO,440,T7,1,2,3,3,-7.31%,7.31%,0,0,35,3,1,HOU,ARI,LGO,LGO,,1
Willoughby Hoose,112,1,Grey Goose McGillicuddy,1961,960,2B,41,T7,2,2,3,3,34.19%,-34.19%,1,0,35,3,1,HOU,ARI,2B,2B,,1
Jimbo Fishy,1984,421,Grey Goose McGillicuddy,1961,4,LGO,417,T7,2,2,3,4,-25.24%,25.24%,0,0,35,3,1,HOU,ARI,LGO,LGO,,1
Garren Smudge,133,399,Willoughby Hoose,112,652,FO,253,B7,0,2,3,4,-13.47%,13.47%,0,0,36,3,1,ARI,HOU,FO,FO,,1
Assassin Panda,15,282,Willoughby Hoose,112,430,BB,148,B7,1,2,3,4,1.40%,-1.40%,0,0,36,3,1,ARI,HOU,BB,BB,,1
Will Power,8,197,Willoughby Hoose,112,648,DP,451,B7,1,4,3,4,-31.94%,31.94%,0,0,36,3,1,ARI,HOU,LGO,LGO,,1
falcs51,3282,22,Sal Shark,2147,1,2B,21,T1,0,0,0,0,6.33%,-6.33%,0,1,37,4,1,PIT,OAK,2B,2B,,1
Splash Nelson,312,487,Sal Shark,2147,212,FO,275,T1,0,2,0,0,-4.19%,4.19%,0,0,37,4,1,PIT,OAK,FO,FO,,1
Gare Doctor,307,741,Sal Shark,2147,67,K,326,T1,1,2,0,0,-3.78%,3.78%,0,0,37,4,1,PIT,OAK,K,K,,1
Jameson Poe,310,608,Sal Shark,2147,500,BB,108,T1,2,2,0,0,1.74%,-1.74%,0,1,37,4,1,PIT,OAK,BB,BB,,1
Johnny Hopkins,2070,627,Sal Shark,2147,608,HR,19,T1,2,4,0,0,27.37%,-27.37%,3,1,37,4,1,PIT,OAK,HR,HR,,1
Lance Lummox,314,697,Sal Shark,2147,879,FO,182,T1,2,0,0,3,-0.91%,0.91%,0,0,37,4,1,PIT,OAK,FO,FO,,1
Art Zyz,1982,362,Darth Vader,336,720,K,358,B1,0,0,0,3,-2.35%,2.35%,0,0,38,4,1,OAK,PIT,K,K,,1
Bobson Dugnutt,2096,101,Darth Vader,336,881,FO,220,B1,1,0,0,3,-1.98%,1.98%,0,0,38,4,1,OAK,PIT,FO,FO,,1
Boaty McBoatface,2095,250,Darth Vader,336,133,1B,117,B1,2,0,0,3,1.90%,-1.90%,0,1,38,4,1,OAK,PIT,1B,1B,,1
Caleb VanVacter,2103,500,Darth Vader,336,487,HR,13,B1,2,1,0,3,17.91%,-17.91%,2,1,38,4,1,OAK,PIT,HR,HR,,1
Blue Moon Barthelemy,2025,666,Darth Vader,336,680,HR,14,B1,2,0,2,3,12.88%,-12.88%,1,1,38,4,1,OAK,PIT,HR,HR,,1
Graham Othrie,2139,369,Darth Vader,336,232,BB,137,B1,2,0,3,3,1.90%,-1.90%,0,0,38,4,1,OAK,PIT,BB,BB,,1
Rick Gymnast,3283,971,Darth Vader,336,220,FO,249,B1,2,1,3,3,-3.69%,3.69%,0,0,38,4,1,OAK,PIT,FO,FO,,1
Baxter Payne,2021,79,Sal Shark,2147,725,K,354,T2,0,0,3,3,-2.72%,2.72%,0,0,39,4,1,PIT,OAK,K,K,,1
Cook Froster,2033,371,Sal Shark,2147,250,1B,121,T2,1,0,3,3,2.57%,-2.57%,0,0,39,4,1,PIT,OAK,1B,1B,,1
Darth Vader,336,52,Sal Shark,2147,7,2B,45,T2,1,1,3,3,10.50%,-10.50%,0,0,39,4,1,PIT,OAK,2B,2B,,1
falcs51,3282,450,Sal Shark,2147,50,LGO,400,T2,1,6,3,3,-9.54%,9.54%,0,0,39,4,1,PIT,OAK,LGO,LGO,,2
Splash Nelson,312,820,Sal Shark,2147,616,FO,204,T2,2,6,3,3,-7.92%,7.92%,0,0,39,4,1,PIT,OAK,FO,FO,,1
Kid Notcher,429,42,Darth Vader,336,822,FO,220,B2,0,0,3,3,-2.72%,2.72%,0,0,40,4,1,OAK,PIT,FO,FO,,1
Sal Shark,2147,790,Darth Vader,336,866,1B,76,B2,1,0,3,3,2.47%,-2.47%,0,0,40,4,1,OAK,PIT,1B,1B,,1
Art Zyz,1982,347,Darth Vader,336,97,FO,250,B2,1,1,3,3,-2.78%,2.78%,0,0,40,4,1,OAK,PIT,FO,FO,,1
Bobson Dugnutt,2096,500,Darth Vader,336,229,FO,271,B2,2,1,3,3,-4.10%,4.10%,0,0,40,4,1,OAK,PIT,FO,FO,,1
Gare Doctor,307,412,Sal Shark,2147,250,BB,162,T3,0,0,3,3,3.31%,-3.31%,0,0,41,4,1,PIT,OAK,BB,BB,,1
Jameson Poe,310,816,Sal Shark,2147,250,DP,434,T3,0,1,3,3,-9.08%,9.08%,0,0,41,4,1,PIT,OAK,LGO,LGO,,1
Johnny Hopkins,2070,22,Sal Shark,2147,125,1B,103,T3,2,0,3,3,2.50%,-2.50%,0,0,41,4,1,PIT,OAK,1B,1B,,1
Lance Lummox,314,750,Sal Shark,2147,372,PO,378,T3,2,1,3,3,-4.81%,4.81%,0,0,41,4,1,PIT,OAK,PO,PO,,1
Boaty McBoatface,2095,100,Darth Vader,336,342,FO,242,B3,0,0,3,3,-3.07%,3.07%,0,0,42,4,1,OAK,PIT,FO,FO,,1
Caleb VanVacter,2103,975,Darth Vader,336,910,1B,65,B3,1,0,3,3,2.70%,-2.70%,0,0,42,4,1,OAK,PIT,1B,1B,,1
Blue Moon Barthelemy,2025,22,Darth Vader,336,582,DP,440,B3,1,1,3,3,-7.74%,7.74%,0,0,42,4,1,OAK,PIT,LGO,LGO,,1
Baxter Payne,2021,500,Sal Shark,2147,765,FO,265,T4,0,0,3,3,-3.58%,3.58%,0,0,43,4,1,PIT,OAK,FO,FO,,1
Cook Froster,2033,715,Sal Shark,2147,100,LGO,385,T4,1,0,3,3,-3.19%,3.19%,0,0,43,4,1,PIT,OAK,LGO,LGO,,1
Darth Vader,336,375,Sal Shark,2147,800,LGO,425,T4,2,0,3,3,-2.75%,2.75%,0,0,43,4,1,PIT,OAK,LGO,LGO,,1
Graham Othrie,2139,782,Darth Vader,336,622,FO,160,B4,0,0,3,3,-3.43%,3.43%,0,0,44,4,1,OAK,PIT,FO,FO,,1
Rick Gymnast,3283,179,Darth Vader,336,706,LGO,473,B4,1,0,3,3,-3.17%,3.17%,0,0,44,4,1,OAK,PIT,LGO,LGO,,1
Kid Notcher,429,414,Darth Vader,336,392,1B,22,B4,2,0,3,3,2.65%,-2.65%,0,0,44,4,1,OAK,PIT,1B,1B,,1
Sal Shark,2147,550,Darth Vader,336,156,K,394,B4,2,1,3,3,-5.52%,5.52%,0,0,44,4,1,OAK,PIT,K,K,,1
falcs51,3282,805,Sal Shark,2147,680,1B,125,T5,0,0,3,3,4.12%,-4.12%,0,1,45,4,1,PIT,OAK,1B,1B,,1
Splash Nelson,312,400,Sal Shark,2147,750,PO,350,T5,0,1,3,3,-4.96%,4.96%,0,0,45,4,1,PIT,OAK,PO,PO,,1
Gare Doctor,307,250,Sal Shark,2147,415,BB,165,T5,1,1,3,3,6.08%,-6.08%,0,0,45,4,1,PIT,OAK,BB,BB,,1
Jameson Poe,310,77,Sal Shark,2147,800,FO,277,T5,1,4,3,3,-5.78%,5.78%,0,0,45,4,1,PIT,OAK,FO,FO,,1
Johnny Hopkins,2070,820,Sal Shark,2147,950,1B,130,T5,2,4,3,3,23.49%,-23.49%,1,0,45,4,1,PIT,OAK,1B,1B,,1
Lance Lummox,314,225,Sal Shark,2147,350,BB,125,T5,2,5,3,4,2.16%,-2.16%,0,0,45,4,1,PIT,OAK,BB,BB,,1
Baxter Payne,2021,750,Sal Shark,2147,315,LGO,435,T5,2,7,3,4,-8.39%,8.39%,0,0,45,4,1,PIT,OAK,LGO,LGO,,1
Art Zyz,1982,475,Darth Vader,336,212,FO,263,B5,0,0,3,4,-5.77%,5.77%,0,0,46,4,1,OAK,PIT,FO,FO,,1
Bobson Dugnutt,2096,777,Darth Vader,336,181,LGO,404,B5,1,0,3,4,-5.16%,5.16%,0,0,46,4,1,OAK,PIT,LGO,LGO,,1
Boaty McBoatface,2095,750,Darth Vader,336,154,K,404,B5,2,0,3,4,-4.45%,4.45%,0,0,46,4,1,OAK,PIT,K,K,,1
Cook Froster,2033,234,Sal Shark,2147,575,PO,341,T6,0,0,3,4,-1.71%,1.71%,0,0,47,4,1,PIT,OAK,PO,PO,,1
Darth Vader,336,800,Sal Shark,2147,150,K,350,T6,1,0,3,4,-1.62%,1.62%,0,0,47,4,1,PIT,OAK,K,K,,1
falcs51,3282,99,Sal Shark,2147,200,1B,101,T6,2,0,3,4,1.36%,-1.36%,0,0,47,4,1,PIT,OAK,1B,1B,,1
Splash Nelson,312,320,Sal Shark,2147,90,FO,230,T6,2,1,3,4,-2.86%,2.86%,0,0,47,4,1,PIT,OAK,FO,FO,,1
Caleb VanVacter,2103,772,Darth Vader,336,721,1B,51,B6,0,0,3,4,8.33%,-8.33%,0,0,48,4,1,OAK,PIT,1B,1B,,1
Blue Moon Barthelemy,2025,420,Darth Vader,336,802,K,382,B6,0,1,3,4,-9.27%,9.27%,0,0,48,4,1,OAK,PIT,K,K,,1
Graham Othrie,2139,969,Darth Vader,336,562,K,407,B6,1,1,3,4,-7.88%,7.88%,0,0,48,4,1,OAK,PIT,K,K,,1
Rick Gymnast,3283,196,Darth Vader,336,792,LGO,404,B6,2,1,3,4,-13.92%,13.92%,0,0,48,4,1,OAK,PIT,LGO,LGO,,1
Gene Hennig,2040,765,Hudson Quin,58,624,1B,141,T1,0,0,0,0,2.91%,-2.91%,0,1,49,5,1,WAS,NYM,1B,1B,,1
Mylo Grams,396,113,Hudson Quin,58,241,1B,128,T1,0,1,0,0,5.56%,-5.56%,0,1,49,5,1,WAS,NYM,1B,1B,,1
Bo Kinsella,2051,411,Hudson Quin,58,570,BB,159,T1,0,4,0,0,9.34%,-9.34%,0,1,49,5,1,WAS,NYM,BB,BB,,1
Jason Girth,2143,420,Hudson Quin,58,19,K,401,T1,0,7,0,0,-5.92%,5.92%,0,0,49,5,1,WAS,NYM,K,K,,1
Osmosis Jones,37,630,Hudson Quin,58,807,BB,177,T1,1,7,0,0,9.58%,-9.58%,1,1,49,5,1,WAS,NYM,BB,BB,,1
Larry Wayne,2053,10,Hudson Quin,58,967,2B,43,T1,1,7,0,1,13.44%,-13.44%,2,1,49,5,1,WAS,NYM,2B,2B,,1
Herrera O'Doubles,2055,349,Hudson Quin,58,387,2B,38,T1,1,6,0,3,7.38%,-7.38%,2,0,49,5,1,WAS,NYM,2B,2B,,1
James Earl Pwns,2062,779,Hudson Quin,58,114,K,335,T1,1,2,0,5,-1.54%,1.54%,0,0,49,5,1,WAS,NYM,K,K,,1
Jay Bedia,2151,876,Hudson Quin,58,704,FO,172,T1,2,2,0,5,-1.34%,1.34%,0,0,49,5,1,WAS,NYM,FO,FO,,1
Chocolate Smegma,2107,3,Jay Bedia,2151,333,K,330,B1,0,0,0,5,-1.45%,1.45%,0,0,50,5,1,NYM,WAS,K,K,,1
Trey Paste,2037,587,Jay Bedia,2151,122,LGO,465,B1,1,0,0,5,-1.19%,1.19%,0,0,50,5,1,NYM,WAS,LGO,LGO,,1
Mongster Mash,344,200,Jay Bedia,2151,745,LGO,455,B1,2,0,0,5,-0.80%,0.80%,0,0,50,5,1,NYM,WAS,LGO,LGO,,1
Gene Hennig,2040,292,Hudson Quin,58,356,1B,64,T2,0,0,0,5,0.33%,-0.33%,0,0,51,5,1,WAS,NYM,1B,1B,,1
Mylo Grams,396,623,Hudson Quin,58,91,DP,468,T2,0,1,0,5,-1.35%,1.35%,0,0,51,5,1,WAS,NYM,LGO,LGO,,1
Bo Kinsella,2051,269,Hudson Quin,58,550,FO,281,T2,2,0,0,5,-0.49%,0.49%,0,0,51,5,1,WAS,NYM,FO,FO,,1
Master Cashier,93,671,Jay Bedia,2151,98,PO,427,B2,0,0,0,5,-1.41%,1.41%,0,0,52,5,1,NYM,WAS,PO,PO,,1
Red Trapper,453,380,Jay Bedia,2151,103,K,277,B2,1,0,0,5,-1.18%,1.18%,0,0,52,5,1,NYM,WAS,K,K,,1
Xavier Crowbar,2006,160,Jay Bedia,2151,699,LGO,461,B2,2,0,0,5,-0.61%,0.61%,0,0,52,5,1,NYM,WAS,LGO,LGO,,1
Jason Girth,2143,384,Hudson Quin,58,788,K,404,T3,0,0,0,5,-0.42%,0.42%,0,0,53,5,1,WAS,NYM,K,K,,1
Osmosis Jones,37,312,Hudson Quin,58,116,FO,196,T3,1,0,0,5,-0.49%,0.49%,0,0,53,5,1,WAS,NYM,FO,FO,,1
Larry Wayne,2053,985,Hudson Quin,58,447,LGO,462,T3,2,0,0,5,-0.31%,0.31%,0,0,53,5,1,WAS,NYM,LGO,LGO,,1
Pip Squires,2060,218,Jay Bedia,2151,600,PO,382,B3,0,0,0,5,-1.40%,1.40%,0,0,54,5,1,NYM,WAS,PO,PO,,1
John C. Johnson,3284,866,Jay Bedia,2151,500,K,366,B3,1,0,0,5,-0.97%,0.97%,0,0,54,5,1,NYM,WAS,K,K,,1
Hudson Quin,58,4,Jay Bedia,2151,900,1B,104,B3,2,0,0,5,1.09%,-1.09%,0,0,54,5,1,NYM,WAS,1B,1B,,1
Chocolate Smegma,2107,206,Jay Bedia,2151,865,K,341,B3,2,1,0,5,-1.74%,1.74%,0,0,54,5,1,NYM,WAS,K,K,,1
Herrera O'Doubles,2055,728,Hudson Quin,58,412,K,316,T4,0,0,0,5,-0.38%,0.38%,0,0,55,5,1,WAS,NYM,K,K,,1
James Earl Pwns,2062,119,Hudson Quin,58,849,FO,270,T4,1,0,0,5,-0.27%,0.27%,0,0,55,5,1,WAS,NYM,FO,FO,,1
Jay Bedia,2151,200,Hudson Quin,58,615,K,415,T4,2,0,0,5,-0.24%,0.24%,0,0,55,5,1,WAS,NYM,K,K,,1
Trey Paste,2037,222,Jay Bedia,2151,767,LGO,455,B4,0,0,0,5,-1.24%,1.24%,0,0,56,5,1,NYM,WAS,LGO,LGO,,1
Mongster Mash,344,624,Jay Bedia,2151,900,FO,276,B4,1,0,0,5,-0.82%,0.82%,0,0,56,5,1,NYM,WAS,FO,FO,,1
Master Cashier,93,117,Jay Bedia,2151,750,K,367,B4,2,0,0,5,-0.47%,0.47%,0,0,56,5,1,NYM,WAS,K,K,,1
Gene Hennig,2040,603,Hudson Quin,58,334,FO,269,T5,0,0,0,5,-0.18%,0.18%,0,0,57,5,1,WAS,NYM,FO,FO,,1
Mylo Grams,396,515,Hudson Quin,58,373,1B,142,T5,1,0,0,5,0.11%,-0.11%,0,1,57,5,1,WAS,NYM,1B,1B,,1
Bo Kinsella,2051,669,Hudson Quin,58,693,3B,24,T5,1,1,0,5,1.26%,-1.26%,1,0,57,5,1,WAS,NYM,3B,3B,,1
Jason Girth,2143,287,Hudson Quin,58,3,K,284,T5,1,3,0,6,-0.17%,0.17%,0,0,57,5,1,WAS,NYM,K,K,,1
Osmosis Jones,37,416,Hudson Quin,58,177,FO,239,T5,2,3,0,6,-0.19%,0.19%,0,0,57,5,1,WAS,NYM,FO,FO,,1
Red Trapper,453,50,Jay Bedia,2151,350,K,300,B5,0,0,0,6,-0.47%,0.47%,0,0,58,5,1,NYM,WAS,K,K,,1
Xavier Crowbar,2006,266,Jay Bedia,2151,346,1B,80,B5,1,0,0,6,0.48%,-0.48%,0,0,58,5,1,NYM,WAS,1B,1B,,1
Pip Squires,2060,743,Jay Bedia,2151,901,1B,158,B5,1,1,0,6,1.20%,-1.20%,0,0,58,5,1,NYM,WAS,1B,1B,,1
John C. Johnson,3284,42,Jay Bedia,2151,755,FO,287,B5,1,4,0,6,-1.14%,1.14%,0,0,58,5,1,NYM,WAS,FO,FO,,1
Hudson Quin,58,582,Jay Bedia,2151,78,LGO,496,B5,2,4,0,6,-0.96%,0.96%,0,0,58,5,1,NYM,WAS,LGO,LGO,,1
Larry Wayne,2053,333,Hudson Quin,58,672,K,339,T6,0,0,0,6,-0.02%,0.02%,0,0,59,5,1,WAS,NYM,K,K,,1
Herrera O'Doubles,2055,212,Hudson Quin,58,991,FO,221,T6,1,0,0,6,-0.04%,0.04%,0,0,59,5,1,WAS,NYM,FO,FO,,1
James Earl Pwns,2062,10,Hudson Quin,58,366,K,356,T6,2,0,0,6,-0.04%,0.04%,0,0,59,5,1,WAS,NYM,K,K,,1
Chocolate Smegma,2107,500,Jay Bedia,2151,690,FO,190,B6,0,0,0,6,-0.26%,0.26%,0,0,60,5,1,NYM,WAS,FO,FO,,1
Trey Paste,2037,750,Jay Bedia,2151,567,BB,183,B6,1,0,0,6,0.22%,-0.22%,0,0,60,5,1,NYM,WAS,BB,BB,,1
Mongster Mash,344,125,Jay Bedia,2151,12,1B,113,B6,1,1,0,6,0.76%,-0.76%,0,0,60,5,1,NYM,WAS,1B,1B,,1
Master Cashier,93,430,Jay Bedia,2151,99,K,331,B6,1,4,0,6,-0.85%,0.85%,0,0,60,5,1,NYM,WAS,K,K,,1
Red Trapper,453,550,Jay Bedia,2151,364,FO,186,B6,2,4,0,6,-0.27%,0.27%,0,0,60,5,1,NYM,WAS,FO,FO,,1
Whit Merto,162,108,Big Tuna,2091,372,FO,264,T1,0,0,0,0,-2.51%,2.51%,0,0,61,6,1,BAL,DET,FO,FO,,1
Clipper Charge,171,482,Big Tuna,2091,751,FO,269,T1,1,0,0,0,-2.18%,2.18%,0,0,61,6,1,BAL,DET,FO,FO,,1
Bernie Petrol,1972,794,Big Tuna,2091,322,LGO,472,T1,2,0,0,0,-1.76%,1.76%,0,0,61,6,1,BAL,DET,LGO,LGO,,1
BB Bambino Jr.,115,431,Rob Pancakes,1966,69,K,362,B1,0,0,0,0,-2.48%,2.48%,0,0,62,6,1,DET,BAL,K,K,,1
Casey Nine,101,652,Rob Pancakes,1966,630,2B,22,B1,1,0,0,0,4.73%,-4.73%,0,0,62,6,1,DET,BAL,2B,2B,,1
Big Tuna,2091,330,Rob Pancakes,1966,722,K,392,B1,1,2,0,0,-3.77%,3.77%,0,0,62,6,1,DET,BAL,K,K,,1
Valentino Rollin,2089,120,Rob Pancakes,1966,356,FO,236,B1,2,2,0,0,-4.92%,4.92%,0,0,62,6,1,DET,BAL,FO,FO,,1
Sam Smith,158,857,Big Tuna,2091,902,2B,45,T2,0,0,0,0,6.81%,-6.81%,0,1,63,6,1,BAL,DET,2B,2B,,1
Johnny Dickshot,233,232,Big Tuna,2091,545,K,313,T2,0,2,0,0,-4.42%,4.42%,0,0,63,6,1,BAL,DET,K,K,,1
Randy Nummer,2066,702,Big Tuna,2091,824,1B,122,T2,1,2,0,0,10.29%,-10.29%,1,0,63,6,1,BAL,DET,1B,1B,,1
Indy Sayne,151,439,Big Tuna,2091,131,K,308,T2,1,1,0,1,-2.12%,2.12%,0,0,63,6,1,BAL,DET,K,K,,1
Clark Web,3285,268,Big Tuna,2091,788,LGO,480,T2,2,1,0,1,-3.57%,3.57%,0,0,63,6,1,BAL,DET,LGO,LGO,,1
Sevag Vapor,106,433,Rob Pancakes,1966,972,LGO,461,B2,0,0,0,1,-3.11%,3.11%,0,0,64,6,1,DET,BAL,LGO,LGO,,1
Otis Nixon Sr.,107,210,Rob Pancakes,1966,45,FO,165,B2,1,0,0,1,-2.69%,2.69%,0,0,64,6,1,DET,BAL,FO,FO,,1
Merodach Baladan,100,840,Rob Pancakes,1966,510,K,330,B2,2,0,0,1,-2.13%,2.13%,0,0,64,6,1,DET,BAL,K,K,,1
Rob Pancakes,1966,420,Big Tuna,2091,200,FO,220,T3,0,0,0,1,-2.37%,2.37%,0,0,65,6,1,BAL,DET,FO,FO,,1
Whit Merto,162,769,Big Tuna,2091,974,FO,205,T3,1,0,0,1,-2.03%,2.03%,0,0,65,6,1,BAL,DET,FO,FO,,1
Clipper Charge,171,420,Big Tuna,2091,345,1B,75,T3,2,0,0,1,1.75%,-1.75%,0,0,65,6,1,BAL,DET,1B,1B,,1
Bernie Petrol,1972,854,Big Tuna,2091,222,K,368,T3,2,1,0,1,-3.57%,3.57%,0,0,65,6,1,BAL,DET,K,K,,1
Brandon Aconi,2042,879,Rob Pancakes,1966,153,FO,274,B3,0,0,0,1,-3.58%,3.58%,0,0,66,6,1,DET,BAL,FO,FO,,1
Morris Deratt,104,420,Rob Pancakes,1966,295,BB,125,B3,1,0,0,1,3.31%,-3.31%,0,1,66,6,1,DET,BAL,BB,BB,,1
BB Bambino Jr.,115,671,Rob Pancakes,1966,518,1B,153,B3,1,1,0,1,5.85%,-5.85%,0,0,66,6,1,DET,BAL,1B,1B,,1
Casey Nine,101,918,Rob Pancakes,1966,7,1B,89,B3,1,4,0,1,10.86%,-10.86%,0,0,66,6,1,DET,BAL,1B,1B,,1
Big Tuna,2091,478,Rob Pancakes,1966,222,Sac,256,B3,1,7,0,1,-0.05%,0.05%,1,0,66,6,1,DET,BAL,FO,FO,,1
Valentino Rollin,2089,648,Rob Pancakes,1966,162,LGO,486,B3,2,4,1,1,-7.74%,7.74%,0,0,66,6,1,DET,BAL,LGO,LGO,,1
Sam Smith,158,326,Big Tuna,2091,110,FO,216,T4,0,0,1,1,-3.58%,3.58%,0,0,67,6,1,BAL,DET,FO,FO,,1
Johnny Dickshot,233,826,Big Tuna,2091,432,K,394,T4,1,0,1,1,-3.19%,3.19%,0,0,67,6,1,BAL,DET,K,K,,1
Randy Nummer,2066,389,Big Tuna,2091,830,LGO,441,T4,2,0,1,1,-2.75%,2.75%,0,0,67,6,1,BAL,DET,LGO,LGO,,1
Sevag Vapor,106,333,Rob Pancakes,1966,187,1B,146,B4,0,0,1,1,3.11%,-3.11%,0,0,68,6,1,DET,BAL,1B,1B,,1
Otis Nixon Sr.,107,85,Rob Pancakes,1966,320,FO,235,B4,0,1,1,1,-3.88%,3.88%,0,0,68,6,1,DET,BAL,FO,FO,,1
Merodach Baladan,100,840,Rob Pancakes,1966,628,FO,212,B4,1,1,1,1,-3.18%,3.18%,0,0,68,6,1,DET,BAL,FO,FO,,1
Brandon Aconi,2042,347,Rob Pancakes,1966,753,LGO,406,B4,2,1,1,1,-5.52%,5.52%,0,0,68,6,1,DET,BAL,LGO,LGO,,1
Indy Sayne,151,241,Big Tuna,2091,449,FO,208,T5,0,0,1,1,-4.31%,4.31%,0,0,69,6,1,BAL,DET,FO,FO,,1
Clark Web,3285,323,Big Tuna,2091,712,LGO,389,T5,1,0,1,1,-3.90%,3.90%,0,0,69,6,1,BAL,DET,LGO,LGO,,1
Rob Pancakes,1966,651,Big Tuna,2091,935,FO,284,T5,2,0,1,1,-3.51%,3.51%,0,0,69,6,1,BAL,DET,FO,FO,,1
Morris Deratt,104,345,Rob Pancakes,1966,711,K,366,B5,0,0,1,1,-4.12%,4.12%,0,0,70,6,1,DET,BAL,K,K,,1
BB Bambino Jr.,115,292,Rob Pancakes,1966,401,1B,109,B5,1,0,1,1,2.78%,-2.78%,0,0,70,6,1,DET,BAL,1B,1B,,1
Mason Spurs,103,518,Rob Pancakes,1966,765,FO,247,B5,1,1,1,1,-3.49%,3.49%,0,0,70,6,1,DET,BAL,FO,FO,,1
Big Tuna,2091,322,Rob Pancakes,1966,288,2B,34,B5,2,1,1,1,4.59%,-4.59%,0,0,70,6,1,DET,BAL,2B,2B,,1
Valentino Rollin,2089,878,Rob Pancakes,1966,300,PO,422,B5,2,6,1,1,-11.45%,11.45%,0,0,70,6,1,DET,BAL,PO,PO,,1
Whit Merto,162,819,Big Tuna,2091,698,1B,121,T6,0,0,1,1,4.38%,-4.38%,0,0,71,6,1,BAL,DET,1B,1B,,1
Clipper Charge,171,561,Big Tuna,2091,115,DP,446,T6,0,1,1,1,-14.90%,14.90%,0,0,71,6,1,BAL,DET,LGO,LGO,,1
Bernie Petrol,1972,341,Big Tuna,2091,568,FO,227,T6,2,0,1,1,-4.91%,4.91%,0,0,71,6,1,BAL,DET,FO,FO,,1
Sevag Vapor,106,285,Rob Pancakes,1966,669,PO,384,B6,0,0,1,1,-5.27%,5.27%,0,0,72,6,1,DET,BAL,PO,PO,,1
Otis Nixon Sr.,107,880,Rob Pancakes,1966,154,K,274,B6,1,0,1,1,-5.09%,5.09%,0,0,72,6,1,DET,BAL,K,K,,1
Merodach Baladan,100,117,Rob Pancakes,1966,773,K,344,B6,2,0,1,1,-18.50%,18.50%,0,0,72,6,1,DET,BAL,K,K,,1
Sam Smith,158,673,Big Tuna,2091,944,FO,271,T7,0,2,1,1,-9.04%,9.04%,0,0,73,6,1,BAL,DET,FO,FO,,1
Johnny Dickshot,233,238,Big Tuna,2091,817,LGO,421,T7,1,2,1,1,-7.31%,7.31%,0,0,73,6,1,BAL,DET,LGO,LGO,,1
Randy Nummer,2066,19,Big Tuna,2091,228,FO,209,T7,2,2,1,1,-25.25%,25.25%,0,0,73,6,1,BAL,DET,FO,FO,,1
Brandon Aconi,2042,350,Rob Pancakes,1966,501,1B,151,B7,0,2,1,1,21.79%,-21.79%,1,0,74,6,1,DET,BAL,1B,1B,,1
BB Bambino Jr.,115,449,Sonny Streaker,2065,877,LGO,428,T1,0,0,0,0,-2.51%,2.51%,0,0,75,7,2,DET,MIN,LGO,LGO,,1
Casey Nine,101,860,Sonny Streaker,2065,322,LGO,462,T1,1,0,0,0,-2.18%,2.18%,0,0,75,7,2,DET,MIN,LGO,LGO,,1
King Fielder,222,210,Sonny Streaker,2065,223,HR,13,T1,2,0,0,0,12.09%,-12.09%,1,1,75,7,2,DET,MIN,HR,HR,,1
Valentino Rollin,2089,718,Sonny Streaker,2065,988,FO,270,T1,2,0,0,1,-1.47%,1.47%,0,0,75,7,2,DET,MIN,FO,FO,,1
Dark Bobman,359,760,Big Tuna,2091,117,PO,357,B1,0,0,0,1,-2.79%,2.79%,0,0,76,7,2,MIN,DET,PO,PO,,1
Twinkie Power,2128,682,Big Tuna,2091,912,FO,230,B1,1,0,0,1,-2.36%,2.36%,0,0,76,7,2,MIN,DET,FO,FO,,1
Hashcoin Shitstorm,3277,380,Big Tuna,2091,763,K,383,B1,2,0,0,1,-1.88%,1.88%,0,0,76,7,2,MIN,DET,K,K,,1
Otis Nixon Sr.,107,770,Sonny Streaker,2065,766,HR,4,T2,0,0,0,1,10.98%,-10.98%,1,1,77,7,2,DET,MIN,HR,HR,,1
Mason Spurs,103,490,Sonny Streaker,2065,122,LGO,368,T2,0,0,0,2,-1.70%,1.70%,0,0,77,7,2,DET,MIN,LGO,LGO,,1
Sevag Vapor,106,733,Sonny Streaker,2065,333,LGO,400,T2,1,0,0,2,-1.52%,1.52%,0,0,77,7,2,DET,MIN,LGO,LGO,,1
Morris Deratt,104,666,Sonny Streaker,2065,3,PO,337,T2,2,0,0,2,-1.37%,1.37%,0,0,77,7,2,DET,MIN,PO,PO,,1
"Jake ""JP"" Panik",267,340,Big Tuna,2091,78,FO,262,B2,0,0,0,2,-2.94%,2.94%,0,0,78,7,2,MIN,DET,FO,FO,,1
Miguel Snow,290,666,Big Tuna,2091,338,K,328,B2,1,0,0,2,-2.53%,2.53%,0,0,78,7,2,MIN,DET,K,K,,1
Victor Justice,410,818,Big Tuna,2091,212,PO,394,B2,2,0,0,2,-1.92%,1.92%,0,0,78,7,2,MIN,DET,PO,PO,,1
Big Tuna,2091,446,Sonny Streaker,2065,775,PO,329,T3,0,0,0,2,-1.72%,1.72%,0,0,79,7,2,DET,MIN,PO,PO,,1
BB Bambino Jr.,115,685,Sonny Streaker,2065,213,LGO,472,T3,1,0,0,2,-1.56%,1.56%,0,0,79,7,2,DET,MIN,LGO,LGO,,1
Casey Nine,101,514,Sonny Streaker,2065,5,LGO,491,T3,2,0,0,2,-1.30%,1.30%,0,0,79,7,2,DET,MIN,LGO,LGO,,1
Jack Marnette,213,307,Big Tuna,2091,508,FO,201,B3,0,0,0,2,-3.28%,3.28%,0,0,80,7,2,MIN,DET,FO,FO,,1
C.W. Mitzel,2127,103,Big Tuna,2091,45,1B,58,B3,1,0,0,2,3.33%,-3.33%,0,0,80,7,2,MIN,DET,1B,1B,,1
Sonny Streaker,2065,670,Big Tuna,2091,273,DP,397,B3,1,1,0,2,-8.18%,8.18%,0,0,80,7,2,MIN,DET,LGO,LGO,,1
King Fielder,222,420,Sonny Streaker,2065,677,K,257,T4,0,0,0,2,-1.53%,1.53%,0,0,81,7,2,DET,MIN,K,K,,1
Valentino Rollin,2089,488,Sonny Streaker,2065,792,K,304,T4,1,0,0,2,-1.44%,1.44%,0,0,81,7,2,DET,MIN,K,K,,1
Otis Nixon Sr.,107,850,Sonny Streaker,2065,901,3B,51,T4,2,0,0,2,2.26%,-2.26%,0,1,81,7,2,DET,MIN,3B,3B,,1
Mason Spurs,103,717,Sonny Streaker,2065,777,1B,60,T4,2,3,0,2,7.73%,-7.73%,1,0,81,7,2,DET,MIN,1B,1B,,1
Sevag Vapor,106,670,Sonny Streaker,2065,336,LGO,334,T4,2,1,0,3,-1.60%,1.60%,0,0,81,7,2,DET,MIN,LGO,LGO,,1
Dark Bobman,359,105,Big Tuna,2091,895,FO,210,B4,0,0,0,3,-2.76%,2.76%,0,0,82,7,2,MIN,DET,FO,FO,,1
Twinkie Power,2128,999,Big Tuna,2091,104,1B,105,B4,1,0,0,3,3.15%,-3.15%,0,0,82,7,2,MIN,DET,1B,1B,,1
Hashcoin Shitstorm,3277,598,Big Tuna,2091,77,DP,479,B4,1,1,0,3,-6.82%,6.82%,0,0,82,7,2,MIN,DET,LGO,LGO,,1
Morris Deratt,104,100,Sonny Streaker,2065,117,HR,17,T5,0,0,0,3,3.79%,-3.79%,1,1,83,7,2,DET,MIN,HR,HR,,1
Big Tuna,2091,645,Sonny Streaker,2065,717,1B,72,T5,0,0,0,4,0.33%,-0.33%,0,0,83,7,2,DET,MIN,1B,1B,,1
BB Bambino Jr.,115,484,Sonny Streaker,2065,899,DP,415,T5,0,1,0,4,-1.04%,1.04%,0,0,83,7,2,DET,MIN,LGO,LGO,,1
Casey Nine,101,377,Sonny Streaker,2065,933,LGO,444,T5,2,0,0,4,-0.30%,0.30%,0,0,83,7,2,DET,MIN,LGO,LGO,,1
Mike Cal,2126,868,Big Tuna,2091,987,1B,119,B5,0,0,0,4,2.80%,-2.80%,0,0,84,7,2,MIN,DET,1B,1B,,1
Shiny Tenson,2124,279,Big Tuna,2091,747,DP,468,B5,0,1,0,4,-5.61%,5.61%,0,0,84,7,2,MIN,DET,LGO,LGO,,1
Victor Justice,410,463,Big Tuna,2091,312,BB,151,B5,2,0,0,4,1.04%,-1.04%,0,0,84,7,2,MIN,DET,BB,BB,,1
Jack Marnette,213,178,Big Tuna,2091,92,1B,86,B5,2,1,0,4,2.14%,-2.14%,0,0,84,7,2,MIN,DET,1B,1B,,1
C.W. Mitzel,2127,312,Big Tuna,2091,758,LGO,446,B5,2,5,0,4,-3.81%,3.81%,0,0,84,7,2,MIN,DET,LGO,LGO,,1
King Fielder,222,828,Pablo Sanchez,120,24,FO,196,T6,0,0,0,4,-0.18%,0.18%,0,0,85,7,2,DET,MIN,FO,FO,,1
Valentino Rollin,2089,977,Pablo Sanchez,120,24,3B,47,T6,1,0,0,4,0.66%,-0.66%,0,1,85,7,2,DET,MIN,3B,3B,,1
Otis Nixon Sr.,107,24,Pablo Sanchez,120,224,Sac,200,T6,1,3,0,4,0.30%,-0.30%,1,0,85,7,2,DET,MIN,FO,FO,,1
Mason Spurs,103,776,Pablo Sanchez,120,499,FO,277,T6,2,0,0,5,-0.06%,0.06%,0,0,85,7,2,DET,MIN,FO,FO,,1
Pablo Sanchez,120,24,Big Tuna,2091,856,FO,168,B6,0,0,0,5,-0.56%,0.56%,0,0,86,7,2,MIN,DET,FO,FO,,1
Dark Bobman,359,930,Big Tuna,2091,422,LGO,492,B6,1,0,0,5,-0.27%,0.27%,0,0,86,7,2,MIN,DET,LGO,LGO,,1
Twinkie Power,2128,45,Big Tuna,2091,705,K,340,B6,2,0,0,5,-0.09%,0.09%,0,0,86,7,2,MIN,DET,K,K,,1
Gene Hennig,2040,667,Syd Kidd,3,743,1B,76,T1,0,0,0,0,2.91%,-2.91%,0,1,87,8,2,WAS,ARI,1B,1B,,1
Mylo Grams,396,40,Syd Kidd,3,57,3B,17,T1,0,1,0,0,17.19%,-17.19%,1,1,87,8,2,WAS,ARI,3B,3B,,1
Larry Wayne,2053,133,Syd Kidd,3,126,HR,7,T1,0,3,0,1,9.72%,-9.72%,2,1,87,8,2,WAS,ARI,HR,HR,,1
Jason Girth,2143,327,Syd Kidd,3,17,FO,310,T1,0,0,0,3,-1.09%,1.09%,0,0,87,8,2,WAS,ARI,FO,FO,,1
Chad Barrett,2030,890,Syd Kidd,3,756,1B,134,T1,1,0,0,3,1.29%,-1.29%,0,0,87,8,2,WAS,ARI,1B,1B,,1
Osmosis Jones,37,401,Syd Kidd,3,623,FO,222,T1,1,1,0,3,-1.40%,1.40%,0,0,87,8,2,WAS,ARI,FO,FO,,1
Rusty LaRue,2203,571,Syd Kidd,3,290,K,281,T1,2,1,0,3,-2.06%,2.06%,0,0,87,8,2,WAS,ARI,K,K,,1
Tsar Zaar,274,638,Timothy Moyer,2345,733,1B,95,B1,0,0,0,3,3.01%,-3.01%,0,0,88,8,2,ARI,WAS,1B,1B,,1
Obi-Wan Canoli,3281,821,Timothy Moyer,2345,733,1B,88,B1,0,1,0,3,6.62%,-6.62%,0,0,88,8,2,ARI,WAS,1B,1B,,1
I.M. Organic,2132,624,Timothy Moyer,2345,999,K,375,B1,0,4,0,3,-4.74%,4.74%,0,0,88,8,2,ARI,WAS,K,K,,1
Trey Rangers,224,9,Timothy Moyer,2345,534,DP,475,B1,1,4,0,3,-10.64%,10.64%,0,0,88,8,2,ARI,WAS,LGO,LGO,,1
Humphrey Carter,2201,187,Syd Kidd,3,631,LGO,444,T2,0,0,0,3,-1.19%,1.19%,0,0,89,8,2,WAS,ARI,LGO,LGO,,1
Timothy Moyer,2345,256,Syd Kidd,3,2,FO,254,T2,1,0,0,3,-1.15%,1.15%,0,0,89,8,2,WAS,ARI,FO,FO,,1
Gene Hennig,2040,724,Syd Kidd,3,433,K,291,T2,2,0,0,3,-0.89%,0.89%,0,0,89,8,2,WAS,ARI,K,K,,1
Garren Smudge,133,399,Timothy Moyer,2345,178,FO,221,B2,0,0,0,3,-2.53%,2.53%,0,0,90,8,2,ARI,WAS,FO,FO,,1
Will Power,8,363,Timothy Moyer,2345,316,2B,47,B2,1,0,0,3,4.58%,-4.58%,0,1,90,8,2,ARI,WAS,2B,2B,,1
Assassin Panda,15,512,Timothy Moyer,2345,804,K,292,B2,1,2,0,3,-4.10%,4.10%,0,0,90,8,2,ARI,WAS,K,K,,1
Syd Kidd,3,87,Timothy Moyer,2345,33,1B,54,B2,2,2,0,3,8.50%,-8.50%,1,0,90,8,2,ARI,WAS,1B,1B,,1
Garrett Ipnov,2136,475,Timothy Moyer,2345,612,1B,137,B2,2,1,1,3,3.76%,-3.76%,0,0,90,8,2,ARI,WAS,1B,1B,,1
Tsar Zaar,274,215,Timothy Moyer,2345,658,LGO,443,B2,2,5,1,3,-7.87%,7.87%,0,0,90,8,2,ARI,WAS,LGO,LGO,,1
Mylo Grams,396,36,Syd Kidd,3,199,BB,163,T3,0,0,1,3,1.74%,-1.74%,0,0,91,8,2,WAS,ARI,BB,BB,,1
Larry Wayne,2053,100,Syd Kidd,3,603,DP,497,T3,0,1,1,3,-5.02%,5.02%,0,0,91,8,2,WAS,ARI,LGO,LGO,,1
Jason Girth,2143,486,Syd Kidd,3,501,HR,15,T3,2,0,1,3,9.49%,-9.49%,1,1,91,8,2,WAS,ARI,HR,HR,,1
Chad Barrett,2030,72,Syd Kidd,3,908,BB,164,T3,2,0,1,4,0.98%,-0.98%,0,0,91,8,2,WAS,ARI,BB,BB,,1
Osmosis Jones,37,808,Syd Kidd,3,600,FO,208,T3,2,1,1,4,-1.86%,1.86%,0,0,91,8,2,WAS,ARI,FO,FO,,1
Obi-Wan Canoli,3281,455,Timothy Moyer,2345,497,2B,42,B3,0,0,1,4,7.08%,-7.08%,0,0,92,8,2,ARI,WAS,2B,2B,,1
I.M. Organic,2132,656,Timothy Moyer,2345,215,LGO,441,B3,0,2,1,4,-4.76%,4.76%,0,0,92,8,2,ARI,WAS,LGO,LGO,,1
Trey Rangers,224,610,Timothy Moyer,2345,863,FO,253,B3,1,2,1,4,-4.33%,4.33%,0,0,92,8,2,ARI,WAS,FO,FO,,1
Garren Smudge,133,401,Timothy Moyer,2345,109,K,292,B3,2,2,1,4,-4.26%,4.26%,0,0,92,8,2,ARI,WAS,K,K,,1
Rusty LaRue,2203,661,Syd Kidd,3,815,BB,154,T4,0,0,1,4,0.92%,-0.92%,0,1,93,8,2,WAS,ARI,BB,BB,,1
Humphrey Carter,2201,308,Syd Kidd,3,1,K,307,T4,0,1,1,4,-1.21%,1.21%,0,0,93,8,2,WAS,ARI,K,K,,1
Timothy Moyer,2345,128,Syd Kidd,3,41,1B,87,T4,1,1,1,4,1.17%,-1.17%,0,1,93,8,2,WAS,ARI,1B,1B,,1
Gene Hennig,2040,367,Syd Kidd,3,999,PO,368,T4,1,4,1,4,-1.14%,1.14%,0,0,93,8,2,WAS,ARI,PO,PO,,1
Mylo Grams,396,462,Syd Kidd,3,411,1B,51,T4,2,4,1,4,5.01%,-5.01%,1,1,93,8,2,WAS,ARI,1B,1B,,1
Larry Wayne,2053,10,Syd Kidd,3,3,HR,7,T4,2,5,1,5,5.69%,-5.69%,3,1,93,8,2,WAS,ARI,HR,HR,,1
Jason Girth,2143,123,Syd Kidd,3,688,LGO,435,T4,2,0,1,8,-0.07%,0.07%,0,0,93,8,2,WAS,ARI,LGO,LGO,,1
Will Power,8,703,Timothy Moyer,2345,547,BB,156,B4,0,0,1,8,0.72%,-0.72%,0,0,94,8,2,ARI,WAS,BB,BB,,1
Assassin Panda,15,475,Timothy Moyer,2345,27,DP,448,B4,0,1,1,8,-1.41%,1.41%,0,0,94,8,2,ARI,WAS,LGO,LGO,,1
Syd Kidd,3,241,Timothy Moyer,2345,933,K,308,B4,2,0,1,8,-0.16%,0.16%,0,0,94,8,2,ARI,WAS,K,K,,1
Chad Barrett,2030,712,Syd Kidd,3,777,2B,65,T5,0,0,1,8,0.17%,-0.17%,0,0,95,8,2,WAS,ARI,2B,2B,,1
Osmosis Jones,37,127,Syd Kidd,3,924,FO,203,T5,0,2,1,8,-0.13%,0.13%,0,0,95,8,2,WAS,ARI,FO,FO,,1
Rusty LaRue,2203,715,Syd Kidd,3,421,K,294,T5,1,2,1,8,-0.06%,0.06%,0,0,95,8,2,WAS,ARI,K,K,,1
Humphrey Carter,2201,212,Syd Kidd,3,421,FO,209,T5,2,2,1,8,-0.12%,0.12%,0,0,95,8,2,WAS,ARI,FO,FO,,1
Garrett Ipnov,2136,994,Timothy Moyer,2345,981,HR,13,B5,0,0,1,8,0.61%,-0.61%,1,1,96,8,2,ARI,WAS,HR,HR,,1
Rico Veringhipster,2014,86,Timothy Moyer,2345,824,FO,262,B5,0,0,2,8,-0.47%,0.47%,0,0,96,8,2,ARI,WAS,FO,FO,,1
S.K. Brettbug,2015,777,Timothy Moyer,2345,357,LGO,420,B5,1,0,2,8,-0.30%,0.30%,0,0,96,8,2,ARI,WAS,LGO,LGO,,1
Grey Goose McGillicuddy,1961,565,Timothy Moyer,2345,655,1B,90,B5,2,0,2,8,0.25%,-0.25%,0,0,96,8,2,ARI,WAS,1B,1B,,1
Trey Rangers,224,511,Timothy Moyer,2345,478,2B,33,B5,2,1,2,8,0.80%,-0.80%,0,0,96,8,2,ARI,WAS,2B,2B,,1
Garren Smudge,133,179,Timothy Moyer,2345,734,LGO,445,B5,2,6,2,8,-1.17%,1.17%,0,0,96,8,2,ARI,WAS,LGO,LGO,,1
Timothy Moyer,2345,333,Grey Goose McGillicuddy,1961,770,PO,437,T6,0,0,2,8,-0.02%,0.02%,0,0,97,8,2,WAS,ARI,PO,PO,,1
Gene Hennig,2040,127,Grey Goose McGillicuddy,1961,210,1B,83,T6,1,0,2,8,0.01%,-0.01%,0,0,97,8,2,WAS,ARI,1B,1B,,1
Mylo Grams,396,710,Grey Goose McGillicuddy,1961,210,DP,500,T6,1,1,2,8,-0.09%,0.09%,0,0,97,8,2,WAS,ARI,LGO,LGO,,1
Will Power,8,527,Timothy Moyer,2345,560,2B,33,B6,0,0,2,8,0.56%,-0.56%,0,1,98,8,2,ARI,WAS,2B,2B,,1
Assassin Panda,15,130,Timothy Moyer,2345,48,1B,82,B6,0,2,2,8,1.16%,-1.16%,0,1,98,8,2,ARI,WAS,1B,1B,,1
Villar Porn,2184,,Timothy Moyer,2345,,Auto K,,B6,0,5,2,8,-1.03%,1.03%,0,0,98,8,2,ARI,WAS,Auto K,Auto K,,9
Garrett Ipnov,2136,981,Timothy Moyer,2345,101,1B,120,B6,1,5,2,8,1.41%,-1.41%,1,1,98,8,2,ARI,WAS,1B,1B,,1
Rico Veringhipster,2014,702,Timothy Moyer,2345,719,2B,17,B6,1,4,3,8,4.48%,-4.48%,1,0,98,8,2,ARI,WAS,2B,2B,,1
S.K. Brettbug,2015,222,Timothy Moyer,2345,264,1B,42,B6,1,6,4,8,7.39%,-7.39%,1,0,98,8,2,ARI,WAS,1B,1B,,1
Grey Goose McGillicuddy,1961,570,Timothy Moyer,2345,33,DP,463,B6,1,5,5,8,-14.37%,14.37%,0,0,98,8,2,ARI,WAS,LGO,LGO,,1
Trey Paste,2037,900,Cal Tiberius Jr.,199,474,LGO,426,T1,0,0,0,0,-2.51%,2.51%,0,0,99,9,2,NYM,ATL,LGO,LGO,,1
Chocolate Smegma,2107,195,Cal Tiberius Jr.,199,662,LGO,467,T1,1,0,0,0,-2.18%,2.18%,0,0,99,9,2,NYM,ATL,LGO,LGO,,1
Master Cashier,93,980,Cal Tiberius Jr.,199,306,K,326,T1,2,0,0,0,-1.76%,1.76%,0,0,99,9,2,NYM,ATL,K,K,,1
H.B. Boink,1988,333,Hudson Quin,58,283,2B,50,B1,0,0,0,0,6.33%,-6.33%,0,0,100,9,2,ATL,NYM,2B,2B,,1
Cal Tiberius Jr.,199,230,Hudson Quin,58,748,LGO,482,B1,0,2,0,0,-4.08%,4.08%,0,0,100,9,2,ATL,NYM,LGO,LGO,,1
Y.E. Wally,5,412,Hudson Quin,58,882,LGO,470,B1,1,2,0,0,-3.77%,3.77%,0,0,100,9,2,ATL,NYM,LGO,LGO,,1
Charles Lindberg,242,994,Hudson Quin,58,203,FO,209,B1,2,2,0,0,-4.92%,4.92%,0,0,100,9,2,ATL,NYM,FO,FO,,1
Mongster Mash,344,500,Cal Tiberius Jr.,199,536,2B,36,T2,0,0,0,0,6.81%,-6.81%,0,0,101,9,2,NYM,ATL,2B,2B,,1
Art Inova,3286,632,Cal Tiberius Jr.,199,125,LGO,493,T2,0,2,0,0,-4.42%,4.42%,0,0,101,9,2,NYM,ATL,LGO,LGO,,1
Xavier Crowbar,2006,447,Cal Tiberius Jr.,199,910,LGO,463,T2,1,2,0,0,-4.15%,4.15%,0,0,101,9,2,NYM,ATL,LGO,LGO,,1
Pip Squires,2060,624,Cal Tiberius Jr.,199,310,PO,314,T2,2,2,0,0,-5.35%,5.35%,0,0,101,9,2,NYM,ATL,PO,PO,,1
Jake Blee,232,313,Hudson Quin,58,834,LGO,479,B2,0,0,0,0,-2.72%,2.72%,0,0,102,9,2,ATL,NYM,LGO,LGO,,1
Phil Coulson,226,984,Hudson Quin,58,142,BB,158,B2,1,0,0,0,2.47%,-2.47%,0,0,102,9,2,ATL,NYM,BB,BB,,1
Sadler Oriole,231,875,Hudson Quin,58,463,DP,412,B2,1,1,0,0,-6.88%,6.88%,0,0,102,9,2,ATL,NYM,LGO,LGO,,1
Bix Kayne,3287,123,Cal Tiberius Jr.,199,562,LGO,439,T3,0,0,0,0,-3.03%,3.03%,0,0,103,9,2,NYM,ATL,LGO,LGO,,1
Hudson Quin,58,500,Cal Tiberius Jr.,199,172,K,328,T3,1,0,0,0,-2.74%,2.74%,0,0,103,9,2,NYM,ATL,K,K,,1
Trey Paste,2037,900,Cal Tiberius Jr.,199,181,K,281,T3,2,0,0,0,-2.31%,2.31%,0,0,103,9,2,NYM,ATL,K,K,,1
C.J. Bastian,1989,956,Hudson Quin,58,647,K,309,B3,0,0,0,0,-3.07%,3.07%,0,0,104,9,2,ATL,NYM,K,K,,1
Gil Metz,206,82,Hudson Quin,58,197,BB,115,B3,1,0,0,0,2.70%,-2.70%,0,0,104,9,2,ATL,NYM,BB,BB,,1
H.B. Boink,1988,462,Hudson Quin,58,677,FO,215,B3,1,1,0,0,-3.10%,3.10%,0,0,104,9,2,ATL,NYM,FO,FO,,1
Cal Tiberius Jr.,199,560,Hudson Quin,58,677,1B,117,B3,2,1,0,0,3.23%,-3.23%,0,0,104,9,2,ATL,NYM,1B,1B,,1
Y.E. Wally,5,103,Hudson Quin,58,272,FO,169,B3,2,5,0,0,-7.87%,7.87%,0,0,104,9,2,ATL,NYM,FO,FO,,1
Chocolate Smegma,2107,899,Cal Tiberius Jr.,199,404,LGO,495,T4,0,0,0,0,-3.58%,3.58%,0,0,105,9,2,NYM,ATL,LGO,LGO,,1
Master Cashier,93,182,Cal Tiberius Jr.,199,302,BB,120,T4,1,0,0,0,3.19%,-3.19%,0,0,105,9,2,NYM,ATL,BB,BB,,1
Mongster Mash,344,432,Cal Tiberius Jr.,199,925,DP,493,T4,1,1,0,0,-9.13%,9.13%,0,0,105,9,2,NYM,ATL,LGO,LGO,,1
Charles Lindberg,242,712,Hudson Quin,58,285,PO,427,B4,0,0,0,0,-3.43%,3.43%,0,0,106,9,2,ATL,NYM,PO,PO,,1
Jake Blee,232,826,Hudson Quin,58,999,FO,173,B4,1,0,0,0,-3.17%,3.17%,0,0,106,9,2,ATL,NYM,FO,FO,,1
Phil Coulson,226,273,Hudson Quin,58,638,PO,365,B4,2,0,0,0,-2.87%,2.87%,0,0,106,9,2,ATL,NYM,PO,PO,,1
Art Inova,3286,335,Cal Tiberius Jr.,199,736,LGO,401,T5,0,0,0,0,-4.31%,4.31%,0,0,107,9,2,NYM,ATL,LGO,LGO,,1
Xavier Crowbar,2006,210,Cal Tiberius Jr.,199,312,1B,102,T5,1,0,0,0,3.47%,-3.47%,0,0,107,9,2,NYM,ATL,1B,1B,,1
Pip Squires,2060,243,Cal Tiberius Jr.,199,1,FO,242,T5,1,1,0,0,-4.01%,4.01%,0,0,107,9,2,NYM,ATL,FO,FO,,1
Bix Kayne,3287,597,Cal Tiberius Jr.,199,312,K,285,T5,2,1,0,0,-6.87%,6.87%,0,0,107,9,2,NYM,ATL,K,K,,1
Sadler Oriole,231,650,Hudson Quin,58,785,1B,135,B5,0,0,0,0,3.33%,-3.33%,0,0,108,9,2,ATL,NYM,1B,1B,,1
C.J. Bastian,1989,412,Hudson Quin,58,138,K,274,B5,0,1,0,0,-4.67%,4.67%,0,0,108,9,2,ATL,NYM,K,K,,1
Gil Metz,206,408,Hudson Quin,58,290,BB,118,B5,1,1,0,0,5.44%,-5.44%,0,0,108,9,2,ATL,NYM,BB,BB,,1
H.B. Boink,1988,666,Hudson Quin,58,388,FO,278,B5,1,4,0,0,-5.24%,5.24%,0,0,108,9,2,ATL,NYM,FO,FO,,1
Cal Tiberius Jr.,199,472,Hudson Quin,58,626,BB,154,B5,2,4,0,0,3.65%,-3.65%,0,0,108,9,2,ATL,NYM,BB,BB,,1
Y.E. Wally,5,93,Hudson Quin,58,575,LGO,482,B5,2,7,0,0,-14.20%,14.20%,0,0,108,9,2,ATL,NYM,LGO,LGO,,1
Hudson Quin,58,752,Cal Tiberius Jr.,199,602,FO,150,T6,0,0,0,0,-5.44%,5.44%,0,0,109,9,2,NYM,ATL,FO,FO,,1
Trey Paste,2037,313,Cal Tiberius Jr.,199,925,PO,388,T6,1,0,0,0,-5.08%,5.08%,0,0,109,9,2,NYM,ATL,PO,PO,,1
Chocolate Smegma,2107,898,Cal Tiberius Jr.,199,411,LGO,487,T6,2,0,0,0,-4.91%,4.91%,0,0,109,9,2,NYM,ATL,LGO,LGO,,1
Charles Lindberg,242,71,Hudson Quin,58,410,K,339,B6,0,0,0,0,-5.27%,5.27%,0,0,110,9,2,ATL,NYM,K,K,,1
Jake Blee,232,735,Hudson Quin,58,697,2B,38,B6,1,0,0,0,9.58%,-9.58%,0,0,110,9,2,ATL,NYM,2B,2B,,1
Phil Coulson,226,623,Hudson Quin,58,953,K,330,B6,1,2,0,0,-6.92%,6.92%,0,0,110,9,2,ATL,NYM,K,K,,1
Sadler Oriole,231,350,Hudson Quin,58,566,FO,216,B6,2,2,0,0,-26.25%,26.25%,0,0,110,9,2,ATL,NYM,FO,FO,,1
Hyper Scoops,3288,563,Junks Tandem,3276,215,K,348,T7,0,2,0,0,-9.04%,9.04%,0,0,111,9,2,NYM,ATL,K,K,,1
Mongster Mash,344,888,Junks Tandem,3276,1,1B,113,T7,1,2,0,0,10.32%,-10.32%,0,0,111,9,2,NYM,ATL,1B,1B,,1
Art Inova,3286,660,Junks Tandem,3276,156,DP,496,T7,1,5,0,0,-42.88%,42.88%,0,0,111,9,2,NYM,ATL,LGO,LGO,,1
C.J. Bastian,1989,350,Hudson Quin,58,957,K,393,B7,0,2,0,0,-8.43%,8.43%,0,0,112,9,2,ATL,NYM,K,K,,1
Junks Tandem,3276,650,Hudson Quin,58,238,K,412,B7,1,2,0,0,-6.92%,6.92%,0,0,112,9,2,ATL,NYM,K,K,,1
H.B. Boink,1988,137,Hudson Quin,58,638,LGO,499,B7,2,2,0,0,-42.55%,42.55%,0,0,112,9,2,ATL,NYM,LGO,LGO,,1
Xavier Crowbar,2006,832,Junks Tandem,3276,772,1B,60,T8,0,6,0,0,11.24%,-11.24%,1,1,113,9,2,NYM,ATL,1B,1B,,1
Pip Squires,2060,286,Junks Tandem,3276,322,2B,36,T8,0,5,0,1,5.25%,-5.25%,1,0,113,9,2,NYM,ATL,2B,2B,,1
Bix Kayne,3287,584,Junks Tandem,3276,21,LGO,437,T8,0,6,0,2,-1.47%,1.47%,0,0,113,9,2,NYM,ATL,LGO,LGO,,2
Hudson Quin,58,699,Junks Tandem,3276,584,BB,115,T8,1,6,0,2,0.10%,-0.10%,0,0,113,9,2,NYM,ATL,BB,BB,,1
Trey Paste,2037,300,Junks Tandem,3276,88,Sac,212,T8,1,7,0,2,1.31%,-1.31%,1,0,113,9,2,NYM,ATL,FO,FO,,1
Chocolate Smegma,2107,489,Junks Tandem,3276,888,LGO,399,T8,2,4,0,3,-20.56%,20.56%,0,0,113,9,2,NYM,ATL,LGO,LGO,,1
Cal Tiberius Jr.,199,632,Hudson Quin,58,732,1B,100,B8,0,6,0,3,7.45%,-7.45%,1,1,114,9,2,ATL,NYM,1B,1B,,1
Y.E. Wally,5,647,Hudson Quin,58,500,BB,147,B8,0,5,1,3,14.61%,-14.61%,0,1,114,9,2,ATL,NYM,BB,BB,,1
Charles Lindberg,242,222,Hudson Quin,58,881,K,341,B8,0,7,1,3,-9.39%,9.39%,0,0,114,9,2,ATL,NYM,K,K,,1
Jake Blee,232,201,Hudson Quin,58,979,Sac,222,B8,1,7,1,3,-15.40%,15.40%,1,0,114,9,2,ATL,NYM,FO,FO,,1
Phil Coulson,226,650,Hudson Quin,58,631,3B,19,B8,2,4,2,3,78.29%,-78.29%,2,0,114,9,2,ATL,NYM,3B,3B,,1
Jimbo Fishy,1984,236,Rob Pancakes,1966,762,LGO,474,T1,0,0,0,0,-2.51%,2.51%,0,0,115,10,2,HOU,BAL,LGO,LGO,,1
Rupert Apple,3280,111,Rob Pancakes,1966,16,1B,95,T1,1,0,0,0,2.43%,-2.43%,0,0,115,10,2,HOU,BAL,1B,1B,,1
Khalil Underscore,3289,584,Rob Pancakes,1966,620,2B,36,T1,1,1,0,0,9.55%,-9.55%,0,0,115,10,2,HOU,BAL,2B,2B,,1
Buck Cheeks,457,104,Rob Pancakes,1966,381,K,277,T1,1,6,0,0,-8.58%,8.58%,0,0,115,10,2,HOU,BAL,K,K,,1
Jay Money,241,590,Rob Pancakes,1966,117,LGO,473,T1,2,6,0,0,-7.34%,7.34%,0,0,115,10,2,HOU,BAL,LGO,LGO,,1
Whit Merto,162,734,Whitt Bass,39,575,BB,159,B1,0,0,0,0,2.76%,-2.76%,0,0,116,10,2,BAL,HOU,BB,BB,,1
Clipper Charge,171,465,Whitt Bass,39,893,DP,428,B1,0,1,0,0,-7.41%,7.41%,0,0,116,10,2,BAL,HOU,LGO,LGO,,1
Bernie Petrol,1972,218,Whitt Bass,39,111,1B,107,B1,2,0,0,0,1.90%,-1.90%,0,0,116,10,2,BAL,HOU,1B,1B,,1
Sam Smith,158,840,Whitt Bass,39,666,FO,174,B1,2,1,0,0,-3.69%,3.69%,0,0,116,10,2,BAL,HOU,FO,FO,,1
Chester Facto,2032,729,Rob Pancakes,1966,434,K,295,T2,0,0,0,0,-2.72%,2.72%,0,0,117,10,2,HOU,BAL,K,K,,1
Triston Uzumaki,125,813,Rob Pancakes,1966,902,1B,89,T2,1,0,0,0,2.57%,-2.57%,0,0,117,10,2,HOU,BAL,1B,1B,,1
Chris Keebler,2108,18,Rob Pancakes,1966,739,FO,279,T2,1,1,0,0,-2.82%,2.82%,0,0,117,10,2,HOU,BAL,FO,FO,,1
Whitt Bass,39,435,Rob Pancakes,1966,633,BB,198,T2,2,1,0,0,3.17%,-3.17%,0,0,117,10,2,HOU,BAL,BB,BB,,1
Jimbo Fishy,1984,1,Rob Pancakes,1966,540,LGO,461,T2,2,4,0,0,-7.31%,7.31%,0,0,117,10,2,HOU,BAL,LGO,LGO,,1
Johnny Dickshot,233,318,Whitt Bass,39,449,BB,131,B2,0,0,0,0,2.94%,-2.94%,0,0,118,10,2,BAL,HOU,BB,BB,,1
Aaron Range,3290,516,Whitt Bass,39,986,DP,470,B2,0,1,0,0,-8.04%,8.04%,0,0,118,10,2,BAL,HOU,LGO,LGO,,1
Randy Nummer,2066,789,Whitt Bass,39,478,K,311,B2,2,0,0,0,-2.03%,2.03%,0,0,118,10,2,BAL,HOU,K,K,,1
Rupert Apple,3280,350,Rob Pancakes,1966,202,BB,148,T3,0,0,0,0,3.31%,-3.31%,0,0,119,10,2,HOU,BAL,BB,BB,,1
Khalil Underscore,3289,716,Rob Pancakes,1966,202,DP,486,T3,0,1,0,0,-9.08%,9.08%,0,0,119,10,2,HOU,BAL,LGO,LGO,,1
Buck Cheeks,457,811,Rob Pancakes,1966,999,FO,188,T3,2,0,0,0,-2.31%,2.31%,0,0,119,10,2,HOU,BAL,FO,FO,,1
Indy Sayne,151,444,Whitt Bass,39,898,LGO,454,B3,0,0,0,0,-3.07%,3.07%,0,0,120,10,2,BAL,HOU,LGO,LGO,,1
Rob Pancakes,1966,627,Whitt Bass,39,944,PO,317,B3,1,0,0,0,-2.77%,2.77%,0,0,120,10,2,BAL,HOU,PO,PO,,1
Whit Merto,162,217,Whitt Bass,39,324,1B,107,B3,2,0,0,0,2.37%,-2.37%,0,0,120,10,2,BAL,HOU,1B,1B,,1
Clipper Charge,171,234,Whitt Bass,39,26,FO,208,B3,2,1,0,0,-4.64%,4.64%,0,0,120,10,2,BAL,HOU,FO,FO,,1
Jay Money,241,727,Rob Pancakes,1966,202,LGO,475,T4,0,0,0,0,-3.58%,3.58%,0,0,121,10,2,HOU,BAL,LGO,LGO,,1
Chester Facto,2032,444,Rob Pancakes,1966,581,1B,137,T4,1,0,0,0,3.19%,-3.19%,0,0,121,10,2,HOU,BAL,1B,1B,,1
Triston Uzumaki,125,953,Rob Pancakes,1966,1,2B,48,T4,1,1,0,0,14.00%,-14.00%,0,0,121,10,2,HOU,BAL,2B,2B,,1
Chris Keebler,2108,288,Rob Pancakes,1966,461,BB,173,T4,1,6,0,0,1.80%,-1.80%,0,0,121,10,2,HOU,BAL,BB,BB,,1
Whitt Bass,39,827,Rob Pancakes,1966,288,DP,461,T4,1,7,0,0,-24.93%,24.93%,0,0,121,10,2,HOU,BAL,LGO,LGO,,1
Bernie Petrol,1972,275,Whitt Bass,39,488,FO,213,B4,0,0,0,0,-3.43%,3.43%,0,0,122,10,2,BAL,HOU,FO,FO,,1
Sam Smith,158,732,Whitt Bass,39,8,K,276,B4,1,0,0,0,-3.17%,3.17%,0,0,122,10,2,BAL,HOU,K,K,,1
Johnny Dickshot,233,202,Whitt Bass,39,632,LGO,430,B4,2,0,0,0,-2.87%,2.87%,0,0,122,10,2,BAL,HOU,LGO,LGO,,1
Jimbo Fishy,1984,672,Rob Pancakes,1966,710,2B,38,T5,0,0,0,0,10.68%,-10.68%,0,1,123,10,2,HOU,BAL,2B,2B,,1
Rupert Apple,3280,253,Rob Pancakes,1966,820,PO,433,T5,0,2,0,0,-7.02%,7.02%,0,0,123,10,2,HOU,BAL,PO,PO,,1
Khalil Underscore,3289,500,Rob Pancakes,1966,381,BB,119,T5,1,2,0,0,1.58%,-1.58%,0,1,123,10,2,HOU,BAL,BB,BB,,1
Buck Cheeks,457,86,Rob Pancakes,1966,108,2B,22,T5,1,4,0,0,26.33%,-26.33%,1,1,123,10,2,HOU,BAL,2B,2B,,1
Jay Money,241,440,Rob Pancakes,1966,291,1B,149,T5,1,6,0,1,7.14%,-7.14%,1,0,123,10,2,HOU,BAL,1B,1B,,1
Chester Facto,2032,500,Rob Pancakes,1966,181,K,319,T5,1,5,0,2,-3.80%,3.80%,0,0,123,10,2,HOU,BAL,K,K,,1
Triston Uzumaki,125,632,Rob Pancakes,1966,679,2B,47,T5,2,5,0,2,7.40%,-7.40%,1,0,123,10,2,HOU,BAL,2B,2B,,1
Chris Keebler,2108,777,Rob Pancakes,1966,546,FO,231,T5,2,6,0,3,-2.16%,2.16%,0,0,123,10,2,HOU,BAL,FO,FO,,1
Aaron Range,3290,569,Whitt Bass,39,34,LGO,465,B5,0,0,0,3,-2.75%,2.75%,0,0,124,10,2,BAL,HOU,LGO,LGO,,1
Randy Nummer,2066,444,Whitt Bass,39,456,HR,12,B5,1,0,0,3,7.08%,-7.08%,1,1,124,10,2,BAL,HOU,HR,HR,,1
Indy Sayne,151,900,Whitt Bass,39,113,FO,213,B5,1,0,1,3,-3.45%,3.45%,0,0,124,10,2,BAL,HOU,FO,FO,,1
Rob Pancakes,1966,878,Whitt Bass,39,202,PO,324,B5,2,0,1,3,-2.42%,2.42%,0,0,124,10,2,BAL,HOU,PO,PO,,1
Whitt Bass,39,202,Rob Pancakes,1966,878,K,324,T6,0,0,1,3,-0.82%,0.82%,0,0,125,10,2,HOU,BAL,K,K,,1
Jimbo Fishy,1984,878,Rob Pancakes,1966,51,BB,173,T6,1,0,1,3,0.68%,-0.68%,0,0,125,10,2,HOU,BAL,BB,BB,,1
Rupert Apple,3280,439,Rob Pancakes,1966,51,K,388,T6,1,1,1,3,-0.82%,0.82%,0,0,125,10,2,HOU,BAL,K,K,,1
Khalil Underscore,3289,212,Rob Pancakes,1966,684,LGO,472,T6,2,1,1,3,-1.35%,1.35%,0,0,125,10,2,HOU,BAL,LGO,LGO,,1
Whit Merto,162,819,Whitt Bass,39,615,FO,204,B6,0,0,1,3,-4.76%,4.76%,0,0,126,10,2,BAL,HOU,FO,FO,,1
Clipper Charge,171,612,Whitt Bass,39,602,3B,10,B6,1,0,1,3,9.69%,-9.69%,0,0,126,10,2,BAL,HOU,3B,3B,,1
Bernie Petrol,1972,217,Whitt Bass,39,54,BB,163,B6,1,3,1,3,10.27%,-10.27%,0,0,126,10,2,BAL,HOU,BB,BB,,1
Sam Smith,158,752,Whitt Bass,39,374,DP,378,B6,1,5,1,3,-25.83%,25.83%,0,0,126,10,2,BAL,HOU,LGO,LGO,,1
Kyle Mack,2011,103,Sal Shark,2147,1,1B,102,T1,0,0,0,0,2.91%,-2.91%,0,0,127,11,2,PHI,OAK,1B,1B,,1
Conrad Love,300,212,Sal Shark,2147,115,1B,97,T1,0,1,0,0,5.56%,-5.56%,0,0,127,11,2,PHI,OAK,1B,1B,,1
Lefty Schweez,2186,56,Sal Shark,2147,555,DP,499,T1,0,4,0,0,-10.00%,10.00%,0,0,127,11,2,PHI,OAK,LGO,LGO,,1
Rory Nipponsteer,1992,611,Sal Shark,2147,862,FO,251,T1,2,3,0,0,-4.92%,4.92%,0,0,127,11,2,PHI,OAK,FO,FO,,1
Art Zyz,1982,49,Oliver Yu,286,560,LGO,489,B1,0,0,0,0,-2.48%,2.48%,0,0,128,11,2,OAK,PHI,LGO,LGO,,1
Bobson Dugnutt,2096,899,Oliver Yu,286,410,LGO,489,B1,1,0,0,0,-2.17%,2.17%,0,0,128,11,2,OAK,PHI,LGO,LGO,,1
Boaty McBoatface,2095,500,Oliver Yu,286,100,LGO,400,B1,2,0,0,0,-1.79%,1.79%,0,0,128,11,2,OAK,PHI,LGO,LGO,,1
Ronald Eagle Sr.,167,870,Sal Shark,2147,455,LGO,415,T2,0,0,0,0,-2.72%,2.72%,0,0,129,11,2,PHI,OAK,LGO,LGO,,1
Hunter Tuzero,346,500,Sal Shark,2147,910,LGO,410,T2,1,0,0,0,-2.40%,2.40%,0,0,129,11,2,PHI,OAK,LGO,LGO,,1
Ross Fire,47,325,Sal Shark,2147,415,1B,90,T2,2,0,0,0,2.15%,-2.15%,0,1,129,11,2,PHI,OAK,1B,1B,,1
KC Bats,287,705,Sal Shark,2147,700,HR,5,T2,2,1,0,0,23.70%,-23.70%,2,1,129,11,2,PHI,OAK,HR,HR,,1
Oliver Yu,286,350,Sal Shark,2147,115,FO,235,T2,2,0,0,2,-1.37%,1.37%,0,0,129,11,2,PHI,OAK,FO,FO,,1
Caleb VanVacter,2103,832,Oliver Yu,286,884,2B,52,B2,0,0,0,2,7.50%,-7.50%,0,1,130,11,2,OAK,PHI,2B,2B,,1
Blue Moon Barthelemy,2025,599,Oliver Yu,286,850,FO,251,B2,0,2,0,2,-4.69%,4.69%,0,0,130,11,2,OAK,PHI,FO,FO,,1
Graham Othrie,2139,413,Oliver Yu,286,354,2B,59,B2,1,2,0,2,12.33%,-12.33%,1,1,130,11,2,OAK,PHI,2B,2B,,1
Rick Gymnast,3283,118,Oliver Yu,286,100,3B,18,B2,1,2,1,2,17.41%,-17.41%,1,1,130,11,2,OAK,PHI,3B,3B,,1
Kid Notcher,429,619,Oliver Yu,286,523,1B,96,B2,1,3,2,2,7.03%,-7.03%,1,0,130,11,2,OAK,PHI,1B,1B,,1
Sal Shark,2147,870,Oliver Yu,286,340,DP,470,B2,1,1,3,2,-5.17%,5.17%,0,0,130,11,2,OAK,PHI,LGO,LGO,,1
Kyle Mack,2011,321,Sal Shark,2147,775,LGO,454,T3,0,0,3,2,-3.32%,3.32%,0,0,131,11,2,PHI,OAK,LGO,LGO,,1
Conrad Love,300,900,Sal Shark,2147,220,K,320,T3,1,0,3,2,-2.85%,2.85%,0,0,131,11,2,PHI,OAK,K,K,,1
Lefty Schweez,2186,343,Sal Shark,2147,950,LGO,393,T3,2,0,3,2,-2.26%,2.26%,0,0,131,11,2,PHI,OAK,LGO,LGO,,1
Art Zyz,1982,227,Oliver Yu,286,600,PO,373,B3,0,0,3,2,-2.04%,2.04%,0,0,132,11,2,OAK,PHI,PO,PO,,1
Bobson Dugnutt,2096,870,Oliver Yu,286,220,PO,350,B3,1,0,3,2,-1.80%,1.80%,0,0,132,11,2,OAK,PHI,PO,PO,,1
Boaty McBoatface,2095,870,Oliver Yu,286,430,LGO,440,B3,2,0,3,2,-1.62%,1.62%,0,0,132,11,2,OAK,PHI,LGO,LGO,,1
Rory Nipponsteer,1992,,Sal Shark,2147,,Auto K,,T4,0,0,3,2,-3.96%,3.96%,0,0,133,11,2,PHI,OAK,Auto K,Auto K,,9
Ronald Eagle Sr.,167,770,Sal Shark,2147,685,1B,85,T4,1,0,3,2,3.84%,-3.84%,0,0,133,11,2,PHI,OAK,1B,1B,,1
Hunter Tuzero,346,220,Sal Shark,2147,940,FO,280,T4,1,1,3,2,-3.93%,3.93%,0,0,133,11,2,PHI,OAK,FO,FO,,1
Ross Fire,47,575,Sal Shark,2147,225,PO,350,T4,2,1,3,2,-6.06%,6.06%,0,0,133,11,2,PHI,OAK,PO,PO,,1
Caleb VanVacter,2103,10,Cy Hadd,3295,23,HR,13,B4,0,0,3,2,9.90%,-9.90%,1,1,134,11,2,OAK,PHI,HR,HR,,1
Blue Moon Barthelemy,2025,23,Cy Hadd,3295,247,FO,224,B4,0,0,4,2,-1.07%,1.07%,0,0,134,11,2,OAK,PHI,FO,FO,,1
Graham Othrie,2139,768,Cy Hadd,3295,555,FO,213,B4,1,0,4,2,-0.97%,0.97%,0,0,134,11,2,OAK,PHI,FO,FO,,1
Rick Gymnast,3283,862,Cy Hadd,3295,158,K,296,B4,2,0,4,2,-0.86%,0.86%,0,0,134,11,2,OAK,PHI,K,K,,1
KC Bats,287,476,Sal Shark,2147,440,2B,36,T5,0,0,4,2,9.20%,-9.20%,0,0,135,11,2,PHI,OAK,2B,2B,,1
Cy Hadd,3295,777,Sal Shark,2147,115,K,338,T5,0,2,4,2,-6.09%,6.09%,0,0,135,11,2,PHI,OAK,K,K,,1
Kyle Mack,2011,683,Sal Shark,2147,375,K,308,T5,1,2,4,2,-5.82%,5.82%,0,0,135,11,2,PHI,OAK,K,K,,1
Conrad Love,300,683,Sal Shark,2147,1000,K,317,T5,2,2,4,2,-5.61%,5.61%,0,0,135,11,2,PHI,OAK,K,K,,1
Kid Notcher,429,878,Cy Hadd,3295,221,K,343,B5,0,0,4,2,-0.67%,0.67%,0,0,136,11,2,OAK,PHI,K,K,,1
Sal Shark,2147,440,Cy Hadd,3295,222,FO,218,B5,1,0,4,2,-0.64%,0.64%,0,0,136,11,2,OAK,PHI,FO,FO,,1
Art Zyz,1982,148,Cy Hadd,3295,311,1B,163,B5,2,0,4,2,0.61%,-0.61%,0,0,136,11,2,OAK,PHI,1B,1B,,1
Bobson Dugnutt,2096,777,Cy Hadd,3295,112,K,335,B5,2,1,4,2,-1.12%,1.12%,0,0,136,11,2,OAK,PHI,K,K,,1
Lefty Schweez,2186,453,Sal Shark,2147,667,FO,214,T6,0,0,4,2,-3.81%,3.81%,0,0,137,11,2,PHI,OAK,FO,FO,,1
Rory Nipponsteer,1992,13,Sal Shark,2147,830,FO,183,T6,1,0,4,2,-2.88%,2.88%,0,0,137,11,2,PHI,OAK,FO,FO,,1
Ronald Eagle Sr.,167,13,Sal Shark,2147,200,FO,187,T6,2,0,4,2,-1.67%,1.67%,0,0,137,11,2,PHI,OAK,FO,FO,,1
falcs51,3282,350,S.A.R. Dinka,395,131,FO,219,T1,0,0,0,0,-2.51%,2.51%,0,0,138,12,2,PIT,TOR,FO,FO,,1
Splash Nelson,312,600,S.A.R. Dinka,395,323,K,277,T1,1,0,0,0,-2.18%,2.18%,0,0,138,12,2,PIT,TOR,K,K,,1
Gare Doctor,307,454,S.A.R. Dinka,395,637,FO,183,T1,2,0,0,0,-1.76%,1.76%,0,0,138,12,2,PIT,TOR,FO,FO,,1
Lane Drew,190,42,Darth Vader,336,652,PO,390,B1,0,0,0,0,-2.48%,2.48%,0,0,139,12,2,TOR,PIT,PO,PO,,1
Graham Grams,400,711,Darth Vader,336,312,LGO,399,B1,1,0,0,0,-2.17%,2.17%,0,0,139,12,2,TOR,PIT,LGO,LGO,,1
Thomas Berry,446,734,Darth Vader,336,232,LGO,498,B1,2,0,0,0,-1.79%,1.79%,0,0,139,12,2,TOR,PIT,LGO,LGO,,1
Jameson Poe,310,478,S.A.R. Dinka,395,828,PO,350,T2,0,0,0,0,-2.72%,2.72%,0,0,140,12,2,PIT,TOR,PO,PO,,1
Johnny Hopkins,2070,990,S.A.R. Dinka,395,323,PO,333,T2,1,0,0,0,-2.40%,2.40%,0,0,140,12,2,PIT,TOR,PO,PO,,1
Lance Lummox,314,72,S.A.R. Dinka,395,423,LGO,351,T2,2,0,0,0,-1.99%,1.99%,0,0,140,12,2,PIT,TOR,LGO,LGO,,1
Burt Maclin,2101,699,Darth Vader,336,772,1B,73,B2,0,0,0,0,2.94%,-2.94%,0,0,141,12,2,TOR,PIT,1B,1B,,1
Quentin Adams,397,186,Darth Vader,336,598,K,412,B2,0,1,0,0,-3.19%,3.19%,0,0,141,12,2,TOR,PIT,K,K,,1
Daz Reference,2114,764,Darth Vader,336,661,1B,103,B2,1,1,0,0,4.06%,-4.06%,0,0,141,12,2,TOR,PIT,1B,1B,,1
Ziggy Ceder,56,240,Darth Vader,336,402,BB,162,B2,1,4,0,0,8.34%,-8.34%,0,0,141,12,2,TOR,PIT,BB,BB,,1
Mike Honcho,445,845,Darth Vader,336,442,K,403,B2,1,7,0,0,-9.07%,9.07%,0,0,141,12,2,TOR,PIT,K,K,,1
S.A.R. Dinka,395,733,Darth Vader,336,42,K,309,B2,2,7,0,0,-10.21%,10.21%,0,0,141,12,2,TOR,PIT,K,K,,1
Baxter Payne,2021,619,S.A.R. Dinka,395,531,1B,88,T3,0,0,0,0,3.31%,-3.31%,0,0,142,12,2,PIT,TOR,1B,1B,,1
Cook Froster,2033,227,S.A.R. Dinka,395,932,K,295,T3,0,1,0,0,-3.57%,3.57%,0,0,142,12,2,PIT,TOR,K,K,,1
Darth Vader,336,731,S.A.R. Dinka,395,53,PO,322,T3,1,1,0,0,-3.01%,3.01%,0,0,142,12,2,PIT,TOR,PO,PO,,1
falcs51,3282,50,S.A.R. Dinka,395,258,FO,208,T3,2,1,0,0,-4.81%,4.81%,0,0,142,12,2,PIT,TOR,FO,FO,,1
Lane Drew,190,548,Darth Vader,336,132,LGO,416,B3,0,0,0,0,-3.07%,3.07%,0,0,143,12,2,TOR,PIT,LGO,LGO,,1
Graham Grams,400,348,Darth Vader,336,804,LGO,456,B3,1,0,0,0,-2.77%,2.77%,0,0,143,12,2,TOR,PIT,LGO,LGO,,1
Thomas Berry,446,44,Darth Vader,336,815,FO,229,B3,2,0,0,0,-2.27%,2.27%,0,0,143,12,2,TOR,PIT,FO,FO,,1
Splash Nelson,312,822,S.A.R. Dinka,395,349,LGO,473,T4,0,0,0,0,-3.58%,3.58%,0,0,144,12,2,PIT,TOR,LGO,LGO,,1
Gare Doctor,307,24,S.A.R. Dinka,395,170,BB,146,T4,1,0,0,0,3.19%,-3.19%,0,0,144,12,2,PIT,TOR,BB,BB,,1
Jameson Poe,310,593,S.A.R. Dinka,395,777,FO,184,T4,1,1,0,0,-3.50%,3.50%,0,0,144,12,2,PIT,TOR,FO,FO,,1
Johnny Hopkins,2070,271,S.A.R. Dinka,395,820,LGO,451,T4,2,1,0,0,-5.63%,5.63%,0,0,144,12,2,PIT,TOR,LGO,LGO,,1
Burt Maclin,2101,311,Darth Vader,336,588,K,277,B4,0,0,0,0,-3.43%,3.43%,0,0,145,12,2,TOR,PIT,K,K,,1
Quentin Adams,397,985,Darth Vader,336,246,K,261,B4,1,0,0,0,-3.17%,3.17%,0,0,145,12,2,TOR,PIT,K,K,,1
Daz Reference,2114,734,Darth Vader,336,812,1B,78,B4,2,0,0,0,2.65%,-2.65%,0,0,145,12,2,TOR,PIT,1B,1B,,1
Ziggy Ceder,56,46,Darth Vader,336,414,PO,368,B4,2,1,0,0,-5.52%,5.52%,0,0,145,12,2,TOR,PIT,PO,PO,,1
Lance Lummox,314,607,S.A.R. Dinka,395,820,FO,213,T5,0,0,0,0,-4.31%,4.31%,0,0,146,12,2,PIT,TOR,FO,FO,,1
Baxter Payne,2021,314,S.A.R. Dinka,395,215,1B,99,T5,1,0,0,0,3.47%,-3.47%,0,0,146,12,2,PIT,TOR,1B,1B,,1
Cook Froster,2033,306,S.A.R. Dinka,395,451,BB,145,T5,1,1,0,0,6.08%,-6.08%,0,0,146,12,2,PIT,TOR,BB,BB,,1
Darth Vader,336,257,S.A.R. Dinka,395,49,FO,208,T5,1,4,0,0,-5.78%,5.78%,0,0,146,12,2,PIT,TOR,FO,FO,,1
falcs51,3282,650,S.A.R. Dinka,395,717,1B,67,T5,2,4,0,0,4.39%,-4.39%,0,0,146,12,2,PIT,TOR,1B,1B,,1
Splash Nelson,312,298,S.A.R. Dinka,395,829,K,469,T5,2,7,0,0,-15.57%,15.57%,0,0,146,12,2,PIT,TOR,K,K,,1
Mike Honcho,445,602,Darth Vader,336,392,FO,210,B5,0,0,0,0,-4.12%,4.12%,0,0,147,12,2,TOR,PIT,FO,FO,,1
S.A.R. Dinka,395,667,Darth Vader,336,794,1B,127,B5,1,0,0,0,2.78%,-2.78%,0,1,147,12,2,TOR,PIT,1B,1B,,1
Lane Drew,190,167,Darth Vader,336,318,1B,151,B5,1,1,0,0,5.44%,-5.44%,0,1,147,12,2,TOR,PIT,1B,1B,,1
Graham Grams,400,476,Darth Vader,336,304,BB,172,B5,1,4,0,0,11.58%,-11.58%,0,1,147,12,2,TOR,PIT,BB,BB,,1
Thomas Berry,446,775,Darth Vader,336,636,1B,139,B5,1,7,0,0,13.82%,-13.82%,1,0,147,12,2,TOR,PIT,1B,1B,,1
Burt Maclin,2101,505,Darth Vader,336,812,K,307,B5,1,7,1,0,-4.31%,4.31%,0,0,147,12,2,TOR,PIT,K,K,,1
Quentin Adams,397,103,Darth Vader,336,216,BB,113,B5,2,7,1,0,7.13%,-7.13%,1,0,147,12,2,TOR,PIT,BB,BB,,1
Daz Reference,2114,785,Darth Vader,336,622,BB,163,B5,2,7,2,0,3.17%,-3.17%,1,0,147,12,2,TOR,PIT,BB,BB,,1
Ziggy Ceder,56,834,Darth Vader,336,288,LGO,454,B5,2,7,3,0,-0.98%,0.98%,0,0,147,12,2,TOR,PIT,LGO,LGO,,1
Gare Doctor,307,894,S.A.R. Dinka,395,355,LGO,461,T6,0,0,3,0,-1.94%,1.94%,0,0,148,12,2,PIT,TOR,LGO,LGO,,1
Jameson Poe,310,868,S.A.R. Dinka,395,769,1B,99,T6,1,0,3,0,2.40%,-2.40%,0,0,148,12,2,PIT,TOR,1B,1B,,1
Johnny Hopkins,2070,855,S.A.R. Dinka,395,225,DP,370,T6,1,1,3,0,-4.22%,4.22%,0,0,148,12,2,PIT,TOR,LGO,LGO,,1
Bix Kayne,3287,585,Big Tuna,2091,212,LGO,373,T1,0,0,0,0,-2.51%,2.51%,0,0,149,13,3,NYM,DET,LGO,LGO,,1
Chocolate Smegma,2107,15,Big Tuna,2091,366,PO,351,T1,1,0,0,0,-2.18%,2.18%,0,0,149,13,3,NYM,DET,PO,PO,,1
Xavier Crowbar,2006,898,Big Tuna,2091,999,1B,101,T1,2,0,0,0,1.98%,-1.98%,0,0,149,13,3,NYM,DET,1B,1B,,1
Master Cashier,93,607,Big Tuna,2091,784,FO,177,T1,2,1,0,0,-3.74%,3.74%,0,0,149,13,3,NYM,DET,FO,FO,,1
BB Bambino Jr.,115,659,Hudson Quin,58,854,BB,195,B1,0,0,0,0,2.76%,-2.76%,0,1,150,13,3,DET,NYM,BB,BB,,1
Casey Nine,101,318,Hudson Quin,58,325,HR,7,B1,0,1,0,0,18.55%,-18.55%,2,1,150,13,3,DET,NYM,HR,HR,,1
King Fielder,222,584,Hudson Quin,58,998,K,414,B1,0,0,2,0,-1.37%,1.37%,0,0,150,13,3,DET,NYM,K,K,,1
Morris Deratt,104,998,Hudson Quin,58,204,FO,206,B1,1,0,2,0,-1.43%,1.43%,0,0,150,13,3,DET,NYM,FO,FO,,1
Merodach Baladan,100,41,Hudson Quin,58,555,LGO,486,B1,2,0,2,0,-1.12%,1.12%,0,0,150,13,3,DET,NYM,LGO,LGO,,1
Hudson Quin,58,875,Big Tuna,2091,117,FO,242,T2,0,0,2,0,-2.72%,2.72%,0,0,151,13,3,NYM,DET,FO,FO,,1
Mongster Mash,344,576,Big Tuna,2091,32,LGO,456,T2,1,0,2,0,-2.27%,2.27%,0,0,151,13,3,NYM,DET,LGO,LGO,,1
Pip Squires,2060,777,Big Tuna,2091,808,2B,31,T2,2,0,2,0,3.30%,-3.30%,0,0,151,13,3,NYM,DET,2B,2B,,1
Art Inova,3286,,Big Tuna,2091,694,Auto K,,T2,2,2,2,0,-4.96%,4.96%,0,0,151,13,3,NYM,DET,Auto K,Auto K,,9
Brandon Aconi,2042,417,Hudson Quin,58,318,1B,99,B2,0,0,2,0,1.52%,-1.52%,0,1,152,13,3,DET,NYM,1B,1B,,1
Sevag Vapor,106,733,Hudson Quin,58,791,1B,58,B2,0,1,2,0,2.77%,-2.77%,0,0,152,13,3,DET,NYM,1B,1B,,1
Lightning Balls,350,69,Hudson Quin,58,842,FO,227,B2,0,4,2,0,-2.33%,2.33%,0,0,152,13,3,DET,NYM,FO,FO,,1
Big Tuna,2091,320,Hudson Quin,58,669,K,349,B2,1,4,2,0,-2.22%,2.22%,0,0,152,13,3,DET,NYM,K,K,,1
BB Bambino Jr.,115,893,Hudson Quin,58,12,1B,119,B2,2,4,2,0,7.72%,-7.72%,1,0,152,13,3,DET,NYM,1B,1B,,1
Casey Nine,101,555,Hudson Quin,58,314,FO,241,B2,2,5,3,0,-2.86%,2.86%,0,0,152,13,3,DET,NYM,FO,FO,,1
Trey Paste,2037,482,Big Tuna,2091,98,LGO,384,T3,0,0,3,0,-2.28%,2.28%,0,0,153,13,3,NYM,DET,LGO,LGO,,1
Bix Kayne,3287,12,Big Tuna,2091,422,LGO,410,T3,1,0,3,0,-1.87%,1.87%,0,0,153,13,3,NYM,DET,LGO,LGO,,1
Chocolate Smegma,2107,877,Big Tuna,2091,781,1B,96,T3,2,0,3,0,1.88%,-1.88%,0,1,153,13,3,NYM,DET,1B,1B,,1
Xavier Crowbar,2006,330,Big Tuna,2091,328,HR,2,T3,2,1,3,0,16.13%,-16.13%,2,1,153,13,3,NYM,DET,HR,HR,,1
Master Cashier,93,676,Big Tuna,2091,112,LGO,436,T3,2,0,3,2,-2.26%,2.26%,0,0,153,13,3,NYM,DET,LGO,LGO,,1
King Fielder,222,20,Hudson Quin,58,364,K,344,B3,0,0,3,2,-2.04%,2.04%,0,0,154,13,3,DET,NYM,K,K,,1
Morris Deratt,104,123,Hudson Quin,58,420,K,297,B3,1,0,3,2,-1.80%,1.80%,0,0,154,13,3,DET,NYM,K,K,,1
Merodach Baladan,100,517,Hudson Quin,58,725,FO,208,B3,2,0,3,2,-1.62%,1.62%,0,0,154,13,3,DET,NYM,FO,FO,,1
Hudson Quin,58,666,Big Tuna,2091,865,FO,199,T4,0,0,3,2,-3.96%,3.96%,0,0,155,13,3,NYM,DET,FO,FO,,1
Mongster Mash,344,900,Big Tuna,2091,420,LGO,480,T4,1,0,3,2,-3.37%,3.37%,0,0,155,13,3,NYM,DET,LGO,LGO,,1
Pip Squires,2060,322,Big Tuna,2091,69,FO,253,T4,2,0,3,2,-2.78%,2.78%,0,0,155,13,3,NYM,DET,FO,FO,,1
Mason Spurs,103,,Hudson Quin,58,12,K,,B4,0,0,3,2,-1.87%,1.87%,0,0,156,13,3,DET,NYM,K,K,,1
Sevag Vapor,106,333,Hudson Quin,58,967,K,366,B4,1,0,3,2,-1.74%,1.74%,0,0,156,13,3,DET,NYM,K,K,,1
Lightning Balls,350,677,Hudson Quin,58,713,2B,36,B4,2,0,3,2,2.65%,-2.65%,0,1,156,13,3,DET,NYM,2B,2B,,1
Big Tuna,2091,212,Hudson Quin,58,317,1B,105,B4,2,2,3,2,9.62%,-9.62%,1,0,156,13,3,DET,NYM,1B,1B,,1
BB Bambino Jr.,115,771,Hudson Quin,58,979,FO,208,B4,2,1,4,2,-1.66%,1.66%,0,0,156,13,3,DET,NYM,FO,FO,,1
Red Trapper,453,257,Big Tuna,2091,982,FO,275,T5,0,0,4,2,-3.57%,3.57%,0,0,157,13,3,NYM,DET,FO,FO,,1
Trey Paste,2037,633,Big Tuna,2091,543,1B,90,T5,1,0,4,2,4.25%,-4.25%,0,0,157,13,3,NYM,DET,1B,1B,,1
Bix Kayne,3287,545,Big Tuna,2091,12,DP,467,T5,1,1,4,2,-9.00%,9.00%,0,0,157,13,3,NYM,DET,LGO,LGO,,1
Casey Nine,101,87,Hudson Quin,58,502,LGO,415,B5,0,0,4,2,-0.67%,0.67%,0,0,158,13,3,DET,NYM,LGO,LGO,,1
King Fielder,222,839,Hudson Quin,58,910,1B,71,B5,1,0,4,2,0.55%,-0.55%,0,1,158,13,3,DET,NYM,1B,1B,,1
Morris Deratt,104,383,Hudson Quin,58,223,BB,160,B5,1,1,4,2,0.86%,-0.86%,0,1,158,13,3,DET,NYM,BB,BB,,1
Merodach Baladan,100,111,Hudson Quin,58,138,3B,27,B5,1,4,4,2,4.94%,-4.94%,2,1,158,13,3,DET,NYM,3B,3B,,1
Mason Spurs,103,,Hudson Quin,58,742,LGO,,B5,1,3,6,2,-0.48%,0.48%,0,0,158,13,3,DET,NYM,LGO,LGO,,2
Sevag Vapor,106,433,Hudson Quin,58,512,1B,79,B5,2,3,6,2,0.73%,-0.73%,1,0,158,13,3,DET,NYM,1B,1B,,1
Lightning Balls,350,313,Hudson Quin,58,230,1B,83,B5,2,1,7,2,0.11%,-0.11%,0,0,158,13,3,DET,NYM,1B,1B,,1
Big Tuna,2091,720,Hudson Quin,58,979,FO,259,B5,2,5,7,2,-0.18%,0.18%,0,0,158,13,3,DET,NYM,FO,FO,,1
Chocolate Smegma,2107,501,Big Tuna,2091,989,LGO,488,T6,0,0,7,2,-0.40%,0.40%,0,0,159,13,3,NYM,DET,LGO,LGO,,1
Xavier Crowbar,2006,110,Big Tuna,2091,276,FO,166,T6,1,0,7,2,-0.22%,0.22%,0,0,159,13,3,NYM,DET,FO,FO,,1
Master Cashier,93,606,Big Tuna,2091,36,LGO,430,T6,2,0,7,2,-0.06%,0.06%,0,0,159,13,3,NYM,DET,LGO,LGO,,1
C.W. Mitzel,2127,622,Einhorn,74,262,K,360,T1,0,0,0,0,-2.51%,2.51%,0,0,160,14,3,MIN,ARI,K,K,,1
Mike Cal,2126,158,Einhorn,74,523,K,365,T1,1,0,0,0,-2.18%,2.18%,0,0,160,14,3,MIN,ARI,K,K,,1
Victor Justice,410,312,Einhorn,74,923,K,389,T1,2,0,0,0,-1.76%,1.76%,0,0,160,14,3,MIN,ARI,K,K,,1
Rico Veringhipster,2014,725,Sonny Streaker,2065,763,2B,38,B1,0,0,0,0,6.33%,-6.33%,0,1,161,14,3,ARI,MIN,2B,2B,,1
Brent Royal,2078,632,Sonny Streaker,2065,977,K,345,B1,0,2,0,0,-4.08%,4.08%,0,0,161,14,3,ARI,MIN,K,K,,1
Will Power,8,355,Sonny Streaker,2065,322,2B,33,B1,1,2,0,0,11.27%,-11.27%,1,1,161,14,3,ARI,MIN,2B,2B,,1
Assassin Panda,15,488,Sonny Streaker,2065,775,K,287,B1,1,2,1,0,-2.93%,2.93%,0,0,161,14,3,ARI,MIN,K,K,,1
Garren Smudge,133,42,Sonny Streaker,2065,113,1B,71,B1,2,2,1,0,9.16%,-9.16%,1,0,161,14,3,ARI,MIN,1B,1B,,1
S.K. Brettbug,2015,200,Sonny Streaker,2065,887,K,313,B1,2,1,2,0,-2.36%,2.36%,0,0,161,14,3,ARI,MIN,K,K,,1
Tater Tits,4,640,Einhorn,74,613,2B,27,T2,0,0,2,0,7.01%,-7.01%,0,1,162,14,3,MIN,ARI,2B,2B,,1
Twinkie Power,2128,864,Einhorn,74,639,FO,225,T2,0,2,2,0,-4.54%,4.54%,0,0,162,14,3,MIN,ARI,FO,FO,,1
Shiny Tenson,2124,414,Einhorn,74,415,HR,1,T2,1,2,2,0,18.64%,-18.64%,2,1,162,14,3,MIN,ARI,HR,HR,,1
Dark Bobman,359,780,Einhorn,74,876,1B,96,T2,1,0,2,2,2.57%,-2.57%,0,0,162,14,3,MIN,ARI,1B,1B,,1
"Jake ""JP"" Panik",267,105,Einhorn,74,927,FO,178,T2,1,1,2,2,-2.82%,2.82%,0,0,162,14,3,MIN,ARI,FO,FO,,1
Sonny Streaker,2065,326,Einhorn,74,813,LGO,487,T2,2,1,2,2,-4.14%,4.14%,0,0,162,14,3,MIN,ARI,LGO,LGO,,1
Garrett Ipnov,2136,233,Sonny Streaker,2065,112,1B,121,B2,0,0,2,2,2.94%,-2.94%,0,0,163,14,3,ARI,MIN,1B,1B,,1
Einhorn,74,594,Sonny Streaker,2065,3,DP,409,B2,0,1,2,2,-8.04%,8.04%,0,0,163,14,3,ARI,MIN,LGO,LGO,,1
Trey Rangers,224,360,Sonny Streaker,2065,775,LGO,415,B2,2,0,2,2,-2.03%,2.03%,0,0,163,14,3,ARI,MIN,LGO,LGO,,1
C.W. Mitzel,2127,239,Einhorn,74,751,LGO,488,T3,0,0,2,2,-3.03%,3.03%,0,0,164,14,3,MIN,ARI,LGO,LGO,,1
Mike Cal,2126,912,Einhorn,74,303,LGO,391,T3,1,0,2,2,-2.74%,2.74%,0,0,164,14,3,MIN,ARI,LGO,LGO,,1
Victor Justice,410,643,Einhorn,74,313,K,330,T3,2,0,2,2,-2.31%,2.31%,0,0,164,14,3,MIN,ARI,K,K,,1
Rico Veringhipster,2014,414,Sonny Streaker,2065,327,1B,87,B3,0,0,2,2,3.09%,-3.09%,0,0,165,14,3,ARI,MIN,1B,1B,,1
Brent Royal,2078,693,Sonny Streaker,2065,117,DP,424,B3,0,1,2,2,-8.93%,8.93%,0,0,165,14,3,ARI,MIN,LGO,LGO,,1
Will Power,8,813,Sonny Streaker,2065,977,BB,164,B3,2,0,2,2,2.37%,-2.37%,0,1,165,14,3,ARI,MIN,BB,BB,,1
Assassin Panda,15,866,Sonny Streaker,2065,887,HR,21,B3,2,1,2,2,26.73%,-26.73%,2,1,165,14,3,ARI,MIN,HR,HR,,1
Garren Smudge,133,187,Sonny Streaker,2065,117,1B,70,B3,2,0,4,2,0.98%,-0.98%,0,0,165,14,3,ARI,MIN,1B,1B,,1
S.K. Brettbug,2015,999,Sonny Streaker,2065,777,FO,222,B3,2,1,4,2,-2.03%,2.03%,0,0,165,14,3,ARI,MIN,FO,FO,,1
Tater Tits,4,538,Einhorn,74,999,LGO,461,T4,0,0,4,2,-3.22%,3.22%,0,0,166,14,3,MIN,ARI,LGO,LGO,,1
Twinkie Power,2128,481,Einhorn,74,538,2B,57,T4,1,0,4,2,6.08%,-6.08%,0,0,166,14,3,MIN,ARI,2B,2B,,1
Shiny Tenson,2124,650,Einhorn,74,201,LGO,449,T4,1,2,4,2,-5.15%,5.15%,0,0,166,14,3,MIN,ARI,LGO,LGO,,1
Dark Bobman,359,137,Einhorn,74,461,K,324,T4,2,2,4,2,-5.47%,5.47%,0,0,166,14,3,MIN,ARI,K,K,,1
Garrett Ipnov,2136,116,Sonny Streaker,2065,911,FO,205,B4,0,0,4,2,-1.07%,1.07%,0,0,167,14,3,ARI,MIN,FO,FO,,1
Einhorn,74,206,Sonny Streaker,2065,3,FO,203,B4,1,0,4,2,-0.97%,0.97%,0,0,167,14,3,ARI,MIN,FO,FO,,1
Trey Rangers,224,112,Sonny Streaker,2065,329,FO,217,B4,2,0,4,2,-0.86%,0.86%,0,0,167,14,3,ARI,MIN,FO,FO,,1
"Jake ""JP"" Panik",267,670,Einhorn,74,467,FO,203,T5,0,0,4,2,-3.57%,3.57%,0,0,168,14,3,MIN,ARI,FO,FO,,1
Sonny Streaker,2065,117,Einhorn,74,442,K,325,T5,1,0,4,2,-2.82%,2.82%,0,0,168,14,3,MIN,ARI,K,K,,1
C.W. Mitzel,2127,873,Einhorn,74,50,BB,177,T5,2,0,4,2,2.91%,-2.91%,0,0,168,14,3,MIN,ARI,BB,BB,,1
Mike Cal,2126,890,Einhorn,74,813,1B,77,T5,2,1,4,2,5.26%,-5.26%,0,0,168,14,3,MIN,ARI,1B,1B,,1
Victor Justice,410,714,Einhorn,74,389,K,325,T5,2,5,4,2,-10.10%,10.10%,0,0,168,14,3,MIN,ARI,K,K,,1
Tsar Zaar,274,12,Pablo Sanchez,120,449,LGO,437,B5,0,0,4,2,-0.67%,0.67%,0,0,169,14,3,ARI,MIN,LGO,LGO,,1
Brent Royal,2078,212,Pablo Sanchez,120,817,K,395,B5,1,0,4,2,-0.64%,0.64%,0,0,169,14,3,ARI,MIN,K,K,,1
I.M. Organic,2132,,Pablo Sanchez,120,,Auto K,,B5,2,0,4,2,-0.51%,0.51%,0,0,169,14,3,ARI,MIN,Auto K,Auto K,,9
Tater Tits,4,320,Syd Kidd,3,666,K,346,T6,0,0,4,2,-3.81%,3.81%,0,0,170,14,3,MIN,ARI,K,K,,1
Jack Marnette,213,418,Syd Kidd,3,185,FO,233,T6,1,0,4,2,-2.88%,2.88%,0,0,170,14,3,MIN,ARI,FO,FO,,1
Shiny Tenson,2124,919,Syd Kidd,3,399,LGO,480,T6,2,0,4,2,-1.67%,1.67%,0,0,170,14,3,MIN,ARI,LGO,LGO,,1
Lane Drew,190,369,Darth Vader,336,112,FO,257,T1,0,0,0,0,-2.51%,2.51%,0,0,171,15,3,TOR,PIT,FO,FO,,1
Graham Grams,400,358,Darth Vader,336,332,3B,26,T1,1,0,0,0,7.86%,-7.86%,0,0,171,15,3,TOR,PIT,3B,3B,,1
Quentin Adams,397,578,Darth Vader,336,154,PO,424,T1,1,3,0,0,-6.88%,6.88%,0,0,171,15,3,TOR,PIT,PO,PO,,1
Burt Maclin,2101,811,Darth Vader,336,446,K,365,T1,2,3,0,0,-4.92%,4.92%,0,0,171,15,3,TOR,PIT,K,K,,1
Cook Froster,2033,725,S.A.R. Dinka,395,734,3B,9,B1,0,0,0,0,9.82%,-9.82%,0,1,172,15,3,PIT,TOR,3B,3B,,1
Baxter Payne,2021,919,S.A.R. Dinka,395,537,RGO,382,B1,0,3,0,0,0.00%,0.00%,1,0,172,15,3,PIT,TOR,RGO,RGO,,1
Johnny Hopkins,2070,353,S.A.R. Dinka,395,212,BB,141,B1,1,0,1,0,1.59%,-1.59%,0,0,172,15,3,PIT,TOR,BB,BB,,1
Jameson Poe,310,462,S.A.R. Dinka,395,317,BB,145,B1,1,1,1,0,3.13%,-3.13%,0,0,172,15,3,PIT,TOR,BB,BB,,1
Darth Vader,336,657,S.A.R. Dinka,395,111,DP,454,B1,1,4,1,0,-7.96%,7.96%,0,0,172,15,3,PIT,TOR,LGO,LGO,,1
Mike Honcho,445,506,Darth Vader,336,585,1B,79,T2,0,0,1,0,3.46%,-3.46%,0,0,173,15,3,TOR,PIT,1B,1B,,1
Daz Reference,2114,372,Darth Vader,336,702,K,330,T2,0,1,1,0,-3.57%,3.57%,0,0,173,15,3,TOR,PIT,K,K,,1
Thomas Berry,446,510,Darth Vader,336,432,1B,78,T2,1,1,1,0,5.05%,-5.05%,0,0,173,15,3,TOR,PIT,1B,1B,,1
Ziggy Ceder,56,639,Darth Vader,336,206,DP,433,T2,1,4,1,0,-12.36%,12.36%,0,0,173,15,3,TOR,PIT,LGO,LGO,,1
Jimmy Johns,303,333,S.A.R. Dinka,395,932,LGO,401,B2,0,0,1,0,-2.00%,2.00%,0,0,174,15,3,PIT,TOR,LGO,LGO,,1
Lance Lummox,314,610,S.A.R. Dinka,395,500,1B,110,B2,1,0,1,0,1.78%,-1.78%,0,0,174,15,3,PIT,TOR,1B,1B,,1
Mike Anderson,2073,387,S.A.R. Dinka,395,14,DP,373,B2,1,1,1,0,-5.17%,5.17%,0,0,174,15,3,PIT,TOR,LGO,LGO,,1
S.A.R. Dinka,395,689,Darth Vader,336,704,HR,15,T3,0,0,1,0,15.07%,-15.07%,1,1,175,15,3,TOR,PIT,HR,HR,,1
Lane Drew,190,781,Darth Vader,336,272,LGO,491,T3,0,0,1,1,-3.03%,3.03%,0,0,175,15,3,TOR,PIT,LGO,LGO,,1
Graham Grams,400,715,Darth Vader,336,218,LGO,497,T3,1,0,1,1,-2.74%,2.74%,0,0,175,15,3,TOR,PIT,LGO,LGO,,1
Quentin Adams,397,696,Darth Vader,336,410,K,286,T3,2,0,1,1,-2.31%,2.31%,0,0,175,15,3,TOR,PIT,K,K,,1
Splash Nelson,312,1,S.A.R. Dinka,395,583,LGO,418,B3,0,0,1,1,-3.07%,3.07%,0,0,176,15,3,PIT,TOR,LGO,LGO,,1
Cook Froster,2033,29,S.A.R. Dinka,395,320,K,291,B3,1,0,1,1,-2.77%,2.77%,0,0,176,15,3,PIT,TOR,K,K,,1
Baxter Payne,2021,777,S.A.R. Dinka,395,681,1B,96,B3,2,0,1,1,2.37%,-2.37%,0,0,176,15,3,PIT,TOR,1B,1B,,1
Johnny Hopkins,2070,205,S.A.R. Dinka,395,986,FO,219,B3,2,1,1,1,-4.64%,4.64%,0,0,176,15,3,PIT,TOR,FO,FO,,1
Burt Maclin,2101,410,Darth Vader,336,187,FO,223,T4,0,0,1,1,-3.58%,3.58%,0,0,177,15,3,TOR,PIT,FO,FO,,1
Mike Honcho,445,398,Darth Vader,336,893,LGO,495,T4,1,0,1,1,-3.19%,3.19%,0,0,177,15,3,TOR,PIT,LGO,LGO,,1
Daz Reference,2114,5,Darth Vader,336,166,BB,161,T4,2,0,1,1,2.88%,-2.88%,0,0,177,15,3,TOR,PIT,BB,BB,,1
Thomas Berry,446,212,Darth Vader,336,599,LGO,387,T4,2,1,1,1,-5.63%,5.63%,0,0,177,15,3,TOR,PIT,LGO,LGO,,1
Jameson Poe,310,613,S.A.R. Dinka,395,190,LGO,423,B4,0,0,1,1,-3.43%,3.43%,0,0,178,15,3,PIT,TOR,LGO,LGO,,1
Darth Vader,336,302,S.A.R. Dinka,395,342,2B,40,B4,1,0,1,1,6.37%,-6.37%,0,1,178,15,3,PIT,TOR,2B,2B,,1
Jimmy Johns,303,410,S.A.R. Dinka,395,745,LGO,335,B4,1,2,1,1,-5.00%,5.00%,0,0,178,15,3,PIT,TOR,LGO,LGO,,1
Lance Lummox,314,55,S.A.R. Dinka,395,936,1B,119,B4,2,2,1,1,18.65%,-18.65%,1,1,178,15,3,PIT,TOR,1B,1B,,1
Mike Anderson,2073,16,S.A.R. Dinka,395,1000,2B,16,B4,2,1,2,1,11.43%,-11.43%,1,0,178,15,3,PIT,TOR,2B,2B,,1
Splash Nelson,312,111,S.A.R. Dinka,395,702,LGO,409,B4,2,2,3,1,-2.36%,2.36%,0,0,178,15,3,PIT,TOR,LGO,LGO,,1
Ziggy Ceder,56,589,Darth Vader,336,208,LGO,381,T5,0,0,3,1,-3.57%,3.57%,0,0,179,15,3,TOR,PIT,LGO,LGO,,1
S.A.R. Dinka,395,141,Darth Vader,336,919,FO,222,T5,1,0,3,1,-2.82%,2.82%,0,0,179,15,3,TOR,PIT,FO,FO,,1
Lane Drew,190,201,Darth Vader,336,460,FO,259,T5,2,0,3,1,-1.93%,1.93%,0,0,179,15,3,TOR,PIT,FO,FO,,1
Cook Froster,2033,269,S.A.R. Dinka,395,518,FO,249,B5,0,0,3,1,-0.67%,0.67%,0,0,180,15,3,PIT,TOR,FO,FO,,1
Baxter Payne,2021,141,S.A.R. Dinka,395,838,K,303,B5,1,0,3,1,-0.64%,0.64%,0,0,180,15,3,PIT,TOR,K,K,,1
Johnny Hopkins,2070,428,S.A.R. Dinka,395,792,LGO,364,B5,2,0,3,1,-0.51%,0.51%,0,0,180,15,3,PIT,TOR,LGO,LGO,,1
Graham Grams,400,286,Darth Vader,336,279,HR,7,T6,0,0,3,1,9.50%,-9.50%,1,1,181,15,3,TOR,PIT,HR,HR,,1
Quentin Adams,397,753,Darth Vader,336,382,K,371,T6,0,0,3,2,-6.73%,6.73%,0,0,181,15,3,TOR,PIT,K,K,,1
Burt Maclin,2101,111,Darth Vader,336,459,K,348,T6,1,0,3,2,-6.00%,6.00%,0,0,181,15,3,TOR,PIT,K,K,,1
Mike Honcho,445,166,Darth Vader,336,838,K,328,T6,2,0,3,2,-5.13%,5.13%,0,0,181,15,3,TOR,PIT,K,K,,1
Herrera O'Doubles,2055,790,Junks Tandem,3276,211,LGO,421,T1,0,0,0,0,-2.51%,2.51%,0,0,182,16,3,WAS,ATL,LGO,LGO,,1
Osmosis Jones,37,180,Junks Tandem,3276,902,FO,278,T1,1,0,0,0,-2.18%,2.18%,0,0,182,16,3,WAS,ATL,FO,FO,,1
Rusty LaRue,2203,303,Junks Tandem,3276,341,2B,38,T1,2,0,0,0,3.05%,-3.05%,0,1,182,16,3,WAS,ATL,2B,2B,,1
Humphrey Carter,2201,611,Junks Tandem,3276,633,3B,22,T1,2,2,0,0,12.04%,-12.04%,1,1,182,16,3,WAS,ATL,3B,3B,,1
Gene Hennig,2040,7,Junks Tandem,3276,112,1B,105,T1,2,3,0,1,9.54%,-9.54%,1,1,182,16,3,WAS,ATL,1B,1B,,1
Mylo Grams,396,7,Junks Tandem,3276,1,HR,6,T1,2,1,0,2,14.71%,-14.71%,2,1,182,16,3,WAS,ATL,HR,HR,,1
Bo Kinsella,2051,312,Junks Tandem,3276,353,2B,41,T1,2,0,0,4,1.50%,-1.50%,0,1,182,16,3,WAS,ATL,2B,2B,,1
Chad Barrett,2030,767,Junks Tandem,3276,811,2B,44,T1,2,2,0,4,4.60%,-4.60%,1,0,182,16,3,WAS,ATL,2B,2B,,1
Hudson Hildebrandt,284,564,Junks Tandem,3276,1,LGO,437,T1,2,2,0,5,-1.34%,1.34%,0,0,182,16,3,WAS,ATL,LGO,LGO,,1
Gil Metz,206,155,Hudson Hildebrandt,284,1,FO,154,B1,0,0,0,5,-1.45%,1.45%,0,0,183,16,3,ATL,WAS,FO,FO,,1
Phil Coulson,226,838,Hudson Hildebrandt,284,2,BB,164,B1,1,0,0,5,1.59%,-1.59%,0,0,183,16,3,ATL,WAS,BB,BB,,1
H.B. Boink,1988,3,Hudson Hildebrandt,284,500,DP,497,B1,1,1,0,5,-3.58%,3.58%,0,0,183,16,3,ATL,WAS,LGO,LGO,,1
Herrera O'Doubles,2055,945,Junks Tandem,3276,761,BB,184,T2,0,0,0,5,0.33%,-0.33%,0,0,184,16,3,WAS,ATL,BB,BB,,1
Osmosis Jones,37,127,Junks Tandem,3276,531,DP,404,T2,0,1,0,5,-1.35%,1.35%,0,0,184,16,3,WAS,ATL,LGO,LGO,,1
Rusty LaRue,2203,648,Junks Tandem,3276,722,1B,74,T2,2,0,0,5,0.35%,-0.35%,0,0,184,16,3,WAS,ATL,1B,1B,,1
Humphrey Carter,2201,212,Junks Tandem,3276,900,K,312,T2,2,1,0,5,-0.84%,0.84%,0,0,184,16,3,WAS,ATL,K,K,,1
Charles Lindberg,242,995,Hudson Hildebrandt,284,444,LGO,449,B2,0,0,0,5,-1.41%,1.41%,0,0,185,16,3,ATL,WAS,LGO,LGO,,1
Jake Blee,232,137,Hudson Hildebrandt,284,444,K,307,B2,1,0,0,5,-1.18%,1.18%,0,0,185,16,3,ATL,WAS,K,K,,1
C.J. Bastian,1989,738,Hudson Hildebrandt,284,1,FO,263,B2,2,0,0,5,-0.61%,0.61%,0,0,185,16,3,ATL,WAS,FO,FO,,1
Gene Hennig,2040,7,Junks Tandem,3276,911,1B,96,T3,0,0,0,5,0.46%,-0.46%,0,0,186,16,3,WAS,ATL,1B,1B,,1
Mylo Grams,396,517,Junks Tandem,3276,811,K,294,T3,0,1,0,5,-0.41%,0.41%,0,0,186,16,3,WAS,ATL,K,K,,1
Bo Kinsella,2051,513,Junks Tandem,3276,311,FO,202,T3,1,1,0,5,-0.56%,0.56%,0,0,186,16,3,WAS,ATL,FO,FO,,1
Chad Barrett,2030,111,Junks Tandem,3276,911,FO,200,T3,2,1,0,5,-0.71%,0.71%,0,0,186,16,3,WAS,ATL,FO,FO,,1
Junks Tandem,3276,69,Hudson Hildebrandt,284,321,K,252,B3,0,0,0,5,-1.40%,1.40%,0,0,187,16,3,ATL,WAS,K,K,,1
Forrest Gleeson,51,985,Hudson Hildebrandt,284,703,K,282,B3,1,0,0,5,-0.97%,0.97%,0,0,187,16,3,ATL,WAS,K,K,,1
Y.E. Wally,5,123,Hudson Hildebrandt,284,869,K,254,B3,2,0,0,5,-0.65%,0.65%,0,0,187,16,3,ATL,WAS,K,K,,1
Hudson Hildebrandt,284,611,Junks Tandem,3276,321,K,290,T4,0,0,0,5,-0.38%,0.38%,0,0,188,16,3,WAS,ATL,K,K,,1
Herrera O'Doubles,2055,411,Junks Tandem,3276,992,LGO,419,T4,1,0,0,5,-0.27%,0.27%,0,0,188,16,3,WAS,ATL,LGO,LGO,,1
Osmosis Jones,37,630,Junks Tandem,3276,481,1B,149,T4,2,0,0,5,0.22%,-0.22%,0,0,188,16,3,WAS,ATL,1B,1B,,1
Rusty LaRue,2203,671,Junks Tandem,3276,17,K,346,T4,2,1,0,5,-0.46%,0.46%,0,0,188,16,3,WAS,ATL,K,K,,1
Gil Metz,206,42,Hudson Hildebrandt,284,202,FO,160,B4,0,0,0,5,-1.24%,1.24%,0,0,189,16,3,ATL,WAS,FO,FO,,1
Phil Coulson,226,796,Hudson Hildebrandt,284,555,FO,241,B4,1,0,0,5,-0.82%,0.82%,0,0,189,16,3,ATL,WAS,FO,FO,,1
H.B. Boink,1988,897,Hudson Hildebrandt,284,796,1B,101,B4,2,0,0,5,0.70%,-0.70%,0,0,189,16,3,ATL,WAS,1B,1B,,1
Charles Lindberg,242,657,Hudson Hildebrandt,284,796,BB,139,B4,2,1,0,5,1.61%,-1.61%,0,0,189,16,3,ATL,WAS,BB,BB,,1
Jake Blee,232,794,Hudson Hildebrandt,284,1,FO,207,B4,2,4,0,5,-2.78%,2.78%,0,0,189,16,3,ATL,WAS,FO,FO,,1
Humphrey Carter,2201,582,Junks Tandem,3276,132,LGO,450,T5,0,0,0,5,-0.18%,0.18%,0,0,190,16,3,WAS,ATL,LGO,LGO,,1
Gene Hennig,2040,7,Junks Tandem,3276,851,BB,156,T5,1,0,0,5,0.11%,-0.11%,0,0,190,16,3,WAS,ATL,BB,BB,,1
Mylo Grams,396,311,Junks Tandem,3276,851,DP,460,T5,1,1,0,5,-0.43%,0.43%,0,0,190,16,3,WAS,ATL,LGO,LGO,,1
C.J. Bastian,1989,380,Hudson Hildebrandt,284,500,1B,120,B5,0,0,0,5,1.52%,-1.52%,0,0,191,16,3,ATL,WAS,1B,1B,,1
Junks Tandem,3276,7,Hudson Hildebrandt,284,703,K,304,B5,0,1,0,5,-1.43%,1.43%,0,0,191,16,3,ATL,WAS,K,K,,1
Forrest Gleeson,51,10,Hudson Hildebrandt,284,295,K,285,B5,1,1,0,5,-1.11%,1.11%,0,0,191,16,3,ATL,WAS,K,K,,1
Y.E. Wally,5,666,Hudson Hildebrandt,284,777,1B,111,B5,2,1,0,5,1.32%,-1.32%,0,0,191,16,3,ATL,WAS,1B,1B,,1
Gil Metz,206,777,Hudson Hildebrandt,284,418,PO,359,B5,2,5,0,5,-2.11%,2.11%,0,0,191,16,3,ATL,WAS,PO,PO,,1
Bo Kinsella,2051,502,Junks Tandem,3276,622,1B,120,T6,0,0,0,5,0.05%,-0.05%,0,0,192,16,3,WAS,ATL,1B,1B,,1
Chad Barrett,2030,421,Junks Tandem,3276,211,FO,210,T6,0,1,0,5,-0.07%,0.07%,0,0,192,16,3,WAS,ATL,FO,FO,,1
Bo Kinsella,2051,201,Junks Tandem,3276,812,CS,389,T6,1,1,0,5,-0.13%,0.13%,0,0,192,16,3,WAS,ATL,CS 2B,CS 2B,,4
Hudson Hildebrandt,284,303,Junks Tandem,3276,812,LGO,491,T6,2,0,0,5,-0.06%,0.06%,0,0,192,16,3,WAS,ATL,LGO,LGO,,1
Phil Coulson,226,343,Hudson Hildebrandt,284,1,LGO,342,B6,0,0,0,5,-0.56%,0.56%,0,0,193,16,3,ATL,WAS,LGO,LGO,,1
H.B. Boink,1988,2,Hudson Hildebrandt,284,800,FO,202,B6,1,0,0,5,-0.27%,0.27%,0,0,193,16,3,ATL,WAS,FO,FO,,1
Charles Lindberg,242,345,Hudson Hildebrandt,284,500,BB,155,B6,2,0,0,5,0.18%,-0.18%,0,0,193,16,3,ATL,WAS,BB,BB,,1
Jake Blee,232,210,Hudson Hildebrandt,284,420,FO,210,B6,2,1,0,5,-0.27%,0.27%,0,0,193,16,3,ATL,WAS,FO,FO,,1
Art Zyz,1982,861,Willoughby Hoose,112,7,BB,146,T1,0,0,0,0,2.91%,-2.91%,0,1,194,17,3,OAK,HOU,BB,BB,,1
Bobson Dugnutt,2096,199,Willoughby Hoose,112,123,1B,76,T1,0,1,0,0,5.56%,-5.56%,0,1,194,17,3,OAK,HOU,1B,1B,,1
Blue Moon Barthelemy,2025,222,Willoughby Hoose,112,457,FO,235,T1,0,4,0,0,-4.44%,4.44%,0,0,194,17,3,OAK,HOU,FO,FO,,1
Caleb VanVacter,2103,747,Willoughby Hoose,112,16,FO,269,T1,1,4,0,0,-3.93%,3.93%,0,0,194,17,3,OAK,HOU,FO,FO,,1
Graham Othrie,2139,747,Willoughby Hoose,112,805,2B,58,T1,2,4,0,0,20.64%,-20.64%,2,0,194,17,3,OAK,HOU,2B,2B,,1
Rick Gymnast,3283,469,Willoughby Hoose,112,84,PO,385,T1,2,2,0,2,-3.46%,3.46%,0,0,194,17,3,OAK,HOU,PO,PO,,1
Jimbo Fishy,1984,1,Sal Shark,2147,750,FO,251,B1,0,0,0,2,-2.74%,2.74%,0,0,195,17,3,HOU,OAK,FO,FO,,1
Rupert Apple,3280,150,Sal Shark,2147,560,LGO,410,B1,1,0,0,2,-2.20%,2.20%,0,0,195,17,3,HOU,OAK,LGO,LGO,,1
Lemmy Fraser,2166,412,Sal Shark,2147,270,BB,142,B1,2,0,0,2,2.14%,-2.14%,0,0,195,17,3,HOU,OAK,BB,BB,,1
Buck Cheeks,457,810,Sal Shark,2147,270,LGO,460,B1,2,1,0,2,-3.86%,3.86%,0,0,195,17,3,HOU,OAK,LGO,LGO,,1
Kid Notcher,429,819,Willoughby Hoose,112,309,LGO,490,T2,0,0,0,2,-1.70%,1.70%,0,0,196,17,3,OAK,HOU,LGO,LGO,,1
Boaty McBoatface,2095,500,Willoughby Hoose,112,783,FO,283,T2,1,0,0,2,-1.52%,1.52%,0,0,196,17,3,OAK,HOU,FO,FO,,1
Sal Shark,2147,150,Willoughby Hoose,112,934,FO,216,T2,2,0,0,2,-1.37%,1.37%,0,0,196,17,3,OAK,HOU,FO,FO,,1
Jay Money,241,490,Sal Shark,2147,642,BB,152,B2,0,0,0,2,3.60%,-3.60%,0,0,197,17,3,HOU,OAK,BB,BB,,1
Jasper Orbit,1983,,Sal Shark,2147,,Auto K,,B2,0,1,0,2,-3.56%,3.56%,0,0,197,17,3,HOU,OAK,Auto K,Auto K,,9
Triston Uzumaki,125,152,Sal Shark,2147,815,PO,337,B2,1,1,0,2,-3.32%,3.32%,0,0,197,17,3,HOU,OAK,PO,PO,,1
Jacques Blaque,2202,428,Sal Shark,2147,485,1B,57,B2,2,1,0,2,3.76%,-3.76%,0,0,197,17,3,HOU,OAK,1B,1B,,1
Willoughby Hoose,112,168,Sal Shark,2147,960,FO,208,B2,2,5,0,2,-7.87%,7.87%,0,0,197,17,3,HOU,OAK,FO,FO,,1
Art Zyz,1982,216,Willoughby Hoose,112,105,1B,111,T3,0,0,0,2,1.74%,-1.74%,0,0,198,17,3,OAK,HOU,1B,1B,,1
Bobson Dugnutt,2096,640,Willoughby Hoose,112,735,1B,95,T3,0,1,0,2,3.39%,-3.39%,0,0,198,17,3,OAK,HOU,1B,1B,,1
Blue Moon Barthelemy,2025,222,Willoughby Hoose,112,896,K,326,T3,0,4,0,2,-2.86%,2.86%,0,0,198,17,3,OAK,HOU,K,K,,1
Caleb VanVacter,2103,12,Willoughby Hoose,112,468,DP,456,T3,1,4,0,2,-6.85%,6.85%,0,0,198,17,3,OAK,HOU,LGO,LGO,,1
Jimbo Fishy,1984,256,Sal Shark,2147,275,2B,19,B3,0,0,0,2,8.43%,-8.43%,0,0,199,17,3,HOU,OAK,2B,2B,,1
Rupert Apple,3280,175,Sal Shark,2147,950,FO,225,B3,0,2,0,2,-5.50%,5.50%,0,0,199,17,3,HOU,OAK,FO,FO,,1
Lemmy Fraser,2166,719,Sal Shark,2147,300,LGO,419,B3,1,2,0,2,-5.10%,5.10%,0,0,199,17,3,HOU,OAK,LGO,LGO,,1
Buck Cheeks,457,710,Sal Shark,2147,1,FO,291,B3,2,2,0,2,-5.96%,5.96%,0,0,199,17,3,HOU,OAK,FO,FO,,1
Graham Othrie,2139,863,Willoughby Hoose,112,379,LGO,484,T4,0,0,0,2,-1.53%,1.53%,0,0,200,17,3,OAK,HOU,LGO,LGO,,1
Rick Gymnast,3283,701,Willoughby Hoose,112,934,FO,233,T4,1,0,0,2,-1.44%,1.44%,0,0,200,17,3,OAK,HOU,FO,FO,,1
Kid Notcher,429,814,Willoughby Hoose,112,94,FO,280,T4,2,0,0,2,-1.26%,1.26%,0,0,200,17,3,OAK,HOU,FO,FO,,1
Jay Money,241,35,Sal Shark,2147,675,PO,360,B4,0,0,0,2,-3.76%,3.76%,0,0,201,17,3,HOU,OAK,PO,PO,,1
Jasper Orbit,1983,400,Sal Shark,2147,960,LGO,440,B4,1,0,0,2,-3.09%,3.09%,0,0,201,17,3,HOU,OAK,LGO,LGO,,1
Triston Uzumaki,125,232,Sal Shark,2147,960,FO,272,B4,2,0,0,2,-2.26%,2.26%,0,0,201,17,3,HOU,OAK,FO,FO,,1
Boaty McBoatface,2095,350,Willoughby Hoose,112,183,BB,167,T5,0,0,0,2,1.17%,-1.17%,0,0,202,17,3,OAK,HOU,BB,BB,,1
Sal Shark,2147,150,Willoughby Hoose,112,718,PO,432,T5,0,1,0,2,-1.59%,1.59%,0,0,202,17,3,OAK,HOU,PO,PO,,1
Art Zyz,1982,697,Willoughby Hoose,112,546,BB,151,T5,1,1,0,2,1.91%,-1.91%,0,0,202,17,3,OAK,HOU,BB,BB,,1
Bobson Dugnutt,2096,595,Willoughby Hoose,112,6,DP,411,T5,1,4,0,2,-5.12%,5.12%,0,0,202,17,3,OAK,HOU,LGO,LGO,,1
Jacques Blaque,2202,,Sal Shark,2147,,Auto K,,B5,0,0,0,2,-4.27%,4.27%,0,0,203,17,3,HOU,OAK,Auto K,Auto K,,9
Willoughby Hoose,112,561,Sal Shark,2147,870,K,309,B5,1,0,0,2,-3.45%,3.45%,0,0,203,17,3,HOU,OAK,K,K,,1
Jimbo Fishy,1984,987,Sal Shark,2147,500,LGO,487,B5,2,0,0,2,-2.42%,2.42%,0,0,203,17,3,HOU,OAK,LGO,LGO,,1
Blue Moon Barthelemy,2025,650,Willoughby Hoose,112,889,FO,239,T6,0,0,0,2,-0.82%,0.82%,0,0,204,17,3,OAK,HOU,FO,FO,,1
Caleb VanVacter,2103,17,Willoughby Hoose,112,63,2B,46,T6,1,0,0,2,1.52%,-1.52%,0,1,204,17,3,OAK,HOU,2B,2B,,1
Graham Othrie,2139,614,Willoughby Hoose,112,901,K,287,T6,1,2,0,2,-1.19%,1.19%,0,0,204,17,3,OAK,HOU,K,K,,1
Rick Gymnast,3283,254,Willoughby Hoose,112,354,1B,100,T6,2,2,0,2,4.58%,-4.58%,1,0,204,17,3,OAK,HOU,1B,1B,,1
Kid Notcher,429,668,Willoughby Hoose,112,455,FO,213,T6,2,1,0,3,-0.61%,0.61%,0,0,204,17,3,OAK,HOU,FO,FO,,1
Rupert Apple,3280,975,Sal Shark,2147,196,FO,221,B6,0,0,0,3,-2.48%,2.48%,0,0,205,17,3,HOU,OAK,FO,FO,,1
Lemmy Fraser,2166,813,Sal Shark,2147,370,LGO,443,B6,1,0,0,3,-1.65%,1.65%,0,0,205,17,3,HOU,OAK,LGO,LGO,,1
Buck Cheeks,457,917,Sal Shark,2147,875,HR,42,B6,2,0,0,3,1.45%,-1.45%,1,1,205,17,3,HOU,OAK,HR,HR,,1
Jay Money,241,609,Sal Shark,2147,940,PO,331,B6,2,0,1,3,-2.16%,2.16%,0,0,205,17,3,HOU,OAK,PO,PO,,1
Whit Merto,162,185,Cy Hadd,3295,736,LGO,449,T1,0,0,0,0,-2.51%,2.51%,0,0,206,18,3,BAL,PHI,LGO,LGO,,1
Clipper Charge,171,616,Cy Hadd,3295,445,BB,171,T1,1,0,0,0,2.43%,-2.43%,0,0,206,18,3,BAL,PHI,BB,BB,,1
Randy Nummer,2066,699,Cy Hadd,3295,897,FO,198,T1,1,1,0,0,-2.63%,2.63%,0,0,206,18,3,BAL,PHI,FO,FO,,1
Sam Smith,158,327,Cy Hadd,3295,897,PO,430,T1,2,1,0,0,-3.74%,3.74%,0,0,206,18,3,BAL,PHI,PO,PO,,1
Kyle Mack,2011,853,Rob Pancakes,1966,471,PO,382,B1,0,0,0,0,-2.48%,2.48%,0,0,207,18,3,PHI,BAL,PO,PO,,1
Conrad Love,300,6,Rob Pancakes,1966,112,1B,106,B1,1,0,0,0,2.28%,-2.28%,0,0,207,18,3,PHI,BAL,1B,1B,,1
Martin Barnar,2088,54,Rob Pancakes,1966,398,K,344,B1,1,1,0,0,-2.55%,2.55%,0,0,207,18,3,PHI,BAL,K,K,,1
KC Bats,287,606,Rob Pancakes,1966,222,K,384,B1,2,1,0,0,-3.69%,3.69%,0,0,207,18,3,PHI,BAL,K,K,,1
Indy Sayne,151,380,Cy Hadd,3295,344,2B,36,T2,0,0,0,0,6.81%,-6.81%,0,1,208,18,3,BAL,PHI,2B,2B,,1
Johnny Dickshot,233,565,Cy Hadd,3295,23,LGO,458,T2,0,2,0,0,-4.42%,4.42%,0,0,208,18,3,BAL,PHI,LGO,LGO,,1
Bernie Petrol,1972,765,Cy Hadd,3295,756,HR,9,T2,1,2,0,0,19.86%,-19.86%,2,1,208,18,3,BAL,PHI,HR,HR,,1
Aaron Range,3290,131,Cy Hadd,3295,440,K,309,T2,1,0,0,2,-1.52%,1.52%,0,0,208,18,3,BAL,PHI,K,K,,1
Rob Pancakes,1966,810,Cy Hadd,3295,274,LGO,464,T2,2,0,0,2,-1.37%,1.37%,0,0,208,18,3,BAL,PHI,LGO,LGO,,1
Ronald Eagle Sr.,167,301,Rob Pancakes,1966,600,FO,299,B2,0,0,0,2,-2.94%,2.94%,0,0,209,18,3,PHI,BAL,FO,FO,,1
Ross Fire,47,380,Rob Pancakes,1966,461,1B,81,B2,1,0,0,2,2.98%,-2.98%,0,1,209,18,3,PHI,BAL,1B,1B,,1
Hunter Tuzero,346,51,Rob Pancakes,1966,944,BB,107,B2,1,1,0,2,5.26%,-5.26%,0,1,209,18,3,PHI,BAL,BB,BB,,1
Cy Hadd,3295,99,Rob Pancakes,1966,944,BB,155,B2,1,4,0,2,10.04%,-10.04%,0,0,209,18,3,PHI,BAL,BB,BB,,1
Conor McRedgor,2039,540,Rob Pancakes,1966,710,BB,170,B2,1,7,0,2,11.89%,-11.89%,1,0,209,18,3,PHI,BAL,BB,BB,,1
Kyle Mack,2011,219,Rob Pancakes,1966,421,Sac,202,B2,1,7,1,2,-0.88%,0.88%,1,0,209,18,3,PHI,BAL,FO,FO,,1
Conrad Love,300,112,Rob Pancakes,1966,681,PO,431,B2,2,4,2,2,-7.01%,7.01%,0,0,209,18,3,PHI,BAL,PO,PO,,1
Whit Merto,162,244,Cy Hadd,3295,644,LGO,400,T3,0,0,2,2,-3.03%,3.03%,0,0,210,18,3,BAL,PHI,LGO,LGO,,1
Clipper Charge,171,543,Cy Hadd,3295,702,BB,159,T3,1,0,2,2,2.77%,-2.77%,0,1,210,18,3,BAL,PHI,BB,BB,,1
Randy Nummer,2066,372,Cy Hadd,3295,356,HR,16,T3,1,1,2,2,25.27%,-25.27%,2,1,210,18,3,BAL,PHI,HR,HR,,1
Sam Smith,158,746,Cy Hadd,3295,833,1B,87,T3,1,0,2,4,1.43%,-1.43%,0,0,210,18,3,BAL,PHI,1B,1B,,1
Indy Sayne,151,444,Cy Hadd,3295,833,DP,389,T3,1,1,2,4,-4.29%,4.29%,0,0,210,18,3,BAL,PHI,LGO,LGO,,1
Martin Barnar,2088,674,Rob Pancakes,1966,737,2B,63,B3,0,0,2,4,8.43%,-8.43%,0,1,211,18,3,PHI,BAL,2B,2B,,1
KC Bats,287,492,Rob Pancakes,1966,333,BB,159,B3,0,2,2,4,3.65%,-3.65%,0,1,211,18,3,PHI,BAL,BB,BB,,1
Ronald Eagle Sr.,167,736,Rob Pancakes,1966,811,1B,75,B3,0,4,2,4,12.69%,-12.69%,0,1,211,18,3,PHI,BAL,1B,1B,,1
Ross Fire,47,760,Rob Pancakes,1966,755,HR,5,B3,0,7,2,4,31.13%,-31.13%,4,1,211,18,3,PHI,BAL,HR,HR,,1
Hunter Tuzero,346,951,Rob Pancakes,1966,69,BB,118,B3,0,0,6,4,1.15%,-1.15%,0,0,211,18,3,PHI,BAL,BB,BB,,1
Cy Hadd,3295,550,Rob Pancakes,1966,295,FO,255,B3,0,1,6,4,-1.40%,1.40%,0,0,211,18,3,PHI,BAL,FO,FO,,1
Conor McRedgor,2039,210,Rob Pancakes,1966,745,DP,465,B3,1,1,6,4,-3.21%,3.21%,0,0,211,18,3,PHI,BAL,LGO,LGO,,1
Johnny Dickshot,233,833,Cy Hadd,3295,799,2B,34,T4,0,0,6,4,8.55%,-8.55%,0,0,212,18,3,BAL,PHI,2B,2B,,1
Bernie Petrol,1972,237,Cy Hadd,3295,901,K,336,T4,0,2,6,4,-5.69%,5.69%,0,0,212,18,3,BAL,PHI,K,K,,1
Aaron Range,3290,793,Cy Hadd,3295,577,FO,216,T4,1,2,6,4,-5.15%,5.15%,0,0,212,18,3,BAL,PHI,FO,FO,,1
Rob Pancakes,1966,810,Cy Hadd,3295,32,FO,222,T4,2,2,6,4,-5.47%,5.47%,0,0,212,18,3,BAL,PHI,FO,FO,,1
Kyle Mack,2011,833,Rob Pancakes,1966,111,FO,278,B4,0,0,6,4,-1.07%,1.07%,0,0,213,18,3,PHI,BAL,FO,FO,,1
Conrad Love,300,397,Rob Pancakes,1966,745,K,348,B4,1,0,6,4,-0.97%,0.97%,0,0,213,18,3,PHI,BAL,K,K,,1
Jay Lupp,3278,628,Rob Pancakes,1966,644,3B,16,B4,2,0,6,4,1.36%,-1.36%,0,0,213,18,3,PHI,BAL,3B,3B,,1
KC Bats,287,312,Rob Pancakes,1966,965,K,347,B4,2,3,6,4,-2.22%,2.22%,0,0,213,18,3,PHI,BAL,K,K,,1
Whit Merto,162,698,Cy Hadd,3295,663,2B,35,T5,0,0,6,4,9.20%,-9.20%,0,0,214,18,3,BAL,PHI,2B,2B,,1
Clipper Charge,171,523,Cy Hadd,3295,377,BB,146,T5,0,2,6,4,5.83%,-5.83%,0,0,214,18,3,BAL,PHI,BB,BB,,1
Randy Nummer,2066,908,Cy Hadd,3295,209,FO,301,T5,0,4,6,4,-6.82%,6.82%,0,0,214,18,3,BAL,PHI,FO,FO,,1
Sam Smith,158,722,Cy Hadd,3295,433,K,289,T5,1,4,6,4,-6.72%,6.72%,0,0,214,18,3,BAL,PHI,K,K,,1
Indy Sayne,151,833,Cy Hadd,3295,331,LGO,498,T5,2,4,6,4,-9.81%,9.81%,0,0,214,18,3,BAL,PHI,LGO,LGO,,1
Ronald Eagle Sr.,167,736,Rob Pancakes,1966,412,K,324,B5,0,0,6,4,-0.67%,0.67%,0,0,215,18,3,PHI,BAL,K,K,,1
Ross Fire,47,412,Rob Pancakes,1966,297,1B,115,B5,1,0,6,4,0.55%,-0.55%,0,1,215,18,3,PHI,BAL,1B,1B,,1
Hunter Tuzero,346,400,Rob Pancakes,1966,519,BB,119,B5,1,1,6,4,0.86%,-0.86%,0,1,215,18,3,PHI,BAL,BB,BB,,1
Cy Hadd,3295,756,Rob Pancakes,1966,768,HR,12,B5,1,4,6,4,5.22%,-5.22%,3,1,215,18,3,PHI,BAL,HR,HR,,1
Conor McRedgor,2039,437,Rob Pancakes,1966,333,1B,104,B5,1,0,9,4,0.05%,-0.05%,0,0,215,18,3,PHI,BAL,1B,1B,,1
Kyle Mack,2011,69,Rob Pancakes,1966,567,DP,498,B5,1,1,9,4,-0.15%,0.15%,0,0,215,18,3,PHI,BAL,LGO,LGO,,1
Johnny Dickshot,233,217,Oliver Yu,286,783,LGO,434,T6,0,0,9,4,-0.40%,0.40%,0,0,216,18,3,BAL,PHI,LGO,LGO,,1
Bernie Petrol,1972,833,Oliver Yu,286,693,BB,140,T6,1,0,9,4,0.45%,-0.45%,0,0,216,18,3,BAL,PHI,BB,BB,,1
Ludd Van Shark,1968,648,Oliver Yu,286,815,FO,167,T6,1,1,9,4,-0.53%,0.53%,0,0,216,18,3,BAL,PHI,FO,FO,,1
Rob Pancakes,1966,9,Oliver Yu,286,780,FO,229,T6,2,1,9,4,-0.20%,0.20%,0,0,216,18,3,BAL,PHI,FO,FO,,1
Gene Hennig,2040,733,Rob Pancakes,1966,309,LGO,424,T1,0,0,0,0,-2.51%,2.51%,0,0,217,19,4,WAS,BAL,LGO,LGO,,1
Mylo Grams,396,763,Rob Pancakes,1966,962,BB,199,T1,1,0,0,0,2.43%,-2.43%,0,0,217,19,4,WAS,BAL,BB,BB,,1
Donnie Lindsanity,2052,622,Rob Pancakes,1966,210,K,412,T1,1,1,0,0,-2.63%,2.63%,0,0,217,19,4,WAS,BAL,K,K,,1
Bo Kinsella,2051,410,Rob Pancakes,1966,565,BB,155,T1,2,1,0,0,2.81%,-2.81%,0,0,217,19,4,WAS,BAL,BB,BB,,1
Chad Barrett,2030,97,Rob Pancakes,1966,371,FO,274,T1,2,4,0,0,-6.55%,6.55%,0,0,217,19,4,WAS,BAL,FO,FO,,1
Whit Merto,162,838,Hudson Hildebrandt,284,309,LGO,471,B1,0,0,0,0,-2.48%,2.48%,0,0,218,19,4,BAL,WAS,LGO,LGO,,1
Clipper Charge,171,309,Hudson Hildebrandt,284,712,LGO,403,B1,1,0,0,0,-2.17%,2.17%,0,0,218,19,4,BAL,WAS,LGO,LGO,,1
Randy Nummer,2066,415,Hudson Hildebrandt,284,420,HR,5,B1,2,0,0,0,12.67%,-12.67%,1,1,218,19,4,BAL,WAS,HR,HR,,1
Sam Smith,158,822,Hudson Hildebrandt,284,500,K,322,B1,2,0,1,0,-1.44%,1.44%,0,0,218,19,4,BAL,WAS,K,K,,1
Osmosis Jones,37,500,Rob Pancakes,1966,13,LGO,487,T2,0,0,1,0,-2.95%,2.95%,0,0,219,19,4,WAS,BAL,LGO,LGO,,1
Herrera O'Doubles,2055,745,Rob Pancakes,1966,1,FO,256,T2,1,0,1,0,-2.51%,2.51%,0,0,219,19,4,WAS,BAL,FO,FO,,1
Larry Wayne,2053,23,Rob Pancakes,1966,309,K,286,T2,2,0,1,0,-1.96%,1.96%,0,0,219,19,4,WAS,BAL,K,K,,1
Indy Sayne,151,499,Hudson Hildebrandt,284,703,FO,204,B2,0,0,1,0,-2.00%,2.00%,0,0,220,19,4,BAL,WAS,FO,FO,,1
Bernie Petrol,1972,813,Hudson Hildebrandt,284,1,FO,188,B2,1,0,1,0,-1.83%,1.83%,0,0,220,19,4,BAL,WAS,FO,FO,,1
Johnny Dickshot,233,999,Hudson Hildebrandt,284,808,FO,191,B2,2,0,1,0,-1.56%,1.56%,0,0,220,19,4,BAL,WAS,FO,FO,,1
Jason Girth,2143,612,Rob Pancakes,1966,591,HR,21,T3,0,0,1,0,15.07%,-15.07%,1,1,221,19,4,WAS,BAL,HR,HR,,1
Gene Hennig,2040,955,Rob Pancakes,1966,712,FO,243,T3,0,0,1,1,-3.03%,3.03%,0,0,221,19,4,WAS,BAL,FO,FO,,1
Mylo Grams,396,6,Rob Pancakes,1966,231,FO,225,T3,1,0,1,1,-2.74%,2.74%,0,0,221,19,4,WAS,BAL,FO,FO,,1
Donnie Lindsanity,2052,15,Rob Pancakes,1966,201,BB,186,T3,2,0,1,1,2.50%,-2.50%,0,0,221,19,4,WAS,BAL,BB,BB,,1
Bo Kinsella,2051,618,Rob Pancakes,1966,812,FO,194,T3,2,1,1,1,-4.81%,4.81%,0,0,221,19,4,WAS,BAL,FO,FO,,1
Ludd Van Shark,1968,418,Hudson Hildebrandt,284,303,1B,115,B3,0,0,1,1,3.09%,-3.09%,0,0,222,19,4,BAL,WAS,1B,1B,,1
Aaron Range,3290,,Hudson Hildebrandt,284,,Auto K,,B3,0,1,1,1,-3.46%,3.46%,0,0,222,19,4,BAL,WAS,Auto K,Auto K,,9
Whit Merto,162,529,Hudson Hildebrandt,284,202,DP,327,B3,1,1,1,1,-7.74%,7.74%,0,0,222,19,4,BAL,WAS,LGO,LGO,,1
Chad Barrett,2030,824,Rob Pancakes,1966,773,2B,51,T4,0,0,1,1,8.83%,-8.83%,0,0,223,19,4,WAS,BAL,2B,2B,,1
Osmosis Jones,37,1,Rob Pancakes,1966,291,FO,290,T4,0,2,1,1,-5.95%,5.95%,0,0,223,19,4,WAS,BAL,FO,FO,,1
Herrera O'Doubles,2055,150,Rob Pancakes,1966,638,LGO,488,T4,1,2,1,1,-5.19%,5.19%,0,0,223,19,4,WAS,BAL,LGO,LGO,,1
Larry Wayne,2053,50,Rob Pancakes,1966,462,K,412,T4,2,2,1,1,-7.21%,7.21%,0,0,223,19,4,WAS,BAL,K,K,,1
Clipper Charge,171,530,Hudson Hildebrandt,284,1,LGO,471,B4,0,0,1,1,-3.43%,3.43%,0,0,224,19,4,BAL,WAS,LGO,LGO,,1
Randy Nummer,2066,888,Hudson Hildebrandt,284,1,1B,113,B4,1,0,1,1,2.66%,-2.66%,0,0,224,19,4,BAL,WAS,1B,1B,,1
Sam Smith,158,501,Hudson Hildebrandt,284,750,FO,249,B4,1,1,1,1,-3.18%,3.18%,0,0,224,19,4,BAL,WAS,FO,FO,,1
Indy Sayne,151,307,Hudson Hildebrandt,284,1,PO,306,B4,2,1,1,1,-5.52%,5.52%,0,0,224,19,4,BAL,WAS,PO,PO,,1
Jason Girth,2143,576,Rob Pancakes,1966,205,K,371,T5,0,0,1,1,-4.31%,4.31%,0,0,225,19,4,WAS,BAL,K,K,,1
Gene Hennig,2040,703,Rob Pancakes,1966,19,K,316,T5,1,0,1,1,-3.90%,3.90%,0,0,225,19,4,WAS,BAL,K,K,,1
Mylo Grams,396,685,Rob Pancakes,1966,421,FO,264,T5,2,0,1,1,-3.51%,3.51%,0,0,225,19,4,WAS,BAL,FO,FO,,1
Bernie Petrol,1972,857,Hudson Hildebrandt,284,408,LGO,449,B5,0,0,1,1,-4.12%,4.12%,0,0,226,19,4,BAL,WAS,LGO,LGO,,1
Johnny Dickshot,233,1000,Hudson Hildebrandt,284,738,K,262,B5,1,0,1,1,-3.89%,3.89%,0,0,226,19,4,BAL,WAS,K,K,,1
Ludd Van Shark,1968,867,Hudson Hildebrandt,284,1,BB,134,B5,2,0,1,1,3.18%,-3.18%,0,0,226,19,4,BAL,WAS,BB,BB,,1
Clark Web,3285,,Hudson Hildebrandt,284,,Auto K,,B5,2,1,1,1,-6.86%,6.86%,0,0,226,19,4,BAL,WAS,Auto K,Auto K,,9
Donnie Lindsanity,2052,211,Rob Pancakes,1966,920,K,291,T6,0,0,1,1,-5.44%,5.44%,0,0,227,19,4,WAS,BAL,K,K,,1
Bo Kinsella,2051,330,Rob Pancakes,1966,361,2B,31,T6,1,0,1,1,9.83%,-9.83%,0,1,227,19,4,WAS,BAL,2B,2B,,1
Chad Barrett,2030,247,Rob Pancakes,1966,401,BB,154,T6,1,2,1,1,0.60%,-0.60%,0,0,227,19,4,WAS,BAL,BB,BB,,1
Osmosis Jones,37,915,Rob Pancakes,1966,702,FO,213,T6,1,4,1,1,-6.53%,6.53%,0,0,227,19,4,WAS,BAL,FO,FO,,1
Herrera O'Doubles,2055,300,Rob Pancakes,1966,230,1B,70,T6,2,4,1,1,33.29%,-33.29%,1,0,227,19,4,WAS,BAL,1B,1B,,1
Larry Wayne,2053,33,Rob Pancakes,1966,271,FO,238,T6,2,5,1,2,-4.45%,4.45%,0,0,227,19,4,WAS,BAL,FO,FO,,1
Whit Merto,162,839,Hudson Hildebrandt,284,927,1B,88,B6,0,0,1,2,8.33%,-8.33%,0,0,228,19,4,BAL,WAS,1B,1B,,1
Clipper Charge,171,446,Hudson Hildebrandt,284,730,K,284,B6,0,1,1,2,-9.27%,9.27%,0,0,228,19,4,BAL,WAS,K,K,,1
Randy Nummer,2066,246,Jay Bedia,2151,616,K,370,B6,1,1,1,2,-7.88%,7.88%,0,0,228,19,4,BAL,WAS,K,K,,1
Sam Smith,158,497,Jay Bedia,2151,315,FO,182,B6,2,1,1,2,-13.92%,13.92%,0,0,228,19,4,BAL,WAS,FO,FO,,1
BB Bambino Jr.,115,681,Oliver Yu,286,480,FO,201,T1,0,0,0,0,-2.51%,2.51%,0,0,229,20,4,DET,PHI,FO,FO,,1
Casey Nine,101,702,Oliver Yu,286,211,LGO,491,T1,1,0,0,0,-2.18%,2.18%,0,0,229,20,4,DET,PHI,LGO,LGO,,1
Morris Deratt,104,765,Oliver Yu,286,907,BB,142,T1,2,0,0,0,1.98%,-1.98%,0,1,229,20,4,DET,PHI,BB,BB,,1
Valentino Rollin,2089,848,Oliver Yu,286,738,1B,110,T1,2,1,0,0,2.83%,-2.83%,0,0,229,20,4,DET,PHI,1B,1B,,1
Otis Nixon Sr.,107,420,Oliver Yu,286,520,1B,100,T1,2,5,0,0,11.42%,-11.42%,1,0,229,20,4,DET,PHI,1B,1B,,1
King Fielder,222,117,Oliver Yu,286,810,K,307,T1,2,5,0,1,-5.61%,5.61%,0,0,229,20,4,DET,PHI,K,K,,1
Ross Fire,47,88,Big Tuna,2091,66,2B,22,B1,0,0,0,1,7.04%,-7.04%,0,0,230,20,4,PHI,DET,2B,2B,,1
Jay Lupp,3278,428,Big Tuna,2091,977,LGO,451,B1,0,2,0,1,-4.86%,4.86%,0,0,230,20,4,PHI,DET,LGO,LGO,,1
Conrad Love,300,673,Big Tuna,2091,102,LGO,429,B1,1,2,0,1,-3.80%,3.80%,0,0,230,20,4,PHI,DET,LGO,LGO,,1
Hunter Tuzero,346,425,Big Tuna,2091,797,K,372,B1,2,2,0,1,-5.41%,5.41%,0,0,230,20,4,PHI,DET,K,K,,1
Mason Spurs,103,,Oliver Yu,286,76,1B,,T2,0,0,0,1,2.40%,-2.40%,0,0,231,20,4,DET,PHI,1B,1B,,1
Sevag Vapor,106,833,Oliver Yu,286,468,DP,365,T2,0,1,0,1,-6.69%,6.69%,0,0,231,20,4,DET,PHI,LGO,LGO,,1
Merodach Baladan,100,307,Oliver Yu,286,10,K,297,T2,2,0,0,1,-1.69%,1.69%,0,0,231,20,4,DET,PHI,K,K,,1
Rory Nipponsteer,1992,151,Big Tuna,2091,314,FO,163,B2,0,0,0,1,-3.11%,3.11%,0,0,232,20,4,PHI,DET,FO,FO,,1
Kyle Mack,2011,853,Big Tuna,2091,18,BB,165,B2,1,0,0,1,3.03%,-3.03%,0,0,232,20,4,PHI,DET,BB,BB,,1
Kyle Mack,2011,873,Big Tuna,2091,688,SB,185,B2,1,1,0,1,2.85%,-2.85%,0,0,232,20,4,PHI,DET,Steal 2B,Steal 2B,,4
Conor McRedgor,2039,970,Big Tuna,2091,688,K,282,B2,1,2,0,1,-8.57%,8.57%,0,0,232,20,4,PHI,DET,K,K,,1
KC Bats,287,103,Big Tuna,2091,777,K,326,B2,2,0,0,1,-2.13%,2.13%,0,0,232,20,4,PHI,DET,K,K,,1
BB Bambino Jr.,115,482,Oliver Yu,286,3,LGO,479,T3,0,0,0,1,-2.37%,2.37%,0,0,233,20,4,DET,PHI,LGO,LGO,,1
Casey Nine,101,444,Oliver Yu,286,974,LGO,470,T3,1,0,0,1,-2.03%,2.03%,0,0,233,20,4,DET,PHI,LGO,LGO,,1
Morris Deratt,104,369,Oliver Yu,286,832,LGO,463,T3,2,0,0,1,-1.82%,1.82%,0,0,233,20,4,DET,PHI,LGO,LGO,,1
Brandon Aconi,2042,322,Big Tuna,2091,14,K,308,B3,0,0,0,1,-3.58%,3.58%,0,0,234,20,4,PHI,DET,K,K,,1
Ross Fire,47,960,Big Tuna,2091,698,FO,262,B3,1,0,0,1,-3.10%,3.10%,0,0,234,20,4,PHI,DET,FO,FO,,1
Jay Lupp,3278,824,Big Tuna,2091,999,BB,175,B3,2,0,0,1,2.66%,-2.66%,0,1,234,20,4,PHI,DET,BB,BB,,1
Conrad Love,300,940,Big Tuna,2091,1,2B,61,B3,2,1,0,1,18.84%,-18.84%,1,0,234,20,4,PHI,DET,2B,2B,,1
Hunter Tuzero,346,69,Big Tuna,2091,221,FO,152,B3,2,2,1,1,-6.17%,6.17%,0,0,234,20,4,PHI,DET,FO,FO,,1
Valentino Rollin,2089,,Oliver Yu,286,,Auto K,,T4,0,0,1,1,-3.58%,3.58%,0,0,235,20,4,DET,PHI,Auto K,Auto K,,9
Otis Nixon Sr.,107,875,Oliver Yu,286,758,BB,117,T4,1,0,1,1,3.19%,-3.19%,0,0,235,20,4,DET,PHI,BB,BB,,1
King Fielder,222,900,Oliver Yu,286,637,FO,263,T4,1,1,1,1,-3.50%,3.50%,0,0,235,20,4,DET,PHI,FO,FO,,1
Mason Spurs,103,42,Oliver Yu,286,887,BB,155,T4,2,1,1,1,3.66%,-3.66%,0,0,235,20,4,DET,PHI,BB,BB,,1
Sevag Vapor,106,233,Oliver Yu,286,511,K,278,T4,2,4,1,1,-9.29%,9.29%,0,0,235,20,4,DET,PHI,K,K,,1
Rory Nipponsteer,1992,639,Big Tuna,2091,790,BB,151,B4,0,0,1,1,3.11%,-3.11%,0,0,236,20,4,PHI,DET,BB,BB,,1
Kyle Mack,2011,101,Big Tuna,2091,856,FO,245,B4,0,1,1,1,-3.88%,3.88%,0,0,236,20,4,PHI,DET,FO,FO,,1
Conor McRedgor,2039,642,Big Tuna,2091,3,DP,361,B4,1,1,1,1,-8.70%,8.70%,0,0,236,20,4,PHI,DET,LGO,LGO,,1
Merodach Baladan,100,312,Oliver Yu,286,928,LGO,384,T5,0,0,1,1,-4.31%,4.31%,0,0,237,20,4,DET,PHI,LGO,LGO,,1
BB Bambino Jr.,115,17,Oliver Yu,286,816,FO,201,T5,1,0,1,1,-3.90%,3.90%,0,0,237,20,4,DET,PHI,FO,FO,,1
Casey Nine,101,415,Oliver Yu,286,726,K,311,T5,2,0,1,1,-3.51%,3.51%,0,0,237,20,4,DET,PHI,K,K,,1
KC Bats,287,898,Big Tuna,2091,101,FO,203,B5,0,0,1,1,-4.12%,4.12%,0,0,238,20,4,PHI,DET,FO,FO,,1
Brandon Aconi,2042,37,Big Tuna,2091,984,1B,53,B5,1,0,1,1,2.78%,-2.78%,0,0,238,20,4,PHI,DET,1B,1B,,1
Ross Fire,47,960,Big Tuna,2091,413,DP,453,B5,1,1,1,1,-10.35%,10.35%,0,0,238,20,4,PHI,DET,LGO,LGO,,1
Morris Deratt,104,666,Oliver Yu,286,540,1B,126,T6,0,0,1,1,4.38%,-4.38%,0,0,239,20,4,DET,PHI,1B,1B,,1
Valentino Rollin,2089,748,Oliver Yu,286,310,DP,438,T6,0,1,1,1,-14.90%,14.90%,0,0,239,20,4,DET,PHI,LGO,LGO,,1
Otis Nixon Sr.,107,30,Oliver Yu,286,422,K,392,T6,2,0,1,1,-4.91%,4.91%,0,0,239,20,4,DET,PHI,K,K,,1
Jay Lupp,3278,218,Big Tuna,2091,868,K,350,B6,0,0,1,1,-5.27%,5.27%,0,0,240,20,4,PHI,DET,K,K,,1
Conrad Love,300,57,Big Tuna,2091,99,2B,42,B6,1,0,1,1,9.58%,-9.58%,0,1,240,20,4,PHI,DET,2B,2B,,1
Cambo Dia,2010,612,Big Tuna,2091,4,LGO,392,B6,1,2,1,1,-6.92%,6.92%,0,0,240,20,4,PHI,DET,LGO,LGO,,1
Cy Hadd,3295,920,Big Tuna,2091,782,BB,138,B6,2,2,1,1,0.20%,-0.20%,0,0,240,20,4,PHI,DET,BB,BB,,1
Kyle Mack,2011,76,Big Tuna,2091,992,1B,84,B6,2,4,1,1,36.94%,-36.94%,1,0,240,20,4,PHI,DET,1B,1B,,1
H.B. Boink,1988,892,Whitt Bass,39,430,LGO,462,T1,0,0,0,0,-2.51%,2.51%,0,0,241,21,4,ATL,HOU,LGO,LGO,,1
Phil Coulson,226,893,Whitt Bass,39,69,BB,176,T1,1,0,0,0,2.43%,-2.43%,0,0,241,21,4,ATL,HOU,BB,BB,,1
Charles Lindberg,242,766,Whitt Bass,39,183,DP,417,T1,1,1,0,0,-6.37%,6.37%,0,0,241,21,4,ATL,HOU,LGO,LGO,,1
Jimbo Fishy,1984,727,Cal Tiberius Jr.,199,227,LGO,500,B1,0,0,0,0,-2.48%,2.48%,0,0,242,21,4,HOU,ATL,LGO,LGO,,1
Triston Uzumaki,125,436,Cal Tiberius Jr.,199,63,LGO,373,B1,1,0,0,0,-2.17%,2.17%,0,0,242,21,4,HOU,ATL,LGO,LGO,,1
Jay Money,241,933,Cal Tiberius Jr.,199,678,FO,255,B1,2,0,0,0,-1.79%,1.79%,0,0,242,21,4,HOU,ATL,FO,FO,,1
Y.E. Wally,5,666,Whitt Bass,39,987,K,321,T2,0,0,0,0,-2.72%,2.72%,0,0,243,21,4,ATL,HOU,K,K,,1
Gil Metz,206,429,Whitt Bass,39,866,LGO,437,T2,1,0,0,0,-2.40%,2.40%,0,0,243,21,4,ATL,HOU,LGO,LGO,,1
Jake Blee,232,94,Whitt Bass,39,545,LGO,451,T2,2,0,0,0,-1.99%,1.99%,0,0,243,21,4,ATL,HOU,LGO,LGO,,1
Buck Cheeks,457,104,Cal Tiberius Jr.,199,326,FO,222,B2,0,0,0,0,-2.72%,2.72%,0,0,244,21,4,HOU,ATL,FO,FO,,1
Chester Facto,2032,729,Cal Tiberius Jr.,199,531,FO,198,B2,1,0,0,0,-2.38%,2.38%,0,0,244,21,4,HOU,ATL,FO,FO,,1
Khalil Underscore,3289,,Cal Tiberius Jr.,199,,Auto K,,B2,2,0,0,0,-2.03%,2.03%,0,0,244,21,4,HOU,ATL,Auto K,Auto K,,9
C.J. Bastian,1989,999,Whitt Bass,39,115,1B,116,T3,0,0,0,0,3.31%,-3.31%,0,0,245,21,4,ATL,HOU,1B,1B,,1
Cal Tiberius Jr.,199,726,Whitt Bass,39,20,K,294,T3,0,1,0,0,-3.57%,3.57%,0,0,245,21,4,ATL,HOU,K,K,,1
Sadler Oriole,231,100,Whitt Bass,39,454,DP,354,T3,1,1,0,0,-7.82%,7.82%,0,0,245,21,4,ATL,HOU,LGO,LGO,,1
Chris Keebler,2108,621,Cal Tiberius Jr.,199,701,1B,80,B3,0,0,0,0,3.09%,-3.09%,0,0,246,21,4,HOU,ATL,1B,1B,,1
Rupert Apple,3280,101,Cal Tiberius Jr.,199,652,DP,449,B3,0,1,0,0,-8.93%,8.93%,0,0,246,21,4,HOU,ATL,LGO,LGO,,1
Jasper Orbit,1983,200,Cal Tiberius Jr.,199,624,LGO,424,B3,2,0,0,0,-2.27%,2.27%,0,0,246,21,4,HOU,ATL,LGO,LGO,,1
H.B. Boink,1988,524,Whitt Bass,39,601,1B,77,T4,0,0,0,0,3.68%,-3.68%,0,0,247,21,4,ATL,HOU,1B,1B,,1
Phil Coulson,226,124,Whitt Bass,39,630,DP,494,T4,0,1,0,0,-10.45%,10.45%,0,0,247,21,4,ATL,HOU,LGO,LGO,,1
Charles Lindberg,242,124,Whitt Bass,39,183,2B,59,T4,2,0,0,0,4.46%,-4.46%,0,0,247,21,4,ATL,HOU,2B,2B,,1
Y.E. Wally,5,309,Whitt Bass,39,833,LGO,476,T4,2,2,0,0,-7.21%,7.21%,0,0,247,21,4,ATL,HOU,LGO,LGO,,1
Jimbo Fishy,1984,627,Cal Tiberius Jr.,199,896,K,269,B4,0,0,0,0,-3.43%,3.43%,0,0,248,21,4,HOU,ATL,K,K,,1
Triston Uzumaki,125,124,Cal Tiberius Jr.,199,353,FO,229,B4,1,0,0,0,-3.17%,3.17%,0,0,248,21,4,HOU,ATL,FO,FO,,1
Jay Money,241,279,Cal Tiberius Jr.,199,263,2B,16,B4,2,0,0,0,4.54%,-4.54%,0,1,248,21,4,HOU,ATL,2B,2B,,1
Buck Cheeks,457,999,Cal Tiberius Jr.,199,926,1B,73,B4,2,2,0,0,18.65%,-18.65%,1,0,248,21,4,HOU,ATL,1B,1B,,1
Chester Facto,2032,729,Cal Tiberius Jr.,199,510,FO,219,B4,2,1,1,0,-3.03%,3.03%,0,0,248,21,4,HOU,ATL,FO,FO,,1
Gil Metz,206,99,Whitt Bass,39,559,LGO,460,T5,0,0,1,0,-4.98%,4.98%,0,0,249,21,4,ATL,HOU,LGO,LGO,,1
Jake Blee,232,222,Whitt Bass,39,270,2B,48,T5,1,0,1,0,9.41%,-9.41%,0,1,249,21,4,ATL,HOU,2B,2B,,1
C.J. Bastian,1989,529,Whitt Bass,39,579,HR,50,T5,1,2,1,0,39.31%,-39.31%,2,1,249,21,4,ATL,HOU,HR,HR,,1
Cal Tiberius Jr.,199,755,Whitt Bass,39,212,LGO,457,T5,1,0,1,2,-2.08%,2.08%,0,0,249,21,4,ATL,HOU,LGO,LGO,,1
Sadler Oriole,231,650,Whitt Bass,39,701,1B,51,T5,2,0,1,2,1.87%,-1.87%,0,0,249,21,4,ATL,HOU,1B,1B,,1
H.B. Boink,1988,926,Whitt Bass,39,890,1B,36,T5,2,1,1,2,2.45%,-2.45%,0,0,249,21,4,ATL,HOU,1B,1B,,1
Phil Coulson,226,753,Whitt Bass,39,302,LGO,451,T5,2,5,1,2,-6.23%,6.23%,0,0,249,21,4,ATL,HOU,LGO,LGO,,1
Khalil Underscore,3289,,Cal Tiberius Jr.,199,,Auto K,,B5,0,0,1,2,-5.77%,5.77%,0,0,250,21,4,HOU,ATL,Auto K,Auto K,,9
Chris Keebler,2108,18,Cal Tiberius Jr.,199,853,BB,165,B5,1,0,1,2,5.33%,-5.33%,0,1,250,21,4,HOU,ATL,BB,BB,,1
Lemmy Fraser,2166,844,Cal Tiberius Jr.,199,782,2B,62,B5,1,1,1,2,22.53%,-22.53%,0,1,250,21,4,HOU,ATL,2B,2B,,1
Jasper Orbit,1983,500,Cal Tiberius Jr.,199,638,BB,138,B5,1,6,1,2,2.27%,-2.27%,0,0,250,21,4,HOU,ATL,BB,BB,,1
Jimbo Fishy,1984,201,Cal Tiberius Jr.,199,261,1B,60,B5,1,7,1,2,19.76%,-19.76%,1,0,250,21,4,HOU,ATL,1B,1B,,1
Triston Uzumaki,125,853,Cal Tiberius Jr.,199,41,Sac,188,B5,1,7,2,2,8.34%,-8.34%,1,0,250,21,4,HOU,ATL,FO,FO,,1
Jay Money,241,877,Cal Tiberius Jr.,199,42,BB,165,B5,2,4,3,2,1.17%,-1.17%,0,0,250,21,4,HOU,ATL,BB,BB,,1
Buck Cheeks,457,501,Cal Tiberius Jr.,199,83,LGO,418,B5,2,7,3,2,-4.78%,4.78%,0,0,250,21,4,HOU,ATL,LGO,LGO,,1
Charles Lindberg,242,937,Whitt Bass,39,431,LGO,494,T6,0,0,3,2,-6.73%,6.73%,0,0,251,21,4,ATL,HOU,LGO,LGO,,1
Y.E. Wally,5,498,Whitt Bass,39,567,2B,69,T6,1,0,3,2,13.04%,-13.04%,0,1,251,21,4,ATL,HOU,2B,2B,,1
Gil Metz,206,739,Whitt Bass,39,19,K,280,T6,1,2,3,2,-10.36%,10.36%,0,0,251,21,4,ATL,HOU,K,K,,1
Jake Blee,232,888,Whitt Bass,39,902,HR,14,T6,2,2,3,2,64.95%,-64.95%,2,1,251,21,4,ATL,HOU,HR,HR,,1
C.J. Bastian,1989,168,Whitt Bass,39,720,LGO,448,T6,2,0,3,4,-1.50%,1.50%,0,0,251,21,4,ATL,HOU,LGO,LGO,,1
Chester Facto,2032,669,Cal Tiberius Jr.,199,337,LGO,332,B6,0,0,3,4,-8.33%,8.33%,0,0,252,21,4,HOU,ATL,LGO,LGO,,1
Willoughby Hoose,112,663,Cal Tiberius Jr.,199,236,LGO,427,B6,1,0,3,4,-7.59%,7.59%,0,0,252,21,4,HOU,ATL,LGO,LGO,,1
Chris Keebler,2108,181,Cal Tiberius Jr.,199,982,FO,199,B6,2,0,3,4,-6.82%,6.82%,0,0,252,21,4,HOU,ATL,FO,FO,,1
Art Zyz,1982,715,Hudson Quin,58,514,FO,201,T1,0,0,0,0,-2.51%,2.51%,0,0,253,22,4,OAK,MIN,FO,FO,,1
Bobson Dugnutt,2096,764,Hudson Quin,58,421,K,343,T1,1,0,0,0,-2.18%,2.18%,0,0,253,22,4,OAK,MIN,K,K,,1
Blue Moon Barthelemy,2025,851,Hudson Quin,58,764,1B,87,T1,2,0,0,0,1.98%,-1.98%,0,0,253,22,4,OAK,MIN,1B,1B,,1
Caleb VanVacter,2103,112,Hudson Quin,58,450,K,338,T1,2,1,0,0,-3.74%,3.74%,0,0,253,22,4,OAK,MIN,K,K,,1
Dark Bobman,359,1,Sal Shark,2147,750,FO,251,B1,0,0,0,0,-2.48%,2.48%,0,0,254,22,4,MIN,OAK,FO,FO,,1
Twinkie Power,2128,938,Sal Shark,2147,80,BB,142,B1,1,0,0,0,2.28%,-2.28%,0,0,254,22,4,MIN,OAK,BB,BB,,1
"Jake ""JP"" Panik",267,450,Sal Shark,2147,800,K,350,B1,1,1,0,0,-2.55%,2.55%,0,0,254,22,4,MIN,OAK,K,K,,1
Mike Cal,2126,910,Sal Shark,2147,295,LGO,385,B1,2,1,0,0,-3.69%,3.69%,0,0,254,22,4,MIN,OAK,LGO,LGO,,1
Graham Othrie,2139,753,Hudson Quin,58,106,K,353,T2,0,0,0,0,-2.72%,2.72%,0,0,255,22,4,OAK,MIN,K,K,,1
Rick Gymnast,3283,862,Hudson Quin,58,12,1B,150,T2,1,0,0,0,2.57%,-2.57%,0,1,255,22,4,OAK,MIN,1B,1B,,1
I.M. Robbot,3291,,Hudson Quin,58,,Auto K,,T2,1,1,0,0,-2.82%,2.82%,0,0,255,22,4,OAK,MIN,Auto K,Auto K,,9
Rick Gymnast,3283,900,Hudson Quin,58,990,SB,90,T2,2,1,0,0,1.21%,-1.21%,0,0,255,22,4,OAK,MIN,Steal 2B,Steal 2B,,4
Boaty McBoatface,2095,900,Hudson Quin,58,990,1B,90,T2,2,2,0,0,12.32%,-12.32%,1,0,255,22,4,OAK,MIN,1B,1B,,1
Max Wasson,273,511,Hudson Quin,58,900,PO,389,T2,2,1,0,1,-3.57%,3.57%,0,0,255,22,4,OAK,MIN,PO,PO,,1
C.W. Mitzel,2127,950,Sal Shark,2147,643,K,307,B2,0,0,0,1,-3.11%,3.11%,0,0,256,22,4,MIN,OAK,K,K,,1
Tater Tits,4,130,Sal Shark,2147,875,FO,255,B2,1,0,0,1,-2.69%,2.69%,0,0,256,22,4,MIN,OAK,FO,FO,,1
Shiny Tenson,2124,779,Sal Shark,2147,120,K,341,B2,2,0,0,1,-2.13%,2.13%,0,0,256,22,4,MIN,OAK,K,K,,1
Art Zyz,1982,670,Hudson Quin,58,330,K,340,T3,0,0,0,1,-2.37%,2.37%,0,0,257,22,4,OAK,MIN,K,K,,1
Bobson Dugnutt,2096,33,Hudson Quin,58,822,FO,211,T3,1,0,0,1,-2.03%,2.03%,0,0,257,22,4,OAK,MIN,FO,FO,,1
Blue Moon Barthelemy,2025,1000,Hudson Quin,58,500,LGO,500,T3,2,0,0,1,-1.82%,1.82%,0,0,257,22,4,OAK,MIN,LGO,LGO,,1
Jack Marnette,213,278,Sal Shark,2147,75,FO,203,B3,0,0,0,1,-3.58%,3.58%,0,0,258,22,4,MIN,OAK,FO,FO,,1
Victor Justice,410,275,Sal Shark,2147,1,FO,274,B3,1,0,0,1,-3.10%,3.10%,0,0,258,22,4,MIN,OAK,FO,FO,,1
Dark Bobman,359,750,Sal Shark,2147,800,1B,50,B3,2,0,0,1,2.66%,-2.66%,0,0,258,22,4,MIN,OAK,1B,1B,,1
Dark Bobman,359,720,Sal Shark,2147,450,CS,270,B3,2,1,0,1,-5.25%,5.25%,0,0,258,22,4,MIN,OAK,CS 2B,CS 2B,,4
Caleb VanVacter,2103,1000,Hudson Quin,58,112,1B,112,T4,0,0,0,1,2.58%,-2.58%,0,0,259,22,4,OAK,MIN,1B,1B,,1
Graham Othrie,2139,703,Hudson Quin,58,314,K,389,T4,0,1,0,1,-3.09%,3.09%,0,0,259,22,4,OAK,MIN,K,K,,1
Rick Gymnast,3283,701,Hudson Quin,58,668,2B,33,T4,1,1,0,1,9.49%,-9.49%,0,0,259,22,4,OAK,MIN,2B,2B,,1
Sal Shark,2147,,Hudson Quin,58,,IBB,,T4,1,6,0,1,0.99%,-0.99%,0,0,259,22,4,OAK,MIN,IBB,IBB,,8
Boaty McBoatface,2095,24,Pablo Sanchez,120,400,PO,376,T4,1,7,0,1,-7.67%,7.67%,0,0,259,22,4,OAK,MIN,PO,PO,,1
Max Wasson,273,860,Pablo Sanchez,120,373,LGO,487,T4,2,7,0,1,-8.80%,8.80%,0,0,259,22,4,OAK,MIN,LGO,LGO,,1
Twinkie Power,2128,720,Sal Shark,2147,900,BB,180,B4,0,0,0,1,4.73%,-4.73%,0,0,260,22,4,MIN,OAK,BB,BB,,1
"Jake ""JP"" Panik",267,100,Sal Shark,2147,425,K,325,B4,0,1,0,1,-5.04%,5.04%,0,0,260,22,4,MIN,OAK,K,K,,1
Mike Cal,2126,50,Sal Shark,2147,307,FO,257,B4,1,1,0,1,-4.31%,4.31%,0,0,260,22,4,MIN,OAK,FO,FO,,1
Twinkie Power,2128,307,Sal Shark,2147,95,CS,212,B4,2,1,0,1,-6.91%,6.91%,0,0,260,22,4,MIN,OAK,CS 2B,CS 2B,,4
Art Zyz,1982,280,Pablo Sanchez,120,451,BB,171,T5,0,0,0,1,2.08%,-2.08%,0,0,261,22,4,OAK,MIN,BB,BB,,1
Bobson Dugnutt,2096,,Pablo Sanchez,120,,Auto K,,T5,0,1,0,1,-2.56%,2.56%,0,0,261,22,4,OAK,MIN,Auto K,Auto K,,9
Blue Moon Barthelemy,2025,222,Pablo Sanchez,120,606,PO,384,T5,1,1,0,1,-2.02%,2.02%,0,0,261,22,4,OAK,MIN,PO,PO,,1
Caleb VanVacter,2103,975,Pablo Sanchez,120,666,K,309,T5,2,1,0,1,-3.78%,3.78%,0,0,261,22,4,OAK,MIN,K,K,,1
C.W. Mitzel,2127,789,Sal Shark,2147,60,FO,271,B5,0,0,0,1,-5.77%,5.77%,0,0,262,22,4,MIN,OAK,FO,FO,,1
Tater Tits,4,900,Sal Shark,2147,675,FO,225,B5,1,0,0,1,-5.16%,5.16%,0,0,262,22,4,MIN,OAK,FO,FO,,1
Shiny Tenson,2124,799,Sal Shark,2147,740,1B,59,B5,2,0,0,1,4.75%,-4.75%,0,0,262,22,4,MIN,OAK,1B,1B,,1
Shiny Tenson,2124,786,Sal Shark,2147,277,CS,491,B5,2,1,0,1,-9.20%,9.20%,0,0,262,22,4,MIN,OAK,CS 2B,CS 2B,,4
Graham Othrie,2139,33,Pablo Sanchez,120,888,BB,145,T6,0,0,0,1,1.49%,-1.49%,0,1,263,22,4,OAK,MIN,BB,BB,,1
Rick Gymnast,3283,148,Pablo Sanchez,120,412,FO,264,T6,0,1,0,1,-1.89%,1.89%,0,0,263,22,4,OAK,MIN,FO,FO,,1
Sal Shark,2147,645,Pablo Sanchez,120,649,HR,4,T6,1,1,0,1,14.17%,-14.17%,2,1,263,22,4,OAK,MIN,HR,HR,,1
Boaty McBoatface,2095,220,Pablo Sanchez,120,1,FO,219,T6,1,0,0,3,-0.37%,0.37%,0,0,263,22,4,OAK,MIN,FO,FO,,1
Max Wasson,273,385,Pablo Sanchez,120,2,LGO,383,T6,2,0,0,3,-0.33%,0.33%,0,0,263,22,4,OAK,MIN,LGO,LGO,,1
Jack Marnette,213,170,Sal Shark,2147,1,BB,169,B6,0,0,0,3,4.46%,-4.46%,0,1,264,22,4,MIN,OAK,BB,BB,,1
Victor Justice,410,818,Sal Shark,2147,220,PO,402,B6,0,1,0,3,-3.81%,3.81%,0,0,264,22,4,MIN,OAK,PO,PO,,1
Dark Bobman,359,800,Sal Shark,2147,645,BB,155,B6,1,1,0,3,8.40%,-8.40%,0,1,264,22,4,MIN,OAK,BB,BB,,1
Twinkie Power,2128,720,Sal Shark,2147,915,FO,195,B6,1,4,0,3,-6.99%,6.99%,0,0,264,22,4,MIN,OAK,FO,FO,,1
"Jake ""JP"" Panik",267,1000,Sal Shark,2147,99,1B,99,B6,2,4,0,3,7.25%,-7.25%,1,0,264,22,4,MIN,OAK,1B,1B,,1
Mike Cal,2126,545,Sal Shark,2147,444,1B,101,B6,2,5,1,3,8.16%,-8.16%,1,0,264,22,4,MIN,OAK,1B,1B,,1
C.W. Mitzel,2127,689,Sal Shark,2147,945,FO,256,B6,2,5,2,3,-22.31%,22.31%,0,0,264,22,4,MIN,OAK,FO,FO,,1
Rico Veringhipster,2014,394,S.A.R. Dinka,395,642,PO,248,T1,0,0,0,0,-2.51%,2.51%,0,0,265,23,4,ARI,TOR,PO,PO,,1
Assassin Panda,15,434,S.A.R. Dinka,395,496,2B,62,T1,1,0,0,0,4.65%,-4.65%,0,0,265,23,4,ARI,TOR,2B,2B,,1
Will Power,8,837,S.A.R. Dinka,395,375,LGO,462,T1,1,2,0,0,-3.78%,3.78%,0,0,265,23,4,ARI,TOR,LGO,LGO,,1
Tsar Zaar,274,919,S.A.R. Dinka,395,243,LGO,324,T1,2,2,0,0,-4.81%,4.81%,0,0,265,23,4,ARI,TOR,LGO,LGO,,1
Lane Drew,190,99,Einhorn,74,872,FO,227,B1,0,0,0,0,-2.48%,2.48%,0,0,266,23,4,TOR,ARI,FO,FO,,1
Graham Grams,400,420,Einhorn,74,616,BB,196,B1,1,0,0,0,2.28%,-2.28%,0,0,266,23,4,TOR,ARI,BB,BB,,1
Quentin Adams,397,202,Einhorn,74,937,K,265,B1,1,1,0,0,-2.55%,2.55%,0,0,266,23,4,TOR,ARI,K,K,,1
Burt Maclin,2101,850,Einhorn,74,26,FO,176,B1,2,1,0,0,-3.69%,3.69%,0,0,266,23,4,TOR,ARI,FO,FO,,1
Garren Smudge,133,707,S.A.R. Dinka,395,354,LGO,353,T2,0,0,0,0,-2.72%,2.72%,0,0,267,23,4,ARI,TOR,LGO,LGO,,1
S.K. Brettbug,2015,500,S.A.R. Dinka,395,756,FO,256,T2,1,0,0,0,-2.40%,2.40%,0,0,267,23,4,ARI,TOR,FO,FO,,1
Obi-Wan Canoli,3281,202,S.A.R. Dinka,395,455,K,253,T2,2,0,0,0,-1.99%,1.99%,0,0,267,23,4,ARI,TOR,K,K,,1
Mike Honcho,445,313,Einhorn,74,194,1B,119,B2,0,0,0,0,2.94%,-2.94%,0,1,268,23,4,TOR,ARI,1B,1B,,1
Daz Reference,2114,849,Einhorn,74,491,K,358,B2,0,1,0,0,-3.19%,3.19%,0,0,268,23,4,TOR,ARI,K,K,,1
Thomas Berry,446,878,Einhorn,74,11,1B,133,B2,1,1,0,0,4.06%,-4.06%,0,0,268,23,4,TOR,ARI,1B,1B,,1
Ziggy Ceder,56,664,Einhorn,74,296,PO,368,B2,1,4,0,0,-3.93%,3.93%,0,0,268,23,4,TOR,ARI,PO,PO,,1
S.A.R. Dinka,395,439,Einhorn,74,481,1B,42,B2,2,4,0,0,13.42%,-13.42%,1,0,268,23,4,TOR,ARI,1B,1B,,1
Lane Drew,190,201,Einhorn,74,405,FO,204,B2,2,5,1,0,-5.36%,5.36%,0,0,268,23,4,TOR,ARI,FO,FO,,1
Brent Royal,2078,637,S.A.R. Dinka,395,643,HR,6,T3,0,0,1,0,15.07%,-15.07%,1,1,269,23,4,ARI,TOR,HR,HR,,1
I.M. Organic,2132,439,S.A.R. Dinka,395,175,K,264,T3,0,0,1,1,-3.03%,3.03%,0,0,269,23,4,ARI,TOR,K,K,,1
Rico Veringhipster,2014,520,S.A.R. Dinka,395,521,HR,1,T3,1,0,1,1,15.56%,-15.56%,1,1,269,23,4,ARI,TOR,HR,HR,,1
Assassin Panda,15,140,S.A.R. Dinka,395,368,FO,228,T3,1,0,1,2,-2.03%,2.03%,0,0,269,23,4,ARI,TOR,FO,FO,,1
Will Power,8,121,S.A.R. Dinka,395,122,HR,1,T3,2,0,1,2,12.95%,-12.95%,1,1,269,23,4,ARI,TOR,HR,HR,,1
Tsar Zaar,274,987,S.A.R. Dinka,395,789,FO,198,T3,2,0,1,3,-1.30%,1.30%,0,0,269,23,4,ARI,TOR,FO,FO,,1
Graham Grams,400,399,Einhorn,74,523,1B,124,B3,0,0,1,3,4.11%,-4.11%,0,0,270,23,4,TOR,ARI,1B,1B,,1
Quentin Adams,397,876,Einhorn,74,453,PO,423,B3,0,1,1,3,-4.06%,4.06%,0,0,270,23,4,TOR,ARI,PO,PO,,1
Burt Maclin,2101,,Einhorn,74,,Auto K,,B3,1,1,1,3,-3.40%,3.40%,0,0,270,23,4,TOR,ARI,Auto K,Auto K,,9
Mike Honcho,445,833,Einhorn,74,514,K,319,B3,2,1,1,3,-4.78%,4.78%,0,0,270,23,4,TOR,ARI,K,K,,1
Garren Smudge,133,187,S.A.R. Dinka,395,408,FO,221,T4,0,0,1,3,-1.53%,1.53%,0,0,271,23,4,ARI,TOR,FO,FO,,1
S.K. Brettbug,2015,500,S.A.R. Dinka,395,167,LGO,333,T4,1,0,1,3,-1.44%,1.44%,0,0,271,23,4,ARI,TOR,LGO,LGO,,1
Obi-Wan Canoli,3281,,S.A.R. Dinka,395,,Auto K,,T4,2,0,1,3,-1.26%,1.26%,0,0,271,23,4,ARI,TOR,Auto K,Auto K,,9
Daz Reference,2114,107,Einhorn,74,754,K,353,B4,0,0,1,3,-3.76%,3.76%,0,0,272,23,4,TOR,ARI,K,K,,1
Thomas Berry,446,304,Einhorn,74,45,FO,259,B4,1,0,1,3,-3.09%,3.09%,0,0,272,23,4,TOR,ARI,FO,FO,,1
Ziggy Ceder,56,103,Einhorn,74,798,K,305,B4,2,0,1,3,-2.26%,2.26%,0,0,272,23,4,TOR,ARI,K,K,,1
Brent Royal,2078,273,S.A.R. Dinka,395,921,K,352,T5,0,0,1,3,-1.31%,1.31%,0,0,273,23,4,ARI,TOR,K,K,,1
Einhorn,74,854,S.A.R. Dinka,395,545,PO,309,T5,1,0,1,3,-1.19%,1.19%,0,0,273,23,4,ARI,TOR,PO,PO,,1
Rico Veringhipster,2014,121,S.A.R. Dinka,395,146,2B,25,T5,2,0,1,3,1.65%,-1.65%,0,0,273,23,4,ARI,TOR,2B,2B,,1
Assassin Panda,15,536,S.A.R. Dinka,395,349,FO,187,T5,2,2,1,3,-2.78%,2.78%,0,0,273,23,4,ARI,TOR,FO,FO,,1
S.A.R. Dinka,395,888,Einhorn,74,747,1B,141,B5,0,0,1,3,6.11%,-6.11%,0,0,274,23,4,TOR,ARI,1B,1B,,1
Lane Drew,190,191,Einhorn,74,814,PO,377,B5,0,1,1,3,-5.21%,5.21%,0,0,274,23,4,TOR,ARI,PO,PO,,1
Graham Grams,400,662,Einhorn,74,981,K,319,B5,1,1,1,3,-4.84%,4.84%,0,0,274,23,4,TOR,ARI,K,K,,1
Quentin Adams,397,183,Einhorn,74,881,K,302,B5,2,1,1,3,-6.20%,6.20%,0,0,274,23,4,TOR,ARI,K,K,,1
Will Power,8,731,S.A.R. Dinka,395,944,FO,213,T6,0,0,1,3,-0.82%,0.82%,0,0,275,23,4,ARI,TOR,FO,FO,,1
Trey Rangers,224,411,S.A.R. Dinka,395,92,PO,319,T6,1,0,1,3,-0.80%,0.80%,0,0,275,23,4,ARI,TOR,PO,PO,,1
Garren Smudge,133,401,S.A.R. Dinka,395,479,1B,78,T6,2,0,1,3,0.66%,-0.66%,0,0,275,23,4,ARI,TOR,1B,1B,,1
S.K. Brettbug,2015,777,S.A.R. Dinka,395,657,1B,120,T6,2,1,1,3,0.88%,-0.88%,0,0,275,23,4,ARI,TOR,1B,1B,,1
Garrett Ipnov,2136,975,S.A.R. Dinka,395,333,LGO,358,T6,2,5,1,3,-2.23%,2.23%,0,0,275,23,4,ARI,TOR,LGO,LGO,,1
Burt Maclin,2101,120,Einhorn,74,316,FO,196,B6,0,0,1,3,-4.76%,4.76%,0,0,276,23,4,TOR,ARI,FO,FO,,1
Mike Honcho,445,223,Einhorn,74,518,K,295,B6,1,0,1,3,-3.71%,3.71%,0,0,276,23,4,TOR,ARI,K,K,,1
Daz Reference,2114,91,Einhorn,74,185,1B,94,B6,2,0,1,3,4.53%,-4.53%,0,0,276,23,4,TOR,ARI,1B,1B,,1
Thomas Berry,446,5,Einhorn,74,921,1B,84,B6,2,1,1,3,7.46%,-7.46%,0,0,276,23,4,TOR,ARI,1B,1B,,1
Ziggy Ceder,56,420,Einhorn,74,795,PO,375,B6,2,5,1,3,-14.15%,14.15%,0,0,276,23,4,TOR,ARI,PO,PO,,1
Cook Froster,2033,250,Sonny Streaker,2065,475,FO,225,T1,0,0,0,0,-2.51%,2.51%,0,0,277,24,4,PIT,NYM,FO,FO,,1
Baxter Payne,2021,720,Sonny Streaker,2065,116,LGO,396,T1,1,0,0,0,-2.18%,2.18%,0,0,277,24,4,PIT,NYM,LGO,LGO,,1
Johnny Hopkins,2070,775,Sonny Streaker,2065,934,BB,159,T1,2,0,0,0,1.98%,-1.98%,0,1,277,24,4,PIT,NYM,BB,BB,,1
Jameson Poe,310,690,Sonny Streaker,2065,678,HR,12,T1,2,1,0,0,21.23%,-21.23%,2,1,277,24,4,PIT,NYM,HR,HR,,1
Darth Vader,336,742,Sonny Streaker,2065,123,LGO,381,T1,2,0,0,2,-1.24%,1.24%,0,0,277,24,4,PIT,NYM,LGO,LGO,,1
Chocolate Smegma,2107,921,Darth Vader,336,402,LGO,481,B1,0,0,0,2,-2.74%,2.74%,0,0,278,24,4,NYM,PIT,LGO,LGO,,1
Mongster Mash,344,404,Darth Vader,336,818,K,414,B1,1,0,0,2,-2.20%,2.20%,0,0,278,24,4,NYM,PIT,K,K,,1
Xavier Crowbar,2006,390,Darth Vader,336,47,K,343,B1,2,0,0,2,-1.72%,1.72%,0,0,278,24,4,NYM,PIT,K,K,,1
Ricky Steele,2271,330,Sonny Streaker,2065,456,BB,126,T2,0,0,0,2,1.66%,-1.66%,0,0,279,24,4,PIT,NYM,BB,BB,,1
Ricky Steele,2271,807,Sonny Streaker,2065,112,CS,305,T2,0,1,0,2,-3.36%,3.36%,0,0,279,24,4,PIT,NYM,CS 2B,CS 2B,,4
Lance Lummox,314,807,Sonny Streaker,2065,112,K,305,T2,1,0,0,2,-1.52%,1.52%,0,0,279,24,4,PIT,NYM,K,K,,1
Mike Anderson,2073,900,Sonny Streaker,2065,112,FO,212,T2,2,0,0,2,-1.37%,1.37%,0,0,279,24,4,PIT,NYM,FO,FO,,1
James Earl Pwns,2062,367,Darth Vader,336,209,FO,158,B2,0,0,0,2,-2.94%,2.94%,0,0,280,24,4,NYM,PIT,FO,FO,,1
Bo-Horse Jackman,168,834,Darth Vader,336,412,PO,422,B2,1,0,0,2,-2.53%,2.53%,0,0,280,24,4,NYM,PIT,PO,PO,,1
Bix Kayne,3287,413,Darth Vader,336,357,1B,56,B2,2,0,0,2,2.19%,-2.19%,0,0,280,24,4,NYM,PIT,1B,1B,,1
Pip Squires,2060,796,Darth Vader,336,102,K,306,B2,2,1,0,2,-4.11%,4.11%,0,0,280,24,4,NYM,PIT,K,K,,1
Splash Nelson,312,613,Sonny Streaker,2065,789,FO,176,T3,0,0,0,2,-1.72%,1.72%,0,0,281,24,4,PIT,NYM,FO,FO,,1
Cook Froster,2033,722,Sonny Streaker,2065,345,LGO,377,T3,1,0,0,2,-1.56%,1.56%,0,0,281,24,4,PIT,NYM,LGO,LGO,,1
Baxter Payne,2021,220,Sonny Streaker,2065,577,LGO,357,T3,2,0,0,2,-1.30%,1.30%,0,0,281,24,4,PIT,NYM,LGO,LGO,,1
James Maso,2063,316,Darth Vader,336,438,1B,122,B3,0,0,0,2,4.11%,-4.11%,0,0,282,24,4,NYM,PIT,1B,1B,,1
Trey Paste,2037,237,Darth Vader,336,944,K,293,B3,0,1,0,2,-4.06%,4.06%,0,0,282,24,4,NYM,PIT,K,K,,1
Chocolate Smegma,2107,212,Darth Vader,336,786,DP,426,B3,1,1,0,2,-8.18%,8.18%,0,0,282,24,4,NYM,PIT,LGO,LGO,,1
Johnny Hopkins,2070,15,Sonny Streaker,2065,987,2B,28,T4,0,0,0,2,3.77%,-3.77%,0,1,283,24,4,PIT,NYM,2B,2B,,1
Jameson Poe,310,426,Sonny Streaker,2065,999,LGO,427,T4,0,2,0,2,-2.42%,2.42%,0,0,283,24,4,PIT,NYM,LGO,LGO,,1
Darth Vader,336,488,Sonny Streaker,2065,743,K,255,T4,1,2,0,2,-2.46%,2.46%,0,0,283,24,4,PIT,NYM,K,K,,1
Ricky Steele,2271,251,Sonny Streaker,2065,233,3B,18,T4,2,2,0,2,8.45%,-8.45%,1,1,283,24,4,PIT,NYM,3B,3B,,1
Lance Lummox,314,12,Sonny Streaker,2065,115,1B,103,T4,2,3,0,3,5.01%,-5.01%,1,0,283,24,4,PIT,NYM,1B,1B,,1
Mike Anderson,2073,687,Sonny Streaker,2065,3,PO,316,T4,2,1,0,4,-0.86%,0.86%,0,0,283,24,4,PIT,NYM,PO,PO,,1
Mongster Mash,344,400,Darth Vader,336,833,PO,433,B4,0,0,0,4,-1.89%,1.89%,0,0,284,24,4,NYM,PIT,PO,PO,,1
Xavier Crowbar,2006,510,Darth Vader,336,56,LGO,454,B4,1,0,0,4,-1.37%,1.37%,0,0,284,24,4,NYM,PIT,LGO,LGO,,1
James Earl Pwns,2062,35,Darth Vader,336,468,PO,433,B4,2,0,0,4,-0.89%,0.89%,0,0,284,24,4,NYM,PIT,PO,PO,,1
Splash Nelson,312,724,Sonny Streaker,2065,634,1B,90,T5,0,0,0,4,0.33%,-0.33%,0,0,285,24,4,PIT,NYM,1B,1B,,1
Cook Froster,2033,824,Sonny Streaker,2065,700,BB,124,T5,0,1,0,4,0.68%,-0.68%,0,0,285,24,4,PIT,NYM,BB,BB,,1
Baxter Payne,2021,319,Sonny Streaker,2065,532,FO,213,T5,0,4,0,4,-0.44%,0.44%,0,0,285,24,4,PIT,NYM,FO,FO,,1
Johnny Hopkins,2070,105,Sonny Streaker,2065,12,1B,93,T5,1,4,0,4,0.97%,-0.97%,0,0,285,24,4,PIT,NYM,1B,1B,,1
Jameson Poe,310,826,Sonny Streaker,2065,234,DP,408,T5,1,7,0,4,-2.55%,2.55%,0,0,285,24,4,PIT,NYM,LGO,LGO,,1
Bo-Horse Jackman,168,860,Darth Vader,336,878,3B,18,B5,0,0,0,4,4.63%,-4.63%,0,1,286,24,4,NYM,PIT,3B,3B,,1
Bix Kayne,3287,877,Darth Vader,336,614,Sac,263,B5,0,3,0,4,-2.60%,2.60%,1,0,286,24,4,NYM,PIT,FO,FO,,1
Pip Squires,2060,100,Darth Vader,336,257,BB,157,B5,1,0,1,4,3.38%,-3.38%,0,0,286,24,4,NYM,PIT,BB,BB,,1
James Maso,2063,642,Darth Vader,336,196,DP,446,B5,1,1,1,4,-6.72%,6.72%,0,0,286,24,4,NYM,PIT,LGO,LGO,,1
Darth Vader,336,541,Sonny Streaker,2065,998,LGO,457,T6,0,0,1,4,-0.37%,0.37%,0,0,287,24,4,PIT,NYM,LGO,LGO,,1
Ricky Steele,2271,667,Sonny Streaker,2065,543,BB,124,T6,1,0,1,4,0.28%,-0.28%,0,0,287,24,4,PIT,NYM,BB,BB,,1
Lance Lummox,314,789,Sonny Streaker,2065,221,DP,432,T6,1,1,1,4,-0.98%,0.98%,0,0,287,24,4,PIT,NYM,LGO,LGO,,1
Trey Paste,2037,412,Darth Vader,336,115,K,297,B6,0,0,1,4,-2.48%,2.48%,0,0,288,24,4,NYM,PIT,K,K,,1
Chocolate Smegma,2107,1,Darth Vader,336,778,FO,223,B6,1,0,1,4,-1.65%,1.65%,0,0,288,24,4,NYM,PIT,FO,FO,,1
Mongster Mash,344,701,Darth Vader,336,634,1B,67,B6,2,0,1,4,1.51%,-1.51%,0,0,288,24,4,NYM,PIT,1B,1B,,1
Xavier Crowbar,2006,864,Darth Vader,336,322,LGO,458,B6,2,1,1,4,-2.22%,2.22%,0,0,288,24,4,NYM,PIT,LGO,LGO,,1
BB Bambino Jr.,115,685,Sonny Streaker,2065,478,FO,207,T1,0,0,0,0,-2.51%,2.51%,0,0,289,25,5,DET,NYM,FO,FO,,1
Mason Spurs,103,212,Sonny Streaker,2065,125,1B,87,T1,1,0,0,0,2.43%,-2.43%,0,0,289,25,5,DET,NYM,1B,1B,,1
King Fielder,222,740,Sonny Streaker,2065,221,DP,481,T1,1,1,0,0,-6.37%,6.37%,0,0,289,25,5,DET,NYM,LGO,LGO,,1
Chocolate Smegma,2107,970,Big Tuna,2091,636,PO,334,B1,0,0,0,0,-2.48%,2.48%,0,0,290,25,5,NYM,DET,PO,PO,,1
Mongster Mash,344,818,Big Tuna,2091,101,K,283,B1,1,0,0,0,-2.17%,2.17%,0,0,290,25,5,NYM,DET,K,K,,1
Xavier Crowbar,2006,288,Big Tuna,2091,22,K,266,B1,2,0,0,0,-1.79%,1.79%,0,0,290,25,5,NYM,DET,K,K,,1
Valentino Rollin,2089,138,Sonny Streaker,2065,769,PO,369,T2,0,0,0,0,-2.72%,2.72%,0,0,291,25,5,DET,NYM,PO,PO,,1
Morris Deratt,104,919,Sonny Streaker,2065,325,LGO,406,T2,1,0,0,0,-2.40%,2.40%,0,0,291,25,5,DET,NYM,LGO,LGO,,1
Otis Nixon Sr.,107,213,Sonny Streaker,2065,32,FO,181,T2,2,0,0,0,-1.99%,1.99%,0,0,291,25,5,DET,NYM,FO,FO,,1
James Earl Pwns,2062,738,Big Tuna,2091,302,LGO,436,B2,0,0,0,0,-2.72%,2.72%,0,0,292,25,5,NYM,DET,LGO,LGO,,1
Bo-Horse Jackman,168,889,Big Tuna,2091,890,HR,1,B2,1,0,0,0,14.05%,-14.05%,1,1,292,25,5,NYM,DET,HR,HR,,1
Bix Kayne,3287,888,Big Tuna,2091,758,BB,130,B2,1,0,1,0,1.78%,-1.78%,0,1,292,25,5,NYM,DET,BB,BB,,1
Pip Squires,2060,244,Big Tuna,2091,244,HR,0,B2,1,1,1,0,16.44%,-16.44%,2,1,292,25,5,NYM,DET,HR,HR,,1
James Maso,2063,384,Big Tuna,2091,36,PO,348,B2,1,0,3,0,-0.89%,0.89%,0,0,292,25,5,NYM,DET,PO,PO,,1
Trey Paste,2037,112,Big Tuna,2091,673,LGO,439,B2,2,0,3,0,-0.69%,0.69%,0,0,292,25,5,NYM,DET,LGO,LGO,,1
Lightning Balls,350,667,Sonny Streaker,2065,765,1B,98,T3,0,0,3,0,3.25%,-3.25%,0,1,293,25,5,DET,NYM,1B,1B,,1
Martin Barnar,2088,34,Sonny Streaker,2065,221,FO,187,T3,0,1,3,0,-2.95%,2.95%,0,0,293,25,5,DET,NYM,FO,FO,,1
Casey Nine,101,955,Sonny Streaker,2065,121,BB,166,T3,1,1,3,0,4.78%,-4.78%,0,1,293,25,5,DET,NYM,BB,BB,,1
BB Bambino Jr.,115,1,Sonny Streaker,2065,13,2B,12,T3,1,4,3,0,14.47%,-14.47%,1,1,293,25,5,DET,NYM,2B,2B,,1
Mason Spurs,103,419,Sonny Streaker,2065,337,1B,82,T3,1,6,3,1,10.74%,-10.74%,1,0,293,25,5,DET,NYM,1B,1B,,1
King Fielder,222,,Sonny Streaker,2065,,Auto BB,,T3,1,5,3,2,6.00%,-6.00%,0,0,293,25,5,DET,NYM,Auto BB,Auto BB,,10
Valentino Rollin,2089,748,Sonny Streaker,2065,987,Sac,239,T3,1,7,3,2,-1.35%,1.35%,1,0,293,25,5,DET,NYM,FO,FO,,1
Morris Deratt,104,69,Sonny Streaker,2065,546,LGO,477,T3,2,4,3,3,-7.92%,7.92%,0,0,293,25,5,DET,NYM,LGO,LGO,,1
Chocolate Smegma,2107,155,Big Tuna,2091,90,1B,65,B3,0,0,3,3,3.09%,-3.09%,0,0,294,25,5,NYM,DET,1B,1B,,1
Mongster Mash,344,296,Big Tuna,2091,818,DP,478,B3,0,1,3,3,-8.93%,8.93%,0,0,294,25,5,NYM,DET,LGO,LGO,,1
Xavier Crowbar,2006,880,Big Tuna,2091,1,BB,121,B3,2,0,3,3,2.37%,-2.37%,0,0,294,25,5,NYM,DET,BB,BB,,1
James Earl Pwns,2062,217,Big Tuna,2091,478,FO,261,B3,2,1,3,3,-4.64%,4.64%,0,0,294,25,5,NYM,DET,FO,FO,,1
Otis Nixon Sr.,107,17,Sonny Streaker,2065,987,HR,30,T4,0,0,3,3,17.92%,-17.92%,1,1,295,25,5,DET,NYM,HR,HR,,1
Lightning Balls,350,269,Sonny Streaker,2065,344,1B,75,T4,0,0,3,4,2.58%,-2.58%,0,0,295,25,5,DET,NYM,1B,1B,,1
Martin Barnar,2088,736,Sonny Streaker,2065,122,DP,386,T4,0,1,3,4,-7.15%,7.15%,0,0,295,25,5,DET,NYM,LGO,LGO,,1
Casey Nine,101,820,Sonny Streaker,2065,987,BB,167,T4,2,0,3,4,1.85%,-1.85%,0,0,295,25,5,DET,NYM,BB,BB,,1
BB Bambino Jr.,115,289,Sonny Streaker,2065,987,PO,302,T4,2,1,3,4,-3.78%,3.78%,0,0,295,25,5,DET,NYM,PO,PO,,1
Bo-Horse Jackman,168,347,Big Tuna,2091,777,LGO,430,B4,0,0,3,4,-4.38%,4.38%,0,0,296,25,5,NYM,DET,LGO,LGO,,1
Bix Kayne,3287,386,Big Tuna,2091,10,LGO,376,B4,1,0,3,4,-3.91%,3.91%,0,0,296,25,5,NYM,DET,LGO,LGO,,1
Pip Squires,2060,613,Big Tuna,2091,314,K,299,B4,2,0,3,4,-3.24%,3.24%,0,0,296,25,5,NYM,DET,K,K,,1
Mason Spurs,103,987,Sonny Streaker,2065,663,PO,324,T5,0,0,3,4,-2.29%,2.29%,0,0,297,25,5,DET,NYM,PO,PO,,1
King Fielder,222,499,Sonny Streaker,2065,235,K,264,T5,1,0,3,4,-2.08%,2.08%,0,0,297,25,5,DET,NYM,K,K,,1
Valentino Rollin,2089,848,Sonny Streaker,2065,11,BB,163,T5,2,0,3,4,1.87%,-1.87%,0,0,297,25,5,DET,NYM,BB,BB,,1
Morris Deratt,104,891,Sonny Streaker,2065,234,PO,343,T5,2,1,3,4,-3.78%,3.78%,0,0,297,25,5,DET,NYM,PO,PO,,1
James Maso,2063,14,Big Tuna,2091,823,FO,191,B5,0,0,3,4,-5.77%,5.77%,0,0,298,25,5,NYM,DET,FO,FO,,1
Trey Paste,2037,113,Big Tuna,2091,696,LGO,417,B5,1,0,3,4,-5.16%,5.16%,0,0,298,25,5,NYM,DET,LGO,LGO,,1
Chocolate Smegma,2107,910,Big Tuna,2091,7,1B,97,B5,2,0,3,4,4.75%,-4.75%,0,0,298,25,5,NYM,DET,1B,1B,,1
Mongster Mash,344,56,Big Tuna,2091,110,1B,54,B5,2,1,3,4,6.34%,-6.34%,0,0,298,25,5,NYM,DET,1B,1B,,1
Xavier Crowbar,2006,229,Big Tuna,2091,378,BB,149,B5,2,5,3,4,6.19%,-6.19%,0,0,298,25,5,NYM,DET,BB,BB,,1
James Earl Pwns,2062,757,Big Tuna,2091,999,FO,242,B5,2,7,3,4,-21.73%,21.73%,0,0,298,25,5,NYM,DET,FO,FO,,1
Otis Nixon Sr.,107,312,Sonny Streaker,2065,546,FO,234,T6,0,0,3,4,-1.71%,1.71%,0,0,299,25,5,DET,NYM,FO,FO,,1
Lightning Balls,350,845,Sonny Streaker,2065,765,1B,80,T6,1,0,3,4,1.31%,-1.31%,0,0,299,25,5,DET,NYM,1B,1B,,1
Martin Barnar,2088,543,Sonny Streaker,2065,784,FO,241,T6,1,1,3,4,-1.57%,1.57%,0,0,299,25,5,DET,NYM,FO,FO,,1
Casey Nine,101,,Sonny Streaker,2065,,Auto K,,T6,2,1,3,4,-2.86%,2.86%,0,0,299,25,5,DET,NYM,Auto K,Auto K,,9
Bo-Horse Jackman,168,899,Big Tuna,2091,32,BB,133,B6,0,0,3,4,8.33%,-8.33%,0,1,300,25,5,NYM,DET,BB,BB,,1
Bix Kayne,3287,30,Big Tuna,2091,210,FO,180,B6,0,1,3,4,-9.27%,9.27%,0,0,300,25,5,NYM,DET,FO,FO,,1
Pip Squires,2060,816,Big Tuna,2091,768,1B,48,B6,1,1,3,4,10.14%,-10.14%,0,1,300,25,5,NYM,DET,1B,1B,,1
James Maso,2063,892,Big Tuna,2091,900,HR,8,B6,1,4,3,4,68.06%,-68.06%,3,1,300,25,5,NYM,DET,HR,HR,,1
Lane Drew,190,101,Rob Pancakes,1966,810,K,291,T1,0,0,0,0,-2.51%,2.51%,0,0,301,26,5,TOR,BAL,K,K,,1
Graham Grams,400,592,Rob Pancakes,1966,706,1B,114,T1,1,0,0,0,2.43%,-2.43%,0,0,301,26,5,TOR,BAL,1B,1B,,1
Quentin Adams,397,87,Rob Pancakes,1966,427,K,340,T1,1,1,0,0,-2.63%,2.63%,0,0,301,26,5,TOR,BAL,K,K,,1
Burt Maclin,2101,801,Rob Pancakes,1966,661,BB,140,T1,2,1,0,0,2.81%,-2.81%,0,0,301,26,5,TOR,BAL,BB,BB,,1
Mike Honcho,445,112,Rob Pancakes,1966,920,FO,192,T1,2,4,0,0,-6.55%,6.55%,0,0,301,26,5,TOR,BAL,FO,FO,,1
Whit Merto,162,713,S.A.R. Dinka,395,513,FO,200,B1,0,0,0,0,-2.48%,2.48%,0,0,302,26,5,BAL,TOR,FO,FO,,1
Clipper Charge,171,900,S.A.R. Dinka,395,422,LGO,478,B1,1,0,0,0,-2.17%,2.17%,0,0,302,26,5,BAL,TOR,LGO,LGO,,1
Randy Nummer,2066,19,S.A.R. Dinka,395,746,K,273,B1,2,0,0,0,-1.79%,1.79%,0,0,302,26,5,BAL,TOR,K,K,,1
Daz Reference,2114,740,Rob Pancakes,1966,386,K,354,T2,0,0,0,0,-2.72%,2.72%,0,0,303,26,5,TOR,BAL,K,K,,1
Thomas Berry,446,812,Rob Pancakes,1966,608,FO,204,T2,1,0,0,0,-2.40%,2.40%,0,0,303,26,5,TOR,BAL,FO,FO,,1
Ziggy Ceder,56,776,Rob Pancakes,1966,935,1B,159,T2,2,0,0,0,2.15%,-2.15%,0,1,303,26,5,TOR,BAL,1B,1B,,1
S.A.R. Dinka,395,571,Rob Pancakes,1966,396,BB,175,T2,2,1,0,0,3.17%,-3.17%,0,1,303,26,5,TOR,BAL,BB,BB,,1
Lane Drew,190,400,Rob Pancakes,1966,592,BB,192,T2,2,4,0,0,3.42%,-3.42%,0,0,303,26,5,TOR,BAL,BB,BB,,1
Graham Grams,400,927,Rob Pancakes,1966,820,1B,107,T2,2,7,0,0,20.13%,-20.13%,2,0,303,26,5,TOR,BAL,1B,1B,,1
Quentin Adams,397,238,Rob Pancakes,1966,830,K,408,T2,2,5,0,2,-4.39%,4.39%,0,0,303,26,5,TOR,BAL,K,K,,1
Sam Smith,158,295,S.A.R. Dinka,395,656,LGO,361,B2,0,0,0,2,-2.94%,2.94%,0,0,304,26,5,BAL,TOR,LGO,LGO,,1
Indy Sayne,151,735,S.A.R. Dinka,395,709,2B,26,B2,1,0,0,2,5.75%,-5.75%,0,0,304,26,5,BAL,TOR,2B,2B,,1
Bernie Petrol,1972,222,S.A.R. Dinka,395,453,FO,231,B2,1,2,0,2,-4.58%,4.58%,0,0,304,26,5,BAL,TOR,FO,FO,,1
Johnny Dickshot,233,452,S.A.R. Dinka,395,625,FO,173,B2,2,2,0,2,-5.62%,5.62%,0,0,304,26,5,BAL,TOR,FO,FO,,1
Burt Maclin,2101,111,Rob Pancakes,1966,351,FO,240,T3,0,0,0,2,-1.72%,1.72%,0,0,305,26,5,TOR,BAL,FO,FO,,1
Mike Honcho,445,12,Rob Pancakes,1966,167,BB,155,T3,1,0,0,2,1.43%,-1.43%,0,0,305,26,5,TOR,BAL,BB,BB,,1
Daz Reference,2114,165,Rob Pancakes,1966,734,PO,431,T3,1,1,0,2,-1.63%,1.63%,0,0,305,26,5,TOR,BAL,PO,PO,,1
Thomas Berry,446,855,Rob Pancakes,1966,784,1B,71,T3,2,1,0,2,1.71%,-1.71%,0,0,305,26,5,TOR,BAL,1B,1B,,1
Ziggy Ceder,56,999,Rob Pancakes,1966,748,FO,251,T3,2,5,0,2,-4.37%,4.37%,0,0,305,26,5,TOR,BAL,FO,FO,,1
Ludd Van Shark,1968,580,S.A.R. Dinka,395,169,LGO,411,B3,0,0,0,2,-3.28%,3.28%,0,0,306,26,5,BAL,TOR,LGO,LGO,,1
Aaron Range,3290,,S.A.R. Dinka,395,,Auto K,,B3,1,0,0,2,-2.78%,2.78%,0,0,306,26,5,BAL,TOR,Auto K,Auto K,,9
Whit Merto,162,734,S.A.R. Dinka,395,326,LGO,408,B3,2,0,0,2,-2.07%,2.07%,0,0,306,26,5,BAL,TOR,LGO,LGO,,1
S.A.R. Dinka,395,458,Rob Pancakes,1966,7,LGO,451,T4,0,0,0,2,-1.53%,1.53%,0,0,307,26,5,TOR,BAL,LGO,LGO,,1
Lane Drew,190,658,Rob Pancakes,1966,644,HR,14,T4,1,0,0,2,8.60%,-8.60%,1,1,307,26,5,TOR,BAL,HR,HR,,1
Graham Grams,400,777,Rob Pancakes,1966,351,LGO,426,T4,1,0,0,3,-0.83%,0.83%,0,0,307,26,5,TOR,BAL,LGO,LGO,,1
Quentin Adams,397,386,Rob Pancakes,1966,792,K,406,T4,2,0,0,3,-0.82%,0.82%,0,0,307,26,5,TOR,BAL,K,K,,1
Clipper Charge,171,420,Levi Pyram,237,427,HR,7,B4,0,0,0,3,9.65%,-9.65%,1,1,308,26,5,BAL,TOR,HR,HR,,1
Randy Nummer,2066,694,Levi Pyram,237,813,1B,119,B4,0,0,1,3,5.09%,-5.09%,0,0,308,26,5,BAL,TOR,1B,1B,,1
Sam Smith,158,164,Levi Pyram,237,881,K,283,B4,0,1,1,3,-4.66%,4.66%,0,0,308,26,5,BAL,TOR,K,K,,1
Indy Sayne,151,251,Levi Pyram,237,672,DP,421,B4,1,1,1,3,-9.54%,9.54%,0,0,308,26,5,BAL,TOR,LGO,LGO,,1
Burt Maclin,2101,111,Rob Pancakes,1966,529,K,418,T5,0,0,1,3,-1.31%,1.31%,0,0,309,26,5,TOR,BAL,K,K,,1
Mike Honcho,445,911,Rob Pancakes,1966,888,3B,23,T5,1,0,1,3,4.71%,-4.71%,0,1,309,26,5,TOR,BAL,3B,3B,,1
Daz Reference,2114,194,Rob Pancakes,1966,287,1B,93,T5,1,3,1,3,3.46%,-3.46%,1,0,309,26,5,TOR,BAL,1B,1B,,1
Thomas Berry,446,450,Rob Pancakes,1966,511,1B,61,T5,1,1,1,4,0.90%,-0.90%,0,0,309,26,5,TOR,BAL,1B,1B,,1
Ziggy Ceder,56,584,Rob Pancakes,1966,239,K,345,T5,1,4,1,4,-0.81%,0.81%,0,0,309,26,5,TOR,BAL,K,K,,1
Levi Pyram,237,377,Rob Pancakes,1966,692,K,315,T5,2,4,1,4,-1.98%,1.98%,0,0,309,26,5,TOR,BAL,K,K,,1
Bernie Petrol,1972,877,Levi Pyram,237,714,BB,163,B5,0,0,1,4,4.36%,-4.36%,0,1,310,26,5,BAL,TOR,BB,BB,,1
Johnny Dickshot,233,555,Levi Pyram,237,637,1B,82,B5,0,1,1,4,8.92%,-8.92%,0,1,310,26,5,BAL,TOR,1B,1B,,1
Ludd Van Shark,1968,891,Levi Pyram,237,840,1B,51,B5,0,4,1,4,11.66%,-11.66%,0,1,310,26,5,BAL,TOR,1B,1B,,1
Aaron Range,3290,516,Levi Pyram,237,523,HR,7,B5,0,7,1,4,51.15%,-51.15%,4,1,310,26,5,BAL,TOR,HR,HR,,1
Whit Merto,162,146,Levi Pyram,237,437,K,291,B5,0,0,5,4,-1.37%,1.37%,0,0,310,26,5,BAL,TOR,K,K,,1
Clipper Charge,171,480,Levi Pyram,237,277,FO,203,B5,1,0,5,4,-1.30%,1.30%,0,0,310,26,5,BAL,TOR,FO,FO,,1
Randy Nummer,2066,808,Levi Pyram,237,317,LGO,491,B5,2,0,5,4,-1.14%,1.14%,0,0,310,26,5,BAL,TOR,LGO,LGO,,1
Lane Drew,190,99,Rob Pancakes,1966,106,HR,7,T6,0,0,5,4,32.10%,-32.10%,1,1,311,26,5,TOR,BAL,HR,HR,,1
Graham Grams,400,651,Rob Pancakes,1966,911,FO,260,T6,0,0,5,5,-5.44%,5.44%,0,0,311,26,5,TOR,BAL,FO,FO,,1
Quentin Adams,397,846,Rob Pancakes,1966,522,K,324,T6,1,0,5,5,-5.08%,5.08%,0,0,311,26,5,TOR,BAL,K,K,,1
Burt Maclin,2101,310,Rob Pancakes,1966,710,K,400,T6,2,0,5,5,-4.91%,4.91%,0,0,311,26,5,TOR,BAL,K,K,,1
Sam Smith,158,349,Levi Pyram,237,537,FO,188,B6,0,0,5,5,-5.27%,5.27%,0,0,312,26,5,BAL,TOR,FO,FO,,1
Indy Sayne,151,878,Levi Pyram,237,429,LGO,449,B6,1,0,5,5,-5.09%,5.09%,0,0,312,26,5,BAL,TOR,LGO,LGO,,1
Bernie Petrol,1972,438,Levi Pyram,237,642,FO,204,B6,2,0,5,5,-18.50%,18.50%,0,0,312,26,5,BAL,TOR,FO,FO,,1
Mike Honcho,445,366,Rob Pancakes,1966,1,K,365,T7,0,2,5,5,-9.04%,9.04%,0,0,313,26,5,TOR,BAL,K,K,,1
Daz Reference,2114,987,Rob Pancakes,1966,392,K,405,T7,1,2,5,5,-7.31%,7.31%,0,0,313,26,5,TOR,BAL,K,K,,1
Thomas Berry,446,754,Rob Pancakes,1966,481,FO,273,T7,2,2,5,5,-25.25%,25.25%,0,0,313,26,5,TOR,BAL,FO,FO,,1
Johnny Dickshot,233,235,Levi Pyram,237,104,BB,131,B7,0,2,5,5,-1.59%,1.59%,0,0,314,26,5,BAL,TOR,BB,BB,,1
Ludd Van Shark,1968,329,Levi Pyram,237,291,2B,38,B7,0,4,5,5,23.38%,-23.38%,1,0,314,26,5,BAL,TOR,2B,2B,,1
Jimbo Fishy,1984,420,Darth Vader,336,132,K,288,T1,0,0,0,0,-2.51%,2.51%,0,0,315,27,5,HOU,PIT,K,K,,1
Triston Uzumaki,125,25,Darth Vader,336,298,FO,273,T1,1,0,0,0,-2.18%,2.18%,0,0,315,27,5,HOU,PIT,FO,FO,,1
Jay Money,241,798,Darth Vader,336,411,LGO,387,T1,2,0,0,0,-1.76%,1.76%,0,0,315,27,5,HOU,PIT,LGO,LGO,,1
Ricky Steele,2271,132,Willoughby Hoose,112,132,HR,0,B1,0,0,0,0,11.79%,-11.79%,1,1,316,27,5,PIT,HOU,HR,HR,,1
Johnny Hopkins,2070,412,Willoughby Hoose,112,72,K,340,B1,0,0,1,0,-1.97%,1.97%,0,0,316,27,5,PIT,HOU,K,K,,1
Jameson Poe,310,831,Willoughby Hoose,112,120,K,289,B1,1,0,1,0,-1.80%,1.80%,0,0,316,27,5,PIT,HOU,K,K,,1
Lance Lummox,314,845,Willoughby Hoose,112,419,K,426,B1,2,0,1,0,-1.44%,1.44%,0,0,316,27,5,PIT,HOU,K,K,,1
Buck Cheeks,457,808,Darth Vader,336,755,2B,53,T2,0,0,1,0,7.60%,-7.60%,0,1,317,27,5,HOU,PIT,2B,2B,,1
Chester Facto,2032,729,Darth Vader,336,846,1B,117,T2,0,2,1,0,7.91%,-7.91%,0,1,317,27,5,HOU,PIT,1B,1B,,1
Lemmy Fraser,2166,533,Darth Vader,336,661,BB,128,T2,0,5,1,0,5.80%,-5.80%,0,1,317,27,5,HOU,PIT,BB,BB,,1
Chris Keebler,2108,437,Darth Vader,336,451,HR,14,T2,0,7,1,0,24.03%,-24.03%,4,1,317,27,5,HOU,PIT,HR,HR,,1
William Constantine,3292,116,Darth Vader,336,828,K,288,T2,0,0,1,4,-1.19%,1.19%,0,0,317,27,5,HOU,PIT,K,K,,1
Jacques Blaque,2202,,Darth Vader,336,,Auto K,,T2,1,0,1,4,-1.15%,1.15%,0,0,317,27,5,HOU,PIT,Auto K,Auto K,,9
Jimbo Fishy,1984,524,Darth Vader,336,905,LGO,381,T2,2,0,1,4,-0.89%,0.89%,0,0,317,27,5,HOU,PIT,LGO,LGO,,1
Baxter Payne,2021,607,Willoughby Hoose,112,491,1B,116,B2,0,0,1,4,3.29%,-3.29%,0,0,318,27,5,PIT,HOU,1B,1B,,1
Cook Froster,2033,720,Willoughby Hoose,112,383,K,337,B2,0,1,1,4,-3.27%,3.27%,0,0,318,27,5,PIT,HOU,K,K,,1
Mike Anderson,2073,167,Willoughby Hoose,112,656,DP,489,B2,1,1,1,4,-6.06%,6.06%,0,0,318,27,5,PIT,HOU,LGO,LGO,,1
Triston Uzumaki,125,123,Darth Vader,336,201,1B,78,T3,0,0,1,4,1.05%,-1.05%,0,0,319,27,5,HOU,PIT,1B,1B,,1
Jay Money,241,495,Darth Vader,336,861,K,366,T3,0,1,1,4,-1.26%,1.26%,0,0,319,27,5,HOU,PIT,K,K,,1
Buck Cheeks,457,913,Darth Vader,336,698,FO,215,T3,1,1,1,4,-0.98%,0.98%,0,0,319,27,5,HOU,PIT,FO,FO,,1
Chester Facto,2032,546,Darth Vader,336,108,LGO,438,T3,2,1,1,4,-1.86%,1.86%,0,0,319,27,5,HOU,PIT,LGO,LGO,,1
Jimmy Johns,303,543,Willoughby Hoose,112,832,K,289,B3,0,0,1,4,-2.70%,2.70%,0,0,320,27,5,PIT,HOU,K,K,,1
Splash Nelson,312,134,Willoughby Hoose,112,180,2B,46,B3,1,0,1,4,5.02%,-5.02%,0,0,320,27,5,PIT,HOU,2B,2B,,1
Ricky Steele,2271,431,Willoughby Hoose,112,874,LGO,443,B3,1,2,1,4,-4.33%,4.33%,0,0,320,27,5,PIT,HOU,LGO,LGO,,1
Johnny Hopkins,2070,715,Willoughby Hoose,112,938,FO,223,B3,2,2,1,4,-4.26%,4.26%,0,0,320,27,5,PIT,HOU,FO,FO,,1
Lemmy Fraser,2166,645,Darth Vader,336,388,FO,257,T4,0,0,1,4,-0.98%,0.98%,0,0,321,27,5,HOU,PIT,FO,FO,,1
Chris Keebler,2108,777,Darth Vader,336,255,LGO,478,T4,1,0,1,4,-0.83%,0.83%,0,0,321,27,5,HOU,PIT,LGO,LGO,,1
William Constantine,3292,,Darth Vader,336,,Auto K,,T4,2,0,1,4,-0.82%,0.82%,0,0,321,27,5,HOU,PIT,Auto K,Auto K,,9
Jameson Poe,310,416,Willoughby Hoose,112,361,2B,55,B4,0,0,1,4,7.25%,-7.25%,0,1,322,27,5,PIT,HOU,2B,2B,,1
Lance Lummox,314,907,Willoughby Hoose,112,496,K,411,B4,0,2,1,4,-4.86%,4.86%,0,0,322,27,5,PIT,HOU,K,K,,1
Baxter Payne,2021,212,Willoughby Hoose,112,364,BB,152,B4,1,2,1,4,4.24%,-4.24%,0,1,322,27,5,PIT,HOU,BB,BB,,1
Cook Froster,2033,524,Willoughby Hoose,112,696,BB,172,B4,1,4,1,4,10.35%,-10.35%,0,1,322,27,5,PIT,HOU,BB,BB,,1
Mike Anderson,2073,277,Willoughby Hoose,112,114,1B,163,B4,1,7,1,4,12.12%,-12.12%,1,1,322,27,5,PIT,HOU,1B,1B,,1
Jimmy Johns,303,876,Willoughby Hoose,112,777,1B,99,B4,1,7,2,4,14.09%,-14.09%,1,1,322,27,5,PIT,HOU,1B,1B,,1
Splash Nelson,312,985,Willoughby Hoose,112,114,1B,129,B4,1,7,3,4,16.17%,-16.17%,1,0,322,27,5,PIT,HOU,1B,1B,,1
Ricky Steele,2271,301,Willoughby Hoose,112,96,Sac,205,B4,1,7,4,4,4.46%,-4.46%,1,0,322,27,5,PIT,HOU,FO,FO,,1
Johnny Hopkins,2070,570,Willoughby Hoose,112,454,1B,116,B4,2,4,5,4,10.05%,-10.05%,1,0,322,27,5,PIT,HOU,1B,1B,,1
Jameson Poe,310,801,Willoughby Hoose,112,557,FO,244,B4,2,5,6,4,-3.02%,3.02%,0,0,322,27,5,PIT,HOU,FO,FO,,1
Jacques Blaque,2202,537,Darth Vader,336,465,1B,72,T5,0,0,6,4,5.36%,-5.36%,0,0,323,27,5,HOU,PIT,1B,1B,,1
Jimbo Fishy,1984,987,Darth Vader,336,584,DP,403,T5,0,1,6,4,-11.75%,11.75%,0,0,323,27,5,HOU,PIT,LGO,LGO,,1
Triston Uzumaki,125,92,Darth Vader,336,829,FO,263,T5,2,0,6,4,-1.93%,1.93%,0,0,323,27,5,HOU,PIT,FO,FO,,1
Lance Lummox,314,897,Willoughby Hoose,112,916,HR,19,B5,0,0,6,4,3.61%,-3.61%,1,1,324,27,5,PIT,HOU,HR,HR,,1
Baxter Payne,2021,210,Willoughby Hoose,112,647,PO,437,B5,0,0,7,4,-0.30%,0.30%,0,0,324,27,5,PIT,HOU,PO,PO,,1
Cook Froster,2033,122,Willoughby Hoose,112,588,LGO,466,B5,1,0,7,4,-0.31%,0.31%,0,0,324,27,5,PIT,HOU,LGO,LGO,,1
Mike Anderson,2073,,Willoughby Hoose,112,,Auto K,,B5,2,0,7,4,-0.22%,0.22%,0,0,324,27,5,PIT,HOU,Auto K,Auto K,,9
Jay Money,241,91,Yacob Yevans,3293,222,1B,131,T6,0,0,7,4,3.48%,-3.48%,0,0,325,27,5,HOU,PIT,1B,1B,,1
Buck Cheeks,457,108,Ricky Steele,2271,53,2B,55,T6,0,1,7,4,11.94%,-11.94%,0,0,325,27,5,HOU,PIT,2B,2B,,1
Chester Facto,2032,444,Ricky Steele,2271,132,K,312,T6,0,6,7,4,-6.91%,6.91%,0,0,325,27,5,HOU,PIT,K,K,,1
Lemmy Fraser,2166,598,Ricky Steele,2271,301,K,297,T6,1,6,7,4,-7.63%,7.63%,0,0,325,27,5,HOU,PIT,K,K,,1
Chris Keebler,2108,76,Ricky Steele,2271,451,K,375,T6,2,6,7,4,-4.64%,4.64%,0,0,325,27,5,HOU,PIT,K,K,,1
H.B. Boink,1988,234,Sal Shark,2147,843,LGO,391,T1,0,0,0,0,-2.51%,2.51%,0,0,326,28,5,ATL,OAK,LGO,LGO,,1
Cal Tiberius Jr.,199,622,Sal Shark,2147,466,BB,156,T1,1,0,0,0,2.43%,-2.43%,0,1,326,28,5,ATL,OAK,BB,BB,,1
Jake Blee,232,101,Sal Shark,2147,372,FO,271,T1,1,1,0,0,-2.63%,2.63%,0,0,326,28,5,ATL,OAK,FO,FO,,1
C.J. Bastian,1989,702,Sal Shark,2147,686,HR,16,T1,2,1,0,0,21.23%,-21.23%,2,1,326,28,5,ATL,OAK,HR,HR,,1
Charles Lindberg,242,944,Sal Shark,2147,993,2B,49,T1,2,0,0,2,2.22%,-2.22%,0,0,326,28,5,ATL,OAK,2B,2B,,1
Forrest Gleeson,51,999,Sal Shark,2147,740,FO,259,T1,2,2,0,2,-3.46%,3.46%,0,0,326,28,5,ATL,OAK,FO,FO,,1
Art Zyz,1982,350,Cal Tiberius Jr.,199,280,1B,70,B1,0,0,0,2,3.47%,-3.47%,0,0,327,28,5,OAK,ATL,1B,1B,,1
Bobson Dugnutt,2096,411,Cal Tiberius Jr.,199,632,FO,221,B1,0,1,0,2,-3.38%,3.38%,0,0,327,28,5,OAK,ATL,FO,FO,,1
Blue Moon Barthelemy,2025,1,Cal Tiberius Jr.,199,183,FO,182,B1,1,1,0,2,-2.89%,2.89%,0,0,327,28,5,OAK,ATL,FO,FO,,1
Caleb VanVacter,2103,352,Cal Tiberius Jr.,199,241,1B,111,B1,2,1,0,2,3.29%,-3.29%,0,0,327,28,5,OAK,ATL,1B,1B,,1
Graham Othrie,2139,895,Cal Tiberius Jr.,199,406,LGO,489,B1,2,5,0,2,-7.15%,7.15%,0,0,327,28,5,OAK,ATL,LGO,LGO,,1
Phil Coulson,226,838,Sal Shark,2147,747,1B,91,T2,0,0,0,2,1.66%,-1.66%,0,0,328,28,5,ATL,OAK,1B,1B,,1
Y.E. Wally,5,180,Sal Shark,2147,17,FO,163,T2,0,1,0,2,-2.00%,2.00%,0,0,328,28,5,ATL,OAK,FO,FO,,1
Gil Metz,206,95,Sal Shark,2147,800,K,295,T2,1,1,0,2,-1.61%,1.61%,0,0,328,28,5,ATL,OAK,K,K,,1
H.B. Boink,1988,942,Sal Shark,2147,360,LGO,418,T2,2,1,0,2,-2.64%,2.64%,0,0,328,28,5,ATL,OAK,LGO,LGO,,1
Rick Gymnast,3283,330,Cal Tiberius Jr.,199,777,LGO,447,B2,0,0,0,2,-2.94%,2.94%,0,0,329,28,5,OAK,ATL,LGO,LGO,,1
Sal Shark,2147,280,Cal Tiberius Jr.,199,707,LGO,427,B2,1,0,0,2,-2.53%,2.53%,0,0,329,28,5,OAK,ATL,LGO,LGO,,1
Kid Notcher,429,847,Cal Tiberius Jr.,199,732,1B,115,B2,2,0,0,2,2.19%,-2.19%,0,0,329,28,5,OAK,ATL,1B,1B,,1
Boaty McBoatface,2095,750,Cal Tiberius Jr.,199,447,K,303,B2,2,1,0,2,-4.11%,4.11%,0,0,329,28,5,OAK,ATL,K,K,,1
Cal Tiberius Jr.,199,622,Sal Shark,2147,413,FO,209,T3,0,0,0,2,-1.72%,1.72%,0,0,330,28,5,ATL,OAK,FO,FO,,1
Jake Blee,232,103,Sal Shark,2147,940,FO,163,T3,1,0,0,2,-1.56%,1.56%,0,0,330,28,5,ATL,OAK,FO,FO,,1
C.J. Bastian,1989,424,Sal Shark,2147,125,FO,299,T3,2,0,0,2,-1.30%,1.30%,0,0,330,28,5,ATL,OAK,FO,FO,,1
Art Zyz,1982,809,Cal Tiberius Jr.,199,32,FO,223,B3,0,0,0,2,-3.28%,3.28%,0,0,331,28,5,OAK,ATL,FO,FO,,1
Bobson Dugnutt,2096,199,Cal Tiberius Jr.,199,677,LGO,478,B3,1,0,0,2,-2.78%,2.78%,0,0,331,28,5,OAK,ATL,LGO,LGO,,1
Blue Moon Barthelemy,2025,202,Cal Tiberius Jr.,199,449,FO,247,B3,2,0,0,2,-2.07%,2.07%,0,0,331,28,5,OAK,ATL,FO,FO,,1
Charles Lindberg,242,312,Sal Shark,2147,907,PO,405,T4,0,0,0,2,-1.53%,1.53%,0,0,332,28,5,ATL,OAK,PO,PO,,1
Forrest Gleeson,51,530,Sal Shark,2147,876,K,346,T4,1,0,0,2,-1.44%,1.44%,0,0,332,28,5,ATL,OAK,K,K,,1
Phil Coulson,226,235,Sal Shark,2147,196,2B,39,T4,2,0,0,2,1.86%,-1.86%,0,0,332,28,5,ATL,OAK,2B,2B,,1
Y.E. Wally,5,618,Sal Shark,2147,1,K,383,T4,2,2,0,2,-3.12%,3.12%,0,0,332,28,5,ATL,OAK,K,K,,1
Caleb VanVacter,2103,525,Cal Tiberius Jr.,199,451,2B,74,B4,0,0,0,2,9.51%,-9.51%,0,1,333,28,5,OAK,ATL,2B,2B,,1
Graham Othrie,2139,645,Cal Tiberius Jr.,199,325,K,320,B4,0,2,0,2,-6.25%,6.25%,0,0,333,28,5,OAK,ATL,K,K,,1
Rick Gymnast,3283,604,Cal Tiberius Jr.,199,723,1B,119,B4,1,2,0,2,7.91%,-7.91%,0,0,333,28,5,OAK,ATL,1B,1B,,1
Sal Shark,2147,645,Cal Tiberius Jr.,199,711,1B,66,B4,1,5,0,2,9.79%,-9.79%,1,0,333,28,5,OAK,ATL,1B,1B,,1
Kid Notcher,429,42,Cal Tiberius Jr.,199,538,DP,496,B4,1,4,1,2,-17.89%,17.89%,0,0,333,28,5,OAK,ATL,LGO,LGO,,1
Gil Metz,206,271,Sal Shark,2147,950,K,321,T5,0,0,1,2,-2.29%,2.29%,0,0,334,28,5,ATL,OAK,K,K,,1
H.B. Boink,1988,867,Sal Shark,2147,246,LGO,379,T5,1,0,1,2,-2.08%,2.08%,0,0,334,28,5,ATL,OAK,LGO,LGO,,1
Cal Tiberius Jr.,199,141,Sal Shark,2147,300,BB,159,T5,2,0,1,2,1.87%,-1.87%,0,0,334,28,5,ATL,OAK,BB,BB,,1
Jake Blee,232,441,Sal Shark,2147,192,FO,249,T5,2,1,1,2,-3.78%,3.78%,0,0,334,28,5,ATL,OAK,FO,FO,,1
Boaty McBoatface,2095,125,Cal Tiberius Jr.,199,72,2B,53,B5,0,0,1,2,14.89%,-14.89%,0,0,335,28,5,OAK,ATL,2B,2B,,1
Art Zyz,1982,227,Cal Tiberius Jr.,199,445,FO,218,B5,0,2,1,2,-9.58%,9.58%,0,0,335,28,5,OAK,ATL,FO,FO,,1
Bobson Dugnutt,2096,600,Cal Tiberius Jr.,199,214,LGO,386,B5,1,2,1,2,-8.73%,8.73%,0,0,335,28,5,OAK,ATL,LGO,LGO,,1
Blue Moon Barthelemy,2025,420,Cal Tiberius Jr.,199,997,LGO,423,B5,2,2,1,2,-11.96%,11.96%,0,0,335,28,5,OAK,ATL,LGO,LGO,,1
C.J. Bastian,1989,601,Sal Shark,2147,540,2B,61,T6,0,0,1,2,4.17%,-4.17%,0,0,336,28,5,ATL,OAK,2B,2B,,1
Charles Lindberg,242,701,Sal Shark,2147,816,1B,115,T6,0,2,1,2,4.67%,-4.67%,0,0,336,28,5,ATL,OAK,1B,1B,,1
Forrest Gleeson,51,30,Sal Shark,2147,490,DP,460,T6,0,5,1,2,-0.87%,0.87%,0,0,336,28,5,ATL,OAK,LGO,LGO,,1
Phil Coulson,226,372,Sal Shark,2147,862,LGO,490,T6,2,0,1,3,-0.69%,0.69%,0,0,336,28,5,ATL,OAK,LGO,LGO,,1
Caleb VanVacter,2103,975,Cal Tiberius Jr.,199,732,FO,243,B6,0,0,1,3,-4.76%,4.76%,0,0,337,28,5,OAK,ATL,FO,FO,,1
Graham Othrie,2139,813,Cal Tiberius Jr.,199,224,LGO,411,B6,1,0,1,3,-3.71%,3.71%,0,0,337,28,5,OAK,ATL,LGO,LGO,,1
Rick Gymnast,3283,148,Cal Tiberius Jr.,199,124,2B,24,B6,2,0,1,3,4.66%,-4.66%,0,0,337,28,5,OAK,ATL,2B,2B,,1
Sal Shark,2147,90,Cal Tiberius Jr.,199,800,K,290,B6,2,2,1,3,-6.82%,6.82%,0,0,337,28,5,OAK,ATL,K,K,,1
Cambo Dia,2010,168,Hudson Hildebrandt,284,633,LGO,465,T1,0,0,0,0,-2.51%,2.51%,0,0,338,29,5,PHI,WAS,LGO,LGO,,1
Lefty Schweez,2186,773,Hudson Hildebrandt,284,323,LGO,450,T1,1,0,0,0,-2.18%,2.18%,0,0,338,29,5,PHI,WAS,LGO,LGO,,1
Conrad Love,300,56,Hudson Hildebrandt,284,1,2B,55,T1,2,0,0,0,3.05%,-3.05%,0,0,338,29,5,PHI,WAS,2B,2B,,1
Hunter Tuzero,346,891,Hudson Hildebrandt,284,233,PO,342,T1,2,2,0,0,-4.81%,4.81%,0,0,338,29,5,PHI,WAS,PO,PO,,1
Rusty LaRue,2203,655,Cy Hadd,3295,190,LGO,465,B1,0,0,0,0,-2.48%,2.48%,0,0,339,29,5,WAS,PHI,LGO,LGO,,1
Herrera O'Doubles,2055,740,Cy Hadd,3295,73,K,333,B1,1,0,0,0,-2.17%,2.17%,0,0,339,29,5,WAS,PHI,K,K,,1
Osmosis Jones,37,630,Cy Hadd,3295,948,K,318,B1,2,0,0,0,-1.79%,1.79%,0,0,339,29,5,WAS,PHI,K,K,,1
Cy Hadd,3295,1,Hudson Hildebrandt,284,1,HR,0,T2,0,0,0,0,12.97%,-12.97%,1,1,340,29,5,PHI,WAS,HR,HR,,1
Kyle Mack,2011,420,Hudson Hildebrandt,284,734,LGO,314,T2,0,0,0,1,-2.27%,2.27%,0,0,340,29,5,PHI,WAS,LGO,LGO,,1
Ross Fire,47,1,Hudson Hildebrandt,284,684,LGO,317,T2,1,0,0,1,-2.02%,2.02%,0,0,340,29,5,PHI,WAS,LGO,LGO,,1
KC Bats,287,335,Hudson Hildebrandt,284,324,HR,11,T2,2,0,0,1,12.05%,-12.05%,1,1,340,29,5,PHI,WAS,HR,HR,,1
Jay Lupp,3278,654,Hudson Hildebrandt,284,257,LGO,397,T2,2,0,0,2,-1.37%,1.37%,0,0,340,29,5,PHI,WAS,LGO,LGO,,1
Timothy Moyer,2345,827,Cy Hadd,3295,36,FO,209,B2,0,0,0,2,-2.94%,2.94%,0,0,341,29,5,WAS,PHI,FO,FO,,1
Gene Hennig,2040,877,Cy Hadd,3295,8,1B,131,B2,1,0,0,2,2.98%,-2.98%,0,1,341,29,5,WAS,PHI,1B,1B,,1
Mylo Grams,396,320,Cy Hadd,3295,323,HR,3,B2,1,1,0,2,23.71%,-23.71%,2,1,341,29,5,WAS,PHI,HR,HR,,1
Bo Kinsella,2051,410,Cy Hadd,3295,725,K,315,B2,1,0,2,2,-2.38%,2.38%,0,0,341,29,5,WAS,PHI,K,K,,1
Chad Barrett,2030,234,Cy Hadd,3295,525,K,291,B2,2,0,2,2,-2.03%,2.03%,0,0,341,29,5,WAS,PHI,K,K,,1
Cambo Dia,2010,58,Hudson Hildebrandt,284,187,1B,129,T3,0,0,2,2,3.31%,-3.31%,0,0,342,29,5,PHI,WAS,1B,1B,,1
Lefty Schweez,2186,462,Hudson Hildebrandt,284,872,DP,410,T3,0,1,2,2,-9.08%,9.08%,0,0,342,29,5,PHI,WAS,LGO,LGO,,1
Conrad Love,300,1,Hudson Hildebrandt,284,699,K,302,T3,2,0,2,2,-2.31%,2.31%,0,0,342,29,5,PHI,WAS,K,K,,1
Larry Wayne,2053,925,Cy Hadd,3295,470,LGO,455,B3,0,0,2,2,-3.07%,3.07%,0,0,343,29,5,WAS,PHI,LGO,LGO,,1
Rusty LaRue,2203,675,Cy Hadd,3295,410,FO,265,B3,1,0,2,2,-2.77%,2.77%,0,0,343,29,5,WAS,PHI,FO,FO,,1
Herrera O'Doubles,2055,640,Cy Hadd,3295,125,LGO,485,B3,2,0,2,2,-2.27%,2.27%,0,0,343,29,5,WAS,PHI,LGO,LGO,,1
Hunter Tuzero,346,450,Hudson Hildebrandt,284,670,FO,220,T4,0,0,2,2,-3.58%,3.58%,0,0,344,29,5,PHI,WAS,FO,FO,,1
Cy Hadd,3295,799,Hudson Hildebrandt,284,305,LGO,494,T4,1,0,2,2,-3.19%,3.19%,0,0,344,29,5,PHI,WAS,LGO,LGO,,1
Kyle Mack,2011,696,Hudson Hildebrandt,284,672,2B,24,T4,2,0,2,2,4.46%,-4.46%,0,0,344,29,5,PHI,WAS,2B,2B,,1
Ross Fire,47,870,Hudson Hildebrandt,284,404,LGO,466,T4,2,2,2,2,-7.21%,7.21%,0,0,344,29,5,PHI,WAS,LGO,LGO,,1
Osmosis Jones,37,202,Cy Hadd,3295,882,K,320,B4,0,0,2,2,-3.43%,3.43%,0,0,345,29,5,WAS,PHI,K,K,,1
Timothy Moyer,2345,633,Cy Hadd,3295,621,HR,12,B4,1,0,2,2,20.22%,-20.22%,1,1,345,29,5,WAS,PHI,HR,HR,,1
Gene Hennig,2040,333,Oliver Yu,286,617,K,284,B4,1,0,3,2,-1.74%,1.74%,0,0,345,29,5,WAS,PHI,K,K,,1
Mylo Grams,396,800,Oliver Yu,286,765,2B,35,B4,2,0,3,2,2.65%,-2.65%,0,0,345,29,5,WAS,PHI,2B,2B,,1
Bo Kinsella,2051,847,Oliver Yu,286,77,FO,230,B4,2,2,3,2,-4.14%,4.14%,0,0,345,29,5,WAS,PHI,FO,FO,,1
KC Bats,287,551,Hudson Hildebrandt,284,535,3B,16,T5,0,0,3,2,19.17%,-19.17%,0,1,346,29,5,PHI,WAS,3B,3B,,1
Jay Lupp,3278,428,Hudson Hildebrandt,284,220,Sac,208,T5,0,3,3,2,-0.45%,0.45%,1,0,346,29,5,PHI,WAS,FO,FO,,1
Cambo Dia,2010,1,Hudson Hildebrandt,284,189,FO,188,T5,1,0,3,3,-3.90%,3.90%,0,0,346,29,5,PHI,WAS,FO,FO,,1
Lefty Schweez,2186,733,Hudson Hildebrandt,284,809,1B,76,T5,2,0,3,3,3.36%,-3.36%,0,0,346,29,5,PHI,WAS,1B,1B,,1
Conrad Love,300,500,Hudson Hildebrandt,284,720,FO,220,T5,2,1,3,3,-6.87%,6.87%,0,0,346,29,5,PHI,WAS,FO,FO,,1
Chad Barrett,2030,430,Oliver Yu,286,320,1B,110,B5,0,0,3,3,3.33%,-3.33%,0,0,347,29,5,WAS,PHI,1B,1B,,1
Larry Wayne,2053,33,Oliver Yu,286,471,DP,438,B5,0,1,3,3,-11.34%,11.34%,0,0,347,29,5,WAS,PHI,LGO,LGO,,1
Rusty LaRue,2203,553,Oliver Yu,286,519,2B,34,B5,2,0,3,3,5.80%,-5.80%,0,0,347,29,5,WAS,PHI,2B,2B,,1
Herrera O'Doubles,2055,12,Oliver Yu,286,645,PO,367,B5,2,2,3,3,-9.48%,9.48%,0,0,347,29,5,WAS,PHI,PO,PO,,1
Hunter Tuzero,346,670,Hudson Hildebrandt,284,287,LGO,383,T6,0,0,3,3,-5.44%,5.44%,0,0,348,29,5,PHI,WAS,LGO,LGO,,1
Oliver Yu,286,620,Hudson Hildebrandt,284,882,K,262,T6,1,0,3,3,-5.08%,5.08%,0,0,348,29,5,PHI,WAS,K,K,,1
Kyle Mack,2011,543,Hudson Hildebrandt,284,401,BB,142,T6,2,0,3,3,4.02%,-4.02%,0,0,348,29,5,PHI,WAS,BB,BB,,1
Kyle Mack,2011,220,Hudson Hildebrandt,284,872,CS,348,T6,2,1,3,3,-8.93%,8.93%,0,0,348,29,5,PHI,WAS,CS 2B,CS 2B,,4
Osmosis Jones,37,630,Oliver Yu,286,671,2B,41,B6,0,0,3,3,12.74%,-12.74%,0,1,349,29,5,WAS,PHI,2B,2B,,1
Timothy Moyer,2345,,Oliver Yu,286,,IBB,,B6,0,2,3,3,-1.59%,1.59%,0,0,349,29,5,WAS,PHI,IBB,IBB,,8
Gene Hennig,2040,764,Oliver Yu,286,88,K,324,B6,0,4,3,3,-7.68%,7.68%,0,0,349,29,5,WAS,PHI,K,K,,1
Mylo Grams,396,486,Oliver Yu,286,97,DP,389,B6,1,4,3,3,-32.33%,32.33%,0,0,349,29,5,WAS,PHI,LGO,LGO,,1
Ross Fire,47,220,Hudson Hildebrandt,284,200,2B,20,T7,0,2,3,3,22.87%,-22.87%,1,1,350,29,5,PHI,WAS,2B,2B,,1
KC Bats,287,,Hudson Hildebrandt,284,,IBB,,T7,0,2,3,4,0.41%,-0.41%,0,1,350,29,5,PHI,WAS,IBB,IBB,,8
Jay Lupp,3278,210,Hudson Hildebrandt,284,242,2B,32,T7,0,4,3,4,9.51%,-9.51%,1,1,350,29,5,PHI,WAS,2B,2B,,1
Cambo Dia,2010,250,Hudson Hildebrandt,284,250,HR,0,T7,0,6,3,5,3.11%,-3.11%,3,1,350,29,5,PHI,WAS,HR,HR,,1
Lefty Schweez,2186,316,Jay Bedia,2151,897,LGO,419,T7,0,0,3,8,-0.08%,0.08%,0,0,350,29,5,PHI,WAS,LGO,LGO,,1
Conrad Love,300,1000,Jay Bedia,2151,934,1B,66,T7,1,0,3,8,0.06%,-0.06%,0,1,350,29,5,PHI,WAS,1B,1B,,1
Hunter Tuzero,346,720,Jay Bedia,2151,747,HR,27,T7,1,1,3,8,0.60%,-0.60%,2,1,350,29,5,PHI,WAS,HR,HR,,1
Oliver Yu,286,330,Jay Bedia,2151,78,FO,252,T7,1,0,3,10,-0.01%,0.01%,0,0,350,29,5,PHI,WAS,FO,FO,,1
Kyle Mack,2011,433,Jay Bedia,2151,666,FO,233,T7,2,0,3,10,-0.25%,0.25%,0,0,350,29,5,PHI,WAS,FO,FO,,1
Bo Kinsella,2051,315,Oliver Yu,286,753,LGO,438,B7,0,2,3,10,-0.30%,0.30%,0,0,351,29,5,WAS,PHI,LGO,LGO,,1
Chad Barrett,2030,812,Oliver Yu,286,348,LGO,464,B7,1,2,3,10,-0.07%,0.07%,0,0,351,29,5,WAS,PHI,LGO,LGO,,1
Larry Wayne,2053,455,Oliver Yu,286,656,FO,201,B7,2,2,3,10,-0.02%,0.02%,0,0,351,29,5,WAS,PHI,FO,FO,,1
Will Power,8,630,Tim Burr,2129,285,LGO,345,T1,0,0,0,0,-2.51%,2.51%,0,0,352,30,5,ARI,MIN,LGO,LGO,,1
Rico Veringhipster,2014,808,Tim Burr,2129,357,LGO,451,T1,1,0,0,0,-2.18%,2.18%,0,0,352,30,5,ARI,MIN,LGO,LGO,,1
Brent Royal,2078,473,Tim Burr,2129,139,K,334,T1,2,0,0,0,-1.76%,1.76%,0,0,352,30,5,ARI,MIN,K,K,,1
Dark Bobman,359,800,Einhorn,74,786,HR,14,B1,0,0,0,0,11.79%,-11.79%,1,1,353,30,5,MIN,ARI,HR,HR,,1
Twinkie Power,2128,202,Einhorn,74,326,1B,124,B1,0,0,1,0,2.23%,-2.23%,0,0,353,30,5,MIN,ARI,1B,1B,,1
"Jake ""JP"" Panik",267,420,Einhorn,74,607,FO,187,B1,0,1,1,0,-2.61%,2.61%,0,0,353,30,5,MIN,ARI,FO,FO,,1
Mike Cal,2126,153,Einhorn,74,240,1B,87,B1,1,1,1,0,3.13%,-3.13%,0,0,353,30,5,MIN,ARI,1B,1B,,1
C.W. Mitzel,2127,369,Einhorn,74,502,1B,133,B1,1,4,1,0,6.09%,-6.09%,0,0,353,30,5,MIN,ARI,1B,1B,,1
Miguel Snow,290,760,Einhorn,74,447,K,313,B1,1,7,1,0,-6.85%,6.85%,0,0,353,30,5,MIN,ARI,K,K,,1
Jack Marnette,213,391,Einhorn,74,680,FO,289,B1,2,7,1,0,-7.20%,7.20%,0,0,353,30,5,MIN,ARI,FO,FO,,1
Garrett Ipnov,2136,894,Tim Burr,2129,605,K,289,T2,0,0,1,0,-2.95%,2.95%,0,0,354,30,5,ARI,MIN,K,K,,1
Garren Smudge,133,787,Tim Burr,2129,484,K,303,T2,1,0,1,0,-2.51%,2.51%,0,0,354,30,5,ARI,MIN,K,K,,1
Assassin Panda,15,518,Tim Burr,2129,951,LGO,433,T2,2,0,1,0,-1.96%,1.96%,0,0,354,30,5,ARI,MIN,LGO,LGO,,1
Travis Hanky,2125,455,Einhorn,74,680,FO,225,B2,0,0,1,0,-2.00%,2.00%,0,0,355,30,5,MIN,ARI,FO,FO,,1
Tater Tits,4,300,Einhorn,74,975,K,325,B2,1,0,1,0,-1.83%,1.83%,0,0,355,30,5,MIN,ARI,K,K,,1
Dark Bobman,359,180,Einhorn,74,148,2B,32,B2,2,0,1,0,2.57%,-2.57%,0,0,355,30,5,MIN,ARI,2B,2B,,1
Twinkie Power,2128,404,Einhorn,74,209,FO,195,B2,2,2,1,0,-4.13%,4.13%,0,0,355,30,5,MIN,ARI,FO,FO,,1
Obi-Wan Canoli,3281,,Tim Burr,2129,,Auto K,,T3,0,0,1,0,-3.32%,3.32%,0,0,356,30,5,ARI,MIN,Auto K,Auto K,,9
Tsar Zaar,274,329,Tim Burr,2129,207,1B,122,T3,1,0,1,0,3.27%,-3.27%,0,0,356,30,5,ARI,MIN,1B,1B,,1
Trey Rangers,224,881,Tim Burr,2129,345,DP,464,T3,1,1,1,0,-8.38%,8.38%,0,0,356,30,5,ARI,MIN,LGO,LGO,,1
"Jake ""JP"" Panik",267,780,Einhorn,74,260,LGO,480,B3,0,0,1,0,-2.04%,2.04%,0,0,357,30,5,MIN,ARI,LGO,LGO,,1
Mike Cal,2126,69,Einhorn,74,973,1B,96,B3,1,0,1,0,1.65%,-1.65%,0,0,357,30,5,MIN,ARI,1B,1B,,1
C.W. Mitzel,2127,666,Einhorn,74,374,FO,292,B3,1,1,1,0,-1.91%,1.91%,0,0,357,30,5,MIN,ARI,FO,FO,,1
Miguel Snow,290,420,Einhorn,74,101,K,319,B3,2,1,1,0,-3.16%,3.16%,0,0,357,30,5,MIN,ARI,K,K,,1
Will Power,8,,Tim Burr,2129,,Auto K,,T4,0,0,1,0,-3.96%,3.96%,0,0,358,30,5,ARI,MIN,Auto K,Auto K,,9
Rico Veringhipster,2014,440,Hudson Quin,58,360,1B,80,T4,1,0,1,0,3.84%,-3.84%,0,0,358,30,5,ARI,MIN,1B,1B,,1
Brent Royal,2078,212,Hudson Quin,58,541,K,329,T4,1,1,1,0,-3.93%,3.93%,0,0,358,30,5,ARI,MIN,K,K,,1
Garrett Ipnov,2136,7,Hudson Quin,58,410,LGO,403,T4,2,1,1,0,-6.06%,6.06%,0,0,358,30,5,ARI,MIN,LGO,LGO,,1
Jack Marnette,213,516,Einhorn,74,274,FO,242,B4,0,0,1,0,-1.87%,1.87%,0,0,359,30,5,MIN,ARI,FO,FO,,1
Travis Hanky,2125,350,Einhorn,74,289,2B,61,B4,1,0,1,0,3.64%,-3.64%,0,0,359,30,5,MIN,ARI,2B,2B,,1
Tater Tits,4,300,Einhorn,74,439,BB,139,B4,1,2,1,0,0.68%,-0.68%,0,0,359,30,5,MIN,ARI,BB,BB,,1
Dark Bobman,359,1,Einhorn,74,516,DP,485,B4,1,4,1,0,-7.55%,7.55%,0,0,359,30,5,MIN,ARI,LGO,LGO,,1
Garren Smudge,133,418,Hudson Quin,58,901,LGO,483,T5,0,0,1,0,-4.98%,4.98%,0,0,360,30,5,ARI,MIN,LGO,LGO,,1
Assassin Panda,15,545,Hudson Quin,58,349,FO,196,T5,1,0,1,0,-4.32%,4.32%,0,0,360,30,5,ARI,MIN,FO,FO,,1
S.K. Brettbug,2015,800,Hudson Quin,58,63,FO,263,T5,2,0,1,0,-3.61%,3.61%,0,0,360,30,5,ARI,MIN,FO,FO,,1
Twinkie Power,2128,837,Einhorn,74,204,K,367,B5,0,0,1,0,-1.37%,1.37%,0,0,361,30,5,MIN,ARI,K,K,,1
"Jake ""JP"" Panik",267,149,Einhorn,74,52,1B,97,B5,1,0,1,0,1.14%,-1.14%,0,0,361,30,5,MIN,ARI,1B,1B,,1
Mike Cal,2126,380,Einhorn,74,864,DP,484,B5,1,1,1,0,-3.58%,3.58%,0,0,361,30,5,MIN,ARI,LGO,LGO,,1
Tsar Zaar,274,816,Hudson Quin,58,658,1B,158,T6,0,0,1,0,7.48%,-7.48%,0,0,362,30,5,ARI,MIN,1B,1B,,1
Trey Rangers,224,682,Hudson Quin,58,183,DP,499,T6,0,1,1,0,-20.21%,20.21%,0,0,362,30,5,ARI,MIN,LGO,LGO,,1
Will Power,8,933,Hudson Quin,58,542,K,391,T6,2,0,1,0,-5.13%,5.13%,0,0,362,30,5,ARI,MIN,K,K,,1
Whit Merto,162,317,Cal Tiberius Jr.,199,432,1B,115,T1,0,0,0,0,2.91%,-2.91%,0,0,363,31,6,BAL,ATL,1B,1B,,1
Clipper Charge,171,420,Cal Tiberius Jr.,199,115,K,305,T1,0,1,0,0,-2.99%,2.99%,0,0,363,31,6,BAL,ATL,K,K,,1
Randy Nummer,2066,305,Cal Tiberius Jr.,199,211,1B,94,T1,1,1,0,0,4.11%,-4.11%,0,0,363,31,6,BAL,ATL,1B,1B,,1
Sam Smith,158,802,Cal Tiberius Jr.,199,405,DP,397,T1,1,4,0,0,-10.48%,10.48%,0,0,363,31,6,BAL,ATL,LGO,LGO,,1
H.B. Boink,1988,211,Rob Pancakes,1966,69,1B,142,B1,0,0,0,0,2.76%,-2.76%,0,0,364,31,6,ATL,BAL,1B,1B,,1
Jake Blee,232,862,Rob Pancakes,1966,311,DP,449,B1,0,1,0,0,-7.41%,7.41%,0,0,364,31,6,ATL,BAL,LGO,LGO,,1
C.J. Bastian,1989,412,Rob Pancakes,1966,811,K,399,B1,2,0,0,0,-1.79%,1.79%,0,0,364,31,6,ATL,BAL,K,K,,1
Bernie Petrol,1972,223,Cal Tiberius Jr.,199,320,1B,97,T2,0,0,0,0,3.09%,-3.09%,0,1,365,31,6,BAL,ATL,1B,1B,,1
Indy Sayne,151,420,Cal Tiberius Jr.,199,631,FO,211,T2,0,1,0,0,-3.24%,3.24%,0,0,365,31,6,BAL,ATL,FO,FO,,1
Ludd Van Shark,1968,823,Cal Tiberius Jr.,199,861,2B,38,T2,1,1,0,0,10.50%,-10.50%,0,1,365,31,6,BAL,ATL,2B,2B,,1
Johnny Dickshot,233,347,Cal Tiberius Jr.,199,345,HR,2,T2,1,6,0,0,20.78%,-20.78%,3,1,365,31,6,BAL,ATL,HR,HR,,1
Meerkat Timmons,147,654,Cal Tiberius Jr.,199,754,1B,100,T2,1,0,0,3,1.17%,-1.17%,0,0,365,31,6,BAL,ATL,1B,1B,,1
Whit Merto,162,956,Cal Tiberius Jr.,199,421,DP,465,T2,1,1,0,3,-3.21%,3.21%,0,0,365,31,6,BAL,ATL,LGO,LGO,,1
Charles Lindberg,242,118,Rob Pancakes,1966,683,PO,435,B2,0,0,0,3,-2.53%,2.53%,0,0,366,31,6,ATL,BAL,PO,PO,,1
Y.E. Wally,5,22,Rob Pancakes,1966,944,1B,78,B2,1,0,0,3,2.55%,-2.55%,0,0,366,31,6,ATL,BAL,1B,1B,,1
Forrest Gleeson,51,505,Rob Pancakes,1966,295,FO,210,B2,1,1,0,3,-2.57%,2.57%,0,0,366,31,6,ATL,BAL,FO,FO,,1
Phil Coulson,226,587,Rob Pancakes,1966,731,BB,144,B2,2,1,0,3,3.37%,-3.37%,0,0,366,31,6,ATL,BAL,BB,BB,,1
Sadler Oriole,231,500,Rob Pancakes,1966,1,LGO,499,B2,2,4,0,3,-6.86%,6.86%,0,0,366,31,6,ATL,BAL,LGO,LGO,,1
Clipper Charge,171,366,Cal Tiberius Jr.,199,644,K,278,T3,0,0,0,3,-1.14%,1.14%,0,0,367,31,6,BAL,ATL,K,K,,1
Randy Nummer,2066,911,Cal Tiberius Jr.,199,752,BB,159,T3,1,0,0,3,0.93%,-0.93%,0,0,367,31,6,BAL,ATL,BB,BB,,1
Sam Smith,158,380,Cal Tiberius Jr.,199,856,DP,476,T3,1,1,0,3,-2.84%,2.84%,0,0,367,31,6,BAL,ATL,LGO,LGO,,1
Gil Metz,206,7,Rob Pancakes,1966,657,K,350,B3,0,0,0,3,-2.70%,2.70%,0,0,368,31,6,ATL,BAL,K,K,,1
H.B. Boink,1988,982,Rob Pancakes,1966,294,K,312,B3,1,0,0,3,-2.15%,2.15%,0,0,368,31,6,ATL,BAL,K,K,,1
Jake Blee,232,889,Rob Pancakes,1966,682,FO,207,B3,2,0,0,3,-1.42%,1.42%,0,0,368,31,6,ATL,BAL,FO,FO,,1
Bernie Petrol,1972,612,Cal Tiberius Jr.,199,925,K,313,T4,0,0,0,3,-0.98%,0.98%,0,0,369,31,6,BAL,ATL,K,K,,1
Indy Sayne,151,2,Cal Tiberius Jr.,199,123,1B,121,T4,1,0,0,3,0.69%,-0.69%,0,0,369,31,6,BAL,ATL,1B,1B,,1
Ludd Van Shark,1968,19,Cal Tiberius Jr.,199,204,FO,185,T4,1,1,0,3,-0.74%,0.74%,0,0,369,31,6,BAL,ATL,FO,FO,,1
Johnny Dickshot,233,345,Cal Tiberius Jr.,199,610,FO,265,T4,2,1,0,3,-1.60%,1.60%,0,0,369,31,6,BAL,ATL,FO,FO,,1
C.J. Bastian,1989,995,Rob Pancakes,1966,933,1B,62,B4,0,0,0,3,3.96%,-3.96%,0,1,370,31,6,ATL,BAL,1B,1B,,1
Charles Lindberg,242,208,Rob Pancakes,1966,377,FO,169,B4,0,1,0,3,-3.57%,3.57%,0,0,370,31,6,ATL,BAL,FO,FO,,1
Y.E. Wally,5,109,Rob Pancakes,1966,222,BB,113,B4,1,1,0,3,6.24%,-6.24%,0,1,370,31,6,ATL,BAL,BB,BB,,1
Forrest Gleeson,51,101,Rob Pancakes,1966,395,FO,294,B4,1,4,0,3,-5.62%,5.62%,0,0,370,31,6,ATL,BAL,FO,FO,,1
Phil Coulson,226,874,Rob Pancakes,1966,2,1B,128,B4,2,4,0,3,9.76%,-9.76%,1,1,370,31,6,ATL,BAL,1B,1B,,1
Sadler Oriole,231,800,Rob Pancakes,1966,672,1B,128,B4,2,5,1,3,13.78%,-13.78%,1,0,370,31,6,ATL,BAL,1B,1B,,1
Gil Metz,206,666,Rob Pancakes,1966,777,1B,111,B4,2,5,2,3,20.26%,-20.26%,1,0,370,31,6,ATL,BAL,1B,1B,,1
H.B. Boink,1988,295,Rob Pancakes,1966,111,BB,184,B4,2,5,3,3,3.21%,-3.21%,0,0,370,31,6,ATL,BAL,BB,BB,,1
Jake Blee,232,322,Rob Pancakes,1966,111,FO,211,B4,2,7,3,3,-12.30%,12.30%,0,0,370,31,6,ATL,BAL,FO,FO,,1
Meerkat Timmons,147,713,Cal Tiberius Jr.,199,224,LGO,489,T5,0,0,3,3,-4.31%,4.31%,0,0,371,31,6,BAL,ATL,LGO,LGO,,1
Whit Merto,162,402,Cal Tiberius Jr.,199,836,LGO,434,T5,1,0,3,3,-3.90%,3.90%,0,0,371,31,6,BAL,ATL,LGO,LGO,,1
Clipper Charge,171,720,Cal Tiberius Jr.,199,462,FO,258,T5,2,0,3,3,-3.51%,3.51%,0,0,371,31,6,BAL,ATL,FO,FO,,1
C.J. Bastian,1989,249,Rob Pancakes,1966,999,FO,250,B5,0,0,3,3,-4.12%,4.12%,0,0,372,31,6,ATL,BAL,FO,FO,,1
Charles Lindberg,242,331,Rob Pancakes,1966,831,LGO,500,B5,1,0,3,3,-3.89%,3.89%,0,0,372,31,6,ATL,BAL,LGO,LGO,,1
Y.E. Wally,5,705,Rob Pancakes,1966,331,K,374,B5,2,0,3,3,-3.68%,3.68%,0,0,372,31,6,ATL,BAL,K,K,,1
Randy Nummer,2066,115,Cal Tiberius Jr.,199,925,FO,190,T6,0,0,3,3,-5.44%,5.44%,0,0,373,31,6,BAL,ATL,FO,FO,,1
Sam Smith,158,214,Cal Tiberius Jr.,199,654,LGO,440,T6,1,0,3,3,-5.08%,5.08%,0,0,373,31,6,BAL,ATL,LGO,LGO,,1
Bernie Petrol,1972,115,Cal Tiberius Jr.,199,1,1B,114,T6,2,0,3,3,4.02%,-4.02%,0,0,373,31,6,BAL,ATL,1B,1B,,1
Indy Sayne,151,630,Cal Tiberius Jr.,199,47,LGO,417,T6,2,1,3,3,-8.93%,8.93%,0,0,373,31,6,BAL,ATL,LGO,LGO,,1
Forrest Gleeson,51,653,Rob Pancakes,1966,600,2B,53,B6,0,0,3,3,12.74%,-12.74%,0,1,374,31,6,ATL,BAL,2B,2B,,1
Phil Coulson,226,,Rob Pancakes,1966,,IBB,,B6,0,2,3,3,-1.59%,1.59%,0,0,374,31,6,ATL,BAL,IBB,IBB,,8
Sadler Oriole,231,450,Rob Pancakes,1966,839,PO,389,B6,0,4,3,3,-7.68%,7.68%,0,0,374,31,6,ATL,BAL,PO,PO,,1
Gil Metz,206,520,Rob Pancakes,1966,412,1B,108,B6,1,4,3,3,14.10%,-14.10%,0,0,374,31,6,ATL,BAL,1B,1B,,1
H.B. Boink,1988,272,Rob Pancakes,1966,133,1B,139,B6,1,7,3,3,16.96%,-16.96%,1,0,374,31,6,ATL,BAL,1B,1B,,1
S.K. Brettbug,2015,273,Big Tuna,2091,900,PO,373,T1,0,0,0,0,-2.51%,2.51%,0,0,375,32,6,ARI,DET,PO,PO,,1
Rico Veringhipster,2014,607,Big Tuna,2091,712,1B,105,T1,1,0,0,0,2.43%,-2.43%,0,1,375,32,6,ARI,DET,1B,1B,,1
Brent Royal,2078,364,Big Tuna,2091,25,K,339,T1,1,1,0,0,-2.63%,2.63%,0,0,375,32,6,ARI,DET,K,K,,1
Tsar Zaar,274,211,Big Tuna,2091,377,BB,166,T1,2,1,0,0,2.81%,-2.81%,0,1,375,32,6,ARI,DET,BB,BB,,1
Will Power,8,812,Big Tuna,2091,854,2B,42,T1,2,4,0,0,20.64%,-20.64%,2,1,375,32,6,ARI,DET,2B,2B,,1
Garren Smudge,133,492,Big Tuna,2091,363,1B,129,T1,2,2,0,2,7.88%,-7.88%,1,1,375,32,6,ARI,DET,1B,1B,,1
Assassin Panda,15,96,Big Tuna,2091,122,HR,26,T1,2,1,0,3,11.10%,-11.10%,2,1,375,32,6,ARI,DET,HR,HR,,1
Trey Rangers,224,273,Big Tuna,2091,90,FO,183,T1,2,0,0,5,-0.31%,0.31%,0,0,375,32,6,ARI,DET,FO,FO,,1
BB Bambino Jr.,115,783,Syd Kidd,3,736,1B,47,B1,0,0,0,5,2.02%,-2.02%,0,0,376,32,6,DET,ARI,1B,1B,,1
Mason Spurs,103,847,Syd Kidd,3,42,FO,195,B1,0,1,0,5,-1.88%,1.88%,0,0,376,32,6,DET,ARI,FO,FO,,1
King Fielder,222,324,Syd Kidd,3,208,BB,116,B1,1,1,0,5,2.77%,-2.77%,0,0,376,32,6,DET,ARI,BB,BB,,1
Otis Nixon Sr.,107,115,Syd Kidd,3,666,DP,449,B1,1,4,0,5,-6.35%,6.35%,0,0,376,32,6,DET,ARI,LGO,LGO,,1
Garrett Ipnov,2136,171,Big Tuna,2091,622,LGO,451,T2,0,0,0,5,-0.48%,0.48%,0,0,377,32,6,ARI,DET,LGO,LGO,,1
S.K. Brettbug,2015,400,Big Tuna,2091,888,LGO,488,T2,1,0,0,5,-0.54%,0.54%,0,0,377,32,6,ARI,DET,LGO,LGO,,1
Rico Veringhipster,2014,147,Big Tuna,2091,146,HR,1,T2,2,0,0,5,3.13%,-3.13%,1,1,377,32,6,ARI,DET,HR,HR,,1
Brent Royal,2078,786,Big Tuna,2091,1,FO,215,T2,2,0,0,6,-0.35%,0.35%,0,0,377,32,6,ARI,DET,FO,FO,,1
Morris Deratt,104,900,Syd Kidd,3,532,K,368,B2,0,0,0,6,-1.06%,1.06%,0,0,378,32,6,DET,ARI,K,K,,1
Merodach Baladan,100,873,Syd Kidd,3,774,1B,99,B2,1,0,0,6,1.38%,-1.38%,0,0,378,32,6,DET,ARI,1B,1B,,1
Martin Barnar,2088,654,Syd Kidd,3,495,FO,159,B2,1,1,0,6,-1.31%,1.31%,0,0,378,32,6,DET,ARI,FO,FO,,1
Sevag Vapor,106,133,Syd Kidd,3,2,1B,131,B2,2,1,0,6,1.46%,-1.46%,0,0,378,32,6,DET,ARI,1B,1B,,1
Lightning Balls,350,313,Syd Kidd,3,608,K,295,B2,2,5,0,6,-2.69%,2.69%,0,0,378,32,6,DET,ARI,K,K,,1
Tsar Zaar,274,667,Big Tuna,2091,710,2B,43,T3,0,0,0,6,0.67%,-0.67%,0,1,379,32,6,ARI,DET,2B,2B,,1
Will Power,8,275,Big Tuna,2091,590,K,315,T3,0,2,0,6,-0.41%,0.41%,0,0,379,32,6,ARI,DET,K,K,,1
Garren Smudge,133,99,Big Tuna,2091,23,1B,76,T3,1,2,0,6,0.61%,-0.61%,0,1,379,32,6,ARI,DET,1B,1B,,1
Assassin Panda,15,76,Big Tuna,2091,76,HR,0,T3,1,5,0,6,1.81%,-1.81%,3,1,379,32,6,ARI,DET,HR,HR,,1
Trey Rangers,224,798,Big Tuna,2091,241,LGO,443,T3,1,0,0,9,-0.05%,0.05%,0,0,379,32,6,ARI,DET,LGO,LGO,,1
Garrett Ipnov,2136,894,Big Tuna,2091,869,2B,25,T3,2,0,0,9,0.04%,-0.04%,0,0,379,32,6,ARI,DET,2B,2B,,1
S.K. Brettbug,2015,239,Big Tuna,2091,699,LGO,460,T3,2,2,0,9,-0.11%,0.11%,0,0,379,32,6,ARI,DET,LGO,LGO,,1
BB Bambino Jr.,115,89,Syd Kidd,3,373,FO,284,B3,0,0,0,9,-0.21%,0.21%,0,0,380,32,6,DET,ARI,FO,FO,,1
Mason Spurs,103,716,Syd Kidd,3,239,LGO,477,B3,1,0,0,9,-0.09%,0.09%,0,0,380,32,6,DET,ARI,LGO,LGO,,1
King Fielder,222,834,Syd Kidd,3,435,K,399,B3,2,0,0,9,-0.10%,0.10%,0,0,380,32,6,DET,ARI,K,K,,1
Rico Veringhipster,2014,713,Big Tuna,2091,470,FO,243,T4,0,0,0,9,-0.04%,0.04%,0,0,381,32,6,ARI,DET,FO,FO,,1
Brent Royal,2078,184,Big Tuna,2091,210,HR,26,T4,1,0,0,9,0.18%,-0.18%,1,1,381,32,6,ARI,DET,HR,HR,,1
Tsar Zaar,274,937,Big Tuna,2091,210,FO,273,T4,1,0,0,10,0.02%,-0.02%,0,0,381,32,6,ARI,DET,FO,FO,,1
Will Power,8,420,Big Tuna,2091,919,LGO,499,T4,2,0,0,10,-0.04%,0.04%,0,0,381,32,6,ARI,DET,LGO,LGO,,1
Otis Nixon Sr.,107,800,Syd Kidd,3,460,K,340,B4,0,0,0,10,-0.07%,0.07%,0,0,382,32,6,DET,ARI,K,K,,1
Morris Deratt,104,696,Syd Kidd,3,704,HR,8,B4,1,0,0,10,0.19%,-0.19%,1,1,382,32,6,DET,ARI,HR,HR,,1
Merodach Baladan,100,512,Syd Kidd,3,769,FO,257,B4,1,0,1,10,-0.06%,0.06%,0,0,382,32,6,DET,ARI,FO,FO,,1
Martin Barnar,2088,782,Syd Kidd,3,3,FO,221,B4,2,0,1,10,-0.04%,0.04%,0,0,382,32,6,DET,ARI,FO,FO,,1
Garren Smudge,133,747,Big Tuna,2091,2,FO,255,T5,0,0,1,10,-0.01%,0.01%,0,0,383,32,6,ARI,DET,FO,FO,,1
Assassin Panda,15,756,Big Tuna,2091,388,K,368,T5,1,0,1,10,0.02%,-0.02%,0,0,383,32,6,ARI,DET,K,K,,1
Trey Rangers,224,250,Big Tuna,2091,747,LGO,497,T5,2,0,1,10,-0.01%,0.01%,0,0,383,32,6,ARI,DET,LGO,LGO,,1
Sevag Vapor,106,733,Syd Kidd,3,917,BB,184,B5,0,0,1,10,0.16%,-0.16%,0,0,384,32,6,DET,ARI,BB,BB,,1
Lightning Balls,350,187,Syd Kidd,3,783,DP,404,B5,0,1,1,10,-0.21%,0.21%,0,0,384,32,6,DET,ARI,LGO,LGO,,1
BB Bambino Jr.,115,284,Syd Kidd,3,896,LGO,388,B5,2,1,1,10,-0.04%,0.04%,0,0,384,32,6,DET,ARI,LGO,LGO,,1
Garrett Ipnov,2136,418,Big Tuna,2091,111,K,307,T6,0,0,1,10,0.01%,-0.01%,0,0,385,32,6,ARI,DET,K,K,,1
S.K. Brettbug,2015,200,Big Tuna,2091,9,FO,191,T6,1,0,1,10,-0.01%,0.01%,0,0,385,32,6,ARI,DET,FO,FO,,1
Rico Veringhipster,2014,644,Big Tuna,2091,300,PO,344,T6,2,0,1,10,-0.01%,0.01%,0,0,385,32,6,ARI,DET,PO,PO,,1
Mason Spurs,103,42,Einhorn,74,324,FO,282,B6,0,0,1,10,-0.02%,0.02%,0,0,386,32,6,DET,ARI,FO,FO,,1
King Fielder,222,245,Einhorn,74,968,K,277,B6,1,0,1,10,-0.01%,0.01%,0,0,386,32,6,DET,ARI,K,K,,1
Otis Nixon Sr.,107,500,Einhorn,74,315,FO,185,B6,2,0,1,10,0.00%,0.00%,0,0,386,32,6,DET,ARI,FO,FO,,1
Herrera O'Doubles,2055,8,Darth Vader,336,85,1B,77,T1,0,0,0,0,2.91%,-2.91%,0,1,387,33,6,WAS,PIT,1B,1B,,1
Osmosis Jones,37,378,Darth Vader,336,651,FO,273,T1,0,1,0,0,-2.99%,2.99%,0,0,387,33,6,WAS,PIT,FO,FO,,1
Rusty LaRue,2203,355,Darth Vader,336,734,K,379,T1,1,1,0,0,-2.63%,2.63%,0,0,387,33,6,WAS,PIT,K,K,,1
Humphrey Carter,2201,430,Darth Vader,336,277,BB,153,T1,2,1,0,0,2.81%,-2.81%,0,1,387,33,6,WAS,PIT,BB,BB,,1
Gene Hennig,2040,723,Darth Vader,336,802,1B,79,T1,2,4,0,0,11.44%,-11.44%,1,1,387,33,6,WAS,PIT,1B,1B,,1
Gene Hennig,2040,712,Darth Vader,336,628,SB,84,T1,2,5,0,1,0.58%,-0.58%,0,0,387,33,6,WAS,PIT,Steal 2B,Steal 2B,,5
Mylo Grams,396,712,Darth Vader,336,628,1B,84,T1,2,6,0,1,16.50%,-16.50%,2,1,387,33,6,WAS,PIT,1B,1B,,1
Nathaniel Booth,2059,77,Darth Vader,336,87,HR,10,T1,2,1,0,3,11.10%,-11.10%,2,1,387,33,6,WAS,PIT,HR,HR,,1
Bo Kinsella,2051,555,Darth Vader,336,461,1B,94,T1,2,0,0,5,0.92%,-0.92%,0,0,387,33,6,WAS,PIT,1B,1B,,1
Bo Kinsella,2051,962,Darth Vader,336,598,CS,364,T1,2,1,0,5,-1.23%,1.23%,0,0,387,33,6,WAS,PIT,CS 2B,CS 2B,,4
Ricky Steele,2271,900,Jay Bedia,2151,901,HR,1,B1,0,0,0,5,5.47%,-5.47%,1,1,388,33,6,PIT,WAS,HR,HR,,1
Johnny Hopkins,2070,588,Jay Bedia,2151,845,FO,257,B1,0,0,1,5,-1.95%,1.95%,0,0,388,33,6,PIT,WAS,FO,FO,,1
Jameson Poe,310,417,Jay Bedia,2151,374,2B,43,B1,1,0,1,5,3.68%,-3.68%,0,0,388,33,6,PIT,WAS,2B,2B,,1
Lance Lummox,314,99,Jay Bedia,2151,345,FO,246,B1,1,2,1,5,-3.17%,3.17%,0,0,388,33,6,PIT,WAS,FO,FO,,1
Baxter Payne,2021,869,Jay Bedia,2151,215,K,346,B1,2,2,1,5,-3.19%,3.19%,0,0,388,33,6,PIT,WAS,K,K,,1
Chad Barrett,2030,76,Darth Vader,336,121,2B,45,T2,0,0,1,5,2.07%,-2.07%,0,1,389,33,6,WAS,PIT,2B,2B,,1
Herrera O'Doubles,2055,600,Darth Vader,336,656,1B,56,T2,0,2,1,5,1.96%,-1.96%,0,1,389,33,6,WAS,PIT,1B,1B,,1
Osmosis Jones,37,444,Darth Vader,336,207,Sac,237,T2,0,5,1,5,-0.07%,0.07%,1,0,389,33,6,WAS,PIT,FO,FO,,1
Rusty LaRue,2203,598,Darth Vader,336,486,1B,112,T2,1,1,1,6,1.54%,-1.54%,0,1,389,33,6,WAS,PIT,1B,1B,,1
Herrera O'Doubles,2055,750,Darth Vader,336,877,SB,127,T2,1,4,1,6,0.98%,-0.98%,0,0,389,33,6,WAS,PIT,MSteal 3B,MSteal 3B,,6
Humphrey Carter,2201,900,Darth Vader,336,877,3B,23,T2,1,6,1,6,2.79%,-2.79%,2,0,389,33,6,WAS,PIT,3B,3B,,1
Gene Hennig,2040,231,Darth Vader,336,879,K,352,T2,1,3,1,8,-0.37%,0.37%,0,0,389,33,6,WAS,PIT,K,K,,1
Mylo Grams,396,207,Darth Vader,336,846,PO,361,T2,2,3,1,8,-0.50%,0.50%,0,0,389,33,6,WAS,PIT,PO,PO,,1
Cook Froster,2033,536,Jay Bedia,2151,504,2B,32,B2,0,0,1,8,1.65%,-1.65%,0,1,390,33,6,PIT,WAS,2B,2B,,1
Mike Anderson,2073,788,Jay Bedia,2151,500,FO,288,B2,0,2,1,8,-1.41%,1.41%,0,0,390,33,6,PIT,WAS,FO,FO,,1
Jimmy Johns,303,788,Jay Bedia,2151,100,K,312,B2,1,2,1,8,-0.80%,0.80%,0,0,390,33,6,PIT,WAS,K,K,,1
Splash Nelson,312,435,Jay Bedia,2151,550,1B,115,B2,2,2,1,8,1.93%,-1.93%,1,0,390,33,6,PIT,WAS,1B,1B,,1
Ricky Steele,2271,721,Jay Bedia,2151,367,K,354,B2,2,1,2,8,-1.23%,1.23%,0,0,390,33,6,PIT,WAS,K,K,,1
Nathaniel Booth,2059,672,Darth Vader,336,188,LGO,484,T3,0,0,2,8,-0.20%,0.20%,0,0,391,33,6,WAS,PIT,LGO,LGO,,1
Bo Kinsella,2051,202,Darth Vader,336,277,1B,75,T3,1,0,2,8,0.27%,-0.27%,0,0,391,33,6,WAS,PIT,1B,1B,,1
Chad Barrett,2030,420,Darth Vader,336,614,FO,194,T3,1,1,2,8,-0.41%,0.41%,0,0,391,33,6,WAS,PIT,FO,FO,,1
Herrera O'Doubles,2055,800,Darth Vader,336,218,LGO,418,T3,2,1,2,8,-0.34%,0.34%,0,0,391,33,6,WAS,PIT,LGO,LGO,,1
Johnny Hopkins,2070,799,Jay Bedia,2151,976,FO,177,B3,0,0,2,8,-0.86%,0.86%,0,0,392,33,6,PIT,WAS,FO,FO,,1
Jameson Poe,310,683,Jay Bedia,2151,799,BB,116,B3,1,0,2,8,0.95%,-0.95%,0,0,392,33,6,PIT,WAS,BB,BB,,1
Lance Lummox,314,102,Jay Bedia,2151,32,1B,70,B3,1,1,2,8,2.03%,-2.03%,0,0,392,33,6,PIT,WAS,1B,1B,,1
Baxter Payne,2021,519,Jay Bedia,2151,115,K,404,B3,1,4,2,8,-2.24%,2.24%,0,0,392,33,6,PIT,WAS,K,K,,1
Cook Froster,2033,455,Jay Bedia,2151,875,LGO,420,B3,2,4,2,8,-1.79%,1.79%,0,0,392,33,6,PIT,WAS,LGO,LGO,,1
Osmosis Jones,37,630,Darth Vader,336,344,FO,286,T4,0,0,2,8,-0.19%,0.19%,0,0,393,33,6,WAS,PIT,FO,FO,,1
Rusty LaRue,2203,805,Darth Vader,336,403,K,402,T4,1,0,2,8,-0.17%,0.17%,0,0,393,33,6,WAS,PIT,K,K,,1
Humphrey Carter,2201,206,Darth Vader,336,857,K,349,T4,2,0,2,8,-0.14%,0.14%,0,0,393,33,6,WAS,PIT,K,K,,1
Mike Anderson,2073,222,Jay Bedia,2151,711,LGO,489,B4,0,0,2,8,-0.69%,0.69%,0,0,394,33,6,PIT,WAS,LGO,LGO,,1
Jimmy Johns,303,435,Jay Bedia,2151,712,FO,277,B4,1,0,2,8,-0.50%,0.50%,0,0,394,33,6,PIT,WAS,FO,FO,,1
Splash Nelson,312,257,Jay Bedia,2151,450,BB,193,B4,2,0,2,8,0.52%,-0.52%,0,1,394,33,6,PIT,WAS,BB,BB,,1
Ricky Steele,2271,301,Jay Bedia,2151,121,BB,180,B4,2,1,2,8,0.70%,-0.70%,0,1,394,33,6,PIT,WAS,BB,BB,,1
Splash Nelson,312,280,Jay Bedia,2151,175,SB,105,B4,2,4,2,8,-0.05%,0.05%,0,0,394,33,6,PIT,WAS,MSteal 3B,MSteal 3B,,6
Johnny Hopkins,2070,280,Jay Bedia,2151,175,1B,105,B4,2,6,2,8,3.80%,-3.80%,2,0,394,33,6,PIT,WAS,1B,1B,,1
Johnny Hopkins,2070,761,Jay Bedia,2151,856,SB,95,B4,2,1,4,8,0.37%,-0.37%,0,0,394,33,6,PIT,WAS,Steal 2B,Steal 2B,,4
Jameson Poe,310,687,Jay Bedia,2151,856,FO,169,B4,2,2,4,8,-2.52%,2.52%,0,0,394,33,6,PIT,WAS,FO,FO,,1
Gene Hennig,2040,857,Darth Vader,336,81,FO,224,T5,0,0,4,8,-0.37%,0.37%,0,0,395,33,6,WAS,PIT,FO,FO,,1
Mylo Grams,396,312,Darth Vader,336,332,3B,20,T5,1,0,4,8,1.34%,-1.34%,0,1,395,33,6,WAS,PIT,3B,3B,,1
Nathaniel Booth,2059,77,Darth Vader,336,848,Sac,229,T5,1,3,4,8,0.71%,-0.71%,1,0,395,33,6,WAS,PIT,FO,FO,,1
Bo Kinsella,2051,669,Darth Vader,336,223,LGO,446,T5,2,0,4,9,-0.13%,0.13%,0,0,395,33,6,WAS,PIT,LGO,LGO,,1
Lance Lummox,314,621,Jay Bedia,2151,899,FO,278,B5,0,0,4,9,-0.91%,0.91%,0,0,396,33,6,PIT,WAS,FO,FO,,1
Baxter Payne,2021,212,Jay Bedia,2151,755,LGO,457,B5,1,0,4,9,-0.62%,0.62%,0,0,396,33,6,PIT,WAS,LGO,LGO,,1
Cook Froster,2033,25,Jay Bedia,2151,83,1B,58,B5,2,0,4,9,0.51%,-0.51%,0,0,396,33,6,PIT,WAS,1B,1B,,1
Mike Anderson,2073,622,Jay Bedia,2151,266,K,356,B5,2,1,4,9,-0.79%,0.79%,0,0,396,33,6,PIT,WAS,K,K,,1
Chad Barrett,2030,911,Darth Vader,336,999,1B,88,T6,0,0,4,9,0.05%,-0.05%,0,0,397,33,6,WAS,PIT,1B,1B,,1
Herrera O'Doubles,2055,400,Darth Vader,336,999,DP,401,T6,0,1,4,9,-0.20%,0.20%,0,0,397,33,6,WAS,PIT,LGO,LGO,,1
Osmosis Jones,37,400,Darth Vader,336,667,FO,267,T6,2,0,4,9,-0.06%,0.06%,0,0,397,33,6,WAS,PIT,FO,FO,,1
Jimmy Johns,303,777,Jay Bedia,2151,967,FO,190,B6,0,0,4,9,-0.56%,0.56%,0,0,398,33,6,PIT,WAS,FO,FO,,1
Splash Nelson,312,,Jay Bedia,2151,,Auto K,,B6,1,0,4,9,-0.27%,0.27%,0,0,398,33,6,PIT,WAS,Auto K,Auto K,,9
Ricky Steele,2271,212,Jay Bedia,2151,307,1B,95,B6,2,0,4,9,0.18%,-0.18%,0,0,398,33,6,PIT,WAS,1B,1B,,1
Johnny Hopkins,2070,899,Jay Bedia,2151,45,BB,146,B6,2,1,4,9,0.50%,-0.50%,0,0,398,33,6,PIT,WAS,BB,BB,,1
Jameson Poe,310,473,Jay Bedia,2151,258,FO,215,B6,2,4,4,9,-0.77%,0.77%,0,0,398,33,6,PIT,WAS,FO,FO,,1
Victor Justice,410,387,Whitt Bass,39,978,LGO,409,T1,0,0,0,0,-2.51%,2.51%,0,0,399,34,6,MIN,HOU,LGO,LGO,,1
Twinkie Power,2128,118,Whitt Bass,39,114,HR,4,T1,1,0,0,0,11.75%,-11.75%,1,1,399,34,6,MIN,HOU,HR,HR,,1
"Jake ""JP"" Panik",267,381,Whitt Bass,39,601,FO,220,T1,1,0,0,1,-1.84%,1.84%,0,0,399,34,6,MIN,HOU,FO,FO,,1
Hudson Quin,58,336,Whitt Bass,39,69,FO,267,T1,2,0,0,1,-1.47%,1.47%,0,0,399,34,6,MIN,HOU,FO,FO,,1
Jimbo Fishy,1984,426,Tim Burr,2129,100,LGO,326,B1,0,0,0,1,-2.79%,2.79%,0,0,400,34,6,HOU,MIN,LGO,LGO,,1
Triston Uzumaki,125,623,Tim Burr,2129,100,LGO,477,B1,1,0,0,1,-2.36%,2.36%,0,0,400,34,6,HOU,MIN,LGO,LGO,,1
Jay Money,241,655,Tim Burr,2129,844,FO,189,B1,2,0,0,1,-1.88%,1.88%,0,0,400,34,6,HOU,MIN,FO,FO,,1
Tater Tits,4,890,Whitt Bass,39,844,2B,46,T2,0,0,0,1,5.58%,-5.58%,0,1,401,34,6,MIN,HOU,2B,2B,,1
C.W. Mitzel,2127,626,Whitt Bass,39,690,1B,64,T2,0,2,0,1,5.70%,-5.70%,0,0,401,34,6,MIN,HOU,1B,1B,,1
Travis Hanky,2125,233,Whitt Bass,39,965,K,268,T2,0,5,0,1,-4.94%,4.94%,0,0,401,34,6,MIN,HOU,K,K,,1
Shiny Tenson,2124,291,Whitt Bass,39,88,Sac,203,T2,1,5,0,1,2.69%,-2.69%,1,0,401,34,6,MIN,HOU,FO,FO,,1
Miguel Snow,290,300,Whitt Bass,39,640,K,340,T2,2,1,0,2,-2.64%,2.64%,0,0,401,34,6,MIN,HOU,K,K,,1
Buck Cheeks,457,898,Tim Burr,2129,489,LGO,409,B2,0,0,0,2,-2.94%,2.94%,0,0,402,34,6,HOU,MIN,LGO,LGO,,1
Jasper Orbit,1983,200,Tim Burr,2129,989,FO,211,B2,1,0,0,2,-2.53%,2.53%,0,0,402,34,6,HOU,MIN,FO,FO,,1
Chester Facto,2032,729,Tim Burr,2129,405,LGO,324,B2,2,0,0,2,-1.92%,1.92%,0,0,402,34,6,HOU,MIN,LGO,LGO,,1
Victor Justice,410,412,Whitt Bass,39,98,K,314,T3,0,0,0,2,-1.72%,1.72%,0,0,403,34,6,MIN,HOU,K,K,,1
Twinkie Power,2128,703,Whitt Bass,39,22,K,319,T3,1,0,0,2,-1.56%,1.56%,0,0,403,34,6,MIN,HOU,K,K,,1
"Jake ""JP"" Panik",267,905,Whitt Bass,39,549,K,356,T3,2,0,0,2,-1.30%,1.30%,0,0,403,34,6,MIN,HOU,K,K,,1
Jacques Blaque,2202,572,Tim Burr,2129,266,K,306,B3,0,0,0,2,-3.28%,3.28%,0,0,404,34,6,HOU,MIN,K,K,,1
Khalil Underscore,3289,716,Tim Burr,2129,924,FO,208,B3,1,0,0,2,-2.78%,2.78%,0,0,404,34,6,HOU,MIN,FO,FO,,1
Lemmy Fraser,2166,,Tim Burr,2129,,Auto K,,B3,2,0,0,2,-2.07%,2.07%,0,0,404,34,6,HOU,MIN,Auto K,Auto K,,9
Hudson Quin,58,947,Whitt Bass,39,190,FO,243,T4,0,0,0,2,-1.53%,1.53%,0,0,405,34,6,MIN,HOU,FO,FO,,1
Tater Tits,4,250,Whitt Bass,39,512,K,262,T4,1,0,0,2,-1.44%,1.44%,0,0,405,34,6,MIN,HOU,K,K,,1
C.W. Mitzel,2127,591,Whitt Bass,39,94,LGO,497,T4,2,0,0,2,-1.26%,1.26%,0,0,405,34,6,MIN,HOU,LGO,LGO,,1
Jimbo Fishy,1984,42,Tim Burr,2129,913,BB,129,B4,0,0,0,2,5.09%,-5.09%,0,0,406,34,6,HOU,MIN,BB,BB,,1
Triston Uzumaki,125,420,Tim Burr,2129,89,DP,331,B4,0,1,0,2,-11.94%,11.94%,0,0,406,34,6,HOU,MIN,LGO,LGO,,1
Jay Money,241,12,Tim Burr,2129,910,1B,102,B4,2,0,0,2,3.10%,-3.10%,0,0,406,34,6,HOU,MIN,1B,1B,,1
Buck Cheeks,457,722,Tim Burr,2129,269,LGO,453,B4,2,1,0,2,-5.36%,5.36%,0,0,406,34,6,HOU,MIN,LGO,LGO,,1
Travis Hanky,2125,743,Whitt Bass,39,615,1B,128,T5,0,0,0,2,1.17%,-1.17%,0,0,407,34,6,MIN,HOU,1B,1B,,1
Shiny Tenson,2124,399,Whitt Bass,39,460,1B,61,T5,0,1,0,2,2.47%,-2.47%,0,0,407,34,6,MIN,HOU,1B,1B,,1
Miguel Snow,290,419,Whitt Bass,39,960,DP,459,T5,0,4,0,2,-4.46%,4.46%,0,0,407,34,6,MIN,HOU,LGO,LGO,,1
Victor Justice,410,159,Whitt Bass,39,702,LGO,457,T5,2,3,0,2,-2.81%,2.81%,0,0,407,34,6,MIN,HOU,LGO,LGO,,1
Jasper Orbit,1983,350,Tim Burr,2129,513,BB,163,B5,0,0,0,2,6.11%,-6.11%,0,0,408,34,6,HOU,MIN,BB,BB,,1
Chester Facto,2032,729,Tim Burr,2129,478,K,251,B5,0,1,0,2,-5.21%,5.21%,0,0,408,34,6,HOU,MIN,K,K,,1
Jacques Blaque,2202,578,Tim Burr,2129,613,2B,35,B5,1,1,0,2,17.17%,-17.17%,0,0,408,34,6,HOU,MIN,2B,2B,,1
Khalil Underscore,3289,,Tim Burr,2129,,IBB,,B5,1,6,0,2,4.19%,-4.19%,0,0,408,34,6,HOU,MIN,IBB,IBB,,8
Lemmy Fraser,2166,622,Tim Burr,2129,117,DP,495,B5,1,7,0,2,-32.40%,32.40%,0,0,408,34,6,HOU,MIN,LGO,LGO,,1
Twinkie Power,2128,565,Whitt Bass,39,56,LGO,491,T6,0,0,0,2,-0.82%,0.82%,0,0,409,34,6,MIN,HOU,LGO,LGO,,1
"Jake ""JP"" Panik",267,602,Whitt Bass,39,215,LGO,387,T6,1,0,0,2,-0.80%,0.80%,0,0,409,34,6,MIN,HOU,LGO,LGO,,1
Jack Marnette,213,129,Whitt Bass,39,567,LGO,438,T6,2,0,0,2,-0.69%,0.69%,0,0,409,34,6,MIN,HOU,LGO,LGO,,1
Jimbo Fishy,1984,20,Tim Burr,2129,645,LGO,375,B6,0,0,0,2,-4.76%,4.76%,0,0,410,34,6,HOU,MIN,LGO,LGO,,1
Triston Uzumaki,125,42,Tim Burr,2129,43,HR,1,B6,1,0,0,2,8.54%,-8.54%,1,1,410,34,6,HOU,MIN,HR,HR,,1
Jay Money,241,325,Tim Burr,2129,236,1B,89,B6,1,0,1,2,7.39%,-7.39%,0,0,410,34,6,HOU,MIN,1B,1B,,1
Buck Cheeks,457,946,Pablo Sanchez,120,567,K,379,B6,1,1,1,2,-7.88%,7.88%,0,0,410,34,6,HOU,MIN,K,K,,1
Jasper Orbit,1983,450,Pablo Sanchez,120,1,LGO,449,B6,2,1,1,2,-13.92%,13.92%,0,0,410,34,6,HOU,MIN,LGO,LGO,,1
Chocolate Smegma,2107,398,Sal Shark,2147,413,HR,15,T1,0,0,0,0,11.33%,-11.33%,1,1,411,35,6,NYM,OAK,HR,HR,,1
Mongster Mash,344,410,Sal Shark,2147,940,LGO,470,T1,0,0,0,1,-2.09%,2.09%,0,0,411,35,6,NYM,OAK,LGO,LGO,,1
James Maso,2063,982,Sal Shark,2147,880,1B,102,T1,1,0,0,1,2.17%,-2.17%,0,0,411,35,6,NYM,OAK,1B,1B,,1
James Earl Pwns,2062,231,Sal Shark,2147,916,K,315,T1,1,1,0,1,-2.13%,2.13%,0,0,411,35,6,NYM,OAK,K,K,,1
Bo-Horse Jackman,168,860,Sal Shark,2147,604,FO,256,T1,2,1,0,1,-3.35%,3.35%,0,0,411,35,6,NYM,OAK,FO,FO,,1
Grey Goose McGillicuddy,1961,842,Sonny Streaker,2065,678,FO,164,B1,0,0,0,1,-2.79%,2.79%,0,0,412,35,6,OAK,NYM,FO,FO,,1
Art Zyz,1982,240,Sonny Streaker,2065,766,LGO,474,B1,1,0,0,1,-2.36%,2.36%,0,0,412,35,6,OAK,NYM,LGO,LGO,,1
Blue Moon Barthelemy,2025,1,Sonny Streaker,2065,332,PO,331,B1,2,0,0,1,-1.88%,1.88%,0,0,412,35,6,OAK,NYM,PO,PO,,1
Bix Kayne,3287,347,Sal Shark,2147,292,1B,55,T2,0,0,0,1,2.40%,-2.40%,0,1,413,35,6,NYM,OAK,1B,1B,,1
Pip Squires,2060,688,Sal Shark,2147,700,3B,12,T2,0,1,0,1,15.43%,-15.43%,1,0,413,35,6,NYM,OAK,3B,3B,,1
Xavier Crowbar,2006,326,Sal Shark,2147,990,K,336,T2,0,3,0,2,-2.80%,2.80%,0,0,413,35,6,NYM,OAK,K,K,,1
Trey Paste,2037,850,Sal Shark,2147,190,PO,340,T2,1,3,0,2,-5.29%,5.29%,0,0,413,35,6,NYM,OAK,PO,PO,,1
Chocolate Smegma,2107,462,Sal Shark,2147,7,LGO,455,T2,2,3,0,2,-3.35%,3.35%,0,0,413,35,6,NYM,OAK,LGO,LGO,,1
Caleb VanVacter,2103,125,Sonny Streaker,2065,12,BB,113,B2,0,0,0,2,3.60%,-3.60%,0,1,414,35,6,OAK,NYM,BB,BB,,1
Graham Othrie,2139,104,Sonny Streaker,2065,16,1B,88,B2,0,1,0,2,7.14%,-7.14%,0,1,414,35,6,OAK,NYM,1B,1B,,1
Bobson Dugnutt,2096,338,Sonny Streaker,2065,332,3B,6,B2,0,4,0,2,26.91%,-26.91%,2,1,414,35,6,OAK,NYM,3B,3B,,1
Max Wasson,273,709,Sonny Streaker,2065,765,1B,56,B2,0,3,2,2,4.17%,-4.17%,1,0,414,35,6,OAK,NYM,1B,1B,,1
Kid Notcher,429,541,Sonny Streaker,2065,932,DP,391,B2,0,1,3,2,-5.85%,5.85%,0,0,414,35,6,OAK,NYM,LGO,LGO,,1
Boaty McBoatface,2095,50,Sonny Streaker,2065,666,LGO,384,B2,2,0,3,2,-1.56%,1.56%,0,0,414,35,6,OAK,NYM,LGO,LGO,,1
Mongster Mash,344,628,Sal Shark,2147,413,FO,215,T3,0,0,3,2,-3.32%,3.32%,0,0,415,35,6,NYM,OAK,FO,FO,,1
James Maso,2063,384,Sal Shark,2147,806,LGO,422,T3,1,0,3,2,-2.85%,2.85%,0,0,415,35,6,NYM,OAK,LGO,LGO,,1
James Earl Pwns,2062,970,Sal Shark,2147,413,LGO,443,T3,2,0,3,2,-2.26%,2.26%,0,0,415,35,6,NYM,OAK,LGO,LGO,,1
Grey Goose McGillicuddy,1961,753,Sonny Streaker,2065,509,FO,244,B3,0,0,3,2,-2.04%,2.04%,0,0,416,35,6,OAK,NYM,FO,FO,,1
Art Zyz,1982,320,Sonny Streaker,2065,421,1B,101,B3,1,0,3,2,1.65%,-1.65%,0,0,416,35,6,OAK,NYM,1B,1B,,1
Blue Moon Barthelemy,2025,888,Sonny Streaker,2065,223,PO,335,B3,1,1,3,2,-1.91%,1.91%,0,0,416,35,6,OAK,NYM,PO,PO,,1
Art Zyz,1982,869,Sonny Streaker,2065,110,SB,241,B3,2,1,3,2,0.99%,-0.99%,0,0,416,35,6,OAK,NYM,Steal 2B,Steal 2B,,4
Caleb VanVacter,2103,869,Sonny Streaker,2065,110,FO,241,B3,2,2,3,2,-4.15%,4.15%,0,0,416,35,6,OAK,NYM,FO,FO,,1
Bo-Horse Jackman,168,413,Sal Shark,2147,92,K,321,T4,0,0,3,2,-3.96%,3.96%,0,0,417,35,6,NYM,OAK,K,K,,1
Bix Kayne,3287,290,Sal Shark,2147,786,LGO,496,T4,1,0,3,2,-3.37%,3.37%,0,0,417,35,6,NYM,OAK,LGO,LGO,,1
Pip Squires,2060,525,Sal Shark,2147,672,BB,147,T4,2,0,3,2,3.28%,-3.28%,0,0,417,35,6,NYM,OAK,BB,BB,,1
Xavier Crowbar,2006,500,Sal Shark,2147,903,LGO,403,T4,2,1,3,2,-6.06%,6.06%,0,0,417,35,6,NYM,OAK,LGO,LGO,,1
Graham Othrie,2139,771,Sonny Streaker,2065,230,LGO,459,B4,0,0,3,2,-1.87%,1.87%,0,0,418,35,6,OAK,NYM,LGO,LGO,,1
Bobson Dugnutt,2096,89,Sonny Streaker,2065,768,LGO,321,B4,1,0,3,2,-1.74%,1.74%,0,0,418,35,6,OAK,NYM,LGO,LGO,,1
Max Wasson,273,491,Sonny Streaker,2065,900,LGO,409,B4,2,0,3,2,-1.49%,1.49%,0,0,418,35,6,OAK,NYM,LGO,LGO,,1
Trey Paste,2037,413,Sal Shark,2147,888,LGO,475,T5,0,0,3,2,-4.98%,4.98%,0,0,419,35,6,NYM,OAK,LGO,LGO,,1
Chocolate Smegma,2107,78,Sal Shark,2147,790,FO,288,T5,1,0,3,2,-4.32%,4.32%,0,0,419,35,6,NYM,OAK,FO,FO,,1
Mongster Mash,344,747,Sal Shark,2147,385,K,362,T5,2,0,3,2,-3.61%,3.61%,0,0,419,35,6,NYM,OAK,K,K,,1
Kid Notcher,429,579,Sonny Streaker,2065,321,K,258,B5,0,0,3,2,-1.37%,1.37%,0,0,420,35,6,OAK,NYM,K,K,,1
Boaty McBoatface,2095,770,Sonny Streaker,2065,543,FO,227,B5,1,0,3,2,-1.30%,1.30%,0,0,420,35,6,OAK,NYM,FO,FO,,1
Grey Goose McGillicuddy,1961,666,Sonny Streaker,2065,1,LGO,335,B5,2,0,3,2,-1.14%,1.14%,0,0,420,35,6,OAK,NYM,LGO,LGO,,1
James Maso,2063,837,Sal Shark,2147,617,FO,220,T6,0,0,3,2,-6.73%,6.73%,0,0,421,35,6,NYM,OAK,FO,FO,,1
James Earl Pwns,2062,465,Sal Shark,2147,126,K,339,T6,1,0,3,2,-6.00%,6.00%,0,0,421,35,6,NYM,OAK,K,K,,1
Bo-Horse Jackman,168,617,Sal Shark,2147,999,PO,382,T6,2,0,3,2,-5.13%,5.13%,0,0,421,35,6,NYM,OAK,PO,PO,,1
Thomas Berry,446,510,Oliver Yu,286,552,1B,42,T1,0,0,0,0,2.91%,-2.91%,0,1,422,36,6,TOR,PHI,1B,1B,,1
Graham Grams,400,810,Oliver Yu,286,108,K,298,T1,0,1,0,0,-2.99%,2.99%,0,0,422,36,6,TOR,PHI,K,K,,1
Lane Drew,190,420,Oliver Yu,286,338,1B,82,T1,1,1,0,0,4.11%,-4.11%,0,1,422,36,6,TOR,PHI,1B,1B,,1
Mike Honcho,445,689,Oliver Yu,286,719,2B,30,T1,1,4,0,0,15.68%,-15.68%,1,1,422,36,6,TOR,PHI,2B,2B,,1
S.A.R. Dinka,395,104,Oliver Yu,286,813,K,291,T1,1,6,0,1,-7.59%,7.59%,0,0,422,36,6,TOR,PHI,K,K,,1
Daz Reference,2114,485,Oliver Yu,286,402,1B,83,T1,2,6,0,1,16.50%,-16.50%,2,0,422,36,6,TOR,PHI,1B,1B,,1
Ziggy Ceder,56,220,Oliver Yu,286,965,FO,255,T1,2,1,0,3,-2.06%,2.06%,0,0,422,36,6,TOR,PHI,FO,FO,,1
Cambo Dia,2010,33,Timothy Moyer,2345,33,HR,0,B1,0,0,0,3,9.28%,-9.28%,1,1,423,36,6,PHI,TOR,HR,HR,,1
Jay Lupp,3278,622,Timothy Moyer,2345,247,LGO,375,B1,0,0,1,3,-2.74%,2.74%,0,0,423,36,6,PHI,TOR,LGO,LGO,,1
Conrad Love,300,633,Timothy Moyer,2345,691,1B,58,B1,1,0,1,3,2.83%,-2.83%,0,1,423,36,6,PHI,TOR,1B,1B,,1
Rory Nipponsteer,1992,824,Timothy Moyer,2345,436,K,388,B1,1,1,1,3,-2.89%,2.89%,0,0,423,36,6,PHI,TOR,K,K,,1
Cy Hadd,3295,875,Timothy Moyer,2345,784,1B,91,B1,2,1,1,3,11.22%,-11.22%,1,0,423,36,6,PHI,TOR,1B,1B,,1
Kyle Mack,2011,33,Timothy Moyer,2345,520,LGO,487,B1,2,1,2,3,-4.10%,4.10%,0,0,423,36,6,PHI,TOR,LGO,LGO,,1
Burt Maclin,2101,820,Oliver Yu,286,181,K,361,T2,0,0,2,3,-2.27%,2.27%,0,0,424,36,6,TOR,PHI,K,K,,1
Quentin Adams,397,234,Oliver Yu,286,289,2B,55,T2,1,0,2,3,4.10%,-4.10%,0,1,424,36,6,TOR,PHI,2B,2B,,1
Thomas Berry,446,150,Oliver Yu,286,41,1B,109,T2,1,2,2,3,4.51%,-4.51%,0,0,424,36,6,TOR,PHI,1B,1B,,1
Graham Grams,400,181,Cy Hadd,3295,71,1B,110,T2,1,5,2,3,7.14%,-7.14%,1,0,424,36,6,TOR,PHI,1B,1B,,1
Lane Drew,190,482,Cy Hadd,3295,926,DP,444,T2,1,4,2,4,-7.09%,7.09%,0,0,424,36,6,TOR,PHI,LGO,LGO,,1
Brandon Aconi,2042,817,Timothy Moyer,2345,157,K,340,B2,0,0,2,4,-2.94%,2.94%,0,0,425,36,6,PHI,TOR,K,K,,1
KC Bats,287,425,Timothy Moyer,2345,893,LGO,468,B2,1,0,2,4,-2.53%,2.53%,0,0,425,36,6,PHI,TOR,LGO,LGO,,1
Ronald Eagle Sr.,167,333,Timothy Moyer,2345,546,PO,213,B2,2,0,2,4,-1.92%,1.92%,0,0,425,36,6,PHI,TOR,PO,PO,,1
Mike Honcho,445,499,Cy Hadd,3295,446,2B,53,T3,0,0,2,4,4.18%,-4.18%,0,1,426,36,6,TOR,PHI,2B,2B,,1
S.A.R. Dinka,395,333,Cy Hadd,3295,621,FO,288,T3,0,2,2,4,-2.83%,2.83%,0,0,426,36,6,TOR,PHI,FO,FO,,1
Daz Reference,2114,456,Cy Hadd,3295,221,FO,235,T3,1,2,2,4,-2.49%,2.49%,0,0,426,36,6,TOR,PHI,FO,FO,,1
Ziggy Ceder,56,890,Cy Hadd,3295,999,1B,109,T3,2,2,2,4,8.33%,-8.33%,1,0,426,36,6,TOR,PHI,1B,1B,,1
Burt Maclin,2101,222,Cy Hadd,3295,567,PO,345,T3,2,1,2,5,-1.86%,1.86%,0,0,426,36,6,TOR,PHI,PO,PO,,1
Cambo Dia,2010,461,Timothy Moyer,2345,3,LGO,458,B3,0,0,2,5,-2.70%,2.70%,0,0,427,36,6,PHI,TOR,LGO,LGO,,1
Jay Lupp,3278,888,Timothy Moyer,2345,634,FO,254,B3,1,0,2,5,-2.15%,2.15%,0,0,427,36,6,PHI,TOR,FO,FO,,1
Conrad Love,300,933,Timothy Moyer,2345,599,K,334,B3,2,0,2,5,-1.42%,1.42%,0,0,427,36,6,PHI,TOR,K,K,,1
Quentin Adams,397,438,Cy Hadd,3295,878,PO,440,T4,0,0,2,5,-0.98%,0.98%,0,0,428,36,6,TOR,PHI,PO,PO,,1
Thomas Berry,446,44,Cy Hadd,3295,732,K,312,T4,1,0,2,5,-0.83%,0.83%,0,0,428,36,6,TOR,PHI,K,K,,1
Graham Grams,400,44,Cy Hadd,3295,921,1B,123,T4,2,0,2,5,0.78%,-0.78%,0,1,428,36,6,TOR,PHI,1B,1B,,1
Graham Grams,400,543,Cy Hadd,3295,689,SB,146,T4,2,1,2,5,0.26%,-0.26%,0,0,428,36,6,TOR,PHI,Steal 2B,Steal 2B,,4
Lane Drew,190,543,Cy Hadd,3295,689,BB,146,T4,2,2,2,5,0.51%,-0.51%,0,1,428,36,6,TOR,PHI,BB,BB,,1
Mike Honcho,445,305,Cy Hadd,3295,321,HR,16,T4,2,4,2,5,9.62%,-9.62%,3,1,428,36,6,TOR,PHI,HR,HR,,1
S.A.R. Dinka,395,654,Cy Hadd,3295,438,FO,216,T4,2,0,2,8,-0.14%,0.14%,0,0,428,36,6,TOR,PHI,FO,FO,,1
Rory Nipponsteer,1992,256,Timothy Moyer,2345,905,K,351,B4,0,0,2,8,-0.69%,0.69%,0,0,429,36,6,PHI,TOR,K,K,,1
Cy Hadd,3295,555,Timothy Moyer,2345,318,FO,237,B4,1,0,2,8,-0.50%,0.50%,0,0,429,36,6,PHI,TOR,FO,FO,,1
Kyle Mack,2011,678,Timothy Moyer,2345,969,K,291,B4,2,0,2,8,-0.29%,0.29%,0,0,429,36,6,PHI,TOR,K,K,,1
Daz Reference,2114,199,Cy Hadd,3295,510,K,311,T5,0,0,2,8,-0.08%,0.08%,0,0,430,36,6,TOR,PHI,K,K,,1
Ziggy Ceder,56,556,Cy Hadd,3295,976,LGO,420,T5,1,0,2,8,-0.08%,0.08%,0,0,430,36,6,TOR,PHI,LGO,LGO,,1
Burt Maclin,2101,606,Cy Hadd,3295,978,K,372,T5,2,0,2,8,-0.07%,0.07%,0,0,430,36,6,TOR,PHI,K,K,,1
Ross Fire,47,562,Timothy Moyer,2345,728,BB,166,B5,0,0,2,8,0.76%,-0.76%,0,0,431,36,6,PHI,TOR,BB,BB,,1
KC Bats,287,439,Timothy Moyer,2345,851,DP,412,B5,0,1,2,8,-1.53%,1.53%,0,0,431,36,6,PHI,TOR,LGO,LGO,,1
Ronald Eagle Sr.,167,900,Timothy Moyer,2345,125,FO,225,B5,2,0,2,8,-0.12%,0.12%,0,0,431,36,6,PHI,TOR,FO,FO,,1
Quentin Adams,397,895,Ronald Eagle Sr.,167,300,PO,405,T6,0,0,2,8,-0.02%,0.02%,0,0,432,36,6,TOR,PHI,PO,PO,,1
Thomas Berry,446,726,Ronald Eagle Sr.,167,1,FO,275,T6,1,0,2,8,-0.04%,0.04%,0,0,432,36,6,TOR,PHI,FO,FO,,1
Graham Grams,400,156,Ronald Eagle Sr.,167,900,FO,256,T6,2,0,2,8,-0.04%,0.04%,0,0,432,36,6,TOR,PHI,FO,FO,,1
Cambo Dia,2010,876,Timothy Moyer,2345,472,LGO,404,B6,0,0,2,8,-0.26%,0.26%,0,0,433,36,6,PHI,TOR,LGO,LGO,,1
Jay Lupp,3278,555,Timothy Moyer,2345,472,1B,83,B6,1,0,2,8,0.22%,-0.22%,0,1,433,36,6,PHI,TOR,1B,1B,,1
Conor McRedgor,2039,,Timothy Moyer,2345,,Auto K,,B6,1,1,2,8,-0.28%,0.28%,0,0,433,36,6,PHI,TOR,Auto K,Auto K,,9
Hunter Tuzero,346,33,Timothy Moyer,2345,33,HR,0,B6,2,1,2,8,0.14%,-0.14%,2,1,433,36,6,PHI,TOR,HR,HR,,1
Lefty Schweez,2186,33,Timothy Moyer,2345,246,FO,213,B6,2,0,4,8,-0.22%,0.22%,0,0,433,36,6,PHI,TOR,FO,FO,,1
Mike Cal,2126,624,Matt Carver,3294,670,2B,46,T1,0,0,0,0,6.33%,-6.33%,0,1,434,37,7,MIN,ATL,2B,2B,,1
Dark Bobman,359,250,Matt Carver,3294,571,K,321,T1,0,2,0,0,-4.19%,4.19%,0,0,434,37,7,MIN,ATL,K,K,,1
Shiny Tenson,2124,999,Matt Carver,3294,26,2B,27,T1,1,2,0,0,11.13%,-11.13%,1,1,434,37,7,MIN,ATL,2B,2B,,1
Travis Hanky,2125,333,Matt Carver,3294,329,HR,4,T1,1,2,0,1,15.46%,-15.46%,2,1,434,37,7,MIN,ATL,HR,HR,,1
Holden Ryder,2001,621,Matt Carver,3294,790,FO,169,T1,1,0,0,3,-1.26%,1.26%,0,0,434,37,7,MIN,ATL,FO,FO,,1
Twinkie Power,2128,981,Matt Carver,3294,621,K,360,T1,2,0,0,3,-0.91%,0.91%,0,0,434,37,7,MIN,ATL,K,K,,1
H.B. Boink,1988,321,Hudson Quin,58,970,K,351,B1,0,0,0,3,-2.35%,2.35%,0,0,435,37,7,ATL,MIN,K,K,,1
Jake Blee,232,404,Hudson Quin,58,761,K,357,B1,1,0,0,3,-1.98%,1.98%,0,0,435,37,7,ATL,MIN,K,K,,1
C.J. Bastian,1989,181,Hudson Quin,58,523,K,342,B1,2,0,0,3,-1.42%,1.42%,0,0,435,37,7,ATL,MIN,K,K,,1
Tater Tits,4,666,Matt Carver,3294,864,FO,198,T2,0,0,0,3,-1.19%,1.19%,0,0,436,37,7,MIN,ATL,FO,FO,,1
C.W. Mitzel,2127,106,Matt Carver,3294,500,LGO,394,T2,1,0,0,3,-1.15%,1.15%,0,0,436,37,7,MIN,ATL,LGO,LGO,,1
Jack Marnette,213,239,Matt Carver,3294,767,LGO,472,T2,2,0,0,3,-0.89%,0.89%,0,0,436,37,7,MIN,ATL,LGO,LGO,,1
Sadler Oriole,231,369,Hudson Quin,58,211,1B,158,B2,0,0,0,3,3.29%,-3.29%,0,1,437,37,7,ATL,MIN,1B,1B,,1
Charles Lindberg,242,7,Hudson Quin,58,91,1B,84,B2,0,1,0,3,6.68%,-6.68%,0,0,437,37,7,ATL,MIN,1B,1B,,1
Trey Rangers,224,732,Hudson Quin,58,203,DP,471,B2,0,4,0,3,-11.42%,11.42%,0,0,437,37,7,ATL,MIN,LGO,LGO,,1
Phil Coulson,226,684,Hudson Quin,58,660,2B,24,B2,2,3,0,3,9.41%,-9.41%,1,0,437,37,7,ATL,MIN,2B,2B,,1
Y.E. Wally,5,639,Hudson Quin,58,18,K,379,B2,2,2,1,3,-5.62%,5.62%,0,0,437,37,7,ATL,MIN,K,K,,1
Mike Cal,2126,180,Matt Carver,3294,399,FO,219,T3,0,0,1,3,-1.72%,1.72%,0,0,438,37,7,MIN,ATL,FO,FO,,1
Dark Bobman,359,860,Matt Carver,3294,270,LGO,410,T3,1,0,1,3,-1.56%,1.56%,0,0,438,37,7,MIN,ATL,LGO,LGO,,1
Shiny Tenson,2124,270,Matt Carver,3294,847,K,423,T3,2,0,1,3,-1.30%,1.30%,0,0,438,37,7,MIN,ATL,K,K,,1
Jay Lupp,3278,666,Hudson Quin,58,562,1B,104,B3,0,0,1,3,4.11%,-4.11%,0,1,439,37,7,ATL,MIN,1B,1B,,1
H.B. Boink,1988,34,Hudson Quin,58,825,FO,209,B3,0,1,1,3,-4.06%,4.06%,0,0,439,37,7,ATL,MIN,FO,FO,,1
Jake Blee,232,199,Hudson Quin,58,267,1B,68,B3,1,1,1,3,6.30%,-6.30%,0,1,439,37,7,ATL,MIN,1B,1B,,1
C.J. Bastian,1989,18,Hudson Quin,58,941,1B,77,B3,1,4,1,3,10.85%,-10.85%,0,0,439,37,7,ATL,MIN,1B,1B,,1
Sadler Oriole,231,100,Hudson Quin,58,253,1B,153,B3,1,7,1,3,12.71%,-12.71%,1,0,439,37,7,ATL,MIN,1B,1B,,1
Charles Lindberg,242,22,Hudson Quin,58,861,Sac,161,B3,1,7,2,3,-0.05%,0.05%,1,0,439,37,7,ATL,MIN,FO,FO,,1
Trey Rangers,224,409,Hudson Quin,58,591,FO,182,B3,2,4,3,3,-7.74%,7.74%,0,0,439,37,7,ATL,MIN,FO,FO,,1
Travis Hanky,2125,643,Matt Carver,3294,861,FO,218,T4,0,0,3,3,-3.58%,3.58%,0,0,440,37,7,MIN,ATL,FO,FO,,1
Holden Ryder,2001,168,Matt Carver,3294,675,LGO,493,T4,1,0,3,3,-3.19%,3.19%,0,0,440,37,7,MIN,ATL,LGO,LGO,,1
Twinkie Power,2128,443,Matt Carver,3294,389,1B,54,T4,2,0,3,3,2.88%,-2.88%,0,0,440,37,7,MIN,ATL,1B,1B,,1
Tater Tits,4,725,Matt Carver,3294,363,K,362,T4,2,1,3,3,-5.63%,5.63%,0,0,440,37,7,MIN,ATL,K,K,,1
Phil Coulson,226,970,Hudson Quin,58,802,BB,168,B4,0,0,3,3,3.11%,-3.11%,0,0,441,37,7,ATL,MIN,BB,BB,,1
Phil Coulson,226,542,Hudson Quin,58,500,CS,42,B4,0,1,3,3,-6.54%,6.54%,0,0,441,37,7,ATL,MIN,CS 2B,CS 2B,,4
Y.E. Wally,5,542,Hudson Quin,58,1000,LGO,458,B4,1,0,3,3,-3.17%,3.17%,0,0,441,37,7,ATL,MIN,LGO,LGO,,1
Cal Tiberius Jr.,199,231,Hudson Quin,58,372,BB,141,B4,2,0,3,3,2.65%,-2.65%,0,0,441,37,7,ATL,MIN,BB,BB,,1
H.B. Boink,1988,987,Hudson Quin,58,637,K,350,B4,2,1,3,3,-5.52%,5.52%,0,0,441,37,7,ATL,MIN,K,K,,1
C.W. Mitzel,2127,286,Matt Carver,3294,363,1B,77,T5,0,0,3,3,4.12%,-4.12%,0,0,442,37,7,MIN,ATL,1B,1B,,1
Jack Marnette,213,811,Matt Carver,3294,675,1B,136,T5,0,1,3,3,7.87%,-7.87%,0,0,442,37,7,MIN,ATL,1B,1B,,1
Mike Cal,2126,888,Matt Carver,3294,363,DP,475,T5,0,4,3,3,-14.24%,14.24%,0,0,442,37,7,MIN,ATL,LGO,LGO,,1
Dark Bobman,359,782,Matt Carver,3294,228,LGO,446,T5,2,3,3,3,-9.47%,9.47%,0,0,442,37,7,MIN,ATL,LGO,LGO,,1
Jake Blee,232,643,Tim Burr,2129,384,K,259,B5,0,0,3,3,-4.12%,4.12%,0,0,443,37,7,ATL,MIN,K,K,,1
C.J. Bastian,1989,501,Tim Burr,2129,178,K,323,B5,1,0,3,3,-3.89%,3.89%,0,0,443,37,7,ATL,MIN,K,K,,1
Sadler Oriole,231,500,Tim Burr,2129,676,FO,176,B5,2,0,3,3,-3.68%,3.68%,0,0,443,37,7,ATL,MIN,FO,FO,,1
Shiny Tenson,2124,654,Matt Carver,3294,590,2B,64,T6,0,0,3,3,13.43%,-13.43%,0,1,444,37,7,MIN,ATL,2B,2B,,1
Travis Hanky,2125,862,Matt Carver,3294,423,LGO,439,T6,0,2,3,3,-9.04%,9.04%,0,0,444,37,7,MIN,ATL,LGO,LGO,,1
Ronald Eagle Sr.,167,363,Matt Carver,3294,642,FO,279,T6,1,2,3,3,-7.31%,7.31%,0,0,444,37,7,MIN,ATL,FO,FO,,1
Twinkie Power,2128,314,Matt Carver,3294,420,1B,106,T6,2,2,3,3,33.08%,-33.08%,1,0,444,37,7,MIN,ATL,1B,1B,,1
Daz Reference,2114,284,Matt Carver,3294,698,K,414,T6,2,1,3,4,-2.86%,2.86%,0,0,444,37,7,MIN,ATL,K,K,,1
Charles Lindberg,242,746,Tim Burr,2129,410,K,336,B6,0,0,3,4,-8.33%,8.33%,0,0,445,37,7,ATL,MIN,K,K,,1
Trey Rangers,224,99,Tim Burr,2129,542,LGO,443,B6,1,0,3,4,-7.59%,7.59%,0,0,445,37,7,ATL,MIN,LGO,LGO,,1
Phil Coulson,226,302,Tim Burr,2129,547,FO,245,B6,2,0,3,4,-6.82%,6.82%,0,0,445,37,7,ATL,MIN,FO,FO,,1
Ross Fire,47,412,Willoughby Hoose,112,241,BB,171,T1,0,0,0,0,2.91%,-2.91%,0,1,446,38,7,PHI,HOU,BB,BB,,1
Kyle Mack,2011,957,Willoughby Hoose,112,840,1B,117,T1,0,1,0,0,5.56%,-5.56%,0,1,446,38,7,PHI,HOU,1B,1B,,1
Conrad Love,300,7,Willoughby Hoose,112,589,K,418,T1,0,4,0,0,-4.44%,4.44%,0,0,446,38,7,PHI,HOU,K,K,,1
Gil Metz,206,38,Willoughby Hoose,112,374,K,336,T1,1,4,0,0,-3.93%,3.93%,0,0,446,38,7,PHI,HOU,K,K,,1
Hunter Tuzero,346,666,Willoughby Hoose,112,660,HR,6,T1,2,4,0,0,27.37%,-27.37%,3,1,446,38,7,PHI,HOU,HR,HR,,1
Conor McRedgor,2039,320,Willoughby Hoose,112,83,FO,237,T1,2,0,0,3,-0.91%,0.91%,0,0,446,38,7,PHI,HOU,FO,FO,,1
Riles McGiles,122,926,Cy Hadd,3295,631,K,295,B1,0,0,0,3,-2.35%,2.35%,0,0,447,38,7,HOU,PHI,K,K,,1
Jimbo Fishy,1984,420,Cy Hadd,3295,233,FO,187,B1,1,0,0,3,-1.98%,1.98%,0,0,447,38,7,HOU,PHI,FO,FO,,1
Triston Uzumaki,125,128,Cy Hadd,3295,455,K,327,B1,2,0,0,3,-1.42%,1.42%,0,0,447,38,7,HOU,PHI,K,K,,1
Miguel Snow,290,760,Willoughby Hoose,112,10,PO,250,T2,0,0,0,3,-1.19%,1.19%,0,0,448,38,7,PHI,HOU,PO,PO,,1
KC Bats,287,876,Willoughby Hoose,112,376,FO,500,T2,1,0,0,3,-1.15%,1.15%,0,0,448,38,7,PHI,HOU,FO,FO,,1
Cy Hadd,3295,451,Willoughby Hoose,112,787,K,336,T2,2,0,0,3,-0.89%,0.89%,0,0,448,38,7,PHI,HOU,K,K,,1
Jay Money,241,803,Cy Hadd,3295,917,1B,114,B2,0,0,0,3,3.29%,-3.29%,0,0,449,38,7,HOU,PHI,1B,1B,,1
Buck Cheeks,457,208,Cy Hadd,3295,947,FO,261,B2,0,1,0,3,-3.27%,3.27%,0,0,449,38,7,HOU,PHI,FO,FO,,1
Jasper Orbit,1983,400,Cy Hadd,3295,349,2B,51,B2,1,1,0,3,9.87%,-9.87%,0,0,449,38,7,HOU,PHI,2B,2B,,1
Khalil Underscore,3289,,Cy Hadd,3295,,Auto K,,B2,1,6,0,3,-8.23%,8.23%,0,0,449,38,7,HOU,PHI,Auto K,Auto K,,9
Chris Keebler,2108,485,Cy Hadd,3295,819,K,334,B2,2,6,0,3,-7.70%,7.70%,0,0,449,38,7,HOU,PHI,K,K,,1
Ross Fire,47,191,Willoughby Hoose,112,485,FO,294,T3,0,0,0,3,-1.14%,1.14%,0,0,450,38,7,PHI,HOU,FO,FO,,1
Kyle Mack,2011,245,Willoughby Hoose,112,787,LGO,458,T3,1,0,0,3,-1.03%,1.03%,0,0,450,38,7,PHI,HOU,LGO,LGO,,1
Conrad Love,300,454,Willoughby Hoose,112,672,FO,218,T3,2,0,0,3,-0.88%,0.88%,0,0,450,38,7,PHI,HOU,FO,FO,,1
Lemmy Fraser,2166,789,Cy Hadd,3295,209,LGO,420,B3,0,0,0,3,-2.70%,2.70%,0,0,451,38,7,HOU,PHI,LGO,LGO,,1
Riles McGiles,122,543,Cy Hadd,3295,559,3B,16,B3,1,0,0,3,7.36%,-7.36%,0,1,451,38,7,HOU,PHI,3B,3B,,1
Jimbo Fishy,1984,27,Cy Hadd,3295,805,Sac,222,B3,1,3,0,3,-0.81%,0.81%,1,0,451,38,7,HOU,PHI,FO,FO,,1
Triston Uzumaki,125,205,Cy Hadd,3295,369,BB,164,B3,2,0,1,3,2.71%,-2.71%,0,0,451,38,7,HOU,PHI,BB,BB,,1
Triston Uzumaki,125,501,Cy Hadd,3295,921,CS,420,B3,2,1,1,3,-4.78%,4.78%,0,0,451,38,7,HOU,PHI,CS 2B,CS 2B,,4
Gil Metz,206,781,Willoughby Hoose,112,377,K,404,T4,0,0,1,3,-1.53%,1.53%,0,0,452,38,7,PHI,HOU,K,K,,1
Hunter Tuzero,346,190,Willoughby Hoose,112,30,FO,160,T4,1,0,1,3,-1.44%,1.44%,0,0,452,38,7,PHI,HOU,FO,FO,,1
Conor McRedgor,2039,431,Willoughby Hoose,112,588,1B,157,T4,2,0,1,3,1.30%,-1.30%,0,0,452,38,7,PHI,HOU,1B,1B,,1
Conor McRedgor,2039,420,Willoughby Hoose,112,162,SB,258,T4,2,1,1,3,0.56%,-0.56%,0,0,452,38,7,PHI,HOU,Steal 2B,Steal 2B,,4
Miguel Snow,290,420,Willoughby Hoose,112,162,FO,258,T4,2,2,1,3,-3.12%,3.12%,0,0,452,38,7,PHI,HOU,FO,FO,,1
Jay Money,241,,Cy Hadd,3295,,Auto K,,B4,0,0,1,3,-3.76%,3.76%,0,0,453,38,7,HOU,PHI,Auto K,Auto K,,9
Buck Cheeks,457,734,Cy Hadd,3295,737,HR,3,B4,1,0,1,3,13.98%,-13.98%,1,1,453,38,7,HOU,PHI,HR,HR,,1
Jasper Orbit,1983,450,Oliver Yu,286,275,BB,175,B4,1,0,2,3,4.07%,-4.07%,0,0,453,38,7,HOU,PHI,BB,BB,,1
William Constantine,3292,615,Oliver Yu,286,880,FO,265,B4,1,1,2,3,-4.31%,4.31%,0,0,453,38,7,HOU,PHI,FO,FO,,1
Chris Keebler,2108,177,Oliver Yu,286,230,1B,53,B4,2,1,2,3,4.92%,-4.92%,0,0,453,38,7,HOU,PHI,1B,1B,,1
Lemmy Fraser,2166,493,Oliver Yu,286,180,K,313,B4,2,5,2,3,-11.83%,11.83%,0,0,453,38,7,HOU,PHI,K,K,,1
KC Bats,287,435,Willoughby Hoose,112,162,FO,273,T5,0,0,2,3,-2.29%,2.29%,0,0,454,38,7,PHI,HOU,FO,FO,,1
Oliver Yu,286,850,Willoughby Hoose,112,588,FO,262,T5,1,0,2,3,-2.08%,2.08%,0,0,454,38,7,PHI,HOU,FO,FO,,1
Ross Fire,47,,Willoughby Hoose,112,,Auto K,,T5,2,0,2,3,-1.91%,1.91%,0,0,454,38,7,PHI,HOU,Auto K,Auto K,,9
Riles McGiles,122,704,Oliver Yu,286,630,1B,74,B5,0,0,2,3,6.13%,-6.13%,0,0,455,38,7,HOU,PHI,1B,1B,,1
Jimbo Fishy,1984,622,Oliver Yu,286,840,FO,218,B5,0,1,2,3,-6.57%,6.57%,0,0,455,38,7,HOU,PHI,FO,FO,,1
Triston Uzumaki,125,222,Oliver Yu,286,645,DP,423,B5,1,1,2,3,-14.94%,14.94%,0,0,455,38,7,HOU,PHI,LGO,LGO,,1
Kyle Mack,2011,696,Willoughby Hoose,112,723,3B,27,T6,0,0,2,3,7.72%,-7.72%,0,1,456,38,7,PHI,HOU,3B,3B,,1
Conrad Love,300,800,Willoughby Hoose,112,870,1B,70,T6,0,3,2,3,2.54%,-2.54%,1,1,456,38,7,PHI,HOU,1B,1B,,1
Gil Metz,206,388,Willoughby Hoose,112,714,K,326,T6,0,1,2,4,-0.81%,0.81%,0,0,456,38,7,PHI,HOU,K,K,,1
Hunter Tuzero,346,950,Willoughby Hoose,112,17,1B,67,T6,1,1,2,4,1.09%,-1.09%,0,1,456,38,7,PHI,HOU,1B,1B,,1
Conor McRedgor,2039,239,Willoughby Hoose,112,17,FO,222,T6,1,4,2,4,-1.03%,1.03%,0,0,456,38,7,PHI,HOU,FO,FO,,1
Miguel Snow,290,860,Willoughby Hoose,112,725,BB,135,T6,2,4,2,4,0.85%,-0.85%,0,1,456,38,7,PHI,HOU,BB,BB,,1
KC Bats,287,33,Willoughby Hoose,112,993,2B,40,T6,2,7,2,4,6.82%,-6.82%,3,1,456,38,7,PHI,HOU,2B,2B,,1
Oliver Yu,286,100,Willoughby Hoose,112,240,1B,140,T6,2,2,2,7,0.37%,-0.37%,1,1,456,38,7,PHI,HOU,1B,1B,,1
Ross Fire,47,415,Willoughby Hoose,112,420,HR,5,T6,2,1,2,8,0.31%,-0.31%,2,1,456,38,7,PHI,HOU,HR,HR,,1
Kyle Mack,2011,633,Willoughby Hoose,112,420,FO,213,T6,2,0,2,10,-0.01%,0.01%,0,0,456,38,7,PHI,HOU,FO,FO,,1
Jay Money,241,13,Oliver Yu,286,430,LGO,417,B6,0,0,2,10,-0.04%,0.04%,0,0,457,38,7,HOU,PHI,LGO,LGO,,1
Buck Cheeks,457,101,Oliver Yu,286,180,1B,79,B6,1,0,2,10,0.05%,-0.05%,0,1,457,38,7,HOU,PHI,1B,1B,,1
Jasper Orbit,1983,444,Oliver Yu,286,334,1B,110,B6,1,1,2,10,0.12%,-0.12%,0,1,457,38,7,HOU,PHI,1B,1B,,1
William Constantine,3292,,Oliver Yu,286,,Auto K,,B6,1,4,2,10,-0.16%,0.16%,0,0,457,38,7,HOU,PHI,Auto K,Auto K,,9
Chris Keebler,2108,251,Oliver Yu,286,310,1B,59,B6,2,4,2,10,0.06%,-0.06%,1,1,457,38,7,HOU,PHI,1B,1B,,1
Lemmy Fraser,2166,319,Oliver Yu,286,320,HR,1,B6,2,5,3,10,0.13%,-0.13%,3,1,457,38,7,HOU,PHI,HR,HR,,1
Riles McGiles,122,730,Oliver Yu,286,1,K,271,B6,2,0,6,10,-0.22%,0.22%,0,0,457,38,7,HOU,PHI,K,K,,1
Graham Othrie,2139,203,S.A.R. Dinka,395,212,HR,9,T1,0,0,0,0,11.33%,-11.33%,1,1,458,39,7,OAK,TOR,HR,HR,,1
Art Zyz,1982,698,S.A.R. Dinka,395,570,1B,128,T1,0,0,0,1,2.39%,-2.39%,0,0,458,39,7,OAK,TOR,1B,1B,,1
Caleb VanVacter,2103,467,S.A.R. Dinka,395,908,DP,441,T1,0,1,0,1,-6.32%,6.32%,0,0,458,39,7,OAK,TOR,LGO,LGO,,1
Blue Moon Barthelemy,2025,498,S.A.R. Dinka,395,647,BB,149,T1,2,0,0,1,1.88%,-1.88%,0,0,458,39,7,OAK,TOR,BB,BB,,1
Max Wasson,273,850,S.A.R. Dinka,395,198,LGO,348,T1,2,1,0,1,-3.35%,3.35%,0,0,458,39,7,OAK,TOR,LGO,LGO,,1
Thomas Berry,446,371,Sal Shark,2147,876,LGO,495,B1,0,0,0,1,-2.79%,2.79%,0,0,459,39,7,TOR,OAK,LGO,LGO,,1
Graham Grams,400,365,Sal Shark,2147,689,K,324,B1,1,0,0,1,-2.36%,2.36%,0,0,459,39,7,TOR,OAK,K,K,,1
Lane Drew,190,340,Sal Shark,2147,362,2B,22,B1,2,0,0,1,3.53%,-3.53%,0,1,459,39,7,TOR,OAK,2B,2B,,1
Mike Honcho,445,22,Sal Shark,2147,929,1B,93,B1,2,2,0,1,11.25%,-11.25%,1,1,459,39,7,TOR,OAK,1B,1B,,1
Forrest Gleeson,51,501,Sal Shark,2147,472,2B,29,B1,2,1,1,1,13.34%,-13.34%,1,0,459,39,7,TOR,OAK,2B,2B,,1
Michael Voorhees,23,652,Sal Shark,2147,42,PO,390,B1,2,2,2,1,-4.01%,4.01%,0,0,459,39,7,TOR,OAK,PO,PO,,1
Kid Notcher,429,339,S.A.R. Dinka,395,78,K,261,T2,0,0,2,1,-2.95%,2.95%,0,0,460,39,7,OAK,TOR,K,K,,1
Grey Goose McGillicuddy,1961,604,S.A.R. Dinka,395,482,1B,122,T2,1,0,2,1,2.84%,-2.84%,0,0,460,39,7,OAK,TOR,1B,1B,,1
Boaty McBoatface,2095,850,S.A.R. Dinka,395,222,DP,372,T2,1,1,2,1,-7.31%,7.31%,0,0,460,39,7,OAK,TOR,LGO,LGO,,1
Ziggy Ceder,56,823,Sal Shark,2147,432,LGO,391,B2,0,0,2,1,-2.00%,2.00%,0,0,461,39,7,TOR,OAK,LGO,LGO,,1
Victor Justice,410,713,Sal Shark,2147,450,FO,263,B2,1,0,2,1,-1.83%,1.83%,0,0,461,39,7,TOR,OAK,FO,FO,,1
Quentin Adams,397,656,Sal Shark,2147,399,FO,257,B2,2,0,2,1,-1.56%,1.56%,0,0,461,39,7,TOR,OAK,FO,FO,,1
Bobson Dugnutt,2096,900,S.A.R. Dinka,395,792,1B,108,T3,0,0,2,1,3.96%,-3.96%,0,0,462,39,7,OAK,TOR,1B,1B,,1
Graham Othrie,2139,187,S.A.R. Dinka,395,611,DP,424,T3,0,1,2,1,-10.13%,10.13%,0,0,462,39,7,OAK,TOR,LGO,LGO,,1
Art Zyz,1982,462,S.A.R. Dinka,395,974,LGO,488,T3,2,0,2,1,-2.26%,2.26%,0,0,462,39,7,OAK,TOR,LGO,LGO,,1
Thomas Berry,446,765,Sal Shark,2147,87,K,322,B3,0,0,2,1,-2.04%,2.04%,0,0,463,39,7,TOR,OAK,K,K,,1
Graham Grams,400,950,Sal Shark,2147,840,1B,110,B3,1,0,2,1,1.65%,-1.65%,0,0,463,39,7,TOR,OAK,1B,1B,,1
Lane Drew,190,409,Sal Shark,2147,588,BB,179,B3,1,1,2,1,2.97%,-2.97%,0,0,463,39,7,TOR,OAK,BB,BB,,1
Mike Honcho,445,311,Sal Shark,2147,799,DP,488,B3,1,4,2,1,-8.04%,8.04%,0,0,463,39,7,TOR,OAK,LGO,LGO,,1
Caleb VanVacter,2103,125,S.A.R. Dinka,395,298,FO,173,T4,0,0,2,1,-3.96%,3.96%,0,0,464,39,7,OAK,TOR,FO,FO,,1
Blue Moon Barthelemy,2025,666,S.A.R. Dinka,395,111,LGO,445,T4,1,0,2,1,-3.37%,3.37%,0,0,464,39,7,OAK,TOR,LGO,LGO,,1
Max Wasson,273,509,S.A.R. Dinka,395,759,FO,250,T4,2,0,2,1,-2.78%,2.78%,0,0,464,39,7,OAK,TOR,FO,FO,,1
Forrest Gleeson,51,245,Sal Shark,2147,286,2B,41,B4,0,0,2,1,4.77%,-4.77%,0,0,465,39,7,TOR,OAK,2B,2B,,1
Michael Voorhees,23,472,Sal Shark,2147,102,K,370,B4,0,2,2,1,-3.00%,3.00%,0,0,465,39,7,TOR,OAK,K,K,,1
Ziggy Ceder,56,111,Sal Shark,2147,399,K,288,B4,1,2,2,1,-2.73%,2.73%,0,0,465,39,7,TOR,OAK,K,K,,1
Victor Justice,410,573,Sal Shark,2147,716,BB,143,B4,2,2,2,1,0.93%,-0.93%,0,0,465,39,7,TOR,OAK,BB,BB,,1
Quentin Adams,397,784,Sal Shark,2147,670,BB,114,B4,2,4,2,1,1.78%,-1.78%,0,0,465,39,7,TOR,OAK,BB,BB,,1
Thomas Berry,446,289,Sal Shark,2147,625,PO,336,B4,2,7,2,1,-6.85%,6.85%,0,0,465,39,7,TOR,OAK,PO,PO,,1
Kid Notcher,429,888,S.A.R. Dinka,395,811,1B,77,T5,0,0,2,1,5.72%,-5.72%,0,0,466,39,7,OAK,TOR,1B,1B,,1
Grey Goose McGillicuddy,1961,555,S.A.R. Dinka,395,333,FO,222,T5,0,1,2,1,-5.83%,5.83%,0,0,466,39,7,OAK,TOR,FO,FO,,1
Boaty McBoatface,2095,999,S.A.R. Dinka,395,456,DP,457,T5,1,1,2,1,-12.80%,12.80%,0,0,466,39,7,OAK,TOR,LGO,LGO,,1
Graham Grams,400,915,Sal Shark,2147,805,1B,110,B5,0,0,2,1,1.23%,-1.23%,0,0,467,39,7,TOR,OAK,1B,1B,,1
Lane Drew,190,34,Sal Shark,2147,137,1B,103,B5,0,1,2,1,2.37%,-2.37%,0,0,467,39,7,TOR,OAK,1B,1B,,1
Mike Honcho,445,402,Sal Shark,2147,717,K,315,B5,0,4,2,1,-2.12%,2.12%,0,0,467,39,7,TOR,OAK,K,K,,1
Forrest Gleeson,51,833,Sal Shark,2147,287,DP,454,B5,1,4,2,1,-5.29%,5.29%,0,0,467,39,7,TOR,OAK,LGO,LGO,,1
Bobson Dugnutt,2096,30,S.A.R. Dinka,395,512,LGO,482,T6,0,0,2,1,-6.73%,6.73%,0,0,468,39,7,OAK,TOR,LGO,LGO,,1
Graham Othrie,2139,47,S.A.R. Dinka,395,294,FO,247,T6,1,0,2,1,-6.00%,6.00%,0,0,468,39,7,OAK,TOR,FO,FO,,1
Art Zyz,1982,743,S.A.R. Dinka,395,877,1B,134,T6,2,0,2,1,5.75%,-5.75%,0,0,468,39,7,OAK,TOR,1B,1B,,1
Art Zyz,1982,500,S.A.R. Dinka,395,634,SB,134,T6,2,1,2,1,2.93%,-2.93%,0,0,468,39,7,OAK,TOR,Steal 2B,Steal 2B,,4
Caleb VanVacter,2103,500,S.A.R. Dinka,395,634,BB,134,T6,2,2,2,1,4.09%,-4.09%,0,0,468,39,7,OAK,TOR,BB,BB,,1
Blue Moon Barthelemy,2025,222,S.A.R. Dinka,395,726,LGO,496,T6,2,4,2,1,-17.90%,17.90%,0,0,468,39,7,OAK,TOR,LGO,LGO,,1
Chocolate Smegma,2107,2,Einhorn,74,792,FO,210,T1,0,0,0,0,-2.51%,2.51%,0,0,469,40,7,NYM,ARI,FO,FO,,1
Mongster Mash,344,1000,Einhorn,74,95,1B,95,T1,1,0,0,0,2.43%,-2.43%,0,0,469,40,7,NYM,ARI,1B,1B,,1
James Maso,2063,796,Einhorn,74,482,K,314,T1,1,1,0,0,-2.63%,2.63%,0,0,469,40,7,NYM,ARI,K,K,,1
James Earl Pwns,2062,143,Einhorn,74,528,K,385,T1,2,1,0,0,-3.74%,3.74%,0,0,469,40,7,NYM,ARI,K,K,,1
Will Power,8,625,Sonny Streaker,2065,788,BB,163,B1,0,0,0,0,2.76%,-2.76%,0,0,470,40,7,ARI,NYM,BB,BB,,1
Tsar Zaar,274,700,Sonny Streaker,2065,501,FO,199,B1,0,1,0,0,-2.96%,2.96%,0,0,470,40,7,ARI,NYM,FO,FO,,1
Assassin Panda,15,365,Sonny Streaker,2065,224,BB,141,B1,1,1,0,0,3.89%,-3.89%,0,0,470,40,7,ARI,NYM,BB,BB,,1
Rico Veringhipster,2014,670,Sonny Streaker,2065,112,DP,442,B1,1,4,0,0,-10.13%,10.13%,0,0,470,40,7,ARI,NYM,LGO,LGO,,1
Bo-Horse Jackman,168,474,Einhorn,74,317,BB,157,T2,0,0,0,0,3.09%,-3.09%,0,1,471,40,7,NYM,ARI,BB,BB,,1
Bix Kayne,3287,319,Einhorn,74,451,1B,132,T2,0,1,0,0,5.91%,-5.91%,0,0,471,40,7,NYM,ARI,1B,1B,,1
Pip Squires,2060,603,Einhorn,74,52,DP,449,T2,0,4,0,0,-10.56%,10.56%,0,0,471,40,7,NYM,ARI,LGO,LGO,,1
Xavier Crowbar,2006,99,Einhorn,74,961,BB,138,T2,2,3,0,0,1.78%,-1.78%,0,1,471,40,7,NYM,ARI,BB,BB,,1
Trey Paste,2037,166,Einhorn,74,202,2B,36,T2,2,5,0,0,22.71%,-22.71%,2,1,471,40,7,NYM,ARI,2B,2B,,1
Chocolate Smegma,2107,120,Einhorn,74,5,1B,115,T2,2,2,0,2,7.97%,-7.97%,1,0,471,40,7,NYM,ARI,1B,1B,,1
Mongster Mash,344,42,Einhorn,74,500,LGO,458,T2,2,1,0,3,-1.81%,1.81%,0,0,471,40,7,NYM,ARI,LGO,LGO,,1
I.M. Organic,2132,34,Sonny Streaker,2065,888,BB,146,B2,0,0,0,3,3.29%,-3.29%,0,0,472,40,7,ARI,NYM,BB,BB,,1
S.K. Brettbug,2015,267,Sonny Streaker,2065,654,DP,387,B2,0,1,0,3,-7.85%,7.85%,0,0,472,40,7,ARI,NYM,LGO,LGO,,1
Garren Smudge,133,399,Sonny Streaker,2065,788,LGO,389,B2,2,0,0,3,-1.48%,1.48%,0,0,472,40,7,ARI,NYM,LGO,LGO,,1
James Maso,2063,742,Einhorn,74,818,1B,76,T3,0,0,0,3,1.05%,-1.05%,0,0,473,40,7,NYM,ARI,1B,1B,,1
James Earl Pwns,2062,665,Einhorn,74,358,K,307,T3,0,1,0,3,-1.26%,1.26%,0,0,473,40,7,NYM,ARI,K,K,,1
Bo-Horse Jackman,168,576,Einhorn,74,902,K,326,T3,1,1,0,3,-0.98%,0.98%,0,0,473,40,7,NYM,ARI,K,K,,1
Bix Kayne,3287,403,Einhorn,74,467,1B,64,T3,2,1,0,3,1.08%,-1.08%,0,0,473,40,7,NYM,ARI,1B,1B,,1
Pip Squires,2060,377,Einhorn,74,34,K,343,T3,2,5,0,3,-2.94%,2.94%,0,0,473,40,7,NYM,ARI,K,K,,1
A.Z. Chapman,14,818,Sonny Streaker,2065,999,FO,181,B3,0,0,0,3,-2.70%,2.70%,0,0,474,40,7,ARI,NYM,FO,FO,,1
Burt Maclin,2101,220,Sonny Streaker,2065,567,K,347,B3,1,0,0,3,-2.15%,2.15%,0,0,474,40,7,ARI,NYM,K,K,,1
Will Power,8,362,Sonny Streaker,2065,322,2B,40,B3,2,0,0,3,2.84%,-2.84%,0,1,474,40,7,ARI,NYM,2B,2B,,1
Tsar Zaar,274,229,Sonny Streaker,2065,112,1B,117,B3,2,2,0,3,8.57%,-8.57%,1,0,474,40,7,ARI,NYM,1B,1B,,1
Assassin Panda,15,749,Sonny Streaker,2065,4,FO,255,B3,2,1,1,3,-4.78%,4.78%,0,0,474,40,7,ARI,NYM,FO,FO,,1
Xavier Crowbar,2006,156,Syd Kidd,3,764,PO,392,T4,0,0,1,3,-1.53%,1.53%,0,0,475,40,7,NYM,ARI,PO,PO,,1
Trey Paste,2037,470,Syd Kidd,3,28,LGO,442,T4,1,0,1,3,-1.44%,1.44%,0,0,475,40,7,NYM,ARI,LGO,LGO,,1
Chocolate Smegma,2107,554,Syd Kidd,3,983,LGO,429,T4,2,0,1,3,-1.26%,1.26%,0,0,475,40,7,NYM,ARI,LGO,LGO,,1
Rico Veringhipster,2014,387,Sonny Streaker,2065,786,LGO,399,B4,0,0,1,3,-3.76%,3.76%,0,0,476,40,7,ARI,NYM,LGO,LGO,,1
I.M. Organic,2132,570,Sonny Streaker,2065,210,LGO,360,B4,1,0,1,3,-3.09%,3.09%,0,0,476,40,7,ARI,NYM,LGO,LGO,,1
Cook Froster,2033,560,Sonny Streaker,2065,654,1B,94,B4,2,0,1,3,3.10%,-3.10%,0,0,476,40,7,ARI,NYM,1B,1B,,1
Garren Smudge,133,309,Sonny Streaker,2065,784,LGO,475,B4,2,1,1,3,-5.36%,5.36%,0,0,476,40,7,ARI,NYM,LGO,LGO,,1
Mongster Mash,344,173,Syd Kidd,3,720,LGO,453,T5,0,0,1,3,-1.31%,1.31%,0,0,477,40,7,NYM,ARI,LGO,LGO,,1
James Maso,2063,976,Syd Kidd,3,605,PO,371,T5,1,0,1,3,-1.19%,1.19%,0,0,477,40,7,NYM,ARI,PO,PO,,1
James Earl Pwns,2062,360,Syd Kidd,3,317,HR,43,T5,2,0,1,3,8.05%,-8.05%,1,1,477,40,7,NYM,ARI,HR,HR,,1
Bo-Horse Jackman,168,183,Syd Kidd,3,413,FO,230,T5,2,0,1,4,-0.58%,0.58%,0,0,477,40,7,NYM,ARI,FO,FO,,1
A.Z. Chapman,14,741,Sonny Streaker,2065,876,BB,135,B5,0,0,1,4,4.36%,-4.36%,0,0,478,40,7,ARI,NYM,BB,BB,,1
Burt Maclin,2101,542,Sonny Streaker,2065,652,1B,110,B5,0,1,1,4,8.92%,-8.92%,0,0,478,40,7,ARI,NYM,1B,1B,,1
Will Power,8,128,Sonny Streaker,2065,654,DP,474,B5,0,4,1,4,-15.67%,15.67%,0,0,478,40,7,ARI,NYM,LGO,LGO,,1
Tsar Zaar,274,650,Sonny Streaker,2065,900,FO,250,B5,2,3,1,4,-3.70%,3.70%,0,0,478,40,7,ARI,NYM,FO,FO,,1
Bix Kayne,3287,411,Syd Kidd,3,69,PO,342,T6,0,0,1,4,-0.37%,0.37%,0,0,479,40,7,NYM,ARI,PO,PO,,1
Pip Squires,2060,377,Syd Kidd,3,164,FO,213,T6,1,0,1,4,-0.37%,0.37%,0,0,479,40,7,NYM,ARI,FO,FO,,1
Xavier Crowbar,2006,420,Syd Kidd,3,777,K,357,T6,2,0,1,4,-0.33%,0.33%,0,0,479,40,7,NYM,ARI,K,K,,1
Assassin Panda,15,721,Sonny Streaker,2065,212,LGO,491,B6,0,0,1,4,-2.48%,2.48%,0,0,480,40,7,ARI,NYM,LGO,LGO,,1
Rico Veringhipster,2014,450,Sonny Streaker,2065,987,LGO,463,B6,1,0,1,4,-1.65%,1.65%,0,0,480,40,7,ARI,NYM,LGO,LGO,,1
I.M. Organic,2132,70,Sonny Streaker,2065,2,2B,68,B6,2,0,1,4,1.53%,-1.53%,0,1,480,40,7,ARI,NYM,2B,2B,,1
Cook Froster,2033,282,Sonny Streaker,2065,321,1B,39,B6,2,2,1,4,4.45%,-4.45%,1,0,480,40,7,ARI,NYM,1B,1B,,1
Garren Smudge,133,487,Sonny Streaker,2065,2,LGO,485,B6,2,1,2,4,-6.69%,6.69%,0,0,480,40,7,ARI,NYM,LGO,LGO,,1
Ricky Steele,2271,405,Rob Pancakes,1966,822,K,417,T1,0,0,0,0,-2.51%,2.51%,0,0,481,41,7,PIT,BAL,K,K,,1
Splash Nelson,312,255,Rob Pancakes,1966,744,LGO,489,T1,1,0,0,0,-2.18%,2.18%,0,0,481,41,7,PIT,BAL,LGO,LGO,,1
Jameson Poe,310,364,Rob Pancakes,1966,400,2B,36,T1,2,0,0,0,3.05%,-3.05%,0,1,481,41,7,PIT,BAL,2B,2B,,1
Lance Lummox,314,666,Rob Pancakes,1966,620,2B,46,T1,2,2,0,0,11.79%,-11.79%,1,1,481,41,7,PIT,BAL,2B,2B,,1
Johnny Hopkins,2070,980,Rob Pancakes,1966,1,2B,21,T1,2,2,0,1,10.59%,-10.59%,1,0,481,41,7,PIT,BAL,2B,2B,,1
Baxter Payne,2021,869,Rob Pancakes,1966,288,K,419,T1,2,2,0,2,-3.46%,3.46%,0,0,481,41,7,PIT,BAL,K,K,,1
Whit Merto,162,272,Darth Vader,336,65,FO,207,B1,0,0,0,2,-2.74%,2.74%,0,0,482,41,7,BAL,PIT,FO,FO,,1
Clipper Charge,171,500,Darth Vader,336,113,LGO,387,B1,1,0,0,2,-2.20%,2.20%,0,0,482,41,7,BAL,PIT,LGO,LGO,,1
Randy Nummer,2066,777,Darth Vader,336,79,FO,302,B1,2,0,0,2,-1.72%,1.72%,0,0,482,41,7,BAL,PIT,FO,FO,,1
Mike Anderson,2073,522,Rob Pancakes,1966,395,1B,127,T2,0,0,0,2,1.66%,-1.66%,0,1,483,41,7,PIT,BAL,1B,1B,,1
Jimmy Johns,303,747,Rob Pancakes,1966,734,HR,13,T2,0,1,0,2,12.97%,-12.97%,2,1,483,41,7,PIT,BAL,HR,HR,,1
Rory Nipponsteer,1992,542,Rob Pancakes,1966,374,FO,168,T2,0,0,0,4,-0.85%,0.85%,0,0,483,41,7,PIT,BAL,FO,FO,,1
Ricky Steele,2271,203,Rob Pancakes,1966,152,2B,51,T2,1,0,0,4,1.48%,-1.48%,0,0,483,41,7,PIT,BAL,2B,2B,,1
Splash Nelson,312,370,Rob Pancakes,1966,842,LGO,472,T2,1,2,0,4,-1.04%,1.04%,0,0,483,41,7,PIT,BAL,LGO,LGO,,1
Jameson Poe,310,617,Rob Pancakes,1966,998,K,381,T2,2,2,0,4,-1.86%,1.86%,0,0,483,41,7,PIT,BAL,K,K,,1
Johnny Dickshot,233,885,Darth Vader,336,716,FO,169,B2,0,0,0,4,-1.98%,1.98%,0,0,484,41,7,BAL,PIT,FO,FO,,1
Ludd Van Shark,1968,234,Darth Vader,336,831,K,403,B2,1,0,0,4,-1.51%,1.51%,0,0,484,41,7,BAL,PIT,K,K,,1
Meerkat Timmons,147,100,Darth Vader,336,26,1B,74,B2,2,0,0,4,1.56%,-1.56%,0,0,484,41,7,BAL,PIT,1B,1B,,1
Bernie Petrol,1972,113,Darth Vader,336,544,PO,431,B2,2,1,0,4,-2.59%,2.59%,0,0,484,41,7,BAL,PIT,PO,PO,,1
Lance Lummox,314,206,Rob Pancakes,1966,507,FO,301,T3,0,0,0,4,-0.67%,0.67%,0,0,485,41,7,PIT,BAL,FO,FO,,1
Johnny Hopkins,2070,295,Rob Pancakes,1966,836,LGO,459,T3,1,0,0,4,-0.63%,0.63%,0,0,485,41,7,PIT,BAL,LGO,LGO,,1
Baxter Payne,2021,770,Rob Pancakes,1966,237,LGO,467,T3,2,0,0,4,-0.64%,0.64%,0,0,485,41,7,PIT,BAL,LGO,LGO,,1
Sam Smith,158,825,Darth Vader,336,115,K,290,B3,0,0,0,4,-1.89%,1.89%,0,0,486,41,7,BAL,PIT,K,K,,1
Indy Sayne,151,827,Darth Vader,336,468,K,359,B3,1,0,0,4,-1.53%,1.53%,0,0,486,41,7,BAL,PIT,K,K,,1
Whit Merto,162,824,Darth Vader,336,661,BB,163,B3,2,0,0,4,1.65%,-1.65%,0,0,486,41,7,BAL,PIT,BB,BB,,1
Clipper Charge,171,420,Darth Vader,336,932,LGO,488,B3,2,1,0,4,-2.69%,2.69%,0,0,486,41,7,BAL,PIT,LGO,LGO,,1
Mike Anderson,2073,,Rob Pancakes,1966,,Auto BB,,T4,0,0,0,4,0.51%,-0.51%,0,0,487,41,7,PIT,BAL,Auto BB,Auto BB,,10
Jimmy Johns,303,69,Rob Pancakes,1966,720,K,349,T4,0,1,0,4,-0.55%,0.55%,0,0,487,41,7,PIT,BAL,K,K,,1
Rory Nipponsteer,1992,455,Rob Pancakes,1966,274,FO,181,T4,1,1,0,4,-0.66%,0.66%,0,0,487,41,7,PIT,BAL,FO,FO,,1
Darth Vader,336,518,Rob Pancakes,1966,642,1B,124,T4,2,1,0,4,0.45%,-0.45%,0,0,487,41,7,PIT,BAL,1B,1B,,1
Darth Vader,336,918,Rob Pancakes,1966,111,SB,193,T4,2,5,0,4,0.46%,-0.46%,0,0,487,41,7,PIT,BAL,Steal 2B,Steal 2B,,5
Gare Doctor,307,918,Rob Pancakes,1966,111,FO,193,T4,2,6,0,4,-1.77%,1.77%,0,0,487,41,7,PIT,BAL,FO,FO,,1
Randy Nummer,2066,500,Darth Vader,336,735,FO,235,B4,0,0,0,4,-1.89%,1.89%,0,0,488,41,7,BAL,PIT,FO,FO,,1
Johnny Dickshot,233,282,Darth Vader,336,46,FO,236,B4,1,0,0,4,-1.37%,1.37%,0,0,488,41,7,BAL,PIT,FO,FO,,1
Ludd Van Shark,1968,793,Darth Vader,336,188,K,395,B4,2,0,0,4,-0.89%,0.89%,0,0,488,41,7,BAL,PIT,K,K,,1
Jameson Poe,310,762,Rob Pancakes,1966,3,FO,241,T5,0,0,0,4,-0.37%,0.37%,0,0,489,41,7,PIT,BAL,FO,FO,,1
Lance Lummox,314,596,Rob Pancakes,1966,922,K,326,T5,1,0,0,4,-0.34%,0.34%,0,0,489,41,7,PIT,BAL,K,K,,1
Johnny Hopkins,2070,671,Rob Pancakes,1966,541,BB,130,T5,2,0,0,4,0.34%,-0.34%,0,0,489,41,7,PIT,BAL,BB,BB,,1
Baxter Payne,2021,669,Rob Pancakes,1966,477,FO,192,T5,2,1,0,4,-0.64%,0.64%,0,0,489,41,7,PIT,BAL,FO,FO,,1
Meerkat Timmons,147,762,Darth Vader,336,59,K,297,B5,0,0,0,4,-1.65%,1.65%,0,0,490,41,7,BAL,PIT,K,K,,1
Bernie Petrol,1972,818,Darth Vader,336,325,LGO,493,B5,1,0,0,4,-1.16%,1.16%,0,0,490,41,7,BAL,PIT,LGO,LGO,,1
Sam Smith,158,622,Darth Vader,336,138,LGO,484,B5,2,0,0,4,-0.63%,0.63%,0,0,490,41,7,BAL,PIT,LGO,LGO,,1
Mike Anderson,2073,155,Rob Pancakes,1966,748,LGO,407,T6,0,0,0,4,-0.18%,0.18%,0,0,491,41,7,PIT,BAL,LGO,LGO,,1
Jimmy Johns,303,901,Rob Pancakes,1966,486,LGO,415,T6,1,0,0,4,-0.15%,0.15%,0,0,491,41,7,PIT,BAL,LGO,LGO,,1
Rory Nipponsteer,1992,151,Rob Pancakes,1966,611,LGO,460,T6,2,0,0,4,-0.14%,0.14%,0,0,491,41,7,PIT,BAL,LGO,LGO,,1
Indy Sayne,151,222,Darth Vader,336,796,LGO,426,B6,0,0,0,4,-1.19%,1.19%,0,0,492,41,7,BAL,PIT,LGO,LGO,,1
Whit Merto,162,176,Darth Vader,336,579,LGO,403,B6,1,0,0,4,-0.70%,0.70%,0,0,492,41,7,BAL,PIT,LGO,LGO,,1
Clipper Charge,171,1000,Darth Vader,336,51,1B,51,B6,2,0,0,4,0.46%,-0.46%,0,0,492,41,7,BAL,PIT,1B,1B,,1
Randy Nummer,2066,240,Darth Vader,336,539,FO,299,B6,2,1,0,4,-0.68%,0.68%,0,0,492,41,7,BAL,PIT,FO,FO,,1
BB Bambino Jr.,115,1,Jay Bedia,2151,102,1B,101,T1,0,0,0,0,2.91%,-2.91%,0,1,493,42,7,DET,WAS,1B,1B,,1
Mason Spurs,103,862,Jay Bedia,2151,877,HR,15,T1,0,1,0,0,18.75%,-18.75%,2,1,493,42,7,DET,WAS,HR,HR,,1
King Fielder,222,238,Jay Bedia,2151,642,K,404,T1,0,0,0,2,-1.68%,1.68%,0,0,493,42,7,DET,WAS,K,K,,1
Otis Nixon Sr.,107,410,Jay Bedia,2151,590,FO,180,T1,1,0,0,2,-1.46%,1.46%,0,0,493,42,7,DET,WAS,FO,FO,,1
Morris Deratt,104,222,Jay Bedia,2151,167,1B,55,T1,2,0,0,2,1.42%,-1.42%,0,0,493,42,7,DET,WAS,1B,1B,,1
Merodach Baladan,100,,Jay Bedia,2151,,Auto K,,T1,2,1,0,2,-2.66%,2.66%,0,0,493,42,7,DET,WAS,Auto K,Auto K,,9
Gene Hennig,2040,624,Bartholemew Masters,2019,267,K,357,B1,0,0,0,2,-2.74%,2.74%,0,0,494,42,7,WAS,DET,K,K,,1
Mylo Grams,396,624,Bartholemew Masters,2019,426,BB,198,B1,1,0,0,2,2.83%,-2.83%,0,0,494,42,7,WAS,DET,BB,BB,,1
Chad Barrett,2030,782,Bartholemew Masters,2019,124,K,342,B1,1,1,0,2,-2.89%,2.89%,0,0,494,42,7,WAS,DET,K,K,,1
Jason Girth,2143,12,Bartholemew Masters,2019,330,K,318,B1,2,1,0,2,-3.86%,3.86%,0,0,494,42,7,WAS,DET,K,K,,1
Casey Nine,101,624,Jay Bedia,2151,211,LGO,413,T2,0,0,0,2,-1.70%,1.70%,0,0,495,42,7,DET,WAS,LGO,LGO,,1
Sevag Vapor,106,475,Jay Bedia,2151,967,LGO,492,T2,1,0,0,2,-1.52%,1.52%,0,0,495,42,7,DET,WAS,LGO,LGO,,1
Lightning Balls,350,595,Jay Bedia,2151,402,BB,193,T2,2,0,0,2,1.27%,-1.27%,0,0,495,42,7,DET,WAS,BB,BB,,1
BB Bambino Jr.,115,293,Jay Bedia,2151,104,BB,189,T2,2,1,0,2,1.88%,-1.88%,0,0,495,42,7,DET,WAS,BB,BB,,1
Mason Spurs,103,777,Jay Bedia,2151,167,LGO,390,T2,2,4,0,2,-4.52%,4.52%,0,0,495,42,7,DET,WAS,LGO,LGO,,1
Herrera O'Doubles,2055,200,Bartholemew Masters,2019,541,K,341,B2,0,0,0,2,-2.94%,2.94%,0,0,496,42,7,WAS,DET,K,K,,1
Osmosis Jones,37,630,Bartholemew Masters,2019,73,LGO,443,B2,1,0,0,2,-2.53%,2.53%,0,0,496,42,7,WAS,DET,LGO,LGO,,1
Bo Kinsella,2051,443,Bartholemew Masters,2019,333,1B,110,B2,2,0,0,2,2.19%,-2.19%,0,1,496,42,7,WAS,DET,1B,1B,,1
Bo Kinsella,2051,811,Bartholemew Masters,2019,731,SB,80,B2,2,1,0,2,1.51%,-1.51%,0,0,496,42,7,WAS,DET,Steal 2B,Steal 2B,,4
Donnie Lindsanity,2052,811,Bartholemew Masters,2019,731,1B,80,B2,2,2,0,2,10.90%,-10.90%,1,1,496,42,7,WAS,DET,1B,1B,,1
Larry Wayne,2053,455,Bartholemew Masters,2019,501,2B,46,B2,2,1,1,2,15.64%,-15.64%,1,1,496,42,7,WAS,DET,2B,2B,,1
Gene Hennig,2040,92,Bartholemew Masters,2019,10,1B,82,B2,2,2,2,2,12.80%,-12.80%,1,0,496,42,7,WAS,DET,1B,1B,,1
Gene Hennig,2040,5,Bartholemew Masters,2019,415,CS,410,B2,2,1,3,2,-3.16%,3.16%,0,0,496,42,7,WAS,DET,CS 2B,CS 2B,,4
King Fielder,222,712,Jay Bedia,2151,805,1B,93,T3,0,0,3,2,3.96%,-3.96%,0,0,497,42,7,DET,WAS,1B,1B,,1
Otis Nixon Sr.,107,905,Jay Bedia,2151,606,K,299,T3,0,1,3,2,-4.01%,4.01%,0,0,497,42,7,DET,WAS,K,K,,1
Morris Deratt,104,333,Jay Bedia,2151,731,K,398,T3,1,1,3,2,-3.44%,3.44%,0,0,497,42,7,DET,WAS,K,K,,1
Merodach Baladan,100,512,Jay Bedia,2151,445,1B,67,T3,2,1,3,2,3.93%,-3.93%,0,0,497,42,7,DET,WAS,1B,1B,,1
Casey Nine,101,888,Jay Bedia,2151,697,FO,191,T3,2,5,3,2,-8.87%,8.87%,0,0,497,42,7,DET,WAS,FO,FO,,1
Mylo Grams,396,,Bartholemew Masters,2019,,Auto BB,,B3,0,0,3,2,2.09%,-2.09%,0,0,498,42,7,WAS,DET,Auto BB,Auto BB,,10
Chad Barrett,2030,735,Bartholemew Masters,2019,12,FO,277,B3,0,1,3,2,-2.48%,2.48%,0,0,498,42,7,WAS,DET,FO,FO,,1
Jason Girth,2143,486,Bartholemew Masters,2019,800,K,314,B3,1,1,3,2,-1.91%,1.91%,0,0,498,42,7,WAS,DET,K,K,,1
Herrera O'Doubles,2055,800,Bartholemew Masters,2019,546,FO,254,B3,2,1,3,2,-3.16%,3.16%,0,0,498,42,7,WAS,DET,FO,FO,,1
Sevag Vapor,106,,Jay Bedia,2151,,Auto K,,T4,0,0,3,2,-3.96%,3.96%,0,0,499,42,7,DET,WAS,Auto K,Auto K,,9
Lightning Balls,350,713,Jay Bedia,2151,256,LGO,457,T4,1,0,3,2,-3.37%,3.37%,0,0,499,42,7,DET,WAS,LGO,LGO,,1
BB Bambino Jr.,115,641,Jay Bedia,2151,699,1B,58,T4,2,0,3,2,3.28%,-3.28%,0,1,499,42,7,DET,WAS,1B,1B,,1
Mason Spurs,103,112,Jay Bedia,2151,103,HR,9,T4,2,1,3,2,35.47%,-35.47%,2,1,499,42,7,DET,WAS,HR,HR,,1
King Fielder,222,117,Jay Bedia,2151,268,BB,151,T4,2,0,3,4,1.85%,-1.85%,0,0,499,42,7,DET,WAS,BB,BB,,1
Otis Nixon Sr.,107,755,Jay Bedia,2151,188,PO,433,T4,2,1,3,4,-3.78%,3.78%,0,0,499,42,7,DET,WAS,PO,PO,,1
Osmosis Jones,37,312,Bartholemew Masters,2019,543,FO,231,B4,0,0,3,4,-4.38%,4.38%,0,0,500,42,7,WAS,DET,FO,FO,,1
Bo Kinsella,2051,502,Bartholemew Masters,2019,902,K,400,B4,1,0,3,4,-3.91%,3.91%,0,0,500,42,7,WAS,DET,K,K,,1
Donnie Lindsanity,2052,311,Bartholemew Masters,2019,717,K,406,B4,2,0,3,4,-3.24%,3.24%,0,0,500,42,7,WAS,DET,K,K,,1
Morris Deratt,104,696,Jay Bedia,2151,887,FO,191,T5,0,0,3,4,-2.29%,2.29%,0,0,501,42,7,DET,WAS,FO,FO,,1
Merodach Baladan,100,,Jay Bedia,2151,,Auto K,,T5,1,0,3,4,-2.08%,2.08%,0,0,501,42,7,DET,WAS,Auto K,Auto K,,9
Casey Nine,101,204,Jay Bedia,2151,831,PO,373,T5,2,0,3,4,-1.91%,1.91%,0,0,501,42,7,DET,WAS,PO,PO,,1
Larry Wayne,2053,46,Bartholemew Masters,2019,455,K,409,B5,0,0,3,4,-5.77%,5.77%,0,0,502,42,7,WAS,DET,K,K,,1
Gene Hennig,2040,998,Bartholemew Masters,2019,501,LGO,497,B5,1,0,3,4,-5.16%,5.16%,0,0,502,42,7,WAS,DET,LGO,LGO,,1
Mylo Grams,396,905,Bartholemew Masters,2019,199,FO,294,B5,2,0,3,4,-4.45%,4.45%,0,0,502,42,7,WAS,DET,FO,FO,,1
Sevag Vapor,106,633,Hudson Hildebrandt,284,406,FO,227,T6,0,0,3,4,-1.71%,1.71%,0,0,503,42,7,DET,WAS,FO,FO,,1
Lightning Balls,350,313,Hudson Hildebrandt,284,703,LGO,390,T6,1,0,3,4,-1.62%,1.62%,0,0,503,42,7,DET,WAS,LGO,LGO,,1
BB Bambino Jr.,115,284,Hudson Hildebrandt,284,230,1B,54,T6,2,0,3,4,1.36%,-1.36%,0,0,503,42,7,DET,WAS,1B,1B,,1
Mason Spurs,103,118,Hudson Hildebrandt,284,666,LGO,452,T6,2,1,3,4,-2.86%,2.86%,0,0,503,42,7,DET,WAS,LGO,LGO,,1
Chad Barrett,2030,500,Bartholemew Masters,2019,333,BB,167,B6,0,0,3,4,8.33%,-8.33%,0,0,504,42,7,WAS,DET,BB,BB,,1
Jason Girth,2143,623,Bartholemew Masters,2019,145,DP,478,B6,0,1,3,4,-24.25%,24.25%,0,0,504,42,7,WAS,DET,LGO,LGO,,1
Herrera O'Doubles,2055,600,Bartholemew Masters,2019,989,LGO,389,B6,2,0,3,4,-6.82%,6.82%,0,0,504,42,7,WAS,DET,LGO,LGO,,1