Team,Opponent,Game ID,Season,Display Season,Session,HR,3B,2B,1B,BB,IBB,Auto BB,FO,SO,PO,RGO,LGO,DP,SB,CS,H,BF,IP,ER,RE24,WAR,WPA,300+ Pitches,400+ Pitches,Location
AAL,BAC,6015,6.0,S6,2,1,1,0,5,0,0,0,2,7,1,2,2,1,0,0,7,21,5.0,4,1.1706081081081081,-0.030041677746944044,-0.24220000000000008,6,5,Away
AAL,BBB,6104,6.0,S6,8,0,1,1,7,2,0,0,4,8,2,0,1,0,0,0,9,26,5.0,7,4.170608108108108,-0.30932283654126147,-0.05209999999999998,7,2,Away
AAL,CBC,6072,6.0,S6,6,0,1,3,5,3,0,0,5,5,2,1,1,1,1,0,9,26,5.0,4,1.170608108108108,-0.00517906830012492,-0.0062999999999999445,9,3,Away
AAL,CWJ,6130,6.0,S6,10,3,0,1,1,1,0,0,7,3,0,2,1,1,0,0,5,19,4.666666666666667,3,0.42596004467505755,0.036135592114087976,-0.15769999999999998,4,3,Away
AAL,JEF,6144,6.0,S6,11,1,1,1,0,2,0,1,2,4,3,4,1,1,0,0,3,19,5.0,1,-1.829391891891892,0.26167078577078295,0.21089999999999998,11,5,Home
AAL,LID,6005,6.0,S6,1,0,0,4,3,5,0,2,2,5,2,6,1,2,0,0,7,28,6.0,5,1.6047297297297296,-0.04444746222115062,0.14329999999999998,14,6,Away
AAL,LMN,6032,6.0,S6,3,1,0,4,2,0,0,0,10,5,0,2,1,0,0,0,7,25,6.0,4,0.6047297297297294,0.04312123305543988,-0.1547,9,3,Home
AAL,MPD,6118,6.0,S6,9,0,0,0,3,1,0,0,4,7,0,3,2,2,0,0,3,20,6.0,0,-3.39527027027027,0.42240239184975725,0.44670000000000004,9,5,Home
AAL,PUK,6089,6.0,S6,7,1,1,1,1,2,1,0,5,8,2,1,2,0,0,0,4,24,6.0,3,-0.3952702702702705,0.13897746481430334,-0.10460000000000005,13,5,Home
AAL,RBD,6186,6.0,S6,14,1,0,1,4,3,0,0,4,5,2,2,3,0,0,0,6,25,6.0,1,-2.3952702702702706,0.34312123305543984,0.1829,8,5,Home
AAL,SAR,6174,6.0,S6,13,1,1,6,1,5,0,0,2,6,1,2,5,2,0,0,9,30,6.0,5,1.6047297297297298,-0.0361599257388776,-0.18660000000000004,13,8,Home
AAL,SAS,6060,6.0,S6,5,2,0,0,4,0,0,0,0,10,3,1,1,0,1,0,6,21,5.0,4,1.170608108108108,-0.025897909505807504,-0.2274,9,3,Home
AAL,SGP,6045,6.0,S6,4,1,0,1,0,1,0,0,5,3,1,7,2,0,0,0,2,21,6.0,1,-2.39527027027027,0.32654616009089377,0.2829,11,7,Away
AAL,WWC,6159,6.0,S6,12,1,0,4,5,3,0,1,2,4,2,0,6,1,0,0,10,27,5.0,7,4.170608108108108,-0.305179068300125,-0.6202000000000001,9,6,Away
ACK,BEE,10031,10.0,S10,7,1,0,2,2,1,0,1,4,6,1,2,4,1,0,0,5,23,6.0,2,-2.1320132013201323,0.3024497989969323,0.22069999999999998,8,5,Home
ACK,BEE,10058,10.0,S10,12,0,0,0,1,2,0,0,7,6,0,3,2,0,0,0,1,21,6.0,0,-4.132013201320133,0.49468906170433063,0.26820000000000005,10,5,Away
ACK,CRN,10064,10.0,S10,13,1,0,2,2,2,0,0,4,6,2,0,3,1,0,0,5,23,6.0,1,-3.1320132013201323,0.40244979899693223,0.32109999999999994,7,4,Home
ACK,GOB,10026,10.0,S10,6,1,0,1,1,0,0,0,9,3,2,2,2,0,0,0,3,21,6.0,1,-3.1320132013201323,0.3946890617043306,0.17209999999999998,9,4,Home
ACK,GOB,10054,10.0,S10,11,1,2,1,2,2,0,0,5,6,0,3,1,0,2,0,6,23,5.0,4,0.5566556655665564,0.04134364960086505,-0.33670000000000017,6,3,Away
ACK,GRS,10003,10.0,S10,1,2,0,1,2,2,0,0,4,3,1,2,4,1,2,0,5,21,5.0,3,-0.44334433443344357,0.13358291230826339,-0.2452000000000001,8,5,Away
ACK,GRS,10046,10.0,S10,10,0,0,1,0,4,0,0,5,3,9,1,0,0,1,0,1,23,6.0,1,-3.1320132013201323,0.40633016764323315,0.26359999999999995,6,2,Home
ACK,KIR,10009,10.0,S10,2,1,2,7,9,3,1,0,3,7,9,2,8,2,1,0,19,52,11.0,10,3.1951572708291236,-0.11385618882896845,-0.2892000000000002,21,12,Away
ACK,KRK,10018,10.0,S10,4,1,0,1,1,0,0,0,4,5,4,4,1,0,0,0,3,21,6.0,3,-1.1320132013201323,0.19468906170433062,0.15150000000000002,10,5,Home
ACK,SEO,10024,10.0,S10,5,1,0,1,3,2,0,0,6,6,2,3,0,1,0,0,5,24,6.0,2,-2.1320132013201323,0.3063301676432331,0.16020000000000006,11,0,Away
ACK,SEO,10069,10.0,S10,14,2,0,3,2,1,0,0,6,9,2,3,4,0,0,0,7,32,8.0,3,-2.5093509350935097,0.3751068901909775,0.24420000000000006,14,7,Home
ACK,SSS,10015,10.0,S10,3,1,0,2,3,1,0,0,5,5,3,1,3,1,1,0,6,24,6.0,5,0.867986798679868,0.010210536289533948,-0.42740000000000006,9,3,Home
ACK,SSS,10043,10.0,S10,9,1,0,1,6,6,0,0,8,2,3,0,2,0,0,1,8,29,5.333333333333333,8,4.264563118223377,-0.31004525243331277,-0.7246,7,2,Away
ACK,ZAH,10039,10.0,S10,8,2,0,1,2,0,0,0,4,3,8,2,0,1,0,0,5,22,6.0,3,-1.1320132013201323,0.19856943035063146,0.24570000000000008,12,7,Away
AKR,SAV,2003,2.0,S2,2,0,0,0,3,3,0,0,4,9,0,2,2,0,0,1,3,23,6.0,0,-0.7272727272727272,0.19572727272727272,0.0,10,5,Away
AND,ARR,9026,9.0,S9,7,0,0,2,4,4,0,0,4,6,1,4,2,1,0,0,6,27,6.0,2,-1.448818897637795,0.24418335057686918,0.14449999999999996,10,3,Home
AND,ARR,9056,9.0,S9,14,0,0,0,2,2,0,0,5,5,1,2,4,1,0,0,2,21,6.0,0,-3.4488188976377954,0.4221163592850715,0.3746999999999999,10,6,Away
AND,BIR,9013,9.0,S9,4,0,1,2,7,1,0,0,5,2,5,2,3,1,3,0,10,28,6.0,5,1.5511811023622049,-0.04110532189526566,-0.43549999999999994,9,3,Home
AND,BIR,9049,9.0,S9,13,0,1,2,0,0,0,0,5,8,1,2,2,0,0,0,3,21,6.0,0,-3.4488188976377954,0.4221163592850715,0.2331,10,3,Away
AND,FLB,9034,9.0,S9,9,0,0,1,2,2,0,0,8,2,4,2,2,0,1,0,3,23,6.0,1,-2.448818897637795,0.3331498549309703,0.23289999999999997,10,3,Home
AND,FLB,9045,9.0,S9,12,2,0,0,5,3,0,0,6,3,1,2,2,0,1,1,7,24,5.0,4,1.1259842519685042,-0.01697479626572701,-0.21830000000000002,8,3,Away
AND,GOP,9009,9.0,S9,3,4,0,1,1,1,0,0,6,3,0,4,4,1,0,0,6,24,6.0,5,1.5511811023622049,-0.0668501450690296,-0.3767,10,7,Home
AND,GOP,9039,9.0,S9,10,2,0,0,1,3,0,0,4,4,2,5,3,2,0,0,3,24,6.666666666666667,2,-1.8804808941625835,0.2763160545834492,-0.02640000000000009,11,7,Away
AND,KGB,9020,9.0,S9,5,2,0,4,0,2,0,0,4,2,0,5,1,2,0,1,6,20,5.0,4,1.125984251968504,-0.03536395567555836,-0.28119999999999995,7,2,Away
AND,KGB,9043,9.0,S9,11,2,0,1,6,3,0,0,4,2,6,8,9,3,1,1,9,41,11.0,2,-4.322834645669291,0.5904302354914794,0.8437999999999999,22,12,Home
AND,NNL,9003,9.0,S9,1,3,1,1,1,1,0,0,1,7,1,5,2,1,0,1,6,23,6.0,5,1.5511811023622046,-0.0668501450690296,-0.1324,10,6,Home
AND,NNL,9030,9.0,S9,8,0,0,1,1,3,0,0,5,4,0,3,3,3,0,0,2,20,6.0,1,-2.448818897637795,0.31843852740310524,0.30169999999999997,10,4,Away
AND,POS,9006,9.0,S9,2,2,0,0,3,2,0,0,5,3,0,4,1,1,3,1,5,20,5.0,4,1.1259842519685042,-0.024330460029659565,-0.1924,10,3,Away
AND,POS,9024,9.0,S9,6,1,0,2,5,2,0,0,4,6,5,2,1,0,2,0,8,28,6.0,4,0.5511811023622049,0.055216846222768096,-0.0928,11,2,Home
ARA,DOG,11005,11.0,S11,1,0,2,3,3,4,0,0,4,9,1,1,2,0,2,1,8,29,6.0,6,2.3990573448546737,-0.11118052363073534,-0.03110000000000005,12,3,Home
ARA,DOG,11094,11.0,S11,16,4,0,1,2,1,0,0,3,8,0,3,1,0,1,0,7,23,5.0,5,1.9992144540455614,-0.10337753726350711,-0.39169999999999994,11,2,Away
ARA,HOT,11030,11.0,S11,5,0,2,0,1,1,0,0,5,5,1,1,2,1,0,0,3,18,5.0,1,-2.0007855459544386,0.27248648570123063,0.1318,8,4,Away
ARA,HOT,11082,11.0,S11,14,0,0,1,1,2,0,0,7,3,1,2,4,0,0,1,2,21,6.0,0,-3.6009426551453263,0.4485928479771609,0.4878,9,7,Home
ARA,IDR,11068,11.0,S11,12,2,0,3,1,1,0,0,7,2,2,3,4,0,1,0,6,25,6.0,5,1.3990573448546737,-0.03531650066599761,-0.3825,10,6,Home
ARA,LAX,11086,11.0,S11,15,0,1,4,1,1,0,0,6,2,2,2,2,1,0,0,6,21,5.0,4,0.9992144540455613,-0.015445525781138232,-0.29990000000000006,8,4,Away
ARA,LOB,11041,11.0,S11,7,0,0,1,4,2,0,0,4,6,1,1,4,2,0,0,5,23,6.0,2,-1.6009426551453263,0.2526155108163713,0.017300000000000017,10,6,Home
ARA,LOB,11065,11.0,S11,11,2,1,0,4,4,0,0,1,0,3,6,3,2,0,0,7,24,5.0,6,2.9992144540455614,-0.2033775372635071,-0.7518,11,7,Away
ARA,OKT,11021,11.0,S11,4,2,0,1,3,3,0,0,3,5,0,3,4,1,0,0,6,25,6.0,6,2.3990573448546737,-0.13933916350520797,-0.3439000000000001,10,6,Home
ARA,POS,11075,11.0,S11,13,1,0,0,4,2,0,0,8,0,2,2,3,3,0,0,5,22,6.0,1,-2.6009426551453263,0.3485928479771609,0.3645999999999999,7,5,Away
ARA,PRP,11046,11.0,S11,8,0,1,3,9,0,0,0,2,2,2,4,5,1,0,0,13,29,6.0,5,1.3990573448546737,-0.02324851214836643,-0.13540000000000008,12,8,Home
ARA,PRP,11059,11.0,S11,10,0,1,3,0,2,0,0,4,4,1,1,4,1,0,0,4,20,5.0,2,-1.0007855459544386,0.18053181137965138,0.013200000000000017,10,5,Away
ARA,ROY,11010,11.0,S11,2,1,1,6,2,0,0,0,4,7,1,2,2,0,0,2,10,26,6.0,7,3.3990573448546737,-0.22727117498757682,-0.6409,11,4,Home
ARA,SHH,11017,11.0,S11,3,2,0,3,4,2,0,0,4,5,0,3,4,2,2,0,9,27,6.0,6,2.3990573448546737,-0.12324851214836649,-0.21250000000000013,12,6,Away
ARA,SHH,11053,11.0,S11,9,0,2,0,2,0,0,0,8,3,2,2,2,0,0,1,4,21,6.0,3,-0.6009426551453263,0.1485928479771609,-0.06269999999999998,9,5,Home
ARA,WRM,11034,11.0,S11,6,0,1,1,3,2,0,0,2,6,2,2,2,0,1,1,5,21,5.0,1,-2.0007855459544386,0.2925997998972825,0.13180000000000003,9,6,Away
ARR,AND,9026,9.0,S9,7,2,1,2,3,2,0,0,7,2,1,2,2,1,2,0,8,24,5.0,4,1.1259842519685042,-0.016974796265726996,-0.35550000000000004,7,3,Away
ARR,AND,9056,9.0,S9,14,2,1,0,4,0,0,0,5,3,2,3,3,0,2,2,7,23,6.0,4,0.5511811023622051,0.0441833505768692,-0.12530000000000005,13,7,Home
ARR,BIR,9004,9.0,S9,1,2,2,2,2,4,0,1,3,6,0,4,2,2,2,1,8,27,6.0,7,3.5511811023622046,-0.2447831537772319,-0.32309999999999994,10,6,Home
ARR,BIR,9029,9.0,S9,8,4,0,1,2,2,0,0,13,5,0,3,5,3,0,0,7,35,9.666666666666666,4,-1.6048903429814811,0.28921315016696814,0.2281999999999998,11,7,Away
ARR,FLB,9008,9.0,S9,2,2,0,1,1,1,0,0,10,2,1,3,2,0,2,0,4,23,6.0,3,-0.44881889763779526,0.13682768681293667,0.2177,10,4,Away
ARR,FLB,9017,9.0,S9,5,1,0,0,5,3,0,0,7,6,1,0,3,0,3,1,6,26,6.0,3,-0.44881889763779503,0.15521684622276805,-0.1141,9,4,Home
ARR,GOP,9014,9.0,S9,4,2,0,0,4,4,0,0,9,11,2,4,1,0,1,1,6,38,10.0,2,-3.7480314960629917,0.5219164248849506,0.9546999999999999,16,8,Away
ARR,GOP,9041,9.0,S9,11,2,0,1,1,0,0,0,6,4,2,2,4,0,1,0,4,22,6.0,4,0.5511811023622049,0.029472023049004092,0.014000000000000026,10,5,Home
ARR,KGB,9023,9.0,S9,6,2,0,1,1,2,0,0,5,4,4,1,4,0,1,0,4,24,6.0,2,-1.4488188976377954,0.23682768681293664,0.144,12,5,Home
ARR,KGB,9046,9.0,S9,12,2,1,3,1,2,0,0,2,5,0,4,3,0,0,1,7,23,5.0,5,2.1259842519685037,-0.12433046002965957,-0.09250000000000004,13,8,Away
ARR,NNL,9036,9.0,S9,9,1,2,1,3,3,0,0,8,2,1,3,2,2,0,0,7,26,6.0,3,-0.44881889763779526,0.14050551869490296,-0.0508,7,4,Home
ARR,NNL,9050,9.0,S9,13,1,0,5,5,5,0,0,4,5,1,3,1,1,0,0,11,30,5.0,8,5.125984251968504,-0.4022634687378619,-0.33159999999999995,10,3,Away
ARR,POS,9010,9.0,S9,3,0,0,3,7,0,0,0,5,3,2,2,4,1,2,1,10,26,6.0,4,0.5511811023622049,0.05153901434080177,-0.5166000000000001,12,8,Home
ARR,POS,9040,9.0,S9,10,0,0,2,1,6,0,0,8,3,0,1,2,2,0,0,3,24,6.0,3,-0.4488188976377946,0.13314985493097026,0.062200000000000026,6,4,Away
BAC,AAL,6015,6.0,S6,2,1,0,2,4,1,0,0,3,4,2,5,2,1,0,1,7,24,6.0,3,-0.3952702702702703,0.14312123305543983,0.2866,10,8,Home
BAC,BBB,7087,7.0,S7,11,1,0,1,2,2,0,0,7,4,3,1,3,0,1,0,4,24,6.0,3,0.7088425593098493,0.03381671282383628,-0.26689999999999997,8,4,Home
BAC,BBC,7010,7.0,S7,2,4,0,0,5,4,0,0,5,4,1,3,2,0,1,0,9,28,5.0,7,4.257368799424874,-0.30428375618689485,-0.1708,8,5,Away
BAC,BBC,7097,7.0,S7,13,1,0,1,2,4,0,0,4,4,1,5,3,1,0,0,4,25,6.0,1,-2.291157440690151,0.33381671282383624,0.4877,10,7,Home
BAC,CBC,6085,6.0,S6,7,1,0,2,4,3,0,0,2,6,5,4,0,0,0,1,7,27,6.0,2,-1.3952702702702704,0.2555525377788494,0.020599999999999966,12,8,Home
BAC,CWJ,6141,6.0,S6,11,2,0,1,4,0,0,0,6,7,4,1,6,3,0,0,7,31,9.0,5,-3.251177297658028,0.4535745452410347,0.4332,12,8,Home
BAC,JEF,6155,6.0,S6,12,2,0,2,1,0,0,0,6,7,0,0,5,0,0,0,5,23,6.0,4,0.6047297297297296,0.0348336965731668,-0.1811,9,5,Away
BAC,KNX,7058,7.0,S7,8,2,0,0,1,1,0,0,5,5,5,1,1,1,0,0,3,21,6.0,3,-0.29115744069015104,0.11706455782306485,0.010599999999999965,6,1,Away
BAC,LID,6042,6.0,S6,3,1,0,3,1,0,0,0,3,2,9,1,3,0,1,0,5,23,6.0,3,-0.3952702702702704,0.13897746481430334,0.2943,13,4,Away
BAC,LMN,6043,6.0,S6,4,0,2,2,4,0,0,0,5,2,6,2,2,0,1,1,8,25,6.0,2,-1.3952702702702704,0.2514087695377129,0.44670000000000004,11,4,Away
BAC,MPD,6127,6.0,S6,10,1,0,1,1,3,0,0,4,3,3,3,3,1,0,1,3,22,6.0,1,-2.39527027027027,0.3348336965731668,0.32819999999999994,12,7,Home
BAC,PBA,7065,7.0,S7,9,0,0,0,0,6,0,0,3,6,3,2,3,1,0,0,0,23,6.0,0,-3.291157440690151,0.42544063532345056,0.2053,10,5,Home
BAC,POR,6099,6.0,S6,8,1,1,0,2,2,0,0,6,4,1,1,4,2,0,0,4,22,6.0,2,-1.3952702702702704,0.2306899283320303,0.23600000000000002,8,6,Home
BAC,PUK,6113,6.0,S6,9,1,1,1,4,3,0,0,7,5,1,3,1,0,1,1,7,27,6.0,6,2.6047297297297294,-0.1403036939800141,-0.34680000000000005,8,4,Away
BAC,RBD,6001,6.0,S6,1,0,0,3,5,0,0,0,1,9,2,2,2,2,0,0,8,24,6.0,2,-1.3952702702702706,0.23897746481430332,0.29279999999999995,12,6,Away
BAC,RRR,7006,7.0,S7,1,1,0,2,0,2,0,0,4,6,5,0,3,0,0,0,3,23,6.0,1,-2.2911574406901507,0.3254406353234506,0.3853,8,3,Home
BAC,RRR,7095,7.0,S7,12,1,0,1,1,4,0,0,11,1,4,3,2,0,0,0,3,28,7.0,3,-1.4553365451677633,0.26279873952217603,0.12719999999999995,10,8,Away
BAC,SAR,6183,6.0,S6,14,1,0,3,3,5,0,1,3,6,5,1,2,1,0,1,7,29,6.333333333333333,4,0.5215456501277396,0.07215848222132142,-0.06990000000000007,12,7,Away
BAC,SAS,6071,6.0,S6,6,1,1,1,5,3,2,0,5,1,0,6,2,1,0,0,8,25,5.0,8,5.170608108108108,-0.41346660478239805,-0.7543000000000001,8,4,Away
BAC,SCG,7040,7.0,S7,5,0,0,5,0,3,0,0,6,6,3,2,1,0,0,0,5,26,6.0,5,0.7088425593098491,0.038004751574029105,-0.24790000000000004,8,4,Home
BAC,SGP,6057,6.0,S6,5,2,0,1,5,2,0,0,3,5,4,4,2,0,0,0,8,28,6.0,9,5.60472972972973,-0.44444746222115067,-0.3395,11,7,Home
BAC,SSC,7056,7.0,S7,7,2,0,5,3,1,1,0,1,5,4,5,2,1,0,0,10,28,6.0,8,4.708842559309849,-0.35361917092558526,-0.2735,13,8,Home
BAC,SSJ,7075,7.0,S7,10,1,0,3,1,2,0,1,0,4,7,1,2,1,0,0,5,21,5.0,4,1.2573687994248741,-0.037788066188437636,-0.4315999999999999,10,5,Away
BAC,STK,7025,7.0,S7,4,3,0,1,3,1,0,0,2,3,4,4,1,0,0,1,7,22,5.0,5,2.257368799424874,-0.12941198868805193,-0.20540000000000008,12,7,Away
BAC,TBL,7020,7.0,S7,3,3,0,0,2,1,1,0,1,6,5,3,1,1,0,1,5,22,6.0,3,-0.291157440690151,0.12544063532345057,-0.098,11,4,Home
BAC,TBL,7106,7.0,S7,14,0,0,0,4,2,0,0,4,5,5,1,1,2,0,0,4,22,6.0,1,-2.291157440690151,0.3212525965732577,0.29510000000000003,7,2,Away
BAC,TRI,7043,7.0,S7,6,0,0,2,2,1,0,0,3,3,8,0,3,1,0,0,4,22,6.0,1,-2.291157440690151,0.3212525965732577,0.1923,11,4,Away
BAC,WWC,6169,6.0,S6,13,0,0,0,3,4,0,2,3,7,2,3,2,1,0,0,3,24,6.0,2,-2.39527027027027,0.33897746481430335,0.5107999999999999,10,6,Home
BAG,BIS,8040,8.1,S8A,7,0,1,0,3,2,0,0,5,5,1,3,2,1,1,1,4,22,6.0,1,-3.06,0.4080686087895755,0.3433,11,5,Home
BAG,BLO,8025,8.1,S8A,5,0,0,2,2,2,0,0,5,1,2,4,4,2,0,0,4,22,6.0,1,-3.0599999999999996,0.3995628913904442,0.1161,10,5,Home
BAG,CCD,8008,8.1,S8A,2,1,0,5,2,4,0,0,2,2,4,6,2,2,1,0,8,28,6.0,5,0.94,0.029332902287403706,-0.14490000000000003,11,3,Home
BAG,CDT,8013,8.1,S8A,3,1,0,0,0,1,0,0,5,3,1,5,4,0,0,0,1,20,6.0,1,-3.06,0.39105717399131296,0.3133,12,9,Away
BAG,GND,8031,8.1,S8A,6,1,1,2,4,3,0,0,4,7,1,3,3,0,0,0,8,29,6.0,5,0.9400000000000003,0.02933290228740375,-0.08940000000000012,13,4,Away
BAG,LAC,8022,8.1,S8A,4,3,0,2,5,2,0,0,4,2,2,3,4,1,2,2,10,27,6.0,5,0.9400000000000003,0.037838619686535034,-0.24469999999999997,11,7,Home
BAG,MMM,8043,8.1,S8A,8,4,0,4,3,1,0,0,4,4,2,2,3,0,2,0,11,27,5.0,10,6.616666666666667,-0.538333764379263,-0.5513000000000001,6,1,Away
BAG,NXS,8006,8.1,S8A,1,3,0,0,3,0,0,0,2,7,0,3,3,0,0,0,6,21,5.0,5,1.6166666666666667,-0.07235663397578806,-0.2613,10,6,Away
BAY,BER,3001,3.0,S3,1,1,0,0,3,3,0,0,1,4,1,1,1,1,0,0,4,15,3.0,3,0.23902439024390312,0.05404780884852463,0.0,3,1,Home
BAY,BER,3032,3.0,S3,8,3,0,0,2,3,0,0,6,3,2,1,5,1,0,0,5,25,6.0,5,-0.5219512195121943,0.18211220173941095,0.0,9,5,Away
BAY,CCF,3016,3.0,S3,4,0,1,2,2,1,0,0,2,1,4,2,1,2,0,0,5,16,4.0,2,-1.6813008130081293,0.25127701236525557,0.0,8,4,Away
BAY,CCF,3041,3.0,S3,11,4,0,2,1,4,0,0,5,10,0,1,2,0,0,0,7,29,6.0,5,-0.5219512195121943,0.2028989345055216,0.0,12,4,Home
BAY,CIN,3011,3.0,S3,3,1,0,5,3,1,0,1,6,2,2,3,4,1,0,0,9,27,6.0,4,-1.5219512195121943,0.2925055681224663,0.0,9,6,Home
BAY,CIN,3038,3.0,S3,10,2,2,2,6,6,0,1,1,7,0,4,2,1,0,0,12,32,5.0,10,6.915616862626552,-0.52526782413377,0.0,14,5,Away
BAY,FTP,3027,3.0,S3,7,1,0,3,4,3,0,0,3,2,5,0,6,2,0,0,8,27,6.0,6,0.4780487804878055,0.09250556812246637,0.0,9,6,Home
BAY,FTP,3056,3.0,S3,14,2,1,2,5,2,0,0,4,5,1,2,3,0,0,0,10,27,5.0,5,0.5926009896106794,0.08105034721017892,0.0,9,5,Away
BAY,LAN,3021,3.0,S3,6,1,0,2,4,6,0,1,7,5,0,1,5,0,0,0,7,31,6.0,5,-0.14915278506992408,0.17601245744434993,0.0,9,5,Away
BAY,LAN,3051,3.0,S3,13,2,1,2,10,2,0,0,6,5,1,0,4,2,0,0,15,33,6.0,8,2.070221577750423,-0.035531612454629484,0.0,11,5,Home
BAY,SCB,3019,3.0,S3,5,1,0,3,2,3,0,0,2,2,0,7,5,2,0,0,6,25,6.0,3,-2.5219512195121943,0.38211220173941096,0.0,12,8,Home
BAY,SCB,3048,3.0,S3,12,1,0,1,2,3,0,0,0,3,2,3,1,0,0,0,4,16,3.0,3,0.23902439024390265,0.05924449204005239,0.0,8,4,Away
BAY,TZS,3005,3.0,S3,2,2,3,4,2,2,1,0,4,4,7,0,0,0,0,0,11,28,5.0,8,3.3983739837398383,-0.19433026901120923,0.0,7,2,Away
BAY,TZS,3036,3.0,S3,9,1,0,3,3,1,0,0,6,3,3,2,3,0,1,1,7,25,6.0,4,-1.9297784222495766,0.32809160520467684,0.0,14,9,Home
BBB,AAL,6104,6.0,S6,8,0,0,0,4,1,0,0,4,6,1,2,2,1,0,2,4,20,6.0,0,-3.39527027027027,0.4306899283320303,0.4479000000000001,11,4,Home
BBB,BAC,7087,7.0,S7,11,0,1,1,1,3,0,0,5,5,3,2,2,1,1,0,3,23,6.0,0,-3.291157440690151,0.4296286740736434,0.23309999999999997,9,4,Away
BBB,BBC,7074,7.0,S7,10,2,0,0,3,2,0,0,6,7,0,2,3,0,0,0,5,25,6.0,3,-0.29115744069015087,0.13381671282383625,0.08849999999999994,11,4,Home
BBB,CIM,6008,6.0,S6,1,0,0,1,3,2,0,0,3,4,1,3,4,1,0,0,4,21,6.0,0,-3.39527027027027,0.42654616009089386,0.17329999999999998,8,5,Away
BBB,CPR,7053,7.0,S7,7,0,0,0,1,2,0,0,3,5,4,1,3,1,0,1,1,19,6.0,0,-3.291157440690151,0.41287651907287204,0.24800000000000003,10,4,Home
BBB,FAP,7034,7.0,S7,5,1,0,1,3,0,0,0,6,8,0,1,2,1,0,0,5,22,6.0,3,-0.2911574406901508,0.12125259657325772,-0.1046000000000001,5,3,Home
BBB,FRG,6026,6.0,S6,2,0,3,1,4,5,0,1,6,4,2,1,3,2,0,0,8,29,6.0,6,2.60472972972973,-0.14030369398001413,-0.2556000000000001,10,4,Home
BBB,HEL,6081,6.0,S6,6,1,3,1,1,3,0,0,6,4,1,5,0,1,0,1,6,25,6.0,4,0.6047297297297295,0.04726500129657639,0.1581,9,3,Away
BBB,KNX,7005,7.0,S7,1,0,1,1,0,1,0,0,6,3,3,3,3,0,0,0,2,21,6.0,2,-1.291157440690151,0.21706455782306483,0.27990000000000004,10,7,Away
BBB,KNX,7093,7.0,S7,12,2,0,2,2,3,0,0,3,4,2,2,5,2,0,0,6,25,6.0,3,-0.29115744069015104,0.13381671282383625,-0.13890000000000002,11,7,Home
BBB,LIM,6167,6.0,S6,12,3,0,1,1,2,0,1,5,3,0,2,2,0,0,0,5,19,4.0,5,2.7364864864864864,-0.19491705206705492,-0.48509999999999986,7,4,Away
BBB,MBT,6152,6.0,S6,11,3,2,2,5,2,0,1,3,2,1,1,3,1,0,0,12,24,3.6666666666666665,8,6.668918918918919,-0.5674414541046157,-0.7417999999999998,7,4,Away
BBB,MMA,7032,7.0,S7,4,0,0,0,2,0,0,0,0,9,4,1,3,1,0,0,2,19,6.0,0,-3.291157440690151,0.4086884803226792,0.46130000000000004,11,7,Away
BBB,MVS,6177,6.0,S6,13,0,0,3,2,1,0,0,4,3,1,4,5,1,0,0,5,23,6.0,2,-1.3952702702702704,0.23483369657316683,0.36010000000000003,10,5,Home
BBB,PBA,6038,6.0,S6,3,0,0,2,3,0,0,0,5,3,4,2,1,0,0,0,5,20,5.0,2,-0.8293918918918921,0.16581455401191947,-0.0487,7,4,Away
BBB,PBA,7022,7.0,S7,3,1,0,1,4,4,0,0,4,4,2,3,2,0,0,0,6,25,5.0,3,0.25736879942487434,0.07896408881233372,-0.22609999999999997,10,4,Away
BBB,PBA,7107,7.0,S7,14,0,0,2,0,3,0,0,1,10,3,2,2,0,0,0,2,23,6.0,1,-2.2911574406901507,0.3254406353234505,0.5093,12,7,Home
BBB,PHB,6056,6.0,S6,4,1,0,4,1,0,0,0,4,3,0,3,8,0,1,0,6,24,6.0,3,-0.3952702702702704,0.14312123305543986,0.1013,11,8,Home
BBB,POR,6196,6.0,S6,14,0,0,2,3,2,0,1,5,6,1,0,3,0,0,0,5,22,5.0,2,-0.8293918918918921,0.1741020904941925,-0.048300000000000023,7,3,Away
BBB,RRR,7059,7.0,S7,8,6,3,0,3,3,0,0,3,7,3,2,2,1,0,0,12,32,6.0,8,4.708842559309849,-0.3368670159248138,-0.3247999999999999,10,5,Home
BBB,SLT,6139,6.0,S6,10,1,0,1,2,8,0,0,3,4,2,5,3,2,0,0,4,29,6.333333333333333,2,-1.9870133895363256,0.31887061794659144,0.33790000000000003,10,5,Home
BBB,SSJ,7015,7.0,S7,2,1,0,2,1,3,0,1,2,7,1,4,3,0,0,1,4,24,6.0,4,0.7088425593098492,0.033816712823836234,-0.26409999999999995,13,6,Home
BBB,SSJ,7100,7.0,S7,13,0,0,1,3,3,1,0,6,6,1,1,3,1,0,0,4,24,6.0,1,-2.291157440690151,0.3296286740736434,0.3383999999999999,10,4,Away
BBB,SUP,6125,6.0,S6,9,1,0,1,1,2,0,0,6,5,1,2,2,2,0,0,3,21,6.0,1,-2.39527027027027,0.32654616009089377,0.34429999999999994,7,3,Away
BBB,TAK,6094,6.0,S6,7,1,1,1,3,1,0,0,5,4,3,1,2,0,0,0,6,22,5.0,5,2.170608108108108,-0.1258979095058075,-0.49410000000000004,7,2,Home
BBB,TBL,7068,7.0,S7,9,1,0,1,2,4,0,0,4,4,5,1,1,0,0,0,4,23,5.0,3,0.25736879942487423,0.07058801131194806,-0.16970000000000002,8,2,Away
BBB,TTT,6068,6.0,S6,5,0,0,1,4,4,1,0,4,1,1,3,8,1,0,0,5,26,6.0,2,-1.3952702702702704,0.2472650012965764,0.03469999999999995,13,9,Home
BBB,WSW,7046,7.0,S7,6,0,1,1,3,3,0,0,5,4,1,2,2,1,0,0,5,22,5.0,2,-0.7426312005751259,0.1663999725617552,-0.039200000000000006,7,4,Away
BBC,BAC,7010,7.0,S7,2,0,0,0,4,1,0,0,2,4,5,2,4,1,0,0,4,22,6.0,0,-3.291157440690151,0.4212525965732577,0.32920000000000005,9,6,Home
BBC,BAC,7097,7.0,S7,13,0,1,1,2,1,0,0,1,5,4,3,2,0,0,0,4,20,5.0,2,-0.7426312005751257,0.1580238950613695,-0.012300000000000024,13,5,Away
BBC,BBB,7074,7.0,S7,10,1,0,5,5,1,0,0,2,1,5,2,4,1,0,0,11,26,5.0,7,4.257368799424874,-0.31684787243747337,-0.41150000000000003,10,6,Away
BBC,KNX,7081,7.0,S7,11,6,2,4,2,2,1,0,1,6,4,2,4,1,0,0,14,33,6.0,11,7.708842559309849,-0.632678977174621,-0.5530999999999998,12,6,Home
BBC,PBA,7057,7.0,S7,8,1,0,1,4,1,0,0,2,4,6,1,3,2,0,0,6,23,6.0,3,-0.29115744069015087,0.1254406353234506,0.20969999999999997,9,4,Away
BBC,RRR,7018,7.0,S7,3,2,1,2,3,2,0,0,2,4,5,5,5,0,0,0,8,31,7.0,6,1.544663454832237,-0.024637144227245465,-0.012399999999999994,16,9,Home
BBC,RRR,7105,7.0,S7,14,2,1,0,3,0,0,0,5,9,1,1,2,0,0,0,6,24,6.0,3,-0.2911574406901509,0.12962867407364342,0.1286,11,3,Away
BBC,SCG,7026,7.0,S7,4,3,0,1,7,3,0,0,1,4,1,5,2,2,0,0,11,27,5.0,8,5.257368799424874,-0.4126598336872806,-0.4246,10,4,Away
BBC,SSC,7045,7.0,S7,6,1,0,0,3,0,0,0,2,5,3,3,5,0,0,0,4,22,6.0,2,-1.2911574406901507,0.2212525965732577,0.16279999999999997,11,7,Away
BBC,SSJ,7066,7.0,S7,9,2,1,1,2,0,0,0,7,2,3,2,4,0,0,0,6,24,6.0,4,0.708842559309849,0.029628674073643408,0.18050000000000002,10,6,Home
BBC,STK,7050,7.0,S7,7,2,0,3,4,1,0,0,4,2,3,5,3,1,0,0,9,27,6.0,5,1.7088425593098493,-0.05780720967577809,-0.25999999999999995,12,10,Home
BBC,TBL,7002,7.0,S7,1,1,0,2,1,0,0,0,4,8,3,4,2,0,0,0,4,25,7.0,3,-1.455336545167763,0.2502346232715974,-0.05709999999999998,15,6,Away
BBC,TBL,7091,7.0,S7,12,1,0,4,3,3,0,0,4,2,4,4,3,1,0,0,8,28,6.0,4,0.7088425593098492,0.04638082907441478,-0.2607,12,7,Home
BBC,TRI,7035,7.0,S7,5,1,0,1,4,1,0,0,4,3,2,4,4,1,0,0,6,24,6.0,1,-2.291157440690151,0.3296286740736434,0.4715,11,5,Home
BEE,ACK,10031,10.0,S10,7,2,0,2,1,2,0,0,4,3,1,4,2,1,0,0,5,21,5.0,5,1.5566556655665562,-0.07417782498433823,-0.2793,9,5,Away
BEE,ACK,10058,10.0,S10,12,3,0,2,2,3,0,0,5,6,1,4,2,0,0,0,7,28,6.0,6,1.8679867986798677,-0.07814835777156356,-0.23179999999999998,11,4,Home
BEE,CRN,10027,10.0,S10,6,1,2,0,1,0,0,0,5,3,3,2,3,0,0,0,4,21,6.0,2,-2.1320132013201323,0.2946890617043306,0.1627,12,7,Home
BEE,CRN,10051,10.0,S10,11,1,0,0,3,0,0,0,3,4,2,2,3,1,0,0,4,18,5.0,3,-0.44334433443344334,0.11418106907675925,-0.20549999999999993,11,4,Away
BEE,GOB,10066,10.0,S10,14,2,0,2,2,4,0,0,5,8,1,0,3,1,0,0,6,27,6.0,3,-1.1320132013201323,0.21797127358213558,0.030799999999999987,9,3,Away
BEE,GRS,10016,10.0,S10,4,3,1,1,4,2,0,0,3,9,0,4,1,1,0,0,9,28,6.0,5,0.8679867986798682,0.021851642228436417,-0.2651,9,5,Home
BEE,GRS,10041,10.0,S10,9,0,0,1,3,8,0,0,3,7,0,2,2,3,0,1,4,26,6.0,3,-1.1320132013201323,0.21797127358213564,0.03180000000000004,10,5,Away
BEE,KIR,10023,10.0,S10,5,0,0,1,1,3,0,0,4,3,6,1,4,0,1,0,2,23,6.0,0,-4.132013201320133,0.5063301676432331,0.15809999999999996,11,5,Home
BEE,KRK,10006,10.0,S10,2,0,0,0,3,1,0,0,7,5,0,0,4,2,1,0,3,20,6.0,0,-4.132013201320133,0.4946890617043306,0.351,6,4,Away
BEE,SEO,10011,10.0,S10,3,1,0,1,2,4,0,0,5,5,0,2,2,1,0,0,4,22,5.0,4,0.5566556655665565,0.029702543661962618,-0.321,9,4,Away
BEE,SEO,10040,10.0,S10,8,4,2,3,1,5,0,0,3,5,2,5,0,1,0,0,10,31,6.0,10,5.867986798679868,-0.4665072518326611,-0.29,11,5,Home
BEE,SSS,10004,10.0,S10,1,1,1,4,3,0,0,0,7,4,3,1,3,0,0,0,9,27,6.0,5,0.8679867986798678,0.01797127358213559,-0.21329999999999996,10,4,Home
BEE,SSS,10061,10.0,S10,13,0,1,0,1,0,0,0,3,3,1,4,6,0,0,1,2,19,6.0,0,-4.132013201320132,0.4908086930580298,0.7329,15,10,Away
BEE,ZAH,10050,10.0,S10,10,0,0,3,0,3,0,0,7,3,2,2,3,1,0,0,3,23,6.0,1,-3.1320132013201323,0.40244979899693223,0.4467000000000001,8,4,Home
BER,BAY,3001,3.0,S3,1,0,0,0,2,1,0,1,7,1,0,1,0,0,0,0,2,12,3.0,0,-2.5667486038852556,0.3190350586868575,0.0,2,2,Away
BER,BAY,3032,3.0,S3,8,1,0,0,4,3,0,0,6,7,1,3,1,0,0,0,5,26,6.0,5,-0.3433797909407661,0.16945174207379582,0.0,9,5,Home
BER,CCF,3025,3.0,S3,7,0,0,1,5,1,0,0,5,4,0,4,1,0,0,1,6,21,5.0,1,-3.262954565944876,0.4406224868080962,0.0,9,6,Away
BER,CCF,3054,3.0,S3,14,2,0,0,1,2,0,1,4,4,4,2,1,0,0,0,3,20,5.0,4,-0.6016260162601621,0.16409626545656947,0.0,10,4,Home
BER,CIN,3017,3.0,S3,5,3,0,1,4,1,0,1,2,8,1,1,3,0,1,0,8,24,5.0,7,2.398373983739838,-0.10992031858579221,0.0,10,7,Away
BER,CIN,3046,3.0,S3,12,5,0,1,1,3,0,0,3,5,1,0,5,1,0,0,7,24,5.0,7,2.3983739837398383,-0.11511700177731997,0.0,9,6,Home
BER,FTP,3022,3.0,S3,6,2,1,5,2,5,0,1,1,3,1,3,1,0,0,0,10,24,3.0,11,8.83119718750652,-0.7583993221539882,0.0,7,2,Home
BER,FTP,3049,3.0,S3,13,1,0,0,3,1,0,0,3,6,0,1,2,0,0,0,4,17,4.0,2,-1.6813008130081295,0.2564736955567832,0.0,6,4,Away
BER,LAN,3014,3.0,S3,4,2,0,0,3,5,0,2,3,6,0,2,2,2,0,0,5,23,5.0,2,-2.6016260162601617,0.37968631503115247,0.0,7,4,Home
BER,LAN,3043,3.0,S3,11,0,0,2,3,5,0,0,4,5,1,2,2,0,0,0,5,24,4.666666666666667,3,-0.7244244507024318,0.1971628416669071,0.0,8,4,Away
BER,SCB,3007,3.0,S3,2,0,0,1,3,0,0,0,3,7,1,1,2,1,0,0,4,18,5.0,0,-4.601626016260162,0.5537028990735141,0.0,8,4,Home
BER,SCB,3034,3.0,S3,9,0,0,1,3,4,0,1,2,7,1,3,1,1,0,0,4,22,5.0,5,-0.009453218997544255,0.11527235211336302,0.0,11,5,Away
BER,TZS,3012,3.0,S3,3,2,0,3,3,1,0,0,2,5,1,3,2,0,0,0,8,22,4.333333333333333,5,1.0006467110125654,0.014262359112352012,0.0,9,5,Away
BER,TZS,3039,3.0,S3,10,3,0,1,3,2,0,0,3,5,1,5,2,1,0,1,7,25,6.0,3,-2.5219512195121943,0.3873088849309386,0.0,11,6,Home
BIR,AND,9013,9.0,S9,4,2,3,1,5,0,0,0,4,5,4,1,2,0,1,2,11,27,6.0,4,0.551181102362205,0.05521684622276811,0.06449999999999995,13,6,Away
BIR,AND,9049,9.0,S9,13,0,2,2,3,1,0,0,6,6,2,3,1,0,0,0,7,26,6.0,4,0.5511811023622049,0.040505518694902945,-0.26689999999999986,7,4,Home
BIR,ARR,9004,9.0,S9,1,1,0,0,5,3,0,0,2,4,2,3,5,2,0,0,6,25,6.0,3,-0.44881889763779514,0.1368276868129366,0.1769,12,7,Away
BIR,ARR,9029,9.0,S9,8,1,0,1,6,3,0,0,4,11,1,9,3,2,2,0,8,39,10.0,3,-2.7480314960629917,0.42559425676691687,0.7282,20,10,Home
BIR,FLB,9011,9.0,S9,3,2,0,2,4,1,0,0,2,3,3,7,2,0,1,1,8,26,6.0,3,-0.44881889763779514,0.14786118245883553,0.33549999999999996,14,3,Away
BIR,FLB,9021,9.0,S9,6,1,1,1,5,1,0,0,4,3,3,6,3,0,3,0,8,29,7.0,5,0.9763779527559053,0.020052824947330537,-0.3839,15,8,Home
BIR,GOP,9018,9.0,S9,5,1,0,2,2,2,0,0,4,4,2,4,4,0,0,0,5,25,6.0,3,-0.44881889763779514,0.13682768681293664,0.13640000000000002,10,4,Home
BIR,GOP,9047,9.0,S9,12,1,0,1,4,1,0,0,2,2,0,3,8,3,0,1,6,22,6.333333333333333,1,-2.7275227564639524,0.35734240893161984,0.2374,14,8,Away
BIR,KGB,9005,9.0,S9,2,1,0,1,3,4,0,0,1,6,1,4,4,2,1,0,5,25,6.0,2,-1.4488188976377951,0.24050551869490286,0.41000000000000003,10,5,Home
BIR,KGB,9035,9.0,S9,9,1,0,1,2,3,0,0,6,2,3,3,3,1,0,0,4,24,6.0,3,-0.4488188976377951,0.13314985493097037,0.1694,9,6,Away
BIR,NNL,9037,9.0,S9,10,1,0,3,2,0,0,0,6,3,0,4,4,1,0,0,6,23,6.0,2,-1.4488188976377954,0.2294720230490041,0.1246,8,4,Home
BIR,NNL,9053,9.0,S9,14,2,1,1,4,2,0,0,5,2,1,4,4,2,1,0,8,26,6.0,5,1.5511811023622049,-0.055816649423130756,0.0074999999999999095,11,6,Away
BIR,POS,9025,9.0,S9,7,0,1,2,3,2,0,0,3,0,2,5,6,2,1,0,6,24,6.0,2,-1.4488188976377951,0.23682768681293664,-0.013299999999999972,13,8,Away
BIR,POS,9042,9.0,S9,11,3,0,3,14,7,0,0,5,1,3,2,3,2,1,0,20,41,6.0,20,16.551181102362204,-1.5006491711936365,-0.4833000000000001,9,5,Home
BIS,BAG,8040,8.1,S8A,7,1,1,1,3,0,0,0,5,1,5,2,2,0,0,0,6,21,5.0,3,-0.3833333333333331,0.1276433660242119,-0.15669999999999998,8,4,Away
BIS,CCD,8020,8.1,S8A,4,5,0,2,4,4,0,1,4,3,5,4,1,0,2,1,11,32,6.0,11,7.9399999999999995,-0.6451499455152024,-0.8797,10,5,Home
BIS,GND,8015,8.1,S8A,3,1,1,0,4,0,0,0,3,6,3,6,3,3,0,0,6,27,8.0,4,-3.9954838709677416,0.5143755719850466,0.29719999999999996,13,4,Home
BIS,LAC,8007,8.1,S8A,2,1,0,1,0,4,0,1,0,8,1,3,4,1,0,1,2,22,6.0,1,-3.06,0.40381575009000986,0.18830000000000005,11,7,Away
BIS,MKW,8046,8.1,S8A,8,0,0,3,7,4,0,0,6,3,0,2,4,1,1,2,10,29,6.0,7,2.9400000000000004,-0.15790852161389932,-0.6953999999999999,10,5,Home
BIS,MMM,8027,8.1,S8A,5,1,2,1,1,3,0,0,3,4,3,0,6,1,0,1,5,24,6.0,3,-1.0599999999999996,0.21232146748914119,0.20160000000000006,11,6,Home
BIS,PPM,8034,8.1,S8A,6,1,0,3,4,0,0,0,4,7,3,1,3,0,2,0,8,26,6.0,5,0.9400000000000002,0.025080043587838097,0.0784,6,3,Away
BIS,SCU,8003,8.1,S8A,1,0,0,4,2,2,1,0,1,1,10,3,2,1,0,0,6,25,6.0,0,-4.06,0.5123214674891411,0.7328999999999999,14,6,Away
BLO,BAG,8025,8.1,S8A,5,3,1,0,3,2,0,0,3,6,1,3,2,0,1,0,7,24,5.0,6,2.6166666666666667,-0.15534519917752554,-0.3838999999999999,8,4,Away
BLO,CCD,8005,8.1,S8A,1,0,0,1,4,2,0,0,4,2,0,6,4,1,2,0,5,23,5.666666666666667,1,-1.8599999999999999,0.2923214674891412,0.042899999999999966,10,6,Home
BLO,CDT,8009,8.1,S8A,2,1,0,3,5,2,0,0,5,4,3,0,5,1,0,0,9,28,6.0,5,0.9400000000000002,0.02508004358783808,-0.23199999999999998,10,5,Home
BLO,LAC,8014,8.1,S8A,3,2,0,3,4,1,0,0,4,3,1,2,2,2,2,1,9,22,5.0,5,1.616666666666667,-0.055345199177525534,-0.3063999999999999,9,4,Away
BLO,MKW,8036,8.1,S8A,6,1,3,2,2,4,0,1,4,3,2,4,4,1,0,0,8,29,6.0,4,-0.05999999999999994,0.1293329022874037,-0.19610000000000005,14,8,Home
BLO,MMM,8037,8.1,S8A,7,0,0,0,5,4,0,0,6,1,1,5,2,3,0,0,5,24,6.0,0,-4.06,0.5080686087895755,0.7133,9,3,Away
BLO,NXS,8019,8.1,S8A,4,3,1,3,6,7,0,0,7,5,0,0,3,0,1,0,13,35,5.0,13,9.616666666666667,-0.8085637534823034,-0.36560000000000004,6,3,Away
BLO,SCU,8048,8.1,S8A,8,4,0,1,1,3,0,1,1,3,3,2,6,2,0,1,6,24,6.0,5,0.94,0.012321467489141175,-0.2744999999999999,14,9,Home
CBC,AAL,6072,6.0,S6,6,1,1,1,4,5,0,0,4,3,2,4,2,0,0,0,7,27,5.0,6,3.170608108108108,-0.20517906830012492,-0.4231000000000001,11,4,Home
CBC,BAC,6085,6.0,S6,7,0,0,0,2,1,0,0,3,6,2,4,1,1,0,1,2,19,6.0,0,-3.39527027027027,0.4224023918497573,0.5206,12,3,Away
CBC,CWJ,6002,6.0,S6,1,1,1,1,3,1,0,0,5,5,3,3,2,0,0,0,6,25,6.0,1,-2.39527027027027,0.34312123305543984,0.4842000000000001,12,4,Home
CBC,JEF,6016,6.0,S6,2,3,1,0,2,2,0,0,5,4,0,3,5,1,1,0,6,25,6.0,5,1.6047297297297298,-0.05273499870342364,-0.09390000000000007,9,6,Away
CBC,LID,6156,6.0,S6,12,0,1,1,2,4,0,0,5,6,1,4,1,1,0,0,4,25,6.0,3,-0.3952702702702705,0.1431212330554399,0.0133,10,6,Away
CBC,LMN,6114,6.0,S6,9,3,1,3,3,2,0,0,8,5,1,2,1,1,2,0,10,29,6.0,6,2.60472972972973,-0.1320161574977411,0.01580000000000001,8,4,Home
CBC,MPD,6184,6.0,S6,14,1,0,1,3,1,0,0,2,5,0,4,5,2,0,0,5,22,6.0,1,-2.39527027027027,0.3306899283320303,0.5237,14,10,Home
CBC,PUK,6170,6.0,S6,13,0,0,0,1,5,0,0,3,5,4,3,3,0,0,0,1,24,6.0,2,-1.3952702702702702,0.23897746481430335,0.06309999999999993,12,7,Away
CBC,RBD,6058,6.0,S6,5,1,0,5,2,0,0,0,5,3,1,2,3,1,0,0,8,22,5.0,5,2.170608108108108,-0.12589790950580756,-0.22919999999999996,9,5,Away
CBC,SAR,6044,6.0,S6,4,2,0,1,0,2,0,0,7,7,1,1,2,0,0,0,3,23,6.0,4,0.6047297297297298,0.0348336965731668,-0.3451000000000002,11,3,Away
CBC,SAS,6142,6.0,S6,11,1,0,0,2,1,0,0,6,2,2,4,2,2,0,0,3,20,6.0,1,-2.39527027027027,0.3224023918497573,0.2249,9,6,Home
CBC,SGP,6128,6.0,S6,10,4,0,0,3,0,0,0,6,5,0,3,5,0,0,1,7,26,6.666666666666667,6,1.7102933103819513,-0.05914758852750929,-0.5731,13,7,Away
CBC,TAK,6100,6.0,S6,8,1,0,1,1,4,0,0,7,5,0,1,4,1,1,0,3,24,6.0,1,-2.39527027027027,0.34312123305543984,0.4886000000000001,7,5,Home
CBC,WWC,6029,6.0,S6,3,0,0,1,3,2,0,0,6,1,1,2,4,4,0,0,4,20,6.0,0,-3.39527027027027,0.42240239184975725,0.6251999999999999,7,5,Home
CC,MOB,8525,8.2,S8B,7,3,0,1,2,2,0,0,6,3,1,2,3,0,1,0,6,23,5.0,6,2.7786069651741294,-0.17561308809033097,-0.4092,7,5,Away
CC,NUT,8507,8.2,S8B,2,1,0,1,0,1,0,0,0,5,2,3,7,1,0,0,2,20,6.0,1,-2.865671641791045,0.3717735045350061,0.3341,12,7,Away
CC,NUT,8524,8.2,S8B,6,2,2,1,2,2,0,0,3,5,3,3,3,1,0,0,7,26,6.0,6,2.134328358208955,-0.10266459335822334,-0.2889999999999999,11,5,Home
CC,QQ,8504,8.2,S8B,1,1,1,3,4,1,0,0,3,0,2,8,4,1,2,0,9,27,6.0,5,1.1343283582089554,0.01011635769516183,-0.32399999999999995,13,6,Home
CC,QQ,8531,8.2,S8B,8,2,0,0,0,0,0,0,2,9,3,2,2,0,0,0,2,20,6.0,2,-1.8656716417910448,0.27177350453500615,0.24549999999999997,12,4,Away
CC,SBD,8515,8.2,S8B,4,1,0,0,2,3,0,0,4,4,0,3,4,2,1,1,3,21,6.0,1,-2.865671641791045,0.38455445558839135,0.1797,10,6,Home
CC,TXR,8512,8.2,S8B,3,4,0,0,0,1,0,0,7,5,4,1,1,0,1,0,4,23,6.0,5,1.1343283582089554,-0.01118522739381355,-0.040400000000000005,8,1,Home
CC,TXR,8520,8.2,S8B,5,2,0,1,4,3,1,0,2,2,0,6,5,3,0,0,7,26,6.333333333333333,7,2.287103665093851,-0.11794212404671299,-0.26809999999999995,12,7,Away
CCD,BAG,8008,8.1,S8A,2,1,0,0,0,3,0,0,1,11,2,2,2,0,0,0,1,22,6.0,2,-2.0599999999999996,0.29956289139044423,0.35509999999999997,11,6,Away
CCD,BIS,8020,8.1,S8A,4,2,0,3,3,0,0,0,4,5,2,3,4,0,0,0,8,26,6.0,5,0.9400000000000001,0.01657432618870679,-0.3797000000000001,9,4,Away
CCD,BLO,8005,8.1,S8A,1,1,0,3,2,1,0,1,2,4,6,2,0,0,0,1,6,21,5.0,4,-0.7010584892391206,0.1636687403143563,-0.22959999999999997,6,3,Away
CCD,CDT,8032,8.1,S8A,6,2,1,0,1,2,0,0,2,11,1,1,3,0,0,0,4,24,6.0,4,-0.05999999999999994,0.10806860878957546,0.12400000000000003,13,4,Away
CCD,MKW,8038,8.1,S8A,7,0,0,0,0,0,0,0,2,3,7,3,3,0,0,0,0,18,6.0,0,-4.06,0.4825514565921817,0.5325,11,8,Away
CCD,MMM,8016,8.1,S8A,3,3,0,1,5,2,0,0,4,3,7,1,2,1,0,0,9,28,6.0,7,2.94,-0.17491995641216196,0.2538,9,2,Home
CCD,NXS,8028,8.1,S8A,5,2,0,1,3,2,0,0,5,2,10,2,2,0,0,0,6,29,7.0,5,-0.4954838709677418,0.172881289384178,-0.5301,15,3,Home
CCD,PPM,8047,8.1,S8A,8,3,0,1,2,1,0,0,1,6,2,5,4,0,2,0,6,25,6.0,5,0.9400000000000004,0.020827184888272444,-0.20309999999999997,9,6,Home
CCF,BAY,3016,3.0,S3,4,1,1,1,1,5,0,1,2,6,1,1,1,1,0,0,4,20,4.0,3,-0.5027293844367009,0.1542066022742233,0.0,6,3,Home
CCF,BAY,3041,3.0,S3,11,3,3,2,4,2,0,0,3,3,1,6,0,2,0,0,12,27,5.0,8,4.264729715005749,-0.28616252532932807,0.0,8,3,Away
CCF,BER,3025,3.0,S3,7,0,0,1,1,2,0,0,6,5,0,2,4,1,0,0,2,21,6.0,0,-5.521951219512195,0.6613254689733004,0.0,14,6,Home
CCF,BER,3054,3.0,S3,14,1,2,3,3,2,0,0,3,2,1,0,6,1,0,0,9,23,4.333333333333333,5,2.4583581753678656,-0.1263121041316503,0.0,10,6,Away
CCF,CIN,3023,3.0,S3,6,4,0,1,3,2,0,1,1,2,0,1,3,2,0,0,8,17,3.0,5,2.2390243902439027,-0.13555882476842007,0.0,6,3,Home
CCF,CIN,3050,3.0,S3,13,0,0,2,2,2,0,1,2,4,0,3,0,0,0,0,4,15,3.0,4,0.8311971875065205,-0.005169470877737101,0.0,3,2,Away
CCF,FTP,3009,3.0,S3,3,0,0,2,1,0,0,0,2,5,1,1,0,0,0,0,3,12,3.0,1,-1.6165311653116525,0.2240133148294972,0.0,3,2,Away
CCF,FTP,3040,3.0,S3,10,3,0,0,1,1,0,0,4,3,0,3,1,1,0,0,4,16,4.0,4,0.3186991869918705,0.05127701236525552,0.0,4,0,Home
CCF,LAN,3006,3.0,S3,2,1,0,1,5,0,0,0,1,6,0,4,4,3,0,0,7,22,6.0,2,-3.9297784222495764,0.5073048724385663,0.0,13,6,Home
CCF,LAN,3033,3.0,S3,9,1,0,3,1,4,0,0,5,2,0,6,3,2,0,0,5,25,6.0,4,-1.5219512195121943,0.282112201739411,0.0,12,7,Away
CCF,SCB,3002,3.0,S3,1,0,0,2,0,1,0,0,3,10,2,1,1,1,0,0,2,20,6.0,0,-5.521951219512194,0.6561287857817727,0.0,8,1,Away
CCF,SCB,3030,3.0,S3,8,4,0,2,3,3,0,0,4,8,2,1,2,1,0,0,9,29,6.0,7,1.6566202090592346,-0.014958208351621271,0.0,10,4,Home
CCF,TZS,3018,3.0,S3,5,0,0,2,5,2,0,0,6,5,2,1,2,2,0,0,7,25,6.0,1,-4.521951219512194,0.582112201739411,0.0,7,3,Away
CCF,TZS,3047,3.0,S3,12,3,3,3,5,3,0,0,6,4,0,5,3,0,0,0,14,35,6.0,14,8.622493224932251,-0.6803654107897568,0.0,10,7,Home
CCS,DCL,4030,4.0,S4,4,2,0,5,6,2,0,0,1,5,1,5,4,2,0,0,13,31,6.0,9,3.38622754491018,-0.20855509707072875,-0.38110000000000005,12,4,Away
CCS,DCL,4086,4.0,S4,11,0,0,2,3,6,0,0,6,6,2,2,1,1,0,0,5,28,6.0,4,-1.61377245508982,0.2788577102756949,0.1706,10,6,Home
CCS,DDD,12051,12.0,S12,11,3,0,1,7,2,0,0,5,6,1,2,2,1,0,1,11,29,6.0,7,3.3250807319698605,-0.2085810575680047,-0.3478999999999998,8,5,Home
CCS,EEE,4056,4.0,S4,7,2,0,3,3,2,0,0,4,9,0,2,0,0,0,0,8,25,5.0,7,2.3218562874251503,-0.12729235662937843,-0.32400000000000007,10,1,Away
CCS,EEE,4112,4.0,S4,14,4,0,3,2,3,0,0,4,2,0,6,4,2,0,0,9,28,6.0,8,2.38622754491018,-0.12114228972430516,-0.43519999999999986,9,6,Home
CCS,FWG,4037,4.0,S4,5,2,0,0,4,5,0,0,4,3,0,4,5,2,0,0,6,27,6.0,3,-2.6137724550898196,0.37466197939116935,-0.08709999999999996,13,7,Home
CCS,FWG,4093,4.0,S4,12,1,1,3,2,6,0,0,3,1,0,6,5,3,0,0,7,28,6.0,2,-3.61377245508982,0.4788577102756948,0.13000000000000006,11,5,Away
CCS,KEG,12061,12.0,S12,13,3,2,4,5,1,0,0,6,3,1,5,2,1,2,0,14,32,6.0,9,5.3250807319698605,-0.3920574554841405,-0.39160000000000006,10,6,Home
CCS,LDN,4006,4.0,S4,1,0,0,5,2,2,0,0,4,7,0,0,1,0,0,0,7,21,4.0,3,-0.7425149700598798,0.16236184558102262,-0.087,7,1,Home
CCS,LDN,4061,4.0,S4,8,1,1,1,2,3,0,0,8,1,1,4,2,2,0,0,5,24,6.0,2,-3.6137724550898196,0.462074786737593,0.003096,11,5,Away
CCS,LMN,4015,4.0,S4,2,2,1,0,4,4,0,0,3,2,1,3,2,2,2,2,7,22,5.0,4,-0.6781437125748497,0.176903374255147,-0.45030000000000003,8,5,Away
CCS,LMN,4071,4.0,S4,9,1,1,3,4,1,0,0,5,2,0,5,4,2,0,0,9,26,6.0,5,-0.6137724550898198,0.1704662485066439,0.05759999999999995,10,6,Home
CCS,MBX,4021,4.0,S4,3,4,1,1,5,3,0,0,4,8,1,1,3,0,0,1,11,31,6.0,8,2.3862275449101804,-0.1043593661862034,-0.3817000000000001,16,7,Home
CCS,MBX,4077,4.0,S4,10,2,0,3,2,4,0,0,1,8,1,3,3,2,0,0,7,27,6.0,6,0.38622754491018046,0.07466197939116936,-0.2898000000000001,13,6,Away
CCS,MMN,12006,12.0,S12,2,0,1,3,3,2,0,0,3,8,1,3,2,0,0,1,7,26,6.0,4,0.32508073196986026,0.07902624086909713,0.2976000000000001,9,5,Home
CCS,MMN,12037,12.0,S12,8,3,0,1,4,2,0,0,3,11,1,0,0,0,0,0,8,25,5.0,5,1.9375672766415506,-0.09048421464000395,-0.20149999999999998,3,1,Away
CCS,PQD,12018,12.0,S12,4,0,0,3,2,4,1,0,7,2,3,4,1,1,0,0,5,26,6.0,2,-1.6749192680301397,0.27489534034813107,0.3103999999999999,9,4,Away
CCS,SAL,12004,12.0,S12,1,1,0,1,4,0,0,0,4,2,4,1,3,1,2,0,6,20,5.0,3,-0.06243272335844974,0.0971230837970979,-0.17820000000000008,9,5,Away
CCS,SAL,12031,12.0,S12,7,0,0,1,4,2,0,0,2,5,2,4,3,2,1,0,5,23,6.0,1,-2.6749192680301395,0.366633539306199,0.2133,9,7,Home
CCS,SCR,12011,12.0,S12,3,3,1,0,3,0,0,0,4,0,9,4,1,0,0,0,7,25,6.0,4,0.3250807319698603,0.07076443982716504,-0.12779999999999994,13,4,Home
CCS,SCR,12029,12.0,S12,6,3,0,2,2,0,0,0,4,4,2,4,1,0,0,0,7,22,5.0,6,2.93756727664155,-0.2028769162029021,-0.47009999999999985,6,5,Away
CCS,SDV,12041,12.0,S12,9,2,1,4,6,2,0,0,4,4,8,9,1,1,1,0,13,41,9.0,7,1.4876210979547906,0.024735712085094775,-0.19009999999999996,20,7,Home
CCS,SDV,12069,12.0,S12,14,3,0,4,0,3,0,0,5,5,3,0,2,0,0,0,7,25,5.0,8,4.93756727664155,-0.39048421464000393,-0.36190000000000017,7,3,Away
CCS,SEF,12021,12.0,S12,5,2,0,2,2,6,0,0,5,6,1,2,4,0,0,0,6,30,6.0,7,3.3250807319698605,-0.2085810575680047,0.06419999999999995,10,7,Home
CCS,SEF,12049,12.0,S12,10,1,2,1,0,8,0,0,6,10,1,1,2,1,1,0,4,32,7.0,2,-1.6498923573735196,0.3013089529292314,0.19390000000000007,14,4,Away
CCS,VFQ,4047,4.0,S4,6,1,0,1,2,1,0,0,6,5,0,2,2,0,0,0,4,20,5.0,2,-2.6781437125748497,0.35172898894799415,0.026899999999999986,6,4,Away
CCS,VFQ,4103,4.0,S4,13,1,2,4,5,4,0,0,3,8,1,2,2,2,0,0,12,32,6.0,7,1.3862275449101804,-0.004359366186203355,-0.23199999999999982,9,5,Home
CCS,WWC,12060,12.0,S12,12,1,0,2,2,0,0,0,3,4,1,5,2,0,0,0,5,20,5.0,2,-1.0624327233584498,0.18886128275516584,-0.032599999999999955,11,5,Away
CDT,BAG,8013,8.1,S8A,3,2,0,3,1,1,0,0,4,4,3,2,5,0,0,0,6,25,6.0,4,-0.05999999999999983,0.11232146748914115,-0.18669999999999992,14,9,Home
CDT,BLO,8009,8.1,S8A,2,1,0,3,1,1,0,0,0,3,5,6,3,1,0,0,5,23,6.0,1,-3.06,0.4038157500900099,0.268,11,4,Away
CDT,CCD,8032,8.1,S8A,6,2,2,6,4,6,0,0,3,5,2,1,5,0,2,2,14,36,6.0,13,8.94,-0.7238856520173742,-0.37599999999999995,13,6,Home
CDT,GND,8039,8.1,S8A,7,3,1,2,2,5,0,0,1,9,3,1,2,1,0,0,8,29,5.666666666666667,5,1.1016915422885574,0.013163748058547975,-0.905,8,4,Away
CDT,MKW,8023,8.1,S8A,4,1,1,0,2,0,0,0,5,4,0,6,2,1,0,0,4,21,6.0,2,-2.0599999999999996,0.2953100326908786,0.3652,9,4,Home
CDT,MMM,8004,8.1,S8A,1,1,0,0,5,4,0,0,2,4,3,3,4,0,0,0,6,26,6.0,4,-0.060000000000000275,0.11657432618870682,0.42069999999999996,10,5,Home
CDT,NXS,8044,8.1,S8A,8,0,0,2,6,0,0,0,2,3,2,6,4,1,0,0,8,25,6.0,1,-3.0599999999999996,0.4123214674891411,0.2394,12,4,Home
CDT,PPM,8026,8.1,S8A,5,2,1,3,2,5,0,0,3,9,0,1,1,1,1,0,8,27,5.0,8,4.616666666666667,-0.3425866230788286,-0.3746999999999999,7,4,Away
CEL,DBV,4001,4.0,S4,1,0,1,1,4,1,0,0,3,4,5,1,2,0,1,0,6,22,5.0,3,-1.67814371257485,0.26431618160157055,-0.010799999999999992,12,5,Home
CEL,DBV,4057,4.0,S4,8,0,1,6,4,3,0,0,6,5,2,3,2,0,1,0,11,32,6.0,8,2.38622754491018,-0.10016363530167784,0.10556099999999999,13,6,Away
CEL,DDD,4042,4.0,S4,6,0,2,2,2,0,0,0,4,4,2,1,1,0,1,0,6,18,4.0,3,-0.7425149700598799,0.15397038381197173,-0.08260000000000003,7,3,Away
CEL,DDD,4098,4.0,S4,13,2,1,2,2,3,0,0,10,4,2,1,1,0,0,0,7,28,6.0,6,0.38622754491018024,0.07885771027569478,-0.23700000000000007,9,3,Home
CEL,HON,4027,4.0,S4,4,0,1,1,5,5,0,0,5,6,0,1,2,1,0,0,7,26,5.0,3,-1.67814371257485,0.27690337425514694,0.028200000000000006,8,3,Away
CEL,HON,4083,4.0,S4,11,3,2,1,8,7,0,0,4,6,3,1,2,1,0,0,14,38,6.0,13,7.386227544910181,-0.5791849808790506,-0.41859999999999997,13,6,Home
CEL,N69,4052,4.0,S4,7,2,0,0,2,2,0,0,6,3,1,4,1,0,0,0,4,21,5.0,2,-2.67814371257485,0.3559247198325196,0.05020000000000001,8,5,Home
CEL,N69,4108,4.0,S4,14,3,0,1,1,1,0,0,3,13,1,0,1,0,0,0,5,24,6.0,3,-2.61377245508982,0.36207478673759297,0.24530000000000007,8,2,Away
CEL,PDB,4018,4.0,S4,3,2,1,1,1,2,0,0,4,7,0,4,1,2,0,0,5,23,6.0,3,-2.6137724550898196,0.35787905585306756,-0.005199999999999982,9,3,Home
CEL,PDB,4074,4.0,S4,10,2,0,2,4,0,0,0,5,4,0,1,4,0,0,0,8,22,4.666666666666667,4,-0.43974165071918003,0.13628024453147808,-0.31620000000000004,9,5,Away
CEL,PGA,4035,4.0,S4,5,1,0,3,5,2,0,0,4,5,1,3,2,2,0,1,9,26,6.0,4,-1.61377245508982,0.27466197939116943,0.1635000000000001,11,5,Home
CEL,PGA,4091,4.0,S4,12,0,1,3,4,5,1,0,4,6,0,1,3,1,0,0,8,27,5.0,7,2.3218562874251503,-0.11890089486032764,-0.297,8,6,Away
CEL,PGS,4012,4.0,S4,2,1,1,3,4,1,0,0,3,3,2,4,2,1,0,0,9,24,5.0,7,2.3218562874251503,-0.131488087513904,-0.28989999999999994,11,6,Away
CEL,PGS,4068,4.0,S4,9,2,1,3,3,2,0,0,1,4,1,5,6,1,0,0,9,28,6.0,6,0.38622754491017997,0.07885771027569481,-0.3225,14,7,Home
CHI,GBC,5086,5.0,S5,8,3,0,1,5,6,0,0,4,4,2,4,0,2,0,2,9,29,6.0,6,1.9761336515513124,-0.07358082121200302,-0.4139000000000001,10,6,Home
CHI,GTY,5099,5.0,S5,9,3,2,4,3,3,0,0,4,1,1,3,5,0,1,0,12,30,5.0,10,7.646778042959427,-0.6406452603528145,-0.9805999999999998,9,6,Home
CHI,ISO,5038,5.0,S5,4,0,1,1,2,2,0,0,1,4,3,2,6,2,0,0,4,22,6.0,0,-4.023866348448688,0.4904097305464436,0.32330000000000003,9,5,Home
CHI,KRB,5014,5.0,S5,2,1,1,0,4,1,0,0,3,5,2,4,2,2,0,0,6,23,6.0,2,-2.0238663484486876,0.29441078035106066,0.40770000000000006,11,5,Away
CHI,KRB,5146,5.0,S5,13,0,0,0,2,3,0,0,3,3,3,5,4,0,0,0,2,23,6.0,1,-3.0238663484486876,0.39441078035106064,0.2925999999999999,14,7,Home
CHI,PPP,5063,5.0,S5,6,0,0,0,1,2,0,0,8,2,3,1,3,1,0,0,1,20,6.0,0,-4.023866348448688,0.4824076309372095,0.3316000000000001,8,4,Away
CHI,RKT,5002,5.0,S5,1,2,0,2,1,0,0,0,2,2,4,5,2,0,0,0,5,20,5.0,3,-0.3532219570405728,0.1153431917963981,-0.039399999999999984,10,5,Away
CHI,RKT,5134,5.0,S5,12,0,0,2,3,1,0,0,6,2,1,5,4,0,0,0,5,24,6.0,2,-2.0238663484486876,0.2984118301556777,0.2141999999999999,10,4,Home
CHI,SPR,5050,5.0,S5,5,1,0,2,2,4,0,0,4,9,0,2,1,2,0,0,5,25,6.0,3,-1.0238663484486878,0.20241287996029478,0.0036000000000000025,9,3,Home
CHI,TSA,5112,5.0,S5,10,1,1,1,0,3,0,0,2,4,4,5,2,1,0,0,3,23,6.0,2,-2.0238663484486876,0.2944107803510606,0.153485,13,7,Away
CHI,WSH,5026,5.0,S5,3,1,0,4,2,6,0,1,3,0,0,8,6,1,0,0,7,30,6.0,9,4.976133651551312,-0.3775818710166201,-0.34769999999999995,13,6,Home
CHI,WSH,5157,5.0,S5,14,2,0,2,5,1,0,0,4,2,1,2,2,1,0,0,9,21,4.0,7,4.317422434367542,-0.34772019753979627,-0.6555,7,2,Away
CHI,WWC,5075,5.0,S5,7,0,1,2,2,1,0,0,7,2,0,4,0,1,0,0,5,19,4.666666666666667,3,-0.17106020345024797,0.09312596663274855,-0.24189999999999998,6,1,Away
CHI,YUM,5122,5.0,S5,11,1,0,1,3,1,0,0,5,2,2,4,5,0,0,0,5,24,6.0,1,-3.0238663484486876,0.3984118301556777,0.41309999999999997,9,5,Away
CIM,BBB,6008,6.0,S6,1,1,2,3,2,8,0,1,4,4,6,0,2,0,0,2,8,32,6.0,7,3.6047297297297294,-0.21958485277433148,-0.3266999999999999,9,4,Home
CIM,FRG,6064,6.0,S6,5,2,0,1,3,0,0,0,7,4,1,2,0,1,0,0,6,20,5.0,3,0.1706081081081079,0.06581455401191946,-0.1789,5,2,Away
CIM,HEL,6134,6.0,S6,10,0,0,3,1,1,0,0,2,4,6,2,3,0,0,0,4,22,5.666666666666667,0,-2.949120986057726,0.3860749999107759,0.6787,11,8,Away
CIM,LIM,6050,6.0,S6,4,0,0,3,1,1,0,0,1,5,7,2,2,1,0,0,4,22,6.0,1,-2.39527027027027,0.3306899283320303,0.2916,8,5,Home
CIM,MBT,6190,6.0,S6,14,0,1,0,1,3,0,0,1,6,1,5,2,3,0,0,2,20,6.0,1,-2.39527027027027,0.3224023918497573,0.2886999999999999,12,6,Home
CIM,MVS,6022,6.0,S6,2,0,1,1,0,2,0,0,1,6,2,3,3,0,0,0,2,19,5.0,0,-2.829391891891892,0.36167078577078293,0.37239999999999995,12,6,Away
CIM,PBA,6078,6.0,S6,6,3,2,2,4,2,0,0,6,5,1,2,1,0,0,0,11,28,5.0,10,7.170608108108108,-0.6010353000589884,-0.4137,8,3,Home
CIM,PHB,6092,6.0,S6,7,1,0,5,4,3,0,1,1,3,8,1,2,0,0,0,10,28,5.0,6,3.170608108108108,-0.20103530005898845,-0.31949999999999995,11,5,Away
CIM,POR,6035,6.0,S6,3,4,0,0,3,2,0,0,4,5,1,3,4,1,0,0,7,26,6.0,6,2.6047297297297294,-0.15273499870342364,-0.23629999999999995,11,7,Home
CIM,PUK,6107,6.0,S6,8,0,0,2,3,6,0,1,5,5,1,4,2,1,1,0,5,28,6.0,2,-1.3952702702702704,0.2596963060199859,0.2721,13,6,Away
CIM,SLT,6176,6.0,S6,13,1,0,1,1,1,0,0,3,9,1,3,2,0,0,0,3,22,6.0,1,-2.39527027027027,0.3306899283320303,0.4627,7,5,Away
CIM,SUP,6162,6.0,S6,12,2,0,3,1,3,0,1,5,5,2,2,4,0,0,0,6,27,6.0,6,2.60472972972973,-0.14859123046228714,-0.5025000000000002,11,5,Home
CIM,TAK,6148,6.0,S6,11,0,0,3,3,2,0,0,5,4,6,1,1,0,0,1,6,25,6.0,4,0.6047297297297295,0.04726500129657636,-0.13540000000000008,10,5,Away
CIM,TTT,6120,6.0,S6,9,0,0,2,3,1,0,0,5,5,1,3,4,0,0,0,5,24,6.0,1,-2.3952702702702706,0.33897746481430335,0.5124,11,8,Home
CIN,BAY,3011,3.0,S3,3,1,0,4,1,1,0,0,1,5,0,7,4,1,0,0,6,24,6.0,4,-1.5219512195121943,0.2769155185478833,0.0,14,4,Away
CIN,BAY,3038,3.0,S3,10,3,2,5,3,3,0,0,6,3,1,3,5,0,0,0,13,34,6.0,8,2.2757760532150786,-0.05089037680956732,0.0,12,6,Home
CIN,BER,3017,3.0,S3,5,1,1,4,3,4,0,1,3,8,3,2,1,1,0,0,9,30,6.0,6,0.6722757863586473,0.08867291710996514,0.0,12,5,Home
CIN,BER,3046,3.0,S3,12,2,3,4,1,4,0,0,3,4,0,4,0,1,0,0,10,25,4.0,9,5.3186991869918705,-0.4019528389109955,0.0,8,2,Away
CIN,CCF,3023,3.0,S3,6,1,0,0,1,2,0,0,3,1,0,2,1,1,0,0,2,11,2.6666666666666665,1,-1.2759456696363367,0.18475808207043795,0.0,3,3,Away
CIN,CCF,3050,3.0,S3,13,0,1,1,0,1,0,0,4,4,0,3,1,0,0,0,2,15,4.0,0,-3.6813008130081295,0.44608032917372786,0.0,8,4,Home
CIN,FTP,3008,3.0,S3,2,0,1,1,2,1,0,0,3,8,0,0,1,0,0,0,4,17,4.0,2,-2.089128015745512,0.2972564158305214,0.0,7,2,Home
CIN,FTP,3035,3.0,S3,9,1,1,2,2,4,0,1,3,3,0,5,3,1,0,0,6,24,5.0,4,-0.4073990103893202,0.16546029763559594,0.0,10,5,Away
CIN,LAN,3003,3.0,S3,1,1,0,1,4,1,0,0,3,4,0,2,0,0,0,0,6,16,3.0,5,2.2390243902439027,-0.14075550795994773,0.0,5,2,Away
CIN,LAN,3029,3.0,S3,8,3,2,3,6,3,0,0,10,6,0,0,2,0,0,0,14,35,6.0,10,4.478048780487805,-0.2659209663453123,0.0,8,2,Home
CIN,SCB,3026,3.0,S3,7,0,1,1,2,2,1,0,3,6,1,4,3,0,0,1,4,23,6.0,1,-4.521951219512194,0.5769155185478834,0.0,10,4,Home
CIN,SCB,3053,3.0,S3,14,1,4,1,2,3,0,0,1,5,0,4,2,0,0,0,8,23,4.0,7,3.5129261928627122,-0.2317689058811349,0.0,8,6,Away
CIN,TZS,3013,3.0,S3,4,3,1,3,5,0,0,0,4,6,3,1,3,1,0,0,12,29,6.0,9,3.4780487804878057,-0.19710106549447842,0.0,15,6,Home
CIN,TZS,3042,3.0,S3,11,0,0,1,1,2,0,0,4,4,1,3,6,0,0,0,2,22,6.0,0,-5.521951219512195,0.666522152164828,0.0,11,9,Away
CPR,BBB,7053,7.0,S7,7,4,0,1,3,7,0,0,5,5,1,2,1,1,0,0,8,29,5.0,9,6.257368799424874,-0.5042837561868949,-0.252,6,2,Away
CPR,FAP,7024,7.0,S7,3,1,0,0,1,1,0,0,6,4,0,1,3,0,0,1,2,17,5.0,1,-1.7426312005751257,0.2496478175609838,0.1287,6,5,Away
CPR,FAP,7111,7.0,S7,14,0,0,1,5,2,0,0,5,4,1,2,3,1,1,2,6,23,6.0,0,-3.291157440690151,0.4380047515740291,0.6287,9,6,Home
CPR,KNX,7048,7.0,S7,6,0,0,0,0,1,0,0,3,1,10,3,1,0,0,0,0,19,6.0,0,-3.291157440690151,0.4086884803226792,0.5831000000000001,12,4,Home
CPR,MMA,7014,7.0,S7,2,1,0,1,1,2,0,0,1,5,5,4,3,0,0,0,3,23,6.0,2,-1.2911574406901507,0.22544063532345054,0.3591,14,4,Away
CPR,MMA,7104,7.0,S7,13,0,1,1,0,3,0,0,4,4,3,4,2,1,0,0,2,22,6.0,1,-2.2911574406901507,0.3212525965732577,0.36529999999999996,12,4,Home
CPR,PBA,7033,7.0,S7,5,1,0,1,5,3,0,2,4,2,3,2,3,1,0,0,7,24,5.0,5,2.257368799424874,-0.12522394993785912,-0.116,9,5,Away
CPR,SCG,7070,7.0,S7,9,1,0,3,3,3,0,0,5,3,1,4,2,3,0,0,7,25,6.0,2,-1.2911574406901507,0.2338167128238362,0.2644000000000001,9,4,Away
CPR,SSC,7088,7.0,S7,11,1,1,4,1,1,0,0,4,3,1,3,1,1,0,0,7,20,4.333333333333333,6,3.5654256714627888,-0.27278179214242193,-0.22699999999999998,6,4,Away
CPR,SSJ,7030,7.0,S7,4,3,0,2,2,1,0,0,6,7,2,1,1,1,0,0,7,25,6.0,5,1.7088425593098489,-0.0661832871761637,-0.19740000000000002,8,2,Home
CPR,STK,7079,7.0,S7,10,1,0,1,4,4,0,0,5,1,8,1,2,1,0,0,6,27,6.0,4,0.7088425593098492,0.04219279032422195,-0.13160000000000002,12,4,Home
CPR,TRI,7064,7.0,S7,8,2,0,2,2,2,0,1,3,11,1,1,1,0,0,1,6,25,6.0,4,0.7088425593098492,0.038004751574029084,0.0417,13,2,Home
CPR,WSW,7004,7.0,S7,1,1,1,3,4,1,0,1,2,3,2,4,5,2,0,0,9,26,6.0,4,0.7088425593098491,0.03800475157402913,-0.14830000000000002,11,6,Home
CPR,WSW,7089,7.0,S7,12,0,0,0,0,4,0,0,4,4,0,5,2,0,0,0,0,19,5.0,0,-2.7426312005751257,0.35383585631117664,0.4284,10,3,Away
CRN,ACK,10064,10.0,S10,13,0,1,2,4,0,0,0,5,6,1,3,0,0,1,0,7,22,5.0,3,-0.44334433443344357,0.13358291230826336,-0.17890000000000006,5,2,Away
CRN,BEE,10027,10.0,S10,6,0,1,3,5,0,0,0,6,3,2,0,3,1,0,0,9,23,5.0,4,0.5566556655665563,0.03358291230826343,-0.3017,9,5,Away
CRN,BEE,10051,10.0,S10,11,2,0,1,0,3,0,0,3,11,1,1,2,0,0,0,3,24,6.0,2,-2.1320132013201323,0.30633016764323306,0.2945,10,4,Home
CRN,GOB,10022,10.0,S10,5,2,1,1,1,1,0,0,7,7,0,1,2,0,0,1,5,23,6.0,2,-2.1320132013201323,0.3063301676432331,0.01199999999999999,7,4,Home
CRN,GOB,10037,10.0,S10,8,2,0,0,2,4,0,1,7,3,2,2,1,0,1,0,4,23,5.0,4,0.5566556655665564,0.03746328095456425,-0.2457,7,4,Away
CRN,GRS,10012,10.0,S10,3,2,1,1,2,3,0,0,7,4,2,2,1,0,0,1,6,25,5.666666666666667,7,3.087211081985095,-0.20783152339468794,-0.5912999999999999,8,3,Away
CRN,KIR,10017,10.0,S10,4,0,0,1,4,3,0,0,5,6,1,5,0,1,2,0,5,25,6.0,2,-2.1320132013201323,0.31797127358213556,0.315,11,3,Away
CRN,KIR,10067,10.0,S10,14,1,0,3,2,4,0,0,3,5,1,6,1,1,1,1,6,26,6.0,5,0.8679867986798679,0.021851642228436413,-0.25220000000000004,10,7,Home
CRN,KRK,10002,10.0,S10,1,1,0,3,2,1,0,0,6,4,1,1,5,0,0,1,6,24,6.0,2,-2.1320132013201327,0.3102105362895339,0.26560000000000006,12,7,Home
CRN,KRK,10048,10.0,S10,10,0,0,1,1,2,0,0,2,7,1,2,4,2,0,0,2,20,6.0,0,-4.132013201320133,0.4908086930580298,0.6927,11,7,Away
CRN,SEO,10044,10.0,S10,9,1,2,7,3,1,0,0,6,7,3,3,2,0,0,0,13,35,7.0,10,5.179317931793179,-0.38211889055878895,-0.7042,12,6,Home
CRN,SSS,10034,10.0,S10,7,1,1,1,2,4,0,0,7,2,1,1,4,2,0,1,5,24,6.0,2,-2.1320132013201323,0.31021053628953393,0.2743999999999999,12,6,Home
CRN,ZAH,10008,10.0,S10,2,0,1,1,3,0,0,0,2,6,5,1,3,1,0,0,5,22,6.0,1,-3.1320132013201327,0.39856943035063147,0.15069999999999995,13,7,Away
CRN,ZAH,10060,10.0,S10,12,1,0,3,0,2,0,0,6,1,2,3,5,1,0,0,4,23,6.0,1,-3.1320132013201327,0.4024497989969323,0.44209999999999994,10,7,Home
CWJ,AAL,6130,6.0,S6,10,1,0,1,2,4,0,0,4,1,7,5,1,1,0,0,4,26,6.333333333333333,2,-1.5541671842558253,0.2631546926951318,0.38999999999999996,13,8,Home
CWJ,BAC,6141,6.0,S6,11,1,0,2,3,2,0,0,4,10,3,4,4,1,0,0,6,33,8.666666666666666,6,-1.7897800741918388,0.3157223593766888,0.050900000000000056,19,6,Away
CWJ,CBC,6002,6.0,S6,1,1,0,0,6,1,0,0,6,4,1,2,1,0,1,1,7,22,5.0,2,-0.8293918918918919,0.1823896269764655,-0.015799999999999974,8,3,Away
CWJ,JEF,6059,6.0,S6,5,3,0,2,10,5,0,0,9,3,4,1,1,0,2,0,15,38,6.0,10,6.60472972972973,-0.49472224332751247,-0.5971,7,2,Home
CWJ,LID,6049,6.0,S6,4,1,0,3,4,2,0,0,5,1,1,4,5,2,0,0,8,26,6.0,2,-1.3952702702702704,0.24726500129657636,0.3427,10,6,Home
CWJ,LMN,6161,6.0,S6,12,2,0,1,3,1,0,0,4,1,2,2,2,0,0,1,6,18,4.0,4,1.7364864864864866,-0.09491705206705492,-0.2526,7,5,Away
CWJ,MPD,6034,6.0,S6,3,1,0,0,10,1,0,0,6,2,6,0,3,0,1,0,11,29,5.666666666666667,4,0.9167027482794767,0.03264277240614767,-0.4436,9,4,Away
CWJ,PUK,6020,6.0,S6,2,2,0,0,3,4,0,0,3,7,1,2,3,2,0,0,5,25,6.0,3,-0.3952702702702705,0.14312123305543986,0.14340000000000003,11,5,Home
CWJ,RBD,6117,6.0,S6,9,2,0,1,1,1,0,0,4,4,3,2,2,0,0,0,4,20,5.0,2,-0.8293918918918921,0.16581455401191944,-0.0045000000000000265,10,4,Away
CWJ,SAR,6091,6.0,S6,7,0,0,0,3,1,0,0,4,5,5,1,3,0,1,0,3,22,6.0,1,-2.39527027027027,0.3348336965731668,0.45370000000000005,10,5,Home
CWJ,SAS,6187,6.0,S6,14,1,0,0,2,1,0,0,2,2,8,2,1,0,0,0,3,19,5.0,1,-1.829391891891892,0.26167078577078295,0.1193,12,5,Away
CWJ,SGP,6171,6.0,S6,13,1,0,0,4,1,0,0,2,5,6,3,2,0,0,0,5,24,6.0,2,-1.3952702702702704,0.23897746481430332,0.01839999999999998,13,3,Home
CWJ,SLT,6108,6.0,S6,8,1,1,1,1,3,0,0,4,8,1,0,2,2,0,1,4,22,6.0,2,-1.3952702702702706,0.23483369657316683,0.0411,9,3,Home
CWJ,WWC,6076,6.0,S6,6,0,0,2,1,1,0,0,7,3,2,2,4,0,0,0,3,22,6.0,0,-3.39527027027027,0.4306899283320303,0.24509999999999996,9,5,Away
DAD,JUP,5022,5.0,S5,2,0,2,2,1,2,1,0,3,8,1,4,1,1,0,0,5,24,6.0,0,-4.023866348448688,0.4984118301556777,0.4869000000000001,8,6,Home
DAD,JUP,5154,5.0,S5,13,3,1,1,1,0,0,0,2,3,2,8,3,0,0,0,6,24,6.0,6,1.9761336515513124,-0.10158816984432234,-0.08190000000000004,11,3,Away
DAD,KTY,5095,5.0,S5,8,2,0,0,4,1,0,0,1,4,1,5,2,2,1,0,6,20,5.0,4,0.6467780429594269,0.019344241601015152,-0.18680000000000002,7,5,Away
DAD,LMN,5069,5.0,S5,6,1,1,0,5,1,1,0,2,2,4,4,3,2,0,1,7,23,6.0,1,-3.0238663484486876,0.3984118301556777,0.2647999999999999,11,6,Home
DAD,MVM,5132,5.0,S5,11,0,2,3,1,4,0,1,3,3,3,4,4,1,1,0,6,27,6.0,6,1.9761336515513124,-0.08558397062585418,-0.12920000000000004,10,6,Away
DAD,NUL,5008,5.0,S5,1,2,1,3,1,1,0,0,4,8,1,3,0,2,0,0,7,24,6.0,3,-1.0238663484486876,0.19841183015567768,-0.020599999999999993,9,3,Home
DAD,NUL,5141,5.0,S5,12,0,1,2,3,2,0,0,2,0,1,7,6,2,0,0,6,24,6.0,4,-0.023866348448687513,0.09841183015567768,-0.020699999999999975,12,6,Away
DAD,PHB,5080,5.0,S5,7,1,0,3,1,1,0,0,3,4,3,1,4,0,0,0,5,21,5.0,2,-1.353221957040573,0.2193442416010151,0.018700000000000012,10,4,Away
DAD,POR,5117,5.0,S5,10,0,0,3,2,1,0,1,0,1,0,7,9,1,0,0,5,23,6.0,0,-4.023866348448688,0.4944107803510607,0.043400000000000015,16,9,Home
DAD,SAR,5107,5.0,S5,9,2,1,1,6,3,0,0,1,4,0,8,3,2,1,0,10,29,6.0,5,0.9761336515513126,0.022418128983379915,0.11216400000000003,10,3,Home
DAD,TAC,5033,5.0,S5,3,2,1,3,7,3,1,0,1,2,0,3,5,2,0,0,13,27,5.0,7,3.646778042959427,-0.25664945957128266,-0.3714,8,4,Away
DAD,TAC,5166,5.0,S5,14,0,1,1,4,2,0,0,4,4,2,4,3,1,1,0,6,25,6.0,3,-1.0238663484486876,0.2064139297649117,-0.0015999999999999643,12,4,Home
DAD,TAI,5058,5.0,S5,5,0,0,3,3,3,1,0,5,6,4,1,1,1,0,0,6,26,6.0,3,-1.0238663484486876,0.20641392976491177,0.24159999999999995,10,3,Home
DAD,TRA,5043,5.0,S5,4,1,1,3,0,2,0,0,4,3,0,5,6,0,0,0,5,25,6.0,3,-1.0238663484486874,0.20241287996029472,0.29790000000000005,11,6,Away
DBV,CEL,4001,4.0,S4,1,1,0,1,5,1,0,0,5,8,1,0,0,0,0,0,7,22,4.666666666666667,5,0.5602583492808204,0.0362802445314781,-0.4204,10,1,Away
DBV,CEL,4057,4.0,S4,8,3,0,5,4,3,1,1,3,6,0,2,5,2,0,0,12,31,6.0,10,4.386227544910181,-0.3085550970707288,-0.361281,10,5,Home
DBV,DDD,4028,4.0,S4,4,0,1,3,6,7,0,0,3,5,3,2,3,2,0,0,10,33,6.0,6,0.38622754491017997,0.09983636469832223,-0.2226,10,7,Home
DBV,DDD,4084,4.0,S4,11,2,4,2,3,3,0,0,2,5,0,3,0,1,0,0,11,24,3.6666666666666665,10,6.876532648987739,-0.5869557236701629,-0.48350000000000004,4,1,Away
DBV,HON,4050,4.0,S4,7,0,0,5,2,7,1,0,2,5,1,3,1,2,0,0,7,26,4.666666666666667,5,1.1718562874251504,-0.008096625744853092,0.09550000000000003,5,1,Away
DBV,HON,4106,4.0,S4,14,0,0,3,5,3,0,0,1,5,0,5,4,3,0,0,8,26,6.0,3,-2.6137724550898196,0.3704662485066439,-0.09889999999999999,9,5,Home
DBV,N69,4043,4.0,S4,6,1,0,1,3,5,0,0,5,7,1,2,2,1,0,0,5,27,6.0,4,-1.61377245508982,0.2746619793911694,-0.02710000000000005,5,2,Home
DBV,N69,4099,4.0,S4,13,2,0,3,7,6,0,1,4,5,0,3,4,2,0,0,12,34,6.0,6,0.3862275449101803,0.10403209558284757,-0.3332,9,4,Away
DBV,PDB,4036,4.0,S4,5,0,0,1,1,1,0,0,0,3,0,7,3,2,0,0,2,16,5.0,0,-4.67814371257485,0.5349460654098923,0.1597,9,3,Away
DBV,PDB,4092,4.0,S4,12,3,1,1,3,3,0,0,0,4,0,4,7,2,0,0,8,27,6.0,7,1.3862275449101804,-0.025338020608830635,-0.2847,11,8,Home
DBV,PGA,4010,4.0,S4,2,2,1,4,10,6,0,1,4,4,1,2,3,2,1,2,17,37,6.0,11,5.386227544910181,-0.3749892499945251,-0.8882000000000002,10,3,Home
DBV,PGA,4066,4.0,S4,9,0,1,0,4,1,0,0,5,5,1,2,3,2,0,0,5,22,6.0,1,-4.61377245508982,0.553683324968542,0.19740000000000002,9,6,Away
DBV,PGS,4019,4.0,S4,3,2,2,2,5,2,0,0,5,6,1,1,2,0,0,0,11,28,5.0,6,1.3218562874251498,-0.01470516397580214,-0.4376,10,4,Away
DBV,PGS,4075,4.0,S4,10,0,1,5,4,0,0,0,3,2,1,6,4,2,0,0,10,26,6.0,5,-0.6137724550898198,0.1704662485066439,-0.4871,11,5,Home
DCL,CCS,4030,4.0,S4,4,3,0,5,3,2,0,0,4,8,0,1,5,0,0,0,11,31,6.0,9,3.38622754491018,-0.20855509707072878,-0.37960000000000005,12,5,Home
DCL,CCS,4086,4.0,S4,11,1,0,2,5,5,0,0,4,2,9,2,1,0,0,0,8,31,6.0,4,-1.6137724550898196,0.2914449029292713,0.16909999999999997,14,7,Away
DCL,EEE,4039,4.0,S4,5,4,0,3,3,1,0,0,2,6,0,5,1,0,0,1,10,25,5.0,7,2.32185628742515,-0.12309662574485308,-0.3631999999999999,11,5,Away
DCL,EEE,4095,4.0,S4,12,0,1,0,4,4,0,0,4,5,0,2,5,2,0,0,5,25,6.0,2,-3.61377245508982,0.46627051762211846,0.16919999999999996,12,7,Home
DCL,FWG,4024,4.0,S4,3,0,0,0,1,2,0,0,4,2,3,5,2,2,0,0,1,19,6.0,0,-5.61377245508982,0.6410961323149656,0.5733000000000001,11,6,Away
DCL,FWG,4080,4.0,S4,10,0,1,1,1,4,0,0,5,1,3,2,4,2,0,1,3,22,6.0,1,-4.61377245508982,0.5578790558530675,0.1519,10,6,Home
DCL,LDN,4045,4.0,S4,6,3,1,4,3,3,0,0,4,2,0,4,2,0,0,0,11,26,4.0,10,6.257485029940121,-0.5166594999963501,-0.4727,9,5,Home
DCL,LDN,4101,4.0,S4,13,0,0,4,5,5,0,1,2,4,1,2,3,3,0,0,9,26,5.0,6,1.32185628742515,-0.023096625744852994,-0.45650000000000013,9,5,Away
DCL,LMN,4053,4.0,S4,7,3,0,3,3,2,0,0,6,4,1,1,2,0,0,1,9,25,5.0,6,1.3218562874251498,-0.02309662574485309,-0.29019999999999996,9,3,Away
DCL,LMN,4109,4.0,S4,14,4,0,2,1,3,0,0,5,7,1,2,1,1,0,1,7,26,6.0,5,-0.6137724550898196,0.17466197939116931,-0.06829999999999987,10,4,Home
DCL,MBX,4008,4.0,S4,1,0,0,1,0,1,0,0,5,0,1,2,3,1,0,0,1,13,4.0,0,-3.74251497005988,0.4287959985048189,0.2212,8,4,Home
DCL,MBX,4064,4.0,S4,8,1,0,1,0,2,0,1,6,8,0,0,4,0,0,0,2,22,6.0,2,-3.6137724550898196,0.4536833249685421,0.4032,10,4,Away
DCL,VFQ,4014,4.0,S4,2,3,2,3,2,5,0,0,6,7,1,1,0,0,1,0,10,30,5.0,9,4.321856287425151,-0.3021179713222258,-0.8562,7,2,Away
DCL,VFQ,4070,4.0,S4,9,1,0,4,7,9,0,2,5,7,0,2,1,0,0,0,12,36,5.0,14,9.32185628742515,-0.7811393168995985,-0.4643999999999999,9,3,Home
DDD,CCS,12051,12.0,S12,11,1,1,3,6,2,0,0,5,3,4,3,1,1,0,1,11,29,6.0,6,2.3250807319698605,-0.10858105756800471,0.1521,9,8,Away
DDD,CEL,4042,4.0,S4,6,1,1,2,4,2,0,0,1,6,1,1,2,1,0,0,8,21,4.0,6,2.25748502994012,-0.13763815441897742,-0.49119999999999986,9,5,Home
DDD,CEL,4098,4.0,S4,13,0,0,1,2,2,0,0,5,6,0,4,3,0,0,0,3,23,6.0,2,-3.61377245508982,0.45787905585306754,0.26370000000000005,13,6,Away
DDD,DBV,4028,4.0,S4,4,0,1,1,2,4,0,1,1,8,4,1,3,1,0,0,4,25,6.0,3,-2.61377245508982,0.3662705176221185,0.27810000000000007,15,4,Away
DDD,DBV,4084,4.0,S4,11,1,3,1,0,1,0,0,1,3,0,5,3,0,1,0,5,18,4.0,3,-0.7425149700598799,0.1539703838119717,0.0064000000000000185,8,3,Home
DDD,HON,4009,4.0,S4,2,2,0,1,3,3,0,0,4,3,4,2,3,2,0,0,6,25,6.0,4,-1.6137724550898198,0.26627051762211845,0.01119999999999996,12,5,Away
DDD,HON,4065,4.0,S4,9,0,0,1,2,2,0,0,2,5,7,1,2,1,0,0,3,22,6.0,0,-5.61377245508982,0.6536833249685421,0.13889999999999997,12,6,Home
DDD,KEG,12016,12.0,S12,4,1,0,2,1,1,0,0,3,9,0,3,2,1,0,0,4,22,6.0,3,-0.6749192680301395,0.15837173826426693,0.1381,11,4,Away
DDD,KEG,12036,12.0,S12,8,0,0,3,2,5,0,0,8,5,1,3,0,1,0,0,5,27,6.0,4,0.32508073196986054,0.07902624086909711,-0.0505,8,4,Home
DDD,MMN,12046,12.0,S12,10,2,1,4,5,4,1,0,5,7,2,3,0,0,0,1,12,33,6.0,10,6.3250807319698605,-0.49205745548414054,-0.2907000000000001,9,4,Home
DDD,N69,4033,4.0,S4,5,1,1,0,6,2,0,0,1,5,5,2,1,1,0,0,8,24,5.0,5,0.32185628742515004,0.068511912486096,-0.2882,10,5,Away
DDD,N69,4089,4.0,S4,12,2,0,0,3,7,0,0,2,8,1,2,3,2,0,0,5,28,6.0,6,0.38622754491017997,0.0788577102756949,-0.15610000000000007,11,4,Home
DDD,PDB,4003,4.0,S4,1,1,1,1,0,2,0,1,2,7,3,2,1,0,0,0,3,20,5.0,2,-2.6781437125748497,0.3517289889479942,0.20330000000000004,6,1,Home
DDD,PDB,4063,4.0,S4,8,3,0,4,4,2,0,0,5,2,2,5,0,1,0,0,11,27,5.0,10,5.32185628742515,-0.4189008948603276,-0.202025,12,5,Away
DDD,PGA,4020,4.0,S4,3,0,1,3,2,3,0,0,3,11,0,2,2,0,0,0,6,27,6.0,3,-2.61377245508982,0.3746619793911694,-0.20330000000000004,11,5,Home
DDD,PGA,4076,4.0,S4,10,1,0,2,4,2,0,1,1,5,7,2,2,1,0,0,7,26,6.0,4,-1.6137724550898198,0.2704662485066439,0.12899999999999995,13,7,Away
DDD,PGS,4051,4.0,S4,7,1,3,3,3,4,0,0,3,4,3,2,1,2,0,0,10,27,5.0,8,3.32185628742515,-0.21890089486032768,-0.3748,9,3,Away
DDD,PGS,4107,4.0,S4,14,0,1,3,2,2,0,1,0,3,3,3,0,3,0,0,6,17,4.0,1,-2.74251497005988,0.34557892204292084,0.20240000000000008,6,3,Home
DDD,PQD,12012,12.0,S12,3,3,0,3,1,5,0,0,10,5,1,2,3,0,1,0,7,33,7.0,5,0.7125941872981705,0.06919119898302845,-0.3297000000000002,9,5,Home
DDD,PQD,12033,12.0,S12,7,1,0,1,1,4,0,0,1,7,2,5,1,1,2,0,3,23,5.666666666666667,3,-0.31016516966948393,0.13428902999109946,-0.4639,13,8,Away
DDD,PQD,12072,12.0,S12,15,3,0,0,2,0,0,0,5,5,4,1,3,0,0,0,5,23,6.0,3,-0.6749192680301397,0.16250263878523294,-0.47429999999999994,10,7,Away
DDD,SAL,12028,12.0,S12,6,0,1,0,2,1,0,0,4,3,2,3,3,1,0,0,3,20,6.0,2,-1.6749192680301395,0.2501099372223348,0.1759,9,5,Away
DDD,SCR,12056,12.0,S12,12,0,0,0,1,2,0,0,2,9,2,3,1,1,0,0,1,20,6.0,0,-3.6749192680301395,0.45010993722233483,0.44179999999999997,11,5,Home
DDD,SDV,12022,12.0,S12,5,0,1,3,7,2,1,0,5,3,4,3,3,0,0,0,11,31,6.0,6,2.32508073196986,-0.10445015704703862,-0.17719999999999994,11,7,Home
DDD,SDV,12063,12.0,S12,13,0,0,0,1,2,0,0,6,6,2,0,4,0,0,0,1,21,6.0,0,-3.6749192680301395,0.4542408377433009,0.5243,9,5,Away
DDD,SEF,12009,12.0,S12,2,2,1,2,3,3,0,0,5,1,5,2,3,1,0,0,8,27,5.666666666666667,6,2.9107950176841464,-0.17954518770233144,-0.6541999999999999,10,5,Away
DDD,SEF,12066,12.0,S12,14,3,0,3,2,4,0,0,4,3,4,1,3,1,0,2,8,27,6.0,5,1.3250807319698605,-0.012711958088970784,-0.14789999999999995,13,5,Home
DDD,WWC,12001,12.0,S12,1,2,0,4,3,5,0,0,3,8,2,2,1,2,0,0,9,30,6.0,6,2.32508073196986,-0.10858105756800474,-0.28019999999999995,8,4,Home
DDD,WWC,12045,12.0,S12,9,1,0,3,1,4,0,0,2,2,6,4,3,1,0,0,5,26,6.0,4,0.32508073196986037,0.07489534034813108,0.0894,14,8,Away
DOG,ARA,11005,11.0,S11,1,2,0,4,2,4,0,0,1,8,1,3,2,0,0,0,8,27,5.0,9,5.999214454045562,-0.491309548745876,-0.5311,9,5,Away
DOG,ARA,11094,11.0,S11,16,1,0,3,5,0,0,0,3,3,1,7,2,2,0,0,9,25,6.0,3,-0.6009426551453262,0.16066083649479204,0.10829999999999998,11,2,Home
DOG,HOT,11047,11.0,S11,8,0,2,1,2,2,0,0,4,6,3,4,3,1,0,0,5,27,7.0,1,-3.201099764336214,0.42872187309230153,0.5633,13,10,Home
DOG,HOT,11076,11.0,S11,13,4,0,0,3,3,0,0,2,4,0,4,4,1,0,0,7,24,5.0,6,2.9992144540455614,-0.20337753726350713,-0.2898,11,5,Away
DOG,IDR,11057,11.0,S11,10,0,1,1,4,0,0,0,3,2,7,1,5,0,1,0,6,24,6.0,3,-0.6009426551453263,0.16066083649479201,0.005000000000000046,13,10,Home
DOG,LAX,11026,11.0,S11,5,5,1,2,8,4,0,0,7,4,3,5,2,0,2,3,16,41,8.0,11,6.198743126472898,-0.4388544848828229,-0.7694999999999999,14,7,Home
DOG,LOB,11023,11.0,S11,4,2,1,4,4,1,0,0,4,1,2,5,2,1,0,0,11,26,5.0,7,3.9992144540455614,-0.2953322115850864,-0.7690999999999999,10,6,Away
DOG,LOB,11069,11.0,S11,12,1,1,1,5,1,0,0,4,6,2,2,3,1,0,0,8,26,6.0,3,-0.6009426551453261,0.1646834993340024,0.32839999999999997,12,6,Home
DOG,OKT,11079,11.0,S11,14,0,0,0,2,2,0,0,4,5,1,4,2,2,0,0,2,20,6.0,0,-3.6009426551453263,0.44054752229874017,0.4015,8,4,Away
DOG,POS,11035,11.0,S11,6,1,0,2,0,3,0,0,2,7,3,2,4,0,0,0,3,24,6.0,3,-0.6009426551453262,0.15663817365558166,0.050599999999999964,11,10,Home
DOG,PRP,11018,11.0,S11,3,1,0,1,1,1,0,0,4,3,2,4,5,0,0,0,3,22,6.0,1,-2.6009426551453263,0.3485928479771609,0.3308,11,7,Home
DOG,PRP,11089,11.0,S11,15,2,1,0,6,2,1,0,5,3,2,4,6,2,3,1,9,31,7.666666666666667,5,0.3605636068774496,0.10473683868461825,-0.2620000000000001,14,7,Away
DOG,ROY,11051,11.0,S11,9,0,0,3,4,2,0,0,3,1,5,2,4,0,2,0,7,24,5.0,4,0.9992144540455614,0.004667788414913637,-0.12250000000000001,9,6,Away
DOG,SHH,11042,11.0,S11,7,2,0,0,1,1,0,0,2,4,5,3,4,0,1,0,3,22,6.0,2,-1.6009426551453263,0.2526155108163713,0.19610000000000002,12,6,Away
DOG,SHH,11066,11.0,S11,11,3,0,1,5,2,0,0,4,3,3,3,3,0,1,0,9,27,6.0,7,3.3990573448546737,-0.22727117498757682,-0.2357,10,5,Home
DOG,WRM,11009,11.0,S11,2,1,0,0,5,4,0,0,2,6,0,3,3,1,1,0,6,24,5.0,2,-1.0007855459544386,0.20064512557570327,-0.03259999999999998,7,5,Away
EEE,CCS,4056,4.0,S4,7,0,0,1,2,3,0,0,6,7,0,2,3,0,0,0,3,24,6.0,1,-4.61377245508982,0.562074786737593,0.17529999999999996,9,5,Home
EEE,CCS,4112,4.0,S4,14,3,0,2,1,2,0,0,1,12,1,3,1,0,0,0,6,26,6.0,5,-0.61377245508982,0.17046624850664388,0.06550000000000003,15,8,Away
EEE,DCL,4039,4.0,S4,5,1,0,2,3,5,0,0,2,5,3,4,2,2,0,0,6,27,6.0,4,-1.6137724550898196,0.2746619793911694,0.1361,11,4,Home
EEE,DCL,4095,4.0,S4,12,3,1,3,3,3,0,0,5,6,0,1,2,1,0,0,10,27,5.0,10,5.32185628742515,-0.4189008948603276,-0.3300999999999999,9,4,Away
EEE,FWG,4046,4.0,S4,6,2,1,3,3,4,1,0,3,8,0,3,2,0,0,2,9,29,6.0,6,0.3862275449101802,0.09144490292927121,-0.044700000000000004,10,8,Away
EEE,FWG,4102,4.0,S4,13,1,0,0,2,4,0,0,7,5,1,2,2,1,0,0,3,24,6.0,1,-4.61377245508982,0.562074786737593,0.18580000000000008,9,5,Home
EEE,LDN,4016,4.0,S4,2,2,1,1,3,2,0,0,0,8,1,1,1,0,0,0,7,20,3.6666666666666665,4,0.8765326489877391,-0.003738647208264695,-0.28379999999999994,7,3,Away
EEE,LDN,4072,4.0,S4,9,4,1,2,5,3,0,0,8,2,2,2,3,1,0,0,12,32,6.0,8,2.3862275449101804,-0.10435936618620337,-0.3244,9,6,Home
EEE,LMN,4022,4.0,S4,3,0,1,0,4,3,0,0,6,9,0,1,2,0,1,0,5,26,6.0,2,-3.6137724550898196,0.4746619793911694,0.07559999999999996,12,4,Home
EEE,LMN,4078,4.0,S4,10,1,1,1,3,1,0,0,3,8,0,1,3,0,0,0,6,22,5.0,3,-1.6781437125748497,0.26012045071704504,-0.1928,13,2,Away
EEE,MBX,4031,4.0,S4,4,2,0,2,2,3,0,0,1,5,3,4,3,2,0,0,6,25,6.0,3,-2.61377245508982,0.3662705176221185,0.1395,12,7,Away
EEE,MBX,4087,4.0,S4,11,2,1,3,7,4,0,0,2,10,1,2,2,0,1,1,13,34,6.0,9,3.38622754491018,-0.18757644264810153,-0.4297,16,6,Home
EEE,VFQ,4005,4.0,S4,1,1,0,1,0,1,0,0,6,4,1,4,3,0,0,0,2,21,6.0,1,-4.61377245508982,0.5494875940840166,0.41540000000000005,10,8,Home
EEE,VFQ,4060,4.0,S4,8,1,0,2,1,1,0,1,4,6,4,1,3,0,0,0,4,23,6.0,2,-3.6137724550898196,0.4578790558530675,0.151682,12,6,Away
ESP,MOB,8505,8.2,S8B,2,1,0,0,1,1,0,0,7,4,5,3,2,0,1,0,2,24,7.0,2,-3.1122469842567986,0.4177326238705569,0.2933,13,4,Away
ESP,MOB,8529,8.2,S8B,8,3,0,4,0,0,0,0,2,5,3,5,3,0,0,0,7,25,6.0,5,1.134328358208955,-0.006924910376018466,-0.17389999999999997,11,6,Home
ESP,NUT,8514,8.2,S8B,4,5,0,3,7,5,0,0,1,6,3,4,2,2,2,0,15,36,6.0,11,7.134328358208956,-0.5515407891446824,-0.40000000000000024,10,2,Home
ESP,SBD,8501,8.2,S8B,1,1,1,2,2,3,0,0,5,2,2,4,5,0,1,0,6,27,6.0,2,-1.8656716417910448,0.30585604067736677,0.06529999999999996,13,7,Home
ESP,SBD,8518,8.2,S8B,5,5,0,3,4,2,0,0,6,5,1,2,1,0,0,0,12,29,5.0,11,7.778606965174129,-0.6543115030013555,-0.37540000000000007,8,3,Away
ESP,SCU,8509,8.2,S8B,3,1,0,0,0,0,0,0,0,3,2,5,5,0,0,0,1,16,5.0,1,-2.2213930348258706,0.2903043757673084,0.12869999999999998,11,6,Away
ESP,SCU,8522,8.2,S8B,6,1,1,4,1,2,0,0,4,2,1,8,3,0,1,0,7,27,6.0,6,2.134328358208955,-0.09414395932263324,-0.30699999999999994,12,6,Home
ESP,TXR,8526,8.2,S8B,7,0,0,5,2,5,0,0,3,4,1,3,2,2,2,0,7,25,5.0,5,1.7786069651741294,-0.06283213703694573,-0.15450000000000003,6,2,Away
FAP,BBB,7034,7.0,S7,5,0,0,2,3,2,0,0,6,7,1,1,3,0,0,0,5,25,6.0,0,-3.291157440690151,0.43381671282383627,0.39540000000000014,9,5,Away
FAP,CPR,7024,7.0,S7,3,0,0,1,2,4,0,1,5,5,2,3,1,2,0,0,3,23,6.0,0,-3.291157440690151,0.42544063532345056,0.6287,8,3,Home
FAP,CPR,7111,7.0,S7,14,1,0,2,4,2,0,0,2,2,0,6,3,2,0,0,7,22,5.0,1,-1.7426312005751259,0.2663999725617552,0.12869999999999998,9,4,Away
FAP,KNX,7028,7.0,S7,4,0,1,3,1,0,0,0,5,3,2,6,2,0,0,0,5,23,6.0,2,-1.291157440690151,0.2254406353234506,0.251,12,8,Home
FAP,MMA,7003,7.0,S7,1,1,0,1,2,1,0,0,4,1,2,2,5,1,0,0,4,19,5.0,2,-0.7426312005751258,0.1538358563111767,-0.007299999999999999,6,6,Home
FAP,MMA,7096,7.0,S7,12,1,1,0,1,3,0,0,6,5,2,4,1,0,0,0,3,24,6.0,1,-2.291157440690151,0.3296286740736434,0.43649999999999994,10,5,Away
FAP,PBA,7054,7.0,S7,7,1,0,1,3,2,0,0,6,5,2,3,1,1,2,0,5,24,6.0,3,-0.29115744069015104,0.13800475157402908,-0.1335,11,5,Away
FAP,SCG,7086,7.0,S7,11,1,3,1,1,3,1,0,2,3,2,3,2,1,2,1,6,22,5.0,7,4.4978381675019845,-0.3450828479953773,-0.3310000000000001,8,5,Away
FAP,SSC,7071,7.0,S7,9,0,0,2,2,4,0,1,0,5,4,5,3,1,0,0,4,25,6.0,2,-1.2911574406901507,0.23381671282383626,0.3695,11,4,Away
FAP,SSJ,7047,7.0,S7,6,2,0,2,2,0,0,0,3,9,1,2,3,0,0,0,6,24,6.0,3,-0.29115744069015087,0.12962867407364337,0.09969999999999998,12,5,Home
FAP,STK,7062,7.0,S7,8,1,0,1,2,3,0,0,3,4,1,0,7,2,0,1,4,22,6.0,1,-2.291157440690151,0.3254406353234506,0.19270000000000004,10,8,Home
FAP,TRI,7080,7.0,S7,10,3,0,0,2,1,0,0,7,6,2,1,5,0,0,0,5,27,7.0,4,-0.4553365451677631,0.1586107007719832,0.12459999999999996,14,6,Home
FAP,WSW,7012,7.0,S7,2,1,0,1,3,2,0,0,6,4,2,3,2,1,0,0,5,24,6.0,2,-1.291157440690151,0.2296286740736434,-0.16569999999999988,9,3,Away
FAP,WSW,7103,7.0,S7,13,3,0,0,2,2,0,0,3,9,2,1,0,0,0,0,5,22,5.0,4,1.2573687994248743,-0.033600027438244806,-0.223,7,0,Home
FLB,AND,9034,9.0,S9,9,0,0,0,2,2,0,0,7,2,3,4,1,1,1,0,2,21,6.0,0,-3.4488188976377954,0.42579419116703776,0.7329000000000001,8,4,Away
FLB,AND,9045,9.0,S9,12,2,0,0,0,1,0,0,2,10,3,1,2,0,1,0,2,21,6.0,2,-1.4488188976377954,0.22579419116703778,0.2817,14,5,Home
FLB,ARR,9008,9.0,S9,2,2,0,3,3,5,0,0,3,8,3,1,1,1,0,1,8,29,6.0,4,0.5511811023622049,0.05521684622276811,-0.2822999999999999,6,5,Home
FLB,ARR,9017,9.0,S9,5,0,0,1,4,1,0,0,5,9,1,2,1,0,1,0,5,24,6.0,2,-1.4488188976377951,0.23682768681293664,0.38589999999999997,8,4,Away
FLB,BIR,9011,9.0,S9,3,2,1,1,2,3,0,0,5,5,1,4,2,1,0,0,6,26,6.0,4,0.5511811023622052,0.04050551869490293,-0.16450000000000006,9,6,Home
FLB,BIR,9021,9.0,S9,6,1,0,4,7,3,1,0,1,7,2,2,5,1,2,1,12,32,6.333333333333333,6,2.4763779527559056,-0.11891367940677058,-0.8592,14,9,Away
FLB,GOP,9027,9.0,S9,7,1,1,1,1,3,0,0,6,5,2,3,1,1,1,0,4,24,6.0,1,-2.4488188976377954,0.3368276868129366,0.23289999999999994,10,2,Home
FLB,GOP,9054,9.0,S9,14,3,0,1,0,4,0,0,2,9,4,1,3,0,0,2,4,27,7.0,3,-1.0236220472440944,0.20901932930143172,-0.006500000000000006,16,7,Away
FLB,KGB,9032,9.0,S9,8,0,0,2,5,6,0,0,4,9,0,6,1,0,2,1,7,33,7.0,5,0.9763779527559054,0.03476415247519568,-0.17219999999999985,13,7,Away
FLB,KGB,9038,9.0,S9,10,5,0,1,1,2,0,0,6,11,2,2,6,0,1,0,7,36,9.0,6,0.8267716535433072,0.05340261427842185,-0.5997999999999999,16,9,Home
FLB,NNL,9015,9.0,S9,4,2,0,0,2,1,0,0,4,5,1,5,1,2,0,0,4,21,6.0,3,-0.44881889763779526,0.1221163592850715,-0.06779999999999997,10,5,Home
FLB,NNL,9044,9.0,S9,11,3,0,3,0,3,0,0,6,3,3,1,2,0,0,0,6,24,5.0,6,3.125984251968504,-0.2243304600296596,-0.5004,7,6,Away
FLB,POS,9002,9.0,S9,1,3,1,0,3,0,0,0,3,4,0,4,4,0,0,0,7,22,5.0,5,2.1259842519685037,-0.13168612379359212,-0.31689999999999996,11,5,Away
FLB,POS,9051,9.0,S9,13,1,0,0,2,2,0,0,4,7,2,2,2,0,1,1,3,22,6.0,1,-2.4488188976377954,0.3331498549309704,0.23759999999999998,11,5,Home
FRG,BBB,6026,6.0,S6,2,3,0,1,3,2,0,0,2,5,4,3,2,1,1,1,7,25,6.0,3,-0.3952702702702704,0.15140876953771287,0.24439999999999995,12,5,Away
FRG,CIM,6064,6.0,S6,5,0,1,0,2,3,0,0,7,5,3,2,1,0,0,0,3,24,6.0,2,-1.3952702702702706,0.23897746481430332,0.32110000000000005,9,4,Home
FRG,HEL,6151,6.0,S6,11,1,0,1,0,1,0,0,8,3,2,2,3,0,0,0,2,21,6.0,1,-2.3952702702702706,0.32654616009089377,0.22519999999999998,8,4,Home
FRG,JEF,6102,6.0,S6,8,1,0,2,7,3,0,0,5,4,0,6,3,2,0,0,10,31,6.666666666666667,5,0.8633694149461435,0.04211987398061755,-0.4499,10,6,Away
FRG,LIM,6082,6.0,S6,6,2,0,1,6,2,0,0,5,4,1,3,2,3,0,0,9,26,6.0,4,0.6047297297297295,0.04726500129657637,0.020500000000000004,6,5,Home
FRG,MBT,6013,6.0,S6,1,1,0,1,3,5,0,0,2,3,2,6,3,2,0,0,5,26,6.0,4,0.6047297297297296,0.047265001296576334,0.2345,12,6,Home
FRG,MVS,6036,6.0,S6,3,1,0,1,5,4,0,0,2,1,5,3,6,1,0,0,7,28,6.0,4,0.6047297297297296,0.05555253777884936,-0.04199999999999997,14,8,Home
FRG,PBA,6095,6.0,S6,7,1,0,1,5,5,0,0,1,7,1,5,2,2,0,0,7,28,6.0,5,1.6047297297297294,-0.044447462221150605,0.0711,11,6,Away
FRG,PHB,6124,6.0,S6,9,1,1,2,1,3,0,0,4,5,0,7,2,0,1,0,5,26,6.0,4,0.6047297297297294,0.05140876953771289,-0.012599999999999972,10,7,Home
FRG,POR,6055,6.0,S6,4,0,0,2,0,2,0,0,2,11,0,3,2,0,0,0,2,22,6.0,0,-3.39527027027027,0.43068992833203035,0.15649999999999994,10,6,Away
FRG,SLT,6195,6.0,S6,14,1,0,0,2,3,0,2,3,4,6,0,4,1,0,0,3,23,6.0,1,-2.39527027027027,0.33483369657316686,0.2329,10,4,Home
FRG,SUP,6181,6.0,S6,13,0,1,3,1,2,0,0,3,3,4,6,2,0,0,0,5,25,6.0,2,-1.3952702702702706,0.24312123305543987,0.0841,13,5,Away
FRG,TAK,6164,6.0,S6,12,0,0,2,1,1,0,0,2,5,3,1,4,0,0,0,3,19,5.0,2,-0.8293918918918921,0.16167078577078295,0.12370000000000003,8,5,Away
FRG,TTT,6138,6.0,S6,10,1,0,2,5,3,0,0,1,3,5,1,3,0,1,2,8,24,5.0,4,1.1706081081081081,-0.0051790683001249616,-0.19670000000000004,11,5,Away
FTP,BAY,3027,3.0,S3,7,0,0,4,2,2,0,1,6,6,6,0,0,0,0,0,6,26,6.0,1,-4.521951219512194,0.5873088849309387,0.0,10,3,Away
FTP,BAY,3056,3.0,S3,14,2,0,3,1,3,0,0,4,6,0,1,5,2,0,0,6,25,6.0,4,-1.3775067750677497,0.2676677572949665,0.0,14,8,Home
FTP,BER,3022,3.0,S3,6,0,0,0,1,0,0,0,3,4,0,1,1,0,0,0,1,10,3.0,0,-2.760975609756097,0.32806439289088635,0.0,5,3,Away
FTP,BER,3049,3.0,S3,13,1,1,1,5,6,0,0,3,7,0,1,1,0,0,0,8,26,4.0,5,1.318699186991871,0.0032438442805321904,0.0,6,2,Home
FTP,CCF,3009,3.0,S3,3,1,0,1,1,2,0,0,4,2,0,1,2,0,1,0,3,14,3.0,3,0.7804464367557697,-9.439580266199996e-05,0.0,4,3,Home
FTP,CCF,3040,3.0,S3,10,1,0,1,6,0,0,0,5,3,2,0,1,0,0,1,8,19,4.0,1,-2.6813008130081295,0.3720637451313662,0.0,7,2,Away
FTP,CIN,3008,3.0,S3,2,1,2,0,4,3,0,0,3,2,0,1,2,1,0,0,7,18,3.0,8,5.239024390243903,-0.43036214157689223,0.0,5,3,Away
FTP,CIN,3035,3.0,S3,9,2,0,2,6,3,0,0,2,3,2,5,3,0,1,0,10,28,5.0,7,3.7555168408826956,-0.22484787153396735,0.0,11,6,Home
FTP,LAN,3020,3.0,S3,5,3,0,1,3,2,0,1,1,7,0,0,4,0,0,0,7,21,4.0,6,2.512926192862712,-0.14216227226419026,0.0,9,5,Home
FTP,LAN,3045,3.0,S3,12,0,1,3,1,5,0,0,5,10,0,2,1,0,0,0,5,28,6.0,4,-1.5219512195121943,0.29770225131399397,0.0,13,7,Away
FTP,SCB,3015,3.0,S3,4,1,0,1,3,2,0,1,4,5,1,1,5,2,0,0,5,23,6.0,3,-2.183279769196908,0.33785169032482704,0.0,10,5,Away
FTP,SCB,3044,3.0,S3,11,1,1,1,4,3,1,0,1,6,0,2,0,0,0,0,7,19,3.0,5,2.2390243902439027,-0.12516545838536464,0.0,5,2,Home
FTP,TZS,3004,3.0,S3,1,0,0,1,2,0,0,0,2,5,0,0,2,0,0,0,3,12,3.0,0,-2.760975609756097,0.33845775927394167,0.0,3,2,Home
FTP,TZS,3031,3.0,S3,8,0,0,3,4,2,0,0,5,6,1,0,5,1,0,0,7,26,6.0,2,-3.5219512195121943,0.4873088849309386,0.0,11,5,Away
FWG,CCS,4037,4.0,S4,5,0,2,1,3,5,0,0,4,1,2,4,5,2,0,0,6,27,6.0,3,-2.6137724550898196,0.3746619793911694,-0.11649999999999995,11,7,Away
FWG,CCS,4093,4.0,S4,12,2,0,1,5,4,0,0,5,4,0,5,1,2,1,1,8,27,6.0,5,-0.6137724550898199,0.18305344116022035,-0.37070000000000003,12,5,Home
FWG,DCL,4024,4.0,S4,3,1,0,2,2,1,0,0,3,7,0,5,3,0,0,0,5,24,6.0,2,-3.61377245508982,0.46207478673759306,0.07260000000000003,11,5,Home
FWG,DCL,4080,4.0,S4,10,2,2,4,3,3,0,0,7,2,1,1,4,0,0,0,11,29,5.0,10,5.32185628742515,-0.4105094330912767,-0.34740000000000004,7,4,Away
FWG,EEE,4046,4.0,S4,6,3,1,4,5,3,0,0,6,7,0,1,3,1,0,0,13,33,6.0,12,6.38622754491018,-0.5001636353016778,-0.5448999999999999,10,5,Home
FWG,EEE,4102,4.0,S4,13,3,1,4,2,1,0,0,5,2,1,5,1,1,0,0,10,25,5.0,6,1.3218562874251503,-0.02729235662937854,-0.3135,8,4,Away
FWG,LDN,4055,4.0,S4,7,3,0,5,1,3,0,0,6,7,0,2,3,0,0,0,9,30,6.0,6,0.38622754491017974,0.08724917204474575,-0.03719999999999979,11,5,Away
FWG,LDN,4111,4.0,S4,14,1,2,1,5,2,0,1,2,3,0,5,3,2,0,0,9,24,5.0,5,0.3218562874251504,0.06851191248609598,-0.3148,11,5,Home
FWG,LMN,4007,4.0,S4,1,3,0,3,6,1,0,0,1,4,1,4,6,1,0,1,12,29,6.0,7,1.38622754491018,-0.012750827955254285,-0.3622,16,5,Home
FWG,LMN,4062,4.0,S4,8,2,1,1,1,1,0,0,6,6,3,1,2,0,0,0,5,24,6.0,4,-1.6137724550898196,0.26207478673759294,0.0016989999999999996,9,4,Away
FWG,MBX,4013,4.0,S4,2,0,0,2,3,5,0,0,6,5,1,0,3,0,0,0,5,25,5.0,2,-2.6781437125748497,0.37270764337062146,0.044700000000000004,8,5,Away
FWG,MBX,4069,4.0,S4,9,2,1,0,3,2,0,0,4,6,2,3,2,1,0,0,6,25,6.0,5,-0.6137724550898196,0.16627051762211842,-0.2808999999999999,12,4,Home
FWG,VFQ,4032,4.0,S4,4,0,1,3,2,1,0,0,3,5,0,3,3,0,0,1,6,21,5.0,3,-1.6781437125748497,0.2601204507170451,-0.1835,10,5,Away
FWG,VFQ,4088,4.0,S4,11,1,2,5,4,5,0,0,1,8,0,4,2,1,0,2,12,32,6.0,10,4.38622754491018,-0.2959679044171524,-0.36610000000000004,6,4,Home
GBC,CHI,5086,5.0,S5,8,3,1,2,2,0,0,0,2,3,1,5,6,1,0,0,8,25,6.0,4,-0.023866348448687624,0.10241287996029476,0.08680000000000002,10,7,Away
GBC,GTY,5017,5.0,S5,2,0,0,2,3,1,1,0,5,2,2,5,3,1,0,0,5,23,6.0,1,-3.0238663484486876,0.39441078035106064,0.19979999999999992,9,3,Home
GBC,GTY,5149,5.0,S5,13,0,0,0,0,1,0,0,2,7,2,4,0,0,0,0,0,16,5.0,0,-3.353221957040573,0.39933899257792993,0.4501,7,3,Away
GBC,ISO,5030,5.0,S5,3,1,0,1,1,1,0,0,6,3,1,3,4,1,0,0,3,21,6.0,1,-3.0238663484486876,0.38640868074182655,0.30949999999999994,10,6,Away
GBC,ISO,5161,5.0,S5,14,1,0,4,3,5,0,0,4,7,0,4,3,0,1,0,8,31,6.0,6,1.9761336515513124,-0.069579771407386,-0.15530000000000002,7,3,Home
GBC,KRB,5102,5.0,S5,9,2,0,1,2,3,0,0,5,5,4,1,2,1,0,0,5,25,6.0,3,-1.0238663484486876,0.20241287996029478,0.12360000000000004,11,4,Home
GBC,PPP,5111,5.0,S5,10,1,0,3,4,2,0,0,5,0,3,2,4,1,0,0,8,24,5.0,6,2.646778042959427,-0.16865260898513373,-0.5151660000000001,8,5,Away
GBC,RKT,5054,5.0,S5,5,0,0,1,2,0,0,0,6,4,2,1,1,0,0,1,3,17,5.0,1,-2.353221957040573,0.307341092187164,0.14479999999999998,7,2,Home
GBC,SPR,5005,5.0,S5,1,0,0,2,4,3,0,0,3,5,0,5,2,0,0,0,6,24,5.0,3,-0.353221957040573,0.13134739101486625,-0.08009999999999998,8,2,Away
GBC,SPR,5137,5.0,S5,12,1,0,2,1,4,0,0,6,3,1,3,3,2,0,0,4,24,6.0,3,-1.0238663484486876,0.1984118301556777,0.006900000000000048,9,5,Home
GBC,TSA,5040,5.0,S5,4,3,1,0,2,0,0,0,5,6,1,2,1,0,1,0,6,21,5.0,4,0.646778042959427,0.023345291405632167,-0.1966,10,3,Away
GBC,WSH,5123,5.0,S5,11,1,0,1,2,2,0,0,9,7,0,1,1,0,0,0,4,24,6.0,3,-1.0238663484486876,0.19841183015567768,0.126,6,1,Home
GBC,WWC,5065,5.0,S5,6,3,1,0,2,0,0,0,2,4,0,5,6,0,0,1,6,23,6.0,4,-0.023866348448687846,0.0984118301556777,-0.11710000000000005,14,8,Home
GBC,YUM,5076,5.0,S5,7,1,2,1,2,7,2,0,0,4,1,7,2,4,0,0,6,27,6.0,2,-2.0238663484486876,0.31041497956952885,0.35130000000000006,9,2,Away
GND,BAG,8031,8.1,S8A,6,2,0,1,7,3,0,0,4,4,3,2,4,1,0,0,10,30,6.0,7,2.9400000000000004,-0.16641423901303062,-0.5894,10,6,Home
GND,BIS,8015,8.1,S8A,3,2,0,0,4,1,0,0,10,3,3,5,1,1,0,0,6,29,7.666666666666667,5,-2.5299666295884315,0.376329565246247,-0.2027999999999999,11,5,Away
GND,CDT,8039,8.1,S8A,7,2,1,1,1,3,0,0,4,6,1,1,5,1,0,0,5,25,6.0,4,-0.05999999999999983,0.11232146748914114,-0.405,8,5,Home
GND,LAC,8045,8.1,S8A,8,1,1,2,2,3,0,0,7,3,2,1,1,1,0,0,6,23,5.0,3,-0.3833333333333334,0.1361490834233432,-0.09190000000000001,7,3,Away
GND,MKW,8001,8.1,S8A,1,0,1,1,1,1,0,0,8,4,2,1,2,1,0,0,3,21,6.0,1,-3.0599999999999996,0.3953100326908786,0.1544,7,3,Home
GND,MMM,8010,8.1,S8A,2,1,1,3,4,0,0,0,4,2,1,4,5,1,0,1,9,25,6.0,3,-1.0599999999999998,0.2165743261887068,0.1789,9,6,Away
GND,PPM,8021,8.1,S8A,4,3,1,5,4,3,0,0,7,4,0,2,2,0,0,1,13,31,5.333333333333333,9,6.487169811320755,-0.5126255027459748,-0.8739000000000001,7,3,Away
GND,SCU,8030,8.1,S8A,5,0,1,1,2,2,0,0,3,6,1,3,3,1,0,1,4,22,6.0,1,-3.0599999999999996,0.4038157500900099,0.2133,12,7,Home
GOB,ACK,10026,10.0,S10,6,2,0,2,5,2,0,0,5,1,4,2,3,0,1,0,9,26,5.0,5,1.5566556655665562,-0.05089561310653329,-0.3279,10,4,Away
GOB,ACK,10054,10.0,S10,11,0,1,1,4,4,0,0,5,4,1,5,3,0,0,0,6,28,6.0,2,-2.1320132013201323,0.32185164222843643,0.1633,12,6,Home
GOB,BEE,10066,10.0,S10,14,3,1,3,7,5,0,0,4,4,3,3,2,1,1,1,14,35,6.0,13,8.867986798679867,-0.7432250399548561,-0.4691999999999999,12,5,Home
GOB,CRN,10022,10.0,S10,5,0,1,1,2,3,0,0,5,4,3,1,2,0,1,3,4,22,6.0,1,-3.1320132013201323,0.4140909049358347,0.512,13,4,Away
GOB,CRN,10037,10.0,S10,8,0,0,1,3,1,0,0,7,2,1,5,2,1,0,0,4,22,6.0,0,-4.132013201320133,0.4985694303506315,0.2543000000000001,9,5,Home
GOB,GRS,10007,10.0,S10,2,2,0,1,3,1,0,0,7,5,0,0,4,0,1,2,6,23,6.0,4,-0.13201320132013222,0.11409090493583476,0.22389999999999993,9,5,Away
GOB,KIR,10001,10.0,S10,1,4,0,1,8,1,0,0,4,6,1,6,1,0,4,0,13,32,6.0,10,5.867986798679867,-0.447105408601157,-0.37700000000000006,12,5,Home
GOB,KIR,10047,10.0,S10,10,0,1,0,3,1,0,0,4,6,2,2,4,0,0,0,4,23,6.0,1,-3.1320132013201323,0.4024497989969323,0.2077999999999999,8,4,Away
GOB,KRK,10014,10.0,S10,3,3,0,2,3,2,0,0,7,2,3,2,3,1,0,0,8,27,6.0,6,1.8679867986798682,-0.08202872641786443,-0.30979999999999996,8,5,Home
GOB,KRK,10042,10.0,S10,9,3,0,0,3,2,0,0,5,3,3,1,3,0,0,0,6,23,5.0,5,1.5566556655665567,-0.06641708769173657,-0.22700000000000004,9,4,Away
GOB,SEO,10019,10.0,S10,4,0,1,1,2,6,0,0,5,8,1,2,1,1,4,0,4,27,6.0,4,-0.13201320132013222,0.13349274816733891,-0.2669000000000001,10,4,Home
GOB,SSS,10056,10.0,S10,12,2,0,1,4,2,0,0,4,2,2,3,5,2,2,0,7,25,6.0,3,-1.1320132013201323,0.2179712735821356,-0.12090000000000005,10,7,Away
GOB,ZAH,10035,10.0,S10,7,0,1,0,5,1,0,0,7,3,4,3,0,0,0,1,6,24,6.0,2,-2.1320132013201323,0.31021053628953393,0.04900000000000001,11,4,Home
GOB,ZAH,10063,10.0,S10,13,2,0,0,0,1,0,0,7,5,2,1,2,1,0,0,2,20,6.0,2,-2.1320132013201323,0.2908086930580298,0.2558,7,3,Away
GOP,AND,9009,9.0,S9,3,0,0,2,1,1,0,0,5,3,3,1,6,0,2,0,3,22,6.0,3,-0.44881889763779514,0.13314985493097037,0.12329999999999999,11,6,Away
GOP,AND,9039,9.0,S9,10,1,0,1,4,1,0,0,2,7,4,3,4,0,1,1,6,27,7.0,1,-3.0236220472440944,0.4090193293014317,0.4736,17,8,Home
GOP,ARR,9014,9.0,S9,4,1,0,3,5,3,0,0,11,6,6,2,5,0,0,0,9,42,10.0,3,-2.748031496062992,0.42927208864888317,0.45469999999999994,15,9,Home
GOP,ARR,9041,9.0,S9,11,3,1,0,7,1,0,0,2,5,1,3,1,1,1,2,11,24,5.0,6,3.1259842519685037,-0.21329696438376064,-0.486,10,5,Away
GOP,BIR,9018,9.0,S9,5,2,1,1,7,1,0,0,2,3,1,4,3,2,1,0,11,25,5.0,7,4.125984251968505,-0.31697479626572705,-0.3635999999999999,10,6,Away
GOP,BIR,9047,9.0,S9,12,0,0,1,5,0,0,0,5,6,9,1,0,0,1,0,6,27,7.0,0,-4.0236220472440944,0.5053414974194654,0.7374,6,1,Home
GOP,FLB,9027,9.0,S9,7,0,2,0,2,0,0,0,4,4,2,2,3,0,1,0,4,19,5.0,2,-0.5978872206191618,0.13334535970124187,-0.26710000000000006,7,4,Away
GOP,FLB,9054,9.0,S9,14,1,0,2,4,0,0,0,5,0,4,6,6,1,0,2,7,28,8.0,2,-2.5984251968503935,0.3701774761440279,0.49350000000000005,18,9,Home
GOP,KGB,9001,9.0,S9,1,1,0,3,3,0,0,0,4,8,2,1,3,0,1,0,7,25,6.0,3,-0.44881889763779514,0.14050551869490296,-0.14499999999999993,11,5,Away
GOP,KGB,9052,9.0,S9,13,1,0,0,1,1,0,0,2,10,3,2,1,0,0,0,2,21,6.0,3,-0.4488188976377952,0.12211635928507146,-0.08579999999999997,15,3,Home
GOP,NNL,9007,9.0,S9,2,2,1,2,4,4,0,0,3,5,0,4,4,2,0,0,9,29,6.0,4,0.5511811023622047,0.051539014340801804,-0.13250000000000003,11,4,Home
GOP,NNL,9022,9.0,S9,6,1,0,2,5,0,0,0,5,2,5,1,3,2,0,0,8,24,6.0,3,-0.44881889763779526,0.1331498549309704,0.1667,6,3,Away
GOP,POS,9031,9.0,S9,8,2,0,0,1,5,0,1,3,6,2,2,2,2,0,1,3,23,6.0,3,-0.4488188976377953,0.13314985493097037,0.162,11,5,Home
GOP,POS,9033,9.0,S9,9,0,0,3,5,4,0,0,6,3,2,1,2,0,0,1,8,26,5.0,6,3.1259842519685037,-0.21329696438376075,-0.5847,8,5,Away
GRS,ACK,10003,10.0,S10,1,0,1,1,4,0,0,0,4,3,1,5,2,2,0,1,6,21,6.0,2,-2.1320132013201323,0.2985694303506315,0.2548,10,5,Home
GRS,ACK,10046,10.0,S10,10,0,1,1,4,1,0,0,4,3,1,4,2,1,0,0,6,21,5.0,4,0.5566556655665564,0.025822175015661756,-0.2364,6,2,Away
GRS,BEE,10016,10.0,S10,4,1,1,0,8,2,0,0,4,1,5,4,2,1,4,0,10,28,5.666666666666667,5,2.2990212814384883,-0.10573033146222227,-0.7651,11,7,Away
GRS,BEE,10041,10.0,S10,9,3,0,1,5,3,0,0,6,5,0,3,2,2,0,0,9,28,6.0,8,3.8679867986798677,-0.2781483577715636,-0.46820000000000006,8,3,Home
GRS,CRN,10012,10.0,S10,3,3,0,1,1,3,0,0,4,5,3,2,4,0,0,0,5,26,6.0,6,1.867986798679868,-0.08590909506416528,-0.09130000000000024,11,7,Home
GRS,GOB,10007,10.0,S10,2,1,4,2,3,1,0,0,6,4,1,5,2,0,1,0,10,29,6.0,5,0.8679867986798676,0.02961237952103807,-0.2760999999999999,13,3,Home
GRS,KIR,10062,10.0,S10,13,3,2,4,2,3,0,0,3,7,3,2,2,1,0,0,11,31,6.0,9,4.867986798679867,-0.36650725183266114,-0.48940000000000006,11,6,Away
GRS,KRK,10036,10.0,S10,8,1,1,3,2,2,0,0,5,2,4,1,2,1,0,0,7,23,5.0,5,1.5566556655665564,-0.0664170876917366,-0.5293,8,4,Away
GRS,SEO,10032,10.0,S10,7,0,0,2,2,1,0,0,3,2,1,5,5,2,0,0,4,21,6.0,1,-3.1320132013201323,0.3946890617043306,0.38559999999999994,11,7,Away
GRS,SEO,10059,10.0,S10,12,2,2,1,2,3,0,0,4,3,1,5,6,2,0,0,7,29,7.0,4,-0.820682068206821,0.1945988975634061,-0.33109999999999995,13,9,Home
GRS,SSS,10021,10.0,S10,5,1,3,0,3,3,0,0,4,4,0,4,2,0,1,1,7,24,5.0,3,-0.44334433443344357,0.14522401824716588,-0.08520000000000003,11,3,Away
GRS,SSS,10070,10.0,S10,14,1,0,2,1,1,0,0,3,3,4,3,4,0,0,1,4,22,6.0,2,-2.1320132013201323,0.30244979899693225,0.11900000000000001,13,5,Home
GRS,ZAH,10030,10.0,S10,6,2,0,0,3,5,0,0,3,5,1,6,3,0,4,0,5,28,6.0,6,1.8679867986798677,-0.06262688318636028,-0.033100000000000046,14,7,Home
GRS,ZAH,10052,10.0,S10,11,2,0,3,4,4,0,0,2,5,7,2,0,0,0,1,9,29,5.666666666666667,6,2.9929867986798677,-0.18288762047896195,-0.5697,10,4,Away
GTY,CHI,5099,5.0,S5,9,1,0,4,4,5,1,0,5,3,1,3,2,1,0,0,9,28,5.0,8,4.646778042959427,-0.3526484097666656,-0.5257999999999999,8,5,Away
GTY,GBC,5017,5.0,S5,2,0,0,0,2,1,0,0,5,4,2,3,2,2,1,0,2,19,6.0,0,-4.023866348448688,0.48240763093720956,0.7005,10,5,Away
GTY,GBC,5149,5.0,S5,13,0,0,0,6,2,0,0,2,6,3,1,2,1,0,0,6,22,5.0,2,-1.353221957040573,0.22334529140563214,0.04559999999999999,10,3,Home
GTY,ISO,5006,5.0,S5,1,0,0,0,2,2,0,0,4,10,0,3,1,0,0,0,2,22,6.0,0,-4.023866348448688,0.4904097305464436,0.32830000000000004,10,4,Away
GTY,ISO,5138,5.0,S5,12,1,0,0,7,2,0,0,5,9,2,2,0,0,1,0,8,28,6.0,3,-1.0238663484486876,0.21841707917876288,0.0027999999999999813,8,1,Home
GTY,KRB,5066,5.0,S5,6,0,0,3,3,7,1,0,3,7,1,0,5,2,0,0,6,29,6.0,4,-0.023866348448687624,0.11841707917876286,-0.16279999999999997,10,5,Home
GTY,PPP,5089,5.0,S5,8,0,0,2,1,2,0,0,2,2,3,1,3,1,0,0,3,16,4.0,1,-1.6825775656324584,0.23227455343711848,0.0934,7,4,Home
GTY,RKT,5042,5.0,S5,4,1,3,0,1,3,3,0,7,2,1,3,2,0,2,2,5,24,6.0,5,0.9761336515513124,0.010414979569528835,-0.31819999999999987,7,3,Home
GTY,SPR,5029,5.0,S5,3,2,0,1,2,4,0,0,3,9,2,3,0,1,0,0,5,26,6.0,5,0.9761336515513122,0.0064139297649117265,0.24080000000000001,12,4,Home
GTY,SPR,5162,5.0,S5,14,4,1,2,2,0,0,0,6,4,2,1,2,0,0,0,9,24,5.0,7,3.646778042959427,-0.26865260898513377,-0.5055000000000001,8,3,Away
GTY,TSA,5125,5.0,S5,11,0,0,1,2,3,0,0,7,3,3,3,2,0,0,0,3,24,6.0,1,-3.0238663484486876,0.3984118301556777,0.26159999999999994,10,4,Home
GTY,WSH,5073,5.0,S5,7,4,0,2,2,1,0,0,3,7,0,2,3,0,0,0,8,24,5.0,8,4.646778042959427,-0.36865260898513375,-0.9069999999999998,8,6,Away
GTY,WWC,5051,5.0,S5,5,0,0,0,3,4,0,0,3,3,1,4,4,3,3,0,3,22,6.0,0,-4.023866348448688,0.5024128799602947,0.7769000000000001,10,5,Away
GTY,YUM,5113,5.0,S5,10,2,1,1,1,0,0,0,5,6,2,1,4,0,0,0,5,23,6.0,5,0.9761336515513122,-0.00558921964893936,-0.0017130000000000001,9,4,Away
HEL,BBB,6081,6.0,S6,6,2,1,0,6,4,1,0,8,1,4,1,3,1,3,0,9,30,6.0,5,1.6047297297297296,-0.023728621015468035,-0.3419,7,3,Home
HEL,CIM,6134,6.0,S6,10,1,0,1,0,1,0,0,3,7,1,3,4,0,1,0,2,21,6.0,1,-2.39527027027027,0.3306899283320303,0.2388,11,6,Home
HEL,FRG,6151,6.0,S6,11,7,0,1,1,1,0,0,4,6,1,1,3,0,0,0,9,25,5.0,9,6.170608108108108,-0.513466604782398,-0.2748,7,3,Away
HEL,LIM,6012,6.0,S6,1,4,0,1,5,1,0,0,5,1,1,2,3,1,1,2,10,23,5.0,5,2.170608108108108,-0.10932283654126149,-0.3205000000000001,8,5,Away
HEL,MBT,6069,6.0,S6,5,0,0,2,0,2,0,0,3,3,1,3,3,2,0,0,2,17,5.0,0,-2.829391891891892,0.3533832492885099,0.15250000000000005,9,5,Away
HEL,MVS,6093,6.0,S6,7,0,1,0,0,3,0,0,5,9,2,2,0,0,0,0,1,22,6.0,0,-3.39527027027027,0.43068992833203035,0.6927,11,1,Away
HEL,PBA,6165,6.0,S6,12,1,1,3,2,3,0,0,7,9,2,2,1,0,0,0,7,31,7.0,5,0.5513963963963966,0.07331717583559222,0.027700000000000044,9,4,Home
HEL,PHB,6180,6.0,S6,13,4,0,1,1,2,0,0,4,5,0,4,2,0,2,0,6,23,5.0,7,4.170608108108109,-0.313466604782398,-0.4241999999999999,8,6,Away
HEL,POR,6123,6.0,S6,9,0,1,2,3,6,0,0,3,5,0,2,5,3,1,0,6,27,6.0,3,-0.3952702702702706,0.15555253777884936,-0.007499999999999923,9,7,Home
HEL,SGP,6101,6.0,S6,8,1,0,0,3,3,0,0,4,3,2,1,4,1,0,0,4,21,5.0,1,-1.829391891891892,0.269958322253056,0.2747,8,4,Away
HEL,SLT,6054,6.0,S6,4,1,0,0,2,5,0,0,8,3,3,1,3,0,0,0,3,26,6.0,2,-1.3952702702702706,0.2472650012965764,0.39379999999999993,7,3,Home
HEL,SUP,6040,6.0,S6,3,2,0,2,2,2,0,0,9,2,2,1,3,1,0,0,6,25,6.0,2,-1.3952702702702704,0.24312123305543987,0.3591,7,4,Away
HEL,TAK,6023,6.0,S6,2,0,0,0,3,6,0,0,2,4,1,3,6,2,2,0,3,25,6.0,0,-3.3952702702702706,0.45140876953771286,0.6287,12,7,Home
HEL,TTT,6194,6.0,S6,14,1,0,0,3,2,0,0,2,6,2,6,0,2,0,0,4,22,6.0,2,-1.3952702702702704,0.2306899283320303,0.1781,10,6,Home
HON,CEL,4027,4.0,S4,4,2,0,2,5,4,0,0,4,3,0,4,3,1,0,0,9,27,5.0,7,2.32185628742515,-0.11890089486032762,-0.4385,11,6,Home
HON,CEL,4083,4.0,S4,11,4,1,1,2,3,0,1,4,4,0,7,3,0,0,0,8,29,6.0,6,0.3862275449101803,0.08305344116022023,0.09329999999999998,13,10,Away
HON,DBV,4050,4.0,S4,7,5,1,3,5,3,0,0,3,7,2,3,0,0,3,0,14,32,5.0,11,6.32185628742515,-0.48533504778412395,-0.38749999999999996,11,3,Home
HON,DBV,4106,4.0,S4,14,0,0,2,2,2,0,0,2,5,1,2,6,1,0,1,4,22,6.0,1,-4.61377245508982,0.5578790558530675,0.40180000000000005,14,9,Away
HON,DDD,4009,4.0,S4,2,1,1,1,4,5,0,0,4,6,0,3,5,0,0,0,7,30,6.0,4,-1.6137724550898196,0.28724917204474576,0.012699999999999975,13,6,Home
HON,DDD,4065,4.0,S4,9,3,1,2,3,3,0,0,4,3,1,4,3,0,0,0,9,27,5.0,11,6.32185628742515,-0.5189008948603276,-0.3604,9,5,Away
HON,N69,4017,4.0,S4,3,0,0,1,0,3,0,0,4,2,0,4,1,1,0,0,1,15,4.0,1,-2.74251497005988,0.33718746027386987,0.096,5,5,Away
HON,N69,4073,4.0,S4,10,2,2,1,0,3,0,0,1,3,2,2,3,1,0,0,5,19,4.0,6,2.25748502994012,-0.1460296161880283,-0.3525000000000001,9,5,Home
HON,PDB,4044,4.0,S4,6,3,1,0,3,4,0,0,5,3,2,1,5,2,0,0,7,27,6.0,6,0.38622754491017997,0.07466197939116936,-0.4206,11,6,Home
HON,PDB,4100,4.0,S4,13,2,1,2,1,7,0,0,5,2,0,4,2,1,1,0,6,27,5.0,4,0.010348350917213756,0.1164456296749915,-0.013999999999999919,8,5,Away
HON,PGA,4004,4.0,S4,1,4,0,3,3,4,0,1,1,2,0,1,3,2,0,0,10,21,3.0,9,7.294522066977157,-0.6413418581226811,-0.7375,7,5,Away
HON,PGA,4059,4.0,S4,8,2,0,1,6,3,0,0,5,4,0,5,3,1,1,0,9,29,6.0,5,-0.6137724550898197,0.18724917204474578,-0.07276400000000002,11,8,Home
HON,PGS,4034,4.0,S4,5,2,1,2,3,4,0,0,2,7,1,0,2,0,1,0,8,24,4.0,6,2.25748502994012,-0.12085523088087555,-0.30100000000000005,6,3,Away
HON,PGS,4090,4.0,S4,12,0,0,3,1,3,0,0,4,4,0,6,2,2,0,0,4,23,6.0,0,-5.613772455089819,0.6578790558530676,0.5179999999999999,13,8,Home
HOT,ARA,11030,11.0,S11,5,0,0,1,4,1,0,0,3,6,3,2,4,0,1,0,5,24,6.0,0,-3.6009426551453263,0.46066083649479206,0.6318,9,6,Home
HOT,ARA,11082,11.0,S11,14,2,0,1,3,0,0,0,2,3,3,1,5,1,0,0,6,20,5.0,2,-1.0007855459544386,0.18053181137965135,-0.01220000000000002,12,7,Away
HOT,DOG,11047,11.0,S11,8,2,0,1,1,2,0,0,8,5,2,2,1,0,0,0,4,24,6.0,2,-1.6009426551453263,0.2566381736555816,0.06330000000000008,9,4,Away
HOT,DOG,11076,11.0,S11,13,1,0,3,0,0,0,0,3,2,2,4,7,0,0,0,4,22,6.0,1,-2.6009426551453263,0.3485928479771609,0.21020000000000003,12,7,Home
HOT,IDR,11013,11.0,S11,3,4,1,3,2,2,0,0,6,0,4,2,2,1,0,0,10,26,5.0,7,3.9992144540455614,-0.2953322115850864,-0.2101,8,3,Away
HOT,LAX,11062,11.0,S11,11,1,0,0,5,2,0,0,4,7,1,1,2,2,0,1,6,23,6.0,1,-2.6009426551453263,0.3566381736555817,0.3989,7,4,Away
HOT,LOB,11006,11.0,S11,1,1,0,1,1,3,0,0,5,1,2,6,3,1,1,0,3,23,6.0,3,-0.6009426551453265,0.15663817365558166,0.21810000000000002,11,7,Home
HOT,LOB,11058,11.0,S11,10,1,0,2,4,4,0,0,3,3,3,2,2,0,1,0,7,25,5.0,4,0.9992144540455613,0.004667788414913637,-0.20769999999999997,8,5,Away
HOT,OKT,11039,11.0,S11,7,1,0,2,2,6,0,0,3,4,2,4,2,3,1,0,5,26,6.0,4,0.3990573448546737,0.0687061621732128,-0.2129999999999999,10,4,Home
HOT,POS,11087,11.0,S11,15,1,0,2,3,7,0,0,5,7,2,1,2,1,1,0,6,30,6.0,5,1.399057344854674,-0.015203186469945701,0.05589999999999999,9,4,Away
HOT,PRP,11036,11.0,S11,6,1,0,3,4,2,0,0,6,9,5,0,7,2,0,1,8,37,10.0,2,-4.001571091908877,0.553018297080882,0.6249999999999996,18,7,Away
HOT,PRP,11054,11.0,S11,9,1,3,5,4,6,0,0,4,4,5,4,2,1,2,1,13,38,7.0,7,2.798900235663786,-0.11496084715875318,-0.5848,14,8,Home
HOT,ROY,11022,11.0,S11,4,1,0,0,5,2,0,0,4,5,1,2,3,2,2,1,6,23,6.0,3,-0.6009426551453263,0.16468349933400245,-0.06330000000000002,10,6,Home
HOT,SHH,11011,11.0,S11,2,0,1,1,2,1,1,0,3,5,2,4,2,1,0,1,4,21,6.0,1,-2.6009426551453263,0.3485928479771609,0.2329,12,3,Home
HOT,SHH,11096,11.0,S11,16,4,1,1,3,2,0,0,6,5,2,1,1,0,1,0,9,26,5.0,9,5.999214454045561,-0.49130954874587596,-0.6017,6,2,Away
HOT,WRM,11070,11.0,S11,12,3,0,3,1,0,0,0,3,6,4,1,3,1,0,0,7,24,6.0,4,0.3990573448546736,0.056638173655581645,-0.21720000000000006,10,5,Home
HVR,SAV,2001,2.0,S2,1,0,0,3,2,0,0,0,5,8,0,4,1,0,0,0,5,23,6.0,1,0.2727272727272727,0.09060227272727274,0.0,12,5,Home
HVR,TRE,2002,2.0,S2,2,0,1,1,1,0,0,0,3,8,1,1,1,0,0,1,3,17,5.0,0,-0.606060606060606,0.1528560606060606,0.0,8,2,Home
IDR,ARA,11068,11.0,S11,12,1,0,0,1,4,0,0,4,5,3,4,2,0,0,0,2,24,6.0,2,-1.6009426551453263,0.25663817365558167,0.11750000000000002,12,7,Away
IDR,DOG,11057,11.0,S11,10,2,2,1,1,1,0,0,1,5,4,2,2,0,0,2,6,21,5.333333333333333,4,1.3720303178276465,-0.044681786480925995,-0.49499999999999994,10,5,Away
IDR,HOT,11013,11.0,S11,3,0,1,1,0,0,0,0,4,4,4,4,1,0,0,1,2,19,6.0,0,-3.6009426551453263,0.44054752229874017,0.28990000000000005,9,5,Home
IDR,LAX,11001,11.0,S11,1,1,0,4,3,1,0,0,4,4,5,1,2,1,0,1,8,25,6.0,3,-0.6009426551453263,0.1646834993340024,0.06250000000000006,11,6,Home
IDR,LAX,11091,11.0,S11,16,1,0,1,5,1,0,0,7,3,2,0,4,1,0,1,7,24,6.0,3,-0.6009426551453262,0.16066083649479201,0.20000000000000007,10,4,Away
IDR,LOB,11083,11.0,S11,14,1,0,1,4,2,0,0,5,1,4,2,4,2,0,0,6,24,6.0,2,-1.6009426551453263,0.25663817365558167,0.25270000000000004,10,7,Away
IDR,OKT,11032,11.0,S11,6,0,0,4,4,4,0,0,4,3,3,1,4,1,0,0,8,28,6.0,1,-2.6009426551453263,0.3727288250124232,0.1305,11,6,Away
IDR,OKT,11085,11.0,S11,15,0,0,6,4,5,0,0,6,5,1,3,2,0,0,1,10,32,6.0,5,1.3990573448546737,-0.0071578607915249275,-0.2658,9,6,Home
IDR,POS,11008,11.0,S11,2,3,1,0,2,7,0,0,12,5,3,6,6,1,3,3,6,45,12.0,5,-2.2018853102906526,0.42534433582879444,0.23739999999999983,22,10,Away
IDR,POS,11049,11.0,S11,9,1,0,5,4,1,0,0,6,3,4,5,0,0,1,0,10,29,6.0,5,1.399057344854674,-0.019225849309156086,-0.27490000000000003,13,4,Home
IDR,PRP,11037,11.0,S11,7,0,0,6,2,2,0,0,5,2,6,2,0,1,1,2,8,25,6.0,3,-0.6009426551453261,0.17272882501242315,-0.023999999999999994,10,5,Home
IDR,ROY,11044,11.0,S11,8,0,0,2,8,1,0,0,4,4,1,2,4,0,0,0,10,26,5.0,5,1.9992144540455612,-0.09533221158508638,-0.3683999999999997,10,6,Away
IDR,ROY,11073,11.0,S11,13,0,1,0,3,1,0,0,6,2,0,8,1,1,0,0,4,22,6.0,1,-2.6009426551453263,0.3485928479771609,0.25089999999999996,10,5,Home
IDR,SHH,11025,11.0,S11,5,2,0,2,2,1,0,0,3,5,1,1,6,2,2,0,6,23,6.0,4,0.3990573448546736,0.06066083649479205,0.06470000000000005,11,8,Home
IDR,WRM,11020,11.0,S11,4,0,0,0,2,1,0,0,5,5,0,3,4,1,0,0,2,20,6.0,0,-3.6009426551453263,0.44054752229874017,0.3633999999999999,10,6,Away
IDR,WRM,11061,11.0,S11,11,3,0,2,5,5,0,0,8,1,2,3,2,2,0,0,10,31,6.0,8,4.399057344854674,-0.3152031864699457,-0.3874,8,5,Home
ISO,CHI,5038,5.0,S5,4,2,0,0,4,2,0,0,3,8,1,2,1,0,0,0,6,23,5.0,4,0.6467780429594268,0.027346341210249158,-0.17600000000000002,9,3,Away
ISO,GBC,5030,5.0,S5,3,0,0,3,3,4,0,0,4,2,10,1,1,0,2,0,6,28,6.0,4,-0.02386634844868768,0.12241812898337996,-0.19119999999999998,13,2,Home
ISO,GBC,5161,5.0,S5,14,0,0,2,2,3,0,0,2,4,11,1,0,0,0,0,4,25,6.0,0,-4.023866348448688,0.5024128799602947,0.34540000000000004,10,3,Away
ISO,GTY,5006,5.0,S5,1,3,0,2,2,4,0,0,6,6,1,2,3,0,1,0,7,29,6.0,7,2.976133651551313,-0.17758187101662015,-0.1724,9,5,Home
ISO,GTY,5138,5.0,S5,12,0,0,0,1,2,0,0,2,2,9,3,0,1,0,1,1,19,6.0,0,-4.023866348448688,0.4824076309372095,0.5035,11,4,Away
ISO,KRB,5114,5.0,S5,10,1,1,2,4,3,0,0,3,4,3,1,0,1,0,0,8,22,4.0,6,3.3174224343675416,-0.24371914773517933,0.07538500000000001,4,3,Home
ISO,PPP,5126,5.0,S5,11,1,0,1,3,2,0,0,5,5,4,2,2,0,0,0,5,25,6.0,4,-0.023866348448687624,0.10241287996029469,0.38210000000000005,8,4,Home
ISO,RKT,5090,5.0,S5,8,1,1,3,7,2,0,0,5,6,1,2,3,1,0,0,12,31,6.0,6,1.9761336515513124,-0.07358082121200302,0.05650000000000003,9,5,Home
ISO,SPR,5018,5.0,S5,2,0,0,1,2,3,0,0,3,3,7,1,4,0,0,0,3,24,6.0,0,-4.023866348448688,0.4984118301556777,0.6161,13,6,Away
ISO,SPR,5150,5.0,S5,13,2,0,2,3,1,0,0,5,4,7,1,0,1,0,0,7,25,6.0,3,-1.0238663484486874,0.20241287996029472,0.19450000000000006,10,2,Home
ISO,TSA,5078,5.0,S5,7,2,0,1,0,0,0,0,4,3,8,0,3,0,0,0,3,21,6.0,2,-2.0238663484486876,0.28640868074182657,0.3558,12,6,Home
ISO,WSH,5061,5.0,S5,6,2,0,1,2,5,0,0,5,2,4,1,2,1,0,0,5,24,5.0,7,3.6467780429594265,-0.2686526089851338,-0.6572,7,4,Away
ISO,WWC,5100,5.0,S5,9,0,2,2,2,4,0,0,6,1,7,1,3,0,1,0,6,28,6.0,4,-0.023866348448687624,0.1184170791787629,0.02510000000000004,12,5,Away
ISO,YUM,5053,5.0,S5,5,2,0,0,1,1,0,0,3,8,0,4,2,1,0,0,3,21,6.0,2,-2.0238663484486876,0.28640868074182657,0.29540000000000005,6,2,Away
JEF,AAL,6144,6.0,S6,11,0,0,3,2,0,0,0,5,0,1,2,4,0,0,0,5,17,4.0,3,0.7364864864864864,-0.003204588549327904,-0.2237,7,4,Away
JEF,BAC,6155,6.0,S6,12,5,0,2,4,4,0,0,4,7,1,2,3,1,0,0,11,32,6.0,9,5.60472972972973,-0.42787238925660454,-0.6810999999999999,12,6,Home
JEF,CBC,6016,6.0,S6,2,0,2,3,5,5,0,0,5,4,2,3,3,1,0,0,10,32,6.0,8,4.60472972972973,-0.32787238925660456,-0.5939,10,6,Home
JEF,CWJ,6059,6.0,S6,5,2,1,3,6,4,0,0,9,2,1,2,3,0,0,0,12,33,5.666666666666667,11,8.20472972972973,-0.683728621015468,-1.0971,7,5,Away
JEF,FRG,6102,6.0,S6,8,0,1,2,3,3,0,0,7,4,3,5,2,0,0,0,6,30,7.0,4,-0.44860360360360374,0.1691734075944557,-0.02820000000000001,12,6,Home
JEF,LID,6074,6.0,S6,6,3,0,1,5,3,0,0,4,4,2,3,3,2,0,0,9,28,6.0,6,2.60472972972973,-0.1444474622211506,-0.23199999999999998,9,3,Home
JEF,LMN,6172,6.0,S6,13,0,0,1,3,6,0,1,3,3,1,0,8,1,2,2,4,25,6.0,1,-2.39527027027027,0.3596963060199859,0.2798,11,9,Away
JEF,MPD,6046,6.0,S6,4,2,0,3,3,3,0,0,3,7,4,2,1,1,0,0,8,28,6.0,7,3.6047297297297294,-0.2444474622211506,-0.5882,8,2,Home
JEF,PUK,6031,6.0,S6,3,0,0,0,3,0,0,0,3,10,0,0,3,2,0,0,3,19,6.0,0,-3.39527027027027,0.41825862360862076,0.5184,8,3,Away
JEF,RBD,6129,6.0,S6,10,0,0,2,3,2,0,0,6,8,0,3,1,0,0,0,5,25,6.0,0,-3.39527027027027,0.4431212330554398,0.5831,7,4,Home
JEF,SAR,6116,6.0,S6,9,1,0,3,0,2,0,0,4,3,5,3,0,0,0,0,4,21,5.0,2,-0.829391891891892,0.16995832225305596,-0.01580000000000003,11,4,Away
JEF,SAS,6004,6.0,S6,1,0,0,2,0,0,0,0,4,6,3,3,2,0,0,0,2,20,6.0,0,-3.39527027027027,0.42240239184975725,0.36310000000000003,12,4,Away
JEF,SGP,6185,6.0,S6,14,1,0,2,3,3,0,0,3,6,1,5,1,1,0,1,6,25,6.0,3,-0.3952702702702705,0.14726500129657635,0.3699,8,3,Away
JEF,WWC,6087,6.0,S6,7,4,0,3,5,0,0,0,4,2,2,5,4,1,0,0,12,29,6.0,10,6.60472972972973,-0.5403036939800141,-0.4695,13,5,Home
JUP,DAD,5022,5.0,S5,2,1,0,1,3,2,0,0,2,2,1,8,2,0,0,0,5,22,5.0,2,-1.353221957040573,0.22334529140563217,-0.01239999999999997,10,2,Away
JUP,DAD,5154,5.0,S5,13,4,2,0,3,3,0,0,2,3,1,5,5,2,0,0,9,28,6.0,9,4.976133651551312,-0.38558397062585414,-0.5825999999999998,10,5,Home
JUP,KTY,5119,5.0,S5,10,1,0,3,3,4,0,0,4,1,0,6,5,2,1,0,7,27,6.0,3,-1.0238663484486876,0.2144160293741458,0.03469999999999998,11,9,Home
JUP,LMN,5128,5.0,S5,11,1,0,1,0,3,2,0,4,10,2,0,2,0,0,0,2,23,6.0,2,-2.0238663484486876,0.29441078035106066,0.07460000000000004,9,3,Home
JUP,MVM,5059,5.0,S5,5,2,0,0,0,3,0,0,6,4,0,1,6,1,0,0,2,22,6.0,3,-1.0238663484486876,0.1904097305464436,-0.03830000000000001,9,6,Home
JUP,NUL,5034,5.0,S5,3,0,0,0,1,1,0,0,4,5,1,1,4,0,0,0,1,17,5.0,0,-3.353221957040573,0.40334004238254695,0.2549,7,4,Home
JUP,NUL,5165,5.0,S5,14,1,0,2,0,2,0,0,9,3,1,2,3,0,0,0,3,23,6.0,2,-2.0238663484486876,0.29441078035106066,0.3338,7,3,Away
JUP,PHB,5068,5.0,S5,6,2,1,1,3,0,0,0,1,9,0,3,4,1,0,0,7,24,6.0,4,-0.023866348448687624,0.09841183015567771,-0.10750000000000001,12,9,Away
JUP,POR,5082,5.0,S5,7,3,2,2,5,5,0,0,6,2,3,1,4,2,0,0,12,33,6.0,9,4.976133651551312,-0.36557872160276894,-0.5732,7,5,Home
JUP,SAR,5047,5.0,S5,4,1,0,1,2,4,0,0,2,5,3,5,1,2,0,0,4,24,6.0,2,-2.0238663484486876,0.29841183015567774,0.2713000000000001,12,6,Away
JUP,TAC,5009,5.0,S5,1,1,2,2,3,1,0,0,5,3,2,5,2,1,1,0,8,26,6.0,6,1.9761336515513128,-0.08958502043047123,-0.5636999999999999,11,3,Home
JUP,TAC,5142,5.0,S5,12,1,0,0,3,3,0,1,3,2,3,6,1,3,1,0,4,22,6.0,2,-2.0238663484486876,0.29441078035106066,0.15560000000000002,11,5,Away
JUP,TAI,5103,5.0,S5,9,3,1,2,1,2,0,0,5,2,2,4,2,0,0,0,7,24,5.0,7,3.6467780429594265,-0.26865260898513377,-0.5777000000000001,9,2,Away
JUP,TRA,5091,5.0,S5,8,1,0,4,2,0,0,0,6,3,4,2,2,1,0,0,7,24,6.0,3,-1.0238663484486876,0.1984118301556777,0.2599,10,6,Away
KEG,CCS,12061,12.0,S12,13,1,1,2,4,2,0,0,4,2,1,6,5,0,1,0,8,28,6.0,4,0.32508073196986065,0.0872880419110292,0.10840000000000002,14,10,Away
KEG,DDD,12016,12.0,S12,4,2,0,4,3,3,0,0,3,2,2,2,5,3,1,1,9,26,6.0,5,1.3250807319698605,-0.01684285860993684,-0.3619,10,7,Home
KEG,DDD,12036,12.0,S12,8,0,0,0,3,6,0,0,3,4,6,3,2,0,1,0,3,27,6.0,1,-2.6749192680301395,0.3831571413900632,0.4495,12,6,Away
KEG,MMN,12026,12.0,S12,6,1,0,3,1,1,0,0,2,5,3,2,6,0,1,0,5,24,6.0,3,-0.6749192680301395,0.17076443982716502,-0.09189999999999988,12,7,Home
KEG,PQD,12007,12.0,S12,2,0,0,2,5,1,0,0,3,2,3,2,4,2,0,0,7,23,6.0,2,-1.6749192680301397,0.26250263878523294,0.07410000000000003,11,5,Away
KEG,PQD,12042,12.0,S12,9,2,0,1,2,0,0,0,3,4,1,4,6,0,2,0,5,23,6.0,2,-1.6749192680301397,0.270764439827165,-0.028199999999999933,11,8,Home
KEG,SAL,12058,12.0,S12,12,0,0,1,1,4,0,0,1,6,0,3,5,3,0,0,2,21,6.0,0,-3.6749192680301395,0.4542408377433009,0.4627,14,7,Away
KEG,SCR,12024,12.0,S12,5,2,0,3,5,4,0,0,3,4,4,1,2,1,0,0,10,28,5.0,5,1.9375672766415506,-0.0780915130771059,-0.26299999999999996,8,3,Away
KEG,SCR,12067,12.0,S12,14,2,2,5,4,5,0,0,6,3,7,2,3,0,0,0,13,39,7.0,8,3.7125941872981705,-0.21015429841214137,-0.9798,14,8,Home
KEG,SDV,12002,12.0,S12,1,1,0,1,2,3,0,0,7,4,1,4,0,0,0,2,4,23,6.0,3,-0.6749192680301398,0.17076443982716508,-0.023199999999999946,10,6,Home
KEG,SDV,12034,12.0,S12,7,2,0,2,5,3,0,0,3,5,2,3,1,1,1,0,9,26,5.0,5,1.9375672766415506,-0.08222241359807188,-0.25539999999999996,9,4,Away
KEG,SEF,12052,12.0,S12,11,2,0,1,2,1,0,0,5,2,9,1,1,0,1,0,5,24,6.0,4,0.32508073196986065,0.07076443982716508,-0.1332,10,4,Home
KEG,WWC,12013,12.0,S12,3,0,0,2,1,1,0,0,4,3,0,4,4,1,0,0,3,20,6.0,0,-3.6749192680301395,0.45010993722233483,0.35740000000000005,10,7,Home
KEG,WWC,12050,12.0,S12,10,2,0,2,6,5,0,1,4,1,1,5,2,2,1,0,10,28,5.0,9,5.93756727664155,-0.47396061255613975,-0.23500000000000001,9,7,Away
KGB,AND,9020,9.0,S9,5,0,0,1,0,0,0,0,5,7,2,2,2,0,0,0,1,19,6.0,0,-3.4488188976377954,0.4147606955211389,0.2188,9,5,Home
KGB,AND,9043,9.0,S9,11,0,0,4,9,1,0,0,7,5,6,3,6,0,3,3,13,41,10.0,3,-1.8228346456692912,0.3551415630193445,0.34380000000000005,19,10,Away
KGB,ARR,9023,9.0,S9,6,1,0,3,3,1,0,0,4,5,3,0,2,0,1,0,7,23,5.333333333333333,4,0.8472803931423467,0.003539925852956191,-0.3813000000000001,10,4,Away
KGB,ARR,9046,9.0,S9,12,0,1,2,2,3,0,0,2,2,2,6,2,4,0,0,5,22,6.0,0,-3.4488188976377954,0.4257941911670378,0.4075,11,7,Home
KGB,BIR,9005,9.0,S9,2,1,0,0,1,4,0,0,2,3,3,2,4,1,3,0,2,20,5.0,3,0.125984251968504,0.07199170808837413,-0.09000000000000002,10,6,Away
KGB,BIR,9035,9.0,S9,9,3,0,1,3,5,0,1,6,4,2,2,4,0,2,0,7,30,6.0,6,2.5511811023622046,-0.13742749001329937,-0.3306,10,5,Home
KGB,FLB,9032,9.0,S9,8,5,0,2,2,3,0,0,3,3,5,3,3,0,1,4,9,29,7.0,6,1.9763779527559056,-0.07259151128873685,-0.6721999999999999,16,12,Home
KGB,FLB,9038,9.0,S9,10,0,3,0,6,1,0,0,7,2,3,7,6,1,2,1,9,35,9.0,5,-0.17322834645669283,0.15708044616038813,-0.0998000000000002,17,11,Away
KGB,GOP,9001,9.0,S9,1,2,0,3,2,2,0,0,4,5,4,3,3,2,0,0,7,28,7.0,2,-2.0236220472440944,0.3053414974194654,0.355,13,6,Home
KGB,GOP,9052,9.0,S9,13,0,0,3,3,1,0,0,7,2,1,6,0,2,0,0,6,23,6.0,1,-2.4488188976377954,0.3294720230490041,0.41420000000000007,7,3,Away
KGB,NNL,9012,9.0,S9,3,4,0,0,2,2,0,0,4,1,1,6,2,1,0,0,6,22,5.0,5,2.1259842519685037,-0.1316861237935921,-0.1639,10,5,Away
KGB,NNL,9028,9.0,S9,7,0,0,3,2,1,0,0,3,5,6,3,1,0,1,0,5,24,6.0,3,-0.4488188976377953,0.13682768681293664,0.22460000000000005,12,4,Home
KGB,POS,9016,9.0,S9,4,2,1,1,1,1,0,0,5,4,4,4,1,0,1,1,5,25,7.0,2,-2.0236220472440944,0.3016636655374991,0.20439999999999997,10,4,Away
KGB,POS,9055,9.0,S9,14,0,0,2,5,4,0,0,6,7,3,2,0,0,1,0,7,29,6.0,5,1.551181102362205,-0.04478315377723197,-0.06240000000000005,9,2,Home
KIR,ACK,10009,10.0,S10,2,6,0,2,5,4,0,0,8,10,5,4,7,1,1,1,13,51,12.0,9,0.7359735973597357,0.13206217851797036,0.21079999999999996,21,7,Home
KIR,BEE,10023,10.0,S10,5,3,1,1,2,4,0,0,5,3,2,0,5,0,1,0,7,26,5.0,6,2.5566556655665567,-0.15089561310653327,-0.3419,8,6,Away
KIR,CRN,10017,10.0,S10,4,4,1,0,3,2,0,0,3,9,2,3,0,0,2,1,8,27,6.0,5,0.8679867986798677,0.029612379521038068,-0.18500000000000003,11,4,Home
KIR,CRN,10067,10.0,S10,14,1,0,1,2,1,0,0,4,3,3,5,3,0,0,0,4,23,6.0,2,-2.1320132013201323,0.30244979899693225,0.24779999999999996,13,9,Away
KIR,GOB,10001,10.0,S10,1,0,1,3,3,0,0,0,3,4,2,4,4,1,0,0,7,24,6.0,3,-1.1320132013201323,0.20633016764323311,0.12300000000000003,11,7,Away
KIR,GOB,10047,10.0,S10,10,4,0,3,4,4,0,0,4,3,2,2,5,0,0,2,11,31,6.0,9,4.867986798679867,-0.35874651454005946,-0.2922000000000001,14,8,Home
KIR,GRS,10062,10.0,S10,13,5,0,3,4,6,0,0,5,5,2,1,4,1,0,0,12,35,6.0,12,7.867986798679867,-0.6509857772474578,-0.9893999999999997,9,7,Home
KIR,KRK,10033,10.0,S10,7,0,0,0,2,0,0,0,1,11,0,4,1,1,0,0,2,19,6.0,0,-4.132013201320133,0.48692832441172895,0.46430000000000005,9,5,Home
KIR,KRK,10057,10.0,S10,12,4,0,1,2,4,0,0,5,3,2,5,3,3,1,0,7,29,7.0,6,1.1793179317931788,-0.001520733790293046,-0.33879999999999993,13,7,Away
KIR,SEO,10028,10.0,S10,6,2,0,1,3,5,0,0,5,1,2,4,2,1,2,0,6,25,5.0,5,1.5566556655665564,-0.05089561310653327,-0.2990000000000001,9,5,Away
KIR,SEO,10055,10.0,S10,11,1,0,0,3,1,0,0,3,3,3,2,5,2,0,0,4,21,6.0,1,-3.1320132013201323,0.39468906170433066,0.23279999999999998,10,7,Home
KIR,SSS,10038,10.0,S10,8,2,0,2,3,3,0,0,6,4,3,2,3,0,0,0,7,28,6.0,3,-1.1320132013201323,0.2218516422284364,0.2862,7,4,Away
KIR,ZAH,10013,10.0,S10,3,2,0,3,1,1,0,0,5,5,4,1,2,1,1,0,6,24,6.0,5,0.8679867986798679,0.010210536289533896,0.1444,10,3,Away
KIR,ZAH,10045,10.0,S10,9,2,1,3,7,2,0,0,5,4,2,2,3,2,1,0,13,31,6.0,7,2.8679867986798677,-0.16262688318636034,-0.26449999999999996,10,4,Home
KNX,BAC,7058,7.0,S7,8,4,0,2,2,4,0,0,5,4,1,3,4,1,1,0,8,29,6.0,8,4.708842559309849,-0.3452430934251995,-0.4894,8,5,Home
KNX,BBB,7005,7.0,S7,1,2,1,1,1,1,0,0,8,1,4,2,2,1,0,0,5,23,6.0,4,0.7088425593098489,0.025440635323450544,-0.22010000000000002,8,3,Home
KNX,BBB,7093,7.0,S7,12,0,0,0,1,1,0,0,8,3,4,2,1,0,0,0,1,20,6.0,0,-3.291157440690151,0.41287651907287204,0.3611,11,3,Away
KNX,BBC,7081,7.0,S7,11,1,0,2,3,5,0,0,6,2,3,3,3,1,0,0,6,28,6.0,5,0.7088425593098487,0.046380829074414785,-0.053100000000000015,12,4,Away
KNX,CPR,7048,7.0,S7,6,0,0,2,1,4,0,1,1,4,1,7,3,2,1,0,3,23,6.0,0,-3.291157440690151,0.4296286740736434,0.5826,9,6,Away
KNX,FAP,7028,7.0,S7,4,4,0,1,1,2,0,0,3,6,0,4,2,0,0,0,6,23,5.0,6,2.2573687994248743,-0.12941198868805195,-0.24899999999999992,6,3,Away
KNX,MMA,7055,7.0,S7,7,0,0,0,4,2,0,0,4,5,0,4,5,0,0,0,4,24,6.0,0,-3.291157440690151,0.42962867407364336,0.24639999999999995,12,6,Home
KNX,PBA,7016,7.0,S7,2,2,0,1,4,1,0,0,4,1,1,5,5,2,0,0,7,24,6.0,3,-0.291157440690151,0.12962867407364342,0.30290000000000006,10,6,Away
KNX,PBA,7098,7.0,S7,13,3,1,1,2,1,0,0,6,6,1,2,3,0,0,0,7,26,6.0,5,1.7088425593098493,-0.061995248425970914,-0.2727,8,4,Home
KNX,RRR,7072,7.0,S7,9,2,2,2,3,1,0,0,3,7,1,2,2,0,0,0,9,25,5.0,8,5.257368799424874,-0.42103591118766626,-0.7924999999999999,10,4,Away
KNX,SSJ,7019,7.0,S7,3,2,0,3,2,2,0,0,3,5,1,3,7,2,0,0,7,28,7.0,5,0.5446634548322371,0.06279873952217602,-0.262,12,8,Home
KNX,SSJ,7110,7.0,S7,14,0,2,2,3,3,0,1,1,1,1,3,2,2,1,5,7,18,5.0,2,-0.7426312005751255,0.170588011311948,-0.013000000000000001,10,5,Away
KNX,TBL,7078,7.0,S7,10,0,0,1,5,2,0,0,2,5,0,5,3,2,1,1,6,23,6.0,1,-2.2911574406901507,0.33381671282383624,0.44799999999999995,10,4,Home
KNX,WSW,7037,7.0,S7,5,4,0,1,1,3,0,0,6,5,1,3,2,1,0,0,6,26,6.0,5,1.708842559309849,-0.06199524842597088,-0.7281000000000001,10,4,Home
KRB,CHI,5014,5.0,S5,2,2,0,0,0,3,0,0,4,2,8,2,2,0,0,0,2,23,6.0,3,-1.0238663484486878,0.19441078035106069,-0.04289999999999995,11,6,Home
KRB,CHI,5146,5.0,S5,13,1,0,0,1,2,0,0,10,3,1,1,2,1,0,0,2,21,6.0,1,-3.0238663484486876,0.3864086807418266,0.2911000000000001,6,2,Away
KRB,GBC,5102,5.0,S5,9,0,1,2,1,5,0,1,9,3,1,0,2,0,2,0,4,24,5.0,4,0.6467780429594274,0.03934949062410032,-0.3756999999999999,3,2,Away
KRB,GTY,5066,5.0,S5,6,2,0,1,3,1,0,0,6,2,7,1,1,0,2,1,6,24,6.0,2,-2.0238663484486876,0.3104149795695288,0.3379,9,5,Away
KRB,ISO,5114,5.0,S5,10,0,1,1,3,0,0,0,3,4,2,1,2,0,0,0,5,17,4.0,2,0.3174224343675416,0.03627560324173552,0.089074,7,3,Away
KRB,PPP,5037,5.0,S5,4,1,0,2,4,1,0,0,3,4,6,3,0,1,0,1,7,24,6.0,1,-3.0238663484486876,0.40241287996029473,0.4346000000000001,8,3,Home
KRB,RKT,5025,5.0,S5,3,2,0,1,0,2,0,0,5,1,6,0,6,0,0,0,3,23,6.0,3,-1.0238663484486874,0.19441078035106063,0.2454,12,6,Away
KRB,RKT,5158,5.0,S5,14,0,0,2,2,4,0,0,2,4,5,2,2,1,0,0,4,23,6.0,3,-1.0238663484486876,0.19441078035106066,-0.13670000000000002,10,5,Home
KRB,SPR,5077,5.0,S5,7,1,1,1,2,1,0,0,2,2,4,2,4,1,0,0,5,20,5.0,3,-0.353221957040573,0.11534319179639807,-0.1234,11,6,Away
KRB,TSA,5049,5.0,S5,5,2,0,2,5,2,0,1,5,4,7,2,0,0,1,0,9,29,6.0,3,-1.0238663484486874,0.22241812898337993,0.0034000000000000558,8,3,Home
KRB,WSH,5001,5.0,S5,1,1,0,3,4,2,0,0,3,3,7,3,2,0,0,0,8,28,6.0,3,-1.0238663484486878,0.21441602937414586,-0.020400000000000022,13,6,Away
KRB,WSH,5133,5.0,S5,12,1,0,1,3,1,0,0,3,3,7,2,3,0,0,0,5,24,6.0,1,-3.0238663484486876,0.3984118301556777,0.537,12,5,Home
KRB,WWC,5121,5.0,S5,11,1,0,1,3,1,0,0,4,3,5,2,3,0,1,1,5,23,6.0,2,-2.023866348448688,0.29841183015567774,0.22290000000000004,13,6,Home
KRB,YUM,5085,5.0,S5,8,2,1,0,4,3,0,0,4,5,3,2,3,1,0,0,7,27,6.0,4,-0.023866348448687624,0.11041497956952882,-0.03119999999999993,11,5,Home
KRK,ACK,10018,10.0,S10,4,2,0,3,10,3,0,1,7,3,0,3,1,0,1,1,15,32,5.0,10,6.556655665566557,-0.5237330325824275,-0.34850000000000003,8,5,Away
KRK,BEE,10006,10.0,S10,2,3,1,1,2,4,0,0,7,5,1,3,2,0,2,0,7,29,6.0,6,1.867986798679868,-0.06650725183266112,-0.14900000000000002,11,4,Home
KRK,CRN,10002,10.0,S10,1,2,1,0,1,3,0,0,2,5,1,2,3,1,1,1,4,20,5.0,4,0.5566556655665563,0.029702543661962566,-0.23439999999999994,11,6,Away
KRK,CRN,10048,10.0,S10,10,0,1,0,1,2,0,1,6,3,3,3,2,0,0,1,2,21,6.0,1,-3.1320132013201323,0.3985694303506314,0.19269999999999998,12,6,Home
KRK,GOB,10014,10.0,S10,3,0,0,1,1,0,0,0,3,7,2,3,2,1,0,0,2,19,6.0,0,-4.132013201320133,0.48692832441172895,0.1902,11,6,Away
KRK,GOB,10042,10.0,S10,9,0,1,1,1,2,0,0,5,6,1,2,3,1,1,0,3,22,6.0,1,-3.1320132013201323,0.40244979899693223,0.2729999999999999,10,6,Home
KRK,GRS,10036,10.0,S10,8,2,2,1,1,1,0,1,7,5,1,2,2,1,0,0,6,24,6.0,4,-0.13201320132013228,0.10633016764323304,-0.029300000000000048,9,5,Home
KRK,KIR,10033,10.0,S10,7,2,0,1,0,0,0,0,4,2,4,1,4,0,0,0,3,18,5.0,2,-1.4433443344334438,0.21418106907675927,-0.0357,9,4,Away
KRK,KIR,10057,10.0,S10,12,2,1,2,7,5,0,0,4,7,2,2,5,0,3,1,12,37,7.0,8,3.179317931793179,-0.15883667868098397,-0.8388,15,10,Home
KRK,SEO,10065,10.0,S10,13,1,1,2,2,2,0,0,4,5,3,1,4,1,0,0,6,25,6.0,3,-1.132013201320132,0.2102105362895339,0.06569999999999997,12,7,Away
KRK,SSS,10029,10.0,S10,6,2,0,0,6,2,0,0,3,5,0,4,3,2,1,1,8,25,6.0,2,-2.1320132013201323,0.31797127358213556,0.39360000000000006,11,7,Home
KRK,SSS,10053,10.0,S10,11,3,1,2,3,2,0,0,4,2,4,3,2,0,1,0,9,26,5.0,6,2.5566556655665567,-0.1508956131065333,-0.49690000000000023,11,7,Away
KRK,ZAH,10025,10.0,S10,5,0,0,1,3,5,0,1,6,4,1,5,0,0,1,2,4,25,6.0,1,-2.1320132013201323,0.3218516422284364,0.5146999999999999,9,7,Home
KRK,ZAH,10068,10.0,S10,14,1,0,3,1,0,0,0,7,5,3,2,1,0,0,0,5,23,6.0,1,-3.1320132013201323,0.4024497989969323,0.4169,10,4,Away
KTY,DAD,5095,5.0,S5,8,0,2,0,3,1,0,0,8,2,1,2,3,1,0,0,5,23,6.0,1,-2.4560697382791963,0.33763111933411155,0.31250000000000006,6,3,Home
KTY,JUP,5119,5.0,S5,10,1,1,0,0,2,0,0,6,5,2,2,2,1,0,0,2,21,6.0,2,-2.0238663484486876,0.2864086807418266,0.5354000000000001,9,4,Away
KTY,LMN,5105,5.0,S5,9,3,1,2,4,5,0,1,5,2,5,2,0,0,1,1,10,29,5.0,9,5.646778042959427,-0.4406452603528146,-0.32299999999999995,11,3,Away
KTY,MVM,5011,5.0,S5,1,1,0,2,1,2,0,0,3,4,3,3,4,1,0,0,4,23,6.0,1,-3.0238663484486876,0.39441078035106064,0.6497000000000002,11,6,Away
KTY,MVM,5144,5.0,S5,12,2,0,3,7,6,0,0,6,7,2,2,1,0,0,0,12,36,6.0,12,7.976133651551312,-0.6535755721889179,-0.34169999999999995,11,4,Home
KTY,NUL,5057,5.0,S5,5,0,3,2,5,4,0,1,0,5,2,4,1,2,0,0,10,26,4.666666666666667,8,5.779521405791285,-0.47392484565908555,-0.3489000000000001,10,6,Away
KTY,PHB,5048,5.0,S5,4,3,1,3,3,2,0,0,1,8,1,3,4,1,0,0,10,29,6.0,9,4.976133651551312,-0.38158292082123707,-0.24809999999999996,11,6,Home
KTY,POR,5023,5.0,S5,2,0,0,1,1,0,0,0,4,5,1,3,5,0,0,0,2,20,6.0,0,-4.023866348448688,0.4824076309372095,0.437,13,9,Away
KTY,POR,5155,5.0,S5,13,5,1,2,5,0,0,0,6,7,1,2,2,0,1,0,13,31,6.0,8,3.9761336515513124,-0.269579771407386,-0.4394,10,5,Home
KTY,SAR,5035,5.0,S5,3,1,0,0,2,3,0,0,6,6,0,3,3,0,0,0,3,24,6.0,2,-2.0238663484486876,0.2984118301556777,0.1181,11,5,Home
KTY,SAR,5168,5.0,S5,14,0,2,1,2,0,0,0,6,2,2,3,1,1,0,0,5,19,5.0,3,-0.35322195704057313,0.1113421419917811,-0.08769999999999999,7,3,Away
KTY,TAC,5131,5.0,S5,11,3,1,0,3,2,0,0,0,10,2,1,4,0,0,1,7,26,6.0,6,1.9761336515513122,-0.08958502043047115,-0.04869999999999998,12,7,Home
KTY,TAI,5079,5.0,S5,7,1,0,0,0,3,0,0,4,6,0,5,2,1,1,0,1,21,6.0,2,-2.0238663484486876,0.29040973054644365,0.3112000000000001,8,4,Away
KTY,TRA,5072,5.0,S5,6,0,0,2,1,1,0,0,7,3,1,4,3,0,0,0,3,22,6.0,2,-2.0238663484486876,0.2904097305464436,0.4966999999999999,10,6,Home
LAC,BAG,8022,8.1,S8A,4,2,0,6,3,1,0,0,1,3,2,3,4,2,1,0,11,25,5.0,7,3.6166666666666667,-0.2510923404779599,-0.7446999999999998,11,7,Away
LAC,BIS,8007,8.1,S8A,2,2,0,2,4,7,0,0,3,4,1,4,3,0,0,0,8,30,5.666666666666667,8,4.759897084048028,-0.3484039474178334,-0.009999999999999983,10,7,Home
LAC,BLO,8014,8.1,S8A,3,0,0,3,5,0,0,0,2,7,6,0,3,0,0,0,8,26,6.0,1,-3.0599999999999996,0.41657432618870677,0.1936,12,3,Home
LAC,GND,8045,8.1,S8A,8,0,0,2,0,0,0,0,3,4,1,5,5,0,0,0,2,20,6.0,0,-4.06,0.49105717399131293,0.4081,15,10,Home
LAC,MKW,8029,8.1,S8A,5,3,1,2,4,1,0,0,5,1,4,2,2,0,0,1,10,25,5.0,7,3.6166666666666667,-0.25109234047795986,-0.34390000000000004,9,4,Away
LAC,NXS,8041,8.1,S8A,7,0,1,1,2,1,0,0,7,5,1,2,3,0,1,0,4,23,6.0,2,-2.06,0.3080686087895755,0.1369,9,5,Away
LAC,PPM,8002,8.1,S8A,1,0,0,2,2,2,0,0,4,9,2,0,3,0,0,0,4,24,6.0,0,-4.06,0.5080686087895755,0.5368000000000002,12,4,Home
LAC,SCU,8035,8.1,S8A,6,0,0,0,3,1,0,0,8,3,1,3,1,1,0,1,3,20,6.0,0,-4.06,0.49531003269087853,0.26299999999999996,7,2,Away
LAN,BAY,3021,3.0,S3,6,3,0,2,2,2,0,0,3,6,0,6,3,0,0,0,7,27,6.0,6,1.6224932249322501,-0.021938876321978117,0.0,14,9,Home
LAN,BAY,3051,3.0,S3,13,0,2,2,2,2,0,0,6,9,0,2,1,0,0,0,6,26,6.0,4,-1.785333977805132,0.31364716076023247,0.0,12,3,Away
LAN,BER,3014,3.0,S3,4,2,0,2,2,2,0,0,1,4,3,0,4,2,0,1,6,20,5.0,2,-2.6016260162601617,0.3692929486480971,0.0,11,5,Away
LAN,BER,3043,3.0,S3,11,1,0,1,1,3,0,0,4,3,2,3,3,0,0,0,3,21,5.0,1,-3.6016260162601617,0.46929294864809706,0.0,9,7,Home
LAN,CCF,3006,3.0,S3,2,0,1,1,1,2,0,0,5,3,2,4,3,1,0,0,3,22,6.0,1,-4.521951219512194,0.566522152164828,0.0,11,7,Away
LAN,CCF,3033,3.0,S3,9,1,2,4,5,4,0,0,6,6,1,2,2,0,0,1,12,33,6.0,10,4.961164675247536,-0.31942923901281306,0.0,10,6,Home
LAN,CIN,3003,3.0,S3,1,2,0,1,1,4,0,0,1,10,0,1,0,0,0,0,4,20,4.0,4,0.3186991869918705,0.07206374513136624,0.0,7,2,Home
LAN,CIN,3029,3.0,S3,8,4,2,2,3,6,0,1,7,7,1,2,0,1,1,0,11,34,6.0,10,4.478048780487806,-0.26592096634531237,0.0,9,4,Away
LAN,FTP,3020,3.0,S3,5,3,0,0,3,2,0,0,2,9,0,0,1,0,0,0,6,20,4.0,6,2.6914976214341406,-0.16521609831286085,0.0,5,2,Away
LAN,FTP,3045,3.0,S3,12,1,0,1,2,4,0,0,2,9,0,2,3,2,0,0,4,24,6.0,4,-0.2804615687459962,0.1527665534712635,0.0,13,6,Home
LAN,SCB,3010,3.0,S3,3,1,1,0,1,4,0,0,3,11,1,1,2,0,1,0,3,25,6.0,2,-3.5219512195121943,0.4873088849309386,0.0,12,5,Home
LAN,SCB,3037,3.0,S3,10,0,0,0,0,1,0,0,0,5,0,2,1,1,0,0,0,9,3.0,0,-2.760975609756097,0.3228677096993587,0.0,3,2,Away
LAN,TZS,3028,3.0,S3,7,2,2,3,5,5,1,0,4,3,2,0,4,0,0,0,12,30,4.333333333333333,10,7.976945412311267,-0.6417940454852968,0.0,12,6,Away
LAN,TZS,3055,3.0,S3,14,3,2,1,4,3,0,0,3,3,5,4,2,1,0,0,10,30,6.0,7,1.4780487804878057,0.008095617697049279,0.0,11,6,Home
LAX,ARA,11086,11.0,S11,15,1,0,1,1,5,0,0,4,8,2,2,1,1,0,0,3,25,6.0,1,-2.6009426551453263,0.360660836494792,0.2001,8,4,Home
LAX,DOG,11026,11.0,S11,5,2,0,3,9,1,0,0,6,2,2,5,5,2,4,2,14,35,8.0,7,2.1987431264728983,-0.0589677990788747,-0.2694999999999999,13,9,Away
LAX,HOT,11062,11.0,S11,11,1,0,2,2,0,0,0,2,3,9,2,1,0,0,1,5,22,6.0,3,-0.6009426551453262,0.15261551081637126,-0.10110000000000001,9,3,Home
LAX,IDR,11001,11.0,S11,1,2,0,3,4,2,0,0,5,5,1,1,2,1,2,0,9,25,5.0,5,1.9992144540455614,-0.09130954874587599,-0.43749999999999994,4,3,Away
LAX,IDR,11091,11.0,S11,16,2,1,2,4,5,0,0,1,6,2,2,5,1,2,1,9,30,6.0,4,0.39905734485467376,0.09284213920847502,-0.30000000000000004,12,5,Home
LAX,LOB,11015,11.0,S11,3,1,0,5,3,4,0,0,5,2,1,3,3,0,0,1,9,27,5.0,8,4.999214454045561,-0.3872868859066656,-0.6519999999999998,9,4,Away
LAX,OKT,11007,11.0,S11,2,4,2,3,3,2,0,0,0,5,3,4,5,1,0,0,12,31,6.0,10,6.399057344854674,-0.5152031864699458,-0.5740000000000001,13,7,Home
LAX,OKT,11050,11.0,S11,9,1,0,2,2,5,1,0,4,3,1,2,4,1,0,0,5,24,5.0,4,0.999214454045561,-0.003377537263507091,-0.2111,9,4,Away
LAX,POS,11019,11.0,S11,4,2,3,5,6,0,0,0,1,0,7,3,4,1,0,2,16,31,6.0,7,3.3990573448546733,-0.20715786079152493,-0.5627,16,8,Home
LAX,POS,11080,11.0,S11,14,1,0,1,2,3,0,0,4,4,4,1,5,0,0,0,4,25,6.0,2,-1.6009426551453263,0.260660836494792,0.0821,10,5,Away
LAX,PRP,11071,11.0,S11,12,0,0,1,4,1,0,0,2,4,2,2,4,0,2,1,5,20,5.0,2,-1.0007855459544386,0.18857713705807216,-0.033400000000000006,7,5,Away
LAX,ROY,11038,11.0,S11,7,1,0,1,2,1,0,0,5,3,6,4,0,0,0,0,4,23,6.0,2,-1.6009426551453263,0.2526155108163713,-0.02510000000000001,10,5,Home
LAX,ROY,11055,11.0,S11,10,2,0,1,2,3,0,0,6,2,4,3,2,1,0,0,5,25,6.0,3,-0.6009426551453262,0.16066083649479204,0.2512,9,6,Away
LAX,SHH,11031,11.0,S11,6,4,1,1,3,1,0,0,6,9,3,0,0,0,0,0,9,28,6.0,6,2.3990573448546737,-0.1272711749875769,-0.06589999999999997,4,1,Home
LAX,WRM,11045,11.0,S11,8,2,0,3,3,2,0,0,3,5,0,2,4,0,0,1,8,24,5.0,6,2.9992144540455614,-0.19935487442429675,-0.23879999999999998,8,4,Away
LAX,WRM,11074,11.0,S11,13,1,1,1,1,0,0,0,5,4,4,4,1,0,0,0,4,22,6.0,2,-1.6009426551453263,0.2485928479771609,0.4285,9,2,Home
LDN,CCS,4006,4.0,S4,1,5,1,1,2,1,0,0,4,2,1,1,2,1,0,0,9,20,3.6666666666666665,8,4.49588709179579,-0.3656740914890699,-0.5611,7,4,Away
LDN,CCS,4061,4.0,S4,8,3,1,1,2,0,0,0,5,8,0,5,0,0,0,0,7,25,6.0,3,-2.61377245508982,0.36627051762211843,-0.0019109999999999997,14,6,Home
LDN,DCL,4045,4.0,S4,6,0,0,1,4,4,0,0,2,4,3,2,0,1,0,0,5,20,4.0,2,-1.7425149700598799,0.2581661146964972,0.01350000000000004,7,3,Away
LDN,DCL,4101,4.0,S4,13,2,1,2,3,3,0,0,8,8,0,1,0,0,0,1,8,28,6.0,5,-0.6137724550898198,0.18305344116022026,0.04280000000000013,11,1,Home
LDN,EEE,4016,4.0,S4,2,2,1,2,1,2,0,1,6,4,0,2,0,0,0,0,6,20,4.0,4,0.2574850299401201,0.05816611469649719,-0.2034,5,3,Home
LDN,EEE,4072,4.0,S4,9,0,0,4,6,2,0,0,8,2,1,1,5,1,0,0,10,29,6.0,3,-2.61377245508982,0.38305344116022033,0.1763,12,8,Away
LDN,FWG,4055,4.0,S4,7,1,1,4,3,5,0,0,4,5,0,2,6,1,0,0,9,31,6.0,7,1.3862275449101802,-0.008555097070728733,-0.5379,12,8,Home
LDN,FWG,4111,4.0,S4,14,1,0,1,2,3,0,1,2,5,1,5,0,1,1,1,4,20,5.0,2,-2.6781437125748497,0.36012045071704507,0.13999999999999999,8,6,Away
LDN,LMN,4029,4.0,S4,4,2,0,1,2,3,0,0,5,3,1,5,2,0,0,1,5,24,5.666666666666667,3,-2.3753703932341494,0.34243031143655145,-0.21409999999999998,12,8,Away
LDN,LMN,4085,4.0,S4,11,4,1,5,4,3,0,0,4,10,0,3,1,0,1,0,14,35,6.0,9,3.38622754491018,-0.1875764426481015,-0.21340000000000003,13,5,Home
LDN,MBX,4038,4.0,S4,5,0,1,1,3,4,0,2,5,8,0,4,0,0,0,1,5,26,6.0,1,-4.61377245508982,0.5746619793911694,0.4067,14,8,Home
LDN,MBX,4094,4.0,S4,12,3,0,1,1,2,0,1,2,4,0,2,1,0,0,0,5,16,3.0,4,1.1931137724550902,-0.0521796830931017,-0.2134,5,2,Away
LDN,VFQ,4023,4.0,S4,3,4,1,1,2,6,2,2,4,7,0,1,2,0,1,1,8,28,5.0,10,5.32185628742515,-0.4105094330912767,-0.4018,9,3,Home
LDN,VFQ,4079,4.0,S4,10,2,1,2,6,3,0,0,5,7,1,0,2,0,0,0,11,29,5.0,9,4.321856287425151,-0.3105094330912767,-0.4871000000000001,7,3,Away
LID,AAL,6005,6.0,S6,1,2,0,4,4,1,0,0,5,6,1,2,4,0,1,0,10,29,6.0,7,3.60472972972973,-0.23615992573887765,-0.3567,11,6,Home
LID,BAC,6042,6.0,S6,3,2,0,1,2,2,0,1,7,6,1,2,1,1,1,0,5,24,6.0,4,0.6047297297297295,0.043121233055439856,-0.2057000000000001,10,3,Home
LID,CBC,6156,6.0,S6,12,1,1,2,3,0,0,0,7,5,3,2,1,0,0,0,7,25,6.0,5,1.6047297297297298,-0.05687876694456017,-0.4867,7,4,Home
LID,CWJ,6049,6.0,S6,4,1,0,3,1,2,0,0,2,3,6,2,2,0,1,0,5,22,5.0,3,0.17060810810810811,0.07824585873532898,-0.15730000000000005,11,3,Away
LID,JEF,6074,6.0,S6,6,0,2,1,5,5,3,0,4,3,2,5,2,2,0,0,8,29,6.0,1,-2.39527027027027,0.35969630601998587,0.268,11,4,Away
LID,LMN,6063,6.0,S6,5,2,0,2,2,1,0,0,6,3,2,2,5,0,0,0,6,25,6.0,3,-0.39527027027027045,0.14312123305543983,0.0781,12,7,Home
LID,MPD,6021,6.0,S6,2,0,0,2,4,2,0,0,4,9,2,0,2,1,0,0,6,25,6.0,1,-2.39527027027027,0.34312123305543984,0.15420000000000003,8,2,Away
LID,PBA,6111,6.0,S6,8,1,1,2,2,3,1,0,1,5,7,4,3,1,0,0,6,29,7.0,3,-1.4486036036036036,0.2650296393533192,0.5267999999999999,18,8,Away
LID,PUK,6189,6.0,S6,14,0,0,1,2,4,0,0,8,3,2,1,4,0,0,0,3,25,6.0,1,-2.39527027027027,0.34312123305543984,0.2249,9,6,Home
LID,RBD,6173,6.0,S6,13,0,0,2,4,2,0,0,4,5,3,3,2,1,0,0,6,25,6.0,0,-3.39527027027027,0.4431212330554399,0.5514,10,5,Away
LID,SAR,6146,6.0,S6,11,0,0,2,2,2,0,0,5,2,1,1,2,1,0,0,4,17,4.0,1,-0.8293918918918919,0.1533832492885099,0.06030000000000002,6,3,Away
LID,SAS,6131,6.0,S6,10,1,0,1,2,1,0,0,6,4,2,3,3,0,0,0,4,23,6.0,2,-1.5754508719639961,0.2528517567425394,0.029799999999999983,10,5,Home
LID,SGP,6086,6.0,S6,7,2,0,1,2,0,0,0,4,4,0,5,1,1,0,0,5,19,5.0,3,0.17060810810810811,0.061670785770782915,-0.12020000000000008,7,6,Home
LID,WWC,6119,6.0,S6,9,3,0,0,3,2,1,0,8,1,3,2,0,1,0,0,6,22,5.0,6,3.170608108108108,-0.22589790950580751,-0.4729,5,0,Away
LIM,BBB,6167,6.0,S6,12,2,0,1,1,4,0,0,5,6,1,0,2,0,2,1,4,22,5.0,4,1.1706081081081081,-0.013466604782398008,-0.12559999999999982,6,2,Home
LIM,CIM,6050,6.0,S6,4,2,1,3,2,0,0,0,5,2,2,1,5,0,0,0,8,23,5.0,5,2.170608108108108,-0.12175414126467103,-0.20839999999999997,9,6,Away
LIM,FRG,6082,6.0,S6,6,4,2,0,0,4,0,2,5,3,1,4,2,0,0,0,6,25,5.0,7,4.170608108108108,-0.313466604782398,-0.4795,8,3,Away
LIM,HEL,6012,6.0,S6,1,2,0,2,4,3,0,0,1,4,7,1,3,1,0,1,8,27,6.0,3,-0.3952702702702704,0.15555253777884942,0.1795,13,6,Home
LIM,LMN,6110,6.0,S6,8,2,0,3,5,2,0,1,5,3,4,3,2,1,1,0,10,29,6.0,5,1.6047297297297298,-0.03615992573887758,-0.27289999999999986,10,7,Home
LIM,MBT,6140,6.0,S6,10,1,1,0,0,2,0,1,5,4,1,4,1,0,0,0,2,19,5.0,1,-1.829391891891892,0.26167078577078295,0.16499999999999998,8,4,Home
LIM,MVS,6191,6.0,S6,14,2,0,3,1,1,0,0,4,8,2,3,1,0,0,0,6,25,6.0,5,1.6047297297297296,-0.05687876694456017,-0.29979999999999996,11,4,Home
LIM,PBA,6122,6.0,S6,9,3,1,1,1,3,0,1,8,8,1,1,0,0,0,0,6,27,6.0,3,-0.3952702702702704,0.15140876953771287,0.13159999999999997,9,1,Away
LIM,PHB,6153,6.0,S6,11,2,0,1,1,3,0,1,6,1,1,3,2,1,0,1,4,20,5.0,2,-0.8293918918918921,0.16995832225305596,-0.07049999999999998,7,5,Away
LIM,POR,6028,6.0,S6,2,1,0,1,2,5,0,0,2,5,1,2,4,1,0,0,4,23,5.0,5,2.1706081081081083,-0.1217541412646711,-0.1586,7,6,Away
LIM,SLT,6097,6.0,S6,7,1,0,0,1,3,0,1,7,3,3,1,3,1,0,0,2,22,6.0,1,-2.39527027027027,0.3306899283320303,0.3188,8,3,Away
LIM,SUP,6070,6.0,S6,5,2,0,1,2,4,1,1,5,2,7,1,2,1,0,0,5,26,6.0,4,0.6047297297297295,0.04726500129657638,-0.17499999999999993,10,2,Home
LIM,TAK,6037,6.0,S6,3,1,0,2,1,1,0,0,7,2,5,2,1,1,0,0,4,22,6.0,1,-2.39527027027027,0.3306899283320303,0.2486,8,4,Home
LIM,TTT,6179,6.0,S6,13,5,0,2,1,2,0,0,7,4,1,1,3,0,0,0,8,26,5.333333333333333,9,5.9717221292954195,-0.4894342386599926,-1.1835,8,5,Away
LMN,AAL,6032,6.0,S6,3,1,0,1,3,1,0,0,8,2,5,1,1,0,1,1,5,23,6.0,1,-2.3952702702702706,0.34312123305543984,0.3453,11,2,Away
LMN,BAC,6043,6.0,S6,4,0,0,4,4,2,0,0,2,3,3,7,2,1,0,0,8,27,6.0,3,-0.39527027027027023,0.15140876953771287,-0.05329999999999993,12,6,Home
LMN,CBC,6114,6.0,S6,9,3,1,0,7,1,0,0,1,5,4,0,4,1,2,0,11,26,5.0,7,4.170608108108108,-0.3010353000589885,-0.48420000000000013,11,6,Away
LMN,CCS,4015,4.0,S4,2,2,0,3,1,1,0,0,5,5,1,2,4,0,0,1,6,24,6.0,3,-2.61377245508982,0.36627051762211843,0.0743,11,5,Home
LMN,CCS,4071,4.0,S4,9,3,1,3,8,3,0,0,3,3,1,2,5,1,0,0,15,32,5.0,12,7.32185628742515,-0.5979222404377004,-0.4417000000000001,11,7,Away
LMN,CWJ,6161,6.0,S6,12,1,0,2,5,1,0,0,3,6,1,1,2,2,0,0,8,22,5.0,1,-1.8293918918918919,0.2741020904941925,0.21809999999999996,8,4,Home
LMN,DAD,5069,5.0,S5,6,0,0,1,1,4,0,0,4,2,2,3,5,2,0,0,2,22,6.0,0,-4.023866348448688,0.4904097305464436,0.7655000000000002,10,7,Away
LMN,DCL,4053,4.0,S4,7,0,0,4,4,3,0,0,4,7,0,3,3,1,0,0,8,28,6.0,4,-1.6137724550898198,0.2788577102756949,0.20909999999999995,12,5,Home
LMN,DCL,4109,4.0,S4,14,4,0,2,3,2,0,0,4,4,0,5,2,0,0,0,9,26,5.0,7,2.32185628742515,-0.12309662574485311,-0.5676,10,8,Away
LMN,EEE,4022,4.0,S4,3,2,1,3,4,1,0,0,6,2,1,4,1,0,1,1,10,25,5.0,6,1.3218562874251503,-0.01890089486032761,-0.462,8,1,Away
LMN,EEE,4078,4.0,S4,10,1,0,2,2,1,0,0,5,3,1,4,2,2,0,1,5,21,6.0,1,-4.61377245508982,0.553683324968542,0.33180000000000004,11,6,Home
LMN,FWG,4007,4.0,S4,1,1,0,6,0,1,0,0,1,12,1,2,2,0,0,0,7,26,6.0,4,-1.6137724550898198,0.2704662485066439,0.1385,9,5,Away
LMN,FWG,4062,4.0,S4,8,3,0,1,7,1,0,0,4,2,0,3,6,3,0,0,11,27,6.0,6,0.38622754491018046,0.07466197939116934,-0.0033079999999999997,10,6,Home
LMN,JEF,6172,6.0,S6,13,2,0,1,3,3,0,0,5,5,2,2,3,1,0,0,6,26,6.0,4,0.6047297297297296,0.04726500129657632,-0.2202,10,5,Home
LMN,JUP,5128,5.0,S5,11,0,2,5,1,0,0,0,4,3,4,4,2,0,0,0,8,25,5.666666666666667,3,-0.5568004801852142,0.1557062931339474,-0.42469999999999997,10,6,Away
LMN,KTY,5105,5.0,S5,9,0,0,1,5,3,0,0,6,6,2,1,2,1,0,0,6,26,6.0,1,-3.0238663484486876,0.4064139297649118,0.178,9,4,Home
LMN,LDN,4029,4.0,S4,4,2,0,0,2,6,0,0,2,8,2,2,3,1,0,0,4,27,6.0,2,-3.6137724550898196,0.4746619793911694,0.28520000000000006,8,5,Home
LMN,LDN,4085,4.0,S4,11,2,0,4,4,2,0,0,5,4,0,1,7,1,0,0,10,29,6.0,9,3.386227544910181,-0.21694655883977973,-0.2149,13,7,Away
LMN,LID,6063,6.0,S6,5,3,0,1,7,1,0,0,3,0,0,5,6,1,0,0,11,26,5.0,7,4.170608108108108,-0.30932283654126147,-0.42189999999999994,10,6,Away
LMN,LIM,6110,6.0,S6,8,1,0,3,0,2,0,0,2,4,5,5,1,1,0,0,4,23,6.0,1,-2.39527027027027,0.3348336965731668,0.22709999999999997,11,4,Away
LMN,MBX,4048,4.0,S4,6,1,1,4,2,4,2,0,7,8,1,0,1,0,1,1,8,29,6.0,7,1.38622754491018,-0.008555097070728747,-0.34059999999999996,11,4,Away
LMN,MBX,4104,4.0,S4,13,2,0,1,5,2,0,0,3,4,0,1,1,0,0,0,8,19,3.0,7,4.19311377245509,-0.3395924904395252,-0.48429999999999995,6,2,Home
LMN,MPD,6147,6.0,S6,11,0,1,0,6,3,0,0,4,3,2,2,2,2,0,0,7,23,5.0,2,-0.8293918918918921,0.17824585873532903,0.024299999999999957,8,4,Away
LMN,MVM,5044,5.0,S5,4,4,1,1,1,3,0,0,2,5,2,5,4,0,0,0,7,28,6.0,6,1.9761336515513122,-0.08558397062585413,-0.2825,11,6,Home
LMN,NUL,5081,5.0,S5,7,4,1,0,1,1,0,0,8,2,1,3,1,0,0,0,6,22,5.0,6,2.6467780429594265,-0.17665470859436783,-0.4925,7,4,Away
LMN,PHB,5012,5.0,S5,1,0,0,1,3,2,0,0,1,2,3,4,6,2,1,0,4,22,6.0,0,-4.023866348448688,0.4944107803510606,0.186,14,9,Away
LMN,PHB,5140,5.0,S5,12,1,0,2,1,0,0,0,7,3,1,4,3,0,0,0,4,22,6.0,3,-1.0238663484486876,0.1904097305464436,-0.04269999999999998,8,7,Home
LMN,POR,5092,5.0,S5,8,1,0,0,1,3,0,0,3,7,0,4,4,0,0,0,2,23,6.0,1,-3.0238663484486876,0.39441078035106064,0.48439999999999994,9,5,Home
LMN,PUK,6133,6.0,S6,10,0,0,0,2,2,0,0,3,3,7,1,2,0,1,0,2,20,6.0,0,-3.3952702702702706,0.4265461600908938,0.6318,9,4,Home
LMN,RBD,6018,6.0,S6,2,1,1,4,4,1,0,0,2,4,2,6,3,1,0,0,10,28,6.0,6,2.60472972972973,-0.1444474622211506,-0.3809,12,5,Home
LMN,SAR,5056,5.0,S5,5,3,0,2,3,1,0,0,4,6,2,3,3,0,0,0,8,27,6.0,4,-0.023866348448687846,0.11041497956952884,-0.1351,10,6,Home
LMN,SAR,6007,6.0,S6,1,2,0,1,3,2,0,0,2,3,8,4,1,0,0,0,6,26,6.0,4,0.6047297297297296,0.04726500129657636,0.19640000000000002,14,7,Home
LMN,SAS,6090,6.0,S6,7,1,0,2,5,1,0,0,6,4,1,2,2,1,1,2,8,24,6.0,2,-1.3952702702702704,0.25140876953771285,0.06020000000000002,10,6,Home
LMN,SGP,6073,6.0,S6,6,3,0,2,1,6,0,0,6,3,2,2,2,0,1,0,6,27,5.0,7,4.170608108108108,-0.3010353000589885,-0.6475,6,2,Away
LMN,TAC,5118,5.0,S5,10,0,0,0,4,1,0,0,4,6,3,1,2,2,0,0,4,21,6.0,0,-4.023866348448688,0.48640868074182664,0.47735399999999995,9,3,Away
LMN,TAI,5032,5.0,S5,3,3,0,2,0,3,0,0,3,6,3,3,2,1,0,0,5,25,6.0,4,-0.02386634844868757,0.10241287996029472,-0.08439999999999998,9,8,Home
LMN,TAI,5163,5.0,S5,14,3,0,2,1,3,0,0,5,2,1,3,3,0,0,0,6,23,4.666666666666667,5,2.1138439112229004,-0.11936024561609818,-0.007100000000000016,8,6,Away
LMN,TRA,5020,5.0,S5,2,3,0,2,4,2,0,0,3,3,4,1,5,2,0,0,9,27,6.0,5,0.9761336515513124,0.010414979569528839,0.17640000000000003,10,6,Away
LMN,TRA,5152,5.0,S5,13,0,1,1,2,5,0,0,7,6,4,0,1,0,1,0,4,27,6.0,2,-2.0238663484486876,0.3144160293741458,0.059999999999999984,8,2,Home
LMN,VFQ,4040,4.0,S4,5,1,0,2,3,3,0,0,2,7,2,1,3,2,0,1,6,24,6.0,3,-2.6137724550898196,0.36627051762211843,0.20040000000000008,11,4,Home
LMN,VFQ,4096,4.0,S4,12,2,0,3,2,3,0,0,6,4,1,3,1,1,0,0,7,25,5.333333333333333,4,-0.5101455120846388,0.1559078233216003,-0.5521,10,4,Away
LMN,WWC,6188,6.0,S6,14,0,0,4,2,3,1,0,4,4,2,1,3,0,0,0,6,23,4.666666666666667,3,0.7623512273741629,0.019071546808723513,-0.06319999999999998,8,3,Away
LOB,ARA,11041,11.0,S11,7,2,0,3,8,4,0,0,4,3,2,3,1,2,0,0,13,30,5.0,8,4.999214454045561,-0.3792415602282449,-0.4840000000000001,8,3,Away
LOB,ARA,11065,11.0,S11,11,2,0,1,2,4,0,1,6,7,2,2,0,1,0,0,5,26,6.0,4,0.3990573448546738,0.06468349933400241,-0.2518000000000001,8,3,Home
LOB,DOG,11023,11.0,S11,4,2,0,1,4,5,0,0,5,6,2,1,2,2,2,0,7,28,6.0,6,2.3990573448546737,-0.11922584930915606,-0.26909999999999995,8,5,Home
LOB,DOG,11069,11.0,S11,12,2,2,1,2,3,0,0,2,4,4,1,3,1,1,0,7,24,5.0,4,0.9992144540455614,0.0006451255757032523,-0.17160000000000003,9,3,Away
LOB,HOT,11006,11.0,S11,1,1,0,3,1,3,0,0,3,6,1,2,1,0,1,2,5,21,5.0,5,1.9992144540455614,-0.10740020010271753,-0.28190000000000004,8,3,Away
LOB,HOT,11058,11.0,S11,10,0,0,2,1,3,0,0,4,3,2,5,3,1,0,0,3,23,6.0,1,-2.6009426551453263,0.3526155108163713,0.2923,9,6,Home
LOB,IDR,11083,11.0,S11,14,1,3,1,2,5,0,0,3,3,5,2,4,1,1,0,7,29,6.0,4,0.3990573448546737,0.08077415069084391,-0.2472999999999999,13,9,Home
LOB,LAX,11015,11.0,S11,3,3,1,2,1,6,0,0,8,2,4,2,2,0,1,0,7,31,6.0,7,3.3990573448546737,-0.2111805236307353,-0.1519999999999999,9,4,Home
LOB,OKT,11077,11.0,S11,13,2,0,1,0,5,0,0,2,2,4,4,3,3,0,0,3,23,6.0,4,0.3990573448546738,0.05261551081637127,0.16920000000000002,10,8,Home
LOB,POS,11028,11.0,S11,5,1,0,0,3,4,0,0,5,5,1,1,1,1,0,2,4,22,6.0,2,-1.6009426551453263,0.25663817365558167,0.3649,8,5,Away
LOB,PRP,11012,11.0,S11,2,3,0,1,4,1,0,0,1,4,1,2,3,3,0,1,8,20,5.0,4,0.9992144540455616,-0.015445525781138274,-0.20549999999999996,8,4,Away
LOB,PRP,11095,11.0,S11,16,0,1,3,3,0,0,0,9,4,2,0,2,0,2,1,7,24,6.0,3,-0.6009426551453263,0.16870616217321274,0.2,9,2,Home
LOB,ROY,11033,11.0,S11,6,3,0,1,4,1,0,0,3,4,1,2,4,1,0,0,8,23,5.0,6,2.9992144540455614,-0.20740020010271748,-0.3203,10,7,Away
LOB,SHH,11048,11.0,S11,8,2,1,3,3,2,0,0,5,5,3,2,3,0,2,0,9,29,6.0,6,2.3990573448546737,-0.11520318646994572,-0.5056,10,6,Home
LOB,SHH,11090,11.0,S11,15,3,0,1,2,1,0,0,3,9,0,1,2,0,0,0,6,22,5.0,6,2.9992144540455614,-0.21142286294192786,-0.12009999999999998,9,3,Away
LOB,WRM,11052,11.0,S11,9,2,0,2,0,1,0,0,4,5,0,4,1,1,0,0,4,19,5.0,3,-0.0007855459544384713,0.07650914854044101,-0.09540000000000003,8,3,Away
MBT,BBB,6152,6.0,S6,11,2,0,0,0,3,0,0,3,6,1,1,1,0,0,0,2,17,4.0,4,1.7364864864864864,-0.10320458854932796,-0.2704999999999999,8,3,Home
MBT,CIM,6190,6.0,S6,14,5,0,1,1,4,0,2,2,6,1,3,1,1,0,1,7,24,5.0,7,4.170608108108108,-0.313466604782398,-0.2113,8,3,Away
MBT,FRG,6013,6.0,S6,1,3,1,0,1,1,0,0,0,7,1,5,1,1,0,0,5,20,5.0,5,2.170608108108108,-0.13418544598808058,-0.26549999999999996,11,3,Away
MBT,HEL,6069,6.0,S6,5,0,1,3,4,3,0,0,6,4,1,2,1,1,0,0,8,25,5.0,6,3.170608108108108,-0.21346660478239798,-0.34450000000000014,7,3,Home
MBT,LIM,6140,6.0,S6,10,0,1,0,0,2,0,0,1,2,3,5,4,1,0,0,1,18,5.333333333333333,0,-3.458077730989089,0.4203956014393661,0.5401999999999999,10,4,Away
MBT,MVS,6163,6.0,S6,12,1,0,0,1,2,0,0,3,1,0,8,3,0,1,0,2,19,5.0,3,0.1706081081081079,0.06581455401191945,-0.17429999999999998,11,9,Away
MBT,PBA,6024,6.0,S6,2,1,1,1,1,0,0,0,8,2,1,5,1,1,0,0,4,21,6.0,2,-1.3952702702702704,0.2265461600908938,0.4003,7,2,Home
MBT,PHB,6041,6.0,S6,3,7,1,6,6,1,0,0,6,3,1,1,3,1,0,3,20,35,6.0,14,10.60472972972973,-0.9030097798097855,-0.7752,9,5,Home
MBT,POR,6182,6.0,S6,13,2,0,7,3,6,0,1,2,1,1,4,4,3,0,0,12,30,5.0,13,10.170608108108109,-0.8927477635767155,-0.4368,8,6,Home
MBT,SAR,6109,6.0,S6,8,1,0,3,0,2,0,0,8,4,1,1,4,0,0,0,4,24,6.0,3,-0.39527027027027034,0.13897746481430331,0.2976000000000001,6,5,Home
MBT,SLT,6126,6.0,S6,9,3,1,2,1,2,0,1,4,5,0,0,3,0,0,0,7,21,4.0,4,1.7364864864864866,-0.08662951558478187,-0.23389999999999994,5,3,Away
MBT,SUP,6098,6.0,S6,7,2,3,2,2,0,0,0,6,3,3,1,5,0,0,0,9,27,6.0,7,3.60472972972973,-0.24859123046228712,-0.6721,9,6,Home
MBT,TAK,6080,6.0,S6,6,1,0,2,0,4,0,0,1,9,0,1,0,1,0,0,3,18,4.0,2,-0.2635135135135137,0.10093917969180859,-0.05079999999999994,6,1,Away
MBT,TTT,6053,6.0,S6,4,1,1,0,3,3,0,0,5,4,3,0,2,0,2,1,5,22,5.0,4,1.1706081081081083,-0.013466604782398028,-0.23290000000000008,7,2,Away
MBX,CCS,4021,4.0,S4,3,4,1,3,4,4,0,0,4,9,1,1,1,0,0,0,12,32,5.333333333333333,10,4.917649816133995,-0.3575015933085848,-0.881,11,4,Away
MBX,CCS,4077,4.0,S4,10,0,1,8,5,3,0,0,5,4,0,3,4,2,0,0,14,33,6.0,11,5.38622754491018,-0.40016363530167787,-0.7905,10,6,Home
MBX,DCL,4008,4.0,S4,1,1,0,0,5,5,0,0,2,4,2,1,1,1,0,0,6,21,3.6666666666666665,5,2.0610564585115485,-0.11799529727612018,-0.25229999999999997,7,4,Away
MBX,DCL,4064,4.0,S4,8,1,0,4,2,2,0,1,4,9,2,2,0,1,0,0,7,26,6.0,4,-1.6137724550898196,0.2704662485066439,-0.09749999999999996,13,4,Home
MBX,EEE,4031,4.0,S4,4,2,1,2,2,1,0,0,2,10,1,3,2,0,0,0,7,26,6.0,4,-1.61377245508982,0.27046624850664386,-0.3612000000000001,14,4,Home
MBX,EEE,4087,4.0,S4,11,0,1,3,0,2,0,0,4,5,6,1,1,1,0,0,4,23,6.0,3,-2.61377245508982,0.35787905585306756,0.07099999999999991,9,2,Away
MBX,FWG,4013,4.0,S4,2,1,0,0,2,0,0,0,3,6,1,1,5,2,0,0,3,19,6.0,1,-4.61377245508982,0.5410961323149657,0.544,13,6,Home
MBX,FWG,4069,4.0,S4,9,1,0,2,3,3,0,0,5,3,1,4,4,1,0,0,6,26,6.0,3,-2.61377245508982,0.3704662485066439,0.21980000000000002,12,8,Away
MBX,LDN,4038,4.0,S4,5,0,2,3,3,1,0,0,2,6,2,2,2,1,0,0,8,23,5.0,3,-1.6781437125748497,0.26431618160157055,-0.09259999999999999,10,4,Away
MBX,LDN,4094,4.0,S4,12,1,1,0,1,2,0,0,1,6,1,1,2,0,0,0,3,16,3.6666666666666665,2,-1.5041129082042097,0.2175429849728283,0.13369999999999999,6,2,Home
MBX,LMN,4048,4.0,S4,6,5,2,3,3,3,0,0,2,7,0,4,4,0,0,1,13,33,6.0,12,6.386227544910181,-0.49596790441715244,-0.8413,16,9,Home
MBX,LMN,4104,4.0,S4,13,1,0,2,3,3,0,0,1,2,2,1,3,0,0,0,6,18,3.0,4,1.19311377245509,-0.043788221324050754,-0.11609999999999998,8,5,Away
MBX,VFQ,4054,4.0,S4,7,0,3,3,3,4,0,0,5,3,3,3,3,1,0,0,9,30,6.0,5,-0.6137724550898198,0.18724917204474573,-0.06339999999999998,12,8,Home
MBX,VFQ,4110,4.0,S4,14,3,0,1,0,1,0,0,1,6,1,3,1,0,0,0,4,17,4.0,5,1.2574850299401201,-0.054421077957079296,-0.4362,8,6,Away
MKW,BIS,8046,8.1,S8A,8,2,0,3,4,1,0,0,8,3,3,1,2,1,0,0,9,27,6.0,4,-0.05999999999999994,0.12082718488827243,-0.19500000000000006,9,4,Away
MKW,BLO,8036,8.1,S8A,6,0,0,0,2,0,0,0,2,6,3,2,4,1,0,0,2,19,6.0,0,-4.06,0.4868043152917473,0.30389999999999995,13,7,Away
MKW,CCD,8038,8.1,S8A,7,2,2,2,1,2,0,0,5,4,5,2,1,1,0,0,7,26,6.0,4,-0.05999999999999994,0.11657432618870678,0.03250000000000002,11,2,Home
MKW,CDT,8023,8.1,S8A,4,2,0,0,1,0,0,0,4,4,3,1,3,0,0,0,3,18,5.0,3,-0.38333333333333297,0.11488478992551497,-0.13479999999999998,9,4,Away
MKW,GND,8001,8.1,S8A,1,2,0,1,2,3,0,0,5,3,0,0,6,1,0,0,5,22,5.0,6,2.6166666666666667,-0.16810377527622244,-0.3456000000000001,9,6,Away
MKW,LAC,8029,8.1,S8A,5,2,0,1,2,1,0,0,3,5,1,3,3,2,0,1,5,21,6.0,2,-2.0599999999999996,0.29956289139044423,0.1561,11,6,Home
MKW,PPM,8012,8.1,S8A,2,2,1,1,2,4,0,0,1,6,3,2,4,1,0,1,6,26,6.0,3,-1.06,0.2208271848882724,-0.19739999999999996,11,6,Home
MKW,SCU,8018,8.1,S8A,3,4,1,3,8,6,0,0,4,4,6,1,3,0,1,0,16,40,6.0,14,9.940000000000001,-0.8196327933178086,-0.42650000000000005,12,5,Home
MMA,BBB,7032,7.0,S7,4,1,1,2,2,4,0,1,0,4,1,3,6,4,0,0,6,24,6.0,3,-0.29115744069015076,0.1296286740736434,-0.03869999999999995,10,6,Home
MMA,CPR,7014,7.0,S7,2,2,0,2,0,2,0,0,4,1,2,5,6,0,0,0,4,24,6.0,3,-0.2911574406901511,0.12962867407364342,-0.1409,12,7,Home
MMA,CPR,7104,7.0,S7,13,1,0,0,5,0,0,0,6,7,2,1,1,1,0,0,6,23,6.0,1,-2.2911574406901507,0.3254406353234506,0.3648,7,2,Away
MMA,FAP,7003,7.0,S7,1,0,0,0,1,1,0,0,7,3,2,2,1,0,0,0,1,17,5.0,0,-2.7426312005751257,0.345459778810791,0.4095,6,1,Away
MMA,FAP,7096,7.0,S7,12,2,0,4,2,2,0,0,8,5,1,2,1,1,1,0,8,27,6.0,3,-0.29115744069015104,0.14638082907441483,-0.06349999999999997,7,3,Home
MMA,KNX,7055,7.0,S7,7,3,1,1,3,0,0,0,5,5,1,1,3,0,0,0,8,23,5.0,6,2.2573687994248743,-0.12941198868805193,-0.2536000000000001,9,3,Away
MMA,PBA,7041,7.0,S7,6,0,1,1,3,2,0,0,4,5,1,3,5,0,0,0,5,25,6.0,1,-2.291157440690151,0.33381671282383624,0.21329999999999993,13,6,Home
MMA,SCG,7076,7.0,S7,10,3,0,3,3,0,0,0,1,6,4,2,5,0,0,0,9,27,6.0,7,3.708842559309849,-0.2578072096757781,-0.3530999999999999,13,5,Home
MMA,SSC,7060,7.0,S7,8,0,1,2,0,4,0,0,4,4,2,3,3,2,0,0,3,23,6.0,1,-3.2911574406901507,0.42544063532345056,0.2797,10,5,Home
MMA,SSJ,7038,7.0,S7,5,4,0,3,2,2,0,0,2,3,6,2,2,0,0,0,9,26,5.0,7,4.257368799424874,-0.3168478724374734,-0.45359999999999995,10,3,Away
MMA,STK,7083,7.0,S7,11,3,2,0,1,1,0,0,3,6,1,1,4,0,0,0,6,22,5.0,5,2.2573687994248743,-0.13360002743824478,-0.1638,8,3,Away
MMA,TRI,7067,7.0,S7,9,2,0,2,2,1,0,0,11,3,1,1,4,1,0,1,6,27,7.333333333333333,6,-0.016844890521152678,0.11894957405751497,-0.42210000000000003,8,4,Away
MMA,WSW,7017,7.0,S7,3,1,0,1,1,0,0,0,6,4,2,2,3,1,0,0,3,20,6.0,1,-2.291157440690151,0.312876519072872,0.49489999999999995,9,4,Away
MMA,WSW,7112,7.0,S7,14,0,0,0,0,5,0,0,3,10,0,3,1,1,0,0,0,22,6.0,0,-3.291157440690151,0.4212525965732577,0.4452,11,4,Home
MMM,BAG,8043,8.1,S8A,8,1,2,0,7,1,0,0,10,1,1,3,2,0,0,1,10,28,6.0,5,0.9400000000000003,0.029332902287403765,-0.05130000000000001,8,6,Home
MMM,BIS,8027,8.1,S8A,5,1,0,3,2,2,0,0,2,7,2,1,3,0,0,0,6,23,5.0,4,0.6166666666666669,0.036149083423343165,-0.29839999999999994,10,6,Away
MMM,BLO,8037,8.1,S8A,7,1,0,0,4,1,0,0,3,1,2,3,6,3,1,0,5,21,6.0,1,-3.0599999999999996,0.3995628913904442,0.2133,11,7,Home
MMM,CCD,8016,8.1,S8A,3,0,1,0,3,2,0,0,4,2,1,4,7,0,3,0,4,24,6.0,2,-2.1729215611974233,0.3321193410080148,-0.19290000000000004,12,9,Away
MMM,CDT,8004,8.1,S8A,1,1,1,2,2,2,0,0,5,3,3,1,2,1,0,0,6,22,5.0,5,1.616666666666667,-0.06810377527622248,-0.21259999999999998,6,3,Away
MMM,GND,8010,8.1,S8A,2,2,0,2,5,1,0,0,3,5,3,3,4,0,1,0,9,28,6.0,4,-0.05999999999999983,0.12933290228740374,-0.32109999999999994,13,6,Home
MMM,NXS,8033,8.1,S8A,6,0,0,2,2,1,0,0,5,5,0,3,4,0,0,1,4,22,6.0,0,-4.06,0.5038157500900099,0.21769999999999992,8,6,Away
MMM,SCU,8024,8.1,S8A,4,2,1,0,9,4,0,0,5,2,3,3,2,2,0,1,12,31,6.0,10,5.9399999999999995,-0.45790852161389933,-0.6282,9,5,Home
MMN,CCS,12006,12.0,S12,2,2,0,1,5,1,0,0,3,2,4,4,1,1,2,0,8,23,5.0,6,2.9375672766415506,-0.19048421464000392,-0.20240000000000002,9,6,Away
MMN,CCS,12037,12.0,S12,8,0,0,0,5,4,0,0,6,2,2,1,5,2,1,0,5,25,6.0,0,-3.6749192680301395,0.4748953403481311,0.2985,9,6,Home
MMN,DDD,12046,12.0,S12,10,0,0,1,5,2,1,0,3,4,1,2,3,3,0,0,6,22,6.0,0,-3.6749192680301395,0.4583717382642669,0.20929999999999996,7,6,Away
MMN,KEG,12026,12.0,S12,6,1,0,2,1,4,0,0,3,5,2,5,0,2,0,1,4,23,6.0,2,-1.6749192680301397,0.266633539306199,0.40809999999999996,12,5,Away
MMN,PQD,12003,12.0,S12,1,2,0,0,2,0,0,0,3,8,4,1,2,0,2,0,4,22,6.0,2,-1.6749192680301397,0.266633539306199,0.12799999999999997,13,4,Home
MMN,PQD,12068,12.0,S12,14,0,0,1,5,2,0,0,2,5,4,2,2,1,0,0,6,23,5.333333333333333,2,0.7500807319698601,0.020002638785232965,-0.26120000000000004,9,6,Away
MMN,SAL,12023,12.0,S12,5,2,1,3,3,1,0,0,3,3,6,3,3,0,0,0,9,28,6.0,6,2.3250807319698605,-0.11684285860993691,-0.34089999999999987,13,7,Home
MMN,SAL,12043,12.0,S12,9,3,0,1,2,1,0,0,5,5,3,1,1,0,0,1,6,23,6.0,4,0.3250807319698604,0.066633539306199,0.059200000000000016,8,4,Away
MMN,SCR,12017,12.0,S12,4,0,0,5,7,3,0,0,3,3,7,1,2,0,0,0,12,32,6.0,6,2.32508073196986,-0.10031925652607264,-0.6624,12,6,Home
MMN,SCR,12064,12.0,S12,13,4,1,3,4,5,0,0,6,1,3,1,3,1,0,0,12,31,5.0,15,11.93756727664155,-1.0656988115142076,-0.7871000000000001,9,4,Away
MMN,SDV,12057,12.0,S12,12,2,1,0,3,2,0,0,6,6,1,3,1,0,0,0,6,26,6.0,3,-0.6749192680301395,0.1748953403481311,0.045899999999999955,10,5,Home
MMN,SEF,12015,12.0,S12,3,0,2,2,2,1,0,0,6,4,1,1,3,0,0,0,6,22,5.0,4,0.9375672766415502,-0.0028769162029020495,-0.3974000000000001,6,4,Away
MMN,SEF,12032,12.0,S12,7,0,0,4,3,1,0,0,7,4,5,0,2,0,0,0,7,26,6.0,4,0.3250807319698605,0.07489534034813114,-0.10299999999999997,8,2,Home
MMN,WWC,12053,12.0,S12,11,0,3,3,2,0,0,0,3,6,5,1,3,0,0,0,8,26,6.0,3,-0.6749192680301397,0.17489534034813103,-0.1616,14,7,Home
MOB,CC,8525,8.2,S8B,7,1,0,1,6,3,0,0,5,3,0,2,6,1,1,1,8,27,6.0,4,0.13432835820895533,0.11011635769516179,0.09080000000000002,12,8,Home
MOB,ESP,8505,8.2,S8B,2,0,0,3,5,4,0,0,1,7,3,4,4,2,0,0,8,31,7.0,4,-1.112246984256798,0.24329452597732731,-0.20669999999999997,15,9,Home
MOB,ESP,8529,8.2,S8B,8,1,0,1,1,1,0,0,4,4,3,2,4,1,0,0,3,21,6.0,1,-2.865671641791045,0.3760338215528012,0.32609999999999995,12,7,Away
MOB,QQ,8513,8.2,S8B,4,1,2,1,5,6,0,0,5,1,4,3,2,0,0,0,9,30,5.0,9,5.778606965174129,-0.45005118598356053,-0.25529999999999997,10,4,Away
MOB,SBD,8510,8.2,S8B,3,1,0,1,1,2,0,0,2,4,1,6,3,2,0,0,3,21,6.0,1,-2.865671641791045,0.3760338215528012,0.3886,12,4,Home
MOB,SBD,8521,8.2,S8B,6,0,0,0,3,1,0,0,4,7,1,5,0,1,1,0,3,21,6.0,0,-3.8656716417910446,0.4802941385705963,0.42129999999999995,9,4,Away
MOB,SCU,8502,8.2,S8B,1,2,0,5,5,1,0,0,1,5,3,2,3,0,3,1,12,27,5.0,10,6.778606965174129,-0.5457908689657655,-0.9559999999999997,10,3,Away
MOB,SCU,8517,8.2,S8B,5,0,1,3,5,1,0,0,4,3,2,3,4,0,1,2,9,26,6.0,2,-1.8656716417910446,0.3101163576951618,0.13080000000000003,10,6,Home
MPD,AAL,6118,6.0,S6,9,1,0,2,2,2,2,0,3,2,2,3,4,0,0,1,5,21,5.0,2,-0.8293918918918921,0.17410209049419245,-0.053299999999999986,10,6,Away
MPD,BAC,6127,6.0,S6,10,2,0,2,2,2,0,0,6,4,1,2,2,0,0,0,6,23,5.0,4,1.170608108108108,-0.021754141264671026,-0.17179999999999992,8,3,Away
MPD,CBC,6184,6.0,S6,14,1,0,0,1,2,0,0,3,5,1,3,2,1,1,0,2,18,5.0,2,-0.829391891891892,0.16167078577078292,0.023700000000000013,11,4,Away
MPD,CWJ,6034,6.0,S6,3,1,0,2,3,2,0,0,7,2,2,4,2,1,0,0,6,25,6.0,3,-0.39527027027027045,0.14312123305543986,0.05639999999999998,8,6,Home
MPD,JEF,6046,6.0,S6,4,2,1,0,3,2,0,0,2,4,3,3,4,1,0,1,6,24,6.0,4,0.6047297297297297,0.04312123305543984,-0.0882,11,6,Away
MPD,LID,6021,6.0,S6,2,1,0,3,3,2,0,0,6,8,1,1,2,0,0,0,7,27,6.0,5,1.6047297297297296,-0.048591230462287124,-0.3457999999999999,9,3,Home
MPD,LMN,6147,6.0,S6,11,0,0,2,2,1,0,0,3,4,3,5,1,1,0,1,4,21,6.0,1,-2.39527027027027,0.3306899283320303,0.5243000000000001,13,6,Home
MPD,PUK,6006,6.0,S6,1,1,0,5,3,4,0,0,3,5,4,1,1,1,0,0,9,27,5.0,9,6.170608108108109,-0.5051790683001249,-0.30539999999999995,9,2,Away
MPD,RBD,6088,6.0,S6,7,1,0,1,3,2,0,0,3,5,2,2,4,2,0,0,5,23,6.0,3,-0.3952702702702705,0.13483369657316685,-0.1747,8,4,Home
MPD,SAR,6077,6.0,S6,6,0,1,2,4,3,0,0,4,5,2,2,2,0,1,1,7,25,5.333333333333333,4,1.533301158301158,-0.04144837331942999,-0.22010000000000002,8,7,Away
MPD,SAS,6175,6.0,S6,13,1,0,3,1,0,0,0,5,4,0,3,6,0,0,0,5,23,6.0,2,-1.3952702702702704,0.23483369657316683,0.0625,10,7,Home
MPD,SGP,6157,6.0,S6,12,0,0,0,3,0,0,0,3,3,0,6,4,2,0,0,3,19,6.0,0,-3.39527027027027,0.41825862360862076,0.7132999999999999,10,4,Away
MPD,SUP,6112,6.0,S6,8,1,0,2,3,1,0,0,7,8,1,3,1,1,0,0,6,27,7.0,3,-1.4486036036036036,0.25674210287104615,0.040299999999999975,8,4,Home
MPD,WWC,6061,6.0,S6,5,3,0,2,2,2,0,0,7,3,2,2,3,1,0,0,7,26,6.0,5,1.6047297297297296,-0.052734998703423644,-0.5565,10,3,Home
MVM,DAD,5132,5.0,S5,11,3,1,1,4,3,0,0,3,1,8,3,3,0,0,0,9,30,6.0,7,2.9761336515513124,-0.17758187101662004,-0.6299000000000001,14,4,Home
MVM,JUP,5059,5.0,S5,5,1,0,0,2,2,0,0,2,7,6,0,3,0,0,0,3,23,6.0,1,-3.0238663484486876,0.39441078035106064,0.4624000000000001,9,3,Away
MVM,KTY,5011,5.0,S5,1,1,0,1,3,3,0,0,4,5,4,4,1,0,0,0,5,26,6.0,2,-2.0238663484486876,0.3064139297649118,0.14900000000000002,11,4,Home
MVM,KTY,5144,5.0,S5,12,0,0,2,2,1,0,0,4,1,8,0,5,0,0,0,4,23,6.0,1,-3.0238663484486876,0.39441078035106064,0.15899999999999995,11,8,Away
MVM,LMN,5044,5.0,S5,4,1,1,5,3,0,0,0,4,3,10,0,0,0,1,1,10,27,6.0,6,1.9761336515513124,-0.08158292082123712,-0.284,9,0,Away
MVM,NUL,5106,5.0,S5,9,0,1,3,5,1,0,0,6,7,1,1,3,0,0,0,9,28,6.0,3,-1.0238663484486876,0.21441602937414586,0.2569,9,4,Away
MVM,PHB,5096,5.0,S5,8,1,1,0,0,1,0,0,3,6,5,1,3,0,0,0,2,21,6.0,1,-3.0238663484486876,0.3864086807418266,0.4065000000000001,7,3,Home
MVM,POR,5036,5.0,S5,3,2,0,1,3,7,0,0,4,4,5,3,1,1,0,0,6,30,6.0,7,2.976133651551312,-0.17758187101662012,-0.4929000000000001,9,5,Home
MVM,POR,5167,5.0,S5,14,3,0,0,2,2,0,0,2,11,0,2,3,0,0,0,5,25,6.0,3,-1.0238663484486876,0.20241287996029472,0.023800000000000023,10,7,Away
MVM,SAR,5024,5.0,S5,2,0,1,1,3,5,0,0,7,1,9,1,0,0,0,0,5,28,6.0,2,-2.0238663484486876,0.3144160293741458,0.2669,11,4,Away
MVM,SAR,5156,5.0,S5,13,0,0,1,3,1,0,0,1,5,8,1,3,0,0,0,4,23,6.0,1,-3.0238663484486876,0.3944107803510607,0.3387,11,3,Home
MVM,TAC,5084,5.0,S5,7,0,0,2,8,0,0,0,2,3,12,1,0,0,0,0,10,28,6.0,5,0.9761336515513124,0.014416029374145888,-0.1252000000000001,9,3,Home
MVM,TAI,5067,5.0,S5,6,2,0,0,3,2,0,0,2,1,8,5,1,1,0,0,5,24,6.0,3,-1.0238663484486878,0.19841183015567773,0.23859999999999998,13,9,Away
MVM,TRA,5120,5.0,S5,10,0,0,2,3,2,0,0,8,4,5,0,1,0,0,0,5,25,6.0,0,-4.023866348448688,0.5024128799602947,0.5202,6,2,Home
MVS,BBB,6177,6.0,S6,13,1,0,1,2,0,0,0,4,3,0,4,4,0,0,0,4,19,5.0,3,0.170608108108108,0.06167078577078293,-0.13990000000000002,9,7,Away
MVS,CIM,6022,6.0,S6,2,0,0,0,5,7,0,1,1,12,1,1,0,0,0,0,5,27,5.0,3,0.170608108108108,0.09482093169987506,-0.0899,7,3,Home
MVS,FRG,6036,6.0,S6,3,1,0,4,3,0,0,0,2,6,1,3,4,2,0,0,8,24,6.0,4,0.6047297297297295,0.03897746481430336,-0.043799999999999985,10,5,Away
MVS,HEL,6093,6.0,S6,7,0,1,1,1,3,0,0,8,6,1,3,0,0,1,0,3,24,6.0,1,-2.39527027027027,0.34312123305543984,0.19269999999999998,8,3,Home
MVS,LIM,6191,6.0,S6,14,0,0,2,5,1,0,0,5,5,4,1,3,0,0,0,7,26,6.0,4,0.6047297297297296,0.04726500129657635,0.2002,10,5,Away
MVS,MBT,6163,6.0,S6,12,0,0,1,3,3,0,0,1,4,2,5,4,2,0,0,4,23,6.0,0,-3.39527027027027,0.43483369657316684,0.3257,10,4,Home
MVS,PBA,6051,6.0,S6,4,0,1,2,3,5,0,1,4,6,2,4,1,1,0,0,6,28,6.0,8,4.604729729729729,-0.3444474622211507,-0.4322,11,7,Home
MVS,PHB,6065,6.0,S6,5,1,1,0,4,1,0,0,5,2,3,2,2,1,1,0,6,21,5.0,5,2.170608108108108,-0.12589790950580754,-0.28579999999999994,8,4,Away
MVS,POR,6009,6.0,S6,1,1,1,1,1,2,0,0,9,5,0,2,2,0,0,0,4,24,6.0,3,-0.3952702702702704,0.13897746481430334,0.009199999999999979,6,4,Away
MVS,RBD,6103,6.0,S6,8,1,0,0,1,4,0,0,4,3,1,7,4,1,0,1,2,25,7.0,1,-3.448603603603604,0.45259833462990967,0.48130000000000006,14,5,Home
MVS,SLT,6149,6.0,S6,11,2,0,1,2,3,0,0,0,4,4,2,6,1,0,0,5,24,5.666666666666667,4,1.2047297297297295,-0.02102253518569666,-0.6705999999999999,11,7,Away
MVS,SUP,6135,6.0,S6,10,0,0,0,3,2,0,0,4,1,0,4,7,2,0,0,3,21,6.0,0,-3.3952702702702706,0.4265461600908938,0.6286999999999999,10,7,Home
MVS,TAK,6121,6.0,S6,9,1,2,1,6,2,0,0,5,4,4,1,1,0,1,0,10,27,5.0,7,4.989345114345114,-0.38290900068268907,-0.6486999999999999,6,3,Away
MVS,TTT,6079,6.0,S6,6,1,0,1,4,2,0,0,5,5,2,1,3,1,2,1,6,24,6.0,3,-0.3952702702702704,0.15140876953771285,0.045899999999999976,11,4,Home
N69,CEL,4052,4.0,S4,7,0,0,0,1,3,0,0,2,5,0,4,2,2,0,0,1,17,5.0,0,-4.67814371257485,0.5391417962944178,0.45470000000000005,8,4,Away
N69,CEL,4108,4.0,S4,14,2,0,2,4,4,0,1,7,5,1,3,2,0,0,0,8,30,6.0,5,-0.6137724550898196,0.18724917204474578,-0.25539999999999996,11,4,Home
N69,DBV,4043,4.0,S4,6,2,1,2,2,3,0,0,6,1,2,2,4,0,0,0,7,25,5.0,6,1.32185628742515,-0.02729235662937856,-0.5264000000000002,10,6,Away
N69,DBV,4099,4.0,S4,13,1,0,4,4,6,0,0,1,10,0,1,3,3,0,0,9,30,6.0,9,3.3862275449101804,-0.2127508279552542,-0.8339,14,5,Home
N69,DDD,4033,4.0,S4,5,1,1,0,1,1,0,0,5,9,0,2,2,0,0,0,3,22,6.0,1,-4.61377245508982,0.553683324968542,0.2367,7,3,Home
N69,DDD,4089,4.0,S4,12,4,0,2,3,2,0,0,3,2,1,3,4,2,0,0,9,24,5.0,7,2.3218562874251503,-0.13148808751390392,-0.6554,9,7,Away
N69,HON,4017,4.0,S4,3,2,0,1,5,3,0,1,4,6,0,1,1,0,0,0,8,23,4.0,7,3.2574850299401197,-0.22924669264992642,-0.39020000000000005,6,3,Home
N69,HON,4073,4.0,S4,10,2,0,2,4,0,0,0,3,6,0,2,1,0,0,0,8,20,4.0,5,1.25748502994012,-0.04183388530350283,-0.13720000000000002,8,2,Away
N69,PDB,4011,4.0,S4,2,3,0,2,1,0,0,0,3,4,0,3,5,0,0,0,6,21,5.0,4,-0.67814371257485,0.1559247198325196,-0.14400000000000002,8,5,Away
N69,PDB,4067,4.0,S4,9,8,0,2,0,3,0,0,4,4,1,0,8,1,0,0,10,30,6.0,10,4.38622754491018,-0.3127508279552543,-0.33449999999999996,12,9,Home
N69,PGA,4026,4.0,S4,4,2,2,2,4,3,0,0,4,7,0,1,1,1,1,1,10,26,5.0,8,3.3218562874251503,-0.21470516397580217,-0.3197,11,3,Away
N69,PGA,4082,4.0,S4,11,1,0,2,2,6,0,0,1,5,1,4,5,2,0,0,5,27,6.0,5,-0.6137724550898194,0.17466197939116934,-0.23689999999999997,14,9,Home
N69,PGS,4002,4.0,S4,1,1,1,9,9,7,0,1,10,0,2,3,1,2,0,0,20,43,6.0,13,7.386227544910181,-0.5582063264564232,-0.26900000000000013,15,6,Home
N69,PGS,4058,4.0,S4,8,4,0,4,5,4,0,0,5,4,0,1,4,1,0,0,13,31,5.0,13,8.32185628742515,-0.7021179713222258,-0.07943399999999998,8,5,Away
NNL,AND,9003,9.0,S9,1,1,1,0,0,3,0,0,6,3,2,1,3,0,0,3,2,20,6.0,1,-2.4488188976377954,0.3294720230490041,0.36760000000000004,12,8,Away
NNL,AND,9030,9.0,S9,8,2,0,1,2,3,0,0,9,6,1,0,1,0,6,1,5,25,6.0,4,0.5511811023622049,0.06257250998670062,-0.19829999999999998,9,2,Home
NNL,ARR,9036,9.0,S9,9,0,0,1,5,2,0,0,6,2,2,4,2,1,0,1,6,24,6.0,1,-2.4488188976377954,0.3368276868129366,0.44920000000000004,12,7,Away
NNL,ARR,9050,9.0,S9,13,3,0,0,2,1,0,0,3,1,3,5,4,2,0,0,5,22,6.0,3,-0.44881889763779514,0.1257941911670378,0.1684,12,11,Home
NNL,BIR,9037,9.0,S9,10,4,0,5,3,0,0,0,4,6,3,0,1,0,0,1,12,26,5.0,8,5.125984251968504,-0.4132969643837607,-0.37540000000000007,7,2,Away
NNL,BIR,9053,9.0,S9,14,4,0,1,2,1,0,0,2,6,5,3,1,1,1,0,7,25,6.0,6,2.5511811023622046,-0.15949448130509708,-0.4925000000000001,8,6,Home
NNL,FLB,9015,9.0,S9,4,0,1,1,1,3,0,0,6,2,1,2,3,1,0,1,3,21,6.0,2,-1.4488188976377951,0.22579419116703778,0.4322,10,7,Away
NNL,FLB,9044,9.0,S9,11,2,1,1,5,1,0,0,8,2,1,2,2,2,0,1,9,25,6.0,5,1.5511811023622046,-0.05949448130509709,-0.0003999999999999698,7,5,Home
NNL,GOP,9007,9.0,S9,2,1,0,2,2,1,0,0,1,2,7,4,4,0,0,0,5,24,6.0,3,-0.44881889763779514,0.13314985493097034,0.3675,15,5,Away
NNL,GOP,9022,9.0,S9,6,1,1,2,2,5,0,0,5,8,1,3,0,1,0,0,6,28,6.0,6,2.5511811023622046,-0.15213881754116448,-0.33330000000000004,8,3,Home
NNL,KGB,9012,9.0,S9,3,0,0,3,1,0,0,0,7,4,1,3,3,0,0,0,4,22,6.0,1,-2.4488188976377954,0.3257941911670378,0.3361,8,6,Home
NNL,KGB,9028,9.0,S9,7,1,0,3,3,2,0,0,1,5,1,3,4,0,0,1,7,23,5.0,5,2.125984251968504,-0.12433046002965956,-0.2753999999999999,9,5,Away
NNL,POS,9019,9.0,S9,5,2,1,4,3,5,0,0,4,6,5,1,1,0,1,1,10,32,6.0,9,5.5511811023622055,-0.4300718262493668,-0.25799999999999995,11,2,Home
NNL,POS,9048,9.0,S9,12,0,0,1,2,1,0,0,7,2,2,3,2,1,0,1,3,20,6.0,1,-2.448818897637795,0.3221163592850715,0.5700999999999999,10,6,Away
NUL,DAD,5008,5.0,S5,1,0,0,0,2,2,0,0,6,6,2,2,1,1,0,0,2,21,6.0,0,-4.023866348448688,0.4864086807418266,0.4801,8,3,Away
NUL,DAD,5141,5.0,S5,12,3,0,0,2,1,0,0,8,1,1,3,5,0,0,0,5,24,6.0,4,-0.02386634844868779,0.0984118301556777,-0.019199999999999995,9,5,Home
NUL,JUP,5034,5.0,S5,3,3,2,0,6,4,0,1,3,6,1,1,1,0,0,0,11,27,4.0,6,4.19996953232113,-0.3119686085074529,-0.24349999999999994,8,2,Away
NUL,JUP,5165,5.0,S5,14,0,1,4,5,1,0,0,2,3,0,2,8,3,0,0,10,26,6.0,4,-0.023866348448687624,0.10641392976491179,-0.16690000000000002,10,7,Home
NUL,KTY,5057,5.0,S5,5,0,0,3,3,1,0,0,3,5,0,4,1,1,0,1,6,20,5.0,1,-2.353221957040573,0.3193442416010151,0.1469,7,3,Home
NUL,LMN,5081,5.0,S5,7,2,1,0,2,4,0,0,5,1,3,4,4,1,2,0,5,26,6.0,5,0.9761336515513128,0.014416029374145791,0.006799999999999931,11,6,Home
NUL,MVM,5106,5.0,S5,9,1,1,1,4,2,0,0,6,0,3,3,3,2,0,1,7,24,6.0,3,-1.0238663484486878,0.20241287996029478,0.264934,10,6,Home
NUL,PHB,5116,5.0,S5,10,3,1,4,1,2,0,0,2,1,2,4,6,0,0,0,9,26,5.0,8,4.646778042959427,-0.3606505093758997,-0.09295700000000003,9,6,Away
NUL,POR,5071,5.0,S5,6,3,1,3,1,1,0,0,3,3,2,5,4,1,1,0,8,26,6.0,6,1.9761336515513126,-0.08958502043047119,0.09510000000000002,10,4,Away
NUL,SAR,5094,5.0,S5,8,4,6,6,10,6,1,0,3,4,2,2,1,1,1,1,26,45,5.0,26,22.646778042959426,-2.076628463478942,-0.3298000000000001,10,4,Away
NUL,TAC,5021,5.0,S5,2,0,0,2,4,4,0,0,3,3,2,2,4,1,1,0,6,24,5.0,3,-0.353221957040573,0.13534844081948327,-0.13190000000000002,10,6,Home
NUL,TAC,5153,5.0,S5,13,1,0,0,3,1,0,0,4,2,1,1,4,0,2,0,4,17,4.0,3,0.3174224343675418,0.04427770285096958,-0.09909999999999998,5,3,Away
NUL,TAI,5045,5.0,S5,4,0,0,2,5,3,0,0,3,8,2,3,1,1,0,0,7,27,6.0,2,-2.0238663484486876,0.3104149795695288,0.3000000000000001,9,3,Home
NUL,TRA,5127,5.0,S5,11,2,0,2,8,5,0,0,5,3,2,1,2,2,0,0,12,30,5.0,7,3.646778042959427,-0.24464631015743157,-0.469,7,5,Away
NUT,CC,8507,8.2,S8B,2,1,0,4,2,8,0,0,3,4,4,3,2,2,2,0,7,31,6.0,4,0.13432835820895517,0.12715762576634218,-0.16589999999999994,10,4,Home
NUT,CC,8524,8.2,S8B,6,1,2,0,2,3,0,0,0,6,1,3,4,3,0,1,5,22,6.0,2,-1.8656716417910446,0.2845544555883914,0.21100000000000005,14,7,Away
NUT,ESP,8514,8.2,S8B,4,3,0,1,3,0,0,0,4,6,1,5,2,0,0,0,7,25,6.0,5,1.134328358208955,-0.006924910376018459,0.10000000000000002,12,6,Away
NUT,QQ,8511,8.2,S8B,3,1,0,1,3,4,0,0,6,6,5,3,0,0,0,1,5,29,7.0,3,-2.1122469842567986,0.3390342089595323,0.30000000000000004,13,4,Home
NUT,QQ,8519,8.2,S8B,5,1,0,2,2,3,0,0,4,5,2,3,4,0,0,0,5,26,6.0,3,-0.8656716417910447,0.19733540664177662,0.2531999999999999,12,6,Away
NUT,SCU,8528,8.2,S8B,7,2,1,3,5,0,0,0,6,5,2,3,4,0,3,1,11,31,7.0,8,2.8877530157432014,-0.13966420595149232,-0.7179000000000001,15,6,Home
NUT,TXR,8503,8.2,S8B,1,2,0,1,1,3,0,0,10,5,1,1,1,0,3,0,4,25,6.0,3,-0.8656716417910449,0.2058560406773668,0.17139999999999994,6,3,Away
NUT,TXR,8532,8.2,S8B,8,1,0,2,5,4,0,0,5,1,3,3,3,2,2,1,8,27,6.0,4,0.13432835820895517,0.11437667471295693,-0.15460000000000002,12,6,Home
NXS,BAG,8006,8.1,S8A,1,0,0,1,0,1,0,0,8,6,1,2,1,0,0,0,1,20,6.0,0,-4.06,0.49105717399131293,0.23870000000000002,8,3,Home
NXS,BLO,8019,8.1,S8A,4,1,2,1,2,0,0,0,4,2,3,8,1,0,0,0,6,24,6.0,1,-3.06,0.4080686087895755,0.13440000000000005,10,2,Home
NXS,CCD,8028,8.1,S8A,5,4,1,3,2,2,1,0,4,6,6,2,2,0,1,0,10,32,6.666666666666667,6,0.6662076713208155,0.07372356995358478,-1.0301,14,6,Away
NXS,CDT,8044,8.1,S8A,8,2,0,3,3,2,0,0,2,6,1,5,0,0,3,1,8,24,5.0,6,2.616666666666667,-0.1425866230788286,-0.2606000000000001,7,3,Away
NXS,LAC,8041,8.1,S8A,7,3,0,1,5,2,0,0,6,8,1,0,3,0,3,0,9,29,6.0,7,2.9400000000000004,-0.1579085216138994,-0.3630999999999999,11,4,Home
NXS,MMM,8033,8.1,S8A,6,5,0,1,1,2,0,0,2,2,1,7,4,2,0,0,7,25,6.0,7,2.9400000000000004,-0.1876785325108589,-0.2823,11,4,Home
NXS,PPM,8017,8.1,S8A,3,1,0,4,2,5,0,0,4,6,2,4,3,1,0,1,7,31,7.0,4,-0.7366666666666664,0.20975814505276735,-0.32449999999999996,12,7,Away
NXS,SCU,8011,8.1,S8A,2,2,0,2,5,1,0,0,2,4,1,7,3,1,1,0,9,27,6.0,5,0.9400000000000004,0.025080043587838087,-0.17430000000000012,11,4,Away
OKT,ARA,11021,11.0,S11,4,2,2,4,2,4,0,1,3,3,8,2,0,0,2,1,10,30,5.666666666666667,7,3.8508117308195864,-0.25233329938801624,-0.8446,12,5,Away
OKT,DOG,11079,11.0,S11,14,2,1,1,0,5,0,0,5,4,2,3,2,1,2,1,4,25,6.0,4,0.39905734485467365,0.07272882501242316,-0.0985,9,4,Home
OKT,HOT,11039,11.0,S11,7,1,1,2,0,1,0,0,5,3,5,1,4,0,0,0,4,23,6.0,1,-2.6009426551453263,0.35261551081637127,0.28700000000000003,11,8,Away
OKT,IDR,11032,11.0,S11,6,1,1,2,2,3,0,0,4,8,0,3,2,0,2,1,6,26,6.0,6,2.3990573448546737,-0.1232485121483665,-0.3695,12,6,Home
OKT,IDR,11085,11.0,S11,15,1,0,1,1,1,0,0,7,3,3,3,2,0,0,0,3,22,6.0,1,-2.6009426551453263,0.3485928479771609,0.23419999999999996,11,5,Away
OKT,LAX,11007,11.0,S11,2,6,0,1,2,3,0,0,2,5,0,8,1,1,1,1,9,28,6.0,7,3.3990573448546737,-0.21922584930915612,-0.07399999999999997,13,4,Away
OKT,LAX,11050,11.0,S11,9,1,1,1,1,0,0,0,2,8,3,2,2,1,0,0,4,21,6.0,1,-2.6009426551453263,0.3445701851379505,0.28890000000000005,14,6,Home
OKT,LOB,11077,11.0,S11,13,1,2,2,3,0,0,0,4,4,3,2,1,1,0,0,8,22,5.0,5,1.9992144540455614,-0.11142286294192784,-0.3307999999999999,5,3,Away
OKT,POS,11043,11.0,S11,8,2,1,3,3,4,0,0,7,5,5,6,2,0,0,2,9,38,9.0,4,-1.4014139827179894,0.30104791184021396,0.3266000000000001,19,10,Away
OKT,POS,11067,11.0,S11,12,2,0,1,6,0,0,0,1,12,1,2,0,1,0,1,9,25,6.0,2,-1.6009426551453263,0.2646834993340024,0.3144,10,4,Home
OKT,PRP,11063,11.0,S11,11,1,0,2,1,4,0,0,3,6,4,2,2,1,0,0,4,25,6.0,4,0.39905734485467387,0.06066083649479205,-0.40279999999999994,11,7,Home
OKT,ROY,11027,11.0,S11,5,5,1,2,8,2,0,0,4,1,4,4,3,0,1,2,16,34,6.0,12,8.399057344854674,-0.6910672094346835,-0.5329,12,8,Home
OKT,ROY,11092,11.0,S11,16,0,0,0,2,2,0,0,1,7,2,4,3,1,0,0,2,21,6.0,0,-3.6009426551453263,0.44457018513795055,0.3662,14,8,Away
OKT,SHH,11002,11.0,S11,1,3,2,2,3,5,0,1,5,8,1,2,1,0,4,1,10,32,6.0,8,4.399057344854674,-0.29106720943468345,-0.2690999999999999,8,1,Home
OKT,WRM,11014,11.0,S11,3,0,1,4,3,2,0,0,6,3,1,4,3,0,2,1,8,27,6.0,7,3.3990573448546737,-0.2192258493091561,-0.4209999999999999,9,8,Home
OKT,WRM,11056,11.0,S11,10,1,0,1,1,3,0,0,5,4,3,2,3,0,1,1,3,23,6.0,1,-2.6009426551453263,0.360660836494792,0.3297,12,6,Away
PBA,BAC,7065,7.0,S7,9,2,0,3,2,1,0,0,2,4,2,5,1,1,0,0,7,22,5.0,5,2.2573687994248743,-0.13360002743824478,-0.29469999999999996,8,3,Away
PBA,BBB,6038,6.0,S6,3,0,0,0,3,3,0,1,5,6,1,2,2,1,0,1,3,22,6.0,0,-3.39527027027027,0.43483369657316684,0.45130000000000003,8,4,Home
PBA,BBB,7022,7.0,S7,3,2,0,1,4,1,0,0,4,3,1,3,5,2,0,0,7,24,6.0,2,-1.2911574406901507,0.22962867407364343,0.27390000000000003,11,7,Home
PBA,BBB,7107,7.0,S7,14,2,0,1,2,0,0,0,2,10,1,2,0,0,0,0,5,20,5.0,2,-0.7426312005751257,0.1580238950613695,0.00929999999999997,9,2,Away
PBA,BBC,7057,7.0,S7,8,2,0,1,4,6,0,1,5,3,1,4,3,2,0,0,7,29,6.0,7,3.708842559309849,-0.24943113217539234,-0.2903,10,7,Home
PBA,CIM,6078,6.0,S6,6,0,0,0,0,4,0,0,6,3,0,2,3,1,0,0,0,18,5.0,0,-2.829391891891892,0.35752701752964644,0.0863,6,5,Away
PBA,CPR,7033,7.0,S7,5,1,0,2,1,1,0,0,4,3,3,3,5,0,0,0,4,23,6.0,2,-1.2911574406901507,0.22544063532345054,0.384,11,5,Home
PBA,FAP,7054,7.0,S7,7,3,0,0,1,1,0,0,6,3,2,4,3,0,0,0,4,23,6.0,3,-0.29115744069015076,0.12544063532345057,-0.133,10,3,Home
PBA,FRG,6095,6.0,S6,7,1,0,0,5,2,0,0,4,5,2,6,1,0,0,0,6,26,6.0,5,1.6047297297297298,-0.052734998703423706,0.07160000000000008,12,7,Home
PBA,HEL,6165,6.0,S6,12,4,1,1,1,0,0,0,9,5,3,1,1,0,0,0,7,27,6.666666666666667,6,1.7102933103819513,-0.05914758852750931,-0.47229999999999994,7,2,Away
PBA,KNX,7016,7.0,S7,2,4,0,3,3,1,0,0,3,5,3,0,6,1,0,0,10,28,6.0,7,3.7088425593098493,-0.2536191709255852,-0.1971,10,6,Home
PBA,KNX,7098,7.0,S7,13,4,0,1,2,2,0,0,1,9,1,3,2,1,0,0,7,25,5.666666666666667,6,3.079034867002157,-0.2032025179453945,-0.7726999999999999,11,5,Away
PBA,LID,6111,6.0,S6,8,1,0,2,7,3,0,0,6,2,9,2,1,1,0,0,10,33,7.0,4,-0.4486036036036033,0.1816047123178653,0.033500000000000016,12,4,Home
PBA,LIM,6122,6.0,S6,9,1,0,2,2,3,0,0,4,4,4,3,2,1,0,0,5,25,6.0,5,1.6047297297297294,-0.056878766944560157,-0.3684,10,5,Home
PBA,MBT,6024,6.0,S6,2,0,0,1,4,4,0,0,3,8,3,1,0,0,0,0,5,24,5.0,3,0.170608108108108,0.0823896269764655,-0.09970000000000001,4,1,Away
PBA,MMA,7041,7.0,S7,6,0,1,2,1,2,0,0,2,3,1,5,4,3,0,0,4,21,6.0,0,-3.291157440690151,0.41706455782306484,0.7133,12,7,Away
PBA,MVS,6051,6.0,S6,4,1,0,1,0,3,0,0,6,7,3,1,1,0,0,0,2,23,6.0,2,-1.3952702702702704,0.23483369657316683,0.0678,5,2,Away
PBA,PHB,6137,6.0,S6,10,4,0,0,1,2,0,0,8,4,4,2,0,0,0,0,5,25,6.0,4,0.6047297297297297,0.04312123305543986,0.1468999999999999,7,3,Away
PBA,POR,6067,6.0,S6,5,0,0,1,3,1,0,0,5,3,4,2,2,2,0,0,4,21,6.0,0,-3.39527027027027,0.4265461600908938,0.6252000000000001,7,5,Home
PBA,RRR,7077,7.0,S7,10,2,0,0,1,1,0,0,4,9,4,1,0,0,0,0,3,22,6.0,2,-1.291157440690151,0.22125259657325774,0.3107000000000001,14,4,Home
PBA,SLT,6011,6.0,S6,1,0,0,0,5,8,0,2,4,5,2,1,2,1,1,0,5,27,5.0,3,0.1706081081081079,0.09896469994101155,-0.2955,9,3,Away
PBA,SSJ,7008,7.0,S7,1,1,0,2,1,0,0,0,1,1,4,3,5,1,1,0,4,18,5.0,3,0.2573687994248742,0.053835856311176676,-0.046700000000000026,11,9,Away
PBA,SSJ,7094,7.0,S7,12,1,1,2,1,3,0,0,3,7,2,1,3,2,0,0,5,24,6.0,3,-0.29115744069015076,0.12962867407364342,-0.30699999999999994,9,4,Home
PBA,SUP,6193,6.0,S6,14,0,2,3,2,4,0,0,3,6,3,0,5,0,1,0,7,28,5.666666666666667,6,2.967901085228451,-0.17662082952988625,-0.4947000000000001,11,5,Away
PBA,TAK,6178,6.0,S6,13,0,1,2,1,0,0,0,0,6,2,6,4,0,0,0,4,22,6.0,2,-1.3952702702702704,0.23068992833203028,0.4258,12,9,Home
PBA,TBL,7084,7.0,S7,11,0,0,1,1,2,0,1,4,3,2,5,3,0,1,1,2,21,6.0,1,-2.2911574406901507,0.3254406353234505,0.5947,10,4,Away
PBA,TTT,6150,6.0,S6,11,1,0,0,4,3,0,0,5,4,3,3,0,3,1,0,5,23,6.0,1,-2.39527027027027,0.33897746481430335,0.22440000000000002,9,3,Home
PBA,WSW,7029,7.0,S7,4,1,0,4,1,2,0,1,6,4,3,1,1,1,0,0,6,23,5.333333333333333,4,1.5675382114837622,-0.06042892989394075,-0.5611,4,1,Away
PDB,CEL,4018,4.0,S4,3,1,0,0,3,2,0,0,2,6,6,1,2,1,0,0,4,23,6.0,1,-4.61377245508982,0.5578790558530675,0.4955000000000001,12,5,Away
PDB,CEL,4074,4.0,S4,10,2,0,0,0,4,0,0,4,7,2,1,1,0,0,0,2,21,5.0,3,-1.6781437125748497,0.2559247198325196,-0.000900000000000005,7,2,Home
PDB,DBV,4036,4.0,S4,5,1,2,5,3,5,0,1,6,3,2,3,0,0,3,1,11,30,5.0,9,4.385348350917213,-0.3000757159023812,-0.33659999999999995,8,5,Home
PDB,DBV,4092,4.0,S4,12,3,1,1,4,5,0,0,3,1,1,4,4,0,1,2,9,27,5.0,9,4.321856287425151,-0.3063137022067513,-0.784,11,7,Away
PDB,DDD,4003,4.0,S4,1,3,4,1,4,1,0,0,3,4,0,4,3,1,0,0,12,27,5.0,10,5.321856287425151,-0.4189008948603277,-0.2923999999999999,10,6,Away
PDB,DDD,4063,4.0,S4,8,0,4,3,2,4,0,0,4,11,2,1,0,0,0,0,9,31,6.0,7,1.3862275449101802,-0.00855509707072876,0.024529999999999986,10,2,Home
PDB,HON,4044,4.0,S4,6,0,1,3,5,2,0,0,8,5,1,1,2,1,0,0,9,28,6.0,4,-1.6137724550898194,0.27885771027569484,0.08009999999999998,10,4,Away
PDB,HON,4100,4.0,S4,13,1,0,1,1,1,0,0,1,7,2,2,5,1,0,0,3,21,6.0,1,-4.61377245508982,0.5494875940840166,0.48530000000000006,14,8,Home
PDB,N69,4011,4.0,S4,2,2,1,0,2,2,0,0,2,7,2,1,1,1,0,1,5,20,5.0,4,-0.6781437125748497,0.1559247198325196,-0.16459999999999997,5,3,Home
PDB,N69,4067,4.0,S4,9,0,0,2,4,3,0,1,5,8,0,2,2,1,0,0,6,26,6.0,4,-1.61377245508982,0.27046624850664397,0.16620000000000004,9,3,Away
PDB,PGA,4049,4.0,S4,7,0,0,3,4,3,0,0,3,3,3,0,0,0,0,0,7,19,3.0,4,1.19311377245509,-0.03959249043952523,-0.23779999999999984,2,2,Home
PDB,PGA,4105,4.0,S4,14,1,1,4,5,5,0,1,6,4,1,2,2,0,0,0,11,31,5.0,11,6.32185628742515,-0.5021179713222257,-0.5088999999999999,8,5,Away
PDB,PGS,4025,4.0,S4,4,1,0,7,6,3,1,0,4,4,0,4,4,2,0,0,14,33,6.0,8,2.3862275449101804,-0.10016363530167788,-0.5999999999999998,12,7,Home
PDB,PGS,4081,4.0,S4,11,1,0,2,3,4,0,0,2,5,0,2,5,1,0,0,6,24,5.0,4,-0.6781437125748497,0.168511912486096,-0.23199999999999998,10,7,Away
PGA,CEL,4035,4.0,S4,5,0,2,4,5,1,0,0,2,3,0,5,4,1,0,0,11,26,5.0,8,3.3218562874251503,-0.22309662574485306,-0.33580000000000004,10,7,Away
PGA,CEL,4091,4.0,S4,12,2,0,2,4,2,0,0,5,5,1,3,1,3,0,0,8,25,6.0,2,-3.6137724550898196,0.46627051762211846,0.20230000000000006,9,3,Home
PGA,DBV,4010,4.0,S4,2,3,0,4,4,2,0,0,1,3,1,8,5,0,2,0,11,31,6.0,8,2.3862275449101804,-0.10016363530167792,-0.3991000000000001,14,5,Away
PGA,DBV,4066,4.0,S4,9,2,0,5,6,5,0,0,6,2,1,3,3,1,2,2,13,33,6.0,9,3.38622754491018,-0.183380711763576,-0.3032999999999999,12,7,Home
PGA,DDD,4020,4.0,S4,3,1,1,3,4,1,0,0,7,3,0,2,5,1,0,0,9,27,6.0,3,-2.61377245508982,0.3746619793911694,-0.20479999999999998,10,6,Away
PGA,DDD,4076,4.0,S4,10,0,3,2,3,1,0,0,3,8,1,5,1,0,0,0,8,27,6.0,4,-1.6137724550898198,0.2746619793911694,0.13050000000000003,12,3,Home
PGA,HON,4004,4.0,S4,1,3,0,1,4,2,0,0,1,1,0,5,3,2,0,0,8,20,4.0,7,3.25748502994012,-0.24183388530350283,-0.29540000000000005,9,7,Home
PGA,HON,4059,4.0,S4,8,2,1,1,6,2,0,0,3,3,2,2,4,1,0,0,10,26,5.0,7,2.3218562874251503,-0.12309662574485314,-0.612852,9,6,Away
PGA,N69,4026,4.0,S4,4,3,0,2,2,1,0,0,4,2,1,4,6,1,0,0,7,25,6.0,4,-1.61377245508982,0.2662705176221184,0.17960000000000004,14,7,Home
PGA,N69,4082,4.0,S4,11,0,2,1,2,1,1,0,3,5,2,4,2,2,0,0,5,22,6.0,0,-5.61377245508982,0.653683324968542,0.26380000000000003,9,7,Away
PGA,PDB,4049,4.0,S4,7,2,0,0,4,1,0,1,3,5,0,1,0,0,0,0,6,16,3.0,4,1.19311377245509,-0.05217968309310164,-0.23670000000000008,4,1,Away
PGA,PDB,4105,4.0,S4,14,4,2,3,1,1,0,0,7,5,0,2,4,0,1,0,10,29,6.0,8,2.3862275449101804,-0.11275082795525429,-0.009599999999999985,9,5,Home
PGA,PGS,4041,4.0,S4,6,4,0,2,4,2,0,0,2,6,0,4,5,1,0,0,10,29,6.0,9,3.38622754491018,-0.21694655883977976,-0.22279999999999997,9,5,Home
PGA,PGS,4097,4.0,S4,13,0,1,3,3,3,0,0,3,4,0,2,7,2,0,0,7,26,6.0,4,-1.6137724550898198,0.27046624850664397,0.01730000000000012,10,7,Away
PGS,CEL,4012,4.0,S4,2,1,1,1,3,1,0,0,5,6,2,1,3,1,0,0,6,24,6.0,5,-0.6137724550898198,0.16207478673759293,0.20940000000000003,8,5,Home
PGS,CEL,4068,4.0,S4,9,2,1,2,3,3,0,0,7,6,3,1,0,0,0,1,8,28,6.0,5,-0.61377245508982,0.1830534411602203,0.17819999999999997,9,2,Away
PGS,DBV,4019,4.0,S4,3,0,2,4,5,1,0,0,8,5,0,0,2,0,1,0,11,27,5.0,6,1.3218562874251503,-0.014705163975802155,-0.43610000000000004,7,2,Home
PGS,DBV,4075,4.0,S4,10,1,0,3,1,1,0,0,4,5,2,4,3,0,0,0,5,24,6.0,3,-2.61377245508982,0.36207478673759297,0.013600000000000036,13,6,Away
PGS,DDD,4051,4.0,S4,7,0,3,1,1,3,0,0,2,7,1,3,3,2,0,0,5,24,6.0,4,-1.6137724550898198,0.262074786737593,0.12450000000000003,9,7,Home
PGS,DDD,4107,4.0,S4,14,2,0,0,0,1,0,0,2,3,1,0,3,0,0,0,2,12,3.0,2,-0.8068862275449098,0.1310373933687965,-0.06609999999999999,5,4,Away
PGS,HON,4034,4.0,S4,5,0,0,0,3,1,0,0,2,5,2,2,1,0,0,0,3,16,4.0,0,-3.74251497005988,0.44138319115839536,0.18500000000000003,6,4,Home
PGS,HON,4090,4.0,S4,12,2,0,1,4,3,0,0,4,3,2,1,2,3,0,0,7,22,5.0,2,-2.67814371257485,0.36012045071704507,0.018699999999999998,8,3,Away
PGS,N69,4002,4.0,S4,1,1,0,2,2,4,0,0,7,5,1,1,3,1,0,0,5,26,6.0,4,-1.6137724550898198,0.2704662485066439,0.23170000000000002,11,5,Away
PGS,N69,4058,4.0,S4,8,1,2,0,0,2,0,0,4,8,1,3,2,0,0,0,3,23,6.0,2,-3.61377245508982,0.45787905585306754,0.035547999999999996,9,5,Home
PGS,PDB,4025,4.0,S4,4,1,1,1,3,1,0,0,9,5,1,2,1,0,0,0,6,25,6.0,3,-2.61377245508982,0.36627051762211843,-0.0993,7,4,Away
PGS,PDB,4081,4.0,S4,11,0,1,4,4,0,0,0,2,8,0,2,4,2,0,0,9,25,6.0,3,-2.6137724550898196,0.3662705176221185,0.26730000000000004,7,5,Home
PGS,PGA,4041,4.0,S4,6,0,0,3,3,2,0,0,8,6,3,0,0,0,0,1,6,25,6.0,1,-4.61377245508982,0.570466248506644,0.27790000000000004,9,1,Away
PGS,PGA,4097,4.0,S4,13,0,1,1,4,10,1,0,1,9,3,2,1,2,0,0,6,32,6.0,4,-1.6137724550898196,0.2956406338137967,0.06890000000000013,14,4,Home
PHB,BBB,6056,6.0,S6,4,1,0,1,3,8,2,0,4,4,2,1,2,1,3,1,5,26,5.0,5,2.1706081081081083,-0.09689153181785196,-0.39869999999999994,6,3,Away
PHB,CIM,6092,6.0,S6,7,1,2,1,1,2,0,0,5,3,1,4,5,0,0,0,5,25,6.0,3,-0.3952702702702705,0.14312123305543983,0.1805,11,8,Home
PHB,DAD,5080,5.0,S5,7,0,0,0,2,4,0,0,3,4,2,4,3,2,0,0,2,22,6.0,0,-4.023866348448688,0.49040973054644366,0.518,9,3,Home
PHB,FRG,6124,6.0,S6,9,2,0,0,2,4,0,0,6,3,1,5,1,1,0,1,4,24,6.0,4,0.6047297297297296,0.0431212330554398,-0.013100000000000035,11,7,Away
PHB,HEL,6180,6.0,S6,13,1,1,2,2,0,0,0,6,4,3,3,1,1,0,0,6,23,6.0,3,-0.3952702702702703,0.13483369657316682,0.07579999999999998,8,4,Home
PHB,JUP,5068,5.0,S5,6,2,4,5,3,1,0,0,2,6,3,2,4,1,0,0,14,32,6.0,10,5.976133651551312,-0.469579771407386,-0.6082,12,8,Home
PHB,KTY,5048,5.0,S5,4,1,0,0,1,1,0,0,1,1,1,6,7,2,0,0,2,19,6.0,1,-3.0238663484486876,0.3784065811325925,0.2526,10,6,Away
PHB,LIM,6153,6.0,S6,11,1,0,0,1,0,0,0,4,3,3,4,3,1,0,0,2,19,6.0,1,-2.39527027027027,0.3182586236086207,0.42950000000000005,11,6,Home
PHB,LMN,5012,5.0,S5,1,5,0,4,8,4,0,1,4,6,1,4,2,0,2,1,17,38,6.0,17,12.976133651551313,-1.1335703231658327,-0.3147,11,4,Home
PHB,LMN,5140,5.0,S5,12,1,1,1,3,2,1,0,7,2,2,4,2,1,0,0,6,25,6.0,2,-2.0238663484486876,0.30241287996029476,0.45799999999999996,9,6,Away
PHB,MBT,6041,6.0,S6,3,1,1,4,2,1,0,0,5,6,3,3,0,1,0,0,8,26,6.0,5,1.6047297297297296,-0.05273499870342366,-0.27520000000000017,9,3,Away
PHB,MVM,5096,5.0,S5,8,2,0,2,3,0,0,0,5,4,1,2,2,1,0,0,7,21,5.0,4,0.6467780429594272,0.01934424160101511,-0.0928,9,4,Away
PHB,MVS,6065,6.0,S6,5,1,0,0,0,2,0,0,6,5,1,3,2,1,0,0,1,20,6.0,1,-2.39527027027027,0.3224023918497573,0.21419999999999995,8,3,Home
PHB,NUL,5116,5.0,S5,10,0,1,2,4,2,0,0,3,5,3,3,3,1,0,0,7,26,6.0,2,-2.0238663484486876,0.3064139297649118,-0.148057,13,6,Home
PHB,PBA,6137,6.0,S6,10,3,0,0,4,2,0,0,9,1,2,1,3,2,0,0,7,25,6.0,5,1.6047297297297294,-0.056878766944560157,-0.35309999999999997,6,5,Home
PHB,POR,5060,5.0,S5,5,2,1,3,5,3,0,0,5,7,1,1,3,1,0,0,11,31,6.0,6,1.9761336515513126,-0.07358082121200302,0.026100000000000068,8,5,Away
PHB,POR,6083,6.0,S6,6,0,0,1,2,0,0,0,4,5,5,3,1,0,0,0,3,21,6.0,0,-3.39527027027027,0.4265461600908938,0.5272,10,5,Away
PHB,SAR,5130,5.0,S5,11,0,2,4,3,2,0,0,2,1,2,2,8,2,0,0,9,26,5.666666666666667,4,0.5439302617208044,0.04963426874796259,-0.5235000000000001,12,9,Away
PHB,SLT,6027,6.0,S6,2,2,0,1,2,4,0,0,2,6,3,3,3,1,0,0,5,26,6.0,2,-1.3952702702702706,0.24726500129657636,0.04430000000000006,12,5,Home
PHB,SUP,6014,6.0,S6,1,1,1,3,4,0,0,0,10,0,2,4,2,0,0,0,9,27,6.0,6,2.60472972972973,-0.14859123046228714,-0.01990000000000009,8,5,Away
PHB,TAC,5104,5.0,S5,9,3,1,1,4,5,0,0,7,4,2,2,3,0,0,0,9,32,6.0,9,4.976133651551312,-0.369579771407386,-0.044599999999999966,8,6,Home
PHB,TAI,5019,5.0,S5,2,0,0,0,0,4,0,0,4,2,0,6,5,1,0,0,0,21,6.0,0,-4.023866348448688,0.4864086807418266,0.22759999999999994,11,4,Away
PHB,TAI,5151,5.0,S5,13,1,1,2,1,2,0,0,8,6,1,1,2,0,0,0,5,25,6.0,3,-1.0238663484486874,0.20241287996029472,-0.0494,8,3,Home
PHB,TAK,6192,6.0,S6,14,2,1,2,3,2,0,0,6,5,3,3,3,1,1,0,8,30,7.0,5,0.5513963963963967,0.07331717583559225,-0.35430000000000006,10,6,Away
PHB,TRA,5031,5.0,S5,3,3,1,1,5,0,0,0,2,0,1,9,3,3,0,0,10,25,6.0,4,-0.023866348448687846,0.10241287996029476,-0.10659999999999997,12,4,Home
PHB,TRA,5164,5.0,S5,14,0,1,2,1,3,0,0,4,5,2,3,1,2,0,0,4,22,5.666666666666667,2,-1.5568004801852149,0.24370314372009635,-0.25699999999999995,8,5,Away
PHB,TTT,6166,6.0,S6,12,1,0,0,4,5,0,0,0,4,5,2,3,1,1,0,5,24,5.0,5,2.170608108108108,-0.11346660478239796,-0.5027999999999999,10,5,Away
PHB,WWC,6106,6.0,S6,8,0,0,0,4,1,0,0,6,3,1,3,4,1,0,0,4,22,6.0,0,-3.39527027027027,0.4306899283320303,0.46640000000000004,10,6,Home
POR,BAC,6099,6.0,S6,8,2,0,3,2,1,0,0,3,4,2,3,3,0,0,0,7,23,5.0,5,2.170608108108108,-0.12175414126467099,-0.26399999999999996,10,3,Away
POR,BBB,6196,6.0,S6,14,1,0,1,0,1,0,0,2,8,1,4,2,1,0,0,2,20,6.0,1,-2.39527027027027,0.3224023918497573,0.45170000000000005,14,5,Home
POR,CIM,6035,6.0,S6,3,0,0,0,0,5,0,0,3,8,1,2,2,2,0,0,0,21,6.0,0,-3.39527027027027,0.4265461600908938,0.2637,8,4,Away
POR,DAD,5117,5.0,S5,10,0,0,2,2,1,0,0,3,5,2,2,4,1,0,0,4,21,5.666666666666667,1,-2.5568004801852147,0.3397020939154793,0.051079,12,5,Away
POR,FRG,6055,6.0,S6,4,3,1,0,5,4,0,1,4,7,4,2,1,0,0,0,9,31,6.0,8,4.60472972972973,-0.3320161574977411,-0.3435,13,8,Home
POR,HEL,6123,6.0,S6,9,2,1,0,4,5,0,0,3,3,1,3,4,3,2,1,7,26,6.0,2,-1.3952702702702702,0.2596963060199859,0.5119,12,6,Away
POR,JUP,5082,5.0,S5,7,4,0,0,0,2,0,0,6,4,3,2,3,0,0,0,4,24,6.0,4,-0.023866348448687624,0.0984118301556777,-0.07249999999999998,8,6,Away
POR,KTY,5023,5.0,S5,2,1,0,1,3,1,0,0,5,4,1,4,4,0,0,0,5,24,6.0,3,-1.0238663484486876,0.1984118301556777,-0.06370000000000003,9,4,Home
POR,KTY,5155,5.0,S5,13,2,0,1,3,2,0,1,7,3,1,4,3,0,0,0,6,26,6.0,5,0.9761336515513122,0.006413929764911782,0.0613,9,6,Away
POR,LIM,6028,6.0,S6,2,1,1,2,1,3,0,0,4,2,0,4,5,2,0,1,5,23,6.0,2,-1.3952702702702704,0.23897746481430335,0.34140000000000004,10,9,Home
POR,LMN,5092,5.0,S5,8,0,0,1,3,2,0,1,3,3,0,7,4,0,2,0,4,24,6.0,1,-3.0238663484486876,0.4064139297649118,0.4829,10,5,Away
POR,MBT,6182,6.0,S6,13,3,0,1,1,1,0,0,5,4,3,0,3,0,0,0,5,21,5.0,4,1.170608108108108,-0.030041677746944044,0.063,8,3,Away
POR,MVM,5036,5.0,S5,3,0,3,2,1,1,0,0,7,3,1,4,2,1,0,0,6,24,6.0,4,-0.023866348448687458,0.09841183015567771,0.007799999999999994,10,6,Away
POR,MVM,5167,5.0,S5,14,3,1,3,8,2,0,0,4,4,3,2,4,1,0,0,15,34,6.0,10,5.976133651551312,-0.4615776717981519,-0.4769,11,6,Home
POR,MVS,6009,6.0,S6,1,2,0,1,5,1,0,1,3,5,2,4,3,1,0,0,8,26,6.0,3,-0.3952702702702702,0.14726500129657638,0.009700000000000056,11,5,Home
POR,NUL,5071,5.0,S5,6,7,1,2,8,1,0,0,5,6,0,3,4,0,0,0,18,37,6.0,15,10.976133651551313,-0.9495745223843008,-0.4056000000000002,13,6,Home
POR,PBA,6067,6.0,S6,5,0,1,0,3,2,0,1,0,7,1,3,3,1,0,0,4,20,5.0,1,-1.829391891891892,0.26581455401191945,0.12519999999999998,10,6,Away
POR,PHB,5060,5.0,S5,5,5,1,2,1,5,0,0,6,6,1,1,4,0,0,0,9,32,6.0,9,4.976133651551312,-0.369579771407386,-0.47459999999999997,9,5,Home
POR,PHB,6083,6.0,S6,6,0,0,4,4,0,0,0,6,3,3,3,2,0,1,1,8,25,6.0,2,-1.3952702702702704,0.25140876953771285,0.027200000000000012,9,3,Home
POR,SAR,5010,5.0,S5,1,1,3,3,1,1,0,1,8,0,3,3,2,0,0,0,8,25,5.333333333333333,8,5.30640888090911,-0.43061464297548513,-0.4587,9,6,Away
POR,SAR,5143,5.0,S5,12,2,1,3,3,2,0,0,5,3,2,3,4,1,0,0,9,28,6.0,6,1.9761336515513122,-0.08558397062585416,0.04970000000000008,12,7,Home
POR,SLT,6168,6.0,S6,12,1,0,1,0,4,0,0,2,6,2,3,1,1,0,0,2,20,5.0,1,-1.829391891891892,0.26581455401191945,0.2773,11,5,Home
POR,SUP,6154,6.0,S6,11,0,1,3,3,1,0,0,5,7,1,2,2,1,0,0,7,25,6.0,2,-1.39527027027027,0.2431212330554398,0.3896,8,4,Away
POR,TAC,5046,5.0,S5,4,0,0,1,7,1,1,0,2,1,1,2,6,2,1,1,8,21,5.0,3,-0.35322195704057324,0.12734634121024924,-0.004200000000000013,9,7,Away
POR,TAI,5129,5.0,S5,11,3,1,4,1,3,0,0,5,7,1,0,5,0,0,0,9,30,6.0,9,4.976133651551312,-0.3775818710166201,-0.20970000000000005,9,5,Home
POR,TAK,6136,6.0,S6,10,0,0,2,2,4,0,0,4,5,0,1,3,1,0,2,4,21,5.333333333333333,0,-2.4915541324544686,0.3444620827915866,0.2970000000000001,7,4,Home
POR,TRA,5108,5.0,S5,9,0,1,2,2,0,0,0,6,5,3,2,2,0,0,0,5,23,6.0,1,-3.0238663484486876,0.39441078035106064,0.15304300000000004,13,6,Home
POR,TTT,6096,6.0,S6,7,2,0,2,3,2,0,0,1,8,0,3,2,1,1,0,7,23,5.0,4,1.1706081081081083,-0.017610373023534492,-0.4018,9,5,Away
POS,AND,9006,9.0,S9,2,0,0,3,1,0,0,0,3,6,7,1,1,0,0,0,4,22,6.0,0,-3.4488188976377954,0.4257941911670378,0.30760000000000004,13,4,Home
POS,AND,9024,9.0,S9,6,1,0,2,2,3,0,0,8,5,3,0,2,0,1,0,5,26,6.0,1,-2.4488188976377954,0.3441833505768692,0.4072,7,3,Away
POS,ARA,11075,11.0,S11,13,1,0,0,6,2,0,0,3,2,3,5,3,2,0,0,7,25,6.0,4,0.3990573448546738,0.06066083649479208,-0.13539999999999996,9,3,Home
POS,ARR,9010,9.0,S9,3,1,0,0,4,0,0,0,7,4,3,3,1,0,0,0,5,23,6.0,2,-1.4488188976377954,0.2294720230490041,-0.016599999999999976,10,4,Away
POS,ARR,9040,9.0,S9,10,4,1,1,2,1,0,0,2,8,1,3,4,0,0,0,8,27,6.0,7,3.551181102362205,-0.2558166494231308,-0.43779999999999997,16,7,Home
POS,BIR,9025,9.0,S9,7,2,0,3,5,2,0,0,3,4,2,1,5,1,1,2,10,27,6.0,8,4.551181102362205,-0.3447831537772319,-0.5133000000000001,13,8,Home
POS,BIR,9042,9.0,S9,11,3,0,2,5,2,0,0,5,3,0,6,2,2,1,0,10,28,6.0,7,3.5511811023622046,-0.24846098565919822,0.01640000000000003,10,3,Away
POS,DOG,11035,11.0,S11,6,2,1,2,0,2,0,0,2,5,3,3,2,0,0,0,5,22,5.0,5,1.999214454045561,-0.11142286294192787,-0.4494000000000001,10,4,Away
POS,FLB,9002,9.0,S9,1,0,0,0,1,1,0,0,8,4,0,4,2,0,1,0,1,20,6.0,0,-3.4488188976377954,0.4221163592850715,0.1831,10,4,Home
POS,FLB,9051,9.0,S9,13,2,1,0,2,2,0,0,6,1,2,4,0,2,1,0,5,20,5.0,5,2.125984251968504,-0.1353639556755584,-0.2623999999999999,9,3,Away
POS,GOP,9031,9.0,S9,8,2,0,1,2,1,0,0,7,3,0,3,0,0,0,2,5,19,5.0,4,1.125984251968504,-0.0353639556755584,-0.33799999999999997,8,3,Away
POS,GOP,9033,9.0,S9,9,1,2,2,2,1,0,0,9,1,2,4,1,1,0,0,7,25,6.0,4,0.5511811023622049,0.03682768681293666,-0.08470000000000003,7,2,Home
POS,HOT,11087,11.0,S11,15,3,1,1,3,2,0,0,3,6,2,2,5,0,1,0,8,28,6.0,7,3.3990573448546737,-0.22324851214836647,-0.44410000000000005,9,6,Home
POS,IDR,11008,11.0,S11,2,2,1,2,5,1,0,0,10,5,11,5,5,0,3,3,10,47,13.0,3,-4.80204241948154,0.693405372426304,0.7373999999999999,25,10,Home
POS,IDR,11049,11.0,S11,9,2,2,0,1,0,0,0,3,4,4,3,3,0,0,1,5,22,6.0,2,-1.6009426551453263,0.25261551081637124,0.22509999999999997,12,5,Away
POS,KGB,9016,9.0,S9,4,3,0,3,4,0,0,0,4,3,2,4,5,1,0,2,10,28,7.0,4,-0.023622047244094613,0.11269716118339798,-0.23870000000000008,15,10,Home
POS,KGB,9055,9.0,S9,14,0,0,1,2,0,0,0,4,3,1,6,3,1,0,0,3,20,6.0,0,-3.4488188976377954,0.4184385274031052,0.43759999999999993,13,4,Away
POS,LAX,11019,11.0,S11,4,2,1,0,4,2,0,0,3,3,2,3,5,2,0,0,7,25,6.0,5,1.3990573448546737,-0.039339163505207976,-0.0627,11,6,Away
POS,LAX,11080,11.0,S11,14,4,0,4,2,1,0,0,3,7,3,4,1,0,0,0,10,29,6.0,8,4.399057344854674,-0.3232485121483665,-0.4178999999999998,8,2,Home
POS,LOB,11028,11.0,S11,5,1,0,2,3,0,0,0,4,8,2,4,0,0,0,0,6,24,6.0,3,-0.6009426551453263,0.15663817365558164,-0.1351,13,4,Home
POS,NNL,9019,9.0,S9,5,1,0,1,3,3,0,0,8,2,2,5,0,1,1,0,5,25,6.0,2,-1.4488188976377951,0.24050551869490294,0.242,8,5,Away
POS,NNL,9048,9.0,S9,12,1,1,3,5,3,0,0,5,1,1,6,3,2,0,0,10,29,6.0,2,-1.448818897637795,0.25153901434080184,0.07009999999999997,10,8,Home
POS,OKT,11043,11.0,S11,8,2,0,5,6,3,0,0,3,5,6,2,9,2,1,0,13,41,9.0,7,1.5985860172820108,0.009093237518634716,-0.17340000000000005,19,11,Home
POS,OKT,11067,11.0,S11,12,2,0,1,1,1,0,0,1,4,4,3,2,1,0,0,4,19,5.0,3,-0.0007855459544385823,0.076509148540441,-0.18560000000000007,10,4,Away
POS,PRP,11003,11.0,S11,1,1,0,1,6,3,0,0,3,4,1,3,2,2,3,0,8,24,5.0,2,-1.0007855459544386,0.20869045125412405,0.00620000000000006,10,5,Away
POS,ROY,11016,11.0,S11,3,0,0,2,9,5,0,0,10,6,0,3,1,1,0,2,11,36,7.666666666666667,4,-0.2865509911741606,0.18151628700741035,-0.5839999999999997,11,7,Away
POS,ROY,11064,11.0,S11,11,1,0,0,2,2,1,0,3,1,0,7,6,1,1,0,3,22,6.0,3,-0.6009426551453262,0.15261551081637129,0.34570000000000006,13,7,Home
POS,SHH,11060,11.0,S11,10,1,2,3,2,1,0,0,5,2,0,5,3,0,0,0,8,24,5.0,5,1.9992144540455614,-0.10337753726350715,-0.23979999999999999,8,4,Away
POS,WRM,11040,11.0,S11,7,1,0,0,3,2,0,0,5,4,0,4,3,1,2,1,4,22,6.0,1,-2.6009426551453263,0.360660836494792,0.23879999999999996,12,8,Home
POS,WRM,11093,11.0,S11,16,2,1,1,3,2,0,0,3,3,0,5,2,1,2,1,7,22,5.0,5,1.9992144540455614,-0.09935487442429672,-0.3184999999999999,8,3,Away
PPM,BIS,8034,8.1,S8A,6,3,1,0,4,2,0,0,5,3,5,3,1,0,0,1,8,27,6.0,6,1.9400000000000004,-0.07491995641216193,-0.42160000000000003,10,5,Home
PPM,CCD,8047,8.1,S8A,8,0,1,2,3,2,0,0,8,4,3,3,0,0,1,0,6,26,6.0,2,-2.0599999999999996,0.3208271848882724,0.29689999999999994,8,3,Away
PPM,CDT,8026,8.1,S8A,5,1,1,1,2,3,0,0,6,3,5,2,1,1,0,0,5,25,6.0,3,-1.0599999999999996,0.21232146748914113,0.1253,9,3,Home
PPM,GND,8021,8.1,S8A,4,2,0,4,5,5,0,0,3,6,4,3,1,1,0,0,11,33,6.0,8,3.9400000000000004,-0.2536556629143337,-0.3738999999999999,12,5,Home
PPM,LAC,8002,8.1,S8A,1,2,0,1,1,3,0,0,3,5,0,3,2,1,0,1,4,20,5.0,2,-1.3833333333333333,0.2276433660242119,0.036800000000000034,7,4,Away
PPM,MKW,8012,8.1,S8A,2,1,0,1,2,3,0,0,8,6,2,1,0,1,0,0,4,24,6.0,2,-2.06,0.3080686087895755,0.3026,7,1,Away
PPM,NXS,8017,8.1,S8A,3,2,0,3,3,4,0,0,5,9,0,1,5,0,0,1,8,32,7.0,6,0.5045161290322585,0.08989272418244051,-0.5254000000000001,12,6,Home
PPM,SCU,8042,8.1,S8A,7,1,1,3,0,0,0,0,5,5,3,3,2,0,0,0,5,23,6.0,3,-1.0599999999999998,0.20381575009000985,0.07050000000000006,11,6,Away
PPP,CHI,5063,5.0,S5,6,3,0,2,2,3,0,0,5,3,4,3,3,0,0,0,7,28,6.0,5,0.9761336515513122,0.014416029374145885,-0.1691,9,6,Home
PPP,GBC,5111,5.0,S5,10,0,1,4,2,1,0,1,5,5,1,2,4,1,0,0,7,25,6.0,4,-0.023866348448687624,0.10241287996029474,0.015219999999999997,9,4,Home
PPP,GTY,5089,5.0,S5,8,4,0,3,6,4,0,0,2,5,2,0,2,0,3,0,13,28,3.6666666666666665,14,11.499584187957867,-1.0259258748526585,-0.3943999999999999,7,2,Away
PPP,ISO,5126,5.0,S5,11,1,1,2,3,4,0,0,3,1,3,5,2,1,1,0,7,25,5.0,4,1.646778042959427,-0.06065050937589973,-0.11720000000000003,11,5,Away
PPP,KRB,5037,5.0,S5,4,2,0,0,0,4,0,0,5,2,2,4,1,1,0,0,2,20,5.0,3,-0.35322195704057324,0.11534319179639811,-0.06469999999999997,7,3,Away
PPP,RKT,5074,5.0,S5,7,3,1,1,3,3,0,0,5,6,0,4,3,0,0,0,8,29,6.0,5,0.9761336515513124,0.01841707917876288,0.17800000000000002,11,3,Away
PPP,SPR,5101,5.0,S5,9,2,2,1,3,1,0,0,6,3,1,5,2,1,0,0,8,26,6.0,5,0.9761336515513124,0.006413929764911799,-0.19469999999999998,11,6,Home
PPP,TSA,5027,5.0,S5,3,2,0,4,7,3,0,0,7,6,0,0,2,0,0,0,13,31,5.0,11,7.6467780429594265,-0.6406452603528145,-0.7375999999999998,4,2,Away
PPP,TSA,5160,5.0,S5,14,1,0,1,1,1,0,0,4,3,0,8,2,1,0,0,3,21,6.0,1,-3.0238663484486876,0.3864086807418266,0.1998000000000001,10,8,Home
PPP,WSH,5052,5.0,S5,5,2,0,1,2,2,0,0,4,4,2,2,5,1,0,0,5,24,6.0,4,-0.02386634844868757,0.09841183015567768,-0.387,10,5,Home
PPP,WWC,5003,5.0,S5,1,2,0,3,5,4,0,0,6,5,1,4,1,1,0,0,10,31,6.0,8,3.976133651551312,-0.273580821212003,-0.3524,9,4,Home
PPP,WWC,5135,5.0,S5,12,2,1,2,3,1,0,0,6,2,0,2,3,1,0,1,8,22,5.0,5,1.646778042959427,-0.07265365878975077,-0.016599999999999997,7,3,Away
PPP,YUM,5016,5.0,S5,2,2,0,1,5,1,0,0,4,3,0,4,5,2,0,0,8,25,6.0,5,0.9761336515513122,0.00241287996029476,-0.4373,11,6,Home
PPP,YUM,5148,5.0,S5,13,0,0,0,4,0,0,0,5,3,5,3,1,1,0,0,4,21,6.0,1,-3.0238663484486876,0.3864086807418266,0.4356999999999999,10,3,Away
PQD,CCS,12018,12.0,S12,4,1,2,1,1,1,0,0,4,5,0,5,3,0,0,1,5,23,6.0,3,-0.6749192680301397,0.166633539306199,-0.18959999999999994,14,9,Home
PQD,DDD,12012,12.0,S12,3,1,1,4,3,2,0,0,5,2,6,1,3,1,2,1,9,29,6.666666666666667,6,1.9022493597119634,-0.058036119300283,-0.8297,13,4,Away
PQD,DDD,12033,12.0,S12,7,0,0,1,3,2,0,0,11,4,2,1,0,0,0,0,4,24,6.0,2,-1.6749192680301397,0.266633539306199,0.03610000000000002,4,1,Home
PQD,DDD,12072,12.0,S12,15,2,0,1,2,1,0,0,5,6,3,2,3,1,0,1,5,25,7.0,2,-2.2874058127018295,0.3361439948153001,0.025699999999999987,12,4,Home
PQD,KEG,12007,12.0,S12,2,2,0,1,5,1,0,0,6,3,2,2,4,0,2,1,8,26,6.0,5,1.32508073196986,-0.012711958088970798,-0.4259000000000001,11,7,Home
PQD,KEG,12042,12.0,S12,9,1,0,0,4,3,0,0,8,6,2,0,0,0,2,0,5,24,5.333333333333333,4,0.6840923598768369,0.03899417755743345,-0.5282,7,1,Away
PQD,MMN,12003,12.0,S12,1,0,1,1,2,2,0,0,5,4,4,1,1,0,1,0,4,21,5.0,4,0.9375672766415502,-0.00287691620290206,-0.372,7,3,Away
PQD,MMN,12068,12.0,S12,14,0,0,2,3,0,0,0,7,3,3,4,1,0,0,0,5,23,6.0,1,-2.6749192680301395,0.362502638785233,0.2388,9,6,Home
PQD,SAL,12047,12.0,S12,10,2,0,1,5,1,0,0,6,8,5,4,3,1,0,0,8,35,9.0,3,-2.970688817550511,0.4416503999888626,0.5576,13,6,Home
PQD,SCR,12040,12.0,S12,8,1,2,1,2,2,0,0,3,7,5,1,2,0,0,0,6,26,6.0,2,-1.6749192680301395,0.2748953403481311,0.26010000000000005,10,4,Away
PQD,SDV,12027,12.0,S12,6,0,0,0,4,3,0,0,3,4,3,6,0,1,0,1,4,23,6.0,0,-3.6749192680301395,0.466633539306199,0.6193,14,8,Home
PQD,SDV,12055,12.0,S12,11,1,0,1,3,2,0,0,8,2,1,2,4,1,0,0,5,24,6.0,3,-0.6749192680301395,0.166633539306199,0.31779999999999997,8,6,Away
PQD,SEF,12059,12.0,S12,12,1,2,0,5,0,0,0,6,1,1,5,4,1,1,0,8,25,6.0,2,-1.6749192680301397,0.274895340348131,0.04040000000000002,11,8,Away
PQD,SEF,12073,12.0,S12,16,3,0,2,1,1,0,0,6,2,5,2,3,0,1,0,6,25,6.0,4,0.3250807319698604,0.07489534034813108,-0.09429999999999995,10,6,Home
PQD,WWC,12025,12.0,S12,5,1,0,1,6,2,0,0,6,4,3,2,2,1,0,0,8,27,6.0,3,-0.6749192680301397,0.1790262408690972,0.20890000000000003,9,4,Away
PQD,WWC,12062,12.0,S12,13,0,0,4,1,0,0,0,5,7,4,0,2,0,0,0,5,23,6.0,2,-1.67491926803014,0.26250263878523294,0.18009999999999998,13,3,Home
PRP,ARA,11046,11.0,S11,8,4,0,2,1,2,0,0,2,8,0,4,1,0,0,0,7,24,5.0,6,2.9992144540455614,-0.2033775372635071,-0.6354,9,4,Away
PRP,ARA,11059,11.0,S11,10,1,0,1,4,3,0,0,4,5,1,4,3,1,0,0,6,26,6.0,1,-2.6009426551453263,0.36468349933400246,0.5132000000000001,12,7,Home
PRP,DOG,11018,11.0,S11,3,3,0,0,0,0,0,0,2,9,1,3,0,0,0,0,3,18,5.0,3,-0.0007855459544385823,0.07248648570123062,-0.16920000000000002,11,4,Away
PRP,DOG,11089,11.0,S11,15,1,0,1,6,7,0,0,7,6,3,3,2,3,1,0,8,36,8.0,4,-0.8012568735271018,0.22896421240349413,0.23800000000000007,13,5,Home
PRP,HOT,11036,11.0,S11,6,0,1,3,3,5,0,0,7,6,3,7,6,1,1,0,7,41,10.0,2,-4.001571091908877,0.5691089484377235,0.6254000000000001,17,10,Home
PRP,HOT,11054,11.0,S11,9,2,2,3,8,2,0,0,6,2,2,4,2,2,1,2,15,33,6.666666666666667,8,4.250654621628698,-0.2802495999512963,-1.0848,9,6,Away
PRP,IDR,11037,11.0,S11,7,0,0,4,2,1,0,0,3,3,2,4,4,0,0,2,6,23,6.0,2,-1.600942655145326,0.26066083649479205,0.4759999999999999,12,6,Away
PRP,LAX,11071,11.0,S11,12,1,0,0,2,2,0,0,2,2,8,2,2,1,0,1,3,21,6.0,1,-2.6009426551453263,0.3485928479771609,0.46660000000000007,13,6,Home
PRP,LOB,11012,11.0,S11,2,1,0,0,3,1,0,0,3,7,2,2,2,0,1,2,4,21,6.0,1,-2.6009426551453263,0.35663817365558165,0.2945,16,6,Home
PRP,LOB,11095,11.0,S11,16,3,0,1,3,2,0,0,4,4,6,0,0,0,1,0,7,24,5.0,4,0.9992144540455614,0.0006451255757032454,-0.29999999999999993,9,0,Away
PRP,OKT,11063,11.0,S11,11,2,0,1,1,2,0,0,4,1,3,5,3,0,1,2,4,22,6.0,2,-1.6009426551453263,0.260660836494792,0.0972,12,3,Away
PRP,POS,11003,11.0,S11,1,0,1,1,1,2,0,0,3,3,3,5,2,1,0,1,3,21,6.0,1,-2.6009426551453263,0.34859284797716095,0.5062,12,5,Home
PRP,ROY,11081,11.0,S11,14,3,0,2,3,2,0,1,7,6,0,0,2,0,0,0,8,25,5.0,6,2.9992144540455614,-0.19935487442429672,-0.11659999999999998,5,2,Away
PRP,SHH,11024,11.0,S11,4,1,0,3,2,0,0,0,3,0,3,2,6,0,0,1,6,20,5.0,4,0.9992144540455613,-0.015445525781138225,-0.12249999999999997,12,7,Away
PRP,SHH,11078,11.0,S11,13,0,0,0,2,0,0,0,3,3,3,6,2,1,0,0,2,19,6.0,0,-3.6009426551453263,0.4365248594595298,0.5831000000000001,13,8,Home
PRP,WRM,11029,11.0,S11,5,1,1,1,4,1,0,0,11,7,3,5,5,0,1,0,7,40,11.0,3,-3.601728201099765,0.5251019965176019,0.7483000000000001,20,11,Home
PUK,AAL,6089,6.0,S6,7,0,0,1,0,9,0,0,9,1,4,1,3,0,1,0,1,28,6.0,1,-2.39527027027027,0.3596963060199859,0.39540000000000003,9,4,Away
PUK,BAC,6113,6.0,S6,9,1,1,2,6,5,0,1,8,3,1,3,2,1,0,0,10,32,6.0,9,5.60472972972973,-0.42787238925660454,-0.8467999999999999,9,4,Home
PUK,CBC,6170,6.0,S6,13,4,0,5,3,5,0,0,3,6,0,5,3,1,2,0,12,34,6.0,10,6.60472972972973,-0.5112973162920585,-0.4369,9,7,Home
PUK,CIM,6107,6.0,S6,8,4,0,0,4,0,0,0,7,5,1,2,2,0,0,1,8,25,6.0,5,1.6047297297297298,-0.05273499870342362,-0.2279,8,6,Home
PUK,CWJ,6020,6.0,S6,2,4,0,3,1,2,0,0,4,5,0,5,1,0,0,0,8,25,5.0,6,3.1706081081081083,-0.21346660478239796,-0.35660000000000003,9,6,Away
PUK,JEF,6031,6.0,S6,3,1,0,1,3,3,0,0,4,9,1,2,2,0,0,0,5,26,6.0,2,-1.3952702702702704,0.24726500129657636,0.018400000000000014,9,5,Home
PUK,LID,6189,6.0,S6,14,1,0,0,1,1,0,0,2,7,3,2,1,0,0,0,2,18,5.0,2,-0.8293918918918921,0.15752701752964643,-0.2751000000000001,10,7,Away
PUK,LMN,6133,6.0,S6,10,0,0,2,2,1,0,0,5,4,2,1,1,1,0,1,4,18,5.0,1,-1.829391891891892,0.26167078577078295,0.1318,8,2,Away
PUK,MPD,6006,6.0,S6,1,4,0,2,3,1,0,0,4,8,2,1,2,1,1,0,9,27,6.0,5,1.6047297297297296,-0.04444746222115064,0.19459999999999994,9,3,Home
PUK,RBD,6075,6.0,S6,6,1,0,3,1,1,0,0,6,5,0,2,2,0,0,0,5,21,5.0,2,-0.829391891891892,0.16995832225305596,0.030199999999999984,6,4,Away
PUK,SAR,6062,6.0,S6,5,0,1,2,1,1,0,0,4,5,2,4,2,0,0,1,4,22,6.0,1,-2.39527027027027,0.33483369657316686,0.1649,10,8,Home
PUK,SAS,6160,6.0,S6,12,0,0,3,3,2,0,1,5,8,3,2,0,0,0,0,6,26,6.0,2,-1.3952702702702706,0.24726500129657636,0.029200000000000115,10,2,Away
PUK,SGP,6143,6.0,S6,11,0,0,0,0,2,0,0,3,13,0,0,2,0,0,0,0,20,6.0,0,-3.39527027027027,0.42240239184975725,0.5831000000000001,10,2,Home
PUK,WWC,6048,6.0,S6,4,0,0,3,5,1,0,0,2,12,0,1,2,0,0,0,8,26,5.666666666666667,3,-0.032098914771549136,0.11094786574670423,-0.22009999999999996,9,3,Away
QQ,CC,8504,8.2,S8B,1,3,0,1,4,2,0,0,4,3,2,2,4,0,1,0,8,25,5.0,8,4.778606965174129,-0.3670924540547407,-0.8240000000000001,11,8,Away
QQ,CC,8531,8.2,S8B,8,4,0,0,1,3,0,0,6,5,4,2,0,0,0,1,5,25,6.0,4,0.13432835820895517,0.09733540664177662,-0.25450000000000006,11,4,Home
QQ,MOB,8513,8.2,S8B,4,1,0,1,1,2,0,0,4,1,1,4,7,1,0,0,3,22,6.0,2,-1.865671641791045,0.2802941385705963,0.24470000000000006,12,8,Home
QQ,NUT,8511,8.2,S8B,3,2,0,1,3,4,0,0,8,5,0,3,2,1,1,1,6,28,6.666666666666667,4,-0.9462238182336323,0.2224318923572157,-0.19999999999999996,8,6,Away
QQ,NUT,8519,8.2,S8B,5,3,0,2,2,2,0,0,4,5,2,5,2,0,0,0,7,27,6.0,4,0.1343283582089551,0.1015957236595717,-0.24680000000000005,13,7,Home
QQ,SBD,8527,8.2,S8B,7,0,0,1,2,0,0,0,6,9,0,3,1,0,0,0,3,22,6.333333333333333,1,-3.580332090639777,0.45176018345546953,0.3617,9,5,Away
QQ,TXR,8508,8.2,S8B,2,2,0,1,0,3,0,0,7,3,2,3,1,0,0,2,3,22,6.0,4,0.13432835820895547,0.08881477260618649,0.10359999999999996,10,5,Home
QQ,TXR,8523,8.2,S8B,6,0,0,0,2,3,0,0,10,4,0,2,1,1,0,0,2,22,6.0,0,-3.865671641791045,0.48029413857059633,0.2795000000000001,3,3,Away
RBD,AAL,6186,6.0,S6,14,1,0,5,3,2,0,1,4,2,5,3,1,0,0,0,9,26,5.0,6,3.170608108108108,-0.20932283654126144,-0.3202999999999999,8,3,Away
RBD,BAC,6001,6.0,S6,1,3,0,3,3,2,0,0,5,4,1,4,2,2,0,0,9,27,6.0,6,2.60472972972973,-0.14859123046228712,-0.20719999999999997,8,6,Home
RBD,CBC,6058,6.0,S6,5,3,0,1,1,2,0,0,7,6,1,4,0,0,0,0,5,25,6.0,3,-0.3952702702702704,0.14312123305543986,0.2708,9,5,Home
RBD,CWJ,6117,6.0,S6,9,0,1,0,2,2,0,0,6,7,1,3,0,1,0,0,3,22,6.0,1,-2.3952702702702706,0.3306899283320303,0.4955,8,4,Home
RBD,JEF,6129,6.0,S6,10,0,0,2,3,3,0,1,2,2,0,8,3,1,0,0,5,23,5.333333333333333,1,-1.0268492176386914,0.1979915913100089,0.08310000000000001,11,6,Away
RBD,LID,6173,6.0,S6,13,2,0,0,2,1,0,0,4,3,4,4,2,1,0,0,4,22,6.0,2,-1.3952702702702704,0.2306899283320303,0.05140000000000004,11,7,Home
RBD,LMN,6018,6.0,S6,2,3,1,0,2,2,0,0,10,2,3,2,0,1,2,0,6,25,6.0,5,1.6047297297297298,-0.04859123046228716,0.11910000000000004,9,1,Away
RBD,MPD,6088,6.0,S6,7,1,1,0,1,3,0,0,3,7,1,4,1,1,0,1,3,22,6.0,1,-2.39527027027027,0.3348336965731668,0.3253,12,6,Away
RBD,MVS,6103,6.0,S6,8,1,0,1,1,1,0,0,5,5,2,4,2,0,0,0,3,22,6.0,2,-1.3952702702702704,0.2306899283320303,-0.02570000000000003,11,7,Away
RBD,PUK,6075,6.0,S6,6,0,1,0,3,1,0,0,6,2,2,3,5,0,0,0,4,23,6.0,0,-3.39527027027027,0.43483369657316684,0.5302000000000001,11,6,Home
RBD,SAR,6158,6.0,S6,12,0,0,0,2,6,0,1,3,12,0,1,1,1,0,0,2,25,6.0,0,-3.39527027027027,0.4431212330554398,0.5157999999999999,10,2,Away
RBD,SAS,6047,6.0,S6,4,0,0,0,3,2,0,1,4,3,1,5,1,3,0,1,3,19,6.0,0,-3.39527027027027,0.42240239184975725,0.5297000000000001,8,5,Away
RBD,SGP,6030,6.0,S6,3,3,0,1,3,5,0,0,3,11,0,1,2,1,0,0,7,29,6.0,6,2.60472972972973,-0.14030369398001408,-0.22879999999999995,9,4,Home
RBD,WWC,6145,6.0,S6,11,4,0,1,3,4,0,1,3,10,3,1,1,0,0,0,8,30,6.0,5,1.6047297297297298,-0.036159925738877566,-0.29650000000000004,14,5,Home
RKT,CHI,5002,5.0,S5,1,0,0,0,3,0,0,0,3,7,2,1,4,1,0,0,3,20,6.0,0,-4.023866348448688,0.48240763093720956,0.4599000000000001,12,5,Home
RKT,CHI,5134,5.0,S5,12,1,0,1,3,1,0,0,6,1,1,2,5,2,0,1,5,21,6.0,2,-2.0238663484486876,0.29040973054644365,0.21270000000000006,9,6,Away
RKT,GBC,5054,5.0,S5,5,5,0,1,4,5,1,0,4,5,1,2,2,0,0,0,10,29,4.666666666666667,10,6.828939796549752,-0.566863535321081,-0.35129999999999995,8,4,Away
RKT,GTY,5042,5.0,S5,4,0,0,2,2,4,2,0,4,5,1,3,2,1,2,2,4,23,6.0,2,-2.0238663484486876,0.3104149795695288,0.1824999999999999,13,5,Away
RKT,ISO,5090,5.0,S5,8,0,1,3,7,6,0,1,4,6,2,1,1,0,5,1,11,31,5.0,8,4.6467780429594265,-0.31663896152511234,-0.4428000000000001,10,3,Away
RKT,KRB,5025,5.0,S5,3,2,0,2,2,2,0,0,5,3,4,3,2,1,0,0,6,25,6.0,4,-0.023866348448687513,0.10241287996029472,-0.25529999999999997,10,7,Home
RKT,KRB,5158,5.0,S5,14,1,0,1,0,3,0,0,6,5,4,2,0,1,0,0,2,22,6.0,1,-3.0238663484486876,0.3904097305464436,0.364,6,0,Away
RKT,PPP,5074,5.0,S5,7,6,0,0,1,0,0,0,1,7,5,1,3,0,0,1,7,24,6.0,6,1.9761336515513124,-0.09758712003970527,-0.3226999999999999,11,8,Home
RKT,SPR,5124,5.0,S5,11,0,0,1,2,2,0,1,9,5,1,2,1,0,0,0,3,23,6.0,2,-2.0238663484486876,0.29441078035106066,0.4917000000000001,6,4,Away
RKT,TSA,5098,5.0,S5,9,0,0,0,2,1,0,0,2,6,1,6,1,2,0,0,2,19,6.0,0,-4.023866348448688,0.4784065811325925,0.27319999999999994,12,6,Home
RKT,WSH,5013,5.0,S5,2,4,0,2,3,3,0,0,3,7,2,1,3,2,0,0,9,28,6.0,7,2.9761336515513124,-0.1855839706258542,0.0010999999999999916,12,7,Away
RKT,WSH,5145,5.0,S5,13,2,0,1,8,8,0,0,8,5,4,1,0,0,0,0,11,37,6.0,7,2.9761336515513124,-0.14957452238430086,-0.14329999999999996,8,1,Home
RKT,WWC,5110,5.0,S5,10,6,0,1,2,4,0,1,3,2,2,5,3,1,6,2,9,28,6.0,8,3.9761336515513124,-0.25757662199353487,-0.006656999999999994,14,8,Home
RKT,YUM,5062,5.0,S5,6,0,0,2,7,4,0,1,6,4,3,1,3,1,1,0,9,30,6.0,6,1.9761336515513124,-0.073580821212003,-0.5198,8,4,Home
ROY,ARA,11010,11.0,S11,2,2,0,0,2,0,0,0,2,11,1,2,2,0,0,0,4,22,6.0,3,-0.6009426551453263,0.14859284797716094,-0.14090000000000008,14,6,Away
ROY,DOG,11051,11.0,S11,9,1,0,1,2,1,0,0,7,5,1,3,0,1,1,1,4,21,6.0,1,-2.6009426551453263,0.3485928479771609,0.37750000000000006,7,4,Home
ROY,HOT,11022,11.0,S11,4,0,1,0,2,3,0,0,2,6,2,4,3,1,2,0,3,23,6.0,2,-1.6009426551453265,0.2606608364947921,0.4367,12,6,Away
ROY,IDR,11044,11.0,S11,8,1,0,1,1,4,0,0,2,8,1,3,3,1,1,0,3,24,6.0,2,-1.6009426551453263,0.26066083649479205,0.1341,14,7,Home
ROY,IDR,11073,11.0,S11,13,3,2,0,1,3,0,0,2,3,3,3,3,0,1,1,6,23,5.0,5,1.9992144540455614,-0.09935487442429676,-0.2491,11,6,Away
ROY,LAX,11038,11.0,S11,7,0,1,0,1,2,0,0,3,7,4,2,2,0,0,0,2,22,6.0,1,-2.6009426551453263,0.3485928479771609,0.47489999999999993,14,4,Away
ROY,LAX,11055,11.0,S11,10,5,0,1,2,1,0,0,3,6,1,2,5,1,0,0,8,26,6.0,5,1.399057344854674,-0.035316500665997626,-0.24880000000000008,12,8,Home
ROY,LOB,11033,11.0,S11,6,0,0,2,2,0,0,0,3,5,0,5,4,1,1,0,4,21,6.0,2,-1.6009426551453263,0.2485928479771609,0.17969999999999997,10,8,Home
ROY,OKT,11027,11.0,S11,5,2,4,1,0,4,0,0,0,6,6,1,5,0,0,0,7,29,6.0,4,0.399057344854674,0.07675148785163355,-0.03290000000000002,15,8,Away
ROY,OKT,11092,11.0,S11,16,4,0,0,0,0,0,0,5,5,2,5,1,0,0,0,4,22,6.0,4,0.3990573448546737,0.04859284797716089,-0.13380000000000006,11,6,Home
ROY,POS,11016,11.0,S11,3,0,0,0,6,5,0,0,3,6,4,8,1,1,4,1,6,33,8.0,3,-1.8012568735271017,0.3329868752427045,-0.08399999999999996,19,13,Home
ROY,POS,11064,11.0,S11,11,3,0,1,1,2,0,0,3,8,3,0,1,0,0,0,5,22,5.0,5,1.9992144540455616,-0.11142286294192785,-0.15429999999999996,9,1,Away
ROY,PRP,11081,11.0,S11,14,0,0,1,0,1,0,0,5,6,2,0,4,1,0,0,1,19,6.0,0,-3.6009426551453263,0.4365248594595298,0.38339999999999996,6,4,Home
ROY,SHH,11072,11.0,S11,12,1,2,2,3,4,0,0,3,1,4,3,6,2,0,0,8,29,6.333333333333333,4,0.7718732086367592,0.03946990147342502,-0.4985,14,6,Away
ROY,WRM,11004,11.0,S11,1,1,4,1,2,0,0,0,5,5,0,3,4,1,1,0,8,25,6.0,6,2.3990573448546737,-0.13531650066599754,-0.3488,11,5,Home
ROY,WRM,11088,11.0,S11,15,2,0,0,3,1,0,0,7,5,2,1,3,1,1,0,5,24,6.333333333333333,3,-0.8626382258746754,0.18683039356772696,0.019600000000000006,11,4,Away
RRR,BAC,7006,7.0,S7,1,2,0,0,0,0,0,0,6,4,4,0,1,0,0,0,2,17,5.0,2,-0.7426312005751259,0.14545977881079097,-0.11470000000000002,5,1,Away
RRR,BAC,7095,7.0,S7,12,2,0,3,1,6,0,0,4,10,0,3,3,1,0,0,6,32,7.0,5,0.5446634548322371,0.07955089452294739,-0.3728000000000001,12,5,Home
RRR,BBB,7059,7.0,S7,8,0,0,1,3,1,0,0,4,7,3,2,1,1,0,0,4,22,6.0,1,-2.291157440690151,0.3212525965732577,0.17519999999999994,11,3,Away
RRR,BBC,7018,7.0,S7,3,2,0,3,6,5,0,0,5,9,3,0,1,0,2,1,11,34,6.333333333333333,9,4.852720326870152,-0.33031459892987985,-0.5124,13,4,Away
RRR,BBC,7105,7.0,S7,14,1,0,2,5,2,0,0,4,6,1,3,3,1,1,0,8,27,6.0,6,2.708842559309849,-0.15361917092558516,-0.3714,7,3,Home
RRR,KNX,7072,7.0,S7,9,2,1,2,3,2,0,0,3,3,2,7,1,2,0,0,8,26,6.0,7,3.708842559309849,-0.2619952484259709,-0.2924999999999999,12,5,Home
RRR,PBA,7077,7.0,S7,10,1,2,2,1,2,0,0,4,5,2,2,2,0,0,0,6,23,5.0,4,1.2573687994248743,-0.029411988688051956,-0.18929999999999997,8,6,Away
RRR,SCG,7044,7.0,S7,6,0,1,0,1,1,0,0,4,9,1,4,2,1,0,0,2,23,7.0,0,-4.455336545167763,0.5418585457712117,0.6938000000000001,10,7,Away
RRR,SSC,7031,7.0,S7,4,3,0,0,3,4,0,0,5,3,0,3,1,3,0,0,6,22,5.0,5,2.257368799424874,-0.13360002743824478,-0.29,6,3,Away
RRR,SSJ,7085,7.0,S7,11,2,0,3,4,0,0,0,3,4,3,5,1,2,0,0,9,25,6.0,5,1.708842559309849,-0.0661832871761637,-0.3348,10,5,Home
RRR,STK,7036,7.0,S7,5,0,3,1,2,0,0,0,6,6,1,1,3,1,1,0,6,23,6.0,1,-2.291157440690151,0.32962867407364344,0.5132,7,3,Home
RRR,TBL,7011,7.0,S7,2,1,1,2,3,0,0,0,7,7,0,0,3,1,0,0,7,24,6.0,4,0.7088425593098489,0.029628674073643425,0.0015000000000000083,9,3,Home
RRR,TBL,7101,7.0,S7,13,2,0,2,2,3,0,0,7,3,2,1,6,1,0,0,6,28,6.666666666666667,4,-0.3091571431744071,0.14818079932284037,-0.18299999999999994,12,8,Away
RRR,TRI,7052,7.0,S7,7,2,1,2,1,1,0,0,4,7,2,2,2,1,0,0,6,24,6.0,4,-0.2911574406901507,0.1296286740736434,-0.006500000000000044,11,5,Home
SAL,CCS,12004,12.0,S12,1,1,0,0,2,3,0,0,7,2,2,1,5,0,0,1,3,23,6.0,1,-2.67491926803014,0.36663353930619896,0.3218,9,6,Home
SAL,CCS,12031,12.0,S12,7,0,2,2,2,1,0,0,3,3,4,3,2,0,0,0,6,22,5.0,3,0.3958771921468516,0.051292092246567805,-0.28670000000000007,12,6,Away
SAL,DDD,12028,12.0,S12,6,1,1,3,5,2,0,0,4,3,2,5,2,2,0,0,10,28,6.0,6,2.3250807319698605,-0.11684285860993679,-0.32630000000000003,10,6,Home
SAL,KEG,12058,12.0,S12,12,2,0,2,3,1,0,0,5,5,1,4,1,2,1,0,7,24,6.0,3,-0.6749192680301395,0.17076443982716502,-0.037300000000000014,9,5,Home
SAL,MMN,12023,12.0,S12,5,0,1,2,0,1,0,0,2,4,4,2,6,0,0,0,3,22,6.0,1,-2.6749192680301395,0.35837173826426694,0.15910000000000002,12,8,Away
SAL,MMN,12043,12.0,S12,9,1,2,1,2,4,0,0,6,4,2,1,5,0,0,0,6,28,6.0,5,1.32508073196986,-0.016842858609936867,-0.4408,11,6,Home
SAL,PQD,12047,12.0,S12,10,1,0,3,3,1,1,0,9,4,1,4,7,0,0,0,7,34,8.666666666666666,4,-1.605934719189855,0.301044089631831,0.05069999999999997,15,11,Away
SAL,SCR,12008,12.0,S12,2,2,0,1,4,1,0,0,6,6,0,2,3,1,0,0,7,25,6.0,2,-1.6749192680301397,0.270764439827165,0.19179999999999997,7,4,Away
SAL,SCR,12054,12.0,S12,11,1,1,2,0,2,0,0,5,4,3,3,3,0,0,0,4,24,6.0,2,-1.6749192680301397,0.266633539306199,0.21419999999999995,10,3,Home
SAL,SDV,12014,12.0,S12,3,1,0,1,1,3,0,0,3,5,3,1,3,0,0,0,3,21,5.0,3,-0.06243272335844974,0.09299218327613187,-0.1655,10,4,Away
SAL,SEF,12038,12.0,S12,8,1,2,3,1,0,0,0,8,5,1,1,3,0,0,0,7,25,6.0,3,-0.6749192680301397,0.17076443982716505,-0.10490000000000001,9,4,Home
SAL,SEF,12065,12.0,S12,13,1,0,2,1,1,0,0,2,5,3,4,3,1,0,0,4,22,6.0,3,-0.6749192680301396,0.1583717382642669,0.17420000000000002,13,5,Away
SAL,WWC,12019,12.0,S12,4,0,0,0,2,1,0,0,10,2,3,0,3,0,0,0,2,21,6.0,0,-3.6749192680301395,0.4542408377433009,0.6252000000000001,8,3,Home
SAL,WWC,12070,12.0,S12,14,2,1,2,2,1,0,0,5,1,2,3,4,0,0,0,7,23,5.0,5,1.9375672766415504,-0.09874601568193606,-0.23970000000000005,10,5,Away
SAR,AAL,6174,6.0,S6,13,0,0,1,6,0,0,0,2,8,5,1,1,0,0,1,7,24,6.0,0,-3.39527027027027,0.4431212330554398,0.31339999999999996,10,3,Away
SAR,BAC,6183,6.0,S6,14,0,0,0,6,4,0,0,4,3,7,4,2,1,1,0,6,30,7.0,3,-1.4486036036036036,0.2733171758355923,0.43010000000000004,13,5,Home
SAR,CBC,6044,6.0,S6,4,0,2,8,11,3,0,0,4,7,1,4,1,0,0,1,21,41,6.0,15,11.60472972972973,-0.9864347068452395,-0.8450999999999996,11,3,Home
SAR,CWJ,6091,6.0,S6,7,0,0,2,7,1,0,0,3,1,4,3,2,2,0,0,9,23,5.0,2,-0.8293918918918921,0.17824585873532897,-0.0463,9,3,Away
SAR,DAD,5107,5.0,S5,9,2,0,3,2,5,0,0,1,12,1,2,1,1,0,0,7,29,6.0,5,0.9761336515513122,0.018417079178762848,-0.23415299999999983,6,4,Away
SAR,JEF,6116,6.0,S6,9,0,1,1,5,1,0,0,2,3,8,3,1,1,0,0,7,25,6.0,1,-2.39527027027027,0.34312123305543984,0.4842,13,5,Home
SAR,JUP,5047,5.0,S5,4,1,1,5,3,5,1,1,4,1,3,4,5,1,1,0,10,32,6.0,10,5.976133651551313,-0.46557872160276903,-0.22940000000000002,11,5,Home
SAR,KTY,5035,5.0,S5,3,5,0,1,2,6,0,1,2,8,0,3,1,0,0,1,8,28,5.0,11,7.6467780429594265,-0.6486473599620486,-0.3811999999999999,10,4,Away
SAR,KTY,5168,5.0,S5,14,1,0,1,0,5,0,0,4,12,2,0,0,0,0,0,2,25,6.0,1,-3.0238663484486876,0.40241287996029473,0.41159999999999997,9,0,Home
SAR,LID,6146,6.0,S6,11,0,0,2,2,1,0,0,3,2,5,3,2,0,0,0,4,20,5.0,0,-2.829391891891892,0.3658145540119194,0.4288,10,5,Home
SAR,LMN,5056,5.0,S5,5,1,0,1,0,0,0,0,3,8,2,3,2,0,0,0,2,20,6.0,1,-3.0238663484486876,0.38240763093720953,0.3655999999999999,14,6,Away
SAR,LMN,6007,6.0,S6,1,1,0,2,5,2,0,0,3,1,0,4,8,1,3,1,8,26,6.0,4,0.6047297297297294,0.0638400742611224,0.19590000000000005,13,8,Away
SAR,MBT,6109,6.0,S6,8,2,0,2,2,5,0,0,2,4,0,4,2,3,0,0,6,23,5.0,6,3.1706081081081083,-0.22175414126467108,-0.20240000000000005,7,4,Away
SAR,MPD,6077,6.0,S6,6,1,0,1,2,4,0,0,4,5,4,1,4,0,0,0,4,26,6.0,1,-2.39527027027027,0.3472650012965764,0.27990000000000004,11,6,Home
SAR,MVM,5024,5.0,S5,2,1,0,2,4,3,0,0,1,12,0,2,2,1,0,0,7,27,6.0,2,-2.0238663484486876,0.3104149795695288,0.2684000000000001,8,5,Home
SAR,MVM,5156,5.0,S5,13,3,1,0,1,4,0,0,1,9,1,3,1,0,1,0,5,24,5.0,6,2.6467780429594265,-0.16465155918051674,-0.16059999999999997,10,5,Away
SAR,NUL,5094,5.0,S5,8,1,0,0,3,5,0,0,0,13,2,1,1,1,0,0,4,26,6.0,1,-3.0238663484486876,0.4064139297649118,0.1695,12,5,Home
SAR,PHB,5130,5.0,S5,11,1,1,2,1,3,0,1,9,4,2,2,0,0,1,1,5,25,6.0,3,-1.0238663484486876,0.21041497956952881,-0.02420000000000002,7,2,Home
SAR,POR,5010,5.0,S5,1,1,0,3,7,0,0,0,3,3,1,5,6,0,0,0,11,29,6.0,6,1.9761336515513124,-0.08158292082123711,0.0406,11,6,Home
SAR,POR,5143,5.0,S5,12,3,1,2,2,0,0,0,1,10,1,2,1,0,0,0,8,23,5.0,7,3.646778042959427,-0.2726536587897508,-0.4495999999999999,10,5,Away
SAR,PUK,6062,6.0,S6,5,3,1,2,1,1,0,0,6,5,2,2,0,0,0,0,7,23,5.0,6,3.170608108108108,-0.22175414126467105,-0.33509999999999995,8,1,Away
SAR,RBD,6158,6.0,S6,12,1,0,0,3,2,0,0,1,4,3,4,4,2,0,0,4,22,6.0,2,-1.3952702702702706,0.2306899283320303,0.015799999999999998,9,8,Home
SAR,SAS,6033,6.0,S6,3,1,0,1,4,2,0,0,4,3,4,5,0,2,0,0,6,24,6.0,2,-1.3952702702702704,0.23897746481430335,0.18050000000000002,9,4,Home
SAR,SGP,6017,6.0,S6,2,2,0,1,2,1,0,0,5,2,1,5,4,1,0,0,5,23,6.0,2,-1.3952702702702704,0.23483369657316683,0.10040000000000002,11,5,Away
SAR,TAC,5070,5.0,S5,6,1,2,1,1,3,1,0,5,3,5,4,1,0,0,0,5,26,6.0,3,-1.0238663484486876,0.20641392976491177,0.01580000000000003,13,5,Away
SAR,TAI,5115,5.0,S5,10,3,0,0,0,1,0,0,4,9,1,2,2,0,0,0,3,22,6.0,4,-0.02386634844868779,0.09040973054644363,0.041976000000000006,10,3,Away
SAR,TRA,5083,5.0,S5,7,3,1,1,3,6,0,1,4,7,2,1,4,0,0,0,8,32,6.0,9,4.976133651551313,-0.36957977140738607,-0.36219999999999997,11,7,Home
SAR,WWC,6132,6.0,S6,10,1,0,2,7,1,0,0,3,4,5,1,2,1,0,0,10,26,5.333333333333333,5,1.7379330632248045,-0.06605533205293111,-0.1337999999999999,6,3,Away
SAS,AAL,6060,6.0,S6,5,0,1,2,1,0,0,0,0,4,3,1,7,0,0,0,4,19,5.0,2,-0.8293918918918919,0.16167078577078292,0.18939999999999999,15,7,Away
SAS,BAC,6071,6.0,S6,6,3,0,1,1,2,0,0,7,1,3,4,2,1,0,0,5,24,6.0,4,0.6047297297297298,0.038977464814303336,-0.2543,9,6,Home
SAS,CBC,6142,6.0,S6,11,0,0,0,0,2,0,0,3,8,2,3,2,0,0,0,0,20,6.0,0,-3.39527027027027,0.42240239184975725,0.7249,12,7,Away
SAS,CWJ,6187,6.0,S6,14,0,0,0,0,3,0,0,3,6,2,5,2,0,0,0,0,21,6.0,0,-3.39527027027027,0.4265461600908938,0.6193,13,8,Home
SAS,JEF,6004,6.0,S6,1,3,0,0,1,2,0,0,4,6,2,4,2,0,0,0,4,24,6.0,4,0.6047297297297296,0.03897746481430336,-0.13690000000000005,10,8,Home
SAS,LID,6131,6.0,S6,10,0,0,0,1,0,0,0,6,4,2,3,2,1,0,0,1,18,6.0,0,-3.39527027027027,0.4141148553674842,0.5206,11,6,Away
SAS,LMN,6090,6.0,S6,7,3,0,2,4,2,0,0,4,1,2,2,4,1,0,1,9,24,5.0,6,3.170608108108108,-0.213466604782398,-0.43979999999999975,10,7,Away
SAS,MPD,6175,6.0,S6,13,0,0,0,4,4,0,1,4,1,2,5,5,1,0,0,4,25,6.0,1,-2.39527027027027,0.34312123305543984,0.5625000000000001,13,10,Away
SAS,PUK,6160,6.0,S6,12,1,0,1,3,3,0,1,2,9,1,1,4,1,0,0,5,25,6.0,2,-1.3952702702702704,0.24312123305543987,0.029699999999999994,11,6,Home
SAS,RBD,6047,6.0,S6,4,2,0,1,5,4,0,0,4,5,1,4,2,2,0,0,8,28,6.0,2,-1.3952702702702704,0.2555525377788494,0.029700000000000032,9,5,Home
SAS,SAR,6033,6.0,S6,3,2,0,0,3,5,0,1,3,6,4,1,0,1,3,0,5,24,5.0,4,1.1706081081081081,-0.005179068300124996,-0.31950000000000006,11,1,Away
SAS,SGP,6115,6.0,S6,9,1,0,0,1,1,0,0,3,9,1,3,2,0,0,0,2,21,6.0,1,-2.39527027027027,0.32654616009089377,0.49090000000000006,12,4,Home
SAS,TTT,6105,6.0,S6,8,0,2,0,2,3,0,0,3,3,3,1,5,0,0,0,4,22,5.0,3,0.170608108108108,0.07410209049419246,-0.13299999999999998,12,7,Away
SAS,WWC,6019,6.0,S6,2,0,0,0,2,3,0,0,9,4,3,0,2,0,1,0,2,23,6.0,1,-2.39527027027027,0.33897746481430335,0.28859999999999997,8,2,Home
SAV,AKR,2003,2.0,S2,2,1,0,0,2,2,0,1,4,5,0,3,5,1,0,0,3,22,6.0,1,0.2727272727272728,0.08547727272727274,0.0,12,6,Home
SAV,HVR,2001,2.0,S2,1,1,0,0,3,3,0,2,2,2,0,3,5,3,0,0,4,19,5.0,2,1.393939393939394,-0.0420189393939394,0.0,8,5,Away
SBD,CC,8515,8.2,S8B,4,4,1,3,1,2,0,0,7,3,2,1,1,0,0,1,9,25,5.0,8,4.778606965174129,-0.36709245405474084,-0.32030000000000003,6,2,Away
SBD,ESP,8501,8.2,S8B,1,1,0,3,1,0,0,0,5,3,2,3,5,0,0,0,5,23,6.0,1,-2.8656716417910446,0.38455445558839135,0.5653000000000001,13,6,Away
SBD,ESP,8518,8.2,S8B,5,2,0,1,3,2,0,0,4,2,2,6,3,1,0,0,6,25,6.0,4,0.13432835820895517,0.09307508962398157,0.12459999999999999,12,7,Home
SBD,MOB,8510,8.2,S8B,3,2,2,0,2,1,0,0,5,4,0,1,3,1,0,1,6,20,5.0,3,-0.22139303482587078,0.11160596085628377,-0.11139999999999992,7,5,Away
SBD,MOB,8521,8.2,S8B,6,0,1,2,4,5,0,0,3,3,3,2,4,3,0,0,7,27,6.0,5,1.1343283582089554,0.001595723659571724,-0.08090000000000001,10,6,Home
SBD,QQ,8527,8.2,S8B,7,0,0,0,4,2,0,0,5,1,5,5,3,1,1,1,4,25,7.0,0,-5.112246984256799,0.626253257906147,0.8616999999999999,14,10,Home
SBD,SCU,8506,8.2,S8B,2,1,0,2,4,1,0,0,6,1,7,1,3,0,1,0,7,26,6.0,4,0.1343283582089554,0.10159572365957166,-0.24329999999999996,10,4,Home
SBD,SCU,8530,8.2,S8B,8,0,0,1,4,0,0,0,5,2,5,1,3,0,0,2,5,21,6.0,1,-2.865671641791045,0.3845544555883914,0.576,9,5,Away
SCB,BAY,3019,3.0,S3,5,4,1,3,7,2,0,0,5,4,1,3,2,0,1,0,15,32,5.0,12,7.398373983739838,-0.5683468530535709,0.0,10,6,Away
SCB,BAY,3048,3.0,S3,12,0,0,0,3,4,0,1,5,6,0,1,0,0,1,0,3,19,4.0,1,-2.6813008130081295,0.3720637451313662,0.0,6,1,Home
SCB,BER,3007,3.0,S3,2,1,0,0,1,0,0,0,5,6,0,1,0,0,0,0,2,14,4.0,1,-2.6813008130081295,0.3408836459822002,0.0,3,0,Away
SCB,BER,3034,3.0,S3,9,0,0,0,4,4,0,0,5,4,4,2,3,0,1,0,4,26,6.0,2,-3.3277242136413525,0.47308286753538215,0.0,11,6,Home
SCB,CCF,3002,3.0,S3,1,0,0,0,8,1,0,0,3,3,1,3,4,4,0,0,8,23,6.0,0,-5.521951219512195,0.6717188353563557,0.0,10,7,Home
SCB,CCF,3030,3.0,S3,8,2,0,1,1,1,0,0,6,8,3,1,0,0,0,0,4,23,6.0,3,-2.5219512195121943,0.37171883535635564,0.0,11,3,Away
SCB,CIN,3026,3.0,S3,7,3,2,3,1,0,0,0,7,5,1,1,1,0,0,0,9,24,5.0,7,2.3983739837398383,-0.11511700177731997,0.0,8,3,Away
SCB,CIN,3053,3.0,S3,14,3,1,2,4,4,1,0,3,4,1,4,0,0,1,0,10,26,4.0,10,6.3186991869918705,-0.4915594725279401,0.0,11,4,Home
SCB,FTP,3015,3.0,S3,4,2,1,3,3,1,0,0,2,8,1,3,4,0,0,0,9,28,6.0,8,2.4780487804878057,-0.10229774868600604,0.0,12,8,Home
SCB,FTP,3044,3.0,S3,11,1,0,0,2,1,0,1,3,3,0,0,2,1,0,0,3,12,3.0,1,-1.7609756097560971,0.23845775927394167,0.0,5,3,Away
SCB,LAN,3010,3.0,S3,3,1,0,3,3,1,0,0,4,5,0,3,4,2,0,0,7,24,6.0,2,-3.5219512195121943,0.47691551854788333,0.0,10,5,Away
SCB,LAN,3037,3.0,S3,10,1,1,1,0,2,0,0,3,2,0,2,1,1,0,0,3,13,3.0,2,-0.760975609756097,0.1436544424654693,0.0,5,2,Home
SCB,TZS,3024,3.0,S3,6,1,1,2,5,4,0,0,2,4,1,1,2,1,0,0,9,23,3.6666666666666665,5,2.032984901277585,-0.08377477672262218,0.0,6,5,Home
SCB,TZS,3052,3.0,S3,13,5,1,2,1,1,0,0,2,3,1,0,2,1,0,0,9,18,3.0,8,5.239024390243903,-0.43036214157689234,0.0,6,4,Away
SCG,BAC,7040,7.0,S7,5,0,0,4,3,2,0,1,4,4,6,1,2,1,1,0,7,26,6.0,2,-1.291157440690151,0.24219279032422197,0.2521,8,3,Away
SCG,BBC,7026,7.0,S7,4,4,0,1,0,2,0,0,3,6,1,6,2,0,0,0,5,25,6.0,4,0.7088425593098489,0.03381671282383627,0.07540000000000001,15,5,Home
SCG,CPR,7070,7.0,S7,9,0,1,1,2,1,0,0,2,9,0,3,4,0,0,0,4,23,6.0,2,-1.291157440690151,0.22544063532345054,0.2649,7,5,Home
SCG,FAP,7086,7.0,S7,11,0,0,1,1,0,0,0,6,1,2,4,4,1,0,0,2,19,6.0,0,-3.291157440690151,0.4086884803226791,0.16900000000000004,9,5,Home
SCG,MMA,7076,7.0,S7,10,2,1,0,1,4,0,0,5,6,0,3,4,0,0,0,4,26,6.0,6,2.708842559309849,-0.1619952484259709,0.14689999999999995,11,7,Away
SCG,RRR,7044,7.0,S7,6,1,0,1,2,3,0,0,6,6,3,4,2,0,0,0,4,28,7.0,3,-1.455336545167763,0.26279873952217603,0.1938000000000002,13,5,Home
SCG,SSC,7023,7.0,S7,3,0,0,0,3,1,0,0,7,2,2,4,1,2,0,0,3,20,6.0,0,-3.291157440690151,0.41287651907287204,0.44520000000000004,8,5,Home
SCG,SSC,7109,7.0,S7,14,0,0,2,7,2,0,0,4,6,2,2,3,1,0,0,9,28,6.0,4,0.7088425593098491,0.04638082907441479,-0.2168,9,3,Away
SCG,STK,7009,7.0,S7,2,1,0,3,4,3,0,0,6,2,1,3,3,0,0,0,8,26,5.0,4,1.2573687994248741,-0.01684787243747339,-0.041099999999999984,8,4,Home
SCG,STK,7099,7.0,S7,13,1,0,1,3,3,1,0,2,3,0,4,3,3,0,0,5,20,5.0,2,-0.7426312005751257,0.1580238950613695,0.02429999999999999,10,3,Away
SCG,TBL,7049,7.0,S7,7,1,0,1,2,1,0,0,4,5,1,4,3,1,0,0,4,22,6.0,1,-2.291157440690151,0.3212525965732577,0.3731999999999999,12,7,Away
SCG,TRI,7001,7.0,S7,1,0,1,2,4,3,0,1,5,4,1,2,2,1,0,0,7,24,5.0,4,1.2573687994248743,-0.025223949937859147,-0.16659999999999997,6,4,Away
SCG,TRI,7090,7.0,S7,12,1,0,2,3,3,0,0,4,8,2,2,4,1,0,0,6,29,7.0,3,-1.455336545167763,0.2669867782723689,0.24020000000000014,15,5,Home
SCG,WSW,7063,7.0,S7,8,1,0,5,1,4,0,0,1,6,1,4,3,2,0,0,7,26,5.666666666666667,4,1.0790348670021566,0.0009855208047983566,0.17639999999999997,11,3,Away
SCR,CCS,12011,12.0,S12,3,0,0,1,1,1,0,0,4,2,0,7,4,1,0,0,2,20,6.0,1,-2.6749192680301395,0.35010993722233485,0.3722,12,6,Away
SCR,CCS,12029,12.0,S12,6,2,1,2,3,2,0,0,4,6,1,3,3,1,1,0,8,27,6.0,5,1.3250807319698605,-0.01684285860993683,0.029899999999999996,9,5,Home
SCR,DDD,12056,12.0,S12,12,1,0,2,2,2,0,0,5,2,1,6,0,1,2,0,5,21,5.0,3,-0.06243272335844968,0.10125398431806397,-0.058199999999999974,7,3,Away
SCR,KEG,12024,12.0,S12,5,0,0,2,2,1,0,0,2,6,0,6,3,1,2,0,4,22,6.0,0,-3.6749192680301395,0.466633539306199,0.23700000000000004,11,7,Home
SCR,KEG,12067,12.0,S12,14,1,3,2,6,0,0,0,5,2,3,3,6,1,0,1,12,31,7.0,6,1.7125941872981705,-0.03907060205890364,-0.4798000000000002,13,8,Away
SCR,MMN,12017,12.0,S12,4,3,1,0,2,0,0,0,4,8,1,4,1,0,0,0,6,24,6.0,5,1.3250807319698603,-0.033366460693801,-0.16240000000000004,6,3,Away
SCR,MMN,12064,12.0,S12,13,3,0,4,4,4,0,1,4,9,3,0,1,0,1,1,11,32,6.0,11,7.3250807319698605,-0.5920574554841406,-0.28709999999999986,13,4,Home
SCR,PQD,12040,12.0,S12,8,1,0,0,7,3,0,0,5,4,2,2,4,0,3,1,8,28,6.0,3,-0.6749192680301397,0.19968074347392736,-0.2399,12,9,Home
SCR,SAL,12008,12.0,S12,2,3,1,1,1,1,0,0,5,2,5,3,3,0,2,0,6,25,6.0,6,2.3250807319698605,-0.12097375913090289,-0.3082,11,4,Home
SCR,SAL,12054,12.0,S12,11,2,2,1,3,0,0,0,1,4,4,3,2,1,1,0,8,22,5.0,6,2.9375672766415506,-0.19874601568193606,-0.2858,10,5,Away
SCR,SDV,12048,12.0,S12,10,1,1,2,5,4,0,0,8,3,3,2,2,0,0,0,9,31,6.0,5,1.3250807319698605,-0.004450157047038689,-0.09209999999999997,12,5,Home
SCR,SEF,12005,12.0,S12,1,0,0,3,1,3,0,0,8,6,1,2,1,0,1,0,4,25,6.0,3,-0.674919268030139,0.17489534034813103,-0.004500000000000039,11,4,Home
SCR,SEF,12044,12.0,S12,9,2,0,0,2,1,0,0,9,7,1,0,1,0,0,0,4,23,6.0,2,-1.6749192680301397,0.26250263878523294,0.2511,6,2,Away
SCR,SEF,12071,12.0,S12,15,3,0,2,2,5,0,0,3,7,1,4,1,1,2,1,7,28,6.0,7,3.32508073196986,-0.20445015704703867,-0.2824,12,6,Home
SCR,WWC,12035,12.0,S12,7,2,0,0,2,0,0,0,5,4,4,2,3,0,2,0,4,22,6.0,2,-1.6749192680301397,0.266633539306199,0.40370000000000006,15,9,Away
SCU,BIS,8003,8.1,S8A,1,0,0,3,3,2,0,0,4,2,7,2,2,1,0,0,6,25,6.0,1,-3.0599999999999996,0.4123214674891411,0.2329,11,6,Home
SCU,BLO,8048,8.1,S8A,8,2,0,1,3,1,0,0,4,5,2,2,3,2,0,0,6,23,6.0,3,-1.0599999999999996,0.20381575009000988,0.22549999999999995,11,6,Away
SCU,ESP,8509,8.2,S8B,3,0,0,0,3,0,0,0,4,4,4,0,4,2,0,0,3,19,6.0,0,-3.8656716417910446,0.46751318751721105,0.6287000000000001,8,4,Home
SCU,ESP,8522,8.2,S8B,6,1,0,0,2,2,0,0,4,7,1,2,4,0,0,0,3,23,6.0,1,-2.865671641791045,0.38455445558839135,0.19299999999999998,13,6,Away
SCU,GND,8030,8.1,S8A,5,0,0,1,2,2,0,0,5,3,6,3,0,1,0,0,3,22,6.0,0,-4.06,0.4995628913904442,0.7132999999999999,9,3,Away
SCU,LAC,8035,8.1,S8A,6,2,0,2,3,1,0,0,6,4,3,3,2,0,2,0,7,26,6.0,5,0.9400000000000002,0.02508004358783809,-0.23700000000000002,11,4,Home
SCU,MKW,8018,8.1,S8A,3,0,0,0,3,3,0,0,3,9,1,3,2,0,2,0,3,24,6.0,0,-4.06,0.5165743261887068,0.07349999999999998,12,8,Away
SCU,MMM,8024,8.1,S8A,4,3,0,0,3,5,0,0,6,5,1,3,3,0,0,0,6,29,6.0,6,1.9400000000000004,-0.07066709771259629,-0.12820000000000006,10,5,Away
SCU,MOB,8502,8.2,S8B,1,2,0,5,1,0,0,0,5,3,3,4,3,0,1,0,8,26,6.0,8,4.134328358208956,-0.2984042763404283,-0.45599999999999996,13,5,Home
SCU,MOB,8517,8.2,S8B,5,3,0,2,1,3,0,0,4,5,1,2,2,1,1,0,6,23,5.0,6,2.7786069651741294,-0.175613088090331,-0.36919999999999986,6,3,Away
SCU,NUT,8528,8.2,S8B,7,2,1,5,2,1,0,0,5,1,5,4,5,1,1,0,10,31,7.0,6,0.8877530157432014,0.047554842995122415,-0.21789999999999998,13,5,Away
SCU,NXS,8011,8.1,S8A,2,3,1,3,2,4,0,0,4,6,1,3,4,0,1,0,9,31,6.0,8,3.9400000000000004,-0.2579085216138993,-0.6743000000000001,10,6,Home
SCU,PPM,8042,8.1,S8A,7,0,1,3,6,4,0,0,6,5,2,1,2,0,2,2,10,30,6.0,4,-0.05999999999999994,0.150597195785232,-0.4294999999999998,9,3,Home
SCU,SBD,8506,8.2,S8B,2,0,0,0,4,4,0,0,11,4,0,0,2,0,0,1,4,25,6.0,2,-1.8656716417910448,0.29733540664177666,0.2567,7,3,Away
SCU,SBD,8530,8.2,S8B,8,1,1,1,2,1,0,0,4,6,4,1,3,0,0,0,5,24,6.0,2,-1.8656716417910448,0.2888147726061865,0.07600000000000003,12,3,Home
SCU,TXR,8516,8.2,S8B,4,0,0,1,2,4,0,0,5,2,2,4,4,1,0,0,3,24,6.0,1,-2.865671641791045,0.38881477260618647,0.42350000000000004,11,6,Home
SDV,CCS,12041,12.0,S12,9,3,1,1,5,7,0,0,6,8,4,3,2,1,1,0,10,40,8.0,9,4.10010764262648,-0.24064384290304022,-0.6900999999999999,15,5,Away
SDV,CCS,12069,12.0,S12,14,0,0,1,3,3,0,0,5,4,4,2,1,2,0,0,4,23,6.0,1,-2.6749192680301395,0.3625026387852329,0.13810000000000003,9,3,Home
SDV,DDD,12022,12.0,S12,5,0,0,3,1,2,0,0,9,3,3,1,1,1,0,0,4,23,6.0,1,-2.6749192680301395,0.3625026387852329,0.3228,5,4,Away
SDV,DDD,12063,12.0,S12,13,2,0,0,3,0,0,0,5,4,3,3,3,0,0,0,5,23,6.0,2,-1.6749192680301397,0.26250263878523294,0.024299999999999978,9,8,Home
SDV,KEG,12002,12.0,S12,1,0,0,3,2,2,0,0,4,5,2,5,2,0,3,0,5,25,6.0,1,-2.67491926803014,0.3831571413900632,0.47680000000000006,12,8,Away
SDV,KEG,12034,12.0,S12,7,1,0,1,1,4,0,0,2,7,0,5,3,1,1,0,3,24,6.0,1,-2.67491926803014,0.370764439827165,0.24459999999999998,13,7,Home
SDV,MMN,12057,12.0,S12,12,2,1,2,1,4,0,0,3,9,1,2,0,0,2,0,6,25,5.0,5,1.9375672766415506,-0.08222241359807186,-0.4541,8,2,Away
SDV,PQD,12027,12.0,S12,6,0,1,1,1,2,0,0,2,2,3,1,7,0,1,0,3,20,5.0,1,-2.06243272335845,0.29299218327613186,0.11930000000000003,12,8,Away
SDV,PQD,12055,12.0,S12,11,4,0,2,1,6,0,0,6,3,2,2,4,1,0,0,7,30,6.0,6,2.32508073196986,-0.10858105756800475,-0.18219999999999997,10,5,Home
SDV,SAL,12014,12.0,S12,3,0,1,1,4,3,0,0,7,3,0,2,2,3,1,1,6,23,6.0,1,-2.6749192680301395,0.36663353930619896,0.3345,7,4,Home
SDV,SCR,12048,12.0,S12,10,4,2,2,5,3,0,0,2,1,1,4,5,2,0,0,13,29,5.0,12,8.93756727664155,-0.7739606125561398,-0.5921000000000001,11,9,Away
SDV,SEF,12020,12.0,S12,4,0,0,1,3,5,0,0,6,2,1,2,4,1,2,2,4,24,6.0,1,-2.6749192680301395,0.3831571413900632,0.2903,12,9,Home
SDV,WWC,12010,12.0,S12,2,4,0,0,1,2,0,0,1,5,1,5,1,2,0,0,5,20,5.0,4,0.9375672766415503,-0.011138717244834201,-0.25919999999999993,10,5,Away
SDV,WWC,12039,12.0,S12,8,0,2,1,4,1,0,0,3,4,4,3,4,0,1,0,7,26,6.0,2,-1.6749192680301397,0.2790262408690971,0.3061999999999999,13,6,Home
SEF,CCS,12021,12.0,S12,5,3,1,0,4,1,0,0,2,4,2,3,3,0,1,1,8,23,5.0,8,4.93756727664155,-0.39048421464000393,-0.43579999999999997,11,5,Away
SEF,CCS,12049,12.0,S12,10,0,1,0,1,3,0,1,4,4,2,3,8,3,0,0,2,26,8.0,1,-3.8998923573735196,0.49739264928246907,0.6939,15,10,Home
SEF,DDD,12009,12.0,S12,2,2,0,4,2,3,0,0,3,3,5,3,4,0,0,0,8,29,6.0,4,0.3250807319698603,0.08728804191102921,-0.15420000000000006,11,5,Home
SEF,DDD,12066,12.0,S12,14,1,0,3,4,7,0,0,5,1,4,2,1,2,1,0,8,28,5.0,7,3.9375672766415506,-0.27396061255613985,-0.6478999999999999,8,2,Away
SEF,KEG,12052,12.0,S12,11,0,0,3,3,2,0,0,3,2,10,0,1,0,1,0,6,24,6.0,1,-2.6749192680301395,0.37076443982716506,0.36679999999999996,10,3,Away
SEF,MMN,12015,12.0,S12,3,1,0,2,3,1,0,0,7,4,4,2,0,1,0,0,6,24,6.0,2,-1.6749192680301395,0.266633539306199,0.10259999999999994,7,3,Home
SEF,MMN,12032,12.0,S12,7,0,0,2,2,4,0,0,1,5,4,2,5,0,0,0,4,26,6.0,1,-2.6749192680301395,0.3748953403481311,0.39699999999999996,15,7,Away
SEF,PQD,12059,12.0,S12,12,2,0,1,4,4,0,0,5,2,4,5,1,1,1,0,7,28,6.0,9,5.3250807319698605,-0.41271195808897077,-0.4596000000000001,10,7,Home
SEF,PQD,12073,12.0,S12,16,0,0,3,2,3,0,0,5,3,6,0,1,0,0,0,5,23,5.0,3,-0.06243272335844963,0.10125398431806393,0.17829999999999988,8,2,Away
SEF,SAL,12038,12.0,S12,8,0,0,2,5,0,0,0,3,3,9,2,0,1,0,0,7,24,6.0,1,-2.6749192680301395,0.36663353930619896,0.39509999999999995,10,3,Away
SEF,SAL,12065,12.0,S12,13,0,1,2,8,3,1,0,3,6,2,3,3,1,0,0,11,31,6.0,5,1.3250807319698603,-0.004450157047038689,-0.3258,10,4,Home
SEF,SCR,12005,12.0,S12,1,0,0,2,5,2,0,0,4,3,0,5,5,1,0,0,7,26,6.0,2,-1.6749192680301395,0.27489534034813107,0.4955,10,6,Away
SEF,SCR,12044,12.0,S12,9,0,1,1,6,2,0,0,3,4,1,6,3,1,0,0,8,27,6.0,3,-0.6749192680301399,0.17902624086909713,-0.2489,11,7,Home
SEF,SCR,12071,12.0,S12,15,2,0,1,2,0,0,0,3,6,5,2,2,0,0,0,5,23,6.0,2,-1.6749192680301397,0.26250263878523294,0.2176,8,6,Away
SEF,SDV,12020,12.0,S12,4,0,0,0,7,1,0,0,3,2,2,2,3,2,0,1,7,20,5.0,3,-0.06243272335844974,0.09299218327613185,-0.21139999999999998,10,5,Away
SEF,WWC,12030,12.0,S12,6,1,0,2,3,3,0,0,6,3,6,2,5,0,1,0,6,32,8.0,2,-2.8998923573735196,0.4263089529292314,0.10620000000000003,14,8,Home
SEO,ACK,10024,10.0,S10,5,5,0,3,2,5,0,0,4,5,5,2,2,0,3,0,10,33,6.0,9,4.867986798679868,-0.347105408601157,-0.3398,11,6,Home
SEO,ACK,10069,10.0,S10,14,2,1,2,1,3,0,1,8,8,1,2,4,0,1,0,6,32,7.666666666666667,4,-1.2901266517882821,0.25706483050675555,-0.2558,13,5,Away
SEO,BEE,10011,10.0,S10,3,1,1,1,3,2,0,0,7,3,5,2,1,0,0,0,6,26,6.0,3,-1.1320132013201323,0.21409090493583474,0.179,10,3,Home
SEO,BEE,10040,10.0,S10,8,0,0,2,2,2,0,0,5,2,2,3,4,2,0,0,4,22,6.0,1,-3.1320132013201323,0.3985694303506314,0.20999999999999996,10,4,Away
SEO,CRN,10044,10.0,S10,9,3,0,2,6,1,0,0,4,5,5,2,4,0,1,1,11,32,7.0,8,3.1793179317931792,-0.18599925920508972,-0.20420000000000008,13,5,Away
SEO,GOB,10019,10.0,S10,4,1,0,0,2,1,0,0,9,5,3,0,1,0,0,0,3,22,6.0,2,-2.1320132013201323,0.29856943035063144,0.2331,6,3,Away
SEO,GRS,10032,10.0,S10,7,1,0,1,4,3,0,0,5,4,4,2,1,2,2,0,6,25,6.0,3,-1.1320132013201323,0.21797127358213556,-0.11440000000000007,10,4,Home
SEO,GRS,10059,10.0,S10,12,1,0,0,5,6,0,0,5,4,6,1,3,2,0,0,6,31,7.0,3,-1.8206820682068208,0.30235963485600775,0.16890000000000005,12,8,Away
SEO,KIR,10028,10.0,S10,6,0,1,1,3,1,0,0,2,8,1,3,2,1,1,1,5,22,6.0,1,-3.1320132013201323,0.4063301676432331,0.201,10,6,Home
SEO,KIR,10055,10.0,S10,11,3,0,0,4,1,0,0,1,3,4,2,2,1,1,2,7,20,5.0,4,0.5566556655665564,0.03358291230826341,-0.26720000000000005,11,6,Away
SEO,KRK,10065,10.0,S10,13,4,1,3,2,1,0,0,2,7,3,5,1,0,1,0,10,29,6.0,7,2.8679867986798677,-0.17038762047896194,-0.43429999999999996,11,8,Home
SEO,SSS,10010,10.0,S10,2,4,0,1,7,0,0,0,3,5,3,3,3,1,0,0,12,29,6.0,6,1.8679867986798677,-0.07426798912526276,-0.5491999999999999,12,7,Away
SEO,SSS,10049,10.0,S10,10,1,0,6,4,4,0,0,5,6,1,4,2,0,2,0,11,33,6.0,9,4.867986798679868,-0.3509857772474578,-0.3975999999999999,12,5,Home
SEO,ZAH,10005,10.0,S10,1,2,0,2,9,1,0,0,4,4,3,4,4,0,1,2,13,33,7.0,6,1.179317931793179,0.02176147808751192,-0.18300000000000013,14,9,Home
SGP,AAL,6045,6.0,S6,4,0,0,1,6,1,0,0,5,2,1,5,4,1,1,0,7,25,6.0,1,-2.39527027027027,0.34726500129657634,0.28340000000000004,12,9,Home
SGP,BAC,6057,6.0,S6,5,0,0,0,3,1,0,0,1,1,9,5,1,1,0,0,3,21,6.0,0,-3.39527027027027,0.4265461600908938,0.16049999999999992,13,5,Away
SGP,CBC,6128,6.0,S6,10,3,0,2,1,3,0,0,6,5,1,2,7,0,1,0,6,30,7.0,5,0.5513963963963965,0.07331717583559226,-0.07310000000000003,12,8,Home
SGP,CWJ,6171,6.0,S6,13,0,0,0,2,2,0,0,7,3,3,1,4,0,0,0,2,22,6.0,0,-3.39527027027027,0.4306899283320303,0.5184,10,4,Away
SGP,HEL,6101,6.0,S6,8,1,1,0,2,3,0,0,2,5,2,0,4,0,0,2,4,20,5.0,1,-1.829391891891892,0.2741020904941925,0.2751,11,4,Home
SGP,JEF,6185,6.0,S6,14,2,0,1,6,4,0,0,4,3,2,3,4,2,4,0,9,29,6.0,4,0.6047297297297298,0.07212761074339544,-0.13009999999999997,9,7,Home
SGP,LID,6086,6.0,S6,7,2,0,4,6,3,0,0,0,4,0,4,3,1,2,0,12,26,4.0,7,5.462643506338196,-0.4302388398819973,-0.6112,9,3,Away
SGP,LMN,6073,6.0,S6,6,2,0,2,5,2,1,0,5,3,4,2,2,2,2,0,9,27,6.0,4,0.6047297297297297,0.05969630601998589,-0.14750000000000002,8,5,Home
SGP,MPD,6157,6.0,S6,12,1,0,2,4,0,0,0,13,2,1,2,0,0,0,0,7,25,6.0,1,-2.3952702702702706,0.34312123305543984,0.21329999999999993,5,3,Home
SGP,PUK,6143,6.0,S6,11,1,0,0,1,0,0,0,3,6,2,2,2,1,0,0,2,17,5.333333333333333,1,-2.028277870704581,0.2732718471697788,0.08310000000000001,8,4,Away
SGP,RBD,6030,6.0,S6,3,0,1,0,0,3,0,0,4,3,1,8,2,0,0,0,1,22,6.0,0,-3.39527027027027,0.4306899283320303,0.27119999999999994,11,6,Away
SGP,SAR,6017,6.0,S6,2,1,0,1,2,1,0,0,6,5,1,4,2,0,0,0,4,23,6.0,2,-1.3952702702702704,0.2348336965731668,0.10090000000000002,9,4,Home
SGP,SAS,6115,6.0,S6,9,2,0,0,0,2,0,0,8,0,2,2,2,0,0,1,2,18,5.0,2,-0.8293918918918921,0.16167078577078292,-0.0091,7,5,Away
SGP,WWC,6003,6.0,S6,1,1,0,0,1,0,0,0,3,4,0,4,6,1,0,0,2,19,6.0,1,-2.39527027027027,0.3182586236086207,0.5184000000000001,13,8,Away
SHH,ARA,11017,11.0,S11,3,0,1,3,5,2,1,0,6,5,5,0,2,0,0,0,9,29,6.0,7,3.3990573448546737,-0.22324851214836644,-0.7125,11,2,Home
SHH,ARA,11053,11.0,S11,9,1,0,1,4,0,0,0,1,4,1,6,4,1,0,1,6,22,6.0,2,-1.6009426551453263,0.2526155108163713,0.43729999999999997,13,5,Away
SHH,DOG,11042,11.0,S11,7,2,1,0,4,3,0,0,2,8,2,1,2,1,0,2,7,25,6.0,6,2.3990573448546733,-0.1312938378267872,-0.30390000000000006,14,5,Home
SHH,DOG,11066,11.0,S11,11,1,1,0,2,2,0,0,2,10,1,1,2,0,0,2,4,22,6.0,1,-2.6009426551453263,0.35663817365558165,0.2642999999999999,12,6,Away
SHH,HOT,11011,11.0,S11,2,0,1,2,1,0,0,0,6,2,2,3,1,0,1,0,4,20,6.0,0,-3.6009426551453263,0.44457018513795055,0.7329,9,6,Away
SHH,HOT,11096,11.0,S11,16,2,0,1,2,2,0,0,3,9,0,4,2,0,1,0,5,25,6.0,5,1.3990573448546737,-0.035316500665997626,-0.10170000000000001,9,2,Home
SHH,IDR,11025,11.0,S11,5,2,0,3,5,0,0,0,5,4,4,2,0,1,0,1,10,25,5.666666666666667,5,1.7079376537349829,-0.06620453155402847,-0.4352999999999999,9,5,Away
SHH,LAX,11031,11.0,S11,6,3,0,4,2,4,0,0,1,4,2,4,1,2,0,0,9,26,5.0,9,5.999214454045561,-0.49533221158508633,-0.5658999999999997,10,3,Away
SHH,LOB,11048,11.0,S11,8,2,1,0,1,4,0,0,2,10,2,0,3,1,0,0,4,25,6.0,3,-0.6009426551453263,0.16066083649479204,-0.005599999999999972,11,5,Away
SHH,LOB,11090,11.0,S11,15,0,1,2,3,1,0,0,3,4,2,3,4,1,0,1,6,23,6.0,2,-1.6009426551453265,0.25663817365558167,0.37989999999999996,13,7,Home
SHH,OKT,11002,11.0,S11,1,1,1,1,0,0,0,0,6,8,2,2,0,0,0,0,3,21,6.0,1,-2.6009426551453263,0.3445701851379505,0.2308999999999999,9,3,Away
SHH,POS,11060,11.0,S11,10,0,0,1,3,1,0,0,5,4,4,2,3,0,1,0,4,23,6.0,1,-2.6009426551453263,0.35663817365558165,0.26019999999999993,13,8,Home
SHH,PRP,11024,11.0,S11,4,0,0,1,2,2,0,0,8,4,2,1,0,1,2,0,3,21,6.0,0,-3.6009426551453263,0.45261551081637125,0.3775,6,2,Home
SHH,PRP,11078,11.0,S11,13,1,2,1,0,1,0,0,3,12,1,1,0,0,0,0,4,22,5.666666666666667,2,-1.439122174740775,0.23241079993670577,0.08310000000000001,6,2,Away
SHH,ROY,11072,11.0,S11,12,0,0,5,5,1,0,0,5,4,3,1,6,2,1,0,10,30,7.0,3,-1.2010997643362138,0.24481252444914306,0.0014999999999999528,9,6,Home
SHH,WRM,11084,11.0,S11,14,3,1,1,4,3,0,0,3,7,0,4,2,1,1,1,9,28,6.0,5,1.3990573448546737,-0.01922584930915612,-0.1381,9,4,Home
SLT,BBB,6139,6.0,S6,10,0,0,2,3,2,0,0,2,3,4,3,2,0,0,0,5,21,4.666666666666667,4,1.3787035936882426,-0.050851226304957496,-0.286,8,5,Away
SLT,CIM,6176,6.0,S6,13,3,0,1,4,1,0,0,3,4,6,2,1,1,0,1,8,25,6.0,3,-0.3952702702702704,0.14726500129657638,-0.037299999999999986,11,7,Home
SLT,CWJ,6108,6.0,S6,8,0,0,3,0,1,0,0,5,3,5,3,1,1,0,0,3,21,6.0,0,-3.39527027027027,0.4265461600908938,0.5410999999999999,8,5,Away
SLT,FRG,6195,6.0,S6,14,1,0,0,1,1,0,0,5,2,5,2,3,1,0,0,2,20,6.0,1,-2.3952702702702706,0.3224023918497573,0.2324,11,5,Away
SLT,HEL,6054,6.0,S6,4,0,0,3,3,4,0,0,3,3,3,3,3,0,1,0,6,25,5.0,3,0.17060810810810823,0.09067716345873851,-0.10620000000000003,11,4,Away
SLT,LIM,6097,6.0,S6,7,0,0,2,2,2,0,0,2,5,4,4,2,1,0,0,4,23,6.0,1,-2.39527027027027,0.3348336965731668,0.31930000000000003,10,5,Home
SLT,MBT,6126,6.0,S6,9,1,0,1,2,2,0,1,5,2,4,2,2,0,0,0,4,21,5.0,2,-0.8293918918918919,0.16995832225305596,0.22329999999999997,6,4,Home
SLT,MVS,6149,6.0,S6,11,1,0,0,2,6,0,0,2,3,4,5,2,2,0,0,3,25,6.0,3,-0.3952702702702703,0.14312123305543986,-0.17060000000000006,8,4,Home
SLT,PBA,6011,6.0,S6,1,1,0,0,2,0,0,0,2,6,7,2,1,0,0,0,3,21,6.0,2,-1.3952702702702704,0.2265461600908938,0.20450000000000002,12,3,Home
SLT,PHB,6027,6.0,S6,2,2,0,2,4,1,0,0,5,7,1,0,2,0,3,0,8,24,5.0,4,1.1706081081081081,-0.005179068300124989,-0.4557,6,4,Away
SLT,POR,6168,6.0,S6,12,3,0,0,1,1,0,0,0,4,5,1,0,1,0,1,4,15,4.0,3,0.7364864864864864,-0.007348356790464451,-0.15729999999999997,7,3,Away
SLT,SUP,6084,6.0,S6,6,1,0,0,4,1,0,0,3,2,6,1,5,1,1,0,5,23,6.0,2,-1.3952702702702702,0.23897746481430332,0.31379999999999997,10,6,Away
SLT,TAK,6066,6.0,S6,5,0,1,0,5,3,0,0,4,4,6,0,3,1,0,0,6,26,6.0,3,-0.3952702702702705,0.14726500129657635,-0.01229999999999997,9,5,Home
SLT,TTT,6039,6.0,S6,3,1,0,0,3,1,0,0,1,7,6,1,1,1,1,1,4,21,6.0,1,-2.39527027027027,0.3348336965731668,0.35869999999999996,11,6,Home
SPR,CHI,5050,5.0,S5,5,1,0,1,2,2,0,0,5,4,2,4,1,2,1,0,4,22,6.0,1,-3.0238663484486876,0.39441078035106064,0.5043000000000001,11,5,Away
SPR,GBC,5005,5.0,S5,1,0,1,1,2,1,0,0,2,3,2,8,3,0,1,0,4,23,6.0,2,-2.0238663484486876,0.2984118301556777,0.4191999999999999,13,6,Home
SPR,GBC,5137,5.0,S5,12,0,0,2,3,2,0,0,4,4,1,3,5,0,0,1,5,24,6.0,2,-2.0238663484486876,0.30241287996029476,0.5075999999999999,11,7,Away
SPR,GTY,5029,5.0,S5,3,2,0,0,4,4,0,0,3,1,3,4,4,0,4,0,6,25,5.0,7,3.646778042959427,-0.2486473599620486,-0.25849999999999995,10,5,Away
SPR,GTY,5162,5.0,S5,14,1,0,2,5,3,0,1,4,2,1,5,4,1,0,1,8,27,6.0,4,-0.023866348448687624,0.11441602937414586,-0.0061999999999999625,9,4,Home
SPR,ISO,5018,5.0,S5,2,0,0,1,1,1,0,0,7,4,0,4,3,0,0,0,2,21,6.0,0,-4.023866348448688,0.4864086807418266,0.6176,10,3,Home
SPR,ISO,5150,5.0,S5,13,0,0,2,1,3,0,0,3,10,1,0,1,0,0,0,3,21,5.0,4,0.646778042959427,0.01934424160101511,-0.30479999999999996,6,2,Away
SPR,KRB,5077,5.0,S5,7,0,0,1,1,3,0,0,3,2,3,2,5,3,0,0,2,20,6.0,0,-4.023866348448688,0.4824076309372095,0.3759,7,5,Home
SPR,PPP,5101,5.0,S5,9,2,1,1,0,3,0,0,4,6,2,3,2,0,0,1,4,24,6.0,2,-2.0238663484486876,0.3024128799602947,0.30599999999999994,11,6,Away
SPR,RKT,5124,5.0,S5,11,1,1,2,2,0,0,0,7,4,3,2,2,0,0,0,6,24,6.0,3,-1.0238663484486876,0.19841183015567768,-0.009000000000000008,7,3,Home
SPR,TSA,5064,5.0,S5,6,1,1,2,1,2,0,0,3,6,3,3,2,0,0,1,5,24,6.0,1,-3.0238663484486876,0.40241287996029473,0.12750000000000003,11,8,Away
SPR,WSH,5109,5.0,S5,10,2,0,0,1,1,0,0,2,3,1,3,5,1,0,0,3,18,5.0,3,-0.35322195704057296,0.107341092187164,-0.05637700000000001,11,7,Away
SPR,WWC,5088,5.0,S5,8,1,1,1,6,4,0,0,3,2,4,4,2,3,1,0,9,28,6.0,6,1.9761336515513124,-0.08158292082123708,-0.4807000000000001,12,6,Home
SPR,YUM,5041,5.0,S5,4,1,1,4,6,6,0,0,6,6,3,2,1,0,0,0,12,36,6.0,11,6.976133651551312,-0.5535755721889178,-0.3417,8,3,Home
SSC,BAC,7056,7.0,S7,7,0,0,0,1,1,0,0,6,6,2,1,2,1,1,0,1,19,6.0,0,-3.291157440690151,0.41287651907287204,0.2265,8,3,Away
SSC,BBC,7045,7.0,S7,6,1,0,1,2,3,0,0,7,5,3,2,0,1,1,0,4,24,6.0,3,-0.29115744069015087,0.13381671282383628,-0.3371999999999999,9,1,Home
SSC,CPR,7088,7.0,S7,11,0,0,5,2,3,0,0,4,5,2,3,0,1,0,0,7,24,5.0,2,-0.7426312005751257,0.17477605006214086,0.2589999999999999,8,3,Home
SSC,FAP,7071,7.0,S7,9,3,1,1,2,2,0,0,6,2,3,2,3,2,1,0,7,25,6.0,4,0.7088425593098491,0.038004751574029105,-0.13049999999999998,10,4,Home
SSC,MMA,7060,7.0,S7,8,2,0,0,4,1,0,0,4,6,1,3,0,1,0,0,6,21,5.0,4,1.2573687994248743,-0.03778806618843765,-0.2203,8,3,Away
SSC,RRR,7031,7.0,S7,4,0,0,2,4,1,0,0,3,3,3,5,3,1,0,0,6,24,6.0,1,-2.2911574406901507,0.3296286740736434,0.21,12,7,Home
SSC,SCG,7023,7.0,S7,3,3,0,0,3,4,0,0,1,6,2,3,1,2,0,0,6,23,5.0,4,1.2573687994248743,-0.029411988688051942,-0.0548,10,5,Away
SSC,SCG,7109,7.0,S7,14,1,2,0,8,1,0,0,5,2,1,3,1,3,1,3,11,24,6.0,4,0.7088425593098491,0.0463808290744148,-0.21629999999999996,9,3,Home
SSC,STK,7007,7.0,S7,1,3,0,0,1,4,0,0,4,4,0,2,4,1,0,0,4,22,5.0,4,1.2573687994248741,-0.03360002743824477,-0.29780000000000006,10,6,Away
SSC,STK,7092,7.0,S7,12,0,0,2,2,4,0,0,3,6,0,3,5,1,1,0,4,25,6.0,0,-3.291157440690151,0.43800475157402907,0.41480000000000006,12,5,Home
SSC,TBL,7039,7.0,S7,5,1,0,2,6,4,0,0,2,10,3,2,4,0,0,0,9,34,7.0,7,2.5446634548322367,-0.11207302797666693,-0.21959999999999996,11,4,Away
SSC,TRI,7013,7.0,S7,2,1,0,1,6,1,0,0,7,6,2,1,1,1,0,0,8,26,6.0,2,-1.291157440690151,0.23800475157402912,0.4379000000000001,7,3,Home
SSC,TRI,7102,7.0,S7,13,1,0,3,3,2,0,0,5,3,4,0,2,1,0,0,7,23,5.0,4,1.2573687994248743,-0.029411988688051935,0.054800000000000015,8,2,Away
SSC,WSW,7073,7.0,S7,10,1,0,1,1,0,0,0,1,6,0,2,6,0,0,0,3,18,5.0,2,-0.7426312005751259,0.14964781756098383,-0.019299999999999963,12,7,Away
SSJ,BAC,7075,7.0,S7,10,1,0,0,4,1,0,0,4,8,3,1,2,0,0,0,5,24,6.0,2,-1.291157440690151,0.2296286740736434,0.06839999999999996,13,5,Home
SSJ,BBB,7015,7.0,S7,2,2,1,0,0,2,0,0,5,4,2,3,3,1,0,0,3,22,6.0,2,-1.291157440690151,0.22125259657325771,0.23589999999999997,11,6,Away
SSJ,BBB,7100,7.0,S7,13,0,0,2,5,0,0,0,9,4,1,1,3,0,1,0,7,25,6.0,1,-2.291157440690151,0.3380047515740291,0.3389,7,4,Home
SSJ,BBC,7066,7.0,S7,9,2,1,2,4,2,0,0,1,6,1,3,4,0,0,0,9,26,5.0,6,3.257368799424874,-0.2168478724374734,-0.3195,9,5,Away
SSJ,CPR,7030,7.0,S7,4,1,0,2,2,3,0,0,8,2,0,5,2,1,0,0,5,25,6.0,2,-1.291157440690151,0.23381671282383626,0.30260000000000004,8,5,Away
SSJ,FAP,7047,7.0,S7,6,1,0,2,2,3,0,0,3,5,1,3,3,0,0,0,5,23,5.0,4,1.2573687994248743,-0.029411988688051963,-0.40030000000000004,7,4,Away
SSJ,KNX,7019,7.0,S7,3,3,1,2,4,2,0,0,3,4,4,4,4,2,0,0,10,31,7.0,4,-0.4553365451677629,0.1753628557727545,0.23800000000000004,12,8,Away
SSJ,KNX,7110,7.0,S7,14,0,0,0,1,2,0,0,3,4,0,7,3,1,0,0,1,20,6.0,0,-3.291157440690151,0.41287651907287204,0.4674,10,4,Home
SSJ,MMA,7038,7.0,S7,5,1,0,0,6,1,0,0,5,4,2,3,2,2,0,0,7,24,6.0,2,-1.291157440690151,0.2296286740736434,0.0464,8,5,Home
SSJ,PBA,7008,7.0,S7,1,1,0,5,4,5,0,1,6,6,1,1,3,1,1,0,10,32,6.0,7,3.7088425593098493,-0.232678977174621,-0.5256,8,5,Home
SSJ,PBA,7094,7.0,S7,12,0,1,2,3,2,0,0,5,8,0,0,4,1,0,0,6,25,6.0,2,-1.2911574406901507,0.23381671282383623,0.193,8,4,Away
SSJ,RRR,7085,7.0,S7,11,1,1,0,3,2,0,0,6,4,2,2,3,1,0,0,5,24,6.0,1,-2.291157440690151,0.32962867407364344,0.1652,10,5,Away
SSJ,TBL,7061,7.0,S7,8,2,0,3,1,1,0,0,2,5,9,1,1,0,0,0,6,25,6.0,5,1.7088425593098493,-0.06618328717616376,-0.26229999999999987,11,4,Home
SSJ,WSW,7051,7.0,S7,7,1,0,1,7,3,0,0,2,6,5,2,2,1,0,0,9,29,6.0,6,2.7088425593098493,-0.1494311321753923,-0.33670000000000005,11,4,Home
SSS,ACK,10015,10.0,S10,3,0,0,4,1,6,0,0,4,0,8,1,4,1,1,0,5,28,6.0,2,-2.1320132013201323,0.32573201087473724,0.07260000000000004,13,7,Away
SSS,ACK,10043,10.0,S10,9,2,0,4,6,2,0,0,6,2,1,1,5,1,0,0,12,30,6.0,5,0.8679867986798677,0.029612379521038023,-0.22459999999999997,9,7,Home
SSS,BEE,10004,10.0,S10,1,0,0,1,2,0,0,0,4,3,7,3,1,0,0,0,3,21,6.0,2,-2.1320132013201323,0.2946890617043306,0.28669999999999995,11,3,Away
SSS,BEE,10061,10.0,S10,13,0,0,1,2,1,0,0,5,5,4,3,0,1,0,0,3,21,6.0,1,-3.1320132013201323,0.3946890617043306,0.23289999999999994,12,6,Home
SSS,CRN,10034,10.0,S10,7,2,0,3,2,0,0,0,3,3,3,3,1,0,1,0,7,21,5.0,4,0.5566556655665564,0.02970254366196254,-0.22560000000000002,7,4,Away
SSS,GOB,10056,10.0,S10,12,5,1,3,4,2,0,0,5,3,4,2,3,1,2,0,13,32,6.0,10,5.867986798679867,-0.4548661458937586,-0.6209,9,4,Home
SSS,GRS,10021,10.0,S10,5,0,1,1,1,2,0,0,1,2,7,2,5,1,0,0,3,22,6.0,0,-4.132013201320133,0.49856943035063145,0.41480000000000006,13,7,Home
SSS,GRS,10070,10.0,S10,14,1,0,1,3,5,0,0,3,6,2,1,4,0,0,0,5,26,5.333333333333333,3,1.4394153701084398,-0.043051952207022445,-0.381,11,5,Away
SSS,KIR,10038,10.0,S10,8,2,1,1,4,0,0,0,5,3,6,1,1,0,0,2,8,24,6.0,4,-0.1320132013201321,0.11409090493583476,-0.21380000000000007,11,3,Home
SSS,KRK,10029,10.0,S10,6,1,1,3,1,1,0,0,1,3,6,4,0,0,1,1,6,21,5.0,3,-0.4433443344334436,0.1335829123082634,-0.10640000000000001,11,3,Away
SSS,KRK,10053,10.0,S10,11,2,1,0,2,2,0,0,1,4,3,1,7,1,1,1,5,23,6.0,4,-0.13201320132013233,0.11021053628953396,0.0030999999999999986,14,10,Home
SSS,SEO,10010,10.0,S10,2,4,0,2,4,0,0,0,6,6,1,2,3,0,1,0,10,28,6.0,9,4.867986798679868,-0.3742679891252628,-1.0492,11,6,Home
SSS,SEO,10049,10.0,S10,10,0,1,2,4,3,1,0,1,7,5,3,2,0,0,0,7,28,6.0,4,-0.13201320132013217,0.12185164222843642,0.10239999999999999,13,9,Away
SSS,ZAH,10020,10.0,S10,4,2,0,1,4,3,0,0,2,1,1,4,7,0,4,0,7,25,5.0,4,0.5566556655665562,0.056865124186068365,-0.3502,12,9,Away
STK,BAC,7025,7.0,S7,4,3,0,0,1,1,0,0,4,6,0,3,5,0,0,0,4,23,6.0,4,0.7088425593098491,0.025440635323450554,0.2946,10,7,Home
STK,BBC,7050,7.0,S7,7,1,0,2,8,3,0,0,4,3,3,5,2,1,3,0,11,31,6.0,4,0.7088425593098493,0.07150906157557185,0.24000000000000005,10,6,Away
STK,CPR,7079,7.0,S7,10,0,0,0,2,1,0,0,5,4,2,3,2,1,0,1,2,19,6.0,0,-3.291157440690151,0.41287651907287204,0.36839999999999995,8,6,Away
STK,FAP,7062,7.0,S7,8,1,0,1,2,2,0,0,6,3,5,2,1,0,1,0,4,23,5.666666666666667,2,-1.1449780386967954,0.21501073387430783,-0.3072999999999999,8,2,Away
STK,MMA,7083,7.0,S7,11,0,0,1,0,1,0,0,5,2,2,4,5,0,0,0,1,20,6.0,0,-3.291157440690151,0.412876519072872,0.3362,13,10,Home
STK,RRR,7036,7.0,S7,5,0,1,3,1,1,0,0,2,4,7,1,1,0,0,0,5,21,5.0,2,-0.7426312005751258,0.16221193381156235,0.013199999999999983,8,2,Away
STK,SCG,7009,7.0,S7,2,2,1,2,4,5,0,0,4,2,1,3,1,1,1,0,9,25,4.0,7,4.805895039539899,-0.37170049644897596,-0.5117999999999998,4,1,Away
STK,SCG,7099,7.0,S7,13,0,1,1,2,0,0,0,1,10,1,0,6,0,0,0,4,22,6.0,0,-3.291157440690151,0.4212525965732577,0.5243000000000001,10,7,Home
STK,SSC,7007,7.0,S7,1,0,2,1,4,1,0,0,9,1,1,4,2,1,0,0,7,25,6.0,2,-1.291157440690151,0.23381671282383626,0.20219999999999996,6,2,Home
STK,SSC,7092,7.0,S7,12,1,0,2,3,2,0,0,2,0,6,0,5,2,0,0,6,21,5.0,3,0.25736879942487434,0.062211933811562356,-0.08520000000000001,11,5,Away
STK,TBL,7042,7.0,S7,6,2,0,0,1,3,0,0,3,3,7,2,2,0,0,1,3,23,6.0,2,-1.291157440690151,0.22962867407364343,0.027200000000000005,11,8,Home
STK,TRI,7021,7.0,S7,3,0,0,1,2,4,0,0,6,3,0,3,5,1,0,0,3,24,6.0,0,-3.2911574406901507,0.4296286740736434,0.45130000000000003,9,5,Home
STK,TRI,7108,7.0,S7,14,1,0,2,4,1,0,0,5,3,4,0,4,1,0,1,7,24,6.0,4,0.7088425593098491,0.03381671282383626,0.2051,8,6,Away
STK,WSW,7069,7.0,S7,9,2,1,2,4,1,0,0,3,4,8,1,2,0,0,0,9,28,6.0,7,3.708842559309849,-0.2536191709255852,-0.3708,10,3,Home
SUP,BBB,6125,6.0,S6,9,0,0,2,3,2,0,0,3,6,2,3,1,2,1,1,5,22,6.0,1,-2.39527027027027,0.33897746481430335,0.3448,11,3,Home
SUP,CIM,6162,6.0,S6,12,3,0,1,1,1,0,0,2,13,2,1,0,0,0,0,5,24,6.0,5,1.6047297297297296,-0.061022535185696676,-0.0024999999999999467,8,3,Away
SUP,FRG,6181,6.0,S6,13,1,1,1,7,0,0,0,7,5,1,3,1,1,0,0,10,27,6.0,7,2.60472972972973,-0.14859123046228712,-0.41589999999999994,8,5,Home
SUP,HEL,6040,6.0,S6,3,0,2,3,2,1,0,0,5,4,2,5,1,1,0,0,7,25,6.0,4,0.6047297297297296,0.04312123305543984,-0.14090000000000003,11,6,Home
SUP,LIM,6070,6.0,S6,5,1,0,1,0,2,0,0,4,7,1,1,3,2,0,0,2,20,6.0,1,-2.39527027027027,0.3224023918497573,0.32499999999999996,8,4,Away
SUP,MBT,6098,6.0,S6,7,3,0,1,0,0,0,0,4,8,1,3,2,0,0,0,4,22,6.0,4,0.6047297297297296,0.030689928332030277,-0.17210000000000003,10,7,Away
SUP,MPD,6112,6.0,S6,8,2,0,2,2,3,0,0,8,5,1,1,2,1,0,1,6,26,6.333333333333333,4,-0.08161120403791422,0.12004286291447724,-0.38139999999999985,6,3,Away
SUP,MVS,6135,6.0,S6,10,0,0,2,1,3,0,0,5,6,0,1,3,0,0,0,3,21,5.0,1,-1.829391891891892,0.26995832225305594,0.12869999999999998,7,4,Away
SUP,PBA,6193,6.0,S6,14,2,1,2,0,1,0,0,7,3,4,3,1,0,0,0,5,24,6.0,4,0.6047297297297297,0.03897746481430334,0.005299999999999971,9,3,Home
SUP,PHB,6014,6.0,S6,1,4,1,1,4,3,0,0,4,6,2,3,1,1,0,1,10,29,6.0,8,4.60472972972973,-0.3361599257388776,-0.5199000000000001,10,4,Home
SUP,POR,6154,6.0,S6,11,0,0,5,5,2,0,0,7,6,1,1,3,0,0,0,10,30,6.0,3,-0.3952702702702702,0.1638400742611224,-0.11039999999999998,6,3,Home
SUP,SLT,6084,6.0,S6,6,1,0,1,3,6,0,1,6,4,2,5,0,1,0,0,5,28,6.0,4,0.6047297297297295,0.055552537778849345,-0.18619999999999995,8,7,Home
SUP,TAK,6052,6.0,S6,4,1,2,1,4,2,0,0,6,6,2,3,0,0,0,1,8,27,6.0,5,1.6047297297297294,-0.04444746222115063,-0.36380000000000007,8,4,Away
SUP,TTT,6025,6.0,S6,2,0,0,1,1,1,0,1,6,8,0,0,4,0,0,0,2,21,6.0,1,-2.3952702702702706,0.3265461600908938,0.20170000000000002,8,5,Away
TAC,DAD,5033,5.0,S5,3,3,0,1,0,4,0,0,5,8,0,4,1,0,0,0,4,26,6.0,4,-0.023866348448687513,0.10641392976491175,0.12789999999999996,11,5,Home
TAC,DAD,5166,5.0,S5,14,1,0,2,1,5,1,0,0,9,0,4,3,2,0,0,4,25,6.0,2,-2.0238663484486876,0.30241287996029476,0.4991,10,6,Away
TAC,JUP,5009,5.0,S5,1,0,2,1,4,4,0,0,4,3,4,3,3,1,0,0,7,28,6.0,4,-0.023866348448687846,0.1144160293741459,-0.009499999999999953,13,7,Away
TAC,JUP,5142,5.0,S5,12,1,0,0,1,3,0,0,5,7,1,4,0,1,0,0,2,22,6.0,2,-2.0238663484486876,0.2904097305464436,0.15709999999999996,8,2,Home
TAC,KTY,5131,5.0,S5,11,0,0,0,0,2,0,0,2,10,2,1,3,0,0,0,0,20,6.0,0,-4.023866348448688,0.4824076309372095,0.45200000000000007,9,5,Away
TAC,LMN,5118,5.0,S5,10,1,0,0,1,2,0,0,2,5,3,3,5,0,1,0,2,22,6.0,1,-3.0238663484486876,0.39441078035106064,-0.084726,12,6,Home
TAC,MVM,5084,5.0,S5,7,1,0,4,3,1,0,0,3,4,4,2,2,0,0,0,8,24,5.0,7,3.646778042959427,-0.26865260898513377,-0.6244999999999998,11,6,Away
TAC,NUL,5021,5.0,S5,2,1,0,1,2,4,0,1,4,2,1,4,2,1,0,0,4,21,4.666666666666667,4,0.828939796549752,0.0011280662419826115,-0.44720000000000004,8,4,Away
TAC,NUL,5153,5.0,S5,13,0,0,1,1,2,0,0,3,6,1,1,3,1,0,0,2,18,5.0,0,-3.353221957040573,0.407341092187164,0.36579999999999996,7,6,Home
TAC,PHB,5104,5.0,S5,9,0,0,1,0,7,0,0,3,8,2,1,3,1,0,0,1,25,6.0,0,-4.023866348448688,0.5024128799602947,0.4561,10,6,Away
TAC,POR,5046,5.0,S5,4,0,0,1,2,2,0,0,5,7,2,2,2,0,0,0,3,23,6.0,0,-4.023866348448688,0.4944107803510607,0.49510000000000004,11,5,Home
TAC,SAR,5070,5.0,S5,6,0,0,2,6,5,0,0,3,12,0,1,1,1,0,0,8,30,6.0,3,-1.0238663484486876,0.22241812898337995,0.017299999999999954,11,2,Home
TAC,TAI,5093,5.0,S5,8,1,0,1,1,4,0,0,1,3,0,5,6,3,0,0,3,22,6.0,1,-3.0238663484486876,0.3904097305464437,0.4017,11,6,Home
TAC,TRA,5055,5.0,S5,5,2,0,2,1,6,2,0,3,10,1,2,2,0,0,0,5,29,6.0,5,0.9761336515513119,0.018417079178762903,-0.07139999999999994,11,6,Away
TAI,DAD,5058,5.0,S5,5,2,0,1,0,3,0,0,3,11,0,2,1,1,0,0,3,23,6.0,3,-1.0238663484486878,0.19441078035106069,0.24009999999999998,12,4,Away
TAI,JUP,5103,5.0,S5,9,3,0,0,0,2,0,0,4,3,6,3,2,0,1,0,3,23,6.0,4,-0.023866348448687347,0.0984118301556777,-0.07839999999999998,10,5,Home
TAI,KTY,5079,5.0,S5,7,1,0,1,3,1,0,0,4,8,2,1,2,1,0,0,5,23,6.0,2,-2.0238663484486876,0.29441078035106066,0.31270000000000003,6,2,Home
TAI,LMN,5032,5.0,S5,3,1,2,2,1,5,1,0,3,5,2,1,4,3,0,0,6,26,6.0,4,-0.02386634844868768,0.10641392976491178,-0.08589999999999992,12,5,Away
TAI,LMN,5163,5.0,S5,14,1,1,1,4,5,1,0,6,3,2,2,0,1,1,1,7,25,5.0,7,3.646778042959427,-0.25664945957128277,-0.34570000000000006,8,3,Home
TAI,MVM,5067,5.0,S5,6,0,0,3,5,3,0,0,7,2,1,4,3,1,0,0,8,28,6.0,5,0.9761336515513124,0.014416029374145857,-0.26209999999999994,10,6,Home
TAI,NUL,5045,5.0,S5,4,1,0,1,3,2,0,0,3,5,0,3,3,1,0,0,5,21,5.0,4,0.6467780429594268,0.019344241601015156,-0.19929999999999992,8,6,Away
TAI,PHB,5019,5.0,S5,2,5,0,1,1,0,0,0,4,11,0,1,2,0,0,0,7,25,6.0,7,2.9761336515513124,-0.19758712003970527,-0.27309999999999995,7,3,Home
TAI,PHB,5151,5.0,S5,13,1,0,0,0,0,0,0,3,0,9,2,4,0,0,0,1,19,6.0,1,-3.0238663484486876,0.3784065811325925,0.4513000000000001,13,7,Away
TAI,POR,5129,5.0,S5,11,0,1,1,3,2,0,0,5,8,1,2,1,1,0,0,5,24,6.0,1,-3.0238663484486876,0.3984118301556777,0.291,9,5,Away
TAI,SAR,5115,5.0,S5,10,3,0,1,5,4,0,0,6,7,1,2,2,0,0,0,9,31,6.0,9,4.976133651551312,-0.37358082121200303,-0.131529,14,5,Home
TAI,TAC,5093,5.0,S5,8,1,0,0,4,3,0,0,3,7,1,0,3,1,0,0,5,22,5.0,2,-1.3532219570405732,0.2233452914056322,-0.09759999999999996,8,3,Away
TAI,TRA,5007,5.0,S5,1,1,0,1,0,4,0,0,3,8,2,3,1,1,0,0,2,23,6.0,1,-3.0238663484486876,0.3944107803510607,0.37070000000000003,12,7,Home
TAI,TRA,5139,5.0,S5,12,2,1,1,2,2,0,0,7,3,2,0,2,1,0,0,6,22,5.0,5,1.6467780429594268,-0.07665470859436779,-0.2694,5,2,Away
TAK,BBB,6094,6.0,S6,7,2,1,3,4,1,0,1,1,5,2,1,5,1,1,0,10,25,5.0,5,2.170608108108108,-0.1093228365412615,-0.49449999999999994,10,6,Away
TAK,CBC,6100,6.0,S6,8,1,0,0,1,1,0,0,5,4,2,3,1,0,0,0,2,18,5.0,2,-0.8293918918918921,0.15752701752964643,-0.011399999999999985,7,4,Away
TAK,CIM,6148,6.0,S6,11,1,0,3,2,2,0,0,6,1,5,3,2,1,0,0,6,25,6.0,6,2.6047297297297294,-0.15687876694456013,-0.6354000000000001,10,7,Home
TAK,FRG,6164,6.0,S6,12,0,0,2,5,4,0,2,5,4,1,2,3,0,2,0,7,26,5.0,3,0.170608108108108,0.09896469994101155,-0.19720000000000007,6,5,Home
TAK,HEL,6023,6.0,S6,2,1,1,0,1,0,0,0,5,2,1,3,4,0,0,0,3,18,5.0,1,-1.829391891891892,0.2575270175296464,0.1287,9,4,Away
TAK,LIM,6037,6.0,S6,3,0,0,2,3,2,1,0,6,3,2,1,1,1,0,1,5,20,5.0,3,0.17060810810810817,0.06995832225305595,-0.2514,9,3,Away
TAK,MBT,6080,6.0,S6,6,1,0,1,1,4,0,0,3,4,5,2,0,1,0,0,3,21,5.0,1,-1.8293918918918919,0.26995832225305594,0.3087000000000001,6,3,Home
TAK,MVS,6121,6.0,S6,9,0,2,1,1,5,0,1,4,6,5,0,2,1,0,0,4,26,6.0,4,0.6047297297297296,0.047265001296576334,-0.1487,10,4,Home
TAK,PBA,6178,6.0,S6,13,1,0,2,3,0,0,0,3,3,8,1,0,0,0,0,6,21,5.0,3,0.170608108108108,0.06995832225305597,-0.07420000000000002,9,3,Away
TAK,PHB,6192,6.0,S6,14,3,0,4,4,4,1,1,3,6,1,3,6,0,3,2,11,34,7.0,9,4.551396396396397,-0.29353267823531565,-0.8543000000000001,13,8,Home
TAK,POR,6136,6.0,S6,10,1,0,3,0,2,0,1,0,6,5,1,2,0,0,0,4,20,4.666666666666667,1,-0.22241399365927,0.10511676418865724,-0.07360000000000003,8,3,Away
TAK,SLT,6066,6.0,S6,5,1,1,1,2,5,0,0,1,5,4,2,3,0,0,0,5,25,5.0,5,2.170608108108108,-0.11346660478239798,-0.4937,9,5,Away
TAK,SUP,6052,6.0,S6,4,3,0,2,3,1,0,0,1,3,3,4,6,1,0,0,8,26,6.0,5,1.6047297297297294,-0.05273499870342362,-0.3633,14,7,Home
TAK,TTT,6010,6.0,S6,1,2,2,2,4,3,0,0,5,2,1,7,1,2,0,0,10,29,6.0,5,1.6047297297297298,-0.04030369398001412,-0.40689999999999993,9,4,Home
TBL,BAC,7020,7.0,S7,3,0,0,1,2,2,0,0,0,1,8,3,5,1,0,0,3,22,6.0,0,-3.291157440690151,0.4212525965732577,0.402,13,6,Away
TBL,BAC,7106,7.0,S7,14,1,1,3,3,5,1,0,4,8,3,1,2,0,3,0,8,31,6.0,6,2.7088425593098493,-0.12849093842442813,-0.2049,12,4,Home
TBL,BBB,7068,7.0,S7,9,0,0,0,3,0,0,0,5,3,0,4,4,2,0,0,3,19,6.0,0,-3.291157440690151,0.4086884803226792,0.3302999999999999,9,6,Home
TBL,BBC,7002,7.0,S7,1,3,0,1,6,3,1,0,3,10,2,2,3,0,1,1,10,33,7.0,8,3.5446634548322367,-0.20788498922647403,-0.5571,14,6,Home
TBL,BBC,7091,7.0,S7,12,3,0,0,3,1,0,0,3,5,3,4,2,0,1,1,6,24,6.0,3,-0.2911574406901509,0.13800475157402908,0.2393,11,3,Away
TBL,KNX,7078,7.0,S7,10,1,0,0,2,1,0,0,3,5,0,5,3,2,0,0,3,20,6.0,1,-2.291157440690151,0.312876519072872,0.4475,9,5,Away
TBL,PBA,7084,7.0,S7,11,1,0,1,0,3,0,0,4,4,1,4,4,1,0,0,2,22,6.0,2,-1.291157440690151,0.2212525965732577,0.0947,11,8,Home
TBL,RRR,7011,7.0,S7,2,2,0,4,4,1,0,0,3,3,1,5,1,2,0,0,10,24,5.0,6,3.2573687994248743,-0.22522394993785907,-0.49850000000000017,9,6,Away
TBL,RRR,7101,7.0,S7,13,0,1,0,2,3,0,0,5,3,4,3,3,2,1,1,3,24,7.0,2,-2.455336545167763,0.3544226620217903,0.31699999999999995,15,8,Home
TBL,SCG,7049,7.0,S7,7,0,0,3,1,2,0,0,5,5,4,1,3,0,0,0,4,24,6.0,1,-2.291157440690151,0.32962867407364344,0.3737,7,5,Home
TBL,SSC,7039,7.0,S7,5,2,1,4,3,7,1,0,4,6,2,4,3,1,0,0,10,37,7.0,9,4.5446634548322375,-0.2995089117260884,-0.7196,11,7,Home
TBL,SSJ,7061,7.0,S7,8,2,0,0,2,1,0,0,5,0,4,4,4,1,0,0,4,22,6.0,2,-1.291157440690151,0.22125259657325774,0.2377,11,8,Away
TBL,STK,7042,7.0,S7,6,1,1,0,1,3,0,0,2,3,1,6,3,2,0,1,3,21,6.0,1,-2.291157440690151,0.3212525965732577,0.5272000000000001,12,8,Away
TBL,TRI,7027,7.0,S7,4,1,0,0,6,5,0,0,3,4,1,4,2,3,0,1,7,26,6.0,3,-0.29115744069015115,0.14219279032422194,-0.013100000000000013,10,5,Away
TRA,DAD,5043,5.0,S5,4,1,1,3,2,4,0,0,3,5,1,3,4,2,0,0,7,27,6.0,5,0.9761336515513124,0.010414979569528825,-0.20279999999999995,9,4,Home
TRA,JUP,5091,5.0,S5,8,5,3,3,1,5,0,0,7,6,2,3,0,0,0,0,12,35,6.0,12,7.976133651551312,-0.6575766219935348,-0.24080000000000001,8,3,Home
TRA,KTY,5072,5.0,S5,6,1,1,3,1,5,0,0,3,1,3,4,4,0,0,0,6,26,5.0,4,0.646778042959427,0.0393494906241003,-0.0025999999999999704,10,6,Away
TRA,LMN,5020,5.0,S5,2,1,0,2,4,3,0,0,4,0,2,3,8,1,1,0,7,27,6.0,7,2.9761336515513124,-0.1855839706258542,-0.3242999999999999,14,10,Home
TRA,LMN,5152,5.0,S5,13,2,0,2,5,2,0,0,3,0,2,6,2,2,1,0,9,24,5.0,8,4.646778042959427,-0.3646515591805168,-0.4393,10,4,Away
TRA,MVM,5120,5.0,S5,10,0,0,2,2,0,0,0,1,1,1,5,6,1,1,0,4,18,5.0,2,-1.353221957040573,0.21134214199178103,0.020900000000000005,12,6,Away
TRA,NUL,5127,5.0,S5,11,1,0,4,0,3,0,0,6,2,1,4,4,1,0,0,5,25,6.0,3,-1.0238663484486874,0.20241287996029472,0.030300000000000035,8,3,Home
TRA,PHB,5031,5.0,S5,3,1,0,1,3,0,0,0,0,5,2,4,6,1,0,0,5,22,6.0,2,-2.0238663484486876,0.29040973054644365,0.3941,11,6,Away
TRA,PHB,5164,5.0,S5,14,0,0,0,4,1,0,0,2,2,1,7,3,2,1,1,4,20,6.0,1,-3.0238663484486876,0.3904097305464436,0.24229999999999996,11,3,Home
TRA,POR,5108,5.0,S5,9,0,0,2,2,1,0,0,4,4,0,3,3,1,0,0,4,19,5.0,2,-1.3532219570405732,0.21134214199178103,-0.12113099999999999,5,3,Away
TRA,SAR,5083,5.0,S5,7,0,2,0,2,1,0,0,1,5,1,5,5,1,0,0,4,22,6.0,2,-2.0238663484486876,0.29040973054644365,0.13849999999999998,12,7,Away
TRA,TAC,5055,5.0,S5,5,2,1,1,3,2,0,0,4,4,2,2,6,0,2,0,7,27,6.0,5,0.9761336515513126,0.01841707917876286,-0.06990000000000002,13,6,Home
TRA,TAI,5007,5.0,S5,1,0,2,2,2,1,0,0,5,1,2,3,3,1,1,0,6,21,5.0,4,0.646778042959427,0.023345291405632185,-0.1286,9,5,Away
TRA,TAI,5139,5.0,S5,12,2,1,0,2,1,0,0,5,4,1,4,3,0,0,1,5,23,6.0,4,-0.023866348448687513,0.09841183015567767,0.2299,8,3,Home
TRE,HVR,2002,2.0,S2,2,0,0,0,2,0,0,0,1,6,1,4,0,0,0,0,2,14,4.0,0,-0.606060606060606,0.13235606060606062,0.0,6,2,Away
TRI,BAC,7043,7.0,S7,6,3,0,4,4,6,0,0,2,5,4,2,2,3,0,0,11,32,6.0,9,5.708842559309849,-0.4368670159248138,-0.3077000000000001,11,4,Home
TRI,BBC,7035,7.0,S7,5,2,0,1,1,1,0,0,6,4,0,3,1,1,0,0,4,19,5.0,2,-0.7426312005751258,0.15383585631117666,-0.02849999999999996,5,4,Away
TRI,CPR,7064,7.0,S7,8,1,1,3,3,1,0,0,2,9,0,0,4,0,1,0,8,24,5.0,5,2.257368799424874,-0.12103591118766623,-0.45829999999999993,11,5,Away
TRI,FAP,7080,7.0,S7,10,1,1,4,3,2,1,0,6,6,1,2,2,1,0,0,9,28,6.0,6,2.0931896949472626,-0.09205388448932653,-0.3753999999999999,9,4,Away
TRI,MMA,7067,7.0,S7,9,2,0,2,4,2,1,0,4,9,5,2,4,0,0,0,8,34,8.0,5,-1.3249017625590676,0.2748834937624635,0.07790000000000001,18,10,Home
TRI,RRR,7052,7.0,S7,7,0,0,2,3,1,0,0,9,5,2,1,1,0,0,0,5,24,6.0,0,-3.2911574406901507,0.4296286740736434,0.49349999999999994,8,3,Away
TRI,SCG,7001,7.0,S7,1,1,0,0,4,3,0,0,5,8,3,2,0,0,0,0,5,26,6.0,2,-1.291157440690151,0.23800475157402906,0.33340000000000003,9,4,Home
TRI,SCG,7090,7.0,S7,12,3,0,2,4,2,0,0,7,7,2,0,2,0,0,0,9,29,6.0,6,2.093189694947262,-0.08786584573913367,-0.2598,8,3,Away
TRI,SSC,7013,7.0,S7,2,3,0,2,1,1,0,0,8,2,1,3,1,0,0,0,6,22,5.0,3,0.2573687994248743,0.0663999725617552,-0.062099999999999995,8,3,Away
TRI,SSC,7102,7.0,S7,13,0,2,4,5,4,1,0,2,3,4,3,1,2,0,0,11,28,5.0,8,5.257368799424874,-0.4084717949370877,-0.4316999999999999,10,3,Home
TRI,STK,7021,7.0,S7,3,2,0,0,2,2,0,0,3,3,0,5,2,2,0,0,4,19,5.0,2,-0.7426312005751259,0.15383585631117666,-0.04870000000000002,9,5,Away
TRI,STK,7108,7.0,S7,14,2,0,5,5,7,1,0,2,7,1,1,5,2,0,0,12,35,6.0,10,6.70884255930985,-0.5243028996742353,-0.2949000000000001,14,6,Home
TRI,TBL,7027,7.0,S7,4,7,1,1,3,3,0,0,5,6,0,1,5,1,2,0,12,32,6.0,11,7.708842559309849,-0.6284909384244282,-0.5143,11,6,Home
TRI,WSW,7082,7.0,S7,11,3,0,6,3,7,1,0,7,4,1,2,3,1,0,0,12,36,6.0,11,7.708842559309849,-0.6201148609240423,-0.41460000000000014,10,4,Home
TSA,CHI,5112,5.0,S5,10,3,1,1,1,1,0,0,3,8,0,3,3,1,1,0,6,24,6.0,4,-0.023866348448687402,0.10241287996029473,-0.077836,11,6,Home
TSA,GBC,5040,5.0,S5,4,2,1,1,2,0,0,0,2,10,2,2,1,0,1,1,6,23,6.0,3,-1.0238663484486876,0.2024128799602947,0.3026999999999999,12,5,Home
TSA,GTY,5125,5.0,S5,11,0,0,3,5,2,0,0,4,2,0,3,6,0,1,0,8,25,5.0,4,0.6467780429594272,0.039349490624100286,-0.23769999999999997,9,5,Away
TSA,ISO,5078,5.0,S5,7,2,0,1,1,1,0,0,4,3,6,1,2,0,0,0,4,21,5.333333333333333,3,0.5496630633160182,0.02905573956535598,-0.14350000000000002,8,4,Away
TSA,KRB,5049,5.0,S5,5,1,0,2,5,1,0,0,4,1,2,7,2,2,0,0,8,25,6.0,3,-1.0238663484486876,0.20241287996029475,0.0019000000000000059,11,7,Away
TSA,PPP,5027,5.0,S5,3,1,0,2,9,5,0,0,5,4,1,5,1,2,0,0,12,33,6.0,6,1.9761336515513124,-0.06557872160276894,-0.2383,8,6,Home
TSA,PPP,5160,5.0,S5,14,1,0,0,2,3,0,0,3,7,0,3,3,1,2,1,3,22,6.0,1,-3.0238663484486876,0.40241287996029473,0.19830000000000003,8,6,Away
TSA,RKT,5098,5.0,S5,9,2,1,1,1,5,0,1,4,4,0,3,1,0,0,2,5,23,5.0,6,2.646778042959427,-0.16465155918051674,-0.22609999999999994,7,2,Away
TSA,SPR,5064,5.0,S5,6,3,0,1,6,6,0,0,3,6,2,3,2,2,0,0,10,32,6.0,6,2.976133651551312,-0.1695797714073859,-0.37320000000000003,11,8,Home
TSA,WSH,5087,5.0,S5,8,0,1,0,1,3,0,0,5,4,1,2,5,1,0,0,2,22,6.0,1,-3.0238663484486876,0.3904097305464436,0.2435,8,5,Home
TSA,WWC,5015,5.0,S5,2,0,0,1,0,3,0,0,2,9,2,0,4,0,0,1,1,21,6.0,0,-4.023866348448688,0.4904097305464436,0.5726,11,6,Away
TSA,WWC,5147,5.0,S5,13,3,0,3,5,0,0,0,3,6,0,1,6,2,0,0,11,27,6.0,6,1.9761336515513126,-0.08958502043047115,-0.4337999999999999,13,7,Home
TSA,YUM,5004,5.0,S5,1,0,1,2,2,1,1,0,3,2,3,3,4,2,0,0,5,21,5.666666666666667,3,-0.45606973827919606,0.12962901972487745,-0.3499999999999999,10,6,Away
TSA,YUM,5136,5.0,S5,12,3,1,2,2,3,0,0,3,9,1,3,2,0,0,0,8,29,6.0,6,1.9761336515513124,-0.08158292082123714,-0.46,10,3,Home
TTT,BBB,6068,6.0,S6,5,1,0,1,0,3,0,2,5,9,0,1,1,0,1,2,2,21,6.0,1,-2.39527027027027,0.33897746481430335,0.5347000000000001,9,4,Away
TTT,CIM,6120,6.0,S6,9,1,0,0,4,2,0,0,5,3,1,2,2,2,0,0,5,20,5.0,2,-0.829391891891892,0.16581455401191947,0.012400000000000029,6,5,Away
TTT,FRG,6138,6.0,S6,10,1,0,2,2,3,0,0,4,4,7,1,1,1,0,0,5,25,6.0,3,-0.3952702702702703,0.14312123305543983,0.30329999999999996,10,4,Home
TTT,HEL,6194,6.0,S6,14,4,0,2,2,2,0,1,5,4,2,1,3,0,2,0,8,25,5.0,7,4.170608108108108,-0.305179068300125,-0.3219,6,3,Away
TTT,LIM,6179,6.0,S6,13,4,0,0,2,6,1,0,1,4,5,4,3,1,0,0,6,29,6.0,8,4.60472972972973,-0.3403036939800141,-0.6835,14,8,Home
TTT,MBT,6053,6.0,S6,4,0,0,1,4,2,0,0,7,1,0,3,3,4,0,0,5,21,6.0,1,-2.39527027027027,0.32654616009089377,0.2671,6,3,Home
TTT,MVS,6079,6.0,S6,6,0,0,0,0,1,0,0,3,4,5,1,5,0,0,0,0,19,6.0,0,-3.39527027027027,0.41825862360862076,0.5458999999999999,13,7,Away
TTT,PBA,6150,6.0,S6,11,2,0,4,1,2,0,0,4,0,2,3,4,2,0,0,7,22,5.0,6,3.1706081081081083,-0.22589790950580757,-0.27559999999999996,9,8,Away
TTT,PHB,6166,6.0,S6,12,0,0,2,3,0,0,0,6,1,3,3,5,0,0,0,5,23,6.0,3,-0.3952702702702704,0.13483369657316682,-0.002799999999999976,11,7,Home
TTT,POR,6096,6.0,S6,7,1,1,1,3,3,0,0,3,3,1,1,8,2,0,0,6,25,6.0,2,-1.3952702702702702,0.24312123305543984,0.09819999999999998,12,10,Home
TTT,SAS,6105,6.0,S6,8,0,0,1,0,3,0,1,4,2,8,1,3,0,0,0,1,22,6.0,0,-3.39527027027027,0.4306899283320303,0.36700000000000005,13,6,Home
TTT,SLT,6039,6.0,S6,3,0,0,1,0,2,0,0,8,7,2,0,1,0,0,0,1,21,6.0,1,-2.39527027027027,0.32654616009089377,0.3581999999999999,4,1,Away
TTT,SUP,6025,6.0,S6,2,3,0,0,4,5,0,0,2,3,3,7,3,0,0,0,7,30,6.0,6,2.60472972972973,-0.13615992573887756,-0.2983,13,6,Home
TTT,TAK,6010,6.0,S6,1,2,0,3,2,0,0,0,6,5,4,2,1,0,1,0,7,25,6.0,5,1.6047297297297296,-0.05273499870342367,-0.40740000000000015,8,5,Away
TXR,CC,8512,8.2,S8B,3,2,1,2,1,4,0,0,1,4,5,1,4,0,2,0,6,25,5.0,7,3.778606965174129,-0.26283213703694563,-0.5404,9,3,Away
TXR,CC,8520,8.2,S8B,5,2,0,2,4,1,0,0,5,4,4,3,4,0,2,1,8,29,7.0,4,-1.1122469842567981,0.24755484299512243,0.23189999999999994,13,11,Home
TXR,ESP,8526,8.2,S8B,7,1,0,2,2,0,0,0,7,2,2,4,3,0,0,0,5,23,6.0,2,-1.8656716417910448,0.2845544555883914,0.34550000000000003,10,5,Home
TXR,NUT,8503,8.2,S8B,1,3,1,3,1,2,0,0,1,2,3,5,5,2,0,0,8,26,6.0,5,1.1343283582089554,-0.002664593358223402,-0.3286,12,5,Home
TXR,NUT,8532,8.2,S8B,8,0,0,6,1,1,0,0,3,5,2,3,5,0,0,0,7,26,6.0,3,-0.865671641791045,0.1973354066417766,0.34540000000000004,13,7,Away
TXR,QQ,8508,8.2,S8B,2,0,0,5,8,2,0,0,1,2,0,2,6,3,0,1,13,26,5.0,5,2.380903700674709,-0.1230618105870037,-0.3964,9,8,Away
TXR,QQ,8523,8.2,S8B,6,2,1,4,3,6,0,0,6,3,3,0,5,1,0,0,10,33,6.0,9,5.134328358208955,-0.37284237423365785,-0.22050000000000006,8,5,Home
TXR,SCU,8516,8.2,S8B,4,2,0,0,0,2,0,0,3,4,2,1,3,0,0,2,2,17,5.0,2,-1.2213930348258708,0.20308532682069363,-0.07649999999999993,9,6,Away
TZS,BAY,3005,3.0,S3,2,0,1,1,4,2,0,0,4,10,0,2,1,1,1,0,6,25,6.0,3,-2.343379790940766,0.3694517420737958,0.0,11,3,Home
TZS,BAY,3036,3.0,S3,9,2,1,2,2,1,0,0,5,3,0,1,7,1,0,1,7,24,6.0,4,-1.5219512195121943,0.282112201739411,0.0,10,7,Away
TZS,BER,3012,3.0,S3,3,1,1,2,2,1,0,0,4,8,2,1,0,0,0,0,6,22,5.0,2,-2.6016260162601617,0.3744896318396247,0.0,6,4,Home
TZS,BER,3039,3.0,S3,10,1,0,2,5,3,0,0,3,6,0,4,0,1,0,1,8,24,5.0,4,-0.45718157181571756,0.17563523696976335,0.0,11,5,Away
TZS,CCF,3018,3.0,S3,5,0,0,0,7,1,0,0,2,5,3,3,1,1,2,3,7,22,6.0,1,-4.343379790940766,0.5746484252653234,0.0,11,5,Home
TZS,CCF,3047,3.0,S3,12,4,1,3,6,6,0,0,6,5,2,1,3,1,0,0,14,37,6.0,14,8.264448583621265,-0.6341675802756028,0.0,11,6,Away
TZS,CIN,3013,3.0,S3,4,5,0,2,2,5,0,0,5,2,1,3,3,1,0,0,9,28,5.0,11,6.3983739837398375,-0.4943302690112092,0.0,10,6,Away
TZS,CIN,3042,3.0,S3,11,2,0,3,4,4,0,1,4,7,1,2,3,1,0,0,9,30,6.0,5,-0.9297784222495766,0.24887833797078748,0.0,11,5,Home
TZS,FTP,3004,3.0,S3,1,1,0,0,1,0,0,0,0,6,2,0,1,0,0,0,2,11,3.0,1,-1.7609756097560971,0.23326107608241398,0.0,4,2,Away
TZS,FTP,3031,3.0,S3,8,2,1,1,6,3,0,0,4,7,1,2,2,1,0,0,10,29,5.666666666666667,8,4.6701122725512985,-0.3163074147008276,0.0,8,6,Home
TZS,LAN,3028,3.0,S3,7,3,1,4,3,1,0,0,4,8,0,3,0,0,0,0,11,27,5.0,9,4.398373983739839,-0.29952695220273695,0.0,10,4,Home
TZS,LAN,3055,3.0,S3,14,4,3,2,8,2,0,0,6,0,2,1,3,3,0,0,17,31,5.0,12,7.3983739837398375,-0.5787402194366262,0.0,7,6,Away
TZS,SCB,3024,3.0,S3,6,1,1,0,2,3,0,0,1,5,1,2,2,2,0,0,4,18,4.333333333333333,3,-0.8764960082033245,0.1811898982678304,0.0,7,5,Away
TZS,SCB,3052,3.0,S3,13,0,1,3,3,3,1,0,2,5,0,3,1,1,0,0,7,21,4.0,5,1.3186991869918705,-0.022739571677106052,0.0,6,4,Home
VFQ,CCS,4047,4.0,S4,6,0,1,1,6,1,0,0,2,0,1,6,6,3,0,0,8,24,6.0,1,-4.61377245508982,0.562074786737593,0.5262,13,7,Home
VFQ,CCS,4103,4.0,S4,13,2,2,2,5,0,0,0,3,2,1,2,7,0,0,0,11,26,5.0,8,3.3218562874251503,-0.2230966257448531,-0.7701999999999999,11,7,Away
VFQ,DCL,4014,4.0,S4,2,2,0,3,4,6,0,0,7,5,0,2,2,2,0,0,9,31,6.0,7,1.38622754491018,-0.00855509707072874,-0.3569000000000001,11,4,Home
VFQ,DCL,4070,4.0,S4,9,1,0,3,4,3,0,1,3,5,1,2,2,2,0,0,8,24,5.0,5,0.32185628742515016,0.06851191248609605,0.03189999999999999,9,5,Away
VFQ,EEE,4005,4.0,S4,1,0,0,1,4,4,0,0,4,5,0,2,3,1,0,0,5,23,5.0,4,-0.67814371257485,0.16431618160157055,-0.08390000000000002,8,3,Away
VFQ,EEE,4060,4.0,S4,8,2,0,3,6,7,0,1,8,5,1,2,1,1,0,0,11,35,6.0,8,2.38622754491018,-0.09177217353262691,-0.23299000000000003,8,4,Home
VFQ,FWG,4032,4.0,S4,4,0,0,3,2,2,0,0,2,2,0,8,5,1,0,0,5,24,6.0,2,-3.61377245508982,0.462074786737593,0.3158,13,7,Home
VFQ,FWG,4088,4.0,S4,11,0,0,2,1,2,0,0,6,1,1,8,1,1,0,0,3,22,6.0,1,-4.613772455089819,0.553683324968542,0.13460000000000003,10,1,Away
VFQ,LDN,4023,4.0,S4,3,0,1,2,4,3,0,0,1,3,1,5,3,2,0,0,7,23,5.0,4,-0.6781437125748496,0.16431618160157052,0.09450000000000001,11,7,Away
VFQ,LDN,4079,4.0,S4,10,2,0,2,3,3,0,0,2,4,1,6,3,2,0,0,7,26,6.0,4,-1.6137724550898196,0.27046624850664386,0.01220000000000001,9,5,Home
VFQ,LMN,4040,4.0,S4,5,3,1,1,2,3,0,0,4,5,3,0,1,0,0,2,7,23,5.0,5,0.32185628742515027,0.07270764337062147,-0.29890000000000005,8,2,Away
VFQ,LMN,4096,4.0,S4,12,1,0,3,1,0,0,0,6,6,2,2,1,0,1,0,5,23,6.0,3,-2.2095659837986643,0.32165413960847744,-0.052800000000000014,8,4,Home
VFQ,MBX,4054,4.0,S4,7,3,4,1,1,1,0,0,4,5,1,2,3,0,0,0,9,25,5.0,6,1.3218562874251503,-0.027292356629378546,-0.5627,9,4,Away
VFQ,MBX,4110,4.0,S4,14,0,1,1,5,4,0,0,2,1,1,5,1,2,0,0,7,21,4.0,4,0.2574850299401201,0.06236184558102262,-0.2295,8,3,Home
WRM,ARA,11034,11.0,S11,6,0,0,0,4,1,0,0,2,5,4,4,2,1,0,0,4,22,6.0,0,-3.6009426551453263,0.4485928479771609,0.6318,14,6,Home
WRM,DOG,11009,11.0,S11,2,0,0,2,3,0,0,0,6,4,1,5,2,0,2,0,5,23,6.0,1,-2.6009426551453263,0.360660836494792,0.4673999999999999,10,5,Home
WRM,HOT,11070,11.0,S11,12,2,0,2,4,0,0,0,2,3,0,9,2,2,0,0,8,24,6.0,2,-1.6009426551453263,0.25663817365558167,0.28279999999999994,13,8,Away
WRM,IDR,11020,11.0,S11,4,0,1,3,4,2,0,0,1,6,5,2,3,0,2,1,8,27,6.0,4,0.39905734485467365,0.08077415069084391,-0.13660000000000003,13,6,Home
WRM,IDR,11061,11.0,S11,11,1,1,2,2,0,0,0,1,4,5,4,0,1,0,1,6,21,6.0,1,-2.6009426551453263,0.3485928479771609,0.1126,10,7,Away
WRM,LAX,11045,11.0,S11,8,2,0,0,2,1,0,0,4,2,3,4,3,1,1,1,4,21,6.0,2,-1.6009426551453263,0.2526155108163713,0.26120000000000004,10,5,Home
WRM,LAX,11074,11.0,S11,13,2,0,1,1,1,0,0,4,6,4,1,0,0,0,0,4,20,5.0,3,-0.0007855459544385823,0.08053181137965137,-0.07150000000000001,7,2,Away
WRM,LOB,11052,11.0,S11,9,1,0,0,1,0,0,0,11,5,0,1,1,0,0,0,2,20,6.0,1,-2.6009426551453263,0.34054752229874014,0.4046,6,2,Home
WRM,OKT,11014,11.0,S11,3,2,1,0,5,3,0,0,3,3,2,4,3,3,0,0,8,26,6.0,5,1.399057344854674,-0.03531650066599761,0.07899999999999999,11,7,Away
WRM,OKT,11056,11.0,S11,10,1,0,3,3,3,0,0,4,4,3,1,4,1,0,1,7,26,6.0,4,0.39905734485467315,0.06870616217321282,-0.17030000000000006,11,5,Home
WRM,POS,11040,11.0,S11,7,0,0,2,1,1,0,0,5,5,2,4,0,0,0,2,3,20,6.0,0,-3.6009426551453263,0.44859284797716087,0.7388,13,6,Away
WRM,POS,11093,11.0,S11,16,0,0,3,5,2,0,0,8,1,2,1,4,1,1,1,8,26,6.0,4,0.541931421939277,0.05441875446475245,0.18150000000000005,7,5,Home
WRM,PRP,11029,11.0,S11,5,0,1,1,3,3,0,0,9,4,5,6,6,1,0,2,5,38,11.0,0,-6.601728201099765,0.8210793336783916,1.2482999999999993,23,12,Away
WRM,ROY,11004,11.0,S11,1,2,0,0,2,1,0,0,3,5,8,0,1,0,0,1,4,22,6.0,2,-1.6009426551453263,0.25261551081637124,0.1512,13,6,Away
WRM,ROY,11088,11.0,S11,15,0,0,1,3,1,0,0,1,2,10,3,4,1,0,0,4,25,7.0,1,-3.201099764336214,0.4206765474138808,0.5196000000000001,17,8,Home
WRM,SHH,11084,11.0,S11,14,1,0,4,3,2,0,0,5,6,4,2,0,0,0,0,8,27,5.666666666666667,6,2.8508117308195855,-0.17646927642327842,-0.6381,9,3,Away
WSH,CHI,5026,5.0,S5,3,1,0,2,3,0,0,0,7,3,6,2,0,0,0,0,6,24,6.0,2,-2.0238663484486876,0.2984118301556777,0.15300000000000005,8,3,Away
WSH,CHI,5157,5.0,S5,14,1,1,2,5,2,0,0,3,3,8,0,1,0,1,0,9,26,5.0,5,1.6467780429594268,-0.05664945957128264,-0.231,8,1,Home
WSH,GBC,5123,5.0,S5,11,2,2,2,6,3,0,0,2,2,2,2,4,0,3,3,12,27,5.0,7,3.646778042959427,-0.23264316074358038,-0.3732999999999998,11,8,Away
WSH,GTY,5073,5.0,S5,7,2,1,2,3,1,0,0,5,1,1,3,6,1,1,1,8,25,6.0,6,1.9761336515513124,-0.08958502043047122,-0.4077,11,7,Home
WSH,ISO,5061,5.0,S5,6,1,0,2,5,1,0,0,4,4,3,2,3,2,0,0,8,25,6.0,4,-0.02386634844868768,0.10241287996029472,-0.15789999999999998,10,4,Home
WSH,KRB,5001,5.0,S5,1,4,2,5,1,1,0,0,3,9,1,3,2,0,0,0,12,31,6.0,8,3.976133651551313,-0.273580821212003,-0.5211000000000001,9,4,Home
WSH,KRB,5133,5.0,S5,12,1,0,1,1,2,0,0,1,6,2,4,1,1,0,0,3,19,5.0,2,-1.353221957040573,0.21134214199178106,0.03769999999999997,12,5,Away
WSH,PPP,5052,5.0,S5,5,1,0,0,3,3,0,0,3,3,9,2,1,0,0,0,4,25,6.0,2,-2.0238663484486876,0.3024128799602947,0.11370000000000001,12,6,Away
WSH,RKT,5013,5.0,S5,2,2,0,6,6,1,0,0,5,4,4,3,2,0,0,0,14,33,6.0,10,5.976133651551312,-0.465578721602769,-0.4995999999999998,13,4,Home
WSH,RKT,5145,5.0,S5,13,0,0,0,1,0,0,0,2,4,4,2,5,1,0,0,1,18,6.0,0,-4.023866348448688,0.47440553132797547,0.35740000000000016,9,5,Away
WSH,SPR,5109,5.0,S5,10,0,0,0,3,2,0,0,6,4,1,4,1,2,1,0,3,21,6.0,0,-4.023866348448688,0.4904097305464436,0.0037589999999999998,10,4,Home
WSH,TSA,5087,5.0,S5,8,1,1,4,1,3,0,0,3,3,3,2,3,1,0,0,7,24,5.0,5,1.6467780429594268,-0.06865260898513376,-0.2558,9,3,Away
WSH,WWC,5039,5.0,S5,4,1,0,4,4,4,0,0,3,6,5,1,0,1,0,0,9,28,5.333333333333333,3,0.43168920710686787,0.06886047381859028,-0.28590000000000004,6,1,Away
WSH,YUM,5097,5.0,S5,9,1,0,4,3,1,0,0,5,4,3,5,1,0,0,0,8,27,6.0,4,-0.02386634844868718,0.1104149795695288,0.1108,11,6,Home
WSW,BBB,7046,7.0,S7,6,0,0,0,1,1,0,0,3,6,0,4,1,1,0,0,1,16,5.0,0,-2.7426312005751257,0.3412717400605981,0.37720000000000004,8,4,Home
WSW,CPR,7004,7.0,S7,1,1,0,0,2,3,0,0,5,5,2,1,4,1,0,0,3,23,6.0,1,-2.2911574406901507,0.3254406353234506,0.3516999999999999,11,5,Away
WSW,CPR,7089,7.0,S7,12,0,1,1,1,0,0,0,4,4,1,1,5,0,0,0,3,18,5.0,0,-2.7426312005751257,0.3496478175609838,0.4288,9,6,Home
WSW,FAP,7012,7.0,S7,2,1,1,2,1,1,0,0,4,8,1,4,0,1,0,0,5,23,6.0,2,-1.2911574406901507,0.22544063532345057,-0.16519999999999996,10,2,Home
WSW,FAP,7103,7.0,S7,13,0,1,2,0,0,0,0,3,5,1,4,1,0,0,0,3,17,4.666666666666667,2,-0.5964517985817703,0.13084183861145543,0.16959999999999997,8,4,Away
WSW,KNX,7037,7.0,S7,5,1,0,3,2,3,0,0,7,3,4,3,0,1,0,0,6,26,6.0,4,0.7088425593098493,0.038004751574029126,-0.22810000000000002,8,3,Away
WSW,MMA,7017,7.0,S7,3,2,0,2,3,1,0,0,6,1,3,2,4,2,0,0,7,24,6.0,2,-1.291157440690151,0.2296286740736434,-0.0051,9,4,Home
WSW,MMA,7112,7.0,S7,14,0,0,3,3,1,0,1,6,5,1,3,0,0,0,0,6,22,5.0,4,1.2573687994248741,-0.033600027438244764,-0.05479999999999996,9,3,Away
WSW,PBA,7029,7.0,S7,4,2,0,3,0,0,0,0,6,7,2,0,3,0,0,0,5,23,6.0,3,-0.2911574406901509,0.12544063532345057,-0.06109999999999996,10,4,Home
WSW,SCG,7063,7.0,S7,8,4,2,1,2,1,0,0,5,4,3,4,2,0,0,0,9,28,6.0,7,3.708842559309849,-0.25361917092558517,-0.30119999999999997,13,6,Home
WSW,SSC,7073,7.0,S7,10,1,0,0,0,0,0,0,6,4,2,4,2,0,0,0,1,19,6.0,1,-2.2911574406901507,0.30868848032267915,0.48070000000000007,10,5,Home
WSW,SSJ,7051,7.0,S7,7,5,2,2,5,2,0,0,4,1,1,5,1,1,0,2,14,28,5.0,9,6.257368799424874,-0.500095717436702,-0.8367000000000001,5,4,Away
WSW,STK,7069,7.0,S7,9,1,0,2,0,2,0,0,9,1,2,0,5,1,0,0,3,22,6.0,1,-2.291157440690151,0.3212525965732577,0.12919999999999998,8,5,Away
WSW,TRI,7082,7.0,S7,11,1,0,0,1,3,0,0,6,6,4,1,1,0,0,0,2,23,6.0,1,-2.291157440690151,0.3254406353234506,0.08539999999999999,9,3,Away
WWC,AAL,6159,6.0,S6,12,1,0,4,3,2,0,0,4,3,5,2,4,0,1,0,8,28,6.0,4,0.6047297297297297,0.059696306019985906,-0.12019999999999999,12,6,Home
WWC,BAC,6169,6.0,S6,13,2,0,1,1,1,0,0,2,8,0,3,1,0,1,1,4,19,5.0,2,-0.8293918918918921,0.16995832225305593,0.010800000000000004,7,3,Away
WWC,CBC,6029,6.0,S6,3,1,0,1,2,0,0,0,7,4,0,2,2,0,0,0,4,19,5.0,1,-1.829391891891892,0.26167078577078295,0.12519999999999998,4,4,Away
WWC,CCS,12060,12.0,S12,12,0,0,0,3,1,0,0,2,7,0,4,4,1,0,0,3,21,6.0,0,-3.6749192680301395,0.4542408377433009,0.4674,12,6,Home
WWC,CHI,5075,5.0,S5,7,1,0,1,6,4,0,2,2,3,5,2,2,1,0,0,8,26,5.0,2,-1.353221957040573,0.23934949062410033,0.07340000000000005,9,7,Home
WWC,CWJ,6076,6.0,S6,6,2,0,2,6,3,0,0,2,9,1,2,2,1,2,1,10,29,6.0,6,2.6047297297297294,-0.12787238925660455,-0.25489999999999996,10,5,Home
WWC,DDD,12001,12.0,S12,1,1,1,1,1,2,0,0,1,6,3,4,4,0,0,0,4,24,6.0,1,-2.6749192680301395,0.366633539306199,0.21980000000000005,13,8,Away
WWC,DDD,12045,12.0,S12,9,2,2,5,8,2,0,0,5,4,3,2,0,1,1,3,17,33,6.0,11,7.3250807319698605,-0.5796647539212424,-0.41059999999999985,10,4,Home
WWC,GBC,5065,5.0,S5,6,1,1,1,3,1,0,0,5,6,1,2,3,1,0,0,6,24,6.0,3,-1.0238663484486874,0.1984118301556777,0.38360000000000005,8,4,Away
WWC,GTY,5051,5.0,S5,5,1,0,2,0,1,0,0,5,1,9,1,2,0,1,0,3,22,6.0,1,-3.0238663484486876,0.39441078035106064,0.2762,12,4,Home
WWC,ISO,5100,5.0,S5,9,1,1,3,5,4,0,0,4,4,4,1,4,1,0,0,10,31,6.0,4,-0.02386634844868768,0.126419178787997,0.02659999999999993,9,7,Home
WWC,JEF,6087,6.0,S6,7,2,0,4,5,2,1,0,6,6,0,3,2,1,0,0,11,30,6.0,5,1.6047297297297296,-0.03615992573887758,0.030500000000000017,10,5,Away
WWC,KEG,12013,12.0,S12,3,1,0,2,2,4,0,0,5,3,1,2,3,0,2,1,5,23,5.0,3,-0.06243272335844957,0.1136466858809621,-0.1426,10,4,Away
WWC,KEG,12050,12.0,S12,10,0,0,1,3,2,0,0,8,1,4,3,1,1,0,0,4,23,6.0,1,-2.6749192680301395,0.362502638785233,0.265,8,5,Home
WWC,KRB,5121,5.0,S5,11,2,0,0,1,1,0,0,2,7,2,2,4,1,0,0,3,21,6.0,2,-2.0238663484486876,0.28640868074182657,0.2214,10,6,Away
WWC,LID,6119,6.0,S6,9,0,0,2,3,3,0,0,5,4,2,3,3,1,0,0,5,25,6.0,2,-1.3952702702702702,0.24312123305543984,0.02709999999999997,10,6,Home
WWC,LMN,6188,6.0,S6,14,0,0,1,5,2,0,0,6,7,1,0,1,0,1,0,6,23,5.0,0,-2.829391891891892,0.3823896269764655,0.40730000000000005,9,1,Home
WWC,MMN,12053,12.0,S12,11,0,1,3,3,0,0,0,5,4,2,1,5,1,0,0,7,24,6.0,1,-2.67491926803014,0.366633539306199,0.3384,10,6,Away
WWC,MPD,6061,6.0,S6,5,1,0,1,2,5,0,0,0,7,2,5,3,1,0,0,4,26,6.0,3,-0.3952702702702702,0.14726500129657633,-0.056499999999999974,14,10,Away
WWC,PHB,6106,6.0,S6,8,1,0,1,5,2,0,0,5,4,1,3,1,1,0,0,7,23,5.0,3,0.17060810810810817,0.07824585873532898,-0.033599999999999984,9,4,Away
WWC,PPP,5003,5.0,S5,1,1,0,1,2,3,0,0,1,7,3,3,3,1,0,0,4,24,6.0,3,-1.0238663484486876,0.19841183015567773,0.14830000000000002,12,8,Away
WWC,PPP,5135,5.0,S5,12,0,0,0,4,0,0,0,4,4,2,2,3,2,0,1,4,19,6.0,0,-4.023866348448688,0.48240763093720956,0.4826999999999999,8,5,Home
WWC,PQD,12025,12.0,S12,5,2,2,1,5,3,0,0,4,3,5,2,2,2,0,0,10,29,6.0,4,0.32508073196986054,0.08728804191102915,-0.29109999999999997,12,4,Home
WWC,PQD,12062,12.0,S12,13,1,1,3,6,6,0,0,6,3,1,1,4,0,1,0,11,32,5.0,11,7.93756727664155,-0.6574370104722757,-0.3199,9,5,Away
WWC,PUK,6048,6.0,S6,4,1,0,0,4,1,0,0,8,4,2,2,2,0,0,0,5,24,6.0,1,-2.39527027027027,0.33897746481430335,0.27990000000000004,8,5,Home
WWC,RBD,6145,6.0,S6,11,1,1,1,2,2,0,0,3,12,0,1,2,0,0,0,5,25,6.0,3,-0.3952702702702704,0.14312123305543983,0.2035,9,3,Away
WWC,RKT,5110,5.0,S5,10,1,1,0,2,2,1,0,6,3,2,4,2,1,0,0,4,23,6.0,1,-3.0238663484486876,0.39441078035106064,0.08002500000000001,10,5,Away
WWC,SAL,12019,12.0,S12,4,1,0,0,1,2,0,0,8,3,1,2,0,1,0,0,2,18,5.0,1,-2.06243272335845,0.28059948171323373,0.12519999999999998,6,1,Away
WWC,SAL,12070,12.0,S12,14,3,0,0,2,0,0,0,3,3,2,3,5,2,0,0,5,21,6.0,3,-0.6749192680301395,0.15424083774330086,0.2603,13,6,Home
WWC,SAR,6132,6.0,S6,10,0,0,4,3,5,0,1,6,4,1,0,2,0,1,0,7,25,5.0,7,4.170608108108108,-0.30932283654126147,-0.6054,6,5,Home
WWC,SAS,6019,6.0,S6,2,1,0,1,2,3,0,0,5,5,3,1,1,0,1,0,4,22,5.0,3,0.17060810810810811,0.078245858735329,-0.21139999999999992,5,4,Away
WWC,SCR,12035,12.0,S12,7,1,0,0,4,1,0,0,7,3,2,4,2,0,1,0,5,24,6.0,3,-0.6749192680301397,0.17076443982716505,-0.09629999999999994,12,6,Home
WWC,SDV,12010,12.0,S12,2,0,0,3,2,1,0,0,6,5,2,4,1,0,0,0,5,24,6.0,2,-1.6749192680301397,0.26663353930619904,0.24080000000000001,9,6,Home
WWC,SDV,12039,12.0,S12,8,0,2,0,2,6,0,0,2,8,1,1,2,0,0,1,4,24,5.0,4,0.9375672766415502,0.009515785359996077,-0.1938,10,5,Away
WWC,SEF,12030,12.0,S12,6,0,0,0,6,2,0,0,7,5,3,4,2,2,3,0,6,30,8.0,1,-3.8998923573735196,0.5263089529292314,0.6062000000000001,12,5,Away
WWC,SGP,6003,6.0,S6,1,2,0,0,0,1,0,1,2,9,2,3,2,0,0,0,2,21,6.0,2,-1.3952702702702702,0.2265461600908938,0.018399999999999965,10,7,Home
WWC,SPR,5088,5.0,S5,8,3,0,1,2,4,0,1,8,4,1,2,2,1,0,0,6,27,6.0,5,1.9761336515513126,-0.08958502043047119,-0.45359999999999995,9,6,Away
WWC,TSA,5015,5.0,S5,2,1,1,1,1,3,0,0,5,4,2,4,3,0,1,0,4,25,6.0,3,-1.0238663484486878,0.2064139297649118,0.07190000000000005,12,7,Home
WWC,TSA,5147,5.0,S5,13,2,0,0,1,5,0,0,4,6,1,5,1,1,0,0,3,25,6.0,3,-1.0238663484486876,0.20241287996029475,0.0669,12,4,Away
WWC,WSH,5039,5.0,S5,4,1,2,1,1,3,0,0,6,1,0,3,5,3,0,0,5,23,6.0,2,-2.0238663484486876,0.29441078035106066,0.21339999999999992,9,8,Home
WWC,YUM,5028,5.0,S5,3,2,0,0,1,1,0,0,1,10,0,1,2,1,0,0,3,18,5.0,3,-0.3532219570405731,0.10734109218716399,-0.09000000000000004,7,3,Away
WWC,YUM,5159,5.0,S5,14,0,0,1,1,0,0,0,3,4,1,2,7,1,0,0,2,19,6.0,0,-4.023866348448688,0.4784065811325925,0.5087999999999999,13,9,Home
YUM,CHI,5122,5.0,S5,11,0,0,2,2,0,0,0,5,4,0,6,3,0,1,0,4,22,6.0,1,-3.0238663484486876,0.39441078035106064,0.4146,9,7,Home
YUM,GBC,5076,5.0,S5,7,1,0,2,3,4,0,0,2,7,5,1,2,1,2,0,6,27,6.0,3,-1.0238663484486876,0.21841707917876288,-0.14939999999999998,8,3,Home
YUM,GTY,5113,5.0,S5,10,2,1,2,0,4,0,0,2,4,8,0,3,1,2,0,5,26,6.0,5,0.9761336515513126,0.014416029374145857,0.023745,11,3,Home
YUM,ISO,5053,5.0,S5,5,1,2,2,3,1,0,0,2,9,0,2,3,2,0,0,8,25,6.0,4,-0.023866348448687402,0.10241287996029473,-0.20529999999999993,8,5,Home
YUM,KRB,5085,5.0,S5,8,0,0,0,3,5,0,0,3,9,1,2,2,1,0,0,3,25,6.0,0,-4.023866348448688,0.5024128799602947,0.4695,9,3,Away
YUM,PPP,5016,5.0,S5,2,1,0,4,1,2,0,0,3,7,1,3,2,1,0,1,6,24,6.0,3,-1.0238663484486876,0.20241287996029475,0.06339999999999997,9,4,Away
YUM,PPP,5148,5.0,S5,13,0,0,1,1,8,0,0,2,11,1,2,1,1,0,0,2,27,6.0,1,-3.0238663484486876,0.4104149795695288,0.4372,10,3,Home
YUM,RKT,5062,5.0,S5,6,3,0,1,5,3,0,1,5,7,2,2,2,0,1,0,9,30,6.0,5,0.9761336515513122,0.026419178787996943,-0.01909999999999995,8,4,Away
YUM,SPR,5041,5.0,S5,4,0,0,1,2,0,0,0,3,4,4,4,2,1,0,0,3,20,6.0,0,-4.023866348448688,0.48240763093720956,0.159,12,8,Away
YUM,TSA,5004,5.0,S5,1,1,1,2,2,1,0,0,2,6,4,5,0,0,0,1,6,24,6.0,2,-2.0238663484486876,0.3024128799602947,0.14930000000000002,10,6,Home
YUM,TSA,5136,5.0,S5,12,2,0,4,5,2,0,0,3,2,6,1,4,2,0,0,11,29,6.0,6,1.9761336515513128,-0.08158292082123714,-0.46150000000000013,9,4,Away
YUM,WSH,5097,5.0,S5,9,2,0,2,4,4,0,1,5,4,1,5,0,0,0,0,8,27,5.0,6,2.646778042959427,-0.15664945957128265,-0.3885,9,5,Away
YUM,WWC,5028,5.0,S5,3,0,0,1,3,1,0,0,2,3,6,5,1,1,1,0,4,22,6.0,1,-3.0238663484486876,0.39441078035106064,0.4093,14,5,Home
YUM,WWC,5159,5.0,S5,14,1,0,1,2,2,0,1,1,3,3,3,5,0,0,0,4,21,5.0,2,-1.353221957040573,0.21934424160101512,0.00949999999999998,11,8,Away
ZAH,ACK,10039,10.0,S10,8,3,0,3,2,2,0,0,4,3,0,4,5,2,0,0,8,26,6.0,7,2.8679867986798677,-0.18590909506416523,-0.2543000000000001,11,8,Home
ZAH,BEE,10050,10.0,S10,10,1,0,1,1,2,0,0,6,7,1,1,0,0,0,0,3,20,5.0,2,-1.4433443344334433,0.22194180636936092,-0.053300000000000014,5,1,Away
ZAH,CRN,10008,10.0,S10,2,4,0,2,3,3,0,0,3,5,4,2,2,0,2,2,9,28,6.0,7,2.8679867986798677,-0.1665072518326611,-0.3493,12,5,Home
ZAH,CRN,10060,10.0,S10,12,1,0,2,3,2,0,0,2,3,5,3,1,1,0,0,6,22,5.0,3,-0.4433443344334438,0.1297025436619626,-0.05790000000000001,9,5,Away
ZAH,GOB,10035,10.0,S10,7,0,0,1,2,4,0,0,7,7,2,1,1,0,1,0,3,25,6.0,1,-3.1320132013201323,0.4140909049358348,0.5489999999999999,7,4,Away
ZAH,GOB,10063,10.0,S10,13,4,0,1,2,4,0,0,6,5,2,0,2,1,0,2,7,26,6.0,5,0.8679867986798679,0.021851642228436424,-0.24420000000000003,6,3,Home
ZAH,GRS,10030,10.0,S10,6,1,0,3,4,3,1,0,4,1,1,3,4,0,0,0,8,25,5.0,7,3.5566556655665567,-0.2586563503991349,-0.5331,9,5,Away
ZAH,GRS,10052,10.0,S10,11,3,0,2,3,3,0,0,5,3,0,5,3,2,0,0,8,27,6.0,5,0.8679867986798677,0.017971273582135575,-0.0697,9,4,Home
ZAH,KIR,10013,10.0,S10,3,2,1,1,7,2,0,0,3,7,0,2,3,0,5,3,11,28,6.0,7,2.867986798679868,-0.14710540860115698,-0.3556,12,7,Home
ZAH,KIR,10045,10.0,S10,9,1,1,4,1,2,0,0,8,3,2,2,2,0,1,1,7,26,6.0,3,-1.1320132013201318,0.21797127358213558,0.2354999999999999,8,4,Away
ZAH,KRK,10025,10.0,S10,5,0,1,1,4,0,0,0,3,1,2,3,5,1,1,0,6,20,5.0,3,-0.44334433443344345,0.12582217501566173,-0.09000000000000001,11,5,Away
ZAH,KRK,10068,10.0,S10,14,3,1,0,1,3,0,0,7,3,1,4,2,1,0,0,5,25,6.0,3,-1.1320132013201323,0.2102105362895339,-0.08309999999999997,8,5,Home
ZAH,SEO,10005,10.0,S10,1,5,2,0,1,0,0,0,6,4,3,3,2,0,0,0,8,26,6.0,7,2.867986798679868,-0.18590909506416528,-0.683,11,4,Away
ZAH,SSS,10020,10.0,S10,4,2,0,2,2,1,0,0,5,5,3,3,2,0,1,0,6,25,6.0,3,-1.1320132013201323,0.21409090493583474,0.1498,8,3,Home
