ID,Game ID,Season,Display Season,Session,Team,Franchise,Opponent,HR,3B,2B,1B,BB,IBB,Auto BB,FO,SO,PO,RGO,LGO,DP,SB,CS,H,BF,IP,ER,RE24,WAR,WPA,300+ Pitches,400+ Pitches,Location
1,3028,3.0,S3,7,LAN,LAN,TZS,1,1,3,3,2,1,0,2,2,0,0,2,0,0,0,8,16,2.0,5,3.957076866223208,-0.3125607555578782,0.0,6,2,Away
1,4102,4.0,S4,13,FWG,FWG,EEE,3,1,3,2,1,0,0,2,1,1,4,0,1,0,0,9,18,3.0,6,3.1931137724550904,-0.24378822132405076,-0.32180000000000003,5,2,Away
1,4111,4.0,S4,14,FWG,FWG,LDN,0,0,0,0,0,0,0,0,0,0,1,0,0,0,0,0,1,0.3333333333333333,0,-0.2384020618556701,0.028035937070092463,0.0098,1,0,Home
1,6062,6.0,S6,5,SAR,SAR,PUK,3,1,2,1,1,0,0,6,2,1,1,0,0,0,0,7,18,3.3333333333333335,6,4.103478886052176,-0.33576006026476035,-0.33959999999999996,4,0,Away
2,6131,6.0,S6,10,SAS,SAS,LID,0,0,0,1,0,0,0,6,4,2,3,2,1,0,0,1,18,6.0,0,-3.39527027027027,0.4141148553674842,0.5206,11,6,Away
4,3031,3.0,S3,8,FTP,FTP,TZS,0,0,3,4,2,0,0,5,5,0,0,5,1,0,0,7,24,5.333333333333333,2,-2.4142589118198865,0.36614628777865255,0.0,10,5,Away
4,3033,3.0,S3,9,LAN,LAN,CCF,1,2,4,5,4,0,0,6,6,1,2,2,0,0,1,12,33,6.0,10,4.961164675247536,-0.31942923901281306,0.0,10,6,Home
4,3045,3.0,S3,12,LAN,LAN,FTP,1,0,1,2,4,0,0,2,9,0,2,3,2,0,0,4,24,6.0,4,-0.2804615687459962,0.1527665534712635,0.0,13,6,Home
4,3051,3.0,S3,13,LAN,LAN,BAY,0,2,2,2,2,0,0,6,9,0,2,1,0,0,0,6,26,6.0,4,-1.785333977805132,0.31364716076023247,0.0,12,3,Away
4,4022,4.0,S4,3,EEE,EEE,LMN,0,1,0,3,1,0,0,2,5,0,0,2,0,1,0,4,14,3.0,2,-0.8068862275449098,0.14362458602237288,-0.062300000000000036,7,3,Home
4,4046,4.0,S4,6,EEE,EEE,FWG,2,0,1,2,1,0,0,1,4,0,3,1,0,0,1,5,15,3.3333333333333335,3,-0.21109269883606518,0.08824096403601385,-0.0902,6,5,Away
4,4078,4.0,S4,10,EEE,EEE,LMN,1,1,1,3,1,0,0,3,8,0,1,3,0,0,0,6,22,5.0,3,-1.6781437125748497,0.26012045071704504,-0.1928,13,2,Away
4,4087,4.0,S4,11,EEE,EEE,MBX,1,1,2,3,3,0,0,2,5,0,0,1,0,1,1,7,18,3.0,5,2.8950147043191725,-0.2055868527414081,-0.22880000000000006,7,2,Home
4,5019,5.0,S5,2,TAI,TAI,PHB,1,0,0,0,0,0,0,1,3,0,0,2,0,0,0,1,7,2.0,1,-0.3412887828162292,0.06213622691394219,0.0045000000000000005,3,2,Home
5,3055,3.0,S3,14,LAN,LAN,TZS,3,2,1,1,0,0,0,2,1,5,1,2,0,0,0,7,18,3.6666666666666665,5,1.5138943821870656,-0.057849140771208646,0.0,9,4,Home
10,5152,5.0,S5,13,LMN,LMN,TRA,0,1,1,2,5,0,0,7,6,4,0,1,0,1,0,4,27,6.0,2,-2.0238663484486876,0.3144160293741458,0.059999999999999984,8,2,Home
10,5163,5.0,S5,14,LMN,LMN,TAI,3,0,2,1,3,0,0,5,2,1,3,3,0,0,0,6,23,4.666666666666667,5,2.1138439112229004,-0.11936024561609818,-0.007100000000000016,8,6,Away
10,6006,6.0,S6,1,PUK,PUK,MPD,2,0,0,0,0,0,0,1,1,0,0,0,0,0,0,2,4,0.6666666666666666,2,1.6330076004343108,-0.146725687078885,-0.0069,1,0,Home
10,8002,8.1,S8A,1,LAC,LAC,PPM,0,0,2,2,2,0,0,4,9,2,0,3,0,0,0,4,24,6.0,0,-4.06,0.5080686087895755,0.5368000000000002,12,4,Home
10,8007,8.1,S8A,2,LAC,LAC,BIS,1,0,1,1,0,0,0,0,1,1,0,0,0,0,0,3,5,0.6666666666666666,3,2.7761635220125784,-0.25635205870342964,-0.025900000000000003,1,1,Home
10,8022,8.1,S8A,4,LAC,LAC,BAG,1,0,5,2,0,0,0,1,1,1,3,2,1,1,0,8,16,3.0,4,1.9700000000000002,-0.12470140210738406,-0.2969,7,5,Away
10,8041,8.1,S8A,7,LAC,LAC,NXS,0,1,1,2,1,0,0,5,2,1,1,1,0,1,0,4,15,3.3333333333333335,2,-0.3087943262411348,0.09892517181716379,0.0398,5,2,Away
10,10003,10.0,S10,1,GRS,GRS,ACK,0,1,1,2,0,0,0,1,2,0,3,2,1,0,0,4,12,3.0,2,-0.0660066006600662,0.053165083821616554,-0.08329999999999997,6,4,Home
10,10012,10.0,S10,3,GRS,GRS,CRN,0,0,1,0,1,0,0,2,4,2,1,0,0,0,0,1,11,3.0,0,-2.0660066006600664,0.24928471517531572,0.2804,5,3,Home
10,10021,10.0,S10,5,GRS,GRS,SSS,1,2,0,0,1,0,0,1,2,0,2,1,0,0,0,3,10,2.0,2,0.6226622662266226,-0.023462540159653975,-0.19310000000000005,4,2,Away
10,10041,10.0,S10,9,GRS,GRS,BEE,1,0,1,2,0,0,0,4,1,0,0,1,0,0,0,4,10,2.0,4,2.6226622662266226,-0.223462540159654,-0.10710000000000001,2,1,Home
13,4070,4.0,S4,9,VFQ,VFQ,DCL,1,0,0,2,2,0,0,1,3,0,2,1,2,0,0,3,12,3.0,2,-0.8068862275449099,0.13103739336879652,0.00039999999999998175,5,3,Away
13,5081,5.0,S5,7,NUL,NUL,LMN,2,1,0,2,3,0,0,3,0,0,3,3,1,1,0,5,17,3.3333333333333335,5,2.714898775061548,-0.19947098102304814,-0.3898000000000001,6,5,Home
16,4030,4.0,S4,4,CCS,CCS,DCL,0,0,0,0,0,0,0,1,1,0,0,1,0,0,0,0,3,1.0,0,-0.93562874251497,0.10615006690507336,0.168,1,1,Away
18,4026,4.0,S4,4,N69,N69,PGA,2,0,0,1,2,0,0,3,4,0,1,1,1,1,1,3,14,3.6666666666666665,2,-1.5041129082042097,0.2175429849728283,-0.0657,7,3,Away
18,4067,4.0,S4,9,N69,N69,PDB,8,0,2,0,3,0,0,4,4,1,0,8,1,0,0,10,30,6.0,10,4.38622754491018,-0.3127508279552543,-0.33449999999999996,12,9,Home
18,5011,5.0,S5,1,MVM,MVM,KTY,0,0,1,3,3,0,0,4,4,1,2,1,0,0,0,4,19,4.0,1,-0.49211084592946186,0.12523103088066992,-0.024099999999999996,7,2,Home
19,3014,3.0,S3,4,BER,BER,LAN,2,0,0,3,5,0,2,3,6,0,2,1,2,0,0,5,22,4.666666666666667,2,-1.9029958792738606,0.3046266181409946,0.0,6,3,Home
19,4101,4.0,S4,13,DCL,DCL,LDN,0,0,0,0,1,0,0,0,0,1,0,0,0,0,0,0,2,0.3333333333333333,0,-0.026796833683061183,0.011071145137357043,-0.006399999999999996,1,0,Away
20,3022,3.0,S3,6,BER,BER,FTP,2,1,5,2,5,0,1,1,3,1,3,1,0,0,0,10,24,3.0,11,8.83119718750652,-0.7583993221539882,0.0,7,2,Home
20,6005,6.0,S6,1,LID,LID,AAL,0,0,2,2,0,0,0,4,3,1,2,3,0,1,0,4,17,4.333333333333333,1,-1.4224104274990685,0.21682887109036406,0.02849999999999999,8,5,Home
21,3034,3.0,S3,9,BER,BER,SCB,0,0,0,0,1,0,1,2,4,0,2,1,0,0,0,0,10,3.0,1,-2.4852223816355803,0.3004890700788347,0.0,6,3,Away
22,4082,4.0,S4,11,N69,N69,PGA,1,0,2,2,6,0,0,1,5,1,4,5,2,0,0,5,27,6.0,5,-0.6137724550898194,0.17466197939116934,-0.23689999999999997,14,9,Home
22,5111,5.0,S5,10,PPP,PPP,GBC,0,0,0,1,0,0,0,1,1,0,0,0,0,0,0,1,3,0.6666666666666666,1,0.17370721825354518,-0.005367572411503402,0.00037699999999999995,0,0,Home
22,5135,5.0,S5,12,PPP,PPP,WWC,0,0,0,1,0,0,0,0,0,0,1,0,0,0,0,1,2,0.3333333333333333,0,-0.4,0.048002099609234086,0.0014000000000000002,1,0,Away
28,6034,6.0,S6,3,MPD,MPD,CWJ,1,0,2,3,2,0,0,7,2,2,4,2,1,0,0,6,25,6.0,3,-0.39527027027027045,0.14312123305543986,0.05639999999999998,8,6,Home
28,6112,6.0,S6,8,MPD,MPD,SUP,1,0,2,1,1,0,0,3,7,1,3,1,1,0,0,4,20,5.333333333333333,2,-1.028277870704581,0.1857031518931883,0.07909999999999995,8,4,Home
28,8017,8.1,S8A,3,NXS,NXS,PPM,1,0,1,1,1,0,0,0,1,1,0,0,0,0,1,3,6,1.0,3,2.3233333333333333,-0.20256332243637382,-0.46599999999999997,2,0,Away
28,8033,8.1,S8A,6,NXS,NXS,MMM,2,0,0,1,2,0,0,1,0,0,3,0,1,0,0,3,9,1.6666666666666667,3,2.4026404800872885,-0.20198831971263803,-0.0575,3,1,Home
29,4002,4.0,S4,1,N69,N69,PGS,1,1,9,7,5,0,0,9,0,2,2,1,1,0,0,18,37,5.0,13,8.32185628742515,-0.676943586015073,-0.3368000000000001,14,5,Home
29,4017,4.0,S4,3,N69,N69,HON,0,0,0,0,0,0,0,0,3,0,0,0,0,0,0,0,3,1.0,0,-1.2337278106508875,0.13595997371866514,0.009600000000000001,1,0,Home
29,4026,4.0,S4,4,N69,N69,PGA,0,1,2,3,1,0,0,1,3,0,0,0,0,0,0,6,11,1.3333333333333333,5,4.4453236384374115,-0.398379324113961,-0.22749999999999998,4,0,Away
32,4040,4.0,S4,5,LMN,LMN,VFQ,1,0,1,1,3,0,0,2,5,2,1,1,0,0,1,3,17,4.0,3,-0.7425149700598799,0.14977465292744624,-0.03289999999999993,8,2,Home
32,4096,4.0,S4,12,LMN,LMN,VFQ,2,0,0,1,1,0,0,1,1,0,1,0,0,0,0,3,7,1.0,3,2.06437125748503,-0.1770670095568248,-0.5925,2,1,Away
32,4109,4.0,S4,14,LMN,LMN,DCL,1,0,0,0,1,0,0,2,0,0,1,0,0,0,0,1,5,1.0,1,0.06437125748502992,0.014541528674124282,-0.0293,1,1,Away
32,5027,5.0,S5,3,PPP,PPP,TSA,1,0,1,1,0,0,0,0,0,0,0,1,0,0,0,3,4,0.3333333333333333,3,2.8178382464096754,-0.2657796254224994,-0.24559999999999998,1,1,Away
32,5101,5.0,S5,9,PPP,PPP,SPR,2,2,1,3,1,0,0,6,2,1,4,2,1,0,0,8,24,5.333333333333333,5,1.464616289369102,-0.05043643362610126,-0.24509999999999993,9,5,Home
32,5126,5.0,S5,11,PPP,PPP,ISO,1,0,0,1,2,0,0,2,1,2,2,1,1,0,0,2,12,3.0,1,0.10551972782206898,0.037460624873197554,0.031700000000000006,6,4,Away
32,5135,5.0,S5,12,PPP,PPP,WWC,1,1,0,0,1,0,0,5,2,0,1,2,1,0,1,2,13,4.0,1,-1.6825775656324584,0.2242724538278844,0.1231,5,2,Away
32,5148,5.0,S5,13,PPP,PPP,YUM,0,0,0,4,0,0,0,5,3,5,3,1,1,0,0,4,21,6.0,1,-3.0238663484486876,0.3864086807418266,0.4356999999999999,10,3,Away
32,6010,6.0,S6,1,TTT,TTT,TAK,0,0,0,0,0,0,0,0,1,0,0,1,0,0,0,0,2,0.6666666666666666,0,-0.5673249551166966,0.06502003199394268,0.1308,2,1,Away
32,6039,6.0,S6,3,TTT,TTT,SLT,0,0,1,0,2,0,0,8,7,2,0,1,0,0,0,1,21,6.0,1,-2.39527027027027,0.32654616009089377,0.3581999999999999,4,1,Away
32,6096,6.0,S6,7,TTT,TTT,POR,0,0,0,0,0,0,0,0,0,0,0,4,0,0,0,0,4,1.3333333333333333,0,-0.8778513969281254,0.10436021265735859,0.1523,4,4,Home
32,6138,6.0,S6,10,TTT,TTT,FRG,0,0,0,1,0,0,0,0,0,0,1,0,1,0,0,1,2,0.6666666666666666,0,-0.1578947368421053,0.02407701016648356,0.20800000000000002,1,1,Home
32,6166,6.0,S6,12,TTT,TTT,PHB,0,0,0,1,0,0,0,5,1,3,2,4,0,0,0,1,16,5.0,0,-3.316846846846847,0.3979849765428689,0.2867,9,5,Home
32,6179,6.0,S6,13,TTT,TTT,LIM,1,0,0,0,1,0,0,1,0,3,1,0,1,0,0,1,7,2.0,1,1.142086223391533,-0.08520224465119774,-0.23530000000000004,4,1,Home
32,6188,6.0,S6,14,LMN,LMN,WWC,0,0,1,1,1,1,0,1,0,0,0,0,0,0,0,2,4,0.3333333333333333,1,1.1756946553294867,-0.10099439256840262,-0.0247,0,0,Away
32,7015,7.0,S7,2,BBB,BBB,SSJ,1,0,2,0,2,0,0,1,4,1,4,2,0,0,1,3,17,4.333333333333333,4,1.565425671462789,-0.08115786964280768,-0.3104,10,5,Home
32,7022,7.0,S7,3,BBB,BBB,PBA,0,0,1,0,0,0,0,1,1,1,0,0,0,0,0,1,4,1.0,0,-0.5485262401150252,0.07160477901227391,0.038099999999999995,1,0,Away
32,7028,7.0,S7,4,FAP,FAP,KNX,0,1,3,1,0,0,0,5,3,2,6,2,0,0,0,5,23,6.0,2,-1.291157440690151,0.2254406353234506,0.251,12,8,Home
32,7059,7.0,S7,8,BBB,BBB,RRR,2,1,0,1,1,0,0,2,1,2,0,1,0,0,0,4,11,2.0,3,1.6044212796549244,-0.11437370171337113,-0.2012,3,1,Home
32,7080,7.0,S7,10,FAP,FAP,TRI,3,0,0,2,1,0,0,7,6,2,1,5,0,0,0,5,27,7.0,4,-0.4553365451677631,0.1586107007719832,0.12459999999999996,14,6,Home
32,7093,7.0,S7,12,BBB,BBB,KNX,0,0,1,1,3,0,0,2,1,1,2,1,2,0,0,2,12,3.0,0,-1.6455787203450756,0.21481433703682168,0.056999999999999995,4,3,Home
32,7103,7.0,S7,13,FAP,FAP,WSW,0,0,0,1,1,0,0,0,0,2,1,0,0,0,0,1,5,1.0,0,-0.5485262401150252,0.07579281776246674,0.0363,3,0,Home
32,8001,8.1,S8A,1,MKW,MKW,GND,1,0,0,2,2,0,0,2,0,0,0,1,0,0,0,3,8,1.0,5,4.323333333333333,-0.3983104637368082,-0.3639,1,1,Away
32,8023,8.1,S8A,4,MKW,MKW,CDT,2,0,0,1,0,0,0,4,4,3,1,3,0,0,0,3,18,5.0,3,-0.38333333333333297,0.11488478992551497,-0.13479999999999998,9,4,Away
32,8038,8.1,S8A,7,MKW,MKW,CCD,1,2,1,1,2,0,0,5,2,5,2,0,1,0,0,5,21,5.0,3,-0.3833333333333333,0.1276433660242119,0.04910000000000002,9,1,Home
32,8510,8.2,S8B,3,SBD,SBD,MOB,2,2,0,2,1,0,0,5,3,0,1,3,1,0,0,6,19,4.333333333333333,3,0.7786069651741292,0.0030853268206936235,-0.14639999999999992,6,4,Away
32,8515,8.2,S8B,4,SBD,SBD,CC,2,0,1,0,1,0,0,6,0,1,1,0,0,0,0,3,12,2.6666666666666665,2,0.3120921367190024,0.019914590541640735,-0.0114,2,0,Away
32,8521,8.2,S8B,6,SBD,SBD,MOB,0,1,0,0,0,0,0,1,1,0,0,1,0,0,0,1,4,1.0,0,1.0,-0.08295873192881965,-0.0235,2,1,Home
32,9001,9.0,S9,1,KGB,KGB,GOP,2,0,1,0,0,0,0,3,3,3,1,2,0,0,0,3,15,4.0,2,-0.2992125984251968,0.08508873807201398,-0.016399999999999977,9,3,Home
32,9012,9.0,S9,3,KGB,KGB,NNL,2,0,0,1,1,0,0,4,0,0,1,0,1,0,0,3,9,2.0,3,1.8503937007874014,-0.1519388831410436,-0.09509999999999998,1,0,Away
32,9013,9.0,S9,4,AND,AND,BIR,0,0,1,1,1,0,0,1,0,0,1,0,1,0,0,2,5,1.0,1,0.42519685039370075,-0.024130525629538636,-0.002800000000000004,1,0,Home
32,9039,9.0,S9,10,AND,AND,GOP,1,0,0,0,0,0,0,2,1,0,2,0,0,0,0,1,6,1.6666666666666667,1,-0.006465146131087507,0.022713505904906464,-0.191,2,1,Away
32,10010,10.0,S10,2,SSS,SSS,SEO,1,0,1,1,0,0,0,1,1,0,1,1,0,0,0,3,7,1.3333333333333333,2,1.0921068498080837,-0.0820481044567026,-0.1593,2,2,Home
32,10015,10.0,S10,3,SSS,SSS,ACK,0,0,0,1,3,0,0,2,0,1,0,2,1,1,0,1,9,2.0,0,-1.3773377337733774,0.17653745984034602,0.10930000000000002,3,2,Away
32,10029,10.0,S10,6,SSS,SSS,KRK,1,1,1,1,1,0,0,1,3,6,2,0,0,1,0,4,17,4.0,2,0.015839339035944144,0.06826270172982049,-0.08380000000000001,8,2,Away
32,10038,10.0,S10,8,SSS,SSS,KIR,1,0,0,0,0,0,0,3,1,0,1,1,0,0,0,1,7,2.0,1,-0.3773377337733775,0.06489635390144355,-0.0624,3,1,Home
32,10043,10.0,S10,9,SSS,SSS,ACK,1,0,1,3,0,0,0,2,2,0,0,4,0,0,0,5,13,2.6666666666666665,3,0.6155700676450626,-0.011112214362595504,-0.1273,5,4,Home
32,10049,10.0,S10,10,SSS,SSS,SEO,0,0,1,1,2,1,0,0,3,0,0,0,0,0,0,2,7,1.0,2,1.9161676646706587,-0.16445418594296007,0.0013000000000000008,3,0,Away
32,10053,10.0,S10,11,SSS,SSS,KRK,0,0,0,0,0,0,0,0,1,1,0,2,0,0,0,0,4,1.3333333333333333,0,-1.1197033496453093,0.12749180954973424,0.1394,4,2,Home
32,10056,10.0,S10,12,SSS,SSS,GOB,2,0,2,2,0,0,0,3,2,0,0,2,0,1,0,6,13,2.3333333333333335,5,3.5600549123007443,-0.3016803301818628,-0.2611,2,2,Home
32,10070,10.0,S10,14,SSS,SSS,GRS,1,0,1,1,1,0,0,2,5,0,1,4,0,0,0,3,16,4.0,2,-0.7546754675467549,0.13755344509548875,-0.05390000000000002,8,5,Away
32,11035,11.0,S11,6,POS,POS,DOG,0,0,0,0,0,0,0,0,1,0,0,0,0,0,0,0,1,0.3333333333333333,0,-0.1618204804045512,0.020204710879665494,0.0051,1,0,Away
32,11043,11.0,S11,8,POS,POS,OKT,0,0,1,5,2,0,0,1,4,3,1,4,2,1,0,6,21,5.0,3,-0.0007855459544385268,0.08857713705807213,0.12809999999999983,10,5,Home
32,11049,11.0,S11,9,POS,POS,IDR,2,2,0,1,0,0,0,3,4,4,3,3,0,0,1,5,22,6.0,2,-1.6009426551453263,0.25261551081637124,0.22509999999999997,12,5,Away
32,11067,11.0,S11,12,POS,POS,OKT,2,0,1,1,1,0,0,1,4,4,3,2,1,0,0,4,19,5.0,3,-0.0007855459544385823,0.076509148540441,-0.18560000000000007,10,4,Away
32,11087,11.0,S11,15,POS,POS,HOT,2,1,1,1,2,0,0,2,6,1,2,1,0,0,0,5,19,4.0,5,2.599371563236449,-0.18350656237864776,-0.402,5,2,Home
32,12008,12.0,S12,2,SCR,SCR,SAL,1,0,0,0,0,0,0,1,0,2,2,2,0,0,0,1,8,2.3333333333333335,1,-0.41462826175717293,0.07451003034344564,0.008199999999999999,6,3,Home
32,12017,12.0,S12,4,SCR,SCR,MMN,3,1,0,2,0,0,0,3,7,1,4,1,0,0,0,6,22,5.333333333333333,5,1.747912104227757,-0.08391139896152276,-0.21180000000000004,6,3,Away
34,5128,5.0,S5,11,LMN,LMN,JUP,0,0,1,1,0,0,0,0,0,0,0,0,0,0,0,2,2,0.0,1,1.8992692580939816,-0.1819248262001641,-0.8071999999999999,0,0,Away
34,5144,5.0,S5,12,MVM,MVM,KTY,0,0,0,0,0,0,0,1,0,0,0,0,0,0,0,0,1,0.3333333333333333,0,-0.6604938271604939,0.07005043252066642,0.0040999999999999995,0,0,Away
34,6031,6.0,S6,3,PUK,PUK,JEF,0,0,1,1,0,0,0,3,2,1,0,1,0,0,0,2,9,2.3333333333333335,0,-1.2906536707423117,0.16635928124445978,0.07200000000000001,3,2,Home
34,6073,6.0,S6,6,LMN,LMN,SGP,0,0,1,0,0,0,0,0,0,0,1,0,0,0,0,1,2,0.3333333333333333,0,0.6368286445012787,-0.05539532796785485,-0.031200000000000002,1,0,Away
34,7096,7.0,S7,12,FAP,FAP,MMA,1,1,0,1,3,0,0,6,5,2,4,1,0,0,0,3,24,6.0,1,-2.291157440690151,0.3296286740736434,0.43649999999999994,10,5,Away
34,8011,8.1,S8A,2,NXS,NXS,SCU,1,0,1,2,1,0,0,1,2,1,2,3,1,0,0,4,14,3.3333333333333335,3,0.8405031446540883,-0.024510292671489766,-0.1854,5,3,Away
34,8017,8.1,S8A,3,NXS,NXS,PPM,0,0,0,0,1,0,0,0,1,0,0,1,0,0,0,0,3,0.6666666666666666,0,-1.5471698113207548,0.1674755572307724,0.1485,1,1,Away
34,8028,8.1,S8A,5,NXS,NXS,CCD,1,0,0,0,0,0,0,0,1,1,1,0,0,0,0,1,4,1.0,1,-0.5847813418629648,0.07548956898455907,-0.17960000000000004,2,1,Away
34,8033,8.1,S8A,6,NXS,NXS,MMM,3,0,1,0,0,0,0,1,1,1,3,4,0,0,0,4,14,3.3333333333333335,4,1.6912056737588657,-0.10958054558196749,-0.2249,7,3,Home
34,9035,9.0,S9,9,KGB,KGB,BIR,2,0,0,1,0,0,0,0,0,0,0,0,0,0,0,3,3,0.0,3,3.0,-0.28896650435410115,-0.2982,0,0,Home
35,6055,6.0,S6,4,FRG,FRG,POR,0,0,2,0,2,0,0,2,11,0,3,2,0,0,0,2,22,6.0,0,-3.39527027027027,0.43068992833203035,0.15649999999999994,10,6,Away
35,6095,6.0,S6,7,FRG,FRG,PBA,1,0,1,3,2,0,0,0,6,0,4,0,1,0,0,5,17,3.6666666666666665,5,1.3364864864864863,-0.06320458854932794,-0.15889999999999999,7,4,Away
35,6124,6.0,S6,9,FRG,FRG,PHB,1,0,2,1,3,0,0,3,3,0,4,1,0,1,0,4,18,3.6666666666666665,4,2.0996578419852074,-0.131234187616927,-0.1984,5,5,Home
36,3013,3.0,S3,4,CIN,CIN,TZS,1,0,1,1,0,0,0,1,4,1,1,1,0,0,0,3,11,2.6666666666666665,2,-0.442923133776792,0.10145582848448348,0.0,7,2,Home
36,3042,3.0,S3,11,CIN,CIN,TZS,0,0,1,1,2,0,0,4,4,1,3,6,0,0,0,2,22,6.0,0,-5.521951219512195,0.666522152164828,0.0,11,9,Away
37,3008,3.0,S3,2,CIN,CIN,FTP,0,1,1,2,1,0,0,3,8,0,0,1,0,0,0,4,17,4.0,2,-2.089128015745512,0.2972564158305214,0.0,7,2,Home
39,4089,4.0,S4,12,DDD,DDD,N69,2,0,0,3,7,0,0,2,8,1,2,3,2,0,0,5,28,6.0,6,0.38622754491017997,0.0788577102756949,-0.15610000000000007,11,4,Home
39,6100,6.0,S6,8,CBC,CBC,TAK,1,0,1,1,4,0,0,7,5,0,1,4,1,1,0,3,24,6.0,1,-2.39527027027027,0.34312123305543984,0.4886000000000001,7,5,Home
39,6142,6.0,S6,11,CBC,CBC,SAS,1,0,0,2,1,0,0,6,2,2,4,2,2,0,0,3,20,6.0,1,-2.39527027027027,0.3224023918497573,0.2249,9,6,Home
39,6170,6.0,S6,13,CBC,CBC,PUK,0,0,0,1,4,0,0,3,3,0,3,2,0,0,0,1,16,3.6666666666666665,2,0.6689189189189189,-0.0005916000337076802,-0.10500000000000008,7,5,Away
39,7010,7.0,S7,2,BBC,BBC,BAC,0,0,0,4,1,0,0,2,4,5,2,4,1,0,0,4,22,6.0,0,-3.291157440690151,0.4212525965732577,0.32920000000000005,9,6,Home
39,7057,7.0,S7,8,BBC,BBC,PBA,1,0,1,4,1,0,0,2,4,6,1,3,2,0,0,6,23,6.0,3,-0.29115744069015087,0.1254406353234506,0.20969999999999997,9,4,Away
39,7091,7.0,S7,12,BBC,BBC,TBL,1,0,4,3,3,0,0,1,2,4,3,3,1,0,0,8,24,4.666666666666667,4,1.627561107117182,-0.062243180707089896,-0.357,10,7,Home
41,4063,4.0,S4,8,DDD,DDD,PDB,2,0,4,4,2,0,0,5,0,2,2,0,1,0,0,10,21,3.3333333333333335,9,4.593011345729593,-0.3711907859979247,-0.19992500000000002,7,3,Away
42,4025,4.0,S4,4,PDB,PDB,PGS,0,0,2,2,3,1,0,1,1,0,0,0,0,0,0,4,9,0.6666666666666666,4,3.8679426860564585,-0.34903269064491677,-0.4584,1,0,Home
42,4036,4.0,S4,5,PDB,PDB,DBV,1,2,3,3,3,0,1,5,3,1,2,0,0,2,1,9,23,4.0,6,2.3209770934321834,-0.12720443723008185,-0.34009999999999996,6,4,Home
42,4063,4.0,S4,8,PDB,PDB,DDD,0,4,3,2,4,0,0,4,11,2,1,0,0,0,0,9,31,6.0,7,1.3862275449101802,-0.00855509707072876,0.024529999999999986,10,2,Home
42,5070,5.0,S5,6,SAR,SAR,TAC,1,2,1,1,3,1,0,5,3,5,4,1,0,0,0,5,26,6.0,3,-1.0238663484486876,0.20641392976491177,0.01580000000000003,13,5,Away
42,5158,5.0,S5,14,RKT,RKT,KRB,1,0,1,0,3,0,0,6,5,4,2,0,1,0,0,2,22,6.0,1,-3.0238663484486876,0.3904097305464436,0.364,6,0,Away
45,3017,3.0,S3,5,CIN,CIN,BER,1,1,4,3,4,0,1,3,8,3,2,1,1,0,0,9,30,6.0,6,0.6722757863586473,0.08867291710996514,0.0,12,5,Home
46,3013,3.0,S3,4,CIN,CIN,TZS,2,1,2,4,0,0,0,3,2,2,0,2,1,0,0,9,18,3.3333333333333335,7,3.9209719142645976,-0.2985568939789619,0.0,8,4,Home
46,5028,5.0,S5,3,YUM,YUM,WWC,0,0,1,1,1,0,0,2,2,1,2,0,0,0,0,2,10,2.3333333333333335,1,-0.523450536406554,0.09235555168682578,0.13169999999999998,5,1,Home
46,5053,5.0,S5,5,YUM,YUM,ISO,0,1,2,1,1,0,0,2,7,0,1,3,2,0,0,4,18,5.0,1,-2.353221957040573,0.30734109218716404,0.23740000000000006,7,4,Home
46,5062,5.0,S5,6,YUM,YUM,RKT,0,0,0,2,1,0,0,5,4,0,0,0,0,1,0,2,12,3.0,0,-2.7028707037201842,0.3223007178320399,0.27749999999999997,1,0,Away
46,5122,5.0,S5,11,YUM,YUM,CHI,0,0,2,2,0,0,0,5,4,0,6,3,0,1,0,4,22,6.0,1,-3.0238663484486876,0.39441078035106064,0.4146,9,7,Home
46,5136,5.0,S5,12,YUM,YUM,TSA,0,0,1,3,1,0,0,1,1,0,1,1,1,0,0,4,9,1.6666666666666667,1,-0.06812073210212066,0.04282152145176543,0.09449999999999992,2,1,Away
46,6049,6.0,S6,4,CWJ,CWJ,LID,1,0,3,4,2,0,0,5,1,1,4,5,2,0,0,8,26,6.0,2,-1.3952702702702704,0.24726500129657636,0.3427,10,6,Home
46,6076,6.0,S6,6,CWJ,CWJ,WWC,0,0,2,1,1,0,0,7,3,2,2,4,0,0,0,3,22,6.0,0,-3.39527027027027,0.4306899283320303,0.24509999999999996,9,5,Away
46,6108,6.0,S6,8,CWJ,CWJ,SLT,0,0,0,0,1,0,0,0,1,0,0,1,1,0,0,0,3,1.0,0,-0.5658783783783784,0.06901914256124739,0.0231,1,1,Home
46,6171,6.0,S6,13,CWJ,CWJ,SGP,1,0,0,4,1,0,0,2,5,6,3,2,0,0,0,5,24,6.0,2,-1.3952702702702704,0.23897746481430332,0.01839999999999998,13,3,Home
46,7011,7.0,S7,2,RRR,RRR,TBL,0,0,0,1,0,0,0,0,1,0,0,1,1,0,0,1,3,1.0,0,-0.5485262401150253,0.06741674026208105,0.08360000000000001,2,1,Home
48,6061,6.0,S6,5,MPD,MPD,WWC,2,0,2,1,2,0,0,6,3,2,1,2,0,0,0,5,21,4.666666666666667,4,0.482581126657855,0.03876102039808125,-0.2156,8,2,Home
54,3046,3.0,S3,12,CIN,CIN,BER,2,2,4,1,4,0,0,3,4,0,3,0,1,0,0,9,23,3.6666666666666665,9,4.99869918699187,-0.38034620529405083,0.0,7,2,Away
54,4051,4.0,S4,7,DDD,DDD,PGS,1,3,3,3,4,0,0,3,2,3,2,0,2,0,0,10,24,4.0,8,4.25748502994012,-0.32505096176540105,-0.3774,6,2,Away
54,11085,11.0,S11,15,OKT,OKT,IDR,1,0,1,1,1,0,0,5,3,3,3,1,0,0,0,3,19,5.0,1,-2.0007855459544386,0.276509148540441,0.1698,10,4,Away
59,3033,3.0,S3,9,CCF,CCF,LAN,1,0,3,1,4,0,0,5,2,0,6,3,2,0,0,5,25,6.0,4,-1.5219512195121943,0.282112201739411,0.0,12,7,Away
59,3050,3.0,S3,13,CCF,CCF,CIN,0,0,2,2,2,0,1,2,4,0,3,0,0,0,0,4,15,3.0,4,0.8311971875065205,-0.005169470877737101,0.0,3,2,Away
59,4037,4.0,S4,5,FWG,FWG,CCS,0,1,1,3,3,0,0,2,1,0,3,2,1,0,0,5,16,3.0,3,0.1931137724550901,0.047820316906898364,-0.322,5,4,Away
59,4080,4.0,S4,10,FWG,FWG,DCL,1,0,0,2,2,0,0,2,1,0,0,0,0,0,0,3,8,1.0,5,4.06437125748503,-0.3728712786722993,-0.34130000000000005,1,0,Away
59,6076,6.0,S6,6,WWC,WWC,CWJ,1,0,1,5,2,0,0,2,2,0,2,1,1,2,1,7,16,3.0,4,2.3023648648648645,-0.15150488990489272,-0.18830000000000002,6,3,Home
59,6119,6.0,S6,9,WWC,WWC,LID,0,0,2,3,3,0,0,5,4,2,3,3,1,0,0,5,25,6.0,2,-1.3952702702702702,0.24312123305543984,0.02709999999999997,10,6,Home
59,11079,11.0,S11,14,OKT,OKT,DOG,2,0,1,0,4,0,0,3,3,1,3,2,1,1,0,3,19,4.333333333333333,3,0.3117144540455614,0.04928181137965138,-0.0857,8,3,Home
60,3006,3.0,S3,2,CCF,CCF,LAN,1,0,1,5,0,0,0,1,5,0,3,3,3,0,0,7,19,5.0,2,-3.0094532189975443,0.39968230253878,0.0,10,4,Home
61,3002,3.0,S3,1,CCF,CCF,SCB,0,0,0,0,0,0,0,2,8,0,0,0,0,0,0,0,10,3.3333333333333335,0,-2.956170804951292,0.3475839124104058,0.0,3,0,Away
61,3006,3.0,S3,2,CCF,CCF,LAN,0,0,0,0,0,0,0,0,1,0,1,1,0,0,0,0,3,1.0,0,-0.9203252032520324,0.10762256989978622,0.0,3,2,Home
61,3016,3.0,S3,4,CCF,CCF,BAY,1,1,1,1,5,0,1,2,6,1,1,1,1,0,0,4,20,4.0,3,-0.5027293844367009,0.1542066022742233,0.0,6,3,Home
63,3041,3.0,S3,11,CCF,CCF,BAY,0,2,1,0,1,0,0,2,0,1,1,0,0,0,0,3,8,1.3333333333333333,2,1.3996747967479677,-0.09839401414257545,0.0,2,1,Away
63,4022,4.0,S4,3,LMN,LMN,EEE,0,0,1,1,1,0,0,1,0,0,0,1,0,0,0,2,5,0.6666666666666666,1,0.4685777287761852,-0.025879118454991218,-0.05569999999999999,1,1,Away
63,4046,4.0,S4,6,FWG,FWG,EEE,0,0,1,2,1,0,0,0,0,0,1,2,1,0,0,3,7,1.3333333333333333,2,0.5601219657003275,-0.02664208037835452,-0.012799999999999999,3,3,Home
63,4053,4.0,S4,7,LMN,LMN,DCL,0,0,1,1,0,0,0,1,3,0,1,1,0,0,0,2,8,2.0,0,-1.87125748502994,0.2206915955791977,0.22529999999999997,5,2,Home
63,4055,4.0,S4,7,FWG,FWG,LDN,2,0,2,0,3,0,0,2,3,0,0,1,0,0,0,4,13,2.0,4,2.12874251497006,-0.15832974999817506,-0.2572999999999999,4,1,Away
63,4078,4.0,S4,10,LMN,LMN,EEE,0,0,0,1,0,0,0,1,0,0,1,0,1,0,0,1,3,1.0,0,-0.9356287425149699,0.10615006690507336,0.0944,1,1,Home
63,4096,4.0,S4,12,LMN,LMN,VFQ,0,0,1,1,2,0,0,4,3,1,2,1,1,0,0,2,15,4.0,0,-3.74251497005988,0.4371874602738699,0.37020000000000003,8,3,Away
63,5014,5.0,S5,2,CHI,CHI,KRB,1,0,0,1,0,0,0,0,2,1,2,0,1,0,0,2,7,2.0,1,-0.3412887828162292,0.06213622691394221,0.03620000000000001,4,1,Away
63,5020,5.0,S5,2,LMN,LMN,TRA,2,0,1,1,0,0,0,2,1,1,0,2,0,0,0,4,10,2.0,3,1.6587112171837708,-0.12586062367220668,-0.0663,3,3,Away
63,5050,5.0,S5,5,CHI,CHI,SPR,0,0,2,2,1,0,0,3,1,0,1,0,1,0,0,4,10,2.0,2,0.6587112171837707,-0.02586062367220668,-0.1023,2,1,Home
63,5075,5.0,S5,7,CHI,CHI,WWC,0,0,0,1,0,0,0,5,2,0,2,0,0,0,0,1,10,3.0,0,-2.011933174224344,0.24120381546860478,0.2532,4,1,Away
63,5081,5.0,S5,7,LMN,LMN,NUL,0,0,0,0,0,0,0,3,0,1,1,1,0,0,0,0,6,2.0,0,-1.3412887828162292,0.15813517710932515,0.10370000000000001,3,2,Away
63,5112,5.0,S5,10,CHI,CHI,TSA,0,0,1,0,1,0,0,0,2,2,0,2,0,0,0,1,8,2.0,0,-1.3412887828162292,0.16613727671855924,0.152981,5,2,Away
63,6040,6.0,S6,3,HEL,HEL,SUP,0,0,0,1,0,0,0,3,0,0,0,1,0,0,0,1,5,1.3333333333333333,0,-1.1576214976444335,0.1364809909701259,0.2593,1,1,Away
63,6063,6.0,S6,5,LMN,LMN,LID,2,0,0,6,1,0,0,3,0,0,3,5,1,0,0,8,20,4.0,5,1.9837497918863418,-0.11549961436590393,-0.3101,8,5,Away
63,6081,6.0,S6,6,HEL,HEL,BBB,0,0,0,0,1,1,0,2,0,1,0,1,0,1,0,0,5,1.3333333333333333,0,-1.1658783783783784,0.14145044728465692,0.029900000000000006,2,1,Home
63,6101,6.0,S6,8,HEL,HEL,SGP,1,0,0,3,3,0,0,4,3,2,1,4,1,0,0,4,21,5.0,1,-1.829391891891892,0.269958322253056,0.2747,8,4,Away
63,6114,6.0,S6,9,LMN,LMN,CBC,0,0,0,0,0,0,0,0,1,0,0,0,0,0,0,0,1,0.3333333333333333,0,-0.198885978812689,0.02403236612240541,0.0028000000000000004,0,0,Away
63,6180,6.0,S6,13,HEL,HEL,PHB,1,0,0,0,1,0,0,0,1,0,2,0,0,1,0,1,5,1.0,2,1.4341216216216217,-0.11854955271534309,-0.049,2,2,Away
63,7009,7.0,S7,2,STK,STK,SCG,2,0,2,2,2,0,0,2,2,0,0,0,0,0,0,6,12,1.3333333333333333,4,4.251784729072275,-0.37492200790491337,-0.3864999999999999,0,0,Away
63,7025,7.0,S7,4,STK,STK,BAC,1,0,0,0,0,0,0,1,2,0,3,2,0,0,0,1,9,2.6666666666666665,1,-0.405109352267965,0.07820328397853213,0.2541,6,4,Home
63,7050,7.0,S7,7,STK,STK,BBC,1,0,2,8,3,0,0,4,3,3,5,2,1,3,0,11,31,6.0,4,0.7088425593098493,0.07150906157557185,0.24000000000000005,10,6,Away
63,7083,7.0,S7,11,STK,STK,MMA,0,0,1,0,1,0,0,5,2,2,4,5,0,0,0,1,20,6.0,0,-3.291157440690151,0.412876519072872,0.3362,13,10,Home
65,5093,5.0,S5,8,TAC,TAC,TAI,1,0,1,1,3,0,0,1,3,0,4,5,2,0,0,3,19,5.0,1,-2.353221957040573,0.31134214199178106,0.2061,9,4,Home
65,5166,5.0,S5,14,TAC,TAC,DAD,0,0,0,0,0,0,0,0,0,0,2,0,1,0,0,0,2,1.0,0,-1.553191489361702,0.16332124854540428,0.5793,2,0,Away
65,6010,6.0,S6,1,TAK,TAK,TTT,1,1,2,3,2,0,0,1,1,1,3,1,2,0,0,7,16,3.0,4,1.7898198198198196,-0.11268169012379776,-0.28369999999999995,5,2,Home
65,6023,6.0,S6,2,TAK,TAK,HEL,1,1,0,1,0,0,0,1,2,0,3,2,0,0,0,3,11,2.6666666666666665,1,-0.3561717205009889,0.08119862270260053,-0.0016999999999999932,5,2,Away
65,6052,6.0,S6,4,TAK,TAK,SUP,2,0,1,2,1,0,0,1,2,2,4,5,1,0,0,5,20,5.0,3,0.17060810810810803,0.06581455401191946,-0.10160000000000004,11,6,Home
65,6066,6.0,S6,5,TAK,TAK,SLT,0,0,0,0,1,0,0,0,0,0,0,1,0,0,0,0,2,0.3333333333333333,0,-0.1588969139855548,0.02417722788082851,0.005100000000000002,1,1,Away
65,6094,6.0,S6,7,TAK,TAK,BBB,1,0,1,0,0,0,0,0,1,0,0,2,0,0,0,2,5,1.0,1,0.6153846153846154,-0.04081962033277898,-0.22319999999999998,3,2,Away
65,6164,6.0,S6,12,TAK,TAK,FRG,0,0,0,3,3,0,1,1,2,0,1,2,0,1,0,3,12,2.0,2,0.38078828828828826,0.015790158305945837,-0.19540000000000005,3,2,Home
65,7039,7.0,S7,5,SSC,SSC,TBL,0,0,2,1,2,0,0,1,5,2,2,2,0,0,0,3,17,4.0,2,1.4258498510834956,-0.0713883263550712,-0.07670000000000002,5,2,Away
65,7092,7.0,S7,12,SSC,SSC,STK,0,0,2,1,3,0,0,2,2,0,3,4,1,1,0,3,17,4.0,0,-0.8730659831838214,0.16269129582185332,0.04970000000000002,7,4,Home
65,8014,8.1,S8A,3,BLO,BLO,LAC,1,0,2,3,1,0,0,2,3,0,2,1,2,2,0,6,15,3.3333333333333335,4,1.6912056737588654,-0.09682196948327056,-0.30399999999999994,6,2,Away
65,8037,8.1,S8A,7,BLO,BLO,MMM,0,0,0,3,4,0,0,6,1,1,4,2,2,0,0,3,21,5.333333333333333,0,-3.2243835616438354,0.4117483888552621,0.4953000000000001,8,3,Away
65,8048,8.1,S8A,8,BLO,BLO,SCU,1,0,1,0,2,0,1,0,0,3,1,3,1,0,1,2,11,3.0,1,-1.03,0.15403430439478777,-0.00120000000000001,8,5,Home
66,4008,4.0,S4,1,DCL,DCL,MBX,0,0,1,0,1,0,0,5,0,1,2,3,1,0,0,1,13,4.0,0,-3.74251497005988,0.4287959985048189,0.2212,8,4,Home
66,4045,4.0,S4,6,DCL,DCL,LDN,0,0,1,0,2,0,0,1,0,0,4,0,0,0,0,1,8,1.6666666666666667,0,-1.4670510137387849,0.18027094845008215,0.0136,5,3,Home
66,4064,4.0,S4,8,DCL,DCL,MBX,1,0,0,0,1,0,0,4,5,0,0,3,0,0,0,1,14,4.0,1,-2.74251497005988,0.3329917293893444,0.2598,7,3,Away
66,4071,4.0,S4,9,LMN,LMN,CCS,2,0,1,1,2,0,0,0,0,0,0,2,1,0,0,4,8,1.0,3,2.06437125748503,-0.17287127867229932,-0.0384,2,2,Away
66,4101,4.0,S4,13,DCL,DCL,LDN,0,0,0,0,0,0,0,1,0,0,0,0,0,0,0,0,1,0.3333333333333333,0,-0.32489590181897876,0.03668532106642334,0.0496,0,0,Away
66,4109,4.0,S4,14,DCL,DCL,LMN,0,0,1,0,0,0,0,0,0,0,0,1,0,0,1,1,2,0.6666666666666666,0,-0.9088319088319088,0.10347038353676725,0.11969999999999999,2,2,Home
67,5026,5.0,S5,3,CHI,CHI,WSH,0,0,0,0,1,0,0,1,0,0,2,6,0,0,0,0,10,3.0,0,-2.011933174224344,0.24120381546860478,0.008900000000000002,8,6,Home
67,5063,5.0,S5,6,CHI,CHI,PPP,0,0,0,1,2,0,0,8,2,3,1,3,1,0,0,1,20,6.0,0,-4.023866348448688,0.4824076309372095,0.3316000000000001,8,4,Away
67,5099,5.0,S5,9,CHI,CHI,GTY,0,0,0,1,0,0,0,0,0,0,0,1,0,0,0,1,2,0.3333333333333333,0,-0.182161753590325,0.026218274968266574,0.0027999999999999995,1,1,Home
67,5146,5.0,S5,13,CHI,CHI,KRB,0,0,0,2,3,0,0,3,3,3,5,4,0,0,0,2,23,6.0,1,-3.0238663484486876,0.39441078035106064,0.2925999999999999,14,7,Home
67,6127,6.0,S6,10,BAC,BAC,MPD,1,0,1,1,3,0,0,4,3,3,3,3,1,0,1,3,22,6.0,1,-2.39527027027027,0.3348336965731668,0.32819999999999994,12,7,Home
67,6183,6.0,S6,14,BAC,BAC,SAR,1,0,3,1,4,0,1,2,2,3,1,1,1,0,0,5,18,3.3333333333333335,3,1.526455138524104,-0.07805768551195316,-0.24420000000000003,7,3,Away
70,3025,3.0,S3,7,CCF,CCF,BER,0,0,1,1,2,0,0,6,5,0,2,4,1,0,0,2,21,6.0,0,-5.521951219512195,0.6613254689733004,0.0,14,6,Home
70,4007,4.0,S4,1,FWG,FWG,LMN,1,0,2,5,0,0,0,0,4,1,3,5,1,0,1,8,21,5.0,2,-2.6781437125748497,0.360120450717045,0.0129,13,4,Home
70,5038,5.0,S5,4,CHI,CHI,ISO,0,1,0,0,1,0,0,0,3,1,1,4,0,0,0,1,11,3.0,0,-2.011933174224344,0.24520486527322183,0.0936,5,3,Home
71,4037,4.0,S4,5,FWG,FWG,CCS,0,1,0,0,2,0,0,2,0,2,1,3,1,0,0,1,11,3.0,0,-2.8068862275449096,0.32684166248427104,0.20550000000000004,6,3,Away
71,4062,4.0,S4,8,FWG,FWG,LMN,2,1,1,1,1,0,0,6,6,3,1,2,0,0,0,5,24,6.0,4,-1.6137724550898196,0.26207478673759294,0.0016989999999999996,9,4,Away
71,4102,4.0,S4,13,FWG,FWG,EEE,0,0,1,0,0,0,0,3,1,0,1,1,0,0,0,1,7,2.0,0,-1.87125748502994,0.21649586469467222,0.008300000000000002,3,2,Away
71,4111,4.0,S4,14,FWG,FWG,LDN,0,0,0,0,0,0,0,1,1,0,0,0,0,0,0,0,2,0.6666666666666666,0,-0.6972266806592999,0.0781141298349809,0.017799999999999996,1,0,Home
71,5086,5.0,S5,8,CHI,CHI,GBC,0,0,0,2,1,0,0,1,1,1,1,0,1,0,1,2,7,2.0,0,-1.3412887828162292,0.16613727671855924,0.0412,3,2,Home
71,5099,5.0,S5,9,CHI,CHI,GTY,2,0,0,1,1,0,0,1,0,0,0,0,0,0,0,3,5,0.3333333333333333,4,4.197665629559317,-0.3997613139328466,-0.601,0,0,Home
71,7008,7.0,S7,1,PBA,PBA,SSJ,1,0,2,1,0,0,0,1,0,3,2,4,1,1,0,4,14,3.6666666666666665,3,1.0463644076170098,-0.04181585950880829,-0.13829999999999995,8,8,Away
73,3044,3.0,S3,11,SCB,SCB,FTP,1,0,0,2,1,0,1,3,3,0,0,2,1,0,0,3,12,3.0,1,-1.7609756097560971,0.23845775927394167,0.0,5,3,Away
73,6033,6.0,S6,3,SAS,SAS,SAR,2,0,0,3,4,0,1,3,4,3,1,0,1,2,0,5,20,4.0,4,1.7364864864864864,-0.0824857473436454,-0.3377,8,1,Away
73,6175,6.0,S6,13,SAS,SAS,MPD,0,0,0,4,4,0,1,4,1,2,5,5,1,0,0,4,25,6.0,1,-2.39527027027027,0.34312123305543984,0.5625000000000001,13,10,Away
74,3010,3.0,S3,3,LAN,LAN,SCB,1,1,0,1,4,0,0,3,11,1,1,2,0,1,0,3,25,6.0,2,-3.5219512195121943,0.4873088849309386,0.0,12,5,Home
74,6002,6.0,S6,1,CWJ,CWJ,CBC,1,0,0,3,1,0,0,5,3,0,1,1,0,1,1,4,15,3.6666666666666665,2,0.04845950503623353,0.06559810959569737,-0.08419999999999997,6,2,Away
74,6117,6.0,S6,9,CWJ,CWJ,RBD,2,0,1,1,1,0,0,4,4,3,2,2,0,0,0,4,20,5.0,2,-0.8293918918918921,0.16581455401191944,-0.0045000000000000265,10,4,Away
74,6161,6.0,S6,12,CWJ,CWJ,LMN,2,0,1,3,1,0,0,4,1,2,2,2,0,0,1,6,18,4.0,4,1.7364864864864866,-0.09491705206705492,-0.2526,7,5,Away
74,7006,7.0,S7,1,RRR,RRR,BAC,2,0,0,0,0,0,0,6,4,4,0,1,0,0,0,2,17,5.0,2,-0.7426312005751259,0.14545977881079097,-0.11470000000000002,5,1,Away
76,3010,3.0,S3,3,SCB,SCB,LAN,0,0,2,1,0,0,0,3,3,0,2,1,0,0,0,3,12,3.0,1,-1.7609756097560971,0.23845775927394167,0.0,5,2,Away
76,4012,4.0,S4,2,PGS,PGS,CEL,0,0,0,0,1,0,0,3,5,2,0,2,0,0,0,0,13,4.0,1,-3.4444159019239624,0.3989860916912272,0.1778,5,3,Home
76,4041,4.0,S4,6,PGS,PGS,PGA,0,0,3,3,2,0,0,8,6,3,0,0,0,0,1,6,25,6.0,1,-4.61377245508982,0.570466248506644,0.27790000000000004,9,1,Away
76,4090,4.0,S4,12,PGS,PGS,HON,2,0,1,4,3,0,0,3,2,1,1,2,3,0,0,7,19,4.0,2,-1.7425149700598797,0.2539703838119717,-0.04920000000000002,6,3,Away
76,5095,5.0,S5,8,KTY,KTY,DAD,0,2,0,3,1,0,0,8,2,1,2,3,1,0,0,5,23,6.0,1,-2.4560697382791963,0.33763111933411155,0.31250000000000006,6,3,Home
77,4068,4.0,S4,9,PGS,PGS,CEL,2,0,0,0,0,0,0,0,2,2,1,0,0,0,0,2,7,1.6666666666666667,2,-0.3625950346498014,0.06562961965665834,0.42429999999999995,4,1,Away
78,7095,7.0,S7,12,BAC,BAC,RRR,1,0,1,1,4,0,0,11,1,4,3,2,0,0,0,3,28,7.0,3,-1.4553365451677633,0.26279873952217603,0.12719999999999995,10,8,Away
78,7097,7.0,S7,13,BAC,BAC,BBC,0,0,0,0,2,0,0,2,0,1,1,1,1,0,0,0,7,2.0,0,-1.0970524802300503,0.13902151927435494,0.3077,3,1,Home
80,3030,3.0,S3,8,SCB,SCB,CCF,2,0,1,1,1,0,0,6,8,3,1,0,0,0,0,4,23,6.0,3,-2.5219512195121943,0.37171883535635564,0.0,11,3,Away
80,5105,5.0,S5,9,KTY,KTY,LMN,2,0,0,1,4,0,1,4,1,4,2,0,0,1,0,3,18,3.6666666666666665,3,0.4145374140109506,0.034566204886628676,0.02609999999999999,8,2,Away
80,6071,6.0,S6,6,SAS,SAS,BAC,3,0,1,1,2,0,0,7,1,3,4,2,1,0,0,5,24,6.0,4,0.6047297297297298,0.038977464814303336,-0.2543,9,6,Home
81,3019,3.0,S3,5,SCB,SCB,BAY,4,1,3,7,2,0,0,5,4,1,3,2,0,1,0,15,32,5.0,12,7.398373983739838,-0.5683468530535709,0.0,10,6,Away
81,5057,5.0,S5,5,KTY,KTY,NUL,0,2,1,2,3,0,1,0,2,2,4,1,2,0,0,5,17,3.6666666666666665,3,1.4501657971994,-0.07699873304145032,-0.007600000000000001,9,6,Away
84,3026,3.0,S3,7,SCB,SCB,CIN,3,2,3,1,0,0,0,7,5,1,1,1,0,0,0,9,24,5.0,7,2.3983739837398383,-0.11511700177731997,0.0,8,3,Away
84,4025,4.0,S4,4,PGS,PGS,PDB,0,1,0,1,1,0,0,6,1,1,1,0,0,0,0,2,12,3.0,1,-1.80688622754491,0.23103739336879647,-0.007500000000000006,2,1,Away
89,7072,7.0,S7,9,RRR,RRR,KNX,2,1,2,3,2,0,0,3,3,2,7,1,2,0,0,8,26,6.0,7,3.708842559309849,-0.2619952484259709,-0.2924999999999999,12,5,Home
89,7095,7.0,S7,12,RRR,RRR,BAC,2,0,3,1,6,0,0,4,10,0,3,3,1,0,0,6,32,7.0,4,0.5446634548322371,0.07955089452294739,-0.3728000000000001,12,5,Home
89,9003,9.0,S9,1,AND,AND,NNL,1,0,0,0,1,0,0,0,1,0,0,1,1,0,0,1,4,1.0,1,0.4251968503937008,-0.027808357511504928,-0.08100000000000002,1,1,Home
89,9009,9.0,S9,3,AND,AND,GOP,3,0,0,1,0,0,0,4,0,0,4,0,1,0,0,4,12,3.0,3,1.2755905511811023,-0.08342507253451478,-0.26050000000000006,4,3,Home
89,9024,9.0,S9,6,AND,AND,POS,1,0,1,2,2,0,0,3,2,2,2,0,0,2,0,4,15,3.0,3,1.2755905511811023,-0.06503591312468338,-0.0921,6,1,Home
89,9045,9.0,S9,12,AND,AND,FLB,1,0,0,1,2,0,0,4,1,0,0,0,0,0,1,2,9,2.0,2,0.8503937007874014,-0.04826105125907732,-0.1755,1,0,Away
90,5034,5.0,S5,3,NUL,NUL,JUP,3,2,0,4,4,0,1,3,6,1,1,1,0,0,0,9,25,4.0,6,3.317422434367542,-0.23171599832132822,-0.24179999999999993,8,2,Away
90,5094,5.0,S5,8,NUL,NUL,SAR,0,4,4,5,6,1,0,2,4,2,0,1,0,1,0,13,29,3.3333333333333335,15,12.300397948349962,-1.1100083006964852,-0.009900000000000003,8,3,Away
90,5153,5.0,S5,13,NUL,NUL,TAC,1,0,0,2,1,0,0,3,2,1,1,3,0,1,0,3,14,3.3333333333333335,2,-0.008664522154197496,0.06088219928467535,-0.05589999999999998,4,2,Away
90,7004,7.0,S7,1,CPR,CPR,WSW,0,1,3,3,1,0,1,2,3,2,3,4,1,0,0,7,22,5.0,3,0.48037813983419375,0.044099038520823274,-0.12020000000000002,9,4,Home
91,4055,4.0,S4,7,FWG,FWG,LDN,1,0,3,1,0,0,0,4,4,0,2,2,0,0,0,5,17,4.0,2,-1.7425149700598799,0.24557892204292078,0.22010000000000007,7,4,Away
91,4069,4.0,S4,9,FWG,FWG,MBX,2,1,0,3,2,0,0,4,6,2,3,2,1,0,0,6,25,6.0,5,-0.6137724550898196,0.16627051762211842,-0.2808999999999999,12,4,Home
91,4093,4.0,S4,12,FWG,FWG,CCS,2,0,1,5,2,0,0,5,4,0,3,1,1,1,1,8,23,5.0,5,0.32185628742515004,0.07270764337062151,-0.38430000000000003,10,4,Home
92,3020,3.0,S3,5,LAN,LAN,FTP,3,0,0,3,2,0,0,2,9,0,0,1,0,0,0,6,20,4.0,6,2.6914976214341406,-0.16521609831286085,0.0,5,2,Away
92,3029,3.0,S3,8,LAN,LAN,CIN,3,0,0,2,5,0,1,4,0,0,2,0,1,1,0,5,16,2.3333333333333335,7,4.84129711751663,-0.3957860974956927,0.0,2,2,Away
93,3006,3.0,S3,2,LAN,LAN,CCF,0,1,1,1,2,0,0,5,3,2,4,3,1,0,0,3,22,6.0,1,-4.521951219512194,0.566522152164828,0.0,11,7,Away
93,3014,3.0,S3,4,LAN,LAN,BER,2,0,2,2,2,0,0,1,4,3,0,4,2,0,1,6,20,5.0,2,-2.6016260162601617,0.3692929486480971,0.0,11,5,Away
93,3021,3.0,S3,6,LAN,LAN,BAY,3,0,2,2,2,0,0,3,6,0,6,3,0,0,0,7,27,6.0,6,1.6224932249322501,-0.021938876321978117,0.0,14,9,Home
93,4024,4.0,S4,3,FWG,FWG,DCL,1,0,2,2,1,0,0,3,7,0,5,3,0,0,0,5,24,6.0,2,-3.61377245508982,0.46207478673759306,0.07260000000000003,11,5,Home
94,4046,4.0,S4,6,FWG,FWG,EEE,3,1,3,3,2,0,0,6,7,0,0,1,0,0,0,10,26,4.666666666666667,10,5.826105579209853,-0.4735215549233234,-0.5321,7,2,Home
100,7006,7.0,S7,1,BAC,BAC,RRR,0,0,1,0,0,0,0,0,0,3,0,0,0,0,0,1,4,1.0,0,-0.5485262401150252,0.07160477901227391,0.065,3,0,Home
100,7040,7.0,S7,5,BAC,BAC,SCG,0,0,1,0,0,0,0,2,2,3,1,0,0,0,0,1,9,2.6666666666666665,0,-0.44588968953237584,0.08228131770497321,-0.03470000000000001,4,2,Home
100,7043,7.0,S7,6,BAC,BAC,TRI,0,0,2,2,1,0,0,3,3,8,0,3,1,0,0,4,22,6.0,1,-2.291157440690151,0.3212525965732577,0.1923,11,4,Away
100,7075,7.0,S7,10,BAC,BAC,SSJ,0,0,3,1,1,0,0,0,3,7,1,2,1,0,0,4,18,4.666666666666667,2,-0.39851355351630235,0.11523605285510147,-0.1548999999999999,9,5,Away
103,5011,5.0,S5,1,KTY,KTY,MVM,0,0,1,1,1,0,0,3,3,1,3,4,1,0,0,2,17,5.0,0,-3.353221957040573,0.40334004238254695,0.5245000000000001,9,6,Away
103,5035,5.0,S5,3,KTY,KTY,SAR,1,0,0,2,3,0,0,5,6,0,2,2,0,0,0,3,21,5.0,2,-1.353221957040573,0.2193442416010151,0.05029999999999999,9,3,Home
103,5057,5.0,S5,5,KTY,KTY,NUL,0,1,1,3,1,0,0,0,3,0,0,0,0,0,0,5,9,1.0,5,4.329355608591885,-0.39692611261763516,-0.3413,1,0,Away
103,5079,5.0,S5,7,KTY,KTY,TAI,1,0,0,0,3,0,0,4,6,0,5,2,1,1,0,1,21,6.0,2,-2.0238663484486876,0.29040973054644365,0.3112000000000001,8,4,Away
108,3034,3.0,S3,9,BER,BER,SCB,0,0,1,2,2,0,0,0,3,1,0,0,0,0,0,3,9,1.3333333333333333,4,3.0780418899107636,-0.26103404026732735,0.0,4,1,Away
111,3039,3.0,S3,10,BER,BER,TZS,0,0,1,2,1,0,0,2,3,1,0,0,0,0,0,3,10,2.0,0,-1.8406504065040648,0.2360318725656831,0.0,3,1,Home
113,3024,3.0,S3,6,SCB,SCB,TZS,1,1,2,5,4,0,0,2,4,1,1,2,1,0,0,9,23,3.6666666666666665,5,2.032984901277585,-0.08377477672262218,0.0,6,5,Home
113,3024,3.0,S3,6,TZS,TZS,SCB,0,0,0,0,0,0,0,0,0,1,0,0,0,0,0,0,1,0.3333333333333333,0,-0.1951951951951951,0.024716202711047176,0.0,1,1,Away
113,3054,3.0,S3,14,BER,BER,CCF,0,0,0,0,0,0,0,0,0,2,1,0,0,0,0,0,3,1.0,0,-0.9203252032520324,0.10762256989978622,0.0,3,0,Home
113,4015,4.0,S4,2,CCS,CCS,LMN,2,1,0,2,4,0,0,3,2,1,2,2,2,1,0,5,19,4.0,4,0.09234809070383865,0.07467980862012537,-0.452,6,4,Away
114,5009,5.0,S5,1,JUP,JUP,TAC,0,0,1,0,1,0,0,3,2,1,1,2,0,0,0,1,11,3.0,0,-2.011933174224344,0.2452048652732218,0.12439999999999998,4,2,Home
114,5047,5.0,S5,4,JUP,JUP,SAR,1,0,1,2,4,0,0,2,5,3,5,1,2,0,0,4,24,6.0,2,-2.0238663484486876,0.29841183015567774,0.2713000000000001,12,6,Away
114,5103,5.0,S5,9,JUP,JUP,TAI,0,0,0,0,0,0,0,0,0,1,0,0,0,0,0,0,1,0.3333333333333333,0,-0.467065868263473,0.05070763663096434,0.0115,1,0,Away
114,5119,5.0,S5,10,JUP,JUP,KTY,1,0,3,3,4,0,0,4,1,0,6,5,2,1,0,7,27,6.0,3,-1.0238663484486876,0.2144160293741458,0.03469999999999998,11,9,Home
114,5142,5.0,S5,12,JUP,JUP,TAC,1,0,0,3,3,0,1,3,2,3,6,1,3,1,0,4,22,6.0,2,-2.0238663484486876,0.29441078035106066,0.15560000000000002,11,5,Away
114,5165,5.0,S5,14,JUP,JUP,NUL,1,0,2,0,2,0,0,9,3,1,2,3,0,0,0,3,23,6.0,2,-2.0238663484486876,0.29441078035106066,0.3338,7,3,Away
114,6003,6.0,S6,1,SGP,SGP,WWC,1,0,0,1,0,0,0,3,4,0,4,6,1,0,0,2,19,6.0,1,-2.39527027027027,0.3182586236086207,0.5184000000000001,13,8,Away
114,6086,6.0,S6,7,SGP,SGP,LID,2,0,2,4,3,0,0,0,4,0,3,2,1,2,0,8,20,3.3333333333333335,5,3.1034788860521756,-0.2191849873002143,-0.5731,7,2,Away
114,6185,6.0,S6,14,SGP,SGP,JEF,2,0,1,4,3,0,0,4,2,2,3,3,1,4,0,7,24,5.0,3,0.17060810810810823,0.09482093169987503,-0.09529999999999997,8,6,Home
114,7028,7.0,S7,4,KNX,KNX,FAP,4,0,1,1,2,0,0,3,6,0,4,2,0,0,0,6,23,5.0,6,2.2573687994248743,-0.12941198868805195,-0.24899999999999992,6,3,Away
114,7055,7.0,S7,7,KNX,KNX,MMA,0,0,0,4,2,0,0,4,5,0,4,5,0,0,0,4,24,6.0,0,-3.291157440690151,0.42962867407364336,0.24639999999999995,12,6,Home
116,4010,4.0,S4,2,DBV,DBV,PGA,1,0,0,4,2,0,1,0,2,0,0,0,0,0,0,5,9,0.6666666666666666,2,1.8955863488985782,-0.15179705692912868,-0.15899999999999997,1,0,Home
116,4028,4.0,S4,4,DBV,DBV,DDD,0,1,2,4,2,0,0,3,1,2,1,2,1,0,0,7,18,3.3333333333333335,4,-0.33180068434559407,0.10870322435601769,-0.14959999999999996,6,5,Home
116,4099,4.0,S4,13,DBV,DBV,N69,1,0,0,1,2,0,1,2,2,0,0,1,0,0,0,2,9,1.6666666666666667,1,-0.05435607657923569,0.0431971856186527,-0.024999999999999994,1,1,Away
116,5102,5.0,S5,9,GBC,GBC,KRB,2,0,1,2,3,0,0,5,5,4,1,2,1,0,0,5,25,6.0,3,-1.0238663484486876,0.20241287996029478,0.12360000000000004,11,4,Home
116,5123,5.0,S5,11,GBC,GBC,WSH,1,0,1,2,2,0,0,9,7,0,1,1,0,0,0,4,24,6.0,3,-1.0238663484486876,0.19841183015567768,0.126,6,1,Home
116,6002,6.0,S6,1,CBC,CBC,CWJ,1,1,1,3,1,0,0,5,5,3,3,2,0,0,0,6,25,6.0,1,-2.39527027027027,0.34312123305543984,0.4842000000000001,12,4,Home
116,6044,6.0,S6,4,CBC,CBC,SAR,2,0,1,0,2,0,0,7,7,1,1,2,0,0,0,3,23,6.0,4,0.6047297297297298,0.0348336965731668,-0.3451000000000002,11,3,Away
116,6085,6.0,S6,7,CBC,CBC,BAC,0,0,0,2,1,0,0,3,6,2,4,1,1,0,1,2,19,6.0,0,-3.39527027027027,0.4224023918497573,0.5206,12,3,Away
116,6114,6.0,S6,9,CBC,CBC,LMN,0,0,0,0,0,0,0,0,1,0,0,0,0,0,0,0,1,0.3333333333333333,0,-0.3631713554987212,0.04046090379100863,0.1381,0,0,Home
116,6128,6.0,S6,10,CBC,CBC,SGP,4,0,0,3,0,0,0,6,5,0,3,5,0,0,1,7,26,6.666666666666667,5,1.7102933103819513,-0.05914758852750929,-0.5731,13,7,Away
116,6156,6.0,S6,12,CBC,CBC,LID,0,0,0,1,1,0,0,3,2,1,2,0,1,0,0,1,10,3.0,0,-1.131756756756757,0.1546133580870408,0.22149999999999997,4,2,Away
116,7013,7.0,S7,2,SSC,SSC,TRI,1,0,1,4,1,0,0,6,3,2,1,1,1,0,0,6,20,4.666666666666667,2,-0.5964517985817703,0.14340595486203397,0.22320000000000007,6,3,Home
116,7031,7.0,S7,4,SSC,SSC,RRR,0,0,1,4,1,0,0,3,1,3,4,3,1,0,0,5,20,5.0,1,-1.7426312005751257,0.25802389506136947,0.1936,10,6,Home
116,7056,7.0,S7,7,SSC,SSC,BAC,0,0,0,1,1,0,0,6,6,2,1,2,1,1,0,1,19,6.0,0,-3.291157440690151,0.41287651907287204,0.2265,8,3,Away
116,7071,7.0,S7,9,SSC,SSC,FAP,2,1,1,1,2,0,0,4,1,1,2,2,2,0,0,5,17,4.0,3,0.5073687994248742,0.020459778810790974,-0.06179999999999998,7,2,Home
116,7102,7.0,S7,13,SSC,SSC,TRI,1,0,3,3,2,0,0,5,3,4,0,2,1,0,0,7,23,5.0,4,1.2573687994248743,-0.029411988688051935,0.054800000000000015,8,2,Away
117,3046,3.0,S3,12,BER,BER,CIN,4,0,1,0,1,0,0,1,2,0,0,0,0,0,0,5,9,1.0,6,5.079674796747968,-0.46119733095104787,0.0,2,1,Home
117,4010,4.0,S4,2,PGA,PGA,DBV,3,0,4,4,2,0,0,1,3,1,8,5,0,2,0,11,31,6.0,8,2.3862275449101804,-0.10016363530167792,-0.3991000000000001,14,5,Away
117,4026,4.0,S4,4,PGA,PGA,N69,3,0,2,2,1,0,0,4,2,1,4,6,1,0,0,7,25,6.0,4,-1.61377245508982,0.2662705176221184,0.17960000000000004,14,7,Home
117,4041,4.0,S4,6,PGA,PGA,PGS,4,0,2,4,2,0,0,2,6,0,4,5,1,0,0,10,29,6.0,9,3.38622754491018,-0.21694655883977976,-0.22279999999999997,9,5,Home
117,4062,4.0,S4,8,LMN,LMN,FWG,3,0,1,7,1,0,0,4,2,0,3,6,3,0,0,11,27,6.0,6,0.38622754491018046,0.07466197939116934,-0.0033079999999999997,10,6,Home
117,4076,4.0,S4,10,PGA,PGA,DDD,0,1,0,3,0,0,0,0,5,0,3,1,0,0,0,4,13,3.0,2,-0.8068862275449099,0.13523312425332196,0.17570000000000002,6,1,Home
117,4097,4.0,S4,13,PGA,PGA,PGS,0,1,3,3,3,0,0,3,4,0,2,7,2,0,0,7,26,6.0,4,-1.6137724550898198,0.27046624850664397,0.01730000000000012,10,7,Away
117,5022,5.0,S5,2,JUP,JUP,DAD,1,0,1,3,2,0,0,2,2,1,8,2,0,0,0,5,22,5.0,2,-1.353221957040573,0.22334529140563217,-0.01239999999999997,10,2,Away
117,5082,5.0,S5,7,JUP,JUP,POR,3,0,1,4,1,0,0,2,2,1,0,3,1,0,0,8,17,3.0,4,1.9880668257756562,-0.13078883589907592,-0.21230000000000004,3,3,Home
117,5154,5.0,S5,13,JUP,JUP,DAD,2,0,0,0,2,0,0,0,0,0,4,2,1,0,0,2,10,2.3333333333333335,3,1.4765494635934457,-0.10764444831317416,-0.0911,4,2,Home
117,6063,6.0,S6,5,LMN,LMN,LID,1,0,1,1,0,0,0,0,0,0,2,1,0,0,0,3,6,1.0,2,2.186858316221766,-0.19382322217535752,-0.11180000000000001,2,1,Away
117,6073,6.0,S6,6,SGP,SGP,LMN,2,0,2,5,1,0,0,3,2,1,2,2,2,2,0,9,20,4.0,4,3.1117845786963434,-0.22001555656463107,-0.3829,5,2,Home
117,6086,6.0,S6,7,SGP,SGP,LID,0,0,2,1,0,0,0,0,0,0,1,1,0,0,0,3,5,0.6666666666666666,2,1.6533361186076565,-0.1446147706550831,-0.030899999999999997,2,1,Away
117,7016,7.0,S7,2,KNX,KNX,PBA,2,0,1,4,1,0,0,4,1,1,5,5,2,0,0,7,24,6.0,3,-0.291157440690151,0.12962867407364342,0.30290000000000006,10,6,Away
117,7058,7.0,S7,8,KNX,KNX,BAC,1,0,0,1,1,0,0,1,3,0,0,3,0,0,0,2,10,2.3333333333333335,1,-0.2432318822234058,0.06620357572426905,0.005300000000000001,3,2,Home
117,7078,7.0,S7,10,KNX,KNX,TBL,0,0,1,5,2,0,0,2,5,0,5,3,2,1,1,6,23,6.0,1,-2.2911574406901507,0.33381671282383624,0.44799999999999995,10,4,Home
117,7110,7.0,S7,14,KNX,KNX,SSJ,0,2,2,3,3,0,1,1,1,1,3,2,2,1,5,7,18,5.0,2,-0.7426312005751255,0.170588011311948,-0.013000000000000001,10,5,Away
117,8011,8.1,S8A,2,NXS,NXS,SCU,1,0,1,1,0,0,0,1,1,0,3,0,0,1,0,3,8,1.6666666666666667,2,0.7761635220125788,-0.03934062390516706,-0.03730000000000001,3,0,Away
117,8019,8.1,S8A,4,NXS,NXS,BLO,1,2,1,2,0,0,0,4,2,3,8,1,0,0,0,6,24,6.0,1,-3.06,0.4080686087895755,0.13440000000000005,10,2,Home
117,8044,8.1,S8A,8,NXS,NXS,CDT,2,0,3,3,2,0,0,2,6,1,5,0,0,3,1,8,24,5.0,6,2.616666666666667,-0.1425866230788286,-0.2606000000000001,7,3,Away
117,10004,10.0,S10,1,SSS,SSS,BEE,0,0,0,0,0,0,0,1,0,1,2,0,0,0,0,0,4,1.3333333333333333,0,-1.1060242387875152,0.12612389846395483,0.0817,3,0,Away
117,10010,10.0,S10,2,SSS,SSS,SEO,1,0,1,2,0,0,0,0,0,0,0,1,0,0,0,4,5,0.3333333333333333,4,3.7079074526568205,-0.35138890203417794,-0.78,1,1,Home
117,11009,11.0,S11,2,DOG,DOG,WRM,0,0,0,3,1,0,0,1,2,0,2,0,1,0,0,3,9,2.0,0,-1.2003142183817754,0.15623538739107096,0.0472,2,1,Away
117,11026,11.0,S11,5,DOG,DOG,LAX,0,0,1,0,2,0,0,1,0,0,1,0,0,0,0,1,5,0.6666666666666666,1,-0.044330530771909515,0.02454636727324283,-0.0004000000000000045,1,0,Home
117,11051,11.0,S11,9,DOG,DOG,ROY,0,0,1,1,0,0,0,1,0,1,1,0,0,1,0,2,5,1.0,1,0.39984289080911223,-0.01584831204564898,-0.0129,1,0,Away
117,11076,11.0,S11,13,DOG,DOG,HOT,1,0,0,1,2,0,0,0,1,0,2,2,1,0,0,2,9,2.0,3,1.7996857816182246,-0.1437646126089291,-0.09799999999999999,4,1,Away
119,6143,6.0,S6,11,SGP,SGP,PUK,1,0,0,1,0,0,0,3,6,2,2,2,1,0,0,2,17,5.333333333333333,1,-2.028277870704581,0.2732718471697788,0.08310000000000001,8,4,Away
119,7072,7.0,S7,9,KNX,KNX,RRR,1,0,1,0,0,0,0,1,6,0,0,0,0,0,0,2,9,2.3333333333333335,1,1.2853004609464203,-0.09083769734290639,-0.3776,3,0,Away
119,7081,7.0,S7,11,KNX,KNX,BBC,0,0,0,1,1,0,0,3,0,0,0,0,0,0,0,1,5,1.0,0,-0.5485262401150252,0.07579281776246674,0.0015000000000000005,0,0,Away
119,7098,7.0,S7,13,KNX,KNX,PBA,0,0,0,0,0,0,0,0,1,0,0,0,0,0,0,0,1,0.3333333333333333,0,-0.3441176470588235,0.038599803456075193,0.08929999999999999,1,0,Home
124,3034,3.0,S3,9,BER,BER,SCB,0,0,0,1,1,0,0,0,0,0,1,0,1,0,0,1,3,0.6666666666666666,0,-0.6022727272727273,0.07581732230185571,0.0,1,1,Away
124,3039,3.0,S3,10,BER,BER,TZS,3,0,0,1,0,0,0,1,2,0,1,1,0,0,1,4,9,2.0,3,1.1593495934959352,-0.06396812743431693,0.0,3,2,Home
124,3054,3.0,S3,14,BER,BER,CCF,0,0,0,0,0,0,0,1,1,0,0,0,0,0,0,0,2,0.6666666666666666,0,-0.8571428571428571,0.09610765209734104,0.0,1,0,Home
125,4049,4.0,S4,7,PGA,PGA,PDB,2,0,0,1,1,0,1,0,3,0,0,0,0,0,0,3,7,1.0,4,1.491379877607423,-0.1197678715690641,-0.2911,3,0,Away
127,3024,3.0,S3,6,TZS,TZS,SCB,0,1,0,1,1,0,0,1,3,0,0,1,1,0,0,2,8,2.0,0,-1.8406504065040648,0.22563850618262776,0.0,3,1,Away
127,3031,3.0,S3,8,TZS,TZS,FTP,1,1,0,0,1,0,0,1,2,0,0,1,0,0,0,2,7,1.3333333333333333,3,1.7616223207686628,-0.1397854497361726,0.0,1,1,Home
127,3042,3.0,S3,11,TZS,TZS,CIN,0,0,1,3,3,0,0,3,5,0,2,3,1,0,0,4,20,4.666666666666667,1,-4.119431046048542,0.5158767684354074,0.0,10,4,Home
127,4094,4.0,S4,12,MBX,MBX,LDN,0,1,0,0,1,0,0,1,2,0,1,2,0,0,0,1,8,2.0,0,-1.87125748502994,0.22069159557919765,0.14069999999999996,4,2,Home
127,6104,6.0,S6,8,BBB,BBB,AAL,0,0,0,4,1,0,0,4,6,1,2,2,1,0,2,4,20,6.0,0,-3.39527027027027,0.4306899283320303,0.4479000000000001,11,4,Home
127,6125,6.0,S6,9,BBB,BBB,SUP,1,0,1,1,1,0,0,6,5,1,1,0,0,0,0,3,17,4.333333333333333,1,-1.2620669367751955,0.19665075377684024,0.08660000000000001,4,1,Away
127,6167,6.0,S6,12,BBB,BBB,LIM,1,0,0,0,0,0,0,1,1,0,0,1,0,0,0,1,4,1.0,1,0.4341216216216216,-0.026837089197616112,-0.1356,2,1,Away
127,6196,6.0,S6,14,BBB,BBB,POR,0,0,0,1,0,0,0,1,1,0,0,0,0,0,0,1,3,0.6666666666666666,0,-0.3669923995656894,0.04913054467997848,0.024400000000000005,0,0,Away
127,9003,9.0,S9,1,AND,AND,NNL,0,0,0,1,0,0,0,1,3,0,0,1,0,0,1,1,6,2.0,0,-1.1496062992125984,0.14070545309502383,0.122,3,2,Home
127,9009,9.0,S9,3,AND,AND,GOP,0,0,0,0,1,0,0,0,2,0,0,1,0,0,0,0,4,1.0,0,-0.5748031496062992,0.07219164248849506,0.045899999999999996,2,1,Home
127,9024,9.0,S9,6,AND,AND,POS,0,0,0,1,0,0,0,0,2,1,0,0,0,0,0,1,4,1.0,0,-0.5748031496062992,0.07219164248849506,0.004699999999999999,2,0,Home
127,9026,9.0,S9,7,AND,AND,ARR,0,0,1,1,2,0,0,2,2,0,1,1,0,0,0,2,10,2.0,2,0.8503937007874017,-0.04826105125907735,-0.12910000000000002,4,2,Home
127,9045,9.0,S9,12,AND,AND,FLB,1,0,0,1,0,0,0,0,1,0,1,1,0,0,0,2,5,1.0,1,0.42519685039370075,-0.024130525629538643,-0.027800000000000005,3,2,Away
127,10033,10.0,S10,7,KRK,KRK,KIR,2,0,1,0,0,0,0,4,2,4,1,4,0,0,0,3,18,5.0,2,-1.4433443344334438,0.21418106907675927,-0.0357,9,4,Away
127,11063,11.0,S11,11,PRP,PRP,OKT,2,0,1,1,2,0,0,4,1,3,5,3,0,1,2,4,22,6.0,2,-1.6009426551453263,0.260660836494792,0.0972,12,3,Away
127,12009,12.0,S12,2,DDD,DDD,SEF,0,1,0,1,1,0,0,2,0,0,0,0,0,0,0,2,5,0.6666666666666666,2,2.5149178255372946,-0.23083727994889922,-0.5599,0,0,Away
127,12016,12.0,S12,4,DDD,DDD,KEG,0,0,0,0,0,0,0,1,4,0,2,0,0,0,0,0,7,2.3333333333333335,0,-1.6717815999816776,0.19609446364493008,0.2973,4,1,Away
127,12022,12.0,S12,5,DDD,DDD,SDV,0,0,1,1,1,1,0,0,0,0,2,1,0,0,0,2,6,1.0,2,1.75,-0.15021459687420374,-0.0682,3,3,Home
127,12036,12.0,S12,8,DDD,DDD,KEG,0,0,1,0,3,0,0,1,1,0,1,0,0,0,0,1,7,1.0,1,0.75,-0.04608369635323771,-0.0563,2,1,Home
127,12045,12.0,S12,9,DDD,DDD,WWC,1,0,0,0,0,0,0,0,0,1,1,1,0,0,0,1,4,1.0,1,0.38751345532831,-0.022227743448966837,0.0006000000000000001,3,2,Away
128,3023,3.0,S3,6,CIN,CIN,CCF,1,0,0,1,2,0,0,3,1,0,2,1,1,0,0,2,11,2.6666666666666665,1,-1.2759456696363367,0.18475808207043795,0.0,3,3,Away
128,3029,3.0,S3,8,CIN,CIN,LAN,2,0,1,2,0,0,0,1,2,0,0,0,0,0,0,5,8,1.0,2,2.079674796747968,-0.16639401414257549,0.0,1,0,Home
128,6014,6.0,S6,1,SUP,SUP,PHB,1,1,1,0,1,0,0,1,0,0,1,0,1,0,1,3,6,1.3333333333333333,2,1.1221486030718748,-0.08320848261923187,-0.015900000000000004,2,1,Home
129,4087,4.0,S4,11,MBX,MBX,EEE,0,1,3,0,2,0,0,4,5,6,1,1,1,0,0,4,23,6.0,3,-2.61377245508982,0.35787905585306756,0.07099999999999991,9,2,Away
129,5064,5.0,S5,6,TSA,TSA,SPR,2,0,1,3,1,0,0,0,1,0,0,0,0,0,0,6,8,0.3333333333333333,5,5.794144340986252,-0.5474060356616888,-0.42500000000000004,0,0,Home
129,6193,6.0,S6,14,SUP,SUP,PBA,0,0,1,0,0,0,0,2,1,2,0,0,0,0,0,1,6,1.6666666666666667,0,-0.9328707779440678,0.11814968724122585,0.2284,2,0,Home
130,5004,5.0,S5,1,TSA,TSA,YUM,0,1,2,2,1,1,0,3,2,3,3,4,2,0,0,5,21,5.666666666666667,3,-0.45606973827919606,0.12962901972487745,-0.3499999999999999,10,6,Away
131,5018,5.0,S5,2,SPR,SPR,ISO,0,0,0,0,1,0,0,0,2,0,1,0,0,0,0,0,4,1.0,0,-0.6706443914081146,0.08306863835927962,0.168,3,0,Home
131,5088,5.0,S5,8,SPR,SPR,WWC,0,0,0,0,0,0,0,0,0,0,1,1,1,0,0,0,2,1.0,0,-0.9590361445783133,0.10390571406706542,0.0857,2,1,Home
131,5101,5.0,S5,9,SPR,SPR,PPP,2,0,1,0,3,0,0,3,5,1,3,2,0,0,1,3,20,5.0,2,-1.353221957040573,0.2193442416010151,0.2465,10,6,Away
131,5137,5.0,S5,12,SPR,SPR,GBC,0,0,0,2,2,0,0,4,3,1,1,5,0,0,1,2,18,5.0,0,-3.353221957040573,0.41134214199178104,0.44809999999999994,9,6,Away
131,6047,6.0,S6,4,RBD,RBD,SAS,0,0,0,2,1,0,1,4,3,1,4,1,2,0,0,2,16,5.0,0,-2.829391891891892,0.34923948104737335,0.4234,7,4,Away
131,6186,6.0,S6,14,RBD,RBD,AAL,0,0,0,0,0,0,0,3,0,0,1,1,0,0,0,0,5,1.6666666666666667,0,-0.9342994310099573,0.11414878430667828,0.0009999999999999996,2,1,Away
131,9004,9.0,S9,1,ARR,ARR,BIR,0,1,1,0,2,0,1,1,2,0,0,0,0,1,0,2,7,1.0,2,1.701325377806035,-0.14070988272487323,-0.1894,1,0,Home
131,10012,10.0,S10,3,CRN,CRN,GRS,2,0,0,2,3,0,0,6,3,1,0,1,0,0,1,4,18,4.0,6,3.245324532453245,-0.25080544896560875,-0.36289999999999994,5,2,Away
131,10037,10.0,S10,8,CRN,CRN,GOB,2,0,0,2,2,0,1,5,0,2,1,1,0,1,0,4,15,3.0,4,1.9339933993399339,-0.13131344159318012,-0.2575,4,2,Away
132,3039,3.0,S3,10,TZS,TZS,BER,1,0,2,5,3,0,0,3,6,0,4,0,1,0,1,8,24,5.0,4,-0.45718157181571756,0.17563523696976335,0.0,11,5,Away
132,3047,3.0,S3,12,TZS,TZS,CCF,0,0,1,3,2,0,0,0,1,1,0,0,0,0,0,4,8,0.6666666666666666,5,4.5647047368677285,-0.41489700815455144,0.0,2,0,Away
132,4048,4.0,S4,6,LMN,LMN,MBX,0,0,4,2,0,0,0,7,5,1,0,0,0,0,0,6,19,4.333333333333333,2,-1.98091703191555,0.2778105899975387,0.1097,6,2,Away
132,4104,4.0,S4,13,MBX,MBX,LMN,1,0,2,3,3,0,0,1,2,2,1,3,0,0,0,6,18,3.0,4,1.19311377245509,-0.043788221324050754,-0.11609999999999998,8,5,Away
132,5078,5.0,S5,7,TSA,TSA,ISO,2,0,1,1,1,0,0,4,3,6,1,2,0,0,0,4,21,5.333333333333333,3,0.5496630633160182,0.02905573956535598,-0.14350000000000002,8,4,Away
133,3013,3.0,S3,4,TZS,TZS,CIN,1,0,2,0,1,0,0,2,1,0,2,1,0,0,0,3,10,2.0,2,0.1593495934959353,0.03603187256568308,0.0,4,2,Away
133,3052,3.0,S3,13,TZS,TZS,SCB,0,1,2,2,2,0,0,2,4,0,3,0,0,0,0,5,16,3.0,5,2.2390243902439027,-0.14075550795994765,0.0,5,3,Home
133,4031,4.0,S4,4,MBX,MBX,EEE,2,0,1,1,0,0,0,2,10,1,2,1,0,0,0,4,20,5.333333333333333,2,-3.082350183866005,0.3921496360771096,0.26890000000000003,12,3,Home
133,6196,6.0,S6,14,BBB,BBB,POR,0,0,2,2,2,0,1,4,5,1,0,3,0,0,0,4,19,4.333333333333333,2,-0.46239949232620275,0.12497154581421402,-0.07270000000000003,7,3,Away
134,3052,3.0,S3,13,TZS,TZS,SCB,0,0,1,1,1,1,0,0,1,0,0,1,1,0,0,2,5,1.0,0,-0.9203252032520324,0.11801593628284159,0.0,1,1,Home
134,3055,3.0,S3,14,TZS,TZS,LAN,0,2,0,1,0,0,0,2,0,0,0,0,0,0,0,3,5,0.6666666666666666,2,2.8923076923076922,-0.26324735327313087,0.0,0,0,Away
134,5059,5.0,S5,5,JUP,JUP,MVM,2,0,0,0,1,0,0,1,1,0,0,1,0,0,0,2,6,1.0,3,2.3293556085918854,-0.20892926203148632,-0.23829999999999996,1,1,Home
134,5091,5.0,S5,8,JUP,JUP,TRA,0,0,0,0,0,0,0,0,2,0,0,0,0,0,0,0,2,0.6666666666666666,0,-0.9844961240310075,0.10645171201233483,0.0056,1,0,Away
134,5128,5.0,S5,11,JUP,JUP,LMN,1,0,1,0,3,2,0,2,10,2,0,2,0,0,0,2,21,5.333333333333333,2,-1.3499533049704269,0.2190173763940005,0.043500000000000046,9,3,Home
134,6026,6.0,S6,2,BBB,BBB,FRG,0,2,0,0,1,0,0,0,3,0,1,2,1,0,0,2,9,2.3333333333333335,2,0.6693572644305542,-0.02964181227282681,-0.09230000000000002,6,3,Home
134,6167,6.0,S6,12,BBB,BBB,LIM,2,0,1,1,2,0,1,4,2,0,2,1,0,0,0,4,15,3.0,4,2.302364864864865,-0.16807996286943883,-0.3494999999999999,5,3,Away
134,8003,8.1,S8A,1,BIS,BIS,SCU,0,0,0,0,0,0,0,0,0,0,0,1,1,0,0,0,1,0.6666666666666666,0,-2.4827586206896552,0.25252872076853117,0.5468,1,1,Away
134,8020,8.1,S8A,4,BIS,BIS,CCD,1,0,0,1,0,0,0,1,0,1,2,1,0,0,0,2,7,1.6666666666666667,1,-0.07453900709219852,0.03722391160617937,-0.004399999999999999,4,3,Home
134,8027,8.1,S8A,5,BIS,BIS,MMM,0,0,0,0,0,0,0,0,1,0,0,0,0,0,0,0,1,0.3333333333333333,0,-0.7272727272727273,0.07698013142683838,0.179,1,0,Home
134,10043,10.0,S10,9,ACK,ACK,SSS,1,0,0,0,2,0,0,0,0,0,0,0,0,0,0,1,3,0.0,3,3.825147748114937,-0.3708736688725912,-0.7377,0,0,Away
134,11015,11.0,S11,3,LAX,LAX,LOB,1,0,2,0,1,0,0,1,1,1,0,2,0,0,0,3,9,1.6666666666666667,3,1.9615062620227757,-0.1599466606493842,-0.11889999999999999,4,2,Away
134,11050,11.0,S11,9,LAX,LAX,OKT,0,0,2,1,5,1,0,3,2,1,2,3,1,0,0,3,19,4.0,3,0.5993715632364487,0.01649343762135226,-0.1833,7,3,Away
134,11074,11.0,S11,13,LAX,LAX,WRM,1,1,1,1,0,0,0,4,3,3,4,1,0,0,0,4,19,5.0,2,-1.0007855459544386,0.17650914854044103,0.24989999999999998,8,2,Home
134,11086,11.0,S11,15,LAX,LAX,ARA,0,0,0,0,0,0,0,1,1,0,1,0,0,0,0,0,3,1.0,0,-0.6001571091908877,0.0720836994367199,0.0376,1,1,Home
134,12008,12.0,S12,2,SAL,SAL,SCR,1,0,0,2,0,0,0,1,2,0,1,1,1,0,0,3,8,2.0,1,-0.2249730893433799,0.05554451310206632,0.013499999999999984,3,1,Away
135,3042,3.0,S3,11,TZS,TZS,CIN,2,0,2,1,1,0,1,1,2,1,0,0,0,0,0,5,10,1.3333333333333333,4,3.1896526237989655,-0.26699843046461996,0.0,1,1,Home
135,5049,5.0,S5,5,TSA,TSA,KRB,0,0,1,0,0,0,0,2,0,1,2,0,0,0,0,1,6,1.6666666666666667,0,-1.0681207321021209,0.13081837203791433,0.1957,3,2,Away
135,5098,5.0,S5,9,TSA,TSA,RKT,2,0,1,1,0,0,0,3,3,0,1,1,0,0,1,4,12,3.0,2,-0.08322426668719674,0.06033607412874118,-0.029900000000000003,4,2,Away
135,5147,5.0,S5,13,TSA,TSA,WWC,2,0,1,4,0,0,0,3,5,0,1,6,2,0,0,7,22,5.666666666666667,4,-0.9267513688052789,0.1806982325821028,-0.16450000000000006,12,7,Home
135,6014,6.0,S6,1,PHB,PHB,SUP,1,1,1,0,0,0,0,3,0,1,1,2,0,0,0,3,10,2.3333333333333335,3,1.2309362934362933,-0.08165594693226422,0.09169999999999995,4,3,Away
135,6041,6.0,S6,3,PHB,PHB,MBT,0,0,0,0,0,0,0,2,4,0,0,0,0,0,0,0,6,2.0,0,-1.1317567567567568,0.13803828512249475,0.0025,3,0,Away
135,6124,6.0,S6,9,PHB,PHB,FRG,1,0,0,2,3,0,0,4,2,0,5,0,1,0,0,3,17,4.0,3,-0.5373564936618035,0.12417970946550105,0.10169999999999998,7,5,Away
135,6180,6.0,S6,13,PHB,PHB,HEL,0,0,1,1,0,0,0,2,2,1,2,1,1,0,0,2,10,3.0,0,-1.5163721413721412,0.19307489654857926,0.23629999999999995,5,4,Home
135,6192,6.0,S6,14,PHB,PHB,TAK,0,0,1,0,0,0,0,0,3,2,0,0,0,0,0,1,6,1.6666666666666667,0,-0.9328707779440678,0.11814968724122585,0.17210000000000003,3,1,Away
135,7011,7.0,S7,2,TBL,TBL,RRR,0,0,0,1,0,0,0,2,2,0,2,0,1,0,0,1,7,2.3333333333333335,0,-1.467244787922358,0.17604075004358571,0.0405,3,2,Away
135,7027,7.0,S7,4,TBL,TBL,TRI,0,0,0,1,0,0,0,1,2,1,2,1,1,0,0,1,8,2.6666666666666665,0,-1.5596375142436556,0.18946806142590833,0.24669999999999997,6,3,Away
135,7039,7.0,S7,5,TBL,TBL,SSC,0,0,1,0,0,0,0,3,0,0,0,0,0,0,0,1,5,1.3333333333333333,0,1.1818526415541342,-0.09724507040444919,-0.08390000000000002,0,0,Home
135,7078,7.0,S7,10,TBL,TBL,KNX,0,0,0,1,1,0,0,2,3,0,2,0,0,0,0,1,9,2.3333333333333335,0,-0.8763479511143062,0.12532714386316623,0.1769,3,2,Away
135,7091,7.0,S7,12,TBL,TBL,BBC,2,0,0,1,0,0,0,0,3,1,1,1,0,1,0,3,9,2.0,2,0.9029475197699497,-0.04841436447506651,-0.15009999999999998,5,2,Away
135,7101,7.0,S7,13,TBL,TBL,RRR,0,1,0,1,0,0,0,1,2,0,0,0,0,0,0,2,5,1.0,1,0.43971027736208035,-0.023030833985243797,-0.11140000000000003,3,0,Home
135,8021,8.1,S8A,4,GND,GND,PPM,1,1,1,1,0,0,0,6,1,0,1,0,0,0,0,4,12,2.6666666666666665,3,1.0076115305422104,-0.04972684865943326,-0.11609999999999998,2,0,Away
135,8031,8.1,S8A,6,GND,GND,BAG,0,0,1,2,1,0,0,2,3,2,1,1,0,0,0,3,13,3.0,1,-0.43080459770114954,0.09836762286446836,-0.004500000000000004,4,3,Home
135,8529,8.2,S8B,8,ESP,ESP,MOB,1,0,0,0,0,0,0,1,0,0,2,0,0,0,0,1,4,1.0,1,0.35572139303482586,-0.018530871232302258,-0.016599999999999997,2,2,Home
137,4021,4.0,S4,3,MBX,MBX,CCS,2,0,3,3,2,0,0,1,3,1,0,0,0,0,0,8,15,1.6666666666666667,6,4.684298070525616,-0.4054938437846796,-0.5522999999999999,3,2,Away
137,5027,5.0,S5,3,TSA,TSA,PPP,1,0,0,5,1,0,0,2,3,0,5,1,2,0,0,6,18,4.333333333333333,1,-2.815320928464317,0.3535509893295384,0.10259999999999998,7,5,Home
137,5064,5.0,S5,6,TSA,TSA,SPR,1,0,0,3,5,0,0,3,5,2,3,2,2,0,0,4,24,5.666666666666667,1,-2.8180106894349395,0.3778262642543029,0.051799999999999985,11,8,Home
138,5015,5.0,S5,2,TSA,TSA,WWC,0,0,1,0,3,0,0,2,9,2,0,4,0,0,1,1,21,6.0,0,-4.023866348448688,0.4904097305464436,0.5726,11,6,Away
138,5040,5.0,S5,4,TSA,TSA,GBC,2,1,1,2,0,0,0,2,10,2,2,1,0,1,1,6,23,6.0,3,-1.0238663484486876,0.2024128799602947,0.3026999999999999,12,5,Home
138,5064,5.0,S5,6,SPR,SPR,TSA,1,1,1,0,2,0,0,1,5,2,2,2,0,0,1,3,17,4.333333333333333,1,-2.0825775656324588,0.2802766530463526,0.07640000000000001,8,7,Away
138,5109,5.0,S5,10,SPR,SPR,WSH,2,0,0,1,1,0,0,2,3,1,3,5,1,0,0,3,18,5.0,3,-0.35322195704057296,0.107341092187164,-0.05637700000000001,11,7,Away
138,5150,5.0,S5,13,SPR,SPR,ISO,0,0,2,1,3,0,0,3,10,1,0,1,0,0,0,3,21,5.0,4,0.646778042959427,0.01934424160101511,-0.30479999999999996,6,2,Away
138,6030,6.0,S6,3,RBD,RBD,SGP,3,0,1,3,5,0,0,3,11,0,1,2,1,0,0,7,29,6.0,6,2.60472972972973,-0.14030369398001408,-0.22879999999999995,9,4,Home
146,5164,5.0,S5,14,PHB,PHB,TRA,0,0,0,1,0,0,0,0,0,0,0,0,0,0,0,1,1,0.0,0,0.2883917531701986,-0.024838125512402824,-0.04650000000000001,0,0,Away
147,3039,3.0,S3,10,BER,BER,TZS,0,0,0,0,1,0,0,0,0,0,4,1,1,0,0,0,6,2.0,0,-1.8406504065040648,0.21524513979957247,0.0,5,3,Home
147,3046,3.0,S3,12,BER,BER,CIN,1,0,0,1,2,0,0,2,3,1,0,5,1,0,0,2,15,4.0,1,-2.6813008130081295,0.3460803291737279,0.0,7,5,Home
149,2001,2.0,S2,1,HVR,HVR,SAV,0,0,2,1,0,0,0,3,5,0,3,1,0,0,0,3,15,4.0,0,-0.4848484848484848,0.1253598484848485,0.0,9,4,Home
149,2002,2.0,S2,2,HVR,HVR,TRE,0,1,1,1,0,0,0,3,8,1,1,1,0,0,1,3,17,5.0,0,-0.606060606060606,0.1528560606060606,0.0,8,2,Home
149,4083,4.0,S4,11,CEL,CEL,HON,2,0,0,2,4,0,0,0,0,0,0,0,0,0,0,4,8,0.0,7,6.427008620122393,-0.6091350149360356,-0.5007,0,0,Home
149,4091,4.0,S4,12,CEL,CEL,PGA,0,0,0,0,0,0,0,0,3,0,0,0,0,0,0,0,3,1.0,0,-1.7704918032786885,0.18963637298144523,0.0056,2,1,Away
149,4108,4.0,S4,14,CEL,CEL,N69,3,0,1,1,1,0,0,3,13,1,0,1,0,0,0,5,24,6.0,3,-2.61377245508982,0.36207478673759297,0.24530000000000007,8,2,Away
149,5112,5.0,S5,10,CHI,CHI,TSA,1,1,0,0,2,0,0,2,2,2,5,0,1,0,0,2,15,4.0,2,-0.6825775656324584,0.1282735036325014,0.000504,8,5,Away
149,6066,6.0,S6,5,SLT,SLT,TAK,0,1,0,5,2,0,0,3,2,4,0,2,1,0,0,6,19,4.0,3,0.7364864864864863,0.005082947932945087,-0.17909999999999995,6,4,Home
149,6108,6.0,S6,8,SLT,SLT,CWJ,0,0,3,0,1,0,0,5,3,5,3,1,1,0,0,3,21,6.0,0,-3.39527027027027,0.4265461600908938,0.5410999999999999,8,5,Away
149,6139,6.0,S6,10,SLT,SLT,BBB,0,0,1,1,0,0,0,1,1,3,2,1,0,0,0,2,10,2.6666666666666665,1,-0.48953964955500057,0.0903916473668652,0.03209999999999998,6,3,Away
149,6176,6.0,S6,13,SLT,SLT,CIM,2,0,1,3,0,0,0,1,3,2,2,0,0,0,1,6,14,3.0,2,0.5496281702647204,0.0071937065905756555,-0.0958,6,4,Home
149,6195,6.0,S6,14,SLT,SLT,FRG,0,0,0,0,1,0,0,3,1,5,0,2,1,0,0,0,12,4.0,0,-2.2635135135135136,0.2760765702449895,0.3517,7,3,Away
149,7007,7.0,S7,1,STK,STK,SSC,0,0,0,0,0,0,0,1,0,0,0,0,0,0,0,0,1,0.3333333333333333,0,-0.1461794019933555,0.018805978949528394,0.0167,0,0,Home
149,7042,7.0,S7,6,STK,STK,TBL,2,0,0,1,3,0,0,3,3,5,2,1,0,0,1,3,20,5.0,2,-0.7426312005751259,0.16221193381156238,0.004100000000000006,8,6,Home
149,7062,7.0,S7,8,STK,STK,FAP,1,0,1,2,2,0,0,6,3,5,2,1,0,1,0,4,23,5.666666666666667,2,-1.1449780386967954,0.21501073387430783,-0.3072999999999999,8,2,Away
149,8005,8.1,S8A,1,CCD,CCD,BLO,1,0,2,0,1,0,1,1,3,4,1,0,0,0,0,3,13,3.0,3,0.7288172043010753,-0.017594557335754102,-0.20729999999999996,4,2,Away
149,8016,8.1,S8A,3,CCD,CCD,MMM,2,0,1,1,2,0,0,1,1,5,0,2,1,0,0,4,15,3.3333333333333335,2,0.7448344370860928,-0.010690563215124602,0.1182,7,2,Home
149,8028,8.1,S8A,5,CCD,CCD,NXS,2,0,1,1,2,0,0,3,2,10,1,1,0,0,0,4,23,5.666666666666667,3,-0.8983084577114426,0.18764659586115418,-0.2790000000000001,12,2,Home
149,8529,8.2,S8B,8,MOB,MOB,ESP,0,0,1,0,0,0,0,1,0,3,1,1,0,0,0,1,7,2.0,0,-1.2885572139303483,0.1586779405176004,0.1762,5,3,Away
149,9004,9.0,S9,1,ARR,ARR,BIR,0,1,0,0,0,0,0,0,2,0,0,1,0,0,0,1,4,1.0,0,-1.2999999999999998,0.14471132752786514,-0.017099999999999994,3,1,Home
149,9008,9.0,S9,2,ARR,ARR,FLB,2,0,1,0,1,0,0,10,2,1,2,0,0,1,0,3,19,5.0,3,0.12598425196850394,0.06095821244247532,-0.009700000000000014,7,1,Away
149,9023,9.0,S9,6,ARR,ARR,KGB,2,0,1,1,2,0,0,5,4,4,1,4,0,1,0,4,24,6.0,2,-1.4488188976377954,0.23682768681293664,0.144,12,5,Home
149,9040,9.0,S9,10,ARR,ARR,POS,0,0,2,1,6,0,0,8,3,0,1,2,2,0,0,3,24,6.0,3,-0.4488188976377946,0.13314985493097026,0.062200000000000026,6,4,Away
149,10006,10.0,S10,2,KRK,KRK,BEE,1,1,0,2,2,0,0,3,2,0,2,0,0,2,0,4,13,2.3333333333333335,3,0.9820372662266228,-0.03999819692814985,0.009999999999999995,4,1,Home
149,10025,10.0,S10,5,KRK,KRK,ZAH,0,0,1,1,4,0,1,1,1,0,3,0,0,0,2,2,11,2.3333333333333335,1,1.505421970768506,-0.10009740467493983,-0.021799999999999993,5,4,Home
149,10029,10.0,S10,6,KRK,KRK,SSS,0,0,0,0,0,0,0,0,0,0,1,0,0,0,0,0,1,0.3333333333333333,0,-1.125,0.11638036864630083,0.1801,1,0,Home
149,10036,10.0,S10,8,KRK,KRK,GRS,2,2,1,1,0,0,0,5,3,1,1,2,0,0,0,6,18,4.0,4,1.2453245324532451,-0.05468581761190966,-0.32510000000000006,6,4,Home
149,10053,10.0,S10,11,KRK,KRK,SSS,0,1,2,2,1,0,0,4,1,3,1,2,0,0,0,5,17,3.6666666666666665,1,-1.4625829202035752,0.2122245590074716,-0.003300000000000001,7,4,Away
149,10068,10.0,S10,14,KRK,KRK,ZAH,1,0,3,1,0,0,0,7,5,3,2,1,0,0,0,5,23,6.0,1,-3.1320132013201323,0.4024497989969323,0.4169,10,4,Away
150,3014,3.0,S3,4,BER,BER,LAN,0,0,0,0,0,0,0,0,0,0,0,1,0,0,0,0,1,0.3333333333333333,0,-0.6986301369863014,0.0750596968901578,0.0,1,1,Home
150,3043,3.0,S3,11,BER,BER,LAN,0,0,2,3,5,0,0,4,5,1,2,2,0,0,0,5,24,4.666666666666667,3,-0.7244244507024318,0.1971628416669071,0.0,8,4,Away
152,3025,3.0,S3,7,BER,BER,CCF,0,0,1,5,1,0,0,5,4,0,4,1,0,0,1,6,21,5.0,1,-3.262954565944876,0.4406224868080962,0.0,9,6,Away
152,3032,3.0,S3,8,BER,BER,BAY,1,0,0,4,3,0,0,6,7,1,3,1,0,0,0,5,26,6.0,5,-0.3433797909407661,0.16945174207379582,0.0,9,5,Home
152,3049,3.0,S3,13,BER,BER,FTP,1,0,0,3,1,0,0,3,6,0,1,2,0,0,0,4,17,4.0,2,-1.6813008130081295,0.2564736955567832,0.0,6,4,Away
152,4012,4.0,S4,2,PGS,PGS,CEL,0,1,0,0,0,0,0,0,0,0,0,0,0,0,0,1,1,0.0,1,1.2740949204363838,-0.12321376115911294,-0.0492,0,0,Home
152,4029,4.0,S4,4,LMN,LMN,LDN,2,0,0,2,6,0,0,2,8,2,2,3,1,0,0,4,27,6.0,2,-3.6137724550898196,0.4746619793911694,0.28520000000000006,8,5,Home
152,4040,4.0,S4,5,LMN,LMN,VFQ,0,0,1,2,0,0,0,0,2,0,0,2,2,0,0,3,7,2.0,0,-1.87125748502994,0.2164958646946722,0.2333,3,2,Home
152,4051,4.0,S4,7,PGS,PGS,DDD,0,1,0,0,1,0,0,1,3,0,0,1,1,0,0,1,7,2.0,1,-0.8712574850299399,0.11649586469467219,0.028200000000000006,2,1,Home
152,4058,4.0,S4,8,PGS,PGS,N69,1,0,0,0,2,0,0,2,8,0,2,0,0,0,0,1,15,4.0,1,-2.74251497005988,0.33718746027386987,0.044116999999999996,6,2,Home
152,4075,4.0,S4,10,PGS,PGS,DBV,0,0,0,0,1,0,0,2,1,0,0,0,0,0,0,0,4,1.0,0,-0.93562874251497,0.11034579778959883,0.12519999999999998,1,0,Away
152,4097,4.0,S4,13,PGS,PGS,PGA,0,1,1,2,3,0,0,0,4,1,1,0,1,0,0,4,13,2.3333333333333335,4,2.376040601723383,-0.18305955867350732,-0.4031,5,2,Home
152,5013,5.0,S5,2,RKT,RKT,WSH,2,0,0,1,2,0,0,2,6,0,1,3,2,0,0,3,17,4.666666666666667,2,-1.080053906326465,0.17602323731113614,0.18560000000000001,9,6,Away
152,5032,5.0,S5,3,LMN,LMN,TAI,1,0,0,0,3,0,0,2,6,2,3,0,0,0,0,1,17,4.333333333333333,1,-1.5763475660525847,0.22565260328374814,0.08329999999999996,7,6,Home
152,5060,5.0,S5,5,PHB,PHB,POR,2,1,3,5,3,0,0,5,7,1,1,3,1,0,0,11,31,6.0,6,1.9761336515513126,-0.07358082121200302,0.026100000000000068,8,5,Away
152,5068,5.0,S5,6,PHB,PHB,JUP,1,1,3,1,0,0,0,0,3,1,0,0,0,0,0,6,10,1.3333333333333333,4,3.6432073412147785,-0.32431023607530746,-0.3005,2,0,Home
152,5096,5.0,S5,8,PHB,PHB,MVM,2,0,2,3,0,0,0,5,4,1,2,2,1,0,0,7,21,5.0,4,0.6467780429594272,0.01934424160101511,-0.0928,9,4,Away
152,5104,5.0,S5,9,PHB,PHB,TAC,1,1,1,2,2,0,0,1,2,0,1,0,0,0,0,5,11,1.3333333333333333,6,4.9293556085918855,-0.4489240130084012,-0.024400000000000005,1,1,Home
152,5116,5.0,S5,10,PHB,PHB,NUL,0,0,2,1,1,0,0,3,5,2,0,2,0,0,0,3,16,4.0,1,-1.6825775656324584,0.23227455343711845,0.025907999999999997,9,4,Home
152,5130,5.0,S5,11,PHB,PHB,SAR,0,2,2,2,1,0,0,2,0,0,1,4,1,0,0,6,14,2.6666666666666665,3,1.555863435945148,-0.09957164632987625,-0.6287,5,5,Away
152,5164,5.0,S5,14,PHB,PHB,TRA,0,0,0,0,0,0,0,0,1,0,0,0,0,0,0,0,1,0.3333333333333333,0,-0.2731680507141083,0.031317854876027874,0.0946,0,0,Away
152,6027,6.0,S6,2,SLT,SLT,PHB,2,0,2,4,1,0,0,5,7,1,0,2,0,3,0,8,24,5.0,4,1.1706081081081081,-0.005179068300124989,-0.4557,6,4,Away
152,6177,6.0,S6,13,MVS,MVS,BBB,1,0,1,2,0,0,0,4,3,0,4,4,0,0,0,4,19,5.0,3,0.170608108108108,0.06167078577078293,-0.13990000000000002,9,7,Away
152,6191,6.0,S6,14,MVS,MVS,LIM,0,0,0,4,0,0,0,2,4,2,0,1,0,0,0,4,13,3.0,2,0.3023648648648648,0.023632500648288188,-0.053800000000000014,5,3,Away
152,7007,7.0,S7,1,SSC,SSC,STK,3,0,0,0,2,0,0,1,4,0,1,3,1,0,0,3,14,3.3333333333333335,4,2.1139519115778143,-0.15276264865508155,-0.3343,8,4,Away
152,8048,8.1,S8A,8,BLO,BLO,SCU,3,0,0,1,1,0,0,1,3,0,1,3,1,0,0,4,13,3.0,4,1.97,-0.14171283690564657,-0.2733,6,4,Home
153,6039,6.0,S6,3,SLT,SLT,TTT,1,0,0,3,0,0,0,0,3,5,1,1,1,1,1,4,14,4.0,1,-1.2635135135135136,0.19265164320953554,0.22309999999999997,8,4,Home
153,6139,6.0,S6,10,SLT,SLT,BBB,0,0,1,1,2,0,0,0,2,0,0,1,0,0,0,2,7,1.0,3,2.4341216216216215,-0.21440578447420658,-0.3264,1,1,Away
154,3017,3.0,S3,5,BER,BER,CIN,3,0,1,4,1,0,1,2,8,1,1,3,0,1,0,8,24,5.0,7,2.398373983739838,-0.10992031858579221,0.0,10,7,Away
162,5025,5.0,S5,3,RKT,RKT,KRB,1,0,1,0,0,0,0,2,0,1,2,0,0,0,0,2,7,1.6666666666666667,2,0.9318792678978791,-0.06518057815746867,-0.39039999999999997,3,2,Home
163,3018,3.0,S3,5,CCF,CCF,TZS,0,0,2,5,2,0,0,6,5,2,1,2,2,0,0,7,25,6.0,1,-4.521951219512194,0.582112201739411,0.0,7,3,Away
163,3030,3.0,S3,8,CCF,CCF,SCB,0,0,1,0,1,0,0,1,1,0,0,1,0,0,0,1,5,1.0,1,0.07967479674796768,0.01801593628284156,0.0,1,1,Home
163,3041,3.0,S3,11,CCF,CCF,BAY,3,1,1,4,1,0,0,1,3,0,5,0,2,0,0,9,19,3.6666666666666665,6,2.8650549182577816,-0.18776851118675258,0.0,6,2,Away
163,3054,3.0,S3,14,CCF,CCF,BER,1,2,3,3,2,0,0,3,2,1,0,6,1,0,0,9,23,4.333333333333333,5,2.4583581753678656,-0.1263121041316503,0.0,10,6,Away
163,4004,4.0,S4,1,PGA,PGA,HON,3,0,1,4,2,0,0,1,1,0,5,3,2,0,0,8,20,4.0,7,3.25748502994012,-0.24183388530350283,-0.29540000000000005,9,7,Home
163,4020,4.0,S4,3,PGA,PGA,DDD,1,1,3,4,1,0,0,7,3,0,2,5,1,0,0,9,27,6.0,3,-2.61377245508982,0.3746619793911694,-0.20479999999999998,10,6,Away
163,4035,4.0,S4,5,PGA,PGA,CEL,0,2,4,5,1,0,0,2,3,0,5,4,1,0,0,11,26,5.0,8,3.3218562874251503,-0.22309662574485306,-0.33580000000000004,10,7,Away
163,4059,4.0,S4,8,PGA,PGA,HON,1,1,0,2,1,0,0,2,2,0,2,3,0,0,0,4,14,3.0,3,0.1931137724550901,0.0394288551378474,-0.241094,6,5,Away
163,4066,4.0,S4,9,PGA,PGA,DBV,2,0,5,6,5,0,0,6,2,1,3,3,1,2,2,13,33,6.0,9,3.38622754491018,-0.183380711763576,-0.3032999999999999,12,7,Home
163,4076,4.0,S4,10,PGA,PGA,DDD,0,2,2,0,1,0,0,3,3,1,2,0,0,0,0,4,14,3.0,2,-0.8068862275449098,0.13942885513784742,-0.04519999999999998,6,2,Home
163,4082,4.0,S4,11,PGA,PGA,N69,0,2,1,2,1,1,0,3,5,2,4,2,2,0,0,5,22,6.0,0,-5.61377245508982,0.653683324968542,0.26380000000000003,9,7,Away
163,4091,4.0,S4,12,PGA,PGA,CEL,2,0,2,4,2,0,0,5,5,1,3,1,3,0,0,8,25,6.0,2,-3.6137724550898196,0.46627051762211846,0.20230000000000006,9,3,Home
163,4104,4.0,S4,13,LMN,LMN,MBX,1,0,1,3,1,0,0,2,0,0,1,0,0,0,0,5,9,1.0,5,4.06437125748503,-0.36867554778777384,-0.37509999999999993,1,1,Home
163,4105,4.0,S4,14,PGA,PGA,PDB,4,2,3,1,1,0,0,7,5,0,2,4,0,1,0,10,29,6.0,8,2.3862275449101804,-0.11275082795525429,-0.009599999999999985,9,5,Home
163,5010,5.0,S5,1,POR,POR,SAR,1,3,3,1,1,0,1,8,0,3,3,2,0,0,0,8,25,5.333333333333333,8,5.30640888090911,-0.43061464297548513,-0.4587,9,6,Away
163,5060,5.0,S5,5,POR,POR,PHB,5,1,2,1,5,0,0,6,6,1,1,4,0,0,0,9,32,6.0,9,4.976133651551312,-0.369579771407386,-0.47459999999999997,9,5,Home
163,5082,5.0,S5,7,POR,POR,JUP,4,0,0,0,0,0,0,2,0,1,1,1,0,0,0,4,9,1.6666666666666667,4,2.840872970774096,-0.2480778488358562,-0.2536,3,2,Away
163,5108,5.0,S5,9,POR,POR,TRA,0,1,2,2,0,0,0,6,5,3,2,2,0,0,0,5,23,6.0,1,-3.0238663484486876,0.39441078035106064,0.15304300000000004,13,6,Home
163,5129,5.0,S5,11,POR,POR,TAI,3,1,4,1,3,0,0,5,7,1,0,5,0,0,0,9,30,6.0,9,4.976133651551312,-0.3775818710166201,-0.20970000000000005,9,5,Home
163,5167,5.0,S5,14,POR,POR,MVM,3,1,3,8,2,0,0,4,4,3,2,4,1,0,0,15,34,6.0,10,5.976133651551312,-0.4615776717981519,-0.4769,11,6,Home
163,6032,6.0,S6,3,LMN,LMN,AAL,1,0,1,3,1,0,0,8,2,5,1,1,0,1,1,5,23,6.0,1,-2.3952702702702706,0.34312123305543984,0.3453,11,2,Away
163,6099,6.0,S6,8,POR,POR,BAC,0,0,3,0,0,0,0,2,3,0,2,3,0,0,0,3,13,3.3333333333333335,2,-0.47354486147589603,0.10122347328236427,0.06360000000000002,7,3,Away
163,6182,6.0,S6,13,POR,POR,MBT,3,0,1,1,1,0,0,5,4,3,0,3,0,0,0,5,21,5.0,4,1.170608108108108,-0.030041677746944044,0.063,8,3,Away
163,7004,7.0,S7,1,WSW,WSW,CPR,1,0,0,2,3,0,0,5,5,2,1,4,1,0,0,3,23,6.0,1,-2.2911574406901507,0.3254406353234506,0.3516999999999999,11,5,Away
163,7012,7.0,S7,2,WSW,WSW,FAP,0,0,0,1,0,0,0,3,4,1,1,0,0,0,0,1,10,3.0,0,-1.6455787203450756,0.20643825953643602,0.2164,6,0,Home
163,7017,7.0,S7,3,WSW,WSW,MMA,2,0,2,3,1,0,0,6,1,3,2,4,2,0,0,7,24,6.0,2,-1.291157440690151,0.2296286740736434,-0.0051,9,4,Home
163,7029,7.0,S7,4,WSW,WSW,PBA,2,0,3,0,0,0,0,6,7,2,0,3,0,0,0,5,23,6.0,3,-0.2911574406901509,0.12544063532345057,-0.06109999999999996,10,4,Home
163,7037,7.0,S7,5,WSW,WSW,KNX,0,0,0,0,0,0,0,1,1,2,0,0,0,0,0,0,4,1.3333333333333333,0,-0.6947056421083806,0.08622271921160946,0.23879999999999996,2,0,Away
163,7051,7.0,S7,7,WSW,WSW,SSJ,4,0,0,1,0,0,0,2,0,0,2,0,0,0,0,5,9,1.3333333333333333,4,3.107723759884975,-0.27308002723676184,-0.5398999999999999,2,2,Away
163,7054,7.0,S7,7,FAP,FAP,PBA,1,0,1,3,2,0,0,6,5,2,3,1,1,2,0,5,24,6.0,3,-0.29115744069015104,0.13800475157402908,-0.1335,11,5,Away
163,7063,7.0,S7,8,WSW,WSW,SCG,2,2,1,2,1,0,0,4,1,2,2,2,0,0,0,7,19,3.6666666666666665,5,3.150012686598723,-0.23542853240620817,-0.282,8,4,Home
163,7069,7.0,S7,9,WSW,WSW,STK,1,0,2,0,2,0,0,9,1,2,0,5,1,0,0,3,22,6.0,1,-2.291157440690151,0.3212525965732577,0.12919999999999998,8,5,Away
163,7073,7.0,S7,10,WSW,WSW,SSC,1,0,0,0,0,0,0,6,4,2,4,2,0,0,0,1,19,6.0,1,-2.2911574406901507,0.30868848032267915,0.48070000000000007,10,5,Home
163,7082,7.0,S7,11,WSW,WSW,TRI,1,0,0,1,3,0,0,6,6,4,1,1,0,0,0,2,23,6.0,1,-2.291157440690151,0.3254406353234506,0.08539999999999999,9,3,Away
163,7089,7.0,S7,12,WSW,WSW,CPR,0,1,1,1,0,0,0,4,4,1,1,5,0,0,0,3,18,5.0,0,-2.7426312005751257,0.3496478175609838,0.4288,9,6,Home
163,7103,7.0,S7,13,WSW,WSW,FAP,0,1,2,0,0,0,0,3,5,1,4,1,0,0,0,3,17,4.666666666666667,2,-0.5964517985817703,0.13084183861145543,0.16959999999999997,8,4,Away
163,7112,7.0,S7,14,WSW,WSW,MMA,0,0,3,3,1,0,1,6,5,1,3,0,0,0,0,6,22,5.0,4,1.2573687994248741,-0.033600027438244764,-0.05479999999999996,9,3,Away
163,8006,8.1,S8A,1,BAG,BAG,NXS,0,0,0,0,0,0,0,0,0,0,0,1,0,0,0,0,1,0.3333333333333333,0,-0.1616915422885572,0.020422012928421367,0.0004,1,1,Away
163,8013,8.1,S8A,3,BAG,BAG,CDT,0,0,0,0,0,0,0,1,1,1,3,2,0,0,0,0,8,2.6666666666666665,0,-1.7512056737588653,0.20914343697241172,0.1628,7,5,Away
163,8504,8.2,S8B,1,QQ,QQ,CC,2,0,1,2,1,0,0,3,3,1,2,3,0,1,0,5,18,4.0,4,1.4228855721393034,-0.061342533875823745,-0.20519999999999997,9,6,Away
163,8511,8.2,S8B,3,QQ,QQ,NUT,2,0,1,3,4,0,0,8,5,0,3,2,1,1,1,6,28,6.666666666666667,3,-0.9462238182336323,0.2224318923572157,-0.19999999999999996,8,6,Away
163,8523,8.2,S8B,6,QQ,QQ,TXR,0,0,0,2,3,0,0,10,4,0,2,1,1,0,0,2,22,6.0,0,-3.865671641791045,0.48029413857059633,0.2795000000000001,3,3,Away
163,8527,8.2,S8B,7,QQ,QQ,SBD,0,0,0,1,0,0,0,2,0,0,1,0,0,0,0,1,4,1.0,0,-0.24657534246575352,0.04169880231775568,-0.0901,1,1,Away
163,8531,8.2,S8B,8,QQ,QQ,CC,4,0,0,1,3,0,0,6,5,4,2,0,0,0,1,5,25,6.0,4,0.13432835820895517,0.09733540664177662,-0.25450000000000006,11,4,Home
163,9002,9.0,S9,1,POS,POS,FLB,0,0,0,1,0,0,0,6,2,0,3,2,0,1,0,1,14,4.333333333333333,0,-2.374015748031496,0.29256905303264386,0.1585,7,3,Home
163,9010,9.0,S9,3,POS,POS,ARR,0,0,0,3,0,0,0,2,0,0,1,0,0,0,0,3,6,1.0,1,0.4251968503937008,-0.020452693747572366,-0.20409999999999998,1,1,Away
163,9025,9.0,S9,7,POS,POS,BIR,0,0,3,3,0,0,0,2,1,0,0,2,0,1,0,6,11,1.6666666666666667,5,3.2531714785651795,-0.28118316527292253,-0.3755,3,2,Home
163,9031,9.0,S9,8,POS,POS,GOP,0,0,1,0,0,0,0,2,0,0,1,0,0,0,0,1,4,1.0,1,0.4251968503937008,-0.027808357511504934,-0.20409999999999998,1,1,Away
163,9040,9.0,S9,10,POS,POS,ARR,2,1,0,0,1,0,0,0,2,0,1,2,0,0,0,3,9,1.6666666666666667,3,2.1290975596135593,-0.17980926902365932,-0.1576,5,3,Home
163,9051,9.0,S9,13,POS,POS,FLB,2,0,0,2,1,0,0,2,1,0,2,0,1,1,0,4,10,2.0,4,2.850393700787402,-0.244583219377111,-0.27049999999999996,4,1,Away
163,10009,10.0,S10,2,KIR,KIR,ACK,1,0,1,0,0,0,0,3,3,1,0,0,0,0,0,2,9,2.3333333333333335,2,-0.058914402078505956,0.04081475802455804,-0.07310000000000003,4,0,Home
163,10017,10.0,S10,4,KIR,KIR,CRN,0,0,0,0,0,0,0,0,0,0,0,0,0,2,1,0,0,0.3333333333333333,0,-0.4173553719008264,0.05337664312898513,0.0009,0,0,Home
163,10023,10.0,S10,5,KIR,KIR,BEE,1,1,1,2,0,0,0,1,0,0,0,0,0,0,0,5,6,0.3333333333333333,4,4.262550645308433,-0.4029728526530384,-0.3568,0,0,Away
163,10038,10.0,S10,8,KIR,KIR,SSS,1,0,1,3,2,0,0,5,2,1,1,0,0,0,0,5,16,3.0,2,-0.06600660066006614,0.06868655840681985,-0.0368,3,1,Away
163,10045,10.0,S10,9,KIR,KIR,ZAH,1,1,1,0,0,0,0,1,1,1,0,1,0,0,0,3,7,1.3333333333333333,3,1.576164121514192,-0.13045383162731342,-0.059,3,1,Home
163,10057,10.0,S10,12,KIR,KIR,KRK,2,0,1,2,4,0,0,4,2,2,4,3,3,1,0,5,24,6.0,4,-0.1320132013201324,0.11021053628953398,-0.14070000000000019,11,7,Away
163,10062,10.0,S10,13,KIR,KIR,GRS,1,0,0,1,2,0,0,3,2,0,1,2,1,0,0,2,12,3.0,1,-0.8365214072427651,0.13021656447988644,-0.0465,4,3,Home
164,6055,6.0,S6,4,POR,POR,FRG,3,1,0,5,4,0,1,4,7,4,2,1,0,0,0,9,31,6.0,8,4.60472972972973,-0.3320161574977411,-0.3435,13,8,Home
164,6096,6.0,S6,7,POR,POR,TTT,2,0,2,3,2,0,0,1,8,0,3,2,1,1,0,7,23,5.0,4,1.1706081081081083,-0.017610373023534492,-0.4018,9,5,Away
164,6154,6.0,S6,11,POR,POR,SUP,0,1,3,3,1,0,0,5,7,1,2,2,1,0,0,7,25,6.0,2,-1.39527027027027,0.2431212330554398,0.3896,8,4,Away
166,3030,3.0,S3,8,CCF,CCF,SCB,4,0,1,3,2,0,0,3,7,2,1,1,1,0,0,8,24,5.0,6,1.5769454123112667,-0.03297414463446281,0.0,9,3,Home
166,4005,4.0,S4,1,EEE,EEE,VFQ,1,0,1,0,1,0,0,6,4,1,4,3,0,0,0,2,21,6.0,1,-4.61377245508982,0.5494875940840166,0.41540000000000005,10,8,Home
166,4031,4.0,S4,4,EEE,EEE,MBX,2,0,2,1,1,0,0,1,3,1,3,3,1,0,0,5,17,4.0,3,-0.74251497005988,0.1455789220429208,-0.12399999999999999,9,6,Away
166,4060,4.0,S4,8,EEE,EEE,VFQ,0,0,2,0,0,0,0,2,2,0,0,2,0,0,0,2,8,2.0,1,-0.8712574850299398,0.12069159557919765,0.028500000000000004,5,2,Away
166,5027,5.0,S5,3,PPP,PPP,TSA,0,0,0,1,0,0,0,2,1,0,0,0,0,0,0,1,4,1.0,0,-0.6706443914081146,0.0830686383592796,0.0679,0,0,Away
166,5052,5.0,S5,5,PPP,PPP,WSH,1,0,1,0,2,0,0,2,2,1,0,2,0,0,0,2,11,2.3333333333333335,3,1.476549463593446,-0.10364339850855715,-0.5294000000000001,4,2,Home
166,5111,5.0,S5,10,PPP,PPP,GBC,0,0,3,1,1,0,1,3,3,1,1,0,1,0,0,4,13,3.0,3,0.2764585789458548,0.024367789565436025,0.013529,4,0,Home
167,3002,3.0,S3,1,CCF,CCF,SCB,0,0,2,0,1,0,0,1,2,2,1,1,1,0,0,2,10,2.6666666666666665,0,-2.5657804145609022,0.3085448733713668,0.0,5,1,Away
170,6123,6.0,S6,9,POR,POR,HEL,2,1,0,4,5,0,0,3,3,1,3,4,3,2,1,7,26,6.0,2,-1.3952702702702702,0.2596963060199859,0.5119,12,6,Away
176,3047,3.0,S3,12,CCF,CCF,TZS,2,1,2,3,2,0,0,6,4,0,3,1,0,0,0,8,24,4.666666666666667,8,3.3756436314363154,-0.2128439665469676,0.0,6,4,Home
176,5098,5.0,S5,9,TSA,TSA,RKT,0,1,0,0,5,0,1,1,1,0,2,0,0,0,1,1,11,2.0,4,2.7300023096466237,-0.22498763330925792,-0.19619999999999996,3,0,Away
176,6005,6.0,S6,1,AAL,AAL,LID,0,0,0,1,0,0,0,1,1,1,3,1,1,0,0,1,8,2.6666666666666665,0,-2.1019060104880998,0.2433407469779021,0.439,7,3,Away
180,3016,3.0,S3,4,BAY,BAY,CCF,0,1,2,2,1,0,0,2,1,3,2,1,2,0,0,5,15,3.6666666666666665,2,-1.2035230352303516,0.1983025513959501,0.0,7,4,Away
180,3032,3.0,S3,8,BAY,BAY,BER,0,0,0,0,1,0,0,0,0,1,0,2,0,0,0,0,4,1.0,0,-0.9203252032520324,0.11281925309131388,0.0,3,2,Away
180,3036,3.0,S3,9,BAY,BAY,TZS,1,0,3,3,1,0,0,6,3,3,2,3,0,1,1,7,25,6.0,4,-1.9297784222495766,0.32809160520467684,0.0,14,9,Home
180,3038,3.0,S3,10,BAY,BAY,CIN,0,0,1,3,3,0,0,0,1,0,1,1,0,0,0,4,10,1.0,3,4.826173449800637,-0.43065051306478697,0.0,3,1,Away
180,3048,3.0,S3,12,BAY,BAY,SCB,1,0,1,2,3,0,0,0,3,2,3,1,0,0,0,4,16,3.0,3,0.23902439024390265,0.05924449204005239,0.0,8,4,Away
180,3056,3.0,S3,14,BAY,BAY,FTP,2,1,2,4,0,0,0,3,1,1,1,2,0,0,0,9,17,2.6666666666666665,5,2.911029173892522,-0.20275930313328197,0.0,4,3,Away
180,4015,4.0,S4,2,LMN,LMN,CCS,0,0,1,1,0,0,0,0,0,0,0,2,0,0,1,2,4,1.0,0,-0.93562874251497,0.11454152867412429,0.19560000000000002,3,2,Home
180,4050,4.0,S4,7,DBV,DBV,HON,0,0,0,1,0,0,0,0,1,0,0,0,0,0,0,1,2,0.3333333333333333,0,-0.2536269430051813,0.03375415606956905,0.0037999999999999987,0,0,Away
180,4057,4.0,S4,8,DBV,DBV,CEL,1,0,1,0,0,0,0,0,1,0,1,1,0,0,0,2,5,1.0,2,1.0643712574850301,-0.0854584713258757,-0.022212000000000006,2,1,Home
180,4071,4.0,S4,9,LMN,LMN,CCS,0,0,1,2,0,0,0,0,0,0,0,3,0,0,0,3,6,1.0,2,1.0643712574850301,-0.08126274044135025,0.0010000000000000002,3,3,Away
180,4106,4.0,S4,14,DBV,DBV,HON,0,0,3,5,3,0,0,1,5,0,5,4,3,0,0,8,26,6.0,3,-2.6137724550898196,0.3704662485066439,-0.09889999999999999,9,5,Home
180,5005,5.0,S5,1,GBC,GBC,SPR,0,0,2,4,3,0,0,3,5,0,5,2,0,0,0,6,24,5.0,3,-0.353221957040573,0.13134739101486625,-0.08009999999999998,8,2,Away
180,5065,5.0,S5,6,GBC,GBC,WWC,1,0,0,1,0,0,0,0,0,0,3,4,0,0,1,2,9,2.6666666666666665,1,-1.6715640121740274,0.20716689926357312,0.08060000000000002,8,5,Home
180,5076,5.0,S5,7,GBC,GBC,YUM,0,0,0,2,0,0,0,0,2,0,2,0,0,0,0,2,6,1.3333333333333333,0,-0.8528061449984397,0.1092869133275462,0.28280000000000005,2,0,Away
180,5086,5.0,S5,8,GBC,GBC,CHI,3,1,2,2,0,0,0,2,3,1,5,6,1,0,0,8,25,6.0,4,-0.023866348448687624,0.10241287996029476,0.08680000000000002,10,7,Away
180,5111,5.0,S5,10,GBC,GBC,PPP,0,0,1,2,1,0,0,3,0,2,1,4,1,0,0,3,14,3.6666666666666665,0,-1.47672190661871,0.20368688792650957,-0.04872900000000001,6,5,Away
180,5161,5.0,S5,14,GBC,GBC,ISO,1,0,4,3,5,0,0,4,7,0,4,3,0,1,0,8,31,6.0,6,1.9761336515513124,-0.069579771407386,-0.15530000000000002,7,3,Home
180,6016,6.0,S6,2,CBC,CBC,JEF,3,1,0,2,2,0,0,5,4,0,3,5,1,1,0,6,25,6.0,5,1.6047297297297298,-0.05273499870342364,-0.09390000000000007,9,6,Away
180,6058,6.0,S6,5,CBC,CBC,RBD,1,0,5,2,0,0,0,5,3,1,2,3,1,0,0,8,22,5.0,5,2.170608108108108,-0.12589790950580756,-0.22919999999999996,9,5,Away
180,6072,6.0,S6,6,CBC,CBC,AAL,0,0,1,2,1,0,0,2,3,1,1,1,0,0,0,3,12,2.6666666666666665,0,-0.6990817118734535,0.1196333900809835,0.038900000000000004,6,2,Home
180,6170,6.0,S6,13,CBC,CBC,PUK,0,0,0,0,1,0,0,0,2,4,0,1,0,0,0,0,8,2.3333333333333335,0,-2.064189189189189,0.23956906484801102,0.16810000000000003,5,2,Away
180,7026,7.0,S7,4,BBC,BBC,SCG,2,0,0,1,1,0,0,0,1,0,1,1,0,0,0,3,7,1.0,3,2.5181404265516414,-0.22249777140381424,-0.0838,3,2,Away
180,8027,8.1,S8A,5,MMM,MMM,BIS,1,0,3,2,1,0,0,0,5,1,0,3,0,0,0,6,16,3.0,4,1.9700000000000002,-0.1289542608069497,-0.38749999999999996,8,4,Away
180,8526,8.2,S8B,7,TXR,TXR,ESP,1,0,0,0,0,0,0,0,1,0,0,2,0,0,0,1,4,1.0,1,0.3557213930348258,-0.01853087123230226,0.016399999999999998,3,2,Home
180,8532,8.2,S8B,8,TXR,TXR,NUT,0,0,5,1,1,0,0,3,4,1,3,4,0,0,0,6,22,5.0,3,-0.6190962993252915,0.15563660432402093,0.11140000000000004,11,6,Away
180,9013,9.0,S9,4,BIR,BIR,AND,0,0,0,0,0,0,0,1,0,0,0,2,0,0,0,0,3,1.0,0,-0.5748031496062992,0.06851381060652878,0.2274,2,2,Away
180,9021,9.0,S9,6,BIR,BIR,FLB,0,0,0,1,0,0,0,0,1,1,1,1,0,1,0,1,6,2.0,0,-0.9636920384951881,0.1221140270232828,0.10350000000000001,5,3,Home
180,9029,9.0,S9,8,BIR,BIR,ARR,0,0,0,3,0,0,0,1,4,1,0,0,0,1,0,3,9,2.0,0,-0.5331364829396326,0.0900919671136261,0.16790000000000002,4,1,Home
180,9042,9.0,S9,11,BIR,BIR,POS,1,0,1,1,1,0,0,2,1,2,1,0,0,0,0,3,10,2.0,4,2.86857551896922,-0.2500792330772592,-0.1091,4,2,Home
180,10039,10.0,S10,8,ZAH,ZAH,ACK,0,0,0,0,1,0,0,1,1,0,2,2,1,0,0,0,7,2.3333333333333335,0,-1.596562017078605,0.1868187822319663,0.0051,5,4,Home
180,10045,10.0,S10,9,ZAH,ZAH,KIR,0,0,1,0,2,0,0,4,1,0,1,0,0,0,0,1,9,2.0,1,-0.1478525403560763,0.049708571852315114,0.030199999999999984,1,1,Away
180,10052,10.0,S10,11,ZAH,ZAH,GRS,0,0,0,1,1,0,0,1,0,0,3,2,2,0,0,1,8,2.6666666666666665,0,-1.7739140533168867,0.2084343545020953,0.1644,5,3,Home
180,11021,11.0,S11,4,ARA,ARA,OKT,1,0,0,0,0,0,0,0,1,0,1,0,0,0,0,1,3,0.6666666666666666,1,1.5218978102189782,-0.14012179250426668,-0.24699999999999997,2,0,Home
180,11068,11.0,S11,12,ARA,ARA,IDR,1,0,1,1,1,0,0,1,0,0,1,1,0,1,0,3,7,1.0,3,2.3998428908091123,-0.20780298636722822,-0.3298999999999999,2,2,Home
182,3038,3.0,S3,10,BAY,BAY,CIN,1,2,1,2,3,0,1,1,6,0,2,1,1,0,0,6,19,3.6666666666666665,5,0.8037291271116309,0.018364067927862524,0.0,10,3,Away
183,4042,4.0,S4,6,CEL,CEL,DDD,0,2,2,2,0,0,0,4,4,2,1,1,0,1,0,6,18,4.0,3,-0.7425149700598799,0.15397038381197173,-0.08260000000000003,7,3,Away
183,4083,4.0,S4,11,CEL,CEL,HON,0,1,0,1,1,0,0,4,2,1,0,1,1,0,0,2,11,3.0,0,-2.80688622754491,0.32684166248427104,0.008899999999999998,5,3,Home
183,4098,4.0,S4,13,CEL,CEL,DDD,0,1,1,0,0,0,0,2,0,0,1,0,0,0,0,2,5,1.0,2,1.0643712574850301,-0.08545847132587572,-0.06849999999999999,2,1,Home
183,5014,5.0,S5,2,CHI,CHI,KRB,0,0,0,1,0,0,0,1,3,0,2,0,0,0,0,1,7,2.0,0,-1.3412887828162292,0.1621362269139422,0.41690000000000005,4,2,Away
183,7048,7.0,S7,6,CPR,CPR,KNX,0,0,0,0,1,0,0,3,1,10,3,1,0,0,0,0,19,6.0,0,-3.291157440690151,0.4086884803226792,0.5831000000000001,12,4,Home
184,3027,3.0,S3,7,BAY,BAY,FTP,1,0,3,4,3,0,0,3,2,5,0,6,2,0,0,8,27,6.0,6,0.4780487804878055,0.09250556812246637,0.0,9,6,Home
184,4092,4.0,S4,12,DBV,DBV,PDB,2,0,0,1,1,0,0,0,4,0,1,4,0,0,0,3,13,3.0,3,0.19311377245508998,0.03523312425332193,-0.048799999999999975,6,5,Home
184,5065,5.0,S5,6,GBC,GBC,WWC,2,1,0,1,0,0,0,2,4,0,2,2,0,0,0,4,14,3.3333333333333335,3,1.6476976637253395,-0.10875506910789544,-0.19770000000000001,6,3,Home
188,3001,3.0,S3,1,BAY,BAY,BER,1,0,0,1,2,0,0,1,4,1,1,1,1,0,0,2,12,3.0,2,-1.370062171209947,0.19936641541932665,0.0,3,1,Home
188,3011,3.0,S3,3,BAY,BAY,CIN,0,0,5,2,0,0,0,2,2,1,3,4,1,0,0,7,19,4.333333333333333,3,-0.514126016260162,0.15014958226504177,0.0,8,6,Home
188,3016,3.0,S3,4,BAY,BAY,CCF,0,0,0,0,0,0,0,0,0,1,0,0,0,0,0,0,1,0.3333333333333333,0,-0.4777777777777778,0.05297446096930545,0.0,1,0,Away
188,4007,4.0,S4,1,FWG,FWG,LMN,2,0,1,1,1,0,0,1,0,0,1,1,0,0,0,4,8,1.0,5,4.06437125748503,-0.37287127867229936,-0.3751000000000001,3,1,Home
188,5054,5.0,S5,5,RKT,RKT,GBC,4,0,0,0,1,1,0,1,1,0,0,0,0,0,0,4,7,0.6666666666666666,5,4.511517362182211,-0.4231443875859018,-0.012499999999999999,0,0,Away
189,3005,3.0,S3,2,TZS,TZS,BAY,0,1,1,4,2,0,0,4,10,0,2,1,1,1,0,6,25,6.0,3,-2.343379790940766,0.3694517420737958,0.0,11,3,Home
189,3012,3.0,S3,3,TZS,TZS,BER,1,1,2,2,1,0,0,4,8,2,1,0,0,0,0,6,22,5.0,2,-2.6016260162601617,0.3744896318396247,0.0,6,4,Home
189,3028,3.0,S3,7,TZS,TZS,LAN,3,0,0,3,1,0,0,2,4,0,0,0,0,0,0,6,13,2.0,6,4.159349593495936,-0.3483780778597339,0.0,3,0,Home
189,3031,3.0,S3,8,TZS,TZS,FTP,1,0,1,3,1,0,0,0,3,0,1,1,1,0,0,5,11,2.0,4,3.6371273712737135,-0.30654922202056706,0.0,3,3,Home
189,3038,3.0,S3,10,BAY,BAY,CIN,0,0,0,1,0,0,0,0,0,0,1,0,0,0,0,1,2,0.3333333333333333,1,-0.4385324861651977,0.05424661499957509,0.0,1,1,Away
189,3041,3.0,S3,11,BAY,BAY,CCF,4,0,2,1,4,0,0,5,10,0,1,2,0,0,0,7,29,6.0,5,-0.5219512195121943,0.2028989345055216,0.0,12,4,Home
189,3051,3.0,S3,13,BAY,BAY,LAN,0,0,0,2,0,0,0,1,2,1,0,1,0,0,0,2,7,1.6666666666666667,0,-1.4156524059894147,0.17794202293963512,0.0,4,2,Home
189,3056,3.0,S3,14,BAY,BAY,FTP,0,0,0,1,2,0,0,1,4,0,1,1,0,0,0,1,10,2.3333333333333335,0,-2.3184281842818426,0.2838096503434609,0.0,5,2,Away
189,4001,4.0,S4,1,DBV,DBV,CEL,0,0,1,5,1,0,0,5,8,1,0,0,0,0,0,6,21,4.666666666666667,4,-1.8281437125748496,0.27092471983251964,0.1391,10,1,Away
189,4019,4.0,S4,3,DBV,DBV,PGS,0,0,2,3,1,0,0,4,2,1,1,0,0,0,0,5,14,2.6666666666666665,2,-0.9899848190942057,0.157738714292777,0.015399999999999976,4,2,Away
189,4022,4.0,S4,3,LMN,LMN,EEE,0,0,2,0,0,0,0,1,1,0,1,0,0,0,0,2,5,1.0,1,0.06437125748503003,0.014541528674124303,-0.013100000000000004,1,0,Away
189,4048,4.0,S4,6,LMN,LMN,MBX,1,1,0,0,3,1,0,0,2,0,0,0,0,1,0,2,7,0.6666666666666666,5,4.3027733193407,-0.39671148485786634,-0.4629,2,0,Away
189,4057,4.0,S4,8,DBV,DBV,CEL,2,0,4,4,3,1,1,2,5,0,0,4,2,0,0,10,24,4.333333333333333,8,3.748822579559982,-0.27418471672738715,-0.33916900000000005,7,4,Home
189,4098,4.0,S4,13,DDD,DDD,CEL,0,0,0,0,0,0,0,2,1,0,0,0,0,0,0,0,3,1.0,0,-1.2337278106508875,0.13595997371866514,0.0542,0,0,Away
189,7002,7.0,S7,1,BBC,BBC,TBL,1,0,2,1,0,0,0,2,3,2,1,1,0,0,0,4,13,3.0,3,1.3544212796549246,-0.08099762421298548,-0.32239999999999996,6,2,Away
190,3005,3.0,S3,2,BAY,BAY,TZS,0,0,1,0,0,0,0,1,2,0,0,0,0,0,0,1,4,1.0,0,-0.9203252032520324,0.11281925309131388,0.0,2,0,Away
191,5040,5.0,S5,4,GBC,GBC,TSA,3,1,0,2,0,0,0,5,5,1,1,1,0,0,0,6,19,4.333333333333333,4,1.3206910864376877,-0.05604916235604503,-0.221,8,2,Away
191,6156,6.0,S6,12,CBC,CBC,LID,0,1,1,1,3,0,0,2,4,0,2,1,0,0,0,3,15,3.0,3,0.7364864864864864,-0.011492125031600936,-0.2082,6,4,Away
193,4071,4.0,S4,9,LMN,LMN,CCS,0,0,0,0,0,0,0,1,1,0,1,0,0,0,0,0,3,1.0,0,-0.93562874251497,0.10615006690507336,0.0142,2,1,Away
193,4078,4.0,S4,10,LMN,LMN,EEE,1,0,2,1,1,0,0,4,3,1,3,2,1,0,1,4,18,5.0,1,-3.6781437125748497,0.44753325806346866,0.23740000000000006,10,5,Home
193,4085,4.0,S4,11,LMN,LMN,LDN,0,0,2,3,1,0,0,3,3,0,1,7,1,0,0,5,20,5.0,3,-1.4697876973326067,0.23089338742376986,0.1227,12,7,Away
193,4096,4.0,S4,12,LMN,LMN,VFQ,0,0,2,0,0,0,0,1,0,0,0,0,0,0,0,2,3,0.3333333333333333,1,1.1679982004902114,-0.10421262739544475,-0.3298,0,0,Away
193,5088,5.0,S5,8,SPR,SPR,WWC,0,0,0,1,0,0,0,0,0,0,0,0,0,0,0,1,1,0.0,0,0.21710066070734568,-0.017709016266117532,-0.07730000000000001,0,0,Home
194,5040,5.0,S5,4,GBC,GBC,TSA,0,0,0,0,0,0,0,0,1,0,1,0,0,1,0,0,2,0.6666666666666666,0,-0.6739130434782609,0.0793944537616772,0.024399999999999998,2,1,Away
194,5054,5.0,S5,5,GBC,GBC,RKT,0,0,1,2,0,0,0,6,4,2,1,1,0,0,1,3,17,5.0,1,-2.353221957040573,0.307341092187164,0.14479999999999998,7,2,Home
194,5149,5.0,S5,13,GBC,GBC,GTY,0,0,0,0,1,0,0,2,7,2,4,0,0,0,0,0,16,5.0,0,-3.353221957040573,0.39933899257792993,0.4501,7,3,Away
194,6029,6.0,S6,3,CBC,CBC,WWC,0,0,1,3,2,0,0,6,1,1,2,4,4,0,0,4,20,6.0,0,-3.39527027027027,0.42240239184975725,0.6251999999999999,7,5,Home
194,6072,6.0,S6,6,CBC,CBC,AAL,1,1,0,2,4,0,0,2,0,1,3,1,0,0,0,4,15,2.3333333333333335,6,3.869689819981561,-0.32481245838110845,-0.46199999999999997,5,2,Home
194,7050,7.0,S7,7,BBC,BBC,STK,2,0,1,1,1,0,0,1,2,0,1,2,1,0,0,4,11,2.3333333333333335,2,0.5588298727111263,-0.009814561018991308,-0.046200000000000005,4,3,Home
194,7091,7.0,S7,12,BBC,BBC,TBL,0,0,0,0,0,0,0,3,0,0,1,0,0,0,0,0,4,1.3333333333333333,0,-0.9187185478073329,0.10862400978150467,0.09630000000000001,2,0,Home
195,3051,3.0,S3,13,BAY,BAY,LAN,2,0,0,7,2,0,0,4,3,0,0,3,2,0,0,9,21,4.0,4,-0.4055475848876129,0.1496851055108422,0.0,6,3,Home
195,4006,4.0,S4,1,LDN,LDN,CCS,0,0,0,0,0,0,0,0,0,1,0,0,0,0,0,0,1,0.3333333333333333,0,-0.40420647129115517,0.044616378013640975,0.0278,1,0,Away
195,4016,4.0,S4,2,LDN,LDN,EEE,1,0,0,1,2,0,1,4,1,0,1,0,0,0,0,2,10,2.0,1,-0.8712574850299399,0.1290830573482486,0.02480000000000001,2,0,Home
195,7024,7.0,S7,3,FAP,FAP,CPR,0,0,1,2,4,0,1,5,5,2,3,1,2,0,0,3,23,6.0,0,-3.291157440690151,0.42544063532345056,0.6287,8,3,Home
195,7057,7.0,S7,8,PBA,PBA,BBC,2,0,1,0,1,0,0,3,2,0,3,1,0,0,0,3,13,3.0,4,2.3544212796549244,-0.18099762421298546,-0.2618,6,4,Home
196,4009,4.0,S4,2,DDD,DDD,HON,1,0,1,1,3,0,0,2,1,4,0,2,0,0,0,3,15,3.0,3,0.19311377245509004,0.04362458602237287,-0.13599999999999998,6,2,Away
196,4033,4.0,S4,5,DDD,DDD,N69,1,1,0,5,1,0,0,0,3,5,1,0,0,0,0,7,17,3.0,5,2.19311377245509,-0.14798395220857619,-0.3026,8,3,Away
196,4065,4.0,S4,9,DDD,DDD,HON,0,0,1,2,2,0,0,2,5,7,1,2,1,0,0,3,22,6.0,0,-5.61377245508982,0.6536833249685421,0.13889999999999997,12,6,Home
196,4076,4.0,S4,10,DDD,DDD,PGA,1,0,2,3,1,0,0,0,4,7,2,2,1,0,0,6,22,5.333333333333333,4,-1.5281437125748498,0.24512045071704508,0.12369999999999992,12,7,Away
196,4107,4.0,S4,14,DDD,DDD,PGS,0,1,2,2,1,0,1,0,3,3,2,0,2,0,0,5,14,3.3333333333333335,1,-2.401605879150789,0.29890082029843534,0.09370000000000003,5,2,Home
196,5004,5.0,S5,1,YUM,YUM,TSA,0,0,1,2,0,0,0,0,2,3,3,0,0,0,1,3,11,3.0,0,-2.011933174224344,0.24920591507783885,0.2031,5,3,Home
196,5028,5.0,S5,3,YUM,YUM,WWC,0,0,0,2,0,0,0,0,1,5,3,1,1,1,0,2,12,3.6666666666666665,0,-2.5004158120421334,0.30205522866423484,0.2776,9,4,Home
196,5041,5.0,S5,4,YUM,YUM,SPR,0,0,1,1,0,0,0,2,1,4,1,2,0,0,0,2,12,3.3333333333333335,0,-2.285101224938452,0.2765227201492497,0.12940000000000002,6,4,Away
196,5076,5.0,S5,7,YUM,YUM,GBC,0,0,2,3,3,0,0,1,6,5,1,1,1,2,0,5,22,5.0,2,-1.353221957040573,0.23134739101486623,0.10040000000000002,6,2,Home
196,5113,5.0,S5,10,YUM,YUM,GTY,2,1,2,0,4,0,0,2,4,8,0,3,1,2,0,5,26,6.0,5,0.9761336515513126,0.014416029374145857,0.023745,11,3,Home
196,5136,5.0,S5,12,YUM,YUM,TSA,2,0,3,2,1,0,0,2,1,6,0,3,1,0,0,7,20,4.333333333333333,5,2.0442543836534335,-0.12440444227300257,-0.556,7,3,Away
196,5159,5.0,S5,14,YUM,YUM,WWC,1,0,1,2,2,0,1,1,3,3,3,5,0,0,0,4,21,5.0,2,-1.353221957040573,0.21934424160101512,0.00949999999999998,11,8,Away
197,3010,3.0,S3,3,SCB,SCB,LAN,1,0,1,2,1,0,0,1,2,0,1,3,2,0,0,4,12,3.0,1,-1.7609756097560971,0.23845775927394167,0.0,5,3,Away
197,3048,3.0,S3,12,SCB,SCB,BAY,0,0,0,0,0,0,0,0,2,0,0,0,0,0,0,0,2,0.6666666666666666,0,-0.7110484912527886,0.08149821550833419,0.0,2,0,Home
197,3053,3.0,S3,14,SCB,SCB,CIN,3,1,2,4,4,1,0,3,4,1,4,0,0,1,0,10,26,4.0,10,6.3186991869918705,-0.4915594725279401,0.0,11,4,Home
197,4008,4.0,S4,1,MBX,MBX,DCL,0,0,0,3,3,0,0,1,0,2,0,1,1,0,0,3,10,1.6666666666666667,1,-0.06768605645851122,0.04872591449110572,0.0015999999999999955,3,3,Away
197,4038,4.0,S4,5,MBX,MBX,LDN,0,2,3,3,1,0,0,2,6,2,2,2,1,0,0,8,23,5.0,3,-1.6781437125748497,0.26431618160157055,-0.09259999999999999,10,4,Away
197,4064,4.0,S4,8,MBX,MBX,DCL,1,0,4,2,2,0,1,4,9,2,2,0,1,0,0,7,26,6.0,4,-1.6137724550898196,0.2704662485066439,-0.09749999999999996,13,4,Home
197,4077,4.0,S4,10,MBX,MBX,CCS,0,1,7,1,2,0,0,3,0,0,1,2,0,0,0,9,17,2.0,9,7.056127471085227,-0.6342853220715899,-0.7687,3,3,Home
197,5039,5.0,S5,4,WWC,WWC,WSH,1,2,1,1,3,0,0,4,1,0,3,5,3,0,0,5,21,5.333333333333333,2,-1.6935911190908897,0.25338115780604675,0.16839999999999994,9,8,Home
197,5075,5.0,S5,7,WWC,WWC,CHI,1,0,1,0,2,0,2,0,0,1,2,1,0,0,0,2,8,1.3333333333333333,1,0.6401926986652524,-0.032010871429588916,-0.09409999999999999,4,4,Home
198,4013,4.0,S4,2,MBX,MBX,FWG,1,0,0,1,0,0,0,2,5,1,0,4,1,0,0,2,14,4.333333333333333,1,-3.146721441351035,0.3734123765184599,0.2624,10,4,Home
198,4031,4.0,S4,4,MBX,MBX,EEE,0,1,1,1,1,0,0,0,0,0,1,1,0,0,0,3,6,0.6666666666666666,2,1.468577728776185,-0.12168338757046576,-0.6301,2,1,Home
198,4044,4.0,S4,6,PDB,PDB,HON,0,1,0,1,0,0,0,2,0,0,0,2,1,0,0,2,6,1.6666666666666667,1,-0.8444606513468788,0.10962045044184064,0.1867,3,2,Away
198,6024,6.0,S6,2,MBT,MBT,PBA,0,0,0,0,0,0,0,0,1,0,2,0,0,0,0,0,3,1.0,0,-0.5658783783783784,0.06901914256124737,0.0645,2,1,Home
198,6041,6.0,S6,3,MBT,MBT,PHB,4,1,0,2,0,0,0,1,1,0,0,0,0,0,2,7,9,1.3333333333333333,5,4.235235642808933,-0.37794211362839164,-0.5255000000000001,2,1,Home
198,6053,6.0,S6,4,MBT,MBT,TTT,1,1,0,3,3,0,0,5,4,3,0,2,0,2,1,5,22,5.0,4,1.1706081081081083,-0.013466604782398028,-0.23290000000000008,7,2,Away
198,6098,6.0,S6,7,MBT,MBT,SUP,2,3,2,2,0,0,0,6,3,3,1,5,0,0,0,9,27,6.0,7,3.60472972972973,-0.24859123046228712,-0.6721,9,6,Home
198,6182,6.0,S6,13,MBT,MBT,POR,0,0,4,0,4,0,1,1,1,0,0,0,0,0,0,4,10,0.6666666666666666,7,7.210031347962382,-0.6795654523848732,-0.06480000000000001,0,0,Home
198,6190,6.0,S6,14,MBT,MBT,CIM,1,0,1,1,2,0,1,1,2,1,1,1,0,0,0,3,11,2.0,3,2.115506548643099,-0.16596920421180827,0.003299999999999989,3,1,Away
198,9003,9.0,S9,1,AND,AND,NNL,0,1,0,0,0,0,0,0,1,0,2,0,0,0,0,1,4,1.0,1,0.4251968503937008,-0.02780835751150494,-0.016600000000000004,2,1,Home
198,9013,9.0,S9,4,AND,AND,BIR,0,1,0,2,0,0,0,1,0,0,0,0,0,0,0,3,4,0.3333333333333333,2,1.3725652714463326,-0.1225451996167681,-0.1519,0,0,Home
198,9034,9.0,S9,9,AND,AND,FLB,0,0,0,1,2,0,0,5,2,3,1,1,0,1,0,1,15,4.0,0,-2.2992125984251968,0.2887665699539802,0.23829999999999998,6,2,Home
198,9039,9.0,S9,10,AND,AND,GOP,1,0,0,1,3,0,0,2,3,2,3,3,2,0,0,2,18,5.0,1,-1.874015748031496,0.25360254867854276,0.1645999999999999,9,6,Away
199,3023,3.0,S3,6,CCF,CCF,CIN,3,0,0,1,1,0,0,1,1,0,0,2,1,0,0,4,9,1.6666666666666667,3,1.3545447886911304,-0.0886843301453641,0.0,3,2,Home
200,3054,3.0,S3,14,BER,BER,CCF,2,0,0,1,2,0,1,3,3,2,1,1,0,0,0,3,15,3.3333333333333335,4,1.1758420441347273,-0.03963395654055779,0.0,6,4,Home
202,3048,3.0,S3,12,SCB,SCB,BAY,0,0,0,0,1,0,1,0,1,0,0,0,0,0,0,0,2,0.3333333333333333,0,-0.4850299401197604,0.05889636039503137,0.0,1,0,Home
202,3052,3.0,S3,13,SCB,SCB,TZS,5,1,2,1,1,0,0,2,3,1,0,2,1,0,0,9,18,3.0,8,5.239024390243903,-0.43036214157689234,0.0,6,4,Away
204,6067,6.0,S6,5,POR,POR,PBA,0,1,0,3,2,0,1,0,7,1,3,3,1,0,0,4,20,5.0,1,-1.829391891891892,0.26581455401191945,0.12519999999999998,10,6,Away
205,3048,3.0,S3,12,SCB,SCB,BAY,0,0,0,3,3,0,0,5,3,0,1,0,0,1,0,3,15,3.0,1,-1.4852223816355803,0.23166916922800065,0.0,3,1,Home
205,4002,4.0,S4,1,N69,N69,PGS,0,0,0,2,2,0,1,1,0,0,1,0,1,0,0,2,6,1.0,0,-0.9356287425149699,0.11873725955864975,0.06780000000000001,1,1,Home
205,6069,6.0,S6,5,MBT,MBT,HEL,0,1,0,0,2,0,0,3,3,0,2,0,1,0,0,1,11,3.0,1,-0.9448984405349908,0.14007129470600072,0.0069,4,2,Home
205,6080,6.0,S6,6,MBT,MBT,TAK,1,0,2,0,4,0,0,1,9,0,1,0,1,0,0,3,18,4.0,2,-0.2635135135135137,0.10093917969180859,-0.05079999999999994,6,1,Away
205,6126,6.0,S6,9,MBT,MBT,SLT,3,1,2,1,2,0,1,4,5,0,0,3,0,0,0,7,21,4.0,4,1.7364864864864866,-0.08662951558478187,-0.23389999999999994,5,3,Away
205,6152,6.0,S6,11,MBT,MBT,BBB,2,0,0,0,3,0,0,3,6,1,1,1,0,0,0,2,17,4.0,4,1.7364864864864864,-0.10320458854932796,-0.2704999999999999,8,3,Home
205,6190,6.0,S6,14,MBT,MBT,CIM,3,0,0,0,1,0,1,1,4,0,1,0,0,0,0,3,10,2.0,3,1.868243243243243,-0.1453866419129592,-0.21219999999999997,3,1,Away
206,5164,5.0,S5,14,PHB,PHB,TRA,0,0,0,0,0,0,0,0,1,0,0,0,0,0,0,0,1,0.3333333333333333,0,-0.2153145871036813,0.025532508514985165,0.0268,1,0,Away
207,4094,4.0,S4,12,MBX,MBX,LDN,1,0,0,1,1,0,0,0,4,1,0,0,0,0,0,2,8,1.6666666666666667,2,0.36714457682573004,-0.0031486106063693398,-0.006999999999999989,2,0,Home
207,4110,4.0,S4,14,MBX,MBX,VFQ,3,0,1,0,1,0,0,1,6,1,3,1,0,0,0,4,17,4.0,5,1.2574850299401201,-0.054421077957079296,-0.4362,8,6,Away
207,5147,5.0,S5,13,WWC,WWC,TSA,1,0,0,0,1,0,0,0,1,1,2,0,0,0,0,1,6,1.3333333333333333,1,-0.3311382185686085,0.057120120684563076,0.061200000000000004,4,2,Away
207,5159,5.0,S5,14,WWC,WWC,YUM,0,0,0,0,0,0,0,0,1,0,0,1,1,0,0,0,2,1.0,0,-0.9590361445783132,0.1039057140670654,0.1577,2,1,Home
207,6003,6.0,S6,1,WWC,WWC,SGP,2,0,0,0,1,0,1,2,4,2,0,1,0,0,0,2,12,3.0,2,0.3023648648648649,0.019488732407151665,-0.08330000000000004,5,3,Home
207,6029,6.0,S6,3,WWC,WWC,CBC,1,0,0,1,0,0,0,4,4,0,0,1,0,0,0,2,11,3.0,1,-0.6976351351351352,0.11534496416601515,0.03609999999999998,1,1,Away
207,6061,6.0,S6,5,WWC,WWC,MPD,1,0,1,1,3,0,0,0,4,1,2,2,1,0,0,3,15,3.3333333333333335,3,1.103478886052176,-0.04819136498816992,-0.2965,7,5,Away
207,6145,6.0,S6,11,WWC,WWC,RBD,1,1,1,2,2,0,0,3,12,0,1,2,0,0,0,5,25,6.0,3,-0.3952702702702704,0.14312123305543983,0.2035,9,3,Away
207,6169,6.0,S6,13,WWC,WWC,BAC,2,0,1,1,1,0,0,2,8,0,3,1,0,1,1,4,19,5.0,2,-0.8293918918918921,0.16995832225305593,0.010800000000000004,7,3,Away
211,3037,3.0,S3,10,SCB,SCB,LAN,1,1,1,0,2,0,0,3,2,0,2,1,1,0,0,3,13,3.0,2,-0.760975609756097,0.1436544424654693,0.0,5,2,Home
211,4040,4.0,S4,5,VFQ,VFQ,LMN,1,1,1,2,2,0,0,2,3,1,0,1,0,0,2,5,14,3.0,3,0.1931137724550902,0.04782031690689835,-0.1326,6,2,Away
211,4060,4.0,S4,8,VFQ,VFQ,EEE,0,0,2,5,6,0,1,5,4,1,2,1,1,0,0,7,26,4.666666666666667,5,-0.17389442079014727,0.1264784450766767,-0.16770100000000004,7,4,Home
211,4077,4.0,S4,10,MBX,MBX,CCS,0,0,0,1,1,0,0,2,4,0,2,2,2,0,0,1,12,4.0,0,-3.843923264581947,0.43474109707250025,0.050800000000000005,7,3,Home
211,4091,4.0,S4,12,CEL,CEL,PGA,0,1,3,4,5,1,0,4,3,0,1,3,1,0,0,8,24,4.0,7,4.0923480907038385,-0.3085372678417729,-0.30260000000000004,6,5,Away
211,4098,4.0,S4,13,CEL,CEL,DDD,2,0,1,2,3,0,0,8,4,2,0,1,0,0,0,5,23,5.0,4,-0.6781437125748498,0.16431618160157052,-0.16850000000000007,7,2,Home
212,6060,6.0,S6,5,SAS,SAS,AAL,0,1,1,1,0,0,0,0,4,3,1,4,0,0,0,3,15,4.0,2,-0.4447765072765073,0.10663417434469841,0.08749999999999997,12,4,Away
212,7001,7.0,S7,1,SCG,SCG,TRI,0,0,1,2,1,0,1,1,2,1,0,0,0,0,0,3,8,1.3333333333333333,3,0.2517847290722752,0.008325837094315253,-0.05709999999999999,2,0,Away
216,3023,3.0,S3,6,CCF,CCF,CIN,1,0,1,2,1,0,1,0,1,0,1,1,1,0,0,4,8,1.3333333333333333,2,0.8844796015527725,-0.04687449462305596,0.0,3,1,Home
216,3040,3.0,S3,10,CCF,CCF,FTP,1,0,0,0,0,0,0,0,1,0,2,1,0,0,0,1,5,1.3333333333333333,1,-0.11552039844722747,0.03753545580236105,0.0,3,0,Home
216,3040,3.0,S3,10,FTP,FTP,CCF,0,0,0,1,0,0,0,0,0,0,0,0,0,0,0,1,1,0.0,0,0.2757532281205166,-0.022378639620523996,0.0,0,0,Away
216,3047,3.0,S3,12,CCF,CCF,TZS,1,2,1,2,1,0,0,0,0,0,2,2,0,0,0,6,11,1.3333333333333333,6,5.246849593495935,-0.4675214442427892,0.0,4,3,Home
216,4011,4.0,S4,2,N69,N69,PDB,3,0,2,1,0,0,0,3,4,0,3,5,0,0,0,6,21,5.0,4,-0.67814371257485,0.1559247198325196,-0.14400000000000002,8,5,Away
216,4043,4.0,S4,6,N69,N69,DBV,1,0,1,2,1,0,0,2,0,1,0,2,0,0,0,4,10,1.6666666666666667,2,0.9787425149700599,-0.0559169426517514,-0.1733,3,2,Away
216,4053,4.0,S4,7,LMN,LMN,DCL,0,0,1,1,1,0,0,0,1,0,2,0,0,0,0,2,6,1.0,2,1.06437125748503,-0.0812627404413502,0.02130000000000002,2,1,Home
216,4058,4.0,S4,8,N69,N69,PGS,0,0,3,2,1,0,0,1,1,0,0,2,1,0,0,5,10,1.6666666666666667,4,0.97874251497006,-0.05591694265175141,-0.001413,2,2,Away
216,5042,5.0,S5,4,GTY,GTY,RKT,0,0,0,0,2,2,0,1,1,0,2,1,0,2,2,0,8,2.6666666666666665,0,-1.914818194580935,0.23549336730888093,0.0511,4,1,Home
216,5073,5.0,S5,7,GTY,GTY,WSH,1,0,0,0,0,0,0,1,0,0,0,2,0,0,0,1,4,1.0,1,0.6333333333333333,-0.047329134114865154,-0.17640000000000003,2,2,Away
217,3019,3.0,S3,5,BAY,BAY,SCB,1,0,3,2,3,0,0,2,2,0,7,5,2,0,0,6,25,6.0,3,-2.5219512195121943,0.38211220173941096,0.0,12,8,Home
217,4045,4.0,S4,6,LDN,LDN,DCL,0,0,1,4,4,0,0,2,4,3,2,0,1,0,0,5,20,4.0,2,-1.7425149700598799,0.2581661146964972,0.01350000000000004,7,3,Away
218,3009,3.0,S3,3,CCF,CCF,FTP,0,0,2,1,0,0,0,2,5,1,1,0,0,0,0,3,12,3.0,1,-1.6165311653116525,0.2240133148294972,0.0,3,2,Away
218,4033,4.0,S4,5,N69,N69,DDD,1,1,0,1,1,0,0,5,9,0,2,2,0,0,0,3,22,6.0,1,-4.61377245508982,0.553683324968542,0.2367,7,3,Home
218,4043,4.0,S4,6,N69,N69,DBV,1,1,1,0,2,0,0,4,1,1,2,2,0,0,0,3,15,3.3333333333333335,4,0.3431137724550901,0.028624586022372868,-0.35309999999999997,7,4,Away
218,4058,4.0,S4,8,N69,N69,PGS,4,0,1,3,3,0,0,0,3,0,0,1,0,0,0,8,15,1.3333333333333333,9,9.21437125748503,-0.8585011624806211,-0.078063,3,1,Away
218,4073,4.0,S4,10,N69,N69,HON,2,0,2,4,0,0,0,3,6,0,2,1,0,0,0,8,20,4.0,5,1.25748502994012,-0.04183388530350283,-0.13720000000000002,8,2,Away
218,4089,4.0,S4,12,N69,N69,DDD,4,0,2,3,2,0,0,3,2,1,3,4,2,0,0,9,24,5.0,7,2.3218562874251503,-0.13148808751390392,-0.6554,9,7,Away
218,5006,5.0,S5,1,GTY,GTY,ISO,0,0,0,2,2,0,0,4,10,0,3,1,0,0,0,2,22,6.0,0,-4.023866348448688,0.4904097305464436,0.32830000000000004,10,4,Away
218,5056,5.0,S5,5,LMN,LMN,SAR,3,0,0,3,1,0,0,3,3,2,1,2,0,0,0,6,18,3.6666666666666665,4,1.4995841879578666,-0.07793952231267995,-0.16789999999999997,7,5,Home
218,5099,5.0,S5,9,GTY,GTY,CHI,0,0,2,2,3,0,0,1,2,0,2,0,1,0,0,4,12,2.0,4,2.354733492442323,-0.18746075158882786,-0.18529999999999996,3,2,Away
218,5105,5.0,S5,9,LMN,LMN,KTY,0,0,1,5,3,0,0,6,6,2,1,2,1,0,0,6,26,6.0,1,-3.0238663484486876,0.4064139297649118,0.178,9,4,Home
218,6080,6.0,S6,6,TAK,TAK,MBT,1,0,1,1,4,0,0,3,4,5,2,0,1,0,0,3,21,5.0,1,-1.8293918918918919,0.26995832225305594,0.3087000000000001,6,3,Home
218,6100,6.0,S6,8,TAK,TAK,CBC,1,0,0,1,1,0,0,5,4,2,3,1,0,0,0,2,18,5.0,2,-0.8293918918918921,0.15752701752964643,-0.011399999999999985,7,4,Away
218,6121,6.0,S6,9,TAK,TAK,MVS,0,1,0,0,0,0,0,0,2,0,0,0,0,0,0,1,3,0.6666666666666666,0,0.43267504488330344,-0.030836199764920816,-0.16909999999999997,0,0,Home
218,6136,6.0,S6,10,TAK,TAK,POR,1,0,3,0,2,0,1,0,6,5,1,2,0,0,0,4,20,4.666666666666667,1,-0.22241399365927,0.10511676418865724,-0.07360000000000003,8,3,Away
218,6148,6.0,S6,11,TAK,TAK,CIM,0,0,2,2,1,0,0,4,1,5,2,2,1,0,0,4,19,5.0,3,-1.103234872040182,0.18905508378561192,0.054699999999999985,9,6,Home
218,6178,6.0,S6,13,TAK,TAK,PBA,1,0,2,3,0,0,0,3,3,8,1,0,0,0,0,6,21,5.0,3,0.170608108108108,0.06995832225305597,-0.07420000000000002,9,3,Away
218,6192,6.0,S6,14,TAK,TAK,PHB,1,0,1,1,1,0,1,0,2,1,0,0,0,1,0,3,7,1.0,3,2.9466666666666668,-0.2615165207375746,-0.44889999999999997,1,0,Home
226,6046,6.0,S6,4,JEF,JEF,MPD,1,0,0,2,2,0,0,1,2,0,0,0,0,0,0,3,8,1.0,5,4.434121621621621,-0.41026201623307,-0.8003,1,0,Home
226,6087,6.0,S6,7,JEF,JEF,WWC,1,0,1,1,0,0,0,1,0,0,2,3,0,0,0,3,9,2.0,3,1.8682432432432434,-0.1495304101540957,-0.009700000000000002,5,4,Home
227,3032,3.0,S3,8,BAY,BAY,BER,3,0,0,2,2,0,0,6,3,1,1,3,1,0,0,5,21,5.0,5,0.3983739837398381,0.06929294864809707,0.0,6,3,Away
227,3040,3.0,S3,10,CCF,CCF,FTP,2,0,0,1,1,0,0,4,2,0,1,0,1,0,0,3,11,2.6666666666666665,3,0.434219585439098,0.01374155656289447,0.0,1,0,Home
227,4014,4.0,S4,2,DCL,DCL,VFQ,2,1,1,0,0,0,0,1,2,0,0,0,0,0,0,4,7,1.0,3,2.06437125748503,-0.1770670095568248,-0.23459999999999998,1,0,Away
227,4101,4.0,S4,13,DCL,DCL,LDN,0,0,0,1,0,0,0,0,3,0,0,0,0,0,0,1,4,1.0,1,-0.93562874251497,0.11034579778959885,-0.0415,3,1,Away
227,4104,4.0,S4,13,LMN,LMN,MBX,1,0,0,2,1,0,0,1,4,0,0,1,0,0,0,3,10,2.0,2,0.12874251497006006,0.029083057348248606,-0.10920000000000002,5,1,Home
227,6094,6.0,S6,7,TAK,TAK,BBB,0,0,1,0,0,0,0,0,1,1,1,0,0,0,0,1,4,1.0,0,-0.5658783783783784,0.0731629108023839,0.1169,2,1,Away
227,6147,6.0,S6,11,LMN,LMN,MPD,0,1,0,5,3,0,0,4,3,0,2,2,2,0,0,6,20,4.333333333333333,2,-0.0878188581840269,0.09165725064113296,0.02839999999999996,6,4,Away
227,6188,6.0,S6,14,LMN,LMN,WWC,0,0,3,1,2,0,0,2,4,2,1,3,0,0,0,4,18,4.0,2,-0.2635135135135136,0.1009391796918086,-0.02729999999999998,7,3,Away
229,3015,3.0,S3,4,SCB,SCB,FTP,2,1,3,3,1,0,0,2,8,1,3,4,0,0,0,9,28,6.0,8,2.4780487804878057,-0.10229774868600604,0.0,12,8,Home
233,4053,4.0,S4,7,LMN,LMN,DCL,0,0,2,2,2,0,0,3,3,0,0,2,1,0,0,4,14,3.0,2,-0.8068862275449099,0.13942885513784742,-0.037500000000000026,5,2,Home
233,6088,6.0,S6,7,MPD,MPD,RBD,1,0,1,3,2,0,0,3,5,2,2,3,1,0,0,5,22,5.333333333333333,3,0.5748789834610727,0.033675002958896,-0.20729999999999998,7,3,Home
233,6157,6.0,S6,12,MPD,MPD,SGP,0,0,0,3,0,0,0,3,3,0,6,4,2,0,0,3,19,6.0,0,-3.39527027027027,0.41825862360862076,0.7132999999999999,10,4,Away
233,7068,7.0,S7,9,TBL,TBL,BBB,0,0,0,2,0,0,0,4,1,0,4,4,2,0,0,2,15,5.0,0,-2.7426312005751257,0.33708370131040527,0.29269999999999996,8,6,Home
233,7101,7.0,S7,13,TBL,TBL,RRR,0,0,0,0,0,0,0,0,0,0,0,1,0,0,1,0,1,0.6666666666666666,0,-0.4625850340136054,0.05463458090174623,0.0435,2,2,Home
233,8009,8.1,S8A,2,CDT,CDT,BLO,1,0,1,0,0,0,0,0,1,1,0,1,0,0,0,2,5,1.0,1,0.32333333333333336,-0.011069039835505098,0.0092,1,1,Away
233,8512,8.2,S8B,3,TXR,TXR,CC,1,1,2,1,3,0,0,1,3,3,1,4,0,1,0,5,20,4.0,5,2.528606965174129,-0.16339403914371617,-0.38349999999999995,8,3,Away
233,8532,8.2,S8B,8,TXR,TXR,NUT,0,0,1,0,0,0,0,0,1,1,0,1,0,0,0,1,4,1.0,0,-0.24657534246575352,0.04169880231775566,0.23399999999999999,2,1,Away
233,9007,9.0,S9,2,NNL,NNL,GOP,0,0,0,0,0,0,0,0,0,0,0,3,0,0,0,0,3,1.0,0,-0.5748031496062992,0.06851381060652878,0.2274,3,2,Away
233,9028,9.0,S9,7,NNL,NNL,KGB,1,0,3,2,2,0,0,0,4,1,3,3,0,0,0,6,19,3.6666666666666665,5,3.1035651793525814,-0.2404777121778987,-0.2857,6,3,Away
233,11041,11.0,S11,7,LOB,LOB,ARA,0,0,2,3,3,0,0,4,2,1,1,0,1,0,0,5,16,3.0,3,0.11603822990311574,0.05275878243705445,-0.02540000000000002,3,1,Away
234,3001,3.0,S3,1,BER,BER,BAY,0,0,0,2,0,0,0,7,1,0,1,0,0,0,0,2,11,3.0,0,-2.8425018320057722,0.3414136983073815,0.0,2,2,Away
234,3007,3.0,S3,2,BER,BER,SCB,0,0,1,3,0,0,0,3,7,1,1,2,1,0,0,4,18,5.0,0,-4.601626016260162,0.5537028990735141,0.0,8,4,Home
234,4095,4.0,S4,12,EEE,EEE,DCL,0,0,1,3,1,0,0,2,4,0,1,2,1,0,0,4,14,3.3333333333333335,3,-2.3155486779250483,0.2902951001758613,0.012800000000000013,7,3,Away
234,5039,5.0,S5,4,WSH,WSH,WWC,0,0,0,2,2,0,0,0,1,0,0,0,0,0,0,2,5,0.3333333333333333,1,1.7849111641474409,-0.15848586739165887,-0.32980000000000004,0,0,Away
234,5061,5.0,S5,6,WSH,WSH,ISO,0,0,1,2,0,0,0,3,1,1,1,0,0,0,0,3,9,2.0,1,-0.34128878281622915,0.07013832652317625,-0.09600000000000002,3,1,Home
234,5073,5.0,S5,7,WSH,WSH,GTY,0,0,0,0,0,0,0,2,0,1,0,1,0,0,0,0,4,1.3333333333333333,0,-0.8528061449984397,0.10128481371831212,0.10880000000000001,2,1,Home
234,5109,5.0,S5,10,WSH,WSH,SPR,0,0,0,1,0,0,0,3,4,1,1,0,0,1,0,1,10,3.0,0,-2.011933174224344,0.2452048652732218,0.002138,6,1,Home
235,4060,4.0,S4,8,EEE,EEE,VFQ,1,0,0,1,1,0,1,2,4,4,1,1,0,0,0,2,15,4.0,1,-2.74251497005988,0.3371874602738698,0.12318200000000001,7,4,Away
236,2003,2.0,S2,2,SAV,SAV,AKR,1,0,0,1,1,0,1,0,1,0,2,3,0,0,0,2,9,2.0,1,0.7575757575757577,-0.029632575757575753,0.0,5,3,Home
238,6035,6.0,S6,3,CIM,CIM,POR,1,0,0,0,0,0,0,0,2,1,2,2,1,0,0,1,8,2.6666666666666665,1,-1.1019060104881,0.14334074697790208,0.006000000000000002,5,4,Home
238,6078,6.0,S6,6,CIM,CIM,PBA,2,1,1,1,1,0,0,4,3,1,1,1,0,0,0,5,16,3.3333333333333335,4,3.7023648648648644,-0.3039361946283023,-0.10009999999999998,6,2,Home
238,7058,7.0,S7,8,BAC,BAC,KNX,2,0,0,1,1,0,0,0,3,3,1,1,1,0,0,3,12,3.0,3,1.3544212796549244,-0.08518566296317831,-0.07450000000000004,4,1,Away
238,8007,8.1,S8A,2,BIS,BIS,LAC,1,0,1,0,2,0,0,0,6,1,2,4,1,0,1,2,17,5.0,1,-2.3833333333333333,0.31488478992551494,0.18800000000000003,9,6,Away
238,8027,8.1,S8A,5,BIS,BIS,MMM,1,2,1,1,3,0,0,3,3,3,0,6,1,0,1,5,23,5.666666666666667,3,-0.3327272727272723,0.1353413360623028,0.02260000000000005,10,6,Home
241,6026,6.0,S6,2,BBB,BBB,FRG,0,0,0,0,1,0,1,0,0,1,0,0,0,0,0,0,2,0.3333333333333333,0,0.0014465767383181616,0.008142878808441209,0.0008999999999999998,1,0,Home
248,4039,4.0,S4,5,EEE,EEE,DCL,1,0,2,2,3,0,0,2,3,1,3,1,2,0,0,5,18,4.0,4,0.2574850299401202,0.04977465292744621,0.001300000000000013,6,1,Home
249,3029,3.0,S3,8,CIN,CIN,LAN,1,2,1,3,3,0,0,9,2,0,0,2,0,0,0,7,23,4.333333333333333,6,1.8409214092140926,-0.06456842751627295,0.0,5,2,Home
249,3038,3.0,S3,10,CIN,CIN,BAY,3,2,5,3,3,0,0,6,3,1,3,5,0,0,0,13,34,6.0,8,2.2757760532150786,-0.05089037680956732,0.0,12,6,Home
249,5023,5.0,S5,2,POR,POR,KTY,1,0,1,3,1,0,0,5,4,1,4,4,0,0,0,5,24,6.0,3,-1.0238663484486876,0.1984118301556777,-0.06370000000000003,9,4,Home
249,5046,5.0,S5,4,POR,POR,TAC,0,0,1,7,1,1,0,2,1,1,2,6,2,1,1,8,21,5.0,3,-0.35322195704057324,0.12734634121024924,-0.004200000000000013,9,7,Away
249,5092,5.0,S5,8,POR,POR,LMN,0,0,1,3,2,0,1,3,3,0,7,4,0,2,0,4,24,6.0,1,-3.0238663484486876,0.4064139297649118,0.4829,10,5,Away
249,6083,6.0,S6,6,POR,POR,PHB,0,0,4,4,0,0,0,6,3,3,3,2,0,1,1,8,25,6.0,2,-1.3952702702702704,0.25140876953771285,0.027200000000000012,9,3,Home
249,6099,6.0,S6,8,POR,POR,BAC,0,0,0,1,1,0,0,1,1,1,1,0,0,0,0,1,6,1.3333333333333333,0,-0.7247752923639332,0.0973401386832124,0.0105,2,0,Away
252,3011,3.0,S3,3,BAY,BAY,CIN,1,0,0,1,1,0,1,4,0,1,0,0,0,0,0,2,8,1.6666666666666667,1,-1.0078252032520323,0.14235598585742454,0.0,1,0,Home
252,4026,4.0,S4,4,N69,N69,PGA,0,1,0,0,0,0,0,0,0,0,0,0,0,0,0,1,1,0.0,1,0.380645557191949,-0.03386882483466944,-0.0265,0,0,Away
252,6162,6.0,S6,12,CIM,CIM,SUP,0,0,0,0,0,0,0,2,1,0,0,3,0,0,0,0,6,2.0,0,-1.1317567567567568,0.13803828512249475,0.020800000000000003,4,3,Home
252,7003,7.0,S7,1,MMA,MMA,FAP,0,0,0,1,1,0,0,7,3,2,2,1,0,0,0,1,17,5.0,0,-2.7426312005751257,0.345459778810791,0.4095,6,1,Away
252,7017,7.0,S7,3,MMA,MMA,WSW,1,0,1,1,0,0,0,6,4,2,2,3,1,0,0,3,20,6.0,1,-2.291157440690151,0.312876519072872,0.49489999999999995,9,4,Away
252,7038,7.0,S7,5,MMA,MMA,SSJ,2,0,2,2,2,0,0,1,2,6,1,1,0,0,0,6,19,3.6666666666666665,4,2.176087347232207,-0.1380359984695566,-0.41859999999999997,8,2,Away
252,7041,7.0,S7,6,MMA,MMA,PBA,0,1,1,3,2,0,0,4,5,1,3,5,0,0,0,5,25,6.0,1,-2.291157440690151,0.33381671282383624,0.21329999999999993,13,6,Home
252,7060,7.0,S7,8,MMA,MMA,SSC,0,1,2,0,4,0,0,4,4,2,3,2,2,0,0,3,22,5.666666666666667,1,-3.0506880726130405,0.39720565976554667,0.25459999999999994,9,4,Home
252,7076,7.0,S7,10,MMA,MMA,SCG,2,0,3,3,0,0,0,1,3,3,1,5,0,0,0,8,21,4.333333333333333,6,3.5654256714627888,-0.26859375339222913,-0.3822,10,4,Home
253,4054,4.0,S4,7,MBX,MBX,VFQ,0,3,3,3,4,0,0,5,3,3,3,3,1,0,0,9,30,6.0,5,-0.6137724550898198,0.18724917204474573,-0.06339999999999998,12,8,Home
255,6038,6.0,S6,3,BBB,BBB,PBA,0,0,0,1,0,0,0,2,2,4,0,1,0,0,0,1,10,3.0,0,-1.697635135135135,0.21120119592487863,0.08180000000000001,5,2,Away
255,7061,7.0,S7,8,SSJ,SSJ,TBL,2,0,3,1,1,0,0,2,5,9,1,1,0,0,0,6,25,6.0,5,1.7088425593098493,-0.06618328717616376,-0.26229999999999987,11,4,Home
256,3035,3.0,S3,9,CIN,CIN,FTP,1,1,2,2,4,0,1,3,3,0,5,3,1,0,0,6,24,5.0,4,-0.4073990103893202,0.16546029763559594,0.0,10,5,Away
256,4036,4.0,S4,5,DBV,DBV,PDB,0,0,1,1,1,0,0,0,3,0,7,3,2,0,0,2,16,5.0,0,-4.67814371257485,0.5349460654098923,0.1597,9,3,Away
256,4050,4.0,S4,7,DBV,DBV,HON,0,0,5,1,7,1,0,1,4,1,3,1,2,0,0,6,23,4.0,5,2.0491290146978773,-0.10841109112570219,0.04370000000000003,5,1,Away
256,4084,4.0,S4,11,DBV,DBV,DDD,2,2,1,0,1,0,0,1,1,0,1,0,0,0,0,5,9,1.0,5,5.06437125748503,-0.46867554778777387,-0.13039999999999996,2,0,Away
256,4092,4.0,S4,12,DBV,DBV,PDB,1,1,1,2,2,0,0,0,0,0,3,3,2,0,0,5,14,3.0,4,1.1931137724550902,-0.060571144862152544,-0.23590000000000003,5,3,Home
258,4024,4.0,S4,3,DCL,DCL,FWG,0,0,0,1,2,0,0,2,2,2,5,2,2,0,0,1,16,5.0,0,-4.678143712574849,0.5349460654098923,0.44810000000000005,10,6,Away
258,4070,4.0,S4,9,DCL,DCL,VFQ,1,0,4,7,8,0,1,5,7,0,2,1,0,0,0,12,35,5.0,13,9.023757219289232,-0.7555251409705321,-0.42769999999999997,9,3,Home
259,4019,4.0,S4,3,DBV,DBV,PGS,0,0,0,1,0,0,0,0,0,0,0,1,0,0,0,1,2,0.3333333333333333,0,0.18309859154929564,-0.009918397385878644,-0.1569,1,1,Away
259,4075,4.0,S4,10,DBV,DBV,PGS,0,1,4,4,0,0,0,3,2,0,6,4,2,0,0,9,24,5.666666666666667,5,-1.0582168995342642,0.20651923118203744,-0.4039,10,5,Home
259,4099,4.0,S4,13,DBV,DBV,N69,0,0,1,3,3,0,0,0,2,0,3,3,2,0,0,4,15,3.3333333333333335,0,-3.623787635995614,0.4253147268674433,0.0797,7,3,Away
259,5005,5.0,S5,1,SPR,SPR,GBC,0,1,0,1,0,0,0,1,3,0,6,2,0,0,0,2,14,4.0,1,-1.6825775656324584,0.22427245382788438,0.2355,8,2,Home
259,5077,5.0,S5,7,SPR,SPR,KRB,0,0,1,1,3,0,0,3,2,3,2,5,3,0,0,2,20,6.0,0,-4.023866348448688,0.4824076309372095,0.3759,7,5,Home
259,5162,5.0,S5,14,SPR,SPR,GTY,1,0,2,5,3,0,1,4,2,1,5,4,1,0,1,8,27,6.0,4,-0.023866348448687624,0.11441602937414586,-0.0061999999999999625,9,4,Home
259,6075,6.0,S6,6,RBD,RBD,PUK,0,1,0,3,1,0,0,6,2,2,3,5,0,0,0,4,23,6.0,0,-3.39527027027027,0.43483369657316684,0.5302000000000001,11,6,Home
259,6129,6.0,S6,10,RBD,RBD,JEF,0,0,2,3,3,0,1,2,2,0,8,3,1,0,0,5,23,5.333333333333333,1,-1.0268492176386914,0.1979915913100089,0.08310000000000001,11,6,Away
259,6147,6.0,S6,11,LMN,LMN,MPD,0,0,0,1,0,0,0,0,0,2,0,0,0,0,0,1,3,0.6666666666666666,0,-0.7415730337078652,0.08658860809419607,-0.004100000000000003,2,0,Away
259,12002,12.0,S12,1,KEG,KEG,SDV,1,0,0,0,0,0,0,2,0,0,0,0,0,0,0,1,3,0.6666666666666666,1,2.0999999999999996,-0.19760729843710184,-0.40209999999999996,0,0,Home
259,12013,12.0,S12,3,KEG,KEG,WWC,0,0,2,1,1,0,0,4,3,0,4,4,1,0,0,3,20,6.0,0,-3.6749192680301395,0.45010993722233483,0.35740000000000005,10,7,Home
259,12026,12.0,S12,6,KEG,KEG,MMN,1,0,2,1,1,0,0,1,4,1,2,4,0,0,0,4,17,4.0,3,0.8407930830931631,-0.01385399945289359,-0.18819999999999987,8,5,Home
259,12042,12.0,S12,9,KEG,KEG,PQD,2,0,1,1,0,0,0,0,4,1,3,5,0,1,0,4,17,4.333333333333333,2,-0.703421095451473,0.14469831892253607,-0.11639999999999992,9,6,Home
259,12067,12.0,S12,14,KEG,KEG,SCR,0,0,2,1,1,0,0,1,1,0,2,1,0,0,0,3,9,1.6666666666666667,1,-0.6259614614364033,0.0997742508323347,0.1182,4,2,Home
262,4028,4.0,S4,4,DBV,DBV,DDD,0,0,1,2,5,0,0,0,4,1,1,1,1,0,0,3,15,2.6666666666666665,2,0.7180282292557743,-0.008866859657695486,-0.07300000000000001,4,2,Home
262,4043,4.0,S4,6,DBV,DBV,N69,1,0,1,3,5,0,0,5,7,1,2,2,1,0,0,5,27,6.0,4,-1.61377245508982,0.2746619793911694,-0.02710000000000005,5,2,Home
262,11012,11.0,S11,2,LOB,LOB,PRP,0,0,0,2,0,0,0,1,1,0,1,1,1,0,1,2,6,2.0,0,-1.2003142183817754,0.14819006171265017,0.0163,3,1,Away
262,11033,11.0,S11,6,LOB,LOB,ROY,1,0,0,2,1,0,0,1,0,0,1,2,0,0,0,3,8,1.3333333333333333,2,1.2777879713992464,-0.09559749442624163,-0.0525,3,3,Away
262,11041,11.0,S11,7,LOB,LOB,ARA,1,0,0,3,0,0,0,0,1,0,1,1,1,0,0,4,7,1.3333333333333333,2,2.2216377626039843,-0.1940051363859258,-0.07200000000000001,3,1,Away
262,11058,11.0,S11,10,LOB,LOB,HOT,0,0,2,0,0,0,0,3,2,1,1,3,0,0,0,2,12,3.3333333333333335,1,-1.6167088387736013,0.20994283794788465,0.18830000000000002,4,3,Home
262,11083,11.0,S11,14,LOB,LOB,IDR,0,2,1,0,0,0,0,0,0,1,1,2,0,0,0,3,7,1.3333333333333333,2,1.0367036652696504,-0.07551172665249242,-0.1286,4,3,Home
262,12011,12.0,S12,3,SCR,SCR,CCS,0,0,1,1,1,0,0,4,2,0,7,4,1,0,0,2,20,6.0,1,-2.6749192680301395,0.35010993722233485,0.3722,12,6,Away
262,12029,12.0,S12,6,SCR,SCR,CCS,0,1,0,0,1,0,0,0,3,0,2,1,0,0,0,1,8,2.0,1,-0.22497308934337984,0.05554451310206633,0.18670000000000003,3,1,Home
262,12056,12.0,S12,12,SCR,SCR,DDD,0,0,2,1,1,0,0,2,0,0,4,0,0,1,0,3,10,2.0,2,0.7750269106566203,-0.03206278533503555,-0.0978,4,1,Away
262,12067,12.0,S12,14,SCR,SCR,KEG,0,0,0,3,0,0,0,1,0,1,1,0,1,0,0,3,6,1.3333333333333333,0,-0.802141717085483,0.10499957483434455,0.15699999999999997,2,0,Away
263,4019,4.0,S4,3,DBV,DBV,PGS,2,2,0,1,1,0,0,1,4,0,0,1,0,0,0,5,12,2.0,4,2.1287425149700603,-0.1625254808827005,-0.2961,5,1,Away
264,3050,3.0,S3,13,CIN,CIN,CCF,0,1,1,0,1,0,0,4,4,0,3,1,0,0,0,2,15,4.0,0,-3.6813008130081295,0.44608032917372786,0.0,8,4,Home
264,4035,4.0,S4,5,CEL,CEL,PGA,1,0,0,3,0,0,0,1,2,1,1,0,1,0,0,4,9,2.0,1,-0.16935655316585752,0.0546972332773149,0.031900000000000005,3,1,Home
264,4057,4.0,S4,8,CEL,CEL,DBV,0,0,1,1,1,0,0,0,1,2,0,0,0,0,0,2,6,1.0,2,1.06437125748503,-0.08126274044135023,-0.06889999999999999,3,1,Away
264,4068,4.0,S4,9,CEL,CEL,PGS,0,0,1,0,1,0,0,0,3,0,0,0,0,0,0,1,5,1.0,1,0.06437125748503003,0.014541528674124303,-0.04469999999999999,2,0,Home
264,5050,5.0,S5,5,SPR,SPR,CHI,1,0,1,2,2,0,0,5,4,2,4,1,2,1,0,4,22,6.0,1,-3.0238663484486876,0.39441078035106064,0.5043000000000001,11,5,Away
264,5064,5.0,S5,6,SPR,SPR,TSA,0,0,1,1,0,0,0,2,1,1,1,0,0,0,0,2,7,1.6666666666666667,0,-0.9412887828162292,0.12213622691394219,0.051100000000000007,3,1,Away
264,6007,6.0,S6,1,LMN,LMN,SAR,0,0,0,2,1,0,0,1,3,7,1,0,0,0,0,2,15,4.0,0,-2.2635135135135136,0.288507874968399,0.4475,9,3,Home
264,6011,6.0,S6,1,SLT,SLT,PBA,1,0,0,2,0,0,0,2,6,7,2,1,0,0,0,3,21,6.0,2,-1.3952702702702704,0.2265461600908938,0.20450000000000002,12,3,Home
264,6018,6.0,S6,2,LMN,LMN,RBD,0,0,1,0,0,0,0,1,0,0,0,0,0,0,0,1,2,0.3333333333333333,0,1.4,-0.13171246351772697,-0.1345,0,0,Home
264,6066,6.0,S6,5,SLT,SLT,TAK,0,0,0,0,1,0,0,1,2,2,0,1,0,0,0,0,7,2.0,0,-1.1317567567567568,0.14218205336363127,0.16679999999999998,3,1,Home
264,6073,6.0,S6,6,LMN,LMN,SGP,2,0,0,0,0,0,0,0,0,0,0,0,0,0,0,2,2,0.0,2,2.0,-0.19171246351772697,-0.2425,0,0,Away
264,6084,6.0,S6,6,SLT,SLT,SUP,1,0,0,3,0,0,0,0,0,6,1,2,0,1,0,4,13,3.0,2,0.3023648648648649,0.027776268889424683,0.09699999999999999,6,3,Away
264,6110,6.0,S6,8,LMN,LMN,LIM,0,0,0,0,0,0,0,0,1,1,0,0,0,0,0,0,2,0.6666666666666666,0,-0.9285714285714286,0.10114467933941589,0.0272,1,0,Away
264,6114,6.0,S6,9,LMN,LMN,CBC,1,1,0,4,0,0,0,0,3,4,0,1,0,1,0,6,14,2.6666666666666665,4,2.501250843677554,-0.1879685607507077,-0.18719999999999998,7,3,Away
264,6126,6.0,S6,9,SLT,SLT,MBT,1,0,1,2,2,0,1,5,2,4,2,2,0,0,0,4,21,5.0,2,-0.8293918918918919,0.16995832225305596,0.22329999999999997,6,4,Home
264,6139,6.0,S6,10,SLT,SLT,BBB,0,0,0,1,0,0,0,1,0,1,1,0,0,0,0,1,4,1.0,0,-0.5658783783783784,0.0731629108023839,0.0083,1,1,Away
264,6149,6.0,S6,11,SLT,SLT,MVS,0,0,0,1,0,0,0,0,2,3,1,0,0,0,0,1,7,2.0,0,-1.1317567567567568,0.14218205336363127,0.1356,2,1,Home
264,7007,7.0,S7,1,STK,STK,SSC,0,0,0,2,0,0,0,2,1,1,1,0,0,0,0,2,7,1.6666666666666667,0,-0.9508730782366948,0.12440357907501941,0.15009999999999998,2,0,Home
265,3011,3.0,S3,3,CIN,CIN,BAY,1,0,4,1,1,0,0,1,5,0,7,4,1,0,0,6,24,6.0,4,-1.5219512195121943,0.2769155185478833,0.0,14,4,Away
265,3046,3.0,S3,12,CIN,CIN,BER,0,1,0,0,0,0,0,0,0,0,1,0,0,0,0,1,2,0.3333333333333333,0,0.31999999999999995,-0.021606633616944676,0.0,1,0,Away
265,3053,3.0,S3,14,CIN,CIN,SCB,1,4,1,2,3,0,0,1,5,0,4,2,0,0,0,8,23,4.0,7,3.5129261928627122,-0.2317689058811349,0.0,8,6,Away
265,4001,4.0,S4,1,DBV,DBV,CEL,1,0,0,0,0,0,0,0,0,0,0,0,0,0,0,1,1,0.0,1,2.38840206185567,-0.23464447530104154,-0.5595,0,0,Away
265,4010,4.0,S4,2,DBV,DBV,PGA,0,1,2,2,2,0,0,2,2,1,0,1,1,1,2,5,13,3.0,4,0.7661051523326974,-0.013674551965387804,-0.4544,5,1,Home
265,4066,4.0,S4,9,DBV,DBV,PGA,0,1,0,4,1,0,0,5,5,1,2,3,2,0,0,5,22,6.0,1,-4.61377245508982,0.553683324968542,0.19740000000000002,9,6,Away
265,4099,4.0,S4,13,DBV,DBV,N69,1,0,2,3,1,0,0,2,1,0,0,0,0,0,0,6,10,1.0,5,4.06437125748503,-0.36447981690324843,-0.38789999999999997,1,0,Away
265,5023,5.0,S5,2,KTY,KTY,POR,0,0,1,1,0,0,0,4,5,1,3,5,0,0,0,2,20,6.0,0,-4.023866348448688,0.4824076309372095,0.437,13,9,Away
265,5072,5.0,S5,6,KTY,KTY,TRA,0,0,2,1,1,0,0,7,3,1,4,3,0,0,0,3,22,6.0,2,-2.0238663484486876,0.2904097305464436,0.4966999999999999,10,6,Home
265,5119,5.0,S5,10,KTY,KTY,JUP,1,1,0,0,2,0,0,6,5,2,2,2,1,0,0,2,21,6.0,2,-2.0238663484486876,0.2864086807418266,0.5354000000000001,9,4,Away
265,5155,5.0,S5,13,KTY,KTY,POR,2,0,1,1,0,0,0,1,1,0,0,0,0,1,0,4,6,0.6666666666666666,4,3.5115173621822104,-0.3231443875859018,-0.33120000000000005,1,0,Home
265,6102,6.0,S6,8,FRG,FRG,JEF,0,0,0,1,1,0,0,0,0,0,1,0,1,0,0,1,3,0.6666666666666666,0,-0.1578947368421053,0.02822077840762008,-0.0040000000000000036,1,0,Away
265,8503,8.2,S8B,1,TXR,TXR,NUT,0,0,2,0,1,0,0,0,1,3,2,3,0,0,0,2,12,3.0,1,-0.9328358208955224,0.14440738630309324,0.0157,7,3,Home
265,8508,8.2,S8B,2,TXR,TXR,QQ,0,0,4,5,1,0,0,1,1,0,1,4,1,0,0,9,17,2.6666666666666665,5,3.618446230386529,-0.28941923373613654,-0.5269999999999999,5,4,Away
265,11084,11.0,S11,14,SHH,SHH,WRM,0,1,0,4,2,0,0,3,3,0,3,2,1,1,0,5,18,4.0,2,-0.40062843676355087,0.11649343762135222,0.011499999999999965,5,3,Home
268,5164,5.0,S5,14,PHB,PHB,TRA,0,0,0,0,0,0,0,0,0,1,0,0,0,0,0,0,1,0.3333333333333333,0,-0.9018779342723005,0.09418884323184709,0.08039999999999999,1,1,Away
268,7018,7.0,S7,3,BBC,BBC,RRR,2,0,0,0,0,0,0,0,1,2,0,2,0,0,0,2,7,1.6666666666666667,2,1.0491269217633052,-0.07559642092498059,-0.002600000000000005,5,2,Home
269,4014,4.0,S4,2,VFQ,VFQ,DCL,2,0,2,0,1,0,0,2,1,0,0,0,0,0,0,4,8,1.0,4,3.9917562136001967,-0.365609774283816,-0.3658,3,0,Home
269,6060,6.0,S6,5,AAL,AAL,SAS,2,0,0,3,0,0,0,0,3,3,1,1,0,1,0,5,13,2.6666666666666665,4,2.4612617788504196,-0.18811342250913077,-0.2595,6,3,Home
270,4005,4.0,S4,1,VFQ,VFQ,EEE,0,0,1,4,4,0,0,4,5,0,2,3,1,0,0,5,23,5.0,4,-0.67814371257485,0.16431618160157055,-0.08390000000000002,8,3,Away
270,4014,4.0,S4,2,VFQ,VFQ,DCL,0,0,1,4,5,0,0,5,4,0,2,2,2,0,0,5,23,5.0,3,-2.6055286686900168,0.3570546772130873,0.008899999999999991,8,4,Home
270,4030,4.0,S4,4,DCL,DCL,CCS,3,0,5,3,2,0,0,4,8,0,1,5,0,0,0,11,31,6.0,9,3.38622754491018,-0.20855509707072878,-0.37960000000000005,12,5,Home
270,4053,4.0,S4,7,DCL,DCL,LMN,3,0,3,3,2,0,0,6,4,1,1,2,0,0,1,9,25,5.0,6,1.3218562874251498,-0.02309662574485309,-0.29019999999999996,9,3,Away
270,4085,4.0,S4,11,LMN,LMN,LDN,2,0,2,1,1,0,0,2,1,0,0,0,0,0,0,5,9,1.0,6,4.856015242242787,-0.4478399462635496,-0.33760000000000007,1,0,Away
270,4098,4.0,S4,13,DDD,DDD,CEL,0,0,1,2,2,0,0,3,5,0,4,3,0,0,0,3,20,5.0,2,-2.3800446444389323,0.3219190821344024,0.20950000000000002,13,6,Away
270,5010,5.0,S5,1,SAR,SAR,POR,1,0,3,7,0,0,0,3,3,1,5,6,0,0,0,11,29,6.0,6,1.9761336515513124,-0.08158292082123711,0.0406,11,6,Home
270,5047,5.0,S5,4,SAR,SAR,JUP,1,1,5,3,5,1,1,4,1,3,4,5,1,1,0,10,32,6.0,10,5.976133651551313,-0.46557872160276903,-0.22940000000000002,11,5,Home
270,5130,5.0,S5,11,SAR,SAR,PHB,0,0,0,0,1,0,0,0,0,1,0,0,0,0,0,0,2,0.3333333333333333,0,-0.6604938271604939,0.07405148232528347,0.05679999999999999,0,0,Home
270,8516,8.2,S8B,4,TXR,TXR,SCU,1,0,0,0,2,0,0,2,4,1,1,2,0,0,2,1,13,4.0,1,-1.5771144278606966,0.2216161980529959,0.12760000000000005,7,5,Away
270,9002,9.0,S9,1,POS,POS,FLB,0,0,0,0,1,0,0,2,2,0,1,0,0,0,0,0,6,1.6666666666666667,0,-1.074803149606299,0.12954730625242764,0.024600000000000004,3,1,Home
270,9019,9.0,S9,5,POS,POS,NNL,0,0,1,2,2,0,0,5,1,1,4,0,1,0,0,3,16,4.0,1,-1.5753411258375312,0.21637942269521368,0.2749999999999999,6,4,Away
270,9025,9.0,S9,7,POS,POS,BIR,2,0,0,1,1,0,0,0,2,2,1,1,1,0,0,3,10,2.3333333333333335,3,2.4476159230096237,-0.20798327348129952,-0.14109999999999998,5,3,Home
270,9040,9.0,S9,10,POS,POS,ARR,0,0,0,1,0,0,0,0,4,0,1,1,0,0,0,1,7,2.0,0,-1.1496062992125984,0.14070545309502383,0.025699999999999997,6,3,Home
270,9042,9.0,S9,11,POS,POS,BIR,1,0,1,1,1,0,0,0,2,0,3,0,1,0,0,3,9,2.0,2,0.8503937007874016,-0.0519388831410436,-0.07729999999999997,4,1,Away
270,9051,9.0,S9,13,POS,POS,FLB,0,1,0,0,0,0,0,2,0,0,1,0,0,0,0,1,4,1.0,1,0.42519685039370086,-0.027808357511504955,-0.012900000000000002,1,1,Away
270,10009,10.0,S10,2,KIR,KIR,ACK,3,0,0,1,3,0,0,1,3,0,0,2,0,0,0,4,13,2.0,5,3.622662266226623,-0.3118214342207515,-0.4729,3,2,Home
270,10023,10.0,S10,5,KIR,KIR,BEE,0,0,0,0,0,0,0,0,2,0,0,1,0,0,0,0,3,1.0,0,-0.6886688668866887,0.08050799262757136,0.0006000000000000001,2,2,Away
270,10045,10.0,S10,9,KIR,KIR,ZAH,0,0,1,3,0,0,0,0,2,0,0,1,1,0,0,4,7,1.3333333333333333,2,1.2083172991212165,-0.09366914938801586,-0.0835,2,1,Home
271,5164,5.0,S5,14,PHB,PHB,TRA,0,0,0,0,0,0,0,0,0,0,1,0,0,0,0,0,1,0.3333333333333333,0,-0.182161753590325,0.02221722516364954,0.018799999999999997,1,1,Away
271,6014,6.0,S6,1,PHB,PHB,SUP,0,0,0,1,0,0,0,0,0,0,1,0,0,0,0,1,2,0.3333333333333333,1,0.0014465767383181616,0.008142878808441209,0.0020000000000000018,1,0,Away
271,6056,6.0,S6,4,PHB,PHB,BBB,0,0,0,0,1,0,0,0,0,0,0,0,0,0,0,0,1,0.0,0,1.0,-0.09585623175886349,-0.17579999999999998,0,0,Away
272,3013,3.0,S3,4,TZS,TZS,CIN,2,0,0,1,1,0,0,2,0,0,0,1,0,0,0,3,7,1.0,4,3.0796747967479674,-0.2715906973341031,0.0,2,1,Away
272,3055,3.0,S3,14,TZS,TZS,LAN,4,1,2,7,2,0,0,4,0,2,1,3,3,0,0,14,26,4.333333333333333,10,4.506066291432146,-0.31549286616349537,0.0,7,6,Away
272,4040,4.0,S4,5,VFQ,VFQ,LMN,0,0,0,0,1,0,0,0,0,1,0,0,0,0,0,0,2,0.3333333333333333,0,-0.2384020618556701,0.03223166795461793,0.0047,0,0,Away
273,6019,6.0,S6,2,SAS,SAS,WWC,0,0,0,2,3,0,0,9,4,3,0,2,0,1,0,2,23,6.0,1,-2.39527027027027,0.33897746481430335,0.28859999999999997,8,2,Home
273,6090,6.0,S6,7,SAS,SAS,LMN,2,0,2,4,1,0,0,2,1,2,2,1,1,0,1,8,17,3.3333333333333335,5,3.103478886052176,-0.23576006026476037,-0.43739999999999984,7,4,Away
273,6115,6.0,S6,9,SAS,SAS,SGP,1,0,0,1,1,0,0,3,9,1,3,2,0,0,0,2,21,6.0,1,-2.39527027027027,0.32654616009089377,0.49090000000000006,12,4,Home
275,4020,4.0,S4,3,DDD,DDD,PGA,0,1,3,2,3,0,0,3,11,0,2,2,0,0,0,6,27,6.0,3,-2.61377245508982,0.3746619793911694,-0.20330000000000004,11,5,Home
275,4063,4.0,S4,8,DDD,DDD,PDB,1,0,0,0,0,0,0,0,2,0,3,0,0,0,0,1,6,1.6666666666666667,1,0.7288449416955564,-0.047710108862402886,-0.0021,5,2,Away
275,4109,4.0,S4,14,DCL,DCL,LMN,3,0,1,0,0,0,0,3,5,0,1,0,0,0,0,4,13,3.0,4,1.1931137724550904,-0.0647668757466781,-0.28909999999999997,4,1,Home
275,6039,6.0,S6,3,SLT,SLT,TTT,0,0,0,0,1,0,0,1,4,1,0,0,0,0,0,0,7,2.0,0,-1.1317567567567568,0.14218205336363127,0.1356,3,2,Home
275,6168,6.0,S6,12,SLT,SLT,POR,0,0,0,1,0,0,0,0,2,1,1,0,1,0,0,1,5,1.6666666666666667,0,-0.9328707779440678,0.11400591900008933,0.0292,2,2,Away
275,6195,6.0,S6,14,SLT,SLT,FRG,1,0,0,1,0,0,0,2,1,0,2,1,0,0,0,2,8,2.0,1,-0.1317567567567568,0.04632582160476778,-0.11929999999999998,4,2,Away
275,8036,8.1,S8A,6,BLO,BLO,MKW,0,3,0,2,3,0,0,2,0,1,0,3,1,0,0,5,14,2.3333333333333335,3,2.1485714285714286,-0.15531712106322382,-0.2353,4,3,Home
275,11021,11.0,S11,4,OKT,OKT,ARA,1,2,0,0,2,0,1,1,1,0,2,0,0,0,1,3,9,1.6666666666666667,3,1.1085660904985335,-0.07062998065774959,-0.32889999999999997,4,2,Away
275,11050,11.0,S11,9,OKT,OKT,LAX,0,0,0,0,0,0,0,2,1,1,1,1,0,0,0,0,6,2.0,0,-1.9078494168831954,0.2149209187235818,0.2128,4,2,Home
278,3013,3.0,S3,4,TZS,TZS,CIN,2,0,0,1,3,0,0,1,1,1,1,1,1,0,0,3,11,2.0,5,3.159349593495935,-0.2587714442427892,0.0,4,3,Away
278,3031,3.0,S3,8,TZS,TZS,FTP,0,0,0,2,1,0,0,3,2,1,0,0,0,0,0,2,9,2.0,1,-0.3352308260844843,0.08029323133219739,0.0,3,1,Home
278,4017,4.0,S4,3,N69,N69,HON,2,0,1,5,3,0,1,4,3,0,1,1,0,0,0,8,20,3.0,7,4.4912128405910074,-0.36520666636859156,-0.39980000000000004,5,3,Home
278,5082,5.0,S5,7,POR,POR,JUP,0,0,0,0,2,0,0,4,4,2,1,2,0,0,0,0,15,4.333333333333333,0,-2.8647393192227835,0.34648967899153393,0.1811,5,4,Away
278,6102,6.0,S6,8,JEF,JEF,FRG,0,0,0,0,0,0,0,3,0,0,0,0,0,0,0,0,3,1.0,0,-0.5658783783783784,0.06901914256124737,0.1543,0,0,Home
278,6116,6.0,S6,9,JEF,JEF,SAR,0,0,0,0,0,0,0,0,2,1,0,0,0,0,0,0,3,1.0,0,-0.5658783783783784,0.06901914256124737,0.051000000000000004,3,1,Away
279,4034,4.0,S4,5,PGS,PGS,HON,0,0,0,3,0,0,0,0,3,0,2,1,0,0,0,3,9,2.0,0,-1.87125748502994,0.22488732646372314,0.1429,4,3,Home
282,3035,3.0,S3,9,FTP,FTP,CIN,0,0,1,3,2,0,0,1,1,2,1,0,0,0,0,4,11,1.6666666666666667,2,1.834544926618098,-0.12629097755500548,0.0,4,2,Home
282,3044,3.0,S3,11,FTP,FTP,SCB,1,1,1,4,3,1,0,1,6,0,2,0,0,0,0,7,19,3.0,5,2.2390243902439027,-0.12516545838536464,0.0,5,2,Home
282,3045,3.0,S3,12,FTP,FTP,LAN,0,1,0,0,2,0,0,2,1,0,0,0,0,0,0,1,6,1.0,2,1.0796747967479674,-0.07678738052563075,0.0,1,0,Away
282,3049,3.0,S3,13,FTP,FTP,BER,0,0,0,1,1,0,0,1,1,0,0,1,0,0,0,1,5,1.0,0,-0.9203252032520324,0.11801593628284154,0.0,2,1,Home
282,3056,3.0,S3,14,FTP,FTP,BAY,2,0,3,1,3,0,0,4,6,0,1,5,2,0,0,6,25,6.0,4,-1.3775067750677497,0.2676677572949665,0.0,14,8,Home
282,6185,6.0,S6,14,JEF,JEF,SGP,0,0,0,0,0,0,0,0,1,0,0,0,0,0,0,0,1,0.3333333333333333,0,-0.6,0.06414376824113652,0.2231,0,0,Away
283,4102,4.0,S4,13,EEE,EEE,FWG,1,0,0,2,3,0,0,7,4,1,2,1,0,0,0,3,21,5.0,1,-3.6781437125748497,0.4559247198325197,0.17630000000000007,7,3,Home
284,3008,3.0,S3,2,FTP,FTP,CIN,1,2,0,3,3,0,0,3,1,0,1,1,0,0,0,6,15,2.0,8,6.159349593495935,-0.5379847114766785,0.0,3,2,Away
284,3027,3.0,S3,7,FTP,FTP,BAY,0,0,1,0,1,0,1,2,4,0,0,0,0,0,0,1,8,2.0,0,-1.8406504065040648,0.2256385061826278,0.0,3,0,Away
284,5012,5.0,S5,1,LMN,LMN,PHB,0,0,0,0,2,0,0,0,2,2,0,2,0,1,0,0,8,2.0,0,-1.3412887828162292,0.1701383265231763,0.0417,6,4,Away
284,5024,5.0,S5,2,SAR,SAR,MVM,1,0,2,3,3,0,0,1,12,0,2,1,0,0,0,6,25,5.333333333333333,2,-1.0423848669672058,0.20426473181214655,-0.007299999999999966,7,4,Home
284,5035,5.0,S5,3,SAR,SAR,KTY,5,0,1,2,6,0,1,2,8,0,3,1,0,0,1,8,28,5.0,11,7.6467780429594265,-0.6486473599620486,-0.3811999999999999,10,4,Away
284,5056,5.0,S5,5,SAR,SAR,LMN,1,0,1,0,0,0,0,3,8,2,3,2,0,0,0,2,20,6.0,1,-3.0238663484486876,0.38240763093720953,0.3655999999999999,14,6,Away
284,5083,5.0,S5,7,SAR,SAR,TRA,3,1,1,3,6,0,1,4,7,2,1,4,0,0,0,8,32,6.0,9,4.976133651551313,-0.36957977140738607,-0.36219999999999997,11,7,Home
284,5094,5.0,S5,8,SAR,SAR,NUL,1,0,0,3,5,0,0,0,13,2,1,1,1,0,0,4,26,6.0,1,-3.0238663484486876,0.4064139297649118,0.1695,12,5,Home
284,5107,5.0,S5,9,SAR,SAR,DAD,2,0,3,2,5,0,0,1,12,1,2,1,1,0,0,7,29,6.0,5,0.9761336515513122,0.018417079178762848,-0.23415299999999983,6,4,Away
284,5115,5.0,S5,10,SAR,SAR,TAI,3,0,0,0,1,0,0,4,9,1,2,2,0,0,0,3,22,6.0,4,-0.02386634844868779,0.09040973054644363,0.041976000000000006,10,3,Away
284,5130,5.0,S5,11,SAR,SAR,PHB,0,0,1,0,2,0,1,1,1,0,0,0,0,0,0,1,5,0.6666666666666666,1,0.9898494357523793,-0.07897969455215273,-0.1015,1,1,Home
284,5143,5.0,S5,12,SAR,SAR,POR,3,1,2,2,0,0,0,1,10,1,2,1,0,0,0,8,23,5.0,7,3.646778042959427,-0.2726536587897508,-0.4495999999999999,10,5,Away
284,5156,5.0,S5,13,SAR,SAR,MVM,3,1,0,1,4,0,0,1,9,1,3,1,0,1,0,5,24,5.0,6,2.6467780429594265,-0.16465155918051674,-0.16059999999999997,10,5,Away
284,5168,5.0,S5,14,SAR,SAR,KTY,1,0,1,0,5,0,0,4,12,2,0,0,0,0,0,2,25,6.0,1,-3.0238663484486876,0.40241287996029473,0.41159999999999997,9,0,Home
285,5013,5.0,S5,2,WSH,WSH,RKT,1,0,3,5,0,0,0,2,1,1,1,0,0,0,0,9,14,1.6666666666666667,7,5.931879267897879,-0.5371732295251495,-0.399,3,0,Home
285,5073,5.0,S5,7,WSH,WSH,GTY,1,0,1,0,1,0,0,0,0,0,2,3,1,0,0,2,8,2.0,2,0.6587112171837708,-0.03386272328144077,-0.1318,5,4,Home
285,5145,5.0,S5,13,WSH,WSH,RKT,0,0,0,1,0,0,0,1,1,2,2,2,1,0,0,1,9,3.0,0,-2.011933174224344,0.23720276566398774,0.21049999999999996,4,2,Away
286,5073,5.0,S5,7,WSH,WSH,GTY,0,1,1,1,0,0,0,3,1,0,1,1,0,1,0,3,9,2.0,2,0.6587112171837709,-0.025860623672206706,-0.08250000000000002,3,1,Home
286,5087,5.0,S5,8,WSH,WSH,TSA,1,1,4,1,2,0,0,3,2,2,2,2,1,0,0,7,20,4.0,5,2.3174224343675416,-0.15172124734441336,-0.2614,6,2,Away
286,5109,5.0,S5,10,WSH,WSH,SPR,0,0,0,2,2,0,0,3,0,0,3,1,2,0,0,2,11,3.0,0,-2.011933174224344,0.2452048652732218,0.001621,4,3,Home
286,5133,5.0,S5,12,WSH,WSH,KRB,0,0,0,0,0,0,0,0,2,1,2,1,0,0,0,0,6,2.0,0,-1.3412887828162292,0.15813517710932515,0.10370000000000001,6,3,Away
286,5145,5.0,S5,13,WSH,WSH,RKT,0,0,0,0,0,0,0,0,0,1,0,2,0,0,0,0,3,1.0,0,-0.6706443914081146,0.07906758855466257,0.0059,3,2,Away
287,3004,3.0,S3,1,FTP,FTP,TZS,0,0,1,2,0,0,0,2,5,0,0,2,0,0,0,3,12,3.0,0,-2.760975609756097,0.33845775927394167,0.0,3,2,Home
287,3009,3.0,S3,3,FTP,FTP,CCF,1,0,1,1,2,0,0,4,2,0,1,2,0,1,0,3,14,3.0,3,0.7804464367557697,-9.439580266199996e-05,0.0,4,3,Home
287,3040,3.0,S3,10,FTP,FTP,CCF,1,0,1,5,0,0,0,5,3,2,0,1,0,0,1,7,18,4.0,1,-2.957054041128646,0.3944423847518902,0.0,7,2,Away
287,4011,4.0,S4,2,PDB,PDB,N69,2,1,0,2,2,0,0,2,7,2,1,1,1,0,1,5,20,5.0,4,-0.6781437125748497,0.1559247198325196,-0.16459999999999997,5,3,Home
287,4018,4.0,S4,3,PDB,PDB,CEL,1,0,0,3,2,0,0,2,4,6,1,1,1,0,0,4,20,5.0,1,-3.67814371257485,0.4517289889479942,0.3703000000000001,10,4,Away
287,4049,4.0,S4,7,PDB,PDB,PGA,0,0,3,3,2,0,0,3,1,1,0,0,0,0,0,6,13,1.6666666666666667,4,2.6842980705256156,-0.2138853055537306,-0.36249999999999993,1,1,Home
287,5052,5.0,S5,5,WSH,WSH,PPP,1,0,0,3,1,0,0,3,3,8,2,1,0,0,0,4,22,5.666666666666667,1,-2.3347034385220544,0.3214934395537803,0.16729999999999998,11,6,Away
287,5123,5.0,S5,11,WSH,WSH,GBC,1,0,1,4,0,0,0,0,0,0,1,1,0,1,2,6,8,1.3333333333333333,2,0.8622897403284122,-0.04221742618205378,-0.0864,4,3,Away
287,6016,6.0,S6,2,JEF,JEF,CBC,0,0,0,0,2,0,0,1,1,1,1,0,0,0,0,0,6,1.3333333333333333,0,-0.8778513969281254,0.11264774913963162,0.0051,2,1,Home
287,6046,6.0,S6,4,JEF,JEF,MPD,0,0,3,1,1,0,0,1,2,4,0,1,1,0,0,4,13,3.0,1,-0.6976351351351352,0.1236325006482882,0.10440000000000003,4,2,Home
287,6059,6.0,S6,5,JEF,JEF,CWJ,1,0,1,2,1,0,0,0,0,0,0,0,0,0,0,4,5,0.0,5,3.72615701985171,-0.35189686077948845,-0.4203,0,0,Away
287,8013,8.1,S8A,3,BAG,BAG,CDT,1,0,0,0,1,0,0,4,2,0,2,2,0,0,0,1,12,3.3333333333333335,1,-1.3087943262411348,0.18191373701890123,0.1505,5,4,Away
287,8025,8.1,S8A,5,BAG,BAG,BLO,0,0,2,1,1,0,0,3,1,1,3,3,2,0,0,3,15,4.333333333333333,1,-1.9854609929078013,0.26233897978426485,0.0954,7,4,Home
287,8040,8.1,S8A,7,BAG,BAG,BIS,0,1,0,0,0,0,0,1,1,1,0,2,0,0,0,1,6,1.6666666666666667,0,-2.159425287356322,0.24145968093302606,0.2592,4,2,Home
289,4018,4.0,S4,3,PDB,PDB,CEL,0,0,0,0,0,0,0,0,2,0,0,1,0,0,0,0,3,1.0,0,-0.93562874251497,0.10615006690507336,0.1252,2,1,Away
289,6031,6.0,S6,3,JEF,JEF,PUK,0,0,0,1,0,0,0,0,1,0,0,1,1,0,0,1,3,1.0,0,-0.5658783783783784,0.06901914256124739,0.10629999999999998,2,1,Away
289,6155,6.0,S6,12,JEF,JEF,BAC,2,0,1,3,2,0,0,2,5,0,2,1,1,0,0,6,18,3.6666666666666665,4,1.8953834004720411,-0.11495051170674689,-0.3369,8,3,Home
293,3022,3.0,S3,6,FTP,FTP,BER,0,0,0,0,0,0,0,2,1,0,0,0,0,0,0,0,3,1.0,0,-0.9203252032520324,0.10762256989978622,0.0,0,0,Away
293,3027,3.0,S3,7,FTP,FTP,BAY,0,0,3,2,1,0,0,4,2,6,0,0,0,0,0,5,18,4.0,1,-2.6813008130081295,0.3616703787483109,0.0,7,3,Away
293,3031,3.0,S3,8,FTP,FTP,TZS,0,0,0,0,0,0,0,0,1,1,0,0,0,0,0,0,2,0.6666666666666666,0,-1.1076923076923078,0.12116259715228611,0.0,1,0,Away
293,4049,4.0,S4,7,PDB,PDB,PGA,0,0,0,1,1,0,0,0,2,2,0,0,0,0,0,1,6,1.3333333333333333,0,-1.4911842980705257,0.17429281511420533,0.1247,1,1,Home
293,6016,6.0,S6,2,JEF,JEF,CBC,0,0,0,1,2,0,0,1,1,0,1,2,1,0,0,1,8,2.0,0,-1.1317567567567568,0.14632582160476776,0.11719999999999998,3,3,Home
293,6031,6.0,S6,3,JEF,JEF,PUK,0,0,0,0,0,0,0,2,4,0,0,0,0,0,0,0,6,2.0,0,-1.1317567567567568,0.13803828512249475,0.19249999999999998,2,0,Away
293,6059,6.0,S6,5,JEF,JEF,CWJ,0,0,0,2,2,0,0,4,0,1,0,0,0,0,0,2,9,1.6666666666666667,1,0.4682432432432432,-0.009530410154095698,-0.22839999999999994,1,0,Away
293,6155,6.0,S6,12,JEF,JEF,BAC,1,0,0,0,2,0,0,2,2,0,0,2,0,0,0,1,9,2.0,2,0.8682432432432431,-0.0495304101540957,-0.0513,3,2,Home
293,8524,8.2,S8B,6,NUT,NUT,CC,0,0,0,0,1,0,0,0,0,0,1,1,1,0,0,0,3,1.0,0,-0.6442786069651741,0.07720881174990266,0.0643,2,1,Away
293,8528,8.2,S8B,7,NUT,NUT,SCU,0,0,2,1,0,0,0,1,1,0,0,3,0,0,0,3,8,1.6666666666666667,2,0.43013370489005975,-0.00893083434664535,-0.2821,3,2,Home
296,6001,6.0,S6,1,BAC,BAC,RBD,0,0,1,3,0,0,0,1,8,1,2,1,2,0,0,4,17,5.0,0,-2.829391891891892,0.3533832492885099,0.28879999999999995,10,5,Away
296,6169,6.0,S6,13,BAC,BAC,WWC,0,0,0,1,2,0,2,1,0,0,2,1,1,0,0,1,7,1.6666666666666667,0,-0.8197837382070098,0.11098475150865657,0.0967,3,3,Home
298,3035,3.0,S3,9,FTP,FTP,CIN,2,0,1,3,1,0,0,1,2,0,4,3,0,1,0,6,17,3.3333333333333335,5,1.9209719142645978,-0.09855689397896188,0.0,7,4,Home
298,4025,4.0,S4,4,PDB,PDB,PGS,0,0,4,4,0,0,0,3,3,0,1,3,2,0,0,8,18,4.0,3,-0.7425149700598797,0.14977465292744624,-0.15599999999999997,7,4,Home
298,4074,4.0,S4,10,PDB,PDB,CEL,2,0,0,0,4,0,0,4,7,2,1,1,0,0,0,2,21,5.0,3,-1.6781437125748497,0.2559247198325196,-0.000900000000000005,7,2,Home
298,4092,4.0,S4,12,PDB,PDB,DBV,3,1,1,4,5,0,0,3,1,1,4,4,0,1,2,9,27,5.0,9,4.321856287425151,-0.3063137022067513,-0.784,11,7,Away
298,4100,4.0,S4,13,PDB,PDB,HON,1,0,1,1,1,0,0,1,7,2,2,5,1,0,0,3,21,6.0,1,-4.61377245508982,0.5494875940840166,0.48530000000000006,14,8,Home
298,4105,4.0,S4,14,PDB,PDB,PGA,1,0,1,3,1,0,0,1,1,0,0,1,0,0,0,5,9,1.0,5,4.06437125748503,-0.36867554778777384,-0.4065,2,1,Away
298,5013,5.0,S5,2,WSH,WSH,RKT,0,0,1,1,1,0,0,2,3,1,0,1,0,0,0,2,10,2.3333333333333335,1,-0.6144568335303375,0.10145618139920415,0.00899999999999999,5,1,Home
298,5032,5.0,S5,3,LMN,LMN,TAI,2,0,1,0,0,0,0,1,0,0,0,1,0,0,0,3,5,0.6666666666666666,3,2.5115173621822104,-0.23114648719513586,-0.2534,1,1,Home
298,6004,6.0,S6,1,JEF,JEF,SAS,0,0,0,0,0,0,0,0,4,1,1,0,0,0,0,0,6,2.0,0,-1.6192117117117117,0.18678378061799022,0.2227,5,1,Away
298,6016,6.0,S6,2,JEF,JEF,CBC,0,1,1,3,1,0,0,3,1,0,0,0,0,0,0,5,10,1.3333333333333333,4,3.81752321159994,-0.3403146387486289,-0.3011,2,0,Home
298,6059,6.0,S6,5,JEF,JEF,CWJ,1,0,2,0,0,0,0,3,2,0,2,2,0,0,0,3,12,3.0,1,0.8682432432432433,-0.03709910543068617,-0.08820000000000004,5,4,Away
298,6074,6.0,S6,6,JEF,JEF,LID,1,0,0,0,1,0,0,1,2,0,0,0,0,0,0,1,5,1.0,1,0.4341216216216216,-0.022693320956479586,-0.0072000000000000015,1,0,Home
298,6087,6.0,S6,7,JEF,JEF,WWC,0,0,0,0,0,0,0,0,1,1,1,0,0,0,0,0,3,1.0,0,-0.5658783783783784,0.06901914256124737,0.0005,3,0,Home
298,6102,6.0,S6,8,JEF,JEF,FRG,0,1,0,2,2,0,0,3,3,1,3,2,0,0,0,3,17,4.0,1,-1.2635135135135136,0.19679541145067206,0.1277,8,5,Home
298,6116,6.0,S6,9,JEF,JEF,SAR,0,0,0,0,0,0,0,1,1,1,0,0,0,0,0,0,3,1.0,0,-0.5658783783783784,0.06901914256124737,0.0381,2,0,Away
298,7079,7.0,S7,10,STK,STK,CPR,0,0,0,2,1,0,0,5,4,2,3,2,1,0,1,2,19,6.0,0,-3.291157440690151,0.41287651907287204,0.36839999999999995,8,6,Away
298,7108,7.0,S7,14,STK,STK,TRI,1,0,1,2,0,0,0,2,1,1,0,0,0,0,0,4,8,1.3333333333333333,2,2.081281452192667,-0.17462383521772393,-0.063,1,1,Away
301,5157,5.0,S5,14,WSH,WSH,CHI,0,1,0,1,0,0,0,0,1,2,0,0,0,0,0,2,5,1.0,1,0.3293556085918853,-0.012930311836103318,0.015099999999999995,2,0,Home
301,6016,6.0,S6,2,JEF,JEF,CBC,0,1,2,1,0,0,0,0,1,1,1,1,0,0,0,4,8,1.3333333333333333,4,2.796814671814672,-0.2465313212523751,-0.4151,3,2,Home
301,6116,6.0,S6,9,JEF,JEF,SAR,1,0,3,0,2,0,0,3,0,3,3,0,0,0,0,4,15,3.0,2,0.3023648648648648,0.031920037130561206,-0.10490000000000003,6,3,Away
301,6155,6.0,S6,12,JEF,JEF,BAC,2,0,1,1,0,0,0,0,0,1,0,0,0,0,0,4,5,0.3333333333333333,3,2.8411030860144453,-0.26339146739576197,-0.2929,1,1,Home
301,7042,7.0,S7,6,STK,STK,TBL,0,0,0,0,0,0,0,0,0,2,0,1,0,0,0,0,3,1.0,0,-0.5485262401150252,0.06741674026208105,0.0231,3,2,Home
301,7069,7.0,S7,9,STK,STK,WSW,0,1,2,4,0,0,0,3,4,8,0,2,0,0,0,7,24,5.666666666666667,4,0.07903486700215678,0.09260944330441259,-0.2867,9,2,Home
301,7092,7.0,S7,12,STK,STK,SSC,1,0,2,3,2,0,0,2,0,6,0,5,2,0,0,6,21,5.0,3,0.25736879942487434,0.062211933811562356,-0.08520000000000001,11,5,Away
301,8032,8.1,S8A,6,CDT,CDT,CCD,2,1,1,0,3,0,0,1,1,2,0,0,0,0,1,4,11,1.6666666666666667,4,3.840574712643678,-0.33302316686958006,-0.024399999999999998,3,1,Home
301,8039,8.1,S8A,7,CDT,CDT,GND,1,0,0,1,1,0,0,0,2,1,1,0,0,0,0,2,7,1.3333333333333333,1,0.0445390070921986,0.025316110187739688,0.07910000000000002,2,1,Away
301,8512,8.2,S8B,3,TXR,TXR,CC,1,0,0,0,1,0,0,0,1,2,0,0,0,1,0,1,5,1.0,2,1.25,-0.0994380978932295,-0.15689999999999998,1,0,Away
301,9001,9.0,S9,1,GOP,GOP,KGB,1,0,0,0,0,0,0,0,0,0,0,0,0,0,0,1,1,0.0,1,1.0,-0.09632216811803371,-0.3453,0,0,Away
301,9014,9.0,S9,4,GOP,GOP,ARR,0,0,2,3,2,0,0,4,1,6,1,3,0,0,0,5,22,5.0,1,-1.8740157480314958,0.2683138762064079,0.3441999999999999,9,6,Home
301,9022,9.0,S9,6,GOP,GOP,NNL,1,0,2,2,0,0,0,4,1,4,0,0,0,0,0,5,14,3.0,3,1.2755905511811023,-0.07606940877058224,-0.03370000000000001,1,0,Away
301,9031,9.0,S9,8,GOP,GOP,POS,0,0,0,1,1,0,0,0,0,2,1,2,1,0,0,1,7,2.0,0,-1.4257348266249328,0.1683183058362573,0.33699999999999997,5,3,Home
301,9047,9.0,S9,12,GOP,GOP,BIR,0,0,1,5,0,0,0,5,6,9,1,0,0,1,0,6,27,7.0,0,-4.0236220472440944,0.5053414974194654,0.7374,6,1,Home
301,10016,10.0,S10,4,GRS,GRS,BEE,0,0,0,3,1,0,0,1,1,2,2,1,1,2,0,3,11,2.6666666666666665,1,-0.9860333859472905,0.14904813099663985,0.14409999999999995,5,3,Away
301,10052,10.0,S10,11,GRS,GRS,ZAH,0,0,1,0,0,0,0,2,2,6,1,0,0,0,0,1,12,3.6666666666666665,0,-2.535451184241527,0.30010954217976266,0.24609999999999999,6,3,Away
301,10070,10.0,S10,14,GRS,GRS,SSS,1,0,0,1,0,0,0,1,0,1,1,0,0,0,0,2,5,1.0,2,1.3113311331133113,-0.11173127007982701,-0.26169999999999993,2,0,Home
301,11026,11.0,S11,5,LAX,LAX,DOG,1,0,1,8,0,0,0,2,2,1,3,3,2,4,2,10,21,5.0,4,0.9992144540455614,0.004667788414913672,-0.25849999999999984,8,7,Away
301,11038,11.0,S11,7,LAX,LAX,ROY,1,0,0,2,1,0,0,3,1,6,2,0,0,0,0,3,16,4.0,2,-0.40062843676355075,0.10442544910372108,-0.16379999999999995,6,3,Home
301,11055,11.0,S11,10,LAX,LAX,ROY,0,0,0,0,0,0,0,1,0,1,1,0,0,0,0,0,3,1.0,0,-0.6001571091908877,0.0720836994367199,0.1063,2,1,Away
301,11062,11.0,S11,11,LAX,LAX,HOT,1,0,2,2,0,0,0,2,3,9,2,1,0,0,1,5,22,6.0,3,-0.6009426551453262,0.15261551081637126,-0.10110000000000001,9,3,Home
301,11074,11.0,S11,13,LAX,LAX,WRM,0,0,0,0,0,0,0,1,1,1,0,0,0,0,0,0,3,1.0,0,-0.6001571091908877,0.0720836994367199,0.17859999999999998,1,0,Home
301,11080,11.0,S11,14,LAX,LAX,POS,0,0,0,0,1,0,0,1,0,4,0,0,0,0,0,0,6,1.6666666666666667,0,-0.9386186476524262,0.11799784180050488,0.021899999999999996,1,0,Away
301,11086,11.0,S11,15,LAX,LAX,ARA,0,0,1,0,2,0,0,1,1,1,1,1,1,0,0,1,8,2.0,0,-1.2003142183817754,0.15221272455186058,0.10339999999999999,3,2,Home
301,11091,11.0,S11,16,LAX,LAX,IDR,0,0,0,1,1,0,0,1,0,1,0,0,0,0,0,1,4,0.6666666666666666,0,-0.3384615384615385,0.04993680520299536,0.050499999999999996,1,0,Home
302,4003,4.0,S4,1,PDB,PDB,DDD,2,2,1,1,1,0,0,0,0,0,2,2,1,0,0,6,11,1.6666666666666667,5,4.155539348653122,-0.36940089513553215,-0.058499999999999996,4,3,Away
302,4044,4.0,S4,6,PDB,PDB,HON,0,0,0,0,2,0,0,2,1,1,0,0,0,0,0,0,6,1.3333333333333333,0,-0.9624255761980312,0.12141694292695589,0.08900000000000001,1,1,Away
303,5007,5.0,S5,1,TRA,TRA,TAI,0,2,2,2,1,0,0,5,1,1,3,3,1,1,0,6,20,4.666666666666667,4,0.828939796549752,0.0011280662419826462,-0.1333,8,5,Away
303,5020,5.0,S5,2,TRA,TRA,LMN,1,0,0,0,2,0,0,3,0,2,3,7,1,0,0,1,18,5.333333333333333,1,-2.820287825304046,0.3540476790135113,0.10930000000000001,13,9,Home
303,5043,5.0,S5,4,TRA,TRA,DAD,1,1,2,1,0,0,0,1,2,0,0,0,0,0,0,5,8,1.0,5,4.020293138087726,-0.37002091537183623,-0.3417,2,0,Home
303,5072,5.0,S5,6,TRA,TRA,KTY,1,1,3,0,4,0,0,2,1,3,4,3,0,0,0,5,22,4.333333333333333,4,0.9770532723172252,-0.009682231530147675,-0.005799999999999968,9,5,Away
303,5091,5.0,S5,8,TRA,TRA,JUP,0,0,0,0,2,0,0,1,1,0,0,0,0,0,0,0,4,0.6666666666666666,0,0.32608695652173914,-0.016604496433705762,0.0019999999999999996,0,0,Home
303,5152,5.0,S5,13,TRA,TRA,LMN,2,0,1,1,0,0,0,2,0,1,1,1,0,1,0,4,9,1.6666666666666667,4,4.87380005303633,-0.44736950725746266,-0.29810000000000003,4,2,Away
305,3001,3.0,S3,1,BAY,BAY,BER,0,0,0,2,1,0,0,0,0,0,0,0,0,0,0,2,3,0.0,1,1.6090865614538499,-0.145318606570802,0.0,0,0,Home
305,4047,4.0,S4,6,CCS,CCS,VFQ,0,0,0,1,0,0,0,2,0,0,1,0,0,0,0,1,4,1.0,0,-0.93562874251497,0.11034579778959885,0.0464,1,1,Away
305,5017,5.0,S5,2,GTY,GTY,GBC,0,0,0,2,1,0,0,5,4,2,3,2,2,1,0,2,19,6.0,0,-4.023866348448688,0.48240763093720956,0.7005,10,5,Away
305,5099,5.0,S5,9,GTY,GTY,CHI,1,0,1,1,1,0,0,3,1,1,1,1,0,0,0,3,11,2.3333333333333335,1,0.25871121718377094,0.01814042613241034,-0.03610000000000001,4,2,Away
305,5113,5.0,S5,10,GTY,GTY,YUM,0,0,0,0,0,0,0,1,0,0,0,0,0,0,0,0,1,0.3333333333333333,0,-0.182161753590325,0.02221722516364954,0.000481,0,0,Away
305,5140,5.0,S5,12,LMN,LMN,PHB,1,0,2,1,0,0,0,7,3,1,4,3,0,0,0,4,22,6.0,3,-1.0238663484486876,0.1904097305464436,-0.04269999999999998,8,7,Home
305,5162,5.0,S5,14,GTY,GTY,SPR,4,0,0,1,0,0,0,6,1,1,1,2,0,0,0,5,16,3.6666666666666665,4,1.4995841879578666,-0.08594162192191401,-0.20229999999999998,5,3,Away
305,6007,6.0,S6,1,LMN,LMN,SAR,2,0,1,1,1,0,0,1,0,1,3,1,0,0,0,4,11,2.0,4,2.8682432432432434,-0.24124287367182268,-0.2511,5,4,Home
305,6045,6.0,S6,4,AAL,AAL,SGP,1,0,1,0,1,0,0,5,3,1,7,2,0,0,0,2,21,6.0,1,-2.39527027027027,0.32654616009089377,0.2829,11,7,Away
307,3005,3.0,S3,2,BAY,BAY,TZS,2,3,3,2,2,1,0,3,2,7,0,0,0,0,0,10,24,4.0,8,4.3186991869918705,-0.3071495221025231,0.0,5,2,Away
307,6060,6.0,S6,5,AAL,AAL,SAS,0,0,0,1,0,0,0,0,7,0,0,0,0,0,0,1,8,2.3333333333333335,0,-1.2906536707423117,0.16221551300332326,0.032100000000000004,3,0,Home
307,6089,6.0,S6,7,AAL,AAL,PUK,1,1,1,1,2,1,0,5,8,2,1,2,0,0,0,4,24,6.0,3,-0.3952702702702705,0.13897746481430334,-0.10460000000000005,13,5,Home
307,6118,6.0,S6,9,AAL,AAL,MPD,0,0,0,3,1,0,0,4,7,0,3,2,2,0,0,3,20,6.0,0,-3.39527027027027,0.42240239184975725,0.44670000000000004,9,5,Home
307,6130,6.0,S6,10,AAL,AAL,CWJ,1,0,0,0,0,0,0,1,2,0,1,1,0,0,0,1,6,1.6666666666666667,1,0.06712922205593222,0.01814968724122585,-0.14369999999999997,3,2,Away
310,4016,4.0,S4,2,EEE,EEE,LDN,1,1,1,1,2,0,0,0,7,0,0,1,0,0,0,4,14,2.6666666666666665,1,-1.187838608497291,0.17752409323308554,-0.01599999999999996,5,1,Away
310,5164,5.0,S5,14,PHB,PHB,TRA,0,0,0,0,1,0,0,0,0,0,0,0,0,0,0,0,1,0.0,0,0.2883917531701986,-0.024838125512402824,-0.0355,0,0,Away
310,8503,8.2,S8B,1,NUT,NUT,TXR,2,0,0,1,0,0,0,5,2,1,0,1,0,1,0,3,12,3.0,2,0.06716417910447753,0.048667703320888295,-0.04140000000000004,4,2,Away
310,8507,8.2,S8B,2,NUT,NUT,CC,0,0,2,0,2,0,0,1,1,0,0,1,0,0,0,2,7,1.0,1,0.355721393034826,-0.005749920178917019,-0.03480000000000001,1,1,Home
310,8514,8.2,S8B,4,NUT,NUT,ESP,1,0,0,1,0,0,0,0,5,0,2,2,0,0,0,2,11,3.0,2,0.06716417910447753,0.04014706928529814,0.0947,6,4,Away
310,8519,8.2,S8B,5,NUT,NUT,QQ,1,0,0,1,2,0,0,1,2,0,0,0,0,0,0,2,7,1.0,2,1.355721393034826,-0.10574992017891705,0.04839999999999997,1,0,Away
310,8524,8.2,S8B,6,NUT,NUT,CC,0,1,0,0,0,0,0,0,2,0,1,0,0,0,0,1,4,1.0,1,0.355721393034826,-0.018530871232302272,0.0092,3,2,Away
310,8528,8.2,S8B,7,NUT,NUT,SCU,2,0,0,3,0,0,0,0,2,0,3,0,0,2,1,5,10,2.0,4,1.7814498933901919,-0.12276086810768312,-0.2917,6,3,Home
310,8532,8.2,S8B,8,NUT,NUT,TXR,0,0,0,0,2,0,0,0,1,0,0,1,1,0,0,0,4,1.0,0,-0.6442786069651741,0.08146912876769774,0.010700000000000001,2,1,Home
310,10002,10.0,S10,1,KRK,KRK,CRN,2,1,0,1,3,0,0,1,4,1,2,3,1,0,1,4,18,4.333333333333333,4,1.1653513177404693,-0.042808127494331216,-0.25139999999999996,10,6,Away
310,10014,10.0,S10,3,KRK,KRK,GOB,0,0,1,1,0,0,0,3,7,2,3,2,1,0,0,2,19,6.0,0,-4.132013201320133,0.48692832441172895,0.1902,11,6,Away
310,10029,10.0,S10,6,KRK,KRK,SSS,2,0,0,6,2,0,0,3,5,0,3,3,2,1,1,8,24,5.666666666666667,2,-1.0070132013201323,0.20159090493583473,0.21350000000000005,10,7,Home
310,10042,10.0,S10,9,KRK,KRK,GOB,0,1,1,1,2,0,0,5,6,1,2,3,1,1,0,3,22,6.0,1,-3.1320132013201323,0.40244979899693223,0.2729999999999999,10,6,Home
310,10053,10.0,S10,11,KRK,KRK,SSS,3,0,0,1,1,0,0,0,1,1,2,0,0,1,0,4,9,1.3333333333333333,5,4.019238585770132,-0.36312017211400494,-0.49360000000000004,4,3,Away
310,10057,10.0,S10,12,KRK,KRK,KIR,0,0,0,6,2,0,0,1,4,2,0,2,0,0,0,6,17,3.0,3,1.1634785927572349,-0.05038159228860936,-0.5106,7,5,Home
310,10065,10.0,S10,13,KRK,KRK,SEO,1,1,2,2,2,0,0,4,5,3,1,4,1,0,0,6,25,6.0,3,-1.132013201320132,0.2102105362895339,0.06569999999999997,12,7,Away
310,11003,11.0,S11,1,PRP,PRP,POS,0,0,0,0,0,0,0,1,1,1,0,0,0,0,0,0,3,1.0,0,-0.6001571091908877,0.0720836994367199,0.17859999999999998,2,1,Home
310,11018,11.0,S11,3,PRP,PRP,DOG,3,0,0,0,0,0,0,0,9,1,2,0,0,0,0,3,15,4.0,3,0.5993715632364491,0.0004027862645107176,-0.1874,10,3,Away
310,11029,11.0,S11,5,PRP,PRP,WRM,1,0,0,0,0,0,0,0,1,1,0,0,0,1,0,1,3,0.6666666666666666,1,1.5218978102189782,-0.1360991296650563,-0.13470000000000001,2,0,Home
310,11046,11.0,S11,8,PRP,PRP,ARA,3,0,1,1,1,0,0,1,7,0,3,1,0,0,0,5,18,4.0,5,2.306906761737869,-0.15828274506800014,-0.29580000000000006,8,4,Away
310,11081,11.0,S11,14,PRP,PRP,ROY,2,0,0,2,1,0,0,6,6,0,0,0,0,0,0,4,17,4.0,2,-0.40062843676355087,0.10844811194293148,-0.05389999999999999,3,0,Away
310,11089,11.0,S11,15,PRP,PRP,DOG,0,0,0,2,1,0,0,2,3,1,0,0,0,0,0,2,9,2.0,0,-1.2003142183817754,0.15623538739107093,0.3086,4,2,Home
310,11095,11.0,S11,16,PRP,PRP,LOB,1,0,1,1,1,0,0,2,4,2,0,0,0,1,0,3,13,3.0,2,0.1995286724273369,0.03636441250621157,-0.133,5,0,Away
321,3003,3.0,S3,1,CIN,CIN,LAN,1,0,1,4,1,0,0,3,4,0,2,0,0,0,0,6,16,3.0,5,2.2390243902439027,-0.14075550795994773,0.0,5,2,Away
321,5016,5.0,S5,2,YUM,YUM,PPP,0,0,3,1,0,0,0,3,1,0,2,1,0,0,1,4,11,2.6666666666666665,2,-0.015201826294490073,0.04953278028485347,-0.053100000000000036,5,3,Away
321,5062,5.0,S5,6,YUM,YUM,RKT,3,0,1,3,2,0,1,0,3,2,2,2,0,0,0,7,18,3.0,5,3.679004355271496,-0.29588153904404296,-0.2966,7,4,Away
321,5076,5.0,S5,7,YUM,YUM,GBC,1,0,0,0,1,0,0,1,1,0,0,1,0,0,0,1,5,1.0,1,0.32935560859188545,-0.01293031183610334,-0.24980000000000002,2,1,Home
321,5097,5.0,S5,9,YUM,YUM,WSH,2,0,2,4,4,0,1,5,4,1,5,0,0,0,0,8,27,5.0,6,2.646778042959427,-0.15664945957128265,-0.3885,9,5,Away
321,6020,6.0,S6,2,CWJ,CWJ,PUK,2,0,0,2,4,0,0,3,5,1,2,2,2,0,0,4,21,5.0,3,0.1706081081081079,0.06995832225305595,0.10580000000000002,10,4,Home
321,6059,6.0,S6,5,CWJ,CWJ,JEF,2,0,2,4,1,0,0,3,1,1,0,0,0,0,0,8,14,1.6666666666666667,7,6.4682432432432435,-0.5888115689484131,-0.6923,2,0,Home
321,6108,6.0,S6,8,CWJ,CWJ,SLT,1,1,1,1,2,0,0,4,7,1,0,1,1,0,1,4,19,5.0,2,-0.8293918918918922,0.16581455401191947,0.018000000000000002,8,2,Home
321,6141,6.0,S6,11,CWJ,CWJ,BAC,1,0,2,3,2,0,0,4,10,3,4,4,1,0,0,6,33,8.666666666666666,2,-1.7897800741918388,0.3157223593766888,0.050900000000000056,19,6,Away
321,7011,7.0,S7,2,RRR,RRR,TBL,1,1,2,2,0,0,0,7,6,0,0,2,0,0,0,6,21,5.0,4,1.2573687994248741,-0.03778806618843763,-0.0821,7,2,Home
322,3020,3.0,S3,5,FTP,FTP,LAN,3,0,1,3,2,0,1,1,7,0,0,4,0,0,0,7,21,4.0,6,2.512926192862712,-0.14216227226419026,0.0,9,5,Home
325,3007,3.0,S3,2,SCB,SCB,BER,1,0,0,1,0,0,0,5,6,0,1,0,0,0,0,2,14,4.0,1,-2.6813008130081295,0.3408836459822002,0.0,3,0,Away
325,3034,3.0,S3,9,SCB,SCB,BER,0,0,0,2,3,0,0,2,2,1,1,2,0,1,0,2,13,2.6666666666666665,2,-0.2759456696363366,0.10034813164502095,0.0,4,3,Home
325,3045,3.0,S3,12,FTP,FTP,LAN,0,0,3,1,3,0,0,3,9,0,2,1,0,0,0,4,22,5.0,2,-2.601626016260162,0.37448963183962475,0.0,12,7,Away
325,4021,4.0,S4,3,MBX,MBX,CCS,2,1,0,1,2,0,0,3,6,0,1,1,0,0,0,4,17,3.6666666666666665,4,0.23335174560837935,0.047992250476094844,-0.3287,8,2,Away
329,5107,5.0,S5,9,DAD,DAD,SAR,0,0,0,2,1,0,0,0,1,0,1,1,0,0,0,2,6,1.0,0,-0.6706443914081146,0.0910707379685137,0.0016799999999999996,2,1,Home
329,5117,5.0,S5,10,DAD,DAD,POR,0,0,3,2,1,0,1,0,1,0,7,9,1,0,0,5,23,6.0,0,-4.023866348448688,0.4944107803510607,0.043400000000000015,16,9,Home
329,5132,5.0,S5,11,DAD,DAD,MVM,0,1,2,0,4,0,1,1,0,2,2,2,0,0,0,3,14,2.3333333333333335,4,2.9695483072571376,-0.24094013346107526,-0.36310000000000003,4,2,Away
329,5141,5.0,S5,12,DAD,DAD,NUL,0,1,2,2,1,0,0,1,0,1,6,4,2,0,0,5,18,4.666666666666667,4,0.11384391122290016,0.06063450536081669,-0.006599999999999995,10,4,Away
330,2003,2.0,S2,2,SAV,SAV,AKR,0,0,0,1,1,0,0,4,4,0,1,2,1,0,0,1,13,4.0,0,-0.48484848484848475,0.11510984848484848,0.0,7,3,Home
331,3049,3.0,S3,13,FTP,FTP,BER,1,1,1,4,5,0,0,2,6,0,1,0,0,0,0,7,21,3.0,5,2.239024390243903,-0.11477209200230937,0.0,4,1,Home
331,4014,4.0,S4,2,DCL,DCL,VFQ,1,1,2,2,5,0,0,5,5,1,1,0,0,1,0,6,23,4.0,6,2.25748502994012,-0.12505096176540098,-0.6215999999999999,6,2,Away
331,4080,4.0,S4,10,DCL,DCL,FWG,0,1,1,1,4,0,0,5,1,3,2,4,2,0,1,3,22,6.0,1,-4.61377245508982,0.5578790558530675,0.1519,10,6,Home
331,4101,4.0,S4,13,DCL,DCL,LDN,0,0,1,1,1,0,1,0,0,0,0,0,0,0,0,2,3,0.0,0,1.5181343833029226,-0.13922624567671588,-0.2963,0,0,Away
331,5008,5.0,S5,1,DAD,DAD,NUL,2,1,3,1,1,0,0,4,8,1,3,0,2,0,0,7,24,6.0,3,-1.0238663484486876,0.19841183015567768,-0.020599999999999993,9,3,Home
331,5022,5.0,S5,2,DAD,DAD,JUP,0,2,2,1,2,1,0,3,8,1,4,1,1,0,0,5,24,6.0,0,-4.023866348448688,0.4984118301556777,0.4869000000000001,8,6,Home
331,5033,5.0,S5,3,DAD,DAD,TAC,1,1,2,4,1,1,0,0,0,0,1,1,1,0,0,8,11,1.0,5,5.211902706545473,-0.47717872280375984,-0.3911,2,1,Away
331,5058,5.0,S5,5,DAD,DAD,TAI,0,0,3,3,3,1,0,5,6,4,1,1,1,0,0,6,26,6.0,3,-1.0238663484486876,0.20641392976491177,0.24159999999999995,10,3,Home
331,5069,5.0,S5,6,DAD,DAD,LMN,0,1,0,4,1,1,0,0,2,2,1,2,2,0,0,5,13,3.0,0,-2.011933174224344,0.25320696488245586,0.22429999999999997,5,4,Home
331,5132,5.0,S5,11,DAD,DAD,MVM,0,1,1,1,0,0,0,2,3,1,2,2,1,1,0,3,13,3.6666666666666665,2,-0.9934146557058254,0.15535616283522108,0.2339,6,4,Away
331,5154,5.0,S5,13,DAD,DAD,JUP,0,0,0,0,0,0,0,1,0,0,0,0,0,0,0,0,1,0.3333333333333333,0,-0.182161753590325,0.02221722516364954,0.0073,0,0,Away
331,5166,5.0,S5,14,DAD,DAD,TAC,0,1,0,3,1,0,0,2,3,1,0,1,0,1,0,4,12,2.3333333333333335,3,1.661979869253917,-0.11418433946537024,-0.19169999999999995,5,1,Home
331,6021,6.0,S6,2,LID,LID,MPD,0,0,2,4,2,0,0,4,9,2,0,2,1,0,0,6,25,6.0,1,-2.39527027027027,0.34312123305543984,0.15420000000000003,8,2,Away
331,6042,6.0,S6,3,LID,LID,BAC,0,0,0,1,1,0,0,4,4,1,1,0,1,1,0,1,12,3.6666666666666665,0,-2.0646275347008247,0.2603317406048571,0.146,6,1,Home
331,6111,6.0,S6,8,LID,LID,PBA,1,0,2,1,2,0,0,1,4,7,4,2,0,0,0,4,24,6.0,1,-1.8827252252252253,0.2877229603097988,0.5926,16,7,Away
331,6119,6.0,S6,9,LID,LID,WWC,1,0,0,0,0,0,0,3,1,0,0,0,0,0,0,1,5,1.3333333333333333,1,0.27522470763606677,-0.006803629557924122,-0.007700000000000002,1,0,Away
331,6146,6.0,S6,11,LID,LID,SAR,0,0,2,1,1,0,0,3,2,1,0,0,0,0,0,3,10,2.0,1,0.3023648648648649,0.011201195924878636,-0.07539999999999997,3,0,Away
331,6156,6.0,S6,12,LID,LID,CBC,1,1,2,3,0,0,0,7,5,3,2,1,0,0,0,7,25,6.0,5,1.6047297297297298,-0.05687876694456017,-0.4867,7,4,Home
331,6173,6.0,S6,13,LID,LID,RBD,0,0,2,4,2,0,0,4,5,3,3,2,1,0,0,6,25,6.0,0,-3.39527027027027,0.4431212330554399,0.5514,10,5,Away
331,6189,6.0,S6,14,LID,LID,PUK,0,0,1,2,4,0,0,8,3,2,1,4,0,0,0,3,25,6.0,1,-2.39527027027027,0.34312123305543984,0.2249,9,6,Home
331,7005,7.0,S7,1,BBB,BBB,KNX,0,1,1,0,1,0,0,6,3,3,3,3,0,0,0,2,21,6.0,2,-1.291157440690151,0.21706455782306483,0.27990000000000004,10,7,Away
331,7032,7.0,S7,4,BBB,BBB,MMA,0,0,0,1,0,0,0,0,0,0,0,1,1,0,0,1,2,0.6666666666666666,0,-0.4023468381216697,0.04861076131255266,0.0465,1,1,Away
331,7046,7.0,S7,6,BBB,BBB,WSW,0,1,1,3,3,0,0,5,4,1,2,2,1,0,0,5,22,5.0,2,-0.7426312005751259,0.1663999725617552,-0.039200000000000006,7,4,Away
331,7053,7.0,S7,7,BBB,BBB,CPR,0,0,0,1,2,0,0,3,5,4,1,3,1,0,1,1,19,6.0,0,-3.291157440690151,0.41287651907287204,0.24800000000000003,10,4,Home
337,4004,4.0,S4,1,HON,HON,PGA,1,0,1,3,2,0,1,1,0,0,1,2,1,0,0,5,11,1.6666666666666667,3,2.6343572807832825,-0.2172826883485482,-0.33509999999999995,4,3,Away
339,3038,3.0,S3,10,BAY,BAY,CIN,1,0,0,0,0,0,0,0,0,0,0,0,0,0,0,1,1,0.0,1,1.7242467718794834,-0.1672279939964207,0.0,0,0,Away
339,3051,3.0,S3,13,BAY,BAY,LAN,0,1,2,1,0,0,0,1,0,0,0,0,0,0,0,4,5,0.3333333333333333,4,3.891421568627451,-0.3631587409051068,0.0,1,0,Home
339,4022,4.0,S4,3,LMN,LMN,EEE,2,1,0,2,0,0,0,2,0,1,3,0,0,0,1,5,11,2.3333333333333335,4,1.724536043678905,-0.122104833753585,-0.4106000000000001,5,0,Away
339,4047,4.0,S4,6,CCS,CCS,VFQ,1,0,0,1,0,0,0,1,2,0,0,0,0,0,0,2,5,1.0,1,0.06437125748503003,0.014541528674124303,-0.0623,1,0,Away
339,4061,4.0,S4,8,CCS,CCS,LDN,1,1,1,2,3,0,0,8,1,1,4,2,2,0,0,5,24,6.0,2,-3.6137724550898196,0.462074786737593,0.003096,11,5,Away
339,4103,4.0,S4,13,CCS,CCS,VFQ,0,0,1,4,0,0,0,1,0,0,1,0,1,0,0,5,7,1.0,2,1.1369863013698631,-0.08432851394530808,-0.2092,1,1,Home
339,5081,5.0,S5,7,LMN,LMN,NUL,1,0,0,0,1,0,0,1,1,0,0,0,0,0,0,1,4,0.6666666666666666,1,0.6025236593059937,-0.044248166712131214,-0.13199999999999998,1,0,Away
339,6059,6.0,S6,5,CWJ,CWJ,JEF,0,0,0,2,1,0,0,2,1,0,0,0,0,0,0,2,6,1.0,0,-0.5658783783783784,0.08145044728465692,0.15430000000000002,1,0,Home
339,6073,6.0,S6,6,LMN,LMN,SGP,1,0,0,0,3,0,0,5,2,0,0,2,0,0,0,1,13,3.0,1,-0.6976351351351352,0.12363250064828821,0.10919999999999999,2,2,Away
339,6172,6.0,S6,13,LMN,LMN,JEF,2,0,1,3,3,0,0,5,5,2,2,3,1,0,0,6,26,6.0,4,0.6047297297297296,0.04726500129657632,-0.2202,10,5,Home
342,7105,7.0,S7,14,BBC,BBC,RRR,1,1,0,0,0,0,0,1,4,0,0,1,0,0,0,2,8,2.0,1,-0.09705248023005025,0.04320955802454781,0.022199999999999998,3,1,Away
343,4073,4.0,S4,10,HON,HON,N69,2,2,1,0,3,0,0,1,3,2,2,3,1,0,0,5,19,4.0,6,2.25748502994012,-0.1460296161880283,-0.3525000000000001,9,5,Home
344,3021,3.0,S3,6,BAY,BAY,LAN,1,0,2,4,6,0,1,7,5,0,1,5,0,0,0,7,31,6.0,5,-0.14915278506992408,0.17601245744434993,0.0,9,5,Away
344,4009,4.0,S4,2,HON,HON,DDD,1,1,1,4,5,0,0,4,6,0,3,5,0,0,0,7,30,6.0,4,-1.6137724550898196,0.28724917204474576,0.012699999999999975,13,6,Home
344,4017,4.0,S4,3,HON,HON,N69,0,0,1,0,3,0,0,4,2,0,4,1,1,0,0,1,15,4.0,1,-2.74251497005988,0.33718746027386987,0.096,5,5,Away
344,4027,4.0,S4,4,HON,HON,CEL,1,0,1,1,1,0,0,2,1,0,2,0,0,0,0,3,9,1.6666666666666667,2,0.36714457682573015,0.0010471202781561148,-0.119,4,1,Home
344,4044,4.0,S4,6,HON,HON,PDB,3,1,0,3,4,0,0,5,3,2,1,5,2,0,0,7,27,6.0,6,0.38622754491017997,0.07466197939116936,-0.4206,11,6,Home
344,4050,4.0,S4,7,HON,HON,DBV,5,1,3,5,3,0,0,3,7,2,3,0,0,3,0,14,32,5.0,11,6.32185628742515,-0.48533504778412395,-0.38749999999999996,11,3,Home
344,4059,4.0,S4,8,HON,HON,PGA,2,0,1,6,3,0,0,5,4,0,5,3,1,1,0,9,29,6.0,5,-0.6137724550898197,0.18724917204474578,-0.07276400000000002,11,8,Home
344,4065,4.0,S4,9,HON,HON,DDD,3,1,2,3,3,0,0,4,3,1,4,3,0,0,0,9,27,5.0,11,6.32185628742515,-0.5189008948603276,-0.3604,9,5,Away
344,4083,4.0,S4,11,HON,HON,CEL,4,1,1,2,3,0,1,4,4,0,7,3,0,0,0,8,29,6.0,6,0.3862275449101803,0.08305344116022023,0.09329999999999998,13,10,Away
344,4090,4.0,S4,12,HON,HON,PGS,0,0,2,0,2,0,0,0,2,0,1,1,2,0,0,2,8,2.0,0,-1.8712574850299397,0.22069159557919765,0.18369999999999997,4,2,Home
344,4100,4.0,S4,13,HON,HON,PDB,2,1,2,1,7,0,0,5,2,0,4,2,1,1,0,6,27,5.0,4,0.010348350917213756,0.1164456296749915,-0.013999999999999919,8,5,Away
344,4106,4.0,S4,14,HON,HON,DBV,0,0,2,2,2,0,0,2,5,1,2,6,1,0,1,4,22,6.0,1,-4.61377245508982,0.5578790558530675,0.40180000000000005,14,9,Away
344,5090,5.0,S5,8,RKT,RKT,ISO,0,0,0,1,3,0,0,2,2,0,0,1,0,2,0,1,9,1.6666666666666667,1,-1.1354331238024808,0.1575548602310355,0.0125,4,1,Away
344,5110,5.0,S5,10,RKT,RKT,WWC,4,0,1,0,1,0,0,0,0,1,2,3,0,4,2,5,12,2.6666666666666665,5,2.677229735702289,-0.19970512689173922,-0.00024199999999999997,9,5,Home
344,5134,5.0,S5,12,RKT,RKT,CHI,1,0,1,3,0,0,0,5,1,1,1,3,1,0,1,5,16,4.333333333333333,2,-0.955745616346567,0.16359240831314636,0.03140000000000004,6,4,Away
344,5145,5.0,S5,13,RKT,RKT,WSH,1,0,0,4,4,0,0,5,0,1,0,0,0,0,0,5,15,2.0,4,2.658711217183771,-0.20585537464912151,-0.06079999999999999,1,0,Home
344,6011,6.0,S6,1,PBA,PBA,SLT,0,0,0,5,8,0,2,4,5,2,1,2,1,1,0,5,27,5.0,3,0.1706081081081079,0.09896469994101155,-0.2955,9,3,Away
344,6038,6.0,S6,3,PBA,PBA,BBB,0,0,0,1,2,0,1,3,3,0,2,0,1,0,0,1,11,3.0,0,-1.4503718297352794,0.19061863362602957,0.16420000000000004,3,2,Home
344,6051,6.0,S6,4,PBA,PBA,MVS,1,0,0,0,2,0,0,5,6,0,1,1,0,0,0,1,16,4.333333333333333,2,-0.4623994923262026,0.11254024109080446,0.04589999999999999,4,2,Away
347,4027,4.0,S4,4,HON,HON,CEL,1,0,1,2,1,0,0,1,0,0,1,2,0,0,0,4,9,1.3333333333333333,4,2.82596919562936,-0.24483534160220685,-0.3079,3,3,Home
347,4034,4.0,S4,5,HON,HON,PGS,2,1,2,3,4,0,0,2,7,1,0,2,0,1,0,8,24,4.0,6,2.25748502994012,-0.12085523088087555,-0.30100000000000005,6,3,Away
349,5033,5.0,S5,3,TAC,TAC,DAD,3,0,1,0,4,0,0,5,8,0,4,1,0,0,0,4,26,6.0,4,-0.023866348448687513,0.10641392976491175,0.12789999999999996,11,5,Home
351,4035,4.0,S4,5,CEL,CEL,PGA,0,0,3,2,2,0,0,3,3,0,2,2,1,0,1,5,17,4.0,3,-1.4444159019239624,0.2199647461138545,0.13160000000000002,8,4,Home
351,4074,4.0,S4,10,CEL,CEL,PDB,2,0,2,4,0,0,0,5,4,0,1,4,0,0,0,8,22,4.666666666666667,4,-0.43974165071918003,0.13628024453147808,-0.31620000000000004,9,5,Away
352,3008,3.0,S3,2,FTP,FTP,CIN,0,0,0,1,0,0,0,0,1,0,0,1,1,0,0,1,3,1.0,0,-0.9203252032520324,0.10762256989978623,0.0,2,1,Away
352,3015,3.0,S3,4,FTP,FTP,SCB,1,0,1,3,2,0,1,4,5,1,1,5,2,0,0,5,23,6.0,3,-2.183279769196908,0.33785169032482704,0.0,10,5,Away
352,3022,3.0,S3,6,FTP,FTP,BER,0,0,0,1,0,0,0,1,3,0,1,1,0,0,0,1,7,2.0,0,-1.8406504065040648,0.2204418229911001,0.0,5,3,Away
353,3034,3.0,S3,9,SCB,SCB,BER,0,0,0,2,1,0,0,3,2,3,1,1,0,0,0,2,13,3.3333333333333335,0,-3.051778544005016,0.3727347358903612,0.0,7,3,Home
355,4012,4.0,S4,2,CEL,CEL,PGS,0,0,2,3,0,0,0,0,2,0,1,0,0,0,0,5,8,1.0,4,3.06437125748503,-0.2728712786722993,-0.294,2,1,Away
355,4068,4.0,S4,9,CEL,CEL,PGS,1,0,0,2,1,0,0,0,0,1,1,0,1,0,0,3,6,1.0,1,0.06437125748503014,0.01873725955864977,-0.03670000000000001,2,1,Home
355,6013,6.0,S6,1,MBT,MBT,FRG,1,0,0,0,1,0,0,0,4,0,5,1,1,0,0,1,12,3.6666666666666665,1,-1.0646275347008247,0.15618797236372062,0.0178,8,3,Away
355,6069,6.0,S6,5,MBT,MBT,HEL,0,0,3,4,1,0,0,3,1,1,0,1,0,0,0,7,14,2.0,5,4.115506548643099,-0.3535378994883987,-0.3514000000000001,3,1,Home
355,6163,6.0,S6,12,MBT,MBT,MVS,1,0,0,1,2,0,0,3,1,0,8,3,0,1,0,2,19,5.0,3,0.1706081081081079,0.06581455401191945,-0.17429999999999998,11,9,Away
355,6182,6.0,S6,13,MBT,MBT,POR,0,0,0,2,1,0,0,0,0,0,3,3,3,0,0,2,9,3.0,0,-1.697635135135135,0.20705742768374213,0.0023,6,5,Home
355,6190,6.0,S6,14,MBT,MBT,CIM,1,0,0,0,1,0,0,0,0,0,1,0,1,0,1,1,3,1.0,1,0.18685831622176596,-0.0021107586576305376,-0.0023999999999999994,2,1,Away
355,7044,7.0,S7,6,SCG,SCG,RRR,0,0,1,0,1,0,0,0,2,0,1,0,0,0,0,1,5,1.0,0,-0.5485262401150252,0.07579281776246674,0.06450000000000002,2,1,Home
355,7090,7.0,S7,12,SCG,SCG,TRI,0,0,1,3,2,0,0,3,3,2,1,2,1,0,0,4,17,4.0,1,-1.8097578248226875,0.2521724412355471,0.34210000000000007,8,2,Home
361,4071,4.0,S4,9,CCS,CCS,LMN,0,0,1,1,0,0,0,3,0,0,2,2,2,0,0,2,9,3.0,1,-2.233894847667303,0.2611510627274594,0.21139999999999998,4,4,Home
361,6130,6.0,S6,10,AAL,AAL,CWJ,2,0,0,0,1,0,0,0,0,0,1,0,1,0,0,2,4,0.6666666666666666,2,1.5930185356071764,-0.1427267805961716,-0.19080000000000003,1,1,Away
361,10007,10.0,S10,2,GOB,GOB,GRS,1,0,0,2,0,0,0,3,3,0,0,2,0,0,1,3,11,3.0,1,-1.0660066006600661,0.15316508382161656,0.2988,5,3,Away
361,10042,10.0,S10,9,GOB,GOB,KRK,2,0,0,0,0,0,0,1,0,1,0,1,0,0,0,2,5,1.0,2,1.3113311331133113,-0.111731270079827,-0.048999999999999995,2,1,Away
361,10063,10.0,S10,13,GOB,GOB,ZAH,1,0,0,0,1,0,0,6,3,2,1,2,1,0,0,1,16,5.0,1,-2.4433443344334433,0.3064203317841576,0.2347,7,3,Away
361,12002,12.0,S12,1,SDV,SDV,KEG,0,0,2,0,0,0,0,2,0,0,1,0,0,0,0,2,5,1.0,1,0.38751345532831005,-0.018096842928000803,0.04840000000000001,1,1,Away
363,6036,6.0,S6,3,MVS,MVS,FRG,1,0,0,1,0,0,0,1,0,0,0,1,1,0,0,2,4,1.0,1,0.4341216216216216,-0.02683708919761612,-0.2731,1,1,Away
367,4001,4.0,S4,1,CEL,CEL,DBV,0,1,1,4,1,0,0,3,4,5,1,2,0,1,0,6,22,5.0,3,-1.67814371257485,0.26431618160157055,-0.010799999999999992,12,5,Home
367,10002,10.0,S10,1,KRK,KRK,CRN,0,0,0,0,0,0,0,1,1,0,0,0,0,1,0,0,2,0.6666666666666666,0,-0.6086956521739131,0.07251067115629378,0.017,1,0,Away
371,5046,5.0,S5,4,TAC,TAC,POR,0,0,1,2,2,0,0,5,7,2,2,2,0,0,0,3,23,6.0,0,-4.023866348448688,0.4944107803510607,0.49510000000000004,11,5,Home
371,5055,5.0,S5,5,TAC,TAC,TRA,1,0,0,0,1,1,0,1,2,0,1,2,0,0,0,1,8,2.0,1,-1.0322263123120694,0.13523102966814327,0.07590000000000005,5,4,Away
372,3003,3.0,S3,1,LAN,LAN,CIN,2,0,1,1,4,0,0,1,10,0,1,0,0,0,0,4,20,4.0,4,0.3186991869918705,0.07206374513136624,0.0,7,2,Home
373,5003,5.0,S5,1,WWC,WWC,PPP,1,0,1,1,3,0,0,1,3,2,2,2,1,0,0,3,16,3.6666666666666665,3,-0.21551169736898546,0.08556796661077118,0.10990000000000003,8,5,Away
373,5088,5.0,S5,8,WWC,WWC,SPR,2,0,1,2,4,0,1,7,2,1,1,2,1,0,0,5,22,4.666666666666667,4,1.828939796549752,-0.09487088395340035,-0.23419999999999994,6,3,Away
376,2001,2.0,S2,1,SAV,SAV,HVR,0,0,0,0,0,0,0,1,1,0,0,0,0,0,0,0,2,0.6666666666666666,0,-0.3333333333333333,0.043583333333333335,0.0,0,0,Away
376,4064,4.0,S4,8,DCL,DCL,MBX,0,0,0,0,1,0,1,0,0,0,0,0,0,0,0,0,1,0.0,1,0.2980990681359176,-0.025614175929066296,-0.0795,0,0,Away
376,4070,4.0,S4,9,DCL,DCL,VFQ,0,0,0,0,1,0,1,0,0,0,0,0,0,0,0,0,1,0.0,1,0.2980990681359176,-0.025614175929066296,-0.036699999999999997,0,0,Home
378,10007,10.0,S10,2,GRS,GRS,GOB,0,0,1,1,0,0,0,1,2,0,2,2,0,0,0,2,9,2.3333333333333335,0,-1.808372216531998,0.21576053946990725,0.0946,5,2,Home
378,10012,10.0,S10,3,GRS,GRS,CRN,1,0,0,1,2,0,0,0,0,0,0,0,0,0,0,2,4,0.0,4,4.0,-0.3844785254147967,-0.3623,0,0,Home
378,10030,10.0,S10,6,GRS,GRS,ZAH,1,0,0,3,4,0,0,2,2,1,5,1,0,4,0,4,19,3.6666666666666665,5,2.464548815758473,-0.15720640271092823,-0.12640000000000004,8,4,Home
378,10041,10.0,S10,9,GRS,GRS,BEE,0,0,0,2,3,0,0,1,2,0,3,1,2,0,0,2,12,3.0,1,-1.6708431322174138,0.21364873697735132,0.15960000000000005,4,2,Home
378,10059,10.0,S10,12,GRS,GRS,SEO,0,0,0,0,0,0,0,0,0,0,1,0,0,0,0,0,1,0.3333333333333333,0,-0.2920925473431795,0.033089623380618785,0.025099999999999997,1,1,Home
379,3029,3.0,S3,8,LAN,LAN,CIN,1,2,2,1,1,0,0,3,7,1,0,0,0,0,0,6,18,3.6666666666666665,3,-0.3632483370288242,0.12986513115038031,0.0,7,2,Away
379,6150,6.0,S6,11,TTT,TTT,PBA,2,0,0,0,1,0,0,1,0,2,1,0,1,0,0,2,7,1.6666666666666667,2,1.6441529695840043,-0.13540891927044485,-0.08829999999999999,3,2,Away
380,4081,4.0,S4,11,PDB,PDB,PGS,1,0,2,3,4,0,0,2,5,0,2,5,1,0,0,6,24,5.0,4,-0.6781437125748497,0.168511912486096,-0.23199999999999998,10,7,Away
380,5024,5.0,S5,2,SAR,SAR,MVM,0,0,0,1,0,0,0,0,0,0,0,1,1,0,0,1,2,0.6666666666666666,0,-0.9814814814814816,0.10615024775738224,0.27570000000000006,1,1,Home
386,3028,3.0,S3,7,LAN,LAN,TZS,1,1,0,2,3,0,0,2,1,2,0,2,0,0,0,4,14,2.3333333333333335,5,4.019868546088059,-0.32923328992741857,0.0,6,4,Away
386,3037,3.0,S3,10,LAN,LAN,SCB,0,0,0,0,1,0,0,0,5,0,2,1,1,0,0,0,9,3.0,0,-2.760975609756097,0.3228677096993587,0.0,3,2,Away
386,3043,3.0,S3,11,LAN,LAN,BER,1,0,1,1,3,0,0,4,3,2,3,3,0,0,0,3,21,5.0,1,-3.6016260162601617,0.46929294864809706,0.0,9,7,Home
386,3055,3.0,S3,14,LAN,LAN,TZS,0,0,0,3,3,0,0,1,2,0,3,0,1,0,0,3,12,2.3333333333333335,2,-0.035845601699259766,0.06594475846825792,0.0,2,2,Home
386,4025,4.0,S4,4,PDB,PDB,PGS,1,0,1,0,0,0,0,0,0,0,3,1,0,0,0,2,6,1.3333333333333333,1,-0.7392001710863986,0.0990944024157926,0.014399999999999996,4,3,Home
386,4067,4.0,S4,9,PDB,PDB,N69,0,0,2,4,3,0,1,5,8,0,2,2,1,0,0,6,26,6.0,4,-1.61377245508982,0.27046624850664397,0.16620000000000004,9,3,Away
386,4105,4.0,S4,14,PDB,PDB,PGA,0,1,3,2,4,0,1,5,3,1,2,1,0,0,0,6,22,4.0,6,2.2574850299401197,-0.13344242353445182,-0.10239999999999999,6,4,Away
386,5021,5.0,S5,2,TAC,TAC,NUL,0,0,0,0,2,0,1,0,1,0,0,0,0,0,0,0,3,0.3333333333333333,1,0.310837090073367,-0.01908055959348558,-0.0556,1,0,Away
388,4003,4.0,S4,1,PDB,PDB,DDD,1,2,0,3,0,0,0,3,4,0,2,1,0,0,0,6,16,3.3333333333333335,5,1.1663169387720291,-0.049499999724795546,-0.23389999999999997,6,3,Away
390,3028,3.0,S3,7,TZS,TZS,LAN,0,1,4,0,0,0,0,2,4,0,3,0,0,0,0,5,14,3.0,3,0.2390243902439031,0.04885112565699699,0.0,7,4,Home
390,3036,3.0,S3,9,TZS,TZS,BAY,2,1,2,2,1,0,0,5,3,0,1,7,1,0,1,7,24,6.0,4,-1.5219512195121943,0.282112201739411,0.0,10,7,Away
390,3047,3.0,S3,12,TZS,TZS,CCF,4,1,2,3,4,0,0,6,4,1,1,3,1,0,0,10,29,5.333333333333333,9,3.699743846753537,-0.21927057212105142,0.0,9,6,Away
390,4015,4.0,S4,2,LMN,LMN,CCS,2,0,2,0,1,0,0,5,5,1,2,2,0,0,0,4,20,5.0,3,-1.6781437125748497,0.2517289889479941,-0.12130000000000002,8,3,Home
390,4022,4.0,S4,3,LMN,LMN,EEE,0,0,0,1,0,0,0,2,1,0,0,0,0,1,0,1,4,1.0,0,-0.93562874251497,0.1145415286741243,0.0174,1,0,Away
390,4023,4.0,S4,3,LDN,LDN,VFQ,0,0,0,1,0,0,0,0,2,0,1,0,0,1,1,1,4,1.3333333333333333,0,-1.7392001710863987,0.19489867153126716,0.0075,2,1,Home
390,4048,4.0,S4,6,LMN,LMN,MBX,0,0,0,0,1,1,0,0,1,0,0,1,0,0,1,0,3,1.0,0,-0.9356287425149699,0.11034579778959883,0.0126,3,2,Away
390,4055,4.0,S4,7,LDN,LDN,FWG,1,0,2,2,4,0,0,2,4,0,1,4,1,0,0,5,20,4.0,4,0.25748502994012,0.05816611469649723,-0.07319999999999996,9,5,Home
390,4071,4.0,S4,9,LMN,LMN,CCS,1,1,1,5,1,0,0,2,2,1,1,0,0,0,0,8,15,2.0,7,5.12874251497006,-0.44993828822912413,-0.41850000000000004,4,1,Away
390,4079,4.0,S4,10,LDN,LDN,VFQ,2,1,2,6,3,0,0,5,7,1,0,2,0,0,0,11,29,5.0,9,4.321856287425151,-0.3105094330912767,-0.4871000000000001,7,3,Away
390,4094,4.0,S4,12,LDN,LDN,MBX,3,0,1,1,2,0,1,2,4,0,2,1,0,0,0,5,16,3.0,4,1.1931137724550902,-0.0521796830931017,-0.2134,5,2,Away
390,4101,4.0,S4,13,LDN,LDN,DCL,2,1,2,2,3,0,0,6,5,0,1,0,0,0,1,7,22,4.333333333333333,5,-0.25117742044001834,0.12161955238808736,-0.1542999999999999,9,1,Home
390,4111,4.0,S4,14,LDN,LDN,FWG,1,0,1,2,3,0,1,2,5,1,5,0,1,1,1,4,20,5.0,2,-2.6781437125748497,0.36012045071704507,0.13999999999999999,8,6,Away
390,5008,5.0,S5,1,NUL,NUL,DAD,0,0,0,2,2,0,0,6,6,2,2,1,1,0,0,2,21,6.0,0,-4.023866348448688,0.4864086807418266,0.4801,8,3,Away
390,5034,5.0,S5,3,NUL,NUL,JUP,0,0,0,2,0,0,0,0,0,0,0,0,0,0,0,2,2,0.0,0,0.8825470979535874,-0.08025261018612467,-0.0017000000000000001,0,0,Away
390,5045,5.0,S5,4,NUL,NUL,TAI,0,0,1,5,2,0,0,2,6,2,3,1,1,0,0,6,22,5.0,1,-2.353221957040573,0.3233452914056322,0.25450000000000006,9,3,Home
390,6036,6.0,S6,3,MVS,MVS,FRG,0,0,0,0,0,0,0,0,0,1,0,0,0,0,0,0,1,0.3333333333333333,0,-0.3631713554987212,0.04046090379100863,0.11960000000000001,1,0,Away
390,6051,6.0,S6,4,MVS,MVS,PBA,0,0,0,0,0,0,0,0,0,0,1,0,0,0,0,0,1,0.3333333333333333,0,-0.1588969139855548,0.02003345963969199,0.0169,1,1,Home
390,6070,6.0,S6,5,LIM,LIM,SUP,1,0,1,1,3,0,1,3,2,6,1,1,0,0,0,3,19,4.333333333333333,3,0.5376005076737973,0.02497154581421402,-0.16339999999999993,9,1,Home
390,7004,7.0,S7,1,CPR,CPR,WSW,0,0,0,0,0,0,0,0,0,0,1,0,1,0,0,0,1,0.6666666666666666,0,-0.6253561785309891,0.06672365660329176,0.0229,1,1,Home
390,7030,7.0,S7,4,CPR,CPR,SSJ,1,0,0,1,0,0,0,1,1,1,0,0,0,0,0,2,5,1.0,1,0.45147375988497485,-0.02420718223753325,-0.016599999999999997,2,0,Home
390,7033,7.0,S7,5,CPR,CPR,PBA,0,0,0,2,1,0,0,1,1,1,0,0,0,0,0,2,6,1.0,2,0.608509607932059,-0.035722728292048825,-0.09740000000000001,1,0,Away
391,11012,11.0,S11,2,PRP,PRP,LOB,0,0,0,1,0,0,0,0,1,0,0,1,0,0,1,1,3,1.0,0,-0.6001571091908877,0.07610636227593028,0.0376,3,1,Home
391,11018,11.0,S11,3,PRP,PRP,DOG,0,0,0,0,0,0,0,2,0,0,1,0,0,0,0,0,3,1.0,0,-0.6001571091908877,0.0720836994367199,0.0182,1,1,Away
391,11036,11.0,S11,6,PRP,PRP,HOT,0,1,3,3,4,0,0,6,6,3,7,6,1,1,0,7,39,9.666666666666666,2,-3.692690783028568,0.5301755918712718,0.5361,16,10,Home
391,11054,11.0,S11,9,PRP,PRP,HOT,0,0,2,0,0,0,0,2,0,0,0,0,0,0,0,2,4,0.6666666666666666,1,1.3046955624355006,-0.11437890488670857,-0.4277,0,0,Away
391,11059,11.0,S11,10,PRP,PRP,ARA,1,0,1,2,3,0,0,3,3,1,2,2,1,0,0,4,18,4.0,1,-1.4006284367635509,0.21247077478214188,0.20550000000000002,7,4,Home
391,11081,11.0,S11,14,PRP,PRP,ROY,1,0,2,0,1,0,1,0,0,0,0,1,0,0,0,3,5,0.3333333333333333,4,3.183762488799062,-0.2982629346838543,-0.0606,1,1,Away
391,11089,11.0,S11,15,PRP,PRP,DOG,1,0,0,1,3,0,0,3,2,1,1,1,1,0,0,2,13,3.0,1,-0.8004713275726631,0.1323417496670012,0.10959999999999998,4,1,Home
392,3031,3.0,S3,8,TZS,TZS,FTP,0,0,0,1,0,0,0,0,0,0,1,0,0,0,0,1,2,0.3333333333333333,0,-0.39340659340659334,0.04973402572371466,0.0,1,1,Home
393,5055,5.0,S5,5,TRA,TRA,TAC,0,0,0,1,1,0,0,1,4,1,1,2,0,1,0,1,11,3.0,0,-2.011933174224344,0.24920591507783885,0.2031,7,2,Home
393,5091,5.0,S5,8,TRA,TRA,JUP,2,1,3,0,2,0,0,4,3,2,3,0,0,0,0,6,20,4.0,5,2.3174224343675416,-0.1517212473444134,-0.20950000000000002,7,3,Home
394,3024,3.0,S3,6,TZS,TZS,SCB,1,0,0,1,2,0,0,0,2,0,2,1,1,0,0,2,9,2.0,3,1.1593495934959352,-0.06916481062584452,0.0,3,3,Away
394,4055,4.0,S4,7,LDN,LDN,FWG,0,1,2,1,1,0,0,2,1,0,1,2,0,0,0,4,11,2.0,3,1.12874251497006,-0.06672121176722598,-0.46470000000000006,3,3,Home
395,3004,3.0,S3,1,TZS,TZS,FTP,1,0,0,1,0,0,0,0,6,2,0,1,0,0,0,2,11,3.0,1,-1.7609756097560971,0.23326107608241398,0.0,4,2,Away
395,3018,3.0,S3,5,TZS,TZS,CCF,0,0,0,7,1,0,0,2,5,3,3,1,1,2,3,7,22,6.0,1,-4.343379790940766,0.5746484252653234,0.0,11,5,Home
401,4006,4.0,S4,1,LDN,LDN,CCS,4,1,1,2,1,0,0,4,2,0,1,2,1,0,0,8,18,3.3333333333333335,7,3.9000935630869455,-0.3144862003872363,-0.5652,6,4,Away
401,4085,4.0,S4,11,LDN,LDN,LMN,4,1,5,4,3,0,0,4,10,0,3,1,0,1,0,14,35,6.0,9,3.38622754491018,-0.1875764426481015,-0.21340000000000003,13,5,Home
401,5127,5.0,S5,11,NUL,NUL,TRA,0,0,1,4,3,0,0,4,3,2,0,0,0,0,0,5,17,3.0,3,0.9880668257756562,-0.03078883589907596,-0.13639999999999997,4,2,Away
401,6051,6.0,S6,4,MVS,MVS,PBA,0,1,1,3,1,0,0,2,4,1,3,1,1,0,0,5,17,4.0,5,2.7364864864864864,-0.20320458854932794,-0.22640000000000002,8,5,Home
401,7053,7.0,S7,7,CPR,CPR,BBB,1,0,0,2,2,0,0,0,1,0,0,1,1,0,0,3,7,1.0,3,2.4514737598849745,-0.2158311047371476,-0.0019,2,1,Away
413,7044,7.0,S7,6,SCG,SCG,RRR,0,0,0,1,1,0,0,4,3,3,3,2,0,0,0,1,17,5.0,0,-2.7426312005751257,0.34545977881079093,0.5186,10,4,Home
413,8032,8.1,S8A,6,CDT,CDT,CCD,0,0,3,1,2,0,0,1,2,0,0,2,0,0,0,4,11,1.6666666666666667,5,3.7430616509926855,-0.3275247194040465,-0.1231,4,2,Home
413,8503,8.2,S8B,1,TXR,TXR,NUT,3,1,1,1,1,0,0,1,1,0,3,2,2,0,0,6,14,3.0,4,2.067164179104478,-0.14707197966131663,-0.3443,5,2,Home
413,8523,8.2,S8B,6,TXR,TXR,QQ,2,1,2,0,1,0,0,3,0,1,0,1,0,0,0,5,11,1.6666666666666667,5,4.262724837351703,-0.3794089965394244,-0.022400000000000003,2,1,Home
413,8526,8.2,S8B,7,TXR,TXR,ESP,0,0,2,2,0,0,0,7,1,2,4,1,0,0,0,4,19,5.0,1,-2.2213930348258706,0.30308532682069367,0.32910000000000006,7,3,Home
413,9012,9.0,S9,3,NNL,NNL,KGB,0,0,2,0,0,0,0,5,1,1,2,3,0,0,0,2,14,4.0,1,-1.9156824146981626,0.24305788781734425,0.2196,7,5,Home
413,9022,9.0,S9,6,NNL,NNL,GOP,0,1,1,1,2,0,0,0,1,0,1,0,0,0,0,3,7,0.6666666666666666,4,3.7604909680407594,-0.35030427363031197,-0.354,1,1,Home
413,10011,10.0,S10,3,SEO,SEO,BEE,0,1,0,2,1,0,0,3,2,2,2,0,0,0,0,3,13,3.0,2,-0.6708431322174138,0.11752910562365215,0.022999999999999996,6,2,Home
413,10044,10.0,S10,9,SEO,SEO,CRN,1,0,0,0,1,0,0,1,3,1,0,1,0,0,0,1,8,2.0,2,0.6226622662266226,-0.031223277452255626,0.17539999999999997,4,1,Away
413,10059,10.0,S10,12,SEO,SEO,GRS,0,0,0,1,2,0,0,2,1,0,0,1,0,0,0,1,7,1.3333333333333333,0,-0.8136688668866887,0.10852946721277468,-0.0499,2,1,Away
413,10069,10.0,S10,14,SEO,SEO,ACK,0,1,0,1,1,0,1,4,0,0,0,2,0,0,0,2,9,2.0,1,-0.37733773377337737,0.0726570911940452,0.019900000000000015,2,2,Away
425,3026,3.0,S3,7,CIN,CIN,SCB,0,1,1,2,2,1,0,3,6,1,4,3,0,0,1,4,23,6.0,1,-4.521951219512194,0.5769155185478834,0.0,10,4,Home
425,5125,5.0,S5,11,TSA,TSA,GTY,0,0,3,5,2,0,0,4,2,0,3,6,0,1,0,8,25,5.0,4,0.6467780429594272,0.039349490624100286,-0.23769999999999997,9,5,Away
425,5136,5.0,S5,12,TSA,TSA,YUM,0,0,2,1,0,0,0,0,1,0,2,2,0,0,0,3,8,1.6666666666666667,2,1.1257770854472438,-0.08056931010778809,-0.3213,4,2,Home
439,3002,3.0,S3,1,SCB,SCB,CCF,0,0,0,8,1,0,0,3,3,1,3,4,4,0,0,8,23,6.0,0,-5.521951219512195,0.6717188353563557,0.0,10,7,Home
451,3012,3.0,S3,3,BER,BER,TZS,2,0,3,3,1,0,0,2,5,1,3,2,0,0,0,8,22,4.333333333333333,5,1.0006467110125654,0.014262359112352012,0.0,9,5,Away
451,3029,3.0,S3,8,CIN,CIN,LAN,0,0,1,1,0,0,0,0,2,0,0,0,0,0,0,2,4,0.6666666666666666,2,0.5574525745257455,-0.03495852468646389,0.0,2,0,Home
471,4108,4.0,S4,14,N69,N69,CEL,2,0,1,4,4,0,1,4,4,0,3,2,0,0,0,7,24,4.333333333333333,5,1.2306881962570593,-0.022371278397094872,-0.33129999999999993,8,4,Home
471,6170,6.0,S6,13,PUK,PUK,CBC,4,0,3,3,4,0,0,2,5,0,4,2,1,2,0,10,27,4.666666666666667,10,7.329505022093663,-0.6127812232164074,-0.4369,7,5,Home
474,4002,4.0,S4,1,PGS,PGS,N69,1,0,0,0,0,0,0,4,3,0,1,2,0,0,0,1,11,3.3333333333333335,1,-2.2110926988360653,0.26726230961338654,0.137,6,3,Away
474,4012,4.0,S4,2,PGS,PGS,CEL,0,0,0,1,0,0,0,0,1,0,0,0,0,0,0,1,2,0.3333333333333333,1,-0.026796833683061183,0.01107114513735704,-0.0036000000000000008,1,0,Home
474,4075,4.0,S4,10,PGS,PGS,DBV,0,0,1,0,0,0,0,0,2,0,3,2,0,0,0,1,8,2.3333333333333335,0,-2.4268130405854955,0.27624715113475323,0.14950000000000002,7,4,Away
474,4081,4.0,S4,11,PGS,PGS,PDB,0,0,0,2,0,0,0,0,2,0,0,2,1,0,0,2,6,1.6666666666666667,0,-1.0392556855201511,0.1290999538591679,0.23690000000000003,2,2,Home
477,4030,4.0,S4,4,CCS,CCS,DCL,0,0,0,0,0,0,0,0,1,0,1,1,0,0,0,0,3,1.0,0,-0.93562874251497,0.10615006690507336,0.12199999999999998,2,1,Away
477,4047,4.0,S4,6,CCS,CCS,VFQ,0,0,0,0,0,0,0,0,1,0,1,1,0,0,0,0,3,1.0,0,-0.93562874251497,0.10615006690507336,0.0679,3,2,Away
477,4071,4.0,S4,9,CCS,CCS,LMN,1,1,2,3,1,0,0,2,2,0,3,2,0,0,0,7,17,3.0,4,1.620122392577483,-0.09068481422081551,-0.15380000000000005,6,2,Home
477,4093,4.0,S4,12,CCS,CCS,FWG,1,1,2,1,2,0,0,2,0,0,4,4,2,0,0,5,17,4.0,2,-1.7425149700598799,0.24557892204292078,-0.0032999999999999835,8,4,Away
477,6035,6.0,S6,3,POR,POR,CIM,0,0,0,0,5,0,0,3,8,1,2,2,2,0,0,0,21,6.0,0,-3.39527027027027,0.4265461600908938,0.2637,8,4,Away
478,4049,4.0,S4,7,PGA,PGA,PDB,0,0,0,3,0,0,0,3,2,0,1,0,0,0,0,3,9,2.0,0,-0.29826610515233287,0.06758818847596243,0.05440000000000001,1,1,Away
478,4059,4.0,S4,8,PGA,PGA,HON,1,0,1,4,1,0,0,1,1,2,0,1,1,0,0,6,12,2.0,4,2.1287425149700603,-0.16252548088270052,-0.371758,3,1,Away
479,4027,4.0,S4,4,HON,HON,CEL,0,0,0,2,2,0,0,1,2,0,1,1,1,0,0,2,9,2.0,1,-0.8712574850299399,0.12488732646372314,-0.011599999999999997,4,2,Home
479,5042,5.0,S5,4,GTY,GTY,RKT,1,3,0,1,1,1,0,6,1,1,1,1,0,0,0,5,16,3.3333333333333335,5,2.890951846132247,-0.22507838773935207,-0.36929999999999996,3,2,Home
479,5113,5.0,S5,10,GTY,GTY,YUM,2,1,1,1,0,0,0,4,6,2,1,4,0,0,0,5,22,5.666666666666667,5,1.1582954051416372,-0.0278064448125889,-0.002194,9,4,Away
479,6032,6.0,S6,3,AAL,AAL,LMN,1,0,4,2,0,0,0,10,5,0,2,1,0,0,0,7,25,6.0,4,0.6047297297297294,0.04312123305543988,-0.1547,9,3,Home
479,6072,6.0,S6,6,AAL,AAL,CBC,0,1,3,5,3,0,0,5,5,2,1,1,1,1,0,9,26,5.0,4,1.170608108108108,-0.00517906830012492,-0.0062999999999999445,9,3,Away
479,6104,6.0,S6,8,AAL,AAL,BBB,0,0,1,1,2,0,0,2,7,2,0,1,0,0,0,2,16,4.0,1,-1.2635135135135136,0.19265164320953557,0.08710000000000001,7,2,Away
479,6130,6.0,S6,10,AAL,AAL,CWJ,0,0,1,1,0,0,0,6,1,0,0,0,0,0,0,2,9,2.3333333333333335,0,-1.2341877129880512,0.16071268546903372,0.17679999999999998,0,0,Away
479,6144,6.0,S6,11,AAL,AAL,JEF,0,0,0,0,0,0,0,0,0,0,1,0,0,0,0,0,1,0.3333333333333333,0,-0.311973018549747,0.03534107009611122,0.0484,1,1,Home
479,6159,6.0,S6,12,AAL,AAL,WWC,1,0,1,3,0,0,0,1,3,1,0,4,0,0,0,5,14,3.0,4,3.5762078450131547,-0.2996080291254043,-0.5262,6,4,Away
479,6174,6.0,S6,13,AAL,AAL,SAR,0,0,4,1,4,0,0,0,3,0,2,3,2,0,0,5,17,3.3333333333333335,3,2.1049075391180656,-0.14004669381248583,-0.19660000000000002,7,5,Home
479,7001,7.0,S7,1,TRI,TRI,SCG,1,0,0,4,3,0,0,4,6,3,2,0,0,0,0,5,23,5.0,2,-0.5578241073568175,0.1521073019901172,0.07189999999999998,9,4,Home
479,7027,7.0,S7,4,TRI,TRI,TBL,4,0,0,1,1,0,0,2,4,0,1,2,1,1,0,5,15,3.3333333333333335,5,3.1139519115778143,-0.24438657115469584,-0.1137,7,3,Home
479,7035,7.0,S7,5,TRI,TRI,BBC,2,0,1,1,1,0,0,6,4,0,3,1,1,0,0,4,19,5.0,2,-0.7426312005751258,0.15383585631117666,-0.02849999999999996,5,4,Away
479,7043,7.0,S7,6,TRI,TRI,BAC,1,0,1,2,3,0,0,1,1,1,0,0,0,0,0,4,10,1.0,5,4.675486665583927,-0.42566827905646426,-0.0312,2,0,Home
479,7067,7.0,S7,9,TRI,TRI,MMA,2,0,2,4,2,1,0,4,9,5,2,4,0,0,0,8,34,8.0,2,-1.3249017625590676,0.2748834937624635,0.07790000000000001,18,10,Home
479,7082,7.0,S7,11,TRI,TRI,WSW,3,0,2,1,6,0,0,6,4,1,1,2,0,0,0,6,26,4.666666666666667,5,3.7327243078325822,-0.26438342327824416,-0.06260000000000002,8,3,Home
479,7108,7.0,S7,14,TRI,TRI,STK,1,0,2,1,5,1,0,2,2,0,1,3,2,0,0,4,17,3.3333333333333335,4,1.1547322488422251,-0.044276566130944106,-0.1358,6,4,Home
485,4093,4.0,S4,12,FWG,FWG,CCS,0,0,0,0,2,0,0,0,0,0,2,0,1,0,0,0,4,1.0,0,-0.93562874251497,0.11034579778959884,0.0136,2,1,Home
485,4111,4.0,S4,14,FWG,FWG,LDN,1,2,1,5,2,0,1,1,2,0,4,3,2,0,0,9,21,4.0,5,1.2574850299401203,-0.03763815441897739,-0.3424,9,5,Home
485,5066,5.0,S5,6,KRB,KRB,GTY,0,0,1,0,0,0,0,2,0,0,0,1,0,0,0,1,4,1.0,0,-0.6706443914081146,0.0830686383592796,0.12519999999999998,1,1,Away
485,5102,5.0,S5,9,KRB,KRB,GBC,0,1,0,0,2,0,0,5,2,1,0,1,0,2,0,1,12,3.0,2,-0.761974810464527,0.13221217831109128,-0.1973999999999999,2,1,Away
485,6013,6.0,S6,1,FRG,FRG,MBT,0,0,0,1,0,0,0,0,0,0,1,0,0,0,0,1,2,0.3333333333333333,0,0.6261484845284611,-0.05432731197057308,0.015600000000000003,1,0,Home
485,6026,6.0,S6,2,FRG,FRG,BBB,1,0,1,1,1,0,0,1,4,1,2,0,0,0,1,3,12,3.0,1,-0.6976351351351352,0.1236325006482882,0.11739999999999998,7,1,Away
485,6102,6.0,S6,8,FRG,FRG,JEF,0,0,1,1,0,0,0,2,1,0,0,2,0,0,0,2,7,1.6666666666666667,1,0.6927613068380354,-0.040269752995847966,-0.40569999999999995,2,2,Away
485,6124,6.0,S6,9,FRG,FRG,PHB,0,1,0,0,0,0,0,1,2,0,3,1,0,0,0,1,8,2.3333333333333335,0,-1.494928112255478,0.1826429571546399,0.1858,5,2,Home
485,6138,6.0,S6,10,FRG,FRG,TTT,1,0,2,4,3,0,0,1,3,3,1,3,0,1,2,7,21,4.333333333333333,4,1.9121811418159733,-0.09176767639432104,-0.19260000000000005,9,5,Away
485,6151,6.0,S6,11,FRG,FRG,HEL,1,0,1,0,1,0,0,8,3,2,2,3,0,0,0,2,21,6.0,1,-2.3952702702702706,0.32654616009089377,0.22519999999999998,8,4,Home
485,6164,6.0,S6,12,FRG,FRG,TAK,0,0,2,1,1,0,0,2,5,3,1,4,0,0,0,3,19,5.0,2,-0.8293918918918921,0.16167078577078295,0.12370000000000003,8,5,Away
485,6181,6.0,S6,13,FRG,FRG,SUP,0,1,3,1,2,0,0,3,3,4,6,2,0,0,0,5,25,6.0,2,-1.3952702702702706,0.24312123305543987,0.0841,13,5,Away
485,6195,6.0,S6,14,FRG,FRG,SLT,1,0,0,1,2,0,1,3,1,1,0,3,1,0,0,2,12,3.0,1,-0.6976351351351352,0.11948873240715169,0.0568,4,3,Home
485,7001,7.0,S7,1,TRI,TRI,SCG,0,0,0,0,0,0,0,1,2,0,0,0,0,0,0,0,3,1.0,0,-0.7333333333333333,0.08589744958391188,0.26149999999999995,0,0,Home
485,7021,7.0,S7,3,TRI,TRI,STK,2,0,0,2,2,0,0,3,3,0,5,2,2,0,0,4,19,5.0,2,-0.7426312005751259,0.15383585631117666,-0.04870000000000002,9,5,Away
485,7027,7.0,S7,4,TRI,TRI,TBL,1,0,1,2,1,0,0,2,2,0,0,1,0,1,0,4,10,1.6666666666666667,2,1.14341688784706,-0.0682732625325847,-0.005299999999999999,2,1,Home
485,7043,7.0,S7,6,TRI,TRI,BAC,0,0,0,0,0,0,0,0,0,0,1,0,0,0,0,0,1,0.3333333333333333,0,-0.3701923076923077,0.04120726951942362,-0.0001,1,1,Home
485,8505,8.2,S8B,2,MOB,MOB,ESP,0,0,0,0,0,0,0,0,0,0,0,1,0,0,0,0,1,0.3333333333333333,0,-0.5512820512820513,0.05938852214600021,0.0415,1,1,Home
485,8525,8.2,S8B,7,MOB,MOB,CC,0,0,0,0,0,0,0,3,0,0,1,0,0,0,1,0,4,1.6666666666666667,0,-1.1761935005821953,0.13892093514719495,0.21159999999999998,2,1,Home
487,4056,4.0,S4,7,EEE,EEE,CCS,0,0,1,2,2,0,0,6,5,0,2,2,0,0,0,3,20,5.0,1,-3.6781437125748497,0.4517289889479942,0.1717,6,4,Home
487,4072,4.0,S4,9,EEE,EEE,LDN,1,0,2,2,2,0,0,4,2,1,0,1,1,0,0,5,15,3.0,2,-0.8068862275449099,0.14362458602237288,-0.019399999999999994,4,2,Home
487,4087,4.0,S4,11,EEE,EEE,MBX,1,0,1,4,1,0,0,0,5,1,2,1,0,0,0,6,16,3.0,4,0.49121284059100756,0.01801041009330655,-0.2009,9,4,Home
487,4095,4.0,S4,12,EEE,EEE,DCL,1,1,1,0,1,0,0,3,2,0,0,0,0,0,0,3,9,1.6666666666666667,3,1.9607443144798486,-0.15831285348725577,-0.0025999999999999986,2,1,Away
487,4102,4.0,S4,13,EEE,EEE,FWG,0,0,0,0,1,0,0,0,1,0,0,1,1,0,0,0,3,1.0,0,-0.93562874251497,0.10615006690507339,0.009500000000000003,2,2,Home
487,4112,4.0,S4,14,EEE,EEE,CCS,0,0,0,0,0,0,0,1,2,1,2,1,0,0,0,0,7,2.3333333333333335,0,-2.3755067768146425,0.26692079387314244,0.18199999999999997,6,4,Away
487,6024,6.0,S6,2,PBA,PBA,MBT,0,0,1,4,4,0,0,3,8,3,1,0,0,0,0,5,24,5.0,3,0.170608108108108,0.0823896269764655,-0.09970000000000001,4,1,Away
487,6051,6.0,S6,4,PBA,PBA,MVS,0,0,1,0,1,0,0,1,1,3,0,0,0,0,0,1,7,1.6666666666666667,0,-0.9328707779440677,0.12229345548236237,0.0219,1,0,Away
487,6067,6.0,S6,5,PBA,PBA,POR,0,0,1,3,1,0,0,5,3,4,2,2,2,0,0,4,21,6.0,0,-3.39527027027027,0.4265461600908938,0.6252000000000001,7,5,Home
487,6111,6.0,S6,8,PBA,PBA,LID,1,0,2,7,3,0,0,6,2,9,2,1,1,0,0,10,33,7.0,3,-0.4486036036036033,0.1816047123178653,0.033500000000000016,12,4,Home
487,6122,6.0,S6,9,PBA,PBA,LIM,1,0,2,2,2,0,0,3,1,2,2,2,1,0,0,5,17,3.6666666666666665,5,2.895383400472041,-0.2190942799478834,-0.4197,6,4,Home
487,6137,6.0,S6,10,PBA,PBA,PHB,1,0,0,1,0,0,0,2,1,2,0,0,0,0,0,2,7,1.6666666666666667,1,0.06712922205593219,0.02229345548236237,0.1902,1,0,Away
487,6195,6.0,S6,14,FRG,FRG,SLT,0,0,0,1,1,0,1,0,3,5,0,1,0,0,0,1,11,3.0,0,-1.697635135135135,0.21534496416601517,0.1761,6,1,Home
487,9005,9.0,S9,2,KGB,KGB,BIR,0,0,0,1,2,0,0,2,3,3,2,4,1,2,0,1,17,5.0,0,-2.874015748031496,0.35728038056050904,0.1961,10,6,Away
487,9012,9.0,S9,3,KGB,KGB,NNL,0,0,0,0,1,0,0,0,0,0,2,1,0,0,0,0,4,1.0,0,-0.5748031496062992,0.07219164248849506,0.0644,3,3,Away
487,9028,9.0,S9,7,KGB,KGB,NNL,0,0,0,0,0,0,0,0,0,3,0,0,0,0,0,0,3,1.0,0,-0.5748031496062992,0.06851381060652878,0.0273,2,1,Home
487,9032,9.0,S9,8,KGB,KGB,FLB,2,0,1,0,0,0,0,3,1,4,3,0,0,0,1,3,14,4.0,2,-0.6619094488188977,0.12135842311138405,-0.05579999999999999,8,6,Home
487,9038,9.0,S9,10,KGB,KGB,FLB,0,0,0,1,0,0,0,3,0,2,2,1,0,0,1,1,9,3.0,0,-1.7244094488188977,0.2092192637015526,0.10239999999999999,6,4,Away
487,9043,9.0,S9,11,KGB,KGB,AND,0,0,0,2,0,0,0,1,0,2,0,0,0,1,0,2,5,1.0,0,-0.5748031496062992,0.07954730625242763,0.1543,3,1,Away
487,9052,9.0,S9,13,KGB,KGB,GOP,0,0,1,0,0,0,0,2,0,0,1,0,0,0,0,1,4,1.0,0,-0.5748031496062992,0.07219164248849506,0.0575,1,0,Away
488,4039,4.0,S4,5,EEE,EEE,DCL,0,0,0,1,1,0,0,0,2,0,0,1,0,0,0,1,5,1.0,0,-0.93562874251497,0.1145415286741243,0.045500000000000006,2,1,Home
488,4046,4.0,S4,6,EEE,EEE,FWG,0,0,1,0,2,1,0,0,3,0,0,0,0,0,0,1,6,1.0,0,-0.93562874251497,0.11873725955864978,0.0059000000000000025,2,1,Away
488,4056,4.0,S4,7,EEE,EEE,CCS,0,0,0,0,1,0,0,0,2,0,0,1,0,0,0,0,4,1.0,0,-0.93562874251497,0.11034579778959885,0.0036,3,1,Home
488,4095,4.0,S4,12,EEE,EEE,DCL,2,0,1,0,1,0,0,0,0,0,0,0,0,0,0,3,4,0.0,4,5.67666065087035,-0.5508831415489331,-0.34029999999999994,0,0,Away
488,4112,4.0,S4,14,EEE,EEE,CCS,3,0,2,1,2,0,0,0,10,0,1,0,0,0,0,6,19,3.6666666666666665,5,1.7617343217248225,-0.09645454536649856,-0.11649999999999996,9,4,Away
488,5027,5.0,S5,3,PPP,PPP,TSA,0,0,0,0,0,0,0,2,1,0,0,0,0,0,0,0,3,1.0,0,-0.6706443914081146,0.07906758855466257,0.0026000000000000003,0,0,Away
488,5089,5.0,S5,8,PPP,PPP,GTY,2,0,1,2,3,0,0,1,2,0,0,1,0,0,0,5,12,1.3333333333333333,8,7.114041021488204,-0.663391504493416,-0.0108,3,1,Away
488,7015,7.0,S7,2,BBB,BBB,SSJ,0,0,0,0,1,0,1,1,0,0,0,0,0,0,0,0,2,0.3333333333333333,0,0.036060775020908764,0.004769999998294815,0.0023,0,0,Home
490,4033,4.0,S4,5,DDD,DDD,N69,0,0,0,1,1,0,0,1,2,0,1,1,1,0,0,1,7,2.0,0,-1.87125748502994,0.2164958646946722,0.014400000000000001,2,2,Away
490,4051,4.0,S4,7,DDD,DDD,PGS,0,0,0,0,0,0,0,0,2,0,0,1,0,0,0,0,3,1.0,0,-0.93562874251497,0.10615006690507336,0.0026000000000000003,3,1,Away
490,4107,4.0,S4,14,DDD,DDD,PGS,0,0,1,0,1,0,0,0,0,0,1,0,1,0,0,1,3,0.6666666666666666,0,-0.34090909090909083,0.04667810174448546,0.10870000000000005,1,1,Home
490,5044,5.0,S5,4,LMN,LMN,MVM,3,1,0,1,2,0,0,2,4,1,4,1,0,0,0,5,19,4.0,4,1.3174224343675416,-0.055722297149030424,-0.186,7,3,Home
490,7003,7.0,S7,1,FAP,FAP,MMA,1,0,1,2,1,0,0,3,1,2,1,4,1,0,0,4,16,4.0,2,-0.19410496046010073,0.0864191160490956,-0.07179999999999995,4,4,Home
490,7105,7.0,S7,14,RRR,RRR,BBC,1,0,2,5,2,0,0,4,6,1,3,3,1,1,0,8,27,6.0,6,2.708842559309849,-0.15361917092558516,-0.3714,7,3,Home
490,8513,8.2,S8B,4,QQ,QQ,MOB,1,0,1,1,2,0,0,4,1,1,4,7,1,0,0,3,22,6.0,2,-1.865671641791045,0.2802941385705963,0.24470000000000006,12,8,Home
492,4031,4.0,S4,4,EEE,EEE,MBX,0,0,0,1,2,0,0,0,2,2,1,0,1,0,0,1,8,2.0,0,-1.87125748502994,0.22069159557919768,0.2635,3,1,Away
492,4039,4.0,S4,5,EEE,EEE,DCL,0,0,0,0,1,0,0,0,0,2,1,0,0,0,0,0,4,1.0,0,-0.93562874251497,0.11034579778959885,0.0893,3,2,Home
492,4046,4.0,S4,6,EEE,EEE,FWG,0,1,1,1,1,0,0,2,1,0,0,1,0,0,1,3,8,1.6666666666666667,3,1.5329489862612153,-0.11553332066539239,0.039599999999999996,2,2,Away
492,5011,5.0,S5,1,MVM,MVM,KTY,1,0,0,0,0,0,0,0,1,3,2,0,0,0,0,1,7,2.0,1,-1.5317555025192258,0.18118289888424186,0.17310000000000003,4,2,Home
492,5024,5.0,S5,2,MVM,MVM,SAR,0,1,1,3,2,0,0,5,1,9,0,0,0,0,0,5,22,5.0,2,-1.353221957040573,0.22334529140563214,0.09889999999999999,10,4,Away
492,5044,5.0,S5,4,MVM,MVM,LMN,1,0,2,1,0,0,0,2,2,5,0,0,0,0,1,4,13,3.3333333333333335,1,-0.4789990424878168,0.10391460151342022,0.06610000000000002,6,0,Away
492,5067,5.0,S5,6,MVM,MVM,TAI,2,0,0,3,1,0,0,0,1,8,5,1,1,0,0,5,21,5.333333333333333,3,-0.6263900077546816,0.146661046672426,0.1703,13,9,Away
492,5084,5.0,S5,7,MVM,MVM,TAC,0,0,0,0,0,0,0,2,0,5,0,0,0,0,0,0,7,2.3333333333333335,0,-2.4740321456480876,0.27541056319712803,0.2519,4,0,Home
492,5132,5.0,S5,11,MVM,MVM,DAD,1,0,0,4,3,0,0,2,0,5,1,3,0,0,0,5,19,3.6666666666666665,3,0.5905904850816498,0.016960897779558764,-0.40420000000000006,9,3,Home
492,5144,5.0,S5,12,MVM,MVM,KTY,0,0,2,2,1,0,0,3,1,8,0,5,0,0,0,4,22,5.666666666666667,1,-2.363372521288194,0.32436034783039425,0.15489999999999995,11,8,Away
500,4022,4.0,S4,3,EEE,EEE,LMN,0,0,0,1,2,0,0,4,4,0,1,0,0,0,0,1,12,3.0,0,-2.80688622754491,0.3310373933687965,0.13790000000000002,5,1,Home
500,6035,6.0,S6,3,CIM,CIM,POR,3,0,0,3,2,0,0,4,3,0,1,2,0,0,0,6,18,3.3333333333333335,5,3.7066357402178296,-0.2960757456813257,-0.2423,6,3,Home
500,6078,6.0,S6,6,CIM,CIM,PBA,1,1,1,3,1,0,0,2,2,0,1,0,0,0,0,6,12,1.6666666666666667,6,3.468243243243243,-0.2970991054306862,-0.3136,2,1,Home
500,6120,6.0,S6,9,CIM,CIM,TTT,0,0,2,3,1,0,0,5,5,1,3,3,0,0,0,5,23,5.666666666666667,1,-1.4628378378378382,0.24159045332992357,0.26080000000000003,10,7,Home
500,6162,6.0,S6,12,CIM,CIM,SUP,2,0,2,0,2,0,1,2,4,0,1,1,0,0,0,4,14,2.6666666666666665,6,2.2347972972972974,-0.16546697435381855,-0.3268,4,1,Home
502,4099,4.0,S4,13,N69,N69,DBV,1,0,4,4,6,0,0,1,10,0,1,3,3,0,0,9,30,6.0,9,3.3862275449101804,-0.2127508279552542,-0.8339,14,5,Home
502,5029,5.0,S5,3,GTY,GTY,SPR,2,0,1,2,4,0,0,3,6,1,2,0,1,0,0,5,21,4.333333333333333,5,2.044254383653433,-0.12040339246838555,0.09330000000000002,7,3,Home
502,5073,5.0,S5,7,GTY,GTY,WSH,1,0,2,2,1,0,0,2,5,0,2,1,0,0,0,5,16,3.3333333333333335,5,2.5019273474438837,-0.18617593787051573,-0.569,6,4,Away
502,6057,6.0,S6,5,BAC,BAC,SGP,1,0,0,2,0,0,0,0,1,0,0,0,0,0,0,3,4,0.3333333333333333,3,4.41732388027769,-0.42515731506322296,-0.22559999999999997,0,0,Home
502,6155,6.0,S6,12,BAC,BAC,JEF,0,0,0,0,0,0,0,2,6,0,0,1,0,0,0,0,9,3.0,0,-1.697635135135135,0.20705742768374213,0.11839999999999998,4,1,Away
502,6169,6.0,S6,13,BAC,BAC,WWC,0,0,0,2,2,0,0,2,7,2,1,1,0,0,0,2,17,4.333333333333333,2,-1.5754865320632607,0.2279927133056468,0.41409999999999997,7,3,Home
502,6183,6.0,S6,14,BAC,BAC,SAR,0,0,0,1,1,0,0,1,4,2,0,1,0,0,1,1,10,3.0,0,-1.8171640052856022,0.22729785118106186,0.38039999999999996,5,4,Away
502,7006,7.0,S7,1,BAC,BAC,RRR,0,0,0,0,0,0,0,1,1,0,0,1,0,0,0,0,3,1.0,0,-0.5485262401150252,0.06741674026208105,0.1543,2,1,Home
502,7010,7.0,S7,2,BAC,BAC,BBC,1,0,0,2,2,0,0,1,2,0,2,1,0,1,0,3,11,2.0,3,1.9029475197699497,-0.14003828697468082,-0.0032999999999999995,4,3,Away
502,7056,7.0,S7,7,BAC,BAC,SSC,0,0,1,0,0,0,0,0,2,1,0,0,0,0,0,1,4,1.0,0,-0.5485262401150252,0.07160477901227391,0.0,2,1,Home
502,7075,7.0,S7,10,BAC,BAC,SSJ,1,0,0,0,1,0,1,0,1,0,0,0,0,0,0,1,3,0.3333333333333333,2,1.6558823529411766,-0.1530241190435391,-0.2767,1,0,Away
502,7097,7.0,S7,13,BAC,BAC,BBC,1,0,1,2,2,0,0,2,4,0,4,2,0,0,0,4,18,4.0,1,-1.1941049604601006,0.1947951935494813,0.18000000000000002,7,6,Home
510,5088,5.0,S5,8,SPR,SPR,WWC,1,1,1,5,4,0,0,3,2,4,3,1,2,1,0,8,25,5.0,6,2.71806913542228,-0.16777961862218496,-0.4891000000000001,10,5,Home
510,5101,5.0,S5,9,SPR,SPR,PPP,0,1,0,0,0,0,0,1,1,1,0,0,0,0,0,1,4,1.0,0,-0.6706443914081146,0.0830686383592796,0.0595,1,0,Away
510,5124,5.0,S5,11,SPR,SPR,RKT,1,1,2,1,0,0,0,7,2,3,2,1,0,0,0,5,20,5.0,3,-0.353221957040573,0.11534319179639807,-0.06770000000000001,6,2,Home
510,6018,6.0,S6,2,RBD,RBD,LMN,0,0,0,1,1,0,0,8,2,3,1,0,1,1,0,1,16,5.0,0,-2.849720410065238,0.3554161011058445,0.40629999999999994,8,1,Away
510,6103,6.0,S6,8,RBD,RBD,MVS,1,0,1,1,1,0,0,5,5,2,4,2,0,0,0,3,22,6.0,1,-1.3952702702702704,0.2306899283320303,-0.02570000000000003,11,7,Away
513,4018,4.0,S4,3,CEL,CEL,PDB,2,1,1,1,2,0,0,4,7,0,4,1,2,0,0,5,23,6.0,3,-2.6137724550898196,0.35787905585306756,-0.005199999999999982,9,3,Home
514,4013,4.0,S4,2,MBX,MBX,FWG,0,0,0,1,0,0,0,1,1,0,1,1,1,0,0,1,5,1.6666666666666667,0,-1.4670510137387849,0.16768375579650577,0.2816,3,2,Home
514,4048,4.0,S4,6,MBX,MBX,LMN,2,2,1,2,0,0,0,0,1,0,2,1,0,0,1,7,11,1.6666666666666667,6,4.36714457682573,-0.3863656870682675,-0.5279,5,4,Home
516,4068,4.0,S4,9,CEL,CEL,PGS,1,1,2,1,0,0,0,1,1,0,4,6,0,0,0,5,17,4.0,4,0.25748502994012035,0.04557892204292078,-0.2411,10,6,Home
516,5002,5.0,S5,1,CHI,CHI,RKT,0,0,1,0,0,0,0,0,1,1,3,1,0,0,0,1,7,2.0,0,-1.3412887828162292,0.1621362269139422,0.141,4,2,Away
516,5026,5.0,S5,3,CHI,CHI,WSH,0,0,2,1,3,0,0,1,0,0,3,0,1,0,0,3,10,1.6666666666666667,3,1.9318792678978791,-0.1531774287436175,0.0235,3,0,Home
516,5038,5.0,S5,4,CHI,CHI,ISO,0,0,1,2,1,0,0,1,1,2,1,2,2,0,0,3,11,3.0,0,-2.011933174224344,0.2452048652732218,0.22970000000000002,4,2,Home
516,5086,5.0,S5,8,CHI,CHI,GBC,2,0,1,2,3,0,0,1,1,0,2,0,1,0,1,5,12,2.0,4,2.658711217183771,-0.21385747425835558,-0.38,3,1,Home
516,5099,5.0,S5,9,CHI,CHI,GTY,0,1,1,1,2,0,0,1,0,1,1,2,0,1,0,3,11,2.0,4,2.6587112171837712,-0.21785852406297268,-0.2718,3,2,Home
516,5122,5.0,S5,11,CHI,CHI,YUM,1,0,1,3,1,0,0,5,2,2,4,5,0,0,0,5,24,6.0,1,-3.0238663484486876,0.3984118301556777,0.41309999999999997,9,5,Away
516,6013,6.0,S6,1,FRG,FRG,MBT,1,0,1,2,4,0,0,2,2,2,4,3,2,0,0,4,21,5.0,4,0.5459062003179651,0.03242851303207023,0.042699999999999974,10,6,Home
516,6036,6.0,S6,3,FRG,FRG,MVS,1,0,1,4,2,0,0,1,1,4,1,5,0,0,0,6,20,4.0,4,0.17060810810810811,0.06581455401191942,-0.013599999999999987,10,8,Home
516,6082,6.0,S6,6,FRG,FRG,LIM,2,0,1,6,2,0,0,4,4,1,3,2,3,0,0,9,25,5.666666666666667,4,0.9167027482794765,0.011923931200465148,0.004100000000000005,6,5,Home
516,6102,6.0,S6,8,FRG,FRG,JEF,1,0,1,5,2,0,0,3,3,0,5,1,1,0,0,7,21,4.333333333333333,3,0.3285028449502134,0.05416884856884543,-0.0402,7,4,Away
516,7019,7.0,S7,3,SSJ,SSJ,KNX,2,0,1,2,0,0,0,3,3,4,1,0,1,0,0,5,16,4.0,2,-0.19410496046010056,0.0864191160490956,0.016900000000000005,5,1,Away
516,7051,7.0,S7,7,SSJ,SSJ,WSW,1,0,1,6,2,0,0,1,5,4,2,2,1,0,0,8,24,5.0,6,3.2573687994248743,-0.22522394993785905,-0.3743,10,4,Home
516,8004,8.1,S8A,1,CDT,CDT,MMM,1,0,0,5,4,0,0,2,4,2,3,4,0,0,0,6,25,5.666666666666667,4,0.10169154228855692,0.09615231326028545,0.36939999999999995,9,4,Home
516,8009,8.1,S8A,2,CDT,CDT,BLO,0,0,2,1,1,0,0,0,2,4,6,2,1,0,0,3,18,5.0,0,-3.3833333333333333,0.414884789925515,0.25880000000000003,10,3,Away
516,8023,8.1,S8A,4,CDT,CDT,MKW,1,1,0,2,0,0,0,5,4,0,6,2,1,0,0,4,21,6.0,2,-2.0599999999999996,0.2953100326908786,0.3652,9,4,Home
516,8032,8.1,S8A,6,CDT,CDT,CCD,0,1,2,3,1,0,0,1,2,0,1,3,0,2,1,6,14,2.6666666666666665,4,1.3563636363636364,-0.06333776574374768,-0.22849999999999995,6,3,Home
516,8044,8.1,S8A,8,CDT,CDT,NXS,0,0,2,6,0,0,0,2,3,2,6,4,1,0,0,8,25,6.0,1,-3.0599999999999996,0.4123214674891411,0.2394,12,4,Home
516,8502,8.2,S8B,1,MOB,MOB,SCU,1,0,2,4,0,0,0,0,1,1,0,2,0,2,0,7,11,1.3333333333333333,6,5.110793435420301,-0.45569522231069404,-0.5580999999999999,3,2,Away
516,8510,8.2,S8B,3,MOB,MOB,SBD,1,0,1,1,2,0,0,2,4,1,6,3,2,0,0,3,21,6.0,1,-2.865671641791045,0.3760338215528012,0.3886,12,4,Home
516,8517,8.2,S8B,5,MOB,MOB,SCU,0,1,3,5,1,0,0,3,3,2,2,3,0,1,2,9,23,5.0,2,-1.2213930348258706,0.23290754594525917,0.11440000000000003,8,5,Home
516,8525,8.2,S8B,7,MOB,MOB,CC,0,0,1,5,2,0,0,2,2,0,1,6,1,1,0,6,19,4.0,2,-0.5771144278606964,0.14291778314197123,0.0689,9,7,Home
516,9004,9.0,S9,1,BIR,BIR,ARR,1,0,0,3,3,0,0,2,2,1,2,3,2,0,0,4,17,4.0,3,0.7007874015748032,-0.00755559816405349,0.05439999999999999,6,3,Away
516,9018,9.0,S9,5,BIR,BIR,GOP,1,0,2,1,2,0,0,2,4,2,4,2,0,0,0,4,20,4.666666666666667,3,0.5287620297462818,0.020680434664697517,0.06390000000000003,8,3,Home
516,9029,9.0,S9,8,BIR,BIR,ARR,1,0,1,2,2,0,0,3,1,0,5,1,2,1,0,4,16,4.0,3,0.08431758530183753,0.05409138346324313,-0.056900000000000006,6,3,Home
516,10004,10.0,S10,1,SSS,SSS,BEE,0,0,1,2,0,0,0,3,3,6,1,1,0,0,0,3,17,4.666666666666667,2,-1.025988962532617,0.16856516324037582,0.20499999999999996,8,3,Away
516,10015,10.0,S10,3,SSS,SSS,ACK,0,0,4,0,3,0,0,2,0,7,1,2,0,0,0,4,19,4.0,2,-0.7546754675467549,0.14919455103439122,-0.03669999999999998,10,5,Away
516,10021,10.0,S10,5,SSS,SSS,GRS,0,1,1,1,2,0,0,1,2,7,2,5,1,0,0,3,22,6.0,0,-4.132013201320133,0.49856943035063145,0.41480000000000006,13,7,Home
516,10034,10.0,S10,7,SSS,SSS,CRN,0,0,0,1,0,0,0,1,0,2,0,0,0,0,0,1,4,1.0,0,-0.6886688668866887,0.08438836127387218,0.0182,2,1,Away
516,10038,10.0,S10,8,SSS,SSS,KIR,1,1,1,4,0,0,0,2,2,6,0,0,0,0,2,7,17,4.0,3,0.24532453245324531,0.049194551034391215,-0.15140000000000006,8,2,Home
516,10049,10.0,S10,10,SSS,SSS,SEO,0,1,1,3,1,0,0,1,4,5,3,2,0,0,0,5,21,5.0,2,-2.048180865990791,0.2863058281713965,0.1011,10,9,Away
516,10056,10.0,S10,12,SSS,SSS,GOB,2,0,1,1,1,0,0,0,0,2,0,1,0,1,0,4,8,1.0,4,3.0818459396960103,-0.2732612761528936,-0.3593,3,2,Home
518,4006,4.0,S4,1,CCS,CCS,LDN,0,0,5,2,2,0,0,4,7,0,0,1,0,0,0,7,21,4.0,3,-0.7425149700598798,0.16236184558102262,-0.087,7,1,Home
518,4037,4.0,S4,5,CCS,CCS,FWG,2,0,0,3,5,0,0,3,3,0,1,2,1,0,0,5,19,3.3333333333333335,3,0.6844513220749516,0.01127375459848855,-0.21669999999999995,7,2,Home
518,4047,4.0,S4,6,CCS,CCS,VFQ,0,0,0,0,0,0,0,2,1,0,0,0,0,0,0,0,3,1.0,0,-0.93562874251497,0.10615006690507336,0.034100000000000005,0,0,Away
518,4077,4.0,S4,10,CCS,CCS,MBX,2,0,3,2,4,0,0,1,8,1,3,3,2,0,0,7,27,6.0,6,0.38622754491018046,0.07466197939116936,-0.2898000000000001,13,6,Away
518,4103,4.0,S4,13,CCS,CCS,VFQ,1,2,0,1,3,0,0,2,6,1,1,1,1,0,0,4,18,4.0,3,-0.7425149700598799,0.1497746529274462,0.09349999999999993,5,2,Home
518,5020,5.0,S5,2,LMN,LMN,TRA,0,0,0,0,0,0,0,1,1,1,0,0,0,0,0,0,3,1.0,0,-0.9590361445783132,0.10790676387168244,0.2213,1,0,Away
518,5025,5.0,S5,3,KRB,KRB,RKT,2,0,0,0,2,0,0,5,1,4,0,5,0,0,0,2,19,5.0,3,-0.35322195704057296,0.11134214199178104,-0.006999999999999961,10,5,Away
518,5077,5.0,S5,7,KRB,KRB,SPR,0,0,0,1,1,0,0,0,0,0,1,1,1,0,0,1,4,1.0,0,-0.6706443914081146,0.08306863835927962,0.011100000000000002,2,1,Away
518,5085,5.0,S5,8,KRB,KRB,YUM,0,0,0,0,0,0,0,0,0,0,1,0,0,0,0,0,1,0.3333333333333333,0,-0.182161753590325,0.02221722516364954,0.0031,1,1,Home
518,5114,5.0,S5,10,KRB,KRB,ISO,0,1,1,3,0,0,0,3,4,2,1,2,0,0,0,5,17,4.0,2,0.3174224343675416,0.03627560324173552,0.089074,7,3,Away
518,5146,5.0,S5,13,KRB,KRB,CHI,1,0,0,1,2,0,0,10,3,1,1,2,1,0,0,2,21,6.0,1,-3.0238663484486876,0.3864086807418266,0.2911000000000001,6,2,Away
518,6064,6.0,S6,5,FRG,FRG,CIM,0,1,0,1,3,0,0,7,5,3,1,1,0,0,0,2,22,5.666666666666667,2,-1.8035271510042152,0.27151561640542476,0.21150000000000002,8,4,Home
518,7013,7.0,S7,2,TRI,TRI,SSC,3,0,2,1,1,0,0,8,2,1,3,1,0,0,0,6,22,5.0,3,0.2573687994248743,0.0663999725617552,-0.062099999999999995,8,3,Away
520,5068,5.0,S5,6,JUP,JUP,PHB,2,1,1,3,0,0,0,1,9,0,3,4,1,0,0,7,24,6.0,4,-0.023866348448687624,0.09841183015567771,-0.10750000000000001,12,9,Away
522,4013,4.0,S4,2,FWG,FWG,MBX,0,0,2,3,5,0,0,6,5,1,0,3,0,0,0,5,25,5.0,2,-2.6781437125748497,0.37270764337062146,0.044700000000000004,8,5,Away
522,4032,4.0,S4,4,FWG,FWG,VFQ,0,1,3,2,1,0,0,3,5,0,3,3,0,0,1,6,21,5.0,3,-1.6781437125748497,0.2601204507170451,-0.1835,10,5,Away
522,4080,4.0,S4,10,FWG,FWG,DCL,1,2,4,1,1,0,0,5,1,1,1,4,0,0,0,8,21,4.0,5,1.2574850299401201,-0.037638154418977374,-0.006099999999999999,6,4,Away
522,4088,4.0,S4,11,FWG,FWG,VFQ,1,2,5,4,5,0,0,1,8,0,4,2,1,0,2,12,32,6.0,10,4.38622754491018,-0.2959679044171524,-0.36610000000000004,6,4,Home
522,5134,5.0,S5,12,CHI,CHI,RKT,0,0,2,3,1,0,0,6,2,1,5,4,0,0,0,5,24,6.0,2,-2.0238663484486876,0.2984118301556777,0.2141999999999999,10,4,Home
522,6023,6.0,S6,2,HEL,HEL,TAK,0,0,0,1,0,0,0,0,0,0,2,1,2,0,0,1,4,1.6666666666666667,0,-2.3074514120862437,0.24732021417317043,0.5310000000000001,3,1,Home
522,6054,6.0,S6,4,HEL,HEL,SLT,1,0,0,1,2,0,0,4,3,1,1,2,0,0,0,2,15,3.6666666666666665,1,-1.4392081688430005,0.20607734050134774,0.4139999999999999,4,2,Home
522,6081,6.0,S6,6,HEL,HEL,BBB,2,1,0,6,3,0,0,6,1,3,1,2,1,2,0,9,25,4.666666666666667,5,2.770608108108108,-0.16517906830012496,-0.37179999999999996,5,2,Home
522,7009,7.0,S7,2,STK,STK,SCG,0,1,0,2,3,0,0,2,0,1,3,1,1,1,0,3,13,2.6666666666666665,3,0.5541103104676242,0.003221511455937423,-0.12530000000000005,4,1,Away
524,4028,4.0,S4,4,DDD,DDD,DBV,0,1,1,2,4,0,1,1,8,4,1,3,1,0,0,4,25,6.0,3,-2.61377245508982,0.3662705176221185,0.27810000000000007,15,4,Away
525,6063,6.0,S6,5,LID,LID,LMN,2,0,2,2,1,0,0,6,3,2,2,5,0,0,0,6,25,6.0,3,-0.39527027027027045,0.14312123305543983,0.0781,12,7,Home
525,6074,6.0,S6,6,LID,LID,JEF,0,2,1,5,5,3,0,4,3,2,5,2,2,0,0,8,29,6.0,1,-2.39527027027027,0.35969630601998587,0.268,11,4,Away
525,6086,6.0,S6,7,LID,LID,SGP,2,0,1,2,0,0,0,4,4,0,5,1,1,0,0,5,19,5.0,3,0.17060810810810811,0.061670785770782915,-0.12020000000000008,7,6,Home
525,6111,6.0,S6,8,LID,LID,PBA,0,1,0,1,1,1,0,0,1,0,0,1,1,0,0,2,5,1.0,1,0.4341216216216217,-0.022693320956479607,-0.06579999999999998,2,1,Away
525,6119,6.0,S6,9,LID,LID,WWC,2,0,0,3,2,1,0,5,0,3,2,0,1,0,0,5,17,3.6666666666666665,5,2.895383400472041,-0.21909427994788339,-0.4652,4,0,Away
525,6131,6.0,S6,10,LID,LID,SAS,1,0,1,2,1,0,0,6,4,2,3,3,0,0,0,4,23,6.0,2,-1.5754508719639961,0.2528517567425394,0.029799999999999983,10,5,Home
525,6146,6.0,S6,11,LID,LID,SAR,0,0,0,1,1,0,0,2,0,0,1,2,1,0,0,1,7,2.0,0,-1.1317567567567568,0.14218205336363127,0.1357,3,3,Away
527,4002,4.0,S4,1,PGS,PGS,N69,0,0,2,2,4,0,0,3,2,1,0,1,1,0,0,4,15,2.6666666666666665,3,0.5973202437462453,0.0032039388932573742,0.09469999999999998,5,2,Away
527,4019,4.0,S4,3,PGS,PGS,DBV,0,2,3,2,0,0,0,6,3,0,0,2,0,0,0,7,18,3.6666666666666665,4,-0.1869594145043243,0.09421909737189069,-0.07250000000000001,5,2,Home
527,4072,4.0,S4,9,EEE,EEE,LDN,3,1,0,3,1,0,0,4,0,1,2,2,0,0,0,7,17,3.0,6,3.1931137724550904,-0.24798395220857627,-0.30500000000000005,5,4,Home
529,4088,4.0,S4,11,VFQ,VFQ,FWG,0,0,2,1,2,0,0,6,1,1,8,1,1,0,0,3,22,6.0,1,-4.613772455089819,0.553683324968542,0.13460000000000003,10,1,Away
529,4110,4.0,S4,14,VFQ,VFQ,MBX,0,0,0,2,1,0,0,0,1,1,3,0,1,0,0,2,8,2.0,0,-1.87125748502994,0.22069159557919765,0.1407,4,0,Home
529,5027,5.0,S5,3,PPP,PPP,TSA,1,0,1,3,1,0,0,0,1,0,0,1,0,0,0,5,8,0.6666666666666666,6,5.51151736218221,-0.5191433377812847,-0.5411999999999999,1,1,Away
529,5052,5.0,S5,5,PPP,PPP,WSH,1,0,0,1,0,0,0,0,1,0,1,0,1,0,0,2,4,1.0,1,0.3293556085918854,-0.01693136164072037,-0.07340000000000002,1,0,Home
529,5074,5.0,S5,7,PPP,PPP,RKT,2,0,1,0,1,0,0,1,0,0,3,2,0,0,0,3,10,2.0,3,1.6587112171837708,-0.1258606236722067,-0.1829,5,2,Away
529,5111,5.0,S5,10,PPP,PPP,GBC,0,1,1,0,0,0,0,1,1,0,1,4,0,0,0,2,9,2.3333333333333335,0,-0.4740321456480876,0.08341266280636211,0.001314,5,4,Home
529,5126,5.0,S5,11,PPP,PPP,ISO,0,1,2,2,2,0,0,1,0,1,3,1,0,1,0,5,13,2.0,3,1.5412583151373582,-0.09811113424909729,-0.1489,5,1,Away
529,5135,5.0,S5,12,PPP,PPP,WWC,1,0,2,2,0,0,0,1,0,0,0,1,0,0,0,5,7,0.6666666666666666,4,3.7293556085918853,-0.34492821222686926,-0.1411,1,1,Away
529,6010,6.0,S6,1,TTT,TTT,TAK,1,0,1,1,0,0,0,3,3,0,0,0,0,0,0,3,9,2.0,2,0.6455995463223223,-0.027266040462003614,-0.3094,0,0,Away
529,6096,6.0,S6,7,TTT,TTT,POR,1,1,1,3,3,0,0,3,3,1,1,4,2,0,0,6,21,4.666666666666667,2,-0.5174188733421449,0.13876102039808125,-0.05410000000000001,8,6,Home
529,6179,6.0,S6,13,TTT,TTT,LIM,2,0,0,0,2,1,0,0,0,0,1,1,0,0,0,2,6,0.6666666666666666,3,2.7460946401713686,-0.24974685457031778,-0.2862,2,2,Home
529,7022,7.0,S7,3,BBB,BBB,PBA,1,0,0,4,4,0,0,3,3,1,3,2,0,0,0,5,21,4.0,3,0.8058950395398996,0.007359309800059815,-0.2642,9,4,Away
529,7034,7.0,S7,5,BBB,BBB,FAP,0,0,1,2,0,0,0,2,3,0,1,0,0,0,0,3,9,2.0,2,0.9029475197699498,-0.052602403225259345,-0.12690000000000007,2,1,Home
529,7074,7.0,S7,10,BBB,BBB,BBC,2,0,0,3,2,0,0,6,7,0,2,3,0,0,0,5,25,6.0,3,-0.29115744069015087,0.13381671282383625,0.08849999999999994,11,4,Home
529,7087,7.0,S7,11,BBB,BBB,BAC,0,1,1,1,3,0,0,5,5,3,2,2,1,1,0,3,23,6.0,0,-3.291157440690151,0.4296286740736434,0.23309999999999997,9,4,Away
529,7100,7.0,S7,13,BBB,BBB,SSJ,0,0,1,3,3,1,0,6,6,1,1,3,1,0,0,4,24,6.0,1,-2.291157440690151,0.3296286740736434,0.3383999999999999,10,4,Away
529,8022,8.1,S8A,4,BAG,BAG,LAC,0,0,0,1,2,0,0,1,0,1,2,1,0,1,1,1,8,2.0,0,-1.3533333333333333,0.17786192032898981,0.16679999999999998,5,3,Home
529,8031,8.1,S8A,6,BAG,BAG,GND,0,1,2,1,2,0,0,2,4,0,0,0,0,0,0,4,12,2.0,3,1.6466666666666667,-0.11363236227187891,-0.2122,3,1,Away
529,9043,9.0,S9,11,AND,AND,KGB,1,0,0,1,0,0,0,0,1,0,3,1,1,0,0,2,7,2.0,1,-0.14960629921259838,0.04070545309502385,-0.005400000000000002,5,3,Home
533,4058,4.0,S4,8,PGS,PGS,N69,0,2,0,0,0,0,0,2,0,1,1,2,0,0,0,2,8,2.0,1,-0.8712574850299399,0.12069159557919765,-0.008569,3,3,Home
533,4068,4.0,S4,9,PGS,PGS,CEL,0,1,1,1,1,0,0,7,2,1,0,0,0,0,1,3,14,3.6666666666666665,2,-1.2382656782751773,0.18676253109539961,0.0288,3,1,Away
533,4081,4.0,S4,11,PGS,PGS,PDB,0,1,4,2,0,0,0,2,6,0,2,2,1,0,0,7,19,4.333333333333333,3,-1.5745167695696685,0.23717056376295056,0.030400000000000024,5,3,Home
533,4107,4.0,S4,14,PGS,PGS,DDD,2,0,0,0,1,0,0,2,3,1,0,3,0,0,0,2,12,3.0,2,-0.8068862275449098,0.1310373933687965,-0.06609999999999999,5,4,Away
535,4012,4.0,S4,2,PGS,PGS,CEL,0,0,1,2,0,0,0,2,0,0,1,1,1,0,0,3,7,1.6666666666666667,1,-0.11855557178326248,0.04122567337000444,0.08950000000000001,2,2,Home
535,4051,4.0,S4,7,PGS,PGS,DDD,0,2,1,1,2,0,0,1,4,1,3,2,1,0,0,4,17,4.0,3,-0.7425149700598799,0.1455789220429208,0.09630000000000002,7,6,Home
540,6056,6.0,S6,4,BBB,BBB,PHB,1,0,4,1,0,0,0,4,3,0,3,8,0,1,0,6,24,6.0,3,-0.3952702702702704,0.14312123305543986,0.1013,11,8,Home
540,6094,6.0,S6,7,BBB,BBB,TAK,1,0,1,3,1,0,0,4,1,2,1,2,0,0,0,5,16,3.3333333333333335,5,3.1434679508793097,-0.2480465032297468,-0.5994999999999999,4,2,Home
540,6125,6.0,S6,9,BBB,BBB,SUP,0,0,0,0,1,0,0,0,0,0,1,2,2,0,0,0,4,1.6666666666666667,0,-1.1332033334950748,0.12989540631405355,0.2577,3,2,Away
541,4084,4.0,S4,11,DDD,DDD,DBV,1,3,1,0,1,0,0,1,3,0,5,3,0,1,0,5,18,4.0,3,-0.7425149700598799,0.1539703838119717,0.0064000000000000185,8,3,Home
541,5073,5.0,S5,7,GTY,GTY,WSH,2,0,0,0,0,0,0,0,2,0,0,0,0,0,0,2,4,0.6666666666666666,2,1.5115173621822104,-0.13514753699975288,-0.16159999999999997,0,0,Away
547,4096,4.0,S4,12,VFQ,VFQ,LMN,1,0,3,1,0,0,0,6,6,2,2,1,0,1,0,5,23,6.0,3,-2.2095659837986643,0.32165413960847744,-0.052800000000000014,8,4,Home
547,5012,5.0,S5,1,PHB,PHB,LMN,2,0,0,3,2,0,1,3,3,0,1,2,0,1,1,5,16,3.3333333333333335,3,0.8059050721853309,-0.00857161073542639,-0.0471,7,3,Home
547,5068,5.0,S5,6,PHB,PHB,JUP,1,3,2,2,1,0,0,2,3,2,2,4,1,0,0,8,22,4.666666666666667,6,2.332926310336534,-0.14526953533207854,-0.3077,10,8,Home
547,5164,5.0,S5,14,PHB,PHB,TRA,0,0,0,0,0,0,0,0,1,0,0,0,0,0,0,0,1,0.3333333333333333,0,-0.182161753590325,0.02221722516364954,0.0418,1,0,Away
549,4045,4.0,S4,6,DCL,DCL,LDN,3,1,3,3,1,0,0,3,2,0,0,2,0,0,0,10,18,2.3333333333333335,10,7.724536043678905,-0.6969304484464323,-0.4863,4,2,Home
552,4016,4.0,S4,2,EEE,EEE,LDN,1,0,0,2,0,0,0,0,1,1,1,0,0,0,0,3,6,1.0,3,2.06437125748503,-0.1812627404413502,-0.26780000000000004,2,2,Away
553,4010,4.0,S4,2,DBV,DBV,PGA,1,0,2,4,2,0,0,2,0,0,2,2,1,0,0,7,15,2.3333333333333335,5,2.724536043678905,-0.2095176411000086,-0.27480000000000004,4,2,Home
553,4084,4.0,S4,11,DBV,DBV,DDD,0,2,1,3,2,0,0,1,3,0,2,0,1,0,0,6,14,2.3333333333333335,5,2.376040601723383,-0.17886382778898183,-0.36510000000000004,2,1,Away
553,5011,5.0,S5,1,KTY,KTY,MVM,0,0,0,0,0,0,0,0,1,0,0,0,0,0,0,0,1,0.3333333333333333,0,-0.6604938271604939,0.07005043252066642,0.23379999999999998,0,0,Away
553,6071,6.0,S6,6,BAC,BAC,SAS,0,0,0,2,1,0,0,1,0,0,0,0,0,0,0,2,4,0.3333333333333333,3,1.962283178701089,-0.17965324490556284,-0.3666,0,0,Away
553,6099,6.0,S6,8,BAC,BAC,POR,1,1,0,2,2,0,0,6,4,1,1,4,2,0,0,4,22,6.0,2,-1.3952702702702704,0.2306899283320303,0.23600000000000002,8,6,Home
553,6113,6.0,S6,9,BAC,BAC,PUK,1,0,0,0,0,0,0,5,3,0,2,0,0,0,0,1,11,3.3333333333333335,1,-1.467309649721009,0.19231241562460252,0.0762,4,1,Away
553,6141,6.0,S6,11,BAC,BAC,CWJ,1,0,1,2,0,0,0,5,6,4,1,1,0,0,0,4,21,5.666666666666667,1,-2.0977705797509048,0.2967961910389572,0.38090000000000007,7,3,Home
553,6155,6.0,S6,12,BAC,BAC,JEF,2,0,2,1,0,0,0,4,1,0,0,4,0,0,0,5,14,3.0,4,2.302364864864865,-0.17222373111057532,-0.2995,5,4,Away
553,7010,7.0,S7,2,BAC,BAC,BBC,2,0,0,3,1,0,0,1,1,0,0,1,0,0,0,5,9,1.0,3,2.451473759884975,-0.20745502723676187,-0.15559999999999996,1,1,Away
553,7025,7.0,S7,4,BAC,BAC,STK,1,0,1,1,1,0,0,2,1,1,1,0,0,0,1,3,9,2.0,2,1.6799381793606303,-0.12611343043413456,-0.1131,3,2,Away
553,7056,7.0,S7,7,BAC,BAC,SSC,1,0,3,0,1,1,0,0,3,2,3,2,0,0,0,4,15,3.3333333333333335,4,1.6645906917138125,-0.10363848791848854,-0.19060000000000002,8,5,Home
560,5009,5.0,S5,1,TAC,TAC,JUP,0,2,1,4,4,0,0,4,3,4,3,3,1,0,0,7,28,6.0,4,-0.023866348448687846,0.1144160293741459,-0.009499999999999953,13,7,Away
560,5084,5.0,S5,7,TAC,TAC,MVM,1,0,4,3,1,0,0,3,4,4,2,2,0,0,0,8,24,5.0,7,3.646778042959427,-0.26865260898513377,-0.6244999999999998,11,6,Away
562,4050,4.0,S4,7,DBV,DBV,HON,0,0,0,0,0,0,0,1,0,0,0,0,0,0,0,0,1,0.3333333333333333,0,-0.6236457842675458,0.06656030931128004,0.048,0,0,Away
562,4057,4.0,S4,8,DBV,DBV,CEL,0,0,0,0,0,0,0,1,0,0,1,0,0,0,0,0,2,0.6666666666666666,0,-0.4269662921348314,0.051088090982534064,0.0001,1,0,Home
562,4084,4.0,S4,11,DBV,DBV,DDD,0,0,0,0,0,0,0,0,1,0,0,0,0,0,0,0,1,0.3333333333333333,0,-0.5638792102206736,0.06058365190659282,0.012,0,0,Away
562,5030,5.0,S5,3,GBC,GBC,ISO,1,0,1,1,1,0,0,6,3,1,3,4,1,0,0,3,21,6.0,1,-3.0238663484486876,0.38640868074182655,0.30949999999999994,10,6,Away
562,5111,5.0,S5,10,GBC,GBC,PPP,1,0,2,2,1,0,0,2,0,1,1,0,0,0,0,5,10,1.3333333333333333,6,4.123499949578137,-0.3723394969116433,-0.4664370000000001,2,0,Away
563,7089,7.0,S7,12,CPR,CPR,WSW,0,0,0,0,4,0,0,4,4,0,5,2,0,0,0,0,19,5.0,0,-2.7426312005751257,0.35383585631117664,0.4284,10,3,Away
567,6007,6.0,S6,1,SAR,SAR,LMN,1,0,2,5,2,0,0,3,1,0,4,8,1,3,1,8,26,6.0,4,0.6047297297297294,0.0638400742611224,0.19590000000000005,13,8,Away
567,6044,6.0,S6,4,SAR,SAR,CBC,0,1,3,2,1,0,0,2,0,0,2,0,0,0,0,6,11,1.3333333333333333,7,5.236664295874823,-0.4780849789349806,-0.6258,2,1,Home
567,7059,7.0,S7,8,RRR,RRR,BBB,0,0,1,3,1,0,0,4,7,3,2,1,1,0,0,4,22,6.0,1,-2.291157440690151,0.3212525965732577,0.17519999999999994,11,3,Away
567,8508,8.2,S8B,2,QQ,QQ,TXR,2,0,1,0,1,0,0,3,1,0,1,0,0,0,0,3,9,1.6666666666666667,4,2.877465952092818,-0.24940374204912602,-0.3811,2,1,Home
567,8519,8.2,S8B,5,QQ,QQ,NUT,2,0,0,0,1,0,0,3,0,1,1,0,0,0,0,2,8,1.6666666666666667,2,0.9563707436841766,-0.061554538226057,-0.18369999999999997,1,1,Home
567,9033,9.0,S9,9,POS,POS,GOP,0,0,1,0,1,0,0,7,0,0,1,1,0,0,0,1,11,3.0,0,-1.7244094488188977,0.21289709558351888,0.16219999999999998,1,1,Home
567,11054,11.0,S11,9,PRP,PRP,HOT,1,1,0,4,1,0,0,2,1,2,2,0,0,0,2,6,14,3.0,4,1.7464303867658608,-0.11028043324922004,-0.5277999999999999,6,4,Away
570,5074,5.0,S5,7,PPP,PPP,RKT,1,1,0,3,2,0,0,4,6,0,1,1,0,0,0,5,19,4.0,2,-0.6825775656324584,0.14427770285096958,0.3609000000000001,6,1,Away
582,4030,4.0,S4,4,CCS,CCS,DCL,2,0,5,6,2,0,0,0,3,1,4,2,2,0,0,13,25,4.0,9,5.25748502994012,-0.4208552308808755,-0.6710999999999999,9,2,Away
582,4047,4.0,S4,6,CCS,CCS,VFQ,0,0,1,0,1,0,0,1,1,0,0,1,0,0,0,1,5,1.0,1,0.06437125748503003,0.014541528674124282,-0.0592,1,1,Away
582,4093,4.0,S4,12,CCS,CCS,FWG,0,0,1,1,4,0,0,1,1,0,2,1,1,0,0,2,11,2.0,0,-1.87125748502994,0.23327878823277404,0.13330000000000003,3,1,Away
582,6036,6.0,S6,3,FRG,FRG,MVS,0,0,0,1,2,0,0,1,0,1,2,1,1,0,0,1,8,2.0,0,0.4341216216216215,-0.010262016233070062,-0.02839999999999998,4,0,Home
582,6064,6.0,S6,5,FRG,FRG,CIM,0,0,0,1,0,0,0,0,0,0,1,0,0,0,0,1,2,0.3333333333333333,0,0.40825688073394495,-0.03253815159112146,0.10960000000000002,1,0,Home
582,6095,6.0,S6,7,FRG,FRG,PBA,0,0,0,2,3,0,0,1,1,1,1,2,1,0,0,2,11,2.3333333333333335,0,0.2682432432432432,0.018757126328177345,0.22999999999999998,4,2,Away
583,4012,4.0,S4,2,CEL,CEL,PGS,1,1,1,1,1,0,0,3,1,2,3,2,1,0,0,4,16,4.0,3,-0.7425149700598797,0.14138319115839532,0.004099999999999997,9,5,Away
583,4027,4.0,S4,4,CEL,CEL,HON,0,1,1,5,5,0,0,5,6,0,1,2,1,0,0,7,26,5.0,3,-1.67814371257485,0.27690337425514694,0.028200000000000006,8,3,Away
583,4052,4.0,S4,7,CEL,CEL,N69,0,0,0,1,1,0,0,2,2,0,1,1,0,0,0,1,8,2.0,0,-1.87125748502994,0.22069159557919765,0.09539999999999998,3,2,Home
583,4057,4.0,S4,8,CEL,CEL,DBV,0,1,5,3,2,0,0,6,4,0,3,2,0,1,0,9,26,5.0,6,1.3218562874251505,-0.018900894860327574,0.17446099999999998,10,5,Away
583,4083,4.0,S4,11,CEL,CEL,HON,1,1,1,5,2,0,0,0,4,2,1,1,0,0,0,8,19,3.0,6,3.766105152332697,-0.29689162842728595,0.07320000000000002,8,3,Home
583,6006,6.0,S6,1,MPD,MPD,PUK,0,0,0,0,1,0,0,1,0,1,1,0,1,0,0,0,4,1.3333333333333333,0,-0.9290497338770995,0.10948004635225601,0.0047,2,0,Away
583,6021,6.0,S6,2,MPD,MPD,LID,0,0,1,1,1,0,0,4,4,0,0,1,0,0,0,2,12,3.0,2,-0.0729332273449923,0.05701854162813737,-0.08170000000000001,5,1,Home
583,6046,6.0,S6,4,MPD,MPD,JEF,0,0,0,0,0,0,0,0,1,0,1,0,0,0,0,0,2,0.6666666666666666,0,-0.3669923995656894,0.04498677643884196,0.0236,1,1,Away
583,6061,6.0,S6,5,MPD,MPD,WWC,1,0,0,1,0,0,0,1,0,0,1,1,1,0,0,2,5,1.3333333333333333,1,1.1221486030718746,-0.09149601910150489,-0.34090000000000004,2,1,Home
583,6112,6.0,S6,8,MPD,MPD,SUP,0,0,0,2,0,0,0,4,1,0,0,0,0,0,0,2,7,1.6666666666666667,0,-0.42032573289902264,0.07103895097785784,-0.038799999999999994,0,0,Home
583,6147,6.0,S6,11,MPD,MPD,LMN,0,0,0,0,0,0,0,1,0,0,0,0,0,0,0,0,1,0.3333333333333333,0,-0.3631713554987212,0.04046090379100863,0.1381,0,0,Home
583,7018,7.0,S7,3,BBC,BBC,RRR,0,1,1,1,1,0,0,1,2,3,0,1,0,0,0,3,11,2.3333333333333335,1,-0.8588847465859928,0.13195690091072057,0.22679999999999997,4,3,Home
583,8523,8.2,S8B,6,TXR,TXR,QQ,0,0,0,0,0,0,0,0,0,1,0,0,0,0,0,0,1,0.3333333333333333,0,-0.5512820512820513,0.05938852214600021,0.0001,1,0,Home
583,11026,11.0,S11,5,DOG,DOG,LAX,0,1,0,0,0,0,0,0,0,0,0,0,0,0,0,1,1,0.0,0,0.546901714338524,-0.050667508594642016,-0.0973,0,0,Home
583,11047,11.0,S11,8,DOG,DOG,HOT,0,2,1,2,2,0,0,4,6,3,4,3,1,0,0,5,27,7.0,1,-3.201099764336214,0.42872187309230153,0.5633,13,10,Home
583,11069,11.0,S11,12,DOG,DOG,LOB,0,1,1,3,1,0,0,4,6,2,1,1,0,0,0,5,20,4.666666666666667,2,-0.6198331650020575,0.14243657328441328,0.18899999999999995,9,3,Home
583,11079,11.0,S11,14,DOG,DOG,OKT,0,0,0,2,1,0,0,3,5,0,1,2,1,0,0,2,14,4.0,0,-2.400628436763551,0.29638012342530035,0.2658,5,3,Away
596,5027,5.0,S5,3,PPP,PPP,TSA,0,0,1,2,1,0,0,2,1,0,0,0,0,0,0,3,7,1.0,2,1.3293556085918854,-0.1049282122268693,-0.046900000000000004,1,0,Away
597,4058,4.0,S4,8,N69,N69,PGS,0,0,0,0,0,0,0,4,0,0,1,1,0,0,0,0,6,2.0,0,-1.87125748502994,0.21230013381014673,4.2000000000000004e-05,3,2,Away
600,4048,4.0,S4,6,MBX,MBX,LMN,3,0,2,1,3,0,0,2,6,0,2,3,0,0,0,6,22,4.333333333333333,6,2.01908296808445,-0.10960221734888492,-0.31339999999999996,11,5,Home
600,4069,4.0,S4,9,MBX,MBX,FWG,1,0,2,3,3,0,0,5,3,1,4,4,1,0,0,6,26,6.0,3,-2.61377245508982,0.3704662485066439,0.21980000000000002,12,8,Away
600,4077,4.0,S4,10,MBX,MBX,CCS,0,0,1,3,0,0,0,0,0,0,0,0,0,0,0,4,4,0.0,2,2.1740233384069003,-0.20061941030258817,-0.0726,0,0,Home
600,5015,5.0,S5,2,WWC,WWC,TSA,1,1,1,1,2,0,0,4,4,2,4,2,0,1,0,4,22,5.333333333333333,3,-0.6935911190908897,0.16138325741528087,0.07840000000000005,11,6,Home
600,5028,5.0,S5,3,WWC,WWC,YUM,0,0,0,0,1,0,0,0,4,0,0,1,1,0,0,0,6,2.0,0,-1.3412887828162292,0.15813517710932518,0.03699999999999999,3,1,Away
600,5065,5.0,S5,6,WWC,WWC,GBC,0,1,1,2,1,0,0,4,4,1,1,3,0,0,0,4,18,4.333333333333333,2,-1.3687258330095653,0.20889147978406325,0.19090000000000001,6,3,Away
600,5110,5.0,S5,10,WWC,WWC,RKT,1,0,0,2,0,0,0,2,0,0,1,0,1,0,0,3,6,1.3333333333333333,1,0.33262426066203166,-0.009256127238500916,-0.011810999999999995,1,1,Away
600,5147,5.0,S5,13,WWC,WWC,TSA,0,0,0,0,0,0,0,1,2,0,0,0,0,0,0,0,3,1.0,0,-0.6706443914081146,0.07906758855466257,0.07550000000000001,2,0,Away
602,5045,5.0,S5,4,TAI,TAI,NUL,1,0,0,0,2,0,0,1,2,0,1,1,1,0,0,1,8,2.0,2,0.6587112171837706,-0.03386272328144074,-0.10999999999999999,3,2,Away
602,5115,5.0,S5,10,TAI,TAI,SAR,1,0,1,2,0,0,0,2,6,1,2,0,0,0,0,4,15,3.6666666666666665,1,0.5325112702201007,0.006764620047245526,0.000391,9,3,Home
602,5163,5.0,S5,14,TAI,TAI,LMN,1,0,0,1,0,0,0,0,2,0,0,0,0,0,0,2,4,0.6666666666666666,2,2.535211267605634,-0.23751692754209525,-0.1311,2,0,Home
604,4006,4.0,S4,1,LDN,LDN,CCS,1,0,0,0,0,0,0,0,0,0,0,0,0,0,0,1,1,0.0,1,1.0,-0.09580426911547454,-0.023700000000000002,0,0,Away
604,4016,4.0,S4,2,LDN,LDN,EEE,1,1,2,0,0,0,0,2,3,0,1,0,0,0,0,4,10,2.0,3,1.1287425149700598,-0.07091694265175141,-0.2282,3,3,Home
604,4023,4.0,S4,3,LDN,LDN,VFQ,4,1,1,1,6,2,2,4,5,0,0,2,0,0,0,7,24,3.6666666666666665,10,7.0610564585115485,-0.6054081046225439,-0.40930000000000005,7,2,Home
604,4029,4.0,S4,4,LDN,LDN,LMN,2,0,1,2,3,0,0,5,3,1,5,2,0,0,1,5,24,5.666666666666667,3,-2.3753703932341494,0.34243031143655145,-0.21409999999999998,12,8,Away
604,4038,4.0,S4,5,LDN,LDN,MBX,0,1,1,3,4,0,2,5,8,0,4,0,0,0,1,5,26,6.0,1,-4.61377245508982,0.5746619793911694,0.4067,14,8,Home
604,4061,4.0,S4,8,LDN,LDN,CCS,3,1,1,2,0,0,0,5,8,0,5,0,0,0,0,7,25,6.0,3,-2.61377245508982,0.36627051762211843,-0.0019109999999999997,14,6,Home
604,4072,4.0,S4,9,LDN,LDN,EEE,0,0,4,6,2,0,0,8,2,1,1,5,1,0,0,10,29,6.0,3,-2.61377245508982,0.38305344116022033,0.1763,12,8,Away
604,5021,5.0,S5,2,NUL,NUL,TAC,0,0,1,0,2,0,0,0,1,1,0,1,0,0,0,1,6,1.0,0,0.28,-0.003993701172297762,-0.10309999999999997,3,2,Home
605,5063,5.0,S5,6,PPP,PPP,CHI,2,0,1,2,3,0,0,3,3,4,2,2,0,0,0,5,22,4.666666666666667,4,1.2145746531289183,-0.03343436961131698,-0.1709,7,4,Home
606,4015,4.0,S4,2,CCS,CCS,LMN,0,0,0,2,0,0,0,0,0,0,1,0,0,1,2,2,3,1.0,0,-0.7704918032786885,0.10222356563502161,0.0017000000000000001,2,1,Away
606,4037,4.0,S4,5,CCS,CCS,FWG,0,0,0,1,0,0,0,1,0,0,3,3,1,0,0,1,8,2.6666666666666665,0,-3.2982237771647713,0.3633882247926808,0.1296,6,5,Home
606,4112,4.0,S4,14,CCS,CCS,EEE,4,0,3,2,3,0,0,4,2,0,6,4,2,0,0,9,28,6.0,8,2.38622754491018,-0.12114228972430516,-0.43519999999999986,9,6,Home
606,5085,5.0,S5,8,KRB,KRB,YUM,2,0,0,0,0,0,0,1,0,0,1,1,0,0,0,2,5,1.0,2,0.378773999350352,-0.017872150911949995,-0.028300000000000006,2,1,Home
606,6013,6.0,S6,1,FRG,FRG,MBT,0,0,0,0,1,0,0,0,1,0,1,0,0,0,0,0,3,0.6666666666666666,0,-0.5673249551166966,0.06916380023507919,0.1762,1,0,Home
606,6043,6.0,S6,4,LMN,LMN,BAC,0,0,3,2,1,0,0,0,0,1,3,1,1,0,0,5,11,2.0,3,1.3556981981981981,-0.08998836916731819,-0.1687,4,2,Home
606,6082,6.0,S6,6,FRG,FRG,LIM,0,0,0,0,0,0,0,1,0,0,0,0,0,0,0,0,1,0.3333333333333333,0,-0.311973018549747,0.03534107009611122,0.016399999999999998,0,0,Home
606,6138,6.0,S6,10,FRG,FRG,TTT,0,0,0,1,0,0,0,0,0,2,0,0,0,0,0,1,3,0.6666666666666666,0,-0.7415730337078652,0.08658860809419607,-0.004100000000000003,2,0,Away
606,7082,7.0,S7,11,TRI,TRI,WSW,0,0,4,2,1,1,0,1,0,0,1,1,1,0,0,6,10,1.3333333333333333,6,3.976118251477267,-0.3557314376457982,-0.35200000000000004,2,1,Home
606,7102,7.0,S7,13,TRI,TRI,SSC,0,1,4,2,3,1,0,0,0,3,2,0,1,0,0,7,15,2.0,7,5.518600384132537,-0.4890394571603609,-0.4262999999999999,5,1,Home
606,8016,8.1,S8A,3,MMM,MMM,CCD,0,1,0,3,1,0,0,4,1,0,3,6,0,3,0,4,19,4.666666666666667,2,-1.2710893316168494,0.2206718245521292,-0.2179,9,7,Away
606,8024,8.1,S8A,4,MMM,MMM,SCU,1,0,0,4,1,0,0,1,1,1,0,0,0,0,0,5,9,1.0,5,4.323333333333333,-0.3940576050372425,-0.11629999999999999,1,0,Home
606,9012,9.0,S9,3,KGB,KGB,NNL,2,0,0,1,0,0,0,0,1,1,3,1,0,0,0,3,9,2.0,2,0.8503937007874016,-0.051938883141043585,-0.13319999999999999,6,2,Away
606,9055,9.0,S9,14,KGB,KGB,POS,0,0,0,0,0,0,0,0,0,1,0,0,0,0,0,0,1,0.3333333333333333,0,-0.3666666666666666,0.040344498548632944,0.0019,1,0,Home
606,10020,10.0,S10,4,SSS,SSS,ZAH,2,0,0,3,1,0,0,1,1,1,3,4,0,3,0,5,16,3.3333333333333335,3,0.6419008519967543,0.009536919080040313,-0.2996,8,6,Away
606,11046,11.0,S11,8,ARA,ARA,PRP,0,0,3,4,0,0,0,1,2,1,4,5,1,0,0,7,21,5.333333333333333,1,-1.8615311599895263,0.27062903562237056,0.082,11,7,Home
606,11065,11.0,S11,11,ARA,ARA,LOB,1,1,0,3,4,0,0,1,0,3,6,3,2,0,0,5,22,5.0,4,0.9992144540455614,-0.011422862941927875,-0.40650000000000003,11,7,Away
606,11094,11.0,S11,16,ARA,ARA,DOG,1,0,1,0,0,0,0,1,3,0,3,0,0,0,0,2,9,2.3333333333333335,1,-0.3621346987863266,0.07241743543152604,-0.0358,5,1,Away
610,4009,4.0,S4,2,DDD,DDD,HON,1,0,0,2,0,0,0,2,2,0,2,1,2,0,0,3,10,3.0,1,-1.8068862275449098,0.2226459315997456,0.14719999999999997,6,3,Away
610,4042,4.0,S4,6,DDD,DDD,CEL,1,1,2,4,2,0,0,1,6,1,1,2,1,0,0,8,21,4.0,6,2.25748502994012,-0.13763815441897742,-0.49119999999999986,9,5,Home
610,5100,5.0,S5,9,WWC,WWC,ISO,1,0,2,4,0,0,0,3,3,0,0,3,1,0,0,7,16,3.3333333333333335,3,0.7148987750615479,-0.007473080632282143,-0.04210000000000004,3,3,Home
614,5062,5.0,S5,6,RKT,RKT,YUM,0,0,2,7,4,0,1,6,4,3,1,3,1,1,0,9,30,6.0,6,1.9761336515513124,-0.073580821212003,-0.5198,8,4,Home
620,5048,5.0,S5,4,KTY,KTY,PHB,3,1,3,3,2,0,0,1,8,1,3,4,1,0,0,10,29,6.0,9,4.976133651551312,-0.38158292082123707,-0.24809999999999996,11,6,Home
620,5144,5.0,S5,12,KTY,KTY,MVM,2,0,3,7,6,0,0,6,7,2,2,1,0,0,0,12,36,6.0,12,7.976133651551312,-0.6535755721889179,-0.34169999999999995,11,4,Home
622,5156,5.0,S5,13,MVM,MVM,SAR,0,0,1,3,1,0,0,1,5,8,1,3,0,0,0,4,23,6.0,1,-3.0238663484486876,0.3944107803510607,0.3387,11,3,Home
636,4007,4.0,S4,1,LMN,LMN,FWG,1,0,6,0,1,0,0,1,12,1,2,2,0,0,0,7,26,6.0,4,-1.6137724550898198,0.2704662485066439,0.1385,9,5,Away
638,7086,7.0,S7,11,FAP,FAP,SCG,1,0,0,1,1,0,0,1,2,1,2,1,1,2,1,2,11,3.3333333333333335,1,-0.5512887542613205,0.1137614179288319,0.002899999999999999,5,3,Away
640,5071,5.0,S5,6,POR,POR,NUL,7,1,2,8,1,0,0,5,6,0,3,4,0,0,0,18,37,6.0,15,10.976133651551313,-0.9495745223843008,-0.4056000000000002,13,6,Home
646,4004,4.0,S4,1,HON,HON,PGA,3,0,2,0,2,0,0,0,2,0,0,1,1,0,0,5,10,1.3333333333333333,6,4.660164786193874,-0.4240591697741329,-0.4024,3,2,Away
647,5029,5.0,S5,3,GTY,GTY,SPR,0,0,0,0,0,0,0,0,3,1,1,0,0,0,0,0,5,1.6666666666666667,0,-1.0681207321021209,0.12681732223329728,0.1475,5,1,Home
647,5066,5.0,S5,6,GTY,GTY,KRB,0,0,3,1,2,0,0,0,3,0,0,1,0,0,0,4,10,1.3333333333333333,4,3.6432073412147785,-0.32431023607530746,-0.3005,2,1,Home
647,5149,5.0,S5,13,GTY,GTY,GBC,0,0,0,2,1,0,0,1,5,3,0,1,0,0,0,2,13,3.3333333333333335,0,-2.194094927814669,0.2714231402414884,0.1606,8,1,Home
647,6005,6.0,S6,1,AAL,AAL,LID,0,0,3,2,3,0,0,1,2,1,2,0,0,0,0,5,14,2.0,3,3.868243243243243,-0.3288115689484132,-0.3357,4,3,Away
647,6104,6.0,S6,8,AAL,AAL,BBB,0,1,0,5,0,0,0,2,0,0,0,0,0,0,0,6,8,0.6666666666666666,6,4.775585036255768,-0.4444083576964847,-0.13870000000000002,0,0,Away
647,6144,6.0,S6,11,AAL,AAL,JEF,1,1,1,0,2,0,1,2,4,3,3,1,1,0,0,3,18,4.666666666666667,1,-1.517418873342145,0.22632971567467172,0.16249999999999998,10,4,Home
647,6159,6.0,S6,12,AAL,AAL,WWC,0,0,3,2,3,0,1,1,1,1,0,2,1,0,0,5,13,2.0,3,0.5944002630949532,-0.005571039174720675,-0.09400000000000008,3,2,Away
647,6174,6.0,S6,13,AAL,AAL,SAR,0,0,1,0,0,0,0,1,1,0,0,2,0,0,0,1,5,1.3333333333333333,0,-1.1576214976444335,0.1364809909701259,0.006899999999999999,3,2,Home
647,6186,6.0,S6,14,AAL,AAL,RBD,0,0,1,2,0,0,0,1,1,0,0,2,0,0,0,3,7,2.0,0,-1.3790200621566124,0.1669083839036168,0.0388,2,2,Home
647,7064,7.0,S7,8,TRI,TRI,CPR,1,1,3,3,1,0,0,2,9,0,0,4,0,1,0,8,24,5.0,5,2.257368799424874,-0.12103591118766623,-0.45829999999999993,11,5,Away
647,7102,7.0,S7,13,TRI,TRI,SSC,0,1,0,3,1,0,0,2,3,1,1,1,1,0,0,4,13,3.0,1,-0.2612315847076624,0.08056766222327325,-0.005399999999999998,5,2,Home
647,8525,8.2,S8B,7,MOB,MOB,CC,1,0,0,1,1,0,0,0,1,0,0,0,0,0,0,2,4,0.3333333333333333,2,1.8876362866518472,-0.17172236059400442,-0.18969999999999998,1,0,Home
647,8529,8.2,S8B,8,MOB,MOB,ESP,1,0,0,0,0,0,0,3,4,0,0,2,0,0,0,1,10,3.0,1,-0.9328358208955224,0.13588675226750307,0.1288,5,2,Away
647,11015,11.0,S11,3,LOB,LOB,LAX,0,1,0,1,0,0,0,0,0,0,0,1,0,0,0,2,3,0.3333333333333333,1,1.0321958319855828,-0.09115159468092715,-0.22490000000000002,1,1,Home
647,11028,11.0,S11,5,LOB,LOB,POS,0,0,0,1,0,0,0,1,0,0,0,0,0,0,0,1,3,1.0,0,-0.5166666666666667,0.0637346551842978,0.3135,1,1,Away
647,11048,11.0,S11,8,LOB,LOB,SHH,0,1,0,1,0,0,0,0,0,0,0,0,0,0,0,2,2,0.0,1,1.505315822388993,-0.14248625656047856,-0.1409,0,0,Home
647,11095,11.0,S11,16,LOB,LOB,PRP,0,0,3,2,0,0,0,5,1,0,0,0,0,2,0,5,11,2.0,2,1.5072209801196446,-0.09842748110222958,-0.20779999999999998,2,0,Home
649,5027,5.0,S5,3,PPP,PPP,TSA,0,0,1,0,1,0,0,1,2,0,0,0,0,0,0,1,5,1.0,0,-0.6706443914081146,0.08706968816389665,0.0256,1,0,Away
650,6046,6.0,S6,4,JEF,JEF,MPD,1,0,0,0,0,0,0,1,3,0,2,0,0,0,0,1,7,2.0,1,-0.1317567567567568,0.04218205336363127,0.10769999999999999,3,0,Home
650,6074,6.0,S6,6,JEF,JEF,LID,1,0,1,2,2,0,0,1,1,1,1,1,1,0,0,4,11,2.0,3,1.8682432432432432,-0.1412428736718227,-0.14150000000000001,3,1,Home
650,6087,6.0,S6,7,JEF,JEF,WWC,0,0,0,1,0,0,0,0,0,1,1,0,1,0,0,1,3,1.0,0,-0.5658783783783784,0.06901914256124739,0.0021000000000000003,1,0,Home
650,6102,6.0,S6,8,JEF,JEF,FRG,0,0,1,1,1,0,0,1,0,1,1,0,0,0,0,2,6,1.0,2,1.4341216216216215,-0.11854955271534309,-0.1715,2,0,Home
650,6144,6.0,S6,11,JEF,JEF,AAL,0,0,3,2,0,0,0,5,0,1,2,4,0,0,0,5,17,4.0,3,0.7364864864864864,-0.003204588549327904,-0.2237,7,4,Away
651,4032,4.0,S4,4,VFQ,VFQ,FWG,0,0,3,2,2,0,0,2,2,0,8,5,1,0,0,5,24,6.0,2,-3.61377245508982,0.462074786737593,0.3158,13,7,Home
651,4047,4.0,S4,6,VFQ,VFQ,CCS,0,1,1,6,1,0,0,2,0,1,6,6,3,0,0,8,24,6.0,1,-4.61377245508982,0.562074786737593,0.5262,13,7,Home
651,4079,4.0,S4,10,VFQ,VFQ,LDN,2,0,2,3,3,0,0,2,4,1,6,3,2,0,0,7,26,6.0,4,-1.6137724550898196,0.27046624850664386,0.01220000000000001,9,5,Home
651,5032,5.0,S5,3,TAI,TAI,LMN,1,2,2,1,5,1,0,3,5,2,1,4,3,0,0,6,26,6.0,4,-0.02386634844868768,0.10641392976491178,-0.08589999999999992,12,5,Away
651,5045,5.0,S5,4,TAI,TAI,NUL,0,0,0,0,0,0,0,0,1,0,0,1,0,0,0,0,2,0.6666666666666666,0,-0.7402339189775813,0.0820254915069922,0.018000000000000002,1,1,Away
651,5079,5.0,S5,7,TAI,TAI,KTY,0,0,0,1,0,0,0,3,4,1,0,1,0,0,0,1,10,3.0,0,-2.011933174224344,0.24120381546860478,0.3432,4,1,Home
651,5092,5.0,S5,8,LMN,LMN,POR,1,0,0,1,3,0,0,3,7,0,4,4,0,0,0,2,23,6.0,1,-3.0238663484486876,0.39441078035106064,0.48439999999999994,9,5,Home
651,6008,6.0,S6,1,BBB,BBB,CIM,0,0,1,3,2,0,0,3,4,1,3,4,1,0,0,4,21,6.0,0,-3.39527027027027,0.42654616009089386,0.17329999999999998,8,5,Away
651,6026,6.0,S6,2,BBB,BBB,FRG,0,0,0,0,0,0,0,0,0,0,0,1,1,0,0,0,1,0.6666666666666666,0,-1.7415730337078652,0.17830107161192305,0.161,1,1,Home
651,6068,6.0,S6,5,BBB,BBB,TTT,0,0,1,4,4,1,0,4,1,1,3,8,1,0,0,5,26,6.0,2,-1.3952702702702704,0.2472650012965764,0.03469999999999995,13,9,Home
651,6073,6.0,S6,6,LMN,LMN,SGP,0,0,0,0,1,0,0,0,1,0,1,0,0,1,0,0,3,0.6666666666666666,0,-0.2244149637442321,0.039016569338969256,0.025399999999999992,1,0,Away
651,6081,6.0,S6,6,BBB,BBB,HEL,1,1,0,1,1,0,0,1,2,0,1,0,1,0,0,3,8,1.6666666666666667,2,1.0671292220559323,-0.07356277627650111,0.08179999999999996,2,0,Away
651,6114,6.0,S6,9,LMN,LMN,CBC,0,0,0,2,1,0,0,1,0,0,0,3,1,0,0,2,7,1.6666666666666667,0,-0.9328707779440678,0.12229345548236237,0.0234,3,3,Away
651,6139,6.0,S6,10,BBB,BBB,SLT,1,0,1,2,8,0,0,3,4,2,5,3,2,0,0,4,29,6.333333333333333,2,-1.9870133895363256,0.31887061794659144,0.33790000000000003,10,5,Home
651,6152,6.0,S6,11,BBB,BBB,MBT,0,0,0,3,1,0,1,0,1,0,0,0,0,0,0,3,5,0.3333333333333333,1,2.365107477315736,-0.21579190652589103,-0.09350000000000001,0,0,Away
651,6177,6.0,S6,13,BBB,BBB,MVS,0,0,3,2,1,0,0,4,3,1,4,5,1,0,0,5,23,6.0,2,-1.3952702702702704,0.23483369657316683,0.36010000000000003,10,5,Home
651,7084,7.0,S7,11,PBA,PBA,TBL,0,0,1,0,2,0,1,4,3,2,5,3,0,1,1,1,20,6.0,0,-2.5141667810994703,0.34355353061418964,0.6223,10,4,Away
651,7094,7.0,S7,12,PBA,PBA,SSJ,1,0,1,1,0,0,0,1,2,0,1,1,1,0,0,3,8,2.0,2,0.9029475197699497,-0.056790441975452195,-0.46490000000000004,2,1,Home
651,11096,11.0,S11,16,HOT,HOT,SHH,3,0,0,1,0,0,0,4,2,2,1,1,0,0,0,4,14,3.3333333333333335,4,2.7477742864624246,-0.21846014889729717,-0.1712,4,2,Away
651,12009,12.0,S12,2,SEF,SEF,DDD,0,0,1,1,0,0,0,1,2,3,1,0,0,0,0,2,9,2.3333333333333335,0,-1.7704276347979253,0.21422086816848693,0.17509999999999998,4,1,Home
651,12015,12.0,S12,3,SEF,SEF,MMN,1,0,2,2,1,0,0,2,3,4,2,0,1,0,0,5,17,4.0,2,-0.4499461786867597,0.11521992672509868,-0.043800000000000054,6,3,Home
651,12038,12.0,S12,8,SEF,SEF,SAL,0,0,2,5,0,0,0,3,3,9,2,0,1,0,0,7,24,6.0,1,-2.6749192680301395,0.36663353930619896,0.39509999999999995,10,3,Away
651,12052,12.0,S12,11,SEF,SEF,KEG,0,0,3,3,2,0,0,3,2,10,0,1,0,1,0,6,24,6.0,1,-2.6749192680301395,0.37076443982716506,0.36679999999999996,10,3,Away
651,12059,12.0,S12,12,SEF,SEF,PQD,1,0,0,2,1,0,0,0,2,2,2,1,1,0,0,3,11,2.6666666666666665,3,2.8750269106566204,-0.24206278533503553,-0.16370000000000004,5,4,Home
651,12065,12.0,S12,13,SEF,SEF,SAL,0,1,2,4,2,1,0,1,1,1,0,2,1,0,0,7,14,2.0,4,2.4125403659849303,-0.1834214293049684,-0.3224,3,2,Home
651,12066,12.0,S12,14,SEF,SEF,DDD,0,0,0,0,0,0,0,0,0,1,0,0,0,0,0,0,1,0.3333333333333333,0,-0.1896551724137931,0.023096417762345355,0.0051,1,0,Away
651,12071,12.0,S12,15,SEF,SEF,SCR,2,0,1,2,0,0,0,3,6,5,2,2,0,0,0,5,23,6.0,2,-1.6749192680301397,0.26250263878523294,0.2176,8,6,Away
651,12073,12.0,S12,16,SEF,SEF,PQD,0,0,3,2,3,0,0,5,2,6,0,1,0,0,0,5,22,4.666666666666667,3,0.4830218220960958,0.04257762925164335,0.022899999999999893,8,2,Away
653,4008,4.0,S4,1,MBX,MBX,DCL,1,0,0,2,2,0,0,1,4,0,1,0,0,0,0,3,11,2.0,4,2.12874251497006,-0.1667212117672259,-0.25389999999999996,4,1,Away
654,5066,5.0,S5,6,GTY,GTY,KRB,0,0,0,2,4,0,0,3,4,1,0,3,1,0,0,2,17,4.0,0,-2.6825775656324584,0.3362756032417355,0.10279999999999997,7,3,Home
654,5138,5.0,S5,12,GTY,GTY,ISO,1,0,0,5,2,0,0,5,8,0,1,0,0,1,0,6,22,4.666666666666667,3,0.7795214057912854,0.014072004927063342,-0.03350000000000002,5,1,Home
654,6174,6.0,S6,13,AAL,AAL,SAR,1,1,1,0,1,0,0,1,2,1,0,0,0,0,0,3,8,1.3333333333333333,2,0.6574436882560978,-0.03259422289651765,0.0031000000000000025,3,1,Home
654,7052,7.0,S7,7,TRI,TRI,RRR,0,0,2,3,1,0,0,9,5,2,1,1,0,0,0,5,24,6.0,0,-3.2911574406901507,0.4296286740736434,0.49349999999999994,8,3,Away
654,7080,7.0,S7,10,TRI,TRI,FAP,1,1,4,3,2,1,0,6,6,1,2,2,1,0,0,9,28,6.0,5,2.0931896949472626,-0.09205388448932653,-0.3753999999999999,9,4,Away
657,4103,4.0,S4,13,CCS,CCS,VFQ,0,0,3,0,1,0,0,0,2,0,0,1,0,0,0,3,7,1.0,2,0.991756213600197,-0.06980550516834148,-0.1163,3,2,Home
662,4021,4.0,S4,3,CCS,CCS,MBX,4,1,1,5,3,0,0,4,8,1,1,3,0,0,1,11,31,6.0,8,2.3862275449101804,-0.1043593661862034,-0.3817000000000001,16,7,Home
662,4056,4.0,S4,7,CCS,CCS,EEE,2,0,3,3,2,0,0,4,9,0,2,0,0,0,0,8,25,5.0,7,2.3218562874251503,-0.12729235662937843,-0.32400000000000007,10,1,Away
662,4086,4.0,S4,11,CCS,CCS,DCL,0,0,2,3,6,0,0,6,6,2,2,1,1,0,0,5,28,6.0,4,-1.61377245508982,0.2788577102756949,0.1706,10,6,Home
662,5102,5.0,S5,9,KRB,KRB,GBC,0,0,0,0,0,0,0,1,0,0,0,0,0,0,0,0,1,0.3333333333333333,0,-0.182161753590325,0.02221722516364954,0.0116,0,0,Away
663,4040,4.0,S4,5,VFQ,VFQ,LMN,2,0,0,0,0,0,0,2,2,1,0,0,0,0,0,2,7,1.6666666666666667,2,0.36714457682573015,-0.007344341490894822,-0.17099999999999999,2,0,Away
665,5137,5.0,S5,12,GBC,GBC,SPR,1,0,2,1,4,0,0,6,3,1,3,3,2,0,0,4,24,6.0,3,-1.0238663484486876,0.1984118301556777,0.006900000000000048,9,5,Home
665,6114,6.0,S6,9,CBC,CBC,LMN,3,1,3,3,2,0,0,8,4,1,2,1,1,2,0,10,28,5.666666666666667,6,2.967901085228451,-0.17247706128874973,-0.12229999999999999,8,4,Home
665,6184,6.0,S6,14,CBC,CBC,MPD,1,0,1,3,1,0,0,2,5,0,4,5,2,0,0,5,22,6.0,1,-2.39527027027027,0.3306899283320303,0.5237,14,10,Home
665,7002,7.0,S7,1,BBC,BBC,TBL,0,0,0,0,0,0,0,2,5,1,3,1,0,0,0,0,12,4.0,0,-2.8097578248226873,0.3312322474845829,0.2653,9,4,Away
665,7026,7.0,S7,4,BBC,BBC,SCG,1,0,1,6,1,0,0,1,1,1,2,0,1,0,0,8,14,2.0,5,3.0210879463215914,-0.2434762521294593,-0.33899999999999997,3,0,Away
665,7074,7.0,S7,10,BBC,BBC,BBB,0,0,0,1,0,0,0,0,0,1,1,0,0,0,0,1,3,0.6666666666666666,0,0.9268292682926829,-0.08011881057868975,-0.026899999999999997,2,1,Away
665,7081,7.0,S7,11,BBC,BBC,KNX,2,0,3,1,0,0,0,0,2,1,0,1,1,0,0,6,10,1.6666666666666667,3,2.2731398274622574,-0.18543359524429728,-0.14939999999999998,3,1,Home
669,4036,4.0,S4,5,PDB,PDB,DBV,0,0,2,0,2,0,0,1,0,1,1,0,0,1,0,2,7,1.0,3,2.06437125748503,-0.17287127867229932,0.003500000000000003,2,1,Home
669,5001,5.0,S5,1,WSH,WSH,KRB,2,2,4,1,1,0,0,2,4,1,0,2,0,0,0,9,19,3.0,6,3.9880668257756566,-0.3227867362898419,-0.45389999999999997,3,2,Home
669,5087,5.0,S5,8,WSH,WSH,TSA,0,0,0,0,1,0,0,0,1,1,0,1,0,0,0,0,4,1.0,0,-0.6706443914081146,0.0830686383592796,0.0056,3,1,Away
669,6031,6.0,S6,3,JEF,JEF,PUK,0,0,0,2,0,0,0,1,5,0,0,2,1,0,0,2,10,3.0,0,-1.697635135135135,0.21120119592487863,0.21960000000000002,4,2,Away
672,5043,5.0,S5,4,DAD,DAD,TRA,1,0,2,0,1,0,0,1,3,0,5,4,0,0,0,3,17,4.333333333333333,2,-1.1496434338959314,0.1829821900680828,0.24869999999999998,9,4,Away
672,5154,5.0,S5,13,DAD,DAD,JUP,3,1,1,1,0,0,0,1,3,2,8,3,0,0,0,6,23,5.666666666666667,6,2.1582954051416374,-0.12380539500797187,-0.08920000000000004,11,3,Away
675,4023,4.0,S4,3,VFQ,VFQ,LDN,0,1,2,4,3,0,0,1,3,1,5,3,2,0,0,7,23,5.0,4,-0.6781437125748496,0.16431618160157052,0.09450000000000001,11,7,Away
675,4060,4.0,S4,8,VFQ,VFQ,EEE,2,0,1,1,1,0,0,3,1,0,0,0,0,0,0,4,9,1.3333333333333333,3,2.5601219657003274,-0.21825061860930361,-0.06528899999999999,1,0,Home
675,4103,4.0,S4,13,VFQ,VFQ,CCS,2,2,2,5,0,0,0,3,2,1,2,7,0,0,0,11,26,5.0,8,3.3218562874251503,-0.2230966257448531,-0.7701999999999999,11,7,Away
675,5006,5.0,S5,1,ISO,ISO,GTY,3,0,2,2,4,0,0,6,6,1,2,3,0,1,0,7,29,6.0,7,2.976133651551313,-0.17758187101662015,-0.1724,9,5,Home
675,5069,5.0,S5,6,LMN,LMN,DAD,0,0,1,1,4,0,0,4,2,2,3,5,2,0,0,2,22,6.0,0,-4.023866348448688,0.4904097305464436,0.7655000000000002,10,7,Away
675,5128,5.0,S5,11,LMN,LMN,JUP,0,2,4,0,0,0,0,4,3,4,4,2,0,0,0,6,23,5.666666666666667,2,-2.456069738279196,0.3376311193341115,0.3825,10,6,Away
683,6022,6.0,S6,2,CIM,CIM,MVS,0,1,1,0,1,0,0,1,5,1,3,2,0,0,0,2,15,4.0,0,-2.2635135135135136,0.288507874968399,0.31149999999999994,10,4,Away
683,6064,6.0,S6,5,CIM,CIM,FRG,2,0,1,3,0,0,0,7,4,1,2,0,1,0,0,6,20,5.0,3,0.1706081081081079,0.06581455401191946,-0.1789,5,2,Away
683,6107,6.0,S6,8,CIM,CIM,PUK,0,0,1,2,4,0,1,3,2,0,4,0,1,1,0,3,16,3.3333333333333335,1,-0.47354486147589603,0.11779854624691032,0.05260000000000001,7,3,Away
683,6148,6.0,S6,11,CIM,CIM,TAK,0,0,3,3,2,0,0,5,4,6,1,1,0,0,1,6,25,6.0,4,0.6047297297297295,0.04726500129657636,-0.13540000000000008,10,5,Away
683,6190,6.0,S6,14,CIM,CIM,MBT,0,1,0,1,3,0,0,1,6,1,5,2,3,0,0,2,20,6.0,1,-2.39527027027027,0.3224023918497573,0.2886999999999999,12,6,Home
683,7104,7.0,S7,13,MMA,MMA,CPR,1,0,0,5,0,0,0,6,7,2,1,1,1,0,0,6,23,6.0,1,-2.2911574406901507,0.3254406353234506,0.3648,7,2,Away
686,7040,7.0,S7,5,BAC,BAC,SCG,0,0,4,0,3,0,0,4,4,0,1,1,0,0,0,4,17,3.3333333333333335,5,1.154732248842225,-0.04427656613094409,-0.2132,4,2,Home
686,7065,7.0,S7,9,BAC,BAC,PBA,0,0,0,0,1,0,0,2,0,1,0,3,0,0,0,0,7,2.0,0,-1.0970524802300503,0.13902151927435497,0.1387,4,4,Home
687,4003,4.0,S4,1,DDD,DDD,PDB,1,1,1,0,2,0,1,2,7,3,2,1,0,0,0,3,20,5.0,2,-2.6781437125748497,0.3517289889479942,0.20330000000000004,6,1,Home
687,4076,4.0,S4,10,DDD,DDD,PGA,0,0,0,1,1,0,1,1,1,0,0,0,0,0,0,1,4,0.6666666666666666,0,-0.08562874251496999,0.025345797789598834,0.005300000000000003,1,0,Away
698,6078,6.0,S6,6,PBA,PBA,CIM,0,0,0,0,4,0,0,6,3,0,2,3,1,0,0,0,18,5.0,0,-2.829391891891892,0.35752701752964644,0.0863,6,5,Away
698,6090,6.0,S6,7,LMN,LMN,SAS,0,0,1,0,0,0,0,0,0,0,0,0,0,0,0,1,1,0.0,0,0.48745495495495483,-0.04460172725435897,-0.0633,0,0,Home
698,6110,6.0,S6,8,LMN,LMN,LIM,0,0,1,0,0,0,0,0,0,0,1,0,0,0,0,1,2,0.3333333333333333,0,0.3626930501930502,-0.027981768537032,-0.006100000000000001,1,0,Away
698,6161,6.0,S6,12,LMN,LMN,CWJ,0,0,0,0,0,0,0,1,1,0,0,0,0,0,0,0,2,0.6666666666666666,0,-1.368421052631579,0.14512964174543092,0.14579999999999999,0,0,Home
698,6193,6.0,S6,14,PBA,PBA,SUP,0,2,3,2,4,0,0,3,6,3,0,5,0,1,0,7,28,5.666666666666667,6,2.967901085228451,-0.17662082952988625,-0.4947000000000001,11,5,Away
698,7016,7.0,S7,2,PBA,PBA,KNX,2,0,2,2,1,0,0,3,4,0,0,4,1,0,0,6,18,4.0,4,1.8058950395398998,-0.10520480645051872,-0.1923,6,4,Home
701,5164,5.0,S5,14,PHB,PHB,TRA,0,0,0,0,0,0,0,0,0,0,1,0,0,0,0,0,1,0.3333333333333333,0,-0.6296296296296297,0.06696401276758,0.0866,1,1,Away
702,4054,4.0,S4,7,VFQ,VFQ,MBX,3,4,1,1,1,0,0,4,5,1,2,3,0,0,0,9,25,5.0,6,1.3218562874251503,-0.027292356629378546,-0.5627,9,4,Away
702,5019,5.0,S5,2,TAI,TAI,PHB,2,0,0,0,0,0,0,0,5,0,1,0,0,0,0,2,8,2.0,2,0.6587112171837708,-0.03386272328144076,-0.0058000000000000005,3,1,Home
702,5058,5.0,S5,5,TAI,TAI,DAD,2,0,1,0,3,0,0,3,11,0,2,1,1,0,0,3,23,6.0,3,-1.0238663484486878,0.19441078035106069,0.24009999999999998,12,4,Away
702,5115,5.0,S5,10,TAI,TAI,SAR,0,0,0,0,1,0,0,0,1,0,0,2,0,0,0,0,4,1.0,0,-0.6706443914081146,0.0830686383592796,1.4999999999999999e-05,3,2,Home
702,6068,6.0,S6,5,TTT,TTT,BBB,1,0,0,0,0,0,0,1,7,0,1,1,0,0,0,1,11,3.3333333333333335,1,-1.0096081536848822,0.14654226602098985,0.3643,7,3,Away
702,6179,6.0,S6,13,TTT,TTT,LIM,1,0,0,2,3,0,0,0,4,2,2,2,0,0,0,3,16,3.3333333333333335,4,0.7165488661668278,-0.005354594758498574,-0.162,8,5,Home
702,7015,7.0,S7,2,BBB,BBB,SSJ,0,0,0,1,0,0,0,0,1,0,0,0,0,0,0,1,2,0.3333333333333333,0,-0.3441176470588235,0.04278784220626804,0.0209,0,0,Home
702,7032,7.0,S7,4,BBB,BBB,MMA,0,0,0,1,0,0,0,0,9,4,1,2,0,0,0,1,17,5.333333333333333,0,-2.888810602568481,0.36007771901012653,0.41480000000000006,10,6,Away
702,7034,7.0,S7,5,BBB,BBB,FAP,1,0,0,0,0,0,0,3,5,0,0,1,0,0,0,1,10,3.0,1,-0.6455787203450755,0.10643825953643601,0.011600000000000003,2,1,Home
702,7098,7.0,S7,13,PBA,PBA,KNX,1,0,1,1,1,0,0,0,4,0,1,0,0,0,0,3,9,1.6666666666666667,2,1.2731398274622574,-0.08962163399449014,-0.40219999999999995,4,1,Away
703,4101,4.0,S4,13,LDN,LDN,DCL,0,0,0,1,0,0,0,2,3,0,0,0,0,0,0,1,6,1.6666666666666667,0,-0.3625950346498015,0.061433888772132905,0.1971,2,0,Home
703,5021,5.0,S5,2,NUL,NUL,TAC,0,0,1,4,2,0,0,3,2,1,2,3,1,1,0,5,18,4.0,3,-0.633221957040573,0.13934214199178108,-0.02880000000000002,7,4,Home
703,5045,5.0,S5,4,NUL,NUL,TAI,0,0,1,0,1,0,0,1,2,0,0,0,0,0,0,1,5,1.0,1,0.32935560859188545,-0.012930311836103353,0.045500000000000006,0,0,Home
703,5057,5.0,S5,5,NUL,NUL,KTY,0,0,3,3,1,0,0,3,5,0,4,1,1,0,1,6,20,5.0,1,-2.353221957040573,0.3193442416010151,0.1469,7,3,Home
703,5071,5.0,S5,6,NUL,NUL,POR,0,0,1,0,0,0,0,2,0,1,0,0,0,0,0,1,4,1.0,0,-0.6706443914081146,0.0830686383592796,0.0059,1,0,Away
703,5081,5.0,S5,7,NUL,NUL,LMN,0,0,0,0,1,0,0,2,1,3,1,1,0,1,0,0,9,2.6666666666666665,0,-1.7387651235102355,0.21388701039719393,0.3966,5,1,Home
703,5094,5.0,S5,8,NUL,NUL,SAR,1,0,1,0,0,0,0,1,0,0,1,0,1,0,0,2,4,1.0,2,0.7319013849175269,-0.05718593927328453,-0.045700000000000005,1,0,Away
703,5106,5.0,S5,9,NUL,NUL,MVM,1,1,1,4,2,0,0,6,0,3,3,3,2,0,1,7,24,6.0,3,-1.0238663484486878,0.20241287996029478,0.264934,10,6,Home
703,5127,5.0,S5,11,NUL,NUL,TRA,2,0,1,4,2,0,0,1,0,0,1,2,2,0,0,7,13,2.0,4,2.658711217183771,-0.2138574742583556,-0.3326,3,3,Away
703,5153,5.0,S5,13,NUL,NUL,TAC,0,0,0,1,0,0,0,1,0,0,0,1,0,1,0,1,3,0.6666666666666666,1,0.32608695652173925,-0.01660449643370577,-0.0432,1,1,Away
703,6043,6.0,S6,4,LMN,LMN,BAC,0,0,1,2,1,0,0,2,3,2,4,1,0,0,0,3,16,4.0,0,-1.7509684684684685,0.24139713870503104,0.1154,8,4,Home
703,6065,6.0,S6,5,MVS,MVS,PHB,0,0,0,1,0,0,0,2,0,2,1,1,0,1,0,1,7,2.0,0,-1.1317567567567568,0.14632582160476776,0.011800000000000001,3,2,Away
703,6114,6.0,S6,9,LMN,LMN,CBC,2,0,0,1,0,0,0,0,1,0,0,0,0,1,0,3,4,0.3333333333333333,3,2.801114021187311,-0.2593925609130485,-0.3232,1,0,Away
703,6121,6.0,S6,9,MVS,MVS,TAK,1,1,1,5,2,0,0,5,4,4,1,1,0,1,0,8,25,5.0,6,1.896765127959818,-0.08193853852643247,-0.41489999999999994,6,3,Away
703,7014,7.0,S7,2,CPR,CPR,MMA,1,0,1,1,2,0,0,1,5,5,4,3,0,0,0,3,23,6.0,2,-1.2911574406901507,0.22544063532345054,0.3591,14,4,Away
703,7024,7.0,S7,3,CPR,CPR,FAP,1,0,0,1,1,0,0,6,4,0,1,3,0,0,1,2,17,5.0,1,-1.7426312005751257,0.2496478175609838,0.1287,6,5,Away
703,7033,7.0,S7,5,CPR,CPR,PBA,0,0,0,0,2,0,2,2,0,0,0,1,0,0,0,0,5,1.0,0,-0.32551689970570574,0.0534918837215348,0.035,1,1,Away
703,7104,7.0,S7,13,CPR,CPR,MMA,0,1,1,0,3,0,0,4,4,3,4,2,1,0,0,2,22,6.0,1,-2.2911574406901507,0.3212525965732577,0.36529999999999996,12,4,Home
703,8014,8.1,S8A,3,LAC,LAC,BLO,0,0,2,3,0,0,0,2,5,4,0,1,0,0,0,5,17,4.0,1,-1.7066666666666666,0.24296526455928263,0.1277,7,1,Home
703,8022,8.1,S8A,4,LAC,LAC,BAG,1,0,1,1,0,0,0,0,1,1,0,0,0,0,0,3,5,0.6666666666666666,3,2.4850248756218907,-0.22723819406436083,-0.47459999999999997,2,0,Away
703,8029,8.1,S8A,5,LAC,LAC,MKW,1,0,1,1,1,0,0,0,0,1,0,0,0,0,0,3,5,0.3333333333333333,4,3.721205673758865,-0.3508562738780583,-0.3334,1,0,Away
703,8521,8.2,S8B,6,SBD,SBD,MOB,0,0,1,1,0,0,0,0,1,1,0,1,0,0,0,2,5,1.0,2,0.6114427860696516,-0.039842693517989754,-0.072,2,1,Home
703,9020,9.0,S9,5,KGB,KGB,AND,0,0,1,0,0,0,0,5,7,2,2,2,0,0,0,1,19,6.0,0,-3.4488188976377954,0.4147606955211389,0.2188,9,5,Home
703,9032,9.0,S9,8,KGB,KGB,FLB,1,0,0,1,1,0,0,0,0,0,0,0,0,1,0,2,3,0.0,2,2.362696850393701,-0.22155835751150493,-0.22449999999999998,1,0,Home
703,9035,9.0,S9,9,KGB,KGB,BIR,1,0,1,2,5,0,1,6,4,2,2,4,0,2,0,4,27,6.0,3,-0.44881889763779514,0.15153901434080178,-0.03240000000000001,10,5,Home
703,9046,9.0,S9,12,KGB,KGB,ARR,0,1,2,2,3,0,0,2,2,2,6,2,4,0,0,5,22,6.0,0,-3.4488188976377954,0.4257941911670378,0.4075,11,7,Home
703,10005,10.0,S10,1,ZAH,ZAH,SEO,2,2,0,1,0,0,0,5,1,2,2,2,0,0,0,5,17,4.0,4,1.2453245324532454,-0.05856618625821046,-0.07020000000000004,7,2,Away
703,10030,10.0,S10,6,ZAH,ZAH,GRS,0,0,1,3,1,0,0,0,0,0,0,0,0,0,0,4,5,0.0,5,4.454188275970454,-0.42601698436554125,-0.3115,0,0,Away
705,5045,5.0,S5,4,TAI,TAI,NUL,0,0,1,3,0,0,0,1,1,0,2,1,0,0,0,4,9,1.6666666666666667,2,1.1257770854472438,-0.07656826030317102,-0.1147,3,3,Away
705,5067,5.0,S5,6,TAI,TAI,MVM,0,0,2,1,2,0,0,0,0,1,2,0,0,0,0,3,8,1.0,4,1.519822328294882,-0.11997383439255188,-0.23650000000000002,3,2,Home
705,5139,5.0,S5,12,TAI,TAI,TRA,0,1,0,1,0,0,0,1,1,1,0,2,1,0,0,2,7,2.0,0,-1.3412887828162292,0.1621362269139422,0.0537,3,2,Away
707,4012,4.0,S4,2,PGS,PGS,CEL,1,0,0,0,0,0,0,0,0,0,0,0,0,0,0,1,1,0.0,1,1.7019009318640825,-0.1659943623018828,-0.0051,0,0,Home
707,4019,4.0,S4,3,PGS,PGS,DBV,0,0,1,3,1,0,0,2,2,0,0,0,0,1,0,4,9,1.3333333333333333,2,1.5088157019294743,-0.10892426134769284,-0.36360000000000003,2,0,Home
707,4025,4.0,S4,4,PGS,PGS,PDB,0,0,0,1,0,0,0,2,1,0,0,0,0,0,0,1,4,1.0,0,-0.93562874251497,0.11034579778959885,0.0126,2,0,Away
707,4034,4.0,S4,5,PGS,PGS,HON,0,0,0,0,1,0,0,2,2,2,0,0,0,0,0,0,7,2.0,0,-1.87125748502994,0.21649586469467222,0.0421,2,1,Home
707,4068,4.0,S4,9,PGS,PGS,CEL,0,0,1,2,2,0,0,0,2,0,0,0,0,0,0,3,7,0.6666666666666666,1,0.9870882578351589,-0.06933870959183767,-0.2749,2,0,Away
707,4075,4.0,S4,10,PGS,PGS,DBV,1,0,2,1,0,0,0,2,2,2,1,1,0,0,0,4,12,2.6666666666666665,3,0.7486693280106456,-0.024518162186759104,-0.2611,5,2,Away
707,4097,4.0,S4,13,PGS,PGS,PGA,0,0,0,2,7,1,0,1,5,2,1,1,1,0,0,2,19,3.6666666666666665,0,-3.9898130568132024,0.478700192487304,0.47200000000000014,9,2,Home
707,5042,5.0,S5,4,RKT,RKT,GTY,0,0,0,0,0,0,0,0,1,1,2,1,0,0,1,0,5,2.0,0,-1.6296805359864277,0.186974352426345,0.1811,6,3,Away
708,4039,4.0,S4,5,DCL,DCL,EEE,4,0,3,3,1,0,0,2,6,0,5,1,0,0,1,10,25,5.0,7,2.32185628742515,-0.12309662574485308,-0.3631999999999999,11,5,Away
708,4095,4.0,S4,12,DCL,DCL,EEE,0,1,0,4,4,0,0,4,5,0,2,5,2,0,0,5,25,6.0,2,-3.61377245508982,0.46627051762211846,0.16919999999999996,12,7,Home
708,4101,4.0,S4,13,DCL,DCL,LDN,0,0,2,3,1,0,0,0,1,0,1,2,1,0,0,5,10,1.6666666666666667,5,3.1555393486531216,-0.2735966260200575,-0.28690000000000004,3,2,Away
708,4109,4.0,S4,14,DCL,DCL,LMN,1,0,0,1,3,0,0,2,2,1,1,0,1,0,0,2,11,2.3333333333333335,1,-0.8980543187130011,0.13595847160108016,0.10110000000000005,4,1,Home
713,4024,4.0,S4,3,DCL,DCL,FWG,0,0,0,0,0,0,0,2,0,1,0,0,0,0,0,0,3,1.0,0,-0.93562874251497,0.10615006690507336,0.1252,1,0,Away
713,4064,4.0,S4,8,DCL,DCL,MBX,0,0,1,0,0,0,0,2,3,0,0,1,0,0,0,1,7,2.0,0,-1.1693565531658576,0.14630577150826396,0.22290000000000004,3,1,Away
713,4086,4.0,S4,11,DCL,DCL,CCS,1,0,2,5,5,0,0,4,2,9,2,1,0,0,0,8,31,6.0,4,-1.6137724550898196,0.2914449029292713,0.16909999999999997,14,7,Away
713,4101,4.0,S4,13,DCL,DCL,LDN,0,0,0,0,0,0,0,0,0,0,1,0,1,0,0,0,1,0.6666666666666666,0,-1.4269662921348314,0.1468923600980086,0.1191,1,1,Away
713,6044,6.0,S6,4,SAR,SAR,CBC,0,1,4,4,0,0,0,1,3,1,2,1,0,0,1,9,17,3.0,4,2.302364864864865,-0.15564865814602924,-0.0006000000000000003,7,2,Home
714,4025,4.0,S4,4,PGS,PGS,PDB,1,0,1,1,0,0,0,1,3,0,1,1,0,0,0,3,9,2.0,2,0.12874251497006012,0.024887326463723124,-0.1044,3,3,Away
714,5074,5.0,S5,7,RKT,RKT,PPP,6,0,0,1,0,0,0,1,7,5,1,3,0,0,1,7,24,6.0,6,1.9761336515513124,-0.09758712003970527,-0.3226999999999999,11,8,Home
716,4044,4.0,S4,6,PDB,PDB,HON,0,0,3,4,0,0,0,4,4,0,1,0,0,0,0,7,16,3.0,3,0.19311377245509048,0.04782031690689828,-0.19560000000000002,6,1,Away
716,5098,5.0,S5,9,RKT,RKT,TSA,0,0,0,0,0,0,0,1,0,0,1,0,1,0,0,0,2,1.0,0,-0.9590361445783133,0.10390571406706542,0.0084,1,1,Home
716,5124,5.0,S5,11,RKT,RKT,SPR,0,0,0,0,0,0,0,2,0,0,1,0,0,0,0,0,3,1.0,0,-0.6706443914081146,0.07906758855466257,0.2524,1,1,Away
716,5145,5.0,S5,13,RKT,RKT,WSH,1,0,1,4,4,0,0,3,5,3,1,0,0,0,0,6,22,4.0,3,0.3174224343675416,0.056280852264820685,-0.08249999999999996,7,1,Home
716,7103,7.0,S7,13,FAP,FAP,WSW,3,0,0,1,1,0,0,3,9,0,0,0,0,0,0,4,17,4.0,4,1.8058950395398994,-0.10939284520071155,-0.2593,4,0,Home
716,10027,10.0,S10,6,BEE,BEE,CRN,1,2,0,1,0,0,0,5,2,2,2,2,0,0,0,4,18,5.0,2,-1.4433443344334436,0.2141810690767593,0.07910000000000002,9,6,Home
716,10058,10.0,S10,12,BEE,BEE,ACK,2,0,1,1,2,0,0,3,4,0,1,0,0,0,0,4,14,2.6666666666666665,4,2.1532176826451614,-0.16099660721630454,-0.2515,5,1,Home
716,11006,11.0,S11,1,HOT,HOT,LOB,0,0,0,0,0,0,0,2,0,0,1,1,0,0,0,0,4,1.3333333333333333,0,-0.8633150039277298,0.10242215174961448,0.1846,2,2,Home
716,11013,11.0,S11,3,HOT,HOT,IDR,2,1,2,0,1,0,0,1,0,2,2,1,1,0,0,5,12,2.3333333333333335,3,1.9834482704172864,-0.15007287297120414,-0.1911,5,2,Away
719,5099,5.0,S5,9,CHI,CHI,GTY,1,1,3,0,0,0,0,2,1,0,2,2,0,0,0,5,12,2.3333333333333335,2,0.9725629498066638,-0.049243697325261925,-0.1106,5,3,Home
719,6054,6.0,S6,4,HEL,HEL,SLT,0,0,0,1,3,0,0,4,0,2,0,1,0,0,0,1,11,2.3333333333333335,1,0.043937898572730005,0.04118766079522865,-0.020199999999999996,3,1,Home
719,6151,6.0,S6,11,HEL,HEL,FRG,3,0,0,0,0,0,0,3,3,0,1,0,0,0,0,3,10,2.3333333333333335,3,1.669357264430554,-0.1254980440316903,-0.17659999999999998,1,0,Away
719,6180,6.0,S6,13,HEL,HEL,PHB,3,0,1,1,1,0,0,4,4,0,2,2,0,1,0,5,18,4.0,5,2.736486486486487,-0.19491705206705492,-0.3751999999999999,6,4,Away
723,5037,5.0,S5,4,PPP,PPP,KRB,1,0,0,0,4,0,0,2,2,0,3,1,1,0,0,1,13,3.0,2,-0.01193317422434409,0.053206964882455916,-0.06949999999999996,5,2,Away
723,5063,5.0,S5,6,PPP,PPP,CHI,1,0,1,0,0,0,0,2,0,0,1,1,0,0,0,2,6,1.3333333333333333,1,-0.23844100157760617,0.047850398985462866,0.0018,2,2,Home
723,5160,5.0,S5,14,PPP,PPP,TSA,1,0,1,1,1,0,0,4,3,0,8,2,1,0,0,3,21,6.0,1,-3.0238663484486876,0.3864086807418266,0.1998000000000001,10,8,Home
723,7015,7.0,S7,2,BBB,BBB,SSJ,0,0,0,0,0,0,0,0,2,0,0,1,0,0,0,0,3,1.0,0,-0.5485262401150252,0.06741674026208105,0.0231,3,1,Home
723,7034,7.0,S7,5,BBB,BBB,FAP,0,0,0,1,0,0,0,1,0,0,0,1,1,0,0,1,3,1.0,0,-0.5485262401150252,0.06741674026208105,0.0107,1,1,Home
727,4075,4.0,S4,10,DBV,DBV,PGS,0,0,1,0,0,0,0,0,0,1,0,0,0,0,0,1,2,0.3333333333333333,0,0.4444444444444444,-0.03605298267539352,-0.0832,1,0,Home
729,4052,4.0,S4,7,CEL,CEL,N69,2,0,0,1,1,0,0,4,1,1,3,0,0,0,0,3,13,3.0,2,-0.80688622754491,0.13523312425332193,-0.04519999999999999,5,3,Home
729,7054,7.0,S7,7,PBA,PBA,FAP,3,0,0,0,0,0,0,3,2,0,2,2,0,0,0,3,12,3.0,3,1.3544212796549246,-0.08518566296317828,-0.19,6,2,Home
729,7065,7.0,S7,9,PBA,PBA,BAC,2,0,3,1,0,0,0,2,1,0,3,0,0,0,0,6,12,2.0,5,3.90294751976995,-0.3400382869746808,-0.3075,2,1,Away
730,7079,7.0,S7,10,CPR,CPR,STK,1,0,1,4,3,0,0,2,0,7,0,2,1,0,0,6,20,4.0,4,2.185940227996303,-0.13483324779577338,-0.15670000000000003,9,2,Home
731,4052,4.0,S4,7,N69,N69,CEL,0,0,0,1,3,0,0,2,5,0,4,2,2,0,0,1,17,5.0,0,-4.67814371257485,0.5391417962944178,0.45470000000000005,8,4,Away
731,4108,4.0,S4,14,N69,N69,CEL,0,0,1,0,0,0,0,3,1,1,0,0,0,0,0,1,6,1.6666666666666667,0,-1.8444606513468789,0.20962045044184066,0.07590000000000001,3,0,Home
731,5051,5.0,S5,5,GTY,GTY,WWC,0,0,0,3,4,0,0,3,3,1,4,4,3,3,0,3,22,6.0,0,-4.023866348448688,0.5024128799602947,0.7769000000000001,10,5,Away
731,5125,5.0,S5,11,GTY,GTY,TSA,0,0,1,2,3,0,0,7,3,3,3,2,0,0,0,3,24,6.0,1,-3.0238663484486876,0.3984118301556777,0.26159999999999994,10,4,Home
731,5149,5.0,S5,13,GTY,GTY,GBC,0,0,0,4,1,0,0,0,0,0,0,0,0,0,0,4,5,0.0,2,3.1904667197029966,-0.2990414229472145,-0.32380000000000003,0,0,Home
738,5164,5.0,S5,14,PHB,PHB,TRA,0,0,0,0,0,0,0,1,0,0,0,0,0,0,0,0,1,0.3333333333333333,0,-0.2731680507141083,0.031317854876027874,0.0275,0,0,Away
739,5164,5.0,S5,14,PHB,PHB,TRA,0,0,0,0,0,0,0,1,0,0,0,0,0,0,0,0,1,0.3333333333333333,0,-0.2731680507141083,0.031317854876027874,0.06280000000000001,0,0,Away
740,7053,7.0,S7,7,CPR,CPR,BBB,3,0,1,1,5,0,0,5,4,1,2,0,0,0,0,5,22,4.0,6,3.805895039539899,-0.2884526514497473,-0.25010000000000004,4,1,Away
743,6038,6.0,S6,3,BBB,BBB,PBA,0,0,2,2,0,0,0,3,1,0,2,0,0,0,0,4,10,2.0,2,0.868243243243243,-0.04538664191295918,-0.1305,2,2,Away
745,4070,4.0,S4,9,VFQ,VFQ,DCL,0,0,3,2,1,0,1,2,2,1,0,1,0,0,0,5,12,2.0,3,1.1287425149700598,-0.06252548088270046,0.03150000000000001,4,2,Away
745,5140,5.0,S5,12,PHB,PHB,LMN,0,0,1,1,1,1,0,0,0,0,0,1,1,0,0,2,4,0.6666666666666666,0,0.326086956521739,-0.016604496433705762,0.15639999999999998,1,1,Away
745,5164,5.0,S5,14,PHB,PHB,TRA,0,1,1,0,1,0,0,0,1,0,0,0,0,0,0,2,4,0.3333333333333333,2,2.069589527569467,-0.1909547535384785,-0.8422,0,0,Away
745,6056,6.0,S6,4,PHB,PHB,BBB,0,0,0,0,1,1,0,0,1,0,0,0,0,0,0,0,2,0.3333333333333333,1,-0.43598862019914664,0.05188639850218769,0.0975,0,0,Away
745,7078,7.0,S7,10,TBL,TBL,KNX,1,0,0,1,0,0,0,1,2,0,3,2,1,0,0,2,10,3.0,1,-0.6455787203450756,0.10643825953643601,0.08170000000000001,5,2,Away
745,7106,7.0,S7,14,TBL,TBL,BAC,0,1,2,1,3,1,0,2,1,1,0,0,0,0,0,4,11,1.3333333333333333,3,3.081281452192667,-0.2620597189671454,-0.132,1,0,Home
752,4090,4.0,S4,12,HON,HON,PGS,0,0,1,1,1,0,0,4,2,0,5,1,0,0,0,2,15,4.0,0,-3.74251497005988,0.4371874602738699,0.3343,9,6,Home
752,6013,6.0,S6,1,MBT,MBT,FRG,2,1,0,1,0,0,0,0,3,1,0,0,0,0,0,4,8,1.3333333333333333,4,3.2352356428089326,-0.2903734183518012,-0.2833,3,0,Away
755,5164,5.0,S5,14,PHB,PHB,TRA,0,0,0,0,0,0,0,0,0,0,1,0,1,0,0,0,1,0.6666666666666666,0,-0.6739130434782609,0.07139235415244313,0.07429999999999999,1,1,Away
758,4110,4.0,S4,14,VFQ,VFQ,MBX,0,1,1,3,3,0,0,2,0,0,2,1,1,0,0,5,13,2.0,4,2.12874251497006,-0.158329749998175,-0.3702000000000001,4,3,Home
758,5053,5.0,S5,5,ISO,ISO,YUM,2,0,0,1,1,0,0,3,8,0,4,2,1,0,0,3,21,6.0,2,-2.0238663484486876,0.28640868074182657,0.29540000000000005,6,2,Away
758,6041,6.0,S6,3,MBT,MBT,PHB,3,0,4,4,1,0,0,4,1,0,1,1,1,0,1,11,19,3.0,8,6.725341117336793,-0.5896587469109491,-0.2503,3,2,Home
758,6140,6.0,S6,10,MBT,MBT,LIM,0,1,0,0,2,0,0,1,2,3,5,4,1,0,0,1,18,5.333333333333333,0,-3.458077730989089,0.4203956014393661,0.5401999999999999,10,4,Away
758,6182,6.0,S6,13,MBT,MBT,POR,2,0,3,1,1,0,0,1,0,1,1,1,0,0,0,6,11,1.3333333333333333,6,4.658211895280861,-0.4202397388755844,-0.37429999999999997,2,1,Home
759,5012,5.0,S5,1,PHB,PHB,LMN,1,0,3,4,2,0,0,0,0,1,1,0,0,1,0,8,12,0.6666666666666666,10,9.511517362182211,-0.8991380887581996,0.0026000000000000016,2,1,Home
759,5124,5.0,S5,11,RKT,RKT,SPR,0,0,1,2,2,0,1,7,5,1,1,1,0,0,0,3,20,5.0,2,-1.353221957040573,0.21534319179639808,0.2393000000000001,5,3,Away
764,4090,4.0,S4,12,PGS,PGS,HON,0,0,0,0,0,0,0,1,1,1,0,0,0,0,0,0,3,1.0,0,-0.93562874251497,0.10615006690507336,0.0679,2,0,Away
770,5019,5.0,S5,2,PHB,PHB,TAI,0,0,0,0,4,0,0,4,2,0,6,5,1,0,0,0,21,6.0,0,-4.023866348448688,0.4864086807418266,0.22759999999999994,11,4,Away
770,5031,5.0,S5,3,PHB,PHB,TRA,3,1,1,5,0,0,0,2,0,1,9,3,3,0,0,10,25,6.0,4,-0.023866348448687846,0.10241287996029476,-0.10659999999999997,12,4,Home
770,5048,5.0,S5,4,PHB,PHB,KTY,1,0,0,1,1,0,0,1,1,1,6,7,2,0,0,2,19,6.0,1,-3.0238663484486876,0.3784065811325925,0.2526,10,6,Away
770,5080,5.0,S5,7,PHB,PHB,DAD,0,0,0,2,4,0,0,3,4,2,4,3,2,0,0,2,22,6.0,0,-4.023866348448688,0.49040973054644366,0.518,9,3,Home
770,5116,5.0,S5,10,PHB,PHB,NUL,0,1,0,3,1,0,0,0,0,1,3,1,1,0,0,4,10,2.0,1,-0.3412887828162292,0.0741393763277933,-0.173965,4,2,Home
770,5164,5.0,S5,14,PHB,PHB,TRA,0,0,0,0,0,0,0,1,0,0,0,0,0,0,0,0,1,0.3333333333333333,0,-0.28512310110005235,0.03251335991462227,0.0291,0,0,Away
770,6014,6.0,S6,1,PHB,PHB,SUP,0,0,1,1,0,0,0,3,0,1,1,0,0,0,0,2,7,1.6666666666666667,1,0.8667966665049249,-0.057673288962536894,-0.0966,2,1,Away
770,6028,6.0,S6,2,LIM,LIM,POR,0,0,1,2,3,0,0,2,3,0,1,3,1,0,0,3,15,3.3333333333333335,3,0.5264551385241042,0.00951100976463726,-0.07260000000000003,4,3,Away
770,6041,6.0,S6,3,PHB,PHB,MBT,1,0,2,0,0,0,0,1,0,0,0,0,0,0,0,3,4,0.3333333333333333,3,2.801114021187311,-0.26353632915418507,-0.3355,0,0,Away
770,6070,6.0,S6,5,LIM,LIM,SUP,1,0,0,1,1,1,0,2,0,1,0,1,1,0,0,2,7,1.6666666666666667,1,0.06712922205593219,0.02229345548236237,-0.011599999999999997,1,1,Home
770,6082,6.0,S6,6,LIM,LIM,FRG,0,0,0,0,0,0,0,0,0,0,2,2,0,0,0,0,4,1.3333333333333333,0,-1.1576214976444335,0.1323372227289894,0.0058000000000000005,4,3,Away
770,6097,6.0,S6,7,LIM,LIM,SLT,0,0,0,0,0,0,0,0,0,0,1,1,0,0,0,0,2,0.6666666666666666,0,-0.40698146439282357,0.04898568292155538,0.0801,2,1,Away
770,7002,7.0,S7,1,TBL,TBL,BBC,0,0,0,1,1,1,0,1,0,1,0,1,0,1,0,1,5,1.0,1,0.4514737598849748,-0.0200191434873404,-0.0207,2,0,Home
770,7027,7.0,S7,4,TBL,TBL,TRI,0,0,0,0,0,0,0,1,0,0,1,0,0,0,0,0,2,0.6666666666666666,0,-0.7692307692307693,0.08529915442346261,0.0019,1,0,Away
770,7039,7.0,S7,5,TBL,TBL,SSC,0,1,0,0,1,1,0,0,0,0,0,0,0,0,0,1,2,0.0,1,2.0,-0.1916239224996143,-0.3557,0,0,Home
770,7111,7.0,S7,14,FAP,FAP,CPR,1,0,2,4,2,0,0,2,2,0,6,3,2,0,0,7,22,5.0,1,-1.7426312005751259,0.2663999725617552,0.12869999999999998,9,4,Away
770,8017,8.1,S8A,3,PPM,PPM,NXS,0,0,1,2,1,0,0,3,3,0,1,3,0,0,0,3,14,3.3333333333333335,1,-1.1233333333333333,0.17187335512725238,-0.03879999999999997,6,3,Home
770,8026,8.1,S8A,5,PPM,PPM,CDT,0,0,0,0,2,0,0,1,0,0,1,0,1,0,0,0,4,1.0,0,-0.6766666666666666,0.08467810146492924,0.006800000000000002,1,1,Home
770,8516,8.2,S8B,4,SCU,SCU,TXR,0,0,1,2,4,0,0,5,2,2,4,4,1,0,0,3,24,6.0,1,-2.865671641791045,0.38881477260618647,0.42350000000000004,11,6,Home
770,8530,8.2,S8B,8,SCU,SCU,SBD,0,0,0,1,0,0,0,1,1,0,0,1,0,0,0,1,4,1.0,0,-0.6442786069651741,0.08146912876769774,0.04580000000000001,2,1,Home
771,5036,5.0,S5,3,POR,POR,MVM,0,3,2,1,1,0,0,7,3,1,4,2,1,0,0,6,24,6.0,4,-0.023866348448687458,0.09841183015567771,0.007799999999999994,10,6,Away
771,5117,5.0,S5,10,POR,POR,DAD,0,0,2,2,1,0,0,3,5,2,2,4,1,0,0,4,21,5.666666666666667,1,-2.5568004801852147,0.3397020939154793,0.051079,12,5,Away
771,5143,5.0,S5,12,POR,POR,SAR,2,1,3,3,2,0,0,5,3,2,3,4,1,0,0,9,28,6.0,6,1.9761336515513122,-0.08558397062585416,0.04970000000000008,12,7,Home
771,5155,5.0,S5,13,POR,POR,KTY,2,0,1,3,2,0,1,7,3,1,4,3,0,0,0,6,26,6.0,5,0.9761336515513122,0.006413929764911782,0.0613,9,6,Away
772,5033,5.0,S5,3,DAD,DAD,TAC,1,0,1,3,2,0,0,1,2,0,2,4,1,0,0,5,16,4.0,2,-1.5651246635860456,0.2205292632324772,0.01970000000000001,6,3,Away
772,5069,5.0,S5,6,DAD,DAD,LMN,1,0,0,1,0,0,0,2,0,2,3,1,0,0,1,2,10,3.0,1,-1.0119331742243438,0.1452048652732218,0.04049999999999997,6,2,Home
772,5095,5.0,S5,8,DAD,DAD,KTY,2,0,0,4,1,0,0,1,3,1,2,2,2,1,0,6,16,3.6666666666666665,4,1.5905904850816501,-0.0910412018296753,-0.28219999999999995,4,3,Away
772,5107,5.0,S5,9,DAD,DAD,SAR,2,1,1,4,2,0,0,1,3,0,7,2,2,1,0,8,23,5.0,5,1.6467780429594272,-0.06865260898513378,0.11048400000000003,8,2,Home
772,5141,5.0,S5,12,DAD,DAD,NUL,0,0,0,1,1,0,0,1,0,0,1,2,0,0,0,1,6,1.3333333333333333,0,-0.13771025967158768,0.037777324794861,-0.01409999999999998,2,2,Away
775,5055,5.0,S5,5,TAC,TAC,TRA,1,0,2,1,5,1,0,2,8,1,1,0,0,0,0,4,21,4.0,4,2.0083599638633816,-0.11681395048938034,-0.14730000000000001,6,2,Away
775,5093,5.0,S5,8,TAC,TAC,TAI,0,0,0,0,1,0,0,0,0,0,1,1,1,0,0,0,3,1.0,0,-0.6706443914081146,0.07906758855466259,0.1956,2,2,Home
775,5104,5.0,S5,9,TAC,TAC,PHB,0,0,1,0,7,0,0,3,8,2,1,3,1,0,0,1,25,6.0,0,-4.023866348448688,0.5024128799602947,0.4561,10,6,Away
775,5118,5.0,S5,10,TAC,TAC,LMN,1,0,0,0,0,0,0,0,4,2,1,5,0,0,0,1,13,4.0,1,-1.6825775656324584,0.22027140402326736,-0.123456,9,6,Home
775,5131,5.0,S5,11,TAC,TAC,KTY,0,0,0,0,2,0,0,2,10,2,1,3,0,0,0,0,20,6.0,0,-4.023866348448688,0.4824076309372095,0.45200000000000007,9,5,Away
775,5142,5.0,S5,12,TAC,TAC,JUP,1,0,0,1,3,0,0,5,7,1,4,0,1,0,0,2,22,6.0,2,-2.0238663484486876,0.2904097305464436,0.15709999999999996,8,2,Home
775,5153,5.0,S5,13,TAC,TAC,NUL,0,0,1,1,2,0,0,3,6,1,1,3,1,0,0,2,18,5.0,0,-3.353221957040573,0.407341092187164,0.36579999999999996,7,6,Home
775,5166,5.0,S5,14,TAC,TAC,DAD,1,0,1,1,4,0,0,0,8,0,1,3,0,0,0,3,19,4.0,2,-0.49211084592946186,0.12523103088066992,-0.09690000000000004,6,5,Away
775,6048,6.0,S6,4,PUK,PUK,WWC,0,0,3,5,1,0,0,2,12,0,1,2,0,0,0,8,26,5.666666666666667,3,-0.032098914771549136,0.11094786574670423,-0.22009999999999996,9,3,Away
775,6143,6.0,S6,11,PUK,PUK,SGP,0,0,0,0,2,0,0,3,13,0,0,2,0,0,0,0,20,6.0,0,-3.39527027027027,0.42240239184975725,0.5831000000000001,10,2,Home
775,6170,6.0,S6,13,PUK,PUK,CBC,0,0,2,0,1,0,0,1,1,0,1,1,0,0,0,2,7,1.3333333333333333,0,-0.7247752923639332,0.1014839069243489,-1.3552527156068805e-20,2,2,Home
775,6189,6.0,S6,14,PUK,PUK,LID,1,0,0,1,1,0,0,2,7,3,2,1,0,0,0,2,18,5.0,2,-0.8293918918918921,0.15752701752964643,-0.2751000000000001,10,7,Away
775,7077,7.0,S7,10,PBA,PBA,RRR,2,0,0,1,1,0,0,4,9,4,1,0,0,0,0,3,22,6.0,2,-1.291157440690151,0.22125259657325774,0.3107000000000001,14,4,Home
775,7094,7.0,S7,12,PBA,PBA,SSJ,0,1,1,0,3,0,0,2,5,2,0,2,1,0,0,2,16,4.0,1,-1.1941049604601004,0.18641911604909558,0.15789999999999998,7,3,Home
775,7098,7.0,S7,13,PBA,PBA,KNX,3,0,0,1,1,0,0,1,5,1,2,2,1,0,0,4,16,4.0,4,1.8058950395398992,-0.11358088395090438,-0.3705,7,4,Away
775,7107,7.0,S7,14,PBA,PBA,BBB,2,0,1,2,0,0,0,2,10,1,2,0,0,0,0,5,20,5.0,2,-0.7426312005751257,0.1580238950613695,0.00929999999999997,9,2,Away
775,8008,8.1,S8A,2,CCD,CCD,BAG,1,0,0,0,3,0,0,1,11,2,2,2,0,0,0,1,22,6.0,2,-2.0599999999999996,0.29956289139044423,0.35509999999999997,11,6,Away
775,8020,8.1,S8A,4,CCD,CCD,BIS,1,0,0,1,0,0,0,2,5,0,1,1,0,0,0,2,11,3.0,1,-1.0299999999999998,0.14978144569522212,-0.024700000000000017,3,1,Away
775,8032,8.1,S8A,6,CCD,CCD,CDT,2,1,0,1,2,0,0,2,11,1,0,1,0,0,0,4,21,5.0,4,0.21272727272727276,0.06803730541815124,0.12360000000000003,10,2,Away
775,8047,8.1,S8A,8,CCD,CCD,PPM,1,0,0,0,0,0,0,1,2,1,1,2,0,1,0,1,8,2.3333333333333335,1,-1.0319047619047619,0.14146620448656702,0.0023000000000000017,4,3,Home
775,9004,9.0,S9,1,BIR,BIR,ARR,0,0,0,2,0,0,0,0,2,1,1,2,0,0,0,2,8,2.0,0,-1.1496062992125984,0.1443832849769901,0.1225,6,4,Away
775,9013,9.0,S9,4,BIR,BIR,AND,1,0,1,2,0,0,0,1,4,1,0,0,0,0,1,4,10,2.3333333333333335,1,-0.5113084268721728,0.09158699338884643,0.013000000000000005,5,2,Away
775,9029,9.0,S9,8,BIR,BIR,ARR,0,0,0,1,1,0,0,0,6,0,4,2,0,0,0,1,14,4.0,0,-2.2992125984251968,0.28141090619004766,0.6172,10,6,Home
775,9042,9.0,S9,11,BIR,BIR,POS,0,0,0,3,2,0,0,0,0,0,0,0,0,0,0,3,5,0.0,5,5.0,-0.48161084059016857,-0.0907,0,0,Home
776,4101,4.0,S4,13,DCL,DCL,LDN,0,0,1,0,2,0,0,1,0,0,0,1,1,0,0,1,5,1.0,0,-0.6375296743790524,0.08473162186053255,0.005899999999999999,1,1,Away
776,5045,5.0,S5,4,TAI,TAI,NUL,0,0,0,0,0,0,0,1,1,0,0,0,0,0,0,0,2,0.6666666666666666,0,-0.3974763406940063,0.047749733678634707,0.0073999999999999995,1,0,Away
776,5067,5.0,S5,6,TAI,TAI,MVM,0,0,1,4,1,0,0,7,2,0,2,3,1,0,0,5,20,5.0,1,-0.5436886767435696,0.13438986376669773,-0.025599999999999956,7,4,Home
776,5093,5.0,S5,8,TAI,TAI,TAC,1,0,0,4,3,0,0,3,7,1,0,3,1,0,0,5,22,5.0,2,-1.3532219570405732,0.2233452914056322,-0.09759999999999996,8,3,Away
776,5118,5.0,S5,10,LMN,LMN,TAC,0,0,0,4,1,0,0,4,6,3,1,2,2,0,0,4,21,6.0,0,-4.023866348448688,0.48640868074182664,0.47735399999999995,9,3,Away
776,5163,5.0,S5,14,TAI,TAI,LMN,0,1,0,2,4,1,0,2,0,2,1,0,0,1,1,3,12,2.0,3,1.6587112171837708,-0.10985642445373861,-0.2028,4,2,Home
776,6027,6.0,S6,2,PHB,PHB,SLT,0,0,0,0,1,0,0,0,3,1,1,2,0,0,0,0,8,2.3333333333333335,0,-1.330642735569446,0.16621441948603669,0.1719,6,3,Home
776,6056,6.0,S6,4,PHB,PHB,BBB,0,0,0,1,0,0,0,0,0,0,1,0,0,0,0,1,2,0.3333333333333333,1,0.4272445820433435,-0.03443692172206132,-0.0703,1,1,Away
776,6059,6.0,S6,5,JEF,JEF,CWJ,0,1,0,2,1,0,0,2,0,0,0,1,0,0,0,3,7,1.0,4,3.1420862233915328,-0.2852022446511977,-0.36019999999999996,1,1,Away
776,6129,6.0,S6,10,JEF,JEF,RBD,0,0,2,3,2,0,0,6,8,0,3,1,0,0,0,5,25,6.0,0,-3.39527027027027,0.4431212330554398,0.5831,7,4,Home
776,7007,7.0,S7,1,STK,STK,SSC,0,2,1,2,1,0,0,5,0,0,2,2,1,0,0,5,15,3.3333333333333335,2,0.6645906917138125,-0.003638487918488559,-0.10039999999999999,3,2,Home
776,7108,7.0,S7,14,STK,STK,TRI,0,0,1,2,1,0,0,3,2,3,0,4,1,0,1,3,16,4.666666666666667,2,-1.372438892882818,0.20844054804156018,0.2681,7,5,Away
776,8031,8.1,S8A,6,GND,GND,BAG,1,0,0,5,0,0,0,2,1,1,1,2,1,0,0,6,13,2.6666666666666665,5,1.0493760262725782,-0.049650439532904406,-0.4231,5,2,Home
776,11017,11.0,S11,3,ARA,ARA,SHH,2,0,1,1,0,0,0,3,3,0,1,3,0,0,0,4,14,3.3333333333333335,3,0.9378331016979877,-0.03746603042085352,-0.04700000000000003,7,3,Away
776,11082,11.0,S11,14,ARA,ARA,HOT,0,0,1,1,2,0,0,7,3,1,2,4,0,0,1,2,21,6.0,0,-3.6009426551453263,0.4485928479771609,0.4878,9,7,Home
776,12012,12.0,S12,3,DDD,DDD,PQD,2,0,0,0,1,0,0,3,2,0,0,1,0,0,0,2,9,2.0,2,1.0657661724365428,-0.06939851255495992,-0.1411,2,1,Home
776,12028,12.0,S12,6,DDD,DDD,SAL,0,1,0,2,1,0,0,4,3,2,3,3,1,0,0,3,20,6.0,2,-1.6749192680301395,0.2501099372223348,0.1759,9,5,Away
776,12046,12.0,S12,10,DDD,DDD,MMN,0,1,1,1,1,0,0,4,1,0,2,0,0,0,0,3,11,2.3333333333333335,3,0.8705695630652219,-0.0416170505758957,-0.1313,3,2,Home
776,12063,12.0,S12,13,DDD,DDD,SDV,0,0,0,1,2,0,0,4,5,1,0,2,0,0,0,1,15,4.0,0,-2.44994617868676,0.3069581256831666,0.3166,5,2,Away
776,12066,12.0,S12,14,DDD,DDD,SEF,1,0,2,1,3,0,0,1,1,3,0,1,0,0,1,4,13,2.3333333333333335,3,2.1760152827496433,-0.15976892098143972,-0.17500000000000002,6,2,Home
777,5019,5.0,S5,2,TAI,TAI,PHB,2,0,1,1,0,0,0,3,3,0,0,0,0,0,0,4,10,2.0,4,2.658711217183771,-0.2258606236722067,-0.2718,1,0,Home
777,6026,6.0,S6,2,BBB,BBB,FRG,0,0,0,1,1,0,0,1,0,0,0,0,0,0,0,1,3,0.3333333333333333,0,0.9284313499296312,-0.08041183026955358,-0.0772,0,0,Home
778,5115,5.0,S5,10,TAI,TAI,SAR,2,0,0,3,3,0,0,4,0,0,0,0,0,0,0,5,12,1.3333333333333333,8,5.1142667727393265,-0.46341407961852815,-0.131935,2,0,Home
778,5139,5.0,S5,12,TAI,TAI,TRA,2,0,1,1,2,0,0,6,2,1,0,0,0,0,0,4,15,3.0,5,2.9880668257756557,-0.23879093550831001,-0.32309999999999994,2,0,Away
778,5163,5.0,S5,14,TAI,TAI,LMN,0,0,1,1,1,0,0,4,1,0,1,0,1,0,0,2,9,2.3333333333333335,2,-0.5471444418299776,0.09072389242455113,-0.011800000000000019,2,1,Home
778,6026,6.0,S6,2,BBB,BBB,FRG,0,1,0,1,1,0,0,2,0,1,0,0,0,0,0,2,6,1.0,2,1.6813849270214773,-0.14327588325532867,-0.1968,1,0,Home
778,6081,6.0,S6,6,BBB,BBB,HEL,0,0,0,0,0,0,0,1,0,0,1,0,0,0,0,0,2,0.6666666666666666,0,-0.40698146439282357,0.04898568292155538,0.0465,1,1,Away
778,6094,6.0,S6,7,BBB,BBB,TAK,0,1,0,0,0,0,0,1,3,1,0,0,0,0,0,1,6,1.6666666666666667,0,-0.972859842771202,0.12214859372393927,0.1054,3,0,Home
778,6152,6.0,S6,11,BBB,BBB,MBT,3,2,2,2,1,0,0,3,1,1,1,3,1,0,0,9,19,3.3333333333333335,7,4.303811441603183,-0.35164954757872463,-0.6482999999999999,7,4,Away
778,7051,7.0,S7,7,SSJ,SSJ,WSW,0,0,0,1,1,0,0,1,1,1,0,0,0,0,0,1,5,1.0,0,-0.5485262401150252,0.07579281776246674,0.037599999999999995,1,0,Home
778,7093,7.0,S7,12,KNX,KNX,BBB,0,0,0,1,1,0,0,8,3,4,2,1,0,0,0,1,20,6.0,0,-3.291157440690151,0.41287651907287204,0.3611,11,3,Away
778,8002,8.1,S8A,1,PPM,PPM,LAC,1,0,0,0,2,0,0,2,0,0,2,0,1,0,1,1,7,2.0,1,-0.9525287356321838,0.12927574315974358,0.04619999999999999,3,2,Away
778,8026,8.1,S8A,5,PPM,PPM,CDT,0,1,0,2,0,0,0,5,1,3,1,1,0,0,0,3,14,3.6666666666666665,2,-1.0739560439560438,0.16693562618952343,0.20199999999999996,5,1,Home
778,8042,8.1,S8A,7,PPM,PPM,SCU,1,1,1,0,0,0,0,4,3,2,3,2,0,0,0,3,17,4.666666666666667,3,-0.996969696969697,0.1719955675895857,0.04280000000000003,9,5,Away
778,8505,8.2,S8B,2,ESP,ESP,MOB,1,0,0,1,1,0,0,7,4,5,3,2,0,1,0,2,24,7.0,2,-3.1122469842567986,0.4177326238705569,0.2933,13,4,Away
778,8518,8.2,S8B,5,ESP,ESP,SBD,4,0,0,1,1,0,0,2,1,1,1,0,0,0,0,5,11,1.6666666666666667,5,3.877465952092818,-0.3408831080135359,-0.3458,3,2,Away
778,9008,9.0,S9,2,ARR,ARR,FLB,0,0,0,1,0,0,0,0,0,0,1,2,0,1,0,1,4,1.0,0,-0.5748031496062992,0.07586947437046135,0.2274,3,3,Away
778,9010,9.0,S9,3,ARR,ARR,POS,0,0,1,4,0,0,0,1,1,0,1,1,1,1,0,5,9,1.6666666666666667,3,1.9251968503937007,-0.15574136621970727,-0.5613000000000001,4,2,Home
778,9029,9.0,S9,8,ARR,ARR,BIR,1,0,0,1,0,0,0,0,0,0,0,0,0,0,0,2,2,0.0,1,1.2761285274123344,-0.12025718897730087,-0.1402,0,0,Away
778,9041,9.0,S9,11,ARR,ARR,GOP,2,0,1,1,0,0,0,6,4,2,2,4,0,1,0,4,22,6.0,4,0.5511811023622049,0.029472023049004092,0.014000000000000026,10,5,Home
778,9056,9.0,S9,14,ARR,ARR,AND,2,1,0,4,0,0,0,5,3,2,3,3,0,2,2,7,23,6.0,4,0.5511811023622051,0.0441833505768692,-0.12530000000000005,13,7,Home
778,10006,10.0,S10,2,KRK,KRK,BEE,2,0,1,0,2,0,0,4,3,1,1,2,0,0,0,3,16,3.6666666666666665,3,0.8859495324532451,-0.026509054904511248,-0.15900000000000003,7,3,Home
778,10018,10.0,S10,4,KRK,KRK,ACK,2,0,1,3,2,0,1,2,1,0,1,1,0,0,0,6,13,1.6666666666666667,6,5.040017638127449,-0.4535569714108342,-0.33980000000000005,3,2,Away
778,10036,10.0,S10,8,KRK,KRK,GRS,0,0,0,0,1,0,1,2,2,0,1,0,1,0,0,0,6,2.0,0,-1.3773377337733774,0.1610159852551427,0.2958,3,1,Home
778,10048,10.0,S10,10,KRK,KRK,CRN,0,0,0,1,1,0,1,4,2,2,1,2,0,0,0,1,13,3.6666666666666665,0,-2.3373200956459286,0.28417680196650363,0.25529999999999997,7,3,Home
779,6005,6.0,S6,1,LID,LID,AAL,2,0,2,2,1,0,0,1,3,0,0,1,0,0,0,6,12,1.6666666666666667,6,5.027140157228798,-0.4529887968292417,-0.3852,3,1,Home
779,6042,6.0,S6,3,LID,LID,BAC,2,0,1,1,1,0,1,3,2,0,1,1,0,0,0,4,12,2.3333333333333335,4,2.669357264430554,-0.21721050754941726,-0.3517,4,2,Home
783,6018,6.0,S6,2,RBD,RBD,LMN,1,1,0,1,1,0,0,0,0,0,0,0,0,1,0,3,4,0.0,3,3.0203285181733457,-0.281314010611652,-0.3356,0,0,Away
783,6173,6.0,S6,13,RBD,RBD,LID,2,0,0,2,1,0,0,4,3,4,4,2,1,0,0,4,22,6.0,2,-1.3952702702702704,0.2306899283320303,0.05140000000000004,11,7,Home
783,6186,6.0,S6,14,RBD,RBD,AAL,1,0,5,3,2,0,1,1,2,5,2,0,0,0,0,9,21,3.3333333333333335,6,4.104907539118065,-0.32347162084793973,-0.3212999999999999,6,2,Away
783,7049,7.0,S7,7,TBL,TBL,SCG,0,0,0,0,0,0,0,2,3,3,0,0,0,0,0,0,8,2.6666666666666665,0,-1.49939931835172,0.18344424183671476,0.1933,2,1,Home
783,7106,7.0,S7,14,TBL,TBL,BAC,0,0,0,0,0,0,0,0,1,2,0,0,0,0,0,0,3,1.0,0,-0.5485262401150252,0.06741674026208105,0.0021,2,1,Home
783,8042,8.1,S8A,7,SCU,SCU,PPM,0,0,1,3,1,0,0,0,0,1,0,0,0,0,0,4,6,0.3333333333333333,3,3.870503144654088,-0.3615331622680149,-0.3161,1,0,Home
783,8048,8.1,S8A,8,SCU,SCU,BLO,0,0,1,0,1,0,0,0,0,2,0,0,0,0,0,1,4,0.6666666666666666,0,-0.3978723404255319,0.05679866884081578,0.058699999999999974,2,1,Away
783,8530,8.2,S8B,8,SCU,SCU,SBD,0,1,1,0,0,0,0,1,0,2,0,0,0,0,0,2,5,1.0,1,0.35572139303482575,-0.014270554214507167,-0.06390000000000001,2,0,Home
783,10060,10.0,S10,12,ZAH,ZAH,CRN,1,0,2,3,2,0,0,2,3,5,3,1,1,0,0,6,22,5.0,3,-0.4433443344334438,0.1297025436619626,-0.05790000000000001,9,5,Away
786,5131,5.0,S5,11,KTY,KTY,TAC,3,1,0,3,2,0,0,0,10,2,1,4,0,0,1,7,26,6.0,6,1.9761336515513122,-0.08958502043047115,-0.04869999999999998,12,7,Home
786,9028,9.0,S9,7,KGB,KGB,NNL,0,0,0,1,0,0,0,0,1,1,1,0,0,1,0,1,4,1.0,0,-0.5748031496062992,0.07586947437046135,0.0645,3,1,Home
786,10048,10.0,S10,10,CRN,CRN,KRK,0,0,1,1,2,0,0,2,7,1,2,4,2,0,0,2,20,6.0,0,-4.132013201320133,0.4908086930580298,0.6927,11,7,Away
786,10064,10.0,S10,13,CRN,CRN,ACK,0,1,2,4,0,0,0,5,6,1,3,0,0,1,0,7,22,5.0,3,-0.44334433443344357,0.13358291230826336,-0.17890000000000006,5,2,Away
786,12034,12.0,S12,7,KEG,KEG,SDV,1,0,0,1,1,0,0,2,1,1,3,0,0,0,0,2,10,2.3333333333333335,1,-0.7691872678880157,0.11822773199846201,0.005899999999999999,4,3,Away
786,12050,12.0,S12,10,KEG,KEG,WWC,0,0,0,1,2,0,0,2,0,1,1,2,2,1,0,1,9,2.6666666666666665,0,-1.786293844060361,0.21993838961569653,0.0885,4,3,Away
787,4109,4.0,S4,14,LMN,LMN,DCL,3,0,2,3,1,0,0,2,4,0,4,2,0,0,0,8,21,4.0,6,2.25748502994012,-0.1376381544189774,-0.5383000000000001,9,7,Away
788,5002,5.0,S5,1,CHI,CHI,RKT,1,0,1,0,0,0,0,1,1,2,1,1,0,0,0,2,8,2.0,2,0.658711217183771,-0.03386272328144076,-0.15109999999999998,4,2,Away
788,6168,6.0,S6,12,SLT,SLT,POR,3,0,0,0,1,0,0,0,2,4,0,0,0,0,1,3,10,2.3333333333333335,3,1.669357264430554,-0.12135427579055379,-0.1865,5,1,Away
788,6176,6.0,S6,13,SLT,SLT,CIM,1,0,0,1,1,0,0,2,1,4,0,1,1,0,0,2,11,3.0,1,-0.9448984405349908,0.14007129470600072,0.058499999999999996,5,3,Home
812,5026,5.0,S5,3,CHI,CHI,WSH,1,0,2,1,2,0,1,1,0,0,3,0,0,0,0,4,10,1.3333333333333333,6,5.056187557877777,-0.46560825774160736,-0.3801,2,0,Home
814,5041,5.0,S5,4,SPR,SPR,YUM,0,1,1,4,2,0,0,2,1,3,0,0,0,0,0,6,14,2.0,6,4.658711217183771,-0.40985642445373854,-0.36499999999999994,3,0,Home
815,5013,5.0,S5,2,WSH,WSH,RKT,1,0,0,0,0,0,0,0,0,0,0,1,0,0,0,1,2,0.3333333333333333,1,0.7268319492858917,-0.06468109531935509,-0.08009999999999999,1,1,Home
815,5026,5.0,S5,3,WSH,WSH,CHI,1,0,2,3,0,0,0,7,3,6,2,0,0,0,0,6,24,6.0,2,-2.0238663484486876,0.2984118301556777,0.15300000000000005,8,3,Away
815,5039,5.0,S5,4,WSH,WSH,WWC,0,0,1,0,0,0,0,1,1,0,0,0,0,0,0,1,3,0.6666666666666666,0,-0.20357852314464153,0.03236100172831527,0.02260000000000001,0,0,Away
815,5061,5.0,S5,6,WSH,WSH,ISO,1,0,1,3,1,0,0,1,3,2,1,3,2,0,0,5,16,4.0,3,0.3174224343675416,0.03227455343711847,-0.06190000000000004,7,3,Home
815,5097,5.0,S5,9,WSH,WSH,YUM,0,0,2,3,0,0,0,2,3,3,3,1,0,0,0,5,17,4.0,1,-1.6825775656324584,0.23627560324173552,0.0741,8,4,Home
815,5123,5.0,S5,11,WSH,WSH,GBC,0,2,1,1,1,0,0,1,2,0,1,1,0,1,0,4,10,1.6666666666666667,4,3.1257770854472438,-0.2685661606939369,-0.2672,2,2,Away
815,5145,5.0,S5,13,WSH,WSH,RKT,0,0,0,0,0,0,0,1,3,1,0,1,0,0,0,0,6,2.0,0,-1.3412887828162292,0.15813517710932515,0.14100000000000001,2,1,Away
815,6010,6.0,S6,1,TTT,TTT,TAK,1,0,2,1,0,0,0,3,1,4,2,0,0,1,0,4,14,3.3333333333333335,3,1.526455138524104,-0.09048899023536273,-0.2288,6,4,Away
815,6025,6.0,S6,2,TTT,TTT,SUP,1,0,0,2,1,0,0,0,0,3,1,0,0,0,0,3,8,1.3333333333333333,3,0.8383924969745864,-0.05068910376836653,-0.09149999999999998,4,1,Home
815,6068,6.0,S6,5,TTT,TTT,BBB,0,0,1,0,3,0,2,4,2,0,0,0,0,1,2,1,10,2.6666666666666665,0,-1.3856621165853882,0.19243519879331347,0.1704,2,1,Away
815,6105,6.0,S6,8,TTT,TTT,SAS,0,0,1,0,3,0,1,4,2,8,1,3,0,0,0,1,22,6.0,0,-3.39527027027027,0.4306899283320303,0.36700000000000005,13,6,Home
815,6138,6.0,S6,10,TTT,TTT,FRG,1,0,2,1,3,0,0,4,4,7,0,1,0,0,0,4,23,5.333333333333333,3,-0.23737553342816498,0.1190442228889563,0.09529999999999995,9,3,Home
815,6166,6.0,S6,12,TTT,TTT,PHB,0,0,2,2,0,0,0,1,0,0,1,1,0,0,0,4,7,1.0,3,2.9215765765765767,-0.26315127996970206,-0.2895,2,2,Home
1687,5003,5.0,S5,1,PPP,PPP,WWC,0,0,0,2,2,0,0,3,3,0,4,1,1,0,0,2,15,4.0,0,-2.6825775656324584,0.3282735036325014,0.031,7,4,Home
1687,5037,5.0,S5,4,PPP,PPP,KRB,1,0,0,0,0,0,0,3,0,2,1,0,0,0,0,1,7,2.0,1,-0.3412887828162292,0.0621362269139422,0.004800000000000008,2,1,Away
1687,5052,5.0,S5,5,PPP,PPP,WSH,0,0,0,0,0,0,0,0,0,0,0,1,0,0,0,0,1,0.3333333333333333,0,-0.2153145871036813,0.025532508514985165,0.0368,1,1,Home
1687,5101,5.0,S5,9,PPP,PPP,SPR,0,0,0,0,0,0,0,0,1,0,1,0,0,0,0,0,2,0.6666666666666666,0,-0.4884826378177896,0.05685036339101304,0.0504,2,1,Home
1687,6082,6.0,S6,6,LIM,LIM,FRG,4,2,0,0,4,0,2,5,3,1,2,0,0,0,0,6,21,3.6666666666666665,7,5.328229605752542,-0.44580382751138736,-0.4853,4,0,Away
1687,6097,6.0,S6,7,LIM,LIM,SLT,1,0,0,0,3,0,1,5,2,2,0,2,1,0,0,1,15,4.0,1,-1.2635135135135136,0.18850787496839905,0.04770000000000002,5,2,Away
1687,6110,6.0,S6,8,LIM,LIM,LMN,0,0,1,0,1,0,1,3,1,0,1,0,1,0,0,1,7,2.0,1,-0.644301801801802,0.09343655786813579,0.05349999999999999,2,1,Home
1687,6122,6.0,S6,9,LIM,LIM,PBA,3,1,1,1,3,0,1,8,8,1,1,0,0,0,0,6,27,6.0,3,-0.3952702702702704,0.15140876953771287,0.13159999999999997,9,1,Away
1687,6140,6.0,S6,10,LIM,LIM,MBT,1,1,0,0,2,0,1,5,4,1,4,1,0,0,0,2,19,5.0,1,-1.829391891891892,0.26167078577078295,0.16499999999999998,8,4,Home
1687,6153,6.0,S6,11,LIM,LIM,PHB,2,0,1,1,3,0,1,6,1,1,3,2,1,0,1,4,20,5.0,2,-0.8293918918918921,0.16995832225305596,-0.07049999999999998,7,5,Away
1687,6167,6.0,S6,12,LIM,LIM,BBB,2,0,1,1,4,0,0,5,6,1,0,2,0,2,1,4,22,5.0,4,1.1706081081081081,-0.013466604782398008,-0.12559999999999982,6,2,Home
1687,6179,6.0,S6,13,LIM,LIM,TTT,5,0,2,1,2,0,0,7,4,1,1,3,0,0,0,8,26,5.333333333333333,9,5.9717221292954195,-0.4894342386599926,-1.1835,8,5,Away
1687,6191,6.0,S6,14,LIM,LIM,MVS,1,0,3,1,1,0,0,3,2,1,2,1,0,0,0,5,15,3.0,4,2.302364864864865,-0.1680799628694388,-0.3566999999999999,5,1,Home
1692,5004,5.0,S5,1,YUM,YUM,TSA,1,1,1,0,1,0,0,2,4,1,2,0,0,0,0,3,13,3.0,2,-0.011933174224343757,0.053206964882455875,-0.0538,5,3,Home
1692,5016,5.0,S5,2,YUM,YUM,PPP,1,0,1,0,2,0,0,0,6,1,1,1,1,0,0,2,13,3.3333333333333335,1,-1.0086645221541977,0.15288009967544128,0.11649999999999999,4,1,Away
1692,5041,5.0,S5,4,YUM,YUM,SPR,0,0,0,1,0,0,0,1,3,0,3,0,1,0,0,1,8,2.6666666666666665,0,-1.7387651235102355,0.20588491078795987,0.029600000000000008,6,4,Away
1692,5053,5.0,S5,5,YUM,YUM,ISO,1,1,0,2,0,0,0,0,2,0,1,0,0,0,0,4,7,1.0,3,2.3293556085918854,-0.20492821222686933,-0.4426999999999999,1,1,Home
1692,5085,5.0,S5,8,YUM,YUM,KRB,0,0,0,3,5,0,0,3,9,1,2,2,1,0,0,3,25,6.0,0,-4.023866348448688,0.5024128799602947,0.4695,9,3,Away
1692,6002,6.0,S6,1,CWJ,CWJ,CBC,0,0,0,3,0,0,0,1,1,1,1,0,0,0,0,3,7,1.3333333333333333,0,-0.8778513969281254,0.11679151738076812,0.06839999999999999,2,1,Away
1692,6020,6.0,S6,2,CWJ,CWJ,PUK,0,0,0,1,0,0,0,0,2,0,0,1,0,0,0,1,4,1.0,0,-0.5658783783783784,0.0731629108023839,0.037599999999999995,1,1,Home
1692,6034,6.0,S6,3,CWJ,CWJ,MPD,1,0,0,10,1,0,0,6,2,6,0,3,0,1,0,11,29,5.666666666666667,4,0.9167027482794767,0.03264277240614767,-0.4436,9,4,Away
1692,6059,6.0,S6,5,CWJ,CWJ,JEF,1,0,0,4,3,0,0,4,1,3,1,1,0,2,0,5,18,3.3333333333333335,3,0.7023648648648649,0.012638878336243768,-0.059100000000000055,4,2,Home
1692,6091,6.0,S6,7,CWJ,CWJ,SAR,0,0,0,3,1,0,0,4,5,5,1,3,0,1,0,3,22,6.0,1,-2.39527027027027,0.3348336965731668,0.45370000000000005,10,5,Home
1692,6130,6.0,S6,10,CWJ,CWJ,AAL,1,0,1,2,4,0,0,4,1,7,5,1,1,0,0,4,26,6.333333333333333,2,-1.5541671842558253,0.2631546926951318,0.38999999999999996,13,8,Home
1692,6187,6.0,S6,14,CWJ,CWJ,SAS,1,0,0,2,1,0,0,2,2,8,2,1,0,0,0,3,19,5.0,1,-1.829391891891892,0.26167078577078295,0.1193,12,5,Away
1692,7018,7.0,S7,3,RRR,RRR,BBC,1,0,2,4,2,0,0,4,2,3,0,1,0,2,0,7,19,3.3333333333333335,6,4.113951911577814,-0.3234463774037316,-0.5730999999999999,5,2,Away
1692,7077,7.0,S7,10,RRR,RRR,PBA,1,2,2,1,2,0,0,4,5,2,2,2,0,0,0,6,23,5.0,4,1.2573687994248743,-0.029411988688051956,-0.18929999999999997,8,6,Away
1695,5001,5.0,S5,1,KRB,KRB,WSH,1,0,2,4,2,0,0,1,1,7,2,1,0,0,0,7,21,4.0,3,0.31742243436754136,0.052279802460203674,-0.05840000000000002,10,4,Away
1695,5014,5.0,S5,2,KRB,KRB,CHI,0,0,0,0,2,0,0,1,0,1,1,0,0,0,0,0,5,1.0,0,-0.6706443914081146,0.08706968816389665,0.058699999999999995,1,1,Home
1695,5037,5.0,S5,4,KRB,KRB,PPP,1,0,2,4,1,0,0,3,4,6,3,0,1,0,1,7,24,6.0,1,-3.0238663484486876,0.40241287996029473,0.4346000000000001,8,3,Home
1695,5066,5.0,S5,6,KRB,KRB,GTY,2,0,0,3,1,0,0,3,2,7,1,0,0,2,1,5,19,4.666666666666667,2,-1.171060203450248,0.20512911604659964,0.19059999999999996,8,4,Away
1695,5133,5.0,S5,12,KRB,KRB,WSH,1,0,1,3,1,0,0,3,3,7,2,3,0,0,0,5,24,6.0,1,-3.0238663484486876,0.3984118301556777,0.537,12,5,Home
1695,5158,5.0,S5,14,KRB,KRB,RKT,0,0,2,2,4,0,0,2,4,5,2,2,1,0,0,4,23,6.0,3,-1.0238663484486876,0.19441078035106066,-0.13670000000000002,10,5,Home
1699,5012,5.0,S5,1,PHB,PHB,LMN,2,0,1,1,0,0,0,1,3,0,2,0,0,0,0,4,10,2.0,4,2.658711217183771,-0.2258606236722067,-0.27019999999999994,2,0,Home
1699,5164,5.0,S5,14,PHB,PHB,TRA,0,0,1,0,0,0,0,0,0,0,0,0,0,0,0,1,1,0.0,0,1.4076305220883536,-0.13676200240421832,-0.16469999999999999,0,0,Away
1699,6027,6.0,S6,2,PHB,PHB,SLT,0,0,0,0,2,0,0,0,1,0,1,0,1,0,0,0,4,1.0,0,-0.813141683778234,0.09788924134236947,0.19810000000000005,1,0,Home
1699,6041,6.0,S6,3,PHB,PHB,MBT,0,0,0,0,1,0,0,0,0,0,1,0,1,0,0,0,2,0.6666666666666666,0,-0.5673249551166966,0.06502003199394268,0.11220000000000001,1,0,Away
1699,6056,6.0,S6,4,PHB,PHB,BBB,0,0,0,0,0,0,0,0,0,0,0,1,1,0,0,0,1,0.6666666666666666,0,-0.9701492537313432,0.10115869361427084,0.1286,1,1,Away
1699,6065,6.0,S6,5,PHB,PHB,MVS,0,0,0,0,0,0,0,1,0,0,2,0,0,0,0,0,3,1.0,0,-0.5658783783783784,0.06901914256124737,0.0164,2,0,Home
1699,7091,7.0,S7,12,TBL,TBL,BBC,1,0,0,2,1,0,0,3,2,2,3,1,0,0,1,3,15,4.0,1,-1.1941049604601006,0.1864191160490956,0.3894,6,1,Away
1703,5003,5.0,S5,1,PPP,PPP,WWC,2,0,3,3,2,0,0,3,2,1,0,0,0,0,0,8,16,2.0,8,6.658711217183771,-0.6018543248445045,-0.38339999999999996,2,0,Home
1703,5016,5.0,S5,2,PPP,PPP,YUM,2,0,1,5,1,0,0,4,3,0,4,5,2,0,0,8,25,6.0,5,0.9761336515513122,0.00241287996029476,-0.4373,11,6,Home
1703,5052,5.0,S5,5,PPP,PPP,WSH,0,0,0,1,0,0,0,2,1,1,1,2,0,0,0,1,8,2.3333333333333335,0,-1.6144568335303375,0.19345408178997006,0.179,4,2,Home
1703,5089,5.0,S5,8,PPP,PPP,GTY,2,0,2,4,1,0,0,1,3,2,0,1,0,3,0,8,16,2.3333333333333335,6,4.385543166469663,-0.3625343703592425,-0.38359999999999994,4,1,Away
1703,6025,6.0,S6,2,TTT,TTT,SUP,1,0,0,0,0,0,0,0,0,0,0,0,0,0,0,1,1,0.0,1,2.396843145834346,-0.2355405463422981,-0.21539999999999998,0,0,Home
1703,6050,6.0,S6,4,LIM,LIM,CIM,0,0,1,1,0,0,0,3,0,1,1,3,0,0,0,2,10,2.6666666666666665,1,-1.0603281853281854,0.14747050094418368,0.025799999999999997,5,4,Away
1703,7043,7.0,S7,6,TRI,TRI,BAC,1,0,2,1,2,0,0,1,4,3,1,1,2,0,0,4,16,4.0,1,-1.1941049604601006,0.1864191160490956,0.13090000000000002,7,2,Home
1703,7108,7.0,S7,14,TRI,TRI,STK,1,0,1,0,2,0,0,0,3,1,0,1,0,0,0,2,9,1.6666666666666667,2,2.102636550582649,-0.17257130630652928,-0.0799,5,1,Home
1703,8519,8.2,S8B,5,NUT,NUT,QQ,0,0,0,0,1,0,0,1,0,1,0,1,0,0,0,0,4,1.0,0,-0.6442786069651741,0.08146912876769774,0.06090000000000001,2,1,Away
1703,12002,12.0,S12,1,KEG,KEG,SDV,0,0,1,2,1,0,0,2,3,1,4,0,0,0,2,3,14,4.0,0,-2.44994617868676,0.3110890262041327,0.3116,9,6,Home
1703,12016,12.0,S12,4,KEG,KEG,DDD,1,0,3,1,3,0,0,2,0,2,1,4,2,0,1,5,17,4.0,3,0.5500538213132404,0.019350827246064732,-0.08499999999999998,8,6,Home
1703,12034,12.0,S12,7,KEG,KEG,SDV,1,0,2,3,1,0,0,1,4,1,0,0,0,1,0,6,13,2.0,4,3.0657661724365433,-0.24874400995012969,-0.2623,4,0,Away
1703,12050,12.0,S12,10,KEG,KEG,WWC,2,0,0,2,1,0,1,0,1,0,3,0,0,0,0,4,9,1.3333333333333333,3,2.336347665373601,-0.19645666184866573,-0.2586,4,3,Away
1703,12061,12.0,S12,13,KEG,KEG,CCS,0,0,2,3,2,0,0,3,1,1,4,3,0,1,0,5,19,4.0,2,-0.44994617868675957,0.12761262828799683,0.07250000000000001,9,7,Away
1703,12067,12.0,S12,14,KEG,KEG,SCR,1,0,2,1,0,0,0,0,1,0,0,0,0,0,0,4,5,0.3333333333333333,4,3.0057424704536793,-0.2799197444405377,-0.6165,1,0,Home
1705,5066,5.0,S5,6,GTY,GTY,KRB,0,0,0,0,1,1,0,0,0,0,0,1,1,0,0,0,2,0.6666666666666666,0,-0.9844961240310076,0.10645171201233483,0.0349,1,1,Home
1705,5099,5.0,S5,9,GTY,GTY,CHI,0,0,1,1,1,1,0,1,0,0,0,1,0,0,0,2,5,0.6666666666666666,3,2.033333333333333,-0.1833280843102481,-0.3044,1,1,Away
1705,5138,5.0,S5,12,GTY,GTY,ISO,0,0,0,0,0,0,0,0,0,0,1,0,0,0,0,0,1,0.3333333333333333,0,-1.1327433628318584,0.11727538608780289,0.0227,1,0,Home
1705,5149,5.0,S5,13,GTY,GTY,GBC,0,0,0,0,0,0,0,1,1,0,1,1,1,0,0,0,4,1.6666666666666667,0,-2.3495937489289007,0.2509635741113582,0.2088,2,2,Home
1705,6006,6.0,S6,1,MPD,MPD,PUK,0,0,1,0,2,0,0,0,0,0,0,0,0,0,0,1,3,0.0,2,3.0,-0.2875686952765905,-0.0074,0,0,Away
1705,6018,6.0,S6,2,LMN,LMN,RBD,0,1,2,3,0,0,0,1,2,0,4,2,0,0,0,6,15,3.0,3,1.302364864864865,-0.06807996286943878,-0.1782,6,2,Home
1705,6077,6.0,S6,6,MPD,MPD,SAR,0,1,0,0,0,0,0,0,0,0,0,0,0,0,0,1,1,0.0,0,2.186998394863563,-0.21455607124521983,-0.1696,0,0,Away
1705,6088,6.0,S6,7,MPD,MPD,RBD,0,0,0,0,0,0,0,0,0,0,0,1,1,0,0,0,1,0.6666666666666666,0,-0.9701492537313432,0.10115869361427084,0.0326,1,1,Home
1705,6118,6.0,S6,9,MPD,MPD,AAL,1,0,2,2,2,2,0,3,2,2,3,4,0,0,1,5,21,5.0,2,-0.8293918918918921,0.17410209049419245,-0.053299999999999986,10,6,Away
1705,6175,6.0,S6,13,MPD,MPD,SAS,1,0,3,1,0,0,0,5,4,0,3,6,0,0,0,5,23,6.0,2,-1.3952702702702704,0.23483369657316683,0.0625,10,7,Home
1705,6184,6.0,S6,14,MPD,MPD,CBC,0,0,0,1,0,0,0,0,0,0,1,0,1,0,0,1,2,0.6666666666666666,0,-0.3669923995656894,0.04498677643884197,0.024399999999999998,1,0,Away
1705,6188,6.0,S6,14,LMN,LMN,WWC,0,0,0,0,0,0,0,1,0,0,0,0,0,0,0,0,1,0.3333333333333333,0,-0.14982991444181026,0.01912675968531754,-0.011200000000000002,1,0,Away
1706,5015,5.0,S5,2,WWC,WWC,TSA,0,0,0,0,1,0,0,1,0,0,0,1,0,0,0,0,3,0.6666666666666666,0,-0.33027522935779813,0.04503067234963093,-0.006499999999999997,1,1,Home
1706,5110,5.0,S5,10,WWC,WWC,RKT,0,0,0,0,0,0,0,4,0,1,2,1,0,0,0,0,8,2.6666666666666665,0,-2.01520182629449,0.23352858106638533,0.090324,4,2,Away
1706,5121,5.0,S5,11,WWC,WWC,KRB,1,0,0,0,0,0,0,0,4,0,0,2,0,0,0,1,7,2.0,1,-0.34128878281622915,0.06213622691394219,-0.0076000000000000095,2,2,Away
1706,5135,5.0,S5,12,WWC,WWC,PPP,0,0,0,4,0,0,0,4,4,2,2,3,2,0,1,4,19,6.0,0,-4.023866348448688,0.48240763093720956,0.4826999999999999,8,5,Home
1706,5147,5.0,S5,13,WWC,WWC,TSA,1,0,0,1,2,0,0,1,0,0,0,1,0,0,0,2,6,0.6666666666666666,2,1.9898494357523793,-0.1749786447475357,-0.2726,1,1,Away
1706,5159,5.0,S5,14,WWC,WWC,YUM,0,0,1,1,0,0,0,3,2,1,1,5,0,0,0,2,14,4.0,0,-2.39418581246226,0.29543327851086454,0.2567,9,6,Home
1706,6019,6.0,S6,2,WWC,WWC,SAS,0,0,0,0,1,0,0,1,1,1,0,0,0,0,0,0,4,1.0,0,-0.5658783783783784,0.0731629108023839,0.0182,1,0,Away
1706,6076,6.0,S6,6,WWC,WWC,CWJ,0,0,1,1,0,0,0,0,2,0,0,1,0,0,0,2,5,1.0,1,0.4341216216216216,-0.022693320956479607,-0.059300000000000005,1,1,Home
1706,6106,6.0,S6,8,WWC,WWC,PHB,1,0,1,5,2,0,0,5,4,1,3,1,1,0,0,7,23,5.0,3,0.17060810810810817,0.07824585873532898,-0.033599999999999984,9,4,Away
1706,6159,6.0,S6,12,WWC,WWC,AAL,0,0,1,1,0,0,0,4,1,1,0,2,0,0,0,2,10,2.6666666666666665,0,-0.5001778093883357,0.0914554633501987,0.07740000000000001,4,2,Home
1706,8007,8.1,S8A,2,LAC,LAC,BIS,1,0,0,3,6,0,0,2,1,0,4,3,0,0,0,4,20,4.0,5,1.9837335620354493,-0.113316182212232,0.018100000000000015,7,6,Home
1706,8035,8.1,S8A,6,LAC,LAC,SCU,0,0,0,3,1,0,0,8,3,1,3,1,1,0,1,3,20,6.0,0,-4.06,0.49531003269087853,0.26299999999999996,7,2,Away
1706,8045,8.1,S8A,8,LAC,LAC,GND,0,0,2,0,0,0,0,3,4,1,5,5,0,0,0,2,20,6.0,0,-4.06,0.49105717399131293,0.4081,15,10,Home
1706,8513,8.2,S8B,4,MOB,MOB,QQ,0,0,1,4,2,0,0,2,0,2,2,1,0,0,0,5,14,2.3333333333333335,4,3.3542999289267947,-0.2757855546435483,-0.034,5,3,Away
1709,9006,9.0,S9,2,POS,POS,AND,0,0,0,0,0,0,0,0,1,2,0,0,0,0,0,0,3,1.0,0,-0.5748031496062992,0.06851381060652878,0.0164,2,1,Home
1709,9010,9.0,S9,3,POS,POS,ARR,0,0,0,0,0,0,0,0,1,0,0,0,0,0,0,0,1,0.3333333333333333,0,-0.1431411530815109,0.017991947190117374,0.0216,0,0,Away
1709,9048,9.0,S9,12,POS,POS,NNL,0,0,0,1,0,0,0,1,0,0,1,0,1,0,0,1,3,1.0,0,-0.5748031496062992,0.06851381060652878,0.048299999999999996,1,1,Home
1709,10044,10.0,S10,9,SEO,SEO,CRN,1,0,0,0,0,0,0,0,0,0,0,1,0,0,0,1,2,0.3333333333333333,1,1.4943181818181819,-0.14167108088921654,-0.34600000000000003,1,1,Away
1709,10065,10.0,S10,13,SEO,SEO,KRK,2,0,0,1,0,0,0,0,5,1,1,0,0,0,0,3,10,2.3333333333333335,2,0.11698044804480429,0.027105641658527833,-0.025799999999999997,4,3,Home
1709,11004,11.0,S11,1,WRM,WRM,ROY,2,0,0,2,1,0,0,2,4,3,0,1,0,0,1,4,15,3.6666666666666665,2,-0.09174812788324199,0.07353741821569021,0.0266,8,5,Away
1709,11029,11.0,S11,5,WRM,WRM,PRP,0,0,1,1,2,0,0,3,1,0,3,3,1,0,1,2,14,4.0,0,-2.400628436763551,0.3004027862645108,0.3115,8,6,Away
1709,11040,11.0,S11,7,WRM,WRM,POS,0,0,1,0,0,0,0,1,5,1,2,0,0,0,0,1,10,3.0,0,-1.8004713275726631,0.22027376114937008,0.4965,7,2,Away
1709,11052,11.0,S11,9,WRM,WRM,LOB,1,0,0,1,0,0,0,8,5,0,1,1,0,0,0,2,17,5.0,1,-2.0007855459544386,0.26846382286202025,0.321,6,2,Home
1709,11074,11.0,S11,13,WRM,WRM,LAX,1,0,0,1,0,0,0,4,5,0,0,0,0,0,0,2,11,3.0,1,-0.8004713275726631,0.12429642398858046,0.030200000000000005,3,0,Away
1709,12065,12.0,S12,13,SEF,SEF,SAL,0,0,0,4,1,0,0,2,5,1,3,1,0,0,0,4,17,4.0,1,-1.0874596340150697,0.17897127225792972,-0.0034000000000000002,7,2,Home
1717,6134,6.0,S6,10,HEL,HEL,CIM,1,0,0,0,0,0,0,1,1,1,0,1,0,0,0,1,5,1.3333333333333333,1,0.2352356428089326,-0.002804723075210694,-0.036599999999999994,2,1,Home
1718,6085,6.0,S6,7,BAC,BAC,CBC,1,0,0,2,1,0,0,0,0,2,1,0,0,0,0,3,7,1.0,2,1.4341216216216215,-0.11440578447420656,-0.1728,3,3,Home
1719,5014,5.0,S5,2,KRB,KRB,CHI,2,0,0,0,1,0,0,3,2,7,1,2,0,0,0,2,18,5.0,3,-0.35322195704057324,0.107341092187164,-0.10159999999999997,10,5,Home
1719,5025,5.0,S5,3,KRB,KRB,RKT,0,0,1,0,0,0,0,0,0,2,0,1,0,0,0,1,4,1.0,0,-0.6706443914081146,0.0830686383592796,0.25239999999999996,2,1,Away
1719,5049,5.0,S5,5,KRB,KRB,TSA,2,0,2,5,2,0,1,5,4,7,2,0,0,1,0,9,29,6.0,3,-1.0238663484486874,0.22241812898337993,0.0034000000000000558,8,3,Home
1719,5066,5.0,S5,6,KRB,KRB,GTY,0,0,0,0,0,0,0,1,0,0,0,0,0,0,0,0,1,0.3333333333333333,0,-0.182161753590325,0.02221722516364954,0.022099999999999998,0,0,Away
1719,5077,5.0,S5,7,KRB,KRB,SPR,1,1,1,1,0,0,0,2,2,4,1,3,0,0,0,4,16,4.0,3,0.31742243436754164,0.032274553437118464,-0.1345,9,5,Away
1719,5102,5.0,S5,9,KRB,KRB,GBC,0,0,2,1,3,0,1,3,1,0,0,1,0,0,0,3,11,1.6666666666666667,2,1.5909146070142794,-0.11507991285064048,-0.1899,1,1,Away
1719,6026,6.0,S6,2,FRG,FRG,BBB,2,0,0,2,1,0,0,1,1,3,1,2,1,1,0,4,13,3.0,2,0.3023648648648648,0.027776268889424686,0.127,5,4,Away
1719,11042,11.0,S11,7,DOG,DOG,SHH,0,0,0,0,0,0,0,1,1,5,1,1,0,0,0,0,9,3.0,0,-1.8004713275726631,0.2162510983101597,0.2902,6,3,Away
1720,6003,6.0,S6,1,WWC,WWC,SGP,0,0,0,0,0,0,0,0,5,0,3,1,0,0,0,0,9,3.0,0,-1.697635135135135,0.20705742768374213,0.1017,5,4,Home
1720,6061,6.0,S6,5,WWC,WWC,MPD,0,0,0,1,2,0,0,0,3,1,3,1,0,0,0,1,11,2.6666666666666665,0,-1.4987491563224462,0.19545636628474627,0.24,7,5,Away
1720,6076,6.0,S6,6,WWC,WWC,CWJ,1,0,0,0,1,0,0,0,5,1,0,0,0,0,0,1,8,2.0,1,-0.1317567567567568,0.04632582160476779,-0.0072999999999999975,3,1,Home
1720,6132,6.0,S6,10,WWC,WWC,SAR,0,0,0,0,1,0,0,0,0,0,0,1,0,0,0,0,2,1.0,0,-0.813141683778234,0.08960170486009641,0.013399999999999999,1,1,Home
1721,5017,5.0,S5,2,GBC,GBC,GTY,0,0,2,3,1,1,0,5,2,2,5,3,1,0,0,5,23,6.0,1,-3.0238663484486876,0.39441078035106064,0.19979999999999992,9,3,Home
1721,5076,5.0,S5,7,GBC,GBC,YUM,1,2,1,0,7,2,0,0,2,1,5,2,4,0,0,4,21,4.666666666666667,2,-1.171060203450248,0.20112806624198265,0.06850000000000003,7,2,Away
1722,5103,5.0,S5,9,TAI,TAI,JUP,3,0,0,0,2,0,0,4,3,6,3,2,0,1,0,3,23,6.0,4,-0.023866348448687347,0.0984118301556777,-0.07839999999999998,10,5,Home
1722,5151,5.0,S5,13,TAI,TAI,PHB,1,0,0,0,0,0,0,3,0,9,2,4,0,0,0,1,19,6.0,1,-3.0238663484486876,0.3784065811325925,0.4513000000000001,13,7,Away
1723,6057,6.0,S6,5,BAC,BAC,SGP,0,0,0,2,2,0,0,2,1,1,1,2,0,0,0,2,11,2.3333333333333335,4,1.0439378985727301,-0.05881233920477137,-0.1188,4,3,Home
1724,5071,5.0,S5,6,NUL,NUL,POR,3,1,2,1,1,0,0,1,3,1,5,4,1,1,0,7,22,5.0,6,2.6467780429594274,-0.1726536587897508,0.08920000000000002,9,4,Away
1724,5094,5.0,S5,8,NUL,NUL,SAR,2,1,0,1,0,0,0,0,0,0,0,0,0,0,0,4,4,0.0,3,3.2883917531701985,-0.3128349760985517,-0.2747,0,0,Away
1724,5116,5.0,S5,10,NUL,NUL,PHB,3,1,4,1,2,0,0,2,1,2,4,6,0,0,0,9,26,5.0,8,4.646778042959427,-0.3606505093758997,-0.09295700000000003,9,6,Away
1724,5141,5.0,S5,12,NUL,NUL,DAD,3,0,0,2,1,0,0,8,1,1,3,5,0,0,0,5,24,6.0,4,-0.02386634844868779,0.0984118301556777,-0.019199999999999995,9,5,Home
1724,5165,5.0,S5,14,NUL,NUL,JUP,0,1,4,5,1,0,0,2,3,0,2,8,3,0,0,10,26,6.0,4,-0.023866348448687624,0.10641392976491179,-0.16690000000000002,10,7,Home
1724,6022,6.0,S6,2,MVS,MVS,CIM,0,0,0,0,1,0,0,0,1,0,0,0,0,0,0,0,2,0.3333333333333333,0,0.06756756756756765,0.001530779725516268,-0.0385,0,0,Home
1724,6036,6.0,S6,3,MVS,MVS,FRG,0,0,4,2,0,0,0,1,6,0,3,3,1,0,0,6,19,4.666666666666667,3,0.5337794636068292,0.025353650220910837,0.10970000000000002,8,4,Away
1724,6103,6.0,S6,8,MVS,MVS,RBD,1,0,0,1,3,0,0,3,2,1,7,3,1,0,1,2,21,6.0,1,-2.8827252252252253,0.37943542382752576,0.41680000000000006,12,4,Home
1724,6135,6.0,S6,10,MVS,MVS,SUP,0,0,0,3,2,0,0,4,1,0,4,7,2,0,0,3,21,6.0,0,-3.3952702702702706,0.4265461600908938,0.6286999999999999,10,7,Home
1724,6149,6.0,S6,11,MVS,MVS,SLT,2,0,1,2,3,0,0,0,4,4,2,6,1,0,0,5,24,5.666666666666667,4,1.2047297297297295,-0.02102253518569666,-0.6705999999999999,11,7,Away
1724,6163,6.0,S6,12,MVS,MVS,MBT,0,0,1,3,3,0,0,1,4,2,5,4,2,0,0,4,23,6.0,0,-3.39527027027027,0.43483369657316684,0.3257,10,4,Home
1724,6191,6.0,S6,14,MVS,MVS,LIM,0,0,2,1,1,0,0,3,1,2,1,0,0,0,0,3,11,2.3333333333333335,2,0.6693572644305541,-0.021354275790553788,0.10989999999999998,3,0,Away
1724,9011,9.0,S9,3,BIR,BIR,FLB,2,0,2,4,1,0,0,2,3,3,7,2,0,1,1,8,26,6.0,3,-0.44881889763779514,0.14786118245883553,0.33549999999999996,14,3,Away
1724,9025,9.0,S9,7,BIR,BIR,POS,0,1,1,3,1,0,0,3,0,2,2,4,1,1,0,5,17,4.0,2,-0.2992125984251968,0.09612223371791283,-0.026199999999999973,8,4,Away
1724,9037,9.0,S9,10,BIR,BIR,NNL,1,0,3,2,0,0,0,6,3,0,4,4,1,0,0,6,23,6.0,2,-1.4488188976377954,0.2294720230490041,0.1246,8,4,Home
1724,10020,10.0,S10,4,ZAH,ZAH,SSS,1,0,1,0,0,0,0,1,0,0,2,0,0,0,0,2,5,1.0,1,1.0818459396960103,-0.0887827507380969,-0.1827,2,0,Home
1724,10025,10.0,S10,5,ZAH,ZAH,KRK,0,1,1,4,0,0,0,3,1,2,3,5,1,1,0,6,20,5.0,3,-0.44334433443344345,0.12582217501566173,-0.09000000000000001,11,5,Away
1724,10030,10.0,S10,6,ZAH,ZAH,GRS,1,0,0,0,2,1,0,3,1,1,3,4,0,0,0,1,16,4.666666666666667,1,-2.8926065020295137,0.3513465485437646,-0.11849999999999997,9,5,Away
1724,10052,10.0,S10,11,ZAH,ZAH,GRS,3,0,2,2,2,0,0,4,3,0,2,1,0,0,0,7,19,3.3333333333333335,5,2.6419008519967546,-0.19046308091995973,-0.2341,4,1,Home
1724,10063,10.0,S10,13,ZAH,ZAH,GOB,0,0,0,1,0,0,0,2,1,0,0,1,0,0,0,1,5,1.3333333333333333,0,-0.9078931501919163,0.11019115825069578,0.0077,1,0,Home
1724,11037,11.0,S11,7,PRP,PRP,IDR,0,0,4,2,1,0,0,3,3,2,4,4,0,0,2,6,23,6.0,2,-1.600942655145326,0.26066083649479205,0.4759999999999999,12,6,Away
1724,11046,11.0,S11,8,PRP,PRP,ARA,0,0,0,0,0,0,0,1,1,0,0,0,0,0,0,0,2,0.6666666666666666,0,-0.7176470588235294,0.0798100315607737,0.0529,0,0,Away
1725,5148,5.0,S5,13,YUM,YUM,PPP,0,0,1,1,8,0,0,2,11,1,2,1,1,0,0,2,27,6.0,1,-3.0238663484486876,0.4104149795695288,0.4372,10,3,Home
1725,6004,6.0,S6,1,SAS,SAS,JEF,3,0,0,1,2,0,0,3,6,2,4,2,0,0,0,4,23,5.666666666666667,4,0.7636266437152844,0.018944005174611367,-0.13830000000000006,10,8,Home
1725,6033,6.0,S6,3,SAS,SAS,SAR,0,0,0,0,1,0,0,0,2,1,0,0,0,1,0,0,4,1.0,0,-0.5658783783783784,0.0773066790435204,0.0182,3,0,Away
1725,7044,7.0,S7,6,SCG,SCG,RRR,1,0,0,1,1,0,0,2,1,0,0,0,0,0,0,2,6,1.0,2,1.835820895522388,-0.15845385705108173,-0.3892999999999999,1,0,Home
1725,7076,7.0,S7,10,SCG,SCG,MMA,0,0,0,0,0,0,0,1,2,0,1,0,0,0,0,0,4,1.3333333333333333,0,-0.6947056421083806,0.08622271921160946,0.2719,3,1,Away
1725,7090,7.0,S7,12,SCG,SCG,TRI,1,0,1,0,1,0,0,1,5,0,1,2,0,0,0,2,12,3.0,2,0.3544212796549245,0.014814337036821737,-0.10189999999999996,7,3,Home
1725,7109,7.0,S7,14,SCG,SCG,SSC,0,0,1,0,0,0,0,1,2,0,0,0,0,0,0,1,4,1.0,0,0.07142857142857117,0.009609297857914284,-0.03549999999999995,1,0,Away
1725,8004,8.1,S8A,1,CDT,CDT,MMM,0,0,0,0,0,0,0,0,0,1,0,0,0,0,0,0,1,0.3333333333333333,0,-0.1616915422885572,0.020422012928421367,0.0513,1,1,Home
1725,8013,8.1,S8A,3,CDT,CDT,BAG,0,0,0,0,1,0,0,1,0,1,0,2,0,0,0,0,5,1.3333333333333333,0,-0.8383582089552238,0.10510011439335062,0.0165,3,2,Home
1725,8026,8.1,S8A,5,CDT,CDT,PPM,2,0,2,2,3,0,0,2,9,0,0,0,0,1,0,6,20,3.6666666666666665,7,3.758850574712644,-0.28657502478038577,-0.36119999999999997,5,2,Away
1725,8039,8.1,S8A,7,CDT,CDT,GND,0,0,0,0,0,0,0,0,1,0,0,0,0,0,0,0,1,0.3333333333333333,0,-0.3863636363636363,0.042889222335929275,0.039,0,0,Away
1725,9022,9.0,S9,6,NNL,NNL,GOP,1,0,1,1,3,0,0,2,7,1,1,0,1,0,0,3,17,4.0,2,-0.2992125984251967,0.09244440183594654,-0.004599999999999979,6,2,Home
1725,9053,9.0,S9,14,NNL,NNL,BIR,2,0,0,0,1,0,0,0,4,0,3,1,1,0,0,2,11,3.0,2,0.2755905511811023,0.012897095583518911,-0.20080000000000006,4,4,Home
1725,11016,11.0,S11,3,ROY,ROY,POS,0,0,0,1,3,0,0,0,3,2,3,0,1,1,1,1,12,3.3333333333333335,0,-1.16985920599432,0.1733032003483773,0.1162,7,6,Home
1725,11055,11.0,S11,10,ROY,ROY,LAX,4,0,1,0,0,0,0,1,4,1,1,2,0,0,0,5,14,3.0,4,2.199528672427337,-0.16363558749378845,-0.2116,7,4,Home
1725,12064,12.0,S12,13,SCR,SCR,MMN,2,0,2,3,2,0,0,2,7,2,0,1,0,0,1,7,21,4.333333333333333,7,3.8250538213132406,-0.29162557067007105,0.052500000000000005,10,4,Home
1729,5042,5.0,S5,4,RKT,RKT,GTY,0,0,0,0,1,1,0,0,0,0,0,0,0,0,0,0,1,0.0,0,0.2883917531701986,-0.024838125512402824,-0.0478,0,0,Away
1729,5151,5.0,S5,13,PHB,PHB,TAI,1,1,2,1,2,0,0,8,6,1,1,2,0,0,0,5,25,6.0,3,-1.0238663484486874,0.20241287996029472,-0.0494,8,3,Home
1729,5164,5.0,S5,14,PHB,PHB,TRA,0,0,0,0,0,0,0,1,0,0,0,0,0,0,0,0,1,0.3333333333333333,0,-0.2153145871036813,0.025532508514985165,0.0599,0,0,Away
1729,6027,6.0,S6,2,PHB,PHB,SLT,0,0,0,0,0,0,0,0,0,1,0,0,0,0,0,0,1,0.3333333333333333,0,-0.3631713554987212,0.04046090379100863,0.0904,1,0,Home
1729,6041,6.0,S6,3,PHB,PHB,MBT,0,1,2,2,0,0,0,2,2,3,2,0,0,0,0,5,14,3.0,2,0.5026974204158718,0.007743013334323985,-0.054400000000000004,5,3,Away
1729,6083,6.0,S6,6,PHB,PHB,POR,0,0,1,2,0,0,0,4,4,5,3,1,0,0,0,3,20,5.666666666666667,0,-3.032098914771549,0.38608525629988516,0.45899999999999996,9,5,Away
1729,6124,6.0,S6,9,PHB,PHB,FRG,0,0,0,0,1,0,0,0,1,1,0,0,0,0,1,0,3,1.0,0,-0.5658783783783784,0.07316291080238388,0.1542,3,1,Away
1729,6137,6.0,S6,10,PHB,PHB,PBA,2,0,0,2,1,0,0,6,1,2,1,0,1,0,0,4,15,3.6666666666666665,2,-0.06462753470082461,0.06861927708713014,-0.09260000000000002,3,2,Home
1729,6166,6.0,S6,12,PHB,PHB,TTT,1,0,0,2,4,0,0,0,3,4,1,2,1,0,0,3,17,3.6666666666666665,4,1.8953834004720411,-0.11909427994788338,-0.41489999999999994,7,4,Away
1729,7039,7.0,S7,5,TBL,TBL,SSC,1,0,3,2,1,0,0,0,2,1,2,2,0,0,0,6,14,2.3333333333333335,3,1.9655323907660358,-0.1379206965739037,-0.21660000000000004,5,4,Home
1733,6017,6.0,S6,2,SAR,SAR,SGP,2,0,1,2,1,0,0,5,2,1,5,4,1,0,0,5,23,6.0,2,-1.3952702702702704,0.23483369657316683,0.10040000000000002,11,5,Away
1733,6062,6.0,S6,5,SAR,SAR,PUK,0,0,0,0,0,0,0,0,3,1,1,0,0,0,0,0,5,1.6666666666666667,0,-0.9328707779440678,0.11400591900008933,0.0045000000000000005,4,1,Away
1733,6109,6.0,S6,8,SAR,SAR,MBT,2,0,2,2,5,0,0,2,2,0,4,1,3,0,0,6,20,4.0,6,3.736486486486487,-0.29077328382591844,-0.20620000000000005,5,3,Away
1733,12046,12.0,S12,10,DDD,DDD,MMN,0,0,1,1,2,1,0,0,1,1,0,0,0,0,0,2,6,0.6666666666666666,1,1.4386792452830188,-0.11908252140250566,-0.0426,2,1,Home
1734,5009,5.0,S5,1,JUP,JUP,TAC,1,2,1,3,0,0,0,2,1,1,4,0,1,1,0,7,15,3.0,6,3.9880668257756566,-0.33478988570369306,-0.6880999999999999,7,1,Home
1734,5034,5.0,S5,3,JUP,JUP,NUL,0,0,0,1,1,0,0,4,5,1,1,4,0,0,0,1,17,5.0,0,-3.353221957040573,0.40334004238254695,0.2549,7,4,Home
1734,5059,5.0,S5,5,JUP,JUP,MVM,0,0,0,0,2,0,0,5,3,0,1,5,1,0,0,0,16,5.0,0,-3.353221957040573,0.39933899257792993,0.2,8,5,Home
1734,5082,5.0,S5,7,JUP,JUP,POR,0,2,1,1,4,0,0,1,0,0,1,1,1,0,0,4,11,1.3333333333333333,5,3.9889864465415688,-0.3548870968033695,-0.3698,2,2,Home
1734,5103,5.0,S5,9,JUP,JUP,TAI,3,1,2,1,2,0,0,5,2,1,4,2,0,0,0,7,23,4.666666666666667,7,4.1138439112229,-0.3193602456160981,-0.5892000000000001,8,2,Away
1734,5128,5.0,S5,11,JUP,JUP,LMN,0,0,0,0,0,0,0,2,0,0,0,0,0,0,0,0,2,0.6666666666666666,0,-0.6739130434782609,0.07539340395706016,0.0311,0,0,Home
1734,5154,5.0,S5,13,JUP,JUP,DAD,2,2,0,3,1,0,0,2,3,1,1,3,1,0,0,7,18,3.6666666666666665,6,3.4995841879578666,-0.27793952231267993,-0.4915,6,3,Home
1734,6017,6.0,S6,2,SGP,SGP,SAR,1,0,1,2,1,0,0,6,5,1,4,2,0,0,0,4,23,6.0,2,-1.3952702702702704,0.2348336965731668,0.10090000000000002,9,4,Home
1734,6050,6.0,S6,4,LIM,LIM,CIM,2,1,2,1,0,0,0,2,2,1,0,2,0,0,0,6,13,2.3333333333333335,4,3.2309362934362933,-0.26922464220885467,-0.23419999999999996,4,2,Away
1734,6128,6.0,S6,10,SGP,SGP,CBC,3,0,2,0,3,0,0,4,4,1,2,5,0,1,0,5,24,5.333333333333333,4,0.971722129295419,0.006421993098870926,-0.10830000000000004,9,6,Home
1734,6171,6.0,S6,13,SGP,SGP,CWJ,0,0,0,2,2,0,0,7,3,3,1,4,0,0,0,2,22,6.0,0,-3.39527027027027,0.4306899283320303,0.5184,10,4,Away
1734,7019,7.0,S7,3,KNX,KNX,SSJ,2,0,3,2,2,0,0,3,5,1,3,7,2,0,0,7,28,7.0,4,0.5446634548322371,0.06279873952217602,-0.262,12,8,Home
1734,7048,7.0,S7,6,KNX,KNX,CPR,0,0,2,1,4,0,1,1,4,1,7,3,2,1,0,3,23,6.0,0,-3.291157440690151,0.4296286740736434,0.5826,9,6,Away
1734,7072,7.0,S7,9,KNX,KNX,RRR,1,2,1,3,1,0,0,2,1,1,2,2,0,0,0,7,16,2.6666666666666665,7,3.972068338478454,-0.33019821384475984,-0.41490000000000005,7,4,Away
1734,7081,7.0,S7,11,KNX,KNX,BBC,1,0,2,2,4,0,0,3,2,3,3,3,1,0,0,5,23,5.0,5,1.257368799424874,-0.029411988688051963,-0.054600000000000024,12,4,Away
1734,8513,8.2,S8B,4,MOB,MOB,QQ,1,2,0,1,4,0,0,3,1,2,1,1,0,0,0,4,16,2.6666666666666665,5,2.4243070362473347,-0.17426563134001216,-0.2213,5,1,Away
1734,8521,8.2,S8B,6,MOB,MOB,SBD,0,0,0,3,1,0,0,4,7,1,5,0,1,1,0,3,21,6.0,0,-3.8656716417910446,0.4802941385705963,0.42129999999999995,9,4,Away
1734,9007,9.0,S9,2,GOP,GOP,NNL,0,0,0,2,1,0,0,0,1,0,0,2,1,0,0,2,6,1.3333333333333333,0,-0.20223787815996674,0.0422907791077944,0.0005000000000000004,2,2,Home
1736,5018,5.0,S5,2,ISO,ISO,SPR,0,0,1,2,3,0,0,3,3,7,1,4,0,0,0,3,24,6.0,0,-4.023866348448688,0.4984118301556777,0.6161,13,6,Away
1736,5030,5.0,S5,3,ISO,ISO,GBC,0,0,3,3,4,0,0,4,2,10,1,1,0,2,0,6,28,6.0,4,-0.02386634844868768,0.12241812898337996,-0.19119999999999998,13,2,Home
1736,5061,5.0,S5,6,ISO,ISO,WSH,0,0,0,0,0,0,0,0,0,2,0,0,0,0,0,0,2,0.6666666666666666,0,-0.3974763406940063,0.047749733678634707,0.0073999999999999995,2,1,Away
1736,5090,5.0,S5,8,ISO,ISO,RKT,0,0,0,0,0,0,0,0,0,0,0,1,0,0,0,0,1,0.3333333333333333,0,-0.4,0.04400104980461704,0.0473,1,1,Home
1736,5100,5.0,S5,9,ISO,ISO,WWC,0,2,2,2,4,0,0,6,1,7,1,3,0,1,0,6,28,6.0,4,-0.023866348448687624,0.1184170791787629,0.02510000000000004,12,5,Away
1736,5114,5.0,S5,10,ISO,ISO,KRB,1,1,2,4,3,0,0,3,4,3,1,0,1,0,0,8,22,4.0,6,3.3174224343675416,-0.24371914773517933,0.07538500000000001,4,3,Home
1736,5126,5.0,S5,11,ISO,ISO,PPP,1,0,1,2,2,0,0,4,4,4,2,1,0,0,0,4,21,5.0,4,0.646778042959427,0.01934424160101507,0.18650000000000005,7,3,Home
1736,5138,5.0,S5,12,ISO,ISO,GTY,0,0,0,1,2,0,0,2,2,9,3,0,1,0,1,1,19,6.0,0,-4.023866348448688,0.4824076309372095,0.5035,11,4,Away
1736,5150,5.0,S5,13,ISO,ISO,SPR,2,0,2,3,1,0,0,5,4,7,1,0,1,0,0,7,25,6.0,3,-1.0238663484486874,0.20241287996029472,0.19450000000000006,10,2,Home
1736,5161,5.0,S5,14,ISO,ISO,GBC,0,0,2,2,3,0,0,2,4,11,1,0,0,0,0,4,25,6.0,0,-4.023866348448688,0.5024128799602947,0.34540000000000004,10,3,Away
1737,6104,6.0,S6,8,AAL,AAL,BBB,0,0,0,1,0,0,0,0,1,0,0,0,0,0,0,1,2,0.3333333333333333,0,0.6585365853658537,-0.057566122054312344,-0.0004999999999999999,0,0,Away
1743,5001,5.0,S5,1,WSH,WSH,KRB,2,0,1,0,0,0,0,1,5,0,3,0,0,0,0,3,12,3.0,2,-0.011933174224343812,0.04920591507783885,-0.0672,6,2,Home
1743,5052,5.0,S5,5,WSH,WSH,PPP,0,0,0,0,2,0,0,0,0,1,0,0,0,0,0,0,3,0.3333333333333333,1,0.310837090073367,-0.01908055959348558,-0.053599999999999995,1,0,Away
1743,5073,5.0,S5,7,WSH,WSH,GTY,1,0,0,2,0,0,0,0,0,0,0,1,0,0,1,3,4,0.6666666666666666,2,1.5115173621822104,-0.13114648719513586,-0.30219999999999997,1,1,Home
1743,5097,5.0,S5,9,WSH,WSH,YUM,1,0,2,0,1,0,0,3,1,0,2,0,0,0,0,3,10,2.0,3,1.658711217183771,-0.1258606236722067,0.036699999999999997,3,2,Home
1743,5133,5.0,S5,12,WSH,WSH,KRB,1,0,1,1,2,0,0,1,4,1,2,0,1,0,0,3,13,3.0,2,-0.011933174224343812,0.053206964882455896,-0.06600000000000003,6,2,Away
1743,6004,6.0,S6,1,JEF,JEF,SAS,0,0,2,0,0,0,0,1,1,1,1,2,0,0,0,2,8,2.0,0,-0.644301801801802,0.09758032610927228,0.05839999999999998,4,3,Away
1745,5083,5.0,S5,7,TRA,TRA,SAR,0,0,0,0,1,0,0,0,2,0,1,0,0,0,0,0,4,1.0,0,-0.6706443914081146,0.08306863835927962,0.0059,3,1,Away
1745,5091,5.0,S5,8,TRA,TRA,JUP,3,2,0,1,1,0,0,2,2,0,0,0,0,0,0,6,11,1.3333333333333333,7,5.3326242606620315,-0.48925087821541574,-0.0333,1,0,Home
1745,6038,6.0,S6,3,PBA,PBA,BBB,0,0,0,2,1,0,0,2,3,1,0,2,0,0,1,2,11,3.0,0,-1.944898440534991,0.24421506294713724,0.2871,5,2,Home
1745,6095,6.0,S6,7,PBA,PBA,FRG,1,0,0,5,2,0,0,4,5,2,6,1,0,0,0,6,26,6.0,5,1.6047297297297298,-0.052734998703423706,0.07160000000000008,12,7,Home
1745,6165,6.0,S6,12,PBA,PBA,HEL,4,1,1,1,0,0,0,9,5,3,1,1,0,0,0,7,27,6.666666666666667,5,1.7102933103819513,-0.05914758852750931,-0.47229999999999994,7,2,Away
1748,5061,5.0,S5,6,ISO,ISO,WSH,2,0,1,2,5,0,0,5,2,2,1,2,1,0,0,5,22,4.333333333333333,7,4.044254383653433,-0.31640234266376854,-0.6646000000000001,5,3,Away
1748,6122,6.0,S6,9,PBA,PBA,LIM,0,0,0,0,1,0,0,1,3,2,1,0,0,0,0,0,8,2.3333333333333335,0,-1.2906536707423117,0.16221551300332326,0.0513,4,1,Home
1748,6150,6.0,S6,11,PBA,PBA,TTT,1,0,0,4,3,0,0,5,4,3,3,0,3,1,0,5,23,6.0,1,-2.39527027027027,0.33897746481430335,0.22440000000000002,9,3,Home
1748,6178,6.0,S6,13,PBA,PBA,TAK,0,1,2,1,0,0,0,0,6,2,6,4,0,0,0,4,22,6.0,2,-1.3952702702702704,0.23068992833203028,0.4258,12,9,Home
1748,7029,7.0,S7,4,PBA,PBA,WSW,1,0,4,1,2,0,1,4,4,2,1,1,1,0,0,6,20,4.333333333333333,4,2.1160644515987874,-0.1278456701560218,-0.6277,3,1,Away
1752,6009,6.0,S6,1,POR,POR,MVS,0,0,0,0,1,0,1,2,1,2,2,1,0,0,0,0,9,2.6666666666666665,0,-1.4987491563224462,0.18716882980247324,0.25770000000000004,5,2,Home
1752,6099,6.0,S6,8,POR,POR,BAC,2,0,0,1,0,0,0,0,0,1,0,0,0,0,0,3,4,0.3333333333333333,3,3.368928261947937,-0.32031775323024764,-0.33809999999999996,1,0,Away
1759,5005,5.0,S5,1,SPR,SPR,GBC,0,0,1,1,1,0,0,1,0,2,2,1,0,1,0,2,9,2.0,1,-0.34128878281622904,0.07413937632779329,0.1837,5,4,Home
1772,6025,6.0,S6,2,SUP,SUP,TTT,0,0,0,1,1,0,1,1,2,0,0,3,0,0,0,1,8,2.0,1,-0.8844934513569012,0.12159949106478221,0.0884,4,3,Away
1772,11076,11.0,S11,13,HOT,HOT,DOG,1,0,3,0,0,0,0,3,2,2,4,7,0,0,0,4,22,6.0,1,-2.6009426551453263,0.3485928479771609,0.21020000000000003,12,7,Home
1774,5094,5.0,S5,8,NUL,NUL,SAR,1,1,1,4,0,0,0,0,0,0,1,0,0,0,1,7,8,0.6666666666666666,6,6.326086956521739,-0.5965992474106205,0.0004999999999999991,1,1,Away
1774,6065,6.0,S6,5,MVS,MVS,PHB,0,0,0,0,0,0,0,1,1,0,1,0,0,0,0,0,3,1.0,0,-0.5658783783783784,0.06901914256124737,0.013000000000000001,2,1,Away
1774,6079,6.0,S6,6,MVS,MVS,TTT,1,0,1,4,2,0,0,5,5,2,1,3,1,2,1,6,24,6.0,3,-0.3952702702702704,0.15140876953771285,0.045899999999999976,11,4,Home
1776,5027,5.0,S5,3,TSA,TSA,PPP,0,0,2,4,4,0,0,3,1,1,0,0,0,0,0,6,15,1.6666666666666667,5,4.791454580015629,-0.41912971093230733,-0.34090000000000004,1,1,Home
1776,5136,5.0,S5,12,TSA,TSA,YUM,0,0,0,0,0,0,0,0,1,0,0,0,0,0,0,0,1,0.3333333333333333,0,-0.467065868263473,0.05070763663096434,0.1306,1,0,Home
1776,5147,5.0,S5,13,TSA,TSA,WWC,1,0,2,1,0,0,0,0,1,0,0,0,0,0,0,4,5,0.3333333333333333,2,2.9028850203565915,-0.27028325301257394,-0.2693,1,0,Home
1776,6014,6.0,S6,1,SUP,SUP,PHB,0,0,0,0,0,0,0,1,0,0,2,0,0,0,0,0,3,1.0,0,-0.5658783783783784,0.06901914256124737,0.0622,2,2,Home
1776,6040,6.0,S6,3,SUP,SUP,HEL,0,2,3,2,1,0,0,5,4,2,5,1,1,0,0,7,25,6.0,4,0.6047297297297296,0.04312123305543984,-0.14090000000000003,11,6,Home
1776,6052,6.0,S6,4,SUP,SUP,TAK,1,2,1,4,2,0,0,6,6,2,3,0,0,0,1,8,27,6.0,5,1.6047297297297294,-0.04444746222115063,-0.36380000000000007,8,4,Away
1776,6084,6.0,S6,6,SUP,SUP,SLT,1,0,1,3,6,0,1,6,4,2,5,0,1,0,0,5,28,6.0,4,0.6047297297297295,0.055552537778849345,-0.18619999999999995,8,7,Home
1776,6125,6.0,S6,9,SUP,SUP,BBB,0,0,2,3,2,0,0,3,6,2,3,1,2,1,1,5,22,6.0,1,-2.39527027027027,0.33897746481430335,0.3448,11,3,Home
1776,6161,6.0,S6,12,LMN,LMN,CWJ,1,0,2,5,1,0,0,2,5,1,1,2,2,0,0,8,20,4.333333333333333,1,-0.460970839260313,0.12897244874876157,0.07229999999999998,8,4,Home
1776,6181,6.0,S6,13,SUP,SUP,FRG,0,0,0,1,0,0,0,2,2,1,1,1,1,0,0,1,8,2.6666666666666665,0,-1.4987491563224462,0.18302506156133672,0.025099999999999997,5,3,Home
1776,6193,6.0,S6,14,SUP,SUP,PBA,2,1,1,0,1,0,0,5,2,2,3,1,0,0,0,4,18,4.333333333333333,4,1.5376005076737975,-0.07917222242692251,-0.22310000000000002,7,3,Home
1776,7027,7.0,S7,4,TBL,TBL,TRI,0,0,0,1,3,0,0,0,2,0,1,0,1,0,0,1,7,1.3333333333333333,0,-0.32782171099928104,0.062098442351278024,0.0032000000000000006,1,1,Away
1776,7034,7.0,S7,5,FAP,FAP,BBB,0,0,2,3,2,0,0,6,7,1,1,3,0,0,0,5,25,6.0,0,-3.291157440690151,0.43381671282383627,0.39540000000000014,9,5,Away
1776,7042,7.0,S7,6,TBL,TBL,STK,1,0,0,0,0,0,0,1,1,1,1,0,1,0,0,1,5,1.6666666666666667,1,-0.31775700934579443,0.05271589468554368,0.2989,3,1,Away
1776,7062,7.0,S7,8,FAP,FAP,STK,1,0,1,2,3,0,0,3,4,1,0,7,2,0,1,4,22,6.0,1,-2.291157440690151,0.3254406353234506,0.19270000000000004,10,8,Home
1776,7084,7.0,S7,11,TBL,TBL,PBA,1,0,1,0,3,0,0,4,4,1,4,4,1,0,0,2,22,6.0,2,-1.291157440690151,0.2212525965732577,0.0947,11,8,Home
1776,7106,7.0,S7,14,TBL,TBL,BAC,1,0,1,2,2,0,0,2,6,0,1,2,0,3,0,4,17,3.6666666666666665,3,0.17608734723220715,0.0661520402806362,-0.07500000000000001,9,3,Home
1776,12019,12.0,S12,4,SAL,SAL,WWC,0,0,0,1,0,0,0,4,0,0,0,1,0,0,0,1,6,1.6666666666666667,0,-0.8602189909827243,0.11080730222406868,0.0942,1,1,Home
1776,12028,12.0,S12,6,SAL,SAL,DDD,1,0,0,1,0,0,0,0,2,0,1,0,0,0,0,2,5,1.0,1,0.38751345532831005,-0.01809684292800079,-0.054199999999999984,1,1,Home
1776,12047,12.0,S12,10,SAL,SAL,PQD,0,0,1,2,0,0,0,1,1,0,0,2,0,0,0,3,7,1.3333333333333333,1,0.4753103380596311,-0.018614730159200787,-0.30510000000000004,3,2,Away
1777,5007,5.0,S5,1,TAI,TAI,TRA,1,0,1,0,4,0,0,3,8,2,3,1,1,0,0,2,23,6.0,1,-3.0238663484486876,0.3944107803510607,0.37070000000000003,12,7,Home
1777,6026,6.0,S6,2,BBB,BBB,FRG,0,0,0,0,0,0,0,2,0,0,0,0,0,0,0,0,2,0.6666666666666666,0,-0.5673249551166966,0.06502003199394268,0.0098,0,0,Home
1777,7030,7.0,S7,4,SSJ,SSJ,CPR,1,0,2,2,3,0,0,8,2,0,5,2,1,0,0,5,25,6.0,2,-1.291157440690151,0.23381671282383626,0.30260000000000004,8,5,Away
1778,5041,5.0,S5,4,SPR,SPR,YUM,1,0,3,2,4,0,0,4,5,0,2,1,0,0,0,6,22,4.0,5,2.317422434367542,-0.14371914773517935,0.023299999999999998,5,3,Home
1778,5124,5.0,S5,11,SPR,SPR,RKT,0,0,0,1,0,0,0,0,2,0,0,1,0,0,0,1,4,1.0,0,-0.6706443914081146,0.0830686383592796,0.05869999999999999,1,1,Home
1778,6001,6.0,S6,1,RBD,RBD,BAC,3,0,2,2,1,0,0,3,4,0,2,2,2,0,0,7,19,4.333333333333333,5,2.5376005076737975,-0.175028454185786,-0.20729999999999998,5,5,Home
1778,6058,6.0,S6,5,RBD,RBD,CBC,3,0,1,1,2,0,0,7,6,1,4,0,0,0,0,5,25,6.0,3,-0.3952702702702704,0.14312123305543986,0.2708,9,5,Home
1778,6088,6.0,S6,7,RBD,RBD,MPD,1,1,0,1,3,0,0,3,7,1,4,1,1,0,1,3,22,6.0,1,-2.39527027027027,0.3348336965731668,0.3253,12,6,Away
1778,6117,6.0,S6,9,RBD,RBD,CWJ,0,1,0,2,2,0,0,6,7,1,3,0,1,0,0,3,22,6.0,1,-2.3952702702702706,0.3306899283320303,0.4955,8,4,Home
1778,6145,6.0,S6,11,RBD,RBD,WWC,4,0,1,3,4,0,1,3,10,3,1,1,0,0,0,8,30,6.0,5,1.6047297297297298,-0.036159925738877566,-0.29650000000000004,14,5,Home
1778,6158,6.0,S6,12,RBD,RBD,SAR,0,0,0,2,6,0,1,3,12,0,1,1,1,0,0,2,25,6.0,0,-3.39527027027027,0.4431212330554398,0.5157999999999999,10,2,Away
1778,7012,7.0,S7,2,WSW,WSW,FAP,1,1,2,0,1,0,0,1,4,0,3,0,1,0,0,4,13,3.0,2,0.35442127965492454,0.019002375787014573,-0.38159999999999994,4,2,Home
1778,7063,7.0,S7,8,WSW,WSW,SCG,2,0,0,0,0,0,0,1,3,1,2,0,0,0,0,2,9,2.3333333333333335,2,0.5588298727111263,-0.018190638519377002,-0.019200000000000002,5,2,Home
1781,5029,5.0,S5,3,SPR,SPR,GTY,1,0,0,1,4,0,0,2,0,2,1,1,0,1,0,2,12,2.0,5,3.6587112171837703,-0.31385747425835564,-0.19790000000000002,4,2,Away
1781,5137,5.0,S5,12,SPR,SPR,GBC,0,0,2,1,0,0,0,0,1,0,2,0,0,0,0,3,6,1.0,2,1.3293556085918854,-0.10892926203148628,0.059500000000000025,2,1,Away
1781,6018,6.0,S6,2,RBD,RBD,LMN,2,0,0,0,0,0,0,2,0,0,1,0,0,0,0,2,5,1.0,2,1.4341216216216217,-0.12269332095647958,0.0484,1,0,Away
1785,5130,5.0,S5,11,SAR,SAR,PHB,1,1,1,1,0,0,0,8,3,1,2,0,0,1,1,4,18,5.0,2,-1.353221957040573,0.21534319179639808,0.020499999999999997,6,1,Home
1785,6033,6.0,S6,3,SAR,SAR,SAS,1,0,1,4,2,0,0,4,3,4,5,0,2,0,0,6,24,6.0,2,-1.3952702702702704,0.23897746481430335,0.18050000000000002,9,4,Home
1785,6044,6.0,S6,4,SAR,SAR,CBC,0,0,1,5,2,0,0,1,4,0,0,0,0,0,0,6,13,1.6666666666666667,4,4.065700568990042,-0.3527010697642296,-0.21870000000000003,2,0,Home
1785,6077,6.0,S6,6,SAR,SAR,MPD,1,0,1,2,4,0,0,4,5,4,1,4,0,0,0,4,26,6.0,1,-2.39527027027027,0.3472650012965764,0.27990000000000004,11,6,Home
1785,6091,6.0,S6,7,SAR,SAR,CWJ,0,0,2,7,1,0,0,3,1,4,3,2,2,0,0,9,23,5.0,2,-0.8293918918918921,0.17824585873532897,-0.0463,9,3,Away
1785,6109,6.0,S6,8,SAR,SAR,MBT,0,0,0,0,0,0,0,0,2,0,0,1,0,0,0,0,3,1.0,0,-0.5658783783783784,0.06901914256124737,0.0038000000000000004,2,1,Away
1785,6116,6.0,S6,9,SAR,SAR,JEF,0,1,1,5,1,0,0,2,3,8,3,1,1,0,0,7,25,6.0,1,-2.39527027027027,0.34312123305543984,0.4842,13,5,Home
1785,6132,6.0,S6,10,SAR,SAR,WWC,1,0,2,7,1,0,0,3,4,5,1,2,1,0,0,10,26,5.333333333333333,5,1.7379330632248045,-0.06605533205293111,-0.1337999999999999,6,3,Away
1785,6146,6.0,S6,11,SAR,SAR,LID,0,0,2,2,1,0,0,3,2,5,3,2,0,0,0,4,20,5.0,0,-2.829391891891892,0.3658145540119194,0.4288,10,5,Home
1785,6158,6.0,S6,12,SAR,SAR,RBD,1,0,0,3,2,0,0,1,4,3,4,4,2,0,0,4,22,6.0,2,-1.3952702702702706,0.2306899283320303,0.015799999999999998,9,8,Home
1785,6174,6.0,S6,13,SAR,SAR,AAL,0,0,1,6,0,0,0,2,8,5,1,1,0,0,1,7,24,6.0,0,-3.39527027027027,0.4431212330554398,0.31339999999999996,10,3,Away
1785,6183,6.0,S6,14,SAR,SAR,BAC,0,0,0,6,4,0,0,4,3,7,4,2,1,1,0,6,30,7.0,3,-1.4486036036036036,0.2733171758355923,0.43010000000000004,13,5,Home
1786,6054,6.0,S6,4,SLT,SLT,HEL,0,0,3,3,4,0,0,3,3,3,3,3,0,1,0,6,25,5.0,3,0.17060810810810823,0.09067716345873851,-0.10620000000000003,11,4,Away
1786,6084,6.0,S6,6,SLT,SLT,SUP,0,0,0,1,1,0,0,3,2,0,0,3,1,0,0,1,10,3.0,0,-1.697635135135135,0.21120119592487863,0.2168,4,3,Away
1786,6097,6.0,S6,7,SLT,SLT,LIM,0,0,2,2,2,0,0,2,5,4,4,2,1,0,0,4,23,6.0,1,-2.39527027027027,0.3348336965731668,0.31930000000000003,10,5,Home
1792,5082,5.0,S5,7,JUP,JUP,POR,0,0,0,0,0,0,0,3,0,2,0,0,0,0,0,0,5,1.6666666666666667,0,-1.0009196207659128,0.12009721109967647,0.0089,2,0,Home
1792,5091,5.0,S5,8,JUP,JUP,TRA,1,0,4,2,0,0,0,6,1,4,2,2,1,0,0,7,22,5.333333333333333,3,-0.03937022441768001,0.09196011814334287,0.2543,9,6,Away
1792,6057,6.0,S6,5,SGP,SGP,BAC,0,0,0,3,1,0,0,1,1,9,5,1,1,0,0,3,21,6.0,0,-3.39527027027027,0.4265461600908938,0.16049999999999992,13,5,Away
1792,6073,6.0,S6,6,SGP,SGP,LMN,0,0,0,0,1,1,0,2,1,3,0,0,0,0,0,0,7,2.0,0,-2.507054848966614,0.279711862584617,0.2354,3,3,Home
1792,7050,7.0,S7,7,BBC,BBC,STK,0,0,1,0,0,0,0,1,0,3,2,0,0,0,0,1,7,2.0,0,-1.0970524802300503,0.13902151927435497,0.0307,5,4,Home
1792,7074,7.0,S7,10,BBC,BBC,BBB,1,0,3,1,0,0,0,0,1,3,0,0,0,0,0,5,9,1.3333333333333333,4,3.761643171943863,-0.3384719684426506,-0.44360000000000005,2,0,Away
1792,8003,8.1,S8A,1,BIS,BIS,SCU,0,0,4,2,2,1,0,1,1,10,3,1,0,0,0,6,24,5.333333333333333,0,-1.5772413793103446,0.2597927467206099,0.1861,13,5,Away
1792,8020,8.1,S8A,4,BIS,BIS,CCD,2,0,0,3,0,0,0,1,2,3,2,0,0,1,1,5,13,3.0,4,1.4471794871794872,-0.08092506822446399,-0.22149999999999992,5,2,Home
1792,8040,8.1,S8A,7,BIS,BIS,BAG,1,1,1,3,0,0,0,5,1,5,2,2,0,0,0,6,21,5.0,3,-0.3833333333333331,0.1276433660242119,-0.15669999999999998,8,4,Away
1792,11001,11.0,S11,1,LAX,LAX,IDR,2,0,0,0,0,0,0,1,1,0,1,0,0,0,0,2,5,1.0,2,1.3998428908091123,-0.11987097488485936,-0.2991,1,1,Away
1792,11019,11.0,S11,4,LAX,LAX,POS,2,2,2,3,0,0,0,0,0,4,1,2,0,0,2,9,16,3.0,5,2.746430386765861,-0.20223510757079932,-0.5297999999999999,9,6,Home
1794,5021,5.0,S5,2,TAC,TAC,NUL,1,0,1,2,2,0,0,4,1,1,4,2,1,0,0,4,18,4.333333333333333,3,0.518102706476385,0.020208625835468202,-0.3916,7,4,Away
1794,5118,5.0,S5,10,TAC,TAC,LMN,0,0,0,1,2,0,0,2,1,1,2,0,0,1,0,1,9,2.0,0,-1.3412887828162292,0.1741393763277933,0.038729999999999994,3,0,Home
1794,5166,5.0,S5,14,TAC,TAC,DAD,0,0,1,0,1,1,0,0,1,0,1,0,1,0,0,1,4,1.0,0,0.021435986842476273,0.013860600534220533,0.016700000000000034,2,1,Away
1794,6066,6.0,S6,5,TAK,TAK,SLT,1,0,1,1,2,0,0,1,3,4,0,2,0,0,0,3,15,3.3333333333333335,3,-0.2933642597821704,0.09149294959526473,0.026199999999999994,6,2,Away
1798,5155,5.0,S5,13,KTY,KTY,POR,3,1,1,4,0,0,0,5,6,1,2,2,0,0,0,9,25,5.333333333333333,4,0.46461628936910193,0.05356461617851579,-0.1082,9,5,Home
1798,7018,7.0,S7,3,RRR,RRR,BBC,1,0,1,2,3,0,0,1,7,0,0,0,0,0,1,4,15,3.0,2,0.7387684152923375,-0.006868221526148244,0.06069999999999992,8,2,Away
1799,6025,6.0,S6,2,TTT,TTT,SUP,1,0,0,2,4,0,0,2,3,0,6,3,0,0,0,3,21,4.666666666666667,2,-0.630505913079203,0.15006972437178706,0.008599999999999983,9,5,Home
1799,6053,6.0,S6,4,TTT,TTT,MBT,0,0,1,4,2,0,0,7,1,0,3,3,4,0,0,5,21,6.0,1,-2.39527027027027,0.32654616009089377,0.2671,6,3,Home
1799,6194,6.0,S6,14,TTT,TTT,HEL,3,0,0,0,1,0,1,1,4,2,1,3,0,0,0,3,15,3.6666666666666665,4,1.8953834004720411,-0.12738181643015645,-0.2685,6,3,Away
1799,7014,7.0,S7,2,MMA,MMA,CPR,2,0,2,0,2,0,0,4,1,2,5,6,0,0,0,4,24,6.0,3,-0.2911574406901511,0.12962867407364342,-0.1409,12,7,Home
1799,7032,7.0,S7,4,MMA,MMA,BBB,1,1,2,2,4,0,1,0,4,1,3,6,4,0,0,6,24,6.0,3,-0.29115744069015076,0.1296286740736434,-0.03869999999999995,10,6,Home
1799,7038,7.0,S7,5,MMA,MMA,SSJ,2,0,1,0,0,0,0,1,1,0,1,1,0,0,0,3,7,1.3333333333333333,3,2.0812814521926675,-0.17881187396791678,-0.035,2,1,Away
1799,7055,7.0,S7,7,MMA,MMA,KNX,3,1,1,3,0,0,0,4,2,1,1,3,0,0,0,8,19,3.6666666666666665,6,2.952074441533255,-0.21563470789966138,-0.2565000000000001,6,3,Away
1799,7060,7.0,S7,8,MMA,MMA,SSC,0,0,0,0,0,0,0,0,0,0,0,1,0,0,0,0,1,0.3333333333333333,0,-0.24046936807711045,0.028234975557903892,0.025099999999999997,1,1,Home
1799,7067,7.0,S7,9,MMA,MMA,TRI,1,0,1,1,1,0,0,5,1,0,1,3,1,0,1,3,14,4.0,2,-0.19410496046010062,0.08223107729890275,-0.06689999999999999,5,3,Away
1799,7083,7.0,S7,11,MMA,MMA,STK,3,2,0,1,1,0,0,3,5,1,1,4,0,0,0,6,21,4.666666666666667,5,2.6014864464836975,-0.17219983089432,-0.1645,7,3,Away
1799,7096,7.0,S7,12,MMA,MMA,FAP,0,0,0,0,0,0,0,1,1,0,0,0,0,0,0,0,2,0.6666666666666666,0,-1.0731707317073171,0.1156931506711174,0.0534,1,0,Home
1799,10003,10.0,S10,1,GRS,GRS,ACK,0,0,0,2,0,0,0,3,1,1,2,0,1,0,1,2,9,3.0,0,-2.0660066006600664,0.2454043465290149,0.3381,4,1,Home
1799,10012,10.0,S10,3,GRS,GRS,CRN,2,0,0,0,0,0,0,2,1,1,1,4,0,0,0,2,11,3.0,2,-0.06600660066006614,0.04928471517531571,-0.009400000000000006,6,4,Home
1799,10021,10.0,S10,5,GRS,GRS,SSS,0,1,0,1,1,0,0,1,1,0,2,1,0,0,1,2,8,2.0,0,-1.3773377337733774,0.1726570911940452,0.1357,4,1,Away
1799,10032,10.0,S10,7,GRS,GRS,SEO,0,0,2,2,0,0,0,2,2,1,3,3,1,0,0,4,15,4.0,1,-1.7546754675467549,0.23367307644918792,0.17789999999999995,7,4,Away
1799,10046,10.0,S10,10,GRS,GRS,ACK,0,1,1,3,1,0,0,3,2,0,4,2,1,0,0,5,17,4.0,4,1.2453245324532451,-0.05856618625821043,-0.24469999999999997,4,2,Away
1799,10062,10.0,S10,13,GRS,GRS,KIR,0,1,3,1,0,0,0,0,0,0,0,0,0,0,0,5,5,0.0,5,4.657484979267158,-0.4463466546952116,-0.3678,0,0,Away
1799,11002,11.0,S11,1,OKT,OKT,SHH,0,0,1,1,0,0,0,1,0,1,2,0,0,1,1,2,6,1.6666666666666667,0,-0.5731300821638607,0.08949431093006907,0.006300000000000001,2,0,Home
1799,11007,11.0,S11,2,OKT,OKT,LAX,0,0,0,2,0,0,0,1,2,0,4,1,1,0,0,2,10,3.0,0,-1.8004713275726631,0.22027376114937008,0.15439999999999998,5,2,Away
1799,11014,11.0,S11,3,OKT,OKT,WRM,0,1,4,2,0,0,0,0,0,0,0,0,0,0,0,7,7,0.0,7,6.70753519850142,-0.6425948799756693,-0.4341,0,0,Home
1799,11027,11.0,S11,5,OKT,OKT,ROY,1,1,1,1,1,0,0,1,0,1,2,2,0,0,1,4,11,2.3333333333333335,3,1.5379902108888752,-0.10552706701836301,-0.1309,5,3,Home
1799,11043,11.0,S11,8,OKT,OKT,POS,2,1,2,1,0,0,0,2,1,1,4,1,0,0,0,6,15,3.0,4,2.199528672427337,-0.15961292465457808,-0.3963,6,3,Away
1799,11063,11.0,S11,11,OKT,OKT,PRP,0,0,1,0,1,0,0,0,0,0,1,1,1,0,0,1,4,1.0,2,-1.1950100503673582,0.13559165639357734,0.18180000000000002,2,2,Home
1799,11077,11.0,S11,13,OKT,OKT,LOB,1,1,2,2,0,0,0,2,3,2,0,0,0,0,0,6,13,2.3333333333333335,5,2.9834482704172864,-0.24605021013199374,-0.3475,2,0,Away
1799,11092,11.0,S11,16,OKT,OKT,ROY,0,0,0,0,0,0,0,0,0,1,1,1,0,0,0,0,3,1.0,0,-0.6001571091908877,0.0720836994367199,0.0344,3,1,Away
1799,12005,12.0,S12,1,SEF,SEF,SCR,0,0,1,3,1,0,0,2,2,0,4,5,1,0,0,4,18,4.666666666666667,1,-3.0706358338591735,0.3814197927633061,0.6496000000000001,9,5,Away
1799,12015,12.0,S12,3,SEF,SEF,MMN,0,0,0,1,0,0,0,5,1,0,0,0,0,0,0,1,7,2.0,0,-1.22497308934338,0.1514136125811003,0.14639999999999997,1,0,Home
1799,12021,12.0,S12,5,SEF,SEF,CCS,1,0,0,4,0,0,0,2,2,1,2,3,0,1,1,5,15,3.6666666666666665,4,0.09550836676778568,0.06067447217964417,-0.017699999999999983,8,4,Away
1799,12044,12.0,S12,9,SEF,SEF,SCR,0,0,1,5,1,0,0,0,2,1,6,3,1,0,0,6,19,4.333333333333333,1,-1.16243272335845,0.19473038223419978,0.1406,10,7,Home
1799,12049,12.0,S12,10,SEF,SEF,CCS,0,0,0,0,1,0,1,0,0,0,0,1,1,0,0,0,2,0.6666666666666666,0,-0.27058149293705835,0.035319950335637916,0.065,1,1,Home
1799,12066,12.0,S12,14,SEF,SEF,DDD,0,0,1,1,2,0,0,0,0,1,2,0,1,0,0,2,7,1.3333333333333333,2,1.20002691065662,-0.09108638741889968,-0.0487,3,1,Away
1800,5105,5.0,S5,9,KTY,KTY,LMN,1,1,2,3,1,0,0,1,1,1,0,0,0,0,1,7,11,1.3333333333333333,6,5.232240628948476,-0.47521146523944324,-0.3490999999999999,3,1,Away
1800,5168,5.0,S5,14,KTY,KTY,SAR,0,2,1,2,0,0,0,6,2,2,3,1,1,0,0,5,19,5.0,3,-0.35322195704057313,0.1113421419917811,-0.08769999999999999,7,3,Away
1800,6004,6.0,S6,1,SAS,SAS,JEF,0,0,0,0,0,0,0,1,0,0,0,0,0,0,0,0,1,0.3333333333333333,0,-0.1588969139855548,0.02003345963969199,0.0014000000000000002,0,0,Home
1800,6012,6.0,S6,1,LIM,LIM,HEL,1,0,0,1,0,0,0,0,1,0,1,1,0,0,0,2,5,1.0,1,0.4341216216216216,-0.02269332095647958,-0.05929999999999999,3,1,Home
1800,6060,6.0,S6,5,SAS,SAS,AAL,0,0,1,0,0,0,0,0,0,0,0,3,0,0,0,1,4,1.0,0,-0.3846153846153846,0.0550366114260845,0.1019,3,3,Away
1801,5050,5.0,S5,5,CHI,CHI,SPR,1,0,0,0,3,0,0,1,8,0,1,1,1,0,0,1,15,4.0,1,-1.6825775656324584,0.22827350363250146,0.1059,7,2,Home
1801,5086,5.0,S5,8,CHI,CHI,GBC,1,0,0,1,2,0,0,2,2,1,1,0,0,0,0,2,10,2.0,2,0.6587112171837708,-0.025860623672206685,-0.0751,4,3,Home
1801,6012,6.0,S6,1,HEL,HEL,LIM,3,0,0,1,0,0,0,0,0,0,1,1,1,0,0,4,6,1.0,3,2.4341216216216215,-0.2185495527153431,-0.29000000000000004,2,1,Away
1801,6093,6.0,S6,7,HEL,HEL,MVS,0,1,0,0,3,0,0,5,9,2,2,0,0,0,0,1,22,6.0,0,-3.39527027027027,0.43068992833203035,0.6927,11,1,Away
1801,6165,6.0,S6,12,HEL,HEL,PBA,1,1,3,2,3,0,0,7,9,2,2,1,0,0,0,7,31,7.0,5,0.5513963963963966,0.07331717583559222,0.027700000000000044,9,4,Home
1801,6194,6.0,S6,14,HEL,HEL,TTT,1,0,0,3,2,0,0,2,6,2,6,0,2,0,0,4,22,6.0,2,-1.3952702702702704,0.2306899283320303,0.1781,10,6,Home
1808,5036,5.0,S5,3,MVM,MVM,POR,2,0,1,3,7,0,0,4,4,5,3,1,1,0,0,6,30,6.0,7,2.976133651551312,-0.17758187101662012,-0.4929000000000001,9,5,Home
1808,5059,5.0,S5,5,MVM,MVM,JUP,1,0,0,2,1,0,0,2,5,5,0,3,0,0,0,3,19,5.0,1,-2.353221957040573,0.31134214199178106,0.33720000000000006,8,3,Away
1808,5132,5.0,S5,11,MVM,MVM,DAD,2,1,1,0,0,0,0,1,1,3,2,0,0,0,0,4,11,2.3333333333333335,4,2.3855431664696627,-0.1945427687961788,-0.2257,5,1,Home
1808,6006,6.0,S6,1,MPD,MPD,PUK,0,0,2,2,0,0,0,2,0,3,0,0,0,0,0,4,9,1.6666666666666667,3,1.2314145987419647,-0.08584754570396785,-0.0322,3,1,Away
1808,6018,6.0,S6,2,LMN,LMN,RBD,1,0,1,1,1,0,0,0,2,2,2,1,1,0,0,3,11,2.6666666666666665,3,-0.09763513513513522,0.055344964166015156,-0.06819999999999994,6,3,Home
1808,6046,6.0,S6,4,MPD,MPD,JEF,2,1,0,3,2,0,0,2,3,3,2,4,1,0,1,6,22,5.333333333333333,4,0.9717221292954191,-0.0018655433834021198,-0.1118,10,5,Away
1808,6077,6.0,S6,6,MPD,MPD,SAR,0,0,0,1,1,0,0,0,0,1,0,0,0,0,0,1,3,0.3333333333333333,2,0.9284313499296312,-0.08041183026955358,-0.14329999999999998,1,1,Away
1808,6110,6.0,S6,8,LMN,LMN,LIM,1,0,1,0,1,0,0,2,1,4,1,1,0,0,0,2,12,3.0,1,-0.6976351351351352,0.11948873240715167,0.08079999999999998,5,3,Away
1808,6133,6.0,S6,10,LMN,LMN,PUK,0,0,0,2,2,0,0,3,3,7,1,2,0,1,0,2,20,6.0,0,-3.3952702702702706,0.4265461600908938,0.6318,9,4,Home
1809,5110,5.0,S5,10,WWC,WWC,RKT,0,1,0,0,2,1,0,0,3,1,1,1,0,0,0,1,9,2.0,0,-1.3412887828162292,0.1701383265231763,0.0015119999999999999,5,2,Away
1809,6029,6.0,S6,3,WWC,WWC,CBC,0,0,1,1,0,0,0,3,0,0,2,1,0,0,0,2,8,2.0,0,-1.1317567567567568,0.1463258216047678,0.0891,3,3,Away
1811,5007,5.0,S5,1,TRA,TRA,TAI,0,0,0,0,0,0,0,0,0,1,0,0,0,0,0,0,1,0.3333333333333333,0,-0.182161753590325,0.02221722516364954,0.004699999999999999,1,0,Away
1811,5020,5.0,S5,2,TRA,TRA,LMN,0,0,2,4,1,0,0,1,0,0,0,1,0,1,0,6,9,0.6666666666666666,6,5.796421476855358,-0.5396316496393655,-0.4336,1,1,Home
1811,5031,5.0,S5,3,TRA,TRA,PHB,1,0,1,3,0,0,0,0,5,2,4,6,1,0,0,5,22,6.0,2,-2.0238663484486876,0.29040973054644365,0.3941,11,6,Away
1811,5043,5.0,S5,4,TRA,TRA,DAD,0,0,1,1,4,0,0,2,3,1,3,4,2,0,0,2,19,5.0,0,-3.0441594865364134,0.3804358949413651,0.1389,7,4,Home
1811,5055,5.0,S5,5,TRA,TRA,TAC,2,1,1,2,1,0,0,3,0,1,1,4,0,1,0,6,16,3.0,5,2.9880668257756566,-0.23078883589907598,-0.273,6,4,Home
1811,5072,5.0,S5,6,TRA,TRA,KTY,0,0,0,1,1,0,0,1,0,0,0,1,0,0,0,1,4,0.6666666666666666,0,-0.3302752293577981,0.04903172215424796,0.003199999999999999,1,1,Away
1811,5083,5.0,S5,7,TRA,TRA,SAR,0,2,0,2,0,0,0,1,3,1,4,5,1,0,0,4,18,5.0,2,-1.3532219570405732,0.20734109218716404,0.13259999999999997,9,6,Away
1811,5108,5.0,S5,9,TRA,TRA,POR,0,0,2,2,1,0,0,4,4,0,3,3,1,0,0,4,19,5.0,2,-1.3532219570405732,0.21134214199178103,-0.12113099999999999,5,3,Away
1811,5120,5.0,S5,10,TRA,TRA,MVM,0,0,2,2,0,0,0,1,1,1,5,6,1,1,0,4,18,5.0,2,-1.353221957040573,0.21134214199178103,0.020900000000000005,12,6,Away
1811,5127,5.0,S5,11,TRA,TRA,NUL,1,0,4,0,3,0,0,6,2,1,4,4,1,0,0,5,25,6.0,3,-1.0238663484486874,0.20241287996029472,0.030300000000000035,8,3,Home
1811,5139,5.0,S5,12,TRA,TRA,TAI,2,1,0,2,1,0,0,5,4,1,4,3,0,0,1,5,23,6.0,4,-0.023866348448687513,0.09841183015567767,0.2299,8,3,Home
1811,5152,5.0,S5,13,TRA,TRA,LMN,0,0,1,4,2,0,0,1,0,1,5,1,2,0,0,5,15,3.3333333333333335,4,-0.22702201007690292,0.08271794807694588,-0.1412,6,2,Away
1811,5164,5.0,S5,14,TRA,TRA,PHB,0,0,0,4,1,0,0,2,2,1,7,3,2,1,1,4,20,6.0,1,-3.0238663484486876,0.3904097305464436,0.24229999999999996,11,3,Home
1811,6027,6.0,S6,2,PHB,PHB,SLT,0,0,0,1,1,0,0,1,2,0,1,1,0,0,0,1,7,1.6666666666666667,0,-0.9328707779440678,0.12229345548236237,0.1522,3,2,Home
1811,6056,6.0,S6,4,PHB,PHB,BBB,1,0,0,1,1,0,0,2,2,0,0,0,0,0,0,2,7,1.3333333333333333,1,0.8383924969745864,-0.054832872009503056,-0.0925,2,0,Away
1811,6092,6.0,S6,7,PHB,PHB,CIM,1,2,1,0,2,0,0,4,2,1,4,4,0,0,0,4,21,5.0,3,0.1706081081081079,0.06995832225305593,0.1429,10,7,Home
1811,6124,6.0,S6,9,PHB,PHB,FRG,1,0,0,0,0,0,0,2,0,0,0,1,0,0,0,1,4,1.0,1,1.7079646017699117,-0.15422138721244513,-0.269,1,1,Away
1811,6137,6.0,S6,10,PHB,PHB,PBA,1,0,0,2,1,0,0,3,0,0,0,3,1,0,0,3,10,2.3333333333333335,3,1.669357264430554,-0.1254980440316903,-0.26049999999999995,3,3,Home
1811,6180,6.0,S6,13,PHB,PHB,HEL,1,1,1,1,0,0,0,4,2,2,1,0,0,0,0,4,13,3.0,3,1.121101871101871,-0.05824119997541244,-0.1605,3,0,Home
1811,7002,7.0,S7,1,TBL,TBL,BBC,0,0,0,0,0,0,0,1,0,0,0,1,0,0,0,0,2,0.6666666666666666,0,-0.3080568720379147,0.03918176470417716,0.0999,1,0,Home
1811,7027,7.0,S7,4,TBL,TBL,TRI,1,0,0,4,2,0,0,1,0,0,0,1,1,0,1,5,9,1.3333333333333333,3,2.365532553783555,-0.19467286787642704,-0.26489999999999997,2,1,Away
1811,7042,7.0,S7,6,TBL,TBL,STK,0,0,0,0,2,0,0,0,0,0,1,0,0,0,0,0,3,0.3333333333333333,0,0.22070452911574412,-0.009506336660995873,-0.0912,1,0,Away
1813,6049,6.0,S6,4,LID,LID,CWJ,1,0,3,1,1,0,0,1,3,5,1,2,0,1,0,5,18,4.0,3,1.2239414414414413,-0.04366254756255039,-0.22970000000000004,9,3,Away
1813,7006,7.0,S7,1,BAC,BAC,RRR,1,0,0,0,2,0,0,1,5,2,0,1,0,0,0,1,12,3.0,1,-0.6455787203450754,0.11481433703682171,0.04879999999999997,2,1,Home
1814,5011,5.0,S5,1,KTY,KTY,MVM,1,0,1,0,1,0,0,0,0,2,0,0,0,0,0,2,5,0.6666666666666666,1,0.9898494357523793,-0.07897969455215273,-0.1086,2,0,Away
1814,6160,6.0,S6,12,SAS,SAS,PUK,1,0,1,3,3,0,1,2,9,1,1,4,1,0,0,5,25,6.0,2,-1.3952702702702704,0.24312123305543987,0.029699999999999994,11,6,Home
1818,5001,5.0,S5,1,KRB,KRB,WSH,0,0,1,0,0,0,0,2,2,0,1,1,0,0,0,1,7,2.0,0,-1.3412887828162292,0.1621362269139422,0.038000000000000006,3,2,Away
1818,5085,5.0,S5,8,KRB,KRB,YUM,0,1,0,4,3,0,0,3,5,3,0,2,1,0,0,5,21,4.666666666666667,2,-0.22047859420871463,0.10606990531782928,-0.005999999999999922,8,3,Home
1818,5121,5.0,S5,11,KRB,KRB,WWC,1,0,1,3,1,0,0,4,3,5,2,3,0,1,1,5,23,6.0,2,-2.023866348448688,0.29841183015567774,0.22290000000000004,13,6,Home
1824,7065,7.0,S7,9,BAC,BAC,PBA,0,0,0,0,2,0,0,0,2,1,2,0,1,0,0,0,7,2.0,0,-1.0970524802300503,0.13902151927435497,0.0216,3,0,Home
1825,6006,6.0,S6,1,PUK,PUK,MPD,2,0,2,2,1,0,0,2,5,2,1,2,1,1,0,6,19,4.333333333333333,3,0.5376005076737975,0.029115314055350477,0.18509999999999996,7,3,Home
1825,6031,6.0,S6,3,PUK,PUK,JEF,1,0,0,2,3,0,0,1,7,0,2,1,0,0,0,3,17,3.6666666666666665,2,-0.10461659952795879,0.08090572005211658,-0.05359999999999998,6,3,Home
1825,6089,6.0,S6,7,PUK,PUK,AAL,0,0,1,0,9,0,0,9,1,4,1,3,0,1,0,1,28,6.0,1,-2.39527027027027,0.3596963060199859,0.39540000000000003,9,4,Away
1825,6113,6.0,S6,9,PUK,PUK,BAC,1,0,1,5,4,0,1,7,2,1,3,2,1,0,0,7,26,5.333333333333333,6,1.574878983461073,-0.04974992407655794,-0.13889999999999997,8,4,Home
1825,6133,6.0,S6,10,PUK,PUK,LMN,0,0,2,2,1,0,0,5,4,1,1,1,1,0,1,4,17,4.666666666666667,1,-1.6704949779063374,0.24163732613109096,0.12040000000000001,7,2,Away
1825,6160,6.0,S6,12,PUK,PUK,SAS,0,0,3,3,2,0,1,5,8,3,2,0,0,0,0,6,26,6.0,2,-1.3952702702702706,0.24726500129657636,0.029200000000000115,10,2,Away
1830,5003,5.0,S5,1,WWC,WWC,PPP,0,0,0,1,0,0,0,0,4,1,1,1,0,0,0,1,8,2.3333333333333335,0,-0.8083546510797023,0.11284386354490655,0.038400000000000004,4,3,Away
1830,5028,5.0,S5,3,WWC,WWC,YUM,2,0,0,1,0,0,0,1,6,0,1,1,0,0,0,3,12,3.0,3,0.9880668257756562,-0.05079408492216117,-0.12700000000000003,4,2,Away
1830,5039,5.0,S5,4,WWC,WWC,WSH,0,0,0,0,0,0,0,2,0,0,0,0,0,0,0,0,2,0.6666666666666666,0,-0.33027522935779813,0.04102962254501389,0.045,0,0,Home
1830,5065,5.0,S5,6,WWC,WWC,GBC,1,0,0,1,0,0,0,1,2,0,1,0,1,0,0,2,6,1.6666666666666667,1,0.3448594845608779,-0.01047964962838556,0.1927,2,1,Away
1830,5075,5.0,S5,7,WWC,WWC,CHI,0,0,0,0,1,0,0,0,1,0,0,0,0,0,0,0,2,0.3333333333333333,0,-1.1327433628318584,0.12127643589241992,0.10919999999999999,0,0,Home
1830,5088,5.0,S5,8,WWC,WWC,SPR,1,0,0,0,0,0,0,1,2,0,1,0,0,0,0,1,5,1.3333333333333333,1,0.14719385500156035,0.0052858635229291635,-0.21940000000000007,3,3,Away
1830,5100,5.0,S5,9,WWC,WWC,ISO,0,0,1,0,0,0,0,0,0,1,1,0,0,0,0,1,3,0.6666666666666666,0,-0.33027522935779824,0.04503067234963093,0.044999999999999984,2,2,Home
1830,5121,5.0,S5,11,WWC,WWC,KRB,0,0,0,0,0,0,0,0,2,0,0,0,0,0,0,0,2,0.6666666666666666,0,-0.3974763406940063,0.047749733678634707,0.1068,2,0,Away
1830,5147,5.0,S5,13,WWC,WWC,TSA,0,0,0,0,1,0,0,2,3,0,1,0,0,0,0,0,7,2.0,0,-1.3412887828162292,0.1621362269139422,0.1333,3,1,Away
1830,5159,5.0,S5,14,WWC,WWC,YUM,0,0,0,0,0,0,0,0,1,0,1,1,0,0,0,0,3,1.0,0,-0.6706443914081146,0.07906758855466257,0.0944,2,2,Home
1830,6014,6.0,S6,1,PHB,PHB,SUP,0,0,0,0,0,0,0,1,0,0,1,0,0,0,0,0,2,0.6666666666666666,0,0.07142857142857142,0.00114467933941588,0.0695,1,1,Away
1830,6027,6.0,S6,2,PHB,PHB,SLT,1,0,0,1,0,0,0,0,0,0,0,0,0,0,0,2,2,0.0,1,1.2472633053998556,-0.11643879405771254,-0.3648,0,0,Home
1830,6037,6.0,S6,3,LIM,LIM,TAK,0,0,0,0,0,0,0,0,1,1,1,0,0,0,0,0,3,1.0,0,-1.0533333333333332,0.11776463805674285,0.18460000000000001,3,2,Home
1830,6083,6.0,S6,6,PHB,PHB,POR,0,0,0,0,0,0,0,0,1,0,0,0,0,0,0,0,1,0.3333333333333333,0,-0.3631713554987212,0.04046090379100863,0.0682,1,0,Away
1830,6106,6.0,S6,8,PHB,PHB,WWC,0,0,0,1,0,0,0,0,2,0,0,1,0,0,0,1,4,1.0,0,-0.5658783783783784,0.0731629108023839,0.0376,2,1,Home
1830,7013,7.0,S7,2,SSC,SSC,TRI,0,0,0,2,0,0,0,1,3,0,0,0,0,0,0,2,6,1.3333333333333333,0,-0.6947056421083806,0.09459879671199514,0.2147,1,0,Home
1830,7031,7.0,S7,4,SSC,SSC,RRR,0,0,1,0,0,0,0,0,2,0,1,0,0,0,0,1,4,1.0,0,-0.548526240115025,0.0716047790122739,0.0164,2,1,Home
1830,7039,7.0,S7,5,SSC,SSC,TBL,0,0,0,1,0,0,0,0,3,0,0,0,0,0,0,1,4,1.0,0,-1.164179104477612,0.1331700654485326,0.2344,2,0,Away
1830,7045,7.0,S7,6,SSC,SSC,BBC,1,0,0,0,1,0,0,1,2,0,0,0,0,0,0,1,5,1.0,2,1.4514737598849747,-0.12420718223753324,-0.594,1,0,Home
1830,8011,8.1,S8A,2,NXS,NXS,SCU,0,0,0,2,0,0,0,0,1,0,2,0,0,0,0,2,5,1.0,0,-0.6766666666666666,0.08893096016449491,0.048400000000000006,3,1,Away
1830,8028,8.1,S8A,5,NXS,NXS,CCD,1,0,0,0,0,0,0,0,0,0,0,1,0,0,0,1,2,0.3333333333333333,1,0.7638192018630253,-0.06787620278717124,-0.39709999999999995,1,1,Away
1830,8033,8.1,S8A,6,NXS,NXS,MMM,0,0,0,0,0,0,0,0,1,0,1,0,1,0,0,0,2,1.0,0,-1.1538461538461535,0.12389033278374664,0.0001,1,0,Home
1832,5079,5.0,S5,7,TAI,TAI,KTY,1,0,1,2,1,0,0,1,4,1,1,1,1,0,0,4,13,3.0,2,-0.011933174224343812,0.053206964882455896,-0.030499999999999985,2,1,Home
1832,5166,5.0,S5,14,DAD,DAD,TAC,0,0,1,1,1,0,0,2,1,1,4,2,1,0,0,2,13,3.6666666666666665,0,-2.6858462177026046,0.32059826923028195,0.19009999999999996,7,3,Home
1832,6049,6.0,S6,4,LID,LID,CWJ,0,0,0,0,1,0,0,1,0,1,1,0,0,0,0,0,4,1.0,0,-1.0533333333333332,0.12190840629787937,0.07239999999999999,2,0,Away
1832,7021,7.0,S7,3,STK,STK,TRI,0,0,1,2,4,0,0,6,3,0,3,5,1,0,0,3,24,6.0,0,-3.2911574406901507,0.4296286740736434,0.45130000000000003,9,5,Home
1834,5164,5.0,S5,14,PHB,PHB,TRA,0,0,0,0,1,0,0,0,0,0,0,0,0,0,0,0,1,0.0,0,0.2883917531701986,-0.024838125512402824,-0.0452,0,0,Away
1834,6092,6.0,S6,7,PHB,PHB,CIM,0,0,0,1,0,0,0,1,1,0,0,1,0,0,0,1,4,1.0,0,-0.5658783783783784,0.0731629108023839,0.037599999999999995,1,1,Home
1838,6015,6.0,S6,2,BAC,BAC,AAL,1,0,1,3,1,0,0,2,4,0,5,2,1,0,1,5,19,5.0,2,-0.829391891891892,0.16581455401191944,0.203,8,7,Home
1838,6042,6.0,S6,3,BAC,BAC,LID,0,0,0,0,0,0,0,1,1,0,1,2,0,0,0,0,5,1.6666666666666667,0,-1.355847030415996,0.15630354424728216,0.43429999999999996,3,2,Away
1838,6043,6.0,S6,4,BAC,BAC,LMN,0,1,1,4,0,0,0,3,0,2,2,1,0,1,1,6,14,3.0,1,-0.21018018018018036,0.08731830987620225,0.0276,7,3,Away
1838,6071,6.0,S6,6,BAC,BAC,SAS,1,0,0,1,0,0,0,0,0,0,1,0,0,0,0,2,3,0.3333333333333333,1,3.067567567567568,-0.2943254520333473,-0.34119999999999995,1,0,Away
1838,6073,6.0,S6,6,LMN,LMN,SGP,0,0,1,1,2,0,0,1,0,2,0,0,0,0,0,2,7,1.0,4,2.4558295624861968,-0.2165765785606641,-0.5084,2,0,Away
1838,8020,8.1,S8A,4,BIS,BIS,CCD,2,0,2,0,4,0,1,2,1,1,0,0,0,1,0,4,12,1.3333333333333333,6,6.567359519912712,-0.6014487888969178,-0.6537999999999999,1,0,Home
1838,8502,8.2,S8B,1,MOB,MOB,SCU,1,0,3,1,1,0,0,1,2,1,2,1,0,1,1,5,13,2.6666666666666665,4,2.9143888722195816,-0.22753413195503197,-0.4322000000000001,6,1,Away
1838,9001,9.0,S9,1,GOP,GOP,KGB,0,0,1,1,0,0,0,1,1,0,0,1,0,0,0,2,5,1.0,1,0.4251968503937008,-0.02413052562953865,-0.16749999999999998,2,1,Away
1838,9009,9.0,S9,3,GOP,GOP,AND,0,0,0,0,1,0,0,0,2,1,0,3,0,0,0,0,7,2.0,1,-0.873477771800264,0.11309260035379039,0.11099999999999999,4,3,Away
1838,9022,9.0,S9,6,GOP,GOP,NNL,0,0,0,2,0,0,0,0,0,1,0,3,2,0,0,2,6,2.0,0,-1.1496062992125984,0.13702762121305756,0.15199999999999997,4,3,Away
1838,9031,9.0,S9,8,GOP,GOP,POS,0,0,0,0,1,0,1,0,0,0,0,0,0,0,0,0,1,0.0,0,0.2761285274123344,-0.023935020859267155,-0.0412,0,0,Home
1838,9052,9.0,S9,13,GOP,GOP,KGB,0,0,0,0,0,0,0,1,2,0,1,1,0,0,0,0,5,1.6666666666666667,0,-0.8709024403864409,0.10547940344847552,0.0633,4,1,Home
1838,10051,10.0,S10,11,BEE,BEE,CRN,1,0,0,3,0,0,0,3,4,2,2,3,1,0,0,4,18,5.0,3,-0.44334433443344334,0.11418106907675925,-0.20549999999999993,11,4,Away
1838,11012,11.0,S11,2,PRP,PRP,LOB,1,0,0,2,1,0,0,3,6,2,2,1,0,1,1,3,18,5.0,1,-2.0007855459544386,0.2805318113796514,0.2569,13,5,Home
1838,11029,11.0,S11,5,PRP,PRP,WRM,0,1,0,1,0,0,0,4,0,0,1,2,0,0,0,2,9,2.3333333333333335,2,-0.3223691377916412,0.06844087933205752,-0.008700000000000041,3,3,Home
1838,11036,11.0,S11,6,PRP,PRP,HOT,0,0,0,0,1,0,0,1,0,0,0,0,0,0,0,0,2,0.3333333333333333,0,-0.3088803088803089,0.038933356566451645,0.08929999999999999,1,0,Home
1839,6077,6.0,S6,6,MPD,MPD,SAR,0,0,2,3,2,0,0,4,5,1,2,2,0,1,1,5,21,5.0,2,-1.5821285864920365,0.2535195281953434,0.09279999999999997,7,6,Away
1839,6127,6.0,S6,10,MPD,MPD,BAC,2,0,2,2,2,0,0,4,3,1,2,2,0,0,0,6,20,4.0,4,1.7364864864864864,-0.0907732838259184,-0.17559999999999992,7,3,Away
1839,7026,7.0,S7,4,BBC,BBC,SCG,0,0,0,0,1,0,0,0,2,0,2,1,1,0,0,0,6,2.0,0,-0.28185957344835866,0.05331418984599293,-0.001800000000000001,4,2,Away
1839,7050,7.0,S7,7,BBC,BBC,STK,0,0,1,3,0,0,0,2,0,0,2,1,0,0,0,4,9,1.6666666666666667,3,2.247065166828773,-0.18701416793114173,-0.2445,3,3,Home
1839,7066,7.0,S7,9,BBC,BBC,SSJ,1,1,1,1,0,0,0,2,2,0,2,1,0,0,0,4,11,2.3333333333333335,3,1.81700631366853,-0.13563220511473167,-0.09059999999999999,4,3,Home
1839,7081,7.0,S7,11,BBC,BBC,KNX,2,0,1,1,1,1,0,1,1,2,1,2,0,0,0,4,12,2.3333333333333335,4,2.532755212077642,-0.20301905620544997,-0.016299999999999995,5,3,Home
1841,5002,5.0,S5,1,RKT,RKT,CHI,0,0,0,3,0,0,0,3,7,2,1,4,1,0,0,3,20,6.0,0,-4.023866348448688,0.48240763093720956,0.4599000000000001,12,5,Home
1841,5013,5.0,S5,2,RKT,RKT,WSH,2,0,2,2,1,0,0,1,1,2,0,0,0,0,0,6,11,1.3333333333333333,5,4.056187557877777,-0.3616072079369903,-0.1845,3,1,Away
1841,5025,5.0,S5,3,RKT,RKT,KRB,1,0,1,2,2,0,0,3,3,3,1,2,1,0,0,4,18,4.333333333333333,2,-0.9557456163465667,0.16759345811776338,0.13510000000000003,7,5,Home
1841,5042,5.0,S5,4,RKT,RKT,GTY,0,0,2,2,3,1,0,4,4,0,1,1,1,2,1,4,17,4.0,2,-0.6825775656324584,0.14827875265558663,0.04919999999999994,7,2,Away
1841,5054,5.0,S5,5,RKT,RKT,GBC,1,0,1,4,4,0,0,3,4,1,2,2,0,0,0,6,22,4.0,5,2.317422434367541,-0.14371914773517927,-0.33879999999999993,8,4,Away
1841,5090,5.0,S5,8,RKT,RKT,ISO,0,1,3,6,3,0,1,2,4,2,1,0,0,3,1,10,22,3.3333333333333335,7,5.782211166761908,-0.4741938217561478,-0.4553,6,2,Away
1841,5098,5.0,S5,9,RKT,RKT,TSA,0,0,0,2,1,0,0,1,6,1,5,1,1,0,0,2,17,5.0,0,-3.0648302038703745,0.3745008670655271,0.2648,11,5,Home
1841,5110,5.0,S5,10,RKT,RKT,WWC,2,0,0,2,3,0,1,3,2,1,3,0,1,2,0,4,16,3.3333333333333335,3,1.2989039158490232,-0.05787149510179563,-0.006414999999999994,5,3,Home
1842,5024,5.0,S5,2,MVM,MVM,SAR,0,0,0,0,3,0,0,2,0,0,1,0,0,0,0,0,6,1.0,0,-0.6706443914081146,0.09107073796851368,0.16800000000000004,1,0,Away
1842,5059,5.0,S5,5,MVM,MVM,JUP,0,0,0,0,1,0,0,0,2,1,0,0,0,0,0,0,4,1.0,0,-0.6706443914081146,0.0830686383592796,0.12519999999999998,1,0,Away
1842,5067,5.0,S5,6,MVM,MVM,TAI,0,0,0,0,1,0,0,2,0,0,0,0,0,0,0,0,3,0.6666666666666666,0,-0.3974763406940063,0.05175078348325174,0.0683,0,0,Away
1842,5096,5.0,S5,8,MVM,MVM,PHB,0,0,0,0,0,0,0,1,0,1,1,0,0,0,0,0,3,1.0,0,-0.6706443914081146,0.07906758855466257,0.0455,2,0,Home
1843,5147,5.0,S5,13,WWC,WWC,TSA,0,0,0,0,1,0,0,0,0,0,2,0,1,0,0,0,3,1.0,0,-0.6706443914081146,0.07906758855466259,0.0695,2,0,Away
1843,6014,6.0,S6,1,PHB,PHB,SUP,0,0,0,1,0,0,0,1,0,0,0,0,0,0,0,1,2,0.3333333333333333,0,0.43384838242394974,-0.03509730176012195,-0.05809999999999999,0,0,Away
1843,6027,6.0,S6,2,PHB,PHB,SLT,0,0,1,0,0,0,0,0,0,0,0,0,0,0,0,1,1,0.0,0,0.2042744415131664,-0.01628367591018013,-0.0553,0,0,Home
1843,6056,6.0,S6,4,PHB,PHB,BBB,0,0,0,1,2,1,0,0,1,1,0,1,0,2,1,1,6,1.3333333333333333,0,0.5016891891891893,-0.017018772989826826,-0.11399999999999998,1,1,Away
1843,6106,6.0,S6,8,PHB,PHB,WWC,0,0,0,1,1,0,0,1,0,0,1,1,0,0,0,1,5,1.0,0,-0.5658783783783784,0.0773066790435204,0.1172,2,1,Home
1843,6166,6.0,S6,12,PHB,PHB,TTT,0,0,0,0,1,0,0,0,0,1,1,1,0,0,0,0,4,1.0,0,-0.5658783783783784,0.0731629108023839,0.0182,3,1,Away
1843,6192,6.0,S6,14,PHB,PHB,TAK,0,1,1,1,0,0,0,1,0,1,0,1,0,1,0,3,6,1.0,2,1.4341216216216215,-0.11440578447420659,-0.3942,1,1,Away
1844,5084,5.0,S5,7,MVM,MVM,TAC,0,0,2,8,0,0,0,0,3,7,1,0,0,0,0,10,21,3.6666666666666665,5,3.4501657971994,-0.26099453382298216,-0.3771000000000001,5,3,Home
1844,7067,7.0,S7,9,MMA,MMA,TRI,1,0,1,1,0,0,0,6,2,1,0,1,0,0,0,3,13,3.3333333333333335,1,0.17726006993894794,0.03671849675861222,-0.3552,3,1,Away
1844,8017,8.1,S8A,3,NXS,NXS,PPM,0,0,1,1,2,0,0,2,3,1,2,1,1,0,0,2,13,3.3333333333333335,1,-0.15949685534591174,0.07123684862894458,-0.059099999999999986,5,3,Away
1844,8028,8.1,S8A,5,NXS,NXS,CCD,0,0,1,0,1,1,0,0,1,0,0,0,0,0,0,1,3,0.3333333333333333,0,1.1116859403530128,-0.09841001793660434,-0.24930000000000005,1,0,Away
1844,8041,8.1,S8A,7,NXS,NXS,LAC,3,0,1,5,2,0,0,6,8,1,0,3,0,3,0,9,29,6.0,7,2.9400000000000004,-0.1579085216138994,-0.3630999999999999,11,4,Home
1844,11027,11.0,S11,5,OKT,OKT,ROY,0,0,0,3,0,0,0,0,1,1,0,0,0,0,0,3,5,0.6666666666666666,1,1.2160804020100502,-0.10149472600495313,-0.0021000000000000003,1,0,Home
1844,11039,11.0,S11,7,OKT,OKT,HOT,0,0,1,0,1,0,0,0,1,2,1,0,0,0,0,1,6,1.3333333333333333,0,-1.0519114951558,0.12932712655084228,0.1432,3,2,Away
1844,11077,11.0,S11,13,OKT,OKT,LOB,0,1,0,1,0,0,0,2,1,1,2,1,1,0,0,2,9,2.6666666666666665,0,-0.9842338163717251,0.13462734719006592,0.016700000000000007,3,3,Away
1942,5044,5.0,S5,4,MVM,MVM,LMN,0,1,3,2,0,0,0,2,1,5,0,0,0,1,0,6,14,2.6666666666666665,5,2.455132694039129,-0.18549752233465733,-0.35009999999999997,3,0,Away
1942,5096,5.0,S5,8,MVM,MVM,PHB,1,1,0,0,1,0,0,2,6,4,0,3,0,0,0,2,18,5.0,1,-2.353221957040573,0.30734109218716404,0.36100000000000004,5,3,Home
1942,5120,5.0,S5,10,MVM,MVM,TRA,0,0,2,3,2,0,0,8,4,5,0,1,0,0,0,5,25,6.0,0,-4.023866348448688,0.5024128799602947,0.5202,6,2,Home
1942,6008,6.0,S6,1,CIM,CIM,BBB,1,2,3,2,8,0,1,4,4,6,0,2,0,0,2,8,32,6.0,7,3.6047297297297294,-0.21958485277433148,-0.3266999999999999,9,4,Home
1942,6050,6.0,S6,4,CIM,CIM,LIM,0,0,3,1,1,0,0,1,5,7,2,2,1,0,0,4,22,6.0,1,-2.39527027027027,0.3306899283320303,0.2916,8,5,Home
1942,6092,6.0,S6,7,CIM,CIM,PHB,1,0,5,4,3,0,1,1,3,8,1,2,0,0,0,10,28,5.0,6,3.170608108108108,-0.20103530005898845,-0.31949999999999995,11,5,Away
1942,6134,6.0,S6,10,CIM,CIM,HEL,0,0,3,1,1,0,0,2,4,6,2,3,0,0,0,4,22,5.666666666666667,0,-2.949120986057726,0.3860749999107759,0.6787,11,8,Away
1942,6176,6.0,S6,13,CIM,CIM,SLT,1,0,1,1,1,0,0,3,9,1,3,2,0,0,0,3,22,6.0,1,-2.39527027027027,0.3306899283320303,0.4627,7,5,Away
1946,6009,6.0,S6,1,POR,POR,MVS,2,0,1,5,0,0,0,1,4,0,2,2,1,0,0,8,17,3.3333333333333335,3,1.103478886052176,-0.03990382850589686,-0.24799999999999994,6,3,Home
1946,6168,6.0,S6,12,POR,POR,SLT,1,0,1,0,4,0,0,2,6,2,3,1,1,0,0,2,20,5.0,1,-1.829391891891892,0.26581455401191945,0.2773,11,5,Home
1946,6196,6.0,S6,14,POR,POR,BBB,1,0,1,0,1,0,0,2,8,1,4,2,1,0,0,2,20,6.0,1,-2.39527027027027,0.3224023918497573,0.45170000000000005,14,5,Home
1947,5070,5.0,S5,6,TAC,TAC,SAR,0,0,2,6,5,0,0,3,12,0,1,1,1,0,0,8,30,6.0,3,-1.0238663484486876,0.22241812898337995,0.017299999999999954,11,2,Home
1949,6098,6.0,S6,7,SUP,SUP,MBT,0,0,0,0,0,0,0,0,2,0,0,1,0,0,0,0,3,1.0,0,-0.5658783783783784,0.06901914256124737,0.048400000000000006,3,1,Away
1949,6112,6.0,S6,8,SUP,SUP,MPD,2,0,2,2,3,0,0,8,5,1,1,2,1,0,1,6,26,6.333333333333333,3,-0.08161120403791422,0.12004286291447724,-0.38139999999999985,6,3,Away
1949,7061,7.0,S7,8,TBL,TBL,SSJ,2,0,0,2,1,0,0,5,0,4,4,4,1,0,0,4,22,6.0,2,-1.291157440690151,0.22125259657325774,0.2377,11,8,Away
1951,5018,5.0,S5,2,SPR,SPR,ISO,0,0,1,1,0,0,0,7,1,0,2,3,0,0,0,2,15,4.333333333333333,0,-2.9557456163465665,0.3555903087039123,0.3722,6,3,Home
1955,5043,5.0,S5,4,DAD,DAD,TRA,0,1,1,0,1,0,0,3,0,0,0,2,0,0,0,2,8,1.6666666666666667,1,0.12577708544724386,0.01943068989221193,0.04919999999999999,2,2,Away
1955,5080,5.0,S5,7,DAD,DAD,PHB,1,0,3,1,1,0,0,3,4,3,1,4,0,0,0,5,21,5.0,2,-1.353221957040573,0.2193442416010151,0.018700000000000012,10,4,Away
1955,5095,5.0,S5,8,DAD,DAD,KTY,0,0,0,0,0,0,0,0,1,0,3,0,0,0,0,0,4,1.3333333333333333,0,-0.9438124421222229,0.11038544343069046,0.0954,3,2,Away
1956,5035,5.0,S5,3,KTY,KTY,SAR,0,0,0,0,0,0,0,1,0,0,1,1,0,0,0,0,3,1.0,0,-0.6706443914081146,0.07906758855466257,0.0678,2,2,Home
1956,6090,6.0,S6,7,LMN,LMN,SAS,1,0,1,5,1,0,0,6,4,1,2,2,1,1,2,7,23,6.0,2,-1.8827252252252251,0.2960104967920718,0.1235,10,6,Home
1956,6137,6.0,S6,10,PBA,PBA,PHB,3,0,0,0,2,0,0,6,3,2,2,0,0,0,0,3,18,4.333333333333333,3,0.5376005076737974,0.020827777573077487,-0.04330000000000008,6,3,Away
1960,5089,5.0,S5,8,GTY,GTY,PPP,0,0,2,1,2,0,0,2,2,3,1,3,1,0,0,3,16,4.0,1,-1.6825775656324584,0.23227455343711848,0.0934,7,4,Home
1960,5138,5.0,S5,12,GTY,GTY,ISO,0,0,0,2,0,0,0,0,1,2,0,0,0,0,0,2,5,1.0,0,-0.6706443914081146,0.08706968816389665,0.013600000000000001,2,0,Home
1960,5162,5.0,S5,14,GTY,GTY,SPR,0,1,2,1,0,0,0,0,3,1,0,0,0,0,0,4,8,1.3333333333333333,3,2.1471938550015603,-0.18271098706321975,-0.3032,3,0,Away
1960,6186,6.0,S6,14,AAL,AAL,RBD,1,0,0,2,3,0,0,3,4,2,2,1,0,0,0,3,18,4.0,1,-1.016250208113658,0.17621284915182303,0.1441,6,3,Home
1961,5012,5.0,S5,1,LMN,LMN,PHB,0,0,0,3,0,0,0,0,0,1,2,1,2,0,0,3,7,2.0,0,-1.3412887828162292,0.1621362269139422,0.0195,3,1,Away
1961,5020,5.0,S5,2,LMN,LMN,TRA,1,0,1,3,2,0,0,0,1,2,1,3,2,0,0,5,14,3.0,2,0.2764585789458548,0.028368839370053085,0.021400000000000058,6,3,Away
1961,5032,5.0,S5,3,LMN,LMN,TAI,0,0,1,0,0,0,0,0,0,1,0,1,1,0,0,1,3,1.0,0,-0.9590361445783133,0.10790676387168244,0.0857,1,1,Home
1961,5044,5.0,S5,4,LMN,LMN,MVM,1,0,1,0,1,0,0,0,1,1,1,3,0,0,0,2,9,2.0,2,0.6587112171837706,-0.029861673476823697,-0.09649999999999997,4,3,Home
1961,5056,5.0,S5,5,LMN,LMN,SAR,0,0,2,0,0,0,0,1,3,0,2,1,0,0,0,2,9,2.3333333333333335,0,-1.5234505364065543,0.18835450188220879,0.032799999999999996,3,1,Home
1962,5002,5.0,S5,1,CHI,CHI,RKT,1,0,0,1,0,0,0,1,0,1,1,0,0,0,0,2,5,1.0,1,0.3293556085918854,-0.012930311836103346,-0.0293,2,1,Away
1962,5012,5.0,S5,1,LMN,LMN,PHB,0,0,1,0,0,0,0,1,0,0,2,3,0,0,0,1,7,2.0,0,-1.3412887828162292,0.1621362269139422,0.12479999999999998,5,4,Away
1962,5014,5.0,S5,2,CHI,CHI,KRB,0,1,0,2,1,0,0,2,0,1,0,2,1,0,0,3,9,2.0,1,-0.3412887828162292,0.07013832652317628,-0.04539999999999998,3,2,Away
1963,7003,7.0,S7,1,FAP,FAP,MMA,0,0,0,0,0,0,0,1,0,0,1,1,0,0,0,0,3,1.0,0,-0.5485262401150252,0.06741674026208105,0.0645,2,2,Home
1963,7012,7.0,S7,2,FAP,FAP,WSW,1,0,1,3,2,0,0,6,4,2,3,2,1,0,0,5,24,6.0,2,-1.291157440690151,0.2296286740736434,-0.16569999999999988,9,3,Away
2065,2002,2.0,S2,2,TRE,TRE,HVR,0,0,0,2,0,0,0,1,6,1,4,0,0,0,0,2,14,4.0,0,-0.606060606060606,0.13235606060606062,0.0,6,2,Away
2069,2001,2.0,S2,1,SAV,SAV,HVR,1,0,0,3,3,0,2,1,1,0,3,5,3,0,0,4,17,4.333333333333333,2,1.7272727272727273,-0.08560227272727272,0.0,8,5,Away
2205,2001,2.0,S2,1,HVR,HVR,SAV,0,0,1,1,0,0,0,2,3,0,1,0,0,0,0,2,8,2.0,1,0.7575757575757576,-0.03475757575757576,0.0,3,1,Home
2205,2003,2.0,S2,2,AKR,AKR,SAV,0,0,0,3,3,0,0,4,9,0,2,2,0,0,1,3,23,6.0,0,-0.7272727272727272,0.19572727272727272,0.0,10,5,Away
2206,5038,5.0,S5,4,ISO,ISO,CHI,2,0,0,4,2,0,0,3,8,1,2,1,0,0,0,6,23,5.0,4,0.6467780429594268,0.027346341210249158,-0.17600000000000002,9,3,Away
2206,5078,5.0,S5,7,ISO,ISO,TSA,2,0,1,0,0,0,0,4,3,8,0,3,0,0,0,3,21,6.0,2,-2.0238663484486876,0.28640868074182657,0.3558,12,6,Home
2206,5090,5.0,S5,8,ISO,ISO,RKT,1,1,3,7,2,0,0,5,6,1,2,2,1,0,0,12,30,5.666666666666667,6,2.3761336515513123,-0.11758187101662006,0.009200000000000028,8,4,Home
2206,5126,5.0,S5,11,ISO,ISO,PPP,0,0,0,1,0,0,0,1,1,0,0,1,0,0,0,1,4,1.0,0,-0.6706443914081146,0.0830686383592796,0.1956,1,1,Home
2206,6001,6.0,S6,1,BAC,BAC,RBD,0,0,2,2,0,0,0,0,1,1,0,1,0,0,0,4,7,1.0,2,1.4341216216216215,-0.11440578447420656,0.003999999999999997,2,1,Away
2206,6012,6.0,S6,1,LIM,LIM,HEL,1,0,2,3,3,0,0,1,3,7,0,2,1,0,1,6,22,5.0,2,-0.829391891891892,0.178245858735329,0.23879999999999998,10,5,Home
2206,6015,6.0,S6,2,BAC,BAC,AAL,0,0,1,1,0,0,0,1,0,2,0,0,0,0,0,2,5,1.0,1,0.4341216216216216,-0.0226933209564796,0.08360000000000001,2,1,Home
2206,6037,6.0,S6,3,LIM,LIM,TAK,1,0,2,1,1,0,0,7,1,4,1,1,1,0,0,4,19,5.0,1,-1.3419369369369372,0.21292529027528745,0.06399999999999999,5,2,Home
2206,6042,6.0,S6,3,BAC,BAC,LID,1,0,3,1,0,0,0,2,1,9,0,1,0,1,0,5,18,4.333333333333333,3,0.9605767601457256,-0.017326079432978828,-0.14,10,2,Away
2206,6043,6.0,S6,4,BAC,BAC,LMN,0,1,1,0,0,0,0,2,2,4,0,1,0,0,0,2,11,3.0,1,-1.18509009009009,0.16409045966151065,0.4191,4,1,Away
2206,6057,6.0,S6,5,BAC,BAC,SGP,1,0,1,1,0,0,0,1,3,3,3,0,0,0,0,3,13,3.3333333333333335,2,0.14346795087931008,0.03952219204684364,0.0049,7,4,Home
2206,6085,6.0,S6,7,BAC,BAC,CBC,0,0,2,1,0,0,0,2,4,3,2,0,0,0,1,3,14,4.0,0,-2.2635135135135136,0.288507874968399,0.17029999999999995,7,4,Home
2206,6097,6.0,S6,7,LIM,LIM,SLT,0,0,0,1,0,0,0,2,1,1,0,0,0,0,0,1,5,1.3333333333333333,0,-0.7247752923639332,0.09319637044207588,0.191,1,0,Away
2206,6110,6.0,S6,8,LIM,LIM,LMN,2,0,2,5,1,0,0,2,2,4,2,2,0,1,0,9,22,4.0,4,2.2490315315315312,-0.12959648360701337,-0.32639999999999986,8,6,Home
2206,6113,6.0,S6,9,BAC,BAC,PUK,0,0,0,0,0,0,0,0,0,1,0,0,0,0,0,0,1,0.3333333333333333,0,-0.1588969139855548,0.02003345963969199,0.0070999999999999995,0,0,Away
2206,6141,6.0,S6,11,BAC,BAC,CWJ,1,0,0,1,0,0,0,1,0,0,0,1,0,0,0,2,4,0.6666666666666666,1,0.9456644895232172,-0.07799137598777568,-0.30710000000000004,1,1,Home
2206,7058,7.0,S7,8,BAC,BAC,KNX,0,0,0,0,0,0,0,5,2,2,0,0,0,0,0,0,9,3.0,0,-1.6455787203450756,0.20225022078624316,0.08509999999999998,2,0,Away
2206,7071,7.0,S7,9,FAP,FAP,SSC,0,0,0,0,1,0,0,0,1,2,2,1,0,0,0,0,7,2.0,0,-1.4770976686864539,0.17702603811999534,0.4321,4,2,Away
2206,7086,7.0,S7,11,FAP,FAP,SCG,0,3,1,0,2,1,0,1,1,1,1,1,0,0,0,4,11,1.6666666666666667,6,5.049126921763305,-0.45884426592420924,-0.33390000000000003,3,2,Away
2206,8004,8.1,S8A,1,MMM,MMM,CDT,0,1,0,0,1,0,0,1,1,1,0,1,0,0,0,1,6,1.3333333333333333,2,0.857816091954023,-0.060264456998008434,-0.025400000000000002,2,1,Away
2206,8016,8.1,S8A,3,MMM,MMM,CCD,0,0,0,0,1,0,0,0,1,1,1,1,0,0,0,0,5,1.3333333333333333,0,-0.901832229580574,0.11144751645588563,0.024999999999999998,3,2,Away
2206,8027,8.1,S8A,5,MMM,MMM,BIS,0,0,0,0,1,0,0,2,2,1,1,0,0,0,0,0,7,2.0,0,-1.3533333333333333,0.16510334423029285,0.08910000000000001,2,2,Away
2206,8033,8.1,S8A,6,MMM,MMM,NXS,0,0,2,2,1,0,0,5,5,0,3,4,0,0,1,4,22,6.0,0,-4.06,0.5038157500900099,0.21769999999999992,8,6,Away
2206,8508,8.2,S8B,2,TXR,TXR,QQ,0,0,1,3,1,0,0,0,1,0,1,2,2,0,1,4,9,2.3333333333333335,0,-1.23754252971182,0.16635742314913282,0.1306,4,4,Away
2206,8516,8.2,S8B,4,TXR,TXR,SCU,1,0,0,0,0,0,0,1,0,1,0,1,0,0,0,1,4,1.0,1,0.35572139303482586,-0.018530871232302258,-0.20409999999999998,2,1,Away
2206,8520,8.2,S8B,5,TXR,TXR,CC,0,0,0,2,1,0,0,2,1,2,3,1,0,2,0,2,12,3.0,0,-2.137429291896681,0.27338736743879927,0.4053,6,5,Home
2206,8523,8.2,S8B,6,TXR,TXR,QQ,0,0,2,3,5,0,0,3,3,1,0,4,1,0,0,5,21,4.0,4,1.4228855721393034,-0.05282189984023365,-0.19820000000000004,5,4,Home
2206,9005,9.0,S9,2,BIR,BIR,KGB,1,0,1,3,4,0,0,1,6,1,4,4,2,1,0,5,25,6.0,2,-1.4488188976377951,0.24050551869490286,0.41000000000000003,10,5,Home
2206,9021,9.0,S9,6,BIR,BIR,FLB,1,0,1,3,1,0,0,3,2,2,5,2,0,1,0,5,20,4.666666666666667,3,0.600984251968504,0.017136044324441553,-0.051199999999999996,10,5,Home
2206,9035,9.0,S9,9,BIR,BIR,KGB,1,0,0,1,2,0,0,3,1,0,2,0,0,0,0,2,10,2.0,2,1.7755905511811023,-0.1407807362984474,-0.1853,2,2,Away
2206,9047,9.0,S9,12,BIR,BIR,GOP,0,0,0,2,0,0,0,0,0,0,1,1,1,0,1,2,4,1.3333333333333333,0,-0.8535070084324566,0.10373986025307709,0.0916,3,2,Away
2206,9053,9.0,S9,14,BIR,BIR,NNL,2,0,1,4,1,0,0,3,1,1,1,2,1,1,0,7,16,3.0,4,2.6591207349081367,-0.2033889314973868,-0.3864000000000001,5,3,Away
2206,10010,10.0,S10,2,SEO,SEO,SSS,2,0,0,0,0,0,0,0,1,0,2,0,0,0,0,2,5,1.0,2,1.3113311331133113,-0.111731270079827,-0.3569,2,1,Away
2206,10011,10.0,S10,3,SEO,SEO,BEE,1,0,0,1,0,0,0,2,1,0,0,0,0,0,0,2,5,1.0,1,1.3113311331133115,-0.111731270079827,-0.2089,0,0,Home
2206,10028,10.0,S10,6,SEO,SEO,KIR,0,0,0,0,0,0,0,1,0,1,0,1,0,0,0,0,3,1.0,0,-0.6886688668866887,0.08050799262757136,0.0164,2,1,Home
2206,10032,10.0,S10,7,SEO,SEO,GRS,0,0,0,0,0,0,0,0,1,1,0,1,0,0,0,0,3,1.0,0,-0.6886688668866887,0.08050799262757136,0.0231,2,1,Home
2206,10049,10.0,S10,10,SEO,SEO,SSS,0,0,2,0,0,0,0,2,0,0,1,1,0,0,0,2,6,1.3333333333333333,1,-0.19435068506850706,0.04271728038465565,0.0007000000000000003,2,1,Home
2207,6001,6.0,S6,1,RBD,RBD,BAC,0,0,1,1,1,0,0,2,0,1,2,0,0,0,0,2,8,1.6666666666666667,1,0.06712922205593219,0.02643722372349889,9.999999999999994e-05,3,1,Home
2213,6014,6.0,S6,1,SUP,SUP,PHB,1,0,0,4,1,0,0,1,1,2,0,1,0,0,0,5,11,1.6666666666666667,3,2.18021626179299,-0.17244017552679736,-0.3225,3,1,Home
2213,6110,6.0,S6,8,LMN,LMN,LIM,0,0,1,0,1,0,0,0,2,0,3,0,1,0,0,1,7,2.0,0,-1.1317567567567568,0.14218205336363127,0.12519999999999998,4,1,Away
2215,5013,5.0,S5,2,WSH,WSH,RKT,0,0,2,0,0,0,0,1,0,2,2,0,0,0,0,2,7,1.6666666666666667,1,-0.06812073210212083,0.03481942184253135,-0.029500000000000005,4,2,Home
2215,5039,5.0,S5,4,WSH,WSH,WWC,1,0,3,2,2,0,0,2,4,5,1,0,1,0,0,6,20,4.333333333333333,2,-1.1496434338959314,0.19498533948193392,0.02130000000000001,6,1,Away
2215,5123,5.0,S5,11,WSH,WSH,GBC,1,0,0,1,2,0,0,1,0,2,0,2,0,1,1,2,9,2.0,1,-0.34128878281622915,0.07814042613241035,-0.0197,5,3,Away
2215,5157,5.0,S5,14,WSH,WSH,CHI,1,0,2,4,2,0,0,3,2,6,0,1,0,1,0,7,21,4.0,4,1.3174224343675416,-0.04371914773517933,-0.24609999999999999,6,1,Home
2215,6102,6.0,S6,8,JEF,JEF,FRG,0,0,1,0,0,0,0,0,1,1,1,0,0,0,0,1,4,1.0,0,-0.05333333333333323,0.02190840629787938,-0.13870000000000002,2,1,Home
2220,5049,5.0,S5,5,TSA,TSA,KRB,1,0,1,5,1,0,0,2,1,1,5,2,2,0,0,7,19,4.333333333333333,3,0.04425438365343326,0.07159450792238042,-0.1938,8,5,Away
2220,5087,5.0,S5,8,TSA,TSA,WSH,0,1,0,1,3,0,0,5,4,1,2,5,1,0,0,2,22,6.0,1,-3.0238663484486876,0.3904097305464436,0.2435,8,5,Home
2220,6135,6.0,S6,10,SUP,SUP,MVS,0,0,0,0,0,0,0,2,3,0,0,0,0,0,0,0,5,1.6666666666666667,0,-0.9328707779440678,0.11400591900008933,0.07039999999999999,0,0,Away
2220,6154,6.0,S6,11,SUP,SUP,POR,0,0,5,5,2,0,0,7,6,1,1,3,0,0,0,10,30,6.0,3,-0.3952702702702702,0.1638400742611224,-0.11039999999999998,6,3,Home
2220,6181,6.0,S6,13,SUP,SUP,FRG,1,1,1,6,0,0,0,5,3,0,2,0,0,0,0,9,19,3.3333333333333335,7,4.103478886052176,-0.33161629202362386,-0.441,3,2,Home
2221,6149,6.0,S6,11,SLT,SLT,MVS,1,0,0,1,6,0,0,2,1,1,4,2,2,0,0,2,18,4.0,3,0.7364864864864863,0.0009391796918085948,-0.3061999999999999,6,3,Home
2222,5129,5.0,S5,11,TAI,TAI,POR,0,1,1,3,2,0,0,5,8,1,2,1,1,0,0,5,24,6.0,1,-3.0238663484486876,0.3984118301556777,0.291,9,5,Away
2224,5164,5.0,S5,14,PHB,PHB,TRA,0,0,0,0,0,0,0,0,0,1,0,0,0,0,0,0,1,0.3333333333333333,0,-0.28512310110005235,0.03251335991462227,0.038,0,0,Away
2224,6056,6.0,S6,4,PHB,PHB,BBB,0,0,0,0,0,0,0,1,0,1,0,0,0,0,0,0,2,0.6666666666666666,0,-0.40698146439282357,0.04898568292155538,0.0668,1,0,Away
2224,6065,6.0,S6,5,PHB,PHB,MVS,0,0,0,0,1,0,0,1,4,0,0,1,0,0,0,0,7,2.0,0,-1.1317567567567568,0.14218205336363127,0.061,2,1,Home
2224,7011,7.0,S7,2,TBL,TBL,RRR,2,0,0,1,0,0,0,0,0,0,0,0,0,0,0,3,3,0.0,3,3.0,-0.2874358837494214,-0.2861,0,0,Away
2225,5104,5.0,S5,9,PHB,PHB,TAC,2,0,0,2,3,0,0,6,2,2,1,3,0,0,0,4,21,4.666666666666667,3,0.04677804295942706,0.07934424160101511,-0.020199999999999968,7,5,Home
2225,5140,5.0,S5,12,PHB,PHB,LMN,1,1,0,2,1,0,0,7,2,2,4,1,0,0,0,4,21,5.333333333333333,2,-2.349953304970427,0.3190173763940005,0.3016,8,5,Away
2225,5164,5.0,S5,14,PHB,PHB,TRA,0,0,0,0,0,0,0,0,0,0,0,1,1,0,0,0,1,0.6666666666666666,0,-0.6739130434782609,0.07139235415244313,0.1092,1,1,Away
2225,6014,6.0,S6,1,PHB,PHB,SUP,0,0,0,0,0,0,0,1,0,0,0,0,0,0,0,0,1,0.3333333333333333,0,-0.591743119266055,0.06331808016774201,0.0774,0,0,Away
2225,6027,6.0,S6,2,PHB,PHB,SLT,1,0,0,0,0,0,0,1,0,1,0,0,0,0,0,1,3,0.6666666666666666,1,0.5930185356071764,-0.0468705488373081,-0.1482,1,0,Home
2225,6056,6.0,S6,4,PHB,PHB,BBB,0,0,0,0,2,0,0,0,0,0,0,0,0,1,0,0,2,0.0,0,0.4328462052805002,-0.030853315804640492,-0.06760000000000001,0,0,Away
2225,6065,6.0,S6,5,PHB,PHB,MVS,1,0,0,0,1,0,0,4,1,1,1,1,1,0,0,1,10,3.0,1,-0.6976351351351352,0.11120119592487863,0.1368,4,2,Home
2225,6106,6.0,S6,8,PHB,PHB,WWC,0,0,0,2,0,0,0,5,1,1,2,2,1,0,0,2,13,4.0,0,-2.2635135135135136,0.280220338486126,0.31160000000000004,6,4,Home
2225,6153,6.0,S6,11,PHB,PHB,LIM,1,0,0,1,0,0,0,4,3,3,4,3,1,0,0,2,19,6.0,1,-2.39527027027027,0.3182586236086207,0.42950000000000005,11,6,Home
2225,6192,6.0,S6,14,PHB,PHB,TAK,2,0,0,2,2,0,0,3,2,0,2,2,1,0,0,4,15,3.3333333333333335,3,1.103478886052176,-0.04819136498816989,-0.18379999999999996,5,4,Away
2225,7002,7.0,S7,1,TBL,TBL,BBC,1,0,0,1,1,0,0,0,0,0,0,0,0,0,0,2,3,0.0,3,3.3843471356374133,-0.32587059731316276,-0.45780000000000004,0,0,Home
2225,8015,8.1,S8A,3,GND,GND,BIS,1,0,0,2,1,0,0,2,0,2,3,0,1,0,0,3,11,2.6666666666666665,1,-0.14663329625509824,0.061444775320731976,-0.41339999999999993,5,3,Away
2229,7090,7.0,S7,12,TRI,TRI,SCG,2,0,1,3,2,0,0,7,4,1,0,0,0,0,0,6,20,4.0,3,0.8058950395398992,0.0031712710498670235,-0.23119999999999993,3,0,Away
2230,5075,5.0,S5,7,CHI,CHI,WWC,0,1,2,1,1,0,0,2,0,0,2,0,1,0,0,4,9,1.6666666666666667,3,1.8408729707740958,-0.14807784883585623,-0.4951,2,0,Away
2230,5157,5.0,S5,14,CHI,CHI,WSH,2,0,2,5,1,0,0,4,2,1,2,2,1,0,0,9,21,4.0,7,4.317422434367542,-0.34772019753979627,-0.6555,7,2,Away
2230,6012,6.0,S6,1,HEL,HEL,LIM,1,0,1,4,1,0,0,5,1,1,1,2,0,1,2,6,17,4.0,2,-0.2635135135135137,0.10922671617408161,-0.03049999999999998,6,4,Away
2230,6040,6.0,S6,3,HEL,HEL,SUP,2,0,2,1,2,0,0,6,2,2,1,2,1,0,0,5,20,4.666666666666667,2,-0.23764877262583695,0.10664024208531395,0.09979999999999999,6,3,Away
2230,6069,6.0,S6,5,HEL,HEL,MBT,0,0,2,0,2,0,0,3,3,1,3,3,2,0,0,2,17,5.0,0,-2.829391891891892,0.3533832492885099,0.15250000000000005,9,5,Away
2230,6123,6.0,S6,9,HEL,HEL,POR,0,1,2,3,6,0,0,3,5,0,2,5,3,1,0,6,27,6.0,3,-0.3952702702702706,0.15555253777884936,-0.007499999999999923,9,7,Home
2230,8026,8.1,S8A,5,CDT,CDT,PPM,0,1,1,0,2,0,0,1,0,0,1,1,1,0,0,2,7,1.3333333333333333,1,0.8578160919540231,-0.056011598298442794,-0.0135,2,2,Away
2234,5051,5.0,S5,5,WWC,WWC,GTY,1,0,2,0,1,0,0,5,1,9,1,2,0,1,0,3,22,6.0,1,-3.0238663484486876,0.39441078035106064,0.2762,12,4,Home
2234,5075,5.0,S5,7,WWC,WWC,CHI,0,0,0,6,1,0,0,2,2,4,0,1,1,0,0,6,16,3.3333333333333335,1,-0.860671292873967,0.1500839261612693,0.05829999999999996,5,3,Home
2234,5100,5.0,S5,9,WWC,WWC,ISO,0,1,0,1,4,0,0,1,1,3,0,1,0,0,0,2,12,2.0,1,-0.4084898941524373,0.0888615870706482,0.0237,4,2,Home
2234,5121,5.0,S5,11,WWC,WWC,KRB,1,0,0,1,1,0,0,2,1,2,2,2,1,0,0,2,12,3.3333333333333335,1,-1.2851012249384521,0.1765227201492497,0.12220000000000002,6,4,Away
2236,6014,6.0,S6,1,PHB,PHB,SUP,0,0,1,1,0,0,0,1,0,0,0,0,0,0,0,2,3,0.3333333333333333,1,0.5920163584637269,-0.04677033112296315,-0.10579999999999999,0,0,Away
2236,6056,6.0,S6,4,PHB,PHB,BBB,0,0,1,0,1,0,0,1,0,0,0,0,0,0,0,1,3,0.3333333333333333,2,0.7835549729438022,-0.06592419257097068,-0.17140000000000002,0,0,Away
2236,6166,6.0,S6,12,PHB,PHB,TTT,0,0,0,2,0,0,0,0,1,0,0,0,0,1,0,2,3,0.3333333333333333,1,0.8411030860144453,-0.06753523563689848,-0.1061,0,0,Away
2236,7060,7.0,S7,8,SSC,SSC,MMA,0,0,0,0,0,0,0,1,3,0,0,0,0,0,0,0,4,1.3333333333333333,0,-0.7889956081921357,0.09565171581998494,0.0158,2,0,Away
2241,6086,6.0,S6,7,SGP,SGP,LID,0,0,0,1,0,0,0,0,0,0,0,0,0,0,0,1,1,0.0,0,0.7058285016783643,-0.06643908192669992,-0.0072,0,0,Away
2241,7047,7.0,S7,6,FAP,FAP,SSJ,2,0,2,2,0,0,0,3,9,1,2,3,0,0,0,6,24,6.0,3,-0.29115744069015087,0.12962867407364337,0.09969999999999998,12,5,Home
2243,6030,6.0,S6,3,SGP,SGP,RBD,0,1,0,0,3,0,0,4,3,1,8,2,0,0,0,1,22,6.0,0,-3.39527027027027,0.4306899283320303,0.27119999999999994,11,6,Away
2243,6115,6.0,S6,9,SGP,SGP,SAS,2,0,0,0,2,0,0,8,0,2,2,2,0,0,1,2,18,5.0,2,-0.8293918918918921,0.16167078577078292,-0.0091,7,5,Away
2243,6185,6.0,S6,14,SGP,SGP,JEF,0,0,0,2,1,0,0,0,1,0,0,1,1,0,0,2,5,1.0,1,0.4341216216216216,-0.022693320956479607,-0.034800000000000005,1,1,Home
2248,8506,8.2,S8B,2,SBD,SBD,SCU,1,0,2,4,1,0,0,6,1,7,1,3,0,1,0,7,26,6.0,4,0.1343283582089554,0.10159572365957166,-0.24329999999999996,10,4,Home
2248,8510,8.2,S8B,3,SBD,SBD,MOB,0,0,0,0,0,0,0,0,1,0,0,0,0,0,1,0,1,0.6666666666666666,0,-1.0,0.10852063403559015,0.035,1,1,Away
2248,8521,8.2,S8B,6,SBD,SBD,MOB,0,0,1,3,5,0,0,2,1,2,2,2,3,0,0,4,18,4.0,3,-0.47711442786069647,0.12439714910638112,0.014600000000000023,6,4,Home
2248,8527,8.2,S8B,7,SBD,SBD,QQ,0,0,0,4,2,0,0,5,1,5,5,3,1,1,1,4,25,7.0,0,-5.112246984256799,0.626253257906147,0.8616999999999999,14,10,Home
2248,8530,8.2,S8B,8,SBD,SBD,SCU,0,0,1,4,0,0,0,5,2,5,1,3,0,0,2,5,21,6.0,1,-2.865671641791045,0.3845544555883914,0.576,9,5,Away
2249,5081,5.0,S5,7,LMN,LMN,NUL,3,1,0,1,0,0,0,4,1,0,2,0,0,0,0,5,12,2.3333333333333335,5,3.3855431664696622,-0.2905417189915618,-0.46420000000000006,3,2,Away
2249,7031,7.0,S7,4,RRR,RRR,SSC,3,0,0,3,4,0,0,5,3,0,3,1,3,0,0,6,22,5.0,5,2.257368799424874,-0.13360002743824478,-0.29,6,3,Away
2249,7052,7.0,S7,7,RRR,RRR,TRI,2,1,2,1,1,0,0,4,7,2,2,2,1,0,0,6,24,6.0,4,-0.2911574406901507,0.1296286740736434,-0.006500000000000044,11,5,Home
2252,5106,5.0,S5,9,MVM,MVM,NUL,0,1,3,5,1,0,0,6,7,1,1,3,0,0,0,9,28,6.0,3,-1.0238663484486876,0.21441602937414586,0.2569,9,4,Away
2252,6006,6.0,S6,1,PUK,PUK,MPD,0,0,0,1,0,0,0,1,2,0,0,0,0,0,0,1,4,1.0,0,-0.5658783783783784,0.0731629108023839,0.0164,1,0,Home
2252,6075,6.0,S6,6,PUK,PUK,RBD,1,0,3,1,0,0,0,6,4,0,1,2,0,0,0,5,18,4.333333333333333,2,-0.03942323985427443,0.07853015232588467,0.006099999999999984,5,3,Away
2252,6107,6.0,S6,8,PUK,PUK,CIM,1,0,0,1,0,0,0,1,1,0,0,1,0,0,0,2,5,1.0,1,0.4341216216216216,-0.022693320956479593,-0.03479999999999999,2,1,Home
2252,6133,6.0,S6,10,PUK,PUK,LMN,0,0,0,0,0,0,0,0,0,1,0,0,0,0,0,0,1,0.3333333333333333,0,-0.1588969139855548,0.02003345963969199,0.011399999999999999,1,0,Away
2252,7023,7.0,S7,3,SSC,SSC,SCG,1,0,0,0,3,0,0,1,2,0,0,0,0,0,0,1,7,1.0,2,1.451473759884975,-0.11583110473714756,-0.049,2,0,Away
2253,6079,6.0,S6,6,TTT,TTT,MVS,0,0,0,0,1,0,0,3,4,5,1,5,0,0,0,0,19,6.0,0,-3.39527027027027,0.41825862360862076,0.5458999999999999,13,7,Away
2253,6120,6.0,S6,9,TTT,TTT,CIM,1,0,0,4,2,0,0,5,3,1,2,2,2,0,0,5,20,5.0,2,-0.829391891891892,0.16581455401191947,0.012400000000000029,6,5,Away
2253,6150,6.0,S6,11,TTT,TTT,PBA,0,0,4,1,1,0,0,3,0,0,2,4,1,0,0,5,15,3.3333333333333335,4,1.526455138524104,-0.0904889902353627,-0.1873,6,6,Away
2253,6194,6.0,S6,14,TTT,TTT,HEL,1,0,2,2,1,0,0,4,0,0,0,0,0,2,0,5,10,1.3333333333333333,3,2.2752247076360668,-0.17779725186996856,-0.0534,0,0,Away
2253,7007,7.0,S7,1,SSC,SSC,STK,0,0,0,1,2,0,0,3,0,0,1,1,0,0,0,1,8,1.6666666666666667,0,-0.8565831121529399,0.11916262121683677,0.0365,2,2,Away
2253,7039,7.0,S7,5,SSC,SSC,TBL,1,0,0,4,2,0,0,1,2,1,0,2,0,0,0,5,13,2.0,5,2.2829927082263533,-0.17385476707012834,-0.37729999999999997,4,2,Away
2253,7060,7.0,S7,8,SSC,SSC,MMA,2,0,0,3,1,0,0,1,1,0,3,0,1,0,0,5,11,2.0,4,2.90294751976995,-0.24422632572487363,-0.24509999999999998,3,3,Away
2253,7073,7.0,S7,10,SSC,SSC,WSW,1,0,1,1,0,0,0,1,6,0,2,6,0,0,0,3,18,5.0,2,-0.7426312005751259,0.14964781756098383,-0.019299999999999963,12,7,Away
2253,8007,8.1,S8A,2,BIS,BIS,LAC,0,0,0,0,2,0,1,0,2,0,1,0,0,0,0,0,5,1.0,0,-0.6766666666666666,0.0889309601644949,0.00030000000000000014,2,1,Away
2256,5112,5.0,S5,10,TSA,TSA,CHI,3,1,1,1,1,0,0,3,8,0,3,3,1,1,0,6,24,6.0,4,-0.023866348448687402,0.10241287996029473,-0.077836,11,6,Home
2256,5136,5.0,S5,12,TSA,TSA,YUM,3,1,0,1,3,0,0,3,7,1,1,0,0,0,0,5,20,4.0,4,1.3174224343675416,-0.0517212473444134,-0.2693,5,1,Home
2256,5160,5.0,S5,14,TSA,TSA,PPP,1,0,0,2,3,0,0,3,7,0,3,3,1,2,1,3,22,6.0,1,-3.0238663484486876,0.40241287996029473,0.19830000000000003,8,6,Away
2256,6014,6.0,S6,1,SUP,SUP,PHB,2,0,0,0,1,0,0,1,5,0,0,0,0,0,0,2,9,2.0,3,1.8682432432432432,-0.1495304101540957,-0.24370000000000006,3,0,Home
2256,6025,6.0,S6,2,SUP,SUP,TTT,0,0,1,0,0,0,0,5,6,0,0,1,0,0,0,1,13,4.0,0,-1.5107768189133692,0.20494666902611158,0.11329999999999998,4,2,Away
2256,6028,6.0,S6,2,LIM,LIM,POR,1,0,0,0,2,0,0,0,2,1,1,1,0,0,0,1,8,1.6666666666666667,2,1.6441529695840038,-0.13126515102930836,-0.086,3,3,Away
2256,6070,6.0,S6,5,SUP,SUP,LIM,1,0,1,0,2,0,0,4,7,1,1,3,2,0,0,2,20,6.0,1,-2.39527027027027,0.3224023918497573,0.32499999999999996,8,4,Away
2256,6098,6.0,S6,7,SUP,SUP,MBT,3,0,1,0,0,0,0,4,6,1,3,1,0,0,0,4,19,5.0,4,1.1706081081081081,-0.0383292142292171,-0.22050000000000003,7,6,Away
2256,6162,6.0,S6,12,SUP,SUP,CIM,3,0,1,1,1,0,0,2,13,2,1,0,0,0,0,5,24,6.0,5,1.6047297297297296,-0.061022535185696676,-0.0024999999999999467,8,3,Away
2256,6191,6.0,S6,14,LIM,LIM,MVS,1,0,0,0,0,0,0,1,6,1,1,0,0,0,0,1,10,3.0,1,-0.6976351351351352,0.11120119592487865,0.05690000000000002,6,3,Home
2256,7002,7.0,S7,1,TBL,TBL,BBC,2,0,1,4,1,0,0,1,10,1,2,1,0,0,1,7,23,5.333333333333333,3,0.016899431347763505,0.09882298686985197,-0.17850000000000005,11,6,Home
2256,7039,7.0,S7,5,TBL,TBL,SSC,1,0,0,1,4,0,0,1,4,1,2,0,0,0,0,2,14,2.6666666666666665,4,0.47664350187714666,0.010968192314985184,-0.1531,5,2,Home
2256,7049,7.0,S7,7,TBL,TBL,SCG,0,0,2,1,2,0,0,2,0,1,1,1,0,0,0,3,10,1.6666666666666667,1,0.5259988870073635,-0.010719501198807872,-0.1435,3,2,Home
2256,8022,8.1,S8A,4,BAG,BAG,LAC,3,0,2,3,0,0,0,1,2,1,1,3,1,1,0,8,16,3.0,5,2.97,-0.224701402107384,-0.476,5,4,Home
2256,8043,8.1,S8A,8,BAG,BAG,MMM,1,0,3,3,0,0,0,0,3,1,1,0,0,2,0,7,12,1.6666666666666667,5,4.112183908045977,-0.35167836901067867,-0.5005999999999999,1,0,Away
2256,9018,9.0,S9,5,GOP,GOP,BIR,1,0,1,5,1,0,0,2,1,1,1,2,1,1,0,7,15,2.6666666666666665,5,3.4187317042626137,-0.28302786031480087,-0.32469999999999993,5,3,Away
2256,9039,9.0,S9,10,GOP,GOP,AND,0,0,0,0,0,0,0,1,0,1,1,0,0,0,0,0,3,1.0,0,-0.5748031496062992,0.06851381060652878,0.1543,2,1,Home
2256,9041,9.0,S9,11,GOP,GOP,ARR,1,0,0,6,1,0,0,2,1,1,2,1,1,1,0,7,15,2.6666666666666665,3,1.642257217847769,-0.1053804116733163,-0.1844,5,2,Away
2256,12016,12.0,S12,4,KEG,KEG,DDD,0,0,0,1,0,0,0,0,0,0,0,1,1,0,0,1,2,0.6666666666666666,0,-0.708029197080292,0.07906472074996129,0.0301,1,1,Home
2256,12034,12.0,S12,7,KEG,KEG,SDV,0,0,0,1,1,0,0,0,0,0,0,1,1,0,0,1,3,0.6666666666666666,0,-0.3590116279069767,0.04829386435359579,0.001,1,1,Away
2258,5130,5.0,S5,11,PHB,PHB,SAR,0,0,2,1,1,0,0,0,1,2,1,4,1,0,0,3,12,3.0,1,-1.0119331742243438,0.14920591507783884,0.10519999999999999,7,4,Away
2258,5164,5.0,S5,14,PHB,PHB,TRA,0,0,0,0,0,0,0,0,1,0,0,0,0,0,0,0,1,0.3333333333333333,0,-0.8351591027647366,0.0875169600810907,0.1273,1,0,Away
2258,6192,6.0,S6,14,PHB,PHB,TAK,0,0,0,0,0,0,0,2,0,0,1,0,0,0,0,0,3,1.0,0,-1.0533333333333332,0.11776463805674287,0.0516,1,0,Away
2258,7068,7.0,S7,9,TBL,TBL,BBB,0,0,0,1,0,0,0,1,2,0,0,0,0,0,0,1,4,1.0,0,-0.5485262401150252,0.0716047790122739,0.037599999999999995,1,0,Home
2258,8008,8.1,S8A,2,BAG,BAG,CCD,0,0,0,0,1,0,0,0,1,1,0,0,0,0,0,0,3,0.6666666666666666,0,-0.3978723404255319,0.05254581014125012,0.0064,1,0,Home
2258,8025,8.1,S8A,5,BAG,BAG,BLO,0,0,0,1,1,0,0,2,0,1,1,1,0,0,0,1,7,1.6666666666666667,0,-1.0745390070921985,0.13722391160617936,0.020699999999999996,3,1,Home
2258,8043,8.1,S8A,8,BAG,BAG,MMM,2,0,1,0,1,0,0,1,1,0,1,2,0,0,0,3,9,1.6666666666666667,4,2.579021765712888,-0.21962644827519803,-0.05090000000000001,3,1,Away
2260,6081,6.0,S6,6,BBB,BBB,HEL,0,2,1,0,2,0,0,4,2,1,3,0,0,0,1,3,15,3.6666666666666665,2,-0.05541802793337908,0.07184209465152211,0.02979999999999997,6,2,Away
2260,7047,7.0,S7,6,SSJ,SSJ,FAP,1,0,2,2,3,0,0,3,5,1,3,3,0,0,0,5,23,5.0,4,1.2573687994248743,-0.029411988688051963,-0.40030000000000004,7,4,Away
2260,7100,7.0,S7,13,SSJ,SSJ,BBB,0,0,2,5,0,0,0,9,4,1,1,3,0,1,0,7,25,6.0,1,-2.291157440690151,0.3380047515740291,0.3389,7,4,Home
2268,5134,5.0,S5,12,RKT,RKT,CHI,0,0,0,0,1,0,0,1,0,0,1,2,1,0,0,0,5,1.6666666666666667,0,-1.0681207321021209,0.12681732223329728,0.1813,3,2,Away
2270,5018,5.0,S5,2,SPR,SPR,ISO,0,0,0,0,0,0,0,0,1,0,1,0,0,0,0,0,2,0.6666666666666666,0,-0.3974763406940063,0.047749733678634707,0.0774,1,0,Home
2270,5029,5.0,S5,3,SPR,SPR,GTY,1,0,0,3,0,0,0,1,1,1,3,3,0,3,0,4,13,3.0,2,-0.01193317422434359,0.06521011429630702,-0.060600000000000015,6,3,Away
2275,5167,5.0,S5,14,MVM,MVM,POR,3,0,0,2,2,0,0,2,11,0,2,3,0,0,0,5,25,6.0,3,-1.0238663484486876,0.20241287996029472,0.023800000000000023,10,7,Away
2275,6022,6.0,S6,2,CIM,CIM,MVS,0,0,0,0,1,0,0,0,1,1,0,1,0,0,0,0,4,1.0,0,-0.5658783783783784,0.0731629108023839,0.06090000000000001,2,2,Away
2275,6107,6.0,S6,8,CIM,CIM,PUK,0,0,1,1,2,0,0,2,3,1,0,2,0,0,0,2,12,2.6666666666666665,1,-0.9217254087943743,0.1418977597730756,0.21950000000000003,6,3,Away
2275,6120,6.0,S6,9,CIM,CIM,TTT,0,0,0,0,0,0,0,0,0,0,0,1,0,0,0,0,1,0.3333333333333333,0,-0.9324324324324323,0.09738701148437975,0.2516,1,1,Home
2275,6162,6.0,S6,12,CIM,CIM,SUP,0,0,1,1,1,0,0,1,0,2,1,0,0,0,0,2,7,1.3333333333333333,0,1.5016891891891893,-0.12116254123096334,-0.1965,3,1,Home
2275,7096,7.0,S7,12,MMA,MMA,FAP,2,0,4,2,2,0,0,7,4,1,2,1,1,1,0,8,25,5.333333333333333,3,0.7820132910171662,0.03068767840329742,-0.11689999999999998,6,3,Home
2275,8015,8.1,S8A,3,GND,GND,BIS,1,0,0,2,0,0,0,8,3,1,2,1,0,0,0,3,18,5.0,1,-2.3833333333333333,0.314884789925515,0.21060000000000004,6,2,Away
2275,8021,8.1,S8A,4,GND,GND,PPM,0,0,1,0,1,0,0,0,0,0,0,1,0,0,0,1,3,0.3333333333333333,0,1.1116859403530128,-0.09841001793660434,-0.21789999999999998,1,1,Away
2275,8045,8.1,S8A,8,GND,GND,LAC,1,1,2,2,3,0,0,7,3,2,1,1,1,0,0,6,23,5.0,3,-0.3833333333333334,0.1361490834233432,-0.09190000000000001,7,3,Away
2275,12047,12.0,S12,10,SAL,SAL,PQD,0,0,0,0,0,0,0,0,0,0,0,3,0,0,0,0,3,1.0,0,-0.61248654467169,0.07364135603006712,0.0644,3,3,Away
2275,12065,12.0,S12,13,SAL,SAL,SEF,0,0,0,0,1,0,0,1,2,0,3,2,1,0,0,0,9,3.0,0,-1.8374596340150697,0.22092406809020138,0.1386,6,2,Away
2275,12070,12.0,S12,14,SAL,SAL,WWC,0,1,1,1,1,0,0,0,0,0,2,1,0,0,0,3,7,1.0,2,1.3875134553283102,-0.10983504188606871,-0.1949,3,2,Away
2281,6028,6.0,S6,2,POR,POR,LIM,1,1,2,1,3,0,0,4,2,0,4,5,2,0,1,5,23,6.0,2,-1.3952702702702704,0.23897746481430335,0.34140000000000004,10,9,Home
2281,6136,6.0,S6,10,POR,POR,TAK,0,0,2,2,4,0,0,4,5,0,1,3,1,0,2,4,21,5.333333333333333,0,-2.4915541324544686,0.3444620827915866,0.2970000000000001,7,4,Home
2285,6045,6.0,S6,4,SGP,SGP,AAL,0,0,1,6,1,0,0,5,2,1,5,4,1,1,0,7,25,6.0,1,-2.39527027027027,0.34726500129657634,0.28340000000000004,12,9,Home
2285,6101,6.0,S6,8,SGP,SGP,HEL,1,1,0,2,3,0,0,2,5,2,0,4,0,0,2,4,20,5.0,1,-1.829391891891892,0.2741020904941925,0.2751,11,4,Home
2285,6128,6.0,S6,10,SGP,SGP,CBC,0,0,0,1,0,0,0,2,1,0,0,2,0,0,0,1,6,1.6666666666666667,0,-0.42032573289902253,0.06689518273672133,0.03520000000000003,3,2,Home
2285,6157,6.0,S6,12,SGP,SGP,MPD,1,0,2,4,0,0,0,13,2,1,2,0,0,0,0,7,25,6.0,1,-2.3952702702702706,0.34312123305543984,0.21329999999999993,5,3,Home
2285,7005,7.0,S7,1,KNX,KNX,BBB,2,1,1,1,1,0,0,8,1,4,2,2,1,0,0,5,23,6.0,4,0.7088425593098489,0.025440635323450544,-0.22010000000000002,8,3,Home
2285,7037,7.0,S7,5,KNX,KNX,WSW,4,0,1,1,3,0,0,6,5,1,3,2,1,0,0,6,26,6.0,5,1.708842559309849,-0.06199524842597088,-0.7281000000000001,10,4,Home
2285,7058,7.0,S7,8,KNX,KNX,BAC,3,0,2,1,3,0,0,4,1,1,3,1,1,1,0,6,19,3.6666666666666665,7,4.952074441533255,-0.4114466691494686,-0.49470000000000003,5,3,Home
2327,6010,6.0,S6,1,TAK,TAK,TTT,0,1,0,1,1,0,0,3,0,0,3,0,0,0,0,2,9,2.0,0,-0.6192117117117116,0.09921508534139975,0.0435,3,1,Home
2327,6192,6.0,S6,14,TAK,TAK,PHB,1,0,2,2,3,1,0,2,2,0,3,5,0,1,1,5,20,4.333333333333333,3,0.7379330632248047,0.017369594982522822,-0.15700000000000008,10,6,Home
2327,8005,8.1,S8A,1,BLO,BLO,CCD,0,0,1,3,0,0,0,2,0,0,4,3,0,0,0,4,13,3.0,1,-0.552820512820513,0.11056921437640471,0.03099999999999999,7,5,Home
2327,8014,8.1,S8A,3,BLO,BLO,LAC,1,0,1,1,0,0,0,2,0,1,0,1,0,0,1,3,7,1.6666666666666667,1,-0.07453900709219852,0.04147677030574502,-0.002399999999999996,3,2,Away
2327,8025,8.1,S8A,5,BLO,BLO,BAG,2,1,0,2,2,0,0,1,2,0,2,2,0,1,0,5,14,2.3333333333333335,5,3.367872340425532,-0.27299435354906854,-0.39459999999999995,5,2,Away
2327,8504,8.2,S8B,1,CC,CC,QQ,1,0,2,1,0,0,0,3,0,2,7,1,0,1,0,4,17,4.333333333333333,2,-0.8220423854752212,0.1588899448678336,0.1819,9,3,Home
2327,8509,8.2,S8B,3,ESP,ESP,SCU,1,0,0,0,0,0,0,0,3,2,5,5,0,0,0,1,16,5.0,1,-2.2213930348258706,0.2903043757673084,0.12869999999999998,11,6,Away
2327,8518,8.2,S8B,5,ESP,ESP,SBD,1,0,1,1,0,0,0,3,1,0,1,1,0,0,0,3,9,2.0,2,1.0967016713285371,-0.07132731397269797,-0.0026,2,1,Away
2327,8522,8.2,S8B,6,ESP,ESP,SCU,1,1,4,1,2,0,0,4,2,1,8,3,0,1,0,7,27,6.0,6,2.134328358208955,-0.09414395932263324,-0.30699999999999994,12,6,Home
2327,8529,8.2,S8B,8,ESP,ESP,MOB,2,0,4,0,0,0,0,1,5,3,3,3,0,0,0,6,21,5.0,4,0.7786069651741292,0.011605960856283792,-0.1573,9,4,Home
2327,11001,11.0,S11,1,IDR,IDR,LAX,0,0,1,1,0,0,0,4,2,0,0,1,0,0,1,2,9,2.6666666666666665,0,-1.984233816371725,0.23865001002927624,0.2566,4,2,Home
2327,11008,11.0,S11,2,IDR,IDR,POS,1,0,0,0,2,0,0,0,0,0,0,0,0,1,0,1,3,0.0,3,3.0,-0.28390934864315853,-0.7726,0,0,Away
2327,11037,11.0,S11,7,IDR,IDR,PRP,0,0,0,1,0,0,0,4,1,0,0,0,0,0,1,1,6,2.0,0,-1.2003142183817754,0.14819006171265017,0.1111,2,1,Home
2327,11049,11.0,S11,9,IDR,IDR,POS,1,0,3,0,0,0,0,0,0,1,1,0,0,0,0,4,6,0.6666666666666666,4,2.8515972767740245,-0.26102375064214023,-0.4602,2,1,Home
2327,11073,11.0,S11,13,IDR,IDR,ROY,0,0,0,0,0,0,0,2,1,0,1,0,0,0,0,0,4,1.3333333333333333,0,-0.8633150039277298,0.10242215174961448,0.0502,2,1,Home
2327,11085,11.0,S11,15,IDR,IDR,OKT,0,0,2,0,3,0,0,5,3,1,2,0,0,0,0,2,16,3.6666666666666665,0,-0.5181183863961927,0.11617444406698528,-0.0465,3,2,Home
2329,6047,6.0,S6,4,SAS,SAS,RBD,2,0,1,5,4,0,0,4,5,1,4,2,2,0,0,8,28,6.0,2,-1.3952702702702704,0.2555525377788494,0.029700000000000032,9,5,Home
2329,6090,6.0,S6,7,SAS,SAS,LMN,1,0,0,0,1,0,0,2,0,0,0,3,0,0,0,1,7,1.6666666666666667,1,0.06712922205593219,0.02229345548236237,-0.0024000000000000002,3,3,Away
2329,6105,6.0,S6,8,SAS,SAS,TTT,0,2,0,2,3,0,0,3,3,3,1,5,0,0,0,4,22,5.0,3,0.170608108108108,0.07410209049419246,-0.13299999999999998,12,7,Away
2329,6142,6.0,S6,11,SAS,SAS,CBC,0,0,0,0,2,0,0,3,8,2,3,2,0,0,0,0,20,6.0,0,-3.39527027027027,0.42240239184975725,0.7249,12,7,Away
2329,6187,6.0,S6,14,SAS,SAS,CWJ,0,0,0,0,3,0,0,3,6,2,5,2,0,0,0,0,21,6.0,0,-3.39527027027027,0.4265461600908938,0.6193,13,8,Home
2329,7049,7.0,S7,7,SCG,SCG,TBL,1,0,1,2,1,0,0,4,5,1,4,3,1,0,0,4,22,6.0,1,-2.291157440690151,0.3212525965732577,0.3731999999999999,12,7,Away
2329,7076,7.0,S7,10,SCG,SCG,MMA,2,1,0,1,4,0,0,4,4,0,2,4,0,0,0,4,22,4.666666666666667,6,3.4035482014182294,-0.24821796763758036,-0.12500000000000006,8,6,Away
2329,8006,8.1,S8A,1,NXS,NXS,BAG,0,0,1,0,1,0,0,8,6,1,2,1,0,0,0,1,20,6.0,0,-4.06,0.49105717399131293,0.23870000000000002,8,3,Home
2329,8017,8.1,S8A,3,NXS,NXS,PPM,0,0,2,0,1,0,0,2,1,0,2,1,0,0,0,2,9,2.0,0,-1.3533333333333333,0.17360906162942416,0.052099999999999994,4,3,Away
2329,8028,8.1,S8A,5,NXS,NXS,CCD,2,1,2,2,1,0,0,4,4,5,1,1,0,1,0,7,23,5.0,3,-0.6245161290322578,0.16452022169280128,-0.20409999999999998,10,4,Away
2329,8505,8.2,S8B,2,MOB,MOB,ESP,0,0,3,5,4,0,0,1,7,3,4,3,2,0,0,8,30,6.666666666666667,3,-0.5609649329747466,0.1839060038313271,-0.24819999999999998,14,8,Home
2329,9019,9.0,S9,5,NNL,NNL,POS,1,0,1,1,1,0,0,1,2,0,1,0,0,0,0,3,8,1.3333333333333333,3,2.068338003475212,-0.17741114529179092,-0.007200000000000005,3,1,Home
2329,9028,9.0,S9,7,NNL,NNL,KGB,0,0,0,1,0,0,0,0,1,0,0,1,0,0,1,1,3,1.0,0,-0.5748031496062992,0.07219164248849506,0.0038000000000000004,3,2,Away
2329,9037,9.0,S9,10,NNL,NNL,BIR,1,0,4,2,0,0,0,3,6,1,0,1,0,0,1,7,18,4.0,3,0.7007874015748032,-0.00019993440012086583,-0.022799999999999994,5,2,Away
2329,10024,10.0,S10,5,SEO,SEO,ACK,0,0,1,0,1,0,0,0,1,0,1,1,0,0,0,1,5,1.0,0,-0.6886688668866887,0.08826872992017301,1.3552527156068805e-20,3,2,Home
2329,10032,10.0,S10,7,SEO,SEO,GRS,0,0,0,1,1,0,0,1,1,2,1,0,1,0,0,1,7,2.0,0,-1.3773377337733774,0.16489635390144353,0.0786,4,2,Home
2329,10049,10.0,S10,10,SEO,SEO,SSS,1,0,1,1,1,0,0,1,3,0,3,0,0,1,0,3,11,2.3333333333333335,1,-0.7946931056742037,0.12603373432303033,0.011300000000000004,5,3,Home
2329,11015,11.0,S11,3,LOB,LOB,LAX,1,0,1,0,2,0,0,0,1,0,1,0,0,0,0,2,6,0.6666666666666666,4,3.5616633712136636,-0.3320303600861041,-0.34650000000000003,2,1,Home
2329,12014,12.0,S12,3,SDV,SDV,SAL,0,1,1,4,3,0,0,7,3,0,2,1,3,0,0,6,22,5.333333333333333,1,-1.7749192680301396,0.26837173826426686,0.14840000000000003,5,3,Home
2329,12041,12.0,S12,9,SDV,SDV,CCS,0,0,0,1,2,0,0,3,2,0,0,2,1,0,0,1,10,2.6666666666666665,0,-1.5839847172503565,0.1997074769346961,0.0327,3,2,Away
2332,6121,6.0,S6,9,TAK,TAK,MVS,0,0,0,1,1,0,0,2,4,3,0,2,1,0,0,1,13,4.0,1,-3.4377615921046822,0.3976451463452429,0.3324,7,3,Home
2332,6148,6.0,S6,11,TAK,TAK,CIM,1,0,1,0,1,0,0,2,0,0,1,0,0,0,0,2,6,1.0,3,3.7079646017699113,-0.3459338507301721,-0.6901,1,1,Home
2332,7060,7.0,S7,8,SSC,SSC,MMA,0,0,0,1,0,0,0,2,2,1,0,0,0,0,0,1,6,1.6666666666666667,0,-0.8565831121529399,0.11078654371645107,0.009000000000000001,3,0,Away
2332,7088,7.0,S7,11,SSC,SSC,CPR,0,0,5,2,3,0,0,4,5,2,3,0,1,0,0,7,24,5.0,2,-0.7426312005751257,0.17477605006214086,0.2589999999999999,8,3,Home
2332,7109,7.0,S7,14,SSC,SSC,SCG,0,1,0,1,0,0,0,4,0,0,1,0,0,0,1,2,7,2.0,1,-0.09705248023005036,0.04320955802454781,-0.0624,2,1,Home
2332,8019,8.1,S8A,4,BLO,BLO,NXS,0,1,3,4,5,0,0,5,4,0,0,3,0,0,0,8,25,4.0,8,5.293333333333333,-0.4230118658441922,-0.026999999999999996,5,3,Away
2335,6004,6.0,S6,1,JEF,JEF,SAS,0,0,0,0,0,0,0,3,1,1,1,0,0,0,0,0,6,2.0,0,-1.1317567567567568,0.13803828512249475,0.08199999999999998,3,0,Away
2335,6074,6.0,S6,6,JEF,JEF,LID,1,0,0,3,0,0,0,2,1,1,2,2,1,0,0,4,12,3.0,2,0.3023648648648648,0.019488732407151668,-0.08330000000000001,5,2,Home
2335,6087,6.0,S6,7,JEF,JEF,WWC,3,0,2,3,0,0,0,3,1,0,1,1,0,0,0,8,14,2.0,7,5.868243243243243,-0.5288115689484131,-0.4624,4,1,Home
2335,6172,6.0,S6,13,JEF,JEF,LMN,0,0,1,3,6,0,1,3,3,1,0,8,1,2,2,4,25,6.0,1,-2.39527027027027,0.3596963060199859,0.2798,11,9,Away
2335,6185,6.0,S6,14,JEF,JEF,SGP,1,0,2,3,3,0,0,3,5,1,5,1,1,0,1,6,24,5.666666666666667,3,0.20472972972972947,0.08312123305543984,0.14679999999999999,8,3,Away
2337,6103,6.0,S6,8,MVS,MVS,RBD,0,0,0,0,1,0,0,1,1,0,0,1,0,0,0,0,4,1.0,0,-0.5658783783783784,0.0731629108023839,0.0645,2,1,Home
2337,7030,7.0,S7,4,CPR,CPR,SSJ,2,0,2,1,1,0,0,5,6,1,1,1,1,0,0,5,20,5.0,4,1.2573687994248741,-0.04197610493863045,-0.18080000000000002,6,2,Home
2337,7064,7.0,S7,8,CPR,CPR,TRI,2,0,1,1,2,0,1,0,6,0,1,1,0,0,1,4,14,3.0,4,2.3544212796549244,-0.17262154671259977,-0.3493,7,1,Home
2341,6037,6.0,S6,3,TAK,TAK,LIM,0,0,1,0,0,0,0,2,1,0,0,0,0,0,0,1,4,1.0,0,1.0,-0.08342492703545396,-0.2185,1,0,Away
2341,6052,6.0,S6,4,TAK,TAK,SUP,0,0,0,0,0,0,0,0,1,0,0,0,0,0,0,0,1,0.3333333333333333,0,-0.3631713554987212,0.04046090379100863,0.1251,1,0,Home
2341,6066,6.0,S6,5,TAK,TAK,SLT,0,1,0,0,2,0,0,0,1,0,0,0,0,0,0,1,4,0.3333333333333333,2,2.6298507462686564,-0.24641000166231963,-0.4676,0,0,Away
2344,6024,6.0,S6,2,MBT,MBT,PBA,1,1,1,1,0,0,0,8,1,1,3,1,1,0,0,4,18,5.0,2,-0.829391891891892,0.15752701752964643,0.3358,5,1,Home
2344,6041,6.0,S6,3,MBT,MBT,PHB,0,0,2,0,0,0,0,1,1,1,0,2,0,0,0,2,7,1.6666666666666667,1,-0.3558470304159959,0.06459108072955519,0.0006000000000000003,4,2,Home
2344,6109,6.0,S6,8,MBT,MBT,SAR,1,0,3,0,2,0,0,8,4,1,1,4,0,0,0,4,24,6.0,3,-0.39527027027027034,0.13897746481430331,0.2976000000000001,6,5,Home
2349,6134,6.0,S6,10,HEL,HEL,CIM,0,0,1,0,1,0,0,2,6,0,3,3,0,1,0,1,16,4.666666666666667,0,-2.630505913079203,0.333494651407241,0.27540000000000003,9,5,Home
2349,6151,6.0,S6,11,HEL,HEL,FRG,4,0,1,1,1,0,0,1,3,1,0,3,0,0,0,6,15,2.6666666666666665,6,4.501250843677554,-0.38796856075070774,-0.09819999999999998,6,3,Away
2349,7007,7.0,S7,1,STK,STK,SSC,0,0,0,0,0,0,0,1,0,0,1,0,0,0,0,0,2,0.6666666666666666,0,-0.8586956521739131,0.094245642717777,0.13579999999999998,1,0,Home
2349,7025,7.0,S7,4,STK,STK,BAC,2,0,0,1,1,0,0,3,4,0,0,3,0,0,0,3,14,3.3333333333333335,3,1.113951911577814,-0.05276264865508157,0.04049999999999998,4,3,Home
2349,7069,7.0,S7,9,STK,STK,WSW,2,0,0,0,1,0,0,0,0,0,1,0,0,0,0,2,4,0.3333333333333333,3,3.629807692307692,-0.34622861422999784,-0.08410000000000001,1,1,Home
2349,7099,7.0,S7,13,STK,STK,SCG,0,1,1,2,0,0,0,1,10,1,0,6,0,0,0,4,22,6.0,0,-3.291157440690151,0.4212525965732577,0.5243000000000001,10,7,Home
2350,6065,6.0,S6,5,MVS,MVS,PHB,1,1,0,3,1,0,0,2,1,1,0,1,1,0,0,5,11,2.0,5,3.8682432432432434,-0.3412428736718227,-0.3106,3,1,Away
2350,6093,6.0,S6,7,MVS,MVS,HEL,0,1,1,1,3,0,0,8,6,1,3,0,0,1,0,3,24,6.0,1,-2.39527027027027,0.34312123305543984,0.19269999999999998,8,3,Home
2350,6121,6.0,S6,9,MVS,MVS,TAK,0,1,0,1,0,0,0,0,0,0,0,0,0,0,0,2,2,0.0,1,3.092579986385296,-0.30097046215625656,-0.23379999999999998,0,0,Away
2350,6191,6.0,S6,14,MVS,MVS,LIM,0,0,0,0,0,0,0,0,0,0,0,2,0,0,0,0,2,0.6666666666666666,0,-0.3669923995656894,0.04498677643884196,0.1441,2,2,Away
2350,7004,7.0,S7,1,CPR,CPR,WSW,1,0,0,1,0,0,0,0,0,0,0,1,0,0,0,2,3,0.3333333333333333,1,0.8538205980066444,-0.0728179435500859,-0.051,1,1,Home
2350,7033,7.0,S7,5,CPR,CPR,PBA,1,0,1,3,0,0,0,1,1,2,2,2,1,0,0,5,13,3.0,3,1.9743760911985209,-0.14299310536734505,-0.05360000000000001,7,4,Away
2350,7079,7.0,S7,10,CPR,CPR,STK,0,0,0,0,1,0,0,3,1,1,1,0,0,0,0,0,7,2.0,0,-1.4770976686864539,0.17702603811999534,0.025099999999999997,3,2,Home
2350,7111,7.0,S7,14,CPR,CPR,FAP,0,0,1,5,2,0,0,5,4,1,2,3,1,1,2,6,23,6.0,0,-3.291157440690151,0.4380047515740291,0.6287,9,6,Home
2350,9006,9.0,S9,2,AND,AND,POS,0,0,0,0,0,0,0,3,0,0,0,0,0,0,0,0,3,1.0,0,-0.5748031496062992,0.06851381060652878,0.0038000000000000004,0,0,Away
2350,9009,9.0,S9,3,AND,AND,GOP,1,0,1,0,0,0,0,1,0,0,0,2,0,0,0,2,5,1.0,2,1.4251968503937007,-0.12413052562953864,-0.17279999999999998,2,2,Home
2350,9013,9.0,S9,4,AND,AND,BIR,0,0,0,1,0,0,0,1,0,2,1,1,0,1,0,1,6,1.6666666666666667,0,-0.8709024403864409,0.11283506721240809,0.129,4,2,Home
2354,6021,6.0,S6,2,MPD,MPD,LID,1,0,2,2,1,0,0,2,4,1,1,1,0,0,0,5,15,3.0,3,1.677662957074722,-0.1056097720904245,-0.2641,4,2,Home
2354,6127,6.0,S6,10,MPD,MPD,BAC,0,0,0,0,0,0,0,2,1,0,0,0,0,0,0,0,3,1.0,0,-0.5658783783783784,0.06901914256124737,0.0038000000000000004,1,0,Away
2354,6147,6.0,S6,11,MPD,MPD,LMN,0,0,2,2,1,0,0,2,4,3,5,1,1,0,1,4,20,5.666666666666667,1,-2.032098914771549,0.2902290245410217,0.3862000000000001,13,6,Home
2367,6019,6.0,S6,2,WWC,WWC,SAS,1,0,1,2,2,0,0,4,4,2,1,1,0,1,0,4,18,4.0,3,0.7364864864864865,0.0050829479329451074,-0.22959999999999994,4,4,Away
2367,6048,6.0,S6,4,WWC,WWC,PUK,1,0,0,4,1,0,0,8,4,2,2,2,0,0,0,5,24,6.0,1,-2.39527027027027,0.33897746481430335,0.27990000000000004,8,5,Home
2367,6087,6.0,S6,7,WWC,WWC,JEF,2,0,4,5,2,1,0,6,6,0,3,2,1,0,0,11,30,6.0,5,1.6047297297297296,-0.03615992573887758,0.030500000000000017,10,5,Away
2367,6132,6.0,S6,10,WWC,WWC,SAR,0,0,4,3,4,0,1,6,4,1,0,1,0,1,0,7,23,4.0,7,4.983749791886342,-0.3989245414013579,-0.6188,5,4,Home
2367,6188,6.0,S6,14,WWC,WWC,LMN,0,0,1,5,2,0,0,6,7,1,0,1,0,1,0,6,23,5.0,0,-2.829391891891892,0.3823896269764655,0.40730000000000005,9,1,Home
2371,6023,6.0,S6,2,HEL,HEL,TAK,0,0,0,2,6,0,0,2,4,1,1,5,0,2,0,2,21,4.333333333333333,0,-1.087818858184027,0.20408855536454246,0.09770000000000006,9,6,Home
2375,6026,6.0,S6,2,BBB,BBB,FRG,0,0,1,2,1,0,0,1,1,0,0,0,0,0,0,3,6,0.6666666666666666,2,1.6330076004343106,-0.13843815059661196,-0.061,1,0,Home
2379,7008,7.0,S7,1,PBA,PBA,SSJ,0,0,0,0,0,0,0,0,1,1,1,1,0,0,0,0,4,1.3333333333333333,0,-0.7889956081921357,0.09565171581998494,0.0916,3,1,Away
2379,7033,7.0,S7,5,PBA,PBA,CPR,1,0,2,1,1,0,0,4,3,3,3,5,0,0,0,4,23,6.0,2,-1.2911574406901507,0.22544063532345054,0.384,11,5,Home
2379,7054,7.0,S7,7,PBA,PBA,FAP,0,0,0,1,1,0,0,3,1,2,2,1,0,0,0,1,11,3.0,0,-1.6455787203450756,0.21062629828662885,0.057,4,1,Home
2379,7057,7.0,S7,8,PBA,PBA,BBC,0,0,0,2,3,0,0,0,1,0,1,2,2,0,0,2,9,2.0,1,-0.09705248023005053,0.04739759677474065,-0.016100000000000003,3,2,Home
2379,7070,7.0,S7,9,SCG,SCG,CPR,0,1,1,2,1,0,0,2,9,0,3,4,0,0,0,4,23,6.0,2,-1.291157440690151,0.22544063532345054,0.2649,7,5,Home
2379,7086,7.0,S7,11,SCG,SCG,FAP,0,0,1,1,0,0,0,6,1,2,4,4,1,0,0,2,19,6.0,0,-3.291157440690151,0.4086884803226791,0.16900000000000004,9,5,Home
2379,7099,7.0,S7,13,SCG,SCG,STK,1,0,1,3,3,1,0,2,3,0,4,3,3,0,0,5,20,5.0,2,-0.7426312005751257,0.1580238950613695,0.02429999999999999,10,3,Away
2379,7109,7.0,S7,14,SCG,SCG,SSC,0,0,1,7,2,0,0,3,4,2,2,3,1,0,0,8,24,5.0,4,0.6374139878812778,0.03677153121650052,-0.18130000000000002,8,3,Away
2379,10005,10.0,S10,1,SEO,SEO,ZAH,0,0,1,2,0,0,0,1,0,1,2,1,0,0,1,3,8,2.0,1,-0.3773377337733773,0.07265709119404519,-0.02050000000000001,5,1,Home
2379,10010,10.0,S10,2,SEO,SEO,SSS,0,0,0,0,0,0,0,1,0,0,0,2,0,0,0,0,3,1.0,0,-0.6886688668866887,0.08050799262757136,0.048400000000000006,2,1,Away
2379,10011,10.0,S10,3,SEO,SEO,BEE,0,0,1,0,0,0,0,1,0,1,0,1,0,0,0,1,4,1.0,0,-0.6886688668866887,0.08438836127387218,0.17859999999999998,2,1,Home
2379,10019,10.0,S10,4,SEO,SEO,GOB,0,0,0,0,0,0,0,1,0,0,0,0,0,0,0,0,1,0.3333333333333333,0,-0.2192242833052276,0.02580279697682359,0.0216,0,0,Away
2379,10024,10.0,S10,5,SEO,SEO,ACK,0,0,1,0,0,0,0,0,1,1,1,0,0,0,0,1,4,1.0,0,-0.6886688668866887,0.08438836127387218,0.0001,2,1,Home
2379,10040,10.0,S10,8,SEO,SEO,BEE,0,0,2,2,1,0,0,4,1,2,3,3,2,0,0,4,18,5.0,1,-2.4433443344334433,0.31418106907675925,0.20969999999999997,8,3,Away
2379,10044,10.0,S10,9,SEO,SEO,CRN,0,0,1,2,0,0,0,1,0,1,0,0,0,0,0,3,5,0.6666666666666666,3,1.8170129512951296,-0.16229945189800882,-0.10360000000000001,1,0,Away
2379,10055,10.0,S10,11,SEO,SEO,KIR,0,0,0,1,0,0,0,1,0,0,1,0,1,0,0,1,3,1.0,0,-0.6886688668866887,0.08050799262757136,0.0038000000000000004,1,1,Away
2379,10065,10.0,S10,13,SEO,SEO,KRK,0,0,0,0,0,0,0,1,0,1,0,0,0,1,0,0,2,0.6666666666666666,0,-0.5781505171475229,0.06945615765365477,0.0169,0,0,Home
2379,10069,10.0,S10,14,SEO,SEO,ACK,1,0,1,0,0,0,0,2,0,0,0,0,0,0,0,2,4,0.6666666666666666,1,1.7634226080011388,-0.16082078621491058,-0.4748,0,0,Away
2379,11009,11.0,S11,2,WRM,WRM,DOG,0,0,1,0,0,0,0,0,0,0,1,0,0,0,0,1,2,0.3333333333333333,0,0.5482456140350878,-0.04677923572508803,0.05159999999999999,1,0,Home
2389,6159,6.0,S6,12,WWC,WWC,AAL,1,0,3,2,2,0,0,0,2,4,2,2,0,1,0,6,18,3.3333333333333335,4,1.1049075391180654,-0.0317591573302128,-0.1976,8,4,Home
2389,7066,7.0,S7,9,SSJ,SSJ,BBC,2,1,2,4,2,0,0,1,6,1,3,3,0,0,0,9,25,4.666666666666667,6,3.601118799424874,-0.25541091118766623,-0.3276,8,4,Away
2389,7110,7.0,S7,14,SSJ,SSJ,KNX,0,0,0,1,2,0,0,3,4,0,7,3,1,0,0,1,20,6.0,0,-3.291157440690151,0.41287651907287204,0.4674,10,4,Home
2393,7085,7.0,S7,11,RRR,RRR,SSJ,2,0,3,4,0,0,0,3,4,3,5,1,2,0,0,9,25,6.0,5,1.708842559309849,-0.0661832871761637,-0.3348,10,5,Home
2398,6009,6.0,S6,1,MVS,MVS,POR,1,1,1,1,2,0,0,9,5,0,2,2,0,0,0,4,24,6.0,3,-0.3952702702702704,0.13897746481430334,0.009199999999999979,6,4,Away
2398,6022,6.0,S6,2,MVS,MVS,CIM,0,0,0,5,6,0,1,1,11,1,1,0,0,0,0,5,25,4.666666666666667,3,0.10304054054054024,0.09329015197435879,-0.0514,7,3,Home
2398,6051,6.0,S6,4,MVS,MVS,PBA,0,0,1,0,4,0,1,2,2,1,0,0,0,0,0,1,10,1.6666666666666667,3,2.027140157228798,-0.16127633331151472,-0.2227,2,1,Home
2455,6184,6.0,S6,14,MPD,MPD,CBC,1,0,0,0,2,0,0,3,5,1,2,2,0,1,0,1,16,4.333333333333333,2,-0.4623994923262026,0.11668400933194097,-0.0006999999999999854,10,4,Away
2455,7097,7.0,S7,13,BBC,BBC,BAC,0,1,1,2,1,0,0,1,5,4,3,2,0,0,0,4,20,5.0,2,-0.7426312005751257,0.1580238950613695,-0.012300000000000024,13,5,Away
2455,7105,7.0,S7,14,BBC,BBC,RRR,1,0,0,3,0,0,0,4,5,1,1,1,0,0,0,4,16,4.0,2,-0.19410496046010062,0.0864191160490956,0.1064,8,2,Away
2457,6006,6.0,S6,1,MPD,MPD,PUK,1,0,2,1,1,0,0,0,5,0,0,1,0,0,0,4,11,2.0,4,2.8682432432432434,-0.24124287367182265,-0.27049999999999996,4,1,Away
2460,6047,6.0,S6,4,RBD,RBD,SAS,0,0,0,1,1,0,0,0,0,0,1,0,1,0,1,1,3,1.0,0,-0.5658783783783784,0.07316291080238388,0.10629999999999998,1,1,Away
2461,6005,6.0,S6,1,AAL,AAL,LID,0,0,1,0,2,0,2,0,2,0,1,0,1,0,0,1,6,1.3333333333333333,2,-0.1616075030254136,0.04102335974936042,0.039999999999999994,3,0,Away
2461,6015,6.0,S6,2,AAL,AAL,BAC,1,1,0,5,0,0,0,2,7,1,2,2,1,0,0,7,21,5.0,4,1.1706081081081081,-0.030041677746944044,-0.24220000000000008,6,5,Away
2466,6010,6.0,S6,1,TAK,TAK,TTT,1,0,0,0,0,0,0,1,1,0,1,0,0,0,0,1,4,1.0,1,0.4341216216216216,-0.026837089197616112,-0.16670000000000001,1,1,Home
2466,6023,6.0,S6,2,TAK,TAK,HEL,0,0,0,0,0,0,0,4,0,1,0,2,0,0,0,0,7,2.3333333333333335,0,-1.4732201713909032,0.17632839482704588,0.1304,4,2,Away
2466,6037,6.0,S6,3,TAK,TAK,LIM,0,0,1,3,2,1,0,4,2,2,1,1,1,0,1,4,16,4.0,3,-0.8293918918918919,0.1533832492885099,-0.032900000000000006,8,3,Away
2466,6052,6.0,S6,4,TAK,TAK,SUP,1,0,1,1,0,0,0,0,0,1,0,1,0,0,0,3,5,0.6666666666666666,2,1.7972929771203427,-0.1590104565063517,-0.3868,2,1,Home
2466,6066,6.0,S6,5,TAK,TAK,SLT,0,0,0,1,0,0,0,0,1,0,2,0,0,0,0,1,4,1.0,0,-0.006981464392823572,0.017273219403828415,-0.05739999999999999,2,2,Away
2466,6094,6.0,S6,7,TAK,TAK,BBB,1,1,1,4,1,0,1,1,3,1,0,3,1,1,0,7,16,3.0,4,2.121101871101871,-0.1416661270108664,-0.3882,5,3,Away
2466,6121,6.0,S6,9,TAK,TAK,MVS,0,1,1,0,4,0,1,2,0,2,0,0,0,0,0,2,10,1.3333333333333333,3,3.6098162769511086,-0.31954394528374575,-0.312,3,1,Home
2466,6164,6.0,S6,12,TAK,TAK,FRG,0,0,2,2,1,0,1,4,2,1,1,1,0,1,0,4,14,3.0,1,-0.21018018018018036,0.08317454163506573,-0.00180000000000001,3,3,Home
2474,6192,6.0,S6,14,TAK,TAK,PHB,1,0,1,1,0,0,0,1,2,0,0,1,0,1,1,3,7,1.6666666666666667,2,0.866796666504925,-0.04938575248026389,-0.24839999999999995,2,2,Home
2474,7023,7.0,S7,3,SSC,SSC,SCG,2,0,0,3,1,0,0,0,4,2,3,1,2,0,0,5,16,4.0,2,-0.19410496046010062,0.08641911604909562,-0.0058,8,5,Away
2474,7045,7.0,S7,6,SSC,SSC,BBC,0,0,1,2,2,0,0,6,3,3,2,0,1,1,0,3,19,5.0,1,-1.7426312005751257,0.25802389506136947,0.25680000000000003,8,1,Home
2474,7071,7.0,S7,9,SSC,SSC,FAP,1,0,0,1,0,0,0,2,1,2,0,1,0,1,0,2,8,2.0,1,0.2014737598849749,0.017544972763238135,-0.06869999999999998,3,2,Home
2474,7092,7.0,S7,12,SSC,SSC,STK,0,0,0,1,1,0,0,1,4,0,0,1,0,0,0,1,8,2.0,0,-2.4180914575063297,0.2753134557521757,0.3651,5,1,Home
2474,8017,8.1,S8A,3,PPM,PPM,NXS,0,0,0,1,0,0,0,0,0,0,0,1,0,0,1,1,2,0.6666666666666666,0,-0.3978723404255319,0.05254581014125013,0.0204,2,2,Home
2474,8047,8.1,S8A,8,PPM,PPM,CCD,0,1,2,3,2,0,0,8,4,3,3,0,0,1,0,6,26,6.0,2,-2.0599999999999996,0.3208271848882724,0.29689999999999994,8,3,Away
2474,8501,8.2,S8B,1,ESP,ESP,SBD,0,1,0,0,0,0,0,1,1,0,1,0,0,0,0,1,4,1.0,0,-0.6442786069651741,0.08146912876769774,0.0231,2,1,Home
2474,9014,9.0,S9,4,ARR,ARR,GOP,2,0,0,4,4,0,0,9,11,2,4,1,0,1,1,6,38,10.0,2,-3.7480314960629917,0.5219164248849506,0.9546999999999999,16,8,Away
2474,9050,9.0,S9,13,ARR,ARR,NNL,0,0,2,4,3,0,0,2,2,0,0,1,1,0,0,6,14,2.0,5,3.8503937007874014,-0.3335497237312122,-0.30750000000000005,3,1,Away
2474,10026,10.0,S10,6,ACK,ACK,GOB,1,0,1,1,0,0,0,9,3,2,2,2,0,0,0,3,21,6.0,1,-3.1320132013201323,0.3946890617043306,0.17209999999999998,9,4,Home
2474,10039,10.0,S10,8,ACK,ACK,ZAH,2,0,0,0,0,0,0,2,1,1,0,0,0,0,0,2,6,1.3333333333333333,2,1.0192385857701318,-0.07864164669920821,0.004799999999999999,2,0,Away
2474,10058,10.0,S10,12,ACK,ACK,BEE,0,0,0,1,2,0,0,7,6,0,3,2,0,0,0,1,21,6.0,0,-4.132013201320133,0.49468906170433063,0.26820000000000005,10,5,Away
2474,10069,10.0,S10,14,ACK,ACK,SEO,0,0,2,1,1,0,0,2,3,0,1,0,0,0,0,3,10,2.0,1,-0.3773377337733774,0.07653745984034602,-0.007699999999999985,3,1,Home
2474,11010,11.0,S11,2,ARA,ARA,ROY,1,0,3,1,0,0,0,0,2,0,0,0,0,0,0,5,7,0.6666666666666666,5,5.21608040201005,-0.4934494003265324,-0.7695,2,0,Home
2474,11017,11.0,S11,3,ARA,ARA,SHH,0,0,1,1,1,0,0,0,0,0,1,0,0,1,0,2,4,0.3333333333333333,3,1.9704187704187701,-0.17692856284582514,-0.41910000000000003,1,1,Away
2474,11046,11.0,S11,8,ARA,ARA,PRP,0,1,0,5,0,0,0,1,0,0,0,0,0,0,0,6,7,0.3333333333333333,4,3.7123428908091123,-0.34307564920643857,-0.3555,0,0,Home
2474,12021,12.0,S12,5,SEF,SEF,CCS,2,1,0,0,1,0,0,0,2,1,1,0,0,0,0,3,8,1.3333333333333333,4,4.8420589098737645,-0.4511586868196481,-0.41809999999999997,3,1,Away
2476,6085,6.0,S6,7,BAC,BAC,CBC,0,0,0,1,2,0,0,0,2,0,1,0,0,0,0,1,6,1.0,0,-0.5658783783783784,0.08145044728465692,0.023099999999999996,2,1,Home
2476,6113,6.0,S6,9,BAC,BAC,PUK,0,0,1,1,2,0,0,0,1,0,0,0,0,0,0,2,5,0.3333333333333333,3,2.592016358463727,-0.2384827946406901,-0.29780000000000006,1,1,Away
2476,7006,7.0,S7,1,BAC,BAC,RRR,0,0,1,0,0,0,0,2,0,0,0,1,0,0,0,1,4,1.0,0,-0.548526240115025,0.0716047790122739,0.1172,1,1,Home
2476,7025,7.0,S7,4,BAC,BAC,STK,2,0,0,1,0,0,0,0,2,0,0,1,0,0,0,3,6,1.0,3,1.6744831002942941,-0.14232007752827233,-0.1814,3,1,Away
2476,7065,7.0,S7,9,BAC,BAC,PBA,0,0,0,0,3,0,0,1,4,1,0,0,0,0,0,0,9,2.0,0,-1.0970524802300503,0.14739759677474065,0.045,3,1,Home
2476,7087,7.0,S7,11,BAC,BAC,BBB,0,0,0,2,1,0,0,1,0,0,0,0,0,1,0,2,4,0.3333333333333333,2,0.8003109691873004,-0.0590909031677658,-0.11889999999999999,0,0,Home
2477,6135,6.0,S6,10,SUP,SUP,MVS,0,0,2,1,3,0,0,3,3,0,1,3,0,0,0,3,16,3.3333333333333335,1,-0.8965211139478242,0.1559524032529666,0.0583,7,4,Away
2478,6071,6.0,S6,6,BAC,BAC,SAS,0,1,1,2,2,2,0,4,1,0,5,2,1,0,0,4,18,4.333333333333333,4,0.1407573618394512,0.0605120921565121,-0.04650000000000001,7,4,Away
2478,6113,6.0,S6,9,BAC,BAC,PUK,0,1,0,3,1,0,0,2,1,0,1,1,0,1,1,4,10,2.0,2,1.6389199349725665,-0.1141667746036185,-0.1323,3,2,Away
2478,6141,6.0,S6,11,BAC,BAC,CWJ,0,0,0,1,0,0,0,0,1,0,0,4,3,0,0,1,6,2.6666666666666665,0,-2.099071207430341,0.23476973018985317,0.3594,4,4,Home
2478,6183,6.0,S6,14,BAC,BAC,SAR,0,0,0,1,0,0,0,0,0,0,0,0,0,0,0,1,1,0.0,0,0.8122545168892379,-0.07708168344778728,-0.2061,0,0,Away
2482,10016,10.0,S10,4,GRS,GRS,BEE,0,1,0,0,0,0,0,0,0,0,0,0,0,1,0,1,1,0.0,0,1.3060344827586206,-0.12284271098326038,-0.7769,0,0,Away
2482,10032,10.0,S10,7,GRS,GRS,SEO,0,0,0,0,1,0,0,0,0,0,1,0,1,0,0,0,2,0.6666666666666666,0,-0.3965763195435092,0.04741836924695257,0.05869999999999999,1,1,Away
2482,10059,10.0,S10,12,GRS,GRS,SEO,1,2,0,2,1,0,0,2,1,0,2,5,1,0,0,5,16,3.6666666666666665,2,-0.07309879924162616,0.06939577826497587,-0.14779999999999993,8,5,Home
2482,10070,10.0,S10,14,GRS,GRS,SSS,0,0,0,0,0,0,0,1,0,0,2,0,0,0,0,0,3,1.0,0,-0.6886688668866887,0.08050799262757136,0.0832,2,0,Home
2482,11031,11.0,S11,6,SHH,SHH,LAX,0,0,2,1,1,0,0,0,3,1,3,1,2,0,0,3,12,3.3333333333333335,1,-1.2522257135375754,0.17349452542428206,0.009100000000000002,7,1,Away
2482,11053,11.0,S11,9,SHH,SHH,ARA,1,0,1,4,0,0,0,0,2,1,5,4,1,0,1,6,18,4.666666666666667,2,-0.8389650655498874,0.1603271004999859,0.1654,11,4,Away
2482,11072,11.0,S11,12,SHH,SHH,ROY,0,0,5,5,1,0,0,5,4,3,1,6,2,1,0,10,30,7.0,3,-1.2010997643362138,0.24481252444914306,0.0014999999999999528,9,6,Home
2482,11096,11.0,S11,16,SHH,SHH,HOT,0,0,1,1,1,0,0,1,2,0,4,2,0,1,0,2,12,3.0,1,-0.8004713275726631,0.1323417496670012,0.0755,6,2,Home
2486,7087,7.0,S7,11,BAC,BAC,BBB,1,0,1,0,1,0,0,6,4,3,1,3,0,0,0,2,20,5.666666666666667,1,-0.09146840987745108,0.0929076159916021,-0.14800000000000002,8,4,Home
2487,7042,7.0,S7,6,TBL,TBL,STK,0,1,0,1,1,0,0,1,2,0,4,3,1,0,1,2,13,4.0,0,-2.1941049604601006,0.27804303854870993,0.3195,8,7,Away
2487,7078,7.0,S7,10,TBL,TBL,KNX,0,0,0,0,0,0,0,0,0,0,0,1,1,0,0,0,1,0.6666666666666666,0,-0.7692307692307693,0.08111111567326977,0.1889,1,1,Away
2487,8008,8.1,S8A,2,BAG,BAG,CCD,0,0,2,0,1,0,0,0,0,0,1,1,1,0,0,2,5,1.0,1,0.3233333333333335,-0.011069039835505112,-0.0072,2,2,Home
2487,8043,8.1,S8A,8,BAG,BAG,MMM,1,0,0,0,0,0,0,3,0,1,0,1,0,0,0,1,6,1.6666666666666667,1,-0.07453900709219852,0.03297105290661374,0.00019999999999999998,2,0,Away
2487,8519,8.2,S8B,5,NUT,NUT,QQ,0,0,1,0,0,0,0,0,0,0,0,3,0,0,0,1,4,1.0,0,-0.6442786069651741,0.08146912876769774,0.09469999999999999,3,3,Away
2487,12063,12.0,S12,13,DDD,DDD,SDV,0,0,0,0,0,0,0,2,1,1,0,2,0,0,0,0,6,2.0,0,-1.22497308934338,0.14728271206013424,0.2077,4,3,Away
2487,12066,12.0,S12,14,DDD,DDD,SEF,0,0,1,1,1,0,0,3,2,1,1,1,1,0,1,2,11,3.3333333333333335,0,-2.59745963401507,0.3093167696530995,0.22690000000000002,6,2,Home
2495,7011,7.0,S7,2,TBL,TBL,RRR,0,0,4,2,1,0,0,1,1,1,3,1,1,0,0,6,14,2.6666666666666665,3,1.7246135873472324,-0.11382881623202337,-0.2529,6,4,Away
2495,7101,7.0,S7,13,TBL,TBL,RRR,0,0,0,1,3,0,0,4,1,4,3,2,2,1,0,1,18,5.333333333333333,0,-2.432461788516238,0.3228189151052879,0.3849,10,6,Home
2499,7041,7.0,S7,6,PBA,PBA,MMA,0,1,2,1,2,0,0,2,3,1,5,4,3,0,0,4,21,6.0,0,-3.291157440690151,0.41706455782306484,0.7133,12,7,Away
2499,8001,8.1,S8A,1,MKW,MKW,GND,1,0,1,0,1,0,0,3,3,0,0,5,1,0,0,2,14,4.0,1,-1.7066666666666666,0.2302066884605857,0.0183,8,5,Away
2499,8018,8.1,S8A,3,MKW,MKW,SCU,1,0,0,3,2,0,0,0,1,0,0,0,0,0,0,4,7,0.3333333333333333,3,4.806091954022989,-0.45083918450533933,-0.3555,1,0,Home
2499,8036,8.1,S8A,6,MKW,MKW,BLO,0,0,0,1,0,0,0,1,4,1,1,2,0,0,0,1,10,3.0,0,-2.03,0.24552858699565647,0.09699999999999999,6,3,Away
2499,8511,8.2,S8B,3,NUT,NUT,QQ,1,0,1,0,1,0,0,5,1,2,0,0,0,0,1,2,11,3.0,1,-0.9328358208955224,0.14440738630309324,0.0992,4,1,Home
2499,9009,9.0,S9,3,GOP,GOP,AND,0,0,2,1,0,0,0,3,1,2,0,3,0,0,0,3,12,3.0,2,0.27559055118110243,0.01657492746548519,-0.08070000000000002,6,3,Away
2499,9018,9.0,S9,5,GOP,GOP,BIR,1,1,0,0,0,0,0,0,1,0,1,0,0,0,0,2,4,0.6666666666666666,2,1.5683380034752117,-0.142122472819656,-0.0501,1,1,Away
2499,9033,9.0,S9,9,GOP,GOP,POS,0,0,1,3,2,0,0,4,2,0,0,2,0,0,1,4,14,3.0,2,0.2755905511811023,0.027608423111384034,0.05599999999999997,4,3,Away
2499,9041,9.0,S9,11,GOP,GOP,ARR,1,1,0,0,0,0,0,0,0,0,0,0,0,0,0,2,2,0.0,2,2.0,-0.19264433623606741,-0.3453,0,0,Away
2501,7035,7.0,S7,5,BBC,BBC,TRI,0,0,1,0,1,0,0,2,2,2,1,2,0,0,0,1,11,3.0,0,-1.6455787203450756,0.21062629828662885,0.4088,6,3,Home
2501,7074,7.0,S7,10,BBC,BBC,BBB,0,0,2,3,1,0,0,2,0,1,1,4,1,0,0,5,14,3.0,3,-0.4311036408116711,0.10174290658386698,0.059000000000000025,6,5,Away
2501,7081,7.0,S7,11,BBC,BBC,KNX,2,2,0,0,1,0,0,0,3,1,1,1,0,0,0,4,11,2.0,4,2.9029475197699495,-0.24422632572487366,-0.3874,4,2,Home
2501,11020,11.0,S11,4,IDR,IDR,WRM,0,0,0,1,0,0,0,1,1,0,2,1,1,0,0,1,6,2.0,0,-1.2003142183817754,0.1441673988734398,0.1357,3,2,Away
2501,11057,11.0,S11,10,IDR,IDR,DOG,0,1,0,0,0,0,0,0,0,0,0,1,0,0,0,1,2,0.3333333333333333,0,0.6652806652806652,-0.05848274084964576,-0.21789999999999998,1,1,Away
2501,11073,11.0,S11,13,IDR,IDR,ROY,0,1,0,3,1,0,0,4,1,0,7,1,1,0,0,4,18,4.666666666666667,1,-1.7376276512175965,0.24617069622754642,0.2007,8,4,Home
2504,8012,8.1,S8A,2,PPM,PPM,MKW,1,0,1,2,2,0,0,7,6,1,1,0,1,0,0,4,21,5.333333333333333,2,-1.2243835616438354,0.21174838885526212,0.08459999999999998,5,1,Away
2504,8042,8.1,S8A,7,PPM,PPM,SCU,0,0,2,0,0,0,0,1,2,1,0,0,0,0,0,2,6,1.3333333333333333,0,-0.06303030303030288,0.03182018250042415,0.027700000000000002,2,1,Away
2504,8518,8.2,S8B,5,ESP,ESP,SBD,0,0,2,2,1,0,0,1,3,0,0,0,0,0,0,4,9,1.3333333333333333,4,2.8044393417527744,-0.24210108101512173,-0.027,3,0,Away
2504,9006,9.0,S9,2,AND,AND,POS,1,0,0,1,0,0,0,1,1,0,0,0,0,0,1,2,4,1.0,1,0.4251968503937008,-0.02413052562953865,-0.06580000000000001,3,1,Away
2504,9030,9.0,S9,8,AND,AND,NNL,0,0,0,0,2,0,0,4,3,0,1,3,1,0,0,0,13,4.0,0,-2.2992125984251968,0.27773307430808136,0.2817,7,4,Away
2504,9034,9.0,S9,9,AND,AND,FLB,0,0,1,1,0,0,0,3,0,1,1,1,0,0,0,2,8,2.0,1,-0.14960629921259833,0.044383284976990116,-0.005400000000000002,4,1,Home
2504,10005,10.0,S10,1,SEO,SEO,ZAH,0,0,0,2,0,0,0,2,0,0,0,1,0,0,0,2,5,1.0,0,-0.6886688668866887,0.08826872992017301,0.04830000000000001,1,1,Home
2504,10024,10.0,S10,5,SEO,SEO,ACK,1,0,1,1,0,0,0,1,1,1,0,0,0,0,0,3,6,1.0,2,1.3113311331133113,-0.10785090143352616,-0.06480000000000001,2,1,Home
2504,10028,10.0,S10,6,SEO,SEO,KIR,0,0,0,0,0,0,0,0,1,0,1,1,0,0,0,0,3,1.0,0,-0.6886688668866887,0.08050799262757136,0.0628,2,2,Home
2504,10040,10.0,S10,8,SEO,SEO,BEE,0,0,0,0,1,0,0,1,1,0,0,1,0,0,0,0,4,1.0,0,-0.6886688668866887,0.08438836127387218,0.00030000000000000003,2,1,Away
2504,10049,10.0,S10,10,SEO,SEO,SSS,0,0,1,0,2,0,0,2,2,1,0,0,0,1,0,1,8,1.6666666666666667,2,1.128344084408441,-0.07791109062413662,-0.0031999999999999997,3,0,Home
2504,10059,10.0,S10,12,SEO,SEO,GRS,0,0,0,1,1,0,0,1,1,0,0,0,0,0,0,1,4,0.6666666666666666,1,0.4363311331133113,-0.02811163872612782,0.004300000000000012,1,0,Away
2504,10065,10.0,S10,13,SEO,SEO,KRK,1,0,1,0,1,0,0,0,0,0,1,1,0,0,0,2,5,0.6666666666666666,1,0.9985871488991432,-0.08045687165841019,-0.0706,2,2,Home
2504,10069,10.0,S10,14,SEO,SEO,ACK,0,0,1,0,1,0,0,1,6,1,1,1,0,1,0,1,12,3.3333333333333335,1,-1.7475832689651947,0.22520311929843023,0.2627,7,2,Away
2504,11001,11.0,S11,1,LAX,LAX,IDR,0,0,3,4,2,0,0,4,4,1,0,2,1,2,0,7,20,4.0,3,0.5993715632364491,0.028561426138983364,-0.13839999999999997,3,2,Away
2504,11026,11.0,S11,5,LAX,LAX,DOG,0,0,1,1,1,0,0,1,0,0,0,0,0,0,0,2,4,0.3333333333333333,1,1.9978632478632479,-0.18369567342948326,-0.060200000000000004,0,0,Away
2504,11050,11.0,S11,9,LAX,LAX,OKT,1,0,0,1,0,0,0,1,1,0,0,1,0,0,0,2,5,1.0,1,0.3998428908091123,-0.019870974884859352,-0.0278,2,1,Away
2504,12046,12.0,S12,10,MMN,MMN,DDD,0,0,1,1,0,0,0,3,1,0,1,1,1,0,0,2,9,3.0,0,-2.1281988957949927,0.24999799426819364,0.026099999999999998,4,3,Away
2504,12057,12.0,S12,12,MMN,MMN,SDV,0,0,0,3,0,0,0,5,3,1,2,0,0,0,0,3,14,3.6666666666666665,0,-2.1964712619220466,0.2774797334857293,0.3064,5,3,Home
2504,12064,12.0,S12,13,MMN,MMN,SCR,1,0,2,2,3,0,0,1,0,1,1,0,1,0,0,5,11,1.3333333333333333,6,4.20002691065662,-0.3745627853350355,-0.38589999999999997,2,1,Away
2507,7020,7.0,S7,3,BAC,BAC,TBL,0,0,0,1,0,0,0,0,2,2,1,0,1,0,0,1,6,2.0,0,-1.0970524802300503,0.1348334805241621,0.0307,3,1,Home
2507,7025,7.0,S7,4,BAC,BAC,STK,0,0,0,1,0,0,0,0,0,3,3,0,0,0,0,1,7,2.0,0,-1.0970524802300503,0.13902151927435497,0.08910000000000001,6,4,Away
2507,7106,7.0,S7,14,BAC,BAC,TBL,0,0,0,4,2,0,0,4,5,5,1,1,2,0,0,4,22,6.0,1,-2.291157440690151,0.3212525965732577,0.29510000000000003,7,2,Away
2507,8007,8.1,S8A,2,LAC,LAC,BIS,0,0,1,0,1,0,0,1,2,0,0,0,0,0,0,1,5,1.0,0,0.0,0.021264293497828213,-0.0022,2,0,Home
2507,8022,8.1,S8A,4,LAC,LAC,BAG,0,0,0,0,1,0,0,0,1,0,0,2,1,0,0,0,4,1.3333333333333333,0,-0.8383582089552238,0.10084725569378497,0.0268,2,2,Away
2507,8029,8.1,S8A,5,LAC,LAC,MKW,2,1,1,3,0,0,0,5,1,3,2,2,0,0,1,7,20,4.666666666666667,3,-0.10453900709219832,0.09976393340009843,-0.010500000000000006,8,4,Away
2507,8041,8.1,S8A,7,LAC,LAC,NXS,0,0,0,0,0,0,0,1,3,0,0,1,0,0,0,0,5,1.6666666666666667,0,-1.0745390070921985,0.1287181942070481,0.08789999999999999,2,1,Away
2507,8504,8.2,S8B,1,CC,CC,QQ,0,1,1,2,0,0,0,0,0,0,1,1,0,1,0,4,6,0.6666666666666666,3,2.6006493506493507,-0.2302427159403695,-0.5542,2,1,Home
2507,8507,8.2,S8B,2,CC,CC,NUT,0,0,0,0,0,0,0,0,1,1,1,0,0,0,0,0,3,1.0,0,-0.6442786069651741,0.07720881174990266,0.048400000000000006,1,0,Away
2507,8514,8.2,S8B,4,ESP,ESP,NUT,2,0,1,2,0,0,0,1,1,0,2,0,0,1,0,5,9,1.3333333333333333,5,4.110793435420302,-0.36847617336407934,-0.35710000000000003,2,0,Home
2507,8526,8.2,S8B,7,ESP,ESP,TXR,0,0,5,2,5,0,0,3,4,1,3,2,2,2,0,7,25,5.0,5,1.7786069651741294,-0.06283213703694573,-0.15450000000000003,6,2,Away
2507,9007,9.0,S9,2,GOP,GOP,NNL,1,1,2,1,2,0,0,2,1,0,4,0,1,0,0,5,14,2.6666666666666665,2,0.7505905511811023,-0.023569408770582227,-0.13,4,0,Home
2508,7045,7.0,S7,6,BBC,BBC,SSC,1,0,0,3,0,0,0,2,5,3,3,5,0,0,0,4,22,6.0,2,-1.2911574406901507,0.2212525965732577,0.16279999999999997,11,7,Away
2508,7066,7.0,S7,9,BBC,BBC,SSJ,1,0,0,1,0,0,0,5,0,3,0,3,0,0,0,2,13,3.6666666666666665,1,-1.1081637543586809,0.1652608791883751,0.2711,6,3,Home
2508,8018,8.1,S8A,3,MKW,MKW,SCU,0,1,0,3,0,0,0,1,1,3,1,3,0,0,0,4,13,3.0,1,-1.03,0.15828716309435337,0.00040000000000000013,7,4,Home
2508,8046,8.1,S8A,8,MKW,MKW,BIS,0,0,0,3,0,0,0,4,0,0,0,2,1,0,0,3,9,2.3333333333333335,0,-1.5150248756218905,0.18977821585827986,0.053700000000000005,2,2,Away
2509,7059,7.0,S7,8,BBB,BBB,RRR,1,1,0,1,0,0,0,0,0,0,2,0,1,0,0,3,5,1.0,2,1.75,-0.15405980624903576,-0.09630000000000001,2,1,Home
2509,10044,10.0,S10,9,CRN,CRN,SEO,0,0,5,1,0,0,0,1,1,1,3,2,0,0,0,6,14,2.6666666666666665,4,1.6714427540315007,-0.1128191143549385,-0.30519999999999997,6,4,Home
2509,12043,12.0,S12,9,MMN,MMN,SAL,2,0,0,1,0,0,0,3,1,2,1,1,0,0,0,3,12,3.3333333333333335,2,-0.09093455077978307,0.0586642613295708,-0.045599999999999995,4,2,Away
2509,12046,12.0,S12,10,MMN,MMN,DDD,0,0,0,0,1,1,0,0,0,0,0,0,0,0,0,0,1,0.0,0,0.2907392617799228,-0.02494302565702624,-0.011000000000000001,0,0,Away
2509,12064,12.0,S12,13,MMN,MMN,SCR,0,0,0,0,0,0,0,1,1,0,0,1,0,0,0,0,3,1.0,0,-0.61248654467169,0.07364135603006712,0.0001,3,1,Away
2517,7020,7.0,S7,3,TBL,TBL,BAC,0,0,1,2,2,0,0,0,1,8,3,5,1,0,0,3,22,6.0,0,-3.291157440690151,0.4212525965732577,0.402,13,6,Away
2517,7039,7.0,S7,5,TBL,TBL,SSC,0,0,0,0,1,0,0,0,0,0,0,1,1,0,0,0,2,0.6666666666666666,0,-1.0793650793650793,0.11631258543689361,0.08969999999999999,1,1,Home
2517,7049,7.0,S7,7,TBL,TBL,SCG,0,0,1,0,0,0,0,1,2,0,0,2,0,0,0,1,6,1.6666666666666667,0,-1.3177570093457944,0.15690393343573653,0.32389999999999997,2,2,Home
2517,8034,8.1,S8A,6,PPM,PPM,BIS,0,1,0,4,0,0,0,5,2,4,2,1,0,0,1,5,19,5.0,1,-1.86051282051282,0.2711084560425949,-0.06559999999999999,8,5,Home
2517,8514,8.2,S8B,4,ESP,ESP,NUT,2,0,1,4,4,0,0,0,2,3,0,1,1,0,0,7,17,2.3333333333333335,5,3.6870921367190026,-0.29628382436938383,-0.043800000000000006,4,1,Home
2524,7036,7.0,S7,5,STK,STK,RRR,0,1,3,1,1,0,0,2,4,7,1,1,0,0,0,5,21,5.0,2,-0.7426312005751258,0.16221193381156235,0.013199999999999983,8,2,Away
2524,8503,8.2,S8B,1,NUT,NUT,TXR,0,0,1,0,1,0,0,3,2,0,1,0,0,1,0,1,8,2.0,1,-0.2885572139303483,0.06719857455319057,0.1065,2,1,Away
2524,8511,8.2,S8B,3,NUT,NUT,QQ,0,0,0,0,0,0,0,1,2,1,2,0,0,0,0,0,6,2.0,0,-1.8908539494309275,0.21464729704986324,0.43289999999999995,4,2,Home
2524,8519,8.2,S8B,5,NUT,NUT,QQ,0,0,1,1,0,0,0,2,3,1,3,0,0,0,0,2,11,3.0,1,-0.9328358208955225,0.1401470692852982,0.049199999999999994,6,2,Away
2524,8524,8.2,S8B,6,NUT,NUT,CC,0,1,0,0,0,0,0,0,2,0,0,1,0,0,0,1,4,1.0,0,-0.6442786069651741,0.08146912876769774,0.018099999999999998,3,1,Away
2524,8528,8.2,S8B,7,NUT,NUT,SCU,0,0,1,0,0,0,0,4,2,2,0,1,0,0,0,1,10,3.0,0,-1.0028429282160625,0.14288746299955707,0.011999999999999986,6,1,Home
2524,8532,8.2,S8B,8,NUT,NUT,TXR,1,0,0,1,1,0,0,2,0,0,0,0,0,0,1,2,5,1.0,1,0.3557213930348258,-0.01001023719671209,-0.027799999999999995,1,0,Home
2527,7070,7.0,S7,9,CPR,CPR,SCG,1,0,3,3,3,0,0,5,3,1,4,2,3,0,0,7,25,6.0,2,-1.2911574406901507,0.2338167128238362,0.2644000000000001,9,4,Away
2528,7018,7.0,S7,3,BBC,BBC,RRR,0,0,1,2,1,0,0,1,1,0,5,2,0,0,0,3,13,3.0,3,1.3544212796549249,-0.08099762421298545,-0.23659999999999998,7,4,Home
2528,7035,7.0,S7,5,BBC,BBC,TRI,1,0,0,4,0,0,0,2,1,0,3,2,1,0,0,5,13,3.0,1,-0.6455787203450757,0.11900237578701454,0.06269999999999999,5,2,Home
2528,8002,8.1,S8A,1,PPM,PPM,LAC,1,0,1,1,1,0,0,1,5,0,1,2,0,0,0,3,13,3.0,1,-0.4308045977011494,0.09836762286446835,-0.009399999999999978,4,2,Away
2528,8017,8.1,S8A,3,PPM,PPM,NXS,1,0,2,0,2,0,0,0,4,0,0,0,0,0,0,3,9,1.3333333333333333,3,2.0445390070921987,-0.16617817241312904,-0.24459999999999998,1,0,Home
2528,8034,8.1,S8A,6,PPM,PPM,BIS,3,0,0,0,2,0,0,0,1,1,1,0,0,0,0,3,8,1.0,5,3.8005128205128202,-0.34602841245475685,-0.356,2,0,Home
2539,7090,7.0,S7,12,TRI,TRI,SCG,1,0,1,1,0,0,0,0,3,1,0,2,0,0,0,3,9,2.0,2,1.287294655407363,-0.09103711678900069,-0.028600000000000028,5,3,Away
2539,8013,8.1,S8A,3,CDT,CDT,BAG,2,0,3,1,0,0,0,3,4,2,2,3,0,0,0,6,20,4.666666666666667,4,0.778358208955224,0.007221353095790521,-0.20319999999999994,11,7,Home
2542,7010,7.0,S7,2,BAC,BAC,BBC,1,0,0,0,1,0,0,3,1,1,1,0,0,0,0,1,8,2.0,1,-0.09705248023005036,0.0432095580245478,-0.011900000000000008,3,1,Away
2542,7056,7.0,S7,7,BAC,BAC,SSC,1,0,1,3,0,0,0,1,0,1,2,0,1,0,0,5,9,1.6666666666666667,4,3.592778107711062,-0.32158546201937055,-0.0829,3,2,Home
2544,8024,8.1,S8A,4,MMM,MMM,SCU,0,0,0,1,1,0,0,0,1,0,1,1,2,0,0,1,5,1.6666666666666667,0,-1.512283105022831,0.17249260400011132,0.0013,2,1,Home
2544,9054,9.0,S9,14,GOP,GOP,FLB,1,0,2,2,0,0,0,3,0,2,6,5,0,0,2,5,21,6.0,2,-1.4488188976377954,0.22947202304900408,0.18490000000000004,15,8,Home
2544,10034,10.0,S10,7,SSS,SSS,CRN,2,0,3,1,0,0,0,2,3,1,3,1,0,1,0,6,17,4.0,4,1.2453245324532451,-0.054685817611909646,-0.24380000000000004,5,3,Away
2544,11073,11.0,S11,13,ROY,ROY,IDR,3,1,0,1,2,0,0,0,1,1,1,2,0,1,1,5,12,2.0,5,3.7996857816182246,-0.3236512984128772,-0.2642,4,3,Away
2545,7027,7.0,S7,4,TRI,TRI,TBL,2,1,0,0,1,0,0,1,0,0,0,2,0,0,0,3,7,1.0,4,3.451473759884975,-0.3158311047371476,-0.3953,2,2,Home
2545,7043,7.0,S7,6,TRI,TRI,BAC,1,0,1,1,1,0,0,0,0,0,0,1,1,0,0,3,5,0.6666666666666666,3,2.59765316187833,-0.23882512243686876,-0.4073,1,1,Home
2545,8021,8.1,S8A,4,PPM,PPM,GND,0,0,0,0,0,0,0,0,1,2,0,0,0,0,0,0,3,1.0,0,-2.5,0.2627585760986969,0.4516,2,0,Home
2547,7008,7.0,S7,1,SSJ,SSJ,PBA,0,0,3,3,2,0,1,3,3,0,1,1,0,1,0,6,16,2.6666666666666665,4,1.7246135873472324,-0.10126469998144483,-0.19469999999999998,4,2,Home
2547,7019,7.0,S7,3,SSJ,SSJ,KNX,1,0,1,2,1,0,0,0,1,0,3,1,1,0,0,4,10,2.0,1,-0.09705248023005031,0.05158563552493349,-0.013300000000000034,4,4,Away
2547,7038,7.0,S7,5,SSJ,SSJ,MMA,1,0,0,4,1,0,0,5,4,1,3,1,1,0,0,5,20,5.0,2,-0.7426312005751258,0.1580238950613695,0.039599999999999996,6,3,Home
2547,7094,7.0,S7,12,SSJ,SSJ,PBA,0,1,2,3,2,0,0,5,8,0,0,4,1,0,0,6,25,6.0,2,-1.2911574406901507,0.23381671282383623,0.193,8,4,Away
2547,8046,8.1,S8A,8,BIS,BIS,MKW,0,0,1,1,1,0,0,0,1,0,0,0,0,0,0,2,4,0.3333333333333333,1,1.5344827586206897,-0.13643684106380638,-0.1393,1,0,Home
2552,8005,8.1,S8A,1,BLO,BLO,CCD,0,0,0,1,2,0,0,2,2,0,2,1,1,2,0,1,10,2.6666666666666665,0,-1.3071794871794868,0.18175225311273646,0.011899999999999994,3,1,Home
2554,7037,7.0,S7,5,WSW,WSW,KNX,1,0,3,2,3,0,0,6,2,2,3,0,1,0,0,6,22,4.666666666666667,4,1.40354820141823,-0.04821796763758032,-0.4669,6,3,Away
2555,7098,7.0,S7,13,KNX,KNX,PBA,3,1,1,2,1,0,0,6,5,1,2,3,0,0,0,7,25,5.666666666666667,5,2.052960206368673,-0.10059505188204611,-0.362,7,4,Home
2557,6020,6.0,S6,2,PUK,PUK,CWJ,4,0,3,1,2,0,0,4,5,0,5,1,0,0,0,8,25,5.0,6,3.1706081081081083,-0.21346660478239796,-0.35660000000000003,9,6,Away
2557,6062,6.0,S6,5,PUK,PUK,SAR,0,1,2,1,1,0,0,4,5,2,4,2,0,0,1,4,22,6.0,1,-2.39527027027027,0.33483369657316686,0.1649,10,8,Home
2557,6075,6.0,S6,6,PUK,PUK,RBD,0,0,0,0,1,0,0,0,1,0,1,0,0,0,0,0,3,0.6666666666666666,0,-0.7899686520376176,0.09142816992717129,0.024100000000000003,1,1,Away
2557,6107,6.0,S6,8,PUK,PUK,CIM,3,0,0,3,0,0,0,6,4,1,2,1,0,0,1,6,20,5.0,4,1.1706081081081081,-0.03004167774694403,-0.1931,6,5,Home
2557,6113,6.0,S6,9,PUK,PUK,BAC,0,1,1,1,1,0,0,1,1,0,0,0,0,0,0,3,6,0.6666666666666666,3,4.029850746268656,-0.3781224651800466,-0.7079,1,0,Home
2560,7001,7.0,S7,1,SCG,SCG,TRI,0,1,1,2,2,0,0,4,2,0,2,2,1,0,0,4,16,3.6666666666666665,1,1.0055840703525991,-0.03354978703217437,-0.10949999999999999,4,4,Away
2563,7020,7.0,S7,3,BAC,BAC,TBL,3,0,0,1,1,1,0,1,4,3,2,1,0,0,1,4,16,4.0,3,0.8058950395398994,-0.009392845200711528,-0.12869999999999998,8,3,Home
2570,7026,7.0,S7,4,SCG,SCG,BBC,4,0,1,0,2,0,0,3,6,1,6,2,0,0,0,5,25,6.0,4,0.7088425593098489,0.03381671282383627,0.07540000000000001,15,5,Home
2584,9003,9.0,S9,1,NNL,NNL,AND,1,1,0,0,3,0,0,6,3,2,1,3,0,0,3,2,20,6.0,1,-2.4488188976377954,0.3294720230490041,0.36760000000000004,12,8,Away
2584,9015,9.0,S9,4,NNL,NNL,FLB,0,1,1,1,3,0,0,6,2,1,2,3,1,0,1,3,21,6.0,2,-1.4488188976377951,0.22579419116703778,0.4322,10,7,Away
2584,9030,9.0,S9,8,NNL,NNL,AND,2,0,1,2,3,0,0,9,6,1,0,1,0,6,1,5,25,6.0,4,0.5511811023622049,0.06257250998670062,-0.19829999999999998,9,2,Home
2584,9044,9.0,S9,11,NNL,NNL,FLB,0,0,0,1,0,0,0,3,0,0,0,0,0,0,0,1,4,1.0,0,-0.5748031496062992,0.07219164248849506,0.1786,0,0,Home
2584,9048,9.0,S9,12,NNL,NNL,POS,0,0,1,2,1,0,0,7,2,2,3,2,1,0,1,3,20,6.0,1,-2.448818897637795,0.3221163592850715,0.5700999999999999,10,6,Away
2584,10008,10.0,S10,2,ZAH,ZAH,CRN,3,0,1,0,2,0,0,1,2,3,2,1,0,1,0,4,15,3.0,5,2.9339933993399336,-0.23131344159318015,-0.33710000000000007,7,3,Home
2584,10039,10.0,S10,8,ZAH,ZAH,ACK,1,0,3,2,0,0,0,3,1,0,2,3,1,0,0,6,15,3.3333333333333335,4,1.2524167310348053,-0.0670361434089681,-0.16060000000000002,6,4,Home
2584,10050,10.0,S10,10,ZAH,ZAH,BEE,0,0,0,0,0,0,0,1,0,1,0,0,0,0,0,0,2,0.6666666666666666,0,-0.6086956521739131,0.06863030250999297,0.017,1,0,Away
2584,10068,10.0,S10,14,ZAH,ZAH,KRK,3,1,0,1,3,0,0,7,3,1,4,2,1,0,0,5,25,6.0,3,-1.1320132013201323,0.2102105362895339,-0.08309999999999997,8,5,Home
2584,11004,11.0,S11,1,ROY,ROY,WRM,0,0,0,0,0,0,0,3,1,0,0,1,0,0,0,0,5,1.6666666666666667,0,-0.5731300821638607,0.07742632241243795,-0.0045000000000000005,2,1,Home
2584,11051,11.0,S11,9,ROY,ROY,DOG,1,0,1,2,1,0,0,7,5,1,3,0,1,1,1,4,21,6.0,1,-2.6009426551453263,0.3485928479771609,0.37750000000000006,7,4,Home
2584,11073,11.0,S11,13,ROY,ROY,IDR,0,1,0,0,1,0,0,2,2,2,2,1,0,0,0,1,11,3.0,0,-1.8004713275726631,0.22429642398858046,0.015099999999999999,7,3,Away
2584,11088,11.0,S11,15,ROY,ROY,WRM,2,0,0,3,1,0,0,7,5,2,1,3,1,1,0,5,24,6.333333333333333,3,-0.8626382258746754,0.18683039356772696,0.019600000000000006,11,4,Away
2584,11092,11.0,S11,16,ROY,ROY,OKT,2,0,0,0,0,0,0,3,2,2,3,1,0,0,0,2,13,3.6666666666666665,2,-0.23880795635899976,0.07617541254563485,0.033499999999999974,7,4,Home
2584,12011,12.0,S12,3,CCS,CCS,SCR,2,1,0,3,0,0,0,3,0,6,2,1,0,0,0,6,18,4.0,3,0.5500538213132402,0.019350827246064753,-0.11069999999999998,9,2,Home
2584,12041,12.0,S12,9,CCS,CCS,SDV,1,0,1,1,0,0,0,4,3,0,4,1,0,1,0,3,15,4.0,1,-0.908256094192061,0.1569200177546628,0.042800000000000074,8,2,Home
2584,12060,12.0,S12,12,CCS,CCS,WWC,1,0,2,2,0,0,0,3,4,1,5,2,0,0,0,5,20,5.0,2,-1.0624327233584498,0.18886128275516584,-0.032599999999999955,11,5,Away
2584,12069,12.0,S12,14,CCS,CCS,SDV,1,0,2,0,2,0,0,2,1,1,0,1,0,0,0,3,10,1.6666666666666667,4,3.139781009017276,-0.2726690956920671,-0.14159999999999998,3,1,Away
2585,7008,7.0,S7,1,SSJ,SSJ,PBA,1,0,2,1,3,0,0,3,3,1,0,2,1,0,0,4,16,3.3333333333333335,3,1.9842289719626165,-0.13141427719317617,-0.33089999999999997,4,3,Home
2585,9013,9.0,S9,4,BIR,BIR,AND,1,3,0,3,0,0,0,2,1,3,1,0,0,1,1,7,14,2.6666666666666665,3,1.637292678840677,-0.10488395777260712,-0.1759,6,2,Away
2585,9042,9.0,S9,11,BIR,BIR,POS,0,0,1,4,0,0,0,1,0,0,0,1,1,1,0,5,7,1.0,3,4.150393700787402,-0.38561671502300987,-0.277,1,1,Home
2587,7023,7.0,S7,3,SCG,SCG,SSC,0,0,0,3,1,0,0,7,2,2,4,1,2,0,0,3,20,6.0,0,-3.291157440690151,0.41287651907287204,0.44520000000000004,8,5,Home
2587,7040,7.0,S7,5,SCG,SCG,BAC,0,0,4,3,2,0,1,4,4,6,1,2,1,1,0,7,26,6.0,2,-1.291157440690151,0.24219279032422197,0.2521,8,3,Away
2588,7066,7.0,S7,9,SSJ,SSJ,BBC,0,0,0,0,0,0,0,0,0,0,0,1,0,0,0,0,1,0.3333333333333333,0,-0.34375,0.038563038750192846,0.008100000000000001,1,1,Away
2588,7075,7.0,S7,10,SSJ,SSJ,BAC,1,0,0,4,1,0,0,4,8,3,1,2,0,0,0,5,24,6.0,2,-1.291157440690151,0.2296286740736434,0.06839999999999996,13,5,Home
2588,8015,8.1,S8A,3,BIS,BIS,GND,1,1,0,4,0,0,0,3,6,3,6,3,3,0,0,6,27,8.0,2,-3.9954838709677416,0.5143755719850466,0.29719999999999996,13,4,Home
2588,8034,8.1,S8A,6,BIS,BIS,PPM,1,0,3,4,0,0,0,4,7,3,1,3,0,2,0,8,26,6.0,5,0.9400000000000002,0.025080043587838097,0.0784,6,3,Away
2588,8046,8.1,S8A,8,BIS,BIS,MKW,0,0,2,6,3,0,0,6,2,0,2,4,1,1,2,8,25,5.666666666666667,6,1.4055172413793104,-0.021471680550092936,-0.5561,9,5,Home
2589,7059,7.0,S7,8,BBB,BBB,RRR,3,1,0,1,2,0,0,1,6,1,0,1,0,0,0,5,16,3.0,3,1.3544212796549246,-0.06843350796240688,-0.027299999999999998,5,3,Home
2589,7093,7.0,S7,12,BBB,BBB,KNX,2,0,1,1,0,0,0,1,3,1,0,4,0,0,0,4,13,3.0,3,1.3544212796549244,-0.08099762421298545,-0.1959,7,4,Home
2589,7107,7.0,S7,14,BBB,BBB,PBA,0,0,2,0,3,0,0,1,10,3,2,2,0,0,0,2,23,6.0,1,-2.2911574406901507,0.3254406353234505,0.5093,12,7,Home
2593,7036,7.0,S7,5,RRR,RRR,STK,0,3,1,2,0,0,0,6,6,1,1,3,1,1,0,6,23,6.0,1,-2.291157440690151,0.32962867407364344,0.5132,7,3,Home
2594,7016,7.0,S7,2,PBA,PBA,KNX,2,0,1,1,0,0,0,0,1,3,0,2,0,0,0,4,10,2.0,3,1.9029475197699497,-0.1484143644750665,-0.0048000000000000004,4,2,Home
2594,7029,7.0,S7,4,PBA,PBA,WSW,0,0,0,0,0,0,0,2,0,1,0,0,0,0,0,0,3,1.0,0,-0.5485262401150252,0.06741674026208105,0.06659999999999999,1,0,Away
2594,7084,7.0,S7,11,PBA,PBA,TBL,0,0,0,1,0,0,0,0,0,0,0,0,0,0,0,1,1,0.0,1,0.2230093404093194,-0.018112895290739096,-0.0276,0,0,Away
2594,11054,11.0,S11,9,HOT,HOT,PRP,0,1,1,0,0,0,0,0,0,1,1,0,0,1,0,2,4,0.6666666666666666,1,1.521897810218978,-0.13207646682584595,-0.1347,2,1,Home
2601,7044,7.0,S7,6,RRR,RRR,SCG,0,1,0,1,1,0,0,4,9,1,4,2,1,0,0,2,23,7.0,0,-4.455336545167763,0.5418585457712117,0.6938000000000001,10,7,Away
2601,7101,7.0,S7,13,RRR,RRR,TBL,2,0,2,2,3,0,0,7,3,2,1,6,1,0,0,6,28,6.666666666666667,3,-0.3091571431744071,0.14818079932284037,-0.18299999999999994,12,8,Away
2606,7015,7.0,S7,2,SSJ,SSJ,BBB,2,1,0,0,2,0,0,5,4,2,3,3,1,0,0,3,22,6.0,2,-1.291157440690151,0.22125259657325771,0.23589999999999997,11,6,Away
2606,7019,7.0,S7,3,SSJ,SSJ,KNX,0,1,0,0,1,0,0,0,0,0,0,3,0,0,0,1,5,1.0,0,-0.16417910447761197,0.03735810419872543,0.2344,3,3,Away
2606,7085,7.0,S7,11,SSJ,SSJ,RRR,1,1,0,3,2,0,0,6,4,2,2,3,1,0,0,5,24,6.0,1,-2.291157440690151,0.32962867407364344,0.1652,10,5,Away
2606,8029,8.1,S8A,5,MKW,MKW,LAC,2,0,1,1,1,0,0,3,4,0,3,2,1,0,1,4,17,4.666666666666667,2,-1.2216417910447759,0.19871563569665923,0.14670000000000002,8,5,Home
2606,8501,8.2,S8B,1,SBD,SBD,ESP,1,0,3,1,0,0,0,5,3,2,3,5,0,0,0,5,23,6.0,1,-2.8656716417910446,0.38455445558839135,0.5653000000000001,13,6,Away
2606,8518,8.2,S8B,5,SBD,SBD,ESP,0,0,1,1,1,0,0,3,1,1,2,1,1,0,0,2,11,3.0,0,-1.9328358208955225,0.24014706928529816,0.1281,5,2,Home
2606,10005,10.0,S10,1,SEO,SEO,ZAH,0,0,0,0,1,0,0,0,0,0,0,2,0,0,1,0,3,1.0,0,-0.6886688668866887,0.08438836127387217,0.15430000000000002,3,3,Home
2606,11003,11.0,S11,1,POS,POS,PRP,1,0,1,6,3,0,0,2,4,1,2,2,2,2,0,8,22,4.333333333333333,2,-0.5226833561734165,0.14881224375839072,-0.029599999999999946,9,4,Away
2606,11052,11.0,S11,9,LOB,LOB,WRM,0,0,0,0,0,0,0,1,1,0,1,0,0,0,0,0,3,1.0,0,-0.6001571091908877,0.0720836994367199,0.0083,2,1,Away
2606,11065,11.0,S11,11,LOB,LOB,ARA,1,0,0,1,2,0,1,3,2,1,2,0,1,0,0,2,12,3.0,1,0.6116201756953106,-0.01289006349900655,-0.16369999999999998,4,1,Home
2606,11095,11.0,S11,16,LOB,LOB,PRP,0,1,0,1,0,0,0,4,2,2,0,0,0,0,1,2,10,3.0,1,-1.5080065260740831,0.19504994383872246,0.2292,4,0,Home
2607,7022,7.0,S7,3,PBA,PBA,BBB,2,0,1,4,1,0,0,4,3,1,3,5,2,0,0,7,24,6.0,2,-1.2911574406901507,0.22962867407364343,0.27390000000000003,11,7,Home
2611,7038,7.0,S7,5,SSJ,SSJ,MMA,0,0,0,2,0,0,0,0,0,1,0,1,1,0,0,2,4,1.0,0,-0.5485262401150252,0.0716047790122739,0.006799999999999999,2,2,Home
2611,8020,8.1,S8A,4,CCD,CCD,BIS,1,0,3,2,0,0,0,2,0,2,2,3,0,0,0,6,15,3.0,4,1.97,-0.13320711950651534,-0.355,6,3,Away
2611,8028,8.1,S8A,5,CCD,CCD,NXS,0,0,0,2,0,0,0,0,0,0,1,1,0,0,0,2,4,0.6666666666666666,1,0.49806268198179593,-0.032794833399917,-0.2253,2,1,Home
2611,8032,8.1,S8A,6,CCD,CCD,CDT,0,0,0,0,0,0,0,0,0,0,1,2,0,0,0,0,3,1.0,0,-0.2727272727272727,0.040031303371424215,0.00039999999999999996,3,2,Away
2611,8047,8.1,S8A,8,CCD,CCD,PPM,2,0,1,2,1,0,0,0,4,1,4,2,0,1,0,5,17,3.6666666666666665,4,1.9719047619047623,-0.12063901959829457,-0.2054,5,3,Home
2621,7046,7.0,S7,6,WSW,WSW,BBB,0,0,0,1,1,0,0,3,6,0,4,1,1,0,0,1,16,5.0,0,-2.7426312005751257,0.3412717400605981,0.37720000000000004,8,4,Home
2622,9006,9.0,S9,2,POS,POS,AND,0,0,1,0,0,0,0,1,1,1,0,0,0,0,0,1,4,1.0,0,-0.5748031496062992,0.07219164248849506,0.027299999999999998,2,0,Home
2622,9010,9.0,S9,3,POS,POS,ARR,0,0,0,0,0,0,0,1,0,0,0,0,0,0,0,0,1,0.3333333333333333,0,-0.2787038588261574,0.031548217764582026,0.047599999999999996,0,0,Away
2622,9016,9.0,S9,4,POS,POS,KGB,0,0,1,1,0,0,0,3,1,1,1,2,0,0,1,2,10,3.0,0,-1.7244094488188977,0.21289709558351888,0.21639999999999998,5,4,Home
2622,9024,9.0,S9,6,POS,POS,AND,0,0,1,0,0,0,0,2,3,1,0,0,0,0,0,1,7,2.0,0,-1.1496062992125984,0.14070545309502383,0.1437,2,0,Away
2622,9031,9.0,S9,8,POS,POS,GOP,1,0,0,0,1,0,0,3,0,0,2,0,0,0,1,1,7,2.0,1,-0.14960629921259844,0.04438328497699012,-0.004899999999999998,3,2,Away
2622,9033,9.0,S9,9,POS,POS,GOP,1,0,0,1,0,0,0,1,1,2,2,0,0,0,0,2,8,2.0,1,0.4668635170603674,-0.017263696650306463,-0.03369999999999998,5,1,Home
2622,9042,9.0,S9,11,POS,POS,BIR,2,0,1,3,0,0,0,3,1,0,1,1,0,0,0,6,12,2.0,5,3.8503937007874014,-0.34090538749514476,0.0003,3,1,Away
2622,9048,9.0,S9,12,POS,POS,NNL,1,0,1,0,0,0,0,1,0,1,1,1,0,0,0,2,6,1.3333333333333333,1,0.14649299156754347,0.007417692135043383,-0.04249999999999998,3,1,Home
2622,10007,10.0,S10,2,GOB,GOB,GRS,1,0,1,1,1,0,0,4,2,0,0,2,0,1,1,3,12,3.0,3,0.9339933993399339,-0.039074178885781796,-0.07490000000000005,4,2,Away
2622,10022,10.0,S10,5,GOB,GOB,CRN,0,1,1,2,2,0,0,5,3,3,0,1,0,1,1,4,18,4.333333333333333,1,-1.8346486822595305,0.2610722411519696,0.13520000000000004,9,2,Away
2622,10037,10.0,S10,8,GOB,GOB,CRN,0,0,1,3,1,0,0,7,2,1,5,2,1,0,0,4,22,6.0,0,-4.132013201320133,0.4985694303506315,0.2543000000000001,9,5,Home
2622,10054,10.0,S10,11,GOB,GOB,ACK,0,1,1,3,4,0,0,4,2,1,5,3,0,0,0,5,24,5.0,2,-1.4433443344334436,0.23746328095456426,0.07970000000000001,10,6,Home
2622,10066,10.0,S10,14,GOB,GOB,BEE,1,1,1,1,0,0,0,0,0,0,0,1,0,0,0,4,5,0.3333333333333333,4,3.3184233316948717,-0.31244048993798296,-0.3095,1,1,Home
2624,7009,7.0,S7,2,SCG,SCG,STK,1,0,3,4,3,0,0,6,2,1,3,3,0,0,0,8,26,5.0,4,1.2573687994248741,-0.01684787243747339,-0.041099999999999984,8,4,Home
2624,7063,7.0,S7,8,SCG,SCG,WSW,1,0,5,1,4,0,0,1,6,1,4,3,2,0,0,7,26,5.666666666666667,4,1.0790348670021566,0.0009855208047983566,0.17639999999999997,11,3,Away
2624,8039,8.1,S8A,7,CDT,CDT,GND,1,0,0,1,0,0,0,1,0,0,0,0,0,0,0,2,3,0.3333333333333333,2,1.7638192018630252,-0.1636233440876056,-0.8559,0,0,Away
2625,7051,7.0,S7,7,WSW,WSW,SSJ,1,2,2,4,2,0,0,2,1,1,3,1,1,0,2,9,19,3.6666666666666665,5,3.149645039539899,-0.2270156901999402,-0.2968,3,2,Away
2625,8507,8.2,S8B,2,NUT,NUT,CC,0,0,1,0,2,0,0,0,2,1,1,1,1,0,0,1,8,2.0,0,-1.2885572139303483,0.16293825753539548,0.0626,3,2,Home
2625,8514,8.2,S8B,4,NUT,NUT,ESP,2,0,0,1,0,0,0,2,0,0,1,0,0,0,0,3,6,1.0,2,1.355721393034826,-0.11001023719671209,-0.003499999999999998,1,0,Away
2625,9016,9.0,S9,4,POS,POS,KGB,0,0,1,0,0,0,0,0,1,0,1,1,0,0,0,1,4,1.0,0,-0.5748031496062992,0.07219164248849505,0.0628,3,1,Home
2625,11080,11.0,S11,14,POS,POS,LAX,0,0,0,0,0,0,0,0,1,0,1,0,0,0,0,0,2,0.6666666666666666,0,-0.3384615384615385,0.0418914795245746,0.0008,1,0,Home
2627,7055,7.0,S7,7,MMA,MMA,KNX,0,0,0,0,0,0,0,1,3,0,0,0,0,0,0,0,4,1.3333333333333333,0,-0.6947056421083806,0.08622271921160946,0.0029000000000000002,3,0,Away
2627,7076,7.0,S7,10,MMA,MMA,SCG,1,0,0,0,0,0,0,0,3,1,1,0,0,0,0,1,6,1.6666666666666667,1,0.14341688784706014,0.010786543716451068,0.029099999999999997,3,1,Home
2627,7083,7.0,S7,11,MMA,MMA,STK,0,0,0,0,0,0,0,0,1,0,0,0,0,0,0,0,1,0.3333333333333333,0,-0.3441176470588235,0.038599803456075193,0.0007000000000000001,1,0,Away
2627,7112,7.0,S7,14,MMA,MMA,WSW,0,0,0,0,5,0,0,3,10,0,3,1,1,0,0,0,22,6.0,0,-3.291157440690151,0.4212525965732577,0.4452,11,4,Home
2627,8014,8.1,S8A,3,LAC,LAC,BLO,0,0,1,2,0,0,0,0,2,2,0,2,0,0,0,3,9,2.0,0,-1.3533333333333333,0.17360906162942413,0.0659,5,2,Home
2627,8041,8.1,S8A,7,LAC,LAC,NXS,0,0,0,0,0,0,0,1,0,0,1,1,0,0,0,0,3,1.0,0,-0.6766666666666666,0.08042524276536361,0.009200000000000002,2,2,Away
2627,8520,8.2,S8B,5,TXR,TXR,CC,2,0,2,2,0,0,0,3,3,2,0,3,0,0,1,6,17,4.0,4,1.025182307639883,-0.02583252444367682,-0.17340000000000003,7,6,Home
2633,7068,7.0,S7,9,BBB,BBB,TBL,1,0,1,2,4,0,0,4,4,5,1,1,0,0,0,4,23,5.0,3,0.25736879942487423,0.07058801131194806,-0.16970000000000002,8,2,Away
2637,7057,7.0,S7,8,PBA,PBA,BBC,0,0,0,2,2,0,1,2,0,1,0,0,0,0,0,2,7,1.0,2,1.451473759884975,-0.11583110473714756,-0.012400000000000001,1,1,Home
2637,7065,7.0,S7,9,PBA,PBA,BAC,0,0,0,1,1,0,0,0,3,2,2,1,1,0,0,1,10,3.0,0,-1.6455787203450756,0.206438259536436,0.012799999999999999,6,2,Away
2637,11006,11.0,S11,1,HOT,HOT,LOB,1,0,1,1,3,0,0,3,1,2,5,2,1,1,0,3,19,4.666666666666667,3,0.26237234878240334,0.05421602190596718,0.033500000000000044,9,5,Home
2637,11036,11.0,S11,6,HOT,HOT,PRP,0,0,2,3,1,0,0,2,4,3,0,4,1,0,1,5,19,5.0,1,-2.0007855459544386,0.2805318113796514,0.3442000000000001,12,4,Away
2637,11054,11.0,S11,9,HOT,HOT,PRP,1,0,1,1,3,0,0,1,0,3,1,1,0,0,1,3,12,2.3333333333333335,2,-0.3223691377916412,0.08453153068889903,-0.20619999999999997,6,4,Home
2637,11058,11.0,S11,10,HOT,HOT,LOB,0,0,0,4,4,0,0,1,3,3,0,1,0,1,0,4,17,3.3333333333333335,1,-0.6829813779400215,0.14070606889978893,0.0011000000000000038,5,2,Away
2637,11062,11.0,S11,11,HOT,HOT,LAX,0,0,0,2,0,0,0,1,0,0,1,0,1,0,0,2,4,1.0,0,-0.6001571091908877,0.07610636227593029,0.10629999999999998,1,1,Away
2637,11070,11.0,S11,12,HOT,HOT,WRM,3,0,3,0,0,0,0,1,3,2,0,3,0,0,0,6,15,3.0,4,2.199528672427337,-0.15961292465457805,-0.2742,7,4,Home
2637,11087,11.0,S11,15,HOT,HOT,POS,1,0,1,0,4,0,0,3,3,1,1,0,0,0,0,2,14,2.6666666666666665,3,1.714234554780278,-0.11510617572908254,0.010799999999999949,4,2,Away
2637,12020,12.0,S12,4,SEF,SEF,SDV,0,0,0,1,0,0,0,1,0,2,0,1,0,0,0,1,5,1.3333333333333333,0,-0.15794109012623536,0.03644861161745375,-0.05229999999999999,3,1,Away
2637,12030,12.0,S12,6,SEF,SEF,WWC,1,0,0,1,3,0,0,5,2,4,2,2,0,1,0,2,20,5.0,1,-2.06243272335845,0.29299218327613186,0.17660000000000003,9,4,Home
2637,12032,12.0,S12,7,SEF,SEF,MMN,0,0,0,1,1,0,0,1,2,0,2,1,0,0,0,1,8,2.0,0,-1.22497308934338,0.15554451310206632,0.2022,3,3,Away
2637,12044,12.0,S12,9,SEF,SEF,SCR,0,1,0,0,1,0,0,2,1,0,0,0,0,0,0,1,5,1.0,2,0.6075134553283101,-0.040096842928000795,-0.2663,1,0,Home
2637,12049,12.0,S12,10,SEF,SEF,CCS,0,1,0,1,2,0,0,3,2,1,0,6,1,0,0,2,16,4.333333333333333,1,-1.5011119686414687,0.21620560519960355,0.1222,9,6,Home
2637,12059,12.0,S12,12,SEF,SEF,PQD,1,0,1,2,3,0,0,5,0,2,3,0,0,1,0,4,17,3.3333333333333335,6,2.4500538213132406,-0.17064917275393524,-0.2959000000000001,5,3,Home
2637,12066,12.0,S12,14,SEF,SEF,DDD,0,0,1,3,3,0,0,3,1,1,0,0,0,0,0,4,12,1.6666666666666667,2,0.4125269106566204,0.008318115185930465,-0.1744,2,0,Away
2641,7064,7.0,S7,8,CPR,CPR,TRI,0,0,1,1,0,0,0,3,5,1,0,0,0,0,0,2,11,3.0,0,-1.6455787203450756,0.21062629828662885,0.391,6,1,Home
2641,7088,7.0,S7,11,CPR,CPR,SSC,1,1,4,1,1,0,0,4,3,1,3,1,1,0,0,7,20,4.333333333333333,6,3.5654256714627888,-0.27278179214242193,-0.22699999999999998,6,4,Away
2641,8010,8.1,S8A,2,MMM,MMM,GND,1,0,0,3,1,0,0,1,4,3,2,2,0,0,0,4,17,4.0,1,-1.7066666666666666,0.24296526455928266,0.20160000000000006,10,4,Home
2641,8024,8.1,S8A,4,MMM,MMM,SCU,1,1,0,3,2,0,0,4,0,2,2,1,0,0,1,5,16,3.3333333333333335,5,2.691205673758865,-0.19682196948327055,-0.5136999999999999,6,4,Home
2641,8503,8.2,S8B,1,NUT,NUT,TXR,0,0,0,0,2,0,0,2,1,0,0,0,0,1,0,0,5,1.0,0,-0.6442786069651741,0.08998976280328791,0.10629999999999999,0,0,Away
2641,8528,8.2,S8B,7,NUT,NUT,SCU,0,1,0,1,0,0,0,1,0,0,0,0,0,1,0,2,3,0.3333333333333333,1,1.6790123456790125,-0.1508599664967209,-0.1561,0,0,Home
2641,9016,9.0,S9,4,POS,POS,KGB,1,0,1,0,0,0,0,1,1,0,1,0,0,0,0,2,5,1.0,1,0.4251968503937008,-0.02413052562953865,-0.11420000000000002,2,1,Home
2641,9024,9.0,S9,6,POS,POS,AND,1,0,0,0,1,0,0,1,0,1,0,2,0,0,0,1,6,1.3333333333333333,1,-0.5748031496062992,0.07954730625242765,0.09809999999999999,3,3,Away
2641,9033,9.0,S9,9,POS,POS,GOP,0,2,1,1,0,0,0,1,0,0,1,0,1,0,0,4,6,1.0,3,1.8087270341207349,-0.15880571212027578,-0.2132,1,0,Home
2641,10029,10.0,S10,6,SSS,SSS,KRK,0,0,2,0,0,0,0,0,0,0,2,0,0,0,1,2,4,1.0,1,-0.45918367346938777,0.06532021057844292,-0.022600000000000006,3,1,Away
2641,10043,10.0,S10,9,SSS,SSS,ACK,1,0,3,3,2,0,0,4,0,1,1,1,1,0,0,7,17,3.3333333333333335,2,0.2524167310348053,0.04072459388363354,-0.09729999999999997,4,3,Home
2641,10053,10.0,S10,11,SSS,SSS,KRK,0,1,0,2,2,0,0,1,3,2,1,5,1,1,1,3,17,4.666666666666667,2,-1.012309851674823,0.17495798944719806,0.08030000000000004,10,8,Home
2641,10061,10.0,S10,13,SSS,SSS,BEE,0,0,1,2,1,0,0,5,5,4,3,0,1,0,0,3,21,6.0,1,-3.1320132013201323,0.3946890617043306,0.23289999999999994,12,6,Home
2641,11005,11.0,S11,1,ARA,ARA,DOG,0,1,2,1,1,0,0,3,6,0,0,1,0,1,0,4,15,3.3333333333333335,3,1.077473753017471,-0.04338476987438109,-0.07050000000000002,5,1,Home
2641,11021,11.0,S11,4,ARA,ARA,OKT,1,0,1,3,3,0,0,3,4,0,2,4,1,0,0,5,22,5.333333333333333,5,0.8771595346356957,0.000782628999058706,-0.09690000000000007,8,6,Home
2641,11041,11.0,S11,7,ARA,ARA,LOB,0,0,1,4,2,0,0,4,6,1,1,4,2,0,0,5,23,6.0,2,-1.6009426551453263,0.2526155108163713,0.017300000000000017,10,6,Home
2641,11059,11.0,S11,10,ARA,ARA,PRP,0,1,3,0,2,0,0,4,4,1,1,4,1,0,0,4,20,5.0,2,-1.0007855459544386,0.18053181137965138,0.013200000000000017,10,5,Away
2641,11075,11.0,S11,13,ARA,ARA,POS,1,0,0,4,2,0,0,8,0,2,2,3,3,0,0,5,22,6.0,1,-2.6009426551453263,0.3485928479771609,0.3645999999999999,7,5,Away
2641,11086,11.0,S11,15,ARA,ARA,LAX,0,0,0,0,1,0,0,3,2,2,2,1,1,0,0,0,11,3.6666666666666665,0,-2.278573517353685,0.27210664296668263,0.07050000000000001,7,3,Away
2641,12004,12.0,S12,1,CCS,CCS,SAL,1,0,1,3,0,0,0,3,1,3,1,1,0,2,0,5,14,3.0,3,1.453279627764853,-0.0792335544410286,-0.21710000000000007,5,3,Away
2641,12018,12.0,S12,4,CCS,CCS,PQD,0,0,3,2,3,0,0,7,2,3,3,1,0,0,0,5,24,5.333333333333333,2,-0.054229612857725984,0.10456457378895764,-0.22540000000000004,8,4,Away
2641,12031,12.0,S12,7,CCS,CCS,SAL,0,0,1,4,2,0,0,2,5,2,4,3,2,1,0,5,23,6.0,1,-2.6749192680301395,0.366633539306199,0.2133,9,7,Home
2641,12049,12.0,S12,10,CCS,CCS,SEF,1,2,1,0,8,0,0,6,10,1,1,2,1,1,0,4,32,7.0,2,-1.6498923573735196,0.3013089529292314,0.19390000000000007,14,4,Away
2641,12061,12.0,S12,13,CCS,CCS,KEG,3,2,4,5,1,0,0,6,3,1,5,2,1,2,0,14,32,6.0,9,5.3250807319698605,-0.3920574554841405,-0.39160000000000006,10,6,Home
2642,12029,12.0,S12,6,SCR,SCR,CCS,2,0,2,3,1,0,0,4,3,1,1,2,1,1,0,7,19,4.0,4,1.5500538213132402,-0.07238737171200316,-0.1568,6,4,Home
2642,12044,12.0,S12,9,SCR,SCR,SEF,2,0,0,2,1,0,0,9,7,1,0,1,0,0,0,4,23,6.0,2,-1.6749192680301397,0.26250263878523294,0.2511,6,2,Away
2642,12056,12.0,S12,12,SCR,SCR,DDD,1,0,0,1,1,0,0,3,2,1,2,0,1,1,0,2,11,3.0,1,-0.8374596340150697,0.1333167696530995,0.03960000000000001,3,2,Away
2644,7071,7.0,S7,9,FAP,FAP,SSC,0,0,2,2,3,0,1,0,4,2,3,2,1,0,0,4,18,4.0,2,0.18594022799630316,0.056790674703840915,-0.06259999999999996,7,2,Away
2646,8009,8.1,S8A,2,BLO,BLO,CDT,1,0,0,3,0,0,0,2,3,1,0,2,1,0,0,4,12,3.0,1,-1.0299999999999998,0.15403430439478777,0.018499999999999996,6,2,Home
2646,8037,8.1,S8A,7,BLO,BLO,MMM,0,0,0,2,0,0,0,0,0,0,1,0,1,0,0,2,3,0.6666666666666666,0,-0.8356164383561644,0.09632021993431339,0.21799999999999997,1,0,Away
2646,8514,8.2,S8B,4,NUT,NUT,ESP,0,0,0,0,0,0,0,1,0,1,1,0,0,0,0,0,3,1.0,0,-0.6442786069651741,0.07720881174990266,0.004,2,1,Away
2646,8532,8.2,S8B,8,NUT,NUT,TXR,0,0,2,2,0,0,0,1,0,3,2,2,1,0,0,4,12,3.0,2,0.06716417910447758,0.04440738630309322,-0.0833,8,4,Home
2646,9011,9.0,S9,3,FLB,FLB,BIR,0,0,1,2,1,0,0,3,3,0,1,1,1,0,0,3,12,3.0,1,-0.7244094488188974,0.11657492746548516,0.01569999999999998,3,1,Home
2646,9021,9.0,S9,6,FLB,FLB,BIR,0,0,2,3,1,0,0,0,0,0,1,2,0,0,0,5,9,1.0,3,3.0764659806661907,-0.27454611112892247,-0.372,3,2,Away
2646,9034,9.0,S9,9,FLB,FLB,AND,0,0,0,2,2,0,0,7,2,3,4,1,1,1,0,2,21,6.0,0,-3.4488188976377954,0.42579419116703776,0.7329000000000001,8,4,Away
2646,10019,10.0,S10,4,GOB,GOB,SEO,0,1,1,2,2,0,0,1,0,0,0,0,0,2,0,4,7,0.3333333333333333,4,4.24353452294382,-0.3894301344776745,-0.37370000000000003,0,0,Home
2646,10026,10.0,S10,6,GOB,GOB,ACK,1,0,1,2,2,0,0,5,0,1,1,3,0,0,0,4,16,3.3333333333333335,1,-1.4833619725608926,0.2104220955969025,0.0017999999999999939,5,3,Away
2646,10056,10.0,S10,12,GOB,GOB,SSS,1,0,0,3,2,0,0,3,2,2,3,5,2,1,0,4,21,5.666666666666667,1,-3.4504365330150035,0.43041176352011856,0.10280000000000002,10,7,Away
2646,11029,11.0,S11,5,PRP,PRP,WRM,0,0,1,3,1,0,0,7,6,2,4,3,0,0,0,4,28,8.0,0,-4.801256873527102,0.5927602468506007,0.8917000000000002,15,8,Home
2646,11071,11.0,S11,12,PRP,PRP,LAX,1,0,0,2,0,0,0,1,2,8,1,2,0,0,1,3,17,5.0,1,-2.0007855459544386,0.27248648570123063,0.2880000000000001,12,6,Home
2646,11095,11.0,S11,16,PRP,PRP,LOB,2,0,0,2,1,0,0,2,0,4,0,0,0,0,0,4,11,2.0,2,0.7996857816182246,-0.03571928693050832,-0.16700000000000004,4,0,Away
2648,8036,8.1,S8A,6,BLO,BLO,MKW,1,0,2,0,1,0,1,2,3,1,4,1,0,0,0,3,15,3.6666666666666665,1,-2.2085714285714286,0.28465002335062756,0.039199999999999985,10,5,Home
2656,7109,7.0,S7,14,SSC,SSC,SCG,1,1,0,7,1,0,0,1,2,1,2,1,3,1,2,9,17,4.0,3,0.8058950395398994,0.003171271049866989,-0.15390000000000004,7,2,Home
2656,8025,8.1,S8A,5,BLO,BLO,BAG,1,0,0,1,0,0,0,2,4,1,1,0,0,0,0,2,10,2.6666666666666665,1,-0.7512056737588652,0.117649154371543,0.0107,3,2,Away
2656,8511,8.2,S8B,3,NUT,NUT,QQ,0,0,0,0,1,0,0,0,1,1,1,0,0,0,0,0,4,1.0,0,-0.6442786069651741,0.08146912876769774,0.0628,3,1,Home
2656,8514,8.2,S8B,4,NUT,NUT,ESP,0,0,1,1,0,0,0,1,1,0,1,0,0,0,0,2,5,1.0,1,0.35572139303482586,-0.014270554214507174,0.004800000000000004,3,1,Away
2657,7108,7.0,S7,14,TRI,TRI,STK,0,0,2,4,0,0,0,0,2,0,0,1,0,0,0,6,9,1.0,4,3.451473759884975,-0.3074550272367619,-0.0792,3,1,Home
2657,8043,8.1,S8A,8,MMM,MMM,BAG,1,1,0,5,0,0,0,4,1,0,1,2,0,0,1,7,15,3.0,3,0.9700000000000001,-0.028954260806949652,0.024100000000000003,5,4,Home
2657,8515,8.2,S8B,4,CC,CC,SBD,1,0,0,2,3,0,0,4,4,0,3,4,2,1,1,3,21,6.0,1,-2.865671641791045,0.38455445558839135,0.1797,10,6,Home
2657,8525,8.2,S8B,7,CC,CC,MOB,2,0,1,1,2,0,0,5,1,0,1,1,0,0,0,4,14,2.6666666666666665,5,2.5871641791044775,-0.19907197966131662,-0.3224,2,2,Away
2657,9028,9.0,S9,7,KGB,KGB,NNL,0,0,0,0,0,0,0,2,1,0,0,0,0,0,0,0,3,1.0,0,-0.5748031496062992,0.06851381060652878,0.0665,1,0,Home
2657,10021,10.0,S10,5,GRS,GRS,SSS,0,0,0,2,1,0,0,2,1,0,0,0,0,1,0,2,6,1.0,1,0.3113311331133113,-0.003970532787225339,-0.027800000000000005,3,0,Away
2657,10036,10.0,S10,8,GRS,GRS,KRK,0,0,1,0,1,0,0,4,1,0,0,0,0,0,0,1,7,1.6666666666666667,0,0.1734000986305525,0.00982257066105055,-0.0764,0,0,Away
2657,10046,10.0,S10,10,GRS,GRS,ACK,0,0,0,1,0,0,0,1,1,1,0,0,0,0,0,1,4,1.0,0,-0.6886688668866887,0.08438836127387218,0.0083,2,0,Away
2657,10062,10.0,S10,13,GRS,GRS,KIR,1,0,1,1,0,0,0,1,0,2,1,0,0,0,0,3,7,1.3333333333333333,1,0.972269485541025,-0.07006436802999672,-0.027,3,1,Away
2657,10070,10.0,S10,14,GRS,GRS,SSS,0,0,0,0,1,0,0,0,1,1,0,3,0,0,1,0,6,2.0,0,-1.3773377337733774,0.16489635390144355,0.16190000000000002,6,4,Home
2657,11006,11.0,S11,1,LOB,LOB,HOT,0,0,2,0,1,0,0,0,0,0,0,0,0,0,0,2,3,0.0,2,3.494684177611007,-0.3374004292434696,-0.142,0,0,Away
2657,11028,11.0,S11,5,LOB,LOB,POS,0,0,0,0,2,0,0,1,0,0,1,0,1,0,0,0,4,1.0,1,0.1035014273944781,0.005740508617393697,-0.044700000000000004,1,1,Away
2657,11069,11.0,S11,12,LOB,LOB,DOG,2,1,1,0,2,0,0,0,3,2,1,1,1,0,0,4,13,2.6666666666666665,3,1.3613491528318882,-0.08384029837345394,-0.17330000000000004,6,1,Away
2657,12062,12.0,S12,13,WWC,WWC,PQD,0,0,1,2,2,0,0,1,0,0,0,1,0,0,0,3,7,0.6666666666666666,3,3.575,-0.3285836963532377,-0.0078000000000000005,1,1,Away
2659,8512,8.2,S8B,3,CC,CC,TXR,2,0,0,0,1,0,0,2,2,0,0,0,0,1,0,2,7,1.3333333333333333,3,2.110793435420301,-0.17699680739966944,-0.24089999999999998,1,0,Home
2659,8531,8.2,S8B,8,CC,CC,QQ,2,0,0,0,0,0,0,2,9,3,2,2,0,0,0,2,20,6.0,2,-1.8656716417910448,0.27177350453500615,0.24549999999999997,12,4,Away
2659,9026,9.0,S9,7,ARR,ARR,AND,0,0,1,0,0,0,0,2,0,1,0,0,0,0,0,1,4,1.0,0,-0.38888888888888873,0.05360021641675401,0.0015000000000000013,1,0,Away
2659,9029,9.0,S9,8,ARR,ARR,BIR,0,0,0,0,0,0,0,0,1,0,0,0,0,0,0,0,1,0.3333333333333333,0,-0.3249576510446076,0.036173596986427047,0.026099999999999998,0,0,Away
2661,8010,8.1,S8A,2,MMM,MMM,GND,1,0,2,2,0,0,0,2,1,0,1,2,0,1,0,5,11,2.0,3,1.646666666666667,-0.11363236227187892,-0.5226999999999999,3,2,Home
2661,8037,8.1,S8A,7,MMM,MMM,BLO,1,0,0,4,1,0,0,3,1,2,3,6,3,1,0,5,21,6.0,1,-3.0599999999999996,0.3995628913904442,0.2133,11,7,Home
2661,8501,8.2,S8B,1,ESP,ESP,SBD,0,0,0,2,0,0,0,1,1,0,2,2,0,1,0,2,8,2.0,1,-1.3585643212508882,0.17419928528524456,0.12119999999999997,5,3,Home
2661,8514,8.2,S8B,4,ESP,ESP,NUT,1,0,1,1,1,0,0,0,3,0,2,1,1,1,0,3,10,2.3333333333333335,1,-0.6635572139303483,0.11321920858878073,0.0009000000000000006,4,1,Home
2661,9006,9.0,S9,2,AND,AND,POS,1,0,0,0,0,0,0,1,0,0,1,1,0,0,0,1,4,1.0,1,0.42519685039370075,-0.027808357511504934,-0.0458,2,1,Away
2661,9020,9.0,S9,5,AND,AND,KGB,0,0,2,0,2,0,0,2,1,0,5,1,2,0,1,2,13,4.0,0,-2.2992125984251968,0.2814109061900477,0.0411,7,2,Away
2661,9024,9.0,S9,6,AND,AND,POS,0,0,1,2,0,0,0,1,2,2,0,1,0,0,0,3,9,2.0,1,-0.14960629921259838,0.048061116858956414,-0.005399999999999988,3,1,Home
2661,9043,9.0,S9,11,AND,AND,KGB,0,0,1,4,3,0,0,4,1,5,4,7,1,1,1,5,29,7.666666666666667,0,-4.319721338024236,0.5459849221433785,0.9231999999999998,14,8,Home
2661,9045,9.0,S9,12,AND,AND,FLB,0,0,0,3,1,0,0,2,1,1,1,1,0,1,0,3,10,2.0,1,-0.14960629921259833,0.05541678062288897,-0.015000000000000013,4,1,Away
2661,10016,10.0,S10,4,GRS,GRS,BEE,0,0,0,3,1,0,0,1,0,0,1,0,0,0,0,3,6,0.6666666666666666,3,2.4363311331133115,-0.22035090143352615,-0.1747,1,1,Away
2663,8031,8.1,S8A,6,BAG,BAG,GND,1,0,0,3,1,0,0,2,3,1,3,3,0,0,0,4,17,4.0,2,-0.7066666666666664,0.14296526455928268,0.12279999999999996,10,3,Away
2663,9001,9.0,S9,1,GOP,GOP,KGB,0,0,0,0,0,0,0,0,1,1,0,1,0,0,0,0,3,1.0,0,-0.5748031496062992,0.06851381060652878,0.1543,2,1,Away
2663,9009,9.0,S9,3,GOP,GOP,AND,0,0,0,0,0,0,0,2,0,0,1,0,0,2,0,0,3,1.0,0,0.14906832298136638,0.0034823271116947857,0.093,1,0,Away
2663,9018,9.0,S9,5,GOP,GOP,BIR,0,0,0,0,0,0,0,0,0,0,1,0,0,0,0,0,1,0.3333333333333333,0,-0.1431411530815109,0.017991947190117374,0.0011,1,0,Away
2663,9043,9.0,S9,11,KGB,KGB,AND,0,0,2,2,1,0,0,3,2,1,1,3,0,1,2,4,15,4.0,1,-1.2992125984251968,0.19612223371791282,0.1911,6,3,Away
2671,11026,11.0,S11,5,DOG,DOG,LAX,1,0,0,0,0,0,0,0,0,0,1,0,0,0,0,1,2,0.3333333333333333,1,0.7383044292706508,-0.06578511724864433,-0.1449,1,1,Home
2671,12047,12.0,S12,10,SAL,SAL,PQD,0,0,0,0,1,1,0,0,0,0,0,0,0,0,0,0,2,0.3333333333333333,0,-0.018164881229622898,0.010078289164894377,-0.011599999999999996,0,0,Away
2673,8003,8.1,S8A,1,SCU,SCU,BIS,0,0,3,3,2,0,0,4,2,7,2,2,1,0,0,6,25,6.0,1,-3.0599999999999996,0.4123214674891411,0.2329,11,6,Home
2673,8030,8.1,S8A,5,SCU,SCU,GND,0,0,1,2,2,0,0,3,2,6,3,0,1,0,0,3,19,5.0,0,-2.7841379310344827,0.3592181083951956,0.26699999999999996,8,3,Away
2673,8507,8.2,S8B,2,NUT,NUT,CC,1,0,1,1,3,0,0,1,0,2,1,0,1,1,0,3,10,1.6666666666666667,3,2.620533695160561,-0.2151898823203102,-0.2643,3,1,Home
2674,8011,8.1,S8A,2,SCU,SCU,NXS,1,1,2,2,2,0,0,4,2,1,2,2,0,0,0,6,19,3.6666666666666665,4,1.971904761904762,-0.11638616089872891,-0.4161,6,4,Home
2674,8035,8.1,S8A,6,SCU,SCU,LAC,2,0,0,2,1,0,0,1,3,2,1,2,0,1,0,4,14,3.0,4,1.9700000000000002,-0.1332071195065153,-0.23920000000000002,7,3,Home
2675,8005,8.1,S8A,1,CCD,CCD,BLO,0,0,1,2,0,0,0,1,1,2,1,0,0,0,1,3,8,2.0,1,-1.429875693540196,0.1812632976501104,-0.02229999999999999,2,1,Away
2675,8016,8.1,S8A,3,CCD,CCD,MMM,1,0,0,4,0,0,0,3,2,2,1,0,0,0,0,5,13,2.6666666666666665,5,2.1951655629139073,-0.16422939319703736,0.1356,2,0,Home
2675,8038,8.1,S8A,7,CCD,CCD,MKW,0,0,0,0,0,0,0,2,3,7,3,3,0,0,0,0,18,6.0,0,-4.06,0.4825514565921817,0.5325,11,8,Away
2676,8021,8.1,S8A,4,PPM,PPM,GND,0,0,2,0,0,0,0,0,3,0,2,1,0,0,0,2,8,2.0,0,-1.3533333333333333,0.16935620292985848,0.1316,5,3,Home
2678,8011,8.1,S8A,2,SCU,SCU,NXS,0,0,1,0,1,0,0,0,1,0,1,0,0,0,0,1,4,0.6666666666666666,1,0.956043956043956,-0.07859296080613304,-0.1153,1,0,Home
2678,8018,8.1,S8A,3,SCU,SCU,MKW,0,0,0,3,3,0,0,3,9,1,3,2,0,2,0,3,24,6.0,0,-4.06,0.5165743261887068,0.07349999999999998,12,8,Away
2678,8030,8.1,S8A,5,SCU,SCU,GND,0,0,0,0,0,0,0,2,1,0,0,0,0,0,0,0,3,1.0,0,-1.2758620689655171,0.14034478299524866,0.44630000000000003,1,0,Away
2678,8035,8.1,S8A,6,SCU,SCU,LAC,0,0,0,0,0,0,0,3,1,1,1,0,0,1,0,0,6,2.0,0,-1.6766666666666667,0.19743667756362618,0.0049,3,1,Home
2678,8048,8.1,S8A,8,SCU,SCU,BLO,1,0,0,2,0,0,0,0,2,0,0,1,1,0,0,3,6,1.3333333333333333,2,1.0445390070921987,-0.07893674851182597,0.015199999999999984,3,1,Away
2679,8028,8.1,S8A,5,CCD,CCD,NXS,0,0,0,0,0,0,0,2,0,0,0,0,0,0,0,0,2,0.6666666666666666,0,-0.0952380952380951,0.018029526922940804,-0.0258,1,0,Home
2679,10004,10.0,S10,1,BEE,BEE,SSS,1,0,3,2,0,0,0,5,2,0,0,3,0,0,0,6,16,3.3333333333333335,4,0.38325556693600416,0.02376034164721283,-0.13459999999999997,5,3,Home
2679,10011,10.0,S10,3,BEE,BEE,SEO,0,0,0,1,0,0,0,2,2,0,1,1,0,0,0,1,7,2.0,0,-0.7511688668866886,0.10227946721277467,-0.042000000000000016,4,2,Away
2679,10041,10.0,S10,9,BEE,BEE,GRS,0,0,1,2,2,0,0,1,3,0,2,0,1,0,0,3,11,2.3333333333333335,2,0.5426890515138469,-0.01158485004207557,-0.1326,3,2,Away
2689,8008,8.1,S8A,2,BAG,BAG,CCD,1,0,3,2,2,0,0,2,1,3,5,1,1,1,0,6,20,4.333333333333333,4,1.0145390070921985,-0.012143868018341303,-0.1441,8,1,Home
2689,8509,8.2,S8B,3,SCU,SCU,ESP,0,0,0,3,0,0,0,4,4,4,0,4,2,0,0,3,19,6.0,0,-3.8656716417910446,0.46751318751721105,0.6287000000000001,8,4,Home
2689,8528,8.2,S8B,7,SCU,SCU,NUT,2,1,3,1,0,0,0,5,1,3,4,4,0,1,0,7,24,5.666666666666667,4,0.49147121535181204,0.05736080390969579,-0.3972000000000001,10,4,Away
2689,9017,9.0,S9,5,FLB,FLB,ARR,0,0,0,0,0,0,0,0,0,0,1,0,0,0,0,0,1,0.3333333333333333,0,-0.3666666666666666,0.040344498548632944,0.2231,1,0,Away
2689,9021,9.0,S9,6,FLB,FLB,BIR,0,0,1,1,1,1,0,0,0,0,0,2,1,1,0,2,5,1.0,1,-0.3248031496062992,0.054547306252427624,-0.017999999999999905,2,2,Away
2689,9038,9.0,S9,10,FLB,FLB,KGB,1,0,0,0,2,0,0,1,0,0,1,1,0,1,0,1,6,1.0,2,1.4251968503937005,-0.11677486186560608,-0.3975,2,1,Home
2689,10030,10.0,S10,6,GRS,GRS,ZAH,1,0,0,0,0,0,0,1,0,0,0,1,0,0,0,1,3,0.6666666666666666,1,0.48868316935159284,-0.0372272109962568,-0.1594,1,1,Home
2689,11019,11.0,S11,4,POS,POS,LAX,1,1,0,2,1,0,0,2,1,2,1,3,0,0,0,4,14,3.0,4,2.199528672427337,-0.16363558749378843,-0.3802,6,3,Away
2689,11064,11.0,S11,11,POS,POS,ROY,1,0,0,2,2,1,0,3,1,0,7,6,1,1,0,3,22,6.0,3,-0.6009426551453262,0.15261551081637129,0.34570000000000006,13,7,Home
2689,11080,11.0,S11,14,POS,POS,LAX,2,0,2,2,1,0,0,2,1,0,2,1,0,0,0,6,13,2.0,5,3.7996857816182246,-0.3276739612520876,-0.4061999999999999,3,2,Home
2689,12006,12.0,S12,2,CCS,CCS,MMN,0,1,1,1,0,0,0,0,1,0,1,2,0,0,0,3,7,1.3333333333333333,2,0.9407049446900122,-0.06515419082223892,0.0298,3,2,Home
2689,12018,12.0,S12,4,CCS,CCS,PQD,0,0,0,0,1,1,0,0,0,0,1,0,1,0,0,0,2,0.6666666666666666,0,-1.6206896551724137,0.17033076655917345,0.5357999999999999,1,0,Away
2691,8528,8.2,S8B,7,SCU,SCU,NUT,0,0,0,1,0,0,0,0,0,1,0,1,1,0,0,1,3,1.0,0,-1.2465753424657535,0.1374384852999606,0.23440000000000003,2,1,Away
2691,8530,8.2,S8B,8,SCU,SCU,SBD,0,0,0,0,0,0,0,0,1,1,0,1,0,0,0,0,3,1.0,0,-0.6442786069651741,0.07720881174990266,0.0628,2,1,Home
2691,9042,9.0,S9,11,BIR,BIR,POS,1,0,1,4,1,0,0,2,0,1,1,2,1,0,0,6,13,3.0,2,-1.4677881173944165,0.1945906262050034,-0.00040000000000000013,4,2,Home
2691,9047,9.0,S9,12,BIR,BIR,GOP,1,0,0,1,1,0,0,1,0,0,2,4,2,0,0,2,10,3.0,1,-1.161643491372089,0.15294266795687178,0.11579999999999996,6,4,Away
2691,10062,10.0,S10,13,KIR,KIR,GRS,1,0,2,2,0,0,0,0,0,0,0,0,0,0,0,5,5,0.0,5,4.770514806582699,-0.4576496374267658,-0.6434,0,0,Home
2691,11093,11.0,S11,16,POS,POS,WRM,2,1,1,3,2,0,0,3,3,0,5,2,1,2,1,7,22,5.0,5,1.9992144540455614,-0.09935487442429672,-0.3184999999999999,8,3,Away
2692,8021,8.1,S8A,4,PPM,PPM,GND,1,0,1,3,4,0,0,2,0,2,1,0,1,0,0,5,14,2.0,5,3.646666666666667,-0.3051266448727476,-0.35590000000000005,3,2,Home
2692,9007,9.0,S9,2,NNL,NNL,GOP,0,0,2,2,1,0,0,1,1,6,4,1,0,0,0,4,18,4.333333333333333,2,-1.3480417220574699,0.20100514608114012,0.21429999999999996,11,3,Away
2692,9037,9.0,S9,10,NNL,NNL,BIR,3,0,1,1,0,0,0,1,0,2,0,0,0,0,0,5,8,1.0,5,4.425196850393701,-0.41309702998363984,-0.3526,2,0,Away
2696,8511,8.2,S8B,3,NUT,NUT,QQ,0,0,0,3,2,0,0,0,2,1,0,0,0,0,0,3,8,1.0,2,1.355721393034826,-0.10148960316112193,-0.2949,2,0,Home
2696,8524,8.2,S8B,6,NUT,NUT,CC,1,0,0,2,2,0,0,0,2,1,1,2,2,0,1,3,11,3.0,1,-0.9328358208955224,0.14440738630309324,0.11940000000000003,6,3,Away
2696,8532,8.2,S8B,8,NUT,NUT,TXR,0,0,0,2,1,0,0,2,0,0,1,0,0,2,0,2,6,1.0,1,0.35572139303482586,-0.0014896031611219274,-0.0542,1,1,Home
2696,10047,10.0,S10,10,KIR,KIR,GOB,1,0,1,1,1,0,0,0,0,1,1,0,0,0,0,3,6,0.6666666666666666,4,3.7600406098358397,-0.35272184910577903,-0.08670000000000001,2,2,Home
2696,11023,11.0,S11,4,LOB,LOB,DOG,1,0,0,1,3,0,0,3,3,1,0,2,1,1,0,2,14,3.3333333333333335,3,-0.6829813779400215,0.1286380803821578,0.05009999999999998,4,3,Home
2696,11033,11.0,S11,6,LOB,LOB,ROY,0,0,0,0,0,0,0,1,4,1,1,0,1,0,0,0,7,2.6666666666666665,0,-1.6784164081627972,0.19600028069075237,0.020900000000000002,5,2,Away
2696,11058,11.0,S11,10,LOB,LOB,HOT,0,0,0,1,3,0,0,1,1,1,4,0,1,0,0,1,11,2.6666666666666665,0,-0.9842338163717252,0.14267267286848667,0.10400000000000001,5,3,Home
2696,11090,11.0,S11,15,LOB,LOB,SHH,2,0,0,2,1,0,0,2,8,0,1,2,0,0,0,4,18,4.333333333333333,4,1.3376759925071,-0.06135966814492319,-0.10879999999999998,9,3,Away
2702,8004,8.1,S8A,1,MMM,MMM,CDT,1,0,2,2,1,0,0,4,2,2,1,1,1,0,0,5,16,3.6666666666666665,3,0.7588505747126437,-0.007839318278214047,-0.18719999999999998,4,2,Away
2704,8501,8.2,S8B,1,ESP,ESP,SBD,1,0,2,0,3,0,0,3,0,2,1,3,0,0,0,3,15,3.0,1,0.13717128642501752,0.05018762662442447,-0.079,6,3,Home
2707,8024,8.1,S8A,4,MMM,MMM,SCU,0,0,0,1,0,0,0,0,0,0,0,0,0,0,0,1,1,0.0,0,0.4377440979306325,-0.0395215510934976,0.0005,0,0,Home
2707,8043,8.1,S8A,8,MMM,MMM,BAG,0,1,0,2,1,0,0,6,0,1,2,0,0,0,0,3,13,3.0,2,-0.02999999999999997,0.05828716309435342,-0.07540000000000001,3,2,Home
2708,8517,8.2,S8B,5,SCU,SCU,MOB,0,0,0,0,1,0,0,0,0,1,0,1,1,0,0,0,3,1.0,0,-0.9473684210526316,0.1075177931586484,0.0074,2,1,Away
2708,8528,8.2,S8B,7,SCU,SCU,NUT,0,0,2,0,1,0,0,0,0,1,0,0,0,0,0,2,4,0.3333333333333333,1,1.6428571428571428,-0.14724444621453397,-0.055099999999999996,1,0,Away
2708,9019,9.0,S9,5,NNL,NNL,POS,0,0,1,1,1,0,0,0,1,0,0,0,0,0,0,2,4,0.3333333333333333,2,1.8568588469184892,-0.17097455716398377,-0.003,1,0,Home
2708,9022,9.0,S9,6,NNL,NNL,GOP,0,0,0,0,0,0,0,1,0,0,0,0,0,0,0,0,1,0.3333333333333333,0,-0.3352941176470588,0.03720724364667217,0.0146,0,0,Home
2708,9028,9.0,S9,7,NNL,NNL,KGB,0,0,0,0,0,0,0,1,0,0,0,0,0,0,0,0,1,0.3333333333333333,0,-0.4027777777777778,0.043955609659744065,0.006500000000000001,0,0,Away
2708,10014,10.0,S10,3,GOB,GOB,KRK,0,0,0,0,0,0,0,3,0,0,0,1,0,0,0,0,4,1.3333333333333333,0,-1.8136688668866887,0.1968883612738722,0.0033000000000000004,1,1,Home
2710,8507,8.2,S8B,2,NUT,NUT,CC,0,0,0,1,1,0,0,1,1,1,1,0,0,1,0,1,6,1.3333333333333333,0,-1.5533695160560832,0.1851591707301739,0.0706,3,0,Home
2710,11081,11.0,S11,14,ROY,ROY,PRP,0,0,1,0,0,0,0,4,3,2,0,2,0,0,0,1,12,3.6666666666666665,0,-2.1389328660342017,0.26216524067394464,0.21459999999999996,3,2,Home
2715,8012,8.1,S8A,2,MKW,MKW,PPM,1,1,1,2,2,0,0,0,3,2,2,3,1,0,1,5,17,4.0,2,-1.1838461538461535,0.19493607197679697,-0.0494,8,5,Home
2715,8018,8.1,S8A,3,MKW,MKW,SCU,2,0,1,1,2,0,0,1,1,3,0,0,0,1,0,4,11,1.6666666666666667,6,2.8405747126436784,-0.23302316686958013,-0.0685,3,1,Home
2715,8038,8.1,S8A,7,MKW,MKW,CCD,1,0,1,0,0,0,0,0,2,0,0,1,0,0,0,2,5,1.0,1,0.32333333333333336,-0.011069039835505112,-0.016599999999999997,2,1,Home
2715,8504,8.2,S8B,1,CC,CC,QQ,0,0,0,1,1,0,0,0,0,0,0,2,1,0,0,1,4,1.0,0,-0.6442786069651741,0.08146912876769774,0.048299999999999996,2,2,Home
2715,8512,8.2,S8B,3,CC,CC,TXR,1,0,0,0,0,0,0,4,2,4,1,0,0,0,0,1,12,3.6666666666666665,1,-1.3321864702461719,0.18434245123815815,0.1629,5,0,Home
2715,8524,8.2,S8B,6,CC,CC,NUT,2,1,0,0,1,0,0,1,3,3,1,1,0,0,0,3,13,3.0,4,2.0671641791044775,-0.15133229667911166,-0.264,5,1,Home
2715,9016,9.0,S9,4,KGB,KGB,POS,2,1,1,1,1,0,0,5,4,4,4,1,0,1,1,5,25,7.0,2,-2.0236220472440944,0.3016636655374991,0.20439999999999997,10,4,Away
2715,9032,9.0,S9,8,KGB,KGB,FLB,1,0,0,1,0,0,0,0,0,1,0,1,0,0,1,2,4,1.0,1,0.42519685039370075,-0.02413052562953865,-0.16719999999999996,3,2,Home
2715,10060,10.0,S10,12,CRN,CRN,ZAH,1,0,1,0,0,0,0,4,1,0,1,3,0,0,0,2,11,3.0,1,-1.0660066006600664,0.14928471517531572,0.07539999999999998,4,4,Home
2720,8042,8.1,S8A,7,SCU,SCU,PPM,0,0,0,0,1,0,0,1,0,0,0,0,0,0,0,0,2,0.3333333333333333,0,-0.22516556291390732,0.03102227369052203,0.0286,0,0,Home
2720,8517,8.2,S8B,5,SCU,SCU,MOB,1,0,1,1,1,0,0,4,4,0,1,1,0,0,0,3,14,3.3333333333333335,2,0.20423082716876906,0.03922135553225425,0.01440000000000001,2,2,Away
2720,9035,9.0,S9,9,BIR,BIR,KGB,0,0,1,1,1,0,0,3,1,3,1,3,1,0,0,2,14,4.0,1,-2.2244094488188977,0.27393059122941776,0.3547,7,4,Away
2720,11008,11.0,S11,2,POS,POS,IDR,2,1,2,5,1,0,0,10,5,11,5,5,0,3,3,10,47,13.0,3,-4.80204241948154,0.693405372426304,0.7373999999999999,25,10,Home
2720,11019,11.0,S11,4,POS,POS,LAX,1,0,0,2,1,0,0,1,2,0,2,2,2,0,0,3,11,3.0,1,-0.8004713275726631,0.12429642398858046,0.3175,5,3,Away
2720,11035,11.0,S11,6,POS,POS,DOG,2,1,2,0,2,0,0,2,4,3,3,2,0,0,0,5,21,4.666666666666667,5,2.161034934450112,-0.13162757382159335,-0.45450000000000007,9,4,Away
2720,11043,11.0,S11,8,POS,POS,OKT,2,0,4,1,1,0,0,2,1,3,1,5,0,0,0,7,20,4.0,4,1.5993715632364494,-0.07948389953943741,-0.30150000000000005,9,6,Home
2720,11060,11.0,S11,10,POS,POS,SHH,1,2,3,2,1,0,0,3,2,0,2,2,0,0,0,8,18,3.0,5,3.199528672427337,-0.24754493613694695,-0.2455,4,3,Away
2720,12021,12.0,S12,5,CCS,CCS,SEF,1,0,1,1,0,0,0,0,1,0,0,2,0,0,0,3,6,1.0,3,2.2124145293814474,-0.1964560498123485,0.013499999999999991,2,2,Home
2722,9018,9.0,S9,5,BIR,BIR,GOP,0,0,0,1,0,0,0,2,0,0,0,2,0,0,0,1,5,1.3333333333333333,0,-0.977580927384077,0.11614725214823912,0.0725,2,1,Home
2722,9047,9.0,S9,12,BIR,BIR,GOP,0,0,1,1,0,0,0,1,2,0,0,3,0,0,0,2,8,2.0,0,-0.7123722566594068,0.10065988072167097,0.03,5,2,Away
2722,10047,10.0,S10,10,KIR,KIR,GOB,0,0,2,1,1,0,0,1,1,1,1,1,0,0,0,3,9,1.6666666666666667,2,0.4731502875220972,-0.01239171093550226,-0.03480000000000001,4,1,Home
2722,11026,11.0,S11,5,LAX,LAX,DOG,0,0,0,0,0,0,0,0,0,0,0,1,0,0,0,0,1,0.3333333333333333,0,-0.6,0.06402266283921038,0.0196,1,1,Away
2722,11055,11.0,S11,10,LAX,LAX,ROY,0,0,0,0,1,0,0,2,0,0,1,0,0,0,0,0,4,1.0,0,-0.6001571091908877,0.07610636227593028,0.06659999999999999,1,1,Away
2722,11080,11.0,S11,14,LAX,LAX,POS,0,0,1,0,2,0,0,1,4,0,0,1,0,0,0,1,9,2.0,1,-0.20031421838177527,0.056235387391070916,0.0020000000000000018,4,1,Away
2722,12014,12.0,S12,3,SAL,SAL,SDV,0,0,0,0,2,0,0,2,2,0,1,1,0,0,0,0,8,2.0,0,-1.22497308934338,0.15554451310206632,0.1437,4,2,Away
2722,12023,12.0,S12,5,SAL,SAL,MMN,0,0,0,0,0,0,0,1,0,0,0,1,0,0,0,0,2,0.6666666666666666,0,-0.3590116279069767,0.044162963832629756,0.0257,1,1,Away
2722,12038,12.0,S12,8,SAL,SAL,SEF,1,2,1,0,0,0,0,1,4,0,0,1,0,0,0,4,10,2.0,2,0.7750269106566201,-0.03619368585600158,-0.1291,4,1,Home
2722,12058,12.0,S12,12,SAL,SAL,KEG,1,0,1,1,1,0,0,1,2,0,4,0,2,0,0,3,11,3.0,1,-1.2957695495203712,0.17501686068266356,0.0815,5,3,Home
2722,12070,12.0,S12,14,SAL,SAL,WWC,0,0,1,1,0,0,0,0,1,0,0,2,0,0,0,2,5,1.0,1,0.3875134553283101,-0.01809684292800079,-0.059399999999999994,3,2,Away
2723,8006,8.1,S8A,1,BAG,BAG,NXS,3,0,0,3,0,0,0,2,7,0,3,2,0,0,0,6,20,4.666666666666667,5,1.7783582089552237,-0.09277864690420942,-0.2617,9,5,Away
2723,8022,8.1,S8A,4,BAG,BAG,LAC,0,0,0,1,0,0,0,2,0,0,0,0,0,0,1,1,3,1.0,0,-0.6766666666666666,0.08467810146492924,0.0645,1,0,Home
2723,8040,8.1,S8A,7,BAG,BAG,BIS,0,0,0,3,2,0,0,4,4,0,3,0,1,1,1,3,16,4.333333333333333,1,-0.900574712643678,0.16660892785654946,0.08409999999999997,7,3,Home
2723,8506,8.2,S8B,2,SCU,SCU,SBD,0,0,0,4,4,0,0,11,4,0,0,2,0,0,1,4,25,6.0,2,-1.8656716417910448,0.29733540664177666,0.2567,7,3,Away
2723,8517,8.2,S8B,5,SCU,SCU,MOB,2,0,1,0,1,0,0,0,1,0,1,0,0,1,0,3,6,0.6666666666666666,4,3.521744559057992,-0.32235223678123365,-0.39099999999999996,2,0,Away
2723,8530,8.2,S8B,8,SCU,SCU,SBD,1,0,0,1,0,0,0,0,2,0,0,1,0,0,0,2,5,1.0,1,0.35572139303482586,-0.014270554214507174,-0.05929999999999999,2,1,Home
2723,10010,10.0,S10,2,SSS,SSS,SEO,2,0,0,1,0,0,0,3,3,1,1,0,0,1,0,3,11,2.6666666666666665,3,1.1532176826451614,-0.06875734450890622,-0.23409999999999997,5,2,Home
2723,10053,10.0,S10,11,SSS,SSS,KRK,2,0,0,0,0,0,0,0,0,0,0,0,0,0,0,2,2,0.0,2,2.0,-0.19223926270739836,-0.21660000000000001,0,0,Home
2723,11002,11.0,S11,1,OKT,OKT,SHH,0,1,1,0,2,0,0,1,4,0,0,0,0,1,0,2,9,1.6666666666666667,1,0.0613813523475738,0.03408849315734638,-0.0007000000000000001,2,0,Home
2723,11007,11.0,S11,2,OKT,OKT,LAX,0,0,0,0,1,0,0,1,0,0,1,0,0,0,0,0,3,0.6666666666666666,0,-0.3384615384615385,0.04591414236378497,0.023600000000000003,1,0,Away
2723,11032,11.0,S11,6,OKT,OKT,IDR,1,1,2,1,3,0,0,1,4,0,1,1,0,1,1,5,15,2.6666666666666665,6,4.651283058392249,-0.39674303757264856,-0.39470000000000005,6,3,Home
2723,11056,11.0,S11,10,OKT,OKT,WRM,1,0,1,1,1,0,0,3,2,1,2,1,0,1,0,3,13,3.0,1,-0.8004713275726631,0.13636441250621156,0.1561,6,3,Away
2723,12005,12.0,S12,1,SEF,SEF,SCR,0,0,1,2,1,0,0,2,1,0,1,0,0,0,0,3,8,1.3333333333333333,1,1.395716565829034,-0.10652445241517505,-0.1541,1,1,Away
2723,12020,12.0,S12,4,SEF,SEF,SDV,0,0,0,5,1,0,0,2,2,0,2,2,2,0,1,5,14,3.6666666666666665,3,-0.9044916332322144,0.15241267113771206,0.030800000000000022,7,4,Away
2723,12032,12.0,S12,7,SEF,SEF,MMN,0,0,2,1,3,0,0,0,3,1,0,4,0,0,0,3,15,3.0,1,-0.3874461786867598,0.10070812568316662,-0.13920000000000005,9,4,Away
2723,12066,12.0,S12,14,SEF,SEF,DDD,1,0,1,0,2,0,0,2,0,1,0,1,1,1,0,2,8,1.6666666666666667,3,2.514668627742103,-0.21428875808551595,-0.42989999999999995,2,1,Away
2727,8517,8.2,S8B,5,MOB,MOB,SCU,0,0,0,0,0,0,0,1,0,0,1,1,0,0,0,0,3,1.0,0,-0.6442786069651741,0.07720881174990266,0.0164,2,1,Home
2730,8530,8.2,S8B,8,SCU,SCU,SBD,0,0,0,0,0,0,0,1,1,0,1,0,0,0,0,0,3,1.0,0,-0.6442786069651741,0.07720881174990266,0.042300000000000004,2,0,Home
2730,9021,9.0,S9,6,BIR,BIR,FLB,0,1,0,1,0,0,0,1,0,0,0,0,0,1,0,2,3,0.3333333333333333,2,1.3390857392825897,-0.11919724640039381,-0.4362,0,0,Home
2730,10035,10.0,S10,7,GOB,GOB,ZAH,0,1,0,5,1,0,0,5,3,4,2,0,0,0,1,6,21,5.0,2,-1.4433443344334438,0.22970254366196258,0.0007000000000000062,10,3,Home
2730,10066,10.0,S10,14,GOB,GOB,BEE,0,0,1,1,2,0,0,0,0,0,1,1,0,0,0,2,6,0.6666666666666666,3,1.5494263712085492,-0.13166042524304994,-0.0416,2,2,Home
2730,11039,11.0,S11,7,OKT,OKT,HOT,1,1,1,0,0,0,0,5,2,3,0,4,0,0,0,3,17,4.666666666666667,1,-1.5490311599895261,0.22328838426552902,0.1438,8,6,Away
2730,11043,11.0,S11,8,OKT,OKT,POS,0,0,0,0,0,0,0,1,0,1,0,0,0,0,0,0,2,0.6666666666666666,0,-1.3125,0.13929532567842076,0.2623,1,1,Away
2730,12058,12.0,S12,12,KEG,KEG,SAL,0,0,1,1,4,0,0,1,6,0,3,5,3,0,0,2,21,6.0,0,-3.6749192680301395,0.4542408377433009,0.4627,14,7,Away
2730,12067,12.0,S12,14,KEG,KEG,SCR,0,2,0,0,0,0,0,2,0,1,0,1,0,0,0,2,6,1.3333333333333333,0,0.0227593569676543,0.02250946742903083,-0.05440000000000002,2,2,Home
2734,8024,8.1,S8A,4,SCU,SCU,MMM,1,0,0,2,5,0,0,5,2,0,2,1,0,0,0,3,18,3.3333333333333335,3,1.1289497716894978,-0.03634352057676814,-0.23040000000000008,5,2,Away
2734,8048,8.1,S8A,8,SCU,SCU,BLO,1,0,0,0,0,0,0,2,2,0,2,0,0,0,0,1,7,2.0,1,-0.3533333333333333,0.06510334423029288,0.03610000000000001,3,2,Away
2734,10003,10.0,S10,1,ACK,ACK,GRS,1,0,1,2,2,0,0,3,1,0,1,4,1,2,0,4,15,3.3333333333333335,2,-0.3580991480032456,0.10177618178743864,-0.10150000000000009,5,5,Away
2734,10031,10.0,S10,7,ACK,ACK,BEE,1,0,2,2,0,0,0,4,4,0,1,2,0,0,0,5,16,3.6666666666666665,2,-0.2489936493649365,0.08698526327730693,0.10009999999999998,4,3,Home
2734,10043,10.0,S10,9,ACK,ACK,SSS,0,0,1,6,4,0,0,8,2,3,0,2,0,0,1,7,26,5.333333333333333,5,0.4394153701084398,0.06082841643927843,0.013099999999999987,7,2,Away
2734,10069,10.0,S10,14,ACK,ACK,SEO,0,0,0,1,0,0,0,1,1,0,1,0,0,0,0,1,4,1.0,0,-0.6886688668866887,0.0843883612738722,0.065,2,1,Home
2735,9028,9.0,S9,7,KGB,KGB,NNL,0,0,0,0,1,0,0,0,1,0,1,0,0,0,0,0,3,0.6666666666666666,1,-0.019970763367807398,0.013030571982679592,-0.0007999999999999952,2,1,Home
2735,9038,9.0,S9,10,KGB,KGB,FLB,0,0,0,1,0,0,0,1,1,1,1,1,1,0,0,1,6,2.0,0,-1.1496062992125984,0.13702762121305756,0.3817,3,2,Away
2735,9043,9.0,S9,11,KGB,KGB,AND,0,0,0,3,0,0,0,2,1,1,1,1,0,1,0,3,9,2.0,1,0.7755905511811024,-0.04078073629844739,-0.03669999999999994,3,3,Away
2735,11015,11.0,S11,3,LOB,LOB,LAX,0,0,0,0,3,0,0,4,0,1,1,1,0,0,0,0,10,2.3333333333333335,0,-1.469527934018784,0.18717942179398217,0.05399999999999999,3,1,Home
2736,8001,8.1,S8A,1,GND,GND,MKW,0,1,1,1,1,0,0,8,4,2,1,2,1,0,0,3,21,6.0,1,-3.0599999999999996,0.3953100326908786,0.1544,7,3,Home
2736,8030,8.1,S8A,5,GND,GND,SCU,0,1,1,2,2,0,0,3,6,1,3,3,1,0,1,4,22,6.0,1,-3.0599999999999996,0.4038157500900099,0.2133,12,7,Home
2738,11026,11.0,S11,5,DOG,DOG,LAX,0,0,0,0,0,0,0,0,1,0,0,0,0,0,0,0,1,0.3333333333333333,0,-0.3088803088803089,0.03491069372724126,0.056299999999999996,1,0,Home
2738,12039,12.0,S12,8,SDV,SDV,WWC,0,0,0,0,1,0,0,1,2,0,0,0,0,0,0,0,4,1.0,0,-0.61248654467169,0.07777225655103318,0.0495,2,0,Home
2738,12041,12.0,S12,9,SDV,SDV,CCS,1,0,0,1,1,0,0,1,0,2,0,0,0,0,0,2,6,1.0,2,1.38751345532831,-0.11396594240703473,-0.19100000000000003,2,2,Away
2743,8012,8.1,S8A,2,PPM,PPM,MKW,0,0,0,0,1,0,0,1,0,1,0,0,0,0,0,0,3,0.6666666666666666,0,-0.8356164383561644,0.09632021993431338,0.21800000000000003,2,0,Away
2743,8017,8.1,S8A,3,PPM,PPM,NXS,1,0,0,0,1,0,0,2,2,0,0,1,0,0,0,1,7,1.6666666666666667,1,-0.01881720430107514,0.03165173132706703,-0.2624,3,1,Home
2743,8021,8.1,S8A,4,PPM,PPM,GND,1,0,1,2,1,0,0,1,2,0,0,0,0,0,0,4,8,1.0,3,4.1466666666666665,-0.3806437970701415,-0.6012,2,0,Home
2743,8512,8.2,S8B,3,CC,CC,TXR,1,0,0,0,0,0,0,1,1,0,0,1,0,0,0,1,4,1.0,1,0.35572139303482586,-0.018530871232302258,0.0376,2,1,Home
2743,8520,8.2,S8B,5,CC,CC,TXR,2,0,0,1,1,1,0,2,1,0,1,2,0,0,0,3,11,2.3333333333333335,4,2.8642180929545473,-0.23955832209970887,-0.3825,4,3,Away
2743,8524,8.2,S8B,6,CC,CC,NUT,0,1,1,2,1,0,0,2,2,0,2,2,1,0,0,4,13,3.0,2,0.06716417910447758,0.04866770332088832,-0.024999999999999998,6,4,Home
2743,8525,8.2,S8B,7,CC,CC,MOB,1,0,0,1,0,0,0,1,2,1,1,2,0,1,0,2,9,2.3333333333333335,1,0.19144278606965176,0.023458891570985647,-0.08679999999999999,5,3,Away
2744,10066,10.0,S10,14,BEE,BEE,GOB,0,0,0,1,0,0,0,1,2,0,0,0,0,0,0,1,4,1.0,0,-0.6886688668866887,0.08438836127387218,0.0,2,0,Away
2745,8035,8.1,S8A,6,SCU,SCU,LAC,0,0,2,1,0,0,0,2,0,0,1,0,0,0,0,3,6,1.0,1,0.6466666666666667,-0.03914951446927281,-0.0026999999999999993,1,0,Home
2745,8502,8.2,S8B,1,SCU,SCU,MOB,1,0,5,1,0,0,0,2,0,2,1,2,0,1,0,7,14,2.3333333333333335,7,5.143113546193085,-0.4504065993523823,-0.5679000000000001,5,2,Home
2760,8010,8.1,S8A,2,GND,GND,MMM,1,1,3,4,0,0,0,4,2,1,4,5,1,0,1,9,25,6.0,3,-1.0599999999999998,0.2165743261887068,0.1789,9,6,Away
2760,8031,8.1,S8A,6,GND,GND,BAG,1,0,0,0,2,0,0,0,0,0,0,1,0,0,0,1,4,0.3333333333333333,1,2.321428571428571,-0.21513142234459456,-0.16180000000000003,1,1,Home
2760,8039,8.1,S8A,7,GND,GND,CDT,2,1,1,1,3,0,0,4,6,1,1,5,1,0,0,5,25,6.0,4,-0.05999999999999983,0.11232146748914114,-0.405,8,5,Home
2760,10009,10.0,S10,2,ACK,ACK,KIR,0,1,2,0,1,1,0,1,2,0,0,3,0,0,0,3,11,2.6666666666666665,1,-0.6139151257722386,0.10407556768653296,0.1607,4,4,Away
2760,10069,10.0,S10,14,ACK,ACK,SEO,0,0,1,0,0,0,0,1,3,2,0,3,0,0,0,1,10,3.0,0,-2.0660066006600664,0.2454043465290149,0.3317,6,3,Home
2760,11015,11.0,S11,3,LAX,LAX,LOB,0,0,3,3,3,0,0,4,1,0,3,1,0,0,1,6,18,3.3333333333333335,5,3.0377081920227855,-0.22734022525728145,-0.5331,5,2,Away
2760,11019,11.0,S11,4,LAX,LAX,POS,0,1,3,3,0,0,0,1,0,3,2,2,1,0,0,7,15,3.0,2,0.6526269580888129,-0.004922753220725613,-0.03290000000000002,7,2,Home
2760,11091,11.0,S11,16,LAX,LAX,IDR,0,1,1,0,1,0,0,0,1,1,1,4,0,0,0,2,10,2.3333333333333335,1,-0.4620097891111245,0.08642760730321622,0.0421,6,4,Home
2760,12019,12.0,S12,4,SAL,SAL,WWC,0,0,0,0,1,0,0,1,1,0,0,1,0,0,0,0,4,1.0,0,-0.61248654467169,0.07777225655103318,0.1291,1,1,Home
2760,12028,12.0,S12,6,SAL,SAL,DDD,0,0,1,0,0,0,0,1,0,1,0,1,0,0,0,1,4,1.0,0,-0.61248654467169,0.07777225655103316,0.02,2,1,Home
2760,12047,12.0,S12,10,SAL,SAL,PQD,0,0,0,0,0,0,0,1,0,0,0,0,0,0,0,0,1,0.3333333333333333,0,0.3121225194132873,-0.027081351420362686,-0.20629999999999998,0,0,Away
2761,9002,9.0,S9,1,FLB,FLB,POS,3,1,0,2,0,0,0,1,1,0,4,3,0,0,0,6,15,3.0,5,3.2755905511811023,-0.2723915768886159,-0.32259999999999994,7,4,Away
2761,9027,9.0,S9,7,FLB,FLB,GOP,1,0,1,1,1,0,0,3,0,1,3,1,1,0,0,3,12,3.0,1,-0.7244094488188977,0.1165749274654852,0.056799999999999976,5,1,Home
2773,8026,8.1,S8A,5,PPM,PPM,CDT,1,0,1,0,1,0,0,0,2,2,0,0,0,0,0,2,7,1.3333333333333333,1,0.6906227106227107,-0.039292260165311545,-0.08350000000000002,3,1,Home
2773,10060,10.0,S10,12,CRN,CRN,ZAH,0,0,2,0,2,0,0,2,0,2,2,2,1,0,0,2,12,3.0,0,-2.0660066006600664,0.25316508382161657,0.3667,6,3,Home
2776,8011,8.1,S8A,2,SCU,SCU,NXS,2,0,0,0,1,0,0,0,3,0,0,2,0,1,0,2,8,1.6666666666666667,3,1.0120512820512821,-0.06292939990903738,-0.14289999999999997,3,2,Home
2776,8042,8.1,S8A,7,SCU,SCU,PPM,0,1,2,3,2,0,0,5,5,1,1,2,0,2,2,6,22,5.333333333333333,1,-3.7053375817401806,0.4811080843627249,-0.14200000000000002,8,3,Home
2776,8504,8.2,S8B,1,QQ,QQ,CC,1,0,0,2,1,0,0,1,0,1,0,1,0,0,0,3,7,1.0,4,3.355721393034826,-0.305749920178917,-0.6188,2,2,Away
2776,8508,8.2,S8B,2,QQ,QQ,TXR,0,0,0,0,2,0,0,4,2,2,2,1,0,0,2,0,13,4.333333333333333,0,-2.7431375938838625,0.3382185146553125,0.4847000000000001,8,4,Home
2776,8519,8.2,S8B,5,QQ,QQ,NUT,1,0,2,2,1,0,0,1,5,1,4,2,0,0,0,5,19,4.333333333333333,2,-0.8220423854752215,0.1631502618856287,-0.06309999999999999,12,6,Home
2776,8527,8.2,S8B,7,QQ,QQ,SBD,0,0,1,1,0,0,0,4,9,0,2,1,0,0,0,2,18,5.333333333333333,0,-3.3337567481740233,0.41006138113771384,0.45180000000000003,8,4,Away
2780,8009,8.1,S8A,2,BLO,BLO,CDT,0,0,3,2,2,0,0,3,1,2,0,3,0,0,0,5,16,3.0,4,1.9700000000000002,-0.1289542608069497,-0.2505,4,3,Home
2780,8507,8.2,S8B,2,CC,CC,NUT,1,0,1,0,1,0,0,0,4,1,2,7,1,0,0,2,17,5.0,1,-2.2213930348258706,0.29456469278510344,0.2857,11,7,Away
2780,8520,8.2,S8B,5,CC,CC,TXR,0,0,1,3,2,0,0,0,1,0,5,3,3,0,0,4,15,4.0,2,-0.5771144278606963,0.12161619805299587,0.1144,8,4,Away
2780,9001,9.0,S9,1,KGB,KGB,GOP,0,0,2,1,2,0,0,1,1,0,1,1,2,0,0,3,9,2.0,0,-1.1496062992125984,0.1480611168589564,0.2171,2,1,Home
2780,9028,9.0,S9,7,KGB,KGB,NNL,0,0,2,1,0,0,0,0,0,2,1,0,0,0,0,3,6,1.0,2,1.425196850393701,-0.12045269374757236,0.016399999999999998,3,0,Home
2780,9032,9.0,S9,8,KGB,KGB,FLB,1,0,1,0,2,0,0,0,2,0,0,2,0,0,2,2,8,2.0,1,-0.14960629921259852,0.051738948740922705,-0.22469999999999996,4,4,Home
2780,9038,9.0,S9,10,KGB,KGB,FLB,0,0,0,2,1,0,0,2,1,0,1,2,0,0,0,2,9,2.0,1,-0.14960629921259838,0.04806111685895641,-0.11869999999999997,3,2,Away
2780,9043,9.0,S9,11,KGB,KGB,AND,0,0,1,2,0,0,0,1,1,1,1,1,0,0,1,3,8,2.0,1,-0.14960629921259844,0.048061116858956414,-0.1187,4,1,Away
2780,9052,9.0,S9,13,KGB,KGB,GOP,0,0,0,1,1,0,0,0,0,0,2,0,1,0,0,1,4,1.0,0,-0.5748031496062992,0.07219164248849506,0.1063,1,0,Away
2780,10056,10.0,S10,12,SSS,SSS,GOB,1,1,0,1,1,0,0,2,1,2,2,0,1,0,0,3,11,2.6666666666666665,1,-0.7739140533168866,0.12007546044099777,-0.0005000000000000002,4,0,Home
2780,11039,11.0,S11,7,HOT,HOT,OKT,0,0,0,0,0,0,0,0,2,1,0,0,0,0,0,0,3,1.0,0,-0.6001571091908877,0.0720836994367199,0.010700000000000001,1,0,Home
2782,8019,8.1,S8A,4,BLO,BLO,NXS,3,0,0,2,2,0,0,2,1,0,0,0,0,1,0,5,10,1.0,5,4.323333333333333,-0.3855518876381112,-0.3386,1,0,Away
2782,11040,11.0,S11,7,WRM,WRM,POS,0,0,1,1,1,0,0,4,0,1,2,0,0,0,2,2,10,3.0,0,-1.8004713275726631,0.2283190868277908,0.24230000000000002,6,4,Away
2782,11093,11.0,S11,16,WRM,WRM,POS,0,0,1,4,0,0,0,6,0,1,0,4,1,0,0,5,16,4.0,2,-0.4006284367635509,0.10442544910372112,0.0944,5,4,Home
2785,8012,8.1,S8A,2,MKW,MKW,PPM,0,0,0,0,1,0,0,0,0,0,0,0,0,0,0,0,1,0.0,0,0.4771794871794869,-0.04346509001838304,-0.0291,0,0,Home
2785,8029,8.1,S8A,5,MKW,MKW,LAC,0,0,0,1,0,0,0,0,1,1,0,1,1,0,0,1,4,1.3333333333333333,0,-0.8383582089552238,0.10084725569378497,0.009399999999999999,3,1,Home
2785,8036,8.1,S8A,6,MKW,MKW,BLO,0,0,0,1,0,0,0,1,2,2,1,2,1,0,0,1,9,3.0,0,-2.03,0.24127572829609084,0.20689999999999997,7,4,Away
2785,8046,8.1,S8A,8,MKW,MKW,BIS,0,0,0,0,0,0,0,1,0,1,1,0,0,0,0,0,3,1.0,0,-0.6766666666666666,0.08042524276536361,0.048400000000000006,2,2,Away
2785,8515,8.2,S8B,4,SBD,SBD,CC,2,1,2,1,1,0,0,1,3,1,0,1,0,0,1,6,13,2.3333333333333335,6,4.466514828455127,-0.3870070445963816,-0.3089,4,2,Away
2785,8518,8.2,S8B,5,SBD,SBD,ESP,0,0,0,0,1,0,0,0,0,1,1,1,0,0,0,0,4,1.0,0,-0.6442786069651741,0.08146912876769774,0.0013000000000000002,3,3,Home
2785,10002,10.0,S10,1,CRN,CRN,KRK,1,0,3,2,1,0,0,6,4,1,1,5,0,0,1,6,24,6.0,2,-2.1320132013201327,0.3102105362895339,0.26560000000000006,12,7,Home
2785,10027,10.0,S10,6,CRN,CRN,BEE,0,1,3,5,0,0,0,5,2,2,0,3,1,0,0,9,21,4.333333333333333,4,1.694586700049315,-0.08797092843261411,-0.342,8,4,Away
2785,10044,10.0,S10,9,CRN,CRN,SEO,0,2,2,0,0,0,0,4,6,2,0,0,0,0,0,4,16,4.0,2,-0.20003227489514208,0.08208912583032743,-0.044199999999999996,6,2,Home
2785,10067,10.0,S10,14,CRN,CRN,KIR,0,0,2,2,2,0,0,1,1,1,1,1,0,0,0,4,11,1.6666666666666667,3,2.7476622662266226,-0.23208217151335314,-0.258,4,2,Home
2786,8502,8.2,S8B,1,MOB,MOB,SCU,0,0,0,0,0,0,0,0,2,1,0,0,0,0,0,0,3,1.0,0,-1.2465753424657535,0.13743848529996058,0.034300000000000004,1,0,Away
2792,8024,8.1,S8A,4,SCU,SCU,MMM,2,0,0,1,0,0,0,1,3,1,1,2,0,0,0,3,11,2.6666666666666665,3,0.8110502283105022,-0.034323577135828134,0.10220000000000003,5,3,Away
2792,8048,8.1,S8A,8,SCU,SCU,BLO,0,0,0,1,0,0,0,2,1,0,0,2,1,0,0,1,6,2.0,0,-1.3533333333333333,0.16085048553072723,0.1155,3,2,Away
2792,8502,8.2,S8B,1,SCU,SCU,MOB,1,0,0,0,0,0,0,3,3,1,3,1,0,0,0,1,12,3.6666666666666665,1,-1.0087851879841299,0.152002323011954,0.11190000000000003,8,3,Home
2792,8522,8.2,S8B,6,SCU,SCU,ESP,1,0,0,2,2,0,0,4,7,1,2,4,0,0,0,3,23,6.0,1,-2.865671641791045,0.38455445558839135,0.19299999999999998,13,6,Away
2792,8530,8.2,S8B,8,SCU,SCU,SBD,0,0,0,0,1,0,0,1,1,1,0,0,0,0,0,0,4,1.0,0,-0.6442786069651741,0.08146912876769774,0.0483,2,0,Home
2792,9015,9.0,S9,4,FLB,FLB,NNL,0,0,0,0,0,0,0,2,2,0,2,0,0,0,0,0,6,2.0,0,-1.1496062992125984,0.13702762121305756,0.1111,4,1,Home
2792,9021,9.0,S9,6,FLB,FLB,BIR,0,0,1,2,0,0,0,0,1,0,0,0,0,0,0,3,4,0.3333333333333333,1,1.675196850393701,-0.15280835751150496,-0.6003,1,0,Away
2792,9038,9.0,S9,10,FLB,FLB,KGB,2,0,1,1,0,0,0,1,5,2,1,3,0,0,0,4,16,4.0,2,-0.29921259842519693,0.08876656995398025,-0.2374,11,6,Home
2792,9054,9.0,S9,14,FLB,FLB,GOP,1,0,0,0,0,0,0,0,0,2,0,0,0,0,1,1,3,1.0,1,0.1490683229813663,-0.00019550477027149848,-0.1586,2,1,Away
2792,10032,10.0,S10,7,GRS,GRS,SEO,0,0,0,0,0,0,0,1,0,0,1,1,0,0,0,0,3,1.0,0,-0.6886688668866887,0.08050799262757136,0.10139999999999999,2,1,Away
2792,10052,10.0,S10,11,GRS,GRS,ZAH,1,0,1,3,1,0,0,0,2,0,1,0,0,0,0,5,9,1.0,2,2.2171068498080837,-0.18678736716410094,-0.6220999999999999,2,0,Away
2792,10059,10.0,S10,12,GRS,GRS,SEO,1,0,0,0,2,0,0,2,2,1,2,1,1,0,0,1,11,3.0,1,-1.0660066006600661,0.14928471517531572,-0.1619,4,3,Home
2792,10070,10.0,S10,14,GRS,GRS,SSS,0,0,2,0,0,0,0,1,2,2,0,1,0,0,0,2,8,2.0,0,-1.3773377337733774,0.16877672254774434,0.1356,3,1,Home
2792,11004,11.0,S11,1,ROY,ROY,WRM,1,2,0,1,0,0,0,1,3,0,1,0,1,0,0,4,9,2.0,3,1.3465874959567485,-0.09845478404278146,-0.19270000000000004,3,0,Home
2792,11033,11.0,S11,6,ROY,ROY,LOB,0,0,2,2,0,0,0,3,5,0,5,4,1,1,0,4,21,6.0,2,-1.6009426551453263,0.2485928479771609,0.17969999999999997,10,8,Home
2792,11072,11.0,S11,12,ROY,ROY,SHH,1,1,2,2,2,0,0,2,1,3,3,5,1,0,0,6,22,5.0,2,-0.29325034745301837,0.11782361720793014,-0.0076000000000000095,12,5,Away
2792,12007,12.0,S12,2,PQD,PQD,KEG,2,0,0,2,1,0,0,3,2,2,2,3,0,1,1,4,17,4.333333333333333,4,-0.009801144411081375,0.07946722433946293,-0.15400000000000003,9,6,Home
2792,12040,12.0,S12,8,PQD,PQD,SCR,1,1,0,0,0,0,0,2,4,1,0,1,0,0,0,2,10,2.6666666666666665,2,-1.6499730893433797,0.20630631414399836,0.05510000000000001,4,1,Away
2792,12068,12.0,S12,14,PQD,PQD,MMN,0,0,1,2,0,0,0,6,3,3,3,0,0,0,0,3,18,5.0,0,-3.06243272335845,0.38059948171323377,0.29810000000000003,7,4,Home
2794,8039,8.1,S8A,7,CDT,CDT,GND,1,1,2,0,4,0,0,0,6,2,0,2,1,0,0,4,18,3.6666666666666665,2,-0.32030303030303037,0.10858175962248465,-0.1672,6,3,Away
2795,8012,8.1,S8A,2,MKW,MKW,PPM,1,0,0,0,1,0,0,1,3,1,0,1,0,0,0,1,8,2.0,1,-0.3533333333333333,0.0693562029298585,-0.11889999999999996,3,1,Home
2795,8018,8.1,S8A,3,MKW,MKW,SCU,1,0,2,1,2,0,0,2,1,0,0,0,0,0,0,4,9,1.0,4,3.3233333333333333,-0.29405760503724254,-0.0029,1,0,Home
2795,8046,8.1,S8A,8,MKW,MKW,BIS,2,0,3,1,1,0,0,3,3,2,0,0,0,0,0,6,15,2.6666666666666665,4,2.131691542288557,-0.14937627373537102,-0.29710000000000003,5,0,Away
2795,8529,8.2,S8B,8,MOB,MOB,ESP,0,0,0,1,1,0,0,0,0,0,1,1,1,0,0,1,4,1.0,0,-0.6442786069651741,0.08146912876769774,0.021099999999999997,2,2,Away
2795,10012,10.0,S10,3,CRN,CRN,GRS,0,1,1,0,0,0,0,1,1,1,2,0,0,0,0,2,7,1.6666666666666667,1,-0.15811345046814995,0.04297392557092079,-0.2284,3,1,Away
2795,10034,10.0,S10,7,CRN,CRN,SSS,1,1,1,2,4,0,0,7,2,1,1,4,2,0,1,5,24,6.0,2,-2.1320132013201323,0.31021053628953393,0.2743999999999999,12,6,Home
2795,11017,11.0,S11,3,SHH,SHH,ARA,0,1,0,1,0,0,0,1,2,0,0,0,0,0,0,2,5,1.0,1,0.39984289080911234,-0.019870974884859352,-0.273,2,0,Home
2804,8518,8.2,S8B,5,SBD,SBD,ESP,2,0,0,2,0,0,0,1,1,0,3,1,0,0,0,4,10,2.0,4,2.711442786069652,-0.22854110842901434,-0.004800000000000002,4,2,Home
2804,10031,10.0,S10,7,ACK,ACK,BEE,0,0,0,0,1,0,1,0,2,1,1,2,1,0,0,0,7,2.3333333333333335,0,-1.8830195519551958,0.21546453571962537,0.12060000000000001,4,2,Home
2804,10054,10.0,S10,11,ACK,ACK,GOB,0,0,1,0,0,0,0,2,1,0,0,0,0,0,0,1,4,1.0,0,-0.6886688668866887,0.08438836127387217,0.0182,0,0,Away
2804,11007,11.0,S11,2,LAX,LAX,OKT,3,0,1,1,1,0,0,0,0,1,2,3,0,0,0,5,12,2.0,6,4.799685781618225,-0.43169662409129794,-0.2641,5,3,Home
2804,11045,11.0,S11,8,LAX,LAX,WRM,2,0,3,3,2,0,0,3,5,0,2,4,0,0,1,8,24,5.0,6,2.9992144540455614,-0.19935487442429675,-0.23879999999999998,8,4,Away
2804,11071,11.0,S11,12,LAX,LAX,PRP,0,0,1,4,1,0,0,2,4,2,2,4,0,2,1,5,20,5.0,2,-1.0007855459544386,0.18857713705807216,-0.033400000000000006,7,5,Away
2804,11080,11.0,S11,14,LAX,LAX,POS,1,0,0,2,0,0,0,2,0,0,1,4,0,0,0,3,10,2.3333333333333335,1,-0.46200978911112467,0.08642760730321622,0.058199999999999995,5,4,Away
2804,11091,11.0,S11,16,LAX,LAX,IDR,2,0,1,1,2,0,0,0,3,0,1,1,1,2,0,4,11,2.0,3,1.7996857816182246,-0.12767396125208758,-0.47019999999999995,3,1,Home
2805,8021,8.1,S8A,4,GND,GND,PPM,2,0,3,3,2,0,0,1,3,0,1,1,0,0,1,8,16,2.3333333333333335,6,4.3678723404255315,-0.3644886361499372,-0.5399,4,2,Away
2805,9044,9.0,S9,11,FLB,FLB,NNL,0,0,1,0,1,0,0,4,1,1,1,1,0,0,0,1,10,2.6666666666666665,0,-1.4457055899927402,0.18134887781893685,0.11149999999999999,4,3,Away
2824,9036,9.0,S9,9,ARR,ARR,NNL,1,2,1,3,3,0,0,8,2,1,3,2,2,0,0,7,26,6.0,3,-0.44881889763779526,0.14050551869490296,-0.0508,7,4,Home
2824,9046,9.0,S9,12,ARR,ARR,KGB,2,1,2,1,2,0,0,2,5,0,3,3,0,0,1,6,21,4.666666666666667,5,2.2691254050500147,-0.14600023910174323,-0.09290000000000004,12,7,Away
2825,11025,11.0,S11,5,IDR,IDR,SHH,0,0,0,2,1,0,0,2,1,1,1,4,2,1,0,2,12,3.6666666666666665,0,-2.1389328660342017,0.2661879035131551,0.3206,7,6,Home
2825,11044,11.0,S11,8,IDR,IDR,ROY,0,0,2,5,1,0,0,0,3,1,2,3,0,0,0,7,17,3.0,5,3.199528672427337,-0.2515675989761573,-0.38019999999999987,8,5,Away
2825,11085,11.0,S11,15,IDR,IDR,OKT,0,0,4,4,2,0,0,1,2,0,1,2,0,0,1,8,16,2.3333333333333335,5,1.9171757312508664,-0.12333230485851021,-0.21929999999999997,6,4,Home
2825,12040,12.0,S12,8,SCR,SCR,PQD,1,0,0,7,3,0,0,5,4,2,2,4,0,3,1,8,28,6.0,3,-0.6749192680301397,0.19968074347392736,-0.2399,12,9,Home
2825,12054,12.0,S12,11,SCR,SCR,SAL,2,0,0,1,0,0,0,1,3,1,1,1,0,1,0,3,10,2.3333333333333335,3,1.4102728122959647,-0.09558737549896996,-0.10639999999999998,5,3,Away
2826,11006,11.0,S11,1,LOB,LOB,HOT,0,0,1,0,1,0,0,2,5,0,2,1,0,1,2,1,12,4.0,0,-3.1081636352649706,0.36713364327544235,0.0492,6,2,Away
2826,11023,11.0,S11,4,LOB,LOB,DOG,1,0,0,1,0,0,0,0,3,0,0,0,0,1,0,2,5,1.0,1,1.4833333333333334,-0.12419735629807108,-0.1861,2,0,Home
2826,11048,11.0,S11,8,LOB,LOB,SHH,1,0,1,0,1,0,0,0,2,0,0,0,0,1,0,2,5,0.6666666666666666,2,2.4767659677321894,-0.22354061973795666,-0.3813,0,0,Home
2826,11083,11.0,S11,14,LOB,LOB,IDR,1,1,0,0,3,0,0,1,1,1,1,1,1,1,0,2,10,2.0,2,0.34658749595674854,0.009590541635639285,-0.11939999999999996,4,3,Home
2827,10014,10.0,S10,3,GOB,GOB,KRK,1,0,1,2,1,0,0,2,0,2,0,1,0,0,0,4,10,1.6666666666666667,2,1.7476622662266226,-0.13596254015965398,-0.042199999999999994,3,2,Home
2827,11014,11.0,S11,3,WRM,WRM,OKT,0,0,0,2,1,0,0,1,0,0,2,0,0,0,0,2,6,1.0,1,0.5011803051414032,-0.025982053478878067,-0.0537,2,2,Away
2827,11020,11.0,S11,4,WRM,WRM,IDR,0,0,0,1,0,0,0,1,2,0,1,2,0,1,0,1,7,2.0,0,-0.45015710919088786,0.0771970136327718,-0.024600000000000004,4,3,Home
2827,11029,11.0,S11,5,WRM,WRM,PRP,0,0,0,0,1,0,0,0,0,2,0,0,0,0,0,0,3,0.6666666666666666,0,-0.972972972972973,0.10936528581492841,0.0695,2,0,Away
2827,11052,11.0,S11,9,WRM,WRM,LOB,0,0,0,0,0,0,0,3,0,0,0,0,0,0,0,0,3,1.0,0,-0.6001571091908877,0.0720836994367199,0.08360000000000001,0,0,Home
2827,11093,11.0,S11,16,WRM,WRM,POS,0,0,2,0,2,0,0,1,0,1,1,0,0,0,0,2,7,1.0,2,1.4871857816182246,-0.12055993828734982,-0.2771,2,1,Home
2827,12014,12.0,S12,3,SAL,SAL,SDV,0,0,1,1,1,0,0,1,1,1,0,0,0,0,0,2,6,1.0,2,1.3875134553283102,-0.11396594240703474,-0.345,1,0,Away
2829,9001,9.0,S9,1,GOP,GOP,KGB,0,0,2,2,0,0,0,3,6,1,1,1,0,1,0,4,16,4.0,1,-1.2992125984251968,0.19244440183594652,0.21350000000000002,7,3,Away
2829,9007,9.0,S9,2,GOP,GOP,NNL,0,0,0,0,1,0,0,0,1,0,0,1,0,0,0,0,3,0.6666666666666666,0,-0.9473684210526316,0.10577033775116201,0.0678,2,1,Home
2829,9014,9.0,S9,4,GOP,GOP,ARR,0,0,0,1,1,0,0,1,4,0,0,1,0,0,0,1,8,2.0,0,-1.1496062992125984,0.1443832849769901,0.21239999999999998,3,1,Home
2829,9018,9.0,S9,5,GOP,GOP,BIR,0,0,0,2,0,0,0,0,1,0,1,1,1,0,0,2,5,1.3333333333333333,0,-0.7179443026878101,0.09018358967861245,0.010100000000000001,3,2,Away
2829,9031,9.0,S9,8,GOP,GOP,POS,2,0,0,0,3,0,0,3,6,0,1,0,1,0,1,2,15,4.0,3,0.7007874015748032,-0.011233430046019767,-0.1338,6,2,Home
2829,9039,9.0,S9,10,GOP,GOP,AND,0,0,1,1,0,0,0,0,5,1,0,2,0,0,1,2,10,3.0,0,-1.7244094488188977,0.21289709558351888,0.2821,7,3,Home
2829,9052,9.0,S9,13,GOP,GOP,KGB,1,0,0,1,1,0,0,0,8,1,1,0,0,0,0,2,13,3.3333333333333335,3,0.996886692354945,-0.05187685476993283,-0.17219999999999996,10,2,Home
2829,10001,10.0,S10,1,KIR,KIR,GOB,0,0,0,0,0,0,0,0,0,1,0,2,0,0,0,0,3,1.0,0,-0.6886688668866887,0.08050799262757136,0.0015,2,1,Away
2829,10009,10.0,S10,2,KIR,KIR,ACK,2,0,1,4,1,0,0,4,3,4,4,5,1,1,1,7,28,7.333333333333333,2,-1.7027742667883812,0.28668848606786296,0.6154,13,5,Home
2829,10013,10.0,S10,3,KIR,KIR,ZAH,1,0,3,0,0,0,0,1,0,1,0,0,0,0,0,4,6,0.6666666666666666,4,3.530555416418539,-0.32977332976404894,-0.017599999999999998,0,0,Away
2829,10023,10.0,S10,5,KIR,KIR,BEE,2,0,0,0,4,0,0,4,1,2,0,4,0,1,0,2,17,3.6666666666666665,2,-1.0172261128551883,0.17156924691893372,0.014300000000000007,6,4,Away
2829,10028,10.0,S10,6,KIR,KIR,SEO,1,0,0,0,0,0,0,1,0,0,1,1,0,0,0,1,4,1.0,1,0.3113311331133113,-0.015611638726127815,-0.012899999999999997,2,1,Away
2829,10038,10.0,S10,8,KIR,KIR,SSS,1,0,1,0,1,0,0,1,2,2,1,3,0,0,0,2,12,3.0,1,-1.0660066006600661,0.15316508382161653,0.323,4,3,Away
2829,10045,10.0,S10,9,KIR,KIR,ZAH,0,0,1,0,1,0,0,1,0,0,1,0,1,0,0,1,4,1.0,0,-0.4591836734693877,0.06143984193214207,-0.0071,1,0,Home
2829,10047,10.0,S10,10,KIR,KIR,GOB,1,0,0,0,1,0,0,2,1,0,0,3,0,0,1,1,8,2.3333333333333335,1,-0.596562017078605,0.09457951952456796,0.0008999999999999999,5,4,Home
2829,10055,10.0,S10,11,KIR,KIR,SEO,1,0,0,3,1,0,0,3,3,3,2,5,2,0,0,4,21,6.0,1,-3.1320132013201323,0.39468906170433066,0.23279999999999998,10,7,Home
2829,10062,10.0,S10,13,KIR,KIR,GRS,1,0,1,0,2,0,0,0,0,1,0,2,0,0,0,2,7,1.0,3,2.3113311331133115,-0.20397053278722535,-0.2702,3,2,Home
2833,10032,10.0,S10,7,GRS,GRS,SEO,0,0,0,0,0,0,0,0,0,0,0,1,0,0,0,0,1,0.3333333333333333,0,-0.2920925473431795,0.033089623380618785,0.047599999999999996,1,1,Away
2833,10059,10.0,S10,12,GRS,GRS,SEO,0,0,1,0,0,0,0,0,0,0,0,0,0,0,0,1,1,0.0,1,0.6105158790380509,-0.05717121925750427,-0.04650000000000001,0,0,Home
2834,12069,12.0,S12,14,CCS,CCS,SDV,1,0,0,0,0,0,0,1,2,1,0,0,0,0,0,1,5,1.3333333333333333,1,0.02275935696765441,0.01837856690806478,-9.999999999999984e-05,1,1,Away
2835,10030,10.0,S10,6,ZAH,ZAH,GRS,0,0,2,1,0,0,0,1,0,0,0,0,0,0,0,3,4,0.3333333333333333,1,1.995073891625616,-0.1839859145773583,-0.1031,0,0,Away
2840,9008,9.0,S9,2,FLB,FLB,ARR,0,0,0,0,3,0,0,1,4,1,0,0,0,0,0,0,9,2.0,0,-1.1496062992125984,0.1480611168589564,0.059399999999999994,2,1,Home
2840,9015,9.0,S9,4,FLB,FLB,NNL,2,0,0,2,1,0,0,2,3,1,3,1,2,0,0,4,15,4.0,3,0.7007874015748031,-0.014911261927986051,-0.17889999999999998,6,4,Home
2840,9021,9.0,S9,6,FLB,FLB,BIR,0,0,0,0,0,0,0,0,0,1,0,0,0,0,0,0,1,0.3333333333333333,0,-0.2787038588261574,0.031548217764582026,0.0274,1,1,Away
2840,9027,9.0,S9,7,FLB,FLB,GOP,0,1,0,0,2,0,0,3,5,1,0,0,0,1,0,1,12,3.0,0,-1.7244094488188977,0.22025275934745145,0.17609999999999998,5,1,Home
2840,9038,9.0,S9,10,FLB,FLB,KGB,2,0,0,0,0,0,0,4,6,0,0,2,0,0,0,2,14,4.0,2,-0.29921259842519676,0.08141090619004768,0.03509999999999999,3,2,Home
2840,9054,9.0,S9,14,FLB,FLB,GOP,2,0,1,0,4,0,0,2,9,2,1,3,0,0,1,3,24,6.0,2,-1.1726903702254607,0.20921483407170322,0.15209999999999999,14,6,Away
2840,10005,10.0,S10,1,ZAH,ZAH,SEO,3,0,0,0,0,0,0,1,3,1,1,0,0,0,0,3,9,2.0,3,1.6226622662266226,-0.1273429088059548,-0.6128,4,2,Away
2840,10013,10.0,S10,3,ZAH,ZAH,KIR,2,0,0,4,1,0,0,2,6,0,0,0,0,1,2,6,15,3.3333333333333335,4,1.6419008519967546,-0.09434344956626055,-0.2928,6,2,Home
2840,10035,10.0,S10,7,ZAH,ZAH,GOB,0,0,1,1,4,0,0,4,7,2,0,1,0,0,0,2,20,4.666666666666667,1,-1.9376625162516254,0.2713736245511791,0.20199999999999993,6,4,Away
2840,10039,10.0,S10,8,ZAH,ZAH,ACK,2,0,0,0,1,0,0,0,1,0,0,0,0,0,0,2,4,0.3333333333333333,3,3.2121320847236676,-0.3056917338871634,-0.0988,0,0,Home
2840,10050,10.0,S10,10,ZAH,ZAH,BEE,1,0,1,1,2,0,0,5,7,0,1,0,0,0,0,3,18,4.333333333333333,2,-0.8346486822595304,0.15331150385936795,-0.07030000000000002,4,1,Away
2840,10063,10.0,S10,13,ZAH,ZAH,GOB,4,0,1,1,4,0,0,4,4,2,0,1,1,0,2,6,21,4.666666666666667,5,1.775879948871784,-0.08833951602225935,-0.2519,5,3,Home
2840,11086,11.0,S11,15,LAX,LAX,ARA,1,0,0,1,3,0,0,2,6,1,0,0,0,0,0,2,14,3.0,1,-0.8004713275726631,0.1363644125062116,0.0591,4,1,Home
2840,11091,11.0,S11,16,LAX,LAX,IDR,0,0,0,2,1,0,0,0,2,0,0,0,0,0,1,2,5,1.0,0,-0.6001571091908877,0.08415168795435103,0.0776,2,0,Home
2844,11029,11.0,S11,5,WRM,WRM,PRP,0,0,0,0,0,0,0,2,3,0,2,2,0,0,0,0,9,3.0,0,-1.8004713275726631,0.2162510983101597,0.4255,7,3,Away
2844,11034,11.0,S11,6,WRM,WRM,ARA,0,0,0,4,1,0,0,2,5,4,4,2,1,0,0,4,22,6.0,0,-3.6009426551453263,0.4485928479771609,0.6318,14,6,Home
2844,11056,11.0,S11,10,WRM,WRM,OKT,1,0,2,1,3,0,0,1,1,2,1,3,0,0,1,4,15,3.0,3,0.11603822990311574,0.05275878243705445,-0.03730000000000004,8,4,Home
2844,11084,11.0,S11,14,WRM,WRM,SHH,1,0,1,2,2,0,0,2,1,3,0,0,0,0,0,4,12,2.0,5,2.0395286724273367,-0.15568091317220917,-0.32119999999999993,4,1,Away
2847,10001,10.0,S10,1,GOB,GOB,KIR,1,0,0,0,0,0,0,2,2,0,4,1,0,0,0,1,10,3.0,1,-1.0660066006600661,0.1454043465290149,0.0027999999999999995,5,3,Home
2847,10022,10.0,S10,5,GOB,GOB,CRN,0,0,0,0,1,0,0,0,1,0,1,1,0,0,2,0,4,1.6666666666666667,0,-1.2973645190606018,0.15301866378386514,0.37679999999999997,4,2,Away
2847,10035,10.0,S10,7,GOB,GOB,ZAH,0,0,0,0,0,0,0,2,0,0,1,0,0,0,0,0,3,1.0,0,-0.6886688668866887,0.08050799262757136,0.0483,1,1,Home
2847,10047,10.0,S10,10,GOB,GOB,KIR,0,1,0,3,1,0,0,4,6,2,2,4,0,0,0,4,23,6.0,1,-3.1320132013201323,0.4024497989969323,0.2077999999999999,8,4,Away
2847,10063,10.0,S10,13,GOB,GOB,ZAH,1,0,0,0,0,0,0,1,2,0,0,0,0,0,0,1,4,1.0,1,0.3113311331133113,-0.015611638726127815,0.0211,0,0,Away
2847,10066,10.0,S10,14,GOB,GOB,BEE,1,0,1,3,0,0,0,1,0,0,0,0,0,1,1,5,6,0.6666666666666666,4,4.469812214561583,-0.41593827228575164,-0.0281,1,0,Home
2847,11003,11.0,S11,1,PRP,PRP,POS,0,1,1,1,2,0,0,2,2,2,5,2,1,0,1,3,18,5.0,1,-2.0007855459544386,0.276509148540441,0.32760000000000006,10,4,Home
2847,11024,11.0,S11,4,PRP,PRP,SHH,1,0,1,2,0,0,0,2,0,2,1,6,0,0,1,4,15,4.0,3,0.599371563236449,0.004425449103721123,-0.10959999999999996,10,6,Away
2847,11054,11.0,S11,9,PRP,PRP,HOT,1,1,1,4,1,0,0,2,1,0,2,2,2,1,0,7,15,3.0,3,1.1995286724273369,-0.05559026181536763,-0.12929999999999997,3,2,Away
2847,11071,11.0,S11,12,PRP,PRP,LAX,0,0,0,0,2,0,0,1,0,0,1,0,1,0,0,0,4,1.0,0,-0.6001571091908877,0.07610636227593028,0.1786,1,0,Home
2847,12029,12.0,S12,6,CCS,CCS,SCR,2,0,1,1,0,0,0,1,1,1,1,1,0,0,0,4,9,1.6666666666666667,4,2.9646820830704135,-0.2592901036183469,-0.3859,2,2,Away
2849,9006,9.0,S9,2,POS,POS,AND,0,0,1,0,0,0,0,0,2,3,1,0,0,0,0,1,7,2.0,0,-1.1496062992125984,0.14070545309502383,0.1387,6,1,Home
2849,9010,9.0,S9,3,POS,POS,ARR,0,0,0,1,0,0,0,3,1,2,2,1,0,0,0,1,10,3.0,0,-1.7244094488188977,0.2092192637015526,0.2168,6,3,Away
2849,9016,9.0,S9,4,POS,POS,KGB,0,0,0,0,0,0,0,0,0,1,0,1,0,0,0,0,2,0.6666666666666666,0,-0.2960992907801418,0.03696559284194675,0.007,2,1,Home
2849,9024,9.0,S9,6,POS,POS,AND,0,0,1,1,0,0,0,3,2,1,0,0,0,1,0,2,8,2.0,0,-1.1496062992125984,0.1480611168589564,0.20800000000000002,2,0,Away
2849,9031,9.0,S9,8,POS,POS,GOP,1,0,0,2,0,0,0,2,3,0,0,0,0,0,1,3,8,2.0,2,0.8503937007874015,-0.0519388831410436,-0.129,4,0,Away
2849,9040,9.0,S9,10,POS,POS,ARR,0,0,0,0,0,0,0,0,1,1,1,0,0,0,0,0,3,1.0,0,-0.5748031496062992,0.06851381060652878,0.0047,3,0,Home
2849,9042,9.0,S9,11,POS,POS,BIR,0,0,0,1,1,0,0,2,0,0,2,1,1,1,0,1,7,2.0,0,-1.1496062992125984,0.14438328497699013,0.09340000000000001,3,1,Away
2849,9048,9.0,S9,12,POS,POS,NNL,0,0,1,1,2,0,0,1,0,0,2,1,1,0,0,2,8,1.6666666666666667,0,-1.522171570658931,0.1816398121216234,0.12399999999999997,3,3,Home
2849,9055,9.0,S9,14,POS,POS,KGB,0,0,1,2,0,0,0,4,3,1,6,3,1,0,0,3,20,6.0,0,-3.4488188976377954,0.4184385274031052,0.43759999999999993,13,4,Away
2849,10001,10.0,S10,1,KIR,KIR,GOB,0,1,2,2,0,0,0,3,2,1,3,2,1,0,0,5,16,4.0,2,-0.7546754675467547,0.13755344509548872,0.1187,7,5,Away
2849,10013,10.0,S10,3,KIR,KIR,ZAH,1,0,0,1,1,0,0,4,4,3,1,2,1,1,0,2,17,5.0,1,-2.4433443344334433,0.31418106907675925,0.14040000000000002,9,3,Away
2849,10028,10.0,S10,6,KIR,KIR,SEO,1,0,1,3,5,0,0,4,1,2,3,1,1,2,0,5,21,4.0,4,1.2453245324532451,-0.03528397438040545,-0.2861000000000001,7,4,Away
2849,10045,10.0,S10,9,KIR,KIR,ZAH,1,0,0,4,1,0,0,3,1,1,1,1,0,1,0,5,13,2.3333333333333335,2,0.5426890515138469,5.6255896826864354e-05,-0.11489999999999997,4,2,Home
2849,10057,10.0,S10,12,KIR,KIR,KRK,2,0,0,0,0,0,0,1,1,0,1,0,0,0,0,2,5,1.0,2,1.3113311331133113,-0.111731270079827,-0.1981,2,0,Away
2849,10067,10.0,S10,14,KIR,KIR,CRN,1,0,1,2,1,0,0,4,3,3,5,3,0,0,0,4,23,6.0,2,-2.1320132013201323,0.30244979899693225,0.24779999999999996,13,9,Away
2849,11004,11.0,S11,1,ROY,ROY,WRM,0,2,1,1,0,0,0,1,1,0,2,3,0,1,0,4,11,2.3333333333333335,3,1.6255999310617857,-0.11428803903565404,-0.1516,6,4,Home
2849,11010,11.0,S11,2,ROY,ROY,ARA,0,0,0,1,0,0,0,1,3,1,0,1,0,0,0,1,7,2.0,0,-1.2003142183817754,0.14819006171265017,0.05550000000000001,5,2,Away
2849,11016,11.0,S11,3,ROY,ROY,POS,0,0,0,5,2,0,0,3,3,2,5,1,0,3,0,5,21,4.666666666666667,3,-0.6313976675327817,0.1596836748943272,-0.2002000000000001,12,7,Home
2849,11022,11.0,S11,4,ROY,ROY,HOT,0,0,0,1,0,0,0,1,0,0,2,1,1,1,0,1,5,1.6666666666666667,0,-0.8309263399601186,0.10722861103127412,0.3654,3,2,Away
2849,11038,11.0,S11,7,ROY,ROY,LAX,0,1,0,1,2,0,0,3,7,4,2,2,0,0,0,2,22,6.0,1,-2.6009426551453263,0.3485928479771609,0.47489999999999993,14,4,Away
2849,11055,11.0,S11,10,ROY,ROY,LAX,1,0,0,2,1,0,0,2,2,0,1,3,1,0,0,3,12,3.0,1,-0.8004713275726631,0.12831908682779083,-0.0372,5,4,Home
2849,11064,11.0,S11,11,ROY,ROY,POS,0,0,0,0,0,0,0,1,0,0,0,0,0,0,0,0,1,0.3333333333333333,0,-0.1618204804045512,0.020204710879665494,0.0004,0,0,Away
2849,11072,11.0,S11,12,ROY,ROY,SHH,0,1,0,1,2,0,0,1,0,1,0,1,1,0,0,2,7,1.3333333333333333,2,1.0651235560897776,-0.07835371573450511,-0.4909,2,1,Away
2849,11092,11.0,S11,16,ROY,ROY,OKT,0,0,0,0,0,0,0,0,2,0,2,0,0,0,0,0,4,1.3333333333333333,0,-0.7619775895954389,0.09228841031638539,0.0077,3,2,Home
2849,12004,12.0,S12,1,CCS,CCS,SAL,0,0,0,1,0,0,0,1,1,1,0,2,1,0,0,1,6,2.0,0,-1.5157123511233026,0.17635663823812653,0.0389,4,2,Away
2849,12021,12.0,S12,5,CCS,CCS,SEF,0,0,0,0,0,0,0,1,0,0,0,0,0,0,0,0,1,0.3333333333333333,0,-0.1896551724137931,0.023096417762345355,0.0513,0,0,Home
2849,12029,12.0,S12,6,CCS,CCS,SCR,1,0,1,1,0,0,0,3,3,1,3,0,0,0,0,3,13,3.3333333333333335,2,-0.027114806428862992,0.056413187415444856,-0.08420000000000002,4,3,Away
2849,12051,12.0,S12,11,CCS,CCS,DDD,1,0,1,5,2,0,0,4,3,1,2,2,1,0,1,7,21,4.666666666666667,4,1.1910421934062636,-0.028224407879373407,-0.10110000000000002,7,5,Home
2853,9025,9.0,S9,7,BIR,BIR,POS,0,0,1,0,1,0,0,0,0,0,3,2,1,0,0,1,7,2.0,0,-1.1496062992125984,0.14070545309502383,0.012900000000000002,5,4,Away
2853,9042,9.0,S9,11,BIR,BIR,POS,1,0,0,2,3,0,0,0,0,0,0,0,0,0,0,3,6,0.0,6,6.0,-0.5779330087082023,-0.0060999999999999995,0,0,Home
2853,9053,9.0,S9,14,BIR,BIR,NNL,0,1,0,0,1,0,0,2,1,0,3,2,1,0,0,1,10,3.0,1,-1.1079396325459319,0.14757228207425604,0.3939,6,3,Away
2853,10010,10.0,S10,2,SSS,SSS,SEO,0,0,0,0,0,0,0,1,1,0,0,1,0,0,0,0,3,1.0,0,-0.6886688668866887,0.08050799262757136,0.1172,2,1,Home
2853,10020,10.0,S10,4,SSS,SSS,ZAH,0,0,0,1,1,0,0,1,0,0,0,0,0,1,0,1,3,0.3333333333333333,1,1.0207790523573173,-0.08655643065052841,-0.10529999999999999,0,0,Away
2853,10070,10.0,S10,14,SSS,SSS,GRS,0,0,0,2,4,0,0,1,1,2,0,0,0,0,0,2,10,1.3333333333333333,1,2.1940908376551946,-0.18060539730251118,-0.3271,3,0,Away
2853,11057,11.0,S11,10,IDR,IDR,DOG,2,1,1,1,1,0,0,1,5,4,2,1,0,0,2,5,19,5.0,4,0.7067496525469814,0.013800954368719767,-0.27709999999999996,9,4,Away
2853,11061,11.0,S11,11,IDR,IDR,WRM,0,0,0,1,0,0,0,3,0,0,0,0,0,0,0,1,4,1.0,0,-0.6001571091908877,0.07610636227593028,0.00019999999999999998,0,0,Home
2853,12009,12.0,S12,2,DDD,DDD,SEF,2,0,2,2,2,0,0,3,1,5,2,3,1,0,0,6,22,5.0,4,0.3958771921468518,0.05129209224656778,-0.09429999999999997,10,5,Away
2853,12022,12.0,S12,5,DDD,DDD,SDV,0,1,2,6,1,0,0,5,3,4,1,2,0,0,0,9,25,5.0,4,0.5750807319698603,0.045764439827165104,-0.10899999999999997,8,4,Home
2853,12045,12.0,S12,9,DDD,DDD,WWC,0,0,3,1,4,0,0,2,2,5,3,2,1,0,0,4,22,5.0,3,-0.06243272335844968,0.09712308379709793,0.08879999999999999,11,6,Away
2853,12046,12.0,S12,10,DDD,DDD,MMN,1,0,0,1,0,0,0,0,1,0,0,0,0,0,1,2,3,0.6666666666666666,1,1.2919708029197081,-0.11267347820810661,-0.10790000000000001,1,0,Home
2853,12051,12.0,S12,11,DDD,DDD,CCS,0,1,2,2,0,0,0,1,1,1,0,0,0,0,0,5,8,1.0,4,3.2132277410425956,-0.2882755699365312,-0.096,1,0,Away
2853,12072,12.0,S12,15,DDD,DDD,PQD,1,0,0,1,0,0,0,5,3,3,0,3,0,0,0,2,16,4.666666666666667,1,-1.697678624997794,0.2358622708352361,0.07540000000000002,6,3,Away
2856,9028,9.0,S9,7,KGB,KGB,NNL,0,0,1,0,0,0,0,0,2,0,0,1,0,0,0,1,4,1.0,0,0.1490683229813664,-0.00019550477027149155,0.021299999999999986,1,1,Home
2856,9043,9.0,S9,11,KGB,KGB,AND,0,0,1,0,0,0,0,0,1,1,0,1,0,0,0,1,4,1.0,0,-0.5748031496062992,0.07219164248849505,0.15380000000000002,3,2,Away
2856,9055,9.0,S9,14,KGB,KGB,POS,0,0,1,2,2,0,0,0,2,0,0,0,0,0,0,3,7,0.6666666666666666,3,3.8666666666666667,-0.36092184349290274,-0.35700000000000004,1,0,Home
2866,9007,9.0,S9,2,GOP,GOP,NNL,1,0,0,1,0,0,0,1,2,0,0,1,0,0,0,2,6,1.3333333333333333,2,0.9501968503937008,-0.07295269374757238,-0.07079999999999999,3,1,Home
2866,9014,9.0,S9,4,GOP,GOP,ARR,1,0,1,1,0,0,0,6,1,0,1,1,0,0,0,3,12,3.0,2,0.27559055118110243,0.016574927465485167,-0.10189999999999996,3,2,Home
2866,9027,9.0,S9,7,GOP,GOP,FLB,0,0,0,1,0,0,0,0,0,0,0,0,0,0,0,1,1,0.0,0,0.46204278812974475,-0.04252644693100819,-0.08410000000000001,0,0,Away
2866,9033,9.0,S9,9,GOP,GOP,POS,0,0,1,1,1,0,0,1,1,1,0,0,0,0,0,2,6,1.0,3,4.16857551896922,-0.3947905606051243,-0.22920000000000001,2,1,Away
2868,11011,11.0,S11,2,HOT,HOT,SHH,0,0,0,1,0,0,0,1,4,1,0,2,0,0,1,1,9,3.0,0,-1.8004713275726631,0.22027376114937008,0.17609999999999998,7,3,Home
2868,11013,11.0,S11,3,HOT,HOT,IDR,2,0,1,2,1,0,0,5,0,2,0,1,0,0,0,5,14,2.6666666666666665,4,2.015766183628275,-0.1452593386138822,-0.019000000000000003,3,1,Away
2868,11036,11.0,S11,6,HOT,HOT,PRP,1,0,1,0,1,0,0,2,5,2,0,2,1,0,0,2,14,4.0,1,-1.4006284367635509,0.19638012342530034,0.1639,5,2,Away
2868,12007,12.0,S12,2,KEG,KEG,PQD,0,0,0,2,0,0,0,2,1,0,1,1,1,0,0,2,7,2.0,0,-2.0410579732431184,0.23302210097107412,0.254,3,1,Away
2868,12052,12.0,S12,11,KEG,KEG,SEF,1,0,0,0,0,0,0,1,0,0,1,0,0,0,0,1,3,0.6666666666666666,1,1.4386792452830188,-0.13147522296540373,-0.1347,1,1,Home
2868,12061,12.0,S12,13,KEG,KEG,CCS,1,1,0,1,0,0,0,1,1,0,2,2,0,0,0,3,9,2.0,2,0.7750269106566202,-0.04032458637696762,0.0359,5,3,Away
2869,12057,12.0,S12,12,MMN,MMN,SDV,2,1,0,0,2,0,0,1,3,0,1,1,0,0,0,3,12,2.3333333333333335,3,1.521551993891907,-0.10258439313759819,-0.2605,5,2,Home
2873,9010,9.0,S9,3,POS,POS,ARR,1,0,0,0,0,0,0,0,2,1,0,0,0,0,0,1,4,1.0,1,0.4251968503937008,-0.027808357511504934,-0.1356,3,0,Away
2873,10024,10.0,S10,5,ACK,ACK,SEO,1,0,1,3,2,0,0,6,6,2,3,0,1,0,0,5,24,6.0,2,-2.1320132013201323,0.3063301676432331,0.16020000000000006,11,0,Away
2873,10069,10.0,S10,14,ACK,ACK,SEO,1,0,0,0,0,0,0,1,1,0,1,0,0,0,0,1,4,1.0,1,0.3113311331133113,-0.015611638726127818,-0.0593,2,1,Home
2873,11026,11.0,S11,5,DOG,DOG,LAX,0,0,0,1,0,0,0,0,0,1,0,0,0,1,1,1,2,0.6666666666666666,0,0.28235294117647064,-0.016167305600015933,-0.0533,2,2,Home
2873,11069,11.0,S11,12,DOG,DOG,LOB,1,0,0,1,0,0,0,0,0,0,0,1,0,0,0,2,3,0.3333333333333333,1,0.8318986399380321,-0.0711218754761721,-0.114,1,1,Home
2873,12039,12.0,S12,8,SDV,SDV,WWC,0,1,1,3,0,0,0,2,2,4,1,3,0,0,0,5,17,4.0,1,-1.4499461786867598,0.2152199267250987,0.2191,8,4,Home
2873,12063,12.0,S12,13,SDV,SDV,DDD,2,0,0,3,0,0,0,5,3,3,3,1,0,0,0,5,20,5.0,2,-1.0624327233584498,0.1888612827551658,0.0011999999999999789,7,6,Home
2875,9001,9.0,S9,1,KGB,KGB,GOP,0,0,0,1,0,0,0,0,1,1,1,0,0,0,0,1,4,1.0,0,-0.5748031496062992,0.07219164248849506,0.1543,2,2,Home
2875,11063,11.0,S11,11,OKT,OKT,PRP,1,0,1,1,0,0,0,0,0,2,0,0,0,0,0,3,5,0.6666666666666666,2,3.2823529411764705,-0.30812197992159523,-0.7075999999999999,2,1,Home
2877,9038,9.0,S9,10,KGB,KGB,FLB,0,2,0,0,0,0,0,1,0,0,1,1,0,0,0,2,5,1.0,1,0.42519685039370086,-0.02413052562953865,-0.16750000000000004,2,1,Away
2878,10027,10.0,S10,6,CRN,CRN,BEE,0,0,0,0,0,0,0,1,1,0,0,0,0,0,0,0,2,0.6666666666666666,0,-1.137931034482759,0.12155384074087755,0.0403,1,1,Away
2878,10037,10.0,S10,8,CRN,CRN,GOB,0,0,0,0,2,0,0,2,3,0,1,0,0,0,0,0,8,2.0,0,-1.3773377337733774,0.1687767225477444,0.011800000000000001,3,2,Away
2878,10051,10.0,S10,11,CRN,CRN,BEE,1,0,1,0,1,0,0,3,9,1,0,2,0,0,0,2,18,5.0,1,-2.4433443344334433,0.31418106907675925,0.3538,9,3,Home
2878,11002,11.0,S11,1,SHH,SHH,OKT,1,1,1,0,0,0,0,4,7,2,1,0,0,0,0,3,17,4.666666666666667,1,-1.5490311599895263,0.22328838426552902,0.22479999999999994,7,3,Away
2878,11017,11.0,S11,3,SHH,SHH,ARA,0,0,2,3,0,0,0,0,1,0,0,0,0,0,0,5,6,0.3333333333333333,4,3.7053984463646676,-0.34640386760120456,-0.34909999999999997,0,0,Home
2878,11025,11.0,S11,5,SHH,SHH,IDR,2,0,2,3,0,0,0,4,4,2,1,0,1,0,1,7,18,4.333333333333333,4,1.3376759925071,-0.057337005305712826,-0.16569999999999993,6,4,Away
2878,11031,11.0,S11,6,SHH,SHH,LAX,2,0,1,0,1,0,0,0,0,1,0,0,0,0,0,3,5,0.3333333333333333,3,4.220985155195682,-0.4019852013235163,-0.21320000000000003,1,1,Away
2878,11042,11.0,S11,7,SHH,SHH,DOG,2,0,0,2,1,0,0,2,7,0,1,2,1,0,0,4,17,4.333333333333333,3,0.3376759925070999,0.03461766901586642,-0.18580000000000005,10,4,Home
2878,11066,11.0,S11,11,SHH,SHH,DOG,1,1,0,2,2,0,0,1,8,1,1,2,0,0,2,4,19,5.0,1,-2.0007855459544386,0.28455447421886176,0.2602999999999999,10,6,Away
2878,11096,11.0,S11,16,SHH,SHH,HOT,2,0,0,1,1,0,0,2,7,0,0,0,0,0,0,3,13,3.0,4,2.199528672427337,-0.16765825033299883,-0.17720000000000002,3,0,Home
2878,12001,12.0,S12,1,DDD,DDD,WWC,1,0,1,3,1,0,0,1,5,0,1,1,1,0,0,5,14,3.0,2,0.16254036598493027,0.04157857069503159,-0.03509999999999999,3,2,Home
2878,12012,12.0,S12,3,DDD,DDD,PQD,1,0,2,1,3,0,0,4,3,1,0,1,0,1,0,4,16,3.0,3,0.8718011042050073,-0.016954801564077998,-0.366,4,1,Home
2878,12033,12.0,S12,7,DDD,DDD,PQD,1,0,1,1,4,0,0,1,7,2,5,1,1,2,0,3,23,5.666666666666667,3,-0.31016516966948393,0.13428902999109946,-0.4639,13,8,Away
2878,12046,12.0,S12,10,DDD,DDD,MMN,1,0,2,1,1,0,0,0,3,0,0,0,0,0,0,4,8,1.0,4,3.38751345532831,-0.30570414136510266,-0.009300000000000001,1,0,Home
2878,12056,12.0,S12,12,DDD,DDD,SCR,0,0,0,1,2,0,0,2,9,2,3,1,1,0,0,1,20,6.0,0,-3.6749192680301395,0.45010993722233483,0.44179999999999997,11,5,Home
2878,12072,12.0,S12,15,DDD,DDD,PQD,2,0,0,1,0,0,0,0,2,1,1,0,0,0,0,3,7,1.3333333333333333,2,1.0227593569676543,-0.07335963205000315,-0.5497,4,4,Away
2882,9049,9.0,S9,13,BIR,BIR,AND,0,2,2,3,1,0,0,6,6,2,3,1,0,0,0,7,26,6.0,4,0.5511811023622049,0.040505518694902945,-0.26689999999999986,7,4,Home
2882,10024,10.0,S10,5,SEO,SEO,ACK,2,0,0,1,3,0,0,1,2,3,0,0,0,3,0,3,12,2.0,4,2.393177072809322,-0.18111217758641976,-0.2517999999999999,3,1,Home
2882,10032,10.0,S10,7,SEO,SEO,GRS,1,0,1,3,2,0,0,4,2,1,1,0,1,2,0,5,15,3.0,3,0.9339933993399337,-0.027433072946879335,-0.21610000000000007,4,1,Home
2882,10065,10.0,S10,13,SEO,SEO,KRK,1,1,2,1,0,0,0,1,2,1,3,0,0,0,0,5,12,2.3333333333333335,4,2.330569718883443,-0.18649254813273436,-0.3548,5,3,Home
2886,9007,9.0,S9,2,NNL,NNL,GOP,1,0,0,0,0,0,0,0,1,1,0,0,0,0,0,1,3,0.6666666666666666,1,1.4740259740259738,-0.13636910175669856,-0.07419999999999999,1,0,Away
2886,9022,9.0,S9,6,NNL,NNL,GOP,0,0,0,0,0,0,0,2,0,0,1,0,0,0,0,0,3,1.0,0,-0.5748031496062992,0.06851381060652878,0.010700000000000001,1,0,Home
2886,9036,9.0,S9,9,NNL,NNL,ARR,0,0,1,5,2,0,0,6,2,2,4,2,1,0,1,6,24,6.0,1,-2.4488188976377954,0.3368276868129366,0.44920000000000004,12,7,Away
2886,9044,9.0,S9,11,NNL,NNL,FLB,2,1,1,4,1,0,0,5,2,1,2,2,2,0,1,8,21,5.0,5,2.1259842519685037,-0.13168612379359215,-0.17899999999999996,7,5,Home
2886,9050,9.0,S9,13,NNL,NNL,ARR,3,0,0,2,1,0,0,3,1,3,5,4,2,0,0,5,22,6.0,3,-0.44881889763779514,0.1257941911670378,0.1684,12,11,Home
2886,10001,10.0,S10,1,GOB,GOB,KIR,2,0,1,4,1,0,0,2,3,1,2,0,0,3,0,7,16,2.6666666666666665,5,3.1532176826451614,-0.24159476398480045,-0.29800000000000004,6,2,Home
2886,10014,10.0,S10,3,GOB,GOB,KRK,2,0,1,1,1,0,0,2,2,1,2,1,1,0,0,4,13,3.0,4,1.9339933993399343,-0.14295454753208264,-0.2709000000000001,4,2,Home
2886,10026,10.0,S10,6,GOB,GOB,ACK,1,0,1,3,0,0,0,0,0,2,0,0,0,1,0,5,7,0.6666666666666666,4,3.728686505014138,-0.34182570133100715,-0.3335000000000001,3,0,Away
2886,10042,10.0,S10,9,GOB,GOB,KRK,1,0,0,3,2,0,0,4,3,2,1,2,0,0,0,4,18,4.0,3,0.24532453245324537,0.045314182388090415,-0.17800000000000002,7,3,Away
2886,10056,10.0,S10,12,GOB,GOB,SSS,1,0,1,1,0,0,0,1,0,0,0,0,0,1,0,3,4,0.3333333333333333,2,2.3184233316948717,-0.21244048993798298,-0.2237,0,0,Away
2886,12026,12.0,S12,6,KEG,KEG,MMN,0,0,1,0,0,0,0,1,1,2,0,2,0,1,0,1,7,2.0,0,-1.5157123511233026,0.1846184392800586,0.0963,4,2,Home
2887,9032,9.0,S9,8,FLB,FLB,KGB,0,0,0,1,0,0,0,1,1,0,0,1,0,0,0,1,4,1.0,0,-0.5748031496062992,0.07219164248849506,0.2274,2,1,Away
2887,10066,10.0,S10,14,GOB,GOB,BEE,1,0,0,2,3,0,0,1,3,1,2,0,1,0,0,3,13,2.6666666666666665,2,0.6155700676450626,-0.01111221436259549,-0.1056,5,1,Home
2897,9022,9.0,S9,6,GOP,GOP,NNL,0,0,0,1,0,0,0,1,1,0,1,0,0,0,0,1,4,1.0,0,-0.5748031496062992,0.07219164248849506,0.0484,1,0,Away
2897,9027,9.0,S9,7,GOP,GOP,FLB,0,2,0,1,0,0,0,4,4,2,2,3,0,1,0,3,18,5.0,2,-1.0599300087489065,0.17587180663225005,-0.18300000000000005,7,4,Away
2897,9033,9.0,S9,9,GOP,GOP,POS,0,0,1,1,1,0,0,1,0,1,1,0,0,0,0,2,6,1.0,1,-1.3181818181818183,0.15388517310997954,-0.4115,2,1,Away
2897,9039,9.0,S9,10,GOP,GOP,AND,1,0,0,3,1,0,0,1,2,2,2,2,0,1,0,4,14,3.0,1,-0.7244094488188977,0.12760842311138404,0.03719999999999998,8,4,Home
2897,9041,9.0,S9,11,GOP,GOP,ARR,1,0,0,1,0,0,0,0,4,0,1,0,0,0,2,2,7,2.3333333333333335,1,-0.5162729658792651,0.08472778352562307,0.04370000000000003,5,3,Away
2897,9052,9.0,S9,13,GOP,GOP,KGB,0,0,0,0,0,0,0,1,0,2,0,0,0,0,0,0,3,1.0,0,-0.5748031496062992,0.06851381060652878,0.0231,1,0,Home
2897,9054,9.0,S9,14,GOP,GOP,FLB,0,0,0,2,0,0,0,2,0,2,0,1,1,0,0,2,7,2.0,0,-1.1496062992125984,0.14070545309502386,0.3086,3,1,Home
2897,10015,10.0,S10,3,ACK,ACK,SSS,1,0,1,3,0,0,0,3,3,3,1,3,1,1,0,5,18,4.666666666666667,4,0.06233748374837478,0.06749325590487829,-0.2518,8,3,Home
2897,10054,10.0,S10,11,ACK,ACK,GOB,1,2,0,2,2,0,0,3,5,0,3,1,0,2,0,5,19,4.0,4,1.2453245324532451,-0.04304471167300712,-0.3549000000000001,6,3,Away
2897,10069,10.0,S10,14,ACK,ACK,SEO,1,0,0,0,0,0,0,1,1,0,0,1,0,0,0,1,4,1.0,1,0.31133113311331134,-0.015611638726127818,-0.08549999999999999,1,1,Home
2897,12027,12.0,S12,6,SDV,SDV,PQD,0,1,1,1,2,0,0,2,2,3,1,7,0,1,0,3,20,5.0,1,-2.06243272335845,0.29299218327613186,0.11930000000000003,12,8,Away
2897,12039,12.0,S12,8,SDV,SDV,WWC,0,1,0,1,0,0,0,0,0,0,2,1,0,1,0,2,5,1.0,1,0.38751345532831005,-0.013965942407034741,0.0376,3,2,Home
2897,12041,12.0,S12,9,SDV,SDV,CCS,1,0,0,0,1,0,0,1,2,1,2,0,0,0,0,1,8,2.0,1,-0.2249730893433799,0.05554451310206633,-0.11869999999999992,4,0,Away
2897,12048,12.0,S12,10,SDV,SDV,SCR,1,1,1,2,0,0,0,1,1,0,2,4,1,0,0,5,13,3.0,2,0.5250269106566201,0.001199015706896553,-0.0019999999999999996,7,5,Away
2897,12057,12.0,S12,12,SDV,SDV,MMN,2,1,1,1,1,0,0,1,4,1,0,0,0,1,0,5,12,2.0,4,2.7750269106566203,-0.22380098429310347,-0.4569,1,0,Away
2897,12063,12.0,S12,13,SDV,SDV,DDD,0,0,0,0,0,0,0,0,1,0,0,2,0,0,0,0,3,1.0,0,-0.61248654467169,0.07364135603006712,0.0231,2,2,Home
2897,12069,12.0,S12,14,SDV,SDV,CCS,0,0,1,3,1,0,0,4,1,3,1,1,2,0,0,4,15,4.0,1,-1.4499461786867598,0.20695812568316663,0.1296,5,1,Home
2900,9006,9.0,S9,2,POS,POS,AND,0,0,1,1,0,0,0,2,2,1,0,1,0,0,0,2,8,2.0,0,-1.1496062992125984,0.14438328497699013,0.1252,3,2,Home
2900,9010,9.0,S9,3,POS,POS,ARR,0,0,0,0,0,0,0,1,0,0,0,0,0,0,0,0,1,0.3333333333333333,0,-0.1529581376986309,0.018973645651829373,0.0371,0,0,Away
2900,9016,9.0,S9,4,POS,POS,KGB,2,0,0,3,0,0,0,0,0,0,1,1,1,0,1,5,7,1.3333333333333333,3,2.1464929915675435,-0.18522664410102407,-0.4107,3,3,Home
2900,9019,9.0,S9,5,POS,POS,NNL,1,0,0,1,1,0,0,3,1,1,1,0,0,1,0,2,9,2.0,1,0.12652222819973596,0.02412609599968925,-0.033000000000000015,2,1,Away
2900,9024,9.0,S9,6,POS,POS,AND,0,0,0,1,2,0,0,2,0,0,0,0,0,0,0,1,5,0.6666666666666666,0,0.4251968503937008,-0.024130525629538647,-0.04259999999999999,0,0,Away
2900,9025,9.0,S9,7,POS,POS,BIR,0,0,0,1,1,0,0,1,1,0,0,2,0,0,2,1,6,2.0,0,-1.1496062992125984,0.14438328497699013,0.0033000000000000004,5,3,Home
2900,9040,9.0,S9,10,POS,POS,ARR,2,0,1,1,0,0,0,2,1,0,0,1,0,0,0,4,8,1.3333333333333333,4,3.1464929915675435,-0.28522664410102405,-0.3106,2,1,Home
2900,9048,9.0,S9,12,POS,POS,NNL,0,1,1,3,1,0,0,2,1,0,2,1,0,0,0,5,12,2.0,1,0.5016628310598914,-0.006032300522393709,-0.0597,3,3,Home
2900,9051,9.0,S9,13,POS,POS,FLB,0,0,0,0,1,0,0,2,0,2,1,0,1,0,0,0,6,2.0,0,-1.1496062992125984,0.13702762121305756,0.021,4,1,Away
2902,9006,9.0,S9,2,AND,AND,POS,0,0,0,1,1,0,0,0,2,0,1,0,0,2,0,1,5,1.0,1,0.42519685039370086,-0.016774861865606096,-0.023,3,0,Away
2902,9026,9.0,S9,7,AND,AND,ARR,0,0,1,3,2,0,0,2,4,1,3,1,1,0,0,4,17,4.0,0,-2.2992125984251968,0.29244440183594655,0.2736,6,1,Home
2902,9030,9.0,S9,8,AND,AND,NNL,0,0,1,1,1,0,0,1,1,0,2,0,2,0,0,2,7,2.0,1,-0.1496062992125983,0.04070545309502384,0.01999999999999999,3,0,Away
2902,9049,9.0,S9,13,AND,AND,BIR,0,1,2,0,0,0,0,5,8,1,2,2,0,0,0,3,21,6.0,0,-3.4488188976377954,0.4221163592850715,0.2331,10,3,Away
2902,9056,9.0,S9,14,AND,AND,ARR,0,0,0,2,2,0,0,5,5,1,2,4,1,0,0,2,21,6.0,0,-3.4488188976377954,0.4221163592850715,0.3746999999999999,10,6,Away
2902,10006,10.0,S10,2,BEE,BEE,KRK,0,0,0,3,1,0,0,7,5,0,0,4,2,1,0,3,20,6.0,0,-4.132013201320133,0.4946890617043306,0.351,6,4,Away
2902,10031,10.0,S10,7,BEE,BEE,ACK,2,0,2,1,2,0,0,4,3,1,4,2,1,0,0,5,21,5.0,5,1.5566556655665562,-0.07417782498433823,-0.2793,9,5,Away
2902,10041,10.0,S10,9,BEE,BEE,GRS,0,0,0,1,6,0,0,1,4,0,0,2,2,0,0,1,14,3.0,1,-1.0660066006600661,0.16092582111421821,0.13229999999999995,6,2,Away
2902,10058,10.0,S10,12,BEE,BEE,ACK,1,0,1,1,1,0,0,2,2,1,3,2,0,0,0,3,14,3.3333333333333335,2,-0.2852308839652935,0.08284824944474098,0.019700000000000006,6,3,Home
2902,10066,10.0,S10,14,BEE,BEE,GOB,1,0,1,0,2,0,0,1,5,0,0,0,0,0,0,2,10,2.0,1,-0.3773377337733774,0.07653745984034602,0.012500000000000018,3,0,Away
2902,11005,11.0,S11,1,DOG,DOG,ARA,2,0,2,2,3,0,0,1,4,0,3,0,0,0,0,6,17,2.6666666666666665,8,6.361349152831888,-0.5677496470166123,-0.5344,5,2,Away
2902,11026,11.0,S11,5,DOG,DOG,LAX,2,0,1,4,1,0,0,2,1,0,2,0,0,1,0,7,13,1.6666666666666667,6,4.961506262022776,-0.43983334645333233,-0.3425,2,1,Home
2908,10039,10.0,S10,8,ACK,ACK,ZAH,0,0,0,0,0,0,0,0,1,1,0,0,0,0,0,0,2,0.6666666666666666,0,-0.3965763195435092,0.04741836924695257,0.0092,2,1,Away
2908,11036,11.0,S11,6,HOT,HOT,PRP,0,0,0,1,0,0,0,2,0,0,0,1,0,0,0,1,4,1.0,0,-0.6001571091908877,0.07610636227593028,0.1169,1,1,Away
2908,11039,11.0,S11,7,HOT,HOT,OKT,1,0,2,2,6,0,0,3,2,1,4,2,3,1,0,5,23,5.0,4,0.9992144540455614,-0.003377537263507091,-0.22369999999999993,9,4,Home
2908,11054,11.0,S11,9,HOT,HOT,PRP,0,0,0,3,1,0,0,1,2,0,1,1,1,1,0,3,9,2.0,0,-1.2003142183817754,0.1602580502302813,0.0728,3,2,Home
2908,11058,11.0,S11,10,HOT,HOT,LOB,1,0,2,0,0,0,0,1,0,0,2,1,0,0,0,3,7,1.3333333333333333,3,1.844016312390134,-0.15624299136454078,-0.21100000000000002,3,3,Away
2908,11062,11.0,S11,11,HOT,HOT,LAX,0,0,0,0,0,0,0,0,1,0,0,0,0,0,0,0,1,0.3333333333333333,0,-0.26169557072934924,0.030192219912145303,0.037599999999999995,0,0,Away
2908,11082,11.0,S11,14,HOT,HOT,ARA,2,0,1,3,0,0,0,1,3,3,1,5,1,0,0,6,19,4.666666666666667,2,-0.5490311599895263,0.13133370994394977,-0.02700000000000002,12,7,Away
2908,11096,11.0,S11,16,HOT,HOT,SHH,1,1,1,2,2,0,0,2,3,0,0,0,0,1,0,5,12,1.6666666666666667,5,3.2514401675831364,-0.2728493998485788,-0.43050000000000005,2,0,Away
2908,12012,12.0,S12,3,DDD,DDD,PQD,0,0,1,0,1,0,0,3,0,0,2,1,0,0,0,1,8,2.0,0,-1.22497308934338,0.15554451310206632,0.17740000000000003,3,3,Home
2908,12046,12.0,S12,10,DDD,DDD,MMN,0,0,0,1,0,0,0,0,1,0,0,0,0,0,0,1,2,0.3333333333333333,1,-0.051165789954708774,0.013378380037402961,0.0004000000000000002,0,0,Home
2908,12051,12.0,S12,11,DDD,DDD,CCS,0,0,0,0,0,0,0,0,0,0,1,0,0,0,0,0,1,0.3333333333333333,0,-0.5857142857142857,0.06270232909239462,0.1822,1,1,Away
2914,9005,9.0,S9,2,KGB,KGB,BIR,1,0,0,0,2,0,0,0,0,0,0,0,0,1,0,1,3,0.0,3,3.0,-0.28528867247213485,-0.28609999999999997,0,0,Away
2914,10017,10.0,S10,4,CRN,CRN,KIR,0,0,0,3,1,0,0,3,1,1,3,0,1,1,0,3,12,3.0,0,-2.0660066006600664,0.2570454524679174,0.18059999999999998,5,2,Away
2915,9012,9.0,S9,3,NNL,NNL,KGB,0,0,1,1,0,0,0,2,3,0,1,0,0,0,0,2,8,2.0,0,-0.5331364829396326,0.08273630334969354,0.1165,1,1,Home
2915,9019,9.0,S9,5,NNL,NNL,POS,1,1,2,1,3,0,0,3,3,5,0,1,0,1,1,5,20,4.333333333333333,4,1.6259842519685042,-0.08168612379359214,-0.24779999999999994,7,1,Home
2915,9053,9.0,S9,14,NNL,NNL,BIR,2,0,1,2,0,0,0,2,2,5,0,0,0,1,0,5,14,3.0,4,2.2755905511811023,-0.17239157688861598,-0.2917,4,2,Home
2915,11009,11.0,S11,2,WRM,WRM,DOG,0,0,1,3,0,0,0,6,4,1,4,2,0,2,0,4,21,5.666666666666667,1,-3.149188269180414,0.40744007221988005,0.41579999999999995,9,5,Home
2915,11014,11.0,S11,3,WRM,WRM,OKT,0,0,0,1,0,0,0,0,0,0,0,1,1,0,0,1,2,0.6666666666666666,0,0.027027027027026973,0.00534262297571806,0.06949999999999998,1,1,Away
2915,11029,11.0,S11,5,WRM,WRM,PRP,0,1,0,1,0,0,0,1,0,2,0,0,0,0,1,2,5,1.3333333333333333,0,-0.2273412454088024,0.0468701015761425,0.13319999999999999,3,1,Away
2915,11045,11.0,S11,8,WRM,WRM,LAX,2,0,0,2,1,0,0,4,2,0,4,1,1,1,1,4,16,4.333333333333333,2,-0.6623240074929001,0.1386403318550768,0.19730000000000003,6,3,Home
2915,11056,11.0,S11,10,WRM,WRM,OKT,0,0,1,2,0,0,0,3,3,1,0,1,1,0,0,3,11,3.0,1,0.2830191149515576,0.015947379736158368,-0.133,3,1,Home
2915,11070,11.0,S11,12,WRM,WRM,HOT,2,0,2,3,0,0,0,2,3,0,8,1,1,0,0,7,21,5.0,2,-1.0007855459544386,0.18455447421886176,0.17649999999999996,11,6,Away
2915,11084,11.0,S11,14,WRM,WRM,SHH,0,0,2,1,0,0,0,3,4,1,2,0,0,0,0,3,13,3.3333333333333335,1,0.1434482704172862,0.037949789868006276,-0.014700000000000019,4,2,Away
2916,9008,9.0,S9,2,FLB,FLB,ARR,2,0,3,3,2,0,0,2,4,2,1,1,1,0,1,8,20,4.0,4,1.7007874015748032,-0.0928442706361883,-0.3416999999999999,4,4,Home
2916,9017,9.0,S9,5,FLB,FLB,ARR,0,0,1,4,1,0,0,5,9,1,1,1,0,1,0,5,23,5.666666666666667,2,-1.0821522309711284,0.1964831882643037,0.16279999999999997,7,4,Away
2916,9032,9.0,S9,8,FLB,FLB,KGB,0,0,1,2,6,0,0,0,5,0,2,0,0,2,0,3,16,2.3333333333333335,4,2.2229589722337337,-0.1560949233479803,-0.2736999999999999,5,2,Away
2916,9044,9.0,S9,11,FLB,FLB,NNL,3,0,2,0,2,0,0,2,2,2,0,1,0,0,0,5,14,2.3333333333333335,6,4.571689841961245,-0.40567933784859644,-0.6119,3,3,Away
2916,10019,10.0,S10,4,GOB,GOB,SEO,0,0,0,0,4,0,0,4,8,1,2,1,1,2,0,0,20,5.666666666666667,0,-4.375547724263952,0.5229228826450134,0.1068,10,4,Home
2916,10066,10.0,S10,14,GOB,GOB,BEE,0,0,0,0,0,0,0,0,0,2,0,0,0,0,0,0,2,0.6666666666666666,0,-0.3965763195435092,0.04741836924695257,0.0,2,1,Home
2916,11028,11.0,S11,5,LOB,LOB,POS,1,0,0,2,2,0,0,3,5,1,0,1,0,0,2,3,15,4.0,1,-1.1877774158731378,0.18716300985389017,0.0961,6,3,Away
2916,11052,11.0,S11,9,LOB,LOB,WRM,1,0,1,0,1,0,0,1,4,0,1,1,1,0,0,2,10,2.6666666666666665,1,-0.3487169416077509,0.07509832255287885,-0.005400000000000026,4,2,Away
2916,11065,11.0,S11,11,LOB,LOB,ARA,0,0,0,0,0,0,0,0,1,0,0,0,0,0,0,0,1,0.3333333333333333,0,-0.2029411764705883,0.024316780486269205,0.0053,0,0,Home
2916,11083,11.0,S11,14,LOB,LOB,IDR,0,0,0,2,2,0,0,2,2,3,0,1,0,0,0,2,12,2.6666666666666665,0,-0.984233816371725,0.14669533570769702,0.0006999999999999958,5,3,Home
2916,11090,11.0,S11,15,LOB,LOB,SHH,1,0,1,0,0,0,0,1,1,0,0,0,0,0,0,2,4,0.6666666666666666,2,1.6615384615384616,-0.15006319479700467,-0.011300000000000001,0,0,Away
2916,12010,12.0,S12,2,SDV,SDV,WWC,3,0,0,0,1,0,0,0,4,0,2,0,1,0,0,3,10,2.3333333333333335,3,1.5215519938919069,-0.11084619417953029,-0.2254,5,3,Away
2916,12069,12.0,S12,14,SDV,SDV,CCS,0,0,0,0,2,0,0,1,3,1,1,0,0,0,0,0,8,2.0,0,-1.22497308934338,0.15554451310206632,0.0085,4,2,Home
2931,9006,9.0,S9,2,AND,AND,POS,0,0,0,1,1,0,0,0,0,0,2,0,1,1,0,1,4,1.0,1,0.4251968503937009,-0.024130525629538657,-0.06160000000000001,2,1,Away
2931,9020,9.0,S9,5,AND,AND,KGB,2,0,2,0,0,0,0,2,1,0,0,0,0,0,0,4,7,1.0,4,3.425196850393701,-0.31677486186560605,-0.3223,0,0,Away
2931,10010,10.0,S10,2,SEO,SEO,SSS,0,0,1,6,0,0,0,1,2,3,1,0,0,0,0,7,14,2.3333333333333335,2,1.0719244338226928,-0.05286728233405766,-0.26880000000000004,6,3,Away
2931,10049,10.0,S10,10,SEO,SEO,SSS,0,0,2,3,1,0,0,0,1,0,0,1,0,0,0,5,8,0.6666666666666666,5,4.728686505014138,-0.4418257013310071,-0.4064,2,1,Home
2934,9003,9.0,S9,1,AND,AND,NNL,1,0,1,0,0,0,0,0,2,0,1,0,0,0,0,2,5,1.0,2,1.4251968503937005,-0.12413052562953864,-0.0975,2,0,Home
2934,9009,9.0,S9,3,AND,AND,GOP,0,0,0,0,0,0,0,1,1,0,0,1,0,0,0,0,3,1.0,0,-0.5748031496062992,0.06851381060652878,0.010700000000000001,2,1,Home
2934,9013,9.0,S9,4,AND,AND,BIR,0,0,0,0,0,0,0,0,1,1,0,2,0,0,0,0,4,1.3333333333333333,0,-0.8535070084324565,0.1000620283711108,0.094,3,1,Home
2934,9043,9.0,S9,11,AND,AND,KGB,0,0,0,1,0,0,0,0,0,1,1,1,1,0,0,1,4,1.3333333333333333,0,-0.8535070084324565,0.1000620283711108,0.11660000000000001,3,1,Home
2939,9002,9.0,S9,1,FLB,FLB,POS,0,0,0,1,0,0,0,2,3,0,0,1,0,0,0,1,7,2.0,0,-1.1496062992125984,0.14070545309502383,0.005700000000000001,4,1,Away
2944,9011,9.0,S9,3,FLB,FLB,BIR,2,1,0,0,2,0,0,2,2,1,3,1,0,0,0,3,14,3.0,3,1.2755905511811023,-0.07606940877058221,-0.18020000000000003,6,5,Home
2944,9021,9.0,S9,6,FLB,FLB,BIR,1,0,0,1,1,0,0,1,6,1,1,1,0,1,1,2,13,3.6666666666666665,1,-1.671777869871529,0.22234526521664721,0.10369999999999999,7,4,Away
2944,9032,9.0,S9,8,FLB,FLB,KGB,0,0,1,2,0,0,0,3,3,0,4,0,0,0,1,3,13,3.6666666666666665,1,-0.6717778698715292,0.11866743333468091,-0.1259,6,4,Away
2944,9045,9.0,S9,12,FLB,FLB,AND,2,0,0,0,1,0,0,2,10,3,1,2,0,1,0,2,21,6.0,2,-1.4488188976377954,0.22579419116703778,0.2817,14,5,Home
2944,9051,9.0,S9,13,FLB,FLB,POS,1,0,0,2,2,0,0,4,7,2,2,2,0,1,1,3,22,6.0,1,-2.4488188976377954,0.3331498549309704,0.23759999999999998,11,5,Home
2944,10008,10.0,S10,2,CRN,CRN,ZAH,0,1,1,3,0,0,0,2,6,5,1,3,1,0,0,5,22,6.0,1,-3.1320132013201327,0.39856943035063147,0.15069999999999995,13,7,Away
2944,10022,10.0,S10,5,CRN,CRN,GOB,2,1,1,1,1,0,0,7,7,0,1,2,0,0,1,5,23,6.0,2,-2.1320132013201323,0.3063301676432331,0.01199999999999999,7,4,Home
2944,10044,10.0,S10,9,CRN,CRN,SEO,1,0,0,2,1,0,0,1,0,0,0,0,0,0,0,3,5,0.3333333333333333,4,3.70790745265682,-0.3513889020341779,-0.35479999999999995,0,0,Home
2944,10051,10.0,S10,11,CRN,CRN,BEE,1,0,0,0,2,0,0,0,2,0,1,0,0,0,0,1,6,1.0,1,0.3113311331133113,-0.007850901433526167,-0.0593,1,1,Home
2944,10067,10.0,S10,14,CRN,CRN,KIR,1,0,1,0,2,0,0,2,4,0,5,0,1,1,1,2,15,4.333333333333333,2,-1.8796754675467549,0.2539338137417896,0.0058000000000000065,6,5,Home
2945,10024,10.0,S10,5,SEO,SEO,ACK,2,0,0,0,1,0,0,2,0,0,0,1,0,0,0,2,6,1.0,3,2.5408163265306123,-0.23079942077525625,-0.0233,1,1,Home
2945,11014,11.0,S11,3,WRM,WRM,OKT,0,1,0,0,0,0,0,0,1,1,0,0,0,0,0,1,3,0.6666666666666666,1,0.10965796904524328,0.0011021916131068038,0.05460000000000001,2,0,Away
2945,11029,11.0,S11,5,WRM,WRM,PRP,0,0,0,1,0,0,0,3,0,1,1,1,0,0,0,1,7,2.0,0,-1.2003142183817754,0.14819006171265017,0.30860000000000004,3,2,Away
2945,11070,11.0,S11,12,WRM,WRM,HOT,0,0,0,1,0,0,0,0,0,0,1,1,1,0,0,1,3,1.0,0,-0.6001571091908877,0.07208369943671991,0.10629999999999998,2,2,Away
2945,11084,11.0,S11,14,WRM,WRM,SHH,0,0,1,0,0,0,0,0,1,0,0,0,0,0,0,1,2,0.3333333333333333,0,0.6678347879749627,-0.058738153119075515,-0.3022,1,0,Away
2945,11093,11.0,S11,16,WRM,WRM,POS,0,0,0,1,0,0,0,1,1,0,0,0,0,1,1,1,3,1.0,0,-0.5446259229153967,0.07055324364838117,0.3642,0,0,Home
2947,9004,9.0,S9,1,ARR,ARR,BIR,2,0,1,2,2,0,0,2,2,0,4,1,2,1,1,5,16,4.0,5,3.1498557245561694,-0.2487845985802238,-0.1166,6,5,Home
2947,9010,9.0,S9,3,ARR,ARR,POS,0,0,2,3,0,0,0,4,2,2,1,3,0,1,1,5,17,4.333333333333333,1,-1.3740157480314958,0.20728038056050901,0.04469999999999995,8,6,Home
2947,9017,9.0,S9,5,ARR,ARR,FLB,1,0,0,5,3,0,0,7,6,1,0,3,0,3,1,6,26,6.0,3,-0.44881889763779503,0.15521684622276805,-0.1141,9,4,Home
2947,9026,9.0,S9,7,ARR,ARR,AND,2,1,1,3,2,0,0,5,2,0,2,2,1,2,0,7,20,4.0,4,1.514873140857393,-0.07057501268248101,-0.35700000000000004,6,3,Away
2947,9029,9.0,S9,8,ARR,ARR,BIR,3,0,1,1,2,0,0,13,4,0,3,5,3,0,0,5,32,9.333333333333334,3,-2.556061219349208,0.3732967421578419,0.3422999999999999,11,7,Away
2947,9046,9.0,S9,12,ARR,ARR,KGB,0,0,1,0,0,0,0,0,0,0,1,0,0,0,0,1,2,0.3333333333333333,0,-0.14314115308151087,0.02166977907208366,0.00039999999999999996,1,1,Away
2947,9050,9.0,S9,13,ARR,ARR,NNL,1,0,3,1,2,0,0,2,3,1,3,0,0,0,0,5,16,3.0,3,1.2755905511811023,-0.06871374500664965,-0.024100000000000007,7,2,Away
2947,11007,11.0,S11,2,OKT,OKT,LAX,4,0,0,0,0,0,0,0,0,0,1,0,0,0,0,4,5,0.3333333333333333,4,3.738304429270651,-0.35371712873101324,-0.0221,1,0,Away
2949,9023,9.0,S9,6,KGB,KGB,ARR,0,0,3,3,0,0,0,2,3,2,0,0,0,1,0,6,14,3.0,2,0.27559055118110243,0.027608423111384048,-0.14290000000000003,5,2,Away
2949,9028,9.0,S9,7,KGB,KGB,NNL,0,0,0,0,0,0,0,1,0,0,0,0,0,0,0,0,1,0.3333333333333333,0,-0.2787038588261574,0.031548217764582026,0.0294,0,0,Home
2949,9038,9.0,S9,10,KGB,KGB,FLB,0,1,0,2,0,0,0,0,0,0,2,1,0,2,0,3,6,1.0,3,2.425196850393701,-0.21309702998363977,-0.29769999999999996,3,2,Away
2949,9052,9.0,S9,13,KGB,KGB,GOP,0,0,2,2,0,0,0,5,2,1,3,0,1,0,0,4,15,4.0,1,-1.2992125984251968,0.18508873807201395,0.2504,5,3,Away
2949,9055,9.0,S9,14,KGB,KGB,POS,0,0,1,3,2,0,0,6,5,2,2,0,0,1,0,4,21,5.0,2,-1.9488188976377951,0.2757941911670378,0.29269999999999996,7,2,Home
2951,9003,9.0,S9,1,AND,AND,NNL,1,0,0,0,0,0,0,0,0,1,2,0,0,0,0,1,4,1.0,1,0.4251968503937008,-0.027808357511504934,-0.0593,2,2,Home
2951,9013,9.0,S9,4,AND,AND,BIR,0,0,1,3,0,0,0,2,1,2,0,0,0,2,0,4,9,1.6666666666666667,2,1.4778284293410693,-0.10732669223247779,-0.5038,1,0,Home
2951,9043,9.0,S9,11,AND,AND,KGB,1,0,0,0,0,0,0,0,0,0,0,0,0,0,0,1,1,0.0,1,1.0,-0.09632216811803371,-0.1906,0,0,Home
2951,10010,10.0,S10,2,SEO,SEO,SSS,0,0,0,1,0,0,0,1,0,0,0,1,1,0,0,1,3,1.0,0,-0.6886688668866887,0.08050799262757136,0.0381,1,1,Away
2951,10011,10.0,S10,3,SEO,SEO,BEE,0,0,0,0,1,0,0,1,0,2,0,0,0,0,0,0,4,1.0,0,-1.083832335329341,0.12390470811813742,0.18630000000000002,2,0,Home
2951,10044,10.0,S10,9,SEO,SEO,CRN,0,0,0,0,0,0,0,0,0,2,0,0,0,0,0,0,2,0.6666666666666666,0,-1.0070921985815602,0.10846995715075766,0.1237,1,0,Away
2951,10055,10.0,S10,11,SEO,SEO,KIR,0,0,0,1,1,0,0,0,1,3,0,2,0,0,1,1,8,2.3333333333333335,0,-1.596562017078605,0.19457951952456798,0.0252,6,4,Away
2951,10059,10.0,S10,12,SEO,SEO,GRS,1,0,0,3,3,0,0,2,2,6,1,2,2,0,0,4,20,5.0,2,-1.4433443344334433,0.22194180636936092,0.21450000000000002,9,7,Away
2951,11004,11.0,S11,1,WRM,WRM,ROY,0,0,0,0,0,0,0,1,1,5,0,0,0,0,0,0,7,2.3333333333333335,0,-1.5091945272620844,0.17907809260068105,0.12459999999999997,5,1,Away
2951,11020,11.0,S11,4,WRM,WRM,IDR,0,1,3,3,2,0,0,0,4,5,1,1,0,1,1,7,20,4.0,4,0.8492144540455615,0.0035771370580721107,-0.11200000000000002,9,3,Home
2951,11045,11.0,S11,8,WRM,WRM,LAX,0,0,0,0,0,0,0,0,0,3,0,2,0,0,0,0,5,1.6666666666666667,0,-0.9386186476524262,0.1139751789612945,0.0639,4,2,Home
2951,11061,11.0,S11,11,WRM,WRM,IDR,1,1,2,2,0,0,0,1,4,5,4,0,1,0,1,6,21,6.0,1,-2.6009426551453263,0.3485928479771609,0.1126,10,7,Away
2951,11074,11.0,S11,13,WRM,WRM,LAX,1,0,1,0,1,0,0,0,1,4,1,0,0,0,0,2,9,2.0,2,0.7996857816182246,-0.04376461260892908,-0.10170000000000003,4,2,Away
2951,11088,11.0,S11,15,WRM,WRM,ROY,0,0,1,3,1,0,0,1,2,10,3,4,1,0,0,4,25,7.0,1,-3.201099764336214,0.4206765474138808,0.5196000000000001,17,8,Home
2953,9023,9.0,S9,6,KGB,KGB,ARR,1,0,0,0,1,0,0,2,2,1,0,2,0,0,0,1,9,2.3333333333333335,2,0.5716898419612442,-0.02406849725842787,-0.23840000000000006,5,2,Away
2953,10005,10.0,S10,1,SEO,SEO,ZAH,2,0,1,5,0,0,0,1,4,2,2,0,0,1,0,8,17,3.0,5,2.9339933993399336,-0.22355270430057847,-0.3651,5,4,Home
2953,10010,10.0,S10,2,SEO,SEO,SSS,2,0,0,0,0,0,0,0,2,0,0,0,0,0,0,2,4,0.6666666666666666,2,0.8620689655172411,-0.07068542196652082,-0.010000000000000009,1,1,Away
2953,10028,10.0,S10,6,SEO,SEO,KIR,0,1,1,3,1,0,0,1,7,0,2,0,1,1,1,5,16,4.0,1,-1.7546754675467546,0.24531418238809036,0.12180000000000002,6,3,Home
2953,10055,10.0,S10,11,SEO,SEO,KIR,3,0,0,2,0,0,0,0,2,1,1,0,0,1,1,5,9,1.6666666666666667,4,2.84188654953185,-0.24150459984387593,-0.2962,4,1,Away
2953,10069,10.0,S10,14,SEO,SEO,ACK,1,0,0,0,1,0,0,1,2,0,1,1,0,0,0,1,7,1.6666666666666667,1,-0.9286282570508488,0.12002540622919067,-0.06359999999999999,4,1,Away
2959,10030,10.0,S10,6,GRS,GRS,ZAH,0,0,0,0,1,0,0,0,3,0,1,1,0,0,0,0,6,1.6666666666666667,0,-1.085245186430198,0.13180673052082476,0.25270000000000004,5,2,Home
2959,10036,10.0,S10,8,GRS,GRS,KRK,1,0,0,0,0,0,0,0,1,1,0,1,0,0,0,1,4,1.0,1,0.3113311331133113,-0.015611638726127815,-0.20409999999999998,3,1,Away
2959,10041,10.0,S10,9,GRS,GRS,BEE,2,0,0,1,0,0,0,1,2,0,0,0,0,0,0,3,6,1.0,3,2.916167664670659,-0.2683345545892609,-0.5206999999999999,2,0,Home
2959,10062,10.0,S10,13,GRS,GRS,KIR,2,1,0,0,3,0,0,2,7,1,1,2,1,0,0,3,19,4.666666666666667,3,-0.761767666128315,0.14990377089254725,-0.09460000000000005,8,5,Away
2959,11068,11.0,S11,12,ARA,ARA,IDR,0,0,0,0,0,0,0,2,1,0,0,0,0,0,0,0,3,1.0,0,-0.6001571091908877,0.0720836994367199,0.04580000000000001,1,0,Home
2959,12004,12.0,S12,1,SAL,SAL,CCS,1,0,0,0,0,0,0,3,0,0,0,0,0,0,0,1,4,1.0,1,0.38751345532831,-0.022227743448966837,0.013400000000000002,0,0,Home
2959,12008,12.0,S12,2,SAL,SAL,SCR,1,0,0,2,0,0,0,3,2,0,0,1,0,0,0,3,9,2.0,1,-0.2249730893433799,0.059675413623032386,0.0963,1,1,Away
2959,12019,12.0,S12,4,SAL,SAL,WWC,0,0,0,1,0,0,0,3,0,1,0,0,0,0,0,1,5,1.3333333333333333,0,-0.9772406430323457,0.11837856690806478,0.12219999999999999,1,0,Home
2959,12023,12.0,S12,5,SAL,SAL,MMN,0,0,0,0,0,0,0,1,1,0,0,1,0,0,0,0,3,1.0,0,-0.61248654467169,0.07364135603006712,0.0181,1,1,Away
2959,12028,12.0,S12,6,SAL,SAL,DDD,0,0,0,0,0,0,0,0,1,1,1,0,0,0,0,0,3,1.0,0,-0.61248654467169,0.07364135603006712,0.0194,3,1,Home
2959,12038,12.0,S12,8,SAL,SAL,SEF,0,0,2,1,0,0,0,5,1,0,1,2,0,0,0,3,12,3.0,1,-0.8374596340150698,0.13331676965309952,0.0011000000000000072,4,2,Home
2959,12047,12.0,S12,10,SAL,SAL,PQD,0,0,1,0,0,0,0,5,0,1,0,1,0,0,0,1,8,2.3333333333333335,0,-1.6717815999816776,0.20022536416589612,0.4368000000000001,2,1,Away
2959,12070,12.0,S12,14,SAL,SAL,WWC,0,0,0,0,0,0,0,2,0,1,0,0,0,0,0,0,3,1.0,0,-0.61248654467169,0.07364135603006712,0.0346,1,0,Away
2960,10020,10.0,S10,4,SSS,SSS,ZAH,0,0,1,0,1,0,0,0,0,0,1,3,0,0,0,1,6,1.3333333333333333,0,-1.1060242387875152,0.13388463575655646,0.0547,4,3,Away
2962,11056,11.0,S11,10,OKT,OKT,WRM,0,0,0,0,2,0,0,2,2,2,0,2,0,0,1,0,10,3.0,0,-1.8004713275726631,0.22429642398858046,0.17359999999999998,6,3,Away
2962,11063,11.0,S11,11,OKT,OKT,PRP,0,0,0,0,3,0,0,1,3,1,0,1,0,0,0,0,9,2.0,0,-0.2262757568433139,0.058831541237224776,-0.04889999999999997,4,2,Home
2962,11067,11.0,S11,12,OKT,OKT,POS,1,0,0,3,0,0,0,1,5,0,1,0,1,0,0,4,11,2.6666666666666665,1,-0.9179612772053048,0.13604541895184463,0.28330000000000005,2,1,Home
2962,11079,11.0,S11,14,OKT,OKT,DOG,0,1,0,0,1,0,0,2,1,1,0,0,0,1,1,1,6,1.6666666666666667,1,0.08734289080911228,0.023447013632771782,-0.012800000000000004,1,1,Home
2962,11092,11.0,S11,16,OKT,OKT,ROY,0,0,0,2,0,0,0,0,1,0,1,0,1,0,0,2,4,1.0,0,-0.6001571091908877,0.07610636227593028,0.021099999999999994,2,2,Away
2962,12006,12.0,S12,2,CCS,CCS,MMN,0,0,2,2,2,0,0,3,7,1,2,0,0,0,1,4,19,4.666666666666667,2,-0.6156242127201521,0.14418043169133604,0.2678000000000001,6,3,Home
2962,12021,12.0,S12,5,CCS,CCS,SEF,1,0,1,1,6,0,0,4,5,1,2,2,0,0,0,3,23,4.666666666666667,4,1.3023213750022062,-0.0352214255180016,-0.0006000000000000311,8,5,Home
2962,12037,12.0,S12,8,CCS,CCS,MMN,3,0,1,3,1,0,0,2,8,1,0,0,0,0,0,7,19,3.6666666666666665,5,1.9968623319515384,-0.121199123296799,-0.1897,3,1,Away
2962,12051,12.0,S12,11,CCS,CCS,DDD,2,0,0,2,0,0,0,1,3,0,0,0,0,0,0,4,8,1.3333333333333333,3,2.1340385385635967,-0.18035664968863133,-0.24679999999999996,1,0,Home
2962,12069,12.0,S12,14,CCS,CCS,SDV,1,0,0,0,0,0,0,0,1,0,0,0,0,0,0,1,2,0.3333333333333333,1,0.7465250832352868,-0.0663907072815966,-0.09820000000000001,1,0,Away
2964,10025,10.0,S10,5,KRK,KRK,ZAH,0,0,0,2,1,0,0,5,3,1,2,0,0,1,0,2,14,3.6666666666666665,0,-3.6374351720886384,0.42194904690337626,0.5365,4,3,Home
2964,10048,10.0,S10,10,KRK,KRK,CRN,0,1,0,0,1,0,0,2,1,1,2,0,0,0,1,1,8,2.3333333333333335,1,-0.7946931056742037,0.11439262838412784,-0.06259999999999999,5,3,Home
2964,11005,11.0,S11,1,ARA,ARA,DOG,0,0,0,1,2,0,0,1,1,1,1,1,0,0,0,1,8,1.6666666666666667,0,-1.3840767071808373,0.17058897343176677,0.10470000000000002,4,2,Home
2965,10040,10.0,S10,8,BEE,BEE,SEO,1,1,0,1,1,0,0,1,2,1,1,0,0,0,0,3,9,1.6666666666666667,2,0.914754813569802,-0.056552163540272746,-0.00020000000000000017,2,1,Home
2965,10041,10.0,S10,9,BEE,BEE,GRS,0,0,0,0,0,0,0,1,0,0,0,0,0,0,1,0,1,0.6666666666666666,0,-0.6086956521739131,0.06863030250999297,0.032100000000000004,1,1,Away
2970,10013,10.0,S10,3,ZAH,ZAH,KIR,0,1,1,3,1,0,0,1,1,0,2,3,0,4,1,5,13,2.6666666666666665,3,1.2260859466831135,-0.05276195903489643,-0.06280000000000001,6,5,Home
2970,10020,10.0,S10,4,ZAH,ZAH,SSS,0,0,0,0,0,0,0,1,3,1,0,1,0,0,0,0,6,2.0,0,-2.1478525403560766,0.2380674659134126,0.43440000000000006,2,1,Home
2970,10035,10.0,S10,7,ZAH,ZAH,GOB,0,0,0,1,0,0,0,3,0,0,1,0,0,1,0,1,5,1.3333333333333333,0,-1.1943506850685068,0.14271728038465564,0.34700000000000003,1,0,Away
2970,11065,11.0,S11,11,LOB,LOB,ARA,0,0,0,0,0,0,0,0,0,1,0,0,0,0,0,0,1,0.3333333333333333,0,-0.5147058823529411,0.05549325107450449,0.0096,1,1,Home
2970,11069,11.0,S11,12,LOB,LOB,DOG,0,0,0,1,1,0,0,1,1,2,0,1,0,0,0,1,7,1.6666666666666667,0,-1.5731300821638607,0.1854716480908587,0.0313,2,1,Away
2970,12011,12.0,S12,3,CCS,CCS,SCR,1,0,0,0,0,0,0,1,0,3,2,0,0,0,0,1,7,2.0,1,-0.2249730893433799,0.05141361258110028,-0.0171,4,2,Home
2970,12041,12.0,S12,9,CCS,CCS,SDV,1,1,3,5,2,0,0,0,1,8,5,0,1,0,0,10,26,5.0,6,2.395877192146852,-0.13218430566956801,-0.2329,12,5,Home
2970,12069,12.0,S12,14,CCS,CCS,SDV,0,0,2,0,1,0,0,2,1,1,0,1,0,0,0,2,8,1.6666666666666667,2,1.0285018274213333,-0.06980297857440498,-0.12200000000000003,2,1,Away
2978,10007,10.0,S10,2,GRS,GRS,GOB,1,4,1,2,1,0,0,5,2,1,3,0,0,1,0,8,20,3.6666666666666665,5,2.6763590152118657,-0.18614815994886919,-0.3707,8,1,Home
2983,10018,10.0,S10,4,KRK,KRK,ACK,0,0,2,7,1,0,0,5,2,0,2,0,0,1,1,9,19,3.3333333333333335,4,1.5166380274391074,-0.07017606117159336,-0.0087,5,3,Away
2983,10057,10.0,S10,12,KRK,KRK,KIR,2,1,2,1,3,0,0,3,3,0,2,3,0,3,1,6,20,4.0,5,2.015839339035944,-0.10845508639237457,-0.3282,8,5,Home
2983,11017,11.0,S11,3,ARA,ARA,SHH,0,0,0,1,0,0,0,0,1,0,0,0,0,1,0,1,2,0.3333333333333333,0,0.6911196911196911,-0.05704398059433799,-0.09069999999999999,1,0,Away
2989,10003,10.0,S10,1,ACK,ACK,GRS,1,0,0,0,0,0,0,1,2,1,1,0,0,0,0,1,6,1.6666666666666667,1,-0.08524518643019796,0.03180673052082475,-0.14370000000000002,3,0,Away
2989,10009,10.0,S10,2,ACK,ACK,KIR,0,0,3,1,0,0,0,1,1,3,1,2,0,0,0,4,12,2.6666666666666665,0,0.7029903598262559,-0.023734612227015638,-0.09300000000000007,5,3,Away
2989,10018,10.0,S10,4,ACK,ACK,KRK,0,0,1,1,0,0,0,1,2,3,2,1,0,0,0,2,11,3.0,2,-0.6921754675467549,0.1119016018639846,0.1366,6,3,Home
2989,10039,10.0,S10,8,ACK,ACK,ZAH,0,0,1,2,0,0,0,2,1,6,2,0,1,0,0,3,14,4.0,1,-1.7546754675467549,0.22979270780288708,0.23170000000000004,8,6,Away
2989,10046,10.0,S10,10,ACK,ACK,GRS,0,0,1,0,4,0,0,5,3,9,1,0,0,1,0,1,23,6.0,1,-3.1320132013201323,0.40633016764323315,0.26359999999999995,6,2,Home
2996,10016,10.0,S10,4,GRS,GRS,BEE,1,0,0,2,0,0,0,2,0,3,1,1,0,1,0,3,10,2.3333333333333335,1,-0.45731094848615317,0.0884151499579244,0.04239999999999999,5,3,Away
2996,10036,10.0,S10,8,GRS,GRS,KRK,0,1,2,2,1,0,0,1,0,3,1,1,1,0,0,5,12,2.3333333333333335,4,1.0719244338226928,-0.06062801962665935,-0.2488,5,3,Away
2996,10052,10.0,S10,11,GRS,GRS,ZAH,1,0,1,1,3,0,0,0,1,1,0,0,0,0,1,3,8,1.0,4,3.3113311331133115,-0.2962097954946237,-0.19369999999999998,2,1,Away
2997,10004,10.0,S10,1,BEE,BEE,SSS,0,1,1,1,0,0,0,2,2,3,1,0,0,0,0,3,11,2.6666666666666665,1,0.48473123174386357,-0.00578906806507724,-0.0787,5,1,Home
2997,10023,10.0,S10,5,BEE,BEE,KIR,0,0,1,1,3,0,0,4,3,6,1,4,0,1,0,2,23,6.0,0,-4.132013201320133,0.5063301676432331,0.15809999999999996,11,5,Home
2997,11011,11.0,S11,2,HOT,HOT,SHH,0,1,1,1,1,1,0,2,1,1,4,0,1,0,0,3,12,3.0,1,-0.8004713275726631,0.12831908682779083,0.05679999999999999,5,0,Home
2997,11030,11.0,S11,5,HOT,HOT,ARA,0,0,1,3,1,0,0,3,4,0,0,3,0,1,0,4,15,3.3333333333333335,0,-1.0881284367635509,0.1731754491037211,0.03570000000000001,3,3,Home
2997,11070,11.0,S11,12,HOT,HOT,WRM,0,0,0,0,0,0,0,0,1,0,1,0,1,0,0,0,2,1.0,0,-0.8130081300813008,0.08934613868655084,0.013600000000000001,1,0,Home
2998,11022,11.0,S11,4,HOT,HOT,ROY,0,0,0,0,0,0,0,0,0,0,1,0,0,0,0,0,1,0.3333333333333333,0,-0.3347193347193347,0.037494596311143845,0.002,1,1,Home
2998,11030,11.0,S11,5,HOT,HOT,ARA,0,0,0,1,0,0,0,0,2,3,0,0,0,0,0,1,6,1.6666666666666667,0,-1.9126571091908877,0.21540168795435105,0.41750000000000004,3,0,Home
2998,11058,11.0,S11,10,HOT,HOT,LOB,0,0,0,0,0,0,0,1,0,0,0,0,0,0,0,0,1,0.3333333333333333,0,-0.1618204804045512,0.020204710879665494,0.0022,0,0,Away
2998,11062,11.0,S11,11,HOT,HOT,LAX,0,0,0,0,0,0,0,0,0,1,0,0,0,0,1,0,1,0.6666666666666666,0,-0.6511876496767496,0.07316409064609572,0.07339999999999999,2,1,Away
2998,11070,11.0,S11,12,HOT,HOT,WRM,0,0,0,0,0,0,0,1,2,1,0,0,0,0,0,0,4,1.3333333333333333,0,-0.861852679920237,0.10227591934886521,0.0339,1,1,Home
2998,11087,11.0,S11,15,HOT,HOT,POS,0,0,0,0,0,0,0,0,0,0,0,1,0,0,0,0,1,0.3333333333333333,0,-0.5147058823529411,0.05549325107450449,0.141,1,1,Away
2998,12020,12.0,S12,4,SEF,SEF,SDV,0,0,0,1,0,0,0,0,0,0,0,0,0,0,0,1,1,0.0,0,1.0,-0.09586909947903396,-0.18989999999999999,0,0,Away
2998,12032,12.0,S12,7,SEF,SEF,MMN,0,0,0,0,0,0,0,0,0,3,0,0,0,0,0,0,3,1.0,0,-1.0625,0.11864270156289813,0.334,3,0,Away
2998,12073,12.0,S12,16,SEF,SEF,PQD,0,0,0,0,0,0,0,0,1,0,0,0,0,0,0,0,1,0.3333333333333333,0,-0.5454545454545454,0.058676355066420584,0.15539999999999998,0,0,Away
3004,10009,10.0,S10,2,ACK,ACK,KIR,1,1,2,8,2,0,0,1,4,6,1,3,2,1,0,12,29,5.666666666666667,9,3.1060820367751063,-0.19419714428848578,-0.3569,12,5,Away
3004,10015,10.0,S10,3,ACK,ACK,SSS,0,0,1,0,1,0,0,2,2,0,0,0,0,0,0,1,6,1.3333333333333333,1,0.805649314931493,-0.05728271961534433,-0.17559999999999998,1,0,Home
3004,10018,10.0,S10,4,ACK,ACK,KRK,1,0,0,0,0,0,0,3,3,1,2,0,0,0,0,1,10,3.0,1,-0.4398377337733774,0.08278745984034602,0.014899999999999997,4,2,Home
3004,10064,10.0,S10,13,ACK,ACK,CRN,1,0,2,2,2,0,0,4,6,2,0,3,1,0,0,5,23,6.0,1,-3.1320132013201323,0.40244979899693223,0.32109999999999994,7,4,Home
3004,11011,11.0,S11,2,SHH,SHH,HOT,0,0,1,0,0,0,0,3,1,0,1,1,0,1,0,1,7,2.0,0,-1.4131652392721885,0.17349782664090185,0.4425,3,2,Away
3004,11017,11.0,S11,3,SHH,SHH,ARA,0,0,0,0,0,0,0,5,2,2,0,2,0,0,0,0,11,3.6666666666666665,0,-2.106026883128219,0.254851979544136,0.1437,6,2,Home
3004,11024,11.0,S11,4,SHH,SHH,PRP,0,0,1,2,2,0,0,8,4,2,1,0,1,2,0,3,21,6.0,0,-3.6009426551453263,0.45261551081637125,0.3775,6,2,Home
3004,11025,11.0,S11,5,SHH,SHH,IDR,0,0,1,2,0,0,0,1,0,2,1,0,0,0,0,3,7,1.3333333333333333,1,0.37026166122788273,-0.008867526248315633,-0.2696,3,1,Away
3004,11042,11.0,S11,7,SHH,SHH,DOG,0,1,0,2,0,0,0,0,1,1,0,0,0,0,1,3,5,1.0,2,2.186991869918699,-0.19456320995660764,-0.1431,2,0,Home
3004,11060,11.0,S11,10,SHH,SHH,POS,0,0,1,3,1,0,0,5,4,4,2,3,0,1,0,4,23,6.0,1,-2.6009426551453263,0.35663817365558165,0.26019999999999993,13,8,Home
3004,11084,11.0,S11,14,SHH,SHH,WRM,3,0,0,0,0,0,0,0,1,0,1,0,0,0,0,3,5,0.6666666666666666,3,2.5616633712136636,-0.2360530229253145,-0.33899999999999997,2,0,Home
3004,11090,11.0,S11,15,SHH,SHH,LOB,0,1,2,3,1,0,0,3,4,2,3,4,1,0,1,6,23,6.0,2,-1.6009426551453265,0.25663817365558167,0.37989999999999996,13,7,Home
3004,12018,12.0,S12,4,PQD,PQD,CCS,1,2,1,1,1,0,0,4,5,0,5,3,0,0,1,5,23,6.0,3,-0.6749192680301397,0.166633539306199,-0.18959999999999994,14,9,Home
3004,12025,12.0,S12,5,PQD,PQD,WWC,0,0,0,1,1,0,0,2,2,1,1,2,1,0,0,1,10,3.0,0,-1.28747308934338,0.17005631414399844,0.4483,5,3,Away
3004,12027,12.0,S12,6,PQD,PQD,SDV,0,0,0,0,0,0,0,0,1,2,0,0,0,0,0,0,3,1.0,0,-0.9032258064516128,0.10271528220805941,0.2534,3,1,Home
3004,12033,12.0,S12,7,PQD,PQD,DDD,0,0,1,3,2,0,0,7,3,2,0,0,0,0,0,4,18,4.0,2,-0.4499461786867598,0.11935082724606474,-0.07499999999999998,2,0,Home
3004,12040,12.0,S12,8,PQD,PQD,SCR,0,0,1,0,0,0,0,0,1,2,0,0,0,0,0,1,4,1.0,0,-0.61248654467169,0.07777225655103316,0.2274,3,0,Away
3004,12042,12.0,S12,9,PQD,PQD,KEG,1,0,0,1,1,0,0,1,0,0,0,0,0,1,0,2,4,0.3333333333333333,3,2.7465250832352863,-0.25399800571869846,-0.7726,0,0,Away
3004,12055,12.0,S12,11,PQD,PQD,SDV,0,0,0,0,0,0,0,2,0,0,2,0,0,0,0,0,4,1.3333333333333333,0,-0.802141717085483,0.09673777379241248,0.0606,2,2,Away
3004,12062,12.0,S12,13,PQD,PQD,WWC,0,0,1,0,0,0,0,1,0,1,0,1,0,0,0,1,4,1.0,0,-0.07079646017699126,0.02360324810156329,0.0,2,1,Home
3004,12072,12.0,S12,15,PQD,PQD,DDD,2,0,1,2,1,0,0,5,6,3,2,3,1,0,1,5,25,7.0,2,-2.2874058127018295,0.3361439948153001,0.025699999999999987,12,4,Home
3004,12073,12.0,S12,16,PQD,PQD,SEF,1,0,1,1,0,0,0,2,1,1,1,3,0,1,0,3,11,2.6666666666666665,1,-0.5839847172503566,0.10796927797662817,0.037,5,4,Home
3006,11010,11.0,S11,2,ARA,ARA,ROY,0,1,3,1,0,0,0,2,5,0,2,2,0,0,2,5,16,4.333333333333333,2,-1.216865947964489,0.1940945259022357,0.12390000000000002,8,3,Home
3006,11017,11.0,S11,3,ARA,ARA,SHH,0,0,1,1,1,0,0,1,1,0,1,1,2,0,0,2,7,2.0,0,-1.2003142183817754,0.14819006171265017,0.3443,3,2,Away
3006,11034,11.0,S11,6,ARA,ARA,WRM,0,1,1,3,2,0,0,2,6,2,2,2,0,1,1,5,21,5.0,1,-2.0007855459544386,0.2925997998972825,0.13180000000000003,9,6,Away
3006,11053,11.0,S11,9,ARA,ARA,SHH,0,2,0,2,0,0,0,8,3,2,2,2,0,0,1,4,21,6.0,3,-0.6009426551453263,0.1485928479771609,-0.06269999999999998,9,5,Home
3006,11068,11.0,S11,12,ARA,ARA,IDR,1,0,2,0,0,0,0,1,1,1,1,2,0,0,0,3,9,2.0,2,0.7996857816182246,-0.04376461260892909,-0.1291,4,2,Home
3006,11086,11.0,S11,15,ARA,ARA,LAX,0,1,4,1,0,0,0,3,0,0,0,1,0,0,0,6,10,1.3333333333333333,4,3.2777879713992464,-0.28755216874782086,-0.37040000000000006,1,1,Away
3009,10011,10.0,S10,3,BEE,BEE,SEO,1,0,1,1,4,0,0,3,3,0,1,1,1,0,0,3,15,3.0,4,1.3078245324532451,-0.07257692355081205,-0.279,5,2,Away
3009,10027,10.0,S10,6,BEE,BEE,CRN,0,0,0,0,0,0,0,0,1,1,0,1,0,0,0,0,3,1.0,0,-0.6886688668866887,0.08050799262757136,0.08360000000000001,3,1,Home
3009,10040,10.0,S10,8,BEE,BEE,SEO,3,1,3,0,4,0,0,2,3,1,4,0,1,0,0,7,22,4.333333333333333,8,4.953231985110066,-0.40995508829238836,-0.2898,9,4,Home
3009,10061,10.0,S10,13,BEE,BEE,SSS,0,1,0,1,0,0,0,3,3,1,4,6,0,0,1,2,19,6.0,0,-4.132013201320132,0.4908086930580298,0.7329,15,10,Away
3013,10010,10.0,S10,2,SSS,SSS,SEO,0,0,0,0,0,0,0,1,1,0,0,0,0,0,0,0,2,0.6666666666666666,0,-0.3965763195435092,0.04741836924695257,0.007,1,0,Home
3013,11025,11.0,S11,5,IDR,IDR,SHH,2,0,2,0,0,0,0,1,4,0,0,2,0,1,0,4,11,2.3333333333333335,4,2.537990210888875,-0.205527067018363,-0.25589999999999996,4,2,Home
3013,11032,11.0,S11,6,IDR,IDR,OKT,0,0,0,2,1,0,0,0,0,1,0,1,1,0,0,2,5,1.0,0,-0.6001571091908877,0.08012902511514065,0.009199999999999996,2,2,Away
3013,12001,12.0,S12,1,DDD,DDD,WWC,1,0,3,0,4,0,0,2,3,2,1,0,1,0,0,4,16,3.0,4,2.16254036598493,-0.15015962826303633,-0.2451,5,2,Home
3013,12016,12.0,S12,4,DDD,DDD,KEG,1,0,2,1,1,0,0,2,5,0,1,2,1,0,0,4,15,3.6666666666666665,3,0.9968623319515382,-0.03772272538066315,-0.1592,7,3,Away
3013,12036,12.0,S12,8,DDD,DDD,KEG,0,0,2,2,2,0,0,7,4,1,2,0,1,0,0,4,20,5.0,3,-0.42491926803013946,0.12510993722233482,0.0058,6,3,Home
3013,12051,12.0,S12,11,DDD,DDD,CCS,1,0,1,4,2,0,0,4,2,3,2,1,1,0,1,6,20,4.666666666666667,2,-0.3024327233584496,0.11699218327613188,0.06590000000000001,7,7,Away
3013,12066,12.0,S12,14,DDD,DDD,SEF,2,0,0,0,0,0,0,0,0,0,0,1,0,0,0,2,3,0.3333333333333333,2,1.7465250832352868,-0.16225980676063056,-0.19979999999999998,1,1,Home
3016,11002,11.0,S11,1,SHH,SHH,OKT,0,0,0,0,0,0,0,2,1,0,1,0,0,0,0,0,4,1.3333333333333333,0,-1.0519114951558,0.1212818008724215,0.0061,2,0,Away
3016,11011,11.0,S11,2,SHH,SHH,HOT,0,1,1,1,0,0,0,3,1,2,2,0,0,0,0,3,13,4.0,0,-2.187777415873138,0.2710723584970487,0.2904,6,4,Away
3016,11017,11.0,S11,3,SHH,SHH,ARA,0,0,1,1,2,1,0,0,0,3,0,0,0,0,0,2,7,1.0,2,1.3998428908091123,-0.11182564920643859,-0.23409999999999997,3,0,Home
3016,11031,11.0,S11,6,SHH,SHH,LAX,1,0,1,1,2,0,0,1,1,0,1,0,0,0,0,3,9,1.3333333333333333,5,3.0304550123874554,-0.2668415356858521,-0.3618,2,1,Away
3016,12025,12.0,S12,5,PQD,PQD,WWC,1,0,1,5,1,0,0,4,2,2,1,0,0,0,0,7,17,3.0,3,0.6125538213132401,0.008969926725098746,-0.23939999999999997,4,1,Away
3025,10017,10.0,S10,4,CRN,CRN,KIR,0,0,1,1,2,0,0,2,5,0,2,0,0,1,0,2,13,3.0,2,-0.06600660066006614,0.06092582111421819,0.1344,6,1,Away
3028,10020,10.0,S10,4,ZAH,ZAH,SSS,1,0,1,2,1,0,0,3,2,2,1,1,0,1,0,4,14,3.0,2,-0.06600660066006625,0.06480618976051902,-0.1019,4,2,Home
3029,11015,11.0,S11,3,LOB,LOB,LAX,1,0,0,0,1,0,0,2,1,3,0,0,0,1,0,1,8,2.0,1,-0.7472159327202994,0.11092555882492335,0.40440000000000004,3,1,Home
3029,11041,11.0,S11,7,LOB,LOB,ARA,0,0,1,1,0,0,0,0,0,1,1,0,0,0,0,2,4,0.6666666666666666,0,-0.33846153846153854,0.049936805202995364,0.0004000000000000001,2,1,Away
3029,12003,12.0,S12,1,PQD,PQD,MMN,0,0,0,0,0,0,0,1,0,0,0,0,0,0,0,0,1,0.3333333333333333,0,-0.4468085106382978,0.04881175158479582,0.0236,0,0,Away
3029,12012,12.0,S12,3,PQD,PQD,DDD,0,1,3,1,1,0,0,0,1,4,1,0,1,0,0,5,12,2.3333333333333335,3,1.8705695630652222,-0.13748615005492976,-0.33019999999999994,5,1,Away
3029,12047,12.0,S12,10,PQD,PQD,SAL,0,0,0,4,1,0,0,4,6,5,2,3,0,0,0,4,25,6.666666666666667,0,-3.841258380615733,0.4873983510857244,0.6948,10,5,Home
3029,12073,12.0,S12,16,PQD,PQD,SEF,2,0,1,0,1,0,0,4,1,4,1,0,0,0,0,3,14,3.3333333333333335,3,0.909065449220217,-0.033073937628497085,-0.13129999999999997,5,2,Home
3030,11012,11.0,S11,2,LOB,LOB,PRP,1,0,1,0,0,0,0,0,2,1,1,0,0,0,0,2,6,1.3333333333333333,1,0.23802241040456118,0.00033373599480612803,-0.002700000000000001,3,1,Away
3030,11023,11.0,S11,4,LOB,LOB,DOG,0,0,1,2,2,0,0,2,0,1,1,0,1,0,0,3,9,1.6666666666666667,2,1.5987053894613619,-0.12366657339324277,-0.1331,2,2,Home
3030,11077,11.0,S11,13,LOB,LOB,OKT,2,0,1,0,2,0,0,2,0,4,2,3,1,0,0,3,16,4.0,4,1.5993715632364491,-0.0955745508962789,-0.13849999999999998,8,6,Home
3030,12015,12.0,S12,3,MMN,MMN,SEF,0,0,0,0,0,0,0,2,0,0,0,0,0,0,0,0,2,0.6666666666666666,0,-0.5613207547169812,0.06439387651363021,0.017,0,0,Away
3030,12023,12.0,S12,5,MMN,MMN,SAL,1,0,3,2,1,0,0,0,0,6,1,1,0,0,0,6,15,2.6666666666666665,5,3.609348876623228,-0.29897137984783223,-0.35789999999999994,7,3,Home
3030,12064,12.0,S12,13,MMN,MMN,SCR,2,0,0,1,2,0,0,1,0,1,0,1,0,0,0,3,8,1.0,5,5.3215250832352865,-0.4991053041558004,-0.39569999999999994,2,1,Away
3032,10001,10.0,S10,1,GOB,GOB,KIR,1,0,0,4,0,0,0,0,1,0,0,0,0,1,0,5,6,0.3333333333333333,4,3.780775716694772,-0.35091499114537145,-0.08180000000000001,1,0,Home
3032,10026,10.0,S10,6,GOB,GOB,ACK,0,0,0,0,0,0,0,0,1,1,1,0,0,0,0,0,3,1.0,0,-0.6886688668866887,0.08050799262757136,0.0038000000000000004,2,1,Away
3032,10054,10.0,S10,11,GOB,GOB,ACK,0,0,0,1,0,0,0,1,2,0,0,0,0,0,0,1,4,1.0,0,-0.6886688668866887,0.08438836127387218,0.08360000000000001,2,0,Home
3032,10066,10.0,S10,14,GOB,GOB,BEE,0,0,0,0,0,0,0,2,1,0,0,0,0,0,0,0,3,1.0,0,-0.6886688668866887,0.08050799262757136,0.0156,1,0,Home
3032,11046,11.0,S11,8,PRP,PRP,ARA,1,0,1,0,1,0,0,0,0,0,1,0,0,0,0,2,4,0.3333333333333333,1,1.4099547511312216,-0.12490482375628068,-0.3925,1,0,Away
3032,11081,11.0,S11,14,PRP,PRP,ROY,0,0,0,1,0,0,0,1,0,0,0,1,0,0,0,1,3,0.6666666666666666,0,0.21608040201005035,-0.009540051683373907,-0.0021,1,1,Away
3034,10045,10.0,S10,9,ZAH,ZAH,KIR,1,1,3,1,0,0,0,4,2,2,1,2,0,1,1,6,17,4.0,2,-0.9841606609640556,0.16826270172982047,0.20529999999999995,7,3,Away
3035,11026,11.0,S11,5,DOG,DOG,LAX,0,0,0,1,0,0,0,0,0,0,1,0,0,0,0,1,2,0.3333333333333333,0,-0.1618204804045512,0.024227373718875865,0.018199999999999994,1,0,Home
3035,11076,11.0,S11,13,DOG,DOG,HOT,3,0,0,2,1,0,0,2,3,0,2,2,0,0,0,5,15,3.0,3,1.1995286724273369,-0.05961292465457806,-0.19180000000000003,7,4,Away
3041,10016,10.0,S10,4,BEE,BEE,GRS,3,1,1,4,2,0,0,3,9,0,4,1,1,0,0,9,28,6.0,5,0.8679867986798682,0.021851642228436417,-0.2651,9,5,Home
3041,10050,10.0,S10,10,BEE,BEE,ZAH,0,0,3,0,3,0,0,7,3,2,2,3,1,0,0,3,23,6.0,1,-3.1320132013201323,0.40244979899693223,0.4467000000000001,8,4,Home
3041,10066,10.0,S10,14,BEE,BEE,GOB,1,0,1,1,2,0,0,3,1,1,0,3,1,0,0,3,13,3.0,2,-0.06600660066006608,0.05704545246791738,0.01829999999999999,4,3,Away
3041,11008,11.0,S11,2,IDR,IDR,POS,1,1,0,2,3,0,0,10,2,2,4,4,1,2,1,4,29,8.0,1,-3.8012568735271017,0.5088508982074422,0.8066000000000001,12,6,Away
3041,11020,11.0,S11,4,IDR,IDR,WRM,0,0,0,1,1,0,0,2,3,0,0,1,0,0,0,1,8,2.0,0,-1.2003142183817754,0.15221272455186055,0.05550000000000001,3,1,Away
3041,11049,11.0,S11,9,IDR,IDR,POS,0,0,1,4,1,0,0,5,2,3,3,0,0,1,0,5,19,4.333333333333333,1,-1.7700163151852077,0.25745488830272834,0.1777,8,2,Home
3041,11091,11.0,S11,16,IDR,IDR,LAX,1,0,1,3,0,0,0,3,1,1,0,2,1,0,0,5,12,2.6666666666666665,3,1.5084089813076458,-0.10256894406024006,-0.23049999999999995,4,2,Away
3052,11005,11.0,S11,1,ARA,ARA,DOG,0,1,1,1,1,0,0,0,2,0,0,0,0,1,1,3,6,1.0,3,2.70566029901804,-0.23838472718812098,-0.0653,3,0,Home
3056,11026,11.0,S11,5,LAX,LAX,DOG,1,0,0,0,0,0,0,3,0,1,1,1,0,0,0,1,7,2.0,1,-0.20031421838177543,0.04819006171265018,-0.015000000000000012,3,1,Away
3058,10019,10.0,S10,4,SEO,SEO,GOB,1,0,0,2,1,0,0,8,5,3,0,1,0,0,0,3,21,5.666666666666667,2,-1.9127889180149045,0.27276663337380785,0.2115,6,3,Away
3058,10044,10.0,S10,9,SEO,SEO,CRN,1,0,1,4,0,0,0,2,2,1,2,2,0,1,1,6,15,3.3333333333333335,2,0.2524167310348051,0.040724593883633545,-0.05370000000000001,6,3,Away
3059,10001,10.0,S10,1,KIR,KIR,GOB,0,0,1,1,0,0,0,0,2,0,1,0,0,0,0,2,5,1.0,1,0.3113311331133113,-0.01173127007982698,0.0028,2,1,Away
3059,10009,10.0,S10,2,KIR,KIR,ACK,0,0,0,0,0,0,0,0,1,0,0,0,0,0,0,0,1,0.3333333333333333,0,-1.125,0.11638036864630083,0.1414,1,0,Home
3059,10013,10.0,S10,3,KIR,KIR,ZAH,0,0,0,0,0,0,0,0,1,0,0,0,0,0,0,0,1,0.3333333333333333,0,-0.2192242833052276,0.02580279697682359,0.0216,1,0,Away
3059,10017,10.0,S10,4,KIR,KIR,CRN,4,1,0,3,2,0,0,3,9,2,3,0,0,0,0,8,27,5.666666666666667,5,1.285342170580694,-0.02376426360794706,-0.18590000000000004,11,4,Home
3059,10033,10.0,S10,7,KIR,KIR,KRK,0,0,0,2,0,0,0,1,11,0,4,1,1,0,0,2,19,6.0,0,-4.132013201320133,0.48692832441172895,0.46430000000000005,9,5,Home
3059,10047,10.0,S10,10,KIR,KIR,GOB,2,0,0,2,1,0,0,1,1,0,0,1,0,0,1,4,8,1.3333333333333333,2,1.2313579184005357,-0.08821247402334613,-0.17160000000000003,3,1,Home
3059,10062,10.0,S10,13,KIR,KIR,GRS,2,0,0,1,2,0,0,2,3,1,0,0,0,0,0,3,11,2.0,3,1.6226622662266226,-0.11958217151335314,-0.029299999999999993,2,2,Home
3059,11002,11.0,S11,1,OKT,OKT,SHH,2,0,0,0,1,0,1,0,1,0,0,0,0,1,0,2,4,0.3333333333333333,3,2.738304429270651,-0.2537171287310132,-0.0357,1,0,Home
3059,11007,11.0,S11,2,OKT,OKT,LAX,2,0,1,0,2,0,0,0,3,0,2,0,0,1,1,3,10,2.0,3,1.7996857816182246,-0.13169662409129795,-0.2299,6,2,Away
3059,11027,11.0,S11,5,OKT,OKT,ROY,3,0,0,2,0,0,0,2,0,1,2,0,0,1,1,5,10,2.0,4,2.7996857816182246,-0.23169662409129793,-0.361,4,4,Home
3059,11050,11.0,S11,9,OKT,OKT,LAX,1,1,1,1,0,0,0,0,7,2,1,1,1,0,0,4,15,4.0,1,-0.6930932382621309,0.12964926641436875,0.0761,10,4,Home
3059,11067,11.0,S11,12,OKT,OKT,POS,1,0,1,3,0,0,0,0,7,1,1,0,0,0,1,5,14,3.3333333333333335,1,-0.6829813779400215,0.1286380803821578,0.031100000000000003,8,3,Home
3059,11092,11.0,S11,16,OKT,OKT,ROY,0,0,0,0,2,0,0,1,3,0,1,1,0,0,0,0,8,2.0,0,-1.2003142183817754,0.15221272455186055,0.1724,4,3,Away
3061,10008,10.0,S10,2,ZAH,ZAH,CRN,1,0,1,3,1,0,0,2,3,1,0,1,0,1,2,5,13,3.0,2,-0.06600660066006625,0.06480618976051905,-0.012200000000000006,5,2,Home
3072,11026,11.0,S11,5,DOG,DOG,LAX,0,0,0,0,0,0,0,0,0,1,0,0,0,0,0,0,1,0.3333333333333333,0,-0.1618204804045512,0.020204710879665494,0.0004,1,1,Home
3074,11023,11.0,S11,4,DOG,DOG,LOB,1,0,3,3,1,0,0,4,1,2,2,1,1,0,0,7,18,3.6666666666666665,4,1.7611920436410005,-0.10371127325831328,-0.3358,6,3,Away
3075,11015,11.0,S11,3,LOB,LOB,LAX,1,0,1,0,0,0,0,2,0,0,0,0,0,0,0,2,4,0.6666666666666666,1,1.0219420083945108,-0.08610354948260956,-0.03900000000000001,0,0,Home
3075,11033,11.0,S11,6,LOB,LOB,ROY,2,0,0,1,0,0,0,0,0,0,0,0,0,0,0,3,3,0.0,3,3.0,-0.28793201148236885,-0.2861,0,0,Away
3075,11041,11.0,S11,7,LOB,LOB,ARA,1,0,0,1,1,0,0,0,0,0,0,0,0,0,0,2,3,0.0,3,3.0,-0.2879320114823689,-0.387,0,0,Away
3075,11077,11.0,S11,13,LOB,LOB,OKT,0,0,0,0,3,0,0,0,2,0,1,0,1,0,0,0,6,1.3333333333333333,0,-0.7222120286007535,0.09635717989533761,0.1315,1,1,Home
3085,11032,11.0,S11,6,IDR,IDR,OKT,0,0,3,2,2,0,0,3,1,1,0,2,0,0,0,5,15,3.0,1,-0.8004713275726631,0.14038707534542197,0.0779,5,3,Away
3085,11049,11.0,S11,9,IDR,IDR,POS,0,0,1,0,0,0,0,0,0,0,1,0,0,0,0,1,2,0.3333333333333333,0,0.5482456140350878,-0.04677923572508803,-0.0191,1,1,Home
3085,11068,11.0,S11,12,IDR,IDR,ARA,1,0,0,1,4,0,0,3,5,1,1,2,0,0,0,2,18,4.0,2,-0.40062843676355087,0.11247077478214187,0.008200000000000027,7,3,Away
3088,12034,12.0,S12,7,SDV,SDV,KEG,1,0,1,1,4,0,0,2,7,0,5,3,1,1,0,3,24,6.0,1,-2.67491926803014,0.370764439827165,0.24459999999999998,13,7,Home
3088,12048,12.0,S12,10,SDV,SDV,SCR,2,0,1,2,1,0,0,0,0,1,1,0,0,0,0,5,8,0.6666666666666666,6,5.577168627742103,-0.5246696586064821,-0.5661,2,2,Away
3093,11014,11.0,S11,3,WRM,WRM,OKT,2,0,0,2,2,0,0,2,2,1,2,2,2,0,0,4,15,3.6666666666666665,3,0.7611920436410005,-0.01577926177594441,0.008600000000000003,6,4,Away
3093,12024,12.0,S12,5,KEG,KEG,SCR,0,0,1,0,0,0,0,1,2,0,0,0,0,0,0,1,4,1.0,0,-0.61248654467169,0.07777225655103316,0.0015,1,0,Away
3093,12067,12.0,S12,14,KEG,KEG,SCR,1,0,0,1,0,0,0,2,0,1,0,0,0,0,0,2,5,1.0,2,1.38751345532831,-0.11809684292800078,-0.3941,1,1,Home
3097,11068,11.0,S11,12,IDR,IDR,ARA,0,0,0,0,0,0,0,1,0,2,3,0,0,0,0,0,6,2.0,0,-1.2003142183817754,0.1441673988734398,0.1093,5,4,Away
3097,12020,12.0,S12,4,SDV,SDV,SEF,0,0,0,2,4,0,0,1,0,0,2,2,1,2,0,2,11,2.0,1,0.06576617243654304,0.0471250895289043,-0.029099999999999987,5,4,Home
3099,11007,11.0,S11,2,LAX,LAX,OKT,1,2,2,2,1,0,0,0,5,2,2,2,1,0,0,7,19,4.0,4,1.5993715632364491,-0.08350656237864779,-0.3099,8,4,Home
3099,11026,11.0,S11,5,LAX,LAX,DOG,0,0,1,0,0,0,0,0,0,0,0,0,0,0,0,1,1,0.0,1,0.70753519850142,-0.06673085701093162,-0.005600000000000001,0,0,Away
3099,11038,11.0,S11,7,LAX,LAX,ROY,0,0,1,0,0,0,0,2,2,0,2,0,0,0,0,1,7,2.0,0,-1.2003142183817754,0.14819006171265017,0.1387,4,2,Home
3099,11055,11.0,S11,10,LAX,LAX,ROY,1,0,0,1,0,0,0,1,1,0,0,1,0,0,0,2,5,1.0,2,1.3998428908091123,-0.11987097488485933,-0.08049999999999999,1,1,Away
3099,12014,12.0,S12,3,SDV,SDV,SAL,0,0,0,0,0,0,0,0,0,0,0,1,0,1,1,0,1,0.6666666666666666,0,-0.9,0.09826180104193209,0.1861,2,1,Home
3101,11033,11.0,S11,6,LOB,LOB,ROY,0,0,1,1,0,0,0,1,0,0,0,2,0,0,0,2,5,1.0,1,0.3998428908091123,-0.019870974884859345,-0.0026000000000000007,2,2,Away
3101,11048,11.0,S11,8,LOB,LOB,SHH,1,0,1,2,1,0,0,3,2,1,2,2,0,1,0,4,15,3.3333333333333335,3,-0.16985920599432003,0.08134852602679801,-0.02139999999999999,6,3,Home
3101,11052,11.0,S11,9,LOB,LOB,WRM,1,0,1,0,0,0,0,2,0,0,2,0,0,0,0,2,6,1.3333333333333333,2,0.9480885048442002,-0.07067287344915774,-0.0983,2,0,Away
3101,11077,11.0,S11,13,LOB,LOB,OKT,0,0,0,0,0,0,0,0,0,0,1,0,1,0,0,0,1,0.6666666666666666,0,-0.4781021897810219,0.05183288181731257,0.17620000000000002,1,1,Home
3102,11051,11.0,S11,9,DOG,DOG,ROY,0,0,2,3,2,0,0,2,1,4,1,4,0,1,0,5,19,4.0,3,0.5993715632364491,0.020516100460562618,-0.10960000000000003,8,6,Away
3102,12037,12.0,S12,8,CCS,CCS,MMN,0,0,0,1,1,0,0,1,3,0,0,0,0,0,0,1,6,1.3333333333333333,0,-0.05929505530998774,0.03071490865679504,-0.011800000000000001,0,0,Away
3103,11026,11.0,S11,5,DOG,DOG,LAX,0,0,0,0,0,0,0,0,0,0,0,0,0,0,1,0,0,0.3333333333333333,0,-0.8085972850678732,0.0848823913459977,0.121,0,0,Home
3105,11006,11.0,S11,1,LOB,LOB,HOT,1,0,0,1,1,0,0,1,1,1,0,0,0,0,0,2,6,1.0,3,1.6126939116995256,-0.1371334141346903,-0.1891,2,1,Away
3105,11069,11.0,S11,12,LOB,LOB,DOG,0,1,0,1,0,0,0,1,0,0,0,1,0,1,0,2,4,0.6666666666666666,1,1.210995383377534,-0.10098622414170151,-0.0296,1,1,Away
3105,12030,12.0,S12,6,WWC,WWC,SEF,0,0,0,0,1,0,0,3,1,1,0,0,0,1,0,0,7,2.0,0,-0.5157123511233028,0.08461843928005862,-0.03539999999999995,1,1,Away
3106,12022,12.0,S12,5,SDV,SDV,DDD,0,0,3,1,2,0,0,9,3,3,1,1,1,0,0,4,23,6.0,1,-2.6749192680301395,0.3625026387852329,0.3228,5,4,Away
3107,11032,11.0,S11,6,IDR,IDR,OKT,0,0,1,0,1,0,0,1,2,1,1,1,0,0,0,1,8,2.0,0,-1.2003142183817754,0.15221272455186058,0.043399999999999994,4,1,Away
3107,11044,11.0,S11,8,IDR,IDR,ROY,0,0,0,3,0,0,0,4,1,0,0,1,0,0,0,3,9,2.0,0,-1.2003142183817754,0.15623538739107093,0.011800000000000001,2,1,Away
3107,11049,11.0,S11,9,IDR,IDR,POS,0,0,0,0,0,0,0,1,1,0,0,0,0,0,0,0,2,0.6666666666666666,0,-0.23076923076923078,0.031122248755343827,0.026699999999999995,2,0,Home
3107,11061,11.0,S11,11,IDR,IDR,WRM,0,0,1,1,1,0,0,2,1,0,1,1,1,0,0,2,8,2.0,0,-1.2003142183817754,0.15221272455186055,0.004299999999999999,3,2,Home
3107,11083,11.0,S11,14,IDR,IDR,LOB,0,0,0,1,2,0,0,2,1,0,0,3,2,0,0,1,9,2.6666666666666665,0,-1.538775756843314,0.1900815412372248,0.2612,3,3,Away
3107,12003,12.0,S12,1,PQD,PQD,MMN,0,0,0,0,0,0,0,2,1,0,0,0,0,0,0,0,3,1.0,0,-0.61248654467169,0.07364135603006712,0.0182,1,0,Away
3107,12007,12.0,S12,2,PQD,PQD,KEG,0,0,1,0,0,0,0,3,0,0,0,1,0,0,0,1,5,1.3333333333333333,0,-1.1579410901262355,0.13644861161745375,0.029899999999999996,1,1,Home
3107,12012,12.0,S12,3,PQD,PQD,DDD,0,0,1,2,0,0,0,2,0,1,0,0,0,1,0,3,7,1.3333333333333333,2,1.2181569998351265,-0.08876849581578429,-0.7015999999999999,2,0,Away
3107,12033,12.0,S12,7,PQD,PQD,DDD,0,0,0,0,0,0,0,4,1,0,1,0,0,0,0,0,6,2.0,0,-1.22497308934338,0.14728271206013424,0.1111,2,1,Home
3107,12055,12.0,S12,11,PQD,PQD,SDV,1,0,1,3,2,0,0,6,2,1,0,4,1,0,0,5,20,4.666666666666667,3,0.12722244905534352,0.06989576551378654,0.2572,6,4,Away
3107,12059,12.0,S12,12,PQD,PQD,SEF,0,1,0,4,0,0,0,4,0,1,3,2,1,1,0,5,15,3.6666666666666665,0,-2.398780388732051,0.3059724472086618,0.09630000000000001,6,4,Away
3108,11026,11.0,S11,5,DOG,DOG,LAX,0,0,0,0,0,0,0,1,0,0,0,0,0,0,0,0,1,0.3333333333333333,0,-0.1766410580569873,0.021686768644909104,0.0319,0,0,Home
3108,11066,11.0,S11,11,DOG,DOG,SHH,2,0,0,4,2,0,0,3,2,3,1,1,0,0,0,6,18,4.0,5,1.8122225841268622,-0.10881432730689944,-0.20430000000000004,6,3,Home
3108,12010,12.0,S12,2,SDV,SDV,WWC,1,0,0,1,1,0,0,1,1,1,3,1,1,0,0,2,10,2.6666666666666665,1,-0.5839847172503566,0.09970747693469609,-0.03380000000000001,5,2,Away
3108,12048,12.0,S12,10,SDV,SDV,SCR,1,1,0,1,2,0,0,1,0,0,1,1,1,0,0,3,8,1.3333333333333333,4,2.8353717382428267,-0.25048996965655435,-0.023999999999999997,2,2,Away
3109,12055,12.0,S12,11,SDV,SDV,PQD,4,0,2,1,6,0,0,6,3,2,2,4,1,0,0,7,30,6.0,6,2.32508073196986,-0.10858105756800475,-0.18219999999999997,10,5,Home
3110,11063,11.0,S11,11,OKT,OKT,PRP,0,0,0,0,0,0,0,0,1,0,0,0,0,0,0,0,1,0.3333333333333333,0,-0.26169557072934924,0.030192219912145303,0.0332,0,0,Home
3110,11085,11.0,S11,15,OKT,OKT,IDR,0,0,0,0,0,0,0,2,0,0,0,1,0,0,0,0,3,1.0,0,-0.6001571091908877,0.0720836994367199,0.0644,1,1,Away
3110,12013,12.0,S12,3,WWC,WWC,KEG,1,0,2,2,4,0,0,5,3,1,2,3,0,2,1,5,23,5.0,3,-0.06243272335844957,0.1136466858809621,-0.1426,10,4,Away
3110,12030,12.0,S12,6,WWC,WWC,SEF,0,0,0,4,1,0,0,4,3,1,3,2,2,2,0,4,18,5.0,1,-2.771693461578527,0.35978735657717353,0.41419999999999996,8,3,Away
3110,12045,12.0,S12,9,WWC,WWC,DDD,1,1,2,2,1,0,0,1,2,0,0,0,0,0,0,6,10,1.0,6,5.02502691065662,-0.46119368585600157,-0.3968,0,0,Home
3110,12060,12.0,S12,12,WWC,WWC,CCS,0,0,0,3,1,0,0,2,7,0,4,4,1,0,0,3,21,6.0,0,-3.6749192680301395,0.4542408377433009,0.4674,12,6,Home
3112,12009,12.0,S12,2,SEF,SEF,DDD,2,0,3,1,3,0,0,2,1,2,2,4,0,0,0,6,20,3.6666666666666665,4,2.0955083667677856,-0.12693282625745772,-0.32930000000000004,7,4,Home
3116,11026,11.0,S11,5,LAX,LAX,DOG,0,0,0,0,0,0,0,0,0,0,1,0,0,0,0,0,1,0.3333333333333333,0,-0.7055555555555556,0.07457821839476594,0.050199999999999995,1,0,Away
3116,11031,11.0,S11,6,LAX,LAX,SHH,2,0,1,1,0,0,0,3,3,0,0,0,0,0,0,4,10,2.0,4,2.7996857816182246,-0.23974194976971872,0.0082,0,0,Home
3118,11026,11.0,S11,5,DOG,DOG,LAX,1,0,0,1,1,0,0,2,2,0,0,1,0,0,1,2,8,2.0,2,0.7996857816182246,-0.043764612608929054,-0.1641,3,1,Home
3118,11035,11.0,S11,6,DOG,DOG,POS,1,0,2,0,3,0,0,2,7,3,2,4,0,0,0,3,24,6.0,3,-0.6009426551453262,0.15663817365558166,0.050599999999999964,11,10,Home
3118,11089,11.0,S11,15,DOG,DOG,PRP,1,0,0,2,1,0,0,2,2,1,0,2,1,0,1,3,11,3.0,2,-0.508006526074083,0.09907260667793283,-0.03860000000000002,5,2,Away
3118,12002,12.0,S12,1,SDV,SDV,KEG,0,0,1,2,2,0,0,2,5,2,4,2,0,3,0,3,20,5.0,0,-3.06243272335845,0.40125398431806397,0.4284,11,7,Away
3118,12020,12.0,S12,4,SDV,SDV,SEF,0,0,1,1,1,0,0,5,2,1,0,2,0,0,2,2,13,4.0,0,-2.7406854404666827,0.3360320518611589,0.3194,7,5,Home
3118,12041,12.0,S12,9,SDV,SDV,CCS,1,1,1,3,3,0,0,1,4,1,1,0,0,1,0,6,16,2.3333333333333335,6,4.521551993891907,-0.38192989053276793,-0.4130999999999999,6,1,Away
3118,12057,12.0,S12,12,SDV,SDV,MMN,0,0,1,0,3,0,0,2,5,0,2,0,0,1,0,1,13,3.0,1,-0.8374596340150697,0.1415785706950316,0.0028000000000000247,7,2,Away
3124,11005,11.0,S11,1,DOG,DOG,ARA,0,0,1,0,1,0,0,0,2,1,0,1,0,0,0,1,6,1.3333333333333333,1,0.23802241040456112,0.00033373599480613497,-0.005,2,2,Away
3124,11026,11.0,S11,5,DOG,DOG,LAX,0,0,0,0,0,0,0,0,0,1,0,0,0,0,0,0,1,0.3333333333333333,0,-0.1766410580569873,0.021686768644909104,0.0203,1,0,Home
3124,11057,11.0,S11,10,DOG,DOG,IDR,0,1,1,4,0,0,0,0,1,7,0,4,0,1,0,6,18,4.0,3,0.5993715632364491,0.016493437621352223,-0.10609999999999996,11,8,Home
3126,11008,11.0,S11,2,IDR,IDR,POS,1,0,0,0,2,0,0,2,3,1,2,2,0,0,2,1,13,4.0,1,-1.4006284367635509,0.20040278626451075,0.20340000000000003,10,4,Away
3126,11020,11.0,S11,4,IDR,IDR,WRM,0,0,0,0,0,0,0,2,1,0,1,2,0,0,0,0,6,2.0,0,-1.2003142183817754,0.1441673988734398,0.1722,4,3,Away
3127,11024,11.0,S11,4,PRP,PRP,SHH,0,0,2,0,0,0,0,1,0,1,1,0,0,0,0,2,5,1.0,1,0.3998428908091123,-0.019870974884859338,-0.012899999999999998,2,1,Away
3127,11059,11.0,S11,10,PRP,PRP,ARA,0,0,0,2,0,0,0,1,2,0,2,1,0,0,0,2,8,2.0,0,-1.2003142183817754,0.15221272455186055,0.3077,5,3,Home
3127,11078,11.0,S11,13,PRP,PRP,SHH,0,0,0,2,0,0,0,3,3,3,6,2,1,0,0,2,19,6.0,0,-3.6009426551453263,0.4365248594595298,0.5831000000000001,13,8,Home
3127,11089,11.0,S11,15,PRP,PRP,DOG,0,0,1,3,3,0,0,2,1,1,2,1,2,1,0,4,14,3.0,3,1.1995286724273369,-0.05961292465457801,-0.18019999999999997,5,2,Home
3127,12001,12.0,S12,1,WWC,WWC,DDD,1,1,1,1,2,0,0,1,6,3,4,4,0,0,0,4,24,6.0,1,-2.6749192680301395,0.366633539306199,0.21980000000000005,13,8,Away
3127,12019,12.0,S12,4,WWC,WWC,SAL,1,0,0,1,2,0,0,8,3,1,2,0,1,0,0,2,18,5.0,1,-2.06243272335845,0.28059948171323373,0.12519999999999998,6,1,Away
3127,12030,12.0,S12,6,WWC,WWC,SEF,0,0,0,2,0,0,0,0,1,1,1,0,0,0,0,2,5,1.0,0,-0.61248654467169,0.0819031570719992,0.22740000000000002,3,1,Away
3127,12035,12.0,S12,7,WWC,WWC,SCR,1,0,0,3,1,0,0,5,1,1,3,1,0,1,0,4,16,3.6666666666666665,3,0.7397089937270334,-0.0037455905162805947,-0.22669999999999996,7,4,Home
3127,12045,12.0,S12,9,WWC,WWC,DDD,1,1,3,6,1,0,0,4,2,3,2,0,1,1,3,11,23,5.0,5,2.3000538213132407,-0.11847106806524088,-0.013799999999999998,10,4,Home
3127,12053,12.0,S12,11,WWC,WWC,MMN,0,1,3,3,0,0,0,5,4,2,1,5,1,0,0,7,24,6.0,1,-2.67491926803014,0.366633539306199,0.3384,10,6,Away
3127,12070,12.0,S12,14,WWC,WWC,SAL,3,0,0,2,0,0,0,3,3,2,3,5,2,0,0,5,21,6.0,3,-0.6749192680301395,0.15424083774330086,0.2603,13,6,Home
3128,11018,11.0,S11,3,DOG,DOG,PRP,1,0,1,1,1,0,0,4,3,2,4,5,0,0,0,3,22,6.0,1,-2.6009426551453263,0.3485928479771609,0.3308,11,7,Home
3128,11026,11.0,S11,5,DOG,DOG,LAX,1,0,0,0,0,0,0,1,0,0,0,1,0,0,0,1,3,0.6666666666666666,1,0.5616633712136635,-0.044098348603735224,-0.18629999999999997,1,1,Home
3128,11042,11.0,S11,7,DOG,DOG,SHH,2,0,0,1,1,0,0,1,3,0,2,3,0,1,0,3,13,3.0,2,0.19952867242733685,0.03636441250621157,-0.09409999999999999,6,3,Away
3128,11079,11.0,S11,14,DOG,DOG,OKT,0,0,0,0,1,0,0,1,0,1,3,0,1,0,0,0,6,2.0,0,-1.2003142183817754,0.1441673988734398,0.1357,3,1,Away
3128,11089,11.0,S11,15,DOG,DOG,PRP,1,0,0,0,0,0,0,1,1,1,3,2,0,0,0,1,9,2.6666666666666665,1,-0.638650847168112,0.10006905026970458,-0.036699999999999955,6,2,Away
3128,11094,11.0,S11,16,DOG,DOG,ARA,1,0,3,5,0,0,0,3,3,1,7,2,2,0,0,9,25,6.0,3,-0.6009426551453262,0.16066083649479204,0.10829999999999998,11,2,Home
3129,11061,11.0,S11,11,IDR,IDR,WRM,2,0,0,1,1,0,0,1,0,1,2,1,1,0,0,3,9,2.0,3,1.7123428908091125,-0.13503032352801783,-0.021699999999999997,4,3,Home
3129,11091,11.0,S11,16,IDR,IDR,LAX,0,0,0,2,1,0,0,4,2,1,0,2,0,0,1,2,12,3.3333333333333335,0,-2.109351636452972,0.2632297805550321,0.4305,6,2,Away
3142,11031,11.0,S11,6,LAX,LAX,SHH,2,1,0,2,1,0,0,3,6,3,0,0,0,0,0,5,18,4.0,2,-0.4006284367635508,0.11247077478214182,-0.07409999999999999,4,1,Home
3142,11055,11.0,S11,10,LAX,LAX,ROY,1,0,1,1,2,0,0,2,1,3,1,1,1,0,0,3,13,3.0,1,-0.8004713275726631,0.13234174966700119,0.1588,5,3,Away
3143,11001,11.0,S11,1,IDR,IDR,LAX,1,0,3,2,1,0,0,0,2,5,1,1,1,0,0,6,16,3.3333333333333335,3,1.3832911612263987,-0.07396651069527385,-0.19409999999999997,7,4,Home
3143,11013,11.0,S11,3,IDR,IDR,HOT,0,1,1,0,0,0,0,4,4,4,4,1,0,0,1,2,19,6.0,0,-3.6009426551453263,0.44054752229874017,0.28990000000000005,9,5,Home
3143,11037,11.0,S11,7,IDR,IDR,PRP,0,0,6,1,2,0,0,1,1,6,2,0,1,1,1,7,19,4.0,3,0.5993715632364494,0.02453876329977297,-0.1351,8,4,Home
3143,11061,11.0,S11,11,IDR,IDR,WRM,1,0,1,2,3,0,0,2,0,1,0,0,0,0,0,4,10,1.0,5,4.487185781618225,-0.4084919497697187,-0.37020000000000003,1,0,Home
3143,11083,11.0,S11,14,IDR,IDR,LOB,1,0,1,3,0,0,0,3,0,4,2,1,0,0,0,5,15,3.3333333333333335,2,-0.06216689830201244,0.06655663241835688,-0.008499999999999966,7,4,Away
3143,12007,12.0,S12,2,KEG,KEG,PQD,0,0,2,2,1,0,0,1,1,3,1,2,1,0,0,4,13,3.0,2,0.9786252498846688,-0.044160818215908317,-0.22829999999999998,6,2,Away
3143,12024,12.0,S12,5,KEG,KEG,SCR,1,0,2,2,4,0,0,0,1,4,1,0,0,0,0,5,15,2.0,4,3.0657661724365433,-0.2446131094291637,-0.2824,5,1,Away
3143,12036,12.0,S12,8,KEG,KEG,DDD,0,0,0,3,6,0,0,3,4,6,3,2,0,1,0,3,27,6.0,1,-2.6749192680301395,0.3831571413900632,0.4495,12,6,Away
3143,12052,12.0,S12,11,KEG,KEG,SEF,1,0,1,2,1,0,0,4,2,9,0,1,0,1,0,4,21,5.333333333333333,3,-1.1135985133131583,0.20223966279256883,0.00149999999999997,9,3,Home
3143,12067,12.0,S12,14,KEG,KEG,SCR,0,0,1,1,4,0,0,1,1,5,0,1,0,0,0,2,14,2.6666666666666665,1,-0.07745963401506983,0.06557857069503158,-0.033,6,3,Home
3144,11005,11.0,S11,1,DOG,DOG,ARA,0,0,1,0,0,0,0,0,2,0,0,1,0,0,0,1,4,1.0,0,-0.6001571091908877,0.07610636227593026,0.0083,2,1,Away
3144,11023,11.0,S11,4,DOG,DOG,LOB,1,1,1,1,0,0,0,0,0,0,3,1,0,0,0,4,8,1.3333333333333333,3,2.238022410404561,-0.1916209383267731,-0.4333,4,3,Away
3144,11026,11.0,S11,5,DOG,DOG,LAX,0,0,0,1,0,0,0,0,0,0,0,0,0,0,0,1,1,0.0,0,0.1470598284757577,-0.010683320008365393,-0.0288,0,0,Home
3144,11057,11.0,S11,10,DOG,DOG,IDR,0,0,0,0,0,0,0,3,1,0,1,1,0,0,0,0,6,2.0,0,-1.2003142183817754,0.1441673988734398,0.1111,2,2,Home
3144,11069,11.0,S11,12,DOG,DOG,LOB,0,0,0,1,0,0,0,0,0,0,1,1,1,0,0,1,3,1.0,0,-0.8130081300813008,0.09336880152576121,0.2534,2,2,Home
3144,11089,11.0,S11,15,DOG,DOG,PRP,0,1,0,4,1,1,0,2,0,0,1,2,1,3,0,5,11,2.0,2,1.5072209801196446,-0.09440481826301916,-0.18670000000000003,3,3,Away
3151,11009,11.0,S11,2,DOG,DOG,WRM,1,0,0,2,3,0,0,1,4,0,1,3,0,1,0,3,15,3.0,2,0.19952867242733685,0.04440973818463233,-0.0798,5,4,Away
3155,11021,11.0,S11,4,OKT,OKT,ARA,1,0,2,1,2,0,0,1,1,7,0,0,0,1,0,4,15,3.0,3,1.199528672427337,-0.055590261815367706,-0.09739999999999997,7,3,Away
3155,11027,11.0,S11,5,OKT,OKT,ROY,1,0,1,2,1,0,0,1,0,1,0,1,0,0,0,4,8,1.0,4,2.8453009503375233,-0.2523487923200694,-0.038900000000000004,2,1,Home
3155,12006,12.0,S12,2,MMN,MMN,CCS,0,0,0,1,0,0,0,2,0,2,0,1,0,1,0,1,6,1.6666666666666667,0,-0.9714981725786667,0.126066120904629,0.0051,3,2,Away
3155,12017,12.0,S12,4,MMN,MMN,SCR,0,0,2,3,3,0,0,0,0,2,1,2,0,0,0,5,13,1.6666666666666667,4,2.8261927006113288,-0.22891756328857432,-0.7012999999999999,5,3,Home
3155,12032,12.0,S12,7,MMN,MMN,SEF,0,0,2,1,1,0,0,5,2,1,0,1,0,0,0,3,13,3.0,2,0.16254036598493032,0.03744767017406557,-0.07739999999999998,2,1,Home
3155,12053,12.0,S12,11,MMN,MMN,WWC,0,0,1,0,0,0,0,1,0,2,0,0,0,0,0,1,4,1.0,0,-0.61248654467169,0.07777225655103316,0.023099999999999996,2,2,Home
3158,11027,11.0,S11,5,ROY,ROY,OKT,2,4,1,0,3,0,0,0,3,5,1,4,0,0,0,7,23,4.333333333333333,4,1.9721874270185347,-0.10469749740001477,-0.04600000000000001,12,6,Away
3158,12049,12.0,S12,10,SEF,SEF,CCS,0,0,0,0,0,0,0,1,2,1,3,1,1,0,0,0,8,3.0,0,-2.1281988957949927,0.2458670937472276,0.5067,5,3,Home
3161,11054,11.0,S11,9,HOT,HOT,PRP,0,2,3,0,2,0,0,2,2,1,1,0,0,0,0,5,13,2.0,4,2.7996857816182246,-0.22767396125208758,-0.3167,3,1,Home
3161,11062,11.0,S11,11,HOT,HOT,LAX,0,0,0,2,1,0,0,2,2,0,0,1,0,0,0,2,8,1.6666666666666667,0,-0.9386186476524262,0.12604316747892563,0.15489999999999998,2,1,Away
3161,11070,11.0,S11,12,HOT,HOT,WRM,0,0,0,1,0,0,0,1,0,1,0,0,0,0,0,1,3,0.6666666666666666,0,-0.1256105175711254,0.024629040274743667,0.0095,1,0,Home
3161,11082,11.0,S11,14,HOT,HOT,ARA,0,0,0,0,0,0,0,1,0,0,0,0,0,0,0,0,1,0.3333333333333333,0,-0.4517543859649123,0.0491981014357016,0.0148,0,0,Away
3161,12004,12.0,S12,1,SAL,SAL,CCS,0,0,0,0,1,0,0,0,0,0,0,2,0,0,1,0,3,1.0,0,-0.61248654467169,0.07777225655103316,0.08359999999999998,3,3,Home
3161,12008,12.0,S12,2,SAL,SAL,SCR,0,0,1,0,0,0,0,1,1,0,0,1,0,0,0,1,4,1.0,0,-0.61248654467169,0.07777225655103316,0.0211,2,1,Away
3161,12019,12.0,S12,4,SAL,SAL,WWC,0,0,0,0,0,0,0,1,1,1,0,0,0,0,0,0,3,1.0,0,-0.61248654467169,0.07364135603006712,0.17859999999999998,2,0,Home
3161,12023,12.0,S12,5,SAL,SAL,MMN,0,0,0,0,0,0,0,0,1,1,0,1,0,0,0,0,3,1.0,0,-0.61248654467169,0.07364135603006712,0.009200000000000002,2,2,Away
3161,12028,12.0,S12,6,SAL,SAL,DDD,0,1,0,0,1,0,0,2,0,0,1,0,0,0,0,1,5,1.0,1,0.38751345532831005,-0.018096842928000782,-0.016599999999999997,1,1,Home
3161,12031,12.0,S12,7,SAL,SAL,CCS,0,0,2,0,0,0,0,0,0,0,0,0,0,0,0,2,2,0.0,1,2.6422250316055624,-0.2559607021186242,-0.5537000000000001,0,0,Away
3161,12038,12.0,S12,8,SAL,SAL,SEF,0,0,0,0,0,0,0,2,0,1,0,0,0,0,0,0,3,1.0,0,-0.61248654467169,0.07364135603006712,0.0231,1,1,Home
3161,12043,12.0,S12,9,SAL,SAL,MMN,0,1,0,1,1,0,0,0,0,0,0,0,0,0,0,2,3,0.0,3,1.8160848838997388,-0.16921578682707575,-0.4571,0,0,Home
3161,12065,12.0,S12,13,SAL,SAL,SEF,0,0,2,1,0,0,0,1,0,1,1,0,0,0,0,3,6,1.0,2,1.38751345532831,-0.11396594240703475,0.021099999999999994,2,1,Away
3163,11010,11.0,S11,2,ROY,ROY,ARA,2,0,0,1,0,0,0,1,8,0,2,1,0,0,0,3,15,4.0,3,0.5993715632364491,0.00040278626451074884,-0.19640000000000007,9,4,Away
3163,11022,11.0,S11,4,ROY,ROY,HOT,0,1,0,1,3,0,0,1,6,2,2,2,0,1,0,2,18,4.333333333333333,2,-0.770016315185208,0.15343222546351795,0.07129999999999999,9,4,Away
3163,11027,11.0,S11,5,ROY,ROY,OKT,0,0,0,0,1,0,0,0,3,1,0,1,0,0,0,0,6,1.6666666666666667,0,-1.5731300821638607,0.18144898525164832,0.0131,3,2,Away
3163,11044,11.0,S11,8,ROY,ROY,IDR,1,0,1,1,4,0,0,2,8,1,3,3,1,1,0,3,24,6.0,2,-1.6009426551453263,0.26066083649479205,0.1341,14,7,Home
3163,11064,11.0,S11,11,ROY,ROY,POS,3,0,1,1,2,0,0,2,8,3,0,1,0,0,0,5,21,4.666666666666667,5,2.1610349344501127,-0.13162757382159335,-0.15469999999999998,9,1,Away
3163,11081,11.0,S11,14,ROY,ROY,PRP,0,0,0,0,1,0,0,1,3,0,0,2,1,0,0,0,7,2.3333333333333335,0,-1.4620097891111246,0.1743596187855851,0.1688,3,2,Home
3163,11092,11.0,S11,16,ROY,ROY,OKT,2,0,0,0,0,0,0,2,1,0,0,0,0,0,0,2,5,1.0,2,1.3998428908091123,-0.11987097488485936,-0.17500000000000002,1,0,Home
3163,12044,12.0,S12,9,SEF,SEF,SCR,0,0,0,1,0,0,0,1,1,0,0,0,0,0,0,1,3,0.6666666666666666,0,-0.1200000000000001,0.024392701562898148,-0.12320000000000002,0,0,Home
3164,11002,11.0,S11,1,OKT,OKT,SHH,1,1,0,2,2,0,0,3,3,0,0,1,0,1,0,4,13,2.3333333333333335,4,2.1725016454003097,-0.16093288479108572,-0.23899999999999993,3,1,Home
3164,11014,11.0,S11,3,OKT,OKT,WRM,0,0,0,1,2,0,0,6,3,1,4,3,0,2,1,1,20,6.0,0,-3.308477853646746,0.42336903066651327,0.0131,9,8,Home
3164,11021,11.0,S11,4,OKT,OKT,ARA,0,0,2,1,0,0,0,1,1,1,0,0,0,1,0,3,6,1.0,1,1.5427169678937158,-0.12611305691489896,-0.4183,1,0,Away
3164,11032,11.0,S11,6,OKT,OKT,IDR,0,0,0,1,0,0,0,3,4,0,2,1,0,1,0,1,11,3.3333333333333335,0,-2.2522257135375754,0.27349452542428204,0.025199999999999993,6,3,Home
3164,11043,11.0,S11,8,OKT,OKT,POS,0,0,1,2,4,0,0,4,4,3,2,1,0,0,2,3,21,5.333333333333333,0,-2.2884426551453263,0.3213655108163713,0.46059999999999995,12,6,Away
3164,11063,11.0,S11,11,OKT,OKT,PRP,0,0,0,0,0,0,0,2,2,1,1,0,0,0,0,0,6,2.0,0,-1.2003142183817754,0.1441673988734398,0.1387,3,2,Home
3164,11092,11.0,S11,16,OKT,OKT,ROY,0,0,0,0,0,0,0,0,3,1,1,1,0,0,0,0,6,2.0,0,-1.2003142183817754,0.1441673988734398,0.1383,5,2,Away
3167,11012,11.0,S11,2,LOB,LOB,PRP,2,0,0,2,1,0,0,0,1,0,0,2,2,0,0,4,8,1.6666666666666667,3,1.961506262022776,-0.16396932348859458,-0.21909999999999996,2,2,Away
3167,11048,11.0,S11,8,LOB,LOB,SHH,0,0,1,0,0,0,0,2,1,2,0,1,0,0,0,1,7,2.0,0,-1.4131652392721885,0.1694751638016915,0.038,4,3,Home
3167,11065,11.0,S11,11,LOB,LOB,ARA,1,0,1,1,2,0,0,3,4,0,0,0,0,0,0,3,12,2.3333333333333335,3,0.5050842279828924,-0.002236468727764729,-0.103,3,1,Home
3167,11095,11.0,S11,16,LOB,LOB,PRP,0,0,0,0,0,0,0,0,1,0,0,2,0,0,0,0,3,1.0,0,-0.6001571091908877,0.0720836994367199,0.17859999999999998,3,2,Home
3167,12050,12.0,S12,10,KEG,KEG,WWC,0,0,1,1,0,0,0,1,0,0,1,0,0,0,0,2,4,0.6666666666666666,1,1.5750000000000002,-0.14097639791613586,-0.007299999999999999,1,1,Away
3168,11010,11.0,S11,2,ARA,ARA,ROY,0,0,0,0,0,0,0,2,0,1,0,0,0,0,0,0,3,1.0,0,-0.6001571091908877,0.0720836994367199,0.0047,1,1,Home
3168,11030,11.0,S11,5,ARA,ARA,HOT,0,2,0,1,1,0,0,5,5,1,1,2,1,0,0,3,18,5.0,1,-2.0007855459544386,0.27248648570123063,0.1318,8,4,Away
3168,11046,11.0,S11,8,ARA,ARA,PRP,0,0,0,0,0,0,0,0,0,1,0,0,0,0,0,0,1,0.3333333333333333,0,-0.4517543859649123,0.0491981014357016,0.1381,1,1,Home
3168,11065,11.0,S11,11,ARA,ARA,LOB,1,0,0,1,0,0,0,0,0,0,0,0,0,0,0,2,2,0.0,2,2.0,-0.19195467432157923,-0.3453,0,0,Away
3168,11094,11.0,S11,16,ARA,ARA,DOG,3,0,0,2,1,0,0,2,5,0,0,1,0,1,0,5,14,2.6666666666666665,4,2.361349152831888,-0.17579497269503314,-0.3559,6,1,Away
3172,12007,12.0,S12,2,PQD,PQD,KEG,0,0,0,3,0,0,0,0,1,0,0,0,0,1,0,3,4,0.3333333333333333,1,2.492822966507177,-0.22862779404588748,-0.3018,1,0,Home
3174,11003,11.0,S11,1,POS,POS,PRP,0,0,0,0,0,0,0,1,0,0,1,0,0,1,0,0,2,0.6666666666666666,0,-0.4781021897810219,0.05987820749573332,0.0358,1,1,Away
3174,11016,11.0,S11,3,POS,POS,ROY,0,0,2,9,5,0,0,10,6,0,3,1,1,0,2,11,36,7.666666666666667,4,-0.2865509911741606,0.18151628700741035,-0.5839999999999997,11,7,Away
3174,11028,11.0,S11,5,POS,POS,LOB,1,0,2,3,0,0,0,4,8,2,4,0,0,0,0,6,24,6.0,3,-0.6009426551453263,0.15663817365558164,-0.1351,13,4,Home
3174,11040,11.0,S11,7,POS,POS,WRM,1,0,0,3,2,0,0,5,4,0,4,3,1,2,1,4,22,6.0,1,-2.6009426551453263,0.360660836494792,0.23879999999999996,12,8,Home
3174,11060,11.0,S11,10,POS,POS,SHH,0,0,0,0,0,0,0,2,0,0,3,1,0,0,0,0,6,2.0,0,-1.2003142183817754,0.1441673988734398,0.005700000000000001,4,1,Away
3174,11075,11.0,S11,13,POS,POS,ARA,1,0,0,6,2,0,0,3,2,3,5,3,2,0,0,7,25,6.0,4,0.3990573448546738,0.06066083649479208,-0.13539999999999996,9,3,Home
3174,11080,11.0,S11,14,POS,POS,LAX,2,0,2,0,0,0,0,1,5,3,1,0,0,0,0,4,14,3.3333333333333335,3,0.9378331016979877,-0.0374660304208535,-0.0125,4,0,Home
3174,11087,11.0,S11,15,POS,POS,HOT,1,0,0,2,0,0,0,1,0,1,0,4,0,1,0,3,9,2.0,2,0.7996857816182245,-0.03974194976971871,-0.042100000000000005,4,4,Home
3180,12003,12.0,S12,1,MMN,MMN,PQD,0,0,0,0,0,0,0,0,4,0,1,1,0,1,0,0,6,2.0,0,-1.5157123511233026,0.18048753875909257,0.22039999999999998,4,3,Home
3180,12026,12.0,S12,6,MMN,MMN,KEG,0,0,1,0,1,0,0,1,0,1,2,0,1,0,1,1,6,2.0,0,-1.0410579732431184,0.13302210097107414,0.4022,4,2,Away
3181,11022,11.0,S11,4,HOT,HOT,ROY,1,0,0,5,2,0,0,4,5,1,1,3,2,2,1,6,22,5.666666666666667,3,-0.2662233204259916,0.1271889030228586,-0.06530000000000002,9,5,Home
3181,11030,11.0,S11,5,HOT,HOT,ARA,0,0,0,0,0,0,0,0,0,0,2,1,0,0,0,0,3,1.0,0,-0.6001571091908877,0.0720836994367199,0.17859999999999998,3,3,Home
3181,11047,11.0,S11,8,HOT,HOT,DOG,2,0,1,1,2,0,0,8,5,2,2,1,0,0,0,4,24,6.0,2,-1.6009426551453263,0.2566381736555816,0.06330000000000008,9,4,Away
3181,11062,11.0,S11,11,HOT,HOT,LAX,1,0,0,1,1,0,0,1,4,0,0,1,1,0,0,2,9,2.3333333333333335,1,-0.14928367789591354,0.05113233334248474,0.026700000000000005,2,1,Away
3181,11087,11.0,S11,15,HOT,HOT,POS,0,0,1,3,3,0,0,2,4,1,0,1,1,1,0,4,15,3.0,2,0.19952867242733707,0.04440973818463234,-0.09589999999999999,4,1,Away
3181,12003,12.0,S12,1,PQD,PQD,MMN,0,0,1,2,0,0,0,0,0,0,0,0,0,0,0,3,3,0.0,2,3.7218085106382977,-0.35978814950093163,-0.6260999999999999,0,0,Away
3181,12027,12.0,S12,6,PQD,PQD,SDV,0,0,0,4,3,0,0,3,3,1,6,0,1,0,1,4,20,5.0,0,-2.771693461578527,0.3639182570981396,0.3659,11,7,Home
3181,12047,12.0,S12,10,PQD,PQD,SAL,2,0,1,1,0,0,0,2,2,0,2,0,1,0,0,4,10,2.3333333333333335,3,0.8705695630652222,-0.045747951096861805,-0.13720000000000002,3,1,Home
3182,11068,11.0,S11,12,ARA,ARA,IDR,0,0,0,0,0,0,0,3,0,1,1,1,0,0,0,0,6,2.0,0,-1.2003142183817754,0.1441673988734398,0.0307,3,2,Home
3189,11042,11.0,S11,7,SHH,SHH,DOG,0,0,0,0,2,0,0,0,0,1,0,0,0,0,1,0,3,0.6666666666666666,1,-0.12561051757112537,0.02865170311395404,0.025000000000000005,2,1,Home
3189,11048,11.0,S11,8,SHH,SHH,LOB,2,1,0,1,4,0,0,2,10,2,0,3,1,0,0,4,25,6.0,3,-0.6009426551453263,0.16066083649479204,-0.005599999999999972,11,5,Away
3189,11053,11.0,S11,9,SHH,SHH,ARA,0,0,0,0,0,0,0,1,2,0,1,0,0,0,0,0,4,1.3333333333333333,0,-0.7619775895954389,0.09228841031638539,0.2719,2,1,Away
3189,11066,11.0,S11,11,SHH,SHH,DOG,0,0,0,0,0,0,0,1,2,0,0,0,0,0,0,0,3,1.0,0,-0.6001571091908877,0.0720836994367199,0.004,2,0,Away
3189,11078,11.0,S11,13,SHH,SHH,PRP,1,2,1,0,1,0,0,3,12,1,1,0,0,0,0,4,22,5.666666666666667,2,-1.439122174740775,0.23241079993670577,0.08310000000000001,6,2,Away
3189,11084,11.0,S11,14,SHH,SHH,WRM,0,0,1,0,1,0,0,0,3,0,0,0,0,0,1,1,5,1.3333333333333333,0,-0.7619775895954388,0.10033373599480613,0.1894,2,1,Home
3191,11066,11.0,S11,11,DOG,DOG,SHH,1,0,1,1,0,0,0,1,1,0,2,2,0,1,0,3,9,2.0,2,1.5868347607278117,-0.1184568476806774,-0.031400000000000004,4,2,Home
3204,12062,12.0,S12,13,PQD,PQD,WWC,0,0,3,1,0,0,0,4,7,3,0,1,0,0,0,4,19,5.0,2,-1.6041228078531484,0.23889939068366967,0.18009999999999998,11,2,Home
3206,12003,12.0,S12,1,PQD,PQD,MMN,0,1,0,0,2,0,0,2,3,4,1,1,0,1,0,1,14,3.6666666666666665,2,-1.7249461786867597,0.23445812568316662,0.21229999999999996,6,3,Away
3206,12040,12.0,S12,8,PQD,PQD,SCR,0,1,0,2,2,0,0,1,2,2,1,1,0,0,0,3,12,2.3333333333333335,0,0.58754036598493,-0.009183230346900453,-0.022399999999999996,3,3,Away
3208,12007,12.0,S12,2,KEG,KEG,PQD,0,0,0,1,0,0,0,0,0,0,0,1,0,0,0,1,3,1.0,0,-0.6124865446716898,0.07364135603006712,0.048400000000000006,2,2,Away
3208,12024,12.0,S12,5,KEG,KEG,SCR,1,0,0,3,0,0,0,2,1,0,0,2,1,0,0,4,9,2.0,1,-0.5157123511233027,0.08874933980102463,0.017899999999999996,2,2,Away
3208,12050,12.0,S12,10,KEG,KEG,WWC,0,0,1,2,2,0,0,1,0,0,0,0,0,0,0,3,6,0.3333333333333333,5,3.81251345532831,-0.35646594240703466,-0.0576,0,0,Away
3213,12015,12.0,S12,3,MMN,MMN,SEF,0,2,2,2,1,0,0,4,4,1,1,3,0,0,0,6,20,4.333333333333333,4,1.4988880313585313,-0.06727079271653226,-0.4144000000000001,6,4,Away
3213,12037,12.0,S12,8,MMN,MMN,CCS,0,0,0,5,4,0,0,6,2,2,1,5,2,1,0,5,25,6.0,0,-3.6749192680301395,0.4748953403481311,0.2985,9,6,Home
3213,12043,12.0,S12,9,MMN,MMN,SAL,0,0,0,0,0,0,0,1,0,0,0,0,0,0,1,0,1,0.6666666666666666,0,-0.5613207547169812,0.06439387651363021,0.21800000000000003,1,1,Away
3222,12012,12.0,S12,3,PQD,PQD,DDD,1,0,0,0,1,0,0,3,1,1,0,3,0,1,1,1,10,3.0,1,-1.1864772031883852,0.16821852657043102,0.2021,6,3,Away
3222,12068,12.0,S12,14,PQD,PQD,MMN,0,0,1,1,0,0,0,1,0,0,1,1,0,0,0,2,5,1.0,1,0.3875134553283101,-0.018096842928000775,-0.0593,2,2,Home
3226,12023,12.0,S12,5,MMN,MMN,SAL,1,1,0,1,0,0,0,3,3,0,2,2,0,0,0,3,13,3.3333333333333335,1,-1.2842681446533677,0.18212852123789533,0.017000000000000005,6,4,Home
3227,12030,12.0,S12,6,SEF,SEF,WWC,0,0,2,2,0,0,0,1,1,2,0,3,0,0,0,4,12,3.0,1,-0.8374596340150698,0.1333167696530995,-0.07039999999999999,5,4,Home
3234,12046,12.0,S12,10,DDD,DDD,MMN,0,0,0,0,0,0,0,1,0,1,1,0,0,0,0,0,3,1.0,0,-0.61248654467169,0.07364135603006712,0.0,2,1,Home
3235,12004,12.0,S12,1,SAL,SAL,CCS,0,0,0,1,1,0,0,1,1,1,0,3,0,0,0,1,8,2.0,0,-1.22497308934338,0.15554451310206632,0.1172,4,3,Home
3235,12008,12.0,S12,2,SAL,SAL,SCR,0,0,0,0,1,0,0,1,1,0,1,0,0,0,0,0,4,1.0,0,-0.61248654467169,0.07777225655103318,0.06090000000000001,1,1,Away
3235,12014,12.0,S12,3,SAL,SAL,SDV,1,0,0,0,0,0,0,0,0,1,0,2,0,0,0,1,4,1.0,1,0.38751345532831005,-0.02222774344896684,-0.0569,3,2,Away
3235,12023,12.0,S12,5,SAL,SAL,MMN,0,1,2,0,1,0,0,0,0,3,2,2,0,0,0,3,11,2.3333333333333335,1,-0.4784480061080931,0.09328470634143578,0.0646,7,3,Away
3235,12047,12.0,S12,10,SAL,SAL,PQD,0,0,0,1,0,0,0,2,1,0,3,1,0,0,0,1,8,2.3333333333333335,0,-1.4784480061080931,0.18089200477853767,0.16959999999999997,5,4,Away
3235,12054,12.0,S12,11,SAL,SAL,SCR,1,1,1,0,1,0,0,4,2,3,0,3,0,0,0,3,16,4.0,2,-0.44994617868675973,0.11108902620413269,0.11459999999999998,7,3,Home
3235,12065,12.0,S12,13,SAL,SAL,SEF,1,0,0,0,0,0,0,0,3,2,0,1,0,0,0,1,7,2.0,1,-0.2249730893433799,0.05141361258110028,0.014500000000000016,5,2,Away
3237,12008,12.0,S12,2,SCR,SCR,SAL,2,1,1,1,1,0,0,4,2,3,1,1,0,2,0,5,17,3.6666666666666665,5,2.7397089937270334,-0.19548378947434852,-0.31639999999999996,5,1,Home
3237,12024,12.0,S12,5,SCR,SCR,KEG,0,0,2,2,1,0,0,2,6,0,6,3,1,2,0,4,22,6.0,0,-3.6749192680301395,0.466633539306199,0.23700000000000004,11,7,Home
3237,12054,12.0,S12,11,SCR,SCR,SAL,0,2,1,2,0,0,0,0,1,3,2,1,1,0,0,5,12,2.6666666666666665,3,1.527294464345586,-0.1031586401829661,-0.1794,5,2,Away
3237,12067,12.0,S12,14,SCR,SCR,KEG,1,3,2,3,0,0,0,4,2,2,2,6,0,0,1,9,25,5.666666666666667,6,2.5147359043836532,-0.1440701768932482,-0.6368,11,8,Away
3242,12032,12.0,S12,7,MMN,MMN,SEF,0,0,2,2,0,0,0,2,2,4,0,1,0,0,0,4,13,3.0,2,0.1625403659849302,0.037447670174065556,-0.025600000000000005,6,1,Home
3242,12046,12.0,S12,10,MMN,MMN,DDD,0,0,0,4,1,0,0,0,3,1,1,2,2,0,0,4,12,3.0,0,-1.8374596340150697,0.2333167696530995,0.19419999999999998,3,3,Away
3242,12068,12.0,S12,14,MMN,MMN,PQD,0,0,1,4,1,0,0,2,4,4,2,2,1,0,0,5,20,5.0,2,-0.5415859346968064,0.1367766038890015,0.014499999999999957,8,6,Away
3246,12016,12.0,S12,4,KEG,KEG,DDD,1,0,1,1,0,0,0,1,2,0,1,0,0,1,0,3,7,1.3333333333333333,2,1.4830561077369122,-0.11525840660596287,-0.307,1,0,Home
3249,12043,12.0,S12,9,SAL,SAL,MMN,1,0,0,0,1,0,0,1,1,1,0,0,0,0,0,1,5,1.0,1,1.5714285714285712,-0.13648835453802693,-0.31590000000000007,2,0,Home
3249,12058,12.0,S12,12,SAL,SAL,KEG,1,0,1,2,0,0,0,4,3,1,0,1,0,1,0,4,13,3.0,2,0.6208502814902317,-0.00425242085549855,-0.11880000000000002,4,2,Home
3254,12014,12.0,S12,3,SAL,SAL,SDV,0,0,0,0,0,0,0,0,2,1,0,0,0,0,0,0,3,1.0,0,-0.61248654467169,0.07364135603006712,0.0927,2,0,Away
3254,12023,12.0,S12,5,SAL,SAL,MMN,0,0,0,0,0,0,0,0,2,0,0,1,0,0,0,0,3,1.0,0,-0.61248654467169,0.07364135603006712,0.0415,1,1,Away
3254,12028,12.0,S12,6,SAL,SAL,DDD,0,0,2,4,1,0,0,1,0,0,2,1,2,0,0,6,11,2.0,4,2.7750269106566203,-0.2320627853350355,-0.2949,3,2,Home
3254,12054,12.0,S12,11,SAL,SAL,SCR,0,0,1,0,1,0,0,1,2,0,3,0,0,0,0,1,8,2.0,0,-1.22497308934338,0.15554451310206632,0.0996,3,0,Home
3255,12010,12.0,S12,2,WWC,WWC,SDV,0,0,3,2,1,0,0,6,5,2,4,1,0,0,0,5,24,6.0,2,-1.6749192680301397,0.26663353930619904,0.24080000000000001,9,6,Home
3255,12025,12.0,S12,5,WWC,WWC,PQD,2,2,1,5,3,0,0,4,3,5,2,2,2,0,0,10,29,6.0,4,0.32508073196986054,0.08728804191102915,-0.29109999999999997,12,4,Home
3255,12035,12.0,S12,7,WWC,WWC,SCR,0,0,0,1,0,0,0,2,2,1,1,1,0,0,0,1,8,2.3333333333333335,0,-1.414628261757173,0.17451003034344564,0.13040000000000002,5,2,Home
3255,12039,12.0,S12,8,WWC,WWC,SDV,0,2,0,2,6,0,0,2,8,1,1,2,0,0,1,4,24,5.0,4,0.9375672766415502,0.009515785359996077,-0.1938,10,5,Away
3255,12050,12.0,S12,10,WWC,WWC,KEG,0,0,1,3,2,0,0,8,1,4,3,1,1,0,0,4,23,6.0,1,-2.6749192680301395,0.362502638785233,0.265,8,5,Home
3255,12062,12.0,S12,13,WWC,WWC,PQD,1,1,2,4,4,0,0,5,3,1,1,3,0,1,0,8,25,4.333333333333333,8,4.362567276641551,-0.32885331411903795,-0.31210000000000004,8,4,Away
3256,12005,12.0,S12,1,SCR,SCR,SEF,0,0,3,1,3,0,0,8,6,1,2,1,0,1,0,4,25,6.0,3,-0.674919268030139,0.17489534034813103,-0.004500000000000039,11,4,Home
3256,12017,12.0,S12,4,SCR,SCR,MMN,0,0,0,0,0,0,0,1,1,0,0,0,0,0,0,0,2,0.6666666666666666,0,-0.42283137225789685,0.05054493826772177,0.0494,0,0,Away
3256,12035,12.0,S12,7,SCR,SCR,WWC,2,0,0,2,0,0,0,5,4,4,2,3,0,2,0,4,22,6.0,2,-1.6749192680301397,0.266633539306199,0.40370000000000006,15,9,Away
3256,12048,12.0,S12,10,SCR,SCR,SDV,1,1,2,5,4,0,0,8,3,3,2,2,0,0,0,9,31,6.0,5,1.3250807319698605,-0.004450157047038689,-0.09209999999999997,12,5,Home
3256,12064,12.0,S12,13,SCR,SCR,MMN,1,0,2,1,2,0,1,2,2,1,0,0,0,1,0,4,11,1.6666666666666667,4,3.50002691065662,-0.30043188481406946,-0.3395999999999999,3,0,Home
3256,12071,12.0,S12,15,SCR,SCR,SEF,3,0,2,2,5,0,0,3,7,1,4,1,1,2,1,7,28,6.0,7,3.32508073196986,-0.20445015704703867,-0.2824,12,6,Home
3261,12002,12.0,S12,1,KEG,KEG,SDV,0,0,0,0,2,0,0,3,1,0,0,0,0,0,0,0,6,1.3333333333333333,2,-0.3249730893433799,0.057282712060134244,0.0673,1,0,Home
3261,12042,12.0,S12,9,KEG,KEG,PQD,0,0,0,1,0,0,0,3,0,0,1,1,0,1,0,1,6,1.6666666666666667,0,-0.9714981725786667,0.126066120904629,0.0882,2,2,Home
3263,12004,12.0,S12,1,SAL,SAL,CCS,0,0,0,1,1,0,0,3,1,1,1,0,0,0,0,1,8,2.0,0,-1.22497308934338,0.15554451310206635,0.1076,2,0,Home
3263,12019,12.0,S12,4,SAL,SAL,WWC,0,0,0,0,0,0,0,1,0,1,0,1,0,0,0,0,3,1.0,0,-0.61248654467169,0.07364135603006712,0.1011,3,1,Home
3263,12031,12.0,S12,7,SAL,SAL,CCS,0,2,0,2,1,0,0,3,3,4,3,2,0,0,0,4,20,5.0,2,-2.246347839458711,0.307252794365192,0.26699999999999996,12,6,Away
3263,12047,12.0,S12,10,SAL,SAL,PQD,1,0,1,0,0,0,0,0,2,0,1,0,0,0,0,2,5,1.0,2,1.38751345532831,-0.11809684292800078,-0.09709999999999999,2,1,Away
3263,12070,12.0,S12,14,SAL,SAL,WWC,0,0,0,0,0,0,0,2,0,0,0,1,0,0,0,0,3,1.0,0,-0.61248654467169,0.07364135603006712,0.029,1,1,Away
3273,12006,12.0,S12,2,MMN,MMN,CCS,2,0,1,4,1,0,0,1,2,2,4,0,1,1,0,7,17,3.3333333333333335,6,3.9090654492202175,-0.3165503355446329,-0.20750000000000005,6,4,Away
3302,12003,12.0,S12,1,MMN,MMN,PQD,2,0,0,2,0,0,0,3,4,4,0,1,0,1,0,4,16,4.0,2,-0.15920691690683697,0.08614600054710642,-0.09240000000000004,9,1,Home
3302,12017,12.0,S12,4,MMN,MMN,SCR,0,0,3,4,0,0,0,3,3,5,0,0,0,0,0,7,19,4.333333333333333,2,-0.5011119686414688,0.1285983067625017,0.038899999999999955,7,3,Home
3302,12026,12.0,S12,6,MMN,MMN,KEG,1,0,1,1,3,0,0,2,5,1,3,0,1,0,0,3,17,4.0,2,-0.6338612947870211,0.13361143833512482,0.005899999999999961,8,3,Away
3302,12043,12.0,S12,9,MMN,MMN,SAL,1,0,1,1,1,0,0,1,4,1,0,0,0,0,0,3,10,2.0,2,0.9773360374666248,-0.05642459853700202,-0.1132,3,1,Away
3302,12053,12.0,S12,11,MMN,MMN,WWC,0,3,2,2,0,0,0,2,6,3,1,3,0,0,0,7,22,5.0,3,-0.06243272335844968,0.09712308379709789,-0.1847,12,5,Home
3302,12064,12.0,S12,13,MMN,MMN,SCR,1,1,1,1,0,0,0,3,0,1,0,1,0,0,0,4,9,1.6666666666666667,4,3.0285018274213336,-0.26567207805343895,-0.005599999999999999,2,1,Away
3302,12068,12.0,S12,14,MMN,MMN,PQD,0,0,0,1,1,0,0,0,1,0,0,0,0,0,0,1,3,0.3333333333333333,0,1.2916666666666665,-0.11677396510376854,-0.2757,1,0,Away
3304,12043,12.0,S12,9,SAL,SAL,MMN,0,1,1,1,2,0,0,5,3,1,1,5,0,0,0,3,20,5.0,1,-2.06243272335845,0.2888612827551658,0.3322,9,6,Home
3304,12070,12.0,S12,14,SAL,SAL,WWC,2,0,0,0,0,0,0,1,0,1,1,0,0,0,0,2,5,1.0,2,1.38751345532831,-0.1180968429280008,-0.048999999999999995,2,0,Away
3312,12042,12.0,S12,9,PQD,PQD,KEG,0,0,0,3,2,0,0,7,6,2,0,0,0,1,0,3,20,5.0,1,-2.06243272335845,0.29299218327613186,0.24440000000000003,7,1,Away
3313,12059,12.0,S12,12,PQD,PQD,SEF,1,1,0,1,0,0,0,2,1,0,2,2,0,0,0,3,10,2.3333333333333335,2,0.7238611207019113,-0.031077106860530723,-0.055899999999999984,5,4,Away
3328,3001,3.0,S3,1,BER,BER,BAY,0,0,0,0,1,0,1,0,0,0,0,0,0,0,0,0,1,0.0,0,0.2757532281205166,-0.022378639620523996,0.0,0,0,Away
